Time (hours),I_1 (nM),S_1_free (nM),S_1_total (nM),I_2 (nM),S_2_free (nM),S_2_total (nM),I_3 (nM),S_3_free (nM),S_3_total (nM),I_4 (nM),S_4_free (nM),S_4_total (nM),I_5 (nM),S_5_free (nM),S_5_total (nM)
0.0,100.0,,,99.99602453646193,0.01349060949334624,0.33526311187432156,99.99605404717832,0.013390461834084518,0.33277614543464884,99.99604715107306,0.013413864468665514,0.3333573055676013,99.99610429543607,0.013219939363300702,0.3285414966489782
0.016666666666666666,100.0,,,99.98579723269839,0.03494814751240604,1.182918171947371,99.98585953234051,0.0348350750841591,1.1777791716512553,99.98585882937175,0.03481447077865015,1.177815887135956,99.98604064182443,0.03438787863663836,1.1627240171378508
0.03333333333333333,100.0,,,99.9690018380417,0.0578624963317641,2.5583040451485495,99.96907440487689,0.05782386383744245,2.5524314688809198,99.96910711689702,0.05771046362677262,2.549692780678105,99.96946982659225,0.05708530919770674,2.519926656550694
0.05,100.0,,,99.94613598761956,0.07949416136844255,4.413210679944239,99.94618833344967,0.07955841692231151,4.409081160890466,99.94628398968659,0.0793426714915917,4.401226333606962,99.94687400934261,0.07854868046894685,4.353269418774671
0.06666666666666667,100.0,,,99.91784735537357,0.0993061830269698,6.688755478599651,99.9178525107998,0.09946329897861163,6.688485561050613,99.91803719038616,0.09915503734141627,6.6735179233597055,99.91889674858471,0.09820337788228013,6.604275762394371
0.08333333333333333,100.0,,,99.884703172986,0.11753393179392775,9.332964855643722,99.88464234369602,0.11775786039725585,9.337961646316227,99.88493756639689,0.11737087704346513,9.314303908349507,99.88610852704699,0.11625997158491785,9.220812722502773
0.1,100.0,,,99.84714334715386,0.13457652957872562,12.304074919641865,99.84700727158334,0.13483609525951476,12.314951572925336,99.84743074477048,0.13438192129334306,12.281378111945413,99.84895647305244,0.1331038379851899,12.160674545705984
0.11666666666666667,100.0,,,99.805490861094,0.15080550128947304,15.569499576452747,99.80528006487278,0.15106804697521423,15.586079300764666,99.80584682085468,0.15055457916385703,15.541622179999017,99.80777292971774,0.14909871218544613,15.390702660586037
0.13333333333333333,100.0,,,99.75997403932915,0.1665240004662436,19.103943864744373,99.75969891618482,0.16675594638345284,19.125280473921777,99.76042231673873,0.16618782633387694,19.069149166425323,99.76279690108508,0.1645425840432173,18.88496983683021
0.15,100.0,,,99.71074733092112,0.1819705461411399,22.88766623399648,99.71042836852374,0.18213687670374204,22.91205772658971,99.71132086186678,0.18151626729735498,22.84358047339983,99.71419453955363,0.17966970826862236,22.623072555599496
0.16666666666666666,100.0,,,99.65790783901106,0.19733223132422492,26.905091123853367,99.65757607118314,0.19739569403724389,26.930081263559423,99.65864972347647,0.19672299608094176,26.84866558869684,99.66207562797207,0.19466298479419053,26.58875499974662
0.18333333333333332,100.0,,,99.60150783197173,0.2127573795112341,31.143747470353315,99.60120551975224,0.21267765798595895,31.166116465093964,99.60247237407786,0.2119520611311712,31.071224202262556,99.60650615570172,0.20966623266906373,30.768851165576116
0.2,100.0,,,99.54156409806332,0.2283655151018744,35.59346301556496,99.54134562166634,0.22809844472308768,35.60920999630388,99.5428179337769,0.22731832174702468,35.50034262860723,99.54751778586368,0.22479398974559556,35.15248015498038
0.21666666666666667,100.0,,,99.4780649654368,0.24425473433684258,40.245748655186546,99.4779979079854,0.2437515649215079,40.250068779792784,99.47968829642745,0.24291474602619026,40.126759909820535,99.48511500552665,0.24013881137204396,39.730431299884856
0.23333333333333334,100.0,,,99.41097563018798,0.26050703616995785,45.09332167441779,99.41114203803443,0.2597137287235791,45.080580417783956,99.41306357499177,0.25881769171689256,44.9423931252213,99.41928058794815,0.25577657336984877,44.49468905804927
0.25,100.0,,,99.34024226369583,0.2771921565461492,50.12973053369992,99.34074007242879,0.2760486997096167,50.09343743031092,99.34290633289281,0.2750907041149684,49.939964989908184,99.34997983227045,0.2717702972414588,49.43806079475371
0.26666666666666666,100.0,,,99.26579523730143,0.2943703296226778,55.34905459370969,99.2667398558661,0.292810064360087,55.28183846747202,99.26916493649621,0.2917872495769668,55.11270740207057,99.2771639164251,0.2881729094961788,54.55388099114235
0.2833333333333333,100.0,,,99.18755170585754,0.31209428297536823,60.745659974897166,99.18907775339243,0.31004322769076803,60.63924752980826,99.19177626814708,0.3089526890732498,60.454122309416384,99.20077260394159,0.3050292372549187,59.8357730846443
0.3,100.0,,,99.10541772344034,0.33041068357601266,66.31399829655271,99.10768091460963,0.3277868550609009,66.15919783206479,99.11066797135234,0.32662570728768314,65.95778674835262,99.12073647759166,0.32237745533445655,65.27745563010167
0.31666666666666665,100.0,,,99.01929001659035,0.3493611864645272,72.04843896385259,99.02246919156663,0.3460739146823923,71.8351308980951,99.0257603519387,0.3448393487063764,71.6171927814796,99.03697882487664,0.3402501367288662,70.8725833596864
0.3333333333333333,100.0,,,98.92905750671954,0.36898319272504937,77.94312845129922,98.93335680171471,0.36493242952510885,77.66026426373973,98.93696802530309,0.3636217673204861,77.42561579427962,98.94941726642517,0.358675013824006,76.61461647736665
0.35,100.0,,,98.83460264943088,0.38931039199004425,83.99187201115247,98.84025380291185,0.38438601555367413,83.62748313767217,98.84420137590794,0.38299676550616535,83.37600654978833,98.8579651941816,0.3776755266166864,82.49671348349926
0.36666666666666664,100.0,,,98.73580264143158,0.41037314294339927,90.1880346535048,98.74306742997734,0.40445426123349937,89.72925276863111,98.74736787797536,0.40298417611338966,89.4609037757483,98.76253306887695,0.3972712125855144,88.51164422054272
0.38333333333333336,100.0,,,98.6325305334158,0.4321987301373239,96.52445926319822,98.64170332962993,0.4251529879426599,95.95754925673559,98.6463733138576,0.4236001268006928,95.67236503377502,98.66302961364619,0.4174779777491349,94.65172082322606
0.4,100.0,,,98.52465627832862,0.45481152480258025,102.99340044894211,98.53606672135362,0.44649442021767866,102.30380724035228,98.54112291739985,0.4448572151427036,102.0019143053381,98.55936293137961,0.4383082778260218,100.90874495712947
0.4166666666666667,100.0,,,98.4120477378222,0.4782330698152762,109.58647323801453,98.42606350483051,0.46848728722061145,108.75888336673647,98.43152246279698,0.46676461562272276,108.4405052015737,98.45144156649542,0.45977123089887684,107.27397021580195
0.43333333333333335,100.0,,,98.29457166479206,0.5024821036425132,116.2946160885029,98.3116013293693,0.4911368714803705,115.31303476921205,98.31747931429896,0.4893281343660783,114.97849901672676,98.33917552661707,0.4818726776495642,113.73807887243179
0.45,100.0,,,98.17209467615376,0.5275745342875129,123.10806792697271,98.19259063675315,0.5144450171826165,121.95591196489394,98.19890344816577,0.5125502237364826,121.60565703649847,98.22247727564562,0.5046152014301095,120.29117238622733
0.4666666666666667,100.0,,,98.04448422713908,0.5535233715620136,130.01635905881705,98.0689456857854,0.5384101076163279,128.67656568310883,98.07570845516948,0.5364299662746466,128.3111466104294,98.1012627065947,0.5279981177353364,126.9227751740112
0.48333333333333334,100.0,,,97.91160959610234,0.5803386241373825,137.0083158601991,97.94058556427447,0.5630270195269799,135.46346715678936,97.94781252944212,0.5609630356079003,135.08356052236607,97.97545210005137,0.5520174407420755,133.62185119489203
0.5,100.0,,,97.77334288693822,0.6080271665663185,144.07207915848025,97.8074351920863,0.5882870608642269,142.30454137348016,97.81513944739481,0.5861416406945422,141.9109491610297,97.84497107206101,0.576665833268282,140.37683287625205
0.5166666666666667,100.0,,,97.62956005458018,0.6365925806871264,151.19513615318812,97.66942631707015,0.6141778975955663,149.18721270230495,97.67761953864972,0.6119544589395126,148.7808649166048,97.70975151347146,0.6019325456334078,147.17566184545475
0.5333333333333333,100.0,,,97.48014195755393,0.6660349754269337,158.36436563075807,97.5264985040307,0.6406834747775052,156.09846219932234,97.53519064933712,0.6383865632221203,155.68041811991128,97.56973252121468,0.6278033483606148,154.00584083427614
0.55,100.0,,,97.32497544011721,0.6963507889415719,165.5660960910972,97.37860011540238,0.6677839368498226,163.02489575581788,97.3877990966395,0.6654193476312245,162.59634370759292,97.42486132057765,0.6542604633706225,160.85449600132932
0.5666666666666667,100.0,,,97.16395444504731,0.7275325772177003,172.78617623945883,97.22568928083138,0.6954555520807035,169.95282210103142,97.2354006120631,0.6930304566443343,169.5150776484487,97.27509417616793,0.681282498212099,167.70844877999525
0.5833333333333334,100.0,,,96.99698115658674,0.7595687936770928,180.01005710991186,97.06773485144927,0.7236706461857932,176.86833951081016,97.0779612695497,0.7211937225613515,176.42284201055602,97.12039728797593,0.7088443879016612,174.5542962132874
0.6,100.0,,,96.82396717137766,0.7924435649270196,187.22288488361042,96.90471733321455,0.7523975503221276,183.75742991449363,96.9154583931895,0.749879116162219,183.30573739377826,96.96074766765831,0.7369173490609747,181.37849858991268
0.6166666666666667,100.0,,,96.64483469337647,0.826136468557094,194.40960325308123,96.73662979229911,0.7816005688704813,190.60605894139476,96.74788143795153,0.779052715754843,190.14984130481653,96.79613398890288,0.765468851195056,188.16747305443815
0.6333333333333333,100.0,,,96.45951774672587,0.8606223197492079,201.55506397010606,96.56347872411656,0.811239972619291,197.40028031257907,96.57523283552425,0.8086766999695293,196.9413109190112,96.62655740449671,0.7944626101120517,194.90769173545937
0.65,100.0,,,96.2679633983711,0.8958709743924462,208.6441440070473,96.38528487625202,0.8412720231007501,204.12634286985207,96.39752879607151,0.8387093697922187,203.66648856101068,96.45203232151756,0.8238586085972713,201.58578282512082
0.6666666666666666,100.0,,,96.07013297986062,0.9318471573186585,215.6618675674888,96.20208401429528,0.8716490338562357,210.77079844795495,96.21480005549637,0.869105205364276,210.3120081510574,96.27258712493786,0.8536131494800736,208.18863295688377
0.6833333333333333,100.0,,,95.86600329530864,0.9685103251233393,222.5935310098363,96.01392761845044,0.9023194742745521,217.3206087432432,96.02709255670916,0.8998149629643133,216.86490081015796,96.08826483890736,0.8836789461285233,214.70348917107466
0.7,100.0,,,95.65556779998296,1.0058145737270987,229.42482860504995,95.82088349785285,0.9332281213065842,223.76324931699583,95.83446805247402,0.930785817283886,223.31269780011667,95.89912371411603,0.9140052551331271,221.11805873371264
0.7166666666666667,100.0,,,95.43883773150333,1.0437086012720322,236.1419769447463,95.62303630883785,0.964316263773281,230.08680889731824,95.63700461672259,0.9619615535736415,229.6435289966279,95.7052377289879,0.9445380554610922,227.42060508672003
0.7333333333333333,100.0,,,95.21584317330797,1.0821357370359341,242.73183575580018,95.4204879630445,0.9955219631187296,236.28008221247342,95.4347970508413,0.9932828134395187,235.8462151574589,95.50669699208157,0.9752202776478359,233.60003825909288
0.75,100.0,,,94.98663402800291,1.1210340466881539,249.1820228687527,95.21335791127484,1.0267803732987615,242.33265470109978,95.22795717143069,1.0246873969906098,241.91035235399693,95.30360803303559,1.0059920856245932,239.6459981599636
0.7666666666666667,100.0,,,94.75128087660092,1.160336523316208,255.4810211350515,95.0017832895306,1.0580241210371084,248.2349776003121,95.016613966463,1.0561106226790271,247.82638708239756,95.09609396975421,1.0367912125559955,245.5489293053655
0.7833333333333333,100.0,,,94.50987569865005,1.1999713721526253,261.6182751960559,94.78591891466903,1.0891837459461013,253.97843210866927,94.80091360768239,1.0874857445448962,253.58568075800864,94.88429454033361,1.0675533505927481,251.30014569913374
0.8,100.0,,,94.26253242800156,1.2398623947897327,267.5842761764727,94.56593711869743,1.120188198041263,259.5553815532805,94.58101930854,1.1187444247247749,259.1805625198198,94.6683659895132,1.098212592764239,256.8918847914586
0.8166666666666667,100.0,,,94.00938731962529,1.279929475889137,273.37063260568107,94.34202741287052,1.1509653880466149,264.9592107531496,94.35711101894469,1.149817257062329,264.60436952498566,94.44848080122108,1.128701923397717,262.3173496714041
0.8333333333333334,100.0,,,93.75059910456342,1.3200891720264285,278.9701261587945,94.11439597545623,1.1814427836819719,270.1843520569492,94.1293849506346,1.1806343355596753,269.85147419012037,94.2248272710577,1.15895375152736,267.57073890608217
0.85,100.0,,,93.48634891289753,1.3602553984708965,284.3767511489192,93.88326496023963,1.2115480429545327,275.2262978342132,93.89805292998564,1.2111258593294205,274.91729812794273,93.99760891529495,1.18890047983849,272.6472637117862
0.8666666666666667,100.0,,,93.21683994850595,1.4003402055520924,289.5857370836022,93.64887162646315,1.2412096734685,280.0815995049023,93.66334157850122,1.2412227637667206,279.79831282584377,93.76704371609384,1.2184750998823604,277.54315242291614
0.8833333333333333,100.0,,,92.94229690435827,1.4402546320289773,294.5935540098505,93.41146729483502,1.270357705045498,284.74785349333126,93.42549132496289,1.2708573659792828,284.4920274073649,93.53336320607293,1.2476118027036494,282.25564250403744
0.9,100.0,,,92.66296511300393,1.4799096188115386,299.3979007989184,93.1713161383352,1.2989243616367685,289.22367477834115,93.18475525713224,1.2999640112066715,288.9969640985463,93.29681139897123,1.2762465927531443,286.78296061970343
0.9166666666666666,100.0,,,92.37910943355918,1.519216962767438,303.99767694817274,92.92869382064173,1.3268447177107192,293.5086589725625,92.94139782482335,1.3284797061319382,293.31262227911645,93.05764357680641,1.304317892106521,291.12429152676805
0.9333333333333333,100.0,,,92.09101288361303,1.5580902874514242,308.39293888573326,92.68388599891115,1.354057324093901,297.60333409082074,92.69569340994313,1.356344724715113,297.43943222485194,92.81612494747945,1.3317671216520528,295.2797367764917
0.95,100.0,,,91.79897503172981,1.5964460056667775,312.58484213742383,92.43718671119875,1.3805047886727604,301.50910335375943,92.4479247825549,1.3835031725056697,301.37869983479015,92.57252919006346,1.358539246093087,299.25026440160354
0.9666666666666667,100.0,,,91.50331017326835,1.6342042479912484,316.5755710392568,92.18889667182823,1.4061342984284635,305.2281805120744,92.19838146499605,1.4099034963253907,305.13254377968343,92.32713690788984,1.3845832703483347,303.03765091092504
0.9833333333333333,100.0,,,91.20434531870202,1.6712897318826783,320.3682579389482,91.93932150037357,1.4308980709368944,308.76351926598244,91.94735802843272,1.435498927721446,308.703826602566,92.08023401187305,1.4098526762031374,306.64441701731283
1.0,100.0,,,90.9024180291656,1.7076325477334227,323.9668940168518,91.68876991148777,1.4547537256374714,312.11873839265115,91.69515234785473,1.4602478505983214,312.096081347211,91.83211005819186,1.4343057898098024,310.0737585816887
1.0166666666666666,100.0,,,90.59787413828353,1.7431688411836417,327.3762339641962,91.43755189353703,1.4776645677419862,315.298044182604,91.44206384232906,1.484114085840451,315.3134352864897,91.58305656539288,1.4579060727655726,313.3294742670163
1.0333333333333334,100.0,,,90.2910654022289,1.7778413749514177,330.60169678300787,91.18597690384884,1.4995997804760703,318.3061517280809,91.1883917273134,1.5070670884033774,318.3605322732591,91.3333653361669,1.480622331899405,316.4158913635119
1.05,100.0,,,89.98234712129316,1.8115999581394306,333.6492649203805,90.93435210738616,1.5205345242669555,321.14820650737244,90.93443330499707,1.529082055134499,321.2424551463262,91.08332680847441,1.502428845444232,319.33779117418476
1.0666666666666667,100.0,,,89.67207577598224,1.84440173612617,336.5253838266942,90.6829806838801,1.5404499443558042,323.8297075761416,90.68048231704397,1.550139944336392,323.96464949969703,90.83322845940334,1.523305405825578,322.1003352435461
1.0833333333333333,100.0,,,89.36060671886099,1.8762113394167679,339.23686384328204,90.4321602259988,1.5593330909784096,326.35643351756875,90.4268273818536,1.5702274106679106,326.5328499721854,90.583353283211,1.5432372817315108,324.7089935786411
1.1,100.0,,,89.04829196019853,1.9070008948936734,341.79078609271994,90.18218124812927,1.5771767586011258,328.7343721261578,90.17375053565642,1.589336661270822,328.9530100445572,90.33397836253305,1.5622151043292563,327.1694758577434
1.1166666666666667,100.0,,,88.73547808114895,1.9367499074875651,344.19441377867724,89.93332582195511,1.5939792526272498,330.96965461354614,89.92152589355764,1.6074652409188612,331.2312361507886,90.0853735488654,1.5802346843677666,329.48766645559334
1.1333333333333333,100.0,,,88.42250430300895,1.9654450241561672,346.4551100168412,89.68586635138448,1.6097440934429987,333.068494936502,89.67041844319208,1.6246157554514646,333.3737267264149,89.83780026527138,1.5972967683890043,331.6695639422353
1.15,100.0,,,88.10970073532881,1.9930796950600516,348.5802630279439,89.44006449567271,1.62447966862666,335.03713466444424,89.42068298009927,1.6407955437447244,335.38671663725614,89.59151044097601,1.6134067433269534,333.7212255419841
1.1666666666666667,100.0,,,87.7973868196206,2.019653748880184,350.5772192410942,89.19617024594017,1.6381988446058966,336.8817936321389,89.1725631904135,1.6560163089906421,337.27642726191937,89.3467455842133,1.6285742993955894,335.64871687565176
1.1833333333333333,100.0,,,87.48586997939114,2.0451729003281613,352.4532245911128,88.95442115683039,1.6509185490518503,338.608626467275,88.92629088311003,1.6702937201304946,339.049022346042,89.10373599650785,1.6428130613728942,337.4580671576204
1.2,100.0,,,87.17544448148004,2.0696482081151584,354.215374055625,88.71504173189068,1.662659334900116,340.2236849456221,88.68208537095937,1.6836469939688383,340.71056960866485,88.86270012859923,1.6561401982168449,339.15522988325677
1.2166666666666666,100.0,,,86.86639050840802,2.0930955010790244,355.8705692719685,88.47824295846212,1.6734449361583357,341.7328860103493,88.44015299659158,1.696098467847394,342.2670079634912,88.62384407553647,1.6685760204555793,340.74604892392256
1.2333333333333334,100.0,,,86.55897343678942,2.1155347889610026,357.42548390370155,88.24422198548953,1.6833018246765024,343.14198519757764,88.20068679771677,1.7076731718548075,343.7241201210694,88.38736120613525,1.6801435740421091,342.23622984775767
1.25,100.0,,,86.25344331293401,2.1369896726351305,358.88653629258664,88.01316193572869,1.6922587758979801,344.456555137045,87.96386630361236,1.7183984084658595,345.0875102620367,88.15343192003643,1.6908682384215574,343.6313162047877
1.2666666666666666,100.0,,,85.95003451360289,2.1574867665828013,360.2598688334211,87.78523184234001,1.7003464503521284,345.6819687437917,87.72985745348049,1.7283033463136797,346.36258641557214,87.9222235240452,1.7007773354938518,344.9366704542208
1.2833333333333334,100.0,,,85.64896557749618,2.1770551442246773,361.55133344351367,87.56058669880304,1.707596996360945,346.8233866822774,87.49881262618747,1.7374186335671693,347.55454713958346,87.69389021826085,1.7098997550284016,346.15745916884356
1.3,100.0,,,85.35043919140091,2.195725814503666,362.7664824625008,87.33936761042834,1.714043678168549,347.88574866618654,87.27087077019517,1.7457760351692144,348.6683720778853,87.46857318170784,1.7182656009550592,347.29864212454083
1.3166666666666667,100.0,,,85.05464231395588,2.213531235964415,363.9105643073724,87.12170203544716,1.7197205325094091,348.8737681529922,87.04615762214453,1.7534080970340362,349.7088159624801,87.24640074672004,1.7259058618613192,348.3649648701612
1.3333333333333333,100.0,,,84.76174641961624,2.230504872579652,364.9885232176366,86.90770410367381,1.7246620555417185,349.79192999967535,86.82478600250951,1.760347839238808,350.68040563365025,87.02748865117401,1.7328521080055668,349.3609543720914
1.35,100.0,,,84.47190784553341,2.2466807937884723,366.0050024520568,86.69747500101239,1.7289029211082743,350.6444906624602,86.606856176958,1.7666284734948474,351.58743965879626,86.81194035776916,1.7391362105964676,350.29091733118753
1.3666666666666667,100.0,,,84.18526822461106,2.26209331967068,366.9643503371766,86.4911034085651,1.7324777304599204,351.43548054676586,86.39245627271548,1.7722831797706977,352.4339901893199,86.59984743008768,1.7447901175801757,351.15894082247587
1.3833333333333333,100.0,,,83.90195498886429,2.2767767108976473,367.8706286151147,86.28866598574862,1.7354207928903733,352.1687081417857,86.18166273849609,1.7773448562980974,353.22390662051487,86.39128995439805,1.7498456026831708,351.96889483205246
1.4,100.0,,,83.62208192830815,2.290764902073193,368.72762259056816,86.09022788758865,1.7377659361812168,352.847765605399,85.97454084041625,1.7818459529215445,353.9608207993983,86.18633699977816,1.754334095225397,352.72443643858054
1.4166666666666667,100.0,,,83.3457497918586,2.304091276291951,369.5388526318502,85.89584330720344,1.7395463453347741,353.4760354980076,85.77114518323178,1.7858183071732927,354.6481534249718,85.98504710612922,1.758286512222685,353.42901528645336
1.4333333333333333,100.0,,,83.07304691807386,2.3167884781779713,370.3075866358697,85.70555603536876,1.7407944277678977,354.05669839713795,85.57152024965116,1.7892930098970683,355.28912138635206,85.78746879290011,1.761733119209849,354.0858800945676
1.45,100.0,,,82.80404988494367,2.3288882622930567,371.03685312051266,85.51940002995,1.7415417029376883,354.5927411572922,85.37570095051086,1.7923002951281408,355.88674579720265,85.5936410813364,1.7647034147823697,354.69808595627114
1.4666666666666666,100.0,,,82.53882416930001,2.340421373596168,371.7294546586441,85.33739998886833,1.7418187142560781,355.08696561082695,85.18371317952018,1.794869451912957,356.44386051780776,85.40359402393537,1.7672260367375434,355.26850221747316
1.4833333333333334,100.0,,,82.27742480774397,2.351417456561282,372.3879814150427,85.15957192111841,1.7416549626856637,355.54199753664005,84.99557436711625,1.7970287559393259,356.963120985494,85.21734923558013,1.7693286878486671,355.7998207482386
1.5,100.0,,,82.01989705223026,2.361904989593951,373.0148245904754,84.98592371107178,1.7410788511145356,355.96029574159485,84.81129402875546,1.7988054188789866,357.447013201284,85.03492042157876,1.7710380793093652,356.2945644496882
1.5166666666666666,100.0,,,81.76627701460947,2.371911241501841,373.6121896155527,84.8164556725216,1.7401176573343171,356.34416114634786,84.63087430370405,1.8002255534015197,357.89786274553325,84.85631389854639,1.772379889915969,356.7550958625013
1.5333333333333334,100.0,,,81.51659229548494,2.3814622469483533,374.1821089709245,84.65116108861878,1.7387975097999475,356.6957457602174,84.45431048106752,1.8013141519070939,358.317843717752,84.68152910472924,1.773378739122186,357.183625765611
1.55,100.0,,,81.27086259369155,2.3905827980328858,374.7264545399026,84.49002673555898,1.737143379844767,357.0170614729236,84.28159151041689,1.8020950771391722,358.7089875158168,84.51055909640847,1.7740581744832513,357.5822216838754
1.5666666666666667,100.0,,,81.02910029354925,2.3992964493801243,375.24694942492937,84.33303338782642,1.7351790835146477,357.3099885969623,84.1127004949253,1.8025910629686803,359.0731913874129,84.34339103143151,1.7744406563081252,357.9528161694025
1.5833333333333333,100.0,,,80.7913110277826,2.4076255343711765,375.7451791807844,84.18015630346292,1.7329272919677772,357.5762841125656,83.94761516542259,1.8028237237807379,359.4122267019023,84.180006630234,1.774547582784158,358.297214955803
1.6,100.0,,,80.55749421463854,2.4155911904017855,376.2226024353429,84.03136568825765,1.7304095490366083,357.8175895797801,83.7863083342102,1.802813571039369,359.72774690404594,84.02038262296963,1.7743992830007007,358.6171047261544
1.6166666666666667,100.0,,,80.32764364594662,2.4232133803833187,376.68056002095113,83.88662710822425,1.7276462946586197,358.0354391120264,83.62874832146922,1.8025800357488775,360.0212952094153,83.86449116663594,1.7740150434003887,358.9140607445323
1.6333333333333333,100.0,,,80.10174773466667,2.4305109632284854,377.1202870470537,83.74590199796523,1.7246568964121163,358.2312652932005,83.47489938428123,1.8021414963697837,360.2943116015762,83.71230027404201,1.7734131309072376,359.1895536947442
1.65,100.0,,,79.87979020918753,2.437501704787183,377.5429187992484,83.60914797194319,1.721459671666971,358.40640725008876,83.32472209020662,1.8015153078675685,360.54813993528023,83.56377417714107,1.7726108176381725,359.44495682029446
1.6666666666666667,100.0,,,79.66175046187634,2.444202331238545,377.9494998730136,83.47631922848758,1.7180719311209605,358.5621166478241,83.17817369016238,1.800717837188924,360.7840343620634,83.41887369816911,1.7716244136906332,359.68155229667553
1.6833333333333333,100.0,,,79.44760395154242,2.4506285767905993,378.34099172046325,83.34736690343932,1.714510013191706,358.6995637292728,83.03520846514876,1.7997644988093497,361.0031654509375,83.27755659366412,1.7704692995775506,359.90053734560047
1.7,100.0,,,79.23732258003815,2.456795231675036,378.7182796333166,83.22223940238166,1.7107893218918204,358.8198429845445,82.89577805204843,1.7986697920646646,361.2066259408218,83.13977787834236,1.7691599608748267,360.10302999660865
1.7166666666666666,100.0,,,79.03087504386976,2.4627161903467627,379.08217918941745,83.10088271198846,1.706924365710812,358.9239784599313,82.75983174902333,1.7974473393917245,361.39543613389435,83.0054901292525,1.7677100240593335,360.2900745023151
1.7333333333333334,100.0,,,78.82822716178676,2.468404499387188,379.4334421916676,82.98324069115799,1.702928796869237,359.0129287190019,82.62731680113939,1.7961099249766845,361.57054894171984,82.87464377074649,1.7661322930062677,360.46264641667796
1.75,100.0,,,78.62934217939504,2.4738724046598755,379.7727621292077,82.86925534267668,1.698815450532283,359.0875914703046,82.4981786669256,1.794669533410149,361.73285459784137,82.74718734089042,1.764438785724938,360.6216573478221
1.7666666666666666,100.0,,,78.43418105189055,2.479131397353954,380.1007791909895,82.75886706620994,1.6945963836540614,359.1488078772596,82.37236126662866,1.793137388019826,361.8831850517985,82.62306774000206,1.7626407709848704,360.7679593985229
1.7833333333333334,100.0,,,78.24270270603908,2.4841922586322465,380.4180848616725,82.65201489345192,1.690282913187494,359.19736656650394,82.24980721296154,1.7915239886126364,362.02231806034405,82.50223046204707,1.7607488045450788,360.90234930853137
1.8,100.0,,,78.05486428253806,2.48906510267184,380.7252261291494,82.54863670628603,1.6858856534475144,359.2340073512776,82.13045802516687,1.789839148410717,362.150980992069,82.38461980965592,1.758772764753704,361.02557231359407
1.8166666666666667,100.0,,,77.87062135989052,2.4937594179448173,381.02270933207967,82.44866943881543,1.6814145524614528,359.2594246864815,82.01425432722631,1.7880920300117056,362.2698543617785,82.27017909354002,1.7567218873312191,361.1383257363666
1.8333333333333333,100.0,,,77.68992816090397,2.49828410663747,381.3110036746567,82.35204926412044,1.676878927179858,359.2742708718477,81.90113603104754,1.7862911802431387,362.37957511085506,82.15885081709267,1.754604799191041,361.24126232449566
1.85,100.0,,,77.51273774289943,2.5026475221480506,381.5905444345289,82.25871176658997,1.672287497454338,359.27915901929987,81.79104250545149,1.784444563813981,362.48073964954443,82.05057684695737,1.7524295511861832,361.3349933510093
1.8666666666666667,100.0,,,77.33900217268156,2.5068575046373147,381.8617358883938,82.16859210065624,1.667648418717558,359.2746658000868,81.68391273176866,1.7825595956953724,362.57390667666135,81.94529857033665,1.7502036496998314,361.4200914918566
1.8833333333333333,100.0,,,77.16867268728058,2.5109214146340784,382.12495397832845,82.08162513674067,1.662969313324214,359.2613339866737,81.57968544683256,1.780643172186272,362.65959979165837,81.84295703979924,1.74793408702343,361.4970934950076
1.9,100.0,,,77.0016998414333,2.5148461647199505,382.3805487404479,81.99774559519255,1.6582573005317713,359.2396748037167,81.47829927413437,1.7787017006399075,362.73830991337525,81.74349310632311,1.7456273704863219,361.5665026550064
1.9166666666666667,100.0,,,76.83803364272367,2.5186382493347885,382.6288465160196,81.91688816897341,1.6535190251161507,359.2101701017342,81.37969284387614,1.7767411278436054,362.8104975191077,81.64684754128862,1.7432895503192916,361.62879110627784
1.9333333333333333,100.0,,,76.67762367525681,2.5223037727580926,382.8701519637313,81.83898763580903,1.6487606846307334,359.1732743663611,81.28380490262977,1.77476696705803,362.8765947169207,81.55296114811023,1.7409262462484472,361.6844019478581
1.95,100.0,,,76.52041921269097,2.5258484753310477,383.104749890424,81.76397896049883,1.6439880553281334,359.1294165753248,81.19057441327912,1.7727843237329803,362.9370071634082,81.46177486416708,1.7385426728281608,361.7337512115582
1.9666666666666666,100.0,,,76.36636932140563,2.529277757991392,383.332906916276,81.69179738803976,1.639206516772486,359.0790019145461,81.09994064589016,1.7707979199256763,362.9921158383732,81.37322985366369,1.7361436635312444,361.777229684897
1.9833333333333334,100.0,,,76.21542295453534,2.53259670519785,383.55487298915773,81.62237852818791,1.6344210751769512,359.0224133640401,81.01184326012252,1.768812117454285,363.04227868718186,81.28726759202237,1.7337336936222976,361.8152045994685
2.0,100.0,,,76.06752903755414,2.5358101063239564,383.7708827616903,81.55565843204883,1.629636385505842,358.96001316358496,80.92622237976398,1.7668309398248174,363.0878321408457,81.20382994237926,1.7313169018461603,361.84802119474364
2.0166666666666666,100.0,,,75.9226365460502,2.5389224756020905,383.9811568434124,81.49157366125485,1.6248567723848997,358.89214416744454,80.84301865993707,1.7648580929732236,363.12909252320395,81.12285922472535,1.7288971109680311,361.87600416666186
2.033333333333333,100.0,,,75.7806945762884,2.541938070698848,384.18590293942253,81.43006135025504,1.620086249865501,358.81913109677726,80.76217334749717,1.7628969848675682,363.16635735392555,81.04429827820519,1.7264778472049886,361.899459009735
2.05,100.0,,,75.64165240911724,2.544860910001838,384.3853168858796,81.37105926221393,1.6153285400904207,358.74128169774224,80.6836283351101,1.7609507440167185,363.19990655542927,80.96809051705682,1.7240623585912884,361.91867326078994
2.066666666666667,100.0,,,75.50545956773777,2.5476947886961776,384.5795835918458,81.3145058389837,1.6105870909095594,358.6588878127238,80.60732620946915,1.759022236933007,363.2300035712263,80.89417998064776,1.7216536323210772,361.9339176518977
2.0833333333333335,100.0,,,75.37206586981607,2.550443293706784,384.7688778961168,81.2603402455871,1.6058650924942282,358.5722263715401,80.53321029408238,1.7571140845969153,363.2568964026315,80.82251137803642,1.7192544111131305,361.94544717949225
2.1,100.0,,,75.24142147438545,2.5531098175797875,384.95336534691455,81.20850240961997,1.6011654929984591,358.48156030898116,80.46122468703483,1.7552286779713517,363.2808185702661,80.75303012746008,1.7168672086423233,361.9535020961669
2.1166666666666667,100.0,,,75.11347692395253,2.5556975713732144,385.1332029116067,81.15893305595642,1.5964910133149213,358.38713941452943,80.39131429410426,1.7533681926127267,363.301990006277,80.68568239112743,1.7144943240824666,361.9583088311489
2.1333333333333333,100.0,,,74.98818318219057,2.5582095966239837,385.30853962296703,81.11157373711485,1.5918441609721272,358.2892011196652,80.32342485758433,1.7515346024250582,363.3206178827422,80.62041510566867,1.7121378558043823,361.9600808449999
2.15,100.0,,,74.86549166757464,2.5606487764547956,385.4795171678938,81.06636685961853,1.5872272432183363,358.1879712277281,80.25750298114637,1.7497296926019907,363.3368973812987,80.55717600857359,1.709799714272273,361.95901942366055
2.1666666666666665,100.0,,,74.74535428328716,2.5630178458810864,385.646270423958,81.02325570666339,1.5826423793360058,358.08366459091627,80.19349615104845,1.7479550718005654,363.3510124086298,80.49591366092704,1.7074816341804262,361.95531441656334
2.183333333333333,100.0,,,74.62772344369657,2.56531940137469,385.8089279486535,80.9821844573834,1.5780915122292412,357.9764857386365,80.13135275397977,1.7462121835886857,363.36313626208033,80.43657746672979,1.7051851858705847,361.94914492316514
2.2,100.0,,,74.51255209768954,2.56755590973763,385.96761242577065,80.94309820298416,1.5735764193247779,357.8666294610784,80.0710220918087,1.7445023172068408,363.37343224932243,80.37911768907432,1.702911786069517,361.9406799319077
2.216666666666667,100.0,,,74.39979374911493,2.5697297163359907,386.12244107289564,80.90594295999757,1.5690987228254791,357.754281351575,80.01245439348476,1.7428266176828378,363.38205426567714,80.32348546342652,1.7006627079841674,361.9300789152982
2.2333333333333334,100.0,,,74.28940247457841,2.5718430527407126,386.27352601366755,80.8706656808913,1.5646598993534733,357.6396183110211,79.95560082432667,1.7411860953366698,363.3891473324043,80.26963280824664,1.6984390907905864,361.9174923845017
2.25,100.0,,,74.18133293880757,2.573898043818954,386.42097461807657,80.83721426225162,1.5602612890182852,357.52280901735344,79.90041349291306,1.7395816347107114,363.3948480990027,80.21751263316783,1.696241948551133,361.90306240657077
2.2666666666666666,100.0,,,74.07554040779046,2.5758967143168534,386.56488981378243,80.80553755074193,1.5559041039435886,357.4040143628537,79.84684545577689,1.7380140029590128,363.3992853123111,80.16707874493432,1.694072178592811,361.8869230871812
2.283333333333333,100.0,,,73.9719807598744,2.577840994971541,386.70537037114497,80.77558534702516,1.5515894362844251,357.28338786180444,79.79485072009008,1.7364838577273631,363.4025802549743,80.1182858512875,1.6919305693779405,361.8692010215126
2.3,100.0,,,73.87061049499817,2.579732728187693,386.842511164405,80.74730840782465,1.5473182657651074,357.1610760308264,79.74438424451209,1.7349917545545062,363.40484715562434,80.07108956297535,1.6898178078969301,361.85001571569825
2.316666666666667,100.0,,,73.77138674221544,2.581573673311348,386.9764034112244,80.72065844628553,1.543091466766318,357.0372187440277,79.69540193836293,1.7335381538229886,363.40619357293554,80.02544639404724,1.6877344866112463,361.82947998107227
2.3333333333333335,100.0,,,73.6742672656565,2.5833655115314045,387.10713489257853,80.6955881307865,1.5389098149884146,356.9119495649248,79.6478606592702,1.7321234272866732,363.40672075553164,79.98131376058541,1.685681109973219,361.80770030326045
2.35,100.0,,,73.57921046906283,2.5851098504367322,387.2347901548103,80.67205108234172,1.5347739937162896,356.7853960569321,79.60171820942821,1.7307478642004896,363.406523979562,79.93864997801283,1.6836581005478795,361.784777187994
2.3666666666666667,100.0,,,73.48617539901853,2.5868082282552383,387.35945069547904,80.65000187072116,1.5306845997098062,356.6576800740694,79.55693333059767,1.7294116770762753,363.4056928656126,79.8974142571078,1.6816658047605333,361.76080548537556
2.3833333333333333,100.0,,,73.39512174699334,2.5884621177985965,387.4811951344834,80.62939600940933,1.5266421487424384,356.5289180334001,79.51346569796436,1.7281150070875508,363.4043116764809,79.85756669884506,1.6797044982926224,361.73587469418226
2.4,100.0,,,73.30600985030195,2.5900729301352494,387.60009937179626,80.6101899495127,1.5226470808092336,356.39922117058967,79.47127591296697,1.7268579291444228,363.4024595972177,79.81906828817567,1.6777743911468839,361.71006924766476
2.4166666666666665,100.0,,,73.21880069207724,2.5916420180119295,387.7162367330224,80.59234107271796,1.5186997650241927,356.2686957798599,79.43032549519602,1.725640456658699,363.4002109987233,79.78188088684854,1.6758756324018136,361.68346878218335
2.433333333333333,100.0,,,73.13345590034618,2.593170679042998,387.8296781038752,80.57580768339602,1.5148005042258008,356.13744343950896,79.39057687345749,1.7244625460180762,363.39763568608,79.7459672253695,1.6740083146741416,361.6561483899107
2.45,100.0,,,73.0499377462907,2.5946601586847997,387.9404920545634,80.560548999939,1.5109495393083672,356.0055612240727,79.35199337608873,1.7233241007871412,363.39479913270713,79.71129089418655,1.6721724783068854,361.62817885673496
2.466666666666667,100.0,,,72.96820914176948,2.5961116530114574,388.04874495498643,80.54652514541097,1.5071470532957316,355.8731419041143,79.31453922060683,1.7222249756517252,363.3917627013349,79.677816334183,1.670368115299722,361.5996268864048
2.4833333333333334,100.0,,,72.88823363616999,2.5975263113068814,388.1545010815505,80.53369713758717,1.5033931751729366,355.7402741345484,79.27817950276386,1.7211649801223834,363.38858385271413,79.64550882655453,1.6685951729970616,361.57055531187285
2.5,100.0,,,72.80997541265504,2.5989052384867266,388.2578227163417,80.52202687845066,1.4996879834904235,355.60704263233487,79.2428801850777,1.7201438820115036,363.38531634290155,79.61433448213997,1.6668535575485908,361.541023294721
2.5166666666666666,100.0,,,72.73339928386297,2.6002494973630905,388.358770239323,80.51147714320979,1.4960315097545491,355.47352834430507,79.20860808490156,1.719161410697973,363.3820104098984,79.58426023027049,1.6651431371560104,361.51108651347664
2.533333333333333,100.0,,,72.65847068711582,2.6015601107634856,388.4574022141595,80.50201156889537,1.492423741617153,355.3398086058274,79.17533086209112,1.7182172601921353,363.37871295035086,79.5552538071972,1.6634637451188288,361.4807973415701
2.55,100.0,,,72.58515567918538,2.602838063514967,388.55377546821836,80.49359464259133,1.4888646258764076,355.20595729095817,79.14301700632267,1.7173110920132932,363.37546768697126,79.52728374415163,1.6618151826913832,361.4502050156185
2.566666666666667,100.0,,,72.51342093066319,2.6040843043032407,388.64794516724083,80.48619168934891,1.4853540713001179,355.0720449546733,79.11163582411228,1.7164425378910282,363.37231532728043,79.50031935509074,1.660197221762423,361.4193557946741
2.5833333333333335,100.0,,,72.44323371997723,2.605299747415953,388.73996488513575,80.47976885983013,1.4818919512822175,354.9381389677288,79.08115742558152,1.7156112023010393,363.36929371422974,79.47433072417249,1.6586096073679875,361.38829311102
2.6,100.0,,,72.37456192709381,2.606485274378631,388.829886669303,80.47429311772265,1.478478106342345,354.8043036446557,79.05155271101212,1.714816664845387,363.36643796921476,79.44928869300564,1.657052060047509,361.3570577130546
2.6166666666666667,100.0,,,72.30737402694098,2.6076417354909003,388.9177611018571,80.4697322269649,1.475112346477883,354.670600365352,79.02279335722791,1.7140584824867158,363.36378062795234,79.42516484771333,1.6555242780526545,361.3256878007642
2.6333333333333333,100.0,,,72.24163908258608,2.608769951270303,389.00363735708845,80.46605473881715,1.4717944533772271,354.5370876907018,78.99485180383999,1.7133361916449577,363.3613517696599,79.4019315058469,1.6540259394176133,361.29421915424325
2.65,100.0,,,72.17732673819835,2.609870713810147,389.0875632554659,80.46322997881116,1.4685241825025277,354.40382147261346,78.96770123938764,1.7126493101649682,363.35917913993813,79.37956170318344,1.6525567038992375,361.2626852556894
2.6666666666666665,100.0,,,72.11440721182403,2.6109447880576426,389.1695853144599,80.46122803360831,1.4653012650495523,354.2708549588433,78.94131558740499,1.711997339162755,363.35728826773163,79.35802918043825,1.6511162147946472,361.231117405268
2.683333333333333,100.0,,,72.05285128800004,2.611992913017813,389.2497487964376,80.46001973779414,1.4621254097920249,354.13823889293815,78.91566949244094,1.7113797647574311,363.35570257670986,79.33730836992001,1.6497041006437965,361.19954483120995
2.7,100.0,,,71.99263031022957,2.6130158028884165,389.3280977538599,80.45957666063393,1.4589963048171386,354.00602160960744,78.89073830605764,1.7107960596959269,363.35444349139163,79.31737438215484,1.6483199768236079,361.16799479448235
2.716666666666667,100.0,,,71.93371617334154,2.614014148130586,389.4046750719892,80.45987109281265,1.4559136191586866,353.87424912580985,78.86649807283031,1.7102456848765253,363.35353053830534,79.29820299250301,1.6469634470403454,361.136492688345
2.7333333333333334,100.0,,,71.87608131575377,2.614988616479751,389.4795225092979,80.46087603318034,1.452877004333773,353.7429652278199,78.84292551636968,1.709728090777446,363.35298144246156,79.27977062778972,1.6456341047260155,361.105062133084
2.75,100.0,,,71.81969871165822,2.6159398539006813,389.55268073575144,80.46256517552186,1.449886095788724,353.6122115545168,78.81999802538631,1.7092427187959396,363.352812219392,79.2620543529701,1.6443315343447051,361.07372506619345
2.7666666666666666,100.0,,,71.76454186314503,2.6168684854906483,389.6241893691227,80.46491289536877,1.446940514259499,353.4820276771232,78.79769363981394,1.7087890025032513,363.3530372629927,79.24503185784607,1.6430553126139336,361.0425018282555
2.783333333333333,100.0,,,71.7105847922809,2.6177751163339633,389.69408700948344,80.46789423686891,1.4440398670515668,353.35245117560055,78.77599103700823,1.7083663688202604,363.35366942939044,79.22868144385194,1.6418050096462302,361.0114112447547
2.8,100.0,,,71.65780203315596,2.6186603323112885,389.7624112720027,80.47148489972831,1.4411837492438473,353.22351771189665,78.75486951803497,1.7079742391185808,363.3547201170384,79.2129820109232,1.6405801900154466,360.9804707040421
2.816666666666667,100.0,,,71.60616862391196,2.6195247008665934,389.829198818173,80.47566122623847,1.4383717448212188,353.09526110022233,78.73430899406115,1.7076120302513338,363.35619934323216,79.19791304446244,1.639380413752346,360.9496962316542
2.8333333333333335,100.0,,,71.55566009876387,2.6203687717344932,389.8944853855747,80.48040018840062,1.4356034277395242,352.9677133745258,78.7142899728605,1.7072791555178148,363.35811581722476,79.18345460241443,1.6382052372735163,360.919102561176
2.85,100.0,,,71.50625248002554,2.6211930776305326,389.9583058162775,80.48567937515779,1.4328783629271467,352.8409048533152,78.69479354544445,1.7069750255657299,363.3604770101073,79.16958730246125,1.6370542142476108,360.8887032018246
2.8666666666666667,100.0,,,71.45792227014957,2.621998134906731,390.02069408397193,80.49147697974416,1.4301961072266436,352.71486420197675,78.67580137282783,1.7066990492347793,363.36328922161067,79.15629230934793,1.6359268964024434,360.85851050292007
2.8833333333333333,100.0,,,71.41064644379003,2.6227844441747346,390.08168331991516,80.49777178716035,1.4275562102799129,352.58961849271645,78.6572956729381,1.7064506343448054,363.36655764397574,79.14355132234695,1.6348228342764661,360.8285357153964
2.9,100.0,,,71.36440243989698,2.623552490898366,390.1413058377676,80.50454316178197,1.4249582153600953,352.4651932622532,78.63925920767586,1.706229188431822,363.37028642302835,79.1313465628697,1.6337415779178766,360.7987890505019
2.9166666666666665,100.0,,,71.31916815384959,2.624302745957528,390.1995931573917,80.51177103510871,1.4224016601532767,352.3416125673744,78.62167527013324,1.7060341194348756,363.3744787165859,79.11966076223233,1.632682677534341,360.7692797358205
2.933333333333333,100.0,,,71.27492192963527,2.6250356661853274,390.25657602767717,80.51943589365963,1.4198860774927735,352.21889903846375,78.60452767197644,1.7058648363364997,363.37913675032064,79.10847714958177,1.6316456840962286,360.74001606874555
2.95,100.0,,,71.23164255208053,2.6257516948798654,390.3122844484545,80.52751876702003,1.4174109960487267,352.097073931099,78.58780073099777,1.705720749759428,363.38426187118785,79.09777943998776,1.6306301498960618,360.7110054675251
2.966666666666667,100.0,,,71.18930923913979,2.6264512622922114,390.3667476915479,80.53600121604445,1.4149759409755076,351.9761571758127,78.57147925884165,1.7056012725221767,363.3898545985314,79.08755182270545,1.6296356290667522,360.6822545199913
2.9833333333333334,100.0,,,71.14790163424651,2.627134786092098,390.4199943210231,80.54486532122013,1.412580434519336,351.8561674261038,78.55554854890866,1.7055058201556108,363.3959146729635,79.0777789496131,1.6286616780608933,360.6537690300816
3.0,100.0,,,71.10739979873189,2.6278026718124794,390.4720522126727,80.55409367119371,1.410223996588308,351.7371221047792,78.53999436444147,1.7054338113829226,363.4024411031166,79.06844592382814,1.6277078560935512,360.62555406225187
3.0166666666666666,100.0,,,71.06778420431493,2.6284553132742423,390.52294857278355,80.56366935146494,1.40790614528699,351.61903744870153,78.52480292679482,1.7053846685649625,363.4094322103564,79.05953828850461,1.6267737255504926,360.5976139838761
3.033333333333333,100.0,,,71.0290357256674,2.629093092992172,390.5727099562275,80.57357593324888,1.4056263974175198,351.5019285520151,78.50996090389293,1.705357818112901,363.4168856715422,79.05104201581487,1.6258588523639477,360.5699525057229
3.05,100.0,,,70.99113563305741,2.629716382563212,390.6213622839094,80.58379746250954,1.4033842689490976,351.38580940791417,78.49545539887542,1.705352690870122,363.42479855991513,79.04294349611716,1.6249628063578305,360.54257272059374
3.066666666666667,100.0,,,70.95406558507423,2.6303255430379395,390.66893085960857,80.59431844916564,1.4011792754576768,351.27069294901645,78.48127393893405,1.705368722464983,363.43316738419054,79.03522952731097,1.624085161564054,360.5154771402023
3.0833333333333335,100.0,,,70.91780762143709,2.6309209252764045,390.7154403862446,80.60512385647034,1.3990109325374303,351.1565910864015,78.46740446434106,1.705405353636199,363.44198812592913,79.02788730438124,1.623225496511762,360.48866773037247
3.1,100.0,,,70.88234415589004,2.6315028702888363,390.7609149815964,80.61619909056556,1.3968787561856786,351.0435147473655,78.45383531767024,1.7054620305322632,363.4512562752544,79.02090440913243,1.6223833944910053,360.46214594462657
3.1166666666666667,100.0,,,70.84765796918519,2.6320717095622643,390.8053781935018,80.62752999021126,1.3947822631626117,350.9314739119479,78.44055523321077,1.7055382049865142,363.46096686498373,79.01426880011279,1.6215584437922899,360.43591275623197
3.1333333333333333,100.0,,,70.81373220215575,2.63262776537376,390.84885301456393,80.63910281669034,1.3927209713273625,350.82047764827416,78.42755332657478,1.7056333347690191,363.4711145032355,79.00796880272921,1.620750237923576,360.40996868877323
3.15,100.0,,,70.78055034888044,2.6331713510908723,390.8913618963864,80.65090424388873,1.39069439995163,350.7105341467635,78.41481908449786,1.7057468838168102,363.481693404573,79.0019930995524,1.6199583758058524,360.38431384530895
3.1666666666666665,100.0,,,70.74809624994053,2.6337027714600563,390.9329267633598,80.66292134855065,1.388702070012131,350.60165075324284,78.40234235483275,1.7058783224434435,363.4926974197409,78.99633072081221,1.6191824619486765,360.35894793617547
3.183333333333333,100.0,,,70.71635408577075,2.634222322883629,390.9735690260207,80.6751416007085,1.3867435044630847,350.4938340010077,78.39011333673542,1.706027127529285,363.5041200640526,78.99097103508244,1.6184221066068556,360.3338703054918
3.2,100.0,,,70.68530837010425,2.634730293685835,391.013309594001,80.68755285428679,1.3848182284897916,350.38708964186947,78.37812257104288,1.7061927826934336,363.515954544476,78.98590374015441,1.6176769259193315,360.3090799564205
3.216666666666667,100.0,,,70.65494394351317,2.6352269643686084,391.0521688885857,80.70014333787903,1.3829257697443975,350.28142267622394,78.36636093084161,1.70637477844834,363.5281937854727,78.9811188540981,1.616946542031412,360.2845755752351
3.2333333333333334,100.0,,,70.62524596704458,2.6357126078574056,391.0901668548973,80.71290164569682,1.3810656585647971,350.1768373821758,78.35481961222598,1.7065726123382206,363.5408304536358,78.97660670651003,1.6162305832012447,360.26035555424465
3.25,100.0,,,70.59619991595247,2.6361874897377735,391.1273229737201,80.72581672868975,1.3792374281776283,350.0733373437532,78.34349012524483,1.7067857890620213,363.5538569811742,78.97235792994607,1.6155286838916136,360.2364180136196
3.2666666666666666,100.0,,,70.56779157352592,2.636651868482922,391.1636562729811,80.7388778858349,1.3774406148862273,349.97092547824053,78.33236428503515,1.707013820581892,363.56726558828626,78.9683634515382,1.6148404848477698,360.2127608221677
3.283333333333333,100.0,,,70.5400070250135,2.6371059956728504,391.1991853389003,80.75207475559445,1.3756747582444302,349.86960406266144,78.32143420314108,1.7072562262180335,363.58104830446695,78.964614484793,1.614165633162409,360.18938161709855
3.3,100.0,,,70.51283265164376,2.637550116205313,391.23392832682356,80.76539730754003,1.3739394012168906,349.7693747594387,78.31069227901695,1.7075125327305734,363.5951969887887,78.96110252157071,1.613503782328324,360.16627782282177
3.316666666666667,100.0,,,70.48625512474192,2.63798446849911,391.26790297175035,80.7788358341417,1.3722340903268344,349.6702386412577,78.30013119171207,1.7077822743893496,363.60970334919557,78.95781932424248,1.612854592279641,360.1434466688159
3.3333333333333335,100.0,,,70.46026139994203,2.6384092846899785,391.3011265985683,80.7923809427205,1.3705583757917572,349.5721962151593,78.28974389173582,1.708064993032196,363.6245589608478,78.95475691802413,1.6122177294223503,360.1208852066065
3.35,100.0,,,70.43483871149473,2.6388247908194087,391.33361613200407,80.80602354756206,1.3689118116479333,349.47524744588605,78.27952359310088,1.7083602381124328,363.6397552835552,78.95190758348426,1.6115928666547699,360.0985903258904
3.3666666666666667,100.0,,,70.40997456666985,2.6392312070167314,391.3653881063035,80.81975486218997,1.367293955864171,349.3793917785053,78.2694637655425,1.7086675667362277,363.6552836783323,78.94926384922451,1.610979683378609,360.07655876984023
3.3833333333333333,100.0,,,70.38565674025337,2.639628747674818,391.3964586746473,80.83356639179647,1.3657043704455967,349.2846281603306,78.25955812691208,1.7089865436903589,363.6711354231109,78.94681848472975,1.610377865501218,360.0547871496223
3.4,100.0,,,70.36187326913827,2.640017621619597,391.4268436183147,80.84744992582883,1.3641426215278638,349.1909550621632,78.24980063574219,1.7093167414609318,363.6873017276418,78.94456449338617,1.6097871054296597,360.03327195816166
3.4166666666666665,100.0,,,70.33861244700856,2.6403980322735694,391.4565583556018,80.8613975307293,1.3626082794624574,349.09837049887426,78.24018548398152,1.7096577402436983,363.70377374761705,78.94249510566446,1.609207102057082,360.01200958318327
3.433333333333333,100.0,,,70.31586281911552,2.640770177813847,391.48561795050364,80.8754015428262,1.3611009188934968,349.0068720493472,78.23070708989722,1.7100091279463652,363.72054259804435,78.940603772466,1.6086375607418977,359.9909963195606
3.45,100.0,,,70.29361317714586,2.6411342513246914,391.51403712116814,80.88945456137454,1.3596201188266084,348.91645687579734,78.221360091142,1.7103705001834226,363.7375993659011,78.93888415862969,1.6080781932803592,359.97022838099923
3.466666666666667,100.0,,,70.27185255418053,2.6414904409449083,391.54183024812886,80.90354944174368,1.3581654626902122,348.82712174248996,78.21213933798408,1.710741460263938,363.7549351220983,78.93733013659669,1.6075287178729238,359.9497019110834
3.4833333333333334,100.0,,,70.25057021974358,2.641838930010174,391.56901138232405,80.91767928875004,1.3567365383897634,348.73886303387155,78.20303988669751,1.7111216191728016,363.7725409327803,78.93593578023065,1.6069888590848058,359.9294129937121
3.5,100.0,,,70.22975567494004,2.642179897190765,391.5955942529088,80.93183745013236,1.355332938355284,348.6516767721316,78.19405699311012,1.711510595545692,363.7904078699877,78.93469535879125,1.6064583478012429,359.90935766294945
3.5166666666666666,100.0,,,70.20939864768192,2.642513516624519,391.62159227486745,80.94601751016785,1.3539542595825729,348.56555863421215,78.18518610630716,1.7119080156383462,363.80852702170733,78.93360333105774,1.6059369211777663,359.8895319123151
3.533333333333333,100.0,,,70.1894890880014,2.6428399580456365,391.6470185564304,80.96021328342634,1.3526001036684985,348.4805039682787,78.17642286248778,1.7123135132903877,363.82688950133655,78.93265433960087,1.6054243225859184,359.8699317035374
3.55,100.0,,,70.17001716345005,2.6431593869090104,391.67188590630406,80.97441880866087,1.3512700768406813,348.39650780966986,78.16776307897207,1.7127267298840316,363.8454864565836,78.93184320519978,1.604920301554727,359.8505529747924
3.566666666666667,100.0,,,70.15097325458336,2.6434719645106863,391.69620684071765,80.98862834283194,1.3499637899818868,348.31356489633805,78.15920274835614,1.7131473142981075,363.8643090778268,78.93116492140179,1.6044246137083438,359.83139164844954
3.5833333333333335,100.0,,,70.13234795052911,2.6437778481044116,391.7199935902932,81.0028363552636,1.348680858649495,348.23166968379684,78.15073803281284,1.7135749228576596,363.88334860595666,78.93061464922238,1.6039370207000394,359.81244363834776
3.6,100.0,,,70.11413204463891,2.644077191014296,391.7432581067435,81.01703752192887,1.3474209030902782,348.1508163595878,78.14236525853542,1.7140092192794054,363.90259633972113,78.93018771198275,1.6034572901429331,359.79370485661906
3.6166666666666667,100.0,,,70.09631653022164,2.6443701427440782,391.7660120694035,81.03122671986257,1.346183548250786,348.0709988572803,78.13408091032201,1.7144498746133652,363.9220436425936,78.92987959028235,1.6029851955378402,359.7751712200819
3.6333333333333333,100.0,,,70.0788925963576,2.644656849082755,391.78826689159916,81.04539902169896,1.344968423783583,347.99221087001683,78.12588162629801,1.7148965671810026,363.9416819491868,78.92968591710384,1.6025205161982556,359.7568386562211
3.65,100.0,,,70.0618516237926,2.644937452206978,391.8100337268604,81.05954969033235,1.3437751640496678,347.9144458636163,78.11776419277423,1.7153489825099713,363.96150277122786,78.92960247304788,1.6020630371730116,359.73870310877425
3.6666666666666665,100.0,,,70.04518518091038,2.6452120907802192,391.83132347497894,81.07367417369848,1.342603408117185,347.8376970892478,78.10972553923821,1.7158068132658786,363.9814977031177,78.92962518169547,1.6016125491665842,359.72076054294064
3.683333333333333,100.0,,,70.0288850197827,2.6454809000487867,391.8521467879198,81.08776809967414,1.341452799756755,347.7619575956854,78.10176273347626,1.7162697591812142,364.0016584270882,78.92975010509466,1.6011688484575501,359.70300695023053
3.7,100.0,,,70.01294307229574,2.6457440119349083,391.8725140755867,81.1018272710932,1.3403229874335638,347.68722024115704,78.09387297682377,1.7167375269816803,364.0219767179783,78.92997343936992,1.6007317368151517,359.6854383529706
3.716666666666667,100.0,,,69.99735144635169,2.6460015551270257,391.8924355114479,81.11584766087704,1.3392136242965034,347.61347770479665,78.08605359954133,1.7172098303101517,364.04244444764356,78.93029151045096,1.6003010214143676,359.6680508084814
3.7333333333333334,100.0,,,69.98210242214437,2.6462536551671025,391.91192103802484,81.12982540727675,1.3381243681644452,347.54072249771133,78.07830205631439,1.7176863896484273,364.06305358901665,78.93070076991897,1.5998765147495615,359.65084041294125
3.75,100.0,,,69.96718844850788,2.646500434535508,391.9309803722483,81.14375680922551,1.337054881509876,347.46894697367406,78.07061592187378,1.7181669322370339,364.0837962198335,78.93119779096757,1.599458034546951,359.6338033049526
3.7666666666666666,100.0,,,69.95260213933702,2.6467420127331676,391.94962301068483,81.1576383217988,1.3360048314401083,347.3981433394518,78.06299288673507,1.7186511919931946,364.10466452604106,78.93177926447619,1.5990454036760753,359.6169356688226
3.783333333333333,100.0,,,69.93833627007834,2.64697850636126,391.96785823463745,81.17146655178054,1.3349738896761867,347.3283036647784,78.05543075305401,1.7191389094271354,364.1256508049008,78.93244199519317,1.598638450060362,359.6002337375733
3.8,100.0,,,69.92438377429076,2.6472100187675687,391.98569510469264,81.18523825333288,1.3339617325295852,347.25941989198344,78.04792743059605,1.7196298315569907,364.14674746780173,78.93318289802677,1.5982370065870262,359.5836937956938
3.816666666666667,100.0,,,69.91073774066342,2.6474366801617726,392.0031425012808,81.19895032376799,1.3329680408772493,347.19148384528586,78.04048093281742,1.7201237118223294,364.16794704279744,78.93399899444091,1.5978409110164,359.5673121816457
3.8333333333333335,100.0,,,69.89739140868947,2.647658591297698,392.02020908493114,81.21259979941944,1.3319925001342297,347.1244872397602,78.03308937305559,1.7206203099965185,364.18924217687925,78.93488740895404,1.5974500058908088,359.5510852901358
3.85,100.0,,,69.88433816624449,2.6478758570674104,392.03690332444194,81.22618385161171,1.3310348002247192,347.0584216899845,78.02575096082668,1.7211193920981005,364.2106256379989,78.9358453657384,1.5970641384432098,359.535009574166
3.8666666666666667,100.0,,,69.87157154626684,2.648088580524287,392.0532334972848,81.23969978272557,1.3300946355515246,346.9932787183796,78.0184639982278,1.721620730301232,364.23209031685167,78.93687018531746,1.596683160505601,359.5190815468723
3.8833333333333333,100.0,,,69.85908522362539,2.6482968623647474,392.06920769375535,81.25314502235739,1.3291717049641816,346.92904976324814,78.01122687644174,1.7221241028453458,364.25362922843385,78.93795928135945,1.5963069284173979,359.5032977831632
3.9,100.0,,,69.84687301206765,2.648500800909854,392.08483382128736,81.26651712357075,1.328265711725639,346.86572618652144,78.00403807234233,1.7226292939442103,364.2752355133828,78.93911015756453,1.595935302933836,359.4876549211674
3.9166666666666665,100.0,,,69.83492886123352,2.6487004921495427,392.1001196086729,81.27981375923817,1.327376363477643,346.8032992812232,77.99689614519771,1.723136093694426,364.29690243911426,78.9403204046435,1.5955681491345708,359.47214966350265
3.933333333333333,100.0,,,69.82324685373108,2.6488960297976982,392.11507261017897,81.29303271847141,1.3265033722049657,346.74176027865605,77.98979973346988,1.7236442979834732,364.318623400763,78.94158769738605,1.5952053363324394,359.45677877837136
3.95,100.0,,,69.8118212022724,2.649087505348979,392.1297002095621,81.30617190313839,1.3256464541985589,346.68110035532044,77.98274755170804,1.724153708397453,364.3403919219405,78.942909791816,1.5948467379826448,359.4415391004964
3.966666666666667,100.0,,,69.80064624686825,2.6492750081351617,392.14400962398696,81.31922932446498,1.324805330017669,346.62131063957213,77.97573838753381,1.7246641321286371,364.362201655318,78.94428452243197,1.5944922315922527,359.426427531903
3.9833333333333334,100.0,,,69.78971645208037,2.649458625380401,392.1580079078505,81.33220309971996,1.3239797244511011,346.5623822180266,77.96877109871627,1.7251753818828197,364.38404638304326,78.94570979953095,1.594141698630271,359.41144104255585
4.0,100.0,,,69.77902640433031,2.649638442255025,392.17170195651556,81.34509144898134,1.3231693664776063,346.50430614171637,77.96184461033477,1.7256872757865958,364.4059200170016,78.94718360661295,1.5937950244382366,359.3965766708593
4.016666666666667,100.0,,,69.76857080926379,2.649814541928121,392.185098509957,81.3578926919824,1.32237398922555,346.4470734320094,77.95495791202728,1.726199637294795,364.4278165989291,78.94870399786491,1.5934520981414302,359.3818315240301
4.033333333333333,100.0,,,69.75834448916949,2.6499870056184722,392.19820415632074,81.37060524503597,1.3215933299319074,346.39067508629483,77.94811005532283,1.7267122950978868,364.4497303003858,78.95026909572135,1.5931128125608471,359.3672027783469
4.05,100.0,,,69.7483423804513,2.6501559126442173,392.21102533540005,81.38322761803481,1.3208271299006349,346.3351020834424,77.94130015105554,1.7272250830296298,364.4716554225976,78.95187708850048,1.5927770641257915,359.352687679286
4.066666666666666,100.0,,,69.73855953115316,2.6503213404711676,392.2235683420307,81.39575841152701,1.3200751344604857,346.28034538904245,77.93452736685857,1.7277378399749816,364.4935863961745,78.95352622811335,1.5924447527874301,359.3382835415502
4.083333333333333,100.0,,,69.72899109853512,2.650483364759627,392.2358393294054,81.40819631386455,1.3193370929223764,346.2263959604335,77.92779092473619,1.7282504097782756,364.515517780711,78.95521482784454,1.5921157819330711,359.3239877489952
4.1,100.0,,,69.71963234670021,2.650642059410092,392.24784431231205,81.42054009842356,1.318612758536305,346.1732447515221,77.9210900987119,1.7287626411518344,364.5374442642779,78.95694126020233,1.5917900583014337,359.309797754463
4.116666666666666,100.0,,,69.7104786442707,2.650797496607585,392.2595891702955,81.4327886208946,1.3179018884478917,346.1208827174021,77.91442421255093,1.729274387584944,364.5593606628108,78.95870395483668,1.5914674918988,359.29571107952444
4.133333333333334,100.0,,,69.70152546211304,2.6509497468647876,392.2710796507463,81.44494081664159,1.3172042436546436,346.0693008187791,77.90779263755529,1.7297855072533979,364.58126191940175,78.96050139652299,1.5911479959161605,359.28172531414117
4.15,100.0,,,69.69276837111052,2.6510988790639627,392.2823213719172,81.45699569812805,1.3165195889618848,346.01849002620617,77.9011947904295,1.7302958629294989,364.60314310350134,78.96233212321043,1.5908314866474038,359.2678381162471
4.166666666666667,100.0,,,69.68420303998269,2.6512449604977344,392.29331982586945,81.46895235240876,1.315847692938517,345.968441324135,77.89463013121545,1.730805321892713,364.624999410035,78.96419472413255,1.5905178834085547,359.25404721126046
4.183333333333334,100.0,,,69.67582523315065,2.6513880569088477,392.3040803813507,81.4808099386858,1.315188327872584,345.9191457147899,77.88809816129444,1.7313137558409133,364.6468261584425,78.9660878379789,1.5902071084580403,359.2403503915268
4.2,100.0,,,69.66763080864749,2.651528232528606,392.3146082866059,81.49256768592748,1.3145412697266832,345.8705942218695,77.881598421455,1.7318210408022905,364.6686187916416,78.96801015112587,1.589899086918122,359.22674551569975
4.216666666666667,100.0,,,69.65961571607261,2.6516655501145467,392.3249086721237,81.50422489054876,1.3139062980932967,345.8227778940797,77.87513049002445,1.7323270570480302,364.69037287492625,78.96996039592511,1.5895937466974268,359.21323050806444
4.233333333333333,100.0,,,69.65177599458957,2.651800070986867,392.3349865533178,81.51578091415165,1.3132831961500475,345.77568780850567,77.86869398106325,1.7328316890056592,364.71208409479954,78.97193734904822,1.5892910184146416,359.19980335780673
4.25,100.0,,,69.64410777096619,2.651931855063989,392.34484683314776,81.52723518132456,1.3126717506149304,345.7293150738261,77.86228854261952,1.7333348251732381,364.73374825774886,78.97393982988552,1.5889908353233606,359.18646211823375
4.266666666666667,100.0,,,69.63660725765634,2.652060960897112,392.354494304678,81.53858717749901,1.3120717517015474,345.6836508333752,77.85591385504326,1.7338363580343414,364.75536128896715,78.97596669899848,1.5886931332381495,359.1732049059487
4.283333333333333,100.0,,,69.6292707509224,2.65218744570386,392.3639336535784,81.54983644686274,1.3114829930743896,345.63868626805674,77.84956962935802,1.7343361839738474,364.7769192310249,78.97801685662307,1.5883978504617629,359.1600298999836
4.3,100.0,,,69.6220946289979,2.652311365401007,392.37316946056615,81.5609825903276,1.310905271804149,345.5944125991157,77.84325560568875,1.7348342031946706,364.79841824249587,78.98008924122371,1.5881049277136499,359.14693534089565
4.316666666666666,100.0,,,69.61507535028906,2.6524327746363365,392.3822062037923,81.5720252635512,1.3103383883231583,345.5508210907711,77.83697155174437,1.73533031963531,364.8198545965418,78.9821828280955,1.5878143080595828,359.1339195298272
4.333333333333333,100.0,,,69.60820945161488,2.652551726819647,392.3910482611722,81.58296417501117,1.3097821463809367,345.50790305271425,77.83071726135344,1.7358244408883818,364.84122467945895,78.98429662801412,1.5875259368426275,359.12098082753596
4.35,100.0,,,69.60149354648493,2.652668274152935,392.39969991266327,81.59379908413071,1.3092363529998619,345.4656498424791,77.82449255305193,1.7363164781199836,364.8625249891907,78.98642968593137,1.5872397616152547,359.1081176533964
4.366666666666666,100.0,,,69.59492432341372,2.652782467659762,392.40816534248853,81.60452979945426,1.308700818431016,345.42405286768457,77.81829726872101,1.736806345990187,364.88375213380897,78.9885810797155,1.5869557320727683,359.0953284843763
4.383333333333334,100.0,,,69.5884985442716,2.6528943572138868,392.4164486413112,81.61515617687225,1.3081753561102194,345.3831035881578,77.8121312722743,1.737293962574298,364.90490282996853,78.99074991893491,1.5866737999879248,359.08261185399107
4.4,100.0,,,69.5822130426707,2.6530039915670844,392.4245538083572,81.62567811789374,1.3076597826142815,345.3427935179381,77.80599444839252,1.7377792492852526,364.92597390133596,78.99293534368378,1.5863939191468575,359.06996635123824
4.416666666666667,100.0,,,69.57606472238582,2.653111418376287,392.43248475348946,81.63609556796597,1.3071539176174134,345.30311422716886,77.79988670130471,1.7382621307969837,364.9469622769976,78.99513652344862,1.5861160452861773,359.05739061951505
4.433333333333334,100.0,,,69.5700505558091,2.653216684229948,392.44024529923524,81.64640851483948,1.3066575838479777,345.2640573438787,77.79380795361456,1.73874253496875,364.96786498984903,78.99735265601443,1.5858401360314098,359.04488335552145
4.45,100.0,,,69.56416758243806,2.653319834673793,392.44783918276556,81.65661698697808,1.3061706070454102,345.2256145556569,77.78775814517044,1.7392203927705316,364.98867917496665,78.99958296640935,1.5855661508366117,359.03244330815033
4.466666666666667,100.0,,,69.55841290739633,2.653420914235858,392.4552700578297,81.6667210520124,1.3056928159174375,345.1877776112265,77.78173723197831,1.7396956382094446,365.00940206796776,79.00182670588647,1.5852940509252353,359.0200692773684
4.483333333333333,100.0,,,69.55278369998615,2.6535199664508253,392.46254149664566,81.67672081523608,1.3052240420976309,345.1505383219186,77.77574518515587,1.740168208257228,365.03003100335775,79.004083150942,1.5850237992322678,359.00776011308824
4.5,100.0,,,69.5472771922723,2.6536170338838625,392.46965699174655,81.68661641814363,1.3047641201031792,345.1138885630503,77.76978198992703,1.7406380427787453,365.0505634128687,79.00635160236833,1.5847553603475797,358.9955147140335
4.516666666666667,100.0,,,69.54189067769657,2.653712158153693,392.4766199577849,81.69640803700898,1.304312887293027,345.0778202752117,77.76384764465537,1.7411050844615383,365.07099682379146,79.0086313843412,1.5844887004604746,358.9833320266017
4.533333333333333,100.0,,,69.53662150972237,2.6538053799551546,392.4834337332952,81.70609588150373,1.3038701838263071,345.0423254654629,77.75794215991573,1.7415692787464438,365.0913288573012,79.01092184353985,1.5842237873055425,358.9712110437221
4.55,100.0,,,69.53146710050852,2.653896739081157,392.49010158241646,81.7156801933542,1.303435852621144,345.00739620844587,77.75206555760252,1.7420305737593147,365.1115572267821,79.01322234829897,1.5839605901095914,358.95915080371435
4.566666666666666,100.0,,,69.52642491961204,2.653986274444129,392.4966266965757,81.72516124503646,1.3030097393137274,344.97302464741284,77.74621787007378,1.7424889202437421,365.1316797361492,79.01553228779176,1.5836990795399197,358.9471503891461
4.583333333333333,100.0,,,69.521492492719,2.654074024096762,392.503012196131,81.73453933850801,1.302591692217845,344.9392029951759,77.7403991393301,1.7429442714948808,365.1516942781708,79.01785107124284,1.5834392276536737,358.93520892569376
4.6,100.0,,,69.51666740040301,2.654160025252448,392.5092611319793,81.74381480397606,1.3021815622846704,344.9059235349788,77.73460941622702,1.7433965832943288,365.1715988327937,79.02017812717027,1.5831810078484276,358.9233255810056
4.616666666666666,100.0,,,69.5119472769106,2.654244314304946,392.5153764871254,81.75298799870063,1.30177920306298,344.8731786212953,77.72884875972034,1.7438458138460609,365.1913914654709,79.02251290265558,1.5829243948139557,358.9114995635701
4.633333333333334,100.0,,,69.50732980897338,2.6543269268477547,392.52136117821635,81.76205930583227,1.3013844706597155,344.8409606805564,77.72311723614285,1.744291923713474,365.21107032549503,79.0248548626411,1.5826693644851135,358.89973012158976
4.65,100.0,,,69.50281273464563,2.654407897692901,392.52721805703993,81.77102913328328,1.3009972237009553,344.80926221180806,77.71741491851205,1.74473487575743,365.2306336443378,79.02720348925365,1.5824158939958912,358.888016541861
4.666666666666667,100.0,,,69.49839384216774,2.6544872608892383,392.53294991198936,81.77989791263175,1.3006173232932534,344.7780757873039,77.71174188586738,1.7451746350754,365.25007973399596,79.02955828115357,1.5821639616346206,358.87635814866354
4.683333333333334,100.0,,,69.4940709688541,2.65456504974033,392.5385594694938,81.7886660980575,1.3002446329853525,344.74739405303364,77.70609822263657,1.7456111689416463,365.2694069853479,79.0319187529085,1.5819135468002326,358.86475430265676
4.7,100.0,,,69.4898420000055,2.65464129682185,392.54404939541695,81.79733416530932,1.299879018730327,344.7172097291913,77.70048401802973,1.746044446748493,365.28861386651784,79.03428443439108,1.5816646299597066,358.85320439978705
4.716666666666667,100.0,,,69.48570486784521,2.6547160339985285,392.5494222964233,81.80590261070256,1.2995203488481242,344.68751561058383,77.69489936546071,1.7464744399485477,365.3076989212519,79.03665487019958,1.5814171926065412,358.8417078702054
4.733333333333333,100.0,,,69.48165755047847,2.6547892924407486,392.55468072131305,81.81437195014647,1.2991684939884585,344.658304566984,77.68934436199451,1.7469011219980881,365.32666076730584,79.03902961910084,1.581171217220336,358.83026417719594
4.75,100.0,,,69.47769807087461,2.6548611026406377,392.55982716232677,81.82274271820057,1.2988233270941874,344.629569543429,77.68381910782026,1.7473244683013853,365.3454980948448,79.04140825349488,1.5809266872274252,358.8188728161168
4.766666666666667,100.0,,,69.47382449587163,2.65493149442781,392.56486405642016,81.8310154671592,1.2984847233650403,344.6013035604672,77.67832370574862,1.7477444561561342,365.36420966485684,79.04379035890021,1.580683586962566,358.80753331335404
4.783333333333333,100.0,,,69.47003493520248,2.6550004969846945,392.56979378650936,81.83919076616365,1.2981525602217734,344.57349971435485,77.67285826073314,1.7481610646998218,365.3827943075803,79.04617553345929,1.5804419016316287,358.79624522528763
4.8,100.0,,,69.46632754054288,2.655068138861457,392.57461868268865,81.84726920034122,1.2978267172707618,344.54615117720533,77.66742287941443,1.7485742748571673,365.40125092094655,79.04856338746349,1.580201617275345,358.7850081372731
4.816666666666666,100.0,,,69.46270050457996,2.655134447990667,392.57934102341966,81.85525136997047,1.2975070762689584,344.5192511970922,77.66201766968676,1.7489840692885656,365.4195784690371,79.0509535428968,1.579962720734041,358.77382166263584
4.833333333333333,100.0,,,69.45915206010127,2.6551994517014164,392.5839630366936,81.86313788967206,1.2971935210893224,344.49279309810925,77.65664274028609,1.7493904323394824,365.437775980558,79.05334563299759,1.5797251996133088,358.7626854416812
4.85,100.0,,,69.45568047910407,2.655263176733256,392.58848690116713,81.8709293876245,1.2968859376866302,344.46677028038766,77.65129820039895,1.749793349990916,365.4558425473295,79.05573930183799,1.5794890422507277,358.7515991407193
4.866666666666666,100.0,,,69.45228407192398,2.655325649249687,392.5929147472722,81.8786265048042,1.2965842140637118,344.4411762200735,77.64598415929132,1.7501928098107498,365.4737773227946,79.05813420391999,1.5792542376834586,358.7405624511061
4.883333333333334,100.0,,,69.44896118638302,2.6553868948513726,392.59724865830094,81.88622989424928,1.2962882402381022,344.4160044692667,77.64070072595706,1.7505888009061388,365.4915795205431,79.06053000378813,1.5790207756168209,358.7295750882992
4.9,100.0,,,69.44571020695622,2.6554469385889954,392.60149067146506,81.89374022034634,1.2959979082091155,344.3912486559235,77.63544800878509,1.7509813138768446,365.509248412855,79.0629263756575,1.5787886463937695,358.71863679093127
4.916666666666667,100.0,,,69.44252955395682,2.655505804975779,392.60564277893184,81.90115815813996,1.2957131119253475,344.36690248372395,77.63022611524454,1.7513703407694594,365.52678332926155,79.06532300305727,1.5785578409652792,358.7077473198986
4.933333333333334,100.0,,,69.43941768273922,2.6555635179998105,392.60970692883654,81.90848439266385,1.2954337472525628,344.3429597319055,77.62503515158747,1.7517558750327062,365.5441836551254,79.06771957848859,1.5783283508616026,358.69690645746783
4.95,100.0,,,69.43637308291974,2.655620101135925,392.6136850262712,81.91571961829366,1.2951597119420408,344.3194142550654,77.61987522256858,1.7521379114734992,365.5614488302391,79.07011580309675,1.5781001681643982,358.6861140063978
4.966666666666667,100.0,,,69.43339427761445,2.6556755773573717,392.61757893425107,81.92286453812044,1.294890905599273,344.2962599829322,77.6147464311809,1.7525164462140714,365.5785783474435,79.07251138635674,1.5778732854797577,358.67536978908
4.983333333333333,100.0,,,69.43047982269378,2.6557299691471754,392.62139047465973,81.92991986334448,1.294627229653173,344.2734909201086,77.60964887840751,1.7528914766499104,365.5955717512647,79.07490604577201,1.577647695911959,358.66467364669535
5.0,100.0,,,69.42762830605383,2.6557832985092715,392.6251214291718,81.93688631268893,1.2943685873255724,344.25110114578683,77.6045826629881,1.753263001408619,365.61242863657134,79.07729950658587,1.577423393038166,358.65402543838866
5.016666666666667,100.0,,,69.42483834690361,2.6558355869792867,392.6287735401553,81.94376461183259,1.2941148836012473,344.22908481343785,77.5995478812002,1.753631020309712,365.6291486472514,79.07969150150485,1.5772003708838356,358.64342504046
5.033333333333333,100.0,,,69.42210859506804,2.6558868556351296,392.63234851155306,81.95055549286161,1.293866025198277,344.20743615047564,77.59454462665465,1.7539955343252265,365.6457314749088,79.08208177043392,1.576978623898968,358.63287234557373
5.05,100.0,,,69.41943773030656,2.6559371251072763,392.63584800974445,81.95725969373933,1.2936219205388215,344.186149457898,77.58957299010419,1.754356545541163,365.6621768575802,79.08447006022281,1.5767581469350844,358.6223672619854
5.066666666666666,100.0,,,69.41682446164657,2.6559864155888726,392.63927366438725,81.96387795779401,1.2933824797203382,344.165219109905,77.58463305926547,1.7547140571199127,365.6784845784715,79.08685612442332,1.576538935222989,358.6119097127851
5.083333333333333,100.0,,,69.41426752673192,2.6560347468455014,392.6426270692405,81.97041103322383,1.2931476144871605,344.14463955349646,77.5797249186533,1.755068073263374,365.6946544647152,79.08923972305674,1.5763209843512498,358.60149963515954
5.1,100.0,,,69.41176569118558,2.6560821382248023,392.64590978296906,81.97685967261874,1.2929172382024892,344.1244053080495,77.5748486494271,1.7554185991769913,365.71068638614736,79.09162062239163,1.576104290245424,358.59113697966995
5.116666666666666,100.0,,,69.40931774798663,2.656128608665823,392.6491233299288,81.98322463249887,1.2926912658208105,344.1045109648768,77.5700043292489,1.7557656410345635,365.726580254105,79.09399859473098,1.5758888491479401,358.58082170954896
5.133333333333334,100.0,,,69.40692251686096,2.6561741767081144,392.6522692009354,81.9895066728688,1.292469613860643,344.0849511867674,77.56519203215247,1.7561092059438907,365.74233602024367,79.09637341820866,1.5756746575987337,358.57055380001367
5.15,100.0,,,69.4045788436855,2.6562188605007004,392.65534885401456,81.99570655678735,1.2922522003777372,344.06572070751076,77.56041182842306,1.756449301913169,365.75795367537523,79.09874487659481,1.5754617124165038,358.5603332375963
5.166666666666667,100.0,,,69.40228559990584,2.6562626778107132,392.65836371513564,82.00182504995271,1.2920389449386365,344.0468143314051,77.55566378448765,1.7567859378182131,365.7734332483259,79.10111275910972,1.5752500106806553,358.5501600194918
5.183333333333334,100.0,,,69.40004168196647,2.6563056460319303,392.66131517892893,82.0078629203021,1.291829768594638,344.0282269327506,77.55094796281477,1.757119123370434,365.78877480481424,79.10347686024592,1.5750395497138843,358.54003415292294
5.2,100.0,,,69.397846010754,2.656347782193068,392.664204609386,82.01382093762594,1.291624593856116,344.0099534553295,77.54626442182396,1.757448869085531,365.80397844634933,79.10583697959807,1.5748303270653632,358.5299556545214
5.216666666666667,100.0,,,69.39569753105246,2.6563891029658224,392.6670333405447,82.01969987319583,1.2914233446672425,343.9919889118718,77.54161321580435,1.7577751862529638,365.8190443091484,79.10819292170054,1.5746223404945892,358.51992454972634
5.233333333333333,100.0,,,69.39359521101102,2.656429624672875,392.66980267715843,82.02550049940622,1.2912259515466926,343.9743283886763,77.53699439484166,1.7580980869062022,365.83397256307546,79.11054449587203,1.5744155879557717,358.50994087219925
5.25,100.0,,,69.39153804162324,2.65646936329548,392.67251389535033,82.0312235892391,1.2910323315901882,343.95696702852587,77.53240800475392,1.7584175837934346,365.8487634105978,79.1128915160674,1.5742100675828514,358.50000466325537
5.266666666666667,100.0,,,69.38952503621812,2.656508334481119,392.67516824325253,82.0368699164365,1.2908424168724706,343.9399000491825,77.5278540870349,1.7587336903493622,365.8634170857632,79.1152338007359,1.5740057776750553,358.49011597131084
5.283333333333333,100.0,,,69.38755522996239,2.6565465535507755,392.677766941631,82.04244025476955,1.290656137216539,343.92312273342725,77.52333267880523,1.7590464206675656,365.8779338531974,79.11757117268586,1.5738027166830475,358.4802748513468
5.3,100.0,,,69.38562767937388,2.6565840355061403,392.68031118449625,82.0479353778106,1.2904734234351665,343.9066304301698,77.51884381277081,1.7593557894735667,365.89231400712043,79.11990345895572,1.5736008831955504,358.4704813643888
5.316666666666666,100.0,,,69.38374146184572,2.65662079503669,392.6828021397003,82.05335605864879,1.2902942075849786,343.8904185539018,77.5143875171882,1.7596618120984477,365.9065578703815,79.12223049069044,1.5734002759265742,358.4607355770014
5.333333333333333,100.0,,,69.3818956751811,2.6566568465264377,392.6852409495197,82.05870306960838,1.2901184229784892,343.8744825840725,77.50996381583668,1.7599645044531935,365.92066579351416,79.12455210302407,1.573200893703107,358.45103756080005
5.35,100.0,,,69.38008943713857,2.6566922040606995,392.6876287312265,82.06397718197651,1.2899460041689457,343.8588180644657,77.50557272799675,1.7602638830036994,365.9346381538089,79.12686813496722,1.573002735453319,358.4413873919758
5.366666666666666,100.0,,,69.37832188498722,2.6567268814325886,392.68996657764427,82.0691791657412,1.2897768869304687,343.84342060257666,77.50121426843452,1.7605599647463481,365.94847535440545,79.12917842929993,1.5728058001952248,358.4317851508371
5.383333333333334,100.0,,,69.37659217507193,2.6567608921494377,392.69225555769395,82.07430978933968,1.2896110082373071,343.8282858689875,77.49688844739208,1.7608527671843088,365.96217782340267,79.13148283246939,1.572610087025917,358.42223092136527
5.4,100.0,,,69.37489948238829,2.656794249439005,392.69449671692547,82.07936981941681,1.289448306242858,343.8134095967382,77.49259527058327,1.7611423083044135,365.9757460129882,79.13378119449234,1.5724155951110976,358.41272479078543
5.416666666666667,100.0,,,69.37324300016695,2.6568269662555997,392.6966910780384,82.08436002059346,1.2892887202589172,343.79878758069555,77.48833473919468,1.7614286065545743,365.98918039858444,79.13607336886196,1.5722223236752317,358.403266849151
5.433333333333334,100.0,,,69.3716219394673,2.6568590552859668,392.69883964139046,82.08928115524449,1.289132190735084,343.7844156769174,77.48410684989183,1.761711680821883,366.00248147801375,79.13835921245902,1.572030271991992,358.393857188943
5.45,100.0,,,69.37003552878018,2.656890528955172,392.7009433854945,82.09413398328599,1.2889786592385437,343.77028980201476,77.47991159482979,1.7619915504112849,366.01564977068085,79.14063858546719,1.5718394393752269,358.38449590468286
5.466666666666667,100.0,,,69.36848301363942,2.656921399432256,392.7030032675047,82.0989192619717,1.2888280684340552,343.7564059325107,77.47574896166846,1.762268235024764,366.0286858167728,79.14291135129216,1.5716498251702888,358.3751830925591
5.483333333333333,100.0,,,69.36696365624212,2.6569516786357505,392.7050202236907,82.10363774569836,1.288680362064294,343.74276010419766,77.47161893359228,1.7625417547411304,366.0415901764766,79.14517737648455,1.5714614287457593,358.36591885006794
5.5,100.0,,,69.3654767350774,2.656981378239157,392.7069951699029,82.10829018581943,1.288535484930515,343.7293484114919,77.46752148933363,1.7628121299963446,366.0543634292132,79.14743653066638,1.5712742494855927,358.3567032756658
5.516666666666667,100.0,,,69.36402154456334,2.6570105096761556,392.70892900202483,82.1128773304672,1.2883933828735032,343.7161670067874,77.46345660320038,1.763079381564398,366.067006172889,79.14968868646093,1.5710882867816407,358.3475364684361
5.533333333333333,100.0,,,69.36259739469216,2.6570390841459184,392.71082259641776,82.11739992438311,1.288254002754794,343.70321209980796,77.45942424510679,1.7633435305386735,366.0795190231637,79.15193371942577,1.570903540026461,358.3384185277686
5.55,100.0,,,69.36120361842116,2.657067112618023,392.71267672371397,82.12185867774039,1.2881172924382818,343.6904805198636,77.45542444955383,1.7636045890258085,366.0919015908015,79.1541714608406,1.5707200146552354,358.3293503082624
5.566666666666666,100.0,,,69.35983954800054,2.6570946047304256,392.71449231927835,82.12625435949467,1.287983204092106,343.6779679866247,77.45145710871815,1.7638625873800393,366.10415563039516,79.15640183892856,1.570537704487274,358.3203311016823
5.583333333333333,100.0,,,69.35850453810772,2.6571215720773447,392.7162702027371,82.13058770320052,1.287851684421511,343.66567087968014,77.44752217947469,1.7641175485392198,366.1162817995631,79.1586247377112,1.5703566082564264,358.3113610107831
5.6,100.0,,,69.35719795762608,2.6571480250950392,392.7180111754852,82.13485943850158,1.287722683855046,343.6535856342326,77.44361961442159,1.764369494880671,366.1282807716008,79.16084004393282,1.5701767251750778,358.3024401370313
5.616666666666666,100.0,,,69.35591918935052,2.6571739739018243,392.71971602159016,82.13907029092952,1.2875961540263432,343.6417087393141,77.43974936196017,1.764618448871041,366.1401532348491,79.16304764698674,1.5699980545124677,358.2935685803411
5.633333333333334,100.0,,,69.3546676296817,2.657199428390325,392.7213855081879,82.14322098176638,1.2874720475302233,343.6300367371628,77.43591136635357,1.7648644331526187,366.15189989192294,79.16524743885839,1.5698205955286941,358.2847464389118
5.65,100.0,,,69.35344268832425,2.6572243982463273,392.72302038583985,82.14731222792147,1.2873503178731491,343.6185662226297,77.4321055677815,1.7651074705541356,366.16352145899214,79.16743931407463,1.5696443474546227,358.27597380905064
5.666666666666667,100.0,,,69.35224378799063,2.6572488929568054,392.7246213888842,82.1513447418169,1.287230919448603,343.6072938425693,77.42833190239489,1.7653475840856752,366.17501866510577,79.16962316965635,1.569469309481748,358.26725078498833
5.683333333333334,100.0,,,69.35107036411173,2.6572729218154967,392.72618923578443,82.1553192312797,1.28711380751797,343.5962162952193,77.42459030237153,1.765584796928524,366.1863922515483,79.1717989050739,1.5692954807552648,358.25857745869325
5.7,100.0,,,69.34992186455361,2.6572964939275234,392.7277246294706,82.15923639944046,1.2869989381933278,343.5853303295773,77.42088069597335,1.7658191324235026,366.1976429712212,79.17396642220461,1.5691228603686398,358.2499539196885
5.716666666666667,100.0,,,69.34879774934055,2.6573196182136445,392.7292282576754,82.1630969446377,1.286886268421141,343.574632744775,77.41720300760478,1.766050614058529,366.2087715880461,79.1761256252925,1.5689514473590744,358.24138025487446
5.733333333333333,100.0,,,69.34769749038432,2.657342303414239,392.73070079326425,82.16690156032807,1.286775755966572,343.5641203894536,77.41355715787304,1.7662792654562431,366.21977887638707,79.1782764209097,1.568781240703516,358.2328565483577
5.75,100.0,,,69.3466205712195,2.6573645580931897,392.732142894558,82.17065093500182,1.286667359398184,343.5537901611392,77.40994306364951,1.7665051103615812,366.2306656204907,79.18041871791958,1.5686122393151019,358.2243828812864
5.766666666666667,100.0,,,69.34556648674464,2.6573863906416015,392.7335552056504,82.17434575210359,1.2865610380730008,343.54363900562146,77.40636063813265,1.7667281726296835,366.24143261394175,79.1825524274415,1.5684444420399617,358.2159593316941
5.783333333333333,100.0,,,69.34453474296939,2.657407809281449,392.7349383567178,82.17798668995843,1.2864567521218855,343.53366391633364,77.40280979091209,1.7669484762140406,366.25208065913546,79.18467746281696,1.5682778476542611,358.2075859743508
5.8,100.0,,,69.34352485676709,2.6574288220691,392.7362929643236,82.1815744217024,1.2863544624351997,343.5238619337357,77.39929042803386,1.767166045154936,366.26261056676395,79.18679373957731,1.5681124548615801,358.19926288062095
5.816666666666666,100.0,,,69.3425363556331,2.657449436898787,392.7376196317154,82.18510961521807,1.2862541306487179,343.5142301447008,77.39580245206673,1.7673809035682746,366.2730231553176,79.18890117541243,1.5679482622904721,358.1909901183302
5.833333333333333,100.0,,,69.34156877744836,2.6574696615060067,392.7389189491162,82.18859293307469,1.2861557191297956,343.50476568190487,77.39234576216931,1.7675930756347387,366.28331925059973,79.19099969014096,1.5677852684922582,358.18276775163906
5.85,100.0,,,69.34062167024837,2.65748950347082,392.7401914940099,82.19202503247259,1.2860591909638066,343.4954657232198,77.38892025415828,1.7678025855891797,366.29349968525554,79.19308920568143,1.567623471939014,358.17459584092444
5.866666666666666,100.0,,,69.33969459199733,2.6575089702210795,392.74143783141955,82.19540656519186,1.2859645099408135,343.4863274911107,77.38552582057704,1.7680094577105314,366.3035652983133,79.19516964602462,1.567462871021781,358.16647444266783
5.883333333333334,100.0,,,69.33878711036732,2.6575280690356355,392.7426585141806,82.19873817754537,1.28587164054244,343.4773482520369,77.38216235076534,1.7682137163118767,366.3135169347391,79.19724093720679,1.567303464048898,358.1584036093521
5.9,100.0,,,69.33789880252243,2.6575468070474138,392.743854083208,82.20202051033544,1.2857805479290432,343.468525315857,77.37882973092913,1.7684153857309501,366.32335544500415,79.19930300728396,1.5671452492445817,358.1503833893632
5.916666666666667,100.0,,,69.33702925490772,2.6575651912464355,392.74502506775724,82.20525419881473,1.2856911979270411,343.45985603523866,77.37552784421123,1.7686144903209562,366.3330816846636,79.20135578630705,1.5669882247476283,358.1424138269009
5.933333333333334,100.0,,,69.3361780630429,2.657583228482841,392.7461719856796,82.20843987265053,1.2856035570165196,343.45133780507234,77.37225657076208,1.7688110544416016,366.34269651394766,79.2033992062977,1.566832388610253,358.134494961895
5.95,100.0,,,69.33534483132065,2.6576009254697537,392.74729534367265,82.21157815589278,1.2855175923189934,343.4429680618898,77.36901578781097,1.7690051024505855,366.3522007973641,79.2054332012252,1.5666777387971484,358.12662682992806
5.966666666666667,100.0,,,69.33452917280955,2.6576182887861193,392.7483956375241,82.21466966694554,1.2854332715854617,343.43474428328756,77.36580536973756,1.7691966586952668,366.36159540331306,79.20745770698369,1.5665242731846367,358.1188094621653
5.983333333333333,100.0,,,69.33373070906114,2.657635324879544,392.7494733523514,82.21771501854188,1.2853505631846147,343.42666398735423,77.36262518814337,1.7693857475046815,366.3708812037115,79.20947266137037,1.5663719895599681,358.11104288528975
6.0,100.0,,,69.33294906992165,2.657652040068975,392.7505289628351,82.22071481772181,1.285269436091255,343.4187247321037,77.35947511192352,1.7695723931818284,366.38005907363,79.21147800406426,1.5662208856207411,358.1033271214441
6.016666666666667,100.0,,,69.33218389334773,2.6576684405473787,392.7515629334484,82.22366966581346,1.2851898598749723,343.4109241149129,77.35635500733841,1.7697566199962815,366.3891298909385,79.21347367660547,1.566070958974519,358.0956621881779
6.033333333333333,100.0,,,69.33143482522632,2.6576845323843425,392.7525757186794,82.22658015841722,1.285111804688951,343.40325977196426,77.3532647380855,1.7699384521769699,366.3980945359643,79.21545962237505,1.5659222071384646,358.0880480984009
6.05,100.0,,,69.33070151919864,2.6577003215286394,392.753567763251,82.22944688539275,1.2850352412590194,343.3957293776939,77.35020416537078,1.7701179139053407,366.40695389115876,79.21743578657534,1.5657746275391775,358.0804848603414
6.066666666666666,100.0,,,69.32998363648805,2.6577158138107575,392.75453950233447,82.23227043084883,1.2849601408728943,343.38833064424443,77.34717314798026,1.7702950293086808,366.4157088407747,79.21940211621074,1.5656282175126055,358.0729724775104
6.083333333333333,100.0,,,69.32928084573182,2.657731014945273,392.75549136175846,82.23505137313578,1.2848864753695868,343.38106132092315,77.34417154235119,1.7704698224537814,366.424360270553,79.22135856006906,1.5654829743040442,358.0655109486703
6.1,100.0,,,69.32859282281657,2.657745930533281,392.75642375821366,82.23779028484057,1.2848142171290364,343.37391919366576,77.34119920264304,1.7706423173407762,366.43290906741913,79.2233050687031,1.5653388950682952,358.0581002678094
6.116666666666666,100.0,,,69.3279192507175,2.657760566064793,392.75733709945285,82.24048773278437,1.284743339061898,343.3669020845053,77.33825598080811,1.770812537897256,366.4413561191891,79.22524159441255,1.5651959768698664,358.0507404241203
6.133333333333334,100.0,,,69.32725981934118,2.657774926920916,392.7582317844862,82.24314427802247,1.2846738145995529,343.3600078510457,77.33534172666188,1.7709805079725907,366.44970231428346,79.22716809122653,1.565054216683303,358.0434314019841
6.15,100.0,,,69.32661422537178,2.6577890183762025,392.75910820377294,82.24576047584645,1.2846056176842098,343.35323438594247,77.33245628795291,1.7711462513325238,366.45794854145163,79.22908451488601,1.5649136113935918,358.03617318095763
6.166666666666667,100.0,,,69.3259821721209,2.657802845600728,392.75996673940796,82.2483368757887,1.2845387227593452,343.3465796163869,77.32959951043229,1.771309791653921,366.4660956895034,79.23099082282691,1.5647741577966232,358.0289657357667
6.183333333333334,100.0,,,69.32536336938061,2.657816413662388,392.7608077653051,82.25087402162896,1.2844731047601285,343.3400415035971,77.32677123792266,1.7714711525197855,366.4741446470503,79.23288697416312,1.5646358525997954,358.0218090363021
6.2,100.0,,,69.32475753327988,2.6578297275288563,392.76163164737574,82.25337245140284,1.2844087391041608,343.3336180423136,77.32397131238665,1.7716303574144843,366.48209630225443,79.23477292967003,1.564498692422641,358.01470304762046
6.216666666666667,100.0,,,69.32416438614415,2.657842792069735,392.76243874370334,82.25583269741243,1.2843456016823063,343.32730726030127,77.32119957399486,1.7717874297191278,366.48995154258523,79.23664865176801,1.5643626737975465,358.00764772994904
6.233333333333333,100.0,,,69.32358365635807,2.6578556120585146,392.76322940471516,82.25825528623871,1.284283668849737,343.3211072178562,77.31845586119313,1.771942392707211,366.49771125458506,79.23851410450627,1.5642277931705386,358.0006430386939
6.25,100.0,,,69.32301507823131,2.6578681921745737,392.76400397334845,82.26064073875568,1.2842229174170983,343.3150160073185,77.31574001076933,1.772095269540394,366.5053763236416,79.24036925354685,1.5640940469021414,357.9936889244515
6.266666666666667,100.0,,,69.32245839186743,2.6578805370050667,392.76476278521494,82.2629895701464,1.2841633246418707,343.3090317525903,77.31305185791943,1.7722460832644957,366.5129476337682,79.24221406614865,1.5639614312682815,357.9867853330247
6.283333333333333,100.0,,,69.32191334303555,2.6578926510468825,392.76550616876,82.26530228992046,1.2841048682198712,343.3031526086592,77.31039123631295,1.7723948568056813,366.5204260673917,79.24404851115177,1.5638299424612514,357.9799322054412
6.3,100.0,,,69.321379683045,2.6579045387083955,392.7662344454191,82.26757940193326,1.2840475262768878,343.29737676112836,77.30775797815762,1.772541612966805,366.5278125051473,79.24587255896179,1.5636995765907535,357.9731294779752
6.316666666666666,100.0,,,69.32085716862275,2.657916204311348,392.7669479297709,82.26982140440656,1.283991277360546,343.29170242575015,77.30515191426348,1.7726863744239336,366.53510782568065,79.24768618153425,1.5635703296849548,357.9663770821732
6.333333333333333,100.0,,,69.32034556179356,2.657927652092577,392.76764692968624,82.27202878995062,1.283936100432217,343.2861278479676,77.30257287410605,1.772829163723002,366.5423129054564,79.24948935235918,1.5634421976916308,357.95967494488116
6.35,100.0,,,69.31984462976274,2.657938886205776,392.7683317464747,82.27420204558776,1.283881974859162,343.2806513024595,77.30002068588898,1.7729700032767381,366.54942861857404,79.25128204644585,1.5633151764793185,357.9530229882758
6.366666666666666,100.0,,,69.31935414480174,2.6579499107231412,392.7690026750271,82.27634165277703,1.2838288804067628,343.27527109269226,77.29749517660564,1.7731089153615993,366.55645583659,79.25306424030728,1.5631892618385452,357.94642112989766
6.383333333333334,100.0,,,69.31887388413611,2.657960729637059,392.7696600039555,82.27844808744037,1.2837767972309562,343.26998555047663,77.29499617210017,1.7732459221150014,366.56339542834604,79.2548359119451,1.563064449483058,357.9398692826877
6.4,100.0,,,69.31840362983594,2.6579713468617348,392.7703040157298,82.28052181998977,1.2837257058707219,343.2647930355301,77.29252349712755,1.7733810455325816,366.57024825980443,79.25659704083428,1.5629407350511195,357.93336735502527
6.416666666666667,100.0,,,69.31794316870894,2.657981766234775,392.7709349868114,82.28256331535576,1.2836755872408132,343.2596919350451,77.290076975413,1.7735143074656752,366.57701519388866,79.258347607908,1.5628181141068462,357.9269152507693
6.433333333333334,100.0,,,69.31749229219575,2.657991991518704,392.77155318778364,82.28457303301677,1.2836264226245169,343.25468066326204,77.28765642971031,1.773645729618925,366.5836970903302,79.26008759554243,1.562696582141547,357.92051286930104
6.45,100.0,,,69.31705079626758,2.658002026402556,392.7721588834795,82.28655142702972,1.2835781936666515,343.24975766104814,77.28526168185958,1.7737753335480158,366.5902948055213,79.26181698754166,1.5625761345750946,357.9141601055695
6.466666666666667,100.0,,,69.31661848132632,2.658011874503305,392.7727523331069,82.28849894606142,1.283530882366598,343.2449213954818,77.28289255284393,1.773903140657533,366.5968091923737,79.26353576912256,1.5624567667573694,357.90785685013867
6.483333333333333,100.0,,,69.31619515210656,2.6580215393673376,392.77333379037054,82.29041603342102,1.283484471071523,343.240170359442,77.28054886284541,1.7740291721989527,366.60324110018223,79.26524392689959,1.5623384739696617,357.9016029892364
6.5,100.0,,,69.31578061758019,2.658031024471873,392.7739035035913,82.29230312709325,1.2834389424697186,343.2355030712033,77.27823043130003,1.7741534492687983,366.6095913744944,79.2669414488698,1.5622212514261322,357.8953984048055
6.516666666666667,100.0,,,69.31537469086278,2.6580403332263978,392.7744617158233,82.29416065977256,1.2833942795840396,343.23091807403614,77.27593707695186,1.7742759928068519,366.6158608569848,79.26862832439761,1.562105094275311,357.88924297455634
6.533333333333333,100.0,,,69.31497718912226,2.658049468973987,392.7750086649681,82.29598905889799,1.283350465765504,343.22641393581233,77.2736686179063,1.7743968235945304,366.62205038533494,79.27030454419976,1.5619899976015603,357.8831365720208
6.55,100.0,,,69.31458793348956,2.6580584349926637,392.7755445838862,82.29778874668877,1.283307484686968,343.22198924861607,77.27142487168234,1.7745159622533617,366.62816079311847,79.27197010033002,1.5618759564266211,357.8770790666084
6.566666666666666,100.0,,,69.31420674897127,2.6580672344966905,392.7760697005063,82.29956014018067,1.2832653203369497,343.2176426283595,77.26920565526413,1.774633429243553,366.63419290969046,79.27362498616421,1.5617629657110936,357.8710703236634
6.583333333333333,100.0,,,69.31383346436422,2.6580758706378798,392.7765842379325,82.30130365126307,1.2832239570135682,343.21337271440467,77.26701078515143,1.77474924486272,366.6401475600818,79.27526919638488,1.5616510203560026,357.86511020452264
6.6,100.0,,,69.313467912172,2.6580843465068438,392.7770884145483,82.30301968671637,1.2831833793185825,343.2091781691892,77.26484007740926,1.7748634292446512,366.64602556489876,79.2769027269662,1.5615401152043613,357.8591985665765
6.616666666666666,100.0,,,69.3131099285233,2.6580926651341823,392.7775824441189,82.30470864825031,1.2831435721515336,343.2050576778581,77.26269334771663,1.7749760023582037,366.6518277402264,79.27852557515864,1.5614302450426811,357.85333526332863
6.633333333333334,100.0,,,69.31275935309215,2.658100829491767,392.778066535891,82.30637093254259,1.2831045207040468,343.2010099479007,77.26057041141438,1.7750869840063328,366.65755489753684,79.28013773947386,1.5613214046025818,357.8475201444586
6.65,100.0,,,69.31241602901981,2.6581088424938173,392.77854089469105,82.30800693127814,1.2830662104541775,343.19703370879137,77.25847108355195,1.7751963938251423,366.66320784360124,79.28173921966926,1.5612135885623242,357.84175305588457
6.666666666666667,100.0,,,69.31207980283857,2.658116706998157,392.77900572101987,82.30961703118876,1.2830286271608933,343.193127711637,77.25639517893356,1.7753042512830917,366.6687873804072,79.2833300167328,1.5611067915484196,357.8360338398275
6.683333333333334,100.0,,,69.31175052439704,2.6581244152718515,392.77946120061137,82.31120161409319,1.2829917568586726,343.18929072882815,77.2543425121631,1.7754105756802416,366.67429430507866,79.28491013286771,1.5610010081371852,357.8303623348757
6.7,100.0,,,69.3114280471842,2.6581319893707023,392.77990754045777,82.31276105693763,1.282955585852449,343.1855215536971,77.25231289768848,1.7755153861476336,366.6797294098009,79.28647957147696,1.5608962328563,357.8247383760504
6.716666666666667,100.0,,,69.31111222721601,2.6581394243892675,392.780344924324,82.31429573183655,1.282920100712171,343.1818190001786,77.25030614984476,1.7756187016467015,366.6850934817494,79.2880383371481,1.5607924601864407,357.81916179487206
6.733333333333333,100.0,,,69.31080292379536,2.658146722091936,392.7807735362743,82.31580600611389,1.2828852882675554,343.1781819024761,77.2483220828966,1.7757205409687924,366.6903873030216,79.28958643563767,1.5606896845628124,357.81363241942717
6.75,100.0,,,69.31049999929515,2.658153884902191,392.78119355670515,82.31729224234472,1.2828511356030785,343.1746091147315,77.24636051107966,1.7758209227347825,366.6956116505734,79.29112387385595,1.5605879003767456,357.8081500744356
6.766666666666667,100.0,,,69.31020331906743,2.6581609153086427,392.78160516216644,82.31875479839685,1.282817630053069,343.171099510701,77.24442124864123,1.775919865394718,366.70076729615846,79.29265065985135,1.5604871019772535,357.8027145813193
6.783333333333333,100.0,,,69.30991275137191,2.6581678157808684,392.7820085254493,82.32019402747312,1.2827847591968944,343.16765198343535,77.24250410987983,1.7760173872275693,366.7058550062715,79.29416680279502,1.5603872836726045,357.7973257582696
6.8,100.0,,,69.30962816730992,2.6581745887512365,392.78240381568264,82.32161027815341,1.282752510854265,343.1642654449642,77.24060890918413,1.7761135063410338,366.71087554209447,79.29567231296538,1.560288439731904,357.7919834203166
6.816666666666666,100.0,,,69.30934944076101,2.6581812366099884,392.7827911984224,82.32300389443736,1.282720873080593,343.1609388259863,77.23873546107077,1.7762082406714286,366.71582965944685,79.29716720173255,1.5601905643866067,357.78668737939864
6.833333333333333,100.0,,,69.30907644832149,2.65818776170375,392.7831708357346,82.32437521578679,1.2826898341624242,343.15767107556314,77.23688358022137,1.776301607983595,366.72071810873786,79.29865148154289,1.5600936518320885,357.78143744443094
6.85,100.0,,,69.30880906924456,2.6581941663353774,392.78354288627446,82.32572457716861,1.282659382612967,343.1544611608179,77.23505308151877,1.7763936258709383,366.72554163492316,79.30012516590341,1.5599976962292155,357.77623342137576
6.866666666666666,100.0,,,69.30854718538184,2.6582004527642558,392.783907505362,82.32705230909774,1.2826295071677563,343.15130806663853,77.23324378008233,1.7764843117554885,366.73030097746386,79.30158826936629,1.559902691705811,357.7710751133121
6.883333333333334,100.0,,,69.30829068112642,2.6582066232069343,392.78426484505553,82.32835873767996,1.2826001967802667,343.14821079538495,77.23145549130236,1.7765736828880037,366.73499687028834,79.30304080751323,1.5598086323582254,357.76596232050565
6.9,100.0,,,69.30803944335695,2.658212679837746,392.784615054223,82.32964418465524,1.2825714406177648,343.1451683666013,77.22968803087365,1.7766617563481806,366.7396300417576,79.30448279693996,1.559715512252831,357.7608948404785
6.916666666666667,100.0,,,69.30779336138316,2.6582186247896,392.7849582786113,82.33090896744073,1.2825432280571445,343.142179816732,77.22794121482838,1.7767485490448287,366.7442012146323,79.3059142552407,1.559623325427474,357.7558724680794
6.933333333333334,100.0,,,69.30755232689273,2.658224460154683,392.78529466091356,82.33215339917396,1.2825155486808641,343.1392441988418,77.22621485956796,1.7768340777162275,366.748711106044,79.30733520099244,1.5595320658930598,357.75089499555384
6.95,100.0,,,69.30731623389899,2.6582301879852475,392.78562434083506,82.33337778875618,1.28248839227295,343.13636058234124,77.22450878189413,1.7769183589304027,366.7531604274676,79.30874565373956,1.5594417276349237,357.74596221261356
6.966666666666667,100.0,,,69.3070849786902,2.6582358102943435,392.7859474551577,82.33458244089545,1.2824617488151127,343.1335280527145,77.22282279903928,1.777001409085538,366.75754988469714,79.31014563397818,1.5593523046143556,357.7410739065066
6.983333333333333,100.0,,,69.3068584597796,2.658241329056583,392.78626413780285,82.33576765614993,1.2824356084829038,343.13074571125276,77.22115672869586,1.7770832444104017,366.7618801778242,79.31153516314062,1.5592637907699956,357.73622986208693
7.0,100.0,,,69.30663657785688,2.6582467462089125,392.7865745198923,82.33693373097103,1.2824099616419464,343.1280126747912,77.21951038904513,1.7771638809647952,366.7661520012175,79.31291426357984,1.5591761800192983,357.7314298618839
7.016666666666667,100.0,,,69.30641923574052,2.6582520636512785,392.786878729809,82.33808095774653,1.282384798844279,343.1253280754502,77.21788359878502,1.7772433346401177,366.77036604350667,79.31428295855396,1.5590894662599482,357.7266736861716
7.033333333333333,100.0,,,69.30620633833125,2.6582572832473828,392.7871768932549,82.3392096248437,1.282360110824705,343.1226910603797,77.21627617715724,1.7773216211598466,366.7745229875667,79.31564127221075,1.5590036433712122,357.7219611130376
7.05,100.0,,,69.30599779256653,2.658262406825418,392.78746913330906,82.34032001665224,1.28233588849725,343.1201007915084,77.21468794397357,1.7773987560802182,366.77862351050544,79.31698922957212,1.5589187052153959,357.71729191845174
7.066666666666666,100.0,,,69.30579350737622,2.6582674361786762,392.7877555704833,82.34141241362724,1.2823121229517196,343.1175564452967,77.21311871964149,1.7774747547908,366.782668283653,79.3183268565186,1.5588346456391262,357.7126658763347
7.083333333333333,100.0,,,69.30559339363893,2.6582723730663163,392.7880363227769,82.34248709233191,1.2822888054502246,343.11505721249296,77.21156832518892,1.777549632515175,366.7866579725529,79.31965417977406,1.5587514584747901,357.70808275862544
7.1,100.0,,,69.30539736413947,2.658277219213964,392.7883115057309,82.3435443254803,1.2822659274239019,343.1126022978938,77.21003658228842,1.777623404311661,366.790593236956,79.32097122689018,1.558669137541784,357.7035423353494
7.116666666666666,100.0,,,69.30520533352733,2.6582819763144205,392.7885812324797,82.34458438197986,1.28224348046958,343.1101909201084,77.20852331328038,1.7776960850740342,366.7944747308154,79.32227802623112,1.55858767664787,357.6990443746854
7.133333333333334,100.0,,,69.30501721827608,2.6582866460282486,392.7888456138032,82.3456075269738,1.2822214563465892,343.10782231132623,77.20702834119571,1.7777676895322814,366.7983031022839,79.32357460695822,1.5585070695904726,357.6945886430326
7.15,100.0,,,69.30483293664346,2.658291229984418,392.78910475817605,82.34661402188341,1.2821998469736033,343.10549571708816,77.20555148977772,1.7778382322534363,366.8020789937133,79.32486099901466,1.5584273101579371,357.6901749050764
7.166666666666667,100.0,,,69.30465240863262,2.658295729780967,392.78935877181783,82.34760412445006,1.2821786444255228,343.1032103960616,77.20409258350332,1.7779077276423687,366.8058030416546,79.32613723311027,1.5583483921308006,357.6858029238545
7.183333333333334,100.0,,,69.30447555595401,2.658300146985537,392.7896077587403,82.34857808877713,1.2821578409304706,343.1009656198192,77.20265144760357,1.7779761899426503,366.8094758768611,79.32740334070628,1.5582703092830414,357.68147246082214
7.2,100.0,,,69.30430230198829,2.658304483135998,392.7898518207948,82.34953616537182,1.2821374288667868,343.0987606726205,77.20122790808338,1.7780436332374614,366.81309812429237,79.32865935400024,1.558193055383278,357.6771832759169
7.216666666666667,100.0,,,69.30413257174983,2.6583087397410385,392.79009105771775,82.35047860118654,1.2821174007601164,343.09659485119727,77.19982179174075,1.7781100714504452,366.8166704031199,79.32990530591081,1.5581166241959887,357.6729351276227
7.233333333333333,100.0,,,69.30396629185137,2.658312918280692,392.7903255671759,82.35140563966036,1.2820977492805627,343.0944674645429,77.19843292618523,1.7781755183466714,366.8201933267343,79.33114123006291,1.5580410094826904,357.6687277730332
7.25,100.0,,,69.30380339046907,2.658317020206958,392.7905554448106,82.35231752076002,1.2820784672398522,343.0923778337042,77.19706113985573,1.778239987533604,366.8236675027544,79.33236716077256,1.5579662050031113,357.66456096791546
7.266666666666667,100.0,,,69.30364379730858,2.6583210469442755,392.7907807842803,82.35321448102091,1.2820595475885945,343.09032529157673,77.19570626203773,1.7783034924620038,366.8270935330375,79.3335831330321,1.5578922045163075,357.66043446677173
7.283333333333333,100.0,,,69.30348744357184,2.6583249998901044,392.79100167730286,82.35409675358758,1.2820409834135977,343.0883091827041,77.19436812287978,1.7783660464270106,366.83047201369016,79.33478918249531,1.557819001781812,357.656348022901
7.3,100.0,,,69.30333426192455,2.658328880415468,392.7912182136967,82.35496456825432,1.282022767935182,343.0863288630794,77.19304655340952,1.778427662569082,366.83380353508215,79.3359853454626,1.5577465905607446,357.65230138846084
7.316666666666666,100.0,,,69.3031841864643,2.658332689865379,392.7914304814213,82.35581815150525,1.282004894504629,343.0843836999508,77.19174138554892,1.7784883538750706,366.83708868186,79.33717165886635,1.557674964616869,357.64829431452705
7.333333333333333,100.0,,,69.3030371526896,2.6583364295594545,392.7916385666162,82.35665772655426,1.2819873566015867,343.0824730716294,77.19045245212905,1.7785481331792385,366.8403280329627,79.33834816025632,1.5576041177176723,357.64432655115394
7.35,100.0,,,69.30289309746937,2.6583401007923033,392.79184255363987,82.35748351338466,1.2819701478316048,343.0805963673009,77.18917958690419,1.7786070131643386,366.8435221616381,79.33951488778501,1.5575340436354184,357.64039784743284
7.366666666666666,100.0,,,69.30275195901338,2.6583437048341194,392.79204252510743,82.35829572878863,1.2819532619236935,343.07875298683996,77.18792262456537,1.7786650063626732,366.84667163546106,79.3406718801933,1.557464736148169,357.6365079515511
7.383333333333334,100.0,,,69.30261367684295,2.6583472429310477,392.79223856192726,82.35909458640633,1.281936692727878,343.07694234062757,77.18668140075339,1.7787221251572183,366.8497770163522,79.34181917679601,1.5573961890407888,357.6326566108491
7.4,100.0,,,69.30247819176276,2.658350716305713,392.79243074333755,82.35988029676474,1.281920434212903,343.0751638493715,77.18545575207114,1.7787783817827059,366.85283886059784,79.3429568174676,1.5573283961058926,357.62884357187727
7.416666666666667,100.0,,,69.30234544583277,2.6583541261576817,392.7926191469412,82.36065306731628,1.2819044804638546,343.07341694392943,77.18424551609566,1.778833788326743,366.855857718871,79.34408484262804,1.5572613511448903,357.62506858045253
7.433333333333334,100.0,,,69.3022153823413,2.658357473663874,392.79280384874085,82.36141310247707,1.281888825679971,343.0717010651353,77.18305053138921,1.7788883567309306,366.85883413625334,79.34520329322862,1.5571950479688588,357.62133138171333
7.45,100.0,,,69.30208794577828,2.6583607599790033,392.79298492317207,82.362160603665,1.2818734641723706,343.070015663628,77.18187063751031,1.7789420987920284,366.8617686522582,79.34631221073803,1.557129480399507,357.61763172017453
7.466666666666667,100.0,,,69.3019630818093,2.6583639862360195,392.79316244313713,82.36289576933737,1.2818583903618945,343.06836019968375,77.18070567502392,1.778995026163083,366.8646618008548,79.34741163712836,1.5570646422700565,357.6139693397813
7.483333333333333,100.0,,,69.30184073725017,2.658367153546531,392.7933364800369,82.3636187950284,1.2818435987769567,343.0667341430498,77.17955548551119,1.7790471503545984,366.867514110492,79.34850161486129,1.5570005274261411,357.610343983962
7.5,100.0,,,69.30172086004198,2.658370263001202,392.7935071038025,82.36432987338628,1.2818290840514808,343.06513697278257,77.1784199115788,1.7790984827356997,366.87032610412484,79.34958218687444,1.5569371297266885,357.60675539568075
7.516666666666667,100.0,,,69.30160339922692,2.6583733156701754,392.7936743829268,82.36502919421001,1.2818148409228076,343.06356817708667,77.17729879686767,1.7791490345353063,366.87309829924055,79.35065339656774,1.5568744430447226,357.6032033174889
7.533333333333333,100.0,,,69.30148830492439,2.6583763126034516,392.7938383844941,82.36571694448598,1.2818008642297123,343.0620272531582,77.17619198606141,1.7791988168432962,366.87583120788554,79.35171528778984,1.5568124612682386,357.5996874915758
7.55,100.0,,,69.30137552830767,2.658379254831291,392.7939991742103,82.36639330842408,1.2817871489104415,343.0605137070295,77.17509932489394,1.779247840611731,366.87852533669343,79.35276790482493,1.5567511783009758,357.59620765981884
7.566666666666666,100.0,,,69.30126502158137,2.6583821433645554,392.79415681643155,82.36705846749366,1.2817736900007328,343.0590270534169,77.17402066015708,1.77929611665603,366.8811811869137,79.35381129237915,1.5566905880632236,357.5927635638327
7.583333333333333,100.0,,,69.301156737959,2.6583849791951524,392.7943113741928,82.3677126004591,1.2817604826319546,343.057566815571,77.17295583970733,1.7793436556561402,366.8837992544408,79.35484549556769,1.5566306844925828,357.58935494501736
7.6,100.0,,,69.30105063164127,2.65838776329632,392.7944629092358,82.36835588341503,1.281747522029236,343.0561325251294,77.17190471247245,1.779390468157781,366.88638002984396,79.35587055990165,1.5565714615447164,357.58598154460634
7.616666666666666,100.0,,,69.30094665779481,2.658390496623048,392.7946114820361,82.36898848982142,1.2817348035096454,343.05472372197147,77.17086712845752,1.7794365645736407,366.88892399839807,79.35688653127508,1.5565129131940731,357.5826431037131
7.633333333333334,100.0,,,69.3008447725313,2.6583931801123963,392.79475715182946,82.36961059053803,1.2817223224804006,343.0533399540766,77.16984293875043,1.779481955184556,366.89143164011415,79.35789345595217,1.5564550334346376,357.57933936337713
7.65,100.0,,,69.30074493288717,2.6583958146838493,392.79489997663825,82.37022235385885,1.2817100744371164,343.05198077738316,77.16883199552736,1.779526650140789,366.8939034297718,79.35889138055452,1.5563978162805596,357.5760700646089
7.666666666666667,100.0,,,69.30064709680369,2.6583984012396105,392.7950400132967,82.37082394554601,1.2816980549620705,343.0506457556517,77.1678341520573,1.7795706594631495,366.8963398369505,79.35988035204866,1.5563412557668783,357.57283494843506
7.683333333333334,100.0,,,69.30055122310742,2.6584009406650515,392.795177317476,82.37141552886354,1.2816862597225427,343.04933446032874,77.16684926270673,1.7796139930442954,366.89874132606286,79.3608604177335,1.556285345950171,357.5696337559408
7.7,100.0,,,69.30045727149128,2.658403433828879,392.79531194370844,82.37199726461063,1.2816746844691431,343.04804647041385,77.16587718294352,1.7796566606499042,366.9011083563876,79.3618316252281,1.556230080909177,357.56646622831386
7.716666666666667,100.0,,,69.30036520249575,2.658405881583582,392.7954439454115,82.3725693111547,1.2816633250342115,343.0467813723288,77.16491776934059,1.7796986719199077,366.90344138210304,79.3627940224593,1.5561754547454312,357.56333210688575
7.733333333333333,100.0,,,69.30027497749084,2.6584082847656547,392.7955733749111,82.37313182446407,1.2816521773301934,343.04553875978837,77.16397087957931,1.7797400363696727,366.905740852321,79.36374765764984,1.5561214615838526,357.56023113317326
7.75,100.0,,,69.30018655865813,2.658410644195972,392.79570028346467,82.37368495814033,1.281641237348126,343.0443182336743,77.16303637245231,1.7797807633912823,366.9080072111218,79.36469257930631,1.5560680955733457,357.5571630489189
7.766666666666667,100.0,,,69.30009990897331,2.6584129606800246,392.7958247212831,82.37422886345038,1.2816305011560742,343.04311940191025,77.16211410786615,1.7798208622547165,366.9102408975882,79.36562883620738,1.556015350887357,357.55412759613023
7.783333333333333,100.0,,,69.3000149921893,2.658415235008252,392.79594673755304,82.3747636893582,1.2816199648976445,343.0419418793394,77.16120394684353,1.7798603421090375,366.91244234584116,79.36655647739205,1.555963221724448,357.5511245171191
7.8,100.0,,,69.29993177281945,2.6584174679563226,392.79606638045806,82.37528958255615,1.2816096247905393,343.04078528760476,77.1603057515252,1.7798992119836625,366.91461198507466,79.36747555214816,1.5559117023087832,357.5481535545392
7.816666666666666,100.0,,,69.29985021612117,2.6584196602854124,392.79618369719964,82.37580668749612,1.2815994771250712,343.03964925503,77.15941938517155,1.779937480789544,366.91675023959226,79.36838611000096,1.5558607868906997,357.54521445142376
7.833333333333333,100.0,,,69.29977028808013,2.6584218127425028,392.7962987340179,82.37631514642023,1.2815895182628083,343.0385334165037,77.15854471216386,1.779975157320381,366.9188575288426,79.36928820070175,1.555810469747158,357.54230695122175
7.85,100.0,,,69.2996919553945,2.6584239260605895,392.7964115362114,82.37681509939122,1.2815797446351214,343.0374374133644,77.1576815980053,1.780012250253825,366.9209342674559,79.37018187421693,1.5557607451822824,357.5394307978336
7.866666666666666,100.0,,,69.2996151854598,2.6584260009590253,392.79652214815695,82.37730668432265,1.281570152741898,343.0363608932889,77.1568299093215,1.7800487681526815,366.9229808652804,79.3710671807167,1.5557116075277646,357.536585735646
7.883333333333334,100.0,,,69.2995399463539,2.6584280381437266,392.79663061332883,82.37779003700855,1.281560739150166,343.0353035101811,77.15598951386102,1.7800847194661409,366.92499772741934,79.37194417056443,1.555663051143358,357.53377150956635
7.9,100.0,,,69.29946620682246,2.658430038307459,392.79673697431735,82.37826529115289,1.2815515004927875,343.0342649240638,77.15516028049534,1.7801201125309178,366.9269852542677,79.37281289430585,1.5556150704173155,357.5309878650559
7.916666666666667,100.0,,,69.29939393626456,2.658432002130059,392.79684127284764,82.37873257839874,1.2815424334672196,343.0332448009714,77.15434207921872,1.7801549555724931,366.92894384154977,79.3736734026584,1.5555676597667747,357.52823454816246
7.933333333333334,100.0,,,69.29932310471884,2.6584339302787106,392.79694354979756,82.37919202835707,1.281533534834227,343.0322428128453,77.15353478114764,1.780189256706308,366.9308738803559,79.37452574650071,1.5555208136381993,357.52551130555224
7.95,100.0,,,69.29925368284975,2.658435823408166,392.79704384521506,82.3796437686352,1.2815248014166463,343.0312586374305,77.1527382585202,1.7802230239388963,366.93277575718076,79.37536997686247,1.5554745265077445,357.522817884541
7.966666666666667,100.0,,,69.29918564193419,2.6584376821609967,392.7971421983359,82.38008792486494,1.2815162300982132,343.03029195817425,77.15195238469495,1.7802562651690992,366.9346498539604,79.37620614491406,1.555428792881648,357.5201540331242
7.983333333333333,100.0,,,69.29911895384843,2.658439507167802,392.79723864759995,82.38052462073051,1.2815078178223462,343.0293424641261,77.1511770341498,1.7802889881892454,366.9364965481105,79.37703430195663,1.555383607296589,357.517519500007
