$MeshFormat
2.2 0 8
$EndMeshFormat
$PhysicalNames
6
2 1 "bath"
2 2 "node_1"
2 3 "node_2"
2 4 "node_3"
2 5 "node_4"
2 6 "node_5"
$EndPhysicalNames
$Nodes
9557
1 0 0 0
2 5975 0 0
3 0 5000 0
4 5975 5000 0
5 2425 2500 0
6 2725 2500 0
7 3025 2500 0
8 3325 2500 0
9 3625 2500 0
10 2387.5 2500 0
11 2687.5 2500 0
12 2987.5 2500 0
13 3287.5 2500 0
14 3587.5 2500 0
15 99.58333333333333 0 0
16 199.1666666666667 0 0
17 298.75 0 0
18 398.3333333333333 0 0
19 497.9166666666667 0 0
20 597.5 0 0
21 697.0833333333334 0 0
22 796.6666666666666 0 0
23 896.25 0 0
24 995.8333333333334 0 0
25 1095.416666666667 0 0
26 1195 0 0
27 1294.583333333333 0 0
28 1394.166666666667 0 0
29 1493.75 0 0
30 1593.333333333333 0 0
31 1692.916666666667 0 0
32 1792.5 0 0
33 1892.083333333333 0 0
34 1991.666666666667 0 0
35 2091.25 0 0
36 2190.833333333333 0 0
37 2290.416666666667 0 0
38 2390 0 0
39 2489.583333333333 0 0
40 2589.166666666667 0 0
41 2688.75 0 0
42 2788.333333333333 0 0
43 2887.916666666667 0 0
44 2987.5 0 0
45 3087.083333333333 0 0
46 3186.666666666667 0 0
47 3286.25 0 0
48 3385.833333333333 0 0
49 3485.416666666667 0 0
50 3585 0 0
51 3684.583333333333 0 0
52 3784.166666666667 0 0
53 3883.75 0 0
54 3983.333333333333 0 0
55 4082.916666666667 0 0
56 4182.5 0 0
57 4282.083333333333 0 0
58 4381.666666666667 0 0
59 4481.25 0 0
60 4580.833333333334 0 0
61 4680.416666666667 0 0
62 4780 0 0
63 4879.583333333333 0 0
64 4979.166666666666 0 0
65 5078.75 0 0
66 5178.333333333333 0 0
67 5277.916666666667 0 0
68 5377.5 0 0
69 5477.083333333334 0 0
70 5576.666666666667 0 0
71 5676.25 0 0
72 5775.833333333333 0 0
73 5875.416666666667 0 0
74 0 4900 0
75 0 4800 0
76 0 4700 0
77 0 4600 0
78 0 4500 0
79 0 4400 0
80 0 4300 0
81 0 4200 0
82 0 4100 0
83 0 4000 0
84 0 3900 0
85 0 3800 0
86 0 3700 0
87 0 3600 0
88 0 3500 0
89 0 3400 0
90 0 3300 0
91 0 3200 0
92 0 3100 0
93 0 3000 0
94 0 2900 0
95 0 2800 0
96 0 2700 0
97 0 2600 0
98 0 2500 0
99 0 2400 0
100 0 2300 0
101 0 2200 0
102 0 2100 0
103 0 2000 0
104 0 1900 0
105 0 1800 0
106 0 1700 0
107 0 1600 0
108 0 1500 0
109 0 1400 0
110 0 1300 0
111 0 1200 0
112 0 1100 0
113 0 1000 0
114 0 900 0
115 0 800 0
116 0 700 0
117 0 600 0
118 0 500 0
119 0 400 0
120 0 300 0
121 0 200 0
122 0 100 0
123 5975 100 0
124 5975 200 0
125 5975 300 0
126 5975 400 0
127 5975 500 0
128 5975 600 0
129 5975 700 0
130 5975 800 0
131 5975 900 0
132 5975 1000 0
133 5975 1100 0
134 5975 1200 0
135 5975 1300 0
136 5975 1400 0
137 5975 1500 0
138 5975 1600 0
139 5975 1700 0
140 5975 1800 0
141 5975 1900 0
142 5975 2000 0
143 5975 2100 0
144 5975 2200 0
145 5975 2300 0
146 5975 2400 0
147 5975 2500 0
148 5975 2600 0
149 5975 2700 0
150 5975 2800 0
151 5975 2900 0
152 5975 3000 0
153 5975 3100 0
154 5975 3200 0
155 5975 3300 0
156 5975 3400 0
157 5975 3500 0
158 5975 3600 0
159 5975 3700 0
160 5975 3800 0
161 5975 3900 0
162 5975 4000 0
163 5975 4100 0
164 5975 4200 0
165 5975 4300 0
166 5975 4400 0
167 5975 4500 0
168 5975 4600 0
169 5975 4700 0
170 5975 4800 0
171 5975 4900 0
172 5875.416666666667 5000 0
173 5775.833333333333 5000 0
174 5676.25 5000 0
175 5576.666666666667 5000 0
176 5477.083333333333 5000 0
177 5377.5 5000 0
178 5277.916666666667 5000 0
179 5178.333333333333 5000 0
180 5078.75 5000 0
181 4979.166666666667 5000 0
182 4879.583333333333 5000 0
183 4780 5000 0
184 4680.416666666667 5000 0
185 4580.833333333333 5000 0
186 4481.25 5000 0
187 4381.666666666667 5000 0
188 4282.083333333333 5000 0
189 4182.5 5000 0
190 4082.916666666667 5000 0
191 3983.333333333333 5000 0
192 3883.75 5000 0
193 3784.166666666667 5000 0
194 3684.583333333333 5000 0
195 3585 5000 0
196 3485.416666666667 5000 0
197 3385.833333333333 5000 0
198 3286.25 5000 0
199 3186.666666666667 5000 0
200 3087.083333333333 5000 0
201 2987.5 5000 0
202 2887.916666666667 5000 0
203 2788.333333333333 5000 0
204 2688.75 5000 0
205 2589.166666666667 5000 0
206 2489.583333333333 5000 0
207 2390 5000 0
208 2290.416666666667 5000 0
209 2190.833333333333 5000 0
210 2091.25 5000 0
211 1991.666666666667 5000 0
212 1892.083333333333 5000 0
213 1792.5 5000 0
214 1692.916666666667 5000 0
215 1593.333333333333 5000 0
216 1493.75 5000 0
217 1394.166666666666 5000 0
218 1294.583333333333 5000 0
219 1195 5000 0
220 1095.416666666667 5000 0
221 995.8333333333339 5000 0
222 896.25 5000 0
223 796.666666666667 5000 0
224 697.083333333333 5000 0
225 597.5 5000 0
226 497.9166666666661 5000 0
227 398.333333333333 5000 0
228 298.75 5000 0
229 199.166666666667 5000 0
230 99.58333333333303 5000 0
231 2424.679182301518 2504.894732208252 0
232 2423.72221848584 2509.705714191345 0
233 2422.145482469173 2514.350628713691 0
234 2419.975952641917 2518.75 0
235 2417.250750260921 2522.828553587827 0
236 2414.016504294495 2526.516504294495 0
237 2410.328553587827 2529.750750260921 0
238 2406.25 2532.475952641917 0
239 2401.850628713691 2534.645482469173 0
240 2397.205714191345 2536.22221848584 0
241 2392.394732208252 2537.179182301518 0
242 2387.5 2537.5 0
243 2382.605267791748 2537.179182301518 0
244 2377.794285808655 2536.22221848584 0
245 2373.149371286309 2534.645482469173 0
246 2368.75 2532.475952641917 0
247 2364.671446412173 2529.750750260921 0
248 2360.983495705505 2526.516504294495 0
249 2357.749249739079 2522.828553587827 0
250 2355.024047358083 2518.75 0
251 2352.854517530827 2514.350628713691 0
252 2351.27778151416 2509.705714191345 0
253 2350.320817698482 2504.894732208252 0
254 2350 2500 0
255 2350.320817698482 2495.105267791748 0
256 2351.27778151416 2490.294285808656 0
257 2352.854517530827 2485.649371286309 0
258 2355.024047358083 2481.25 0
259 2357.749249739079 2477.171446412173 0
260 2360.983495705504 2473.483495705505 0
261 2364.671446412173 2470.249249739079 0
262 2368.75 2467.524047358084 0
263 2373.149371286309 2465.354517530827 0
264 2377.794285808655 2463.77778151416 0
265 2382.605267791748 2462.820817698482 0
266 2387.5 2462.5 0
267 2392.394732208252 2462.820817698482 0
268 2397.205714191344 2463.77778151416 0
269 2401.850628713691 2465.354517530827 0
270 2406.25 2467.524047358083 0
271 2410.328553587827 2470.249249739079 0
272 2414.016504294495 2473.483495705505 0
273 2417.250750260921 2477.171446412173 0
274 2419.975952641917 2481.25 0
275 2422.145482469173 2485.649371286309 0
276 2423.72221848584 2490.294285808655 0
277 2424.679182301518 2495.105267791748 0
278 2724.679182301518 2504.894732208252 0
279 2723.72221848584 2509.705714191345 0
280 2722.145482469173 2514.350628713691 0
281 2719.975952641917 2518.75 0
282 2717.250750260921 2522.828553587827 0
283 2714.016504294495 2526.516504294495 0
284 2710.328553587827 2529.750750260921 0
285 2706.25 2532.475952641917 0
286 2701.850628713691 2534.645482469173 0
287 2697.205714191345 2536.22221848584 0
288 2692.394732208252 2537.179182301518 0
289 2687.5 2537.5 0
290 2682.605267791748 2537.179182301518 0
291 2677.794285808655 2536.22221848584 0
292 2673.149371286309 2534.645482469173 0
293 2668.75 2532.475952641917 0
294 2664.671446412173 2529.750750260921 0
295 2660.983495705505 2526.516504294495 0
296 2657.749249739079 2522.828553587827 0
297 2655.024047358083 2518.75 0
298 2652.854517530827 2514.350628713691 0
299 2651.27778151416 2509.705714191345 0
300 2650.320817698482 2504.894732208252 0
301 2650 2500 0
302 2650.320817698482 2495.105267791748 0
303 2651.27778151416 2490.294285808656 0
304 2652.854517530827 2485.649371286309 0
305 2655.024047358083 2481.25 0
306 2657.749249739079 2477.171446412173 0
307 2660.983495705504 2473.483495705505 0
308 2664.671446412173 2470.249249739079 0
309 2668.75 2467.524047358084 0
310 2673.149371286309 2465.354517530827 0
311 2677.794285808655 2463.77778151416 0
312 2682.605267791748 2462.820817698482 0
313 2687.5 2462.5 0
314 2692.394732208252 2462.820817698482 0
315 2697.205714191344 2463.77778151416 0
316 2701.850628713691 2465.354517530827 0
317 2706.25 2467.524047358083 0
318 2710.328553587827 2470.249249739079 0
319 2714.016504294495 2473.483495705505 0
320 2717.250750260921 2477.171446412173 0
321 2719.975952641917 2481.25 0
322 2722.145482469173 2485.649371286309 0
323 2723.72221848584 2490.294285808655 0
324 2724.679182301518 2495.105267791748 0
325 3024.679182301518 2504.894732208252 0
326 3023.72221848584 2509.705714191345 0
327 3022.145482469173 2514.350628713691 0
328 3019.975952641917 2518.75 0
329 3017.250750260921 2522.828553587827 0
330 3014.016504294495 2526.516504294495 0
331 3010.328553587827 2529.750750260921 0
332 3006.25 2532.475952641917 0
333 3001.850628713691 2534.645482469173 0
334 2997.205714191345 2536.22221848584 0
335 2992.394732208252 2537.179182301518 0
336 2987.5 2537.5 0
337 2982.605267791748 2537.179182301518 0
338 2977.794285808655 2536.22221848584 0
339 2973.149371286309 2534.645482469173 0
340 2968.75 2532.475952641917 0
341 2964.671446412173 2529.750750260921 0
342 2960.983495705505 2526.516504294495 0
343 2957.749249739079 2522.828553587827 0
344 2955.024047358083 2518.75 0
345 2952.854517530827 2514.350628713691 0
346 2951.27778151416 2509.705714191345 0
347 2950.320817698482 2504.894732208252 0
348 2950 2500 0
349 2950.320817698482 2495.105267791748 0
350 2951.27778151416 2490.294285808656 0
351 2952.854517530827 2485.649371286309 0
352 2955.024047358083 2481.25 0
353 2957.749249739079 2477.171446412173 0
354 2960.983495705504 2473.483495705505 0
355 2964.671446412173 2470.249249739079 0
356 2968.75 2467.524047358084 0
357 2973.149371286309 2465.354517530827 0
358 2977.794285808655 2463.77778151416 0
359 2982.605267791748 2462.820817698482 0
360 2987.5 2462.5 0
361 2992.394732208252 2462.820817698482 0
362 2997.205714191344 2463.77778151416 0
363 3001.850628713691 2465.354517530827 0
364 3006.25 2467.524047358083 0
365 3010.328553587827 2470.249249739079 0
366 3014.016504294495 2473.483495705505 0
367 3017.250750260921 2477.171446412173 0
368 3019.975952641917 2481.25 0
369 3022.145482469173 2485.649371286309 0
370 3023.72221848584 2490.294285808655 0
371 3024.679182301518 2495.105267791748 0
372 3324.679182301518 2504.894732208252 0
373 3323.72221848584 2509.705714191345 0
374 3322.145482469173 2514.350628713691 0
375 3319.975952641917 2518.75 0
376 3317.250750260921 2522.828553587827 0
377 3314.016504294495 2526.516504294495 0
378 3310.328553587827 2529.750750260921 0
379 3306.25 2532.475952641917 0
380 3301.850628713691 2534.645482469173 0
381 3297.205714191345 2536.22221848584 0
382 3292.394732208252 2537.179182301518 0
383 3287.5 2537.5 0
384 3282.605267791748 2537.179182301518 0
385 3277.794285808655 2536.22221848584 0
386 3273.149371286309 2534.645482469173 0
387 3268.75 2532.475952641917 0
388 3264.671446412173 2529.750750260921 0
389 3260.983495705505 2526.516504294495 0
390 3257.749249739079 2522.828553587827 0
391 3255.024047358083 2518.75 0
392 3252.854517530827 2514.350628713691 0
393 3251.27778151416 2509.705714191345 0
394 3250.320817698482 2504.894732208252 0
395 3250 2500 0
396 3250.320817698482 2495.105267791748 0
397 3251.27778151416 2490.294285808656 0
398 3252.854517530827 2485.649371286309 0
399 3255.024047358083 2481.25 0
400 3257.749249739079 2477.171446412173 0
401 3260.983495705504 2473.483495705505 0
402 3264.671446412173 2470.249249739079 0
403 3268.75 2467.524047358084 0
404 3273.149371286309 2465.354517530827 0
405 3277.794285808655 2463.77778151416 0
406 3282.605267791748 2462.820817698482 0
407 3287.5 2462.5 0
408 3292.394732208252 2462.820817698482 0
409 3297.205714191344 2463.77778151416 0
410 3301.850628713691 2465.354517530827 0
411 3306.25 2467.524047358083 0
412 3310.328553587827 2470.249249739079 0
413 3314.016504294495 2473.483495705505 0
414 3317.250750260921 2477.171446412173 0
415 3319.975952641917 2481.25 0
416 3322.145482469173 2485.649371286309 0
417 3323.72221848584 2490.294285808655 0
418 3324.679182301518 2495.105267791748 0
419 3624.679182301518 2504.894732208252 0
420 3623.72221848584 2509.705714191345 0
421 3622.145482469173 2514.350628713691 0
422 3619.975952641917 2518.75 0
423 3617.250750260921 2522.828553587827 0
424 3614.016504294495 2526.516504294495 0
425 3610.328553587827 2529.750750260921 0
426 3606.25 2532.475952641917 0
427 3601.850628713691 2534.645482469173 0
428 3597.205714191345 2536.22221848584 0
429 3592.394732208252 2537.179182301518 0
430 3587.5 2537.5 0
431 3582.605267791748 2537.179182301518 0
432 3577.794285808655 2536.22221848584 0
433 3573.149371286309 2534.645482469173 0
434 3568.75 2532.475952641917 0
435 3564.671446412173 2529.750750260921 0
436 3560.983495705505 2526.516504294495 0
437 3557.749249739079 2522.828553587827 0
438 3555.024047358083 2518.75 0
439 3552.854517530827 2514.350628713691 0
440 3551.27778151416 2509.705714191345 0
441 3550.320817698482 2504.894732208252 0
442 3550 2500 0
443 3550.320817698482 2495.105267791748 0
444 3551.27778151416 2490.294285808656 0
445 3552.854517530827 2485.649371286309 0
446 3555.024047358083 2481.25 0
447 3557.749249739079 2477.171446412173 0
448 3560.983495705504 2473.483495705505 0
449 3564.671446412173 2470.249249739079 0
450 3568.75 2467.524047358084 0
451 3573.149371286309 2465.354517530827 0
452 3577.794285808655 2463.77778151416 0
453 3582.605267791748 2462.820817698482 0
454 3587.5 2462.5 0
455 3592.394732208252 2462.820817698482 0
456 3597.205714191344 2463.77778151416 0
457 3601.850628713691 2465.354517530827 0
458 3606.25 2467.524047358083 0
459 3610.328553587827 2470.249249739079 0
460 3614.016504294495 2473.483495705505 0
461 3617.250750260921 2477.171446412173 0
462 3619.975952641917 2481.25 0
463 3622.145482469173 2485.649371286309 0
464 3623.72221848584 2490.294285808655 0
465 3624.679182301518 2495.105267791748 0
466 2412.479215525061 2521.855383323648 0
467 2362.600711591811 2478.568647919775 0
468 2365.804811316799 2524.179565933805 0
469 2409.625166557786 2474.78867773448 0
470 2385.14521161197 2465.972286775988 0
471 2354.871614324201 2502.115341470764 0
472 2389.27842220662 2533.543900355573 0
473 2420.841697656788 2497.679286044615 0
474 2356.088763497252 2489.337321992978 0
475 2419.083110922561 2511.219114801702 0
476 2376.915638313546 2531.496667769001 0
477 2373.022437655169 2469.608500436647 0
478 2398.281020541007 2468.221825659635 0
479 2402.685065998027 2529.750837173687 0
480 2357.878839210294 2514.519163583889 0
481 2416.699413891303 2485.323642149862 0
482 2409.31031399352 2525.451151139329 0
483 2407.957360068937 2520.894487539564 0
484 2410.816407371665 2517.188362568515 0
485 2406.080805396553 2516.254500692819 0
486 2409.229644944961 2512.534138146985 0
487 2403.904996352209 2511.196052144924 0
488 2400.367477765077 2515.967664324838 0
489 2397.78242228051 2509.969446427845 0
490 2393.7554798534 2514.589124503728 0
491 2391.569087205391 2509.106101263043 0
492 2395.467135603174 2504.740252866524 0
493 2389.805871867767 2503.95626969296 0
494 2393.115340265157 2499.948069988826 0
495 2388.087738882372 2499.067102370006 0
496 2384.719281174657 2502.960068230977 0
497 2383.146562854779 2498.053965296862 0
498 2386.1860165315 2494.469525309511 0
499 2379.896879771985 2501.860431019503 0
500 2378.233332867683 2497.122534227271 0
501 2397.940111104077 2500.624785168069 0
502 2395.931330131169 2496.00411679516 0
503 2374.996273265441 2500.955421062447 0
504 2376.797497325958 2505.963924924202 0
505 2401.112284120295 2496.759434619688 0
506 2398.9034167187 2491.749533261859 0
507 2373.143590449792 2496.307166460961 0
508 2376.766090262247 2492.168177581546 0
509 2371.447782783976 2504.828143452986 0
510 2371.103985272194 2490.800171551855 0
511 2404.946217372296 2492.358356443428 0
512 2388.045680087077 2513.634392929811 0
513 2375.055134444818 2486.664197760421 0
514 2373.259095611564 2510.543304928232 0
515 2406.382552906523 2498.741646378921 0
516 2367.123471719975 2496.126565721258 0
517 2402.637274362253 2486.744251648096 0
518 2396.477031063615 2486.474277944772 0
519 2389.937961562739 2519.59560640913 0
520 2383.522448863323 2518.539578928602 0
521 2400.30271534548 2480.749035777982 0
522 2393.73848312179 2480.713185960107 0
523 2366.889509229007 2508.784355490233 0
524 2369.011673683806 2514.666375959879 0
525 2380.282856072373 2488.101181711479 0
526 2378.967272873417 2482.039367607825 0
527 2373.169283909165 2480.010659797581 0
528 2411.090848013569 2492.716280934371 0
529 2378.611923761726 2511.062027755172 0
530 2364.699498724113 2489.648980209893 0
531 2374.409687224622 2516.294017668322 0
532 2378.194214144765 2476.196782523035 0
533 2383.395495646672 2477.573307554965 0
534 2406.052990561563 2482.669261795023 0
535 2412.896523679598 2499.167289863052 0
536 2409.532084651175 2503.988123323708 0
537 2386.208829782528 2524.937694714011 0
538 2392.58012117092 2524.830434175703 0
539 2380.778777472512 2523.844892668475 0
540 2372.939201463847 2522.430285839459 0
541 2389.443311159665 2486.310892998336 0
542 2361.468309685591 2494.863664685045 0
543 2362.831445649278 2500.003502937118 0
544 2402.612919860741 2504.951036632849 0
545 2363.495887357974 2514.008365494548 0
546 2361.122331005742 2509.470013086439 0
547 2365.115128303412 2518.78733421054 0
548 2397.078795748541 2475.901681400584 0
549 2402.120824055809 2475.1921857605 0
550 2386.526663707836 2508.002898632654 0
551 2415.753226492695 2504.728108130234 0
552 2381.498176928102 2528.559295786733 0
553 2416.333192942008 2495.590602801672 0
554 2414.400810546212 2513.024676051525 0
555 2358.049303896024 2498.44656061985 0
556 2404.326744430337 2524.401418801457 0
557 2369.31635746748 2485.207410934625 0
558 2364.079398163454 2483.792506916222 0
559 2382.178066961124 2472.7422414543 0
560 2387.401105420262 2473.806769510287 0
561 2408.159774853546 2487.446111719873 0
562 2411.586385019138 2482.916199037915 0
563 2412.236748541909 2508.556623102884 0
564 2392.996320251275 2491.117042070526 0
565 2381.523356913026 2493.384224538818 0
566 2356.105404400272 2509.975812848426 0
567 2358.23015846046 2505.826812613292 0
568 2362.535001260241 2504.712932377633 0
569 2360.185509527844 2486.729232587553 0
570 2367.511447713076 2479.991405516691 0
571 2369.655593711243 2476.150858493412 0
572 2416.152597318681 2490.527951414479 0
573 2381.684651015526 2506.961936887099 0
574 2359.417215388978 2482.067335993937 0
575 2355.957513259982 2493.862704534928 0
576 2377.396396911822 2471.2539966539 0
577 2386.116157301674 2530.024573801078 0
578 2415.481168069512 2518.096892023605 0
579 2391.021922047462 2495.347467800937 0
580 2381.017526442343 2467.79967855597 0
581 2384.189418131697 2483.738924812446 0
582 2396.000137944755 2520.26752888193 0
583 2398.613490495446 2526.04143859591 0
584 2394.805282089172 2529.123411557028 0
585 2400.740707846647 2521.243085712808 0
586 2362.102229222487 2522.155052424609 0
587 2360.609561711005 2518.129561180936 0
588 2412.869364805733 2478.09458789665 0
589 2372.573151064028 2530.268655345947 0
590 2376.031365348596 2526.445735979504 0
591 2381.345655488384 2532.979366380204 0
592 2406.164312422697 2472.069562531498 0
593 2393.908501896431 2467.044309066848 0
594 2421.176848935972 2502.207297295969 0
595 2389.212966795162 2466.523986788094 0
596 2420.071293567674 2506.858713357085 0
597 2402.407591990845 2469.830486152757 0
598 2368.905731482626 2527.926740518035 0
599 2365.464796883184 2474.832405519451 0
600 2420.220493448917 2493.050487406725 0
601 2415.651038386533 2481.031524549389 0
602 2369.481282028602 2519.865047213034 0
603 2353.839849835738 2497.905974883458 0
604 2395.28880278132 2471.45189033769 0
605 2392.241666399945 2475.019133788857 0
606 2419.788041122783 2488.969147613206 0
607 2370.65495534286 2500.102723404474 0
608 2368.772791651326 2471.839734247213 0
609 2417.340747366424 2500.118493422763 0
610 2418.217304929875 2515.088262318104 0
611 2373.732813901536 2474.386921483074 0
612 2388.834570575895 2491.52697825711 0
613 2398.4415766809 2532.232845501885 0
614 2383.555660350992 2511.922270760086 0
615 2354.19053947788 2506.364647935946 0
616 2385.369100557685 2534.245404567675 0
617 2390.322509356383 2529.05824950092 0
618 2356.714010660597 2485.006652372156 0
619 2385.076588230693 2489.588621271284 0
620 2388.401579980005 2479.527035770833 0
621 2394.071233942449 2533.430399446506 0
622 2390.601668207612 2470.739884256852 0
623 2404.123647495144 2478.831970332334 0
624 2406.580135601942 2528.366022003462 0
625 2412.737803819247 2487.7860370513 0
626 2376.461547998494 2467.499391986788 0
627 2399.035407023504 2472.119613862233 0
628 2408.333079232149 2478.831111548082 0
629 2369.862920459133 2524.209758850218 0
630 2407.503278870199 2508.24519467027 0
631 2359.654198223423 2490.793169973791 0
632 2359.435455740308 2502.062120523044 0
633 2402.011966997909 2500.269225699882 0
634 2385.745295010643 2470.085184675651 0
635 2378.089062466897 2520.466519393698 0
636 2406.073405952717 2475.942701581379 0
637 2416.164125158658 2508.642279624029 0
638 2379.637756533512 2515.656882901176 0
639 2372.097074546546 2526.367926575239 0
640 2404.140040895523 2519.646997069289 0
641 2366.813684092098 2502.389213352741 0
642 2709.607722165567 2525.226620586907 0
643 2666.359083972993 2475.334349992632 0
644 2662.571150623284 2521.912814908726 0
645 2711.998013197142 2478.111081236996 0
646 2685.448895088492 2533.35936876713 0
647 2689.66161450931 2467.374647219383 0
648 2721.543962982022 2502.106864990152 0
649 2654.010941683242 2497.384849972485 0
650 2677.256211149037 2468.926602269491 0
651 2656.021636519247 2511.171892161726 0
652 2719.52119715703 2489.61318192186 0
653 2657.654327018039 2485.395048883535 0
654 2698.239511263913 2530.865257963497 0
655 2672.254443073504 2529.848524695227 0
656 2702.171446412173 2470.249249739079 0
657 2717.599102094132 2514.8366715081 0
658 2659.419769750166 2518.301681887991 0
659 2664.114046385187 2517.555066620693 0
660 2667.415284385541 2520.87340075777 0
661 2668.959277037114 2516.300205948728 0
662 2672.236805329463 2519.907711495073 0
663 2674.258449926004 2514.803271279879 0
664 2669.989398380846 2510.673196286058 0
665 2676.273718141298 2508.893180851719 0
666 2672.219183513062 2504.297700486785 0
667 2677.940680236876 2502.845690876431 0
668 2681.760380780689 2507.280248496808 0
669 2683.276600068059 2501.769747995866 0
670 2686.818536759899 2505.574078477376 0
671 2688.34820124311 2500.704478270131 0
672 2684.928212202988 2496.856704174787 0
673 2689.997623680117 2495.937815612785 0
674 2693.154669971626 2499.419129644745 0
675 2686.647891558127 2492.219090542664 0
676 2691.562391429503 2491.188195140161 0
677 2685.517852006886 2510.269243677365 0
678 2690.361188452717 2508.880766352378 0
679 2688.18481653641 2487.478536907751 0
680 2682.984054201549 2488.61061030894 0
681 2688.936082280617 2513.918807802359 0
682 2694.191438288875 2512.382760915227 0
683 2693.03512830873 2486.248423024022 0
684 2696.665876457671 2490.380178306479 0
685 2684.808396773458 2483.454912547106 0
686 2698.761232010439 2484.945074027522 0
687 2692.799079914365 2518.294397199916 0
688 2673.911025647851 2498.761366325927 0
689 2702.346093516336 2489.402273481358 0
690 2678.905705530599 2484.504751077072 0
691 2686.282920501128 2518.885258155417 0
692 2693.999967158584 2480.303380371349 0
693 2698.666532804064 2516.737995239063 0
694 2699.738269945851 2510.66569231531 0
695 2667.753818880602 2499.859364574778 0
696 2669.638204343435 2493.636576721776 0
697 2704.915179870288 2515.205941397372 0
698 2705.807527225008 2508.702546430549 0
699 2681.481004768852 2478.419246361459 0
700 2675.372307754176 2479.755497670697 0
701 2700.239048564153 2494.397707182278 0
702 2706.420721073332 2493.88460449286 0
703 2709.188862429065 2488.401017633548 0
704 2691.642182276855 2524.339741153341 0
705 2677.692736173304 2489.74407812495 0
706 2700.73852799313 2478.745639372072 0
707 2673.054008593148 2484.894880582863 0
708 2712.314226444999 2493.880769772637 0
709 2710.270574306431 2498.857881019347 0
710 2702.260820124844 2520.656382421636 0
711 2685.010674654767 2525.287943382295 0
712 2680.670231507997 2521.323042561213 0
713 2662.944182253279 2495.464853588963 0
714 2662.218904758362 2501.79563800594 0
715 2664.736399277408 2490.22389541906 0
716 2667.162173953931 2482.636031312801 0
717 2700.818341787626 2503.71347287512 0
718 2695.990210668096 2474.861440695532 0
719 2690.716419497968 2475.542031326412 0
720 2680.618688289139 2514.337386777059 0
721 2676.666529272281 2474.137122150683 0
722 2681.553980881768 2472.611910872177 0
723 2671.686051332331 2475.083025050706 0
724 2710.14187040803 2512.642309588728 0
725 2710.187179458545 2517.733810409167 0
726 2679.692613154525 2497.990402849502 0
727 2679.124555418237 2527.394374272769 0
728 2659.968428059742 2490.321787224964 0
729 2688.108187309772 2529.162062805637 0
730 2671.075491489427 2524.970609012927 0
731 2692.884236711588 2471.004023210966 0
732 2661.111007841113 2513.497765018187 0
733 2704.539478035741 2483.902741373854 0
734 2706.62583771089 2478.895267016533 0
735 2715.219216297517 2498.281448267455 0
736 2713.48205210473 2503.320854114865 0
737 2697.249846281836 2522.12163885045 0
738 2701.293742555698 2526.110206144522 0
739 2675.787786398853 2523.40825879709 0
740 2695.589549239356 2506.608757143777 0
741 2694.839285049393 2494.938019902685 0
742 2681.738044491249 2467.546889247103 0
743 2685.548633515726 2470.215848448332 0
744 2686.086826299193 2474.632724851007 0
745 2704.222490591319 2474.651371518522 0
746 2709.946447801793 2482.794098198408 0
747 2713.474271200183 2485.421192709318 0
748 2693.151099471576 2529.643820811011 0
749 2681.356678807451 2493.325687019898 0
750 2708.944786521767 2474.498149853407 0
751 2697.701910738905 2469.528441414242 0
752 2717.318862141327 2493.734940995177 0
753 2657.912918308027 2494.709002976511 0
754 2665.905654074378 2525.379666890896 0
755 2691.653026066986 2504.09906882824 0
756 2720.270975819916 2497.77597024862 0
757 2704.054077080416 2498.840236844149 0
758 2666.296371997991 2505.781974715627 0
759 2660.23074792466 2507.61932322378 0
760 2657.672212611917 2503.441416373199 0
761 2664.710392652792 2510.354652666413 0
762 2715.328453378513 2481.438341375389 0
763 2720.486163324816 2506.099981699416 0
764 2680.915875580805 2533.100628713691 0
765 2659.438641950022 2481.25 0
766 2662.777468168883 2485.17761989003 0
767 2655.606079825694 2489.593635643396 0
768 2662.239215685164 2477.919636926508 0
769 2672.709693839993 2470.493992718302 0
770 2668.835255111498 2471.73693297176 0
771 2705.906641679008 2528.011556403823 0
772 2712.755307073129 2522.150290292363 0
773 2719.269885722081 2510.497351380774 0
774 2676.448556961412 2531.397399897939 0
775 2715.46557825626 2518.717967238391 0
776 2690.119177132207 2533.34765850813 0
777 2702.631749665969 2530.386085223453 0
778 2670.147533796849 2479.519450029838 0
779 2693.96964167188 2466.901142211447 0
780 2714.776002631595 2511.422126919257 0
781 2711.648239777741 2507.961758131473 0
782 2694.222046853458 2533.451627613999 0
783 2689.596874945365 2483.285658940229 0
784 2717.863741972186 2485.108657775446 0
785 2683.487521178155 2529.569989140718 0
786 2668.531407009897 2528.485100700378 0
787 2714.690933458587 2489.693771696949 0
788 2695.726337451776 2502.429104404309 0
789 2654.114748618659 2506.640739387828 0
790 2676.194565554214 2494.533236118548 0
791 2685.537559556309 2466.14475327031 0
792 2653.825707805921 2493.417408438559 0
793 2658.321936453001 2499.00549973763 0
794 2706.383455422617 2471.434413641634 0
795 2698.138626650832 2498.956278475548 0
796 2707.680135380325 2503.566124902584 0
797 2653.497884110393 2502.151473380979 0
798 2716.095194205658 2506.869002776414 0
799 2706.317112831067 2519.244412195672 0
800 2656.886195799887 2515.214393556319 0
801 2696.315276369976 2526.616132984564 0
802 2721.163367913984 2493.298164094387 0
803 2713.633946569712 2515.070577132728 0
804 2705.768523172258 2523.417943754467 0
805 2665.797603453537 2479.349185350705 0
806 2676.714392290291 2518.755934182063 0
807 2700.262670794238 2473.594155383518 0
808 2689.119288347304 2471.905895126579 0
809 2685.338885769442 2514.35267410305 0
810 2717.388807616586 2502.16555458453 0
811 2668.436948358328 2487.998157497639 0
812 2708.927168940113 2521.554615447715 0
813 2675.190237165923 2527.290855742901 0
814 2673.003292604486 2490.161385809155 0
815 2663.367874704148 2481.286484351934 0
816 2665.849124537748 2513.933235322904 0
817 2687.831434252686 2479.178720814257 0
818 3009.607722165567 2525.226620586907 0
819 2966.359083972993 2475.334349992632 0
820 2962.571150623284 2521.912814908726 0
821 3011.998013197142 2478.111081236996 0
822 2985.448895088492 2533.35936876713 0
823 2989.66161450931 2467.374647219383 0
824 3021.543962982022 2502.106864990152 0
825 2954.010941683242 2497.384849972485 0
826 2977.256211149037 2468.926602269491 0
827 2956.021636519247 2511.171892161726 0
828 3019.52119715703 2489.61318192186 0
829 2957.654327018039 2485.395048883535 0
830 2998.239511263913 2530.865257963497 0
831 2972.254443073504 2529.848524695227 0
832 3002.171446412173 2470.249249739079 0
833 3017.599102094132 2514.8366715081 0
834 2959.419769750166 2518.301681887991 0
835 2964.114046385187 2517.555066620693 0
836 2967.415284385541 2520.87340075777 0
837 2968.959277037114 2516.300205948728 0
838 2972.236805329463 2519.907711495073 0
839 2974.258449926004 2514.803271279879 0
840 2969.989398380846 2510.673196286058 0
841 2976.273718141298 2508.893180851719 0
842 2972.219183513062 2504.297700486785 0
843 2977.940680236876 2502.845690876431 0
844 2981.760380780689 2507.280248496808 0
845 2983.276600068059 2501.769747995866 0
846 2986.818536759899 2505.574078477376 0
847 2988.34820124311 2500.704478270131 0
848 2984.928212202988 2496.856704174787 0
849 2989.997623680117 2495.937815612785 0
850 2993.154669971626 2499.419129644745 0
851 2986.647891558127 2492.219090542664 0
852 2991.562391429503 2491.188195140161 0
853 2985.517852006886 2510.269243677365 0
854 2990.361188452717 2508.880766352378 0
855 2988.18481653641 2487.478536907751 0
856 2982.984054201549 2488.61061030894 0
857 2988.936082280617 2513.918807802359 0
858 2994.191438288875 2512.382760915227 0
859 2993.03512830873 2486.248423024022 0
860 2996.665876457671 2490.380178306479 0
861 2984.808396773458 2483.454912547106 0
862 2998.761232010439 2484.945074027522 0
863 2992.799079914365 2518.294397199916 0
864 2973.911025647851 2498.761366325927 0
865 3002.346093516336 2489.402273481358 0
866 2978.905705530599 2484.504751077072 0
867 2986.282920501128 2518.885258155417 0
868 2993.999967158584 2480.303380371349 0
869 2998.666532804064 2516.737995239063 0
870 2999.738269945851 2510.66569231531 0
871 2967.753818880602 2499.859364574778 0
872 2969.638204343435 2493.636576721776 0
873 3004.915179870288 2515.205941397372 0
874 3005.807527225008 2508.702546430549 0
875 2981.481004768852 2478.419246361459 0
876 2975.372307754176 2479.755497670697 0
877 3000.239048564153 2494.397707182278 0
878 3006.420721073332 2493.88460449286 0
879 3009.188862429065 2488.401017633548 0
880 2991.642182276855 2524.339741153341 0
881 2977.692736173304 2489.74407812495 0
882 3000.73852799313 2478.745639372072 0
883 2973.054008593148 2484.894880582863 0
884 3012.314226444999 2493.880769772637 0
885 3010.270574306431 2498.857881019347 0
886 3002.260820124844 2520.656382421636 0
887 2985.010674654767 2525.287943382295 0
888 2980.670231507997 2521.323042561213 0
889 2962.944182253279 2495.464853588963 0
890 2962.218904758362 2501.79563800594 0
891 2964.736399277408 2490.22389541906 0
892 2967.162173953931 2482.636031312801 0
893 3000.818341787626 2503.71347287512 0
894 2995.990210668096 2474.861440695532 0
895 2990.716419497968 2475.542031326412 0
896 2980.618688289139 2514.337386777059 0
897 2976.666529272281 2474.137122150683 0
898 2981.553980881768 2472.611910872177 0
899 2971.686051332331 2475.083025050706 0
900 3010.14187040803 2512.642309588728 0
901 3010.187179458545 2517.733810409167 0
902 2979.692613154525 2497.990402849502 0
903 2979.124555418237 2527.394374272769 0
904 2959.968428059742 2490.321787224964 0
905 2988.108187309772 2529.162062805637 0
906 2971.075491489427 2524.970609012927 0
907 2992.884236711588 2471.004023210966 0
908 2961.111007841113 2513.497765018187 0
909 3004.539478035741 2483.902741373854 0
910 3006.62583771089 2478.895267016533 0
911 3015.219216297517 2498.281448267455 0
912 3013.48205210473 2503.320854114865 0
913 2997.249846281836 2522.12163885045 0
914 3001.293742555698 2526.110206144522 0
915 2975.787786398853 2523.40825879709 0
916 2995.589549239356 2506.608757143777 0
917 2994.839285049393 2494.938019902685 0
918 2981.738044491249 2467.546889247103 0
919 2985.548633515726 2470.215848448332 0
920 2986.086826299193 2474.632724851007 0
921 3004.222490591319 2474.651371518522 0
922 3009.946447801793 2482.794098198408 0
923 3013.474271200183 2485.421192709318 0
924 2993.151099471576 2529.643820811011 0
925 2981.356678807451 2493.325687019898 0
926 3008.944786521767 2474.498149853407 0
927 2997.701910738905 2469.528441414242 0
928 3017.318862141327 2493.734940995177 0
929 2957.912918308027 2494.709002976511 0
930 2965.905654074378 2525.379666890896 0
931 2991.653026066986 2504.09906882824 0
932 3020.270975819916 2497.77597024862 0
933 3004.054077080416 2498.840236844149 0
934 2966.296371997991 2505.781974715627 0
935 2960.23074792466 2507.61932322378 0
936 2957.672212611917 2503.441416373199 0
937 2964.710392652792 2510.354652666413 0
938 3015.328453378513 2481.438341375389 0
939 3020.486163324816 2506.099981699416 0
940 2980.915875580805 2533.100628713691 0
941 2959.438641950022 2481.25 0
942 2962.777468168883 2485.17761989003 0
943 2955.606079825694 2489.593635643396 0
944 2962.239215685164 2477.919636926508 0
945 2972.709693839993 2470.493992718302 0
946 2968.835255111498 2471.73693297176 0
947 3005.906641679008 2528.011556403823 0
948 3012.755307073129 2522.150290292363 0
949 3019.269885722081 2510.497351380774 0
950 2976.448556961412 2531.397399897939 0
951 3015.46557825626 2518.717967238391 0
952 2990.119177132207 2533.34765850813 0
953 3002.631749665969 2530.386085223453 0
954 2970.147533796849 2479.519450029838 0
955 2993.96964167188 2466.901142211447 0
956 3014.776002631595 2511.422126919257 0
957 3011.648239777741 2507.961758131473 0
958 2994.222046853458 2533.451627613999 0
959 2989.596874945365 2483.285658940229 0
960 3017.863741972186 2485.108657775446 0
961 2983.487521178155 2529.569989140718 0
962 2968.531407009897 2528.485100700378 0
963 3014.690933458587 2489.693771696949 0
964 2995.726337451776 2502.429104404309 0
965 2954.114748618659 2506.640739387828 0
966 2976.194565554214 2494.533236118548 0
967 2985.537559556309 2466.14475327031 0
968 2953.825707805921 2493.417408438559 0
969 2958.321936453001 2499.00549973763 0
970 3006.383455422617 2471.434413641634 0
971 2998.138626650832 2498.956278475548 0
972 3007.680135380325 2503.566124902584 0
973 2953.497884110393 2502.151473380979 0
974 3016.095194205658 2506.869002776414 0
975 3006.317112831067 2519.244412195672 0
976 2956.886195799887 2515.214393556319 0
977 2996.315276369976 2526.616132984564 0
978 3021.163367913984 2493.298164094387 0
979 3013.633946569712 2515.070577132728 0
980 3005.768523172258 2523.417943754467 0
981 2965.797603453537 2479.349185350705 0
982 2976.714392290291 2518.755934182063 0
983 3000.262670794238 2473.594155383518 0
984 2989.119288347304 2471.905895126579 0
985 2985.338885769442 2514.35267410305 0
986 3017.388807616586 2502.16555458453 0
987 2968.436948358328 2487.998157497639 0
988 3008.927168940113 2521.554615447715 0
989 2975.190237165923 2527.290855742901 0
990 2973.003292604486 2490.161385809155 0
991 2963.367874704148 2481.286484351934 0
992 2965.849124537748 2513.933235322904 0
993 2987.831434252686 2479.178720814257 0
994 3309.607722165567 2525.226620586907 0
995 3266.359083972993 2475.334349992632 0
996 3262.571150623284 2521.912814908726 0
997 3311.998013197142 2478.111081236996 0
998 3285.448895088492 2533.35936876713 0
999 3289.66161450931 2467.374647219383 0
1000 3321.543962982022 2502.106864990152 0
1001 3254.010941683242 2497.384849972485 0
1002 3277.256211149037 2468.926602269491 0
1003 3256.021636519247 2511.171892161726 0
1004 3319.52119715703 2489.61318192186 0
1005 3257.654327018039 2485.395048883535 0
1006 3298.239511263913 2530.865257963497 0
1007 3272.254443073504 2529.848524695227 0
1008 3302.171446412173 2470.249249739079 0
1009 3317.599102094132 2514.8366715081 0
1010 3259.419769750166 2518.301681887991 0
1011 3264.114046385187 2517.555066620693 0
1012 3267.415284385541 2520.87340075777 0
1013 3268.959277037114 2516.300205948728 0
1014 3272.236805329463 2519.907711495073 0
1015 3274.258449926004 2514.803271279879 0
1016 3269.989398380846 2510.673196286058 0
1017 3276.273718141298 2508.893180851719 0
1018 3272.219183513062 2504.297700486785 0
1019 3277.940680236876 2502.845690876431 0
1020 3281.760380780689 2507.280248496808 0
1021 3283.276600068059 2501.769747995866 0
1022 3286.818536759899 2505.574078477376 0
1023 3288.34820124311 2500.704478270131 0
1024 3284.928212202988 2496.856704174787 0
1025 3289.997623680117 2495.937815612785 0
1026 3293.154669971626 2499.419129644745 0
1027 3286.647891558127 2492.219090542664 0
1028 3291.562391429503 2491.188195140161 0
1029 3285.517852006886 2510.269243677365 0
1030 3290.361188452717 2508.880766352378 0
1031 3288.18481653641 2487.478536907751 0
1032 3282.984054201549 2488.61061030894 0
1033 3288.936082280617 2513.918807802359 0
1034 3294.191438288875 2512.382760915227 0
1035 3293.03512830873 2486.248423024022 0
1036 3296.665876457671 2490.380178306479 0
1037 3284.808396773458 2483.454912547106 0
1038 3298.761232010439 2484.945074027522 0
1039 3292.799079914365 2518.294397199916 0
1040 3273.911025647851 2498.761366325927 0
1041 3302.346093516336 2489.402273481358 0
1042 3278.905705530599 2484.504751077072 0
1043 3286.282920501128 2518.885258155417 0
1044 3293.999967158584 2480.303380371349 0
1045 3298.666532804064 2516.737995239063 0
1046 3299.738269945851 2510.66569231531 0
1047 3267.753818880602 2499.859364574778 0
1048 3269.638204343435 2493.636576721776 0
1049 3304.915179870288 2515.205941397372 0
1050 3305.807527225008 2508.702546430549 0
1051 3281.481004768852 2478.419246361459 0
1052 3275.372307754176 2479.755497670697 0
1053 3300.239048564153 2494.397707182278 0
1054 3306.420721073332 2493.88460449286 0
1055 3309.188862429065 2488.401017633548 0
1056 3291.642182276855 2524.339741153341 0
1057 3277.692736173304 2489.74407812495 0
1058 3300.73852799313 2478.745639372072 0
1059 3273.054008593148 2484.894880582863 0
1060 3312.314226444999 2493.880769772637 0
1061 3310.270574306432 2498.857881019347 0
1062 3302.260820124844 2520.656382421637 0
1063 3285.010674654767 2525.287943382295 0
1064 3280.670231507997 2521.323042561212 0
1065 3262.944182253279 2495.464853588963 0
1066 3262.218904758362 2501.79563800594 0
1067 3264.736399277408 2490.22389541906 0
1068 3267.162173953931 2482.636031312801 0
1069 3300.818341787626 2503.71347287512 0
1070 3295.990210668096 2474.861440695532 0
1071 3290.716419497968 2475.542031326412 0
1072 3280.618688289139 2514.337386777059 0
1073 3276.666529272281 2474.137122150683 0
1074 3281.553980881768 2472.611910872177 0
1075 3271.686051332331 2475.083025050706 0
1076 3310.14187040803 2512.642309588728 0
1077 3310.187179458545 2517.733810409167 0
1078 3279.692613154525 2497.990402849502 0
1079 3279.124555418237 2527.394374272769 0
1080 3259.968428059742 2490.321787224964 0
1081 3288.108187309772 2529.162062805637 0
1082 3271.075491489427 2524.970609012927 0
1083 3292.884236711588 2471.004023210966 0
1084 3261.111007841113 2513.497765018187 0
1085 3304.539478035741 2483.902741373854 0
1086 3306.62583771089 2478.895267016533 0
1087 3315.219216297517 2498.281448267455 0
1088 3313.48205210473 2503.320854114865 0
1089 3297.249846281836 2522.12163885045 0
1090 3301.293742555698 2526.110206144522 0
1091 3275.787786398853 2523.40825879709 0
1092 3295.589549239356 2506.608757143777 0
1093 3294.839285049393 2494.938019902685 0
1094 3281.738044491249 2467.546889247103 0
1095 3285.548633515726 2470.215848448332 0
1096 3286.086826299193 2474.632724851007 0
1097 3304.222490591319 2474.651371518522 0
1098 3309.946447801792 2482.794098198408 0
1099 3313.474271200183 2485.421192709318 0
1100 3293.151099471576 2529.643820811011 0
1101 3281.356678807451 2493.325687019898 0
1102 3308.944786521767 2474.498149853407 0
1103 3297.701910738905 2469.528441414242 0
1104 3317.318862141327 2493.734940995177 0
1105 3257.912918308027 2494.709002976511 0
1106 3265.905654074378 2525.379666890896 0
1107 3291.653026066986 2504.09906882824 0
1108 3320.270975819916 2497.77597024862 0
1109 3304.054077080416 2498.840236844149 0
1110 3266.296371997991 2505.781974715627 0
1111 3260.23074792466 2507.61932322378 0
1112 3257.672212611917 2503.441416373199 0
1113 3264.710392652792 2510.354652666413 0
1114 3315.328453378513 2481.438341375389 0
1115 3320.486163324816 2506.099981699416 0
1116 3280.915875580805 2533.100628713691 0
1117 3259.438641950022 2481.25 0
1118 3262.777468168883 2485.17761989003 0
1119 3255.606079825694 2489.593635643396 0
1120 3262.239215685164 2477.919636926508 0
1121 3272.709693839993 2470.493992718302 0
1122 3268.835255111498 2471.73693297176 0
1123 3305.906641679008 2528.011556403823 0
1124 3312.755307073129 2522.150290292363 0
1125 3319.269885722081 2510.497351380774 0
1126 3276.448556961412 2531.397399897939 0
1127 3315.46557825626 2518.717967238391 0
1128 3290.119177132207 2533.34765850813 0
1129 3302.631749665969 2530.386085223453 0
1130 3270.147533796849 2479.519450029838 0
1131 3293.96964167188 2466.901142211447 0
1132 3314.776002631595 2511.422126919257 0
1133 3311.648239777741 2507.961758131473 0
1134 3294.222046853458 2533.451627613999 0
1135 3289.596874945365 2483.285658940229 0
1136 3317.863741972186 2485.108657775446 0
1137 3283.487521178155 2529.569989140718 0
1138 3268.531407009897 2528.485100700378 0
1139 3314.690933458587 2489.693771696949 0
1140 3295.726337451776 2502.429104404309 0
1141 3254.114748618659 2506.640739387828 0
1142 3276.194565554214 2494.533236118548 0
1143 3285.537559556309 2466.14475327031 0
1144 3253.825707805921 2493.417408438559 0
1145 3258.321936453001 2499.00549973763 0
1146 3306.383455422617 2471.434413641634 0
1147 3298.138626650832 2498.956278475548 0
1148 3307.680135380325 2503.566124902584 0
1149 3253.497884110393 2502.151473380979 0
1150 3316.095194205658 2506.869002776414 0
1151 3306.317112831067 2519.244412195672 0
1152 3256.886195799887 2515.214393556319 0
1153 3296.315276369976 2526.616132984564 0
1154 3321.163367913984 2493.298164094387 0
1155 3313.633946569712 2515.070577132728 0
1156 3305.768523172258 2523.417943754467 0
1157 3265.797603453537 2479.349185350705 0
1158 3276.714392290291 2518.755934182063 0
1159 3300.262670794238 2473.594155383518 0
1160 3289.119288347303 2471.905895126579 0
1161 3285.338885769442 2514.35267410305 0
1162 3317.388807616586 2502.16555458453 0
1163 3268.436948358328 2487.998157497639 0
1164 3308.927168940113 2521.554615447715 0
1165 3275.190237165922 2527.290855742901 0
1166 3273.003292604486 2490.161385809155 0
1167 3263.367874704148 2481.286484351934 0
1168 3265.849124537748 2513.933235322904 0
1169 3287.831434252686 2479.178720814257 0
1170 3609.607722165567 2525.226620586907 0
1171 3566.359083972993 2475.334349992632 0
1172 3562.571150623284 2521.912814908726 0
1173 3611.998013197142 2478.111081236996 0
1174 3585.448895088492 2533.35936876713 0
1175 3589.66161450931 2467.374647219383 0
1176 3621.543962982022 2502.106864990152 0
1177 3554.010941683242 2497.384849972485 0
1178 3577.256211149037 2468.926602269491 0
1179 3556.021636519247 2511.171892161726 0
1180 3619.52119715703 2489.61318192186 0
1181 3557.654327018039 2485.395048883535 0
1182 3598.239511263913 2530.865257963497 0
1183 3572.254443073504 2529.848524695227 0
1184 3602.171446412173 2470.249249739079 0
1185 3617.599102094132 2514.8366715081 0
1186 3559.419769750166 2518.301681887991 0
1187 3564.114046385187 2517.555066620693 0
1188 3567.415284385541 2520.87340075777 0
1189 3568.959277037114 2516.300205948728 0
1190 3572.236805329463 2519.907711495073 0
1191 3574.258449926004 2514.803271279879 0
1192 3569.989398380846 2510.673196286058 0
1193 3576.273718141298 2508.893180851719 0
1194 3572.219183513062 2504.297700486785 0
1195 3577.940680236876 2502.845690876431 0
1196 3581.760380780689 2507.280248496808 0
1197 3583.276600068059 2501.769747995866 0
1198 3586.818536759899 2505.574078477376 0
1199 3588.34820124311 2500.704478270131 0
1200 3584.928212202988 2496.856704174787 0
1201 3589.997623680117 2495.937815612785 0
1202 3593.154669971626 2499.419129644745 0
1203 3586.647891558127 2492.219090542664 0
1204 3591.562391429503 2491.188195140161 0
1205 3585.517852006886 2510.269243677365 0
1206 3590.361188452717 2508.880766352378 0
1207 3588.18481653641 2487.478536907751 0
1208 3582.984054201549 2488.61061030894 0
1209 3588.936082280617 2513.918807802359 0
1210 3594.191438288875 2512.382760915227 0
1211 3593.03512830873 2486.248423024022 0
1212 3596.665876457671 2490.380178306479 0
1213 3584.808396773458 2483.454912547106 0
1214 3598.761232010439 2484.945074027522 0
1215 3592.799079914365 2518.294397199916 0
1216 3573.911025647851 2498.761366325927 0
1217 3602.346093516336 2489.402273481358 0
1218 3578.905705530599 2484.504751077072 0
1219 3586.282920501128 2518.885258155417 0
1220 3593.999967158584 2480.303380371349 0
1221 3598.666532804064 2516.737995239063 0
1222 3599.738269945851 2510.66569231531 0
1223 3567.753818880602 2499.859364574778 0
1224 3569.638204343435 2493.636576721776 0
1225 3604.915179870288 2515.205941397372 0
1226 3605.807527225008 2508.702546430549 0
1227 3581.481004768852 2478.419246361459 0
1228 3575.372307754176 2479.755497670697 0
1229 3600.239048564153 2494.397707182278 0
1230 3606.420721073332 2493.88460449286 0
1231 3609.188862429065 2488.401017633548 0
1232 3591.642182276855 2524.339741153341 0
1233 3577.692736173304 2489.74407812495 0
1234 3600.73852799313 2478.745639372072 0
1235 3573.054008593148 2484.894880582863 0
1236 3612.314226444999 2493.880769772637 0
1237 3610.270574306431 2498.857881019347 0
1238 3602.260820124844 2520.656382421636 0
1239 3585.010674654767 2525.287943382295 0
1240 3580.670231507997 2521.323042561213 0
1241 3562.944182253279 2495.464853588963 0
1242 3562.218904758362 2501.79563800594 0
1243 3564.736399277408 2490.22389541906 0
1244 3567.162173953931 2482.636031312801 0
1245 3600.818341787626 2503.71347287512 0
1246 3595.990210668096 2474.861440695532 0
1247 3590.716419497968 2475.542031326412 0
1248 3580.618688289139 2514.337386777059 0
1249 3576.666529272281 2474.137122150683 0
1250 3581.553980881768 2472.611910872177 0
1251 3571.686051332331 2475.083025050706 0
1252 3610.14187040803 2512.642309588728 0
1253 3610.187179458545 2517.733810409167 0
1254 3579.692613154525 2497.990402849502 0
1255 3579.124555418237 2527.394374272769 0
1256 3559.968428059742 2490.321787224964 0
1257 3588.108187309772 2529.162062805637 0
1258 3571.075491489427 2524.970609012927 0
1259 3592.884236711588 2471.004023210966 0
1260 3561.111007841113 2513.497765018187 0
1261 3604.539478035741 2483.902741373854 0
1262 3606.62583771089 2478.895267016533 0
1263 3615.219216297517 2498.281448267455 0
1264 3613.48205210473 2503.320854114865 0
1265 3597.249846281836 2522.12163885045 0
1266 3601.293742555698 2526.110206144522 0
1267 3575.787786398853 2523.40825879709 0
1268 3595.589549239356 2506.608757143777 0
1269 3594.839285049393 2494.938019902685 0
1270 3581.738044491249 2467.546889247103 0
1271 3585.548633515726 2470.215848448332 0
1272 3586.086826299193 2474.632724851007 0
1273 3604.222490591319 2474.651371518522 0
1274 3609.946447801793 2482.794098198408 0
1275 3613.474271200183 2485.421192709318 0
1276 3593.151099471576 2529.643820811011 0
1277 3581.356678807451 2493.325687019898 0
1278 3608.944786521767 2474.498149853407 0
1279 3597.701910738905 2469.528441414242 0
1280 3617.318862141327 2493.734940995177 0
1281 3557.912918308027 2494.709002976511 0
1282 3565.905654074378 2525.379666890896 0
1283 3591.653026066986 2504.09906882824 0
1284 3620.270975819916 2497.77597024862 0
1285 3604.054077080416 2498.840236844149 0
1286 3566.296371997991 2505.781974715627 0
1287 3560.23074792466 2507.61932322378 0
1288 3557.672212611917 2503.441416373199 0
1289 3564.710392652792 2510.354652666413 0
1290 3615.328453378513 2481.438341375389 0
1291 3620.486163324816 2506.099981699416 0
1292 3580.915875580805 2533.100628713691 0
1293 3559.438641950022 2481.25 0
1294 3562.777468168883 2485.17761989003 0
1295 3555.606079825694 2489.593635643396 0
1296 3562.239215685164 2477.919636926508 0
1297 3572.709693839993 2470.493992718302 0
1298 3568.835255111498 2471.73693297176 0
1299 3605.906641679008 2528.011556403823 0
1300 3612.755307073129 2522.150290292363 0
1301 3619.269885722081 2510.497351380774 0
1302 3576.448556961412 2531.397399897939 0
1303 3615.46557825626 2518.717967238391 0
1304 3590.119177132207 2533.34765850813 0
1305 3602.631749665969 2530.386085223453 0
1306 3570.147533796849 2479.519450029838 0
1307 3593.96964167188 2466.901142211447 0
1308 3614.776002631595 2511.422126919257 0
1309 3611.648239777741 2507.961758131473 0
1310 3594.222046853458 2533.451627613999 0
1311 3589.596874945365 2483.285658940229 0
1312 3617.863741972186 2485.108657775446 0
1313 3583.487521178155 2529.569989140718 0
1314 3568.531407009897 2528.485100700378 0
1315 3614.690933458587 2489.693771696949 0
1316 3595.726337451776 2502.429104404309 0
1317 3554.114748618659 2506.640739387828 0
1318 3576.194565554214 2494.533236118548 0
1319 3585.537559556309 2466.14475327031 0
1320 3553.825707805921 2493.417408438559 0
1321 3558.321936453001 2499.00549973763 0
1322 3606.383455422617 2471.434413641634 0
1323 3598.138626650832 2498.956278475548 0
1324 3607.680135380325 2503.566124902584 0
1325 3553.497884110393 2502.151473380979 0
1326 3616.095194205658 2506.869002776414 0
1327 3606.317112831067 2519.244412195672 0
1328 3556.886195799887 2515.214393556319 0
1329 3596.315276369976 2526.616132984564 0
1330 3621.163367913984 2493.298164094387 0
1331 3613.633946569712 2515.070577132728 0
1332 3605.768523172258 2523.417943754467 0
1333 3565.797603453537 2479.349185350705 0
1334 3576.714392290291 2518.755934182063 0
1335 3600.262670794238 2473.594155383518 0
1336 3589.119288347304 2471.905895126579 0
1337 3585.338885769442 2514.35267410305 0
1338 3617.388807616586 2502.16555458453 0
1339 3568.436948358328 2487.998157497639 0
1340 3608.927168940113 2521.554615447715 0
1341 3575.190237165923 2527.290855742901 0
1342 3573.003292604486 2490.161385809155 0
1343 3563.367874704148 2481.286484351934 0
1344 3565.849124537748 2513.933235322904 0
1345 3587.831434252686 2479.178720814257 0
1346 4518.223711833187 95.01815643166674 0
1347 1452.03264065562 4908.214317518628 0
1348 1443.958333333334 86.24169646020027 0
1349 4543.217698922157 4911.9865208539 0
1350 5888.397459621556 3450 0
1351 5888.397459621556 1550 0
1352 91.79402378393024 3453.037934035209 0
1353 86.60254037844243 1549.999999999996 0
1354 1948.200359567678 4923.219542844856 0
1355 4034.446820082977 79.68405656370123 0
1356 1942.44648735737 86.91782322313111 0
1357 4036.536165007416 4912.01457740863 0
1358 2844.372119496747 4908.0068281241 0
1359 2832.930082014131 92.01133545321409 0
1360 3446.165530461353 94.13113328921327 0
1361 3435.625 4913.7583035398 0
1362 5888.756913273295 2049.937942520627 0
1363 87.46026164677005 2946.774157954055 0
1364 83.27618197481024 2044.92343691307 0
1365 5890.43559857189 2950.470784914678 0
1366 5891.359222727137 3950.762484329124 0
1367 87.11933275294814 3951.292891482603 0
1368 89.6684992642131 1044.944932681475 0
1369 5875.199095870479 1039.277946549923 0
1370 80.07373332673706 2544.912770582346 0
1371 5888.86710298614 2449.937944392092 0
1372 4928.630734052394 4913.40905251923 0
1373 2338.593856372132 4908.408612340581 0
1374 2337.400639757479 67.89599945437658 0
1375 1043.360744001038 88.10973788458614 0
1376 1048.748972805281 4913.928019325504 0
1377 4918.952440207172 90.00414556732858 0
1378 86.60254037844379 4350 0
1379 82.20619676786919 656.3604007242482 0
1380 5878.2674923677 653.4559142763421 0
1381 5888.397459621556 4350 0
1382 647.2916666666665 4913.7583035398 0
1383 5329.15298052857 74.28029836211454 0
1384 5320.68154826518 4908.785898074484 0
1385 647.291666666667 86.24169646020027 0
1386 3136.875 4913.7583035398 0
1387 3728.904211391176 4910.601190506707 0
1388 3127.54511535227 95.22058839358351 0
1389 3742.891557620214 89.49029071882615 0
1390 85.05615184050248 4653.537090093049 0
1391 5888.397459621556 4650 0
1392 5878.267492367677 346.5440857239855 0
1393 86.60254037844334 350.0000000000005 0
1394 343.6871921273087 4909.949914657658 0
1395 348.3739952946798 87.09279270808656 0
1396 5629.466658121961 67.8530132605938 0
1397 5639.643186540447 4905.058015464752 0
1398 93.06108861044868 3653.838543715258 0
1399 88.15442533552823 1758.260954201466 0
1400 86.60254037844379 4150 0
1401 95.08973248660459 3154.366083777458 0
1402 82.92160140624355 2738.708768444963 0
1403 81.35527468411647 2344.917029827821 0
1404 82.00232275867893 1253.219338545014 0
1405 79.34939510140566 862.7470627626485 0
1406 5888.397459621556 850 0
1407 5885.739152930523 1250.95974147928 0
1408 5875.820065500822 1839.339333091693 0
1409 5888.812009274145 2249.937943449074 0
1410 5892.025100872404 2650.479586530642 0
1411 5890.261241885523 3150.950861618758 0
1412 5893.145644749451 3649.721308529155 0
1413 5889.335298965103 4149.937953959867 0
1414 1642.000562730557 4907.346050581318 0
1415 4331.290996374035 90.70182592655874 0
1416 852.7086738523794 4904.713872461976 0
1417 4733.694954219956 4912.104742874933 0
1418 2536.180980458513 4925.370806552379 0
1419 2136.254134514072 4924.392196235351 0
1420 5132.932763195646 4905.957382071734 0
1421 4246.225101972022 4908.00950357512 0
1422 5135.109895882631 89.73914696882457 0
1423 2136.066424299157 89.59417552247487 0
1424 856.4681824749809 91.45694575096832 0
1425 1230.288370031147 94.97724602158405 0
1426 1736.891106294546 95.44966514408407 0
1427 2637.592350238004 74.30030670330962 0
1428 1245.632300570544 4920.313497450172 0
1429 4728.028520897178 89.29207416943063 0
1430 5882.889310541403 157.2974224423278 0
1431 86.60254037844379 4850 0
1432 5894.465673812445 4849.639219750117 0
1433 84.36286222632725 153.8792363520679 0
1434 86.22926068642482 250.6465393920112 0
1435 173.1428674748836 300.1077565653354 0
1436 173.1947118765506 400.0179594275596 0
1437 259.7955241082736 350.0209526654871 0
1438 259.8038768174265 450.0064853488484 0
1439 346.8166780332522 399.2958927341574 0
1440 346.477290214028 499.8837296805123 0
1441 433.5007995058086 449.1545901342174 0
1442 433.1052396111809 549.8397199691367 0
1443 519.712014826081 499.8323850172469 0
1444 519.6152422706446 600.0000000000268 0
1445 606.2339114083297 549.9720641695712 0
1446 606.2204707756241 649.9953440282895 0
1447 692.8234591751634 599.9945680330027 0
1448 692.8205757119172 699.9995623378336 0
1449 779.4234282113111 649.9990217285026 0
1450 779.4229996542545 749.9997640110882 0
1451 866.0255206266861 699.9997976232978 0
1452 866.0254147646638 799.9999809816873 0
1453 952.6279654666105 749.9999631008645 0
1454 952.6279495435147 849.999990680466 0
1455 1039.230488988698 799.9999922969309 0
1456 1041.451289771398 896.153452507795 0
1457 1126.203159865991 849.3589074674987 0
1458 1128.485651874555 945.4055153407824 0
1459 1212.939358948366 899.1274038014185 0
1460 1212.961635399002 999.0888198570874 0
1461 1299.209749635125 949.7027039431327 0
1462 1299.154391353165 1049.798587300095 0
1463 1385.688634327565 999.916881873934 0
1464 1387.653276934035 1096.514021060801 0
1465 1472.586622958744 1049.405150489189 0
1466 1474.621116221671 1145.881304790132 0
1467 1559.299287864173 1099.21440921329 0
1468 1559.317641951998 1199.18261900064 0
1469 1645.602513222426 1149.732838035729 0
1470 1645.552627385723 1249.819242839468 0
1471 1732.093908606717 1199.925346812606 0
1472 1733.826830248098 1296.923838484192 0
1473 1818.956535233456 1249.47486421621 0
1474 1650.729459664057 1355.681679328401 0
1475 1820.751328748578 1346.366190658916 0
1476 1905.656083006952 1299.30684247927 0
1477 1905.672250906122 1399.278838856447 0
1478 1991.994521581086 1349.764280222706 0
1479 1991.950504613696 1449.840519846611 0
1480 2078.498997213665 1399.934133344976 0
1481 1305.626166836998 1154.106982363685 0
1482 2078.482653089349 1499.962442198686 0
1483 2165.073461483998 1449.982762590703 0
1484 1991.877388690184 1549.967160340967 0
1485 2164.871068497115 1549.64841740291 0
1486 2251.437921380449 1499.59607993695 0
1487 2251.629687100128 1399.929807088037 0
1488 2338.224508351517 1449.92098117093 0
1489 2343.361666946888 1548.149745872913 0
1490 2425.340022497759 1499.483558698838 0
1491 2424.941932268858 1399.900756645061 0
1492 2511.563619903782 1449.897385890753 0
1493 2512.526607097877 1548.234408687991 0
1494 2598.26669219525 1499.688632429897 0
1495 2600.631692499418 1603.676009796628 0
1496 2684.678751731679 1550.000000000161 0
1497 2684.710498538686 1449.948105405118 0
1498 2768.581023958328 1495.305184754235 0
1499 2770.836538552665 1399.208881693337 0
1500 2857.359662203695 1449.085677741377 0
1501 2847.555328208246 1553.984213963358 0
1502 2942.677593772813 1500.511648617574 0
1503 2944.097547970507 1399.932887726607 0
1504 3030.722645913675 1450.074089390818 0
1505 3029.279455443394 1547.59143197397 0
1506 3117.32883276826 1499.610920227588 0
1507 3117.659831027965 1399.986334236701 0
1508 3204.228286760417 1449.932875744175 0
1509 3203.492600994356 1548.659560259975 0
1510 3290.022012680745 1498.501000265377 0
1511 3290.739829557131 1399.738979335054 0
1512 3377.327203671951 1449.706663266872 0
1513 3380.470992346408 1549.443978620858 0
1514 3464.568289554325 1499.858440314758 0
1515 3464.136710772129 1399.948226617015 0
1516 3550.787783857972 1449.967777822101 0
1517 3551.02306556561 1549.577526670394 0
1518 3637.373785626454 1499.924217415558 0
1519 3637.598222114531 1599.523447661913 0
1520 3723.969005598316 1549.907944179724 0
1521 3725.668060871228 1652.178863684667 0
1522 3810.814875638703 1600.34780131088 0
1523 3810.511776651441 1700.000000000221 0
1524 3897.164833527764 1650.057966885335 0
1525 3898.366070409904 1752.85489570309 0
1526 3983.933902387978 1700.485477098226 0
1527 3985.430740765053 1802.943506033478 0
1528 4070.641219176166 1750.571497188775 0
1529 4072.127765541237 1852.972611103638 0
1530 4157.135309220232 1800.900713721768 0
1531 4155.269626910866 1900.035918180698 0
1532 4156.921938165216 1700.000000000239 0
1533 4243.418379917204 1750.460147960037 0
1534 4243.506795439254 1650.076691326877 0
1535 4330.106388633627 1700.089473214654 0
1536 4330.12063335663 1600.027694090423 0
1537 4416.725056658224 1650.019527884352 0
1538 4416.727744599256 1550.0078703293 0
1539 3723.914740015254 1449.992718381223 0
1540 4503.331046788393 1600.004566369118 0
1541 4503.331173756837 1700.004015709086 0
1542 4503.33162174702 1500.002072783245 0
1543 4589.93464005744 1650.000000000266 0
1544 4589.934485737074 1750.00066928507 0
1545 3638.772072481317 1702.747792386778 0
1546 4676.537154715819 1700.000111547738 0
1547 4676.537150429138 1800.000130138983 0
1548 1905.298610748412 1199.926002593368 0
1549 4416.729420049271 1450.000603930772 0
1550 4503.331996815131 1400.000446119177 0
1551 4416.72955930057 1350.000000000255 0
1552 4503.332082535037 1300.000074353414 0
1553 4416.729556443246 1250.000012392448 0
1554 4503.332096345472 1200.000014457818 0
1555 4589.934636644542 1250.000014802052 0
1556 960.4966009704583 952.5604498397433 0
1557 4416.729558774146 1150.000002283397 0
1558 4589.934638933058 1150.000004876823 0
1559 4676.537179679688 1200.000003279996 0
1560 4763.139716075648 1750.000020551822 0
1561 4763.139715023413 1850.000025115319 0
1562 4676.537180122478 1100.000001359652 0
1563 4763.13972063608 1150.000000773461 0
1564 4075.152097167604 1949.829585382014 0
1565 4153.357676207695 1992.85941094024 0
1566 4078.112345100046 2037.743971337164 0
1567 4151.787107546226 2080.481794909188 0
1568 4078.832235056187 2123.171188716708 0
1569 4151.658888030219 2166.022132380478 0
1570 4081.484431135855 2206.297362467026 0
1571 4151.938968130914 2251.072958989366 0
1572 4009.671343626048 2174.318565190263 0
1573 4849.742259939241 1800.000005436779 0
1574 4849.742260018686 1900.000005092204 0
1575 4763.139720732412 1050.000000355704 0
1576 4849.742261149432 1100.000000188384 0
1577 4072.915685898858 2294.904695636049 0
1578 4148.852179920759 2335.302563287922 0
1579 4083.925337789622 2379.446086116247 0
1580 4144.674757441588 2411.607426211139 0
1581 4090.154374150717 2446.206799293543 0
1582 4148.333219589437 2482.949391869985 0
1583 4084.231126516523 2514.232546016463 0
1584 4155.783445021647 2554.188153974408 0
1585 4091.577174769174 2593.643064641735 0
1586 4162.736348883216 2633.348533101917 0
1587 4085.70233540687 2679.600692633948 0
1588 4164.073737012497 2719.10715032657 0
1589 4095.066306712402 2765.567743365216 0
1590 4165.286616950563 2806.120138520508 0
1591 4090.979456730072 2848.881793845436 0
1592 4164.832078791098 2891.465571653882 0
1593 4090.701943091652 2934.167384939467 0
1594 4164.728698220661 2976.861860628892 0
1595 4090.733093691273 3019.597054316088 0
1596 4168.102259587798 3065.145309683233 0
1597 4084.798913090758 3113.308878951245 0
1598 4171.778628286151 3159.948223629061 0
1599 4239.700811846918 2761.166484461959 0
1600 4086.166227301019 3209.93965434633 0
1601 4172.717649162472 3259.6323415074 0
1602 3997.595325096332 3161.607522453515 0
1603 3999.10384921121 3259.290987321629 0
1604 3912.808534674998 3208.197372160234 0
1605 3912.062551973473 3308.133938755502 0
1606 3829.128045602384 3256.883838029798 0
1607 3824.879332825463 3356.918852850812 0
1608 3738.04042249656 3303.854311242227 0
1609 4258.358289815784 3208.416620828795 0
1610 4259.54095318293 3309.015050029381 0
1611 3737.558742746233 3405.824245211357 0
1612 3650.061383751558 3356.165084859384 0
1613 3649.965887813841 3455.055782848539 0
1614 3563.955471946202 3403.881145081159 0
1615 4345.807478247942 3258.457168374139 0
1616 4346.533815584635 3358.554256780868 0
1617 3562.819241406768 3503.813254362626 0
1618 3476.927851239319 3452.560170474867 0
1619 3737.278305842703 3507.798968707815 0
1620 4432.827922066209 3308.017957064759 0
1621 4433.482177583949 3408.036237405694 0
1622 3475.640543621678 3552.347995487663 0
1623 3389.690639740305 3501.272252919947 0
1624 3388.423783978136 3601.232901350341 0
1625 3302.462783602758 3550.138521085787 0
1626 3301.88296285164 3453.251207097545 0
1627 3216.192722499984 3499.558057595875 0
1628 3215.183695262377 3599.117834035452 0
1629 3129.212306770882 3548.039188285193 0
1630 3128.598027010511 3451.209561576896 0
1631 3042.976011215267 3497.406772181452 0
1632 3041.97835473708 3596.948275305702 0
1633 2956.01448896333 3545.857925233676 0
1634 2955.134226969184 3449.453629101157 0
1635 2869.728809125418 3495.305361478191 0
1636 2868.776708914761 3594.773373985343 0
1637 2782.812205138686 3543.684084202012 0
1638 2782.466447621065 3447.960104609452 0
1639 2696.92680929961 3492.462524609336 0
1640 2695.648519133837 3592.476138640863 0
1641 2609.696364365048 3541.366283138906 0
1642 2607.181797524397 3447.517769813279 0
1643 2523.372721332561 3490.871996262411 0
1644 2522.409388504541 3590.363628044973 0
1645 2436.436685426441 3539.287987620887 0
1646 2436.937113985849 3440.582976699798 0
1647 2350.393352130219 3488.33265181435 0
1648 2351.645319386432 3388.363408413848 0
1649 2264.528882588858 3437.075608656849 0
1650 2263.282155943482 3537.036276720317 0
1651 2177.338749477678 3485.91168296288 0
1652 2177.764115357874 3387.333022783098 0
1653 2091.245438969459 3435.03926054893 0
1654 2091.645820842586 3336.502628926395 0
1655 2005.234889906787 3384.027565361735 0
1656 2006.652313408801 3284.334323466524 0
1657 1919.425598931956 3332.769672778471 0
1658 1920.222312144862 3231.886784969365 0
1659 1833.410435333408 3281.424208456313 0
1660 1834.012844235486 3180.241330621991 0
1661 1747.39771519 3230.197829535971 0
1662 1748.654784638349 3130.183412283168 0
1663 1746.234539836638 3330.365880711269 0
1664 1660.280350152495 3279.280961511997 0
1665 1659.044895829226 3379.320429476452 0
1666 1573.07698769788 3328.220678416735 0
1667 1571.815773442997 3428.219265923826 0
1668 2176.079740113367 3585.89299670352 0
1669 1485.852712610611 3377.127207423291 0
1670 1484.588159890448 3477.120496857795 0
1671 4519.769286057293 3357.490873026556 0
1672 4520.409875216452 3457.493825806524 0
1673 1398.625203556845 3426.028604194581 0
1674 1399.890566973495 3326.036601317966 0
1675 1397.359992639403 3526.020849084161 0
1676 4606.694620947335 3406.946165559455 0
1677 4607.331465200471 3506.944398565487 0
1678 4521.049021541756 3557.494776665033 0
1679 4607.968558786339 3606.94291169812 0
1680 4521.686170030157 3657.493337226526 0
1681 4608.605361021844 3706.941072922612 0
1682 4607.969343413635 3310.210499213983 0
1683 3561.290422509698 3299.527289424545 0
1684 1312.662405002971 3374.936961924404 0
1685 1315.938528448909 3271.561905709255 0
1686 4522.322923704366 3757.491439797561 0
1687 4693.296226729102 3356.940252578073 0
1688 4694.624845136957 3260.296661003599 0
1689 4609.242048892918 3806.939099164135 0
1690 4695.52451585677 3756.388767179279 0
1691 1834.176001938459 3080.11760123796 0
1692 1750.520481820684 3031.060331629555 0
1693 4214.440130080401 2381.371065285686 0
1694 1483.322913567755 3577.112685560002 0
1695 1396.094652484583 3626.012888876803 0
1696 1482.057569766461 3677.104719565767 0
1697 1394.829282559312 3726.004881424376 0
1698 1480.792204756991 3777.096719914613 0
1699 1393.563914319458 3825.996876646673 0
1700 1307.600991840876 3774.905037710649 0
1701 2093.922912631474 3246.827859210602 0
1702 1227.034650597807 3323.281346469169 0
1703 1230.366614735196 3219.812294723177 0
1704 4696.161166706682 3856.386749994359 0
1705 4779.694053315398 3306.586735975675 0
1706 4779.076635730245 3206.621565580443 0
1707 4522.959592516017 3857.489443539025 0
1708 4782.443633277053 3805.836417570916 0
1709 1306.335622875356 3874.897031781329 0
1710 1220.372700533324 3823.805193062008 0
1711 1479.526836493729 3877.08871509976 0
1712 1834.6083727058 2985.472402124469 0
1713 1753.841086117455 2936.249915737041 0
1714 1832.553545166979 2891.964567919242 0
1715 1753.510719316905 2843.127025922443 0
1716 1826.269681199518 2801.315381137297 0
1717 1757.683164232348 2757.211906667896 0
1718 1825.246274276278 2713.777723682835 0
1719 1759.186654209305 2671.524964411192 0
1720 1830.551100551479 2628.04792225965 0
1721 1758.882462162744 2585.982814539284 0
1722 1832.17642007255 2546.114875584987 0
1723 1762.146215715151 2505.066346365589 0
1724 1834.345174173783 2476.892669646693 0
1725 1685.889957100817 2543.195481886592 0
1726 1690.188495115883 2464.269562348787 0
1727 1611.294314785482 2499.47765925346 0
1728 1610.243245442219 2412.319073107674 0
1729 1526.084183828634 2455.859617577771 0
1730 1528.52219024164 2352.077551055797 0
1731 1439.90552060862 2404.670045283471 0
1732 1439.918355533232 2304.413185610664 0
1733 1352.698579338435 2353.311270847115 0
1734 1351.394182856316 2257.635601715489 0
1735 1266.228575296013 2303.043089169411 0
1736 1267.481366225294 2203.08908895596 0
1737 1906.255618112682 2832.627508424418 0
1738 1180.594879564581 2251.412185516853 0
1739 1181.913179693349 2151.334598161216 0
1740 4034.055603589517 2417.828710197338 0
1741 4783.080277055549 3905.83439209098 0
1742 1141.192757685908 3271.98591625353 0
1743 1219.107331473759 3923.797186983439 0
1744 1139.931007152706 3176.245852929337 0
1745 1133.144409134671 3872.70534826879 0
1746 4865.690631485344 3255.548409196282 0
1747 4865.006339178555 3155.469103807099 0
1748 4869.3627420844 3855.284057863473 0
1749 1094.753658855653 2200.128157242314 0
1750 1096.034478407366 2100.103307758134 0
1751 4869.999384724793 3955.282031048794 0
1752 3836.207512455801 3167.601172053155 0
1753 1093.501765608926 2300.096615817112 0
1754 3474.341800951785 3652.318950692239 0
1755 1645.549568371097 1049.82454120824 0
1756 1131.879040056564 3972.697342160795 0
1757 4025.965391813347 2804.283620744992 0
1758 4676.537180411908 1000.000000104427 0
1759 4849.742261171924 1000.000000090871 0
1760 1054.504559378089 3222.114378443197 0
1761 4783.716920809409 4005.83236658108 0
1762 1045.916117718234 3921.605503447349 0
1763 1044.650748636529 4021.597497333647 0
1764 4936.344801571203 1850.000000000284 0
1765 4936.344801375519 1950.000000848938 0
1766 4936.344801560543 1050.000000046737 0
1767 1217.841962394655 4023.789180873862 0
1768 4951.866653742803 3204.816386364796 0
1769 4951.212268784067 3104.788131633554 0
1770 1055.888809713798 3114.784020022409 0
1771 4956.281848767374 3904.73169566566 0
1772 4956.918491593357 4004.729669068439 0
1773 1007.561082287398 2248.977666414376 0
1774 4936.344801565992 950.0000000231282 0
1775 1006.306521395978 2348.960518712988 0
1776 1385.677251426907 899.936597636223 0
1777 968.7408785282139 3169.497590848233 0
1778 958.6878262983598 3970.505658620454 0
1779 957.4224572159617 4070.497652505651 0
1780 5022.947341917031 1900.000000141732 0
1781 5022.48255480736 2000.000000165305 0
1782 4936.267337014866 2050.000000169229 0
1783 5022.392179562303 2100.000000055949 0
1784 4936.239363747243 2150.000000037719 0
1785 5020.741716683052 2196.370443846538 0
1786 4935.959624389428 2249.395073980898 0
1787 5022.364947313143 2287.939559421969 0
1788 5022.947341944213 1800.000000023863 0
1789 5022.947341947038 1000.000000011842 0
1790 5022.947341948384 900.0000000060252 0
1791 1361.317115137622 2157.662378271846 0
1792 4936.183539601472 2347.889105567334 0
1793 5038.118620818487 3154.213995411395 0
1794 1631.384131467186 2304.4564374298 0
1795 5037.47689355196 3054.207346373023 0
1796 4864.29020446287 3055.335448456024 0
1797 5043.200955508118 3954.179333535537 0
1798 5043.837598338099 4054.177306943004 0
1799 920.3459747154584 2297.866414286169 0
1800 919.0876591358319 2397.855805704973 0
1801 1901.747966125721 2591.564298900888 0
1802 4436.040487052407 3808.041807167001 0
1803 4436.677137004219 3908.039788892944 0
1804 4936.344801570704 850.000000002718 0
1805 4349.758029102712 3858.592149667224 0
1806 4350.394672922866 3958.59012423135 0
1807 4263.475566175162 3909.142486353283 0
1808 4264.112209200657 4009.140459989242 0
1809 4177.19310247783 3959.692822140229 0
1810 4177.829745343897 4059.690795589977 0
1811 4264.748852060594 4109.138433431828 0
1812 4178.466388182651 4159.688769007821 0
1813 4091.547281468026 4110.241131168389 0
1814 5109.70087922474 2135.810210082354 0
1815 5109.549882327482 950.0000000031794 0
1816 5109.549882327581 1050.000000002704 0
1817 5109.549882327821 850.0000000017351 0
1818 871.4595348778239 4019.405813792509 0
1819 872.7249039603867 3919.413819907571 0
1820 870.194165795293 4119.397807677494 0
1821 956.1570881334235 4170.489646390624 0
1822 5038.753139840683 3254.208340627009 0
1823 692.8203878496315 799.9998877248463 0
1824 5109.549882321749 1850.000000027796 0
1825 5109.549882326131 1750.000000008806 0
1826 5124.393028113443 3103.649907969701 0
1827 5123.75504088347 3003.649642849962 0
1828 4265.385494897824 4209.136406847895 0
1829 5130.120063783611 4003.626969607804 0
1830 5130.756709062409 4103.624942964134 0
1831 5044.474241842412 4154.175280054535 0
1832 5129.48342109577 3903.628996013904 0
1833 4092.183924301151 4210.239104579659 0
1834 4005.26481758609 4160.791466739717 0
1835 5131.393352349884 4203.622914694386 0
1836 833.1231756745824 2346.766932692475 0
1837 834.3834476643983 2246.774607933571 0
1838 831.86357861541 2446.758285122744 0
1839 868.9287967127352 4219.389801562436 0
1840 1352.144744228351 2454.572467794882 0
1841 4225.547618212564 2123.546126571334 0
1842 4005.901460417535 4260.789440149026 0
1843 3918.982353702791 4211.341802309453 0
1844 784.2312434571613 4068.305968964361 0
1845 1125.894714818692 749.8931499607638 0
1846 1229.230284138573 3123.861235910801 0
1847 5045.110884861899 4254.173253134159 0
1848 967.4889028181697 3270.45848734217 0
1849 881.5614196235015 3219.273974250234 0
1850 882.8478566209237 3119.477868828149 0
1851 795.6160538810873 3168.345375922812 0
1852 794.3500995786685 3268.331928461556 0
1853 796.8843490629347 3068.380588768829 0
1854 4330.127018358175 1200.00000244614 0
1855 4330.127018922141 1100.00000000025 0
1856 1566.755127887112 3828.188559884615 0
1857 1565.489758936548 3928.180553979028 0
1858 5196.152422706427 900.0000000010255 0
1859 5196.152422706517 800.0000000006653 0
1860 5196.152422705152 1800.0000000063 0
1861 5196.152422705984 1700.000000002717 0
1862 5210.673429205546 3053.096051402868 0
1863 5210.036440941763 2953.09749142894 0
1864 954.8917190508655 4270.481640275566 0
1865 5217.039178876683 4053.074601258123 0
1866 4849.651188000826 2299.547363258224 0
1867 4849.700205332462 2399.572744804446 0
1868 1685.612712916779 2787.045187965879 0
1869 1652.71805037469 3879.280398834913 0
1870 1651.452681317035 3979.272392759376 0
1871 1738.680972744788 3930.372237598774 0
1872 1737.415603667553 4030.364231492164 0
1873 1650.187312247748 4079.264386665378 0
1874 1736.150234588091 4130.35622538202 0
1875 1823.378526009153 4081.456070210799 0
1876 1648.921943167914 4179.256380554646 0
1877 1822.11315692717 4181.448064096651 0
1878 1909.34144834802 4132.547908925097 0
1879 1908.076079265581 4232.539902810226 0
1880 1995.30437068632 4183.639747638494 0
1881 4243.524478449701 1150.000000407893 0
1882 4243.524478528035 1050.000000068187 0
1883 4156.921938146977 1100.000000079505 0
1884 4156.92193816526 1000.00000000024 0
1885 4243.524478541096 950.0000000115692 0
1886 4156.921938164831 900.0000000021264 0
1887 4070.319397786747 950.0000000005482 0
1888 4070.31939778674 850.0000000006003 0
1889 3983.716857408353 900.0000000003417 0
1890 4243.524478543206 850.000000002447 0
1891 3983.716857408366 800.0000000003088 0
1892 3897.114317029931 850.0000000002556 0
1893 3897.114317029941 750.0000000002417 0
1894 3810.511776651495 800.0000000002265 0
1895 1994.039001603787 4283.631741523475 0
1896 2081.267293024492 4234.731586351688 0
1897 747.1582579376095 2295.678624209208 0
1898 748.4184587338113 2195.686391540672 0
1899 3983.716857408388 700.0000000002453 0
1900 917.8292833404398 2497.845459965912 0
1901 3810.511776651503 700.0000000002217 0
1902 3723.909236273056 750.0000000002137 0
1903 5132.029993327575 4303.620887896157 0
1904 3918.345710871616 4111.343828900459 0
1905 3832.063246988098 4161.894164469939 0
1906 3832.699889819283 4261.892137878946 0
1907 3745.780783104553 4212.444500039388 0
1908 3746.417425935731 4312.442473448385 0
1909 3659.498319220997 4262.994835608823 0
1910 867.6634276301729 4319.381795447373 0
1911 1906.810710183098 4332.53189669529 0
1912 3723.909236273064 650.0000000002124 0
1913 3637.306695894616 700.0000000002055 0
1914 3637.306695894609 800.0000000002074 0
1915 3550.704155516169 750.0000000001994 0
1916 708.3900058031804 3217.266389588348 0
1917 707.1250106110829 3317.261859888904 0
1918 5282.754963084659 1750.000000001704 0
1919 5282.754963084839 1650.000000000938 0
1920 2080.001923941938 4334.723580236634 0
1921 2167.230215362634 4285.823425064835 0
1922 2168.495584445195 4185.831431179899 0
1923 2254.458506783329 4236.923269893032 0
1924 2253.193137700765 4336.915263777968 0
1925 2340.421429121461 4288.015108606161 0
1926 2341.686798204022 4188.023114721227 0
1927 2427.649720542153 4239.114953434356 0
1928 5109.54988232799 1650.000000000768 0
1929 2426.384351459593 4339.106947319291 0
1930 2513.612642880285 4290.206792147485 0
1931 2514.878011962846 4190.21479826255 0
1932 2600.840934300978 4241.306636975678 0
1933 2599.575565218417 4341.298630860614 0
1934 2686.803856639109 4292.398475688808 0
1935 2688.06922572167 4192.406481803873 0
1936 2774.032148059801 4243.498320517003 0
1937 2772.76677897724 4343.490314401936 0
1938 2859.995070397933 4294.590159230131 0
1939 2861.260439480493 4194.598165345198 0
1940 2947.223361818625 4245.690004058326 0
1941 2945.957992736065 4345.681997943259 0
1942 3033.186284156805 4296.781842771539 0
1943 3034.451653239993 4196.789848886802 0
1944 5282.754963085 850.0000000004927 0
1945 5282.754963085029 750.000000000402 0
1946 5196.1524227066 700.0000000003442 0
1947 5282.754963085052 650.0000000003342 0
1948 4676.537174469594 1900.000025875897 0
1949 3660.13496205217 4362.992809017815 0
1950 3550.704155516176 650.0000000001983 0
1951 3464.101615137728 700.0000000001928 0
1952 3464.101615137721 800.0000000001942 0
1953 3377.499074759281 750.0000000001867 0
1954 3377.499074759289 650.0000000001819 0
1955 3290.896534380841 700.0000000001801 0
1956 3290.896534380833 800.0000000001826 0
1957 3204.293994002394 750.0000000001755 0
1958 3204.293994002403 650.0000000001719 0
1959 3117.691453623954 700.0000000001692 0
1960 3117.691453623948 800.0000000001719 0
1961 3031.088913245506 750.0000000001664 0
1962 3031.088913245513 650.0000000001646 0
1963 2944.486372867065 700.0000000001617 0
1964 2944.48637286706 800.0000000001617 0
1965 2857.883832488619 750.0000000001573 0
1966 2857.883832488624 650.0000000001571 0
1967 2771.281292110178 700.0000000001523 0
1968 2771.281292110172 800.0000000001523 0
1969 2684.678751731731 750.000000000148 0
1970 2684.678751731726 850.0000000001478 0
1971 2598.076211353285 800.0000000001432 0
1972 2598.07621135329 700.0000000001432 0
1973 2511.473670974843 750.0000000001385 0
1974 2511.473670974849 650.0000000001385 0
1975 2424.871130596402 700.0000000001335 0
1976 2424.871130596396 800.0000000001335 0
1977 2338.268590217956 750.0000000001282 0
1978 2338.268590217961 650.0000000001282 0
1979 2251.666049839514 700.000000000123 0
1980 5296.955371384971 3002.544825332186 0
1981 5296.318639969074 2902.546703774284 0
1982 5297.591986474869 3102.542748332263 0
1983 4176.556459645308 3859.694848729661 0
1984 5045.747527415617 4354.171226453719 0
1985 661.1928575081033 2244.591008140376 0
1986 662.4529901560718 2144.598873165087 0
1987 2338.268590217949 850.0000000001282 0
1988 4763.117532638926 2349.853351343962 0
1989 4763.129013475012 2449.904349358252 0
1990 953.626349968303 4370.473634160504 0
1991 4847.700362538117 2496.391408237342 0
1992 4762.797619815301 2549.382626266116 0
1993 830.6040244861401 2546.749596634721 0
1994 3747.054068766904 4412.440446857378 0
1995 5369.35750346335 1700.000000000643 0
1996 5369.357503463394 1600.000000000466 0
1997 5367.130226079246 1796.142242408765 0
1998 621.1626220151365 3266.174983885032 0
1999 619.8974042046821 3366.16838429078 0
2000 916.5695740348601 2597.836994701208 0
2001 5132.666634084145 4403.618864278282 0
2002 5218.94909967946 4353.068525683699 0
2003 866.0255173923561 599.9998032253188 0
2004 3831.426604156932 4061.896191060955 0
2005 5196.152422706618 600.0000000003058 0
2006 3031.920915074205 4396.773836656401 0
2007 4032.091034289282 2557.161825141008 0
2008 2251.66604983952 600.0000000001228 0
2009 2165.063509461073 650.000000000118 0
2010 3119.149206494946 4347.873681484682 0
2011 866.3980585476093 4419.373789332308 0
2012 780.4351362094803 4368.281950619176 0
2013 4868.726099453286 3755.286083090631 0
2014 3897.114317029932 950.0000000002233 0
2015 1134.409778217075 3772.713354383597 0
2016 705.8603517548308 3417.260457424044 0
2017 618.63224419372 3466.162322113435 0
2018 4763.139720658597 1250.000000675765 0
2019 4242.789531359575 2595.524704832076 0
2020 5369.357503463492 700.0000000003363 0
2021 5369.357503463501 600.0000000003254 0
2022 575.2272966886599 2193.503623810151 0
2023 576.4873939213467 2093.511540345605 0
2024 663.7130975899213 2044.606772200277 0
2025 577.747478389379 1993.519475349412 0
2026 664.9731822496578 1944.614706844392 0
2027 579.0075595861276 1893.52741456924 0
2028 666.2332652855416 1844.622646916544 0
2029 580.2676412645546 1793.535354012295 0
2030 667.4933467377255 1744.63058625475 0
2031 581.5277227593119 1693.543293370231 0
2032 668.7534282031611 1644.638525599098 0
2033 754.7190521802636 1695.725818483008 0
2034 755.9791336411859 1595.733757825264 0
2035 841.9447570898037 1646.82104976677 0
2036 670.0135096637641 1544.646464941204 0
2037 843.20483898977 1546.828989893733 0
2038 929.1704624239446 1597.916281809171 0
2039 573.9672172241594 2293.495681613849 0
2040 5383.874357735113 3051.992254663341 0
2041 5384.510982142835 3151.99019356807 0
2042 930.4305443946778 1497.924222062574 0
2043 1016.39616836658 1549.011514937079 0
2044 4156.921938146536 1200.000000081392 0
2045 1739.946341828527 3830.380243715706 0
2046 5209.399517905265 2853.099042792333 0
2047 5295.68191464594 2802.548592616207 0
2048 1040.854641388997 4321.573478988698 0
2049 1039.589272306434 4421.565472873634 0
2050 1126.817563727127 4372.66531770183 0
2051 4958.828420124324 4304.723589338904 0
2052 4959.465063051691 4404.72156262712 0
2053 4872.545956256832 4355.273924888301 0
2054 3660.987372681884 4462.611505577064 0
2055 3117.883837412341 4447.865675369534 0
2056 2165.063509461079 550.0000000001176 0
2057 2078.460969082632 600.0000000001123 0
2058 2078.460969082626 700.0000000001119 0
2059 1991.858428704185 650.0000000001064 0
2060 1991.858428704192 550.0000000001064 0
2061 1905.255888325745 600.0000000001005 0
2062 5219.585740730739 4453.06650210661 0
2063 5305.868204602879 4402.516166535231 0
2064 4873.182599090786 4455.271898293937 0
2065 4786.263492360264 4405.824260474246 0
2066 4676.478379046131 2499.881162604242 0
2067 4676.470363371053 2599.877298145241 0
2068 533.9345960356 3315.077607115994 0
2069 535.2000600207143 3215.086495630435 0
2070 4345.295773326779 3158.607352557503 0
2071 4260.264898394551 3409.117197960551 0
2072 1015.136090020094 1649.003576242488 0
2073 1102.361792946054 1600.098808077686 0
2074 1991.858428704179 750.0000000001066 0
2075 779.1697671269153 4468.273944504112 0
2076 693.2068447887855 4417.18210579098 0
2077 4847.393433765959 2584.756973953191 0
2078 1125.552194644564 4472.657311586765 0
2079 1212.780486065258 4423.757156414961 0
2080 3030.655545991641 4496.765830541328 0
2081 4503.331919638564 1800.000780832534 0
2082 3573.888459468365 4413.479931778953 0
2083 829.0777153422605 2646.266857811897 0
2084 743.3339477692689 2595.575231163776 0
2085 912.2057217152678 2699.380984785373 0
2086 5455.960043841854 1650.000000000389 0
2087 5455.960043841867 1550.000000000348 0
2088 5369.357503463433 1500.000000000315 0
2089 5455.96004384188 1450.000000000314 0
2090 1905.255888325752 500.0000000001005 0
2091 1818.653347947305 550.0000000000941 0
2092 5208.762813434962 2753.100967228131 0
2093 5295.045266440709 2702.550613091309 0
2094 5381.964372375159 2751.998246541921 0
2095 5381.327726884228 2652.000271650084 0
2096 3904.751075052552 1854.814380638876 0
2097 3747.942440696376 4511.995930608336 0
2098 5306.504846983478 4502.514140696774 0
2099 5392.787310942098 4451.963805001827 0
2100 5392.150670858851 4351.965829774043 0
2101 741.8002558167977 2695.079285935839 0
2102 656.092221438349 2644.451420123306 0
2103 654.5381408733324 2743.919108310229 0
2104 568.8577776020666 2693.340600529611 0
2105 567.3049107861552 2792.810453957663 0
2106 4238.670363088452 2934.113243896078 0
2107 1002.017952489915 2649.182872365024 0
2108 3911.892276832906 3408.799937835299 0
2109 1183.263695383204 2051.193086032103 0
2110 4687.256423239428 3171.559126321608 0
2111 3387.152604851335 3701.216164546173 0
2112 3473.114558848928 3752.306548144126 0
2113 3385.892621924992 3801.205970577466 0
2114 3471.857024090389 3852.297340217709 0
2115 3384.629456256091 3901.197399518239 0
2116 3559.084980014297 3803.397211297016 0
2117 4866.276424169609 3355.4595854074 0
2118 3298.666654515437 3850.105544826872 0
2119 4092.820567132315 4310.237077988641 0
2120 1818.653347947297 650.0000000000946 0
2121 1732.050807568857 600.0000000000869 0
2122 1732.050807568865 500.0000000000871 0
2123 1645.448267190417 550.0000000000791 0
2124 844.4649205196647 1446.836929360861 0
2125 931.6906259511047 1397.932161577055 0
2126 845.7250019943663 1346.844868729585 0
2127 2598.076211353279 900.0000000001435 0
2128 2684.678751731721 950.0000000001478 0
2129 2598.076211353274 1000.000000000144 0
2130 3550.704155516128 1350.000000000206 0
2131 2262.043722404539 3636.9830553926 0
2132 2174.821776584142 3685.872558418183 0
2133 2260.784076838136 3736.965441380382 0
2134 4351.667958781458 4158.586071278551 0
2135 4352.304601613654 4258.584044688735 0
2136 4438.587065497496 4208.033709119634 0
2137 4439.223708328789 4308.031682528765 0
2138 1809.143622038962 1449.082863268558 0
2139 1139.603127665244 3372.523487864889 0
2140 1467.920741431038 1248.679025851577 0
2141 3897.173252944082 1550.067628032853 0
2142 752.198890932591 1895.709938303177 0
2143 704.5951358885877 3517.253875906967 0
2144 617.366870003947 3566.15426851177 0
2145 2430.466284502607 3341.941576458551 0
2146 1745.00137693181 3430.403202590686 0
2147 3810.511776651511 600.0000000002174 0
2148 3723.909236273071 550.000000000211 0
2149 3810.511776651518 500.0000000002169 0
2150 2173.556739336802 3785.863995235994 0
2151 2511.473670974787 1650.000000000153 0
2152 2597.920531538455 1703.160456273243 0
2153 2516.254414303143 1749.854906546803 0
2154 2593.858997904167 1794.099823121988 0
2155 2518.523193080483 1837.751677649585 0
2156 2591.585820421094 1882.967367165574 0
2157 2522.280984219115 1928.185227662223 0
2158 2587.908948706102 1967.762527990958 0
2159 2527.900590988786 2008.028163042165 0
2160 2586.609647582825 2036.866759762003 0
2161 2645.154783616181 2008.465062335833 0
2162 2531.177230823392 2069.202275402524 0
2163 2477.46318369359 2048.851223414414 0
2164 2637.746893242579 2070.031041091902 0
2165 2693.092420281787 2047.280975683635 0
2166 2686.376063720034 2103.696012376391 0
2167 2738.781083686548 2082.609092454816 0
2168 2486.218619829483 2105.513995085144 0
2169 2433.08927504135 2086.170019320253 0
2170 2728.866594043203 2142.948092655622 0
2171 2781.072840511132 2117.484407063908 0
2172 2772.991490224292 2172.678167932826 0
2173 2821.454081805809 2147.752965361853 0
2174 2812.076672313312 2195.877453025393 0
2175 2858.136005939231 2184.485506797523 0
2176 2778.028952338731 2214.260386980108 0
2177 2806.578373303704 2237.021522923907 0
2178 2768.685316881104 2254.948429682745 0
2179 2803.31648743429 2275.068158219838 0
2180 2722.145482469173 2476.850628713691 0
2181 2710.34313699322 2465.827506938997 0
2182 2438.207016041197 2143.394753388338 0
2183 2387.661182483581 2118.826179311086 0
2184 2868.768588531976 2125.777992733807 0
2185 2915.967751720536 2162.40282892226 0
2186 2746.332927171319 2027.684227965184 0
2187 2921.516657462163 2104.868119501154 0
2188 2966.533779559706 2136.277946354775 0
2189 2379.132166363535 2066.254088994299 0
2190 2335.462984355082 2102.540327896755 0
2191 2348.132289588989 2156.996619807528 0
2192 2293.641921130029 2139.692390273774 0
2193 2304.651607731074 2193.619355810913 0
2194 2255.193442124062 2173.675794936519 0
2195 2264.23647006451 2219.698409226669 0
2196 2300.714156793806 2236.216057592015 0
2197 2271.748194447263 2260.326224759656 0
2198 2242.577664724731 2125.421996695522 0
2199 2226.418417561766 2206.971841862235 0
2200 2974.142836033084 2083.188726382435 0
2201 3017.403993328373 2118.94307249556 0
2202 3005.55084586106 2170.935049945821 0
2203 3054.617430876795 2153.736293375132 0
2204 3050.432039499684 2198.573715064683 0
2205 3089.505232944008 2181.711379554369 0
2206 3085.651487711887 2221.35985228289 0
2207 3122.798662610591 2208.022393214804 0
2208 3129.453557860163 2165.48257743462 0
2209 3166.111562720973 2198.62736266584 0
2210 3113.926597621954 2243.045271730648 0
2211 3172.362491989958 2148.814336737315 0
2212 3206.031619436418 2180.487513056608 0
2213 3200.060808568217 2219.513257626799 0
2214 3236.245938414806 2207.421016859343 0
2215 3245.109202012215 2169.883976341949 0
2216 3273.036408534841 2197.174903388957 0
2217 3284.352382675288 2160.307945051505 0
2218 3310.409337978555 2188.330177346043 0
2219 3300.718399661097 2229.405933430664 0
2220 3338.310409351302 2217.420904436719 0
2221 3347.038510979608 2178.08558117133 0
2222 3373.991165572702 2206.356160860024 0
2223 3365.993374761766 2244.401560476422 0
2224 3400.850262534994 2233.607642747706 0
2225 3390.7965216075 2270.130869384333 0
2226 3321.798569093208 2476.557659047507 0
2227 3310.649371286309 2465.354517530827 0
2228 3427.102426466234 2260.423081619138 0
2229 3437.262825139755 2223.856813183511 0
2230 3463.83577483369 2250.884392672443 0
2231 3474.174922300081 2215.132829385965 0
2232 3500.303023970017 2242.037159153773 0
2233 3510.907042848581 2205.851073052777 0
2234 3537.005148416646 2232.662440731058 0
2235 3418.074379063877 2297.356465169637 0
2236 3552.369977350065 2475.92264626802 0
2237 3051.187875645786 2237.703091830732 0
2238 3547.429430163877 2195.544282429496 0
2239 3518.197275240141 2170.768923597862 0
2240 3574.165728360966 2222.762749034895 0
2241 3583.748000687366 2187.009498584539 0
2242 2308.626568572097 2277.145302428696 0
2243 2280.801013362505 2295.456905028306 0
2244 2369.130948682493 2462.708910072163 0
2245 3563.286364319964 2263.69165579021 0
2246 3568.714036423066 2462.740518970407 0
2247 3599.035869326574 2251.067374477376 0
2248 2307.54348016838 2308.360647994444 0
2249 2287.010315815678 2324.334113538161 0
2250 2261.055408950283 2316.661691299753 0
2251 2269.273791090611 2342.702722204986 0
2252 2355.832622654281 2472.44313009791 0
2253 2244.144707606696 2338.12003100536 0
2254 2252.158566742668 2361.539477830147 0
2255 2226.454080101552 2357.017609444449 0
2256 2236.009839123672 2381.185971602126 0
2257 2211.726657801092 2376.782635350619 0
2258 2219.450401493963 2400.194618152321 0
2259 2348.14523805924 2486.617505652079 0
2260 2195.08750689317 2395.86278753951 0
2261 2203.008772615555 2419.418823001567 0
2262 2183.166395854735 2369.153821306386 0
2263 2177.856679231252 2414.42482561188 0
2264 2187.251182924521 2438.654092252756 0
2265 2209.782661350088 2443.855420425218 0
2266 2195.496237174895 2462.701177875285 0
2267 2156.952822345454 2440.474023859264 0
2268 2220.782504209156 2467.194982459983 0
2269 2346.203780381635 2502.354732880763 0
2270 2203.62538394175 2486.819472191361 0
2271 2311.292296772195 2332.54397024951 0
2272 2331.183940477274 2320.231397004328 0
2273 2384.406792761823 2458.886581714477 0
2274 2230.119666640695 2493.344357227201 0
2275 2211.920910587015 2510.876838146848 0
2276 2187.081520807926 2506.007167334203 0
2277 2195.406171916618 2529.915585491912 0
2278 2222.268519578916 2535.194428663146 0
2279 2350.68046108631 2518.173367462616 0
2280 2204.068537424181 2553.889361941866 0
2281 2228.788023590682 2559.55658240374 0
2282 2212.149171168199 2577.881458644577 0
2283 2235.198125834945 2581.868319330396 0
2284 2220.114615990376 2601.534872587092 0
2285 2245.834361497295 2603.851968887314 0
2286 2360.485704898644 2530.674008990304 0
2287 2228.765218228593 2625.077158174618 0
2288 2254.017766098565 2630.770526091112 0
2289 2237.06070495258 2649.410981255262 0
2290 2262.270274953339 2655.873257745227 0
2291 2244.566962447113 2673.899361103428 0
2292 2271.026891775522 2679.649797071776 0
2293 2253.832875312093 2702.03594551425 0
2294 2281.804006090722 2704.609262263774 0
2295 2296.599102784903 2682.942783136748 0
2296 2309.16277221053 2705.866757327384 0
2297 2374.106335101987 2539.456464452266 0
2298 2294.647189054182 2731.688218505474 0
2299 2323.024047651179 2732.469078620511 0
2300 2321.976835948242 2683.993394293051 0
2301 2211.660817296738 2644.777771096962 0
2302 2188.013026897209 2572.740481092158 0
2303 2309.072197877944 2762.152167941849 0
2304 2346.170035006408 2757.813916572412 0
2305 2325.774479201356 2794.76859227859 0
2306 2363.864212040972 2794.599919660702 0
2307 2383.16072528995 2762.075605622807 0
2308 2401.675299731652 2795.848737583176 0
2309 2419.694703207524 2758.55990847608 0
2310 2439.408648557552 2795.567829281579 0
2311 2458.324438108723 2764.486673422914 0
2312 2477.446214212257 2796.838890237542 0
2313 2496.899452280477 2766.30592370371 0
2314 2515.525364758187 2797.683978186353 0
2315 2535.44258969528 2765.400312928688 0
2316 2553.606094325728 2798.003944973404 0
2317 2573.026865102147 2766.105754371076 0
2318 2591.527276593231 2798.504900143767 0
2319 2610.921456146108 2766.636874274452 0
2320 2629.147933076835 2798.81324502733 0
2321 2648.819265771302 2766.985143459774 0
2322 2666.094622212299 2800.849841886521 0
2323 2686.603696994016 2767.712674936938 0
2324 2704.185810865521 2801.834305177557 0
2325 2722.198966946793 2769.01426425597 0
2326 2743.198914775242 2800.472310051005 0
2327 2759.501130925957 2764.294865822612 0
2328 2780.756864785158 2800.264748580826 0
2329 2800.044445194823 2766.915731344481 0
2330 2819.084090260883 2800.997019725859 0
2331 2838.533777061841 2770.100550122928 0
2332 2857.197197913935 2801.979921849525 0
2333 2876.617695244503 2771.418312760758 0
2334 2895.207050315816 2802.693419779526 0
2335 2914.610342805567 2771.295273309088 0
2336 2933.184481738902 2803.121883329 0
2337 2951.028009134255 2771.358544219146 0
2338 2970.894012793459 2803.533892875341 0
2339 2989.885394857274 2765.498054753554 0
2340 3008.96551368565 2802.955866691885 0
2341 3029.397100751007 2768.896974122253 0
2342 3047.2063962459 2803.756069359178 0
2343 3066.642509559636 2772.808269705717 0
2344 3085.097792903308 2804.871372870723 0
2345 3104.475658566571 2773.976090024637 0
2346 3123.02889860996 2805.581947312219 0
2347 3142.433080794718 2773.108631632859 0
2348 3160.987334695022 2805.885853790257 0
2349 3180.312109323326 2771.530989602325 0
2350 3198.937260226562 2806.003618334594 0
2351 3218.262211710725 2771.495395500978 0
2352 3236.897612975647 2806.347367211511 0
2353 3257.323324436788 2770.385061941807 0
2354 3275.0448719841 2806.549656900887 0
2355 3293.02657249715 2777.029115393879 0
2356 3312.663637924831 2808.020767894214 0
2357 3329.60737186735 2771.119915811681 0
2358 3350.340580239248 2807.611140265821 0
2359 3369.690612704503 2775.855181676968 0
2360 2876.656472451984 2832.74921059698 0
2361 3217.269781007237 2836.466749811325 0
2362 3388.610958860438 2808.662133775055 0
2363 3408.059897376822 2777.149612042473 0
2364 3065.643066677323 2837.392108906724 0
2365 2723.953367382289 2832.93638256507 0
2366 3127.209358215651 2738.058343641401 0
2367 2612.382016369439 2842.200593401737 0
2368 2490.283529832592 2841.628655921243 0
2369 2821.12169263906 2733.764615611246 0
2370 3426.694584171951 2809.383091557264 0
2371 3446.125781572299 2776.789171444624 0
2372 3428.915171668337 2745.500348173591 0
2373 3467.332498797073 2744.491287348771 0
2374 2559.522131769464 2736.157304329108 0
2375 2652.834742925796 2522.714521987486 0
2376 2674.398708687792 2538.876102362005 0
2377 3484.410511982617 2777.203553328169 0
2378 3506.211516632131 2745.189196435275 0
2379 3449.732360506393 2714.897746747496 0
2380 3321.884583786879 2522.987113332176 0
2381 3549.466042347902 2518.27783232042 0
2382 3328.367133008186 2508.128978174678 0
2383 3545.975194992751 2497.205224795087 0
2384 3328.409421734011 2491.848544765218 0
2385 3560.041158667888 2531.138863030084 0
2386 3522.581484786108 2777.718988959597 0
2387 3542.16869919729 2745.256810951603 0
2388 3574.46626293233 2539.4841072098 0
2389 3560.052359482191 2778.069944777788 0
2390 3578.875467481826 2743.319837659176 0
2391 3540.727650324805 2810.390942187089 0
2392 3368.58265932968 2838.833955468584 0
2393 2345.439518231821 2828.5120669769 0
2394 3597.919814036176 2778.211935344687 0
2395 3615.994217273905 2741.801129963464 0
2396 3233.428625163181 2740.407796705514 0
2397 3296.157888749975 2540.77901524849 0
2398 2932.052987354213 2742.357098135088 0
2399 2303.851133001662 2827.220806036134 0
2400 2328.284068870142 2869.00276300498 0
2401 2444.963426807591 2736.474145082814 0
2402 2395.628978174678 2540.867133008186 0
2403 2708.089750755672 2735.466698795055 0
2404 2690.225202380995 2541.578553587827 0
2405 3578.837052208971 2459.821588931417 0
2406 3559.973723131693 2468.76126150347 0
2407 2664.746158138114 2535.019401395369 0
2408 2384.986341757333 2541.622972366328 0
2409 3284.660397640526 2541.288962708275 0
2410 3547.997304265798 2487.012079363911 0
2411 3305.746568383572 2537.376382315969 0
2412 3546.739515197935 2508.277323933885 0
2413 3584.949020569256 2541.497196199152 0
2414 2648.116522033878 2513.417223782581 0
2415 2727.077275588774 2487.072817871477 0
2416 3314.678676194414 2530.84921799937 0
2417 3635.727862856449 2778.312536292971 0
2418 3654.785679502129 2746.516973285326 0
2419 2772.593169813983 2290.532437798089 0
2420 2798.168273575238 2306.265012327431 0
2421 2771.394047414177 2319.103082606155 0
2422 2748.860265525064 2306.233194899231 0
2423 2695.451112062436 2459.174627622318 0
2424 2792.209028445499 2333.688868953708 0
2425 2950.3001304463 2481.657809926201 0
2426 2817.812844878777 2324.610984693288 0
2427 2812.443584834029 2349.216367361995 0
2428 2835.797247152058 2342.012011228649 0
2429 2979.146394261191 2459.254082830442 0
2430 2964.032494824501 2465.491201954814 0
2431 2831.490385585543 2365.823438464319 0
2432 2854.601229752463 2358.675831212852 0
2433 2848.947671596415 2383.041045577002 0
2434 2874.487697509104 2377.151514798279 0
2435 2748.364976404705 2332.372611381406 0
2436 2727.498913351399 2320.07265559763 0
2437 2956.131740660456 2472.621413347429 0
2438 2684.774797619004 2458.421446412173 0
2439 2946.166384326327 2491.893515149382 0
2440 2823.660916132039 2391.20281204151 0
2441 2844.541373276854 2409.001974809612 0
2442 2259.901780367072 2386.488781076621 0
2443 3639.605083094059 2714.413190916264 0
2444 3600.275302843927 2539.467916580997 0
2445 3670.025011207885 2716.475014068204 0
2446 3656.778197626144 2689.837622411267 0
2447 3629.215742837075 2687.679443608132 0
2448 3685.756471930439 2690.023659228053 0
2449 3670.216179169381 2665.479803572673 0
2450 3615.19143771837 2531.038591080661 0
2451 3699.344419996043 2667.119412541717 0
2452 3685.836555613015 2644.879905718337 0
2453 3711.789771705773 2644.988406562867 0
2454 3699.072045307103 2623.902700538394 0
2455 3724.484788779755 2623.263120316829 0
2456 3708.311012197725 2600.424762867779 0
2457 3626.956464452266 2513.393664898013 0
2458 3736.555864619218 2601.103057549036 0
2459 3721.603872582484 2577.077962241541 0
2460 3749.199347578096 2578.892465898886 0
2461 3737.08668040672 2557.38483458874 0
2462 3762.303227534241 2557.28203959472 0
2463 3748.374764259557 2534.344237262417 0
2464 3629.040293174347 2497.178875388328 0
2465 3774.606635990208 2579.38749789953 0
2466 3737.190085738136 2644.233195534966 0
2467 3621.990182910048 2523.245612395402 0
2468 3774.784719824804 2535.213726781839 0
2469 3763.166352413786 2513.937342609776 0
2470 3026.656663174118 2063.244033199376 0
2471 2980.399571504554 2027.072159318785 0
2472 2271.35980369631 2612.507094862548 0
2473 2331.257367877825 2341.068909728518 0
2474 2352.054706103491 2333.547049127905 0
2475 3380.186291021025 2306.526874580335 0
2476 3404.174655100848 2327.158500896753 0
2477 3378.504432017482 2334.013720192822 0
2478 3395.690452062492 2352.479612055749 0
2479 3421.246011009757 2347.792292339351 0
2480 3411.566474831848 2374.414469303996 0
2481 3437.496619591444 2367.82442044247 0
2482 3430.592959667524 2391.82936317953 0
2483 3453.826117991531 2387.325680633063 0
2484 3445.734614998785 2409.774783794368 0
2485 3370.778238361073 2357.774971891195 0
2486 3295.628978174677 2459.132866991814 0
2487 3787.74639840311 2513.508050014382 0
2488 3775.114411581761 2491.644280152584 0
2489 3614.822984926817 2468.576251088631 0
2490 3624.939018580519 2480.821022168032 0
2491 3605.929182301518 2462.629315149832 0
2492 3595.675045670029 2459.163243367972 0
2493 3748.411343655446 2492.768259294952 0
2494 3762.271198761706 2469.662918448627 0
2495 3738.800914331433 2468.666776595368 0
2496 3751.41642374738 2450.760696562368 0
2497 3728.652103408806 2449.967191026336 0
2498 3740.470258454614 2432.311992104086 0
2499 3719.226957794992 2431.079894384066 0
2500 3731.292897869452 2413.296283430408 0
2501 3710.871178807161 2413.288227113399 0
2502 3721.985677193054 2393.884309521133 0
2503 3744.555300757133 2393.68391855459 0
2504 3733.690787561753 2372.105633372051 0
2505 3719.084563636345 2464.593442984306 0
2506 3701.122626571272 2428.292478770731 0
2507 3692.515184089265 2413.598388541412 0
2508 2878.540604238739 2351.006923895119 0
2509 2898.147485430276 2366.658896975214 0
2510 3786.361517658696 2470.47638095906 0
2511 3042.723123925604 2005.013243845204 0
2512 2278.369966911247 2867.01114996537 0
2513 2727.525319600916 2345.020061107956 0
2514 2705.703035600109 2334.575197121137 0
2515 3758.332357863098 2372.711222289139 0
2516 3744.582852130048 2348.919299441739 0
2517 2822.51076130535 2417.143458459806 0
2518 2838.294105588262 2429.91714393662 0
2519 2819.873821681642 2437.809340447489 0
2520 2834.264388221253 2450.138830894996 0
2521 2805.948725053704 2427.172765235157 0
2522 2817.910405728917 2456.148753001037 0
2523 2830.779690566323 2467.443748827626 0
2524 2952.413213817141 2522.577878584248 0
2525 2947.126559794482 2508.297932497539 0
2526 2729.078553587827 2502.725202380995 0
2527 2846.984899992148 2462.83572598207 0
2528 2842.789671633523 2479.290155054847 0
2529 2826.74488387216 2483.835018569458 0
2530 2718.827486277588 2527.473468110173 0
2531 2838.575050191566 2495.642454801765 0
2532 2822.315356678532 2500.120417864669 0
2533 2834.298463010488 2511.965916063964 0
2534 2817.822872082384 2515.548304838167 0
2535 2830.027895985081 2528.291438515333 0
2536 2811.753678441614 2533.334867546639 0
2537 2846.300409605604 2523.816118253963 0
2538 2842.041288594935 2540.338036290818 0
2539 2964.520604804598 2534.710759444434 0
2540 2858.310633353424 2535.700784120263 0
2541 2854.100097516821 2552.047491792513 0
2542 2870.15182532749 2547.488592830686 0
2543 2725.334172952104 2518.011923157979 0
2544 2711.249465439357 2533.961725530612 0
2545 2974.131255124355 2539.370149358625 0
2546 2866.455334957795 2563.818020760986 0
2547 2849.325061924042 2568.187880368154 0
2548 2882.33301301986 2559.374036883619 0
2549 2859.097719953901 2474.876779011679 0
2550 2861.803327202441 2580.178576656802 0
2551 2839.081457805391 2587.147951670494 0
2552 3672.321407066718 2780.276166883421 0
2553 3653.028214171283 2812.851831649932 0
2554 3424.470706824819 2414.958709323676 0
2555 3438.481256270277 2433.326303760985 0
2556 2873.851908400457 2531.852481681531 0
2557 3694.391522757086 2812.88937354123 0
2558 3669.147619980164 2853.766552589516 0
2559 3676.751751295683 2622.558350116374 0
2560 3684.169262501445 2427.77057852478 0
2561 3675.809231914661 2414.053925078219 0
2562 2244.379775752564 2475.31882015332 0
2563 2250.996950008285 2493.24080588352 0
2564 2262.707192967186 2479.764456627198 0
2565 2267.747469187432 2495.759621315531 0
2566 3469.409238670641 2405.882606196705 0
2567 2806.062358741048 2503.257765137868 0
2568 2358.818894811121 2355.45389064041 0
2569 2373.780034248598 2341.164934655174 0
2570 2377.442011652629 2360.076040903549 0
2571 2391.702917756633 2350.310744767924 0
2572 2400.653476804401 2460.475547884692 0
2573 2394.278428376098 2366.718914180976 0
2574 2408.22700996054 2357.743058063382 0
2575 2653.0519522014 2476.920855639135 0
2576 2424.488468438826 2481.67865351733 0
2577 2646.690355922489 2492.085832710396 0
2578 2414.729057974599 2468.376995553886 0
2579 2409.552303026153 2374.292273292743 0
2580 2424.267764903073 2363.495706432402 0
2581 2424.98762553933 2381.128817956112 0
2582 2439.000552966796 2371.781537893495 0
2583 2439.325753072091 2387.947131865833 0
2584 2453.783265526886 2379.575133178253 0
2585 2452.771450776703 2397.646728051149 0
2586 2468.951241250148 2387.357516152169 0
2587 2470.067175542536 2403.645275459409 0
2588 2484.676707553244 2394.4699919499 0
2589 2485.234543719847 2411.629948652127 0
2590 2499.23848442626 2402.321125235753 0
2591 2664.000045947312 2465.511331110221 0
2592 2500.74885155943 2418.332401455949 0
2593 2515.827177797451 2409.044883948185 0
2594 2514.838412715215 2390.06140270113 0
2595 2515.715476995398 2426.103682713615 0
2596 2534.853547893448 2416.619455511044 0
2597 2532.71545278376 2436.970896083581 0
2598 2429.078553587827 2497.274797619005 0
2599 2468.217955106506 2367.987095620857 0
2600 2422.641419818411 2347.812270134591 0
2601 2500.29479342901 2434.531235762668 0
2602 2365.946901202723 2374.486622160352 0
2603 2673.919669488164 2460.59918496972 0
2604 2378.104783006512 2320.095269856978 0
2605 2552.241886518449 2425.501940377226 0
2606 2552.872599980395 2444.49656265766 0
2607 2567.446509603077 2434.453433813511 0
2608 2568.78698621449 2417.424799754291 0
2609 2582.734802948602 2426.284381832789 0
2610 2584.217923456961 2410.092840855293 0
2611 2567.977993253965 2451.581898841451 0
2612 2555.600049136056 2462.090986589964 0
2613 2421.88178821787 2522.786680225558 0
2614 2427.605796437609 2513.339217874127 0
2615 2414.973468110173 2531.327486277588 0
2616 2405.932525141066 2537.281023203514 0
2617 2571.937524476852 2468.1100426282 0
2618 2558.29344108213 2478.880864439551 0
2619 2598.235381193469 2419.395564960009 0
2620 2573.84118704234 2484.660024394976 0
2621 2560.816368225074 2495.504282652094 0
2622 2576.82898162799 2498.984006985479 0
2623 2566.422765044083 2511.503590218841 0
2624 2548.174392347734 2505.97949104703 0
2625 2550.224324440504 2522.792703525749 0
2626 2565.945846452228 2528.924537037937 0
2627 2534.502801132409 2516.660873337353 0
2628 2536.946869952074 2533.1648208942 0
2629 2521.201828363531 2527.173095625233 0
2630 2523.882160138402 2543.891350070878 0
2631 2507.80948670982 2537.322994509216 0
2632 2510.323051110782 2553.937577071512 0
2633 2527.021574783484 2560.416793368502 0
2634 2505.270351606124 2521.370063262552 0
2635 2513.285441334107 2571.043397404225 0
2636 2497.14981001959 2564.46273374672 0
2637 2532.096632587042 2578.974633955109 0
2638 2599.55875007818 2402.930412378702 0
2639 2612.556113404978 2413.139513450618 0
2640 2501.441863049122 2582.552235958665 0
2641 2486.263442791992 2575.021673855871 0
2642 2305.677963581161 2914.405961188588 0
2643 3774.569263717554 2349.949666554307 0
2644 3759.069512185672 2321.256207758868 0
2645 2906.115315929549 2341.387130352517 0
2646 2919.824596199761 2360.826248285593 0
2647 2915.582802540326 2379.033993741648 0
2648 2932.404929486095 2374.070757533164 0
2649 2929.681262157896 2390.098413758865 0
2650 2945.00490816973 2385.317194100095 0
2651 2938.622375376942 2357.517425518264 0
2652 2585.110051524342 2393.294847614219 0
2653 2601.952440331951 2385.750052932045 0
2654 2585.662922496778 2374.281869515829 0
2655 2982.580028373278 1961.216802538783 0
2656 2278.675334305171 2483.754719937965 0
2657 2710.215881749073 2358.608752954897 0
2658 2482.948423134219 2559.84901207556 0
2659 2466.866719173828 2570.05606721852 0
2660 2473.046107089041 2582.383909232807 0
2661 2458.961085920615 2578.602726574014 0
2662 2456.727671238191 2567.499562020905 0
2663 2448.415503309168 2575.254165155508 0
2664 2449.408001714503 2586.127490210194 0
2665 2439.452843459955 2582.267130513651 0
2666 2440.73239349742 2593.307490156993 0
2667 2430.056418272023 2589.151167912767 0
2668 2431.441146746258 2601.756047285779 0
2669 2419.283912653752 2596.566652606024 0
2670 2444.887806015675 2606.97842822735 0
2671 2411.252676174262 2390.520870335774 0
2672 3719.6182752113 2853.252689828189 0
2673 3743.017938292259 2804.416131016729 0
2674 2421.043230224819 2611.289485651664 0
2675 2408.92231935357 2605.517160966461 0
2676 2410.801742252065 2619.926278489801 0
2677 2407.900642242771 2592.627367296287 0
2678 2397.870434466659 2600.37065827838 0
2679 2396.991138778727 2586.984432064033 0
2680 2387.596348286767 2595.033545245942 0
2681 3414.766299019331 2436.167877587281 0
2682 3427.785715693495 2453.02893832477 0
2683 3410.012692526325 2456.592496968386 0
2684 3421.140091894067 2469.838618525975 0
2685 3437.844979624834 2468.072794334355 0
2686 3431.003191719439 2483.734392640099 0
2687 3447.771426799128 2481.982204839674 0
2688 3440.929346574131 2497.453243725432 0
2689 3424.144861510687 2499.280477925399 0
2690 3434.091380449203 2512.908193786319 0
2691 3417.311577718385 2514.709184046584 0
2692 3451.275369664024 2510.805699642905 0
2693 3444.103776157152 2526.493387540522 0
2694 3461.299867158427 2524.383018433148 0
2695 3394.762595948379 2443.761311228789 0
2696 3454.073501370398 2540.109040785037 0
2697 3473.619304600706 2538.642427408814 0
2698 3464.41858468208 2553.843484043545 0
2699 3447.194187486214 2556.286991279897 0
2700 3480.293654573157 2553.977884487999 0
2701 3393.695878680057 2462.215666223897 0
2702 3477.594157140284 2522.95301300431 0
2703 3473.885419817425 2567.777037915469 0
2704 3489.513087919633 2566.341675881337 0
2705 3381.47778351603 2453.165897029801 0
2706 3379.753456941837 2466.020864980143 0
2707 3370.235275631172 2458.719376995169 0
2708 3370.461450358564 2447.148308946742 0
2709 2859.53735547359 2598.375803404824 0
2710 2702.954904431464 2307.822871080634 0
2711 3483.630060814161 2581.248499283823 0
2712 3500.776939823191 2579.004866065996 0
2713 2283.496033839291 2496.851045527706 0
2714 3360.742487068204 2452.872025248781 0
2715 3360.532379332908 2441.622250265745 0
2716 3476.813739616927 2385.209405999541 0
2717 3490.481046307115 2400.220753602071 0
2718 3354.739564376458 2341.917455522545 0
2719 2456.685121279499 2411.812498938797 0
2720 2249.745255041283 2912.357446754621 0
2721 3485.113588426357 2416.741899370992 0
2722 3501.453101756366 2412.681702979282 0
2723 3497.159723296787 2427.889431641384 0
2724 3507.995043896575 2397.560189486279 0
2725 3519.047514050964 2411.432396249127 0
2726 3524.681092427327 2395.008761413644 0
2727 3535.104967297625 2406.710017354198 0
2728 3540.430117424087 2391.822202024436 0
2729 3549.030568954933 2403.869126397209 0
2730 3553.272575172373 2391.079462709777 0
2731 3564.301415279032 2401.682779882963 0
2732 3565.83373012312 2387.035820643014 0
2733 3577.252068863 2397.098939929205 0
2734 3580.580695028197 2384.218708637243 0
2735 3544.619288969924 2415.774436152645 0
2736 3589.278296235184 2394.89710297204 0
2737 3594.478089291802 2382.015106375584 0
2738 3585.694910603711 2405.996899766054 0
2739 3596.786767354979 2404.803254330285 0
2740 2223.514471188315 2863.018492086798 0
2741 3698.857023269655 2579.397002419776 0
2742 2942.179044126 2402.241107157294 0
2743 2957.951773359868 2396.293707762984 0
2744 2925.176081445576 2406.021270602011 0
2745 3493.76293562416 2594.710364267322 0
2746 3510.572082543164 2592.867810261077 0
2747 3478.101116743896 2595.66146675174 0
2748 2291.8528325058 2486.244782325582 0
2749 2296.542488905881 2497.779664645496 0
2750 2289.710492671888 2507.869914220274 0
2751 2301.972686736118 2507.943284881107 0
2752 2296.56952480371 2517.654991954658 0
2753 2288.543119959361 2473.879582793323 0
2754 2300.302330734612 2476.887488819532 0
2755 2297.795886485465 2465.747475583128 0
2756 2308.736685554498 2468.767744445779 0
2757 2306.318863866288 2458.128368972192 0
2758 2286.264061979113 2459.817803584082 0
2759 2607.149179166571 2363.994855214593 0
2760 2586.678341828304 2351.967379596639 0
2761 3503.713338393928 2608.3355503913 0
2762 3520.540301797591 2606.536107079874 0
2763 3527.576894933462 2590.80733508663 0
2764 3537.006432906082 2604.418995700549 0
2765 2387.034262083523 2583.740423476932 0
2766 2377.712166757003 2588.425403302918 0
2767 2378.807262053588 2601.778555350356 0
2768 2368.300437913594 2596.969066514579 0
2769 2366.79799829442 2585.465642512231 0
2770 3668.118061401095 2428.356542771845 0
2771 3368.571674111566 2470.20641035872 0
2772 2586.239317162543 2476.015496480142 0
2773 2367.862636710144 2609.171972585586 0
2774 2357.855548021355 2592.676206676072 0
2775 2356.571854984291 2581.531192082836 0
2776 2834.999706852559 2608.794693142544 0
2777 3347.27293775354 2364.916990956123 0
2778 3332.433989638628 2347.209763874759 0
2779 3326.268536960473 2366.263872249741 0
2780 3313.379727257573 2352.387434914138 0
2781 3279.129019003047 2459.194081995282 0
2782 3308.934846184427 2370.260981810117 0
2783 3296.171578584391 2357.592662055564 0
2784 3291.512985214828 2373.980032232926 0
2785 3279.673390931353 2362.12151217481 0
2786 3275.033913308961 2378.317457281079 0
2787 3253.220976847391 2477.278152671568 0
2788 3264.25050667492 2465.953527829941 0
2789 3263.372868617397 2366.549168363259 0
2790 3259.78214868255 2385.236083266149 0
2791 3247.26918173617 2371.430201029036 0
2792 3243.047006954486 2387.827301015186 0
2793 3230.930387674791 2375.575990828179 0
2794 3226.520539425275 2391.327867671936 0
2795 3015.073501743226 2468.802678681378 0
2796 3027.213227464829 2486.503398698474 0
2797 3246.770272987648 2492.183640066881 0
2798 3214.627907135073 2379.930472361843 0
2799 3210.203731250005 2395.627292149531 0
2800 3198.791954262744 2384.479071167118 0
2801 3194.157377381689 2400.747516513685 0
2802 3183.688809434219 2387.240033386959 0
2803 3177.689799795961 2405.633344229738 0
2804 3165.699194501983 2390.261162076019 0
2805 3159.861759720375 2414.00056696033 0
2806 3144.725900164883 2396.284105125178 0
2807 3137.946850950433 2417.247612317017 0
2808 3150.704585041492 2433.522235444414 0
2809 3129.028850132505 2437.139127925527 0
2810 3145.655682152984 2451.426850808222 0
2811 3115.563023601874 2420.524618296405 0
2812 3162.550122858557 2447.324962722209 0
2813 3158.99597412635 2463.412444264795 0
2814 3142.67011823494 2469.092635853782 0
2815 3029.018439948278 2502.834262925622 0
2816 3155.648496327494 2479.95828123589 0
2817 3256.172513722412 2527.473468110174 0
2818 3247.841474180981 2513.555560616081 0
2819 3139.434184339121 2485.617113534829 0
2820 3151.36884375077 2496.580633228433 0
2821 3135.85411947145 2502.256154057499 0
2822 3147.859243080546 2513.156646489845 0
2823 3131.867040095392 2519.142306561464 0
2824 3024.51677339551 2518.802211377302 0
2825 3145.164690056592 2529.916937987192 0
2826 3129.379731214428 2535.460338068425 0
2827 3142.101648134921 2546.462902276285 0
2828 3126.159268720275 2551.879915506796 0
2829 3006.485187049709 2537.113631680504 0
2830 3157.703069591078 2541.464529327466 0
2831 3154.946028092972 2557.438232500254 0
2832 3269.843942007933 2537.458826954817 0
2833 3122.034014458523 2491.763723090363 0
2834 3170.3886126547 2552.63954008558 0
2835 3018.827486277588 2527.473468110173 0
2836 3005.671078638558 2462.607101708865 0
2837 2995.849823569155 2459.19870447286 0
2838 2995.801887231558 2540.416745338578 0
2839 2985.066258572074 2541.850467265277 0
2840 3022.314001411034 2476.10301636354 0
2841 3245.521014475116 2502.804477447954 0
2842 3167.656097232445 2568.55114781255 0
2843 3183.315234400842 2563.503160730945 0
2844 3110.702080687814 2539.499688118403 0
2845 3109.691416411043 2557.085974034668 0
2846 3181.019136037955 2579.941341140619 0
2847 3163.38168163407 2583.869295270032 0
2848 3196.381900359622 2573.625434968594 0
2849 3206.226336146176 2413.177906068363 0
2850 3174.928745352261 2458.593185771681 0
2851 3096.322624311983 2547.279370985515 0
2852 3094.225319185474 2562.682487660305 0
2853 3178.656767308358 2596.977528790776 0
2854 3303.640831362735 2385.92850731986 0
2855 3157.330111705465 2601.104033229124 0
2856 3202.128455290165 2366.200874874198 0
2857 3187.455141768065 2547.771585006321 0
2858 3251.439804313483 2354.786949631072 0
2859 3151.567478911103 2372.617870923348 0
2860 3083.385722043075 2551.29409270924 0
2861 3077.789945494156 2566.850758126868 0
2862 3085.555367180283 2538.78064645384 0
2863 3074.059271046137 2541.934341781735 0
2864 3076.394381488074 2530.648246990846 0
2865 3090.146905906804 2578.408747033698 0
2866 3074.11960805431 2583.186309534465 0
2867 3085.313782312524 2594.657100446896 0
2868 3068.775842360205 2598.264047323904 0
2869 3056.95641314472 2585.013988408682 0
2870 3052.387743552452 2601.02556983035 0
2871 3041.286908736222 2590.148387790935 0
2872 3037.527980266064 2603.078655798537 0
2873 3027.586856115071 2593.42778709513 0
2874 3023.738216491945 2606.366025572868 0
2875 3014.195715034845 2597.80555884739 0
2876 3010.104786012672 2610.770330753714 0
2877 3000.407658028994 2600.709338513679 0
2878 3045.362449370616 2617.858100065701 0
2879 2996.798388026069 2614.494475167699 0
2880 2987.376316147501 2604.678200223286 0
2881 3007.292423072216 2626.193999654547 0
2882 2983.107776265958 2618.299846493692 0
2883 2972.627228862894 2605.110234135952 0
2884 2991.000070067322 2592.744619918657 0
2885 3031.310187898433 2582.287924167205 0
2886 3238.687603991905 2403.70143589237 0
2887 3272.062650108485 2395.430085787473 0
2888 2192.851033126175 2909.906462543588 0
2889 2407.814770050637 2580.922436774048 0
2890 3350.150100443489 2448.654785705977 0
2891 2611.619568489716 2427.28074393195 0
2892 2623.679432459352 2421.942220082994 0
2893 2623.081508137688 2434.31907021431 0
2894 2633.539425211479 2429.522869862051 0
2895 2635.323115663909 2418.34999130703 0
2896 2644.062307471847 2424.977860491284 0
2897 2645.849385562411 2414.279330105204 0
2898 2655.710187738332 2422.184546352332 0
2899 2657.142137625639 2410.617348361802 0
2900 2664.795731335555 2416.611111046366 0
2901 3056.459742753803 1935.2087191193 0
2902 3717.270004162691 2348.188368822366 0
2903 3660.121465998467 2415.022162728616 0
2904 3654.024726875273 2427.423060614797 0
2905 3659.331355928327 2437.528265947793 0
2906 3646.994717358952 2438.919177608878 0
2907 3653.474543891952 2447.320221510474 0
2908 2967.790167958387 2622.23018778458 0
2909 2957.789094825505 2609.500670284038 0
2910 2949.726439262487 2624.121060011319 0
2911 2446.76498021883 1807.988963757522 0
2912 2308.925059911767 2517.901760073919 0
2913 2302.6612979274 2527.411030218361 0
2914 3531.003347751021 2379.716391266714 0
2915 3570.735263932852 2372.279239891073 0
2916 3350.568873129839 2436.320358378152 0
2917 2437.671879673233 2570.84570734086 0
2918 2727.972554372077 2365.597224461144 0
2919 2313.706561024701 2528.46745696282 0
2920 2307.971857530082 2537.240389174608 0
2921 2319.221672475125 2537.173165400281 0
2922 2313.654982417183 2546.949389141184 0
2923 2347.537270550493 2588.362399968416 0
2924 2277.865968961094 2961.39765679394 0
2925 2339.059089050735 2961.862252037227 0
2926 3508.334097412458 2562.995393517851 0
2927 2304.290356885261 3018.21002700945 0
2928 2376.742548062905 3019.821484802427 0
2929 3174.510567434292 2617.501394320287 0
2930 3152.615024884794 2624.277568549786 0
2931 3065.350228601895 2534.507693799199 0
2932 3067.972663411323 2522.938207883393 0
2933 3592.553324183028 2415.12649735406 0
2934 3544.292399500558 2590.793985379667 0
2935 3551.81857885159 2601.967251109282 0
2936 3546.152409359691 2616.876564102981 0
2937 3557.890999677232 2590.068699194366 0
2938 3564.864349877635 2600.166651260484 0
2939 3569.851759258381 2589.45360035417 0
2940 3576.870813290256 2598.866422103188 0
2941 3581.52055499237 2589.092125412836 0
2942 3588.301618067404 2597.821695396287 0
2943 3592.799891281235 2587.967455066017 0
2944 3599.526846555338 2596.55057162399 0
2945 3603.981369291853 2586.55011926268 0
2946 3584.783084705035 2608.952399205226 0
2947 3551.008347586673 2578.20760374221 0
2948 3610.704246463332 2595.197505407706 0
2949 3615.152803366418 2585.181954241613 0
2950 3666.481370944303 2400.268771615287 0
2951 2316.727217013127 2461.684261267997 0
2952 2314.650535114669 2450.705785320146 0
2953 3341.558136754963 2442.264051539744 0
2954 3690.617561780234 2899.76538949034 0
2955 2492.436869527038 2161.052689686786 0
2956 2961.029219338683 2595.523183449987 0
2957 2948.60085261523 2598.427980521847 0
2958 2952.542023041644 2586.950053465927 0
2959 2963.227372123816 2583.272736673814 0
2960 2955.156616122643 2575.904095071205 0
2961 2940.942689718542 2589.636767804638 0
2962 2936.5222764764 2600.38623913163 0
2963 3747.11529730094 2899.639550696898 0
2964 2326.013660054563 2454.488573854181 0
2965 2323.148893551598 2443.251195752573 0
2966 2334.100361609936 2446.025037081026 0
2967 2331.503250693892 2435.598407266332 0
2968 2342.719474721541 2438.18094383065 0
2969 2863.409438415858 2458.543975383664 0
2970 2876.849722692794 2470.789139899709 0
2971 3300.986104080703 2338.697379470913 0
2972 2633.249804301606 2441.042926703969 0
2973 3794.577366699273 2323.352562935782 0
2974 3776.404259753544 2290.340819264594 0
2975 3806.866383507158 2360.984843468235 0
2976 2607.342765641355 2340.414944907733 0
2977 2587.582203426462 2327.154863483165 0
2978 2610.651299823194 2316.332765848467 0
2979 2712.674972858418 2377.264351129279 0
2980 2727.641277292179 2383.753603011646 0
2981 3574.934165324612 2579.75017771144 0
2982 3079.497163031165 2611.160995754308 0
2983 3513.852836816326 2622.008591179016 0
2984 2323.622606561648 2047.350163754514 0
2985 3376.79656590956 2477.628053556348 0
2986 3366.039768064886 2481.149674268259 0
2987 3374.122660882855 2488.686877842362 0
2988 3362.260644510414 2492.359797224838 0
2989 3371.457171434356 2499.546016749907 0
2990 3360.717588396098 2430.38585551626 0
2991 3349.844469066572 2424.561181103801 0
2992 3641.811391714463 2428.211133603298 0
2993 3635.909559145275 2437.336525785209 0
2994 2320.766851468281 2432.183638647976 0
2995 2329.119553783885 2424.694536107846 0
2996 2937.02455495118 2417.658888480129 0
2997 2924.822137555378 2421.839448420266 0
2998 2934.17695609696 2430.091288313281 0
2999 2946.279936553558 2428.454282452788 0
3000 2923.418665702377 2433.865069694609 0
3001 2913.139960589115 2426.469624915775 0
3002 2932.083026023949 2441.249539876146 0
3003 3621.829114416508 2593.468412059706 0
3004 3626.273131292363 2583.42468989857 0
3005 3617.677964734514 2604.128665220603 0
3006 3620.035677049666 2575.385076438445 0
3007 3630.782672349374 2573.361638795029 0
3008 2588.503716137897 2302.105397879676 0
3009 2614.219522859368 2290.652647605254 0
3010 2567.2562143621 2318.639846476072 0
3011 2285.351213007615 2518.648267422087 0
3012 2963.122572964083 2638.433515207384 0
3013 2946.118744180318 2642.485995417278 0
3014 3831.074179114217 2329.364300951621 0
3015 3844.854792577277 2365.355532636416 0
3016 2233.985167060078 2311.791628410847 0
3017 2302.405182203114 2547.016630070427 0
3018 2308.459767260955 2556.958425547349 0
3019 3597.107615489804 2577.368538908615 0
3020 2629.377441303523 2732.180163515357 0
3021 3357.805087506431 2745.676494465946 0
3022 4352.941244445246 4358.582018098217 0
3023 4439.860351160052 4408.029655937861 0
3024 4353.577887276504 4458.579991507308 0
3025 3464.107464410095 1299.991371103004 0
3026 3550.705130394868 1249.998561850674 0
3027 3464.102752496217 1199.99832215908 0
3028 2771.281292110183 600.0000000001523 0
3029 522.239395031303 695.4548340917327 0
3030 2078.489989250592 1299.9497355947 0
3031 2338.268590217966 550.0000000001289 0
3032 4763.139715737871 1650.00002201678 0
3033 1575.517566037268 3230.32519103672 0
3034 692.8235338453524 499.9944387004407 0
3035 4936.344801562227 1150.00000003938 0
3036 2857.883832488631 550.0000000001569 0
3037 2771.281292110189 500.0000000001528 0
3038 531.403951921825 3515.062469370807 0
3039 530.1385826973951 3615.054461936669 0
3040 5133.303276550568 4503.616838178451 0
3041 2004.141470775755 3483.730253155366 0
3042 5282.754963084999 950.0000000004611 0
3043 5369.357503463481 900.0000000003199 0
3044 5369.357503463469 1000.000000000343 0
3045 5455.960043841919 950.0000000003308 0
3046 5369.357503463441 1400.000000000304 0
3047 5455.960043841913 1050.000000000327 0
3048 2170.374728029544 2526.050230316385 0
3049 3495.737415475387 2623.820839689221 0
3050 3800.313885385872 2536.258818565944 0
3051 3813.74252847202 2512.005366413679 0
3052 3829.360622632066 2540.00207741928 0
3053 3845.214932510895 2510.95260914946 0
3054 3452.575811208886 2184.521778881725 0
3055 3637.45631887635 2582.097975800174 0
3056 3641.84450418598 2571.691214101307 0
3057 3635.367396938817 2563.002038004422 0
3058 3646.035169075136 2561.481475666257 0
3059 865.1326894650456 4519.365783217244 0
3060 5455.960043841942 650.0000000003292 0
3061 5455.960043841948 550.0000000003261 0
3062 5369.357503463509 500.0000000003192 0
3063 2325.27382414816 2546.39585821875 0
3064 4786.900135192203 4505.822233882415 0
3065 5393.823893007636 4551.258764823654 0
3066 5479.773074145853 4501.29427399372 0
3067 491.7818543683934 1942.432182445164 0
3068 4440.496993991254 4508.027629346888 0
3069 3574.489140999781 4513.541117996237 0
3070 2532.106434500507 2500.169083092465 0
3071 488.0016041056474 2242.408373012878 0
3072 486.7415247886211 2342.400430576658 0
3073 5468.246834058305 2701.44790721663 0
3074 5467.610189226363 2601.449933449626 0
3075 5380.691081593217 2552.002297099491 0
3076 5466.97354441387 2501.451959715817 0
3077 2365.141343849966 2574.612840681552 0
3078 2856.822686109987 2623.330241968612 0
3079 3724.561312388867 2538.256176204108 0
3080 3507.960013676087 2639.681265942677 0
3081 691.9414757062214 4517.174099675916 0
3082 605.9785533680924 4466.082260962785 0
3083 607.2439224506556 4366.090267077849 0
3084 520.0156310299617 4414.990422249653 0
3085 521.2810001125263 4314.998428364717 0
3086 518.7502619473998 4514.98241613459 0
3087 3361.514833416996 2503.077636664148 0
3088 3368.7407021554 2509.176552196674 0
3089 3360.361149978246 2511.741424567949 0
3090 3367.090721615567 2518.270728316208 0
3091 3357.527987340227 2520.227521967946 0
3092 3365.746562181751 2527.832219862137 0
3093 3356.456092900781 2531.120990539078 0
3094 3363.919554309781 2538.228009597467 0
3095 3352.30379803905 2541.343967400271 0
3096 3361.229156426146 2549.086109681738 0
3097 3350.378563215624 2552.502088821553 0
3098 3358.725346336581 2560.054066371031 0
3099 3347.992365560581 2563.234030752138 0
3100 3356.155224360657 2570.975340489022 0
3101 3345.411747813464 2574.184102665211 0
3102 3353.539545720442 2581.917030382898 0
3103 3342.393601028304 2585.398872349564 0
3104 3351.876676039091 2594.223186143208 0
3105 3339.399400205681 2598.334656791243 0
3106 3366.355854136035 2578.728353061794 0
3107 3334.331899468086 2577.262288780473 0
3108 3349.951702342554 2608.952468566104 0
3109 3334.186675069232 2613.947585936339 0
3110 3371.270637843025 2545.72877300227 0
3111 3346.534018357228 2625.344356553185 0
3112 3362.888765352618 2618.503944100506 0
3113 3330.469011762784 2630.386166422461 0
3114 3318.068047011826 2618.932874438398 0
3115 3314.337772442349 2635.387638450683 0
3116 3301.415183238099 2624.505075274355 0
3117 3298.127747104154 2640.480352030227 0
3118 3285.539800901982 2629.17089674393 0
3119 3288.724345228085 2611.659401957985 0
3120 3273.52226551576 2617.496629499301 0
3121 3275.855344979959 2602.134912158082 0
3122 3262.438822361606 2606.379423525021 0
3123 3266.168839965655 2593.088438326845 0
3124 3277.298456621008 2588.933333308638 0
3125 3257.417408254811 2621.718098440115 0
3126 3268.683066175474 2580.093446002614 0
3127 3257.850699430711 2584.337653865789 0
3128 3279.341656022786 2578.75954040023 0
3129 3259.812840708061 2573.106131023113 0
3130 3280.921627045289 2646.061122371565 0
3131 3359.039056041835 2636.705422459259 0
3132 3378.11726369574 2629.498997296152 0
3133 3326.206385971599 2644.609714166311 0
3134 3296.101062204217 2659.450307562657 0
3135 3341.13540365716 2555.928326566392 0
3136 5470.79342646952 3101.439824616881 0
3137 5471.430064607952 3201.437786958675 0
3138 5385.147600546896 3251.988122225096 0
3139 5470.695953665818 3301.293553012344 0
3140 5385.555781534248 3351.962386941967 0
3141 5470.402839211903 3402.429687021884 0
3142 5385.999389033519 3452.146102328123 0
3143 5472.223101239409 3502.790508897476 0
3144 5386.801130365014 3552.23550747017 0
3145 5473.747754081422 3601.698382382807 0
3146 5300.02543811912 3502.603648092204 0
3147 3352.945117344652 2458.617490703989 0
3148 3254.929916672182 2127.399274940244 0
3149 2714.497377570806 2393.806545079018 0
3150 2727.687329668463 2399.958929693115 0
3151 2741.426413239507 2390.407675613488 0
3152 2715.459736398336 2407.462049409212 0
3153 2727.493823341707 2413.086701582218 0
3154 2716.611945877769 2419.596163935466 0
3155 2727.067988534839 2424.90438706318 0
3156 3049.618879882064 2735.533708048626 0
3157 1645.448267190426 450.00000000008 0
3158 1558.845726811978 500.0000000000714 0
3159 1211.515116982695 4523.749150299896 0
3160 1298.743408403388 4474.848995128092 0
3161 1300.008777485951 4374.857001243157 0
3162 1385.971699824081 4425.948839956287 0
3163 2622.165946418367 2445.547930951132 0
3164 2829.002344599643 2630.928126940132 0
3165 2810.049084091727 2612.645304291861 0
3166 2803.794824447886 2636.932561220779 0
3167 2786.612725430392 2621.090941792076 0
3168 2782.675242708591 2642.390476563037 0
3169 2767.750679667702 2626.99411236605 0
3170 2771.409596917219 2609.025553231855 0
3171 2754.562718613262 2613.374292171138 0
3172 2758.767230864486 2597.135504103245 0
3173 2741.58361727247 2599.640601883143 0
3174 2738.044167958319 2617.458854770673 0
3175 2726.171383656491 2605.858695687949 0
3176 2721.920324797808 2622.133771632959 0
3177 2709.01079518406 2608.459736450329 0
3178 2748.554681358843 2585.478350916657 0
3179 2705.514821079998 2626.289514054996 0
3180 2693.598884986027 2614.688098156742 0
3181 2716.412204249787 2595.039530076865 0
3182 2689.404168988171 2631.018867002785 0
3183 2678.450560562003 2618.630866735373 0
3184 2681.796889980365 2602.237307688937 0
3185 2668.119654368281 2607.368872262084 0
3186 2669.638932837138 2594.343360914197 0
3187 2658.340128531921 2598.352503550309 0
3188 2660.600688119196 2586.747857268628 0
3189 2649.296522570148 2589.630697773259 0
3190 2646.107431612838 2601.985834982247 0
3191 2637.36764795719 2592.380471624628 0
3192 2632.556302114179 2605.908352200077 0
3193 2641.948614142833 2580.944974495756 0
3194 2630.349451632754 2582.408399060033 0
3195 2635.499744628003 2571.777928298943 0
3196 2624.39229400827 2572.593267176931 0
3197 2629.761461667027 2562.624491985139 0
3198 2669.577416349752 2581.96613744768 0
3199 2761.416848422934 2582.379841478389 0
3200 2752.704404488115 2572.288114813129 0
3201 2619.871752334179 2581.146651561109 0
3202 2613.06262298401 2572.793164798146 0
3203 2608.392933991869 2584.710773460798 0
3204 2672.065837972428 2635.444815633725 0
3205 2759.861089403322 2648.743165150599 0
3206 2641.207664780177 2561.158909473879 0
3207 2633.844562513703 2552.682020715721 0
3208 2624.026964363257 2554.265089441776 0
3209 2628.057804692277 2545.334288960059 0
3210 2618.90844985305 2545.83710660716 0
3211 2623.509516490412 2538.329905044806 0
3212 2636.372228516514 2544.213521015586 0
3213 2166.088413034098 2859.874649622006 0
3214 2135.842841896534 2907.862008679826 0
3215 2162.791703062932 2960.32025955694 0
3216 2097.284570200946 2957.462690590101 0
3217 3168.874291885608 2491.405866997026 0
3218 5380.054436832268 2452.004323453671 0
3219 5466.33689978957 2401.453986303245 0
3220 3639.426335957843 2552.075562724341 0
3221 3649.454160850081 2551.965643454556 0
3222 3644.854701537394 2543.810728781086 0
3223 3653.595602258321 2543.433372391738 0
3224 3648.351670255468 2535.674793023427 0
3225 3657.991459047337 2535.258213666858 0
3226 3652.570255175527 2527.302003306255 0
3227 3662.86730414825 2527.248044039244 0
3228 3655.782889762212 2518.506836559757 0
3229 3667.307105545023 2518.749310647788 0
3230 3661.399355919517 2510.272638763137 0
3231 3671.721696405277 2509.130638643249 0
3232 3663.961608992995 2500.078135386229 0
3233 3668.4681136459 2535.488138345355 0
3234 2921.694660927614 2445.056002284677 0
3235 2931.176462615424 2453.054254542503 0
3236 2965.358645585442 2571.739619281666 0
3237 2693.677596656871 2374.014674918483 0
3238 2303.604773770454 2447.149660766362 0
3239 2717.324613186554 2432.399199246364 0
3240 2727.395440717242 2437.226143012066 0
3241 2736.954258201002 2430.300603202901 0
3242 2737.066604221462 2442.025420884313 0
3243 2746.898452271485 2435.376995520226 0
3244 2746.64485745454 2447.400228601081 0
3245 1384.706330741518 4525.940833841223 0
3246 1471.934622162212 4477.040678669418 0
3247 2745.346547169518 2223.443277663709 0
3248 494.3020173224299 1742.448061144592 0
3249 495.5620987877573 1642.45600048889 0
3250 3078.387579847256 2519.319198478197 0
3251 3070.073893244703 2511.746736058572 0
3252 2857.883832488636 450.0000000001564 0
3253 2318.040256770801 2421.263557408905 0
3254 2326.878852899287 2413.31049234597 0
3255 2337.515320637512 2417.132815359286 0
3256 3170.458059598467 2641.211895507104 0
3257 5455.960043841953 450.0000000003229 0
3258 3630.02527484242 2554.903121535724 0
3259 3863.075563732613 2542.508497576139 0
3260 2652.300512765523 2432.83926432898 0
3261 1103.621873987083 1500.106747354217 0
3262 1189.587497994917 1551.194040270104 0
3263 1188.327416540542 1651.186100933838 0
3264 1275.553121882821 1602.28133315376 0
3265 1274.29304125812 1702.273392434883 0
3266 1361.518745999149 1653.368625808166 0
3267 1360.258665896248 1753.360684184593 0
3268 1447.484370109691 1704.455918464822 0
3269 1446.224289186779 1804.447978219849 0
3270 1533.449993994668 1755.543211502778 0
3271 1532.189912519816 1855.535272186856 0
3272 1619.415617849136 1806.630504592908 0
3273 1618.155536369199 1906.622565285682 0
3274 1703.722499593452 1860.508996677539 0
3275 1703.76974558904 1958.041364808414 0
3276 1788.638321339246 1913.319508719938 0
3277 1790.783058540018 2006.792490127198 0
3278 1871.927886481595 1962.820075731412 0
3279 1872.248466465835 2052.480232170294 0
3280 1949.043754821921 2011.027748125389 0
3281 1947.838354454515 2096.635986370914 0
3282 1952.92576444563 1923.737155828274 0
3283 3249.751684166487 2576.58188869183 0
3284 3252.615627997021 2564.572860038319 0
3285 5036.835709517285 2954.20162460768 0
3286 3723.909236273078 450.000000000211 0
3287 3353.994635969359 2506.351284843792 0
3288 2660.810087768366 1843.731101347574 0
3289 5024.190262203796 2384.709950326336 0
3290 3676.186431279886 2498.803750262999 0
3291 3669.490260501744 2489.843917630843 0
3292 1123.907680520942 1048.901732876813 0
3293 2988.626164849006 1885.349596799045 0
3294 5542.562584220395 500.0000000003254 0
3295 1528.356739688437 2551.946932211852 0
3296 3648.947624623097 2580.420072039554 0
3297 2765.56431849414 2569.888153385788 0
3298 2756.820228855645 2560.818283006261 0
3299 2745.659421383008 2562.664886506889 0
3300 2749.036540159404 2551.114034664815 0
3301 2760.886897969269 2550.126907923906 0
3302 2753.522897532834 2540.896345988197 0
3303 2956.176000206749 2565.635676745287 0
3304 1991.858428704198 450.0000000001064 0
3305 481.6293616576049 2742.240533389219 0
3306 480.368828448426 2842.231788228257 0
3307 3714.542062119851 2688.357100335683 0
3308 2764.87926109201 2539.704327390991 0
3309 2757.703632304186 2530.418060508851 0
3310 2312.153081556151 2507.664756039916 0
3311 2587.853643097851 2274.250311251963 0
3312 2614.857272294251 2260.031576730903 0
3313 2947.371039415994 2569.359121069797 0
3314 2948.805063657249 2559.794143291871 0
3315 2940.27446368687 2563.373015352992 0
3316 2941.050242098621 2554.511418384477 0
3317 2930.945710024045 2558.521006205038 0
3318 2933.991393211369 2549.042120418822 0
3319 2928.175945160559 2589.217093191191 0
3320 2922.812487581279 2603.696346629276 0
3321 2941.710698961761 2546.531941143655 0
3322 2935.670846638529 2541.25032227284 0
3323 2928.223933168893 2543.635138896981 0
3324 2930.022508649979 2535.778763850824 0
3325 2921.92086173979 2537.458099263224 0
3326 2924.63808438254 2529.536673614773 0
3327 2738.710871416596 2554.274069552799 0
3328 1001.275190984577 2748.916243058067 0
3329 1088.414676428481 2700.054590276577 0
3330 2707.410037295492 2426.216661408074 0
3331 3375.403275365878 2525.736000824278 0
3332 3246.949341803712 2587.572546895839 0
3333 4018.262702771893 2975.908286633383 0
3334 3116.618468329772 4547.857669254455 0
3335 447.9717527829298 3263.986503735676 0
3336 2630.483725193455 2451.957042690791 0
3337 2622.134105073619 2455.426203651765 0
3338 2630.28547227029 2461.862230493027 0
3339 2636.516546314262 2457.474658042007 0
3340 2621.429136577282 2464.894301941921 0
3341 2735.543893066947 2562.970980403234 0
3342 2729.468886881004 2555.641673381243 0
3343 2732.228365758654 2548.348137195142 0
3344 3057.176355608135 2526.950352311654 0
3345 3054.508649179889 2537.491631966849 0
3346 3810.511776651526 400.0000000002178 0
3347 3897.114317029966 450.0000000002237 0
3348 3227.030738225887 2244.2152435584 0
3349 2627.71052861249 2470.67454570577 0
3350 2620.303711192883 2473.629938332372 0
3351 2626.768017712488 2478.630295211589 0
3352 2619.511730704301 2481.654067263907 0
3353 2626.324729579409 2486.07582999323 0
3354 2645.95324614556 2502.653094830936 0
3355 2618.98769300375 2489.178149456588 0
3356 2625.163014684319 2493.339858653776 0
3357 2618.25973618102 2496.618897645338 0
3358 2624.565163827649 2500.983149925962 0
3359 2617.729970614823 2504.125415529468 0
3360 2318.575724877945 2471.71573934407 0
3361 4589.913703648312 2549.959743458425 0
3362 4589.920014478411 2649.972840267456 0
3363 4589.921350424266 2449.973484343956 0
3364 4676.466542083897 2699.975023068966 0
3365 4589.934640057382 2750.000000000268 0
3366 3741.130132706194 2292.439553334805 0
3367 3757.288669731085 2258.136113668756 0
3368 3796.14379994008 2258.191285677306 0
3369 3775.681328747435 2225.260217811761 0
3370 3735.932556496353 2224.903845562997 0
3371 3758.390719557989 2189.906910801238 0
3372 2920.02199519106 2456.005290455963 0
3373 2911.969124988285 2448.951933113236 0
3374 1673.151196159012 2974.946330239465 0
3375 2025.995253178304 1973.139227116907 0
3376 2033.019373312101 1888.888151162791 0
3377 2298.026133062721 2554.884163704794 0
3378 3881.108466997806 2510.177480669589 0
3379 2599.317402171816 2573.041849690449 0
3380 2592.255877019699 2586.712662506659 0
3381 3658.976297594587 2490.524074568066 0
3382 4354.214530107696 4558.577964916322 0
3383 4873.819241907102 4555.269871721743 0
3384 3490.446323638176 2277.937383890171 0
3385 2956.22499018023 2557.135107798715 0
3386 3717.164593772548 2947.491440678397 0
3387 3660.202606682142 2944.90335086004 0
3388 3773.983951022766 2950.788147781318 0
3389 3067.019740356597 1856.45290847697 0
3390 3134.152748966776 1908.451293132191 0
3391 1470.669253079649 4577.032672554353 0
3392 1557.897544500342 4528.132517382549 0
3393 3686.912694754603 2995.193148798516 0
3394 3623.58958168971 2990.996242713464 0
3395 3658.498858884894 3051.138241069241 0
3396 3588.907940527167 3047.255274384393 0
3397 432.7873396092682 4463.890577421459 0
3398 444.1756610449547 3563.962629599055 0
3399 442.9102920530295 3663.95462432673 0
3400 528.8732144062651 3715.046463180317 0
3401 441.6449231872061 3763.946620226914 0
3402 2610.850488199207 2491.981013772167 0
3403 2756.895561404011 2440.478964597644 0
3404 2757.633655490388 2451.565814488432 0
3405 2749.116391270924 2457.827626582151 0
3406 2757.571950116752 2461.494018902508 0
3407 2749.943524670109 2467.090555897809 0
3408 2758.155292396838 2470.874050811666 0
3409 2751.117634615435 2476.386271068295 0
3410 2759.252927267505 2480.141020388695 0
3411 2752.965827735677 2485.362904733555 0
3412 2760.220994908112 2488.862065258006 0
3413 2753.738089113709 2493.537429912961 0
3414 2760.464914800476 2496.975414546514 0
3415 2742.840703773521 2463.864348238485 0
3416 2767.506697609284 2484.595674631688 0
3417 2754.172122649574 2501.116024598078 0
3418 2756.190153621733 2428.270728833467 0
3419 2841.063741708678 2254.43046341052 0
3420 3360.947126154917 2416.680909384866 0
3421 2300.920306280698 2566.872371944371 0
3422 2314.490067973406 2408.974926318507 0
3423 2767.545067537774 2456.553781918699 0
3424 3582.233164595335 2416.795216237153 0
3425 3588.17054828758 2425.210652233385 0
3426 3578.407134245629 2427.120099855431 0
3427 3203.846759750464 4498.957514082646 0
3428 3202.581390667903 4598.949507967578 0
3429 3029.390176909079 4596.75782442626 0
3430 431.5219705267082 4563.882571306393 0
3431 3682.706545808521 2507.983796248947 0
3432 4349.121386073777 3758.59417602716 0
3433 5387.694172186333 3651.980004169813 0
3434 5474.575132935675 3701.472426345392 0
3435 3297.40167276846 3950.097441891349 0
3436 3211.438835085584 3899.005584378745 0
3437 3383.364737668128 4001.189246703378 0
3438 1732.050807568848 700.0000000000916 0
3439 2511.473670974801 1350.000000000153 0
3440 2424.88293087511 1299.983459440969 0
3441 2684.678751731715 1050.000000000148 0
3442 3550.704335128152 1149.999735035015 0
3443 3637.306888309705 1199.999716147759 0
3444 527.6078454917297 3815.03845862758 0
3445 440.37955409904 3863.938614059771 0
3446 4763.139720814293 2250.000000000277 0
3447 1910.606817430608 4032.555915040202 0
3448 2087.593975985232 3734.771889636833 0
3449 4330.127018921635 900.0000000025057 0
3450 4330.12701892199 800.0000000009948 0
3451 1562.95902082987 4128.164541841652 0
3452 4243.52447854367 1550.000000000245 0
3453 2259.519716980803 3836.955741104604 0
3454 1097.319296310112 2000.07064974439 0
3455 3869.4137752594 2334.448098206515 0
3456 3644.6604353824 2528.565833767264 0
3457 3080.391431559355 2508.205975866893 0
3458 3071.832842817174 2501.237518816006 0
3459 3062.030801317983 2504.505811198856 0
3460 3063.580156314767 2494.784678057998 0
3461 3073.200805016397 2490.236648148965 0
3462 3063.640390573727 2483.803983274024 0
3463 3073.937740935556 2478.965412697392 0
3464 3065.062680003852 2472.480964167258 0
3465 3074.685498391237 2467.709822912758 0
3466 3065.273467039799 2461.586484765438 0
3467 3055.336023497542 2466.753629761216 0
3468 3056.254471269168 2455.507783972188 0
3469 3065.634731356473 2450.402095784163 0
3470 3056.388324467685 2444.303751059696 0
3471 3046.449781825861 2450.105132394804 0
3472 3046.919377407211 2438.307882871322 0
3473 3056.92037256628 2433.097630935691 0
3474 3047.47198421613 2426.983910362515 0
3475 3036.478043855514 2433.667943205144 0
3476 3037.836784334209 2421.060741861073 0
3477 3048.417864568265 2415.788229050661 0
3478 3037.923094628673 2409.224796275354 0
3479 3050.310543859599 2402.930917762019 0
3480 3038.112310671514 2395.136929378514 0
3481 3027.78521297547 2426.20986904851 0
3482 3052.126229166323 2388.001595580853 0
3483 3038.555097654017 2379.166613161151 0
3484 3053.584264579923 2371.884500111324 0
3485 3039.606808943125 2362.616475124759 0
3486 3054.804234167231 2355.989841368455 0
3487 3024.492262023904 2370.165279945514 0
3488 3025.903998199054 2352.826002342629 0
3489 3010.851791419726 2361.454562136375 0
3490 3010.140632208992 2343.031726415543 0
3491 3063.868254809877 2381.351201242183 0
3492 3026.840985519435 2436.778349023635 0
3493 3017.984637539483 2431.07747735505 0
3494 3009.429020073899 2375.967194472961 0
3495 3373.331200059592 2652.346972454217 0
3496 1885.943167083447 2141.387842901226 0
3497 1955.85009271464 2180.275452175344 0
3498 3055.090482724782 2498.330836970298 0
3499 3662.862439807631 2481.799099586242 0
3500 3653.790627900746 2483.373275108433 0
3501 3673.403599589619 2479.500699906429 0
3502 3603.391783282734 2413.241003705343 0
3503 3607.938522200489 2403.29647364933 0
3504 2612.701875783026 2450.103484214067 0
3505 2647.374388177899 2403.220274544382 0
3506 2420.192261611895 2827.804426089448 0
3507 3058.058596613953 2410.905687528398 0
3508 2218.333378050579 2691.32744414282 0
3509 3292.845424939007 2844.47908380796 0
3510 2951.683300410649 2837.37687222099 0
3511 2796.934042813311 2837.808239367759 0
3512 3141.574110965109 2838.382270315981 0
3513 3643.904709443897 2591.695542579957 0
3514 2349.040979260596 2599.837488999967 0
3515 2338.573954323301 2594.986321406157 0
3516 2337.538546429997 2608.655447429328 0
3517 2305.649462735782 2417.014418602123 0
3518 3306.461660704583 2115.885515293863 0
3519 446.1668181427845 3169.160494903764 0
3520 1124.286825562001 4572.6493054717 0
3521 2957.099971757641 2657.037176241305 0
3522 2701.716655008153 2644.313002243252 0
3523 3348.60163638674 2524.252401389223 0
3524 5553.89265203244 2550.899596041075 0
3525 2932.005799750072 2528.377808604353 0
3526 2927.667703389478 2522.339839981305 0
3527 2919.952876883495 2523.220380864533 0
3528 2923.176832789648 2516.311938731197 0
3529 2915.488917806286 2517.125288392213 0
3530 2918.49703187422 2509.984076994954 0
3531 2910.216746465644 2511.00184797057 0
3532 2914.044006290775 2503.405157243005 0
3533 2921.913760292403 2503.266384685014 0
3534 2918.521268080548 2496.691030719966 0
3535 2904.720950177257 2504.199225129054 0
3536 2911.34880846326 2524.404302768018 0
3537 3556.570165009663 2985.907158676486 0
3538 3521.086976538509 3047.560845549363 0
3539 3882.101031419485 2371.343557017105 0
3540 2336.490169828965 2583.860775595434 0
3541 2940.578053537487 2447.618546231418 0
3542 3194.617412994236 2610.398858359967 0
3543 3650.389904052321 2490.424034455686 0
3544 1084.325728361595 2804.8918164374 0
3545 1173.966302632994 2751.920667413107 0
3546 5553.991744068116 3250.717705974779 0
3547 1905.255888325759 400.000000000101 0
3548 5379.417792191029 2352.006350012185 0
3549 5465.700255166429 2301.45601289265 0
3550 5552.619362764342 2350.903649182639 0
3551 5551.982718147668 2250.905675783082 0
3552 5465.063610550398 2201.458039494192 0
3553 5551.346073531851 2150.907702384991 0
3554 3652.027086298269 2510.638997433118 0
3555 3287.733278860772 2585.134619339315 0
3556 3288.801008356987 2574.700122732146 0
3557 3297.290767526938 2581.261440475036 0
3558 3299.280929427579 2571.968850330692 0
3559 3292.823932511257 2566.751183238212 0
3560 3300.427273719921 2564.365164943835 0
3561 2102.925566827015 1936.045451389521 0
3562 2110.662390120835 1852.551235123076 0
3563 5557.182600592129 3553.516617712492 0
3564 3241.707562090141 2568.716821805733 0
3565 3243.68048644207 2558.444486625162 0
3566 3234.581145604384 2561.109466144815 0
3567 3237.319121435928 2552.320905105948 0
3568 3244.79650282738 2549.77583950359 0
3569 3239.230121723016 2544.592429324086 0
3570 3231.890491759522 2546.452183533622 0
3571 3233.925271565454 2539.218544693518 0
3572 3228.117323220834 2540.681048141023 0
3573 3228.722271975397 2533.828722662968 0
3574 3222.063256061702 2548.95305190064 0
3575 3221.330586227632 2536.715347082659 0
3576 3223.395934639072 2526.850427348627 0
3577 5542.562584220314 1600.000000000332 0
3578 5542.562584220311 1700.000000000327 0
3579 5542.562584220362 1000.000000000333 0
3580 5542.562584220355 1100.000000000332 0
3581 2919.381128402264 2546.468974492626 0
3582 2927.692733962232 2463.196962457859 0
3583 2918.310647243949 2465.638316412535 0
3584 3665.028785938442 2447.453827677295 0
3585 2659.580143267262 2399.21600752381 0
3586 2648.17714893483 2390.155419476373 0
3587 2356.410934949389 2570.132754284595 0
3588 4236.171480172703 1949.389459651957 0
3589 2612.865079357868 2535.87171347501 0
3590 3820.65584121481 2220.438359655129 0
3591 3235.996781589584 2532.002910901164 0
3592 3356.554838416068 2484.195901310775 0
3593 1965.011133219899 1836.592223151104 0
3594 1558.845726811964 600.0000000000805 0
3595 1472.243186433527 550.0000000000668 0
3596 1472.243186433539 450.0000000000628 0
3597 1385.640646055091 500.0000000000528 0
3598 703.3297914908758 3617.246099310466 0
3599 790.5580827697031 3568.345942819587 0
3600 3584.447874755284 2433.89095423476 0
3601 3576.234314876088 2435.506321855836 0
3602 3593.239362475939 2433.004185258753 0
3603 5480.820765688813 4600.569705569764 0
3604 5566.716251269866 4550.699600843035 0
3605 5566.002264419141 4450.837582827801 0
3606 1385.640646055101 400.0000000000528 0
3607 1299.038105676652 450.0000000000437 0
3608 3658.033327671514 4161.582984971015 0
3609 3568.104508906445 4209.391752570838 0
3610 5307.14148981476 4602.512114105766 0
3611 2772.150920441334 2548.480266570956 0
3612 2624.020812857586 2508.495353436967 0
3613 2771.281292110194 400.0000000001528 0
3614 520.5251515155205 399.1224822570052 0
3615 3657.052641494248 2559.71841401643 0
3616 2925.773573861085 2496.744824548505 0
3617 3646.057291931222 2484.16407816625 0
3618 3648.734583427429 2477.232143889976 0
3619 2726.295400209537 2564.33499373661 0
3620 2720.512761385524 2557.804369621761 0
3621 2701.111300890529 2539.207947926789 0
3622 3570.594972817258 2429.709500393748 0
3623 3568.873582916098 2437.688071898287 0
3624 2962.528135947346 2379.627575685844 0
3625 3805.91649363737 2898.96286148438 0
3626 3859.507232895998 2400.115666261973 0
3627 3896.483574350105 2407.338708632476 0
3628 2761.315398428304 2504.921855677992 0
3629 2768.572566018421 2529.878947561152 0
3630 2768.238211576936 2499.941062918609 0
3631 2324.491752400981 2399.536640873461 0
3632 3560.156354900374 2715.694364274891 0
3633 3395.332344128243 2643.888486381526 0
3634 3397.656730280052 2615.95209365338 0
3635 3417.851943150995 2632.616122841976 0
3636 3486.782187054863 2642.670961373269 0
3637 3454.635731458632 2466.572079474443 0
3638 2453.942767857772 2193.871444719193 0
3639 3146.715106536991 1827.106187114677 0
3640 3210.776508371918 1876.927481809249 0
3641 5542.562584220398 400.0000000003251 0
3642 3687.506852931273 2497.117347195314 0
3643 1716.076269993466 1759.351409253565 0
3644 408.3363933520186 1691.360768263781 0
3645 409.5964748126316 1591.368707605894 0
3646 5369.357503463512 400.0000000003192 0
3647 2747.333816054159 2489.683124704899 0
3648 2935.766257267152 2663.762378007554 0
3649 1534.710075327793 1655.551151056773 0
3650 2024.849254430514 2141.130023588897 0
3651 2021.637037863307 2218.646394242778 0
3652 3147.105649586912 2648.96420261207 0
3653 3165.329172126849 2665.816974784533 0
3654 3189.320361038714 2658.019718849125 0
3655 2717.671647692625 2565.998693750368 0
3656 2712.541310189014 2559.433303005347 0
3657 2709.489225401181 2566.4272071477 0
3658 2704.996977501568 2560.37279561623 0
3659 2702.007953292519 2567.204523354534 0
3660 2697.37900486404 2561.051345530491 0
3661 517.4848928648398 4614.974410019528 0
3662 3084.242001659118 2474.249939933049 0
3663 3084.67419570534 2461.93845656828 0
3664 1362.778827342689 1553.376565341045 0
3665 3335.941681593392 2320.092382111713 0
3666 2339.823237617627 2245.25197526536 0
3667 3261.638642982515 2563.377747818551 0
3668 2328.354108392817 2589.172055763321 0
3669 3306.28998921518 2569.185408500221 0
3670 3307.506846700839 2561.782293312992 0
3671 3592.707692237905 2283.505414851215 0
3672 3620.419618435107 2274.4704767613 0
3673 3613.546136295544 2301.142093767106 0
3674 3638.488188708481 2294.785761582754 0
3675 3631.451802350944 2319.237999977093 0
3676 3637.155184936975 2245.034892766648 0
3677 4441.133636822435 4608.025602755892 0
3678 5388.324458993923 3751.985441881948 0
3679 5475.242506956346 3801.434322222935 0
3680 5561.524793332106 3750.88419245594 0
3681 5562.166530080879 3850.876187490569 0
3682 5301.410649570138 3702.531585331293 0
3683 5475.885388138584 3901.424973648041 0
3684 5562.80506281308 3950.871944165612 0
3685 5476.52321363006 4001.42156065128 0
3686 5563.442218927391 4050.869317043746 0
3687 1092.168039625328 2400.221118164935 0
3688 4694.25109455727 3556.392658688742 0
3689 482.9612842005686 2642.376607080197 0
3690 3296.136476657883 4050.08939518958 0
3691 4525.506172212546 4257.481346959428 0
3692 835.644187024428 2146.781589624187 0
3693 3464.101834632789 1099.999676199149 0
3694 3377.499300901522 1149.999666393167 0
3695 5109.549882328167 650.0000000003056 0
3696 5109.549882328176 550.0000000002999 0
3697 5022.94734194973 600.0000000002933 0
3698 5022.947341949736 500.0000000002929 0
3699 4936.344801571289 550.0000000002867 0
3700 4936.344801571297 450.0000000002874 0
3701 4849.742261192849 500.000000000281 0
3702 4849.742261192856 400.000000000281 0
3703 4763.139720814409 450.0000000002742 0
3704 4763.139720814402 550.0000000002751 0
3705 4676.537180435962 500.0000000002685 0
3706 4676.537180435954 600.000000000269 0
3707 4589.934640057513 550.0000000002647 0
3708 4589.93464005752 450.0000000002638 0
3709 4503.332099679072 500.0000000002608 0
3710 4503.332099679077 400.0000000002588 0
3711 4416.729559300631 450.0000000002565 0
3712 5022.947341949744 400.0000000002924 0
3713 526.3424764362362 3915.030452764224 0
3714 439.1141850210442 3963.930607987189 0
3715 4523.596242323682 3957.487425101755 0
3716 2346.748017619141 3788.055570458713 0
3717 2943.427254570946 4545.66598571313 0
3718 3637.306695894587 1100.000000000212 0
3719 3723.909268342215 1149.999952691475 0
3720 5282.754963084994 1450.000000000301 0
3721 5282.754963085 1350.000000000298 0
3722 5196.152422706553 1400.000000000295 0
3723 4589.934640057507 650.0000000002631 0
3724 3834.015130331356 4461.814336420603 0
3725 3835.006822416977 4561.188203898861 0
3726 3920.965442022019 4511.207122122602 0
3727 3921.95534246201 4610.584138957323 0
3728 4007.894651787792 4560.637000809055 0
3729 4785.62684952919 4305.826287064991 0
3730 1385.640646055084 600.0000000000625 0
3731 4243.524478543722 750.0000000002449 0
3732 5196.152422706531 1900.000000000297 0
3733 5542.562584220369 900.000000000334 0
3734 2078.46096908262 800.0000000001119 0
3735 1991.858428704174 850.0000000001073 0
3736 2078.460969082615 900.0000000001119 0
3737 1310.131725325164 3574.921042512387 0
3738 5470.156778744833 3001.441845912229 0
3739 5557.075879346612 3050.889470260457 0
3740 2771.281292110162 1000.000000000153 0
3741 2771.281292110154 1100.000000000155 0
3742 2857.883832488603 1050.000000000159 0
3743 4070.319397780642 1150.00000002697 0
3744 4070.3193977868 1250.000000000234 0
3745 2684.678751731748 450.0000000001473 0
3746 1569.285860344445 3628.2045630566 0
3747 2172.291666201274 3885.855492317476 0
3748 4589.934543258138 1450.00041981725 0
3749 4416.729559300487 850.0000000007556 0
3750 4676.537180435947 700.0000000002685 0
3751 3917.709068040494 4011.345855491526 0
3752 3828.646921477864 3960.753221249144 0
3753 5556.439233046992 2950.891493988265 0
3754 2345.482818277057 3888.047279404515 0
3755 2432.711139524105 3839.147074163841 0
3756 3916.715251901348 3911.157049348741 0
3757 3825.767538591692 3859.38860983523 0
3758 3915.645290176345 3810.899497483296 0
3759 525.077107358949 4015.02244669819 0
3760 437.8488159392409 4063.92260187918 0
3761 346.4101615137565 600.0000000000143 0
3762 3123.320561127372 2568.539883009107 0
3763 1623.726266720133 2004.818433668033 0
3764 528.9479480025916 3106.77258351389 0
3765 1190.847579389764 1451.201979606172 0
3766 3464.546276982383 2480.269214273765 0
3767 400.7759029781027 2291.313134556772 0
3768 399.5158222375176 2391.30519417938 0
3769 402.0359847986979 2191.321073375704 0
3770 2291.155383173921 2547.083847325445 0
3771 4787.536778021024 4605.820207294544 0
3772 2846.684175960154 2647.915125312489 0
3773 2331.672225424082 2538.120030404346 0
3774 2334.761025883983 2545.797171062932 0
3775 2339.12037289165 2538.550708941636 0
3776 2342.384409589107 2545.341860089731 0
3777 2336.321923344647 2531.883904353759 0
3778 3017.72103229844 2420.141380607313 0
3779 3008.636538648233 2425.650053572551 0
3780 353.8602991079192 3815.034208813034 0
3781 2583.960084600248 2573.319122707816 0
3782 3657.885805929028 2591.7095607607 0
3783 3748.327354429251 4612.436393675363 0
3784 5464.426965934723 2101.460066096347 0
3785 5550.709428916236 2050.909728987247 0
3786 1383.790126992182 4629.063916113746 0
3787 3349.039268089572 2410.738567014962 0
3788 3337.941940119445 2419.190459588126 0
3789 2180.91370971693 1902.230409880699 0
3790 2187.597588832473 1815.242097875524 0
3791 3226.800446246865 1798.524051228735 0
3792 3290.592054562235 1847.901448135797 0
3793 2703.202643139577 2402.769286966383 0
3794 395.7236052505377 2691.260019131274 0
3795 4676.468342799197 2799.995837178388 0
3796 4589.923167117939 2849.999306196621 0
3797 3053.837563156749 2506.522758001253 0
3798 3694.471764690774 2506.756957081922 0
3799 3689.573055272429 2516.951478272988 0
3800 2286.357702617396 2557.902836048921 0
3801 2277.788968931454 2545.945855669955 0
3802 2332.829566925997 3086.312247817384 0
3803 2416.92692092672 3088.463244479684 0
3804 932.9507074292815 1297.940100951981 0
3805 846.9850834555195 1246.85280807415 0
3806 759.7593780190923 1295.757575849056 0
3807 761.0194594790064 1195.765515191411 0
3808 673.7937540423286 1244.670282965875 0
3809 675.0538355019216 1144.678222307659 0
3810 587.8281300652225 1193.582990082082 0
3811 586.5609301209611 1097.843637104524 0
3812 501.4412925207471 1143.204481811623 0
3813 503.122587547527 1042.503636539747 0
3814 500.5322223673393 1242.605888625475 0
3815 414.5548980132771 1191.538284203006 0
3816 413.3701201663275 1291.403629945167 0
3817 5208.126158245346 2653.102975781526 0
3818 2109.071001553076 2857.572078117275 0
3819 2141.788825055661 2807.660444691524 0
3820 3589.173160552488 2440.485208862743 0
3821 3597.159601015269 2440.57689151247 0
3822 2748.159130080471 2533.028595680804 0
3823 2754.545979178667 2508.628411775258 0
3824 345.5590481885743 4512.790732593266 0
3825 344.2936791060151 4612.782726478202 0
3826 346.8244172711361 4412.79873870833 0
3827 2913.468100894602 2590.91514197675 0
3828 2232.742466093383 2727.923830096374 0
3829 4503.326395338583 2499.988871300572 0
3830 4503.328934016706 2399.99372594093 0
3831 2871.616929018952 2487.184973434332 0
3832 2365.046669351577 2564.842123822973 0
3833 2633.954927866904 2476.280346210848 0
3834 3008.236201184397 2435.017112549044 0
3835 3000.174021652874 2429.994870290931 0
3836 3000.103420064925 2420.310089936431 0
3837 2991.674490457422 2425.468200035708 0
3838 2991.933806817306 2434.092911084672 0
3839 2984.315966600409 2430.453289352543 0
3840 2984.687755727121 2438.374492852714 0
3841 2977.886321516245 2434.991030563222 0
3842 2977.184328167811 2428.927744148577 0
3843 5648.449812316989 3800.324888544683 0
3844 1955.317788844367 2256.726821882906 0
3845 2010.510607401352 2284.886221801019 0
3846 2064.730295274373 2266.451933267123 0
3847 2051.778426829556 2319.1007264105 0
3848 3275.92843618805 2667.013776664774 0
3849 2082.722799152757 2806.969277735336 0
3850 2106.223429694144 2762.676515315612 0
3851 2054.567819674936 2757.519467492041 0
3852 2090.306147273244 2708.034325795907 0
3853 2617.042703559874 2511.839928659208 0
3854 2609.931483390199 2507.381371953302 0
3855 3027.962868642045 2332.204075664884 0
3856 3008.718652676939 2320.354842573707 0
3857 2310.961321632931 2662.188614334378 0
3858 2334.252669310375 2663.385514979045 0
3859 2147.443180733355 2409.422559367892 0
3860 2122.851300203278 2433.597854190983 0
3861 3384.902485345929 2485.491251632813 0
3862 5652.925339834596 4500.278244481249 0
3863 3651.904494279953 2402.83288562448 0
3864 3656.793015249339 2386.711989099477 0
3865 3214.610348602226 2530.257542346633 0
3866 3216.716965915246 2521.330686911675 0
3867 3224.003232978356 2518.91354449609 0
3868 3218.757134676839 2513.210009936115 0
3869 3210.203468146997 2515.271948223593 0
3870 3212.860729455841 2506.999497105187 0
3871 3226.058427892219 2511.666970520948 0
3872 1991.858428704206 350.0000000001064 0
3873 2257.657359298549 2507.390631461972 0
3874 1554.811424571216 4631.063308024023 0
3875 1643.557008364046 4579.714155555102 0
3876 1645.075259508631 4479.313995453982 0
3877 1731.029752444694 4530.419439707652 0
3878 1729.762978461787 4630.413701182676 0
3879 1817.051680597297 4581.416039637006 0
3880 5121.843695164093 2703.653312720383 0
3881 2339.13615140224 2552.120818450456 0
3882 2633.358206430174 2332.541994500411 0
3883 2029.072487010524 2707.132051430121 0
3884 2061.1376258625 2661.5806075649 0
3885 2344.245141245496 2449.936438465546 0
3886 2350.909554302673 2443.255073307754 0
3887 2352.565950937111 2451.190626769938 0
3888 2358.275550419752 2446.042619639028 0
3889 2357.232736447128 2438.584653136393 0
3890 2364.254892085799 2441.610391629067 0
3891 2363.217061420192 2434.020315639606 0
3892 2370.126585705227 2436.850461121724 0
3893 2368.99060042766 2429.212044460008 0
3894 2376.350989109816 2432.208594832525 0
3895 2375.12675856299 2423.902262996782 0
3896 2382.807803219058 2427.656973341427 0
3897 2383.191124330207 2435.516526588285 0
3898 2389.84214287714 2431.733101758078 0
3899 2389.659577772229 2439.44406680649 0
3900 2396.22743496827 2435.826816319913 0
3901 2366.335767205041 2419.862019506371 0
3902 2396.402261142909 2427.92257826374 0
3903 2402.921161843487 2431.990988585981 0
3904 2402.650375233529 2439.71399191827 0
3905 2409.35084637995 2435.913568417868 0
3906 2409.117678616791 2443.291946019924 0
3907 2415.705116199656 2439.63594226645 0
3908 2415.813273723674 2432.016014184229 0
3909 2404.256346289887 2424.129427652718 0
3910 2422.353093245308 2436.130354424718 0
3911 2421.820065168482 2444.818557796953 0
3912 2428.715364130676 2440.24529536619 0
3913 2428.614525945594 2447.555879893019 0
3914 2435.181035847024 2443.983965852477 0
3915 2435.174397588408 2451.704407049334 0
3916 2442.376046675892 2447.587721781737 0
3917 2442.09473733642 2457.007158105537 0
3918 2450.491631845955 2451.48494373376 0
3919 2450.135463465009 2460.55071899537 0
3920 2443.358122072653 2464.689859719938 0
3921 2449.74909020236 2468.546050919599 0
3922 2457.550546259629 2465.06606062364 0
3923 2456.079465709839 2474.19149749537 0
3924 2465.395588369384 2469.578883503606 0
3925 2465.056302572914 2479.090994353425 0
3926 2473.991390158872 2473.510105785572 0
3927 2455.749228176514 2483.686071104572 0
3928 2464.874533857669 2488.519918022814 0
3929 2455.750157957386 2493.141575510047 0
3930 2464.953785139224 2498.059984840812 0
3931 2456.381315595934 2502.50804465028 0
3932 2465.966170395254 2509.347235263548 0
3933 2456.422079009742 2511.597440526489 0
3934 2449.897657497 2506.636328390784 0
3935 2449.035580321252 2514.739113338058 0
3936 2455.136165460643 2519.330159857514 0
3937 2447.544063662555 2522.302321962168 0
3938 2453.99997799069 2526.785499175989 0
3939 2446.795951339757 2529.589878879352 0
3940 2462.03576823239 2524.505436330856 0
3941 2453.2711794261 2534.232006524299 0
3942 2446.135797200189 2537.019553588264 0
3943 2449.691079841541 2488.410372866042 0
3944 2423.683043662943 2427.858297766324 0
3945 2382.75181266407 2417.502313475052 0
3946 2439.913242309899 2532.39067052168 0
3947 2439.139653537425 2539.843527387825 0
3948 2371.141284827154 2444.291929079421 0
3949 2474.357929130975 2493.355258962733 0
3950 2428.439605309208 2455.009176580159 0
3951 3563.192298449352 2432.716967654185 0
3952 3561.466207025655 2440.107839951781 0
3953 3555.997546571664 2435.241220404603 0
3954 3554.191082213072 2442.548297132429 0
3955 3548.64577511073 2437.241112513586 0
3956 3547.078464166194 2445.240180435251 0
3957 3539.902335253146 2438.72742780787 0
3958 3539.690001197615 2447.967397464397 0
3959 3546.494630034046 2453.375870533335 0
3960 3539.252913493548 2455.972156784196 0
3961 3532.756144370085 2451.611674668707 0
3962 3532.820156451499 2459.6770242235 0
3963 3526.289639483364 2456.213477600889 0
3964 3526.313303173431 2465.000598383541 0
3965 3517.218026017791 2459.163327501133 0
3966 3516.508960063635 2469.06655819315 0
3967 3524.756788859947 2474.459537124362 0
3968 3515.955025832544 2478.658722658359 0
3969 3523.640674484334 2483.416088361503 0
3970 3515.951103872938 2487.429986792794 0
3971 3522.600382907804 2491.386278410682 0
3972 3516.093074535799 2495.408664572429 0
3973 3522.17452652209 2499.164785905016 0
3974 3516.136261618826 2503.016651784843 0
3975 3522.550936914506 2506.671796913281 0
3976 3516.161286266424 2510.507158142356 0
3977 3522.674391097341 2514.238517965502 0
3978 3515.942635378222 2518.017907450151 0
3979 3522.859372079735 2522.072131968305 0
3980 3516.110551787313 2526.782468605071 0
3981 3523.749905191334 2530.185317807658 0
3982 3508.676489518458 2491.912745310562 0
3983 3507.843419625089 2463.251056582869 0
3984 3529.520453375986 2525.433560953054 0
3985 3530.522204399318 2533.03411763234 0
3986 3524.929341595272 2538.418928737897 0
3987 3532.139836794599 2540.501687692917 0
3988 3538.161329212675 2534.936733253839 0
3989 3539.285691412999 2542.860141022341 0
3990 3533.359678918745 2547.858049431901 0
3991 3540.67805278602 2550.254751852633 0
3992 3506.929936617048 2506.227031991912 0
3993 3546.297163270316 2545.3477563431 0
3994 3547.792300165002 2552.701412751756 0
3995 3553.951642271934 2547.007754353613 0
3996 3554.979695231928 2555.018474020722 0
3997 3535.051150541432 2556.287845670332 0
3998 3530.892643589308 2479.608276116984 0
3999 3047.100665045463 2531.73903865449 0
4000 3045.622687215398 2540.070906436274 0
4001 3039.329386421183 2535.023109770579 0
4002 3038.076062588675 2542.471214803123 0
4003 3043.809372197381 2547.798287816219 0
4004 3036.258804792935 2549.552123922597 0
4005 3030.6936827852 2544.638479712532 0
4006 3028.95512556439 2551.539657972122 0
4007 3042.328050146366 2556.173762534547 0
4008 3023.526803293315 2546.633916841956 0
4009 3021.787985431047 2553.765087525068 0
4010 2634.133971874905 2127.055351058589 0
4011 3539.226074640637 2463.812233176663 0
4012 2001.89266727504 2341.26613734509 0
4013 2999.541888783818 1804.4136016522 0
4014 3589.99098169662 2312.413675924905 0
4015 3913.03052190224 2335.051748127901 0
4016 2728.547558248405 2446.928162245128 0
4017 2348.120202115915 2457.202227695994 0
4018 3715.09676867408 2189.033450132925 0
4019 3741.294585959884 2147.908696489797 0
4020 3690.03570291699 2149.493304123705 0
4021 3716.437378049925 2101.342437839532 0
4022 3773.209377987612 2105.438652391115 0
4023 3749.930198902891 2053.650626567037 0
4024 3688.244686330506 2049.099203834588 0
4025 3806.623587830264 2058.112556587948 0
4026 3727.439968769542 1993.299041089934 0
4027 3661.619921185762 1984.982688840491 0
4028 2991.421156425234 2415.045267356774 0
4029 2694.522499618984 2567.977429184819 0
4030 2689.890673466991 2561.823346290308 0
4031 2698.977851993111 2574.052148824631 0
4032 3655.959889578563 2312.816019522526 0
4033 4589.934640057527 350.000000000261 0
4034 3294.768705426478 2559.365360408286 0
4035 3287.583324777434 2561.528822585171 0
4036 3096.783800596162 2469.713287658215 0
4037 3899.418732228827 2542.873080160437 0
4038 3880.367734236965 2575.65788755483 0
4039 3920.040762416585 2511.327480762753 0
4040 2461.764927866544 3010.64130121759 0
4041 2504.066141196342 3085.412618999815 0
4042 2547.712677242809 3015.495686184042 0
4043 2589.904721689355 3084.137062736477 0
4044 2629.069421150556 3011.376359270244 0
4045 2674.755000308699 3082.842814710229 0
4046 2634.070064770972 3156.381972200388 0
4047 2719.439535774202 3154.284948610878 0
4048 2760.257547020477 3080.325296963515 0
4049 2804.852447645059 3152.049193515904 0
4050 2845.649797693457 3076.983487257359 0
4051 2890.254217011826 3149.652927640177 0
4052 2931.049704661231 3074.560472215686 0
4053 2975.655399969257 3147.383045128259 0
4054 3019.346858499532 3063.595715984002 0
4055 3061.539359670316 3143.710602951805 0
4056 3103.877025130501 3072.988605015093 0
4057 3146.875950939762 3143.197341719001 0
4058 3187.660575617825 3068.418720433531 0
4059 3231.996878113334 3140.883481707926 0
4060 3272.391718844591 3052.557090186365 0
4061 3317.239793394084 3136.38756428958 0
4062 2747.874716588768 2505.168225086725 0
4063 3764.309790152403 2432.02757511961 0
4064 2920.059080218349 1835.787383893057 0
4065 3897.114317029973 350.0000000002237 0
4066 3983.716857408413 400.000000000231 0
4067 3601.048920760772 2434.174111671505 0
4068 3604.742263703323 2440.956810109221 0
4069 3608.579190191497 2434.556678762034 0
4070 3612.055964300267 2441.176288673496 0
4071 3047.512074267475 2500.812020664473 0
4072 3048.675152680652 2493.37716046508 0
4073 3045.556174055006 2508.793286406527 0
4074 984.6979121252034 2863.937773295384 0
4075 2707.548461931782 2436.461976069295 0
4076 2700.021215893441 2432.455797966654 0
4077 2700.176771567991 2440.58600533391 0
4078 2693.437810273995 2437.168135039973 0
4079 2692.616996188674 2429.573720623857 0
4080 2686.638940098167 2434.183422549528 0
4081 2706.476543826351 2444.743717372197 0
4082 4502.969787981559 2699.454809102164 0
4083 2442.988938363711 2471.845571017024 0
4084 1472.243186433547 350.0000000000618 0
4085 2923.90202045555 2644.743433664141 0
4086 2913.924374305769 2666.157508881879 0
4087 2473.929601816459 2463.412767794017 0
4088 2483.753738778468 2468.086751971114 0
4089 2925.706484510056 2471.436802944965 0
4090 2933.489438325218 2469.286437532485 0
4091 2931.473574262065 2477.204657752094 0
4092 2942.788226585571 2538.76060360913 0
4093 3663.128712978271 2288.394087113297 0
4094 3266.503302514584 2078.76108194222 0
4095 3316.727807200227 2061.865775980183 0
4096 2907.159710594434 2606.22857053638 0
4097 2452.788747271795 2542.17124703937 0
4098 2461.286322429282 2539.046958676272 0
4099 2917.072597907678 2475.101759491276 0
4100 2908.468868472026 2468.655305395566 0
4101 2346.803389035981 2551.399077472567 0
4102 3621.533433236547 2043.468575984061 0
4103 3590.528288044072 1979.480882185339 0
4104 2857.883832488639 350.0000000001573 0
4105 2944.486372867082 400.0000000001596 0
4106 2944.486372867082 300.0000000001592 0
4107 3031.088913245525 350.0000000001601 0
4108 2942.161885488385 4645.657979598065 0
4109 2856.198963150253 4594.566140884936 0
4110 5652.273212125296 4400.307490406108 0
4111 3525.529352147799 2447.302348295843 0
4112 3289.327488135454 4550.86065265089 0
4113 3294.237089056119 4453.251981838186 0
4114 3288.463947347178 4650.176563323224 0
4115 2877.667032499298 2070.909568350269 0
4116 2346.925180246061 2685.135818957945 0
4117 2360.095580995528 2663.635426143705 0
4118 2929.265561310207 2503.389275030948 0
4119 2373.24483713044 2411.482361901447 0
4120 2767.055107525752 2434.498471372962 0
4121 2767.076230047291 2419.441903187559 0
4122 5629.165124598761 1650.000000000316 0
4123 5629.165124598766 1550.00000000032 0
4124 5627.90711733742 1745.952260105929 0
4125 5629.165124598841 450.0000000003256 0
4126 5629.165124598841 550.0000000003254 0
4127 5629.165124598811 950.0000000003411 0
4128 5629.165124598816 850.0000000003408 0
4129 3039.306309014715 2527.210823073432 0
4130 3723.909236273086 350.000000000211 0
4131 3637.306695894638 400.0000000002037 0
4132 3637.306695894647 300.0000000002037 0
4133 3550.7041555162 350.0000000001951 0
4134 2432.08771537082 2535.285040140941 0
4135 2431.927919918902 2542.824784864187 0
4136 362.008846261891 3212.894812089108 0
4137 353.0081537718438 3119.717928554373 0
4138 360.7434745431465 3312.886781462949 0
4139 3125.979790183283 2380.395736611508 0
4140 3134.758421190819 2354.92221164182 0
4141 3159.583548906719 2348.912578028277 0
4142 3142.743980621628 2331.029169249947 0
4143 3167.452814545994 2325.523344921117 0
4144 3118.166297467003 2337.060096429328 0
4145 3560.570712000931 2550.23255582238 0
4146 2970.979100945643 2432.21643844827 0
4147 2971.770884221634 2439.744921637 0
4148 3089.083891563728 2515.872598115475 0
4149 1169.736504943909 2856.923620111681 0
4150 1259.770452416191 2803.295176136547 0
4151 740.8581561348356 2795.638485727565 0
4152 5653.562644115986 4600.275055192569 0
4153 3052.030715188644 2552.48254661396 0
4154 2369.493672014155 2010.574742549565 0
4155 3081.252338798381 2043.938575895306 0
4156 3527.552424381197 2502.419506193749 0
4157 3230.941120042847 2571.253253173232 0
4158 2434.844553014326 2620.261202584402 0
4159 2451.699557064223 2621.082782750998 0
4160 2443.948291155953 2636.179415391107 0
4161 2461.892237226601 2635.233497806604 0
4162 2454.168539409425 2654.30741105018 0
4163 2474.609752160203 2653.457131898064 0
4164 2435.399740190906 2653.430298657625 0
4165 2482.04865490072 2629.569723480526 0
4166 2496.670699276482 2649.641187551693 0
4167 3231.169944586712 2516.624775603571 0
4168 4003.778939159699 2008.575933265128 0
4169 4354.851172938873 4658.57593832532 0
4170 5629.165124598843 350.0000000003265 0
4171 2612.865604194581 2477.703901399464 0
4172 3203.034702243626 2508.355336538621 0
4173 3207.501239618487 2498.56041586068 0
4174 3217.340350486789 2494.521610378933 0
4175 3209.318600322991 2488.239210593312 0
4176 3219.022092176141 2486.011802593554 0
4177 3213.026657062661 2479.500347787894 0
4178 3222.81758159242 2477.511867233671 0
4179 3215.758333871553 2470.537797977187 0
4180 3225.151919525546 2468.462440162829 0
4181 3218.241238765196 2461.656578906048 0
4182 3227.660234137762 2460.102278889342 0
4183 3232.715277115808 2465.825031782605 0
4184 3235.473187227669 2458.758868265633 0
4185 3230.673948928487 2452.616469167129 0
4186 3238.680684618767 2451.630312802065 0
4187 3234.341764843415 2444.567503645212 0
4188 3242.708528329596 2444.469875079612 0
4189 3246.201626206183 2451.23968944904 0
4190 3250.314521350216 2444.603931251585 0
4191 3225.001638290609 2445.197631595341 0
4192 3224.904421478934 2492.281566549182 0
4193 3247.082809030592 2437.61692290924 0
4194 3254.551566595383 2438.371001342831 0
4195 3258.093631335928 2445.324362663348 0
4196 3262.086137798605 2439.057125484755 0
4197 3258.56830316324 2432.069635166235 0
4198 3266.232386375022 2432.771480655135 0
4199 3269.69125093388 2439.854396847035 0
4200 3273.762854284448 2433.400397364882 0
4201 3276.98265500054 2440.110819070835 0
4202 3281.218772996496 2433.927008744113 0
4203 3277.35288032656 2426.862707297883 0
4204 3285.445892077303 2427.726408661405 0
4205 3288.693439604778 2434.488599509648 0
4206 3292.924433287608 2428.295228528501 0
4207 3296.171105894681 2435.055787120483 0
4208 3300.402745351737 2428.863620899383 0
4209 3303.649525587957 2435.624380284399 0
4210 3288.755678670349 2420.561019723394 0
4211 3263.45358512621 2424.990823594121 0
4212 3308.125103851517 2429.315017562893 0
4213 3304.713329714573 2422.455646343378 0
4214 3311.168599434349 2436.17343638009 0
4215 3306.903097139941 2442.381912638861 0
4216 3314.393030613274 2442.968109593528 0
4217 3292.621773148901 2442.113197674234 0
4218 3240.046920186815 2464.69440165404 0
4219 3237.503887244732 2471.580550819726 0
4220 3317.774201051856 2437.159455679328 0
4221 3246.429987828339 2542.41177385597 0
4222 3252.006807936623 2547.413965352151 0
4223 3840.772429170761 2953.379073358027 0
4224 3293.400501604066 2681.907340951546 0
4225 2715.659355818133 2553.041003211279 0
4226 3562.006718176469 2557.574735035182 0
4227 3640.389876825508 2478.74248383606 0
4228 3643.87158910089 2471.408452302748 0
4229 3651.395828267783 2470.24057963849 0
4230 3636.586378830621 2472.435257245528 0
4231 3639.197460919646 2465.567618257565 0
4232 3631.138601435347 2467.183553774715 0
4233 2934.756205167882 2521.373796943354 0
4234 3673.666333493644 2384.893313596115 0
4235 3662.830850521949 2371.139927367562 0
4236 3646.245942898171 2373.284945745426 0
4237 3097.193495163831 2607.394249224014 0
4238 3091.75184675596 2624.51959972669 0
4239 2748.145148813 2512.59713642706 0
4240 3493.924303742639 2979.302030495458 0
4241 4416.729559300635 350.0000000002547 0
4242 4330.127018922189 400.0000000002519 0
4243 3558.778623999323 3904.93562875913 0
4244 2576.086079709883 2588.047289122609 0
4245 2585.804707306164 2602.664008302919 0
4246 2564.120283955137 2603.679211964779 0
4247 2579.749374827175 2625.08853553161 0
4248 5542.562584220401 300.0000000003247 0
4249 3566.297728652623 2444.342333269191 0
4250 3614.497166513938 2411.758956355777 0
4251 1299.038105676661 350.0000000000446 0
4252 1212.435565298213 400.0000000000377 0
4253 3920.237957601177 2577.176279037401 0
4254 3898.354888987756 2608.741475913966 0
4255 3860.585846757912 2608.134968531577 0
4256 3878.298646040605 2641.067584353332 0
4257 3840.27356011159 2640.247897011159 0
4258 3858.458371948041 2673.459101215031 0
4259 3820.469272709854 2672.650267147993 0
4260 3838.75590352232 2705.090295728055 0
4261 3923.337641580114 2657.051745720496 0
4262 3879.143719351424 2708.718565452526 0
4263 3856.840384198157 2747.390514461497 0
4264 3800.759817271821 2705.10536372357 0
4265 2684.678751731754 350.0000000001473 0
4266 2598.076211353306 400.0000000001401 0
4267 351.8858936011638 4012.830763166564 0
4268 350.6205245187589 4112.822757052978 0
4269 3567.484551636679 2552.712151025568 0
4270 3698.578922131138 2496.332678124395 0
4271 3889.786048694062 2294.013921278637 0
4272 2991.263916402214 2442.160969961449 0
4273 3826.281572940843 3760.538116582769 0
4274 3913.424710340582 3711.160781350975 0
4275 3419.999013590613 2606.983830238598 0
4276 2486.685371424862 2672.799401929954 0
4277 356.9473698442871 3612.862786816642 0
4278 2788.186602434245 2358.097319138985 0
4279 3471.905363606966 2466.067661621786 0
4280 2246.449608688275 3070.17609997057 0
4281 2278.819628831649 3151.383825845652 0
4282 2687.431585272359 2441.650761947559 0
4283 2680.675771901287 2438.737716611242 0
4284 2350.060071619974 2544.220199420291 0
4285 3091.201838546664 2504.181941786167 0
4286 4874.455884735405 4655.267845134531 0
4287 2343.387218496975 2532.544169968449 0
4288 5293.13532920925 2402.55668712083 0
4289 3501.257599175116 2660.875165779597 0
4290 2777.378065938351 2579.914866698098 0
4291 2117.341023521864 1766.639085347726 0
4292 3523.773003984651 2655.679530343712 0
4293 5378.144502953181 2152.010403205396 0
4294 3184.057109421239 2682.72111086415 0
4295 3207.597856245889 2674.775587037996 0
4296 2777.214066771709 2665.372827299851 0
4297 1175.644983568059 2651.400800349327 0
4298 1443.63007612439 1902.060403557913 0
4299 5477.15984119565 4101.419554066228 0
4300 5564.078941570035 4150.867200166201 0
4301 572.7071491235929 2393.487722946059 0
4302 4700.617671305542 4556.372569455754 0
4303 4701.254314136116 4656.370542865288 0
4304 1212.435565298206 500.0000000000368 0
4305 1125.833024919766 450.0000000000309 0
4306 1125.833024919772 350.0000000000318 0
4307 1039.230484541324 400.0000000000282 0
4308 1991.858428704169 950.0000000001073 0
4309 2078.46096908261 1000.000000000113 0
4310 1905.255888325728 900.0000000001035 0
4311 2684.678751731704 1150.000000000155 0
4312 2857.883832488595 1150.000000000161 0
4313 2944.486372867043 1100.000000000165 0
4314 3377.499149032152 1049.999890432181 0
4315 3290.896584450007 1099.999926137682 0
4316 5298.827055745491 3302.534500123488 0
4317 4267.295423392964 4509.130327076764 0
4318 499.3295429546147 1342.501357695492 0
4319 1387.237068906645 4325.956846071351 0
4320 4330.127018922141 700.0000000003754 0
4321 4243.524478543725 650.0000000002656 0
4322 789.2927177776392 3668.337974737771 0
4323 876.5210098564371 3619.437825684994 0
4324 613.5707678567765 3866.130297590973 0
4325 1128.082932809692 4272.673323816895 0
4326 3983.716857407332 1200.000000004685 0
4327 3983.716857408182 1300.000000000972 0
4328 4070.319397786766 1350.000000000358 0
4329 608.5092915332207 4266.098273192913 0
4330 877.7863790486817 3519.445832819897 0
4331 963.7493026288057 3570.537683081014 0
4332 2431.44580370268 3939.139012214109 0
4333 2518.674105637956 3890.238839391716 0
4334 5196.152422706557 1300.000000000294 0
4335 5109.549882328112 1350.000000000292 0
4336 5369.357503463465 1100.000000000318 0
4337 5455.960043841889 1350.000000000308 0
4338 1187.067343183878 1751.178163319713 0
4339 314.8102801403925 2240.225840024624 0
4340 316.0703617897902 2140.233779091513 0
4341 3313.274959947017 2566.451283326717 0
4342 3311.647178127928 2573.166446839791 0
4343 3314.603890783167 2559.107560701554 0
4344 3308.939553128613 2554.422031171283 0
4345 3315.706316377063 2551.843131386737 0
4346 3563.824757632305 2424.91670126089 0
4347 3202.180458395866 2480.831493785407 0
4348 4008.532978460805 4660.632014359196 0
4349 3928.600772308341 4710.531830497684 0
4350 3701.54812552003 1923.529013271622 0
4351 3191.131656164108 3214.912198366613 0
4352 2971.341938483891 2424.022301534451 0
4353 2438.105249115661 2547.301882391273 0
4354 2431.220019218716 2550.10655360534 0
4355 2425.134034380878 2545.672451202589 0
4356 2424.246646625494 2552.962994923727 0
4357 2417.725589818537 2547.466361637087 0
4358 2417.218904441001 2555.623774782763 0
4359 2411.800793616937 2551.307948206091 0
4360 2410.429375383173 2558.59322375413 0
4361 2416.019093089643 2563.698612313164 0
4362 2404.775053093975 2552.376735455887 0
4363 2435.837329862815 2435.244595723151 0
4364 1815.776243062266 4681.424284584252 0
4365 1903.012924860016 4632.510586860521 0
4366 3627.549488718208 2849.244531590507 0
4367 2827.441604514203 2570.763641265227 0
4368 2499.339509012324 2208.520956453628 0
4369 2468.64948708268 2236.40050744901 0
4370 2500.784556184838 2251.991141466281 0
4371 2475.4446640962 2273.977018847583 0
4372 2441.844229353655 2262.349156065726 0
4373 2587.256293326647 2241.942103556108 0
4374 2442.210947379425 2509.253264695748 0
4375 2443.897376921499 2502.156687529941 0
4376 2685.508715323866 2426.518817005817 0
4377 2988.842231716133 2336.486377516524 0
4378 2986.33308437999 2309.952793343808 0
4379 2372.247136001648 2686.143391233845 0
4380 2436.977013809361 2468.670444952041 0
4381 3551.556672511429 2043.648236821456 0
4382 3516.585876973158 1979.830910507631 0
4383 3484.85982360902 2042.00066576465 0
4384 2963.64261322036 3000.424034394317 0
4385 3095.9952312351 2455.520308600024 0
4386 3336.905046464402 2405.330820848426 0
4387 325.6494752973172 1640.314793026281 0
4388 325.4498240711314 1540.304337086656 0
4389 321.657138903709 1740.272422313243 0
4390 3020.341701716526 3219.979538891153 0
4391 2975.623849918299 2652.729569348129 0
4392 2969.324162307478 2676.23452764516 0
4393 2993.182287204651 2666.692909342188 0
4394 3306.973616508863 1769.020605853362 0
4395 3372.177742253887 1819.350282913303 0
4396 2403.496057792886 2561.151984357684 0
4397 2397.905394182998 2556.551198356367 0
4398 3444.879032172877 2343.268713264007 0
4399 2355.155250008811 2428.982184810506 0
4400 670.7248274399549 1058.187296820247 0
4401 2310.441481450428 2394.543523312355 0
4402 5637.628536513317 2100.357365275808 0
4403 5636.99189189775 2000.359391878148 0
4404 3016.184278144557 2547.580111950497 0
4405 3014.552063216157 2555.631657402561 0
4406 3009.536849257476 2550.23822915326 0
4407 3007.583511843685 2557.563443963286 0
4408 3012.758815222596 2562.989154045862 0
4409 3005.545990849809 2565.012076502999 0
4410 2999.984405449747 2559.068351840396 0
4411 2998.259680002122 2566.93802928971 0
4412 2992.676064819624 2561.616389730984 0
4413 2990.819964930633 2569.214774969467 0
4414 3010.94992213877 2570.584886735708 0
4415 2985.622713602423 2563.811805258018 0
4416 5715.557997100314 1699.325376684592 0
4417 5715.767664977285 500.0000000003233 0
4418 2661.529984735562 2385.760617389256 0
4419 5638.901825744702 2300.353312071568 0
4420 3310.143117307518 2449.145957349382 0
4421 3317.446748163966 2449.664194197653 0
4422 2883.93961803322 2325.789082776455 0
4423 2906.889461603752 2315.380037596799 0
4424 2754.284439323493 2672.613346372578 0
4425 2510.373267170227 2669.825451012593 0
4426 3530.775526497713 2930.85066051607 0
4427 3473.497779979577 2922.745133701423 0
4428 3434.322204747037 2964.182668925959 0
4429 2849.433675383661 3223.715772660569 0
4430 2161.730169967814 2499.698748916951 0
4431 2140.598112224186 2518.682703702434 0
4432 3619.03154532972 2401.708731024177 0
4433 5643.358339197512 3000.339127807684 0
4434 5642.721694060191 2900.341153519433 0
4435 3830.927904159174 2113.868102398362 0
4436 2362.909706068491 2411.503473394616 0
4437 2504.737499356992 2626.826277040611 0
4438 4674.565202432446 2896.606808135791 0
4439 4764.537112855495 2836.530834197216 0
4440 4589.604064900237 2949.434352388914 0
4441 4503.275091662836 2899.90560976443 0
4442 2984.5349574155 2692.847454424201 0
4443 3616.037828543045 2434.809151595673 0
4444 2631.200700817837 2497.543235913347 0
4445 934.2107888921596 1197.948040299622 0
4446 1017.98915402848 1252.715878000887 0
4447 2372.586900963143 2568.63068987505 0
4448 2371.927565692421 2560.529016457565 0
4449 2365.299761383811 2556.088654819529 0
4450 2378.854917637394 2563.455609281545 0
4451 2396.774692262893 2564.23778468776 0
4452 2377.977323042251 2556.090717165881 0
4453 3213.662110282798 2649.3200305434 0
4454 2259.426258908685 2462.95865658943 0
4455 3390.718040911915 2668.73825827137 0
4456 3681.480873183209 2307.397034524126 0
4457 2679.581072862245 3229.610544711709 0
4458 3027.629684557173 2558.358081085446 0
4459 2640.944209826337 2279.893739574724 0
4460 2644.384709738692 2246.453491262794 0
4461 2662.069646467709 2576.301693312153 0
4462 2672.308349145891 2395.419814300462 0
4463 3229.036164542618 2436.141940293073 0
4464 2964.943993302993 2436.576391065344 0
4465 2965.770054305149 2444.208273130982 0
4466 2959.022839377541 2440.899783305611 0
4467 2960.144617460502 2448.284752058003 0
4468 5649.724664858968 4000.318999952 0
4469 3556.13107713891 1910.013624268546 0
4470 2623.380316894148 2515.858139908211 0
4471 2629.842410328073 2513.311218432721 0
4472 1258.483458592636 2903.33510610181 0
4473 1346.042421278141 2853.870291752145 0
4474 1344.963694996476 2953.557734957735 0
4475 1351.457895980833 2754.642048238171 0
4476 1432.144871474498 2904.728111085702 0
4477 1430.127022819522 3008.415978849305 0
4478 562.8025444349837 2892.758501243134 0
4479 3102.381961809849 2513.040233129416 0
4480 3638.397685824861 2485.460783380776 0
4481 3690.888451324802 2440.94598919598 0
4482 2948.455333005614 2543.499411257183 0
4483 3000.485045993804 2409.54532718076 0
4484 2991.468723302334 2403.553206527866 0
4485 2598.076211353315 300.0000000001405 0
4486 2511.473670974865 350.0000000001355 0
4487 3028.124807826517 4696.749818311195 0
4488 5377.507858337609 2052.012429807728 0
4489 2566.575367063575 2383.714087776208 0
4490 3200.603851751128 2518.752107672484 0
4491 3192.535859390944 2511.761671891461 0
4492 3608.002020703093 2447.475410135562 0
4493 3614.323052672807 2448.337473488407 0
4494 3356.759399681899 1912.382703899691 0
4495 3041.700625420641 2495.751927966695 0
4496 3041.66066096735 2488.464640063701 0
4497 2987.17482139772 2556.600740701366 0
4498 2980.69097251727 2558.398951759441 0
4499 5550.072784300662 1950.911755589579 0
4500 3273.439773625923 2446.255429246396 0
4501 2511.473670974874 250.0000000001342 0
4502 2424.871130596424 300.0000000001305 0
4503 330.3273116743944 1240.366988838692 0
4504 329.1435623111056 1140.346434642323 0
4505 3312.235052603063 2422.710183968746 0
4506 2881.23352899368 2454.013083041887 0
4507 1905.255888325765 300.0000000000996 0
4508 2692.887345235588 2420.835097229215 0
4509 2966.404167376666 2451.475990192251 0
4510 3207.958951542808 2463.227661962084 0
4511 2723.321476368269 2573.634188765236 0
4512 3179.020126094915 2444.005143653654 0
4513 3707.488298457265 2506.361560319413 0
4514 3634.401487976232 2459.803034593734 0
4515 3627.320869612989 2461.236068493909 0
4516 2907.167789886135 2478.835205687538 0
4517 2110.974926766272 2658.319271359533 0
4518 2087.155553584505 2621.343272617557 0
4519 2037.754082744564 2617.116991540968 0
4520 2072.166527260212 2576.853147874152 0
4521 2006.387543598982 2572.035147323102 0
4522 2046.085812068196 2531.604366143092 0
4523 2001.528453153425 2525.502448335963 0
4524 2028.289533305437 2482.053167478005 0
4525 2129.298563473003 2622.164655869704 0
4526 3032.89647331524 2531.107935119732 0
4527 1914.653148292579 3036.434614523692 0
4528 2796.172490912174 2999.875575691047 0
4529 2354.930207032403 2458.19033963225 0
4530 3379.238022855832 2506.695252927454 0
4531 3372.631729146871 2423.301368794935 0
4532 3372.770665548705 2408.4562250821 0
4533 2257.854371789401 1863.844795789985 0
4534 2264.819979502719 1778.705323987801 0
4535 2609.527528840641 2517.692710132561 0
4536 2700.639165619591 2554.274821930896 0
4537 2629.547774562971 2520.132763379017 0
4538 3191.904755854686 2255.639886125813 0
4539 3216.493773406567 2279.164908437127 0
4540 3383.94569553411 4101.2045911092 0
4541 3295.178857562396 4150.085274063494 0
4542 3383.039339274438 4201.201124245783 0
4543 3507.806778408796 2522.469516684459 0
4544 3507.89944783657 2532.377552008382 0
4545 2932.15955414828 1754.293254628709 0
4546 2649.179123888941 2375.764343568622 0
4547 3251.408001214454 2267.051348044124 0
4548 3367.004280504587 2676.217168027349 0
4549 2771.214352066373 2689.332392934988 0
4550 2851.704772895229 1785.785531115599 0
4551 2835.07696330018 1868.597323857707 0
4552 2102.346370305039 2302.936220999772 0
4553 2112.790497673363 2250.873401484125 0
4554 3388.423026127506 1737.093407386705 0
4555 3280.372280224905 2446.949977277704 0
4556 3030.742215889864 2308.552471480956 0
4557 3234.035470522774 2509.982411926323 0
4558 273.9277283763167 3260.27368871712 0
4559 2741.586812906072 2509.262945814266 0
4560 2741.831909170196 2516.513844089499 0
4561 3569.056140755301 2560.046661669375 0
4562 3575.096072747303 2554.893037717166 0
4563 3320.37732522275 2563.921358595833 0
4564 3165.310987102428 1742.195197868042 0
4565 2592.163726470978 2558.846143891429 0
4566 2492.59094074676 2530.635952566006 0
4567 2433.735524063533 2528.1411844651 0
4568 2984.718755562983 2445.744239833256 0
4569 3151.756403978096 2301.826391347722 0
4570 3141.270999164125 2673.58733156352 0
4571 2854.933594067692 4694.558134769872 0
4572 2768.970671729561 4643.466296056742 0
4573 3519.190437754701 2677.981916895384 0
4574 2933.954124007051 2496.697104594437 0
4575 4417.253841831994 2450.907744071673 0
4576 4417.342172977305 2351.060889533524 0
4577 4503.433674348049 2300.175769245919 0
4578 4416.848590691498 2250.206109796748 0
4579 4503.341670606877 2200.016567708256 0
4580 4416.750993020335 2150.037112917675 0
4581 4503.337267120253 2100.008946771165 0
4582 1039.230484541331 300.000000000025 0
4583 952.6279441628835 350.0000000000236 0
4584 4503.267502483387 2999.889993692399 0
4585 2974.234015922943 2579.069164906236 0
4586 5121.207048769587 2603.655336286222 0
4587 4330.127018922193 300.0000000002519 0
4588 4243.524478543748 350.0000000002483 0
4589 4243.524478543752 250.0000000002497 0
4590 2384.162443879772 2407.058191068176 0
4591 2052.122573668444 2855.51632469064 0
4592 346.4101615137774 300.0000000000136 0
4593 3375.276788622853 4601.975410368817 0
4594 2500.514968730974 2695.186427118695 0
4595 4441.770279653606 4708.023576164884 0
4596 3008.053561352118 2687.171222407909 0
4597 2897.807622135912 2592.842598504231 0
4598 3245.446408482801 2297.831218751149 0
4599 3219.103300188761 2309.120483980822 0
4600 3273.420064033328 2288.426109190305 0
4601 2687.055157544966 2568.764327024061 0
4602 2682.543492191195 2562.745027967033 0
4603 2685.305516682418 2555.87018352684 0
4604 2678.280725491115 2556.744303904919 0
4605 2402.64032713448 2446.972358800716 0
4606 2407.944093031598 2451.30220841132 0
4607 3374.411205100378 4701.294757977572 0
4608 3287.271291040012 4750.046216677427 0
4609 2128.247400684807 3018.314869284961 0
4610 3983.716857408418 300.0000000002292 0
4611 3897.114317029979 250.0000000002242 0
4612 3019.190803228516 2541.358947588577 0
4613 2965.406646677358 2324.559026799084 0
4614 2962.708260436131 2299.331480885733 0
4615 2983.054311088016 2284.387834717512 0
4616 2958.317289716556 2273.475126456997 0
4617 2982.646789839008 2258.916589132626 0
4618 4022.752620079266 2353.587144129653 0
4619 228.8446565144914 2189.138546632596 0
4620 2449.910044144981 2440.965036240158 0
4621 2459.514527592742 2445.936901595981 0
4622 2642.960592274886 2616.864324785679 0
4623 2627.914164500514 2620.920436297377 0
4624 2640.735963114258 2633.016262582131 0
4625 2622.485414315683 2637.314541196746 0
4626 2637.874930168125 2651.325715754426 0
4627 2615.573005269315 2657.607644916401 0
4628 2900.688807548877 2514.194940155529 0
4629 3213.415777614291 2541.545788949345 0
4630 2664.129382359862 2370.01699555868 0
4631 2381.181686223811 2614.992056344287 0
4632 2996.411209357693 2574.493826690807 0
4633 3277.03426222514 2025.865497818474 0
4634 3223.920552860102 2042.579896078641 0
4635 3347.893420573687 2396.438229002685 0
4636 273.373047575124 3361.5334106367 0
4637 3440.253982230066 2622.538829459868 0
4638 3438.684862553158 2648.444805012406 0
4639 2996.442413054054 2367.398050824724 0
4640 3481.128461339112 2479.489041949565 0
4641 2794.868514259997 2683.295290462142 0
4642 3650.641454289633 2605.074624184336 0
4643 3548.544356827836 2560.115608020424 0
4644 2949.725450132947 2536.477852605907 0
4645 3570.142438294617 4111.88108075247 0
4646 3137.558847658043 2999.073831063688 0
4647 2436.618070140435 2475.819467121252 0
4648 4414.446225087167 2050.648129586455 0
4649 259.5961258504417 4461.698893880137 0
4650 2376.196754293872 2399.090325571497 0
4651 3218.258223923992 2437.1013173489 0
4652 3798.638142827599 2637.268715797784 0
4653 2148.839323942086 2278.910537096711 0
4654 3387.360040323309 2694.141638159118 0
4655 2039.779229550948 2370.768629492945 0
4656 2767.704578737141 4743.515494745525 0
4657 2681.742259657225 4692.375985362523 0
4658 2683.007729282821 4592.376046365944 0
4659 2595.779434510694 4641.276466374805 0
4660 3625.972723440558 2410.677167296536 0
4661 2888.271919692691 2300.703092475858 0
4662 3683.384906868947 2368.944106343249 0
4663 3873.332227597916 2061.751914182017 0
4664 3289.779984522088 2554.520802569075 0
4665 3282.673294879096 2555.659154401626 0
4666 3254.210537028728 2539.324855723942 0
4667 3259.125903819475 2545.049920203546 0
4668 3868.41899420824 2896.491206475894 0
4669 3632.383891479479 2547.702967329011 0
4670 3625.289744752098 2548.168813948068 0
4671 3629.288159305497 2541.235798073644 0
4672 3621.915705968764 2555.128790342858 0
4673 3617.820180809309 2548.563708345981 0
4674 3614.564729175389 2555.01756662159 0
4675 3610.030939007403 2548.355298340467 0
4676 3607.290045610585 2555.273867694235 0
4677 3043.801253465137 2577.403694455659 0
4678 3652.343213433796 2357.764480528612 0
4679 3635.747169198154 2360.618331802264 0
4680 2684.740155974479 2323.533698941594 0
4681 2682.190855111254 2445.701894527892 0
4682 2674.871988169766 2443.937891823056 0
4683 2673.792155920873 2435.846279082137 0
4684 3526.379108462823 2553.023596546232 0
4685 3576.225576871111 2562.454747818103 0
4686 3581.897840317553 2557.441454599217 0
4687 2893.735099646824 2505.571903259273 0
4688 2164.520098830356 1977.512436941173 0
4689 3630.946342190336 3117.105844784588 0
4690 3354.02225180393 2498.937357305946 0
4691 3347.457718763381 2502.235306160327 0
4692 3347.80310713474 2510.089077478626 0
4693 3347.761495923767 2494.95132062302 0
4694 3341.023721390455 2498.316354244008 0
4695 3341.366589898709 2491.242953782488 0
4696 2919.611057688265 2577.973309837357 0
4697 2936.187020487363 2462.324510984623 0
4698 2940.940762371121 2467.790236309994 0
4699 2943.590455896988 2461.070643731755 0
4700 2957.464890602126 2244.418496763858 0
4701 3247.95787945909 2534.424165225735 0
4702 2913.866186753213 2292.010913650202 0
4703 2899.633852120461 2271.612179308292 0
4704 3302.971986906416 2447.753785560671 0
4705 2900.071926949964 2523.873882306847 0
4706 5389.60390922032 3951.974155428444 0
4707 1010.090921300925 2048.979779166698 0
4708 1011.354686906105 1948.98168015048 0
4709 1184.542923668973 1951.169345797094 0
4710 1270.508364325852 2002.2573412722 0
4711 4434.767044778318 3608.045693940105 0
4712 396.9936646367796 2591.285754910134 0
4713 309.7676266031622 2640.189929471404 0
4714 308.5074897126333 2740.181891260952 0
4715 311.0298486588995 2540.201686741269 0
4716 3208.959510798839 4098.990189981087 0
4717 3212.704218276961 3799.013587360498 0
4718 3125.476051908759 3847.913712060948 0
4719 4526.779457875033 4457.477293777415 0
4720 4699.344385642524 4356.376622638489 0
4721 4698.707742811766 4256.378649228836 0
4722 1125.833024919759 550.0000000000309 0
4723 1905.255888325722 1000.000000000103 0
4724 1818.65334794728 950.0000000001025 0
4725 2511.47563768793 1249.997243240289 0
4726 2424.873425095011 1199.996783780309 0
4727 329.5669167312103 1340.346372307315 0
4728 5565.354780759862 4350.858667183531 0
4729 5651.635077604689 4300.312139864023 0
4730 2944.486372867037 1200.000000000165 0
4731 3031.088913245484 1150.00000000017 0
4732 3031.088913245491 1050.000000000171 0
4733 1904.279692338756 4532.516335883595 0
4734 1990.24256806368 4583.608249833125 0
4735 1988.977191212251 4683.600256257463 0
4736 2076.205816694251 4634.69956189146 0
4737 4094.758530558376 4610.181718383485 0
4738 4095.345401107406 4706.019482508058 0
4739 3290.8965551045 999.9999694284352 0
4740 672.5336725828461 1344.662343624288 0
4741 2077.471131394743 4534.707655782322 0
4742 2163.434099051266 4585.799421348954 0
4743 2162.168737521772 4685.791403042806 0
4744 2249.397028690695 4636.891248277369 0
4745 3464.101664099037 999.9999277720215 0
4746 875.2556415653116 3719.429826928642 0
4747 1732.33586363725 4430.361685710108 0
4748 4589.9346400575 750.0000000002633 0
4749 2250.662397731293 4536.899254460162 0
4750 2336.625321873768 4587.991090260975 0
4751 2335.359952497478 4687.983084620008 0
4752 3031.088913245524 450.0000000001614 0
4753 3117.691453623969 400.000000000161 0
4754 3117.691453623966 300.0000000001601 0
4755 3204.293994002413 350.0000000001592 0
4756 3204.293994002414 450.0000000001605 0
4757 3290.896534380858 400.0000000001583 0
4758 3290.688030308912 302.519870702215 0
4759 4589.937096452275 2150.004252413416 0
4760 3723.909241617899 1049.999992115427 0
4761 1646.379731650785 4379.25888697821 0
4762 4524.869529381327 4157.483373550462 0
4763 5302.047117579907 3802.529766070997 0
4764 5215.12886271865 3753.081129138621 0
4765 3290.89658041605 1199.9999320886 0
4766 3550.70415551619 450.0000000001946 0
4767 4094.112402429538 4510.200418240112 0
4768 4676.53718043594 800.0000000002692 0
4769 4763.139720814416 350.0000000002747 0
4770 4849.742261192864 300.000000000281 0
4771 1561.693651748033 4228.156535727738 0
4772 1475.730729409781 4177.064697014416 0
4773 5214.492429805419 3653.082906752581 0
4774 5128.210045216265 3703.633152361061 0
4775 5127.57349401063 3603.635068701738 0
4776 5041.291014642286 3654.185425181931 0
4777 5040.654383802883 3554.187435847321 0
4778 4954.371918742151 3604.737774595503 0
4779 5126.936848959968 3503.637095876464 0
4780 5040.017741304373 3454.189460461492 0
4781 5126.300204735999 3403.639122432766 0
4782 2424.87113059639 900.0000000001337 0
4783 2338.268590217944 950.0000000001287 0
4784 2424.871130596382 1000.000000000137 0
4785 2338.268590217936 1050.000000000135 0
4786 2519.93947647295 3790.246842565015 0
4787 2605.90240952957 3841.338663285274 0
4788 2604.637039102957 3941.330659426432 0
4789 2691.865332378129 3892.43050114156 0
4790 2693.130701769755 3792.438506737809 0
4791 2779.093624244467 3843.530345221663 0
4792 2777.828255184684 3943.522339068357 0
4793 2865.056546716536 3894.622183709956 0
4794 2866.321915784544 3794.630189849579 0
4795 2597.044824406999 4541.282827746236 0
4796 5647.099314730089 3701.581806366723 0
4797 5639.538470360242 2400.351285469186 0
4798 2598.076539138768 1299.99954054018 0
4799 5643.343275643725 3099.224725122157 0
4800 4849.726708269253 2100.00000001783 0
4801 4936.34480157128 650.0000000002865 0
4802 3637.306696785406 999.9999986860807 0
4803 3124.210659632476 3947.905711546378 0
4804 3740.486611981551 4009.470172625344 0
4805 840.6846761589022 1746.813111367631 0
4806 5109.549882328109 1450.000000000292 0
4807 5022.947341949666 1400.000000000291 0
4808 4502.952405216956 2000.109512726446 0
4809 4415.818265521635 1950.509304569379 0
4810 4330.126995713575 1400.000100655336 0
4811 1478.261467537854 3977.080709185746 0
4812 3983.716857408406 500.0000000002299 0
4813 4070.319397786853 450.0000000002387 0
4814 1210.249747900131 4623.741144184831 0
4815 1125.087971593661 4669.164351124806 0
4816 1037.402953327011 4620.969969271535 0
4817 4784.99020669536 4205.8283136592 0
4818 4698.071099980051 4156.380675820285 0
4819 3897.114317029713 1250.000000001091 0
4820 3897.114317029714 1150.000000001111 0
4821 3897.114317029876 1350.000000000361 0
4822 1408.047375851338 3224.013658690606 0
4823 2511.473670974858 450.0000000001378 0
4824 1301.274146568515 4274.865007358221 0
4825 1818.653347947319 350.000000000095 0
4826 4416.688638593342 2548.08952859607 0
4827 2078.460969082647 400.0000000001128 0
4828 2078.460969082654 300.0000000001114 0
4829 2165.063509461094 350.0000000001173 0
4830 4763.139720814386 750.0000000002738 0
4831 4416.729559212848 1050.00000038078 0
4832 4589.934640057492 850.000000000264 0
4833 3723.909273687075 1249.999944806684 0
4834 4002.190759360352 3760.692645586819 0
4835 4001.597950745919 3660.751919456652 0
4836 3912.315650841305 3611.212727734714 0
4837 4000.440303931709 3560.378227922604 0
4838 4088.116015755394 3610.172084358701 0
4839 2338.270939347487 1249.99670720364 0
4840 496.8221802501125 1542.46393983181 0
4841 1825.909264174124 3881.472082440685 0
4842 1827.174633256185 3781.480088554954 0
4843 1913.137555595765 3832.571927270385 0
4844 1741.211710917971 3730.388249841691 0
4845 1828.440002339812 3681.488094671706 0
4846 1742.477080001858 3630.396255958856 0
4847 1829.705371422772 3581.496100787403 0
4848 5292.49868458938 2302.558713715821 0
4849 1915.668293760939 3632.587939500591 0
4850 2344.21751782551 3988.039158080134 0
4851 5542.56258422033 1400.000000000315 0
4852 4243.524478543742 450.0000000002483 0
4853 5022.947341949663 1500.000000000291 0
4854 4936.344801571222 1450.00000000029 0
4855 4936.344801571218 1550.00000000029 0
4856 788.0273507048619 3768.329987309564 0
4857 4070.319397786847 550.0000000002365 0
4858 965.0146715043675 3470.545687271415 0
4859 4960.738348618918 4604.717509564953 0
4860 4961.374991449529 4704.71548297479 0
4861 5196.152422706623 500.0000000003051 0
4862 4936.344801571224 1350.000000000289 0
4863 4849.74226119278 1400.000000000287 0
4864 1212.435565298199 600.0000000000334 0
4865 5109.549882328116 1250.000000000293 0
4866 5047.657455333103 4654.165147405173 0
4867 1050.977594014998 3521.63752758843 0
4868 5542.562584220341 1300.000000000317 0
4869 5629.165124598779 1350.000000000324 0
4870 5629.16512459879 1250.000000000328 0
4871 2863.791177623208 3994.614177612958 0
4872 5196.15242270656 1200.000000000294 0
4873 3294.024615614629 4250.078671988396 0
4874 3381.580608942608 4302.265459137446 0
4875 924.1291465059458 1997.886163335187 0
4876 4087.518661505565 3510.168928012523 0
4877 4174.570286158856 3559.673179106041 0
4878 4175.283174028845 3659.698901965267 0
4879 3384.518992603821 2166.820053524162 0
4880 3018.481229410692 2568.867769587374 0
4881 2862.362084744405 2309.687257684339 0
4882 1993.379914646248 2393.530558641653 0
4883 1948.747030882432 2361.744056559184 0
4884 2684.083831542085 2417.70208674564 0
4885 2541.066274440903 2473.172720854102 0
4886 2636.564089063111 2396.447827566014 0
4887 3563.438424060269 2564.890196494488 0
4888 2317.178296332897 2566.170723956664 0
4889 2760.887152026942 2512.280274995579 0
4890 3047.125490854274 2523.895906063207 0
4891 3040.393643537891 2519.512953350828 0
4892 2340.521407637569 2526.350334808515 0
4893 2332.352589442158 2525.372327543463 0
4894 2338.710988231817 2518.394750846663 0
4895 2330.692224870093 2517.450304101674 0
4896 2335.125865024458 2511.212839733604 0
4897 261.1733310957707 4361.710846189531 0
4898 348.1417590474921 4312.807402522449 0
4899 262.7024650545491 4261.72219017102 0
4900 3629.898987944428 2375.411175031415 0
4901 3618.592672697971 2362.898579471817 0
4902 3017.487679156595 2664.160141937505 0
4903 3032.584001103669 2682.124124459844 0
4904 3039.558391586843 2659.164981252885 0
4905 3055.776289390066 2676.925853102429 0
4906 3479.978569440765 2433.040799476542 0
4907 264.7520728242393 4061.73211383799 0
4908 266.3419054594447 3962.458334006338 0
4909 3843.017631551531 1991.618177290365 0
4910 1173.746659314632 2960.988825302649 0
4911 884.1131281668422 3019.484968052182 0
4912 479.1810398273497 2942.352789055496 0
4913 393.2033670431529 2891.244006144907 0
4914 3461.161171267109 4653.199393506086 0
4915 2681.311408551176 2549.80524455281 0
4916 2674.843154384148 2551.038558585318 0
4917 2670.98242802492 2557.177397522873 0
4918 2667.231706462654 2550.810527302366 0
4919 2663.499275128877 2557.122116955257 0
4920 2660.129107376469 2550.722102598379 0
4921 2430.598407024406 2471.373003158539 0
4922 2981.906114191827 2409.1987678122 0
4923 3611.902433156911 2706.741314399342 0
4924 3603.931732502462 2682.640178378456 0
4925 3620.217486184173 2663.536659276141 0
4926 3596.748844412288 2658.863072631201 0
4927 2740.7656680491 2456.017256044083 0
4928 2735.388744765 2461.329332781168 0
4929 2737.069050039535 2468.56557260359 0
4930 2730.293654085252 2466.033525185592 0
4931 2899.886855247895 2644.608517722757 0
4932 2889.295982223378 2668.226753688275 0
4933 2713.757591209129 2442.418250195803 0
4934 2712.348764737582 2450.412387455605 0
4935 1043.576436599034 4734.121236947988 0
4936 951.1848578416125 4672.449664323241 0
4937 2739.912243164897 2545.747015174889 0
4938 2734.258980474156 2540.734045126423 0
4939 2727.147583492769 2542.885211190415 0
4940 2728.836892131349 2535.57566175057 0
4941 2593.399503557044 3231.379885663021 0
4942 2463.113680495685 3160.452479531548 0
4943 2445.9072977165 2299.026300689889 0
4944 2476.649193078983 2306.826225246235 0
4945 2456.35899845275 2327.03916556564 0
4946 2480.924110104583 2332.968215556922 0
4947 2501.300719095093 2317.937773740155 0
4948 2504.720618346583 2342.72563188804 0
4949 2573.730886748026 2559.857778232756 0
4950 1125.833024919782 250.0000000000291 0
4951 1728.54627356616 4730.327148266441 0
4952 2343.447870839564 2558.563510593907 0
4953 2335.244700191659 2559.583498024746 0
4954 2981.338711487029 2396.922252720577 0
4955 3860.290244903769 2478.966304945781 0
4956 2543.156666985193 2185.929356178801 0
4957 2482.964842200633 2457.036538385689 0
4958 2495.435914488401 2461.143458273783 0
4959 2494.442238054508 2476.270826249492 0
4960 2509.097720785601 2467.072586544226 0
4961 3254.536515283045 2424.97906263437 0
4962 3259.353242413998 2415.560483919581 0
4963 3212.211031216625 2551.011718370902 0
4964 5725.820933341479 2349.800948359614 0
4965 3542.263021688535 2672.472514846006 0
4966 3550.704155516209 250.0000000001946 0
4967 3574.697975828411 2103.305435224448 0
4968 4416.729559300638 250.0000000002537 0
4969 2670.411733432467 2267.547263960028 0
4970 2312.034997609243 1984.275220979504 0
4971 2363.631564197978 1942.915946457236 0
4972 4355.487815770046 4758.573911734313 0
4973 2635.355476456276 2517.344174933627 0
4974 2634.807619672158 2524.045948987314 0
4975 5712.081279632541 1790.69602519097 0
4976 5714.512903051224 600.0000000003224 0
4977 5628.955997611158 650.0000000003297 0
4978 5714.268921565591 700.0000000003356 0
4979 3593.361354602916 2447.297984067136 0
4980 3586.007942299697 2447.311456307131 0
4981 2436.383298969851 2506.894277189132 0
4982 2436.776645396047 2512.674673793987 0
4983 3551.042200739529 2540.560383895344 0
4984 2351.216554829463 2557.181202996065 0
4985 3583.280056319702 2564.913448917818 0
4986 3588.939607679295 2560.000357773925 0
4987 3487.570034285046 4464.093480156673 0
4988 5730.277445650296 3049.786762143042 0
4989 1209.512405083454 4720.670172344677 0
4990 3406.950729323692 2500.896027945504 0
4991 2468.619285904606 1979.384985365123 0
4992 3296.505882676123 2552.06546557351 0
4993 2198.481063628723 2722.113499213894 0
4994 2211.218913753467 2756.059940910684 0
4995 5035.069623662233 2654.204749464301 0
4996 5035.585403069506 2754.203492269959 0
4997 2667.854637744903 2440.513592815846 0
4998 2668.455972665177 2447.785617045718 0
4999 2661.825120970948 2444.971576622182 0
5000 2662.471983090497 2452.010392320845 0
5001 2655.85227443892 2449.457513248647 0
5002 2656.532484959713 2457.183105377171 0
5003 3111.12864272072 2464.11970406129 0
5004 952.6279441628901 250.00000000002 0
5005 866.3096363253303 298.5912654717008 0
5006 866.0727758745825 399.7652109119649 0
5007 779.4781308445026 349.7260793972787 0
5008 779.4228634060087 250.0000000000059 0
5009 692.8295342673105 299.95434656621 0
5010 3011.843007527132 1721.424620985319 0
5011 5725.184288725932 2249.802974961982 0
5012 3528.388722635715 2563.553480150594 0
5013 2699.554139074571 2447.948452048572 0
5014 2153.17275820288 2651.832226297014 0
5015 2137.087820706837 2689.717784211873 0
5016 2385.335226424081 2664.610887940722 0
5017 2553.257188960452 2623.725773882002 0
5018 2568.277589382003 2647.593008249293 0
5019 2397.532624208653 2687.218369036567 0
5020 3269.929796932781 2689.508360206957 0
5021 3288.555192091262 2705.952301549592 0
5022 3313.470691309597 2696.816640273024 0
5023 2416.95947058119 2284.063412844288 0
5024 2410.160226301746 2251.866369303932 0
5025 2321.603871533254 2383.864495223971 0
5026 2306.186122399948 2378.914098058418 0
5027 3477.573101866912 2663.664647280598 0
5028 3629.557460207388 2453.894536625653 0
5029 3309.45377745447 2413.113001107942 0
5030 5733.845282218281 3751.334376948 0
5031 3688.502972963941 2283.312372296001 0
5032 3131.969839570067 2606.86797495552 0
5033 2999.709698818773 2711.447510235875 0
5034 2633.535833770384 2673.033432103703 0
5035 2609.650199600223 2681.335917159781 0
5036 2676.551460031636 2232.972890664916 0
5037 5726.457577957028 2449.798921757245 0
5038 3123.688879720161 2657.059561895304 0
5039 3116.249492642702 2683.088866776687 0
5040 3588.37886532328 2553.993251602375 0
5041 5206.368190388367 2353.108083301062 0
5042 2736.002364926166 2512.714799095559 0
5043 2735.57014307529 2519.422757892859 0
5044 2490.40090636118 2516.84978939863 0
5045 2502.094214734781 2507.047027931386 0
5046 5739.827094894854 4549.756383076148 0
5047 5291.633172169233 2102.560170775043 0
5048 2368.268391082002 2624.573812848738 0
5049 2680.883319705836 4791.685854490561 0
5050 5733.476880546828 3850.042290513918 0
5051 2418.83434851199 2308.464194512027 0
5052 3438.699606040282 2596.566471578 0
5053 3421.23216692411 2586.416858815532 0
5054 3832.621643731708 2847.03653551086 0
5055 3887.145371659208 2842.278024284255 0
5056 184.7118666323577 3309.471558533276 0
5057 2955.701383962194 2540.963072760148 0
5058 2685.357293109801 251.7669555517491 0
5059 3653.713758191597 2497.285563925466 0
5060 3646.196811699876 2496.75865897312 0
5061 3508.661896491678 2452.450071514438 0
5062 3498.377038332613 2457.429907689235 0
5063 3806.365337515354 3011.025227852105 0
5064 2903.284102399499 2688.92934077714 0
5065 2876.563739427885 2690.495743787721 0
5066 3398.844460464384 2517.502357734907 0
5067 3410.196726403974 2530.305312893141 0
5068 4875.734888055151 4753.100130127548 0
5069 2647.371557286093 2210.640332589597 0
5070 3070.71489604153 2554.692664450841 0
5071 3630.571292213815 2428.456119121636 0
5072 3095.359963266319 2483.568782402039 0
5073 2072.567663372269 2495.191082781246 0
5074 1814.131532391262 4780.717750273322 0
5075 2944.193320400665 2531.484865609124 0
5076 3196.738592878146 2297.91086637045 0
5077 3645.208931752249 3854.746595721242 0
5078 3645.834634138951 3754.648432175914 0
5079 2383.554420718106 2443.01573449952 0
5080 2389.309348573469 2446.806283016392 0
5081 3923.969137343793 2883.531516460655 0
5082 2721.860453517651 2538.447348281604 0
5083 2270.460193763296 2560.089203672814 0
5084 2282.737684822766 2572.368127392389 0
5085 2297.629325209205 2582.048489965674 0
5086 2261.364693130501 2546.053195508588 0
5087 2741.165784630126 2501.596900209318 0
5088 3768.199118246216 2394.687104529965 0
5089 5726.012003402571 3149.745338201821 0
5090 2890.832000026389 2608.333130466592 0
5091 3357.91246211689 3058.915254265057 0
5092 3332.994812734042 2995.165516318941 0
5093 3403.312831637055 3130.400933805257 0
5094 3361.074823811969 3210.611041993517 0
5095 4000.82509994881 2291.54621117924 0
5096 2463.753474988888 2559.908290769689 0
5097 3726.946263825045 2483.323740522014 0
5098 2143.477467159747 2320.833354700207 0
5099 3636.734504157012 2452.003588385852 0
5100 798.4412616506788 2968.912193721901 0
5101 712.5904649369681 3014.247937011071 0
5102 2636.877307777298 2509.22728749318 0
5103 2688.523608851855 2448.692093539053 0
5104 2323.744357480472 2640.086490473237 0
5105 2301.535927341962 2640.918662175661 0
5106 2312.114276517241 2623.635380547962 0
5107 2650.227696725594 2454.062892410344 0
5108 2650.765044786274 2461.659774455314 0
5109 2638.44106891008 2450.31212745988 0
5110 2616.033757004123 2610.822643425867 0
5111 2741.38256523337 2408.227943265575 0
5112 2754.960532115368 2397.524736338911 0
5113 2754.784060093521 2380.916533163815 0
5114 2768.5362132333 2387.163261833746 0
5115 3568.358773267606 2298.358625041194 0
5116 3567.568805648109 2323.695093184163 0
5117 3546.053168874419 2310.343706248344 0
5118 3545.5121973103 2334.95398387678 0
5119 3523.785520033193 2322.186010449587 0
5120 3586.769043724189 2337.137796424792 0
5121 2438.926782396627 2499.351346271058 0
5122 5714.512903051169 1300.000000000332 0
5123 5727.640089888378 1189.401228581229 0
5124 5715.558537989542 1400.000000000333 0
5125 5714.512903051198 900.000000000347 0
5126 5711.892917786749 995.8242709751401 0
5127 2929.781577002653 2490.405131773844 0
5128 2649.241587010382 2446.303083895123 0
5129 2388.302158677847 2395.935627100187 0
5130 5726.953475729275 3651.720895628689 0
5131 1817.195345950962 252.5253335353327 0
5132 1731.807807236152 300.4208889226284 0
5133 2891.83804030598 2710.238866978247 0
5134 2446.308575402701 2673.469470489645 0
5135 4416.900610711606 2950.297308045248 0
5136 4415.070352171675 2850.129681530133 0
5137 2748.482743589573 2520.295987299478 0
5138 5049.975167870026 4751.208134822396 0
5139 5134.856740332078 4703.120287579452 0
5140 3397.832495117546 2428.749940165008 0
5141 2582.419619544889 2946.939029701917 0
5142 2658.980087033503 2946.669024095098 0
5143 3190.479853376665 2522.937103134827 0
5144 3181.897993212567 2515.787655651104 0
5145 3180.86021726722 2526.143484962357 0
5146 3305.178602814558 2455.173388150385 0
5147 2600.693482167645 2511.157450409405 0
5148 2599.532640318169 2521.380711056423 0
5149 3455.752222802865 1785.811574650967 0
5150 3471.100663702919 1702.39775576733 0
5151 1998.614382275251 2754.960237862113 0
5152 1970.22817221533 2698.523322474904 0
5153 2338.127605331768 2389.49603198635 0
5154 3666.144624157506 2472.722009124042 0
5155 3676.744959260642 2469.069620474079 0
5156 3684.420377542629 2477.007464815788 0
5157 3687.862090507052 2465.950924096406 0
5158 3696.575928482915 2475.655845493975 0
5159 3246.544870789792 2608.514226939008 0
5160 2806.781697737935 2407.196734925589 0
5161 2641.87995284496 2550.82878620309 0
5162 2643.656047068803 2542.656942599666 0
5163 2639.533822220784 2536.981746795168 0
5164 2646.649337660765 2535.623246095192 0
5165 2651.942262401146 2541.124949693867 0
5166 3531.704339935799 2419.760774510088 0
5167 3520.908386010498 2425.485185696545 0
5168 3972.953036105619 2399.878726951723 0
5169 3987.717198857614 2456.81547418058 0
5170 3100.929828591104 2664.614932377028 0
5171 3092.96765167027 2689.103863568353 0
5172 2963.174931121701 2560.616417616527 0
5173 2962.338899658271 2553.472583918252 0
5174 2166.514742891851 252.5136100358209 0
5175 2936.353036519494 2502.856177578728 0
5176 2933.533438961828 2508.619608621051 0
5177 943.7988182521144 4769.593176403228 0
5178 862.2431816590993 4719.188708357686 0
5179 2731.570544191759 2472.885494392947 0
5180 2737.385108139823 2474.932154087533 0
5181 2733.888219258725 2479.490125315725 0
5182 2379.220809198972 2387.74567645856 0
5183 2746.807271862046 2695.316418401802 0
5184 2731.287961513028 2673.852839778387 0
5185 3679.995225869202 2458.556677494883 0
5186 3241.146403434912 2624.812103652402 0
5187 3229.655813247282 2611.939315157169 0
5188 3252.011045013925 2638.018564453736 0
5189 3230.549310140066 2665.305468282229 0
5190 2739.830678462757 2480.85818325586 0
5191 2735.789065590726 2485.326034929786 0
5192 2868.009746389796 2442.232434025988 0
5193 2884.065112842256 2437.367436357745 0
5194 3673.898301582923 2330.717898919153 0
5195 1975.660152525302 2479.125233689948 0
5196 2655.237674112768 2665.510333112042 0
5197 2653.18285910132 2688.539813742613 0
5198 2674.913401246143 2679.157230840451 0
5199 3461.947585640233 4749.739225435254 0
5200 3547.539349577902 4703.59255670024 0
5201 3548.241960340761 4800.273389685979 0
5202 3633.661371441121 4754.416707648286 0
5203 3202.860680629544 2699.631901218299 0
5204 3178.790589472303 2707.464682866241 0
5205 3614.049999480415 2542.152410662629 0
5206 2524.477715378961 2328.859658078745 0
5207 2522.13218910954 2303.186305543775 0
5208 2527.878273658146 2353.205183315251 0
5209 5477.796494705106 4201.417517822449 0
5210 5390.877391063071 4151.969876223512 0
5211 5041.927653289154 3754.183405568249 0
5212 1271.771470542476 1902.260046350541 0
5213 925.3901443558352 1897.892609459161 0
5214 1012.615733865636 1848.988043698371 0
5215 657.4037866149774 2544.551183321484 0
5216 4261.552781620518 3609.14369598125 0
5217 484.2210330606626 2542.38395320667 0
5218 2951.019469060566 3945.714022413183 0
5219 3126.741400148845 3747.921723254575 0
5220 4528.05274353717 4657.473240595461 0
5221 3039.513126096264 3796.821874194001 0
5222 1818.653347947275 1050.000000000102 0
5223 2511.474033322751 1149.999492093713 0
5224 3290.896534380857 500.0000000001633 0
5225 3464.724787115864 301.0793655281068 0
5226 2857.883832488586 1250.000000000166 0
5227 2337.890690655608 4487.999096861424 0
5228 2423.853613244346 4539.090935170063 0
5229 1049.712224961188 3621.629521740679 0
5230 1733.614540248077 4330.34821270793 0
5231 3723.909237312322 949.9999984670631 0
5232 1818.653347947285 850.0000000000996 0
5233 1732.050807568838 900.0000000000998 0
5234 522.5463691950886 4215.006434479783 0
5235 609.7746606157848 4166.106279307978 0
5236 3031.088913245477 1250.000000000171 0
5237 2435.236231830215 3639.172438638959 0
5238 5542.562584220374 800.0000000003333 0
5239 4269.75414772657 4707.042508625617 0
5240 4330.127018922171 600.0000000002756 0
5241 4156.921938165282 700.0000000002365 0
5242 358.2127390142018 3512.870793743914 0
5243 271.8103546189623 3561.781400389453 0
5244 268.8972079206665 3663.232907698949 0
5245 4006.538103248751 4360.787413558071 0
5246 4416.72955930061 650.0000000002824 0
5247 4676.53348240662 2299.975558557553 0
5248 2857.464332232813 4494.574147 0
5249 4329.195016639096 1801.59145027801 0
5250 2857.883832488609 950.0000000001587 0
5251 4763.139720814378 850.0000000002763 0
5252 5469.520125169231 2901.443857220601 0
5253 3377.499074759301 450.0000000001619 0
5254 2598.076211353295 600.0000000001428 0
5255 2684.273118473988 4492.382463458679 0
5256 2165.063509461062 850.0000000001164 0
5257 2251.666049839497 1000.000000000125 0
5258 2251.666049839491 1100.000000000128 0
5259 403.2960672581216 2091.329011271275 0
5260 317.3304435055725 2040.241718062454 0
5261 1136.940516380922 3572.729366559966 0
5262 2251.907922077998 300.4189350060724 0
5263 2251.706361879275 400.0698225011147 0
5264 4156.921938165305 300.0000000002437 0
5265 4003.932003039402 3960.763714466475 0
5266 695.7375829539151 4217.19811802111 0
5267 1104.881955387908 1400.114686727439 0
5268 1192.107660828699 1351.209918952113 0
5269 1278.073284806581 1402.297211835923 0
5270 879.0517491317382 3419.453848237508 0
5271 5207.489511454632 2553.104998671075 0
5272 2430.180451602143 4039.130977591712 0
5273 3117.691453623931 1100.000000000177 0
5274 3117.691453623936 1000.000000000176 0
5275 3031.088913245496 950.0000000001698 0
5276 173.2027285571749 500.0040741294033 0
5277 5455.960043841898 1250.000000000313 0
5278 2776.56288620072 4043.51433278777 0
5279 2949.754099979282 4045.70601629635 0
5280 3514.001314771249 2091.494674509271 0
5281 3454.949294745359 2094.408169496507 0
5282 3425.593965297244 2042.530466891253 0
5283 2789.094223682505 2602.745931908616 0
5284 2132.56713876154 2488.355840283149 0
5285 3222.834255784122 2426.94783240605 0
5286 3234.242591752876 2427.47238611828 0
5287 3474.809144798648 2493.371227050807 0
5288 2779.445255660591 2565.955213238393 0
5289 2792.979580607283 2576.968809678992 0
5290 2795.888391699889 2561.699327683991 0
5291 2960.840293266027 2455.880334965257 0
5292 2954.731629115628 2452.235617583251 0
5293 2955.416780474139 2459.15481633156 0
5294 3611.892588872115 2639.092787061175 0
5295 3632.615331631823 2646.457212968985 0
5296 3876.857332560951 3019.205111292348 0
5297 3016.477009455707 2575.941675922375 0
5298 2351.157817666442 2464.128091005431 0
5299 2344.115666078614 2462.564668779363 0
5300 2346.204077723999 2468.564726056849 0
5301 2339.836636410829 2467.344781043879 0
5302 2342.206639494092 2474.340761678242 0
5303 2335.032239847676 2473.019383482904 0
5304 2337.132073321809 2479.059481503056 0
5305 2330.106551619232 2478.619992103165 0
5306 2333.915249020311 2485.489934257861 0
5307 2325.802291046822 2484.491846305613 0
5308 2328.582872707987 2490.971087405931 0
5309 2321.097339522562 2490.169691874436 0
5310 2335.446487006064 2492.491645926812 0
5311 2330.819539953464 2497.217371418533 0
5312 2990.461734394014 2449.909136133751 0
5313 2996.153437605447 2446.593291523219 0
5314 2666.869736920308 2432.985621274298 0
5315 2764.272216679444 2713.345175234726 0
5316 3538.007344293283 2580.53548796528 0
5317 3307.638790186635 2722.363904744924 0
5318 2384.13310037642 2558.651945623378 0
5319 2420.04751163148 2540.808994548084 0
5320 3461.994986023883 2452.535123457271 0
5321 2437.2346352459 2554.962445864464 0
5322 3073.610961734471 2629.191897389908 0
5323 2476.407192641356 2695.155669618973 0
5324 2652.132750801532 2533.720672036757 0
5325 3662.648392802033 2577.410754962508 0
5326 3672.277560544304 2590.900327577433 0
5327 5630.890188916 252.9878990439611 0
5328 5714.800413770752 300.4979831742676 0
5329 5717.910318813002 203.7371531829012 0
5330 3593.723344374884 2555.694915066241 0
5331 3592.760315446256 2547.026886975105 0
5332 4158.104138945591 202.0476318164392 0
5333 2241.835535616649 2456.952435004757 0
5334 2257.604547906922 2445.349452264859 0
5335 2241.953362027887 2437.174769697277 0
5336 2928.022170319961 2344.746400280514 0
5337 2692.982009821189 2354.073928752987 0
5338 5740.463737726133 4649.754356485138 0
5339 5654.18427602673 4700.299414812474 0
5340 5741.100380557411 4749.752329894132 0
5341 2385.664605546457 2275.39250641579 0
5342 2336.900824054172 2498.26014387846 0
5343 2341.431922213687 2494.284134422009 0
5344 2339.961472402094 2489.067165075796 0
5345 246.2467381743481 1186.136265743615 0
5346 246.213346358888 1088.750938911744 0
5347 330.5946213501275 1040.247498473693 0
5348 247.2896785358057 989.1755213060515 0
5349 331.8559075257763 940.3070657390326 0
5350 248.2894232742142 889.2586084939746 0
5351 333.1061615325816 840.317429769533 0
5352 249.5044773714121 789.2794765914359 0
5353 428.7394155435063 890.6116958493562 0
5354 3612.254705141051 2454.716291582273 0
5355 3604.74670654325 2453.056050124019 0
5356 3524.88174176015 2348.750552722584 0
5357 3501.762105185903 2334.429792041799 0
5358 3613.858192357395 2428.278116216391 0
5359 2385.449350774662 2565.582375018961 0
5360 2948.911435114883 2416.287981778552 0
5361 4764.416535947645 252.2115086828821 0
5362 3309.897206618269 2546.976796905297 0
5363 3315.879050804888 2543.651422012932 0
5364 3322.379572393184 2548.647507647469 0
5365 3322.717660285324 2541.510459166883 0
5366 3329.052829623743 2545.415273428161 0
5367 3328.824434747926 2537.027035681973 0
5368 3335.619631779547 2541.743938468467 0
5369 3335.781937546034 2534.404740213702 0
5370 3330.709225971521 2530.316897965069 0
5371 3336.410921040938 2527.725014119407 0
5372 2612.817695883918 2554.646585951295 0
5373 3618.057711620919 2453.853536122027 0
5374 2939.521854047744 2498.51635089753 0
5375 2651.508799550928 2359.876081231132 0
5376 2872.138872224173 2425.86723832988 0
5377 2887.956163742386 2421.326217128983 0
5378 3245.166954703064 2470.467745170906 0
5379 3242.120870448541 2476.306219904891 0
5380 3246.828138300609 2463.694790413663 0
5381 3235.63732170855 2478.048551406747 0
5382 3239.976243018107 2482.082715913662 0
5383 3245.788829505381 2480.729022873465 0
5384 3234.163796105609 2483.727536701508 0
5385 3238.646668655302 2487.146386272229 0
5386 3251.30069897148 2468.215891284401 0
5387 3252.661546162968 2462.848502723123 0
5388 3256.068792092406 2466.884401887754 0
5389 3257.868244455452 2461.854582214099 0
5390 3254.772208436776 2458.142111649879 0
5391 3260.778140684426 2456.911945906158 0
5392 2257.77238358778 2427.542183856774 0
5393 2272.909826540434 2435.925185885555 0
5394 2274.089379013923 2418.790207169196 0
5395 3722.258641839418 252.8589134220283 0
5396 3590.621301778056 2635.769909263124 0
5397 3049.562293465199 2485.908471494526 0
5398 3043.820728120363 2481.566503316219 0
5399 3037.159174811734 2483.229504574645 0
5400 3038.83508690221 2477.222508038123 0
5401 3032.959486677512 2479.564101918849 0
5402 3032.507048812762 2473.211336331781 0
5403 3040.052092456583 2470.428703603282 0
5404 3034.478011601359 2466.341208877581 0
5405 3027.881172536431 2468.300564644269 0
5406 3029.400631359735 2462.173952955414 0
5407 3022.790831607924 2464.878787189141 0
5408 3024.194353843603 2458.549433768305 0
5409 3018.037109068009 2460.99486778152 0
5410 3019.425825626503 2454.507136754453 0
5411 3013.923186222904 2456.573169871436 0
5412 3014.727198651458 2450.33354374072 0
5413 3008.6844396007 2452.936833052732 0
5414 3030.757219748324 2455.558109289324 0
5415 2859.406720480672 252.6377193765929 0
5416 2946.263075524452 203.0773392726687 0
5417 3627.426712615915 2627.537846884287 0
5418 3644.4848004008 2632.111433446831 0
5419 2745.775218499066 2280.799204883712 0
5420 2395.797935771943 2404.191629366739 0
5421 2898.6181899373 2494.623215189599 0
5422 2656.067890720791 2557.008850836192 0
5423 2384.02932009918 2708.585783930571 0
5424 2779.026201475369 2426.716640703066 0
5425 3331.43590127829 2524.530448709093 0
5426 3336.77780291359 2521.605400932595 0
5427 3330.782089278488 2518.374210617942 0
5428 3336.550692758388 2515.807712521722 0
5429 3398.267875286852 2404.51374380736 0
5430 3614.547153884517 2458.6321569407 0
5431 3611.942385819099 2392.289338135283 0
5432 2982.201007296346 2551.100325115956 0
5433 2988.696353458881 2550.070671603031 0
5434 2976.03591413324 2553.521901469692 0
5435 3611.234697652957 2561.562761214647 0
5436 3603.967625070294 2561.843755138079 0
5437 3658.699960821335 2457.253375928106 0
5438 3602.899724269799 2549.547828899601 0
5439 3607.94139631748 2567.547625066357 0
5440 3266.55567676603 2317.143062424462 0
5441 2358.846419755769 3284.708666211508 0
5442 2339.640188082484 2567.025330676765 0
5443 2925.851609997462 1989.968794977114 0
5444 5542.291303016131 201.0018781479503 0
5445 5455.914830307914 250.1669796915944 0
5446 2251.453689656478 2768.333610200239 0
5447 3697.54912377751 2226.464342900909 0
5448 2369.76786442993 2865.328523594124 0
5449 2159.730259681762 2231.00618530588 0
5450 2191.974275906275 2263.687310524279 0
5451 2113.63495680283 2339.105444625036 0
5452 2111.822059042693 2403.045320236914 0
5453 2085.703477929616 2430.023890314464 0
5454 3052.002636593505 2513.407981849296 0
5455 2861.958954491724 1702.078293474236 0
5456 2765.97879301391 1738.475461812077 0
5457 2147.14730807129 2550.501501226938 0
5458 3813.032097125033 2562.75433350114 0
5459 2444.088881442152 2551.87923101728 0
5460 2728.290794840997 2459.448537488566 0
5461 2723.536042317407 2464.371618754156 0
5462 2721.762906455283 2457.790514516767 0
5463 2778.60783656554 2441.52458427041 0
5464 3296.358976686935 2591.736197201987 0
5465 3566.236003164714 2545.317835480887 0
5466 2946.57610517183 2687.165213864079 0
5467 2328.354515608018 2509.589381350689 0
5468 5723.910999494834 2049.80702816671 0
5469 2679.388835580066 2569.56217814651 0
5470 2683.802178497589 2576.781479901661 0
5471 3529.98130561315 2488.29491399788 0
5472 3538.16178564442 2483.811868413819 0
5473 3536.803387415045 2490.968770916106 0
5474 3537.431677723919 2475.918479560933 0
5475 2357.388142807198 2463.765323127438 0
5476 2384.254816523538 2631.435327761179 0
5477 3551.103074415894 2429.756456980031 0
5478 232.7145608515457 1689.849030763816 0
5479 236.5302416889845 1794.56134894281 0
5480 320.3825581569295 1841.157251931433 0
5481 233.1544361723641 1890.210814532518 0
5482 2643.099549311457 2521.917000028967 0
5483 2459.447787418414 2435.052438997378 0
5484 2469.787377129323 2440.416647861648 0
5485 2468.217021367674 2429.98825057779 0
5486 2955.994366377377 2534.390028255845 0
5487 2383.515055437166 2551.700579037456 0
5488 2377.321533131106 2549.718659845467 0
5489 3911.095279481967 2748.65667264834 0
5490 3228.122615607194 2504.45609448902 0
5491 3235.181470287576 2503.924632815929 0
5492 3335.65225644357 2391.042445158782 0
5493 3323.742814094277 2399.554831903562 0
5494 3456.06931754992 3207.706603308578 0
5495 3409.739003544047 3287.764136678577 0
5496 3324.444631860994 3292.897265289831 0
5497 2733.801836148555 2634.014318909021 0
5498 2673.025166472777 2427.971977421205 0
5499 2687.894323303371 2549.648372511377 0
5500 2666.404192940098 2354.416852579736 0
5501 4526.57484824351 4753.861988519978 0
5502 3576.562963562539 2652.64387103891 0
5503 3572.444898978631 2634.447957479677 0
5504 231.7253031844948 2289.182787944042 0
5505 2992.218593044962 2392.169585299818 0
5506 2348.422952818276 2473.812333305925 0
5507 3237.622534745987 2515.919905784612 0
5508 2323.458820379424 2515.64129443254 0
5509 2735.57829837233 2533.458674007883 0
5510 2543.605252047354 2645.365066659277 0
5511 2556.050048824076 2666.198818036457 0
5512 2525.39181079938 2692.282685627543 0
5513 4674.643867361694 2985.265379508049 0
5514 2113.050275181854 2192.731847584575 0
5515 3624.740067950859 2466.660217151312 0
5516 3084.856782948559 2448.472181162621 0
5517 3026.133807622859 2402.998965646822 0
5518 3478.375854389149 2625.988458051654 0
5519 3637.369648806572 2603.144077640495 0
5520 3715.473613119142 2555.439622699367 0
5521 3706.439704472655 2539.429801315199 0
5522 3698.036873725759 2553.631658003619 0
5523 2695.824819806906 2600.313443753546 0
5524 3239.571719887852 2507.730652116781 0
5525 2728.589568225681 2592.12899590766 0
5526 2510.086206927492 2483.346792560684 0
5527 3559.210634948954 2645.995485617035 0
5528 2876.356213763511 2409.587959748719 0
5529 2892.308859371423 2405.182467677543 0
5530 2947.978329969808 2466.679304017726 0
5531 2944.744357324169 2472.541311092058 0
5532 5026.727759330535 2562.262952293075 0
5533 3280.625112153415 2563.514694197677 0
5534 3275.289481393845 2558.346428137289 0
5535 3276.457284538089 2551.295232593062 0
5536 3270.115550749676 2553.236165063212 0
5537 3273.935172405188 2565.862780515082 0
5538 2984.458392239472 2451.999602769162 0
5539 2978.872284913461 2449.012920227074 0
5540 2988.6853297421 2455.22354407594 0
5541 2898.494216118016 2471.842859126295 0
5542 2900.073997938428 2461.740086239394 0
5543 3013.235584254729 2461.692346852624 0
5544 2167.881968328693 2616.656932392392 0
5545 2432.001216337463 2465.472245380779 0
5546 2425.168666784729 2468.085126955344 0
5547 2425.729402602019 2473.663445089968 0
5548 3235.139932320831 2521.175365110315 0
5549 3241.26460798385 2519.583089937205 0
5550 3602.642592224145 2623.811653230558 0
5551 2930.73431144321 2577.323280792889 0
5552 2967.098057620462 2457.120430010513 0
5553 2971.441439017904 2453.883466916284 0
5554 2460.672894698295 2606.856025691955 0
5555 3688.572221670184 2540.512054388551 0
5556 3680.836316077446 2553.911763286405 0
5557 2980.835626631375 2595.524049413776 0
5558 2685.688024591879 2545.519925576762 0
5559 3640.745434411924 2536.493607014957 0
5560 3635.850238940216 2529.150177854668 0
5561 3639.693440445523 2522.774249188627 0
5562 3632.922161158038 2523.204597393883 0
5563 3635.577132428611 2517.850279851116 0
5564 3629.973837100707 2530.457941903069 0
5565 3642.036313047272 2516.386696863195 0
5566 3637.470181761529 2512.268589197764 0
5567 2744.628994192431 2354.610488097107 0
5568 2318.268692970165 2483.22357803609 0
5569 2313.221524671962 2489.552358322163 0
5570 2912.779458361156 2539.659464652839 0
5571 2909.54861158568 2550.114073890338 0
5572 2901.446215201767 2542.302672062129 0
5573 3258.19588214766 2551.541326711643 0
5574 5544.554300902889 1791.045937110017 0
5575 3004.43986715615 2588.589618532115 0
5576 2680.08826710466 2544.783046271368 0
5577 2780.733240976516 2410.531273570302 0
5578 1277.242984865101 1305.822678356798 0
5579 1181.661853988333 1247.005183611829 0
5580 1369.519689216214 1354.801761840296 0
5581 2918.983010232654 2557.425714126779 0
5582 2907.005248494906 2561.621134625217 0
5583 3511.526468620519 2878.594586236074 0
5584 3314.132647002851 1682.020266195091 0
5585 2664.262679309277 2545.124206811277 0
5586 2268.807128707131 2533.2121099609 0
5587 2427.997412642135 2530.18886447901 0
5588 2426.01946882125 2539.006010413992 0
5589 3214.300948742738 2446.29908551371 0
5590 3207.169696378024 2438.317998379351 0
5591 3202.819275764591 2448.317604462976 0
5592 3049.802642380325 2321.897388878651 0
5593 3053.364676127172 2297.540737688508 0
5594 3075.041353512405 2310.793716687221 0
5595 3076.917442383325 2284.994783520634 0
5596 3100.77610496732 2299.970999541624 0
5597 3028.580004077567 2282.574608916297 0
5598 2803.888189470406 2446.353772425196 0
5599 2803.229906152656 2462.574043000019 0
5600 5719.494227518502 1954.215453061629 0
5601 2347.433580182698 2527.219505154645 0
5602 2349.596352165043 2533.076878382255 0
5603 2352.9846038972 2529.164437156581 0
5604 2688.527066095123 2592.356511932347 0
5605 3100.384687095806 2525.90500777335 0
5606 2053.68379553928 3014.281337682348 0
5607 3041.564053262333 2463.548944560737 0
5608 2977.012368096257 2548.560297670056 0
5609 2635.488788477446 2468.835399074351 0
5610 2640.474851867461 2474.35307603829 0
5611 2639.252506249067 2480.800642370226 0
5612 2645.009017430149 2479.215874703358 0
5613 2643.245616927311 2484.45085243887 0
5614 2638.571354698957 2486.549766456587 0
5615 2361.068236430797 2459.373044085301 0
5616 4944.811696455825 2708.727504013815 0
5617 4948.644626806145 2805.41587119247 0
5618 2657.832321203402 2539.254695434942 0
5619 2678.684804998852 2195.311910600078 0
5620 2622.898159172251 2523.21710372157 0
5621 3327.464256256136 2413.250894752461 0
5622 3328.136160668023 2424.20288900071 0
5623 2292.978286027711 2392.978260272001 0
5624 2290.046939474746 2373.995760289326 0
5625 3283.715175585398 2730.217147627329 0
5626 3055.144474661366 2571.875442474607 0
5627 3127.675625853298 2112.191117152746 0
5628 5814.374889964458 3802.434460456412 0
5629 2545.467589804271 2566.40046319981 0
5630 2253.438498476614 2532.783691188176 0
5631 2405.482294769272 2546.561198865609 0
5632 2412.031645340649 2545.178851659256 0
5633 3240.335662133763 2323.30257307862 0
5634 3215.101013866545 2334.219861448609 0
5635 2088.116436998578 2534.668274521849 0
5636 3395.101022327292 2533.643087474766 0
5637 3404.006591617876 2545.958723318908 0
5638 3420.437007469814 2543.864735195365 0
5639 3676.375548849571 2194.72843278717 0
5640 3644.026472043349 2162.487790948667 0
5641 3096.976738003855 2439.366765114532 0
5642 3079.391600453172 2431.928370584548 0
5643 4343.962847591729 2302.094530840473 0
5644 2200.874196012032 3149.375674967012 0
5645 2227.037138821595 3219.20538447824 0
5646 2081.361880224135 3090.415309263135 0
5647 2443.732162592848 2496.207626525936 0
5648 2438.072384624039 2493.337905638827 0
5649 3630.233612238997 2400.265270340358 0
5650 2978.145149027906 2565.516793124728 0
5651 226.5015688576605 2687.693562886144 0
5652 222.6279416410694 2797.290533298923 0
5653 2479.763584756388 2525.296772970839 0
5654 3334.634169806811 1998.996534819391 0
5655 3290.217969038633 1970.366682323811 0
5656 3272.090717145538 2547.032351678847 0
5657 2968.062562912949 2349.192232511768 0
5658 1989.190228508209 2618.553807098348 0
5659 3188.57483608922 2348.266785692884 0
5660 3277.630494996279 2545.653192873626 0
5661 2179.069600523842 2303.818227577412 0
5662 2343.401294949423 2514.644278095136 0
5663 2941.526739386068 2502.835921770362 0
5664 2939.31183478659 2507.748656743052 0
5665 2640.195765296025 3306.411893075297 0
5666 2727.725349796406 3303.045688111353 0
5667 3293.21003357025 2307.473632034609 0
5668 3298.822454053788 2282.65015131919 0
5669 5738.553809232299 4349.760436258165 0
5670 5737.917166401025 4249.762462849174 0
5671 3010.003758281608 2446.370418474407 0
5672 2486.948004233747 2716.222268584303 0
5673 1514.419768971968 2956.139641484597 0
5674 1519.655401785017 2856.019117708737 0
5675 1504.287633283089 3069.483008515843 0
5676 2432.172283519993 2509.959988015809 0
5677 2432.065105553622 2504.319010738328 0
5678 2443.522350327 2479.100417887168 0
5679 2436.52889575583 2482.603815087514 0
5680 3184.557178834625 2504.933466733819 0
5681 3174.00068303417 2505.921640340115 0
5682 3182.885053480915 2489.04196920386 0
5683 2701.257322525586 2260.857154481735 0
5684 5451.647105566723 155.8470545922855 0
5685 3022.641401724474 2470.484194870696 0
5686 2890.606899259198 2516.106200782667 0
5687 2882.308999706645 2506.742617681727 0
5688 3013.37746587957 2215.201562036383 0
5689 2978.097707366913 2197.995857289964 0
5690 4338.547116698433 2499.793801857987 0
5691 3498.62727693739 2527.774572857339 0
5692 3498.605528227618 2538.434630295344 0
5693 3508.127149314151 2542.756789088137 0
5694 3498.638368186237 2515.666272646464 0
5695 2954.044224179106 2546.725588968349 0
5696 2720.712879580626 2544.283796316954 0
5697 2958.126208947498 2433.683161209951 0
5698 2951.897513026005 2437.862030150206 0
5699 3702.850528272609 3102.774008304264 0
5700 2325.309468200806 2464.490819211759 0
5701 3198.597454635133 2528.768612480334 0
5702 2345.76141855083 2370.056520249206 0
5703 2731.307817365261 2529.456869373222 0
5704 2648.613124941145 2530.340480838336 0
5705 3305.813093676 2587.343010154518 0
5706 3305.023288816826 2598.457581575669 0
5707 3314.977025118702 2593.539996144978 0
5708 1024.274484370448 1150.427176964371 0
5709 933.6120286208584 1102.110464969015 0
5710 4856.08960573894 2767.6021082343 0
5711 2249.828554781213 203.7070427466133 0
5712 2639.987275960884 2366.540612562518 0
5713 3890.571146738405 2123.381540049477 0
5714 2252.3140643191 2817.495090844682 0
5715 343.5749441622775 750.8512438370772 0
5716 247.7458785349327 689.2576365710436 0
5717 2715.865627546559 2540.240650658095 0
5718 2716.937434093952 2535.033475351649 0
5719 2980.040009621734 2382.451777358312 0
5720 3686.367560658933 3182.521320645737 0
5721 3413.113295457162 2558.995417024889 0
5722 3392.102878907824 2562.501475077581 0
5723 3608.290472166839 2542.281139324731 0
5724 3610.336836643827 2538.07420336928 0
5725 3418.103974589125 2906.134007300353 0
5726 2397.497240129107 2420.480630570033 0
5727 2403.818473632299 2414.000138886896 0
5728 3261.044684620697 2539.19128745266 0
5729 2800.246830735998 2390.567375059421 0
5730 2082.828067860498 186.283197072657 0
5731 3034.363944438229 2571.507996560808 0
5732 2640.209246591095 2525.84288191333 0
5733 2425.341432480815 200.5397168020349 0
5734 2515.5524085951 155.7916788834636 0
5735 2626.567021806541 2894.780767365195 0
5736 2568.683282774984 2877.484657630307 0
5737 2530.008527422964 2922.089158894154 0
5738 2682.778865966576 2889.819288180176 0
5739 2717.281071897236 2932.681051476349 0
5740 2489.562180983573 2611.184491846175 0
5741 2509.649466580234 2603.979048269611 0
5742 3526.307145158981 2718.963414970077 0
5743 3492.181754732474 2712.729857138097 0
5744 5202.719117914741 2257.199483868414 0
5745 2735.831892995981 2506.251286062766 0
5746 2731.100886206385 2510.116827815812 0
5747 2633.075678008419 2483.024320197935 0
5748 3363.597890764926 2377.600529452283 0
5749 2672.73978118165 2704.466213086733 0
5750 2696.750771842183 2692.885313740989 0
5751 1899.638805743261 2671.146105215057 0
5752 3531.840349863839 2493.910298055008 0
5753 3537.19874257521 2497.189352091813 0
5754 5802.370205355666 1350.000000000344 0
5755 5802.370205355643 1750.000000000332 0
5756 5812.795492087753 561.0924734587632 0
5757 5807.684864489621 945.9232493240675 0
5758 5811.211304019602 253.2635129543328 0
5759 2590.771569288776 2515.085856614379 0
5760 2589.461057752796 2526.081224920388 0
5761 2582.905969587286 2546.282755293654 0
5762 3411.233388332545 2685.161716109785 0
5763 2728.556384635827 2478.117390738823 0
5764 3653.624139257659 2649.663369747615 0
5765 5283.83840222403 2010.721707168331 0
5766 5383.359386605774 1949.009060951681 0
5767 5199.143041503396 2066.325402749867 0
5768 2974.490969305165 2716.209909327173 0
5769 1947.496721812886 2427.441551054154 0
5770 1895.852016619652 2386.146512498991 0
5771 1907.237435532315 2306.695275297185 0
5772 1838.1485425751 2338.225717190491 0
5773 1841.926746313587 2260.980015089572 0
5774 1771.481697802427 2291.57104721673 0
5775 1781.152386325646 2206.444010727733 0
5776 2338.668398429977 2506.86017358938 0
5777 2333.53583878481 2504.014187692201 0
5778 2477.811875436804 2512.959191131673 0
5779 2486.783277831077 2504.609404653334 0
5780 4859.502956749939 187.0382690414558 0
5781 4936.344801571313 250.0000000002874 0
5782 3378.196128916509 2949.947654520759 0
5783 2383.197621622801 2450.379032339506 0
5784 2944.496229484647 2314.046049351991 0
5785 2337.726128539564 2461.042150022922 0
5786 2698.358558486019 2588.796382937077 0
5787 2445.837676090467 2431.51856946062 0
5788 1941.695315236792 2752.990909433667 0
5789 1893.515294455427 2515.571658132342 0
5790 3501.739167021958 2360.351249663334 0
5791 3543.551385791223 2479.102949694555 0
5792 3543.495405382812 2473.023773506393 0
5793 3134.127434414004 2702.791511801891 0
5794 2112.470510781397 2565.188240705257 0
5795 3244.165849048261 2485.545755592036 0
5796 140.4785027679154 2240.472970011711 0
5797 3588.947168687466 2453.047927446126 0
5798 2985.925740805336 2576.403509399082 0
5799 1335.644767688562 3061.787374673383 0
5800 889.5076552646115 2917.482467539261 0
5801 970.6793449036848 2970.343413002297 0
5802 3314.768007195848 2672.814166204124 0
5803 2559.634384154318 2256.905931334906 0
5804 3730.358154611369 2502.791163933912 0
5805 2910.554391830014 2495.906193251923 0
5806 2667.165096237534 2563.498172662578 0
5807 3982.910210290724 1915.658924533424 0
5808 3557.733310126483 2412.118503721112 0
5809 2653.631201569721 2549.677347041949 0
5810 2402.354682589497 2568.521712479103 0
5811 2395.465768510144 2571.67930392352 0
5812 3699.836768872574 2326.795413241326 0
5813 3360.793937408589 2700.656924174263 0
5814 3461.676643302663 1923.769704469554 0
5815 3629.875222460969 2518.883179648715 0
5816 2554.139798417362 2403.410516042097 0
5817 3111.139284485439 2621.095650464852 0
5818 3491.099032811934 2492.167078821168 0
5819 3484.290638550341 2505.114334976702 0
5820 3496.320028679411 2478.846193083277 0
5821 2971.682176935952 2548.711312989573 0
5822 3104.419502334645 2496.458157090074 0
5823 3380.257939018251 2441.492482244671 0
5824 3225.639038449655 2561.311983768506 0
5825 3219.34867208966 2571.080929300868 0
5826 3227.707560190277 2582.424065035711 0
5827 3215.193488926899 2586.645267599638 0
5828 3396.048153671195 2102.493023700205 0
5829 5370.626492043553 207.6630958992382 0
5830 3531.173070041941 2431.750474017751 0
5831 2730.284516137932 2514.708136153547 0
5832 3702.66464874864 2464.435733476923 0
5833 2599.778292425989 2533.917477165447 0
5834 3583.468284793331 2452.635392245553 0
5835 3579.436084319103 2447.900963960499 0
5836 3398.316180216585 1973.559233286357 0
5837 3591.527465657457 2932.12202690539 0
5838 2430.45294516308 2476.76096556933 0
5839 2941.986749182332 2437.998211370356 0
5840 3341.883259567661 2519.052614818534 0
5841 2717.384806491744 2461.681581322891 0
5842 2718.580768147309 2467.038578574597 0
5843 2722.10417413174 2469.26422442376 0
5844 2419.219167061451 2583.812682500658 0
5845 2602.666577144246 2639.885710156458 0
5846 2646.994983471388 2473.288741583523 0
5847 5802.370205355654 1650.000000000332 0
5848 5814.464070467451 440.4921656072797 0
5849 5802.143588820198 1466.66666666689 0
5850 2283.724201769412 2532.786049295297 0
5851 3377.501718773632 2720.911481321659 0
5852 3332.096976967089 2713.413145421711 0
5853 2389.337557419532 2452.544787265281 0
5854 2998.844081659529 2438.308358093533 0
5855 3679.085695293998 2576.030211666388 0
5856 2900.418677546676 2212.415390310453 0
5857 3581.618950458984 2675.006215218184 0
5858 1706.830103299647 2244.346035277006 0
5859 1710.89997752901 2148.722049979543 0
5860 1633.42518834836 2189.936479186643 0
5861 1525.633153327652 2238.977751654916 0
5862 1556.575789092929 2126.537032874486 0
5863 2932.916420331219 2617.031797018222 0
5864 2429.294204288138 2524.70061090493 0
5865 2434.552855406903 2521.633388701481 0
5866 2429.765290571177 2518.945282255869 0
5867 2951.086337431491 2530.262043112481 0
5868 3626.934018923035 2343.832639669911 0
5869 2642.577935628953 2468.527044185311 0
5870 4417.306230414947 3043.27886304382 0
5871 4504.320488572546 3091.992788690257 0
5872 3290.910128596013 2548.039897256872 0
5873 3281.935738002755 2549.02749457771 0
5874 2653.802697500032 2342.713604372928 0
5875 716.1196894102427 2913.185255168286 0
5876 550.9123360535664 2999.118500708297 0
5877 2378.106545654962 2244.639789291436 0
5878 2402.427915240909 2214.231748857159 0
5879 2936.219049673623 2490.813078651213 0
5880 3482.634378922928 2347.632004091909 0
5881 3480.858658045115 2323.329725286642 0
5882 2331.583752577178 1827.338651329491 0
5883 2341.321507179109 1742.262139131195 0
5884 2271.779899205341 1693.553842109077 0
5885 3273.832672500319 2541.866444540703 0
5886 3050.695240271917 2479.016341907687 0
5887 2266.469821563271 2576.973374796037 0
5888 3365.094469393881 2601.630877260036 0
5889 3377.302350642889 2589.711476609031 0
5890 3403.85404949266 2594.167653997917 0
5891 3174.742226292675 2421.383393655781 0
5892 3015.21180027216 2443.581849517862 0
5893 2547.070842777363 2336.756430845348 0
5894 2630.19068298229 2698.989686226849 0
5895 2604.658979242573 2708.899609994417 0
5896 2585.519435181542 2690.726864912568 0
5897 2251.138790117708 2564.74525482055 0
5898 2421.736578198092 2535.665266271087 0
5899 2864.083998563933 2718.081281188757 0
5900 2843.682345600751 2692.805683477641 0
5901 2273.037787061314 2452.549655975949 0
5902 2288.919122738815 2444.987180480259 0
5903 2993.625478016156 2554.926280855581 0
5904 2994.782461790764 2548.623985244186 0
5905 2989.780365448159 2545.273752115844 0
5906 2481.329311023315 2537.995795473823 0
5907 1992.814532221841 3074.595897078533 0
5908 2353.634865132729 2613.947694915863 0
5909 2351.430441445495 2630.54528884696 0
5910 2972.688763520418 2447.579148216658 0
5911 2413.984884956864 2422.29825821153 0
5912 2424.959224617582 2417.831073419954 0
5913 3128.383344824321 2457.058843613591 0
5914 1924.517251634767 2936.1494460089 0
5915 3264.0566029433 2542.849839753766 0
5916 2740.255340283436 2574.659243966368 0
5917 3623.095330112681 2449.004961350839 0
5918 3025.795743515328 2446.363763239338 0
5919 3332.101531774595 2512.515080640709 0
5920 3336.640972730233 2510.327288019408 0
5921 2670.46553186061 2544.967726372155 0
5922 2667.361291894961 2540.25094467432 0
5923 1769.476658573429 2364.658352459807 0
5924 3322.976445411145 2534.203753939977 0
5925 3318.169235056715 2537.358062886912 0
5926 2655.355330919071 1933.512359135956 0
5927 2737.986370585501 1897.832583532115 0
5928 3328.773458392383 2552.963322497907 0
5929 2440.428047991712 2525.438119112271 0
5930 2373.888960103121 2577.443902066079 0
5931 2884.402222807924 2993.08369172641 0
5932 2927.56052209571 2937.768048201521 0
5933 2988.743037915217 2941.297348734279 0
5934 3027.055181579849 2988.289974472233 0
5935 3051.522460919115 2924.556841395822 0
5936 3004.746641070959 2884.413720097009 0
5937 2837.74240133089 2937.742926049636 0
5938 2398.423907901199 2549.762524926684 0
5939 2392.582377662153 2552.128130427808 0
5940 3216.225208878324 2993.145122821856 0
5941 3181.776524935737 2936.237284017522 0
5942 3241.012286401919 2933.809523159775 0
5943 3313.754652908458 2455.125696240368 0
5944 3319.974563306517 2455.864554269036 0
5945 3325.754292648464 2450.413093717614 0
5946 3327.139695026925 2457.688442761308 0
5947 3322.507577610322 2462.360950479089 0
5948 3329.00739324679 2464.097623228467 0
5949 3334.108404117124 2459.894275929658 0
5950 3335.486102306844 2466.455277921318 0
5951 3329.711634722006 2471.127558076989 0
5952 3336.613869565574 2472.946437581289 0
5953 3331.874095157039 2477.391438975742 0
5954 3338.120891108029 2480.545695942874 0
5955 3343.424184873514 2475.325749345158 0
5956 3332.492363608055 2483.587106743148 0
5957 3327.873710111209 2481.478967361281 0
5958 3517.333535413534 2579.091868741333 0
5959 3572.262070630533 2547.972244247221 0
5960 3578.321091878142 2549.664548594477 0
5961 3576.621854215542 2544.70798735983 0
5962 3360.634321100708 2279.324308046735 0
5963 3333.020830811602 2257.279625286114 0
5964 3560.059333289153 2543.831283335609 0
5965 3564.118911537731 2540.307070390273 0
5966 3559.72923019478 2538.742322278632 0
5967 3010.703605266947 2544.32272969624 0
5968 3004.347568718319 2545.838995275964 0
5969 3003.197322425758 2552.648572251555 0
5970 3630.447821837263 2473.827823540002 0
5971 2632.033419792223 2506.328540727363 0
5972 3252.224654875427 2398.693883543414 0
5973 3025.488890925894 2539.915035808517 0
5974 3020.716757481378 2535.705559728725 0
5975 3015.408082128303 2537.009058819152 0
5976 2587.525147684595 2489.808880457103 0
5977 2596.536383892464 2482.049543159378 0
5978 2597.304236076083 2469.857159205047 0
5979 2586.87292132961 2463.880203762808 0
5980 2597.156277290245 2460.641998224336 0
5981 2592.491465788141 2450.882438868299 0
5982 2591.653587859858 2502.84767882088 0
5983 2693.314045571375 2554.576532135969 0
5984 2693.806490354308 2548.689325393924 0
5985 2700.979375445739 2547.708485853066 0
5986 2960.729585175088 2547.262577010534 0
5987 3036.022407370239 2492.272094734515 0
5988 3035.184306016291 2497.380718684853 0
5989 3031.862336147949 2493.897688969445 0
5990 2597.638811322144 2435.160015188334 0
5991 3480.617148116945 4360.049156541717 0
5992 3633.337729361241 2478.040049212058 0
5993 3631.91602426483 2485.033304069335 0
5994 3344.266040572345 2481.728435326274 0
5995 2419.417596298112 2527.268871597896 0
5996 3324.700899368613 2518.391609924215 0
5997 3564.103622739128 2465.499535310133 0
5998 3563.859391547827 2460.52950220199 0
5999 3568.640808668464 2457.787357603576 0
6000 3559.462085886929 2463.752398968776 0
6001 3555.278653510852 2467.116596385379 0
6002 3558.93185998997 2458.660670601379 0
6003 3554.645275652753 2462.098828132019 0
6004 3550.594768605899 2465.528917374531 0
6005 3563.929399025877 2455.476382761512 0
6006 3558.728010345055 2453.128392107918 0
6007 3549.46136392462 2460.416549128188 0
6008 3551.582282797369 2470.390835639611 0
6009 2400.810960255046 2539.21417834368 0
6010 2948.043535547734 2513.393664898013 0
6011 3301.030002302285 2539.357296210363 0
6012 3305.168719065514 2543.105295122009 0
6013 3309.767253933475 2540.620821486113 0
6014 3300.477932075435 2544.468584584961 0
6015 3548.053414694272 2512.938254193925 0
6016 3543.222208363009 2511.605048845423 0
6017 3541.88188504743 2506.918852824989 0
6018 3538.367133032596 2510.627604732684 0
6019 3539.710863793273 2515.213490242386 0
6020 3534.305395564145 2514.020232714914 0
6021 3537.177569040882 2505.898759336799 0
6022 3540.272456645027 2502.275594349282 0
6023 3252.931753059004 2523.713376433541 0
6024 3249.932159112714 2519.376104320349 0
6025 3247.778475645458 2524.626578439689 0
6026 2705.993831665839 2462.849555682224 0
6027 2711.560421615112 2460.554439778595 0
6028 2706.337144214363 2458.134710516421 0
6029 3305.764342995862 2463.000957817171 0
6030 2373.771217565306 2460.677795940283 0
6031 2369.548568843455 2457.718445744548 0
6032 2373.831052322493 2455.440795261837 0
6033 2369.773697398015 2452.808550450048 0
6034 2365.094311668406 2455.392623887667 0
6035 2365.414819811054 2448.749575478756 0
6036 2974.375872418787 2460.932223336427 0
6037 3274.247796597353 2460.571925224477 0
6038 3275.617959123444 2455.655619751085 0
6039 3270.615658506088 2457.170992489464 0
6040 3573.90086885407 2460.184562039232 0
6041 3573.31769438376 2455.054835065176 0
6042 2728.992180778975 2497.113800594079 0
6043 3549.139713256635 2481.301148554448 0
6044 2953.06759823786 2476.910555623032 0
6045 3300.719959620985 2460.98482603338 0
6046 3300.183087480492 2456.024104741551 0
6047 3294.38744553927 2454.227377146685 0
6048 2350.006466644192 2481.996761771478 0
6049 2679.119258397587 2459.17561389743 0
6050 2675.303533126526 2455.704301400785 0
6051 2670.315291231815 2457.289120971249 0
6052 2681.393517135803 2454.815084532358 0
6053 2722.83747065748 2523.507892726831 0
6054 2723.520283421811 2528.313088474053 0
6055 2727.336645677004 2522.280455053936 0
6056 3022.115981849277 2523.031234836893 0
6057 3027.258083659671 2522.954340303374 0
6058 3029.292053799207 2518.04557504031 0
6059 3024.627599160929 2527.077977722062 0
6060 3031.95360900428 2522.87848527062 0
6061 2418.328768074953 2472.29439405442 0
6062 3556.323340512589 2528.014383492628 0
6063 3552.609863122251 2524.063404355208 0
6064 3547.395828207491 2523.226197914385 0
6065 3551.965493611944 2529.471939927428 0
6066 3545.687941648591 2528.031573960607 0
6067 3545.041813007865 2519.324196621957 0
6068 3542.562027448778 2523.164625309696 0
6069 3536.299316632164 2521.161329789552 0
6070 3540.482721507091 2528.209784855888 0
6071 3618.451010151118 2472.24080857489 0
6072 3621.581800927986 2476.461828971484 0
6073 2646.089968946628 2497.308651677272 0
6074 2642.120322494199 2494.522945374273 0
6075 2641.688169251017 2499.882637073874 0
6076 2690.250022198159 2457.661061773448 0
6077 2693.804265645183 2454.369518316338 0
6078 3245.963981564155 2497.179116145498 0
6079 3241.984074519987 2494.007714730555 0
6080 3241.492995371631 2498.859061018597 0
6081 3237.310393977966 2495.805005940188 0
6082 2405.193289648033 2462.197223599431 0
6083 2410.170895204561 2464.290263571957 0
6084 2415.490870001696 2463.282754821833 0
6085 2412.825204830665 2459.905742369256 0
6086 2416.938331821486 2458.468746134889 0
6087 2420.361336895675 2462.122578725677 0
6088 2364.869710092556 2465.43750307638 0
6089 2655.994007408578 2527.313725649602 0
6090 3318.827486277588 2472.526531889826 0
6091 3001.568959109247 2539.697705886411 0
6092 2646.124504029158 2508.120128529009 0
6093 2643.243351929229 2512.574447389273 0
6094 2379.529993433443 2540.85417460158 0
6095 2979.179225608426 2540.561136564521 0
6096 3628.975545898123 2508.167133980288 0
6097 2959.353566262494 2468.20787025465 0
6098 2953.762718766061 2467.761877481186 0
6099 3610.369500311587 2464.796161187021 0
6100 3329.304465117638 2496.722161667602 0
6101 3329.852545245433 2502.741530905227 0
6102 3333.016907772294 2493.568021879867 0
6103 3590.859323947842 2541.593745346235 0
6104 3587.322054347228 2545.961302110285 0
6105 3596.602645325798 2543.11853609683 0
6106 3000.837962909874 2460.696605766771 0
6107 2999.382040876555 2455.655619751085 0
6108 3004.890829164056 2457.497308661472 0
6109 3600.478817039771 2460.076640673414 0
6110 3599.745283857892 2455.37840508889 0
6111 2706.89912226564 2537.417691526408 0
6112 2704.701091603087 2543.452703359748 0
6113 2650.238014457851 2518.169378240876 0
6114 2950.129315149832 2518.429182301518 0
6115 2945.202863846449 2517.841492467824 0
6116 2947.485811915937 2522.979690083357 0
6117 2941.48962045524 2522.337863569081 0
6118 3024.644494611973 2481.383154383424 0
6119 3315.340184909249 2468.048229610476 0
6120 3315.013083415784 2463.047896719558 0
6121 2369.40042416805 2537.529179154814 0
6122 2370.442324379402 2542.729634975643 0
6123 2365.607765829776 2540.83604781729 0
6124 2366.633252729916 2546.011674633131 0
6125 2361.766956077704 2544.553623612106 0
6126 2360.922902001488 2539.565728535345 0
6127 2371.569949188643 2547.972845519914 0
6128 2968.613022334499 2537.617971280264 0
6129 2970.229819245713 2542.794947903194 0
6130 2395.55634321426 2459.354178768268 0
6131 2399.258109385655 2455.876131395027 0
6132 2393.277737130103 2450.037191588755 0
6133 3629.193873709547 2502.350404827957 0
6134 3633.515937254925 2499.447223360254 0
6135 3633.188589318386 2494.439014879294 0
6136 3633.622946326568 2504.556520300459 0
6137 3637.947222594456 2501.663602569242 0
6138 2426.915726580301 2486.257266810307 0
6139 2428.838872269434 2490.946477011904 0
6140 3284.142894675767 2458.47537040229 0
6141 3289.514516881214 2457.725418287558 0
6142 3289.519416576552 2452.375106592077 0
6143 3293.466291510171 2448.85034949302 0
6144 2660.026531889826 2531.327486277587 0
6145 3259.903810409543 2530.942990569689 0
6146 2695.808912704345 2540.36729987543 0
6147 2390.44649312464 2542.370717373013 0
6148 2386.729456666825 2546.727408730298 0
6149 2948.119356475913 2486.491426437528 0
6150 2945.272726049478 2482.279470578759 0
6151 2943.41352458046 2487.024238196856 0
6152 2940.106307688816 2482.957920991803 0
6153 2942.239212620887 2477.912782784831 0
6154 2934.318247605838 2484.438277702194 0
6155 2927.22003190852 2483.511899325404 0
6156 2411.05347971741 2534.582128159578 0
6157 2655.964397107854 2472.671078824893 0
6158 2659.095292194815 2468.14382246624 0
6159 2379.189862720238 2458.962180884126 0
6160 3028.671495867121 2507.662856247156 0
6161 3033.507150340316 2505.457458353781 0
6162 3032.872382036714 2510.355220738027 0
6163 3038.436575936714 2508.922722382397 0
6164 2728.310926148562 2492.143720703465 0
6165 2733.015126444421 2494.028222699626 0
6166 2733.167090979141 2499.045783286882 0
6167 2346.868501984995 2507.251273130126 0
6168 3246.880311896344 2508.276305837508 0
6169 3546.38197910006 2492.235379652635 0
6170 3542.533770735401 2488.762966173352 0
6171 3318.50407997716 2527.150163907076 0
6172 3323.233581616988 2528.140718858239 0
6173 3618.722169943987 2527.339839123469 0
6174 3620.18321406705 2532.199514301955 0
6175 3624.707072166825 2528.114840876717 0
6176 3625.437082134019 2533.228138416364 0
6177 3621.679487302265 2536.246045253546 0
6178 3616.141540819616 2536.605732321414 0
6179 2352.709145095689 2523.673441296714 0
6180 3357.796027542614 2473.188470837411 0
6181 3251.090529675903 2528.578876585828 0
6182 3555.385411963913 2532.484180261677 0
6183 3621.605940823418 2462.361693209657 0
6184 2943.018931869126 2512.036643221191 0
6185 2940.021350671517 2517.772455529173 0
6186 3028.760613215989 2512.600090183688 0
6187 2023.776048341064 2934.241575872274 0
6188 3540.211355656189 2564.082336865999 0
6189 3272.430791307464 2418.207933830211 0
6190 3268.439882916872 2462.357162082547 0
6191 3310.649371286309 2534.645482469173 0
6192 2700.893664898013 2460.543535547734 0
6193 2698.441075049926 2455.481053258162 0
6194 2365.74675461999 2390.983507717397 0
6195 2318.225278884956 2367.841352985669 0
6196 404.4575951777988 2991.870953678842 0
6197 305.1468226953875 2955.900457073207 0
6198 3285.134189352512 2389.633437776997 0
6199 3284.126451976004 2402.867969162374 0
6200 3334.22751955869 2498.312863443129 0
6201 3335.937779368506 2503.120317117838 0
6202 3496.157839394194 2503.620403431672 0
6203 902.5558591482022 2807.519936681895 0
6204 2174.036026328327 2751.13062308499 0
6205 2440.253735903536 2518.318167454489 0
6206 2641.926673213175 2504.596307318086 0
6207 3649.924703359658 2456.675219926482 0
6208 2415.326226662943 2572.605758415296 0
6209 2165.66123950617 2176.471214849879 0
6210 2126.817436515635 2137.511896696981 0
6211 3022.234734343776 2386.98667246892 0
6212 3013.124242468921 2397.952343986931 0
6213 3195.12865315512 2633.170886205881 0
6214 2354.530245442391 2534.107220836113 0
6215 2325.707671251914 2502.332306585602 0
6216 2693.535300780805 2665.320453970088 0
6217 3843.91736719244 2172.726892486449 0
6218 3902.57814245666 2182.491258132736 0
6219 3229.322410207828 2416.463969499748 0
6220 2555.445833727094 2586.318795735107 0
6221 2959.420766689113 2463.141549611821 0
6222 3469.304457743602 2509.278838832083 0
6223 3983.567428853377 206.8678107540209 0
6224 3899.973075603243 152.4595839899894 0
6225 3634.926740523685 4654.424713763352 0
6226 2346.632866991814 2491.871021825321 0
6227 2481.789610412165 2434.428172837075 0
6228 2199.489658293291 2819.875948963045 0
6229 2946.448427669518 2497.392739552913 0
6230 2329.331474570806 2622.324041998942 0
6231 3342.570545553619 2530.692238233203 0
6232 2600.366775050265 2493.836972177356 0
6233 3690.325141200993 2384.490900765231 0
6234 2493.384357590096 2547.609279885388 0
6235 3303.402316815075 2549.616847912205 0
6236 3247.200352137706 2475.35540428629 0
6237 2395.714855969265 2444.286526563668 0
6238 2178.682123710748 2681.921714106647 0
6239 2269.347368873729 2028.130641934944 0
6240 2442.565034211883 2485.909685140272 0
6241 2852.328924355992 4796.86098519002 0
6242 2323.671366035268 2528.757934454482 0
6243 3643.812902204368 2510.184820390903 0
6244 2396.698943919505 2614.830584003681 0
6245 3039.265651327909 2502.637410892626 0
6246 694.6104048286138 185.4929655076717 0
6247 606.2177826491184 249.9999999999941 0
6248 4333.573095946416 2587.911730385869 0
6249 2930.340840133245 2262.556154652582 0
6250 2274.091776601012 2508.796374175521 0
6251 3061.963234245342 2649.730349721269 0
6252 3601.477526889443 2447.761545626203 0
6253 3443.459300952527 3041.861012984089 0
6254 3568.56092293786 2411.092482088878 0
6255 3522.450564912187 2296.032171944181 0
6256 3323.921805107728 2472.052565989931 0
6257 2403.973349041685 2456.765889443617 0
6258 3280.782673774806 2453.879041202857 0
6259 3385.385043411891 2378.035786691233 0
6260 3380.4404355928 2572.40041261399 0
6261 3027.857911071708 2477.489402973799 0
6262 3498.510594391071 2548.919331875411 0
6263 3473.318470424363 4054.418145900996 0
6264 2714.396930100595 2574.687345390007 0
6265 2579.077351029596 2520.322881784133 0
6266 3254.588900577669 2532.594533465073 0
6267 3850.951545572324 2260.822910936939 0
6268 2364.286771405947 2534.925353844817 0
6269 184.6964388488859 3207.046671961523 0
6270 3589.869581219609 2567.326528083664 0
6271 3584.684720938067 2572.306625977232 0
6272 2999.054585067177 2544.525687345501 0
6273 2144.64539341497 2358.285123927065 0
6274 3287.476214288321 2446.915826427072 0
6275 2351.550674104796 2469.730023791528 0
6276 2346.114310437611 2497.269192819974 0
6277 3700.641910094085 2717.107063542666 0
6278 3732.308411089034 2713.817927923691 0
6279 3716.831125765585 2744.71454459703 0
6280 3752.299876492971 2742.173177480122 0
6281 3745.064773974844 2685.648551920429 0
6282 3280.709586547209 2258.250978680748 0
6283 2427.500608370386 1711.397981562227 0
6284 1900.088545662972 185.9125845294202 0
6285 2329.626443386954 2567.604288371526 0
6286 3635.06520242614 4851.634601893889 0
6287 2993.957257451029 2454.394790394466 0
6288 2394.570637145539 2546.20921432303 0
6289 3940.418296375317 2069.481002385594 0
6290 3686.543022244886 2605.894739517131 0
6291 2240.60703313633 2403.206467525128 0
6292 3566.318419075365 2348.171846655827 0
6293 3547.000437534399 2355.602322924738 0
6294 2344.815371911314 2482.909964236472 0
6295 2737.14454022041 2496.624156943502 0
6296 1727.965177125612 4831.737204838152 0
6297 1640.196990714279 4790.335796564137 0
6298 1547.694443409368 4848.211585175084 0
6299 1546.69832875072 4743.905629748633 0
6300 1805.783650582388 4881.669043857625 0
6301 3593.554706677675 3197.814377620149 0
6302 2381.508070237059 2545.96282931442 0
6303 2710.398470163935 2541.602349045522 0
6304 2709.232150675198 2545.50422981191 0
6305 164.8182333948694 725.5741827654128 0
6306 2981.369132621533 2420.968952873225 0
6307 2960.361158841081 2536.956172115379 0
6308 2966.189517167456 2541.245774454839 0
6309 2966.363380494245 2545.573823730496 0
6310 4314.703825364859 2104.820263905094 0
6311 2915.213679390974 2484.52109479305 0
6312 2873.466339046428 2645.791145124964 0
6313 3199.376517187515 2731.082011484596 0
6314 3485.899519688979 3118.797390480657 0
6315 3231.243188902199 2497.877011967735 0
6316 2496.362809145969 2492.858145052594 0
6317 3721.443910807961 4802.992949251328 0
6318 3830.664401598539 4839.842132213646 0
6319 3795.491076720295 4753.631425032303 0
6320 3569.070817698485 2537.37068485017 0
6321 3459.898279635513 202.6395808176449 0
6322 3545.924361279365 150.0653307960674 0
6323 3365.85294257548 164.1507929204313 0
6324 3645.013776768048 3955.132599257998 0
6325 3194.00692736557 2440.763866370035 0
6326 3255.841925151254 2472.117933819985 0
6327 2378.707049874574 2453.36785489267 0
6328 2374.158600684473 2450.451765916173 0
6329 4025.809367124066 2503.617058078417 0
6330 3974.065729741916 2519.439165594325 0
6331 3973.247548759934 2583.438963443194 0
6332 4029.039014533038 2626.454911149984 0
6333 4016.372359931898 2691.018172169569 0
6334 3351.176529879859 2516.887203072683 0
6335 3320.479559653515 2384.155288801969 0
6336 5654.817916673899 4800.302665463649 0
6337 5569.53655405924 4747.976199424689 0
6338 5738.789492569776 4850.256332947289 0
6339 3647.018721809511 2521.383127972957 0
6340 3267.138888042927 2407.419489392022 0
6341 2370.040111951967 3178.03614171648 0
6342 154.6138583355182 944.6856188980812 0
6343 2425.505175163789 2573.564535770003 0
6344 3531.935921048168 2471.696311318779 0
6345 3554.014639950727 1760.480432196283 0
6346 3191.505574172984 1948.368284704587 0
6347 2647.782284007356 2522.267205685508 0
6348 2969.545437402113 2555.630237460895 0
6349 2970.581968605755 2563.858317852239 0
6350 3568.96538101139 2452.828361696854 0
6351 3599.037886864884 2424.008417128244 0
6352 1463.952498433253 4806.148475942429 0
6353 1371.65298250156 4837.488537692599 0
6354 1380.747144497791 4737.260535659189 0
6355 1731.116021638616 202.2579814689561 0
6356 1645.25196947994 250.4464783986496 0
6357 1645.679258506183 152.4846805580901 0
6358 1560.223336191918 202.8646007506773 0
6359 2769.102175340111 2369.512658933186 0
6360 3674.236257253019 2257.684983089048 0
6361 2362.645685363089 2550.238003238125 0
6362 2693.139478249554 2410.578591839163 0
6363 2681.737817164461 2406.006662926133 0
6364 2899.443278172731 2433.1941415967 0
6365 2605.285279101964 2464.35636316423 0
6366 2719.481228191169 2447.269056899177 0
6367 3178.844570206245 2100.023172457924 0
6368 3243.186186499929 2511.233625991245 0
6369 3396.598126004398 4412.38408443637 0
6370 3563.571954937292 2534.949585637071 0
6371 3488.110084897 2465.811459472417 0
6372 3481.001751037404 2453.482205400915 0
6373 2432.006425502852 2486.932222702337 0
6374 2726.513913578105 2473.451087128886 0
6375 2950.603833340976 2472.278912914432 0
6376 3097.145879287962 2422.775225746281 0
6377 3083.868199494662 2415.250301634986 0
6378 3094.141524920282 2405.856948172213 0
6379 3080.329050938084 2400.726176412139 0
6380 3092.870058292737 2388.954292881619 0
6381 3108.140975271625 2396.135053568107 0
6382 2274.775625863472 2468.787479251324 0
6383 164.4746562219434 1121.247587455962 0
6384 2405.83152053402 2954.950680343755 0
6385 3352.896127609764 2658.998081332081 0
6386 3827.706274441184 2485.028353375228 0
6387 3831.302061496307 2452.053167211868 0
6388 3195.283158914138 2500.455415906866 0
6389 3003.567735524282 2448.694558574558 0
6390 2703.880756071901 2416.064987396367 0
6391 2650.001831752493 2481.462520079088 0
6392 4328.950600338431 2988.196765485485 0
6393 2589.425650160902 2663.834608940689 0
6394 3545.315470217146 2502.589799672489 0
6395 3635.197910582807 2418.839325865131 0
6396 2924.471822040921 2568.261382612364 0
6397 2676.091991152237 2380.410750597919 0
6398 2686.000974216891 2390.881650275643 0
6399 3233.080411868112 2490.367818129445 0
6400 3211.32551376642 2620.239437632002 0
6401 3211.377712699179 2602.614283827 0
6402 2396.029981677825 2383.05644528732 0
6403 2464.197550097328 2348.809411205452 0
6404 3707.473878356821 2447.815887736009 0
6405 2356.058155442762 2542.448479180467 0
6406 3051.516248297206 2702.62394166212 0
6407 3541.818582792811 2494.15309387082 0
6408 2558.149055756572 3303.684902646524 0
6409 2948.545918884623 2340.523919269867 0
6410 3265.188439030084 2548.138685398515 0
6411 3318.103427127142 2301.764721274586 0
6412 2887.11387002686 2542.507431709129 0
6413 3117.93590665378 2508.303716930528 0
6414 2805.503415175826 2592.360029025606 0
6415 2808.754331637962 2573.64056892083 0
6416 2812.555769547957 2556.005808953044 0
6417 2797.716848966041 2544.991465557437 0
6418 2794.121527247852 2528.289599619497 0
6419 2784.548608768693 2537.491376162719 0
6420 2783.24770465725 2523.068652815728 0
6421 3474.525029339115 4255.274052325633 0
6422 2321.281884592194 2608.524731743826 0
6423 2304.783041790613 2606.885152879778 0
6424 2292.343641317355 2622.041293075878 0
6425 3647.042778835536 2108.327390980814 0
6426 3564.224129655269 2578.957842841467 0
6427 2949.562255863227 2457.258085525089 0
6428 2242.680347388097 1955.518984716071 0
6429 2181.376882735885 2066.369676113953 0
6430 3389.007551204093 2545.399315217959 0
6431 2668.781252876257 2462.269834547226 0
6432 2664.428520029849 2460.545255580896 0
6433 2660.043645800652 2461.962084449034 0
6434 3138.83826334487 2055.403976122897 0
6435 3351.130029073086 2134.361036333726 0
6436 3350.08110972439 2477.62617835486 0
6437 3349.116395190747 2470.55584348884 0
6438 2984.212855240607 2458.148847196253 0
6439 2430.081124079024 2481.828454980033 0
6440 3632.238821383346 2513.562881878955 0
6441 2443.479368313034 2560.75696307556 0
6442 3438.577546926332 2573.996458960459 0
6443 1068.576433890424 2929.282164585731 0
6444 3628.417102057166 2492.202125318764 0
6445 3500.441433851528 2446.028158662063 0
6446 3510.890236119292 2441.578325684688 0
6447 3015.938388284355 2531.796316572056 0
6448 2979.341295681484 2634.18012053744 0
6449 2992.170734432899 2644.686794840352 0
6450 3327.423359326588 2487.021182960229 0
6451 3496.727645648597 2383.062971776367 0
6452 2416.015462800129 2536.354839674558 0
6453 5136.734968497351 4800.47263372051 0
6454 5221.495668762553 4753.06042308426 0
6455 5224.730787366347 4850.937905903006 0
6456 5310.595763270911 4800.336220598953 0
6457 5402.478922536571 4842.289258937884 0
6458 5394.618784447215 4746.913834731088 0
6459 4240.146906409392 2674.872730254497 0
6460 4314.290212931506 2718.979580374244 0
6461 4325.216725750057 2804.212659837809 0
6462 3626.080201451756 2437.982308348229 0
6463 2433.992192748212 2425.410335542862 0
6464 2434.926731740911 2413.408105881513 0
6465 2426.047750271206 2406.968327307379 0
6466 2375.70967944856 2544.419181107939 0
6467 3898.334552730524 1933.053703422788 0
6468 3829.678344837136 1897.214579679117 0
6469 3819.20704883791 1806.569589818333 0
6470 3730.763563992495 1754.623550983558 0
6471 3655.210515625635 1795.460664036852 0
6472 2345.44473868891 2203.05071809939 0
6473 3059.456610767904 2515.241363921451 0
6474 3460.247141440538 2424.221342552197 0
6475 2730.084631798505 2185.560812305573 0
6476 2469.976516454612 2452.853709222025 0
6477 178.29415931827 4009.898684731298 0
6478 3675.898007320875 2439.391296111263 0
6479 2800.244722012615 1644.304750718207 0
6480 3638.167984619606 2506.937259425184 0
6481 3642.681778455054 2503.50687410209 0
6482 4398.43228708108 2650.402028597934 0
6483 2408.922232674837 2708.925623347576 0
6484 3678.194753943722 2518.294618631598 0
6485 2715.808087906365 3012.534378535029 0
6486 4264.344939653156 4802.000187876522 0
6487 4345.781724424333 4854.667536703993 0
6488 4179.926209852754 4834.268953026727 0
6489 3915.373916390622 3101.338570547049 0
6490 2632.554250042629 2490.203786281636 0
6491 3962.441659370176 2341.235468382666 0
6492 4344.630697081826 2401.40735211465 0
6493 3624.560203433145 2564.382355176698 0
6494 3265.773348022483 2458.479067747935 0
6495 3266.821196361009 2453.595343273586 0
6496 3261.12930807156 2450.874317415631 0
6497 3973.007822287575 2645.660809921577 0
6498 3964.308735207806 2700.024971757684 0
6499 2736.433797135147 2526.55586876183 0
6500 3546.799468033182 2468.877513204044 0
6501 3198.611710215551 2558.869265969091 0
6502 3202.643562314473 2547.401711901721 0
6503 3209.245960377373 2564.955123275728 0
6504 3173.025610214003 2370.107341161983 0
6505 3586.129948195231 2457.47820097138 0
6506 2618.344424420377 2380.166537940062 0
6507 3017.970140536976 2251.428194793973 0
6508 3609.720503174603 2459.45597145849 0
6509 2978.43746091031 2442.574458888321 0
6510 2039.115467790517 2425.407725317164 0
6511 2524.283769454641 2472.967058486622 0
6512 1461.721345771899 2159.395979571731 0
6513 1476.931389759689 2065.867937395534 0
6514 94.35583481962658 3255.709633150011 0
6515 182.3475189571691 3099.908307720975 0
6516 3290.44367340887 2542.158910206423 0
6517 3585.761921776864 2356.236589709901 0
6518 2424.440212865863 2687.632503981609 0
6519 4242.236025911533 151.7005250297598 0
6520 3547.366959468508 2476.344665347857 0
6521 2655.983418261861 2628.596804260149 0
6522 2738.085992040478 2720.869550517666 0
6523 1710.568955701161 2053.18017258273 0
6524 2952.125958174273 2463.195461329804 0
6525 1106.446974757363 3029.022636241283 0
6526 2653.362781111558 2467.591145830494 0
6527 2461.277245767617 2592.044415250795 0
6528 3736.233627529524 3907.513301033243 0
6529 2532.129626331771 2233.272743119081 0
6530 2637.027699426419 2501.93272718254 0
6531 2637.394522116669 2497.149921611692 0
6532 149.0128491103833 1836.877715808213 0
6533 145.3991955844263 1938.067132246456 0
6534 2620.916868117239 2593.963876081211 0
6535 1917.466142264413 3131.451400938864 0
6536 2736.883015698344 2490.797790125489 0
6537 3245.736970310784 2529.132401662566 0
6538 3240.509005102544 2525.750732980869 0
6539 2233.122267996026 2250.1187612273 0
6540 2232.226031300172 2516.000212717186 0
6541 3598.102959124359 2546.976989141855 0
6542 3550.256537539179 2534.615155391602 0
6543 3545.095945389103 2538.610064605923 0
6544 3015.977312268842 2408.712052386043 0
6545 3115.967644272254 2933.790727950066 0
6546 3871.376908097268 2439.873397307898 0
6547 3912.429280098687 2441.959328272866 0
6548 2956.597394126293 2529.234303961555 0
6549 3031.786469644755 2484.708530862233 0
6550 186.2868943379403 3410.687116317652 0
6551 2354.145198395291 1649.273776526616 0
6552 3581.639516165963 2545.548359720774 0
6553 2884.519265363177 2482.286574519741 0
6554 2985.140613864531 2546.676807066901 0
6555 1360.156914175744 1253.036908471768 0
6556 2722.021600905605 2532.521131081564 0
6557 2344.112331061866 2518.961099518782 0
6558 2658.224766028432 2544.39861392003 0
6559 2826.890310397339 2542.903882084897 0
6560 2598.21245049384 2617.352259620266 0
6561 1551.506201496087 96.08591166468204 0
6562 2469.32589400691 2531.757678978763 0
6563 3310.454340303374 2460.241916340329 0
6564 2397.694326967501 2302.803069764104 0
6565 2403.621278946894 2322.828996044283 0
6566 2019.211549052877 3174.50135122486 0
6567 2642.328787013665 2443.095613654456 0
6568 3340.270353568796 2451.027135812381 0
6569 3333.713462860655 2447.587945549532 0
6570 3333.554550670873 2439.294063649415 0
6571 2432.826435286811 2493.91276004318 0
6572 2735.278641143942 2882.380298219716 0
6573 2772.641323776496 2925.636660182241 0
6574 173.6332035123105 4410.607055167006 0
6575 172.3355685975803 4507.439390091447 0
6576 3235.385778526885 2640.760870138882 0
6577 2902.757266193395 2417.076205879339 0
6578 2908.242286467855 2404.168675539151 0
6579 3225.567583237521 2597.232346138331 0
6580 4009.967060595707 3063.161954461099 0
6581 2389.66747293722 2457.897379147777 0
6582 2422.304247804733 2456.985185113969 0
6583 2418.56251778961 2452.373318870876 0
6584 3407.376708283957 2575.457209675295 0
6585 2369.474881507781 2639.591528734584 0
6586 3542.790798858688 4904.775949433011 0
6587 2741.328413839914 2486.828828068912 0
6588 2352.280964265184 2538.280369671546 0
6589 2686.889996334403 2453.843123911652 0
6590 3326.969892397482 2513.57770371043 0
6591 2669.854341675956 2733.660596691163 0
6592 3712.324492108702 2522.468807032036 0
6593 2355.420893137051 2549.104418881627 0
6594 3011.053068462578 2534.546131154085 0
6595 2648.043535547734 2486.606335101988 0
6596 3648.347356985101 2335.003738096162 0
6597 2663.209414374623 2294.481395214844 0
6598 2766.915079073862 2347.753864337411 0
6599 1440.533979963908 2506.227351507673 0
6600 1351.531510845821 2554.721869630002 0
6601 1264.251721645967 2502.920744957713 0
6602 1445.962864589603 2608.887298633026 0
6603 1533.534317159174 2651.226958753888 0
6604 1443.556208290739 2704.761651880401 0
6605 3633.876460699666 2535.751845335331 0
6606 4252.181069371947 3115.270073302079 0
6607 3415.311788969244 2658.57013016936 0
6608 3438.050154738608 2672.571392399099 0
6609 3007.649005412583 2295.757828854058 0
6610 3211.87262536587 2427.127837416584 0
6611 2896.9510057268 2553.790887960595 0
6612 2894.260228032752 2567.099437113885 0
6613 2880.551926117827 2575.493669377838 0
6614 2880.804628942495 2594.82344146827 0
6615 2905.591207979994 2574.948345820187 0
6616 2668.301835534008 2407.269878927553 0
6617 2636.671940002637 2305.727921901526 0
6618 2185.466578815877 2117.80481115066 0
6619 2693.773315052494 2444.266572079458 0
6620 4000.449486663217 3460.475884042608 0
6621 4086.972710655263 3410.123788793413 0
6622 184.8199484766355 3608.386459348902 0
6623 178.2955924718844 3709.677890618726 0
6624 2399.341437733719 2544.218776489297 0
6625 2585.67340543699 2096.175404435315 0
6626 3044.432528394139 2566.451513809882 0
6627 2341.771013456553 2278.628660642649 0
6628 3516.558216169798 2536.06657158878 0
6629 3518.078535968419 2546.458150034356 0
6630 2887.233548180223 2497.36872870405 0
6631 3238.573397400753 2436.612089845317 0
6632 3245.501819298353 2427.707778847338 0
6633 2833.210470333005 2296.103212058346 0
6634 152.1278141925313 2125.337851987993 0
6635 2410.401345879724 2540.055671131292 0
6636 2901.725749553867 2622.772179574226 0
6637 2677.53466441759 2450.221321267763 0
6638 1019.197959337786 1049.523358897997 0
6639 2450.638417772268 2478.988038979486 0
6640 2551.384900257357 2362.3739819357 0
6641 1525.203574421869 2755.970454205381 0
6642 1620.571066875493 2703.804766570502 0
6643 4148.004618924135 96.24200987171525 0
6644 2972.015798568248 2402.698535953343 0
6645 3198.137606089253 2589.327259065649 0
6646 3487.930872750675 2532.74191934311 0
6647 2437.152099614971 2488.393960853936 0
6648 3041.736756185372 2513.457225258398 0
6649 2352.371594384533 2476.914224123889 0
6650 2988.535451766182 2733.29397178348 0
6651 2347.925646798875 2513.035877905225 0
6652 2979.606905637593 2454.162950483285 0
6653 87.48689087385083 3753.98758634965 0
6654 175.0974582022586 3810.228670421213 0
6655 3429.268045987263 2149.211785363972 0
6656 3481.713729621536 2145.460108340732 0
6657 3627.358895377626 2523.055569474424 0
6658 2378.647232422752 2446.577921200546 0
6659 2696.340440372759 1652.243193449115 0
6660 3320.41962193233 2467.663661859917 0
6661 2357.503122393788 2561.072025584968 0
6662 2279.966283583635 2590.708901535811 0
6663 2287.324951381868 2605.590309058735 0
6664 3621.499330318801 2541.43426484665 0
6665 1950.409777942682 2539.743039039332 0
6666 2484.904668237785 2355.413748494264 0
6667 2432.124455112438 2514.461202960348 0
6668 2220.349529588641 2960.522989425969 0
6669 3621.693406625921 2421.303982857939 0
6670 2948.766211945564 2449.210593993361 0
6671 93.2753380610784 3554.334126159429 0
6672 2101.805805833232 2466.182115468858 0
6673 3680.537129249346 2487.901086783765 0
6674 2614.029475550241 2396.883237912242 0
6675 2968.758990748975 2462.106917784605 0
6676 2360.082401343919 2468.184332871624 0
6677 3026.246315454347 2708.236970659037 0
6678 3076.039864276025 2716.136851662345 0
6679 2540.285019895879 2549.215616740721 0
6680 2556.888609245883 2554.631303606165 0
6681 2318.354644311184 2555.235393979686 0
6682 3342.94813764807 2538.091266478434 0
6683 3342.968144534496 2546.5077617629 0
6684 4217.778867677817 2297.086378847671 0
6685 2593.125811203916 2737.392426088985 0
6686 3338.234066706877 2431.26524575676 0
6687 3556.227318138112 2472.386049053043 0
6688 3999.46705499983 3359.455051142917 0
6689 3912.817906224327 3510.561744453758 0
6690 3823.534553127975 3559.863787572984 0
6691 2487.137288149218 2375.157310393758 0
6692 3241.188026502491 2416.920831478918 0
6693 3268.72000892481 2633.848040118929 0
6694 2674.86481072303 2563.324084081606 0
6695 2670.298927718417 2571.41869068997 0
6696 3321.561723353905 2556.364135035595 0
6697 3327.529776954883 2561.701929384069 0
6698 3327.017846538839 2570.074186034726 0
6699 3336.691332118537 2565.781046940915 0
6700 3324.885154867568 2579.665234416975 0
6701 3238.89514015952 2579.639779344402 0
6702 3714.989960046434 2263.681276051021 0
6703 2433.663888059907 2459.147136420807 0
6704 3232.055500311006 2526.87378374525 0
6705 2155.271374274785 2470.738971132516 0
6706 3610.850273640316 2215.342541745064 0
6707 3189.832669435538 2416.843701503029 0
6708 3340.035414195642 2683.23502370755 0
6709 3106.985320206133 2273.381639223338 0
6710 3340.910268168664 2506.208615703466 0
6711 3683.132638677251 2399.347076980245 0
6712 2725.14665637798 2482.120530299354 0
6713 2680.2874253666 2842.023946128012 0
6714 90.55414957129142 3048.511894160713 0
6715 192.1706370917664 2982.35200268103 0
6716 270.4216406616456 3052.291370490718 0
6717 162.2044930253569 2878.199056192869 0
6718 2882.790399243036 2625.865884572757 0
6719 2626.442443424653 2406.327120697764 0
6720 3070.36788208779 2100.729280502851 0
6721 3637.501694278909 2496.653293368657 0
6722 2346.138231504655 2538.669031078985 0
6723 3265.104410136367 2713.156521222862 0
6724 3245.781154979226 2697.743344681235 0
6725 2650.892828540726 2712.078820933489 0
6726 3744.168934940924 2996.984482444356 0
6727 2822.684596802476 2653.62404895025 0
6728 3937.034528004283 2543.240637264724 0
6729 2286.746597037407 2787.92239292505 0
6730 3063.129075542966 2614.375234581018 0
6731 3020.949965681766 2639.912197863546 0
6732 3042.320929702048 2636.852946226433 0
6733 3031.075686533405 2625.768114787984 0
6734 3631.231321285957 2445.171870900769 0
6735 270.928967770662 3152.675326624321 0
6736 2283.197682343076 2086.441354580145 0
6737 266.9066722385751 3762.848441907658 0
6738 3624.717033385333 2518.613109188374 0
6739 2065.496389646215 2459.771596271947 0
6740 3340.612922479109 2462.142847134816 0
6741 3110.972624701887 2359.578500965721 0
6742 3097.722954372326 2343.803724381031 0
6743 3088.868505754505 2365.127927346867 0
6744 3530.715013485647 2620.169767067654 0
6745 3541.144534089834 2633.397429612023 0
6746 3321.566762531346 2443.048505646703 0
6747 3106.623400732192 2573.794494374083 0
6748 3119.510530633651 2587.288516031628 0
6749 3141.001944597114 2583.362055979341 0
6750 3102.020284755388 2590.897978996796 0
6751 3653.098032127491 2570.164026521963 0
6752 2767.469505277471 2446.184476852645 0
6753 3082.164071609584 2497.061385915475 0
6754 3355.470663097589 2303.962031129161 0
6755 3369.130025792049 2556.473493030092 0
6756 3653.520484541281 4060.528998833323 0
6757 3561.894484061988 4006.530921088493 0
6758 3476.548979764148 4154.6622064291 0
6759 2791.134592755117 2708.686758572539 0
6760 2782.208959533295 2737.444628047818 0
6761 2813.903600851695 2699.36077630748 0
6762 3001.691354250674 2398.83066845773 0
6763 3382.199281023667 2496.329152222454 0
6764 3394.025618893246 2493.278456212853 0
6765 3395.737854674387 2482.366513607436 0
6766 3391.431553460354 2504.981206381624 0
6767 2861.323972276172 2669.030848360497 0
6768 2921.938665100067 2489.157166940504 0
6769 3342.969565926789 2641.85435673422 0
6770 3083.629986123995 2486.240386387875 0
6771 2659.671915037795 2563.358868206232 0
6772 2651.198951948402 2563.311061318004 0
6773 2646.321536062535 2571.154958141597 0
6774 2648.54334322538 2555.463061466919 0
6775 1265.029352464609 2402.839353164374 0
6776 179.9600489251206 3910.647085742323 0
6777 2649.129234395614 2173.719762538505 0
6778 2617.44710376848 2187.777726174518 0
6779 2928.480299430388 2048.840596568826 0
6780 1178.091821754168 2451.826407656426 0
6781 2397.392490381057 2733.063743469747 0
6782 2369.593698205752 2732.719360130445 0
6783 1666.167100809913 3075.529459625565 0
6784 3571.078612258267 2542.624800331545 0
6785 3826.290634566517 2394.317739127664 0
6786 3051.42522193259 2267.666959014183 0
6787 2719.133790288473 2701.857741033699 0
6788 1292.125389846278 4775.045112792834 0
6789 2382.726166929473 2828.2877074514 0
6790 3026.776431074931 2534.228803308957 0
6791 3824.720390382108 3458.641878708321 0
6792 3734.437610461695 3607.811799305493 0
6793 3648.838022839415 3555.51200292735 0
6794 3027.570640849087 2414.636070280908 0
6795 2939.16775458941 2291.268028112919 0
6796 2889.6772102186 2464.751940165263 0
6797 4086.321454662913 3309.905770109054 0
6798 3074.920714052017 2455.892708030965 0
6799 2136.006448026945 2081.751124827702 0
6800 2093.852511337955 2016.539588891753 0
6801 2518.841505455171 2511.369844993103 0
6802 2718.827486277588 2472.526531889826 0
6803 2549.641016961932 3157.996885435269 0
6804 4432.217679481624 3208.049802506469 0
6805 4025.257559568223 2891.161095816217 0
6806 4519.299725604757 3264.927364247601 0
6807 2078.878154792743 2905.794978887518 0
6808 1982.366416792369 2865.184237590682 0
6809 4347.197930285697 3458.583822072888 0
6810 4173.30461413113 3359.58258424208 0
6811 4241.116918302145 1851.586099374641 0
6812 4325.905275402825 1901.15317195056 0
6813 3820.475302783067 2600.927361781648 0
6814 87.17506984174452 4050.947080327393 0
6815 2023.140558594968 2807.236414296333 0
6816 3066.60966760428 2438.823991681569 0
6817 3065.980979851125 2428.57708668939 0
6818 2764.499582799774 3226.449937628368 0
6819 926.6502638791417 1797.90048536748 0
6820 3777.70406719903 2674.155444487076 0
6821 1270.16044062989 2103.145621319454 0
6822 1351.250976390247 2051.767759002168 0
6823 4260.907318388445 3509.136227683027 0
6824 5391.514030647931 4251.967854180151 0
6825 5304.594928310575 4202.520211751359 0
6826 5215.765618895621 3853.078971505843 0
6827 922.8690592635876 2097.878220953183 0
6828 836.9040769474532 2046.789871039975 0
6829 1185.80631979091 1851.171822477365 0
6830 5303.958287689567 4102.522236381441 0
6831 4434.125674091427 3508.042078302498 0
6832 3038.260754661741 2444.458680964332 0
6833 4693.667363257391 3456.48508348705 0
6834 4780.542475956403 3505.857506796604 0
6835 4781.171786702605 3605.842943526193 0
6836 1008.819862846866 2148.989295657719 0
6837 3057.60636144414 2421.970796770355 0
6838 2934.869211255379 3222.24713787693 0
6839 2898.234141674037 3299.512052186242 0
6840 4780.048785797765 3406.103554807455 0
6841 4866.84681205177 3455.344476120958 0
6842 1005.032369960003 2448.948602808686 0
6843 1098.580101691392 1900.077413968251 0
6844 2572.091278806515 2830.956059746027 0
6845 4694.888051577191 3656.391133438073 0
6846 921.6039356336896 2197.877965811534 0
6847 1003.637377154602 2548.975928354783 0
6848 3382.156464144105 3387.057154546085 0
6849 745.8981745423839 2395.670684475894 0
6850 838.1642808176948 1946.797622994015 0
6851 4781.807257763721 3705.838908353683 0
6852 3040.767575766898 3696.848278738168 0
6853 4773.000122670186 3112.48177587493 0
6854 4765.329325709425 3019.680563875562 0
6855 4857.412146262887 2961.577985515927 0
6856 4614.619427231231 4706.319340854231 0
6857 4603.727580017063 4816.772028657764 0
6858 3036.982387537777 3996.805862053463 0
6859 4614.276470251039 4606.822648762343 0
6860 3213.961123723778 3699.036279748203 0
6861 4613.688775061748 4506.908222239567 0
6862 3105.837393917619 3217.625201771165 0
6863 3070.170251938909 3297.920820578282 0
6864 4612.425278927667 4306.928984798868 0
6865 4953.119890972574 3404.778109619008 0
6866 4698.185189036919 4755.065323875506 0
6867 4952.514639676838 3304.833719661976 0
6868 4435.403809462752 3708.043795163456 0
6869 4609.878702531719 3906.937085229003 0
6870 4610.515349356018 4006.935063311265 0
6871 1125.843306569577 649.9821916601554 0
6872 1039.232198149614 599.9970319433869 0
6873 1212.447560556326 699.9792236035078 0
6874 1212.493122013068 799.9003088455834 0
6875 1299.049697672145 749.9799220748814 0
6876 692.8316046102286 399.9458107773271 0
6877 3377.499074759296 550.0000000001746 0
6878 4348.482549636889 3658.595335806924 0
6879 1039.242769692677 699.9787214936894 0
6880 5714.053985494916 800.0000000003456 0
6881 749.6786022621982 2095.694248279802 0
6882 3301.186104361351 3650.142517080423 0
6883 3127.97407606831 3647.985263227882 0
6884 2954.779103417824 3645.799347302937 0
6885 744.6293814263663 2495.646665264642 0
6886 658.6727765300175 2444.575010869235 0
6887 571.4455303469149 2493.477032568186 0
6888 485.4811335395893 2442.391931169253 0
6889 398.2552699725643 2491.296413476656 0
6890 312.2900076696815 2440.209765098447 0
6891 229.4407884696147 2489.169790985183 0
6892 231.8847208557922 2389.192689765056 0
6893 144.7333208656141 2442.127305977526 0
6894 229.5692866055338 2588.936154768425 0
6895 136.5786253722044 2638.011556867465 0
6896 1905.2630087295 1099.987667098984 0
6897 3204.293994002412 550.0000000001655 0
6898 1135.675147302087 3672.721360486535 0
6899 436.5834468568992 4163.914595766138 0
6900 5714.477958405005 1599.887562781037 0
6901 2251.927768267358 4436.90725822919 0
6902 2509.816531273191 4590.183117644965 0
6903 2508.551161913462 4690.175133970904 0
6904 2511.081904715168 4490.190779917356 0
6905 263.8015124222616 4161.728091533854 0
6906 172.7592189025304 200.7722553848994 0
6907 162.6625119673949 92.18171889443011 0
6908 259.8076211353296 149.9999999999918 0
6909 259.7209257747645 250.1501607692899 0
6910 347.4660341215581 196.2696981619001 0
6911 441.6523790757556 145.4819365749531 0
6912 436.4202447667926 245.6319881929699 0
6913 524.1160891916124 195.7797801688916 0
6914 435.1597007116752 346.5599690541267 0
6915 1732.050807568843 800.000000000096 0
6916 1645.448267190396 850.0000000000946 0
6917 1645.465150720509 949.970756868124 0
6918 1558.848540733635 899.9951261447684 0
6919 1558.846195798898 799.9991876908739 0
6920 5724.547644110384 2149.805001564343 0
6921 1819.578548782305 4381.438298237974 0
6922 5729.640801034749 2949.788788745404 0
6923 5727.791574408202 2849.798535520067 0
6924 5641.882951924037 2800.344465931687 0
6925 5727.600974734543 2750.727308783778 0
6926 5641.286965212037 2700.501164612595 0
6927 5725.990501610371 2650.916288233588 0
6928 5810.269380490865 2801.46471244539 0
6929 2867.568548562764 3694.669609011996 0
6930 5633.254954264463 1913.548340936606 0
6931 1645.44834535489 749.9998646152217 0
6932 1558.845818003862 699.9998420510747 0
6933 1472.243279796659 749.9998382903814 0
6934 2425.118982318557 4439.098941298608 0
6935 3637.306696216284 899.9999995256626 0
6936 5122.484380896725 2803.651281426473 0
6937 5213.200481987744 3453.098300646248 0
6938 5212.573183522813 3353.090050699516 0
6939 779.4423853941798 449.9052566311766 0
6940 866.0254037844215 500.0000000000171 0
6941 952.6358395112311 449.9608684853488 0
6942 873.9902729496098 3819.421825154499 0
6943 961.2185643547459 3770.521669838005 0
6944 1385.640646055108 300.0000000000523 0
6945 1298.295643619447 251.768619555909 0
6946 1388.510041697517 185.5885964798231 0
6947 4503.332099679031 800.0000000003438 0
6948 3206.702493302134 3387.638565394667 0
6949 1472.243217192699 649.9999467236266 0
6950 659.9327388109778 2344.583122042437 0
6951 2944.486372867078 500.0000000001598 0
6952 5542.527729722444 600.0000000003283 0
6953 5369.357503463445 1300.000000000304 0
6954 2511.473670974854 550.0000000001378 0
6955 4181.02072360397 4559.667014913088 0
6956 5629.016681680867 750.0000000003386 0
6957 5807.035345321927 750.2518887959254 0
6958 5282.754963085001 1250.000000000299 0
6959 4676.74998295818 300.3685847807019 0
6960 4677.698992665741 186.1156036714315 0
6961 4589.934640057539 250.0000000002578 0
6962 3810.511777715507 999.999998430563 0
6963 5022.947341949342 800.0000000018933 0
6964 3031.08891324552 550.0000000001633 0
6965 1818.653347947291 750.0000000000978 0
6966 3810.511776651491 900.0000000002199 0
6967 3117.691453623967 500.0000000001628 0
6968 3560.150510910908 3703.543892441488 0
6969 4524.232886255742 4057.485399797264 0
6970 4611.151993036328 4106.933037713485 0
6971 4437.313779520819 4008.037761934269 0
6972 4527.404679589779 4557.455772912927 0
6973 5650.361385684271 4100.316884872461 0
6974 5736.643891805764 4049.76649611935 0
6975 5737.280536421316 4149.76446951698 0
6976 4008.324853458914 4758.495362093218 0
6977 3922.802210689891 4811.329642763481 0
6978 3117.691453623941 900.0000000001742 0
6979 4180.380702299802 4459.674980187267 0
6980 4266.659511498699 4409.131068826093 0
6981 952.6295645903026 549.9929506090216 0
6982 4676.536973496792 2199.99663516201 0
6983 258.963624002155 4561.172354738255 0
6984 257.8091104306704 4661.604536278806 0
6985 343.1522638143488 4712.761662801268 0
6986 256.8007349900654 4761.670475450794 0
6987 171.7398191946313 4708.015273115672 0
6988 340.4186934294848 4808.615156921681 0
6989 426.7245541555612 4759.491941122063 0
6990 254.816828059239 4856.45262405794 0
6991 4849.742261192778 1500.000000000287 0
6992 4763.139720814334 1450.000000000281 0
6993 4763.139720788381 1350.000000112861 0
6994 2339.156059920557 4388.007102682107 0
6995 4696.79781226796 3956.384726603047 0
6996 4503.332099679085 300.0000000002565 0
6997 4503.332099679097 200.0000000002506 0
6998 4420.394364495719 150.3784608821347 0
6999 2521.193765212136 3690.273205745954 0
7000 1474.46536032732 4277.056690899513 0
7001 1388.502437989185 4225.964852186377 0
7002 1389.767807071746 4125.97285830144 0
7003 1302.53951565107 4174.873013473272 0
7004 1473.199991244773 4377.048684784478 0
7005 2248.762451398869 4739.915881792832 0
7006 2164.980135495815 4784.063366227421 0
7007 2334.09458370865 4787.975078030845 0
7008 2421.322875129341 4739.074922859036 0
7009 2421.769419381891 4835.398422791224 0
7010 2250.988282776618 4840.774071373409 0
7011 2075.61985260737 4734.404974671448 0
7012 1989.080058043707 4778.8862988986 0
7013 2083.337906919765 4836.777238975346 0
7014 4699.97939688689 4456.371811149735 0
7015 4416.729559300622 550.0000000002631 0
7016 4949.52377228369 3005.810415387491 0
7017 4156.921938165295 500.0000000002426 0
7018 3031.088913245501 850.000000000168 0
7019 2596.69672535463 207.9646440925553 0
7020 4763.139720793229 950.0000000919731 0
7021 5125.030625102015 3203.649506986477 0
7022 5281.506469625136 1847.837545895404 0
7023 1221.638069613836 3723.813199171145 0
7024 964.8958016444783 3069.147208606359 0
7025 5036.097085519091 2854.312246692271 0
7026 4676.572647523002 400.0614307970077 0
7027 1257.911981461101 3002.17018236387 0
7028 1323.934264117597 3171.516846911019 0
7029 1415.956924929511 3120.307407457966 0
7030 5640.175114981952 2500.349258877346 0
7031 5553.256007390402 2450.901622598218 0
7032 4969.039229617674 4816.413134815331 0
7033 4936.344801571268 750.0000000002894 0
7034 5109.549882328028 750.0000000008731 0
7035 4503.332099678972 1900.000000000264 0
7036 4589.871356652704 1950.018256433902 0
7037 5479.083539130485 4401.389276315999 0
7038 5022.94734194967 1300.000000000291 0
7039 4243.524478430911 1250.00000048936 0
7040 5298.222171097599 3202.539868941805 0
7041 864.0332946291792 4619.664274748597 0
7042 776.6306645912969 4668.264241928687 0
7043 777.9768390560948 4764.236072662397 0
7044 689.8432066754926 4716.490163472155 0
7045 692.9292622811195 4824.137056865517 0
7046 602.482327106929 4764.140839994025 0
7047 690.7467907509772 4617.055824507699 0
7048 777.9424470449394 4568.299694763709 0
7049 4955.645203235588 3804.733725201063 0
7050 4955.008558179648 3704.735753159063 0
7051 5042.564309997527 3854.181363423101 0
7052 2857.883832488614 850.0000000001576 0
7053 1645.448274537883 649.9999872738788 0
7054 1448.744451378147 1604.463858127409 0
7055 1535.970156749492 1555.559090461862 0
7056 1621.935780722246 1606.646383353194 0
7057 1621.345084690998 1509.768663519094 0
7058 1535.133963889872 1466.235854850327 0
7059 1709.161486147258 1557.741615598302 0
7060 1700.997414572432 1455.401226724243 0
7061 1447.708389016185 1509.525795539213 0
7062 3550.704163878458 949.999987664062 0
7063 3550.704156963492 849.9999978650865 0
7064 3464.101624932875 899.9999855502906 0
7065 3723.909236499876 849.9999996655988 0
7066 2952.284837562746 3845.722028672224 0
7067 2511.473670974831 950.0000000001396 0
7068 2511.473731366145 1049.999915349071 0
7069 5542.497180153119 700.0000000003306 0
7070 5302.684714269843 3902.52662177089 0
7071 5216.402510605629 3953.076654273908 0
7072 5303.321643051435 4002.524261471774 0
7073 5022.947341948298 1100.000000006338 0
7074 2348.011271224399 3688.067106881994 0
7075 758.4992965566853 1395.749636502256 0
7076 671.2735911228374 1444.654404281815 0
7077 585.3058337770726 1393.570701262146 0
7078 4787.6628529443 4705.240033902029 0
7079 4785.31131608022 4817.261984546663 0
7080 3377.499100384777 949.9999621972174 0
7081 3290.896542105692 899.999988604397 0
7082 1818.719369805697 1149.885646786897 0
7083 1991.866735841904 1149.98561161547 0
7084 1212.311821622018 300.2947699260149 0
7085 1213.501196816611 200.6507102754254 0
7086 1130.88350160128 150.2053574449178 0
7087 1040.294641898858 198.0081262503018 0
7088 951.0873297056994 146.6071316964312 0
7089 867.7307990297627 191.5475928301325 0
7090 4589.952922894669 2250.02813051457 0
7091 4676.537180435856 2100.000000000272 0
7092 1101.10171995388 1700.090872756355 0
7093 1734.884039477067 4230.349552527385 0
7094 2685.538487556548 4392.390469573743 0
7095 2771.50140989468 4443.482308286872 0
7096 446.7063806248207 3363.978469024335 0
7097 5282.75496308501 1150.000000000305 0
7098 2940.6732996343 4746.035116238868 0
7099 3025.495331365146 4794.439064978146 0
7100 3112.533474351295 4745.090928144029 0
7101 273.1896851897409 3461.748890133983 0
7102 4156.921938165102 800.0000000009818 0
7103 5305.231566503823 4302.518187638059 0
7104 5218.312463122429 4253.070546676831 0
7105 785.4966125397168 3968.313975079416 0
7106 698.2683211190333 4017.214130251237 0
7107 786.7619816067236 3868.321981049787 0
7108 700.7990592804526 3817.230142446885 0
7109 603.5816542443431 4665.616982790934 0
7110 235.2419433238101 1989.376913427994 0
7111 5211.30943878017 3153.093558788099 0
7112 2201.205377686267 2621.037921044404 0
7113 2193.411303999011 2596.968555662565 0
7114 319.4136267615281 1940.611422962636 0
7115 3920.269343493219 4411.313659997721 0
7116 1996.569739768907 4083.647753753598 0
7117 1997.83510885146 3983.65575986865 0
7118 2083.798031189625 4034.747598581834 0
7119 3983.771273640286 1600.101845336185 0
7120 3983.730351711452 1500.020175401251 0
7121 4070.330716209291 1550.020336789731 0
7122 3919.621280555341 4311.335760863527 0
7123 951.4064465620766 4570.745464394104 0
7124 952.4127866788895 4470.513601789394 0
7125 2684.609971904199 1349.859421273186 0
7126 2771.195703212644 1299.844717161198 0
7127 4763.137094170539 2149.999439196824 0
7128 3276.901413066287 3213.096020121833 0
7129 1905.255888325738 700.0000000001012 0
7130 3637.306695894629 500.0000000002042 0
7131 3550.704155516182 550.0000000001937 0
7132 1526.112614179837 1967.770297346291 0
7133 3299.927221275642 3750.120010689939 0
7134 2684.678751731694 1250.000000000161 0
7135 2598.076654161019 1199.99937931244 0
7136 4070.319397782727 1050.000000017953 0
7137 1042.120010471562 4221.581485103763 0
7138 1129.348301892254 4172.68132993196 0
7139 3115.094056611652 4647.391208326004 0
7140 4351.031315951839 4058.588097871369 0
7141 1212.576740815126 1096.357516066063 0
7142 1128.597914872091 1149.355278267697 0
7143 1557.718726887256 1296.915822978613 0
7144 1472.243186433473 1350.000000000097 0
7145 4503.332098833673 1100.000003666557 0
7146 4503.33209952352 1000.00000067473 0
7147 2349.233903159883 3588.146586178184 0
7148 493.0419358118279 1842.440121779313 0
7149 2598.076211353266 1100.000000000144 0
7150 4526.142815043857 4357.479320368379 0
7151 3810.511782887103 1299.999990801465 0
7152 3810.512694981101 1399.998784863952 0
7153 3833.346189816973 4361.873135911093 0
7154 4589.934639647019 1050.000001780409 0
7155 4589.934639959152 950.0000004267276 0
7156 5282.754963084973 1550.000000000368 0
7157 4156.921938143321 1300.000000095305 0
7158 4156.921938161577 1400.000000016104 0
7159 4183.034957736627 4656.535507127564 0
7160 1832.206953910914 3381.51183719506 0
7161 2433.974245258913 3739.158833342587 0
7162 4936.344801361382 1750.000000910298 0
7163 1053.508332214623 3321.653540139346 0
7164 3983.716857406452 1100.000000008528 0
7165 314.1394145456848 2340.225310802937 0
7166 1305.070253811439 3974.889025695855 0
7167 1392.298545198695 3925.988870470984 0
7168 616.1015039852059 3666.146290883983 0
7169 1476.996098486124 4077.072703119611 0
7170 359.6110595636551 3412.831497262332 0
7171 2595.026105596015 4740.408884997294 0
7172 2505.351993214865 4783.761583276628 0
7173 1391.033176146977 4025.980864404869 0
7174 1918.152219479087 3432.689896834865 0
7175 962.483933208478 3670.529673825402 0
7176 5109.549882328183 450.0000000002992 0
7177 5109.549882328191 350.0000000002988 0
7178 5196.152422706628 400.0000000003047 0
7179 5196.152422706637 300.0000000003047 0
7180 5108.01494959391 252.6585814822893 0
7181 5189.77345483677 186.4590733404934 0
7182 779.4228987477354 849.999938786294 0
7183 690.0683917882416 895.2334574450392 0
7184 605.759138246211 849.2055575283366 0
7185 782.2388235201179 951.1580386232151 0
7186 592.6312912649219 933.9334735078162 0
7187 522.3499807011603 895.8014956231846 0
7188 507.7054194684315 799.3038911881399 0
7189 414.5193512275246 798.0654157958259 0
7190 1653.983419458448 3779.288404951874 0
7191 2255.72387586589 4136.931276008097 0
7192 2602.106303383539 4141.314643090746 0
7193 4760.604385427887 2643.85598003699 0
7194 2251.672768512817 500.0116370836217 0
7195 5115.71483512954 2509.03600891682 0
7196 3117.691453623924 1200.000000000177 0
7197 3117.686183191257 1299.997722372934 0
7198 2082.53266210705 4134.739592466747 0
7199 4871.909313412833 4255.275951495293 0
7200 4871.272670578905 4155.277978089627 0
7201 2265.590799825239 3319.763738262445 0
7202 4156.920877384906 1600.016171352928 0
7203 4932.069690597877 2439.31183007481 0
7204 5369.357503463477 800.0000000003672 0
7205 1905.255888325733 800.000000000103 0
7206 4936.344801569729 1250.000000006804 0
7207 1647.653698159558 4279.253016351431 0
7208 3637.3327328639 1399.980785603253 0
7209 757.239215082318 1495.741697134189 0
7210 3377.500284560654 1249.998215290706 0
7211 3290.870626216298 1299.956187785822 0
7212 1570.551065276068 3528.212308667655 0
7213 1657.7782863715 3479.310647663243 0
7214 4589.934368787126 1550.00117649507 0
7215 4676.537130091413 1600.000218343401 0
7216 1311.397051870599 3474.928981121947 0
7217 2989.044586890768 2839.035148979504 0
7218 3810.511789271216 1199.999981383675 0
7219 5888.397459621553 1150.000000000002 0
7220 5801.794919243112 1099.999999999998 0
7221 5887.708233252726 1948.093678819949 0
7222 5889.221800021551 2149.867814332638 0
7223 5889.070099768147 2349.905583089805 0
7224 5890.249519163239 2549.879426783243 0
7225 5891.486850908133 3049.998559483039 0
7226 5889.325884776239 3251.228528879491 0
7227 5888.552197147335 3350.204754813248 0
7228 5801.820708830741 3400.034125802209 0
7229 5802.54806848564 3498.708639692644 0
7230 5716.839165338695 3449.790460915814 0
7231 5716.14437487257 3351.136838787585 0
7232 5634.951470624549 3402.638362808368 0
7233 5720.199563226608 3550.035117141182 0
7234 5802.756205399798 3301.504093323454 0
7235 5720.627481628178 3251.577307766407 0
7236 5890.513253843286 4049.937947988323 0
7237 5889.805946493035 4249.909369008943 0
7238 5888.397459621556 4450 0
7239 5888.397459621556 4550 0
7240 5890.310286113425 4749.891228261102 0
7241 1903.758833753648 1499.694897052137 0
7242 1905.009539228018 1599.943676232265 0
7243 1990.476146453502 1647.656597922879 0
7244 1903.362367315572 1696.551078373416 0
7245 1821.895023802821 1650.806019001893 0
7246 1816.76979779016 1745.482946203433 0
7247 5299.363554990489 3402.572498138591 0
7248 3637.306695894624 600.0000000002037 0
7249 2511.473670974838 850.000000000138 0
7250 753.4589757229778 1795.717877507181 0
7251 1820.846179147217 4281.442654512575 0
7252 1905.54464949066 4432.525006878462 0
7253 1992.773517252926 4383.623921458138 0
7254 2078.736526584313 4434.715619759163 0
7255 2944.486372867049 1000.000000000164 0
7256 4003.249527012245 3860.750171823068 0
7257 847.9353579602398 1147.553161637691 0
7258 837.592407277039 1044.672187926065 0
7259 756.881217624461 1101.861469641657 0
7260 4088.790844954497 3710.209939614231 0
7261 4175.884839320572 3759.690325711917 0
7262 83.46915803527509 1651.376825700243 0
7263 164.1536037814358 1613.443324139241 0
7264 173.2050807568803 1499.99999999999 0
7265 3469.997887873966 1600.826547643866 0
7266 5022.947341913431 1700.000000157386 0
7267 5123.1013626106 2903.668554966277 0
7268 5109.549882328085 1550.000000000374 0
7269 5627.264571474328 1049.304045162805 0
7270 2088.858028427687 3634.78210607643 0
7271 570.180902565261 2593.460982760251 0
7272 1655.248787591278 3679.296409559734 0
7273 2770.236037460686 4543.474567008861 0
7274 2858.729701315372 4394.582153115065 0
7275 2077.175395571372 1597.755274865161 0
7276 2165.06350946101 1650.000000000136 0
7277 4330.126656107725 1500.001573520173 0
7278 3034.667626036716 3389.338942480809 0
7279 1225.511988069189 3423.70622692806 0
7280 4849.691252029063 2199.910023511342 0
7281 434.0613708074634 4363.898693153033 0
7282 1466.778129387468 4687.412423007062 0
7283 2258.254547807236 3936.947399406655 0
7284 1038.32390322387 4521.557466758571 0
7285 5455.95250825295 350.0278299488682 0
7286 2598.076211353301 500.0000000001426 0
7287 2424.871130596412 500.0000000001337 0
7288 2424.871130596418 400.0000000001328 0
7289 353.5315520280428 3914.042453402189 0
7290 2937.695346307817 4845.485920173257 0
7291 3029.477721731864 4900.919356223574 0
7292 2766.435590105285 4843.793512649696 0
7293 2683.248144044927 4887.676230185795 0
7294 1743.741168816255 3530.402455191537 0
7295 2165.066965037789 1349.9826903588 0
7296 2165.068922085164 1249.988737659001 0
7297 2857.643276215854 1349.678694053808 0
7298 3030.994629286313 1349.998932586646 0
7299 3377.44701986471 1349.889940566412 0
7300 4070.345582199659 1650.051858937686 0
7301 2169.760953527756 4085.839437294963 0
7302 3210.182078114623 3998.997670469661 0
7303 3122.955267178221 4047.897830461329 0
7304 3121.690149353159 4147.889824059866 0
7305 2771.267027293896 1199.974119526999 0
7306 1830.956792234077 3481.516573035899 0
7307 5128.846651868831 3803.631169668463 0
7308 3897.114317029951 650.000000000226 0
7309 3203.192198613101 252.0919311599591 0
7310 3117.691453623962 200.0000000001619 0
7311 4763.136690886428 2049.999906535959 0
7312 4763.139213671122 1949.999993769988 0
7313 4676.526042695519 2000.003030436048 0
7314 1303.80488473285 4074.881019587096 0
7315 5468.88347898838 2801.445881151136 0
7316 1916.920122142397 3532.618091273848 0
7317 411.1597184785969 1491.38046734185 0
7318 328.9765493700152 1440.341845642164 0
7319 498.1302998132642 1442.476704079682 0
7320 584.0555364757265 1493.560574518737 0
7321 1991.858428704213 250.0000000001023 0
7322 4587.798535270892 3042.772549234593 0
7323 4594.568369657129 3132.028716507994 0
7324 4784.353563826512 4105.830340207207 0
7325 3550.704194404033 1049.99994263246 0
7326 1640.595500738035 4684.293289890169 0
7327 1991.961151585258 1249.822078750939 0
7328 532.6692679025905 3415.06998174791 0
7329 1017.656249916344 1449.019454416975 0
7330 4500.208471186881 2599.644636887103 0
7331 4409.885244265803 2753.863126573758 0
7332 4243.524414205909 1450.000279032058 0
7333 2165.063509461056 950.0000000001178 0
7334 2165.06350946105 1050.00000000012 0
7335 2165.064411565066 1149.998122943267 0
7336 2078.462503956232 1099.997289093199 0
7337 2251.667493815768 1199.997261301054 0
7338 86.60254037844743 4249.999999999998 0
7339 82.79172247805855 1350.536556424169 0
7340 163.0806499388218 1316.950933490994 0
7341 604.5942311805197 748.9931794831964 0
7342 2598.116832109248 1399.898847589881 0
7343 4330.127014465026 1300.000019330631 0
7344 4849.726168539312 1999.999984405692 0
7345 4337.986550599171 2203.012174638862 0
7346 3810.583147701226 1500.052479461476 0
7347 2761.918889526181 2833.431463269698 0
7348 5300.713296173031 3602.58639723479 0
7349 5213.823664842652 3553.107236217337 0
7350 5022.69151982737 300.4430969139576 0
7351 3464.101615137734 600.0000000001919 0
7352 4589.924031101007 1850.003310427775 0
7353 2771.281292110167 900.0000000001528 0
7354 4589.86022476226 2050.023999796875 0
7355 4179.103031015447 4259.686742418708 0
7356 5638.265181128895 2200.355338673492 0
7357 433.0127018921949 650.0000000000214 0
7358 3983.716857407356 1000.000000004636 0
7359 3378.191358055106 351.6792382330914 0
7360 1101.639253484298 1303.714482575049 0
7361 1308.866360091589 3674.91304250514 0
7362 1489.347615831259 3278.725152332159 0
7363 4004.618253274071 4060.788192421373 0
7364 3743.551843073988 4111.302835333327 0
7365 3569.461404517339 4310.69708964063 0
7366 1297.53623354303 4575.362837077625 0
7367 4268.043936198535 4608.900941142001 0
7368 2251.666049839503 900.0000000001235 0
7369 2078.460969082639 500.0000000001123 0
7370 1824.448589546284 1551.940713849098 0
7371 606.3906664757719 449.8111968202629 0
7372 1558.955012075038 999.8107123718996 0
7373 1472.333207992566 949.8440780860187 0
7374 1472.264853633958 849.9624713080534 0
7375 2085.063396023582 3934.755611828957 0
7376 2943.400693079677 1589.949698700803 0
7377 4589.934603354106 1350.000159182073 0
7378 1564.22438989253 4028.172547925132 0
7379 2944.486372867072 600.0000000001608 0
7380 2684.678751731736 650.0000000001482 0
7381 2684.678751731742 550.000000000148 0
7382 5211.937672402009 3253.091439008038 0
7383 1043.385379554091 4121.589491218778 0
7384 1130.613670974735 4072.689336046897 0
7385 2424.871130596408 600.0000000001332 0
7386 445.4631766786747 3463.962640124725 0
7387 5739.190452063582 4449.75840966716 0
7388 2517.408742259541 3990.230823701233 0
7389 1047.181486781704 3821.613509392108 0
7390 959.95319534384 3870.513664393331 0
7391 710.2255055587248 3117.29046528885 0
7392 1568.020494967456 3728.1965628222 0
7393 3472.307132750047 3953.428113697991 0
7394 1656.514040630261 3579.304249634723 0
7395 5106.839435481356 1946.244575787534 0
7396 5559.503977389202 3652.835116776411 0
7397 5556.2259616418 3149.561721925479 0
7398 4416.569852437813 1750.284207986483 0
7399 4870.636027665789 4055.280004586012 0
7400 4957.555134551934 4104.727642445255 0
7401 4093.461032506232 4410.228332128229 0
7402 4958.191777562051 4204.725615759628 0
7403 1048.446855804213 3721.621514944387 0
7404 1214.045855147821 4323.765162530026 0
7405 1295.660174643811 4676.85728636215 0
7406 1202.823172695282 4823.092991681966 0
7407 2607.165928819208 3741.349734063223 0
7408 2694.393609091107 3692.450626901314 0
7409 4849.742261192767 1700.000000000282 0
7410 5455.920783724919 1747.86469658674 0
7411 1276.813203365959 1502.289272487983 0
7412 3897.11431720674 1049.999999740881 0
7413 4501.843047209532 2800.558755527896 0
7414 4243.524478543683 1350.000000000245 0
7415 4156.92363704869 1500.00613119855 0
7416 4070.320547984856 1450.002023610397 0
7417 779.4272879671312 549.9821813864098 0
7418 489.2616866208623 2142.416310823247 0
7419 490.5217715889339 2042.424245079103 0
7420 3897.114317029958 550.0000000002237 0
7421 2251.666049839508 800.0000000001228 0
7422 4503.332099679063 600.0000000002663 0
7423 1991.859458977193 1049.998212330485 0
7424 2422.588242655264 4639.083047420992 0
7425 2944.365762012296 1299.935085727927 0
7426 5291.861036408125 2203.239112557173 0
7427 5725.896898824773 2549.898934632715 0
7428 1662.561734039497 3179.477598236766 0
7429 3204.293995289865 849.9999981008805 0
7430 1559.152571955369 4428.15721548022 0
7431 1818.303364548494 4481.446134342466 0
7432 1914.402924678085 3732.579933385065 0
7433 2000.36581994118 3783.671817550323 0
7434 5383.237714710865 2951.9942839819 0
7435 3205.639135147745 4399.497957352318 0
7436 3206.535136682166 4299.063149313308 0
7437 3464.744716650413 2809.793859884349 0
7438 3446.973195106339 2837.421716078563 0
7439 3502.830614208411 2809.878480032507 0
7440 3578.618385641515 2810.020455333655 0
7441 3558.401246333112 2849.778856807994 0
7442 3615.77734680108 2811.387364186957 0
7443 4763.139720814394 650.0000000002742 0
7444 586.5538592982375 1293.598927375893 0
7445 4330.127018922182 500.0000000002547 0
7446 3735.038757579541 3807.067606146567 0
7447 781.700505292044 4268.289956734241 0
7448 4589.951257421026 2350.0244447672 0
7449 4676.521835901996 2399.935391829194 0
7450 614.8361365645255 3766.138300221029 0
7451 4416.729559300552 750.0000000005025 0
7452 1017.801324366236 1350.239460708231 0
7453 1263.450943904576 2702.979660713576 0
7454 5046.384169898432 4454.169200281801 0
7455 5220.222383204546 4553.064476099782 0
7456 2090.093335490949 3534.840680629349 0
7457 3117.691453623962 600.0000000001651 0
7458 3111.42150580037 1594.279305958755 0
7459 3204.293994002335 1650.000000000188 0
7460 2911.367717603597 2840.323149376899 0
7461 2932.482231230084 2877.771926301434 0
7462 2944.692623653507 4445.673991828197 0
7463 2338.269341297095 1349.95528525813 0
7464 3637.311236174116 1299.996501401466 0
7465 612.3053987784906 3966.122291515664 0
7466 2690.599963356136 3992.422494924813 0
7467 2608.417929187646 3641.379936089205 0
7468 435.3281835759544 4263.906717537428 0
7469 2512.34727378798 4390.198786048151 0
7470 3379.863069192608 4817.141089982524 0
7471 3287.907104327379 4840.821222905952 0
7472 3194.011606878352 4814.47514405634 0
7473 4330.127018904392 1000.000000077258 0
7474 5369.560210039679 301.3096509234401 0
7475 2171.026306616321 3985.847470258841 0
7476 1216.576593312871 4123.781174760034 0
7477 5382.601040976441 2851.996260881008 0
7478 3377.499081950196 849.9999893920783 0
7479 1824.643895089932 3981.464076323035 0
7480 694.4722138713505 4317.190111906045 0
7481 2424.871583469359 1099.999365203919 0
7482 1622.248190429181 1706.909389335988 0
7483 4070.319397786786 750.0000000004347 0
7484 3204.246458459239 1349.935349912478 0
7485 1818.653347947312 450.000000000095 0
7486 4849.742261192841 600.0000000002801 0
7487 1991.508014187513 4483.616131599134 0
7488 4007.197662628499 4460.74510423533 0
7489 582.7890793566394 1593.551466458328 0
7490 5542.562584220322 1500.000000000325 0
7491 4503.332099679043 900.0000000002597 0
7492 3983.719298158505 1400.003699835594 0
7493 3290.89653438085 600.0000000001774 0
7494 5388.964682526486 3851.979213503876 0
7495 2078.485619047369 1199.956929276096 0
7496 4090.899063568476 4010.236973356521 0
7497 2221.625034243049 2664.588064105904 0
7498 3026.967501068311 2840.014689947222 0
7499 4849.742261184841 900.0000000348743 0
7500 3810.236677579254 300.4764855705207 0
7501 622.4283514414046 3166.186340458636 0
7502 2336.35029893471 253.7753415530178 0
7503 5196.152422706499 1000.000000000678 0
7504 4330.717073924645 198.7968019732016 0
7505 4089.491071016767 3810.213852636396 0
7506 1558.845726811986 400.0000000000709 0
7507 4960.101705844768 4504.719536080984 0
7508 880.3171184558005 3319.461856598012 0
7509 4070.319397786832 650.0000000002706 0
7510 2944.486372867054 900.0000000001633 0
7511 3723.915410101425 1349.994787643007 0
7512 2165.063509461067 750.0000000001176 0
7513 4416.729559256987 950.0000001893818 0
7514 4090.220204460004 3910.225397192058 0
7515 5455.960043841926 850.0000000003301 0
7516 4179.740216795354 4359.683761433074 0
7517 4266.022246053964 4309.134189847221 0
7518 1911.872186512658 3932.563921154456 0
7519 4676.537173593534 1300.000029675503 0
7520 4676.537180412017 900.0000001039896 0
7521 3983.716857408397 600.000000000239 0
7522 5022.947341949721 700.0000000002935 0
7523 412.7827364670607 1391.396734186979 0
7524 237.7402384084885 1396.643430659285 0
7525 5196.152422706403 1600.000000000909 0
7526 3897.120701537519 1450.006193929584 0
7527 5378.780980309757 2252.121438646236 0
7528 4243.524478543735 550.0000000002492 0
7529 4936.344801530205 1650.000000178139 0
7530 5022.947341936766 1600.000000056208 0
7531 5294.408619739398 2602.552636133462 0
7532 355.1944607252808 3713.646598298321 0
7533 349.4797933955861 4212.81632819478 0
7534 1732.010307513418 400.0701481538445 0
7535 236.0812568177053 2087.112413630718 0
7536 699.5336901968658 3917.222136322327 0
7537 2165.071347913259 450.0135765975328 0
7538 429.8994807082936 4663.143285938654 0
7539 5648.771699634493 3900.367138898084 0
7540 5293.771974174989 2502.554661116208 0
7541 5716.367338702088 398.498358130475 0
7542 4156.9219381653 400.0000000002456 0
7543 4070.319397786858 350.0000000002365 0
7544 5736.007247190217 3949.768522721722 0
7545 1732.070505020637 999.9658830127971 0
7546 1707.901404687774 1657.733676256712 0
7547 5890.063199661215 3548.441276762573 0
7548 5390.24071430835 4051.97194070378 0
7549 4936.302164550907 350.0738494858979 0
7550 523.8117382773853 4115.014440592386 0
7551 867.6985763291759 896.3348723596553 0
7552 791.823420938108 3468.353661496304 0
7553 1215.311224230371 4223.773168645068 0
7554 4849.742261192833 700.0000000002792 0
7555 262.5532074966277 545.2445049256555 0
7556 5555.768904068977 2850.893732430294 0
7557 3810.511785197215 1099.999987393855 0
7558 1732.114868828975 1099.889042642729 0
7559 2086.328679237021 3834.763762092227 0
7560 2001.630937995813 3683.680245079702 0
7561 1299.038105676645 550.0000000000409 0
7562 3634.165198477892 201.0532368682993 0
7563 5023.803711716427 203.8060573720445 0
7564 1362.412903284259 1457.737584463033 0
7565 404.6933323195899 1991.397244900356 0
7566 2251.662224780572 1299.97508147811 0
7567 5567.633365734161 4650.204560937872 0
7568 5482.32182185592 4698.184579236876 0
7569 5282.754963085064 550.0000000003145 0
7570 1901.524528179115 4730.917028259639 0
7571 2598.310196135858 4441.290624745551 0
7572 1039.232356105333 499.9918085063082 0
7573 416.0023208855177 1091.542779887696 0
7574 5047.020812577043 4554.167173891196 0
7575 4416.729559300533 1850.000000000262 0
7576 86.60042019843513 450.0036722594941 0
7577 782.965874374604 4168.297962849303 0
7578 2002.888570598779 3583.701190250572 0
7579 2164.699461551508 4485.80743808826 0
7580 2342.952163011788 4088.031128012292 0
7581 394.4470739972558 2791.222740240866 0
7582 1645.419124934682 350.0569433598266 0
7583 2256.989227442417 4036.939311510163 0
7584 5125.663560163972 3303.641148508845 0
7585 697.0029520364751 4117.206124136173 0
7586 2771.648197005211 300.7341124881614 0
7587 1999.100457693611 3883.663799960833 0
7588 5467.155505921749 2004.859363828475 0
7589 407.2560456636506 1791.503919168978 0
7590 611.0400296976868 4066.114285416938 0
7591 4262.833093510184 3809.143421049012 0
7592 966.2706228761258 3370.536492268788 0
7593 793.0879584117051 3368.353935351055 0
7594 702.0644266339273 3717.238132484949 0
7595 3802.252881725026 185.1407602220183 0
7596 5196.152422706519 1500.000000000423 0
7597 3204.294005801187 1049.999982594473 0
7598 604.7472714803125 4565.980999015243 0
7599 4676.537110700207 1500.00030244276 0
7600 1560.426782974814 4328.15095019975 0
7601 952.6305893197077 649.9947113325966 0
7602 2165.964838901419 4385.815430859342 0
7603 3204.287304537648 1249.990577564732 0
7604 3199.992627816066 4701.0215947491 0
7605 5282.788747514433 350.2182751541654 0
7606 4262.192970698464 3709.144309423588 0
7607 5282.760593823295 450.0363791926216 0
7608 5455.949143164054 750.0000000003379 0
7609 4849.742261162251 1300.000000132715 0
7610 4071.673727271353 253.5335389114307 0
7611 1224.181767640304 3523.807365865874 0
7612 1299.168304291783 849.7744893835488 0
7613 4849.742260339863 1600.000003699343 0
7614 3204.292897075458 1149.998403064307 0
7615 4156.921938165286 600.0000000002501 0
7616 2428.91508772806 4139.122962733292 0
7617 2338.276428670144 450.0135765975438 0
7618 5206.332344048288 2454.001627484156 0
7619 4849.742261191402 800.000000006452 0
7620 3204.294000924854 949.9999897880896 0
7621 4503.332099679043 700.0000000003201 0
7622 5555.099738476871 2750.921786785892 0
7623 85.86907104672628 551.0613578521911 0
7624 4437.950422640072 4108.035735679955 0
7625 2337.997212125828 350.7129459430025 0
7626 1052.263372290925 3421.605684645045 0
7627 3596.139663847615 2562.650750868688 0
7628 3600.691207262634 2568.854743120197 0
7629 3031.385030355085 250.5128898789144 0
7630 3464.15868577125 400.1196811990203 0
7631 2516.143378233705 4090.222809097558 0
7632 311.626438402599 2844.207958202303 0
7633 406.0948921803201 1891.59035719798 0
7634 4763.139720814337 1550.000000000281 0
7635 5629.130270100824 1450.000000000325 0
7636 1559.037755047604 300.561337084891 0
7637 4849.742261167377 1200.000000110511 0
7638 82.92328909795424 1450.089426070694 0
7639 5449.590583293171 1851.482619280583 0
7640 4436.767339201339 4804.394830477125 0
7641 5133.986615654766 4603.532728804888 0
7642 1222.905597725651 3623.817562850174 0
7643 1472.243186433551 250.0000000000587 0
7644 1138.246394343597 3472.668276575377 0
7645 2603.371670190018 4041.322653026621 0
7646 5022.947341947694 1200.000000008902 0
7647 4676.537145418117 1400.000151871788 0
7648 2689.334594332407 4092.414488710983 0
7649 5554.529296609489 2650.897569373007 0
7650 5714.661846387973 1501.970741601195 0
7651 416.5277646912114 995.6430782589648 0
7652 3464.111126909992 500.0199468666565 0
7653 3034.110452398255 152.6125051912413 0
7654 2941.861871958713 97.19881568254959 0
7655 5542.562584220349 1200.000000000324 0
7656 5220.145821005793 4652.971573702753 0
7657 606.2177826491184 349.9999999999841 0
7658 5629.572341303849 1148.117545624227 0
7659 5281.13633230129 251.045449149487 0
7660 2775.297517059691 4143.506326770848 0
7661 5455.960043841904 1150.000000000321 0
7662 184.6593461312432 612.724985337587 0
7663 5282.754963085001 1050.000000000402 0
7664 5369.357503463454 1200.00000000031 0
7665 515.8545106299471 4713.720976275768 0
7666 507.6772589984516 4822.124656256516 0
7667 2178.873126440648 2549.047957166904 0
7668 5640.811759591019 2600.347232263951 0
7669 4611.788636058282 4206.931011345227 0
7670 2338.269680297509 1149.998352914864 0
7671 2862.525808540763 4094.606171497754 0
7672 5109.549882327469 1150.000000003139 0
7673 5196.152422706353 1100.000000001254 0
7674 1299.038105676635 650.0000000000252 0
7675 2948.488730897067 4145.698010181008 0
7676 2777.665017102473 187.1171241283464 0
7677 3557.570459194194 2158.624819081765 0
7678 3599.293295974301 2149.669838661719 0
7679 3035.72038136425 4096.797898656469 0
7680 3317.124032105959 2429.168382910406 0
7681 1385.642598741384 699.9966178481718 0
7682 1385.674330927139 799.9416560902105 0
7683 3486.929233418447 2610.139756321567 0
7684 4948.585176260381 2906.10374230764 0
7685 2409.358086490608 2566.022140223436 0
7686 3577.595802686596 2569.857700085366 0
7687 4613.060018239619 4406.923709162075 0
7688 4697.434456546047 4056.382701706062 0
7689 3296.435785241278 4352.756884011003 0
7690 2780.355460334602 3743.544272488294 0
7691 2781.608110501055 3643.573564859224 0
7692 2983.74412335298 2569.280782637083 0
7693 3207.800474264821 4198.998132834386 0
7694 3120.468817365315 4247.899413225097 0
7695 2953.53918453184 3745.74855462815 0
7696 3038.247755299765 3896.813868490033 0
7697 2423.16132022058 2560.384082321091 0
7698 3467.365703201542 2584.402636585985 0
7699 3299.924922947317 2441.509270815492 0
7700 1089.680715557756 2600.119893291775 0
7701 2179.432932725404 2480.51813965933 0
7702 3570.62640810444 2567.251198642359 0
7703 3800.152951245659 2490.08791756891 0
7704 4868.089738742969 3655.288599618083 0
7705 3453.689235311942 2287.049209935079 0
7706 2430.192499278935 2557.58666105577 0
7707 2429.149731920221 2565.156516983571 0
7708 3457.09305030088 2569.241189115943 0
7709 3003.650007266291 2572.355674259713 0
7710 2654.722120707052 2441.754700469789 0
7711 2628.781697852442 2527.004917935679 0
7712 2862.340282702615 2519.969190794769 0
7713 5039.394862782407 3354.214983551849 0
7714 4953.739691210587 3504.747332007822 0
7715 3556.230937754877 2562.483204127642 0
7716 3550.136575858363 2567.606509793219 0
7717 5650.998117461827 4200.314720007437 0
7718 3787.204573788583 2558.565353672885 0
7719 3140.026491898714 2563.42809427886 0
7720 1355.309767163815 1950.308702505633 0
7721 5564.716090959771 4250.864290693119 0
7722 5478.435934510333 4301.410572661549 0
7723 4867.460403901081 3555.303105444194 0
7724 3218.862250349987 2363.52029553914 0
7725 1358.998586027134 1853.352742161529 0
7726 927.9103784255381 1697.908337939144 0
7727 3284.487045890339 2440.698016963807 0
7728 3633.032122204047 2592.393675037249 0
7729 2345.699547392787 2575.732825579341 0
7730 750.9386884665864 1995.702193276939 0
7731 1273.032571116461 1802.266141821437 0
7732 839.4245386445236 1846.805274166441 0
7733 5217.675819901924 4153.072575621046 0
7734 1099.841207651965 1800.083660373775 0
7735 2617.790714295104 2519.029723847631 0
7736 2615.607796466886 2525.866225641218 0
7737 1013.875898966043 1748.995829396269 0
7738 2685.360033811808 2646.963871629702 0
7739 2339.437821499338 2427.461612185345 0
7740 2347.650938606903 2421.245971219865 0
7741 2345.819898426203 2411.557875915657 0
7742 2335.202906395384 2406.182909463917 0
7743 4347.838883133549 3558.591142297782 0
7744 2660.585554443212 2437.192226059854 0
7745 2409.786064173319 2666.987710805755 0
7746 3159.033325880651 2524.90330494932 0
7747 3762.187952788308 2601.126249699535 0
7748 3787.775603341257 2601.153446014726 0
7749 2359.054663439988 2707.676422868114 0
7750 2850.474134414559 2507.645313812195 0
7751 2866.534851825276 2503.308294669678 0
7752 3235.229901420339 2359.441522566306 0
7753 2296.693102060211 2536.405861194923 0
7754 3020.087117456388 2560.985886135453 0
7755 4173.923081538967 3459.633650966272 0
7756 3427.223828340052 2528.376019456522 0
7757 2453.462167920802 2362.903241956811 0
7758 2441.508165092269 2350.226302809807 0
7759 2746.115803610276 2423.5711593339 0
7760 4856.887065774952 2864.238879996008 0
7761 3437.233540210253 2542.089144854061 0
7762 2717.652616098259 2638.660655213865 0
7763 2730.209906846253 2651.101662462113 0
7764 2859.298907966571 2334.231795777231 0
7765 3430.368940437885 2557.404694867028 0
7766 3501.522454289753 2308.891966854019 0
7767 2809.026853495431 2486.997902792648 0
7768 2794.620788822903 2494.041163698645 0
7769 2791.921505450648 2505.953990182371 0
7770 2783.121671729717 2498.354796993927 0
7771 2784.450819608152 2486.641649977647 0
7772 2793.986238399555 2481.418767129417 0
7773 2783.289259688112 2474.638549638557 0
7774 2780.140402643124 2509.467108985676 0
7775 1688.703126618957 2633.712811379723 0
7776 2714.323877718217 2659.172294386596 0
7777 3749.838918810477 2623.12793259257 0
7778 3772.193181540147 2621.540145196043 0
7779 2720.329564985831 2583.502112312722 0
7780 2312.31364176537 2439.691881046447 0
7781 2300.775369509959 2435.95685877573 0
7782 2288.163885548732 2428.825430557854 0
7783 2291.149244794512 2413.009442343624 0
7784 3514.395664139583 2381.783876788847 0
7785 2310.048043843764 2428.681654819962 0
7786 3320.372095264047 2152.995011349743 0
7787 3267.683363411604 2350.444329329626 0
7788 3626.956464452265 2486.606335101983 0
7789 3763.753275049503 2644.153242052906 0
7790 1179.269072385605 2351.573128248185 0
7791 2545.322633685566 2489.931799018258 0
7792 3458.106003760319 2495.526738060777 0
7793 4223.088683720568 2209.033400990576 0
7794 2781.124324425386 1817.706790535379 0
7795 2813.046499675791 1942.251822539799 0
7796 3646.754814887938 2464.358842974057 0
7797 3545.09864231807 2288.026461005249 0
7798 3526.431677929176 2266.731212085774 0
7799 2637.564483874674 2407.42642469403 0
7800 3823.483389706065 3659.359632346324 0
7801 2862.526936377971 3388.430969837878 0
7802 2662.107801100679 2539.933397448416 0
7803 2854.848059506296 2491.324661797416 0
7804 5230.440833085077 85.48585592323707 0
7805 5025.837684852659 4912.527461449261 0
7806 4639.069426910733 4913.359831406971 0
7807 956.062539854292 4915.50941734399 0
7808 745.9192133748902 4914.840129315704 0
7809 547.7083333333348 4913.7583035398 0
7810 4822.811310466895 88.26725681235666 0
7811 3931.163596270395 4910.552277202924 0
7812 451.7781453704133 4914.601389096366 0
7813 1344.375000000001 86.241696460198 0
7814 3634.539779102169 96.4712438619049 0
7815 537.2123345708928 93.48263758157373 0
7816 4829.791666666667 4913.758303539802 0
7817 2243.742956048184 99.18074752870461 0
7818 2737.495188452864 86.03398999964338 0
7819 2040.901894733547 86.49750369037292 0
7820 1844.692239121116 88.14430304912366 0
7821 3237.356781515506 78.54083085270941 0
7822 5026.085054349362 102.4346170405329 0
7823 5527.933366901621 4923.15957556304 0
7824 746.8749999999977 86.24169646019391 0
7825 1145.208333333333 4913.758303539802 0
7826 1097.964781105716 4826.853639999387 0
7827 4630.625000000002 86.24169646019527 0
7828 5721.949487438219 98.25098321824089 0
7829 3415.531812115011 2485.926775313186 0
7830 2679.734991323608 2431.193469015824 0
7831 3526.563527735962 2545.349240864897 0
7832 3252.048202674122 2432.148880180003 0
7833 3296.098886415842 2398.959070963539 0
7834 3293.060996575681 2411.606545813105 0
7835 3310.428392541955 2399.646877587373 0
7836 2388.768916409467 2606.328565989427 0
7837 3354.349713453792 2491.460653244473 0
7838 3561.494607956491 3603.786460470351 0
7839 2788.394203837421 2062.210976894854 0
7840 3332.451269269393 2488.915523518056 0
7841 2938.808217931991 2455.3176659786 0
7842 2311.725249923398 2477.904739617426 0
7843 3521.557714232585 2438.347102325233 0
7844 2144.796485362546 2586.651895899808 0
7845 4761.977834848347 2737.850623584002 0
7846 1356.080362625276 2654.245231988863 0
7847 1090.87822191663 2500.215118062956 0
7848 1264.7087350169 2602.988334583546 0
7849 3604.454599961953 2349.970803124641 0
7850 3608.82116723943 2328.250746214298 0
7851 3601.121086005208 2369.102383912441 0
7852 3619.516944975306 2441.84219851487 0
7853 2851.387540541722 2446.317283765507 0
7854 2855.778610132808 2429.729925811262 0
7855 3126.729640846289 2474.603016996169 0
7856 2424.515947627002 2518.37315507654 0
7857 177.9961346215814 4110.638246500365 0
7858 2680.069522120171 2153.563195489307 0
7859 2679.319907865515 2423.826935919046 0
7860 3478.489109657864 3352.87900225371 0
7861 1177.20936657658 2551.578549816957 0
7862 2937.311775358266 2512.918575786969 0
7863 2931.907762243738 2515.202618119894 0
7864 2887.548547020193 2527.807511056074 0
7865 3227.415990581406 2484.950496458632 0
7866 3445.58636446423 2451.899755229409 0
7867 2735.802887784239 2420.018158889555 0
7868 3773.815929619149 2849.762722465277 0
7869 3797.622457087653 2804.34553737279 0
7870 3250.619188650513 2481.607235349676 0
7871 2334.698291311174 2707.074741239923 0
7872 2419.905943150735 2467.123747997783 0
7873 3646.943604471908 3655.145528141934 0
7874 2359.389397985461 2453.004701097649 0
7875 1799.73211667999 2114.85566625458 0
7876 4942.293688359546 2612.359002205232 0
7877 2324.750726965525 2578.276778889694 0
7878 2314.385690749666 2592.55778680943 0
7879 2603.602765655489 2599.371037232953 0
7880 3897.92864736838 2476.860440883584 0
7881 3938.343114129888 2476.830870478557 0
7882 2522.831163011648 2456.318574998078 0
7883 3656.947527041838 2475.757661308132 0
7884 3254.95876709076 2595.237330041147 0
7885 3584.942658495064 2702.117214935425 0
7886 2733.060238019176 2453.487701789533 0
7887 3056.019567214528 2490.103605007292 0
7888 3647.336697236846 2416.83112109534 0
7889 2741.88284635226 2537.889123976368 0
7890 3264.359612819185 2534.632036805117 0
7891 2399.438411017472 2647.023180500142 0
7892 3193.740809488264 2319.625047235716 0
7893 3628.676675619613 2478.155742197002 0
7894 2539.651269943679 2456.468610830704 0
7895 177.382722078185 4210.638490702318 0
7896 3144.967347718383 2230.600052557439 0
7897 3149.085771745451 2263.561074182403 0
7898 3430.182959302082 2324.478586675485 0
7899 3455.941095778626 2317.626188307951 0
7900 3573.653001208488 2443.615877230204 0
7901 3389.486105904438 2474.200488694044 0
7902 2588.792267494466 2150.098718233948 0
7903 3619.736917379404 2467.570905713059 0
7904 3298.459489238922 2450.965156836144 0
7905 2471.17933143322 2543.507911186335 0
7906 3516.830752862777 2557.30167969869 0
7907 1436.343395538516 2804.998612478423 0
7908 4232.994686664148 2042.489962301154 0
7909 5117.707876788934 2408.840253272711 0
7910 3085.997604769228 2646.149414003516 0
7911 3242.698254562502 2458.017926445807 0
7912 2947.771389313057 2477.233628707107 0
7913 2183.285553360162 2641.324509835598 0
7914 2469.984250067967 2948.117455820801 0
7915 2419.304187733563 2900.474774563079 0
7916 2838.07291941711 2556.549259118652 0
7917 3190.790355324853 2454.494134452599 0
7918 3185.764305853869 2468.958157309099 0
7919 3170.642518264965 2473.742929748704 0
7920 2415.644689948824 2175.864581741153 0
7921 2449.590642233833 2498.981680351852 0
7922 3230.722271242379 2473.538471491668 0
7923 176.0090978968406 4309.475360869184 0
7924 3341.197230153877 2512.749325712547 0
7925 5111.721187591477 2320.003332195864 0
7926 3162.344225072387 2740.390524958465 0
7927 2700.331326219199 2389.578929153462 0
7928 2789.554039871193 2452.407896196472 0
7929 2730.847480210442 2483.726464503003 0
7930 2307.386471035054 2498.515281950092 0
7931 3701.6638650117 2395.89664304192 0
7932 3726.305588665945 2665.474991671698 0
7933 2749.890823682072 2631.069187699935 0
7934 3315.08871180161 2604.563349549033 0
7935 3324.820693267626 2467.275570602246 0
7936 2296.013219242212 2454.7764753036 0
7937 3295.592914473215 2546.01282710531 0
7938 3065.35302208861 2564.817535267794 0
7939 2893.871254663225 2446.085270920412 0
7940 4327.243497367495 2895.934220403966 0
7941 2643.961057339215 2458.147684735362 0
7942 2435.921777087988 88.62455335816594 0
7943 2937.133190455943 2533.882893919492 0
7944 2938.538622101199 2527.433539366022 0
7945 2254.542748955578 1598.162141811559 0
7946 521.4427919139735 297.8490366121623 0
7947 3668.908792300347 2606.662159902717 0
7948 3656.921293912752 2619.305175538743 0
7949 5201.162976424828 2161.998941456965 0
7950 859.5432486359414 4807.66475935916 0
7951 3087.659397811392 2527.679162907089 0
7952 84.08614502839737 4450 0
7953 3241.047475284229 2537.393543977743 0
7954 3301.897939398489 2556.986583227518 0
7955 2949.711031804223 2551.368014718464 0
7956 2912.899386220632 2438.19918187758 0
7957 2725.820736878294 2296.502926488087 0
7958 3605.484030435657 2537.868877967917 0
7959 3637.336906426253 2491.64262754927 0
7960 3643.763692257691 2490.395747779857 0
7961 3659.994003630749 4560.591163346977 0
7962 5531.043230429963 88.55458989759336 0
7963 3735.336594883167 3707.4285191165 0
7964 3463.168835642609 2607.80332999833 0
7965 3553.751091948178 1652.592250387761 0
7966 3573.841550946826 2450.140627028184 0
7967 3578.21473267962 2453.198823551405 0
7968 2390.08642504498 2422.882688596546 0
7969 5107.283557001987 2037.641273871799 0
7970 3579.679367913916 2540.773175212819 0
7971 2863.145148383107 2223.643731404895 0
7972 1876.427989284177 1874.500610743255 0
7973 2916.499788147266 2619.0965835174 0
7974 2971.73993402414 2413.667099872319 0
7975 2961.21204885592 2417.53175069822 0
7976 3645.074203876911 2448.818552057512 0
7977 3632.915864610642 2489.588972942573 0
7978 3388.583414263586 2416.22328740112 0
7979 3386.444635535059 2514.341001333419 0
7980 2415.869006122292 2411.326281074907 0
7981 86.06830000857872 4553.602663986829 0
7982 2715.647943875418 2456.374833120129 0
7983 2426.020456100167 2462.479128986957 0
7984 821.2766355122885 2752.567147745974 0
7985 3336.995269241195 2486.795489279168 0
7986 3031.328824080138 2489.545343860921 0
7987 2714.048634632165 2544.621773932316 0
7988 4321.357231924685 2000.980096994578 0
7989 3668.278363206353 2460.938931769637 0
7990 2877.198581485731 2517.631049444407 0
7991 2278.004960411023 2637.458134095541 0
7992 2458.363428258954 2455.989568267519 0
7993 2535.132063758381 2601.02862002977 0
7994 3115.087134858492 2445.971726036555 0
7995 1580.193936976946 3126.545393573238 0
7996 806.4160698502656 2865.241950617052 0
7997 650.28991247769 2842.902782181757 0
7998 625.9005347084671 3063.534626298782 0
7999 477.6726840597157 3032.997132506925 0
8000 3601.112662570038 2394.798686749705 0
8001 3547.106148574833 4606.458437028377 0
8002 2020.682850614277 2057.031751786592 0
8003 4433.885318523577 4906.119236396113 0
8004 2898.084641870823 2388.299744790496 0
8005 2881.131777246953 2395.589937229529 0
8006 2353.064370842601 2304.762355337961 0
8007 2743.535074284614 2473.335364876989 0
8008 1595.748015602325 2917.039469027128 0
8009 2723.276975013898 2549.978267186343 0
8010 2263.016072285968 2593.446663429947 0
8011 1978.499585807619 1743.862718542615 0
8012 3116.766838392626 1987.372919828746 0
8013 171.9954290123528 4607.561884717343 0
8014 2248.183049766615 2285.795531231955 0
8015 2705.340867188875 1981.124031320975 0
8016 84.73396101389608 3851.588692541047 0
8017 2489.136596714627 2592.703448538698 0
8018 2689.776248468633 3390.041257524793 0
8019 3347.905132009831 2381.206380349054 0
8020 3710.584663004777 2780.795071117102 0
8021 2377.168606185543 2439.743527887004 0
8022 5797.498213876258 1906.964779409866 0
8023 3326.521736658107 2476.513939826134 0
8024 3507.99350022268 2483.227562091402 0
8025 2642.661153501017 2489.225767453236 0
8026 2705.455480769826 2450.03245176004 0
8027 3831.056233958698 4673.640127364461 0
8028 3645.096104043222 3265.925262567143 0
8029 3740.693533336237 1847.87324474637 0
8030 3370.581215566044 2045.029387381325 0
8031 2648.3152653043 2467.82931958633 0
8032 3590.843428226795 2458.295516153597 0
8033 2435.255214963545 3247.688694326729 0
8034 3553.453083842757 2456.278627759445 0
8035 2896.578541617407 2482.65906161933 0
8036 2169.236165447771 3287.986088698686 0
8037 5803.910813991903 2001.383947432476 0
8038 2081.032148800192 2096.645459054654 0
8039 3463.722072773116 2362.550615353249 0
8040 4269.102181501859 2449.229884153844 0
8041 86.18447673053515 4753.698732723939 0
8042 3373.61577852825 2535.61232433823 0
8043 3646.153070871817 2271.687038170399 0
8044 2379.975656908361 2570.57352800289 0
8045 2387.593100398942 2573.570302542172 0
8046 2467.117795380225 2621.047836467792 0
8047 5308.409626601981 4700.58930600299 0
8048 3460.625825324704 4556.23713450138 0
8049 2317.264603028127 2499.180511543477 0
8050 92.85810326230921 3354.817707006025 0
8051 3528.983342583415 2510.084684791311 0
8052 2926.382397912007 2509.462317030509 0
8053 2963.007956399683 2460.325196620312 0
8054 3029.664354864608 2526.871401635243 0
8055 3032.216399210044 2537.68632012122 0
8056 1903.506390475957 4840.666137771746 0
8057 5806.096296535802 2099.284802616073 0
8058 3254.32120098858 2452.169407775149 0
8059 3721.917033556128 4707.055256912053 0
8060 5395.471710844024 4648.896285926025 0
8061 2400.474628804388 2629.846015045781 0
8062 2414.260131952708 2634.510644190406 0
8063 2785.583621431478 2377.935773206819 0
8064 2784.535312250501 2394.154371375727 0
8065 2371.79428233205 2554.052773576814 0
8066 2613.149443799707 2625.226851229079 0
8067 265.9496559935606 3862.543199048792 0
8068 183.5293740780485 3508.329321064105 0
8069 3225.674113724135 2628.16522267457 0
8070 5806.59325526842 2199.478218041344 0
8071 2452.911805498357 2557.586490408994 0
8072 2731.987148280211 2488.849175138808 0
8073 171.2347740935284 4807.563249259892 0
8074 161.9324210471841 4911.48893006815 0
8075 2878.205928516549 2887.0380766477 0
8076 3730.144091373092 2521.094941858199 0
8077 3608.630516711409 2575.548062208308 0
8078 3538.889733703423 2696.008661146678 0
8079 2586.188585540453 4845.475565069697 0
8080 5806.913382548044 2299.497535002893 0
8081 3600.021497787095 2556.001991822679 0
8082 3601.706494446735 2544.293084406972 0
8083 3790.274783535591 2153.897690455048 0
8084 2506.480108272358 2451.042134375336 0
8085 2421.948758368074 2476.827222837413 0
8086 3561.651668883635 2662.773479584009 0
8087 2444.766445845272 1907.550573087795 0
8088 3266.319054894901 2447.320047454154 0
8089 79.45206388429506 2844.508584103355 0
8090 3080.35961150696 1772.740597592188 0
8091 2960.521411044504 2531.926419722105 0
8092 3383.939225238096 4506.467123992053 0
8093 2275.647143820004 2401.09929709208 0
8094 5807.310982403695 2399.584443091656 0
8095 2864.421473719905 2397.727999132609 0
8096 3837.722905576035 83.18589709635989 0
8097 3110.05625122687 2480.063970959686 0
8098 3115.441901259511 2523.558548430265 0
8099 2560.5549613044 2568.67874600164 0
8100 2709.399581877877 2584.502302441183 0
8101 5824.018124630224 82.60988946747693 0
8102 2363.121779238483 2283.672327978472 0
8103 2647.181613922467 2830.408788527349 0
8104 5807.744289601216 2499.730750074193 0
8105 3529.073833581844 2518.237436512458 0
8106 3363.496009668672 2885.133255951183 0
8107 3324.424668419277 2935.14207442602 0
8108 3314.344465487959 2885.049661104346 0
8109 3581.340970861977 2441.255722486478 0
8110 3604.755549916792 2458.040171816847 0
8111 4135.14903416795 4911.834549911485 0
8112 5892.326134741893 2849.995443260851 0
8113 4243.491682299097 2848.835386462367 0
8114 3018.379290615895 2465.388062991044 0
8115 2984.013085468956 3299.364963918132 0
8116 3150.268525168523 3290.875762567818 0
8117 1611.39158703806 2597.227435009336 0
8118 3615.909033002132 2464.035461083401 0
8119 3462.986994218047 2639.164611947011 0
8120 3018.368733404739 2472.513151497348 0
8121 2201.320400104682 1740.828069864053 0
8122 3279.000362162198 2540.694470101228 0
8123 5808.895290225272 2600.957547508751 0
8124 2941.062474643618 2491.013952107743 0
8125 3286.490519578573 2596.062633461287 0
8126 5809.897550999047 2700.549639016612 0
8127 3178.066133675553 2304.687356359354 0
8128 5821.87187539068 4914.162608969539 0
8129 2769.871142364522 2558.174518364607 0
8130 5482.645238516927 4790.251092451021 0
8131 3564.436491510139 2450.233687407297 0
8132 3687.314180335943 2589.99948099112 0
8133 2755.457247590477 2412.958882318109 0
8134 2669.8806554209 1754.202672423864 0
8135 2528.418892486407 2624.301392259023 0
8136 2428.198014447926 2507.284322307189 0
8137 2747.643269329786 2497.293178487011 0
8138 2708.567111800385 2554.18080102249 0
8139 2709.915695805684 2217.499549970281 0
8140 2162.860888302458 2713.446818861377 0
8141 3255.685512932806 2338.377271550535 0
8142 3251.629522755484 2555.078062306961 0
8143 3285.818440656887 2567.438639650708 0
8144 2242.379849586689 2544.981764447181 0
8145 3518.136659352191 2567.278059224728 0
8146 3649.215605728974 2503.72466354708 0
8147 2635.219065509571 2530.900770038745 0
8148 2631.738062870142 2538.157847336381 0
8149 5892.419694517368 2750.414896875583 0
8150 3941.139789088335 2290.457560744615 0
8151 3910.375834464112 2238.905223474429 0
8152 3973.543173699884 2237.413009039948 0
8153 3246.619390687163 2655.463777284499 0
8154 2341.898518312576 2499.800496821349 0
8155 3155.170812023313 2886.636434542479 0
8156 3097.097926502514 2875.882971195922 0
8157 3557.795902148512 2626.685142002178 0
8158 3569.023644555162 2620.870385595596 0
8159 3639.911918711937 2391.219162570652 0
8160 3260.235554256926 2468.91085805196 0
8161 2816.047337143807 2882.303552194952 0
8162 5808.64777132778 2899.284771607513 0
8163 3594.24656199245 2454.654346546425 0
8164 2645.512384749007 2517.576915915448 0
8165 3698.499521011988 2527.322500928783 0
8166 3060.577248914325 2556.044418142194 0
8167 2394.308904778587 2454.552856600291 0
8168 5806.125918122916 3202.345206645707 0
8169 2437.514582724832 2401.747759189191 0
8170 2513.291990062196 3230.217293480363 0
8171 2491.126286450283 2447.378893349145 0
8172 3377.652497444592 255.7835673377995 0
8173 3929.529020256379 2414.201799238475 0
8174 2327.629072990962 2472.048432686471 0
8175 2938.824769711533 2195.793714633124 0
8176 5890.084402644872 1736.826111082423 0
8177 5891.554733309791 1440.079365079433 0
8178 5906.170413524416 1647.365222216551 0
8179 5784.410211718077 1553.704994209891 0
8180 5905.932818319196 1348.207821311811 0
8181 5789.204836346456 1253.233914025622 0
8182 5712.60044280972 1088.999132880159 0
8183 5904.256283996331 947.0402391747982 0
8184 5786.336911595843 849.2350276241373 0
8185 5904.740059462237 750.7415606144534 0
8186 5881.444174177798 500.0000000003186 0
8187 5785.376030878839 652.9600553063376 0
8188 5787.022123865514 347.859221118068 0
8189 5904.473621385736 251.4210042241289 0
8190 2611.723089418373 2439.474600116804 0
8191 3633.95801280432 2509.096776021383 0
8192 2404.781856032775 2542.112750621098 0
8193 2774.655344593306 2492.250891120834 0
8194 5809.466923097652 2999.531911076205 0
8195 3378.418756535625 2608.725837344699 0
8196 3552.80023243021 2449.804906865167 0
8197 2655.793987147882 2569.974680827175 0
8198 3061.150245541053 2546.15415035634 0
8199 5638.804950809398 3201.303874166352 0
8200 2303.505149629451 2487.814052613382 0
8201 3848.17642357336 2797.967294814293 0
8202 3207.59477257446 2351.907417056333 0
8203 3095.576827033226 1685.403463971555 0
8204 3009.474811101356 2459.494835597478 0
8205 1962.029820566876 2309.979889997164 0
8206 2531.519295131307 2375.635466217331 0
8207 5808.938397177848 3100.393106528095 0
8208 2944.895120668718 2579.839537572388 0
8209 2815.814212588184 2472.274432646765 0
8210 3348.232288779708 2487.62771506648 0
8211 5553.868823071508 3451.900895221554 0
8212 5635.880221710606 3301.234047398764 0
8213 2714.951184161687 2530.631768231673 0
8214 2041.166473370602 4924.025854323027 0
8215 3284.811510442578 2450.900074093425 0
8216 3692.433580604958 2350.143762629195 0
8217 3728.696546242353 2323.404427350622 0
8218 3710.290007396938 2302.827721504626 0
8219 2791.976510434211 2435.377000330062 0
8220 2948.548690855921 2370.033827657907 0
8221 2537.90917668276 2127.995406503753 0
8222 3360.710304873515 2463.199929835256 0
8223 3010.443748727189 2465.662253437739 0
8224 3018.328009046663 2584.41880124256 0
8225 2424.602817240254 2526.405498217936 0
8226 3223.325192491688 2499.418765838677 0
8227 3220.936749304622 2506.380824893849 0
8228 2683.306528370181 2450.654703555743 0
8229 2985.626433856126 2354.061398340832 0
8230 2973.940707196449 2366.47219079993 0
8231 2679.324978768891 2540.125219930069 0
8232 2938.205739197545 2473.627079904943 0
8233 5641.854380352457 3603.398454115926 0
8234 3812.311246896811 2764.121808956719 0
8235 3295.334388176157 1596.007143494823 0
8236 2935.514321194106 2631.434684310759 0
8237 5553.298508725416 3351.702375239615 0
8238 3760.374014699644 3216.500754987348 0
8239 4009.936178222822 2093.066857686475 0
8240 1714.998308291679 2319.314004599776 0
8241 2652.671832418384 2579.125810303095 0
8242 3078.79992268501 2970.31927211596 0
8243 3572.514476067071 2419.515378669221 0
8244 2517.689695408954 2728.564757492663 0
8245 2554.023988297653 2696.128319257659 0
8246 2519.670420928824 3382.959288409131 0
8247 5808.218589440058 3600.993573410482 0
8248 2553.11132956544 2539.070123026452 0
8249 3022.386398166649 2531.09082740116 0
8250 5894.223108012348 3850.209622853183 0
8251 2792.662244110751 2418.144081273399 0
8252 2239.581894372186 2529.567320876377 0
8253 3684.535246050937 2528.029673452575 0
8254 3633.159227738056 2899.122540005477 0
8255 5637.542367572201 3501.342846180401 0
8256 3318.323389031858 2408.399912489886 0
8257 2362.415532804503 2912.893854328687 0
8258 3336.041666666667 77.23077198464625 0
8259 2356.565110147593 2538.167358778067 0
8260 2474.856519793799 2601.099332069059 0
8261 5812.387446846311 3700.830091847562 0
8262 3839.689733814512 3079.157729013688 0
8263 3272.168938449304 2452.025495525877 0
8264 3276.585911821215 2450.972829031202 0
8265 3282.623213675721 2413.962630678686 0
8266 3057.011321980817 2629.372562129379 0
8267 2914.827546450264 2415.115045071308 0
8268 2341.0496392388 2645.362408421039 0
8269 3542.87291569718 2427.701756405988 0
8270 2484.667612353771 2485.170806929915 0
8271 2325.767000469313 2521.808625611284 0
8272 3538.134125898002 2469.804241796558 0
8273 2730.327217076264 2580.352767463545 0
8274 2506.917187758366 2368.428552081401 0
8275 3530.940712047895 2131.560404373766 0
8276 2003.468173132281 2660.902241142376 0
8277 3240.404076719101 2503.278895226178 0
8278 3287.50381822492 212.2232978097391 0
8279 3513.451000367339 1844.514529793287 0
8280 2638.299988125443 2491.408552345345 0
8281 3622.427742417195 2430.473180406997 0
8282 3333.029097737519 2507.52035631533 0
8283 2338.604721330134 2502.624952364646 0
8284 2433.624237644096 2498.889521674875 0
8285 3221.237412365935 2406.329725660189 0
8286 3303.114691751083 2749.185579181108 0
8287 3765.882681293353 2710.215999854544 0
8288 5894.021848262095 3750.532580614385 0
8289 3713.801721300485 2493.988142589459 0
8290 2679.270871411681 2365.431190955514 0
8291 2901.923746012836 1924.836093534902 0
8292 3844.482861211276 2571.664187727436 0
8293 2415.125026934735 2541.755356717675 0
8294 3213.742957713342 2879.847929115319 0
8295 2393.128199447208 2578.738045735032 0
8296 2953.684658071536 2355.538768434392 0
8297 3071.602796320257 2337.259048888478 0
8298 3248.496320373557 2486.760034839461 0
8299 2460.565055957413 2549.261928661435 0
8300 5811.817736406152 3899.284856220927 0
8301 3580.385848125247 2621.119826145595 0
8302 2210.361906464532 2165.368337628846 0
8303 2383.129608369473 2647.248828496954 0
8304 3339.301573417591 4916.998771825498 0
8305 3499.483163708153 2467.767522555004 0
8306 5812.639400268695 3999.54815630287 0
8307 3385.90132085285 2398.362815948126 0
8308 3398.930144835685 2390.406259215821 0
8309 3371.36341527559 2392.255889684402 0
8310 1495.558508818235 3174.899968601089 0
8311 3235.30640084795 4915.683260399712 0
8312 2347.86081715 2521.70692179774 0
8313 2445.329331517965 2419.243717623742 0
8314 2651.123712037425 2472.102449633313 0
8315 5813.195730062713 4099.706661556073 0
8316 3532.377872208509 2442.417399707177 0
8317 3865.695746180069 2215.076928937136 0
8318 3337.997697761545 2290.419203877367 0
8319 3246.029171100451 2517.444182004623 0
8320 2746.558820291121 2481.65046898735 0
8321 3642.650039099233 2669.051666466478 0
8322 3318.135492673423 2333.957499281528 0
8323 2469.748702717167 2520.027295579243 0
8324 2475.180036941207 2502.5349969102 0
8325 2414.67153504771 2447.361253902435 0
8326 3349.020101777664 2534.016284179706 0
8327 3521.085691815288 2366.324586683907 0
8328 5813.435667710963 4199.727644807561 0
8329 2519.58000420187 2646.966400926298 0
8330 3494.769943926656 2683.63953320962 0
8331 3462.732459040936 2686.429125204143 0
8332 2430.220716551327 1592.905662773615 0
8333 3586.837598469168 2580.399431285839 0
8334 2213.44800846489 2290.901540074178 0
8335 2346.548497002155 2478.46915716605 0
8336 2176.685895152616 2339.130567818349 0
8337 2534.837395223427 2669.461123586638 0
8338 5813.440129127862 4299.610566186058 0
8339 3389.376981893401 3002.014421402961 0
8340 3248.958970834969 2458.089496090402 0
8341 3032.40130849323 2514.769021846918 0
8342 3034.552773803946 2518.528252552646 0
8343 2762.776903004734 2519.98969877856 0
8344 2773.381056462331 2519.773422102045 0
8345 4247.247117500191 3026.591193487759 0
8346 2428.837140769067 2328.611612215498 0
8347 5813.615544929165 4399.735729484824 0
8348 2211.137029817532 2327.760507257643 0
8349 3236.352167211427 2591.22739541341 0
8350 3243.958238295812 2596.825713294462 0
8351 2226.102833542224 2423.267894330925 0
8352 2390.746999874127 2559.905956836767 0
8353 3130.349456449283 2632.630759538516 0
8354 2687.867440574515 2287.513099178226 0
8355 1732.233211421045 4924.150459855418 0
8356 3642.014529196233 2457.8711426992 0
8357 3262.621318203862 2461.574649215559 0
8358 2072.281607237072 1689.297031325385 0
8359 5297.882995994447 155.7126190343674 0
8360 1294.733011576635 161.7901635536537 0
8361 2669.29622372541 156.1350862142835 0
8362 3196.805052861465 2463.417666151093 0
8363 3196.164968858946 2473.210889156426 0
8364 3189.800556949578 2480.156560384973 0
8365 3195.640645824842 2489.609498346019 0
8366 5813.909879010776 4499.75591558831 0
8367 1991.645247379451 159.8221476977878 0
8368 2042.455924459711 1808.104904036197 0
8369 3029.483658624496 2497.509948754063 0
8370 2442.079534565727 4923.794847515492 0
8371 2406.58204437341 2402.315485957819 0
8372 2417.356331680929 2401.401255951276 0
8373 3905.618408508054 2949.004630711784 0
8374 2265.415707395793 2732.025826138152 0
8375 2616.043927721571 2225.213578753955 0
8376 2586.080940243078 2202.451983782615 0
8377 3414.819085541585 2715.061207809053 0
8378 2684.663372002214 2541.028301588834 0
8379 2352.212228063574 2386.248787325768 0
8380 2356.396348954635 2397.064908101499 0
8381 3224.578421438192 2690.379273285761 0
8382 2435.985646774693 2227.348085001836 0
8383 5814.168954652697 4599.623281444718 0
8384 3629.458574548095 1917.871814438504 0
8385 2660.585682116473 2319.825225555524 0
8386 2955.503535271514 2426.167956398964 0
8387 3070.93820199332 2694.043777468603 0
8388 2665.764809113791 2424.265031058163 0
8389 2813.372519813889 3301.144018128816 0
8390 3240.561628279436 3294.699309808147 0
8391 2690.378160975669 2546.009413462377 0
8392 2946.002660662913 2502.697820467699 0
8393 1890.615396869527 2448.011451042254 0
8394 2655.550278413268 2645.141960013626 0
8395 2741.728395307381 2523.449664291862 0
8396 5814.851110193735 4699.717696760643 0
8397 3267.079590058496 2884.34173647944 0
8398 2971.176693488099 2589.787887941075 0
8399 2365.290934894262 2402.62701987204 0
8400 3243.502338172669 1728.352024229084 0
8401 2479.128926529403 2446.422792331116 0
8402 3535.885509811543 2501.584341149433 0
8403 4583.565511289835 162.1729501090717 0
8404 3404.218005737373 2474.495873144491 0
8405 2292.646085557109 2348.772534993974 0
8406 3262.050098322189 2231.430713248803 0
8407 5562.696578123433 4839.035126782846 0
8408 3523.274113701615 3234.835643763522 0
8409 2937.239837447253 2479.137787938342 0
8410 5816.898136439579 4802.23656943047 0
8411 2710.616408525819 2455.936779551298 0
8412 2478.591994269705 2891.563066434822 0
8413 2286.733079816614 2659.838541426555 0
8414 3542.082763472722 2651.025080446233 0
8415 3668.490113928575 2566.446436622903 0
8416 2730.129099146473 2519.471960020562 0
8417 83.33792509008617 763.8362495276465 0
8418 3036.072652525204 2459.418709004943 0
8419 3037.330759808206 2452.401553499655 0
8420 2484.037984010768 2494.790925190724 0
8421 3007.014006578397 2541.431576122701 0
8422 2595.279247923086 2545.287692300143 0
8423 2602.677828369771 2553.509874109985 0
8424 2606.563476023866 2544.902250660824 0
8425 2607.792386243045 2563.723758431271 0
8426 3639.557893923299 2617.163952362915 0
8427 2741.828838079264 2373.696257599755 0
8428 3342.092317604657 2468.582298334122 0
8429 1007.313136553567 4833.124641538869 0
8430 3105.413010264846 2713.889274795468 0
8431 2322.978532184778 2477.99247670441 0
8432 3222.776057771775 2714.691562470808 0
8433 3331.725998757562 2588.116008472991 0
8434 3326.381928476837 2599.281243324279 0
8435 1676.543652824897 2879.502123414961 0
8436 3112.642946025004 2603.033414773388 0
8437 3597.412604329835 2450.900524900065 0
8438 3998.081636947257 2747.602929349754 0
8439 3955.399017282269 2792.964239965547 0
8440 3690.237989120121 2565.668487768491 0
8441 4069.508537899051 161.7399895503586 0
8442 5427.291666666667 4927.756755537902 0
8443 2975.266784698043 2544.058436432389 0
8444 2775.129788986857 2593.537180132451 0
8445 2969.906641121471 2390.438711886098 0
8446 3243.108329999869 2489.632053574545 0
8447 2953.530849040597 2445.011003427537 0
8448 2993.595611456873 2582.846561474422 0
8449 3524.453717240721 2635.832042674618 0
8450 2618.642237524921 2563.44105963076 0
8451 4180.175566598073 4750.589640061921 0
8452 168.3808478026699 833.6901105698421 0
8453 3486.986819551391 2516.024652195568 0
8454 3248.90848831763 2409.027978064606 0
8455 2799.897857734127 2659.631652049 0
8456 4027.687946861891 2240.895968702505 0
8457 2982.205238638401 2585.498005215806 0
8458 4090.503782389298 4816.301623528391 0
8459 1343.192231839724 4924.194464854561 0
8460 2324.694405292811 2495.974193765596 0
8461 602.4596226711433 162.2523099417904 0
8462 3025.990789501169 2472.976884620218 0
8463 3047.400347591988 2467.936789414714 0
8464 3048.518670929544 2460.521748584546 0
8465 3041.98718367023 2457.199217608937 0
8466 3817.554015836903 2293.700927808462 0
8467 2783.534515619107 2552.687815965938 0
8468 2675.689442022655 2576.136703571371 0
8469 2191.288774748328 3010.529109688164 0
8470 3544.491799058784 2484.048952304531 0
8471 2963.070106166885 2407.310176002789 0
8472 3774.865090565356 2451.30199256568 0
8473 3787.896653645362 2430.018850555405 0
8474 3045.436358534316 2474.888256387164 0
8475 2910.372867497923 2458.812132997829 0
8476 3614.771669171404 2377.920535135141 0
8477 2829.654874937602 2093.789598973567 0
8478 3126.964940657678 2290.638762684748 0
8479 3853.017921765839 2301.802504764463 0
8480 2741.916473295456 2493.803996423188 0
8481 3691.335209984247 2454.80282583818 0
8482 3027.867237844236 2492.076682816149 0
8483 3700.471426308231 2515.972260727028 0
8484 2967.405774130429 2869.75436060192 0
8485 3009.273961971209 2578.573191024739 0
8486 3326.504603741165 2522.688626572691 0
8487 64.72635054022749 950.4755228684407 0
8488 2348.604371036539 2564.8215024904 0
8489 2545.631879441868 2315.073514795236 0
8490 3642.411165561814 2204.913981271347 0
8491 2880.914129836696 2248.346770312269 0
8492 2320.49202004945 2508.220449303454 0
8493 3506.978598324169 2473.48828405951 0
8494 2750.934611475089 2526.454815365858 0
8495 4879.093494089549 4842.404724877801 0
8496 3933.541666666667 71.15913910714562 0
8497 4770.800611613748 163.2690520959241 0
8498 3554.12609588021 2421.846779494459 0
8499 3560.561122078234 2361.684985467762 0
8500 3550.514317045908 2375.698075283859 0
8501 2726.275046069227 2513.162354525823 0
8502 2517.873402393671 2495.798926709631 0
8503 3611.649673753928 2533.589045934838 0
8504 3705.821994657728 2373.379103499306 0
8505 2671.449087215084 2452.249663660788 0
8506 3950.958488141231 2139.086969209397 0
8507 2634.726592783093 2380.597801367978 0
8508 3206.675741020495 162.5814006099768 0
8509 3615.402563830635 2567.84785833674 0
8510 3653.106473205329 2463.541375793749 0
8511 2953.012479956502 2406.769291910152 0
8512 2379.819051388019 2186.803357111311 0
8513 3512.089126270508 2431.946105242487 0
8514 180.4520077432735 1037.760919850663 0
8515 3302.966364310507 2610.653230760326 0
8516 3220.845218473765 2453.435930396226 0
8517 2926.380941413309 2550.906254817175 0
8518 2895.160390478596 2534.854585382529 0
8519 3656.86129752468 2503.973066457784 0
8520 2623.16458273846 2350.357644399252 0
8521 786.6026551651826 162.9306831001627 0
8522 2691.648276194882 2582.429520471068 0
8523 3528.135523494936 2579.193173804543 0
8524 2413.269025983434 2454.711157317562 0
8525 1180.868941767982 3044.732734436861 0
8526 2356.738785965019 2526.976860681754 0
8527 3218.298607973986 2418.009454210187 0
8528 3051.424333864473 2544.799504637928 0
8529 3318.756666626361 2532.106476705753 0
8530 2714.466695427403 2469.165903668461 0
8531 3392.798595595218 2746.692387581615 0
8532 2365.395017885457 2460.325560186099 0
8533 3623.119073694465 2456.461319275936 0
8534 3673.093371730393 2527.439790752573 0
8535 2133.159013793445 2730.020911988771 0
8536 2962.950507443067 2742.182370912371 0
8537 2947.759683774206 2713.964515381143 0
8538 2920.333377956559 2711.022160932536 0
8539 3099.678626865331 4833.736559388378 0
8540 2991.368745680164 2458.658897514625 0
8541 2336.59418929458 2454.058486484835 0
8542 2060.774739977718 2181.171592731239 0
8543 3262.751454995634 2652.771225288029 0
8544 2304.489351764404 3227.243833802859 0
8545 2915.132469287348 2568.045977404381 0
8546 2402.831061550693 2452.025495525876 0
8547 2720.703252607882 2440.103672234786 0
8548 2249.367689038985 3010.495802849586 0
8549 3068.815234577238 2366.178949309764 0
8550 2304.844500638207 2363.912426525847 0
8551 3064.908080627763 2398.080836320264 0
8552 1431.542849497298 1998.733317346213 0
8553 2357.961059210474 2646.225947886278 0
8554 2774.696447277763 2537.96297890704 0
8555 3245.59553798411 2720.576594236456 0
8556 2756.317875716739 2736.943429864942 0
8557 79.35315290240669 1154.610463089588 0
8558 2980.644376355946 2545.46791168585 0
8559 1483.288219830481 164.1561610710887 0
8560 3013.898806921608 2737.151198267137 0
8561 3780.043526875855 2007.544536067238 0
8562 2874.157413959099 2610.145700376211 0
8563 3782.112398960472 2374.198972021735 0
8564 1597.398186836906 2818.60481159781 0
8565 3488.197177300112 2544.461579373301 0
8566 3052.50157250381 2519.310839559989 0
8567 3091.355072376241 2493.502130716326 0
8568 3213.661442517675 2137.350044922684 0
8569 3078.095468443222 2670.094698373533 0
8570 2343.773327370851 2487.441688749718 0
8571 2340.28302743391 2483.890067126188 0
8572 3368.024954385408 2566.935710240273 0
8573 1981.06207192322 2997.247551006256 0
8574 3044.94722477534 2343.798805377976 0
8575 3199.167524149903 2427.801545111718 0
8576 3188.674938623906 2534.12226981604 0
8577 3196.793289550213 2538.949944077474 0
8578 3691.851418460207 2486.691548098035 0
8579 3031.749546818603 2449.201644752007 0
8580 2367.602414413917 2550.940897550154 0
8581 3159.704278937172 2691.291975137728 0
8582 3329.289494191617 2737.695126024511 0
8583 2556.726469399345 2291.814280109163 0
8584 3668.873034999612 2352.285652313989 0
8585 3545.515161231911 2464.287720170908 0
8586 3937.637171843311 2614.413854807327 0
8587 3310.603124931421 2651.846140120078 0
8588 2453.222673181596 2824.788427940582 0
8589 2440.075033886123 2860.756292549803 0
8590 3891.702610242504 2677.730576802899 0
8591 1970.414458202412 2802.599861521442 0
8592 2537.229718227578 2836.787218615649 0
8593 3333.712129598232 2844.854644082018 0
8594 3181.280376105097 2842.203809318326 0
8595 3255.470677396786 2839.867512429865 0
8596 3409.327354314719 2852.687708168027 0
8597 2840.687511516745 2840.479336730462 0
8598 3102.488359131643 2832.422134120314 0
8599 3483.360100718148 2843.376663075814 0
8600 2517.604198220952 2587.597699385702 0
8601 3297.155926924544 2422.102790265763 0
8602 2867.576033072656 2280.147162541604 0
8603 2435.545622886264 2561.861658864045 0
8604 2428.916204729991 2432.977775764649 0
8605 3558.169513461814 2570.448790269496 0
8606 3413.077850507903 2194.06237242685 0
8607 2660.246160196233 2429.893337814726 0
8608 2163.931607366733 2388.482141861737 0
8609 3542.230426985437 2557.372365172225 0
8610 3270.601523658735 2427.058835222753 0
8611 2359.338893407684 2602.520485938413 0
8612 2445.21553676246 2544.544339285738 0
8613 5427.291666666665 69.47555260157333 0
8614 3604.550216844319 2608.694972639712 0
8615 3614.964871533119 2619.497509572867 0
8616 3026.923209846302 2566.110181587679 0
8617 3035.719298256394 2561.79817803102 0
8618 2409.265302638772 2429.269651410465 0
8619 3509.095800971345 2514.577577383068 0
8620 2610.052148711638 2499.326017172875 0
8621 2691.201192769906 2574.000981081248 0
8622 2579.37006913903 2713.860904916547 0
8623 2925.607013628178 2686.017171107132 0
8624 2754.765858529666 2515.876265713981 0
8625 2731.345257683601 2523.9629068368 0
8626 2399.592959335057 2395.204011609568 0
8627 2460.023635145526 2531.36220723835 0
8628 5791.595709088489 159.0317922530562 0
8629 2362.181564180651 2426.185771660298 0
8630 2963.68447096791 2428.366333225867 0
8631 3594.007572729528 2605.997763178581 0
8632 3831.729775185355 4932.199119984655 0
8633 2539.375 69.33091363981612 0
8634 3335.161625470679 2550.106847854538 0
8635 3594.782757120251 2724.701701547081 0
8636 2738.658628156645 2449.03503732654 0
8637 2907.470001358214 2487.952160130353 0
8638 3069.746886180861 3021.734574195687 0
8639 2318.641876644602 2521.672193885587 0
8640 2706.028543669687 2574.738920741745 0
8641 2768.894419728369 2509.806480305625 0
8642 3711.23816212426 2477.884876727491 0
8643 3557.648754589885 2428.895625158834 0
8644 3208.017046399691 2524.378898418356 0
8645 2937.392370840619 4930.882420904187 0
8646 3022.974493125424 1636.003675187815 0
8647 3313.68958811721 2538.194287168359 0
8648 2175.217509424589 165.9202990478502 0
8649 3705.413095957731 2566.39367484549 0
8650 2705.546162123706 2595.534646306096 0
8651 1893.660539665569 1785.746035175795 0
8652 3281.863071971059 2544.697264368703 0
8653 3286.207625640916 2546.079530647276 0
8654 3413.530009794984 2396.70448032839 0
8655 3238.772158186707 2342.983582381644 0
8656 2990.325327146059 2540.843267631192 0
8657 1805.996651733642 164.8579735453836 0
8658 2737.651183764967 2586.67387892247 0
8659 3500.528735283346 2488.875251227189 0
8660 251.171503008688 1286.29983981497 0
8661 2330.793354021203 2373.98389702225 0
8662 2916.659279913308 2530.251838889742 0
8663 3558.126933765417 2893.856113339093 0
8664 2862.64730862345 2414.383019566416 0
8665 3662.53222137362 2635.231761465517 0
8666 3510.078210966582 2421.378656980055 0
8667 3005.303106294935 2441.990993151885 0
8668 3250.876852194444 2674.026460813355 0
8669 3250.984173571384 2473.137098286306 0
8670 2461.912655951387 2516.848791574529 0
8671 2671.403846850169 2656.957828739286 0
8672 1545.762196025776 4932.754390655005 0
8673 2746.59460965329 2543.064821048787 0
8674 3229.793820517164 2553.568879857219 0
8675 3305.818846235944 2577.627698898536 0
8676 2451.202296067487 2597.101123570111 0
8677 2426.080786577108 2394.952360434261 0
8678 3055.546216467744 2482.940471852835 0
8679 3266.927542644195 2569.295330903168 0
8680 3273.629252546597 2572.941894664286 0
8681 3347.300431212152 2464.067634533313 0
8682 2975.735914804824 2452.222230355814 0
8683 2428.943500388973 2501.487270815273 0
8684 2648.787436496956 2477.043684780218 0
8685 2975.221785110607 2456.426655163298 0
8686 2350.429622024589 2435.686705740958 0
8687 2332.324410604553 2552.719983758274 0
8688 2699.363270137019 2425.029252924834 0
8689 2500.397430176082 2287.742853054423 0
8690 2332.998088060572 2466.32086129218 0
8691 2331.350600585494 2460.141426950677 0
8692 2581.018556765418 2442.8676614649 0
8693 3094.53980230868 2140.735482598745 0
8694 2655.808214112171 2611.624947810163 0
8695 3057.465059916458 2476.018393381061 0
8696 147.9481961360407 1402.844069329026 0
8697 2871.625353416088 166.4084667826742 0
8698 3659.095462783357 2466.742322260359 0
8699 3639.667353210794 2407.698632963796 0
8700 4217.113207766647 2512.532256791114 0
8701 2474.253529472717 2482.709536575243 0
8702 2660.270338325247 2536.186895748561 0
8703 3386.576600871635 1644.631516518112 0
8704 5096.55741327582 167.0194952408369 0
8705 2316.734171708279 2514.220090747083 0
8706 2706.053419010562 2548.943587251674 0
8707 2385.669743436317 2455.190142082503 0
8708 2693.515975274193 2449.553984567679 0
8709 2993.618819860178 2629.287967100265 0
8710 1143.58961278114 67.64140037835523 0
8711 2458.131777314038 2424.077382950769 0
8712 1588.994608633875 3019.947217077639 0
8713 3006.165807938048 2388.284143112022 0
8714 3010.879088116067 2539.36733207499 0
8715 3473.693682806458 4837.137591615314 0
8716 3663.063983556629 2543.675732298626 0
8717 3673.655935853252 2544.880247634356 0
8718 3668.077825092239 2554.511787538057 0
8719 2171.608157238089 2589.921676620703 0
8720 2972.675728028882 2570.382645718217 0
8721 3098.255101505117 2323.890215842722 0
8722 5730.477577566848 4933.895391476316 0
8723 2603.130826359297 2444.43635620103 0
8724 3269.017272707059 2542.560494750811 0
8725 3584.695588648262 2371.170929693084 0
8726 3283.725419761003 2345.978367079069 0
8727 3285.729657980432 2326.275019468781 0
8728 2359.118649533852 2534.920391719113 0
8729 2893.931818679645 2738.659746871074 0
8730 3535.208333333333 67.53636811903698 0
8731 3622.845484719097 2471.579004714365 0
8732 3535.277942351181 2366.364177343353 0
8733 264.2898147064384 1493.344740351897 0
8734 4430.18459701008 67.39677116137227 0
8735 3205.315737098883 2471.787642803349 0
8736 3753.484940523651 2413.852893972561 0
8737 2892.756013589606 2455.982836799066 0
8738 2428.988512032344 2635.834374685155 0
8739 3065.355329405288 2575.287992503678 0
8740 2571.260112383663 2401.079264878476 0
8741 3637.3479639563 2542.777788022428 0
8742 2607.249613375716 2527.110619923301 0
8743 3559.346808649196 3117.168302141126 0
8744 2775.349925613441 2480.60576321351 0
8745 2774.019022723805 2471.6162986582 0
8746 2778.315875638072 2462.696985788039 0
8747 2791.540365375331 2466.59936969694 0
8748 3301.562108780211 2407.535070774185 0
8749 2422.566531986308 2031.28223609085 0
8750 3369.935744573013 2435.833303033051 0
8751 2311.500150199696 2577.603021373596 0
8752 634.2072501733755 2947.934965270063 0
8753 1791.104192469762 1824.331326561765 0
8754 2669.479111184894 2536.542747562586 0
8755 1900.862956628549 2223.982797432351 0
8756 3180.658471519144 2281.228316555461 0
8757 2679.627040463788 2587.181136260675 0
8758 3036.097729482272 68.39433378161357 0
8759 3109.559858646982 2432.995899714017 0
8760 2528.45645356713 2485.897730120294 0
8761 3263.753328310122 2555.804498264756 0
8762 3257.56660083856 2558.074899028046 0
8763 2231.67818817769 2074.5975539943 0
8764 247.5770599107918 1579.54270422798 0
8765 1643.369771256602 67.2876144010088 0
8766 2533.388148898556 2396.274700190861 0
8767 4692.388720263715 4840.237253275438 0
8768 3709.159914015258 165.6173437364687 0
8769 3003.98005019083 2274.613011282893 0
8770 3900.223977057698 2793.717403681029 0
8771 253.7521590128144 65.85490232050142 0
8772 3328.124681049954 2442.673465120128 0
8773 2837.430723789278 2042.234493176192 0
8774 2796.722335699649 2009.825801372278 0
8775 4235.373814309278 67.59409025664536 0
8776 3606.281202932341 2428.297233211248 0
8777 3608.88182448716 2420.468842278065 0
8778 3036.776754311182 2513.967474496217 0
8779 3639.188861164821 2444.449942947644 0
8780 3326.266387458418 2434.620246476336 0
8781 3281.741781244516 2421.34700038959 0
8782 2840.850364611679 2319.029066143356 0
8783 3545.09499418408 2532.953459294314 0
8784 3559.653292029458 2446.694242788964 0
8785 4952.937792918842 166.6566178043299 0
8786 2743.004782131069 2645.210119743372 0
8787 2355.397133572727 2467.859882475199 0
8788 2766.217232697623 2492.52502169513 0
8789 2278.346902832134 2384.047233872617 0
8790 3509.935058343389 2498.741279265612 0
8791 2613.279808652264 2485.484080029997 0
8792 2259.539790423721 2408.639003448672 0
8793 146.8333427719263 1696.536348525396 0
8794 2568.253400488569 2343.525584533792 0
8795 5060.028926091866 4836.661439388137 0
8796 2445.445443607982 2408.771761936878 0
8797 3295.912698924185 2601.713808991451 0
8798 2408.895976289996 2458.195414118857 0
8799 2648.202442405378 2439.431105294717 0
8800 2642.300739157535 2434.383410194797 0
8801 3391.754897128117 2581.882643853817 0
8802 2673.86129986117 2417.664812006301 0
8803 2699.198301806186 2543.606609139497 0
8804 3297.488892750345 2446.238352075912 0
8805 3682.360307119207 2448.77421146389 0
8806 3268.609953080923 2560.987158450343 0
8807 3508.031216518565 2552.984404551783 0
8808 2421.832309411435 2567.081901160625 0
8809 3332.689146821804 2453.740709682158 0
8810 2201.834011745505 2353.969028235489 0
8811 3107.601268165392 2641.73614047049 0
8812 3008.324820313644 2415.050196993402 0
8813 5639.515510501774 167.9273942621317 0
8814 2568.535222063746 2543.424433457744 0
8815 3175.836324197172 2014.631095555384 0
8816 2860.459459486658 1988.394632932388 0
8817 2330.542807350792 163.8997447075994 0
8818 3241.699960726625 2531.860046644099 0
8819 3285.754202470183 2454.671002115641 0
8820 2938.964565871779 2487.082670421665 0
8821 3173.650109839922 2535.239438108488 0
8822 2335.241415131343 2574.499999822552 0
8823 3952.105775561713 3007.192304348108 0
8824 2947.182064371149 2527.397517683969 0
8825 2733.194102489375 2503.069901278827 0
8826 2998.071989355327 2451.27168820395 0
8827 1743.089731054425 1380.691159692862 0
8828 3033.197787539304 2501.215326170036 0
8829 2119.814351262532 2537.59773252799 0
8830 2345.940332759251 2399.443473366183 0
8831 2754.227837396059 4927.895314191919 0
8832 597.5000000000009 4848.22676919993 0
8833 2652.642726391857 2529.688826516744 0
8834 3561.587064688335 2687.345408334199 0
8835 2759.885800064227 1971.74369334607 0
8836 2423.125602885629 2530.910699234556 0
8837 3046.55271228831 2516.396365414707 0
8838 71.88783469042528 1859.90545264954 0
8839 5228.125000000002 4934.843037543332 0
8840 3315.006106804296 2581.559074075254 0
8841 3952.57582142813 2191.782591811836 0
8842 3773.708253541063 2413.968411143736 0
8843 3794.650765137683 2399.255631541138 0
8844 3812.547688709799 2424.597114895246 0
8845 3542.018421938399 2498.556869595929 0
8846 2691.804745027013 2400.660500618418 0
8847 3457.406497879734 1992.338196183889 0
8848 2400.589739463069 2576.490904209722 0
8849 2944.904554409815 2609.965339477541 0
8850 3531.978489087627 2499.184306643652 0
8851 2725.621782931782 2453.119683856256 0
8852 3122.69405176921 2404.004114292811 0
8853 2651.553728378977 2863.034826970848 0
8854 3293.921050114571 3368.776047108117 0
8855 2382.583626421649 2374.416739798151 0
8856 2398.560706035478 2451.351750376599 0
8857 1611.750925454921 1433.043959054712 0
8858 2244.169945450153 2506.151710800833 0
8859 3028.960220025212 2481.747480255598 0
8860 3276.280387370763 2972.403166462758 0
8861 2732.209321717607 2251.972440526251 0
8862 2356.870874141458 2418.546800225833 0
8863 3519.369216040999 2838.403905667896 0
8864 1702.351344970577 2710.659927399038 0
8865 3541.171822138984 2519.235895168472 0
8866 2819.112141525037 2583.754424554737 0
8867 2776.681161221284 2452.173152905239 0
8868 3673.816649266987 2451.398749555979 0
8869 2801.191964571283 2516.520248970996 0
8870 444.6977417882654 65.21147337292268 0
8871 3641.086226212757 2498.490723046513 0
8872 60.11264244993254 1948.579204361813 0
8873 1633.760581623191 2100.647021228237 0
8874 2877.945695415547 2496.838117675795 0
8875 3120.533470416477 3366.914752732891 0
8876 2578.918593876801 2532.680466528327 0
8877 3565.922071614666 2570.99455229137 0
8878 3600.845530405105 2451.774131434794 0
8879 3634.791666666667 4935.698920455925 0
8880 2235.779705404035 4928.373739154371 0
8881 3265.529496242082 2539.133609041618 0
8882 2983.68359199612 2228.434306211745 0
8883 3323.948968555613 2480.792416880292 0
8884 3533.937863355701 2509.313928161507 0
8885 2902.131795954245 2452.466823075674 0
8886 2903.747517048002 2443.22867838411 0
8887 2702.202999374457 2456.686360560954 0
8888 162.0529649034183 1219.316031270088 0
8889 2938.438049013751 2573.548530494527 0
8890 3533.51664188024 2571.890644965287 0
8891 3185.896890208242 2430.57796093295 0
8892 2526.739869689191 2272.090981233646 0
8893 2672.426233673413 2338.717189669612 0
8894 3272.203183913584 2334.85270717901 0
8895 2942.342491474168 1673.18101525512 0
8896 2727.53739841732 2507.80451699651 0
8897 4334.963484175503 4934.84301544743 0
8898 3337.330082226599 2494.644527563468 0
8899 3336.333089096386 2490.991765788231 0
8900 3593.577757002165 1849.075163993073 0
8901 3766.168429840945 3068.012038088332 0
8902 3035.591507374843 2487.644022819203 0
8903 3080.877239081071 2253.854334191228 0
8904 4601.639698195708 3219.714045684268 0
8905 2675.130920721794 2546.286195709212 0
8906 2963.409146661411 2698.923812654165 0
8907 170.4252783786569 2036.963549641246 0
8908 2201.843160005066 2232.218050689957 0
8909 3686.243280040931 2750.248495839081 0
8910 3223.112019279607 2350.414535798406 0
8911 1448.092757297186 1421.721971939694 0
8912 3318.701428584733 2572.472930548216 0
8913 3454.6345561833 2440.035194425639 0
8914 3466.863032717569 2438.193447128333 0
8915 3489.686115188108 2442.284344228715 0
8916 3800.53659816545 2449.385430114297 0
8917 2694.396924185653 2544.534941839753 0
8918 4680.432773984792 3077.298018553789 0
8919 2222.75586986839 2789.596970245562 0
8920 3998.069246532575 4840.888799688702 0
8921 2106.597775205785 2505.759108744759 0
8922 3664.097701206432 1866.761980097284 0
8923 2164.490837684272 3081.107814810844 0
8924 2122.040750474613 3161.997883647 0
8925 3002.919406904184 2453.211201648759 0
8926 2418.119403350715 2651.202776921394 0
8927 3583.922874484613 2550.741139624163 0
8928 73.06170252988795 2160.122376485462 0
8929 3422.414155423717 2570.011819809184 0
8930 3166.68793264841 2433.259367039995 0
8931 3456.005514483532 2662.054916368651 0
8932 2075.687631241361 2390.453014809937 0
8933 2109.974910273927 2369.740189907355 0
8934 4765.562453399483 2927.316741871426 0
8935 3786.545747088798 2736.686073289265 0
8936 2523.18875886746 2874.966015236559 0
8937 2407.459075063035 2340.664144263486 0
8938 3926.089807234001 2378.175001391724 0
8939 2665.581080565989 2456.236539324526 0
8940 2741.655747496999 2530.41348875615 0
8941 2153.917160101776 2032.030601469178 0
8942 3360.516924109354 2401.459442142307 0
8943 2743.729635843433 2658.30422670141 0
8944 3377.102711861873 2516.60193976144 0
8945 3007.519282292138 2649.544901136218 0
8946 3572.557099188289 2609.448734908104 0
8947 2465.586900102271 2674.620722638689 0
8948 2453.416562069895 2693.739034494291 0
8949 2462.106991662734 2715.130978003428 0
8950 2475.721159605554 2741.159363821187 0
8951 1399.195643119897 1179.643648507593 0
8952 2731.14866540089 2571.190434866999 0
8953 2932.098206530106 2225.885091623546 0
8954 2944.459449278252 2453.635757213671 0
8955 2820.128108521071 2598.850012355168 0
8956 3107.28277945178 2378.131852621288 0
8957 4852.195107432751 2675.858698671255 0
8958 58.97909599638342 2249.102475264999 0
8959 2419.053741658427 2532.305432611137 0
8960 4335.056871208695 3076.911702745102 0
8961 3207.661525568562 2577.126802842095 0
8962 1134.752034982075 4752.868132483673 0
8963 2768.607072971006 2403.028898860787 0
8964 3279.545064258675 2570.656180371488 0
8965 2621.899698188525 2530.579452997034 0
8966 4931.50397029568 2528.905932814496 0
8967 2644.86012763765 2450.963415824122 0
8968 2906.651115765372 2532.291737956151 0
8969 3342.119851269475 2524.792196619958 0
8970 2912.045578333286 2633.178981317433 0
8971 3617.535580012178 2560.787866338507 0
8972 2673.180320334937 2448.470073288626 0
8973 2893.141021395847 2580.230017976939 0
8974 3179.515773094463 2497.620130167707 0
8975 1266.966826342397 1226.151033426564 0
8976 2714.467165734958 2464.853602056708 0
8977 2110.639036642878 2596.965009290906 0
8978 2376.3692824002 2297.173507712809 0
8979 2412.227954436769 1979.413742376064 0
8980 2380.571489110212 1873.970475862252 0
8981 4423.386087521156 3126.350402725662 0
8982 3260.887441870003 2736.883746101859 0
8983 166.0354244715868 2341.178556705232 0
8984 5024.652399057726 2472.177821283041 0
8985 2945.795580192172 3367.191291495379 0
8986 2273.406214875416 2364.187919017452 0
8987 3048.339314273823 2872.47582612011 0
8988 787.2947437710682 4844.741152774901 0
8989 4510.728429300779 3175.391868655741 0
8990 2423.918285912877 2451.201319050703 0
8991 4508.834556981529 4838.626920980976 0
8992 5111.401804191996 2226.553661812017 0
8993 2388.398979976456 2550.587679390071 0
8994 3335.515684564186 2377.516995503134 0
8995 2999.580358879381 2549.10400218108 0
8996 414.0571688162436 4842.956611610856 0
8997 3306.673582652296 2261.946303621597 0
8998 2726.82585769717 2530.897004886182 0
8999 3235.507068626008 2601.420628482312 0
9000 3333.643771817347 2557.681357385728 0
9001 2314.726087112018 1907.977345855757 0
9002 2302.941708596368 2405.304114169722 0
9003 2766.859107896576 2466.315904416203 0
9004 1952.28070874584 2638.580844570537 0
9005 2750.545295342599 2971.789744021268 0
9006 61.07822868818357 2450 0
9007 2790.124620914031 2516.659920114853 0
9008 2498.561616120461 2386.087676472388 0
9009 3258.516182109536 2535.085240609879 0
9010 3331.935099102743 2661.185822474834 0
9011 3242.49509248371 2515.440548613957 0
9012 2818.832646220952 2676.841877406143 0
9013 2838.641547372101 2668.043516701404 0
9014 3053.2251056847 2561.908848816524 0
9015 1094.278565261656 1222.213834314541 0
9016 3385.698913643499 2525.392102970605 0
9017 2604.270363800755 2475.56653432858 0
9018 2606.36157063159 2484.437007477823 0
9019 2281.467076204361 2756.424443142153 0
9020 243.9853822349719 2889.976082537818 0
9021 3087.533530581217 2743.752627993703 0
9022 3431.278336952331 1856.504250974216 0
9023 3770.403521815055 1943.513098690774 0
9024 3153.402448691063 2571.329765168207 0
9025 2966.924888841919 2550.654110302593 0
9026 2971.11660550939 2458.102103667458 0
9027 3025.462338092106 2452.534406255254 0
9028 947.3468968892912 62.92568113799643 0
9029 3024.776325124108 2574.996518288572 0
9030 1545.944836604461 1387.266548025307 0
9031 5185.918396348266 1978.477833495637 0
9032 2342.078495498538 2457.027405753113 0
9033 2079.127661732637 2221.949044778366 0
9034 3327.684850279167 2527.124321037154 0
9035 3929.560002940955 1999.415830265828 0
9036 3534.652963940422 2528.624229092324 0
9037 141.2546545428622 2797.657448451829 0
9038 1931.539468721165 2481.978586591606 0
9039 2435.286038612515 2710.892188728264 0
9040 250.3421538673874 4937.588299396692 0
9041 3658.222026254743 2550.972821859667 0
9042 2712.495958292721 2537.954222275158 0
9043 3123.999223206688 2314.179111548197 0
9044 2647.538975304479 2547.643417227688 0
9045 164.0972616716599 2538.350401659087 0
9046 3560.368663996813 2612.669121496438 0
9047 3304.90953664886 2458.816583991624 0
9048 3796.61884260563 2580.557598573986 0
9049 2628.088560070525 2533.049513954355 0
9050 5281.128152778082 1927.149933660115 0
9051 3516.766774012785 2448.130842848529 0
9052 3353.768394323422 2465.764207424759 0
9053 2626.502120605337 2365.368809515927 0
9054 3051.151227510002 2472.849973418518 0
9055 3258.278276475728 2406.026223192648 0
9056 3262.431262234632 2398.809189609849 0
9057 3677.664977790133 2535.269980914682 0
9058 3434.009567373133 2694.720011810267 0
9059 3975.522836101344 2848.768544590284 0
9060 2775.173500415593 3366.124407642458 0
9061 3076.609864166701 2383.403230585473 0
9062 2247.596572918538 2518.876507366199 0
9063 1052.555306093883 976.9207320691694 0
9064 3379.694006648167 2552.478701988014 0
9065 5352.542963676282 1874.32428043931 0
9066 73.16447146574455 4926.724581887585 0
9067 73.16447146574274 73.27541811241417 0
9068 5901.835528534255 73.27541811241463 0
9069 2961.302883347099 2364.795279206131 0
9070 3318.593264472036 2460.197044159726 0
9071 2857.986288526758 2746.205234793046 0
9072 3318.923598481274 2278.812001075771 0
9073 3020.02067629963 2448.1373485254 0
9074 2391.369479520821 2567.170465826249 0
9075 2465.483388285042 2461.091720189007 0
9076 2316.255933062921 2350.801867918618 0
9077 2889.339739578178 2474.230939963263 0
9078 59.75490665595225 2647.932441391747 0
9079 2920.373109969237 2481.057997182082 0
9080 3484.327400796705 2367.76124937688 0
9081 3326.251880389232 2531.357650340446 0
9082 3260.476617135444 2465.030828547579 0
9083 2347.322510221666 2429.402631039212 0
9084 5482.699439053296 1926.174520313918 0
9085 2433.582883212914 2479.326485506501 0
9086 3744.819996331705 2515.670658088528 0
9087 2638.841234056413 2463.182784699583 0
9088 2924.369159711511 2477.662623339164 0
9089 2774.774501932609 2871.754529306409 0
9090 2675.402855509673 2542.711037905809 0
9091 2387.370319221417 2554.713542366763 0
9092 2442.87019505145 2491.409885578216 0
9093 2693.313687148787 2713.667312669528 0
9094 3160.711598804015 2507.424842108344 0
9095 1695.818950315704 2391.538150615535 0
9096 5902.669454820067 4927.555033480538 0
9097 923.2557533269414 1024.631459375869 0
9098 2925.59606832142 2324.74801468004 0
9099 3238.825975804247 2491.391795729392 0
9100 2792.99186516234 2404.118767240888 0
9101 5546.964857140871 1876.479455644113 0
9102 3625.845384513055 2475.274832660496 0
9103 3629.439283158518 2482.093936689087 0
9104 3187.261658236997 2496.797707563715 0
9105 2274.474813949194 2522.253752498537 0
9106 3216.392852271485 2501.176222815465 0
9107 2974.800067340309 2559.325952289972 0
9108 2589.268632313192 2536.849923241592 0
9109 2701.519108683571 2452.731363317624 0
9110 2472.843432585154 2419.054445346405 0
9111 2435.744999065806 2517.151774363222 0
9112 3349.326128660506 2091.58533113006 0
9113 1558.050549459329 2051.269565957889 0
9114 3007.945420938007 2405.249823334747 0
9115 3210.9364054975 2454.95320268023 0
9116 2190.584396695141 2203.960231481646 0
9117 3286.470200942509 2550.671999378863 0
9118 3490.056363613643 2523.70773160931 0
9119 2361.362278107499 2463.471195511552 0
9120 3014.654413871137 2437.870482287169 0
9121 4284.087666265326 2352.288902937233 0
9122 2947.06786171112 2443.014782304812 0
9123 2613.389236320368 2459.315769220032 0
9124 3027.270251316471 2530.075389037431 0
9125 4044.237606162355 2737.614631652696 0
9126 2296.779885303271 2596.351656144242 0
9127 5817.187065761373 1182.395526980343 0
9128 5903.007534285034 428.8278238797511 0
9129 5902.920665356611 571.2546750306701 0
9130 2998.380700451006 2352.4864230468 0
9131 2791.490425004882 2589.782935882377 0
9132 4280.179738058836 2254.059123983407 0
9133 3308.791390781951 2455.382864001308 0
9134 3809.21188060146 2469.406249845872 0
9135 2422.357741182901 2470.713537065321 0
9136 3668.993271199312 2649.429296432053 0
9137 3590.723521312578 2573.518351575251 0
9138 2473.029924796218 2553.924211572838 0
9139 3607.967083875789 2455.673870450089 0
9140 2661.81154288934 2457.587475410494 0
9141 3074.2826992829 2445.103869448773 0
9142 2174.880909889011 2458.61728095583 0
9143 2292.99986791367 2526.581240017065 0
9144 5781.730123279885 1830.461554787561 0
9145 2422.905161140595 2464.990848807998 0
9146 4305.846406745594 2645.538154888924 0
9147 3629.443269312171 2534.465860032769 0
9148 4280.225026654586 2528.998475604178 0
9149 2327.954715649833 2298.566129183215 0
9150 2342.559656893329 2504.703422351 0
9151 1993.058237675542 4860.715014562716 0
9152 2998.234005312361 2552.87423847456 0
9153 744.7491822579136 1025.455982234032 0
9154 2877.117197988287 1630.578142952687 0
9155 2943.364001079671 2526.473394901061 0
9156 2435.666460086562 2502.535006034114 0
9157 2640.833146151841 2508.91643139656 0
9158 2351.845132414013 2473.191561640841 0
9159 3738.28551574823 2769.071376037396 0
9160 3771.68046360112 2770.135684025503 0
9161 3666.464225100857 2227.065232592033 0
9162 2338.283363137106 2632.365069156882 0
9163 2938.682712181598 2494.4756276755 0
9164 3384.99197156332 2430.03112510431 0
9165 2705.574574964851 2861.789978773244 0
9166 1219.085900570989 1174.595198747168 0
9167 2662.999914521868 2568.910421139622 0
9168 2346.5081471229 2727.550703886281 0
9169 2602.850488120847 2502.47032285102 0
9170 5785.692735121054 1028.247117866873 0
9171 2392.028074725287 2413.680580234965 0
9172 2401.74819493906 2547.334501181017 0
9173 3508.810063111059 2571.424029929837 0
9174 2515.607398898435 2440.993304786656 0
9175 3237.588935583365 1987.627465613063 0
9176 2228.091379349201 2445.689100383632 0
9177 2689.816648579813 2338.561172824966 0
9178 2655.639739891976 2463.403314632039 0
9179 2621.571903321077 2157.665462974446 0
9180 2578.963561067505 2457.119641504259 0
9181 2923.424388865212 2630.8814770605 0
9182 5626.747417791186 1830.346981791215 0
9183 3954.405729396758 2749.65370403508 0
9184 3558.622120049987 2534.861456007503 0
9185 2994.012163699803 2544.219060551226 0
9186 2330.008498385176 2531.583670324164 0
9187 2775.521813956213 2502.271938680913 0
9188 3239.376020763547 2511.720711471917 0
9189 2953.611635638641 2526.107512367247 0
9190 2390.664020278763 2547.65549988069 0
9191 2776.889276636892 2529.635075509736 0
9192 2942.485106891193 2495.437686554046 0
9193 2355.073846313287 2406.78209086114 0
9194 3384.30482857847 2535.25828892776 0
9195 2697.592777983252 2550.557442538574 0
9196 1836.032428861837 2406.927936681017 0
9197 3548.301021196797 2472.647848551234 0
9198 2650.46390550113 2526.29055231705 0
9199 5709.956351799341 1873.214150560473 0
9200 3592.831769401055 2617.391087277133 0
9201 2890.348179283208 2489.142891443655 0
9202 3576.942432266166 2406.966712584804 0
9203 2882.814715489048 2936.951999583554 0
9204 2421.251778336704 2729.583121820896 0
9205 2959.671449207241 2459.625474382238 0
9206 2994.661104701454 2450.542226563847 0
9207 3605.479886234415 2545.536356083655 0
9208 2488.182246341121 2423.595240810845 0
9209 575.1846045616462 1019.115114850248 0
9210 2882.332723452221 2490.564257155515 0
9211 2644.892107423031 2463.86932153238 0
9212 3719.064221457202 2509.598753195905 0
9213 3322.700604431823 2588.5241523979 0
9214 3487.513756243845 2184.346942651812 0
9215 3014.473171376878 2541.927636025891 0
9216 2722.74465217673 2473.114064602545 0
9217 2596.12213689144 3367.181134106349 0
9218 2948.160316478109 2462.169298418119 0
9219 4198.732699275986 2447.538004862353 0
9220 1127.983614679624 3098.484572064628 0
9221 1294.272722707439 4856.630171955983 0
9222 3476.491553412722 2302.966894854772 0
9223 3377.53803694962 2562.682072083539 0
9224 3214.017734429822 2633.370212157857 0
9225 2515.131586234404 2970.006831566493 0
9226 3713.397818186952 3044.958944309701 0
9227 3361.764345648987 2322.353053191726 0
9228 3703.095688935553 2486.126029451832 0
9229 1426.923043428672 2226.890531476934 0
9230 1994.295929979489 2440.448375011048 0
9231 1028.716797620761 3021.613096425995 0
9232 2778.732623026724 2544.155609401663 0
9233 2208.511265474544 2021.156027122381 0
9234 2616.706875342112 4931.704520361574 0
9235 2261.341441625874 2521.518769230228 0
9236 3315.557980881234 2458.895421545803 0
9237 3616.065841581429 2183.884730242267 0
9238 161.9768783640079 2731.872373989865 0
9239 3626.735283344753 2470.840568539762 0
9240 2708.035246766909 2285.396615540801 0
9241 3154.650369024511 2715.370238946034 0
9242 2322.253678676748 2218.406600636188 0
9243 3472.417413763025 2419.82296855985 0
9244 2756.662970637234 2197.485898408031 0
9245 1413.245843149596 2099.524040864425 0
9246 3667.424366661363 2437.620013424612 0
9247 3403.472461354052 2488.232107368642 0
9248 493.4264451614076 967.1591614630097 0
9249 3020.353050581641 2440.089416854586 0
9250 2342.169564331064 2479.630538511209 0
9251 2447.847193961751 2483.349386765412 0
9252 3019.448932945755 2620.242468475155 0
9253 3624.980949456425 2443.500334778676 0
9254 3647.760112136069 2515.098325546187 0
9255 3596.576816315971 2551.175473447505 0
9256 2978.944951427609 2572.130579157069 0
9257 3571.880777018874 2573.392876630143 0
9258 2547.401501953631 2384.281750432439 0
9259 2571.710986426916 2363.172580671634 0
9260 3439.471917364132 2306.627612522037 0
9261 2955.724551393598 2464.263567810281 0
9262 2408.390541801466 2544.299040082545 0
9263 2409.255566984908 2547.586728135469 0
9264 3581.699143037579 2457.011365108069 0
9265 2439.291219079034 2503.601297806279 0
9266 3641.14109451488 2494.339055568451 0
9267 3361.695490813063 2589.656705270402 0
9268 2441.770084580426 2440.349544000588 0
9269 2451.114005386436 2549.088647282564 0
9270 3624.298353202597 2389.802368706171 0
9271 2646.555036048082 2482.764231611628 0
9272 2907.563041446806 2518.120052318636 0
9273 2717.208992180576 2547.843679387608 0
9274 3499.013531508849 2559.007341792464 0
9275 2655.486979157202 2531.490041733436 0
9276 2960.403725543332 2908.098683873951 0
9277 2159.456205207855 3218.283898531338 0
9278 3320.672593709229 2419.057921502796 0
9279 3567.814664907998 2540.89594284136 0
9280 2613.628374122177 2468.885357913101 0
9281 2956.609746199384 2551.192774482863 0
9282 1878.051483053829 2758.895049092935 0
9283 1952.168179301789 2591.133728346229 0
9284 2638.76717631293 2513.093690343646 0
9285 3764.989474842612 3140.625912737587 0
9286 3237.126425051695 2499.948921393725 0
9287 2381.73927244021 2456.242929945472 0
9288 2425.869658161318 2522.156470342123 0
9289 2734.88657512014 2744.515263290549 0
9290 3278.757008929695 2754.26919132989 0
9291 2480.94498508477 2548.81413267524 0
9292 3452.980948422329 2586.402017247744 0
9293 3627.558900187751 2612.000424726006 0
9294 2953.69884757539 2431.773719407407 0
9295 3608.696609112335 2451.93972756748 0
9296 2808.266126023348 2371.305766164464 0
9297 3635.068373752418 2482.273652501142 0
9298 2573.096375864367 2674.882242578844 0
9299 3001.474131441643 2579.371774396359 0
9300 2430.79951658004 2580.190927810959 0
9301 3930.141301872753 2830.289989934266 0
9302 444.0252670483269 724.0123242145057 0
9303 2343.149588647018 2509.581183035729 0
9304 2339.811227056538 2512.138645060102 0
9305 3389.797356815869 2598.087941091769 0
9306 2079.955857667365 2345.585300998954 0
9307 3298.994761509962 2548.040931293997 0
9308 2755.451829355838 2365.297960426255 0
9309 874.2564322847466 973.8714016249096 0
9310 2330.248595805209 2358.661084666056 0
9311 2343.628196629695 2351.757490882419 0
9312 2370.577229629697 2218.199796164978 0
9313 2746.192125589902 2526.728510278831 0
9314 1764.667987125965 2434.892169686238 0
9315 3542.587730007912 2468.234936383724 0
9316 3512.553104645819 2698.959853235948 0
9317 2677.843437690444 2547.978261279677 0
9318 3243.127662427831 2506.707796569912 0
9319 3544.258106748751 2458.886538171364 0
9320 3491.105609138564 2554.541562682102 0
9321 2885.977825040617 2028.069617200958 0
9322 2932.738555709238 2567.05115983921 0
9323 2697.366912745489 2452.016874301675 0
9324 3555.157173219148 2537.175963858204 0
9325 1869.534832012119 4929.487152385576 0
9326 2083.984391875828 2145.908368535998 0
9327 2381.24082925019 2578.750711878198 0
9328 3502.112138403896 2496.986061482389 0
9329 348.4981767119993 672.6156575029695 0
9330 2421.987633895253 2624.364397120286 0
9331 3171.435463093833 2519.631352612334 0
9332 2690.637228227973 2452.135146767924 0
9333 3010.681855980848 2440.966171196073 0
9334 2563.232895293642 2223.841528658195 0
9335 2358.41720342144 2554.736861104062 0
9336 2343.99912221329 2523.078152255055 0
9337 2730.892380719226 2505.943876349121 0
9338 3189.039793440773 2373.345616864411 0
9339 2433.678950037543 2490.225832234346 0
9340 2665.554399570273 2620.164751234565 0
9341 2251.771280291409 2583.550992805933 0
9342 3205.679579852671 2535.217083028977 0
9343 3070.020409917557 2415.348465134297 0
9344 3336.503250877834 2506.680117554398 0
9345 2406.413102918197 2856.530344849571 0
9346 3003.002301682441 2637.872565907856 0
9347 3594.906317826448 2569.943782511283 0
9348 3351.497442969472 2723.670634281618 0
9349 3018.916240994281 2469.034076950797 0
9350 2482.445235657716 2476.806735289591 0
9351 2758.213734152615 1577.086192732046 0
9352 3268.31732680305 1911.349639836909 0
9353 3524.413522658178 2572.607764362057 0
9354 2697.194773955028 2547.019360952963 0
9355 4043.485238436003 2460.560746867254 0
9356 3353.885668454372 2512.078112494703 0
9357 3595.75008584244 2839.67312882981 0
9358 3596.830266246039 2877.703057470138 0
9359 2166.16532043393 2568.925689830951 0
9360 2299.15720128655 2424.697561019859 0
9361 3967.893615286898 2928.293939205328 0
9362 3250.175639791633 2418.012556031676 0
9363 2604.139250011881 2454.283756656498 0
9364 2570.773112296 2575.842443580435 0
9365 3289.492612562333 136.663726100126 0
9366 2754.93274978065 2522.606965533345 0
9367 2326.333719829235 2557.951624384941 0
9368 276.2201071205036 621.5727403951537 0
9369 2994.731092303929 2379.78489073239 0
9370 344.8232118683663 3043.136491737087 0
9371 3275.67639902212 2407.577621770153 0
9372 2717.030418893622 1801.109053393031 0
9373 2343.005727144123 2490.841429837617 0
9374 2182.478153288115 2782.975397412828 0
9375 923.8852834296586 4846.121173421445 0
9376 2476.659007067963 2613.439945959746 0
9377 3318.637669500395 2464.072607673025 0
9378 2926.003140150488 2307.49060867839 0
9379 3345.909282276305 2515.306434322657 0
9380 3274.616344426801 2537.954025429929 0
9381 3179.64329604421 2480.129642913734 0
9382 676.0402197452363 977.9101865550165 0
9383 2356.604204914578 2530.90376454678 0
9384 2342.116423863412 2621.197214247441 0
9385 2935.999273360351 2516.816861594848 0
9386 3465.011915793943 2338.114302391571 0
9387 2640.710898192379 2517.202861215915 0
9388 2638.836558044673 2521.27057341583 0
9389 3840.204905153178 2422.19141696093 0
9390 2943.397345299836 2506.723394939969 0
9391 3576.948903952287 2456.714964187266 0
9392 2634.574829066091 2512.82231863437 0
9393 2371.199271301467 2652.262523840448 0
9394 3544.727404602902 2515.386696924244 0
9395 2448.469797363513 2474.181817516627 0
9396 3555.987915942909 2541.46354154428 0
9397 2911.155426499613 2243.700661924479 0
9398 3379.578560560401 2542.895480694847 0
9399 2711.268129310629 2680.169119963137 0
9400 3573.614463102315 2361.90871828353 0
9401 2703.226463688416 2178.648043706656 0
9402 3527.073599830343 3175.039211052751 0
9403 2870.674309434088 2587.217872726933 0
9404 3455.024680319299 2878.270034484739 0
9405 3749.902418461023 2662.50328313453 0
9406 3479.544018246404 2513.342709752166 0
9407 2426.193355583585 2534.211176107917 0
9408 2581.603229794639 2509.40971016446 0
9409 2427.000254955549 2202.828965079835 0
9410 3533.827518694555 2465.674722901729 0
9411 2987.756207337739 2458.889206030775 0
9412 2370.122100680174 2449.0754552311 0
9413 2639.183775625307 2351.82913383603 0
9414 2495.803712436516 4862.182754123201 0
9415 2634.862365275644 2494.076374038005 0
9416 3605.066786118452 2384.633094363773 0
9417 2727.195555417054 2526.403036225171 0
9418 3707.510235013484 3243.264096574723 0
9419 2711.794944019503 2549.022512436213 0
9420 2199.673753807022 2664.169220954791 0
9421 3216.284545357158 2559.701642480703 0
9422 5380.633375512528 131.0020346776951 0
9423 3302.639495582005 2452.209874912635 0
9424 3306.076173761674 2451.704535503319 0
9425 2958.033833241359 2218.505493304448 0
9426 2132.587249014334 2460.323131227116 0
9427 3591.953056893435 2551.80422877955 0
9428 3588.867433298963 2549.905361818296 0
9429 2950.211983079199 2525.634782590123 0
9430 3579.689309499378 2721.458279604143 0
9431 2734.333257161422 2447.869080561378 0
9432 2914.739601151964 2490.845529167159 0
9433 2832.951981962592 2221.579191514118 0
9434 2426.540139730205 2478.151748398815 0
9435 3604.288763543686 2541.602567343823 0
9436 3107.537090970191 2409.859192015163 0
9437 3502.4366236388 2437.249783768656 0
9438 2389.38269657127 2334.465637869165 0
9439 3245.102683789003 2521.356137536547 0
9440 2586.446162731391 131.1974096144795 0
9441 2722.275829424685 2274.287026475324 0
9442 2671.20250655053 2540.964637320259 0
9443 3679.198930396139 2564.646616389266 0
9444 3325.374431075647 2484.065285460361 0
9445 2766.857162251242 2475.691452019993 0
9446 3579.932998600015 2553.324046358889 0
9447 3034.076742056483 2555.638822953975 0
9448 2960.994970843949 2172.681079429189 0
9449 5476.295111087668 4865.651906284728 0
9450 2317.773281307493 2477.750887232799 0
9451 1760.82225791861 1702.131327732149 0
9452 3629.788048719706 2526.45600423031 0
9453 3595.306084849855 2539.243838644583 0
9454 2747.539870904714 2538.719721673539 0
9455 2718.184426359708 2531.414960693765 0
9456 2667.481600009599 2452.805475413307 0
9457 3548.366226287092 2530.891124399057 0
9458 3919.984339087111 2707.650182577392 0
9459 3315.032835196679 2534.857226587906 0
9460 2679.703926131449 2351.715585382535 0
9461 3025.683005831468 2514.876050977919 0
9462 3819.042619795582 2731.678811231821 0
9463 3564.517903401957 2417.366253887337 0
9464 1846.52880511481 2194.982865293336 0
9465 3619.077129789399 2458.41711985353 0
9466 3612.517633078284 2461.722479214621 0
9467 4274.452165174527 2166.403532577285 0
9468 2361.697436302816 2265.517051918741 0
9469 3338.552007325998 2456.798882044152 0
9470 3345.079209643155 2457.189441661748 0
9471 3480.480374395929 3280.427345470412 0
9472 2325.70044880717 2534.579897193831 0
9473 2472.905333929452 2562.514056818628 0
9474 2487.614986921753 3293.440380146413 0
9475 3185.532817524792 2058.562074286346 0
9476 1074.040591730526 1099.771370791727 0
9477 2726.831921739667 2469.270328297678 0
9478 2585.665312967793 2646.332899657551 0
9479 1761.578200747226 1607.076495178502 0
9480 3358.255356546678 2389.792094126146 0
9481 3220.56543371593 2090.77925743801 0
9482 2407.088701051351 2572.912590420321 0
9483 2964.292583615758 2538.419658541713 0
9484 2961.907290468645 2541.611667637167 0
9485 2656.28186396306 2535.517456820859 0
9486 3793.908746356447 2193.536888163329 0
9487 3549.034869601398 2526.855248986829 0
9488 1417.361843649946 1302.811716084939 0
9489 3014.867624615437 2464.941497122854 0
9490 3491.518416420541 2510.106415812601 0
9491 2701.634945063863 2581.389198091748 0
9492 3222.18493424091 2637.904083878677 0
9493 3104.533527521085 2078.06573741845 0
9494 2146.977814431258 2768.788686522294 0
9495 3977.93460545534 130.3426277613826 0
9496 3230.253177394972 2479.625956911584 0
9497 3627.493550069878 2601.027050936812 0
9498 3207.157577124842 2556.806240837538 0
9499 3284.628279547683 2922.149232326468 0
9500 3569.561272979047 2448.292442293787 0
9501 2719.33705062742 2452.873459598252 0
9502 3640.842939635022 2349.304797524237 0
9503 2346.912057563642 2516.927706630808 0
9504 2723.998571768531 2443.275896638515 0
9505 3034.041746819244 2526.157975844661 0
9506 2681.811978644862 2304.567304340129 0
9507 3660.322295088086 2568.434908030951 0
9508 1760.691488327085 1508.387017171683 0
9509 2243.628897535811 2420.335776061966 0
9510 2135.453513617164 2384.491303987115 0
9511 2625.863744305568 2390.74364650587 0
9512 3030.946263522407 2442.814427182026 0
9513 3249.506136689471 2478.064232790112 0
9514 3501.289543955038 2567.754661437497 0
9515 2935.687038207127 2583.303198028389 0
9516 2448.20065762196 2493.518682834334 0
9517 2916.215772615994 2393.065477932689 0
9518 3543.290746255904 2572.196605280368 0
9519 3526.75877758096 2495.55465273739 0
9520 3201.862008198244 2456.882053941797 0
9521 3096.124831417456 2535.828775247639 0
9522 3866.704989726715 4759.684519213932 0
9523 430.4577042502469 3090.384680166308 0
9524 2531.958119212718 2464.731741292377 0
9525 3033.889484706775 2614.728018299973 0
9526 2427.856884652897 2669.525089588712 0
9527 2637.99391724919 2505.85380912337 0
9528 3172.410468557674 2233.738949382077 0
9529 2382.996370790203 1789.82825695819 0
9530 2393.482528940719 2155.196143313024 0
9531 3324.144618231629 2609.600541734388 0
9532 2943.028788478355 2499.333933941208 0
9533 3948.30429227453 2441.807473177994 0
9534 2328.854880930781 2599.906938515782 0
9535 2176.920292058748 4858.639682753117 0
9536 3036.215349396683 2522.790858560074 0
9537 2448.761981551256 2566.968124686552 0
9538 2706.986172375236 2454.150644850803 0
9539 3625.685675413938 2537.249256752216 0
9540 168.2127812108611 1762.336032223298 0
9541 2984.843414579063 2371.562160485663 0
9542 3532.864168095543 2504.570536072245 0
9543 2438.087901067663 2463.155169960017 0
9544 3228.866950079723 2521.865684178381 0
9545 2645.768685330367 2526.227856926798 0
9546 2642.665547042288 2530.986163767928 0
9547 2935.196683163752 2700.526169854109 0
9548 2477.151534528393 2569.410376631913 0
9549 3308.914504497718 2318.288664269942 0
9550 2803.867503234573 2474.988418954649 0
9551 2736.100682263007 2501.317605556259 0
9552 3407.359425324031 2418.354347655184 0
9553 3489.536039610466 2457.145499804614 0
9554 3493.970640271764 2450.467221107695 0
9555 2667.276536175977 2459.085187605974 0
9556 3301.407328586315 2415.374809373122 0
9557 3341.556284967922 2485.974162055819 0
$EndNodes
$Elements
19356
1 15 2 0 1 1
2 15 2 0 2 2
3 15 2 0 3 3
4 15 2 0 4 4
5 15 2 0 5 5
6 15 2 0 6 6
7 15 2 0 7 7
8 15 2 0 8 8
9 15 2 0 9 9
10 15 2 0 10 10
11 15 2 0 11 11
12 15 2 0 12 12
13 15 2 0 13 13
14 15 2 0 14 14
15 1 2 0 1 1 15
16 1 2 0 1 15 16
17 1 2 0 1 16 17
18 1 2 0 1 17 18
19 1 2 0 1 18 19
20 1 2 0 1 19 20
21 1 2 0 1 20 21
22 1 2 0 1 21 22
23 1 2 0 1 22 23
24 1 2 0 1 23 24
25 1 2 0 1 24 25
26 1 2 0 1 25 26
27 1 2 0 1 26 27
28 1 2 0 1 27 28
29 1 2 0 1 28 29
30 1 2 0 1 29 30
31 1 2 0 1 30 31
32 1 2 0 1 31 32
33 1 2 0 1 32 33
34 1 2 0 1 33 34
35 1 2 0 1 34 35
36 1 2 0 1 35 36
37 1 2 0 1 36 37
38 1 2 0 1 37 38
39 1 2 0 1 38 39
40 1 2 0 1 39 40
41 1 2 0 1 40 41
42 1 2 0 1 41 42
43 1 2 0 1 42 43
44 1 2 0 1 43 44
45 1 2 0 1 44 45
46 1 2 0 1 45 46
47 1 2 0 1 46 47
48 1 2 0 1 47 48
49 1 2 0 1 48 49
50 1 2 0 1 49 50
51 1 2 0 1 50 51
52 1 2 0 1 51 52
53 1 2 0 1 52 53
54 1 2 0 1 53 54
55 1 2 0 1 54 55
56 1 2 0 1 55 56
57 1 2 0 1 56 57
58 1 2 0 1 57 58
59 1 2 0 1 58 59
60 1 2 0 1 59 60
61 1 2 0 1 60 61
62 1 2 0 1 61 62
63 1 2 0 1 62 63
64 1 2 0 1 63 64
65 1 2 0 1 64 65
66 1 2 0 1 65 66
67 1 2 0 1 66 67
68 1 2 0 1 67 68
69 1 2 0 1 68 69
70 1 2 0 1 69 70
71 1 2 0 1 70 71
72 1 2 0 1 71 72
73 1 2 0 1 72 73
74 1 2 0 1 73 2
75 1 2 0 2 3 74
76 1 2 0 2 74 75
77 1 2 0 2 75 76
78 1 2 0 2 76 77
79 1 2 0 2 77 78
80 1 2 0 2 78 79
81 1 2 0 2 79 80
82 1 2 0 2 80 81
83 1 2 0 2 81 82
84 1 2 0 2 82 83
85 1 2 0 2 83 84
86 1 2 0 2 84 85
87 1 2 0 2 85 86
88 1 2 0 2 86 87
89 1 2 0 2 87 88
90 1 2 0 2 88 89
91 1 2 0 2 89 90
92 1 2 0 2 90 91
93 1 2 0 2 91 92
94 1 2 0 2 92 93
95 1 2 0 2 93 94
96 1 2 0 2 94 95
97 1 2 0 2 95 96
98 1 2 0 2 96 97
99 1 2 0 2 97 98
100 1 2 0 2 98 99
101 1 2 0 2 99 100
102 1 2 0 2 100 101
103 1 2 0 2 101 102
104 1 2 0 2 102 103
105 1 2 0 2 103 104
106 1 2 0 2 104 105
107 1 2 0 2 105 106
108 1 2 0 2 106 107
109 1 2 0 2 107 108
110 1 2 0 2 108 109
111 1 2 0 2 109 110
112 1 2 0 2 110 111
113 1 2 0 2 111 112
114 1 2 0 2 112 113
115 1 2 0 2 113 114
116 1 2 0 2 114 115
117 1 2 0 2 115 116
118 1 2 0 2 116 117
119 1 2 0 2 117 118
120 1 2 0 2 118 119
121 1 2 0 2 119 120
122 1 2 0 2 120 121
123 1 2 0 2 121 122
124 1 2 0 2 122 1
125 1 2 0 3 2 123
126 1 2 0 3 123 124
127 1 2 0 3 124 125
128 1 2 0 3 125 126
129 1 2 0 3 126 127
130 1 2 0 3 127 128
131 1 2 0 3 128 129
132 1 2 0 3 129 130
133 1 2 0 3 130 131
134 1 2 0 3 131 132
135 1 2 0 3 132 133
136 1 2 0 3 133 134
137 1 2 0 3 134 135
138 1 2 0 3 135 136
139 1 2 0 3 136 137
140 1 2 0 3 137 138
141 1 2 0 3 138 139
142 1 2 0 3 139 140
143 1 2 0 3 140 141
144 1 2 0 3 141 142
145 1 2 0 3 142 143
146 1 2 0 3 143 144
147 1 2 0 3 144 145
148 1 2 0 3 145 146
149 1 2 0 3 146 147
150 1 2 0 3 147 148
151 1 2 0 3 148 149
152 1 2 0 3 149 150
153 1 2 0 3 150 151
154 1 2 0 3 151 152
155 1 2 0 3 152 153
156 1 2 0 3 153 154
157 1 2 0 3 154 155
158 1 2 0 3 155 156
159 1 2 0 3 156 157
160 1 2 0 3 157 158
161 1 2 0 3 158 159
162 1 2 0 3 159 160
163 1 2 0 3 160 161
164 1 2 0 3 161 162
165 1 2 0 3 162 163
166 1 2 0 3 163 164
167 1 2 0 3 164 165
168 1 2 0 3 165 166
169 1 2 0 3 166 167
170 1 2 0 3 167 168
171 1 2 0 3 168 169
172 1 2 0 3 169 170
173 1 2 0 3 170 171
174 1 2 0 3 171 4
175 1 2 0 4 4 172
176 1 2 0 4 172 173
177 1 2 0 4 173 174
178 1 2 0 4 174 175
179 1 2 0 4 175 176
180 1 2 0 4 176 177
181 1 2 0 4 177 178
182 1 2 0 4 178 179
183 1 2 0 4 179 180
184 1 2 0 4 180 181
185 1 2 0 4 181 182
186 1 2 0 4 182 183
187 1 2 0 4 183 184
188 1 2 0 4 184 185
189 1 2 0 4 185 186
190 1 2 0 4 186 187
191 1 2 0 4 187 188
192 1 2 0 4 188 189
193 1 2 0 4 189 190
194 1 2 0 4 190 191
195 1 2 0 4 191 192
196 1 2 0 4 192 193
197 1 2 0 4 193 194
198 1 2 0 4 194 195
199 1 2 0 4 195 196
200 1 2 0 4 196 197
201 1 2 0 4 197 198
202 1 2 0 4 198 199
203 1 2 0 4 199 200
204 1 2 0 4 200 201
205 1 2 0 4 201 202
206 1 2 0 4 202 203
207 1 2 0 4 203 204
208 1 2 0 4 204 205
209 1 2 0 4 205 206
210 1 2 0 4 206 207
211 1 2 0 4 207 208
212 1 2 0 4 208 209
213 1 2 0 4 209 210
214 1 2 0 4 210 211
215 1 2 0 4 211 212
216 1 2 0 4 212 213
217 1 2 0 4 213 214
218 1 2 0 4 214 215
219 1 2 0 4 215 216
220 1 2 0 4 216 217
221 1 2 0 4 217 218
222 1 2 0 4 218 219
223 1 2 0 4 219 220
224 1 2 0 4 220 221
225 1 2 0 4 221 222
226 1 2 0 4 222 223
227 1 2 0 4 223 224
228 1 2 0 4 224 225
229 1 2 0 4 225 226
230 1 2 0 4 226 227
231 1 2 0 4 227 228
232 1 2 0 4 228 229
233 1 2 0 4 229 230
234 1 2 0 4 230 3
235 1 2 0 5 5 231
236 1 2 0 5 231 232
237 1 2 0 5 232 233
238 1 2 0 5 233 234
239 1 2 0 5 234 235
240 1 2 0 5 235 236
241 1 2 0 5 236 237
242 1 2 0 5 237 238
243 1 2 0 5 238 239
244 1 2 0 5 239 240
245 1 2 0 5 240 241
246 1 2 0 5 241 242
247 1 2 0 5 242 243
248 1 2 0 5 243 244
249 1 2 0 5 244 245
250 1 2 0 5 245 246
251 1 2 0 5 246 247
252 1 2 0 5 247 248
253 1 2 0 5 248 249
254 1 2 0 5 249 250
255 1 2 0 5 250 251
256 1 2 0 5 251 252
257 1 2 0 5 252 253
258 1 2 0 5 253 254
259 1 2 0 5 254 255
260 1 2 0 5 255 256
261 1 2 0 5 256 257
262 1 2 0 5 257 258
263 1 2 0 5 258 259
264 1 2 0 5 259 260
265 1 2 0 5 260 261
266 1 2 0 5 261 262
267 1 2 0 5 262 263
268 1 2 0 5 263 264
269 1 2 0 5 264 265
270 1 2 0 5 265 266
271 1 2 0 5 266 267
272 1 2 0 5 267 268
273 1 2 0 5 268 269
274 1 2 0 5 269 270
275 1 2 0 5 270 271
276 1 2 0 5 271 272
277 1 2 0 5 272 273
278 1 2 0 5 273 274
279 1 2 0 5 274 275
280 1 2 0 5 275 276
281 1 2 0 5 276 277
282 1 2 0 5 277 5
283 1 2 0 6 6 278
284 1 2 0 6 278 279
285 1 2 0 6 279 280
286 1 2 0 6 280 281
287 1 2 0 6 281 282
288 1 2 0 6 282 283
289 1 2 0 6 283 284
290 1 2 0 6 284 285
291 1 2 0 6 285 286
292 1 2 0 6 286 287
293 1 2 0 6 287 288
294 1 2 0 6 288 289
295 1 2 0 6 289 290
296 1 2 0 6 290 291
297 1 2 0 6 291 292
298 1 2 0 6 292 293
299 1 2 0 6 293 294
300 1 2 0 6 294 295
301 1 2 0 6 295 296
302 1 2 0 6 296 297
303 1 2 0 6 297 298
304 1 2 0 6 298 299
305 1 2 0 6 299 300
306 1 2 0 6 300 301
307 1 2 0 6 301 302
308 1 2 0 6 302 303
309 1 2 0 6 303 304
310 1 2 0 6 304 305
311 1 2 0 6 305 306
312 1 2 0 6 306 307
313 1 2 0 6 307 308
314 1 2 0 6 308 309
315 1 2 0 6 309 310
316 1 2 0 6 310 311
317 1 2 0 6 311 312
318 1 2 0 6 312 313
319 1 2 0 6 313 314
320 1 2 0 6 314 315
321 1 2 0 6 315 316
322 1 2 0 6 316 317
323 1 2 0 6 317 318
324 1 2 0 6 318 319
325 1 2 0 6 319 320
326 1 2 0 6 320 321
327 1 2 0 6 321 322
328 1 2 0 6 322 323
329 1 2 0 6 323 324
330 1 2 0 6 324 6
331 1 2 0 7 7 325
332 1 2 0 7 325 326
333 1 2 0 7 326 327
334 1 2 0 7 327 328
335 1 2 0 7 328 329
336 1 2 0 7 329 330
337 1 2 0 7 330 331
338 1 2 0 7 331 332
339 1 2 0 7 332 333
340 1 2 0 7 333 334
341 1 2 0 7 334 335
342 1 2 0 7 335 336
343 1 2 0 7 336 337
344 1 2 0 7 337 338
345 1 2 0 7 338 339
346 1 2 0 7 339 340
347 1 2 0 7 340 341
348 1 2 0 7 341 342
349 1 2 0 7 342 343
350 1 2 0 7 343 344
351 1 2 0 7 344 345
352 1 2 0 7 345 346
353 1 2 0 7 346 347
354 1 2 0 7 347 348
355 1 2 0 7 348 349
356 1 2 0 7 349 350
357 1 2 0 7 350 351
358 1 2 0 7 351 352
359 1 2 0 7 352 353
360 1 2 0 7 353 354
361 1 2 0 7 354 355
362 1 2 0 7 355 356
363 1 2 0 7 356 357
364 1 2 0 7 357 358
365 1 2 0 7 358 359
366 1 2 0 7 359 360
367 1 2 0 7 360 361
368 1 2 0 7 361 362
369 1 2 0 7 362 363
370 1 2 0 7 363 364
371 1 2 0 7 364 365
372 1 2 0 7 365 366
373 1 2 0 7 366 367
374 1 2 0 7 367 368
375 1 2 0 7 368 369
376 1 2 0 7 369 370
377 1 2 0 7 370 371
378 1 2 0 7 371 7
379 1 2 0 8 8 372
380 1 2 0 8 372 373
381 1 2 0 8 373 374
382 1 2 0 8 374 375
383 1 2 0 8 375 376
384 1 2 0 8 376 377
385 1 2 0 8 377 378
386 1 2 0 8 378 379
387 1 2 0 8 379 380
388 1 2 0 8 380 381
389 1 2 0 8 381 382
390 1 2 0 8 382 383
391 1 2 0 8 383 384
392 1 2 0 8 384 385
393 1 2 0 8 385 386
394 1 2 0 8 386 387
395 1 2 0 8 387 388
396 1 2 0 8 388 389
397 1 2 0 8 389 390
398 1 2 0 8 390 391
399 1 2 0 8 391 392
400 1 2 0 8 392 393
401 1 2 0 8 393 394
402 1 2 0 8 394 395
403 1 2 0 8 395 396
404 1 2 0 8 396 397
405 1 2 0 8 397 398
406 1 2 0 8 398 399
407 1 2 0 8 399 400
408 1 2 0 8 400 401
409 1 2 0 8 401 402
410 1 2 0 8 402 403
411 1 2 0 8 403 404
412 1 2 0 8 404 405
413 1 2 0 8 405 406
414 1 2 0 8 406 407
415 1 2 0 8 407 408
416 1 2 0 8 408 409
417 1 2 0 8 409 410
418 1 2 0 8 410 411
419 1 2 0 8 411 412
420 1 2 0 8 412 413
421 1 2 0 8 413 414
422 1 2 0 8 414 415
423 1 2 0 8 415 416
424 1 2 0 8 416 417
425 1 2 0 8 417 418
426 1 2 0 8 418 8
427 1 2 0 9 9 419
428 1 2 0 9 419 420
429 1 2 0 9 420 421
430 1 2 0 9 421 422
431 1 2 0 9 422 423
432 1 2 0 9 423 424
433 1 2 0 9 424 425
434 1 2 0 9 425 426
435 1 2 0 9 426 427
436 1 2 0 9 427 428
437 1 2 0 9 428 429
438 1 2 0 9 429 430
439 1 2 0 9 430 431
440 1 2 0 9 431 432
441 1 2 0 9 432 433
442 1 2 0 9 433 434
443 1 2 0 9 434 435
444 1 2 0 9 435 436
445 1 2 0 9 436 437
446 1 2 0 9 437 438
447 1 2 0 9 438 439
448 1 2 0 9 439 440
449 1 2 0 9 440 441
450 1 2 0 9 441 442
451 1 2 0 9 442 443
452 1 2 0 9 443 444
453 1 2 0 9 444 445
454 1 2 0 9 445 446
455 1 2 0 9 446 447
456 1 2 0 9 447 448
457 1 2 0 9 448 449
458 1 2 0 9 449 450
459 1 2 0 9 450 451
460 1 2 0 9 451 452
461 1 2 0 9 452 453
462 1 2 0 9 453 454
463 1 2 0 9 454 455
464 1 2 0 9 455 456
465 1 2 0 9 456 457
466 1 2 0 9 457 458
467 1 2 0 9 458 459
468 1 2 0 9 459 460
469 1 2 0 9 460 461
470 1 2 0 9 461 462
471 1 2 0 9 462 463
472 1 2 0 9 463 464
473 1 2 0 9 464 465
474 1 2 0 9 465 9
475 2 2 0 2 479 583 556
476 2 2 0 2 492 544 489
477 2 2 0 2 501 544 492
478 2 2 0 2 521 623 534
479 2 2 0 2 256 575 255
480 2 2 0 2 502 564 506
481 2 2 0 2 583 585 556
482 2 2 0 2 547 602 468
483 2 2 0 2 479 613 583
484 2 2 0 2 537 552 539
485 2 2 0 2 524 545 523
486 2 2 0 2 559 634 560
487 2 2 0 2 602 629 468
488 2 2 0 2 528 553 535
489 2 2 0 2 519 538 537
490 2 2 0 2 537 539 520
491 2 2 0 2 527 532 526
492 2 2 0 2 521 534 517
493 2 2 0 2 530 557 510
494 2 2 0 2 583 613 584
495 2 2 0 2 511 561 528
496 2 2 0 2 528 535 515
497 2 2 0 2 514 524 523
498 2 2 0 2 516 542 530
499 2 2 0 2 480 546 545
500 2 2 0 2 548 549 521
501 2 2 0 2 491 492 489
502 2 2 0 2 512 550 491
503 2 2 0 2 527 611 532
504 2 2 0 2 493 550 496
505 2 2 0 2 538 617 537
506 2 2 0 2 543 555 542
507 2 2 0 2 542 631 530
508 2 2 0 2 541 620 522
509 2 2 0 2 491 550 493
510 2 2 0 2 476 590 552
511 2 2 0 2 250 587 249
512 2 2 0 2 513 557 527
513 2 2 0 2 474 575 256
514 2 2 0 2 552 590 539
515 2 2 0 2 581 620 541
516 2 2 0 2 518 564 541
517 2 2 0 2 530 558 557
518 2 2 0 2 467 599 570
519 2 2 0 2 534 562 561
520 2 2 0 2 504 573 529
521 2 2 0 2 531 602 524
522 2 2 0 2 572 600 553
523 2 2 0 2 572 606 600
524 2 2 0 2 525 565 508
525 2 2 0 2 467 570 558
526 2 2 0 2 480 566 546
527 2 2 0 2 540 635 590
528 2 2 0 2 522 548 521
529 2 2 0 2 473 609 553
530 2 2 0 2 516 543 542
531 2 2 0 2 490 491 489
532 2 2 0 2 540 602 531
533 2 2 0 2 570 599 571
534 2 2 0 2 535 609 551
535 2 2 0 2 590 635 539
536 2 2 0 2 561 625 528
537 2 2 0 2 553 609 535
538 2 2 0 2 544 633 515
539 2 2 0 2 539 635 520
540 2 2 0 2 583 584 538
541 2 2 0 2 501 633 544
542 2 2 0 2 535 551 536
543 2 2 0 2 490 512 491
544 2 2 0 2 612 619 541
545 2 2 0 2 584 621 617
546 2 2 0 2 557 570 527
547 2 2 0 2 617 621 472
548 2 2 0 2 575 603 255
549 2 2 0 2 506 564 518
550 2 2 0 2 468 586 547
551 2 2 0 2 594 596 551
552 2 2 0 2 534 561 517
553 2 2 0 2 518 541 522
554 2 2 0 2 568 641 523
555 2 2 0 2 532 576 559
556 2 2 0 2 558 574 467
557 2 2 0 2 502 579 564
558 2 2 0 2 550 573 496
559 2 2 0 2 622 634 595
560 2 2 0 2 531 635 540
561 2 2 0 2 504 529 514
562 2 2 0 2 513 525 508
563 2 2 0 2 559 560 533
564 2 2 0 2 573 614 529
565 2 2 0 2 481 625 562
566 2 2 0 2 549 597 592
567 2 2 0 2 577 591 552
568 2 2 0 2 532 559 533
569 2 2 0 2 545 546 523
570 2 2 0 2 524 547 545
571 2 2 0 2 562 601 481
572 2 2 0 2 252 566 251
573 2 2 0 2 470 634 580
574 2 2 0 2 519 537 520
575 2 2 0 2 513 527 526
576 2 2 0 2 480 587 250
577 2 2 0 2 580 634 559
578 2 2 0 2 491 493 492
579 2 2 0 2 545 587 480
580 2 2 0 2 551 609 594
581 2 2 0 2 251 566 480
582 2 2 0 2 518 521 517
583 2 2 0 2 595 634 470
584 2 2 0 2 577 616 591
585 2 2 0 2 541 619 581
586 2 2 0 2 550 614 573
587 2 2 0 2 470 580 265
588 2 2 0 2 528 625 572
589 2 2 0 2 511 528 515
590 2 2 0 2 514 523 509
591 2 2 0 2 516 530 510
592 2 2 0 2 488 489 487
593 2 2 0 2 500 565 497
594 2 2 0 2 567 568 546
595 2 2 0 2 564 612 541
596 2 2 0 2 518 522 521
597 2 2 0 2 571 611 527
598 2 2 0 2 530 569 558
599 2 2 0 2 259 574 258
600 2 2 0 2 488 490 489
601 2 2 0 2 489 544 487
602 2 2 0 2 497 565 498
603 2 2 0 2 508 565 500
604 2 2 0 2 520 614 512
605 2 2 0 2 493 494 492
606 2 2 0 2 582 583 538
607 2 2 0 2 249 587 586
608 2 2 0 2 528 572 553
609 2 2 0 2 265 580 264
610 2 2 0 2 558 570 557
611 2 2 0 2 523 641 509
612 2 2 0 2 477 611 608
613 2 2 0 2 467 574 259
614 2 2 0 2 493 495 494
615 2 2 0 2 494 501 492
616 2 2 0 2 554 637 475
617 2 2 0 2 546 568 523
618 2 2 0 2 494 502 501
619 2 2 0 2 493 496 495
620 2 2 0 2 608 611 571
621 2 2 0 2 496 497 495
622 2 2 0 2 502 505 501
623 2 2 0 2 497 498 495
624 2 2 0 2 496 499 497
625 2 2 0 2 502 506 505
626 2 2 0 2 585 640 556
627 2 2 0 2 499 500 497
628 2 2 0 2 499 503 500
629 2 2 0 2 503 507 500
630 2 2 0 2 499 504 503
631 2 2 0 2 507 508 500
632 2 2 0 2 486 563 554
633 2 2 0 2 486 554 484
634 2 2 0 2 498 612 579
635 2 2 0 2 485 486 484
636 2 2 0 2 483 485 484
637 2 2 0 2 537 577 552
638 2 2 0 2 566 567 546
639 2 2 0 2 254 471 253
640 2 2 0 2 266 470 265
641 2 2 0 2 248 468 247
642 2 2 0 2 272 469 271
643 2 2 0 2 263 477 262
644 2 2 0 2 257 474 256
645 2 2 0 2 242 472 241
646 2 2 0 2 269 478 268
647 2 2 0 2 260 467 259
648 2 2 0 2 239 479 238
649 2 2 0 2 251 480 250
650 2 2 0 2 275 481 274
651 2 2 0 2 5 473 277
652 2 2 0 2 233 475 232
653 2 2 0 2 245 476 244
654 2 2 0 2 236 466 235
655 2 2 0 2 537 617 577
656 2 2 0 2 514 531 524
657 2 2 0 2 570 571 527
658 2 2 0 2 496 573 499
659 2 2 0 2 530 631 569
660 2 2 0 2 562 628 588
661 2 2 0 2 483 484 466
662 2 2 0 2 482 556 483
663 2 2 0 2 569 574 558
664 2 2 0 2 554 578 484
665 2 2 0 2 552 591 476
666 2 2 0 2 588 601 562
667 2 2 0 2 579 612 564
668 2 2 0 2 235 578 234
669 2 2 0 2 555 575 542
670 2 2 0 2 498 579 495
671 2 2 0 2 499 573 504
672 2 2 0 2 494 579 502
673 2 2 0 2 551 563 536
674 2 2 0 2 549 627 597
675 2 2 0 2 522 605 548
676 2 2 0 2 556 640 483
677 2 2 0 2 475 610 554
678 2 2 0 2 466 578 235
679 2 2 0 2 536 544 515
680 2 2 0 2 584 617 538
681 2 2 0 2 547 587 545
682 2 2 0 2 567 632 568
683 2 2 0 2 555 632 471
684 2 2 0 2 563 637 554
685 2 2 0 2 495 579 494
686 2 2 0 2 532 533 526
687 2 2 0 2 510 557 513
688 2 2 0 2 535 536 515
689 2 2 0 2 553 600 473
690 2 2 0 2 534 628 562
691 2 2 0 2 515 633 505
692 2 2 0 2 635 638 520
693 2 2 0 2 556 624 479
694 2 2 0 2 517 561 511
695 2 2 0 2 581 619 525
696 2 2 0 2 484 578 466
697 2 2 0 2 471 632 567
698 2 2 0 2 582 585 583
699 2 2 0 2 471 603 555
700 2 2 0 2 589 590 476
701 2 2 0 2 482 483 466
702 2 2 0 2 512 614 550
703 2 2 0 2 596 637 551
704 2 2 0 2 568 632 543
705 2 2 0 2 524 602 547
706 2 2 0 2 490 519 512
707 2 2 0 2 244 591 243
708 2 2 0 2 519 520 512
709 2 2 0 2 592 636 549
710 2 2 0 2 623 636 628
711 2 2 0 2 519 582 538
712 2 2 0 2 549 623 521
713 2 2 0 2 476 591 244
714 2 2 0 2 572 625 481
715 2 2 0 2 529 531 514
716 2 2 0 2 513 526 525
717 2 2 0 2 548 627 549
718 2 2 0 2 231 594 5
719 2 2 0 2 261 599 260
720 2 2 0 2 267 595 266
721 2 2 0 2 268 593 267
722 2 2 0 2 247 598 246
723 2 2 0 2 271 592 270
724 2 2 0 2 246 589 245
725 2 2 0 2 270 597 269
726 2 2 0 2 237 482 236
727 2 2 0 2 249 586 248
728 2 2 0 2 273 588 272
729 2 2 0 2 232 596 231
730 2 2 0 2 576 580 559
731 2 2 0 2 277 600 276
732 2 2 0 2 274 601 273
733 2 2 0 2 532 611 576
734 2 2 0 2 576 611 477
735 2 2 0 2 236 482 466
736 2 2 0 2 248 586 468
737 2 2 0 2 272 588 469
738 2 2 0 2 260 599 467
739 2 2 0 2 475 596 232
740 2 2 0 2 468 598 247
741 2 2 0 2 469 592 271
742 2 2 0 2 5 594 473
743 2 2 0 2 478 593 268
744 2 2 0 2 245 589 476
745 2 2 0 2 269 597 478
746 2 2 0 2 266 595 470
747 2 2 0 2 473 600 277
748 2 2 0 2 481 601 274
749 2 2 0 2 255 603 254
750 2 2 0 2 254 603 471
751 2 2 0 2 275 606 481
752 2 2 0 2 276 606 275
753 2 2 0 2 477 608 262
754 2 2 0 2 253 615 252
755 2 2 0 2 562 625 561
756 2 2 0 2 506 518 517
757 2 2 0 2 239 613 479
758 2 2 0 2 554 610 578
759 2 2 0 2 485 640 488
760 2 2 0 2 234 610 233
761 2 2 0 2 252 615 566
762 2 2 0 2 605 622 604
763 2 2 0 2 560 622 605
764 2 2 0 2 242 616 472
765 2 2 0 2 474 618 569
766 2 2 0 2 481 606 572
767 2 2 0 2 257 618 474
768 2 2 0 2 233 610 475
769 2 2 0 2 623 628 534
770 2 2 0 2 472 621 241
771 2 2 0 2 555 603 575
772 2 2 0 2 479 624 238
773 2 2 0 2 262 608 261
774 2 2 0 2 560 634 622
775 2 2 0 2 263 626 477
776 2 2 0 2 240 613 239
777 2 2 0 2 482 624 556
778 2 2 0 2 565 619 498
779 2 2 0 2 543 632 555
780 2 2 0 2 567 615 471
781 2 2 0 2 586 587 547
782 2 2 0 2 569 618 574
783 2 2 0 2 551 637 563
784 2 2 0 2 471 615 253
785 2 2 0 2 243 616 242
786 2 2 0 2 566 615 567
787 2 2 0 2 525 619 565
788 2 2 0 2 590 639 540
789 2 2 0 2 258 618 257
790 2 2 0 2 604 627 548
791 2 2 0 2 478 627 604
792 2 2 0 2 472 616 577
793 2 2 0 2 505 633 501
794 2 2 0 2 548 605 604
795 2 2 0 2 516 641 543
796 2 2 0 2 474 631 575
797 2 2 0 2 575 631 542
798 2 2 0 2 599 608 571
799 2 2 0 2 246 598 589
800 2 2 0 2 592 597 270
801 2 2 0 2 593 595 267
802 2 2 0 2 231 596 594
803 2 2 0 2 241 621 240
804 2 2 0 2 273 601 588
805 2 2 0 2 578 610 234
806 2 2 0 2 477 626 576
807 2 2 0 2 475 637 596
808 2 2 0 2 238 624 237
809 2 2 0 2 577 617 472
810 2 2 0 2 600 606 276
811 2 2 0 2 478 604 593
812 2 2 0 2 593 622 595
813 2 2 0 2 264 626 263
814 2 2 0 2 604 622 593
815 2 2 0 2 574 618 258
816 2 2 0 2 488 640 585
817 2 2 0 2 261 608 599
818 2 2 0 2 594 609 473
819 2 2 0 2 591 616 243
820 2 2 0 2 540 629 602
821 2 2 0 2 520 638 614
822 2 2 0 2 569 631 474
823 2 2 0 2 237 624 482
824 2 2 0 2 483 640 485
825 2 2 0 2 531 638 635
826 2 2 0 2 526 581 525
827 2 2 0 2 506 511 505
828 2 2 0 2 504 509 503
829 2 2 0 2 507 510 508
830 2 2 0 2 503 607 507
831 2 2 0 2 485 487 486
832 2 2 0 2 511 515 505
833 2 2 0 2 506 517 511
834 2 2 0 2 504 514 509
835 2 2 0 2 507 516 510
836 2 2 0 2 510 513 508
837 2 2 0 2 485 488 487
838 2 2 0 2 533 620 581
839 2 2 0 2 240 621 613
840 2 2 0 2 589 639 590
841 2 2 0 2 488 585 582
842 2 2 0 2 613 621 584
843 2 2 0 2 580 626 264
844 2 2 0 2 628 636 469
845 2 2 0 2 498 619 612
846 2 2 0 2 488 582 490
847 2 2 0 2 576 626 580
848 2 2 0 2 522 620 605
849 2 2 0 2 490 582 519
850 2 2 0 2 597 627 478
851 2 2 0 2 588 628 469
852 2 2 0 2 529 638 531
853 2 2 0 2 468 629 598
854 2 2 0 2 560 620 533
855 2 2 0 2 507 607 516
856 2 2 0 2 533 581 526
857 2 2 0 2 536 630 544
858 2 2 0 2 605 620 560
859 2 2 0 2 486 630 563
860 2 2 0 2 469 636 592
861 2 2 0 2 598 639 589
862 2 2 0 2 540 639 629
863 2 2 0 2 544 630 487
864 2 2 0 2 543 641 568
865 2 2 0 2 607 641 516
866 2 2 0 2 549 636 623
867 2 2 0 2 629 639 598
868 2 2 0 2 509 607 503
869 2 2 0 2 563 630 536
870 2 2 0 2 614 638 529
871 2 2 0 2 487 630 486
872 2 2 0 2 509 641 607
873 2 2 0 3 651 759 732
874 2 2 0 3 668 720 665
875 2 2 0 3 677 720 668
876 2 2 0 3 697 799 710
877 2 2 0 3 316 751 315
878 2 2 0 3 678 740 682
879 2 2 0 3 759 761 732
880 2 2 0 3 723 778 643
881 2 2 0 3 651 789 759
882 2 2 0 3 713 728 715
883 2 2 0 3 700 721 699
884 2 2 0 3 735 810 736
885 2 2 0 3 778 805 643
886 2 2 0 3 704 729 711
887 2 2 0 3 713 715 696
888 2 2 0 3 695 714 713
889 2 2 0 3 703 708 702
890 2 2 0 3 697 710 693
891 2 2 0 3 706 733 686
892 2 2 0 3 759 789 760
893 2 2 0 3 687 737 704
894 2 2 0 3 704 711 691
895 2 2 0 3 690 700 699
896 2 2 0 3 692 718 706
897 2 2 0 3 723 769 721
898 2 2 0 3 650 722 721
899 2 2 0 3 724 725 697
900 2 2 0 3 667 668 665
901 2 2 0 3 688 726 667
902 2 2 0 3 703 787 708
903 2 2 0 3 669 726 672
904 2 2 0 3 714 793 713
905 2 2 0 3 719 731 718
906 2 2 0 3 721 769 650
907 2 2 0 3 718 807 706
908 2 2 0 3 717 796 698
909 2 2 0 3 667 726 669
910 2 2 0 3 653 766 728
911 2 2 0 3 689 733 703
912 2 2 0 3 656 751 316
913 2 2 0 3 728 766 715
914 2 2 0 3 757 796 717
915 2 2 0 3 694 740 717
916 2 2 0 3 706 734 733
917 2 2 0 3 645 762 746
918 2 2 0 3 710 738 737
919 2 2 0 3 680 749 705
920 2 2 0 3 707 778 700
921 2 2 0 3 748 776 729
922 2 2 0 3 748 782 776
923 2 2 0 3 701 741 684
924 2 2 0 3 645 746 734
925 2 2 0 3 650 742 722
926 2 2 0 3 716 811 766
927 2 2 0 3 698 724 697
928 2 2 0 3 646 785 729
929 2 2 0 3 692 719 718
930 2 2 0 3 666 667 665
931 2 2 0 3 716 778 707
932 2 2 0 3 746 762 747
933 2 2 0 3 711 785 727
934 2 2 0 3 766 811 715
935 2 2 0 3 737 801 704
936 2 2 0 3 729 785 711
937 2 2 0 3 720 809 691
938 2 2 0 3 715 811 696
939 2 2 0 3 759 760 714
940 2 2 0 3 677 809 720
941 2 2 0 3 711 727 712
942 2 2 0 3 666 688 667
943 2 2 0 3 788 795 717
944 2 2 0 3 760 797 793
945 2 2 0 3 733 746 703
946 2 2 0 3 793 797 649
947 2 2 0 3 751 779 315
948 2 2 0 3 682 740 694
949 2 2 0 3 643 770 723
950 2 2 0 3 764 774 727
951 2 2 0 3 710 737 693
952 2 2 0 3 694 717 698
953 2 2 0 3 744 817 699
954 2 2 0 3 708 752 735
955 2 2 0 3 734 750 645
956 2 2 0 3 678 755 740
957 2 2 0 3 726 749 672
958 2 2 0 3 798 810 763
959 2 2 0 3 707 811 716
960 2 2 0 3 680 705 690
961 2 2 0 3 689 701 684
962 2 2 0 3 735 736 709
963 2 2 0 3 749 790 705
964 2 2 0 3 654 801 738
965 2 2 0 3 725 775 772
966 2 2 0 3 753 767 728
967 2 2 0 3 708 735 709
968 2 2 0 3 721 722 699
969 2 2 0 3 700 723 721
970 2 2 0 3 738 777 654
971 2 2 0 3 312 742 311
972 2 2 0 3 648 810 756
973 2 2 0 3 695 713 696
974 2 2 0 3 689 703 702
975 2 2 0 3 756 810 735
976 2 2 0 3 667 669 668
977 2 2 0 3 727 785 764
978 2 2 0 3 311 742 650
979 2 2 0 3 694 697 693
980 2 2 0 3 763 810 648
981 2 2 0 3 753 792 767
982 2 2 0 3 717 795 757
983 2 2 0 3 726 790 749
984 2 2 0 3 648 756 6
985 2 2 0 3 704 801 748
986 2 2 0 3 687 704 691
987 2 2 0 3 690 699 685
988 2 2 0 3 692 706 686
989 2 2 0 3 664 665 663
990 2 2 0 3 676 741 673
991 2 2 0 3 743 744 722
992 2 2 0 3 740 788 717
993 2 2 0 3 694 698 697
994 2 2 0 3 747 787 703
995 2 2 0 3 706 745 734
996 2 2 0 3 319 750 318
997 2 2 0 3 665 720 663
998 2 2 0 3 664 666 665
999 2 2 0 3 673 741 674
1000 2 2 0 3 684 741 676
1001 2 2 0 3 696 790 688
1002 2 2 0 3 669 670 668
1003 2 2 0 3 758 759 714
1004 2 2 0 3 704 748 729
1005 2 2 0 3 723 770 769
1006 2 2 0 3 6 756 324
1007 2 2 0 3 734 746 733
1008 2 2 0 3 699 817 685
1009 2 2 0 3 652 787 784
1010 2 2 0 3 645 750 319
1011 2 2 0 3 670 677 668
1012 2 2 0 3 669 671 670
1013 2 2 0 3 730 813 655
1014 2 2 0 3 722 744 699
1015 2 2 0 3 669 672 671
1016 2 2 0 3 670 678 677
1017 2 2 0 3 784 787 747
1018 2 2 0 3 678 681 677
1019 2 2 0 3 672 673 671
1020 2 2 0 3 678 682 681
1021 2 2 0 3 673 674 671
1022 2 2 0 3 672 675 673
1023 2 2 0 3 761 816 732
1024 2 2 0 3 675 676 673
1025 2 2 0 3 675 679 676
1026 2 2 0 3 675 680 679
1027 2 2 0 3 679 683 676
1028 2 2 0 3 683 684 676
1029 2 2 0 3 662 739 730
1030 2 2 0 3 662 730 660
1031 2 2 0 3 674 788 755
1032 2 2 0 3 661 662 660
1033 2 2 0 3 659 661 660
1034 2 2 0 3 713 753 728
1035 2 2 0 3 742 743 722
1036 2 2 0 3 287 654 286
1037 2 2 0 3 299 651 298
1038 2 2 0 3 323 652 322
1039 2 2 0 3 305 653 304
1040 2 2 0 3 284 642 283
1041 2 2 0 3 296 644 295
1042 2 2 0 3 320 645 319
1043 2 2 0 3 278 648 6
1044 2 2 0 3 290 646 289
1045 2 2 0 3 302 649 301
1046 2 2 0 3 314 647 313
1047 2 2 0 3 293 655 292
1048 2 2 0 3 311 650 310
1049 2 2 0 3 281 657 280
1050 2 2 0 3 317 656 316
1051 2 2 0 3 308 643 307
1052 2 2 0 3 713 793 753
1053 2 2 0 3 690 707 700
1054 2 2 0 3 746 747 703
1055 2 2 0 3 672 749 675
1056 2 2 0 3 706 807 745
1057 2 2 0 3 738 804 771
1058 2 2 0 3 659 660 644
1059 2 2 0 3 658 732 659
1060 2 2 0 3 745 750 734
1061 2 2 0 3 730 754 660
1062 2 2 0 3 728 767 653
1063 2 2 0 3 771 777 738
1064 2 2 0 3 755 788 740
1065 2 2 0 3 295 754 294
1066 2 2 0 3 731 751 718
1067 2 2 0 3 674 755 671
1068 2 2 0 3 675 749 680
1069 2 2 0 3 670 755 678
1070 2 2 0 3 727 739 712
1071 2 2 0 3 725 803 775
1072 2 2 0 3 698 781 724
1073 2 2 0 3 732 816 659
1074 2 2 0 3 655 786 730
1075 2 2 0 3 644 754 295
1076 2 2 0 3 712 720 691
1077 2 2 0 3 760 793 714
1078 2 2 0 3 743 808 744
1079 2 2 0 3 731 808 647
1080 2 2 0 3 739 813 730
1081 2 2 0 3 671 755 670
1082 2 2 0 3 708 709 702
1083 2 2 0 3 686 733 689
1084 2 2 0 3 711 712 691
1085 2 2 0 3 729 776 646
1086 2 2 0 3 710 804 738
1087 2 2 0 3 691 809 681
1088 2 2 0 3 811 814 696
1089 2 2 0 3 732 800 651
1090 2 2 0 3 693 737 687
1091 2 2 0 3 757 795 701
1092 2 2 0 3 660 754 644
1093 2 2 0 3 647 808 743
1094 2 2 0 3 758 761 759
1095 2 2 0 3 647 779 731
1096 2 2 0 3 658 659 644
1097 2 2 0 3 765 766 653
1098 2 2 0 3 688 790 726
1099 2 2 0 3 774 813 727
1100 2 2 0 3 744 808 719
1101 2 2 0 3 700 778 723
1102 2 2 0 3 666 695 688
1103 2 2 0 3 304 767 303
1104 2 2 0 3 695 696 688
1105 2 2 0 3 772 812 725
1106 2 2 0 3 799 812 804
1107 2 2 0 3 695 758 714
1108 2 2 0 3 725 799 697
1109 2 2 0 3 653 767 304
1110 2 2 0 3 748 801 654
1111 2 2 0 3 705 707 690
1112 2 2 0 3 689 702 701
1113 2 2 0 3 724 803 725
1114 2 2 0 3 310 769 309
1115 2 2 0 3 285 771 284
1116 2 2 0 3 297 658 296
1117 2 2 0 3 321 762 320
1118 2 2 0 3 306 765 305
1119 2 2 0 3 307 768 306
1120 2 2 0 3 282 775 281
1121 2 2 0 3 280 773 279
1122 2 2 0 3 292 774 291
1123 2 2 0 3 283 772 282
1124 2 2 0 3 279 763 278
1125 2 2 0 3 291 764 290
1126 2 2 0 3 309 770 308
1127 2 2 0 3 752 756 735
1128 2 2 0 3 289 776 288
1129 2 2 0 3 286 777 285
1130 2 2 0 3 752 787 652
1131 2 2 0 3 708 787 752
1132 2 2 0 3 642 772 283
1133 2 2 0 3 643 768 307
1134 2 2 0 3 284 771 642
1135 2 2 0 3 296 658 644
1136 2 2 0 3 320 762 645
1137 2 2 0 3 281 775 657
1138 2 2 0 3 278 763 648
1139 2 2 0 3 290 764 646
1140 2 2 0 3 650 769 310
1141 2 2 0 3 305 765 653
1142 2 2 0 3 308 770 643
1143 2 2 0 3 657 773 280
1144 2 2 0 3 655 774 292
1145 2 2 0 3 646 776 289
1146 2 2 0 3 654 777 286
1147 2 2 0 3 315 779 314
1148 2 2 0 3 314 779 647
1149 2 2 0 3 287 782 654
1150 2 2 0 3 288 782 287
1151 2 2 0 3 652 784 322
1152 2 2 0 3 313 791 312
1153 2 2 0 3 738 801 737
1154 2 2 0 3 682 694 693
1155 2 2 0 3 299 789 651
1156 2 2 0 3 730 786 754
1157 2 2 0 3 661 816 664
1158 2 2 0 3 294 786 293
1159 2 2 0 3 312 791 742
1160 2 2 0 3 781 798 780
1161 2 2 0 3 736 798 781
1162 2 2 0 3 302 792 649
1163 2 2 0 3 656 794 745
1164 2 2 0 3 654 782 748
1165 2 2 0 3 317 794 656
1166 2 2 0 3 293 786 655
1167 2 2 0 3 799 804 710
1168 2 2 0 3 649 797 301
1169 2 2 0 3 731 779 751
1170 2 2 0 3 651 800 298
1171 2 2 0 3 322 784 321
1172 2 2 0 3 736 810 798
1173 2 2 0 3 323 802 652
1174 2 2 0 3 300 789 299
1175 2 2 0 3 658 800 732
1176 2 2 0 3 741 795 674
1177 2 2 0 3 719 808 731
1178 2 2 0 3 743 791 647
1179 2 2 0 3 745 794 750
1180 2 2 0 3 727 813 739
1181 2 2 0 3 647 791 313
1182 2 2 0 3 303 792 302
1183 2 2 0 3 742 791 743
1184 2 2 0 3 701 795 741
1185 2 2 0 3 766 815 716
1186 2 2 0 3 318 794 317
1187 2 2 0 3 780 803 724
1188 2 2 0 3 657 803 780
1189 2 2 0 3 649 792 753
1190 2 2 0 3 681 809 677
1191 2 2 0 3 724 781 780
1192 2 2 0 3 692 817 719
1193 2 2 0 3 751 807 718
1194 2 2 0 3 656 807 751
1195 2 2 0 3 762 784 747
1196 2 2 0 3 279 773 763
1197 2 2 0 3 291 774 764
1198 2 2 0 3 769 770 309
1199 2 2 0 3 772 775 282
1200 2 2 0 3 306 768 765
1201 2 2 0 3 301 797 300
1202 2 2 0 3 285 777 771
1203 2 2 0 3 754 786 294
1204 2 2 0 3 652 802 752
1205 2 2 0 3 655 813 774
1206 2 2 0 3 298 800 297
1207 2 2 0 3 753 793 649
1208 2 2 0 3 776 782 288
1209 2 2 0 3 657 780 773
1210 2 2 0 3 773 798 763
1211 2 2 0 3 324 802 323
1212 2 2 0 3 780 798 773
1213 2 2 0 3 750 794 318
1214 2 2 0 3 664 816 761
1215 2 2 0 3 321 784 762
1216 2 2 0 3 764 785 646
1217 2 2 0 3 767 792 303
1218 2 2 0 3 716 805 778
1219 2 2 0 3 696 814 790
1220 2 2 0 3 745 807 656
1221 2 2 0 3 297 800 658
1222 2 2 0 3 659 816 661
1223 2 2 0 3 707 814 811
1224 2 2 0 3 702 757 701
1225 2 2 0 3 682 687 681
1226 2 2 0 3 680 685 679
1227 2 2 0 3 683 686 684
1228 2 2 0 3 679 783 683
1229 2 2 0 3 661 663 662
1230 2 2 0 3 682 693 687
1231 2 2 0 3 687 691 681
1232 2 2 0 3 680 690 685
1233 2 2 0 3 683 692 686
1234 2 2 0 3 686 689 684
1235 2 2 0 3 661 664 663
1236 2 2 0 3 709 796 757
1237 2 2 0 3 300 797 789
1238 2 2 0 3 765 815 766
1239 2 2 0 3 664 761 758
1240 2 2 0 3 789 797 760
1241 2 2 0 3 756 802 324
1242 2 2 0 3 804 812 642
1243 2 2 0 3 674 795 788
1244 2 2 0 3 664 758 666
1245 2 2 0 3 752 802 756
1246 2 2 0 3 698 796 781
1247 2 2 0 3 666 758 695
1248 2 2 0 3 775 803 657
1249 2 2 0 3 771 804 642
1250 2 2 0 3 705 814 707
1251 2 2 0 3 643 805 768
1252 2 2 0 3 736 796 709
1253 2 2 0 3 683 783 692
1254 2 2 0 3 709 757 702
1255 2 2 0 3 712 806 720
1256 2 2 0 3 781 796 736
1257 2 2 0 3 662 806 739
1258 2 2 0 3 642 812 772
1259 2 2 0 3 768 815 765
1260 2 2 0 3 716 815 805
1261 2 2 0 3 720 806 663
1262 2 2 0 3 719 817 744
1263 2 2 0 3 783 817 692
1264 2 2 0 3 725 812 799
1265 2 2 0 3 805 815 768
1266 2 2 0 3 685 783 679
1267 2 2 0 3 739 806 712
1268 2 2 0 3 790 814 705
1269 2 2 0 3 663 806 662
1270 2 2 0 3 685 817 783
1271 2 2 0 4 827 935 908
1272 2 2 0 4 844 896 841
1273 2 2 0 4 853 896 844
1274 2 2 0 4 873 975 886
1275 2 2 0 4 363 927 362
1276 2 2 0 4 854 916 858
1277 2 2 0 4 935 937 908
1278 2 2 0 4 899 954 819
1279 2 2 0 4 827 965 935
1280 2 2 0 4 889 904 891
1281 2 2 0 4 876 897 875
1282 2 2 0 4 911 986 912
1283 2 2 0 4 954 981 819
1284 2 2 0 4 880 905 887
1285 2 2 0 4 889 891 872
1286 2 2 0 4 871 890 889
1287 2 2 0 4 879 884 878
1288 2 2 0 4 873 886 869
1289 2 2 0 4 882 909 862
1290 2 2 0 4 935 965 936
1291 2 2 0 4 863 913 880
1292 2 2 0 4 880 887 867
1293 2 2 0 4 866 876 875
1294 2 2 0 4 868 894 882
1295 2 2 0 4 899 945 897
1296 2 2 0 4 826 898 897
1297 2 2 0 4 900 901 873
1298 2 2 0 4 843 844 841
1299 2 2 0 4 864 902 843
1300 2 2 0 4 879 963 884
1301 2 2 0 4 845 902 848
1302 2 2 0 4 890 969 889
1303 2 2 0 4 895 907 894
1304 2 2 0 4 897 945 826
1305 2 2 0 4 894 983 882
1306 2 2 0 4 893 972 874
1307 2 2 0 4 843 902 845
1308 2 2 0 4 829 942 904
1309 2 2 0 4 865 909 879
1310 2 2 0 4 832 927 363
1311 2 2 0 4 904 942 891
1312 2 2 0 4 933 972 893
1313 2 2 0 4 870 916 893
1314 2 2 0 4 882 910 909
1315 2 2 0 4 821 938 922
1316 2 2 0 4 886 914 913
1317 2 2 0 4 856 925 881
1318 2 2 0 4 883 954 876
1319 2 2 0 4 924 952 905
1320 2 2 0 4 924 958 952
1321 2 2 0 4 877 917 860
1322 2 2 0 4 821 922 910
1323 2 2 0 4 826 918 898
1324 2 2 0 4 892 987 942
1325 2 2 0 4 874 900 873
1326 2 2 0 4 822 961 905
1327 2 2 0 4 868 895 894
1328 2 2 0 4 842 843 841
1329 2 2 0 4 892 954 883
1330 2 2 0 4 922 938 923
1331 2 2 0 4 887 961 903
1332 2 2 0 4 942 987 891
1333 2 2 0 4 913 977 880
1334 2 2 0 4 905 961 887
1335 2 2 0 4 896 985 867
1336 2 2 0 4 891 987 872
1337 2 2 0 4 935 936 890
1338 2 2 0 4 853 985 896
1339 2 2 0 4 887 903 888
1340 2 2 0 4 842 864 843
1341 2 2 0 4 964 971 893
1342 2 2 0 4 936 973 969
1343 2 2 0 4 909 922 879
1344 2 2 0 4 969 973 825
1345 2 2 0 4 927 955 362
1346 2 2 0 4 858 916 870
1347 2 2 0 4 819 946 899
1348 2 2 0 4 940 950 903
1349 2 2 0 4 886 913 869
1350 2 2 0 4 870 893 874
1351 2 2 0 4 920 993 875
1352 2 2 0 4 884 928 911
1353 2 2 0 4 910 926 821
1354 2 2 0 4 854 931 916
1355 2 2 0 4 902 925 848
1356 2 2 0 4 974 986 939
1357 2 2 0 4 883 987 892
1358 2 2 0 4 856 881 866
1359 2 2 0 4 865 877 860
1360 2 2 0 4 911 912 885
1361 2 2 0 4 925 966 881
1362 2 2 0 4 830 977 914
1363 2 2 0 4 901 951 948
1364 2 2 0 4 929 943 904
1365 2 2 0 4 884 911 885
1366 2 2 0 4 897 898 875
1367 2 2 0 4 876 899 897
1368 2 2 0 4 914 953 830
1369 2 2 0 4 359 918 358
1370 2 2 0 4 824 986 932
1371 2 2 0 4 871 889 872
1372 2 2 0 4 865 879 878
1373 2 2 0 4 932 986 911
1374 2 2 0 4 843 845 844
1375 2 2 0 4 903 961 940
1376 2 2 0 4 358 918 826
1377 2 2 0 4 870 873 869
1378 2 2 0 4 939 986 824
1379 2 2 0 4 929 968 943
1380 2 2 0 4 893 971 933
1381 2 2 0 4 902 966 925
1382 2 2 0 4 824 932 7
1383 2 2 0 4 880 977 924
1384 2 2 0 4 863 880 867
1385 2 2 0 4 866 875 861
1386 2 2 0 4 868 882 862
1387 2 2 0 4 840 841 839
1388 2 2 0 4 852 917 849
1389 2 2 0 4 919 920 898
1390 2 2 0 4 916 964 893
1391 2 2 0 4 870 874 873
1392 2 2 0 4 923 963 879
1393 2 2 0 4 882 921 910
1394 2 2 0 4 366 926 365
1395 2 2 0 4 841 896 839
1396 2 2 0 4 840 842 841
1397 2 2 0 4 849 917 850
1398 2 2 0 4 860 917 852
1399 2 2 0 4 872 966 864
1400 2 2 0 4 845 846 844
1401 2 2 0 4 934 935 890
1402 2 2 0 4 880 924 905
1403 2 2 0 4 899 946 945
1404 2 2 0 4 7 932 371
1405 2 2 0 4 910 922 909
1406 2 2 0 4 875 993 861
1407 2 2 0 4 828 963 960
1408 2 2 0 4 821 926 366
1409 2 2 0 4 846 853 844
1410 2 2 0 4 845 847 846
1411 2 2 0 4 906 989 831
1412 2 2 0 4 898 920 875
1413 2 2 0 4 845 848 847
1414 2 2 0 4 846 854 853
1415 2 2 0 4 960 963 923
1416 2 2 0 4 854 857 853
1417 2 2 0 4 848 849 847
1418 2 2 0 4 854 858 857
1419 2 2 0 4 849 850 847
1420 2 2 0 4 848 851 849
1421 2 2 0 4 937 992 908
1422 2 2 0 4 851 852 849
1423 2 2 0 4 851 855 852
1424 2 2 0 4 851 856 855
1425 2 2 0 4 855 859 852
1426 2 2 0 4 859 860 852
1427 2 2 0 4 838 915 906
1428 2 2 0 4 838 906 836
1429 2 2 0 4 850 964 931
1430 2 2 0 4 837 838 836
1431 2 2 0 4 835 837 836
1432 2 2 0 4 889 929 904
1433 2 2 0 4 918 919 898
1434 2 2 0 4 334 830 333
1435 2 2 0 4 346 827 345
1436 2 2 0 4 370 828 369
1437 2 2 0 4 352 829 351
1438 2 2 0 4 331 818 330
1439 2 2 0 4 343 820 342
1440 2 2 0 4 367 821 366
1441 2 2 0 4 325 824 7
1442 2 2 0 4 337 822 336
1443 2 2 0 4 349 825 348
1444 2 2 0 4 361 823 360
1445 2 2 0 4 340 831 339
1446 2 2 0 4 358 826 357
1447 2 2 0 4 328 833 327
1448 2 2 0 4 364 832 363
1449 2 2 0 4 355 819 354
1450 2 2 0 4 889 969 929
1451 2 2 0 4 866 883 876
1452 2 2 0 4 922 923 879
1453 2 2 0 4 848 925 851
1454 2 2 0 4 882 983 921
1455 2 2 0 4 914 980 947
1456 2 2 0 4 835 836 820
1457 2 2 0 4 834 908 835
1458 2 2 0 4 921 926 910
1459 2 2 0 4 906 930 836
1460 2 2 0 4 904 943 829
1461 2 2 0 4 947 953 914
1462 2 2 0 4 931 964 916
1463 2 2 0 4 342 930 341
1464 2 2 0 4 907 927 894
1465 2 2 0 4 850 931 847
1466 2 2 0 4 851 925 856
1467 2 2 0 4 846 931 854
1468 2 2 0 4 903 915 888
1469 2 2 0 4 901 979 951
1470 2 2 0 4 874 957 900
1471 2 2 0 4 908 992 835
1472 2 2 0 4 831 962 906
1473 2 2 0 4 820 930 342
1474 2 2 0 4 888 896 867
1475 2 2 0 4 936 969 890
1476 2 2 0 4 919 984 920
1477 2 2 0 4 907 984 823
1478 2 2 0 4 915 989 906
1479 2 2 0 4 847 931 846
1480 2 2 0 4 884 885 878
1481 2 2 0 4 862 909 865
1482 2 2 0 4 887 888 867
1483 2 2 0 4 905 952 822
1484 2 2 0 4 886 980 914
1485 2 2 0 4 867 985 857
1486 2 2 0 4 987 990 872
1487 2 2 0 4 908 976 827
1488 2 2 0 4 869 913 863
1489 2 2 0 4 933 971 877
1490 2 2 0 4 836 930 820
1491 2 2 0 4 823 984 919
1492 2 2 0 4 934 937 935
1493 2 2 0 4 823 955 907
1494 2 2 0 4 834 835 820
1495 2 2 0 4 941 942 829
1496 2 2 0 4 864 966 902
1497 2 2 0 4 950 989 903
1498 2 2 0 4 920 984 895
1499 2 2 0 4 876 954 899
1500 2 2 0 4 842 871 864
1501 2 2 0 4 351 943 350
1502 2 2 0 4 871 872 864
1503 2 2 0 4 948 988 901
1504 2 2 0 4 975 988 980
1505 2 2 0 4 871 934 890
1506 2 2 0 4 901 975 873
1507 2 2 0 4 829 943 351
1508 2 2 0 4 924 977 830
1509 2 2 0 4 881 883 866
1510 2 2 0 4 865 878 877
1511 2 2 0 4 900 979 901
1512 2 2 0 4 357 945 356
1513 2 2 0 4 332 947 331
1514 2 2 0 4 344 834 343
1515 2 2 0 4 368 938 367
1516 2 2 0 4 353 941 352
1517 2 2 0 4 354 944 353
1518 2 2 0 4 329 951 328
1519 2 2 0 4 327 949 326
1520 2 2 0 4 339 950 338
1521 2 2 0 4 330 948 329
1522 2 2 0 4 326 939 325
1523 2 2 0 4 338 940 337
1524 2 2 0 4 356 946 355
1525 2 2 0 4 928 932 911
1526 2 2 0 4 336 952 335
1527 2 2 0 4 333 953 332
1528 2 2 0 4 928 963 828
1529 2 2 0 4 884 963 928
1530 2 2 0 4 818 948 330
1531 2 2 0 4 819 944 354
1532 2 2 0 4 331 947 818
1533 2 2 0 4 343 834 820
1534 2 2 0 4 367 938 821
1535 2 2 0 4 328 951 833
1536 2 2 0 4 325 939 824
1537 2 2 0 4 337 940 822
1538 2 2 0 4 826 945 357
1539 2 2 0 4 352 941 829
1540 2 2 0 4 355 946 819
1541 2 2 0 4 833 949 327
1542 2 2 0 4 831 950 339
1543 2 2 0 4 822 952 336
1544 2 2 0 4 830 953 333
1545 2 2 0 4 362 955 361
1546 2 2 0 4 361 955 823
1547 2 2 0 4 334 958 830
1548 2 2 0 4 335 958 334
1549 2 2 0 4 828 960 369
1550 2 2 0 4 360 967 359
1551 2 2 0 4 914 977 913
1552 2 2 0 4 858 870 869
1553 2 2 0 4 346 965 827
1554 2 2 0 4 906 962 930
1555 2 2 0 4 837 992 840
1556 2 2 0 4 341 962 340
1557 2 2 0 4 359 967 918
1558 2 2 0 4 957 974 956
1559 2 2 0 4 912 974 957
1560 2 2 0 4 349 968 825
1561 2 2 0 4 832 970 921
1562 2 2 0 4 830 958 924
1563 2 2 0 4 364 970 832
1564 2 2 0 4 340 962 831
1565 2 2 0 4 975 980 886
1566 2 2 0 4 825 973 348
1567 2 2 0 4 907 955 927
1568 2 2 0 4 827 976 345
1569 2 2 0 4 369 960 368
1570 2 2 0 4 912 986 974
1571 2 2 0 4 370 978 828
1572 2 2 0 4 347 965 346
1573 2 2 0 4 834 976 908
1574 2 2 0 4 917 971 850
1575 2 2 0 4 895 984 907
1576 2 2 0 4 919 967 823
1577 2 2 0 4 921 970 926
1578 2 2 0 4 903 989 915
1579 2 2 0 4 823 967 360
1580 2 2 0 4 350 968 349
1581 2 2 0 4 918 967 919
1582 2 2 0 4 877 971 917
1583 2 2 0 4 942 991 892
1584 2 2 0 4 365 970 364
1585 2 2 0 4 956 979 900
1586 2 2 0 4 833 979 956
1587 2 2 0 4 825 968 929
1588 2 2 0 4 857 985 853
1589 2 2 0 4 900 957 956
1590 2 2 0 4 868 993 895
1591 2 2 0 4 927 983 894
1592 2 2 0 4 832 983 927
1593 2 2 0 4 938 960 923
1594 2 2 0 4 326 949 939
1595 2 2 0 4 338 950 940
1596 2 2 0 4 945 946 356
1597 2 2 0 4 948 951 329
1598 2 2 0 4 353 944 941
1599 2 2 0 4 348 973 347
1600 2 2 0 4 332 953 947
1601 2 2 0 4 930 962 341
1602 2 2 0 4 828 978 928
1603 2 2 0 4 831 989 950
1604 2 2 0 4 345 976 344
1605 2 2 0 4 929 969 825
1606 2 2 0 4 952 958 335
1607 2 2 0 4 833 956 949
1608 2 2 0 4 949 974 939
1609 2 2 0 4 371 978 370
1610 2 2 0 4 956 974 949
1611 2 2 0 4 926 970 365
1612 2 2 0 4 840 992 937
1613 2 2 0 4 368 960 938
1614 2 2 0 4 940 961 822
1615 2 2 0 4 943 968 350
1616 2 2 0 4 892 981 954
1617 2 2 0 4 872 990 966
1618 2 2 0 4 921 983 832
1619 2 2 0 4 344 976 834
1620 2 2 0 4 835 992 837
1621 2 2 0 4 883 990 987
1622 2 2 0 4 878 933 877
1623 2 2 0 4 858 863 857
1624 2 2 0 4 856 861 855
1625 2 2 0 4 859 862 860
1626 2 2 0 4 855 959 859
1627 2 2 0 4 837 839 838
1628 2 2 0 4 858 869 863
1629 2 2 0 4 863 867 857
1630 2 2 0 4 856 866 861
1631 2 2 0 4 859 868 862
1632 2 2 0 4 862 865 860
1633 2 2 0 4 837 840 839
1634 2 2 0 4 885 972 933
1635 2 2 0 4 347 973 965
1636 2 2 0 4 941 991 942
1637 2 2 0 4 840 937 934
1638 2 2 0 4 965 973 936
1639 2 2 0 4 932 978 371
1640 2 2 0 4 980 988 818
1641 2 2 0 4 850 971 964
1642 2 2 0 4 840 934 842
1643 2 2 0 4 928 978 932
1644 2 2 0 4 874 972 957
1645 2 2 0 4 842 934 871
1646 2 2 0 4 951 979 833
1647 2 2 0 4 947 980 818
1648 2 2 0 4 881 990 883
1649 2 2 0 4 819 981 944
1650 2 2 0 4 912 972 885
1651 2 2 0 4 859 959 868
1652 2 2 0 4 885 933 878
1653 2 2 0 4 888 982 896
1654 2 2 0 4 957 972 912
1655 2 2 0 4 838 982 915
1656 2 2 0 4 818 988 948
1657 2 2 0 4 944 991 941
1658 2 2 0 4 892 991 981
1659 2 2 0 4 896 982 839
1660 2 2 0 4 895 993 920
1661 2 2 0 4 959 993 868
1662 2 2 0 4 901 988 975
1663 2 2 0 4 981 991 944
1664 2 2 0 4 861 959 855
1665 2 2 0 4 915 982 888
1666 2 2 0 4 966 990 881
1667 2 2 0 4 839 982 838
1668 2 2 0 4 861 993 959
1669 2 2 0 5 1003 1111 1084
1670 2 2 0 5 1020 1072 1017
1671 2 2 0 5 1029 1072 1020
1672 2 2 0 5 1049 1151 1062
1673 2 2 0 5 410 1103 409
1674 2 2 0 5 1030 1092 1034
1675 2 2 0 5 1111 1113 1084
1676 2 2 0 5 1075 1130 995
1677 2 2 0 5 1003 1141 1111
1678 2 2 0 5 1065 1080 1067
1679 2 2 0 5 1052 1073 1051
1680 2 2 0 5 1087 1162 1088
1681 2 2 0 5 1130 1157 995
1682 2 2 0 5 1056 1081 1063
1683 2 2 0 5 1065 1067 1048
1684 2 2 0 5 1047 1066 1065
1685 2 2 0 5 1055 1060 1054
1686 2 2 0 5 1049 1062 1045
1687 2 2 0 5 1058 1085 1038
1688 2 2 0 5 1111 1141 1112
1689 2 2 0 5 1039 1089 1056
1690 2 2 0 5 1056 1063 1043
1691 2 2 0 5 1042 1052 1051
1692 2 2 0 5 1044 1070 1058
1693 2 2 0 5 1075 1121 1073
1694 2 2 0 5 1002 1074 1073
1695 2 2 0 5 1076 1077 1049
1696 2 2 0 5 1019 1020 1017
1697 2 2 0 5 1040 1078 1019
1698 2 2 0 5 1055 1139 1060
1699 2 2 0 5 1021 1078 1024
1700 2 2 0 5 1066 1145 1065
1701 2 2 0 5 1071 1083 1070
1702 2 2 0 5 1073 1121 1002
1703 2 2 0 5 1070 1159 1058
1704 2 2 0 5 1069 1148 1050
1705 2 2 0 5 1019 1078 1021
1706 2 2 0 5 1005 1118 1080
1707 2 2 0 5 1041 1085 1055
1708 2 2 0 5 1008 1103 410
1709 2 2 0 5 1080 1118 1067
1710 2 2 0 5 1109 1148 1069
1711 2 2 0 5 1046 1092 1069
1712 2 2 0 5 1058 1086 1085
1713 2 2 0 5 997 1114 1098
1714 2 2 0 5 1062 1090 1089
1715 2 2 0 5 1032 1101 1057
1716 2 2 0 5 1059 1130 1052
1717 2 2 0 5 1100 1128 1081
1718 2 2 0 5 1100 1134 1128
1719 2 2 0 5 1053 1093 1036
1720 2 2 0 5 997 1098 1086
1721 2 2 0 5 1002 1094 1074
1722 2 2 0 5 1068 1163 1118
1723 2 2 0 5 1050 1076 1049
1724 2 2 0 5 998 1137 1081
1725 2 2 0 5 1044 1071 1070
1726 2 2 0 5 1018 1019 1017
1727 2 2 0 5 1068 1130 1059
1728 2 2 0 5 1098 1114 1099
1729 2 2 0 5 1063 1137 1079
1730 2 2 0 5 1118 1163 1067
1731 2 2 0 5 1089 1153 1056
1732 2 2 0 5 1081 1137 1063
1733 2 2 0 5 1072 1161 1043
1734 2 2 0 5 1067 1163 1048
1735 2 2 0 5 1111 1112 1066
1736 2 2 0 5 1029 1161 1072
1737 2 2 0 5 1063 1079 1064
1738 2 2 0 5 1018 1040 1019
1739 2 2 0 5 1140 1147 1069
1740 2 2 0 5 1112 1149 1145
1741 2 2 0 5 1085 1098 1055
1742 2 2 0 5 1145 1149 1001
1743 2 2 0 5 1103 1131 409
1744 2 2 0 5 1034 1092 1046
1745 2 2 0 5 995 1122 1075
1746 2 2 0 5 1116 1126 1079
1747 2 2 0 5 1062 1089 1045
1748 2 2 0 5 1046 1069 1050
1749 2 2 0 5 1096 1169 1051
1750 2 2 0 5 1060 1104 1087
1751 2 2 0 5 1086 1102 997
1752 2 2 0 5 1030 1107 1092
1753 2 2 0 5 1078 1101 1024
1754 2 2 0 5 1150 1162 1115
1755 2 2 0 5 1059 1163 1068
1756 2 2 0 5 1032 1057 1042
1757 2 2 0 5 1041 1053 1036
1758 2 2 0 5 1087 1088 1061
1759 2 2 0 5 1101 1142 1057
1760 2 2 0 5 1006 1153 1090
1761 2 2 0 5 1077 1127 1124
1762 2 2 0 5 1105 1119 1080
1763 2 2 0 5 1060 1087 1061
1764 2 2 0 5 1073 1074 1051
1765 2 2 0 5 1052 1075 1073
1766 2 2 0 5 1090 1129 1006
1767 2 2 0 5 406 1094 405
1768 2 2 0 5 1000 1162 1108
1769 2 2 0 5 1047 1065 1048
1770 2 2 0 5 1041 1055 1054
1771 2 2 0 5 1108 1162 1087
1772 2 2 0 5 1019 1021 1020
1773 2 2 0 5 1079 1137 1116
1774 2 2 0 5 405 1094 1002
1775 2 2 0 5 1046 1049 1045
1776 2 2 0 5 1115 1162 1000
1777 2 2 0 5 1105 1144 1119
1778 2 2 0 5 1069 1147 1109
1779 2 2 0 5 1078 1142 1101
1780 2 2 0 5 1000 1108 8
1781 2 2 0 5 1056 1153 1100
1782 2 2 0 5 1039 1056 1043
1783 2 2 0 5 1042 1051 1037
1784 2 2 0 5 1044 1058 1038
1785 2 2 0 5 1016 1017 1015
1786 2 2 0 5 1028 1093 1025
1787 2 2 0 5 1095 1096 1074
1788 2 2 0 5 1092 1140 1069
1789 2 2 0 5 1046 1050 1049
1790 2 2 0 5 1099 1139 1055
1791 2 2 0 5 1058 1097 1086
1792 2 2 0 5 413 1102 412
1793 2 2 0 5 1017 1072 1015
1794 2 2 0 5 1016 1018 1017
1795 2 2 0 5 1025 1093 1026
1796 2 2 0 5 1036 1093 1028
1797 2 2 0 5 1048 1142 1040
1798 2 2 0 5 1021 1022 1020
1799 2 2 0 5 1110 1111 1066
1800 2 2 0 5 1056 1100 1081
1801 2 2 0 5 1075 1122 1121
1802 2 2 0 5 8 1108 418
1803 2 2 0 5 1086 1098 1085
1804 2 2 0 5 1051 1169 1037
1805 2 2 0 5 1004 1139 1136
1806 2 2 0 5 997 1102 413
1807 2 2 0 5 1022 1029 1020
1808 2 2 0 5 1021 1023 1022
1809 2 2 0 5 1082 1165 1007
1810 2 2 0 5 1074 1096 1051
1811 2 2 0 5 1021 1024 1023
1812 2 2 0 5 1022 1030 1029
1813 2 2 0 5 1136 1139 1099
1814 2 2 0 5 1030 1033 1029
1815 2 2 0 5 1024 1025 1023
1816 2 2 0 5 1030 1034 1033
1817 2 2 0 5 1025 1026 1023
1818 2 2 0 5 1024 1027 1025
1819 2 2 0 5 1113 1168 1084
1820 2 2 0 5 1027 1028 1025
1821 2 2 0 5 1027 1031 1028
1822 2 2 0 5 1027 1032 1031
1823 2 2 0 5 1031 1035 1028
1824 2 2 0 5 1035 1036 1028
1825 2 2 0 5 1014 1091 1082
1826 2 2 0 5 1014 1082 1012
1827 2 2 0 5 1026 1140 1107
1828 2 2 0 5 1013 1014 1012
1829 2 2 0 5 1011 1013 1012
1830 2 2 0 5 1065 1105 1080
1831 2 2 0 5 1094 1095 1074
1832 2 2 0 5 381 1006 380
1833 2 2 0 5 393 1003 392
1834 2 2 0 5 417 1004 416
1835 2 2 0 5 399 1005 398
1836 2 2 0 5 378 994 377
1837 2 2 0 5 390 996 389
1838 2 2 0 5 414 997 413
1839 2 2 0 5 372 1000 8
1840 2 2 0 5 384 998 383
1841 2 2 0 5 396 1001 395
1842 2 2 0 5 408 999 407
1843 2 2 0 5 387 1007 386
1844 2 2 0 5 405 1002 404
1845 2 2 0 5 375 1009 374
1846 2 2 0 5 411 1008 410
1847 2 2 0 5 402 995 401
1848 2 2 0 5 1065 1145 1105
1849 2 2 0 5 1042 1059 1052
1850 2 2 0 5 1098 1099 1055
1851 2 2 0 5 1024 1101 1027
1852 2 2 0 5 1058 1159 1097
1853 2 2 0 5 1090 1156 1123
1854 2 2 0 5 1011 1012 996
1855 2 2 0 5 1010 1084 1011
1856 2 2 0 5 1097 1102 1086
1857 2 2 0 5 1082 1106 1012
1858 2 2 0 5 1080 1119 1005
1859 2 2 0 5 1123 1129 1090
1860 2 2 0 5 1107 1140 1092
1861 2 2 0 5 389 1106 388
1862 2 2 0 5 1083 1103 1070
1863 2 2 0 5 1026 1107 1023
1864 2 2 0 5 1027 1101 1032
1865 2 2 0 5 1022 1107 1030
1866 2 2 0 5 1079 1091 1064
1867 2 2 0 5 1077 1155 1127
1868 2 2 0 5 1050 1133 1076
1869 2 2 0 5 1084 1168 1011
1870 2 2 0 5 1007 1138 1082
1871 2 2 0 5 996 1106 389
1872 2 2 0 5 1064 1072 1043
1873 2 2 0 5 1112 1145 1066
1874 2 2 0 5 1095 1160 1096
1875 2 2 0 5 1083 1160 999
1876 2 2 0 5 1091 1165 1082
1877 2 2 0 5 1023 1107 1022
1878 2 2 0 5 1060 1061 1054
1879 2 2 0 5 1038 1085 1041
1880 2 2 0 5 1063 1064 1043
1881 2 2 0 5 1081 1128 998
1882 2 2 0 5 1062 1156 1090
1883 2 2 0 5 1043 1161 1033
1884 2 2 0 5 1163 1166 1048
1885 2 2 0 5 1084 1152 1003
1886 2 2 0 5 1045 1089 1039
1887 2 2 0 5 1109 1147 1053
1888 2 2 0 5 1012 1106 996
1889 2 2 0 5 999 1160 1095
1890 2 2 0 5 1110 1113 1111
1891 2 2 0 5 999 1131 1083
1892 2 2 0 5 1010 1011 996
1893 2 2 0 5 1117 1118 1005
1894 2 2 0 5 1040 1142 1078
1895 2 2 0 5 1126 1165 1079
1896 2 2 0 5 1096 1160 1071
1897 2 2 0 5 1052 1130 1075
1898 2 2 0 5 1018 1047 1040
1899 2 2 0 5 398 1119 397
1900 2 2 0 5 1047 1048 1040
1901 2 2 0 5 1124 1164 1077
1902 2 2 0 5 1151 1164 1156
1903 2 2 0 5 1047 1110 1066
1904 2 2 0 5 1077 1151 1049
1905 2 2 0 5 1005 1119 398
1906 2 2 0 5 1100 1153 1006
1907 2 2 0 5 1057 1059 1042
1908 2 2 0 5 1041 1054 1053
1909 2 2 0 5 1076 1155 1077
1910 2 2 0 5 404 1121 403
1911 2 2 0 5 379 1123 378
1912 2 2 0 5 391 1010 390
1913 2 2 0 5 415 1114 414
1914 2 2 0 5 400 1117 399
1915 2 2 0 5 401 1120 400
1916 2 2 0 5 376 1127 375
1917 2 2 0 5 374 1125 373
1918 2 2 0 5 386 1126 385
1919 2 2 0 5 377 1124 376
1920 2 2 0 5 373 1115 372
1921 2 2 0 5 385 1116 384
1922 2 2 0 5 403 1122 402
1923 2 2 0 5 1104 1108 1087
1924 2 2 0 5 383 1128 382
1925 2 2 0 5 380 1129 379
1926 2 2 0 5 1104 1139 1004
1927 2 2 0 5 1060 1139 1104
1928 2 2 0 5 994 1124 377
1929 2 2 0 5 995 1120 401
1930 2 2 0 5 378 1123 994
1931 2 2 0 5 390 1010 996
1932 2 2 0 5 414 1114 997
1933 2 2 0 5 375 1127 1009
1934 2 2 0 5 372 1115 1000
1935 2 2 0 5 384 1116 998
1936 2 2 0 5 1002 1121 404
1937 2 2 0 5 399 1117 1005
1938 2 2 0 5 402 1122 995
1939 2 2 0 5 1009 1125 374
1940 2 2 0 5 1007 1126 386
1941 2 2 0 5 998 1128 383
1942 2 2 0 5 1006 1129 380
1943 2 2 0 5 409 1131 408
1944 2 2 0 5 408 1131 999
1945 2 2 0 5 381 1134 1006
1946 2 2 0 5 382 1134 381
1947 2 2 0 5 1004 1136 416
1948 2 2 0 5 407 1143 406
1949 2 2 0 5 1090 1153 1089
1950 2 2 0 5 1034 1046 1045
1951 2 2 0 5 393 1141 1003
1952 2 2 0 5 1082 1138 1106
1953 2 2 0 5 1013 1168 1016
1954 2 2 0 5 388 1138 387
1955 2 2 0 5 406 1143 1094
1956 2 2 0 5 1133 1150 1132
1957 2 2 0 5 1088 1150 1133
1958 2 2 0 5 396 1144 1001
1959 2 2 0 5 1008 1146 1097
1960 2 2 0 5 1006 1134 1100
1961 2 2 0 5 411 1146 1008
1962 2 2 0 5 387 1138 1007
1963 2 2 0 5 1151 1156 1062
1964 2 2 0 5 1001 1149 395
1965 2 2 0 5 1083 1131 1103
1966 2 2 0 5 1003 1152 392
1967 2 2 0 5 416 1136 415
1968 2 2 0 5 1088 1162 1150
1969 2 2 0 5 417 1154 1004
1970 2 2 0 5 394 1141 393
1971 2 2 0 5 1010 1152 1084
1972 2 2 0 5 1093 1147 1026
1973 2 2 0 5 1071 1160 1083
1974 2 2 0 5 1095 1143 999
1975 2 2 0 5 1097 1146 1102
1976 2 2 0 5 1079 1165 1091
1977 2 2 0 5 999 1143 407
1978 2 2 0 5 397 1144 396
1979 2 2 0 5 1094 1143 1095
1980 2 2 0 5 1053 1147 1093
1981 2 2 0 5 1118 1167 1068
1982 2 2 0 5 412 1146 411
1983 2 2 0 5 1009 1155 1132
1984 2 2 0 5 1132 1155 1076
1985 2 2 0 5 1001 1144 1105
1986 2 2 0 5 1033 1161 1029
1987 2 2 0 5 1076 1133 1132
1988 2 2 0 5 1044 1169 1071
1989 2 2 0 5 1103 1159 1070
1990 2 2 0 5 1008 1159 1103
1991 2 2 0 5 1114 1136 1099
1992 2 2 0 5 373 1125 1115
1993 2 2 0 5 385 1126 1116
1994 2 2 0 5 1121 1122 403
1995 2 2 0 5 1124 1127 376
1996 2 2 0 5 400 1120 1117
1997 2 2 0 5 395 1149 394
1998 2 2 0 5 379 1129 1123
1999 2 2 0 5 1106 1138 388
2000 2 2 0 5 1004 1154 1104
2001 2 2 0 5 1007 1165 1126
2002 2 2 0 5 392 1152 391
2003 2 2 0 5 1105 1145 1001
2004 2 2 0 5 1128 1134 382
2005 2 2 0 5 1009 1132 1125
2006 2 2 0 5 1125 1150 1115
2007 2 2 0 5 418 1154 417
2008 2 2 0 5 1132 1150 1125
2009 2 2 0 5 1102 1146 412
2010 2 2 0 5 1016 1168 1113
2011 2 2 0 5 415 1136 1114
2012 2 2 0 5 1116 1137 998
2013 2 2 0 5 1119 1144 397
2014 2 2 0 5 1068 1157 1130
2015 2 2 0 5 1048 1166 1142
2016 2 2 0 5 1097 1159 1008
2017 2 2 0 5 391 1152 1010
2018 2 2 0 5 1011 1168 1013
2019 2 2 0 5 1059 1166 1163
2020 2 2 0 5 1054 1109 1053
2021 2 2 0 5 1034 1039 1033
2022 2 2 0 5 1032 1037 1031
2023 2 2 0 5 1035 1038 1036
2024 2 2 0 5 1031 1135 1035
2025 2 2 0 5 1013 1015 1014
2026 2 2 0 5 1034 1045 1039
2027 2 2 0 5 1039 1043 1033
2028 2 2 0 5 1032 1042 1037
2029 2 2 0 5 1035 1044 1038
2030 2 2 0 5 1038 1041 1036
2031 2 2 0 5 1013 1016 1015
2032 2 2 0 5 1061 1148 1109
2033 2 2 0 5 394 1149 1141
2034 2 2 0 5 1117 1167 1118
2035 2 2 0 5 1016 1113 1110
2036 2 2 0 5 1141 1149 1112
2037 2 2 0 5 1108 1154 418
2038 2 2 0 5 1156 1164 994
2039 2 2 0 5 1026 1147 1140
2040 2 2 0 5 1016 1110 1018
2041 2 2 0 5 1104 1154 1108
2042 2 2 0 5 1050 1148 1133
2043 2 2 0 5 1018 1110 1047
2044 2 2 0 5 1127 1155 1009
2045 2 2 0 5 1123 1156 994
2046 2 2 0 5 1057 1166 1059
2047 2 2 0 5 995 1157 1120
2048 2 2 0 5 1088 1148 1061
2049 2 2 0 5 1035 1135 1044
2050 2 2 0 5 1061 1109 1054
2051 2 2 0 5 1064 1158 1072
2052 2 2 0 5 1133 1148 1088
2053 2 2 0 5 1014 1158 1091
2054 2 2 0 5 994 1164 1124
2055 2 2 0 5 1120 1167 1117
2056 2 2 0 5 1068 1167 1157
2057 2 2 0 5 1072 1158 1015
2058 2 2 0 5 1071 1169 1096
2059 2 2 0 5 1135 1169 1044
2060 2 2 0 5 1077 1164 1151
2061 2 2 0 5 1157 1167 1120
2062 2 2 0 5 1037 1135 1031
2063 2 2 0 5 1091 1158 1064
2064 2 2 0 5 1142 1166 1057
2065 2 2 0 5 1015 1158 1014
2066 2 2 0 5 1037 1169 1135
2067 2 2 0 6 1179 1287 1260
2068 2 2 0 6 1196 1248 1193
2069 2 2 0 6 1205 1248 1196
2070 2 2 0 6 1225 1327 1238
2071 2 2 0 6 457 1279 456
2072 2 2 0 6 1206 1268 1210
2073 2 2 0 6 1287 1289 1260
2074 2 2 0 6 1251 1306 1171
2075 2 2 0 6 1179 1317 1287
2076 2 2 0 6 1241 1256 1243
2077 2 2 0 6 1228 1249 1227
2078 2 2 0 6 1263 1338 1264
2079 2 2 0 6 1306 1333 1171
2080 2 2 0 6 1232 1257 1239
2081 2 2 0 6 1241 1243 1224
2082 2 2 0 6 1223 1242 1241
2083 2 2 0 6 1231 1236 1230
2084 2 2 0 6 1225 1238 1221
2085 2 2 0 6 1234 1261 1214
2086 2 2 0 6 1287 1317 1288
2087 2 2 0 6 1215 1265 1232
2088 2 2 0 6 1232 1239 1219
2089 2 2 0 6 1218 1228 1227
2090 2 2 0 6 1220 1246 1234
2091 2 2 0 6 1251 1297 1249
2092 2 2 0 6 1178 1250 1249
2093 2 2 0 6 1252 1253 1225
2094 2 2 0 6 1195 1196 1193
2095 2 2 0 6 1216 1254 1195
2096 2 2 0 6 1231 1315 1236
2097 2 2 0 6 1197 1254 1200
2098 2 2 0 6 1242 1321 1241
2099 2 2 0 6 1247 1259 1246
2100 2 2 0 6 1249 1297 1178
2101 2 2 0 6 1246 1335 1234
2102 2 2 0 6 1245 1324 1226
2103 2 2 0 6 1195 1254 1197
2104 2 2 0 6 1181 1294 1256
2105 2 2 0 6 1217 1261 1231
2106 2 2 0 6 1184 1279 457
2107 2 2 0 6 1256 1294 1243
2108 2 2 0 6 1285 1324 1245
2109 2 2 0 6 1222 1268 1245
2110 2 2 0 6 1234 1262 1261
2111 2 2 0 6 1173 1290 1274
2112 2 2 0 6 1238 1266 1265
2113 2 2 0 6 1208 1277 1233
2114 2 2 0 6 1235 1306 1228
2115 2 2 0 6 1276 1304 1257
2116 2 2 0 6 1276 1310 1304
2117 2 2 0 6 1229 1269 1212
2118 2 2 0 6 1173 1274 1262
2119 2 2 0 6 1178 1270 1250
2120 2 2 0 6 1244 1339 1294
2121 2 2 0 6 1226 1252 1225
2122 2 2 0 6 1174 1313 1257
2123 2 2 0 6 1220 1247 1246
2124 2 2 0 6 1194 1195 1193
2125 2 2 0 6 1244 1306 1235
2126 2 2 0 6 1274 1290 1275
2127 2 2 0 6 1239 1313 1255
2128 2 2 0 6 1294 1339 1243
2129 2 2 0 6 1265 1329 1232
2130 2 2 0 6 1257 1313 1239
2131 2 2 0 6 1248 1337 1219
2132 2 2 0 6 1243 1339 1224
2133 2 2 0 6 1287 1288 1242
2134 2 2 0 6 1205 1337 1248
2135 2 2 0 6 1239 1255 1240
2136 2 2 0 6 1194 1216 1195
2137 2 2 0 6 1316 1323 1245
2138 2 2 0 6 1288 1325 1321
2139 2 2 0 6 1261 1274 1231
2140 2 2 0 6 1321 1325 1177
2141 2 2 0 6 1279 1307 456
2142 2 2 0 6 1210 1268 1222
2143 2 2 0 6 1171 1298 1251
2144 2 2 0 6 1292 1302 1255
2145 2 2 0 6 1238 1265 1221
2146 2 2 0 6 1222 1245 1226
2147 2 2 0 6 1272 1345 1227
2148 2 2 0 6 1236 1280 1263
2149 2 2 0 6 1262 1278 1173
2150 2 2 0 6 1206 1283 1268
2151 2 2 0 6 1254 1277 1200
2152 2 2 0 6 1326 1338 1291
2153 2 2 0 6 1235 1339 1244
2154 2 2 0 6 1208 1233 1218
2155 2 2 0 6 1217 1229 1212
2156 2 2 0 6 1263 1264 1237
2157 2 2 0 6 1277 1318 1233
2158 2 2 0 6 1182 1329 1266
2159 2 2 0 6 1253 1303 1300
2160 2 2 0 6 1281 1295 1256
2161 2 2 0 6 1236 1263 1237
2162 2 2 0 6 1249 1250 1227
2163 2 2 0 6 1228 1251 1249
2164 2 2 0 6 1266 1305 1182
2165 2 2 0 6 453 1270 452
2166 2 2 0 6 1176 1338 1284
2167 2 2 0 6 1223 1241 1224
2168 2 2 0 6 1217 1231 1230
2169 2 2 0 6 1284 1338 1263
2170 2 2 0 6 1195 1197 1196
2171 2 2 0 6 1255 1313 1292
2172 2 2 0 6 452 1270 1178
2173 2 2 0 6 1222 1225 1221
2174 2 2 0 6 1291 1338 1176
2175 2 2 0 6 1281 1320 1295
2176 2 2 0 6 1245 1323 1285
2177 2 2 0 6 1254 1318 1277
2178 2 2 0 6 1176 1284 9
2179 2 2 0 6 1232 1329 1276
2180 2 2 0 6 1215 1232 1219
2181 2 2 0 6 1218 1227 1213
2182 2 2 0 6 1220 1234 1214
2183 2 2 0 6 1192 1193 1191
2184 2 2 0 6 1204 1269 1201
2185 2 2 0 6 1271 1272 1250
2186 2 2 0 6 1268 1316 1245
2187 2 2 0 6 1222 1226 1225
2188 2 2 0 6 1275 1315 1231
2189 2 2 0 6 1234 1273 1262
2190 2 2 0 6 460 1278 459
2191 2 2 0 6 1193 1248 1191
2192 2 2 0 6 1192 1194 1193
2193 2 2 0 6 1201 1269 1202
2194 2 2 0 6 1212 1269 1204
2195 2 2 0 6 1224 1318 1216
2196 2 2 0 6 1197 1198 1196
2197 2 2 0 6 1286 1287 1242
2198 2 2 0 6 1232 1276 1257
2199 2 2 0 6 1251 1298 1297
2200 2 2 0 6 9 1284 465
2201 2 2 0 6 1262 1274 1261
2202 2 2 0 6 1227 1345 1213
2203 2 2 0 6 1180 1315 1312
2204 2 2 0 6 1173 1278 460
2205 2 2 0 6 1198 1205 1196
2206 2 2 0 6 1197 1199 1198
2207 2 2 0 6 1258 1341 1183
2208 2 2 0 6 1250 1272 1227
2209 2 2 0 6 1197 1200 1199
2210 2 2 0 6 1198 1206 1205
2211 2 2 0 6 1312 1315 1275
2212 2 2 0 6 1206 1209 1205
2213 2 2 0 6 1200 1201 1199
2214 2 2 0 6 1206 1210 1209
2215 2 2 0 6 1201 1202 1199
2216 2 2 0 6 1200 1203 1201
2217 2 2 0 6 1289 1344 1260
2218 2 2 0 6 1203 1204 1201
2219 2 2 0 6 1203 1207 1204
2220 2 2 0 6 1203 1208 1207
2221 2 2 0 6 1207 1211 1204
2222 2 2 0 6 1211 1212 1204
2223 2 2 0 6 1190 1267 1258
2224 2 2 0 6 1190 1258 1188
2225 2 2 0 6 1202 1316 1283
2226 2 2 0 6 1189 1190 1188
2227 2 2 0 6 1187 1189 1188
2228 2 2 0 6 1241 1281 1256
2229 2 2 0 6 1270 1271 1250
2230 2 2 0 6 428 1182 427
2231 2 2 0 6 440 1179 439
2232 2 2 0 6 464 1180 463
2233 2 2 0 6 446 1181 445
2234 2 2 0 6 425 1170 424
2235 2 2 0 6 437 1172 436
2236 2 2 0 6 461 1173 460
2237 2 2 0 6 419 1176 9
2238 2 2 0 6 431 1174 430
2239 2 2 0 6 443 1177 442
2240 2 2 0 6 455 1175 454
2241 2 2 0 6 434 1183 433
2242 2 2 0 6 452 1178 451
2243 2 2 0 6 422 1185 421
2244 2 2 0 6 458 1184 457
2245 2 2 0 6 449 1171 448
2246 2 2 0 6 1241 1321 1281
2247 2 2 0 6 1218 1235 1228
2248 2 2 0 6 1274 1275 1231
2249 2 2 0 6 1200 1277 1203
2250 2 2 0 6 1234 1335 1273
2251 2 2 0 6 1266 1332 1299
2252 2 2 0 6 1187 1188 1172
2253 2 2 0 6 1186 1260 1187
2254 2 2 0 6 1273 1278 1262
2255 2 2 0 6 1258 1282 1188
2256 2 2 0 6 1256 1295 1181
2257 2 2 0 6 1299 1305 1266
2258 2 2 0 6 1283 1316 1268
2259 2 2 0 6 436 1282 435
2260 2 2 0 6 1259 1279 1246
2261 2 2 0 6 1202 1283 1199
2262 2 2 0 6 1203 1277 1208
2263 2 2 0 6 1198 1283 1206
2264 2 2 0 6 1255 1267 1240
2265 2 2 0 6 1253 1331 1303
2266 2 2 0 6 1226 1309 1252
2267 2 2 0 6 1260 1344 1187
2268 2 2 0 6 1183 1314 1258
2269 2 2 0 6 1172 1282 436
2270 2 2 0 6 1240 1248 1219
2271 2 2 0 6 1288 1321 1242
2272 2 2 0 6 1271 1336 1272
2273 2 2 0 6 1259 1336 1175
2274 2 2 0 6 1267 1341 1258
2275 2 2 0 6 1199 1283 1198
2276 2 2 0 6 1236 1237 1230
2277 2 2 0 6 1214 1261 1217
2278 2 2 0 6 1239 1240 1219
2279 2 2 0 6 1257 1304 1174
2280 2 2 0 6 1238 1332 1266
2281 2 2 0 6 1219 1337 1209
2282 2 2 0 6 1339 1342 1224
2283 2 2 0 6 1260 1328 1179
2284 2 2 0 6 1221 1265 1215
2285 2 2 0 6 1285 1323 1229
2286 2 2 0 6 1188 1282 1172
2287 2 2 0 6 1175 1336 1271
2288 2 2 0 6 1286 1289 1287
2289 2 2 0 6 1175 1307 1259
2290 2 2 0 6 1186 1187 1172
2291 2 2 0 6 1293 1294 1181
2292 2 2 0 6 1216 1318 1254
2293 2 2 0 6 1302 1341 1255
2294 2 2 0 6 1272 1336 1247
2295 2 2 0 6 1228 1306 1251
2296 2 2 0 6 1194 1223 1216
2297 2 2 0 6 445 1295 444
2298 2 2 0 6 1223 1224 1216
2299 2 2 0 6 1300 1340 1253
2300 2 2 0 6 1327 1340 1332
2301 2 2 0 6 1223 1286 1242
2302 2 2 0 6 1253 1327 1225
2303 2 2 0 6 1181 1295 445
2304 2 2 0 6 1276 1329 1182
2305 2 2 0 6 1233 1235 1218
2306 2 2 0 6 1217 1230 1229
2307 2 2 0 6 1252 1331 1253
2308 2 2 0 6 451 1297 450
2309 2 2 0 6 426 1299 425
2310 2 2 0 6 438 1186 437
2311 2 2 0 6 462 1290 461
2312 2 2 0 6 447 1293 446
2313 2 2 0 6 448 1296 447
2314 2 2 0 6 423 1303 422
2315 2 2 0 6 421 1301 420
2316 2 2 0 6 433 1302 432
2317 2 2 0 6 424 1300 423
2318 2 2 0 6 420 1291 419
2319 2 2 0 6 432 1292 431
2320 2 2 0 6 450 1298 449
2321 2 2 0 6 1280 1284 1263
2322 2 2 0 6 430 1304 429
2323 2 2 0 6 427 1305 426
2324 2 2 0 6 1280 1315 1180
2325 2 2 0 6 1236 1315 1280
2326 2 2 0 6 1170 1300 424
2327 2 2 0 6 1171 1296 448
2328 2 2 0 6 425 1299 1170
2329 2 2 0 6 437 1186 1172
2330 2 2 0 6 461 1290 1173
2331 2 2 0 6 422 1303 1185
2332 2 2 0 6 419 1291 1176
2333 2 2 0 6 431 1292 1174
2334 2 2 0 6 1178 1297 451
2335 2 2 0 6 446 1293 1181
2336 2 2 0 6 449 1298 1171
2337 2 2 0 6 1185 1301 421
2338 2 2 0 6 1183 1302 433
2339 2 2 0 6 1174 1304 430
2340 2 2 0 6 1182 1305 427
2341 2 2 0 6 456 1307 455
2342 2 2 0 6 455 1307 1175
2343 2 2 0 6 428 1310 1182
2344 2 2 0 6 429 1310 428
2345 2 2 0 6 1180 1312 463
2346 2 2 0 6 454 1319 453
2347 2 2 0 6 1266 1329 1265
2348 2 2 0 6 1210 1222 1221
2349 2 2 0 6 440 1317 1179
2350 2 2 0 6 1258 1314 1282
2351 2 2 0 6 1189 1344 1192
2352 2 2 0 6 435 1314 434
2353 2 2 0 6 453 1319 1270
2354 2 2 0 6 1309 1326 1308
2355 2 2 0 6 1264 1326 1309
2356 2 2 0 6 443 1320 1177
2357 2 2 0 6 1184 1322 1273
2358 2 2 0 6 1182 1310 1276
2359 2 2 0 6 458 1322 1184
2360 2 2 0 6 434 1314 1183
2361 2 2 0 6 1327 1332 1238
2362 2 2 0 6 1177 1325 442
2363 2 2 0 6 1259 1307 1279
2364 2 2 0 6 1179 1328 439
2365 2 2 0 6 463 1312 462
2366 2 2 0 6 1264 1338 1326
2367 2 2 0 6 464 1330 1180
2368 2 2 0 6 441 1317 440
2369 2 2 0 6 1186 1328 1260
2370 2 2 0 6 1269 1323 1202
2371 2 2 0 6 1247 1336 1259
2372 2 2 0 6 1271 1319 1175
2373 2 2 0 6 1273 1322 1278
2374 2 2 0 6 1255 1341 1267
2375 2 2 0 6 1175 1319 454
2376 2 2 0 6 444 1320 443
2377 2 2 0 6 1270 1319 1271
2378 2 2 0 6 1229 1323 1269
2379 2 2 0 6 1294 1343 1244
2380 2 2 0 6 459 1322 458
2381 2 2 0 6 1308 1331 1252
2382 2 2 0 6 1185 1331 1308
2383 2 2 0 6 1177 1320 1281
2384 2 2 0 6 1209 1337 1205
2385 2 2 0 6 1252 1309 1308
2386 2 2 0 6 1220 1345 1247
2387 2 2 0 6 1279 1335 1246
2388 2 2 0 6 1184 1335 1279
2389 2 2 0 6 1290 1312 1275
2390 2 2 0 6 420 1301 1291
2391 2 2 0 6 432 1302 1292
2392 2 2 0 6 1297 1298 450
2393 2 2 0 6 1300 1303 423
2394 2 2 0 6 447 1296 1293
2395 2 2 0 6 442 1325 441
2396 2 2 0 6 426 1305 1299
2397 2 2 0 6 1282 1314 435
2398 2 2 0 6 1180 1330 1280
2399 2 2 0 6 1183 1341 1302
2400 2 2 0 6 439 1328 438
2401 2 2 0 6 1281 1321 1177
2402 2 2 0 6 1304 1310 429
2403 2 2 0 6 1185 1308 1301
2404 2 2 0 6 1301 1326 1291
2405 2 2 0 6 465 1330 464
2406 2 2 0 6 1308 1326 1301
2407 2 2 0 6 1278 1322 459
2408 2 2 0 6 1192 1344 1289
2409 2 2 0 6 462 1312 1290
2410 2 2 0 6 1292 1313 1174
2411 2 2 0 6 1295 1320 444
2412 2 2 0 6 1244 1333 1306
2413 2 2 0 6 1224 1342 1318
2414 2 2 0 6 1273 1335 1184
2415 2 2 0 6 438 1328 1186
2416 2 2 0 6 1187 1344 1189
2417 2 2 0 6 1235 1342 1339
2418 2 2 0 6 1230 1285 1229
2419 2 2 0 6 1210 1215 1209
2420 2 2 0 6 1208 1213 1207
2421 2 2 0 6 1211 1214 1212
2422 2 2 0 6 1207 1311 1211
2423 2 2 0 6 1189 1191 1190
2424 2 2 0 6 1210 1221 1215
2425 2 2 0 6 1215 1219 1209
2426 2 2 0 6 1208 1218 1213
2427 2 2 0 6 1211 1220 1214
2428 2 2 0 6 1214 1217 1212
2429 2 2 0 6 1189 1192 1191
2430 2 2 0 6 1237 1324 1285
2431 2 2 0 6 441 1325 1317
2432 2 2 0 6 1293 1343 1294
2433 2 2 0 6 1192 1289 1286
2434 2 2 0 6 1317 1325 1288
2435 2 2 0 6 1284 1330 465
2436 2 2 0 6 1332 1340 1170
2437 2 2 0 6 1202 1323 1316
2438 2 2 0 6 1192 1286 1194
2439 2 2 0 6 1280 1330 1284
2440 2 2 0 6 1226 1324 1309
2441 2 2 0 6 1194 1286 1223
2442 2 2 0 6 1303 1331 1185
2443 2 2 0 6 1299 1332 1170
2444 2 2 0 6 1233 1342 1235
2445 2 2 0 6 1171 1333 1296
2446 2 2 0 6 1264 1324 1237
2447 2 2 0 6 1211 1311 1220
2448 2 2 0 6 1237 1285 1230
2449 2 2 0 6 1240 1334 1248
2450 2 2 0 6 1309 1324 1264
2451 2 2 0 6 1190 1334 1267
2452 2 2 0 6 1170 1340 1300
2453 2 2 0 6 1296 1343 1293
2454 2 2 0 6 1244 1343 1333
2455 2 2 0 6 1248 1334 1191
2456 2 2 0 6 1247 1345 1272
2457 2 2 0 6 1311 1345 1220
2458 2 2 0 6 1253 1340 1327
2459 2 2 0 6 1333 1343 1296
2460 2 2 0 6 1213 1311 1207
2461 2 2 0 6 1267 1334 1240
2462 2 2 0 6 1318 1342 1233
2463 2 2 0 6 1191 1334 1190
2464 2 2 0 6 1213 1345 1311
2465 2 2 0 7 5741 8017 2640
2466 2 2 0 7 5022 6708 5852
2467 2 2 0 7 4149 6443 3544
2468 2 2 0 7 6253 6314 5093
2469 2 2 0 7 2580 7758 2582
2470 2 2 0 7 1527 5807 2096
2471 2 2 0 7 5902 7936 2758
2472 2 2 0 7 4694 6201 6200
2473 2 2 0 7 5645 8544 7201
2474 2 2 0 7 5694 6202 3992
2475 2 2 0 7 3095 6683 6682
2476 2 2 0 7 7683 7964 2747
2477 2 2 0 7 4677 5626 2869
2478 2 2 0 7 2493 5804 5097
2479 2 2 0 7 4618 5095 1577
2480 2 2 0 7 5777 8283 5776
2481 2 2 0 7 5166 5167 2725
2482 2 2 0 7 6305 7662 5716
2483 2 2 0 7 1846 7027 5799
2484 2 2 0 7 6012 6013 5362
2485 2 2 0 7 4074 5801 5800
2486 2 2 0 7 3592 8210 6436
2487 2 2 0 7 7962 8813 5444
2488 2 2 0 7 5331 6104 6103
2489 2 2 0 7 5724 6178 5205
2490 2 2 0 7 7964 8119 4637
2491 2 2 0 7 5475 8787 5298
2492 2 2 0 7 3317 6396 5581
2493 2 2 0 7 5780 7810 1377
2494 2 2 0 7 3063 9472 3773
2495 2 2 0 7 6424 7991 2472
2496 2 2 0 7 6416 6417 2536
2497 2 2 0 7 1379 7662 6305
2498 2 2 0 7 7877 8822 3540
2499 2 2 0 7 6977 7811 6318
2500 2 2 0 7 6290 8132 2456
2501 2 2 0 7 6746 8780 8772
2502 2 2 0 7 5386 8669 5378
2503 2 2 0 7 6433 9140 6432
2504 2 2 0 7 5733 8817 7942
2505 2 2 0 7 6101 8282 2382
2506 2 2 0 7 2889 5844 2677
2507 2 2 0 7 2732 8500 2915
2508 2 2 0 7 4981 9265 4374
2509 2 2 0 7 5646 8924 6566
2510 2 2 0 7 6170 6407 5473
2511 2 2 0 7 5968 6272 6091
2512 2 2 0 7 1587 6333 6332
2513 2 2 0 7 6103 6105 5331
2514 2 2 0 7 6302 6466 6094
2515 2 2 0 7 6129 8443 5821
2516 2 2 0 7 2981 7686 6271
2517 2 2 0 7 2536 6559 6416
2518 2 2 0 7 3523 8326 6231
2519 2 2 0 7 4024 6425 4102
2520 2 2 0 7 7677 8275 4967
2521 2 2 0 7 5439 8077 7628
2522 2 2 0 7 6462 7852 4443
2523 2 2 0 7 5391 8058 6496
2524 2 2 0 7 4945 8346 4943
2525 2 2 0 7 2511 8012 4155
2526 2 2 0 7 5472 6170 5473
2527 2 2 0 7 2369 5900 5899
2528 2 2 0 7 4060 8860 5092
2529 2 2 0 7 5940 8860 4060
2530 2 2 0 7 2452 8665 2559
2531 2 2 0 7 6341 8033 5441
2532 2 2 0 7 2881 9252 6731
2533 2 2 0 7 2379 8331 5743
2534 2 2 0 7 2369 6761 5900
2535 2 2 0 7 2747 7964 7698
2536 2 2 0 7 1396 8813 7962
2537 2 2 0 7 2444 8082 6105
2538 2 2 0 7 5724 7958 426
2539 2 2 0 7 5121 8284 5648
2540 2 2 0 7 4585 9256 5798
2541 2 2 0 7 1357 8458 8111
2542 2 2 0 7 5852 6708 5813
2543 2 2 0 7 2456 8132 2741
2544 2 2 0 7 3054 8606 6655
2545 2 2 0 7 8423 8425 4565
2546 2 2 0 7 5362 6013 5363
2547 2 2 0 7 4494 5836 5654
2548 2 2 0 7 2602 8855 5182
2549 2 2 0 7 8541 8691 2964
2550 2 2 0 7 3156 6677 6406
2551 2 2 0 7 5654 5655 4494
2552 2 2 0 7 3585 6616 2899
2553 2 2 0 7 3421 5085 5084
2554 2 2 0 7 8004 8005 2434
2555 2 2 0 7 6387 9134 8916
2556 2 2 0 7 7869 8234 8201
2557 2 2 0 7 5294 8615 5417
2558 2 2 0 7 6197 6716 6715
2559 2 2 0 7 1377 8785 5780
2560 2 2 0 7 5888 8195 3112
2561 2 2 0 7 6237 8856 6132
2562 2 2 0 7 3394 5837 3387
2563 2 2 0 7 4271 8479 6267
2564 2 2 0 7 1732 5861 1730
2565 2 2 0 7 2486 6141 6047
2566 2 2 0 7 2568 9311 2474
2567 2 2 0 7 4384 5934 4054
2568 2 2 0 7 6449 8945 4393
2569 2 2 0 7 6315 6399 6081
2570 2 2 0 7 5632 8293 4357
2571 2 2 0 7 7942 8817 1374
2572 2 2 0 7 6436 8210 5994
2573 2 2 0 7 7870 8298 5383
2574 2 2 0 7 426 8503 5724
2575 2 2 0 7 5390 8058 5391
2576 2 2 0 7 2404 8391 5558
2577 2 2 0 7 8245 8337 5511
2578 2 2 0 7 4517 5015 3852
2579 2 2 0 7 3671 5115 2245
2580 2 2 0 7 2268 5333 2562
2581 2 2 0 7 3587 6661 3832
2582 2 2 0 7 2617 5979 2772
2583 2 2 0 7 3999 4890 3344
2584 2 2 0 7 2657 5337 2514
2585 2 2 0 7 2742 5360 2996
2586 2 2 0 7 3239 4933 4075
2587 2 2 0 7 2419 5419 2178
2588 2 2 0 7 3574 4963 4629
2589 2 2 0 7 4173 8365 4175
2590 2 2 0 7 6516 7937 5872
2591 2 2 0 7 2397 7937 6516
2592 2 2 0 7 3232 5059 3381
2593 2 2 0 7 3167 5283 3165
2594 2 2 0 7 5306 5344 5310
2595 2 2 0 7 2871 4677 2869
2596 2 2 0 7 2395 4923 2443
2597 2 2 0 7 2763 5316 2934
2598 2 2 0 7 2493 5097 2495
2599 2 2 0 7 3405 4927 3244
2600 2 2 0 7 2517 5160 2440
2601 2 2 0 7 1579 4618 1577
2602 2 2 0 7 3087 4690 2988
2603 2 2 0 7 3207 5161 3206
2604 2 2 0 7 3235 4697 3582
2605 2 2 0 7 4647 5838 4921
2606 2 2 0 7 2727 5166 2725
2607 2 2 0 7 5082 6556 4940
2608 2 2 0 7 3303 5172 3236
2609 2 2 0 7 2972 5109 3336
2610 2 2 0 7 3009 6617 2978
2611 2 2 0 7 3327 4937 3300
2612 2 2 0 7 1389 8096 7595
2613 2 2 0 7 5402 8462 5405
2614 2 2 0 7 3493 9120 3834
2615 2 2 0 7 4386 5621 5493
2616 2 2 0 7 5518 8119 7964
2617 2 2 0 7 4496 8902 5399
2618 2 2 0 7 5530 6375 5531
2619 2 2 0 7 5987 8902 4496
2620 2 2 0 7 2278 8252 8144
2621 2 2 0 7 4528 6573 5937
2622 2 2 0 7 8268 8553 4117
2623 2 2 0 7 6091 8421 5968
2624 2 2 0 7 3258 6493 4672
2625 2 2 0 7 7085 7086 1425
2626 2 2 0 7 3079 8076 2463
2627 2 2 0 7 2956 8398 2883
2628 2 2 0 7 4357 8293 5319
2629 2 2 0 7 6013 8647 5363
2630 2 2 0 7 6261 8462 5402
2631 2 2 0 7 5739 6485 5142
2632 2 2 0 7 4247 6560 5845
2633 2 2 0 7 4522 5635 4520
2634 2 2 0 7 2304 9168 6782
2635 2 2 0 7 4174 9106 4173
2636 2 2 0 7 6534 7879 3203
2637 2 2 0 7 1414 6297 6296
2638 2 2 0 7 6474 8913 2555
2639 2 2 0 7 5076 8756 4539
2640 2 2 0 7 5917 6734 5028
2641 2 2 0 7 6362 6390 4508
2642 2 2 0 7 5383 8298 5795
2643 2 2 0 7 5800 6203 4074
2644 2 2 0 7 6497 6498 4261
2645 2 2 0 7 5735 5736 2367
2646 2 2 0 7 2255 8348 2253
2647 2 2 0 7 1414 6298 6297
2648 2 2 0 7 5182 6194 2602
2649 2 2 0 7 4967 7678 7677
2650 2 2 0 7 6637 8228 6052
2651 2 2 0 7 4462 6616 3585
2652 2 2 0 7 3421 5084 3800
2653 2 2 0 7 2886 6692 6219
2654 2 2 0 7 6400 6401 5187
2655 2 2 0 7 7783 8093 5623
2656 2 2 0 7 6032 6159 6030
2657 2 2 0 7 6123 6268 6121
2658 2 2 0 7 6133 6136 6096
2659 2 2 0 7 4943 8346 5051
2660 2 2 0 7 4521 9283 6665
2661 2 2 0 7 5391 6495 6494
2662 2 2 0 7 4606 8798 6257
2663 2 2 0 7 6163 6245 4073
2664 2 2 0 7 6126 6268 6123
2665 2 2 0 7 5854 8667 5313
2666 2 2 0 7 5488 6466 6302
2667 2 2 0 7 4459 6617 3009
2668 2 2 0 7 5976 5982 2622
2669 2 2 0 7 5921 8905 4916
2670 2 2 0 7 8007 8320 5190
2671 2 2 0 7 3228 9254 3554
2672 2 2 0 7 5996 6590 5427
2673 2 2 0 7 5679 9085 4647
2674 2 2 0 7 3537 5837 3394
2675 2 2 0 7 4010 7858 6777
2676 2 2 0 7 5804 8289 5097
2677 2 2 0 7 5355 8110 6110
2678 2 2 0 7 6853 8918 6854
2679 2 2 0 7 6390 8688 4508
2680 2 2 0 7 5763 7929 6712
2681 2 2 0 7 5959 5960 4562
2682 2 2 0 7 4652 7778 7748
2683 2 2 0 7 8746 9003 3423
2684 2 2 0 7 5141 9225 5737
2685 2 2 0 7 3237 6398 6397
2686 2 2 0 7 6339 9254 3228
2687 2 2 0 7 6521 8394 4624
2688 2 2 0 7 5378 8669 6236
2689 2 2 0 7 5821 6309 6129
2690 2 2 0 7 6498 9458 4261
2691 2 2 0 7 5676 6667 2614
2692 2 2 0 7 4705 7864 5686
2693 2 2 0 7 5166 5830 5167
2694 2 2 0 7 5664 9390 6184
2695 2 2 0 7 5740 8017 5741
2696 2 2 0 7 4278 9296 8063
2697 2 2 0 7 5291 9205 5293
2698 2 2 0 7 5300 6275 5506
2699 2 2 0 7 7811 8632 6318
2700 2 2 0 7 4890 8566 3344
2701 2 2 0 7 6243 8146 3554
2702 2 2 0 7 4896 5777 5776
2703 2 2 0 7 6347 8164 6113
2704 2 2 0 7 2788 8357 6190
2705 2 2 0 7 4039 7881 6330
2706 2 2 0 7 5564 6176 6175
2707 2 2 0 7 5092 8107 5782
2708 2 2 0 7 3574 4629 3575
2709 2 2 0 7 3937 6205 3935
2710 2 2 0 7 5561 6339 3456
2711 2 2 0 7 6715 9020 6197
2712 2 2 0 7 6460 9146 6482
2713 2 2 0 7 6855 8934 7760
2714 2 2 0 7 6486 6487 1421
2715 2 2 0 7 3351 5747 3353
2716 2 2 0 7 6190 8357 6494
2717 2 2 0 7 5558 8378 2404
2718 2 2 0 7 3289 7925 7909
2719 2 2 0 7 5790 7784 6451
2720 2 2 0 7 5791 6520 6043
2721 2 2 0 7 1787 7925 3289
2722 2 2 0 7 5562 5563 5561
2723 2 2 0 7 5927 8015 5926
2724 2 2 0 7 5575 8485 8224
2725 2 2 0 7 6184 9390 2525
2726 2 2 0 7 5382 5795 5385
2727 2 2 0 7 3338 5609 3349
2728 2 2 0 7 3302 9454 3822
2729 2 2 0 7 3838 5854 4272
2730 2 2 0 7 6857 7806 1349
2731 2 2 0 7 8467 9232 6419
2732 2 2 0 7 2614 8136 5676
2733 2 2 0 7 6447 6594 331
2734 2 2 0 7 2677 5844 2669
2735 2 2 0 7 5550 8615 5294
2736 2 2 0 7 5646 6566 5907
2737 2 2 0 7 2856 9338 5659
2738 2 2 0 7 1422 7804 7181
2739 2 2 0 7 3150 3152 3149
2740 2 2 0 7 2701 2706 2705
2741 2 2 0 7 4529 5475 5298
2742 2 2 0 7 2656 2748 2713
2743 2 2 0 7 5439 8509 8077
2744 2 2 0 7 2242 2248 2243
2745 2 2 0 7 6559 7916 6416
2746 2 2 0 7 5312 5538 4568
2747 2 2 0 7 6215 8492 8049
2748 2 2 0 7 8204 8223 2836
2749 2 2 0 7 5710 7760 4439
2750 2 2 0 7 5812 8217 2902
2751 2 2 0 7 4439 7845 5710
2752 2 2 0 7 3602 6351 4067
2753 2 2 0 7 4371 4944 4943
2754 2 2 0 7 4943 5023 4372
2755 2 2 0 7 5601 5602 4287
2756 2 2 0 7 4452 5488 5487
2757 2 2 0 7 2485 5748 2777
2758 2 2 0 7 4894 9304 5662
2759 2 2 0 7 7899 9222 5881
2760 2 2 0 7 6447 8249 5974
2761 2 2 0 7 5797 5834 4980
2762 2 2 0 7 5530 5531 4698
2763 2 2 0 7 2179 2420 2419
2764 2 2 0 7 5610 5612 5611
2765 2 2 0 7 5378 5379 4219
2766 2 2 0 7 4374 4982 4981
2767 2 2 0 7 5474 5792 5791
2768 2 2 0 7 5992 9297 9103
2769 2 2 0 7 2846 6645 2853
2770 2 2 0 7 7595 8768 1389
2771 2 2 0 7 2158 2160 2159
2772 2 2 0 7 4075 4076 3330
2773 2 2 0 7 2996 2997 2744
2774 2 2 0 7 2951 5700 3360
2775 2 2 0 7 4926 5396 5294
2776 2 2 0 7 5294 5295 4925
2777 2 2 0 7 4644 5486 5057
2778 2 2 0 7 3425 3600 3426
2779 2 2 0 7 4574 5374 5175
2780 2 2 0 7 5080 5853 5783
2781 2 2 0 7 3651 3844 3497
2782 2 2 0 7 2513 2918 2657
2783 2 2 0 7 2955 4368 3638
2784 2 2 0 7 3345 4000 3999
2785 2 2 0 7 4675 5723 5205
2786 2 2 0 7 2772 5976 2620
2787 2 2 0 7 5164 5704 5324
2788 2 2 0 7 5728 5915 4667
2789 2 2 0 7 5491 5524 4557
2790 2 2 0 7 2639 2892 2891
2791 2 2 0 7 1722 5789 1801
2792 2 2 0 7 3181 5525 3175
2793 2 2 0 7 5042 5745 4559
2794 2 2 0 7 2555 2682 2681
2795 2 2 0 7 4640 5820 5818
2796 2 2 0 7 5818 5819 5287
2797 2 2 0 7 5656 5660 5535
2798 2 2 0 7 4509 5552 5291
2799 2 2 0 7 3773 3774 3063
2800 2 2 0 7 2968 3886 3885
2801 2 2 0 7 4915 5499 4603
2802 2 2 0 7 5931 5932 4384
2803 2 2 0 7 2646 2647 2509
2804 2 2 0 7 3184 5523 3180
2805 2 2 0 7 5587 5864 4567
2806 2 2 0 7 2461 5520 3079
2807 2 2 0 7 3832 4447 3077
2808 2 2 0 7 2235 2476 2475
2809 2 2 0 7 2475 5962 2225
2810 2 2 0 7 4145 5964 5465
2811 2 2 0 7 5465 5959 4269
2812 2 2 0 7 2860 2862 2851
2813 2 2 0 7 3057 3258 3220
2814 2 2 0 7 2562 2563 2274
2815 2 2 0 7 4566 5653 5044
2816 2 2 0 7 2387 5742 3632
2817 2 2 0 7 2247 3672 3671
2818 2 2 0 7 4646 5941 5940
2819 2 2 0 7 3834 3835 3779
2820 2 2 0 7 5432 5433 4497
2821 2 2 0 7 3884 4518 4517
2822 2 2 0 7 4406 5968 5967
2823 2 2 0 7 5141 5142 4044
2824 2 2 0 7 2567 7769 7768
2825 2 2 0 7 4230 5992 5970
2826 2 2 0 7 4275 5890 5053
2827 2 2 0 7 5365 5925 5924
2828 2 2 0 7 2742 8511 5360
2829 2 2 0 7 7676 7818 1359
2830 2 2 0 7 5947 9070 5944
2831 2 2 0 7 3624 8230 5719
2832 2 2 0 7 1794 5860 5858
2833 2 2 0 7 4495 5988 5987
2834 2 2 0 7 6032 6327 6159
2835 2 2 0 7 3935 6205 4374
2836 2 2 0 7 5616 8957 7876
2837 2 2 0 7 5704 8833 5324
2838 2 2 0 7 5363 8647 5925
2839 2 2 0 7 5585 5921 4918
2840 2 2 0 7 5161 6774 3206
2841 2 2 0 7 2909 2957 2956
2842 2 2 0 7 2883 8398 5557
2843 2 2 0 7 2853 6645 3542
2844 2 2 0 7 2914 8500 2728
2845 2 2 0 7 6306 7974 4922
2846 2 2 0 7 6096 6440 2457
2847 2 2 0 7 7195 8984 7909
2848 2 2 0 7 6181 6266 4701
2849 2 2 0 7 5495 6848 5496
2850 2 2 0 7 2733 9202 2731
2851 2 2 0 7 5959 5961 5960
2852 2 2 0 7 438 6063 2381
2853 2 2 0 7 277 6139 2598
2854 2 2 0 7 308 6158 2591
2855 2 2 0 7 408 6141 2486
2856 2 2 0 7 372 6101 2382
2857 2 2 0 7 462 6072 2490
2858 2 2 0 7 392 6024 2818
2859 2 2 0 7 271 6083 2578
2860 2 2 0 7 6048 8335 6649
2861 2 2 0 7 5807 6467 2096
2862 2 2 0 7 7931 8504 2502
2863 2 2 0 7 1349 8991 6857
2864 2 2 0 7 2349 6313 2351
2865 2 2 0 7 5601 6179 5603
2866 2 2 0 7 5847 8178 8176
2867 2 2 0 7 5847 8176 5755
2868 2 2 0 7 5754 8177 5849
2869 2 2 0 7 5754 8180 8177
2870 2 2 0 7 8063 9296 5729
2871 2 2 0 7 7835 8256 5029
2872 2 2 0 7 6336 6338 1397
2873 2 2 0 7 5531 7912 6153
2874 2 2 0 7 2430 8053 6675
2875 2 2 0 7 5283 6414 3165
2876 2 2 0 7 5353 7188 7187
2877 2 2 0 7 5515 6183 4515
2878 2 2 0 7 5362 6235 6012
2879 2 2 0 7 2840 8120 5685
2880 2 2 0 7 1360 6322 6321
2881 2 2 0 7 5450 5661 4653
2882 2 2 0 7 5562 5815 5563
2883 2 2 0 7 5487 6302 6148
2884 2 2 0 7 5927 8835 8015
2885 2 2 0 7 2763 8523 5316
2886 2 2 0 7 5441 8544 6341
2887 2 2 0 7 4660 8699 6395
2888 2 2 0 7 5353 7189 7188
2889 2 2 0 7 5482 8164 6347
2890 2 2 0 7 3150 3153 3152
2891 2 2 0 7 2706 2707 2705
2892 2 2 0 7 2748 2749 2713
2893 2 2 0 7 2195 6539 2199
2894 2 2 0 7 2248 2249 2243
2895 2 2 0 7 5312 5540 5538
2896 2 2 0 7 5313 8667 6389
2897 2 2 0 7 5608 8558 5432
2898 2 2 0 7 6068 6070 6069
2899 2 2 0 7 4943 5051 5023
2900 2 2 0 7 4944 4945 4943
2901 2 2 0 7 5601 5603 5602
2902 2 2 0 7 5488 6302 5487
2903 2 2 0 7 2420 2421 2419
2904 2 2 0 7 5612 5613 5611
2905 2 2 0 7 5378 6236 5379
2906 2 2 0 7 4982 5676 4981
2907 2 2 0 7 2160 2162 2159
2908 2 2 0 7 4075 4077 4076
2909 2 2 0 7 2996 2998 2997
2910 2 2 0 7 5396 5550 5294
2911 2 2 0 7 5294 5417 5295
2912 2 2 0 7 3600 3601 3426
2913 2 2 0 7 5374 5663 5175
2914 2 2 0 7 3651 3845 3844
2915 2 2 0 7 2918 2979 2657
2916 2 2 0 7 4368 4369 3638
2917 2 2 0 7 5723 5724 5205
2918 2 2 0 7 4000 4001 3999
2919 2 2 0 7 2772 5977 5976
2920 2 2 0 7 2892 2893 2891
2921 2 2 0 7 5042 5746 5745
2922 2 2 0 7 5818 6202 5819
2923 2 2 0 7 2682 2683 2681
2924 2 2 0 7 5656 5885 5660
2925 2 2 0 7 3773 3775 3774
2926 2 2 0 7 3886 3887 3885
2927 2 2 0 7 4915 5558 5499
2928 2 2 0 7 5932 5933 4384
2929 2 2 0 7 2646 2648 2647
2930 2 2 0 7 3184 5604 5523
2931 2 2 0 7 5520 5521 3079
2932 2 2 0 7 3832 4448 4447
2933 2 2 0 7 2476 2477 2475
2934 2 2 0 7 5964 5965 5465
2935 2 2 0 7 3258 4669 3220
2936 2 2 0 7 2860 2863 2862
2937 2 2 0 7 2562 2564 2563
2938 2 2 0 7 5653 5778 5044
2939 2 2 0 7 5941 5942 5940
2940 2 2 0 7 3672 3673 3671
2941 2 2 0 7 3834 5854 3835
2942 2 2 0 7 4518 4525 4517
2943 2 2 0 7 7769 7770 7768
2944 2 2 0 7 5988 5989 5987
2945 2 2 0 7 6104 9428 8927
2946 2 2 0 7 5486 6307 5057
2947 2 2 0 7 6363 6616 4462
2948 2 2 0 7 5411 8204 5413
2949 2 2 0 7 5517 6212 6211
2950 2 2 0 7 5968 8995 6272
2951 2 2 0 7 2957 2958 2956
2952 2 2 0 7 6284 7820 1356
2953 2 2 0 7 5976 6232 5982
2954 2 2 0 7 6233 8504 7931
2955 2 2 0 7 5975 6594 6447
2956 2 2 0 7 5730 7819 1423
2957 2 2 0 7 7915 8257 5448
2958 2 2 0 7 5413 8204 6108
2959 2 2 0 7 2731 9202 6254
2960 2 2 0 7 5306 8571 5344
2961 2 2 0 7 5491 8277 5524
2962 2 2 0 7 5841 8976 6027
2963 2 2 0 7 5905 6554 2839
2964 2 2 0 7 2902 8216 5812
2965 2 2 0 7 5744 8992 7949
2966 2 2 0 7 5585 5922 5921
2967 2 2 0 7 7472 8311 1386
2968 2 2 0 7 5106 6424 6423
2969 2 2 0 7 4979 8163 5797
2970 2 2 0 7 5821 8443 5608
2971 2 2 0 7 6469 6470 1523
2972 2 2 0 7 6997 6998 1346
2973 2 2 0 7 2805 8930 2808
2974 2 2 0 7 1496 6659 1495
2975 2 2 0 7 1583 9355 1581
2976 2 2 0 7 3091 9356 3089
2977 2 2 0 7 5448 9345 7915
2978 2 2 0 7 3565 8142 3284
2979 2 2 0 7 3957 8269 3955
2980 2 2 0 7 4272 5854 5313
2981 2 2 0 7 5685 8462 2840
2982 2 2 0 7 6256 7935 5951
2983 2 2 0 7 5298 8787 6275
2984 2 2 0 7 4175 8365 4347
2985 2 2 0 7 5745 9551 5087
2986 2 2 0 7 5003 7994 5913
2987 2 2 0 7 5902 7781 3238
2988 2 2 0 7 5296 8823 6489
2989 2 2 0 7 3121 8125 3119
2990 2 2 0 7 6199 9371 2887
2991 2 2 0 7 4620 5787 5483
2992 2 2 0 7 5675 8310 7029
2993 2 2 0 7 4618 6491 5095
2994 2 2 0 7 6005 6350 5999
2995 2 2 0 7 7788 7977 6444
2996 2 2 0 7 4705 5686 4628
2997 2 2 0 7 6487 8897 1421
2998 2 2 0 7 6472 9312 3666
2999 2 2 0 7 3589 8424 5833
3000 2 2 0 7 2623 9408 6265
3001 2 2 0 7 2855 6749 2847
3002 2 2 0 7 5799 7028 1846
3003 2 2 0 7 55 6643 1355
3004 2 2 0 7 6946 7813 1348
3005 2 2 0 7 3220 8741 3222
3006 2 2 0 7 8159 8699 5649
3007 2 2 0 7 5648 8284 6571
3008 2 2 0 7 4990 6766 6764
3009 2 2 0 7 5975 6447 5974
3010 2 2 0 7 8231 8378 5576
3011 2 2 0 7 4940 8998 5703
3012 2 2 0 7 8745 9003 8746
3013 2 2 0 7 3128 8964 3556
3014 2 2 0 7 6538 9439 6025
3015 2 2 0 7 6333 6497 6332
3016 2 2 0 7 3863 8699 8159
3017 2 2 0 7 5493 7835 6335
3018 2 2 0 7 5767 7949 1814
3019 2 2 0 7 1814 7969 5767
3020 2 2 0 7 6731 9252 6733
3021 2 2 0 7 3835 5854 3838
3022 2 2 0 7 5091 6253 5093
3023 2 2 0 7 5814 5836 4494
3024 2 2 0 7 5028 6734 5099
3025 2 2 0 7 2902 8217 2516
3026 2 2 0 7 8201 8234 4263
3027 2 2 0 7 5822 8097 2833
3028 2 2 0 7 1385 7824 6246
3029 2 2 0 7 6425 7678 4967
3030 2 2 0 7 5172 6349 3236
3031 2 2 0 7 3782 7947 4642
3032 2 2 0 7 2823 6413 2821
3033 2 2 0 7 6960 7827 1429
3034 2 2 0 7 2324 6713 2322
3035 2 2 0 7 2365 6713 2324
3036 2 2 0 7 5778 8323 3932
3037 2 2 0 7 3242 9431 4016
3038 2 2 0 7 3632 9430 2390
3039 2 2 0 7 6568 8809 6569
3040 2 2 0 7 5425 8486 5427
3041 2 2 0 7 3186 8757 3184
3042 2 2 0 7 5427 8486 5996
3043 2 2 0 7 6556 8998 4940
3044 2 2 0 7 6295 8480 5087
3045 2 2 0 7 5925 8529 5924
3046 2 2 0 7 7833 7834 6199
3047 2 2 0 7 4652 7789 7778
3048 2 2 0 7 6419 6420 6418
3049 2 2 0 7 2821 6413 2833
3050 2 2 0 7 5141 5735 5142
3051 2 2 0 7 5576 8378 5558
3052 2 2 0 7 6267 8151 4271
3053 2 2 0 7 2236 9197 6008
3054 2 2 0 7 6799 8038 6800
3055 2 2 0 7 6063 6064 2381
3056 2 2 0 7 6158 6433 2591
3057 2 2 0 7 6083 6084 2578
3058 2 2 0 7 6000 6002 5998
3059 2 2 0 7 6050 6637 6052
3060 2 2 0 7 5326 7947 3782
3061 2 2 0 7 5543 8223 8204
3062 2 2 0 7 6731 9346 2881
3063 2 2 0 7 4647 9085 5838
3064 2 2 0 7 6686 8780 5622
3065 2 2 0 7 6470 6471 1545
3066 2 2 0 7 4196 8088 4195
3067 2 2 0 7 3344 8566 6473
3068 2 2 0 7 4087 6476 4957
3069 2 2 0 7 3201 6534 3203
3070 2 2 0 7 6043 8470 5791
3071 2 2 0 7 2605 2607 2606
3072 2 2 0 7 5029 8748 7835
3073 2 2 0 7 6216 7738 3522
3074 2 2 0 7 4444 6530 5971
3075 2 2 0 7 7086 8710 1425
3076 2 2 0 7 2622 9408 2623
3077 2 2 0 7 6854 8918 5513
3078 2 2 0 7 6732 8266 6251
3079 2 2 0 7 231 8683 8136
3080 2 2 0 7 5488 8065 6127
3081 2 2 0 7 6329 9355 1583
3082 2 2 0 7 6334 9356 3091
3083 2 2 0 7 5615 9119 5475
3084 2 2 0 7 5859 7875 5775
3085 2 2 0 7 8161 8597 8075
3086 2 2 0 7 4677 6626 5626
3087 2 2 0 7 5447 6702 6360
3088 2 2 0 7 6184 7862 5664
3089 2 2 0 7 2559 6290 2454
3090 2 2 0 7 5771 8755 3844
3091 2 2 0 7 6127 6466 5488
3092 2 2 0 7 5615 7874 6034
3093 2 2 0 7 6153 8232 5531
3094 2 2 0 7 5901 5902 2758
3095 2 2 0 7 5659 8202 2856
3096 2 2 0 7 3666 9312 5877
3097 2 2 0 7 2180 6374 5763
3098 2 2 0 7 5560 9452 5562
3099 2 2 0 7 6482 7331 6460
3100 2 2 0 7 7909 8984 3289
3101 2 2 0 7 2857 6502 6501
3102 2 2 0 7 5853 8707 5783
3103 2 2 0 7 6419 9191 6420
3104 2 2 0 7 9103 9297 5993
3105 2 2 0 7 4942 8033 6341
3106 2 2 0 7 6423 7878 6422
3107 2 2 0 7 4521 6665 4523
3108 2 2 0 7 6316 8502 5045
3109 2 2 0 7 6848 8854 5496
3110 2 2 0 7 7760 8934 4439
3111 2 2 0 7 6813 9048 5458
3112 2 2 0 7 6169 6407 6170
3113 2 2 0 7 7949 8992 1814
3114 2 2 0 7 5572 6611 6412
3115 2 2 0 7 6375 7912 5531
3116 2 2 0 7 6537 6538 6025
3117 2 2 0 7 6399 9099 6081
3118 2 2 0 7 5115 7797 2245
3119 2 2 0 7 6266 9009 4666
3120 2 2 0 7 3239 8547 4933
3121 2 2 0 7 5873 9117 4665
3122 2 2 0 7 6105 8082 6541
3123 2 2 0 7 6292 6293 5118
3124 2 2 0 7 2273 8707 6581
3125 2 2 0 7 5792 6520 5791
3126 2 2 0 7 7876 8957 2077
3127 2 2 0 7 2730 8500 2732
3128 2 2 0 7 1361 8304 7470
3129 2 2 0 7 5664 7862 5176
3130 2 2 0 7 5023 6564 5341
3131 2 2 0 7 4233 6185 6117
3132 2 2 0 7 5797 6505 5834
3133 2 2 0 7 7759 7867 5111
3134 2 2 0 7 5956 6450 5957
3135 2 2 0 7 5017 7993 4246
3136 2 2 0 7 5075 8824 5867
3137 2 2 0 7 6096 8191 6440
3138 2 2 0 7 5587 8225 5864
3139 2 2 0 7 6581 8707 5853
3140 2 2 0 7 6008 6687 2236
3141 2 2 0 7 5966 6370 5965
3142 2 2 0 7 6749 9024 2847
3143 2 2 0 7 6203 7996 7984
3144 2 2 0 7 2887 9056 2790
3145 2 2 0 7 2790 9056 5972
3146 2 2 0 7 6501 6503 2848
3147 2 2 0 7 5913 7855 5003
3148 2 2 0 7 6476 8401 4957
3149 2 2 0 7 2457 6440 5815
3150 2 2 0 7 1521 6470 1545
3151 2 2 0 7 5763 6712 2180
3152 2 2 0 7 5432 6554 5433
3153 2 2 0 7 6092 6206 3354
3154 2 2 0 7 4932 6312 4931
3155 2 2 0 7 6136 8191 6096
3156 2 2 0 7 6226 6276 5343
3157 2 2 0 7 6330 7881 5169
3158 2 2 0 7 7842 8200 2754
3159 2 2 0 7 5517 6544 6212
3160 2 2 0 7 2833 6413 5822
3161 2 2 0 7 4494 9022 5814
3162 2 2 0 7 5594 8721 8297
3163 2 2 0 7 5388 6326 5386
3164 2 2 0 7 6665 9038 5195
3165 2 2 0 7 3232 8519 5059
3166 2 2 0 7 5787 8711 5483
3167 2 2 0 7 2395 8635 4923
3168 2 2 0 7 4927 8636 3244
3169 2 2 0 7 4690 7837 2988
3170 2 2 0 7 3235 7841 4697
3171 2 2 0 7 2668 4158 2674
3172 2 2 0 7 3895 4119 3945
3173 2 2 0 7 4392 5466 3521
3174 2 2 0 7 1513 8703 8235
3175 2 2 0 7 5180 8007 5190
3176 2 2 0 7 1545 6471 6345
3177 2 2 0 7 6201 8282 6101
3178 2 2 0 7 6305 8452 8417
3179 2 2 0 7 8417 8452 1405
3180 2 2 0 7 2600 7758 2580
3181 2 2 0 7 2728 8500 2730
3182 2 2 0 7 2670 4158 2668
3183 2 2 0 7 3901 4119 3895
3184 2 2 0 7 3521 5466 3648
3185 2 2 0 7 5890 6584 5053
3186 2 2 0 7 2887 9371 6340
3187 2 2 0 7 6743 8549 8297
3188 2 2 0 7 4937 8673 3300
3189 2 2 0 7 8388 8802 5498
3190 2 2 0 7 2582 7758 7757
3191 2 2 0 7 4991 8087 2157
3192 2 2 0 7 4199 8088 4196
3193 2 2 0 7 7875 9464 5775
3194 2 2 0 7 1801 9283 9004
3195 2 2 0 7 6649 8335 5506
3196 2 2 0 7 5722 9223 9064
3197 2 2 0 7 3833 5747 3351
3198 2 2 0 7 6743 8297 6742
3199 2 2 0 7 7995 8310 5675
3200 2 2 0 7 5993 7977 7788
3201 2 2 0 7 5161 9044 6774
3202 2 2 0 7 5324 9485 5165
3203 2 2 0 7 6470 8029 6471
3204 2 2 0 7 8174 8690 5303
3205 2 2 0 7 342 6548 343
3206 2 2 0 7 1347 6352 6298
3207 2 2 0 7 4227 9297 5992
3208 2 2 0 7 6489 8823 6580
3209 2 2 0 7 3353 6490 3356
3210 2 2 0 7 5526 8502 6316
3211 2 2 0 7 5146 9047 6046
3212 2 2 0 7 8216 8504 4662
3213 2 2 0 7 7032 7805 1372
3214 2 2 0 7 4991 8979 8087
3215 2 2 0 7 5802 6708 5022
3216 2 2 0 7 4482 7955 3321
3217 2 2 0 7 8412 8589 2368
3218 2 2 0 7 3955 8269 5477
3219 2 2 0 7 4462 6398 6363
3220 2 2 0 7 6675 8053 5552
3221 2 2 0 7 8125 8797 3119
3222 2 2 0 7 5728 8881 5915
3223 2 2 0 7 6438 6652 5538
3224 2 2 0 7 5372 8424 3210
3225 2 2 0 7 5658 9283 4521
3226 2 2 0 7 4375 7921 3934
3227 2 2 0 7 8081 9255 5438
3228 2 2 0 7 6255 7766 3384
3229 2 2 0 7 4219 7922 4183
3230 2 2 0 7 5702 8379 5153
3231 2 2 0 7 5789 6665 1801
3232 2 2 0 7 3237 7927 6398
3233 2 2 0 7 5790 8327 7784
3234 2 2 0 7 5446 6729 5714
3235 2 2 0 7 5785 8691 8541
3236 2 2 0 7 6274 8215 4555
3237 2 2 0 7 5581 8517 3317
3238 2 2 0 7 4993 6238 3508
3239 2 2 0 7 2551 8955 8866
3240 2 2 0 7 7897 9528 4538
3241 2 2 0 7 8136 8683 5677
3242 2 2 0 7 2605 2606 2597
3243 2 2 0 7 6216 8671 7738
3244 2 2 0 7 6046 9423 5146
3245 2 2 0 7 5367 9081 5370
3246 2 2 0 7 4631 6244 5476
3247 2 2 0 7 5924 9081 5367
3248 2 2 0 7 5153 8661 5702
3249 2 2 0 7 6816 6817 5642
3250 2 2 0 7 1794 5861 5860
3251 2 2 0 7 6251 8266 5322
3252 2 2 0 7 4352 7974 6306
3253 2 2 0 7 6369 7689 4874
3254 2 2 0 7 5512 8244 4594
3255 2 2 0 7 5832 6404 2505
3256 2 2 0 7 6141 6142 6047
3257 2 2 0 7 3544 6443 4074
3258 2 2 0 7 4910 6443 4149
3259 2 2 0 7 8142 8762 3284
3260 2 2 0 7 7948 8426 4642
3261 2 2 0 7 6354 7282 6352
3262 2 2 0 7 6712 7929 2415
3263 2 2 0 7 5891 8930 2805
3264 2 2 0 7 6175 9452 5564
3265 2 2 0 7 6570 8780 6686
3266 2 2 0 7 6309 9484 6308
3267 2 2 0 7 2980 8427 3151
3268 2 2 0 7 6241 7290 1358
3269 2 2 0 7 8029 8922 6471
3270 2 2 0 7 4113 7689 6369
3271 2 2 0 7 6044 7912 6375
3272 2 2 0 7 6330 6728 4039
3273 2 2 0 7 5635 5794 4520
3274 2 2 0 7 2475 6754 5962
3275 2 2 0 7 3112 8195 3132
3276 2 2 0 7 5659 7892 5634
3277 2 2 0 7 4653 5098 4552
3278 2 2 0 7 5298 6275 5300
3279 2 2 0 7 2753 2754 2748
3280 2 2 0 7 3342 3343 3327
3281 2 2 0 7 3336 3339 3338
3282 2 2 0 7 3314 3385 3303
3283 2 2 0 7 3556 3559 3558
3284 2 2 0 7 3178 5916 3200
3285 2 2 0 7 2770 2905 2904
3286 2 2 0 7 4598 4599 4539
3287 2 2 0 7 2161 2164 2160
3288 2 2 0 7 2570 2602 2568
3289 2 2 0 7 5717 5718 5082
3290 2 2 0 7 2729 2735 2727
3291 2 2 0 7 5181 5763 5179
3292 2 2 0 7 5502 5503 5396
3293 2 2 0 7 3602 3820 3600
3294 2 2 0 7 4921 5547 5546
3295 2 2 0 7 5106 6230 5104
3296 2 2 0 7 3582 4090 4089
3297 2 2 0 7 2174 2176 2172
3298 2 2 0 7 5461 5842 5841
3299 2 2 0 7 3209 3212 3207
3300 2 2 0 7 3089 3287 3087
3301 2 2 0 7 3567 3568 3565
3302 2 2 0 7 2717 2721 2566
3303 2 2 0 7 3459 3797 3498
3304 2 2 0 7 1581 1740 1579
3305 2 2 0 7 4612 5975 5974
3306 2 2 0 7 2519 2521 2517
3307 2 2 0 7 2193 2196 2195
3308 2 2 0 7 3407 3415 3405
3309 2 2 0 7 5864 5866 5865
3310 2 2 0 7 2661 2662 2659
3311 2 2 0 7 2934 2947 2937
3312 2 2 0 7 2495 2505 2497
3313 2 2 0 7 2443 2447 2446
3314 2 2 0 7 3123 3124 3121
3315 2 2 0 7 2873 2885 2871
3316 2 2 0 7 2204 5688 2202
3317 2 2 0 7 5310 5343 5342
3318 2 2 0 7 3169 3170 3167
3319 2 2 0 7 3381 3543 3500
3320 2 2 0 7 2560 6478 2770
3321 2 2 0 7 6411 8318 3665
3322 2 2 0 7 2172 6475 2170
3323 2 2 0 7 2566 6474 2484
3324 2 2 0 7 2191 6472 2193
3325 2 2 0 7 5370 9034 5425
3326 2 2 0 7 3542 6400 6213
3327 2 2 0 7 4520 8977 4518
3328 2 2 0 7 5405 5685 5407
3329 2 2 0 7 4176 4192 4174
3330 2 2 0 7 5465 6784 5959
3331 2 2 0 7 4538 8756 7897
3332 2 2 0 7 6139 6571 2598
3333 2 2 0 7 1703 7028 1685
3334 2 2 0 7 8240 9095 1794
3335 2 2 0 7 5675 7029 4477
3336 2 2 0 7 3238 7936 5902
3337 2 2 0 7 6244 8061 5476
3338 2 2 0 7 5700 8690 8174
3339 2 2 0 7 3181 7779 5525
3340 2 2 0 7 5564 9452 5560
3341 2 2 0 7 6158 9178 6433
3342 2 2 0 7 5553 9026 5552
3343 2 2 0 7 6732 6733 2878
3344 2 2 0 7 6177 9539 6664
3345 2 2 0 7 2782 6335 2854
3346 2 2 0 7 4551 7795 5927
3347 2 2 0 7 5824 9421 3574
3348 2 2 0 7 6329 6330 5169
3349 2 2 0 7 5467 5777 4896
3350 2 2 0 7 1368 8487 6342
3351 2 2 0 7 6342 8514 1368
3352 2 2 0 7 4102 6425 4967
3353 2 2 0 7 5289 6415 6414
3354 2 2 0 7 5997 6000 5998
3355 2 2 0 7 6050 6052 6049
3356 2 2 0 7 2779 6335 2782
3357 2 2 0 7 2797 8446 8298
3358 2 2 0 7 3152 6390 3793
3359 2 2 0 7 5476 8061 7891
3360 2 2 0 7 9073 9249 5918
3361 2 2 0 7 1730 5861 1794
3362 2 2 0 7 6778 8376 7902
3363 2 2 0 7 5992 7893 5970
3364 2 2 0 7 5727 9171 5420
3365 2 2 0 7 1595 6580 3333
3366 2 2 0 7 5968 8421 5967
3367 2 2 0 7 6911 7815 6913
3368 2 2 0 7 6387 8916 8844
3369 2 2 0 7 6646 8565 2697
3370 2 2 0 7 3793 6390 6362
3371 2 2 0 7 5473 6407 5753
3372 2 2 0 7 1373 7010 7007
3373 2 2 0 7 2472 7991 2288
3374 2 2 0 7 5120 6517 6292
3375 2 2 0 7 6379 9343 8551
3376 2 2 0 7 3844 8205 5771
3377 2 2 0 7 4165 9376 5740
3378 2 2 0 7 6395 6669 4660
3379 2 2 0 7 5935 8156 6545
3380 2 2 0 7 6361 6593 6125
3381 2 2 0 7 7181 8704 1422
3382 2 2 0 7 8491 8602 3419
3383 2 2 0 7 6309 9025 5986
3384 2 2 0 7 4134 9407 5587
3385 2 2 0 7 453 6505 454
3386 2 2 0 7 4444 6531 6530
3387 2 2 0 7 7939 8737 4506
3388 2 2 0 7 5991 6369 4874
3389 2 2 0 7 5754 8181 1407
3390 2 2 0 7 1407 8180 5754
3391 2 2 0 7 5847 8179 1351
3392 2 2 0 7 1351 8178 5847
3393 2 2 0 7 1406 8183 5757
3394 2 2 0 7 5757 8184 1406
3395 2 2 0 7 5123 8182 7220
3396 2 2 0 7 6957 8187 1380
3397 2 2 0 7 1380 8185 6957
3398 2 2 0 7 1430 8189 5758
3399 2 2 0 7 5848 8188 1392
3400 2 2 0 7 5755 8176 1408
3401 2 2 0 7 5849 8177 1351
3402 2 2 0 7 1351 8179 5849
3403 2 2 0 7 1380 8187 5756
3404 2 2 0 7 5757 8183 1369
3405 2 2 0 7 5758 8189 1392
3406 2 2 0 7 1392 8188 5758
3407 2 2 0 7 6957 8185 1406
3408 2 2 0 7 1406 8184 6957
3409 2 2 0 7 6027 7982 5841
3410 2 2 0 7 5605 8098 2844
3411 2 2 0 7 7201 8036 5645
3412 2 2 0 7 7891 8303 5476
3413 2 2 0 7 4374 6205 4982
3414 2 2 0 7 2403 6787 6522
3415 2 2 0 7 4016 9504 3240
3416 2 2 0 7 5840 9379 3523
3417 2 2 0 7 2420 6633 2426
3418 2 2 0 7 2543 8501 5831
3419 2 2 0 7 5758 8628 1430
3420 2 2 0 7 7220 9127 5123
3421 2 2 0 7 1392 9128 5848
3422 2 2 0 7 5756 9129 1380
3423 2 2 0 7 1408 9144 5755
3424 2 2 0 7 1369 9170 5757
3425 2 2 0 7 5961 7970 6552
3426 2 2 0 7 5831 8416 2543
3427 2 2 0 7 5662 6557 4894
3428 2 2 0 7 6568 9469 8809
3429 2 2 0 7 2964 8691 5700
3430 2 2 0 7 6219 6692 5286
3431 2 2 0 7 4246 7993 6220
3432 2 2 0 7 5748 8019 2777
3433 2 2 0 7 6412 6611 2548
3434 2 2 0 7 6072 9102 2490
3435 2 2 0 7 2779 2782 2780
3436 2 2 0 7 3206 6774 6772
3437 2 2 0 7 3200 3298 3297
3438 2 2 0 7 5379 5383 5382
3439 2 2 0 7 5387 5388 5386
3440 2 2 0 7 4600 5440 4598
3441 2 2 0 7 2571 2573 2570
3442 2 2 0 7 2520 2522 2519
3443 2 2 0 7 3187 3188 3186
3444 2 2 0 7 5433 5905 5904
3445 2 2 0 7 2937 2939 2938
3446 2 2 0 7 2446 2449 2448
3447 2 2 0 7 2205 2206 2204
3448 2 2 0 7 6548 9189 343
3449 2 2 0 7 8297 8721 6742
3450 2 2 0 7 2365 7347 6572
3451 2 2 0 7 4192 7865 6399
3452 2 2 0 7 5943 9133 4420
3453 2 2 0 7 2912 8705 8639
3454 2 2 0 7 6526 9178 6158
3455 2 2 0 7 5714 8919 5446
3456 2 2 0 7 5641 7994 4385
3457 2 2 0 7 5066 9016 7979
3458 2 2 0 7 6481 8146 6243
3459 2 2 0 7 1359 8697 7676
3460 2 2 0 7 5552 8053 5291
3461 2 2 0 7 4701 6266 4666
3462 2 2 0 7 6125 6593 6405
3463 2 2 0 7 5742 8078 3632
3464 2 2 0 7 6338 8722 1397
3465 2 2 0 7 8551 9343 3507
3466 2 2 0 7 5319 6452 5898
3467 2 2 0 7 5791 8470 5472
3468 2 2 0 7 5515 7903 6183
3469 2 2 0 7 1737 5914 1714
3470 2 2 0 7 7849 7851 6517
3471 2 2 0 7 7310 7653 1388
3472 2 2 0 7 4073 6648 6163
3473 2 2 0 7 6345 7965 1545
3474 2 2 0 7 2731 5808 2729
3475 2 2 0 7 3222 5559 3224
3476 2 2 0 7 5956 5957 5953
3477 2 2 0 7 4967 5280 4381
3478 2 2 0 7 3967 6344 3998
3479 2 2 0 7 1597 6580 1595
3480 2 2 0 7 3415 8007 4929
3481 2 2 0 7 3343 8009 4939
3482 2 2 0 7 6531 8280 6074
3483 2 2 0 7 5820 8659 5818
3484 2 2 0 7 2702 6646 2697
3485 2 2 0 7 8522 8757 5470
3486 2 2 0 7 3655 3656 3620
3487 2 2 0 7 3349 3351 3350
3488 2 2 0 7 3838 3840 3839
3489 2 2 0 7 5427 5919 5428
3490 2 2 0 7 3020 5895 5894
3491 2 2 0 7 6662 8010 5887
3492 2 2 0 7 5822 8567 5072
3493 2 2 0 7 3318 3321 3316
3494 2 2 0 7 3224 3456 3226
3495 2 2 0 7 2499 2506 2501
3496 2 2 0 7 2877 5575 2875
3497 2 2 0 7 5409 5543 5411
3498 2 2 0 7 3523 6334 3091
3499 2 2 0 7 2007 6329 1583
3500 2 2 0 7 3412 3413 3411
3501 2 2 0 7 2736 2738 2733
3502 2 2 0 7 5073 5635 4522
3503 2 2 0 7 3226 6339 3228
3504 2 2 0 7 2880 2884 2877
3505 2 2 0 7 4182 4183 4180
3506 2 2 0 7 3933 3934 3931
3507 2 2 0 7 3969 3971 3970
3508 2 2 0 7 5700 8174 3360
3509 2 2 0 7 3929 3943 3927
3510 2 2 0 7 3967 3998 3969
3511 2 2 0 7 2808 2812 2810
3512 2 2 0 7 4381 5280 4383
3513 2 2 0 7 2884 5575 2877
3514 2 2 0 7 3456 6339 3226
3515 2 2 0 7 6373 6439 5679
3516 2 2 0 7 8679 8806 5537
3517 2 2 0 7 3574 8674 5824
3518 2 2 0 7 4874 6421 5991
3519 2 2 0 7 2919 8639 6242
3520 2 2 0 7 4696 5551 3319
3521 2 2 0 7 3964 6344 3967
3522 2 2 0 7 4240 4426 3537
3523 2 2 0 7 4102 4967 4381
3524 2 2 0 7 6161 8828 6245
3525 2 2 0 7 3224 5559 3456
3526 2 2 0 7 4523 6665 5195
3527 2 2 0 7 6703 7983 3950
3528 2 2 0 7 6257 8546 4606
3529 2 2 0 7 5559 5560 3456
3530 2 2 0 7 5689 9448 2202
3531 2 2 0 7 6178 6664 5205
3532 2 2 0 7 1360 8730 6322
3533 2 2 0 7 6110 8878 5355
3534 2 2 0 7 6066 6068 6064
3535 2 2 0 7 2497 6404 2499
3536 2 2 0 7 8298 8446 5795
3537 2 2 0 7 2166 7858 4010
3538 2 2 0 7 5762 8377 4654
3539 2 2 0 7 5430 6508 5354
3540 2 2 0 7 2499 6404 2506
3541 2 2 0 7 6352 7282 6299
3542 2 2 0 7 4385 7994 5003
3543 2 2 0 7 6583 8325 3911
3544 2 2 0 7 5833 8424 8422
3545 2 2 0 7 2339 8560 2341
3546 2 2 0 7 2212 2213 2209
3547 2 2 0 7 3866 3867 3576
3548 2 2 0 7 2675 2677 2669
3549 2 2 0 7 3788 5621 4386
3550 2 2 0 7 3919 3920 3917
3551 2 2 0 7 5722 8801 6260
3552 2 2 0 7 8116 8390 6948
3553 2 2 0 7 8027 8059 3783
3554 2 2 0 7 7079 7816 1417
3555 2 2 0 7 2379 5743 2373
3556 2 2 0 7 2220 5963 2219
3557 2 2 0 7 4979 8437 8163
3558 2 2 0 7 6657 6738 5815
3559 2 2 0 7 2536 8869 2534
3560 2 2 0 7 6335 7835 2854
3561 2 2 0 7 4479 8098 5605
3562 2 2 0 7 5309 8460 8049
3563 2 2 0 7 6153 7912 6150
3564 2 2 0 7 6292 8499 6293
3565 2 2 0 7 5563 6440 5566
3566 2 2 0 7 3911 8990 6583
3567 2 2 0 7 5044 5779 5045
3568 2 2 0 7 2861 5070 2860
3569 2 2 0 7 5043 5831 5042
3570 2 2 0 7 8235 8703 5584
3571 2 2 0 7 2449 8321 5764
3572 2 2 0 7 5175 5664 5176
3573 2 2 0 7 8464 8465 3471
3574 2 2 0 7 7984 7996 4151
3575 2 2 0 7 6000 6003 6002
3576 2 2 0 7 6050 8505 6637
3577 2 2 0 7 5401 6261 5402
3578 2 2 0 7 5983 9195 4536
3579 2 2 0 7 5165 9485 5618
3580 2 2 0 7 5985 8803 6112
3581 2 2 0 7 6148 8993 5487
3582 2 2 0 7 3012 6448 4391
3583 2 2 0 7 2408 6302 6094
3584 2 2 0 7 3542 6401 6400
3585 2 2 0 7 7007 7009 1373
3586 2 2 0 7 1386 8539 7472
3587 2 2 0 7 3665 8318 6754
3588 2 2 0 7 6161 6245 6163
3589 2 2 0 7 8307 8309 6259
3590 2 2 0 7 3611 8467 8129
3591 2 2 0 7 5525 8658 3173
3592 2 2 0 7 4074 6443 5801
3593 2 2 0 7 5560 5562 5561
3594 2 2 0 7 5399 6549 5401
3595 2 2 0 7 6413 8098 4479
3596 2 2 0 7 2890 9470 6568
3597 2 2 0 7 5569 8200 7842
3598 2 2 0 7 5769 8393 5770
3599 2 2 0 7 2304 6782 2307
3600 2 2 0 7 5961 6784 2388
3601 2 2 0 7 1525 6469 1523
3602 2 2 0 7 3538 6314 6253
3603 2 2 0 7 3591 6704 6538
3604 2 2 0 7 3995 9396 5964
3605 2 2 0 7 2459 8649 5520
3606 2 2 0 7 5523 8650 3177
3607 2 2 0 7 5432 8558 6554
3608 2 2 0 7 4461 6695 3198
3609 2 2 0 7 5165 6558 5809
3610 2 2 0 7 3097 6683 3095
3611 2 2 0 7 6998 8734 1346
3612 2 2 0 7 4669 8741 3220
3613 2 2 0 7 6526 8031 5108
3614 2 2 0 7 371 8482 8369
3615 2 2 0 7 5906 6562 5653
3616 2 2 0 7 453 9264 6505
3617 2 2 0 7 5951 7935 5948
3618 2 2 0 7 5642 9141 6816
3619 2 2 0 7 4021 6425 4024
3620 2 2 0 7 5420 8371 5727
3621 2 2 0 7 6421 7365 5991
3622 2 2 0 7 5109 7941 3339
3623 2 2 0 7 5110 7879 6534
3624 2 2 0 7 5974 8249 6790
3625 2 2 0 7 5724 8503 6178
3626 2 2 0 7 6098 6375 5530
3627 2 2 0 7 4362 9172 5631
3628 2 2 0 7 5938 9172 4362
3629 2 2 0 7 2712 9173 5958
3630 2 2 0 7 2544 8213 5718
3631 2 2 0 7 5867 6548 5486
3632 2 2 0 7 6092 9157 6206
3633 2 2 0 7 6259 8308 8307
3634 2 2 0 7 5028 8533 5917
3635 2 2 0 7 6731 6733 6732
3636 2 2 0 7 8147 9546 5163
3637 2 2 0 7 5152 5788 5751
3638 2 2 0 7 6745 8157 5527
3639 2 2 0 7 6252 8437 4979
3640 2 2 0 7 3874 7326 6299
3641 2 2 0 7 8224 9029 2885
3642 2 2 0 7 4042 9225 5141
3643 2 2 0 7 5549 9439 6538
3644 2 2 0 7 6275 9158 5506
3645 2 2 0 7 3587 8488 6661
3646 2 2 0 7 2729 5808 2735
3647 2 2 0 7 2899 6616 2900
3648 2 2 0 7 5869 8031 5846
3649 2 2 0 7 4569 8756 8127
3650 2 2 0 7 6319 8059 8027
3651 2 2 0 7 5427 6590 5919
3652 2 2 0 7 3523 9379 6334
3653 2 2 0 7 3319 9515 2961
3654 2 2 0 7 5540 6438 5538
3655 2 2 0 7 4594 8244 5672
3656 2 2 0 7 3998 6344 5474
3657 2 2 0 7 1841 7908 6310
3658 2 2 0 7 2804 6504 2802
3659 2 2 0 7 3634 9305 5890
3660 2 2 0 7 3609 7365 6421
3661 2 2 0 7 5438 9207 4675
3662 2 2 0 7 2505 6404 2497
3663 2 2 0 7 2719 9110 8711
3664 2 2 0 7 2640 8600 5741
3665 2 2 0 7 7979 9016 8944
3666 2 2 0 7 2839 8656 5905
3667 2 2 0 7 7736 8965 3589
3668 2 2 0 7 8717 9057 5555
3669 2 2 0 7 4666 9009 5728
3670 2 2 0 7 5472 8470 6170
3671 2 2 0 7 3184 8757 5604
3672 2 2 0 7 2506 6404 4481
3673 2 2 0 7 2351 6313 2396
3674 2 2 0 7 6787 9093 5750
3675 2 2 0 7 5917 9253 6734
3676 2 2 0 7 5782 8339 5092
3677 2 2 0 7 8577 9342 6502
3678 2 2 0 7 3150 5111 3153
3679 2 2 0 7 3846 4552 3847
3680 2 2 0 7 2980 3150 3149
3681 2 2 0 7 2701 2705 2695
3682 2 2 0 7 4529 5298 4017
3683 2 2 0 7 2656 2713 2565
3684 2 2 0 7 4892 9336 5601
3685 2 2 0 7 3528 7863 3526
3686 2 2 0 7 5815 6738 2457
3687 2 2 0 7 5953 8023 5951
3688 2 2 0 7 6374 9477 5179
3689 2 2 0 7 5634 8202 5659
3690 2 2 0 7 5457 7844 5794
3691 2 2 0 7 6293 8732 5356
3692 2 2 0 7 5471 9519 3971
3693 2 2 0 7 5461 9477 5843
3694 2 2 0 7 2242 2243 2197
3695 2 2 0 7 6472 9242 2193
3696 2 2 0 7 2566 9243 6474
3697 2 2 0 7 2978 6617 3882
3698 2 2 0 7 2172 9244 6475
3699 2 2 0 7 3299 3327 3300
3700 2 2 0 7 6372 8914 4906
3701 2 2 0 7 4272 5312 4568
3702 2 2 0 7 5472 5473 5471
3703 2 2 0 7 6012 6235 6014
3704 2 2 0 7 5048 6585 5909
3705 2 2 0 7 1724 8393 5789
3706 2 2 0 7 5924 8529 6172
3707 2 2 0 7 6478 9246 2770
3708 2 2 0 7 3173 8658 3178
3709 2 2 0 7 4477 7029 5799
3710 2 2 0 7 2250 8014 2243
3711 2 2 0 7 6228 8919 5714
3712 2 2 0 7 6284 8657 7820
3713 2 2 0 7 4652 7748 6813
3714 2 2 0 7 6024 8319 2818
3715 2 2 0 7 6110 8110 6109
3716 2 2 0 7 8513 9437 2723
3717 2 2 0 7 2750 6250 2713
3718 2 2 0 7 6075 6531 6074
3719 2 2 0 7 5043 8416 5831
3720 2 2 0 7 7902 8376 4956
3721 2 2 0 7 4220 8780 6746
3722 2 2 0 7 1732 9229 5861
3723 2 2 0 7 6455 6456 1384
3724 2 2 0 7 3969 5471 3971
3725 2 2 0 7 5922 7802 2407
3726 2 2 0 7 2861 7938 5070
3727 2 2 0 7 3775 6722 3776
3728 2 2 0 7 7998 8752 5101
3729 2 2 0 7 5071 6669 6395
3730 2 2 0 7 5538 6652 5539
3731 2 2 0 7 5446 9019 6729
3732 2 2 0 7 3667 8679 3129
3733 2 2 0 7 4371 4943 4372
3734 2 2 0 7 2972 3336 3163
3735 2 2 0 7 4892 5601 4287
3736 2 2 0 7 4452 5487 5318
3737 2 2 0 7 2485 2777 2718
3738 2 2 0 7 2960 3303 3236
3739 2 2 0 7 5965 6370 6320
3740 2 2 0 7 3328 6203 2085
3741 2 2 0 7 3638 7920 2182
3742 2 2 0 7 4979 5797 4980
3743 2 2 0 7 4699 5530 4698
3744 2 2 0 7 2179 2419 2178
3745 2 2 0 7 3128 3556 3555
3746 2 2 0 7 3173 3178 3172
3747 2 2 0 7 5610 5611 3833
3748 2 2 0 7 2560 2770 2561
3749 2 2 0 7 4218 5378 4219
3750 2 2 0 7 5474 5791 5472
3751 2 2 0 7 3348 4539 4538
3752 2 2 0 7 2307 6781 2309
3753 2 2 0 7 29 6561 1348
3754 2 2 0 7 5961 6552 5960
3755 2 2 0 7 3177 8650 3181
3756 2 2 0 7 2741 8649 2459
3757 2 2 0 7 1423 8648 5730
3758 2 2 0 7 5877 9468 3666
3759 2 2 0 7 2158 2159 2157
3760 2 2 0 7 3239 4075 3330
3761 2 2 0 7 3002 3541 3235
3762 2 2 0 7 2742 2996 2744
3763 2 2 0 7 2951 3360 2756
3764 2 2 0 7 4939 5082 4940
3765 2 2 0 7 2726 2727 2725
3766 2 2 0 7 4929 5179 4930
3767 2 2 0 7 4926 5294 4925
3768 2 2 0 7 2452 2559 2454
3769 2 2 0 7 4644 5057 4482
3770 2 2 0 7 3425 3426 3424
3771 2 2 0 7 4557 5507 4167
3772 2 2 0 7 4647 4921 4380
3773 2 2 0 7 6424 6663 6423
3774 2 2 0 7 6267 8317 8151
3775 2 2 0 7 4574 5175 4118
3776 2 2 0 7 5080 5783 5079
3777 2 2 0 7 3857 5104 3858
3778 2 2 0 7 5508 8705 8492
3779 2 2 0 7 5103 8228 4681
3780 2 2 0 7 3650 3651 3497
3781 2 2 0 7 2988 3592 2986
3782 2 2 0 7 2513 2657 2514
3783 2 2 0 7 2955 3638 2182
3784 2 2 0 7 3235 3582 3372
3785 2 2 0 7 4675 5205 4673
3786 2 2 0 7 3345 3999 3344
3787 2 2 0 7 2617 2772 2620
3788 2 2 0 7 4940 5703 5509
3789 2 2 0 7 4664 5872 4992
3790 2 2 0 7 2171 2172 2170
3791 2 2 0 7 5164 5324 5165
3792 2 2 0 7 4666 5728 4667
3793 2 2 0 7 4930 5461 5460
3794 2 2 0 7 3284 3667 3129
3795 2 2 0 7 5490 5491 4557
3796 2 2 0 7 5678 5679 4647
3797 2 2 0 7 3197 3207 3206
3798 2 2 0 7 5127 5879 4574
3799 2 2 0 7 3242 4016 3240
3800 2 2 0 7 2989 3087 2988
3801 2 2 0 7 4282 5103 4681
3802 2 2 0 7 4676 5438 4675
3803 2 2 0 7 2639 2891 2619
3804 2 2 0 7 4496 5399 5398
3805 2 2 0 7 3564 3565 3284
3806 2 2 0 7 2786 2887 2790
3807 2 2 0 7 3302 3822 3309
3808 2 2 0 7 3251 3459 3458
3809 2 2 0 7 2483 2566 2484
3810 2 2 0 7 1722 1801 1720
3811 2 2 0 7 4344 5362 4345
3812 2 2 0 7 3177 3181 3175
3813 2 2 0 7 1578 1579 1577
3814 2 2 0 7 4404 4612 4008
3815 2 2 0 7 2456 2741 2459
3816 2 2 0 7 4560 5042 4559
3817 2 2 0 7 2441 2517 2440
3818 2 2 0 7 2191 2193 2192
3819 2 2 0 7 4640 5818 5287
3820 2 2 0 7 2555 2681 2554
3821 2 2 0 7 5536 5656 5535
3822 2 2 0 7 4232 5515 4515
3823 2 2 0 7 4509 5291 4467
3824 2 2 0 7 3404 3405 3244
3825 2 2 0 7 2968 3885 2966
3826 2 2 0 7 4604 4915 4603
3827 2 2 0 7 2645 2646 2509
3828 2 2 0 7 3183 3184 3180
3829 2 2 0 7 4134 5587 4567
3830 2 2 0 7 4052 5931 4384
3831 2 2 0 7 2461 3079 2463
3832 2 2 0 7 3587 3832 3077
3833 2 2 0 7 2235 2475 2225
3834 2 2 0 7 4145 5465 4269
3835 2 2 0 7 3057 3220 3058
3836 2 2 0 7 4357 5319 4355
3837 2 2 0 7 2852 2860 2851
3838 2 2 0 7 2268 2562 2274
3839 2 2 0 7 4566 5044 2634
3840 2 2 0 7 2493 2495 2494
3841 2 2 0 7 4421 5943 4420
3842 2 2 0 7 4397 5938 4362
3843 2 2 0 7 4498 5432 4497
3844 2 2 0 7 4058 5940 4060
3845 2 2 0 7 2763 2934 2764
3846 2 2 0 7 2247 3671 2245
3847 2 2 0 7 4060 5092 5091
3848 2 2 0 7 2395 2443 2418
3849 2 2 0 7 2387 3632 2390
3850 2 2 0 7 4646 5940 4058
3851 2 2 0 7 3493 3834 3779
3852 2 2 0 7 2712 5958 2746
3853 2 2 0 7 2746 5958 2763
3854 2 2 0 7 4052 4384 4054
3855 2 2 0 7 4528 5937 5931
3856 2 2 0 7 3884 4517 3852
3857 2 2 0 7 3120 3121 3119
3858 2 2 0 7 4406 5967 4404
3859 2 2 0 7 4230 5970 4232
3860 2 2 0 7 4042 5141 4044
3861 2 2 0 7 2790 5972 2792
3862 2 2 0 7 2792 5972 2886
3863 2 2 0 7 5367 5370 5369
3864 2 2 0 7 2870 2871 2869
3865 2 2 0 7 2567 7768 7767
3866 2 2 0 7 2201 2202 2188
3867 2 2 0 7 5306 5310 5308
3868 2 2 0 7 4275 5053 5052
3869 2 2 0 7 3166 3167 3165
3870 2 2 0 7 7995 8712 6783
3871 2 2 0 7 6607 6608 5762
3872 2 2 0 7 6551 7945 1489
3873 2 2 0 7 7741 9193 8862
3874 2 2 0 7 6817 9343 5642
3875 2 2 0 7 5365 5924 5367
3876 2 2 0 7 4920 5585 4918
3877 2 2 0 7 8167 8856 6131
3878 2 2 0 7 3667 8806 8679
3879 2 2 0 7 5512 8245 8244
3880 2 2 0 7 4495 5987 4496
3881 2 2 0 7 3232 3381 3291
3882 2 2 0 7 4377 5657 4613
3883 2 2 0 7 6298 8672 1347
3884 2 2 0 7 4453 6576 5189
3885 2 2 0 7 6276 8154 5343
3886 2 2 0 7 7971 8491 3419
3887 2 2 0 7 6502 9342 4629
3888 2 2 0 7 8111 8458 6488
3889 2 2 0 7 5550 9200 8614
3890 2 2 0 7 6682 8326 3095
3891 2 2 0 7 5530 6524 6098
3892 2 2 0 7 6439 9434 5838
3893 2 2 0 7 3011 6250 2750
3894 2 2 0 7 6242 8271 4893
3895 2 2 0 7 5866 7856 2614
3896 2 2 0 7 4404 9215 4612
3897 2 2 0 7 5967 9215 4404
3898 2 2 0 7 8294 8595 8397
3899 2 2 0 7 6629 8807 5693
3900 2 2 0 7 5072 8097 5822
3901 2 2 0 7 3934 7921 3931
3902 2 2 0 7 6198 7833 6199
3903 2 2 0 7 6061 9135 8085
3904 2 2 0 7 4183 7922 4180
3905 2 2 0 7 2281 5897 2283
3906 2 2 0 7 6452 6635 6156
3907 2 2 0 7 3615 8718 8415
3908 2 2 0 7 6022 6394 6017
3909 2 2 0 7 5493 8256 7835
3910 2 2 0 7 3338 9087 5609
3911 2 2 0 7 2576 9434 6439
3912 2 2 0 7 5956 7840 6450
3913 2 2 0 7 5966 9184 6370
3914 2 2 0 7 6285 7877 4888
3915 2 2 0 7 5872 7937 4992
3916 2 2 0 7 6401 6645 5827
3917 2 2 0 7 3788 6686 5622
3918 2 2 0 7 8133 8963 4121
3919 2 2 0 7 5698 5839 2999
3920 2 2 0 7 7906 8807 6629
3921 2 2 0 7 6360 6702 5031
3922 2 2 0 7 3992 8619 5694
3923 2 2 0 7 3321 7955 3316
3924 2 2 0 7 3356 6490 4444
3925 2 2 0 7 2614 6667 5866
3926 2 2 0 7 5977 6232 5976
3927 2 2 0 7 2636 6234 2632
3928 2 2 0 7 2281 8144 5897
3929 2 2 0 7 3939 5929 3937
3930 2 2 0 7 7955 9281 3385
3931 2 2 0 7 5856 7971 2175
3932 2 2 0 7 5283 9131 6414
3933 2 2 0 7 6414 9131 5289
3934 2 2 0 7 5946 5947 5944
3935 2 2 0 7 5950 5951 5948
3936 2 2 0 7 5343 9373 6226
3937 2 2 0 7 5048 5909 5908
3938 2 2 0 7 6596 8584 4678
3939 2 2 0 7 7741 8862 7740
3940 2 2 0 7 6417 8467 6419
3941 2 2 0 7 5437 6207 2907
3942 2 2 0 7 6104 8927 6552
3943 2 2 0 7 3650 8542 3651
3944 2 2 0 7 3885 8541 2966
3945 2 2 0 7 5360 8511 7975
3946 2 2 0 7 4624 8394 4626
3947 2 2 0 7 2863 8198 2931
3948 2 2 0 7 8244 8245 2374
3949 2 2 0 7 3475 9512 3492
3950 2 2 0 7 6417 6419 6418
3951 2 2 0 7 2185 5856 2175
3952 2 2 0 7 5402 5405 5404
3953 2 2 0 7 6538 6704 5548
3954 2 2 0 7 2909 2956 2883
3955 2 2 0 7 5958 8523 2763
3956 2 2 0 7 6832 9512 3475
3957 2 2 0 7 8087 8979 4971
3958 2 2 0 7 4165 5740 4437
3959 2 2 0 7 2844 9521 5605
3960 2 2 0 7 4893 9186 6242
3961 2 2 0 7 6397 8290 3237
3962 2 2 0 7 5828 6655 4879
3963 2 2 0 7 5937 9203 5931
3964 2 2 0 7 7929 8072 2415
3965 2 2 0 7 2939 6426 2981
3966 2 2 0 7 200 7291 1386
3967 2 2 0 7 8711 9110 5485
3968 2 2 0 7 5919 6590 2382
3969 2 2 0 7 2603 6431 6051
3970 2 2 0 7 5388 8160 6326
3971 2 2 0 7 4261 9458 8590
3972 2 2 0 7 2902 8504 8216
3973 2 2 0 7 6552 7970 2413
3974 2 2 0 7 8078 9316 4573
3975 2 2 0 7 3057 6493 3258
3976 2 2 0 7 1495 6659 2152
3977 2 2 0 7 5766 9065 7639
3978 2 2 0 7 7639 9084 5766
3979 2 2 0 7 3932 8324 5778
3980 2 2 0 7 6544 6794 3778
3981 2 2 0 7 5517 6794 6544
3982 2 2 0 7 2274 8858 6540
3983 2 2 0 7 3822 8494 3309
3984 2 2 0 7 8369 8482 5989
3985 2 2 0 7 8944 9016 3331
3986 2 2 0 7 6177 6664 6178
3987 2 2 0 7 2202 9448 2188
3988 2 2 0 7 5467 6215 5777
3989 2 2 0 7 4232 9239 5515
3990 2 2 0 7 5830 8269 3957
3991 2 2 0 7 5970 9239 4232
3992 2 2 0 7 5927 7794 4551
3993 2 2 0 7 5142 6485 4044
3994 2 2 0 7 6242 8639 8271
3995 2 2 0 7 3459 6473 3797
3996 2 2 0 7 4099 9079 6311
3997 2 2 0 7 8192 9172 6624
3998 2 2 0 7 4932 6767 6312
3999 2 2 0 7 5486 8091 6307
4000 2 2 0 7 6539 8334 5450
4001 2 2 0 7 3927 6639 3923
4002 2 2 0 7 7264 8696 7524
4003 2 2 0 7 7524 8733 7264
4004 2 2 0 7 5109 8967 7941
4005 2 2 0 7 4028 6306 4922
4006 2 2 0 7 5575 8224 2875
4007 2 2 0 7 8297 8574 5592
4008 2 2 0 7 3541 7841 3235
4009 2 2 0 7 7470 8715 1361
4010 2 2 0 7 2988 7837 3592
4011 2 2 0 7 6808 6815 4591
4012 2 2 0 7 3299 5916 3341
4013 2 2 0 7 5972 8454 2886
4014 2 2 0 7 2237 5688 2204
4015 2 2 0 7 2519 5598 2521
4016 2 2 0 7 3200 5916 3299
4017 2 2 0 7 3423 8867 8746
4018 2 2 0 7 6557 9336 4894
4019 2 2 0 7 5179 9477 4930
4020 2 2 0 7 4930 9477 5461
4021 2 2 0 7 5565 6339 5561
4022 2 2 0 7 5858 8240 1794
4023 2 2 0 7 2407 8754 5922
4024 2 2 0 7 4551 8291 7795
4025 2 2 0 7 7628 8077 3019
4026 2 2 0 7 4664 9117 5872
4027 2 2 0 7 5990 8723 5981
4028 2 2 0 7 3151 8427 5113
4029 2 2 0 7 6510 8932 5453
4030 2 2 0 7 3904 6237 3900
4031 2 2 0 7 6523 7875 5859
4032 2 2 0 7 5718 9042 2544
4033 2 2 0 7 2937 6426 2939
4034 2 2 0 7 6108 8925 5413
4035 2 2 0 7 5440 5633 4598
4036 2 2 0 7 4879 6435 5828
4037 2 2 0 7 5764 9136 2449
4038 2 2 0 7 3486 8574 8297
4039 2 2 0 7 7088 7089 1424
4040 2 2 0 7 5833 8742 3589
4041 2 2 0 7 6418 8869 2536
4042 2 2 0 7 56 6643 55
4043 2 2 0 7 4557 9188 5507
4044 2 2 0 7 5207 8892 8583
4045 2 2 0 7 5168 8938 6491
4046 2 2 0 7 2848 6645 2846
4047 2 2 0 7 6043 6520 2236
4048 2 2 0 7 4176 7865 4192
4049 2 2 0 7 7735 7736 4535
4050 2 2 0 7 4701 6537 6181
4051 2 2 0 7 6393 9298 5018
4052 2 2 0 7 6461 7331 5136
4053 2 2 0 7 2837 6287 6107
4054 2 2 0 7 6271 8333 2981
4055 2 2 0 7 5884 7945 6551
4056 2 2 0 7 2559 7947 6290
4057 2 2 0 7 6290 7947 5326
4058 2 2 0 7 5498 8802 7859
4059 2 2 0 7 8088 8263 6495
4060 2 2 0 7 3660 5983 4536
4061 2 2 0 7 5813 9348 5852
4062 2 2 0 7 1357 8920 8458
4063 2 2 0 7 4101 6593 4984
4064 2 2 0 7 5084 6662 5887
4065 2 2 0 7 16 6907 15
4066 2 2 0 7 4377 8229 5657
4067 2 2 0 7 3284 8762 3667
4068 2 2 0 7 8155 8594 8294
4069 2 2 0 7 2361 8595 8294
4070 2 2 0 7 5104 8268 3858
4071 2 2 0 7 4591 6807 6187
4072 2 2 0 7 8842 8843 8473
4073 2 2 0 7 1529 5807 1527
4074 2 2 0 7 6188 8609 4643
4075 2 2 0 7 2681 9552 2554
4076 2 2 0 7 5879 9163 4574
4077 2 2 0 7 2854 7833 6198
4078 2 2 0 7 5640 7678 6425
4079 2 2 0 7 2692 6222 2694
4080 2 2 0 7 6785 8843 2975
4081 2 2 0 7 6347 9545 5482
4082 2 2 0 7 6420 8344 7774
4083 2 2 0 7 5181 7929 5763
4084 2 2 0 7 3848 8668 8543
4085 2 2 0 7 6208 7685 4361
4086 2 2 0 7 5752 9519 5471
4087 2 2 0 7 2185 8175 5856
4088 2 2 0 7 5280 6656 5281
4089 2 2 0 7 5939 6288 5938
4090 2 2 0 7 5120 6292 5116
4091 2 2 0 7 6478 8868 3584
4092 2 2 0 7 4510 8735 8362
4093 2 2 0 7 5721 8929 6584
4094 2 2 0 7 7005 7010 7006
4095 2 2 0 7 2388 6784 6320
4096 2 2 0 7 201 7291 200
4097 2 2 0 7 4637 8119 4638
4098 2 2 0 7 2509 8004 2434
4099 2 2 0 7 3314 7955 3385
4100 2 2 0 7 5997 5998 2246
4101 2 2 0 7 6049 6052 2438
4102 2 2 0 7 6091 6272 2838
4103 2 2 0 7 6111 6112 3621
4104 2 2 0 7 6097 6221 2430
4105 2 2 0 7 6147 6148 2408
4106 2 2 0 7 6169 6170 2410
4107 2 2 0 7 5066 6766 4990
4108 2 2 0 7 4074 6203 3328
4109 2 2 0 7 4888 9367 6285
4110 2 2 0 7 2735 8498 8269
4111 2 2 0 7 5910 6509 5539
4112 2 2 0 7 2349 7926 6313
4113 2 2 0 7 2901 8012 2511
4114 2 2 0 7 7217 7498 5936
4115 2 2 0 7 6354 7405 3786
4116 2 2 0 7 6190 6494 6039
4117 2 2 0 7 3589 8965 3211
4118 2 2 0 7 4121 8963 5577
4119 2 2 0 7 3622 8243 3426
4120 2 2 0 7 6052 6589 2438
4121 2 2 0 7 2411 6191 6013
4122 2 2 0 7 6011 6014 2397
4123 2 2 0 7 6010 6184 2525
4124 2 2 0 7 2439 6151 6149
4125 2 2 0 7 6056 6059 2835
4126 2 2 0 7 6042 6166 2526
4127 2 2 0 7 6037 6190 6039
4128 2 2 0 7 6026 6192 6028
4129 2 2 0 7 2423 6193 6192
4130 2 2 0 7 2841 6080 6078
4131 2 2 0 7 2467 6738 6657
4132 2 2 0 7 6017 6394 2412
4133 2 2 0 7 6081 9286 6315
4134 2 2 0 7 4181 9115 8516
4135 2 2 0 7 5320 8914 6372
4136 2 2 0 7 5545 7983 6703
4137 2 2 0 7 3407 8007 3415
4138 2 2 0 7 8049 8460 6215
4139 2 2 0 7 3342 8009 3343
4140 2 2 0 7 2975 8843 8563
4141 2 2 0 7 459 6099 2489
4142 2 2 0 7 450 5997 2246
4143 2 2 0 7 286 6111 3621
4144 2 2 0 7 6121 6268 246
4145 2 2 0 7 334 6091 2838
4146 2 2 0 7 312 6049 2438
4147 2 2 0 7 6030 6159 264
4148 2 2 0 7 413 6119 6090
4149 2 2 0 7 236 5995 2615
4150 2 2 0 7 310 6431 2603
4151 2 2 0 7 355 6097 2430
4152 2 2 0 7 300 6092 3354
4153 2 2 0 7 288 6146 2404
4154 2 2 0 7 340 6128 2539
4155 2 2 0 7 238 6156 2616
4156 2 2 0 7 452 6040 2405
4157 2 2 0 7 419 6133 6096
4158 2 2 0 7 242 6147 2408
4159 2 2 0 7 444 6169 2410
4160 2 2 0 7 457 6109 2491
4161 2 2 0 7 6048 6649 258
4162 2 2 0 7 6584 8801 5722
4163 2 2 0 7 5992 9103 7893
4164 2 2 0 7 5959 6784 5961
4165 2 2 0 7 6175 6176 6174
4166 2 2 0 7 6116 6117 6115
4167 2 2 0 7 5722 9064 6430
4168 2 2 0 7 6204 8535 8140
4169 2 2 0 7 8014 8334 6539
4170 2 2 0 7 5626 9014 7938
4171 2 2 0 7 1348 8559 6946
4172 2 2 0 7 5012 7906 4684
4173 2 2 0 7 6609 8769 5597
4174 2 2 0 7 5379 6236 5383
4175 2 2 0 7 4147 6509 5910
4176 2 2 0 7 5963 8997 2219
4177 2 2 0 7 7032 8795 7805
4178 2 2 0 7 5988 8369 5989
4179 2 2 0 7 3528 8052 7863
4180 2 2 0 7 6359 9308 6598
4181 2 2 0 7 5878 8512 7920
4182 2 2 0 7 7705 9222 7899
4183 2 2 0 7 6651 9303 6167
4184 2 2 0 7 6520 9197 2236
4185 2 2 0 7 3797 6473 5454
4186 2 2 0 7 6605 8741 4671
4187 2 2 0 7 6095 8558 8443
4188 2 2 0 7 5837 8254 3387
4189 2 2 0 7 6283 8332 2151
4190 2 2 0 7 6593 9335 4984
4191 2 2 0 7 5914 6808 6187
4192 2 2 0 7 2741 8132 5855
4193 2 2 0 7 6820 7789 4652
4194 2 2 0 7 8106 8596 5725
4195 2 2 0 7 5526 8760 8502
4196 2 2 0 7 8362 8735 8363
4197 2 2 0 7 4992 9307 6235
4198 2 2 0 7 6355 6357 1426
4199 2 2 0 7 5629 6220 2637
4200 2 2 0 7 7759 8133 3418
4201 2 2 0 7 6911 8870 7815
4202 2 2 0 7 4178 7865 4176
4203 2 2 0 7 5634 7892 4599
4204 2 2 0 7 2829 8714 8421
4205 2 2 0 7 5732 9546 8147
4206 2 2 0 7 6404 8481 4481
4207 2 2 0 7 6568 6569 2953
4208 2 2 0 7 5507 9011 5549
4209 2 2 0 7 5915 8724 6410
4210 2 2 0 7 6410 8724 5656
4211 2 2 0 7 2873 8224 2885
4212 2 2 0 7 8494 9366 3309
4213 2 2 0 7 2615 8959 6452
4214 2 2 0 7 5282 8030 5836
4215 2 2 0 7 5836 8030 5654
4216 2 2 0 7 5892 9249 9073
4217 2 2 0 7 5662 9303 6651
4218 2 2 0 7 5544 7113 7112
4219 2 2 0 7 1523 6470 1521
4220 2 2 0 7 6650 8560 2339
4221 2 2 0 7 6027 8976 2181
4222 2 2 0 7 6269 6514 1401
4223 2 2 0 7 6511 8760 5526
4224 2 2 0 7 5815 6440 5563
4225 2 2 0 7 1737 6808 5914
4226 2 2 0 7 5809 9044 5165
4227 2 2 0 7 4967 8275 5280
4228 2 2 0 7 3191 3193 3189
4229 2 2 0 7 5866 9111 5865
4230 2 2 0 7 5108 9178 6526
4231 2 2 0 7 6948 8875 8116
4232 2 2 0 7 6784 9279 6320
4233 2 2 0 7 2991 6686 3788
4234 2 2 0 7 2429 6652 6438
4235 2 2 0 7 8103 8853 2367
4236 2 2 0 7 6507 6786 5597
4237 2 2 0 7 5392 5393 5334
4238 2 2 0 7 3326 3525 3324
4239 2 2 0 7 4188 4189 4186
4240 2 2 0 7 5189 8668 8381
4241 2 2 0 7 5326 8132 6290
4242 2 2 0 7 2669 5844 2667
4243 2 2 0 7 3532 3533 3530
4244 2 2 0 7 3896 3897 3894
4245 2 2 0 7 3956 3959 3958
4246 2 2 0 7 3979 3984 3981
4247 2 2 0 7 2803 5891 2805
4248 2 2 0 7 2292 2295 2294
4249 2 2 0 7 3370 5447 4018
4250 2 2 0 7 5713 6217 4435
4251 2 2 0 7 3625 5054 4668
4252 2 2 0 7 3584 7989 5437
4253 2 2 0 7 8516 9115 5589
4254 2 2 0 7 4605 8856 6237
4255 2 2 0 7 5111 7867 3153
4256 2 2 0 7 5621 8256 5493
4257 2 2 0 7 5932 8075 7461
4258 2 2 0 7 5719 8445 3624
4259 2 2 0 7 8718 9443 8415
4260 2 2 0 7 5846 8684 5612
4261 2 2 0 7 7774 9007 6420
4262 2 2 0 7 6772 6773 3206
4263 2 2 0 7 5832 8481 6404
4264 2 2 0 7 6307 8091 2539
4265 2 2 0 7 7975 8511 8471
4266 2 2 0 7 5087 8480 8137
4267 2 2 0 7 1496 9351 6659
4268 2 2 0 7 5794 8977 4520
4269 2 2 0 7 6099 8118 2489
4270 2 2 0 7 2910 8236 5863
4271 2 2 0 7 2835 8249 6447
4272 2 2 0 7 2424 6598 2421
4273 2 2 0 7 6415 6416 4367
4274 2 2 0 7 5048 5908 2773
4275 2 2 0 7 4151 7996 5875
4276 2 2 0 7 5875 7997 4151
4277 2 2 0 7 5727 5911 3909
4278 2 2 0 7 5876 7998 3764
4279 2 2 0 7 3764 7999 5876
4280 2 2 0 7 4225 8009 3620
4281 2 2 0 7 5191 7929 5181
4282 2 2 0 7 3011 9143 5850
4283 2 2 0 7 4290 9131 8444
4284 2 2 0 7 2777 8994 2779
4285 2 2 0 7 1401 6515 6269
4286 2 2 0 7 4180 7922 4178
4287 2 2 0 7 3931 7921 3929
4288 2 2 0 7 5012 8145 7906
4289 2 2 0 7 6695 8468 3198
4290 2 2 0 7 5660 8652 5873
4291 2 2 0 7 8381 8668 6724
4292 2 2 0 7 6539 8908 2199
4293 2 2 0 7 5863 8849 2910
4294 2 2 0 7 2577 8025 6595
4295 2 2 0 7 2857 6501 2843
4296 2 2 0 7 6384 8257 7915
4297 2 2 0 7 5726 9171 5727
4298 2 2 0 7 5470 8757 8468
4299 2 2 0 7 4480 7977 5993
4300 2 2 0 7 6550 8050 5056
4301 2 2 0 7 1401 6514 91
4302 2 2 0 7 3316 7955 3314
4303 2 2 0 7 6516 8653 2409
4304 2 2 0 7 3478 6794 5517
4305 2 2 0 7 5116 6292 5118
4306 2 2 0 7 6061 8085 273
4307 2 2 0 7 8146 8519 3554
4308 2 2 0 7 5562 6657 5815
4309 2 2 0 7 6090 6660 6256
4310 2 2 0 7 6800 8038 8002
4311 2 2 0 7 4694 6710 6201
4312 2 2 0 7 6618 8763 2198
4313 2 2 0 7 7627 8081 5436
4314 2 2 0 7 6132 8167 5853
4315 2 2 0 7 6225 8001 7961
4316 2 2 0 7 4553 4653 4552
4317 2 2 0 7 3152 3793 3149
4318 2 2 0 7 5298 5300 5299
4319 2 2 0 7 4529 5615 5475
4320 2 2 0 7 2656 2753 2748
4321 2 2 0 7 6328 6658 6327
4322 2 2 0 7 3341 3342 3327
4323 2 2 0 7 5538 5539 4568
4324 2 2 0 7 5473 5753 5752
4325 2 2 0 7 3584 8868 7989
4326 2 2 0 7 3336 3338 3337
4327 2 2 0 7 2777 2779 2778
4328 2 2 0 7 3313 3314 3303
4329 2 2 0 7 3556 3558 3557
4330 2 2 0 7 3178 3200 3199
4331 2 2 0 7 5610 5846 5612
4332 2 2 0 7 2770 2904 2903
4333 2 2 0 7 5380 5386 5378
4334 2 2 0 7 4547 4598 4539
4335 2 2 0 7 6550 8068 1352
4336 2 2 0 7 2158 2161 2160
4337 2 2 0 7 2569 2570 2568
4338 2 2 0 7 5696 5717 5082
4339 2 2 0 7 2728 2729 2727
4340 2 2 0 7 5180 5181 5179
4341 2 2 0 7 4926 5502 5396
4342 2 2 0 7 4644 5867 5486
4343 2 2 0 7 3425 3602 3600
4344 2 2 0 7 5507 5549 5548
4345 2 2 0 7 4921 5546 5545
4346 2 2 0 7 5080 6132 5853
4347 2 2 0 7 5105 5106 5104
4348 2 2 0 7 2513 5567 2918
4349 2 2 0 7 3582 4089 3583
4350 2 2 0 7 2173 2174 2172
4351 2 2 0 7 5461 5841 5462
4352 2 2 0 7 3208 3209 3207
4353 2 2 0 7 3088 3089 3087
4354 2 2 0 7 5399 5401 5400
4355 2 2 0 7 3566 3567 3565
4356 2 2 0 7 6198 6199 2887
4357 2 2 0 7 3459 3498 3460
4358 2 2 0 7 2716 2717 2566
4359 2 2 0 7 5373 5430 5354
4360 2 2 0 7 1580 1581 1579
4361 2 2 0 7 4612 5974 5973
4362 2 2 0 7 2518 2519 2517
4363 2 2 0 7 2193 2195 2194
4364 2 2 0 7 5660 5873 5535
4365 2 2 0 7 5291 5293 5292
4366 2 2 0 7 4509 5553 5552
4367 2 2 0 7 3406 3407 3405
4368 2 2 0 7 3185 3186 3184
4369 2 2 0 7 5864 5865 4567
4370 2 2 0 7 3220 3222 3221
4371 2 2 0 7 5319 5898 5588
4372 2 2 0 7 4566 5906 5653
4373 2 2 0 7 5434 5608 5432
4374 2 2 0 7 2495 2497 2496
4375 2 2 0 7 2660 2661 2659
4376 2 2 0 7 2443 2446 2445
4377 2 2 0 7 2934 2937 2935
4378 2 2 0 7 3122 3123 3121
4379 2 2 0 7 5370 5425 5371
4380 2 2 0 7 2872 2873 2871
4381 2 2 0 7 2203 2204 2202
4382 2 2 0 7 5310 5342 5311
4383 2 2 0 7 3168 3169 3167
4384 2 2 0 7 7835 8748 7833
4385 2 2 0 7 3821 6252 4979
4386 2 2 0 7 3381 3500 3499
4387 2 2 0 7 6401 6579 5187
4388 2 2 0 7 2369 6760 6759
4389 2 2 0 7 1714 5914 1712
4390 2 2 0 7 3940 8323 6562
4391 2 2 0 7 4998 9456 5000
4392 2 2 0 7 4192 6399 6315
4393 2 2 0 7 5952 5953 5951
4394 2 2 0 7 6288 6624 5938
4395 2 2 0 7 6471 8900 6345
4396 2 2 0 7 5405 5407 5406
4397 2 2 0 7 6307 9484 5057
4398 2 2 0 7 5747 6490 3353
4399 2 2 0 7 4175 4176 4174
4400 2 2 0 7 3786 7282 6354
4401 2 2 0 7 4291 8358 7276
4402 2 2 0 7 2274 6540 2275
4403 2 2 0 7 88 6671 87
4404 2 2 0 7 2954 8254 2558
4405 2 2 0 7 2415 8072 6164
4406 2 2 0 7 6388 8365 4173
4407 2 2 0 7 1868 8564 6642
4408 2 2 0 7 5930 9327 2766
4409 2 2 0 7 5293 6524 6427
4410 2 2 0 7 5040 9427 5330
4411 2 2 0 7 3574 9421 4963
4412 2 2 0 7 5932 9203 8075
4413 2 2 0 7 7961 8001 3069
4414 2 2 0 7 3133 9010 8587
4415 2 2 0 7 6468 9023 8029
4416 2 2 0 7 6429 8763 6618
4417 2 2 0 7 4906 8915 6372
4418 2 2 0 7 4681 6637 4682
4419 2 2 0 7 4971 8980 8087
4420 2 2 0 7 6506 6674 2653
4421 2 2 0 7 6069 8865 6068
4422 2 2 0 7 2480 8308 6259
4423 2 2 0 7 2398 8729 8538
4424 2 2 0 7 6326 8160 401
4425 2 2 0 7 3409 8007 3407
4426 2 2 0 7 3620 8009 3342
4427 2 2 0 7 3647 8320 3411
4428 2 2 0 7 5743 8331 8330
4429 2 2 0 7 3229 8534 3227
4430 2 2 0 7 5588 9407 4134
4431 2 2 0 7 6286 6317 1387
4432 2 2 0 7 5795 8446 5385
4433 2 2 0 7 6172 9081 5924
4434 2 2 0 7 2766 9327 2765
4435 2 2 0 7 4662 8504 6233
4436 2 2 0 7 5727 7980 5911
4437 2 2 0 7 2400 8257 2642
4438 2 2 0 7 5567 8427 2918
4439 2 2 0 7 5419 8861 2178
4440 2 2 0 7 91 6514 90
4441 2 2 0 7 6608 8931 8331
4442 2 2 0 7 1364 8872 6533
4443 2 2 0 7 5187 8069 6400
4444 2 2 0 7 6533 8907 1364
4445 2 2 0 7 5618 7802 6558
4446 2 2 0 7 6558 7802 5585
4447 2 2 0 7 5433 6554 5905
4448 2 2 0 7 7896 9528 7897
4449 2 2 0 7 4555 8215 6258
4450 2 2 0 7 6697 9000 6699
4451 2 2 0 7 8415 9507 3615
4452 2 2 0 7 8171 8401 6227
4453 2 2 0 7 2915 8500 8499
4454 2 2 0 7 1429 8497 6960
4455 2 2 0 7 2701 8404 7901
4456 2 2 0 7 5062 8305 6371
4457 2 2 0 7 5751 9004 5152
4458 2 2 0 7 30 6561 29
4459 2 2 0 7 5954 7985 5956
4460 2 2 0 7 4934 9538 8026
4461 2 2 0 7 4099 6311 4516
4462 2 2 0 7 2410 8470 6043
4463 2 2 0 7 7276 8121 4291
4464 2 2 0 7 6452 8959 5898
4465 2 2 0 7 5018 9298 5511
4466 2 2 0 7 4597 6615 3827
4467 2 2 0 7 2891 8190 5990
4468 2 2 0 7 7824 8521 6246
4469 2 2 0 7 5872 8653 6516
4470 2 2 0 7 8291 8816 7795
4471 2 2 0 7 6371 9553 5062
4472 2 2 0 7 2889 6208 5844
4473 2 2 0 7 5804 9212 8289
4474 2 2 0 7 6173 6175 6174
4475 2 2 0 7 6114 6116 6115
4476 2 2 0 7 6073 6075 6074
4477 2 2 0 7 6107 6108 6106
4478 2 2 0 7 6585 8553 5909
4479 2 2 0 7 6156 6635 2616
4480 2 2 0 7 6667 9111 5866
4481 2 2 0 7 1846 7028 1703
4482 2 2 0 7 1685 7028 4822
4483 2 2 0 7 7826 8429 4935
4484 2 2 0 7 2516 8217 2644
4485 2 2 0 7 2884 8457 8448
4486 2 2 0 7 5921 9442 9090
4487 2 2 0 7 2575 8684 8314
4488 2 2 0 7 6154 6155 4091
4489 2 2 0 7 5002 9140 6433
4490 2 2 0 7 6321 6323 1360
4491 2 2 0 7 6597 6617 4459
4492 2 2 0 7 4137 6735 6716
4493 2 2 0 7 1474 8827 7060
4494 2 2 0 7 5309 8049 5569
4495 2 2 0 7 7060 8857 1474
4496 2 2 0 7 1794 9095 1728
4497 2 2 0 7 5885 8122 5660
4498 2 2 0 7 7964 9292 7698
4499 2 2 0 7 7007 7010 7005
4500 2 2 0 7 8239 8506 6289
4501 2 2 0 7 4278 8063 6359
4502 2 2 0 7 5929 6205 3937
4503 2 2 0 7 5855 8440 2741
4504 2 2 0 7 8230 9541 5719
4505 2 2 0 7 4253 6728 6331
4506 2 2 0 7 6774 9044 5809
4507 2 2 0 7 3673 7850 4014
4508 2 2 0 7 6517 9400 6292
4509 2 2 0 7 5736 6844 2367
4510 2 2 0 7 4909 6468 6467
4511 2 2 0 7 6258 8264 4555
4512 2 2 0 7 6119 6660 6090
4513 2 2 0 7 5207 8583 8489
4514 2 2 0 7 5407 8114 5409
4515 2 2 0 7 2446 8321 2449
4516 2 2 0 7 4640 6371 5820
4517 2 2 0 7 2403 9093 6787
4518 2 2 0 7 5921 9090 8905
4519 2 2 0 7 5343 8154 5342
4520 2 2 0 7 6054 6556 2530
4521 2 2 0 7 437 6063 438
4522 2 2 0 7 276 6139 277
4523 2 2 0 7 407 6141 408
4524 2 2 0 7 391 6024 392
4525 2 2 0 7 307 6158 308
4526 2 2 0 7 461 6072 462
4527 2 2 0 7 8 6101 372
4528 2 2 0 7 270 6083 271
4529 2 2 0 7 6731 6732 4904
4530 2 2 0 7 6105 9453 2444
4531 2 2 0 7 3425 6351 3602
4532 2 2 0 7 6595 8025 5613
4533 2 2 0 7 2164 6625 2160
4534 2 2 0 7 2307 6782 6781
4535 2 2 0 7 7938 9014 8166
4536 2 2 0 7 5696 7987 5717
4537 2 2 0 7 2601 8171 6227
4538 2 2 0 7 6560 7879 5110
4539 2 2 0 7 4245 7879 6560
4540 2 2 0 7 3001 7956 6364
4541 2 2 0 7 3496 9464 7875
4542 2 2 0 7 6248 9146 2019
4543 2 2 0 7 6589 9332 6076
4544 2 2 0 7 6076 9332 6077
4545 2 2 0 7 6384 7914 4040
4546 2 2 0 7 4528 9005 6573
4547 2 2 0 7 5363 5925 5365
4548 2 2 0 7 5195 9038 5769
4549 2 2 0 7 4918 5921 4916
4550 2 2 0 7 6587 8320 3647
4551 2 2 0 7 4942 6341 3803
4552 2 2 0 7 5897 8144 5086
4553 2 2 0 7 3409 8320 8007
4554 2 2 0 7 6359 6598 4278
4555 2 2 0 7 6433 9178 5002
4556 2 2 0 7 8085 9135 5547
4557 2 2 0 7 3776 6722 4284
4558 2 2 0 7 7851 8725 6517
4559 2 2 0 7 3078 6718 6312
4560 2 2 0 7 3154 6390 3152
4561 2 2 0 7 5677 8683 8284
4562 2 2 0 7 6338 8410 8128
4563 2 2 0 7 4284 6588 6405
4564 2 2 0 7 4444 5971 3358
4565 2 2 0 7 7878 9534 6422
4566 2 2 0 7 8256 9278 5029
4567 2 2 0 7 4984 9335 6661
4568 2 2 0 7 5794 8829 5457
4569 2 2 0 7 6503 9421 5825
4570 2 2 0 7 4983 6543 6542
4571 2 2 0 7 4699 9218 5530
4572 2 2 0 7 6643 8441 1355
4573 2 2 0 7 3634 5890 4275
4574 2 2 0 7 1587 6332 1585
4575 2 2 0 7 8341 8778 8342
4576 2 2 0 7 5998 6005 5999
4577 2 2 0 7 2378 5742 2387
4578 2 2 0 7 4359 5632 4357
4579 2 2 0 7 4269 5959 4562
4580 2 2 0 7 3995 5964 4145
4581 2 2 0 7 2225 5962 2223
4582 2 2 0 7 2459 5520 2461
4583 2 2 0 7 3180 5523 3177
4584 2 2 0 7 4559 5745 5087
4585 2 2 0 7 1724 5789 1722
4586 2 2 0 7 3175 5525 3173
4587 2 2 0 7 4227 5992 4230
4588 2 2 0 7 2620 5976 2622
4589 2 2 0 7 2964 5700 2951
4590 2 2 0 7 6032 6328 6327
4591 2 2 0 7 7809 7812 7666
4592 2 2 0 7 8269 8498 5477
4593 2 2 0 7 5623 9002 7783
4594 2 2 0 7 3020 6685 5895
4595 2 2 0 7 5687 7990 7751
4596 2 2 0 7 8397 8595 3509
4597 2 2 0 7 5674 7907 6641
4598 2 2 0 7 2875 8224 2873
4599 2 2 0 7 3943 9251 3927
4600 2 2 0 7 2809 8759 2811
4601 2 2 0 7 4225 9273 8009
4602 2 2 0 7 2570 8855 2602
4603 2 2 0 7 6230 6422 3516
4604 2 2 0 7 5134 8948 6518
4605 2 2 0 7 2993 6734 6462
4606 2 2 0 7 6327 6658 5783
4607 2 2 0 7 2546 6613 2550
4608 2 2 0 7 7748 9048 6813
4609 2 2 0 7 2381 9394 6015
4610 2 2 0 7 6421 6758 3609
4611 2 2 0 7 5675 8712 7995
4612 2 2 0 7 7901 8404 6765
4613 2 2 0 7 5988 8828 8369
4614 2 2 0 7 6058 9461 6186
4615 2 2 0 7 5499 8391 5984
4616 2 2 0 7 5003 8097 4036
4617 2 2 0 7 3827 6615 4696
4618 2 2 0 7 6117 7944 4233
4619 2 2 0 7 44 7654 43
4620 2 2 0 7 6460 7331 6461
4621 2 2 0 7 6324 6528 4804
4622 2 2 0 7 5601 8312 6179
4623 2 2 0 7 5193 7939 4506
4624 2 2 0 7 7989 8698 5437
4625 2 2 0 7 6263 6757 4645
4626 2 2 0 7 6715 6716 6515
4627 2 2 0 7 6423 9126 7878
4628 2 2 0 7 4453 9492 6576
4629 2 2 0 7 5394 7782 5393
4630 2 2 0 7 8061 8062 7891
4631 2 2 0 7 5876 8752 7998
4632 2 2 0 7 5118 6293 5356
4633 2 2 0 7 5721 6584 5722
4634 2 2 0 7 4648 7988 4809
4635 2 2 0 7 3959 8034 6007
4636 2 2 0 7 6759 6761 2369
4637 2 2 0 7 2919 6242 2921
4638 2 2 0 7 3627 6546 3626
4639 2 2 0 7 4670 6664 4671
4640 2 2 0 7 6070 9036 6069
4641 2 2 0 7 6187 8573 5914
4642 2 2 0 7 3247 8139 6475
4643 2 2 0 7 8399 9193 8380
4644 2 2 0 7 2441 8664 7854
4645 2 2 0 7 6371 8305 5820
4646 2 2 0 7 5951 8023 6256
4647 2 2 0 7 6132 8856 8167
4648 2 2 0 7 4016 8851 6366
4649 2 2 0 7 1358 7292 6241
4650 2 2 0 7 1403 8958 5796
4651 2 2 0 7 6660 7935 6256
4652 2 2 0 7 5140 9552 2681
4653 2 2 0 7 5631 9172 8192
4654 2 2 0 7 7817 8817 5711
4655 2 2 0 7 6150 7912 2425
4656 2 2 0 7 6468 8029 6469
4657 2 2 0 7 5796 8983 1403
4658 2 2 0 7 8001 8048 3069
4659 2 2 0 7 8466 8479 3014
4660 2 2 0 7 4638 6607 3635
4661 2 2 0 7 4615 6609 4378
4662 2 2 0 7 4993 8140 6238
4663 2 2 0 7 5394 7783 7782
4664 2 2 0 7 9047 9133 6563
4665 2 2 0 7 1846 8525 7027
4666 2 2 0 7 3927 9251 6639
4667 2 2 0 7 5680 6388 4491
4668 2 2 0 7 3288 5927 5926
4669 2 2 0 7 9157 9284 5102
4670 2 2 0 7 3344 6473 2932
4671 2 2 0 7 6089 9198 2375
4672 2 2 0 7 1361 6586 196
4673 2 2 0 7 3330 6390 3154
4674 2 2 0 7 3411 8320 3409
4675 2 2 0 7 5558 8391 5499
4676 2 2 0 7 2633 6679 5629
4677 2 2 0 7 3018 6681 4888
4678 2 2 0 7 6569 8809 5945
4679 2 2 0 7 5039 8430 5171
4680 2 2 0 7 4527 8573 5907
4681 2 2 0 7 7890 9009 6145
4682 2 2 0 7 8443 8558 5608
4683 2 2 0 7 6594 8714 2829
4684 2 2 0 7 4645 6758 6263
4685 2 2 0 7 5639 8490 5640
4686 2 2 0 7 6148 6302 2408
4687 2 2 0 7 3576 6704 3573
4688 2 2 0 7 3917 6703 3915
4689 2 2 0 7 8323 8670 3932
4690 2 2 0 7 4671 8741 4669
4691 2 2 0 7 6673 8578 3642
4692 2 2 0 7 3890 6035 3888
4693 2 2 0 7 2884 8448 5575
4694 2 2 0 7 2454 6290 2456
4695 2 2 0 7 3210 8424 3589
4696 2 2 0 7 3069 8048 4987
4697 2 2 0 7 8738 8926 8062
4698 2 2 0 7 6225 7961 3783
4699 2 2 0 7 5331 9428 6104
4700 2 2 0 7 2278 8144 2281
4701 2 2 0 7 7471 8311 7472
4702 2 2 0 7 6452 8293 6635
4703 2 2 0 7 4599 7892 5076
4704 2 2 0 7 5110 8066 6560
4705 2 2 0 7 6299 7326 6297
4706 2 2 0 7 2647 9517 8004
4707 2 2 0 7 5322 6730 2982
4708 2 2 0 7 7976 8356 5099
4709 2 2 0 7 2388 7970 5961
4710 2 2 0 7 8331 9058 6608
4711 2 2 0 7 6635 8192 2616
4712 2 2 0 7 5329 8813 7828
4713 2 2 0 7 6380 9061 6743
4714 2 2 0 7 6219 8285 2886
4715 2 2 0 7 2984 6736 6239
4716 2 2 0 7 5450 8334 5661
4717 2 2 0 7 3752 6528 3757
4718 2 2 0 7 3331 9194 8042
4719 2 2 0 7 6067 9394 2381
4720 2 2 0 7 3129 8679 3126
4721 2 2 0 7 1395 6910 6908
4722 2 2 0 7 5945 8772 6569
4723 2 2 0 7 7869 8201 5054
4724 2 2 0 7 8614 8615 5550
4725 2 2 0 7 6907 9067 15
4726 2 2 0 7 7917 8362 7918
4727 2 2 0 7 5184 7776 7763
4728 2 2 0 7 8448 8457 5798
4729 2 2 0 7 2647 8004 2509
4730 2 2 0 7 5535 5873 4665
4731 2 2 0 7 6551 8332 6283
4732 2 2 0 7 5150 7965 6345
4733 2 2 0 7 2435 5567 2513
4734 2 2 0 7 5075 5867 4644
4735 2 2 0 7 4926 5857 5502
4736 2 2 0 7 3542 6213 2929
4737 2 2 0 7 5517 6211 3480
4738 2 2 0 7 3949 8701 8270
4739 2 2 0 7 5937 8161 8075
4740 2 2 0 7 3134 8587 5802
4741 2 2 0 7 8343 8641 8344
4742 2 2 0 7 1415 7504 6519
4743 2 2 0 7 5610 5869 5846
4744 2 2 0 7 6384 7915 7914
4745 2 2 0 7 6273 8933 5451
4746 2 2 0 7 7959 7977 4480
4747 2 2 0 7 6202 9328 3992
4748 2 2 0 7 8234 9160 8935
4749 2 2 0 7 2921 9472 3063
4750 2 2 0 7 2596 5816 2605
4751 2 2 0 7 43 7654 1359
4752 2 2 0 7 6167 9303 9150
4753 2 2 0 7 4555 7727 6274
4754 2 2 0 7 4804 6528 3752
4755 2 2 0 7 3078 8562 6718
4756 2 2 0 7 2966 8541 2964
4757 2 2 0 7 4533 6428 3789
4758 2 2 0 7 6588 8259 6405
4759 2 2 0 7 4889 8641 8343
4760 2 2 0 7 5563 5566 5565
4761 2 2 0 7 5935 8987 8156
4762 2 2 0 7 2993 6462 5071
4763 2 2 0 7 5023 5341 5024
4764 2 2 0 7 2779 2780 2778
4765 2 2 0 7 3200 3297 3199
4766 2 2 0 7 5380 5387 5386
4767 2 2 0 7 5379 5382 5381
4768 2 2 0 7 5121 5648 5647
4769 2 2 0 7 4547 4600 4598
4770 2 2 0 7 2569 2571 2570
4771 2 2 0 7 5974 6790 5973
4772 2 2 0 7 2518 2520 2519
4773 2 2 0 7 2195 2199 2194
4774 2 2 0 7 5499 5984 5983
4775 2 2 0 7 3185 3187 3186
4776 2 2 0 7 5433 5904 5903
4777 2 2 0 7 2937 2938 2935
4778 2 2 0 7 2446 2448 2445
4779 2 2 0 7 5434 5821 5608
4780 2 2 0 7 4519 4520 4518
4781 2 2 0 7 2203 2205 2204
4782 2 2 0 7 5032 6749 2855
4783 2 2 0 7 6364 6577 3001
4784 2 2 0 7 8048 8092 4987
4785 2 2 0 7 6655 8606 4879
4786 2 2 0 7 8995 9152 5904
4787 2 2 0 7 5769 9230 5195
4788 2 2 0 7 6116 9155 6117
4789 2 2 0 7 6299 7282 3874
4790 2 2 0 7 4279 6371 4640
4791 2 2 0 7 4391 6449 4393
4792 2 2 0 7 2484 6474 2555
4793 2 2 0 7 8423 8424 5372
4794 2 2 0 7 6014 7937 2397
4795 2 2 0 7 6637 8972 4682
4796 2 2 0 7 7908 7988 6310
4797 2 2 0 7 3668 7877 3540
4798 2 2 0 7 5032 8353 5817
4799 2 2 0 7 6051 9456 8505
4800 2 2 0 7 6231 8969 3523
4801 2 2 0 7 6556 9455 2530
4802 2 2 0 7 5753 8845 6022
4803 2 2 0 7 2368 8936 8412
4804 2 2 0 7 2096 6469 1525
4805 2 2 0 7 6960 8403 7827
4806 2 2 0 7 9016 9194 3331
4807 2 2 0 7 6348 6349 5172
4808 2 2 0 7 6207 8356 7976
4809 2 2 0 7 4036 8097 5072
4810 2 2 0 7 6167 9150 2269
4811 2 2 0 7 7653 8758 1388
4812 2 2 0 7 8324 8420 5779
4813 2 2 0 7 6160 6186 326
4814 2 2 0 7 3130 8543 6693
4815 2 2 0 7 5469 6695 6694
4816 2 2 0 7 4987 8092 6369
4817 2 2 0 7 6453 6455 1420
4818 2 2 0 7 4681 8228 6637
4819 2 2 0 7 1352 8050 6550
4820 2 2 0 7 6034 8532 5615
4821 2 2 0 7 5835 7966 7900
4822 2 2 0 7 5491 9286 8277
4823 2 2 0 7 1370 9006 6893
4824 2 2 0 7 6641 7907 6604
4825 2 2 0 7 8077 8509 3006
4826 2 2 0 7 6513 8552 7132
4827 2 2 0 7 2854 7835 7833
4828 2 2 0 7 3675 7850 3673
4829 2 2 0 7 6893 9045 1370
4830 2 2 0 7 2843 6501 2848
4831 2 2 0 7 5105 6424 5106
4832 2 2 0 7 5798 8457 4585
4833 2 2 0 7 2925 8257 6384
4834 2 2 0 7 5984 9195 5983
4835 2 2 0 7 1481 8951 6555
4836 2 2 0 7 1352 8068 6671
4837 2 2 0 7 6179 8526 5603
4838 2 2 0 7 6377 9343 6379
4839 2 2 0 7 2505 8642 5832
4840 2 2 0 7 4481 6478 2560
4841 2 2 0 7 7910 8569 6251
4842 2 2 0 7 6555 8975 1481
4843 2 2 0 7 5508 8492 5467
4844 2 2 0 7 6186 8341 6058
4845 2 2 0 7 6439 9085 5679
4846 2 2 0 7 4475 7846 6604
4847 2 2 0 7 2878 8266 6732
4848 2 2 0 7 3783 8059 6225
4849 2 2 0 7 2658 6234 2636
4850 2 2 0 7 5800 7996 6203
4851 2 2 0 7 5807 9035 6467
4852 2 2 0 7 6528 7446 3757
4853 2 2 0 7 7087 7088 1375
4854 2 2 0 7 4374 9265 4375
4855 2 2 0 7 5742 9316 8078
4856 2 2 0 7 5727 8371 7980
4857 2 2 0 7 5920 9344 6710
4858 2 2 0 7 7978 9552 5140
4859 2 2 0 7 2857 8821 8576
4860 2 2 0 7 2209 7896 2207
4861 2 2 0 7 5029 9278 4505
4862 2 2 0 7 5907 6535 4527
4863 2 2 0 7 1395 6911 6910
4864 2 2 0 7 5789 9038 6665
4865 2 2 0 7 8833 9198 6089
4866 2 2 0 7 6112 8706 5985
4867 2 2 0 7 198 8311 8304
4868 2 2 0 7 3858 8268 4117
4869 2 2 0 7 7201 8544 5441
4870 2 2 0 7 5449 5450 4653
4871 2 2 0 7 3619 3620 3342
4872 2 2 0 7 1417 8767 7079
4873 2 2 0 7 3338 3349 3340
4874 2 2 0 7 3315 3316 3314
4875 2 2 0 7 2730 2731 2729
4876 2 2 0 7 5190 5191 5181
4877 2 2 0 7 3090 3091 3089
4878 2 2 0 7 1582 1583 1581
4879 2 2 0 7 3408 3409 3407
4880 2 2 0 7 2497 2499 2498
4881 2 2 0 7 3835 3838 3837
4882 2 2 0 7 3222 3224 3223
4883 2 2 0 7 5425 5427 5426
4884 2 2 0 7 2874 2875 2873
4885 2 2 0 7 5954 5956 5953
4886 2 2 0 7 5407 5409 5408
4887 2 2 0 7 4177 4178 4176
4888 2 2 0 7 6009 8192 6624
4889 2 2 0 7 5845 9478 4247
4890 2 2 0 7 5018 9478 6393
4891 2 2 0 7 6055 9417 6053
4892 2 2 0 7 6053 9417 6054
4893 2 2 0 7 5838 9085 6439
4894 2 2 0 7 7947 7948 4642
4895 2 2 0 7 6546 7880 4955
4896 2 2 0 7 8939 9456 6051
4897 2 2 0 7 6584 8929 5053
4898 2 2 0 7 6273 9510 8933
4899 2 2 0 7 8190 8723 5990
4900 2 2 0 7 6603 8117 6642
4901 2 2 0 7 5928 6697 6696
4902 2 2 0 7 4015 8150 6491
4903 2 2 0 7 4576 6492 5643
4904 2 2 0 7 3010 8794 5893
4905 2 2 0 7 6701 8349 5826
4906 2 2 0 7 5300 5506 5302
4907 2 2 0 7 3619 3655 3620
4908 2 2 0 7 3349 3350 3340
4909 2 2 0 7 5382 5385 5384
4910 2 2 0 7 3838 3839 3837
4911 2 2 0 7 4521 4522 4520
4912 2 2 0 7 5427 5428 5426
4913 2 2 0 7 9264 9391 7967
4914 2 2 0 7 8490 9237 5640
4915 2 2 0 7 7446 7963 4273
4916 2 2 0 7 2758 6382 5901
4917 2 2 0 7 6128 9483 2539
4918 2 2 0 7 6564 6565 2604
4919 2 2 0 7 3317 3318 3316
4920 2 2 0 7 2732 2733 2731
4921 2 2 0 7 3410 3411 3409
4922 2 2 0 7 3224 3226 3225
4923 2 2 0 7 2499 2501 2500
4924 2 2 0 7 2876 2877 2875
4925 2 2 0 7 5409 5411 5410
4926 2 2 0 7 4179 4180 4178
4927 2 2 0 7 4010 6625 2164
4928 2 2 0 7 4646 6545 5941
4929 2 2 0 7 2591 6433 6432
4930 2 2 0 7 3093 3523 3091
4931 2 2 0 7 1585 2007 1583
4932 2 2 0 7 3410 3412 3411
4933 2 2 0 7 2734 2736 2733
4934 2 2 0 7 3226 3228 3227
4935 2 2 0 7 4524 5073 4522
4936 2 2 0 7 2879 2880 2877
4937 2 2 0 7 5411 5413 5412
4938 2 2 0 7 4181 4182 4180
4939 2 2 0 7 3228 3554 3230
4940 2 2 0 7 3932 3933 3931
4941 2 2 0 7 3930 3931 3929
4942 2 2 0 7 3969 3970 3968
4943 2 2 0 7 5070 8198 2863
4944 2 2 0 7 3928 3929 3927
4945 2 2 0 7 3967 3969 3968
4946 2 2 0 7 4386 5493 5492
4947 2 2 0 7 2808 2810 2809
4948 2 2 0 7 4381 4383 4382
4949 2 2 0 7 5495 7860 6848
4950 2 2 0 7 3948 6035 3890
4951 2 2 0 7 2632 6234 2631
4952 2 2 0 7 3946 5929 3939
4953 2 2 0 7 4147 5910 4465
4954 2 2 0 7 3209 8148 3212
4955 2 2 0 7 6998 7504 1415
4956 2 2 0 7 2493 9086 5804
4957 2 2 0 7 93 6714 92
4958 2 2 0 7 3957 8316 5830
4959 2 2 0 7 3259 8292 3052
4960 2 2 0 7 2655 8291 3293
4961 2 2 0 7 6420 9007 6418
4962 2 2 0 7 5899 9071 2369
4963 2 2 0 7 2275 6540 2278
4964 2 2 0 7 6084 7872 2578
4965 2 2 0 7 6185 7862 6184
4966 2 2 0 7 6642 8117 7775
4967 2 2 0 7 7278 8115 6863
4968 2 2 0 7 4642 8426 5519
4969 2 2 0 7 6315 9286 5491
4970 2 2 0 7 6547 7880 6546
4971 2 2 0 7 4393 8945 4902
4972 2 2 0 7 5297 9029 8224
4973 2 2 0 7 7290 8645 1358
4974 2 2 0 7 5518 7964 7683
4975 2 2 0 7 4155 8012 6434
4976 2 2 0 7 8851 9501 6366
4977 2 2 0 7 2816 7919 3217
4978 2 2 0 7 5418 8426 7948
4979 2 2 0 7 7470 8304 7471
4980 2 2 0 7 3827 4696 3319
4981 2 2 0 7 3925 3927 3923
4982 2 2 0 7 3964 3967 3966
4983 2 2 0 7 2805 2808 2807
4984 2 2 0 7 3538 4240 3537
4985 2 2 0 7 4102 4381 4103
4986 2 2 0 7 5160 5729 2440
4987 2 2 0 7 4934 8026 4081
4988 2 2 0 7 6312 6718 4931
4989 2 2 0 7 2491 6508 6099
4990 2 2 0 7 5803 8892 6529
4991 2 2 0 7 5912 6463 3944
4992 2 2 0 7 4605 6237 3904
4993 2 2 0 7 5695 9281 7955
4994 2 2 0 7 6322 7814 7562
4995 2 2 0 7 5893 8794 6640
4996 2 2 0 7 2382 8282 5919
4997 2 2 0 7 3757 7446 4273
4998 2 2 0 7 6645 8961 5827
4999 2 2 0 7 1712 4527 1691
5000 2 2 0 7 1531 1565 1564
5001 2 2 0 7 2152 2154 2153
5002 2 2 0 7 3278 3279 3277
5003 2 2 0 7 4826 6248 5690
5004 2 2 0 7 5690 6492 4575
5005 2 2 0 7 1752 6489 1604
5006 2 2 0 7 6245 8828 5988
5007 2 2 0 7 2694 6222 2702
5008 2 2 0 7 6530 9527 5971
5009 2 2 0 7 2237 6507 5688
5010 2 2 0 7 6456 6457 1384
5011 2 2 0 7 5598 8219 2521
5012 2 2 0 7 4667 6410 5573
5013 2 2 0 7 6246 8461 1385
5014 2 2 0 7 6642 8564 6641
5015 2 2 0 7 2970 6553 3831
5016 2 2 0 7 5728 9009 7890
5017 2 2 0 7 4168 9035 5807
5018 2 2 0 7 4638 6608 6607
5019 2 2 0 7 8549 9061 3491
5020 2 2 0 7 1402 9078 6895
5021 2 2 0 7 3900 6237 3899
5022 2 2 0 7 6130 8167 6131
5023 2 2 0 7 6351 8776 4067
5024 2 2 0 7 5354 9295 4493
5025 2 2 0 7 8679 8680 3126
5026 2 2 0 7 5429 9552 7978
5027 2 2 0 7 4540 6758 4542
5028 2 2 0 7 196 6586 195
5029 2 2 0 7 5904 9185 6272
5030 2 2 0 7 3799 6484 3431
5031 2 2 0 7 5850 9105 3011
5032 2 2 0 7 7563 8785 7822
5033 2 2 0 7 5703 9417 8625
5034 2 2 0 7 8314 8684 5846
5035 2 2 0 7 6573 8161 5937
5036 2 2 0 7 4412 5903 4410
5037 2 2 0 7 4410 5969 4407
5038 2 2 0 7 2769 5930 2766
5039 2 2 0 7 4030 5983 3660
5040 2 2 0 7 5440 8141 5633
5041 2 2 0 7 6788 7405 6354
5042 2 2 0 7 8543 8668 8153
5043 2 2 0 7 4804 6756 6324
5044 2 2 0 7 4904 6732 6251
5045 2 2 0 7 2890 6568 2953
5046 2 2 0 7 8844 8916 8473
5047 2 2 0 7 6757 7393 4243
5048 2 2 0 7 6238 9420 3508
5049 2 2 0 7 1588 6459 1599
5050 2 2 0 7 7972 8753 8651
5051 2 2 0 7 6332 6497 6331
5052 2 2 0 7 4068 6252 3821
5053 2 2 0 7 6052 8228 6589
5054 2 2 0 7 3668 9534 7878
5055 2 2 0 7 2558 8254 4366
5056 2 2 0 7 5679 6647 6373
5057 2 2 0 7 2692 7792 6222
5058 2 2 0 7 3135 6683 3097
5059 2 2 0 7 8358 8368 8011
5060 2 2 0 7 4217 8804 6143
5061 2 2 0 7 3962 9410 3964
5062 2 2 0 7 6632 9362 4961
5063 2 2 0 7 6622 6623 1398
5064 2 2 0 7 6716 9370 4137
5065 2 2 0 7 4249 8784 3952
5066 2 2 0 7 6946 8360 7813
5067 2 2 0 7 2211 2212 2209
5068 2 2 0 7 213 8355 6300
5069 2 2 0 7 2210 7897 6709
5070 2 2 0 7 6692 9362 6632
5071 2 2 0 7 3865 3866 3576
5072 2 2 0 7 2674 2675 2669
5073 2 2 0 7 3788 4386 3787
5074 2 2 0 7 3918 3919 3917
5075 2 2 0 7 6489 8262 5296
5076 2 2 0 7 5597 8769 6507
5077 2 2 0 7 2170 7858 2166
5078 2 2 0 7 4018 5639 4020
5079 2 2 0 7 1564 5807 1529
5080 2 2 0 7 3288 5926 2156
5081 2 2 0 7 8733 8764 7264
5082 2 2 0 7 6714 6715 6515
5083 2 2 0 7 6681 9367 4888
5084 2 2 0 7 6566 8924 1701
5085 2 2 0 7 8948 9039 6518
5086 2 2 0 7 5957 8023 5953
5087 2 2 0 7 2464 6444 6135
5088 2 2 0 7 6044 6375 2437
5089 2 2 0 7 2406 6687 6001
5090 2 2 0 7 8062 8926 7891
5091 2 2 0 7 7264 8764 7263
5092 2 2 0 7 1384 8839 6455
5093 2 2 0 7 6545 8155 5941
5094 2 2 0 7 2439 8124 6151
5095 2 2 0 7 6724 8432 8381
5096 2 2 0 7 5244 7532 6737
5097 2 2 0 7 2380 8486 6172
5098 2 2 0 7 7132 9113 6513
5099 2 2 0 7 5066 7979 6766
5100 2 2 0 7 8794 9259 6640
5101 2 2 0 7 5448 8257 2400
5102 2 2 0 7 7948 8665 5418
5103 2 2 0 7 3666 9242 6472
5104 2 2 0 7 6475 9244 3247
5105 2 2 0 7 7868 7869 5054
5106 2 2 0 7 4558 6735 4136
5107 2 2 0 7 8342 8778 4891
5108 2 2 0 7 3584 9246 6478
5109 2 2 0 7 8915 9437 6445
5110 2 2 0 7 6172 8529 6171
5111 2 2 0 7 7045 7808 1382
5112 2 2 0 7 6088 9119 8532
5113 2 2 0 7 6770 8567 6753
5114 2 2 0 7 6895 9238 1402
5115 2 2 0 7 5925 9459 8529
5116 2 2 0 7 5004 7089 7088
5117 2 2 0 7 8772 8780 6570
5118 2 2 0 7 6448 6449 4391
5119 2 2 0 7 6109 8110 2491
5120 2 2 0 7 5579 9015 7142
5121 2 2 0 7 4565 8425 3379
5122 2 2 0 7 6046 9047 6045
5123 2 2 0 7 6029 9047 6563
5124 2 2 0 7 3959 8196 8034
5125 2 2 0 7 4274 7800 4836
5126 2 2 0 7 5456 9372 8134
5127 2 2 0 7 6326 8669 5386
5128 2 2 0 7 4901 7851 7849
5129 2 2 0 7 4284 6593 4101
5130 2 2 0 7 5662 9503 6557
5131 2 2 0 7 6143 6274 4217
5132 2 2 0 7 5808 8498 2735
5133 2 2 0 7 8270 8420 3949
5134 2 2 0 7 5907 6566 6535
5135 2 2 0 7 8524 8798 4606
5136 2 2 0 7 5783 9287 6327
5137 2 2 0 7 2019 9148 6248
5138 2 2 0 7 1572 8506 8239
5139 2 2 0 7 4291 8368 8358
5140 2 2 0 7 6623 6653 1398
5141 2 2 0 7 2474 9311 2473
5142 2 2 0 7 7142 9166 5579
5143 2 2 0 7 3666 6627 2242
5144 2 2 0 7 6362 8846 3793
5145 2 2 0 7 7086 7087 1375
5146 2 2 0 7 6529 8892 4370
5147 2 2 0 7 1367 8016 6776
5148 2 2 0 7 7595 8096 6224
5149 2 2 0 7 8284 9156 5677
5150 2 2 0 7 7897 8478 6709
5151 2 2 0 7 8945 9346 6731
5152 2 2 0 7 4347 8365 8364
5153 2 2 0 7 3468 8464 3471
5154 2 2 0 7 3949 8420 8324
5155 2 2 0 7 8824 9155 6116
5156 2 2 0 7 6385 6769 3131
5157 2 2 0 7 5939 9190 6288
5158 2 2 0 7 4564 8203 7459
5159 2 2 0 7 7459 8235 5584
5160 2 2 0 7 6545 8242 5935
5161 2 2 0 7 5885 9380 8122
5162 2 2 0 7 6289 8506 5713
5163 2 2 0 7 6022 8402 5753
5164 2 2 0 7 6272 8995 5904
5165 2 2 0 7 6756 7364 3608
5166 2 2 0 7 2918 8427 2980
5167 2 2 0 7 6122 6466 6127
5168 2 2 0 7 1556 9063 6638
5169 2 2 0 7 5834 9264 7967
5170 2 2 0 7 8128 8410 1432
5171 2 2 0 7 6638 9097 1556
5172 2 2 0 7 2823 8098 6413
5173 2 2 0 7 7917 7918 2850
5174 2 2 0 7 5280 8275 6656
5175 2 2 0 7 6489 6580 1602
5176 2 2 0 7 3923 9395 3921
5177 2 2 0 7 1352 6671 88
5178 2 2 0 7 6769 9010 3133
5179 2 2 0 7 5894 5895 5035
5180 2 2 0 7 6107 8925 6108
5181 2 2 0 7 5981 8692 5990
5182 2 2 0 7 6697 6699 6698
5183 2 2 0 7 2245 7798 2234
5184 2 2 0 7 5826 8349 6579
5185 2 2 0 7 2818 9011 6368
5186 2 2 0 7 1424 9028 7088
5187 2 2 0 7 6713 8103 2322
5188 2 2 0 7 5159 8350 7884
5189 2 2 0 7 87 6671 1398
5190 2 2 0 7 2615 6452 6156
5191 2 2 0 7 1421 6488 6486
5192 2 2 0 7 6557 9503 8312
5193 2 2 0 7 5512 8337 8245
5194 2 2 0 7 5173 6348 5172
5195 2 2 0 7 8634 9000 5928
5196 2 2 0 7 2327 6760 2329
5197 2 2 0 7 8723 9363 5981
5198 2 2 0 7 7888 8699 3863
5199 2 2 0 7 5330 8081 7627
5200 2 2 0 7 6598 9308 5567
5201 2 2 0 7 5703 8625 6499
5202 2 2 0 7 6059 8249 2835
5203 2 2 0 7 4173 9106 3870
5204 2 2 0 7 5749 9093 6591
5205 2 2 0 7 7768 7772 7767
5206 2 2 0 7 2645 5336 2646
5207 2 2 0 7 2159 4991 2157
5208 2 2 0 7 7814 8768 7562
5209 2 2 0 7 5611 5747 3833
5210 2 2 0 7 7887 8678 3462
5211 2 2 0 7 6402 8626 5129
5212 2 2 0 7 2705 5823 2695
5213 2 2 0 7 5458 8292 6813
5214 2 2 0 7 8914 9243 4906
5215 2 2 0 7 4489 8740 5816
5216 2 2 0 7 5788 9282 5751
5217 2 2 0 7 6022 8845 6394
5218 2 2 0 7 8224 8485 5297
5219 2 2 0 7 5467 8492 6215
5220 2 2 0 7 3132 8195 3634
5221 2 2 0 7 2154 2155 2153
5222 2 2 0 7 1712 5914 4527
5223 2 2 0 7 3278 3280 3279
5224 2 2 0 7 1565 1566 1564
5225 2 2 0 7 7740 8862 4399
5226 2 2 0 7 5729 8064 8063
5227 2 2 0 7 5830 8316 7843
5228 2 2 0 7 7855 8097 5003
5229 2 2 0 7 6790 9124 4526
5230 2 2 0 7 7278 8985 8115
5231 2 2 0 7 6177 6178 6174
5232 2 2 0 7 6115 6185 6184
5233 2 2 0 7 6768 9079 6155
5234 2 2 0 7 6311 9079 6768
5235 2 2 0 7 5168 6491 4618
5236 2 2 0 7 5999 6041 6040
5237 2 2 0 7 2599 7757 6403
5238 2 2 0 7 6111 9042 6303
5239 2 2 0 7 5684 7962 5444
5240 2 2 0 7 8518 8968 5572
5241 2 2 0 7 6403 6666 2599
5242 2 2 0 7 6200 6201 6101
5243 2 2 0 7 5733 7942 5734
5244 2 2 0 7 6474 9243 8914
5245 2 2 0 7 5004 7088 7087
5246 2 2 0 7 4007 9014 6626
5247 2 2 0 7 3799 8253 6484
5248 2 2 0 7 2841 8277 6080
5249 2 2 0 7 4965 8078 4573
5250 2 2 0 7 4539 8756 4538
5251 2 2 0 7 2848 8961 6645
5252 2 2 0 7 6181 6537 6025
5253 2 2 0 7 6182 6542 6065
5254 2 2 0 7 6027 8411 7982
5255 2 2 0 7 2832 9380 5885
5256 2 2 0 7 3402 8620 6232
5257 2 2 0 7 8651 8753 7246
5258 2 2 0 7 7276 7945 5884
5259 2 2 0 7 6562 8323 5653
5260 2 2 0 7 2367 8853 5735
5261 2 2 0 7 5289 9131 4290
5262 2 2 0 7 6105 6541 5331
5263 2 2 0 7 5739 9005 6485
5264 2 2 0 7 4536 9195 5985
5265 2 2 0 7 2452 9136 8665
5266 2 2 0 7 6083 8798 6085
5267 2 2 0 7 8035 8637 5421
5268 2 2 0 7 8707 9287 5783
5269 2 2 0 7 6535 6566 1658
5270 2 2 0 7 8045 9074 5811
5271 2 2 0 7 6717 9020 6715
5272 2 2 0 7 3882 8385 5874
5273 2 2 0 7 2859 6504 2804
5274 2 2 0 7 3948 6658 6328
5275 2 2 0 7 8815 9175 4634
5276 2 2 0 7 6218 8841 8151
5277 2 2 0 7 6806 8989 8904
5278 2 2 0 7 6459 6460 1599
5279 2 2 0 7 6610 8575 2849
5280 2 2 0 7 6654 8067 6776
5281 2 2 0 7 6082 8798 6083
5282 2 2 0 7 2472 6663 6424
5283 2 2 0 7 6613 8973 6614
5284 2 2 0 7 6781 9204 2309
5285 2 2 0 7 6146 8917 2404
5286 2 2 0 7 3106 6260 5889
5287 2 2 0 7 5889 8195 5888
5288 2 2 0 7 5085 6662 5084
5289 2 2 0 7 6331 8586 4253
5290 2 2 0 7 8620 9169 6232
5291 2 2 0 7 4909 9023 6468
5292 2 2 0 7 2544 9042 6111
5293 2 2 0 7 6635 9262 8192
5294 2 2 0 7 5456 8134 6659
5295 2 2 0 7 3191 6534 3194
5296 2 2 0 7 4073 6245 4071
5297 2 2 0 7 6300 9325 213
5298 2 2 0 7 4363 6463 5787
5299 2 2 0 7 4963 6502 4629
5300 2 2 0 7 5717 7987 6303
5301 2 2 0 7 4443 8281 6462
5302 2 2 0 7 7878 9126 5085
5303 2 2 0 7 5995 8959 2615
5304 2 2 0 7 3523 8969 5840
5305 2 2 0 7 6389 8826 5313
5306 2 2 0 7 6192 8887 6028
5307 2 2 0 7 6193 8887 6192
5308 2 2 0 7 4135 5588 4134
5309 2 2 0 7 3358 5971 3612
5310 2 2 0 7 6366 9504 4016
5311 2 2 0 7 4935 8962 7826
5312 2 2 0 7 5249 7575 6812
5313 2 2 0 7 5685 9349 5407
5314 2 2 0 7 5487 9091 5318
5315 2 2 0 7 6412 8518 5572
5316 2 2 0 7 8826 8925 6107
5317 2 2 0 7 6636 8970 4931
5318 2 2 0 7 1531 1564 1529
5319 2 2 0 7 2152 2153 2151
5320 2 2 0 7 1692 1712 1691
5321 2 2 0 7 4826 5690 4575
5322 2 2 0 7 3276 3278 3277
5323 2 2 0 7 1527 2096 1525
5324 2 2 0 7 1606 1752 1604
5325 2 2 0 7 3093 8326 3523
5326 2 2 0 7 5885 8724 2832
5327 2 2 0 7 1683 8408 6301
5328 2 2 0 7 1602 6580 1597
5329 2 2 0 7 8911 9030 7058
5330 2 2 0 7 6724 8555 8432
5331 2 2 0 7 4279 6372 6371
5332 2 2 0 7 4902 6731 4904
5333 2 2 0 7 6298 6299 6297
5334 2 2 0 7 6417 6418 2536
5335 2 2 0 7 5993 9297 4480
5336 2 2 0 7 8319 9011 2818
5337 2 2 0 7 3194 6534 3201
5338 2 2 0 7 5986 9484 6309
5339 2 2 0 7 2837 8540 6287
5340 2 2 0 7 5391 6496 6495
5341 2 2 0 7 8040 9148 8700
5342 2 2 0 7 6113 8164 2414
5343 2 2 0 7 5825 9421 5824
5344 2 2 0 7 2928 6384 4040
5345 2 2 0 7 5730 8367 7819
5346 2 2 0 7 1801 9004 5751
5347 2 2 0 7 6776 8016 6654
5348 2 2 0 7 6287 8826 6107
5349 2 2 0 7 6071 6072 461
5350 2 2 0 7 6082 6083 270
5351 2 2 0 7 6023 6024 391
5352 2 2 0 7 6138 6139 276
5353 2 2 0 7 6062 6063 437
5354 2 2 0 7 6100 6101 8
5355 2 2 0 7 6140 6141 407
5356 2 2 0 7 6157 6158 307
5357 2 2 0 7 5008 7089 5005
5358 2 2 0 7 5506 8335 5302
5359 2 2 0 7 6657 9452 6175
5360 2 2 0 7 2179 6633 2420
5361 2 2 0 7 1347 6353 6352
5362 2 2 0 7 2435 6598 5567
5363 2 2 0 7 3499 7883 5154
5364 2 2 0 7 3961 8316 3958
5365 2 2 0 7 5159 7884 3122
5366 2 2 0 7 3460 7887 3462
5367 2 2 0 7 5170 8569 7910
5368 2 2 0 7 8139 8861 5683
5369 2 2 0 7 6553 9210 3831
5370 2 2 0 7 2903 7888 3863
5371 2 2 0 7 6684 9132 9121
5372 2 2 0 7 2644 8217 3366
5373 2 2 0 7 6790 8055 5973
5374 2 2 0 7 4931 6718 6636
5375 2 2 0 7 3291 6673 3290
5376 2 2 0 7 6166 8825 2526
5377 2 2 0 7 7680 9278 5622
5378 2 2 0 7 5569 8049 7930
5379 2 2 0 7 7905 9138 8299
5380 2 2 0 7 3204 8394 6521
5381 2 2 0 7 1356 8367 6284
5382 2 2 0 7 3118 6693 3120
5383 2 2 0 7 4602 6694 4604
5384 2 2 0 7 4345 6696 4343
5385 2 2 0 7 3283 6701 3564
5386 2 2 0 7 5035 6393 4627
5387 2 2 0 7 8660 8888 5345
5388 2 2 0 7 5566 6480 6243
5389 2 2 0 7 7453 7848 7846
5390 2 2 0 7 6698 6699 3107
5391 2 2 0 7 4153 9014 4007
5392 2 2 0 7 5194 8584 6596
5393 2 2 0 7 6317 6318 1387
5394 2 2 0 7 5731 6626 4677
5395 2 2 0 7 8625 9417 6055
5396 2 2 0 7 5295 8321 4925
5397 2 2 0 7 5723 7958 5724
5398 2 2 0 7 8538 8729 5133
5399 2 2 0 7 6260 9223 5722
5400 2 2 0 7 6415 8866 6414
5401 2 2 0 7 6678 8387 5171
5402 2 2 0 7 5631 9263 4362
5403 2 2 0 7 6227 9208 2601
5404 2 2 0 7 5322 7910 6251
5405 2 2 0 7 4809 7988 6812
5406 2 2 0 7 6346 9352 9175
5407 2 2 0 7 2912 8639 2919
5408 2 2 0 7 6484 8534 3229
5409 2 2 0 7 2854 6198 2784
5410 2 2 0 7 2378 5743 5742
5411 2 2 0 7 5962 5963 2223
5412 2 2 0 7 5092 8339 5091
5413 2 2 0 7 8075 8597 2360
5414 2 2 0 7 7882 9174 2597
5415 2 2 0 7 7801 8389 6839
5416 2 2 0 7 5000 9140 5002
5417 2 2 0 7 6369 8092 4113
5418 2 2 0 7 2991 3788 3787
5419 2 2 0 7 4418 4462 3585
5420 2 2 0 7 2853 3542 2929
5421 2 2 0 7 3478 5517 3480
5422 2 2 0 7 3312 4459 3009
5423 2 2 0 7 3396 3537 3394
5424 2 2 0 7 4024 4102 4027
5425 2 2 0 7 2925 6384 2928
5426 2 2 0 7 7459 8203 7458
5427 2 2 0 7 7258 9153 7185
5428 2 2 0 7 1374 8817 7817
5429 2 2 0 7 6495 8263 6039
5430 2 2 0 7 6316 8270 4959
5431 2 2 0 7 7812 8996 7666
5432 2 2 0 7 4436 9193 8399
5433 2 2 0 7 6103 6104 2413
5434 2 2 0 7 2375 6347 6113
5435 2 2 0 7 2524 6116 6114
5436 2 2 0 7 2840 6261 6118
5437 2 2 0 7 2818 6368 6168
5438 2 2 0 7 2438 6589 6076
5439 2 2 0 7 3354 6075 6073
5440 2 2 0 7 6145 6266 2817
5441 2 2 0 7 6149 6150 2425
5442 2 2 0 7 6106 6108 2836
5443 2 2 0 7 2411 6012 6011
5444 2 2 0 7 2543 6055 6053
5445 2 2 0 7 2824 6057 6056
5446 2 2 0 7 6053 6054 2530
5447 2 2 0 7 6037 6038 2781
5448 2 2 0 7 6026 6027 2181
5449 2 2 0 7 2380 6172 6171
5450 2 2 0 7 2467 6175 6173
5451 2 2 0 7 6076 6077 2423
5452 2 2 0 7 6073 6074 2577
5453 2 2 0 7 6078 6079 2797
5454 2 2 0 7 2486 6046 6045
5455 2 2 0 7 6090 6256 2226
5456 2 2 0 7 2837 6107 6106
5457 2 2 0 7 6173 6174 2450
5458 2 2 0 7 6130 6131 2572
5459 2 2 0 7 6164 6165 6042
5460 2 2 0 7 6029 6563 2227
5461 2 2 0 7 6114 6115 6010
5462 2 2 0 7 6094 6466 2297
5463 2 2 0 7 6015 6016 2412
5464 2 2 0 7 6009 6624 2402
5465 2 2 0 7 6469 8029 6470
5466 2 2 0 7 2867 6750 4237
5467 2 2 0 7 6203 7984 2085
5468 2 2 0 7 5799 7029 7028
5469 2 2 0 7 6040 9391 2405
5470 2 2 0 7 5391 8357 5389
5471 2 2 0 7 5843 6802 5842
5472 2 2 0 7 8051 8105 3977
5473 2 2 0 7 5065 6767 4932
5474 2 2 0 7 6054 8998 6556
5475 2 2 0 7 6191 8647 6013
5476 2 2 0 7 3153 3154 3152
5477 2 2 0 7 2706 2771 2707
5478 2 2 0 7 2707 2708 2705
5479 2 2 0 7 2749 2750 2713
5480 2 2 0 7 2248 2271 2249
5481 2 2 0 7 2249 2250 2243
5482 2 2 0 7 5312 6287 5540
5483 2 2 0 7 3317 9322 6396
5484 2 2 0 7 5051 6564 5023
5485 2 2 0 7 4944 4946 4945
5486 2 2 0 7 5603 6214 5602
5487 2 2 0 7 2421 2422 2419
5488 2 2 0 7 2420 2424 2421
5489 2 2 0 7 5613 5614 5611
5490 2 2 0 7 5676 5677 4981
5491 2 2 0 7 2162 2163 2159
5492 2 2 0 7 2160 6625 2162
5493 2 2 0 7 4075 4081 4077
5494 2 2 0 7 4077 4078 4076
5495 2 2 0 7 2998 3000 2997
5496 2 2 0 7 2996 2999 2998
5497 2 2 0 7 5417 5418 5295
5498 2 2 0 7 3601 3622 3426
5499 2 2 0 7 5663 5664 5175
5500 2 2 0 7 3651 3846 3845
5501 2 2 0 7 2979 3237 2657
5502 2 2 0 7 2918 2980 2979
5503 2 2 0 7 4368 4370 4369
5504 2 2 0 7 4000 4002 4001
5505 2 2 0 7 4001 4129 3999
5506 2 2 0 7 2772 5978 5977
5507 2 2 0 7 2892 2894 2893
5508 2 2 0 7 5042 5831 5746
5509 2 2 0 7 2683 2695 2681
5510 2 2 0 7 2682 2684 2683
5511 2 2 0 7 3775 3776 3774
5512 2 2 0 7 3773 3777 3775
5513 2 2 0 7 3887 4017 3885
5514 2 2 0 7 3886 3888 3887
5515 2 2 0 7 4915 5576 5558
5516 2 2 0 7 5933 5934 4384
5517 2 2 0 7 2646 2651 2648
5518 2 2 0 7 2648 2649 2647
5519 2 2 0 7 5604 5786 5523
5520 2 2 0 7 5520 5522 5521
5521 2 2 0 7 5521 6592 3079
5522 2 2 0 7 4448 4450 4447
5523 2 2 0 7 3832 4449 4448
5524 2 2 0 7 2476 2478 2477
5525 2 2 0 7 5964 5966 5965
5526 2 2 0 7 3258 4670 4669
5527 2 2 0 7 2863 2864 2862
5528 2 2 0 7 2860 5070 2863
5529 2 2 0 7 2564 2565 2563
5530 2 2 0 7 2562 4454 2564
5531 2 2 0 7 5778 5779 5044
5532 2 2 0 7 3672 3674 3673
5533 2 2 0 7 3673 4014 3671
5534 2 2 0 7 4525 5014 4517
5535 2 2 0 7 7769 7774 7770
5536 2 2 0 7 7770 7771 7768
5537 2 2 0 7 2968 9083 8686
5538 2 2 0 7 4273 7963 7800
5539 2 2 0 7 2958 2959 2956
5540 2 2 0 7 2957 2961 2958
5541 2 2 0 7 5823 9164 2695
5542 2 2 0 7 2857 8577 6502
5543 2 2 0 7 3609 6758 4645
5544 2 2 0 7 6617 8385 3882
5545 2 2 0 7 2234 7798 2232
5546 2 2 0 7 5604 8757 8522
5547 2 2 0 7 6087 7872 6084
5548 2 2 0 7 6217 8317 3590
5549 2 2 0 7 230 8074 229
5550 2 2 0 7 3901 4436 4119
5551 2 2 0 7 4119 4590 3945
5552 2 2 0 7 2670 4159 4158
5553 2 2 0 7 1715 1716 1714
5554 2 2 0 7 8501 8896 5746
5555 2 2 0 7 2999 9294 5698
5556 2 2 0 7 6604 7907 4475
5557 2 2 0 7 4654 8377 5851
5558 2 2 0 7 4627 6393 5845
5559 2 2 0 7 8058 8340 4189
5560 2 2 0 7 5629 8099 6220
5561 2 2 0 7 8371 8372 7980
5562 2 2 0 7 2472 8010 6662
5563 2 2 0 7 2829 8421 6091
5564 2 2 0 7 2754 8200 2748
5565 2 2 0 7 7797 7798 2245
5566 2 2 0 7 8086 8834 4965
5567 2 2 0 7 6533 8838 6532
5568 2 2 0 7 6147 9190 6148
5569 2 2 0 7 5111 8133 7759
5570 2 2 0 7 6820 8287 6281
5571 2 2 0 7 8393 9196 5770
5572 2 2 0 7 5305 8174 5303
5573 2 2 0 7 5776 9304 4896
5574 2 2 0 7 6100 6200 6101
5575 2 2 0 7 8004 9517 6578
5576 2 2 0 7 8249 9124 6790
5577 2 2 0 7 8313 8711 5787
5578 2 2 0 7 3627 6547 6546
5579 2 2 0 7 8923 8924 5646
5580 2 2 0 7 2480 6259 2478
5581 2 2 0 7 7828 8813 1396
5582 2 2 0 7 8247 8261 5130
5583 2 2 0 7 6416 7916 4367
5584 2 2 0 7 5969 8995 5968
5585 2 2 0 7 5954 9557 7985
5586 2 2 0 7 6436 6437 6180
5587 2 2 0 7 6126 8728 6268
5588 2 2 0 7 4643 7716 6188
5589 2 2 0 7 4347 8364 8363
5590 2 2 0 7 5912 6464 6463
5591 2 2 0 7 6533 8872 8838
5592 2 2 0 7 5831 8501 5746
5593 2 2 0 7 6064 6067 2381
5594 2 2 0 7 6083 6085 6084
5595 2 2 0 7 6002 6005 5998
5596 2 2 0 7 8904 8989 7323
5597 2 2 0 7 5136 7940 6461
5598 2 2 0 7 1412 8261 8247
5599 2 2 0 7 5198 8671 6216
5600 2 2 0 7 7144 9030 8911
5601 2 2 0 7 6473 8566 5454
5602 2 2 0 7 6591 6725 5749
5603 2 2 0 7 2605 2608 2607
5604 2 2 0 7 2607 2611 2606
5605 2 2 0 7 8486 9034 6172
5606 2 2 0 7 6285 8822 7877
5607 2 2 0 7 7331 7413 5136
5608 2 2 0 7 2970 9077 6553
5609 2 2 0 7 8390 8854 6948
5610 2 2 0 7 8229 8230 5657
5611 2 2 0 7 2813 7919 2816
5612 2 2 0 7 4153 8198 8166
5613 2 2 0 7 4969 6597 4459
5614 2 2 0 7 5016 7891 7745
5615 2 2 0 7 5657 6409 4613
5616 2 2 0 7 8422 9108 5833
5617 2 2 0 7 1367 6776 6477
5618 2 2 0 7 2597 7894 7882
5619 2 2 0 7 3277 7875 6523
5620 2 2 0 7 5779 6316 5045
5621 2 2 0 7 6820 9405 7789
5622 2 2 0 7 6716 6735 6515
5623 2 2 0 7 4077 6619 4078
5624 2 2 0 7 6189 8781 4203
5625 2 2 0 7 3846 4553 4552
5626 2 2 0 7 2980 3151 3150
5627 2 2 0 7 5298 5299 4017
5628 2 2 0 7 3212 8148 5163
5629 2 2 0 7 6734 9253 6462
5630 2 2 0 7 3299 3341 3327
5631 2 2 0 7 4272 5313 5312
5632 2 2 0 7 5473 5752 5471
5633 2 2 0 7 6702 8218 5031
5634 2 2 0 7 3107 6700 6698
5635 2 2 0 7 6394 8845 2383
5636 2 2 0 7 2383 6407 6169
5637 2 2 0 7 4896 9304 4894
5638 2 2 0 7 6599 6602 6600
5639 2 2 0 7 6069 9036 3984
5640 2 2 0 7 5489 8770 4263
5641 2 2 0 7 5454 8837 4073
5642 2 2 0 7 3336 3337 3163
5643 2 2 0 7 2777 2778 2718
5644 2 2 0 7 2960 3313 3303
5645 2 2 0 7 3556 3557 3555
5646 2 2 0 7 3178 3199 3172
5647 2 2 0 7 2770 2903 2561
5648 2 2 0 7 4218 5380 5378
5649 2 2 0 7 3348 4547 4539
5650 2 2 0 7 6187 6808 4591
5651 2 2 0 7 6493 8971 4672
5652 2 2 0 7 2474 2569 2568
5653 2 2 0 7 3002 5839 3541
5654 2 2 0 7 4939 5696 5082
5655 2 2 0 7 2726 2728 2727
5656 2 2 0 7 4929 5180 5179
5657 2 2 0 7 4117 9393 5016
5658 2 2 0 7 5057 5695 4482
5659 2 2 0 7 5507 5548 4167
5660 2 2 0 7 4921 5545 4380
5661 2 2 0 7 5175 5176 4118
5662 2 2 0 7 3857 5105 5104
5663 2 2 0 7 3592 6180 2986
5664 2 2 0 7 3582 3583 3372
5665 2 2 0 7 5703 6499 5509
5666 2 2 0 7 2171 2173 2172
5667 2 2 0 7 5461 5462 5460
5668 2 2 0 7 5490 6315 5491
5669 2 2 0 7 5678 6240 5679
5670 2 2 0 7 3197 3208 3207
5671 2 2 0 7 5127 6154 5879
5672 2 2 0 7 2989 3088 3087
5673 2 2 0 7 4282 6619 5103
5674 2 2 0 7 2891 5990 2619
5675 2 2 0 7 5399 5400 5398
5676 2 2 0 7 3564 3566 3565
5677 2 2 0 7 2786 6198 2887
5678 2 2 0 7 3459 3460 3458
5679 2 2 0 7 2483 2716 2566
5680 2 2 0 7 1801 5751 1720
5681 2 2 0 7 5362 5363 4345
5682 2 2 0 7 4493 5373 5354
5683 2 2 0 7 1578 1580 1579
5684 2 2 0 7 4612 5973 4008
5685 2 2 0 7 4560 5043 5042
5686 2 2 0 7 2441 2518 2517
5687 2 2 0 7 2193 2194 2192
5688 2 2 0 7 5291 5292 4467
5689 2 2 0 7 3404 3406 3405
5690 2 2 0 7 4604 4916 4915
5691 2 2 0 7 3183 3185 3184
5692 2 2 0 7 3220 3221 3058
5693 2 2 0 7 2852 2861 2860
5694 2 2 0 7 5319 5588 4355
5695 2 2 0 7 5044 5045 2634
5696 2 2 0 7 2495 2496 2494
5697 2 2 0 7 4421 5944 5943
5698 2 2 0 7 2443 2445 2418
5699 2 2 0 7 4397 5939 5938
5700 2 2 0 7 2934 2935 2764
5701 2 2 0 7 4498 5434 5432
5702 2 2 0 7 3120 3122 3121
5703 2 2 0 7 4399 9083 7740
5704 2 2 0 7 5370 5371 5369
5705 2 2 0 7 2870 2872 2871
5706 2 2 0 7 2201 2203 2202
5707 2 2 0 7 5310 5311 5308
5708 2 2 0 7 3166 3168 3167
5709 2 2 0 7 3381 3499 3291
5710 2 2 0 7 4506 6796 2970
5711 2 2 0 7 3820 8109 3600
5712 2 2 0 7 5827 6579 6401
5713 2 2 0 7 4512 8930 8891
5714 2 2 0 7 5005 7089 5004
5715 2 2 0 7 6095 8443 2545
5716 2 2 0 7 6737 8067 6654
5717 2 2 0 7 4982 6667 5676
5718 2 2 0 7 5566 8191 6480
5719 2 2 0 7 5999 6040 2246
5720 2 2 0 7 6406 6678 3156
5721 2 2 0 7 2973 8466 3014
5722 2 2 0 7 3635 6607 3633
5723 2 2 0 7 4378 6609 3856
5724 2 2 0 7 4573 8330 4289
5725 2 2 0 7 1387 8879 6286
5726 2 2 0 7 3227 8534 3233
5727 2 2 0 7 4491 6388 4172
5728 2 2 0 7 5569 7842 5568
5729 2 2 0 7 6001 6687 6008
5730 2 2 0 7 2227 6563 6120
5731 2 2 0 7 2817 6266 6181
5732 2 2 0 7 2297 6466 6122
5733 2 2 0 7 2402 6624 6288
5734 2 2 0 7 3366 8218 6702
5735 2 2 0 7 1363 6714 93
5736 2 2 0 7 92 6714 1401
5737 2 2 0 7 2253 8348 3016
5738 2 2 0 7 2617 9180 5979
5739 2 2 0 7 6664 9539 4671
5740 2 2 0 7 5946 5948 5947
5741 2 2 0 7 5950 5952 5951
5742 2 2 0 7 6263 7393 6757
5743 2 2 0 7 3339 9087 3338
5744 2 2 0 7 5320 6372 4279
5745 2 2 0 7 5405 5406 5404
5746 2 2 0 7 5337 9177 2514
5747 2 2 0 7 6023 6181 6025
5748 2 2 0 7 6062 6182 6065
5749 2 2 0 7 2268 9176 5333
5750 2 2 0 7 2695 9164 5140
5751 2 2 0 7 2809 2811 2807
5752 2 2 0 7 5284 8921 6672
5753 2 2 0 7 5740 5741 4437
5754 2 2 0 7 5874 9413 3882
5755 2 2 0 7 2759 6506 2653
5756 2 2 0 7 8076 9086 2463
5757 2 2 0 7 6508 9466 6099
5758 2 2 0 7 8335 9250 5302
5759 2 2 0 7 5453 6739 6510
5760 2 2 0 7 6690 6792 1619
5761 2 2 0 7 4173 4175 4174
5762 2 2 0 7 4263 8770 8201
5763 2 2 0 7 5861 5862 5860
5764 2 2 0 7 5695 7955 4482
5765 2 2 0 7 6142 6143 6047
5766 2 2 0 7 6482 9146 6248
5767 2 2 0 7 1619 6791 6690
5768 2 2 0 7 3803 6341 3802
5769 2 2 0 7 5034 5894 5035
5770 2 2 0 7 3108 5888 3112
5771 2 2 0 7 5083 5897 5086
5772 2 2 0 7 6477 6814 1367
5773 2 2 0 7 6088 8532 2244
5774 2 2 0 7 7822 8704 7563
5775 2 2 0 7 4653 5661 5098
5776 2 2 0 7 5098 5451 4552
5777 2 2 0 7 2753 2755 2754
5778 2 2 0 7 3343 4937 3327
5779 2 2 0 7 3590 9486 6217
5780 2 2 0 7 3336 5109 3339
5781 2 2 0 7 3385 5172 3303
5782 2 2 0 7 3559 3560 3558
5783 2 2 0 7 2905 2906 2904
5784 2 2 0 7 4598 5633 4599
5785 2 2 0 7 4599 5076 4539
5786 2 2 0 7 2161 2165 2164
5787 2 2 0 7 2602 5702 2568
5788 2 2 0 7 5718 6556 5082
5789 2 2 0 7 2735 5166 2727
5790 2 2 0 7 5502 5527 5503
5791 2 2 0 7 5763 6374 5179
5792 2 2 0 7 3602 3821 3820
5793 2 2 0 7 4921 5838 5547
5794 2 2 0 7 5106 6422 6230
5795 2 2 0 7 4090 4091 4089
5796 2 2 0 7 3582 4697 4090
5797 2 2 0 7 2174 2177 2176
5798 2 2 0 7 5461 5843 5842
5799 2 2 0 7 3212 5161 3207
5800 2 2 0 7 3287 4690 3087
5801 2 2 0 7 3567 3569 3568
5802 2 2 0 7 2717 2722 2721
5803 2 2 0 7 3797 4071 3498
5804 2 2 0 7 1740 4618 1579
5805 2 2 0 7 2521 5160 2517
5806 2 2 0 7 2196 2197 2195
5807 2 2 0 7 3415 4927 3405
5808 2 2 0 7 2947 6426 2937
5809 2 2 0 7 2495 5097 2505
5810 2 2 0 7 2662 5096 2659
5811 2 2 0 7 2934 5316 2947
5812 2 2 0 7 2661 2663 2662
5813 2 2 0 7 2443 4923 2447
5814 2 2 0 7 3123 3126 3124
5815 2 2 0 7 2885 4677 2871
5816 2 2 0 7 5688 5689 2202
5817 2 2 0 7 5310 5344 5343
5818 2 2 0 7 3169 3171 3170
5819 2 2 0 7 3170 5283 3167
5820 2 2 0 7 3543 3617 3500
5821 2 2 0 7 3381 5059 3543
5822 2 2 0 7 6585 9393 8553
5823 2 2 0 7 5957 8883 8023
5824 2 2 0 7 6263 6758 4540
5825 2 2 0 7 4542 6758 6421
5826 2 2 0 7 6737 7532 3780
5827 2 2 0 7 6226 8570 2259
5828 2 2 0 7 5903 9152 4410
5829 2 2 0 7 4410 9152 5969
5830 2 2 0 7 2106 7940 6392
5831 2 2 0 7 1713 1714 1712
5832 2 2 0 7 7185 9309 7258
5833 2 2 0 7 8312 9503 2279
5834 2 2 0 7 272 6061 273
5835 2 2 0 7 460 6071 461
5836 2 2 0 7 263 6030 264
5837 2 2 0 7 449 5997 450
5838 2 2 0 7 333 6091 334
5839 2 2 0 7 245 6121 246
5840 2 2 0 7 269 6082 270
5841 2 2 0 7 458 6099 459
5842 2 2 0 7 285 6111 286
5843 2 2 0 7 309 6431 310
5844 2 2 0 7 330 6447 331
5845 2 2 0 7 275 6138 276
5846 2 2 0 7 412 6119 413
5847 2 2 0 7 390 6023 391
5848 2 2 0 7 436 6062 437
5849 2 2 0 7 311 6049 312
5850 2 2 0 7 235 5995 236
5851 2 2 0 7 418 6100 8
5852 2 2 0 7 359 6438 360
5853 2 2 0 7 400 6326 401
5854 2 2 0 7 339 6128 340
5855 2 2 0 7 331 6594 332
5856 2 2 0 7 237 6156 238
5857 2 2 0 7 325 6160 326
5858 2 2 0 7 354 6097 355
5859 2 2 0 7 257 6048 258
5860 2 2 0 7 299 6092 300
5861 2 2 0 7 416 6450 417
5862 2 2 0 7 406 6140 407
5863 2 2 0 7 306 6157 307
5864 2 2 0 7 451 6040 452
5865 2 2 0 7 287 6146 288
5866 2 2 0 7 443 6169 444
5867 2 2 0 7 241 6147 242
5868 2 2 0 7 9 6133 419
5869 2 2 0 7 456 6109 457
5870 2 2 0 7 5971 9527 5102
5871 2 2 0 7 5928 9000 6697
5872 2 2 0 7 8891 8930 5891
5873 2 2 0 7 5649 8699 4660
5874 2 2 0 7 2019 9146 6459
5875 2 2 0 7 5318 8352 5359
5876 2 2 0 7 4195 8088 6496
5877 2 2 0 7 5407 9349 8114
5878 2 2 0 7 3290 6673 3642
5879 2 2 0 7 2329 6760 2369
5880 2 2 0 7 5092 8860 8107
5881 2 2 0 7 5182 6402 5129
5882 2 2 0 7 7235 8212 8199
5883 2 2 0 7 4278 6598 2424
5884 2 2 0 7 7676 8361 7818
5885 2 2 0 7 2623 6265 2626
5886 2 2 0 7 3260 7744 7710
5887 2 2 0 7 2782 2783 2780
5888 2 2 0 7 3200 3299 3298
5889 2 2 0 7 5387 5389 5388
5890 2 2 0 7 5383 5795 5382
5891 2 2 0 7 4600 5667 5440
5892 2 2 0 7 2571 2574 2573
5893 2 2 0 7 2520 2523 2522
5894 2 2 0 7 2522 5598 2519
5895 2 2 0 7 3187 3189 3188
5896 2 2 0 7 3188 3198 3186
5897 2 2 0 7 2449 2451 2448
5898 2 2 0 7 2939 2940 2938
5899 2 2 0 7 2206 2237 2204
5900 2 2 0 7 2205 2207 2206
5901 2 2 0 7 6611 6612 2548
5902 2 2 0 7 5526 6316 4959
5903 2 2 0 7 4836 7800 6690
5904 2 2 0 7 8199 8212 3546
5905 2 2 0 7 6802 8530 5842
5906 2 2 0 7 2392 8596 8106
5907 2 2 0 7 5636 9016 5066
5908 2 2 0 7 4980 8109 3820
5909 2 2 0 7 5650 8720 6349
5910 2 2 0 7 2731 6254 5808
5911 2 2 0 7 3616 6768 5127
5912 2 2 0 7 6269 6735 4558
5913 2 2 0 7 4136 6735 4137
5914 2 2 0 7 2576 6439 6138
5915 2 2 0 7 3656 4225 3620
5916 2 2 0 7 3655 3657 3656
5917 2 2 0 7 3351 3352 3350
5918 2 2 0 7 3349 3833 3351
5919 2 2 0 7 3840 3841 3839
5920 2 2 0 7 3838 4272 3840
5921 2 2 0 7 5919 5920 5428
5922 2 2 0 7 3318 3322 3321
5923 2 2 0 7 2506 2507 2501
5924 2 2 0 7 2007 6330 6329
5925 2 2 0 7 3412 3414 3413
5926 2 2 0 7 3413 3647 3411
5927 2 2 0 7 2736 2739 2738
5928 2 2 0 7 2880 5557 2884
5929 2 2 0 7 4182 4184 4183
5930 2 2 0 7 3933 3935 3934
5931 2 2 0 7 3971 3972 3970
5932 2 2 0 7 3998 5471 3969
5933 2 2 0 7 2812 2813 2810
5934 2 2 0 7 5280 5281 4383
5935 2 2 0 7 6602 7846 6600
5936 2 2 0 7 5820 8493 8024
5937 2 2 0 7 6477 7857 6814
5938 2 2 0 7 9209 9248 7186
5939 2 2 0 7 8299 9138 5096
5940 2 2 0 7 4696 6396 5551
5941 2 2 0 7 4240 4427 4426
5942 2 2 0 7 4426 5837 3537
5943 2 2 0 7 3278 7972 3282
5944 2 2 0 7 7940 8113 6461
5945 2 2 0 7 3052 8292 5458
5946 2 2 0 7 5443 8291 2655
5947 2 2 0 7 2490 9102 7893
5948 2 2 0 7 5560 5561 3456
5949 2 2 0 7 2535 6559 2536
5950 2 2 0 7 2538 6559 2535
5951 2 2 0 7 1425 8360 7085
5952 2 2 0 7 6324 6757 4243
5953 2 2 0 7 5773 8755 5771
5954 2 2 0 7 2931 8198 3345
5955 2 2 0 7 2212 2214 2213
5956 2 2 0 7 3866 3868 3867
5957 2 2 0 7 2675 2678 2677
5958 2 2 0 7 3788 5622 5621
5959 2 2 0 7 3919 3921 3920
5960 2 2 0 7 6221 9261 5293
5961 2 2 0 7 1609 6606 2070
5962 2 2 0 7 5129 8626 5420
5963 2 2 0 7 5394 8093 7783
5964 2 2 0 7 5796 8928 6634
5965 2 2 0 7 7186 9248 7187
5966 2 2 0 7 7801 9060 8389
5967 2 2 0 7 9109 9538 8887
5968 2 2 0 7 4639 9541 8229
5969 2 2 0 7 5573 8762 8142
5970 2 2 0 7 6231 8326 6682
5971 2 2 0 7 5191 8072 7929
5972 2 2 0 7 5056 8050 6514
5973 2 2 0 7 2740 6228 5714
5974 2 2 0 7 4615 8769 6609
5975 2 2 0 7 6296 8355 1414
5976 2 2 0 7 5894 6725 3020
5977 2 2 0 7 3130 6693 3118
5978 2 2 0 7 5469 6694 4602
5979 2 2 0 7 4343 6696 4563
5980 2 2 0 7 6627 9149 2242
5981 2 2 0 7 8243 9202 3424
5982 2 2 0 7 5585 7802 5922
5983 2 2 0 7 1731 6599 1840
5984 2 2 0 7 5556 8717 5555
5985 2 2 0 7 3332 6701 3283
5986 2 2 0 7 6505 8032 454
5987 2 2 0 7 6561 8559 1348
5988 2 2 0 7 6305 8417 1379
5989 2 2 0 7 3542 6645 6401
5990 2 2 0 7 4002 8055 4001
5991 2 2 0 7 5796 8958 8928
5992 2 2 0 7 1604 6489 1602
5993 2 2 0 7 4575 6492 4576
5994 2 2 0 7 7771 8744 7773
5995 2 2 0 7 6288 9190 6147
5996 2 2 0 7 6444 7977 6135
5997 2 2 0 7 6200 8898 4694
5998 2 2 0 7 6814 7857 1400
5999 2 2 0 7 7804 8359 7181
6000 2 2 0 7 6398 8846 6363
6001 2 2 0 7 4022 8083 4019
6002 2 2 0 7 4377 9130 8229
6003 2 2 0 7 5244 6737 6623
6004 2 2 0 7 342 8091 6548
6005 2 2 0 7 5659 9338 6504
6006 2 2 0 7 5141 5736 5735
6007 2 2 0 7 5735 5738 5142
6008 2 2 0 7 6642 8864 1868
6009 2 2 0 7 8225 9288 5864
6010 2 2 0 7 4804 7364 6756
6011 2 2 0 7 4645 6756 3608
6012 2 2 0 7 7640 8991 8003
6013 2 2 0 7 5830 7843 5167
6014 2 2 0 7 6214 9383 8728
6015 2 2 0 7 4163 8947 4162
6016 2 2 0 7 2262 8608 6273
6017 2 2 0 7 4082 7331 6482
6018 2 2 0 7 6097 9261 6221
6019 2 2 0 7 5484 8401 6476
6020 2 2 0 7 3109 8434 3105
6021 2 2 0 7 6357 8765 1426
6022 2 2 0 7 8304 8311 7471
6023 2 2 0 7 7857 7895 1400
6024 2 2 0 7 4529 7874 5615
6025 2 2 0 7 6370 9184 2385
6026 2 2 0 7 6644 8471 2743
6027 2 2 0 7 8728 9383 2286
6028 2 2 0 7 3526 7863 4233
6029 2 2 0 7 6254 9202 8243
6030 2 2 0 7 426 7958 427
6031 2 2 0 7 6281 9405 6820
6032 2 2 0 7 7828 8628 5329
6033 2 2 0 7 6273 8336 2262
6034 2 2 0 7 6669 8777 4250
6035 2 2 0 7 8151 8841 8152
6036 2 2 0 7 8532 9119 5615
6037 2 2 0 7 8414 8449 6745
6038 2 2 0 7 4273 7800 4274
6039 2 2 0 7 8295 8848 2679
6040 2 2 0 7 2313 8950 8244
6041 2 2 0 7 6604 7846 6602
6042 2 2 0 7 5647 7921 4375
6043 2 2 0 7 4284 6722 6588
6044 2 2 0 7 4344 6235 5362
6045 2 2 0 7 1586 6459 1588
6046 2 2 0 7 2572 6257 6082
6047 2 2 0 7 2781 6258 6140
6048 2 2 0 7 5381 7922 4219
6049 2 2 0 7 3592 6436 6180
6050 2 2 0 7 4081 8026 5013
6051 2 2 0 7 3247 8861 8139
6052 2 2 0 7 1426 8657 6355
6053 2 2 0 7 2288 7991 2290
6054 2 2 0 7 8152 8841 1572
6055 2 2 0 7 6220 7993 2637
6056 2 2 0 7 1394 6990 6988
6057 2 2 0 7 6310 7988 4648
6058 2 2 0 7 4245 6560 4247
6059 2 2 0 7 2421 6598 2435
6060 2 2 0 7 1400 7895 7338
6061 2 2 0 7 5711 8648 7817
6062 2 2 0 7 6221 8053 2430
6063 2 2 0 7 3610 8060 8047
6064 2 2 0 7 8024 8659 5820
6065 2 2 0 7 8520 9053 2759
6066 2 2 0 7 5977 9018 6232
6067 2 2 0 7 2405 9264 453
6068 2 2 0 7 7825 7826 7406
6069 2 2 0 7 5694 9490 6202
6070 2 2 0 7 2243 8014 2197
6071 2 2 0 7 2713 6250 2565
6072 2 2 0 7 5249 6812 6811
6073 2 2 0 7 6812 7575 4809
6074 2 2 0 7 2679 8848 2889
6075 2 2 0 7 3288 9372 5927
6076 2 2 0 7 5618 6558 5165
6077 2 2 0 7 2645 9098 5336
6078 2 2 0 7 2106 8113 7940
6079 2 2 0 7 6913 7946 6912
6080 2 2 0 7 1713 1715 1714
6081 2 2 0 7 2908 6448 3012
6082 2 2 0 7 3431 6484 3231
6083 2 2 0 7 6313 8432 2396
6084 2 2 0 7 2658 9291 6234
6085 2 2 0 7 8377 8531 5851
6086 2 2 0 7 2626 8814 8248
6087 2 2 0 7 5424 8251 8219
6088 2 2 0 7 8376 9334 4956
6089 2 2 0 7 1439 6914 1441
6090 2 2 0 7 6540 8252 2278
6091 2 2 0 7 4910 6525 6443
6092 2 2 0 7 6565 9438 2604
6093 2 2 0 7 4452 8065 5488
6094 2 2 0 7 5293 9205 6221
6095 2 2 0 7 5962 8318 5963
6096 2 2 0 7 3600 8109 3601
6097 2 2 0 7 3840 6509 3841
6098 2 2 0 7 7895 7923 7338
6099 2 2 0 7 2972 6567 5109
6100 2 2 0 7 6575 8013 7981
6101 2 2 0 7 252 6651 6167
6102 2 2 0 7 464 7788 6444
6103 2 2 0 7 6320 6370 434
6104 2 2 0 7 2408 6094 243
6105 2 2 0 7 2410 6043 445
6106 2 2 0 7 2381 6015 439
6107 2 2 0 7 430 6103 2413
6108 2 2 0 7 259 6649 2252
6109 2 2 0 7 2273 6581 266
6110 2 2 0 7 304 6595 6391
6111 2 2 0 7 2614 7856 233
6112 2 2 0 7 265 6159 2273
6113 2 2 0 7 247 6268 2286
6114 2 2 0 7 2616 6009 239
6115 2 2 0 7 442 6394 2383
6116 2 2 0 7 2425 6044 352
6117 2 2 0 7 296 6089 2375
6118 2 2 0 7 320 6802 2180
6119 2 2 0 7 414 6090 2226
6120 2 2 0 7 375 5996 2380
6121 2 2 0 7 261 6676 6088
6122 2 2 0 7 316 6192 6026
6123 2 2 0 7 410 6045 6029
6124 2 2 0 7 262 6088 2244
6125 2 2 0 7 2407 6144 294
6126 2 2 0 7 374 6590 5996
6127 2 2 0 7 2375 6113 297
6128 2 2 0 7 3354 6073 301
6129 2 2 0 7 2438 6076 313
6130 2 2 0 7 2841 6078 395
6131 2 2 0 7 255 6276 6226
6132 2 2 0 7 353 6044 2437
6133 2 2 0 7 357 6675 6036
6134 2 2 0 7 404 6190 6037
6135 2 2 0 7 2180 6712 321
6136 2 2 0 7 2524 6114 344
6137 2 2 0 7 2840 6118 368
6138 2 2 0 7 2543 6053 281
6139 2 2 0 7 2824 6056 328
6140 2 2 0 7 420 6096 2457
6141 2 2 0 7 6 6042 2526
6142 2 2 0 7 383 6516 2409
6143 2 2 0 7 2430 6675 356
6144 2 2 0 7 2788 6190 403
6145 2 2 0 7 363 6106 2836
6146 2 2 0 7 389 6145 2817
6147 2 2 0 7 346 6010 2525
6148 2 2 0 7 381 6011 2397
6149 2 2 0 7 2380 6171 376
6150 2 2 0 7 2467 6173 423
6151 2 2 0 7 394 6168 2841
6152 2 2 0 7 2818 6168 393
6153 2 2 0 7 2236 6687 447
6154 2 2 0 7 298 6113 2414
6155 2 2 0 7 2415 6164 323
6156 2 2 0 7 405 6037 2781
6157 2 2 0 7 2837 6106 362
6158 2 2 0 7 268 6130 2572
6159 2 2 0 7 250 6179 2279
6160 2 2 0 7 305 6391 2575
6161 2 2 0 7 329 6056 2835
6162 2 2 0 7 2416 6191 378
6163 2 2 0 7 2382 6590 373
6164 2 2 0 7 411 6029 2227
6165 2 2 0 7 2839 6095 337
6166 2 2 0 7 358 6036 2429
6167 2 2 0 7 322 6712 2415
6168 2 2 0 7 345 6114 6010
6169 2 2 0 7 351 6149 2425
6170 2 2 0 7 369 6118 2796
6171 2 2 0 7 2397 6516 382
6172 2 2 0 7 2269 6276 254
6173 2 2 0 7 435 6370 2385
6174 2 2 0 7 2457 6738 421
6175 2 2 0 7 377 6171 2416
6176 2 2 0 7 424 6173 2450
6177 2 2 0 7 324 6164 6042
6178 2 2 0 7 379 6191 2411
6179 2 2 0 7 399 7870 2787
6180 2 2 0 7 317 6026 2181
6181 2 2 0 7 2411 6011 380
6182 2 2 0 7 465 6444 2464
6183 2 2 0 7 314 6076 2423
6184 2 2 0 7 396 6078 2797
6185 2 2 0 7 422 6738 2467
6186 2 2 0 7 349 6229 2439
6187 2 2 0 7 2577 6595 303
6188 2 2 0 7 2423 6192 315
6189 2 2 0 7 2439 6149 350
6190 2 2 0 7 2486 6045 409
6191 2 2 0 7 282 6053 2530
6192 2 2 0 7 295 6144 6089
6193 2 2 0 7 448 6687 2406
6194 2 2 0 7 338 6095 2545
6195 2 2 0 7 267 6581 6130
6196 2 2 0 7 240 6009 2402
6197 2 2 0 7 440 6015 2412
6198 2 2 0 7 234 7856 2613
6199 2 2 0 7 244 6094 2297
6200 2 2 0 7 302 6073 2577
6201 2 2 0 7 2412 6394 441
6202 2 2 0 7 256 6226 2259
6203 2 2 0 7 2252 6676 260
6204 2 2 0 7 446 6043 2236
6205 2 2 0 7 253 6167 2269
6206 2 2 0 7 2388 6320 433
6207 2 2 0 7 2279 6651 251
6208 2 2 0 7 2490 7788 463
6209 2 2 0 7 6070 8783 3988
6210 2 2 0 7 4073 8837 6648
6211 2 2 0 7 2917 9300 6343
6212 2 2 0 7 6182 9324 6542
6213 2 2 0 7 5463 8219 7928
6214 2 2 0 7 7928 8219 5598
6215 2 2 0 7 6111 6303 6112
6216 2 2 0 7 5998 5999 2246
6217 2 2 0 7 6304 8706 6112
6218 2 2 0 7 8195 9305 3634
6219 2 2 0 7 8155 8294 5941
6220 2 2 0 7 4082 7413 7331
6221 2 2 0 7 8208 9515 8889
6222 2 2 0 7 6176 6177 6174
6223 2 2 0 7 6117 6185 6115
6224 2 2 0 7 7340 8888 8660
6225 2 2 0 7 3789 6428 4688
6226 2 2 0 7 6510 6739 4524
6227 2 2 0 7 3134 5802 4224
6228 2 2 0 7 2832 7890 387
6229 2 2 0 7 388 7890 6145
6230 2 2 0 7 5622 8780 7680
6231 2 2 0 7 5584 8400 7459
6232 2 2 0 7 5421 5805 3535
6233 2 2 0 7 3675 6596 5868
6234 2 2 0 7 6467 6468 2096
6235 2 2 0 7 6599 6600 1840
6236 2 2 0 7 1346 8403 6997
6237 2 2 0 7 7338 7923 1378
6238 2 2 0 7 7981 8013 1390
6239 2 2 0 7 5698 9122 5839
6240 2 2 0 7 2548 6613 2546
6241 2 2 0 7 7843 8316 4111
6242 2 2 0 7 8029 9023 4350
6243 2 2 0 7 3191 3194 3193
6244 2 2 0 7 5392 5394 5393
6245 2 2 0 7 3326 3526 3525
6246 2 2 0 7 4188 4190 4189
6247 2 2 0 7 3532 3534 3533
6248 2 2 0 7 3896 3898 3897
6249 2 2 0 7 3959 3960 3958
6250 2 2 0 7 3984 3985 3981
6251 2 2 0 7 2295 2296 2294
6252 2 2 0 7 5447 5639 4018
6253 2 2 0 7 5713 6218 6217
6254 2 2 0 7 5054 5055 4668
6255 2 2 0 7 5154 8698 7989
6256 2 2 0 7 3841 6509 4147
6257 2 2 0 7 7079 8495 7816
6258 2 2 0 7 4271 8150 4015
6259 2 2 0 7 7662 9368 5716
6260 2 2 0 7 6987 8073 8041
6261 2 2 0 7 2675 6244 2678
6262 2 2 0 7 6662 6663 2472
6263 2 2 0 7 6494 6495 6039
6264 2 2 0 7 6186 9461 326
6265 2 2 0 7 3156 8560 6677
6266 2 2 0 7 1660 6535 1658
6267 2 2 0 7 6482 7330 4082
6268 2 2 0 7 4500 8088 4199
6269 2 2 0 7 7846 7848 6600
6270 2 2 0 7 5015 8535 3852
6271 2 2 0 7 6333 6498 6497
6272 2 2 0 7 5466 8623 3648
6273 2 2 0 7 6085 8798 8524
6274 2 2 0 7 7822 8785 1377
6275 2 2 0 7 5596 8721 5594
6276 2 2 0 7 4480 7960 7959
6277 2 2 0 7 1405 8452 6342
6278 2 2 0 7 3203 7879 3380
6279 2 2 0 7 6372 9553 6371
6280 2 2 0 7 1398 6671 6622
6281 2 2 0 7 3793 8846 7927
6282 2 2 0 7 1388 8508 7310
6283 2 2 0 7 6295 9551 6166
6284 2 2 0 7 3384 7798 6255
6285 2 2 0 7 7920 9409 5878
6286 2 2 0 7 5150 6345 5149
6287 2 2 0 7 5780 8497 7810
6288 2 2 0 7 7938 8166 5070
6289 2 2 0 7 4935 8429 5177
6290 2 2 0 7 4418 6397 4462
6291 2 2 0 7 6564 8978 5341
6292 2 2 0 7 5690 9148 8040
6293 2 2 0 7 2776 8955 2551
6294 2 2 0 7 2425 7912 6044
6295 2 2 0 7 8041 8073 1431
6296 2 2 0 7 1397 8407 6336
6297 2 2 0 7 341 8091 342
6298 2 2 0 7 5102 9527 9157
6299 2 2 0 7 6620 6689 2108
6300 2 2 0 7 6342 8487 1405
6301 2 2 0 7 8150 8152 5095
6302 2 2 0 7 4929 8007 5180
6303 2 2 0 7 2883 5557 2880
6304 2 2 0 7 4939 8009 5696
6305 2 2 0 7 7897 8756 4569
6306 2 2 0 7 3655 6264 3657
6307 2 2 0 7 6247 7946 6913
6308 2 2 0 7 7453 7846 4475
6309 2 2 0 7 8297 8549 3486
6310 2 2 0 7 3370 6702 5447
6311 2 2 0 7 6112 8803 3621
6312 2 2 0 7 6343 7707 2917
6313 2 2 0 7 4989 7405 6788
6314 2 2 0 7 3461 6770 6753
6315 2 2 0 7 6019 9394 8865
6316 2 2 0 7 6514 8050 90
6317 2 2 0 7 2803 6707 5891
6318 2 2 0 7 2627 6801 3070
6319 2 2 0 7 8596 9404 5725
6320 2 2 0 7 5817 8436 5032
6321 2 2 0 7 6549 7986 2796
6322 2 2 0 7 4909 9035 4663
6323 2 2 0 7 6492 9121 5643
6324 2 2 0 7 432 7970 2388
6325 2 2 0 7 2413 7970 431
6326 2 2 0 7 5676 8136 5677
6327 2 2 0 7 4676 8081 5438
6328 2 2 0 7 5927 9372 7794
6329 2 2 0 7 2110 8918 6853
6330 2 2 0 7 5531 8232 4698
6331 2 2 0 7 2701 7901 2706
6332 2 2 0 7 5652 9020 6717
6333 2 2 0 7 8557 8888 1404
6334 2 2 0 7 4240 6253 4428
6335 2 2 0 7 8949 9039 8948
6336 2 2 0 7 2968 8686 3886
6337 2 2 0 7 2235 7898 2476
6338 2 2 0 7 3534 6768 3616
6339 2 2 0 7 4454 6382 2564
6340 2 2 0 7 5393 5901 5334
6341 2 2 0 7 3993 6543 4983
6342 2 2 0 7 2735 8269 5166
6343 2 2 0 7 8724 8881 2832
6344 2 2 0 7 5861 9229 6512
6345 2 2 0 7 1401 6714 6515
6346 2 2 0 7 6258 8819 6140
6347 2 2 0 7 8229 9541 8230
6348 2 2 0 7 6710 7924 5920
6349 2 2 0 7 2865 6750 2867
6350 2 2 0 7 8084 9174 7882
6351 2 2 0 7 1428 7825 7406
6352 2 2 0 7 7010 9535 7006
6353 2 2 0 7 5451 9306 4552
6354 2 2 0 7 2596 2605 2597
6355 2 2 0 7 4481 8805 6478
6356 2 2 0 7 5868 7850 3675
6357 2 2 0 7 3948 9412 6035
6358 2 2 0 7 2810 5913 2809
6359 2 2 0 7 1585 6332 2007
6360 2 2 0 7 5511 9298 8245
6361 2 2 0 7 454 8032 455
6362 2 2 0 7 2555 7866 2682
6363 2 2 0 7 8002 8038 3650
6364 2 2 0 7 6515 6735 6269
6365 2 2 0 7 5986 9025 5173
6366 2 2 0 7 3945 9171 7968
6367 2 2 0 7 6910 6912 4592
6368 2 2 0 7 6098 9261 6097
6369 2 2 0 7 5449 8908 5450
6370 2 2 0 7 8451 8458 4738
6371 2 2 0 7 7918 7919 2850
6372 2 2 0 7 5292 8447 4467
6373 2 2 0 7 6340 9056 2887
6374 2 2 0 7 2241 6706 2240
6375 2 2 0 7 6345 8900 8279
6376 2 2 0 7 5982 9408 2622
6377 2 2 0 7 2979 7927 3237
6378 2 2 0 7 4234 6711 2950
6379 2 2 0 7 8108 8397 3509
6380 2 2 0 7 1376 7826 7825
6381 2 2 0 7 2108 6688 6620
6382 2 2 0 7 4956 8221 7902
6383 2 2 0 7 7930 8049 3310
6384 2 2 0 7 6766 7979 4530
6385 2 2 0 7 2861 8739 7938
6386 2 2 0 7 3147 9470 2890
6387 2 2 0 7 8215 8819 6258
6388 2 2 0 7 4836 6689 4837
6389 2 2 0 7 8049 8492 3310
6390 2 2 0 7 8552 9245 6822
6391 2 2 0 7 4600 6282 5668
6392 2 2 0 7 5915 6410 4667
6393 2 2 0 7 4544 6628 5693
6394 2 2 0 7 3638 9409 7920
6395 2 2 0 7 6155 9088 4091
6396 2 2 0 7 2372 8531 8377
6397 2 2 0 7 4020 6425 4021
6398 2 2 0 7 5396 9200 5550
6399 2 2 0 7 3197 8450 3208
6400 2 2 0 7 2716 6451 2717
6401 2 2 0 7 6410 8761 5573
6402 2 2 0 7 4423 9098 2645
6403 2 2 0 7 6744 8449 2983
6404 2 2 0 7 7729 8488 3587
6405 2 2 0 7 4153 8528 8198
6406 2 2 0 7 6614 9403 6613
6407 2 2 0 7 5286 6631 4463
6408 2 2 0 7 7751 7990 7712
6409 2 2 0 7 8165 8253 3799
6410 2 2 0 7 2606 7894 2597
6411 2 2 0 7 6576 8153 5189
6412 2 2 0 7 6318 9522 6977
6413 2 2 0 7 2585 8169 2583
6414 2 2 0 7 2551 8866 4367
6415 2 2 0 7 6613 9403 2550
6416 2 2 0 7 3495 6385 3131
6417 2 2 0 7 6912 6914 4592
6418 2 2 0 7 1607 6791 1611
6419 2 2 0 7 6575 7952 6574
6420 2 2 0 7 6240 6647 5679
6421 2 2 0 7 2501 7931 2502
6422 2 2 0 7 7986 8482 2796
6423 2 2 0 7 8352 9074 5359
6424 2 2 0 7 3929 9516 3943
6425 2 2 0 7 5690 8040 6492
6426 2 2 0 7 6562 8627 3940
6427 2 2 0 7 5918 9249 3492
6428 2 2 0 7 5436 7628 7627
6429 2 2 0 7 4264 8287 6820
6430 2 2 0 7 6911 6912 6910
6431 2 2 0 7 2518 7853 2520
6432 2 2 0 7 4626 8394 5196
6433 2 2 0 7 3481 6794 3476
6434 2 2 0 7 5017 8135 7993
6435 2 2 0 7 2373 5743 2378
6436 2 2 0 7 2223 5963 2220
6437 2 2 0 7 3500 7883 3499
6438 2 2 0 7 3122 7884 3123
6439 2 2 0 7 3498 7887 3460
6440 2 2 0 7 2904 7888 2903
6441 2 2 0 7 4894 9336 4892
6442 2 2 0 7 6796 9077 2970
6443 2 2 0 7 7640 8003 6487
6444 2 2 0 7 7291 8539 1386
6445 2 2 0 7 6546 9389 3626
6446 2 2 0 7 5401 8859 6261
6447 2 2 0 7 2672 7868 2963
6448 2 2 0 7 5872 9117 8653
6449 2 2 0 7 6235 7954 4992
6450 2 2 0 7 5934 8638 4054
6451 2 2 0 7 6854 8934 6855
6452 2 2 0 7 6659 9351 6479
6453 2 2 0 7 4901 7849 5868
6454 2 2 0 7 6497 8586 6331
6455 2 2 0 7 3178 8658 5916
6456 2 2 0 7 5715 9302 7189
6457 2 2 0 7 6575 7981 7952
6458 2 2 0 7 3964 9410 6344
6459 2 2 0 7 6456 6458 6457
6460 2 2 0 7 7045 8988 7808
6461 2 2 0 7 5913 7994 2809
6462 2 2 0 7 2888 6668 3215
6463 2 2 0 7 4375 9265 5121
6464 2 2 0 7 5916 8952 3341
6465 2 2 0 7 2737 8000 2736
6466 2 2 0 7 6301 8028 1683
6467 2 2 0 7 5013 6619 4077
6468 2 2 0 7 6618 6799 6429
6469 2 2 0 7 86 6653 85
6470 2 2 0 7 1398 6653 86
6471 2 2 0 7 6743 8956 6380
6472 2 2 0 7 4370 8689 4371
6473 2 2 0 7 1603 6688 1605
6474 2 2 0 7 1378 7923 6574
6475 2 2 0 7 5715 9329 9302
6476 2 2 0 7 6458 8130 6457
6477 2 2 0 7 343 9189 2524
6478 2 2 0 7 2893 8190 2891
6479 2 2 0 7 8860 9499 8107
6480 2 2 0 7 4155 6720 2470
6481 2 2 0 7 274 8085 2576
6482 2 2 0 7 6259 8309 5748
6483 2 2 0 7 2629 6801 2627
6484 2 2 0 7 6277 8909 2445
6485 2 2 0 7 3665 9549 6411
6486 2 2 0 7 4392 8906 5466
6487 2 2 0 7 6103 9453 6105
6488 2 2 0 7 4837 6689 6620
6489 2 2 0 7 3984 8105 6069
6490 2 2 0 7 3541 9122 6670
6491 2 2 0 7 6710 9344 6201
6492 2 2 0 7 4162 8947 5134
6493 2 2 0 7 6303 9042 5717
6494 2 2 0 7 5644 8924 8923
6495 2 2 0 7 3103 8433 3107
6496 2 2 0 7 1729 6599 1731
6497 2 2 0 7 5989 7986 5987
6498 2 2 0 7 6020 8105 8051
6499 2 2 0 7 8411 9538 4934
6500 2 2 0 7 6496 8058 4195
6501 2 2 0 7 1441 6914 3614
6502 2 2 0 7 4592 6914 1439
6503 2 2 0 7 1368 8514 6383
6504 2 2 0 7 2242 9149 2248
6505 2 2 0 7 5916 8658 8273
6506 2 2 0 7 6574 7952 1378
6507 2 2 0 7 6389 8925 8826
6508 2 2 0 7 5901 6382 4454
6509 2 2 0 7 6197 9370 6716
6510 2 2 0 7 3632 8834 7885
6511 2 2 0 7 5420 8626 8371
6512 2 2 0 7 4168 8239 6289
6513 2 2 0 7 1693 9121 8040
6514 2 2 0 7 8040 9121 6492
6515 2 2 0 7 5895 5896 5035
6516 2 2 0 7 1598 6606 1609
6517 2 2 0 7 8250 8288 160
6518 2 2 0 7 1605 6688 2108
6519 2 2 0 7 6364 7939 5193
6520 2 2 0 7 2748 8200 2749
6521 2 2 0 7 6383 8557 1368
6522 2 2 0 7 6320 9279 5965
6523 2 2 0 7 367 8120 2840
6524 2 2 0 7 2795 8120 366
6525 2 2 0 7 3625 7868 5054
6526 2 2 0 7 2409 8122 384
6527 2 2 0 7 1692 1713 1712
6528 2 2 0 7 6690 6791 6689
6529 2 2 0 7 6406 6677 4903
6530 2 2 0 7 7568 8130 6458
6531 2 2 0 7 6490 9415 4444
6532 2 2 0 7 1565 1567 1566
6533 2 2 0 7 3278 3282 3280
6534 2 2 0 7 1566 4168 1564
6535 2 2 0 7 3280 3281 3279
6536 2 2 0 7 2154 2156 2155
6537 2 2 0 7 2155 2911 2153
6538 2 2 0 7 2953 6686 2916
6539 2 2 0 7 5999 6350 6041
6540 2 2 0 7 5560 6605 5564
6541 2 2 0 7 7028 7029 4822
6542 2 2 0 7 5716 9329 5715
6543 2 2 0 7 5814 9022 8279
6544 2 2 0 7 3063 9367 6681
6545 2 2 0 7 3538 8743 6314
6546 2 2 0 7 3501 6673 3291
6547 2 2 0 7 3120 6693 3125
6548 2 2 0 7 4604 6694 4917
6549 2 2 0 7 5364 6696 4345
6550 2 2 0 7 3564 6701 4157
6551 2 2 0 7 3897 8021 3894
6552 2 2 0 7 6560 8066 5845
6553 2 2 0 7 6733 9525 2878
6554 2 2 0 7 2594 8766 2593
6555 2 2 0 7 232 8136 2614
6556 2 2 0 7 3845 8205 3844
6557 2 2 0 7 2563 8858 2274
6558 2 2 0 7 5716 9368 9329
6559 2 2 0 7 2709 9403 6614
6560 2 2 0 7 6752 8867 3423
6561 2 2 0 7 5482 9545 5732
6562 2 2 0 7 3965 9051 3963
6563 2 2 0 7 5304 8571 5306
6564 2 2 0 7 6644 8445 4954
6565 2 2 0 7 4597 8973 6615
6566 2 2 0 7 8454 9055 4962
6567 2 2 0 7 4574 9163 5374
6568 2 2 0 7 7246 8753 3643
6569 2 2 0 7 5120 7849 6517
6570 2 2 0 7 3320 7973 4096
6571 2 2 0 7 7834 8601 4210
6572 2 2 0 7 3124 8125 3121
6573 2 2 0 7 3525 7943 3324
6574 2 2 0 7 5577 8963 8064
6575 2 2 0 7 6298 6352 6299
6576 2 2 0 7 4665 9117 4664
6577 2 2 0 7 5036 8139 5683
6578 2 2 0 7 2753 6382 2758
6579 2 2 0 7 2914 8732 8500
6580 2 2 0 7 402 8160 2788
6581 2 2 0 7 5582 6612 6611
6582 2 2 0 7 5863 7973 3320
6583 2 2 0 7 6353 6354 6352
6584 2 2 0 7 2341 8560 3156
6585 2 2 0 7 4958 8084 4960
6586 2 2 0 7 7763 8943 5184
6587 2 2 0 7 3533 8052 3530
6588 2 2 0 7 4836 6690 6689
6589 2 2 0 7 5706 8797 5464
6590 2 2 0 7 2868 6730 2870
6591 2 2 0 7 6222 9406 2702
6592 2 2 0 7 5902 7782 7781
6593 2 2 0 7 6317 6319 6318
6594 2 2 0 7 3421 8751 5085
6595 2 2 0 7 7886 8851 4016
6596 2 2 0 7 2916 6686 2991
6597 2 2 0 7 8173 8938 5168
6598 2 2 0 7 2192 6736 2190
6599 2 2 0 7 5249 6811 1533
6600 2 2 0 7 5990 8692 2609
6601 2 2 0 7 6236 9513 5383
6602 2 2 0 7 2886 8454 6692
6603 2 2 0 7 2638 6674 2639
6604 2 2 0 7 6104 6552 2413
6605 2 2 0 7 6057 6059 6056
6606 2 2 0 7 6131 6257 2572
6607 2 2 0 7 3354 6206 6075
6608 2 2 0 7 6174 6178 2450
6609 2 2 0 7 2824 6058 6057
6610 2 2 0 7 6026 6028 6027
6611 2 2 0 7 6037 6039 6038
6612 2 2 0 7 6038 6258 2781
6613 2 2 0 7 6078 6080 6079
6614 2 2 0 7 6149 6151 6150
6615 2 2 0 7 2411 6013 6012
6616 2 2 0 7 2486 6047 6046
6617 2 2 0 7 6012 6014 6011
6618 2 2 0 7 6077 6193 2423
6619 2 2 0 7 6115 6184 6010
6620 2 2 0 7 2467 6657 6175
6621 2 2 0 7 6016 6017 2412
6622 2 2 0 7 6165 6166 6042
6623 2 2 0 7 2653 6674 2638
6624 2 2 0 7 6763 6766 4530
6625 2 2 0 7 2811 8759 6376
6626 2 2 0 7 8159 9270 4900
6627 2 2 0 7 5045 8502 6801
6628 2 2 0 7 3153 3155 3154
6629 2 2 0 7 2706 2985 2771
6630 2 2 0 7 2707 2714 2708
6631 2 2 0 7 2749 2751 2750
6632 2 2 0 7 2248 2272 2271
6633 2 2 0 7 2249 2251 2250
6634 2 2 0 7 8687 9367 3063
6635 2 2 0 7 4944 4947 4946
6636 2 2 0 7 6214 6588 5602
6637 2 2 0 7 2421 2435 2422
6638 2 2 0 7 2420 2426 2424
6639 2 2 0 7 2422 5419 2419
6640 2 2 0 7 2162 2168 2163
6641 2 2 0 7 4075 4933 4081
6642 2 2 0 7 4078 4079 4076
6643 2 2 0 7 4081 5013 4077
6644 2 2 0 7 3000 3001 2997
6645 2 2 0 7 2998 3002 3000
6646 2 2 0 7 2996 5360 2999
6647 2 2 0 7 3601 3623 3622
6648 2 2 0 7 3846 3847 3845
6649 2 2 0 7 2980 3149 2979
6650 2 2 0 7 3237 5337 2657
6651 2 2 0 7 4370 4371 4369
6652 2 2 0 7 4368 6529 4370
6653 2 2 0 7 4001 4526 4129
6654 2 2 0 7 4129 4890 3999
6655 2 2 0 7 4000 4003 4002
6656 2 2 0 7 2772 5979 5978
6657 2 2 0 7 2892 2895 2894
6658 2 2 0 7 2894 2972 2893
6659 2 2 0 7 2682 2685 2684
6660 2 2 0 7 2695 5140 2681
6661 2 2 0 7 2683 2701 2695
6662 2 2 0 7 3776 3881 3774
6663 2 2 0 7 3777 4287 3775
6664 2 2 0 7 3886 3889 3888
6665 2 2 0 7 3887 4529 4017
6666 2 2 0 7 5933 5935 5934
6667 2 2 0 7 2648 2650 2649
6668 2 2 0 7 5522 5555 5521
6669 2 2 0 7 4448 4452 4450
6670 2 2 0 7 3832 6661 4449
6671 2 2 0 7 2478 2485 2477
6672 2 2 0 7 2476 2479 2478
6673 2 2 0 7 2863 2931 2864
6674 2 2 0 7 4670 4671 4669
6675 2 2 0 7 2565 3873 2563
6676 2 2 0 7 3258 4672 4670
6677 2 2 0 7 2562 5333 4454
6678 2 2 0 7 2564 2656 2565
6679 2 2 0 7 3674 3675 3673
6680 2 2 0 7 4014 5115 3671
6681 2 2 0 7 5014 5015 4517
6682 2 2 0 7 4525 5544 5014
6683 2 2 0 7 9110 9208 6227
6684 2 2 0 7 2958 2960 2959
6685 2 2 0 7 5358 8777 6669
6686 2 2 0 7 8244 8950 5672
6687 2 2 0 7 2936 9046 8157
6688 2 2 0 7 4119 4650 4590
6689 2 2 0 7 2670 5554 4159
6690 2 2 0 7 4159 4160 4158
6691 2 2 0 7 1715 1717 1716
6692 2 2 0 7 1716 1737 1714
6693 2 2 0 7 1389 8768 7814
6694 2 2 0 7 3141 8237 8211
6695 2 2 0 7 8131 8784 4249
6696 2 2 0 7 4287 6722 3775
6697 2 2 0 7 5536 6410 5656
6698 2 2 0 7 5385 9099 6399
6699 2 2 0 7 7903 8731 6071
6700 2 2 0 7 8980 9529 2911
6701 2 2 0 7 2559 7948 7947
6702 2 2 0 7 5832 8642 5158
6703 2 2 0 7 6093 9284 9157
6704 2 2 0 7 5912 6465 6464
6705 2 2 0 7 6085 6086 6084
6706 2 2 0 7 6064 6068 6067
6707 2 2 0 7 2153 6283 2151
6708 2 2 0 7 8112 8149 150
6709 2 2 0 7 2608 2609 2607
6710 2 2 0 7 2611 2612 2606
6711 2 2 0 7 5073 6739 6672
6712 2 2 0 7 6249 6795 4702
6713 2 2 0 7 4962 9362 8454
6714 2 2 0 7 3471 8419 6832
6715 2 2 0 7 284 8213 2544
6716 2 2 0 7 2530 8213 283
6717 2 2 0 7 5981 9363 5980
6718 2 2 0 7 1603 6797 6688
6719 2 2 0 7 3107 8433 6700
6720 2 2 0 7 6365 9363 9123
6721 2 2 0 7 3330 8688 6390
6722 2 2 0 7 365 8223 2795
6723 2 2 0 7 2836 8223 364
6724 2 2 0 7 2628 6679 2630
6725 2 2 0 7 2630 6679 2633
6726 2 2 0 7 3063 6681 2922
6727 2 2 0 7 2922 6681 3018
6728 2 2 0 7 2930 8353 5032
6729 2 2 0 7 3389 8090 3639
6730 2 2 0 7 8129 8467 5288
6731 2 2 0 7 5926 8015 2161
6732 2 2 0 7 1611 6791 1619
6733 2 2 0 7 2108 6791 1607
6734 2 2 0 7 5710 8957 5616
6735 2 2 0 7 8333 9137 3019
6736 2 2 0 7 6792 6793 1619
6737 2 2 0 7 371 8369 7
6738 2 2 0 7 6696 6697 4563
6739 2 2 0 7 5409 9489 5543
6740 2 2 0 7 3915 6703 3950
6741 2 2 0 7 8031 8314 5846
6742 2 2 0 7 6526 8314 8031
6743 2 2 0 7 5861 6512 5862
6744 2 2 0 7 3573 6704 3591
6745 2 2 0 7 1608 8238 1606
6746 2 2 0 7 6431 9555 6051
6747 2 2 0 7 5098 6273 5451
6748 2 2 0 7 2753 2758 2755
6749 2 2 0 7 2755 2756 2754
6750 2 2 0 7 3343 4938 4937
6751 2 2 0 7 3385 5173 5172
6752 2 2 0 7 3560 3669 3558
6753 2 2 0 7 3559 4034 3560
6754 2 2 0 7 2905 2907 2906
6755 2 2 0 7 2906 2992 2904
6756 2 2 0 7 5633 5634 4599
6757 2 2 0 7 2165 2166 2164
6758 2 2 0 7 3821 4979 3820
6759 2 2 0 7 3602 4067 3821
6760 2 2 0 7 5106 6423 6422
6761 2 2 0 7 4697 4698 4090
6762 2 2 0 7 2177 2178 2176
6763 2 2 0 7 3212 5162 5161
6764 2 2 0 7 3287 4691 4690
6765 2 2 0 7 3567 3570 3569
6766 2 2 0 7 3569 4221 3568
6767 2 2 0 7 2717 2724 2722
6768 2 2 0 7 3797 4073 4071
6769 2 2 0 7 2722 2723 2721
6770 2 2 0 7 4071 4072 3498
6771 2 2 0 7 1740 5168 4618
6772 2 2 0 7 2196 2242 2197
6773 2 2 0 7 2197 6539 2195
6774 2 2 0 7 3415 4928 4927
6775 2 2 0 7 4923 4924 2447
6776 2 2 0 7 2661 2664 2663
6777 2 2 0 7 3123 3127 3126
6778 2 2 0 7 3126 3128 3124
6779 2 2 0 7 2885 5731 4677
6780 2 2 0 7 3171 3172 3170
6781 2 2 0 7 3617 3618 3500
6782 2 2 0 7 5059 5060 3543
6783 2 2 0 7 3778 6794 3481
6784 2 2 0 7 3476 6794 3478
6785 2 2 0 7 291 8231 2376
6786 2 2 0 7 5751 9282 1718
6787 2 2 0 7 3556 8143 3559
6788 2 2 0 7 3568 8142 3565
6789 2 2 0 7 3563 8255 8233
6790 2 2 0 7 3332 8349 6701
6791 2 2 0 7 8168 8207 1411
6792 2 2 0 7 4942 8170 8033
6793 2 2 0 7 4461 9167 6695
6794 2 2 0 7 6648 8778 6163
6795 2 2 0 7 2599 6691 2586
6796 2 2 0 7 2586 6691 2588
6797 2 2 0 7 5435 8509 5439
6798 2 2 0 7 5683 9240 8354
6799 2 2 0 7 7966 9500 7900
6800 2 2 0 7 2782 2784 2783
6801 2 2 0 7 3299 3300 3298
6802 2 2 0 7 4600 5668 5667
6803 2 2 0 7 2574 2579 2573
6804 2 2 0 7 2522 5599 5598
6805 2 2 0 7 2520 2527 2523
6806 2 2 0 7 3188 4461 3198
6807 2 2 0 7 2939 2941 2940
6808 2 2 0 7 2451 3307 2448
6809 2 2 0 7 2449 2452 2451
6810 2 2 0 7 2207 2210 2206
6811 2 2 0 7 4573 9316 8330
6812 2 2 0 7 8100 8650 5786
6813 2 2 0 7 4524 6739 5073
6814 2 2 0 7 5127 6768 6155
6815 2 2 0 7 6287 8540 5540
6816 2 2 0 7 5053 6442 5052
6817 2 2 0 7 4957 8401 8171
6818 2 2 0 7 4189 7911 4186
6819 2 2 0 7 2982 6730 2868
6820 2 2 0 7 3657 3658 3656
6821 2 2 0 7 3351 3353 3352
6822 2 2 0 7 3349 5609 3833
6823 2 2 0 7 4272 4568 3840
6824 2 2 0 7 3841 3842 3839
6825 2 2 0 7 4220 6746 4216
6826 2 2 0 7 2762 6744 2983
6827 2 2 0 7 3762 6747 2845
6828 2 2 0 7 3056 6751 3296
6829 2 2 0 7 4120 6752 3403
6830 2 2 0 7 3318 3323 3322
6831 2 2 0 7 3322 4092 3321
6832 2 2 0 7 2506 2560 2507
6833 2 2 0 7 2007 6331 6330
6834 2 2 0 7 3414 3417 3413
6835 2 2 0 7 2739 2933 2738
6836 2 2 0 7 4184 4218 4183
6837 2 2 0 7 4182 4185 4184
6838 2 2 0 7 3935 4374 3934
6839 2 2 0 7 3933 3936 3935
6840 2 2 0 7 3971 3973 3972
6841 2 2 0 7 3998 5472 5471
6842 2 2 0 7 2813 2814 2810
6843 2 2 0 7 2812 2850 2813
6844 2 2 0 7 5281 5282 4383
6845 2 2 0 7 2575 8314 6157
6846 2 2 0 7 3948 8021 6658
6847 2 2 0 7 3457 6753 4285
6848 2 2 0 7 4427 5583 4426
6849 2 2 0 7 4240 4428 4427
6850 2 2 0 7 2212 2215 2214
6851 2 2 0 7 2214 3348 2213
6852 2 2 0 7 3868 3871 3867
6853 2 2 0 7 2678 2679 2677
6854 2 2 0 7 3921 4083 3920
6855 2 2 0 7 1420 8795 6453
6856 2 2 0 7 2190 6736 2984
6857 2 2 0 7 2839 8558 6095
6858 2 2 0 7 3861 6763 2987
6859 2 2 0 7 3426 8243 3424
6860 2 2 0 7 3298 8129 3297
6861 2 2 0 7 6623 6654 6653
6862 2 2 0 7 6670 8447 5292
6863 2 2 0 7 2175 9433 2174
6864 2 2 0 7 6409 9098 5784
6865 2 2 0 7 6023 6025 6024
6866 2 2 0 7 6157 6526 6158
6867 2 2 0 7 6138 6373 6139
6868 2 2 0 7 6062 6065 6063
6869 2 2 0 7 5141 5737 5736
6870 2 2 0 7 5738 5739 5142
6871 2 2 0 7 4703 6249 4702
6872 2 2 0 7 2849 8575 6707
6873 2 2 0 7 3367 6702 3370
6874 2 2 0 7 6507 8769 4617
6875 2 2 0 7 8583 8892 5803
6876 2 2 0 7 8351 9176 2265
6877 2 2 0 7 8329 8337 4425
6878 2 2 0 7 5087 9551 6295
6879 2 2 0 7 2491 8110 6508
6880 2 2 0 7 6753 8567 4285
6881 2 2 0 7 5857 8086 5502
6882 2 2 0 7 3861 6764 6763
6883 2 2 0 7 8829 8921 4431
6884 2 2 0 7 3331 8042 3092
6885 2 2 0 7 3366 6702 3367
6886 2 2 0 7 3092 8042 3094
6887 2 2 0 7 2849 6707 2801
6888 2 2 0 7 2801 6707 2803
6889 2 2 0 7 7340 8660 7524
6890 2 2 0 7 6513 9245 8552
6891 2 2 0 7 2720 6668 2888
6892 2 2 0 7 5814 8847 5836
6893 2 2 0 7 7265 7965 5150
6894 2 2 0 7 5064 8623 8538
6895 2 2 0 7 7914 8412 5737
6896 2 2 0 7 1613 6793 1617
6897 2 2 0 7 5442 8488 7729
6898 2 2 0 7 2929 6213 3256
6899 2 2 0 7 3480 6211 3483
6900 2 2 0 7 6007 9319 3959
6901 2 2 0 7 3208 8450 5372
6902 2 2 0 7 6480 8191 6136
6903 2 2 0 7 8536 8537 5768
6904 2 2 0 7 3251 6473 3459
6905 2 2 0 7 4166 8329 4425
6906 2 2 0 7 4480 9297 4227
6907 2 2 0 7 3368 8466 2974
6908 2 2 0 7 4455 6607 5762
6909 2 2 0 7 4556 6609 5597
6910 2 2 0 7 4651 6610 5285
6911 2 2 0 7 5571 6611 5572
6912 2 2 0 7 7524 8696 7340
6913 2 2 0 7 1533 6811 1530
6914 2 2 0 7 6303 6304 6112
6915 2 2 0 7 5334 5901 4454
6916 2 2 0 7 5515 8731 7903
6917 2 2 0 7 8385 9506 4680
6918 2 2 0 7 6468 6469 2096
6919 2 2 0 7 7993 8135 5741
6920 2 2 0 7 6600 6601 1840
6921 2 2 0 7 3194 3195 3193
6922 2 2 0 7 3526 4233 3525
6923 2 2 0 7 3326 3527 3526
6924 2 2 0 7 4188 4193 4190
6925 2 2 0 7 3534 3616 3533
6926 2 2 0 7 3898 3899 3897
6927 2 2 0 7 3960 3961 3958
6928 2 2 0 7 3985 3986 3981
6929 2 2 0 7 2295 2300 2296
6930 2 2 0 7 5713 8506 6218
6931 2 2 0 7 8064 9100 5577
6932 2 2 0 7 4645 6757 6756
6933 2 2 0 7 7009 8370 1373
6934 2 2 0 7 4903 6677 4596
6935 2 2 0 7 6541 8082 5438
6936 2 2 0 7 5311 8460 5308
6937 2 2 0 7 5160 9100 5729
6938 2 2 0 7 3630 8641 3628
6939 2 2 0 7 6647 9092 5648
6940 2 2 0 7 6333 8438 6498
6941 2 2 0 7 4687 6630 5421
6942 2 2 0 7 1619 6793 1613
6943 2 2 0 7 5737 9225 7914
6944 2 2 0 7 5421 8637 5805
6945 2 2 0 7 3419 9433 7971
6946 2 2 0 7 4526 8055 6790
6947 2 2 0 7 6683 8634 5368
6948 2 2 0 7 6690 7800 6792
6949 2 2 0 7 8047 8060 6458
6950 2 2 0 7 5907 8573 5606
6951 2 2 0 7 3205 7933 3169
6952 2 2 0 7 6455 8839 1420
6953 2 2 0 7 5335 9176 8351
6954 2 2 0 7 398 8298 7870
6955 2 2 0 7 2797 8298 397
6956 2 2 0 7 6451 7784 2724
6957 2 2 0 7 6397 6398 4462
6958 2 2 0 7 6614 8973 4597
6959 2 2 0 7 8003 8991 1349
6960 2 2 0 7 5973 8055 4005
6961 2 2 0 7 7751 7803 3831
6962 2 2 0 7 8157 9046 8158
6963 2 2 0 7 6679 6680 5629
6964 2 2 0 7 3687 7790 6780
6965 2 2 0 7 4184 7911 4218
6966 2 2 0 7 8087 8980 2911
6967 2 2 0 7 6682 6683 5368
6968 2 2 0 7 425 8503 426
6969 2 2 0 7 8889 9515 5551
6970 2 2 0 7 4948 8274 6666
6971 2 2 0 7 6911 6913 6912
6972 2 2 0 7 4949 8099 6680
6973 2 2 0 7 8380 8830 8379
6974 2 2 0 7 6212 8713 6211
6975 2 2 0 7 8123 8126 6927
6976 2 2 0 7 1733 6775 1735
6977 2 2 0 7 3113 6769 3133
6978 2 2 0 7 4955 7880 3378
6979 2 2 0 7 6689 6791 2108
6980 2 2 0 7 2999 5839 2998
6981 2 2 0 7 6118 8859 2796
6982 2 2 0 7 3106 8572 6260
6983 2 2 0 7 8576 8821 5145
6984 2 2 0 7 2559 8665 7948
6985 2 2 0 7 6562 7905 4098
6986 2 2 0 7 5906 7905 6562
6987 2 2 0 7 2585 8796 8169
6988 2 2 0 7 8966 8984 5532
6989 2 2 0 7 6780 7790 6775
6990 2 2 0 7 5896 6393 5035
6991 2 2 0 7 2963 7868 3625
6992 2 2 0 7 2156 2157 2155
6993 2 2 0 7 1567 1568 1566
6994 2 2 0 7 2154 3288 2156
6995 2 2 0 7 3282 3375 3280
6996 2 2 0 7 4168 5807 1564
6997 2 2 0 7 3281 3496 3279
6998 2 2 0 7 7834 9556 8601
6999 2 2 0 7 5699 9285 5720
7000 2 2 0 7 1600 6797 1603
7001 2 2 0 7 6350 7966 6041
7002 2 2 0 7 7736 8742 4535
7003 2 2 0 7 5532 8984 7195
7004 2 2 0 7 1363 6715 6714
7005 2 2 0 7 2200 6779 2471
7006 2 2 0 7 360 8540 361
7007 2 2 0 7 4361 8808 6208
7008 2 2 0 7 5393 5902 5901
7009 2 2 0 7 6536 8072 5191
7010 2 2 0 7 4613 6409 5784
7011 2 2 0 7 6405 6593 4284
7012 2 2 0 7 2660 8260 6527
7013 2 2 0 7 1361 8715 6586
7014 2 2 0 7 7847 7861 7700
7015 2 2 0 7 6204 9494 8535
7016 2 2 0 7 4013 8090 3389
7017 2 2 0 7 6016 6018 6017
7018 2 2 0 7 6151 6152 6150
7019 2 2 0 7 6206 6530 6075
7020 2 2 0 7 6080 6081 6079
7021 2 2 0 7 6165 6295 6166
7022 2 2 0 7 6028 8411 6027
7023 2 2 0 7 6058 6060 6057
7024 2 2 0 7 6039 8263 6038
7025 2 2 0 7 6131 8546 6257
7026 2 2 0 7 2384 7840 6102
7027 2 2 0 7 6723 6724 5020
7028 2 2 0 7 3155 3239 3154
7029 2 2 0 7 2714 2715 2708
7030 2 2 0 7 2985 2986 2771
7031 2 2 0 7 2751 2752 2750
7032 2 2 0 7 2272 2473 2271
7033 2 2 0 7 2251 2253 2250
7034 2 2 0 7 4947 4948 4946
7035 2 2 0 7 2435 2436 2422
7036 2 2 0 7 2426 2427 2424
7037 2 2 0 7 2168 2169 2163
7038 2 2 0 7 4933 4934 4081
7039 2 2 0 7 4078 4080 4079
7040 2 2 0 7 3002 3234 3000
7041 2 2 0 7 3623 3951 3622
7042 2 2 0 7 3847 4012 3845
7043 2 2 0 7 4371 4372 4369
7044 2 2 0 7 4003 4004 4002
7045 2 2 0 7 4129 4891 4890
7046 2 2 0 7 5979 5980 5978
7047 2 2 0 7 2895 2896 2894
7048 2 2 0 7 2972 3163 2893
7049 2 2 0 7 2685 2686 2684
7050 2 2 0 7 3777 4892 4287
7051 2 2 0 7 3776 4101 3881
7052 2 2 0 7 3889 3890 3888
7053 2 2 0 7 5933 5936 5935
7054 2 2 0 7 2650 2742 2649
7055 2 2 0 7 5522 5556 5555
7056 2 2 0 7 4452 5318 4450
7057 2 2 0 7 2479 2480 2478
7058 2 2 0 7 2485 2718 2477
7059 2 2 0 7 4672 4673 4670
7060 2 2 0 7 2931 2932 2864
7061 2 2 0 7 5333 5334 4454
7062 2 2 0 7 3674 4032 3675
7063 2 2 0 7 4014 5116 5115
7064 2 2 0 7 5014 6238 5015
7065 2 2 0 7 2960 3236 2959
7066 2 2 0 7 3276 7972 3278
7067 2 2 0 7 6308 9483 6128
7068 2 2 0 7 4650 5129 4590
7069 2 2 0 7 4159 4161 4160
7070 2 2 0 7 1717 1718 1716
7071 2 2 0 7 6353 6788 6354
7072 2 2 0 7 7876 8966 5532
7073 2 2 0 7 6422 9534 3516
7074 2 2 0 7 6086 6087 6084
7075 2 2 0 7 2611 2617 2612
7076 2 2 0 7 2608 2610 2609
7077 2 2 0 7 5764 8321 5295
7078 2 2 0 7 3490 9130 4377
7079 2 2 0 7 1840 6775 1733
7080 2 2 0 7 3624 9069 8230
7081 2 2 0 7 6741 6742 4144
7082 2 2 0 7 6407 8845 5753
7083 2 2 0 7 6756 6757 6324
7084 2 2 0 7 6755 8572 3098
7085 2 2 0 7 6512 6513 5862
7086 2 2 0 7 2755 2757 2756
7087 2 2 0 7 3343 4939 4938
7088 2 2 0 7 3560 3670 3669
7089 2 2 0 7 3559 4035 4034
7090 2 2 0 7 2906 2993 2992
7091 2 2 0 7 2905 3584 2907
7092 2 2 0 7 2165 2167 2166
7093 2 2 0 7 2166 4010 2164
7094 2 2 0 7 4067 4068 3821
7095 2 2 0 7 4979 4980 3820
7096 2 2 0 7 4697 4699 4698
7097 2 2 0 7 2178 3247 2176
7098 2 2 0 7 2177 2179 2178
7099 2 2 0 7 3212 5163 5162
7100 2 2 0 7 4691 4693 4690
7101 2 2 0 7 3287 4692 4691
7102 2 2 0 7 4221 4222 3568
7103 2 2 0 7 3570 3571 3569
7104 2 2 0 7 2717 6451 2724
7105 2 2 0 7 2723 4906 2721
7106 2 2 0 7 2724 2725 2722
7107 2 2 0 7 4071 4495 4072
7108 2 2 0 7 3797 5454 4073
7109 2 2 0 7 1740 5169 5168
7110 2 2 0 7 2196 3666 2242
7111 2 2 0 7 3415 4929 4928
7112 2 2 0 7 4924 4925 2447
7113 2 2 0 7 2664 2665 2663
7114 2 2 0 7 3128 3555 3124
7115 2 2 0 7 3127 3129 3126
7116 2 2 0 7 3171 3173 3172
7117 2 2 0 7 3617 4227 3618
7118 2 2 0 7 7903 8118 6183
7119 2 2 0 7 6793 7838 1617
7120 2 2 0 7 5717 9042 5718
7121 2 2 0 7 2784 2785 2783
7122 2 2 0 7 2782 2854 2784
7123 2 2 0 7 3300 3301 3298
7124 2 2 0 7 5668 6411 5667
7125 2 2 0 7 2574 2580 2579
7126 2 2 0 7 2527 2528 2523
7127 2 2 0 7 2939 2981 2941
7128 2 2 0 7 2452 2453 2451
7129 2 2 0 7 2941 2942 2940
7130 2 2 0 7 5884 8121 7276
7131 2 2 0 7 3657 3659 3658
7132 2 2 0 7 3353 3355 3352
7133 2 2 0 7 5609 5610 3833
7134 2 2 0 7 3841 4146 3842
7135 2 2 0 7 3323 3324 3322
7136 2 2 0 7 4092 4482 3321
7137 2 2 0 7 2560 2561 2507
7138 2 2 0 7 2506 4481 2560
7139 2 2 0 7 2007 6332 6331
7140 2 2 0 7 3414 3628 3417
7141 2 2 0 7 2739 3502 2933
7142 2 2 0 7 2933 3424 2738
7143 2 2 0 7 4185 4186 4184
7144 2 2 0 7 4218 4219 4183
7145 2 2 0 7 4374 4375 3934
7146 2 2 0 7 3936 3937 3935
7147 2 2 0 7 3973 3974 3972
7148 2 2 0 7 3998 5474 5472
7149 2 2 0 7 2814 5913 2810
7150 2 2 0 7 2813 2816 2814
7151 2 2 0 7 2812 4512 2850
7152 2 2 0 7 5281 5828 5282
7153 2 2 0 7 4428 5725 4427
7154 2 2 0 7 3348 4538 2213
7155 2 2 0 7 2215 2216 2214
7156 2 2 0 7 3871 4167 3867
7157 2 2 0 7 2678 2680 2679
7158 2 2 0 7 2679 2889 2677
7159 2 2 0 7 4083 4380 3920
7160 2 2 0 7 3098 8572 3100
7161 2 2 0 7 6623 6737 6654
7162 2 2 0 7 6797 6810 6621
7163 2 2 0 7 1372 8495 7032
7164 2 2 0 7 6138 6439 6373
7165 2 2 0 7 6775 7790 1735
7166 2 2 0 7 6764 6766 6763
7167 2 2 0 7 4885 8760 6511
7168 2 2 0 7 5043 8625 8416
7169 2 2 0 7 6134 6721 6137
7170 2 2 0 7 3164 6727 3166
7171 2 2 0 7 2404 8378 289
7172 2 2 0 7 6771 6772 5422
7173 2 2 0 7 5642 9343 6377
7174 2 2 0 7 5085 8751 7878
7175 2 2 0 7 6241 7292 4656
7176 2 2 0 7 4656 7292 5049
7177 2 2 0 7 6301 8743 4689
7178 2 2 0 7 5197 6725 5894
7179 2 2 0 7 3111 6769 3113
7180 2 2 0 7 6601 6775 1840
7181 2 2 0 7 3194 3196 3195
7182 2 2 0 7 3527 3528 3526
7183 2 2 0 7 4193 4194 4190
7184 2 2 0 7 3616 4118 3533
7185 2 2 0 7 3899 5079 3897
7186 2 2 0 7 3898 3900 3899
7187 2 2 0 7 3960 3962 3961
7188 2 2 0 7 3985 3987 3986
7189 2 2 0 7 2295 3857 2300
7190 2 2 0 7 2237 6786 6507
7191 2 2 0 7 6274 7727 4217
7192 2 2 0 7 3309 9366 8343
7193 2 2 0 7 4171 9018 9017
7194 2 2 0 7 3096 6755 3098
7195 2 2 0 7 4549 6759 5315
7196 2 2 0 7 2187 6779 2200
7197 2 2 0 7 4140 6741 4144
7198 2 2 0 7 7885 9430 3632
7199 2 2 0 7 5524 9188 4557
7200 2 2 0 7 6688 6797 6621
7201 2 2 0 7 5422 6774 5809
7202 2 2 0 7 4016 9431 7886
7203 2 2 0 7 4686 8927 5040
7204 2 2 0 7 8325 8524 4606
7205 2 2 0 7 348 8392 6229
7206 2 2 0 7 2525 8392 347
7207 2 2 0 7 4956 6529 4368
7208 2 2 0 7 5715 7189 5351
7209 2 2 0 7 5351 7189 5353
7210 2 2 0 7 5485 9110 6227
7211 2 2 0 7 4696 8545 6396
7212 2 2 0 7 4919 6771 5422
7213 2 2 0 7 8498 9463 4346
7214 2 2 0 7 4046 6803 4043
7215 2 2 0 7 3506 6789 2308
7216 2 2 0 7 5021 6723 5020
7217 2 2 0 7 2305 6729 2303
7218 2 2 0 7 83 6814 82
7219 2 2 0 7 6178 8503 2450
7220 2 2 0 7 1567 1569 1568
7221 2 2 0 7 3281 3497 3496
7222 2 2 0 7 2156 2158 2157
7223 2 2 0 7 3496 7875 3279
7224 2 2 0 7 3282 3376 3375
7225 2 2 0 7 7966 7967 6041
7226 2 2 0 7 7292 7293 5049
7227 2 2 0 7 5369 6682 5368
7228 2 2 0 7 1363 6717 6715
7229 2 2 0 7 2764 6744 2762
7230 2 2 0 7 4216 6746 4421
7231 2 2 0 7 2845 6747 2852
7232 2 2 0 7 3058 6751 3056
7233 2 2 0 7 3403 6752 3404
7234 2 2 0 7 3458 6753 3457
7235 2 2 0 7 5 8683 231
7236 2 2 0 7 2987 6763 2989
7237 2 2 0 7 2864 7951 2862
7238 2 2 0 7 1601 6810 6797
7239 2 2 0 7 7921 9516 3929
7240 2 2 0 7 2724 7784 2726
7241 2 2 0 7 6530 6531 6075
7242 2 2 0 7 6152 6153 6150
7243 2 2 0 7 6016 6019 6018
7244 2 2 0 7 6165 6536 6295
7245 2 2 0 7 6018 6021 6017
7246 2 2 0 7 4920 6558 5585
7247 2 2 0 7 3155 3240 3239
7248 2 2 0 7 3239 3330 3154
7249 2 2 0 7 2985 2987 2986
7250 2 2 0 7 2714 2890 2715
7251 2 2 0 7 2751 2912 2752
7252 2 2 0 7 2752 3011 2750
7253 2 2 0 7 2251 2254 2253
7254 2 2 0 7 2272 2474 2473
7255 2 2 0 7 4947 5206 4948
7256 2 2 0 7 2427 4278 2424
7257 2 2 0 7 2435 2513 2436
7258 2 2 0 7 2426 2428 2427
7259 2 2 0 7 2168 2182 2169
7260 2 2 0 7 4078 4282 4080
7261 2 2 0 7 4933 6366 4934
7262 2 2 0 7 4080 4376 4079
7263 2 2 0 7 3002 3235 3234
7264 2 2 0 7 3623 3952 3951
7265 2 2 0 7 3847 4655 4012
7266 2 2 0 7 4004 4005 4002
7267 2 2 0 7 5980 6365 5978
7268 2 2 0 7 2895 2897 2896
7269 2 2 0 7 2685 2687 2686
7270 2 2 0 7 3777 4893 4892
7271 2 2 0 7 3776 4284 4101
7272 2 2 0 7 4101 4952 3881
7273 2 2 0 7 3889 3891 3890
7274 2 2 0 7 2742 2744 2649
7275 2 2 0 7 2650 2743 2742
7276 2 2 0 7 5318 5359 4450
7277 2 2 0 7 2479 2481 2480
7278 2 2 0 7 4672 4674 4673
7279 2 2 0 7 3674 4093 4032
7280 2 2 0 7 5116 5117 5115
7281 2 2 0 7 2932 3250 2864
7282 2 2 0 7 2931 3344 2932
7283 2 2 0 7 4014 5120 5116
7284 2 2 0 7 3236 4585 2959
7285 2 2 0 7 5129 5420 4590
7286 2 2 0 7 1717 1719 1718
7287 2 2 0 7 2617 2618 2612
7288 2 2 0 7 2610 2619 2609
7289 2 2 0 7 5774 8240 5858
7290 2 2 0 7 3463 6770 3461
7291 2 2 0 7 2757 2951 2756
7292 2 2 0 7 4939 4940 4938
7293 2 2 0 7 3670 4341 3669
7294 2 2 0 7 4035 4664 4034
7295 2 2 0 7 3584 5437 2907
7296 2 2 0 7 2993 5071 2992
7297 2 2 0 7 2165 2186 2167
7298 2 2 0 7 2167 2170 2166
7299 2 2 0 7 4067 4069 4068
7300 2 2 0 7 2177 3419 2179
7301 2 2 0 7 5163 5164 5162
7302 2 2 0 7 4691 4694 4693
7303 2 2 0 7 3570 3572 3571
7304 2 2 0 7 4221 4666 4222
7305 2 2 0 7 4495 4496 4072
7306 2 2 0 7 2724 2726 2725
7307 2 2 0 7 4929 4930 4928
7308 2 2 0 7 2665 2917 2663
7309 2 2 0 7 4924 4926 4925
7310 2 2 0 7 2664 2666 2665
7311 2 2 0 7 3127 3283 3129
7312 2 2 0 7 3171 3174 3173
7313 2 2 0 7 3617 4480 4227
7314 2 2 0 7 4227 4228 3618
7315 2 2 0 7 5393 7782 5902
7316 2 2 0 7 4941 6803 4046
7317 2 2 0 7 5366 8634 5928
7318 2 2 0 7 6788 7406 4989
7319 2 2 0 7 5156 8578 6673
7320 2 2 0 7 2784 2786 2785
7321 2 2 0 7 3300 3302 3301
7322 2 2 0 7 2580 2581 2579
7323 2 2 0 7 2574 2600 2580
7324 2 2 0 7 2528 2529 2523
7325 2 2 0 7 2527 2549 2528
7326 2 2 0 7 2941 2943 2942
7327 2 2 0 7 2452 2454 2453
7328 2 2 0 7 3659 3660 3658
7329 2 2 0 7 5609 5869 5610
7330 2 2 0 7 3353 3356 3355
7331 2 2 0 7 3841 4147 4146
7332 2 2 0 7 4092 4644 4482
7333 2 2 0 7 3628 3823 3417
7334 2 2 0 7 2933 3425 3424
7335 2 2 0 7 2739 3503 3502
7336 2 2 0 7 3936 3938 3937
7337 2 2 0 7 3973 3975 3974
7338 2 2 0 7 2816 2819 2814
7339 2 2 0 7 4428 5782 5725
7340 2 2 0 7 2215 2217 2216
7341 2 2 0 7 3871 4557 4167
7342 2 2 0 7 2680 2765 2679
7343 2 2 0 7 4083 4647 4380
7344 2 2 0 7 3169 7933 3171
7345 2 2 0 7 4758 8278 8172
7346 2 2 0 7 82 6814 1400
7347 2 2 0 7 1367 6814 83
7348 2 2 0 7 2561 6711 2507
7349 2 2 0 7 6772 6774 5422
7350 2 2 0 7 4043 6803 4041
7351 2 2 0 7 4294 8581 3653
7352 2 2 0 7 2308 6789 2306
7353 2 2 0 7 6601 6780 6775
7354 2 2 0 7 3196 3197 3195
7355 2 2 0 7 3194 3201 3196
7356 2 2 0 7 3527 3529 3528
7357 2 2 0 7 4194 4195 4190
7358 2 2 0 7 3616 4574 4118
7359 2 2 0 7 3898 3902 3900
7360 2 2 0 7 3899 5080 5079
7361 2 2 0 7 3960 4011 3962
7362 2 2 0 7 3985 3988 3987
7363 2 2 0 7 3857 3858 2300
7364 2 2 0 7 4186 7911 4184
7365 2 2 0 7 6581 8167 6130
7366 2 2 0 7 5183 6787 5184
7367 2 2 0 7 1414 8672 6298
7368 2 2 0 7 3015 6785 2975
7369 2 2 0 7 3848 8543 3130
7370 2 2 0 7 3376 3561 3375
7371 2 2 0 7 1567 1841 1569
7372 2 2 0 7 3281 3650 3497
7373 2 2 0 7 1569 1570 1568
7374 2 2 0 7 8343 9366 8624
7375 2 2 0 7 6021 6022 6017
7376 2 2 0 7 3155 3241 3240
7377 2 2 0 7 2714 3147 2890
7378 2 2 0 7 2987 2988 2986
7379 2 2 0 7 2890 2916 2715
7380 2 2 0 7 2912 2913 2752
7381 2 2 0 7 2985 3861 2987
7382 2 2 0 7 2751 3310 2912
7383 2 2 0 7 2254 2255 2253
7384 2 2 0 7 5206 5208 4948
7385 2 2 0 7 2513 2514 2436
7386 2 2 0 7 2428 2431 2427
7387 2 2 0 7 2168 2955 2182
7388 2 2 0 7 2182 2183 2169
7389 2 2 0 7 4933 8547 6366
7390 2 2 0 7 4282 4283 4080
7391 2 2 0 7 3235 3372 3234
7392 2 2 0 7 3952 3953 3951
7393 2 2 0 7 3623 4249 3952
7394 2 2 0 7 4655 4882 4012
7395 2 2 0 7 4004 4006 4005
7396 2 2 0 7 2897 2898 2896
7397 2 2 0 7 2687 2688 2686
7398 2 2 0 7 2685 3637 2687
7399 2 2 0 7 4101 4984 4952
7400 2 2 0 7 4893 4894 4892
7401 2 2 0 7 3891 3892 3890
7402 2 2 0 7 2650 3624 2743
7403 2 2 0 7 4674 4675 4673
7404 2 2 0 7 2479 4398 2481
7405 2 2 0 7 2481 2482 2480
7406 2 2 0 7 2931 3345 3344
7407 2 2 0 7 4093 4456 4032
7408 2 2 0 7 5116 5118 5117
7409 2 2 0 7 2932 3251 3250
7410 2 2 0 7 1719 1720 1718
7411 2 2 0 7 3469 6798 3466
7412 2 2 0 7 2617 2620 2618
7413 2 2 0 7 2618 4885 2612
7414 2 2 0 7 2610 2638 2619
7415 2 2 0 7 2757 2952 2951
7416 2 2 0 7 4940 5509 4938
7417 2 2 0 7 3670 4343 4341
7418 2 2 0 7 4664 4992 4034
7419 2 2 0 7 4035 4665 4664
7420 2 2 0 7 5071 6395 2992
7421 2 2 0 7 2167 2171 2170
7422 2 2 0 7 4069 4070 4068
7423 2 2 0 7 5164 5165 5162
7424 2 2 0 7 4694 4695 4693
7425 2 2 0 7 3572 3573 3571
7426 2 2 0 7 4666 4667 4222
7427 2 2 0 7 4221 4701 4666
7428 2 2 0 7 4496 5397 4072
7429 2 2 0 7 4930 5460 4928
7430 2 2 0 7 4924 5857 4926
7431 2 2 0 7 2666 2667 2665
7432 2 2 0 7 3283 3284 3129
7433 2 2 0 7 3127 3332 3283
7434 2 2 0 7 3174 3175 3173
7435 2 2 0 7 4227 4230 4228
7436 2 2 0 7 4228 4229 3618
7437 2 2 0 7 8155 8156 3512
7438 2 2 0 7 2786 2789 2785
7439 2 2 0 7 3302 3308 3301
7440 2 2 0 7 2581 2671 2579
7441 2 2 0 7 2580 2582 2581
7442 2 2 0 7 2527 2969 2549
7443 2 2 0 7 2528 2531 2529
7444 2 2 0 7 2943 2944 2942
7445 2 2 0 7 2454 2455 2453
7446 2 2 0 7 3659 4029 3660
7447 2 2 0 7 3660 4536 3658
7448 2 2 0 7 3356 3357 3355
7449 2 2 0 7 4147 4464 4146
7450 2 2 0 7 4092 5075 4644
7451 2 2 0 7 3823 4062 3417
7452 2 2 0 7 3503 4250 3502
7453 2 2 0 7 3938 3939 3937
7454 2 2 0 7 3973 4156 3975
7455 2 2 0 7 3975 3976 3974
7456 2 2 0 7 2816 2820 2819
7457 2 2 0 7 2217 2218 2216
7458 2 2 0 7 2680 2766 2765
7459 2 2 0 7 3871 5490 4557
7460 2 2 0 7 4083 5678 4647
7461 2 2 0 7 2071 7755 6810
7462 2 2 0 7 6780 7847 3687
7463 2 2 0 7 4614 6795 4616
7464 2 2 0 7 3197 3206 3195
7465 2 2 0 7 3201 3202 3196
7466 2 2 0 7 3529 3530 3528
7467 2 2 0 7 4194 4196 4195
7468 2 2 0 7 3616 5127 4574
7469 2 2 0 7 3902 3903 3900
7470 2 2 0 7 3988 3989 3987
7471 2 2 0 7 3858 4116 2300
7472 2 2 0 7 5878 9312 8512
7473 2 2 0 7 7783 9360 7782
7474 2 2 0 7 1590 8113 1592
7475 2 2 0 7 6810 7755 6621
7476 2 2 0 7 3466 6798 3465
7477 2 2 0 7 6780 7861 7847
7478 2 2 0 7 3376 3562 3561
7479 2 2 0 7 1569 1571 1570
7480 2 2 0 7 1570 1572 1568
7481 2 2 0 7 1390 8013 6987
7482 2 2 0 7 3333 6805 1593
7483 2 2 0 7 2071 6810 1610
7484 2 2 0 7 6210 8038 6799
7485 2 2 0 7 3241 3242 3240
7486 2 2 0 7 2890 2953 2916
7487 2 2 0 7 2916 2990 2715
7488 2 2 0 7 2912 2919 2913
7489 2 2 0 7 2987 2989 2988
7490 2 2 0 7 2254 2256 2255
7491 2 2 0 7 5206 5893 5208
7492 2 2 0 7 2514 2710 2436
7493 2 2 0 7 2428 2432 2431
7494 2 2 0 7 2183 2189 2169
7495 2 2 0 7 4282 4681 4283
7496 2 2 0 7 3372 3373 3234
7497 2 2 0 7 3952 3954 3953
7498 2 2 0 7 4882 4883 4012
7499 2 2 0 7 4006 4008 4005
7500 2 2 0 7 2898 3260 2896
7501 2 2 0 7 2897 2899 2898
7502 2 2 0 7 2688 2689 2686
7503 2 2 0 7 3637 3766 2687
7504 2 2 0 7 4893 4895 4894
7505 2 2 0 7 3892 3948 3890
7506 2 2 0 7 3891 3893 3892
7507 2 2 0 7 3251 3457 3250
7508 2 2 0 7 4456 5194 4032
7509 2 2 0 7 5118 5119 5117
7510 2 2 0 7 2481 2483 2482
7511 2 2 0 7 4674 4676 4675
7512 2 2 0 7 1719 1721 1720
7513 2 2 0 7 2610 2652 2638
7514 2 2 0 7 2638 2639 2619
7515 2 2 0 7 2620 2621 2618
7516 2 2 0 7 6450 7840 2384
7517 2 2 0 7 2757 3238 2952
7518 2 2 0 7 2952 2964 2951
7519 2 2 0 7 4343 4563 4341
7520 2 2 0 7 3670 4344 4343
7521 2 2 0 7 4035 5533 4665
7522 2 2 0 7 4069 4443 4070
7523 2 2 0 7 4070 4492 4068
7524 2 2 0 7 4667 5573 4222
7525 2 2 0 7 3573 3591 3571
7526 2 2 0 7 4496 5398 5397
7527 2 2 0 7 3283 3564 3284
7528 2 2 0 7 3174 3176 3175
7529 2 2 0 7 4230 4231 4228
7530 2 2 0 7 2786 2790 2789
7531 2 2 0 7 3302 3309 3308
7532 2 2 0 7 3308 3611 3301
7533 2 2 0 7 2582 2583 2581
7534 2 2 0 7 2969 2970 2549
7535 2 2 0 7 2531 2532 2529
7536 2 2 0 7 2455 2466 2453
7537 2 2 0 7 2454 2456 2455
7538 2 2 0 7 2943 2945 2944
7539 2 2 0 7 4029 4030 3660
7540 2 2 0 7 3356 3358 3357
7541 2 2 0 7 4147 4465 4464
7542 2 2 0 7 3823 4239 4062
7543 2 2 0 7 3503 4432 4250
7544 2 2 0 7 3938 3941 3939
7545 2 2 0 7 3975 3977 3976
7546 2 2 0 7 2816 3217 2820
7547 2 2 0 7 2820 2821 2819
7548 2 2 0 7 2218 2219 2216
7549 2 2 0 7 2680 2767 2766
7550 2 2 0 7 3115 8587 3117
7551 2 2 0 7 1671 6806 1682
7552 2 2 0 7 4194 4197 4196
7553 2 2 0 7 3903 3904 3900
7554 2 2 0 7 3989 3990 3987
7555 2 2 0 7 3858 4117 4116
7556 2 2 0 7 1593 6805 1591
7557 2 2 0 7 6804 6806 1620
7558 2 2 0 7 1620 6806 1671
7559 2 2 0 7 1571 1577 1570
7560 2 2 0 7 3562 3789 3561
7561 2 2 0 7 1615 6804 1620
7562 2 2 0 7 3241 3243 3242
7563 2 2 0 7 2919 2920 2913
7564 2 2 0 7 2916 2991 2990
7565 2 2 0 7 2254 2442 2256
7566 2 2 0 7 2256 2257 2255
7567 2 2 0 7 5893 6640 5208
7568 2 2 0 7 2432 2433 2431
7569 2 2 0 7 2514 4680 2710
7570 2 2 0 7 2183 2190 2189
7571 2 2 0 7 4681 4682 4283
7572 2 2 0 7 3954 3955 3953
7573 2 2 0 7 4882 5769 4883
7574 2 2 0 7 4006 4009 4008
7575 2 2 0 7 2897 3505 2899
7576 2 2 0 7 2899 2900 2898
7577 2 2 0 7 2688 2690 2689
7578 2 2 0 7 3637 4279 3766
7579 2 2 0 7 4895 4896 4894
7580 2 2 0 7 3893 3894 3892
7581 2 2 0 7 4674 5435 4676
7582 2 2 0 7 4456 5812 5194
7583 2 2 0 7 2483 2484 2482
7584 2 2 0 7 3457 4148 3250
7585 2 2 0 7 5119 6255 5117
7586 2 2 0 7 5118 5356 5119
7587 2 2 0 7 3251 3458 3457
7588 2 2 0 7 1721 1722 1720
7589 2 2 0 7 2620 2622 2621
7590 2 2 0 7 2652 2653 2638
7591 2 2 0 7 2952 2965 2964
7592 2 2 0 7 5533 5534 4665
7593 2 2 0 7 4344 4345 4343
7594 2 2 0 7 4070 4493 4492
7595 2 2 0 7 5398 5886 5397
7596 2 2 0 7 3176 3177 3175
7597 2 2 0 7 3174 5497 3176
7598 2 2 0 7 4230 4232 4231
7599 2 2 0 7 2790 2791 2789
7600 2 2 0 7 3309 3629 3308
7601 2 2 0 7 2582 2584 2583
7602 2 2 0 7 2970 3831 2549
7603 2 2 0 7 2531 2533 2532
7604 2 2 0 7 2969 4506 2970
7605 2 2 0 7 2945 2948 2944
7606 2 2 0 7 2456 2458 2455
7607 2 2 0 7 2943 3019 2945
7608 2 2 0 7 4029 4601 4030
7609 2 2 0 7 3358 3359 3357
7610 2 2 0 7 3356 4444 3358
7611 2 2 0 7 4465 4466 4464
7612 2 2 0 7 4239 4559 4062
7613 2 2 0 7 4432 4660 4250
7614 2 2 0 7 3941 3942 3939
7615 2 2 0 7 3977 3978 3976
7616 2 2 0 7 2820 2822 2821
7617 2 2 0 7 2821 2833 2819
7618 2 2 0 7 2218 2220 2219
7619 2 2 0 7 2767 2768 2766
7620 2 2 0 7 6823 7743 5216
7621 2 2 0 7 4876 7755 4877
7622 2 2 0 7 3818 6807 4591
7623 2 2 0 7 4197 4198 4196
7624 2 2 0 7 3903 3905 3904
7625 2 2 0 7 3989 3991 3990
7626 2 2 0 7 4117 4379 4116
7627 2 2 0 7 4877 6823 5216
7628 2 2 0 7 6809 7743 6823
7629 2 2 0 7 6809 6823 2071
7630 2 2 0 7 3789 4688 3561
7631 2 2 0 7 1571 1578 1577
7632 2 2 0 7 3562 3790 3789
7633 2 2 0 7 4877 7755 6823
7634 2 2 0 7 1616 6809 2071
7635 2 2 0 7 3243 3244 3242
7636 2 2 0 7 2919 2921 2920
7637 2 2 0 7 2256 2258 2257
7638 2 2 0 7 2432 2434 2433
7639 2 2 0 7 2433 2440 2431
7640 2 2 0 7 2190 2984 2189
7641 2 2 0 7 2183 2191 2190
7642 2 2 0 7 4682 4683 4283
7643 2 2 0 7 3954 3956 3955
7644 2 2 0 7 5769 5770 4883
7645 2 2 0 7 4009 4404 4008
7646 2 2 0 7 4006 4458 4009
7647 2 2 0 7 3505 3585 2899
7648 2 2 0 7 3637 5320 4279
7649 2 2 0 7 2688 2692 2690
7650 2 2 0 7 4279 4640 3766
7651 2 2 0 7 2690 2691 2689
7652 2 2 0 7 3457 4285 4148
7653 2 2 0 7 4895 5467 4896
7654 2 2 0 7 5435 5436 4676
7655 2 2 0 7 2484 2554 2482
7656 2 2 0 7 5356 5357 5119
7657 2 2 0 7 1721 1723 1722
7658 2 2 0 7 2622 2623 2621
7659 2 2 0 7 5212 7725 7720
7660 2 2 0 7 2965 2966 2964
7661 2 2 0 7 5533 5537 5534
7662 2 2 0 7 5534 5535 4665
7663 2 2 0 7 3176 3179 3177
7664 2 2 0 7 4232 4514 4231
7665 2 2 0 7 2791 2858 2789
7666 2 2 0 7 2790 2792 2791
7667 2 2 0 7 2584 2585 2583
7668 2 2 0 7 2533 2534 2532
7669 2 2 0 7 2969 5192 4506
7670 2 2 0 7 2945 2949 2948
7671 2 2 0 7 2456 2459 2458
7672 2 2 0 7 4601 4602 4030
7673 2 2 0 7 3358 3612 3359
7674 2 2 0 7 4465 4467 4466
7675 2 2 0 7 4466 5697 4464
7676 2 2 0 7 4239 4560 4559
7677 2 2 0 7 4559 5087 4062
7678 2 2 0 7 4660 6669 4250
7679 2 2 0 7 3942 3946 3939
7680 2 2 0 7 3977 3979 3978
7681 2 2 0 7 2822 2823 2821
7682 2 2 0 7 2218 2221 2220
7683 2 2 0 7 2768 2769 2766
7684 2 2 0 7 4710 6822 6821
7685 2 2 0 7 4710 7720 6822
7686 2 2 0 7 2109 6821 1739
7687 2 2 0 7 2312 8588 2310
7688 2 2 0 7 4198 4199 4196
7689 2 2 0 7 3905 3906 3904
7690 2 2 0 7 3989 3993 3991
7691 2 2 0 7 4117 5016 4379
7692 2 2 0 7 7720 7725 4298
7693 2 2 0 7 5212 7720 4710
7694 2 2 0 7 4710 6821 2109
7695 2 2 0 7 3851 6815 5151
7696 2 2 0 7 6878 7743 4711
7697 2 2 0 7 1571 6684 1578
7698 2 2 0 7 3790 4533 3789
7699 2 2 0 7 1739 6821 1736
7700 2 2 0 7 6621 7755 4876
7701 2 2 0 7 3243 3403 3244
7702 2 2 0 7 2921 2922 2920
7703 2 2 0 7 2258 2260 2257
7704 2 2 0 7 2433 2441 2440
7705 2 2 0 7 2432 2508 2434
7706 2 2 0 7 2191 2192 2190
7707 2 2 0 7 2984 4154 2189
7708 2 2 0 7 4682 4997 4683
7709 2 2 0 7 4009 4405 4404
7710 2 2 0 7 5435 5439 5436
7711 2 2 0 7 4640 5287 3766
7712 2 2 0 7 2692 2693 2690
7713 2 2 0 7 2691 4990 2689
7714 2 2 0 7 4895 5508 5467
7715 2 2 0 7 2484 2555 2554
7716 2 2 0 7 5356 5790 5357
7717 2 2 0 7 1723 1724 1722
7718 2 2 0 7 1721 1725 1723
7719 2 2 0 7 2623 2624 2621
7720 2 2 0 7 2965 2967 2966
7721 2 2 0 7 5534 5536 5535
7722 2 2 0 7 3179 3180 3177
7723 2 2 0 7 4232 4515 4514
7724 2 2 0 7 2792 2793 2791
7725 2 2 0 7 2584 2586 2585
7726 2 2 0 7 2534 2567 2532
7727 2 2 0 7 2949 3003 2948
7728 2 2 0 7 2533 2535 2534
7729 2 2 0 7 2459 2460 2458
7730 2 2 0 7 5192 5193 4506
7731 2 2 0 7 4601 5469 4602
7732 2 2 0 7 4602 4603 4030
7733 2 2 0 7 3612 3853 3359
7734 2 2 0 7 4466 5698 5697
7735 2 2 0 7 4465 4509 4467
7736 2 2 0 7 4239 5137 4560
7737 2 2 0 7 3942 3947 3946
7738 2 2 0 7 2822 2825 2823
7739 2 2 0 7 2221 2222 2220
7740 2 2 0 7 2768 2774 2769
7741 2 2 0 7 1678 6831 1672
7742 2 2 0 7 3849 6815 3851
7743 2 2 0 7 4711 7743 6831
7744 2 2 0 7 4198 4200 4199
7745 2 2 0 7 3906 4605 3904
7746 2 2 0 7 3905 3907 3906
7747 2 2 0 7 3993 3994 3991
7748 2 2 0 7 5016 5019 4379
7749 2 2 0 7 5216 7743 6878
7750 2 2 0 7 4711 6831 1678
7751 2 2 0 7 4429 6818 4049
7752 2 2 0 7 4257 6813 4255
7753 2 2 0 7 3790 4534 4533
7754 2 2 0 7 1672 6831 1621
7755 2 2 0 7 2921 3063 2922
7756 2 2 0 7 3403 3404 3244
7757 2 2 0 7 2922 3017 2920
7758 2 2 0 7 3243 3418 3403
7759 2 2 0 7 2258 2261 2260
7760 2 2 0 7 2508 2509 2434
7761 2 2 0 7 4682 4998 4997
7762 2 2 0 7 4997 5314 4683
7763 2 2 0 7 4405 4406 4404
7764 2 2 0 7 2692 2694 2693
7765 2 2 0 7 2691 5066 4990
7766 2 2 0 7 5790 5880 5357
7767 2 2 0 7 5439 7628 5436
7768 2 2 0 7 1725 1726 1723
7769 2 2 0 7 7250 7732 2142
7770 2 2 0 7 2623 2625 2624
7771 2 2 0 7 2965 2994 2967
7772 2 2 0 7 2967 2968 2966
7773 2 2 0 7 3179 3182 3180
7774 2 2 0 7 4515 5028 4514
7775 2 2 0 7 2792 2794 2793
7776 2 2 0 7 2584 2599 2586
7777 2 2 0 7 2586 2587 2585
7778 2 2 0 7 2459 2461 2460
7779 2 2 0 7 2949 3004 3003
7780 2 2 0 7 2535 2536 2534
7781 2 2 0 7 2533 2537 2535
7782 2 2 0 7 5192 5376 5193
7783 2 2 0 7 6975 7717 6973
7784 2 2 0 7 4602 4604 4603
7785 2 2 0 7 3612 4470 3853
7786 2 2 0 7 3947 4134 3946
7787 2 2 0 7 2825 2826 2823
7788 2 2 0 7 2222 2223 2220
7789 2 2 0 7 2774 2775 2769
7790 2 2 0 7 5670 7717 6975
7791 2 2 0 7 1830 7733 1835
7792 2 2 0 7 2072 7737 7726
7793 2 2 0 7 1903 7104 2002
7794 2 2 0 7 2100 7103 6824
7795 2 2 0 7 1986 6881 1898
7796 2 2 0 7 4049 6818 4047
7797 2 2 0 7 6824 7103 6825
7798 2 2 0 7 6828 7730 6850
7799 2 2 0 7 4200 4201 4199
7800 2 2 0 7 3906 4606 4605
7801 2 2 0 7 3905 3908 3907
7802 2 2 0 7 3993 3995 3994
7803 2 2 0 7 5019 5423 4379
7804 2 2 0 7 3692 6828 6827
7805 2 2 0 7 7071 7072 1865
7806 2 2 0 7 2142 7732 6850
7807 2 2 0 7 1829 7071 1865
7808 2 2 0 7 6850 7730 2142
7809 2 2 0 7 1865 7072 6830
7810 2 2 0 7 6973 7717 4300
7811 2 2 0 7 1835 7104 1903
7812 2 2 0 7 2002 7104 7103
7813 2 2 0 7 4764 7307 4774
7814 2 2 0 7 7717 7721 4300
7815 2 2 0 7 3692 6881 6828
7816 2 2 0 7 6827 6846 3692
7817 2 2 0 7 4300 7721 5209
7818 2 2 0 7 2024 6881 1986
7819 2 2 0 7 1898 6881 3692
7820 2 2 0 7 5212 7731 7725
7821 2 2 0 7 1832 7071 1829
7822 2 2 0 7 5211 7051 7049
7823 2 2 0 7 4534 5882 4533
7824 2 2 0 7 7721 7722 5209
7825 2 2 0 7 5209 7722 6824
7826 2 2 0 7 1835 7733 7104
7827 2 2 0 7 6826 7071 1832
7828 2 2 0 7 6829 7731 5212
7829 2 2 0 7 4776 7050 4778
7830 2 2 0 7 2922 3018 3017
7831 2 2 0 7 3418 4120 3403
7832 2 2 0 7 2261 2263 2260
7833 2 2 0 7 2508 2645 2509
7834 2 2 0 7 4998 4999 4997
7835 2 2 0 7 5314 5498 4683
7836 2 2 0 7 4405 4407 4406
7837 2 2 0 7 2691 5067 5066
7838 2 2 0 7 5880 5881 5357
7839 2 2 0 7 2694 2696 2693
7840 2 2 0 7 2623 2626 2625
7841 2 2 0 7 2625 2627 2624
7842 2 2 0 7 7103 7104 6825
7843 2 2 0 7 4805 7726 6819
7844 2 2 0 7 1832 7307 6826
7845 2 2 0 7 4805 7732 7250
7846 2 2 0 7 6851 7704 2013
7847 2 2 0 7 3470 6816 3469
7848 2 2 0 7 2994 2995 2967
7849 2 2 0 7 3182 3183 3180
7850 2 2 0 7 3179 3522 3182
7851 2 2 0 7 5028 5099 4514
7852 2 2 0 7 6824 7722 2100
7853 2 2 0 7 2794 2798 2793
7854 2 2 0 7 2792 2886 2794
7855 2 2 0 7 2587 2719 2585
7856 2 2 0 7 2586 2588 2587
7857 2 2 0 7 2949 3006 3004
7858 2 2 0 7 2461 2462 2460
7859 2 2 0 7 2537 2538 2535
7860 2 2 0 7 5376 5377 5193
7861 2 2 0 7 7049 7050 5211
7862 2 2 0 7 3612 4471 4470
7863 2 2 0 7 3947 4135 4134
7864 2 2 0 7 4134 4567 3946
7865 2 2 0 7 2825 2827 2826
7866 2 2 0 7 2222 2224 2223
7867 2 2 0 7 2774 2923 2775
7868 2 2 0 7 2775 3077 2769
7869 2 2 0 7 7726 7737 6819
7870 2 2 0 7 6826 7307 4764
7871 2 2 0 7 4774 7307 5211
7872 2 2 0 7 1837 6846 1799
7873 2 2 0 7 6819 7732 4805
7874 2 2 0 7 5211 7307 7051
7875 2 2 0 7 5211 7050 4776
7876 2 2 0 7 6836 6846 6827
7877 2 2 0 7 4259 6820 4652
7878 2 2 0 7 4201 4500 4199
7879 2 2 0 7 4200 4202 4201
7880 2 2 0 7 3993 4983 3995
7881 2 2 0 7 3908 3910 3907
7882 2 2 0 7 5019 6483 5423
7883 2 2 0 7 3995 3996 3994
7884 2 2 0 7 4778 7723 7714
7885 2 2 0 7 1865 7733 1830
7886 2 2 0 7 6835 7704 6851
7887 2 2 0 7 7050 7704 4778
7888 2 2 0 7 2013 7704 7050
7889 2 2 0 7 1705 6840 1687
7890 2 2 0 7 2117 6841 6840
7891 2 2 0 7 2117 6865 6841
7892 2 2 0 7 1768 6867 1746
7893 2 2 0 7 3692 6846 1837
7894 2 2 0 7 1799 6846 1773
7895 2 2 0 7 1773 6846 6836
7896 2 2 0 7 4534 5883 5882
7897 2 2 0 7 1773 6836 1749
7898 2 2 0 7 3018 3377 3017
7899 2 2 0 7 2261 2264 2263
7900 2 2 0 7 2508 4422 2645
7901 2 2 0 7 4998 5000 4999
7902 2 2 0 7 4405 4408 4407
7903 2 2 0 7 2694 2697 2696
7904 2 2 0 7 5067 5636 5066
7905 2 2 0 7 2625 2628 2627
7906 2 2 0 7 2627 3070 2624
7907 2 2 0 7 2994 3253 2995
7908 2 2 0 7 3182 3204 3183
7909 2 2 0 7 2794 2799 2798
7910 2 2 0 7 2588 2589 2587
7911 2 2 0 7 3006 3007 3004
7912 2 2 0 7 5376 5528 5377
7913 2 2 0 7 2462 2465 2460
7914 2 2 0 7 2461 2463 2462
7915 2 2 0 7 2537 2540 2538
7916 2 2 0 7 2117 6840 1705
7917 2 2 0 7 4471 4537 4470
7918 2 2 0 7 3947 4353 4135
7919 2 2 0 7 2827 2828 2826
7920 2 2 0 7 2825 2830 2827
7921 2 2 0 7 1687 6840 6833
7922 2 2 0 7 2224 2225 2223
7923 2 2 0 7 2775 3587 3077
7924 2 2 0 7 2774 3514 2923
7925 2 2 0 7 1677 6833 3688
7926 2 2 0 7 1822 6867 1768
7927 2 2 0 7 1746 6867 2117
7928 2 2 0 7 4707 6836 6827
7929 2 2 0 7 6833 6834 3688
7930 2 2 0 7 4201 4555 4500
7931 2 2 0 7 4200 4203 4202
7932 2 2 0 7 3995 4145 3996
7933 2 2 0 7 5019 6518 6483
7934 2 2 0 7 6483 6781 5423
7935 2 2 0 7 3996 4643 3994
7936 2 2 0 7 3910 3911 3907
7937 2 2 0 7 7051 7307 1832
7938 2 2 0 7 3472 6832 3475
7939 2 2 0 7 6865 7713 4780
7940 2 2 0 7 6867 7713 6865
7941 2 2 0 7 7584 7713 1822
7942 2 2 0 7 4338 7734 7092
7943 2 2 0 7 1676 6833 1677
7944 2 2 0 7 1750 6836 4707
7945 2 2 0 7 3377 3770 3017
7946 2 2 0 7 2261 2265 2264
7947 2 2 0 7 4422 4423 2645
7948 2 2 0 7 5000 5001 4999
7949 2 2 0 7 4408 4409 4407
7950 2 2 0 7 2694 2702 2697
7951 2 2 0 7 5067 5637 5636
7952 2 2 0 7 2697 2698 2696
7953 2 2 0 7 3477 6837 3474
7954 2 2 0 7 2628 2629 2627
7955 2 2 0 7 3253 3254 2995
7956 2 2 0 7 2799 2800 2798
7957 2 2 0 7 2588 2590 2589
7958 2 2 0 7 2463 2468 2462
7959 2 2 0 7 2540 2541 2538
7960 2 2 0 7 5528 5529 5377
7961 2 2 0 7 3007 3055 3004
7962 2 2 0 7 4471 4973 4537
7963 2 2 0 7 4537 5620 4470
7964 2 2 0 7 4353 4354 4135
7965 2 2 0 7 2828 2844 2826
7966 2 2 0 7 2830 2831 2827
7967 2 2 0 7 2224 2228 2225
7968 2 2 0 7 3514 3515 2923
7969 2 2 0 7 4050 5931 4052
7970 2 2 0 7 6835 6851 6845
7971 2 2 0 7 6834 6835 3688
7972 2 2 0 7 4203 4204 4202
7973 2 2 0 7 4145 4226 3996
7974 2 2 0 7 6781 6782 5423
7975 2 2 0 7 3910 3912 3911
7976 2 2 0 7 6833 6840 6834
7977 2 2 0 7 6835 6845 3688
7978 2 2 0 7 3474 6837 3473
7979 2 2 0 7 4390 6838 4053
7980 2 2 0 7 7714 7723 6841
7981 2 2 0 7 2265 2266 2264
7982 2 2 0 7 4422 4661 4423
7983 2 2 0 7 5000 5002 5001
7984 2 2 0 7 4409 4410 4407
7985 2 2 0 7 5067 5638 5637
7986 2 2 0 7 2698 2699 2696
7987 2 2 0 7 4408 4414 4409
7988 2 2 0 7 2697 2700 2698
7989 2 2 0 7 2628 2630 2629
7990 2 2 0 7 3254 3255 2995
7991 2 2 0 7 2590 2592 2589
7992 2 2 0 7 2799 2801 2800
7993 2 2 0 7 2463 2469 2468
7994 2 2 0 7 2800 2856 2798
7995 2 2 0 7 2540 2542 2541
7996 2 2 0 7 5528 8005 5529
7997 2 2 0 7 3007 3056 3055
7998 2 2 0 7 4973 4974 4537
7999 2 2 0 7 4354 4355 4135
8000 2 2 0 7 4353 5321 4354
8001 2 2 0 7 2828 2845 2844
8002 2 2 0 7 2830 2834 2831
8003 2 2 0 7 2224 2229 2228
8004 2 2 0 7 2228 2235 2225
8005 2 2 0 7 3515 3540 2923
8006 2 2 0 7 1800 6842 1900
8007 2 2 0 7 5214 6843 4708
8008 2 2 0 7 4053 6838 4051
8009 2 2 0 7 4204 4205 4202
8010 2 2 0 7 3912 3913 3911
8011 2 2 0 7 4145 4269 4226
8012 2 2 0 7 6842 6847 1900
8013 2 2 0 7 1775 6842 1800
8014 2 2 0 7 4708 6843 3454
8015 2 2 0 7 2265 2268 2266
8016 2 2 0 7 4661 4702 4423
8017 2 2 0 7 4422 4881 4661
8018 2 2 0 7 6840 6841 6834
8019 2 2 0 7 5002 5107 5001
8020 2 2 0 7 2700 2703 2698
8021 2 2 0 7 5638 5721 5637
8022 2 2 0 7 4409 4411 4410
8023 2 2 0 7 2630 2631 2629
8024 2 2 0 7 2799 2849 2801
8025 2 2 0 7 3056 3296 3055
8026 2 2 0 7 2801 2802 2800
8027 2 2 0 7 2469 2487 2468
8028 2 2 0 7 3007 3057 3056
8029 2 2 0 7 2542 2546 2541
8030 2 2 0 7 2540 2556 2542
8031 2 2 0 7 2590 2593 2592
8032 2 2 0 7 4354 4356 4355
8033 2 2 0 7 2828 3762 2845
8034 2 2 0 7 2845 2851 2844
8035 2 2 0 7 2834 2842 2831
8036 2 2 0 7 2229 2230 2228
8037 2 2 0 7 1681 6845 1690
8038 2 2 0 7 4204 4206 4205
8039 2 2 0 7 3912 3914 3913
8040 2 2 0 7 4269 4561 4226
8041 2 2 0 7 6845 6851 1690
8042 2 2 0 7 1679 6845 1681
8043 2 2 0 7 4709 6843 6829
8044 2 2 0 7 5504 7165 6892
8045 2 2 0 7 2268 2270 2266
8046 2 2 0 7 4411 4412 4410
8047 2 2 0 7 2700 2704 2703
8048 2 2 0 7 5002 5108 5107
8049 2 2 0 7 5107 5128 5001
8050 2 2 0 7 5721 5722 5637
8051 2 2 0 7 2630 2632 2631
8052 2 2 0 7 2631 2634 2629
8053 2 2 0 7 6892 7165 6890
8054 2 2 0 7 2546 2547 2541
8055 2 2 0 7 3296 3513 3055
8056 2 2 0 7 3057 3058 3056
8057 2 2 0 7 2801 2803 2802
8058 2 2 0 7 2469 2488 2487
8059 2 2 0 7 2487 3050 2468
8060 2 2 0 7 2593 2595 2592
8061 2 2 0 7 2542 2548 2546
8062 2 2 0 7 6888 6889 3768
8063 2 2 0 7 6889 6890 3768
8064 2 2 0 7 4356 4357 4355
8065 2 2 0 7 2834 2843 2842
8066 2 2 0 7 2845 2852 2851
8067 2 2 0 7 2229 2231 2230
8068 2 2 0 7 6868 6878 4711
8069 2 2 0 7 2000 6847 2107
8070 2 2 0 7 1900 6847 2000
8071 2 2 0 7 4561 4887 4226
8072 2 2 0 7 3914 3915 3913
8073 2 2 0 7 4269 4562 4561
8074 2 2 0 7 4206 4207 4205
8075 2 2 0 7 3072 6888 3768
8076 2 2 0 7 6890 7165 3768
8077 2 2 0 7 6886 6887 4301
8078 2 2 0 7 6887 6888 4301
8079 2 2 0 7 7436 7689 7435
8080 2 2 0 7 4715 6890 6889
8081 2 2 0 7 4715 6891 6890
8082 2 2 0 7 4873 7689 7436
8083 2 2 0 7 4301 6888 3072
8084 2 2 0 7 1680 6868 4711
8085 2 2 0 7 4301 6950 6886
8086 2 2 0 7 2268 2274 2270
8087 2 2 0 7 2704 2711 2703
8088 2 2 0 7 4411 4413 4412
8089 2 2 0 7 5217 6888 6887
8090 2 2 0 7 5651 6894 4713
8091 2 2 0 7 4803 7303 6858
8092 2 2 0 7 2631 4566 2634
8093 2 2 0 7 2630 2633 2632
8094 2 2 0 7 4803 7696 4718
8095 2 2 0 7 1943 7679 7304
8096 2 2 0 7 7435 7689 4113
8097 2 2 0 7 5217 6889 6888
8098 2 2 0 7 2487 3051 3050
8099 2 2 0 7 2595 2601 2592
8100 2 2 0 7 2546 2550 2547
8101 2 2 0 7 2469 2493 2488
8102 2 2 0 7 4356 4358 4357
8103 2 2 0 7 2843 2846 2842
8104 2 2 0 7 2834 2857 2843
8105 2 2 0 7 2229 3054 2231
8106 2 2 0 7 2231 2232 2230
8107 2 2 0 7 5279 7679 7675
8108 2 2 0 7 1690 6851 1708
8109 2 2 0 7 1708 6851 2013
8110 2 2 0 7 1985 6950 2039
8111 2 2 0 7 7303 7679 6858
8112 2 2 0 7 1747 6853 1796
8113 2 2 0 7 1632 6883 6852
8114 2 2 0 7 6852 6884 1632
8115 2 2 0 7 5651 6895 6894
8116 2 2 0 7 7436 7693 4873
8117 2 2 0 7 6858 7696 4803
8118 2 2 0 7 4206 4208 4207
8119 2 2 0 7 3915 3950 3913
8120 2 2 0 7 4713 6894 4715
8121 2 2 0 7 4562 4685 4561
8122 2 2 0 7 4207 4217 4205
8123 2 2 0 7 1633 6884 1636
8124 2 2 0 7 7693 7694 7304
8125 2 2 0 7 4286 7078 3771
8126 2 2 0 7 6853 6854 1796
8127 2 2 0 7 6856 6859 4303
8128 2 2 0 7 7304 7694 1943
8129 2 2 0 7 6847 7700 2107
8130 2 2 0 7 5068 7079 7078
8131 2 2 0 7 4303 6859 4302
8132 2 2 0 7 1632 6884 1633
8133 2 2 0 7 7436 7694 7693
8134 2 2 0 7 7304 7679 7303
8135 2 2 0 7 6891 6892 6890
8136 2 2 0 7 4715 6894 6891
8137 2 2 0 7 6929 7695 4794
8138 2 2 0 7 4209 7699 4207
8139 2 2 0 7 1629 6883 1632
8140 2 2 0 7 7675 7679 1943
8141 2 2 0 7 6858 7679 5279
8142 2 2 0 7 7150 7687 4719
8143 2 2 0 7 6859 6861 4302
8144 2 2 0 7 4303 6866 6856
8145 2 2 0 7 4351 6862 4057
8146 2 2 0 7 4715 6889 4712
8147 2 2 0 7 4712 6889 5217
8148 2 2 0 7 2039 6950 4301
8149 2 2 0 7 6886 6950 6849
8150 2 2 0 7 1897 6950 1985
8151 2 2 0 7 6861 6972 4719
8152 2 2 0 7 6849 6950 1897
8153 2 2 0 7 4719 7687 6861
8154 2 2 0 7 6860 6883 1628
8155 2 2 0 7 1836 6849 1897
8156 2 2 0 7 1706 6853 1747
8157 2 2 0 7 6864 7687 7150
8158 2 2 0 7 6864 7150 3691
8159 2 2 0 7 5215 6887 6886
8160 2 2 0 7 4875 6850 5213
8161 2 2 0 7 1628 6883 1629
8162 2 2 0 7 3771 7078 4303
8163 2 2 0 7 5068 7078 4286
8164 2 2 0 7 2274 2275 2270
8165 2 2 0 7 6859 6972 6861
8166 2 2 0 7 4413 4415 4412
8167 2 2 0 7 3691 7669 6864
8168 2 2 0 7 2704 2712 2711
8169 2 2 0 7 2633 2635 2632
8170 2 2 0 7 1628 6882 6860
8171 2 2 0 7 6884 6929 1636
8172 2 2 0 7 4762 7669 3691
8173 2 2 0 7 2493 2494 2488
8174 2 2 0 7 2846 2847 2842
8175 2 2 0 7 2231 2233 2232
8176 2 2 0 7 2843 2848 2846
8177 2 2 0 7 2232 3384 2230
8178 2 2 0 7 5215 6886 6885
8179 2 2 0 7 4358 4359 4357
8180 2 2 0 7 6884 7695 6929
8181 2 2 0 7 3432 6868 1802
8182 2 2 0 7 2111 7133 6882
8183 2 2 0 7 6887 7271 5217
8184 2 2 0 7 2084 6885 1993
8185 2 2 0 7 7324 7688 1761
8186 2 2 0 7 1943 7694 1942
8187 2 2 0 7 4057 6862 4055
8188 2 2 0 7 1623 6848 1618
8189 2 2 0 7 6852 6883 5219
8190 2 2 0 7 5219 6883 6860
8191 2 2 0 7 4208 4209 4207
8192 2 2 0 7 5215 7271 6887
8193 2 2 0 7 4562 4686 4685
8194 2 2 0 7 4718 7696 5221
8195 2 2 0 7 6854 6855 1796
8196 2 2 0 7 6970 7669 4762
8197 2 2 0 7 6891 6893 6892
8198 2 2 0 7 3432 6878 6868
8199 2 2 0 7 1741 6995 1704
8200 2 2 0 7 6882 7133 6860
8201 2 2 0 7 5215 6885 2084
8202 2 2 0 7 6856 6866 6857
8203 2 2 0 7 2117 6867 6865
8204 2 2 0 7 1822 7713 6867
8205 2 2 0 7 2111 6882 1624
8206 2 2 0 7 7066 7695 5221
8207 2 2 0 7 1993 6885 1838
8208 2 2 0 7 6861 7014 4302
8209 2 2 0 7 4818 7669 6970
8210 2 2 0 7 1802 6868 1686
8211 2 2 0 7 1761 7688 6995
8212 2 2 0 7 3285 7684 7025
8213 2 2 0 7 2275 2276 2270
8214 2 2 0 7 1769 7016 1795
8215 2 2 0 7 2712 2745 2711
8216 2 2 0 7 4415 4497 4412
8217 2 2 0 7 1636 7691 1637
8218 2 2 0 7 5221 7695 6852
8219 2 2 0 7 2635 2636 2632
8220 2 2 0 7 4207 7699 4217
8221 2 2 0 7 2846 2853 2847
8222 2 2 0 7 1761 6995 1741
8223 2 2 0 7 2494 2510 2488
8224 2 2 0 7 1704 6995 6869
8225 2 2 0 7 2233 2234 2232
8226 2 2 0 7 1707 6869 3715
8227 2 2 0 7 4818 7688 7324
8228 2 2 0 7 4303 7078 6866
8229 2 2 0 7 1459 7612 1461
8230 2 2 0 7 4358 4360 4359
8231 2 2 0 7 6970 7688 4818
8232 2 2 0 7 6869 6870 3715
8233 2 2 0 7 4686 4985 4685
8234 2 2 0 7 6874 7612 1459
8235 2 2 0 7 1795 7016 3285
8236 2 2 0 7 1796 7016 1769
8237 2 2 0 7 4208 4212 4209
8238 2 2 0 7 3614 7657 7371
8239 2 2 0 7 7016 7684 3285
8240 2 2 0 7 1457 6874 1459
8241 2 2 0 7 3730 7681 7674
8242 2 2 0 7 6855 7016 1796
8243 2 2 0 7 7371 7657 6876
8244 2 2 0 7 6871 6873 1845
8245 2 2 0 7 4415 4498 4497
8246 2 2 0 7 3034 7371 6876
8247 2 2 0 7 6876 6939 3034
8248 2 2 0 7 1845 6879 6871
8249 2 2 0 7 3594 6949 3595
8250 2 2 0 7 1461 7612 1776
8251 2 2 0 7 1689 6869 1707
8252 2 2 0 7 6880 6956 4978
8253 2 2 0 7 1625 6882 1628
8254 2 2 0 7 1451 7601 1453
8255 2 2 0 7 1845 6874 1457
8256 2 2 0 7 2275 2277 2276
8257 2 2 0 7 4360 4362 4359
8258 2 2 0 7 4358 4361 4360
8259 2 2 0 7 6932 6949 3594
8260 2 2 0 7 2635 2640 2636
8261 2 2 0 7 2712 2746 2745
8262 2 2 0 7 6878 7606 5216
8263 2 2 0 7 4978 6956 4977
8264 2 2 0 7 6939 7417 3034
8265 2 2 0 7 1954 7493 6877
8266 2 2 0 7 2745 2747 2711
8267 2 2 0 7 6873 6874 1845
8268 2 2 0 7 1776 7682 7374
8269 2 2 0 7 3595 6949 3730
8270 2 2 0 7 3594 7053 6932
8271 2 2 0 7 3432 7606 6878
8272 2 2 0 7 2233 2238 2234
8273 2 2 0 7 6956 7069 4977
8274 2 2 0 7 6877 7493 5224
8275 2 2 0 7 4978 6957 6880
8276 2 2 0 7 1453 6879 1455
8277 2 2 0 7 1471 7082 1473
8278 2 2 0 7 1453 7601 6879
8279 2 2 0 7 6981 7572 6872
8280 2 2 0 7 7351 7652 7131
8281 2 2 0 7 6940 6981 2003
8282 2 2 0 7 6877 7351 1954
8283 2 2 0 7 1447 7417 1449
8284 2 2 0 7 4724 7545 5233
8285 2 2 0 7 7335 7337 7296
8286 2 2 0 7 7382 7584 7021
8287 2 2 0 7 7068 7481 4784
8288 2 2 0 7 6932 7053 6931
8289 2 2 0 7 4212 4214 4209
8290 2 2 0 7 7337 7566 7296
8291 2 2 0 7 4214 4215 4209
8292 2 2 0 7 4216 4420 4215
8293 2 2 0 7 1455 6879 1845
8294 2 2 0 7 6908 6910 6909
8295 2 2 0 7 2003 7417 6940
8296 2 2 0 7 5223 7149 7135
8297 2 2 0 7 6871 6879 6872
8298 2 2 0 7 6870 6969 3715
8299 2 2 0 7 3661 7665 7538
8300 2 2 0 7 7134 7135 4311
8301 2 2 0 7 7068 7149 5223
8302 2 2 0 7 5223 7481 7068
8303 2 2 0 7 7135 7149 4311
8304 2 2 0 7 4785 7670 5258
8305 2 2 0 7 7427 7668 7030
8306 2 2 0 7 6899 7550 5234
8307 2 2 0 7 7327 7495 3030
8308 2 2 0 7 4214 4216 4215
8309 2 2 0 7 7083 7423 7336
8310 2 2 0 7 1755 7372 6917
8311 2 2 0 7 5040 5330 4986
8312 2 2 0 7 7108 7536 4324
8313 2 2 0 7 6903 7424 6902
8314 2 2 0 7 6931 7053 3438
8315 2 2 0 7 6869 6995 6870
8316 2 2 0 7 6896 7083 1548
8317 2 2 0 7 4307 6941 4583
8318 2 2 0 7 1924 6994 6901
8319 2 2 0 7 3760 7550 6899
8320 2 2 0 7 1958 7457 6897
8321 2 2 0 7 4898 7533 7468
8322 2 2 0 7 6901 6994 5227
8323 2 2 0 7 1437 6909 4592
8324 2 2 0 7 6915 6931 3438
8325 2 2 0 7 4977 7069 6952
8326 2 2 0 7 6937 7349 4779
8327 2 2 0 7 6917 7372 6918
8328 2 2 0 7 4727 7523 7318
8329 2 2 0 7 5228 6904 6902
8330 2 2 0 7 4316 7247 6938
8331 2 2 0 7 5277 7664 7661
8332 2 2 0 7 4968 6998 6997
8333 2 2 0 7 5228 6934 6904
8334 2 2 0 7 5226 7297 7126
8335 2 2 0 7 7543 7610 5264
8336 2 2 0 7 7297 7425 1503
8337 2 2 0 7 6949 7681 3730
8338 2 2 0 7 4312 7305 3741
8339 2 2 0 7 6877 7652 7351
8340 2 2 0 7 3146 7349 6937
8341 2 2 0 7 2003 7601 1451
8342 2 2 0 7 1803 6971 1806
8343 2 2 0 7 3816 7523 4727
8344 2 2 0 7 4415 5650 4498
8345 2 2 0 7 1473 7082 1548
8346 2 2 0 7 7072 7548 6830
8347 2 2 0 7 6896 7423 7083
8348 2 2 0 7 7674 7681 6875
8349 2 2 0 7 6941 7572 6981
8350 2 2 0 7 6902 7424 5228
8351 2 2 0 7 5226 7425 7297
8352 2 2 0 7 5227 6994 6934
8353 2 2 0 7 4126 6952 3294
8354 2 2 0 7 4839 7566 7337
8355 2 2 0 7 4968 6997 6996
8356 2 2 0 7 7197 7298 5236
8357 2 2 0 7 7663 7673 7503
8358 2 2 0 7 1819 7107 6942
8359 2 2 0 7 4420 4704 4215
8360 2 2 0 7 1548 7082 6896
8361 2 2 0 7 4686 5040 4986
8362 2 2 0 7 5224 7493 6897
8363 2 2 0 7 7372 7373 6918
8364 2 2 0 7 6940 7417 6939
8365 2 2 0 7 6898 7023 2015
8366 2 2 0 7 2015 7403 6898
8367 2 2 0 7 7318 7524 4727
8368 2 2 0 7 7025 7267 3285
8369 2 2 0 7 4033 6996 6961
8370 2 2 0 7 7573 7651 3813
8371 2 2 0 7 1435 6909 1437
8372 2 2 0 7 3679 7494 3678
8373 2 2 0 7 6942 7107 4856
8374 2 2 0 7 7025 7684 5617
8375 2 2 0 7 3721 6958 6953
8376 2 2 0 7 4741 7487 7254
8377 2 2 0 7 4486 7288 4502
8378 2 2 0 7 6909 6910 4592
8379 2 2 0 7 7008 7424 6903
8380 2 2 0 7 4583 6941 5006
8381 2 2 0 7 5004 7087 4582
8382 2 2 0 7 6936 7267 7025
8383 2 2 0 7 6938 7247 6937
8384 2 2 0 7 7227 7234 7226
8385 2 2 0 7 4784 7481 4785
8386 2 2 0 7 1507 7298 7197
8387 2 2 0 7 4950 7085 7084
8388 2 2 0 7 5222 7558 7545
8389 2 2 0 7 7110 7114 5260
8390 2 2 0 7 7296 7495 7335
8391 2 2 0 7 1948 7313 7036
8392 2 2 0 7 5230 7251 6921
8393 2 2 0 7 5227 6934 5228
8394 2 2 0 7 6897 7493 1958
8395 2 2 0 7 4311 7305 7134
8396 2 2 0 7 7252 7487 4733
8397 2 2 0 7 7093 7251 5230
8398 2 2 0 7 3034 7417 1447
8399 2 2 0 7 4324 7536 7465
8400 2 2 0 7 7082 7558 5222
8401 2 2 0 7 6969 6970 4762
8402 2 2 0 7 4762 7624 6969
8403 2 2 0 7 1962 7457 1959
8404 2 2 0 7 2081 7575 7398
8405 2 2 0 7 1449 7417 2003
8406 2 2 0 7 4733 7487 4734
8407 2 2 0 7 7426 7527 4848
8408 2 2 0 7 6978 7018 1960
8409 2 2 0 7 2277 3048 2276
8410 2 2 0 7 4396 4397 4362
8411 2 2 0 7 5233 7545 6917
8412 2 2 0 7 6971 7140 1806
8413 2 2 0 7 5230 7207 7093
8414 2 2 0 7 1956 7478 7081
8415 2 2 0 7 2640 2641 2636
8416 2 2 0 7 1471 7558 7082
8417 2 2 0 7 7093 7207 1876
8418 2 2 0 7 3030 7495 7296
8419 2 2 0 7 5222 7545 4724
8420 2 2 0 7 7525 7596 7156
8421 2 2 0 7 4736 7011 4735
8422 2 2 0 7 7083 7495 7327
8423 2 2 0 7 3082 7598 3086
8424 2 2 0 7 3438 6965 6915
8425 2 2 0 7 5481 7114 7110
8426 2 2 0 7 7336 7495 7083
8427 2 2 0 7 4771 7600 7000
8428 2 2 0 7 6905 7533 4899
8429 2 2 0 7 6921 7251 1911
8430 2 2 0 7 7515 7608 5238
8431 2 2 0 7 7369 7537 2056
8432 2 2 0 7 3294 6952 3061
8433 2 2 0 7 7077 7319 4318
8434 2 2 0 7 4856 7594 4322
8435 2 2 0 7 4610 7610 7543
8436 2 2 0 7 6897 7457 6967
8437 2 2 0 7 7081 7478 7080
8438 2 2 0 7 3741 7305 4311
8439 2 2 0 7 6937 7247 3146
8440 2 2 0 7 3825 6983 3824
8441 2 2 0 7 4360 4396 4362
8442 2 2 0 7 4823 7288 4486
8443 2 2 0 7 4745 7064 7062
8444 2 2 0 7 7579 7602 6901
8445 2 2 0 7 2081 7352 7035
8446 2 2 0 7 4748 7621 3723
8447 2 2 0 7 7021 7584 1822
8448 2 2 0 7 6879 7601 6872
8449 2 2 0 7 7611 7644 7279
8450 2 2 0 7 7589 7633 5480
8451 2 2 0 7 4977 6952 4126
8452 2 2 0 7 6927 7668 7427
8453 2 2 0 7 6996 6997 6961
8454 2 2 0 7 7254 7602 7579
8455 2 2 0 7 1911 7252 6921
8456 2 2 0 7 2046 6936 2092
8457 2 2 0 7 3066 7037 3605
8458 2 2 0 7 6938 7584 7382
8459 2 2 0 7 4950 7086 7085
8460 2 2 0 7 6917 7545 1755
8461 2 2 0 7 6938 7382 4316
8462 2 2 0 7 7228 7234 7227
8463 2 2 0 7 4733 7431 7252
8464 2 2 0 7 3709 7422 7015
8465 2 2 0 7 5011 7356 6920
8466 2 2 0 7 5234 7468 6899
8467 2 2 0 7 6947 7491 3749
8468 2 2 0 7 7538 7665 6989
8469 2 2 0 7 4127 7269 3579
8470 2 2 0 7 2018 7609 6993
8471 2 2 0 7 7126 7305 5226
8472 2 2 0 7 7107 7536 7108
8473 2 2 0 7 2036 7320 7076
8474 2 2 0 7 6964 7457 1962
8475 2 2 0 7 6969 7624 6971
8476 2 2 0 7 7465 7536 7106
8477 2 2 0 7 5226 7305 4312
8478 2 2 0 7 4851 7635 7490
8479 2 2 0 7 5231 7065 6966
8480 2 2 0 7 3721 6953 3046
8481 2 2 0 7 3707 7422 3709
8482 2 2 0 7 3709 7015 3711
8483 2 2 0 7 7661 7664 4336
8484 2 2 0 7 4756 6967 4753
8485 2 2 0 7 5251 7520 4768
8486 2 2 0 7 4832 7491 6947
8487 2 2 0 7 7268 7530 4853
8488 2 2 0 7 6873 6875 6874
8489 2 2 0 7 7313 7354 7036
8490 2 2 0 7 7268 7596 7525
8491 2 2 0 7 3715 6971 1803
8492 2 2 0 7 7468 7533 6899
8493 2 2 0 7 2746 2761 2745
8494 2 2 0 7 4706 7548 7072
8495 2 2 0 7 6897 6967 4756
8496 2 2 0 7 6898 7403 5229
8497 2 2 0 7 7401 7516 6979
8498 2 2 0 7 7035 7575 2081
8499 2 2 0 7 3029 7341 7188
8500 2 2 0 7 2120 6965 3438
8501 2 2 0 7 6993 7519 2018
8502 2 2 0 7 4786 7161 6999
8503 2 2 0 7 4820 7557 7412
8504 2 2 0 7 7107 7108 4856
8505 2 2 0 7 7011 7013 7012
8506 2 2 0 7 1503 7425 7298
8507 2 2 0 7 6901 7602 1924
8508 2 2 0 7 7254 7579 4741
8509 2 2 0 7 7081 7429 1956
8510 2 2 0 7 4823 7286 6954
8511 2 2 0 7 4857 7615 7509
8512 2 2 0 7 7359 7630 5253
8513 2 2 0 7 7407 7467 7408
8514 2 2 0 7 3825 6984 6983
8515 2 2 0 7 1928 7530 7268
8516 2 2 0 7 7389 7403 2015
8517 2 2 0 7 4582 7087 4950
8518 2 2 0 7 4899 7533 4898
8519 2 2 0 7 2116 6968 5078
8520 2 2 0 7 5799 7027 4474
8521 2 2 0 7 1808 7140 1811
8522 2 2 0 7 3605 7037 4728
8523 2 2 0 7 5264 7610 5332
8524 2 2 0 7 7464 7511 7208
8525 2 2 0 7 1914 7065 6935
8526 2 2 0 7 4402 7356 3553
8527 2 2 0 7 4403 6930 5600
8528 2 2 0 7 4033 6961 6959
8529 2 2 0 7 4318 7444 7077
8530 2 2 0 7 3710 6996 4033
8531 2 2 0 7 1915 7063 1952
8532 2 2 0 7 2238 2240 2234
8533 2 2 0 7 3579 7269 3580
8534 2 2 0 7 5271 7618 7540
8535 2 2 0 7 2120 7129 6965
8536 2 2 0 7 6929 7691 1636
8537 2 2 0 7 6920 7356 4402
8538 2 2 0 7 6830 7548 5210
8539 2 2 0 7 5734 7019 4501
8540 2 2 0 7 6954 7287 4823
8541 2 2 0 7 3434 7396 3680
8542 2 2 0 7 4848 7527 3548
8543 2 2 0 7 7373 7374 6918
8544 2 2 0 7 4433 6922 4988
8545 2 2 0 7 5247 7090 6982
8546 2 2 0 7 1920 7253 1895
8547 2 2 0 7 1981 7477 7434
8548 2 2 0 7 2092 6936 3880
8549 2 2 0 7 3162 7004 3246
8550 2 2 0 7 6959 7026 4033
8551 2 2 0 7 4824 7001 4319
8552 2 2 0 7 4706 7072 7070
8553 2 2 0 7 4779 7349 4775
8554 2 2 0 7 5275 7018 6978
8555 2 2 0 7 1914 7063 1915
8556 2 2 0 7 7131 7248 1950
8557 2 2 0 7 5231 6966 6962
8558 2 2 0 7 1895 7253 1911
8559 2 2 0 7 5801 7024 4911
8560 2 2 0 7 4849 7578 7560
8561 2 2 0 7 7508 7592 5270
8562 2 2 0 7 7254 7487 7253
8563 2 2 0 7 3334 7139 3429
8564 2 2 0 7 7560 7578 7270
8565 2 2 0 7 4759 7354 7091
8566 2 2 0 7 6955 7367 7159
8567 2 2 0 7 7139 7604 7100
8568 2 2 0 7 7599 7634 7215
8569 2 2 0 7 6935 7063 1914
8570 2 2 0 7 4745 7080 7064
8571 2 2 0 7 2233 2239 2238
8572 2 2 0 7 7483 7509 5241
8573 2 2 0 7 5049 7171 4657
8574 2 2 0 7 7569 7607 3062
8575 2 2 0 7 4807 7038 4335
8576 2 2 0 7 4801 7522 7033
8577 2 2 0 7 3024 6980 3022
8578 2 2 0 7 7298 7425 5236
8579 2 2 0 7 2075 7048 3081
8580 2 2 0 7 7011 7012 4735
8581 2 2 0 7 7020 7520 5251
8582 2 2 0 7 6943 7403 7389
8583 2 2 0 7 2073 7092 2072
8584 2 2 0 7 4324 7450 7108
8585 2 2 0 7 1962 7379 6964
8586 2 2 0 7 4319 7001 7000
8587 2 2 0 7 6906 6909 1435
8588 2 2 0 7 3691 7150 2137
8589 2 2 0 7 4719 6972 3068
8590 2 2 0 7 3740 7353 5250
8591 2 2 0 7 5669 7387 4110
8592 2 2 0 7 7006 7011 4743
8593 2 2 0 7 7599 7647 6992
8594 2 2 0 7 6962 6966 2014
8595 2 2 0 7 3714 7289 3445
8596 2 2 0 7 7366 7405 4814
8597 2 2 0 7 7115 7122 5245
8598 2 2 0 7 7286 7381 5254
8599 2 2 0 7 2641 2658 2636
8600 2 2 0 7 4743 7011 4736
8601 2 2 0 7 6999 7161 5237
8602 2 2 0 7 6934 7469 6904
8603 2 2 0 7 1806 7140 1808
8604 2 2 0 7 3678 7494 4763
8605 2 2 0 7 3759 7550 3760
8606 2 2 0 7 3219 7031 3076
8607 2 2 0 7 4950 7084 4306
8608 2 2 0 7 7389 7390 6943
8609 2 2 0 7 1911 7253 7252
8610 2 2 0 7 3081 7048 7047
8611 2 2 0 7 7015 7445 3711
8612 2 2 0 7 4110 7387 3862
8613 2 2 0 7 7129 7205 6965
8614 2 2 0 7 7036 7352 1948
8615 2 2 0 7 2057 7369 2056
8616 2 2 0 7 3747 7475 7375
8617 2 2 0 7 4318 7523 3816
8618 2 2 0 7 1843 7122 1906
8619 2 2 0 7 6951 7379 3036
8620 2 2 0 7 6979 7516 6980
8621 2 2 0 7 4898 7468 7281
8622 2 2 0 7 6870 6970 6969
8623 2 2 0 7 7211 7299 1511
8624 2 2 0 7 7168 7450 3400
8625 2 2 0 7 1821 7137 1864
8626 2 2 0 7 1959 7457 1958
8627 2 2 0 7 4307 7572 6941
8628 2 2 0 7 7155 7491 4832
8629 2 2 0 7 7100 7604 7472
8630 2 2 0 7 7188 7341 7184
8631 2 2 0 7 7408 7467 1640
8632 2 2 0 7 1933 7571 7469
8633 2 2 0 7 7168 7594 7450
8634 2 2 0 7 2746 2763 2762
8635 2 2 0 7 2983 3049 2761
8636 2 2 0 7 7090 7448 4577
8637 2 2 0 7 7091 7354 7313
8638 2 2 0 7 7041 7048 3059
8639 2 2 0 7 7255 7510 5275
8640 2 2 0 7 7476 7553 7138
8641 2 2 0 7 5225 7630 7359
8642 2 2 0 7 3786 7405 7366
8643 2 2 0 7 3825 6985 6984
8644 2 2 0 7 7109 7598 7047
8645 2 2 0 7 7080 7478 7064
8646 2 2 0 7 81 7338 80
8647 2 2 0 7 107 7262 106
8648 2 2 0 7 3252 6951 3036
8649 2 2 0 7 4293 7527 7426
8650 2 2 0 7 5245 7488 7115
8651 2 2 0 7 4123 6900 4122
8652 2 2 0 7 7076 7209 2036
8653 2 2 0 7 106 7262 1399
8654 2 2 0 7 133 7219 1369
8655 2 2 0 7 143 7222 1362
8656 2 2 0 7 147 7224 1371
8657 2 2 0 7 152 7225 1365
8658 2 2 0 7 157 7547 1350
8659 2 2 0 7 162 7236 1366
8660 2 2 0 7 169 7240 1391
8661 2 2 0 7 7145 7154 1558
8662 2 2 0 7 2018 7519 1559
8663 2 2 0 7 3035 7637 1576
8664 2 2 0 7 6963 7034 1817
8665 2 2 0 7 1888 7102 1886
8666 2 2 0 7 1997 7022 1918
8667 2 2 0 7 1944 7204 3043
8668 2 2 0 7 7312 7313 1948
8669 2 2 0 7 7063 7064 1952
8670 2 2 0 7 2074 7205 7129
8671 2 2 0 7 2129 7068 7067
8672 2 2 0 7 3361 7330 3829
8673 2 2 0 7 3702 7549 3700
8674 2 2 0 7 3708 7026 3705
8675 2 2 0 7 4241 6996 3710
8676 2 2 0 7 3711 7445 4242
8677 2 2 0 7 7490 7635 4123
8678 2 2 0 7 5126 7269 4127
8679 2 2 0 7 4416 5847 5755
8680 2 2 0 7 4501 7019 4485
8681 2 2 0 7 4502 7625 7502
8682 2 2 0 7 4584 5870 5135
8683 2 2 0 7 4686 4986 4985
8684 2 2 0 7 6982 7090 4759
8685 2 2 0 7 4759 7091 6982
8686 2 2 0 7 7481 7670 4785
8687 2 2 0 7 4862 7038 4807
8688 2 2 0 7 4833 7218 7151
8689 2 2 0 7 4854 6991 4863
8690 2 2 0 7 4861 7607 7569
8691 2 2 0 7 6935 7065 5231
8692 2 2 0 7 7509 7615 5241
8693 2 2 0 7 5247 7448 7090
8694 2 2 0 7 7611 7642 5261
8695 2 2 0 7 5327 5329 5328
8696 2 2 0 7 5781 7563 7350
8697 2 2 0 7 6964 7379 6951
8698 2 2 0 7 7033 7522 6963
8699 2 2 0 7 7035 7352 7036
8700 2 2 0 7 7202 7300 7121
8701 2 2 0 7 7121 7415 7202
8702 2 2 0 7 3719 7218 4833
8703 2 2 0 7 7159 7367 5239
8704 2 2 0 7 3809 7259 3807
8705 2 2 0 7 4753 6967 4752
8706 2 2 0 7 7124 7284 7123
8707 2 2 0 7 1811 7140 2134
8708 2 2 0 7 4339 7165 5504
8709 2 2 0 7 2004 7364 4804
8710 2 2 0 7 2137 3022 2135
8711 2 2 0 7 3382 7367 4317
8712 2 2 0 7 6991 6992 4863
8713 2 2 0 7 5275 7510 7018
8714 2 2 0 7 80 7338 1378
8715 2 2 0 7 1919 7156 1996
8716 2 2 0 7 6966 7065 1894
8717 2 2 0 7 2391 7439 2386
8718 2 2 0 7 3081 7598 3082
8719 2 2 0 7 5338 5340 5339
8720 2 2 0 7 1906 7153 1908
8721 2 2 0 7 7421 7512 1979
8722 2 2 0 7 3550 7031 3219
8723 2 2 0 7 3745 7381 7286
8724 2 2 0 7 7083 7327 1548
8725 2 2 0 7 3059 7048 2075
8726 2 2 0 7 7123 7284 4816
8727 2 2 0 7 6916 6931 6915
8728 2 2 0 7 1876 7207 4771
8729 2 2 0 7 4734 7487 4741
8730 2 2 0 7 7152 7346 1539
8731 2 2 0 7 7182 7183 1823
8732 2 2 0 7 6872 7601 6981
8733 2 2 0 7 110 7339 109
8734 2 2 0 7 4911 7024 1850
8735 2 2 0 7 1916 7501 7391
8736 2 2 0 7 7281 7468 3085
8737 2 2 0 7 3681 7539 3684
8738 2 2 0 7 3824 6983 4649
8739 2 2 0 7 6999 7407 4786
8740 2 2 0 7 7101 7170 5242
8741 2 2 0 7 6943 7390 6942
8742 2 2 0 7 2275 2278 2277
8743 2 2 0 7 7112 7113 2284
8744 2 2 0 7 7055 7061 7058
8745 2 2 0 7 7075 7209 7076
8746 2 2 0 7 2052 2053 2051
8747 2 2 0 7 3808 7444 3810
8748 2 2 0 7 5251 7499 7020
8749 2 2 0 7 3438 7053 2121
8750 2 2 0 7 7000 7004 4319
8751 2 2 0 7 1450 7182 1823
8752 2 2 0 7 7198 7301 1922
8753 2 2 0 7 3067 7148 2027
8754 2 2 0 7 6999 7467 7407
8755 2 2 0 7 7166 7314 1767
8756 2 2 0 7 2287 7112 2284
8757 2 2 0 7 5574 7410 3578
8758 2 2 0 7 134 7219 133
8759 2 2 0 7 144 7222 143
8760 2 2 0 7 148 7224 147
8761 2 2 0 7 153 7225 152
8762 2 2 0 7 163 7236 162
8763 2 2 0 7 170 7240 169
8764 2 2 0 7 1792 7203 1867
8765 2 2 0 7 2112 6968 2116
8766 2 2 0 7 4319 7004 3162
8767 2 2 0 7 3445 7289 3780
8768 2 2 0 7 3683 7494 3679
8769 2 2 0 7 4763 4764 3682
8770 2 2 0 7 4796 5030 3843
8771 2 2 0 7 4862 7206 7038
8772 2 2 0 7 7574 7641 4866
8773 2 2 0 7 5270 7593 7508
8774 2 2 0 7 7469 7571 6904
8775 2 2 0 7 7001 7003 7002
8776 2 2 0 7 1890 7102 3731
8777 2 2 0 7 1902 7065 1914
8778 2 2 0 7 2119 7516 7401
8779 2 2 0 7 3877 7431 3879
8780 2 2 0 7 4317 7367 6955
8781 2 2 0 7 7288 7625 4502
8782 2 2 0 7 7005 7006 4743
8783 2 2 0 7 4755 7309 4758
8784 2 2 0 7 7102 7483 5241
8785 2 2 0 7 5094 7128 4061
8786 2 2 0 7 7197 7484 1507
8787 2 2 0 7 1896 7198 1922
8788 2 2 0 7 1950 7351 7131
8789 2 2 0 7 4507 7321 3872
8790 2 2 0 7 4128 6956 6880
8791 2 2 0 7 4474 7027 4472
8792 2 2 0 7 4744 7005 4743
8793 2 2 0 7 7008 7009 7007
8794 2 2 0 7 7173 7314 7166
8795 2 2 0 7 7067 7249 2127
8796 2 2 0 7 7004 7430 3246
8797 2 2 0 7 3428 7139 3334
8798 2 2 0 7 4657 7171 4659
8799 2 2 0 7 5250 7353 7052
8800 2 2 0 7 3263 7092 2073
8801 2 2 0 7 7252 7431 6921
8802 2 2 0 7 6942 7390 1819
8803 2 2 0 7 1833 7355 2119
8804 2 2 0 7 2137 7150 3023
8805 2 2 0 7 3068 6972 3677
8806 2 2 0 7 7315 7556 5252
8807 2 2 0 7 2129 7067 2127
8808 2 2 0 7 4811 7378 7169
8809 2 2 0 7 1460 7141 3292
8810 2 2 0 7 1932 7192 1935
8811 2 2 0 7 1938 7274 1937
8812 2 2 0 7 7109 7665 3661
8813 2 2 0 7 4364 7570 5074
8814 2 2 0 7 4389 7589 5480
8815 2 2 0 7 4657 4658 4572
8816 2 2 0 7 7001 7002 4772
8817 2 2 0 7 7164 7358 7136
8818 2 2 0 7 2027 7148 2029
8819 2 2 0 7 2129 7149 7068
8820 2 2 0 7 3048 4430 2276
8821 2 2 0 7 3733 7515 5238
8822 2 2 0 7 3872 7321 4828
8823 2 2 0 7 4107 7629 4754
8824 2 2 0 7 4852 7528 7017
8825 2 2 0 7 1789 7073 1766
8826 2 2 0 7 4746 7175 6943
8827 2 2 0 7 4833 7511 7464
8828 2 2 0 7 5256 7368 7333
8829 2 2 0 7 2325 2326 2324
8830 2 2 0 7 2335 2336 2334
8831 2 2 0 7 2339 2340 2338
8832 2 2 0 7 2357 2358 2356
8833 2 2 0 7 3136 7397 3137
8834 2 2 0 7 4316 7382 7040
8835 2 2 0 7 7062 7325 4745
8836 2 2 0 7 1434 6906 1435
8837 2 2 0 7 2338 3510 2336
8838 2 2 0 7 2377 7437 2371
8839 2 2 0 7 3807 7257 3805
8840 2 2 0 7 4416 6900 5847
8841 2 2 0 7 7108 7594 4856
8842 2 2 0 7 4968 7504 6998
8843 2 2 0 7 2345 2346 2344
8844 2 2 0 7 2359 2362 2358
8845 2 2 0 7 2389 7440 2391
8846 2 2 0 7 2418 2552 2417
8847 2 2 0 7 4314 7080 4745
8848 2 2 0 7 2285 2472 2288
8849 2 2 0 7 3826 7281 3397
8850 2 2 0 7 4897 4899 4898
8851 2 2 0 7 7062 7064 7063
8852 2 2 0 7 7311 7313 7312
8853 2 2 0 7 2067 7193 3364
8854 2 2 0 7 3606 6944 4084
8855 2 2 0 7 3814 7444 4318
8856 2 2 0 7 7207 7600 4771
8857 2 2 0 7 4824 7003 7001
8858 2 2 0 7 5237 7161 7074
8859 2 2 0 7 1876 3451 1873
8860 2 2 0 7 4815 4816 3520
8861 2 2 0 7 3876 3877 3875
8862 2 2 0 7 5266 7577 7447
8863 2 2 0 7 7499 7619 1804
8864 2 2 0 7 1859 7034 1946
8865 2 2 0 7 1945 7204 1944
8866 2 2 0 7 2010 7435 2055
8867 2 2 0 7 4169 7367 3382
8868 2 2 0 7 4400 7259 3809
8869 2 2 0 7 3824 4649 3826
8870 2 2 0 7 4112 4593 4114
8871 2 2 0 7 4737 7159 4738
8872 2 2 0 7 5227 5228 4750
8873 2 2 0 7 7355 7517 7516
8874 2 2 0 7 3059 7124 7123
8875 2 2 0 7 3066 3604 3603
8876 2 2 0 7 3862 4152 3604
8877 2 2 0 7 4323 7175 4746
8878 2 2 0 7 4852 7542 4588
8879 2 2 0 7 1857 7378 4811
8880 2 2 0 7 1878 1879 1877
8881 2 2 0 7 3083 7480 2076
8882 2 2 0 7 4317 6980 3024
8883 2 2 0 7 4773 7348 3682
8884 2 2 0 7 3686 4300 4299
8885 2 2 0 7 3728 4348 3727
8886 2 2 0 7 4061 7128 4059
8887 2 2 0 7 4434 6923 6922
8888 2 2 0 7 6825 6830 5210
8889 2 2 0 7 1766 7073 3035
8890 2 2 0 7 1992 2066 1989
8891 2 2 0 7 3817 7531 2093
8892 2 2 0 7 3137 7397 3546
8893 2 2 0 7 3143 3144 3142
8894 2 2 0 7 4311 7149 3441
8895 2 2 0 7 3684 3685 3683
8896 2 2 0 7 4300 5209 4299
8897 2 2 0 7 4763 6826 4764
8898 2 2 0 7 7210 7299 7211
8899 2 2 0 7 121 1434 120
8900 2 2 0 7 3285 7267 1827
8901 2 2 0 7 1982 7111 1862
8902 2 2 0 7 1864 7137 2048
8903 2 2 0 7 1886 7102 1890
8904 2 2 0 7 3137 3138 2041
8905 2 2 0 7 2093 2095 2094
8906 2 2 0 7 2095 3074 3073
8907 2 2 0 7 3084 7281 3085
8908 2 2 0 7 7075 7076 4740
8909 2 2 0 7 5209 6824 5210
8910 2 2 0 7 7120 7526 7492
8911 2 2 0 7 1444 7357 1442
8912 2 2 0 7 1575 7020 1759
8913 2 2 0 7 1854 7343 7039
8914 2 2 0 7 1892 6966 1894
8915 2 2 0 7 1894 7065 1902
8916 2 2 0 7 1950 7248 1913
8917 2 2 0 7 1958 7493 1955
8918 2 2 0 7 1956 7429 1957
8919 2 2 0 7 1960 7018 1961
8920 2 2 0 7 2088 3046 2089
8921 2 2 0 7 2121 7053 2123
8922 2 2 0 7 3441 7149 2129
8923 2 2 0 7 3035 7646 7206
8924 2 2 0 7 3037 7381 3745
8925 2 2 0 7 3046 6953 4337
8926 2 2 0 7 3286 7130 4131
8927 2 2 0 7 3364 3795 3365
8928 2 2 0 7 3880 4995 4586
8929 2 2 0 7 7334 7336 4309
8930 2 2 0 7 4739 7080 4314
8931 2 2 0 7 4820 7164 4326
8932 2 2 0 7 4716 7303 7302
8933 2 2 0 7 7210 7211 4765
8934 2 2 0 7 7125 7342 4798
8935 2 2 0 7 4802 7325 7062
8936 2 2 0 7 7492 7526 4821
8937 2 2 0 7 4859 4866 4860
8938 2 2 0 7 6936 7025 4996
8939 2 2 0 7 6954 7286 5254
8940 2 2 0 7 6873 7674 6875
8941 2 2 0 7 6919 7374 6933
8942 2 2 0 7 7412 7557 6962
8943 2 2 0 7 7040 7382 7111
8944 2 2 0 7 7044 7109 7047
8945 2 2 0 7 7081 7620 7429
8946 2 2 0 7 7146 7513 7491
8947 2 2 0 7 7197 7603 7484
8948 2 2 0 7 7200 7402 7199
8949 2 2 0 7 7335 7495 7336
8950 2 2 0 7 3257 3294 3061
8951 2 2 0 7 5261 7642 6898
8952 2 2 0 7 7044 7047 7042
8953 2 2 0 7 2278 2280 2277
8954 2 2 0 7 2327 2329 2328
8955 2 2 0 7 2349 2351 2350
8956 2 2 0 7 3509 8595 2354
8957 2 2 0 7 2355 2357 2356
8958 2 2 0 7 2372 2373 2371
8959 2 2 0 7 2387 2390 2389
8960 2 2 0 7 2390 2395 2394
8961 2 2 0 7 2553 7442 2417
8962 2 2 0 7 6284 7321 4507
8963 2 2 0 7 6986 6987 6984
8964 2 2 0 7 1842 7122 1843
8965 2 2 0 7 1909 7365 3609
8966 2 2 0 7 1929 7469 6934
8967 2 2 0 7 2048 2050 2049
8968 2 2 0 7 3452 7415 7332
8969 2 2 0 7 5230 6921 4747
8970 2 2 0 7 7316 7578 4849
8971 2 2 0 7 6903 7172 7008
8972 2 2 0 7 7076 7320 7077
8973 2 2 0 7 3041 7174 1655
8974 2 2 0 7 2054 3069 2082
8975 2 2 0 7 5243 7101 5242
8976 2 2 0 7 1546 7215 3032
8977 2 2 0 7 2063 7103 2100
8978 2 2 0 7 3661 7598 7109
8979 2 2 0 7 3677 5220 4595
8980 2 2 0 7 4266 7286 4823
8981 2 2 0 7 6976 6977 4349
8982 2 2 0 7 6955 7159 4737
8983 2 2 0 7 7127 7311 4800
8984 2 2 0 7 4820 7412 7164
8985 2 2 0 7 7434 7477 5252
8986 2 2 0 7 3029 7357 1444
8987 2 2 0 7 3045 7515 3733
8988 2 2 0 7 3429 7139 4487
8989 2 2 0 7 4084 7643 7636
8990 2 2 0 7 6297 7326 4951
8991 2 2 0 7 5200 5201 5199
8992 2 2 0 7 7002 7173 7169
8993 2 2 0 7 7174 7316 7306
8994 2 2 0 7 120 1434 1393
8995 2 2 0 7 1748 7049 1771
8996 2 2 0 7 1798 7400 1772
8997 2 2 0 7 7199 7402 2051
8998 2 2 0 7 2065 7014 4720
8999 2 2 0 7 2148 7130 3286
9000 2 2 0 7 3645 7317 4840
9001 2 2 0 7 7074 7161 3716
9002 2 2 0 7 6955 6979 4317
9003 2 2 0 7 5138 7032 4860
9004 2 2 0 7 4996 7025 5617
9005 2 2 0 7 7074 7147 5237
9006 2 2 0 7 7484 7603 7211
9007 2 2 0 7 1511 7484 7211
9008 2 2 0 7 1903 1984 1847
9009 2 2 0 7 2017 7328 1999
9010 2 2 0 7 2002 7103 2063
9011 2 2 0 7 2280 7667 2277
9012 2 2 0 7 4322 7594 3598
9013 2 2 0 7 7465 7590 3759
9014 2 2 0 7 4818 7324 4817
9015 2 2 0 7 7324 7399 7200
9016 2 2 0 7 7312 7344 7311
9017 2 2 0 7 1454 7551 1452
9018 2 2 0 7 1996 7156 2088
9019 2 2 0 7 3807 7259 7257
9020 2 2 0 7 5338 5339 4152
9021 2 2 0 7 5223 7135 4725
9022 2 2 0 7 1772 7400 7399
9023 2 2 0 7 1824 7395 1780
9024 2 2 0 7 1918 7022 1860
9025 2 2 0 7 1992 7193 2067
9026 2 2 0 7 2031 7489 2032
9027 2 2 0 7 3066 3605 3604
9028 2 2 0 7 3696 7176 4861
9029 2 2 0 7 5256 7333 3736
9030 2 2 0 7 3749 7451 6947
9031 2 2 0 7 4729 5670 5669
9032 2 2 0 7 7398 7575 5249
9033 2 2 0 7 7375 7475 7118
9034 2 2 0 7 4861 7569 2005
9035 2 2 0 7 3785 4402 3553
9036 2 2 0 7 1793 1822 1768
9037 2 2 0 7 1983 7505 7261
9038 2 2 0 7 7030 7668 3524
9039 2 2 0 7 3599 4322 3598
9040 2 2 0 7 3711 4241 3710
9041 2 2 0 7 4898 7281 3826
9042 2 2 0 7 7157 7158 4328
9043 2 2 0 7 4542 4874 4873
9044 2 2 0 7 4716 7304 7303
9045 2 2 0 7 4720 6864 4721
9046 2 2 0 7 5347 7651 7573
9047 2 2 0 7 7111 7382 7021
9048 2 2 0 7 4325 7404 2050
9049 2 2 0 7 4811 7167 1711
9050 2 2 0 7 7105 7107 1819
9051 2 2 0 7 1942 2010 2006
9052 2 2 0 7 1990 7124 2011
9053 2 2 0 7 4717 7133 2118
9054 2 2 0 7 3159 4814 3520
9055 2 2 0 7 3427 4112 3428
9056 2 2 0 7 3879 4364 3878
9057 2 2 0 7 4768 7520 4832
9058 2 2 0 7 4793 7066 5218
9059 2 2 0 7 7169 7173 4811
9060 2 2 0 7 7017 7542 4852
9061 2 2 0 7 7094 7095 5255
9062 2 2 0 7 1474 7143 1470
9063 2 2 0 7 7184 7341 1823
9064 2 2 0 7 7136 7358 1887
9065 2 2 0 7 2014 7412 6962
9066 2 2 0 7 2065 3729 2053
9067 2 2 0 7 2064 3383 3064
9068 2 2 0 7 3335 4136 3519
9069 2 2 0 7 3680 7396 4796
9070 2 2 0 7 4033 7026 3708
9071 2 2 0 7 6969 6971 3715
9072 2 2 0 7 3767 7165 4339
9073 2 2 0 7 4487 7139 7100
9074 2 2 0 7 7294 7306 4847
9075 2 2 0 7 5200 6225 5202
9076 2 2 0 7 5229 7403 7175
9077 2 2 0 7 5244 6623 6622
9078 2 2 0 7 5248 7273 7095
9079 2 2 0 7 7084 7085 6945
9080 2 2 0 7 7003 7553 7476
9081 2 2 0 7 7130 7248 7131
9082 2 2 0 7 158 7547 157
9083 2 2 0 7 1644 5237 1645
9084 2 2 0 7 2133 7074 3716
9085 2 2 0 7 6992 6993 4863
9086 2 2 0 7 1652 7201 1649
9087 2 2 0 7 1656 1701 1654
9088 2 2 0 7 2015 7023 1710
9089 2 2 0 7 1788 7266 1825
9090 2 2 0 7 1826 7021 1793
9091 2 2 0 7 1795 3285 1827
9092 2 2 0 7 1878 7116 1880
9093 2 2 0 7 1883 1884 1882
9094 2 2 0 7 1937 7094 1934
9095 2 2 0 7 3036 7379 1966
9096 2 2 0 7 3145 7396 3434
9097 2 2 0 7 3335 7096 4138
9098 2 2 0 7 3678 3682 3433
9099 2 2 0 7 3746 7394 7272
9100 2 2 0 7 4468 6974 6973
9101 2 2 0 7 4586 7195 5271
9102 2 2 0 7 4659 6903 6902
9103 2 2 0 7 7581 7632 4714
9104 2 2 0 7 4758 7359 4757
9105 2 2 0 7 4776 4778 4777
9106 2 2 0 7 4950 7087 7086
9107 2 2 0 7 5074 6296 4951
9108 2 2 0 7 5047 5767 5765
9109 2 2 0 7 6953 7664 5277
9110 2 2 0 7 5277 7661 7655
9111 2 2 0 7 6959 6961 6960
9112 2 2 0 7 7174 7306 7160
9113 2 2 0 7 3806 7075 4740
9114 2 2 0 7 1440 7555 1438
9115 2 2 0 7 1462 7141 1460
9116 2 2 0 7 1470 7143 1468
9117 2 2 0 7 2076 7480 2012
9118 2 2 0 7 2143 7552 3599
9119 2 2 0 7 3763 7132 3273
9120 2 2 0 7 7141 7142 3292
9121 2 2 0 7 7212 7394 3746
9122 2 2 0 7 4487 7098 4108
9123 2 2 0 7 5178 7041 4936
9124 2 2 0 7 5006 6939 5007
9125 2 2 0 7 1797 7051 1832
9126 2 2 0 7 1913 7248 1912
9127 2 2 0 7 1700 7361 1697
9128 2 2 0 7 2055 7435 3427
9129 2 2 0 7 7160 7306 2146
9130 2 2 0 7 3723 7422 3707
9131 2 2 0 7 3740 3742 3741
9132 2 2 0 7 3744 7157 4328
9133 2 2 0 7 4740 7444 3808
9134 2 2 0 7 4577 7448 3830
9135 2 2 0 7 5264 5332 4589
9136 2 2 0 7 7003 7314 7002
9137 2 2 0 7 7003 7476 7314
9138 2 2 0 7 7146 7154 7145
9139 2 2 0 7 1823 7341 1448
9140 2 2 0 7 4105 6951 3252
9141 2 2 0 7 3824 3826 3397
9142 2 2 0 7 4472 7027 4910
9143 2 2 0 7 4936 7123 4816
9144 2 2 0 7 1488 1489 1486
9145 2 2 0 7 1516 1517 1514
9146 2 2 0 7 1558 7154 1562
9147 2 2 0 7 1790 6963 1817
9148 2 2 0 7 6934 6994 1929
9149 2 2 0 7 1951 7351 1950
9150 2 2 0 7 2095 3073 2094
9151 2 2 0 7 3382 4317 3024
9152 2 2 0 7 3076 3524 3074
9153 2 2 0 7 3162 3246 3245
9154 2 2 0 7 3825 7538 6985
9155 2 2 0 7 3877 3879 3878
9156 2 2 0 7 4610 7543 4066
9157 2 2 0 7 4968 6996 4241
9158 2 2 0 7 4288 5041 4848
9159 2 2 0 7 5246 7451 4320
9160 2 2 0 7 4739 7081 7080
9161 2 2 0 7 5481 6533 6532
9162 2 2 0 7 7375 7587 7559
9163 2 2 0 7 1435 1437 1436
9164 2 2 0 7 1779 7383 1821
9165 2 2 0 7 2127 7249 1971
9166 2 2 0 7 2011 7124 3059
9167 2 2 0 7 2099 3066 3065
9168 2 2 0 7 3875 7326 3874
9169 2 2 0 7 4542 6421 4874
9170 2 2 0 7 5056 6269 4558
9171 2 2 0 7 4827 7537 7369
9172 2 2 0 7 4846 7294 4847
9173 2 2 0 7 5122 5124 4869
9174 2 2 0 7 5139 6453 5138
9175 2 2 0 7 6908 6909 6906
9176 2 2 0 7 7000 7600 7004
9177 2 2 0 7 7042 7048 7041
9178 2 2 0 7 7106 7590 7465
9179 2 2 0 7 7137 7383 7138
9180 2 2 0 7 1960 7429 6978
9181 2 2 0 7 4326 7164 3743
9182 2 2 0 7 4214 4220 4216
9183 2 2 0 7 4828 7321 5730
9184 2 2 0 7 7054 7061 7055
9185 2 2 0 7 7242 7370 7241
9186 2 2 0 7 1976 4782 1987
9187 2 2 0 7 2046 2092 2047
9188 2 2 0 7 3059 7123 7041
9189 2 2 0 7 3139 3141 3140
9190 2 2 0 7 3143 3145 3144
9191 2 2 0 7 4288 4848 3548
9192 2 2 0 7 3552 3784 3553
9193 2 2 0 7 3677 4595 4169
9194 2 2 0 7 3681 3684 3683
9195 2 2 0 7 3707 3708 3705
9196 2 2 0 7 5234 5235 4329
9197 2 2 0 7 4416 5755 4975
9198 2 2 0 7 4419 7356 5011
9199 2 2 0 7 4636 7170 7101
9200 2 2 0 7 5255 7273 4658
9201 2 2 0 7 4763 7070 6826
9202 2 2 0 7 7306 7316 4847
9203 2 2 0 7 7274 7462 5248
9204 2 2 0 7 1920 7254 7253
9205 2 2 0 7 1925 6994 1924
9206 2 2 0 7 1927 1929 1925
9207 2 2 0 7 1942 2006 1941
9208 2 2 0 7 2105 4478 3306
9209 2 2 0 7 4108 7098 4571
9210 2 2 0 7 7463 7566 4839
9211 2 2 0 7 5006 6941 6940
9212 2 2 0 7 6985 7538 6989
9213 2 2 0 7 1817 7034 1859
9214 2 2 0 7 2074 7129 2059
9215 2 2 0 7 2133 3453 2150
9216 2 2 0 7 4104 4105 3252
9217 2 2 0 7 3577 7490 4123
9218 2 2 0 7 3805 7257 4445
9219 2 2 0 7 4131 4133 4132
9220 2 2 0 7 4333 7388 4332
9221 2 2 0 7 5345 5346 4504
9222 2 2 0 7 4649 6575 6574
9223 2 2 0 7 5006 6940 6939
9224 2 2 0 7 5481 7110 6533
9225 2 2 0 7 1673 1684 1674
9226 2 2 0 7 1684 1702 1685
9227 2 2 0 7 1760 1777 1770
9228 2 2 0 7 1818 7105 1819
9229 2 2 0 7 1826 7111 7021
9230 2 2 0 7 1851 7391 1853
9231 2 2 0 7 1863 1980 1862
9232 2 2 0 7 2147 7308 1901
9233 2 2 0 7 1981 7434 1980
9234 2 2 0 7 1980 2040 1982
9235 2 2 0 7 3138 7040 2041
9236 2 2 0 7 2092 3880 3817
9237 2 2 0 7 2124 7209 7075
9238 2 2 0 7 3061 6952 3060
9239 2 2 0 7 3430 3824 3397
9240 2 2 0 7 1448 7341 1446
9241 2 2 0 7 1776 7373 1463
9242 2 2 0 7 2048 2049 1990
9243 2 2 0 7 4170 7541 4125
9244 2 2 0 7 6965 7205 5232
9245 2 2 0 7 7170 7386 5242
9246 2 2 0 7 5267 7452 7360
9247 2 2 0 7 5352 6305 5716
9248 2 2 0 7 7399 7400 7200
9249 2 2 0 7 7183 7184 1823
9250 2 2 0 7 1916 7391 1851
9251 2 2 0 7 4805 7250 2033
9252 2 2 0 7 2036 7209 2034
9253 2 2 0 7 2283 2285 2284
9254 2 2 0 7 2285 2288 2287
9255 2 2 0 7 2301 7112 2287
9256 2 2 0 7 2288 2290 2289
9257 2 2 0 7 2328 7347 2326
9258 2 2 0 7 2329 2369 2331
9259 2 2 0 7 2335 2398 2337
9260 2 2 0 7 2342 7498 2340
9261 2 2 0 7 2341 3156 2343
9262 2 2 0 7 2356 3509 2354
9263 2 2 0 7 2357 3021 2359
9264 2 2 0 7 2363 2372 2371
9265 2 2 0 7 2394 7440 2389
9266 2 2 0 7 2417 7442 2394
9267 2 2 0 7 3434 3679 3678
9268 2 2 0 7 4798 7342 3439
9269 2 2 0 7 5265 7363 3751
9270 2 2 0 7 4825 5131 4507
9271 2 2 0 7 4714 5651 4713
9272 2 2 0 7 4776 4777 4775
9273 2 2 0 7 4802 7062 6935
9274 2 2 0 7 4837 6620 4876
9275 2 2 0 7 7219 7220 1369
9276 2 2 0 7 1434 1435 1393
9277 2 2 0 7 1784 4800 1782
9278 2 2 0 7 1825 7266 1928
9279 2 2 0 7 1867 7203 1991
9280 2 2 0 7 3700 7549 3712
9281 2 2 0 7 5077 6324 4243
9282 2 2 0 7 4867 5229 4331
9283 2 2 0 7 4806 4807 4335
9284 2 2 0 7 7196 7197 5236
9285 2 2 0 7 7091 7127 6982
9286 2 2 0 7 1667 7213 7212
9287 2 2 0 7 3520 7284 2078
9288 2 2 0 7 2124 2126 2125
9289 2 2 0 7 3086 3397 3084
9290 2 2 0 7 4828 4829 4827
9291 2 2 0 7 5009 6246 5008
9292 2 2 0 7 7447 7480 5266
9293 2 2 0 7 1923 1925 1924
9294 2 2 0 7 3810 7444 3814
9295 2 2 0 7 4417 5756 4976
9296 2 2 0 7 4593 4914 4607
9297 2 2 0 7 4657 4659 4658
9298 2 2 0 7 4659 6902 4795
9299 2 2 0 7 4914 5200 5199
9300 2 2 0 7 7383 7384 7138
9301 2 2 0 7 1488 1490 1489
9302 2 2 0 7 1516 1518 1517
9303 2 2 0 7 1534 3452 1536
9304 2 2 0 7 1543 1544 1541
9305 2 2 0 7 3748 7214 1542
9306 2 2 0 7 1546 1547 1544
9307 2 2 0 7 1549 1551 1550
9308 2 2 0 7 1551 1553 1552
9309 2 2 0 7 1559 7519 1555
9310 2 2 0 7 1766 3035 1576
9311 2 2 0 7 1661 1662 1660
9312 2 2 0 7 3737 7216 1675
9313 2 2 0 7 1743 1767 1756
9314 2 2 0 7 7314 7476 1767
9315 2 2 0 7 1774 1804 1790
9316 2 2 0 7 1781 1783 1782
9317 2 2 0 7 1881 1882 1855
9318 2 2 0 7 1869 1870 1857
9319 2 2 0 7 1881 7039 2044
9320 2 2 0 7 3743 7136 1883
9321 2 2 0 7 1927 7616 1931
9322 2 2 0 7 1934 7094 1933
9323 2 2 0 7 1941 7462 7274
9324 2 2 0 7 1960 1961 1959
9325 2 2 0 7 7040 7111 1982
9326 2 2 0 7 3448 7270 2132
9327 2 2 0 7 3161 4824 4319
9328 2 2 0 7 3829 3830 3363
9329 2 2 0 7 3392 7430 3876
9330 2 2 0 7 3429 4487 4108
9331 2 2 0 7 3690 7302 3435
9332 2 2 0 7 3719 4833 3443
9333 2 2 0 7 4816 7284 3520
9334 2 2 0 7 5217 7271 3689
9335 2 2 0 7 4541 4716 3690
9336 2 2 0 7 3694 4314 3693
9337 2 2 0 7 4364 5074 4951
9338 2 2 0 7 4571 6241 4656
9339 2 2 0 7 5273 7196 4731
9340 2 2 0 7 4732 5275 5274
9341 2 2 0 7 4742 4743 4736
9342 2 2 0 7 4746 6943 6942
9343 2 2 0 7 4752 6967 6964
9344 2 2 0 7 4811 7173 7167
9345 2 2 0 7 4814 4989 4815
9346 2 2 0 7 7017 7615 4857
9347 2 2 0 7 5202 6286 5201
9348 2 2 0 7 5350 5352 5351
9349 2 2 0 7 7322 7323 5871
9350 2 2 0 7 7120 7492 7416
9351 2 2 0 7 7182 7185 7183
9352 2 2 0 7 7230 7232 7231
9353 2 2 0 7 7506 7636 7582
9354 2 2 0 7 1742 7163 1760
9355 2 2 0 7 1808 1811 1810
9356 2 2 0 7 7496 7514 1809
9357 2 2 0 7 1812 7355 1833
9358 2 2 0 7 2048 4325 2050
9359 2 2 0 7 2050 7404 2079
9360 2 2 0 7 2136 2137 2135
9361 2 2 0 7 3068 3677 3382
9362 2 2 0 7 3605 3862 3604
9363 2 2 0 7 3862 5046 4152
9364 2 2 0 7 4729 5669 4110
9365 2 2 0 7 4737 4738 4348
9366 2 2 0 7 4478 5876 4912
9367 2 2 0 7 4761 5230 4747
9368 2 2 0 7 4838 7260 4835
9369 2 2 0 7 4847 7316 4849
9370 2 2 0 7 6477 6776 4908
9371 2 2 0 7 2146 7213 1665
9372 2 2 0 7 1711 7167 1699
9373 2 2 0 7 1743 1756 1745
9374 2 2 0 7 7064 7478 1952
9375 2 2 0 7 7418 7419 2023
9376 2 2 0 7 2036 7489 7320
9377 2 2 0 7 3041 7316 7174
9378 2 2 0 7 3705 7026 3703
9379 2 2 0 7 3814 4318 3816
9380 2 2 0 7 4771 7000 4772
9381 2 2 0 7 4815 4935 4816
9382 2 2 0 7 5348 6342 5350
9383 2 2 0 7 7187 7188 7184
9384 2 2 0 7 1522 1524 1523
9385 2 2 0 7 1532 7300 7202
9386 2 2 0 7 1767 7384 1756
9387 2 2 0 7 1856 7190 1869
9388 2 2 0 7 1860 7022 3732
9389 2 2 0 7 1999 7328 2068
9390 2 2 0 7 3081 3082 2076
9391 2 2 0 7 7272 7392 3746
9392 2 2 0 7 4060 5091 4061
9393 2 2 0 7 4122 4416 4124
9394 2 2 0 7 4649 6574 4897
9395 2 2 0 7 4755 4757 4756
9396 2 2 0 7 1632 1633 1631
9397 2 2 0 7 1633 1635 1634
9398 2 2 0 7 1636 1637 1635
9399 2 2 0 7 1640 1641 1639
9400 2 2 0 7 1650 7147 2131
9401 2 2 0 7 1655 7174 1657
9402 2 2 0 7 1695 3737 1675
9403 2 2 0 7 1709 1710 1700
9404 2 2 0 7 1702 1742 1703
9405 2 2 0 7 1742 1760 1744
9406 2 2 0 7 2139 7163 1742
9407 2 2 0 7 1763 7384 7383
9408 2 2 0 7 2045 4841 1871
9409 2 2 0 7 1917 1998 1916
9410 2 2 0 7 2144 3038 2017
9411 2 2 0 7 2068 3335 2069
9412 2 2 0 7 3039 7168 3400
9413 2 2 0 7 4716 7302 3690
9414 2 2 0 7 4066 4813 4812
9415 2 2 0 7 4417 4976 4126
9416 2 2 0 7 4476 4477 4474
9417 2 2 0 7 4502 7502 5733
9418 2 2 0 7 4790 4791 4789
9419 2 2 0 7 7287 7288 4823
9420 2 2 0 7 4842 4843 4841
9421 2 2 0 7 7045 7046 7044
9422 2 2 0 7 7096 7386 7170
9423 2 2 0 7 141 7221 1408
9424 2 2 0 7 145 7223 1409
9425 2 2 0 7 154 7226 1411
9426 2 2 0 7 155 7227 7226
9427 2 2 0 7 164 7237 1413
9428 2 2 0 7 166 7238 1381
9429 2 2 0 7 167 7239 7238
9430 2 2 0 7 1350 7229 7228
9431 2 2 0 7 1468 2140 1466
9432 2 2 0 7 1478 3030 1480
9433 2 2 0 7 1483 1485 1482
9434 2 2 0 7 1485 7275 1482
9435 2 2 0 7 1483 1487 1486
9436 2 2 0 7 1491 3439 1492
9437 2 2 0 7 1497 1499 1498
9438 2 2 0 7 1500 1501 1498
9439 2 2 0 7 1499 7297 1500
9440 2 2 0 7 7125 7126 1499
9441 2 2 0 7 1500 1503 1502
9442 2 2 0 7 1505 7376 1502
9443 2 2 0 7 1504 1507 1506
9444 2 2 0 7 1508 1511 1510
9445 2 2 0 7 1511 7299 1512
9446 2 2 0 7 1512 1515 1514
9447 2 2 0 7 1514 7265 1513
9448 2 2 0 7 1517 7265 1514
9449 2 2 0 7 1515 3025 2130
9450 2 2 0 7 1516 7208 1518
9451 2 2 0 7 1518 1539 1520
9452 2 2 0 7 1518 7208 1539
9453 2 2 0 7 1520 1521 1519
9454 2 2 0 7 1520 7346 1522
9455 2 2 0 7 1522 2141 1524
9456 2 2 0 7 1524 7119 1526
9457 2 2 0 7 1526 1527 1525
9458 2 2 0 7 1526 7300 1528
9459 2 2 0 7 1528 1529 1527
9460 2 2 0 7 1534 1536 1535
9461 2 2 0 7 1536 1538 1537
9462 2 2 0 7 3452 7277 1536
9463 2 2 0 7 1541 7398 1537
9464 2 2 0 7 1538 1542 1540
9465 2 2 0 7 7208 7511 1539
9466 2 2 0 7 1544 2081 1541
9467 2 2 0 7 1549 1550 1542
9468 2 2 0 7 1543 7215 1546
9469 2 2 0 7 1547 7352 1544
9470 2 2 0 7 1546 3032 1560
9471 2 2 0 7 1561 1948 1547
9472 2 2 0 7 1549 7277 4810
9473 2 2 0 7 1551 1552 1550
9474 2 2 0 7 1550 7377 3748
9475 2 2 0 7 1553 1554 1552
9476 2 2 0 7 1553 7343 1854
9477 2 2 0 7 1554 1558 1555
9478 2 2 0 7 1855 4831 1557
9479 2 2 0 7 1558 1562 1559
9480 2 2 0 7 1574 7312 1561
9481 2 2 0 7 1562 1575 1563
9482 2 2 0 7 1573 7162 1764
9483 2 2 0 7 1764 1765 1574
9484 2 2 0 7 1765 7344 1574
9485 2 2 0 7 1575 1759 1576
9486 2 2 0 7 1758 7020 1575
9487 2 2 0 7 1759 1774 1766
9488 2 2 0 7 7020 7499 1759
9489 2 2 0 7 1781 1782 1765
9490 2 2 0 7 1774 1790 1789
9491 2 2 0 7 1776 7374 7373
9492 2 2 0 7 1783 1784 1782
9493 2 2 0 7 1785 1786 1784
9494 2 2 0 7 1787 1792 1786
9495 2 2 0 7 1788 1825 1824
9496 2 2 0 7 1816 7073 1789
9497 2 2 0 7 1804 6963 1790
9498 2 2 0 7 1790 1817 1815
9499 2 2 0 7 1792 1867 1866
9500 2 2 0 7 3289 7203 1792
9501 2 2 0 7 1817 1859 1858
9502 2 2 0 7 3732 7395 1824
9503 2 2 0 7 1854 7039 1881
9504 2 2 0 7 1861 1919 1918
9505 2 2 0 7 3446 7280 1866
9506 2 2 0 7 1867 1989 1988
9507 2 2 0 7 1881 2044 1883
9508 2 2 0 7 1884 1885 1882
9509 2 2 0 7 1884 7136 1887
9510 2 2 0 7 1886 1890 1885
9511 2 2 0 7 1889 2014 1892
9512 2 2 0 7 1890 3450 3449
9513 2 2 0 7 1893 1899 1891
9514 2 2 0 7 1901 7308 1893
9515 2 2 0 7 1912 2147 1901
9516 2 2 0 7 1902 1914 1913
9517 2 2 0 7 1919 1996 1995
9518 2 2 0 7 1946 1947 1945
9519 2 2 0 7 1946 7034 3695
9520 2 2 0 7 1947 2021 2020
9521 2 2 0 7 1954 7351 1951
9522 2 2 0 7 1952 7478 1953
9523 2 2 0 7 1953 1956 1955
9524 2 2 0 7 1957 1960 1959
9525 2 2 0 7 1961 1964 1963
9526 2 2 0 7 1966 7379 1963
9527 2 2 0 7 1964 7052 1965
9528 2 2 0 7 7018 7510 1964
9529 2 2 0 7 1965 1968 1967
9530 2 2 0 7 1968 1970 1969
9531 2 2 0 7 1972 7380 1969
9532 2 2 0 7 1970 2127 1971
9533 2 2 0 7 1975 7385 1974
9534 2 2 0 7 1977 7421 1979
9535 2 2 0 7 2008 3031 1978
9536 2 2 0 7 1988 7449 5247
9537 2 2 0 7 1991 1992 1989
9538 2 2 0 7 2077 7193 1992
9539 2 2 0 7 1996 2087 2086
9540 2 2 0 7 3696 4861 2005
9541 2 2 0 7 2008 7194 3031
9542 2 2 0 7 2018 7637 7609
9543 2 2 0 7 2021 3061 3060
9544 2 2 0 7 2044 3744 3743
9545 2 2 0 7 2044 7157 3744
9546 2 2 0 7 2059 7129 2061
9547 2 2 0 7 2088 2089 2087
9548 2 2 0 7 2088 7156 3720
9549 2 2 0 7 3046 4337 2089
9550 2 2 0 7 2123 3594 3158
9551 2 2 0 7 2128 2129 2127
9552 2 2 0 7 2128 7353 3740
9553 2 2 0 7 3025 3026 2130
9554 2 2 0 7 7346 7526 2141
9555 2 2 0 7 3027 3694 3693
9556 2 2 0 7 3027 7210 3694
9557 2 2 0 7 3398 7386 3038
9558 2 2 0 7 3613 4104 3252
9559 2 2 0 7 3257 3641 3294
9560 2 2 0 7 3646 7285 3257
9561 2 2 0 7 3364 3365 3362
9562 2 2 0 7 3365 7413 4082
9563 2 2 0 7 3740 3741 3441
9564 2 2 0 7 3442 3718 3443
9565 2 2 0 7 3693 7325 3442
9566 2 2 0 7 3718 3719 3443
9567 2 2 0 7 4833 7464 3443
9568 2 2 0 7 3577 4123 4122
9569 2 2 0 7 3641 4170 4125
9570 2 2 0 7 3646 7607 7605
9571 2 2 0 7 7054 7055 3649
9572 2 2 0 7 4314 4745 3693
9573 2 2 0 7 3694 7210 4765
9574 2 2 0 7 3695 7522 3697
9575 2 2 0 7 3698 7176 3696
9576 2 2 0 7 3697 4801 3699
9577 2 2 0 7 3700 3712 3698
9578 2 2 0 7 3701 3704 3703
9579 2 2 0 7 3706 3723 3707
9580 2 2 0 7 3710 4033 3708
9581 2 2 0 7 3718 4760 3719
9582 2 2 0 7 3719 7557 7218
9583 2 2 0 7 4334 6958 3721
9584 2 2 0 7 3722 4806 4335
9585 2 2 0 7 3750 4748 3723
9586 2 2 0 7 3723 7621 7422
9587 2 2 0 7 3733 4128 4127
9588 2 2 0 7 3740 5250 3742
9589 2 2 0 7 3742 4313 4312
9590 2 2 0 7 3742 7255 4313
9591 2 2 0 7 3745 7286 4266
9592 2 2 0 7 7491 7513 3749
9593 2 2 0 7 4438 4440 3796
9594 2 2 0 7 4576 4577 3830
9595 2 2 0 7 4065 4610 4066
9596 2 2 0 7 6944 7643 4084
9597 2 2 0 7 4752 6951 4105
9598 2 2 0 7 5415 5416 4106
9599 2 2 0 7 4122 6900 4416
9600 2 2 0 7 4976 4977 4126
9601 2 2 0 7 4128 5125 4127
9602 2 2 0 7 5238 6956 4128
9603 2 2 0 7 4131 4766 4133
9604 2 2 0 7 4248 5327 4170
9605 2 2 0 7 4587 4968 4241
9606 2 2 0 7 4242 4852 4588
9607 2 2 0 7 4248 7285 5445
9608 2 2 0 7 4730 5226 4312
9609 2 2 0 7 4313 4732 4731
9610 2 2 0 7 4321 5240 4320
9611 2 2 0 7 7158 7416 4328
9612 2 2 0 7 4858 4867 4331
9613 2 2 0 7 4865 4872 4334
9614 2 2 0 7 4337 4868 4851
9615 2 2 0 7 4417 5848 5756
9616 2 2 0 7 5513 7322 4440
9617 2 2 0 7 5733 5734 4501
9618 2 2 0 7 5131 6284 4507
9619 2 2 0 7 4578 4579 4577
9620 2 2 0 7 4580 4581 4579
9621 2 2 0 7 4580 7345 6310
9622 2 2 0 7 4648 4808 4581
9623 2 2 0 7 4581 7354 4759
9624 2 2 0 7 4588 7542 5264
9625 2 2 0 7 4611 6223 4610
9626 2 2 0 7 4731 7196 5236
9627 2 2 0 7 4768 4832 4748
9628 2 2 0 7 4755 4758 4757
9629 2 2 0 7 4757 7359 5253
9630 2 2 0 7 7131 7652 4766
9631 2 2 0 7 4769 7026 6959
9632 2 2 0 7 4781 6937 4779
9633 2 2 0 7 4782 7249 7067
9634 2 2 0 7 4798 7134 7125
9635 2 2 0 7 4800 7280 7127
9636 2 2 0 7 7311 7344 4800
9637 2 2 0 7 4809 7035 4808
9638 2 2 0 7 4819 7218 4820
9639 2 2 0 7 4828 5174 4829
9640 2 2 0 7 7176 7178 4861
9641 2 2 0 7 6993 7609 4863
9642 2 2 0 7 4868 4870 4869
9643 2 2 0 7 5077 6528 6324
9644 2 2 0 7 5240 7015 5246
9645 2 2 0 7 5251 7619 7499
9646 2 2 0 7 5256 7421 7368
9647 2 2 0 7 5257 7334 7333
9648 2 2 0 7 5258 7335 7334
9649 2 2 0 7 5578 5580 5269
9650 2 2 0 7 5352 5716 5715
9651 2 2 0 7 7350 7549 5781
9652 2 2 0 7 6925 6928 6923
9653 2 2 0 7 6985 6986 6984
9654 2 2 0 7 7206 7646 7038
9655 2 2 0 7 7343 7414 7039
9656 2 2 0 7 7091 7311 7127
9657 2 2 0 7 7120 7416 7121
9658 2 2 0 7 7134 7305 7126
9659 2 2 0 7 7158 7414 7332
9660 2 2 0 7 7332 7415 7158
9661 2 2 0 7 7180 7181 7179
9662 2 2 0 7 7204 7608 7515
9663 2 2 0 7 7231 7234 7228
9664 2 2 0 7 7244 7246 7245
9665 2 2 0 7 1974 7385 6954
9666 2 2 0 7 3249 7489 2031
9667 2 2 0 7 3146 7247 3142
9668 2 2 0 7 3273 7132 3271
9669 2 2 0 7 4106 4107 4105
9670 2 2 0 7 4133 5225 4966
9671 2 2 0 7 7076 7077 4740
9672 2 2 0 7 2277 7667 3048
9673 2 2 0 7 3397 7281 3084
9674 2 2 0 7 3268 7054 3649
9675 2 2 0 7 3524 7031 7030
9676 2 2 0 7 3880 6936 4996
9677 2 2 0 7 4059 7128 4351
9678 2 2 0 7 6979 6980 4317
9679 2 2 0 7 4337 5277 4868
9680 2 2 0 7 5480 5481 5479
9681 2 2 0 7 1497 7125 1499
9682 2 2 0 7 1983 7591 1807
9683 2 2 0 7 2011 2012 1910
9684 2 2 0 7 1965 7052 1968
9685 2 2 0 7 4329 7480 3083
9686 2 2 0 7 3161 7404 4824
9687 2 2 0 7 3444 4324 3713
9688 2 2 0 7 4331 7175 4323
9689 2 2 0 7 7360 7452 4446
9690 2 2 0 7 4473 4474 4472
9691 2 2 0 7 4487 7100 7099
9692 2 2 0 7 4794 7066 4793
9693 2 2 0 7 4793 5218 4871
9694 2 2 0 7 5202 6317 6286
9695 2 2 0 7 1433 1434 121
9696 2 2 0 7 1696 7392 1698
9697 2 2 0 7 1779 1818 1778
9698 2 2 0 7 1815 1816 1789
9699 2 2 0 7 1803 1806 1805
9700 2 2 0 7 1806 1808 1807
9701 2 2 0 7 1808 1810 1809
9702 2 2 0 7 1811 1812 1810
9703 2 2 0 7 1812 1833 1813
9704 2 2 0 7 1833 1834 1813
9705 2 2 0 7 1833 1842 1834
9706 2 2 0 7 2119 5245 1842
9707 2 2 0 7 1843 1905 1904
9708 2 2 0 7 2004 3751 1904
9709 2 2 0 7 1906 1907 1905
9710 2 2 0 7 7122 7153 1906
9711 2 2 0 7 1908 7153 1994
9712 2 2 0 7 1909 3609 3608
9713 2 2 0 7 1983 7514 7505
9714 2 2 0 7 2021 3062 3061
9715 2 2 0 7 3725 3783 2097
9716 2 2 0 7 2238 2241 2240
9717 2 2 0 7 3023 3024 3022
9718 2 2 0 7 3757 3758 3756
9719 2 2 0 7 3756 7256 5265
9720 2 2 0 7 4307 4582 4306
9721 2 2 0 7 4339 5504 4619
9722 2 2 0 7 4732 7255 5275
9723 2 2 0 7 4935 4936 4816
9724 2 2 0 7 4828 5730 5174
9725 2 2 0 7 4878 7260 4838
9726 2 2 0 7 6620 6621 4876
9727 2 2 0 7 7401 7488 5245
9728 2 2 0 7 6918 6919 6916
9729 2 2 0 7 7516 7517 6980
9730 2 2 0 7 7146 7491 7155
9731 2 2 0 7 7186 7187 7184
9732 2 2 0 7 7261 7505 7260
9733 2 2 0 7 7559 7587 7433
9734 2 2 0 7 1468 7143 2140
9735 2 2 0 7 1667 7212 1670
9736 2 2 0 7 1874 7093 1876
9737 2 2 0 7 1917 2016 1999
9738 2 2 0 7 1994 2054 1949
9739 2 2 0 7 2068 7328 7096
9740 2 2 0 7 2146 7294 7213
9741 2 2 0 7 3162 3245 3160
9742 2 2 0 7 3677 4169 3382
9743 2 2 0 7 3724 7115 3726
9744 2 2 0 7 4595 4972 4169
9745 2 2 0 7 5347 7573 4504
9746 2 2 0 7 4761 7207 5230
9747 2 2 0 7 7272 7394 4846
9748 2 2 0 7 1478 1480 1479
9749 2 2 0 7 1544 7352 2081
9750 2 2 0 7 1821 7383 7137
9751 2 2 0 7 1828 7517 7355
9752 2 2 0 7 1835 1903 1847
9753 2 2 0 7 7508 7593 1852
9754 2 2 0 7 1988 3446 1866
9755 2 2 0 7 1990 2011 1910
9756 2 2 0 7 1995 1997 1918
9757 2 2 0 7 2066 7449 1989
9758 2 2 0 7 1996 2088 2087
9759 2 2 0 7 2002 2062 2001
9760 2 2 0 7 2042 2043 2038
9761 2 2 0 7 2063 2098 2062
9762 2 2 0 7 2075 3081 2076
9763 2 2 0 7 4987 5991 2082
9764 2 2 0 7 3271 7132 4298
9765 2 2 0 7 3684 4468 3686
9766 2 2 0 7 4335 4865 4334
9767 2 2 0 7 4348 6976 4349
9768 2 2 0 7 4578 4580 4579
9769 2 2 0 7 4721 4818 4817
9770 2 2 0 7 6196 6197 4913
9771 2 2 0 7 5030 5628 5050
9772 2 2 0 7 5238 7069 6956
9773 2 2 0 7 6454 6456 6455
9774 2 2 0 7 7400 7402 7200
9775 2 2 0 7 7245 7370 7242
9776 2 2 0 7 1850 7024 1777
9777 2 2 0 7 1829 1865 1830
9778 2 2 0 7 1957 1959 1958
9779 2 2 0 7 1967 7380 3028
9780 2 2 0 7 1973 1975 1974
9781 2 2 0 7 1977 1979 1978
9782 2 2 0 7 1979 2009 2008
9783 2 2 0 7 3086 7598 3661
9784 2 2 0 7 3436 7302 4803
9785 2 2 0 7 3677 6972 5220
9786 2 2 0 7 3745 4266 4265
9787 2 2 0 7 5093 5094 4061
9788 2 2 0 7 6871 6872 4722
9789 2 2 0 7 4785 5257 4783
9790 2 2 0 7 4812 7521 7420
9791 2 2 0 7 4935 5177 4936
9792 2 2 0 7 5218 6858 5279
9793 2 2 0 7 5220 6856 5501
9794 2 2 0 7 5220 6859 6856
9795 2 2 0 7 5220 6972 6859
9796 2 2 0 7 5238 7608 7069
9797 2 2 0 7 6856 6857 5501
9798 2 2 0 7 5617 5710 5616
9799 2 2 0 7 6917 6918 6916
9800 2 2 0 7 1469 1470 1468
9801 2 2 0 7 1548 7327 1476
9802 2 2 0 7 1853 4911 1850
9803 2 2 0 7 1922 7301 7191
9804 2 2 0 7 2102 7271 5215
9805 2 2 0 7 3261 7329 5267
9806 2 2 0 7 4112 4114 3428
9807 2 2 0 7 3701 3702 3700
9808 2 2 0 7 3814 3816 3815
9809 2 2 0 7 3879 7431 4733
9810 2 2 0 7 4593 4607 4114
9811 2 2 0 7 4268 4907 4267
9812 2 2 0 7 5132 6356 6355
9813 2 2 0 7 7408 7691 7690
9814 2 2 0 7 1650 2131 1668
9815 2 2 0 7 1666 7362 3033
9816 2 2 0 7 1670 7212 1694
9817 2 2 0 7 1763 7383 1779
9818 2 2 0 7 1848 1849 1777
9819 2 2 0 7 1856 7392 7190
9820 2 2 0 7 1902 1913 1912
9821 2 2 0 7 1914 1915 1913
9822 2 2 0 7 1956 1957 1955
9823 2 2 0 7 1961 1962 1959
9824 2 2 0 7 1965 1966 1963
9825 2 2 0 7 2016 2143 2017
9826 2 2 0 7 2016 7552 2143
9827 2 2 0 7 2131 2133 2132
9828 2 2 0 7 2146 7306 7294
9829 2 2 0 7 4338 7092 3263
9830 2 2 0 7 3641 4125 3294
9831 2 2 0 7 3453 7283 3747
9832 2 2 0 7 3607 4251 3606
9833 2 2 0 7 3810 3814 3812
9834 2 2 0 7 4251 7084 6945
9835 2 2 0 7 7336 7423 4309
9836 2 2 0 7 4746 4856 4322
9837 2 2 0 7 4619 7535 4340
9838 2 2 0 7 5346 5347 4504
9839 2 2 0 7 4754 4755 4753
9840 2 2 0 7 4844 4846 4845
9841 2 2 0 7 4913 7632 7581
9842 2 2 0 7 6356 6357 6355
9843 2 2 0 7 7157 7414 7158
9844 2 2 0 7 7190 7392 7272
9845 2 2 0 7 1919 1995 1918
9846 2 2 0 7 2029 7148 3248
9847 2 2 0 7 2087 3577 2086
9848 2 2 0 7 3440 4839 4726
9849 2 2 0 7 3599 4323 4322
9850 2 2 0 7 3712 7549 7350
9851 2 2 0 7 3720 3722 3721
9852 2 2 0 7 4330 4331 4323
9853 2 2 0 7 4335 7038 4865
9854 2 2 0 7 4636 5056 4558
9855 2 2 0 7 7033 7554 4801
9856 2 2 0 7 7046 7109 7044
9857 2 2 0 7 7055 7058 7057
9858 2 2 0 7 1404 7339 110
9859 2 2 0 7 1457 1458 1456
9860 2 2 0 7 1478 1479 1477
9861 2 2 0 7 1477 7241 2138
9862 2 2 0 7 1478 7327 3030
9863 2 2 0 7 1708 1741 1704
9864 2 2 0 7 1748 1751 1741
9865 2 2 0 7 1771 1772 1751
9866 2 2 0 7 2025 2026 2024
9867 2 2 0 7 2031 2032 2030
9868 2 2 0 7 2032 2034 2033
9869 2 2 0 7 2034 2037 2035
9870 2 2 0 7 2037 2042 2038
9871 2 2 0 7 2061 2091 2090
9872 2 2 0 7 2068 7096 3335
9873 2 2 0 7 3274 3276 3275
9874 2 2 0 7 3757 4273 3758
9875 2 2 0 7 3794 4713 4712
9876 2 2 0 7 3829 7330 4826
9877 2 2 0 7 4305 4306 4252
9878 2 2 0 7 4723 7423 6896
9879 2 2 0 7 4752 6964 6951
9880 2 2 0 7 6918 7374 6919
9881 2 2 0 7 1875 7479 3447
9882 2 2 0 7 2123 7053 3594
9883 2 2 0 7 3794 4712 3689
9884 2 2 0 7 6270 6271 4985
9885 2 2 0 7 1487 1488 1486
9886 2 2 0 7 1491 1492 1490
9887 2 2 0 7 1492 1494 1493
9888 2 2 0 7 3439 7342 1492
9889 2 2 0 7 1500 1502 1501
9890 2 2 0 7 1503 1504 1502
9891 2 2 0 7 1515 1516 1514
9892 2 2 0 7 2141 7119 1524
9893 2 2 0 7 1528 1530 1529
9894 2 2 0 7 1532 7202 1534
9895 2 2 0 7 1535 5249 1533
9896 2 2 0 7 1536 7277 1538
9897 2 2 0 7 1540 1541 1537
9898 2 2 0 7 1790 1815 1789
9899 2 2 0 7 1831 7400 1798
9900 2 2 0 7 1862 7111 1826
9901 2 2 0 7 1944 3042 1858
9902 2 2 0 7 1893 7308 1899
9903 2 2 0 7 1903 2002 2001
9904 2 2 0 7 1912 2148 2147
9905 2 2 0 7 1915 1950 1913
9906 2 2 0 7 1944 3043 3042
9907 2 2 0 7 1947 2020 1945
9908 2 2 0 7 1976 7249 4782
9909 2 2 0 7 7261 7591 1983
9910 2 2 0 7 2083 2084 1993
9911 2 2 0 7 2002 2063 2062
9912 2 2 0 7 2095 3075 3074
9913 2 2 0 7 3038 7386 7328
9914 2 2 0 7 3043 3044 3042
9915 2 2 0 7 3274 3275 3273
9916 2 2 0 7 4725 4798 3439
9917 2 2 0 7 3444 3713 3445
9918 2 2 0 7 3452 7332 7277
9919 2 2 0 7 3545 4149 3544
9920 2 2 0 7 3552 4293 3784
9921 2 2 0 7 3685 4706 3683
9922 2 2 0 7 3697 3698 3696
9923 2 2 0 7 3697 3699 3698
9924 2 2 0 7 3718 4802 4760
9925 2 2 0 7 3880 4586 3817
9926 2 2 0 7 4107 4752 4105
9927 2 2 0 7 4416 4975 4124
9928 2 2 0 7 4293 5047 4488
9929 2 2 0 7 5209 5210 4299
9930 2 2 0 7 4313 4730 4312
9931 2 2 0 7 5235 5266 4329
9932 2 2 0 7 4339 4619 4340
9933 2 2 0 7 4540 4542 4541
9934 2 2 0 7 4764 4774 4773
9935 2 2 0 7 4802 6935 5231
9936 2 2 0 7 6824 6825 5210
9937 2 2 0 7 5272 7631 7616
9938 2 2 0 7 5346 5348 5347
9939 2 2 0 7 5481 6532 5479
9940 2 2 0 7 7120 7121 7119
9941 2 2 0 7 1539 7511 7152
9942 2 2 0 7 1777 7024 1770
9943 2 2 0 7 2034 2035 2033
9944 2 2 0 7 2037 2038 2035
9945 2 2 0 7 2043 2073 2072
9946 2 2 0 7 3062 7607 3646
9947 2 2 0 7 3270 3272 3271
9948 2 2 0 7 4712 5217 3689
9949 2 2 0 7 5219 6860 4717
9950 2 2 0 7 7302 7303 4803
9951 2 2 0 7 5077 7446 6528
9952 2 2 0 7 7078 7079 6866
9953 2 2 0 7 6907 6908 6906
9954 2 2 0 7 1353 7262 107
9955 2 2 0 7 1437 4592 1439
9956 2 2 0 7 1629 1631 1630
9957 2 2 0 7 1644 1645 1643
9958 2 2 0 7 1648 7201 5441
9959 2 2 0 7 1650 1651 1649
9960 2 2 0 7 1653 1655 1654
9961 2 2 0 7 1655 1657 1656
9962 2 2 0 7 1657 1659 1658
9963 2 2 0 7 2132 7270 1668
9964 2 2 0 7 1743 1745 1710
9965 2 2 0 7 1878 1880 1879
9966 2 2 0 7 1896 1921 1920
9967 2 2 0 7 1922 1923 1921
9968 2 2 0 7 1927 1930 1929
9969 2 2 0 7 1931 1932 1930
9970 2 2 0 7 1932 1934 1933
9971 2 2 0 7 1935 1936 1934
9972 2 2 0 7 1936 1938 1937
9973 2 2 0 7 1937 7274 7095
9974 2 2 0 7 1939 1940 1938
9975 2 2 0 7 7368 7421 1987
9976 2 2 0 7 2032 2036 2034
9977 2 2 0 7 2034 7209 2037
9978 2 2 0 7 4243 7393 2114
9979 2 2 0 7 2115 3435 2118
9980 2 2 0 7 2746 2762 2761
9981 2 2 0 7 7565 7633 3067
9982 2 2 0 7 3159 7366 4814
9983 2 2 0 7 3435 7302 3436
9984 2 2 0 7 3436 4803 4718
9985 2 2 0 7 3437 7393 6263
9986 2 2 0 7 4771 4772 3451
9987 2 2 0 7 3641 4248 4170
9988 2 2 0 7 4540 4541 3690
9989 2 2 0 7 3806 3807 3805
9990 2 2 0 7 4571 4572 4109
9991 2 2 0 7 7333 7334 4309
9992 2 2 0 7 4723 4724 4310
9993 2 2 0 7 4733 4734 4365
9994 2 2 0 7 4445 7257 5709
9995 2 2 0 7 4542 4873 4541
9996 2 2 0 7 4656 4657 4572
9997 2 2 0 7 7000 7001 4772
9998 2 2 0 7 4860 7032 5068
9999 2 2 0 7 4870 5122 4869
10000 2 2 0 7 5800 5801 4911
10001 2 2 0 7 5007 5009 5008
10002 2 2 0 7 5122 5754 5124
10003 2 2 0 7 1443 1444 1442
10004 2 2 0 7 1463 1464 1462
10005 2 2 0 7 1480 1483 1482
10006 2 2 0 7 1483 1486 1485
10007 2 2 0 7 1497 7342 7125
10008 2 2 0 7 1499 1500 1498
10009 2 2 0 7 1504 1506 1505
10010 2 2 0 7 1507 1508 1506
10011 2 2 0 7 1508 1510 1509
10012 2 2 0 7 1511 1512 1510
10013 2 2 0 7 1512 1514 1513
10014 2 2 0 7 1518 1520 1519
10015 2 2 0 7 1520 1522 1521
10016 2 2 0 7 1539 7346 1520
10017 2 2 0 7 1526 1528 1527
10018 2 2 0 7 1532 1533 1530
10019 2 2 0 7 1534 1535 1533
10020 2 2 0 7 1538 7277 1549
10021 2 2 0 7 2081 7398 1541
10022 2 2 0 7 1948 7352 1547
10023 2 2 0 7 1573 1764 1574
10024 2 2 0 7 1647 1650 1649
10025 2 2 0 7 1649 7201 1648
10026 2 2 0 7 1653 1654 1652
10027 2 2 0 7 1655 1656 1654
10028 2 2 0 7 1657 1658 1656
10029 2 2 0 7 1657 7160 1659
10030 2 2 0 7 1659 1660 1658
10031 2 2 0 7 1669 7362 1666
10032 2 2 0 7 7270 7456 1668
10033 2 2 0 7 1685 4822 1674
10034 2 2 0 7 1694 7212 3746
10035 2 2 0 7 1695 7361 3737
10036 2 2 0 7 1745 2015 1710
10037 2 2 0 7 1756 7384 1763
10038 2 2 0 7 1760 1848 1777
10039 2 2 0 7 1864 1910 1839
10040 2 2 0 7 1851 1853 1850
10041 2 2 0 7 1854 1881 1855
10042 2 2 0 7 1872 1874 1873
10043 2 2 0 7 1876 4771 3451
10044 2 2 0 7 1877 7251 7093
10045 2 2 0 7 1880 1895 1879
10046 2 2 0 7 1889 1891 1888
10047 2 2 0 7 1894 1901 1893
10048 2 2 0 7 1905 7364 2004
10049 2 2 0 7 1937 7095 7094
10050 2 2 0 7 1964 1965 1963
10051 2 2 0 7 1968 1969 1967
10052 2 2 0 7 1971 1973 1972
10053 2 2 0 7 1976 1977 1975
10054 2 2 0 7 2009 2056 2008
10055 2 2 0 7 2012 7480 7447
10056 2 2 0 7 2022 7418 2023
10057 2 2 0 7 2025 3067 2027
10058 2 2 0 7 2043 2072 2038
10059 2 2 0 7 2045 4842 4841
10060 2 2 0 7 2049 7284 7124
10061 2 2 0 7 3159 3520 2078
10062 2 2 0 7 2079 7404 3161
10063 2 2 0 7 2115 2118 2113
10064 2 2 0 7 2128 3740 3441
10065 2 2 0 7 2133 2150 2132
10066 2 2 0 7 2143 3598 2144
10067 2 2 0 7 3453 3747 2150
10068 2 2 0 7 2281 2282 2280
10069 2 2 0 7 2283 2284 2282
10070 2 2 0 7 2285 2287 2284
10071 2 2 0 7 3027 3693 3442
10072 2 2 0 7 3082 3086 3084
10073 2 2 0 7 3286 4131 4130
10074 2 2 0 7 3874 7282 3391
10075 2 2 0 7 3399 4277 3398
10076 2 2 0 7 3437 6263 4540
10077 2 2 0 7 3442 7325 3718
10078 2 2 0 7 3713 3714 3445
10079 2 2 0 7 4772 7169 3451
10080 2 2 0 7 4814 4815 3520
10081 2 2 0 7 3709 3711 3710
10082 2 2 0 7 3716 7161 3755
10083 2 2 0 7 3760 6899 4268
10084 2 2 0 7 3810 3812 3811
10085 2 2 0 7 3877 3878 3875
10086 2 2 0 7 3879 4733 4365
10087 2 2 0 7 4065 4611 4610
10088 2 2 0 7 4268 6905 4907
10089 2 2 0 7 4788 7388 4333
10090 2 2 0 7 4487 7099 7098
10091 2 2 0 7 5220 5501 4595
10092 2 2 0 7 6634 7535 4619
10093 2 2 0 7 4791 4794 4793
10094 2 2 0 7 4798 7135 7134
10095 2 2 0 7 4844 4845 4842
10096 2 2 0 7 4846 4847 4845
10097 2 2 0 7 7095 7274 5248
10098 2 2 0 7 5256 7512 7421
10099 2 2 0 7 5480 7114 5481
10100 2 2 0 7 7216 7611 7279
10101 2 2 0 7 7335 7336 7334
10102 2 2 0 7 124 1430 123
10103 2 2 0 7 126 1392 125
10104 2 2 0 7 129 1380 128
10105 2 2 0 7 131 1406 130
10106 2 2 0 7 133 1369 132
10107 2 2 0 7 135 1407 134
10108 2 2 0 7 1407 7219 134
10109 2 2 0 7 138 1351 137
10110 2 2 0 7 141 1408 140
10111 2 2 0 7 142 7221 141
10112 2 2 0 7 143 1362 142
10113 2 2 0 7 1362 7221 142
10114 2 2 0 7 145 1409 144
10115 2 2 0 7 1409 7222 144
10116 2 2 0 7 146 7223 145
10117 2 2 0 7 147 1371 146
10118 2 2 0 7 1371 7223 146
10119 2 2 0 7 149 1410 148
10120 2 2 0 7 1410 7224 148
10121 2 2 0 7 152 1365 151
10122 2 2 0 7 154 1411 153
10123 2 2 0 7 1411 7225 153
10124 2 2 0 7 155 7226 154
10125 2 2 0 7 156 7227 155
10126 2 2 0 7 157 1350 156
10127 2 2 0 7 1350 7227 156
10128 2 2 0 7 159 1412 158
10129 2 2 0 7 162 1366 161
10130 2 2 0 7 164 1413 163
10131 2 2 0 7 1413 7236 163
10132 2 2 0 7 165 7237 164
10133 2 2 0 7 166 1381 165
10134 2 2 0 7 1381 7237 165
10135 2 2 0 7 167 7238 166
10136 2 2 0 7 168 7239 167
10137 2 2 0 7 169 1391 168
10138 2 2 0 7 1391 7239 168
10139 2 2 0 7 171 1432 170
10140 2 2 0 7 1432 7240 170
10141 2 2 0 7 1630 6948 1627
10142 2 2 0 7 1629 1632 1631
10143 2 2 0 7 1633 1636 1635
10144 2 2 0 7 1637 1640 1639
10145 2 2 0 7 1641 1644 1643
10146 2 2 0 7 1645 7147 1647
10147 2 2 0 7 1648 2145 1646
10148 2 2 0 7 1659 1663 1661
10149 2 2 0 7 1662 1691 1660
10150 2 2 0 7 2131 2132 1668
10151 2 2 0 7 7023 7361 1700
10152 2 2 0 7 1744 1846 1703
10153 2 2 0 7 1709 1743 1710
10154 2 2 0 7 1763 1779 1778
10155 2 2 0 7 1779 1820 1818
10156 2 2 0 7 1853 5100 4911
10157 2 2 0 7 1980 1982 1862
10158 2 2 0 7 1863 2046 1981
10159 2 2 0 7 1872 1873 1870
10160 2 2 0 7 2040 2041 1982
10161 2 2 0 7 2016 2017 1999
10162 2 2 0 7 3136 3137 2041
10163 2 2 0 7 2126 3805 3804
10164 2 2 0 7 2325 2327 2326
10165 2 2 0 7 2329 2331 2330
10166 2 2 0 7 2335 2337 2336
10167 2 2 0 7 2339 2341 2340
10168 2 2 0 7 2343 2345 2344
10169 2 2 0 7 2345 2347 2346
10170 2 2 0 7 2353 2355 2354
10171 2 2 0 7 2359 2363 2362
10172 2 2 0 7 2373 2378 2377
10173 2 2 0 7 2395 2418 2417
10174 2 2 0 7 3544 4074 3328
10175 2 2 0 7 3329 4297 3545
10176 2 2 0 7 4308 4310 3735
10177 2 2 0 7 7283 7475 3747
10178 2 2 0 7 3755 4786 4333
10179 2 2 0 7 4472 4910 4149
10180 2 2 0 7 4150 4475 4473
10181 2 2 0 7 4477 5799 4474
10182 2 2 0 7 4476 5674 5673
10183 2 2 0 7 4988 5089 4799
10184 2 2 0 7 5332 6643 6519
10185 2 2 0 7 7177 7180 7179
10186 2 2 0 7 7229 7230 7228
10187 2 2 0 7 1469 1471 1470
10188 2 2 0 7 1471 1472 1470
10189 2 2 0 7 1482 7275 1484
10190 2 2 0 7 1485 7276 7275
10191 2 2 0 7 1494 7342 1497
10192 2 2 0 7 1504 1505 1502
10193 2 2 0 7 1504 7298 1507
10194 2 2 0 7 1508 1509 1506
10195 2 2 0 7 1512 1513 1510
10196 2 2 0 7 1518 1519 1517
10197 2 2 0 7 1524 1525 1523
10198 2 2 0 7 7119 7300 1526
10199 2 2 0 7 1530 1531 1529
10200 2 2 0 7 1560 1561 1547
10201 2 2 0 7 1555 7377 1552
10202 2 2 0 7 1553 1557 1554
10203 2 2 0 7 1561 7312 1948
10204 2 2 0 7 1637 1639 1638
10205 2 2 0 7 1650 1668 1651
10206 2 2 0 7 1651 7456 1653
10207 2 2 0 7 1662 7428 6783
10208 2 2 0 7 1665 1667 1666
10209 2 2 0 7 1674 7362 1669
10210 2 2 0 7 1670 1675 1673
10211 2 2 0 7 1694 1695 1675
10212 2 2 0 7 1696 1697 1695
10213 2 2 0 7 1698 7392 1856
10214 2 2 0 7 1699 1709 1700
10215 2 2 0 7 1857 4811 1711
10216 2 2 0 7 1756 1763 1762
10217 2 2 0 7 1803 1805 1802
10218 2 2 0 7 1810 7496 1809
10219 2 2 0 7 1809 7514 1983
10220 2 2 0 7 1869 2045 1871
10221 2 2 0 7 1872 7479 1875
10222 2 2 0 7 1874 1876 1873
10223 2 2 0 7 1895 1911 1879
10224 2 2 0 7 1880 7198 1896
10225 2 2 0 7 1887 1889 1888
10226 2 2 0 7 1889 1892 1891
10227 2 2 0 7 1894 1902 1901
10228 2 2 0 7 1896 1922 1921
10229 2 2 0 7 1917 1999 1998
10230 2 2 0 7 1922 7191 1923
10231 2 2 0 7 1929 6994 1925
10232 2 2 0 7 1927 1931 1930
10233 2 2 0 7 1931 7192 1932
10234 2 2 0 7 1932 1935 1934
10235 2 2 0 7 7094 7571 1933
10236 2 2 0 7 1936 1939 1938
10237 2 2 0 7 1940 1943 1942
10238 2 2 0 7 2006 7462 1941
10239 2 2 0 7 1987 7421 1977
10240 2 2 0 7 2049 7124 1990
10241 2 2 0 7 2009 2057 2056
10242 2 2 0 7 2032 2033 2030
10243 2 2 0 7 2045 7190 4844
10244 2 2 0 7 2078 7284 2049
10245 2 2 0 7 2107 3329 3328
10246 2 2 0 7 2128 3441 2129
10247 2 2 0 7 2131 7074 2133
10248 2 2 0 7 2131 7147 7074
10249 2 2 0 7 2150 3448 2132
10250 2 2 0 7 2144 3039 3038
10251 2 2 0 7 3442 3443 3026
10252 2 2 0 7 3084 3085 3083
10253 2 2 0 7 3140 4316 3138
10254 2 2 0 7 3144 3146 3142
10255 2 2 0 7 3433 7348 3144
10256 2 2 0 7 3218 4288 3548
10257 2 2 0 7 3549 3550 3219
10258 2 2 0 7 3329 3545 3544
10259 2 2 0 7 3392 3876 3875
10260 2 2 0 7 3427 4113 4112
10261 2 2 0 7 3429 4108 3717
10262 2 2 0 7 7169 7378 3451
10263 2 2 0 7 3703 7026 4769
10264 2 2 0 7 3760 4267 3714
10265 2 2 0 7 3716 3755 3754
10266 2 2 0 7 5248 7462 3717
10267 2 2 0 7 3753 4433 3739
10268 2 2 0 7 5250 7255 3742
10269 2 2 0 7 3744 4328 4327
10270 2 2 0 7 3750 4768 4748
10271 2 2 0 7 4108 4571 4109
10272 2 2 0 7 4607 4608 4114
10273 2 2 0 7 4150 4473 4472
10274 2 2 0 7 5327 5328 4170
10275 2 2 0 7 4266 4486 4485
10276 2 2 0 7 4313 7255 4732
10277 2 2 0 7 4327 4819 4326
10278 2 2 0 7 4819 4820 4326
10279 2 2 0 7 4332 7388 5272
10280 2 2 0 7 4434 6922 4433
10281 2 2 0 7 4571 4656 4572
10282 2 2 0 7 5199 7470 4607
10283 2 2 0 7 4656 5049 4657
10284 2 2 0 7 4795 5255 4658
10285 2 2 0 7 4734 4741 4736
10286 2 2 0 7 4751 7005 4744
10287 2 2 0 7 4757 5253 5224
10288 2 2 0 7 7002 7169 4772
10289 2 2 0 7 4774 4776 4775
10290 2 2 0 7 7067 7068 4784
10291 2 2 0 7 4787 4789 4788
10292 2 2 0 7 4813 4857 4812
10293 2 2 0 7 7151 7218 4819
10294 2 2 0 7 5262 5263 4829
10295 2 2 0 7 4835 7260 4834
10296 2 2 0 7 4837 4838 4835
10297 2 2 0 7 7317 7319 4840
10298 2 2 0 7 4847 4849 4845
10299 2 2 0 7 5093 6314 5494
10300 2 2 0 7 5178 7043 7042
10301 2 2 0 7 5244 6622 5243
10302 2 2 0 7 5258 7334 5257
10303 2 2 0 7 5258 7337 7335
10304 2 2 0 7 7062 7063 6935
10305 2 2 0 7 7002 7314 7173
10306 2 2 0 7 7047 7048 7042
10307 2 2 0 7 7117 7375 7118
10308 2 2 0 7 7125 7134 7126
10309 2 2 0 7 4242 4587 4241
10310 2 2 0 7 4242 4588 4587
10311 2 2 0 7 4724 5233 5232
10312 2 2 0 7 5240 7528 7445
10313 2 2 0 7 1437 1438 1436
10314 2 2 0 7 1437 1439 1438
10315 2 2 0 7 1442 3761 1440
10316 2 2 0 7 1441 3614 1443
10317 2 2 0 7 1443 1445 1444
10318 2 2 0 7 1446 3029 1444
10319 2 2 0 7 1450 1823 1448
10320 2 2 0 7 1452 7182 1450
10321 2 2 0 7 1460 3292 1458
10322 2 2 0 7 1461 1776 1463
10323 2 2 0 7 1464 1481 1462
10324 2 2 0 7 1463 7373 1465
10325 2 2 0 7 1467 1755 1469
10326 2 2 0 7 1472 1474 1470
10327 2 2 0 7 1473 1548 1476
10328 2 2 0 7 1477 2138 1475
10329 2 2 0 7 1476 7327 1478
10330 2 2 0 7 1479 7241 1477
10331 2 2 0 7 1482 1484 1479
10332 2 2 0 7 1484 7242 7241
10333 2 2 0 7 1659 7160 1663
10334 2 2 0 7 1664 7428 1661
10335 2 2 0 7 1666 3033 1664
10336 2 2 0 7 1673 1674 1669
10337 2 2 0 7 1702 7279 2139
10338 2 2 0 7 1763 1778 1762
10339 2 2 0 7 7049 7051 1771
10340 2 2 0 7 7616 7631 1931
10341 2 2 0 7 1941 7274 1938
10342 2 2 0 7 2058 2074 2059
10343 2 2 0 7 2090 3304 2060
10344 2 2 0 7 2061 2120 2091
10345 2 2 0 7 2061 7129 2120
10346 2 2 0 7 3734 3735 2074
10347 2 2 0 7 3334 3429 2080
10348 2 2 0 7 2126 3804 2125
10349 2 2 0 7 7241 7370 2138
10350 2 2 0 7 3072 3768 3767
10351 2 2 0 7 3664 7054 3266
10352 2 2 0 7 3595 3597 3596
10353 2 2 0 7 3595 3730 3597
10354 2 2 0 7 3606 4084 3596
10355 2 2 0 7 3599 4330 4323
10356 2 2 0 7 4251 6944 3606
10357 2 2 0 7 3736 4308 3735
10358 2 2 0 7 3760 4268 4267
10359 2 2 0 7 4340 5259 3769
10360 2 2 0 7 3805 4445 3804
10361 2 2 0 7 3808 3809 3807
10362 2 2 0 7 3872 4828 4827
10363 2 2 0 7 4084 7636 7506
10364 2 2 0 7 4582 4950 4306
10365 2 2 0 7 4309 7423 4308
10366 2 2 0 7 5232 7205 4310
10367 2 2 0 7 4485 7019 5058
10368 2 2 0 7 4502 5733 4501
10369 2 2 0 7 4864 6871 4722
10370 2 2 0 7 6872 7572 4722
10371 2 2 0 7 4723 5222 4724
10372 2 2 0 7 4749 5227 4750
10373 2 2 0 7 4757 5224 4756
10374 2 2 0 7 5780 5781 4770
10375 2 2 0 7 4825 7534 5132
10376 2 2 0 7 7190 7272 4844
10377 2 2 0 7 5270 7592 4858
10378 2 2 0 7 6915 6965 5232
10379 2 2 0 7 5268 5578 5269
10380 2 2 0 7 6919 6931 6916
10381 2 2 0 7 7006 7013 7011
10382 2 2 0 7 7055 7057 7056
10383 2 2 0 7 7077 7320 7319
10384 2 2 0 7 7257 7259 7258
10385 2 2 0 7 1461 1463 1462
10386 2 2 0 7 1481 7141 1462
10387 2 2 0 7 1492 1493 1490
10388 2 2 0 7 1491 3440 3439
10389 2 2 0 7 1495 2152 2151
10390 2 2 0 7 1528 7300 1532
10391 2 2 0 7 1538 1540 1537
10392 2 2 0 7 1540 1543 1541
10393 2 2 0 7 1821 1864 1839
10394 2 2 0 7 1883 7136 1884
10395 2 2 0 7 1915 1951 1950
10396 2 2 0 7 1952 1953 1951
10397 2 2 0 7 1971 1972 1969
10398 2 2 0 7 1985 2039 2022
10399 2 2 0 7 2010 7436 7435
10400 2 2 0 7 2042 7329 2043
10401 2 2 0 7 2043 3261 2073
10402 2 2 0 7 3305 3689 2104
10403 2 2 0 7 2278 2281 2280
10404 2 2 0 7 2290 2292 2291
10405 2 2 0 7 3025 7210 3027
10406 2 2 0 7 3266 7054 3268
10407 2 2 0 7 3268 3649 3270
10408 2 2 0 7 3271 4298 3269
10409 2 2 0 7 4478 4912 3306
10410 2 2 0 7 4065 4066 3347
10411 2 2 0 7 3450 3749 3449
10412 2 2 0 7 3597 3606 3596
10413 2 2 0 7 3664 7061 7054
10414 2 2 0 7 3694 4315 4314
10415 2 2 0 7 3712 7176 3698
10416 2 2 0 7 4801 7486 3699
10417 2 2 0 7 3718 7325 4802
10418 2 2 0 7 4760 7557 3719
10419 2 2 0 7 3744 4326 3743
10420 2 2 0 7 3750 4830 4768
10421 2 2 0 7 4138 4636 4558
10422 2 2 0 7 4396 4451 4397
10423 2 2 0 7 5810 5811 4451
10424 2 2 0 7 4649 6983 6575
10425 2 2 0 7 4732 5273 4731
10426 2 2 0 7 4755 4756 4753
10427 2 2 0 7 3449 7473 1885
10428 2 2 0 7 1890 3731 3450
10429 2 2 0 7 2027 2029 2028
10430 2 2 0 7 2029 2031 2030
10431 2 2 0 7 3335 3519 2069
10432 2 2 0 7 2092 3817 2093
10433 2 2 0 7 3039 3399 3398
10434 2 2 0 7 3739 7397 3136
10435 2 2 0 7 4316 7040 3138
10436 2 2 0 7 3141 3143 3142
10437 2 2 0 7 3218 3548 3219
10438 2 2 0 7 3262 3264 3263
10439 2 2 0 7 3265 4338 3263
10440 2 2 0 7 3264 3664 3266
10441 2 2 0 7 3272 3643 3274
10442 2 2 0 7 3275 3763 3273
10443 2 2 0 7 3703 4769 3702
10444 2 2 0 7 3738 5252 3753
10445 2 2 0 7 4433 4799 3739
10446 2 2 0 7 4058 4060 4059
10447 2 2 0 7 4104 5415 4106
10448 2 2 0 7 4277 5244 5243
10449 2 2 0 7 4724 5232 4310
10450 2 2 0 7 4636 6550 5056
10451 2 2 0 7 4825 5132 5131
10452 2 2 0 7 1445 1446 1444
10453 2 2 0 7 1447 1448 1446
10454 2 2 0 7 1451 1452 1450
10455 2 2 0 7 1451 1453 1452
10456 2 2 0 7 1453 1455 1454
10457 2 2 0 7 1455 1457 1456
10458 2 2 0 7 1459 1460 1458
10459 2 2 0 7 1461 1462 1460
10460 2 2 0 7 1484 7275 7243
10461 2 2 0 7 1494 1495 1493
10462 2 2 0 7 1512 7299 1515
10463 2 2 0 7 1522 7346 2141
10464 2 2 0 7 3071 7418 2022
10465 2 2 0 7 2037 2124 2042
10466 2 2 0 7 2125 7329 2042
10467 2 2 0 7 2059 2060 2057
10468 2 2 0 7 2061 2090 2060
10469 2 2 0 7 3082 3083 2076
10470 2 2 0 7 2102 5215 2084
10471 2 2 0 7 2103 2104 2102
10472 2 2 0 7 2123 3158 3157
10473 2 2 0 7 3261 5267 3765
10474 2 2 0 7 3329 3544 3328
10475 2 2 0 7 3430 3825 3824
10476 2 2 0 7 7202 7415 3452
10477 2 2 0 7 3547 4507 3872
10478 2 2 0 7 3597 3607 3606
10479 2 2 0 7 3755 4332 3754
10480 2 2 0 7 3785 4499 4403
10481 2 2 0 7 4445 4446 3804
10482 2 2 0 7 4503 4504 3815
10483 2 2 0 7 4133 4966 4132
10484 2 2 0 7 4150 4472 4149
10485 2 2 0 7 4304 4864 4722
10486 2 2 0 7 4305 4307 4306
10487 2 2 0 7 5673 5675 4477
10488 2 2 0 7 5278 7466 4792
10489 2 2 0 7 5233 6915 5232
10490 2 2 0 7 5234 7550 5235
10491 2 2 0 7 5268 5579 5578
10492 2 2 0 7 5345 6383 5346
10493 2 2 0 7 6919 6932 6931
10494 2 2 0 7 6992 7647 6993
10495 2 2 0 7 7039 7414 7157
10496 2 2 0 7 7121 7300 7119
10497 2 2 0 7 1439 1441 1440
10498 2 2 0 7 1441 1443 1442
10499 2 2 0 7 1661 7428 1662
10500 2 2 0 7 1697 7361 1695
10501 2 2 0 7 1756 1762 1745
10502 2 2 0 7 1812 1813 1810
10503 2 2 0 7 1842 1843 1834
10504 2 2 0 7 1911 7251 1879
10505 2 2 0 7 1902 1912 1901
10506 2 2 0 7 1908 1909 1907
10507 2 2 0 7 1965 1967 1966
10508 2 2 0 7 1970 1971 1969
10509 2 2 0 7 1994 3724 2097
10510 2 2 0 7 2040 3136 2041
10511 2 2 0 7 2093 2094 2047
10512 2 2 0 7 2058 3734 2074
10513 2 2 0 7 2090 3547 3304
10514 2 2 0 7 2120 2121 2091
10515 2 2 0 7 2134 2136 2135
10516 2 2 0 7 3037 3745 3613
10517 2 2 0 7 3738 3739 3136
10518 2 2 0 7 3137 3546 3139
10519 2 2 0 7 3161 3162 3160
10520 2 2 0 7 3392 3875 3874
10521 2 2 0 7 3449 7513 7473
10522 2 2 0 7 7411 7564 3664
10523 2 2 0 7 3706 7443 3750
10524 2 2 0 7 3707 3709 3708
10525 2 2 0 7 3724 3726 3725
10526 2 2 0 7 3758 7256 3756
10527 2 2 0 7 4747 7431 3877
10528 2 2 0 7 7096 7170 4138
10529 2 2 0 7 4304 4305 4252
10530 2 2 0 7 7319 7523 4318
10531 2 2 0 7 4433 4988 4799
10532 2 2 0 7 4473 4476 4474
10533 2 2 0 7 4503 5345 4504
10534 2 2 0 7 4767 6955 4737
10535 2 2 0 7 4782 7067 4784
10536 2 2 0 7 6296 6297 4951
10537 2 2 0 7 5125 5757 5126
10538 2 2 0 7 5348 5349 5347
10539 2 2 0 7 75 1431 74
10540 2 2 0 7 77 1390 76
10541 2 2 0 7 80 1378 79
10542 2 2 0 7 82 1400 81
10543 2 2 0 7 84 1367 83
10544 2 2 0 7 87 1398 86
10545 2 2 0 7 92 1401 91
10546 2 2 0 7 94 1363 93
10547 2 2 0 7 96 1402 95
10548 2 2 0 7 98 1370 97
10549 2 2 0 7 100 1403 99
10550 2 2 0 7 103 1364 102
10551 2 2 0 7 106 1399 105
10552 2 2 0 7 111 1404 110
10553 2 2 0 7 113 1368 112
10554 2 2 0 7 115 1405 114
10555 2 2 0 7 117 1379 116
10556 2 2 0 7 120 1393 119
10557 2 2 0 7 1435 1436 1393
10558 2 2 0 7 1441 1442 1440
10559 2 2 0 7 1452 7551 7182
10560 2 2 0 7 2100 7037 2099
10561 2 2 0 7 2121 2123 2122
10562 2 2 0 7 6952 7069 3060
10563 2 2 0 7 5339 7567 4152
10564 2 2 0 7 4251 6945 6944
10565 2 2 0 7 4445 5709 5708
10566 2 2 0 7 5007 6939 6876
10567 2 2 0 7 89 1352 88
10568 2 2 0 7 108 1353 107
10569 2 2 0 7 122 1433 121
10570 2 2 0 7 1467 1468 1466
10571 2 2 0 7 1473 1476 1475
10572 2 2 0 7 1476 1478 1477
10573 2 2 0 7 1484 7241 1479
10574 2 2 0 7 1665 7213 1667
10575 2 2 0 7 2080 7462 2006
10576 2 2 0 7 2055 3427 3334
10577 2 2 0 7 3429 3717 2080
10578 2 2 0 7 3598 7168 2144
10579 2 2 0 7 2148 3286 2149
10580 2 2 0 7 3644 3645 3249
10581 2 2 0 7 3645 4840 3249
10582 2 2 0 7 3335 4138 4136
10583 2 2 0 7 3400 3444 3401
10584 2 2 0 7 3604 7567 3603
10585 2 2 0 7 3605 4728 4110
10586 2 2 0 7 4388 7317 3645
10587 2 2 0 7 5268 5269 3765
10588 2 2 0 7 5046 5338 4152
10589 2 2 0 7 4734 4735 4365
10590 2 2 0 7 4486 4501 4485
10591 2 2 0 7 4751 7008 7007
10592 2 2 0 7 7057 7059 7056
10593 2 2 0 7 1442 7357 3761
10594 2 2 0 7 1453 1454 1452
10595 2 2 0 7 1819 7390 1778
10596 2 2 0 7 1834 7363 1813
10597 2 2 0 7 1833 2119 1842
10598 2 2 0 7 1852 1917 1916
10599 2 2 0 7 1888 7483 7102
10600 2 2 0 7 1892 1893 1891
10601 2 2 0 7 1908 1994 1949
10602 2 2 0 7 1957 1958 1955
10603 2 2 0 7 1961 1963 1962
10604 2 2 0 7 1961 7018 1964
10605 2 2 0 7 1963 7379 1962
10606 2 2 0 7 1969 7380 1967
10607 2 2 0 7 1973 1974 1972
10608 2 2 0 7 1977 1978 1975
10609 2 2 0 7 1979 2008 1978
10610 2 2 0 7 1985 2022 1986
10611 2 2 0 7 2022 2023 1986
10612 2 2 0 7 2004 3752 3751
10613 2 2 0 7 2143 2144 2017
10614 2 2 0 7 2023 7419 2025
10615 2 2 0 7 2025 2027 2026
10616 2 2 0 7 2035 4805 2033
10617 2 2 0 7 2058 2059 2057
10618 2 2 0 7 3262 3263 2073
10619 2 2 0 7 3735 7205 2074
10620 2 2 0 7 2083 2101 2084
10621 2 2 0 7 2101 2103 2102
10622 2 2 0 7 2118 7133 2113
10623 2 2 0 7 3023 3068 3024
10624 2 2 0 7 3028 3037 3036
10625 2 2 0 7 3037 3613 3252
10626 2 2 0 7 3595 3596 3158
10627 2 2 0 7 4277 5242 3398
10628 2 2 0 7 3400 3401 3399
10629 2 2 0 7 3437 4540 3690
10630 2 2 0 7 4320 7451 3450
10631 2 2 0 7 3547 4825 4507
10632 2 2 0 7 3644 7589 4389
10633 2 2 0 7 3680 3681 3679
10634 2 2 0 7 3706 3707 3705
10635 2 2 0 7 3706 3750 3723
10636 2 2 0 7 3731 5241 4321
10637 2 2 0 7 3736 7333 4309
10638 2 2 0 7 3752 3757 3756
10639 2 2 0 7 5030 5050 3843
10640 2 2 0 7 5125 5126 4127
10641 2 2 0 7 5239 7367 4169
10642 2 2 0 7 4323 4746 4322
10643 2 2 0 7 4340 5260 5259
10644 2 2 0 7 4583 5004 4582
10645 2 2 0 7 4583 5005 5004
10646 2 2 0 7 4714 5652 5651
10647 2 2 0 7 4746 6942 4856
10648 2 2 0 7 5041 5744 4848
10649 2 2 0 7 6358 6561 6357
10650 2 2 0 7 6985 6989 6988
10651 2 2 0 7 7043 7045 7044
10652 2 2 0 7 1988 5247 3446
10653 2 2 0 7 1996 2086 1995
10654 2 2 0 7 2101 2102 2084
10655 2 2 0 7 3804 7452 2125
10656 2 2 0 7 6980 7517 3022
10657 2 2 0 7 4872 6958 4334
10658 2 2 0 7 4578 7345 4580
10659 2 2 0 7 4580 6310 4648
10660 2 2 0 7 4808 7354 4581
10661 2 2 0 7 7035 7036 4808
10662 2 2 0 7 7420 7521 7308
10663 2 2 0 7 1400 7338 81
10664 2 2 0 7 1463 1465 1464
10665 2 2 0 7 1465 1467 1466
10666 2 2 0 7 1467 1469 1468
10667 2 2 0 7 1473 1475 1472
10668 2 2 0 7 1476 1477 1475
10669 2 2 0 7 2000 2107 2085
10670 2 2 0 7 2028 2142 2026
10671 2 2 0 7 2032 7489 2036
10672 2 2 0 7 3717 7462 2080
10673 2 2 0 7 2107 3328 2085
10674 2 2 0 7 3264 3266 3265
10675 2 2 0 7 3272 3274 3273
10676 2 2 0 7 3427 3428 3334
10677 2 2 0 7 4136 4137 3519
10678 2 2 0 7 3768 7165 3767
10679 2 2 0 7 4766 7630 4133
10680 2 2 0 7 5266 7480 4329
10681 2 2 0 7 4330 4858 4331
10682 2 2 0 7 6519 7504 4589
10683 2 2 0 7 4648 4809 4808
10684 2 2 0 7 4844 7272 4846
10685 2 2 0 7 4864 6873 6871
10686 2 2 0 7 4907 6477 4908
10687 2 2 0 7 7095 7273 5255
10688 2 2 0 7 7043 7044 7042
10689 2 2 0 7 1627 6948 1626
10690 2 2 0 7 1628 1629 1627
10691 2 2 0 7 1637 1638 1635
10692 2 2 0 7 1641 1642 1639
10693 2 2 0 7 1644 6999 5237
10694 2 2 0 7 1647 1648 1646
10695 2 2 0 7 1647 7147 1650
10696 2 2 0 7 1653 7456 3041
10697 2 2 0 7 1670 1694 1675
10698 2 2 0 7 1702 1703 1685
10699 2 2 0 7 1694 1696 1695
10700 2 2 0 7 1696 1698 1697
10701 2 2 0 7 1710 7023 1700
10702 2 2 0 7 1742 1744 1703
10703 2 2 0 7 1856 1857 1711
10704 2 2 0 7 1760 7163 1848
10705 2 2 0 7 1767 7476 7384
10706 2 2 0 7 1849 1850 1777
10707 2 2 0 7 1818 1819 1778
10708 2 2 0 7 1853 5101 5100
10709 2 2 0 7 1859 1944 1858
10710 2 2 0 7 1869 7190 2045
10711 2 2 0 7 3447 7116 1878
10712 2 2 0 7 1892 1894 1893
10713 2 2 0 7 2014 6966 1892
10714 2 2 0 7 1957 7429 1960
10715 2 2 0 7 1967 3028 1966
10716 2 2 0 7 2059 2061 2060
10717 2 2 0 7 3039 3400 3399
10718 2 2 0 7 3769 7418 3071
10719 2 2 0 7 3264 3265 3263
10720 2 2 0 7 3266 3267 3265
10721 2 2 0 7 3268 3269 3267
10722 2 2 0 7 3270 3271 3269
10723 2 2 0 7 3272 3273 3271
10724 2 2 0 7 3276 3277 3275
10725 2 2 0 7 4125 4126 3294
10726 2 2 0 7 3872 4827 3304
10727 2 2 0 7 3448 7560 7270
10728 2 2 0 7 3716 3754 3453
10729 2 2 0 7 3736 4309 4308
10730 2 2 0 7 3755 7161 4786
10731 2 2 0 7 5229 7175 4331
10732 2 2 0 7 4332 5272 4850
10733 2 2 0 7 4787 4788 4333
10734 2 2 0 7 4445 5708 4446
10735 2 2 0 7 1445 1447 1446
10736 2 2 0 7 1445 3034 1447
10737 2 2 0 7 1447 1449 1448
10738 2 2 0 7 1449 1451 1450
10739 2 2 0 7 1449 2003 1451
10740 2 2 0 7 1456 1556 1454
10741 2 2 0 7 1459 1461 1460
10742 2 2 0 7 4810 7343 1551
10743 2 2 0 7 1795 1826 1793
10744 2 2 0 7 1805 3432 1802
10745 2 2 0 7 1827 1862 1826
10746 2 2 0 7 1855 7473 4831
10747 2 2 0 7 2047 7477 1981
10748 2 2 0 7 2023 2024 1986
10749 2 2 0 7 2039 3071 2022
10750 2 2 0 7 2027 2028 2026
10751 2 2 0 7 2029 2030 2028
10752 2 2 0 7 2028 7250 2142
10753 2 2 0 7 2037 7209 2124
10754 2 2 0 7 2039 3072 3071
10755 2 2 0 7 2124 2125 2042
10756 2 2 0 7 2056 7537 7194
10757 2 2 0 7 2125 7452 7329
10758 2 2 0 7 3579 3580 3047
10759 2 2 0 7 3248 3644 3249
10760 2 2 0 7 3268 3270 3269
10761 2 2 0 7 3649 7482 3270
10762 2 2 0 7 4082 7330 3362
10763 2 2 0 7 3445 3780 3401
10764 2 2 0 7 3644 4389 4387
10765 2 2 0 7 3704 7443 3706
10766 2 2 0 7 3731 4321 4320
10767 2 2 0 7 3733 5238 4128
10768 2 2 0 7 4834 7256 3758
10769 2 2 0 7 3806 4740 3808
10770 2 2 0 7 5271 7531 3817
10771 2 2 0 7 4274 4836 4835
10772 2 2 0 7 4584 5871 5870
10773 2 2 0 7 6860 7133 4717
10774 2 2 0 7 4723 6896 5222
10775 2 2 0 7 4832 7520 7155
10776 2 2 0 7 4877 4878 4838
10777 2 2 0 7 4866 5139 5138
10778 2 2 0 7 4878 7261 7260
10779 2 2 0 7 5101 5875 5100
10780 2 2 0 7 6620 6688 6621
10781 2 2 0 7 7183 7186 7184
10782 2 2 0 7 1449 1450 1448
10783 2 2 0 7 1964 7510 7052
10784 2 2 0 7 2105 3306 3305
10785 2 2 0 7 2323 2403 2325
10786 2 2 0 7 2340 7217 2338
10787 2 2 0 7 2386 7439 2377
10788 2 2 0 7 3086 3661 3430
10789 2 2 0 7 3145 3434 3433
10790 2 2 0 7 5242 7386 3398
10791 2 2 0 7 3684 3686 3685
10792 2 2 0 7 4468 6973 3686
10793 2 2 0 7 4324 7465 3713
10794 2 2 0 7 4293 4488 3784
10795 2 2 0 7 4131 7130 4766
10796 2 2 0 7 4138 7170 4636
10797 2 2 0 7 4907 4908 4267
10798 2 2 0 7 4337 6953 5277
10799 2 2 0 7 5047 5765 4488
10800 2 2 0 7 5050 7544 7539
10801 2 2 0 7 6974 6975 6973
10802 2 2 0 7 7328 7386 7096
10803 2 2 0 7 7152 7526 7346
10804 2 2 0 7 1438 7555 5276
10805 2 2 0 7 1446 7341 3029
10806 2 2 0 7 1457 1459 1458
10807 2 2 0 7 1465 1466 1464
10808 2 2 0 7 1487 7566 7463
10809 2 2 0 7 1506 7458 1505
10810 2 2 0 7 1508 7484 1511
10811 2 2 0 7 1509 7459 7458
10812 2 2 0 7 1953 1954 1951
10813 2 2 0 7 2126 3806 3805
10814 2 2 0 7 3742 4312 3741
10815 2 2 0 7 4446 7452 3804
10816 2 2 0 7 3806 3808 3807
10817 2 2 0 7 4315 4739 4314
10818 2 2 0 7 4731 5236 4730
10819 2 2 0 7 7218 7557 4820
10820 2 2 0 7 7534 7582 5132
10821 2 2 0 7 5261 6898 5229
10822 2 2 0 7 7194 7537 5263
10823 2 2 0 7 1455 1456 1454
10824 2 2 0 7 1494 1496 1495
10825 2 2 0 7 7126 7297 1499
10826 2 2 0 7 2130 7208 1516
10827 2 2 0 7 1641 1643 1642
10828 2 2 0 7 5237 7147 1645
10829 2 2 0 7 1647 1649 1648
10830 2 2 0 7 1663 1664 1661
10831 2 2 0 7 1667 1669 1666
10832 2 2 0 7 1675 7216 1673
10833 2 2 0 7 1694 3746 1696
10834 2 2 0 7 1764 1780 1765
10835 2 2 0 7 1788 1824 1780
10836 2 2 0 7 1783 1814 1785
10837 2 2 0 7 1786 7280 1784
10838 2 2 0 7 1792 1866 1786
10839 2 2 0 7 1861 1918 1860
10840 2 2 0 7 1864 2048 1990
10841 2 2 0 7 1867 1988 1866
10842 2 2 0 7 1869 1871 1870
10843 2 2 0 7 1872 1875 1874
10844 2 2 0 7 1989 7449 1988
10845 2 2 0 7 2067 3361 2066
10846 2 2 0 7 2079 3159 2078
10847 2 2 0 7 4337 4851 2089
10848 2 2 0 7 2123 3157 2122
10849 2 2 0 7 3362 7330 3361
10850 2 2 0 7 3361 3829 3363
10851 2 2 0 7 3796 7413 3365
10852 2 2 0 7 3391 7282 3786
10853 2 2 0 7 7127 7280 3446
10854 2 2 0 7 3545 4150 4149
10855 2 2 0 7 3644 4387 3645
10856 2 2 0 7 3722 4335 4334
10857 2 2 0 7 3734 5256 3736
10858 2 2 0 7 3794 4714 4713
10859 2 2 0 7 4440 4441 3796
10860 2 2 0 7 3829 4575 3830
10861 2 2 0 7 4138 4558 4136
10862 2 2 0 7 4308 7423 4723
10863 2 2 0 7 4584 5135 4441
10864 2 2 0 7 4476 5673 4477
10865 2 2 0 7 4571 7098 6241
10866 2 2 0 7 4849 7432 4845
10867 2 2 0 7 5177 5178 4936
10868 2 2 0 7 5200 5202 5201
10869 2 2 0 7 5269 7564 7411
10870 2 2 0 7 5445 5684 5444
10871 2 2 0 7 7244 7245 7242
10872 2 2 0 7 2762 2983 2761
10873 2 2 0 7 4307 4583 4582
10874 2 2 0 7 1471 1473 1472
10875 2 2 0 7 1480 1482 1479
10876 2 2 0 7 1502 7376 1501
10877 2 2 0 7 1515 7299 3025
10878 2 2 0 7 1522 1523 1521
10879 2 2 0 7 1524 1526 1525
10880 2 2 0 7 1793 7021 1822
10881 2 2 0 7 1884 1886 1885
10882 2 2 0 7 1887 1888 1886
10883 2 2 0 7 1896 1920 1895
10884 2 2 0 7 1923 1924 1921
10885 2 2 0 7 1923 7191 1926
10886 2 2 0 7 1932 1933 1930
10887 2 2 0 7 1936 1937 1934
10888 2 2 0 7 5254 7380 1972
10889 2 2 0 7 2053 7199 2051
10890 2 2 0 7 2099 3065 2098
10891 2 2 0 7 2116 5077 4243
10892 2 2 0 7 3435 3436 2118
10893 2 2 0 7 2119 7401 5245
10894 2 2 0 7 3025 3027 3026
10895 2 2 0 7 3045 3579 3047
10896 2 2 0 7 3066 3603 3065
10897 2 2 0 7 3436 4718 4717
10898 2 2 0 7 4770 7549 3702
10899 2 2 0 7 3767 4339 3769
10900 2 2 0 7 3812 3813 3811
10901 2 2 0 7 7137 7138 4325
10902 2 2 0 7 4607 7470 4608
10903 2 2 0 7 5504 5796 4619
10904 2 2 0 7 4659 4795 4658
10905 2 2 0 7 4718 5221 5219
10906 2 2 0 7 4750 4751 4744
10907 2 2 0 7 4769 6959 5361
10908 2 2 0 7 4821 7151 4819
10909 2 2 0 7 5174 5262 4829
10910 2 2 0 7 4867 5261 5229
10911 2 2 0 7 4996 5616 4995
10912 2 2 0 7 5247 7449 7448
10913 2 2 0 7 5348 5350 5349
10914 2 2 0 7 5352 5715 5351
10915 2 2 0 7 5445 5829 5684
10916 2 2 0 7 3033 7428 1664
10917 2 2 0 7 1673 7216 1684
10918 2 2 0 7 1684 7279 1702
10919 2 2 0 7 1702 2139 1742
10920 2 2 0 7 1708 1748 1741
10921 2 2 0 7 2103 2105 2104
10922 2 2 0 7 3689 7271 2104
10923 2 2 0 7 3346 3347 2149
10924 2 2 0 7 3085 7468 5234
10925 2 2 0 7 3724 7153 7115
10926 2 2 0 7 3785 4403 4402
10927 2 2 0 7 3876 4747 3877
10928 2 2 0 7 4364 4951 3878
10929 2 2 0 7 4499 6930 4403
10930 2 2 0 7 4842 7432 4843
10931 2 2 0 7 4912 6196 4913
10932 2 2 0 7 6988 6990 6986
10933 2 2 0 7 7008 7172 7009
10934 2 2 0 7 3761 7555 1440
10935 2 2 0 7 1653 3041 1655
10936 2 2 0 7 1663 1665 1664
10937 2 2 0 7 1667 1670 1669
10938 2 2 0 7 1698 1699 1697
10939 2 2 0 7 1849 1852 1851
10940 2 2 0 7 1870 7378 1857
10941 2 2 0 7 7268 7525 1928
10942 2 2 0 7 3594 3595 3158
10943 2 2 0 7 3161 4319 3162
10944 2 2 0 7 3391 3786 3245
10945 2 2 0 7 3286 4130 3346
10946 2 2 0 7 4066 4812 3347
10947 2 2 0 7 3684 7539 4468
10948 2 2 0 7 4267 7289 3714
10949 2 2 0 7 4330 5270 4858
10950 2 2 0 7 4403 5600 5468
10951 2 2 0 7 4780 4781 4779
10952 2 2 0 7 5037 7030 4797
10953 2 2 0 7 5218 5279 4871
10954 2 2 0 7 5233 6916 6915
10955 2 2 0 7 7329 7452 5267
10956 2 2 0 7 5271 7540 7531
10957 2 2 0 7 6926 6927 6925
10958 2 2 0 7 1350 7547 7229
10959 2 2 0 7 1484 7243 7242
10960 2 2 0 7 1500 7297 1503
10961 2 2 0 7 1550 3748 1542
10962 2 2 0 7 1543 1546 1544
10963 2 2 0 7 1546 1560 1547
10964 2 2 0 7 1549 4810 1551
10965 2 2 0 7 1552 7377 1550
10966 2 2 0 7 1551 7343 1553
10967 2 2 0 7 1554 1555 1552
10968 2 2 0 7 1558 1559 1555
10969 2 2 0 7 1562 1563 1559
10970 2 2 0 7 1562 7154 1758
10971 2 2 0 7 1575 1576 1563
10972 2 2 0 7 1759 1766 1576
10973 2 2 0 7 1782 7344 1765
10974 2 2 0 7 1780 7395 1781
10975 2 2 0 7 1817 1858 1815
10976 2 2 0 7 1820 1844 1818
10977 2 2 0 7 1859 1946 1945
10978 2 2 0 7 1863 1981 1980
10979 2 2 0 7 1877 7093 1874
10980 2 2 0 7 1875 3447 1878
10981 2 2 0 7 1881 1883 1882
10982 2 2 0 7 2044 3743 1883
10983 2 2 0 7 1884 1887 1886
10984 2 2 0 7 1890 3449 1885
10985 2 2 0 7 1919 7525 7156
10986 2 2 0 7 2020 7204 1945
10987 2 2 0 7 1946 2005 1947
10988 2 2 0 7 1953 1955 1954
10989 2 2 0 7 2046 2047 1981
10990 2 2 0 7 2041 7040 1982
10991 2 2 0 7 3695 3696 2005
10992 2 2 0 7 2021 3060 2020
10993 2 2 0 7 2023 2025 2024
10994 2 2 0 7 2040 3738 3136
10995 2 2 0 7 2092 2093 2047
10996 2 2 0 7 2088 3720 3046
10997 2 2 0 7 2121 2122 2091
10998 2 2 0 7 2101 4151 2103
10999 2 2 0 7 2133 3716 3453
11000 2 2 0 7 3072 3767 3071
11001 2 2 0 7 3218 3219 3076
11002 2 2 0 7 3076 7031 3524
11003 2 2 0 7 3139 3140 3138
11004 2 2 0 7 3141 3142 3140
11005 2 2 0 7 3140 7247 4316
11006 2 2 0 7 3145 3433 3144
11007 2 2 0 7 3144 7348 3146
11008 2 2 0 7 3548 3549 3219
11009 2 2 0 7 3266 3268 3267
11010 2 2 0 7 3365 4082 3362
11011 2 2 0 7 3434 3678 3433
11012 2 2 0 7 3447 7117 7116
11013 2 2 0 7 3549 3551 3550
11014 2 2 0 7 4797 7031 3550
11015 2 2 0 7 3552 3553 3551
11016 2 2 0 7 3551 7356 4419
11017 2 2 0 7 3784 3785 3553
11018 2 2 0 7 3577 4122 3578
11019 2 2 0 7 4387 4388 3645
11020 2 2 0 7 3678 4763 3682
11021 2 2 0 7 3681 3683 3679
11022 2 2 0 7 3680 4796 3843
11023 2 2 0 7 3686 4299 3685
11024 2 2 0 7 4745 7325 3693
11025 2 2 0 7 3697 7522 4801
11026 2 2 0 7 3704 7486 7443
11027 2 2 0 7 3734 3736 3735
11028 2 2 0 7 3738 3753 3739
11029 2 2 0 7 4799 7397 3739
11030 2 2 0 7 3753 4434 4433
11031 2 2 0 7 5252 7556 3753
11032 2 2 0 7 4274 4834 3758
11033 2 2 0 7 4339 4340 3769
11034 2 2 0 7 3810 3811 3809
11035 2 2 0 7 3816 4727 4503
11036 2 2 0 7 5050 7539 3843
11037 2 2 0 7 4419 5011 4964
11038 2 2 0 7 4468 7544 6974
11039 2 2 0 7 5765 5766 4488
11040 2 2 0 7 4584 7322 5871
11041 2 2 0 7 4832 6947 4748
11042 2 2 0 7 5231 6962 4760
11043 2 2 0 7 4769 5361 4770
11044 2 2 0 7 4774 5211 4776
11045 2 2 0 7 4777 4779 4775
11046 2 2 0 7 4796 5130 5030
11047 2 2 0 7 4821 7526 7152
11048 2 2 0 7 4876 4877 4838
11049 2 2 0 7 5744 7426 4848
11050 2 2 0 7 5100 5800 4911
11051 2 2 0 7 5132 6355 5131
11052 2 2 0 7 5870 6392 5135
11053 2 2 0 7 5178 7042 7041
11054 2 2 0 7 7070 7071 6826
11055 2 2 0 7 7415 7416 7158
11056 2 2 0 7 7164 7412 7358
11057 2 2 0 7 7230 7231 7228
11058 2 2 0 7 1662 1692 1691
11059 2 2 0 7 1663 2146 1665
11060 2 2 0 7 7216 7279 1684
11061 2 2 0 7 3746 7392 1696
11062 2 2 0 7 1698 1711 1699
11063 2 2 0 7 1795 1827 1826
11064 2 2 0 7 1844 7105 1818
11065 2 2 0 7 1827 1863 1862
11066 2 2 0 7 1844 7106 7105
11067 2 2 0 7 1871 1872 1870
11068 2 2 0 7 2143 3599 3598
11069 2 2 0 7 3075 3076 3074
11070 2 2 0 7 7433 7560 3448
11071 2 2 0 7 4586 5271 3817
11072 2 2 0 7 4853 4854 4807
11073 2 2 0 7 4855 6991 4854
11074 2 2 0 7 5709 6638 5708
11075 2 2 0 7 1438 5276 1436
11076 2 2 0 7 1455 1845 1457
11077 2 2 0 7 1465 7372 1467
11078 2 2 0 7 1480 7295 1483
11079 2 2 0 7 1487 7463 1488
11080 2 2 0 7 1488 1491 1490
11081 2 2 0 7 1492 7342 1494
11082 2 2 0 7 1495 2151 1493
11083 2 2 0 7 1494 1497 1496
11084 2 2 0 7 1503 7298 1504
11085 2 2 0 7 1509 7458 1506
11086 2 2 0 7 1507 7484 1508
11087 2 2 0 7 1515 2130 1516
11088 2 2 0 7 1521 1545 1519
11089 2 2 0 7 1528 1532 1530
11090 2 2 0 7 1537 7398 1535
11091 2 2 0 7 1554 7145 1558
11092 2 2 0 7 1574 7344 7312
11093 2 2 0 7 1707 3715 1803
11094 2 2 0 7 1780 1781 1765
11095 2 2 0 7 4800 7344 1782
11096 2 2 0 7 1783 1785 1784
11097 2 2 0 7 1785 1787 1786
11098 2 2 0 7 1866 7280 1786
11099 2 2 0 7 1787 3289 1792
11100 2 2 0 7 1804 7033 6963
11101 2 2 0 7 1860 3732 1824
11102 2 2 0 7 1867 1991 1989
11103 2 2 0 7 7308 7521 1899
11104 2 2 0 7 1915 1952 1951
11105 2 2 0 7 1946 3695 2005
11106 2 2 0 7 3028 3036 1966
11107 2 2 0 7 7052 7353 1968
11108 2 2 0 7 1971 7249 1973
11109 2 2 0 7 1974 5254 1972
11110 2 2 0 7 1973 1976 1975
11111 2 2 0 7 1978 7385 1975
11112 2 2 0 7 1976 1987 1977
11113 2 2 0 7 1979 7512 2009
11114 2 2 0 7 1980 7434 2040
11115 2 2 0 7 4782 4783 1987
11116 2 2 0 7 1991 2077 1992
11117 2 2 0 7 2056 7194 2008
11118 2 2 0 7 2009 2058 2057
11119 2 2 0 7 2025 7419 3067
11120 2 2 0 7 2029 3248 2031
11121 2 2 0 7 2060 7369 2057
11122 2 2 0 7 3361 3363 2066
11123 2 2 0 7 2067 3364 3362
11124 2 2 0 7 3261 3262 2073
11125 2 2 0 7 3577 3578 2086
11126 2 2 0 7 2120 3438 2121
11127 2 2 0 7 2130 7464 7208
11128 2 2 0 7 7143 7144 2140
11129 2 2 0 7 2141 7120 7119
11130 2 2 0 7 2148 2149 2147
11131 2 2 0 7 2147 7420 7308
11132 2 2 0 7 2148 7248 7130
11133 2 2 0 7 3286 3346 2149
11134 2 2 0 7 2763 2764 2762
11135 2 2 0 7 3025 7299 7210
11136 2 2 0 7 3027 3442 3026
11137 2 2 0 7 3030 7296 7295
11138 2 2 0 7 7206 7637 3035
11139 2 2 0 7 3037 3252 3036
11140 2 2 0 7 3720 3721 3046
11141 2 2 0 7 7419 7565 3067
11142 2 2 0 7 3547 3872 3304
11143 2 2 0 7 3346 4065 3347
11144 2 2 0 7 3440 4725 3439
11145 2 2 0 7 3440 7463 4839
11146 2 2 0 7 3741 4311 3441
11147 2 2 0 7 3547 7485 4825
11148 2 2 0 7 4122 4124 3578
11149 2 2 0 7 3607 4304 4252
11150 2 2 0 7 7055 7056 3649
11151 2 2 0 7 3694 4765 4315
11152 2 2 0 7 3722 4334 3721
11153 2 2 0 7 3744 4327 4326
11154 2 2 0 7 5267 5268 3765
11155 2 2 0 7 3785 7588 4499
11156 2 2 0 7 3795 4438 3796
11157 2 2 0 7 3808 3810 3809
11158 2 2 0 7 3811 4400 3809
11159 2 2 0 7 4575 4576 3830
11160 2 2 0 7 3880 4996 4995
11161 2 2 0 7 4104 4106 4105
11162 2 2 0 7 4107 4754 4753
11163 2 2 0 7 4132 5395 4130
11164 2 2 0 7 4266 4823 4486
11165 2 2 0 7 4304 4722 4305
11166 2 2 0 7 4308 4723 4310
11167 2 2 0 7 4327 4821 4819
11168 2 2 0 7 4389 5480 5479
11169 2 2 0 7 5468 6920 4402
11170 2 2 0 7 4438 5513 4440
11171 2 2 0 7 4440 7322 4584
11172 2 2 0 7 5135 5136 4441
11173 2 2 0 7 5532 7195 4586
11174 2 2 0 7 4713 4715 4712
11175 2 2 0 7 4726 5223 4725
11176 2 2 0 7 4725 7135 4798
11177 2 2 0 7 4732 5274 5273
11178 2 2 0 7 4754 7309 4755
11179 2 2 0 7 5224 6897 4756
11180 2 2 0 7 4802 5231 4760
11181 2 2 0 7 7130 7131 4766
11182 2 2 0 7 4784 4785 4783
11183 2 2 0 7 4785 5258 5257
11184 2 2 0 7 4821 7152 7151
11185 2 2 0 7 5263 7537 4829
11186 2 2 0 7 7151 7511 4833
11187 2 2 0 7 4996 5617 5616
11188 2 2 0 7 5174 5711 5262
11189 2 2 0 7 6896 7082 5222
11190 2 2 0 7 5233 6917 6916
11191 2 2 0 7 5250 7510 7255
11192 2 2 0 7 5254 7381 7380
11193 2 2 0 7 7333 7368 5257
11194 2 2 0 7 7195 7618 5271
11195 2 2 0 7 5275 6978 5274
11196 2 2 0 7 5578 6555 5580
11197 2 2 0 7 6945 6946 6944
11198 2 2 0 7 6954 7385 7287
11199 2 2 0 7 7057 7060 7059
11200 2 2 0 7 7091 7313 7311
11201 2 2 0 7 7243 7244 7242
11202 2 2 0 7 1955 7493 1954
11203 2 2 0 7 2046 7267 6936
11204 2 2 0 7 3519 3764 2069
11205 2 2 0 7 3261 3765 3262
11206 2 2 0 7 3270 7482 3272
11207 2 2 0 7 3599 7552 4330
11208 2 2 0 7 3759 3760 3714
11209 2 2 0 7 3743 7164 7136
11210 2 2 0 7 4266 4485 4265
11211 2 2 0 7 4611 6224 6223
11212 2 2 0 7 7070 7494 4706
11213 2 2 0 7 5253 6877 5224
11214 2 2 0 7 7315 7622 7556
11215 2 2 0 7 1748 1771 1751
11216 2 2 0 7 2013 7049 1748
11217 2 2 0 7 1761 7399 7324
11218 2 2 0 7 1771 1797 1772
11219 2 2 0 7 1797 1829 1798
11220 2 2 0 7 2064 2065 2053
11221 2 2 0 7 2065 4720 3729
11222 2 2 0 7 3771 4302 3064
11223 2 2 0 7 3086 3430 3397
11224 2 2 0 7 3749 7513 3449
11225 2 2 0 7 7034 7522 3695
11226 2 2 0 7 3699 3700 3698
11227 2 2 0 7 3699 3701 3700
11228 2 2 0 7 4310 7205 3735
11229 2 2 0 7 4486 4502 4501
11230 2 2 0 7 7077 7444 4740
11231 2 2 0 7 4869 7635 4851
11232 2 2 0 7 6933 6949 6932
11233 2 2 0 7 1657 7174 7160
11234 2 2 0 7 1659 1661 1660
11235 2 2 0 7 4822 7362 1674
11236 2 2 0 7 1856 1869 1857
11237 2 2 0 7 4841 7479 1871
11238 2 2 0 7 2075 2076 2012
11239 2 2 0 7 2048 7137 4325
11240 2 2 0 7 2050 2078 2049
11241 2 2 0 7 2050 2079 2078
11242 2 2 0 7 2079 3160 3159
11243 2 2 0 7 2345 2366 2347
11244 2 2 0 7 2354 8595 2352
11245 2 2 0 7 2372 2379 2373
11246 2 2 0 7 2389 2391 2386
11247 2 2 0 7 2552 2553 2417
11248 2 2 0 7 3246 3391 3245
11249 2 2 0 7 3392 3874 3391
11250 2 2 0 7 3780 7532 3401
11251 2 2 0 7 3733 4127 3579
11252 2 2 0 7 3876 4761 4747
11253 2 2 0 7 3879 4365 4364
11254 2 2 0 7 5240 5246 4320
11255 2 2 0 7 4636 7101 6550
11256 2 2 0 7 4787 7407 4790
11257 2 2 0 7 4789 7466 4788
11258 2 2 0 7 4791 4792 4789
11259 2 2 0 7 4793 4871 4792
11260 2 2 0 7 7432 7433 4843
11261 2 2 0 7 4868 4869 4851
11262 2 2 0 7 7384 7476 7138
11263 2 2 0 7 7253 7487 7252
11264 2 2 0 7 1904 7363 1834
11265 2 2 0 7 1843 1906 1905
11266 2 2 0 7 1852 1916 1851
11267 2 2 0 7 1906 1908 1907
11268 2 2 0 7 1908 1949 1909
11269 2 2 0 7 1949 7365 1909
11270 2 2 0 7 1973 7249 1976
11271 2 2 0 7 1994 7153 3724
11272 2 2 0 7 1999 2068 1998
11273 2 2 0 7 2004 4804 3752
11274 2 2 0 7 2124 7075 2126
11275 2 2 0 7 3726 3728 3727
11276 2 2 0 7 3728 4767 4737
11277 2 2 0 7 3752 3756 3751
11278 2 2 0 7 3756 5265 3751
11279 2 2 0 7 4273 4274 3758
11280 2 2 0 7 4274 4835 4834
11281 2 2 0 7 4738 6976 4348
11282 2 2 0 7 4767 7488 7401
11283 2 2 0 7 4836 4837 4835
11284 2 2 0 7 4837 4876 4838
11285 2 2 0 7 1797 1798 1772
11286 2 2 0 7 1779 1821 1820
11287 2 2 0 7 1830 1835 1831
11288 2 2 0 7 1903 2001 1984
11289 2 2 0 7 3608 7364 1907
11290 2 2 0 7 2068 2069 1998
11291 2 2 0 7 2090 7485 3547
11292 2 2 0 7 2240 2247 2245
11293 2 2 0 7 4302 7014 3064
11294 2 2 0 7 3383 4286 3771
11295 2 2 0 7 3726 7488 3728
11296 2 2 0 7 4720 4721 3729
11297 2 2 0 7 3814 3815 3812
11298 2 2 0 7 4109 7273 5248
11299 2 2 0 7 4389 5478 4387
11300 2 2 0 7 4749 4750 4744
11301 2 2 0 7 4846 7394 7294
11302 2 2 0 7 4854 4863 4862
11303 2 2 0 7 5265 7514 7496
11304 2 2 0 7 7450 7594 7108
11305 2 2 0 7 1843 1904 1834
11306 2 2 0 7 1909 3608 1907
11307 2 2 0 7 1994 2097 2054
11308 2 2 0 7 2039 4301 3072
11309 2 2 0 7 3724 3725 2097
11310 2 2 0 7 3039 3398 3038
11311 2 2 0 7 3085 4329 3083
11312 2 2 0 7 3444 3445 3401
11313 2 2 0 7 5247 6982 3446
11314 2 2 0 7 3609 4645 3608
11315 2 2 0 7 4348 4349 3727
11316 2 2 0 7 4759 7090 4579
11317 2 2 0 7 4580 4648 4581
11318 2 2 0 7 7485 7534 4825
11319 2 2 0 7 4853 7530 4855
11320 2 2 0 7 5340 6338 6336
11321 2 2 0 7 1465 7373 7372
11322 2 2 0 7 1885 7473 1882
11323 2 2 0 7 1974 6954 5254
11324 2 2 0 7 3031 7385 1978
11325 2 2 0 7 2013 7050 7049
11326 2 2 0 7 2112 2114 2113
11327 2 2 0 7 2114 7393 2115
11328 2 2 0 7 2116 4243 2114
11329 2 2 0 7 3436 4717 2118
11330 2 2 0 7 3695 3697 3696
11331 2 2 0 7 3701 3703 3702
11332 2 2 0 7 3816 4503 3815
11333 2 2 0 7 4060 4061 4059
11334 2 2 0 7 5091 5093 4061
11335 2 2 0 7 4860 5068 4286
11336 2 2 0 7 4321 7528 5240
11337 2 2 0 7 4995 5532 4586
11338 2 2 0 7 4718 5219 4717
11339 2 2 0 7 4782 4784 4783
11340 2 2 0 7 5093 5494 5094
11341 2 2 0 7 3771 4303 4302
11342 2 2 0 7 4859 7574 4866
11343 2 2 0 7 5225 6321 4966
11344 2 2 0 7 6356 6358 6357
11345 2 2 0 7 7175 7403 6943
11346 2 2 0 7 1629 1630 1627
11347 2 2 0 7 1631 7278 1630
11348 2 2 0 7 1645 1646 1643
11349 2 2 0 7 1645 1647 1646
11350 2 2 0 7 1648 5441 2145
11351 2 2 0 7 1651 1652 1649
11352 2 2 0 7 1651 1653 1652
11353 2 2 0 7 1662 6783 1692
11354 2 2 0 7 1665 1666 1664
11355 2 2 0 7 1670 1673 1669
11356 2 2 0 7 1704 6869 1689
11357 2 2 0 7 1708 2013 1748
11358 2 2 0 7 1751 1761 1741
11359 2 2 0 7 1772 7399 1751
11360 2 2 0 7 1778 7390 1762
11361 2 2 0 7 1771 7051 1797
11362 2 2 0 7 1797 1832 1829
11363 2 2 0 7 1830 1831 1798
11364 2 2 0 7 1835 1847 1831
11365 2 2 0 7 1864 1990 1910
11366 2 2 0 7 1875 1877 1874
11367 2 2 0 7 1875 1878 1877
11368 2 2 0 7 1984 2052 2051
11369 2 2 0 7 2000 2085 2083
11370 2 2 0 7 2062 3040 2001
11371 2 2 0 7 2011 3059 2075
11372 2 2 0 7 2052 2064 2053
11373 2 2 0 7 7454 7507 2052
11374 2 2 0 7 3729 7199 2053
11375 2 2 0 7 2063 2100 2099
11376 2 2 0 7 2064 3064 2065
11377 2 2 0 7 2240 2245 2234
11378 2 2 0 7 3383 3771 3064
11379 2 2 0 7 3447 7518 7117
11380 2 2 0 7 3607 4252 4251
11381 2 2 0 7 4721 4817 3729
11382 2 2 0 7 4107 4753 4752
11383 2 2 0 7 4588 4589 4587
11384 2 2 0 7 7597 7620 4739
11385 2 2 0 7 4751 7007 7005
11386 2 2 0 7 4817 7200 7199
11387 2 2 0 7 7167 7173 7166
11388 2 2 0 7 7231 7235 7234
11389 2 2 0 7 1491 7463 3440
11390 2 2 0 7 2001 7454 1984
11391 2 2 0 7 3065 3610 2098
11392 2 2 0 7 2099 7037 3066
11393 2 2 0 7 4131 4132 4130
11394 2 2 0 7 4583 5006 5005
11395 2 2 0 7 4730 7425 5226
11396 2 2 0 7 5257 7368 4783
11397 2 2 0 7 7529 7613 4855
11398 2 2 0 7 5258 7670 7337
11399 2 2 0 7 5265 7496 7363
11400 2 2 0 7 2033 7250 2030
11401 2 2 0 7 2043 7329 3261
11402 2 2 0 7 2281 2283 2282
11403 2 2 0 7 4152 7567 3604
11404 2 2 0 7 3605 4110 3862
11405 2 2 0 7 3745 4265 3613
11406 2 2 0 7 7375 7559 3747
11407 2 2 0 7 3862 7387 5046
11408 2 2 0 7 4728 4729 4110
11409 2 2 0 7 4576 4578 4577
11410 2 2 0 7 5643 7345 4578
11411 2 2 0 7 4854 4862 4807
11412 2 2 0 7 5267 7360 5268
11413 2 2 0 7 5340 6336 5339
11414 2 2 0 7 6919 6933 6932
11415 2 2 0 7 1439 1440 1438
11416 2 2 0 7 1827 7267 1863
11417 2 2 0 7 7447 7577 1839
11418 2 2 0 7 1970 2128 2127
11419 2 2 0 7 2093 7531 2095
11420 2 2 0 7 5480 7633 7114
11421 2 2 0 7 1556 7551 1454
11422 2 2 0 7 3030 7295 1480
11423 2 2 0 7 1488 7463 1491
11424 2 2 0 7 1563 2018 1559
11425 2 2 0 7 1562 1758 1575
11426 2 2 0 7 1668 7456 1651
11427 2 2 0 7 1806 1807 1805
11428 2 2 0 7 1808 1809 1807
11429 2 2 0 7 1811 2134 1828
11430 2 2 0 7 1970 7353 2128
11431 2 2 0 7 6981 7601 2003
11432 2 2 0 7 2105 3305 2104
11433 2 2 0 7 3767 3769 3071
11434 2 2 0 7 3143 3563 3145
11435 2 2 0 7 3157 7582 7534
11436 2 2 0 7 3246 3392 3391
11437 2 2 0 7 3680 3843 3681
11438 2 2 0 7 3686 6973 4300
11439 2 2 0 7 3709 3710 3708
11440 2 2 0 7 4850 7283 3754
11441 2 2 0 7 3755 4333 4332
11442 2 2 0 7 4897 4898 3826
11443 2 2 0 7 3876 7430 4761
11444 2 2 0 7 4065 7500 4611
11445 2 2 0 7 4242 7445 4852
11446 2 2 0 7 7138 7553 4325
11447 2 2 0 7 4327 7492 4821
11448 2 2 0 7 4388 7318 7317
11449 2 2 0 7 4588 5264 4589
11450 2 2 0 7 7030 7031 4797
11451 2 2 0 7 4814 7405 4989
11452 2 2 0 7 4845 7432 4842
11453 2 2 0 7 4976 4978 4977
11454 2 2 0 7 5255 7571 7094
11455 2 2 0 7 7162 7529 7266
11456 2 2 0 7 1684 1685 1674
11457 2 2 0 7 1760 1770 1744
11458 2 2 0 7 2045 4844 4842
11459 2 2 0 7 2063 2099 2098
11460 2 2 0 7 2112 2113 2111
11461 2 2 0 7 2113 7133 2111
11462 2 2 0 7 2114 2115 2113
11463 2 2 0 7 2115 7393 3437
11464 2 2 0 7 2116 5078 5077
11465 2 2 0 7 2331 2333 2332
11466 2 2 0 7 2333 2335 2334
11467 2 2 0 7 2337 2339 2338
11468 2 2 0 7 2341 2343 2342
11469 2 2 0 7 2357 2359 2358
11470 2 2 0 7 2363 2371 2370
11471 2 2 0 7 2377 7439 7437
11472 2 2 0 7 2378 2387 2386
11473 2 2 0 7 2390 2394 2389
11474 2 2 0 7 3272 7482 3643
11475 2 2 0 7 3711 4242 4241
11476 2 2 0 7 4859 4860 4286
11477 2 2 0 7 4365 7570 4364
11478 2 2 0 7 4721 7669 4818
11479 2 2 0 7 4866 5138 4860
11480 2 2 0 7 5078 7446 5077
11481 2 2 0 7 5754 5849 5124
11482 2 2 0 7 5261 7644 7611
11483 2 2 0 7 5329 5758 5328
11484 2 2 0 7 7213 7394 7212
11485 2 2 0 7 1483 7295 1487
11486 2 2 0 7 1899 7521 7509
11487 2 2 0 7 2327 2328 2326
11488 2 2 0 7 2326 7347 2365
11489 2 2 0 7 2329 2330 2328
11490 2 2 0 7 2331 2332 2330
11491 2 2 0 7 2341 2342 2340
11492 2 2 0 7 2340 7498 7217
11493 2 2 0 7 2343 2344 2342
11494 2 2 0 7 2347 2348 2346
11495 2 2 0 7 2351 2352 2350
11496 2 2 0 7 2355 2356 2354
11497 2 2 0 7 2363 2370 2362
11498 2 2 0 7 2371 7437 2370
11499 2 2 0 7 2378 2386 2377
11500 2 2 0 7 2387 2389 2386
11501 2 2 0 7 2395 2417 2394
11502 2 2 0 7 2394 7442 7440
11503 2 2 0 7 2552 2557 2553
11504 2 2 0 7 3062 3646 3257
11505 2 2 0 7 3437 3690 3435
11506 2 2 0 7 5259 7418 3769
11507 2 2 0 7 4059 4351 4057
11508 2 2 0 7 4726 7481 5223
11509 2 2 0 7 4813 7017 4857
11510 2 2 0 7 5056 6514 6269
11511 2 2 0 7 7117 7118 7116
11512 2 2 0 7 7182 7551 7185
11513 2 2 0 7 1536 1537 1535
11514 2 2 0 7 1553 1854 1557
11515 2 2 0 7 1560 1573 1561
11516 2 2 0 7 1640 7467 1641
11517 2 2 0 7 1825 1860 1824
11518 2 2 0 7 1853 7391 5101
11519 2 2 0 7 1879 7251 1877
11520 2 2 0 7 1930 7469 1929
11521 2 2 0 7 1940 1941 1938
11522 2 2 0 7 2011 2075 2012
11523 2 2 0 7 2055 3334 2080
11524 2 2 0 7 2136 7624 4762
11525 2 2 0 7 2282 2302 2280
11526 2 2 0 7 2289 2301 2287
11527 2 2 0 7 3075 3218 3076
11528 2 2 0 7 3137 3139 3138
11529 2 2 0 7 3246 7430 3392
11530 2 2 0 7 3427 7435 4113
11531 2 2 0 7 3754 7283 3453
11532 2 2 0 7 3704 3705 3703
11533 2 2 0 7 7156 7596 3720
11534 2 2 0 7 4332 4850 3754
11535 2 2 0 7 4572 7273 4109
11536 2 2 0 7 4389 5479 5478
11537 2 2 0 7 4914 5199 4607
11538 2 2 0 7 6947 7621 4748
11539 2 2 0 7 4767 7401 6979
11540 2 2 0 7 4786 7407 4787
11541 2 2 0 7 4787 4790 4789
11542 2 2 0 7 4792 7466 4789
11543 2 2 0 7 4871 5278 4792
11544 2 2 0 7 6902 6904 4795
11545 2 2 0 7 6904 7571 4795
11546 2 2 0 7 7260 7505 4834
11547 2 2 0 7 7041 7123 4936
11548 2 2 0 7 5006 5007 5005
11549 2 2 0 7 6286 6586 5201
11550 2 2 0 7 7070 7072 7071
11551 2 2 0 7 7152 7511 7151
11552 2 2 0 7 1350 7228 7227
11553 2 2 0 7 1634 7278 1631
11554 2 2 0 7 2323 2324 2322
11555 2 2 0 7 2333 2334 2332
11556 2 2 0 7 2337 2338 2336
11557 2 2 0 7 2338 7217 3510
11558 2 2 0 7 2349 2350 2348
11559 2 2 0 7 2353 2354 2352
11560 2 2 0 7 2373 2377 2371
11561 2 2 0 7 7407 7408 4790
11562 2 2 0 7 5711 7502 5262
11563 2 2 0 7 7474 7659 5829
11564 2 2 0 7 7605 7659 7474
11565 2 2 0 7 3614 7371 1443
11566 2 2 0 7 1467 7372 1755
11567 2 2 0 7 1538 1549 1542
11568 2 2 0 7 1854 1855 1557
11569 2 2 0 7 1573 1574 1561
11570 2 2 0 7 1821 1839 1820
11571 2 2 0 7 1924 7602 1921
11572 2 2 0 7 1923 1926 1925
11573 2 2 0 7 1933 7469 1930
11574 2 2 0 7 4783 7368 1987
11575 2 2 0 7 2055 2080 2006
11576 2 2 0 7 2079 3161 3160
11577 2 2 0 7 2144 7168 3039
11578 2 2 0 7 4912 4913 3306
11579 2 2 0 7 7479 7518 3447
11580 2 2 0 7 7056 7482 3649
11581 2 2 0 7 4248 5444 5327
11582 2 2 0 7 4248 5445 5444
11583 2 2 0 7 4313 4731 4730
11584 2 2 0 7 4658 7273 4572
11585 2 2 0 7 7470 7471 4608
11586 2 2 0 7 5796 6634 4619
11587 2 2 0 7 4742 4749 4744
11588 2 2 0 7 4830 5251 4768
11589 2 2 0 7 7036 7354 4808
11590 2 2 0 7 4877 5216 4878
11591 2 2 0 7 7301 7583 7191
11592 2 2 0 7 1663 7160 2146
11593 2 2 0 7 1699 1700 1697
11594 2 2 0 7 1849 1851 1850
11595 2 2 0 7 3038 7328 2017
11596 2 2 0 7 7380 7381 3028
11597 2 2 0 7 3434 3680 3679
11598 2 2 0 7 3551 4419 3550
11599 2 2 0 7 3553 7356 3551
11600 2 2 0 7 3641 7285 4248
11601 2 2 0 7 4277 5243 5242
11602 2 2 0 7 1858 7503 1815
11603 2 2 0 7 2122 7485 2091
11604 2 2 0 7 4306 7084 4252
11605 2 2 0 7 4751 7424 7008
11606 2 2 0 7 5007 6876 5009
11607 2 2 0 7 6959 6960 5361
11608 2 2 0 7 7257 7258 5709
11609 2 2 0 7 1535 7398 5249
11610 2 2 0 7 1555 7519 7377
11611 2 2 0 7 1774 1789 1766
11612 2 2 0 7 1912 7248 2148
11613 2 2 0 7 3248 3249 2031
11614 2 2 0 7 3043 3045 3044
11615 2 2 0 7 3440 4726 4725
11616 2 2 0 7 7015 7422 5246
11617 2 2 0 7 7052 7510 5250
11618 2 2 0 7 7502 7625 5262
11619 2 2 0 7 7214 7215 1543
11620 2 2 0 7 3028 7381 3037
11621 2 2 0 7 3682 7348 3433
11622 2 2 0 7 4649 4897 3826
11623 2 2 0 7 4576 5643 4578
11624 2 2 0 7 4581 4759 4579
11625 2 2 0 7 6962 7557 4760
11626 2 2 0 7 5221 6852 5219
11627 2 2 0 7 5240 7445 7015
11628 2 2 0 7 7339 7638 109
11629 2 2 0 7 7545 7558 1755
11630 2 2 0 7 2104 7271 2102
11631 2 2 0 7 3082 3084 3083
11632 2 2 0 7 4951 7326 3878
11633 2 2 0 7 6898 7642 7023
11634 2 2 0 7 1633 1634 1631
11635 2 2 0 7 1825 1928 1861
11636 2 2 0 7 3444 7450 4324
11637 2 2 0 7 3448 7559 7433
11638 2 2 0 7 4659 7171 6903
11639 2 2 0 7 5074 6300 6296
11640 2 2 0 7 7118 7198 7116
11641 2 2 0 7 1690 1708 1704
11642 2 2 0 7 3751 7363 1904
11643 2 2 0 7 1926 1927 1925
11644 2 2 0 7 1940 1942 1941
11645 2 2 0 7 2054 2082 1949
11646 2 2 0 7 3069 4987 2082
11647 2 2 0 7 3023 4719 3068
11648 2 2 0 7 3443 7464 3026
11649 2 2 0 7 7287 7385 3031
11650 2 2 0 7 3142 7247 3140
11651 2 2 0 7 4108 4109 3717
11652 2 2 0 7 3728 4737 4348
11653 2 2 0 7 4972 5239 4169
11654 2 2 0 7 4734 4736 4735
11655 2 2 0 7 4742 4744 4743
11656 2 2 0 7 7443 7554 4830
11657 2 2 0 7 4987 6369 5991
11658 2 2 0 7 5252 7477 7315
11659 2 2 0 7 7114 7565 5260
11660 2 2 0 7 5268 7360 5579
11661 2 2 0 7 6454 6455 6453
11662 2 2 0 7 7429 7620 6978
11663 2 2 0 7 7114 7633 7565
11664 2 2 0 7 1807 7591 1805
11665 2 2 0 7 1813 7496 1810
11666 2 2 0 7 1811 1828 1812
11667 2 2 0 7 2134 2135 1828
11668 2 2 0 7 1905 2004 1904
11669 2 2 0 7 2137 3023 3022
11670 2 2 0 7 2000 2083 1993
11671 2 2 0 7 3085 5234 4329
11672 2 2 0 7 4297 7453 3545
11673 2 2 0 7 3549 3552 3551
11674 2 2 0 7 4419 4797 3550
11675 2 2 0 7 3843 7539 3681
11676 2 2 0 7 4764 4773 3682
11677 2 2 0 7 4774 4775 4773
11678 2 2 0 7 4964 5037 4797
11679 2 2 0 7 5037 7427 7030
11680 2 2 0 7 7097 7673 7663
11681 2 2 0 7 1433 6907 6906
11682 2 2 0 7 1699 7167 1709
11683 2 2 0 7 1762 7389 1745
11684 2 2 0 7 1968 7353 1970
11685 2 2 0 7 2288 2289 2287
11686 2 2 0 7 7448 7449 3363
11687 2 2 0 7 3713 3759 3714
11688 2 2 0 7 4340 7535 5260
11689 2 2 0 7 4579 7090 4577
11690 2 2 0 7 1698 1856 1711
11691 2 2 0 7 2126 7075 3806
11692 2 2 0 7 4084 7506 3596
11693 2 2 0 7 4806 7268 4853
11694 2 2 0 7 5350 5351 5349
11695 2 2 0 7 7486 7554 7443
11696 2 2 0 7 1497 1498 1496
11697 2 2 0 7 1764 7162 1788
11698 2 2 0 7 2030 7250 2028
11699 2 2 0 7 2112 2116 2114
11700 2 2 0 7 2141 7526 7120
11701 2 2 0 7 3598 7594 7168
11702 2 2 0 7 4754 7629 7310
11703 2 2 0 7 7332 7414 4810
11704 2 2 0 7 4831 7513 7146
11705 2 2 0 7 5259 7419 7418
11706 2 2 0 7 6992 7634 7599
11707 2 2 0 7 7121 7416 7415
11708 2 2 0 7 1809 1983 1807
11709 2 2 0 7 2091 7485 2090
11710 2 2 0 7 2323 2325 2324
11711 2 2 0 7 2347 2349 2348
11712 2 2 0 7 3383 4859 4286
11713 2 2 0 7 4434 6924 6923
11714 2 2 0 7 1393 7576 119
11715 2 2 0 7 3257 7285 3641
11716 2 2 0 7 3264 7411 3664
11717 2 2 0 7 3305 3794 3689
11718 2 2 0 7 3713 7465 3759
11719 2 2 0 7 3759 7590 7550
11720 2 2 0 7 5269 7411 3765
11721 2 2 0 7 4252 7084 4251
11722 2 2 0 7 6985 6988 6986
11723 2 2 0 7 7004 7600 7430
11724 2 2 0 7 1754 6968 2112
11725 2 2 0 7 5245 7122 1842
11726 2 2 0 7 7269 7658 3580
11727 2 2 0 7 1743 7166 1767
11728 2 2 0 7 1839 7577 1820
11729 2 2 0 7 3795 4439 4438
11730 2 2 0 7 4125 4417 4126
11731 2 2 0 7 4304 7561 4864
11732 2 2 0 7 4786 4787 4333
11733 2 2 0 7 4791 4793 4792
11734 2 2 0 7 4810 7414 7343
11735 2 2 0 7 4841 7518 7479
11736 2 2 0 7 7118 7301 7198
11737 2 2 0 7 1880 1896 1895
11738 2 2 0 7 3878 7326 3875
11739 2 2 0 7 3026 7464 2130
11740 2 2 0 7 3040 7641 7574
11741 2 2 0 7 7047 7598 3081
11742 2 2 0 7 4325 7553 7404
11743 2 2 0 7 4403 5468 4402
11744 2 2 0 7 4777 4780 4779
11745 2 2 0 7 5351 5353 5349
11746 2 2 0 7 6924 6926 6925
11747 2 2 0 7 6967 7457 6964
11748 2 2 0 7 7505 7514 7256
11749 2 2 0 7 7432 7560 7433
11750 2 2 0 7 1907 7364 1905
11751 2 2 0 7 3726 3727 3725
11752 2 2 0 7 4268 7533 6905
11753 2 2 0 7 4829 7537 4827
11754 2 2 0 7 7294 7394 7213
11755 2 2 0 7 2010 2055 2006
11756 2 2 0 7 7355 7516 2119
11757 2 2 0 7 3031 7617 7287
11758 2 2 0 7 3400 7450 3444
11759 2 2 0 7 5395 7500 4130
11760 2 2 0 7 4749 6901 5227
11761 2 2 0 7 7191 7583 7580
11762 2 2 0 7 1534 7202 3452
11763 2 2 0 7 4831 7145 1557
11764 2 2 0 7 3032 7409 1560
11765 2 2 0 7 7154 7155 1758
11766 2 2 0 7 1871 7479 1872
11767 2 2 0 7 1953 7478 1956
11768 2 2 0 7 2016 7593 7552
11769 2 2 0 7 3045 3047 3044
11770 2 2 0 7 7500 7595 4611
11771 2 2 0 7 7277 7332 4810
11772 2 2 0 7 7609 7637 7206
11773 2 2 0 7 4908 7289 4267
11774 2 2 0 7 1353 7263 7262
11775 2 2 0 7 1404 7340 7339
11776 2 2 0 7 1532 1534 1533
11777 2 2 0 7 1540 7214 1543
11778 2 2 0 7 1557 7145 1554
11779 2 2 0 7 1560 7409 1573
11780 2 2 0 7 7155 7520 1758
11781 2 2 0 7 1764 1788 1780
11782 2 2 0 7 7612 7682 1776
11783 2 2 0 7 1784 7280 4800
11784 2 2 0 7 7162 7266 1788
11785 2 2 0 7 1829 1830 1798
11786 2 2 0 7 1825 1861 1860
11787 2 2 0 7 1882 7473 1855
11788 2 2 0 7 3042 7503 1858
11789 2 2 0 7 1859 1945 1944
11790 2 2 0 7 1887 7358 1889
11791 2 2 0 7 1891 7483 1888
11792 2 2 0 7 1899 7509 7483
11793 2 2 0 7 2005 7569 1947
11794 2 2 0 7 1992 2067 2066
11795 2 2 0 7 7039 7157 2044
11796 2 2 0 7 3363 7449 2066
11797 2 2 0 7 2067 3362 3361
11798 2 2 0 7 3578 7410 2086
11799 2 2 0 7 7215 7634 3032
11800 2 2 0 7 3047 4336 3044
11801 2 2 0 7 3045 3733 3579
11802 2 2 0 7 3062 3257 3061
11803 2 2 0 7 4812 7420 3347
11804 2 2 0 7 3830 7448 3363
11805 2 2 0 7 3795 3796 3365
11806 2 2 0 7 6982 7127 3446
11807 2 2 0 7 3731 4320 3450
11808 2 2 0 7 3450 7451 3749
11809 2 2 0 7 4124 5574 3578
11810 2 2 0 7 7482 7546 3643
11811 2 2 0 7 3699 7486 3701
11812 2 2 0 7 4769 4770 3702
11813 2 2 0 7 3704 3706 3705
11814 2 2 0 7 3712 7177 7176
11815 2 2 0 7 3731 7102 5241
11816 2 2 0 7 3734 7512 5256
11817 2 2 0 7 3750 7443 4830
11818 2 2 0 7 3829 4826 4575
11819 2 2 0 7 4106 7629 4107
11820 2 2 0 7 4125 7541 4417
11821 2 2 0 7 4128 6880 5125
11822 2 2 0 7 4485 5058 4265
11823 2 2 0 7 4328 7492 4327
11824 2 2 0 7 4440 4584 4441
11825 2 2 0 7 5136 7413 4441
11826 2 2 0 7 4589 7504 4587
11827 2 2 0 7 5332 6519 4589
11828 2 2 0 7 5236 7425 4730
11829 2 2 0 7 5361 5780 4770
11830 2 2 0 7 4801 7554 7486
11831 2 2 0 7 4806 4853 4807
11832 2 2 0 7 4857 7521 4812
11833 2 2 0 7 4831 7146 7145
11834 2 2 0 7 7473 7513 4831
11835 2 2 0 7 7445 7528 4852
11836 2 2 0 7 4853 4855 4854
11837 2 2 0 7 4855 7613 6991
11838 2 2 0 7 5277 7655 4868
11839 2 2 0 7 4870 5123 5122
11840 2 2 0 7 4872 7097 6958
11841 2 2 0 7 6321 6322 4966
11842 2 2 0 7 5263 7625 7617
11843 2 2 0 7 5395 7595 7500
11844 2 2 0 7 5445 7474 5829
11845 2 2 0 7 7146 7155 7154
11846 2 2 0 7 7409 7529 7162
11847 2 2 0 7 7177 7179 7178
11848 2 2 0 7 7214 7599 7215
11849 2 2 0 7 7229 7233 7230
11850 2 2 0 7 3073 7315 2094
11851 2 2 0 7 3160 7366 3159
11852 2 2 0 7 3737 7611 7216
11853 2 2 0 7 7433 7587 4843
11854 2 2 0 7 1984 2051 1847
11855 2 2 0 7 2009 7512 2058
11856 2 2 0 7 3064 7014 2065
11857 2 2 0 7 2115 3437 3435
11858 2 2 0 7 3786 7366 3245
11859 2 2 0 7 4840 7489 3249
11860 2 2 0 7 3765 7411 3262
11861 2 2 0 7 4817 7199 3729
11862 2 2 0 7 6941 6981 6940
11863 2 2 0 7 6963 7522 7034
11864 2 2 0 7 1433 6906 1434
11865 2 2 0 7 1707 1803 1802
11866 2 2 0 7 2326 2365 2324
11867 2 2 0 7 2351 2396 2353
11868 2 2 0 7 1436 7576 1393
11869 2 2 0 7 1828 7355 1812
11870 2 2 0 7 7363 7496 1813
11871 2 2 0 7 2135 7517 1828
11872 2 2 0 7 2136 4762 3691
11873 2 2 0 7 3023 7150 4719
11874 2 2 0 7 3068 3382 3024
11875 2 2 0 7 4913 7581 3306
11876 2 2 0 7 4109 5248 3717
11877 2 2 0 7 7115 7488 3726
11878 2 2 0 7 4741 4742 4736
11879 2 2 0 7 4767 6979 6955
11880 2 2 0 7 7580 7583 4850
11881 2 2 0 7 4972 6486 5239
11882 2 2 0 7 7597 7614 5273
11883 2 2 0 7 7261 7606 7591
11884 2 2 0 7 1804 7619 7033
11885 2 2 0 7 5991 7365 2082
11886 2 2 0 7 3728 7488 4767
11887 2 2 0 7 5328 7541 4170
11888 2 2 0 7 1573 7409 7162
11889 2 2 0 7 1815 7503 1816
11890 2 2 0 7 4722 7572 4305
11891 2 2 0 7 7539 7544 4468
11892 2 2 0 7 4739 7620 7081
11893 2 2 0 7 1644 7467 6999
11894 2 2 0 7 1745 7389 2015
11895 2 2 0 7 4277 7532 5244
11896 2 2 0 7 4754 7310 7309
11897 2 2 0 7 5009 6247 6246
11898 2 2 0 7 3347 7420 2149
11899 2 2 0 7 2094 7477 2047
11900 2 2 0 7 3524 7649 3074
11901 2 2 0 7 4058 4059 4057
11902 2 2 0 7 7430 7600 4761
11903 2 2 0 7 7099 7291 7290
11904 2 2 0 7 2122 7534 7485
11905 2 2 0 7 5276 7576 1436
11906 2 2 0 7 1873 7378 1870
11907 2 2 0 7 2136 3691 2137
11908 2 2 0 7 3747 7559 2150
11909 2 2 0 7 7348 7349 3146
11910 2 2 0 7 4419 4964 4797
11911 2 2 0 7 3610 7455 2098
11912 2 2 0 7 3245 7366 3160
11913 2 2 0 7 5272 7580 4850
11914 2 2 0 7 5260 7535 7110
11915 2 2 0 7 4216 4421 4420
11916 2 2 0 7 7585 7590 7106
11917 2 2 0 7 7617 7625 7288
11918 2 2 0 7 1542 7214 1540
11919 2 2 0 7 2139 7626 7163
11920 2 2 0 7 2150 7559 3448
11921 2 2 0 7 3664 7564 7061
11922 2 2 0 7 4706 7494 3683
11923 2 2 0 7 3701 7486 3704
11924 2 2 0 7 3784 7588 3785
11925 2 2 0 7 7416 7492 4328
11926 2 2 0 7 4741 7579 4742
11927 2 2 0 7 5273 7614 7196
11928 2 2 0 7 7171 7172 6903
11929 2 2 0 7 7059 7546 7056
11930 2 2 0 7 7118 7475 7301
11931 2 2 0 7 7318 7523 7317
11932 2 2 0 7 1985 1986 1898
11933 2 2 0 7 4795 7571 5255
11934 2 2 0 7 117 7623 1379
11935 2 2 0 7 1641 7467 1644
11936 2 2 0 7 1709 7166 1743
11937 2 2 0 7 1762 7390 7389
11938 2 2 0 7 1852 7593 1917
11939 2 2 0 7 7388 7631 5272
11940 2 2 0 7 7287 7617 7288
11941 2 2 0 7 1805 7591 3432
11942 2 2 0 7 3738 7434 5252
11943 2 2 0 7 4834 7505 7256
11944 2 2 0 7 4878 7606 7261
11945 2 2 0 7 5139 6454 6453
11946 2 2 0 7 1469 7558 1471
11947 2 2 0 7 1625 1628 1627
11948 2 2 0 7 1889 7358 2014
11949 2 2 0 7 3157 7534 2122
11950 2 2 0 7 3262 7411 3264
11951 2 2 0 7 3748 7599 7214
11952 2 2 0 7 4305 7572 4307
11953 2 2 0 7 5132 7582 6356
11954 2 2 0 7 5246 7621 7451
11955 2 2 0 7 2149 7420 2147
11956 2 2 0 7 7073 7646 3035
11957 2 2 0 7 7012 7570 4735
11958 2 2 0 7 3451 7378 1873
11959 2 2 0 7 1917 7593 2016
11960 2 2 0 7 7056 7546 7482
11961 2 2 0 7 7471 7472 4608
11962 2 2 0 7 1769 1793 1768
11963 2 2 0 7 1844 7585 7106
11964 2 2 0 7 2051 7402 1847
11965 2 2 0 7 2052 7507 2064
11966 2 2 0 7 4441 7413 3796
11967 2 2 0 7 4817 7324 7200
11968 2 2 0 7 4972 6487 6486
11969 2 2 0 7 5007 5008 5005
11970 2 2 0 7 5235 7585 5266
11971 2 2 0 7 5266 7585 7577
11972 2 2 0 7 7115 7153 7122
11973 2 2 0 7 7454 7574 7507
11974 2 2 0 7 1747 1796 1769
11975 2 2 0 7 4851 7490 2089
11976 2 2 0 7 6336 6337 5339
11977 2 2 0 7 7350 7563 7180
11978 2 2 0 7 2058 7512 3734
11979 2 2 0 7 2351 2353 2352
11980 2 2 0 7 3613 7586 4104
11981 2 2 0 7 7542 7543 5264
11982 2 2 0 7 3041 7578 7316
11983 2 2 0 7 7177 7178 7176
11984 2 2 0 7 1353 7264 7263
11985 2 2 0 7 3430 7538 3825
11986 2 2 0 7 5580 7564 5269
11987 2 2 0 7 1910 7447 1839
11988 2 2 0 7 3306 7581 3305
11989 2 2 0 7 7507 7574 4859
11990 2 2 0 7 7116 7198 1880
11991 2 2 0 7 4608 7604 4114
11992 2 2 0 7 6921 7431 4747
11993 2 2 0 7 7283 7583 7475
11994 2 2 0 7 1774 7499 1804
11995 2 2 0 7 2282 7113 2302
11996 2 2 0 7 7320 7489 4840
11997 2 2 0 7 1758 7520 7020
11998 2 2 0 7 7163 7592 1848
11999 2 2 0 7 2139 7644 7626
12000 2 2 0 7 1412 7547 158
12001 2 2 0 7 1755 7558 1469
12002 2 2 0 7 1751 7399 1761
12003 2 2 0 7 1984 7454 2052
12004 2 2 0 7 7279 7644 2139
12005 2 2 0 7 7456 7578 3041
12006 2 2 0 7 7591 7606 3432
12007 2 2 0 7 4781 6938 6937
12008 2 2 0 7 6875 7612 6874
12009 2 2 0 7 7140 7624 2134
12010 2 2 0 7 7509 7521 4857
12011 2 2 0 7 6337 7567 5339
12012 2 2 0 7 6924 6925 6923
12013 2 2 0 7 7270 7578 7456
12014 2 2 0 7 119 7576 118
12015 2 2 0 7 1709 7167 7166
12016 2 2 0 7 4336 7664 7097
12017 2 2 0 7 7105 7536 7107
12018 2 2 0 7 7315 7477 2094
12019 2 2 0 7 7204 7515 3043
12020 2 2 0 7 3685 7548 4706
12021 2 2 0 7 4293 7426 5047
12022 2 2 0 7 4775 7349 4773
12023 2 2 0 7 7552 7593 5270
12024 2 2 0 7 7117 7587 7375
12025 2 2 0 7 7296 7566 7295
12026 2 2 0 7 1769 1795 1793
12027 2 2 0 7 4788 7645 7388
12028 2 2 0 7 5272 7616 7580
12029 2 2 0 7 7295 7566 1487
12030 2 2 0 7 7358 7412 2014
12031 2 2 0 7 7194 7617 3031
12032 2 2 0 7 3596 7506 3158
12033 2 2 0 7 4130 7500 3346
12034 2 2 0 7 4315 7614 7597
12035 2 2 0 7 4587 7504 4968
12036 2 2 0 7 5781 7549 4770
12037 2 2 0 7 4813 7542 7017
12038 2 2 0 7 2040 7434 3738
12039 2 2 0 7 3548 7527 3549
12040 2 2 0 7 4104 7586 5415
12041 2 2 0 7 4315 7597 4739
12042 2 2 0 7 4773 7349 7348
12043 2 2 0 7 1947 7569 2021
12044 2 2 0 7 3040 7454 2001
12045 2 2 0 7 2064 7507 3383
12046 2 2 0 7 3305 7581 3794
12047 2 2 0 7 4714 7632 5652
12048 2 2 0 7 4763 7494 7070
12049 2 2 0 7 4809 7575 7035
12050 2 2 0 7 7554 7619 4830
12051 2 2 0 7 4849 7560 7432
12052 2 2 0 7 7023 7642 7361
12053 2 2 0 7 4750 7424 4751
12054 2 2 0 7 5253 7652 6877
12055 2 2 0 7 1759 7499 1774
12056 2 2 0 7 2082 7365 1949
12057 2 2 0 7 4504 7573 3815
12058 2 2 0 7 7472 7604 4608
12059 2 2 0 7 4843 7518 4841
12060 2 2 0 7 7106 7536 7105
12061 2 2 0 7 7148 7633 7589
12062 2 2 0 7 3383 7507 4859
12063 2 2 0 7 7540 7618 4288
12064 2 2 0 7 3158 7506 3157
12065 2 2 0 7 4299 7548 3685
12066 2 2 0 7 4866 7641 5139
12067 2 2 0 7 1576 7637 1563
12068 2 2 0 7 1831 7402 7400
12069 2 2 0 7 1848 7592 7508
12070 2 2 0 7 1899 7483 1891
12071 2 2 0 7 1995 7410 1997
12072 2 2 0 7 4132 7562 5395
12073 2 2 0 7 1998 7501 1916
12074 2 2 0 7 3040 7574 7454
12075 2 2 0 7 3661 7538 3430
12076 2 2 0 7 4824 7553 7003
12077 2 2 0 7 5216 7606 4878
12078 2 2 0 7 1353 7638 7264
12079 2 2 0 7 3712 7350 7177
12080 2 2 0 7 5263 7617 7194
12081 2 2 0 7 7388 7645 7631
12082 2 2 0 7 4330 7552 5270
12083 2 2 0 7 1820 7577 1844
12084 2 2 0 7 7191 7580 1926
12085 2 2 0 7 3346 7500 4065
12086 2 2 0 7 3545 7453 4150
12087 2 2 0 7 3812 7573 3813
12088 2 2 0 7 4850 7583 7283
12089 2 2 0 7 1847 7402 1831
12090 2 2 0 7 2012 7447 1910
12091 2 2 0 7 1926 7616 1927
12092 2 2 0 7 4735 7570 4365
12093 2 2 0 7 7518 7587 7117
12094 2 2 0 7 6899 7533 4268
12095 2 2 0 7 5274 7597 5273
12096 2 2 0 7 3607 7561 4304
12097 2 2 0 7 7266 7530 1928
12098 2 2 0 7 7506 7582 3157
12099 2 2 0 7 7319 7320 4840
12100 2 2 0 7 7317 7523 7319
12101 2 2 0 7 7409 7613 7529
12102 2 2 0 7 3047 7661 4336
12103 2 2 0 7 3060 7608 2020
12104 2 2 0 7 3794 7581 4714
12105 2 2 0 7 5276 7623 7576
12106 2 2 0 7 7475 7583 7301
12107 2 2 0 7 7576 7623 118
12108 2 2 0 7 7196 7603 7197
12109 2 2 0 7 4827 7369 3304
12110 2 2 0 7 7256 7514 5265
12111 2 2 0 7 2095 7531 3075
12112 2 2 0 7 3730 7561 3597
12113 2 2 0 7 7285 7474 5445
12114 2 2 0 7 5124 7650 7635
12115 2 2 0 7 108 7638 1353
12116 2 2 0 7 7580 7616 1926
12117 2 2 0 7 4150 7453 4475
12118 2 2 0 7 1863 7267 2046
12119 2 2 0 7 5228 7424 4750
12120 2 2 0 7 5262 7625 5263
12121 2 2 0 7 7179 7605 7178
12122 2 2 0 7 4843 7587 7518
12123 2 2 0 7 4858 7626 4867
12124 2 2 0 7 7605 7607 7178
12125 2 2 0 7 3401 7532 3399
12126 2 2 0 7 4056 4646 4058
12127 2 2 0 7 4417 7541 5848
12128 2 2 0 7 2087 7490 3577
12129 2 2 0 7 3032 7613 7409
12130 2 2 0 7 3043 7515 3045
12131 2 2 0 7 4265 7586 3613
12132 2 2 0 7 3720 7596 3722
12133 2 2 0 7 3748 7647 7599
12134 2 2 0 7 4066 7543 4813
12135 2 2 0 7 4611 7595 6224
12136 2 2 0 7 5849 7650 5124
12137 2 2 0 7 5274 7620 7597
12138 2 2 0 7 5574 7639 7410
12139 2 2 0 7 7451 7621 6947
12140 2 2 0 7 6991 7634 6992
12141 2 2 0 7 7528 7615 7017
12142 2 2 0 7 7033 7619 7554
12143 2 2 0 7 7196 7614 7603
12144 2 2 0 7 7529 7530 7266
12145 2 2 0 7 2021 7569 3062
12146 2 2 0 7 1920 7602 7254
12147 2 2 0 7 7665 7666 6989
12148 2 2 0 7 5058 7586 4265
12149 2 2 0 7 7211 7603 4765
12150 2 2 0 7 2134 7624 2136
12151 2 2 0 7 2290 2291 2289
12152 2 2 0 7 3563 7396 3145
12153 2 2 0 7 3753 7556 4434
12154 2 2 0 7 1445 7371 3034
12155 2 2 0 7 2086 7410 1995
12156 2 2 0 7 4434 7556 6924
12157 2 2 0 7 4839 7670 4726
12158 2 2 0 7 3399 7532 4277
12159 2 2 0 7 7097 7663 4336
12160 2 2 0 7 2089 7490 2087
12161 2 2 0 7 4321 7615 7528
12162 2 2 0 7 118 7623 117
12163 2 2 0 7 5260 7565 5259
12164 2 2 0 7 5278 7648 7466
12165 2 2 0 7 4396 5810 4451
12166 2 2 0 7 3022 7517 2135
12167 2 2 0 7 7582 7636 6356
12168 2 2 0 7 7099 7290 7098
12169 2 2 0 7 2284 7113 2282
12170 2 2 0 7 3042 7663 7503
12171 2 2 0 7 3737 7642 7611
12172 2 2 0 7 4830 7619 5251
12173 2 2 0 7 6971 7624 7140
12174 2 2 0 7 7177 7350 7180
12175 2 2 0 7 3646 7474 7285
12176 2 2 0 7 3646 7605 7474
12177 2 2 0 7 4813 7543 7542
12178 2 2 0 7 4863 7609 4862
12179 2 2 0 7 1443 7371 1445
12180 2 2 0 7 3597 7561 3607
12181 2 2 0 7 7626 7644 4867
12182 2 2 0 7 7660 7671 1939
12183 2 2 0 7 4765 7614 4315
12184 2 2 0 7 6197 7632 4913
12185 2 2 0 7 5278 7660 7648
12186 2 2 0 7 3815 7573 3812
12187 2 2 0 7 5416 7629 4106
12188 2 2 0 7 5241 7615 4321
12189 2 2 0 7 7422 7621 5246
12190 2 2 0 7 5259 7565 7419
12191 2 2 0 7 1849 7508 1852
12192 2 2 0 7 1900 2000 1993
12193 2 2 0 7 7361 7642 3737
12194 2 2 0 7 6322 7562 4966
12195 2 2 0 7 3304 7369 2060
12196 2 2 0 7 3428 7604 7139
12197 2 2 0 7 4806 7596 7268
12198 2 2 0 7 3067 7633 7148
12199 2 2 0 7 1816 7672 7073
12200 2 2 0 7 3073 7622 7315
12201 2 2 0 7 7404 7553 4824
12202 2 2 0 7 7519 7647 7377
12203 2 2 0 7 3248 7589 3644
12204 2 2 0 7 1816 7673 7672
12205 2 2 0 7 4862 7609 7206
12206 2 2 0 7 7531 7540 3075
12207 2 2 0 7 5210 7548 4299
12208 2 2 0 7 2020 7608 7204
12209 2 2 0 7 3722 7596 4806
12210 2 2 0 7 1690 1704 1689
12211 2 2 0 7 7148 7589 3248
12212 2 2 0 7 3218 7540 4288
12213 2 2 0 7 3552 7527 4293
12214 2 2 0 7 7603 7614 4765
12215 2 2 0 7 6946 7643 6944
12216 2 2 0 7 3073 7649 7622
12217 2 2 0 7 4488 7588 3784
12218 2 2 0 7 4966 7562 4132
12219 2 2 0 7 4133 7630 5225
12220 2 2 0 7 4288 7618 5041
12221 2 2 0 7 7337 7670 4839
12222 2 2 0 7 4742 7579 4749
12223 2 2 0 7 7410 7639 1997
12224 2 2 0 7 6924 7622 6926
12225 2 2 0 7 1626 6848 1623
12226 2 2 0 7 2069 7501 1998
12227 2 2 0 7 4336 7663 3044
12228 2 2 0 7 7636 7643 6358
12229 2 2 0 7 1897 1985 1898
12230 2 2 0 7 6223 7610 4610
12231 2 2 0 7 7577 7585 1844
12232 2 2 0 7 4855 7530 7529
12233 2 2 0 7 4761 7600 7207
12234 2 2 0 7 5278 7671 7660
12235 2 2 0 7 7567 7568 3603
12236 2 2 0 7 5235 7590 7585
12237 2 2 0 7 7503 7673 1816
12238 2 2 0 7 3610 7656 7455
12239 2 2 0 7 1563 7637 2018
12240 2 2 0 7 4114 7604 3428
12241 2 2 0 7 7178 7607 4861
12242 2 2 0 7 4986 7627 6270
12243 2 2 0 7 7097 7664 6958
12244 2 2 0 7 6885 6886 6849
12245 2 2 0 7 1625 1627 1626
12246 2 2 0 7 1707 1802 1686
12247 2 2 0 7 3764 7501 2069
12248 2 2 0 7 5766 7588 4488
12249 2 2 0 7 7550 7590 5235
12250 2 2 0 7 1754 2112 2111
12251 2 2 0 7 4781 7584 6938
12252 2 2 0 7 4864 7674 6873
12253 2 2 0 7 7630 7652 5253
12254 2 2 0 7 7555 7662 5276
12255 2 2 0 7 1921 7602 1920
12256 2 2 0 7 1936 7660 1939
12257 2 2 0 7 6978 7620 5274
12258 2 2 0 7 1898 3692 1837
12259 2 2 0 7 4986 6270 4985
12260 2 2 0 7 3074 7649 3073
12261 2 2 0 7 4749 7579 6901
12262 2 2 0 7 1848 7508 1849
12263 2 2 0 7 3032 7634 7613
12264 2 2 0 7 7455 7656 7641
12265 2 2 0 7 2062 7455 3040
12266 2 2 0 7 1928 7525 1861
12267 2 2 0 7 7069 7608 3060
12268 2 2 0 7 4766 7652 7630
12269 2 2 0 7 7592 7626 4858
12270 2 2 0 7 6958 7664 6953
12271 2 2 0 7 6993 7647 7519
12272 2 2 0 7 7179 7659 7605
12273 2 2 0 7 7163 7626 7592
12274 2 2 0 7 3524 7668 7649
12275 2 2 0 7 1931 7631 7192
12276 2 2 0 7 7655 7661 3580
12277 2 2 0 7 5276 7662 7623
12278 2 2 0 7 109 7638 108
12279 2 2 0 7 7192 7648 1935
12280 2 2 0 7 7466 7645 4788
12281 2 2 0 7 1861 7525 1919
12282 2 2 0 7 3075 7540 3218
12283 2 2 0 7 3549 7527 3552
12284 2 2 0 7 4867 7644 5261
12285 2 2 0 7 7648 7660 1935
12286 2 2 0 7 1940 7675 1943
12287 2 2 0 7 7635 7650 4123
12288 2 2 0 7 7098 7290 6241
12289 2 2 0 7 3493 3779 3778
12290 2 2 0 7 7556 7622 6924
12291 2 2 0 7 6356 7636 6358
12292 2 2 0 7 7631 7645 7192
12293 2 2 0 7 7622 7649 6926
12294 2 2 0 7 4871 7671 5278
12295 2 2 0 7 7073 7672 7646
12296 2 2 0 7 7046 7666 7665
12297 2 2 0 7 1747 1769 1768
12298 2 2 0 7 7455 7641 3040
12299 2 2 0 7 2098 7455 2062
12300 2 2 0 7 7377 7647 3748
12301 2 2 0 7 1935 7660 1936
12302 2 2 0 7 7038 7646 4865
12303 2 2 0 7 7671 7675 1939
12304 2 2 0 7 4972 7640 6487
12305 2 2 0 7 5416 7654 7653
12306 2 2 0 7 7623 7662 1379
12307 2 2 0 7 3044 7663 3042
12308 2 2 0 7 3580 7661 3047
12309 2 2 0 7 4123 7650 6900
12310 2 2 0 7 5124 7635 4869
12311 2 2 0 7 7672 7673 4872
12312 2 2 0 7 6337 7568 7567
12313 2 2 0 7 6926 7668 6927
12314 2 2 0 7 7613 7634 6991
12315 2 2 0 7 3580 7658 7655
12316 2 2 0 7 7181 7659 7179
12317 2 2 0 7 4868 7655 4870
12318 2 2 0 7 6876 7657 5009
12319 2 2 0 7 4865 7672 4872
12320 2 2 0 7 7466 7648 7645
12321 2 2 0 7 4726 7670 7481
12322 2 2 0 7 5279 7671 4871
12323 2 2 0 7 5139 7656 6454
12324 2 2 0 7 5009 7657 6247
12325 2 2 0 7 6864 7669 4721
12326 2 2 0 7 7586 7676 5415
12327 2 2 0 7 5330 7627 4986
12328 2 2 0 7 7645 7648 7192
12329 2 2 0 7 7641 7656 5139
12330 2 2 0 7 7646 7672 4865
12331 2 2 0 7 5058 7676 7586
12332 2 2 0 7 5279 7675 7671
12333 2 2 0 7 4872 7673 7097
12334 2 2 0 7 1939 7675 1940
12335 2 2 0 7 5501 7640 4595
12336 2 2 0 7 2321 2323 2322
12337 2 2 0 7 4595 7640 4972
12338 2 2 0 7 2302 7667 2280
12339 2 2 0 7 4870 7658 5123
12340 2 2 0 7 4056 4058 4057
12341 2 2 0 7 5349 7651 5347
12342 2 2 0 7 7046 7665 7109
12343 2 2 0 7 7561 7674 4864
12344 2 2 0 7 2745 7683 2747
12345 2 2 0 7 5353 7651 5349
12346 2 2 0 7 7649 7668 6926
12347 2 2 0 7 3730 7674 7561
12348 2 2 0 7 7374 7682 6933
12349 2 2 0 7 2239 7677 2238
12350 2 2 0 7 7629 7653 7310
12351 2 2 0 7 7655 7658 4870
12352 2 2 0 7 5416 7653 7629
12353 2 2 0 7 2238 7677 2241
12354 2 2 0 7 6861 7687 7014
12355 2 2 0 7 6875 7682 7612
12356 2 2 0 7 4361 7685 4360
12357 2 2 0 7 1625 1626 1623
12358 2 2 0 7 1681 1690 1689
12359 2 2 0 7 1897 1898 1837
12360 2 2 0 7 1624 6882 1625
12361 2 2 0 7 1900 1993 1838
12362 2 2 0 7 1754 2111 1624
12363 2 2 0 7 2761 7683 2745
12364 2 2 0 7 5213 6819 5214
12365 2 2 0 7 1838 6885 6849
12366 2 2 0 7 1747 1768 1746
12367 2 2 0 7 1689 1707 1686
12368 2 2 0 7 3493 3778 3481
12369 2 2 0 7 6828 6850 4875
12370 2 2 0 7 6933 7681 6949
12371 2 2 0 7 7681 7682 6875
12372 2 2 0 7 7014 7687 4720
12373 2 2 0 7 4360 7685 4396
12374 2 2 0 7 3049 7683 2761
12375 2 2 0 7 6855 7684 7016
12376 2 2 0 7 4055 6862 4390
12377 2 2 0 7 4056 4057 4055
12378 2 2 0 7 2319 3020 2321
12379 2 2 0 7 2321 2322 2320
12380 2 2 0 7 6933 7682 7681
12381 2 2 0 7 2270 7701 2266
12382 2 2 0 7 6870 7688 6970
12383 2 2 0 7 4396 7685 5810
12384 2 2 0 7 4720 7687 6864
12385 2 2 0 7 6995 7688 6870
12386 2 2 0 7 4794 7690 6929
12387 2 2 0 7 1637 7691 1640
12388 2 2 0 7 4791 7690 4794
12389 2 2 0 7 7408 7690 4790
12390 2 2 0 7 7690 7691 6929
12391 2 2 0 7 1622 1754 1624
12392 2 2 0 7 1686 6868 1680
12393 2 2 0 7 1681 1689 1686
12394 2 2 0 7 5213 5214 4708
12395 2 2 0 7 1624 1625 1623
12396 2 2 0 7 1800 1900 1838
12397 2 2 0 7 1836 1897 1837
12398 2 2 0 7 1838 6849 1836
12399 2 2 0 7 2110 6853 1706
12400 2 2 0 7 1746 2117 1705
12401 2 2 0 7 1706 1747 1746
12402 2 2 0 7 6827 6828 4875
12403 2 2 0 7 4985 7686 4685
12404 2 2 0 7 3492 3493 3481
12405 2 2 0 7 6271 7686 4985
12406 2 2 0 7 4874 7689 4873
12407 2 2 0 7 4794 7695 7066
12408 2 2 0 7 4716 7693 7304
12409 2 2 0 7 4873 7693 4541
12410 2 2 0 7 1640 7691 7408
12411 2 2 0 7 4790 7690 4791
12412 2 2 0 7 2320 2367 2318
12413 2 2 0 7 4413 7692 4415
12414 2 2 0 7 4055 4390 4053
12415 2 2 0 7 4054 4056 4055
12416 2 2 0 7 2319 2321 2320
12417 2 2 0 7 2635 8600 2640
12418 2 2 0 7 1942 7694 2010
12419 2 2 0 7 4415 7692 5650
12420 2 2 0 7 5221 7696 7066
12421 2 2 0 7 4541 7693 4716
12422 2 2 0 7 7066 7696 5218
12423 2 2 0 7 6852 7695 6884
12424 2 2 0 7 1622 1624 1623
12425 2 2 0 7 4707 6827 4875
12426 2 2 0 7 4875 5213 4708
12427 2 2 0 7 1836 1837 1799
12428 2 2 0 7 1800 1838 1836
12429 2 2 0 7 4709 6829 5212
12430 2 2 0 7 1688 2110 1706
12431 2 2 0 7 1706 1746 1705
12432 2 2 0 7 1681 1686 1680
12433 2 2 0 7 3475 3492 3481
12434 2 2 0 7 3476 3478 3477
12435 2 2 0 7 2010 7694 7436
12436 2 2 0 7 4356 7697 4358
12437 2 2 0 7 4215 7699 4209
12438 2 2 0 7 5218 7696 6858
12439 2 2 0 7 2107 7700 3329
12440 2 2 0 7 4358 7697 4361
12441 2 2 0 7 2711 7698 2703
12442 2 2 0 7 2319 2320 2318
12443 2 2 0 7 4054 4055 4053
12444 2 2 0 7 2747 7698 2711
12445 2 2 0 7 2276 7701 2270
12446 2 2 0 7 4704 7699 4215
12447 2 2 0 7 1680 4711 1678
12448 2 2 0 7 1688 1706 1705
12449 2 2 0 7 4707 4875 4708
12450 2 2 0 7 3688 6845 1679
12451 2 2 0 7 1622 1623 1618
12452 2 2 0 7 4709 5212 4710
12453 2 2 0 7 1679 1681 1680
12454 2 2 0 7 1800 1836 1799
12455 2 2 0 7 3329 7700 4297
12456 2 2 0 7 3475 3481 3476
12457 2 2 0 7 3476 3477 3474
12458 2 2 0 7 4430 7701 2276
12459 2 2 0 7 4561 7702 4887
12460 2 2 0 7 4685 7702 4561
12461 2 2 0 7 2317 2319 2318
12462 2 2 0 7 4052 4054 4053
12463 2 2 0 7 2488 7703 2487
12464 2 2 0 7 7686 7702 4685
12465 2 2 0 7 2487 7703 3051
12466 2 2 0 7 1677 3688 1679
12467 2 2 0 7 1688 1705 1687
12468 2 2 0 7 3687 6842 1775
12469 2 2 0 7 4709 4710 2109
12470 2 2 0 7 4707 4708 3454
12471 2 2 0 7 1775 1800 1799
12472 2 2 0 7 1617 1622 1618
12473 2 2 0 7 1679 1680 1678
12474 2 2 0 7 3454 6843 4709
12475 2 2 0 7 3475 3476 3474
12476 2 2 0 7 3473 6837 6817
12477 2 2 0 7 2510 7703 2488
12478 2 2 0 7 2315 2374 2317
12479 2 2 0 7 2317 2318 2316
12480 2 2 0 7 4052 4053 4051
12481 2 2 0 7 4051 6838 4429
12482 2 2 0 7 1682 1688 1687
12483 2 2 0 7 1687 6833 1676
12484 2 2 0 7 3454 4709 2109
12485 2 2 0 7 1617 1618 1614
12486 2 2 0 7 1753 3687 1775
12487 2 2 0 7 1750 4707 3454
12488 2 2 0 7 1775 1799 1773
12489 2 2 0 7 1677 1679 1678
12490 2 2 0 7 3472 3475 3474
12491 2 2 0 7 3473 6817 6816
12492 2 2 0 7 2228 7705 2235
12493 2 2 0 7 5321 7706 4354
12494 2 2 0 7 2315 2317 2316
12495 2 2 0 7 5151 5152 3883
12496 2 2 0 7 4050 4052 4051
12497 2 2 0 7 4528 5931 4050
12498 2 2 0 7 4051 4429 4049
12499 2 2 0 7 2230 7705 2228
12500 2 2 0 7 4354 7706 4356
12501 2 2 0 7 2698 7708 2699
12502 2 2 0 7 2703 7708 2698
12503 2 2 0 7 1677 1678 1672
12504 2 2 0 7 1682 1687 1676
12505 2 2 0 7 1614 1683 1612
12506 2 2 0 7 1613 1617 1614
12507 2 2 0 7 1750 3454 2109
12508 2 2 0 7 1753 1775 1773
12509 2 2 0 7 3384 7705 2230
12510 2 2 0 7 4356 7706 7697
12511 2 2 0 7 3472 3474 3473
12512 2 2 0 7 3473 6816 3470
12513 2 2 0 7 7704 7723 4778
12514 2 2 0 7 7698 7708 2703
12515 2 2 0 7 3004 7728 3003
12516 2 2 0 7 5001 7710 4999
12517 2 2 0 7 2315 2316 2314
12518 2 2 0 7 4264 6820 4259
12519 2 2 0 7 3883 3884 3852
12520 2 2 0 7 3851 5151 3883
12521 2 2 0 7 4050 4051 4049
12522 2 2 0 7 4048 4528 4050
12523 2 2 0 7 4414 7709 4409
12524 2 2 0 7 4409 7709 4411
12525 2 2 0 7 5128 7710 5001
12526 2 2 0 7 6881 7730 6828
12527 2 2 0 7 1749 6836 1750
12528 2 2 0 7 1613 1614 1612
12529 2 2 0 7 1750 2109 1739
12530 2 2 0 7 1753 1773 1749
12531 2 2 0 7 1676 1677 1672
12532 2 2 0 7 1611 1619 1613
12533 2 2 0 7 1671 1682 1676
12534 2 2 0 7 3471 6832 3472
12535 2 2 0 7 3472 3473 3470
12536 2 2 0 7 4780 7714 6865
12537 2 2 0 7 4781 7713 7584
12538 2 2 0 7 4338 7731 6829
12539 2 2 0 7 3996 7715 4643
12540 2 2 0 7 4777 7714 4780
12541 2 2 0 7 2537 7712 2540
12542 2 2 0 7 4226 7715 3996
12543 2 2 0 7 4537 7711 5620
12544 2 2 0 7 2462 7718 2465
12545 2 2 0 7 2313 2315 2314
12546 2 2 0 7 4652 6813 4257
12547 2 2 0 7 4260 4264 4259
12548 2 2 0 7 3851 3883 3852
12549 2 2 0 7 4048 4050 4049
12550 2 2 0 7 4974 7711 4537
12551 2 2 0 7 2540 7712 2556
12552 2 2 0 7 2468 7718 2462
12553 2 2 0 7 7734 7737 7092
12554 2 2 0 7 4780 7713 4781
12555 2 2 0 7 6865 7714 6841
12556 2 2 0 7 4778 7714 4777
12557 2 2 0 7 4887 7715 4226
12558 2 2 0 7 4729 7717 5670
12559 2 2 0 7 2100 7722 7037
12560 2 2 0 7 1671 1676 1672
12561 2 2 0 7 1749 1750 1739
12562 2 2 0 7 1611 1613 1612
12563 2 2 0 7 1738 1753 1749
12564 2 2 0 7 6834 7723 6835
12565 2 2 0 7 3050 7718 2468
12566 2 2 0 7 4729 7721 7717
12567 2 2 0 7 6835 7723 7704
12568 2 2 0 7 6829 7734 4338
12569 2 2 0 7 3471 3472 3470
12570 2 2 0 7 4728 7721 4729
12571 2 2 0 7 7092 7737 2072
12572 2 2 0 7 2798 7724 2793
12573 2 2 0 7 4728 7722 7721
12574 2 2 0 7 4298 7725 3269
12575 2 2 0 7 2072 7726 2038
12576 2 2 0 7 2035 7726 4805
12577 2 2 0 7 7037 7722 4728
12578 2 2 0 7 6841 7723 6834
12579 2 2 0 7 4217 7727 4205
12580 2 2 0 7 2313 2314 2312
12581 2 2 0 7 4258 4260 4259
12582 2 2 0 7 4259 4652 4257
12583 2 2 0 7 3851 3852 3850
12584 2 2 0 7 4047 6818 4457
12585 2 2 0 7 4048 4049 4047
12586 2 2 0 7 4457 4941 4046
12587 2 2 0 7 2856 7724 2798
12588 2 2 0 7 3055 7728 3004
12589 2 2 0 7 4202 7727 4201
12590 2 2 0 7 2024 7730 6881
12591 2 2 0 7 2026 7730 2024
12592 2 2 0 7 3265 7731 4338
12593 2 2 0 7 4201 7727 4555
12594 2 2 0 7 5213 7732 6819
12595 2 2 0 7 2923 7729 2775
12596 2 2 0 7 3269 7725 3267
12597 2 2 0 7 2775 7729 3587
12598 2 2 0 7 6843 7734 6829
12599 2 2 0 7 2038 7726 2035
12600 2 2 0 7 3255 7741 7740
12601 2 2 0 7 6830 7733 1865
12602 2 2 0 7 1621 6831 6809
12603 2 2 0 7 1738 1749 1739
12604 2 2 0 7 6821 6822 1791
12605 2 2 0 7 1611 1612 1608
12606 2 2 0 7 1671 1672 1621
12607 2 2 0 7 4205 7727 4202
12608 2 2 0 7 7725 7731 3267
12609 2 2 0 7 3513 7728 3055
12610 2 2 0 7 4379 7749 4116
12611 2 2 0 7 3468 3471 3470
12612 2 2 0 7 3540 7729 2923
12613 2 2 0 7 6825 7733 6830
12614 2 2 0 7 2142 7730 2026
12615 2 2 0 7 3267 7731 3265
12616 2 2 0 7 6850 7732 5213
12617 2 2 0 7 7104 7733 6825
12618 2 2 0 7 4470 7735 3853
12619 2 2 0 7 2531 7750 2533
12620 2 2 0 7 1595 3333 1593
12621 2 2 0 7 3103 3107 3101
12622 2 2 0 7 5214 7734 6843
12623 2 2 0 7 5214 7737 7734
12624 2 2 0 7 2311 2313 2312
12625 2 2 0 7 2920 7753 2913
12626 2 2 0 7 3118 3120 3119
12627 2 2 0 7 4258 4259 4257
12628 2 2 0 7 4591 6815 3849
12629 2 2 0 7 3849 3851 3850
12630 2 2 0 7 4047 4457 4046
12631 2 2 0 7 4045 4048 4047
12632 2 2 0 7 5620 7735 4470
12633 2 2 0 7 3522 7738 3182
12634 2 2 0 7 2967 7739 2968
12635 2 2 0 7 2229 8606 3054
12636 2 2 0 7 3182 7738 3204
12637 2 2 0 7 6819 7737 5214
12638 2 2 0 7 2222 8606 2224
12639 2 2 0 7 2995 7739 2967
12640 2 2 0 7 4997 7744 5314
12641 2 2 0 7 4999 7744 4997
12642 2 2 0 7 3255 7740 7739
12643 2 2 0 7 1736 6821 1791
12644 2 2 0 7 1738 1739 1736
12645 2 2 0 7 1621 6809 1616
12646 2 2 0 7 1607 1611 1608
12647 2 2 0 7 1620 1671 1621
12648 2 2 0 7 2224 8606 2229
12649 2 2 0 7 5016 7745 5019
12650 2 2 0 7 3255 7739 2995
12651 2 2 0 7 4900 4901 4679
12652 2 2 0 7 3468 3470 3469
12653 2 2 0 7 6831 7743 6809
12654 2 2 0 7 7710 7744 4999
12655 2 2 0 7 5019 7745 6518
12656 2 2 0 7 2822 7746 2825
12657 2 2 0 7 2460 7747 2458
12658 2 2 0 7 2465 7748 7747
12659 2 2 0 7 2511 4155 2470
12660 2 2 0 7 3102 3103 3101
12661 2 2 0 7 1594 1595 1593
12662 2 2 0 7 2428 7764 2432
12663 2 2 0 7 2310 8588 3506
12664 2 2 0 7 2311 2312 2310
12665 2 2 0 7 2309 2401 2311
12666 2 2 0 7 3117 3130 3118
12667 2 2 0 7 3118 3119 3116
12668 2 2 0 7 4256 4258 4257
12669 2 2 0 7 4395 4494 3792
12670 2 2 0 7 3849 3850 3819
12671 2 2 0 7 3818 4591 3849
12672 2 2 0 7 4045 4047 4046
12673 2 2 0 7 2825 7746 2830
12674 2 2 0 7 2465 7747 2460
12675 2 2 0 7 1736 1791 1734
12676 2 2 0 7 1735 1738 1736
12677 2 2 0 7 1607 1608 1606
12678 2 2 0 7 1605 2108 1607
12679 2 2 0 7 1620 1621 1616
12680 2 2 0 7 4236 4900 4679
12681 2 2 0 7 3468 3469 3466
12682 2 2 0 7 5423 7749 4379
12683 2 2 0 7 2471 2511 2470
12684 2 2 0 7 3100 3102 3101
12685 2 2 0 7 1592 1594 1593
12686 2 2 0 7 3994 8609 3991
12687 2 2 0 7 7748 7778 7747
12688 2 2 0 7 2791 7752 2858
12689 2 2 0 7 2310 3506 2308
12690 2 2 0 7 2309 2311 2310
12691 2 2 0 7 4453 5189 4295
12692 2 2 0 7 5039 5171 5170
12693 2 2 0 7 3494 4639 3489
12694 2 2 0 7 4256 4257 4255
12695 2 2 0 7 3117 3118 3116
12696 2 2 0 7 4394 4395 3792
12697 2 2 0 7 3818 3849 3819
12698 2 2 0 7 4045 4046 4043
12699 2 2 0 7 2533 7750 2537
12700 2 2 0 7 3942 8612 3947
12701 2 2 0 7 2793 7752 2791
12702 2 2 0 7 4458 7754 4009
12703 2 2 0 7 3017 7753 2920
12704 2 2 0 7 4009 7754 4405
12705 2 2 0 7 6782 7749 5423
12706 2 2 0 7 4643 8609 3994
12707 2 2 0 7 5067 7756 5638
12708 2 2 0 7 6603 6642 6641
12709 2 2 0 7 1735 1736 1734
12710 2 2 0 7 2070 6804 1615
12711 2 2 0 7 1605 1607 1606
12712 2 2 0 7 1616 2071 1610
12713 2 2 0 7 1615 1620 1616
12714 2 2 0 7 2690 7756 2691
12715 2 2 0 7 2537 7750 7712
12716 2 2 0 7 3947 8612 4353
12717 2 2 0 7 7724 7752 2793
12718 2 2 0 7 2693 7756 2690
12719 2 2 0 7 4236 4679 4678
12720 2 2 0 7 3465 6798 3663
12721 2 2 0 7 3467 3468 3466
12722 2 2 0 7 3770 7753 3017
12723 2 2 0 7 4405 7754 4408
12724 2 2 0 7 6855 7760 7684
12725 2 2 0 7 5617 7760 5710
12726 2 2 0 7 2948 8614 2944
12727 2 2 0 7 2582 7757 2584
12728 2 2 0 7 6823 7755 2071
12729 2 2 0 7 2200 2471 2470
12730 2 2 0 7 5309 5568 5307
12731 2 2 0 7 3100 3101 3099
12732 2 2 0 7 1591 6805 1757
12733 2 2 0 7 1592 1593 1591
12734 2 2 0 7 2691 7756 5067
12735 2 2 0 7 2699 7761 2696
12736 2 2 0 7 2309 2310 2308
12737 2 2 0 7 3241 7759 3243
12738 2 2 0 7 3487 3494 3489
12739 2 2 0 7 3654 4453 4295
12740 2 2 0 7 4254 4256 4255
12741 2 2 0 7 5039 5170 5038
12742 2 2 0 7 4295 5203 4294
12743 2 2 0 7 3133 8587 3115
12744 2 2 0 7 3115 3117 3116
12745 2 2 0 7 3791 4394 3792
12746 2 2 0 7 3214 6807 3818
12747 2 2 0 7 3818 3819 3213
12748 2 2 0 7 3539 3627 3626
12749 2 2 0 7 3626 6785 3015
12750 2 2 0 7 4044 4045 4043
12751 2 2 0 7 6008 6500 6004
12752 2 2 0 7 5497 7762 3176
12753 2 2 0 7 2584 7757 2599
12754 2 2 0 7 7756 7761 5638
12755 2 2 0 7 3176 7762 3179
12756 2 2 0 7 5119 7766 6255
12757 2 2 0 7 3243 7759 3418
12758 2 2 0 7 4422 7764 4881
12759 2 2 0 7 2432 7764 2508
12760 2 2 0 7 3237 8290 5337
12761 2 2 0 7 7684 7760 5617
12762 2 2 0 7 5357 7766 5119
12763 2 2 0 7 2699 7765 7761
12764 2 2 0 7 2693 7761 7756
12765 2 2 0 7 4525 7844 5544
12766 2 2 0 7 5497 7763 7762
12767 2 2 0 7 3153 7867 3155
12768 2 2 0 7 2696 7761 2693
12769 2 2 0 7 2682 7866 2685
12770 2 2 0 7 1733 1735 1734
12771 2 2 0 7 6603 6641 6604
12772 2 2 0 7 1605 1606 1604
12773 2 2 0 7 1609 2070 1615
12774 2 2 0 7 1615 1616 1610
12775 2 2 0 7 3179 7762 3522
12776 2 2 0 7 4236 4678 4235
12777 2 2 0 7 3465 3663 3662
12778 2 2 0 7 3662 6770 3463
12779 2 2 0 7 3464 3467 3466
12780 2 2 0 7 7761 7765 5638
12781 2 2 0 7 2508 7764 4422
12782 2 2 0 7 5638 7765 5721
12783 2 2 0 7 5881 7766 5357
12784 2 2 0 7 2686 7829 2684
12785 2 2 0 7 2532 7767 2529
12786 2 2 0 7 2200 2470 2201
12787 2 2 0 7 6522 6787 5183
12788 2 2 0 7 5308 5309 5307
12789 2 2 0 7 3099 3135 3097
12790 2 2 0 7 3098 3100 3099
12791 2 2 0 7 1590 1592 1591
12792 2 2 0 7 1591 1757 1589
12793 2 2 0 7 1599 8113 1590
12794 2 2 0 7 3798 3799 3431
12795 2 2 0 7 4905 6406 4903
12796 2 2 0 7 4143 5659 4141
12797 2 2 0 7 6379 6380 6378
12798 2 2 0 7 6194 8399 8380
12799 2 2 0 7 2520 7853 2527
12800 2 2 0 7 2455 7777 2466
12801 2 2 0 7 1719 7775 1721
12802 2 2 0 7 2307 2309 2308
12803 2 2 0 7 2399 6729 2305
12804 2 2 0 7 3487 3489 3488
12805 2 2 0 7 4254 4255 4038
12806 2 2 0 7 3654 4295 4294
12807 2 2 0 7 4570 5039 5038
12808 2 2 0 7 3113 3133 3115
12809 2 2 0 7 3115 3116 3114
12810 2 2 0 7 5625 6723 5021
12811 2 2 0 7 4064 4551 4550
12812 2 2 0 7 3791 3792 3640
12813 2 2 0 7 5595 5596 5594
12814 2 2 0 7 5784 6795 4614
12815 2 2 0 7 4614 4616 4615
12816 2 2 0 7 2888 3215 3214
12817 2 2 0 7 3214 3818 3213
12818 2 2 0 7 3539 3626 3015
12819 2 2 0 7 3367 3370 3369
12820 2 2 0 7 4042 4044 4043
12821 2 2 0 7 6001 6008 6004
12822 2 2 0 7 6125 6126 6123
12823 2 2 0 7 3238 7780 2952
12824 2 2 0 7 2567 7767 2532
12825 2 2 0 7 7747 7778 7777
12826 2 2 0 7 2458 7777 2455
12827 2 2 0 7 2952 7780 2965
12828 2 2 0 7 1721 7775 1725
12829 2 2 0 7 3238 7781 7780
12830 2 2 0 7 6603 6604 6602
12831 2 2 0 7 1731 1840 1733
12832 2 2 0 7 1733 1734 1732
12833 2 2 0 7 1609 1615 1610
12834 2 2 0 7 1603 1605 1604
12835 2 2 0 7 1610 6810 1601
12836 2 2 0 7 6399 7865 5384
12837 2 2 0 7 7747 7777 2458
12838 2 2 0 7 7781 7785 7780
12839 2 2 0 7 2965 7780 2994
12840 2 2 0 7 3864 4236 4235
12841 2 2 0 7 3465 3662 3463
12842 2 2 0 7 3464 3466 3465
12843 2 2 0 7 5367 5369 5368
12844 2 2 0 7 6694 6695 5806
12845 2 2 0 7 5422 5809 4920
12846 2 2 0 7 2868 2870 2869
12847 2 2 0 7 2867 4237 2982
12848 2 2 0 7 6693 8543 5188
12849 2 2 0 7 5155 5185 5157
12850 2 2 0 7 8063 8064 5114
12851 2 2 0 7 2789 7787 2785
12852 2 2 0 7 7780 7785 2994
12853 2 2 0 7 2200 2201 2188
12854 2 2 0 7 4922 6644 4954
12855 2 2 0 7 5315 6522 5183
12856 2 2 0 7 5306 5308 5307
12857 2 2 0 7 3098 3099 3097
12858 2 2 0 7 1588 1599 1590
12859 2 2 0 7 1590 1591 1589
12860 2 2 0 7 3642 3798 3431
12861 2 2 0 7 4904 4905 4903
12862 2 2 0 7 1606 8238 1752
12863 2 2 0 7 4142 4143 4141
12864 2 2 0 7 4140 4144 4142
12865 2 2 0 7 6377 6379 6378
12866 2 2 0 7 2994 7785 3253
12867 2 2 0 7 5701 8576 5143
12868 2 2 0 7 5144 5680 4491
12869 2 2 0 7 2306 6789 2393
12870 2 2 0 7 2393 2399 2305
12871 2 2 0 7 2307 2308 2306
12872 2 2 0 7 2977 3010 3008
12873 2 2 0 7 3008 3009 2978
12874 2 2 0 7 6312 6767 3772
12875 2 2 0 7 3654 4294 3653
12876 2 2 0 7 3393 3394 3387
12877 2 2 0 7 4253 4254 4038
12878 2 2 0 7 4570 5038 3652
12879 2 2 0 7 3487 3488 3485
12880 2 2 0 7 3653 8581 4570
12881 2 2 0 7 3131 6769 3111
12882 2 2 0 7 3113 3115 3114
12883 2 2 0 7 5022 5852 5317
12884 2 2 0 7 5317 5625 5021
12885 2 2 0 7 4064 4550 4545
12886 2 2 0 7 3639 3791 3640
12887 2 2 0 7 4614 4615 4378
12888 2 2 0 7 5593 5595 5594
12889 2 2 0 7 4613 5784 4614
12890 2 2 0 7 2888 3214 3213
12891 2 2 0 7 4637 4638 3635
12892 2 2 0 7 5813 6708 4548
12893 2 2 0 7 4275 5052 4637
12894 2 2 0 7 3014 8479 3455
12895 2 2 0 7 3455 3539 3015
12896 2 2 0 7 3367 3369 3368
12897 2 2 0 7 5198 5750 5749
12898 2 2 0 7 5749 6725 5197
12899 2 2 0 7 4042 4043 4041
12900 2 2 0 7 4041 6803 4942
12901 2 2 0 7 6124 6125 6123
12902 2 2 0 7 6137 6480 6136
12903 2 2 0 7 6033 6328 6032
12904 2 2 0 7 6135 7959 6721
12905 2 2 0 7 6122 6127 6124
12906 2 2 0 7 6031 6034 6033
12907 2 2 0 7 6001 6004 6003
12908 2 2 0 7 2858 7787 2789
12909 2 2 0 7 1735 7790 1738
12910 2 2 0 7 1753 7790 3687
12911 2 2 0 7 3823 8624 4239
12912 2 2 0 7 4005 8055 4002
12913 2 2 0 7 2618 7791 4885
12914 2 2 0 7 5900 6767 5065
12915 2 2 0 7 3070 7791 2624
12916 2 2 0 7 2170 9401 7858
12917 2 2 0 7 6792 7873 6793
12918 2 2 0 7 2621 7791 2618
12919 2 2 0 7 6210 6799 6618
12920 2 2 0 7 1841 7793 1569
12921 2 2 0 7 6196 9523 9370
12922 2 2 0 7 1569 7793 1571
12923 2 2 0 7 3295 6603 6602
12924 2 2 0 7 1731 1733 1732
12925 2 2 0 7 1609 1610 1601
12926 2 2 0 7 1603 1604 1602
12927 2 2 0 7 7778 7789 7777
12928 2 2 0 7 2687 7792 2688
12929 2 2 0 7 5612 8684 6391
12930 2 2 0 7 7777 7789 2466
12931 2 2 0 7 4239 8624 5137
12932 2 2 0 7 1738 7790 1753
12933 2 2 0 7 3766 7792 2687
12934 2 2 0 7 3516 9384 6230
12935 2 2 0 7 3864 4235 4234
12936 2 2 0 7 4157 6701 5826
12937 2 2 0 7 3464 3465 3463
12938 2 2 0 7 5367 5368 5366
12939 2 2 0 7 5928 6696 5364
12940 2 2 0 7 4919 5422 4920
12941 2 2 0 7 4917 6694 5806
12942 2 2 0 7 5806 6771 4919
12943 2 2 0 7 2867 2982 2868
12944 2 2 0 7 2868 2869 2866
12945 2 2 0 7 5188 6576 5186
12946 2 2 0 7 3125 6693 5188
12947 2 2 0 7 5156 6673 3501
12948 2 2 0 7 5155 5157 5156
12949 2 2 0 7 2624 7791 2621
12950 2 2 0 7 5529 8005 8004
12951 2 2 0 7 5720 9285 8238
12952 2 2 0 7 5287 7792 3766
12953 2 2 0 7 6359 8063 5114
12954 2 2 0 7 5541 6796 5542
12955 2 2 0 7 2187 2200 2188
12956 2 2 0 7 4115 6779 2187
12957 2 2 0 7 5607 8464 8463
12958 2 2 0 7 4922 4954 4484
12959 2 2 0 7 4641 6759 4549
12960 2 2 0 7 5183 5184 4424
12961 2 2 0 7 4549 5315 5183
12962 2 2 0 7 5306 5307 5305
12963 2 2 0 7 2688 7792 2692
12964 2 2 0 7 5290 6417 6416
12965 2 2 0 7 3110 6755 3096
12966 2 2 0 7 3096 3098 3097
12967 2 2 0 7 1588 1590 1589
12968 2 2 0 7 2504 2902 2516
12969 2 2 0 7 3290 3642 3431
12970 2 2 0 7 3012 3013 2910
12971 2 2 0 7 5069 6778 6777
12972 2 2 0 7 6777 7858 5619
12973 2 2 0 7 6445 6446 5061
12974 2 2 0 7 4025 4435 4022
12975 2 2 0 7 4902 4904 4903
12976 2 2 0 7 1571 7793 6684
12977 2 2 0 7 4594 5323 4276
12978 2 2 0 7 5687 6630 4687
12979 2 2 0 7 5484 6476 4621
12980 2 2 0 7 4140 4142 4141
12981 2 2 0 7 6377 6378 6376
12982 2 2 0 7 5064 5065 4932
12983 2 2 0 7 1635 7801 1634
12984 2 2 0 7 3778 8812 6544
12985 2 2 0 7 4551 7794 4550
12986 2 2 0 7 5917 8533 5373
12987 2 2 0 7 5117 7797 5115
12988 2 2 0 7 2895 7799 2897
12989 2 2 0 7 5143 5144 4491
12990 2 2 0 7 4490 5701 5143
12991 2 2 0 7 2306 2393 2305
12992 2 2 0 7 2304 2307 2306
12993 2 2 0 7 5582 6611 5571
12994 2 2 0 7 5590 6610 4651
12995 2 2 0 7 5589 5591 5590
12996 2 2 0 7 5285 6219 5286
12997 2 2 0 7 4949 5761 4565
12998 2 2 0 7 2978 3882 2976
12999 2 2 0 7 2977 3008 2978
13000 2 2 0 7 5858 5859 5775
13001 2 2 0 7 5693 6262 5692
13002 2 2 0 7 5148 5833 5760
13003 2 2 0 7 6672 6739 5453
13004 2 2 0 7 5086 8144 5630
13005 2 2 0 7 3483 3487 3485
13006 2 2 0 7 3256 3654 3653
13007 2 2 0 7 2963 3625 3388
13008 2 2 0 7 3386 3393 3387
13009 2 2 0 7 3772 6727 3164
13010 2 2 0 7 3164 3166 3165
13011 2 2 0 7 3653 4570 3652
13012 2 2 0 7 4037 4253 4038
13013 2 2 0 7 3078 6312 3772
13014 2 2 0 7 3112 3131 3111
13015 2 2 0 7 3113 3114 3109
13016 2 2 0 7 5022 5317 5021
13017 2 2 0 7 4224 5802 5022
13018 2 2 0 7 4064 4545 4013
13019 2 2 0 7 3639 3640 3390
13020 2 2 0 7 4556 5597 5593
13021 2 2 0 7 4613 4614 4378
13022 2 2 0 7 5593 5594 5592
13023 2 2 0 7 2888 3213 2740
13024 2 2 0 7 4654 5813 4548
13025 2 2 0 7 4275 4637 3635
13026 2 2 0 7 4455 5762 4654
13027 2 2 0 7 3014 3455 3015
13028 2 2 0 7 3367 3368 2974
13029 2 2 0 7 5198 5749 5197
13030 2 2 0 7 4041 4942 3803
13031 2 2 0 7 4281 5645 5644
13032 2 2 0 7 4040 4042 4041
13033 2 2 0 7 6051 8505 6050
13034 2 2 0 7 6031 6033 6032
13035 2 2 0 7 6122 6124 6123
13036 2 2 0 7 6129 6309 6308
13037 2 2 0 7 6162 6186 6160
13038 2 2 0 7 6161 6163 6162
13039 2 2 0 7 6135 6721 6134
13040 2 2 0 7 6134 6137 6136
13041 2 2 0 7 6001 6003 6000
13042 2 2 0 7 5192 7854 5376
13043 2 2 0 7 4228 7796 4229
13044 2 2 0 7 8744 9445 8745
13045 2 2 0 7 4231 7796 4228
13046 2 2 0 7 2944 8631 2942
13047 2 2 0 7 4080 7830 4376
13048 2 2 0 7 6255 7797 5117
13049 2 2 0 7 2897 7799 3505
13050 2 2 0 7 2689 7829 2686
13051 2 2 0 7 5443 8816 8291
13052 2 2 0 7 5498 7830 4683
13053 2 2 0 7 4283 7830 4080
13054 2 2 0 7 6672 8921 5073
13055 2 2 0 7 2549 7803 2528
13056 2 2 0 7 5057 9484 5986
13057 2 2 0 7 6463 8604 3944
13058 2 2 0 7 6717 9037 5652
13059 2 2 0 7 2528 7803 2531
13060 2 2 0 7 3279 7875 3277
13061 2 2 0 7 1638 7801 1635
13062 2 2 0 7 9053 9413 5712
13063 2 2 0 7 6238 8140 5015
13064 2 2 0 7 3295 6602 6599
13065 2 2 0 7 1731 1732 1730
13066 2 2 0 7 1601 6797 1600
13067 2 2 0 7 1598 1609 1601
13068 2 2 0 7 1600 1603 1602
13069 2 2 0 7 6152 8820 6154
13070 2 2 0 7 1617 7838 1622
13071 2 2 0 7 1754 7838 6968
13072 2 2 0 7 2531 7803 7750
13073 2 2 0 7 8614 8631 2944
13074 2 2 0 7 6600 7848 6601
13075 2 2 0 7 5705 5707 5706
13076 2 2 0 7 3864 4234 2950
13077 2 2 0 7 4157 5826 5825
13078 2 2 0 7 3462 3464 3463
13079 2 2 0 7 5366 5928 5364
13080 2 2 0 7 5365 5367 5366
13081 2 2 0 7 4917 5806 4919
13082 2 2 0 7 4919 4920 4918
13083 2 2 0 7 6745 8449 6744
13084 2 2 0 7 2867 2868 2866
13085 2 2 0 7 3125 5188 5186
13086 2 2 0 7 5186 5187 5159
13087 2 2 0 7 5155 5156 3501
13088 2 2 0 7 8791 9018 4171
13089 2 2 0 7 3831 7803 2549
13090 2 2 0 7 1752 8262 6489
13091 2 2 0 7 6363 8846 6362
13092 2 2 0 7 4990 7829 2689
13093 2 2 0 7 2811 9436 8852
13094 2 2 0 7 7193 7845 3364
13095 2 2 0 7 3795 7845 4439
13096 2 2 0 7 4683 7830 4283
13097 2 2 0 7 5368 8634 5366
13098 2 2 0 7 4519 8276 5658
13099 2 2 0 7 4693 7837 4690
13100 2 2 0 7 2894 8800 2972
13101 2 2 0 7 2145 9474 8246
13102 2 2 0 7 2678 7836 2680
13103 2 2 0 7 5113 6359 5114
13104 2 2 0 7 6349 8720 3236
13105 2 2 0 7 9209 9382 4400
13106 2 2 0 7 3687 7847 6842
13107 2 2 0 7 6847 7847 7700
13108 2 2 0 7 6210 6618 6209
13109 2 2 0 7 5541 5542 4100
13110 2 2 0 7 2187 2188 2185
13111 2 2 0 7 2184 4115 2187
13112 2 2 0 7 5607 8463 5403
13113 2 2 0 7 4028 4922 4484
13114 2 2 0 7 4484 6762 4483
13115 2 2 0 7 4296 4641 4549
13116 2 2 0 7 4549 5183 4424
13117 2 2 0 7 5955 6437 6436
13118 2 2 0 7 5304 5306 5305
13119 2 2 0 7 5290 6416 6415
13120 2 2 0 7 2269 8154 6276
13121 2 2 0 7 3096 3097 3095
13122 2 2 0 7 3094 3110 3096
13123 2 2 0 7 1588 1589 1587
13124 2 2 0 7 2504 2516 2515
13125 2 2 0 7 2515 5088 2503
13126 2 2 0 7 3232 3291 3290
13127 2 2 0 7 3290 3431 3231
13128 2 2 0 7 2908 3012 2910
13129 2 2 0 7 5069 6777 5619
13130 2 2 0 7 4096 6636 5090
13131 2 2 0 7 5090 6614 4597
13132 2 2 0 7 4087 4957 4088
13133 2 2 0 7 5062 6445 5061
13134 2 2 0 7 4023 4025 4022
13135 2 2 0 7 4021 4024 4023
13136 2 2 0 7 4596 6677 5033
13137 2 2 0 7 5033 5768 4442
13138 2 2 0 7 4902 4903 4596
13139 2 2 0 7 5956 7985 7840
13140 2 2 0 7 4622 6521 4624
13141 2 2 0 7 4624 4625 4623
13142 2 2 0 7 4425 4594 4276
13143 2 2 0 7 5686 5687 4687
13144 2 2 0 7 5483 5484 4621
13145 2 2 0 7 4139 6741 4140
13146 2 2 0 7 4140 4141 2859
13147 2 2 0 7 5642 6377 6376
13148 2 2 0 7 4086 5064 4932
13149 2 2 0 7 4697 7841 4699
13150 2 2 0 7 2814 7855 5913
13151 2 2 0 7 66 1422 65
13152 2 2 0 7 52 1389 51
13153 2 2 0 7 58 1415 57
13154 2 2 0 7 60 1346 59
13155 2 2 0 7 67 7804 66
13156 2 2 0 7 36 1423 35
13157 2 2 0 7 41 1427 40
13158 2 2 0 7 175 1397 174
13159 2 2 0 7 176 7823 175
13160 2 2 0 7 178 1384 177
13161 2 2 0 7 182 1372 181
13162 2 2 0 7 184 1417 183
13163 2 2 0 7 215 1414 214
13164 2 2 0 7 217 1347 216
13165 2 2 0 7 224 7808 223
13166 2 2 0 7 226 7809 225
13167 2 2 0 7 27 1425 26
13168 2 2 0 7 34 1356 33
13169 2 2 0 7 23 1424 22
13170 2 2 0 7 191 1357 190
13171 2 2 0 7 194 1387 193
13172 2 2 0 7 25 1375 24
13173 2 2 0 7 18 1395 17
13174 2 2 0 7 38 1374 37
13175 2 2 0 7 43 1359 42
13176 2 2 0 7 46 1388 45
13177 2 2 0 7 49 1360 48
13178 2 2 0 7 55 1355 54
13179 2 2 0 7 21 1385 20
13180 2 2 0 7 29 1348 28
13181 2 2 0 7 32 1426 31
13182 2 2 0 7 200 1386 199
13183 2 2 0 7 203 1358 202
13184 2 2 0 7 206 1418 205
13185 2 2 0 7 208 1373 207
13186 2 2 0 7 210 1419 209
13187 2 2 0 7 212 1354 211
13188 2 2 0 7 219 1428 218
13189 2 2 0 7 221 1376 220
13190 2 2 0 7 223 1416 222
13191 2 2 0 7 225 1382 224
13192 2 2 0 7 227 7812 226
13193 2 2 0 7 228 1394 227
13194 2 2 0 7 181 7805 180
13195 2 2 0 7 185 7806 184
13196 2 2 0 7 222 7807 221
13197 2 2 0 7 197 1361 196
13198 2 2 0 7 63 7810 62
13199 2 2 0 7 62 1429 61
13200 2 2 0 7 64 1377 63
13201 2 2 0 7 68 1383 67
13202 2 2 0 7 71 1396 70
13203 2 2 0 7 65 7822 64
13204 2 2 0 7 72 7828 71
13205 2 2 0 7 35 7819 34
13206 2 2 0 7 51 7814 50
13207 2 2 0 7 180 1420 179
13208 2 2 0 7 186 1349 185
13209 2 2 0 7 189 1421 188
13210 2 2 0 7 37 7817 36
13211 2 2 0 7 42 7818 41
13212 2 2 0 7 33 7820 32
13213 2 2 0 7 28 7813 27
13214 2 2 0 7 192 7811 191
13215 2 2 0 7 220 7825 219
13216 2 2 0 7 47 7821 46
13217 2 2 0 7 20 7815 19
13218 2 2 0 7 183 7816 182
13219 2 2 0 7 61 7827 60
13220 2 2 0 7 22 7824 21
13221 2 2 0 7 2680 7836 2767
13222 2 2 0 7 4490 5143 4491
13223 2 2 0 7 2304 2306 2305
13224 2 2 0 7 5581 5582 5571
13225 2 2 0 7 5589 5590 4651
13226 2 2 0 7 5285 5286 4463
13227 2 2 0 7 4633 5654 4095
13228 2 2 0 7 4094 4634 4633
13229 2 2 0 7 3781 4949 4565
13230 2 2 0 7 3380 4245 4244
13231 2 2 0 7 2977 2978 2976
13232 2 2 0 7 5375 5500 4630
13233 2 2 0 7 5774 5858 5775
13234 2 2 0 7 4546 5712 5375
13235 2 2 0 7 4544 5693 5692
13236 2 2 0 7 5692 6646 5691
13237 2 2 0 7 5759 5982 5147
13238 2 2 0 7 5148 5760 5759
13239 2 2 0 7 3860 6672 5453
13240 2 2 0 7 5086 5630 5586
13241 2 2 0 7 5887 5897 5083
13242 2 2 0 7 4401 5623 5026
13243 2 2 0 7 5026 6195 5025
13244 2 2 0 7 4037 4038 3259
13245 2 2 0 7 3164 3165 2776
13246 2 2 0 7 8330 8331 5027
13247 2 2 0 7 3078 3772 3164
13248 2 2 0 7 2963 3388 3386
13249 2 2 0 7 3828 5446 4994
13250 2 2 0 7 4292 4965 4573
13251 2 2 0 7 3386 3387 2954
13252 2 2 0 7 3378 4039 4037
13253 2 2 0 7 3484 3491 3482
13254 2 2 0 7 4994 6204 4993
13255 2 2 0 7 3483 3485 3484
13256 2 2 0 7 3256 3653 3652
13257 2 2 0 7 3111 3113 3109
13258 2 2 0 7 3108 3112 3111
13259 2 2 0 7 4224 5022 5021
13260 2 2 0 7 3293 4064 4013
13261 2 2 0 7 3389 3639 3390
13262 2 2 0 7 4377 4613 4378
13263 2 2 0 7 4556 5593 5592
13264 2 2 0 7 2924 6668 2720
13265 2 2 0 7 2642 2925 2924
13266 2 2 0 7 2720 2888 2740
13267 2 2 0 7 5720 6301 4689
13268 2 2 0 7 3634 4275 3635
13269 2 2 0 7 4455 4654 4548
13270 2 2 0 7 3366 3367 2974
13271 2 2 0 7 3014 3015 2975
13272 2 2 0 7 4960 7882 6511
13273 2 2 0 7 5196 5198 5197
13274 2 2 0 7 5197 5894 5034
13275 2 2 0 7 5018 5511 5510
13276 2 2 0 7 3802 6341 4281
13277 2 2 0 7 4040 4041 3803
13278 2 2 0 7 4281 5644 4280
13279 2 2 0 7 2186 7839 2167
13280 2 2 0 7 7838 7873 6968
13281 2 2 0 7 6102 6200 6100
13282 2 2 0 7 2603 6051 6050
13283 2 2 0 7 6122 6123 6121
13284 2 2 0 7 6129 6308 6128
13285 2 2 0 7 6161 6162 6160
13286 2 2 0 7 6134 6136 6133
13287 2 2 0 7 2437 6375 6098
13288 2 2 0 7 6031 6032 6030
13289 2 2 0 7 2464 6135 6134
13290 2 2 0 7 2406 6001 6000
13291 2 2 0 7 6383 8888 8557
13292 2 2 0 7 4370 8892 8689
13293 2 2 0 7 5356 8327 5790
13294 2 2 0 7 2527 7853 2969
13295 2 2 0 7 4443 7852 4070
13296 2 2 0 7 6987 8041 1390
13297 2 2 0 7 6349 9107 5650
13298 2 2 0 7 6912 7946 6914
13299 2 2 0 7 6143 7904 6047
13300 2 2 0 7 2167 7839 2171
13301 2 2 0 7 1622 7838 1754
13302 2 2 0 7 6215 8460 5311
13303 2 2 0 7 2152 8134 2154
13304 2 2 0 7 2819 7855 2814
13305 2 2 0 7 4907 7857 6477
13306 2 2 0 7 5539 8682 5910
13307 2 2 0 7 1614 7860 1683
13308 2 2 0 7 6848 7860 1618
13309 2 2 0 7 7700 7861 4297
13310 2 2 0 7 2154 8134 3288
13311 2 2 0 7 6279 8909 6277
13312 2 2 0 7 6392 8345 2106
13313 2 2 0 7 5857 8834 8086
13314 2 2 0 7 2685 7866 3637
13315 2 2 0 7 3155 7867 3241
13316 2 2 0 7 2870 6730 2878
13317 2 2 0 7 3364 7845 3795
13318 2 2 0 7 7854 8664 5376
13319 2 2 0 7 6321 8172 6323
13320 2 2 0 7 8225 8836 5995
13321 2 2 0 7 2796 8482 370
13322 2 2 0 7 2840 8462 6261
13323 2 2 0 7 7749 7871 4116
13324 2 2 0 7 3554 8519 3230
13325 2 2 0 7 7853 7854 5192
13326 2 2 0 7 6793 7873 7838
13327 2 2 0 7 2198 6736 2192
13328 2 2 0 7 6842 7847 6847
13329 2 2 0 7 4297 7848 7453
13330 2 2 0 7 4118 8052 3533
13331 2 2 0 7 8840 8912 6700
13332 2 2 0 7 5616 7876 4995
13333 2 2 0 7 3416 9445 8744
13334 2 2 0 7 3277 6523 3275
13335 2 2 0 7 3483 6211 3487
13336 2 2 0 7 3256 6213 3654
13337 2 2 0 7 280 8501 2543
13338 2 2 0 7 3295 6599 1729
13339 2 2 0 7 1730 1794 1728
13340 2 2 0 7 1729 1731 1730
13341 2 2 0 7 1600 1602 1597
13342 2 2 0 7 1598 1601 1600
13343 2 2 0 7 5666 8018 5665
13344 2 2 0 7 6601 7861 6780
13345 2 2 0 7 1394 7812 227
13346 2 2 0 7 66 7804 1422
13347 2 2 0 7 1383 7804 67
13348 2 2 0 7 175 7823 1397
13349 2 2 0 7 180 7805 1420
13350 2 2 0 7 184 7806 1417
13351 2 2 0 7 191 7811 1357
13352 2 2 0 7 219 7825 1428
13353 2 2 0 7 221 7807 1376
13354 2 2 0 7 223 7808 1416
13355 2 2 0 7 226 7812 7809
13356 2 2 0 7 27 7813 1425
13357 2 2 0 7 1374 7817 37
13358 2 2 0 7 1385 7815 20
13359 2 2 0 7 1422 7822 65
13360 2 2 0 7 1372 7805 181
13361 2 2 0 7 1417 7816 183
13362 2 2 0 7 1349 7806 185
13363 2 2 0 7 1376 7825 220
13364 2 2 0 7 34 7819 1356
13365 2 2 0 7 1389 7814 51
13366 2 2 0 7 1382 7808 224
13367 2 2 0 7 36 7817 1423
13368 2 2 0 7 41 7818 1427
13369 2 2 0 7 1356 7820 33
13370 2 2 0 7 1377 7810 63
13371 2 2 0 7 62 7810 1429
13372 2 2 0 7 32 7820 1426
13373 2 2 0 7 46 7821 1388
13374 2 2 0 7 64 7822 1377
13375 2 2 0 7 1348 7813 28
13376 2 2 0 7 1424 7824 22
13377 2 2 0 7 1359 7818 42
13378 2 2 0 7 60 7827 1346
13379 2 2 0 7 1416 7807 222
13380 2 2 0 7 1423 7819 35
13381 2 2 0 7 71 7828 1396
13382 2 2 0 7 182 7816 1372
13383 2 2 0 7 225 7809 1382
13384 2 2 0 7 1429 7827 61
13385 2 2 0 7 21 7824 1385
13386 2 2 0 7 7837 8210 3592
13387 2 2 0 7 6360 9161 5447
13388 2 2 0 7 6005 8131 6350
13389 2 2 0 7 4070 7852 4493
13390 2 2 0 7 2969 7853 5192
13391 2 2 0 7 2673 7869 7868
13392 2 2 0 7 6662 9126 6663
13393 2 2 0 7 2833 7855 2819
13394 2 2 0 7 5769 9038 8393
13395 2 2 0 7 5826 6579 5827
13396 2 2 0 7 2480 8654 8308
13397 2 2 0 7 2285 8010 2472
13398 2 2 0 7 8932 9306 8933
13399 2 2 0 7 9175 9352 5655
13400 2 2 0 7 2300 7871 2296
13401 2 2 0 7 5859 8873 6523
13402 2 2 0 7 3467 8464 3468
13403 2 2 0 7 2616 8192 6009
13404 2 2 0 7 5191 6587 6536
13405 2 2 0 7 6905 7857 4907
13406 2 2 0 7 7889 8940 3822
13407 2 2 0 7 5856 8491 7971
13408 2 2 0 7 6208 6343 5844
13409 2 2 0 7 6628 6629 5693
13410 2 2 0 7 3819 6228 3213
13411 2 2 0 7 1618 7860 1614
13412 2 2 0 7 5705 5706 5464
13413 2 2 0 7 3863 3864 2950
13414 2 2 0 7 7784 8327 2914
13415 2 2 0 7 4157 5825 5824
13416 2 2 0 7 3462 3463 3461
13417 2 2 0 7 5365 5366 5364
13418 2 2 0 7 4917 4919 4918
13419 2 2 0 7 6747 6750 2865
13420 2 2 0 7 2936 6745 6744
13421 2 2 0 7 2865 2867 2866
13422 2 2 0 7 3125 5186 5159
13423 2 2 0 7 5154 5155 3501
13424 2 2 0 7 5949 6740 5950
13425 2 2 0 7 2286 8526 248
13426 2 2 0 7 249 8526 6179
13427 2 2 0 7 5880 9080 8039
13428 2 2 0 7 8865 9394 6067
13429 2 2 0 7 415 8883 416
13430 2 2 0 7 2181 8530 318
13431 2 2 0 7 319 8530 6802
13432 2 2 0 7 3637 7866 5320
13433 2 2 0 7 1692 6783 3374
13434 2 2 0 7 3241 7867 7759
13435 2 2 0 7 8301 9200 5396
13436 2 2 0 7 4342 8912 8840
13437 2 2 0 7 6108 8204 2836
13438 2 2 0 7 4500 8263 8088
13439 2 2 0 7 7848 7861 6601
13440 2 2 0 7 8435 8564 1868
13441 2 2 0 7 4902 8945 6731
13442 2 2 0 7 4116 7871 2300
13443 2 2 0 7 4447 8044 5930
13444 2 2 0 7 5079 8021 3897
13445 2 2 0 7 4476 7907 5674
13446 2 2 0 7 4475 7907 4473
13447 2 2 0 7 8128 8722 6338
13448 2 2 0 7 2556 7864 6412
13449 2 2 0 7 5911 7980 5912
13450 2 2 0 7 4705 8968 8518
13451 2 2 0 7 6633 8602 4881
13452 2 2 0 7 7195 7909 7618
13453 2 2 0 7 5980 9363 6365
13454 2 2 0 7 3618 7883 3500
13455 2 2 0 7 3123 7884 3127
13456 2 2 0 7 4923 7885 4924
13457 2 2 0 7 4928 7886 4927
13458 2 2 0 7 4072 7887 3498
13459 2 2 0 7 2992 7888 2904
13460 2 2 0 7 4938 7889 4937
13461 2 2 0 7 5113 5114 5112
13462 2 2 0 7 6968 7873 5078
13463 2 2 0 7 4923 8635 7885
13464 2 2 0 7 7886 8636 4927
13465 2 2 0 7 5683 8354 4969
13466 2 2 0 7 7994 8759 2809
13467 2 2 0 7 6272 9185 2838
13468 2 2 0 7 5514 6210 6209
13469 2 2 0 7 4516 5541 4100
13470 2 2 0 7 2184 2187 2185
13471 2 2 0 7 5404 5607 5403
13472 2 2 0 7 4028 4484 4483
13473 2 2 0 7 4296 4549 4424
13474 2 2 0 7 5955 6436 5994
13475 2 2 0 7 5741 8600 7993
13476 2 2 0 7 1530 6811 1531
13477 2 2 0 7 5304 5305 5303
13478 2 2 0 7 5290 6415 5289
13479 2 2 0 7 3094 3096 3095
13480 2 2 0 7 1586 1588 1587
13481 2 2 0 7 2019 6459 1586
13482 2 2 0 7 2504 2515 2503
13483 2 2 0 7 3232 3290 3231
13484 2 2 0 7 2908 2910 2909
13485 2 2 0 7 5069 5619 5036
13486 2 2 0 7 7263 8764 5478
13487 2 2 0 7 4297 7861 7848
13488 2 2 0 7 4096 5090 4597
13489 2 2 0 7 4087 4088 3926
13490 2 2 0 7 3983 5062 5061
13491 2 2 0 7 4021 4023 4022
13492 2 2 0 7 4393 4902 4596
13493 2 2 0 7 4596 5033 4442
13494 2 2 0 7 5376 8664 5528
13495 2 2 0 7 3884 8276 4519
13496 2 2 0 7 2451 7932 3307
13497 2 2 0 7 2612 7894 2606
13498 2 2 0 7 4995 7876 5532
13499 2 2 0 7 4622 4624 4623
13500 2 2 0 7 4623 5110 3192
13501 2 2 0 7 5627 6434 6367
13502 2 2 0 7 8729 9071 5899
13503 2 2 0 7 4166 4425 4276
13504 2 2 0 7 4628 5686 4687
13505 2 2 0 7 4687 5421 3535
13506 2 2 0 7 4139 4140 2859
13507 2 2 0 7 4620 5483 4621
13508 2 2 0 7 5642 6376 5641
13509 2 2 0 7 4086 4932 4931
13510 2 2 0 7 5441 8033 2145
13511 2 2 0 7 6905 7895 7857
13512 2 2 0 7 6548 8091 5486
13513 2 2 0 7 2758 7936 2755
13514 2 2 0 7 6574 7923 4897
13515 2 2 0 7 3275 6523 3763
13516 2 2 0 7 2476 7898 2479
13517 2 2 0 7 3886 8686 3889
13518 2 2 0 7 3601 7900 3623
13519 2 2 0 7 2706 7901 2985
13520 2 2 0 7 5743 9316 5742
13521 2 2 0 7 2366 7926 2347
13522 2 2 0 7 3487 6211 3494
13523 2 2 0 7 3654 6213 4453
13524 2 2 0 7 6387 6546 4955
13525 2 2 0 7 2507 7931 2501
13526 2 2 0 7 1658 6566 1656
13527 2 2 0 7 5478 8793 7263
13528 2 2 0 7 3380 7879 4245
13529 2 2 0 7 5783 6658 5079
13530 2 2 0 7 336 8656 2839
13531 2 2 0 7 2838 8656 335
13532 2 2 0 7 3387 8254 2954
13533 2 2 0 7 2207 7896 2210
13534 2 2 0 7 5944 9236 5943
13535 2 2 0 7 4490 4491 4172
13536 2 2 0 7 4172 6388 4173
13537 2 2 0 7 2304 2305 2303
13538 2 2 0 7 3581 5581 5571
13539 2 2 0 7 5571 5572 5570
13540 2 2 0 7 4191 5589 4651
13541 2 2 0 7 4651 5285 4463
13542 2 2 0 7 4094 4633 4095
13543 2 2 0 7 3380 4244 3781
13544 2 2 0 7 3781 4565 3379
13545 2 2 0 7 2760 2977 2976
13546 2 2 0 7 5476 6585 5048
13547 2 2 0 7 4962 6340 6189
13548 2 2 0 7 5774 5775 5773
13549 2 2 0 7 5772 5923 5774
13550 2 2 0 7 4546 5375 4630
13551 2 2 0 7 5691 5694 4543
13552 2 2 0 7 4544 5692 5691
13553 2 2 0 7 5148 5759 5147
13554 2 2 0 7 3860 5453 5452
13555 2 2 0 7 5084 5887 5083
13556 2 2 0 7 5086 5586 3801
13557 2 2 0 7 4401 5026 5025
13558 2 2 0 7 5025 5153 3631
13559 2 2 0 7 3078 3164 2776
13560 2 2 0 7 3256 3652 2930
13561 2 2 0 7 3053 4955 3378
13562 2 2 0 7 3378 4037 3259
13563 2 2 0 7 2963 3386 2954
13564 2 2 0 7 4289 8330 5027
13565 2 2 0 7 3828 4994 4993
13566 2 2 0 7 4292 4573 4289
13567 2 2 0 7 3483 3484 3482
13568 2 2 0 7 3108 3111 3109
13569 2 2 0 7 4224 5021 5020
13570 2 2 0 7 3389 3390 2901
13571 2 2 0 7 3293 4013 3389
13572 2 2 0 7 4556 5592 3855
13573 2 2 0 7 4377 4378 3856
13574 2 2 0 7 3856 6609 4556
13575 2 2 0 7 5646 5907 5606
13576 2 2 0 7 2720 2740 2512
13577 2 2 0 7 2642 2924 2720
13578 2 2 0 7 5699 5720 4689
13579 2 2 0 7 3634 3635 3633
13580 2 2 0 7 4455 4548 3495
13581 2 2 0 7 3633 6607 4455
13582 2 2 0 7 2644 3366 2974
13583 2 2 0 7 2973 3014 2975
13584 2 2 0 7 2974 8466 2973
13585 2 2 0 7 4960 6511 5526
13586 2 2 0 7 5196 5197 5034
13587 2 2 0 7 5018 5510 5017
13588 2 2 0 7 3802 4281 4280
13589 2 2 0 7 2928 4040 3803
13590 2 2 0 7 5390 8340 8058
13591 2 2 0 7 5002 9178 5108
13592 2 2 0 7 7971 9433 2175
13593 2 2 0 7 5198 6216 5750
13594 2 2 0 7 5102 9392 5971
13595 2 2 0 7 3171 7933 3174
13596 2 2 0 7 8927 9428 5040
13597 2 2 0 7 1752 9285 8262
13598 2 2 0 7 2492 6110 6109
13599 2 2 0 7 2402 6288 6147
13600 2 2 0 7 2227 6120 6119
13601 2 2 0 7 2815 6161 6160
13602 2 2 0 7 2414 6093 6092
13603 2 2 0 7 2259 6294 6048
13604 2 2 0 7 2437 6098 6097
13605 2 2 0 7 2603 6050 6049
13606 2 2 0 7 2545 6129 6128
13607 2 2 0 7 2385 6182 6062
13608 2 2 0 7 2591 6432 6431
13609 2 2 0 7 2464 6134 6133
13610 2 2 0 7 2384 6102 6100
13611 2 2 0 7 2297 6122 6121
13612 2 2 0 7 2244 6031 6030
13613 2 2 0 7 2406 6000 5997
13614 2 2 0 7 2817 6181 6023
13615 2 2 0 7 4916 9317 4915
13616 2 2 0 7 6229 9192 2439
13617 2 2 0 7 6391 9271 5612
13618 2 2 0 7 4229 7883 3618
13619 2 2 0 7 3127 7884 3332
13620 2 2 0 7 4924 7885 5857
13621 2 2 0 7 5460 7886 4928
13622 2 2 0 7 5397 7887 4072
13623 2 2 0 7 6395 7888 2992
13624 2 2 0 7 5509 7889 4938
13625 2 2 0 7 2453 7932 2451
13626 2 2 0 7 2785 8726 2783
13627 2 2 0 7 3297 8129 5288
13628 2 2 0 7 3378 7880 4039
13629 2 2 0 7 3000 7956 3001
13630 2 2 0 7 2422 7957 5419
13631 2 2 0 7 2470 6720 2201
13632 2 2 0 7 6047 7904 6046
13633 2 2 0 7 2634 6801 2629
13634 2 2 0 7 1578 6684 1693
13635 2 2 0 7 5931 9203 5932
13636 2 2 0 7 5205 6664 4673
13637 2 2 0 7 5397 8678 7887
13638 2 2 0 7 5886 8678 5397
13639 2 2 0 7 3491 9061 8551
13640 2 2 0 7 6914 7946 3614
13641 2 2 0 7 2900 8802 8388
13642 2 2 0 7 5135 7940 5136
13643 2 2 0 7 2755 7936 2757
13644 2 2 0 7 362 6106 363
13645 2 2 0 7 239 6009 240
13646 2 2 0 7 251 6651 252
13647 2 2 0 7 286 3621 287
13648 2 2 0 7 298 2414 299
13649 2 2 0 7 345 6010 346
13650 2 2 0 7 380 6011 381
13651 2 2 0 7 392 2818 393
13652 2 2 0 7 427 2444 428
13653 2 2 0 7 439 6015 440
13654 2 2 0 7 322 2415 323
13655 2 2 0 7 369 2796 370
13656 2 2 0 7 463 7788 464
13657 2 2 0 7 410 6029 411
13658 2 2 0 7 258 6649 259
13659 2 2 0 7 305 2575 306
13660 2 2 0 7 352 6044 353
13661 2 2 0 7 399 2787 400
13662 2 2 0 7 446 2236 447
13663 2 2 0 7 234 2613 235
13664 2 2 0 7 281 6053 282
13665 2 2 0 7 328 6056 329
13666 2 2 0 7 375 2380 376
13667 2 2 0 7 422 2467 423
13668 2 2 0 7 294 6144 295
13669 2 2 0 7 297 6113 298
13670 2 2 0 7 373 6590 374
13671 2 2 0 7 262 2244 263
13672 2 2 0 7 356 6675 357
13673 2 2 0 7 403 6190 404
13674 2 2 0 7 450 2246 451
13675 2 2 0 7 295 6089 296
13676 2 2 0 7 319 6802 320
13677 2 2 0 7 377 2416 378
13678 2 2 0 7 389 2817 390
13679 2 2 0 7 413 6090 414
13680 2 2 0 7 424 2450 425
13681 2 2 0 7 310 2603 311
13682 2 2 0 7 357 6036 358
13683 2 2 0 7 282 2530 283
13684 2 2 0 7 329 2835 330
13685 2 2 0 7 247 2286 248
13686 2 2 0 7 271 2578 272
13687 2 2 0 7 365 2795 366
13688 2 2 0 7 388 6145 389
13689 2 2 0 7 435 2385 436
13690 2 2 0 7 459 2489 460
13691 2 2 0 7 393 6168 394
13692 2 2 0 7 249 6179 250
13693 2 2 0 7 296 2375 297
13694 2 2 0 7 320 2180 321
13695 2 2 0 7 343 2524 344
13696 2 2 0 7 367 2840 368
13697 2 2 0 7 378 6191 379
13698 2 2 0 7 414 2226 415
13699 2 2 0 7 323 6164 324
13700 2 2 0 7 464 6444 465
13701 2 2 0 7 376 6171 377
13702 2 2 0 7 423 6173 424
13703 2 2 0 7 256 2259 257
13704 2 2 0 7 303 6595 304
13705 2 2 0 7 350 6149 351
13706 2 2 0 7 444 2410 445
13707 2 2 0 7 332 2829 333
13708 2 2 0 7 379 2411 380
13709 2 2 0 7 277 2598 5
13710 2 2 0 7 324 6042 6
13711 2 2 0 7 465 2464 9
13712 2 2 0 7 288 2404 289
13713 2 2 0 7 382 6516 383
13714 2 2 0 7 429 6103 430
13715 2 2 0 7 268 2572 269
13716 2 2 0 7 315 6192 316
13717 2 2 0 7 409 6045 410
13718 2 2 0 7 259 2252 260
13719 2 2 0 7 353 2437 354
13720 2 2 0 7 447 6687 448
13721 2 2 0 7 261 6088 262
13722 2 2 0 7 308 2591 309
13723 2 2 0 7 355 2430 356
13724 2 2 0 7 402 2788 403
13725 2 2 0 7 238 2616 239
13726 2 2 0 7 250 2279 251
13727 2 2 0 7 274 2576 275
13728 2 2 0 7 321 6712 322
13729 2 2 0 7 344 6114 345
13730 2 2 0 7 368 6118 369
13731 2 2 0 7 438 2381 439
13732 2 2 0 7 462 2490 463
13733 2 2 0 7 304 6391 305
13734 2 2 0 7 351 2425 352
13735 2 2 0 7 398 7870 399
13736 2 2 0 7 445 6043 446
13737 2 2 0 7 433 6320 434
13738 2 2 0 7 254 6276 255
13739 2 2 0 7 266 6581 267
13740 2 2 0 7 301 6073 302
13741 2 2 0 7 313 6076 314
13742 2 2 0 7 348 6229 349
13743 2 2 0 7 395 6078 396
13744 2 2 0 7 442 2383 443
13745 2 2 0 7 284 2544 285
13746 2 2 0 7 441 6394 442
13747 2 2 0 7 386 2832 387
13748 2 2 0 7 246 6268 247
13749 2 2 0 7 293 2407 294
13750 2 2 0 7 317 2181 318
13751 2 2 0 7 340 2539 341
13752 2 2 0 7 411 2227 412
13753 2 2 0 7 434 6370 435
13754 2 2 0 7 264 6159 265
13755 2 2 0 7 358 2429 359
13756 2 2 0 7 405 2781 406
13757 2 2 0 7 452 2405 453
13758 2 2 0 7 404 6037 405
13759 2 2 0 7 243 6094 244
13760 2 2 0 7 233 7856 234
13761 2 2 0 7 280 2543 281
13762 2 2 0 7 327 2824 328
13763 2 2 0 7 374 5996 375
13764 2 2 0 7 421 6738 422
13765 2 2 0 7 252 6167 253
13766 2 2 0 7 346 2525 347
13767 2 2 0 7 440 2412 441
13768 2 2 0 7 240 2402 241
13769 2 2 0 7 334 2838 335
13770 2 2 0 7 381 2397 382
13771 2 2 0 7 316 6026 317
13772 2 2 0 7 363 2836 364
13773 2 2 0 7 457 2491 458
13774 2 2 0 7 255 6226 256
13775 2 2 0 7 267 6130 268
13776 2 2 0 7 302 2577 303
13777 2 2 0 7 314 2423 315
13778 2 2 0 7 349 2439 350
13779 2 2 0 7 361 2837 362
13780 2 2 0 7 396 2797 397
13781 2 2 0 7 408 2486 409
13782 2 2 0 7 455 2492 456
13783 2 2 0 7 260 6676 261
13784 2 2 0 7 448 2406 449
13785 2 2 0 7 417 2384 418
13786 2 2 0 7 232 2614 233
13787 2 2 0 7 244 2297 245
13788 2 2 0 7 291 2376 292
13789 2 2 0 7 338 2545 339
13790 2 2 0 7 420 2457 421
13791 2 2 0 7 432 2388 433
13792 2 2 0 7 337 6095 338
13793 2 2 0 7 372 2382 373
13794 2 2 0 7 419 6096 420
13795 2 2 0 7 253 2269 254
13796 2 2 0 7 265 2273 266
13797 2 2 0 7 300 3354 301
13798 2 2 0 7 312 2438 313
13799 2 2 0 7 394 2841 395
13800 2 2 0 7 236 2615 237
13801 2 2 0 7 6 2526 278
13802 2 2 0 7 7 2815 325
13803 2 2 0 7 242 2408 243
13804 2 2 0 7 336 2839 337
13805 2 2 0 7 383 2409 384
13806 2 2 0 7 430 2413 431
13807 2 2 0 7 3099 6699 3135
13808 2 2 0 7 3107 6699 3101
13809 2 2 0 7 5085 9126 6662
13810 2 2 0 7 3643 9451 7246
13811 2 2 0 7 6908 8771 1395
13812 2 2 0 7 5947 7935 6660
13813 2 2 0 7 7060 8827 2138
13814 2 2 0 7 2838 9185 8656
13815 2 2 0 7 4143 7892 5659
13816 2 2 0 7 1485 7945 7276
13817 2 2 0 7 1489 7945 1486
13818 2 2 0 7 7896 7897 2210
13819 2 2 0 7 2489 7903 6071
13820 2 2 0 7 4617 8882 6507
13821 2 2 0 7 6527 8260 5554
13822 2 2 0 7 1608 9418 8238
13823 2 2 0 7 3614 7946 7657
13824 2 2 0 7 4885 7894 2612
13825 2 2 0 7 5744 7949 7426
13826 2 2 0 7 5047 7949 5767
13827 2 2 0 7 326 9461 327
13828 2 2 0 7 5178 7950 7043
13829 2 2 0 7 8455 9012 4641
13830 2 2 0 7 4623 8066 5110
13831 2 2 0 7 3135 8634 6683
13832 2 2 0 7 6676 9119 6088
13833 2 2 0 7 6163 8778 6162
13834 2 2 0 7 39 7942 38
13835 2 2 0 7 6205 9111 4982
13836 2 2 0 7 3250 7951 2864
13837 2 2 0 7 1378 7952 79
13838 2 2 0 7 4899 7895 6905
13839 2 2 0 7 5088 8736 2503
13840 2 2 0 7 6485 9005 4528
13841 2 2 0 7 2642 8257 2925
13842 2 2 0 7 7750 7803 7751
13843 2 2 0 7 2608 8740 2610
13844 2 2 0 7 2272 8006 2474
13845 2 2 0 7 4154 8749 2189
13846 2 2 0 7 3601 8109 7900
13847 2 2 0 7 3783 7961 2097
13848 2 2 0 7 2054 7961 3069
13849 2 2 0 7 8151 8152 8150
13850 2 2 0 7 2479 7898 4398
13851 2 2 0 7 3623 7900 4249
13852 2 2 0 7 2985 7901 3861
13853 2 2 0 7 5078 7963 7446
13854 2 2 0 7 7863 8052 5176
13855 2 2 0 7 2240 6706 2247
13856 2 2 0 7 3213 6228 2740
13857 2 2 0 7 5793 9241 2366
13858 2 2 0 7 1545 7965 1519
13859 2 2 0 7 1517 7965 7265
13860 2 2 0 7 8654 9552 5429
13861 2 2 0 7 3234 7956 3000
13862 2 2 0 7 2169 8749 2163
13863 2 2 0 7 2436 7957 2422
13864 2 2 0 7 2715 8750 2708
13865 2 2 0 7 5356 8732 8327
13866 2 2 0 7 1783 7969 1814
13867 2 2 0 7 7395 7969 1781
13868 2 2 0 7 4493 7852 5917
13869 2 2 0 7 6323 8258 1360
13870 2 2 0 7 70 7962 69
13871 2 2 0 7 8246 9474 6408
13872 2 2 0 7 6232 9169 5982
13873 2 2 0 7 3322 7943 4092
13874 2 2 0 7 2572 6082 269
13875 2 2 0 7 2429 6438 359
13876 2 2 0 7 2591 6431 309
13877 2 2 0 7 2297 6121 245
13878 2 2 0 7 2613 5995 235
13879 2 2 0 7 2406 5997 449
13880 2 2 0 7 2491 6099 458
13881 2 2 0 7 2829 6091 333
13882 2 2 0 7 2227 6119 412
13883 2 2 0 7 2246 6040 451
13884 2 2 0 7 417 6450 2384
13885 2 2 0 7 2576 6138 275
13886 2 2 0 7 2787 6326 400
13887 2 2 0 7 2545 6128 339
13888 2 2 0 7 2578 6061 272
13889 2 2 0 7 2835 6447 330
13890 2 2 0 7 2385 6062 436
13891 2 2 0 7 2489 6071 460
13892 2 2 0 7 2815 6160 325
13893 2 2 0 7 2437 6097 354
13894 2 2 0 7 2383 6169 443
13895 2 2 0 7 2259 6048 257
13896 2 2 0 7 2781 6140 406
13897 2 2 0 7 2384 6100 418
13898 2 2 0 7 2544 6111 285
13899 2 2 0 7 2603 6049 311
13900 2 2 0 7 3621 6146 287
13901 2 2 0 7 2414 6092 299
13902 2 2 0 7 2575 6157 306
13903 2 2 0 7 2464 6133 9
13904 2 2 0 7 2817 6023 390
13905 2 2 0 7 2402 6147 241
13906 2 2 0 7 2615 6156 237
13907 2 2 0 7 2492 6109 456
13908 2 2 0 7 2244 6030 263
13909 2 2 0 7 332 6594 2829
13910 2 2 0 7 293 8754 2407
13911 2 2 0 7 2376 8754 292
13912 2 2 0 7 1421 8111 6488
13913 2 2 0 7 8262 9285 8901
13914 2 2 0 7 4435 8083 4022
13915 2 2 0 7 4367 8866 6415
13916 2 2 0 7 6811 6812 3588
13917 2 2 0 7 2578 7872 6061
13918 2 2 0 7 5761 8422 4565
13919 2 2 0 7 387 7890 388
13920 2 2 0 7 1419 8214 7013
13921 2 2 0 7 5884 6551 5883
13922 2 2 0 7 2702 9118 6646
13923 2 2 0 7 3569 7953 4221
13924 2 2 0 7 4034 7954 3560
13925 2 2 0 7 5641 8759 7994
13926 2 2 0 7 5154 7989 5155
13927 2 2 0 7 6552 8927 5960
13928 2 2 0 7 7265 8703 1513
13929 2 2 0 7 5915 8881 8724
13930 2 2 0 7 6488 8458 8451
13931 2 2 0 7 8489 8583 3010
13932 2 2 0 7 77 7981 1390
13933 2 2 0 7 3586 8507 4546
13934 2 2 0 7 8017 8260 2660
13935 2 2 0 7 4473 7907 4476
13936 2 2 0 7 5888 9267 5889
13937 2 2 0 7 3871 8227 5490
13938 2 2 0 7 4899 7923 7895
13939 2 2 0 7 6671 8068 6622
13940 2 2 0 7 3628 8641 4889
13941 2 2 0 7 5908 8611 2773
13942 2 2 0 7 2101 7984 4151
13943 2 2 0 7 2085 7984 2083
13944 2 2 0 7 2232 7798 3384
13945 2 2 0 7 2824 9461 6058
13946 2 2 0 7 3324 7943 3322
13947 2 2 0 7 7618 7909 5041
13948 2 2 0 7 6711 7931 2507
13949 2 2 0 7 7654 8697 1359
13950 2 2 0 7 5911 8618 3909
13951 2 2 0 7 2662 8071 5096
13952 2 2 0 7 7889 8673 4937
13953 2 2 0 7 5883 6551 6283
13954 2 2 0 7 2737 8725 7851
13955 2 2 0 7 6519 8775 1415
13956 2 2 0 7 5814 8279 4469
13957 2 2 0 7 2751 7930 3310
13958 2 2 0 7 7898 7899 4398
13959 2 2 0 7 8219 8251 2521
13960 2 2 0 7 7925 8992 5744
13961 2 2 0 7 5639 5640 4020
13962 2 2 0 7 1489 8332 6551
13963 2 2 0 7 2749 7930 2751
13964 2 2 0 7 6456 8047 6458
13965 2 2 0 7 6659 8134 2152
13966 2 2 0 7 8359 9422 5829
13967 2 2 0 7 6639 9395 3923
13968 2 2 0 7 5624 8986 8405
13969 2 2 0 7 6928 8149 8112
13970 2 2 0 7 6448 8709 6449
13971 2 2 0 7 3348 8406 4547
13972 2 2 0 7 7815 8461 6913
13973 2 2 0 7 3977 8105 3979
13974 2 2 0 7 6653 8016 85
13975 2 2 0 7 6512 9229 1791
13976 2 2 0 7 3571 7953 3569
13977 2 2 0 7 3560 7954 3670
13978 2 2 0 7 3780 8067 6737
13979 2 2 0 7 5599 7928 5598
13980 2 2 0 7 7428 7995 6783
13981 2 2 0 7 5875 7996 5100
13982 2 2 0 7 4151 7997 2103
13983 2 2 0 7 2105 7997 4478
13984 2 2 0 7 7391 7998 5101
13985 2 2 0 7 3764 7998 7501
13986 2 2 0 7 6479 9351 1501
13987 2 2 0 7 5876 7999 4912
13988 2 2 0 7 230 9066 8074
13989 2 2 0 7 3492 9512 5918
13990 2 2 0 7 8468 8757 3198
13991 2 2 0 7 5166 8269 5830
13992 2 2 0 7 5200 8001 6225
13993 2 2 0 7 2671 8677 8372
13994 2 2 0 7 7909 7925 5041
13995 2 2 0 7 1737 9282 5788
13996 2 2 0 7 2442 6291 2256
13997 2 2 0 7 7461 8075 7460
13998 2 2 0 7 5529 8004 6578
13999 2 2 0 7 5741 8135 4437
14000 2 2 0 7 6442 7765 2699
14001 2 2 0 7 6217 8083 4435
14002 2 2 0 7 8026 9538 9109
14003 2 2 0 7 8980 9001 5882
14004 2 2 0 7 6180 8222 2771
14005 2 2 0 7 9095 9314 1726
14006 2 2 0 7 2947 8605 6426
14007 2 2 0 7 2697 8565 2700
14008 2 2 0 7 6983 8013 6575
14009 2 2 0 7 6987 8013 6984
14010 2 2 0 7 6597 9506 8385
14011 2 2 0 7 5879 8820 8124
14012 2 2 0 7 8124 8820 6151
14013 2 2 0 7 5919 8282 5920
14014 2 2 0 7 5906 9291 7905
14015 2 2 0 7 6119 9377 6660
14016 2 2 0 7 187 8003 186
14017 2 2 0 7 84 8016 1367
14018 2 2 0 7 1639 8018 1638
14019 2 2 0 7 6317 8059 6319
14020 2 2 0 7 4897 7923 4899
14021 2 2 0 7 4686 9446 8927
14022 2 2 0 7 5128 8967 6567
14023 2 2 0 7 6567 8967 5109
14024 2 2 0 7 8444 9131 5283
14025 2 2 0 7 4431 8921 5284
14026 2 2 0 7 3868 8227 3871
14027 2 2 0 7 1729 1730 1728
14028 2 2 0 7 1727 3295 1729
14029 2 2 0 7 1598 1600 1597
14030 2 2 0 7 1596 6606 1598
14031 2 2 0 7 5456 6659 6479
14032 2 2 0 7 1410 8126 8123
14033 2 2 0 7 2526 8896 278
14034 2 2 0 7 5778 8324 5779
14035 2 2 0 7 5527 8414 6745
14036 2 2 0 7 5041 7925 5744
14037 2 2 0 7 2347 7926 2349
14038 2 2 0 7 4555 8264 4500
14039 2 2 0 7 3892 8021 3948
14040 2 2 0 7 8551 9061 6379
14041 2 2 0 7 5628 8288 8250
14042 2 2 0 7 1656 6566 1701
14043 2 2 0 7 5163 9546 5164
14044 2 2 0 7 3508 9420 7497
14045 2 2 0 7 6476 7992 4621
14046 2 2 0 7 3020 6725 6591
14047 2 2 0 7 4349 8027 3727
14048 2 2 0 7 3725 8027 3783
14049 2 2 0 7 3360 7842 2756
14050 2 2 0 7 4552 9306 3847
14051 2 2 0 7 6395 8699 7888
14052 2 2 0 7 2466 7932 2453
14053 2 2 0 7 7787 8726 2785
14054 2 2 0 7 6035 7874 3888
14055 2 2 0 7 3174 7933 5497
14056 2 2 0 7 5828 8030 5282
14057 2 2 0 7 4554 5149 4395
14058 2 2 0 7 5060 8146 6481
14059 2 2 0 7 3280 8002 3281
14060 2 2 0 7 5767 9031 5765
14061 2 2 0 7 8211 8237 7232
14062 2 2 0 7 1390 8041 76
14063 2 2 0 7 75 8041 1431
14064 2 2 0 7 2593 8766 2596
14065 2 2 0 7 6232 9018 3402
14066 2 2 0 7 7758 8346 4945
14067 2 2 0 7 7993 8600 2637
14068 2 2 0 7 5089 8207 8168
14069 2 2 0 7 4398 8039 2481
14070 2 2 0 7 6491 8938 4015
14071 2 2 0 7 2602 8379 5702
14072 2 2 0 7 7710 8799 3260
14073 2 2 0 7 3591 7953 3571
14074 2 2 0 7 3670 7954 4344
14075 2 2 0 7 6467 9035 4909
14076 2 2 0 7 4531 9164 8750
14077 2 2 0 7 8587 9010 5802
14078 2 2 0 7 2757 7936 3238
14079 2 2 0 7 6454 8047 6456
14080 2 2 0 7 3610 8047 7656
14081 2 2 0 7 5186 8069 5187
14082 2 2 0 7 6311 9432 8637
14083 2 2 0 7 4904 6251 4905
14084 2 2 0 7 2366 8430 5793
14085 2 2 0 7 8836 8959 5995
14086 2 2 0 7 90 8050 89
14087 2 2 0 7 9031 9050 5765
14088 2 2 0 7 5797 8032 6505
14089 2 2 0 7 6458 8060 7568
14090 2 2 0 7 3975 8051 3977
14091 2 2 0 7 5074 8056 6300
14092 2 2 0 7 7012 8056 7570
14093 2 2 0 7 8018 9217 5665
14094 2 2 0 7 44 8758 7654
14095 2 2 0 7 3517 9360 7783
14096 2 2 0 7 4965 8834 8078
14097 2 2 0 7 5202 8059 6317
14098 2 2 0 7 5313 9206 5312
14099 2 2 0 7 2723 8666 8513
14100 2 2 0 7 7568 8060 3603
14101 2 2 0 7 3065 8060 3610
14102 2 2 0 7 2444 9453 428
14103 2 2 0 7 429 9453 6103
14104 2 2 0 7 9121 9132 5643
14105 2 2 0 7 5572 8968 5570
14106 2 2 0 7 3954 8196 3956
14107 2 2 0 7 6392 7940 5135
14108 2 2 0 7 6792 7963 7873
14109 2 2 0 7 5952 8428 5955
14110 2 2 0 7 5108 7941 5107
14111 2 2 0 7 5016 8303 7891
14112 2 2 0 7 6554 8558 2839
14113 2 2 0 7 7289 8067 3780
14114 2 2 0 7 6776 8067 4908
14115 2 2 0 7 3101 6699 3099
14116 2 2 0 7 3979 8105 3984
14117 2 2 0 7 7101 8068 6550
14118 2 2 0 7 6622 8068 5243
14119 2 2 0 7 5793 8430 5039
14120 2 2 0 7 5948 7935 5947
14121 2 2 0 7 4548 6708 6385
14122 2 2 0 7 4092 7943 5075
14123 2 2 0 7 8151 8317 6218
14124 2 2 0 7 5765 9050 5766
14125 2 2 0 7 6064 9487 6066
14126 2 2 0 7 8289 9212 4513
14127 2 2 0 7 2961 8208 2958
14128 2 2 0 7 1486 7945 1485
14129 2 2 0 7 386 9380 2832
14130 2 2 0 7 2171 8477 2173
14131 2 2 0 7 4973 9388 4974
14132 2 2 0 7 6986 8073 6987
14133 2 2 0 7 2600 8937 8346
14134 2 2 0 7 2212 8568 2215
14135 2 2 0 7 2610 8740 2652
14136 2 2 0 7 5051 6565 6564
14137 2 2 0 7 5089 8168 7235
14138 2 2 0 7 7657 7946 6247
14139 2 2 0 7 3375 8002 3280
14140 2 2 0 7 8012 8815 6434
14141 2 2 0 7 7171 8079 7172
14142 2 2 0 7 201 8645 7291
14143 2 2 0 7 3413 8137 3647
14144 2 2 0 7 8233 8255 7233
14145 2 2 0 7 3656 8138 4225
14146 2 2 0 7 7800 7963 6792
14147 2 2 0 7 7426 7949 5047
14148 2 2 0 7 9050 9065 5766
14149 2 2 0 7 6003 8034 6002
14150 2 2 0 7 7866 8913 5320
14151 2 2 0 7 6501 9498 6503
14152 2 2 0 7 5177 7950 5178
14153 2 2 0 7 4148 7951 3250
14154 2 2 0 7 7750 7751 7712
14155 2 2 0 7 4471 9392 4973
14156 2 2 0 7 38 7942 1374
14157 2 2 0 7 2736 8000 2739
14158 2 2 0 7 6654 8016 6653
14159 2 2 0 7 7089 8521 1424
14160 2 2 0 7 3555 8125 3124
14161 2 2 0 7 5897 9341 2283
14162 2 2 0 7 7293 8079 5049
14163 2 2 0 7 7864 8518 6412
14164 2 2 0 7 79 7952 78
14165 2 2 0 7 3557 5705 5464
14166 2 2 0 7 2950 6711 2561
14167 2 2 0 7 2903 3863 2950
14168 2 2 0 7 2726 7784 2914
14169 2 2 0 7 2989 6763 4530
14170 2 2 0 7 4157 5824 3566
14171 2 2 0 7 3461 6753 3458
14172 2 2 0 7 3460 3462 3461
14173 2 2 0 7 5363 5365 5364
14174 2 2 0 7 3404 6752 3423
14175 2 2 0 7 4917 4918 4916
14176 2 2 0 7 2865 2866 2861
14177 2 2 0 7 3615 6751 3058
14178 2 2 0 7 2852 6747 2865
14179 2 2 0 7 2936 6744 2764
14180 2 2 0 7 5945 5946 5944
14181 2 2 0 7 4421 6746 5945
14182 2 2 0 7 3125 5159 3122
14183 2 2 0 7 6231 6682 5369
14184 2 2 0 7 3499 5154 3501
14185 2 2 0 7 4221 7953 4701
14186 2 2 0 7 4992 7954 4034
14187 2 2 0 7 7019 9440 8361
14188 2 2 0 7 5949 5950 5948
14189 2 2 0 7 7639 9101 9084
14190 2 2 0 7 7235 8199 5089
14191 2 2 0 7 6674 9511 6719
14192 2 2 0 7 6074 8025 2577
14193 2 2 0 7 1363 8089 6717
14194 2 2 0 7 2405 9391 9264
14195 2 2 0 7 3373 7956 3234
14196 2 2 0 7 2189 8749 2169
14197 2 2 0 7 2710 7957 2436
14198 2 2 0 7 2990 8750 2715
14199 2 2 0 7 1402 8089 95
14200 2 2 0 7 94 8089 1363
14201 2 2 0 7 4346 8243 3622
14202 2 2 0 7 2173 8477 2184
14203 2 2 0 7 5853 8167 6581
14204 2 2 0 7 5146 9133 9047
14205 2 2 0 7 4886 7799 6719
14206 2 2 0 7 2097 7961 2054
14207 2 2 0 7 4113 8092 4112
14208 2 2 0 7 5543 8204 5411
14209 2 2 0 7 2161 8015 2165
14210 2 2 0 7 6256 8023 2226
14211 2 2 0 7 5574 9101 7639
14212 2 2 0 7 7144 8911 5580
14213 2 2 0 7 5325 8415 5855
14214 2 2 0 7 3418 8133 4121
14215 2 2 0 7 1416 9375 7807
14216 2 2 0 7 5844 9300 2667
14217 2 2 0 7 6706 9237 8490
14218 2 2 0 7 5435 8971 8509
14219 2 2 0 7 4675 9207 5723
14220 2 2 0 7 4983 9396 3995
14221 2 2 0 7 4606 8546 4605
14222 2 2 0 7 5613 8025 5614
14223 2 2 0 7 6532 8838 1399
14224 2 2 0 7 3188 8241 4461
14225 2 2 0 7 4346 8643 8498
14226 2 2 0 7 2826 8098 2823
14227 2 2 0 7 5839 9122 3541
14228 2 2 0 7 4192 8226 4174
14229 2 2 0 7 6120 9377 6119
14230 2 2 0 7 5912 7980 6465
14231 2 2 0 7 6315 8226 4192
14232 2 2 0 7 6591 9093 2403
14233 2 2 0 7 2299 9168 2304
14234 2 2 0 7 5818 9328 6202
14235 2 2 0 7 6521 9340 3204
14236 2 2 0 7 5557 8457 2884
14237 2 2 0 7 1519 7965 1517
14238 2 2 0 7 7869 9160 8234
14239 2 2 0 7 4826 6482 6248
14240 2 2 0 7 4527 6535 1691
14241 2 2 0 7 1531 3588 1565
14242 2 2 0 7 3492 9249 3493
14243 2 2 0 7 204 9234 7293
14244 2 2 0 7 5950 8428 5952
14245 2 2 0 7 2322 8103 2320
14246 2 2 0 7 53 8096 52
14247 2 2 0 7 8008 8564 8435
14248 2 2 0 7 8639 8705 5508
14249 2 2 0 7 1781 7969 1783
14250 2 2 0 7 1396 7962 70
14251 2 2 0 7 6656 8275 2239
14252 2 2 0 7 4164 8926 8738
14253 2 2 0 7 7293 8831 204
14254 2 2 0 7 2651 8220 2648
14255 2 2 0 7 6625 8221 2162
14256 2 2 0 7 6117 9155 7944
14257 2 2 0 7 2771 8222 2707
14258 2 2 0 7 5655 9352 4494
14259 2 2 0 7 7933 8786 5497
14260 2 2 0 7 73 8101 72
14261 2 2 0 7 6651 9503 5662
14262 2 2 0 7 5130 8233 7233
14263 2 2 0 7 4190 8058 4189
14264 2 2 0 7 3992 9328 8790
14265 2 2 0 7 1373 8880 7010
14266 2 2 0 7 7952 7981 78
14267 2 2 0 7 3648 8623 4086
14268 2 2 0 7 5923 8240 5774
14269 2 2 0 7 5855 8132 5326
14270 2 2 0 7 4458 8617 8616
14271 2 2 0 7 151 8112 150
14272 2 2 0 7 5184 9399 7776
14273 2 2 0 7 4628 9272 4705
14274 2 2 0 7 4352 7975 7974
14275 2 2 0 7 4922 7974 6644
14276 2 2 0 7 3016 8014 2250
14277 2 2 0 7 5941 8294 5942
14278 2 2 0 7 4620 9268 5787
14279 2 2 0 7 6542 9324 4983
14280 2 2 0 7 6705 9426 2267
14281 2 2 0 7 4096 7973 6636
14282 2 2 0 7 6314 9402 5494
14283 2 2 0 7 6135 7977 7959
14284 2 2 0 7 6345 8279 5149
14285 2 2 0 7 2933 6351 3425
14286 2 2 0 7 8701 9350 8270
14287 2 2 0 7 6619 8708 5103
14288 2 2 0 7 6578 9517 2744
14289 2 2 0 7 2796 8859 6549
14290 2 2 0 7 7849 7850 5868
14291 2 2 0 7 7233 8247 5130
14292 2 2 0 7 6927 8126 6925
14293 2 2 0 7 1415 8734 6998
14294 2 2 0 7 3163 8190 2893
14295 2 2 0 7 6615 8545 4696
14296 2 2 0 7 6376 9436 2811
14297 2 2 0 7 3589 8742 7736
14298 2 2 0 7 8114 9489 5409
14299 2 2 0 7 2542 6412 2548
14300 2 2 0 7 1422 8704 7822
14301 2 2 0 7 6672 9426 5284
14302 2 2 0 7 4450 8044 4447
14303 2 2 0 7 6406 8387 6678
14304 2 2 0 7 3301 8129 3298
14305 2 2 0 7 6179 8312 2279
14306 2 2 0 7 7873 7963 5078
14307 2 2 0 7 6303 7987 6304
14308 2 2 0 7 5087 8137 4062
14309 2 2 0 7 6213 9224 4453
14310 2 2 0 7 6719 9511 4886
14311 2 2 0 7 6518 9039 6483
14312 2 2 0 7 1394 9040 6990
14313 2 2 0 7 5637 6430 5636
14314 2 2 0 7 5500 8290 4630
14315 2 2 0 7 3109 9531 8434
14316 2 2 0 7 3211 8148 3209
14317 2 2 0 7 4178 9496 7865
14318 2 2 0 7 4382 8847 5814
14319 2 2 0 7 3989 6543 3993
14320 2 2 0 7 3863 8159 3864
14321 2 2 0 7 3151 5113 5112
14322 2 2 0 7 8279 9022 5149
14323 2 2 0 7 6803 8170 4942
14324 2 2 0 7 78 7981 77
14325 2 2 0 7 5426 8969 5371
14326 2 2 0 7 4222 8142 3568
14327 2 2 0 7 3559 8143 4035
14328 2 2 0 7 6450 9444 5957
14329 2 2 0 7 8717 8718 8716
14330 2 2 0 7 5882 9001 4533
14331 2 2 0 7 6491 8150 5095
14332 2 2 0 7 5681 9094 3217
14333 2 2 0 7 6440 8191 5566
14334 2 2 0 7 431 7970 432
14335 2 2 0 7 4236 8159 4900
14336 2 2 0 7 5101 8752 5875
14337 2 2 0 7 1770 9231 6525
14338 2 2 0 7 3240 8547 3239
14339 2 2 0 7 4688 6800 3561
14340 2 2 0 7 2083 7984 2101
14341 2 2 0 7 1357 8111 190
14342 2 2 0 7 189 8111 1421
14343 2 2 0 7 8745 8746 7773
14344 2 2 0 7 3417 8137 3413
14345 2 2 0 7 53 8496 8096
14346 2 2 0 7 3658 8138 3656
14347 2 2 0 7 6928 8162 6923
14348 2 2 0 7 8843 8844 8473
14349 2 2 0 7 6741 6743 6742
14350 2 2 0 7 4067 8776 4069
14351 2 2 0 7 5514 6209 5449
14352 2 2 0 7 4099 4516 4100
14353 2 2 0 7 2184 2185 2175
14354 2 2 0 7 5402 5404 5403
14355 2 2 0 7 4028 4483 3836
14356 2 2 0 7 4296 4424 3205
14357 2 2 0 7 5955 5994 5954
14358 2 2 0 7 2409 8652 8122
14359 2 2 0 7 7950 9375 1416
14360 2 2 0 7 7235 8168 7234
14361 2 2 0 7 7226 8168 1411
14362 2 2 0 7 8750 9164 5823
14363 2 2 0 7 5155 7989 5185
14364 2 2 0 7 6275 8787 2252
14365 2 2 0 7 6783 8712 3374
14366 2 2 0 7 5302 5304 5303
14367 2 2 0 7 4758 8172 7359
14368 2 2 0 7 5225 8172 6321
14369 2 2 0 7 5288 5290 5289
14370 2 2 0 7 3094 3095 3093
14371 2 2 0 7 1584 2019 1586
14372 2 2 0 7 1586 1587 1585
14373 2 2 0 7 2502 2504 2503
14374 2 2 0 7 3230 3232 3231
14375 2 2 0 7 3231 6484 3229
14376 2 2 0 7 2908 2909 2883
14377 2 2 0 7 2882 6448 2908
14378 2 2 0 7 4382 5814 4469
14379 2 2 0 7 427 7958 2444
14380 2 2 0 7 4460 5069 5036
14381 2 2 0 7 5036 5683 4969
14382 2 2 0 7 6990 8074 8073
14383 2 2 0 7 4978 8187 6957
14384 2 2 0 7 6900 8179 5847
14385 2 2 0 7 5122 8181 5754
14386 2 2 0 7 1408 8176 140
14387 2 2 0 7 138 8178 1351
14388 2 2 0 7 1351 8177 137
14389 2 2 0 7 135 8180 1407
14390 2 2 0 7 5125 8184 5757
14391 2 2 0 7 5126 8182 7269
14392 2 2 0 7 1369 8183 132
14393 2 2 0 7 131 8183 1406
14394 2 2 0 7 6957 8184 6880
14395 2 2 0 7 1406 8185 130
14396 2 2 0 7 124 8189 1430
14397 2 2 0 7 129 8185 1380
14398 2 2 0 7 5849 8179 7650
14399 2 2 0 7 1392 8189 125
14400 2 2 0 7 7541 8188 5848
14401 2 2 0 7 5756 8187 4976
14402 2 2 0 7 5758 8188 5328
14403 2 2 0 7 7658 8182 5123
14404 2 2 0 7 6322 8730 7814
14405 2 2 0 7 5359 8045 8044
14406 2 2 0 7 7906 8145 2926
14407 2 2 0 7 5524 9318 6368
14408 2 2 0 7 8172 8278 6323
14409 2 2 0 7 2671 6402 2579
14410 2 2 0 7 7979 8944 4530
14411 2 2 0 7 4044 6485 4045
14412 2 2 0 7 4048 6485 4528
14413 2 2 0 7 4096 4597 3827
14414 2 2 0 7 3924 4087 3926
14415 2 2 0 7 3983 5061 3965
14416 2 2 0 7 4021 4022 4019
14417 2 2 0 7 4393 4596 4442
14418 2 2 0 7 8312 9336 6557
14419 2 2 0 7 6242 9472 2921
14420 2 2 0 7 3282 7972 3593
14421 2 2 0 7 6154 8820 5879
14422 2 2 0 7 7397 8199 3546
14423 2 2 0 7 5089 8199 4799
14424 2 2 0 7 6164 8072 6165
14425 2 2 0 7 7891 8926 7745
14426 2 2 0 7 3007 6493 3057
14427 2 2 0 7 2958 8208 2960
14428 2 2 0 7 5126 9170 8182
14429 2 2 0 7 2719 8711 8313
14430 2 2 0 7 3189 8241 3188
14431 2 2 0 7 5653 8323 5778
14432 2 2 0 7 7922 9496 4178
14433 2 2 0 7 4141 6504 2859
14434 2 2 0 7 4622 4623 3192
14435 2 2 0 7 5627 6367 2211
14436 2 2 0 7 4165 4437 4166
14437 2 2 0 7 4166 4276 4163
14438 2 2 0 7 5889 9267 3106
14439 2 2 0 7 4628 4687 3535
14440 2 2 0 7 4620 4621 3918
14441 2 2 0 7 2806 4139 2859
14442 2 2 0 7 5516 5642 5641
14443 2 2 0 7 4086 4931 4085
14444 2 2 0 7 3033 7995 7428
14445 2 2 0 7 5100 7996 5800
14446 2 2 0 7 2103 7997 2105
14447 2 2 0 7 7501 7998 7391
14448 2 2 0 7 4912 7999 6196
14449 2 2 0 7 6393 9478 5845
14450 2 2 0 7 6812 7988 3588
14451 2 2 0 7 3141 8211 3143
14452 2 2 0 7 7767 8209 2529
14453 2 2 0 7 5533 8964 5537
14454 2 2 0 7 2739 8000 3503
14455 2 2 0 7 1691 6535 1660
14456 2 2 0 7 4826 7330 6482
14457 2 2 0 7 6592 8076 3079
14458 2 2 0 7 5497 8786 7763
14459 2 2 0 7 7231 8212 7235
14460 2 2 0 7 4012 8205 3845
14461 2 2 0 7 2676 8062 8061
14462 2 2 0 7 4914 8001 5200
14463 2 2 0 7 7975 8630 8386
14464 2 2 0 7 3281 8002 3650
14465 2 2 0 7 8108 8593 8106
14466 2 2 0 7 2267 9426 3860
14467 2 2 0 7 4663 9035 6289
14468 2 2 0 7 4672 8971 4674
14469 2 2 0 7 6066 6070 6068
14470 2 2 0 7 2256 6291 2258
14471 2 2 0 7 8284 8683 2598
14472 2 2 0 7 5051 8346 6565
14473 2 2 0 7 3787 8942 3420
14474 2 2 0 7 7807 8429 1376
14475 2 2 0 7 5674 8008 5673
14476 2 2 0 7 290 8378 8231
14477 2 2 0 7 4695 8210 4693
14478 2 2 0 7 2743 8511 2742
14479 2 2 0 7 3956 8196 3959
14480 2 2 0 7 6506 9053 8507
14481 2 2 0 7 5834 7967 5835
14482 2 2 0 7 5286 6632 6631
14483 2 2 0 7 6555 8951 2140
14484 2 2 0 7 5680 9104 6388
14485 2 2 0 7 7766 9222 3384
14486 2 2 0 7 7243 8011 7244
14487 2 2 0 7 5128 8799 7710
14488 2 2 0 7 6457 8442 1384
14489 2 2 0 7 5779 8420 6316
14490 2 2 0 7 2628 8248 6679
14491 2 2 0 7 6984 8013 6983
14492 2 2 0 7 6488 8451 6486
14493 2 2 0 7 3563 8233 7396
14494 2 2 0 7 4796 8233 5130
14495 2 2 0 7 2165 8015 2186
14496 2 2 0 7 6366 9501 4934
14497 2 2 0 7 6430 9194 5636
14498 2 2 0 7 186 8003 1349
14499 2 2 0 7 3205 8943 8786
14500 2 2 0 7 6386 6387 4955
14501 2 2 0 7 1509 8235 7459
14502 2 2 0 7 1513 8235 1510
14503 2 2 0 7 5503 8301 5396
14504 2 2 0 7 6207 7976 2907
14505 2 2 0 7 6396 8545 5581
14506 2 2 0 7 5372 8425 8423
14507 2 2 0 7 7829 9247 8404
14508 2 2 0 7 4533 9001 6428
14509 2 2 0 7 2441 7854 2518
14510 2 2 0 7 85 8016 84
14511 2 2 0 7 2640 8017 2641
14512 2 2 0 7 1642 8018 1639
14513 2 2 0 7 2648 8220 2650
14514 2 2 0 7 2162 8221 2168
14515 2 2 0 7 4420 9424 4704
14516 2 2 0 7 2313 8244 2315
14517 2 2 0 7 2707 8222 2714
14518 2 2 0 7 1643 8246 1642
14519 2 2 0 7 2145 8246 1646
14520 2 2 0 7 1412 8247 7547
14521 2 2 0 7 7229 8247 7233
14522 2 2 0 7 2626 8248 2625
14523 2 2 0 7 5088 8842 8736
14524 2 2 0 7 4001 8055 4526
14525 2 2 0 7 161 8250 160
14526 2 2 0 7 1362 8037 7221
14527 2 2 0 7 5601 9336 8312
14528 2 2 0 7 149 8149 1410
14529 2 2 0 7 2759 9053 6506
14530 2 2 0 7 7230 8255 7232
14531 2 2 0 7 2552 8020 2557
14532 2 2 0 7 6675 9026 6036
14533 2 2 0 7 3420 8942 4532
14534 2 2 0 7 7941 9211 9087
14535 2 2 0 7 8230 9069 5657
14536 2 2 0 7 1354 8214 211
14537 2 2 0 7 210 8214 1419
14538 2 2 0 7 3181 8650 8100
14539 2 2 0 7 5516 9141 5642
14540 2 2 0 7 3869 4490 4172
14541 2 2 0 7 4172 4173 3870
14542 2 2 0 7 5546 9135 7872
14543 2 2 0 7 2299 2304 2303
14544 2 2 0 7 6278 6280 6279
14545 2 2 0 7 3894 8021 3892
14546 2 2 0 7 5130 8261 5030
14547 2 2 0 7 3581 5571 5570
14548 2 2 0 7 4191 4651 4463
14549 2 2 0 7 4884 6363 6362
14550 2 2 0 7 4094 4095 3518
14551 2 2 0 7 3380 3781 3379
14552 2 2 0 7 2760 2976 2759
14553 2 2 0 7 4631 5476 5048
14554 2 2 0 7 4962 6189 4211
14555 2 2 0 7 3997 6188 5012
14556 2 2 0 7 5772 5774 5773
14557 2 2 0 7 4546 4630 4418
14558 2 2 0 7 4544 5691 4543
14559 2 2 0 7 4535 5148 5147
14560 2 2 0 7 3860 5452 3859
14561 2 2 0 7 5083 5086 3801
14562 2 2 0 7 3800 5084 5083
14563 2 2 0 7 4401 5025 3631
14564 2 2 0 7 5325 5855 5326
14565 2 2 0 7 2709 3078 2776
14566 2 2 0 7 3053 3378 3259
14567 2 2 0 7 3828 4993 3508
14568 2 2 0 7 3080 4292 4289
14569 2 2 0 7 2672 2963 2954
14570 2 2 0 7 2930 5032 2855
14571 2 2 0 7 3480 3483 3482
14572 2 2 0 7 2929 3256 2930
14573 2 2 0 7 4289 5027 3636
14574 2 2 0 7 3108 3109 3105
14575 2 2 0 7 3104 5888 3108
14576 2 2 0 7 4224 5020 3848
14577 2 2 0 7 3293 3389 2901
14578 2 2 0 7 3490 4377 3856
14579 2 2 0 7 3856 4556 3855
14580 2 2 0 7 4609 5646 5606
14581 2 2 0 7 5606 6187 3216
14582 2 2 0 7 2642 2720 2512
14583 2 2 0 7 3311 5803 4373
14584 2 2 0 7 3395 5699 4689
14585 2 2 0 7 3132 3634 3633
14586 2 2 0 7 3633 4455 3495
14587 2 2 0 7 2644 2974 2973
14588 2 2 0 7 2973 2975 2643
14589 2 2 0 7 4960 5526 4959
14590 2 2 0 7 5034 5035 4627
14591 2 2 0 7 4626 5196 5034
14592 2 2 0 7 4247 5018 5017
14593 2 2 0 7 2928 3803 3802
14594 2 2 0 7 3802 4280 2927
14595 2 2 0 7 3244 8636 3242
14596 2 2 0 7 2390 8635 2395
14597 2 2 0 7 7771 7773 7772
14598 2 2 0 7 2962 3319 2961
14599 2 2 0 7 7221 8022 1408
14600 2 2 0 7 1572 8239 1568
14601 2 2 0 7 3236 8720 4585
14602 2 2 0 7 4703 8602 8491
14603 2 2 0 7 1383 9422 8359
14604 2 2 0 7 3300 8673 3302
14605 2 2 0 7 4914 8048 8001
14606 2 2 0 7 1362 8057 8037
14607 2 2 0 7 6699 9000 3135
14608 2 2 0 7 6341 8544 4281
14609 2 2 0 7 6857 8767 7806
14610 2 2 0 7 5390 5391 5389
14611 2 2 0 7 3190 3191 3189
14612 2 2 0 7 2208 2209 2207
14613 2 2 0 7 3922 3923 3921
14614 2 2 0 7 8277 9286 6080
14615 2 2 0 7 4893 8271 4895
14616 2 2 0 7 7029 8310 4822
14617 2 2 0 7 2290 8413 2292
14618 2 2 0 7 5554 8046 4159
14619 2 2 0 7 6571 9339 5648
14620 2 2 0 7 2847 9024 2842
14621 2 2 0 7 4506 8737 6796
14622 2 2 0 7 5591 9520 7917
14623 2 2 0 7 3727 8027 3725
14624 2 2 0 7 4655 8932 6510
14625 2 2 0 7 455 8032 2492
14626 2 2 0 7 4500 8264 8263
14627 2 2 0 7 6268 8728 2286
14628 2 2 0 7 8023 8883 2226
14629 2 2 0 7 7186 9382 9209
14630 2 2 0 7 2523 8209 2522
14631 2 2 0 7 6310 9467 1841
14632 2 2 0 7 1701 8036 1654
14633 2 2 0 7 1652 8036 7201
14634 2 2 0 7 7222 8057 1362
14635 2 2 0 7 4442 8906 4392
14636 2 2 0 7 3883 8276 3884
14637 2 2 0 7 7864 7990 5686
14638 2 2 0 7 5654 8030 4095
14639 2 2 0 7 6679 8248 6680
14640 2 2 0 7 6057 8054 6059
14641 2 2 0 7 6038 8264 6258
14642 2 2 0 7 5208 8274 4948
14643 2 2 0 7 4701 8818 6537
14644 2 2 0 7 7718 9048 2465
14645 2 2 0 7 6481 8871 5060
14646 2 2 0 7 2188 9448 2185
14647 2 2 0 7 3020 6591 2321
14648 2 2 0 7 2323 6591 2403
14649 2 2 0 7 7460 8075 2360
14650 2 2 0 7 5540 9411 6438
14651 2 2 0 7 5600 8037 5468
14652 2 2 0 7 8106 8593 2392
14653 2 2 0 7 3293 8291 4064
14654 2 2 0 7 4038 8292 3259
14655 2 2 0 7 5335 5392 5334
14656 2 2 0 7 2481 8039 2483
14657 2 2 0 7 3983 8305 5062
14658 2 2 0 7 3325 3326 3324
14659 2 2 0 7 4187 4188 4186
14660 2 2 0 7 3962 3964 3963
14661 2 2 0 7 4369 8382 3638
14662 2 2 0 7 3575 3576 3573
14663 2 2 0 7 2668 2669 2667
14664 2 2 0 7 3531 3532 3530
14665 2 2 0 7 3895 3896 3894
14666 2 2 0 7 3956 3958 3957
14667 2 2 0 7 3979 3981 3980
14668 2 2 0 7 2984 6239 4970
14669 2 2 0 7 3018 4888 3421
14670 2 2 0 7 2803 2805 2804
14671 2 2 0 7 3916 3917 3915
14672 2 2 0 7 2633 5629 2637
14673 2 2 0 7 2292 2294 2293
14674 2 2 0 7 3370 4018 3371
14675 2 2 0 7 4238 5322 2982
14676 2 2 0 7 3012 4391 3521
14677 2 2 0 7 4663 5713 4435
14678 2 2 0 7 3625 4668 4223
14679 2 2 0 7 7222 8070 8057
14680 2 2 0 7 6813 8292 4255
14681 2 2 0 7 76 8041 75
14682 2 2 0 7 4159 8046 4161
14683 2 2 0 7 1360 8258 48
14684 2 2 0 7 47 8258 7821
14685 2 2 0 7 4111 9051 7843
14686 2 2 0 7 6059 9124 8249
14687 2 2 0 7 3546 8237 3139
14688 2 2 0 7 5628 8300 5050
14689 2 2 0 7 5782 8107 8106
14690 2 2 0 7 1364 8907 6634
14691 2 2 0 7 4705 9272 3536
14692 2 2 0 7 5437 8510 6207
14693 2 2 0 7 5787 9268 4363
14694 2 2 0 7 5457 9359 7844
14695 2 2 0 7 4516 8035 5541
14696 2 2 0 7 3310 8705 2912
14697 2 2 0 7 8405 8550 5624
14698 2 2 0 7 2510 9134 7703
14699 2 2 0 7 4524 9230 6510
14700 2 2 0 7 5359 8044 4450
14701 2 2 0 7 3094 8042 3110
14702 2 2 0 7 4694 8898 4695
14703 2 2 0 7 7999 9523 6196
14704 2 2 0 7 1347 8459 6353
14705 2 2 0 7 4203 8610 6189
14706 2 2 0 7 8037 8057 5468
14707 2 2 0 7 2749 8200 7930
14708 2 2 0 7 5732 9388 5482
14709 2 2 0 7 4040 9225 4042
14710 2 2 0 7 5194 6596 4032
14711 2 2 0 7 3384 9222 7705
14712 2 2 0 7 5556 9443 8718
14713 2 2 0 7 5863 9181 7973
14714 2 2 0 7 7656 8047 6454
14715 2 2 0 7 1409 8070 7222
14716 2 2 0 7 8263 8264 6038
14717 2 2 0 7 6060 8054 6057
14718 2 2 0 7 6634 8928 1364
14719 2 2 0 7 7013 9535 1419
14720 2 2 0 7 4460 8375 5069
14721 2 2 0 7 6392 8960 8345
14722 2 2 0 7 4822 8310 7362
14723 2 2 0 7 5559 6605 5560
14724 2 2 0 7 4593 8048 4914
14725 2 2 0 7 89 8050 1352
14726 2 2 0 7 4156 8051 3975
14727 2 2 0 7 6391 8684 2575
14728 2 2 0 7 1692 3374 1713
14729 2 2 0 7 2252 9158 6275
14730 2 2 0 7 4946 6403 4945
14731 2 2 0 7 3530 8052 3528
14732 2 2 0 7 8404 9247 6765
14733 2 2 0 7 8022 8037 5600
14734 2 2 0 7 7221 8037 8022
14735 2 2 0 7 5577 8251 5424
14736 2 2 0 7 7570 8056 5074
14737 2 2 0 7 198 8304 197
14738 2 2 0 7 5468 8057 6920
14739 2 2 0 7 7746 9331 8821
14740 2 2 0 7 4195 8058 4190
14741 2 2 0 7 6363 8802 6616
14742 2 2 0 7 3193 8241 3189
14743 2 2 0 7 5038 8353 3652
14744 2 2 0 7 1409 8080 8070
14745 2 2 0 7 6225 8059 5202
14746 2 2 0 7 4891 8837 4890
14747 2 2 0 7 6500 9197 5792
14748 2 2 0 7 199 8311 198
14749 2 2 0 7 3230 8519 3232
14750 2 2 0 7 3911 8325 3907
14751 2 2 0 7 3906 8325 4606
14752 2 2 0 7 6511 9524 4885
14753 2 2 0 7 4019 8083 3371
14754 2 2 0 7 6165 8072 6536
14755 2 2 0 7 3295 8117 6603
14756 2 2 0 7 4087 9075 6476
14757 2 2 0 7 2673 9160 7869
14758 2 2 0 7 3603 8060 3065
14759 2 2 0 7 2447 8321 2446
14760 2 2 0 7 1490 8332 1489
14761 2 2 0 7 2151 8332 1493
14762 2 2 0 7 8761 8806 3667
14763 2 2 0 7 7347 9089 6572
14764 2 2 0 7 5864 9288 5866
14765 2 2 0 7 6529 9334 5803
14766 2 2 0 7 8057 8070 6920
14767 2 2 0 7 5554 9376 8046
14768 2 2 0 7 7729 8822 5442
14769 2 2 0 7 8361 9440 1427
14770 2 2 0 7 1612 8028 1608
14771 2 2 0 7 4684 7906 6629
14772 2 2 0 7 7749 9168 7871
14773 2 2 0 7 7223 8080 1409
14774 2 2 0 7 3206 6773 3195
14775 2 2 0 7 3640 6346 3390
14776 2 2 0 7 4908 8067 7289
14777 2 2 0 7 7872 9145 5546
14778 2 2 0 7 5243 8068 7101
14779 2 2 0 7 6194 8379 2602
14780 2 2 0 7 6727 9012 8455
14781 2 2 0 7 6244 7836 2678
14782 2 2 0 7 7997 8752 4478
14783 2 2 0 7 4625 8066 4623
14784 2 2 0 7 2613 9288 8225
14785 2 2 0 7 6282 8406 2219
14786 2 2 0 7 8265 8781 6189
14787 2 2 0 7 7142 9015 5708
14788 2 2 0 7 5843 9477 9216
14789 2 2 0 7 9216 9477 6374
14790 2 2 0 7 2155 8087 2911
14791 2 2 0 7 6576 8069 5186
14792 2 2 0 7 2374 6685 2317
14793 2 2 0 7 2319 6685 3020
14794 2 2 0 7 6920 8070 5011
14795 2 2 0 7 8079 9414 7172
14796 2 2 0 7 5648 9339 6647
14797 2 2 0 7 3217 9381 5682
14798 2 2 0 7 6289 9035 4168
14799 2 2 0 7 2261 8351 2265
14800 2 2 0 7 6583 8524 8325
14801 2 2 0 7 7223 8094 8080
14802 2 2 0 7 7796 8356 6207
14803 2 2 0 7 3502 6351 2933
14804 2 2 0 7 3469 9141 6798
14805 2 2 0 7 5099 8356 4514
14806 2 2 0 7 5169 9355 6329
14807 2 2 0 7 4692 9356 6334
14808 2 2 0 7 6475 9401 2170
14809 2 2 0 7 8073 8074 1431
14810 2 2 0 7 6990 8073 6986
14811 2 2 0 7 7276 8358 7275
14812 2 2 0 7 4593 8092 8048
14813 2 2 0 7 5059 8519 8146
14814 2 2 0 7 7701 9142 2266
14815 2 2 0 7 4612 9215 5975
14816 2 2 0 7 5163 8148 8147
14817 2 2 0 7 6364 8886 7939
14818 2 2 0 7 7843 9051 6446
14819 2 2 0 7 4231 8356 7796
14820 2 2 0 7 7753 9143 2913
14821 2 2 0 7 5494 9402 8408
14822 2 2 0 7 2522 8209 5599
14823 2 2 0 7 4271 8151 8150
14824 2 2 0 7 5694 9118 8453
14825 2 2 0 7 8070 8080 5011
14826 2 2 0 7 5049 8079 7171
14827 2 2 0 7 5189 8381 4295
14828 2 2 0 7 7751 8874 5687
14829 2 2 0 7 159 8288 1412
14830 2 2 0 7 1371 8094 7223
14831 2 2 0 7 6695 9167 5806
14832 2 2 0 7 214 8355 213
14833 2 2 0 7 4931 8970 4085
14834 2 2 0 7 4585 8457 8398
14835 2 2 0 7 6318 8632 1387
14836 2 2 0 7 2752 9143 3011
14837 2 2 0 7 2376 9442 8754
14838 2 2 0 7 8157 8158 5503
14839 2 2 0 7 5025 8661 5153
14840 2 2 0 7 7820 8657 1426
14841 2 2 0 7 6494 8357 5391
14842 2 2 0 7 6808 8591 6815
14843 2 2 0 7 2671 8626 6402
14844 2 2 0 7 5377 6364 5193
14845 2 2 0 7 8439 8770 5489
14846 2 2 0 7 5011 8080 4964
14847 2 2 0 7 6196 9370 6197
14848 2 2 0 7 2157 8087 2155
14849 2 2 0 7 1371 8104 8094
14850 2 2 0 7 4692 7924 6710
14851 2 2 0 7 4014 7850 5120
14852 2 2 0 7 6168 9318 2841
14853 2 2 0 7 6961 8403 6960
14854 2 2 0 7 3822 9454 7889
14855 2 2 0 7 4646 8242 6545
14856 2 2 0 7 3419 8602 6633
14857 2 2 0 7 5731 8617 6626
14858 2 2 0 7 8163 8437 6110
14859 2 2 0 7 5133 8729 5899
14860 2 2 0 7 1395 8870 6911
14861 2 2 0 7 8421 8714 5967
14862 2 2 0 7 8032 8163 2492
14863 2 2 0 7 4960 8084 7882
14864 2 2 0 7 4900 9270 8476
14865 2 2 0 7 6036 8685 2429
14866 2 2 0 7 2272 9149 8006
14867 2 2 0 7 7817 8648 1423
14868 2 2 0 7 4699 8954 6427
14869 2 2 0 7 8080 8094 4964
14870 2 2 0 7 6507 8882 5688
14871 2 2 0 7 6386 9134 6387
14872 2 2 0 7 2474 8006 2604
14873 2 2 0 7 4886 8507 3586
14874 2 2 0 7 2502 8504 2504
14875 2 2 0 7 4349 9522 8027
14876 2 2 0 7 7224 8104 1371
14877 2 2 0 7 6331 6728 6330
14878 2 2 0 7 1375 8710 7086
14879 2 2 0 7 115 8417 1405
14880 2 2 0 7 1379 8417 116
14881 2 2 0 7 2219 8406 2216
14882 2 2 0 7 95 8089 94
14883 2 2 0 7 2233 9214 2239
14884 2 2 0 7 3054 9214 2231
14885 2 2 0 7 4457 6818 5666
14886 2 2 0 7 5496 7128 5094
14887 2 2 0 7 6099 9466 8118
14888 2 2 0 7 2267 9142 6705
14889 2 2 0 7 4692 6710 4691
14890 2 2 0 7 4550 7794 5456
14891 2 2 0 7 5014 7913 6238
14892 2 2 0 7 206 8370 1418
14893 2 2 0 7 1373 8370 207
14894 2 2 0 7 7962 8613 69
14895 2 2 0 7 5020 8668 3848
14896 2 2 0 7 4884 8802 6363
14897 2 2 0 7 4112 8092 4593
14898 2 2 0 7 7716 8605 2947
14899 2 2 0 7 6680 8099 5629
14900 2 2 0 7 4964 8094 5037
14901 2 2 0 7 3204 8671 8394
14902 2 2 0 7 7224 8123 8104
14903 2 2 0 7 6223 8441 7610
14904 2 2 0 7 5332 8441 6643
14905 2 2 0 7 5286 6692 6632
14906 2 2 0 7 5490 8227 8226
14907 2 2 0 7 8419 8465 8418
14908 2 2 0 7 6226 9373 8570
14909 2 2 0 7 7834 8265 6199
14910 2 2 0 7 4210 8265 7834
14911 2 2 0 7 3504 8723 8190
14912 2 2 0 7 4467 8447 4466
14913 2 2 0 7 6141 8819 6142
14914 2 2 0 7 5527 8157 5503
14915 2 2 0 7 5996 8486 2380
14916 2 2 0 7 7159 8451 4738
14917 2 2 0 7 6486 8451 5239
14918 2 2 0 7 6342 8452 5350
14919 2 2 0 7 5352 8452 6305
14920 2 2 0 7 9150 9303 5776
14921 2 2 0 7 4355 5588 4135
14922 2 2 0 7 3612 5971 4471
14923 2 2 0 7 4008 5973 4005
14924 2 2 0 7 1720 5751 1718
14925 2 2 0 7 2784 6198 2786
14926 2 2 0 7 2619 5990 2609
14927 2 2 0 7 4078 6619 4282
14928 2 2 0 7 6343 9300 5844
14929 2 2 0 7 6589 8228 5103
14930 2 2 0 7 2850 7919 2813
14931 2 2 0 7 2844 8098 2826
14932 2 2 0 7 8094 8104 5037
14933 2 2 0 7 3988 9036 6070
14934 2 2 0 7 6734 8779 5099
14935 2 2 0 7 2355 8286 2357
14936 2 2 0 7 2986 6180 2771
14937 2 2 0 7 39 8633 7942
14938 2 2 0 7 3196 8450 3197
14939 2 2 0 7 7779 8100 6264
14940 2 2 0 7 3181 8100 7779
14941 2 2 0 7 4705 8518 7864
14942 2 2 0 7 273 8085 274
14943 2 2 0 7 1410 8123 7224
14944 2 2 0 7 5319 8293 6452
14945 2 2 0 7 6426 9257 2981
14946 2 2 0 7 2723 9437 8915
14947 2 2 0 7 4532 7978 4531
14948 2 2 0 7 7770 8193 7771
14949 2 2 0 7 2673 7868 2672
14950 2 2 0 7 1531 6811 3588
14951 2 2 0 7 52 8096 1389
14952 2 2 0 7 4398 9386 8039
14953 2 2 0 7 3943 9092 6240
14954 2 2 0 7 6031 8532 6034
14955 2 2 0 7 7659 8359 5829
14956 2 2 0 7 4091 8409 6154
14957 2 2 0 7 113 8487 1368
14958 2 2 0 7 1405 8487 114
14959 2 2 0 7 2320 8103 2367
14960 2 2 0 7 2579 6402 2573
14961 2 2 0 7 5707 9213 8434
14962 2 2 0 7 8434 9213 8433
14963 2 2 0 7 6503 8961 2848
14964 2 2 0 7 5037 8104 7427
14965 2 2 0 7 6434 9493 4155
14966 2 2 0 7 7088 9028 1375
14967 2 2 0 7 5782 8106 5725
14968 2 2 0 7 6102 8898 6200
14969 2 2 0 7 3522 7776 6216
14970 2 2 0 7 4548 6385 3495
14971 2 2 0 7 2998 5839 3002
14972 2 2 0 7 6638 9063 3292
14973 2 2 0 7 6960 8497 5361
14974 2 2 0 7 72 8101 7828
14975 2 2 0 7 7968 9171 5726
14976 2 2 0 7 8294 8594 2361
14977 2 2 0 7 7805 8795 1420
14978 2 2 0 7 8122 9380 385
14979 2 2 0 7 6154 8409 6152
14980 2 2 0 7 8887 9538 6028
14981 2 2 0 7 2833 8097 7855
14982 2 2 0 7 187 8897 8003
14983 2 2 0 7 6189 9371 8265
14984 2 2 0 7 6194 8380 8379
14985 2 2 0 7 6230 9162 5104
14986 2 2 0 7 8260 9376 5554
14987 2 2 0 7 8104 8123 7427
14988 2 2 0 7 2185 9448 8175
14989 2 2 0 7 6383 8514 5346
14990 2 2 0 7 5348 8514 6342
14991 2 2 0 7 176 8442 7823
14992 2 2 0 7 1384 8442 177
14993 2 2 0 7 150 8149 149
14994 2 2 0 7 3676 9161 6360
14995 2 2 0 7 3332 8350 8349
14996 2 2 0 7 6945 8360 6946
14997 2 2 0 7 8019 8994 2777
14998 2 2 0 7 1365 8112 151
14999 2 2 0 7 5835 7967 7966
15000 2 2 0 7 8364 8365 5682
15001 2 2 0 7 5104 9162 8268
15002 2 2 0 7 4554 5150 5149
15003 2 2 0 7 7905 9291 9138
15004 2 2 0 7 8096 8496 6224
15005 2 2 0 7 2477 9227 2475
15006 2 2 0 7 190 8111 189
15007 2 2 0 7 217 8459 1347
15008 2 2 0 7 1428 8459 218
15009 2 2 0 7 2518 7854 7853
15010 2 2 0 7 1403 8983 6893
15011 2 2 0 7 6655 6656 3054
15012 2 2 0 7 3482 8551 3479
15013 2 2 0 7 5302 9250 5304
15014 2 2 0 7 3095 8326 3093
15015 2 2 0 7 3021 8531 2359
15016 2 2 0 7 2363 8531 2372
15017 2 2 0 7 1719 8864 7775
15018 2 2 0 7 7099 8539 7291
15019 2 2 0 7 7472 8539 7100
15020 2 2 0 7 7427 8123 6927
15021 2 2 0 7 7976 8779 2906
15022 2 2 0 7 8346 8937 6565
15023 2 2 0 7 6365 9280 9017
15024 2 2 0 7 4511 7779 6264
15025 2 2 0 7 7720 8552 6822
15026 2 2 0 7 7132 8552 4298
15027 2 2 0 7 2110 8904 7323
15028 2 2 0 7 8862 9193 4436
15029 2 2 0 7 6301 9402 8743
15030 2 2 0 7 3308 8554 3611
15031 2 2 0 7 111 8557 1404
15032 2 2 0 7 1368 8557 112
15033 2 2 0 7 6946 8559 7643
15034 2 2 0 7 6358 8559 6561
15035 2 2 0 7 5797 8163 8032
15036 2 2 0 7 2744 8267 6578
15037 2 2 0 7 6893 9006 1403
15038 2 2 0 7 7738 8671 3204
15039 2 2 0 7 1566 8239 4168
15040 2 2 0 7 4535 8742 5148
15041 2 2 0 7 6518 9526 5134
15042 2 2 0 7 7323 8918 2110
15043 2 2 0 7 6171 8529 2416
15044 2 2 0 7 6925 8126 6928
15045 2 2 0 7 7019 8361 5058
15046 2 2 0 7 2892 6719 2895
15047 2 2 0 7 7395 9031 7969
15048 2 2 0 7 6767 9013 3772
15049 2 2 0 7 5563 5565 5561
15050 2 2 0 7 5091 8339 6253
15051 2 2 0 7 8182 9170 7220
15052 2 2 0 7 7956 8886 6364
15053 2 2 0 7 7905 8299 4098
15054 2 2 0 7 2981 9257 7686
15055 2 2 0 7 5475 9119 6676
15056 2 2 0 7 1355 8496 54
15057 2 2 0 7 2539 8091 341
15058 2 2 0 7 3390 8012 2901
15059 2 2 0 7 6235 9307 6014
15060 2 2 0 7 2556 6412 2542
15061 2 2 0 7 3080 8449 4292
15062 2 2 0 7 2806 8852 4139
15063 2 2 0 7 8112 8162 6928
15064 2 2 0 7 3611 8129 3301
15065 2 2 0 7 6337 8130 7568
15066 2 2 0 7 5788 8591 1737
15067 2 2 0 7 5059 8146 5060
15068 2 2 0 7 3151 5111 3150
15069 2 2 0 7 8164 9387 6093
15070 2 2 0 7 7043 8988 7045
15071 2 2 0 7 7458 8646 1505
15072 2 2 0 7 8236 9181 5863
15073 2 2 0 7 5730 8648 5174
15074 2 2 0 7 5023 5024 4372
15075 2 2 0 7 2485 6259 5748
15076 2 2 0 7 5834 5835 4980
15077 2 2 0 7 5379 5381 4219
15078 2 2 0 7 5121 5647 4375
15079 2 2 0 7 5057 5986 5695
15080 2 2 0 7 2955 4956 4368
15081 2 2 0 7 5355 6252 4492
15082 2 2 0 7 5819 6222 5287
15083 2 2 0 7 5499 5983 4603
15084 2 2 0 7 4447 5930 3077
15085 2 2 0 7 2247 3676 3672
15086 2 2 0 7 3835 3836 3779
15087 2 2 0 7 5433 5903 4497
15088 2 2 0 7 3884 4519 4518
15089 2 2 0 7 4406 5969 5968
15090 2 2 0 7 5446 8919 4994
15091 2 2 0 7 5945 8809 5946
15092 2 2 0 7 5131 8657 6284
15093 2 2 0 7 173 8128 172
15094 2 2 0 7 4495 6245 5988
15095 2 2 0 7 2936 8157 6745
15096 2 2 0 7 5359 9074 8045
15097 2 2 0 7 7524 8660 4727
15098 2 2 0 7 4503 8660 5345
15099 2 2 0 7 6376 8759 5641
15100 2 2 0 7 6187 6807 3216
15101 2 2 0 7 3997 8609 6188
15102 2 2 0 7 4062 8137 3417
15103 2 2 0 7 4910 8525 6525
15104 2 2 0 7 4536 8138 3658
15105 2 2 0 7 7900 8109 5835
15106 2 2 0 7 6800 8002 3375
15107 2 2 0 7 2949 8077 3006
15108 2 2 0 7 366 8120 367
15109 2 2 0 7 3019 8077 2945
15110 2 2 0 7 5054 8201 5055
15111 2 2 0 7 384 8122 385
15112 2 2 0 7 5722 6430 5637
15113 2 2 0 7 5436 8081 4676
15114 2 2 0 7 6499 8625 5043
15115 2 2 0 7 7340 8696 7339
15116 2 2 0 7 7638 8696 7264
15117 2 2 0 7 5416 8697 7654
15118 2 2 0 7 7676 8697 5415
15119 2 2 0 7 8331 8931 5027
15120 2 2 0 7 6204 8140 4993
15121 2 2 0 7 5573 8142 4222
15122 2 2 0 7 4035 8143 5533
15123 2 2 0 7 3033 8310 7995
15124 2 2 0 7 6443 9231 5801
15125 2 2 0 7 6570 6686 2953
15126 2 2 0 7 7180 8704 7181
15127 2 2 0 7 3518 9112 6435
15128 2 2 0 7 3988 6543 3989
15129 2 2 0 7 8118 9465 6183
15130 2 2 0 7 5875 8752 7997
15131 2 2 0 7 5700 8691 8690
15132 2 2 0 7 3950 7983 6582
15133 2 2 0 7 8345 8960 6606
15134 2 2 0 7 5510 8135 5017
15135 2 2 0 7 6223 9495 8441
15136 2 2 0 7 5619 8139 5036
15137 2 2 0 7 7006 9535 7013
15138 2 2 0 7 4006 9447 4458
15139 2 2 0 7 3781 9364 4949
15140 2 2 0 7 5199 8715 7470
15141 2 2 0 7 6586 8715 5201
15142 2 2 0 7 8245 9298 5896
15143 2 2 0 7 4974 8147 7711
15144 2 2 0 7 2596 8766 5816
15145 2 2 0 7 5691 9118 5694
15146 2 2 0 7 2977 8794 3010
15147 2 2 0 7 3963 9051 4111
15148 2 2 0 7 68 8613 1383
15149 2 2 0 7 2335 8729 2398
15150 2 2 0 7 8608 9510 6273
15151 2 2 0 7 5878 8382 5024
15152 2 2 0 7 1365 8194 8162
15153 2 2 0 7 7318 8733 7524
15154 2 2 0 7 416 9444 6450
15155 2 2 0 7 4395 9022 4494
15156 2 2 0 7 8093 8789 5623
15157 2 2 0 7 1387 8632 193
15158 2 2 0 7 192 8632 7811
15159 2 2 0 7 1427 8633 40
15160 2 2 0 7 4630 6397 4418
15161 2 2 0 7 5322 8266 6730
15162 2 2 0 7 6730 8266 2878
15163 2 2 0 7 2180 9216 6374
15164 2 2 0 7 8248 8814 6680
15165 2 2 0 7 1358 8645 202
15166 2 2 0 7 7680 8780 4220
15167 2 2 0 7 5371 8969 6231
15168 2 2 0 7 5290 8467 6417
15169 2 2 0 7 2906 8779 2993
15170 2 2 0 7 5027 8119 3636
15171 2 2 0 7 4344 7954 6235
15172 2 2 0 7 2178 8861 3247
15173 2 2 0 7 3643 8753 3274
15174 2 2 0 7 2214 8406 3348
15175 2 2 0 7 4934 9501 7982
15176 2 2 0 7 8271 8639 5508
15177 2 2 0 7 2489 8118 7903
15178 2 2 0 7 7225 8194 1365
15179 2 2 0 7 5478 8764 4387
15180 2 2 0 7 4143 8127 7892
15181 2 2 0 7 7892 8127 5076
15182 2 2 0 7 4497 5903 4412
15183 2 2 0 7 3077 5930 2769
15184 2 2 0 7 4603 5983 4030
15185 2 2 0 7 4407 5969 4406
15186 2 2 0 7 4492 6252 4068
15187 2 2 0 7 2325 9289 2327
15188 2 2 0 7 3561 6800 3375
15189 2 2 0 7 231 8136 232
15190 2 2 0 7 3864 8159 4236
15191 2 2 0 7 6222 7792 5287
15192 2 2 0 7 7079 8767 6866
15193 2 2 0 7 1418 9414 8079
15194 2 2 0 7 5513 8934 6854
15195 2 2 0 7 7884 8350 3332
15196 2 2 0 7 5395 8768 7595
15197 2 2 0 7 5293 9261 6524
15198 2 2 0 7 5684 8613 7962
15199 2 2 0 7 8407 9449 8130
15200 2 2 0 7 3639 8090 4564
15201 2 2 0 7 3857 8413 5105
15202 2 2 0 7 4071 6245 4495
15203 2 2 0 7 4511 8273 7779
15204 2 2 0 7 5307 8431 5305
15205 2 2 0 7 6233 6711 4234
15206 2 2 0 7 215 8672 1414
15207 2 2 0 7 1347 8672 216
15208 2 2 0 7 5308 8460 5309
15209 2 2 0 7 6572 6573 5739
15210 2 2 0 7 4958 8171 8084
15211 2 2 0 7 5355 8878 6252
15212 2 2 0 7 7942 8633 5734
15213 2 2 0 7 5464 8797 8125
15214 2 2 0 7 7791 8760 4885
15215 2 2 0 7 6246 8521 5008
15216 2 2 0 7 6034 7874 6035
15217 2 2 0 7 8027 9522 6319
15218 2 2 0 7 6923 8162 6922
15219 2 2 0 7 5780 8785 5781
15220 2 2 0 7 2490 9103 7788
15221 2 2 0 7 8538 9547 8537
15222 2 2 0 7 5453 8932 5452
15223 2 2 0 7 7263 8793 7262
15224 2 2 0 7 5405 8462 5685
15225 2 2 0 7 4164 9526 8926
15226 2 2 0 7 6248 9148 5690
15227 2 2 0 7 5138 8795 7032
15228 2 2 0 7 7225 8207 8194
15229 2 2 0 7 8571 9250 6294
15230 2 2 0 7 6058 8342 6060
15231 2 2 0 7 6344 8272 5474
15232 2 2 0 7 8392 9532 6229
15233 2 2 0 7 5529 6578 6577
15234 2 2 0 7 7985 8899 7840
15235 2 2 0 7 5537 8806 5534
15236 2 2 0 7 8344 8641 7774
15237 2 2 0 7 7928 8867 5463
15238 2 2 0 7 1425 8710 26
15239 2 2 0 7 25 8710 1375
15240 2 2 0 7 4276 8947 4163
15241 2 2 0 7 5444 8813 5327
15242 2 2 0 7 2704 9514 2712
15243 2 2 0 7 5904 9152 5903
15244 2 2 0 7 7502 8817 5733
15245 2 2 0 7 2478 6259 2485
15246 2 2 0 7 1370 9045 6895
15247 2 2 0 7 2900 8388 2898
15248 2 2 0 7 6438 9411 360
15249 2 2 0 7 2834 8821 2857
15250 2 2 0 7 7746 8821 2830
15251 2 2 0 7 6291 8351 2258
15252 2 2 0 7 7234 8168 7226
15253 2 2 0 7 1397 8722 174
15254 2 2 0 7 1472 8827 1474
15255 2 2 0 7 2138 8827 1475
15256 2 2 0 7 6571 8284 2598
15257 2 2 0 7 8162 8194 6922
15258 2 2 0 7 7187 9248 5353
15259 2 2 0 7 5556 8718 8717
15260 2 2 0 7 6627 9468 8102
15261 2 2 0 7 6895 9078 1370
15262 2 2 0 7 1410 8149 8126
15263 2 2 0 7 4941 8170 6803
15264 2 2 0 7 4505 9278 7680
15265 2 2 0 7 360 9411 8540
15266 2 2 0 7 49 8730 1360
15267 2 2 0 7 7814 8730 50
15268 2 2 0 7 7840 8899 6102
15269 2 2 0 7 7862 7863 5176
15270 2 2 0 7 1411 8207 7225
15271 2 2 0 7 6460 6461 1599
15272 2 2 0 7 7359 8172 5225
15273 2 2 0 7 6311 8637 4516
15274 2 2 0 7 5377 6577 6364
15275 2 2 0 7 1346 8734 59
15276 2 2 0 7 58 8734 1415
15277 2 2 0 7 1399 8838 105
15278 2 2 0 7 2631 6234 4566
15279 2 2 0 7 4567 5929 3946
15280 2 2 0 7 4465 5910 4509
15281 2 2 0 7 8322 9549 3665
15282 2 2 0 7 3899 6237 5080
15283 2 2 0 7 2156 5926 2158
15284 2 2 0 7 3642 8578 4270
15285 2 2 0 7 2492 8163 6110
15286 2 2 0 7 140 8176 139
15287 2 2 0 7 8176 8178 139
15288 2 2 0 7 139 8178 138
15289 2 2 0 7 137 8177 136
15290 2 2 0 7 8177 8180 136
15291 2 2 0 7 136 8180 135
15292 2 2 0 7 5123 8181 5122
15293 2 2 0 7 7650 8179 6900
15294 2 2 0 7 7269 8182 7658
15295 2 2 0 7 132 8183 131
15296 2 2 0 7 6880 8184 5125
15297 2 2 0 7 130 8185 129
15298 2 2 0 7 4976 8187 4978
15299 2 2 0 7 5848 8186 5756
15300 2 2 0 7 125 8189 124
15301 2 2 0 7 5328 8188 7541
15302 2 2 0 7 5559 8741 6605
15303 2 2 0 7 3867 9544 3576
15304 2 2 0 7 3920 9543 3917
15305 2 2 0 7 2414 8164 6093
15306 2 2 0 7 5965 9279 5465
15307 2 2 0 7 2213 9528 2209
15308 2 2 0 7 7243 8358 8011
15309 2 2 0 7 1626 8854 6848
15310 2 2 0 7 8175 9448 5689
15311 2 2 0 7 7057 8857 7060
15312 2 2 0 7 5414 8418 5406
15313 2 2 0 7 2932 6473 3251
15314 2 2 0 7 2521 8251 5160
15315 2 2 0 7 6261 8859 6118
15316 2 2 0 7 5430 9465 8118
15317 2 2 0 7 8821 9331 5145
15318 2 2 0 7 4089 9088 4099
15319 2 2 0 7 5729 9100 8064
15320 2 2 0 7 6922 8194 4988
15321 2 2 0 7 4045 6485 4048
15322 2 2 0 7 3834 8667 5854
15323 2 2 0 7 7870 9513 2787
15324 2 2 0 7 103 8872 1364
15325 2 2 0 7 1388 8758 45
15326 2 2 0 7 8883 9444 416
15327 2 2 0 7 1630 8875 6948
15328 2 2 0 7 5982 9169 5147
15329 2 2 0 7 9133 9424 4420
15330 2 2 0 7 401 8160 402
15331 2 2 0 7 1426 8765 31
15332 2 2 0 7 4031 9491 8522
15333 2 2 0 7 2407 8702 6144
15334 2 2 0 7 4568 6509 3840
15335 2 2 0 7 5678 9395 6639
15336 2 2 0 7 2581 8677 2671
15337 2 2 0 7 4547 8406 6282
15338 2 2 0 7 6451 9080 5790
15339 2 2 0 7 3149 7927 2979
15340 2 2 0 7 8064 8963 5114
15341 2 2 0 7 2799 8285 2849
15342 2 2 0 7 2886 8285 2794
15343 2 2 0 7 5061 9051 3965
15344 2 2 0 7 6806 8904 1682
15345 2 2 0 7 4799 8199 7397
15346 2 2 0 7 1688 8904 2110
15347 2 2 0 7 7110 8907 6533
15348 2 2 0 7 6634 8907 7535
15349 2 2 0 7 2976 8520 2759
15350 2 2 0 7 7193 8957 7845
15351 2 2 0 7 6250 9235 3873
15352 2 2 0 7 7061 8911 7058
15353 2 2 0 7 5580 8911 7564
15354 2 2 0 7 3006 6493 3007
15355 2 2 0 7 8194 8207 4988
15356 2 2 0 7 7027 8525 4910
15357 2 2 0 7 5043 8395 6499
15358 2 2 0 7 7322 8918 7323
15359 2 2 0 7 5809 6558 4920
15360 2 2 0 7 8362 8363 7918
15361 2 2 0 7 4493 9295 4492
15362 2 2 0 7 5522 8440 5556
15363 2 2 0 7 2699 7708 6442
15364 2 2 0 7 8006 9149 6627
15365 2 2 0 7 3779 8812 3778
15366 2 2 0 7 4218 7911 5380
15367 2 2 0 7 6666 8274 6691
15368 2 2 0 7 2279 9503 6651
15369 2 2 0 7 4585 8398 2959
15370 2 2 0 7 2564 6382 2656
15371 2 2 0 7 8006 8978 2604
15372 2 2 0 7 4891 8778 6648
15373 2 2 0 7 5413 8925 6389
15374 2 2 0 7 1364 8928 102
15375 2 2 0 7 8542 9326 5514
15376 2 2 0 7 4438 8934 5513
15377 2 2 0 7 8039 9386 5880
15378 2 2 0 7 1382 8832 7045
15379 2 2 0 7 1727 1729 1728
15380 2 2 0 7 1596 1598 1597
15381 2 2 0 7 5456 6479 5455
15382 2 2 0 7 8803 8917 6146
15383 2 2 0 7 7941 9087 3339
15384 2 2 0 7 5374 9532 5663
15385 2 2 0 7 4883 8205 4012
15386 2 2 0 7 2140 8951 1466
15387 2 2 0 7 1464 8951 1481
15388 2 2 0 7 6334 9379 4692
15389 2 2 0 7 6640 8206 5208
15390 2 2 0 7 5483 8711 5485
15391 2 2 0 7 4988 8207 5089
15392 2 2 0 7 2529 8209 2523
15393 2 2 0 7 7845 8957 5710
15394 2 2 0 7 100 8958 1403
15395 2 2 0 7 6563 9236 6120
15396 2 2 0 7 8101 8628 7828
15397 2 2 0 7 2469 9086 2493
15398 2 2 0 7 2943 8333 3019
15399 2 2 0 7 1420 8839 179
15400 2 2 0 7 178 8839 1384
15401 2 2 0 7 4815 8962 4935
15402 2 2 0 7 7980 8372 6465
15403 2 2 0 7 5659 6504 4141
15404 2 2 0 7 7739 9083 2968
15405 2 2 0 7 7969 9031 5767
15406 2 2 0 7 8926 9526 7745
15407 2 2 0 7 2366 9021 8430
15408 2 2 0 7 1991 8966 2077
15409 2 2 0 7 1634 8985 7278
15410 2 2 0 7 8422 8424 8423
15411 2 2 0 7 5578 8975 6555
15412 2 2 0 7 123 9068 2
15413 2 2 0 7 74 9066 3
15414 2 2 0 7 1 9067 122
15415 2 2 0 7 7711 8965 5620
15416 2 2 0 7 3617 7960 4480
15417 2 2 0 7 3 9066 230
15418 2 2 0 7 2 9068 73
15419 2 2 0 7 15 9067 1
15420 2 2 0 7 3143 8211 3563
15421 2 2 0 7 8307 8308 5429
15422 2 2 0 7 6893 8983 6892
15423 2 2 0 7 5504 8983 5796
15424 2 2 0 7 7844 8977 5794
15425 2 2 0 7 7885 8834 5857
15426 2 2 0 7 7232 8212 7231
15427 2 2 0 7 8669 9513 6236
15428 2 2 0 7 3913 8990 3911
15429 2 2 0 7 6857 8991 5501
15430 2 2 0 7 1785 8992 1787
15431 2 2 0 7 18 8870 1395
15432 2 2 0 7 7815 8870 19
15433 2 2 0 7 2254 8986 2442
15434 2 2 0 7 7666 8996 6989
15435 2 2 0 7 7829 8404 2684
15436 2 2 0 7 5656 8724 5885
15437 2 2 0 7 194 8879 1387
15438 2 2 0 7 98 9006 1370
15439 2 2 0 7 1403 9006 99
15440 2 2 0 7 1419 8880 209
15441 2 2 0 7 208 8880 1373
15442 2 2 0 7 2466 9405 7932
15443 2 2 0 7 6635 8293 5632
15444 2 2 0 7 5812 8216 5194
15445 2 2 0 7 7360 9015 5579
15446 2 2 0 7 5708 9015 4446
15447 2 2 0 7 6627 8102 8006
15448 2 2 0 7 4674 8971 5435
15449 2 2 0 7 7632 9020 5652
15450 2 2 0 7 2345 9021 2366
15451 2 2 0 7 3156 9021 2343
15452 2 2 0 7 5152 9004 8276
15453 2 2 0 7 1421 8897 188
15454 2 2 0 7 4693 8210 7837
15455 2 2 0 7 4673 6664 4670
15456 2 2 0 7 8003 8897 6487
15457 2 2 0 7 3139 8237 3141
15458 2 2 0 7 2650 8220 3624
15459 2 2 0 7 2168 8221 2955
15460 2 2 0 7 6895 9045 6894
15461 2 2 0 7 6891 9045 6893
15462 2 2 0 7 2714 8222 3147
15463 2 2 0 7 211 8214 210
15464 2 2 0 7 3986 6629 6628
15465 2 2 0 7 4655 6510 4882
15466 2 2 0 7 4095 9112 3518
15467 2 2 0 7 2197 8014 6539
15468 2 2 0 7 8026 9109 5013
15469 2 2 0 7 7232 8255 8211
15470 2 2 0 7 1456 9063 1556
15471 2 2 0 7 3292 9063 1458
15472 2 2 0 7 7639 9065 1997
15473 2 2 0 7 5171 8430 6678
15474 2 2 0 7 2369 9071 2331
15475 2 2 0 7 5811 8295 8045
15476 2 2 0 7 4956 9334 6529
15477 2 2 0 7 1433 9067 6907
15478 2 2 0 7 96 9078 1402
15479 2 2 0 7 1370 9078 97
15480 2 2 0 7 8156 8598 3512
15481 2 2 0 7 5851 8531 3021
15482 2 2 0 7 5766 9084 7588
15483 2 2 0 7 5479 9540 5478
15484 2 2 0 7 2822 9094 7746
15485 2 2 0 7 3519 9523 3764
15486 2 2 0 7 5709 9097 6638
15487 2 2 0 7 3217 9094 2820
15488 2 2 0 7 2641 9548 2658
15489 2 2 0 7 2587 9110 2719
15490 2 2 0 7 8056 9325 6300
15491 2 2 0 7 1395 8771 17
15492 2 2 0 7 5437 8698 8510
15493 2 2 0 7 5068 8495 7079
15494 2 2 0 7 127 9128 126
15495 2 2 0 7 1407 9127 7219
15496 2 2 0 7 128 9129 127
15497 2 2 0 7 3116 8515 3114
15498 2 2 0 7 7914 9225 4040
15499 2 2 0 7 2641 8017 2660
15500 2 2 0 7 8137 8480 3647
15501 2 2 0 7 2337 8536 2339
15502 2 2 0 7 5514 9326 6210
15503 2 2 0 7 7259 9153 7258
15504 2 2 0 7 2981 8333 2941
15505 2 2 0 7 7189 9302 7188
15506 2 2 0 7 5985 8706 4536
15507 2 2 0 7 3312 8375 4460
15508 2 2 0 7 6217 9486 8083
15509 2 2 0 7 4668 8373 4223
15510 2 2 0 7 6461 8113 1599
15511 2 2 0 7 5489 9183 8439
15512 2 2 0 7 2294 8374 2293
15513 2 2 0 7 5463 6752 4120
15514 2 2 0 7 5464 8125 3555
15515 2 2 0 7 2601 9208 2592
15516 2 2 0 7 3811 9209 4400
15517 2 2 0 7 1744 9220 1846
15518 2 2 0 7 1791 9229 1734
15519 2 2 0 7 6193 9323 9109
15520 2 2 0 7 7024 9231 1770
15521 2 2 0 7 5935 8242 5934
15522 2 2 0 7 5353 9248 7651
15523 2 2 0 7 7185 9382 7183
15524 2 2 0 7 2756 7842 2754
15525 2 2 0 7 3952 8784 3954
15526 2 2 0 7 7555 9368 7662
15527 2 2 0 7 2077 8966 7876
15528 2 2 0 7 6754 9227 3665
15529 2 2 0 7 4494 9352 3792
15530 2 2 0 7 1501 9351 1498
15531 2 2 0 7 7188 9302 3029
15532 2 2 0 7 1726 9314 1723
15533 2 2 0 7 2199 9116 8302
15534 2 2 0 7 2440 9296 2431
15535 2 2 0 7 7438 9404 8596
15536 2 2 0 7 7112 7913 5544
15537 2 2 0 7 6408 8170 4941
15538 2 2 0 7 3554 9254 6243
15539 2 2 0 7 1424 8521 7824
15540 2 2 0 7 2252 8787 6676
15541 2 2 0 7 5909 8553 8268
15542 2 2 0 7 3021 9348 5851
15543 2 2 0 7 283 8213 284
15544 2 2 0 7 6649 9158 2252
15545 2 2 0 7 3837 6306 4028
15546 2 2 0 7 2565 6250 3873
15547 2 2 0 7 3536 8968 4705
15548 2 2 0 7 5860 8873 5859
15549 2 2 0 7 2292 8413 2295
15550 2 2 0 7 5336 9098 6409
15551 2 2 0 7 6586 8879 195
15552 2 2 0 7 5890 8801 6584
15553 2 2 0 7 6257 8798 6082
15554 2 2 0 7 5013 9323 8708
15555 2 2 0 7 2665 9300 2917
15556 2 2 0 7 1415 8775 57
15557 2 2 0 7 8439 9183 8438
15558 2 2 0 7 7396 8233 4796
15559 2 2 0 7 2427 9296 4278
15560 2 2 0 7 3168 8455 4296
15561 2 2 0 7 6596 9502 5868
15562 2 2 0 7 6680 8814 4949
15563 2 2 0 7 6441 9537 2917
15564 2 2 0 7 23 9028 1424
15565 2 2 0 7 1375 9028 24
15566 2 2 0 7 1568 8239 1566
15567 2 2 0 7 3217 8974 5681
15568 2 2 0 7 228 9040 1394
15569 2 2 0 7 2483 8039 2716
15570 2 2 0 7 7841 8954 4699
15571 2 2 0 7 5914 8573 4527
15572 2 2 0 7 364 8223 365
15573 2 2 0 7 205 9234 204
15574 2 2 0 7 2907 7976 2906
15575 2 2 0 7 6674 6719 2639
15576 2 2 0 7 1510 8235 1509
15577 2 2 0 7 6531 9415 8280
15578 2 2 0 7 5165 9044 5162
15579 2 2 0 7 6684 9121 1693
15580 2 2 0 7 7321 8367 5730
15581 2 2 0 7 213 9325 212
15582 2 2 0 7 8803 9354 8917
15583 2 2 0 7 2787 9513 8669
15584 2 2 0 7 6214 8259 6588
15585 2 2 0 7 3013 8236 2910
15586 2 2 0 7 5038 8811 8353
15587 2 2 0 7 5281 6656 6655
15588 2 2 0 7 2539 9483 6307
15589 2 2 0 7 5746 9337 5745
15590 2 2 0 7 3973 9519 4156
15591 2 2 0 7 4622 8694 6521
15592 2 2 0 7 5460 8851 7886
15593 2 2 0 7 6463 8313 5787
15594 2 2 0 7 8212 8237 3546
15595 2 2 0 7 3471 8465 8419
15596 2 2 0 7 7220 9170 1369
15597 2 2 0 7 6418 9007 8869
15598 2 2 0 7 5645 9277 5644
15599 2 2 0 7 4247 9478 5018
15600 2 2 0 7 6093 9387 9284
15601 2 2 0 7 3588 7988 7908
15602 2 2 0 7 8102 8978 8006
15603 2 2 0 7 4590 9171 3945
15604 2 2 0 7 6247 8461 6246
15605 2 2 0 7 2315 8244 2374
15606 2 2 0 7 1646 8246 1643
15607 2 2 0 7 7821 8508 1388
15608 2 2 0 7 6041 9391 6040
15609 2 2 0 7 7547 8247 7229
15610 2 2 0 7 9017 9280 4171
15611 2 2 0 7 2625 8248 2628
15612 2 2 0 7 4083 9395 5678
15613 2 2 0 7 6720 9493 5627
15614 2 2 0 7 2910 8849 2909
15615 2 2 0 7 6284 8367 7321
15616 2 2 0 7 2525 9390 8392
15617 2 2 0 7 7930 8200 5569
15618 2 2 0 7 7919 9381 3217
15619 2 2 0 7 6580 8823 3333
15620 2 2 0 7 4399 8862 8629
15621 2 2 0 7 1366 8250 161
15622 2 2 0 7 6368 9188 5524
15623 2 2 0 7 290 8231 291
15624 2 2 0 7 5627 8693 6720
15625 2 2 0 7 8144 8252 5630
15626 2 2 0 7 30 8765 6561
15627 2 2 0 7 7233 8255 7230
15628 2 2 0 7 6524 9218 6427
15629 2 2 0 7 5344 8571 8570
15630 2 2 0 7 2530 9455 8213
15631 2 2 0 7 6669 8281 5358
15632 2 2 0 7 6863 8875 7278
15633 2 2 0 7 7012 9151 8056
15634 2 2 0 7 5816 9258 4489
15635 2 2 0 7 5173 9281 5986
15636 2 2 0 7 8507 9053 5712
15637 2 2 0 7 2526 9337 8896
15638 2 2 0 7 5607 8465 8464
15639 2 2 0 7 4 9096 171
15640 2 2 0 7 2286 9383 8526
15641 2 2 0 7 4616 6795 6249
15642 2 2 0 7 4111 8316 3961
15643 2 2 0 7 8085 9434 2576
15644 2 2 0 7 1787 8992 7925
15645 2 2 0 7 5010 8090 4013
15646 2 2 0 7 6464 8313 6463
15647 2 2 0 7 5714 6729 2399
15648 2 2 0 7 3663 6798 5516
15649 2 2 0 7 5518 7683 3049
15650 2 2 0 7 6705 7701 4430
15651 2 2 0 7 3051 7703 6386
15652 2 2 0 7 5519 7728 3513
15653 2 2 0 7 5850 7753 3770
15654 2 2 0 7 172 9096 4
15655 2 2 0 7 5542 8475 4100
15656 2 2 0 7 8463 8474 5403
15657 2 2 0 7 6313 7926 5204
15658 2 2 0 7 2181 8976 8530
15659 2 2 0 7 5555 9057 8253
15660 2 2 0 7 7810 8497 1429
15661 2 2 0 7 5792 9197 6520
15662 2 2 0 7 6170 8470 2410
15663 2 2 0 7 5565 9254 6339
15664 2 2 0 7 6977 8920 7811
15665 2 2 0 7 1376 8429 7826
15666 2 2 0 7 8318 9072 5963
15667 2 2 0 7 4296 8455 4641
15668 2 2 0 7 4063 8472 2496
15669 2 2 0 7 2626 8876 8814
15670 2 2 0 7 5403 8474 5400
15671 2 2 0 7 2911 6283 2153
15672 2 2 0 7 8731 9239 9102
15673 2 2 0 7 204 8831 203
15674 2 2 0 7 7461 9276 5932
15675 2 2 0 7 4100 8475 3583
15676 2 2 0 7 48 8258 47
15677 2 2 0 7 8250 8300 5628
15678 2 2 0 7 4982 9111 6667
15679 2 2 0 7 5030 8261 5628
15680 2 2 0 7 8381 8432 5203
15681 2 2 0 7 6740 8428 5950
15682 2 2 0 7 4233 7944 3525
15683 2 2 0 7 6502 9498 6501
15684 2 2 0 7 2832 8881 7890
15685 2 2 0 7 4634 9481 9475
15686 2 2 0 7 2613 8225 5995
15687 2 2 0 7 160 8288 159
15688 2 2 0 7 7839 8477 2171
15689 2 2 0 7 5509 8940 7889
15690 2 2 0 7 5922 9442 5921
15691 2 2 0 7 4678 9502 6596
15692 2 2 0 7 1572 8456 8152
15693 2 2 0 7 6142 8819 8215
15694 2 2 0 7 5738 6572 5739
15695 2 2 0 7 1715 1868 1717
15696 2 2 0 7 7775 8864 6642
15697 2 2 0 7 5942 8860 5940
15698 2 2 0 7 4515 8533 5028
15699 2 2 0 7 4882 9230 5769
15700 2 2 0 7 6403 7758 4945
15701 2 2 0 7 7628 9347 7627
15702 2 2 0 7 1501 9154 6479
15703 2 2 0 7 6319 9522 6318
15704 2 2 0 7 4949 9364 8099
15705 2 2 0 7 8008 8712 5673
15706 2 2 0 7 3374 8712 8008
15707 2 2 0 7 6162 8778 8341
15708 2 2 0 7 2398 8538 8537
15709 2 2 0 7 9090 9442 2376
15710 2 2 0 7 8175 8953 5856
15711 2 2 0 7 4895 8271 5508
15712 2 2 0 7 6337 8407 8130
15713 2 2 0 7 6063 9487 6064
15714 2 2 0 7 2241 9237 6706
15715 2 2 0 7 5803 9334 4373
15716 2 2 0 7 3504 8190 3163
15717 2 2 0 7 5008 8521 7089
15718 2 2 0 7 2851 9521 2844
15719 2 2 0 7 2842 9024 2831
15720 2 2 0 7 6283 9529 5883
15721 2 2 0 7 6795 9378 4702
15722 2 2 0 7 3985 9036 3988
15723 2 2 0 7 2594 8274 8206
15724 2 2 0 7 8949 8950 2401
15725 2 2 0 7 2947 9518 7716
15726 2 2 0 7 7654 8758 7653
15727 2 2 0 7 7779 8273 5525
15728 2 2 0 7 2301 7913 7112
15729 2 2 0 7 6251 8569 4905
15730 2 2 0 7 7915 8412 7914
15731 2 2 0 7 7941 8967 5107
15732 2 2 0 7 5657 9069 8296
15733 2 2 0 7 3949 8324 3930
15734 2 2 0 7 6368 9318 6168
15735 2 2 0 7 6387 9389 6546
15736 2 2 0 7 4139 8852 6381
15737 2 2 0 7 4969 8354 6597
15738 2 2 0 7 8398 8457 5557
15739 2 2 0 7 6202 9490 5819
15740 2 2 0 7 5529 6577 5377
15741 2 2 0 7 3593 8651 8011
15742 2 2 0 7 8011 8651 7244
15743 2 2 0 7 1654 8036 1652
15744 2 2 0 7 3651 9033 3846
15745 2 2 0 7 4017 9032 3885
15746 2 2 0 7 5152 8276 3883
15747 2 2 0 7 3282 3593 3376
15748 2 2 0 7 1592 8113 2106
15749 2 2 0 7 7627 9347 6270
15750 2 2 0 7 4646 8638 8242
15751 2 2 0 7 3497 8755 3496
15752 2 2 0 7 6079 8446 2797
15753 2 2 0 7 2416 9459 6191
15754 2 2 0 7 9087 9211 5869
15755 2 2 0 7 3960 9319 4011
15756 2 2 0 7 3562 4291 3790
15757 2 2 0 7 1725 1727 1726
15758 2 2 0 7 4534 5884 5883
15759 2 2 0 7 4390 8115 6838
15760 2 2 0 7 4351 8116 6862
15761 2 2 0 7 5494 5495 5094
15762 2 2 0 7 6862 6863 4390
15763 2 2 0 7 6838 6839 4429
15764 2 2 0 7 4457 5665 4941
15765 2 2 0 7 1594 1596 1595
15766 2 2 0 7 1592 2106 1594
15767 2 2 0 7 4394 4554 4395
15768 2 2 0 7 7775 8117 1725
15769 2 2 0 7 3639 4564 3791
15770 2 2 0 7 4550 5455 4545
15771 2 2 0 7 6595 9271 6391
15772 2 2 0 7 279 8896 8501
15773 2 2 0 7 7309 8278 4758
15774 2 2 0 7 5858 5860 5859
15775 2 2 0 7 4545 5010 4013
15776 2 2 0 7 5013 8708 6619
15777 2 2 0 7 7973 8970 6636
15778 2 2 0 7 3204 9340 3183
15779 2 2 0 7 7856 9288 2613
15780 2 2 0 7 6159 9287 2273
15781 2 2 0 7 5650 9107 4498
15782 2 2 0 7 1791 9245 6512
15783 2 2 0 7 3790 8121 4534
15784 2 2 0 7 5689 9425 8175
15785 2 2 0 7 8305 8493 5820
15786 2 2 0 7 5720 8028 6301
15787 2 2 0 7 6218 8317 6217
15788 2 2 0 7 2557 8020 2673
15789 2 2 0 7 6227 8401 5484
15790 2 2 0 7 5661 8336 5098
15791 2 2 0 7 6144 9275 6089
15792 2 2 0 7 7902 8221 6625
15793 2 2 0 7 6648 8837 4891
15794 2 2 0 7 3764 9523 7999
15795 2 2 0 7 8463 8464 3467
15796 2 2 0 7 8416 8625 6055
15797 2 2 0 7 4032 6596 3675
15798 2 2 0 7 2465 9048 7748
15799 2 2 0 7 4158 9330 2674
15800 2 2 0 7 3105 8433 3103
15801 2 2 0 7 2321 6591 2323
15802 2 2 0 7 4510 9115 4181
15803 2 2 0 7 5414 8419 8418
15804 2 2 0 7 8223 9489 2795
15805 2 2 0 7 5591 7917 6325
15806 2 2 0 7 5845 8066 4625
15807 2 2 0 7 2191 8512 6472
15808 2 2 0 7 8522 8621 4031
15809 2 2 0 7 2534 8869 2567
15810 2 2 0 7 5898 9407 5588
15811 2 2 0 7 1366 8306 8300
15812 2 2 0 7 2972 8800 6567
15813 2 2 0 7 4631 7836 6244
15814 2 2 0 7 5555 8253 8165
15815 2 2 0 7 7991 8413 2290
15816 2 2 0 7 4161 8046 4165
15817 2 2 0 7 2186 8774 7839
15818 2 2 0 7 6234 9291 5906
15819 2 2 0 7 8553 9393 4117
15820 2 2 0 7 2917 9537 2663
15821 2 2 0 7 5732 8147 4974
15822 2 2 0 7 4427 9404 5583
15823 2 2 0 7 6476 9075 7992
15824 2 2 0 7 8139 9401 6475
15825 2 2 0 7 5182 8855 6402
15826 2 2 0 7 6045 9047 6029
15827 2 2 0 7 7236 8306 1366
15828 2 2 0 7 2743 8445 6644
15829 2 2 0 7 3195 6773 3193
15830 2 2 0 7 2811 8852 2807
15831 2 2 0 7 4518 8977 4525
15832 2 2 0 7 5552 9026 6675
15833 2 2 0 7 4064 8291 4551
15834 2 2 0 7 4255 8292 4038
15835 2 2 0 7 5421 9201 8035
15836 2 2 0 7 6525 9231 6443
15837 2 2 0 7 1412 8288 8261
15838 2 2 0 7 2849 8527 6610
15839 2 2 0 7 5586 9105 5850
15840 2 2 0 7 6802 9216 2180
15841 2 2 0 7 6271 9137 8333
15842 2 2 0 7 4281 8544 5645
15843 2 2 0 7 4553 5449 4653
15844 2 2 0 7 3793 7927 3149
15845 2 2 0 7 5300 5301 5299
15846 2 2 0 7 3341 3619 3342
15847 2 2 0 7 5539 6509 4568
15848 2 2 0 7 3338 3340 3337
15849 2 2 0 7 3313 3315 3314
15850 2 2 0 7 2158 5926 2161
15851 2 2 0 7 2728 2730 2729
15852 2 2 0 7 5180 5190 5181
15853 2 2 0 7 5549 6538 5548
15854 2 2 0 7 5080 6237 6132
15855 2 2 0 7 4089 4099 3583
15856 2 2 0 7 2173 2175 2174
15857 2 2 0 7 5841 7982 5462
15858 2 2 0 7 3208 3210 3209
15859 2 2 0 7 3088 3090 3089
15860 2 2 0 7 5401 5402 5400
15861 2 2 0 7 1580 1582 1581
15862 2 2 0 7 4509 5910 5553
15863 2 2 0 7 5293 6427 5292
15864 2 2 0 7 3406 3408 3407
15865 2 2 0 7 5865 5929 4567
15866 2 2 0 7 3222 3223 3221
15867 2 2 0 7 4566 6234 5906
15868 2 2 0 7 2497 2498 2496
15869 2 2 0 7 3835 3837 3836
15870 2 2 0 7 5425 5426 5371
15871 2 2 0 7 2872 2874 2873
15872 2 2 0 7 5342 5777 5311
15873 2 2 0 7 3168 3205 3169
15874 2 2 0 7 2295 8413 3857
15875 2 2 0 7 5952 5954 5953
15876 2 2 0 7 5407 5408 5406
15877 2 2 0 7 2177 9433 3419
15878 2 2 0 7 4175 4177 4176
15879 2 2 0 7 7937 9307 4992
15880 2 2 0 7 5594 8297 5592
15881 2 2 0 7 8273 8952 5916
15882 2 2 0 7 5050 8300 7544
15883 2 2 0 7 6748 6749 5032
15884 2 2 0 7 7236 8315 8306
15885 2 2 0 7 5932 9276 5933
15886 2 2 0 7 6729 9019 2303
15887 2 2 0 7 6267 8479 8466
15888 2 2 0 7 3110 9064 6755
15889 2 2 0 7 3966 8493 3983
15890 2 2 0 7 3668 7878 7877
15891 2 2 0 7 6597 8385 6617
15892 2 2 0 7 6743 9061 8549
15893 2 2 0 7 5612 9271 5613
15894 2 2 0 7 2439 9192 8124
15895 2 2 0 7 6480 6481 6243
15896 2 2 0 7 4373 8375 3312
15897 2 2 0 7 1385 8461 7815
15898 2 2 0 7 6772 8197 6773
15899 2 2 0 7 3016 8348 8334
15900 2 2 0 7 8334 8348 5661
15901 2 2 0 7 1365 8162 8112
15902 2 2 0 7 5474 8272 5792
15903 2 2 0 7 6365 9017 5978
15904 2 2 0 7 8286 8582 2357
15905 2 2 0 7 5195 9230 4524
15906 2 2 0 7 2550 9403 2709
15907 2 2 0 7 4189 8340 7911
15908 2 2 0 7 8300 8306 7544
15909 2 2 0 7 1413 8315 7236
15910 2 2 0 7 4280 8923 8469
15911 2 2 0 7 3337 3504 3163
15912 2 2 0 7 2778 3665 2718
15913 2 2 0 7 3557 5464 3555
15914 2 2 0 7 2903 2950 2561
15915 2 2 0 7 2744 9517 2649
15916 2 2 0 7 2474 2604 2569
15917 2 2 0 7 2726 2914 2728
15918 2 2 0 7 5127 6155 6154
15919 2 2 0 7 2989 4530 3088
15920 2 2 0 7 3564 4157 3566
15921 2 2 0 7 3460 3461 3458
15922 2 2 0 7 5363 5364 4345
15923 2 2 0 7 4493 5917 5373
15924 2 2 0 7 1578 1693 1580
15925 2 2 0 7 2194 2198 2192
15926 2 2 0 7 3404 3423 3406
15927 2 2 0 7 4604 4917 4916
15928 2 2 0 7 3221 3615 3058
15929 2 2 0 7 2852 2865 2861
15930 2 2 0 7 5045 6801 2634
15931 2 2 0 7 4421 5945 5944
15932 2 2 0 7 2935 2936 2764
15933 2 2 0 7 3120 3125 3122
15934 2 2 0 7 5371 6231 5369
15935 2 2 0 7 2870 2878 2872
15936 2 2 0 7 2201 6720 2203
15937 2 2 0 7 3499 3501 3291
15938 2 2 0 7 2659 9548 2660
15939 2 2 0 7 8727 9549 2971
15940 2 2 0 7 3307 7932 6281
15941 2 2 0 7 4261 8586 6497
15942 2 2 0 7 5835 8109 4980
15943 2 2 0 7 1716 9282 1737
15944 2 2 0 7 5946 5949 5948
15945 2 2 0 7 2327 9289 8556
15946 2 2 0 7 6764 9247 4990
15947 2 2 0 7 6066 8783 6070
15948 2 2 0 7 6157 8314 6526
15949 2 2 0 7 3665 9227 2718
15950 2 2 0 7 8365 9104 5682
15951 2 2 0 7 3222 8741 5559
15952 2 2 0 7 8160 9082 2788
15953 2 2 0 7 8231 9090 2376
15954 2 2 0 7 6754 8318 5962
15955 2 2 0 7 2795 9349 8120
15956 2 2 0 7 6545 8156 8155
15957 2 2 0 7 4085 8236 3013
15958 2 2 0 7 7544 8306 6974
15959 2 2 0 7 6573 9005 5739
15960 2 2 0 7 2552 8909 8020
15961 2 2 0 7 8020 8909 6279
15962 2 2 0 7 1413 8328 8315
15963 2 2 0 7 8505 8972 6637
15964 2 2 0 7 3419 6633 2179
15965 2 2 0 7 5476 8303 6585
15966 2 2 0 7 3777 9186 4893
15967 2 2 0 7 8661 9310 5702
15968 2 2 0 7 7826 8962 7406
15969 2 2 0 7 7705 9260 2235
15970 2 2 0 7 8126 8149 6928
15971 2 2 0 7 7362 8310 3033
15972 2 2 0 7 1642 9217 8018
15973 2 2 0 7 5146 9424 9133
15974 2 2 0 7 1354 9325 8056
15975 2 2 0 7 5910 8682 5553
15976 2 2 0 7 6016 9394 6019
15977 2 2 0 7 3540 8822 7729
15978 2 2 0 7 5804 9086 8076
15979 2 2 0 7 5582 8545 6615
15980 2 2 0 7 5450 8908 6539
15981 2 2 0 7 4063 8473 8472
15982 2 2 0 7 8418 8465 5607
15983 2 2 0 7 8306 8315 6974
15984 2 2 0 7 197 8304 1361
15985 2 2 0 7 7237 8328 1413
15986 2 2 0 7 4890 8837 8566
15987 2 2 0 7 8566 8837 5454
15988 2 2 0 7 2656 6382 2753
15989 2 2 0 7 6786 8903 5595
15990 2 2 0 7 1419 9535 8880
15991 2 2 0 7 6036 9026 8685
15992 2 2 0 7 397 8298 398
15993 2 2 0 7 6988 8996 1394
15994 2 2 0 7 2959 8398 2956
15995 2 2 0 7 6140 8819 6141
15996 2 2 0 7 4436 8399 4119
15997 2 2 0 7 5693 8807 6262
15998 2 2 0 7 4516 8637 8035
15999 2 2 0 7 8253 9057 8534
16000 2 2 0 7 6278 8287 6280
16001 2 2 0 7 6974 8315 6975
16002 2 2 0 7 7237 8338 8328
16003 2 2 0 7 2684 8404 2683
16004 2 2 0 7 8422 8423 4565
16005 2 2 0 7 5657 8296 6409
16006 2 2 0 7 4401 9002 5623
16007 2 2 0 7 2271 8405 2249
16008 2 2 0 7 1386 8311 199
16009 2 2 0 7 6139 9339 6571
16010 2 2 0 7 5635 8829 5794
16011 2 2 0 7 6267 8466 3368
16012 2 2 0 7 6214 8728 8259
16013 2 2 0 7 4925 8321 2447
16014 2 2 0 7 3199 8444 3172
16015 2 2 0 7 8158 8301 5503
16016 2 2 0 7 5058 8361 7676
16017 2 2 0 7 1565 7908 1567
16018 2 2 0 7 5750 9093 5749
16019 2 2 0 7 5281 6655 5828
16020 2 2 0 7 7806 8767 1417
16021 2 2 0 7 8315 8328 6975
16022 2 2 0 7 1381 8338 7237
16023 2 2 0 7 2138 9508 7060
16024 2 2 0 7 8148 9049 8147
16025 2 2 0 7 2255 8810 8348
16026 2 2 0 7 3885 9032 8541
16027 2 2 0 7 8542 9033 3651
16028 2 2 0 7 5098 8336 6273
16029 2 2 0 7 2379 9058 8331
16030 2 2 0 7 2199 8302 2194
16031 2 2 0 7 3907 8325 3906
16032 2 2 0 7 8499 8500 6293
16033 2 2 0 7 9157 9527 6206
16034 2 2 0 7 3828 8374 5446
16035 2 2 0 7 8343 8624 4889
16036 2 2 0 7 6569 8772 6570
16037 2 2 0 7 5342 8283 5777
16038 2 2 0 7 5575 9299 8485
16039 2 2 0 7 7085 8360 6945
16040 2 2 0 7 6553 9077 8035
16041 2 2 0 7 8035 9077 5541
16042 2 2 0 7 5566 6243 5565
16043 2 2 0 7 8022 9144 1408
16044 2 2 0 7 5300 5302 5301
16045 2 2 0 7 5170 8811 5038
16046 2 2 0 7 5341 5877 5024
16047 2 2 0 7 3297 4290 3199
16048 2 2 0 7 5382 5384 5381
16049 2 2 0 7 4547 6282 4600
16050 2 2 0 7 3588 7908 1565
16051 2 2 0 7 3210 3211 3209
16052 2 2 0 7 5865 6205 5929
16053 2 2 0 7 5434 6348 5821
16054 2 2 0 7 4519 4521 4520
16055 2 2 0 7 5510 8337 8329
16056 2 2 0 7 2543 8416 6055
16057 2 2 0 7 1381 8347 8338
16058 2 2 0 7 6975 8328 5670
16059 2 2 0 7 5696 9273 7987
16060 2 2 0 7 3416 8744 8193
16061 2 2 0 7 8193 8744 7771
16062 2 2 0 7 6522 9289 2403
16063 2 2 0 7 5833 9108 5760
16064 2 2 0 7 3205 8786 7933
16065 2 2 0 7 6703 9543 5545
16066 2 2 0 7 6704 9544 5548
16067 2 2 0 7 4948 6666 4946
16068 2 2 0 7 1493 8332 1490
16069 2 2 0 7 5176 8052 4118
16070 2 2 0 7 4946 6666 6403
16071 2 2 0 7 8328 8338 5670
16072 2 2 0 7 7238 8347 1381
16073 2 2 0 7 7181 8359 7659
16074 2 2 0 7 6325 7917 4512
16075 2 2 0 7 8028 9418 1608
16076 2 2 0 7 5305 8431 8174
16077 2 2 0 7 3315 3317 3316
16078 2 2 0 7 3297 5288 4290
16079 2 2 0 7 2730 2732 2731
16080 2 2 0 7 3090 3092 3091
16081 2 2 0 7 1582 1584 1583
16082 2 2 0 7 3408 3410 3409
16083 2 2 0 7 2499 2500 2498
16084 2 2 0 7 3224 3225 3223
16085 2 2 0 7 2874 2876 2875
16086 2 2 0 7 5409 5410 5408
16087 2 2 0 7 4177 4179 4178
16088 2 2 0 7 1474 9030 7143
16089 2 2 0 7 4703 9397 6249
16090 2 2 0 7 1567 7908 1841
16091 2 2 0 7 7441 8663 5583
16092 2 2 0 7 3888 7874 3887
16093 2 2 0 7 5417 8426 5418
16094 2 2 0 7 1727 1728 1726
16095 2 2 0 7 5495 5496 5094
16096 2 2 0 7 4457 5666 5665
16097 2 2 0 7 5665 6408 4941
16098 2 2 0 7 1596 1597 1595
16099 2 2 0 7 4394 5584 4554
16100 2 2 0 7 4550 5456 5455
16101 2 2 0 7 5095 8456 1577
16102 2 2 0 7 5852 9348 8582
16103 2 2 0 7 3619 4511 3655
16104 2 2 0 7 5385 6399 5384
16105 2 2 0 7 3092 3093 3091
16106 2 2 0 7 1584 1585 1583
16107 2 2 0 7 4521 4523 4522
16108 2 2 0 7 5428 5840 5426
16109 2 2 0 7 5975 8714 6594
16110 2 2 0 7 4511 6264 3655
16111 2 2 0 7 2732 2734 2733
16112 2 2 0 7 3226 3227 3225
16113 2 2 0 7 2501 2502 2500
16114 2 2 0 7 4523 4524 4522
16115 2 2 0 7 2876 2879 2877
16116 2 2 0 7 5411 5412 5410
16117 2 2 0 7 4179 4181 4180
16118 2 2 0 7 6400 9224 6213
16119 2 2 0 7 3410 3416 3412
16120 2 2 0 7 2734 2737 2736
16121 2 2 0 7 3228 3229 3227
16122 2 2 0 7 2879 2882 2880
16123 2 2 0 7 5413 5671 5412
16124 2 2 0 7 3228 3230 3229
16125 2 2 0 7 2882 2883 2880
16126 2 2 0 7 5413 6389 5671
16127 2 2 0 7 3930 3932 3931
16128 2 2 0 7 6327 9287 6159
16129 2 2 0 7 3928 3930 3929
16130 2 2 0 7 5493 6335 5492
16131 2 2 0 7 7238 8366 8347
16132 2 2 0 7 5670 8338 5669
16133 2 2 0 7 7291 8645 7290
16134 2 2 0 7 4352 8630 7975
16135 2 2 0 7 5511 8337 5510
16136 2 2 0 7 3925 3928 3927
16137 2 2 0 7 3967 3968 3966
16138 2 2 0 7 2676 6244 2675
16139 2 2 0 7 4386 5492 4635
16140 2 2 0 7 2808 2809 2807
16141 2 2 0 7 3538 6253 4240
16142 2 2 0 7 4381 4382 4103
16143 2 2 0 7 5105 7991 6424
16144 2 2 0 7 6437 9052 6180
16145 2 2 0 7 7827 8403 1346
16146 2 2 0 7 5105 8413 7991
16147 2 2 0 7 8561 9023 4909
16148 2 2 0 7 5866 9288 7856
16149 2 2 0 7 5740 8260 8017
16150 2 2 0 7 2556 7990 7864
16151 2 2 0 7 4638 8931 6608
16152 2 2 0 7 7406 9221 1428
16153 2 2 0 7 6294 8335 6048
16154 2 2 0 7 8229 9130 4639
16155 2 2 0 7 7239 8366 7238
16156 2 2 0 7 8338 8347 5669
16157 2 2 0 7 3954 8784 8196
16158 2 2 0 7 6541 9255 5331
16159 2 2 0 7 173 8722 8128
16160 2 2 0 7 6523 8873 3763
16161 2 2 0 7 8056 9151 1354
16162 2 2 0 7 6162 8341 6186
16163 2 2 0 7 2573 8855 2570
16164 2 2 0 7 3309 8343 3629
16165 2 2 0 7 2674 2676 2675
16166 2 2 0 7 4386 4635 3787
16167 2 2 0 7 3918 7992 3919
16168 2 2 0 7 4460 4969 4459
16169 2 2 0 7 2198 8302 6618
16170 2 2 0 7 4609 8923 5646
16171 2 2 0 7 2366 9241 7926
16172 2 2 0 7 8675 8840 5705
16173 2 2 0 7 2317 6685 2319
16174 2 2 0 7 4010 7902 6625
16175 2 2 0 7 7239 8383 8366
16176 2 2 0 7 8090 8203 4564
16177 2 2 0 7 5669 8347 7387
16178 2 2 0 7 6270 9137 6271
16179 2 2 0 7 2327 8556 6760
16180 2 2 0 7 9159 9160 2673
16181 2 2 0 7 6249 8953 4700
16182 2 2 0 7 7406 8962 4989
16183 2 2 0 7 2258 8351 2261
16184 2 2 0 7 5723 9435 7958
16185 2 2 0 7 5466 8906 8537
16186 2 2 0 7 8537 8906 5768
16187 2 2 0 7 7773 8747 7772
16188 2 2 0 7 3172 8444 3170
16189 2 2 0 7 2383 8845 6407
16190 2 2 0 7 7811 8920 1357
16191 2 2 0 7 4451 8352 4397
16192 2 2 0 7 7045 8832 7046
16193 2 2 0 7 1391 8383 7239
16194 2 2 0 7 8347 8366 7387
16195 2 2 0 7 4362 9263 4359
16196 2 2 0 7 4691 6710 4694
16197 2 2 0 7 8615 9293 5417
16198 2 2 0 7 4514 8356 4231
16199 2 2 0 7 7712 7990 2556
16200 2 2 0 7 8143 8964 5533
16201 2 2 0 7 2607 8692 2611
16202 2 2 0 7 8166 8198 5070
16203 2 2 0 7 6801 8502 3070
16204 2 2 0 7 6328 9412 3948
16205 2 2 0 7 5808 9463 8498
16206 2 2 0 7 4437 8329 4166
16207 2 2 0 7 9004 9283 5658
16208 2 2 0 7 6816 9141 3469
16209 2 2 0 7 8570 8571 6294
16210 2 2 0 7 2239 9214 6656
16211 2 2 0 7 6656 9214 3054
16212 2 2 0 7 8301 8946 2946
16213 2 2 0 7 6300 8355 6296
16214 2 2 0 7 4449 8065 4448
16215 2 2 0 7 7275 8358 7243
16216 2 2 0 7 2266 9142 2264
16217 2 2 0 7 2913 9143 2752
16218 2 2 0 7 1394 8996 7812
16219 2 2 0 7 7666 8832 7809
16220 2 2 0 7 1391 8396 8383
16221 2 2 0 7 7387 8366 5046
16222 2 2 0 7 3170 8444 5283
16223 2 2 0 7 5060 7960 3543
16224 2 2 0 7 5682 8974 3217
16225 2 2 0 7 8181 9127 1407
16226 2 2 0 7 8186 9128 127
16227 2 2 0 7 127 9129 8186
16228 2 2 0 7 6569 6570 2953
16229 2 2 0 7 6788 9221 7406
16230 2 2 0 7 3296 6751 5325
16231 2 2 0 7 3652 8353 2930
16232 2 2 0 7 7823 9449 8407
16233 2 2 0 7 6666 6691 2599
16234 2 2 0 7 1414 8355 214
16235 2 2 0 7 5069 8375 6778
16236 2 2 0 7 5568 8431 5307
16237 2 2 0 7 7309 8508 8278
16238 2 2 0 7 4372 8382 4369
16239 2 2 0 7 2339 8536 6650
16240 2 2 0 7 5923 9314 9095
16241 2 2 0 7 7240 8396 1391
16242 2 2 0 7 5596 9043 8721
16243 2 2 0 7 7957 9441 5419
16244 2 2 0 7 3640 9352 6346
16245 2 2 0 7 8366 8383 5046
16246 2 2 0 7 5406 8418 5404
16247 2 2 0 7 5994 9557 5954
16248 2 2 0 7 5150 8703 7265
16249 2 2 0 7 6608 9058 5762
16250 2 2 0 7 207 8370 206
16251 2 2 0 7 6396 9322 5551
16252 2 2 0 7 3968 8493 3966
16253 2 2 0 7 5640 6425 4020
16254 2 2 0 7 8039 9080 2716
16255 2 2 0 7 4090 8232 4091
16256 2 2 0 7 4119 8399 4650
16257 2 2 0 7 2740 5714 2512
16258 2 2 0 7 3053 6386 4955
16259 2 2 0 7 5586 5850 3801
16260 2 2 0 7 7823 8407 1397
16261 2 2 0 7 4295 8381 5203
16262 2 2 0 7 5842 8976 5841
16263 2 2 0 7 8234 9462 4263
16264 2 2 0 7 2866 8739 2861
16265 2 2 0 7 7904 9423 6046
16266 2 2 0 7 9094 9331 7746
16267 2 2 0 7 6641 8564 5674
16268 2 2 0 7 7240 8410 8396
16269 2 2 0 7 2683 8404 2701
16270 2 2 0 7 5046 8383 5338
16271 2 2 0 7 2249 8405 2251
16272 2 2 0 7 1383 8359 7804
16273 2 2 0 7 5580 9488 7144
16274 2 2 0 7 4905 8387 6406
16275 2 2 0 7 7813 8360 1425
16276 2 2 0 7 3917 9543 6703
16277 2 2 0 7 3576 9544 6704
16278 2 2 0 7 7818 8361 1427
16279 2 2 0 7 5824 8674 3566
16280 2 2 0 7 8441 9495 1355
16281 2 2 0 7 3557 8675 5705
16282 2 2 0 7 1638 9060 7801
16283 2 2 0 7 7819 8367 1356
16284 2 2 0 7 5632 9262 6635
16285 2 2 0 7 5073 8921 5635
16286 2 2 0 7 4695 8899 7985
16287 2 2 0 7 3320 3827 3319
16288 2 2 0 7 3924 3925 3923
16289 2 2 0 7 3491 8551 3482
16290 2 2 0 7 3964 3966 3965
16291 2 2 0 7 2805 2807 2806
16292 2 2 0 7 4018 4020 4019
16293 2 2 0 7 3312 4460 4459
16294 2 2 0 7 3396 3538 3537
16295 2 2 0 7 4391 4393 4392
16296 2 2 0 7 4102 4103 4027
16297 2 2 0 7 5583 8663 4426
16298 2 2 0 7 1432 8410 7240
16299 2 2 0 7 5582 6615 6612
16300 2 2 0 7 5806 9167 6771
16301 2 2 0 7 6074 8280 8025
16302 2 2 0 7 8025 8280 5614
16303 2 2 0 7 8383 8396 5338
16304 2 2 0 7 6913 8461 6247
16305 2 2 0 7 6782 9168 7749
16306 2 2 0 7 2955 8221 4956
16307 2 2 0 7 5389 9082 5388
16308 2 2 0 7 3887 7874 4529
16309 2 2 0 7 4469 8384 4103
16310 2 2 0 7 4285 8567 5822
16311 2 2 0 7 5551 9515 3319
16312 2 2 0 7 7795 8835 5927
16313 2 2 0 7 2808 8930 2812
16314 2 2 0 7 5137 8395 4560
16315 2 2 0 7 5981 9180 8692
16316 2 2 0 7 8935 9160 6280
16317 2 2 0 7 3276 8753 7972
16318 2 2 0 7 7978 8307 5429
16319 2 2 0 7 4532 8307 7978
16320 2 2 0 7 3114 8515 7934
16321 2 2 0 7 6385 9010 6769
16322 2 2 0 7 5338 8396 5340
16323 2 2 0 7 3667 8762 8761
16324 2 2 0 7 5296 8262 5063
16325 2 2 0 7 8343 8344 3629
16326 2 2 0 7 6286 8879 6586
16327 2 2 0 7 3089 9356 3287
16328 2 2 0 7 1581 9355 1740
16329 2 2 0 7 7032 8495 5068
16330 2 2 0 7 289 8378 290
16331 2 2 0 7 1757 8439 8438
16332 2 2 0 7 3543 7960 3617
16333 2 2 0 7 3006 8509 6493
16334 2 2 0 7 6021 8402 6022
16335 2 2 0 7 4634 9175 4633
16336 2 2 0 7 8388 8607 2898
16337 2 2 0 7 8396 8410 5340
16338 2 2 0 7 6997 8403 6961
16339 2 2 0 7 2216 8406 2214
16340 2 2 0 7 4490 8644 5701
16341 2 2 0 7 2471 6779 5443
16342 2 2 0 7 8158 8946 8301
16343 2 2 0 7 3512 8594 8155
16344 2 2 0 7 8685 9026 5553
16345 2 2 0 7 3970 8024 3968
16346 2 2 0 7 4397 8352 5939
16347 2 2 0 7 6336 8407 6337
16348 2 2 0 7 8253 8534 6484
16349 2 2 0 7 3926 9350 8701
16350 2 2 0 7 5323 8949 8948
16351 2 2 0 7 6249 9397 8953
16352 2 2 0 7 5340 8410 6338
16353 2 2 0 7 5112 8963 8133
16354 2 2 0 7 5595 8903 6709
16355 2 2 0 7 3455 8479 4271
16356 2 2 0 7 2393 6789 5448
16357 2 2 0 7 5547 9135 5546
16358 2 2 0 7 5943 9236 6563
16359 2 2 0 7 8720 9256 4585
16360 2 2 0 7 5072 6770 3662
16361 2 2 0 7 3507 6837 3477
16362 2 2 0 7 4366 7442 2553
16363 2 2 0 7 3048 7667 5457
16364 2 2 0 7 5798 7692 4413
16365 2 2 0 7 5458 7718 3050
16366 2 2 0 7 3853 7735 4535
16367 2 2 0 7 3253 7785 3517
16368 2 2 0 7 5123 9127 8181
16369 2 2 0 7 5848 9128 8186
16370 2 2 0 7 8186 9129 5756
16371 2 2 0 7 3505 7799 4886
16372 2 2 0 7 2770 9246 2905
16373 2 2 0 7 2176 9244 2172
16374 2 2 0 7 2721 9243 2566
16375 2 2 0 7 2193 9242 2196
16376 2 2 0 7 5865 9111 6205
16377 2 2 0 7 5380 8340 5387
16378 2 2 0 7 2780 8322 2778
16379 2 2 0 7 347 8392 348
16380 2 2 0 7 6525 9220 1770
16381 2 2 0 7 5604 8522 5786
16382 2 2 0 7 2709 8562 3078
16383 2 2 0 7 2767 7836 4631
16384 2 2 0 7 5570 8662 3325
16385 2 2 0 7 7913 9420 6238
16386 2 2 0 7 8529 9459 2416
16387 2 2 0 7 8216 8584 5194
16388 2 2 0 7 7 8369 2815
16389 2 2 0 7 6207 8510 7796
16390 2 2 0 7 3988 8783 6543
16391 2 2 0 7 2285 9341 8010
16392 2 2 0 7 8270 9350 4959
16393 2 2 0 7 1683 8028 1612
16394 2 2 0 7 8268 9162 5909
16395 2 2 0 7 9105 9235 6250
16396 2 2 0 7 5619 9401 8139
16397 2 2 0 7 5705 8840 5707
16398 2 2 0 7 3151 5112 5111
16399 2 2 0 7 4560 8395 5043
16400 2 2 0 7 8071 8299 5096
16401 2 2 0 7 2247 6706 3676
16402 2 2 0 7 116 8417 115
16403 2 2 0 7 5469 8468 6695
16404 2 2 0 7 7833 8748 7834
16405 2 2 0 7 3479 8551 3507
16406 2 2 0 7 6373 9339 6139
16407 2 2 0 7 8203 8646 7458
16408 2 2 0 7 2779 8994 6335
16409 2 2 0 7 5492 8019 4635
16410 2 2 0 7 2231 9214 2233
16411 2 2 0 7 5972 9055 8454
16412 2 2 0 7 3980 6628 4544
16413 2 2 0 7 3233 8717 8716
16414 2 2 0 7 2812 8930 4512
16415 2 2 0 7 4463 6631 4187
16416 2 2 0 7 9153 9382 7185
16417 2 2 0 7 3166 8455 3168
16418 2 2 0 7 6727 8455 3166
16419 2 2 0 7 3525 7944 7943
16420 2 2 0 7 8494 9313 5137
16421 2 2 0 7 4975 9182 4124
16422 2 2 0 7 5203 8432 6313
16423 2 2 0 7 2434 8095 2433
16424 2 2 0 7 6670 8954 3541
16425 2 2 0 7 5404 8418 5607
16426 2 2 0 7 3535 5805 3532
16427 2 2 0 7 5955 8428 6437
16428 2 2 0 7 2409 8653 8652
16429 2 2 0 7 6736 8763 6239
16430 2 2 0 7 5736 8936 8592
16431 2 2 0 7 3901 8862 4436
16432 2 2 0 7 7232 8237 8212
16433 2 2 0 7 8799 8800 3260
16434 2 2 0 7 5600 9199 8022
16435 2 2 0 7 5881 9222 7766
16436 2 2 0 7 8211 8255 3563
16437 2 2 0 7 2210 8903 2206
16438 2 2 0 7 8508 9365 8278
16439 2 2 0 7 3373 8886 7956
16440 2 2 0 7 5053 8929 6442
16441 2 2 0 7 2652 8740 4489
16442 2 2 0 7 5605 7951 4148
16443 2 2 0 7 8135 8329 4437
16444 2 2 0 7 4531 8750 2990
16445 2 2 0 7 8692 9180 2611
16446 2 2 0 7 5802 9010 6708
16447 2 2 0 7 8217 8218 3366
16448 2 2 0 7 7610 8441 5332
16449 2 2 0 7 5905 9185 5904
16450 2 2 0 7 5052 9292 7964
16451 2 2 0 7 4094 9481 4634
16452 2 2 0 7 4975 9199 9182
16453 2 2 0 7 8744 8745 7773
16454 2 2 0 7 8005 8095 2434
16455 2 2 0 7 3424 9202 2738
16456 2 2 0 7 8515 8797 5706
16457 2 2 0 7 4456 8218 5812
16458 2 2 0 7 2710 9506 8354
16459 2 2 0 7 4466 8447 5698
16460 2 2 0 7 177 8442 176
16461 2 2 0 7 3666 9468 6627
16462 2 2 0 7 7883 8698 5154
16463 2 2 0 7 3763 9113 7132
16464 2 2 0 7 3202 8450 3196
16465 2 2 0 7 5149 9022 4395
16466 2 2 0 7 5239 8451 7159
16467 2 2 0 7 5936 8987 5935
16468 2 2 0 7 7776 9399 6216
16469 2 2 0 7 5350 8452 5352
16470 2 2 0 7 7851 9416 2737
16471 2 2 0 7 2209 9528 7896
16472 2 2 0 7 5577 9100 8251
16473 2 2 0 7 2738 9202 2733
16474 2 2 0 7 6240 9251 3943
16475 2 2 0 7 4553 5514 5449
16476 2 2 0 7 5301 5785 5299
16477 2 2 0 7 4099 4100 3583
16478 2 2 0 7 2173 2184 2175
16479 2 2 0 7 3208 5372 3210
16480 2 2 0 7 5402 5403 5400
16481 2 2 0 7 6427 6670 5292
16482 2 2 0 7 3837 4028 3836
16483 2 2 0 7 2498 4063 2496
16484 2 2 0 7 5777 6215 5311
16485 2 2 0 7 3168 4296 3205
16486 2 2 0 7 5952 5955 5954
16487 2 2 0 7 5408 5414 5406
16488 2 2 0 7 1740 9355 5169
16489 2 2 0 7 3287 9356 4692
16490 2 2 0 7 4175 4347 4177
16491 2 2 0 7 2545 8443 6129
16492 2 2 0 7 8193 9187 3630
16493 2 2 0 7 8147 9049 7711
16494 2 2 0 7 6420 9191 8344
16495 2 2 0 7 8344 9191 3629
16496 2 2 0 7 4738 8458 6976
16497 2 2 0 7 2196 9242 3666
16498 2 2 0 7 4906 9243 2721
16499 2 2 0 7 3247 9244 2176
16500 2 2 0 7 2905 9246 3584
16501 2 2 0 7 5790 9080 5880
16502 2 2 0 7 8825 9551 5745
16503 2 2 0 7 8537 9547 5466
16504 2 2 0 7 8341 8342 6058
16505 2 2 0 7 5490 8226 6315
16506 2 2 0 7 5644 9277 8924
16507 2 2 0 7 2496 8472 2494
16508 2 2 0 7 5400 8474 5398
16509 2 2 0 7 5555 8165 5521
16510 2 2 0 7 2475 9227 6754
16511 2 2 0 7 3583 8475 3372
16512 2 2 0 7 5302 5303 5301
16513 2 2 0 7 5729 9296 2440
16514 2 2 0 7 5877 5878 5024
16515 2 2 0 7 3210 3589 3211
16516 2 2 0 7 4519 5658 4521
16517 2 2 0 7 4630 8290 6397
16518 2 2 0 7 218 8459 217
16519 2 2 0 7 4512 7917 2850
16520 2 2 0 7 3945 7968 3896
16521 2 2 0 7 5288 5289 4290
16522 2 2 0 7 3090 3331 3092
16523 2 2 0 7 1430 8628 8101
16524 2 2 0 7 3092 3094 3093
16525 2 2 0 7 1584 1586 1585
16526 2 2 0 7 6612 6613 2548
16527 2 2 0 7 2732 2915 2734
16528 2 2 0 7 3227 3233 3225
16529 2 2 0 7 2502 2503 2500
16530 2 2 0 7 4523 5195 4524
16531 2 2 0 7 2876 2881 2879
16532 2 2 0 7 4179 4510 4181
16533 2 2 0 7 2662 9537 8071
16534 2 2 0 7 5671 5892 5412
16535 2 2 0 7 3230 3231 3229
16536 2 2 0 7 2882 2908 2883
16537 2 2 0 7 3928 3949 3930
16538 2 2 0 7 4382 4469 4103
16539 2 2 0 7 1399 9540 6532
16540 2 2 0 7 6144 9485 9275
16541 2 2 0 7 4460 5036 4969
16542 2 2 0 7 9109 9323 5013
16543 2 2 0 7 2494 8472 2510
16544 2 2 0 7 5398 8474 5886
16545 2 2 0 7 3372 8475 3373
16546 2 2 0 7 8709 9346 6449
16547 2 2 0 7 8395 8940 6499
16548 2 2 0 7 4900 8476 4901
16549 2 2 0 7 5964 9396 5966
16550 2 2 0 7 5520 8649 5522
16551 2 2 0 7 5010 8203 8090
16552 2 2 0 7 5786 8650 5523
16553 2 2 0 7 8500 8732 6293
16554 2 2 0 7 6211 8713 3494
16555 2 2 0 7 2296 7871 2299
16556 2 2 0 7 2184 8477 4115
16557 2 2 0 7 16 8771 6907
16558 2 2 0 7 4156 9519 8850
16559 2 2 0 7 5701 9342 8577
16560 2 2 0 7 8352 9091 5939
16561 2 2 0 7 3320 4096 3827
16562 2 2 0 7 3924 3926 3925
16563 2 2 0 7 56 8775 6643
16564 2 2 0 7 3966 3983 3965
16565 2 2 0 7 4020 4021 4019
16566 2 2 0 7 4393 4442 4392
16567 2 2 0 7 8154 8283 5342
16568 2 2 0 7 5478 9540 8793
16569 2 2 0 7 4954 8445 5719
16570 2 2 0 7 2961 9515 8208
16571 2 2 0 7 4532 8309 8307
16572 2 2 0 7 114 8487 113
16573 2 2 0 7 8022 9199 9144
16574 2 2 0 7 8476 9270 5431
16575 2 2 0 7 4290 8444 3199
16576 2 2 0 7 5644 8923 4280
16577 2 2 0 7 8492 8705 3310
16578 2 2 0 7 6800 8941 6799
16579 2 2 0 7 5097 8642 2505
16580 2 2 0 7 5694 8619 4543
16581 2 2 0 7 5592 8574 3855
16582 2 2 0 7 5153 7742 3631
16583 2 2 0 7 4098 8627 6562
16584 2 2 0 7 4901 8476 7851
16585 2 2 0 7 8206 8274 5208
16586 2 2 0 7 4098 8299 4097
16587 2 2 0 7 2676 8061 6244
16588 2 2 0 7 8102 9468 5341
16589 2 2 0 7 3511 8597 8161
16590 2 2 0 7 8100 8640 6264
16591 2 2 0 7 6316 8420 8270
16592 2 2 0 7 6561 8765 6357
16593 2 2 0 7 8873 9113 3763
16594 2 2 0 7 5933 9276 5936
16595 2 2 0 7 8702 9485 6144
16596 2 2 0 7 5361 8497 5780
16597 2 2 0 7 6606 8960 2070
16598 2 2 0 7 7927 8846 6398
16599 2 2 0 7 8425 8450 3202
16600 2 2 0 7 5372 8450 8425
16601 2 2 0 7 2639 6719 2892
16602 2 2 0 7 7943 7944 5075
16603 2 2 0 7 6761 9012 5900
16604 2 2 0 7 5358 8281 4443
16605 2 2 0 7 54 8496 53
16606 2 2 0 7 5736 8592 6844
16607 2 2 0 7 8386 8630 5697
16608 2 2 0 7 1728 9095 1726
16609 2 2 0 7 5750 9399 6787
16610 2 2 0 7 2504 8504 2902
16611 2 2 0 7 6462 8281 5071
16612 2 2 0 7 4011 9319 8585
16613 2 2 0 7 5870 8981 8960
16614 2 2 0 7 1715 8435 1868
16615 2 2 0 7 2401 8950 2311
16616 2 2 0 7 7310 8508 7309
16617 2 2 0 7 6658 8021 5079
16618 2 2 0 7 6678 9021 3156
16619 2 2 0 7 4546 8507 5712
16620 2 2 0 7 6626 8617 4007
16621 2 2 0 7 6773 8241 3193
16622 2 2 0 7 2962 5863 3320
16623 2 2 0 7 4525 8977 7844
16624 2 2 0 7 3870 8227 3868
16625 2 2 0 7 3190 4622 3192
16626 2 2 0 7 2208 5627 2211
16627 2 2 0 7 4165 4166 4163
16628 2 2 0 7 3575 4629 3865
16629 2 2 0 7 3531 4628 3535
16630 2 2 0 7 3916 4620 3918
16631 2 2 0 7 2806 2859 2804
16632 2 2 0 7 5516 5641 4385
16633 2 2 0 7 3648 4086 4085
16634 2 2 0 7 370 8482 371
16635 2 2 0 7 5052 7964 4637
16636 2 2 0 7 8656 9185 5905
16637 2 2 0 7 9310 9311 5702
16638 2 2 0 7 5701 8577 8576
16639 2 2 0 7 3379 8425 3202
16640 2 2 0 7 7816 8495 1372
16641 2 2 0 7 8276 9004 5658
16642 2 2 0 7 2555 8913 7866
16643 2 2 0 7 5032 8436 6748
16644 2 2 0 7 7975 8386 5360
16645 2 2 0 7 4426 8663 5837
16646 2 2 0 7 8471 8511 2743
16647 2 2 0 7 5346 8514 5348
16648 2 2 0 7 5613 9271 6595
16649 2 2 0 7 5088 8843 8842
16650 2 2 0 7 6388 9104 8365
16651 2 2 0 7 8038 9326 3650
16652 2 2 0 7 5024 8382 4372
16653 2 2 0 7 3105 8434 8433
16654 2 2 0 7 4191 8516 5589
16655 2 2 0 7 3581 8517 5581
16656 2 2 0 7 6543 8783 6542
16657 2 2 0 7 4963 9498 6502
16658 2 2 0 7 1481 9166 7141
16659 2 2 0 7 8509 8971 6493
16660 2 2 0 7 1846 9220 8525
16661 2 2 0 7 7459 8400 4564
16662 2 2 0 7 4091 9088 4089
16663 2 2 0 7 6446 8513 7843
16664 2 2 0 7 7843 8513 5167
16665 2 2 0 7 6719 7799 2895
16666 2 2 0 7 4115 9321 6779
16667 2 2 0 7 279 8501 280
16668 2 2 0 7 6567 8799 5128
16669 2 2 0 7 7975 8471 7974
16670 2 2 0 7 8419 8579 6832
16671 2 2 0 7 8107 8108 8106
16672 2 2 0 7 1717 8864 1719
16673 2 2 0 7 6652 8682 5539
16674 2 2 0 7 8836 9407 5898
16675 2 2 0 7 3374 8435 1713
16676 2 2 0 7 5909 9384 5908
16677 2 2 0 7 7802 8702 2407
16678 2 2 0 7 5618 8702 7802
16679 2 2 0 7 5633 8655 5634
16680 2 2 0 7 2651 8296 8220
16681 2 2 0 7 2429 8685 6652
16682 2 2 0 7 8805 8868 6478
16683 2 2 0 7 5649 9270 8159
16684 2 2 0 7 1366 8300 8250
16685 2 2 0 7 2359 8531 2363
16686 2 2 0 7 2404 8917 8391
16687 2 2 0 7 6723 8555 6724
16688 2 2 0 7 5510 8329 8135
16689 2 2 0 7 8523 8890 5316
16690 2 2 0 7 7100 8539 7099
16691 2 2 0 7 2962 3320 3319
16692 2 2 0 7 5936 8484 7217
16693 2 2 0 7 3190 3192 3191
16694 2 2 0 7 2208 2211 2209
16695 2 2 0 7 3922 3924 3923
16696 2 2 0 7 6549 8859 5401
16697 2 2 0 7 5887 9341 5897
16698 2 2 0 7 5583 9404 8599
16699 2 2 0 7 8122 8652 5660
16700 2 2 0 7 1713 8435 1715
16701 2 2 0 7 8652 8653 5873
16702 2 2 0 7 5683 9441 9240
16703 2 2 0 7 4298 8552 7720
16704 2 2 0 7 3307 6281 6278
16705 2 2 0 7 4161 4165 4163
16706 2 2 0 7 8653 9117 5873
16707 2 2 0 7 3964 3965 3963
16708 2 2 0 7 3575 3865 3576
16709 2 2 0 7 2668 2674 2669
16710 2 2 0 7 3531 3535 3532
16711 2 2 0 7 3895 3945 3896
16712 2 2 0 7 6239 6428 4970
16713 2 2 0 7 5424 5463 4120
16714 2 2 0 7 3801 5850 3770
16715 2 2 0 7 4642 5519 3513
16716 2 2 0 7 2805 2806 2804
16717 2 2 0 7 3916 3918 3917
16718 2 2 0 7 3051 6386 3053
16719 2 2 0 7 5284 6705 4430
16720 2 2 0 7 2557 2673 2672
16721 2 2 0 7 3636 5518 3049
16722 2 2 0 7 3663 5516 4385
16723 2 2 0 7 4616 6249 4700
16724 2 2 0 7 4018 4019 3371
16725 2 2 0 7 4238 7910 5322
16726 2 2 0 7 2512 5714 2399
16727 2 2 0 7 4391 4392 3521
16728 2 2 0 7 3648 4085 3013
16729 2 2 0 7 4663 6289 5713
16730 2 2 0 7 5899 5900 5065
16731 2 2 0 7 4627 5845 4625
16732 2 2 0 7 3629 8554 3308
16733 2 2 0 7 5581 8545 5582
16734 2 2 0 7 5399 8902 6549
16735 2 2 0 7 112 8557 111
16736 2 2 0 7 7643 8559 6358
16737 2 2 0 7 9370 9523 4137
16738 2 2 0 7 3192 6534 3191
16739 2 2 0 7 2244 8532 6031
16740 2 2 0 7 2140 9488 6555
16741 2 2 0 7 1701 9277 8036
16742 2 2 0 7 8261 8288 5628
16743 2 2 0 7 8512 9312 6472
16744 2 2 0 7 8812 9114 6544
16745 2 2 0 7 5772 9196 5923
16746 2 2 0 7 2450 8503 425
16747 2 2 0 7 5171 8569 5170
16748 2 2 0 7 2960 8208 3313
16749 2 2 0 7 8877 9257 6426
16750 2 2 0 7 248 8526 249
16751 2 2 0 7 5786 9491 8100
16752 2 2 0 7 7910 8811 5170
16753 2 2 0 7 5496 8854 8390
16754 2 2 0 7 8731 9102 6072
16755 2 2 0 7 318 8530 319
16756 2 2 0 7 4513 9212 6592
16757 2 2 0 7 6220 9364 4244
16758 2 2 0 7 5188 8153 6576
16759 2 2 0 7 7442 9357 7440
16760 2 2 0 7 2302 9359 7667
16761 2 2 0 7 2723 8915 4906
16762 2 2 0 7 5651 9238 6895
16763 2 2 0 7 4959 9350 4088
16764 2 2 0 7 5870 8960 6392
16765 2 2 0 7 5735 8853 5738
16766 2 2 0 7 4263 9462 4260
16767 2 2 0 7 4650 8399 6194
16768 2 2 0 7 6071 8731 6072
16769 2 2 0 7 7046 8832 7666
16770 2 2 0 7 7244 8651 7246
16771 2 2 0 7 2604 8978 6564
16772 2 2 0 7 6260 8801 5889
16773 2 2 0 7 3016 8334 8014
16774 2 2 0 7 2433 8095 2441
16775 2 2 0 7 5521 8165 6592
16776 2 2 0 7 7498 8987 5936
16777 2 2 0 7 4027 8384 4350
16778 2 2 0 7 2259 8570 6294
16779 2 2 0 7 4448 8065 4452
16780 2 2 0 7 5329 8628 5758
16781 2 2 0 7 9070 9236 5944
16782 2 2 0 7 4086 8623 5064
16783 2 2 0 7 5707 8434 7934
16784 2 2 0 7 5190 6587 5191
16785 2 2 0 7 3981 6628 3980
16786 2 2 0 7 4187 6631 4188
16787 2 2 0 7 69 8613 68
16788 2 2 0 7 9475 9481 6367
16789 2 2 0 7 5465 9279 6784
16790 2 2 0 7 6616 8802 2900
16791 2 2 0 7 8197 8241 6773
16792 2 2 0 7 6504 9338 2802
16793 2 2 0 7 7915 8589 8412
16794 2 2 0 7 1727 8117 3295
16795 2 2 0 7 1596 8345 6606
16796 2 2 0 7 3376 8368 3562
16797 2 2 0 7 193 8632 192
16798 2 2 0 7 3772 9013 6727
16799 2 2 0 7 3198 8757 3186
16800 2 2 0 7 40 8633 39
16801 2 2 0 7 2597 9174 2595
16802 2 2 0 7 8809 9469 5949
16803 2 2 0 7 7974 8471 6644
16804 2 2 0 7 5316 9518 2947
16805 2 2 0 7 1505 8646 7376
16806 2 2 0 7 2874 9525 9252
16807 2 2 0 7 3325 8662 3326
16808 2 2 0 7 8099 9364 6220
16809 2 2 0 7 5174 8648 5711
16810 2 2 0 7 8490 9161 3676
16811 2 2 0 7 8353 8811 5817
16812 2 2 0 7 202 8645 201
16813 2 2 0 7 8869 9007 7769
16814 2 2 0 7 6355 8657 5131
16815 2 2 0 7 8659 9328 5818
16816 2 2 0 7 7293 9234 8079
16817 2 2 0 7 2609 8692 2607
16818 2 2 0 7 5507 9188 9011
16819 2 2 0 7 9011 9188 6368
16820 2 2 0 7 4164 8738 4160
16821 2 2 0 7 4727 8660 4503
16822 2 2 0 7 2482 8654 2480
16823 2 2 0 7 4451 9074 8352
16824 2 2 0 7 6724 8668 5020
16825 2 2 0 7 7789 9405 2466
16826 2 2 0 7 361 8540 2837
16827 2 2 0 7 6195 8661 5025
16828 2 2 0 7 6707 8891 5891
16829 2 2 0 7 8502 8760 3070
16830 2 2 0 7 5383 9513 7870
16831 2 2 0 7 4429 8389 6818
16832 2 2 0 7 7128 8390 4351
16833 2 2 0 7 7772 9550 7767
16834 2 2 0 7 5064 8538 5133
16835 2 2 0 7 5614 8280 6490
16836 2 2 0 7 6432 9140 8939
16837 2 2 0 7 6014 9307 7937
16838 2 2 0 7 5759 9408 5982
16839 2 2 0 7 4292 8449 8414
16840 2 2 0 7 1868 8864 1717
16841 2 2 0 7 6346 9175 8815
16842 2 2 0 7 3636 8119 5518
16843 2 2 0 7 5643 9132 7345
16844 2 2 0 7 6676 8787 5475
16845 2 2 0 7 5893 8489 3010
16846 2 2 0 7 8071 9537 6441
16847 2 2 0 7 6340 9371 6189
16848 2 2 0 7 8074 9066 1431
16849 2 2 0 7 3110 9398 9064
16850 2 2 0 7 2945 8077 2949
16851 2 2 0 7 8008 8435 3374
16852 2 2 0 7 5606 8573 6187
16853 2 2 0 7 5712 9413 5375
16854 2 2 0 7 2445 8909 2418
16855 2 2 0 7 6563 9133 5943
16856 2 2 0 7 7953 8818 4701
16857 2 2 0 7 216 8672 215
16858 2 2 0 7 5989 8482 7986
16859 2 2 0 7 3791 8400 4394
16860 2 2 0 7 8458 8920 6976
16861 2 2 0 7 7788 9103 5993
16862 2 2 0 7 5838 9434 5547
16863 2 2 0 7 6142 8215 6274
16864 2 2 0 7 6990 9040 8074
16865 2 2 0 7 6508 9139 5354
16866 2 2 0 7 335 8656 336
16867 2 2 0 7 7890 8881 5728
16868 2 2 0 7 8363 8364 7918
16869 2 2 0 7 6183 8533 4515
16870 2 2 0 7 8773 9321 4115
16871 2 2 0 7 7339 8696 7638
16872 2 2 0 7 5415 8697 5416
16873 2 2 0 7 8069 9224 6400
16874 2 2 0 7 3930 8324 3932
16875 2 2 0 7 5447 9161 5639
16876 2 2 0 7 3260 8800 2896
16877 2 2 0 7 4264 9462 8935
16878 2 2 0 7 3869 4172 3870
16879 2 2 0 7 5443 9321 8816
16880 2 2 0 7 2299 2303 2298
16881 2 2 0 7 4160 8738 4158
16882 2 2 0 7 5621 9278 8256
16883 2 2 0 7 6278 6279 6277
16884 2 2 0 7 7563 8704 7180
16885 2 2 0 7 4162 5134 4164
16886 2 2 0 7 3581 5570 3325
16887 2 2 0 7 4191 4463 4187
16888 2 2 0 7 2583 8677 2581
16889 2 2 0 7 4884 6362 4508
16890 2 2 0 7 5442 6285 4953
16891 2 2 0 7 3148 4094 3518
16892 2 2 0 7 3203 3380 3379
16893 2 2 0 7 5726 5727 3909
16894 2 2 0 7 3420 4532 4531
16895 2 2 0 7 2654 2760 2759
16896 2 2 0 7 4631 5048 2773
16897 2 2 0 7 4961 4962 4211
16898 2 2 0 7 3997 5012 4684
16899 2 2 0 7 5772 5773 5771
16900 2 2 0 7 3586 4546 4418
16901 2 2 0 7 5822 6413 4479
16902 2 2 0 7 3980 4544 4543
16903 2 2 0 7 4535 5147 3854
16904 2 2 0 7 4121 5577 5424
16905 2 2 0 7 5911 5912 3944
16906 2 2 0 7 2267 3860 3859
16907 2 2 0 7 3800 5083 3801
16908 2 2 0 7 3422 4401 3631
16909 2 2 0 7 5459 8071 6441
16910 2 2 0 7 5325 5326 3782
16911 2 2 0 7 2709 2776 2551
16912 2 2 0 7 3053 3259 3052
16913 2 2 0 7 3080 4289 3636
16914 2 2 0 7 2293 3828 3508
16915 2 2 0 7 2672 2954 2558
16916 2 2 0 7 2929 2930 2855
16917 2 2 0 7 4213 5029 4505
16918 2 2 0 7 3480 3482 3479
16919 2 2 0 7 4262 5489 4263
16920 2 2 0 7 3104 3108 3105
16921 2 2 0 7 3134 4224 3848
16922 2 2 0 7 2655 3293 2901
16923 2 2 0 7 4385 5003 4036
16924 2 2 0 7 3490 3856 3855
16925 2 2 0 7 4609 5606 3216
16926 2 2 0 7 2400 2642 2512
16927 2 2 0 7 3311 4373 3312
16928 2 2 0 7 3395 4689 3396
16929 2 2 0 7 4223 5296 5063
16930 2 2 0 7 3132 3633 3495
16931 2 2 0 7 2644 2973 2643
16932 2 2 0 7 4958 4960 4959
16933 2 2 0 7 4027 4350 4026
16934 2 2 0 7 4626 5034 4627
16935 2 2 0 7 4247 5017 4246
16936 2 2 0 7 2928 3802 2927
16937 2 2 0 7 5430 9466 6508
16938 2 2 0 7 6442 8929 7765
16939 2 2 0 7 5871 8981 5870
16940 2 2 0 7 8369 8828 2815
16941 2 2 0 7 6445 9437 6446
16942 2 2 0 7 8354 9506 6597
16943 2 2 0 7 5673 8712 5675
16944 2 2 0 7 8362 9520 4510
16945 2 2 0 7 5424 8219 5463
16946 2 2 0 7 4004 9447 4006
16947 2 2 0 7 7783 9002 3517
16948 2 2 0 7 5871 8989 8981
16949 2 2 0 7 6069 8105 6020
16950 2 2 0 7 6742 8721 4144
16951 2 2 0 7 8476 9416 7851
16952 2 2 0 7 26 8710 25
16953 2 2 0 7 5674 8564 8008
16954 2 2 0 7 5201 8715 5199
16955 2 2 0 7 6577 8267 3001
16956 2 2 0 7 7852 9253 5917
16957 2 2 0 7 4621 7992 3918
16958 2 2 0 7 7794 9372 5456
16959 2 2 0 7 7939 8885 8737
16960 2 2 0 7 8737 8885 5542
16961 2 2 0 7 5312 9206 6287
16962 2 2 0 7 8393 9038 5789
16963 2 2 0 7 7323 8989 5871
16964 2 2 0 7 8546 8856 4605
16965 2 2 0 7 5110 6534 3192
16966 2 2 0 7 4056 8638 4646
16967 2 2 0 7 8405 8986 2251
16968 2 2 0 7 2333 8729 2335
16969 2 2 0 7 6706 8490 3676
16970 2 2 0 7 5819 9490 8453
16971 2 2 0 7 174 8722 173
16972 2 2 0 7 8354 9240 2710
16973 2 2 0 7 2198 8763 6736
16974 2 2 0 7 4388 8733 7318
16975 2 2 0 7 2396 8982 2353
16976 2 2 0 7 6626 9014 5626
16977 2 2 0 7 4394 8400 5584
16978 2 2 0 7 8206 8766 2594
16979 2 2 0 7 5120 7850 7849
16980 2 2 0 7 3135 9000 8634
16981 2 2 0 7 5708 9476 7142
16982 2 2 0 7 8045 8295 2765
16983 2 2 0 7 2442 8986 8789
16984 2 2 0 7 50 8730 49
16985 2 2 0 7 8469 8548 4280
16986 2 2 0 7 6796 8737 5542
16987 2 2 0 7 4915 9317 5576
16988 2 2 0 7 4359 9263 5632
16989 2 2 0 7 57 8775 56
16990 2 2 0 7 5862 8873 5860
16991 2 2 0 7 7872 9135 6061
16992 2 2 0 7 59 8734 58
16993 2 2 0 7 8327 8732 2914
16994 2 2 0 7 5148 8742 5833
16995 2 2 0 7 6630 9201 5421
16996 2 2 0 7 2787 8669 6326
16997 2 2 0 7 17 8771 16
16998 2 2 0 7 8152 8456 5095
16999 2 2 0 7 4388 8764 8733
17000 2 2 0 7 6547 7881 7880
17001 2 2 0 7 6544 9114 6212
17002 2 2 0 7 7808 8988 1416
17003 2 2 0 7 4250 8777 3502
17004 2 2 0 7 6360 8043 3676
17005 2 2 0 7 5688 8882 5689
17006 2 2 0 7 9012 9013 5900
17007 2 2 0 7 7807 9375 8429
17008 2 2 0 7 2997 8267 2744
17009 2 2 0 7 3943 9516 9092
17010 2 2 0 7 4478 8752 5876
17011 2 2 0 7 8198 8528 3345
17012 2 2 0 7 5190 8320 6587
17013 2 2 0 7 3274 8753 3276
17014 2 2 0 7 1584 8700 2019
17015 2 2 0 7 6741 8956 6743
17016 2 2 0 7 6640 9259 4489
17017 2 2 0 7 6348 9107 6349
17018 2 2 0 7 2598 8683 5
17019 2 2 0 7 2357 8582 3021
17020 2 2 0 7 3070 8760 7791
17021 2 2 0 7 6524 9261 6098
17022 2 2 0 7 6065 9487 6063
17023 2 2 0 7 2882 8709 6448
17024 2 2 0 7 1358 8831 7292
17025 2 2 0 7 4387 8764 4388
17026 2 2 0 7 6240 9092 6647
17027 2 2 0 7 6402 8855 2573
17028 2 2 0 7 4489 9258 6640
17029 2 2 0 7 5882 9529 8980
17030 2 2 0 7 4458 9447 8617
17031 2 2 0 7 8100 9491 8640
17032 2 2 0 7 8694 9340 6521
17033 2 2 0 7 6866 8767 6857
17034 2 2 0 7 6304 9419 8706
17035 2 2 0 7 45 8758 44
17036 2 2 0 7 7562 8768 5395
17037 2 2 0 7 3019 9347 7628
17038 2 2 0 7 6663 9126 6423
17039 2 2 0 7 3819 9374 6228
17040 2 2 0 7 7982 8411 4934
17041 2 2 0 7 2206 8903 2237
17042 2 2 0 7 31 8765 30
17043 2 2 0 7 6505 9264 5834
17044 2 2 0 7 8395 9313 8940
17045 2 2 0 7 6837 9343 6817
17046 2 2 0 7 5536 8806 8761
17047 2 2 0 7 5583 8863 7441
17048 2 2 0 7 8447 9122 5698
17049 2 2 0 7 6907 8771 6908
17050 2 2 0 7 2911 9529 6283
17051 2 2 0 7 6427 9218 4699
17052 2 2 0 7 6618 8302 6209
17053 2 2 0 7 3958 8316 3957
17054 2 2 0 7 5414 8579 8419
17055 2 2 0 7 4680 9506 2710
17056 2 2 0 7 5345 8888 6383
17057 2 2 0 7 3001 8267 2997
17058 2 2 0 7 4424 8943 3205
17059 2 2 0 7 8196 8784 6006
17060 2 2 0 7 203 8831 1358
17061 2 2 0 7 6643 8775 6519
17062 2 2 0 7 6839 8985 7801
17063 2 2 0 7 6605 9147 5564
17064 2 2 0 7 1556 9309 7551
17065 2 2 0 7 6572 9165 2365
17066 2 2 0 7 8174 8431 3360
17067 2 2 0 7 6537 8818 6538
17068 2 2 0 7 5781 8785 7563
17069 2 2 0 7 8379 8830 5153
17070 2 2 0 7 2722 8666 2723
17071 2 2 0 7 5548 9544 4167
17072 2 2 0 7 5545 9543 4380
17073 2 2 0 7 292 8754 293
17074 2 2 0 7 7262 8793 1399
17075 2 2 0 7 5840 8969 5426
17076 2 2 0 7 4155 9493 6720
17077 2 2 0 7 8084 8171 2601
17078 2 2 0 7 5169 9533 5168
17079 2 2 0 7 6453 8795 5138
17080 2 2 0 7 2719 8796 2585
17081 2 2 0 7 6540 9062 8252
17082 2 2 0 7 8252 9062 5630
17083 2 2 0 7 6462 9253 7852
17084 2 2 0 7 4698 8232 4090
17085 2 2 0 7 7699 8804 4217
17086 2 2 0 7 8018 9060 1638
17087 2 2 0 7 6700 8912 6698
17088 2 2 0 7 8438 9125 1757
17089 2 2 0 7 5534 8806 5536
17090 2 2 0 7 6151 8820 6152
17091 2 2 0 7 8933 9510 5452
17092 2 2 0 7 5327 8813 5329
17093 2 2 0 7 5167 8666 2725
17094 2 2 0 7 4949 8814 5761
17095 2 2 0 7 6409 8296 2651
17096 2 2 0 7 5711 8817 7502
17097 2 2 0 7 2760 8794 2977
17098 2 2 0 7 4223 8373 5296
17099 2 2 0 7 5440 8894 8141
17100 2 2 0 7 2293 8374 3828
17101 2 2 0 7 5072 8567 6770
17102 2 2 0 7 9123 9363 3504
17103 2 2 0 7 2830 8821 2834
17104 2 2 0 7 8506 8841 6218
17105 2 2 0 7 8119 8931 4638
17106 2 2 0 7 5113 9308 6359
17107 2 2 0 7 8623 9547 8538
17108 2 2 0 7 3541 8954 7841
17109 2 2 0 7 3873 8858 2563
17110 2 2 0 7 8036 9277 5645
17111 2 2 0 7 8890 9518 5316
17112 2 2 0 7 4688 8941 6800
17113 2 2 0 7 5737 8936 5736
17114 2 2 0 7 6746 8772 5945
17115 2 2 0 7 5661 8348 8336
17116 2 2 0 7 1428 9221 8459
17117 2 2 0 7 1475 8827 1472
17118 2 2 0 7 6291 9509 8351
17119 2 2 0 7 8024 8493 3968
17120 2 2 0 7 7894 9524 7882
17121 2 2 0 7 5071 8281 6669
17122 2 2 0 7 6068 8865 6067
17123 2 2 0 7 1594 8345 1596
17124 2 2 0 7 2106 8345 1594
17125 2 2 0 7 6838 8115 6839
17126 2 2 0 7 6863 8115 4390
17127 2 2 0 7 6862 8116 6863
17128 2 2 0 7 1725 8117 1727
17129 2 2 0 7 2765 9327 8045
17130 2 2 0 7 5812 8218 8217
17131 2 2 0 7 4534 8121 5884
17132 2 2 0 7 4291 8121 3790
17133 2 2 0 7 7551 9309 7185
17134 2 2 0 7 5506 9158 6649
17135 2 2 0 7 6572 9089 6573
17136 2 2 0 7 3844 8755 3497
17137 2 2 0 7 4971 9001 8980
17138 2 2 0 7 6145 9009 6266
17139 2 2 0 7 3630 8788 8193
17140 2 2 0 7 5702 9311 2568
17141 2 2 0 7 7769 9007 7774
17142 2 2 0 7 6777 9179 4010
17143 2 2 0 7 2841 9318 8277
17144 2 2 0 7 7292 8831 7293
17145 2 2 0 7 8074 9040 229
17146 2 2 0 7 6281 8287 6278
17147 2 2 0 7 105 8838 104
17148 2 2 0 7 3509 8593 8108
17149 2 2 0 7 8678 8695 3462
17150 2 2 0 7 5978 9017 5977
17151 2 2 0 7 6019 8865 6069
17152 2 2 0 7 8294 8397 5942
17153 2 2 0 7 8893 9460 5500
17154 2 2 0 7 4373 8376 8375
17155 2 2 0 7 8375 8376 6778
17156 2 2 0 7 2815 8828 6161
17157 2 2 0 7 6346 8012 3390
17158 2 2 0 7 5867 9189 6548
17159 2 2 0 7 6131 8856 8546
17160 2 2 0 7 179 8839 178
17161 2 2 0 7 3986 7831 6629
17162 2 2 0 7 1416 8988 7950
17163 2 2 0 7 6367 8568 2211
17164 2 2 0 7 7951 9521 2862
17165 2 2 0 7 9357 9358 7441
17166 2 2 0 7 4680 8893 8385
17167 2 2 0 7 8838 8872 104
17168 2 2 0 7 5103 9332 6589
17169 2 2 0 7 6948 8854 1626
17170 2 2 0 7 7860 9471 1683
17171 2 2 0 7 7938 8739 5626
17172 2 2 0 7 5388 9082 8160
17173 2 2 0 7 5602 6722 4287
17174 2 2 0 7 6592 8483 4513
17175 2 2 0 7 3345 8528 4000
17176 2 2 0 7 5825 8961 6503
17177 2 2 0 7 3919 7992 3922
17178 2 2 0 7 7058 8857 7057
17179 2 2 0 7 6446 9437 8513
17180 2 2 0 7 8110 9139 6508
17181 2 2 0 7 8576 8577 2857
17182 2 2 0 7 7809 8832 1382
17183 2 2 0 7 8960 8981 2070
17184 2 2 0 7 5975 9215 8714
17185 2 2 0 7 8814 8876 5761
17186 2 2 0 7 2765 8295 2679
17187 2 2 0 7 2401 9039 8949
17188 2 2 0 7 6614 8562 2709
17189 2 2 0 7 6006 8131 6005
17190 2 2 0 7 104 8872 103
17191 2 2 0 7 8852 9436 6381
17192 2 2 0 7 4483 8812 3836
17193 2 2 0 7 7278 8875 1630
17194 2 2 0 7 4371 8689 4944
17195 2 2 0 7 4264 8935 8287
17196 2 2 0 7 4076 8688 3330
17197 2 2 0 7 3774 8687 3063
17198 2 2 0 7 6102 8899 8898
17199 2 2 0 7 3422 9002 4401
17200 2 2 0 7 6208 8808 6343
17201 2 2 0 7 4363 8604 6463
17202 2 2 0 7 4512 8891 6325
17203 2 2 0 7 2303 9019 2298
17204 2 2 0 7 7141 9166 7142
17205 2 2 0 7 8755 9464 3496
17206 2 2 0 7 5428 7924 5840
17207 2 2 0 7 6361 9335 6593
17208 2 2 0 7 2333 9071 8729
17209 2 2 0 7 6661 9335 4449
17210 2 2 0 7 5140 9164 7978
17211 2 2 0 7 19 8870 18
17212 2 2 0 7 3621 8803 6146
17213 2 2 0 7 6670 9122 8447
17214 2 2 0 7 6459 9146 6460
17215 2 2 0 7 9196 9314 5923
17216 2 2 0 7 5880 9386 5881
17217 2 2 0 7 5410 9073 9027
17218 2 2 0 7 3882 9413 8520
17219 2 2 0 7 4181 8516 4182
17220 2 2 0 7 3317 8517 3318
17221 2 2 0 7 3839 6306 3837
17222 2 2 0 7 6633 8782 2426
17223 2 2 0 7 1404 8888 7340
17224 2 2 0 7 6381 8956 4139
17225 2 2 0 7 6435 9112 5828
17226 2 2 0 7 3292 9476 6638
17227 2 2 0 7 1587 9125 6333
17228 2 2 0 7 2700 9320 2704
17229 2 2 0 7 195 8879 194
17230 2 2 0 7 4695 9557 8210
17231 2 2 0 7 2926 8807 7906
17232 2 2 0 7 5761 9108 8422
17233 2 2 0 7 2448 6277 2445
17234 2 2 0 7 209 8880 208
17235 2 2 0 7 6372 9554 9553
17236 2 2 0 7 5784 9378 6795
17237 2 2 0 7 7793 9132 6684
17238 2 2 0 7 4461 8241 8197
17239 2 2 0 7 4655 9306 8932
17240 2 2 0 7 2794 8285 2799
17241 2 2 0 7 6474 8914 8913
17242 2 2 0 7 3932 8670 3933
17243 2 2 0 7 8079 9234 1418
17244 2 2 0 7 188 8897 187
17245 2 2 0 7 5718 9455 6556
17246 2 2 0 7 1682 8904 1688
17247 2 2 0 7 2660 6527 2661
17248 2 2 0 7 8009 9273 5696
17249 2 2 0 7 7535 8907 7110
17250 2 2 0 7 5667 8727 5440
17251 2 2 0 7 6180 9052 8222
17252 2 2 0 7 5768 8906 4442
17253 2 2 0 7 2418 8909 2552
17254 2 2 0 7 8285 8527 2849
17255 2 2 0 7 7564 8911 7061
17256 2 2 0 7 8031 9211 5108
17257 2 2 0 7 2600 8346 7758
17258 2 2 0 7 5652 9238 5651
17259 2 2 0 7 3590 8317 6267
17260 2 2 0 7 7143 9030 7144
17261 2 2 0 7 2219 8997 6282
17262 2 2 0 7 3850 9494 3819
17263 2 2 0 7 8900 8922 8384
17264 2 2 0 7 5301 8690 5785
17265 2 2 0 7 6709 8903 2210
17266 2 2 0 7 5513 8918 7322
17267 2 2 0 7 5303 8690 5301
17268 2 2 0 7 8563 8843 5088
17269 2 2 0 7 6976 8920 6977
17270 2 2 0 7 3566 8674 3567
17271 2 2 0 7 3558 8675 3557
17272 2 2 0 7 5677 9156 4981
17273 2 2 0 7 3928 8701 3949
17274 2 2 0 7 8690 8691 5785
17275 2 2 0 7 5542 8885 8475
17276 2 2 0 7 6624 9172 5938
17277 2 2 0 7 5562 9452 6657
17278 2 2 0 7 4103 8384 4027
17279 2 2 0 7 3615 9041 8718
17280 2 2 0 7 7911 8340 5380
17281 2 2 0 7 2881 8709 2879
17282 2 2 0 7 2271 9076 8405
17283 2 2 0 7 2885 9029 5731
17284 2 2 0 7 3462 8695 3464
17285 2 2 0 7 8747 9550 7772
17286 2 2 0 7 3926 8701 3925
17287 2 2 0 7 102 8928 101
17288 2 2 0 7 7765 8929 5721
17289 2 2 0 7 2375 9198 6347
17290 2 2 0 7 3416 8788 3412
17291 2 2 0 7 3984 9036 3985
17292 2 2 0 7 3626 9389 6785
17293 2 2 0 7 5544 7913 5014
17294 2 2 0 7 3773 9186 3777
17295 2 2 0 7 7774 9187 7770
17296 2 2 0 7 278 8896 279
17297 2 2 0 7 2909 8849 2957
17298 2 2 0 7 5889 9305 8195
17299 2 2 0 7 4439 8934 4438
17300 2 2 0 7 6542 9457 6065
17301 2 2 0 7 5188 8543 8153
17302 2 2 0 7 6750 8436 4237
17303 2 2 0 7 5881 9386 7899
17304 2 2 0 7 7839 8774 8773
17305 2 2 0 7 2896 8800 2894
17306 2 2 0 7 5828 9112 8030
17307 2 2 0 7 7842 9450 5568
17308 2 2 0 7 3360 9450 7842
17309 2 2 0 7 6787 9399 5184
17310 2 2 0 7 3233 8716 3225
17311 2 2 0 7 8928 8958 101
17312 2 2 0 7 2915 8725 2734
17313 2 2 0 7 5323 8947 4276
17314 2 2 0 7 5500 9460 8290
17315 2 2 0 7 1466 8951 1464
17316 2 2 0 7 4383 8847 4382
17317 2 2 0 7 1737 8591 6808
17318 2 2 0 7 6708 9010 6385
17319 2 2 0 7 4347 8735 4177
17320 2 2 0 7 2498 8736 4063
17321 2 2 0 7 2567 8869 7769
17322 2 2 0 7 2194 8302 2198
17323 2 2 0 7 5890 9305 8801
17324 2 2 0 7 6025 9439 6024
17325 2 2 0 7 2941 8333 2943
17326 2 2 0 7 5546 7983 5545
17327 2 2 0 7 5360 8386 2999
17328 2 2 0 7 8637 9432 5805
17329 2 2 0 7 2898 8607 3260
17330 2 2 0 7 5153 8830 7742
17331 2 2 0 7 4492 9295 5355
17332 2 2 0 7 8491 9397 4703
17333 2 2 0 7 2077 8957 7193
17334 2 2 0 7 101 8958 100
17335 2 2 0 7 8454 9362 6692
17336 2 2 0 7 8453 9490 5694
17337 2 2 0 7 8616 8617 5731
17338 2 2 0 7 8089 9037 6717
17339 2 2 0 7 9017 9018 5977
17340 2 2 0 7 4179 8735 4510
17341 2 2 0 7 2503 8736 2500
17342 2 2 0 7 6188 8890 5012
17343 2 2 0 7 4989 8962 4815
17344 2 2 0 7 6582 7983 6087
17345 2 2 0 7 2211 8568 2212
17346 2 2 0 7 5112 8133 5111
17347 2 2 0 7 2226 8883 415
17348 2 2 0 7 8880 9535 7010
17349 2 2 0 7 2760 9259 8794
17350 2 2 0 7 6496 8088 6495
17351 2 2 0 7 7203 8966 1991
17352 2 2 0 7 4238 8811 7910
17353 2 2 0 7 5107 8967 5128
17354 2 2 0 7 8034 8196 6006
17355 2 2 0 7 6212 9114 6762
17356 2 2 0 7 8522 9491 5786
17357 2 2 0 7 4483 9114 8812
17358 2 2 0 7 73 9068 8101
17359 2 2 0 7 4428 8339 5782
17360 2 2 0 7 4124 9182 5574
17361 2 2 0 7 6015 9394 6016
17362 2 2 0 7 8432 8555 2396
17363 2 2 0 7 6578 8267 6577
17364 2 2 0 7 5579 8975 5578
17365 2 2 0 7 2524 9429 6116
17366 2 2 0 7 2649 9517 2647
17367 2 2 0 7 6639 9251 5678
17368 2 2 0 7 5603 9383 6214
17369 2 2 0 7 8299 9269 4097
17370 2 2 0 7 7203 8984 8966
17371 2 2 0 7 8437 8878 6110
17372 2 2 0 7 5663 9390 5664
17373 2 2 0 7 5114 8963 5112
17374 2 2 0 7 2070 8981 6804
17375 2 2 0 7 8541 9032 5785
17376 2 2 0 7 5514 9033 8542
17377 2 2 0 7 8011 8368 3593
17378 2 2 0 7 9120 9249 5892
17379 2 2 0 7 6351 8777 8776
17380 2 2 0 7 2917 8603 6441
17381 2 2 0 7 1577 8456 1570
17382 2 2 0 7 2251 8986 2254
17383 2 2 0 7 6892 8983 5504
17384 2 2 0 7 2283 9341 2285
17385 2 2 0 7 8981 8989 6804
17386 2 2 0 7 6294 9250 8335
17387 2 2 0 7 2778 8322 3665
17388 2 2 0 7 2372 8377 2379
17389 2 2 0 7 5971 9392 4471
17390 2 2 0 7 8246 9217 1642
17391 2 2 0 7 3289 8984 7203
17392 2 2 0 7 4702 9378 4423
17393 2 2 0 7 7801 8985 1634
17394 2 2 0 7 4881 8782 6633
17395 2 2 0 7 7950 8988 7043
17396 2 2 0 7 5341 8978 8102
17397 2 2 0 7 5946 8809 5949
17398 2 2 0 7 5482 9387 8164
17399 2 2 0 7 6804 8989 6806
17400 2 2 0 7 7716 9518 6188
17401 2 2 0 7 8746 8867 7928
17402 2 2 0 7 8932 8933 5452
17403 2 2 0 7 8430 9021 6678
17404 2 2 0 7 3950 8990 3913
17405 2 2 0 7 5501 8991 7640
17406 2 2 0 7 1570 8456 1572
17407 2 2 0 7 5900 9013 6767
17408 2 2 0 7 1814 8992 1785
17409 2 2 0 7 4888 8751 3421
17410 2 2 0 7 5418 8665 5764
17411 2 2 0 7 7920 9530 2182
17412 2 2 0 7 5162 9044 5161
17413 2 2 0 7 3983 8493 8305
17414 2 2 0 7 8093 8792 2442
17415 2 2 0 7 7900 9500 4249
17416 2 2 0 7 3865 8644 3866
17417 2 2 0 7 6989 8996 6988
17418 2 2 0 7 8718 9041 8716
17419 2 2 0 7 7013 9151 7012
17420 2 2 0 7 6188 9518 8890
17421 2 2 0 7 6209 9116 5449
17422 2 2 0 7 5837 9358 8254
17423 2 2 0 7 8644 9342 5701
17424 2 2 0 7 5622 9278 5621
17425 2 2 0 7 2983 8449 3080
17426 2 2 0 7 99 9006 98
17427 2 2 0 7 9252 9525 6733
17428 2 2 0 7 3114 9531 3109
17429 2 2 0 7 3562 8368 4291
17430 2 2 0 7 4530 8944 3088
17431 2 2 0 7 4446 9015 7360
17432 2 2 0 7 8857 9030 1474
17433 2 2 0 7 5666 9060 8018
17434 2 2 0 7 7821 9365 8508
17435 2 2 0 7 4350 9023 4026
17436 2 2 0 7 5344 9373 5343
17437 2 2 0 7 3593 8368 3376
17438 2 2 0 7 6647 9339 6373
17439 2 2 0 7 1402 9037 8089
17440 2 2 0 7 2663 9537 2662
17441 2 2 0 7 6197 9020 7632
17442 2 2 0 7 2343 9021 2345
17443 2 2 0 7 7770 9187 8193
17444 2 2 0 7 4689 8743 3396
17445 2 2 0 7 1757 9125 1589
17446 2 2 0 7 4526 9124 8054
17447 2 2 0 7 8824 9429 5867
17448 2 2 0 7 2174 9433 2177
17449 2 2 0 7 8371 8626 2671
17450 2 2 0 7 2203 8693 2205
17451 2 2 0 7 3185 8694 3187
17452 2 2 0 7 5096 9473 2659
17453 2 2 0 7 3822 9313 8494
17454 2 2 0 7 6839 8389 4429
17455 2 2 0 7 4351 8390 8116
17456 2 2 0 7 3732 9031 7395
17457 2 2 0 7 5627 9493 6434
17458 2 2 0 7 4063 8842 8473
17459 2 2 0 7 7767 9550 8209
17460 2 2 0 7 2311 8950 2313
17461 2 2 0 7 8554 9232 3611
17462 2 2 0 7 4564 8400 3791
17463 2 2 0 7 3732 9050 9031
17464 2 2 0 7 3624 8445 2743
17465 2 2 0 7 2398 8537 8536
17466 2 2 0 7 8145 9173 2926
17467 2 2 0 7 6894 9045 6891
17468 2 2 0 7 24 9028 23
17469 2 2 0 7 3869 8644 4490
17470 2 2 0 7 5137 9366 8494
17471 2 2 0 7 8363 8735 4347
17472 2 2 0 7 6254 9463 5808
17473 2 2 0 7 6762 9114 4483
17474 2 2 0 7 6573 9089 8161
17475 2 2 0 7 7022 9050 3732
17476 2 2 0 7 6665 9283 1801
17477 2 2 0 7 8370 9414 1418
17478 2 2 0 7 6660 9377 5947
17479 2 2 0 7 8844 9389 6387
17480 2 2 0 7 6446 9051 5061
17481 2 2 0 7 8438 9183 6498
17482 2 2 0 7 229 9040 228
17483 2 2 0 7 3831 8874 7751
17484 2 2 0 7 8736 8842 4063
17485 2 2 0 7 7972 8651 3593
17486 2 2 0 7 7022 9065 9050
17487 2 2 0 7 171 9096 1432
17488 2 2 0 7 5668 9072 6411
17489 2 2 0 7 6379 9061 6380
17490 2 2 0 7 1458 9063 1456
17491 2 2 0 7 4099 9088 9079
17492 2 2 0 7 6549 8902 7986
17493 2 2 0 7 7989 8868 5185
17494 2 2 0 7 1997 9065 7022
17495 2 2 0 7 5137 9313 8395
17496 2 2 0 7 7246 9451 7245
17497 2 2 0 7 2331 9071 2333
17498 2 2 0 7 6512 9245 6513
17499 2 2 0 7 5817 8811 4238
17500 2 2 0 7 2374 8622 6685
17501 2 2 0 7 5811 9074 4451
17502 2 2 0 7 1431 9066 74
17503 2 2 0 7 1430 9068 123
17504 2 2 0 7 122 9067 1433
17505 2 2 0 7 2365 9165 6713
17506 2 2 0 7 5463 8867 6752
17507 2 2 0 7 2248 9149 2272
17508 2 2 0 7 97 9078 96
17509 2 2 0 7 5541 9077 6796
17510 2 2 0 7 6233 7931 6711
17511 2 2 0 7 3959 9319 3960
17512 2 2 0 7 9451 9479 7245
17513 2 2 0 7 8086 8414 5527
17514 2 2 0 7 6081 9099 6079
17515 2 2 0 7 3165 8955 2776
17516 2 2 0 7 7588 9084 4499
17517 2 2 0 7 5609 9087 5869
17518 2 2 0 7 6740 9470 8681
17519 2 2 0 7 2971 9549 8322
17520 2 2 0 7 4962 9055 6340
17521 2 2 0 7 8998 9417 5703
17522 2 2 0 7 6054 9417 8998
17523 2 2 0 7 8575 8891 6707
17524 2 2 0 7 9084 9101 4499
17525 2 2 0 7 4635 8942 3787
17526 2 2 0 7 6513 9113 5862
17527 2 2 0 7 4554 8703 5150
17528 2 2 0 7 8095 8664 2441
17529 2 2 0 7 2820 9094 2822
17530 2 2 0 7 7245 9479 7370
17531 2 2 0 7 3502 8777 6351
17532 2 2 0 7 7258 9097 5709
17533 2 2 0 7 6435 7786 3518
17534 2 2 0 7 5836 8847 5282
17535 2 2 0 7 8840 9213 5707
17536 2 2 0 7 6685 8622 5895
17537 2 2 0 7 6727 9013 9012
17538 2 2 0 7 4499 9101 6930
17539 2 2 0 7 5626 8739 2869
17540 2 2 0 7 4682 8972 4998
17541 2 2 0 7 4129 9536 4891
17542 2 2 0 7 6265 8876 2626
17543 2 2 0 7 2589 9110 2587
17544 2 2 0 7 9479 9508 7370
17545 2 2 0 7 8405 9076 8550
17546 2 2 0 7 5958 9353 8523
17547 2 2 0 7 5821 9025 6309
17548 2 2 0 7 7986 8902 5987
17549 2 2 0 7 5589 9115 5591
17550 2 2 0 7 4905 8569 8387
17551 2 2 0 7 8387 8569 5171
17552 2 2 0 7 4342 8840 8675
17553 2 2 0 7 4270 8289 4513
17554 2 2 0 7 8208 8889 3313
17555 2 2 0 7 6646 9118 5691
17556 2 2 0 7 4350 8922 8029
17557 2 2 0 7 6219 8527 8285
17558 2 2 0 7 7219 9127 7220
17559 2 2 0 7 126 9128 1392
17560 2 2 0 7 1380 9129 128
17561 2 2 0 7 7370 9508 2138
17562 2 2 0 7 4639 9130 3489
17563 2 2 0 7 3119 8515 3116
17564 2 2 0 7 3882 8520 2976
17565 2 2 0 7 8433 9213 6700
17566 2 2 0 7 8913 8914 5320
17567 2 2 0 7 5635 8921 8829
17568 2 2 0 7 5325 9507 8415
17569 2 2 0 7 7345 9467 6310
17570 2 2 0 7 8579 9027 5918
17571 2 2 0 7 5414 9027 8579
17572 2 2 0 7 4449 9335 6361
17573 2 2 0 7 4569 8478 7897
17574 2 2 0 7 6506 9511 6674
17575 2 2 0 7 8374 9019 5446
17576 2 2 0 7 5755 9144 4975
17577 2 2 0 7 2398 8536 2337
17578 2 2 0 7 6224 9495 6223
17579 2 2 0 7 4400 9153 7259
17580 2 2 0 7 8273 8658 5525
17581 2 2 0 7 8446 9099 5385
17582 2 2 0 7 6079 9099 8446
17583 2 2 0 7 7376 9154 1501
17584 2 2 0 7 2589 9208 9110
17585 2 2 0 7 2442 8792 6291
17586 2 2 0 7 5442 8822 6285
17587 2 2 0 7 8473 8916 8472
17588 2 2 0 7 2915 9400 8725
17589 2 2 0 7 1427 9440 8633
17590 2 2 0 7 5449 9116 8908
17591 2 2 0 7 8289 8642 5097
17592 2 2 0 7 4526 9505 4129
17593 2 2 0 7 1354 9151 8214
17594 2 2 0 7 5843 9216 6802
17595 2 2 0 7 8078 8834 3632
17596 2 2 0 7 8725 9400 6517
17597 2 2 0 7 8613 9422 1383
17598 2 2 0 7 5420 9171 4590
17599 2 2 0 7 4292 8414 4965
17600 2 2 0 7 5757 9170 5126
17601 2 2 0 7 5196 8671 5198
17602 2 2 0 7 2554 9552 8654
17603 2 2 0 7 3494 9369 4639
17604 2 2 0 7 2595 9174 2601
17605 2 2 0 7 5544 8719 7113
17606 2 2 0 7 8754 9442 5922
17607 2 2 0 7 6592 9212 8076
17608 2 2 0 7 3385 9281 5173
17609 2 2 0 7 5455 8895 4545
17610 2 2 0 7 5775 9464 5773
17611 2 2 0 7 2594 9008 8274
17612 2 2 0 7 3126 8680 3128
17613 2 2 0 7 8309 9480 5748
17614 2 2 0 7 4469 8900 8384
17615 2 2 0 7 2403 9289 2325
17616 2 2 0 7 6077 9323 6193
17617 2 2 0 7 5862 9113 8873
17618 2 2 0 7 5121 9156 8284
17619 2 2 0 7 8655 8910 5634
17620 2 2 0 7 3924 9075 4087
17621 2 2 0 7 6008 9197 6500
17622 2 2 0 7 4139 8956 6741
17623 2 2 0 7 5966 9396 9324
17624 2 2 0 7 8303 9393 6585
17625 2 2 0 7 6093 9157 6092
17626 2 2 0 7 5288 8467 5290
17627 2 2 0 7 6930 9199 5600
17628 2 2 0 7 6353 9221 6788
17629 2 2 0 7 5425 9034 8486
17630 2 2 0 7 2718 9227 2477
17631 2 2 0 7 5187 8999 5159
17632 2 2 0 7 8766 9258 5816
17633 2 2 0 7 2592 9208 2589
17634 2 2 0 7 3396 8743 3538
17635 2 2 0 7 3813 9209 3811
17636 2 2 0 7 8442 9449 7823
17637 2 2 0 7 4562 9446 4686
17638 2 2 0 7 3464 8695 3467
17639 2 2 0 7 6479 9154 5455
17640 2 2 0 7 8935 9462 8234
17641 2 2 0 7 2670 8676 5554
17642 2 2 0 7 7893 9103 2490
17643 2 2 0 7 6610 8527 5285
17644 2 2 0 7 1770 9220 1744
17645 2 2 0 7 2182 9530 2183
17646 2 2 0 7 5564 9147 6176
17647 2 2 0 7 3813 9248 9209
17648 2 2 0 7 2449 9136 2452
17649 2 2 0 7 8898 8899 4695
17650 2 2 0 7 1734 9229 1732
17651 2 2 0 7 9039 9204 6483
17652 2 2 0 7 5801 9231 7024
17653 2 2 0 7 4511 8952 8273
17654 2 2 0 7 1355 9495 8496
17655 2 2 0 7 5630 9235 5586
17656 2 2 0 7 2385 9184 6182
17657 2 2 0 7 5547 9434 8085
17658 2 2 0 7 9182 9199 6930
17659 2 2 0 7 6822 9245 1791
17660 2 2 0 7 1718 9282 1716
17661 2 2 0 7 7651 9248 3813
17662 2 2 0 7 6080 9286 6081
17663 2 2 0 7 7893 9102 5970
17664 2 2 0 7 5896 9298 6393
17665 2 2 0 7 6087 9145 7872
17666 2 2 0 7 7692 9256 5650
17667 2 2 0 7 8201 8770 5055
17668 2 2 0 7 7882 9524 6511
17669 2 2 0 7 8440 8649 2741
17670 2 2 0 7 5522 8649 8440
17671 2 2 0 7 2725 8666 2722
17672 2 2 0 7 5341 9468 5877
17673 2 2 0 7 3423 9003 3406
17674 2 2 0 7 3676 8043 3672
17675 2 2 0 7 5663 9532 8392
17676 2 2 0 7 3921 9395 4083
17677 2 2 0 7 5330 9255 8081
17678 2 2 0 7 2611 9180 2617
17679 2 2 0 7 8916 9134 2510
17680 2 2 0 7 9102 9239 5970
17681 2 2 0 7 8259 8728 6126
17682 2 2 0 7 2431 9296 2427
17683 2 2 0 7 4961 7832 6632
17684 2 2 0 7 2309 9204 2401
17685 2 2 0 7 7978 9164 4531
17686 2 2 0 7 4990 9247 7829
17687 2 2 0 7 4632 8448 5798
17688 2 2 0 7 6582 8990 3950
17689 2 2 0 7 2667 9300 2665
17690 2 2 0 7 1418 9234 205
17691 2 2 0 7 3534 9432 6768
17692 2 2 0 7 6768 9432 6311
17693 2 2 0 7 7144 9488 2140
17694 2 2 0 7 3029 9302 7357
17695 2 2 0 7 4054 8638 4056
17696 2 2 0 7 7944 9155 5075
17697 2 2 0 7 3240 9504 8547
17698 2 2 0 7 6748 6750 6747
17699 2 2 0 7 3971 9519 3973
17700 2 2 0 7 1723 9314 1724
17701 2 2 0 7 5551 9322 8889
17702 2 2 0 7 9302 9329 7357
17703 2 2 0 7 2514 9177 4680
17704 2 2 0 7 2265 9176 2268
17705 2 2 0 7 6210 9326 8038
17706 2 2 0 7 9059 9361 5081
17707 2 2 0 7 7357 9329 3761
17708 2 2 0 7 5010 8646 8203
17709 2 2 0 7 8116 8875 6863
17710 2 2 0 7 7917 9520 8362
17711 2 2 0 7 9329 9368 3761
17712 2 2 0 7 1498 9351 1496
17713 2 2 0 7 3792 9352 3640
17714 2 2 0 7 5584 8703 4554
17715 2 2 0 7 6668 8469 3215
17716 2 2 0 7 2926 9274 8807
17717 2 2 0 7 3333 9361 6805
17718 2 2 0 7 5725 9404 4427
17719 2 2 0 7 5760 9108 8876
17720 2 2 0 7 4961 9362 4962
17721 2 2 0 7 3761 9368 7555
17722 2 2 0 7 8258 9365 7821
17723 2 2 0 7 7967 9391 6041
17724 2 2 0 7 2473 9076 2271
17725 2 2 0 7 8624 9366 5137
17726 2 2 0 7 7183 9382 7186
17727 2 2 0 7 3090 8944 3331
17728 2 2 0 7 3798 8483 3799
17729 2 2 0 7 4414 8485 7709
17730 2 2 0 7 6280 9159 6279
17731 2 2 0 7 6221 9205 8053
17732 2 2 0 7 2869 8739 2866
17733 2 2 0 7 4011 9410 3962
17734 2 2 0 7 6805 9361 9059
17735 2 2 0 7 7858 9401 5619
17736 2 2 0 7 212 9325 1354
17737 2 2 0 7 6427 8954 6670
17738 2 2 0 7 5392 8792 5394
17739 2 2 0 7 7172 9414 7009
17740 2 2 0 7 6206 9527 6530
17741 2 2 0 7 6028 9538 8411
17742 2 2 0 7 5829 9422 5684
17743 2 2 0 7 5173 9025 6348
17744 2 2 0 7 2463 9086 2469
17745 2 2 0 7 2708 5823 2705
17746 2 2 0 7 7740 9083 7739
17747 2 2 0 7 6411 9549 5667
17748 2 2 0 7 4088 9350 3926
17749 2 2 0 7 4538 9528 2213
17750 2 2 0 7 5614 5747 5611
17751 2 2 0 7 2163 4991 2159
17752 2 2 0 7 5418 5764 5295
17753 2 2 0 7 2646 5336 2651
17754 2 2 0 7 7771 7772 7768
17755 2 2 0 7 5734 9440 7019
17756 2 2 0 7 4380 9543 3920
17757 2 2 0 7 4167 9544 3867
17758 2 2 0 7 2957 2962 2961
17759 2 2 0 7 4704 8804 7699
17760 2 2 0 7 2554 8654 2482
17761 2 2 0 7 6378 9436 6376
17762 2 2 0 7 7546 9451 3643
17763 2 2 0 7 3611 9232 8467
17764 2 2 0 7 5681 9331 9094
17765 2 2 0 7 6638 9476 5708
17766 2 2 0 7 8227 9106 8226
17767 2 2 0 7 4260 9462 4264
17768 2 2 0 7 8330 9316 5743
17769 2 2 0 7 7546 9479 9451
17770 2 2 0 7 6805 9059 1757
17771 2 2 0 7 3221 9041 3615
17772 2 2 0 7 3860 9426 6672
17773 2 2 0 7 7142 9476 3292
17774 2 2 0 7 6434 9475 6367
17775 2 2 0 7 3627 8173 6547
17776 2 2 0 7 7059 9479 7546
17777 2 2 0 7 2671 8372 8371
17778 2 2 0 7 6002 6006 6005
17779 2 2 0 7 3852 8535 3850
17780 2 2 0 7 3847 9306 4655
17781 2 2 0 7 6555 9488 5580
17782 2 2 0 7 7059 9508 9479
17783 2 2 0 7 2605 5816 2608
17784 2 2 0 7 8547 9504 6366
17785 2 2 0 7 2353 9290 2355
17786 2 2 0 7 4244 9364 3781
17787 2 2 0 7 5960 9446 4562
17788 2 2 0 7 7060 9508 7059
17789 2 2 0 7 6977 9522 4349
17790 2 2 0 7 4137 9523 3519
17791 2 2 0 7 7745 9526 6518
17792 2 2 0 7 5883 9529 5882
17793 2 2 0 7 4974 9388 5732
17794 2 2 0 7 6532 9540 5479
17795 2 2 0 7 2183 9530 2191
17796 2 2 0 7 1589 9125 1587
17797 2 2 0 7 6652 8685 8682
17798 2 2 0 7 8682 8685 5553
17799 2 2 0 7 5549 9011 8319
17800 2 2 0 7 5184 8943 4424
17801 2 2 0 7 8426 9293 5519
17802 2 2 0 7 5062 9554 6445
17803 2 2 0 7 7844 8719 5544
17804 2 2 0 7 8134 9372 3288
17805 2 2 0 7 5492 8994 8019
17806 2 2 0 7 6142 6274 6143
17807 2 2 0 7 8635 9430 7885
17808 2 2 0 7 7886 9431 8636
17809 2 2 0 7 8700 9219 8040
17810 2 2 0 7 5502 8086 5527
17811 2 2 0 7 6612 8973 6613
17812 2 2 0 7 6818 8389 5666
17813 2 2 0 7 1683 9471 8408
17814 2 2 0 7 5496 8390 7128
17815 2 2 0 7 5949 9469 6740
17816 2 2 0 7 8156 8987 2364
17817 2 2 0 7 2783 2971 2780
17818 2 2 0 7 5387 5390 5389
17819 2 2 0 7 3187 3190 3189
17820 2 2 0 7 2205 2208 2207
17821 2 2 0 7 3352 4171 3350
17822 2 2 0 7 5920 7924 5428
17823 2 2 0 7 3972 3982 3970
17824 2 2 0 7 5923 9095 8240
17825 2 2 0 7 1724 9196 8393
17826 2 2 0 7 3866 3869 3868
17827 2 2 0 7 3919 3922 3921
17828 2 2 0 7 2654 9259 2760
17829 2 2 0 7 3762 6748 6747
17830 2 2 0 7 5147 9169 3854
17831 2 2 0 7 4425 8337 5512
17832 2 2 0 7 6430 9398 9194
17833 2 2 0 7 2889 9482 6208
17834 2 2 0 7 6077 9332 8708
17835 2 2 0 7 8708 9332 5103
17836 2 2 0 7 5012 9353 8145
17837 2 2 0 7 7934 8515 5706
17838 2 2 0 7 6432 9555 6431
17839 2 2 0 7 3819 9494 9374
17840 2 2 0 7 385 9380 386
17841 2 2 0 7 8046 9376 4165
17842 2 2 0 7 2538 7916 6559
17843 2 2 0 7 7877 8751 4888
17844 2 2 0 7 8663 9358 5837
17845 2 2 0 7 6576 9492 8069
17846 2 2 0 7 3532 5805 3534
17847 2 2 0 7 2296 2298 2294
17848 2 2 0 7 5055 5081 4668
17849 2 2 0 7 5495 9471 7860
17850 2 2 0 7 5392 9509 8792
17851 2 2 0 7 6471 8922 8900
17852 2 2 0 7 5587 8836 8225
17853 2 2 0 7 8700 9148 2019
17854 2 2 0 7 6239 9233 6428
17855 2 2 0 7 8210 9557 5994
17856 2 2 0 7 2208 8693 5627
17857 2 2 0 7 3190 8694 4622
17858 2 2 0 7 2215 8568 3148
17859 2 2 0 7 8238 9418 5720
17860 2 2 0 7 2676 9330 8062
17861 2 2 0 7 6195 9310 8661
17862 2 2 0 7 428 9453 429
17863 2 2 0 7 5027 8931 8119
17864 2 2 0 7 7862 9385 7863
17865 2 2 0 7 7899 9386 4398
17866 2 2 0 7 7865 9496 5384
17867 2 2 0 7 3148 9481 4094
17868 2 2 0 7 5785 9032 5299
17869 2 2 0 7 4553 9033 5514
17870 2 2 0 7 5667 9549 8727
17871 2 2 0 7 3866 8644 3869
17872 2 2 0 7 6216 9399 5750
17873 2 2 0 7 8118 9466 5430
17874 2 2 0 7 7915 9345 8589
17875 2 2 0 7 7902 9179 6778
17876 2 2 0 7 5650 9256 8720
17877 2 2 0 7 5408 9027 5414
17878 2 2 0 7 9027 9073 5918
17879 2 2 0 7 1693 9219 1580
17880 2 2 0 7 8830 9193 7741
17881 2 2 0 7 8380 9193 8830
17882 2 2 0 7 2924 8548 6668
17883 2 2 0 7 3484 8549 3491
17884 2 2 0 7 5026 8550 6195
17885 2 2 0 7 3615 9507 6751
17886 2 2 0 7 8428 8681 6437
17887 2 2 0 7 6740 8681 8428
17888 2 2 0 7 8453 9118 2702
17889 2 2 0 7 5315 8556 6522
17890 2 2 0 7 6720 8693 2203
17891 2 2 0 7 5671 9333 5892
17892 2 2 0 7 3337 9123 3504
17893 2 2 0 7 8082 9207 5438
17894 2 2 0 7 5505 8713 6762
17895 2 2 0 7 3100 8572 3106
17896 2 2 0 7 4023 8561 4025
17897 2 2 0 7 5090 8562 6614
17898 2 2 0 7 7889 9454 8673
17899 2 2 0 7 2515 8563 5088
17900 2 2 0 7 8708 9323 6077
17901 2 2 0 7 6588 6722 5602
17902 2 2 0 7 4000 8528 4003
17903 2 2 0 7 5381 9496 7922
17904 2 2 0 7 8020 9159 2673
17905 2 2 0 7 6465 8169 6464
17906 2 2 0 7 6085 8524 6086
17907 2 2 0 7 8463 9054 8474
17908 2 2 0 7 6006 8784 8131
17909 2 2 0 7 8807 9274 6262
17910 2 2 0 7 3233 9057 8717
17911 2 2 0 7 8101 9068 1430
17912 2 2 0 7 6697 6698 4563
17913 2 2 0 7 6759 6760 5315
17914 2 2 0 7 2661 6527 2664
17915 2 2 0 7 5895 8622 5896
17916 2 2 0 7 2604 9438 2569
17917 2 2 0 7 3307 6277 2448
17918 2 2 0 7 6253 8339 4428
17919 2 2 0 7 3842 6306 3839
17920 2 2 0 7 3318 8517 3323
17921 2 2 0 7 4182 8516 4185
17922 2 2 0 7 3861 6765 6764
17923 2 2 0 7 3386 6726 3393
17924 2 2 0 7 4037 6728 4253
17925 2 2 0 7 6262 8565 5692
17926 2 2 0 7 4188 6631 4193
17927 2 2 0 7 3986 6628 3981
17928 2 2 0 7 2444 9435 8082
17929 2 2 0 7 5505 6762 4484
17930 2 2 0 7 4617 8769 4615
17931 2 2 0 7 3011 9105 6250
17932 2 2 0 7 6389 8667 5671
17933 2 2 0 7 5204 8581 4294
17934 2 2 0 7 6538 8818 3591
17935 2 2 0 7 5590 8575 6610
17936 2 2 0 7 7757 7758 6403
17937 2 2 0 7 2253 3016 2250
17938 2 2 0 7 3951 4346 3622
17939 2 2 0 7 4003 4007 4004
17940 2 2 0 7 5979 5981 5980
17941 2 2 0 7 5333 5335 5334
17942 2 2 0 7 4650 5182 5129
17943 2 2 0 7 4161 4162 4160
17944 2 2 0 7 9177 9460 8893
17945 2 2 0 7 6086 6582 6087
17946 2 2 0 7 6280 9160 9159
17947 2 2 0 7 5158 8578 5156
17948 2 2 0 7 2942 2946 2940
17949 2 2 0 7 4146 4352 3842
17950 2 2 0 7 3323 3325 3324
17951 2 2 0 7 3414 3630 3628
17952 2 2 0 7 4185 4187 4186
17953 2 2 0 7 8520 9413 9053
17954 2 2 0 7 4885 9524 7894
17955 2 2 0 7 6771 8197 6772
17956 2 2 0 7 5593 6786 5595
17957 2 2 0 7 5143 8576 5145
17958 2 2 0 7 3962 3963 3961
17959 2 2 0 7 6282 8997 5668
17960 2 2 0 7 3591 8818 7953
17961 2 2 0 7 2710 9240 7957
17962 2 2 0 7 6019 6020 6018
17963 2 2 0 7 6152 8409 6153
17964 2 2 0 7 6536 8480 6295
17965 2 2 0 7 4947 5207 5206
17966 2 2 0 7 4376 4508 4079
17967 2 2 0 7 4952 4953 3881
17968 2 2 0 7 3889 4399 3891
17969 2 2 0 7 4341 4342 3669
17970 2 2 0 7 3570 3574 3572
17971 2 2 0 7 3628 4889 3823
17972 2 2 0 7 3936 3940 3938
17973 2 2 0 7 2215 3148 2217
17974 2 2 0 7 4570 8581 5793
17975 2 2 0 7 3527 3536 3529
17976 2 2 0 7 3117 8587 3134
17977 2 2 0 7 4984 8488 4952
17978 2 2 0 7 4093 5031 4456
17979 2 2 0 7 3572 3575 3573
17980 2 2 0 7 2666 2668 2667
17981 2 2 0 7 3659 4031 4029
17982 2 2 0 7 3357 3402 3355
17983 2 2 0 7 3976 3992 3974
17984 2 2 0 7 3216 6807 3214
17985 2 2 0 7 3201 3203 3202
17986 2 2 0 7 3529 3531 3530
17987 2 2 0 7 3902 3909 3903
17988 2 2 0 7 4069 5358 4443
17989 2 2 0 7 3503 5431 4432
17990 2 2 0 7 2368 8588 2312
17991 2 2 0 7 2991 3420 2990
17992 2 2 0 7 3955 5477 3953
17993 2 2 0 7 3893 3895 3894
17994 2 2 0 7 2652 2654 2653
17995 2 2 0 7 4432 5649 4660
17996 2 2 0 7 3941 4097 3942
17997 2 2 0 7 2767 2773 2768
17998 2 2 0 7 4197 4211 4198
17999 2 2 0 7 3991 3997 3990
18000 2 2 0 7 3956 3957 3955
18001 2 2 0 7 5770 5771 4883
18002 2 2 0 7 3505 3586 3585
18003 2 2 0 7 4285 4479 4148
18004 2 2 0 7 6815 8591 5151
18005 2 2 0 7 3979 3980 3978
18006 2 2 0 7 2260 2262 2257
18007 2 2 0 7 2984 4970 4154
18008 2 2 0 7 3003 3005 2948
18009 2 2 0 7 4601 5470 5469
18010 2 2 0 7 3853 3854 3359
18011 2 2 0 7 2221 4879 2222
18012 2 2 0 7 3418 4121 4120
18013 2 2 0 7 5314 8388 5498
18014 2 2 0 7 3908 3944 3910
18015 2 2 0 7 3018 3421 3377
18016 2 2 0 7 2264 2267 2263
18017 2 2 0 7 2316 8592 2314
18018 2 2 0 7 3377 3800 3770
18019 2 2 0 7 3253 3422 3254
18020 2 2 0 7 3514 3516 3515
18021 2 2 0 7 4408 4880 4414
18022 2 2 0 7 5528 8095 8005
18023 2 2 0 7 4353 5459 5321
18024 2 2 0 7 3515 3668 3540
18025 2 2 0 7 4661 4703 4702
18026 2 2 0 7 2590 2594 2593
18027 2 2 0 7 4204 4210 4206
18028 2 2 0 7 3912 4363 3914
18029 2 2 0 7 2318 6844 2316
18030 2 2 0 7 2593 2596 2595
18031 2 2 0 7 3296 3782 3513
18032 2 2 0 7 2803 2804 2802
18033 2 2 0 7 3914 3916 3915
18034 2 2 0 7 4411 4632 4413
18035 2 2 0 7 3051 3052 3050
18036 2 2 0 7 2550 2551 2547
18037 2 2 0 7 2633 2637 2635
18038 2 2 0 7 2853 2855 2847
18039 2 2 0 7 4208 4213 4212
18040 2 2 0 7 2983 3080 3049
18041 2 2 0 7 7217 8484 3510
18042 2 2 0 7 3048 4431 4430
18043 2 2 0 7 3511 7347 2328
18044 2 2 0 7 2364 7498 2342
18045 2 2 0 7 2330 3511 2328
18046 2 2 0 7 2334 2360 2332
18047 2 2 0 7 2344 2364 2342
18048 2 2 0 7 2348 3512 2346
18049 2 2 0 7 2350 8594 2348
18050 2 2 0 7 2358 8593 2356
18051 2 2 0 7 2557 2558 2553
18052 2 2 0 7 2289 7497 2301
18053 2 2 0 7 2292 2293 2291
18054 2 2 0 7 3510 7460 2336
18055 2 2 0 7 2336 7460 2334
18056 2 2 0 7 2352 2361 2350
18057 2 2 0 7 7437 7438 2370
18058 2 2 0 7 2332 8597 2330
18059 2 2 0 7 2346 8598 2344
18060 2 2 0 7 2362 2392 2358
18061 2 2 0 7 2370 8596 2362
18062 2 2 0 7 7440 7441 2391
18063 2 2 0 7 7439 8599 7437
18064 2 2 0 7 2352 8595 2361
18065 2 2 0 7 2356 8593 3509
18066 2 2 0 7 2291 7497 2289
18067 2 2 0 7 7677 7678 2241
18068 2 2 0 7 2239 8275 7677
18069 2 2 0 7 4212 7680 4214
18070 2 2 0 7 4214 7680 4220
18071 2 2 0 7 2367 6844 2318
18072 2 2 0 7 3478 3479 3477
18073 2 2 0 7 2637 8600 2635
18074 2 2 0 7 4206 8601 4208
18075 2 2 0 7 5151 5788 5152
18076 2 2 0 7 3254 7742 3255
18077 2 2 0 7 4881 8602 4661
18078 2 2 0 7 7706 7707 7697
18079 2 2 0 7 4411 7709 4632
18080 2 2 0 7 5321 8603 7706
18081 2 2 0 7 2314 2368 2312
18082 2 2 0 7 4258 4262 4260
18083 2 2 0 7 7715 7716 4643
18084 2 2 0 7 3255 7742 7741
18085 2 2 0 7 2827 7719 2828
18086 2 2 0 7 2831 7719 2827
18087 2 2 0 7 2828 7719 3762
18088 2 2 0 7 3910 8604 3912
18089 2 2 0 7 2856 8202 7724
18090 2 2 0 7 4887 8605 7715
18091 2 2 0 7 4901 5868 4679
18092 2 2 0 7 5620 7736 7735
18093 2 2 0 7 3102 3104 3103
18094 2 2 0 7 4879 8606 2222
18095 2 2 0 7 8588 8589 3506
18096 2 2 0 7 4256 8590 4258
18097 2 2 0 7 3117 3134 3130
18098 2 2 0 7 2471 2655 2511
18099 2 2 0 7 3100 3106 3102
18100 2 2 0 7 7744 8607 5314
18101 2 2 0 7 2263 8608 2260
18102 2 2 0 7 3991 8609 3997
18103 2 2 0 7 5309 5569 5568
18104 2 2 0 7 4198 8610 4200
18105 2 2 0 7 4097 8612 3942
18106 2 2 0 7 4254 4261 4256
18107 2 2 0 7 5203 5204 4294
18108 2 2 0 7 6500 8585 6004
18109 2 2 0 7 4353 8612 5459
18110 2 2 0 7 2768 8611 2774
18111 2 2 0 7 4408 7754 4880
18112 2 2 0 7 4200 8610 4203
18113 2 2 0 7 2774 8611 3514
18114 2 2 0 7 4678 8584 4235
18115 2 2 0 7 3663 4036 3662
18116 2 2 0 7 6380 6381 6378
18117 2 2 0 7 3489 3490 3488
18118 2 2 0 7 4570 5793 5039
18119 2 2 0 7 4616 4617 4615
18120 2 2 0 7 5595 6709 5596
18121 2 2 0 7 3215 3216 3214
18122 2 2 0 7 3370 3371 3369
18123 2 2 0 7 6125 6405 6126
18124 2 2 0 7 3005 8614 2948
18125 2 2 0 7 5892 9073 5412
18126 2 2 0 7 4237 4238 2982
18127 2 2 0 7 5185 8481 5157
18128 2 2 0 7 4458 8616 7754
18129 2 2 0 7 3642 4270 3798
18130 2 2 0 7 3903 8618 3905
18131 2 2 0 7 4142 4569 4143
18132 2 2 0 7 5144 5681 5680
18133 2 2 0 7 2393 2400 2399
18134 2 2 0 7 3010 8583 3008
18135 2 2 0 7 3008 3311 3009
18136 2 2 0 7 4253 8586 4254
18137 2 2 0 7 3488 8574 3485
18138 2 2 0 7 3393 3395 3394
18139 2 2 0 7 5852 8582 5317
18140 2 2 0 7 5317 8286 5625
18141 2 2 0 7 3455 4015 3539
18142 2 2 0 7 3369 3590 3368
18143 2 2 0 7 6137 6481 6480
18144 2 2 0 7 6004 6007 6003
18145 2 2 0 7 6034 6035 6033
18146 2 2 0 7 6124 6361 6125
18147 2 2 0 7 6127 8580 6124
18148 2 2 0 7 3905 8618 3908
18149 2 2 0 7 7763 7776 7762
18150 2 2 0 7 7762 7776 3522
18151 2 2 0 7 4235 4662 4234
18152 2 2 0 7 5157 5158 5156
18153 2 2 0 7 2217 7786 2218
18154 2 2 0 7 2858 8141 7787
18155 2 2 0 7 4954 5505 4484
18156 2 2 0 7 4641 6761 6759
18157 2 2 0 7 3012 3521 3013
18158 2 2 0 7 4025 4663 4435
18159 2 2 0 7 4594 5672 5323
18160 2 2 0 7 5064 5133 5065
18161 2 2 0 7 4889 8624 3823
18162 2 2 0 7 5143 5145 5144
18163 2 2 0 7 2218 7786 2221
18164 2 2 0 7 5591 6325 5590
18165 2 2 0 7 5285 8527 6219
18166 2 2 0 7 3625 4223 3388
18167 2 2 0 7 3112 3132 3131
18168 2 2 0 7 5597 6786 5593
18169 2 2 0 7 4654 5851 5813
18170 2 2 0 7 3978 8619 3976
18171 2 2 0 7 3359 8620 3357
18172 2 2 0 7 4029 8621 4601
18173 2 2 0 7 5707 7934 5706
18174 2 2 0 7 5826 5827 5825
18175 2 2 0 7 9255 9427 5331
18176 2 2 0 7 5896 8622 8245
18177 2 2 0 7 7796 8510 4229
18178 2 2 0 7 2516 2643 2515
18179 2 2 0 7 6636 6718 5090
18180 2 2 0 7 4957 4958 4088
18181 2 2 0 7 4024 4026 4023
18182 2 2 0 7 5033 6650 5768
18183 2 2 0 7 6677 8560 5033
18184 2 2 0 7 4624 4626 4625
18185 2 2 0 7 4425 5512 4594
18186 2 2 0 7 5686 7990 5687
18187 2 2 0 7 5483 5485 5484
18188 2 2 0 7 2942 8631 2946
18189 2 2 0 7 6255 7798 7797
18190 2 2 0 7 4633 5655 5654
18191 2 2 0 7 4245 4246 4244
18192 2 2 0 7 5375 5874 5500
18193 2 2 0 7 5692 8565 6646
18194 2 2 0 7 5760 6265 5759
18195 2 2 0 7 5623 5624 5026
18196 2 2 0 7 3485 3486 3484
18197 2 2 0 7 3388 6726 3386
18198 2 2 0 7 4039 6728 4037
18199 2 2 0 7 2925 2927 2924
18200 2 2 0 7 3938 8627 3941
18201 2 2 0 7 4464 8630 4146
18202 2 2 0 7 327 9461 2824
18203 2 2 0 7 3891 8629 3893
18204 2 2 0 7 5452 9510 3859
18205 2 2 0 7 7960 9266 7959
18206 2 2 0 7 5697 8630 4464
18207 2 2 0 7 3987 7831 3986
18208 2 2 0 7 4193 7832 4194
18209 2 2 0 7 8982 9290 2353
18210 2 2 0 7 4536 8706 8138
18211 2 2 0 7 3657 8640 3659
18212 2 2 0 7 3990 7831 3987
18213 2 2 0 7 4194 7832 4197
18214 2 2 0 7 3861 7901 6765
18215 2 2 0 7 4280 8548 2927
18216 2 2 0 7 3395 9226 5699
18217 2 2 0 7 2975 8563 2643
18218 2 2 0 7 3311 8583 5803
18219 2 2 0 7 3104 9267 5888
18220 2 2 0 7 6189 8610 4211
18221 2 2 0 7 3504 9363 8723
18222 2 2 0 7 2935 9046 2936
18223 2 2 0 7 8030 9112 4095
18224 2 2 0 7 2862 9521 2851
18225 2 2 0 7 5697 9294 8386
18226 2 2 0 7 8475 8885 3373
18227 2 2 0 7 5164 9546 5704
18228 2 2 0 7 8336 8810 2262
18229 2 2 0 7 3953 8643 3951
18230 2 2 0 7 8238 9285 1752
18231 2 2 0 7 8642 9228 5158
18232 2 2 0 7 8040 9219 1693
18233 2 2 0 7 5528 8664 8095
18234 2 2 0 7 7918 9381 7919
18235 2 2 0 7 5672 8949 5323
18236 2 2 0 7 5614 6490 5747
18237 2 2 0 7 5336 6409 2651
18238 2 2 0 7 2205 8693 2208
18239 2 2 0 7 3187 8694 3190
18240 2 2 0 7 5647 9516 7921
18241 2 2 0 7 7752 8655 2858
18242 2 2 0 7 2971 8322 2780
18243 2 2 0 7 5387 8340 5390
18244 2 2 0 7 3982 8024 3970
18245 2 2 0 7 3326 8662 3527
18246 2 2 0 7 3869 3870 3868
18247 2 2 0 7 3762 6749 6748
18248 2 2 0 7 5498 7859 7830
18249 2 2 0 7 2296 2299 2298
18250 2 2 0 7 6279 9159 8020
18251 2 2 0 7 7830 7859 4376
18252 2 2 0 7 8262 8901 5063
18253 2 2 0 7 3933 8670 3936
18254 2 2 0 7 5081 8373 4668
18255 2 2 0 7 2298 8374 2294
18256 2 2 0 7 7958 9435 2444
18257 2 2 0 7 3307 6278 6277
18258 2 2 0 7 7880 7881 4039
18259 2 2 0 7 6631 6632 4193
18260 2 2 0 7 3567 8674 3570
18261 2 2 0 7 3669 8675 3558
18262 2 2 0 7 4156 9542 8051
18263 2 2 0 7 8054 9124 6059
18264 2 2 0 7 4003 4153 4007
18265 2 2 0 7 4650 6194 5182
18266 2 2 0 7 4162 4164 4160
18267 2 2 0 7 4161 4163 4162
18268 2 2 0 7 6086 6583 6582
18269 2 2 0 7 3323 3581 3325
18270 2 2 0 7 4185 4191 4187
18271 2 2 0 7 8706 9419 8138
18272 2 2 0 7 3963 4111 3961
18273 2 2 0 7 8746 8747 7773
18274 2 2 0 7 6019 6069 6020
18275 2 2 0 7 4376 4884 4508
18276 2 2 0 7 4952 5442 4953
18277 2 2 0 7 3148 3518 2217
18278 2 2 0 7 4093 6360 5031
18279 2 2 0 7 2666 2670 2668
18280 2 2 0 7 3203 3379 3202
18281 2 2 0 7 3902 5726 3909
18282 2 2 0 7 2991 3787 3420
18283 2 2 0 7 3420 4531 2990
18284 2 2 0 7 3893 3901 3895
18285 2 2 0 7 2654 2759 2653
18286 2 2 0 7 2652 4489 2654
18287 2 2 0 7 3941 4098 4097
18288 2 2 0 7 2767 4631 2773
18289 2 2 0 7 4197 4961 4211
18290 2 2 0 7 3997 4684 3990
18291 2 2 0 7 5770 5772 5771
18292 2 2 0 7 3505 4886 3586
18293 2 2 0 7 3586 4418 3585
18294 2 2 0 7 4479 5605 4148
18295 2 2 0 7 4285 5822 4479
18296 2 2 0 7 3980 4543 3978
18297 2 2 0 7 4970 4971 4154
18298 2 2 0 7 3853 4535 3854
18299 2 2 0 7 2221 6435 4879
18300 2 2 0 7 4121 5424 4120
18301 2 2 0 7 3908 5911 3944
18302 2 2 0 7 2267 3859 2263
18303 2 2 0 7 3800 3801 3770
18304 2 2 0 7 3253 3517 3422
18305 2 2 0 7 3422 3631 3254
18306 2 2 0 7 3514 5908 3516
18307 2 2 0 7 4880 5297 4414
18308 2 2 0 7 5459 6441 5321
18309 2 2 0 7 3782 4642 3513
18310 2 2 0 7 2596 2597 2595
18311 2 2 0 7 3296 5325 3782
18312 2 2 0 7 4632 5798 4413
18313 2 2 0 7 3051 3053 3052
18314 2 2 0 7 3052 5458 3050
18315 2 2 0 7 2550 2709 2551
18316 2 2 0 7 2551 4367 2547
18317 2 2 0 7 2293 3508 2291
18318 2 2 0 7 2853 2929 2855
18319 2 2 0 7 3048 5457 4431
18320 2 2 0 7 4213 4505 4212
18321 2 2 0 7 3510 7461 7460
18322 2 2 0 7 3080 3636 3049
18323 2 2 0 7 2558 4366 2553
18324 2 2 0 7 4431 5284 4430
18325 2 2 0 7 2557 2672 2558
18326 2 2 0 7 3479 3507 3477
18327 2 2 0 7 3478 3480 3479
18328 2 2 0 7 4262 4263 4260
18329 2 2 0 7 3104 3105 3103
18330 2 2 0 7 3134 3848 3130
18331 2 2 0 7 2471 5443 2655
18332 2 2 0 7 2655 2901 2511
18333 2 2 0 7 5203 6313 5204
18334 2 2 0 7 3663 4385 4036
18335 2 2 0 7 4036 5072 3662
18336 2 2 0 7 3490 3855 3488
18337 2 2 0 7 4616 4700 4617
18338 2 2 0 7 3215 4609 3216
18339 2 2 0 7 4237 5817 4238
18340 2 2 0 7 4270 4513 3798
18341 2 2 0 7 2393 5448 2400
18342 2 2 0 7 2400 2512 2399
18343 2 2 0 7 3311 3312 3009
18344 2 2 0 7 3395 3396 3394
18345 2 2 0 7 3455 4271 4015
18346 2 2 0 7 3590 6267 3368
18347 2 2 0 7 4662 6233 4234
18348 2 2 0 7 5157 5832 5158
18349 2 2 0 7 4954 5719 5505
18350 2 2 0 7 3521 3648 3013
18351 2 2 0 7 4025 4909 4663
18352 2 2 0 7 5133 5899 5065
18353 2 2 0 7 4223 5063 3388
18354 2 2 0 7 3132 3495 3131
18355 2 2 0 7 2516 2644 2643
18356 2 2 0 7 4957 8171 4958
18357 2 2 0 7 4958 4959 4088
18358 2 2 0 7 4024 4027 4026
18359 2 2 0 7 4626 4627 4625
18360 2 2 0 7 5485 6227 5484
18361 2 2 0 7 4532 8942 8309
18362 2 2 0 7 4246 6220 4244
18363 2 2 0 7 4245 4247 4246
18364 2 2 0 7 2925 2928 2927
18365 2 2 0 7 5537 8680 8679
18366 2 2 0 7 2783 8726 2971
18367 2 2 0 7 2541 7916 2538
18368 2 2 0 7 5177 9375 7950
18369 2 2 0 7 3881 8687 3774
18370 2 2 0 7 4079 8688 4076
18371 2 2 0 7 4944 8689 4947
18372 2 2 0 7 6348 9025 5821
18373 2 2 0 7 8997 9072 5668
18374 2 2 0 7 5570 8968 8662
18375 2 2 0 7 7926 9241 5204
18376 2 2 0 7 5816 8740 2608
18377 2 2 0 7 2664 8676 2666
18378 2 2 0 7 2163 8749 4991
18379 2 2 0 7 2708 8750 5823
18380 2 2 0 7 8193 8788 3416
18381 2 2 0 7 5355 9139 8110
18382 2 2 0 7 8279 8900 4469
18383 2 2 0 7 5599 8747 7928
18384 2 2 0 7 9034 9081 6172
18385 2 2 0 7 5370 9081 9034
18386 2 2 0 7 8478 9043 5596
18387 2 2 0 7 3889 8686 4399
18388 2 2 0 7 6762 8713 6212
18389 2 2 0 7 8905 9090 5576
18390 2 2 0 7 8975 9166 1481
18391 2 2 0 7 8408 9471 5494
18392 2 2 0 7 5108 9211 7941
18393 2 2 0 7 4662 8584 8216
18394 2 2 0 7 8035 9201 6553
18395 2 2 0 7 5455 9154 8895
18396 2 2 0 7 5543 9489 8223
18397 2 2 0 7 9198 9545 6347
18398 2 2 0 7 5704 9545 9198
18399 2 2 0 7 8065 8580 6127
18400 2 2 0 7 5431 9416 8476
18401 2 2 0 7 8440 9443 5556
18402 2 2 0 7 4069 8776 5358
18403 2 2 0 7 7764 8782 4881
18404 2 2 0 7 2426 8782 2428
18405 2 2 0 7 8166 9014 4153
18406 2 2 0 7 3503 8000 5431
18407 2 2 0 7 8392 9390 5663
18408 2 2 0 7 2938 9046 2935
18409 2 2 0 7 2547 7916 2541
18410 2 2 0 7 5457 8829 4431
18411 2 2 0 7 8427 9308 5113
18412 2 2 0 7 7113 8719 2302
18413 2 2 0 7 5886 8695 8678
18414 2 2 0 7 8053 9205 5291
18415 2 2 0 7 8748 9556 7834
18416 2 2 0 7 5639 9161 8490
18417 2 2 0 7 8308 8654 5429
18418 2 2 0 7 1432 9096 8128
18419 2 2 0 7 3896 7968 3898
18420 2 2 0 7 8302 9116 6209
18421 2 2 0 7 4229 8698 7883
18422 2 2 0 7 7839 8773 8477
18423 2 2 0 7 8477 8773 4115
18424 2 2 0 7 6428 9001 4970
18425 2 2 0 7 8138 9419 4225
18426 2 2 0 7 5031 8218 4456
18427 2 2 0 7 6346 8815 8012
18428 2 2 0 7 2962 8849 5863
18429 2 2 0 7 5304 9250 8571
18430 2 2 0 7 6264 8640 3657
18431 2 2 0 7 2876 9252 2881
18432 2 2 0 7 8287 8935 6280
18433 2 2 0 7 5719 9541 9369
18434 2 2 0 7 3630 9187 8641
18435 2 2 0 7 2601 9174 8084
18436 2 2 0 7 2716 9080 6451
18437 2 2 0 7 8384 8922 4350
18438 2 2 0 7 8075 9203 5937
18439 2 2 0 7 7782 9360 7781
18440 2 2 0 7 6428 9233 4688
18441 2 2 0 7 8214 9151 7013
18442 2 2 0 7 5851 9348 5813
18443 2 2 0 7 6587 8480 6536
18444 2 2 0 7 8128 9096 172
18445 2 2 0 7 8076 9212 5804
18446 2 2 0 7 4965 8414 8086
18447 2 2 0 7 8554 9191 6419
18448 2 2 0 7 3412 8788 3414
18449 2 2 0 7 7703 9134 6386
18450 2 2 0 7 8726 8727 2971
18451 2 2 0 7 4545 8895 5010
18452 2 2 0 7 5936 9276 8484
18453 2 2 0 7 5648 9092 5647
18454 2 2 0 7 5394 8792 8093
18455 2 2 0 7 6361 8580 4449
18456 2 2 0 7 5158 9228 8578
18457 2 2 0 7 8412 8936 5737
18458 2 2 0 7 5966 9324 9184
18459 2 2 0 7 8220 9069 3624
18460 2 2 0 7 5877 9312 5878
18461 2 2 0 7 3898 7968 3902
18462 2 2 0 7 8815 9475 6434
18463 2 2 0 7 6285 9367 4953
18464 2 2 0 7 7711 9049 8965
18465 2 2 0 7 5458 9048 7718
18466 2 2 0 7 8114 9349 2795
18467 2 2 0 7 3211 9049 8148
18468 2 2 0 7 5419 9441 8861
18469 2 2 0 7 2878 9525 2872
18470 2 2 0 7 7983 9145 6087
18471 2 2 0 7 5546 9145 7983
18472 2 2 0 7 4569 8127 4143
18473 2 2 0 7 3925 8701 3928
18474 2 2 0 7 8019 9480 4635
18475 2 2 0 7 3799 8483 8165
18476 2 2 0 7 3313 8889 3315
18477 2 2 0 7 3672 8043 3674
18478 2 2 0 7 3260 8607 7744
18479 2 2 0 7 6798 9141 5516
18480 2 2 0 7 8124 9163 5879
18481 2 2 0 7 7678 9237 2241
18482 2 2 0 7 6408 9217 8246
18483 2 2 0 7 6705 9142 7701
18484 2 2 0 7 1582 8700 1584
18485 2 2 0 7 5850 9143 7753
18486 2 2 0 7 6709 8478 5596
18487 2 2 0 7 3517 9002 3422
18488 2 2 0 7 5587 9407 8836
18489 2 2 0 7 2298 9019 8374
18490 2 2 0 7 2879 8709 2882
18491 2 2 0 7 8364 9381 7918
18492 2 2 0 7 9144 9199 4975
18493 2 2 0 7 4629 9342 3865
18494 2 2 0 7 5462 8851 5460
18495 2 2 0 7 8115 8985 6839
18496 2 2 0 7 5748 9480 8019
18497 2 2 0 7 4203 8781 4204
18498 2 2 0 7 5918 9512 8579
18499 2 2 0 7 2428 8782 7764
18500 2 2 0 7 3225 8716 3223
18501 2 2 0 7 5417 9293 8426
18502 2 2 0 7 8042 9398 3110
18503 2 2 0 7 5771 8205 4883
18504 2 2 0 7 6116 9429 8824
18505 2 2 0 7 2269 9150 8154
18506 2 2 0 7 4634 9475 8815
18507 2 2 0 7 2237 8903 6786
18508 2 2 0 7 5640 9237 7678
18509 2 2 0 7 3974 8790 3972
18510 2 2 0 7 3355 8791 3352
18511 2 2 0 7 5620 8965 7736
18512 2 2 0 7 6445 9554 8915
18513 2 2 0 7 5010 8895 8646
18514 2 2 0 7 6153 8409 8232
18515 2 2 0 7 8082 9435 9207
18516 2 2 0 7 9207 9435 5723
18517 2 2 0 7 2734 8725 2737
18518 2 2 0 7 8391 8917 5984
18519 2 2 0 7 4177 8735 4179
18520 2 2 0 7 2500 8736 2498
18521 2 2 0 7 8459 9221 6353
18522 2 2 0 7 4970 9001 4971
18523 2 2 0 7 5958 9173 8145
18524 2 2 0 7 5704 9198 8833
18525 2 2 0 7 5537 8964 8680
18526 2 2 0 7 3493 9249 9120
18527 2 2 0 7 7992 9075 3922
18528 2 2 0 7 2737 9416 8000
18529 2 2 0 7 6024 9439 8319
18530 2 2 0 7 6700 9213 8840
18531 2 2 0 7 2571 8937 2574
18532 2 2 0 7 8071 9269 8299
18533 2 2 0 7 2660 9548 2641
18534 2 2 0 7 7697 8808 4361
18535 2 2 0 7 4233 9385 6185
18536 2 2 0 7 2257 8810 2255
18537 2 2 0 7 5489 9458 9183
18538 2 2 0 7 9183 9458 6498
18539 2 2 0 7 2390 9430 8635
18540 2 2 0 7 8636 9431 3242
18541 2 2 0 7 8226 9106 4174
18542 2 2 0 7 8213 9455 5718
18543 2 2 0 7 5063 8901 6726
18544 2 2 0 7 2831 9024 7719
18545 2 2 0 7 5016 9393 8303
18546 2 2 0 7 3650 9326 8542
18547 2 2 0 7 8801 9305 5889
18548 2 2 0 7 7793 9467 9132
18549 2 2 0 7 8761 8762 5573
18550 2 2 0 7 8763 9233 6239
18551 2 2 0 7 4262 9458 5489
18552 2 2 0 7 8695 9054 3467
18553 2 2 0 7 8646 8895 7376
18554 2 2 0 7 6287 9206 8826
18555 2 2 0 7 3674 8043 4093
18556 2 2 0 7 5576 9090 8231
18557 2 2 0 7 8372 8677 6465
18558 2 2 0 7 8942 9480 8309
18559 2 2 0 7 5282 8847 4383
18560 2 2 0 7 8251 9100 5160
18561 2 2 0 7 8033 9474 2145
18562 2 2 0 7 4700 8882 4617
18563 2 2 0 7 5599 9550 8747
18564 2 2 0 7 3982 8659 8024
18565 2 2 0 7 8051 8884 6020
18566 2 2 0 7 8108 9499 8397
18567 2 2 0 7 7441 9358 8663
18568 2 2 0 7 8535 9494 3850
18569 2 2 0 7 6143 8804 7904
18570 2 2 0 7 8357 9082 5389
18571 2 2 0 7 2788 9082 8357
18572 2 2 0 7 8348 8810 8336
18573 2 2 0 7 8313 8796 2719
18574 2 2 0 7 5745 9337 8825
18575 2 2 0 7 8947 8948 5134
18576 2 2 0 7 5323 8948 8947
18577 2 2 0 7 9184 9324 6182
18578 2 2 0 7 5810 8848 5811
18579 2 2 0 7 8145 9353 5958
18580 2 2 0 7 8161 9089 3511
18581 2 2 0 7 3836 8812 3779
18582 2 2 0 7 4671 9147 6605
18583 2 2 0 7 4633 9175 5655
18584 2 2 0 7 6771 9167 8197
18585 2 2 0 7 8140 8535 5015
18586 2 2 0 7 6640 9258 8206
18587 2 2 0 7 6721 8871 6137
18588 2 2 0 7 8472 8916 2510
18589 2 2 0 7 5134 9526 4164
18590 2 2 0 7 7871 9168 2299
18591 2 2 0 7 7973 9181 8970
18592 2 2 0 7 5536 8761 6410
18593 2 2 0 7 6650 8536 5768
18594 2 2 0 7 2264 9142 2267
18595 2 2 0 7 7899 9260 7705
18596 2 2 0 7 8296 9069 8220
18597 2 2 0 7 2391 8863 7439
18598 2 2 0 7 3916 9268 4620
18599 2 2 0 7 3531 9272 4628
18600 2 2 0 7 3350 9280 3340
18601 2 2 0 7 5898 8959 8836
18602 2 2 0 7 3005 8615 8614
18603 2 2 0 7 6755 9223 8572
18604 2 2 0 7 6499 8940 5509
18605 2 2 0 7 8192 9262 5631
18606 2 2 0 7 5892 9333 9120
18607 2 2 0 7 5687 8874 6630
18608 2 2 0 7 6323 9365 8258
18609 2 2 0 7 7702 8877 4887
18610 2 2 0 7 8283 9150 5776
18611 2 2 0 7 8154 9150 8283
18612 2 2 0 7 5942 9499 8860
18613 2 2 0 7 6018 8884 6021
18614 2 2 0 7 5494 9471 5495
18615 2 2 0 7 8107 9499 8108
18616 2 2 0 7 5753 8850 5752
18617 2 2 0 7 6510 9230 4882
18618 2 2 0 7 5720 9418 8028
18619 2 2 0 7 4213 9556 5029
18620 2 2 0 7 4171 9280 3350
18621 2 2 0 7 9079 9088 6155
18622 2 2 0 7 5811 8848 8295
18623 2 2 0 7 3922 9075 3924
18624 2 2 0 7 6411 9072 8318
18625 2 2 0 7 6148 9190 8993
18626 2 2 0 7 8278 9365 6323
18627 2 2 0 7 8530 8976 5842
18628 2 2 0 7 5337 9460 9177
18629 2 2 0 7 8885 8886 3373
18630 2 2 0 7 7939 8886 8885
18631 2 2 0 7 3088 8944 3090
18632 2 2 0 7 8127 8756 5076
18633 2 2 0 7 5719 9369 5505
18634 2 2 0 7 5819 9406 6222
18635 2 2 0 7 8083 9486 3371
18636 2 2 0 7 7878 8751 7877
18637 2 2 0 7 5792 9315 6500
18638 2 2 0 7 8585 9315 4011
18639 2 2 0 7 7932 9405 6281
18640 2 2 0 7 8572 9223 6260
18641 2 2 0 7 5459 9269 8071
18642 2 2 0 7 6265 9408 5759
18643 2 2 0 7 1841 9467 7793
18644 2 2 0 7 2802 9338 2800
18645 2 2 0 7 6449 9346 8945
18646 2 2 0 7 5375 9413 5874
18647 2 2 0 7 5318 9091 8352
18648 2 2 0 7 7724 8910 7752
18649 2 2 0 7 8130 9449 6457
18650 2 2 0 7 4563 8912 4341
18651 2 2 0 7 8274 9008 6691
18652 2 2 0 7 7440 9357 7441
18653 2 2 0 7 2795 9489 8114
18654 2 2 0 7 2364 8598 8156
18655 2 2 0 7 6335 8994 5492
18656 2 2 0 7 8673 9454 3302
18657 2 2 0 7 8242 8638 5934
18658 2 2 0 7 6007 8034 6003
18659 2 2 0 7 6166 9551 8825
18660 2 2 0 7 8120 9349 5685
18661 2 2 0 7 8895 9154 7376
18662 2 2 0 7 8408 9402 6301
18663 2 2 0 7 8015 8835 2186
18664 2 2 0 7 8153 8668 5189
18665 2 2 0 7 6344 9410 8272
18666 2 2 0 7 4880 9029 5297
18667 2 2 0 7 4886 9511 8507
18668 2 2 0 7 4007 9447 4004
18669 2 2 0 7 1572 8841 8506
18670 2 2 0 7 5412 9073 5410
18671 2 2 0 7 7787 8894 8726
18672 2 2 0 7 2574 8937 2600
18673 2 2 0 7 8448 9299 5575
18674 2 2 0 7 5159 8999 8350
18675 2 2 0 7 5554 8676 6527
18676 2 2 0 7 3539 8938 3627
18677 2 2 0 7 7881 9533 5169
18678 2 2 0 7 5373 9465 5430
18679 2 2 0 7 5410 9027 5408
18680 2 2 0 7 2186 8835 8774
18681 2 2 0 7 6799 8941 6429
18682 2 2 0 7 3341 8952 3619
18683 2 2 0 7 3511 9089 7347
18684 2 2 0 7 8776 8777 5358
18685 2 2 0 7 2957 8849 2962
18686 2 2 0 7 8901 9226 6726
18687 2 2 0 7 8686 9083 4399
18688 2 2 0 7 5299 9032 4017
18689 2 2 0 7 3846 9033 4553
18690 2 2 0 7 5939 9091 8993
18691 2 2 0 7 2569 9438 2571
18692 2 2 0 7 6429 9233 8763
18693 2 2 0 7 7009 9414 8370
18694 2 2 0 7 9064 9398 6430
18695 2 2 0 7 6191 9459 8647
18696 2 2 0 7 8582 9348 3021
18697 2 2 0 7 8641 9187 7774
18698 2 2 0 7 8719 9359 2302
18699 2 2 0 7 6629 7831 4684
18700 2 2 0 7 5576 9317 8905
18701 2 2 0 7 7985 9557 4695
18702 2 2 0 7 5665 9217 6408
18703 2 2 0 7 6583 8990 6582
18704 2 2 0 7 8373 9361 8823
18705 2 2 0 7 8823 9361 3333
18706 2 2 0 7 8592 8936 2368
18707 2 2 0 7 8939 9555 6432
18708 2 2 0 7 9097 9309 1556
18709 2 2 0 7 2674 9330 2676
18710 2 2 0 7 5947 9377 9070
18711 2 2 0 7 9070 9377 6120
18712 2 2 0 7 6051 9555 8939
18713 2 2 0 7 2874 9252 2876
18714 2 2 0 7 4237 8436 5817
18715 2 2 0 7 6120 9236 9070
18716 2 2 0 7 3859 9510 8608
18717 2 2 0 7 4154 8979 8749
18718 2 2 0 7 3489 9130 3490
18719 2 2 0 7 8716 9041 3223
18720 2 2 0 7 6405 8259 6126
18721 2 2 0 7 8373 8823 5296
18722 2 2 0 7 9076 9310 6195
18723 2 2 0 7 6381 9436 6378
18724 2 2 0 7 6713 8853 8103
18725 2 2 0 7 5625 8982 6723
18726 2 2 0 7 9240 9441 7957
18727 2 2 0 7 2940 8946 2938
18728 2 2 0 7 8474 9054 5886
18729 2 2 0 7 8277 9318 5524
18730 2 2 0 7 8890 9353 5012
18731 2 2 0 7 5867 9429 9189
18732 2 2 0 7 4513 8483 3798
18733 2 2 0 7 5297 8485 4414
18734 2 2 0 7 4498 9107 5434
18735 2 2 0 7 5740 9376 8260
18736 2 2 0 7 2807 8852 2806
18737 2 2 0 7 8265 9371 6199
18738 2 2 0 7 5984 9354 9195
18739 2 2 0 7 9195 9354 5985
18740 2 2 0 7 3467 9054 8463
18741 2 2 0 7 8245 8622 2374
18742 2 2 0 7 5878 9409 8382
18743 2 2 0 7 8629 8862 3901
18744 2 2 0 7 3762 7719 6749
18745 2 2 0 7 4444 9415 6531
18746 2 2 0 7 1582 9219 8700
18747 2 2 0 7 8010 9341 5887
18748 2 2 0 7 3215 8469 4609
18749 2 2 0 7 8816 9321 8773
18750 2 2 0 7 2571 9438 8937
18751 2 2 0 7 9293 9497 5519
18752 2 2 0 7 6748 8436 6750
18753 2 2 0 7 8209 9550 5599
18754 2 2 0 7 4025 8561 4909
18755 2 2 0 7 6201 9344 8282
18756 2 2 0 7 8282 9344 5920
18757 2 2 0 7 5986 9281 5695
18758 2 2 0 7 2588 9008 2590
18759 2 2 0 7 5063 6726 3388
18760 2 2 0 7 4641 9012 6761
18761 2 2 0 7 5770 9196 5772
18762 2 2 0 7 5157 8481 5832
18763 2 2 0 7 8232 8409 4091
18764 2 2 0 7 3855 8574 3488
18765 2 2 0 7 3508 7497 2291
18766 2 2 0 7 3510 8484 7461
18767 2 2 0 7 4505 7680 4212
18768 2 2 0 7 3631 7742 3254
18769 2 2 0 7 6441 8603 5321
18770 2 2 0 7 3859 8608 2263
18771 2 2 0 7 3514 8611 5908
18772 2 2 0 7 3908 8618 5911
18773 2 2 0 7 2221 7786 6435
18774 2 2 0 7 4543 8619 3978
18775 2 2 0 7 3941 8627 4098
18776 2 2 0 7 3893 8629 3901
18777 2 2 0 7 3518 7786 2217
18778 2 2 0 7 8774 8816 8773
18779 2 2 0 7 4952 8488 5442
18780 2 2 0 7 4684 7831 3990
18781 2 2 0 7 4197 7832 4961
18782 2 2 0 7 5335 9509 5392
18783 2 2 0 7 2191 9530 8512
18784 2 2 0 7 8786 8943 7763
18785 2 2 0 7 3619 8952 4511
18786 2 2 0 7 6464 8796 8313
18787 2 2 0 7 8429 9375 5177
18788 2 2 0 7 4376 7859 4884
18789 2 2 0 7 3406 9003 3408
18790 2 2 0 7 2666 8676 2670
18791 2 2 0 7 8534 9057 3233
18792 2 2 0 7 6632 7832 4193
18793 2 2 0 7 5333 9176 5335
18794 2 2 0 7 4185 8516 4191
18795 2 2 0 7 3323 8517 3581
18796 2 2 0 7 5979 9180 5981
18797 2 2 0 7 5672 8950 8949
18798 2 2 0 7 5530 9218 6524
18799 2 2 0 7 7844 9359 8719
18800 2 2 0 7 6086 8524 6583
18801 2 2 0 7 4367 7916 2547
18802 2 2 0 7 4003 8528 4153
18803 2 2 0 7 2442 8789 8093
18804 2 2 0 7 2881 9346 8709
18805 2 2 0 7 4144 9043 4142
18806 2 2 0 7 8254 9358 4366
18807 2 2 0 7 6414 8955 3165
18808 2 2 0 7 3902 7968 5726
18809 2 2 0 7 8915 9554 6372
18810 2 2 0 7 5886 9054 8695
18811 2 2 0 7 4971 8979 4154
18812 2 2 0 7 2946 9200 8301
18813 2 2 0 7 6615 8973 6612
18814 2 2 0 7 9421 9498 4963
18815 2 2 0 7 6503 9498 9421
18816 2 2 0 7 5908 9384 3516
18817 2 2 0 7 4093 8043 6360
18818 2 2 0 7 6292 9400 8499
18819 2 2 0 7 8919 9374 4994
18820 2 2 0 7 9120 9333 3834
18821 2 2 0 7 6243 9254 5565
18822 2 2 0 7 3940 8670 8323
18823 2 2 0 7 8385 8893 5874
18824 2 2 0 7 8866 8955 6414
18825 2 2 0 7 3873 9062 8858
18826 2 2 0 7 5963 9072 8997
18827 2 2 0 7 8496 9495 6224
18828 2 2 0 7 8222 9052 3147
18829 2 2 0 7 8290 9460 5337
18830 2 2 0 7 4704 9423 7904
18831 2 2 0 7 4373 9334 8376
18832 2 2 0 7 3223 9041 3221
18833 2 2 0 7 5185 8868 8805
18834 2 2 0 7 6723 8982 8555
18835 2 2 0 7 8789 8986 5624
18836 2 2 0 7 6066 9487 9457
18837 2 2 0 7 9457 9487 6065
18838 2 2 0 7 5075 9155 8824
18839 2 2 0 7 3410 9445 3416
18840 2 2 0 7 6333 9125 8438
18841 2 2 0 7 8439 9301 8770
18842 2 2 0 7 8665 9136 5764
18843 2 2 0 7 6270 9347 9137
18844 2 2 0 7 8525 9220 6525
18845 2 2 0 7 8505 9456 4998
18846 2 2 0 7 8631 9200 2946
18847 2 2 0 7 5055 9301 5081
18848 2 2 0 7 8513 8666 5167
18849 2 2 0 7 7904 8804 4704
18850 2 2 0 7 3982 9328 8659
18851 2 2 0 7 8689 8892 5207
18852 2 2 0 7 9037 9238 5652
18853 2 2 0 7 8062 9330 8738
18854 2 2 0 7 8738 9330 4158
18855 2 2 0 7 5568 9450 8431
18856 2 2 0 7 5168 9533 8173
18857 2 2 0 7 8570 9373 5344
18858 2 2 0 7 8319 9439 5549
18859 2 2 0 7 2993 8779 6734
18860 2 2 0 7 5678 9251 6240
18861 2 2 0 7 6002 8034 6006
18862 2 2 0 7 4489 9259 2654
18863 2 2 0 7 3873 9235 9062
18864 2 2 0 7 8507 9511 6506
18865 2 2 0 7 8402 8850 5753
18866 2 2 0 7 4449 8580 8065
18867 2 2 0 7 2712 9514 9173
18868 2 2 0 7 8382 9409 3638
18869 2 2 0 7 5738 9165 6572
18870 2 2 0 7 7859 8802 4884
18871 2 2 0 7 8940 9313 3822
18872 2 2 0 7 5985 9354 8803
18873 2 2 0 7 4400 9382 9153
18874 2 2 0 7 5567 9308 8427
18875 2 2 0 7 8946 9046 2938
18876 2 2 0 7 8550 9076 6195
18877 2 2 0 7 3629 9191 8554
18878 2 2 0 7 5284 9426 6705
18879 2 2 0 7 9132 9467 7345
18880 2 2 0 7 6567 8800 8799
18881 2 2 0 7 3340 9123 3337
18882 2 2 0 7 5434 9107 6348
18883 2 2 0 7 6778 9179 6777
18884 2 2 0 7 7707 8603 2917
18885 2 2 0 7 3865 9342 8644
18886 2 2 0 7 5805 9432 3534
18887 2 2 0 7 7058 9030 8857
18888 2 2 0 7 8721 9043 4144
18889 2 2 0 7 9173 9514 2926
18890 2 2 0 7 6252 8878 8437
18891 2 2 0 7 4210 8781 8265
18892 2 2 0 7 8350 8999 8349
18893 2 2 0 7 1757 9059 8439
18894 2 2 0 7 8051 9542 8884
18895 2 2 0 7 6751 9507 5325
18896 2 2 0 7 9138 9473 5096
18897 2 2 0 7 4026 9023 8561
18898 2 2 0 7 6779 9321 5443
18899 2 2 0 7 6483 9204 6781
18900 2 2 0 7 5760 8876 6265
18901 2 2 0 7 6208 9482 7685
18902 2 2 0 7 6419 9232 8554
18903 2 2 0 7 8540 9411 5540
18904 2 2 0 7 9194 9398 8042
18905 2 2 0 7 3183 9340 3185
18906 2 2 0 7 6457 9449 8442
18907 2 2 0 7 5856 9397 8491
18908 2 2 0 7 8272 9315 5792
18909 2 2 0 7 3647 8480 6587
18910 2 2 0 7 8578 9228 4270
18911 2 2 0 7 4346 9463 8243
18912 2 2 0 7 8272 9410 4011
18913 2 2 0 7 3507 9343 6837
18914 2 2 0 7 8858 9062 6540
18915 2 2 0 7 5060 9266 7960
18916 2 2 0 7 4700 9425 8882
18917 2 2 0 7 5874 8893 5500
18918 2 2 0 7 8924 9277 1701
18919 2 2 0 7 5605 9521 7951
18920 2 2 0 7 9224 9492 4453
18921 2 2 0 7 4270 9228 8289
18922 2 2 0 7 4366 9357 7442
18923 2 2 0 7 7667 9359 5457
18924 2 2 0 7 6579 8999 5187
18925 2 2 0 7 8616 9029 4880
18926 2 2 0 7 5731 9029 8616
18927 2 2 0 7 6367 9481 8568
18928 2 2 0 7 1724 9314 9196
18929 2 2 0 7 8415 9443 5855
18930 2 2 0 7 5505 9369 8713
18931 2 2 0 7 9055 9056 6340
18932 2 2 0 7 8901 9285 5699
18933 2 2 0 7 2301 9420 7913
18934 2 2 0 7 7959 9266 6721
18935 2 2 0 7 8175 9425 8953
18936 2 2 0 7 8453 9406 5819
18937 2 2 0 7 2273 9287 8707
18938 2 2 0 7 8568 9481 3148
18939 2 2 0 7 5762 9058 8377
18940 2 2 0 7 8579 9512 6832
18941 2 2 0 7 5574 9182 9101
18942 2 2 0 7 8170 9474 8033
18943 2 2 0 7 6408 9474 8170
18944 2 2 0 7 8397 9499 5942
18945 2 2 0 7 5206 8489 5893
18946 2 2 0 7 4423 9378 9098
18947 2 2 0 7 3119 8797 8515
18948 2 2 0 7 8431 9450 3360
18949 2 2 0 7 9062 9235 5630
18950 2 2 0 7 8617 9447 4007
18951 2 2 0 7 7698 9292 7708
18952 2 2 0 7 8793 9540 1399
18953 2 2 0 7 8714 9215 5967
18954 2 2 0 7 6325 8891 8575
18955 2 2 0 7 5869 9211 8031
18956 2 2 0 7 2872 9525 2874
18957 2 2 0 7 8389 9060 5666
18958 2 2 0 7 8970 9181 4085
18959 2 2 0 7 7898 9260 7899
18960 2 2 0 7 4085 9181 8236
18961 2 2 0 7 8896 9337 5746
18962 2 2 0 7 5470 8468 5469
18963 2 2 0 7 6193 9109 8887
18964 2 2 0 7 8499 9400 2915
18965 2 2 0 7 8743 9402 6314
18966 2 2 0 7 6500 9315 8585
18967 2 2 0 7 8206 9258 8766
18968 2 2 0 7 3315 9322 3317
18969 2 2 0 7 5738 8853 6713
18970 2 2 0 7 9369 9541 4639
18971 2 2 0 7 2235 9260 7898
18972 2 2 0 7 8939 9140 5000
18973 2 2 0 7 8833 9275 5324
18974 2 2 0 7 6089 9275 8833
18975 2 2 0 7 8402 9542 8850
18976 2 2 0 7 5515 9239 8731
18977 2 2 0 7 1580 9219 1582
18978 2 2 0 7 3506 9345 6789
18979 2 2 0 7 2800 9338 2856
18980 2 2 0 7 4692 9379 7924
18981 2 2 0 7 7863 9385 4233
18982 2 2 0 7 3834 9333 8667
18983 2 2 0 7 8667 9333 5671
18984 2 2 0 7 6380 8956 6381
18985 2 2 0 7 3831 9210 8874
18986 2 2 0 7 8726 8894 8727
18987 2 2 0 7 8599 9404 7438
18988 2 2 0 7 7781 9360 7785
18989 2 2 0 7 6785 8844 8843
18990 2 2 0 7 8941 9233 6429
18991 2 2 0 7 8165 8483 6592
18992 2 2 0 7 8826 9206 5313
18993 2 2 0 7 8045 9327 8044
18994 2 2 0 7 5972 9056 9055
18995 2 2 0 7 5662 9304 9303
18996 2 2 0 7 9303 9304 5776
18997 2 2 0 7 4994 9374 6204
18998 2 2 0 7 8351 9509 5335
18999 2 2 0 7 9059 9301 8439
19000 2 2 0 7 8526 9383 5603
19001 2 2 0 7 8993 9091 5487
19002 2 2 0 7 9427 9428 5331
19003 2 2 0 7 5466 9547 8623
19004 2 2 0 7 6033 9412 6328
19005 2 2 0 7 6343 8808 7707
19006 2 2 0 7 5384 9496 5381
19007 2 2 0 7 8044 9327 5930
19008 2 2 0 7 2364 8987 7498
19009 2 2 0 7 3402 9018 8791
19010 2 2 0 7 7924 9379 5840
19011 2 2 0 7 9003 9445 3408
19012 2 2 0 7 8745 9445 9003
19013 2 2 0 7 8169 8677 2583
19014 2 2 0 7 6785 9389 8844
19015 2 2 0 7 8197 9167 4461
19016 2 2 0 7 8633 9440 5734
19017 2 2 0 7 5684 9422 8613
19018 2 2 0 7 8770 9301 5055
19019 2 2 0 7 5099 8779 7976
19020 2 2 0 7 6691 9008 2588
19021 2 2 0 7 6176 9539 6177
19022 2 2 0 7 8512 9530 7920
19023 2 2 0 7 8498 8643 5477
19024 2 2 0 7 3340 9280 9123
19025 2 2 0 7 8605 8877 6426
19026 2 2 0 7 5579 9166 8975
19027 2 2 0 7 8647 9459 5925
19028 2 2 0 7 8556 9289 6522
19029 2 2 0 7 6185 9385 7862
19030 2 2 0 7 4510 9520 9115
19031 2 2 0 7 7685 9482 5810
19032 2 2 0 7 8131 9500 6350
19033 2 2 0 7 9275 9485 5324
19034 2 2 0 7 6350 9500 7966
19035 2 2 0 7 5462 9501 8851
19036 2 2 0 7 7928 8747 8746
19037 2 2 0 7 7728 9497 3003
19038 2 2 0 7 6547 9533 7881
19039 2 2 0 7 9123 9280 6365
19040 2 2 0 7 4679 9502 4678
19041 2 2 0 7 6568 9470 9469
19042 2 2 0 7 9469 9470 6740
19043 2 2 0 7 8874 9210 6630
19044 2 2 0 7 8386 9294 2999
19045 2 2 0 7 8469 8923 4609
19046 2 2 0 7 8993 9190 5939
19047 2 2 0 7 8825 9337 2526
19048 2 2 0 7 5957 9444 8883
19049 2 2 0 7 6713 9165 5738
19050 2 2 0 7 5636 9194 9016
19051 2 2 0 7 8905 9317 4916
19052 2 2 0 7 5855 9443 8440
19053 2 2 0 7 5618 9485 8702
19054 2 2 0 7 7686 9257 7702
19055 2 2 0 7 8662 8968 3536
19056 2 2 0 7 8889 9322 3315
19057 2 2 0 7 7987 9419 6304
19058 2 2 0 7 8681 9470 3147
19059 2 2 0 7 5681 8974 5680
19060 2 2 0 7 4632 9299 8448
19061 2 2 0 7 3854 9169 8620
19062 2 2 0 7 6668 8548 8469
19063 2 2 0 7 3408 9445 3410
19064 2 2 0 7 5470 8621 8522
19065 2 2 0 7 9162 9384 5909
19066 2 2 0 7 9101 9182 6930
19067 2 2 0 7 8523 9353 8890
19068 2 2 0 7 8953 9397 5856
19069 2 2 0 7 4010 9179 7902
19070 2 2 0 7 8681 9052 6437
19071 2 2 0 7 8069 9492 9224
19072 2 2 0 7 8850 9519 5752
19073 2 2 0 7 5699 9226 8901
19074 2 2 0 7 5081 9361 8373
19075 2 2 0 7 9064 9223 6755
19076 2 2 0 7 9163 9192 5374
19077 2 2 0 7 8124 9192 9163
19078 2 2 0 7 1402 9238 9037
19079 2 2 0 7 8243 9463 6254
19080 2 2 0 7 3870 9106 8227
19081 2 2 0 7 7982 9501 5462
19082 2 2 0 7 8917 9354 5984
19083 2 2 0 7 8848 9482 2889
19084 2 2 0 7 5773 9464 8755
19085 2 2 0 7 4366 9358 9357
19086 2 2 0 7 8792 9509 6291
19087 2 2 0 7 8394 8671 5196
19088 2 2 0 7 8882 9425 5689
19089 2 2 0 7 6308 9484 9483
19090 2 2 0 7 9483 9484 6307
19091 2 2 0 7 5029 9556 8748
19092 2 2 0 7 6229 9532 9192
19093 2 2 0 7 9192 9532 5374
19094 2 2 0 7 8876 9108 5761
19095 2 2 0 7 8434 9531 7934
19096 2 2 0 7 4671 9539 9147
19097 2 2 0 7 9201 9210 6553
19098 2 2 0 7 6630 9210 9201
19099 2 2 0 7 9553 9554 5062
19100 2 2 0 7 8289 9228 8642
19101 2 2 0 7 7934 9531 3114
19102 2 2 0 7 6060 9505 8054
19103 2 2 0 7 5121 9265 9156
19104 2 2 0 7 9156 9265 4981
19105 2 2 0 7 9374 9494 6204
19106 2 2 0 7 3185 9340 8694
19107 2 2 0 7 9137 9347 3019
19108 2 2 0 7 6765 9247 6764
19109 2 2 0 7 8927 9446 5960
19110 2 2 0 7 6726 9226 3393
19111 2 2 0 7 3005 9293 8615
19112 2 2 0 7 8640 9491 4031
19113 2 2 0 7 7258 9309 9097
19114 2 2 0 7 9138 9291 2658
19115 2 2 0 7 8953 9425 4700
19116 2 2 0 7 3393 9226 3395
19117 2 2 0 7 5682 9104 8974
19118 2 2 0 7 8974 9104 5680
19119 2 2 0 7 5000 9456 8939
19120 2 2 0 7 6760 8556 5315
19121 2 2 0 7 2927 8548 2924
19122 2 2 0 7 3486 8549 3484
19123 2 2 0 7 5624 8550 5026
19124 2 2 0 7 4026 8561 4023
19125 2 2 0 7 6718 8562 5090
19126 2 2 0 7 4635 9480 8942
19127 2 2 0 7 2643 8563 2515
19128 2 2 0 7 5204 9241 8581
19129 2 2 0 7 4011 9315 8272
19130 2 2 0 7 8581 9241 5793
19131 2 2 0 7 8485 9299 7709
19132 2 2 0 7 5033 8560 6650
19133 2 2 0 7 6325 8575 5590
19134 2 2 0 7 5682 9381 8364
19135 2 2 0 7 3485 8574 3486
19136 2 2 0 7 6124 8580 6361
19137 2 2 0 7 5317 8582 8286
19138 2 2 0 7 3008 8583 3311
19139 2 2 0 7 4235 8584 4662
19140 2 2 0 7 6004 8585 6007
19141 2 2 0 7 4254 8586 4261
19142 2 2 0 7 4261 8590 4256
19143 2 2 0 7 3102 9267 3104
19144 2 2 0 7 3106 9267 3102
19145 2 2 0 7 4258 8590 4262
19146 2 2 0 7 5151 8591 5788
19147 2 2 0 7 2314 8592 2368
19148 2 2 0 7 6844 8592 2316
19149 2 2 0 7 7437 8599 7438
19150 2 2 0 7 3512 8598 2346
19151 2 2 0 7 2361 8594 2350
19152 2 2 0 7 2360 8597 2332
19153 2 2 0 7 2392 8593 2358
19154 2 2 0 7 7438 8596 2370
19155 2 2 0 7 2330 8597 3511
19156 2 2 0 7 2334 7460 2360
19157 2 2 0 7 2344 8598 2364
19158 2 2 0 7 2348 8594 3512
19159 2 2 0 7 2362 8596 2392
19160 2 2 0 7 4208 8601 4213
19161 2 2 0 7 4363 9268 3914
19162 2 2 0 7 4210 8601 4206
19163 2 2 0 7 3914 9268 3916
19164 2 2 0 7 4661 8602 4703
19165 2 2 0 7 7706 8603 7707
19166 2 2 0 7 3912 8604 4363
19167 2 2 0 7 3944 8604 3910
19168 2 2 0 7 7715 8605 7716
19169 2 2 0 7 5314 8607 8388
19170 2 2 0 7 2260 8608 2262
19171 2 2 0 7 4211 8610 4198
19172 2 2 0 7 2773 8611 2768
19173 2 2 0 7 8612 9269 5459
19174 2 2 0 7 4097 9269 8612
19175 2 2 0 7 7754 8616 4880
19176 2 2 0 7 3909 8618 3903
19177 2 2 0 7 5431 9270 4432
19178 2 2 0 7 4432 9270 5649
19179 2 2 0 7 3854 8620 3359
19180 2 2 0 7 4601 8621 5470
19181 2 2 0 7 3976 8619 3992
19182 2 2 0 7 3357 8620 3402
19183 2 2 0 7 4031 8621 4029
19184 2 2 0 7 8286 9290 5625
19185 2 2 0 7 3536 9272 3529
19186 2 2 0 7 3529 9272 3531
19187 2 2 0 7 4146 8630 4352
19188 2 2 0 7 3940 8627 3938
19189 2 2 0 7 4399 8629 3891
19190 2 2 0 7 8908 9116 2199
19191 2 2 0 7 5477 8643 3953
19192 2 2 0 7 6183 9465 8533
19193 2 2 0 7 3659 8640 4031
19194 2 2 0 7 2858 8655 8141
19195 2 2 0 7 3951 8643 4346
19196 2 2 0 7 7709 9299 4632
19197 2 2 0 7 9098 9378 5784
19198 2 2 0 7 8510 8698 4229
19199 2 2 0 7 7702 9257 8877
19200 2 2 0 7 3527 8662 3536
19201 2 2 0 7 5145 9331 5144
19202 2 2 0 7 3005 9497 9293
19203 2 2 0 7 3936 8670 3940
19204 2 2 0 7 6527 8676 2664
19205 2 2 0 7 3570 8674 3574
19206 2 2 0 7 4342 8675 3669
19207 2 2 0 7 8342 9536 6060
19208 2 2 0 7 6465 8677 8169
19209 2 2 0 7 4953 8687 3881
19210 2 2 0 7 4508 8688 4079
19211 2 2 0 7 4947 8689 5207
19212 2 2 0 7 9274 9320 6262
19213 2 2 0 7 5969 9152 8995
19214 2 2 0 7 6230 9384 9162
19215 2 2 0 7 5144 9331 5681
19216 2 2 0 7 8349 8999 6579
19217 2 2 0 7 4204 8781 4210
19218 2 2 0 7 9284 9387 4973
19219 2 2 0 7 5698 9294 5697
19220 2 2 0 7 2401 9204 9039
19221 2 2 0 7 3992 8790 3974
19222 2 2 0 7 3402 8791 3355
19223 2 2 0 7 7707 8808 7697
19224 2 2 0 7 2262 8810 2257
19225 2 2 0 7 9324 9396 4983
19226 2 2 0 7 2658 9473 9138
19227 2 2 0 7 6137 8871 6481
19228 2 2 0 7 7719 9024 6749
19229 2 2 0 7 8790 9328 3982
19230 2 2 0 7 3371 9486 3369
19231 2 2 0 7 2946 8946 2940
19232 2 2 0 7 7441 8863 2391
19233 2 2 0 7 7439 8863 8599
19234 2 2 0 7 8933 9306 5451
19235 2 2 0 7 4887 8877 8605
19236 2 2 0 7 8585 9319 6007
19237 2 2 0 7 9505 9536 4129
19238 2 2 0 7 8141 8894 7787
19239 2 2 0 7 5704 9546 9545
19240 2 2 0 7 6020 8884 6018
19241 2 2 0 7 3516 9534 3515
19242 2 2 0 7 9189 9429 2524
19243 2 2 0 7 8202 8910 7724
19244 2 2 0 7 4341 8912 4342
19245 2 2 0 7 5081 9301 9059
19246 2 2 0 7 9284 9392 5102
19247 2 2 0 7 7752 8910 8655
19248 2 2 0 7 4015 8938 3539
19249 2 2 0 7 3972 8790 3982
19250 2 2 0 7 3352 8791 4171
19251 2 2 0 7 8000 9416 5431
19252 2 2 0 7 8680 8964 3128
19253 2 2 0 7 5185 8805 8481
19254 2 2 0 7 5586 9235 9105
19255 2 2 0 7 8727 8894 5440
19256 2 2 0 7 3414 8788 3630
19257 2 2 0 7 7497 9420 2301
19258 2 2 0 7 5623 8789 5624
19259 2 2 0 7 8169 8796 6464
19260 2 2 0 7 5330 9427 9255
19261 2 2 0 7 3773 9472 9186
19262 2 2 0 7 9186 9472 6242
19263 2 2 0 7 9115 9520 5591
19264 2 2 0 7 2926 9514 9274
19265 2 2 0 7 8774 8835 7795
19266 2 2 0 7 8965 9049 3211
19267 2 2 0 7 8713 9369 3494
19268 2 2 0 7 2590 9008 2594
19269 2 2 0 7 5482 9388 9387
19270 2 2 0 7 4142 9043 4569
19271 2 2 0 7 5625 9290 8982
19272 2 2 0 7 7742 8830 7741
19273 2 2 0 7 8484 9276 7461
19274 2 2 0 7 4953 9367 8687
19275 2 2 0 7 3369 9486 3590
19276 2 2 0 7 4680 9177 8893
19277 2 2 0 7 6021 9542 8402
19278 2 2 0 7 9423 9424 5146
19279 2 2 0 7 4998 8972 8505
19280 2 2 0 7 8173 9533 6547
19281 2 2 0 7 8861 9441 5683
19282 2 2 0 7 7795 8816 8774
19283 2 2 0 7 5207 8489 5206
19284 2 2 0 7 5040 9428 9427
19285 2 2 0 7 3515 9534 3668
19286 2 2 0 7 8937 9438 6565
19287 2 2 0 7 8783 9457 6542
19288 2 2 0 7 6066 9457 8783
19289 2 2 0 7 8589 9345 3506
19290 2 2 0 7 6698 8912 4563
19291 2 2 0 7 6035 9412 6033
19292 2 2 0 7 3627 8938 8173
19293 2 2 0 7 3003 9497 3005
19294 2 2 0 7 5868 9502 4679
19295 2 2 0 7 9273 9419 7987
19296 2 2 0 7 5827 8961 5825
19297 2 2 0 7 7708 9292 6442
19298 2 2 0 7 6442 9292 5052
19299 2 2 0 7 8158 9046 8946
19300 2 2 0 7 8555 8982 2396
19301 2 2 0 7 8141 8655 5633
19302 2 2 0 7 2473 9310 9076
19303 2 2 0 7 2473 9311 9310
19304 2 2 0 7 8590 9458 4262
19305 2 2 0 7 9092 9516 5647
19306 2 2 0 7 8850 9542 4156
19307 2 2 0 7 6721 9266 8871
19308 2 2 0 7 8749 8979 4991
19309 2 2 0 7 6228 9374 8919
19310 2 2 0 7 5810 9482 8848
19311 2 2 0 7 8871 9266 5060
19312 2 2 0 7 2702 9406 8453
19313 2 2 0 7 3147 9052 8681
19314 2 2 0 7 8377 9058 2379
19315 2 2 0 7 8884 9542 6021
19316 2 2 0 7 2704 9320 9274
19317 2 2 0 7 5634 8910 8202
19318 2 2 0 7 8054 9505 4526
19319 2 2 0 7 2355 9290 8286
19320 2 2 0 7 4688 9233 8941
19321 2 2 0 7 4569 9043 8478
19322 2 2 0 7 4249 9500 8131
19323 2 2 0 7 8599 8863 5583
19324 2 2 0 7 6789 9345 5448
19325 2 2 0 7 8601 9556 4213
19326 2 2 0 7 7785 9360 3517
19327 2 2 0 7 6262 9320 8565
19328 2 2 0 7 5519 9497 7728
19329 2 2 0 7 8481 8805 4481
19330 2 2 0 7 8280 9415 6490
19331 2 2 0 7 2658 9548 9473
19332 2 2 0 7 9473 9548 2659
19333 2 2 0 7 8533 9465 5373
19334 2 2 0 7 6060 9536 9505
19335 2 2 0 7 5632 9263 9262
19336 2 2 0 7 9262 9263 5631
19337 2 2 0 7 4891 9536 8342
19338 2 2 0 7 4704 9424 9423
19339 2 2 0 7 9387 9388 4973
19340 2 2 0 7 5355 9295 9139
19341 2 2 0 7 9139 9295 5354
19342 2 2 0 7 9545 9546 5732
19343 2 2 0 7 4973 9392 9284
19344 2 2 0 7 4225 9419 9273
19345 2 2 0 7 9147 9539 6176
19346 2 2 0 7 9274 9514 2704
19347 2 2 0 7 8565 9320 2700
19348 2 2 0 7 2368 8589 8588
19349 2 2 0 7 3421 3800 3377
19350 2 2 0 7 3556 8964 8143
19351 2 2 0 7 3574 3575 3572
19352 2 2 0 7 4352 6306 3842
19353 2 2 0 7 6661 8488 4984
19354 2 2 0 7 5438 9255 6541
19355 2 2 0 7 5798 9256 7692
19356 2 2 0 7 8614 9200 8631
$EndElements
