$MeshFormat
2.2 0 8
$EndMeshFormat
$PhysicalNames
4
2 1 "bath"
2 2 "node_1"
2 3 "node_2"
2 4 "node_3"
$EndPhysicalNames
$Nodes
6948
1 0 0 0
2 5375 0 0
3 0 5000 0
4 5375 5000 0
5 2425 2500 0
6 2725 2500 0
7 3025 2500 0
8 2387.5 2500 0
9 2687.5 2500 0
10 2987.5 2500 0
11 99.53703703703704 0 0
12 199.0740740740741 0 0
13 298.6111111111111 0 0
14 398.1481481481482 0 0
15 497.6851851851852 0 0
16 597.2222222222223 0 0
17 696.7592592592592 0 0
18 796.2962962962963 0 0
19 895.8333333333334 0 0
20 995.3703703703704 0 0
21 1094.907407407407 0 0
22 1194.444444444445 0 0
23 1293.981481481482 0 0
24 1393.518518518518 0 0
25 1493.055555555555 0 0
26 1592.592592592593 0 0
27 1692.12962962963 0 0
28 1791.666666666667 0 0
29 1891.203703703704 0 0
30 1990.740740740741 0 0
31 2090.277777777778 0 0
32 2189.814814814815 0 0
33 2289.351851851852 0 0
34 2388.888888888889 0 0
35 2488.425925925926 0 0
36 2587.962962962963 0 0
37 2687.5 0 0
38 2787.037037037037 0 0
39 2886.574074074074 0 0
40 2986.111111111111 0 0
41 3085.648148148148 0 0
42 3185.185185185185 0 0
43 3284.722222222222 0 0
44 3384.25925925926 0 0
45 3483.796296296296 0 0
46 3583.333333333333 0 0
47 3682.87037037037 0 0
48 3782.407407407408 0 0
49 3881.944444444444 0 0
50 3981.481481481482 0 0
51 4081.018518518518 0 0
52 4180.555555555556 0 0
53 4280.092592592592 0 0
54 4379.62962962963 0 0
55 4479.166666666666 0 0
56 4578.703703703703 0 0
57 4678.240740740741 0 0
58 4777.777777777778 0 0
59 4877.314814814815 0 0
60 4976.851851851852 0 0
61 5076.388888888889 0 0
62 5175.925925925926 0 0
63 5275.462962962963 0 0
64 0 4900 0
65 0 4800 0
66 0 4700 0
67 0 4600 0
68 0 4500 0
69 0 4400 0
70 0 4300 0
71 0 4200 0
72 0 4100 0
73 0 4000 0
74 0 3900 0
75 0 3800 0
76 0 3700 0
77 0 3600 0
78 0 3500 0
79 0 3400 0
80 0 3300 0
81 0 3200 0
82 0 3100 0
83 0 3000 0
84 0 2900 0
85 0 2800 0
86 0 2700 0
87 0 2600 0
88 0 2500 0
89 0 2400 0
90 0 2300 0
91 0 2200 0
92 0 2100 0
93 0 2000 0
94 0 1900 0
95 0 1800 0
96 0 1700 0
97 0 1600 0
98 0 1500 0
99 0 1400 0
100 0 1300 0
101 0 1200 0
102 0 1100 0
103 0 1000 0
104 0 900 0
105 0 800 0
106 0 700 0
107 0 600 0
108 0 500 0
109 0 400 0
110 0 300 0
111 0 200 0
112 0 100 0
113 5375 100 0
114 5375 200 0
115 5375 300 0
116 5375 400 0
117 5375 500 0
118 5375 600 0
119 5375 700 0
120 5375 800 0
121 5375 900 0
122 5375 1000 0
123 5375 1100 0
124 5375 1200 0
125 5375 1300 0
126 5375 1400 0
127 5375 1500 0
128 5375 1600 0
129 5375 1700 0
130 5375 1800 0
131 5375 1900 0
132 5375 2000 0
133 5375 2100 0
134 5375 2200 0
135 5375 2300 0
136 5375 2400 0
137 5375 2500 0
138 5375 2600 0
139 5375 2700 0
140 5375 2800 0
141 5375 2900 0
142 5375 3000 0
143 5375 3100 0
144 5375 3200 0
145 5375 3300 0
146 5375 3400 0
147 5375 3500 0
148 5375 3600 0
149 5375 3700 0
150 5375 3800 0
151 5375 3900 0
152 5375 4000 0
153 5375 4100 0
154 5375 4200 0
155 5375 4300 0
156 5375 4400 0
157 5375 4500 0
158 5375 4600 0
159 5375 4700 0
160 5375 4800 0
161 5375 4900 0
162 5275.462962962963 5000 0
163 5175.925925925926 5000 0
164 5076.388888888889 5000 0
165 4976.851851851852 5000 0
166 4877.314814814815 5000 0
167 4777.777777777777 5000 0
168 4678.240740740741 5000 0
169 4578.703703703703 5000 0
170 4479.166666666667 5000 0
171 4379.62962962963 5000 0
172 4280.092592592593 5000 0
173 4180.555555555556 5000 0
174 4081.018518518518 5000 0
175 3981.481481481482 5000 0
176 3881.944444444444 5000 0
177 3782.407407407407 5000 0
178 3682.87037037037 5000 0
179 3583.333333333333 5000 0
180 3483.796296296296 5000 0
181 3384.259259259259 5000 0
182 3284.722222222222 5000 0
183 3185.185185185185 5000 0
184 3085.648148148148 5000 0
185 2986.111111111111 5000 0
186 2886.574074074074 5000 0
187 2787.037037037037 5000 0
188 2687.5 5000 0
189 2587.962962962963 5000 0
190 2488.425925925926 5000 0
191 2388.888888888889 5000 0
192 2289.351851851852 5000 0
193 2189.814814814815 5000 0
194 2090.277777777778 5000 0
195 1990.74074074074 5000 0
196 1891.203703703704 5000 0
197 1791.666666666667 5000 0
198 1692.12962962963 5000 0
199 1592.592592592592 5000 0
200 1493.055555555556 5000 0
201 1393.518518518518 5000 0
202 1293.981481481482 5000 0
203 1194.444444444444 5000 0
204 1094.907407407408 5000 0
205 995.3703703703704 5000 0
206 895.8333333333339 5000 0
207 796.2962962962965 5000 0
208 696.7592592592591 5000 0
209 597.2222222222217 5000 0
210 497.6851851851852 5000 0
211 398.1481481481478 5000 0
212 298.6111111111113 5000 0
213 199.0740740740739 5000 0
214 99.53703703703741 5000 0
215 2424.679182301518 2504.894732208252 0
216 2423.72221848584 2509.705714191345 0
217 2422.145482469173 2514.350628713691 0
218 2419.975952641917 2518.75 0
219 2417.250750260921 2522.828553587827 0
220 2414.016504294495 2526.516504294495 0
221 2410.328553587827 2529.750750260921 0
222 2406.25 2532.475952641917 0
223 2401.850628713691 2534.645482469173 0
224 2397.205714191345 2536.22221848584 0
225 2392.394732208252 2537.179182301518 0
226 2387.5 2537.5 0
227 2382.605267791748 2537.179182301518 0
228 2377.794285808655 2536.22221848584 0
229 2373.149371286309 2534.645482469173 0
230 2368.75 2532.475952641917 0
231 2364.671446412173 2529.750750260921 0
232 2360.983495705505 2526.516504294495 0
233 2357.749249739079 2522.828553587827 0
234 2355.024047358083 2518.75 0
235 2352.854517530827 2514.350628713691 0
236 2351.27778151416 2509.705714191345 0
237 2350.320817698482 2504.894732208252 0
238 2350 2500 0
239 2350.320817698482 2495.105267791748 0
240 2351.27778151416 2490.294285808656 0
241 2352.854517530827 2485.649371286309 0
242 2355.024047358083 2481.25 0
243 2357.749249739079 2477.171446412173 0
244 2360.983495705504 2473.483495705505 0
245 2364.671446412173 2470.249249739079 0
246 2368.75 2467.524047358084 0
247 2373.149371286309 2465.354517530827 0
248 2377.794285808655 2463.77778151416 0
249 2382.605267791748 2462.820817698482 0
250 2387.5 2462.5 0
251 2392.394732208252 2462.820817698482 0
252 2397.205714191344 2463.77778151416 0
253 2401.850628713691 2465.354517530827 0
254 2406.25 2467.524047358083 0
255 2410.328553587827 2470.249249739079 0
256 2414.016504294495 2473.483495705505 0
257 2417.250750260921 2477.171446412173 0
258 2419.975952641917 2481.25 0
259 2422.145482469173 2485.649371286309 0
260 2423.72221848584 2490.294285808655 0
261 2424.679182301518 2495.105267791748 0
262 2724.679182301518 2504.894732208252 0
263 2723.72221848584 2509.705714191345 0
264 2722.145482469173 2514.350628713691 0
265 2719.975952641917 2518.75 0
266 2717.250750260921 2522.828553587827 0
267 2714.016504294495 2526.516504294495 0
268 2710.328553587827 2529.750750260921 0
269 2706.25 2532.475952641917 0
270 2701.850628713691 2534.645482469173 0
271 2697.205714191345 2536.22221848584 0
272 2692.394732208252 2537.179182301518 0
273 2687.5 2537.5 0
274 2682.605267791748 2537.179182301518 0
275 2677.794285808655 2536.22221848584 0
276 2673.149371286309 2534.645482469173 0
277 2668.75 2532.475952641917 0
278 2664.671446412173 2529.750750260921 0
279 2660.983495705505 2526.516504294495 0
280 2657.749249739079 2522.828553587827 0
281 2655.024047358083 2518.75 0
282 2652.854517530827 2514.350628713691 0
283 2651.27778151416 2509.705714191345 0
284 2650.320817698482 2504.894732208252 0
285 2650 2500 0
286 2650.320817698482 2495.105267791748 0
287 2651.27778151416 2490.294285808656 0
288 2652.854517530827 2485.649371286309 0
289 2655.024047358083 2481.25 0
290 2657.749249739079 2477.171446412173 0
291 2660.983495705504 2473.483495705505 0
292 2664.671446412173 2470.249249739079 0
293 2668.75 2467.524047358084 0
294 2673.149371286309 2465.354517530827 0
295 2677.794285808655 2463.77778151416 0
296 2682.605267791748 2462.820817698482 0
297 2687.5 2462.5 0
298 2692.394732208252 2462.820817698482 0
299 2697.205714191344 2463.77778151416 0
300 2701.850628713691 2465.354517530827 0
301 2706.25 2467.524047358083 0
302 2710.328553587827 2470.249249739079 0
303 2714.016504294495 2473.483495705505 0
304 2717.250750260921 2477.171446412173 0
305 2719.975952641917 2481.25 0
306 2722.145482469173 2485.649371286309 0
307 2723.72221848584 2490.294285808655 0
308 2724.679182301518 2495.105267791748 0
309 3024.679182301518 2504.894732208252 0
310 3023.72221848584 2509.705714191345 0
311 3022.145482469173 2514.350628713691 0
312 3019.975952641917 2518.75 0
313 3017.250750260921 2522.828553587827 0
314 3014.016504294495 2526.516504294495 0
315 3010.328553587827 2529.750750260921 0
316 3006.25 2532.475952641917 0
317 3001.850628713691 2534.645482469173 0
318 2997.205714191345 2536.22221848584 0
319 2992.394732208252 2537.179182301518 0
320 2987.5 2537.5 0
321 2982.605267791748 2537.179182301518 0
322 2977.794285808655 2536.22221848584 0
323 2973.149371286309 2534.645482469173 0
324 2968.75 2532.475952641917 0
325 2964.671446412173 2529.750750260921 0
326 2960.983495705505 2526.516504294495 0
327 2957.749249739079 2522.828553587827 0
328 2955.024047358083 2518.75 0
329 2952.854517530827 2514.350628713691 0
330 2951.27778151416 2509.705714191345 0
331 2950.320817698482 2504.894732208252 0
332 2950 2500 0
333 2950.320817698482 2495.105267791748 0
334 2951.27778151416 2490.294285808656 0
335 2952.854517530827 2485.649371286309 0
336 2955.024047358083 2481.25 0
337 2957.749249739079 2477.171446412173 0
338 2960.983495705504 2473.483495705505 0
339 2964.671446412173 2470.249249739079 0
340 2968.75 2467.524047358084 0
341 2973.149371286309 2465.354517530827 0
342 2977.794285808655 2463.77778151416 0
343 2982.605267791748 2462.820817698482 0
344 2987.5 2462.5 0
345 2992.394732208252 2462.820817698482 0
346 2997.205714191344 2463.77778151416 0
347 3001.850628713691 2465.354517530827 0
348 3006.25 2467.524047358083 0
349 3010.328553587827 2470.249249739079 0
350 3014.016504294495 2473.483495705505 0
351 3017.250750260921 2477.171446412173 0
352 3019.975952641917 2481.25 0
353 3022.145482469173 2485.649371286309 0
354 3023.72221848584 2490.294285808655 0
355 3024.679182301518 2495.105267791748 0
356 2409.607722165567 2525.226620586907 0
357 2366.359083972993 2475.334349992632 0
358 2362.571150623284 2521.912814908726 0
359 2411.998013197142 2478.111081236996 0
360 2385.448895088492 2533.35936876713 0
361 2389.66161450931 2467.374647219383 0
362 2421.543962982022 2502.106864990152 0
363 2354.010941683242 2497.384849972485 0
364 2377.256211149037 2468.926602269491 0
365 2356.021636519247 2511.171892161726 0
366 2419.52119715703 2489.61318192186 0
367 2357.654327018039 2485.395048883535 0
368 2398.239511263913 2530.865257963497 0
369 2372.254443073504 2529.848524695227 0
370 2402.171446412173 2470.249249739079 0
371 2417.599102094132 2514.8366715081 0
372 2359.419769750166 2518.301681887991 0
373 2364.114046385187 2517.555066620693 0
374 2367.415284385541 2520.87340075777 0
375 2368.959277037114 2516.300205948728 0
376 2372.236805329463 2519.907711495073 0
377 2374.258449926004 2514.803271279879 0
378 2369.989398380846 2510.673196286058 0
379 2376.273718141298 2508.893180851719 0
380 2372.219183513062 2504.297700486785 0
381 2377.940680236876 2502.845690876431 0
382 2381.760380780689 2507.280248496808 0
383 2383.276600068059 2501.769747995866 0
384 2386.818536759899 2505.574078477376 0
385 2388.34820124311 2500.704478270131 0
386 2384.928212202988 2496.856704174787 0
387 2389.997623680117 2495.937815612785 0
388 2393.154669971626 2499.419129644745 0
389 2386.647891558127 2492.219090542664 0
390 2391.562391429503 2491.188195140161 0
391 2385.517852006886 2510.269243677365 0
392 2390.361188452717 2508.880766352378 0
393 2388.18481653641 2487.478536907751 0
394 2382.984054201549 2488.61061030894 0
395 2388.936082280617 2513.918807802359 0
396 2394.191438288875 2512.382760915227 0
397 2393.03512830873 2486.248423024022 0
398 2396.665876457671 2490.380178306479 0
399 2384.808396773458 2483.454912547106 0
400 2398.761232010439 2484.945074027522 0
401 2392.799079914365 2518.294397199916 0
402 2373.911025647851 2498.761366325927 0
403 2402.346093516336 2489.402273481358 0
404 2378.905705530599 2484.504751077072 0
405 2386.282920501128 2518.885258155417 0
406 2393.999967158584 2480.303380371349 0
407 2398.666532804064 2516.737995239063 0
408 2399.738269945851 2510.66569231531 0
409 2367.753818880602 2499.859364574778 0
410 2369.638204343435 2493.636576721776 0
411 2404.915179870288 2515.205941397372 0
412 2405.807527225008 2508.702546430549 0
413 2381.481004768852 2478.419246361459 0
414 2375.372307754176 2479.755497670697 0
415 2400.239048564153 2494.397707182278 0
416 2406.420721073332 2493.88460449286 0
417 2409.188862429065 2488.401017633548 0
418 2391.642182276855 2524.339741153341 0
419 2377.692736173304 2489.74407812495 0
420 2400.73852799313 2478.745639372072 0
421 2373.054008593148 2484.894880582863 0
422 2412.314226444999 2493.880769772637 0
423 2410.270574306431 2498.857881019347 0
424 2402.260820124844 2520.656382421636 0
425 2385.010674654767 2525.287943382295 0
426 2380.670231507997 2521.323042561213 0
427 2362.944182253279 2495.464853588963 0
428 2362.218904758362 2501.79563800594 0
429 2364.736399277408 2490.22389541906 0
430 2367.162173953931 2482.636031312801 0
431 2400.818341787626 2503.71347287512 0
432 2395.990210668096 2474.861440695532 0
433 2390.716419497968 2475.542031326412 0
434 2380.618688289139 2514.337386777059 0
435 2376.666529272281 2474.137122150683 0
436 2381.553980881768 2472.611910872177 0
437 2371.686051332331 2475.083025050706 0
438 2410.14187040803 2512.642309588728 0
439 2410.187179458545 2517.733810409167 0
440 2379.692613154525 2497.990402849502 0
441 2379.124555418237 2527.394374272769 0
442 2359.968428059742 2490.321787224964 0
443 2388.108187309772 2529.162062805637 0
444 2371.075491489427 2524.970609012927 0
445 2392.884236711588 2471.004023210966 0
446 2361.111007841113 2513.497765018187 0
447 2404.539478035741 2483.902741373854 0
448 2406.62583771089 2478.895267016533 0
449 2415.219216297517 2498.281448267455 0
450 2413.48205210473 2503.320854114865 0
451 2397.249846281836 2522.12163885045 0
452 2401.293742555698 2526.110206144522 0
453 2375.787786398853 2523.40825879709 0
454 2395.589549239356 2506.608757143777 0
455 2394.839285049393 2494.938019902685 0
456 2381.738044491249 2467.546889247103 0
457 2385.548633515726 2470.215848448332 0
458 2386.086826299193 2474.632724851007 0
459 2404.222490591319 2474.651371518522 0
460 2409.946447801793 2482.794098198408 0
461 2413.474271200183 2485.421192709318 0
462 2393.151099471576 2529.643820811011 0
463 2381.356678807451 2493.325687019898 0
464 2408.944786521767 2474.498149853407 0
465 2397.701910738905 2469.528441414242 0
466 2417.318862141327 2493.734940995177 0
467 2357.912918308027 2494.709002976511 0
468 2365.905654074378 2525.379666890896 0
469 2391.653026066986 2504.09906882824 0
470 2420.270975819916 2497.77597024862 0
471 2404.054077080416 2498.840236844149 0
472 2366.296371997991 2505.781974715627 0
473 2360.23074792466 2507.61932322378 0
474 2357.672212611917 2503.441416373199 0
475 2364.710392652792 2510.354652666413 0
476 2415.328453378513 2481.438341375389 0
477 2420.486163324816 2506.099981699416 0
478 2380.915875580805 2533.100628713691 0
479 2359.438641950022 2481.25 0
480 2362.777468168883 2485.17761989003 0
481 2355.606079825694 2489.593635643396 0
482 2362.239215685164 2477.919636926508 0
483 2372.709693839993 2470.493992718302 0
484 2368.835255111498 2471.73693297176 0
485 2405.906641679008 2528.011556403823 0
486 2412.755307073129 2522.150290292363 0
487 2419.269885722081 2510.497351380774 0
488 2376.448556961412 2531.397399897939 0
489 2415.46557825626 2518.717967238391 0
490 2390.119177132207 2533.34765850813 0
491 2402.631749665969 2530.386085223453 0
492 2370.147533796849 2479.519450029838 0
493 2393.96964167188 2466.901142211447 0
494 2414.776002631595 2511.422126919257 0
495 2411.648239777741 2507.961758131473 0
496 2394.222046853458 2533.451627613999 0
497 2389.596874945365 2483.285658940229 0
498 2417.863741972186 2485.108657775446 0
499 2383.487521178155 2529.569989140718 0
500 2368.531407009897 2528.485100700378 0
501 2414.690933458587 2489.693771696949 0
502 2395.726337451776 2502.429104404309 0
503 2354.114748618659 2506.640739387828 0
504 2376.194565554214 2494.533236118548 0
505 2385.537559556309 2466.14475327031 0
506 2353.825707805921 2493.417408438559 0
507 2358.321936453001 2499.00549973763 0
508 2406.383455422617 2471.434413641634 0
509 2398.138626650832 2498.956278475548 0
510 2407.680135380325 2503.566124902584 0
511 2353.497884110393 2502.151473380979 0
512 2416.095194205658 2506.869002776414 0
513 2406.317112831067 2519.244412195672 0
514 2356.886195799887 2515.214393556319 0
515 2396.315276369976 2526.616132984564 0
516 2421.163367913984 2493.298164094387 0
517 2413.633946569712 2515.070577132728 0
518 2405.768523172258 2523.417943754467 0
519 2365.797603453537 2479.349185350705 0
520 2376.714392290291 2518.755934182063 0
521 2400.262670794238 2473.594155383518 0
522 2389.119288347304 2471.905895126579 0
523 2385.338885769442 2514.35267410305 0
524 2417.388807616586 2502.16555458453 0
525 2368.436948358328 2487.998157497639 0
526 2408.927168940113 2521.554615447715 0
527 2375.190237165923 2527.290855742901 0
528 2373.003292604486 2490.161385809155 0
529 2363.367874704148 2481.286484351934 0
530 2365.849124537748 2513.933235322904 0
531 2387.831434252686 2479.178720814257 0
532 2709.607722165567 2525.226620586907 0
533 2666.359083972993 2475.334349992632 0
534 2662.571150623284 2521.912814908726 0
535 2711.998013197142 2478.111081236996 0
536 2685.448895088492 2533.35936876713 0
537 2689.66161450931 2467.374647219383 0
538 2721.543962982022 2502.106864990152 0
539 2654.010941683242 2497.384849972485 0
540 2677.256211149037 2468.926602269491 0
541 2656.021636519247 2511.171892161726 0
542 2719.52119715703 2489.61318192186 0
543 2657.654327018039 2485.395048883535 0
544 2698.239511263913 2530.865257963497 0
545 2672.254443073504 2529.848524695227 0
546 2702.171446412173 2470.249249739079 0
547 2717.599102094132 2514.8366715081 0
548 2659.419769750166 2518.301681887991 0
549 2664.114046385187 2517.555066620693 0
550 2667.415284385541 2520.87340075777 0
551 2668.959277037114 2516.300205948728 0
552 2672.236805329463 2519.907711495073 0
553 2674.258449926004 2514.803271279879 0
554 2669.989398380846 2510.673196286058 0
555 2676.273718141298 2508.893180851719 0
556 2672.219183513062 2504.297700486785 0
557 2677.940680236876 2502.845690876431 0
558 2681.760380780689 2507.280248496808 0
559 2683.276600068059 2501.769747995866 0
560 2686.818536759899 2505.574078477376 0
561 2688.34820124311 2500.704478270131 0
562 2684.928212202988 2496.856704174787 0
563 2689.997623680117 2495.937815612785 0
564 2693.154669971626 2499.419129644745 0
565 2686.647891558127 2492.219090542664 0
566 2691.562391429503 2491.188195140161 0
567 2685.517852006886 2510.269243677365 0
568 2690.361188452717 2508.880766352378 0
569 2688.18481653641 2487.478536907751 0
570 2682.984054201549 2488.61061030894 0
571 2688.936082280617 2513.918807802359 0
572 2694.191438288875 2512.382760915227 0
573 2693.03512830873 2486.248423024022 0
574 2696.665876457671 2490.380178306479 0
575 2684.808396773458 2483.454912547106 0
576 2698.761232010439 2484.945074027522 0
577 2692.799079914365 2518.294397199916 0
578 2673.911025647851 2498.761366325927 0
579 2702.346093516336 2489.402273481358 0
580 2678.905705530599 2484.504751077072 0
581 2686.282920501128 2518.885258155417 0
582 2693.999967158584 2480.303380371349 0
583 2698.666532804064 2516.737995239063 0
584 2699.738269945851 2510.66569231531 0
585 2667.753818880602 2499.859364574778 0
586 2669.638204343435 2493.636576721776 0
587 2704.915179870288 2515.205941397372 0
588 2705.807527225008 2508.702546430549 0
589 2681.481004768852 2478.419246361459 0
590 2675.372307754176 2479.755497670697 0
591 2700.239048564153 2494.397707182278 0
592 2706.420721073332 2493.88460449286 0
593 2709.188862429065 2488.401017633548 0
594 2691.642182276855 2524.339741153341 0
595 2677.692736173304 2489.74407812495 0
596 2700.73852799313 2478.745639372072 0
597 2673.054008593148 2484.894880582863 0
598 2712.314226444999 2493.880769772637 0
599 2710.270574306431 2498.857881019347 0
600 2702.260820124844 2520.656382421636 0
601 2685.010674654767 2525.287943382295 0
602 2680.670231507997 2521.323042561213 0
603 2662.944182253279 2495.464853588963 0
604 2662.218904758362 2501.79563800594 0
605 2664.736399277408 2490.22389541906 0
606 2667.162173953931 2482.636031312801 0
607 2700.818341787626 2503.71347287512 0
608 2695.990210668096 2474.861440695532 0
609 2690.716419497968 2475.542031326412 0
610 2680.618688289139 2514.337386777059 0
611 2676.666529272281 2474.137122150683 0
612 2681.553980881768 2472.611910872177 0
613 2671.686051332331 2475.083025050706 0
614 2710.14187040803 2512.642309588728 0
615 2710.187179458545 2517.733810409167 0
616 2679.692613154525 2497.990402849502 0
617 2679.124555418237 2527.394374272769 0
618 2659.968428059742 2490.321787224964 0
619 2688.108187309772 2529.162062805637 0
620 2671.075491489427 2524.970609012927 0
621 2692.884236711588 2471.004023210966 0
622 2661.111007841113 2513.497765018187 0
623 2704.539478035741 2483.902741373854 0
624 2706.62583771089 2478.895267016533 0
625 2715.219216297517 2498.281448267455 0
626 2713.48205210473 2503.320854114865 0
627 2697.249846281836 2522.12163885045 0
628 2701.293742555698 2526.110206144522 0
629 2675.787786398853 2523.40825879709 0
630 2695.589549239356 2506.608757143777 0
631 2694.839285049393 2494.938019902685 0
632 2681.738044491249 2467.546889247103 0
633 2685.548633515726 2470.215848448332 0
634 2686.086826299193 2474.632724851007 0
635 2704.222490591319 2474.651371518522 0
636 2709.946447801793 2482.794098198408 0
637 2713.474271200183 2485.421192709318 0
638 2693.151099471576 2529.643820811011 0
639 2681.356678807451 2493.325687019898 0
640 2708.944786521767 2474.498149853407 0
641 2697.701910738905 2469.528441414242 0
642 2717.318862141327 2493.734940995177 0
643 2657.912918308027 2494.709002976511 0
644 2665.905654074378 2525.379666890896 0
645 2691.653026066986 2504.09906882824 0
646 2720.270975819916 2497.77597024862 0
647 2704.054077080416 2498.840236844149 0
648 2666.296371997991 2505.781974715627 0
649 2660.23074792466 2507.61932322378 0
650 2657.672212611917 2503.441416373199 0
651 2664.710392652792 2510.354652666413 0
652 2715.328453378513 2481.438341375389 0
653 2720.486163324816 2506.099981699416 0
654 2680.915875580805 2533.100628713691 0
655 2659.438641950022 2481.25 0
656 2662.777468168883 2485.17761989003 0
657 2655.606079825694 2489.593635643396 0
658 2662.239215685164 2477.919636926508 0
659 2672.709693839993 2470.493992718302 0
660 2668.835255111498 2471.73693297176 0
661 2705.906641679008 2528.011556403823 0
662 2712.755307073129 2522.150290292363 0
663 2719.269885722081 2510.497351380774 0
664 2676.448556961412 2531.397399897939 0
665 2715.46557825626 2518.717967238391 0
666 2690.119177132207 2533.34765850813 0
667 2702.631749665969 2530.386085223453 0
668 2670.147533796849 2479.519450029838 0
669 2693.96964167188 2466.901142211447 0
670 2714.776002631595 2511.422126919257 0
671 2711.648239777741 2507.961758131473 0
672 2694.222046853458 2533.451627613999 0
673 2689.596874945365 2483.285658940229 0
674 2717.863741972186 2485.108657775446 0
675 2683.487521178155 2529.569989140718 0
676 2668.531407009897 2528.485100700378 0
677 2714.690933458587 2489.693771696949 0
678 2695.726337451776 2502.429104404309 0
679 2654.114748618659 2506.640739387828 0
680 2676.194565554214 2494.533236118548 0
681 2685.537559556309 2466.14475327031 0
682 2653.825707805921 2493.417408438559 0
683 2658.321936453001 2499.00549973763 0
684 2706.383455422617 2471.434413641634 0
685 2698.138626650832 2498.956278475548 0
686 2707.680135380325 2503.566124902584 0
687 2653.497884110393 2502.151473380979 0
688 2716.095194205658 2506.869002776414 0
689 2706.317112831067 2519.244412195672 0
690 2656.886195799887 2515.214393556319 0
691 2696.315276369976 2526.616132984564 0
692 2721.163367913984 2493.298164094387 0
693 2713.633946569712 2515.070577132728 0
694 2705.768523172258 2523.417943754467 0
695 2665.797603453537 2479.349185350705 0
696 2676.714392290291 2518.755934182063 0
697 2700.262670794238 2473.594155383518 0
698 2689.119288347304 2471.905895126579 0
699 2685.338885769442 2514.35267410305 0
700 2717.388807616586 2502.16555458453 0
701 2668.436948358328 2487.998157497639 0
702 2708.927168940113 2521.554615447715 0
703 2675.190237165923 2527.290855742901 0
704 2673.003292604486 2490.161385809155 0
705 2663.367874704148 2481.286484351934 0
706 2665.849124537748 2513.933235322904 0
707 2687.831434252686 2479.178720814257 0
708 3009.607722165567 2525.226620586907 0
709 2966.359083972993 2475.334349992632 0
710 2962.571150623284 2521.912814908726 0
711 3011.998013197142 2478.111081236996 0
712 2985.448895088492 2533.35936876713 0
713 2989.66161450931 2467.374647219383 0
714 3021.543962982022 2502.106864990152 0
715 2954.010941683242 2497.384849972485 0
716 2977.256211149037 2468.926602269491 0
717 2956.021636519247 2511.171892161726 0
718 3019.52119715703 2489.61318192186 0
719 2957.654327018039 2485.395048883535 0
720 2998.239511263913 2530.865257963497 0
721 2972.254443073504 2529.848524695227 0
722 3002.171446412173 2470.249249739079 0
723 3017.599102094132 2514.8366715081 0
724 2959.419769750166 2518.301681887991 0
725 2964.114046385187 2517.555066620693 0
726 2967.415284385541 2520.87340075777 0
727 2968.959277037114 2516.300205948728 0
728 2972.236805329463 2519.907711495073 0
729 2974.258449926004 2514.803271279879 0
730 2969.989398380846 2510.673196286058 0
731 2976.273718141298 2508.893180851719 0
732 2972.219183513062 2504.297700486785 0
733 2977.940680236876 2502.845690876431 0
734 2981.760380780689 2507.280248496808 0
735 2983.276600068059 2501.769747995866 0
736 2986.818536759899 2505.574078477376 0
737 2988.34820124311 2500.704478270131 0
738 2984.928212202988 2496.856704174787 0
739 2989.997623680117 2495.937815612785 0
740 2993.154669971626 2499.419129644745 0
741 2986.647891558127 2492.219090542664 0
742 2991.562391429503 2491.188195140161 0
743 2985.517852006886 2510.269243677365 0
744 2990.361188452717 2508.880766352378 0
745 2988.18481653641 2487.478536907751 0
746 2982.984054201549 2488.61061030894 0
747 2988.936082280617 2513.918807802359 0
748 2994.191438288875 2512.382760915227 0
749 2993.03512830873 2486.248423024022 0
750 2996.665876457671 2490.380178306479 0
751 2984.808396773458 2483.454912547106 0
752 2998.761232010439 2484.945074027522 0
753 2992.799079914365 2518.294397199916 0
754 2973.911025647851 2498.761366325927 0
755 3002.346093516336 2489.402273481358 0
756 2978.905705530599 2484.504751077072 0
757 2986.282920501128 2518.885258155417 0
758 2993.999967158584 2480.303380371349 0
759 2998.666532804064 2516.737995239063 0
760 2999.738269945851 2510.66569231531 0
761 2967.753818880602 2499.859364574778 0
762 2969.638204343435 2493.636576721776 0
763 3004.915179870288 2515.205941397372 0
764 3005.807527225008 2508.702546430549 0
765 2981.481004768852 2478.419246361459 0
766 2975.372307754176 2479.755497670697 0
767 3000.239048564153 2494.397707182278 0
768 3006.420721073332 2493.88460449286 0
769 3009.188862429065 2488.401017633548 0
770 2991.642182276855 2524.339741153341 0
771 2977.692736173304 2489.74407812495 0
772 3000.73852799313 2478.745639372072 0
773 2973.054008593148 2484.894880582863 0
774 3012.314226444999 2493.880769772637 0
775 3010.270574306431 2498.857881019347 0
776 3002.260820124844 2520.656382421636 0
777 2985.010674654767 2525.287943382295 0
778 2980.670231507997 2521.323042561213 0
779 2962.944182253279 2495.464853588963 0
780 2962.218904758362 2501.79563800594 0
781 2964.736399277408 2490.22389541906 0
782 2967.162173953931 2482.636031312801 0
783 3000.818341787626 2503.71347287512 0
784 2995.990210668096 2474.861440695532 0
785 2990.716419497968 2475.542031326412 0
786 2980.618688289139 2514.337386777059 0
787 2976.666529272281 2474.137122150683 0
788 2981.553980881768 2472.611910872177 0
789 2971.686051332331 2475.083025050706 0
790 3010.14187040803 2512.642309588728 0
791 3010.187179458545 2517.733810409167 0
792 2979.692613154525 2497.990402849502 0
793 2979.124555418237 2527.394374272769 0
794 2959.968428059742 2490.321787224964 0
795 2988.108187309772 2529.162062805637 0
796 2971.075491489427 2524.970609012927 0
797 2992.884236711588 2471.004023210966 0
798 2961.111007841113 2513.497765018187 0
799 3004.539478035741 2483.902741373854 0
800 3006.62583771089 2478.895267016533 0
801 3015.219216297517 2498.281448267455 0
802 3013.48205210473 2503.320854114865 0
803 2997.249846281836 2522.12163885045 0
804 3001.293742555698 2526.110206144522 0
805 2975.787786398853 2523.40825879709 0
806 2995.589549239356 2506.608757143777 0
807 2994.839285049393 2494.938019902685 0
808 2981.738044491249 2467.546889247103 0
809 2985.548633515726 2470.215848448332 0
810 2986.086826299193 2474.632724851007 0
811 3004.222490591319 2474.651371518522 0
812 3009.946447801793 2482.794098198408 0
813 3013.474271200183 2485.421192709318 0
814 2993.151099471576 2529.643820811011 0
815 2981.356678807451 2493.325687019898 0
816 3008.944786521767 2474.498149853407 0
817 2997.701910738905 2469.528441414242 0
818 3017.318862141327 2493.734940995177 0
819 2957.912918308027 2494.709002976511 0
820 2965.905654074378 2525.379666890896 0
821 2991.653026066986 2504.09906882824 0
822 3020.270975819916 2497.77597024862 0
823 3004.054077080416 2498.840236844149 0
824 2966.296371997991 2505.781974715627 0
825 2960.23074792466 2507.61932322378 0
826 2957.672212611917 2503.441416373199 0
827 2964.710392652792 2510.354652666413 0
828 3015.328453378513 2481.438341375389 0
829 3020.486163324816 2506.099981699416 0
830 2980.915875580805 2533.100628713691 0
831 2959.438641950022 2481.25 0
832 2962.777468168883 2485.17761989003 0
833 2955.606079825694 2489.593635643396 0
834 2962.239215685164 2477.919636926508 0
835 2972.709693839993 2470.493992718302 0
836 2968.835255111498 2471.73693297176 0
837 3005.906641679008 2528.011556403823 0
838 3012.755307073129 2522.150290292363 0
839 3019.269885722081 2510.497351380774 0
840 2976.448556961412 2531.397399897939 0
841 3015.46557825626 2518.717967238391 0
842 2990.119177132207 2533.34765850813 0
843 3002.631749665969 2530.386085223453 0
844 2970.147533796849 2479.519450029838 0
845 2993.96964167188 2466.901142211447 0
846 3014.776002631595 2511.422126919257 0
847 3011.648239777741 2507.961758131473 0
848 2994.222046853458 2533.451627613999 0
849 2989.596874945365 2483.285658940229 0
850 3017.863741972186 2485.108657775446 0
851 2983.487521178155 2529.569989140718 0
852 2968.531407009897 2528.485100700378 0
853 3014.690933458587 2489.693771696949 0
854 2995.726337451776 2502.429104404309 0
855 2954.114748618659 2506.640739387828 0
856 2976.194565554214 2494.533236118548 0
857 2985.537559556309 2466.14475327031 0
858 2953.825707805921 2493.417408438559 0
859 2958.321936453001 2499.00549973763 0
860 3006.383455422617 2471.434413641634 0
861 2998.138626650832 2498.956278475548 0
862 3007.680135380325 2503.566124902584 0
863 2953.497884110393 2502.151473380979 0
864 3016.095194205658 2506.869002776414 0
865 3006.317112831067 2519.244412195672 0
866 2956.886195799887 2515.214393556319 0
867 2996.315276369976 2526.616132984564 0
868 3021.163367913984 2493.298164094387 0
869 3013.633946569712 2515.070577132728 0
870 3005.768523172258 2523.417943754467 0
871 2965.797603453537 2479.349185350705 0
872 2976.714392290291 2518.755934182063 0
873 3000.262670794238 2473.594155383518 0
874 2989.119288347304 2471.905895126579 0
875 2985.338885769442 2514.35267410305 0
876 3017.388807616586 2502.16555458453 0
877 2968.436948358328 2487.998157497639 0
878 3008.927168940113 2521.554615447715 0
879 2975.190237165923 2527.290855742901 0
880 2973.003292604486 2490.161385809155 0
881 2963.367874704148 2481.286484351934 0
882 2965.849124537748 2513.933235322904 0
883 2987.831434252686 2479.178720814257 0
884 3935.137697398086 89.4175462043163 0
885 1439.946783986371 4918.313324570681 0
886 3931.712962962963 4913.798397308494 0
887 1443.151652245444 83.91221282653441 0
888 5288.397459621556 3450 0
889 86.60254037844379 3450 0
890 5284.87552906477 1551.126516614238 0
891 87.0449106370811 1551.601931403824 0
892 1936.561460552596 4927.749328552801 0
893 3449.494447728185 95.0312958383588 0
894 1927.191429363116 94.96277602630698 0
895 3447.986898624269 4908.329598268404 0
896 2527.766831795651 4912.821535714233 0
897 2836.805555555555 86.20160269150665 0
898 5289.755018028987 2049.966018312318 0
899 84.29912169580894 2948.294779992202 0
900 87.26526985740065 2049.038345483224 0
901 5297.564929325922 2952.533682892585 0
902 97.65847783750678 3946.150898349411 0
903 88.7895940367689 1049.714950027985 0
904 5286.864267894975 1044.227122554106 0
905 5286.401943889717 3943.290694214782 0
906 87.28768947729122 2552.538523790769 0
907 5289.991531225125 2450 0
908 4318.070544219615 4912.991747168775 0
909 1049.10518520548 4916.010760339515 0
910 4332.188589890267 90.11680399692523 0
911 3034.029402184487 4903.856267004512 0
912 1046.650874619057 92.25654617743794 0
913 2333.330267962894 79.47730669718658 0
914 5282.361475597731 4351.996532844143 0
915 87.13253368655842 650.0493363767469 0
916 84.87680812704548 4349.551362833216 0
917 5282.747286914863 661.0857701187847 0
918 4728.608281406488 4921.018905019836 0
919 646.9907407407404 86.20160269150665 0
920 653.4702740233358 4919.945244212844 0
921 4728.00925925926 86.20160269150665 0
922 2234.341103736881 4920.54957827311 0
923 3129.011212327876 95.40371993526469 0
924 81.35925293100536 4649.022503649663 0
925 5283.587674141743 4653.321080751115 0
926 5288.397459621556 350.0000000000005 0
927 87.13253368653795 349.9506636232172 0
928 345.9331006024577 4907.264513919454 0
929 5027.927682704834 88.94747829985636 0
930 5027.212785086112 4904.408750246812 0
931 348.8851270829809 84.48064950696971 0
932 84.46416874114584 1749.458833743042 0
933 5286.606974829077 1751.44572232983 0
934 5290.95734907832 3254.433858600875 0
935 84.6190651427878 4150 0
936 91.50066313082698 3754.099867409431 0
937 88.28126768217908 3249.521165843696 0
938 82.92965125860974 2759.979030495914 0
939 93.62475201426059 2348.569961403469 0
940 87.13253368653614 1249.95066362322 0
941 87.33049176348322 850.7913989435756 0
942 5288.397459621556 850 0
943 5281.717481256711 1250.350174172781 0
944 5289.482907070421 2250 0
945 5303.163501695275 2653.291365931979 0
946 5288.385578274436 3752.741750189421 0
947 5288.397459621556 4150 0
948 841.802419585794 4913.326890245406 0
949 4519.286963347309 95.19571639021888 0
950 3738.821167028213 79.60090436743394 0
951 3634.158198476024 4911.23573718161 0
952 4127.707972384917 4916.443889453059 0
953 1244.53060693557 4920.486983052208 0
954 4533.754043215165 4909.397297283022 0
955 1630.093923591387 4914.534322745012 0
956 1249.741711108363 80.69442689133894 0
957 1740.404855086489 88.44986831421238 0
958 2843.834004668372 4903.847700684448 0
959 845.9614860126962 76.83801286196103 0
960 2541.446729956087 88.11678324286186 0
961 4144.923602122871 94.38413985258285 0
962 3236.866658249484 4917.297936301215 0
963 2137.155140206782 89.35818000818017 0
964 5290.430341021755 4850.180317364283 0
965 83.61612324307134 4845.966570621738 0
966 86.60254037844379 150 0
967 5288.397459621556 150 0
968 5287.982693800141 247.8460375344011 0
969 5201.946692243951 298.0273845813686 0
970 5201.820214743252 399.6712307635626 0
971 5116.00325882146 348.2630658801695 0
972 5115.331741440824 449.6557161072897 0
973 5028.748212241717 399.653130331244 0
974 5028.639461208166 499.8848077397561 0
975 4942.021964187354 449.9229896784996 0
976 4940.588766796893 547.5213068688204 0
977 4855.157446857451 499.5740494245524 0
978 4853.701204587734 597.0692333480056 0
979 4768.463740015311 549.4405471287573 0
980 4767.554842866134 647.870358196076 0
981 4681.922035002392 599.5518175541347 0
982 4681.038471491418 698.0224240749831 0
983 4595.343995352156 649.5957069381809 0
984 4595.348078806855 749.6030218355227 0
985 4508.897563044062 699.8664547956118 0
986 4508.798842544837 799.6955259998977 0
987 4422.329924696749 749.9269967992386 0
988 4422.211003190984 849.7210336945632 0
989 4335.735651494255 799.9413384156187 0
990 4336.428118511672 901.1407302136301 0
991 4249.271098261653 850.1803447715265 0
992 4249.985185274056 951.4171806927911 0
993 4162.718156930985 900.2662542440357 0
994 4162.726423438949 1000.280572489459 0
995 4075.961894323334 949.9999999999809 0
996 4075.988892446194 1050.04676208156 0
997 3989.363853632033 1000.007793680242 0
998 3989.364603579887 1100.009092626953 0
999 3902.757236537868 1050.000732607364 0
1000 3902.757759000846 1150.001637539037 0
1001 3816.154501255637 1100.000395024382 0
1002 3816.15446877167 1200.000338760553 0
1003 3729.55175118954 1150.000031835015 0
1004 3729.551768470161 1250.00006176591 0
1005 3642.949201437876 1200.000015600132 0
1006 3642.949199875669 1300.000012894321 0
1007 3556.3466527664 1250.000001236194 0
1008 3723.34645433265 1350.558739804663 0
1009 3556.346653412378 1350.000002355065 0
1010 3469.744112019795 1300.000000598521 0
1011 3470.881423828916 1401.969882435972 0
1012 3383.331123379153 1350.328313839059 0
1013 3384.500027205935 1452.352914656211 0
1014 3296.797032249586 1400.446871415854 0
1015 4068.003318684398 1147.48881479268 0
1016 3296.078825022125 1502.16790994519 0
1017 3209.902789778393 1450.435796893481 0
1018 3382.253259451512 1559.140326752434 0
1019 3209.936490538882 1549.999999999961 0
1020 3123.328333367024 1500.072632815546 0
1021 3123.327397234792 1400.084738284808 0
1022 3036.729381495487 1450.026228516695 0
1023 3033.285294584184 1552.942606188332 0
1024 2950.128869403551 1499.999999999955 0
1025 2950.128531355805 1400.004371419407 0
1026 2863.526272683816 1450.000728569859 0
1027 2864.738757528044 1547.160535701993 0
1028 2776.814455250713 1500.496749933448 0
1029 2776.905557023792 1400.082913083845 0
1030 2690.299987431751 1450.096610502845 0
1031 2689.569966723958 1551.617151726773 0
1032 2603.655803501847 1500.138813438941 0
1033 2603.718707889779 1399.999999999944 0
1034 2517.105683446678 1450.023135573107 0
1035 2516.991039669354 1550.27463017093 0
1036 2430.491025148449 1500.049627623964 0
1037 2429.800402423459 1601.246738472187 0
1038 2343.099845900442 1551.408756522394 0
1039 2343.772112948039 1450.243064024349 0
1040 2257.150177265931 1500.275303424409 0
1041 2257.308546375996 1599.999999999931 0
1042 2170.679611145875 1550.045883904006 0
1043 2170.361871775636 1651.883127489623 0
1044 2084.041710773509 1600.321501898887 0
1045 2082.640501211818 1701.439772690209 0
1046 1997.246805365181 1650.293545764795 0
1047 1996.88914055183 1750.651151396286 0
1048 1910.754067434832 1700.157449526791 0
1049 1910.103632725403 1801.2750091567 0
1050 1823.960770483563 1750.548022273674 0
1051 1824.070638190379 1850.923146737693 0
1052 1824.215945912509 1650.117578633353 0
1053 1737.445579603908 1700.420212644261 0
1054 1737.638700259885 1600.089631879542 0
1055 1651.040375669076 1650.084974087238 0
1056 1651.09076372689 1549.999999999907 0
1057 1564.47982533881 1600.014162347793 0
1058 1564.486823680175 1500.002360391219 0
1059 2257.295646242531 1400.022489216615 0
1060 1474.566596329112 1553.980937087102 0
1061 1477.698993014757 1655.438014533971 0
1062 1477.332268585145 1450.663882912988 0
1063 1366.088855333318 1509.468892864326 0
1064 1386.99185898438 1401.688795962818 0
1065 1477.885682970009 1349.999999999902 0
1066 1390.567928657036 1300.281465993719 0
1067 1477.76648064759 1250.046910998872 0
1068 1290.6775151599 1430.880171818855 0
1069 1391.144073215411 1200.054729498697 0
1070 3469.744111850774 1200.000000305756 0
1071 2169.473419965596 1750.963452850076 0
1072 4425.75578807591 949.6804897097738 0
1073 1477.885682970015 1149.999999999902 0
1074 1909.008134942562 1901.50660165192 0
1075 1825.932536170845 1949.795322107848 0
1076 1391.259964362213 1100.009121583032 0
1077 1477.881819931792 1050.001520263757 0
1078 1909.397974784374 1997.549266191618 0
1079 1828.412884730557 2042.439258396148 0
1080 1906.509092910346 2085.336120579667 0
1081 1830.025594327467 2129.952215862821 0
1082 1909.769851671101 2172.33722567025 0
1083 1842.93781215716 2229.557535016914 0
1084 1758.05429094547 2175.895659155767 0
1085 1759.382201354693 2262.957855540707 0
1086 1682.273932960621 2216.668932272255 0
1087 1683.745904672667 2306.005213665115 0
1088 1601.780436861035 2262.851407256182 0
1089 1603.982024983798 2354.770660301433 0
1090 1684.66751531186 2396.823142699471 0
1091 1607.477801129384 2443.524098710292 0
1092 1689.431398444819 2486.766229100121 0
1093 1609.514731952869 2535.755332895218 0
1094 1690.415034218568 2578.367375362844 0
1095 1611.965654778549 2628.175911594149 0
1096 1692.937342762086 2670.817334839605 0
1097 1614.737522711019 2720.77354929874 0
1098 1696.474207691891 2764.557033747552 0
1099 1616.985998850004 2814.535556690254 0
1100 1701.856877684508 2860.205702133742 0
1101 1620.204268337396 2912.027053415038 0
1102 1708.232280967274 2956.745998858456 0
1103 1625.124223830199 3011.601114350072 0
1104 1714.112950525182 3056.531959889371 0
1105 1630.553658200178 3111.431619848989 0
1106 1719.836818475452 3156.367066463662 0
1107 1636.241139007281 3211.268271635372 0
1108 1725.56503292508 3256.212483048017 0
1109 1806.493185760122 3206.599003378306 0
1110 1814.450047379461 3302.036063854452 0
1111 1895.300843372261 3252.579367987245 0
1112 1903.620487144047 3347.297567670843 0
1113 1984.62239426494 3297.541292659581 0
1114 1641.975492289605 3311.107577917446 0
1115 1992.924103499378 3392.295650969565 0
1116 2072.838771287337 3344.700762993793 0
1117 2082.065720230165 3437.616088286973 0
1118 2164.510975926859 3384.991056718263 0
1119 2171.756308294149 3481.845388505227 0
1120 2254.051179438884 3429.519299545443 0
1121 2261.183058059439 3526.599157390082 0
1122 2343.703547483236 3473.82459658555 0
1123 1999.213447036827 3491.050126754018 0
1124 1552.638354689715 3266.158824400059 0
1125 1558.385636864507 3366.000668787418 0
1126 2350.584528863011 3571.403180088176 0
1127 2433.073492856565 3518.691285731941 0
1128 1532.786936820808 2862.701836056108 0
1129 1523.038541322099 2495.226336018786 0
1130 2439.934716061128 3616.309143772854 0
1131 2523.524168902136 3561.409742625834 0
1132 2513.986928613537 3451.579047267608 0
1133 2607.390964010654 3505.959051795966 0
1134 2613.090180939837 3605.886698805854 0
1135 2696.715604587442 3550.915796408058 0
1136 2690.487289704188 3454.979373513524 0
1137 2780.226891322174 3496.661688183474 0
1138 2786.040687785814 3595.953314100195 0
1139 2869.630629100149 3541.039333232474 0
1140 2862.894676193787 3443.197417407623 0
1141 2953.059906169064 3486.41711856928 0
1142 2958.944640692253 3585.964975567952 0
1143 3042.528064265592 3531.068854196067 0
1144 3036.932001957244 3429.153818814015 0
1145 3126.161646003721 3475.779939230331 0
1146 3120.573943389504 3373.799438249304 0
1147 3209.76522837666 3420.743711864046 0
1148 3205.071927114283 3320.824722353604 0
1149 3293.506484570822 3366.146209875837 0
1150 3288.836128945316 3266.300341261741 0
1151 3377.148671414546 3311.363980645731 0
1152 3370.93917058516 3212.486664387717 0
1153 3460.497204673016 3256.668984850498 0
1154 3451.302335187249 3146.468305403566 0
1155 3543.507285962798 3199.955129644427 0
1156 3538.334252417862 3101.799932426412 0
1157 3549.732140153607 3301.216932375233 0
1158 3627.571947560739 3146.462413502678 0
1159 3621.136095419033 3048.388261845504 0
1160 3711.106608375002 3092.048192841537 0
1161 3704.583174566147 2993.821601860618 0
1162 3215.480149322878 3521.043570559102 0
1163 3794.661226879774 3037.289034622656 0
1164 3788.909980516633 2937.476643047933 0
1165 3878.410444052084 2982.09067639195 0
1166 3884.139732916743 3081.956249368583 0
1167 3872.646979548307 2882.290412096157 0
1168 3783.31163104242 2837.354897936414 0
1169 3866.922448376304 2782.413569743613 0
1170 3776.121920392087 2735.080260870249 0
1171 3860.939210101113 2682.165147279082 0
1172 3770.095806247077 2634.769894459992 0
1173 3855.107301558573 2582.182143607659 0
1174 1469.04978502074 3321.053996893805 0
1175 1474.798091409727 3420.894186386417 0
1176 3956.258551987158 2827.34761866078 0
1177 2356.631485710216 3670.639603296416 0
1178 1385.465689514435 3375.952638330194 0
1179 1391.211820697986 3475.788694754563 0
1180 2244.835593992428 3333.165445340196 0
1181 3117.943674480346 3274.343934741738 0
1182 1301.879497499383 3430.846967973776 0
1183 1307.625164499223 3530.682006721109 0
1184 1982.063976457629 3191.370178899495 0
1185 1218.292891824643 3485.74037959517 0
1186 1224.038471755541 3585.575222613732 0
1187 1313.370733160496 3630.516824949743 0
1188 1229.784038440863 3685.410035829121 0
1189 1319.116298148772 3730.351634221583 0
1190 1235.529601938809 3785.2448417743 0
1191 1324.861861927158 3830.186440792747 0
1192 1212.547326172006 3385.905568851589 0
1193 1775.796024838943 2808.639573557548 0
1194 1977.287676840143 2131.921160871127 0
1195 3536.344949029809 3015.506970331529 0
1196 1241.27516552405 3885.079647914333 0
1197 3765.752008603837 2539.279980446618 0
1198 3848.994973499484 2484.23167826448 0
1199 1151.942905527057 3840.13804887659 0
1200 1330.607425518445 3930.021246946275 0
1201 1128.96064449347 3440.79880919606 0
1202 1123.215083059309 3340.964007915977 0
1203 1758.899813441894 2527.07455201023 0
1204 1157.688469082568 3939.972854950263 0
1205 3684.930838841487 2588.457525756494 0
1206 3681.793847889918 2499.136804978214 0
1207 3608.081556703522 2546.148383256669 0
1208 3602.923653963147 2461.081465088464 0
1209 3729.551773884161 1050.000071143209 0
1210 1304.673563149304 1150.002770159983 0
1211 1304.6755659976 1050.0019819571 0
1212 1218.078061834686 1099.999999999893 0
1213 3938.856337490891 2527.963702018921 0
1214 3933.137298500102 2428.239984838299 0
1215 4022.562801471634 2472.999654144829 0
1216 4016.836425174871 2373.151683177043 0
1217 4106.201899827149 2418.040958060561 0
1218 4100.450457857793 2318.214838774912 0
1219 4189.787474596757 2363.148885134922 0
1220 4184.04138761109 2263.314341109072 0
1221 4273.374716228636 2308.254189814447 0
1222 4267.628744686494 2208.419464166809 0
1223 4279.120819346908 2408.08870845964 0
1224 1068.356209084625 3895.0312559104 0
1225 1218.077222465434 1000.000330326093 0
1226 1131.475381561368 1050.000055054257 0
1227 1074.101772631966 3994.866061965834 0
1228 4011.398834579599 2273.25880113186 0
1229 1039.628389422004 3395.857221282467 0
1230 1033.882827242609 3296.022418315427 0
1231 4356.961333387075 2253.36047694822 0
1232 4351.215402236676 2153.525687754182 0
1233 4261.882975956353 2108.584419444733 0
1234 4345.46949626583 2053.690858946356 0
1235 1131.475358245559 950.0000642299844 0
1236 1044.872955303519 1000.000010143124 0
1237 3530.518439558525 2506.295665207922 0
1238 3526.987992554014 2420.717075743662 0
1239 984.7695126355054 3949.924462929321 0
1240 990.5150761818909 4049.759268982582 0
1241 1079.847336178208 4094.700868018816 0
1242 1981.902533742515 2206.955401595036 0
1243 2037.548503013184 2173.141244802116 0
1244 2036.205557259739 2233.776225720914 0
1245 2087.217870561999 2206.699170568327 0
1246 2084.594192254245 2267.385205034564 0
1247 2133.834152840153 2239.229293079763 0
1248 950.2961309431739 3350.915625672345 0
1249 944.5505678146219 3251.080820561727 0
1250 3989.360103892749 900.0012989466854 0
1251 1218.077894738036 900.0000657592755 0
1252 1044.87294958031 900.0000123954421 0
1253 958.2704338812907 950.0000026830739 0
1254 958.2704352672972 1050.000002137623 0
1255 4434.801927609219 2098.632119290323 0
1256 4429.055999057376 1998.797326008106 0
1257 4339.723573210144 1953.856057017292 0
1258 4423.310067798699 1898.962536984418 0
1259 901.1828161854471 4004.817669946099 0
1260 906.9283797315397 4104.652475998716 0
1261 958.2704343134351 850.0000025130093 0
1262 1564.487579508756 1100.000253377213 0
1263 1564.488027818913 1000.000076948795 0
1264 2136.699436172967 2288.25070567919 0
1265 2174.205136528079 2266.76780124886 0
1266 2174.036661920078 2306.716582053446 0
1267 2212.303776787293 2292.409072288453 0
1268 2211.856781626022 2250.981081415791 0
1269 2244.77576376243 2271.857604776493 0
1270 2246.447848926139 2234.316974582416 0
1271 2276.875057968964 2254.772648508773 0
1272 2280.54095737429 2218.085988932015 0
1273 2310.886376547437 2238.607914624512 0
1274 2314.967231202967 2202.371044833933 0
1275 2345.831318517038 2223.724830005887 0
1276 2349.759817721355 2185.109220215283 0
1277 2381.388161556797 2206.607465028039 0
1278 2383.909477190871 2170.535983014233 0
1279 2414.930026586213 2192.430080294545 0
1280 2421.922248945367 2151.411981488259 0
1281 2454.921210084568 2177.666960127793 0
1282 2448.129791861842 2221.86946931586 0
1283 2484.937620430945 2205.470749538098 0
1284 2499.766624954171 2162.120139072233 0
1285 2525.332851082129 2196.657730937256 0
1286 2511.799531718568 2233.747465334306 0
1287 2549.076741132447 2229.794651217189 0
1288 2564.979030166046 2193.740573600306 0
1289 2586.929320594561 2226.042976886029 0
1290 2604.410163155122 2193.192473857905 0
1291 2626.050298415245 2224.961323312697 0
1292 2642.767469086687 2191.421308449635 0
1293 2665.163948781258 2222.061236598992 0
1294 2680.947222106799 2189.144165330132 0
1295 2701.937881981187 2220.828512340577 0
1296 2718.680698480206 2187.084843874482 0
1297 2739.482040373004 2217.183057636661 0
1298 2756.521934565362 2184.610708186193 0
1299 2779.454547413824 2220.89804061008 0
1300 2794.758982193379 2183.318763379102 0
1301 2816.13972639018 2214.59885485949 0
1302 2834.755882277912 2177.111148844181 0
1303 2618.403747856657 2154.366831425017 0
1304 2531.691599937042 2263.138598679569 0
1305 2143.820879127097 2330.593854650839 0
1306 2862.926770376814 2218.615899833057 0
1307 2879.054304836596 2171.323892046473 0
1308 2907.461344837824 2205.921089637967 0
1309 2923.146731970316 2167.52183159174 0
1310 2947.331367724977 2200.61629916689 0
1311 2966.111560604365 2163.809961941019 0
1312 2985.600459144624 2197.168731618337 0
1313 3002.140366568953 2163.898928554177 0
1314 3023.018164926994 2195.585749611438 0
1315 3040.05404259998 2161.806955746397 0
1316 2839.114706261636 2252.876833391658 0
1317 2772.982157225778 2144.772329917007 0
1318 2284.392145172 2175.294733771972 0
1319 2945.678158437926 2123.491924326155 0
1320 3060.828104865987 2193.589240347941 0
1321 3083.597604187402 2158.54097858762 0
1322 3043.711480517197 2227.45504934726 0
1323 2935.374119100269 2234.504031550042 0
1324 2183.392291792543 2345.970377412568 0
1325 2150.830018545598 2368.854058781471 0
1326 3082.202659634821 2225.166422292865 0
1327 3064.02584730864 2261.824756383356 0
1328 2996.245775961732 2459.365419149568 0
1329 2386.2947465562 2123.216512082101 0
1330 2722.507387234425 2252.794740610746 0
1331 3101.895879944929 2257.119716156811 0
1332 3088.116010664807 2289.541437482847 0
1333 3119.302759698437 2286.781652451935 0
1334 3139.229902992898 2256.135537900532 0
1335 3104.982789276832 2313.714449792636 0
1336 3010.362149114293 2465.329111376888 0
1337 3078.544404515552 2317.021287944179 0
1338 3093.401889429502 2338.03014265313 0
1339 3152.840370274576 2287.061831162745 0
1340 3176.517134803737 2258.148885194676 0
1341 3068.044804791744 2340.517492851526 0
1342 3081.050797546192 2362.016659924516 0
1343 2340.830401605942 2261.643059932176 0
1344 2369.054170585412 2462.704593951089 0
1345 2184.703801495881 2383.349814024798 0
1346 2356.5018285939 2473.030720861265 0
1347 2154.952512618049 2404.786161842781 0
1348 2121.216905816634 2393.182452640098 0
1349 2126.721563532237 2429.973338115757 0
1350 2164.94742483447 2442.841862154305 0
1351 2347.912064388728 2486.873096457424 0
1352 2133.970906485201 2466.587387653409 0
1353 2165.573246442304 2481.336766530927 0
1354 2139.793911208853 2500.468668557624 0
1355 2167.244404818993 2511.435529559415 0
1356 2347.275551946438 2508.785096483504 0
1357 2142.931737169174 2531.655501489722 0
1358 2173.711422809035 2541.091927769894 0
1359 2146.017909235181 2562.876204813465 0
1360 2174.640091789353 2574.589347247369 0
1361 2149.977740727554 2594.87429892984 0
1362 2184.548663737803 2606.858360405141 0
1363 2151.576937020333 2630.923708377735 0
1364 2186.673749235974 2644.425897730486 0
1365 2157.36219300993 2668.336898899337 0
1366 2197.40872598296 2679.895138588061 0
1367 2196.095388353724 2557.917094562623 0
1368 2191.971930460513 2492.85951140667 0
1369 2164.119838472221 2705.511201569656 0
1370 2199.720696538524 2718.974865781988 0
1371 2228.746364088638 2700.534960151335 0
1372 2234.740569490375 2733.120472422753 0
1373 2262.208772880626 2711.773150766816 0
1374 2269.809961525135 2746.358497453661 0
1375 2360.408742500382 2531.458296014072 0
1376 2297.388245961411 2725.408112260545 0
1377 2304.965965445971 2760.390423588406 0
1378 2333.471259303135 2738.852844391701 0
1379 2340.494793341135 2773.977223875996 0
1380 2370.0432547339 2749.534234719723 0
1381 2376.167255584862 2787.029279546502 0
1382 2404.465680865033 2763.168169209282 0
1383 2411.505395332696 2800.484301799707 0
1384 2439.441700411968 2777.495037934039 0
1385 2379.538699082224 2540.966110215679 0
1386 2447.20226365913 2813.939087506491 0
1387 2476.051887947608 2790.943200847385 0
1388 2481.875099556893 2823.35141378143 0
1389 2512.12839521851 2803.476039651234 0
1390 2513.6561945971 2844.652554359716 0
1391 2551.970270603364 2812.96742712578 0
1392 2506.087551722733 2765.990920117984 0
1393 2559.076496011744 2865.703591721006 0
1394 2599.804608447429 2836.50708686238 0
1395 2311.671587366433 2796.361179091163 0
1396 2208.956664835826 2757.383347667838 0
1397 2412.621434909637 2843.506287509075 0
1398 2607.490653557953 2889.39658594785 0
1399 2655.601034929663 2852.588893200945 0
1400 2593.2089144635 2790.901019204324 0
1401 2660.729568780042 2910.324611438725 0
1402 2706.796593164883 2878.114040891907 0
1403 4512.642494855269 1943.903804072638 0
1404 4506.896561374315 1844.06901854515 0
1405 871.6678988625649 1000.000000573802 0
1406 871.6678991725094 1100.000000451825 0
1407 1414.194121968455 3875.128039929384 0
1408 1419.939685521968 3974.962845998592 0
1409 1503.526365508424 3920.069671713403 0
1410 1509.271942776792 4019.904450495536 0
1411 1592.85862230513 3965.011277117785 0
1412 1598.604201782954 4064.846051503311 0
1413 1682.190898068259 4009.952844815724 0
1414 1687.936464242076 4109.787645645149 0
1415 1604.349768229698 4164.680851790794 0
1416 1771.52319297422 4054.894374461263 0
1417 1777.268730467164 4154.729232300598 0
1418 1860.855459826969 4099.835959868982 0
1419 1866.600992644381 4199.670827002015 0
1420 1950.18777691482 4144.777445422248 0
1421 4685.47307094421 794.0257476849317 0
1422 1651.09062383203 1050.000055054273 0
1423 1651.090763726908 949.9999999999059 0
1424 1737.693280789539 1000.000009175636 0
1425 1737.693300219384 900.000001529196 0
1426 1824.295839950166 950.0000017840784 0
1427 1824.295843767846 850.0000002816662 0
1428 1910.89838398731 900.0000003442319 0
1429 1651.090763079249 850.000000254789 0
1430 860.9638712945693 3305.974027420607 0
1431 855.2183078068329 3206.139221498915 0
1432 936.4167236842402 3151.383461737896 0
1433 849.0746975067002 3106.327323339653 0
1434 930.2067722487081 3051.575381539039 0
1435 843.1853948536434 3006.500789578291 0
1436 925.2762888144439 2951.693667052038 0
1437 837.5517214753097 2906.659544168557 0
1438 918.6689448458471 2851.908457071397 0
1439 831.6811762203752 2806.831930901819 0
1440 914.2307669166464 2751.998410054074 0
1441 826.1326799925732 2706.985783486134 0
1442 909.6886501983106 2652.217048525608 0
1443 820.6205354711051 2607.157994627102 0
1444 904.6339828776224 2552.619420732515 0
1445 815.0290244669675 2507.36388781674 0
1446 899.0928149241463 2452.704565314398 0
1447 809.3432022769182 2407.522523410318 0
1448 892.1390459255122 2354.220025616068 0
1449 803.4062280483565 2307.911668691184 0
1450 891.0543493906448 2258.48854038788 0
1451 798.4055738906723 2208.798074664956 0
1452 905.4883249581835 2156.709333763877 0
1453 796.147418428536 2108.75940385491 0
1454 2398.781809924063 2729.982570095544 0
1455 4333.977641500328 1854.021268703359 0
1456 2369.070817698482 2537.370684850168 0
1457 2379.371021825322 2459.132866991814 0
1458 2353.412620264078 2523.225910229192 0
1459 2390.577228245444 2541.458894419873 0
1460 2345.242327782796 2497.144809592786 0
1461 3018.627376959338 2472.533310564783 0
1462 1910.898384672852 800.0000000744444 0
1463 1997.500925063298 850.0000000697219 0
1464 880.3153495596575 2053.832219379457 0
1465 786.2715452703878 2008.121548894935 0
1466 817.5961197351758 4059.710876962381 0
1467 823.3416832812156 4159.545683014902 0
1468 811.8505561890468 3959.876070909808 0
1469 1955.933262519467 4244.612406402014 0
1470 2039.520048072884 4189.719022272013 0
1471 2713.46706127152 2932.102204300319 0
1472 2758.123204402817 2896.860121461752 0
1473 2749.149081042272 2837.474221334944 0
1474 2799.271213128191 2858.789996174411 0
1475 2796.878516104436 2807.997919097288 0
1476 2838.857731240275 2826.786027216844 0
1477 2833.690606684946 2785.145383113452 0
1478 2875.447091272219 2804.835044073971 0
1479 2796.632237479249 2763.704131067047 0
1480 2827.724104841397 2740.807536973739 0
1481 2794.073251850461 2724.448583252687 0
1482 2722.683922391406 2521.958384423182 0
1483 2710.343240035917 2534.962109090121 0
1484 2819.89940565159 2701.869030571252 0
1485 2952.854517530827 2523.149371286309 0
1486 2948.444528258806 2513.477813042999 0
1487 2728.162613991745 2508.074281677087 0
1488 2879.889283077162 2848.045897958246 0
1489 2920.126197611642 2820.469393775694 0
1490 2609.086927906073 2946.159432046388 0
1491 4596.228988262062 1889.010285898971 0
1492 4590.483054382592 1789.17550099845 0
1493 4249.178684949729 750.0202805311608 0
1494 1997.500925240687 749.9999999999125 0
1495 2084.103465589566 800.0000000115494 0
1496 785.0653596321411 1050.000000122006 0
1497 785.0653596993448 1150.000000095558 0
1498 3056.471703975077 2115.651340064312 0
1499 3110.916051946484 2116.586580721667 0
1500 3080.962184117942 2068.678468861377 0
1501 3139.377717652603 2068.696305831604 0
1502 760.0605665350952 3061.367415757799 0
1503 2121.339853364779 2653.948468742226 0
1504 2116.585412721879 2553.216495237518 0
1505 2096.222182953652 2451.194935448178 0
1506 3107.329815143533 2359.438644226819 0
1507 3094.454206407529 2382.604665692008 0
1508 3120.593716312444 2380.28639864842 0
1509 3109.937726735667 2400.456049885813 0
1510 3026.950633229123 2486.663096166653 0
1511 3134.207946206021 2399.339500016047 0
1512 3121.408214229989 2421.914468989331 0
1513 3187.495524928472 2296.791458969798 0
1514 3213.878663015242 2260.521668092101 0
1515 3148.360579409082 2419.014447744347 0
1516 3137.960564704212 2440.801226733008 0
1517 3163.037048332944 2438.87883604468 0
1518 3152.131404267177 2460.942871943118 0
1519 3028.57183267804 2502.678661628923 0
1520 3177.396445392668 2459.482438023955 0
1521 3163.901291599133 2483.226270323831 0
1522 3191.28180563924 2480.581611856483 0
1523 3180.265530224862 2503.438064920094 0
1524 3202.583421057018 2457.615215769461 0
1525 3231.516194303849 2295.453015300739 0
1526 3258.479803833792 2257.130013807785 0
1527 3154.292413561499 2505.089304455069 0
1528 3169.50269531534 2526.171688324242 0
1529 3141.47333354203 2528.734088563711 0
1530 3158.869114758492 2548.920347823142 0
1531 3024.943272751532 2518.361966590684 0
1532 3135.24980270076 2552.031567589476 0
1533 3148.382064392247 2568.854203421121 0
1534 3128.233946471637 2570.908005393543 0
1535 3139.812832610407 2587.94761964646 0
1536 3115.586731459321 2588.530751462791 0
1537 3132.128428625814 2610.825784337639 0
1538 3155.914380511904 2606.662455116002 0
1539 3147.136473270739 2630.81176027019 0
1540 3107.57968935267 2611.481484075586 0
1541 3196.598946723337 2522.828052212368 0
1542 3010.519547801652 2535.080195703392 0
1543 3173.517871320491 2624.801213562069 0
1544 3163.123933141233 2653.530940479649 0
1545 3195.411706716695 2647.955379651312 0
1546 3184.123208111946 2679.826725178862 0
1547 3220.728881296653 2673.314103810573 0
1548 3208.382929673834 2708.794235510251 0
1549 3246.746067768943 2700.693349430724 0
1550 3233.428875183713 2737.369338194331 0
1551 3193.213755472865 2744.871311232634 0
1552 3116.773011743128 2556.008718122964 0
1553 3223.18701529892 2779.919614325919 0
1554 3018.481771547154 2527.574095187622 0
1555 3276.211329988114 2734.589407760529 0
1556 979.5043565261717 2075.008857778726 0
1557 2787.850567909447 2688.364323749197 0
1558 2816.126240704194 2671.82302837306 0
1559 2842.645463406704 2680.447153969621 0
1560 2985.144037570475 2541.540013458976 0
1561 2968.849202853608 2537.493920977497 0
1562 2837.965261397422 2654.962016751205 0
1563 2862.774178202429 2661.775353722317 0
1564 2855.957457335255 2638.879035610442 0
1565 2881.014234142801 2642.964449995043 0
1566 2832.103183478137 2630.59912106833 0
1567 2851.967395364263 2613.546300998859 0
1568 2995.882043049561 2541.378936502143 0
1569 2826.618830968526 2606.068881616678 0
1570 2843.418529278152 2588.543577131976 0
1571 3056.834304828443 2363.260089726769 0
1572 870.6434991030983 1953.356520453717 0
1573 780.6568579550819 1908.308105938197 0
1574 2922.093711986843 2869.38564006023 0
1575 2766.038557419628 2952.68106421382 0
1576 2045.26552602257 4289.553998467863 0
1577 2128.852143942728 4234.660947549359 0
1578 3088.659836605098 2403.107126389514 0
1579 2084.103465614205 700.000000001854 0
1580 2170.706005991827 750.0000000021782 0
1581 2820.558820501983 2584.567625792529 0
1582 2835.4999323487 2565.524928793733 0
1583 2806.096596649786 2599.325875487579 0
1584 2801.015171812975 2580.508474098482 0
1585 2788.735116668697 2592.652239904767 0
1586 2784.639842884651 2576.049570093507 0
1587 2772.713583441968 2587.700458209161 0
1588 1872.346553078904 4299.505639239379 0
1589 737.0778632320726 2662.031625832657 0
1590 2290.269647336372 2682.625962746865 0
1591 1910.89838483068 700.0000000123343 0
1592 728.2638597388066 4014.769277926056 0
1593 722.5182961928067 3914.934471873587 0
1594 3104.996320183982 2015.743595626522 0
1595 3173.366999163196 2014.780467687484 0
1596 709.2259475557657 2163.151222392052 0
1597 3597.428591277941 2375.474555573612 0
1598 864.265367110675 1853.418459438296 0
1599 774.7804181790498 1808.45193678991 0
1600 691.2155344335774 1863.348704321736 0
1601 685.4517936336913 1763.510931172589 0
1602 2089.99099690034 2150.609745331598 0
1603 2134.597759248968 4334.495650715952 0
1604 2218.18437212301 4279.602609827819 0
1605 4679.815481189151 1834.116768480001 0
1606 4674.069547216362 1734.281983726294 0
1607 4685.561415170851 1933.951553219687 0
1608 4584.737120465639 1689.3407161569 0
1609 4668.323613243982 1634.447198971943 0
1610 4578.991186493328 1589.505931402441 0
1611 4662.577679262445 1534.612414232 0
1612 698.4628194981369 1100.000000025807 0
1613 698.4628195013217 1000.000000024555 0
1614 698.4628195125201 1200.000000020146 0
1615 795.1709249680412 1261.613149263115 0
1616 3128.4878911704 2463.668304630556 0
1617 2170.706005996669 650.0000000002733 0
1618 2257.308546374911 700.0000000003542 0
1619 2257.308546374875 800.0000000003674 0
1620 2343.911086754088 750.0000000000671 0
1621 2343.911086754208 850.0000000000189 0
1622 2430.513627132802 799.9999999999625 0
1623 2430.513627132908 699.9999999999216 0
1624 2517.116167511334 749.9999999999309 0
1625 2517.116167511352 649.9999999999254 0
1626 2603.718707889795 699.9999999999275 0
1627 2603.71870788979 799.9999999999286 0
1628 2690.321248268238 749.9999999999307 0
1629 2223.930009480986 4379.437269161265 0
1630 2307.516704303934 4324.544065379934 0
1631 2690.321248268242 649.9999999999309 0
1632 2776.923788646684 699.9999999999341 0
1633 2776.92378864668 799.9999999999338 0
1634 2863.526329025126 749.999999999937 0
1635 2863.526329025129 649.9999999999368 0
1636 2950.128869403572 699.9999999999391 0
1637 2950.128869403569 799.9999999999393 0
1638 3036.731409782014 749.9999999999413 0
1639 3036.731409782017 649.9999999999413 0
1640 3123.333950160459 699.9999999999432 0
1641 2859.407727165661 2571.687766644006 0
1642 2851.679994424177 2551.719962063474 0
1643 2869.558324467161 2554.284246482397 0
1644 2862.728751655253 2538.365111398706 0
1645 2946.034469149729 2497.479043213445 0
1646 2846.641401397683 2534.638133766533 0
1647 2857.206428210547 2522.250288364331 0
1648 2728.260484802065 2491.722676066114 0
1649 2840.992819909255 2518.561439448512 0
1650 2719.635687888242 2471.741825979709 0
1651 2852.508195358528 2505.303883808609 0
1652 2835.838321719989 2502.345364276057 0
1653 2847.090467693019 2488.991306870606 0
1654 2950.114488524526 2481.673018993778 0
1655 2830.643536369642 2486.394764285704 0
1656 2841.636225681678 2473.665120641546 0
1657 2964.111148051753 2465.512091422712 0
1658 2825.63195636084 2470.222453144507 0
1659 2836.802830241008 2457.774178914489 0
1660 2820.363709894536 2454.22745832222 0
1661 2705.645280621954 2463.060378567975 0
1662 2856.320364478824 2462.791905950382 0
1663 2848.674178383383 2445.558042011983 0
1664 2866.232999207026 2448.850838193329 0
1665 2859.867021354042 2432.869285537313 0
1666 2876.099120796633 2436.417869107604 0
1667 2955.522457094145 2472.021331071323 0
1668 2724.739836157409 2481.316261177223 0
1669 2973.919669488165 2460.599184969719 0
1670 2870.93902787749 2420.353108786625 0
1671 2849.018713395583 2414.605266650388 0
1672 2887.359886441199 2423.925594058494 0
1673 2817.522734923738 2498.37976893237 0
1674 2882.223335806049 2407.855811119964 0
1675 2898.071436537324 2410.856548214479 0
1676 2893.451491377371 2395.265531501455 0
1677 2909.290233382456 2398.25077160399 0
1678 2869.32752819968 2507.835105898046 0
1679 2883.23586400048 2450.635687669816 0
1680 2904.754829347337 2382.736966429889 0
1681 2921.239785870986 2386.307820054708 0
1682 2887.914541755751 2378.843787691664 0
1683 2926.603789397053 2402.632801156135 0
1684 2937.254390769169 2389.537598039453 0
1685 3046.064192744538 2342.428293659034 0
1686 2878.368839738512 2568.86949976255 0
1687 2885.755362273876 2554.010568999591 0
1688 2894.820712244148 2564.757801819225 0
1689 2959.710226933106 2839.492986394719 0
1690 2953.530167473557 2798.152376338584 0
1691 2976.625827298399 2886.860354276381 0
1692 2301.770827925421 4224.709819390684 0
1693 2391.103360375052 4269.65092833275 0
1694 1944.442624327387 4044.942514810285 0
1695 3036.731409782011 849.9999999999416 0
1696 1824.29583984222 1050.000001826558 0
1697 2396.848969329955 4369.485652702864 0
1698 2480.435666618569 4314.592443734469 0
1699 2474.690103212256 4214.757637356605 0
1700 2564.022374840264 4259.699215321597 0
1701 2569.767936424396 4359.534024940208 0
1702 2653.354634509644 4304.64081495228 0
1703 2647.609071236104 4204.806008404494 0
1704 2736.941331223384 4249.747607457335 0
1705 2742.686894767895 4349.582413512579 0
1706 2826.273591283327 4294.689206378096 0
1707 2820.528027726705 4194.854400344866 0
1708 2909.860287731899 4239.795999365144 0
1709 2915.605851279395 4339.630805414961 0
1710 2999.192547729683 4284.737598398889 0
1711 2993.44698418365 4184.902792346412 0
1712 3082.779244180364 4229.844391382103 0
1713 3077.03368063428 4130.009585329717 0
1714 3166.365940630692 4174.951184365957 0
1715 3172.111504176725 4274.785990418435 0
1716 3255.698200627063 4219.892783402274 0
1717 3249.952637081038 4120.057977349781 0
1718 3339.284897077401 4164.99957638611 0
1719 3345.030460623428 4264.834382438601 0
1720 3428.617157073764 4209.941175422438 0
1721 3422.871593527739 4110.106369369947 0
1722 3512.203853524102 4155.047968406278 0
1723 3506.458289978077 4055.213162353786 0
1724 3595.790549974439 4100.154761390117 0
1725 3601.536113520465 4199.989567442608 0
1726 3685.122809970802 4145.096360426446 0
1727 3679.377246424777 4045.261554373955 0
1728 3768.709506421139 4090.203153410284 0
1729 3762.963942875115 3990.368347357794 0
1730 3852.296202871477 4035.309946394124 0
1731 3846.550639325452 3935.475140341633 0
1732 3935.882899321815 3980.416739377963 0
1733 3941.62846286784 4080.251545430454 0
1734 4025.215159318177 4025.358338414294 0
1735 4019.469595772152 3925.523532361802 0
1736 4108.801855768515 3970.465131398132 0
1737 4103.056292222491 3870.630325345641 0
1738 4192.388552218853 3915.571924381972 0
1739 4186.642988672828 3815.737118329481 0
1740 4275.97524866919 3860.678717365812 0
1741 4270.229685123167 3760.84391131332 0
1742 4281.720812215215 3960.513523418303 0
1743 4359.561945119529 3805.785510349652 0
1744 4353.816381573505 3705.95070429716 0
1745 4030.960722864203 4125.193144466783 0
1746 4443.148641569866 3750.892303333492 0
1747 4437.403078023843 3651.057497281 0
1748 4526.735338020205 3695.999096317331 0
1749 4520.989774474181 3596.16429026484 0
1750 4532.480901566227 3795.833902369821 0
1751 4431.657514477819 3551.222691228509 0
1752 4515.244210928157 3496.329484212349 0
1753 4097.310728676466 3770.79551929315 0
1754 3690.868373516828 4244.931166478937 0
1755 4610.322034470543 3641.105889301171 0
1756 4425.911950931795 3451.387885176017 0
1757 4509.498647382134 3396.494678159857 0
1758 4420.166387385771 3351.553079123526 0
1759 4503.753083836109 3296.659872107366 0
1760 4593.085343832472 3341.601471143696 0
1761 4587.339780286447 3241.766665091205 0
1762 4498.007520290084 3196.825066054874 0
1763 4581.594216740423 3141.931859038714 0
1764 4492.261956744062 3096.990260002382 0
1765 4575.848183360176 3042.096337532687 0
1766 4665.180834885057 3087.038532780297 0
1767 4659.434788453859 2987.202991400562 0
1768 4486.515417810645 2997.154643842494 0
1769 3757.21837932909 3890.533541305302 0
1770 4336.579690935432 3406.446286139686 0
1771 858.3925627854874 1753.562883709337 0
1772 999.8227262619266 2706.675156128033 0
1773 4573.245252510265 1489.671146664899 0
1774 4656.83174527759 1434.777629497278 0
1775 1601.698524239052 2169.107590393709 0
1776 1517.353552511261 2217.412337078064 0
1777 3230.392419347647 2640.267577074358 0
1778 2991.292698776663 2812.642643918473 0
1779 2985.69136177921 2775.582593267777 0
1780 2764.496342849048 2710.018643591431 0
1781 2906.173610893928 2427.042241792769 0
1782 2760.810646474928 2683.144050256746 0
1783 2740.056998497367 2698.617583771791 0
1784 2736.673009400053 2669.781936023865 0
1785 2691.045604600479 2541.177720128906 0
1786 2716.724550989667 2687.645146033494 0
1787 2712.315695653841 2663.479611117794 0
1788 2694.241024786532 2677.991322048222 0
1789 2691.75505678164 2653.682013628654 0
1790 2674.106335101987 2539.456464452266 0
1791 2672.537828620896 2668.554334272884 0
1792 2671.449266612308 2647.720437970608 0
1793 2653.759924063276 2523.470848874626 0
1794 2685.047880027256 2636.085672426691 0
1795 2668.992993268928 2630.307170435758 0
1796 2655.379794427582 2638.974700108884 0
1797 2653.528667908117 2623.199033663595 0
1798 2640.046128160607 2631.921581948259 0
1799 2638.653893086688 2615.130802074154 0
1800 2624.842450853962 2624.593342341602 0
1801 2414.798047131429 2531.372696956396 0
1802 2426.458154389389 2513.215082720273 0
1803 2646.739515197935 2508.277323933887 0
1804 2623.470882174347 2607.755870709127 0
1805 2609.607961961198 2617.333416042694 0
1806 2608.221602721519 2601.047400495756 0
1807 2594.357193041537 2610.196037650206 0
1808 2593.347883067062 2591.279364043942 0
1809 2579.166267434027 2602.569104751028 0
1810 2577.72565675945 2586.068740615682 0
1811 2563.860563899382 2595.620148821964 0
1812 2562.470389685148 2578.854695181124 0
1813 2546.343817120187 2589.548684710453 0
1814 2543.146879981157 2566.55491698899 0
1815 2577.258147679318 2566.960906195416 0
1816 2526.041489742294 2580.806978955484 0
1817 2406.044870714687 2537.229275885805 0
1818 2422.289523386734 2522.501487619216 0
1819 2660.347270751175 2531.924342250901 0
1820 2595.512940803561 2627.416605594 0
1821 2521.729905418264 2559.741290702299 0
1822 2507.121522642821 2573.054261313773 0
1823 2508.744611654264 2592.259687911318 0
1824 2492.363635197619 2583.656266976165 0
1825 2491.749164398218 2601.024434530149 0
1826 2477.252843826467 2591.803976049533 0
1827 2509.56453644555 2610.719292076982 0
1828 2503.259118097499 2554.198588487876 0
1829 2516.70044711401 2541.618202975788 0
1830 2428.725726620673 2497.631100943967 0
1831 2476.634283175442 2608.906740545028 0
1832 2460.376917500415 2597.335135659203 0
1833 2499.992371974778 2537.309040133066 0
1834 2512.383473440561 2524.928664133087 0
1835 2680.600774008087 2618.180315260117 0
1836 2461.078415140512 2615.750574474253 0
1837 2446.18198747625 2606.574348674674 0
1838 2496.077287143718 2519.324828453658 0
1839 2509.1575054892 2508.278843633557 0
1840 2646.674627622318 2492.048887937564 0
1841 2524.429652232829 2512.769462944827 0
1842 2519.791580765291 2496.544651881411 0
1843 2536.058778914254 2500.753089964433 0
1844 2531.497331375258 2484.506338493769 0
1845 2515.357929421571 2480.262244317087 0
1846 2410.544268039807 2465.3587102046 0
1847 2422.173580599638 2476.986205208144 0
1848 2526.965635714498 2468.251241073687 0
1849 2510.620868413424 2464.064624881165 0
1850 2543.278054333123 2472.446917094381 0
1851 2538.729599862628 2456.196479908216 0
1852 2653.158698222489 2477.071341597273 0
1853 2555.068575174637 2460.384731010919 0
1854 2668.714036423066 2462.740518970407 0
1855 2550.521239860946 2444.13396476759 0
1856 2566.86765401104 2448.320127762328 0
1857 2678.690685320907 2458.728922256324 0
1858 2660.382435372615 2468.384299489909 0
1859 2690.192822090296 2458.982519133745 0
1860 2426.907549378578 2486.405885003205 0
1861 2400.711869598934 2460.561722723899 0
1862 2390.054308794084 2458.486065961049 0
1863 2562.318918866752 2432.069754395603 0
1864 2544.210024352979 2426.387404506198 0
1865 2578.666275462766 2436.255652883924 0
1866 2574.117528186793 2420.005282922256 0
1867 2590.4651039341 2424.191119903716 0
1868 2585.916327062459 2407.940758248347 0
1869 2602.263931617005 2412.126587144785 0
1870 2597.715157399343 2395.876224744551 0
1871 2614.062769982807 2400.062051387597 0
1872 2571.108655905285 2464.269786015744 0
1873 2609.513994760245 2383.811689269398 0
1874 2625.861608406217 2387.997515614242 0
1875 2621.312833301419 2371.747153462992 0
1876 2637.660447252265 2375.932979722269 0
1877 2642.2092223825 2392.183341866381 0
1878 2654.008061243407 2380.118805970238 0
1879 2499.133518931196 2475.676892977926 0
1880 2494.430819599937 2460.038161547975 0
1881 2581.670979754535 2391.987152094386 0
1882 2463.940907331818 2583.093189236486 0
1883 2658.22025772067 2395.176939392335 0
1884 2670.355675243698 2384.304632215639 0
1885 2621.39889476685 2589.535856874546 0
1886 2595.179892485282 2440.720108801871 0
1887 3123.333950160461 599.9999999999432 0
1888 3209.936490538904 649.9999999999441 0
1889 947.7290641410061 1798.505175068535 0
1890 986.4738882535987 2405.667483751887 0
1891 2446.168012558735 2623.676281186336 0
1892 2432.053676112789 2614.756005723138 0
1893 2460.551572164927 2632.71079714868 0
1894 2633.111672094587 2359.68261758586 0
1895 638.9315997424642 3969.827678889742 0
1896 633.1860361962945 3869.99287283697 0
1897 2932.281544607923 2374.561646979346 0
1898 4746.16417203062 1479.718897063041 0
1899 4740.418238044716 1379.884112329972 0
1900 1564.130823130691 3465.836939930064 0
1901 4508.922900480008 599.910360288955 0
1902 2620.282147016697 2416.329209214404 0
1903 4748.767503058336 3032.145282704433 0
1904 4743.022526933823 2932.309292378654 0
1905 2768.373180933245 2571.584836155996 0
1906 2484.950969481476 2530.831271578894 0
1907 2481.743790324676 2518.468620334212 0
1908 2472.924559570882 2527.079177360444 0
1909 1989.055529551993 2277.416898110968 0
1910 2431.840098651712 2598.173840477328 0
1911 2416.46466116528 2605.136881366165 0
1912 2416.906642993401 2622.51982283802 0
1913 2402.432321830263 2614.525445063696 0
1914 4769.147907975517 1879.05803599332 0
1915 4774.893841955341 1978.892820735958 0
1916 611.8602791716044 1150.000000005376 0
1917 611.8602791746634 1250.00000000417 0
1918 1010.026520778015 3006.379389992896 0
1919 2673.240307231384 2399.769660287034 0
1920 2684.183764455504 2388.294256901732 0
1921 2688.970398600894 2402.178334509794 0
1922 2699.284391624034 2390.394495611896 0
1923 2703.035064641044 2404.501043165749 0
1924 2713.518570304794 2393.432276062933 0
1925 2716.778052654961 2407.515788630965 0
1926 2726.265092700854 2396.797850473798 0
1927 2730.483983147149 2410.409101705799 0
1928 2740.156230622677 2399.670036790684 0
1929 2743.442084108573 2412.965179587483 0
1930 2734.320028622153 2422.924151921089 0
1931 2746.650110751216 2424.219989241172 0
1932 2755.011035125541 2416.204898837031 0
1933 2680.798092358938 2412.596798826859 0
1934 2757.389372039862 2427.564368850525 0
1935 2767.37465581389 2420.257710431646 0
1936 2749.50787782644 2435.103455823029 0
1937 2736.302581185291 2384.812351326269 0
1938 2694.7023949479 2377.829955228377 0
1939 1676.445466720027 3910.11800546509 0
1940 2708.843369495304 2417.425979002951 0
1941 3036.749604629642 2361.813877229277 0
1942 3019.862737576427 2344.561855468415 0
1943 2470.013747384249 2516.43486052007 0
1944 2943.341191316907 2404.338943227395 0
1945 2952.32596379621 2391.707320876161 0
1946 2956.518449457933 2406.392973238513 0
1947 2949.06111345596 2416.547851754952 0
1948 2960.169523542086 2417.940265273437 0
1949 2968.136703973248 2410.489872143063 0
1950 2759.862165307165 2438.594422502982 0
1951 601.8657030916315 1818.404237091673 0
1952 596.116567983428 1718.568848048404 0
1953 2402.091064383518 2630.623858467316 0
1954 2388.867530793904 2623.008605461753 0
1955 2387.37688758571 2603.17297130107 0
1956 2377.834599813591 2613.054368022552 0
1957 2375.777040111502 2598.345254089247 0
1958 2363.980610356493 2605.71522787739 0
1959 2385.113546724581 2592.189333429582 0
1960 2363.266821934563 2592.478852037005 0
1961 2352.414438570493 2599.470679811732 0
1962 2352.356724094924 2587.091458234687 0
1963 2342.229282616606 2592.876953562362 0
1964 2342.652217578352 2581.278184999868 0
1965 2332.71350187522 2586.245104577448 0
1966 2333.059979586704 2575.296614853491 0
1967 2323.247101417417 2580.053251792312 0
1968 2323.596666363656 2569.180052416385 0
1969 2313.802598936286 2573.916812632839 0
1970 2314.453806349802 2562.590926145252 0
1971 2304.417417209561 2567.706905302901 0
1972 2304.786130829114 2555.96859847009 0
1973 2303.701791934476 2577.538377912516 0
1974 2293.612215024646 2561.756241538393 0
1975 2295.156561641634 2549.172017535032 0
1976 2305.786513599054 2544.653720619462 0
1977 2297.306918636721 2536.734244644663 0
1978 2285.227131297208 2541.271561981753 0
1979 2288.871862898225 2528.302351806226 0
1980 2301.079019704624 2525.42070377917 0
1981 2293.832680250242 2516.90775970305 0
1982 2332.139230434806 2596.093846496288 0
1983 2281.953154985545 2517.739857272948 0
1984 2286.821656562669 2507.57976813327 0
1985 2299.698197022808 2506.375274065681 0
1986 2291.551537312372 2496.814308704299 0
1987 2278.580819213608 2498.240077895447 0
1988 2284.699465535557 2486.482804504275 0
1989 2296.440072691477 2486.627598229511 0
1990 2291.145921654421 2476.050043399806 0
1991 2277.225218072072 2474.915789357419 0
1992 2287.032511646732 2462.527194631794 0
1993 2302.313859590578 2476.982224980609 0
1994 2387.268061564685 2638.359805994509 0
1995 2751.467745043919 2446.165540800778 0
1996 2762.206147682578 2449.600416271267 0
1997 2970.569016666945 2422.237694431179 0
1998 2979.062404195223 2413.185499767762 0
1999 2140.343325332647 4434.330451724251 0
2000 4402.929534183133 3052.048525948152 0
2001 4397.183972615949 2952.213820310143 0
2002 866.7094348286482 3405.808833446956 0
2003 777.3771748884506 3360.867234536765 0
2004 3209.936490538906 549.9999999999445 0
2005 3296.539030917349 599.9999999999463 0
2006 3296.539030917347 699.9999999999459 0
2007 3383.141571295791 649.9999999999482 0
2008 4489.65875974358 1544.564663831513 0
2009 4483.912825758279 1444.729879097492 0
2010 4400.326332991325 1499.623396264526 0
2011 2325.609785844172 2557.630485172738 0
2012 3282.21984296825 3174.39329594878 0
2013 3134.978897728692 1953.118481774917 0
2014 3067.212739769992 1960.182901562781 0
2015 3224.604719463889 1950.322144530993 0
2016 1518.062703020106 2118.302519950347 0
2017 3383.141571295794 549.9999999999482 0
2018 3469.744111674237 599.9999999999498 0
2019 2362.391080251551 2581.736955023142 0
2020 4829.750664797713 1424.825379895788 0
2021 4824.00473081163 1324.990595163003 0
2022 2757.087766911395 2582.393048970589 0
2023 3150.36741606691 2685.351048524327 0
2024 2952.898036425755 2427.179778213882 0
2025 2614.45784581959 2354.514850559862 0
2026 2904.471108756315 2554.505792882831 0
2027 2909.452373877224 2565.516808497462 0
2028 2915.240178478952 2554.776999446642 0
2029 2921.438392736312 2564.6865320897 0
2030 2910.551023918747 2545.005638568802 0
2031 2916.404854016931 2575.439658115177 0
2032 2927.539889341413 2574.570720795773 0
2033 2922.52392383113 2585.181872939349 0
2034 2934.588293966031 2584.053329482943 0
2035 2929.200008609551 2596.252473637825 0
2036 2942.282026212177 2593.509504129875 0
2037 2946.173970686986 2581.818074320724 0
2038 2953.876209892839 2590.449958232958 0
2039 2951.09793175428 2601.925787512112 0
2040 2963.919240542974 2597.605095962766 0
2041 2959.488808283962 2613.239961644506 0
2042 2974.159485120834 2609.010296182932 0
2043 2970.050425934218 2624.508642580394 0
2044 2987.997158538668 2618.704186713137 0
2045 2977.038991898125 2595.442835225229 0
2046 2982.268718341675 2636.59326609763 0
2047 2998.485120297113 2631.961878742193 0
2048 2955.27864049611 2578.326151271895 0
2049 2994.39006747343 2648.32926404763 0
2050 2978.16373684946 2652.960710628226 0
2051 2887.819660523516 2667.973124383941 0
2052 3011.205212519865 2643.840292069671 0
2053 3014.055690016025 2628.755229161176 0
2054 3006.442160209926 2663.164020353503 0
2055 2926.408106288438 2552.730946182397 0
2056 3024.697485373808 2657.856073441439 0
2057 941.963000691971 1698.667022790372 0
2058 1432.569959098123 2168.303880102262 0
2059 1431.978732468712 2068.415588488543 0
2060 2752.55199391087 2457.703943454682 0
2061 2764.381987242882 2460.684167380773 0
2062 3383.141571295789 749.9999999999484 0
2063 1737.684203464427 1500.014938646513 0
2064 3021.255634273919 2788.40048861174 0
2065 2482.428054913498 2471.956320991681 0
2066 2480.512952250597 2457.609595574361 0
2067 2471.196380883554 2466.361609477328 0
2068 2468.460222572624 2455.391249054103 0
2069 2475.801128531368 2446.678303158496 0
2070 2464.763489904559 2444.744007676209 0
2071 2471.890654401493 2436.200977387428 0
2072 2460.92531791283 2434.360076939297 0
2073 2468.99002963367 2424.026901171298 0
2074 2455.06509546342 2423.19978279195 0
2075 2465.570271145278 2409.961643838872 0
2076 2448.178893437181 2408.468806214997 0
2077 2460.30155014396 2395.745597734579 0
2078 2445.156177913683 2393.03617420687 0
2079 2441.579665313186 2421.06762435262 0
2080 2455.942011429223 2380.234157204396 0
2081 2471.306295822648 2384.272038749987 0
2082 2439.576305015834 2377.09890657429 0
2083 2451.186559702601 2364.145173751081 0
2084 2454.914227415809 2442.269557477013 0
2085 2434.168745235692 2361.128272491691 0
2086 2423.083298478674 2373.740044714601 0
2087 2444.784539037769 2345.903890779918 0
2088 2417.536250330476 2357.938813522232 0
2089 2406.511705818487 2370.519662905027 0
2090 2696.628568993106 2705.576525626576 0
2091 3469.744111674238 499.9999999999502 0
2092 3556.346652052681 549.9999999999518 0
2093 2740.666041996985 2442.488493920015 0
2094 2462.350453567879 2523.804552003769 0
2095 4858.480334727412 1923.999303560871 0
2096 4864.226268713369 2023.834088293859 0
2097 4780.639775946526 2078.72760546072 0
2098 4869.972202700314 2123.668873025293 0
2099 4786.385709933636 2178.562390191894 0
2100 4875.718136686743 2223.503657757536 0
2101 4792.131643919998 2278.397174924243 0
2102 4881.464070672963 2323.33844249011 0
2103 4797.877577906171 2378.231959656892 0
2104 4887.209608370778 2423.173250030936 0
2105 4803.62423701633 2478.067952910612 0
2106 4892.957235372975 2523.013435106064 0
2107 2460.616509538087 2463.813047729479 0
2108 549.599339745796 3924.886079852929 0
2109 555.3449032920771 4024.720885905824 0
2110 543.8537761995121 3825.051273799719 0
2111 2756.529404989461 2468.470393349233 0
2112 1031.290699543828 1743.607877305551 0
2113 4734.672304058691 1280.049327597092 0
2114 4818.258796825523 1225.15581043025 0
2115 3123.333950160463 499.9999999999429 0
2116 3595.685828119951 2639.109800231477 0
2117 4832.354960601789 2977.250809414028 0
2118 4838.099960958725 3077.086778896363 0
2119 2982.199752790475 2423.990047523209 0
2120 2990.03215554283 2416.886351284779 0
2121 2985.048427553755 2457.559299587332 0
2122 2766.76171758506 2471.48378347033 0
2123 2759.361989352078 2477.99124317709 0
2124 2769.69040473325 2481.532162909308 0
2125 2760.173224779964 2488.206546606722 0
2126 2351.926570069161 2614.226495027984 0
2127 2270.039232417032 2461.616711947559 0
2128 2279.566427340977 2448.943591758726 0
2129 2276.430875038671 2297.437270547677 0
2130 2296.009795381099 2449.943572843173 0
2131 2288.133295564586 2436.73602967354 0
2132 2303.069029712071 2437.105393668854 0
2133 2296.656565826202 2424.501396741545 0
2134 2310.320886990905 2426.344983325508 0
2135 2315.668420491537 2437.195527089127 0
2136 2322.807206106293 2427.896666584171 0
2137 2318.340529142692 2416.27197976488 0
2138 2330.733269820242 2418.949276609844 0
2139 2327.49395242925 2404.361344710348 0
2140 2333.989058361089 2430.274178960791 0
2141 2342.383389627888 2422.462191133832 0
2142 2400.955050966705 2354.743884229254 0
2143 2390.041217842049 2366.793173635469 0
2144 2395.41889472407 2383.486496596268 0
2145 3173.898857283114 2416.265963439356 0
2146 3275.999892294196 2307.465222481289 0
2147 3308.898976747017 2257.956202090956 0
2148 525.2577388041714 1200.000000001039 0
2149 525.2577388048198 1300.000000000783 0
2150 2721.400886924036 2988.052260170377 0
2151 2775.470397032436 3011.18336066345 0
2152 2722.194848966618 3059.388324023512 0
2153 2751.993386140152 2567.643955981941 0
2154 2763.930447324104 2558.343908786345 0
2155 2742.44624677871 2578.822667988951 0
2156 2751.92071110916 2554.554082342737 0
2157 2759.859252903946 2546.27618720076 0
2158 2771.154604705626 2548.757487442141 0
2159 2767.712605123998 2538.094343807652 0
2160 2778.612491862393 2540.329908418191 0
2161 2758.981035898445 2535.007764241571 0
2162 1537.130044439366 3070.784608496243 0
2163 3216.954920639811 2478.524974599583 0
2164 3230.009967196012 2452.592757668773 0
2165 3248.774546192622 2479.77675620221 0
2166 1380.657343778901 3277.546955656073 0
2167 716.7727326463673 3815.099665820382 0
2168 2177.915948479831 3580.857815945537 0
2169 1140.451777921159 3640.468435598832 0
2170 2901.250459319007 2364.071741509345 0
2171 2880.987094556812 2359.12111140513 0
2172 719.91943861767 2362.577082725677 0
2173 2430.513627132912 599.9999999999211 0
2174 4852.734400742152 1824.16451882678 0
2175 3417.126029981714 4010.271563317456 0
2176 2950.128869403566 899.9999999999395 0
2177 3036.731409782009 949.9999999999418 0
2178 2950.128869403564 999.9999999999393 0
2179 2987.701420637909 4085.067986293405 0
2180 2084.103465618162 600.0000000002972 0
2181 2170.706005997579 549.9999999999159 0
2182 2084.103465618975 499.9999999999773 0
2183 4861.189352477597 686.5926964887346 0
2184 3556.346652052679 649.9999999999513 0
2185 3642.949192431124 599.9999999999527 0
2186 4653.689382833667 2887.365378713126 0
2187 4250.391148809278 1908.914785750981 0
2188 4244.645215430106 1809.080000063367 0
2189 4161.058722562133 1863.973517389333 0
2190 4155.3127886603 1764.138732523996 0
2191 4071.726295890676 1819.032249695233 0
2192 4065.980361921107 1719.197464936462 0
2193 3982.393869153604 1774.090982104363 0
2194 748.5895434630595 2861.696646652797 0
2195 3607.28167706649 4299.824373495098 0
2196 3696.613937062854 4344.765972531428 0
2197 3613.027240612518 4399.659179547591 0
2198 3702.35950060888 4444.60077858392 0
2199 3618.772804158544 4499.493985600081 0
2200 3988.139803139622 1873.925766837256 0
2201 3898.807376389303 1828.984499267227 0
2202 3904.553310375855 1928.819283999281 0
2203 3815.220883623416 1883.878016432586 0
2204 3820.966817609704 1983.712801165056 0
2205 3731.634390856867 1938.771533598986 0
2206 3809.474949637366 1784.04323169974 0
2207 1044.872974763905 800.0000024846674 0
2208 958.2704385827278 750.0000008328693 0
2209 1044.872979672722 700.0000005528482 0
2210 958.2704401124147 650.0000002308752 0
2211 1044.872980745807 600.0000001305457 0
2212 871.667900320924 699.9999999998815 0
2213 871.667900223101 600.0000000383804 0
2214 785.0653599261775 650.0000000062969 0
2215 784.7239641835836 550.5913147743231 0
2216 698.4059202681715 600.0985524633552 0
2217 697.7408825995967 501.1880420128437 0
2218 611.656473777949 550.3426030712458 0
2219 871.2696237471762 500.66948914558 0
2220 1131.475521166741 650.0000001138269 0
2221 1131.47552145626 549.9999999998897 0
2222 1218.07806178645 600.0000000188816 0
2223 1217.063883954045 501.7566076063456 0
2224 1304.511572558329 550.2927679374684 0
2225 2515.812023922374 1650.501200109443 0
2226 3296.61362315327 1300.129197542455 0
2227 3048.296620142323 3630.855383605594 0
2228 2964.713897690609 3685.740858218546 0
2229 3054.049486653772 3730.673905478912 0
2230 3382.724125055701 3411.220905365919 0
2231 2445.916702060512 3715.674713802854 0
2232 2362.369551295908 3770.490028519218 0
2233 2451.70066664878 3815.433902833463 0
2234 4111.940357115747 2517.891061479685 0
2235 3716.959252673729 3191.673154344121 0
2236 2517.116167511358 549.9999999999247 0
2237 2084.088774002897 1500.061230967092 0
2238 1425.685248613509 4074.797652966634 0
2239 2257.308546375783 900.0000000000089 0
2240 2343.911086754458 949.9999999999197 0
2241 2257.308546375974 999.9999999999327 0
2242 2343.911086754449 1049.999999999922 0
2243 4682.154682208738 499.9562840432259 0
2244 3004.938111275946 4384.572404450949 0
2245 3895.665800750048 1249.009418870744 0
2246 2229.675585751946 4479.272049919884 0
2247 611.8168284016747 650.0735259223507 0
2248 525.2165294418896 600.069354832181 0
2249 525.2540658519038 700.0061988386724 0
2250 525.1429036474074 500.1968303091157 0
2251 3785.946197059217 4389.707571567758 0
2252 3791.691760605243 4489.54237762025 0
2253 3875.27845705558 4434.649170604088 0
2254 912.6739432775746 4204.487282051228 0
2255 829.0872468272401 4259.380489067393 0
2256 918.4195068236018 4304.322088103723 0
2257 834.8491420228984 4359.182832029953 0
2258 924.1841239608671 4404.119020551294 0
2259 745.5032723185082 4314.268285568565 0
2260 751.4209266726218 4414.189303012537 0
2261 661.9434430417812 4369.179468159963 0
2262 667.7946835290204 4469.098235740325 0
2263 578.3271574762248 4424.060110115872 0
2264 584.6214498821469 4524.712232862885 0
2265 494.8319158358686 4479.089536581117 0
2266 489.0101399481932 4379.141214321054 0
2267 1132.469299540013 1148.278717743532 0
2268 525.2577388043128 1100.000000000986 0
2269 4714.291205993366 2433.12567824387 0
2270 2921.351414825648 4439.465611467039 0
2271 3010.683674822049 4484.407210503299 0
2272 4258.519022328883 1064.769403850394 0
2273 2123.107378788713 4134.826034968618 0
2274 1007.754942418505 4349.257374872568 0
2275 1013.501035230954 4449.091128880477 0
2276 1097.085173560245 4394.203006746458 0
2277 1102.830398963835 4494.038484938542 0
2278 1186.416612703591 4439.146237426003 0
2279 2563.156098999956 2615.985339781432 0
2280 3967.750572230892 3027.017056731771 0
2281 3973.497822913592 3126.850761005335 0
2282 2416.420690859899 2639.490937481132 0
2283 2626.421730486221 2640.984506032514 0
2284 2986.821283880193 2405.200304493707 0
2285 2997.777941647954 2407.943849632835 0
2286 3000.912224952852 2418.556238373116 0
2287 3008.700603895786 2410.469621924472 0
2288 3011.50321494834 2422.604493636429 0
2289 3019.569423694398 2413.355489115485 0
2290 3022.696965148694 2424.1927370863 0
2291 2994.634061943056 2397.002691746307 0
2292 3030.306961463016 2415.956052999218 0
2293 3033.635392806559 2426.681069370766 0
2294 2430.513627132917 499.9999999999216 0
2295 3642.949192431125 499.9999999999525 0
2296 3729.551732809568 549.9999999999532 0
2297 2344.596540388416 2433.541883109608 0
2298 2353.659991957138 2426.846516808476 0
2299 2350.983551908079 2414.928707765234 0
2300 679.7033121784498 1663.675648825933 0
2301 2146.088892285019 4534.165251005796 0
2302 512.5300202621283 1773.462079341531 0
2303 518.2756085960032 1873.296889440254 0
2304 929.8969289448955 4503.222678908583 0
2305 3209.936490538907 449.9999999999445 0
2306 509.4972598538607 1673.471023603935 0
2307 2775.2227874347 2530.083293554205 0
2308 2514.831481083097 2895.296288087397 0
2309 3553.051483558344 1455.355356555407 0
2310 2629.786105440489 2338.713585025931 0
2311 2746.034804730685 2592.560314430569 0
2312 2384.399262279688 2351.46370604336 0
2313 2394.38862950184 2335.976774022298 0
2314 3171.762169707716 2792.262140183599 0
2315 3210.438768261053 2829.844505089848 0
2316 2281.163982920155 2422.719220275686 0
2317 2652.620441993416 2605.317367673068 0
2318 3232.959988679544 2215.681404474751 0
2319 2793.574566418807 3088.190162203843 0
2320 3976.647935170445 1674.256197366971 0
2321 4060.234427937425 1619.362680199892 0
2322 3159.878604069413 2846.14068453549 0
2323 3195.969927825809 2883.044498315076 0
2324 3249.869113661747 2870.573597395109 0
2325 3881.024020601606 4534.483976656578 0
2326 3964.610717051944 4479.590769640417 0
2327 2732.875570004538 2586.905919127501 0
2328 2731.03849743647 2573.476036446292 0
2329 2721.702140240589 2581.494790093806 0
2330 2720.894666510691 2570.453866874703 0
2331 2700.305734113308 2538.928672641456 0
2332 2712.401739167167 2575.004606485569 0
2333 2361.119000920238 2418.690758510758 0
2334 2697.215041005991 2624.759603343365 0
2335 3093.594555420669 2593.95935547714 0
2336 1998.44472301219 1948.65318456421 0
2337 2459.676783248706 2514.896673067483 0
2338 2461.452165540044 2473.817057184051 0
2339 1192.162039440781 4538.981315419031 0
2340 1275.748632637881 4484.08831364356 0
2341 2170.706005997556 449.9999999999263 0
2342 4913.337157564598 1369.931862728866 0
2343 4919.083091550725 1469.766647461582 0
2344 3025.368880126605 2434.468332066806 0
2345 3036.46628446148 2435.884932500554 0
2346 2771.982936153348 2491.839464116854 0
2347 4728.926370072582 1180.214542864346 0
2348 4812.5128628394 1125.321025697525 0
2349 4901.845289592346 1170.262293263422 0
2350 4896.099355606217 1070.427508530707 0
2351 2453.638040952178 2521.710764585063 0
2352 2455.358768108425 2529.9609135955 0
2353 2451.011980063709 2513.85086678788 0
2354 2447.700015663806 2527.437995922106 0
2355 2448.742551006622 2535.185806913077 0
2356 2457.123846356934 2539.316149982408 0
2357 2449.950071687813 2543.779351150255 0
2358 2776.758988834985 2603.954063819477 0
2359 3729.55173280957 449.9999999999536 0
2360 3816.154273188013 499.9999999999543 0
2361 2363.958201859601 2429.411576971036 0
2362 2372.202263216675 2420.071615786553 0
2363 1302.542165576122 454.0801782895774 0
2364 1390.898564876285 500.7288243711068 0
2365 2927.096978371725 4539.300417519437 0
2366 2372.928032832984 2363.081505483684 0
2367 2367.855699482817 2347.573843859746 0
2368 2517.116167511361 449.9999999999236 0
2369 3739.37027203477 2034.650782109019 0
2370 3648.379555955412 1993.00579472859 0
2371 3642.357240414876 1893.720390026789 0
2372 3262.86213514574 2446.383105776611 0
2373 3284.617043037539 2476.974141902018 0
2374 3297.952327891428 2440.761227310172 0
2375 3332.190192896925 2308.87154945133 0
2376 3363.687750971234 2261.004330737173 0
2377 3338.730082758085 2209.608705939186 0
2378 3394.568133414958 2212.764118764181 0
2379 3368.284745242157 2162.102959433867 0
2380 3558.779960366556 1948.595594525889 0
2381 3267.853784035131 2510.905997291383 0
2382 3305.510769029992 2508.481488328345 0
2383 673.9272229331132 4569.6536167262 0
2384 1650.381417310515 1763.853241707688 0
2385 2741.388656557816 2724.040107544067 0
2386 3044.543409302767 2429.053745296748 0
2387 3045.739893632751 2439.996545200054 0
2388 3040.690181600278 2448.903877676111 0
2389 3050.005292567552 2449.606492224303 0
2390 3043.742318332379 2456.448838608722 0
2391 3052.879411522397 2458.682244166778 0
2392 3060.52259439639 2451.191571883197 0
2393 3063.491420075527 2461.746438603166 0
2394 3054.841965169422 2469.814662446332 0
2395 3066.320111012608 2472.613062079091 0
2396 3058.872023391358 2480.311520093037 0
2397 3069.369869590918 2482.651080006679 0
2398 3060.660555616966 2490.713184979671 0
2399 3072.074687470741 2492.928620705672 0
2400 3064.016909919627 2500.251237002226 0
2401 3074.847312841028 2503.386574220744 0
2402 3065.209781191341 2509.409301830807 0
2403 3071.34203061821 2453.752591292247 0
2404 3082.971389806454 2495.606296531349 0
2405 3085.604240239471 2506.729277599133 0
2406 3035.75523812136 2455.015934514879 0
2407 3038.104072464094 2462.27282959702 0
2408 3093.680322715352 2498.444851526864 0
2409 3091.011752852639 2487.484196179468 0
2410 3097.651650482422 2509.754445110117 0
2411 1128.847639176251 454.8549493651803 0
2412 4394.58039900531 1399.788611531632 0
2413 466.0126432954221 3979.779286869044 0
2414 1345.798689927295 2118.834792418005 0
2415 1346.462051144616 2218.812816982995 0
2416 1345.239758046146 2018.839995703495 0
2417 2953.94641849235 2628.54763967078 0
2418 3292.824537520072 2690.508260495986 0
2419 3326.679746868141 2730.261063551789 0
2420 3642.949192431126 399.9999999999527 0
2421 2456.016326540042 2507.300584578339 0
2422 4921.68669039307 3022.19355473947 0
2423 4927.432129633822 3122.028643079056 0
2424 4915.942382184987 2922.357530882059 0
2425 3433.629350881341 2164.021336156184 0
2426 4942.066827495066 1869.105786392723 0
2427 438.6291910078735 550.0443641901293 0
2428 438.2170894002566 448.6922215517111 0
2429 438.6551984286912 1149.999999999872 0
2430 438.6551984282223 1050.000000000058 0
2431 3970.356280597968 4579.425575692909 0
2432 4053.942977048306 4524.532368676748 0
2433 1528.472262171858 2677.365211154609 0
2434 2786.585951644628 2531.959661332112 0
2435 2751.440376044027 2388.226472647422 0
2436 2747.451929662972 2372.308083713289 0
2437 2764.721608597371 2376.339052025638 0
2438 2761.492078222843 2356.629744566363 0
2439 2779.366516475268 2362.658480570839 0
2440 2739.976220423599 2354.718111043532 0
2441 2755.642421376833 2335.67977692871 0
2442 3089.944615864675 1886.07478498984 0
2443 3008.355134396204 1908.905851284211 0
2444 2262.720989975712 2447.456149951808 0
2445 4720.037951293913 2532.961701266266 0
2446 2368.122543125763 3870.310783953875 0
2447 2278.789480436676 3825.370780476298 0
2448 1497.781003680066 3820.234922912065 0
2449 783.1227384415185 3460.702040605993 0
2450 693.7904784558868 3415.760441593207 0
2451 3642.949192431122 699.9999999999536 0
2452 3036.731409782006 1049.999999999942 0
2453 3123.333950160451 999.9999999999432 0
2454 1651.090633104474 1150.000051405184 0
2455 1391.190874696568 600.1702653846949 0
2456 1477.806208701646 550.149848292569 0
2457 1477.808340972756 450.1464454438797 0
2458 1564.48822334848 499.999999999904 0
2459 4630.704767876288 2488.019267512187 0
2460 1281.494156173562 4583.923199226259 0
2461 1365.080828746635 4529.03003967191 0
2462 1359.335261221064 4429.19524152972 0
2463 1448.667509906236 4474.136863049769 0
2464 1454.413071567064 4573.971672849548 0
2465 1537.999765154745 4519.078471523601 0
2466 2235.421151986518 4579.106850628239 0
2467 2441.8252478813 2532.202175818388 0
2468 501.1189063673824 4579.748274804958 0
2469 1025.542810543878 1643.772691666139 0
2470 936.2101629719618 1598.831029365006 0
2471 2896.614997909907 2342.063032852673 0
2472 1114.872767526852 1688.713914778971 0
2473 2464.665743373727 2349.387275001524 0
2474 2457.599160402531 2327.690347375346 0
2475 3345.224246943089 2678.091220325344 0
2476 3381.252954419595 2721.154341109983 0
2477 3089.076133308356 2518.193005884052 0
2478 3797.437324151269 4589.377183672739 0
2479 2355.491521917128 2360.724446913513 0
2480 2350.162071615503 2343.272181666713 0
2481 2696.585873528381 2142.753437812583 0
2482 1562.843876724362 397.2018111203283 0
2483 1650.81670595624 449.5336351866449 0
2484 3002.894245954752 2427.484033111384 0
2485 1019.795647060106 1543.937624453668 0
2486 2771.778365530773 2441.280902098219 0
2487 428.9427822589519 1828.355197959057 0
2488 434.6882555458496 1928.189989278516 0
2489 3233.056452807981 2923.936838351377 0
2490 3179.697746454978 2938.541902438268 0
2491 3294.289118829449 2911.455303790631 0
2492 2483.242227352734 2426.417388724733 0
2493 3016.429238368097 4584.242016555752 0
2494 3100.015934818436 4529.348809539588 0
2495 3020.489452959404 2679.724551432108 0
2496 2343.469568031283 2570.164862947312 0
2497 2777.32108704 2475.189536417421 0
2498 411.2744873431225 4534.029252659777 0
2499 3052.295022557 2487.734050242419 0
2500 2452.714788539087 2470.648535874596 0
2501 2734.08191378733 3140.089161159732 0
2502 2656.951269427027 3106.868906696526 0
2503 3180.83272932133 2602.456516506555 0
2504 2253.254299194997 2460.979327540693 0
2505 2151.834455984271 4634.00005675371 0
2506 2062.502196062595 4589.058457568924 0
2507 4959.304629453585 2168.610140590679 0
2508 2245.70660858184 2444.410456418794 0
2509 2308.391876887215 2487.835251127852 0
2510 2313.62056342675 2478.402033564675 0
2511 4313.597779222064 3007.107010850481 0
2512 4307.852299848589 2907.272218787766 0
2513 4391.438186751111 2852.379061500649 0
2514 4302.106316949079 2807.437445749757 0
2515 4385.692316689066 2752.544280309835 0
2516 3816.154273188012 599.9999999999545 0
2517 3902.756813566456 549.9999999999552 0
2518 3902.756813566457 449.999999999955 0
2519 3989.3593539449 499.9999999999557 0
2520 2517.114420167226 1350.0038559288 0
2521 2603.718416665763 1300.000642654749 0
2522 2950.253452125365 2761.643514944908 0
2523 2084.103465619109 399.9999999999268 0
2524 1997.500925240695 449.99999999991 0
2525 3989.359353944901 399.9999999999545 0
2526 4075.961894323344 449.9999999999563 0
2527 2781.423884302643 2336.516702446986 0
2528 3552.989498241105 1848.849321020376 0
2529 2664.871950740933 2367.443893564506 0
2530 3054.521319279233 2431.850182697277 0
2531 3052.170042228563 2420.772640892333 0
2532 3123.333950160464 399.9999999999432 0
2533 2749.560096432646 2475.410878981469 0
2534 3027.558453229013 2826.529031895337 0
2535 2318.726167083908 2486.466983170139 0
2536 2323.103905365568 2479.227071704214 0
2537 2327.028889933683 2486.239043307675 0
2538 2323.817099234951 2493.111367536968 0
2539 2212.430828179981 2623.060643856304 0
2540 2330.634887815202 2479.726592841599 0
2541 2327.956733345146 2472.784186257868 0
2542 2337.354674969886 2440.582382210153 0
2543 2290.477628003303 2409.973169638466 0
2544 2274.220001386698 2407.975280605631 0
2545 2284.253165046031 2393.769797746711 0
2546 2266.995547215189 2392.160103041436 0
2547 4855.352650263951 399.9161731838249 0
2548 2910.718428990886 2586.367390732775 0
2549 2215.281574801125 2209.824163136612 0
2550 5002.669584317557 1414.873130294744 0
2551 5008.415518303682 1514.707915027461 0
2552 525.3603171554923 398.5891413452473 0
2553 3836.214092551334 2394.061485769918 0
2554 4970.796571269454 2368.281805850468 0
2555 2975.447745162111 2431.699705252489 0
2556 3055.658560236518 2509.393488655653 0
2557 3058.945906120344 2516.91927644204 0
2558 3051.117277129124 2515.173140223151 0
2559 3053.050552685126 2522.677224936286 0
2560 3060.969313825979 2525.035322678507 0
2561 3054.072394852948 2531.251315644089 0
2562 3062.990968015004 2533.783601265764 0
2563 3056.522379123809 2540.525701187127 0
2564 3047.311093375265 2537.736248324748 0
2565 3049.813032107358 2547.079549965246 0
2566 3040.558529996687 2544.239012783218 0
2567 3043.059531602202 2553.590285757738 0
2568 3033.016786554541 2550.451634138134 0
2569 3036.175658294906 2560.046864197746 0
2570 3027.041392504778 2557.75980145594 0
2571 3029.53198865976 2566.682470007575 0
2572 3021.033951344329 2563.986988868032 0
2573 3039.477153353646 2568.763416714302 0
2574 3022.798615885645 2573.288915661931 0
2575 3012.729892381164 2568.878172739345 0
2576 3066.472190498927 2544.013681705927 0
2577 3019.108362887341 2555.733864211924 0
2578 3038.190718227882 2536.727450175634 0
2579 3015.158554786509 2580.493341395082 0
2580 3970.902001184957 1574.421412633243 0
2581 4054.488493951809 1519.527895466366 0
2582 3044.286145488322 2672.316372083075 0
2583 2708.776289195731 2566.169986911406 0
2584 2702.954644742602 2572.021291511132 0
2585 2719.553183980941 2562.14626900335 0
2586 2701.662714502552 2564.092622526669 0
2587 2695.404990620564 2568.675067991517 0
2588 2696.312845348072 2576.734213880368 0
2589 2688.676413710793 2572.655674494708 0
2590 2688.868133866975 2564.988607663905 0
2591 2681.806323909062 2567.723121397353 0
2592 2681.054672571076 2577.135944543523 0
2593 2674.253654497697 2570.72048238557 0
2594 2675.790491513767 2563.053600739194 0
2595 2668.230352352463 2564.616664905912 0
2596 2665.889894397646 2572.418120629953 0
2597 2660.35352904109 2565.830144519951 0
2598 2663.17675094129 2558.688671670579 0
2599 2655.455355407006 2558.899318406423 0
2600 2651.448774998084 2566.477829698295 0
2601 2647.57350809146 2558.647412071554 0
2602 2651.832663469952 2552.181208748812 0
2603 2644.506140086431 2551.206323127401 0
2604 2639.168370290094 2557.87875415778 0
2605 2636.496209242325 2548.633408792476 0
2606 2630.160041715776 2556.134731623843 0
2607 2626.268554213192 2547.69665061261 0
2608 2632.822698786329 2539.770156157745 0
2609 2622.525965608517 2539.064333360113 0
2610 2628.285683323214 2531.456954232599 0
2611 2618.680114476693 2530.491374187091 0
2612 2624.580450924542 2522.845252847032 0
2613 2614.951345755708 2521.886105519452 0
2614 2621.426602311681 2513.596976050487 0
2615 2611.552833557665 2513.359717630142 0
2616 2616.731091892807 2505.460300328664 0
2617 2604.467662619782 2521.293133461024 0
2618 2607.770939940894 2504.695527088605 0
2619 2612.771846108446 2497.663348399049 0
2620 2621.28352432665 2498.748901051857 0
2621 2618.765971232233 2491.268736532961 0
2622 2609.244020418705 2488.901209581635 0
2623 2616.648637626633 2483.479033868413 0
2624 2625.977574571075 2485.308385256498 0
2625 2623.444742419554 2478.014883134804 0
2626 2615.418467173675 2474.796203934072 0
2627 2622.886963252227 2470.213793134636 0
2628 2629.764438725968 2473.547148946387 0
2629 2630.313647425886 2466.36122486157 0
2630 2623.677242143492 2462.061275673778 0
2631 2630.73704430929 2458.771111973828 0
2632 2637.162571297507 2463.104040704304 0
2633 2637.580141725592 2455.602845786241 0
2634 2624.917971705727 2453.347053689698 0
2635 2335.827278477112 2474.362387548252 0
2636 2374.645988252528 2432.923546043396 0
2637 2381.687164108331 2425.299082402914 0
2638 2383.935652441046 2434.925986866166 0
2639 2389.873907672346 2428.073175925974 0
2640 2391.866200357077 2436.116629051311 0
2641 2397.464386090671 2430.710963031023 0
2642 2399.052911727173 2438.272470728183 0
2643 2404.67307526203 2433.452880166188 0
2644 2403.604934603409 2426.816851225979 0
2645 2406.234101766268 2441.965369899766 0
2646 2411.794819608991 2436.15625127141 0
2647 2413.679037869443 2443.845964636243 0
2648 2418.950417235804 2438.546872897371 0
2649 2420.507918435212 2446.036849258275 0
2650 2416.842103546819 2431.511730263569 0
2651 2367.365006822319 2438.691903982789 0
2652 2872.459254078492 2336.87923797006 0
2653 1109.631517165116 4593.03272442758 0
2654 2633.518979036877 2525.059189083198 0
2655 2430.513627132917 399.9999999999209 0
2656 2359.06071854649 2407.486217493578 0
2657 608.5394338693159 1347.891380424623 0
2658 2621.075154724375 2555.618409465084 0
2659 2763.04034814641 2498.526595902519 0
2660 351.975305308717 499.7894309568837 0
2661 350.3300608361874 396.1936595101506 0
2662 352.0354313565308 599.9722991910794 0
2663 3209.936490538909 349.9999999999441 0
2664 2447.877502138848 2506.725957153441 0
2665 2452.012308256401 2500.40730695303 0
2666 2459.882452499794 2500.994232816863 0
2667 3016.938607526565 2401.706458057646 0
2668 1120.619102483773 1788.548846749937 0
2669 1797.609971997706 3001.240260970242 0
2670 2813.682416362438 3170.372848020038 0
2671 2875.48751084195 3097.602165078994 0
2672 4737.275720974447 2832.469039569882 0
2673 3071.288117088293 4030.174779277157 0
2674 2981.955857091937 3985.233180240816 0
2675 2457.45384290802 3915.254291666716 0
2676 2541.040420314255 3860.360606257156 0
2677 4636.45071097071 2587.854064261815 0
2678 1820.548090887648 3401.168692888378 0
2679 699.5360420045515 3515.595247652482 0
2680 610.2037820106098 3470.653648620937 0
2681 604.4582184653168 3370.818842569277 0
2682 520.8715220157228 3425.71204958726 0
2683 515.1259584703721 3325.877243535465 0
2684 431.53926201995 3380.770450551579 0
2685 425.7936984744156 3280.935644499371 0
2686 437.2848255656354 3480.605256604132 0
2687 788.8683020012838 3560.536846690377 0
2688 2950.128869403562 1099.999999999942 0
2689 2863.526329025119 1049.999999999937 0
2690 2257.308546376002 1099.99999999992 0
2691 5032.328324274939 589.9387762253505 0
2692 3529.440544162181 4454.552386563752 0
2693 3535.186107708207 4554.387192616243 0
2694 3445.853847711843 4509.445593579914 0
2695 2430.51362713288 1699.999999999938 0
2696 2512.509682181953 1747.024919952888 0
2697 2434.699063934621 1793.044592892254 0
2698 2509.86955869341 1837.967660389637 0
2699 2587.285809455094 1796.600506299009 0
2700 2581.475949045344 1884.946918838354 0
2701 2658.24187002797 1846.912207427292 0
2702 2432.73266704599 1893.094076846151 0
2703 3989.359353944896 599.9999999999545 0
2704 3500.712726432052 3955.378356301293 0
2705 3411.380466435689 3910.436757264964 0
2706 3494.967162886026 3855.543550248802 0
2707 3405.634902889665 3810.601951212471 0
2708 3489.221599340002 3755.708744196309 0
2709 3322.048206439326 3865.495158228633 0
2710 2430.513627132901 999.9999999999225 0
2711 4264.484121577143 3661.00910526083 0
2712 471.7582068417246 4079.614092921962 0
2713 4319.343235662427 3106.941825146218 0
2714 3993.88573712887 1973.760551565068 0
2715 1115.631705259389 3243.528283706745 0
2716 509.3803949249095 3226.042437483417 0
2717 420.048134928742 3181.100838446843 0
2718 4676.67204028281 3286.708264127536 0
2719 4682.417603828835 3386.543070180027 0
2720 4645.33987730577 1235.108060031161 0
2721 979.0239490893086 3850.089656876646 0
2722 3840.805075779429 3835.640334289142 0
2723 3751.472815783066 3790.698735252809 0
2724 3835.059512233405 3735.80552823665 0
2725 3745.727252237044 3690.863929200318 0
2726 3829.313948687382 3635.970722184159 0
2727 3739.981688691021 3591.029123147827 0
2728 3823.56838514136 3536.135916131667 0
2729 1997.500925065297 950.0000000689342 0
2730 4547.11809960574 2542.912511157333 0
2731 3036.731409782019 449.9999999999418 0
2732 3036.731409782022 349.9999999999422 0
2733 2950.128869403576 399.9999999999382 0
2734 4048.197413502281 4424.697562624257 0
2735 4137.529673498644 4469.639161660586 0
2736 4143.275237044667 4569.473967713078 0
2737 4226.861933495006 4514.580760696917 0
2738 4221.116369948982 4414.745954644425 0
2739 4310.448629945344 4459.687553680755 0
2740 4304.703066399318 4359.852747628264 0
2741 4394.035326395681 4404.794346664595 0
2742 4399.780889941705 4504.629152717086 0
2743 4483.367586392043 4449.735945700923 0
2744 4477.622022846019 4349.901139648434 0
2745 4566.954282842381 4394.842738684763 0
2746 4561.208719296356 4295.007932632272 0
2747 4650.540979292718 4339.949531668602 0
2748 4644.795415746693 4240.114725616109 0
2749 4734.127675743056 4285.056324652439 0
2750 4728.38211219703 4185.221518599948 0
2751 4739.873239289082 4384.891130704931 0
2752 4817.714372193394 4230.163117636277 0
2753 4811.968808647367 4130.328311583786 0
2754 4572.699846388407 4494.677544737255 0
2755 4901.301068643729 4175.269910620114 0
2756 4895.555505097704 4075.435104567623 0
2757 4907.046632189756 4275.104716672606 0
2758 4555.463155750329 4195.173126579781 0
2759 4806.223245101341 4030.493505531294 0
2760 4889.809941551677 3975.600298515133 0
2761 4800.477681555314 3930.658699478802 0
2762 4884.064378005653 3875.765492462643 0
2763 4766.004300279172 3331.649863163866 0
2764 4771.749863825196 3431.484669216357 0
2765 4855.336560275533 3376.591462200196 0
2766 4861.082123821559 3476.426268252688 0
2767 4943.635698288819 3421.592518135771 0
2768 4950.242196820743 3521.377776772224 0
2769 4702.799217167046 2233.455907358356 0
2770 1477.885006542057 950.0002662020265 0
2771 1651.045087431808 549.9222725310306 0
2772 3912.900645137721 3581.077515167999 0
2773 3907.154332406071 3481.241568319497 0
2774 3996.487216723788 3526.18411801917 0
2775 3990.740883181427 3426.348139481891 0
2776 1180.670968705801 4339.311591290782 0
2777 503.6348313792769 3126.207631430978 0
2778 414.302571383083 3081.266032394346 0
2779 497.889267833616 3026.37282537848 0
2780 408.5570078374158 2981.431226341834 0
2781 4866.798989534717 3576.262725885712 0
2782 4956.126466558937 3621.204600185465 0
2783 4716.890985104975 3985.551906494964 0
2784 492.1437042879488 2926.538019325971 0
2785 402.8114442917481 2881.596420289322 0
2786 486.3981407422812 2826.703213273459 0
2787 397.0658807460795 2781.761614236811 0
2788 480.6525771966121 2726.868407220948 0
2789 391.320317200411 2681.926808184298 0
2790 474.9070136509458 2627.033601168436 0
2791 382.0253641737195 2582.296272001363 0
2792 468.569885191775 2527.232840094187 0
2793 375.5896415622974 2482.501185090157 0
2794 462.6107009828975 2427.410328061604 0
2795 373.2428375428258 2382.470778028275 0
2796 457.6703230139424 2327.529183010899 0
2797 368.1979315143089 2282.595648641169 0
2798 451.9014042177032 2227.695721069541 0
2799 362.5652516797386 2182.754346051417 0
2800 2606.11757070361 2333.853788331829 0
2801 3085.992209753056 2611.689771331673 0
2802 3093.481364766176 2633.22555037363 0
2803 2431.248143309183 2100.400272803641 0
2804 2387.736405488403 2069.096815444509 0
2805 2338.379865139838 2358.502810676784 0
2806 4232.607497041029 4614.41556674941 0
2807 3075.499776649409 2596.262820839792 0
2808 3067.773386744739 2611.651745724711 0
2809 3024.17360951181 2258.983724430802 0
2810 3048.152900864003 2508.447238815927 0
2811 4979.142201548042 4020.541897551467 0
2812 3451.599411257869 4609.280399632406 0
2813 3290.273756456076 2541.359293721529 0
2814 3327.995499396041 2540.828848329033 0
2815 3346.926327680763 2501.729600387829 0
2816 3038.169305793776 2697.489925892814 0
2817 382.4259468453606 4034.672493885628 0
2818 376.680383299406 3934.837687833241 0
2819 388.171510391453 4134.507299938225 0
2820 1543.745327909463 4618.913279149011 0
2821 1627.332023750806 4564.020073343369 0
2822 1621.586460103278 4464.185267492631 0
2823 1710.918719849342 4509.12686702649 0
2824 1716.664283353654 4608.961673161904 0
2825 2652.362305971583 1932.561218287287 0
2826 2727.083928541459 1891.105074860587 0
2827 2734.067070904291 1810.069025903812 0
2828 2734.237047996585 2600.936320133096 0
2829 1816.264936333584 2310.809715057567 0
2830 1431.563246653003 1968.361197098887 0
2831 2791.143408736867 2544.598940498825 0
2832 2735.168652842232 2331.702242080402 0
2833 3105.761498364466 4629.183615592072 0
2834 345.3558861163738 1883.24837237893 0
2835 4985.431782359162 1115.368776096604 0
2836 4979.685848373031 1015.533991363892 0
2837 3393.795965958195 2107.814972676325 0
2838 5011.018846801707 3067.135389015049 0
2839 5016.764393083107 3166.970234274081 0
2840 340.8568749029464 1785.311734755099 0
2841 2857.67743004919 2354.40016011904 0
2842 2418.807564178067 2588.821048064399 0
2843 3043.842572877438 2513.975903286138 0
2844 2889.584183095099 2318.658850895584 0
2845 2914.179214293096 2324.001530184691 0
2846 4990.633328640092 4220.211509656443 0
2847 4996.37889218612 4320.046315708935 0
2848 1259.545473117269 2169.333348053985 0
2849 1260.149437842537 2269.331329680136 0
2850 2426.008139739777 2440.940052769142 0
2851 2427.431025583608 2448.294239875269 0
2852 2783.631730635475 2519.163459873342 0
2853 3361.082335111288 2773.009429262801 0
2854 3419.917884257462 2764.191477205806 0
2855 3397.906078249208 2822.726682520967 0
2856 3466.746270209713 2814.341997621476 0
2857 2363.452744112339 2326.930894802066 0
2858 2480.862064206005 2331.826019469807 0
2859 3210.239199626478 2326.899721165073 0
2860 2614.167383845215 2537.426485126464 0
2861 3052.899811340012 2556.385768226652 0
2862 3004.848356322114 2577.212972454667 0
2863 3002.723634123789 2567.15881742869 0
2864 2996.347877591514 2573.490661990185 0
2865 2995.063727322836 2564.81486225467 0
2866 2989.040918229092 2569.710918592018 0
2867 2987.934912232457 2562.16954950013 0
2868 2982.068477607549 2566.745967754151 0
2869 2980.863904217564 2559.341898260758 0
2870 3000.133465478065 2559.172889703028 0
2871 2753.791707216452 2496.210579659991 0
2872 2755.657507595922 2504.480907924347 0
2873 2747.770213647672 2502.293126657643 0
2874 2749.244337658076 2509.716342388161 0
2875 2667.886745422002 3191.621025261501 0
2876 2587.288922228534 3156.465979345646 0
2877 2476.128047540965 2508.583630620403 0
2878 3146.100604929979 2378.998853170599 0
2879 2644.692332695451 2459.509144854234 0
2880 2644.327571035645 2452.422100903981 0
2881 2637.920110548829 2448.102768387229 0
2882 2644.931995363087 2444.946413701438 0
2883 2650.936442817484 2448.864040603762 0
2884 2651.732008893991 2441.710716430347 0
2885 2657.451919580095 2446.006644716783 0
2886 2658.516336378859 2438.653886821639 0
2887 2664.758381844638 2443.975711187903 0
2888 2651.598685873608 2432.191947764587 0
2889 2665.368955934407 2435.494022219371 0
2890 2671.7441949646 2439.929307853571 0
2891 3652.729954952314 2080.95362306621 0
2892 2849.442770365514 2332.120889734053 0
2893 2983.724633577168 2433.710899816759 0
2894 2978.447964513958 2439.481264937898 0
2895 2970.909023167326 2439.09735496233 0
2896 2985.701434602564 2441.184534461521 0
2897 3046.548763281235 2378.430908029453 0
2898 3400.64962817401 2667.774910458872 0
2899 3373.748891617559 2538.521530049509 0
2900 4723.779594813368 1081.292098589628 0
2901 3034.046540064197 1823.416726021653 0
2902 3113.650963355169 1800.359609227844 0
2903 2649.495647011473 2545.596660673124 0
2904 3104.101307355688 2488.939266137102 0
2905 2623.29278240821 2315.614282680834 0
2906 2647.669922333868 2322.116847653102 0
2907 2170.706005997584 349.9999999999154 0
2908 3902.756813566457 349.9999999999523 0
2909 2656.164407780309 2546.215238113491 0
2910 2932.842541917764 4639.135223571906 0
2911 2843.510281921401 4594.193624535577 0
2912 418.1630737219584 4635.604880167381 0
2913 2540.610996057865 2516.998306275832 0
2914 2552.372278348761 2504.948264546099 0
2915 2556.885690752232 2521.159743151609 0
2916 3270.658129074915 2974.149736955047 0
2917 1202.406081056188 1730.91605669442 0
2918 525.7209851149955 1397.887551793201 0
2919 438.7324061462805 1349.647925298911 0
2920 3420.345093931917 2263.931054891269 0
2921 2745.667286485454 2495.099231507518 0
2922 930.4631204075531 1498.995981890358 0
2923 1014.049570354963 1444.102734637474 0
2924 2975.112339958554 2563.931537315797 0
2925 2973.891019836113 2556.528816641492 0
2926 2968.155516560635 2561.119729358351 0
2927 2967.262220692726 2552.786547571134 0
2928 2959.685045498669 2530.675176488667 0
2929 2961.255721887981 2558.153690078425 0
2930 2960.161196729604 2550.836384237413 0
2931 2954.286643566596 2555.460523573781 0
2932 2953.399303656486 2548.177590081335 0
2933 2711.592058822153 2587.896706462536 0
2934 2388.240391592789 2419.189122818275 0
2935 2800.962557777828 2536.172932219066 0
2936 2276.943069587292 2374.422252612555 0
2937 5039.712365847252 3566.311439046541 0
2938 5045.49220736031 3666.14427237784 0
2939 3201.87070013386 2072.961735197284 0
2940 2332.45378135888 2466.778613615039 0
2941 2325.023632028296 2465.884165756958 0
2942 2339.67093941855 2468.13243082277 0
2943 3062.554727792736 2690.899552934093 0
2944 3056.094177558596 2715.376896870579 0
2945 2236.055730685996 2459.738548013241 0
2946 2244.241089615146 2475.250174394377 0
2947 2228.324556751518 2442.420261638647 0
2948 2941.790711522155 2425.293877349961 0
2949 2944.974273049713 2435.376231048934 0
2950 2440.684087343957 2524.762201455324 0
2951 2782.717064452398 2381.246191588256 0
2952 1648.167245860489 345.0514740808067 0
2953 3006.919590875239 2588.272998546305 0
2954 3017.893199385236 2591.607770468976 0
2955 342.2070020238598 3335.828851515183 0
2956 3540.931671254233 4654.221998668733 0
2957 330.7158749325463 3136.159239410206 0
2958 3469.869686765242 1902.81518806741 0
2959 2927.892052183614 2922.186539935484 0
2960 2978.602598733025 2941.706463709125 0
2961 2756.510636043581 2512.45112660478 0
2962 2517.116167511363 349.9999999999236 0
2963 2603.718707889805 399.999999999925 0
2964 2568.420474226916 2508.84480628315 0
2965 3030.597973259394 2460.885441711456 0
2966 3032.981666513517 2467.860932205997 0
2967 1477.885682970044 349.9999999999 0
2968 1997.500925240695 349.9999999999127 0
2969 4075.961894323345 349.999999999955 0
2970 4162.564434701788 399.9999999999554 0
2971 2473.205169412263 2308.463511610366 0
2972 2448.478833714678 2304.556972008311 0
2973 4890.353421620086 970.5927237979947 0
2974 4973.939914386901 915.6992066311811 0
2975 2638.688293875901 2439.55351461179 0
2976 438.2461869140616 1449.212902154872 0
2977 351.9973574174046 1399.810137908878 0
2978 349.2972178592136 1498.985223691407 0
2979 507.7872611183552 4681.891579675097 0
2980 3162.319209335016 2222.457997326835 0
2981 3080.813713723065 2579.958676630151 0
2982 1745.624382435578 1999.945877408003 0
2983 352.1501638068248 1099.999999999902 0
2984 352.1664147662559 999.9999999999072 0
2985 2387.291242234809 2440.690110291804 0
2986 2893.01177313647 3195.467642576878 0
2987 2585.993554037733 1965.313301866548 0
2988 2976.211925822944 2571.198400997871 0
2989 3463.637110598123 1803.94773090115 0
2990 3549.408894395907 1749.844443110928 0
2991 2983.713698602226 2394.263242784134 0
2992 2992.461986448408 2384.78675148376 0
2993 2979.459279652576 2381.032506302973 0
2994 2458.570335756203 2548.671428713203 0
2995 2346.64089696686 2443.43845493286 0
2996 2448.933460497701 2553.369027464225 0
2997 2438.937280724119 2551.147616445912 0
2998 2440.953844174662 2559.956544364275 0
2999 2432.596420897728 2556.033489675048 0
3000 2431.739677746265 2548.290996109668 0
3001 2425.771503768214 2553.009808848194 0
3002 2425.951219709481 2560.292606839464 0
3003 2419.247063287321 2556.522429153122 0
3004 2419.598905952591 2564.283757849062 0
3005 2412.92810292032 2560.892898332646 0
3006 2426.251964694503 2567.785495048553 0
3007 2420.320833399832 2549.544479641573 0
3008 2421.88629112282 2453.347373906294 0
3009 2428.850131167461 2455.646846845109 0
3010 4296.360632424805 2707.602649343291 0
3011 3817.821517664107 3436.301074980751 0
3012 3316.302642893303 3765.66035217614 0
3013 4218.51961320895 2862.330656840898 0
3014 2284.536860915669 3925.202689928656 0
3015 2195.204561064273 3880.262461905821 0
3016 2546.787512768598 3960.192868183942 0
3017 2630.374113585471 3905.298783615194 0
3018 615.9493455571555 3570.488454675427 0
3019 4162.564434701788 499.9999999999552 0
3020 4249.166975080233 449.9999999999536 0
3021 4249.16697508023 349.9999999999536 0
3022 4335.769515458678 399.9999999999536 0
3023 3036.731409782004 1149.999999999943 0
3024 2863.526329025117 1149.99999999994 0
3025 2776.923788646674 1099.999999999935 0
3026 2517.115827749983 1250.000749763876 0
3027 1800.250979738404 4554.068466276107 0
3028 1805.996543266547 4653.903272364149 0
3029 4143.82092070476 1564.469163032253 0
3030 4138.074986718715 1464.6343782994 0
3031 561.0904668381327 4124.555691958367 0
3032 524.0205004989284 1973.131585859655 0
3033 438.6741578812835 949.99999999991 0
3034 352.1722831683437 899.9999999998836 0
3035 4406.072266977434 1599.458180997276 0
3036 4215.370806402957 4314.911148591935 0
3037 4298.957502853294 4260.017941575774 0
3038 3189.348194814803 4574.290408575907 0
3039 3296.539030917344 799.9999999999459 0
3040 3383.141571295786 849.9999999999486 0
3041 785.0653599397624 750.0000000009511 0
3042 3826.712751596042 2083.547585897447 0
3043 4541.372194870228 2443.077772011565 0
3044 4080.073868084251 3471.290842343991 0
3045 4074.328297023249 3371.456024848328 0
3046 1477.857059276128 650.0533522794799 0
3047 1391.26299399343 700.0372696106274 0
3048 3947.374026413865 4180.086351482945 0
3049 1737.640015094402 499.9093179528845 0
3050 4924.829025536867 1569.601432194274 0
3051 5014.161452289813 1614.542699760172 0
3052 4794.732118009289 3830.823893426309 0
3053 1442.921943811752 4374.302062062948 0
3054 4057.091010977139 3071.943183623649 0
3055 2755.760377648945 2658.304079315797 0
3056 2345.294669350337 2374.706158448655 0
3057 2962.984952469272 3128.468522856313 0
3058 2413.424473907698 2568.603247108047 0
3059 2406.639169299951 2564.977941230328 0
3060 2406.234895492118 2557.097724347028 0
3061 2399.95083831473 2561.44570039187 0
3062 2406.352948921685 2573.239357330981 0
3063 2337.677192809216 2101.779363228598 0
3064 2341.135674472022 2038.440398204446 0
3065 2289.714652529799 2063.46307713155 0
3066 2293.724040109543 2003.874644439149 0
3067 2242.382885520007 2030.016842172912 0
3068 2239.432644231889 1964.516472300845 0
3069 2238.27610579105 2087.036542083044 0
3070 2191.091071274193 2054.874148904874 0
3071 2767.405179424039 2315.271474070849 0
3072 2791.440648568214 2311.86161433488 0
3073 3233.811358673068 2418.94990906287 0
3074 2603.718707889807 299.9999999999245 0
3075 2690.32124826825 349.9999999999254 0
3076 5100.25861088803 3112.082348195469 0
3077 2068.247759646602 4688.893263545913 0
3078 3080.578775909931 2708.943539177933 0
3079 3072.514312963099 2736.528810063318 0
3080 2951.471626137743 1835.533978694976 0
3081 2928.758958037359 1911.766842592254 0
3082 1173.247816360781 2219.8501531037 0
3083 2573.072990565951 2523.707738867939 0
3084 3014.026288350676 2703.636952283684 0
3085 2328.867275226538 2338.816952185056 0
3086 2241.166716006171 4678.941655739278 0
3087 2324.753412460765 4624.048448714657 0
3088 2330.498976086438 4723.883254608831 0
3089 2414.085672550759 4668.990047564872 0
3090 3343.844165193782 2961.849779559887 0
3091 4149.020800590688 4669.30877376557 0
3092 2798.740816506018 2369.471298953303 0
3093 2801.640210372253 2390.698982876298 0
3094 1172.651817289688 2119.849144676621 0
3095 2598.75059532972 2309.713249426613 0
3096 2581.467387787068 2328.181931443032 0
3097 2443.477727891241 2500.121346585557 0
3098 2448.363408846492 2493.69586098611 0
3099 313.4791842955465 2836.654821252672 0
3100 5063.272341139847 960.6404741970814 0
3101 5057.526407153719 860.8056894643701 0
3102 3195.093758360831 4674.125214628397 0
3103 3100.354837943753 2520.641219829079 0
3104 3092.775710699731 2532.213100701628 0
3105 2599.169900204753 3243.953319421662 0
3106 2520.632624015116 3210.114743448436 0
3107 2508.110324011027 3123.086698335153 0
3108 2441.804123873871 3176.934954900804 0
3109 2430.943848169378 3092.162340507657 0
3110 2363.262831077819 3144.274001565691 0
3111 2357.253381072377 3048.15201390021 0
3112 2286.249317636249 3107.365492983319 0
3113 2273.7285481615 3026.7328544116 0
3114 2206.950822405252 3075.667278292748 0
3115 2202.805571428836 2993.200413521312 0
3116 2453.070418942123 3262.137411895278 0
3117 2506.053359874578 2446.029568949567 0
3118 2904.410540763116 2649.543287123358 0
3119 2911.589404070225 2673.810670698923 0
3120 2893.689434883955 2692.607544976824 0
3121 327.7978128532022 4589.090777577397 0
3122 321.8800824951127 4488.993887599297 0
3123 1347.106248977245 2318.805771021687 0
3124 1260.755985948051 2369.328672791573 0
3125 1460.158631327242 4673.806486427329 0
3126 2333.824786251057 2977.653395323156 0
3127 2641.268404617391 2297.865758750967 0
3128 2665.217379402798 2304.685593636852 0
3129 2255.607987993272 2371.43559407343 0
3130 2723.228911464465 1980.353650345877 0
3131 2672.350846140747 2432.074498401962 0
3132 2678.338583614002 2436.550030415067 0
3133 2665.53566920339 2427.779089252047 0
3134 3694.015369979219 2792.343328627355 0
3135 2130.372479170026 3040.426173262852 0
3136 2124.030448985694 2953.060867364193 0
3137 2051.938130819448 3005.885794689376 0
3138 2045.055750434633 2926.691098349384 0
3139 2098.556145159037 2877.47650229106 0
3140 2036.926997777502 2855.017637854775 0
3141 2084.802114113203 2817.57342692799 0
3142 2030.143512381 2793.541038818964 0
3143 1979.532939906021 2829.390878555452 0
3144 1977.543203851251 2764.061686786041 0
3145 2031.586189220558 2738.751625964767 0
3146 1981.631080653255 2700.842103841798 0
3147 1918.611617317171 2727.572936632745 0
3148 1929.927318291982 2662.530052164641 0
3149 1990.106229711526 2643.064721824947 0
3150 1945.406705240373 2602.529100258059 0
3151 2004.318324225944 2587.617495139961 0
3152 1964.565945348719 2546.517960839764 0
3153 2399.077529509667 2553.137299109616 0
3154 2393.774247948857 2557.815311755577 0
3155 2393.603422947613 2565.317705121545 0
3156 2387.326565925621 2560.899802765537 0
3157 2387.261993106682 2569.17620353553 0
3158 2380.724312446637 2565.854376581743 0
3159 2380.283665723483 2558.597474019935 0
3160 2374.018954756829 2562.621526136853 0
3161 2373.64976379977 2555.2172032618 0
3162 2367.33966694775 2559.251229929034 0
3163 2367.295014883439 2551.611686288593 0
3164 2360.72539994717 2555.793103237257 0
3165 2360.203762893662 2548.307178090684 0
3166 2354.010605010802 2552.379344551132 0
3167 2354.11752678573 2543.967659864836 0
3168 2347.423786515369 2548.782802280433 0
3169 2347.086950149795 2541.265399842488 0
3170 2380.689034234944 2573.537216939587 0
3171 2331.218948902742 2492.515533044028 0
3172 2328.523915539759 2498.641544465325 0
3173 2321.0250540495 2500.10760426235 0
3174 2326.798289054148 2505.553991096667 0
3175 2318.391751716148 2507.029778732703 0
3176 2323.03526125503 2512.938091805042 0
3177 2330.233446987469 2512.006357452996 0
3178 2327.457197025116 2518.940438732997 0
3179 2335.761301721665 2517.207935067974 0
3180 2332.127895241121 2524.298809776473 0
3181 2324.626750392849 2525.811670157369 0
3182 2329.622559946928 2531.57028649889 0
3183 2657.075802603305 2453.635505885784 0
3184 2678.031025900777 2443.922203615448 0
3185 2685.19478617904 2441.852604276771 0
3186 2685.227046254722 2433.540914586827 0
3187 2691.569396218151 2437.881162167677 0
3188 3064.838784836258 2423.301406684709 0
3189 3058.805731513727 2597.725797411994 0
3190 2254.337735061458 2408.674793626794 0
3191 2774.811773646617 2290.897630789773 0
3192 2934.452370486311 2433.626119333852 0
3193 2938.611598956096 2443.783880079494 0
3194 2948.770036282925 2444.826564735815 0
3195 2942.233930632756 2452.779785235828 0
3196 2933.326289429567 2451.483292840819 0
3197 2937.27120519952 2459.470989352798 0
3198 2929.314013427392 2458.895678824722 0
3199 2933.174830297942 2465.590006701234 0
3200 2925.414967857355 2465.29628047238 0
3201 2929.185509917693 2471.89787749437 0
3202 2921.369424943007 2471.630100004282 0
3203 2924.670134105869 2478.089631786111 0
3204 2917.122724054384 2477.814228748226 0
3205 2920.588689985122 2484.709222481751 0
3206 2913.405053707935 2484.34111472132 0
3207 2917.061670851983 2491.703309177216 0
3208 2924.674061752622 2491.535984233058 0
3209 2921.635072023105 2498.500012968515 0
3210 2913.699792467512 2498.998139453393 0
3211 2918.866956895979 2505.459231172755 0
3212 2910.684073657607 2506.807394289524 0
3213 2926.525445140103 2504.457580935476 0
3214 2923.598031620668 2511.36120333035 0
3215 2915.93887167099 2464.316574780131 0
3216 2904.39189706878 2500.050853359786 0
3217 2926.112309377462 2451.335585691721 0
3218 2907.396439781322 2475.05941697243 0
3219 2931.847179871116 2477.805859972036 0
3220 2950.416759501387 2454.683079200036 0
3221 2900.986203204005 2509.148870773808 0
3222 2932.079720143584 2510.870486277759 0
3223 2928.454169783125 2517.501741243694 0
3224 2920.864703501896 2518.381105735715 0
3225 2925.539399514253 2524.252332013848 0
3226 2932.982857969982 2523.316198340378 0
3227 2930.189555550062 2530.11005161306 0
3228 2937.434157820785 2528.927285874781 0
3229 2940.977002610856 2466.673970398348 0
3230 2956.19084782435 2449.307284366651 0
3231 2934.772983656791 2535.600942032938 0
3232 2917.937505782535 2525.826372827623 0
3233 3057.8967449999 2803.444821391995 0
3234 3065.845976329572 2842.768583221736 0
3235 2942.062791559742 2534.146155499503 0
3236 2939.519493310229 2541.791794284343 0
3237 302.3454045221151 2638.32221228565 0
3238 2423.09835287727 2460.217765168905 0
3239 2429.710579675148 2463.67443828838 0
3240 2435.823320186521 2458.176201302627 0
3241 2750.504971910994 2517.023344403951 0
3242 2743.24507740092 2514.535651498268 0
3243 2744.603950051014 2521.512944168604 0
3244 2737.647994067374 2519.020602932922 0
3245 2738.137382914548 2526.23375732336 0
3246 2758.597506522307 2785.590602521521 0
3247 2950.128869403579 299.9999999999372 0
3248 2979.32981775696 1756.435926921384 0
3249 2435.020722368624 2529.451078669776 0
3250 334.6998582325068 4690.686706558161 0
3251 5129.073190816142 3611.251394148543 0
3252 3103.817247845034 2728.204830687209 0
3253 2440.716383602618 2506.802653847928 0
3254 2362.827569685407 1836.786636029033 0
3255 3059.506603183418 2410.841928046584 0
3256 2974.327820638067 2445.702506006782 0
3257 2399.941445123246 2446.119800744558 0
3258 3965.156067198964 1474.586627900311 0
3259 3881.569574432151 1529.480145067125 0
3260 2340.69197323131 2545.478460318274 0
3261 3310.773901647619 2571.495907146101 0
3262 2467.327689336706 2285.357027813819 0
3263 2440.105321679157 2280.443759117668 0
3264 2988.896045202065 2579.680521870904 0
3265 5084.08730643198 4264.915900924765 0
3266 5090.51982294393 4364.711172349255 0
3267 5002.925900859056 4419.834998028759 0
3268 5092.391735043237 4464.768909776308 0
3269 5007.945355268459 4519.711592174509 0
3270 3310.388477015265 2162.57415357403 0
3271 2691.967446096959 2430.260859538047 0
3272 2698.105371305634 2434.540366107959 0
3273 2697.635772508023 2442.024999124214 0
3274 2704.22255300682 2438.803971110256 0
3275 2703.563853083657 2446.032322567511 0
3276 2710.398575838753 2442.972554091304 0
3277 2710.997444444277 2435.599339193202 0
3278 2717.117423441081 2439.840706005739 0
3279 2716.188189883639 2447.126325380118 0
3280 2717.756980477355 2432.454251311442 0
3281 278.9779064722425 2237.647590403701 0
3282 2430.513627132918 299.9999999999209 0
3283 1346.605496697951 1922.09347074426 0
3284 3050.509266472129 2611.443680894321 0
3285 3059.724784112197 2626.61651479005 0
3286 3098.082731862494 2474.191198467872 0
3287 3083.654427011399 2682.544398100304 0
3288 3028.289190921254 2453.609050221829 0
3289 277.8924372154866 2441.07996968064 0
3290 2741.038423945797 2499.948028061616 0
3291 2809.35510956575 2466.060954570002 0
3292 2803.916641177901 2450.558326170163 0
3293 2815.211556389464 2438.159134747882 0
3294 2798.465468832561 2434.200619945344 0
3295 5094.590113455345 3012.243106721472 0
3296 2706.812424485096 2558.835111419771 0
3297 2700.299881325488 2555.725119720817 0
3298 2439.291869571505 2045.73325062917 0
3299 2437.232114693769 2465.553095677219 0
3300 2328.440145798581 2373.90727530497 0
3301 2918.955904259084 2698.652168619714 0
3302 2901.920226996783 2719.698784077088 0
3303 2936.300731775428 2680.156043909537 0
3304 2615.33556114724 2456.77590755007 0
3305 2018.324007613653 2530.522271608694 0
3306 1978.467202605532 2490.5822735428 0
3307 1925.275833037919 2505.050411037886 0
3308 1941.093510831313 2450.273252517688 0
3309 1994.057998950969 2435.91353076935 0
3310 1956.859506320919 2395.553318185106 0
3311 2010.875564470915 2383.445450745857 0
3312 2441.00949661571 2492.955410868426 0
3313 2445.065513697969 2487.490592380124 0
3314 1882.301756248374 2458.767385707543 0
3315 2849.588886211008 4693.366431840075 0
3316 2760.312133005241 4648.314499679082 0
3317 1432.245529771107 1872.712174903155 0
3318 1518.115203584934 1918.587464633001 0
3319 4335.769515458674 299.9999999999509 0
3320 4422.372055837121 349.9999999999523 0
3321 5092.002011070499 1459.814397860646 0
3322 5086.256077084372 1359.97961312793 0
3323 605.4304671814593 1437.142193542579 0
3324 3023.217837215242 2458.861852473003 0
3325 3021.341937528787 2452.344072185565 0
3326 5029.532749311569 298.2993293579016 0
3327 2947.409324933485 2552.677199030109 0
3328 2948.558503376196 2560.315723951166 0
3329 2989.746108208509 2370.089395304873 0
3330 2973.973134818809 2365.825257613129 0
3331 2985.608162354155 2353.87872354315 0
3332 2968.158973985638 2349.47240859384 0
3333 2982.686471228288 2335.020184849604 0
3334 2962.114430503238 2329.363149957814 0
3335 2978.930036450772 2312.811529271308 0
3336 2955.533478260716 2306.365353053884 0
3337 2973.040765010875 2288.904006474446 0
3338 5097.370671825372 4564.647835740103 0
3339 5013.656204247719 4619.548396074815 0
3340 4924.30264906347 4574.608022591578 0
3341 4930.038877650387 4674.443365877552 0
3342 4840.701512629524 4629.502060638984 0
3343 5102.982678482956 4664.490328085781 0
3344 3112.250805422851 2512.542149572491 0
3345 2847.081868036978 2127.81587409383 0
3346 298.8392503950799 4089.565700901877 0
3347 304.5848139411119 4189.400506954384 0
3348 2643.992858789964 2467.921698781787 0
3349 2985.977082809054 2555.291942131958 0
3350 1871.67482575536 2686.15990664974 0
3351 2690.32124826825 249.9999999999245 0
3352 2907.067152534265 2299.241242915725 0
3353 2720.73240241645 2346.027473725935 0
3354 2713.880033692891 2323.417533197507 0
3355 2700.673855843128 2340.054218478883 0
3356 4238.353060587048 4714.250372801903 0
3357 1722.409846813235 4708.796479386237 0
3358 2339.459917939012 2523.833117563463 0
3359 2433.00881120547 2443.355679318136 0
3360 4846.444669511617 4729.337005196683 0
3361 4757.111157567182 4684.39547821085 0
3362 3009.749993771024 2599.987892526645 0
3363 2329.500980967825 2459.884159950971 0
3364 2322.552063496948 2459.511733083634 0
3365 272.1001720739773 2137.877941582771 0
3366 2934.05408119095 2503.806915994486 0
3367 2829.47105723743 3254.197983194088 0
3368 2342.845195783504 2473.892482726751 0
3369 3024.205892646594 2070.748055860874 0
3370 2706.085291219534 2551.64579298361 0
3371 265.4343544326057 549.9602883579007 0
3372 264.6356973646389 650.1782952163871 0
3373 264.4885306137103 1450.612357771992 0
3374 263.3877841681351 1550.714117684954 0
3375 265.2806363899772 1350.070415946726 0
3376 265.1079258835593 950.5063489715267 0
3377 2481.850874551755 2077.666375146323 0
3378 3021.115955024004 2602.119071434914 0
3379 2140.463684509025 2829.282115134748 0
3380 2806.496294513024 2550.285842608194 0
3381 2431.621616454508 2435.964273961837 0
3382 2973.539648571911 2549.663537820021 0
3383 2321.527026904532 2532.838023544737 0
3384 1198.159639566242 1633.364131576241 0
3385 3384.868019777791 1858.37230543762 0
3386 3380.293621944677 1761.99939938541 0
3387 2894.115902526811 2501.451179201721 0
3388 3118.407290531272 2494.652028002116 0
3389 3481.942653323661 2749.454654400584 0
3390 3250.531757627424 2544.704610300486 0
3391 3457.344974803896 4709.115205684897 0
3392 1259.527533748655 1971.267808198798 0
3393 4725.783873647375 2632.796933201407 0
3394 4642.196644536111 2687.688925531084 0
3395 4062.836944963274 3171.777968356361 0
3396 3984.996214496014 3326.514696046856 0
3397 3065.542553542285 3930.339973224638 0
3398 2976.210606047369 3885.397597297713 0
3399 2892.62366094218 3940.291469634421 0
3400 2886.879034324802 3840.454492365888 0
3401 2636.119481856286 4005.134038465572 0
3402 2463.20055753463 4015.087074854748 0
3403 4379.945602172102 2652.707817623345 0
3404 4290.614824195261 2607.767753508286 0
3405 4207.02844597571 2662.661038048804 0
3406 1045.37395343651 3495.692028393536 0
3407 4249.166975080234 549.9999999999534 0
3408 4321.939757037389 4659.357165785746 0
3409 2189.458280244699 3780.427290100615 0
3410 2105.871991904719 3835.320436799137 0
3411 2111.618327945686 3935.155720116801 0
3412 2022.28557648375 3890.21384906193 0
3413 2016.539588379451 3790.378963747723 0
3414 1932.953099483918 3845.272446666952 0
3415 1927.207157122994 3745.437639462744 0
3416 1843.620308023031 3800.331175509014 0
3417 1837.874668834806 3700.496361844994 0
3418 1754.287631129816 3755.389812675504 0
3419 1748.541986155383 3655.555044350431 0
3420 1664.955363860294 3710.448470594964 0
3421 2343.911086754451 1149.99999999992 0
3422 2257.308546376006 1199.999999999917 0
3423 2170.706005997562 1149.999999999915 0
3424 2170.706005997562 1249.999999999918 0
3425 2084.103465619118 1199.999999999912 0
3426 2084.103465619115 1299.999999999913 0
3427 1997.500925240673 1249.99999999991 0
3428 1997.50092524067 1349.999999999909 0
3429 1910.898384862227 1299.999999999906 0
3430 351.914050216772 700.0250990678242 0
3431 264.5905798968124 750.5488743955584 0
3432 1549.490890434879 4718.748087230215 0
3433 3656.394992240682 3645.922330163986 0
3434 3650.64942869466 3546.087524111494 0
3435 3567.062732244321 3600.980731127652 0
3436 3561.316920650364 3501.14554736891 0
3437 3477.730182858703 3556.038691434027 0
3438 2690.321248268248 449.9999999999286 0
3439 1910.898384862254 399.9999999999036 0
3440 1910.898384862259 299.999999999904 0
3441 4209.625242856932 4215.076342539443 0
3442 611.8524252290622 750.0132874600895 0
3443 2754.242779847402 4549.123303520468 0
3444 2670.666876384126 4603.9950568735 0
3445 2677.762754399715 4699.032199067186 0
3446 2776.92378864667 1199.999999999936 0
3447 2690.321248268227 1149.999999999933 0
3448 2690.321248268231 1049.999999999932 0
3449 3469.744111674232 799.9999999999507 0
3450 3469.744111674229 899.9999999999507 0
3451 3383.141571295784 949.9999999999486 0
3452 3469.744111674227 999.9999999999509 0
3453 3383.141571295781 1049.999999999949 0
3454 3556.346652052671 949.9999999999536 0
3455 4162.564434701787 599.9999999999532 0
3456 2624.628359426105 3805.464118658207 0
3457 846.8763795142941 1553.889181651777 0
3458 841.1304239925798 1454.054311616509 0
3459 1564.468356294717 1300.007818499732 0
3460 3232.715868125641 3820.553439937358 0
3461 3296.539030917352 399.9999999999459 0
3462 3296.539030917354 299.9999999999454 0
3463 3383.141571295797 349.9999999999472 0
3464 3183.60263126878 4474.455602523416 0
3465 2010.793646670695 3690.544102498257 0
3466 2603.718707889786 1099.99999999993 0
3467 2343.911086754448 1249.999999999922 0
3468 592.9670913754767 3171.149230467627 0
3469 2603.718707889789 999.9999999999293 0
3470 3729.55173280957 349.9999999999527 0
3471 3642.949192431127 299.9999999999513 0
3472 1910.898384862224 1399.999999999907 0
3473 1824.295844483782 1349.999999999903 0
3474 4166.804656531405 1963.80830214857 0
3475 4478.166891772144 1344.895094364787 0
3476 4388.834465019199 1299.953826798888 0
3477 4305.247972252384 1354.847343965705 0
3478 4299.502038266259 1255.012559232983 0
3479 4383.088531033074 1200.11904206617 0
3480 4215.915545499444 1309.906076399795 0
3481 4238.899281441161 1709.245215335075 0
3482 1402.702994887561 3675.458427849293 0
3483 1477.877554254681 750.0151036482871 0
3484 2408.340109007066 4569.155241507748 0
3485 3137.636177992523 3675.779144456861 0
3486 4126.038546406594 4269.969549555604 0
3487 3889.909825541901 3181.745051218334 0
3488 4475.024085488005 2797.483387215552 0
3489 4330.834127389409 3306.611480087195 0
3490 3644.903659285213 3446.252982135294 0
3491 967.4282621408408 1145.995158707899 0
3492 4293.211939307271 4160.183135523283 0
3493 3238.461496936102 3920.38834536897 0
3494 1997.500925240676 1149.99999999991 0
3495 4457.785224146046 2497.973422445298 0
3496 1218.078061778404 700.0000000220471 0
3497 1353.589683390647 4329.360463870898 0
3498 581.4759642841505 2971.479618362619 0
3499 5074.90697805635 4165.27876801228 0
3500 4085.819552448017 3571.125832367444 0
3501 1737.676809887683 599.9719317472604 0
3502 1651.080401974785 649.9823673796541 0
3503 4751.36538536314 4584.560684166776 0
3504 4667.778044367803 4639.453928276961 0
3505 1824.295844483786 1249.999999999904 0
3506 1391.278429705996 800.0087288764178 0
3507 4757.656039998848 1679.388466534817 0
3508 569.9848371928138 2771.810006257596 0
3509 4169.406261519667 3516.232644569939 0
3510 552.5153548074431 2472.318985429472 0
3511 1824.2842139457 549.9802082832944 0
3512 1705.173156244681 4409.292061090548 0
3513 541.2531269227129 2272.636200013562 0
3514 1437.176376501202 4274.467263493354 0
3515 1347.844116836468 4229.525663797838 0
3516 1615.840896238543 4364.350462073648 0
3517 535.5069146200849 2172.80143129747 0
3518 1832.128731071365 3600.661562292267 0
3519 1742.795866728923 3555.720225212972 0
3520 4051.343350528851 2972.111699808814 0
3521 2445.319569556485 2641.110079096564 0
3522 2461.783297165687 2651.326292167812 0
3523 2444.287054753971 2662.949617866548 0
3524 2464.29793004911 2673.872460241473 0
3525 2482.979514576279 2660.21501995768 0
3526 2486.741093997959 2683.719886999195 0
3527 2506.705654733326 2668.401503312612 0
3528 2509.678888265727 2694.084986452093 0
3529 2529.618801215362 2678.036092147096 0
3530 2534.391384351607 2706.186764725925 0
3531 2556.790666487845 2685.958350091148 0
3532 2466.633819726227 2698.698033955628 0
3533 2564.293209848608 2718.970240302323 0
3534 2587.207936796242 2700.798373169962 0
3535 2582.434080453893 2671.72065035717 0
3536 2606.244678217502 2684.721722810926 0
3537 2611.257857327018 2709.050054939491 0
3538 2524.627551360263 2651.950599841843 0
3539 2934.679396030132 2977.430827716519 0
3540 2986.719104237789 2999.854599707261 0
3541 3033.270666732223 2963.574367064687 0
3542 3043.430798848576 3027.025296449686 0
3543 2405.221005220092 2548.372993717185 0
3544 5113.009846256547 3201.507428964227 0
3545 2493.818918120793 3040.510889588976 0
3546 3063.056714125786 2380.036711398187 0
3547 2896.382348467828 1770.243621853243 0
3548 3392.572835638831 2492.297479493553 0
3549 2888.949453550165 2581.007526872238 0
3550 1811.74210678931 4753.73807846289 0
3551 1103.381789267312 1489.044326967952 0
3552 1097.636133347754 1389.209505837131 0
3553 2346.355703812258 2468.97082734847 0
3554 2343.716402839945 2462.841110186851 0
3555 2350.162736538725 2464.013143430709 0
3556 2880.544426673594 2293.990999121377 0
3557 2396.224545878571 2597.45473544713 0
3558 1007.42105884349 1342.923653050389 0
3559 2348.05775184586 2458.03444119927 0
3560 2354.421693175682 2459.391876118531 0
3561 2135.18053258266 3125.273055402061 0
3562 1346.856592591826 2418.814524580801 0
3563 1261.214146767873 2469.328499698542 0
3564 1347.290025143207 2518.814763266956 0
3565 1261.761444053174 2569.327332580892 0
3566 1175.01557721562 2519.845200788445 0
3567 1348.04010459442 2618.812292497534 0
3568 1262.376358418616 2669.325540491755 0
3569 1348.666284782418 2718.810389912918 0
3570 1262.981994013202 2769.323719277546 0
3571 1349.526217055568 2818.807046514127 0
3572 1263.624932838374 2869.321660072733 0
3573 1350.175376788192 2918.804953969205 0
3574 1264.238963814233 2969.319776003447 0
3575 1176.81356981586 2819.839929478875 0
3576 1349.127325162929 3015.359768296482 0
3577 1264.565308255561 3068.744072268782 0
3578 2881.41682545125 2956.400676037852 0
3579 2545.102118740695 2533.121355955075 0
3580 2498.033250800102 2312.888098346023 0
3581 2505.612438931482 2336.601983758785 0
3582 2524.506671093422 2316.616909574584 0
3583 2532.512450261798 2340.569024359145 0
3584 2515.448284824257 2360.194078948669 0
3585 2541.200767903907 2364.371064341698 0
3586 2525.532039630524 2382.021175943788 0
3587 2315.23613037955 2514.215163111961 0
3588 2317.316918675966 2526.676370307679 0
3589 3039.930829228204 2507.298885486979 0
3590 3044.7491171632 2501.770253579423 0
3591 3036.874424591482 2513.748299791449 0
3592 3039.684398221316 2519.073507126373 0
3593 2326.403127169844 2538.775346494971 0
3594 4673.352157775978 4738.364241973921 0
3595 4584.162523269823 4694.193067599946 0
3596 2423.506530148572 2299.673846873062 0
3597 2414.768228136061 2275.990271280524 0
3598 2629.703935545438 2694.663930657646 0
3599 2634.917041792838 2717.504548008008 0
3600 4248.928164815466 249.579690578536 0
3601 3306.283454310064 1815.517547634266 0
3602 2678.608094881903 3277.644474934626 0
3603 2927.699205998526 2537.460418324536 0
3604 256.6989564371665 1839.335182957026 0
3605 261.8816931977831 1938.312972587428 0
3606 3003.560050340144 2375.641249951067 0
3607 2938.64361225439 4738.859696499729 0
3608 3111.507061910495 4729.01842164456 0
3609 5179.012536649687 1404.661692190504 0
3610 2634.066873179328 2566.191700883573 0
3611 2225.9373741166 2474.193211618854 0
3612 2234.920618356249 2490.950858134303 0
3613 2900.270455268975 2627.809262222393 0
3614 3295.795272624384 1720.708802240291 0
3615 2943.558540774507 2704.85594873097 0
3616 2398.587377604992 2295.265303236443 0
3617 2958.579812881649 2686.892004704789 0
3618 2967.535723756327 2710.986546726323 0
3619 2617.107597033412 2446.790993554278 0
3620 256.7726614529088 1743.357405578544 0
3621 2958.775725502675 2543.449810297816 0
3622 2488.422984521116 2485.388151763447 0
3623 2991.355935887424 2436.447785378237 0
3624 2992.524279282103 2443.440745970439 0
3625 4422.372055837117 249.9999999999486 0
3626 4508.974596215561 299.9999999999482 0
3627 4508.974596215567 399.9999999999659 0
3628 4595.577136594005 349.9999999999482 0
3629 4594.301172267961 252.2100350412961 0
3630 4681.967016251441 300.368339173504 0
3631 1996.460252251726 251.8024984908857 0
3632 2432.364856729828 2470.299196958789 0
3633 2438.732790736809 2472.707869254338 0
3634 2341.048208155291 2552.956769870153 0
3635 2443.169246409795 2460.704710154351 0
3636 2441.56878726036 2453.134123084763 0
3637 238.9118688412564 4542.621495340343 0
3638 2647.414998425516 2407.110984232994 0
3639 2481.98413472926 2409.910078652186 0
3640 2497.136725404154 2418.53200548472 0
3641 5184.104885041656 4509.118320780589 0
3642 2797.706488580622 2095.723876341483 0
3643 2860.405073862494 2076.486733079008 0
3644 2913.587850754667 3288.77818943593 0
3645 2683.066817657775 2448.330139426952 0
3646 5122.411100803826 3513.246083645177 0
3647 2724.269084045148 2436.922058055439 0
3648 1290.121629367586 1675.046620942645 0
3649 3031.113230805081 2322.492185153335 0
3650 2349.031372471379 2402.905947671059 0
3651 2358.636795796575 2396.543222400824 0
3652 2369.809752052032 2400.616343014052 0
3653 2361.032208652367 2563.30708844957 0
3654 2187.837069136068 2110.427764459615 0
3655 3036.731409782025 249.9999999999427 0
3656 2341.305762507925 2456.41134080284 0
3657 2748.927437963916 2607.88465834048 0
3658 2735.598777724377 2617.473438565984 0
3659 187.0588551777728 2192.99907315472 0
3660 2349.771875005375 1974.856845923181 0
3661 2952.991295689251 2541.172266251864 0
3662 2693.96640693079 2608.173495950719 0
3663 2681.58396673238 2602.154323178057 0
3664 2374.624235506062 2441.082999949887 0
3665 2368.942877676182 2446.236053754903 0
3666 2361.781047490195 2444.699809526588 0
3667 2918.807547813908 2633.587678797329 0
3668 2419.831236112392 4768.824853586345 0
3669 3302.67059622782 2352.268922464005 0
3670 3350.200795984846 2357.564250662586 0
3671 2939.881804411647 2522.823599917135 0
3672 3476.234753624092 2094.682391453206 0
3673 3503.268825655039 2189.328262881071 0
3674 1965.321836822261 2964.885233661774 0
3675 2732.256830444217 2308.464223401437 0
3676 2313.680901823861 2501.229125791564 0
3677 2773.811119563479 2501.949020469791 0
3678 2782.753080687482 2494.969141133519 0
3679 2708.009221118552 2302.097882737242 0
3680 2717.798179671322 2801.127289348299 0
3681 2375.112314754085 2448.257454810987 0
3682 2452.574143676187 2487.481098665637 0
3683 2757.472204427334 2520.208987047296 0
3684 2764.987550321971 2516.997368786923 0
3685 2615.617364084228 2736.60717190221 0
3686 2643.474854916287 2746.291700505868 0
3687 2649.551825234824 2464.82500134855 0
3688 2268.51602080513 2352.139519789169 0
3689 2243.79485786253 2349.412547086883 0
3690 2697.193708149772 2549.84695820534 0
3691 2693.648385339025 2554.902334733243 0
3692 2891.848625771408 2541.264301576351 0
3693 2101.807054551314 2316.887554263898 0
3694 3546.679325217207 4754.093127767487 0
3695 3630.264279653421 4699.169651546104 0
3696 2742.033550889098 2559.935330299133 0
3697 2742.921118914592 2550.148827904525 0
3698 2733.072572477013 2556.167731967432 0
3699 2733.721132236198 2547.486145054729 0
3700 2739.955379163913 2542.006357962221 0
3701 2732.498562696396 2539.829747687641 0
3702 2726.554715495594 2545.18948940467 0
3703 2725.12163178124 2537.837061155596 0
3704 2719.446464016784 2542.417035385233 0
3705 3029.442327841717 2594.761637162714 0
3706 346.4401424397433 1593.729926170889 0
3707 2998.149546983842 2595.67403480242 0
3708 2389.199281548734 2576.57158306828 0
3709 3208.504818730088 252.4797283125913 0
3710 3291.890797761844 185.7578689772058 0
3711 3518.578006080639 2329.221040721472 0
3712 3596.020378024577 2289.275242111119 0
3713 3668.039596496252 2328.497131722832 0
3714 2829.08574992478 2533.386750794996 0
3715 2697.581389945023 2448.925116783525 0
3716 2702.736661327866 2452.278934536148 0
3717 2348.280219323456 2474.058679684119 0
3718 2660.823161010357 2278.044045671918 0
3719 2438.231335830662 2487.68752698508 0
3720 3040.249349250915 2469.509371313147 0
3721 3035.074183467946 2474.688738524507 0
3722 3050.181443808036 2478.527697980028 0
3723 3044.212860294605 2483.799371247136 0
3724 178.1659356492592 1400.9269264584 0
3725 3077.245004611868 2475.259795433145 0
3726 2669.109978176542 2410.443166294753 0
3727 2433.959180907216 2522.957741518844 0
3728 2438.409150435349 2517.756858059679 0
3729 235.0456871418646 4443.904163068873 0
3730 316.5117777789887 4389.075085639497 0
3731 2750.353325768983 2488.77630794681 0
3732 2742.998323216611 2488.556916796847 0
3733 4885.880595132083 872.6965029645542 0
3734 4796.914189653447 930.1018592289411 0
3735 2948.041445597627 2345.750081582839 0
3736 3306.357797699989 2857.414985385533 0
3737 3393.282880107927 1950.462804983276 0
3738 2252.721824537894 2489.764860653291 0
3739 2245.323331815594 2506.755368171753 0
3740 2226.273848735877 2508.272781387163 0
3741 2238.671669830289 2523.634456308489 0
3742 2255.765156061871 2520.613913651518 0
3743 2250.17084114414 2536.871187593276 0
3744 2233.33627077412 2542.1741510743 0
3745 2248.877961440265 2557.124927568848 0
3746 2339.614981332013 2537.665407315541 0
3747 2346.888146265387 2534.291721840902 0
3748 2957.18647127348 2456.400473287725 0
3749 2952.668781451878 2462.815089582309 0
3750 3068.027187023042 2443.714445317612 0
3751 3079.214461362148 2445.326731860199 0
3752 3082.356149287131 2456.706762820852 0
3753 3090.078635386843 2448.261901564589 0
3754 3088.192514176901 2433.631981874004 0
3755 2042.353577140336 2619.829218808179 0
3756 2572.823294694638 2299.849551907714 0
3757 2592.920116428627 2282.798748732851 0
3758 2697.304339784478 2454.629857389855 0
3759 3042.421500296764 2627.496044293192 0
3760 2124.734363733785 2770.495235339031 0
3761 2474.718432843394 2538.39496548036 0
3762 1849.365960903763 3900.16597130373 0
3763 4140.677125674613 3017.054103947979 0
3764 2863.526329025112 1249.999999999937 0
3765 3556.34665205267 1049.999999999956 0
3766 4991.177716345295 1215.203560829316 0
3767 5074.764209112109 1160.310043662498 0
3768 2502.491736412499 4712.521314005899 0
3769 438.678295857143 849.9999999998813 0
3770 525.2595634323397 899.9999999998772 0
3771 2664.869146733974 4504.263943526134 0
3772 2343.911086754472 449.9999999999186 0
3773 3578.553859336365 3800.650343232639 0
3774 352.0689090096766 1199.999999999874 0
3775 264.7683773728745 1149.485024651606 0
3776 656.1736755566767 4269.333289471432 0
3777 3362.267151261505 4564.338800596074 0
3778 3356.521587715481 4464.503994543583 0
3779 4227.407413471675 1509.575645865275 0
3780 2581.275554764125 4559.170857049293 0
3781 4688.163167374859 3486.377876232519 0
3782 4203.879679310906 4115.241536486952 0
3783 4452.039423246248 2398.137318013324 0
3784 4535.626183905175 2343.243092482162 0
3785 3434.362720619791 4309.77598147493 0
3786 393.9170739374745 4234.342105990715 0
3787 3296.539030917339 999.9999999999466 0
3788 3296.539030917336 1099.999999999947 0
3789 2170.706005997527 949.9999999999334 0
3790 4760.258736733147 3231.815057111375 0
3791 2690.321248268233 949.9999999999309 0
3792 5201.814521395053 499.9198746274835 0
3793 3924.391772229767 3780.747127272982 0
3794 2950.128869403573 499.9999999999391 0
3795 3556.346652052683 349.9999999999495 0
3796 3556.346652052684 249.9999999999482 0
3797 1737.69330410534 1299.999999999903 0
3798 2776.923788646693 299.9999999999268 0
3799 1737.68882811039 699.99238318776 0
3800 2863.526329025131 449.9999999999345 0
3801 4247.247430939072 3361.504687103354 0
3802 4241.502031827 3261.669157741002 0
3803 3869.532893509554 4334.814364551596 0
3804 1824.295844483817 349.9999999999027 0
3805 1824.295844483816 249.9999999999027 0
3806 4382.544199303633 4205.124734559614 0
3807 4376.798635757606 4105.289928507123 0
3808 4933.177693755333 3221.863447824662 0
3809 356.6490500606906 2082.929360340454 0
3810 4961.8999307758 3721.037800534656 0
3811 5051.236840883974 3765.979131953774 0
3812 1889.583239702969 4599.010065375645 0
3813 1883.837676154628 4499.175259327758 0
3814 4930.574959522999 1669.436216926982 0
3815 5019.907386275945 1714.37748449288 0
3816 5106.082828791275 1659.334961802713 0
3817 5109.671304653641 1759.293917804889 0
3818 1699.427592614309 4309.45725520571 0
3819 2565.850326093902 2491.256167313121 0
3820 2579.952450419798 2498.504782211902 0
3821 2713.960953222 3850.404920252082 0
3822 2708.215161483527 3750.570064588804 0
3823 173.2485014888161 1894.402267584878 0
3824 2380.281485717292 2552.001470218057 0
3825 3876.797366998148 1431.128056135333 0
3826 3793.942256859821 1487.135251418272 0
3827 3798.267266528797 1584.806391220077 0
3828 3710.157241415348 1541.726477618555 0
3829 3714.69505079295 1639.721648056827 0
3830 3628.386568385495 1597.500176851808 0
3831 2890.244212710374 2511.918390817365 0
3832 2898.676593362876 2520.493836498531 0
3833 2886.241440259811 2522.623938997265 0
3834 2299.186290554211 2397.736973796862 0
3835 2140.778870885661 2078.468574165558 0
3836 2143.408267491639 2014.246842018158 0
3837 2080.380177364747 2046.842844149616 0
3838 2938.440111443007 2508.406855975586 0
3839 1433.948207025041 2368.294125975633 0
3840 2399.25278168461 2546.514595278056 0
3841 2896.06471389673 2273.213143269591 0
3842 2654.087819308432 2539.487517367432 0
3843 2646.014335700001 2539.452754439277 0
3844 2660.368976783869 2541.146095993371 0
3845 2662.75122671912 2546.484270137799 0
3846 2651.114728555607 2533.5268160314 0
3847 2644.970315460096 2532.224567632868 0
3848 2677.440709570139 2450.397107248054 0
3849 2432.950706199918 2476.613531467927 0
3850 2363.784029325919 2450.630672955297 0
3851 2963.01692081039 2451.89192910022 0
3852 2161.960131979834 2884.078843992685 0
3853 2197.181467479358 2839.477361204446 0
3854 2217.287008392315 2892.253751957678 0
3855 2955.939987087485 2441.731994137866 0
3856 2799.864085920468 2283.463066329389 0
3857 2448.346221562904 2455.794324736323 0
3858 3727.831500480934 252.9795297939722 0
3859 3047.731133166074 2526.951775349725 0
3860 2485.78939326655 2543.161160256578 0
3861 2475.542373784101 2549.76636767192 0
3862 2487.60968199164 2554.329252256655 0
3863 3663.667020144432 2244.386544650858 0
3864 3740.131803030795 2280.869854164685 0
3865 2334.98315539271 2497.070499024478 0
3866 2337.03876243172 2492.096373317778 0
3867 2654.405338445545 2700.770072703547 0
3868 2345.965192413623 2478.618082138641 0
3869 2340.971841256022 2479.212488818257 0
3870 2253.389864751112 2845.626301723142 0
3871 2270.877566430639 2902.14712817126 0
3872 2459.930176683577 2559.578592173757 0
3873 2987.100141898528 2448.096639996571 0
3874 2993.711607781087 2450.004983135725 0
3875 2998.714989118759 2445.762386937879 0
3876 2898.216088746269 2491.40744353638 0
3877 2887.29903502877 2492.825942097403 0
3878 2891.2766985896 2482.12071177059 0
3879 2879.197644870627 2483.872096403881 0
3880 2341.315494633271 2317.009444205977 0
3881 2751.695323042627 2625.902038917507 0
3882 2737.609349296818 2634.364641380874 0
3883 4938.711702332626 4769.079458522572 0
3884 2914.0889218026 2615.715469158722 0
3885 2898.522321348242 2609.281495123148 0
3886 2373.121607493624 2587.200537770585 0
3887 3431.722524054183 2535.265275036686 0
3888 2925.391220830171 1689.890813833209 0
3889 2835.364277325739 1702.802174723907 0
3890 3007.623533038643 2560.367671557675 0
3891 3004.392694488479 2553.125881623314 0
3892 2721.767785668067 2418.678840818461 0
3893 2189.36727531487 2463.476640905646 0
3894 3363.851661018562 2623.988468406878 0
3895 1179.902262511507 3019.729107632945 0
3896 2941.13883739547 2557.294501003526 0
3897 2942.612790845073 2564.617372094263 0
3898 2685.800082100403 2425.984619766576 0
3899 2692.539226448518 2422.7255296516 0
3900 2294.867151730414 2358.900167156229 0
3901 2342.549246791055 2517.760199338629 0
3902 2435.691337245818 2536.578192898342 0
3903 2429.126039710948 2533.384682895673 0
3904 2547.634717499893 2384.909643830149 0
3905 1358.064301876451 3102.727840969595 0
3906 1275.498690721702 3159.469939894129 0
3907 1601.796256137175 2075.983245982984 0
3908 2951.529023951892 202.4251388160569 0
3909 2999.641450235324 2452.057893847264 0
3910 3004.561046504463 2448.084849675049 0
3911 3005.599927762385 2453.781547098666 0
3912 2914.622190109617 2519.540406895461 0
3913 3097.734658028916 2575.947329377548 0
3914 3084.553045451895 2564.807287612623 0
3915 761.4257313257931 1508.724120998475 0
3916 4329.593539351867 4755.398927113327 0
3917 4411.590053495163 4703.666590701258 0
3918 2606.888497759742 3329.371372470305 0
3919 3047.40598576774 2407.650103571815 0
3920 1923.562392272509 2251.288485103588 0
3921 2692.156125615743 2445.208811302654 0
3922 2964.67785960768 2546.386471939237 0
3923 2935.826628303132 2517.638510991366 0
3924 3121.955074719554 2539.307659863658 0
3925 2636.187525447155 2274.381107531095 0
3926 2807.48109462387 2332.162669753394 0
3927 2310.054573990743 2467.387160973148 0
3928 3070.591514351909 2527.980591558599 0
3929 5187.202192600789 3058.613226844312 0
3930 2062.213944176018 2309.547878189805 0
3931 2073.026352735688 2347.538384644873 0
3932 2884.005776445948 2619.899677058743 0
3933 3016.340022295322 2457.874188511555 0
3934 3010.993960773781 2449.710155626253 0
3935 3010.19449415182 2443.335038121671 0
3936 3019.031384599345 2463.578269669529 0
3937 2767.515585858864 2407.097008290842 0
3938 3547.015313809156 2789.670646146439 0
3939 2930.712596539434 2423.28901035067 0
3940 3033.086579193265 2518.7878741197 0
3941 3036.322430552196 2524.367735895829 0
3942 3031.115182175712 2513.269166553782 0
3943 3033.295862277141 2509.341384832726 0
3944 3030.070221926195 2524.168528680005 0
3945 2360.216786026515 2541.831976210825 0
3946 759.0208819426434 1414.844517709506 0
3947 3032.738384494658 2541.892030058528 0
3948 3030.981316840136 2535.124917200996 0
3949 3025.961683622065 2539.138222137355 0
3950 2629.713142223267 2516.651575117603 0
3951 2636.513166981777 2517.711072833531 0
3952 2633.596841454386 2510.942655143699 0
3953 230.8966737622936 4344.306088933405 0
3954 4418.818866048207 4798.829635784859 0
3955 2200.302239869355 2581.667602613358 0
3956 2732.078769698534 2522.470718721727 0
3957 2731.954007840252 2516.504095645758 0
3958 2730.357180355953 2532.823130635275 0
3959 1871.904150255017 2513.273912282199 0
3960 3327.01951490706 3040.926303751382 0
3961 3234.997206669456 3031.47045687551 0
3962 3406.884286135245 3010.659632503814 0
3963 3421.595250415629 2944.93174056406 0
3964 2872.504987241145 2712.669547280013 0
3965 2908.794774306363 2525.946145015586 0
3966 2543.273217522385 2154.201648109244 0
3967 2276.553125957448 2530.445377537023 0
3968 2810.251215086401 2421.72517092997 0
3969 2780.413490997247 2413.042676017858 0
3970 2365.589986950486 2544.628712915835 0
3971 2371.124681124486 2547.275878422919 0
3972 1509.519033635018 1826.328441067571 0
3973 2966.871608371715 2432.224014994142 0
3974 2800.278175588019 1861.020250966113 0
3975 2997.04189300888 2551.242641102008 0
3976 1881.438268300745 2624.228279765321 0
3977 2389.476277892792 2271.481115826077 0
3978 2405.795412276294 2254.352815052882 0
3979 2374.164037769509 2290.983836874163 0
3980 3062.362266823145 2295.261673166921 0
3981 4863.108049425334 4831.551633541996 0
3982 2962.36132090306 2565.510290232231 0
3983 2199.863539604334 2532.817851567266 0
3984 2416.293897070317 2458.375119044586 0
3985 5143.035601599124 905.9670009810022 0
3986 5136.652462228407 806.168890240077 0
3987 5052.887615279671 763.8315256184264 0
3988 5134.410425485599 710.2102216422131 0
3989 3018.287659874654 2751.295309898998 0
3990 3094.689652538459 2762.518437219877 0
3991 3038.350846095113 2500.556926598256 0
3992 3041.896647154465 2495.352070034281 0
3993 3036.08655685098 2495.043721746694 0
3994 4211.736028559346 1212.456478731885 0
3995 2692.028447869844 2595.036462030385 0
3996 3051.992735934128 2641.20139226822 0
3997 1419.350511374639 2963.291922604675 0
3998 2784.492914978319 2505.990563771302 0
3999 2793.3492787644 2498.218734051717 0
4000 2790.859719092407 2486.788878183834 0
4001 2795.724271945129 2509.338345624489 0
4002 3028.976834866863 2473.507167002727 0
4003 3024.94669698752 2464.297432551924 0
4004 2315.567687474329 2318.540012968737 0
4005 1361.794898736747 1826.367565469479 0
4006 2929.540978660232 2619.547603423787 0
4007 2950.567372652819 2284.851985265632 0
4008 2961.869059865041 2260.006922097692 0
4009 2822.325240767193 2375.420835684153 0
4010 2309.556739556886 2447.170700597338 0
4011 4252.182035220108 4819.142050037229 0
4012 5150.879350681979 1012.342542296976 0
4013 2271.690295611261 2543.815827118895 0
4014 3117.295839100472 2444.886069850495 0
4015 3030.153349838765 2478.944662018063 0
4016 2940.110639315199 2503.184931112549 0
4017 2936.646127144979 2497.633440014085 0
4018 2943.393494290032 2506.889697400672 0
4019 2283.909782415729 2332.068807291767 0
4020 157.9586245484361 4495.053295511279 0
4021 3069.942312381528 2643.643556236422 0
4022 2989.524887743811 2453.478272704321 0
4023 2996.903977585018 2296.33531658511 0
4024 2561.637942546294 2660.939002057005 0
4025 3960.572876621009 1376.522355397231 0
4026 2316.8729494032 2541.535110454337 0
4027 2229.176430357512 2562.327608034901 0
4028 2242.668053316531 2577.834498654478 0
4029 2262.614440854165 2573.170924087532 0
4030 2256.922297513428 2593.245471192603 0
4031 2277.613858104006 2587.998878208347 0
4032 2271.52777372233 2608.440539439443 0
4033 2291.062681779134 2604.325609399575 0
4034 2285.932996600509 2623.843698671811 0
4035 2263.574432180245 2630.027690447239 0
4036 2308.274935983982 2617.045526784068 0
4037 2300.965135487306 2638.652568328191 0
4038 2320.782046813514 2633.35862427579 0
4039 2315.768374605876 2654.01895759538 0
4040 2339.156285557409 2645.620108570769 0
4041 2332.75801856142 2670.760031353505 0
4042 2355.405799789249 2664.88691914026 0
4043 2350.204213647532 2689.136214455913 0
4044 2372.380370037306 2680.878692692766 0
4045 2365.508307637156 2707.09985468357 0
4046 2498.465802403086 2401.309083071456 0
4047 2513.249060304775 2411.771016564306 0
4048 2299.725862429749 3191.768703837072 0
4049 2723.410551607785 2365.502647994478 0
4050 2665.910474035602 2541.876169104091 0
4051 2668.304212553245 2546.67114162481 0
4052 2429.117560388448 2527.316090906522 0
4053 2424.092146634626 2530.805894737349 0
4054 2423.826308329982 2536.696894075934 0
4055 2428.175078446252 2521.328399984856 0
4056 2440.487139644823 2478.46521630299 0
4057 3030.033320597168 2379.88744239146 0
4058 2727.834277537018 2756.993302482638 0
4059 2559.535480481083 2776.642394910516 0
4060 2445.532295512354 2430.207446421799 0
4061 3198.277433127856 4770.058994828145 0
4062 3283.999036894028 4718.416642689268 0
4063 2923.933377120099 2430.858646719383 0
4064 1089.166387129755 2175.181842194122 0
4065 1082.578842193265 2268.892715774039 0
4066 1081.348841438041 1286.867936245772 0
4067 1172.061737769607 1333.488380300014 0
4068 2356.659053451347 2449.556290295982 0
4069 1197.630602999961 1833.464844336351 0
4070 1113.658938356798 1890.922046101532 0
4071 2603.512710693399 2659.308898160528 0
4072 2475.586581752872 2482.958508642335 0
4073 2792.33240517364 2659.002041169548 0
4074 2711.852038989252 2553.381933877774 0
4075 2366.045809556026 2386.971185065562 0
4076 2564.214113335951 2368.691581829977 0
4077 2722.760540763793 2607.813887407282 0
4078 3142.596945399217 2479.446906970957 0
4079 2692.181683071984 2773.790709433266 0
4080 2418.476094691299 2464.41558507389 0
4081 2793.103546680096 2463.035177670257 0
4082 3091.139239836098 2986.302948023178 0
4083 3109.21382887656 3055.280066036229 0
4084 3081.161815252929 2930.923483442809 0
4085 2803.27486034083 2490.479184123929 0
4086 1467.998410886646 4769.478533401218 0
4087 1376.92097022618 4728.005901561635 0
4088 3746.941800735703 2200.301657697849 0
4089 3825.112230709948 2233.980225878212 0
4090 3528.626180166056 2873.579011462133 0
4091 3068.565799436257 2568.272391548014 0
4092 2460.478669364872 2258.244832836266 0
4093 2432.581249221733 2584.884451906417 0
4094 1603.348598513362 1865.51939111687 0
4095 2971.635258164934 2586.309461170726 0
4096 2885.257486106902 3012.370875128671 0
4097 4128.661663919347 1268.129814649202 0
4098 3458.206638848422 2385.111136295925 0
4099 2691.385349225372 2549.522426994861 0
4100 2687.611198613942 2553.771348203101 0
4101 2685.324787130644 2548.584484082604 0
4102 2681.429918550825 2552.813954960485 0
4103 2679.687053733868 2547.219469688968 0
4104 2675.701678777848 2551.979265450693 0
4105 2649.187716158476 2469.480932467744 0
4106 2643.150980961931 2473.700363121258 0
4107 3023.978070601756 2550.184060255061 0
4108 3017.160932414033 2548.625649131973 0
4109 2624.69935705842 2505.303655863353 0
4110 2628.80615084573 2499.141934152529 0
4111 3002.099521578013 2546.886318474316 0
4112 1081.558504574707 2076.817026880388 0
4113 2680.069074750411 2588.501440512347 0
4114 2671.843384346339 2595.583852667577 0
4115 3604.964967123455 2861.35692533311 0
4116 5148.683724312843 4208.625027579785 0
4117 5154.81804215079 4106.481113639477 0
4118 2325.525605518363 2451.572085194362 0
4119 2434.970664410655 2492.342162400783 0
4120 3036.065259655546 2481.853276749421 0
4121 2695.3494313413 2545.089436904681 0
4122 5212.129329922271 3570.825616983971 0
4123 2668.837742333599 2606.359957752667 0
4124 2656.251613428795 2590.111658593585 0
4125 2653.139373806589 2468.22197261024 0
4126 2654.847325756025 2463.21945025074 0
4127 2651.514546948617 2459.453889069419 0
4128 3000.338554825583 2608.014829318817 0
4129 2682.183311430811 2453.986113895755 0
4130 2686.858553147929 2451.875353464954 0
4131 2663.381328055128 2537.059206690956 0
4132 2309.405992234919 2599.258561706407 0
4133 2823.673810847375 2403.454546596862 0
4134 2334.371446221834 2549.541485840464 0
4135 2808.752673647809 2039.728666049795 0
4136 2855.343741865831 2012.719495653781 0
4137 2898.345164618432 2040.679103520178 0
4138 2797.498111872786 1981.205882346881 0
4139 2709.943517650208 2546.393557795076 0
4140 1987.195597865593 3070.074825394086 0
4141 2356.104033038049 2465.044908000809 0
4142 2360.569278283108 2460.519150061542 0
4143 2919.673204038649 2421.172659847682 0
4144 3423.434776090774 2617.865867495746 0
4145 3455.487531561338 2657.834119649661 0
4146 3478.188652354119 2606.73771869145 0
4147 2228.543934561214 2137.52124336382 0
4148 2249.508814262183 4773.615223233824 0
4149 2923.171800109134 2349.955844333553 0
4150 2491.983353385711 2016.469980538158 0
4151 2540.39474296755 2058.950832771234 0
4152 2444.279306503044 1974.674700926607 0
4153 3133.1532889764 2160.050801987044 0
4154 2303.924644744093 2862.392716361637 0
4155 2231.054351803997 2372.355122020591 0
4156 2745.340641628058 2528.85848803711 0
4157 2195.401801942045 2436.344699884914 0
4158 2746.826505662405 2543.171844040894 0
4159 2352.861832970411 2436.287144524318 0
4160 1731.373927606365 4805.454466294473 0
4161 1818.835220787268 4845.637194302088 0
4162 1898.543173669096 4791.143675411578 0
4163 2995.000761044726 2424.702947869393 0
4164 1444.310624769594 2768.735940964209 0
4165 3099.33206781562 2417.683386130275 0
4166 2361.142782729638 2643.021700675093 0
4167 5172.456204034946 1304.810676189431 0
4168 2640.658627985594 2523.565041424407 0
4169 2644.035792919779 2518.104131224234 0
4170 2964.157424067691 2540.553956715199 0
4171 2960.299322595542 2538.243931542708 0
4172 2953.487875462337 2535.855066475794 0
4173 2345.802454126968 2522.337377239834 0
4174 2707.857006788902 2358.653074000142 0
4175 4585.06184939683 4810.453566416292 0
4176 2432.560068407036 2517.591226970907 0
4177 2887.839424449152 2744.131553764853 0
4178 2727.037486739224 2563.600827726109 0
4179 2863.491461233692 2594.221772671925 0
4180 3031.714518864515 2870.890885892717 0
4181 2701.315920096134 2457.351755760622 0
4182 2706.364179917357 2455.916837715695 0
4183 2827.700637440561 2425.250149839061 0
4184 2850.914961977505 2389.90696200315 0
4185 3512.639780035475 2647.781068579418 0
4186 3025.10897477507 2478.043673268814 0
4187 3172.211839580374 2568.66425183384 0
4188 1279.966206980872 1580.762579399494 0
4189 2597.234994667445 183.6017590473652 0
4190 2688.252413929602 159.118166858625 0
4191 2727.422416757669 2519.559106574194 0
4192 3022.456849328617 1665.868962591054 0
4193 3007.904529361363 2547.786394772782 0
4194 3005.206796081335 2542.543577842278 0
4195 3010.828403780591 2543.235672832542 0
4196 2478.600839560075 2492.59190537252 0
4197 2489.860994572535 2497.190475744301 0
4198 2467.833746301495 2490.324726684325 0
4199 2747.311688036819 2466.602985120622 0
4200 2741.87509425505 2472.491912893076 0
4201 2739.385678476717 2465.4979891674 0
4202 2734.604667900454 2471.254659780849 0
4203 2732.154703456703 2463.896656612704 0
4204 2737.100786425464 2458.243979229413 0
4205 2729.639643133204 2456.847170281345 0
4206 2724.622996757056 2463.045690542735 0
4207 2737.150588918463 2478.318746681324 0
4208 2722.427457922277 2456.306393839754 0
4209 2727.071925829399 2449.941886321281 0
4210 2718.389314151666 2461.956660728767 0
4211 2715.355852613686 2455.469998110602 0
4212 2737.055770589238 2512.976526814546 0
4213 2806.239749505639 2621.504311935863 0
4214 2648.609604384938 2529.125418885029 0
4215 2652.72054150705 2528.134813360168 0
4216 3359.806727001115 2454.636826639737 0
4217 2673.25476284347 2421.946034926138 0
4218 2347.787182358789 2516.64942897089 0
4219 1567.239739069107 4824.142196579239 0
4220 2216.537329567569 2651.817249682521 0
4221 2250.338729730821 2668.233851911888 0
4222 3304.757351602702 2783.576248278562 0
4223 2996.20739103719 2683.617335289459 0
4224 2443.847948185764 2687.354045319312 0
4225 2445.694129413809 2710.008408602786 0
4226 2421.514941440824 2673.691585022741 0
4227 2465.153642321609 2726.207722534301 0
4228 2419.648793785079 2702.565691272644 0
4229 2711.036517527297 2427.630363402134 0
4230 217.8707329583085 4144.527577511353 0
4231 213.8778912036005 4044.697984338551 0
4232 3096.637918792931 2817.206523598572 0
4233 2448.257777264725 2481.227254262999 0
4234 2780.360904406497 2259.671276438281 0
4235 3272.146498157149 2412.218844182941 0
4236 3247.303246094409 2385.100765563757 0
4237 3210.718010995981 2385.731240872572 0
4238 3002.49733152012 2358.453565281297 0
4239 2671.80309260199 2447.01546229628 0
4240 2672.450139492275 2452.904565968668 0
4241 2423.687326721758 2466.583960815435 0
4242 2419.120996292421 2469.632429262849 0
4243 2929.978480202605 2653.367167530052 0
4244 2953.208900123078 2659.816459210125 0
4245 2437.08327863142 2497.337928986179 0
4246 2433.009428112323 2504.287006250259 0
4247 2683.299559237301 2543.283612084497 0
4248 2723.319187366331 2532.128590491177 0
4249 2719.140053912213 2535.505584627013 0
4250 2629.046178664404 2444.242647009078 0
4251 2630.749782134546 2433.807762238532 0
4252 2721.552298083505 2550.002333712533 0
4253 2730.73688183553 2054.82143341569 0
4254 2700.435157832435 2545.375074133675 0
4255 2429.552239275989 3012.343973992155 0
4256 2482.835245603382 2976.706615024404 0
4257 2425.611306886201 2947.62939077036 0
4258 2551.804971235314 2991.375488806504 0
4259 2577.602541215387 3062.495695361228 0
4260 2630.899012806265 2403.636961231186 0
4261 2636.423792378576 2417.092041765152 0
4262 2648.443846554572 2420.930679112206 0
4263 2352.262013027311 2537.097460482164 0
4264 2352.045584672825 2531.072201507358 0
4265 2385.505815037121 2554.285160245327 0
4266 2385.059168861997 2548.260698214343 0
4267 2943.526329871574 2527.611001551182 0
4268 2945.101503063202 2522.15065147523 0
4269 2941.393896438524 2517.532445154043 0
4270 2582.619722046113 2512.133010353879 0
4271 2591.483746973059 2502.498559265502 0
4272 2590.286783557604 2490.823483129907 0
4273 2579.799516801598 2487.01253644642 0
4274 2590.252733792476 2477.891948277227 0
4275 2587.176528467592 2525.679401617751 0
4276 2580.449339982097 2537.712043498866 0
4277 2593.903153074094 2538.563524327676 0
4278 2586.184856165866 2551.218493452002 0
4279 2600.562016653488 2551.001116562977 0
4280 2593.121188685988 2564.014019551407 0
4281 3015.397916628842 2431.205992637781 0
4282 2393.599182697406 2551.414486621696 0
4283 2336.9590964676 2510.345870618423 0
4284 2333.197860444029 2506.126593602822 0
4285 2339.558980425219 2505.138292023447 0
4286 2415.370834471875 2451.030594315995 0
4287 2411.181056169336 2455.23244053997 0
4288 2444.564997309896 2591.784286560158 0
4289 2443.201347975232 2579.523804632564 0
4290 2980.117317209423 2551.751221746972 0
4291 2977.901169838222 2546.360593545801 0
4292 2973.637963852694 2544.051761317284 0
4293 1971.765964183931 2342.198742823317 0
4294 1914.000912946552 2360.545928799412 0
4295 3024.548646804726 2532.496898189397 0
4296 3019.886328313853 2537.076393101441 0
4297 2374.462883544055 2539.77264952997 0
4298 2648.032090343936 2513.458170206872 0
4299 2643.267208666735 2512.156915053338 0
4300 2641.901966530509 2507.114520817751 0
4301 2722.236728211763 2476.507654971861 0
4302 2727.329851490535 2476.906253779725 0
4303 2725.242370476823 2472.402974988976 0
4304 2729.41714768578 2481.266157320458 0
4305 2405.929182301518 2462.629315149832 0
4306 2424.773905826583 2481.350723805606 0
4307 2427.03020647119 2477.079319215826 0
4308 3006.076576068387 2462.917320309879 0
4309 3010.454340303374 2460.241916340329 0
4310 2373.770489446044 2460.563241383888 0
4311 2370.018228142505 2457.801908016367 0
4312 2673.415807103262 2460.840385653764 0
4313 3028.637903410597 2497.371188595795 0
4314 2384.7616461223 2458.538882851643 0
4315 2387.383787679656 2454.100522012232 0
4316 2392.145119766195 2454.044537851888 0
4317 2381.864988306903 2454.627527704876 0
4318 2384.225274447125 2449.850639590488 0
4319 2389.699979789584 2449.307090164105 0
4320 3021.965677338778 2523.859694464174 0
4321 2727.396385094899 2486.120472726708 0
4322 2731.844380248915 2488.117959123445 0
4323 2733.282109736024 2492.937410951842 0
4324 2650.510381937273 2481.580738961632 0
4325 2952.54354301393 2477.089561108944 0
4326 2947.367225377051 2477.315852121796 0
4327 2945.165996397192 2482.030751682223 0
4328 2949.99561889748 2472.590676656555 0
4329 2942.079786907226 2477.389442558029 0
4330 2940.123314469782 2482.2620961425 0
4331 2942.973908812151 2486.453077530101 0
4332 2937.818750769365 2486.734029742665 0
4333 2940.824167646084 2490.823236252738 0
4334 2936.146720553394 2491.505012997191 0
4335 2931.970686877124 2487.081838935537 0
4336 3001.566302705168 2461.022657903996 0
4337 2979.151833389819 2459.072977370663 0
4338 2980.997433182468 2454.314893605532 0
4339 2975.36676700801 2455.709815425732 0
4340 2970.777671081333 2457.428056455969 0
4341 2646.014779326109 2497.143444946119 0
4342 2641.984074519987 2494.007714730555 0
4343 2642.678706916998 2488.973293857004 0
4344 2637.950536691271 2491.052691518978 0
4345 2638.472015456827 2486.07849682442 0
4346 2641.349190014053 2498.919771361356 0
4347 2642.996607067291 2484.029176650351 0
4348 2639.050761581411 2480.88401522318 0
4349 2633.645794577702 2482.763320332375 0
4350 3028.652653322442 2491.956401171929 0
4351 2395.518288083385 2540.465229730596 0
4352 2956.045501761265 2527.003562271229 0
4353 2951.326808216751 2528.461475556147 0
4354 2428.864842524137 2507.955163473659 0
4355 2364.593515551691 2534.842010113468 0
4356 2710.026301570226 2465.053730956659 0
4357 2715.098277233571 2467.406847720937 0
4358 2960.135757124975 2468.493215180168 0
4359 2705.427670024226 2537.961663187027 0
4360 2710.454340303374 2539.758083659671 0
4361 2400.893664898013 2539.456464452266 0
4362 2728.944462449838 2502.711497915259 0
4363 2732.613857874461 2505.643160960843 0
4364 2385.045973787822 2542.443248364116 0
4365 2410.553874291231 2534.50142741874 0
4366 2410.454340303374 2539.758083659671 0
4367 2406.171219086738 2542.39418962263 0
4368 2414.983389516878 2536.645428342048 0
4369 2415.705737365551 2541.585074280768 0
4370 2410.921446294143 2544.929110990169 0
4371 2664.453656785002 2465.216507829992 0
4372 2664.411680068084 2460.058690822958 0
4373 2990.359643355539 2541.744871213188 0
4374 2987.649189765653 2546.018135207644 0
4375 2345.147642674692 2503.667317943091 0
4376 2346.632866611924 2491.637167379614 0
4377 2343.083820609022 2487.614128675661 0
4378 3015.157386588886 2531.200032422445 0
4379 3003.877871868427 2322.350295440969 0
4380 2570.826484727562 2550.769766041885 0
4381 3001.020415605627 2539.196935274001 0
4382 191.9696863895815 2293.126840598607 0
4383 2395.432671131459 2458.489295493849 0
4384 2399.629405103905 2455.539330883278 0
4385 2729.871234769517 2496.986645670958 0
4386 2645.200561589383 2502.779716784454 0
4387 3032.58039288888 2609.751837906176 0
4388 2597.409577506729 1699.999999999944 0
4389 2780.225060630693 2428.312502963565 0
4390 5223.797051372988 756.0278117995658 0
4391 3310.662102999582 1912.652636838191 0
4392 3310.168532383235 2002.296824468314 0
4393 2403.913184619415 2457.203777841728 0
4394 2650.031918686162 2519.373519398372 0
4395 3015.329004857437 2467.983812543649 0
4396 2551.984967600166 2320.865495624858 0
4397 2667.247629255798 2451.134244348969 0
4398 3032.161835613564 2487.227271936085 0
4399 2429.176353716753 2492.170199556749 0
4400 3473.381049269829 2457.532999460743 0
4401 2364.107801988901 2464.873020955193 0
4402 2928.965898081486 2498.040375857695 0
4403 2637.679927205597 2470.634645113547 0
4404 2656.522362102097 2573.653004714975 0
4405 2645.576004681221 2576.66280025713 0
4406 2672.231619223839 2580.352628022027 0
4407 2607.669276930138 2479.684689046295 0
4408 2606.635408798032 2470.785944825224 0
4409 2325.995911119417 2617.517635793291 0
4410 2338.055760956077 2626.254126383916 0
4411 1914.281716369027 2801.694377719931 0
4412 1924.323861223422 2882.964386436052 0
4413 3687.498659168204 2684.732903760795 0
4414 3056.121694728787 2497.687292121263 0
4415 4680.687299704514 185.66159098658 0
4416 4768.782217350892 249.9999999999436 0
4417 2049.487476003233 2427.607427124473 0
4418 2117.779530324735 2616.502994366049 0
4419 2464.894230721392 2507.850913593422 0
4420 2322.99648836109 2294.543095959122 0
4421 2429.469671130475 2541.281373764064 0
4422 2850.724716342542 4793.444824905072 0
4423 2474.283190589068 2562.6464909946 0
4424 2318.515100338619 2357.334912027324 0
4425 2310.560860563672 2374.075596036435 0
4426 3313.131381348328 2397.110754284445 0
4427 3228.000143880952 2511.903420653421 0
4428 2706.662117502461 2542.714680239636 0
4429 2658.086168383287 3029.753308913592 0
4430 3109.560580856182 2461.193324523172 0
4431 2724.792586744455 2428.303120961456 0
4432 2963.488874666382 2534.850601209163 0
4433 835.3848604469131 1354.219505563997 0
4434 2937.675917846997 2632.511033102782 0
4435 2217.171684703627 2346.832447763535 0
4436 2230.508958040381 2323.678137904622 0
4437 2684.67197003149 2256.084760296203 0
4438 2269.069289969394 2488.28343155456 0
4439 2732.623843158491 2434.037221032236 0
4440 2374.537444144518 2656.942150404734 0
4441 2393.6809931831 2669.354374168085 0
4442 2493.481581539855 2265.939435428287 0
4443 4783.394622043052 836.681836051054 0
4444 2186.45782732216 2167.803613914984 0
4445 1758.164379247879 2438.681225812021 0
4446 2668.433188954717 2329.68251006724 0
4447 2652.719171120077 2347.121527809385 0
4448 2945.813771791288 2491.801461521567 0
4449 2940.22565465787 4840.945119804777 0
4450 2763.305168190507 4836.803133612142 0
4451 1757.409765573126 2621.118284150185 0
4452 3025.935948451698 2446.824235569798 0
4453 3017.531411286862 2446.35030894379 0
4454 2587.962012577359 2356.637362664292 0
4455 2509.585519532151 2428.470594430844 0
4456 3037.769015875912 152.4291542884644 0
4457 1435.297777481576 2558.997126033435 0
4458 3154.887352260471 2752.745595456856 0
4459 3208.883115775765 1778.894489983142 0
4460 3209.42096905424 1667.466606331154 0
4461 2646.264995515709 2522.483720477675 0
4462 2970.611307889443 2452.081498620995 0
4463 5236.191260659607 950.6882245961781 0
4464 1761.197465087723 2714.571181441718 0
4465 2635.056312768708 2532.520635139541 0
4466 3130.750018058478 2509.648213798681 0
4467 3116.63937895526 4827.045316594338 0
4468 5190.286203267792 1504.542537252938 0
4469 2351.381801802968 2469.013911622076 0
4470 3604.142191429401 2718.636612619201 0
4471 2950.680254029117 2518.190892492064 0
4472 2434.564488886881 2738.105085168238 0
4473 2429.824225792328 2481.85449705151 0
4474 992.7108604883547 2219.377802674112 0
4475 2334.595457376014 2388.061079840362 0
4476 3011.890528430346 2553.370598667047 0
4477 2431.871849763621 2512.267047528876 0
4478 2511.74565173762 2727.05019336892 0
4479 2738.33402194129 2533.761593039972 0
4480 3111.698564767204 2850.540294659108 0
4481 5212.30842571715 3675.506990526841 0
4482 2432.334817148081 2487.197224450192 0
4483 2487.35913832043 2508.078888400248 0
4484 3634.747855172698 4801.14374763804 0
4485 3719.385976043443 4744.46376302831 0
4486 3724.088897435622 4844.084465445238 0
4487 3808.015448993809 4788.1116989646 0
4488 3820.014394066 4897.191120311786 0
4489 2321.733696098987 2918.243549089955 0
4490 2359.375716646794 2863.935504659359 0
4491 2910.188146202767 2778.150891397342 0
4492 3119.813948874259 2633.311776636092 0
4493 3107.022958156431 2650.686772637438 0
4494 2683.701702840218 2286.851038190088 0
4495 2718.375224950757 2530.87416800947 0
4496 2647.82286672856 2477.08819126833 0
4497 2656.873048035961 2413.916155460507 0
4498 2691.84099323386 2451.538848399694 0
4499 2943.410671917977 2512.282960217546 0
4500 2334.978771881622 2557.285902388654 0
4501 2325.309181755587 2546.780163701033 0
4502 3378.628261074047 1664.121377223034 0
4503 2964.48413483335 2380.588241884901 0
4504 2965.275802082944 2397.377186664588 0
4505 2654.487688741641 2660.033440646326 0
4506 2914.334107912646 2534.388357691073 0
4507 1889.044891963204 3034.009200977556 0
4508 1908.994998216085 3115.325830419853 0
4509 3167.71506571018 2119.426445682254 0
4510 3226.375848563118 2125.182868542559 0
4511 3263.185404499255 2076.651668278884 0
4512 3188.814916633108 2179.98211423484 0
4513 2083.829285694389 1968.935673274995 0
4514 5173.335230279356 2957.159431039706 0
4515 5088.047892691044 2912.375970774891 0
4516 5166.630686663044 2857.249167872757 0
4517 5082.009722930264 2812.523200220974 0
4518 5164.117638126592 2760.469495719613 0
4519 5077.368831896452 2712.737810889264 0
4520 4993.59868106699 2767.622743933829 0
4521 4988.005996170239 2667.794832857661 0
4522 5071.618172395459 2612.902775004226 0
4523 4904.414077037512 2722.68590258867 0
4524 5256.112879153397 2804.123460795567 0
4525 2432.310551149619 2326.927326527336 0
4526 2949.492643851297 2569.834266642158 0
4527 2883.995987640315 2472.682898303181 0
4528 2869.462801161135 2474.72546096778 0
4529 2896.18035162058 2472.855235098752 0
4530 2764.810233225697 2526.87102177919 0
4531 3286.123565629113 4825.824614832343 0
4532 2647.604599887577 2486.348211512731 0
4533 2813.952782240749 2565.760369702386 0
4534 2732.75720728087 2501.000882259312 0
4535 2594.923985042579 2514.641327435984 0
4536 2699.354689177128 2739.032390283044 0
4537 2607.076765338866 2563.357226019156 0
4538 2600.229449247387 2575.933556783154 0
4539 2380.291710758989 2546.255047463458 0
4540 2968.645129422697 2461.848509667786 0
4541 2419.528582558434 2527.699254509536 0
4542 2414.503494697418 2577.243650214649 0
4543 2405.836158217237 2582.970031780541 0
4544 2684.778681105627 2458.817249737478 0
4545 3352.987941072913 3124.857572037185 0
4546 2639.787958135804 2541.979717215474 0
4547 3025.747475888365 2583.617050921879 0
4548 3037.577192373449 2585.82631520771 0
4549 3043.276618340631 2597.711344817718 0
4550 2709.631537924284 2459.558606622539 0
4551 2605.95698309008 2450.495761023296 0
4552 2964.581777810705 2640.627004057035 0
4553 2655.845970370015 2534.535022388484 0
4554 3477.696468856941 1995.3155821785 0
4555 2375.767294920204 2454.990096309858 0
4556 2709.161064959862 2643.018949174589 0
4557 3757.42032171114 2449.60536601705 0
4558 1993.488514536012 1856.841454017378 0
4559 2078.205471996786 1801.121578458043 0
4560 2161.547753158805 1845.5034939586 0
4561 2238.020377694384 1806.489581572488 0
4562 2263.134782414051 1715.906235567043 0
4563 2877.599612278133 2541.068460187415 0
4564 3200.677449737504 3225.010609385016 0
4565 3106.811666783801 3180.431980412402 0
4566 3047.712264130733 3231.739465246215 0
4567 3194.527641792588 3143.484773329875 0
4568 3021.294848755811 3314.388851769723 0
4569 3561.665394683917 2039.74175158539 0
4570 2339.818008487037 2496.786756578714 0
4571 2708.483570696027 2376.491110834154 0
4572 2612.97029143075 2575.847453476498 0
4573 2710.018235183465 2450.083196067598 0
4574 2503.323601290865 2492.349428579779 0
4575 2423.839525573993 2472.299853659153 0
4576 2963.95151095122 2460.783356102701 0
4577 2959.420183644532 2462.43779295942 0
4578 2334.275521635147 2486.188294672997 0
4579 2726.969874762716 2513.979744890663 0
4580 1990.153482430636 2037.80292397878 0
4581 2392.633436281772 2699.170536983474 0
4582 2992.750812038893 2546.381771201804 0
4583 1379.017515174734 1618.217330590041 0
4584 1392.424432573241 1722.569599248887 0
4585 2963.664119775518 2439.565571347718 0
4586 2238.271922159811 2631.750306567608 0
4587 2981.061731817031 2584.154710399546 0
4588 2255.759938845535 2431.135016857647 0
4589 2940.373271412905 2549.579047673761 0
4590 3038.424835643968 2395.538084513552 0
4591 2726.833482916574 2524.720326693391 0
4592 3461.177786898523 4806.922427472697 0
4593 3121.342352088393 2225.089623146384 0
4594 2450.976457825826 2564.760961520966 0
4595 178.1824159339717 1993.034773795918 0
4596 2327.330224113085 2694.494192440009 0
4597 2945.619638193302 2502.539044507455 0
4598 3073.649441598319 2555.613958290181 0
4599 3086.266917038622 2549.644487564515 0
4600 2943.799380930453 96.05039938175833 0
4601 2501.279983243257 2378.74435937375 0
4602 2352.854517530827 2476.850628713691 0
4603 2741.298963004966 2507.776674621341 0
4604 96.87295886805077 2247.464581809405 0
4605 181.4497312862227 2397.850890918859 0
4606 3064.967994658125 2583.777161059086 0
4607 3055.939750018614 2575.253537179233 0
4608 3234.639271128687 2023.402568032592 0
4609 2981.210157204665 2446.000953019587 0
4610 2222.69779904084 2799.349267621834 0
4611 3005.549871436197 2537.317429120591 0
4612 1382.317497443505 4828.534501442847 0
4613 1290.077151463855 4778.486794710245 0
4614 3018.287543623021 2367.002610394663 0
4615 5272.698969197113 1350.975622887777 0
4616 5172.396205342351 1190.285163915973 0
4617 2529.504729331242 2605.357452115229 0
4618 2543.066087063801 2630.649313771637 0
4619 5197.163106079309 1704.601381228804 0
4620 5200.191511823653 1804.763073662456 0
4621 5115.327540959448 1859.233240088806 0
4622 5204.31817376796 1904.094804357395 0
4623 5120.314794642643 1958.280069784215 0
4624 2490.889964668071 2444.826579187461 0
4625 3170.197078021504 1873.096376558029 0
4626 2777.616995225075 2561.253775079363 0
4627 2669.017319704452 2457.210280668251 0
4628 2952.562747980886 2468.427720448787 0
4629 2947.713515860598 2467.518296751789 0
4630 2944.337839964941 2472.262415002892 0
4631 2937.251303123559 2472.617376426579 0
4632 2371.527646332799 2575.987263739826 0
4633 3306.584929025445 2636.821919869093 0
4634 2957.359770106897 2362.116600734345 0
4635 3049.047997041068 2021.802029414292 0
4636 2996.539074694146 2024.948998886479 0
4637 2968.792899544889 2077.105664029839 0
4638 2882.733185950648 2503.768740068707 0
4639 178.378278127007 1299.991792581041 0
4640 178.1918302887043 600.0804849185506 0
4641 178.7356589193978 500.0067955459797 0
4642 2882.266093606211 2598.393655586779 0
4643 2870.231940447202 2610.617088478755 0
4644 2394.83856075367 2449.434078018465 0
4645 2871.21232753507 2266.353715826012 0
4646 2853.347484076314 2287.992469386008 0
4647 2721.938706485179 2627.427339189957 0
4648 2408.243903548041 2594.19424542214 0
4649 1002.558253347976 1244.433091532273 0
4650 2369.858319619981 2452.248194906166 0
4651 2511.618228105282 4808.813913835802 0
4652 2428.873102244076 4862.691190817183 0
4653 2606.849749002003 4839.644869834795 0
4654 2393.617186849858 2545.579654819873 0
4655 2864.312953924074 2490.327773511603 0
4656 3412.416674899518 2435.498457517927 0
4657 1783.665281208724 2904.501176156719 0
4658 2233.803939972905 2603.063973132445 0
4659 5279.478873029893 1451.884394824243 0
4660 3042.224166129517 2476.583565370935 0
4661 2421.488397713319 2543.098633931432 0
4662 2411.223731867433 2460.50346241892 0
4663 2350.050616646363 2289.709794842182 0
4664 2561.019258858917 2343.792327753169 0
4665 3171.095535099679 2714.295293291014 0
4666 2689.997786514699 2583.149362484057 0
4667 3386.505519667276 2310.985865472629 0
4668 3444.532893363675 2319.309011555305 0
4669 3479.724589032165 2261.453006226667 0
4670 2864.827194386598 2313.581869653832 0
4671 2688.911977872822 2356.920517225466 0
4672 2379.942246822197 2389.376787415799 0
4673 2383.758828352216 2402.75665877317 0
4674 2374.555847483355 2410.324148060512 0
4675 2998.209779784996 2438.685452352323 0
4676 2280.503005367068 2570.619111173593 0
4677 2105.303508346045 2489.09255895852 0
4678 2065.696678835331 2477.129924312732 0
4679 2077.193434655118 2512.621513278026 0
4680 2350.129315149832 2481.570817698482 0
4681 3076.916558732657 2513.401850075126 0
4682 5194.33252517663 1604.875763248675 0
4683 2656.355730687725 2471.944639359954 0
4684 3038.332395361687 2489.404437415837 0
4685 3074.364235354895 2464.750658620295 0
4686 3085.61236034854 2468.126105779162 0
4687 2823.938391434673 2551.242381893419 0
4688 3600.832277056428 2946.809533294183 0
4689 2051.08506504836 3130.436729240426 0
4690 2090.814041089708 3202.779854666034 0
4691 2174.617893255788 3207.288829307973 0
4692 2676.980749140588 2809.592687979181 0
4693 2774.637236409549 2464.21388322201 0
4694 3132.709709562712 2357.842463911513 0
4695 3163.802051483987 2359.35365310104 0
4696 3145.655223617342 2336.003943020253 0
4697 3176.40937647473 2331.457564089872 0
4698 3168.331118930789 2381.504495884355 0
4699 3015.29909545493 2386.961406149674 0
4700 2544.000080050695 2292.215409951342 0
4701 2948.043535547734 2486.606335101987 0
4702 3028.367133008186 2508.128978174678 0
4703 2659.745839025672 2462.909464449183 0
4704 2409.680541179095 2448.870520112237 0
4705 2601.320794045018 2496.508138280262 0
4706 2347.16011522707 2527.852531699211 0
4707 2341.304271025573 2530.242918941482 0
4708 2831.001127554309 2348.943375154836 0
4709 3081.930721009007 2419.910872394501 0
4710 1601.62021173339 1980.898055232435 0
4711 2730.530795207651 2442.840339364953 0
4712 2044.500985395779 2107.288249201599 0
4713 2947.108358424873 2545.139972887247 0
4714 2933.172134125278 2547.195398758929 0
4715 2763.837045465983 2744.132561743232 0
4716 3030.459285598465 2722.481215860368 0
4717 2634.895615068921 2808.159588897774 0
4718 2412.372314213878 2551.252930615943 0
4719 87.65682397849469 1947.845119795984 0
4720 2344.118965803654 2483.146237217735 0
4721 3183.952778740235 2547.385603464514 0
4722 3197.638047376438 2567.659660531906 0
4723 3213.275322718833 2543.557320484993 0
4724 3228.581531453437 2573.281385628884 0
4725 3257.315628205493 2581.425218700852 0
4726 3209.651700813611 2594.05332766524 0
4727 2467.223698257461 2367.555044189343 0
4728 2488.111310672057 2356.554478392385 0
4729 2356.074452842666 2527.72452155359 0
4730 2127.402143076817 2693.325861073813 0
4731 2091.598621288028 2677.623974565623 0
4732 2087.785991486662 2722.789212156887 0
4733 2402.831061550696 2452.025495525877 0
4734 89.95617705662562 2451.12658780949 0
4735 188.5672223555216 2512.770159560301 0
4736 159.9003925418547 2617.746871642791 0
4737 294.3934805274835 2542.992988171181 0
4738 3437.08135644443 2711.653437343852 0
4739 3196.9809547546 2227.178404771911 0
4740 2347.059524873989 1653.737244079138 0
4741 5280.847752338896 1147.298950601826 0
4742 5206.114304129648 1087.129935878457 0
4743 2995.137100558931 3063.897536504549 0
4744 1741.24550951432 1901.842340022743 0
4745 1756.29296217898 2351.655877881794 0
4746 1841.329049945361 2389.842137398745 0
4747 2660.837466682014 2966.833996953885 0
4748 3188.215365808303 2436.837631613752 0
4749 177.0227194099743 2093.266982438759 0
4750 3545.736737519351 4853.157910297232 0
4751 2873.738508206154 2525.483167051787 0
4752 2991.016452940739 2458.357104608405 0
4753 2734.584193319979 2450.579616700575 0
4754 2743.365993309522 2452.530519340442 0
4755 89.38417663493328 550.0227694735217 0
4756 175.3752495945814 700.7959045616903 0
4757 176.4531740859657 801.1450365759104 0
4758 89.32029739628615 1350.144897110423 0
4759 175.4754762629618 1199.228285213942 0
4760 2419.490014799508 2533.505093297141 0
4761 3068.190834499112 2666.728504234085 0
4762 2500.863101876956 2646.005425307167 0
4763 2429.086777432613 2389.296776743211 0
4764 2433.677304798358 2403.11134760873 0
4765 2420.505082076086 2400.548328242614 0
4766 2425.046191534854 2412.021255492653 0
4767 2414.190329983552 2410.75552603698 0
4768 2408.84464043597 2401.229897038081 0
4769 2402.878626503998 2410.611599765106 0
4770 2397.608594138774 2400.600631245773 0
4771 2412.191748246155 2385.626680721854 0
4772 88.40332324188739 1451.258756667451 0
4773 175.2994548113766 1501.641148896273 0
4774 173.6334234777528 1599.474906040059 0
4775 89.93905180120328 449.997646266931 0
4776 176.3625347067414 399.0163478125269 0
4777 174.8070442233984 296.4883845739232 0
4778 262.6313427543755 345.6933819307874 0
4779 258.531353305234 245.2977951207426 0
4780 347.4948729830689 293.6737030865738 0
4781 436.7487240833671 344.0766147982376 0
4782 526.3051031499217 297.5901510230624 0
4783 613.126513547209 351.2849283838923 0
4784 614.7675693503638 253.524746324008 0
4785 701.1399117239625 304.2992104548548 0
4786 529.0254316660657 199.4341560042226 0
4787 700.9700572620341 188.1581619675121 0
4788 789.5723519742726 257.1830699678353 0
4789 785.9631098451468 356.2186308388214 0
4790 873.9925191048858 308.9985728066531 0
4791 879.2423605441829 212.3801058748786 0
4792 962.893319535719 261.6787502312873 0
4793 958.676740817767 360.9687243451108 0
4794 1047.186420741252 314.7662458028376 0
4795 1049.63585024756 210.053149104674 0
4796 1134.688818778777 265.8537775843915 0
4797 1137.525708403158 168.8731122929598 0
4798 1220.57409366958 225.7448310194386 0
4799 1219.415056627226 319.4456504524073 0
4800 1308.91046375055 274.1534397579244 0
4801 1302.987283590014 169.6721032315954 0
4802 1397.099771214484 227.0084925309648 0
4803 963.2062695531654 164.4356127692467 0
4804 438.4200892064919 244.505890796439 0
4805 441.0375079042642 146.6437136700888 0
4806 538.7676439079964 94.13330241153972 0
4807 348.9192185095408 191.4967550928191 0
4808 257.9927192023752 143.5197982999007 0
4809 1816.122476975448 3106.891548518739 0
4810 1742.7695400603 1803.42675737731 0
4811 1176.099585398372 2029.008730849211 0
4812 2279.223629630284 2125.899102802562 0
4813 2319.708557719397 2150.416329659153 0
4814 2815.015309993693 2913.475768134992 0
4815 2167.806678081345 2743.834145899626 0
4816 2176.973442946697 2789.97024547792 0
4817 2134.016941975034 2729.13541301101 0
4818 1546.235793216488 3167.033131836371 0
4819 1452.719928552655 3133.888170491464 0
4820 2975.705586267846 2402.165734753003 0
4821 4898.693293066272 2622.851257357482 0
4822 4731.529120223289 2732.632912433691 0
4823 4647.942930406723 2787.525142485895 0
4824 4068.582910946354 3271.621489030697 0
4825 3555.555960283225 3401.266838185437 0
4826 4201.281287283177 2562.825896294083 0
4827 4117.694229305931 2617.720457825607 0
4828 4123.441093494935 2717.553711701119 0
4829 4034.107815152897 2672.6102652427 0
4830 4284.867624732273 2507.929955263085 0
4831 3639.140977938476 3346.368242695055 0
4832 1432.11364640549 2268.281612867179 0
4833 4028.322489488747 2572.808000233503 0
4834 4230.010684325476 3061.997978129399 0
4835 3059.796952964547 3830.504732271382 0
4836 4558.610578294223 2742.586476092482 0
4837 3979.247006444672 3226.679380524385 0
4838 3895.659214450435 3281.571371395127 0
4839 4152.169244890578 3216.725217664587 0
4840 4463.531139004721 2597.811192859843 0
4841 2028.031259358495 3990.048527904258 0
4842 3202.620269421641 2499.45522484839 0
4843 2117.363220627581 4034.99129983434 0
4844 1464.475503580425 3226.605735818688 0
4845 1517.18939226622 2021.7580118977 0
4846 1259.810476254571 2071.188969983353 0
4847 3226.970226394576 3720.718566613628 0
4848 3310.556867565631 3665.824605882165 0
4849 2970.464025989455 3785.564870809802 0
4850 2881.132450299127 3740.62178319241 0
4851 2601.687539998289 1601.369573695351 0
4852 2678.135812806363 1657.625985594197 0
4853 2779.490918796901 1616.393221153043 0
4854 1173.119903907631 2319.602493788455 0
4855 1087.543829581166 2370.36515327119 0
4856 1731.217687707644 3356.225722212512 0
4857 87.71524152176517 750.4636127429874 0
4858 177.0012859296221 900.4475254997833 0
4859 88.38491335673234 1149.490205087541 0
4860 87.61490745305582 247.6373973158375 0
4861 1647.703769033455 3410.972541355644 0
4862 1653.460896434443 3510.783478383695 0
4863 1569.876023096234 3565.672751300997 0
4864 1659.208680883699 3610.61446557831 0
4865 1575.622292399963 3665.507145749952 0
4866 1581.368160078576 3765.341746529466 0
4867 1737.041630532874 3455.902196776283 0
4868 2374.962689091082 3228.130186302119 0
4869 2393.889803376734 3323.119911974502 0
4870 2472.715549520341 3357.959995437714 0
4871 1174.298439171586 2419.80556526274 0
4872 1085.028237671772 2465.907614017767 0
4873 1088.739771415068 2570.36188468594 0
4874 991.2120978327832 2501.004165323531 0
4875 1176.145379861853 2619.84036703201 0
4876 1480.543979883778 3520.730236272284 0
4877 2278.259514108348 2782.875375216882 0
4878 1826.366492849779 3500.858998803183 0
4879 3633.276502299013 3246.200708254515 0
4880 3722.710945301695 3291.450625028356 0
4881 3901.406261117761 3381.404675048042 0
4882 4820.857974561995 2777.5775720191 0
4883 4826.610524805712 2877.412582447025 0
4884 4564.355918972146 2842.423189024556 0
4885 4570.101992932952 2942.260555990198 0
4886 2348.344903904113 2812.231745850994 0
4887 3466.273586999071 3356.323283537357 0
4888 1297.962327683739 3333.796538239089 0
4889 2381.795281510153 2822.284484298516 0
4890 2415.147687530104 2893.801782868875 0
4891 2464.903761750036 2861.749323054987 0
4892 3143.382993687281 3775.612759161101 0
4893 1909.882604841788 3446.105732326767 0
4894 1206.576775785079 3292.020784915379 0
4895 2088.396546026069 3536.288220430751 0
4896 2004.993380836393 3590.817320022999 0
4897 2797.546793084913 3795.512953616353 0
4898 1134.706209646515 3540.633618858883 0
4899 1051.119517241125 3595.526835025284 0
4900 1056.865081888765 3695.361643570267 0
4901 967.5328217788301 3650.420044277339 0
4902 961.787257969856 3550.585237630229 0
4903 973.278385529353 3750.254850792865 0
4904 883.946125508292 3705.313251700365 0
4905 889.6916890867692 3805.148057826526 0
4906 4682.140067724996 400.0541038694355 0
4907 4249.16892672515 650.0033800884883 0
4908 4335.769840732833 600.0005633480487 0
4909 2776.920750042855 1300.013818847256 0
4910 4162.56671162085 700.0039434365726 0
4911 4162.609740068314 800.0784704972007 0
4912 4075.969824704269 750.0137356556033 0
4913 1973.169936132696 4544.116858400469 0
4914 1967.424372595854 4444.282052329696 0
4915 4132.675476928096 1365.327094535841 0
4916 4500.604277030128 4749.240363858402 0
4917 4494.906977859224 4649.274513912059 0
4918 1179.654705652715 2919.808736660137 0
4919 1091.724268940647 2862.447190778653 0
4920 1089.399508392207 2762.72397226489 0
4921 2343.885774431134 1350.044258873447 0
4922 4045.787225058823 1324.107578039613 0
4923 2267.237683659873 3625.820335364673 0
4924 2183.707695001609 3680.601545034512 0
4925 2084.10101701641 1400.01020516111 0
4926 4834.955268076416 4529.667293778934 0
4927 1978.915499669394 4643.951664471499 0
4928 4405.587503627153 4604.336755767134 0
4929 2430.513570506002 1200.000124960582 0
4930 1737.691787331852 1400.00248977434 0
4931 5191.539882010835 4608.650820662951 0
4932 5194.724514224825 4708.271870157276 0
4933 5106.846455695128 4759.762715169423 0
4934 5284.963013541241 4751.752986459291 0
4935 1910.898384862258 199.9999999999022 0
4936 1828.598694029451 150.1351765341797 0
4937 1737.838292138443 198.6549461408003 0
4938 1645.268218627217 143.0836079402388 0
4939 1645.909735597515 240.9491436368853 0
4940 1561.989110294447 185.7796144299055 0
4941 1561.176306744177 288.7523861922155 0
4942 4335.769515458682 699.999999999952 0
4943 2863.522718255824 1350.01697198671 0
4944 2950.128211267387 1300.003557234318 0
4945 2339.344924995887 4815.91989017115 0
4946 266.1562371761847 2038.084199427007 0
4947 3483.475987562439 3655.87386470093 0
4948 3394.143684230546 3610.932096717203 0
4949 3388.409928408372 3511.089091130317 0
4950 3304.813496130083 3565.986318307617 0
4951 1286.813173261759 4682.791430920652 0
4952 1203.652977450774 4738.651303370198 0
4953 3383.141571325204 1150.000000050919 0
4954 3296.55146296156 1200.021532932196 0
4955 3209.938562546261 1150.003588821986 0
4956 3209.951339920146 1250.025719882749 0
4957 3642.949199276883 1000.000011857167 0
4958 3642.949193572078 900.000001976158 0
4959 3729.551740986448 950.000014162737 0
4960 3729.551734362537 850.0000026897883 0
4961 3816.154274809649 900.0000028087331 0
4962 3816.154273188007 799.9999999999607 0
4963 4969.863796167268 818.6028499287468 0
4964 4960.181768924691 727.4907968226357 0
4965 336.4614384782099 3235.99404546271 0
4966 254.9407039205953 3290.768354913606 0
4967 259.9910293094381 3390.643172412701 0
4968 169.2880455771456 3345.780459494445 0
4969 249.5394673570836 3190.913732600272 0
4970 241.7853297488568 3091.194521402591 0
4971 163.1034142138706 3162.189621539266 0
4972 152.0513549401421 3046.27604133691 0
4973 239.3546721290345 2991.168940174588 0
4974 587.2215278298149 3071.314424415125 0
4975 3902.756938828034 850.0002169592153 0
4976 3902.756834443381 750.0000361598368 0
4977 3989.360825022775 800.0025479535461 0
4978 3816.154276667497 700.0000060266029 0
4979 5177.538955404528 4409.693519534387 0
4980 5275.883358216759 4453.975294119426 0
4981 5184.533584381328 4291.969029139371 0
4982 5289.646996621627 4247.966579033369 0
4983 3816.154390173368 1000.000202624401 0
4984 4221.719216851472 1409.828777960739 0
4985 4982.282075915231 2567.957521791213 0
4986 5065.875392956817 2513.066284266167 0
4987 5152.05146211523 2557.493630132514 0
4988 5146.515759913813 2457.586857604633 0
4989 5059.638267620601 2413.12932632727 0
4990 5140.225995073868 2357.453749792965 0
4991 4809.370464516068 2577.906608101219 0
4992 3350.776024169455 4364.669188491092 0
4993 4912.925769923602 4374.931835436319 0
4994 956.0416941759327 3450.750431018025 0
4995 1146.197341876139 3740.303242585091 0
4996 350.860792412303 1983.131609810951 0
4997 352.0075932965901 800.0956622438152 0
4998 438.6278237430424 750.0211600249902 0
4999 5130.592144022783 3714.489962816434 0
5000 5136.650395527221 3811.673008283354 0
5001 5056.329906886052 3865.939281872844 0
5002 5146.782068886147 3915.447028012017 0
5003 5229.902290899061 3855.862276502994 0
5004 5005.135604086379 2967.295229348476 0
5005 2347.712551887211 2556.39710629921 0
5006 4999.337858366289 2867.45763766757 0
5007 4120.292982860568 4170.134743503111 0
5008 2094.322215073039 3635.765728999369 0
5009 2257.302177633207 1300.011124681623 0
5010 5082.329010375083 1257.60456721453 0
5011 4997.226794877564 1314.614968698587 0
5012 3902.756817625855 650.0000070310441 0
5013 245.9749023739264 4642.84303887109 0
5014 251.780673477771 4744.206939830679 0
5015 341.2403382679072 4795.676468654949 0
5016 255.4714987669072 4843.302550285491 0
5017 430.0831378209255 4844.683545414564 0
5018 427.7433495736359 4742.6287928255 0
5019 514.3506798732387 4785.580145397304 0
5020 598.1687142292567 4727.825644460765 0
5021 511.0536748546183 4885.21349163261 0
5022 592.0873804830912 4627.448661197513 0
5023 681.3872494165803 4671.512076202437 0
5024 764.8257890884222 4614.044227003851 0
5025 772.7479773330479 4714.417713080982 0
5026 855.0390546323683 4656.323929956326 0
5027 866.1105843260611 4752.927744258695 0
5028 945.8914045340698 4698.079378857034 0
5029 951.3769501954966 4797.087309177201 0
5030 1041.727953333368 4752.368012753204 0
5031 784.0575929758622 4816.501364549122 0
5032 689.8005666032541 4767.461718721579 0
5033 757.5900540243701 4513.862847332882 0
5034 1336.352988996519 4029.856053168766 0
5035 1199.04293030206 4638.455640272357 0
5036 2603.718602725553 1200.000232069725 0
5037 1182.330601283215 3114.481245568188 0
5038 1097.436850276378 3060.386976620661 0
5039 4708.545171295547 2333.290725661042 0
5040 4619.212719802614 2288.34945525182 0
5041 4613.466789647866 2188.514644913509 0
5042 4529.880288798631 2243.408188065544 0
5043 264.6707225354576 1249.795919732177 0
5044 177.4916827554562 1099.693472248127 0
5045 4639.049852200666 4140.279919563618 0
5046 4549.717592204302 4095.33832052729 0
5047 4633.304288654637 4040.445113511127 0
5048 4543.972028658273 3995.503514474799 0
5049 4627.55872510861 3940.610307458636 0
5050 4711.14542155895 3885.717100442473 0
5051 4705.399858012926 3785.882294389984 0
5052 4788.986554463264 3730.98908737382 0
5053 4722.636548651003 4085.386712547457 0
5054 2257.308546376022 499.9999999999188 0
5055 2575.520147287179 4459.355618126508 0
5056 2659.105203017016 4404.465672417409 0
5057 2748.447982928502 4449.386360648376 0
5058 2898.369171282699 4040.12636866197 0
5059 2809.03698850954 3995.184255038472 0
5060 2814.782526316832 4095.019571916393 0
5061 4036.706286410229 4225.027950519275 0
5062 4335.769569671039 500.0000938913054 0
5063 4422.363503128952 549.9851695880432 0
5064 1019.314056232707 4547.409803631705 0
5065 1062.610645519277 3795.196449814094 0
5066 405.528506814132 4434.084314807325 0
5067 2257.308546376022 399.9999999999181 0
5068 2257.308546376024 299.9999999999145 0
5069 2172.028703404047 252.290979110956 0
5070 2265.89844221113 211.7495814295016 0
5071 2344.727894140482 251.2790204876619 0
5072 705.2816055538301 3615.430053713143 0
5073 621.6949091038286 3670.323260730204 0
5074 532.3626491074574 3625.381661693177 0
5075 538.108212653362 3725.216467746252 0
5076 448.7759526570753 3680.274868709386 0
5077 454.5215162027771 3780.109674762123 0
5078 365.18925620656 3735.168075725285 0
5079 359.4436926608855 3635.333269672767 0
5080 277.5775824622488 3686.806396813987 0
5081 274.7527557087787 3789.025148227036 0
5082 270.3981970399986 3589.821657323685 0
5083 185.0226293109317 3634.652910329018 0
5084 179.9554676008561 3538.622560000907 0
5085 711.0271691000323 3715.264859766852 0
5086 627.4404726498997 3770.158066783396 0
5087 353.7459231777498 3535.403461401474 0
5088 265.5391953906765 3489.235892518021 0
5089 446.1370242213829 2127.861997917045 0
5090 529.7581354850536 2072.96681662139 0
5091 1247.020729062521 3984.91445400358 0
5092 1252.766292609087 4084.749260066222 0
5093 5116.468109225831 544.7104243786162 0
5094 3642.949192880109 800.0000007776271 0
5095 3815.867567799907 300.4965882989541 0
5096 3807.240384508797 212.1300684595672 0
5097 3899.86640872612 254.4547881002186 0
5098 3988.877619804846 300.7424646833306 0
5099 4076.724375999197 251.886735795546 0
5100 3986.784228434075 186.7747466949795 0
5101 714.39836391469 2262.959732080787 0
5102 734.0094232848487 4114.604083978566 0
5103 1564.480370988241 700.0084705511906 0
5104 785.0653596372408 950.0000001200012 0
5105 698.4628195027067 900.0000000240138 0
5106 871.6678990481635 900.0000005007637 0
5107 3584.299422882389 3900.485149285131 0
5108 1997.498068537515 1450.011906021308 0
5109 1910.89790874503 1500.001984336812 0
5110 5155.238939212353 2660.574149040876 0
5111 4495.404693726731 1644.399448568916 0
5112 4411.818200963068 1699.292965730777 0
5113 3590.044986428413 4000.319955337623 0
5114 1633.077587100431 4663.854879786262 0
5115 4233.153347457343 1609.410430598721 0
5116 3261.44376417309 4319.727589454763 0
5117 293.8221703165336 3989.743208594881 0
5118 203.7614268527082 3944.789295813071 0
5119 3887.362872562052 1629.387051297751 0
5120 525.2554088831789 800.0067743872321 0
5121 2603.71870788979 899.9999999999279 0
5122 2084.103465619121 1099.999999999913 0
5123 2343.911086754466 649.9999999999163 0
5124 4598.830907378497 3441.436277196188 0
5125 3094.270371272391 4429.514003487128 0
5126 3088.52480772631 4329.679197434738 0
5127 4907.641747669492 1270.026515185574 0
5128 1532.254201895769 4419.243664900525 0
5129 325.6567006453593 3036.284931171458 0
5130 2517.116083919262 1150.00018446566 0
5131 2618.874961840881 3705.644246378523 0
5132 2863.52632902513 549.9999999999359 0
5133 852.6277086141342 1653.724928823129 0
5134 1389.126332903925 405.0155491204364 0
5135 1737.151493330691 399.0824045366721 0
5136 3572.808287751752 3700.815524939665 0
5137 3662.140554446939 3745.757134176397 0
5138 1824.271831287975 1550.037355582674 0
5139 4763.401973986864 1779.22325126457 0
5140 2486.182345104615 4414.4250348922 0
5141 4604.57647092452 3541.27108324868 0
5142 4693.908730920882 3586.21268228501 0
5143 4777.490644399075 3531.319750532271 0
5144 4947.812761481411 1968.940571125112 0
5145 4953.558695467251 2068.77535585828 0
5146 5042.891122220421 2113.716623423825 0
5147 5048.637056206592 2213.551408156478 0
5148 5129.789891320112 2157.430635593259 0
5149 5133.607483466151 2256.970331071976 0
5150 460.2670797484475 3879.944480814947 0
5151 763.9375028929269 1608.74528944749 0
5152 680.6439092483349 1566.695168016052 0
5153 593.9871000147377 1622.304928078749 0
5154 514.680731217165 1582.578888616495 0
5155 3027.203318646106 4787.300274026024 0
5156 4195.533243817002 2462.987577448662 0
5157 4368.451771833494 2453.032906512339 0
5158 307.8869165878341 2737.185585218861 0
5159 227.4431666133964 2796.754483065033 0
5160 1938.698359845658 3945.107311027609 0
5161 2033.775384681646 4089.884140868627 0
5162 2206.694878473703 4079.934562833509 0
5163 2200.950202833696 3980.098470133731 0
5164 2290.282130082998 4025.041061981976 0
5165 2373.868371635128 3970.146256123235 0
5166 4293.756104280131 1155.177774500268 0
5167 4374.688678513058 1100.985308573119 0
5168 4466.232704044241 1145.342366772633 0
5169 4458.143608993494 1045.897254985108 0
5170 4549.72354980405 1090.435900514501 0
5171 4534.271610269855 991.7175284413552 0
5172 4342.693716783777 1005.915102717513 0
5173 1219.253009122569 1197.964522484201 0
5174 2837.778098787338 4494.332221686915 0
5175 2950.128759714199 1200.000592872339 0
5176 3036.731281811082 1250.000691684408 0
5177 2586.177051104649 4656.537919624712 0
5178 2497.672369028002 4614.096840495233 0
5179 3803.756348485971 1684.250066740507 0
5180 3720.196822006124 1739.18464553849 0
5181 3177.857067722736 4374.620796470956 0
5182 1997.500925240644 549.9999999999302 0
5183 4149.566854687016 1664.303947771067 0
5184 3958.865153505919 4379.755963587926 0
5185 4316.204368514605 4559.501159232841 0
5186 3673.631682878752 3945.426748321464 0
5187 2776.923788646676 999.9999999999329 0
5188 4823.482198104055 4329.99664247397 0
5189 2904.114736313282 4139.961186488032 0
5190 1794.505416198282 4454.23366021189 0
5191 1824.289993362549 1450.009461390025 0
5192 1651.088760879781 1450.003298135298 0
5193 742.7283156234053 2761.869065234897 0
5194 2863.526329025123 849.9999999999366 0
5195 2430.513603763068 1100.000051570989 0
5196 3729.551733723139 750.0000015823148 0
5197 3556.346652127509 750.0000001295646 0
5198 4002.23287613397 3626.019070045431 0
5199 3118.473473852968 1606.482168654491 0
5200 3112.412906244859 1702.542204000897 0
5201 3295.352179627532 1610.600837082011 0
5202 3465.854533578634 1609.390694781873 0
5203 3466.959632397647 1506.893153226504 0
5204 644.6771632884743 4069.662484942214 0
5205 4180.897425126805 3715.90231227699 0
5206 438.6128486030025 650.0230793574792 0
5207 348.3845395812186 3435.414514167182 0
5208 4768.734821111918 350.0564360377766 0
5209 4855.371507111944 299.9954348702413 0
5210 4856.478489724972 201.8974636550502 0
5211 4942.324530141714 250.032037980518 0
5212 4940.338185808242 151.5577787705979 0
5213 4845.069135207314 96.88937600668669 0
5214 5029.033069366687 195.3864384904473 0
5215 5115.43286394735 142.3311897536732 0
5216 5116.543854078131 244.0351315614962 0
5217 3333.539333531377 4065.164770333618 0
5218 3244.207071359533 4020.223167984649 0
5219 2570.014686997355 2404.19108420117 0
5220 1910.89838486222 1599.999999999917 0
5221 3296.53903091735 499.9999999999468 0
5222 3886.769584147632 4634.318782709068 0
5223 3976.101844143993 4679.2603817454 0
5224 4656.286542838743 4439.784337721094 0
5225 546.8289380323349 2372.480775438572 0
5226 4508.974596215558 199.9999999999491 0
5227 4422.372055837118 149.9999999999477 0
5228 4334.894082555047 197.8691175839385 0
5229 4243.855335778507 149.088643576335 0
5230 4161.087208828116 200.452928469228 0
5231 3800.517245726793 3136.889970242807 0
5232 3299.116568644086 3466.038301183806 0
5233 3471.992789612414 3456.191175295714 0
5234 1737.693254359567 1100.00001957691 0
5235 4595.542669045951 549.9401220131444 0
5236 4595.571119128068 449.9969940431024 0
5237 4154.433967588361 1098.821615336423 0
5238 3209.987688749439 1350.187054003217 0
5239 1997.500925234438 650.0000000023729 0
5240 2430.513627132844 899.9999999999454 0
5241 3383.141571295795 449.9999999999486 0
5242 4094.754817940143 2218.372096222638 0
5243 4005.712673503357 2173.413007210476 0
5244 4089.027406949861 2118.533869497214 0
5245 3999.698067362757 2073.592028266075 0
5246 4083.239781417489 2018.700812094922 0
5247 4518.38842800871 2043.73859011538 0
5248 4601.974922209612 1988.845070692384 0
5249 4311.003529132801 1454.696781503167 0
5250 3893.070334901122 1729.163255161255 0
5251 1304.67959509956 950.0003963403606 0
5252 3296.539030917341 899.9999999999461 0
5253 3209.936490538898 849.9999999999436 0
5254 5290.970940444991 2149.995954560991 0
5255 5291.25088887317 2350 0
5256 5298.226222531532 2550.548560988663 0
5257 5288.397459621556 3050 0
5258 5283.402536187827 3149.82823847629 0
5259 5288.82410786435 3350.738976433479 0
5260 5199.583236552208 3393.502983248332 0
5261 5293.14203046482 4048.88178236913 0
5262 5206.288826446468 4005.574871032352 0
5263 5203.234649500531 3302.378010630487 0
5264 5115.19237886467 3349.999999999996 0
5265 754.2626096543154 2961.535624979006 0
5266 3327.79376744729 3965.329960416381 0
5267 957.5913762863454 551.1727828187773 0
5268 3469.744111708554 1100.000000059414 0
5269 3556.346653707898 1150.000002866904 0
5270 1034.919990144086 1843.865968998104 0
5271 1031.775645090885 1941.233314141583 0
5272 3708.105064154906 4544.43558463641 0
5273 3667.886119109433 3845.591941928957 0
5274 611.8605832691119 950.000000008014 0
5275 558.3563173245002 2572.148301203852 0
5276 642.018709131117 2517.250737866828 0
5277 264.5892308774273 448.8880838230839 0
5278 2170.670205278534 1450.069185445525 0
5279 2529.439511503434 3660.907780635687 0
5280 2535.266770298994 3760.580894760982 0
5281 2772.893154549552 3401.253950547062 0
5282 2875.377342845105 3640.832772662008 0
5283 4252.992988399246 3461.339483888835 0
5284 4342.325253467149 3506.281090647676 0
5285 4348.07081785843 3606.115897987253 0
5286 3209.936490538896 949.9999999999445 0
5287 769.1488830472899 1708.611936461398 0
5288 4077.475832778366 1918.86686662173 0
5289 1109.077759066019 1588.803098525594 0
5290 3807.288570002131 1299.709795451005 0
5291 3383.187667448292 1250.079840878151 0
5292 4417.564134591667 1799.127751025981 0
5293 352.0526580502469 1299.99999999987 0
5294 1370.819789500573 4628.723681398252 0
5295 2430.509051123614 1300.008164921094 0
5296 2313.262277231286 4424.378852498821 0
5297 2558.277228900387 4159.8637989169 0
5298 2641.864298876405 4104.970163310594 0
5299 2468.944908010332 4114.922503890263 0
5300 575.7304007384819 2871.644812310108 0
5301 1191.767128244874 1436.959551112774 0
5302 1190.614553314594 1539.629086183553 0
5303 2593.35261470782 2378.79183117206 0
5304 698.4447855548146 700.030894308821 0
5305 3816.106488956662 400.0827647164542 0
5306 234.7109666233509 2892.142548400996 0
5307 141.6375171331847 2848.164709561067 0
5308 1307.040893257533 1245.719639727246 0
5309 1131.475460103127 850.0000241448595 0
5310 1218.078023750349 800.0000149876446 0
5311 1131.475503539208 750.0000070509823 0
5312 3780.200633513191 4289.872765515266 0
5313 2170.706005991451 850.0000000023256 0
5314 2690.321248268235 849.9999999999307 0
5315 4651.085811291803 1334.942844764025 0
5316 2702.464611414079 3650.749430344237 0
5317 3131.893656556066 3575.937087725918 0
5318 2273.03236272483 3725.558263798622 0
5319 3908.357713166529 2320.320146484788 0
5320 4256.137073568096 2008.74958500059 0
5321 1564.482156265373 1200.002387645737 0
5322 3910.310310403703 2028.653517392712 0
5323 3918.443028751598 2124.399457079812 0
5324 1264.257461347925 4284.418789392562 0
5325 3469.744111674241 299.9999999999472 0
5326 3466.555449010475 200.9291791845453 0
5327 3547.002067981523 150.1059611037153 0
5328 83.40916040835236 4749.1648457119 0
5329 83.95314903808412 4249.97275041504 0
5330 86.60254037844379 4050 0
5331 86.60254037844561 3849.999999999999 0
5332 173.3837378237426 3801.943349390232 0
5333 91.72565915522591 3657.541902642267 0
5334 1997.461175340947 1550.082162974836 0
5335 1564.485559727929 800.003929075664 0
5336 3036.731409782019 549.999999999942 0
5337 2690.321248268227 1349.999999999943 0
5338 895.4372526381537 3904.982863890974 0
5339 650.4236243638643 4169.497489732088 0
5340 566.8370775017538 4224.390729871146 0
5341 1042.92060307999 503.3542095945277 0
5342 3635.60748391586 1402.325360207035 0
5343 2731.195767740938 4149.912801289274 0
5344 692.6748597023106 1297.110760048612 0
5345 4597.562140189129 845.8510105755031 0
5346 4693.684727231197 891.1616140775855 0
5347 2940.000699818747 3385.828756851415 0
5348 765.8063870690362 3161.202207015564 0
5349 2603.7187078898 599.9999999999277 0
5350 2690.321248268245 549.9999999999309 0
5351 2603.718707889802 499.9999999999277 0
5352 3517.949417070127 4254.882774458769 0
5353 3523.694980616155 4354.71758051126 0
5354 3469.744111686706 700.0000000215523 0
5355 427.8171103833752 1730.552735500022 0
5356 526.6170855613336 3525.546855639639 0
5357 2319.007846987199 4524.21364644596 0
5358 2517.116167511365 249.9999999999254 0
5359 2432.213438692885 203.466419128571 0
5360 2704.754860851478 2431.240701081286 0
5361 2698.686223615719 2427.022554881502 0
5362 2402.594725523682 4469.320077081722 0
5363 3858.041766417502 4135.144752446615 0
5364 3734.235708990453 3491.194682285647 0
5365 2158.012775392694 4732.974656226024 0
5366 2074.640050569288 4787.442543061788 0
5367 2174.382233270708 4839.130242296624 0
5368 2084.10808895575 4885.803104775114 0
5369 3918.646203850391 3680.912313860673 0
5370 4670.926463685834 3186.873438201335 0
5371 4408.675272427139 3151.883437376228 0
5372 1023.338231473311 3198.910325327221 0
5373 696.9647334300912 1963.184103793573 0
5374 607.6157781456477 1918.239779563505 0
5375 4414.420825861983 3251.718268130649 0
5376 3729.551733541743 650.0000012681221 0
5377 2430.479677877523 1400.062017824127 0
5378 5288.404942563569 449.9318508985084 0
5379 3979.322684271613 1197.65962474925 0
5380 2690.320675769549 1250.002448928591 0
5381 1408.448580170958 3775.293244534212 0
5382 1163.434032623161 4039.807661009993 0
5383 572.5815939302024 4324.22530406338 0
5384 1515.017507772444 4119.739253669348 0
5385 2832.020408859617 4394.521519741971 0
5386 3160.620376722081 4075.116377761369 0
5387 1910.896446439227 499.9967013804735 0
5388 5030.954915998818 3470.136192637945 0
5389 3278.609291233973 4619.123645782991 0
5390 3556.346652330138 850.0000004805343 0
5391 1765.777933863789 3955.059478168666 0
5392 1760.032994609884 3855.224545265504 0
5393 1855.110246064804 4000.000880301206 0
5394 4768.70008688387 449.8806659151878 0
5395 2950.128869403573 599.9999999999391 0
5396 1477.882986028451 850.0046713003667 0
5397 698.4585048924014 800.0073636322729 0
5398 3962.001506892027 2927.188512974617 0
5399 2344.047221318806 350.2131700812092 0
5400 957.6016226099332 1990.49467668758 0
5401 2170.706005997553 1049.999999999922 0
5402 4965.050575747015 2268.445274622404 0
5403 3725.901501565061 1838.933511413752 0
5404 4178.30923605614 2163.477877210005 0
5405 4172.566855079891 2063.642477566006 0
5406 3930.137335775791 3880.581933325472 0
5407 4849.590996825424 3276.756655929892 0
5408 3902.757799645617 950.0017079377737 0
5409 1568.369469516151 1696.233583057485 0
5410 1307.534170004483 1339.285973439728 0
5411 1910.898383157984 1000.000000670604 0
5412 1824.295098328488 749.9987305926716 0
5413 3209.936490538901 749.9999999999443 0
5414 3696.102900047384 2894.860488349936 0
5415 4878.317884437266 3775.930739933597 0
5416 3633.385085644408 1694.818984481326 0
5417 5058.190694766964 3966.710897767147 0
5418 1391.277515754133 1000.002214391029 0
5419 3556.346652052682 449.9999999999523 0
5420 4362.706978153815 2353.195878978997 0
5421 4691.307349148554 2033.786337965662 0
5422 688.0449149117285 3315.925635544108 0
5423 771.6183345570505 3261.033192586709 0
5424 3022.064545243553 4684.623207981674 0
5425 4472.347237826742 1245.079783277617 0
5426 4754.513155417431 3131.980156631503 0
5427 3123.33429549501 1100.00059813695 0
5428 4049.459187746236 1420.784321606461 0
5429 3637.743600605979 201.1940453921957 0
5430 1564.39210935612 1400.112893323174 0
5431 2776.923788646691 399.99999999993 0
5432 2791.796174485427 3695.706719750668 0
5433 2084.103465554378 900.0000000253967 0
5434 4967.540929831792 3820.893256376082 0
5435 4388.289762849657 4304.959540612103 0
5436 1564.487184487251 900.0014906302581 0
5437 996.2606397279039 4149.594075035052 0
5438 1085.592899724267 4194.535674071385 0
5439 1169.179596171055 4139.642467060954 0
5440 951.1558646999472 1896.812352464636 0
5441 564.2163748509811 2671.976518046965 0
5442 2863.526329025122 949.9999999999368 0
5443 3367.929690634138 4664.047184514448 0
5444 1564.467748542552 600.0138465516195 0
5445 1047.350427625989 1097.12045260858 0
5446 871.6678986912484 800.0000006412263 0
5447 4212.774243801532 2762.495740658817 0
5448 438.6707748739809 1249.941320883392 0
5449 2343.911086754468 549.9999999999195 0
5450 5287.460278352766 551.8229159407972 0
5451 477.5039449073965 4179.44893761791 0
5452 1910.898384862232 1199.999999999907 0
5453 3399.889280746931 3710.766935814202 0
5454 5038.766821023725 3272.652740829054 0
5455 311.0951823990235 4289.265735588626 0
5456 2517.116167511336 949.9999999999288 0
5457 884.2343359906959 1199.202641806699 0
5458 910.9058830309905 1295.851641386243 0
5459 3637.373173711247 1794.225215931943 0
5460 5054.382990192753 2313.386192889151 0
5461 3953.119589959892 4279.921157535435 0
5462 4942.225268876375 349.6365159003717 0
5463 3469.74411167424 399.99999999995 0
5464 4042.451849956257 4324.862756571765 0
5465 2517.116149684357 1050.000039339393 0
5466 2385.358235665856 4169.816178797538 0
5467 4131.784109952619 4369.804355608095 0
5468 4471.876459299995 4250.066333595943 0
5469 2491.930875119112 4514.253944858783 0
5470 703.5100643129622 2063.199566456044 0
5471 4751.91010601498 1579.553681798542 0
5472 2517.116167511316 849.9999999999377 0
5473 4013.724032226129 3825.68872630931 0
5474 4365.307508665552 3905.620316402142 0
5475 4448.894205115888 3850.727109385982 0
5476 4371.053072211579 4005.455122454632 0
5477 794.6138655435759 3660.37165273516 0
5478 3209.936893429215 1050.000697826453 0
5479 2776.923788646677 899.9999999999332 0
5480 4501.150627584002 1744.234233504362 0
5481 739.7564876053925 4214.438220138824 0
5482 4045.597279119822 2872.278543059619 0
5483 5019.788457505615 4717.297565529424 0
5484 3123.333950160456 799.9999999999434 0
5485 4075.961894323342 549.9999999999532 0
5486 4075.996757490404 850.0603845495093 0
5487 399.8853358019419 4334.198693562377 0
5488 1270.003103334485 4384.253439525587 0
5489 3123.09533819233 300.4132880520519 0
5490 3373.472385686492 4761.854887262494 0
5491 4624.958707290536 2388.184331860441 0
5492 3123.336806619159 1200.005099754332 0
5493 284.7513665672004 2337.480790990114 0
5494 4567.49931852484 1389.836361931075 0
5495 4198.134115764879 4015.406730434462 0
5496 4007.978463041194 3725.853911670368 0
5497 1002.00673254036 4249.427829042976 0
5498 3122.743042432367 202.6007100773568 0
5499 4114.54741931454 4070.299937450622 0
5500 4697.053283045274 2133.621123491634 0
5501 4806.781479832385 1027.292371998617 0
5502 4835.496598783493 1524.660164629051 0
5503 4328.231708022852 1754.1864831704 0
5504 3123.333950160453 899.9999999999432 0
5505 3382.021703319828 249.5384712384525 0
5506 443.0383547883566 3580.424228953429 0
5507 4158.014947783258 4766.207003340224 0
5508 611.8582175348001 850.0045709185833 0
5509 2170.696419631226 1350.018834084118 0
5510 1526.508637278614 4319.408860977158 0
5511 3149.129113132418 3875.446803704068 0
5512 4287.466375761243 4060.348329470792 0
5513 4662.032338621271 4539.619130408209 0
5514 1304.647096706889 650.0595598777809 0
5515 3624.518425771707 4599.329800626078 0
5516 3863.787329963528 4234.979558499105 0
5517 923.2258195127483 1398.357971357495 0
5518 5100.880089816615 1559.636379158768 0
5519 2648.474260490254 2366.059964930452 0
5520 3774.455069967165 4190.037959462776 0
5521 4175.151847305531 3616.067484487367 0
5522 3154.874788130119 3975.281574553475 0
5523 483.2891943378277 4279.291164237764 0
5524 1091.339312778303 4294.368791521983 0
5525 4489.117892515578 4549.559547789079 0
5526 4985.002257255053 4120.370114499287 0
5527 2084.103465579092 1000.000000015669 0
5528 1737.692432872045 799.9985193076652 0
5529 1997.500924920735 1050.000000125823 0
5530 2257.308546375782 600.0000000000125 0
5531 4843.845439494962 3176.921819389565 0
5532 2782.133575792659 184.3358157130101 0
5533 4322.485774181084 1654.351698210562 0
5534 5201.964786489563 597.7517062887682 0
5535 3123.344320686104 1300.050550601577 0
5536 4091.565148788664 3670.960688356792 0
5537 4325.088838216536 3206.77652876014 0
5538 4940.427425832101 3322.742236755902 0
5539 320.3225441239738 2936.530237281347 0
5540 2354.360120180389 2559.871196067695 0
5541 2354.709635349976 2567.363047584258 0
5542 226.3503184537749 4244.500574109176 0
5543 4446.293679730889 2298.301973980256 0
5544 2776.923788646687 599.9999999999341 0
5545 2863.526329025134 349.9999999999318 0
5546 4422.370639421155 449.9975439132022 0
5547 4561.741097879022 1290.004822805653 0
5548 1651.089625936721 749.9993782866143 0
5549 4059.688540594329 4624.367174729238 0
5550 4552.863852343808 2642.750737022987 0
5551 1640.516891521936 4762.30544363328 0
5552 4745.619712245682 4484.7258844202 0
5553 2333.756986657593 2542.181868876027 0
5554 3713.815659578673 4644.331328872478 0
5555 598.7126549199147 3270.984036517365 0
5556 1910.898383751273 1100.000000437118 0
5557 4829.232324486776 4429.831185931991 0
5558 3440.108284165817 4409.610787527422 0
5559 4556.007450552833 1190.166792465254 0
5560 1304.679614683109 850.0015343272487 0
5561 3036.731520641776 1350.028356290202 0
5562 1824.290286660866 649.9905423038717 0
5563 2776.923788646689 499.9999999999325 0
5564 525.2612535001422 1000.000000001454 0
5565 5124.547278382415 2057.151590474196 0
5566 4607.720856255104 2088.679855609168 0
5567 682.2838617765374 3216.091720930525 0
5568 1651.070846949118 1350.021083288725 0
5569 785.064640285254 850.0012274865383 0
5570 1304.673531658299 750.0127509168474 0
5571 4163.660717567653 3416.39786835353 0
5572 4466.130895753968 4150.231527543452 0
5573 3267.189327719113 4419.562395507258 0
5574 1174.92534914972 4239.476896571539 0
5575 2863.526329025138 249.99999999993 0
5576 1824.295835234071 1150.00000364005 0
5577 2875.356520141702 2391.977455862353 0
5578 1910.895197058593 599.9945753303796 0
5579 4578.449603837018 4594.462955453918 0
5580 676.54619254932 3116.256460564582 0
5581 4258.738548354528 3561.17428447365 0
5582 4524.134361190574 2143.573378658423 0
5583 611.8609156241055 1050.000000011033 0
5584 291.1987858011098 3890.366739270864 0
5585 4918.714544612963 4474.764154657015 0
5586 4162.405508958023 300.3198924738626 0
5587 4440.547832158844 2198.466970782825 0
5588 670.7820547452641 3016.422723474302 0
5589 1651.083100137395 1250.005223473198 0
5590 4316.741444035277 1554.519355573254 0
5591 1391.280524635551 900.0029685729085 0
5592 665.0262783457138 2916.588505178845 0
5593 4841.242532769465 1624.494949362013 0
5594 5062.844522202293 1061.940834940142 0
5595 4157.915170942715 3316.563088067021 0
5596 4766.604780947001 4779.317490154218 0
5597 3642.949205258171 1100.000022217064 0
5598 1737.691995237439 1200.000883015859 0
5599 4065.97553474811 4723.712551368755 0
5600 3980.321021700531 4774.139521780036 0
5601 3803.182887697294 4689.211989725229 0
5602 4616.067598016565 3740.940695353659 0
5603 4460.385332207939 4050.396721490961 0
5604 4538.226465112248 3895.668708422309 0
5605 3272.923030668942 4519.379141254871 0
5606 4639.604141980352 1135.442647505104 0
5607 2084.150469688718 300.6822462669238 0
5608 659.2718181678026 2816.754305812663 0
5609 3891.439426164455 4732.152859986898 0
5610 2100.115569545702 3735.506344529935 0
5611 4972.51300876503 3920.908520757553 0
5612 653.5175298607915 2716.920585729001 0
5613 4621.813161562588 3840.775501406147 0
5614 4846.98846675491 1724.329734095808 0
5615 1783.01429174477 4254.564042862165 0
5616 1736.276409315795 297.2896613991625 0
5617 4628.959226340995 1036.330879960315 0
5618 725.6763140078699 2462.385899846189 0
5619 4454.639768661913 3950.56191543847 0
5620 731.3747360678008 2562.212023196457 0
5621 636.2580056761844 2417.431842723071 0
5622 4699.654294466903 3686.047488337495 0
5623 440.3522930373683 2028.035226638002 0
5624 1258.51189478926 4184.583989327421 0
5625 4936.320893508859 1769.271001660127 0
5626 4872.561802781203 3676.096539205764 0
5627 647.7790307978189 2617.087687563084 0
5628 630.5892794606712 2317.577575031685 0
5629 4783.233502761007 3631.154712270012 0
5630 3989.360925010752 700.0027211333215 0
5631 613.4945607070035 2018.104969203471 0
5632 1342.098559077088 4129.690846239771 0
5633 5025.782201190194 1814.221414066287 0
5634 1824.194399692682 449.8281053588553 0
5635 2608.662272034015 2428.245176603024 0
5636 4508.957571236617 499.9716983077356 0
5637 1431.430813569123 4174.632456219169 0
5638 5062.846510918721 4065.254897091573 0
5639 619.3898897659792 2117.994462491599 0
5640 625.0605870399845 2217.853437217859 0
5641 4073.871094388481 4828.161450784422 0
5642 1520.763072660245 4219.574057055705 0
5643 4075.963857384315 650.0034000375599 0
5644 5036.753984407058 2013.485210770654 0
5645 5031.399254248206 1914.047053958296 0
5646 4422.342207923548 649.948257469975 0
5647 2051.011070807017 4389.388841813509 0
5648 2056.756632202638 4489.223652140441 0
5649 1610.095332680356 4264.515656045209 0
5650 1788.759853746742 4354.398851983846 0
5651 1693.68202906073 4209.622449168239 0
5652 1894.906937721876 4697.588871095491 0
5653 1878.092113470708 4399.340451561632 0
5654 2085.743271793392 186.413767454329 0
5655 872.454998236424 3505.643639187904 0
5656 1961.678816415754 4344.447231635682 0
5657 1984.8512760693 4740.964723593661 0
5658 800.3594290879801 3760.206458784455 0
5659 2368.287449910178 2567.001667991854 0
5660 2679.010561278742 2429.005621053557 0
5661 370.9348197521185 3835.002881777629 0
5662 878.2005618397104 3605.478445370229 0
5663 806.1049926428445 3860.041264857446 0
5664 1921.452145077972 3645.620839385441 0
5665 2893.340189829931 2439.213381855532 0
5666 2906.965826137562 2443.003247314227 0
5667 2897.859066217295 2452.252335179338 0
5668 2910.280927230361 2455.35757917321 0
5669 2581.992343898365 2452.202776553704 0
5670 2444.4254752713 2467.859588564703 0
5671 1915.684939041656 3545.82832143381 0
5672 3040.843820697223 2418.03191389894 0
5673 2787.363633769995 2447.100522519322 0
5674 2401.546160942152 2647.354332212683 0
5675 1396.957406835317 3575.623584090036 0
5676 3027.412934518027 2405.004488504018 0
5677 1492.035453540432 3720.400118502817 0
5678 1486.289691773881 3620.56537729423 0
5679 2831.964384570232 2441.705851294 0
5680 2522.373347626401 2452.013078525373 0
5681 2533.305391714583 2440.11524405342 0
5682 2434.470419693846 2450.729747034503 0
5683 2578.902599572098 2622.936182054832 0
5684 2582.892262493446 2646.749764008035 0
5685 2440.037174804494 2445.44551862573 0
5686 2922.754147846135 2531.177034783745 0
5687 2955.334369620061 2562.919001381213 0
5688 1176.598762630692 2718.930242211801 0
5689 2803.292029765618 3895.347947679291 0
5690 3005.667297286457 2399.421784700894 0
5691 2548.112344525821 2488.424303245456 0
5692 1587.11297963585 3865.176628344288 0
5693 1902.138544508982 2409.401547043803 0
5694 2559.617298089629 2476.635042060933 0
5695 2725.450519282354 4050.077976754049 0
5696 2772.915467098359 2453.021133872286 0
5697 2431.403184285049 2631.618366602928 0
5698 2552.532331324439 4060.028407937003 0
5699 2320.039313200828 2519.93616308906 0
5700 1670.700499628543 3810.283094905388 0
5701 2212.438810992419 4179.768496601811 0
5702 4235.75581824248 3161.832551025707 0
5703 2091.33383764583 2416.667743217008 0
5704 3944.642049824752 2627.537819077397 0
5705 3950.45350350689 2727.419624760449 0
5706 4129.185399700425 2817.386921229489 0
5707 3728.480890939822 3391.339939955515 0
5708 2611.204519528716 2633.695493026567 0
5709 4976.45985858431 2468.103603895353 0
5710 4224.266747638839 2962.164873054327 0
5711 3221.225095660293 3620.881548924215 0
5712 2719.705681036878 3950.241320300776 0
5713 2430.752666575217 2648.480468555022 0
5714 2415.03274142679 2656.173214798158 0
5715 3806.32682797361 3236.62813906161 0
5716 4146.42347151226 3116.888500457947 0
5717 4815.108133842084 2677.741864283595 0
5718 4480.769929095134 2897.319109647266 0
5719 2296.026817240173 4124.874911936604 0
5720 2379.614222486984 4069.980765764074 0
5721 4469.277928998654 2697.647315187341 0
5722 4374.199364347316 2552.870508035366 0
5723 4910.162411306722 2822.521445318036 0
5724 4039.840607160354 2772.432780775693 0
5725 2310.764943922947 2508.170310528254 0
5726 2305.529098792771 2515.354075934571 0
5727 4134.929838086584 2917.219959518842 0
5728 3812.067609574572 3336.4493042449 0
5729 2745.688323019367 2536.481445507314 0
5730 2635.937808213845 2598.508459725686 0
5731 2969.242309285959 2568.480213478389 0
5732 2969.829948062748 2577.279988759609 0
5733 5288.582762685179 1851.223498935626 0
5734 2473.559273922439 2625.012026697481 0
5735 2643.341017505406 2003.870886182579 0
5736 3005.54808764088 2225.865500177119 0
5737 2824.449989028333 2514.952132943467 0
5738 2250.390792432901 2196.633498799164 0
5739 2640.793279458646 2646.015644543977 0
5740 2627.631055477182 2658.1639939839 0
5741 2370.132481067943 2542.250339425658 0
5742 2664.193091956967 1762.257833845376 0
5743 2392.713070259683 2443.734352318731 0
5744 2528.773782754184 2529.048564972403 0
5745 2751.440382743411 2524.390202576953 0
5746 2455.686797025121 2494.727718267954 0
5747 3836.011133774313 78.40759407870109 0
5748 1145.185918817497 4915.459935666482 0
5749 1096.727956429268 4834.398722117927 0
5750 947.9129791695445 4900.825970772445 0
5751 2236.274352854093 78.21844449446371 0
5752 3334.490740740741 86.20160269150438 0
5753 3634.652241853141 95.32168264791699 0
5754 2435.224398198831 100.6254858087182 0
5755 4628.472222222222 86.20160269150392 0
5756 3236.968512715801 87.99111999278739 0
5757 4031.25 86.20160269150301 0
5758 5132.991859662236 4911.823005325623 0
5759 4630.434893200611 4912.407723237167 0
5760 4424.452418291889 4898.870316566332 0
5761 746.5277777777792 86.20160269150392 0
5762 3337.369643873934 4916.375899630546 0
5763 2040.509259259259 86.20160269150574 0
5764 4921.629456307253 4916.949431890358 0
5765 4221.754786407961 4915.813290413295 0
5766 746.5277777777785 4913.798397308496 0
5767 2683.25291113082 2559.828771285459 0
5768 1910.108996462873 2559.802865385224 0
5769 840.8060856219342 4458.65217678614 0
5770 2535.508436462516 2405.014175755635 0
5771 3055.009832508592 2766.41392568455 0
5772 91.36996721886635 2147.128163814351 0
5773 1552.922689013636 88.95701925889853 0
5774 2979.186952382772 2541.472419277987 0
5775 3051.794049276637 3105.309776482313 0
5776 2166.998837146141 1941.645439943402 0
5777 2435.635470117971 2482.505756789566 0
5778 5190.090631553874 4819.925474813464 0
5779 2233.416729528085 1889.155939258783 0
5780 5185.876655019654 3154.381584808763 0
5781 2981.781773940787 2739.018396151976 0
5782 2345.278436365722 2512.915837152018 0
5783 266.0351522117367 1049.999999999871 0
5784 264.5554737101493 850.4572412810799 0
5785 2909.070429116799 1980.34212589224 0
5786 2372.153869900967 2629.519613288086 0
5787 2977.373861343278 2450.663744420123 0
5788 2967.38754348268 2445.97400715159 0
5789 2297.996956011355 2466.736101425881 0
5790 2054.049876457007 2570.473204500014 0
5791 3673.323522897232 2413.560715748578 0
5792 994.9311021232998 2601.921195185741 0
5793 2357.789069301047 1748.410714778807 0
5794 611.6748256974415 450.6205029014295 0
5795 2703.636015834542 2598.064705817784 0
5796 4029.616699227322 4919.033795753201 0
5797 2263.723359111941 2504.141465199467 0
5798 2310.350424057222 2532.699059681337 0
5799 89.10299250358912 950.1993738298602 0
5800 2360.035590482672 2468.68284306787 0
5801 219.0741813449076 2694.275673433308 0
5802 2670.890083483198 2557.051200841981 0
5803 5283.155675098364 4553.239254803405 0
5804 1513.634363057148 2962.334139400387 0
5805 2375.470695996818 2544.383526457135 0
5806 2665.474684733621 2552.111177266152 0
5807 3104.680705181589 2544.774334540184 0
5808 2319.556293976929 2471.449235164576 0
5809 2175.851390996892 2219.337927224 0
5810 2720.280251936768 2466.697694067084 0
5811 2376.699783850956 2244.492094791128 0
5812 5285.496355858297 1652.008230570258 0
5813 171.8632103094096 195.838890404515 0
5814 2340.443669333062 2411.337623457091 0
5815 4513.534427065116 896.027679460637 0
5816 847.1732884924138 4557.851130541349 0
5817 1756.015437992446 2089.264227853208 0
5818 1681.540639562538 2131.100787159592 0
5819 2969.127539970604 2542.472961874254 0
5820 2678.679356640531 2541.435433924505 0
5821 2674.124293402443 2545.69081532073 0
5822 2668.743135446247 2537.365892036699 0
5823 3918.96123486465 2214.055981535209 0
5824 3115.998989647385 2475.87958533847 0
5825 3123.414127254361 2523.55347377508 0
5826 2890.169877171165 2462.267692809092 0
5827 2752.628741121502 2270.857991402784 0
5828 2561.234706621451 2537.225354118373 0
5829 1737.538174185163 4905.323402227937 0
5830 3057.517947234577 2396.036369272575 0
5831 3073.948063748648 2392.32811943102 0
5832 2941.287311684865 2495.315828903414 0
5833 3119.221952151238 2336.483608426834 0
5834 3131.252285877505 2313.872006956654 0
5835 2867.826553119486 2686.904996771617 0
5836 1534.523942186931 4917.581563391414 0
5837 1434.796050353188 2868.298000984851 0
5838 162.4388806499546 88.71573636458197 0
5839 85.81108695769126 1848.223953755589 0
5840 3587.01303383721 2208.730618647935 0
5841 2306.388738844327 2337.356150785654 0
5842 5290.386031810323 1950.415365387603 0
5843 2215.897910942042 2491.399530860641 0
5844 2428.777077615763 2502.469420746294 0
5845 698.7770381527614 402.8598671989112 0
5846 2316.418154408676 2494.44978474163 0
5847 177.2547722201225 1000.093611762859 0
5848 2719.28653356 2713.720306916151 0
5849 2675.424647882443 2718.347959178423 0
5850 2114.146824700883 2356.281502676064 0
5851 2641.088048186763 2429.741607827575 0
5852 83.82938658069452 1650 0
5853 2534.190299149009 2546.586902771842 0
5854 2552.761523340923 2549.617984152743 0
5855 2320.259805048401 2388.122524489665 0
5856 2304.882881496139 2457.14915462012 0
5857 2563.470697886694 2923.937029952625 0
5858 2933.908666657659 2562.139814226998 0
5859 85.3593604588882 3553.506237547384 0
5860 5025.954473634512 4812.7308719424 0
5861 2873.5315477086 2902.916606614413 0
5862 2512.300484183896 1939.819474864532 0
5863 2314.575850842228 2551.148919919791 0
5864 2443.754781405491 2512.732840278288 0
5865 937.0762285475671 4601.159967211623 0
5866 2746.674691581879 2482.735992139438 0
5867 1090.121107552631 2666.803982380011 0
5868 2988.189365804475 2591.10428634093 0
5869 2987.129721218528 2602.723105377032 0
5870 2643.169623275276 2479.02766532931 0
5871 2382.552608828363 2315.808038088649 0
5872 2947.219049349608 2532.084605006153 0
5873 1343.75 82.85553028978347 0
5874 1343.750000000001 4917.152535471999 0
5875 3021.184921436337 2468.178544784676 0
5876 2696.035746085547 2459.360850683765 0
5877 1868.426521618531 2946.400119107422 0
5878 2997.380345020339 2847.283180475525 0
5879 2932.083681620596 2300.604030582439 0
5880 2722.913624735447 2593.793591482198 0
5881 1434.737677521383 2663.290955315512 0
5882 3000.493517768255 2125.21611864611 0
5883 2946.599671344472 1597.441161318464 0
5884 2794.025747778374 2418.96037622362 0
5885 3046.229836173211 2464.641813757228 0
5886 3046.74535210622 2471.815422173534 0
5887 2948.19869907641 2730.741580995007 0
5888 2456.57576597268 2481.521811431363 0
5889 2459.624035949123 2488.956788866043 0
5890 2896.482003901765 2128.508025906203 0
5891 2948.957461546883 2537.441940002067 0
5892 169.1868004893818 4800 0
5893 161.8149908308774 4906.335668281223 0
5894 2745.488190094012 1722.891384657257 0
5895 5202.385883899451 193.0700002292956 0
5896 5212.228930401272 88.74925676848989 0
5897 2694.415852616194 2412.033905029299 0
5898 2301.968782794017 2495.882551906855 0
5899 784.5047137197403 452.7420650334743 0
5900 3103.499893324308 2434.624138756775 0
5901 3196.105669781908 2355.641968050754 0
5902 2414.422530150161 2467.74976910479 0
5903 2220.110661678312 2527.160241197222 0
5904 2634.749503704722 2583.903558578236 0
5905 3334.379091845723 2069.18927529328 0
5906 78.75883575323451 2654.61900148141 0
5907 2765.904356169264 4743.074232008177 0
5908 2722.714071202282 2444.526069834643 0
5909 2584.4064804015 2752.741631500607 0
5910 2394.767553619387 2585.969243100974 0
5911 3075.382811551539 2625.365427691297 0
5912 2791.645539791237 2607.563506906739 0
5913 2783.653792308519 2621.165125896699 0
5914 2793.468346036251 2637.531954972617 0
5915 2770.577899567087 2639.288838368792 0
5916 2765.576785956829 2616.195377544235 0
5917 2893.871059839095 2530.41057659723 0
5918 2638.251177875483 2495.55561235864 0
5919 2635.766472697627 2500.048043729384 0
5920 2633.397720028968 2494.45632815498 0
5921 2937.422502905078 2606.271775753151 0
5922 1435.89794465324 2460.792858951748 0
5923 2513.518819502359 2290.197335963423 0
5924 2766.802424421976 2392.679102597071 0
5925 2731.899817528696 2511.298625007546 0
5926 3029.185885633201 2529.882231741678 0
5927 3025.653552515859 2527.094633093922 0
5928 2927.200484001543 2441.931246581668 0
5929 3021.693044334151 2543.700217851927 0
5930 2728.72572335662 2285.314091697689 0
5931 2945.213532542833 2460.656868420184 0
5932 2407.222935473883 2319.28010745872 0
5933 2676.753613749119 2454.773956358034 0
5934 169.7374889299417 1796.833889723115 0
5935 1519.689065357053 2312.703403552228 0
5936 5206.734924337066 2002.255803471739 0
5937 3128.559496344925 2786.48278982526 0
5938 2339.12037037037 4918.8609813732 0
5939 2043.951334640852 2677.048655222203 0
5940 1029.024146355533 4647.567292525262 0
5941 2304.661546209534 2412.90364256897 0
5942 1850.014718899556 2849.863203017757 0
5943 2747.004989636356 3224.133636149826 0
5944 3100.228160555892 2560.248120602843 0
5945 2294.966468597306 2659.252458530033 0
5946 870.0569849045824 405.4704894408114 0
5947 2360.311852532257 2536.518467810634 0
5948 257.5873105365713 1646.676805600096 0
5949 2997.395126690798 2545.569145478878 0
5950 2342.263387549592 2508.935147224824 0
5951 2326.76759527264 2440.172281340639 0
5952 3161.961026221478 3000.407594544752 0
5953 3541.544738939787 2586.32719102174 0
5954 5224.419366521557 4917.350503632719 0
5955 3063.266116836544 2558.00040452316 0
5956 1201.595337510208 4830.273697555205 0
5957 2424.547879425094 2517.976966395684 0
5958 1000.891674405405 2801.42964816584 0
5959 3032.857800465943 2500.157815032168 0
5960 3035.157826812543 2504.625694744346 0
5961 192.2752556513119 3442.856416885214 0
5962 1119.697488460703 4689.264976253586 0
5963 5027.331532499248 3374.905745291523 0
5964 2939.043411174733 2324.671594342127 0
5965 2531.885958898147 3295.102091249416 0
5966 2812.890998410469 2526.738900699403 0
5967 2996.975773706959 2584.648762702308 0
5968 3464.814928293246 1706.328526238678 0
5969 2068.443871356686 1886.839841305591 0
5970 2346.354989602498 2451.437703012155 0
5971 3017.433590308195 2304.981634128765 0
5972 4826.875243983677 4920.398989338539 0
5973 2726.638437023649 2649.369610619651 0
5974 2995.384894176887 2454.418818510729 0
5975 4694.238978898012 4836.706989683239 0
5976 2445.931142725956 2519.892534789677 0
5977 4709.244370764656 983.2094854032471 0
5978 2279.913675370771 2964.366435308228 0
5979 2903.234577261933 2535.692661469593 0
5980 2919.848059456938 2542.842932510613 0
5981 3033.017351853627 2448.185770639818 0
5982 2937.116523716027 2414.768977155838 0
5983 2813.039197715881 2645.903745711771 0
5984 165.0219904982473 4696.071472930164 0
5985 2627.020205954959 2492.843864490794 0
5986 2365.854930380183 2460.294331314755 0
5987 3138.569925637877 4918.521600638215 0
5988 2631.509264803268 2504.96627506352 0
5989 3015.17460358655 2535.872206881195 0
5990 2974.209995921263 2539.151089525983 0
5991 2814.481935533153 2481.550580785666 0
5992 3898.322028610827 4827.359812662253 0
5993 2700.667556582258 2587.860795272453 0
5994 3023.578410734925 2472.378579256637 0
5995 2739.203756209703 2493.710181803732 0
5996 955.1622855709895 455.9838067455094 0
5997 2742.024175510587 2106.34216040669 0
5998 2689.64491249986 2092.973664633048 0
5999 2464.94439782281 2533.871846090023 0
6000 605.9248125798495 4838.577022382151 0
6001 3094.855496762616 2459.522059603436 0
6002 2904.52870501968 2464.781252060078 0
6003 2793.797077442016 2561.305819420454 0
6004 2743.868212597219 2460.043211516386 0
6005 2375.697470182474 2549.256729615913 0
6006 2714.711539150732 2538.117026994253 0
6007 1982.976992623205 4847.077860886315 0
6008 2341.535843388654 2500.819804800887 0
6009 2446.065333734827 2474.697630313533 0
6010 2451.306508189508 2463.926745036114 0
6011 171.0040732865032 1697.633640114143 0
6012 2484.935042598883 2391.45092560174 0
6013 2727.597849067423 2551.052900570542 0
6014 5209.106740973665 2102.800000402085 0
6015 2525.428073657223 2425.312341160414 0
6016 2695.627786148869 2540.410778230028 0
6017 3258.781373587728 2814.608785507963 0
6018 1547.458669064657 2768.822418832784 0
6019 1531.613064765283 2584.497522076264 0
6020 3026.459375898386 2513.358475669105 0
6021 2418.550124369232 2422.687159562759 0
6022 2430.329841010075 2423.876880614564 0
6023 2970.533091344551 2227.457363217067 0
6024 809.5812323485977 160.0595736810042 0
6025 161.0109462174596 4596.425886447145 0
6026 2670.237690107905 2542.212096507719 0
6027 2391.970473429415 2411.128415791998 0
6028 2419.132996877698 2538.539268305119 0
6029 2203.231779810121 2321.637459478471 0
6030 2736.712670383909 2489.289836532824 0
6031 2735.291911417942 2484.494022698249 0
6032 3362.681000892063 2884.4141530806 0
6033 2519.145697820242 2628.113046455478 0
6034 3016.695021028533 2438.701617843919 0
6035 3009.691936155199 2436.826054427769 0
6036 2135.49666651324 2185.735913650132 0
6037 2364.743295592648 2539.698892218404 0
6038 3046.426298618162 2520.413109766684 0
6039 2695.000944924342 2561.55197505908 0
6040 2672.123926951207 2351.326771500379 0
6041 2619.338465369483 2436.639659635435 0
6042 2751.171042313844 2297.832679511959 0
6043 1008.233641671814 2907.357250324872 0
6044 2436.895973102749 2543.666359954206 0
6045 2442.974395874377 2539.465640132128 0
6046 1041.798381276649 407.955586050417 0
6047 3079.304752424829 2536.053778842494 0
6048 2939.052709224743 2572.83892959381 0
6049 2774.567290399622 2512.277522225842 0
6050 2245.686432124066 2770.798566580674 0
6051 68.83437072755396 3349.060325067628 0
6052 2339.770101295955 2449.069985550897 0
6053 2334.345845974284 2454.553016508044 0
6054 1148.601861889318 78.82973872114371 0
6055 2799.82219125089 2477.421919593522 0
6056 2149.569640373176 3283.61165747082 0
6057 2538.55413622005 2744.912261546643 0
6058 2992.634736629815 2557.203930980254 0
6059 3547.844512843371 1653.505428273623 0
6060 2635.722131976719 83.40208083787775 0
6061 3132.515300200194 2896.256161059054 0
6062 2659.000806211915 2552.548302472491 0
6063 2982.658203687628 2546.069289593669 0
6064 2761.847274023839 2598.977539922455 0
6065 2356.258363508317 2533.723406641404 0
6066 3131.517299153057 2718.946864792253 0
6067 2336.832285511235 2461.433445314419 0
6068 2596.43866631512 4750.67241988565 0
6069 3359.609705210434 2405.916238248738 0
6070 2990.86088214546 2709.861734567771 0
6071 2561.292685082822 2562.551653712032 0
6072 2569.413731004272 2263.927257626995 0
6073 2758.299710127036 3310.87632432897 0
6074 2471.773480914476 2921.220719067478 0
6075 3080.247030459502 2485.314488379972 0
6076 2780.539785933507 2484.622203298181 0
6077 2635.306644115792 2476.232670957482 0
6078 3283.595266764731 2210.18339735884 0
6079 3470.217335955038 3055.637618289068 0
6080 3572.307140470863 2130.389638662075 0
6081 2304.375041263154 2274.491947808503 0
6082 2606.797472271326 2586.918679189007 0
6083 1129.764542276146 361.3408756031845 0
6084 2674.258594848128 2692.180302112658 0
6085 988.7501359720907 2312.835286912529 0
6086 4777.525093076501 740.9579333706624 0
6087 2261.091825634423 2475.135049241317 0
6088 2598.864183195738 2484.825174973988 0
6089 3019.197076928657 2532.261843974919 0
6090 3123.564199627346 2687.726739994519 0
6091 2267.371236935131 2421.060763926609 0
6092 2234.77954315641 2424.084874473502 0
6093 2231.974746649015 2399.009438186346 0
6094 2211.384223456571 2412.779100830886 0
6095 2637.731481481481 4924.571968134777 0
6096 2689.199510140236 2318.421180531064 0
6097 5211.850747849847 2202.0472525748 0
6098 2023.541845769781 2474.089374057771 0
6099 2907.871781383112 2491.505869955954 0
6100 2617.190835270171 2565.23123595097 0
6101 2625.815161368163 2574.015213906179 0
6102 2897.668943850972 2242.937678144754 0
6103 3159.313251445709 2398.552018239045 0
6104 2920.117515969283 2744.975419313425 0
6105 3014.477253616365 2560.467459208804 0
6106 2664.219695483978 2454.916989309419 0
6107 2660.452009466529 2458.038521439923 0
6108 2398.494680743831 2451.325848919835 0
6109 80.18380371184776 4546.73439251151 0
6110 80.31390884258872 4446.055319150221 0
6111 1094.496374971846 2962.684775335027 0
6112 2456.519729719324 2453.45067231855 0
6113 2437.683700910161 2511.849875055271 0
6114 2374.832659253006 2934.654147063443 0
6115 2739.366543741866 84.07261002474297 0
6116 2214.158237316151 2454.456143422612 0
6117 3035.120355222685 2530.235426588817 0
6118 3014.303380233954 2463.00145968839 0
6119 2281.958357599487 2554.480455122034 0
6120 2397.755762659811 2576.569205362034 0
6121 2947.481271934737 2375.703749856709 0
6122 2268.793930888759 2517.083842236769 0
6123 2614.733792375213 2466.306320421425 0
6124 1213.068656527099 410.111544315183 0
6125 2642.444088818298 2566.802124908852 0
6126 2140.396202511585 2133.01740431716 0
6127 517.2647860062066 1491.556064090492 0
6128 2339.014737986548 2483.815496148834 0
6129 2972.456468656483 1964.030085310485 0
6130 3111.711301651779 2570.328584991938 0
6131 4080.577377987054 162.3129222172875 0
6132 3025.274882647021 2482.488515953138 0
6133 2623.666233528869 2772.504273002664 0
6134 2959.265221610195 2433.221697146225 0
6135 3384.423609647885 161.3111429501128 0
6136 185.0305797501751 3247.834666878257 0
6137 1839.368925077539 2753.418906833416 0
6138 1819.22589411559 2474.382832609956 0
6139 1991.717924143127 162.3767960410637 0
6140 2469.0515779965 2129.318296017369 0
6141 3249.027600264685 2171.168941181489 0
6142 2935.00020317595 2553.787941569122 0
6143 3012.142019120628 2539.207971862925 0
6144 3048.594859770162 2495.342859249269 0
6145 2584.749814125638 2465.808771458731 0
6146 2597.7019177022 2528.715381321007 0
6147 3630.670729055949 1502.150324390119 0
6148 2352.82529199593 2576.406798852656 0
6149 3086.439776027009 2478.075156847924 0
6150 2735.173337272657 4923.031929081463 0
6151 5298.90346679004 3547.822599846781 0
6152 4775.677445875872 163.3469610657571 0
6153 2850.661684231472 3351.558149862264 0
6154 2938.154849339183 4929.729817498748 0
6155 2271.655169631811 2434.767131255983 0
6156 1483.489812992305 236.2994269664778 0
6157 2656.989013184179 2424.824513617773 0
6158 2595.019807490479 2456.176167288885 0
6159 2588.476012980107 2027.578835065494 0
6160 2625.640098267625 2071.357920249666 0
6161 2118.924146608166 2583.598777703144 0
6162 2085.031128333082 2599.840463651668 0
6163 2468.765665486601 2757.307996529072 0
6164 343.8676199279143 1687.896201475159 0
6165 3747.908834361624 2362.986174289198 0
6166 3028.55603980647 2520.09235532034 0
6167 2811.758612053453 1782.53028716317 0
6168 3228.047060106464 2355.365317253638 0
6169 3130.76889098288 2659.400044985293 0
6170 3050.744798953885 2586.758800323392 0
6171 1300.196719186593 362.0959509644758 0
6172 2914.034456388513 2599.021399056931 0
6173 2899.961581516924 2591.843261277538 0
6174 2753.22466558311 2482.624193770306 0
6175 4873.005871303531 780.5037692710648 0
6176 5214.186349181845 2302.745222239957 0
6177 3346.55691271105 2824.228299705693 0
6178 2636.731170203037 2505.824884167438 0
6179 2335.643102274107 2533.352589982512 0
6180 3400.510750343025 2031.803450734634 0
6181 2876.326431035812 2494.96185689452 0
6182 1016.485107679476 3103.817501994607 0
6183 3401.912037995695 2369.064159958852 0
6184 3247.820160671501 1868.84245622052 0
6185 2751.71155409667 2641.091621595046 0
6186 2354.891539285596 2443.393829855842 0
6187 2657.119103608001 2776.963651116279 0
6188 2609.249042002455 2440.578339923581 0
6189 1520.672264078436 2405.885247251686 0
6190 2073.912721933164 2768.868898396788 0
6191 3258.068622708135 2664.787189703421 0
6192 3128.568131520359 2946.096931566052 0
6193 2996.612174047118 2432.025118876643 0
6194 2082.878270748084 2637.574473553491 0
6195 2855.764562587746 2478.100313588383 0
6196 2420.172674377673 3426.553152719729 0
6197 2681.86017764859 2370.136931000241 0
6198 3057.077838898901 2441.955744164961 0
6199 2314.669845372333 3284.829504073699 0
6200 3205.053830065624 2619.456353238249 0
6201 2295.210027640629 2380.692888765581 0
6202 2433.566515917712 2574.066237288912 0
6203 3074.309069150299 2433.543444299725 0
6204 3351.224770607095 2575.847286006764 0
6205 3026.613867160795 2638.209745737919 0
6206 2865.845650780129 2374.255163607752 0
6207 2798.386351677135 2522.322185100325 0
6208 2380.857486293672 2443.647298158495 0
6209 2985.189919643789 2452.480142087832 0
6210 3000.997154668834 2456.435881753518 0
6211 3026.856306563762 2468.932405683302 0
6212 2646.891977979566 2251.530556570862 0
6213 3054.443530945934 2320.067540403477 0
6214 2961.25751749952 2445.549132560417 0
6215 4586.344450751512 163.85378902191 0
6216 2258.496965275412 2326.378766036237 0
6217 2594.737799671471 3419.854179079526 0
6218 2491.558738513341 2568.341817688681 0
6219 2388.705893292911 2545.472006472984 0
6220 2338.536929492393 2399.955224641915 0
6221 2610.658714542047 2259.261519945864 0
6222 1392.78479716965 309.0954765566967 0
6223 78.54773503384604 3134.664471453312 0
6224 2644.733233557047 2589.407302444986 0
6225 3321.094927321357 2469.112480725772 0
6226 2287.830605517138 2820.107527344142 0
6227 157.4305916042572 4397.414386359027 0
6228 2873.309644690084 1846.975285462388 0
6229 2715.889266594006 2547.878744505438 0
6230 3135.240876393926 2493.873141404257 0
6231 3026.928790204895 2623.64245659712 0
6232 941.8666831968676 76.50992715984057 0
6233 2754.06128936361 2402.807116458422 0
6234 3714.100571431899 1448.956104870183 0
6235 2197.741960386883 159.1267096821202 0
6236 2463.431101915405 2570.498250691448 0
6237 2452.859430660915 2575.427862563175 0
6238 2359.005141817039 2454.965725731156 0
6239 2810.522599649278 2510.559810853537 0
6240 606.1042885854404 164.2903938797576 0
6241 2479.765438983216 2237.054390490563 0
6242 3104.018443068252 2193.440740722611 0
6243 2186.351643967089 2934.162076446803 0
6244 2231.44709311793 2937.225961081057 0
6245 5298.981795994147 3645.484435165562 0
6246 3728.707853551085 4930.502264587727 0
6247 2918.019391155913 2447.864893708224 0
6248 2433.042334619195 2500.047598231229 0
6249 2605.878147593686 2461.275081048212 0
6250 3874.696826769559 159.7516309325492 0
6251 2962.823654936074 2425.94144390883 0
6252 427.4816222086738 1635.519512908597 0
6253 2294.199045421235 2586.764426801973 0
6254 2336.008397041074 2479.819698788762 0
6255 2616.904930403919 2290.296127687317 0
6256 2393.817922395397 2010.065591555381 0
6257 2993.033908641861 2271.976454683152 0
6258 2998.527530286242 2342.565202464207 0
6259 2222.034105185775 3150.323090859162 0
6260 3021.037607566044 2476.190024214694 0
6261 2940.044258374162 3046.604087832051 0
6262 2880.456975065333 2514.325868566634 0
6263 2731.964827594023 2477.035296964167 0
6264 2729.492505550445 2473.118992419559 0
6265 2728.320810290394 2467.99577658408 0
6266 2488.633772262208 2712.066527943555 0
6267 2989.479648457425 2429.723184214369 0
6268 3242.841650869337 2326.037286649266 0
6269 2875.55877305114 163.8025913204524 0
6270 2299.523232965894 2300.142922912611 0
6271 2934.319760415627 2482.659520336119 0
6272 5217.700378267657 2402.117360671137 0
6273 2714.485852655323 2532.621023879379 0
6274 3212.847821096936 2435.10908013495 0
6275 3215.872038207936 2974.800283780338 0
6276 3451.218356959454 2215.557325490034 0
6277 2989.878137592417 2664.274206319978 0
6278 4950.854541101321 637.7759895217648 0
6279 2822.429503939697 2973.920699089489 0
6280 2428.562739966019 2345.219355145686 0
6281 3548.794576636573 1554.132522346556 0
6282 2431.079328132096 2252.37562157506 0
6283 2195.163791060694 1998.014927103314 0
6284 2413.496026231424 2340.014376817588 0
6285 2378.52978884101 2335.550651363224 0
6286 2361.795552082133 2571.967136940218 0
6287 2341.289734196959 2561.090798232036 0
6288 2605.319860233286 2369.100577425721 0
6289 2918.740903744444 2371.052721732994 0
6290 2704.531005906343 2424.574036986127 0
6291 2865.690511839666 2404.939720884496 0
6292 2557.769863761348 2415.819470829147 0
6293 2843.44498702876 2431.997719066549 0
6294 2736.861447542522 2153.137080804927 0
6295 2645.623241325438 2437.478165911475 0
6296 3002.324498294599 2388.76277680634 0
6297 2479.063586863623 2640.203679632099 0
6298 2399.599279898169 2568.917634737104 0
6299 2313.261170399458 2585.059210749544 0
6300 2424.234438305509 2433.058783916357 0
6301 2311.591817468494 2522.383589317297 0
6302 2657.206609743808 2158.078178028215 0
6303 2317.812367212214 2464.615787731256 0
6304 2913.87540144605 2471.359930407594 0
6305 2947.878298895147 2642.973860714155 0
6306 2962.429910551642 2574.21933424862 0
6307 2580.628517155759 2160.898429052335 0
6308 2579.903674889519 2110.440278832664 0
6309 2348.308321929163 2562.977402226102 0
6310 2419.365968771052 2571.754187304176 0
6311 2360.392023110855 2438.096732682965 0
6312 2916.232797746069 2512.522607631745 0
6313 2632.040289390768 2452.013285369215 0
6314 2640.11855516046 2503.04596589592 0
6315 2767.325923864477 2431.201981369387 0
6316 2937.190971729354 2478.444674367102 0
6317 3197.823676793595 164.8466294590412 0
6318 2632.7439745468 2488.750514429674 0
6319 2322.128851481498 2591.766325847636 0
6320 2410.345192321588 2428.648951073059 0
6321 2714.248927433066 2542.993077617316 0
6322 3262.563304805017 2350.878666644104 0
6323 3269.318121107908 2628.641911147495 0
6324 4492.538290796444 4833.358235981781 0
6325 2975.823468365557 2673.625457274224 0
6326 3287.538522070875 2120.644017856412 0
6327 2366.363293881138 1910.350144387094 0
6328 2683.652424448982 3365.663279145669 0
6329 2969.384489227116 2547.153808865829 0
6330 2682.810765224181 4788.963545424986 0
6331 252.3176568407516 4930.518600539365 0
6332 2723.088527044806 2556.418802713348 0
6333 2705.523200916261 2276.628502706394 0
6334 2925.813577645813 2270.765576260839 0
6335 2713.794353223476 2599.660819304176 0
6336 2771.696056499953 2520.960686635114 0
6337 2492.939949214639 2622.854949320626 0
6338 3011.145485775058 2455.446174125327 0
6339 3015.64533990245 2452.529795602375 0
6340 2467.648027114591 2498.895499957375 0
6341 2702.719642028821 2836.732610641962 0
6342 2592.460385318844 2724.48113296659 0
6343 2433.585509993158 2564.512707859786 0
6344 2656.810303731107 2526.914141284216 0
6345 3533.564814814815 68.47368890798862 0
6346 2504.647145805322 165.1620894454882 0
6347 2837.480106319083 2546.074005856347 0
6348 2330.290159068285 3384.06308282787 0
6349 2477.599955576165 2576.752722006484 0
6350 2990.190948051766 2551.008847804648 0
6351 2985.318548304705 2550.027887296978 0
6352 2816.142774575394 2307.742273970188 0
6353 2764.762408678498 2507.780423652367 0
6354 2903.384567366046 2577.488741219069 0
6355 3030.121192196803 2483.435364564672 0
6356 2721.363079443912 2526.892706778404 0
6357 2597.587332661074 2467.11038518037 0
6358 1300.422324876008 3246.456287006461 0
6359 2656.72710476003 2459.45136621901 0
6360 2913.569226361069 2412.012288529389 0
6361 2616.925106761334 2546.585559074518 0
6362 3057.79470598133 2549.201021121622 0
6363 3073.273805406881 2407.198954209963 0
6364 3033.53851402143 2575.988714698913 0
6365 2610.040929910121 2553.907428093629 0
6366 155.8843445091265 4297.624193774976 0
6367 1104.150730605299 3153.76639283164 0
6368 2670.367447246309 2745.817781546797 0
6369 2688.872633386723 2545.039777593729 0
6370 2338.74324374675 2606.932661442891 0
6371 2353.457609199744 2628.68559602794 0
6372 2781.655938470175 2397.581245342445 0
6373 2252.820073109744 2613.305596155868 0
6374 2608.855664884526 2530.247822383944 0
6375 3046.145567281078 2562.290847560211 0
6376 3199.280223567921 2414.210538719056 0
6377 3184.980401915272 2396.188849179565 0
6378 2956.10564569256 2466.342590230985 0
6379 1839.971702413605 67.4590749142053 0
6380 2278.268244750931 2643.799803920173 0
6381 2272.745151382931 2664.70099191793 0
6382 3075.574710707455 2545.846867615788 0
6383 62.97964233395942 3045.847058556485 0
6384 1490.647101613415 1739.150101660651 0
6385 2947.111404519077 2509.314053778081 0
6386 2647.998439020868 2678.593550846606 0
6387 3797.865863238141 1398.237454794625 0
6388 2221.683900974125 2582.160055238017 0
6389 3003.899869520923 2441.498400443119 0
6390 878.2521052505517 4836.133855800574 0
6391 3264.857374381569 3097.12134854139 0
6392 2731.679557338213 2527.608423734306 0
6393 3042.238378992694 2530.4182258013 0
6394 2397.64563509323 2420.846503602631 0
6395 2154.584803711186 4929.09658506897 0
6396 5237.810392688698 2709.045752688024 0
6397 2723.995544254587 2468.269689365466 0
6398 2185.147632259915 2413.470867386098 0
6399 436.5806493222672 4927.432310193326 0
6400 2375.049479536277 2569.000410277973 0
6401 2435.131192379042 2514.866251903683 0
6402 2434.738963004941 2508.495150575717 0
6403 2967.721046877712 3217.863303183234 0
6404 5199.567766888131 3762.054797663809 0
6405 2983.026892144993 2574.012631985602 0
6406 2740.344493470477 2483.555043937014 0
6407 2402.120679536642 2543.461525091951 0
6408 2850.553474507935 1927.69724416588 0
6409 2424.709809429971 2526.30839100238 0
6410 3047.939475366396 2738.88445408119 0
6411 2341.790128311286 2492.197239098787 0
6412 2915.490731381651 2436.75006232485 0
6413 2804.52195596598 2407.354083126435 0
6414 2622.039276960444 2427.571339507066 0
6415 4610.724918807223 938.5340012468082 0
6416 4429.398148148149 66.90820179208868 0
6417 3475.617272298888 2511.576776507306 0
6418 3006.402545283132 2458.436737297445 0
6419 2599.367870738752 2643.221543227098 0
6420 432.235114440844 1541.930419605459 0
6421 2739.791640397106 2568.773484618053 0
6422 2566.177543131579 2388.033772267426 0
6423 1284.789359510118 1774.575538209197 0
6424 3652.930880072604 2168.901184338635 0
6425 3035.87962962963 66.74606697963281 0
6426 3075.750421319062 2378.026017587463 0
6427 1843.105628948429 4926.986122684526 0
6428 2027.058232147974 2331.533168640808 0
6429 5308.988359581881 753.4227163836701 0
6430 2686.522233727862 2418.743313720718 0
6431 2520.628760905164 2112.933724269927 0
6432 3384.259259259257 4846.803248381314 0
6433 2704.462573680662 2580.127273526626 0
6434 3006.97692258093 2725.961701098233 0
6435 3087.159132618623 2657.094350707991 0
6436 2296.243560689566 1932.414153477997 0
6437 5221.509196293319 2502.957734899492 0
6438 2210.391789377702 2387.098244664267 0
6439 2741.678545493227 2650.582377787046 0
6440 3023.909775123895 2914.654715239961 0
6441 4230.324074074073 66.39121525817563 0
6442 2266.220457483225 2557.789649589167 0
6443 2497.695462632506 2504.363597186594 0
6444 2466.525029352315 2544.151861601788 0
6445 2342.899994665635 2713.323587593998 0
6446 1680.37801423356 2042.565828854317 0
6447 5046.034899258297 676.8350222746553 0
6448 2361.37836666684 2307.997075806648 0
6449 2387.841857489042 2651.951409952646 0
6450 3025.621758748132 2393.81957592327 0
6451 2735.505050730838 2497.529498721119 0
6452 2828.225096887245 2325.567947377567 0
6453 2973.727700287788 2391.08538247792 0
6454 2354.148274444027 167.731329204817 0
6455 2682.518364314577 2040.675510965372 0
6456 2920.846746786579 2457.177765441731 0
6457 3015.654404496395 2542.159852274108 0
6458 2659.240566371869 2536.711832373108 0
6459 3279.563005326544 2379.515590627851 0
6460 3719.230338837756 167.8771787640808 0
6461 2309.241492736639 2495.419031565563 0
6462 2901.976867528352 2482.702069054593 0
6463 2952.839225960354 2435.325220783342 0
6464 2419.280271404294 2473.914686049565 0
6465 2926.550177415214 2719.784780347241 0
6466 3533.564814814815 4934.436760653864 0
6467 2726.811065039254 2528.945431175874 0
6468 2318.286842749976 2446.302558861046 0
6469 2423.857043872357 2578.405542493865 0
6470 2351.48485429035 2526.798167313402 0
6471 3619.620251271769 2791.409786603316 0
6472 1197.435138088449 3201.62048898709 0
6473 2606.022310404426 2540.921045270031 0
6474 1375.852672895698 3191.926539923676 0
6475 4932.117007758805 68.10862633518354 0
6476 2406.706287075256 2453.331048106559 0
6477 2810.182954689695 2353.241909354858 0
6478 2311.06014440571 2677.2264408484 0
6479 1055.532103658557 1181.537858125904 0
6480 3033.231592728997 2491.703144610289 0
6481 3054.380258887553 1748.75906421836 0
6482 152.9284891257962 4197.770849301757 0
6483 2464.704648292005 2481.900904125766 0
6484 3068.705194095554 2519.349126760171 0
6485 1990.232277232768 2891.789846971487 0
6486 2954.62048608357 2531.424720540781 0
6487 2924.857373673195 2607.361744206083 0
6488 3100.998838681954 2700.721795124082 0
6489 2646.609092413193 2115.036616140043 0
6490 2380.999676758734 2581.835567197114 0
6491 2840.806124221862 2309.419149234351 0
6492 2944.50689374408 2029.314877216321 0
6493 2919.835687632208 2081.984073054594 0
6494 2338.924983945219 2487.904199048169 0
6495 2781.715046680769 2550.683763862417 0
6496 2483.348063164945 2437.645207290223 0
6497 170.4107265043044 2945.209403893153 0
6498 2407.869140479168 2420.061098544419 0
6499 2366.244223553113 2271.661980453145 0
6500 3026.237752867767 2522.715435629825 0
6501 3883.2279674449 1344.898909493663 0
6502 2636.67759589447 2574.219980610297 0
6503 2414.455058558538 2225.296948645906 0
6504 5109.626449391962 3430.989949053649 0
6505 2815.16355236518 2540.169130476834 0
6506 2629.627838882018 2479.173281725509 0
6507 2496.038491345219 2433.103458550503 0
6508 2244.503267780838 2302.352170310696 0
6509 2925.904145088647 2414.328749380463 0
6510 2514.807064408832 2395.771962141787 0
6511 2437.149530237801 2429.170742156744 0
6512 2708.74705985917 2612.906335020725 0
6513 2206.905631597299 2510.087241496122 0
6514 3079.561643935506 2524.531908970345 0
6515 2350.688841194477 2519.859228194484 0
6516 2227.385389589342 2175.512989918875 0
6517 600.585015323365 1527.157118692327 0
6518 2341.210749553752 2512.95490498723 0
6519 5310.9476052816 3850 0
6520 2275.974584152504 2508.957002147581 0
6521 2519.905525998719 2944.688281448013 0
6522 1270.89503253021 1883.473078208205 0
6523 2205.34278383475 2367.121201177152 0
6524 5227.999952422734 2605.651865613591 0
6525 2927.786398097899 2544.230589355953 0
6526 3240.516552873972 2607.204104969963 0
6527 3285.248798070819 2600.096830719568 0
6528 2651.063403850384 2472.906293628264 0
6529 2787.857976293101 2476.616742227442 0
6530 2783.148594642734 2467.132988778499 0
6531 2407.730269510709 2458.546532556657 0
6532 2489.113302118257 2292.569081832384 0
6533 2255.523876884658 2648.781923439312 0
6534 195.2080133331756 3723.17028973796 0
6535 5205.614767096336 853.7703855233649 0
6536 3039.508352635435 2301.889662326535 0
6537 3042.470801070329 2279.621893657642 0
6538 2432.599671599739 2495.905798023781 0
6539 3068.335706686952 2371.494601611334 0
6540 2659.424052754106 2431.580167598856 0
6541 3030.118509842885 2441.566818507737 0
6542 2047.336098682461 2506.166684425766 0
6543 2736.670799262041 2503.333983317453 0
6544 2442.523851091251 2569.708019704946 0
6545 2870.316969165066 1630.737581346123 0
6546 1824.453948840884 2568.637528969362 0
6547 2361.343536713069 2374.743881755831 0
6548 2677.462051576983 2557.166223385944 0
6549 5305.192234430499 2871.162349527275 0
6550 680.9406254502151 1473.651900250349 0
6551 2333.086102789578 2565.458851233245 0
6552 2830.443892867958 3036.653452432889 0
6553 2402.620437771788 2392.344434250723 0
6554 2375.181815422241 2643.15413400441 0
6555 3162.609085651694 2586.082040443466 0
6556 2664.352494288708 2419.781791910244 0
6557 2661.072689533103 2598.998120992214 0
6558 2723.839529804576 2517.719572920346 0
6559 2939.680472594766 2362.79503909632 0
6560 2928.468680264067 2364.591313035553 0
6561 2948.075845080974 2525.883768644258 0
6562 2110.45863749717 2522.654623487056 0
6563 2084.115645725375 2544.605838752271 0
6564 2704.788966101106 2546.734404139626 0
6565 2844.601589075422 2369.355643671326 0
6566 2782.402104597511 2458.246130681871 0
6567 2700.689552758783 2461.550783730485 0
6568 2099.209446611622 2103.245363433106 0
6569 2390.652619850805 2393.86810230054 0
6570 5126.157407407409 62.56042881310077 0
6571 1438.337745743865 3041.397741709808 0
6572 1395.805857943805 142.3697647325516 0
6573 2740.991748643949 2431.225228269904 0
6574 2312.903860127847 2400.85549403834 0
6575 2652.889083825778 2581.998355906508 0
6576 2360.27233044587 2464.704086603084 0
6577 2638.718218094481 2511.264491562915 0
6578 2806.861590848005 2249.950147106121 0
6579 2865.05705326048 2764.722577068837 0
6580 150.3140054931237 4097.832735191943 0
6581 2941.939637097615 2499.23045755019 0
6582 2466.970221233053 2552.962948231053 0
6583 2363.870651867991 2618.24026004879 0
6584 1145.035322324993 1231.0184272049 0
6585 2957.96412629386 2534.809897441872 0
6586 2240.956467803434 3244.575303526442 0
6587 3003.37924178719 2620.214733939303 0
6588 447.9166666666702 61.53809212514898 0
6589 2966.152052463299 2456.486697865623 0
6590 1642.361111111111 61.52321483173046 0
6591 3967.97853476249 1294.160055785398 0
6592 2927.116096120673 2483.822372080573 0
6593 157.729468353903 3878.337151386408 0
6594 3103.44252283451 2448.653064464974 0
6595 5202.444896836715 3482.851674505293 0
6596 61.4280947027296 2850 0
6597 2600.201787075492 2476.059628460621 0
6598 2348.977708488056 2512.631274162463 0
6599 3127.896283796083 2481.960235365221 0
6600 3469.090218132173 2993.914362110959 0
6601 2434.988582955886 2413.599706849399 0
6602 2215.043623658742 2548.418372219011 0
6603 2662.88460841591 2580.779390286672 0
6604 3105.528074513105 2673.029016924937 0
6605 2315.064843078626 2456.003606254637 0
6606 3127.977016614983 3113.678321083152 0
6607 4170.562810218515 4847.044319717249 0
6608 1484.886513043817 152.8905006999421 0
6609 2212.473291144 2599.95336211517 0
6610 2874.078879526954 2582.226303581546 0
6611 2874.902982276491 2461.992413982263 0
6612 2757.311334625967 2242.62193822681 0
6613 2269.911199755279 2686.406433396553 0
6614 4344.880196740179 4836.268509541263 0
6615 3037.206444278204 2442.907588904854 0
6616 5121.75501447143 631.5833307479393 0
6617 1185.051849508699 1938.959673699538 0
6618 2379.131276455512 2376.413245754633 0
6619 695.956204792016 4851.256749434839 0
6620 2414.121896836284 2463.319034707377 0
6621 3056.725718723498 2564.988203668462 0
6622 2661.496531947164 2450.423414096093 0
6623 2446.437866121758 2439.859413394134 0
6624 2352.233554272578 2453.590765935566 0
6625 2713.700256698687 2461.889168827901 0
6626 2300.895229873985 1861.031005805138 0
6627 5310.814116165255 2738.039229371434 0
6628 2382.415431375837 2413.921005275437 0
6629 2355.469958399408 2146.211481639874 0
6630 5314.599120883722 950 0
6631 3811.544934764046 2318.44357731736 0
6632 2386.070990703539 2979.53702168986 0
6633 2710.56168807069 2455.284694527757 0
6634 2665.895688666464 2589.018412192819 0
6635 2756.90662073042 2527.513628994764 0
6636 2683.868491952422 2339.281039560607 0
6637 3063.754839837547 2434.873044632857 0
6638 3752.160595942804 2116.403002787622 0
6639 2518.056503915444 2439.234261535673 0
6640 3042.480527910088 2524.244870787982 0
6641 2689.756711155832 2559.155221534721 0
6642 2646.305625878919 2481.771737259927 0
6643 5303.459783371873 4928.484143048971 0
6644 5301.840009044247 73.28317858336004 0
6645 73.15999095575262 4926.71682141664 0
6646 73.15999095575398 73.28317858335959 0
6647 2932.008971921811 2541.009823667818 0
6648 2587.73017141431 2576.842716372546 0
6649 1675.288340281555 1940.624178918695 0
6650 2944.862092990483 2617.00730018452 0
6651 2655.717866056684 2725.746412388529 0
6652 3028.963083882312 2465.430083045496 0
6653 3447.994008176302 2880.471572352594 0
6654 2792.451468716806 2405.527472717331 0
6655 3016.873300255547 2283.385545357721 0
6656 5125.01889173513 4012.14659107978 0
6657 3490.822356226715 2555.951792955444 0
6658 147.6097872559531 4006.083885837681 0
6659 2415.888594341613 2546.145400089288 0
6660 3841.266689051433 2159.784326495499 0
6661 2332.752764606226 2447.189950160819 0
6662 2976.692765067331 2578.420305300098 0
6663 2686.231709369084 4864.046471212478 0
6664 2625.748721575449 2563.6357255873 0
6665 5096.619241126373 4841.730163499544 0
6666 3027.477593921434 2545.073232888201 0
6667 2628.189041570205 2510.292227447733 0
6668 1231.926183187757 1276.014350226981 0
6669 2599.788361603631 2506.315772261617 0
6670 2826.02279431728 2281.907323236286 0
6671 3109.820851453024 2531.225273690042 0
6672 3045.61749338406 2577.582829626092 0
6673 3539.023902208147 2708.219372494249 0
6674 2640.567759598409 2514.990737837456 0
6675 1436.277705629522 1792.903090239337 0
6676 2404.460356851398 2603.538670184896 0
6677 2443.538236377351 2546.285599029345 0
6678 2215.334677307919 2432.932180600453 0
6679 1482.702723983576 4849.309221851183 0
6680 1019.168148269909 4841.271910490059 0
6681 3191.21355277887 4850.388671616922 0
6682 3397.77331978578 2578.418340950069 0
6683 2376.704587378867 2724.768866442764 0
6684 252.0981567579543 61.92182267143608 0
6685 2561.190316472861 2641.230785663836 0
6686 2721.836397821597 2734.976556386083 0
6687 4053.693684728852 1240.293290763889 0
6688 1657.232665829642 4838.351835722138 0
6689 2734.907323803008 2530.127715583105 0
6690 2578.675452701449 2376.828340005628 0
6691 2090.02457408582 2379.728791284462 0
6692 2686.552034284988 2540.995460932832 0
6693 4781.371910661164 4858.680011298001 0
6694 3037.001132614691 2408.077871262762 0
6695 1100.788405558106 1990.57497740142 0
6696 5201.350738230729 674.6684822090174 0
6697 3981.908165627573 4855.799036973231 0
6698 2701.733778789625 2549.620227012571 0
6699 3054.194331970166 2656.470923268446 0
6700 142.43528124165 2697.449582958985 0
6701 1682.60668113601 1855.053181828661 0
6702 2712.874870371787 2560.71868329839 0
6703 2901.614099999366 2545.063006156312 0
6704 2389.369375664976 2549.784424211733 0
6705 2389.915037454796 2554.839837119974 0
6706 2543.829629510999 2001.626485021193 0
6707 2639.756946688286 2476.602519625143 0
6708 1935.706119110328 2307.779304866142 0
6709 1878.966870460916 2308.303851040394 0
6710 2656.941714942597 2466.416325818051 0
6711 2337.705314690962 2501.344074157647 0
6712 683.1636685222425 1385.248616442346 0
6713 2356.976366719898 2538.472212532734 0
6714 2437.362802562146 2502.686717067128 0
6715 2343.329690266721 2526.0349400373 0
6716 2352.216676333565 2472.935948632904 0
6717 2482.571266118861 2375.715369261441 0
6718 3122.694209628389 2749.779703596291 0
6719 2868.635360747094 2625.181310428369 0
6720 2751.700191063836 2532.041958332099 0
6721 2378.547011205634 2437.821801166716 0
6722 2606.963078795132 2997.015950344934 0
6723 3031.353795996312 2505.773461771603 0
6724 2842.304720277762 2869.91501592879 0
6725 3083.563940998017 2789.869376617222 0
6726 3052.247959408422 2503.777647154961 0
6727 3540.404358202269 2251.371341820849 0
6728 3339.733746086661 2122.93139705291 0
6729 2494.771504028085 2547.172715049065 0
6730 2015.723078725114 4929.336295094397 0
6731 2472.819458888006 2398.268056915473 0
6732 2437.605141798696 4942.005900023654 0
6733 1568.704217381189 1777.094939895907 0
6734 2229.144397540733 2673.728515885078 0
6735 2427.514816670057 2469.14675692908 0
6736 2406.869541172694 2686.195546861736 0
6737 3070.933845735686 2536.788055000891 0
6738 2723.792692175847 2381.468290135426 0
6739 2687.823455166869 2447.761151374205 0
6740 1295.887345317124 4858.917259796467 0
6741 2938.230205649245 2513.34625172326 0
6742 2263.470615569147 2532.165271986257 0
6743 2696.547145197088 2641.540567125306 0
6744 2931.680698881921 2493.159330407514 0
6745 5235.047163762557 4100.954335851532 0
6746 2396.386670185385 2549.161508957311 0
6747 3003.467967814714 2434.54490007857 0
6748 2884.65984927092 2532.17008888201 0
6749 2895.287906555906 2550.461159309946 0
6750 2715.442316115341 2565.999271498162 0
6751 2989.053242728707 2423.712934420291 0
6752 3259.273189132236 2770.012678813461 0
6753 2350.497795822256 2389.126671403458 0
6754 3039.643176228959 2648.504108531752 0
6755 3105.218275301517 2500.866548069738 0
6756 3008.850697764634 2430.595165201757 0
6757 2699.803135616416 2420.756401110296 0
6758 2447.970667814108 2448.325601606085 0
6759 2811.421917811296 2148.70178255176 0
6760 2549.186259282914 2607.432187840143 0
6761 2295.286694991397 2572.877012545875 0
6762 5217.154255983698 3226.603151605251 0
6763 2951.12233613183 2533.053561516188 0
6764 3012.687759696545 2547.035633535691 0
6765 2355.293314217683 2469.489226715201 0
6766 2665.17650638653 2533.409469184744 0
6767 2453.413674352346 2585.749095355122 0
6768 2908.332772064423 2515.74321018411 0
6769 2977.801455637237 2692.996615712513 0
6770 2296.480536133832 2459.089005880242 0
6771 4957.742940369112 4845.677756744681 0
6772 2052.792799135815 2383.557311424047 0
6773 2364.848321261456 2456.076663830881 0
6774 2645.099040356781 2527.006310298905 0
6775 2640.425537145992 2529.748892703834 0
6776 4139.021091872045 1187.765532128022 0
6777 2471.695124547585 2475.029445875656 0
6778 2462.135011778025 2494.779793318512 0
6779 2773.135940784133 2667.95407152047 0
6780 2858.793865210878 2734.116939651965 0
6781 2736.350348304992 2508.156746537558 0
6782 2687.68057709962 2455.721748939254 0
6783 3323.536812073908 2601.65008242968 0
6784 1030.24570687196 2014.825770577939 0
6785 3331.756369287305 2432.091599786531 0
6786 2693.307868906893 2456.34490500724 0
6787 3015.408710888311 2613.664162600693 0
6788 3018.202130689299 1979.745353060311 0
6789 2613.627577384854 2647.074886886121 0
6790 2804.149658712292 2501.420072184948 0
6791 2787.782175009801 1919.28426169916 0
6792 2721.107008806771 2450.485103880327 0
6793 5235.945615403944 2904.123021512036 0
6794 2357.718012474501 2432.660492746699 0
6795 763.4779530096303 1335.811748036461 0
6796 2752.434782794855 2540.0338169045 0
6797 2426.139394615279 2547.196167247715 0
6798 2332.241707024322 2501.747340469388 0
6799 2707.605702410769 2630.10001546679 0
6800 2987.475454591515 2246.582694692323 0
6801 2428.740022328997 2473.087731646155 0
6802 2630.116609335405 2424.908392110546 0
6803 2758.673021392709 2014.392488828102 0
6804 3500.747147162733 2942.53553168591 0
6805 2188.926693323078 2515.086347415232 0
6806 3182.255682426106 3073.573760068485 0
6807 2670.643477682279 2551.173058170553 0
6808 2717.523510569858 2555.156977335899 0
6809 2655.652266890427 2530.971143449631 0
6810 1808.903492643553 2665.981687463878 0
6811 2386.769908098475 2445.661437855571 0
6812 2543.164126690828 2662.055730912423 0
6813 2307.533198973356 2386.669515126013 0
6814 2379.565471744398 2450.274603314941 0
6815 2480.610936404424 2501.029371428425 0
6816 2748.106673712319 2318.206322182704 0
6817 2555.421049570538 2399.593629376705 0
6818 1135.105406157369 4765.514884172915 0
6819 2848.232396578533 2709.469200869701 0
6820 1238.289527840433 1374.642447692612 0
6821 3437.388066287089 2488.341681068211 0
6822 2428.722606086278 2516.475744720119 0
6823 2681.077146461883 2421.65527765877 0
6824 2956.979377084434 2570.161808755224 0
6825 3053.625656264927 2493.085236067723 0
6826 2296.36406334779 2317.109032901289 0
6827 5217.965201752035 3928.817907122225 0
6828 2349.485670167133 2523.930094891832 0
6829 2371.941732497542 2550.840374397306 0
6830 2393.483948032202 2571.310466364898 0
6831 2916.317730858581 2428.955902671171 0
6832 3444.388325702314 2578.847799025879 0
6833 2366.754789212601 2411.578316967867 0
6834 2734.586287578463 2563.681250606567 0
6835 3000.18723710486 2543.068809055585 0
6836 2717.25875848887 2424.966199071246 0
6837 2259.721163943796 2546.333059690166 0
6838 3045.066357027584 2490.326557637788 0
6839 2307.070863660054 2501.415258771583 0
6840 2331.991713469703 2537.00186686677 0
6841 3406.965213537669 3077.645585830291 0
6842 2583.6036322762 2067.081966729765 0
6843 2946.404174008649 2517.605860307384 0
6844 1262.604212601257 1504.095537048107 0
6845 3185.071194652478 2582.961099662365 0
6846 3031.893301355792 2495.246454231375 0
6847 2734.775786560328 2371.773504120925 0
6848 2357.725480743738 2726.715877566351 0
6849 1012.952252451008 2145.100722132367 0
6850 2531.384800546355 2781.153798588463 0
6851 2743.178682256938 2478.224425382108 0
6852 2731.60387210763 2484.426996274433 0
6853 3023.27857291035 2441.109205817222 0
6854 2949.113238594373 2521.780176932769 0
6855 2304.533405793775 1793.724834750502 0
6856 2397.393012966189 1952.608271927683 0
6857 3071.38949283648 2883.077714056117 0
6858 220.1652349080487 3860.892336817522 0
6859 1210.063447964986 148.6984773129498 0
6860 2572.759540051231 2476.916614617774 0
6861 2649.402219883604 2454.424145678415 0
6862 2649.665161648356 2524.890220669615 0
6863 3282.131897222531 2569.39655381224 0
6864 3148.95814399557 2491.026585512487 0
6865 3021.969345027035 2528.657432982007 0
6866 2643.564506231837 2545.697547830328 0
6867 2404.936253284604 2447.668001566754 0
6868 892.5742372737127 139.0309485426869 0
6869 2441.549438218165 2483.693834416982 0
6870 5134.91084093691 3274.989878259551 0
6871 2056.050876420521 3266.814661969146 0
6872 2396.523341815755 2606.381511740577 0
6873 2452.574960485234 2433.979255404839 0
6874 2544.042946892648 3370.773337100914 0
6875 2961.941084081938 2585.262242974864 0
6876 3485.23504471461 2694.988530493553 0
6877 3008.596697276832 2539.785513401955 0
6878 2248.069892799219 2688.135382422334 0
6879 4223.342361173087 1139.044032765157 0
6880 2603.536516410303 2512.807388806878 0
6881 2396.134912484849 2454.078522956377 0
6882 3048.117566300726 2531.860408019977 0
6883 5236.411390453546 2995.961545308655 0
6884 2070.411829948966 3070.037926388304 0
6885 2268.003408258084 4849.198227677734 0
6886 2398.280520210501 2543.095493874549 0
6887 2946.841637474206 2505.743107037348 0
6888 2982.058570156163 2450.243450242019 0
6889 162.7039595183501 2759.324695902862 0
6890 2488.077256706154 2737.724672098766 0
6891 2438.964549056064 2437.333845646397 0
6892 2622.964631467246 2675.788781549284 0
6893 2901.144251192567 2528.135804895235 0
6894 3057.584227392617 2502.953588273728 0
6895 2247.994073744586 2388.727010189719 0
6896 2661.086139559138 2405.466157933927 0
6897 2672.767418302129 2588.209191728982 0
6898 2751.859470675271 2547.065873216366 0
6899 3156.563210141399 2314.213594327799 0
6900 5220.012295841552 1023.596956331429 0
6901 238.096613763345 2601.048899518116 0
6902 3133.707350736438 2818.526486560406 0
6903 3028.59748671314 2516.494592159353 0
6904 3048.781136552179 2569.77576694966 0
6905 5128.322436622144 1104.873938204925 0
6906 2237.963251176719 2654.862369497281 0
6907 2259.654083743869 2805.704439101075 0
6908 2698.673412342958 2542.261529164223 0
6909 2453.104031176691 2476.721052128962 0
6910 2844.792892336287 2940.042466253184 0
6911 1876.764521890384 3178.16751753218 0
6912 2665.305197388267 2617.92576674497 0
6913 3185.48575453293 2375.54941413677 0
6914 2349.307311104435 2477.774552058733 0
6915 576.1215084860455 4930.407512282662 0
6916 2305.2681332202 2702.20704242461 0
6917 2321.271571452693 2714.857155822172 0
6918 2285.009199830778 2701.684140319078 0
6919 2351.356006715775 2448.283408806481 0
6920 2646.949985926607 2472.622692599924 0
6921 2322.288637420169 2604.209085174874 0
6922 2056.203812626723 2532.877902512954 0
6923 2322.229491635714 2831.005734661459 0
6924 3141.929642020234 2196.204255483543 0
6925 2704.82436535994 2459.24798123181 0
6926 2702.715509652749 2542.32933725094 0
6927 2037.610013737768 2281.554468735742 0
6928 2199.49602921247 2400.723565578902 0
6929 2733.085669544768 2481.108243987726 0
6930 2770.895268160266 2060.152338008251 0
6931 2673.872089228828 2456.885801676555 0
6932 2212.077851928449 2567.289235681747 0
6933 2034.04655695703 1996.000994065784 0
6934 2093.483172884419 2571.523966042289 0
6935 2639.955470871385 2536.12617663542 0
6936 5226.855143442792 4190.371364351256 0
6937 2793.352994847318 2350.956766632913 0
6938 3022.310029316628 3170.619312851328 0
6939 2283.294100688564 138.020820241376 0
6940 2956.333441787582 2538.043204202088 0
6941 2696.794033515768 2367.10122414565 0
6942 1896.004495316119 4867.718836367461 0
6943 2961.945427828584 2457.600049863137 0
6944 3789.293588596253 138.4619978039168 0
6945 2208.994344712594 2473.377843284756 0
6946 2336.101513588131 2528.229226917561 0
6947 2253.987178277148 2162.172313731278 0
6948 2391.039982243556 2612.367767857404 0
$EndNodes
$Elements
14042
1 15 2 0 1 1
2 15 2 0 2 2
3 15 2 0 3 3
4 15 2 0 4 4
5 15 2 0 5 5
6 15 2 0 6 6
7 15 2 0 7 7
8 15 2 0 8 8
9 15 2 0 9 9
10 15 2 0 10 10
11 1 2 0 1 1 11
12 1 2 0 1 11 12
13 1 2 0 1 12 13
14 1 2 0 1 13 14
15 1 2 0 1 14 15
16 1 2 0 1 15 16
17 1 2 0 1 16 17
18 1 2 0 1 17 18
19 1 2 0 1 18 19
20 1 2 0 1 19 20
21 1 2 0 1 20 21
22 1 2 0 1 21 22
23 1 2 0 1 22 23
24 1 2 0 1 23 24
25 1 2 0 1 24 25
26 1 2 0 1 25 26
27 1 2 0 1 26 27
28 1 2 0 1 27 28
29 1 2 0 1 28 29
30 1 2 0 1 29 30
31 1 2 0 1 30 31
32 1 2 0 1 31 32
33 1 2 0 1 32 33
34 1 2 0 1 33 34
35 1 2 0 1 34 35
36 1 2 0 1 35 36
37 1 2 0 1 36 37
38 1 2 0 1 37 38
39 1 2 0 1 38 39
40 1 2 0 1 39 40
41 1 2 0 1 40 41
42 1 2 0 1 41 42
43 1 2 0 1 42 43
44 1 2 0 1 43 44
45 1 2 0 1 44 45
46 1 2 0 1 45 46
47 1 2 0 1 46 47
48 1 2 0 1 47 48
49 1 2 0 1 48 49
50 1 2 0 1 49 50
51 1 2 0 1 50 51
52 1 2 0 1 51 52
53 1 2 0 1 52 53
54 1 2 0 1 53 54
55 1 2 0 1 54 55
56 1 2 0 1 55 56
57 1 2 0 1 56 57
58 1 2 0 1 57 58
59 1 2 0 1 58 59
60 1 2 0 1 59 60
61 1 2 0 1 60 61
62 1 2 0 1 61 62
63 1 2 0 1 62 63
64 1 2 0 1 63 2
65 1 2 0 2 3 64
66 1 2 0 2 64 65
67 1 2 0 2 65 66
68 1 2 0 2 66 67
69 1 2 0 2 67 68
70 1 2 0 2 68 69
71 1 2 0 2 69 70
72 1 2 0 2 70 71
73 1 2 0 2 71 72
74 1 2 0 2 72 73
75 1 2 0 2 73 74
76 1 2 0 2 74 75
77 1 2 0 2 75 76
78 1 2 0 2 76 77
79 1 2 0 2 77 78
80 1 2 0 2 78 79
81 1 2 0 2 79 80
82 1 2 0 2 80 81
83 1 2 0 2 81 82
84 1 2 0 2 82 83
85 1 2 0 2 83 84
86 1 2 0 2 84 85
87 1 2 0 2 85 86
88 1 2 0 2 86 87
89 1 2 0 2 87 88
90 1 2 0 2 88 89
91 1 2 0 2 89 90
92 1 2 0 2 90 91
93 1 2 0 2 91 92
94 1 2 0 2 92 93
95 1 2 0 2 93 94
96 1 2 0 2 94 95
97 1 2 0 2 95 96
98 1 2 0 2 96 97
99 1 2 0 2 97 98
100 1 2 0 2 98 99
101 1 2 0 2 99 100
102 1 2 0 2 100 101
103 1 2 0 2 101 102
104 1 2 0 2 102 103
105 1 2 0 2 103 104
106 1 2 0 2 104 105
107 1 2 0 2 105 106
108 1 2 0 2 106 107
109 1 2 0 2 107 108
110 1 2 0 2 108 109
111 1 2 0 2 109 110
112 1 2 0 2 110 111
113 1 2 0 2 111 112
114 1 2 0 2 112 1
115 1 2 0 3 2 113
116 1 2 0 3 113 114
117 1 2 0 3 114 115
118 1 2 0 3 115 116
119 1 2 0 3 116 117
120 1 2 0 3 117 118
121 1 2 0 3 118 119
122 1 2 0 3 119 120
123 1 2 0 3 120 121
124 1 2 0 3 121 122
125 1 2 0 3 122 123
126 1 2 0 3 123 124
127 1 2 0 3 124 125
128 1 2 0 3 125 126
129 1 2 0 3 126 127
130 1 2 0 3 127 128
131 1 2 0 3 128 129
132 1 2 0 3 129 130
133 1 2 0 3 130 131
134 1 2 0 3 131 132
135 1 2 0 3 132 133
136 1 2 0 3 133 134
137 1 2 0 3 134 135
138 1 2 0 3 135 136
139 1 2 0 3 136 137
140 1 2 0 3 137 138
141 1 2 0 3 138 139
142 1 2 0 3 139 140
143 1 2 0 3 140 141
144 1 2 0 3 141 142
145 1 2 0 3 142 143
146 1 2 0 3 143 144
147 1 2 0 3 144 145
148 1 2 0 3 145 146
149 1 2 0 3 146 147
150 1 2 0 3 147 148
151 1 2 0 3 148 149
152 1 2 0 3 149 150
153 1 2 0 3 150 151
154 1 2 0 3 151 152
155 1 2 0 3 152 153
156 1 2 0 3 153 154
157 1 2 0 3 154 155
158 1 2 0 3 155 156
159 1 2 0 3 156 157
160 1 2 0 3 157 158
161 1 2 0 3 158 159
162 1 2 0 3 159 160
163 1 2 0 3 160 161
164 1 2 0 3 161 4
165 1 2 0 4 4 162
166 1 2 0 4 162 163
167 1 2 0 4 163 164
168 1 2 0 4 164 165
169 1 2 0 4 165 166
170 1 2 0 4 166 167
171 1 2 0 4 167 168
172 1 2 0 4 168 169
173 1 2 0 4 169 170
174 1 2 0 4 170 171
175 1 2 0 4 171 172
176 1 2 0 4 172 173
177 1 2 0 4 173 174
178 1 2 0 4 174 175
179 1 2 0 4 175 176
180 1 2 0 4 176 177
181 1 2 0 4 177 178
182 1 2 0 4 178 179
183 1 2 0 4 179 180
184 1 2 0 4 180 181
185 1 2 0 4 181 182
186 1 2 0 4 182 183
187 1 2 0 4 183 184
188 1 2 0 4 184 185
189 1 2 0 4 185 186
190 1 2 0 4 186 187
191 1 2 0 4 187 188
192 1 2 0 4 188 189
193 1 2 0 4 189 190
194 1 2 0 4 190 191
195 1 2 0 4 191 192
196 1 2 0 4 192 193
197 1 2 0 4 193 194
198 1 2 0 4 194 195
199 1 2 0 4 195 196
200 1 2 0 4 196 197
201 1 2 0 4 197 198
202 1 2 0 4 198 199
203 1 2 0 4 199 200
204 1 2 0 4 200 201
205 1 2 0 4 201 202
206 1 2 0 4 202 203
207 1 2 0 4 203 204
208 1 2 0 4 204 205
209 1 2 0 4 205 206
210 1 2 0 4 206 207
211 1 2 0 4 207 208
212 1 2 0 4 208 209
213 1 2 0 4 209 210
214 1 2 0 4 210 211
215 1 2 0 4 211 212
216 1 2 0 4 212 213
217 1 2 0 4 213 214
218 1 2 0 4 214 3
219 1 2 0 5 5 215
220 1 2 0 5 215 216
221 1 2 0 5 216 217
222 1 2 0 5 217 218
223 1 2 0 5 218 219
224 1 2 0 5 219 220
225 1 2 0 5 220 221
226 1 2 0 5 221 222
227 1 2 0 5 222 223
228 1 2 0 5 223 224
229 1 2 0 5 224 225
230 1 2 0 5 225 226
231 1 2 0 5 226 227
232 1 2 0 5 227 228
233 1 2 0 5 228 229
234 1 2 0 5 229 230
235 1 2 0 5 230 231
236 1 2 0 5 231 232
237 1 2 0 5 232 233
238 1 2 0 5 233 234
239 1 2 0 5 234 235
240 1 2 0 5 235 236
241 1 2 0 5 236 237
242 1 2 0 5 237 238
243 1 2 0 5 238 239
244 1 2 0 5 239 240
245 1 2 0 5 240 241
246 1 2 0 5 241 242
247 1 2 0 5 242 243
248 1 2 0 5 243 244
249 1 2 0 5 244 245
250 1 2 0 5 245 246
251 1 2 0 5 246 247
252 1 2 0 5 247 248
253 1 2 0 5 248 249
254 1 2 0 5 249 250
255 1 2 0 5 250 251
256 1 2 0 5 251 252
257 1 2 0 5 252 253
258 1 2 0 5 253 254
259 1 2 0 5 254 255
260 1 2 0 5 255 256
261 1 2 0 5 256 257
262 1 2 0 5 257 258
263 1 2 0 5 258 259
264 1 2 0 5 259 260
265 1 2 0 5 260 261
266 1 2 0 5 261 5
267 1 2 0 6 6 262
268 1 2 0 6 262 263
269 1 2 0 6 263 264
270 1 2 0 6 264 265
271 1 2 0 6 265 266
272 1 2 0 6 266 267
273 1 2 0 6 267 268
274 1 2 0 6 268 269
275 1 2 0 6 269 270
276 1 2 0 6 270 271
277 1 2 0 6 271 272
278 1 2 0 6 272 273
279 1 2 0 6 273 274
280 1 2 0 6 274 275
281 1 2 0 6 275 276
282 1 2 0 6 276 277
283 1 2 0 6 277 278
284 1 2 0 6 278 279
285 1 2 0 6 279 280
286 1 2 0 6 280 281
287 1 2 0 6 281 282
288 1 2 0 6 282 283
289 1 2 0 6 283 284
290 1 2 0 6 284 285
291 1 2 0 6 285 286
292 1 2 0 6 286 287
293 1 2 0 6 287 288
294 1 2 0 6 288 289
295 1 2 0 6 289 290
296 1 2 0 6 290 291
297 1 2 0 6 291 292
298 1 2 0 6 292 293
299 1 2 0 6 293 294
300 1 2 0 6 294 295
301 1 2 0 6 295 296
302 1 2 0 6 296 297
303 1 2 0 6 297 298
304 1 2 0 6 298 299
305 1 2 0 6 299 300
306 1 2 0 6 300 301
307 1 2 0 6 301 302
308 1 2 0 6 302 303
309 1 2 0 6 303 304
310 1 2 0 6 304 305
311 1 2 0 6 305 306
312 1 2 0 6 306 307
313 1 2 0 6 307 308
314 1 2 0 6 308 6
315 1 2 0 7 7 309
316 1 2 0 7 309 310
317 1 2 0 7 310 311
318 1 2 0 7 311 312
319 1 2 0 7 312 313
320 1 2 0 7 313 314
321 1 2 0 7 314 315
322 1 2 0 7 315 316
323 1 2 0 7 316 317
324 1 2 0 7 317 318
325 1 2 0 7 318 319
326 1 2 0 7 319 320
327 1 2 0 7 320 321
328 1 2 0 7 321 322
329 1 2 0 7 322 323
330 1 2 0 7 323 324
331 1 2 0 7 324 325
332 1 2 0 7 325 326
333 1 2 0 7 326 327
334 1 2 0 7 327 328
335 1 2 0 7 328 329
336 1 2 0 7 329 330
337 1 2 0 7 330 331
338 1 2 0 7 331 332
339 1 2 0 7 332 333
340 1 2 0 7 333 334
341 1 2 0 7 334 335
342 1 2 0 7 335 336
343 1 2 0 7 336 337
344 1 2 0 7 337 338
345 1 2 0 7 338 339
346 1 2 0 7 339 340
347 1 2 0 7 340 341
348 1 2 0 7 341 342
349 1 2 0 7 342 343
350 1 2 0 7 343 344
351 1 2 0 7 344 345
352 1 2 0 7 345 346
353 1 2 0 7 346 347
354 1 2 0 7 347 348
355 1 2 0 7 348 349
356 1 2 0 7 349 350
357 1 2 0 7 350 351
358 1 2 0 7 351 352
359 1 2 0 7 352 353
360 1 2 0 7 353 354
361 1 2 0 7 354 355
362 1 2 0 7 355 7
363 2 2 0 2 365 473 446
364 2 2 0 2 382 434 379
365 2 2 0 2 391 434 382
366 2 2 0 2 411 513 424
367 2 2 0 2 253 465 252
368 2 2 0 2 392 454 396
369 2 2 0 2 473 475 446
370 2 2 0 2 437 492 357
371 2 2 0 2 365 503 473
372 2 2 0 2 427 442 429
373 2 2 0 2 414 435 413
374 2 2 0 2 449 524 450
375 2 2 0 2 492 519 357
376 2 2 0 2 418 443 425
377 2 2 0 2 427 429 410
378 2 2 0 2 409 428 427
379 2 2 0 2 417 422 416
380 2 2 0 2 411 424 407
381 2 2 0 2 420 447 400
382 2 2 0 2 473 503 474
383 2 2 0 2 401 451 418
384 2 2 0 2 418 425 405
385 2 2 0 2 404 414 413
386 2 2 0 2 406 432 420
387 2 2 0 2 437 483 435
388 2 2 0 2 364 436 435
389 2 2 0 2 438 439 411
390 2 2 0 2 381 382 379
391 2 2 0 2 402 440 381
392 2 2 0 2 417 501 422
393 2 2 0 2 383 440 386
394 2 2 0 2 428 507 427
395 2 2 0 2 433 445 432
396 2 2 0 2 435 483 364
397 2 2 0 2 432 521 420
398 2 2 0 2 431 510 412
399 2 2 0 2 381 440 383
400 2 2 0 2 367 480 442
401 2 2 0 2 403 447 417
402 2 2 0 2 370 465 253
403 2 2 0 2 442 480 429
404 2 2 0 2 471 510 431
405 2 2 0 2 408 454 431
406 2 2 0 2 420 448 447
407 2 2 0 2 359 476 460
408 2 2 0 2 424 452 451
409 2 2 0 2 394 463 419
410 2 2 0 2 421 492 414
411 2 2 0 2 462 490 443
412 2 2 0 2 462 496 490
413 2 2 0 2 415 455 398
414 2 2 0 2 359 460 448
415 2 2 0 2 364 456 436
416 2 2 0 2 430 525 480
417 2 2 0 2 412 438 411
418 2 2 0 2 360 499 443
419 2 2 0 2 406 433 432
420 2 2 0 2 380 381 379
421 2 2 0 2 430 492 421
422 2 2 0 2 460 476 461
423 2 2 0 2 425 499 441
424 2 2 0 2 480 525 429
425 2 2 0 2 451 515 418
426 2 2 0 2 443 499 425
427 2 2 0 2 434 523 405
428 2 2 0 2 429 525 410
429 2 2 0 2 473 474 428
430 2 2 0 2 391 523 434
431 2 2 0 2 425 441 426
432 2 2 0 2 380 402 381
433 2 2 0 2 502 509 431
434 2 2 0 2 474 511 507
435 2 2 0 2 447 460 417
436 2 2 0 2 507 511 363
437 2 2 0 2 465 493 252
438 2 2 0 2 396 454 408
439 2 2 0 2 357 484 437
440 2 2 0 2 478 488 441
441 2 2 0 2 424 451 407
442 2 2 0 2 408 431 412
443 2 2 0 2 458 531 413
444 2 2 0 2 422 466 449
445 2 2 0 2 448 464 359
446 2 2 0 2 392 469 454
447 2 2 0 2 440 463 386
448 2 2 0 2 512 524 477
449 2 2 0 2 421 525 430
450 2 2 0 2 394 419 404
451 2 2 0 2 403 415 398
452 2 2 0 2 449 450 423
453 2 2 0 2 463 504 419
454 2 2 0 2 368 515 452
455 2 2 0 2 439 489 486
456 2 2 0 2 467 481 442
457 2 2 0 2 422 449 423
458 2 2 0 2 435 436 413
459 2 2 0 2 414 437 435
460 2 2 0 2 452 491 368
461 2 2 0 2 249 456 248
462 2 2 0 2 362 524 470
463 2 2 0 2 409 427 410
464 2 2 0 2 403 417 416
465 2 2 0 2 470 524 449
466 2 2 0 2 381 383 382
467 2 2 0 2 441 499 478
468 2 2 0 2 248 456 364
469 2 2 0 2 408 411 407
470 2 2 0 2 477 524 362
471 2 2 0 2 467 506 481
472 2 2 0 2 431 509 471
473 2 2 0 2 440 504 463
474 2 2 0 2 362 470 5
475 2 2 0 2 418 515 462
476 2 2 0 2 401 418 405
477 2 2 0 2 404 413 399
478 2 2 0 2 406 420 400
479 2 2 0 2 378 379 377
480 2 2 0 2 390 455 387
481 2 2 0 2 457 458 436
482 2 2 0 2 454 502 431
483 2 2 0 2 408 412 411
484 2 2 0 2 461 501 417
485 2 2 0 2 420 459 448
486 2 2 0 2 256 464 255
487 2 2 0 2 379 434 377
488 2 2 0 2 378 380 379
489 2 2 0 2 387 455 388
490 2 2 0 2 398 455 390
491 2 2 0 2 410 504 402
492 2 2 0 2 383 384 382
493 2 2 0 2 472 473 428
494 2 2 0 2 418 462 443
495 2 2 0 2 437 484 483
496 2 2 0 2 5 470 261
497 2 2 0 2 448 460 447
498 2 2 0 2 413 531 399
499 2 2 0 2 366 501 498
500 2 2 0 2 359 464 256
501 2 2 0 2 384 391 382
502 2 2 0 2 383 385 384
503 2 2 0 2 444 527 369
504 2 2 0 2 436 458 413
505 2 2 0 2 383 386 385
506 2 2 0 2 384 392 391
507 2 2 0 2 498 501 461
508 2 2 0 2 392 395 391
509 2 2 0 2 386 387 385
510 2 2 0 2 392 396 395
511 2 2 0 2 387 388 385
512 2 2 0 2 386 389 387
513 2 2 0 2 475 530 446
514 2 2 0 2 389 390 387
515 2 2 0 2 389 393 390
516 2 2 0 2 389 394 393
517 2 2 0 2 393 397 390
518 2 2 0 2 397 398 390
519 2 2 0 2 376 453 444
520 2 2 0 2 376 444 374
521 2 2 0 2 388 502 469
522 2 2 0 2 375 376 374
523 2 2 0 2 373 375 374
524 2 2 0 2 427 467 442
525 2 2 0 2 456 457 436
526 2 2 0 2 224 368 223
527 2 2 0 2 236 365 235
528 2 2 0 2 260 366 259
529 2 2 0 2 242 367 241
530 2 2 0 2 221 356 220
531 2 2 0 2 233 358 232
532 2 2 0 2 257 359 256
533 2 2 0 2 215 362 5
534 2 2 0 2 227 360 226
535 2 2 0 2 239 363 238
536 2 2 0 2 251 361 250
537 2 2 0 2 230 369 229
538 2 2 0 2 248 364 247
539 2 2 0 2 218 371 217
540 2 2 0 2 254 370 253
541 2 2 0 2 245 357 244
542 2 2 0 2 427 507 467
543 2 2 0 2 404 421 414
544 2 2 0 2 460 461 417
545 2 2 0 2 386 463 389
546 2 2 0 2 420 521 459
547 2 2 0 2 452 518 485
548 2 2 0 2 373 374 358
549 2 2 0 2 372 446 373
550 2 2 0 2 459 464 448
551 2 2 0 2 444 468 374
552 2 2 0 2 442 481 367
553 2 2 0 2 485 491 452
554 2 2 0 2 469 502 454
555 2 2 0 2 232 468 231
556 2 2 0 2 445 465 432
557 2 2 0 2 388 469 385
558 2 2 0 2 389 463 394
559 2 2 0 2 384 469 392
560 2 2 0 2 441 453 426
561 2 2 0 2 439 517 489
562 2 2 0 2 412 495 438
563 2 2 0 2 446 530 373
564 2 2 0 2 369 500 444
565 2 2 0 2 358 468 232
566 2 2 0 2 426 434 405
567 2 2 0 2 474 507 428
568 2 2 0 2 457 522 458
569 2 2 0 2 445 522 361
570 2 2 0 2 453 527 444
571 2 2 0 2 385 469 384
572 2 2 0 2 422 423 416
573 2 2 0 2 400 447 403
574 2 2 0 2 425 426 405
575 2 2 0 2 443 490 360
576 2 2 0 2 424 518 452
577 2 2 0 2 405 523 395
578 2 2 0 2 525 528 410
579 2 2 0 2 446 514 365
580 2 2 0 2 407 451 401
581 2 2 0 2 471 509 415
582 2 2 0 2 374 468 358
583 2 2 0 2 361 522 457
584 2 2 0 2 472 475 473
585 2 2 0 2 361 493 445
586 2 2 0 2 372 373 358
587 2 2 0 2 479 480 367
588 2 2 0 2 402 504 440
589 2 2 0 2 488 527 441
590 2 2 0 2 458 522 433
591 2 2 0 2 414 492 437
592 2 2 0 2 380 409 402
593 2 2 0 2 241 481 240
594 2 2 0 2 409 410 402
595 2 2 0 2 486 526 439
596 2 2 0 2 513 526 518
597 2 2 0 2 409 472 428
598 2 2 0 2 439 513 411
599 2 2 0 2 367 481 241
600 2 2 0 2 462 515 368
601 2 2 0 2 419 421 404
602 2 2 0 2 403 416 415
603 2 2 0 2 438 517 439
604 2 2 0 2 247 483 246
605 2 2 0 2 222 485 221
606 2 2 0 2 234 372 233
607 2 2 0 2 258 476 257
608 2 2 0 2 243 479 242
609 2 2 0 2 244 482 243
610 2 2 0 2 219 489 218
611 2 2 0 2 217 487 216
612 2 2 0 2 229 488 228
613 2 2 0 2 220 486 219
614 2 2 0 2 216 477 215
615 2 2 0 2 228 478 227
616 2 2 0 2 246 484 245
617 2 2 0 2 466 470 449
618 2 2 0 2 226 490 225
619 2 2 0 2 223 491 222
620 2 2 0 2 466 501 366
621 2 2 0 2 422 501 466
622 2 2 0 2 356 486 220
623 2 2 0 2 357 482 244
624 2 2 0 2 221 485 356
625 2 2 0 2 233 372 358
626 2 2 0 2 257 476 359
627 2 2 0 2 218 489 371
628 2 2 0 2 215 477 362
629 2 2 0 2 227 478 360
630 2 2 0 2 364 483 247
631 2 2 0 2 242 479 367
632 2 2 0 2 245 484 357
633 2 2 0 2 371 487 217
634 2 2 0 2 369 488 229
635 2 2 0 2 360 490 226
636 2 2 0 2 368 491 223
637 2 2 0 2 252 493 251
638 2 2 0 2 251 493 361
639 2 2 0 2 224 496 368
640 2 2 0 2 225 496 224
641 2 2 0 2 366 498 259
642 2 2 0 2 250 505 249
643 2 2 0 2 452 515 451
644 2 2 0 2 396 408 407
645 2 2 0 2 236 503 365
646 2 2 0 2 444 500 468
647 2 2 0 2 375 530 378
648 2 2 0 2 231 500 230
649 2 2 0 2 249 505 456
650 2 2 0 2 495 512 494
651 2 2 0 2 450 512 495
652 2 2 0 2 239 506 363
653 2 2 0 2 370 508 459
654 2 2 0 2 368 496 462
655 2 2 0 2 254 508 370
656 2 2 0 2 230 500 369
657 2 2 0 2 513 518 424
658 2 2 0 2 363 511 238
659 2 2 0 2 445 493 465
660 2 2 0 2 365 514 235
661 2 2 0 2 259 498 258
662 2 2 0 2 450 524 512
663 2 2 0 2 260 516 366
664 2 2 0 2 237 503 236
665 2 2 0 2 372 514 446
666 2 2 0 2 455 509 388
667 2 2 0 2 433 522 445
668 2 2 0 2 457 505 361
669 2 2 0 2 459 508 464
670 2 2 0 2 441 527 453
671 2 2 0 2 361 505 250
672 2 2 0 2 240 506 239
673 2 2 0 2 456 505 457
674 2 2 0 2 415 509 455
675 2 2 0 2 480 529 430
676 2 2 0 2 255 508 254
677 2 2 0 2 494 517 438
678 2 2 0 2 371 517 494
679 2 2 0 2 363 506 467
680 2 2 0 2 395 523 391
681 2 2 0 2 438 495 494
682 2 2 0 2 406 531 433
683 2 2 0 2 465 521 432
684 2 2 0 2 370 521 465
685 2 2 0 2 476 498 461
686 2 2 0 2 216 487 477
687 2 2 0 2 228 488 478
688 2 2 0 2 483 484 246
689 2 2 0 2 486 489 219
690 2 2 0 2 243 482 479
691 2 2 0 2 238 511 237
692 2 2 0 2 222 491 485
693 2 2 0 2 468 500 231
694 2 2 0 2 366 516 466
695 2 2 0 2 369 527 488
696 2 2 0 2 235 514 234
697 2 2 0 2 467 507 363
698 2 2 0 2 490 496 225
699 2 2 0 2 371 494 487
700 2 2 0 2 487 512 477
701 2 2 0 2 261 516 260
702 2 2 0 2 494 512 487
703 2 2 0 2 464 508 255
704 2 2 0 2 378 530 475
705 2 2 0 2 258 498 476
706 2 2 0 2 478 499 360
707 2 2 0 2 481 506 240
708 2 2 0 2 430 519 492
709 2 2 0 2 410 528 504
710 2 2 0 2 459 521 370
711 2 2 0 2 234 514 372
712 2 2 0 2 373 530 375
713 2 2 0 2 421 528 525
714 2 2 0 2 416 471 415
715 2 2 0 2 396 401 395
716 2 2 0 2 394 399 393
717 2 2 0 2 397 400 398
718 2 2 0 2 393 497 397
719 2 2 0 2 375 377 376
720 2 2 0 2 396 407 401
721 2 2 0 2 401 405 395
722 2 2 0 2 394 404 399
723 2 2 0 2 397 406 400
724 2 2 0 2 400 403 398
725 2 2 0 2 375 378 377
726 2 2 0 2 423 510 471
727 2 2 0 2 237 511 503
728 2 2 0 2 479 529 480
729 2 2 0 2 378 475 472
730 2 2 0 2 503 511 474
731 2 2 0 2 470 516 261
732 2 2 0 2 518 526 356
733 2 2 0 2 388 509 502
734 2 2 0 2 378 472 380
735 2 2 0 2 466 516 470
736 2 2 0 2 412 510 495
737 2 2 0 2 380 472 409
738 2 2 0 2 489 517 371
739 2 2 0 2 485 518 356
740 2 2 0 2 419 528 421
741 2 2 0 2 357 519 482
742 2 2 0 2 450 510 423
743 2 2 0 2 397 497 406
744 2 2 0 2 423 471 416
745 2 2 0 2 426 520 434
746 2 2 0 2 495 510 450
747 2 2 0 2 376 520 453
748 2 2 0 2 356 526 486
749 2 2 0 2 482 529 479
750 2 2 0 2 430 529 519
751 2 2 0 2 434 520 377
752 2 2 0 2 433 531 458
753 2 2 0 2 497 531 406
754 2 2 0 2 439 526 513
755 2 2 0 2 519 529 482
756 2 2 0 2 399 497 393
757 2 2 0 2 453 520 426
758 2 2 0 2 504 528 419
759 2 2 0 2 377 520 376
760 2 2 0 2 399 531 497
761 2 2 0 3 541 649 622
762 2 2 0 3 558 610 555
763 2 2 0 3 567 610 558
764 2 2 0 3 587 689 600
765 2 2 0 3 300 641 299
766 2 2 0 3 568 630 572
767 2 2 0 3 649 651 622
768 2 2 0 3 613 668 533
769 2 2 0 3 541 679 649
770 2 2 0 3 603 618 605
771 2 2 0 3 590 611 589
772 2 2 0 3 625 700 626
773 2 2 0 3 668 695 533
774 2 2 0 3 594 619 601
775 2 2 0 3 603 605 586
776 2 2 0 3 585 604 603
777 2 2 0 3 593 598 592
778 2 2 0 3 587 600 583
779 2 2 0 3 596 623 576
780 2 2 0 3 649 679 650
781 2 2 0 3 577 627 594
782 2 2 0 3 594 601 581
783 2 2 0 3 580 590 589
784 2 2 0 3 582 608 596
785 2 2 0 3 613 659 611
786 2 2 0 3 540 612 611
787 2 2 0 3 614 615 587
788 2 2 0 3 557 558 555
789 2 2 0 3 578 616 557
790 2 2 0 3 593 677 598
791 2 2 0 3 559 616 562
792 2 2 0 3 604 683 603
793 2 2 0 3 609 621 608
794 2 2 0 3 611 659 540
795 2 2 0 3 608 697 596
796 2 2 0 3 607 686 588
797 2 2 0 3 557 616 559
798 2 2 0 3 543 656 618
799 2 2 0 3 579 623 593
800 2 2 0 3 546 641 300
801 2 2 0 3 618 656 605
802 2 2 0 3 647 686 607
803 2 2 0 3 584 630 607
804 2 2 0 3 596 624 623
805 2 2 0 3 535 652 636
806 2 2 0 3 600 628 627
807 2 2 0 3 570 639 595
808 2 2 0 3 597 668 590
809 2 2 0 3 638 666 619
810 2 2 0 3 638 672 666
811 2 2 0 3 591 631 574
812 2 2 0 3 535 636 624
813 2 2 0 3 540 632 612
814 2 2 0 3 606 701 656
815 2 2 0 3 588 614 587
816 2 2 0 3 536 675 619
817 2 2 0 3 582 609 608
818 2 2 0 3 556 557 555
819 2 2 0 3 606 668 597
820 2 2 0 3 636 652 637
821 2 2 0 3 601 675 617
822 2 2 0 3 656 701 605
823 2 2 0 3 627 691 594
824 2 2 0 3 619 675 601
825 2 2 0 3 610 699 581
826 2 2 0 3 605 701 586
827 2 2 0 3 649 650 604
828 2 2 0 3 567 699 610
829 2 2 0 3 601 617 602
830 2 2 0 3 556 578 557
831 2 2 0 3 678 685 607
832 2 2 0 3 650 687 683
833 2 2 0 3 623 636 593
834 2 2 0 3 683 687 539
835 2 2 0 3 641 669 299
836 2 2 0 3 572 630 584
837 2 2 0 3 533 660 613
838 2 2 0 3 654 664 617
839 2 2 0 3 600 627 583
840 2 2 0 3 584 607 588
841 2 2 0 3 634 707 589
842 2 2 0 3 598 642 625
843 2 2 0 3 624 640 535
844 2 2 0 3 568 645 630
845 2 2 0 3 616 639 562
846 2 2 0 3 688 700 653
847 2 2 0 3 597 701 606
848 2 2 0 3 570 595 580
849 2 2 0 3 579 591 574
850 2 2 0 3 625 626 599
851 2 2 0 3 639 680 595
852 2 2 0 3 544 691 628
853 2 2 0 3 615 665 662
854 2 2 0 3 643 657 618
855 2 2 0 3 598 625 599
856 2 2 0 3 611 612 589
857 2 2 0 3 590 613 611
858 2 2 0 3 628 667 544
859 2 2 0 3 296 632 295
860 2 2 0 3 538 700 646
861 2 2 0 3 585 603 586
862 2 2 0 3 579 593 592
863 2 2 0 3 646 700 625
864 2 2 0 3 557 559 558
865 2 2 0 3 617 675 654
866 2 2 0 3 295 632 540
867 2 2 0 3 584 587 583
868 2 2 0 3 653 700 538
869 2 2 0 3 643 682 657
870 2 2 0 3 607 685 647
871 2 2 0 3 616 680 639
872 2 2 0 3 538 646 6
873 2 2 0 3 594 691 638
874 2 2 0 3 577 594 581
875 2 2 0 3 580 589 575
876 2 2 0 3 582 596 576
877 2 2 0 3 554 555 553
878 2 2 0 3 566 631 563
879 2 2 0 3 633 634 612
880 2 2 0 3 630 678 607
881 2 2 0 3 584 588 587
882 2 2 0 3 637 677 593
883 2 2 0 3 596 635 624
884 2 2 0 3 303 640 302
885 2 2 0 3 555 610 553
886 2 2 0 3 554 556 555
887 2 2 0 3 563 631 564
888 2 2 0 3 574 631 566
889 2 2 0 3 586 680 578
890 2 2 0 3 559 560 558
891 2 2 0 3 648 649 604
892 2 2 0 3 594 638 619
893 2 2 0 3 613 660 659
894 2 2 0 3 6 646 308
895 2 2 0 3 624 636 623
896 2 2 0 3 589 707 575
897 2 2 0 3 542 677 674
898 2 2 0 3 535 640 303
899 2 2 0 3 560 567 558
900 2 2 0 3 559 561 560
901 2 2 0 3 620 703 545
902 2 2 0 3 612 634 589
903 2 2 0 3 559 562 561
904 2 2 0 3 560 568 567
905 2 2 0 3 674 677 637
906 2 2 0 3 568 571 567
907 2 2 0 3 562 563 561
908 2 2 0 3 568 572 571
909 2 2 0 3 563 564 561
910 2 2 0 3 562 565 563
911 2 2 0 3 651 706 622
912 2 2 0 3 565 566 563
913 2 2 0 3 565 569 566
914 2 2 0 3 565 570 569
915 2 2 0 3 569 573 566
916 2 2 0 3 573 574 566
917 2 2 0 3 552 629 620
918 2 2 0 3 552 620 550
919 2 2 0 3 564 678 645
920 2 2 0 3 551 552 550
921 2 2 0 3 549 551 550
922 2 2 0 3 603 643 618
923 2 2 0 3 632 633 612
924 2 2 0 3 271 544 270
925 2 2 0 3 283 541 282
926 2 2 0 3 307 542 306
927 2 2 0 3 289 543 288
928 2 2 0 3 268 532 267
929 2 2 0 3 280 534 279
930 2 2 0 3 304 535 303
931 2 2 0 3 262 538 6
932 2 2 0 3 274 536 273
933 2 2 0 3 286 539 285
934 2 2 0 3 298 537 297
935 2 2 0 3 277 545 276
936 2 2 0 3 295 540 294
937 2 2 0 3 265 547 264
938 2 2 0 3 301 546 300
939 2 2 0 3 292 533 291
940 2 2 0 3 603 683 643
941 2 2 0 3 580 597 590
942 2 2 0 3 636 637 593
943 2 2 0 3 562 639 565
944 2 2 0 3 596 697 635
945 2 2 0 3 628 694 661
946 2 2 0 3 549 550 534
947 2 2 0 3 548 622 549
948 2 2 0 3 635 640 624
949 2 2 0 3 620 644 550
950 2 2 0 3 618 657 543
951 2 2 0 3 661 667 628
952 2 2 0 3 645 678 630
953 2 2 0 3 279 644 278
954 2 2 0 3 621 641 608
955 2 2 0 3 564 645 561
956 2 2 0 3 565 639 570
957 2 2 0 3 560 645 568
958 2 2 0 3 617 629 602
959 2 2 0 3 615 693 665
960 2 2 0 3 588 671 614
961 2 2 0 3 622 706 549
962 2 2 0 3 545 676 620
963 2 2 0 3 534 644 279
964 2 2 0 3 602 610 581
965 2 2 0 3 650 683 604
966 2 2 0 3 633 698 634
967 2 2 0 3 621 698 537
968 2 2 0 3 629 703 620
969 2 2 0 3 561 645 560
970 2 2 0 3 598 599 592
971 2 2 0 3 576 623 579
972 2 2 0 3 601 602 581
973 2 2 0 3 619 666 536
974 2 2 0 3 600 694 628
975 2 2 0 3 581 699 571
976 2 2 0 3 701 704 586
977 2 2 0 3 622 690 541
978 2 2 0 3 583 627 577
979 2 2 0 3 647 685 591
980 2 2 0 3 550 644 534
981 2 2 0 3 537 698 633
982 2 2 0 3 648 651 649
983 2 2 0 3 537 669 621
984 2 2 0 3 548 549 534
985 2 2 0 3 655 656 543
986 2 2 0 3 578 680 616
987 2 2 0 3 664 703 617
988 2 2 0 3 634 698 609
989 2 2 0 3 590 668 613
990 2 2 0 3 556 585 578
991 2 2 0 3 288 657 287
992 2 2 0 3 585 586 578
993 2 2 0 3 662 702 615
994 2 2 0 3 689 702 694
995 2 2 0 3 585 648 604
996 2 2 0 3 615 689 587
997 2 2 0 3 543 657 288
998 2 2 0 3 638 691 544
999 2 2 0 3 595 597 580
1000 2 2 0 3 579 592 591
1001 2 2 0 3 614 693 615
1002 2 2 0 3 294 659 293
1003 2 2 0 3 269 661 268
1004 2 2 0 3 281 548 280
1005 2 2 0 3 305 652 304
1006 2 2 0 3 290 655 289
1007 2 2 0 3 291 658 290
1008 2 2 0 3 266 665 265
1009 2 2 0 3 264 663 263
1010 2 2 0 3 276 664 275
1011 2 2 0 3 267 662 266
1012 2 2 0 3 263 653 262
1013 2 2 0 3 275 654 274
1014 2 2 0 3 293 660 292
1015 2 2 0 3 642 646 625
1016 2 2 0 3 273 666 272
1017 2 2 0 3 270 667 269
1018 2 2 0 3 642 677 542
1019 2 2 0 3 598 677 642
1020 2 2 0 3 532 662 267
1021 2 2 0 3 533 658 291
1022 2 2 0 3 268 661 532
1023 2 2 0 3 280 548 534
1024 2 2 0 3 304 652 535
1025 2 2 0 3 265 665 547
1026 2 2 0 3 262 653 538
1027 2 2 0 3 274 654 536
1028 2 2 0 3 540 659 294
1029 2 2 0 3 289 655 543
1030 2 2 0 3 292 660 533
1031 2 2 0 3 547 663 264
1032 2 2 0 3 545 664 276
1033 2 2 0 3 536 666 273
1034 2 2 0 3 544 667 270
1035 2 2 0 3 299 669 298
1036 2 2 0 3 298 669 537
1037 2 2 0 3 271 672 544
1038 2 2 0 3 272 672 271
1039 2 2 0 3 542 674 306
1040 2 2 0 3 297 681 296
1041 2 2 0 3 628 691 627
1042 2 2 0 3 572 584 583
1043 2 2 0 3 283 679 541
1044 2 2 0 3 620 676 644
1045 2 2 0 3 551 706 554
1046 2 2 0 3 278 676 277
1047 2 2 0 3 296 681 632
1048 2 2 0 3 671 688 670
1049 2 2 0 3 626 688 671
1050 2 2 0 3 286 682 539
1051 2 2 0 3 546 684 635
1052 2 2 0 3 544 672 638
1053 2 2 0 3 301 684 546
1054 2 2 0 3 277 676 545
1055 2 2 0 3 689 694 600
1056 2 2 0 3 539 687 285
1057 2 2 0 3 621 669 641
1058 2 2 0 3 541 690 282
1059 2 2 0 3 306 674 305
1060 2 2 0 3 626 700 688
1061 2 2 0 3 307 692 542
1062 2 2 0 3 284 679 283
1063 2 2 0 3 548 690 622
1064 2 2 0 3 631 685 564
1065 2 2 0 3 609 698 621
1066 2 2 0 3 633 681 537
1067 2 2 0 3 635 684 640
1068 2 2 0 3 617 703 629
1069 2 2 0 3 537 681 297
1070 2 2 0 3 287 682 286
1071 2 2 0 3 632 681 633
1072 2 2 0 3 591 685 631
1073 2 2 0 3 656 705 606
1074 2 2 0 3 302 684 301
1075 2 2 0 3 670 693 614
1076 2 2 0 3 547 693 670
1077 2 2 0 3 539 682 643
1078 2 2 0 3 571 699 567
1079 2 2 0 3 614 671 670
1080 2 2 0 3 582 707 609
1081 2 2 0 3 641 697 608
1082 2 2 0 3 546 697 641
1083 2 2 0 3 652 674 637
1084 2 2 0 3 263 663 653
1085 2 2 0 3 275 664 654
1086 2 2 0 3 659 660 293
1087 2 2 0 3 662 665 266
1088 2 2 0 3 290 658 655
1089 2 2 0 3 285 687 284
1090 2 2 0 3 269 667 661
1091 2 2 0 3 644 676 278
1092 2 2 0 3 542 692 642
1093 2 2 0 3 545 703 664
1094 2 2 0 3 282 690 281
1095 2 2 0 3 643 683 539
1096 2 2 0 3 666 672 272
1097 2 2 0 3 547 670 663
1098 2 2 0 3 663 688 653
1099 2 2 0 3 308 692 307
1100 2 2 0 3 670 688 663
1101 2 2 0 3 640 684 302
1102 2 2 0 3 554 706 651
1103 2 2 0 3 305 674 652
1104 2 2 0 3 654 675 536
1105 2 2 0 3 657 682 287
1106 2 2 0 3 606 695 668
1107 2 2 0 3 586 704 680
1108 2 2 0 3 635 697 546
1109 2 2 0 3 281 690 548
1110 2 2 0 3 549 706 551
1111 2 2 0 3 597 704 701
1112 2 2 0 3 592 647 591
1113 2 2 0 3 572 577 571
1114 2 2 0 3 570 575 569
1115 2 2 0 3 573 576 574
1116 2 2 0 3 569 673 573
1117 2 2 0 3 551 553 552
1118 2 2 0 3 572 583 577
1119 2 2 0 3 577 581 571
1120 2 2 0 3 570 580 575
1121 2 2 0 3 573 582 576
1122 2 2 0 3 576 579 574
1123 2 2 0 3 551 554 553
1124 2 2 0 3 599 686 647
1125 2 2 0 3 284 687 679
1126 2 2 0 3 655 705 656
1127 2 2 0 3 554 651 648
1128 2 2 0 3 679 687 650
1129 2 2 0 3 646 692 308
1130 2 2 0 3 694 702 532
1131 2 2 0 3 564 685 678
1132 2 2 0 3 554 648 556
1133 2 2 0 3 642 692 646
1134 2 2 0 3 588 686 671
1135 2 2 0 3 556 648 585
1136 2 2 0 3 665 693 547
1137 2 2 0 3 661 694 532
1138 2 2 0 3 595 704 597
1139 2 2 0 3 533 695 658
1140 2 2 0 3 626 686 599
1141 2 2 0 3 573 673 582
1142 2 2 0 3 599 647 592
1143 2 2 0 3 602 696 610
1144 2 2 0 3 671 686 626
1145 2 2 0 3 552 696 629
1146 2 2 0 3 532 702 662
1147 2 2 0 3 658 705 655
1148 2 2 0 3 606 705 695
1149 2 2 0 3 610 696 553
1150 2 2 0 3 609 707 634
1151 2 2 0 3 673 707 582
1152 2 2 0 3 615 702 689
1153 2 2 0 3 695 705 658
1154 2 2 0 3 575 673 569
1155 2 2 0 3 629 696 602
1156 2 2 0 3 680 704 595
1157 2 2 0 3 553 696 552
1158 2 2 0 3 575 707 673
1159 2 2 0 4 717 825 798
1160 2 2 0 4 734 786 731
1161 2 2 0 4 743 786 734
1162 2 2 0 4 763 865 776
1163 2 2 0 4 347 817 346
1164 2 2 0 4 744 806 748
1165 2 2 0 4 825 827 798
1166 2 2 0 4 789 844 709
1167 2 2 0 4 717 855 825
1168 2 2 0 4 779 794 781
1169 2 2 0 4 766 787 765
1170 2 2 0 4 801 876 802
1171 2 2 0 4 844 871 709
1172 2 2 0 4 770 795 777
1173 2 2 0 4 779 781 762
1174 2 2 0 4 761 780 779
1175 2 2 0 4 769 774 768
1176 2 2 0 4 763 776 759
1177 2 2 0 4 772 799 752
1178 2 2 0 4 825 855 826
1179 2 2 0 4 753 803 770
1180 2 2 0 4 770 777 757
1181 2 2 0 4 756 766 765
1182 2 2 0 4 758 784 772
1183 2 2 0 4 789 835 787
1184 2 2 0 4 716 788 787
1185 2 2 0 4 790 791 763
1186 2 2 0 4 733 734 731
1187 2 2 0 4 754 792 733
1188 2 2 0 4 769 853 774
1189 2 2 0 4 735 792 738
1190 2 2 0 4 780 859 779
1191 2 2 0 4 785 797 784
1192 2 2 0 4 787 835 716
1193 2 2 0 4 784 873 772
1194 2 2 0 4 783 862 764
1195 2 2 0 4 733 792 735
1196 2 2 0 4 719 832 794
1197 2 2 0 4 755 799 769
1198 2 2 0 4 722 817 347
1199 2 2 0 4 794 832 781
1200 2 2 0 4 823 862 783
1201 2 2 0 4 760 806 783
1202 2 2 0 4 772 800 799
1203 2 2 0 4 711 828 812
1204 2 2 0 4 776 804 803
1205 2 2 0 4 746 815 771
1206 2 2 0 4 773 844 766
1207 2 2 0 4 814 842 795
1208 2 2 0 4 814 848 842
1209 2 2 0 4 767 807 750
1210 2 2 0 4 711 812 800
1211 2 2 0 4 716 808 788
1212 2 2 0 4 782 877 832
1213 2 2 0 4 764 790 763
1214 2 2 0 4 712 851 795
1215 2 2 0 4 758 785 784
1216 2 2 0 4 732 733 731
1217 2 2 0 4 782 844 773
1218 2 2 0 4 812 828 813
1219 2 2 0 4 777 851 793
1220 2 2 0 4 832 877 781
1221 2 2 0 4 803 867 770
1222 2 2 0 4 795 851 777
1223 2 2 0 4 786 875 757
1224 2 2 0 4 781 877 762
1225 2 2 0 4 825 826 780
1226 2 2 0 4 743 875 786
1227 2 2 0 4 777 793 778
1228 2 2 0 4 732 754 733
1229 2 2 0 4 854 861 783
1230 2 2 0 4 826 863 859
1231 2 2 0 4 799 812 769
1232 2 2 0 4 859 863 715
1233 2 2 0 4 817 845 346
1234 2 2 0 4 748 806 760
1235 2 2 0 4 709 836 789
1236 2 2 0 4 830 840 793
1237 2 2 0 4 776 803 759
1238 2 2 0 4 760 783 764
1239 2 2 0 4 810 883 765
1240 2 2 0 4 774 818 801
1241 2 2 0 4 800 816 711
1242 2 2 0 4 744 821 806
1243 2 2 0 4 792 815 738
1244 2 2 0 4 864 876 829
1245 2 2 0 4 773 877 782
1246 2 2 0 4 746 771 756
1247 2 2 0 4 755 767 750
1248 2 2 0 4 801 802 775
1249 2 2 0 4 815 856 771
1250 2 2 0 4 720 867 804
1251 2 2 0 4 791 841 838
1252 2 2 0 4 819 833 794
1253 2 2 0 4 774 801 775
1254 2 2 0 4 787 788 765
1255 2 2 0 4 766 789 787
1256 2 2 0 4 804 843 720
1257 2 2 0 4 343 808 342
1258 2 2 0 4 714 876 822
1259 2 2 0 4 761 779 762
1260 2 2 0 4 755 769 768
1261 2 2 0 4 822 876 801
1262 2 2 0 4 733 735 734
1263 2 2 0 4 793 851 830
1264 2 2 0 4 342 808 716
1265 2 2 0 4 760 763 759
1266 2 2 0 4 829 876 714
1267 2 2 0 4 819 858 833
1268 2 2 0 4 783 861 823
1269 2 2 0 4 792 856 815
1270 2 2 0 4 714 822 7
1271 2 2 0 4 770 867 814
1272 2 2 0 4 753 770 757
1273 2 2 0 4 756 765 751
1274 2 2 0 4 758 772 752
1275 2 2 0 4 730 731 729
1276 2 2 0 4 742 807 739
1277 2 2 0 4 809 810 788
1278 2 2 0 4 806 854 783
1279 2 2 0 4 760 764 763
1280 2 2 0 4 813 853 769
1281 2 2 0 4 772 811 800
1282 2 2 0 4 350 816 349
1283 2 2 0 4 731 786 729
1284 2 2 0 4 730 732 731
1285 2 2 0 4 739 807 740
1286 2 2 0 4 750 807 742
1287 2 2 0 4 762 856 754
1288 2 2 0 4 735 736 734
1289 2 2 0 4 824 825 780
1290 2 2 0 4 770 814 795
1291 2 2 0 4 789 836 835
1292 2 2 0 4 7 822 355
1293 2 2 0 4 800 812 799
1294 2 2 0 4 765 883 751
1295 2 2 0 4 718 853 850
1296 2 2 0 4 711 816 350
1297 2 2 0 4 736 743 734
1298 2 2 0 4 735 737 736
1299 2 2 0 4 796 879 721
1300 2 2 0 4 788 810 765
1301 2 2 0 4 735 738 737
1302 2 2 0 4 736 744 743
1303 2 2 0 4 850 853 813
1304 2 2 0 4 744 747 743
1305 2 2 0 4 738 739 737
1306 2 2 0 4 744 748 747
1307 2 2 0 4 739 740 737
1308 2 2 0 4 738 741 739
1309 2 2 0 4 827 882 798
1310 2 2 0 4 741 742 739
1311 2 2 0 4 741 745 742
1312 2 2 0 4 741 746 745
1313 2 2 0 4 745 749 742
1314 2 2 0 4 749 750 742
1315 2 2 0 4 728 805 796
1316 2 2 0 4 728 796 726
1317 2 2 0 4 740 854 821
1318 2 2 0 4 727 728 726
1319 2 2 0 4 725 727 726
1320 2 2 0 4 779 819 794
1321 2 2 0 4 808 809 788
1322 2 2 0 4 318 720 317
1323 2 2 0 4 330 717 329
1324 2 2 0 4 354 718 353
1325 2 2 0 4 336 719 335
1326 2 2 0 4 315 708 314
1327 2 2 0 4 327 710 326
1328 2 2 0 4 351 711 350
1329 2 2 0 4 309 714 7
1330 2 2 0 4 321 712 320
1331 2 2 0 4 333 715 332
1332 2 2 0 4 345 713 344
1333 2 2 0 4 324 721 323
1334 2 2 0 4 342 716 341
1335 2 2 0 4 312 723 311
1336 2 2 0 4 348 722 347
1337 2 2 0 4 339 709 338
1338 2 2 0 4 779 859 819
1339 2 2 0 4 756 773 766
1340 2 2 0 4 812 813 769
1341 2 2 0 4 738 815 741
1342 2 2 0 4 772 873 811
1343 2 2 0 4 804 870 837
1344 2 2 0 4 725 726 710
1345 2 2 0 4 724 798 725
1346 2 2 0 4 811 816 800
1347 2 2 0 4 796 820 726
1348 2 2 0 4 794 833 719
1349 2 2 0 4 837 843 804
1350 2 2 0 4 821 854 806
1351 2 2 0 4 326 820 325
1352 2 2 0 4 797 817 784
1353 2 2 0 4 740 821 737
1354 2 2 0 4 741 815 746
1355 2 2 0 4 736 821 744
1356 2 2 0 4 793 805 778
1357 2 2 0 4 791 869 841
1358 2 2 0 4 764 847 790
1359 2 2 0 4 798 882 725
1360 2 2 0 4 721 852 796
1361 2 2 0 4 710 820 326
1362 2 2 0 4 778 786 757
1363 2 2 0 4 826 859 780
1364 2 2 0 4 809 874 810
1365 2 2 0 4 797 874 713
1366 2 2 0 4 805 879 796
1367 2 2 0 4 737 821 736
1368 2 2 0 4 774 775 768
1369 2 2 0 4 752 799 755
1370 2 2 0 4 777 778 757
1371 2 2 0 4 795 842 712
1372 2 2 0 4 776 870 804
1373 2 2 0 4 757 875 747
1374 2 2 0 4 877 880 762
1375 2 2 0 4 798 866 717
1376 2 2 0 4 759 803 753
1377 2 2 0 4 823 861 767
1378 2 2 0 4 726 820 710
1379 2 2 0 4 713 874 809
1380 2 2 0 4 824 827 825
1381 2 2 0 4 713 845 797
1382 2 2 0 4 724 725 710
1383 2 2 0 4 831 832 719
1384 2 2 0 4 754 856 792
1385 2 2 0 4 840 879 793
1386 2 2 0 4 810 874 785
1387 2 2 0 4 766 844 789
1388 2 2 0 4 732 761 754
1389 2 2 0 4 335 833 334
1390 2 2 0 4 761 762 754
1391 2 2 0 4 838 878 791
1392 2 2 0 4 865 878 870
1393 2 2 0 4 761 824 780
1394 2 2 0 4 791 865 763
1395 2 2 0 4 719 833 335
1396 2 2 0 4 814 867 720
1397 2 2 0 4 771 773 756
1398 2 2 0 4 755 768 767
1399 2 2 0 4 790 869 791
1400 2 2 0 4 341 835 340
1401 2 2 0 4 316 837 315
1402 2 2 0 4 328 724 327
1403 2 2 0 4 352 828 351
1404 2 2 0 4 337 831 336
1405 2 2 0 4 338 834 337
1406 2 2 0 4 313 841 312
1407 2 2 0 4 311 839 310
1408 2 2 0 4 323 840 322
1409 2 2 0 4 314 838 313
1410 2 2 0 4 310 829 309
1411 2 2 0 4 322 830 321
1412 2 2 0 4 340 836 339
1413 2 2 0 4 818 822 801
1414 2 2 0 4 320 842 319
1415 2 2 0 4 317 843 316
1416 2 2 0 4 818 853 718
1417 2 2 0 4 774 853 818
1418 2 2 0 4 708 838 314
1419 2 2 0 4 709 834 338
1420 2 2 0 4 315 837 708
1421 2 2 0 4 327 724 710
1422 2 2 0 4 351 828 711
1423 2 2 0 4 312 841 723
1424 2 2 0 4 309 829 714
1425 2 2 0 4 321 830 712
1426 2 2 0 4 716 835 341
1427 2 2 0 4 336 831 719
1428 2 2 0 4 339 836 709
1429 2 2 0 4 723 839 311
1430 2 2 0 4 721 840 323
1431 2 2 0 4 712 842 320
1432 2 2 0 4 720 843 317
1433 2 2 0 4 346 845 345
1434 2 2 0 4 345 845 713
1435 2 2 0 4 318 848 720
1436 2 2 0 4 319 848 318
1437 2 2 0 4 718 850 353
1438 2 2 0 4 344 857 343
1439 2 2 0 4 804 867 803
1440 2 2 0 4 748 760 759
1441 2 2 0 4 330 855 717
1442 2 2 0 4 796 852 820
1443 2 2 0 4 727 882 730
1444 2 2 0 4 325 852 324
1445 2 2 0 4 343 857 808
1446 2 2 0 4 847 864 846
1447 2 2 0 4 802 864 847
1448 2 2 0 4 333 858 715
1449 2 2 0 4 722 860 811
1450 2 2 0 4 720 848 814
1451 2 2 0 4 348 860 722
1452 2 2 0 4 324 852 721
1453 2 2 0 4 865 870 776
1454 2 2 0 4 715 863 332
1455 2 2 0 4 797 845 817
1456 2 2 0 4 717 866 329
1457 2 2 0 4 353 850 352
1458 2 2 0 4 802 876 864
1459 2 2 0 4 354 868 718
1460 2 2 0 4 331 855 330
1461 2 2 0 4 724 866 798
1462 2 2 0 4 807 861 740
1463 2 2 0 4 785 874 797
1464 2 2 0 4 809 857 713
1465 2 2 0 4 811 860 816
1466 2 2 0 4 793 879 805
1467 2 2 0 4 713 857 344
1468 2 2 0 4 334 858 333
1469 2 2 0 4 808 857 809
1470 2 2 0 4 767 861 807
1471 2 2 0 4 832 881 782
1472 2 2 0 4 349 860 348
1473 2 2 0 4 846 869 790
1474 2 2 0 4 723 869 846
1475 2 2 0 4 715 858 819
1476 2 2 0 4 747 875 743
1477 2 2 0 4 790 847 846
1478 2 2 0 4 758 883 785
1479 2 2 0 4 817 873 784
1480 2 2 0 4 722 873 817
1481 2 2 0 4 828 850 813
1482 2 2 0 4 310 839 829
1483 2 2 0 4 322 840 830
1484 2 2 0 4 835 836 340
1485 2 2 0 4 838 841 313
1486 2 2 0 4 337 834 831
1487 2 2 0 4 332 863 331
1488 2 2 0 4 316 843 837
1489 2 2 0 4 820 852 325
1490 2 2 0 4 718 868 818
1491 2 2 0 4 721 879 840
1492 2 2 0 4 329 866 328
1493 2 2 0 4 819 859 715
1494 2 2 0 4 842 848 319
1495 2 2 0 4 723 846 839
1496 2 2 0 4 839 864 829
1497 2 2 0 4 355 868 354
1498 2 2 0 4 846 864 839
1499 2 2 0 4 816 860 349
1500 2 2 0 4 730 882 827
1501 2 2 0 4 352 850 828
1502 2 2 0 4 830 851 712
1503 2 2 0 4 833 858 334
1504 2 2 0 4 782 871 844
1505 2 2 0 4 762 880 856
1506 2 2 0 4 811 873 722
1507 2 2 0 4 328 866 724
1508 2 2 0 4 725 882 727
1509 2 2 0 4 773 880 877
1510 2 2 0 4 768 823 767
1511 2 2 0 4 748 753 747
1512 2 2 0 4 746 751 745
1513 2 2 0 4 749 752 750
1514 2 2 0 4 745 849 749
1515 2 2 0 4 727 729 728
1516 2 2 0 4 748 759 753
1517 2 2 0 4 753 757 747
1518 2 2 0 4 746 756 751
1519 2 2 0 4 749 758 752
1520 2 2 0 4 752 755 750
1521 2 2 0 4 727 730 729
1522 2 2 0 4 775 862 823
1523 2 2 0 4 331 863 855
1524 2 2 0 4 831 881 832
1525 2 2 0 4 730 827 824
1526 2 2 0 4 855 863 826
1527 2 2 0 4 822 868 355
1528 2 2 0 4 870 878 708
1529 2 2 0 4 740 861 854
1530 2 2 0 4 730 824 732
1531 2 2 0 4 818 868 822
1532 2 2 0 4 764 862 847
1533 2 2 0 4 732 824 761
1534 2 2 0 4 841 869 723
1535 2 2 0 4 837 870 708
1536 2 2 0 4 771 880 773
1537 2 2 0 4 709 871 834
1538 2 2 0 4 802 862 775
1539 2 2 0 4 749 849 758
1540 2 2 0 4 775 823 768
1541 2 2 0 4 778 872 786
1542 2 2 0 4 847 862 802
1543 2 2 0 4 728 872 805
1544 2 2 0 4 708 878 838
1545 2 2 0 4 834 881 831
1546 2 2 0 4 782 881 871
1547 2 2 0 4 786 872 729
1548 2 2 0 4 785 883 810
1549 2 2 0 4 849 883 758
1550 2 2 0 4 791 878 865
1551 2 2 0 4 871 881 834
1552 2 2 0 4 751 849 745
1553 2 2 0 4 805 872 778
1554 2 2 0 4 856 880 771
1555 2 2 0 4 729 872 728
1556 2 2 0 4 751 883 849
1557 2 2 0 5 4671 6197 6040
1558 2 2 0 5 5804 5837 1128
1559 2 2 0 5 4375 5950 4285
1560 2 2 0 5 1063 4583 4188
1561 2 2 0 5 3920 6709 1083
1562 2 2 0 5 3997 5837 5804
1563 2 2 0 5 4389 5673 2486
1564 2 2 0 5 893 5327 5326
1565 2 2 0 5 1473 3680 3246
1566 2 2 0 5 1350 4157 3893
1567 2 2 0 5 5776 5969 4560
1568 2 2 0 5 5333 6534 936
1569 2 2 0 5 1452 6849 4474
1570 2 2 0 5 4175 5759 954
1571 2 2 0 5 4647 5973 4556
1572 2 2 0 5 2556 6894 2402
1573 2 2 0 5 4577 6943 4576
1574 2 2 0 5 2852 6049 3998
1575 2 2 0 5 3951 6674 4169
1576 2 2 0 5 4228 4472 1454
1577 2 2 0 5 3855 6134 4585
1578 2 2 0 5 4307 6801 3849
1579 2 2 0 5 2549 5809 4444
1580 2 2 0 5 2980 6924 4512
1581 2 2 0 5 4140 4689 1184
1582 2 2 0 5 1688 6749 2026
1583 2 2 0 5 1313 5882 1315
1584 2 2 0 5 2583 6750 2332
1585 2 2 0 5 3849 4473 4307
1586 2 2 0 5 4258 5857 1490
1587 2 2 0 5 3096 4396 3756
1588 2 2 0 5 4143 6831 1781
1589 2 2 0 5 4349 6318 2624
1590 2 2 0 5 2624 6506 4349
1591 2 2 0 5 4490 6923 4886
1592 2 2 0 5 1561 5990 5819
1593 2 2 0 5 4026 5798 3383
1594 2 2 0 5 1650 6397 4303
1595 2 2 0 5 3734 5346 4443
1596 2 2 0 5 5333 5859 5083
1597 2 2 0 5 5083 5859 5084
1598 2 2 0 5 4405 6224 5904
1599 2 2 0 5 3690 6698 3297
1600 2 2 0 5 4170 4432 1561
1601 2 2 0 5 3855 6463 6134
1602 2 2 0 5 2162 6571 5804
1603 2 2 0 5 4424 4425 3900
1604 2 2 0 5 4319 5743 4644
1605 2 2 0 5 4572 6101 1885
1606 2 2 0 5 1452 4474 1450
1607 2 2 0 5 5257 5258 3929
1608 2 2 0 5 3236 5891 4713
1609 2 2 0 5 1490 6722 4258
1610 2 2 0 5 1380 6683 1454
1611 2 2 0 5 3289 4735 4605
1612 2 2 0 5 2272 5167 5166
1613 2 2 0 5 2396 3722 2394
1614 2 2 0 5 4535 6146 4275
1615 2 2 0 5 4540 6589 4340
1616 2 2 0 5 4213 5913 5912
1617 2 2 0 5 5258 5780 3929
1618 2 2 0 5 3958 4479 3701
1619 2 2 0 5 3935 4453 3934
1620 2 2 0 5 3832 6768 3965
1621 2 2 0 5 4551 6158 1886
1622 2 2 0 5 2863 3890 2575
1623 2 2 0 5 2335 3913 1536
1624 2 2 0 5 2871 3731 2125
1625 2 2 0 5 5083 6534 5333
1626 2 2 0 5 919 5761 4787
1627 2 2 0 5 3535 5684 4071
1628 2 2 0 5 3139 3852 3136
1629 2 2 0 5 2555 3973 1997
1630 2 2 0 5 1565 3932 3613
1631 2 2 0 5 3368 3869 2635
1632 2 2 0 5 1833 3860 1906
1633 2 2 0 5 2130 6770 1992
1634 2 2 0 5 1264 3693 1246
1635 2 2 0 5 3383 5798 3588
1636 2 2 0 5 3179 6518 3901
1637 2 2 0 5 4283 6518 3179
1638 2 2 0 5 4576 6589 4540
1639 2 2 0 5 4270 4535 4275
1640 2 2 0 5 1473 3246 1475
1641 2 2 0 5 1532 3924 1529
1642 2 2 0 5 1332 3980 1327
1643 2 2 0 5 1350 3893 1353
1644 2 2 0 5 3591 3943 3589
1645 2 2 0 5 5809 6036 4444
1646 2 2 0 5 4367 4370 3543
1647 2 2 0 5 3643 6493 5890
1648 2 2 0 5 3245 6392 3956
1649 2 2 0 5 266 6356 267
1650 2 2 0 5 3716 4573 4182
1651 2 2 0 5 3622 4574 4197
1652 2 2 0 5 4248 6467 3958
1653 2 2 0 5 5319 6631 4089
1654 2 2 0 5 4089 5823 5319
1655 2 2 0 5 4024 5684 3535
1656 2 2 0 5 6040 6197 2529
1657 2 2 0 5 3838 6741 3222
1658 2 2 0 5 3185 6739 3645
1659 2 2 0 5 1311 5882 1313
1660 2 2 0 5 6536 6655 6537
1661 2 2 0 5 5804 6571 3997
1662 2 2 0 5 2997 6677 2996
1663 2 2 0 5 1825 6337 1831
1664 2 2 0 5 2121 6209 4022
1665 2 2 0 5 4591 6467 6356
1666 2 2 0 5 4598 5955 2576
1667 2 2 0 5 4019 6216 2129
1668 2 2 0 5 4141 4469 3555
1669 2 2 0 5 4443 5346 1421
1670 2 2 0 5 4649 5457 3491
1671 2 2 0 5 1060 4583 1063
1672 2 2 0 5 4325 4328 1667
1673 2 2 0 5 3944 6117 5926
1674 2 2 0 5 4141 6765 4469
1675 2 2 0 5 3352 6334 5879
1676 2 2 0 5 3145 5939 4732
1677 2 2 0 5 2060 6004 4754
1678 2 2 0 5 1615 5458 4433
1679 2 2 0 5 4225 4472 4228
1680 2 2 0 5 1837 4288 1832
1681 2 2 0 5 893 6345 5327
1682 2 2 0 5 6308 6489 1303
1683 2 2 0 5 4768 4771 4765
1684 2 2 0 5 58 5213 921
1685 2 2 0 5 1821 5853 1814
1686 2 2 0 5 3235 5891 3236
1687 2 2 0 5 1505 4678 4417
1688 2 2 0 5 912 4797 4795
1689 2 2 0 5 4022 4752 2121
1690 2 2 0 5 4610 4816 1396
1691 2 2 0 5 4649 5458 5457
1692 2 2 0 5 3998 4001 2852
1693 2 2 0 5 6049 6353 3677
1694 2 2 0 5 2967 6222 6156
1695 2 2 0 5 4448 5832 4333
1696 2 2 0 5 4855 6085 4065
1697 2 2 0 5 4210 5810 4357
1698 2 2 0 5 3970 3971 3163
1699 2 2 0 5 4270 4275 3083
1700 2 2 0 5 2535 5846 2509
1701 2 2 0 5 3903 4053 4052
1702 2 2 0 5 2671 6261 3057
1703 2 2 0 5 2624 6318 5985
1704 2 2 0 5 3220 5931 3195
1705 2 2 0 5 4629 4630 3229
1706 2 2 0 5 4294 5693 4746
1707 2 2 0 5 4188 6844 1063
1708 2 2 0 5 1885 6101 5904
1709 2 2 0 5 3701 4479 3700
1710 2 2 0 5 2317 6224 4124
1711 2 2 0 5 4425 6201 3900
1712 2 2 0 5 2570 4107 2568
1713 2 2 0 5 2616 4109 2614
1714 2 2 0 5 3115 6244 5978
1715 2 2 0 5 2272 5172 5167
1716 2 2 0 5 4422 4449 958
1717 2 2 0 5 1023 5199 4192
1718 2 2 0 5 3134 4470 4413
1719 2 2 0 5 4246 6402 4354
1720 2 2 0 5 3696 3698 3697
1721 2 2 0 5 1556 6849 1452
1722 2 2 0 5 4935 4936 894
1723 2 2 0 5 4328 4628 1667
1724 2 2 0 5 2617 6146 4535
1725 2 2 0 5 3644 6403 4568
1726 2 2 0 5 2362 6628 2637
1727 2 2 0 5 4391 4392 2015
1728 2 2 0 5 2385 4715 4058
1729 2 2 0 5 1396 6050 4610
1730 2 2 0 5 2132 4010 2130
1731 2 2 0 5 2539 4658 4586
1732 2 2 0 5 4414 6825 2398
1733 2 2 0 5 4555 6814 4317
1734 2 2 0 5 5684 6419 4071
1735 2 2 0 5 1306 4645 1316
1736 2 2 0 5 2094 2351 2337
1737 2 2 0 5 2949 6463 3194
1738 2 2 0 5 3680 4058 3246
1739 2 2 0 5 3603 5980 5686
1740 2 2 0 5 2035 6172 2033
1741 2 2 0 5 126 4615 125
1742 2 2 0 5 2638 6721 2636
1743 2 2 0 5 2344 6034 4281
1744 2 2 0 5 1306 6102 4645
1745 2 2 0 5 5229 5230 961
1746 2 2 0 5 2076 6601 4764
1747 2 2 0 5 1247 1265 1264
1748 2 2 0 5 3171 3866 3865
1749 2 2 0 5 3624 3874 3873
1750 2 2 0 5 2026 2027 1688
1751 2 2 0 5 3126 5978 4489
1752 2 2 0 5 1557 1558 1484
1753 2 2 0 5 1481 1780 1557
1754 2 2 0 5 2332 2584 2583
1755 2 2 0 5 2297 4159 2995
1756 2 2 0 5 3842 3844 2909
1757 2 2 0 5 1390 4891 1388
1758 2 2 0 5 4266 4539 4364
1759 2 2 0 5 1194 1243 1242
1760 2 2 0 5 4111 4193 3891
1761 2 2 0 5 1906 1907 1838
1762 2 2 0 5 3249 4052 3727
1763 2 2 0 5 3663 3995 3662
1764 2 2 0 5 2510 2536 2535
1765 2 2 0 5 3703 4249 4248
1766 2 2 0 5 2942 3553 3368
1767 2 2 0 5 2153 2154 1905
1768 2 2 0 5 2022 2155 2153
1769 2 2 0 5 3613 3667 3118
1770 2 2 0 5 3324 3936 3933
1771 2 2 0 5 2119 2893 2555
1772 2 2 0 5 3721 4015 4002
1773 2 2 0 5 1569 1583 1581
1774 2 2 0 5 1509 1578 1507
1775 2 2 0 5 3194 3195 3193
1776 2 2 0 5 3312 4119 3719
1777 2 2 0 5 3956 3957 3244
1778 2 2 0 5 2636 2651 2361
1779 2 2 0 5 3687 4105 3348
1780 2 2 0 5 3366 4016 3838
1781 2 2 0 5 2842 4093 1910
1782 2 2 0 5 2484 4163 2286
1783 2 2 0 5 2123 2533 2111
1784 2 2 0 5 3901 4173 3358
1785 2 2 0 5 3621 3922 2930
1786 2 2 0 5 3671 4267 3228
1787 2 2 0 5 3820 4270 2964
1788 2 2 0 5 3238 4080 3984
1789 2 2 0 5 1879 3622 2065
1790 2 2 0 5 2065 2066 1880
1791 2 2 0 5 3638 4261 4260
1792 2 2 0 5 3275 3716 3715
1793 2 2 0 5 3945 3970 3165
1794 2 2 0 5 3138 3140 3139
1795 2 2 0 5 3747 4264 4263
1796 2 2 0 5 3645 3848 3184
1797 2 2 0 5 5666 5667 5665
1798 2 2 0 5 4255 4256 3545
1799 2 2 0 5 1518 4078 1616
1800 2 2 0 5 1616 4014 1516
1801 2 2 0 5 2402 2557 2556
1802 2 2 0 5 3975 6350 4582
1803 2 2 0 5 3968 6413 4133
1804 2 2 0 5 6374 6473 6146
1805 2 2 0 5 4616 5010 3767
1806 2 2 0 5 2508 6092 4588
1807 2 2 0 5 6356 6467 4248
1808 2 2 0 5 3949 4296 4295
1809 2 2 0 5 1350 6398 4157
1810 2 2 0 5 5937 6725 3990
1811 2 2 0 5 2659 2872 2871
1812 2 2 0 5 1540 2801 2335
1813 2 2 0 5 2539 4220 1364
1814 2 2 0 5 2862 2864 2863
1815 2 2 0 5 4298 4394 4169
1816 2 2 0 5 4191 4579 3957
1817 2 2 0 5 4244 4552 2050
1818 2 2 0 5 3195 5931 3197
1819 2 2 0 5 3684 6353 6049
1820 2 2 0 5 303 4357 1650
1821 2 2 0 5 4110 5920 5919
1822 2 2 0 5 2842 6469 4093
1823 2 2 0 5 3698 3699 3697
1824 2 2 0 5 1651 4655 1678
1825 2 2 0 5 4077 6335 5880
1826 2 2 0 5 4098 4668 3711
1827 2 2 0 5 5974 6210 1328
1828 2 2 0 5 176 4488 886
1829 2 2 0 5 6090 6604 6169
1830 2 2 0 5 4169 4299 4298
1831 2 2 0 5 5635 6414 6041
1832 2 2 0 5 3842 6458 3844
1833 2 2 0 5 2155 6421 2153
1834 2 2 0 5 2351 2353 2337
1835 2 2 0 5 4022 5974 4752
1836 2 2 0 5 4120 4660 3723
1837 2 2 0 5 4554 4569 3672
1838 2 2 0 5 4040 6371 4166
1839 2 2 0 5 1265 1266 1264
1840 2 2 0 5 3874 4022 3873
1841 2 2 0 5 2026 2028 2027
1842 2 2 0 5 1780 1782 1557
1843 2 2 0 5 1557 4073 1558
1844 2 2 0 5 2584 2586 2583
1845 2 2 0 5 1243 1244 1242
1846 2 2 0 5 4111 4194 4193
1847 2 2 0 5 1906 1908 1907
1848 2 2 0 5 4052 4055 3727
1849 2 2 0 5 3663 4113 3995
1850 2 2 0 5 2536 2537 2535
1851 2 2 0 5 3553 3717 3368
1852 2 2 0 5 2153 2156 2154
1853 2 2 0 5 3613 3884 3667
1854 2 2 0 5 4015 4186 4002
1855 2 2 0 5 2893 2894 2555
1856 2 2 0 5 1583 1584 1581
1857 2 2 0 5 1509 4165 1578
1858 2 2 0 5 3194 3220 3195
1859 2 2 0 5 3956 4191 3957
1860 2 2 0 5 2636 3664 2651
1861 2 2 0 5 3687 4125 4105
1862 2 2 0 5 4016 4018 3838
1863 2 2 0 5 3901 4218 4173
1864 2 2 0 5 3621 4170 3922
1865 2 2 0 5 3671 4268 4267
1866 2 2 0 5 3820 4271 4270
1867 2 2 0 5 2065 2067 2066
1868 2 2 0 5 3622 4072 2065
1869 2 2 0 5 3638 4262 4261
1870 2 2 0 5 3645 4129 3848
1871 2 2 0 5 3140 3141 3139
1872 2 2 0 5 3716 3758 3715
1873 2 2 0 5 4255 4257 4256
1874 2 2 0 5 1616 4430 4014
1875 2 2 0 5 2557 2558 2556
1876 2 2 0 5 4331 4448 4333
1877 2 2 0 5 2872 2873 2871
1878 2 2 0 5 3980 6537 1327
1879 2 2 0 5 2801 2807 2335
1880 2 2 0 5 2864 2865 2863
1881 2 2 0 5 4014 5900 1512
1882 2 2 0 5 5810 6397 1650
1883 2 2 0 5 267 6356 4495
1884 2 2 0 5 4076 4664 4454
1885 2 2 0 5 1946 4504 1949
1886 2 2 0 5 6003 6495 2831
1887 2 2 0 5 3710 5756 5752
1888 2 2 0 5 5889 6778 5746
1889 2 2 0 5 4449 5155 911
1890 2 2 0 5 1944 5982 1683
1891 2 2 0 5 1816 1822 1821
1892 2 2 0 5 1822 1828 1821
1893 2 2 0 5 5955 6362 2576
1894 2 2 0 5 4171 4432 4170
1895 2 2 0 5 1238 4400 4098
1896 2 2 0 5 4529 6002 3218
1897 2 2 0 5 4053 6409 4052
1898 2 2 0 5 4119 4482 3719
1899 2 2 0 5 5939 6194 4731
1900 2 2 0 5 2902 5200 4459
1901 2 2 0 5 5666 5668 5667
1902 2 2 0 5 1645 5832 4448
1903 2 2 0 5 5673 5696 2486
1904 2 2 0 5 911 5155 4467
1905 2 2 0 5 3704 6006 4249
1906 2 2 0 5 960 6060 4189
1907 2 2 0 5 5819 5990 4292
1908 2 2 0 5 6365 6473 6361
1909 2 2 0 5 3674 5877 4412
1910 2 2 0 5 4247 5820 274
1911 2 2 0 5 4503 4504 1945
1912 2 2 0 5 3965 6768 3912
1913 2 2 0 5 6207 6239 5966
1914 2 2 0 5 4167 4616 943
1915 2 2 0 5 884 5757 5100
1916 2 2 0 5 4568 6403 4566
1917 2 2 0 5 4628 4629 3749
1918 2 2 0 5 3215 6002 5668
1919 2 2 0 5 4453 6339 3934
1920 2 2 0 5 267 6273 268
1921 2 2 0 5 4158 6898 3697
1922 2 2 0 5 5654 5763 963
1923 2 2 0 5 3882 5973 4647
1924 2 2 0 5 4427 4723 1541
1925 2 2 0 5 274 5820 275
1926 2 2 0 5 2344 6853 6034
1927 2 2 0 5 1642 1643 1641
1928 2 2 0 5 5971 6655 6536
1929 2 2 0 5 4249 4495 4248
1930 2 2 0 5 177 4488 176
1931 2 2 0 5 4415 5755 921
1932 2 2 0 5 5457 5458 1615
1933 2 2 0 5 4055 6409 1818
1934 2 2 0 5 3557 5910 4648
1935 2 2 0 5 4648 5910 4543
1936 2 2 0 5 1933 4217 3726
1937 2 2 0 5 6041 6188 5635
1938 2 2 0 5 1671 4183 4133
1939 2 2 0 5 1942 4614 4238
1940 2 2 0 5 3215 6304 6002
1941 2 2 0 5 3005 4718 3003
1942 2 2 0 5 4133 4184 1671
1943 2 2 0 5 3991 5959 3993
1944 2 2 0 5 4232 6725 5937
1945 2 2 0 5 4732 5939 4731
1946 2 2 0 5 1942 4379 3649
1947 2 2 0 5 4357 5810 1650
1948 2 2 0 5 1662 6611 4528
1949 2 2 0 5 3096 4664 4396
1950 2 2 0 5 2394 5886 5885
1951 2 2 0 5 4311 4650 4555
1952 2 2 0 5 4339 5787 4338
1953 2 2 0 5 2079 6601 2076
1954 2 2 0 5 4658 6373 4586
1955 2 2 0 5 2044 5869 4128
1956 2 2 0 5 3057 6261 4743
1957 2 2 0 5 1128 5837 4164
1958 2 2 0 5 1454 4581 4228
1959 2 2 0 5 2028 5980 2055
1960 2 2 0 5 4399 4482 4119
1961 2 2 0 5 1082 3920 1083
1962 2 2 0 5 4592 4750 895
1963 2 2 0 5 3305 6922 5790
1964 2 2 0 5 6253 6299 4132
1965 2 2 0 5 4711 4753 4209
1966 2 2 0 5 3853 4816 4610
1967 2 2 0 5 1938 4571 1922
1968 2 2 0 5 4115 6471 3134
1969 2 2 0 5 4164 6018 1128
1970 2 2 0 5 4205 4753 4204
1971 2 2 0 5 4209 4753 4205
1972 2 2 0 5 5532 6115 897
1973 2 2 0 5 4115 4688 4090
1974 2 2 0 5 3866 4570 3865
1975 2 2 0 5 3913 6130 1536
1976 2 2 0 5 3289 4737 4735
1977 2 2 0 5 1664 6611 1662
1978 2 2 0 5 3890 6105 2575
1979 2 2 0 5 3060 4718 3005
1980 2 2 0 5 3731 6174 2125
1981 2 2 0 5 5853 5854 1814
1982 2 2 0 5 4166 4440 4042
1983 2 2 0 5 4152 5862 4150
1984 2 2 0 5 1641 4179 1570
1985 2 2 0 5 1582 1642 1641
1986 2 2 0 5 4169 4461 4168
1987 2 2 0 5 4688 6804 4090
1988 2 2 0 5 1083 6709 2829
1989 2 2 0 5 4246 6714 6402
1990 2 2 0 5 3943 5960 3589
1991 2 2 0 5 4764 4766 4765
1992 2 2 0 5 3543 6407 4367
1993 2 2 0 5 1356 5950 4375
1994 2 2 0 5 2588 5993 4666
1995 2 2 0 5 3852 6243 3136
1996 2 2 0 5 4227 4472 4225
1997 2 2 0 5 4178 6332 3698
1998 2 2 0 5 4084 6857 6061
1999 2 2 0 5 5084 5859 889
2000 2 2 0 5 1355 6805 1358
2001 2 2 0 5 2539 4586 4220
2002 2 2 0 5 4296 6457 5989
2003 2 2 0 5 4462 6589 3851
2004 2 2 0 5 3924 5825 1529
2005 2 2 0 5 4331 4701 4448
2006 2 2 0 5 1512 5900 4165
2007 2 2 0 5 4614 4699 3606
2008 2 2 0 5 954 6324 4175
2009 2 2 0 5 3111 6632 4255
2010 2 2 0 5 3126 6632 3111
2011 2 2 0 5 1959 6490 5910
2012 2 2 0 5 889 5961 5084
2013 2 2 0 5 4157 6116 3893
2014 2 2 0 5 4700 6072 3756
2015 2 2 0 5 1184 4508 4140
2016 2 2 0 5 4507 4809 2669
2017 2 2 0 5 5858 6048 2032
2018 2 2 0 5 1539 6169 4492
2019 2 2 0 5 2129 6826 4019
2020 2 2 0 5 3134 4413 1170
2021 2 2 0 5 3840 6407 3543
2022 2 2 0 5 5862 6706 4150
2023 2 2 0 5 4323 6030 5995
2024 2 2 0 5 4676 6442 6119
2025 2 2 0 5 2075 3639 2073
2026 2 2 0 5 3085 3880 2480
2027 2 2 0 5 2441 2527 2438
2028 2 2 0 5 4129 4544 1857
2029 2 2 0 5 1930 4431 3892
2030 2 2 0 5 3722 5886 2394
2031 2 2 0 5 2033 6172 2548
2032 2 2 0 5 6364 6672 4548
2033 2 2 0 5 4438 5797 3738
2034 2 2 0 5 2073 3639 2492
2035 2 2 0 5 2480 3880 2857
2036 2 2 0 5 1815 4380 4278
2037 2 2 0 5 4057 4699 4614
2038 2 2 0 5 2438 2527 2439
2039 2 2 0 5 4398 6355 4120
2040 2 2 0 5 4130 6739 4498
2041 2 2 0 5 4269 6741 4499
2042 2 2 0 5 4666 5993 3995
2043 2 2 0 5 6061 6857 4480
2044 2 2 0 5 3265 4981 3266
2045 2 2 0 5 3672 6180 4554
2046 2 2 0 5 3584 4728 3581
2047 2 2 0 5 3380 4687 4533
2048 2 2 0 5 3755 6194 5939
2049 2 2 0 5 2060 4754 1995
2050 2 2 0 5 4292 5774 4291
2051 2 2 0 5 4364 4539 1385
2052 2 2 0 5 4886 4889 4490
2053 2 2 0 5 3958 6689 4479
2054 2 2 0 5 5982 6509 1683
2055 2 2 0 5 6247 6456 5668
2056 2 2 0 5 4584 6423 3648
2057 2 2 0 5 4454 4664 3096
2058 2 2 0 5 4323 6451 4385
2059 2 2 0 5 3390 4723 4427
2060 2 2 0 5 4489 5978 3871
2061 2 2 0 5 4354 5844 4246
2062 2 2 0 5 1061 4583 1060
2063 2 2 0 5 2123 6174 2533
2064 2 2 0 5 2029 5858 2032
2065 2 2 0 5 6160 6489 6308
2066 2 2 0 5 928 5016 5015
2067 2 2 0 5 1351 4720 4680
2068 2 2 0 5 157 4980 156
2069 2 2 0 5 2298 6794 4159
2070 2 2 0 5 4968 5961 889
2071 2 2 0 5 1671 6293 4183
2072 2 2 0 5 4410 6371 4040
2073 2 2 0 5 4206 5810 4210
2074 2 2 0 5 6002 6304 3218
2075 2 2 0 5 4121 6369 1785
2076 2 2 0 5 1890 6085 4855
2077 2 2 0 5 4466 6230 1527
2078 2 2 0 5 3970 5741 3971
2079 2 2 0 5 889 6051 4968
2080 2 2 0 5 4795 4803 912
2081 2 2 0 5 4017 6581 4016
2082 2 2 0 5 3965 6893 3832
2083 2 2 0 5 3756 6072 3757
2084 2 2 0 5 3256 5787 4462
2085 2 2 0 5 1237 6417 4400
2086 2 2 0 5 3097 6714 4245
2087 2 2 0 5 2619 4705 2622
2088 2 2 0 5 4936 6379 894
2089 2 2 0 5 1857 5933 4129
2090 2 2 0 5 2618 4705 2619
2091 2 2 0 5 2352 2354 2351
2092 2 2 0 5 4099 4121 3690
2093 2 2 0 5 3940 3942 3591
2094 2 2 0 5 1571 2897 1941
2095 2 2 0 5 1558 1562 1559
2096 2 2 0 5 1792 1794 1789
2097 2 2 0 5 3195 3197 3196
2098 2 2 0 5 3382 4292 4291
2099 2 2 0 5 1353 1368 1355
2100 2 2 0 5 4093 4289 4288
2101 2 2 0 5 1335 1337 1332
2102 2 2 0 5 2533 4200 4199
2103 2 2 0 5 4241 4242 4080
2104 2 2 0 5 1957 1959 1955
2105 2 2 0 5 1946 1947 1944
2106 2 2 0 5 1921 1933 1919
2107 2 2 0 5 2390 2406 2388
2108 2 2 0 5 1534 1552 1532
2109 2 2 0 5 1475 1479 1477
2110 2 2 0 5 1789 4556 1787
2111 2 2 0 5 2999 3000 2997
2112 2 2 0 5 4434 6305 4243
2113 2 2 0 5 943 4615 4167
2114 2 2 0 5 1247 6036 5809
2115 2 2 0 5 4292 5990 5774
2116 2 2 0 5 4113 4406 2592
2117 2 2 0 5 1823 1824 1822
2118 2 2 0 5 4495 6273 267
2119 2 2 0 5 4674 6628 2362
2120 2 2 0 5 3643 5890 3345
2121 2 2 0 5 2484 6193 4163
2122 2 2 0 5 5199 5200 4192
2123 2 2 0 5 6361 6473 2860
2124 2 2 0 5 4752 5974 1328
2125 2 2 0 5 2895 5788 4585
2126 2 2 0 5 4159 6186 2995
2127 2 2 0 5 4199 6004 2060
2128 2 2 0 5 4139 4428 4360
2129 2 2 0 5 908 5765 4011
2130 2 2 0 5 4435 6523 1324
2131 2 2 0 5 2939 4509 1501
2132 2 2 0 5 5910 6490 3708
2133 2 2 0 5 1578 5831 1507
2134 2 2 0 5 3670 4426 3669
2135 2 2 0 5 4311 4555 4310
2136 2 2 0 5 4337 4339 4338
2137 2 2 0 5 4307 4473 4306
2138 2 2 0 5 6058 6350 3975
2139 2 2 0 5 4491 6579 4177
2140 2 2 0 5 4855 4872 1890
2141 2 2 0 5 4750 6466 895
2142 2 2 0 5 3936 6118 3933
2143 2 2 0 5 1987 5797 4438
2144 2 2 0 5 2874 4603 2873
2145 2 2 0 5 4363 6781 5925
2146 2 2 0 5 4490 4889 1397
2147 2 2 0 5 6340 6815 2877
2148 2 2 0 5 6010 6112 2107
2149 2 2 0 5 3927 5808 2510
2150 2 2 0 5 3990 6718 5937
2151 2 2 0 5 6156 6222 4802
2152 2 2 0 5 5577 6291 4184
2153 2 2 0 5 3928 6514 6047
2154 2 2 0 5 4577 6378 3749
2155 2 2 0 5 4078 6599 1616
2156 2 2 0 5 4513 5969 5776
2157 2 2 0 5 4091 4598 3914
2158 2 2 0 5 2069 4624 2066
2159 2 2 0 5 3881 5916 5915
2160 2 2 0 5 4080 6620 3984
2161 2 2 0 5 4191 6558 4579
2162 2 2 0 5 5015 5017 928
2163 2 2 0 5 3824 4539 4266
2164 2 2 0 5 2158 4626 2154
2165 2 2 0 5 5226 5227 949
2166 2 2 0 5 1358 6805 3983
2167 2 2 0 5 4340 6589 4462
2168 2 2 0 5 2037 4526 2048
2169 2 2 0 5 2995 6052 2542
2170 2 2 0 5 4400 4656 4098
2171 2 2 0 5 5904 6502 4405
2172 2 2 0 5 961 6441 5229
2173 2 2 0 5 256 5902 4242
2174 2 2 0 5 914 4980 4979
2175 2 2 0 5 3844 4131 4050
2176 2 2 0 5 3555 4469 3553
2177 2 2 0 5 2327 2328 2155
2178 2 2 0 5 2639 2640 2638
2179 2 2 0 5 2499 3722 2396
2180 2 2 0 5 3134 6471 4470
2181 2 2 0 5 4137 6493 3643
2182 2 2 0 5 4167 5010 4616
2183 2 2 0 5 2654 6775 4465
2184 2 2 0 5 4479 5729 3700
2185 2 2 0 5 4196 6815 6340
2186 2 2 0 5 1922 4571 1924
2187 2 2 0 5 3846 4553 3842
2188 2 2 0 5 4764 4765 4763
2189 2 2 0 5 4296 6089 4295
2190 2 2 0 5 4214 4215 3846
2191 2 2 0 5 1960 3886 1957
2192 2 2 0 5 2134 2135 2132
2193 2 2 0 5 4264 6065 4263
2194 2 2 0 5 4329 4631 4630
2195 2 2 0 5 1818 5957 4055
2196 2 2 0 5 4056 6009 4233
2197 2 2 0 5 1961 1962 1960
2198 2 2 0 5 1478 4491 1489
2199 2 2 0 5 3947 3948 2578
2200 2 2 0 5 4103 4247 4101
2201 2 2 0 5 1358 1367 1360
2202 2 2 0 5 1925 1940 1923
2203 2 2 0 5 2654 4465 2610
2204 2 2 0 5 2566 3947 2578
2205 2 2 0 5 1489 1690 1689
2206 2 2 0 5 3950 3951 2654
2207 2 2 0 5 1927 3892 1925
2208 2 2 0 5 2612 3950 2654
2209 2 2 0 5 1929 1930 1927
2210 2 2 0 5 2619 2620 2616
2211 2 2 0 5 2572 2577 2570
2212 2 2 0 5 4036 4409 4038
2213 2 2 0 5 4033 4132 4036
2214 2 2 0 5 2614 3950 2612
2215 2 2 0 5 2568 3947 2566
2216 2 2 0 5 2612 2654 2610
2217 2 2 0 5 1930 3892 1927
2218 2 2 0 5 3945 6037 3970
2219 2 2 0 5 2566 2578 2564
2220 2 2 0 5 2610 4465 2608
2221 2 2 0 5 1925 3892 1940
2222 2 2 0 5 1489 4491 1690
2223 2 2 0 5 3239 6735 4241
2224 2 2 0 5 2040 4095 2045
2225 2 2 0 5 2074 4060 2079
2226 2 2 0 5 1309 1310 1308
2227 2 2 0 5 1391 4059 1400
2228 2 2 0 5 2440 4049 3353
2229 2 2 0 5 5741 5805 3971
2230 2 2 0 5 4971 6223 4972
2231 2 2 0 5 6223 6383 4972
2232 2 2 0 5 4233 6869 4056
2233 2 2 0 5 4979 4981 914
2234 2 2 0 5 4288 6767 1832
2235 2 2 0 5 3849 6801 3632
2236 2 2 0 5 3942 4702 3943
2237 2 2 0 5 4011 6614 908
2238 2 2 0 5 3759 4387 3284
2239 2 2 0 5 4787 6240 919
2240 2 2 0 5 4591 6356 1482
2241 2 2 0 5 4395 6118 3936
2242 2 2 0 5 3264 5868 4587
2243 2 2 0 5 5821 6807 4051
2244 2 2 0 5 5924 6233 2435
2245 2 2 0 5 3531 3535 3534
2246 2 2 0 5 1911 4648 2842
2247 2 2 0 5 3759 6754 6205
2248 2 2 0 5 3696 3697 2156
2249 2 2 0 5 3927 6303 5808
2250 2 2 0 5 1976 5798 4026
2251 2 2 0 5 4457 6019 5881
2252 2 2 0 5 4189 6346 960
2253 2 2 0 5 6151 6245 4122
2254 2 2 0 5 3715 4498 3921
2255 2 2 0 5 3923 4269 3671
2256 2 2 0 5 1581 4533 1582
2257 2 2 0 5 3727 4176 3728
2258 2 2 0 5 3134 5414 4115
2259 2 2 0 5 1072 5171 5169
2260 2 2 0 5 4122 6245 4481
2261 2 2 0 5 3942 6020 4702
2262 2 2 0 5 4449 6154 958
2263 2 2 0 5 4872 4874 1890
2264 2 2 0 5 4462 5787 4339
2265 2 2 0 5 2954 4547 3705
2266 2 2 0 5 4533 4687 1582
2267 2 2 0 5 5617 6415 5977
2268 2 2 0 5 4009 4184 4133
2269 2 2 0 5 4166 6554 4440
2270 2 2 0 5 1561 5819 4170
2271 2 2 0 5 2791 4737 2793
2272 2 2 0 5 4186 5994 4002
2273 2 2 0 5 4157 6398 6094
2274 2 2 0 5 2859 4697 1513
2275 2 2 0 5 1063 6844 1068
2276 2 2 0 5 3951 4169 4168
2277 2 2 0 5 4508 4809 4507
2278 2 2 0 5 1071 4560 4559
2279 2 2 0 5 4213 5912 1583
2280 2 2 0 5 4405 6575 6224
2281 2 2 0 5 4263 6713 3167
2282 2 2 0 5 3167 6713 3945
2283 2 2 0 5 2702 5862 4152
2284 2 2 0 5 3975 5949 4111
2285 2 2 0 5 1653 4655 1651
2286 2 2 0 5 4058 4715 3246
2287 2 2 0 5 2608 4546 2605
2288 2 2 0 5 1568 4582 4373
2289 2 2 0 5 1650 4303 4301
2290 2 2 0 5 3922 6329 2927
2291 2 2 0 5 3936 5875 4395
2292 2 2 0 5 6278 6447 4964
2293 2 2 0 5 3286 6149 4686
2294 2 2 0 5 2037 6048 4526
2295 2 2 0 5 4705 6088 2622
2296 2 2 0 5 4297 5805 5741
2297 2 2 0 5 4274 6860 6145
2298 2 2 0 5 6031 6406 6030
2299 2 2 0 5 5778 5954 5758
2300 2 2 0 5 3857 6112 6010
2301 2 2 0 5 4009 6565 4184
2302 2 2 0 5 2691 6447 6278
2303 2 2 0 5 1985 5726 1981
2304 2 2 0 5 1858 4703 4371
2305 2 2 0 5 1529 4466 1527
2306 2 2 0 5 1831 6337 5734
2307 2 2 0 5 1980 6301 5798
2308 2 2 0 5 4176 6401 3728
2309 2 2 0 5 3889 5894 4853
2310 2 2 0 5 4164 5881 2433
2311 2 2 0 5 4660 5886 3722
2312 2 2 0 5 4267 5872 3235
2313 2 2 0 5 1909 6428 4293
2314 2 2 0 5 1641 6610 4179
2315 2 2 0 5 4278 4280 1815
2316 2 2 0 5 1957 3886 1959
2317 2 2 0 5 4240 4627 4397
2318 2 2 0 5 6069 6183 4656
2319 2 2 0 5 4673 4674 3652
2320 2 2 0 5 3949 4295 3948
2321 2 2 0 5 4005 6423 4584
2322 2 2 0 5 4769 6498 6394
2323 2 2 0 5 3609 4659 4468
2324 2 2 0 5 3993 4684 3992
2325 2 2 0 5 3723 4660 3722
2326 2 2 0 5 4409 6370 4410
2327 2 2 0 5 6086 6175 4443
2328 2 2 0 5 2888 5851 4262
2329 2 2 0 5 955 5836 4219
2330 2 2 0 5 2904 5824 3388
2331 2 2 0 5 2573 6672 6364
2332 2 2 0 5 3355 6096 3354
2333 2 2 0 5 4171 6585 4432
2334 2 2 0 5 1512 4165 1509
2335 2 2 0 5 3726 6896 1919
2336 2 2 0 5 1072 5815 5171
2337 2 2 0 5 3736 6017 4222
2338 2 2 0 5 5881 6019 2433
2339 2 2 0 5 1328 6210 4336
2340 2 2 0 5 1690 4491 2522
2341 2 2 0 5 4119 6538 4399
2342 2 2 0 5 4382 4605 939
2343 2 2 0 5 4647 6799 6512
2344 2 2 0 5 1454 6683 4581
2345 2 2 0 5 4381 4611 4194
2346 2 2 0 5 2094 2337 1943
2347 2 2 0 5 2433 6018 4164
2348 2 2 0 5 4429 4747 2150
2349 2 2 0 5 4392 4608 2015
2350 2 2 0 5 4468 4659 890
2351 2 2 0 5 2592 4666 4113
2352 2 2 0 5 2183 6175 6086
2353 2 2 0 5 4152 6856 2702
2354 2 2 0 5 1789 6743 4556
2355 2 2 0 5 4312 6931 1857
2356 2 2 0 5 4605 5493 3289
2357 2 2 0 5 3589 5960 3991
2358 2 2 0 5 1478 6579 4491
2359 2 2 0 5 3638 6896 4497
2360 2 2 0 5 2842 4543 4542
2361 2 2 0 5 4680 4720 3868
2362 2 2 0 5 4222 6177 3736
2363 2 2 0 5 5790 6162 3755
2364 2 2 0 5 5169 5172 1072
2365 2 2 0 5 5825 6671 3344
2366 2 2 0 5 2421 4419 2337
2367 2 2 0 5 5831 6426 1507
2368 2 2 0 5 6084 6386 1791
2369 2 2 0 5 4385 6451 4534
2370 2 2 0 5 3937 6233 5924
2371 2 2 0 5 4503 6453 4504
2372 2 2 0 5 4021 5911 2802
2373 2 2 0 5 4261 6802 1902
2374 2 2 0 5 3984 4662 4287
2375 2 2 0 5 1247 1264 1246
2376 2 2 0 5 3171 3865 3172
2377 2 2 0 5 3624 3873 2896
2378 2 2 0 5 2338 2500 2107
2379 2 2 0 5 2843 3591 3589
2380 2 2 0 5 2981 4091 3914
2381 2 2 0 5 3993 6480 4684
2382 2 2 0 5 59 5213 58
2383 2 2 0 5 5667 5826 1679
2384 2 2 0 5 1860 4482 4399
2385 2 2 0 5 1342 1571 1341
2386 2 2 0 5 1481 1557 1484
2387 2 2 0 5 2297 2995 2542
2388 2 2 0 5 2903 3842 2909
2389 2 2 0 5 2019 3886 1960
2390 2 2 0 5 2500 6010 2107
2391 2 2 0 5 4364 6219 4266
2392 2 2 0 5 1194 1242 1082
2393 2 2 0 5 3370 4139 4074
2394 2 2 0 5 3589 3991 3590
2395 2 2 0 5 3975 4111 3891
2396 2 2 0 5 1833 1906 1838
2397 2 2 0 5 4460 5199 1019
2398 2 2 0 5 3249 3727 2950
2399 2 2 0 5 1835 3663 3662
2400 2 2 0 5 2510 2535 2509
2401 2 2 0 5 4459 4625 2902
2402 2 2 0 5 2927 6329 3382
2403 2 2 0 5 3703 4248 3958
2404 2 2 0 5 1788 1789 1787
2405 2 2 0 5 2942 3368 2635
2406 2 2 0 5 2022 2153 1905
2407 2 2 0 5 1565 3613 3118
2408 2 2 0 5 2119 2555 1997
2409 2 2 0 5 3324 3933 3325
2410 2 2 0 5 3721 4002 2966
2411 2 2 0 5 1238 4098 3711
2412 2 2 0 5 1569 1581 1570
2413 2 2 0 5 1508 1509 1507
2414 2 2 0 5 2949 3194 3193
2415 2 2 0 5 3312 3719 3313
2416 2 2 0 5 3245 3956 3244
2417 2 2 0 5 4206 4210 4208
2418 2 2 0 5 2362 2636 2361
2419 2 2 0 5 2879 3687 3348
2420 2 2 0 5 3366 3838 3222
2421 2 2 0 5 2927 3382 2925
2422 2 2 0 5 1350 1353 1352
2423 2 2 0 5 3111 4255 3109
2424 2 2 0 5 1911 2842 1910
2425 2 2 0 5 1331 1332 1327
2426 2 2 0 5 2288 2484 2286
2427 2 2 0 5 3153 3840 3543
2428 2 2 0 5 2122 2123 2111
2429 2 2 0 5 3179 3901 3358
2430 2 2 0 5 2932 3621 2930
2431 2 2 0 5 3226 3671 3228
2432 2 2 0 5 3819 3820 2964
2433 2 2 0 5 3238 3984 3008
2434 2 2 0 5 1879 2065 1880
2435 2 2 0 5 3161 3824 3159
2436 2 2 0 5 3633 3849 3632
2437 2 2 0 5 1684 1944 1683
2438 2 2 0 5 3185 3645 3184
2439 2 2 0 5 3167 3945 3165
2440 2 2 0 5 3169 4263 3167
2441 2 2 0 5 3638 4260 1877
2442 2 2 0 5 1884 1919 1883
2443 2 2 0 5 1883 3638 1877
2444 2 2 0 5 3747 4263 3169
2445 2 2 0 5 3138 3139 3136
2446 2 2 0 5 3275 3715 3273
2447 2 2 0 5 1380 1454 1382
2448 2 2 0 5 1781 5666 5665
2449 2 2 0 5 3113 3126 3111
2450 2 2 0 5 1530 1532 1529
2451 2 2 0 5 2290 4281 2288
2452 2 2 0 5 2344 4281 2290
2453 2 2 0 5 3109 4255 3545
2454 2 2 0 5 3177 4283 3179
2455 2 2 0 5 3154 4282 3153
2456 2 2 0 5 1473 1475 1474
2457 2 2 0 5 3344 6671 3103
2458 2 2 0 5 2825 5735 2987
2459 2 2 0 5 3130 5735 2825
2460 2 2 0 5 125 4615 943
2461 2 2 0 5 1518 1616 1516
2462 2 2 0 5 2395 2396 2394
2463 2 2 0 5 4293 6708 1909
2464 2 2 0 5 1308 6102 1306
2465 2 2 0 5 4242 6464 256
2466 2 2 0 5 6066 6488 6090
2467 2 2 0 5 2338 6909 2500
2468 2 2 0 5 3294 5673 4389
2469 2 2 0 5 2842 4648 4543
2470 2 2 0 5 4256 6521 4258
2471 2 2 0 5 4746 5693 3314
2472 2 2 0 5 2666 4419 2421
2473 2 2 0 5 5995 6030 3732
2474 2 2 0 5 6047 6514 3104
2475 2 2 0 5 2862 5967 2864
2476 2 2 0 5 3611 6116 2945
2477 2 2 0 5 6577 6674 3951
2478 2 2 0 5 1816 4617 1823
2479 2 2 0 5 2482 4941 2952
2480 2 2 0 5 4347 4532 4343
2481 2 2 0 5 91 4604 90
2482 2 2 0 5 126 4659 4615
2483 2 2 0 5 4498 6739 3921
2484 2 2 0 5 3923 6741 4269
2485 2 2 0 5 4805 4807 931
2486 2 2 0 5 4394 4461 4169
2487 2 2 0 5 1793 6862 4394
2488 2 2 0 5 6338 6418 3911
2489 2 2 0 5 4394 6862 4461
2490 2 2 0 5 1857 6931 5933
2491 2 2 0 5 3710 6317 5756
2492 2 2 0 5 1529 5825 4466
2493 2 2 0 5 1973 6299 6253
2494 2 2 0 5 4179 6610 4642
2495 2 2 0 5 1342 6539 1571
2496 2 2 0 5 2876 4259 2502
2497 2 2 0 5 4568 5347 3644
2498 2 2 0 5 2837 6180 3672
2499 2 2 0 5 6191 6323 4633
2500 2 2 0 5 4058 6686 2385
2501 2 2 0 5 5167 5172 5169
2502 2 2 0 5 4026 5863 1976
2503 2 2 0 5 4360 6321 4139
2504 2 2 0 5 3685 6133 5909
2505 2 2 0 5 4304 4321 1668
2506 2 2 0 5 3201 4631 3219
2507 2 2 0 5 1568 5949 4582
2508 2 2 0 5 4421 6044 3000
2509 2 2 0 5 4054 4760 4053
2510 2 2 0 5 3151 5790 3755
2511 2 2 0 5 6151 6595 888
2512 2 2 0 5 3305 5790 3151
2513 2 2 0 5 4131 6458 1819
2514 2 2 0 5 1940 5897 1923
2515 2 2 0 5 6685 6812 4618
2516 2 2 0 5 2659 2871 2125
2517 2 2 0 5 3641 5803 4931
2518 2 2 0 5 4380 6071 5854
2519 2 2 0 5 4692 6341 1399
2520 2 2 0 5 2308 4891 1390
2521 2 2 0 5 4241 4575 4242
2522 2 2 0 5 1540 2335 1536
2523 2 2 0 5 4392 5905 4511
2524 2 2 0 5 1362 2539 1364
2525 2 2 0 5 2862 2863 2575
2526 2 2 0 5 4040 4166 4042
2527 2 2 0 5 2897 5830 4590
2528 2 2 0 5 3130 6455 5735
2529 2 2 0 5 6066 6718 3252
2530 2 2 0 5 214 5893 213
2531 2 2 0 5 4247 6369 4101
2532 2 2 0 5 156 4980 914
2533 2 2 0 5 5926 5927 3944
2534 2 2 0 5 2667 5690 4699
2535 2 2 0 5 4627 6106 4397
2536 2 2 0 5 2128 2130 1992
2537 2 2 0 5 1669 4540 4340
2538 2 2 0 5 4581 6683 4045
2539 2 2 0 5 3275 4573 3716
2540 2 2 0 5 1879 4574 3622
2541 2 2 0 5 3161 6005 3824
2542 2 2 0 5 4033 6253 4132
2543 2 2 0 5 4262 6157 2888
2544 2 2 0 5 3704 6321 6006
2545 2 2 0 5 1781 6412 5666
2546 2 2 0 5 958 4450 4422
2547 2 2 0 5 4219 6688 955
2548 2 2 0 5 4295 5926 3948
2549 2 2 0 5 1819 6766 4131
2550 2 2 0 5 1858 6710 4703
2551 2 2 0 5 6022 6300 6021
2552 2 2 0 5 39 4600 897
2553 2 2 0 5 1477 6579 1478
2554 2 2 0 5 5670 6010 2500
2555 2 2 0 5 4285 6008 4375
2556 2 2 0 5 3264 5967 5868
2557 2 2 0 5 4458 6718 6066
2558 2 2 0 5 3113 5978 3126
2559 2 2 0 5 1919 6896 1883
2560 2 2 0 5 3370 6564 4139
2561 2 2 0 5 6021 6300 2650
2562 2 2 0 5 3153 6746 3840
2563 2 2 0 5 4282 6746 3153
2564 2 2 0 5 1883 6896 3638
2565 2 2 0 5 897 6269 5532
2566 2 2 0 5 4174 6941 4671
2567 2 2 0 5 1375 6065 4729
2568 2 2 0 5 4647 6512 4077
2569 2 2 0 5 4113 6897 4406
2570 2 2 0 5 4560 5969 4559
2571 2 2 0 5 4122 6595 6151
2572 2 2 0 5 5909 6057 3533
2573 2 2 0 5 4329 4630 4326
2574 2 2 0 5 3902 6044 4421
2575 2 2 0 5 2588 6433 5993
2576 2 2 0 5 4628 6378 1667
2577 2 2 0 5 5735 6159 2987
2578 2 2 0 5 4053 4760 4541
2579 2 2 0 5 6063 6351 4290
2580 2 2 0 5 4029 4676 4031
2581 2 2 0 5 3208 4402 3209
2582 2 2 0 5 2629 4403 2628
2583 2 2 0 5 5213 6152 921
2584 2 2 0 5 1315 5882 1498
2585 2 2 0 5 1362 6609 2539
2586 2 2 0 5 1071 4559 1045
2587 2 2 0 5 1945 6121 4503
2588 2 2 0 5 4002 6211 2966
2589 2 2 0 5 6238 6773 4142
2590 2 2 0 5 3583 4664 3585
2591 2 2 0 5 3867 6084 5849
2592 2 2 0 5 5849 6084 2090
2593 2 2 0 5 1170 4413 1172
2594 2 2 0 5 3921 6739 3185
2595 2 2 0 5 3222 6741 3923
2596 2 2 0 5 4454 6288 5303
2597 2 2 0 5 2288 6756 2484
2598 2 2 0 5 4281 6756 2288
2599 2 2 0 5 923 5498 4456
2600 2 2 0 5 5831 6363 5830
2601 2 2 0 5 4305 4662 1846
2602 2 2 0 5 4511 4608 4392
2603 2 2 0 5 3547 6228 6167
2604 2 2 0 5 4354 6402 4477
2605 2 2 0 5 4107 6666 2568
2606 2 2 0 5 4109 6667 2614
2607 2 2 0 5 5830 6363 3255
2608 2 2 0 5 4186 6260 5994
2609 2 2 0 5 4301 4302 1668
2610 2 2 0 5 4337 4338 2121
2611 2 2 0 5 4310 4555 1457
2612 2 2 0 5 4376 4377 1351
2613 2 2 0 5 4358 4577 1657
2614 2 2 0 5 4373 4374 1560
2615 2 2 0 5 4306 4473 1860
2616 2 2 0 5 4371 4372 1854
2617 2 2 0 5 1343 4663 4420
2618 2 2 0 5 4247 6692 6369
2619 2 2 0 5 4369 6028 4661
2620 2 2 0 5 4273 6860 4274
2621 2 2 0 5 2637 6628 2934
2622 2 2 0 5 4052 6409 4055
2623 2 2 0 5 4618 6812 3538
2624 2 2 0 5 1457 4555 4317
2625 2 2 0 5 1047 4559 4558
2626 2 2 0 5 4341 4386 4346
2627 2 2 0 5 1861 4393 4305
2628 2 2 0 5 4323 4385 1648
2629 2 2 0 5 4300 4386 1803
2630 2 2 0 5 4316 4383 1862
2631 2 2 0 5 4343 4532 1840
2632 2 2 0 5 1817 4367 4361
2633 2 2 0 5 3199 4631 3201
2634 2 2 0 5 4461 6774 4168
2635 2 2 0 5 1486 6843 4499
2636 2 2 0 5 5925 6781 4212
2637 2 2 0 5 3892 6836 1940
2638 2 2 0 5 343 4337 2121
2639 2 2 0 5 337 4325 1667
2640 2 2 0 5 293 4371 1854
2641 2 2 0 5 259 4306 1860
2642 2 2 0 5 355 4350 4313
2643 2 2 0 5 248 4310 1457
2644 2 2 0 5 295 4312 1857
2645 2 2 0 5 339 4358 1657
2646 2 2 0 5 231 4355 1375
2647 2 2 0 5 227 4364 1385
2648 2 2 0 5 320 4373 1560
2649 2 2 0 5 229 4297 1456
2650 2 2 0 5 305 4301 1668
2651 2 2 0 5 238 4375 1460
2652 2 2 0 5 341 4540 1669
2653 2 2 0 5 315 4378 1542
2654 2 2 0 5 240 4376 1351
2655 2 2 0 5 4368 4369 4366
2656 2 2 0 5 4317 4318 4315
2657 2 2 0 5 1921 5897 1933
2658 2 2 0 5 6202 6469 3006
2659 2 2 0 5 4142 6576 4141
2660 2 2 0 5 3754 4709 4165
2661 2 2 0 5 3553 4469 3717
2662 2 2 0 5 4582 5949 3975
2663 2 2 0 5 4291 6063 4290
2664 2 2 0 5 1942 6258 4379
2665 2 2 0 5 4311 6773 4650
2666 2 2 0 5 4499 6843 4269
2667 2 2 0 5 2486 6315 4389
2668 2 2 0 5 4142 5986 4401
2669 2 2 0 5 4003 5875 3936
2670 2 2 0 5 4504 4820 1949
2671 2 2 0 5 1785 6016 4121
2672 2 2 0 5 4099 6369 4121
2673 2 2 0 5 4601 4728 3584
2674 2 2 0 5 4765 4771 4763
2675 2 2 0 5 5100 6250 884
2676 2 2 0 5 4380 5854 5828
2677 2 2 0 5 4267 6561 5872
2678 2 2 0 5 5872 6561 4353
2679 2 2 0 5 1940 6757 5897
2680 2 2 0 5 6061 6192 4084
2681 2 2 0 5 4458 4665 1551
2682 2 2 0 5 1828 6218 3862
2683 2 2 0 5 939 4604 4382
2684 2 2 0 5 1823 4617 1827
2685 2 2 0 5 4484 4486 951
2686 2 2 0 5 4459 5200 4460
2687 2 2 0 5 4570 6411 1460
2688 2 2 0 5 2380 4569 4554
2689 2 2 0 5 5732 6875 6306
2690 2 2 0 5 1684 6121 1945
2691 2 2 0 5 4459 6184 4625
2692 2 2 0 5 3593 5553 4501
2693 2 2 0 5 4319 6811 5743
2694 2 2 0 5 2076 4764 2078
2695 2 2 0 5 4583 4584 3648
2696 2 2 0 5 6210 6418 4336
2697 2 2 0 5 4432 6585 2928
2698 2 2 0 5 4555 4650 3681
2699 2 2 0 5 4005 6522 6423
2700 2 2 0 5 4553 6458 3842
2701 2 2 0 5 4590 6694 5676
2702 2 2 0 5 4215 6809 3846
2703 2 2 0 5 4968 6051 937
2704 2 2 0 5 4541 4760 1801
2705 2 2 0 5 3960 6841 4545
2706 2 2 0 5 2589 2590 2587
2707 2 2 0 5 3144 3145 3142
2708 2 2 0 5 2561 3859 2559
2709 2 2 0 5 3957 5925 4212
2710 2 2 0 5 2138 2140 2136
2711 2 2 0 5 2623 2624 2621
2712 2 2 0 5 4029 6442 4676
2713 2 2 0 5 2593 2594 2591
2714 2 2 0 5 3148 3149 3146
2715 2 2 0 5 2627 2628 2625
2716 2 2 0 5 2597 2598 2595
2717 2 2 0 5 2601 2602 2599
2718 2 2 0 5 1979 1980 1977
2719 2 2 0 5 1285 1286 1283
2720 2 2 0 5 3739 3742 3741
2721 2 2 0 5 3846 6809 4553
2722 2 2 0 5 2034 2037 2036
2723 2 2 0 5 1988 1989 1986
2724 2 2 0 5 3205 3208 3207
2725 2 2 0 5 1975 1976 1972
2726 2 2 0 5 1281 1282 1279
2727 2 2 0 5 1306 1316 1301
2728 2 2 0 5 2479 3056 2805
2729 2 2 0 5 2946 3738 3612
2730 2 2 0 5 3541 4084 4082
2731 2 2 0 5 4527 4529 3878
2732 2 2 0 5 4437 4494 3718
2733 2 2 0 5 4357 6625 4210
2734 2 2 0 5 4386 6314 4346
2735 2 2 0 5 4300 6314 4386
2736 2 2 0 5 6423 6522 4069
2737 2 2 0 5 4198 6778 5889
2738 2 2 0 5 4285 5950 4283
2739 2 2 0 5 1399 4717 4692
2740 2 2 0 5 3748 4577 3749
2741 2 2 0 5 4168 6775 2654
2742 2 2 0 5 3621 6940 4171
2743 2 2 0 5 1995 4754 2093
2744 2 2 0 5 5741 6037 1456
2745 2 2 0 5 937 6136 4968
2746 2 2 0 5 3723 4684 4120
2747 2 2 0 5 2011 4501 4134
2748 2 2 0 5 3760 4817 4815
2749 2 2 0 5 4507 5877 3674
2750 2 2 0 5 963 6235 5654
2751 2 2 0 5 2594 5767 2591
2752 2 2 0 5 3903 4054 4053
2753 2 2 0 5 1181 4565 4564
2754 2 2 0 5 1667 6378 4358
2755 2 2 0 5 4262 5851 4261
2756 2 2 0 5 3962 6841 3960
2757 2 2 0 5 1460 6411 4376
2758 2 2 0 5 5977 6415 5346
2759 2 2 0 5 4607 6621 4091
2760 2 2 0 5 4410 6370 2126
2761 2 2 0 5 3619 4250 2634
2762 2 2 0 5 4676 6253 4031
2763 2 2 0 5 4528 6195 1662
2764 2 2 0 5 2094 2352 2351
2765 2 2 0 5 3691 4099 3690
2766 2 2 0 5 3592 3940 3591
2767 2 2 0 5 4606 4607 4091
2768 2 2 0 5 1571 1941 1685
2769 2 2 0 5 1558 1559 1484
2770 2 2 0 5 3843 3846 3842
2771 2 2 0 5 4010 5856 2130
2772 2 2 0 5 4245 6538 4119
2773 2 2 0 5 3991 3993 3992
2774 2 2 0 5 1791 1792 1789
2775 2 2 0 5 3324 4003 3936
2776 2 2 0 5 3195 3196 3193
2777 2 2 0 5 3312 4245 4119
2778 2 2 0 5 3957 4212 3244
2779 2 2 0 5 2637 2638 2636
2780 2 2 0 5 3366 4017 4016
2781 2 2 0 5 3382 4291 4290
2782 2 2 0 5 1353 1355 1354
2783 2 2 0 5 4093 4288 1910
2784 2 2 0 5 1333 1335 1332
2785 2 2 0 5 2533 4199 2111
2786 2 2 0 5 3238 4241 4080
2787 2 2 0 5 3984 4287 4286
2788 2 2 0 5 1956 1957 1955
2789 2 2 0 5 3824 4266 4265
2790 2 2 0 5 2389 2390 2388
2791 2 2 0 5 1945 1946 1944
2792 2 2 0 5 1920 1921 1919
2793 2 2 0 5 1533 1534 1532
2794 2 2 0 5 4256 4258 3545
2795 2 2 0 5 4284 4285 4283
2796 2 2 0 5 1475 1477 1476
2797 2 2 0 5 5758 6665 5778
2798 2 2 0 5 4077 5880 2828
2799 2 2 0 5 3385 4391 3601
2800 2 2 0 5 2153 6421 3696
2801 2 2 0 5 1560 6063 5774
2802 2 2 0 5 2481 5998 5997
2803 2 2 0 5 3266 4981 4979
2804 2 2 0 5 4116 4981 3265
2805 2 2 0 5 2998 2999 2997
2806 2 2 0 5 2131 2132 2130
2807 2 2 0 5 4191 4591 1482
2808 2 2 0 5 4226 5713 3523
2809 2 2 0 5 5970 6052 2995
2810 2 2 0 5 3996 6754 3759
2811 2 2 0 5 4971 6136 937
2812 2 2 0 5 896 4652 4651
2813 2 2 0 5 3619 6188 6041
2814 2 2 0 5 1019 5201 4460
2815 2 2 0 5 4746 6709 4294
2816 2 2 0 5 3824 6005 4539
2817 2 2 0 5 5761 6024 4787
2818 2 2 0 5 1816 1821 1814
2819 2 2 0 5 6101 6502 5904
2820 2 2 0 5 4318 6814 6208
2821 2 2 0 5 4134 4500 2011
2822 2 2 0 5 1816 1823 1822
2823 2 2 0 5 3700 5729 4158
2824 2 2 0 5 4290 6351 3349
2825 2 2 0 5 3188 6363 4709
2826 2 2 0 5 4175 5975 5759
2827 2 2 0 5 4194 6835 4381
2828 2 2 0 5 4650 6773 3850
2829 2 2 0 5 3196 5928 3193
2830 2 2 0 5 4309 6338 3933
2831 2 2 0 5 6307 6308 1303
2832 2 2 0 5 2384 6701 4094
2833 2 2 0 5 4447 5519 1894
2834 2 2 0 5 4427 4842 2163
2835 2 2 0 5 4676 6761 6253
2836 2 2 0 5 4498 6786 6782
2837 2 2 0 5 2945 6116 2947
2838 2 2 0 5 1923 5897 1921
2839 2 2 0 5 4176 6822 4477
2840 2 2 0 5 1480 6579 1477
2841 2 2 0 5 5264 5963 5454
2842 2 2 0 5 937 6223 4971
2843 2 2 0 5 4931 5803 925
2844 2 2 0 5 3933 6118 4309
2845 2 2 0 5 4873 5867 5792
2846 2 2 0 5 2952 4941 4939
2847 2 2 0 5 4451 4464 1096
2848 2 2 0 5 3848 5933 4240
2849 2 2 0 5 1480 6780 6579
2850 2 2 0 5 3546 5830 2897
2851 2 2 0 5 6236 6349 1882
2852 2 2 0 5 4382 5493 4605
2853 2 2 0 5 4940 5773 4938
2854 2 2 0 5 4697 6899 1513
2855 2 2 0 5 4415 6215 5755
2856 2 2 0 5 3816 5518 4682
2857 2 2 0 5 4094 6733 2384
2858 2 2 0 5 3635 6010 5670
2859 2 2 0 5 4656 6821 3548
2860 2 2 0 5 4642 6610 3549
2861 2 2 0 5 4375 6008 1460
2862 2 2 0 5 4423 6349 6236
2863 2 2 0 5 1364 4220 1366
2864 2 2 0 5 4729 6065 4264
2865 2 2 0 5 2873 4603 3290
2866 2 2 0 5 4277 6473 4279
2867 2 2 0 5 4502 5201 1018
2868 2 2 0 5 2042 5869 2044
2869 2 2 0 5 4001 6239 6207
2870 2 2 0 5 4226 5714 5713
2871 2 2 0 5 4181 5876 3758
2872 2 2 0 5 912 6054 4797
2873 2 2 0 5 4365 4368 4366
2874 2 2 0 5 4314 4317 4315
2875 2 2 0 5 4362 4534 4363
2876 2 2 0 5 4536 5849 2090
2877 2 2 0 5 4417 5703 1505
2878 2 2 0 5 4165 5900 3754
2879 2 2 0 5 4919 6111 6043
2880 2 2 0 5 40 4600 39
2881 2 2 0 5 3714 6347 4687
2882 2 2 0 5 4873 4874 4872
2883 2 2 0 5 4740 5793 4562
2884 2 2 0 5 3909 5974 3874
2885 2 2 0 5 4098 6183 4668
2886 2 2 0 5 4678 6098 4417
2887 2 2 0 5 4186 6132 352
2888 2 2 0 5 4747 6722 1490
2889 2 2 0 5 4227 6163 4472
2890 2 2 0 5 3862 6729 1828
2891 2 2 0 5 1080 4580 1194
2892 2 2 0 5 4477 6822 1802
2893 2 2 0 5 5227 5228 910
2894 2 2 0 5 3767 6905 4616
2895 2 2 0 5 2985 6208 2638
2896 2 2 0 5 4890 6114 4490
2897 2 2 0 5 4447 6040 2529
2898 2 2 0 5 302 4357 303
2899 2 2 0 5 5995 6451 4323
2900 2 2 0 5 4770 6027 4673
2901 2 2 0 5 1516 4014 1512
2902 2 2 0 5 2139 5855 4475
2903 2 2 0 5 4238 6258 1942
2904 2 2 0 5 4753 4754 4204
2905 2 2 0 5 4687 6505 3714
2906 2 2 0 5 1981 5726 1980
2907 2 2 0 5 4092 4442 3262
2908 2 2 0 5 4501 5553 4134
2909 2 2 0 5 2394 5885 2391
2910 2 2 0 5 5832 6581 4017
2911 2 2 0 5 5792 5867 1772
2912 2 2 0 5 3745 6442 4029
2913 2 2 0 5 2336 5969 4513
2914 2 2 0 5 4695 6913 4698
2915 2 2 0 5 4473 5777 4482
2916 2 2 0 5 6043 6111 1918
2917 2 2 0 5 4042 4440 4044
2918 2 2 0 5 5915 5916 5913
2919 2 2 0 5 1336 6118 4395
2920 2 2 0 5 1570 4179 1567
2921 2 2 0 5 3217 6456 6247
2922 2 2 0 5 2958 4554 3737
2923 2 2 0 5 5915 6185 3881
2924 2 2 0 5 4673 6569 4770
2925 2 2 0 5 4003 6211 5875
2926 2 2 0 5 1521 4078 1518
2927 2 2 0 5 2030 5979 4506
2928 2 2 0 5 4769 6394 6027
2929 2 2 0 5 5770 6292 1864
2930 2 2 0 5 4136 6408 5785
2931 2 2 0 5 1541 4842 4427
2932 2 2 0 5 2809 6655 6257
2933 2 2 0 5 2529 5519 4447
2934 2 2 0 5 4169 6674 4299
2935 2 2 0 5 3165 3970 3163
2936 2 2 0 5 4260 4261 1902
2937 2 2 0 5 5665 5667 1679
2938 2 2 0 5 3228 4267 3235
2939 2 2 0 5 2964 4270 3083
2940 2 2 0 5 2930 3922 2927
2941 2 2 0 5 2286 4163 2120
2942 2 2 0 5 1569 4213 1583
2943 2 2 0 5 4101 6369 4099
2944 2 2 0 5 3903 4052 3249
2945 2 2 0 5 3704 4249 3703
2946 2 2 0 5 5905 6326 4511
2947 2 2 0 5 1933 6823 4217
2948 2 2 0 5 4498 6782 4130
2949 2 2 0 5 2400 4414 2398
2950 2 2 0 5 4399 6538 1830
2951 2 2 0 5 4129 5933 3848
2952 2 2 0 5 4050 6026 4051
2953 2 2 0 5 352 6260 4186
2954 2 2 0 5 4279 6473 6365
2955 2 2 0 5 5985 6318 5920
2956 2 2 0 5 1388 4891 1386
2957 2 2 0 5 1386 4891 1397
2958 2 2 0 5 1018 5202 4502
2959 2 2 0 5 5980 6525 2055
2960 2 2 0 5 1544 6169 1539
2961 2 2 0 5 2928 6585 6486
2962 2 2 0 5 4873 5792 4874
2963 2 2 0 5 6080 6424 5840
2964 2 2 0 5 6127 6420 2976
2965 2 2 0 5 5875 6211 5994
2966 2 2 0 5 3290 6543 6451
2967 2 2 0 5 3874 5974 4022
2968 2 2 0 5 5454 6870 5264
2969 2 2 0 5 4243 4244 3303
2970 2 2 0 5 2298 4159 2297
2971 2 2 0 5 3190 6091 4588
2972 2 2 0 5 4564 4567 2012
2973 2 2 0 5 4275 6146 4277
2974 2 2 0 5 4096 6261 2671
2975 2 2 0 5 6208 6721 2638
2976 2 2 0 5 3670 6069 4426
2977 2 2 0 5 2090 5848 4536
2978 2 2 0 5 6049 6336 3684
2979 2 2 0 5 2951 5924 2437
2980 2 2 0 5 1237 4400 1238
2981 2 2 0 5 4049 6847 6738
2982 2 2 0 5 948 5766 5031
2983 2 2 0 5 1277 6503 5811
2984 2 2 0 5 3354 6096 3679
2985 2 2 0 5 90 4604 939
2986 2 2 0 5 2578 6393 2564
2987 2 2 0 5 3681 6814 4555
2988 2 2 0 5 2972 4525 3596
2989 2 2 0 5 2477 4681 2405
2990 2 2 0 5 4192 5883 1023
2991 2 2 0 5 4149 5964 3735
2992 2 2 0 5 4049 6738 4571
2993 2 2 0 5 6146 6473 4277
2994 2 2 0 5 3847 6774 4214
2995 2 2 0 5 1930 4439 4431
2996 2 2 0 5 214 6645 5893
2997 2 2 0 5 4657 5942 5877
2998 2 2 0 5 4539 6005 5805
2999 2 2 0 5 4297 5741 1456
3000 2 2 0 5 1011 5203 1013
3001 2 2 0 5 4213 5914 5913
3002 2 2 0 5 2979 5020 5019
3003 2 2 0 5 4031 6253 4033
3004 2 2 0 5 2093 4711 4439
3005 2 2 0 5 3909 6210 5974
3006 2 2 0 5 4556 6799 4647
3007 2 2 0 5 4853 5894 4852
3008 2 2 0 5 3944 6166 3940
3009 2 2 0 5 3759 6231 4387
3010 2 2 0 5 6435 6604 3287
3011 2 2 0 5 4336 6418 4308
3012 2 2 0 5 3911 6210 3909
3013 2 2 0 5 4095 6875 5732
3014 2 2 0 5 4473 4482 1860
3015 2 2 0 5 4537 6100 4572
3016 2 2 0 5 2500 6009 5670
3017 2 2 0 5 2793 4737 3289
3018 2 2 0 5 3237 4737 2791
3019 2 2 0 5 4686 6001 3286
3020 2 2 0 5 4181 6567 5876
3021 2 2 0 5 4059 6057 5909
3022 2 2 0 5 4804 4807 4805
3023 2 2 0 5 2928 6486 4352
3024 2 2 0 5 1373 6918 1376
3025 2 2 0 5 4379 5971 3649
3026 2 2 0 5 1376 6917 1378
3027 2 2 0 5 2967 6156 4941
3028 2 2 0 5 5227 6416 949
3029 2 2 0 5 4105 6920 3348
3030 2 2 0 5 5788 6214 4585
3031 2 2 0 5 4320 6865 1554
3032 2 2 0 5 4412 6485 3674
3033 2 2 0 5 4017 6744 4334
3034 2 2 0 5 4684 6480 4398
3035 2 2 0 5 2622 6088 4407
3036 2 2 0 5 919 4806 16
3037 2 2 0 5 4490 6114 4489
3038 2 2 0 5 4190 6115 5532
3039 2 2 0 5 3581 4728 2858
3040 2 2 0 5 4401 6576 4142
3041 2 2 0 5 3239 4241 3238
3042 2 2 0 5 2111 4199 2060
3043 2 2 0 5 1910 4288 1837
3044 2 2 0 5 3244 4212 3242
3045 2 2 0 5 3097 4245 3312
3046 2 2 0 5 2965 4003 3324
3047 2 2 0 5 4402 6744 4017
3048 2 2 0 5 6257 6800 2809
3049 2 2 0 5 4238 4614 3606
3050 2 2 0 5 4149 6289 2170
3051 2 2 0 5 5753 6460 5429
3052 2 2 0 5 1078 4580 1080
3053 2 2 0 5 2152 4429 2150
3054 2 2 0 5 2019 4632 3886
3055 2 2 0 5 3970 6037 5741
3056 2 2 0 5 4541 6409 4053
3057 2 2 0 5 3734 5977 5346
3058 2 2 0 5 4683 6710 1858
3059 2 2 0 5 6169 6604 4493
3060 2 2 0 5 4275 4277 4276
3061 2 2 0 5 1299 6578 4234
3062 2 2 0 5 2402 6894 2400
3063 2 2 0 5 4558 5969 2336
3064 2 2 0 5 925 4932 4931
3065 2 2 0 5 3684 4530 3683
3066 2 2 0 5 5879 5964 2845
3067 2 2 0 5 4482 5777 3719
3068 2 2 0 5 3665 4650 3850
3069 2 2 0 5 2078 4764 4763
3070 2 2 0 5 3348 6920 4106
3071 2 2 0 5 3183 6359 4127
3072 2 2 0 5 3875 3909 3874
3073 2 2 0 5 3844 4050 3845
3074 2 2 0 5 3554 3555 3553
3075 2 2 0 5 2311 2327 2155
3076 2 2 0 5 2637 2639 2638
3077 2 2 0 5 3848 4240 4239
3078 2 2 0 5 1477 1478 1476
3079 2 2 0 5 2398 2499 2396
3080 2 2 0 5 5897 6430 1933
3081 2 2 0 5 6144 6726 3590
3082 2 2 0 5 4234 6612 1299
3083 2 2 0 5 1319 5882 1311
3084 2 2 0 5 5774 6063 4291
3085 2 2 0 5 3748 6943 4577
3086 2 2 0 5 4395 5875 1461
3087 2 2 0 5 3355 6636 6096
3088 2 2 0 5 1047 4558 1049
3089 2 2 0 5 4166 6371 5786
3090 2 2 0 5 4334 5832 4017
3091 2 2 0 5 921 6152 4415
3092 2 2 0 5 157 5803 4980
3093 2 2 0 5 4615 4659 3609
3094 2 2 0 5 2015 6184 4391
3095 2 2 0 5 969 5895 968
3096 2 2 0 5 4217 6556 3726
3097 2 2 0 5 3839 6189 5922
3098 2 2 0 5 6306 6875 2048
3099 2 2 0 5 16 4806 15
3100 2 2 0 5 1781 6360 4143
3101 2 2 0 5 155 4982 154
3102 2 2 0 5 2912 5018 3250
3103 2 2 0 5 4655 6181 1678
3104 2 2 0 5 4420 6081 1343
3105 2 2 0 5 4112 6849 1556
3106 2 2 0 5 4243 6305 4244
3107 2 2 0 5 1945 4504 1946
3108 2 2 0 5 2366 6618 6547
3109 2 2 0 5 6140 6431 1284
3110 2 2 0 5 2860 6473 6374
3111 2 2 0 5 4377 6128 4720
3112 2 2 0 5 5877 5942 4412
3113 2 2 0 5 4496 5870 4106
3114 2 2 0 5 5959 6846 3993
3115 2 2 0 5 5927 6865 4320
3116 2 2 0 5 4338 6209 2121
3117 2 2 0 5 5725 5726 1985
3118 2 2 0 5 1193 4657 1100
3119 2 2 0 5 1687 6749 1688
3120 2 2 0 5 2939 4510 4509
3121 2 2 0 5 2332 6750 2330
3122 2 2 0 5 4279 6365 4537
3123 2 2 0 5 2967 4941 2482
3124 2 2 0 5 5359 6454 5754
3125 2 2 0 5 2891 6424 6080
3126 2 2 0 5 3749 5931 3220
3127 2 2 0 5 4937 4938 957
3128 2 2 0 5 4359 6926 2331
3129 2 2 0 5 1886 6158 5669
3130 2 2 0 5 929 5215 5214
3131 2 2 0 5 6394 6498 2644
3132 2 2 0 5 1556 6784 4112
3133 2 2 0 5 5654 6139 5763
3134 2 2 0 5 6160 6455 5998
3135 2 2 0 5 2030 5980 2028
3136 2 2 0 5 4100 4101 4099
3137 2 2 0 5 3941 3944 3940
3138 2 2 0 5 4050 4051 3845
3139 2 2 0 5 3847 4214 3846
3140 2 2 0 5 1355 1358 1357
3141 2 2 0 5 1958 1960 1957
3142 2 2 0 5 1922 1923 1921
3143 2 2 0 5 2133 2134 2132
3144 2 2 0 5 6371 6583 5786
3145 2 2 0 5 4120 4684 4398
3146 2 2 0 5 4113 4666 3995
3147 2 2 0 5 6167 6228 3974
3148 2 2 0 5 3115 5978 3113
3149 2 2 0 5 2891 6638 6424
3150 2 2 0 5 37 6115 6060
3151 2 2 0 5 1347 6398 1350
3152 2 2 0 5 5793 6855 4562
3153 2 2 0 5 5909 6133 1400
3154 2 2 0 5 1991 6087 2127
3155 2 2 0 5 3693 3930 1246
3156 2 2 0 5 4015 6132 4186
3157 2 2 0 5 1181 4564 1148
3158 2 2 0 5 3707 5869 5868
3159 2 2 0 5 4189 6060 4190
3160 2 2 0 5 1886 6188 4551
3161 2 2 0 5 4277 4279 4278
3162 2 2 0 5 3910 3911 3909
3163 2 2 0 5 1958 1961 1960
3164 2 2 0 5 1478 1489 1488
3165 2 2 0 5 1818 6409 4541
3166 2 2 0 5 1144 5347 4568
3167 2 2 0 5 4363 5925 1487
3168 2 2 0 5 4102 4103 4101
3169 2 2 0 5 3560 4141 3555
3170 2 2 0 5 1358 1360 1359
3171 2 2 0 5 1924 1925 1923
3172 2 2 0 5 3560 4142 4141
3173 2 2 0 5 1489 1689 1574
3174 2 2 0 5 1926 1927 1925
3175 2 2 0 5 1928 1929 1927
3176 2 2 0 5 2618 2619 2616
3177 2 2 0 5 2571 2572 2570
3178 2 2 0 5 2615 2616 2614
3179 2 2 0 5 4036 4038 4037
3180 2 2 0 5 2569 2570 2568
3181 2 2 0 5 2613 2614 2612
3182 2 2 0 5 4033 4036 4034
3183 2 2 0 5 2567 2568 2566
3184 2 2 0 5 2611 2612 2610
3185 2 2 0 5 4031 4033 4032
3186 2 2 0 5 4211 6625 4550
3187 2 2 0 5 2565 2566 2564
3188 2 2 0 5 2609 2610 2608
3189 2 2 0 5 4029 4031 4030
3190 2 2 0 5 3104 5807 4599
3191 2 2 0 5 3736 6032 2491
3192 2 2 0 5 6572 6608 4802
3193 2 2 0 5 3107 4259 2876
3194 2 2 0 5 4216 4656 3548
3195 2 2 0 5 3209 4402 3213
3196 2 2 0 5 2632 4403 2629
3197 2 2 0 5 1526 6078 2147
3198 2 2 0 5 929 5214 5212
3199 2 2 0 5 4124 6557 2317
3200 2 2 0 5 4802 6608 6156
3201 2 2 0 5 1822 6218 1828
3202 2 2 0 5 890 4682 4468
3203 2 2 0 5 4492 4493 2802
3204 2 2 0 5 3886 6490 1959
3205 2 2 0 5 4319 4644 4316
3206 2 2 0 5 1586 6003 1584
3207 2 2 0 5 6047 6737 3928
3208 2 2 0 5 3352 5879 2845
3209 2 2 0 5 2845 5964 4149
3210 2 2 0 5 3303 4244 3617
3211 2 2 0 5 4133 4183 3968
3212 2 2 0 5 4537 4572 4538
3213 2 2 0 5 6547 6618 4075
3214 2 2 0 5 3297 6698 3370
3215 2 2 0 5 2563 2564 2561
3216 2 2 0 5 2607 2608 2605
3217 2 2 0 5 3745 4029 4028
3218 2 2 0 5 2040 2045 2042
3219 2 2 0 5 2074 2079 2076
3220 2 2 0 5 4672 4673 3652
3221 2 2 0 5 1307 1309 1308
3222 2 2 0 5 1391 1400 1394
3223 2 2 0 5 2440 3353 2832
3224 2 2 0 5 3906 6474 6358
3225 2 2 0 5 5773 6590 4938
3226 2 2 0 5 4065 6085 4474
3227 2 2 0 5 4537 6365 6100
3228 2 2 0 5 6100 6365 2658
3229 2 2 0 5 6578 6670 3856
3230 2 2 0 5 4125 6710 4683
3231 2 2 0 5 2012 4545 1152
3232 2 2 0 5 2958 3737 3385
3233 2 2 0 5 1074 2336 1078
3234 2 2 0 5 1078 1079 1075
3235 2 2 0 5 1205 1206 1197
3236 2 2 0 5 1150 4564 2012
3237 2 2 0 5 2696 2697 2695
3238 2 2 0 5 4761 6435 3287
3239 2 2 0 5 4115 5414 4688
3240 2 2 0 5 4711 5908 3647
3241 2 2 0 5 4209 5908 4711
3242 2 2 0 5 4091 5955 4598
3243 2 2 0 5 5757 6131 5100
3244 2 2 0 5 1940 6836 4229
3245 2 2 0 5 5851 6802 4261
3246 2 2 0 5 4939 5616 2952
3247 2 2 0 5 5228 5229 910
3248 2 2 0 5 3585 4664 4076
3249 2 2 0 5 4396 4664 3583
3250 2 2 0 5 1482 6558 4191
3251 2 2 0 5 4512 4739 2980
3252 2 2 0 5 4488 5992 886
3253 2 2 0 5 4709 6203 3188
3254 2 2 0 5 4400 6821 4656
3255 2 2 0 5 5948 6011 4774
3256 2 2 0 5 2050 4552 2046
3257 2 2 0 5 4460 5200 5199
3258 2 2 0 5 235 6515 4218
3259 2 2 0 5 1018 5201 1016
3260 2 2 0 5 3905 6474 3906
3261 2 2 0 5 4428 6926 4359
3262 2 2 0 5 2436 6847 2440
3263 2 2 0 5 4505 5740 5739
3264 2 2 0 5 1085 4745 1087
3265 2 2 0 5 2890 4239 2887
3266 2 2 0 5 3119 4243 3303
3267 2 2 0 5 4411 6137 3147
3268 2 2 0 5 6393 6882 2564
3269 2 2 0 5 3853 4610 3870
3270 2 2 0 5 2669 5877 4507
3271 2 2 0 5 4092 6282 1282
3272 2 2 0 5 2935 6207 5966
3273 2 2 0 5 1098 4464 1193
3274 2 2 0 5 4565 4567 4564
3275 2 2 0 5 1389 6850 1391
3276 2 2 0 5 3851 5788 4462
3277 2 2 0 5 4414 6726 6144
3278 2 2 0 5 3652 6833 2656
3279 2 2 0 5 6526 6527 6323
3280 2 2 0 5 2921 5995 3732
3281 2 2 0 5 3529 6812 3531
3282 2 2 0 5 3659 5772 4749
3283 2 2 0 5 3006 6469 6310
3284 2 2 0 5 1267 6508 4436
3285 2 2 0 5 4936 4937 957
3286 2 2 0 5 3390 4724 4723
3287 2 2 0 5 1307 1308 1306
3288 2 2 0 5 3531 3534 3533
3289 2 2 0 5 1045 4559 1047
3290 2 2 0 5 2947 6092 2508
3291 2 2 0 5 5110 6524 6396
3292 2 2 0 5 4812 4813 1318
3293 2 2 0 5 1172 4413 1205
3294 2 2 0 5 4083 5775 3542
3295 2 2 0 5 2671 6552 4096
3296 2 2 0 5 4656 6183 4098
3297 2 2 0 5 1654 4701 4327
3298 2 2 0 5 3148 3976 3150
3299 2 2 0 5 1787 5973 1784
3300 2 2 0 5 4177 6104 4491
3301 2 2 0 5 2864 5967 3264
3302 2 2 0 5 4279 4537 4280
3303 2 2 0 5 3349 6350 6058
3304 2 2 0 5 4139 6564 4428
3305 2 2 0 5 6562 6563 4679
3306 2 2 0 5 2979 5019 5018
3307 2 2 0 5 91 5772 4604
3308 2 2 0 5 4355 5947 1375
3309 2 2 0 5 274 6692 4247
3310 2 2 0 5 4860 5813 4777
3311 2 2 0 5 4440 4441 4044
3312 2 2 0 5 4505 6386 5740
3313 2 2 0 5 1144 4568 1146
3314 2 2 0 5 3926 6452 4708
3315 2 2 0 5 2591 5767 2590
3316 2 2 0 5 4496 6920 6528
3317 2 2 0 5 3197 5931 3229
3318 2 2 0 5 1087 4745 1090
3319 2 2 0 5 3542 5775 4743
3320 2 2 0 5 4547 4548 3705
3321 2 2 0 5 3900 5841 4424
3322 2 2 0 5 3380 6003 2831
3323 2 2 0 5 2308 6521 6074
3324 2 2 0 5 4326 4630 4328
3325 2 2 0 5 4304 6852 4321
3326 2 2 0 5 3619 6041 4250
3327 2 2 0 5 5942 6137 4411
3328 2 2 0 5 1590 6613 6381
3329 2 2 0 5 1094 4451 1096
3330 2 2 0 5 4073 6779 5915
3331 2 2 0 5 5003 6404 946
3332 2 2 0 5 4096 6279 3578
3333 2 2 0 5 6212 6221 1291
3334 2 2 0 5 1397 4890 4490
3335 2 2 0 5 5952 6192 2490
3336 2 2 0 5 5730 6224 2317
3337 2 2 0 5 4496 6528 1852
3338 2 2 0 5 2647 4704 2645
3339 2 2 0 5 3233 6725 4232
3340 2 2 0 5 2038 6875 2040
3341 2 2 0 5 1503 6194 4418
3342 2 2 0 5 2605 6866 2603
3343 2 2 0 5 1582 1641 1570
3344 2 2 0 5 4225 4228 4224
3345 2 2 0 5 2072 6873 2074
3346 2 2 0 5 1793 6344 4215
3347 2 2 0 5 4619 5812 933
3348 2 2 0 5 4630 4631 3229
3349 2 2 0 5 1282 6241 4092
3350 2 2 0 5 5820 5821 1790
3351 2 2 0 5 5989 6457 6143
3352 2 2 0 5 2805 4424 3085
3353 2 2 0 5 275 5820 1790
3354 2 2 0 5 2093 4754 4753
3355 2 2 0 5 2124 6076 2346
3356 2 2 0 5 2397 6075 2399
3357 2 2 0 5 3941 6117 3944
3358 2 2 0 5 4980 5803 3641
3359 2 2 0 5 946 6519 5003
3360 2 2 0 5 4852 5742 4388
3361 2 2 0 5 2093 4753 4711
3362 2 2 0 5 1318 6947 4812
3363 2 2 0 5 1285 3966 1288
3364 2 2 0 5 1979 3967 1983
3365 2 2 0 5 4378 5989 1542
3366 2 2 0 5 3935 6034 4453
3367 2 2 0 5 951 4750 4484
3368 2 2 0 5 4235 4426 2374
3369 2 2 0 5 4534 6543 4363
3370 2 2 0 5 4725 6527 6526
3371 2 2 0 5 2116 6673 4185
3372 2 2 0 5 2055 5858 2029
3373 2 2 0 5 4512 6924 4153
3374 2 2 0 5 3558 5517 5458
3375 2 2 0 5 2310 4447 1894
3376 2 2 0 5 2165 4427 2163
3377 2 2 0 5 4131 5822 4050
3378 2 2 0 5 1772 5867 4920
3379 2 2 0 5 1590 6381 5945
3380 2 2 0 5 4259 4429 2502
3381 2 2 0 5 331 4597 332
3382 2 2 0 5 6517 6550 5152
3383 2 2 0 5 4046 6012 4601
3384 2 2 0 5 2996 6677 2357
3385 2 2 0 5 3379 4816 3853
3386 2 2 0 5 896 6732 4652
3387 2 2 0 5 3990 5771 3079
3388 2 2 0 5 5154 6420 6127
3389 2 2 0 5 4224 4226 3523
3390 2 2 0 5 4441 6449 5674
3391 2 2 0 5 4218 6515 4173
3392 2 2 0 5 4111 6835 4194
3393 2 2 0 5 3819 4273 3820
3394 2 2 0 5 2879 4127 3687
3395 2 2 0 5 1835 4123 3663
3396 2 2 0 5 1242 3920 1082
3397 2 2 0 5 4644 5743 3257
3398 2 2 0 5 3618 6070 5781
3399 2 2 0 5 4184 6291 1671
3400 2 2 0 5 1657 4577 4576
3401 2 2 0 5 3326 5216 971
3402 2 2 0 5 1205 1207 1206
3403 2 2 0 5 2696 2698 2697
3404 2 2 0 5 2336 4580 1078
3405 2 2 0 5 3737 4391 3385
3406 2 2 0 5 1078 1080 1079
3407 2 2 0 5 4894 6472 6358
3408 2 2 0 5 3816 4682 4619
3409 2 2 0 5 4682 5518 4468
3410 2 2 0 5 4366 4370 4367
3411 2 2 0 5 4315 4319 4316
3412 2 2 0 5 3735 6559 4149
3413 2 2 0 5 1885 6082 4572
3414 2 2 0 5 5879 6334 4007
3415 2 2 0 5 4626 6495 6003
3416 2 2 0 5 4919 5958 4920
3417 2 2 0 5 4587 6405 3264
3418 2 2 0 5 4210 6625 4211
3419 2 2 0 5 1041 4562 1043
3420 2 2 0 5 4467 5987 911
3421 2 2 0 5 4073 5983 1558
3422 2 2 0 5 4423 6236 3872
3423 2 2 0 5 4782 4804 4786
3424 2 2 0 5 5997 6294 2481
3425 2 2 0 5 3236 4713 4589
3426 2 2 0 5 5888 6909 2338
3427 2 2 0 5 4036 6921 4409
3428 2 2 0 5 4132 6921 4036
3429 2 2 0 5 89 4734 88
3430 2 2 0 5 1318 4813 1274
3431 2 2 0 5 1274 4813 1276
3432 2 2 0 5 3218 6462 4529
3433 2 2 0 5 1909 6927 6428
3434 2 2 0 5 5327 5753 5429
3435 2 2 0 5 2351 5976 2353
3436 2 2 0 5 6653 6804 3963
3437 2 2 0 5 2481 6489 5998
3438 2 2 0 5 4387 4549 3284
3439 2 2 0 5 6119 6442 4013
3440 2 2 0 5 2891 6080 4569
3441 2 2 0 5 1071 4561 4560
3442 2 2 0 5 3747 4706 4264
3443 2 2 0 5 4590 5830 3919
3444 2 2 0 5 5752 6135 3710
3445 2 2 0 5 4743 5775 3057
3446 2 2 0 5 4457 5922 1129
3447 2 2 0 5 6264 6265 4202
3448 2 2 0 5 5799 5847 903
3449 2 2 0 5 4920 5958 1772
3450 2 2 0 5 3104 6514 2477
3451 2 2 0 5 4393 6531 4305
3452 2 2 0 5 2066 4624 1880
3453 2 2 0 5 6424 6638 4088
3454 2 2 0 5 4629 5931 3749
3455 2 2 0 5 2154 4626 1905
3456 2 2 0 5 3919 6694 4590
3457 2 2 0 5 6106 6107 3183
3458 2 2 0 5 3388 4466 3344
3459 2 2 0 5 3642 3643 3345
3460 2 2 0 5 3246 4715 1479
3461 2 2 0 5 5930 6042 3675
3462 2 2 0 5 917 6429 4390
3463 2 2 0 5 3286 5824 2904
3464 2 2 0 5 3003 4718 3007
3465 2 2 0 5 4116 6936 4981
3466 2 2 0 5 6396 6524 945
3467 2 2 0 5 4732 6190 3145
3468 2 2 0 5 3187 3921 3185
3469 2 2 0 5 2649 4286 2647
3470 2 2 0 5 3222 3923 3223
3471 2 2 0 5 5666 6247 5668
3472 2 2 0 5 3976 5768 3150
3473 2 2 0 5 1790 6026 5822
3474 2 2 0 5 4560 5779 5776
3475 2 2 0 5 2869 4290 3349
3476 2 2 0 5 1156 1195 1159
3477 2 2 0 5 2958 3385 2989
3478 2 2 0 5 2891 4569 2370
3479 2 2 0 5 2225 2696 2695
3480 2 2 0 5 2380 4554 2958
3481 2 2 0 5 1172 1205 1197
3482 2 2 0 5 2370 4569 2380
3483 2 2 0 5 1074 1078 1075
3484 2 2 0 5 1150 2012 1152
3485 2 2 0 5 3623 6267 6193
3486 2 2 0 5 2139 5814 2138
3487 2 2 0 5 4919 6043 5958
3488 2 2 0 5 4305 6531 4662
3489 2 2 0 5 4154 6923 4490
3490 2 2 0 5 3172 6798 3174
3491 2 2 0 5 2576 6382 4598
3492 2 2 0 5 4401 5986 1344
3493 2 2 0 5 1061 4584 4583
3494 2 2 0 5 3174 6798 4284
3495 2 2 0 5 5683 6685 2279
3496 2 2 0 5 911 6154 4449
3497 2 2 0 5 4708 6477 3926
3498 2 2 0 5 4389 5884 3294
3499 2 2 0 5 4654 6886 3840
3500 2 2 0 5 4525 5932 3596
3501 2 2 0 5 925 4934 4932
3502 2 2 0 5 3549 6354 6173
3503 2 2 0 5 4474 6085 1450
3504 2 2 0 5 990 5172 992
3505 2 2 0 5 4295 5927 5926
3506 2 2 0 5 4138 6408 4136
3507 2 2 0 5 2428 4781 2552
3508 2 2 0 5 2577 4476 4108
3509 2 2 0 5 1037 4740 1038
3510 2 2 0 5 4981 6936 4982
3511 2 2 0 5 4356 4357 302
3512 2 2 0 5 4212 4603 3242
3513 2 2 0 5 2050 6325 4244
3514 2 2 0 5 3841 6334 3352
3515 2 2 0 5 4350 6846 4313
3516 2 2 0 5 124 4741 123
3517 2 2 0 5 4531 5762 962
3518 2 2 0 5 4599 6047 3104
3519 2 2 0 5 3210 6099 3207
3520 2 2 0 5 5811 6503 3978
3521 2 2 0 5 1326 4593 1331
3522 2 2 0 5 4316 6881 4383
3523 2 2 0 5 4328 4629 4628
3524 2 2 0 5 2309 5203 1011
3525 2 2 0 5 1013 5203 1018
3526 2 2 0 5 4596 6916 6478
3527 2 2 0 5 4007 6334 4008
3528 2 2 0 5 3738 6087 4438
3529 2 2 0 5 12 5838 11
3530 2 2 0 5 3938 6673 4470
3531 2 2 0 5 5919 5988 4110
3532 2 2 0 5 2314 4458 1551
3533 2 2 0 5 2439 2951 2437
3534 2 2 0 5 3925 6221 6212
3535 2 2 0 5 4298 4299 1803
3536 2 2 0 5 4341 4342 1840
3537 2 2 0 5 4365 4366 1817
3538 2 2 0 5 4354 4477 1802
3539 2 2 0 5 4383 4384 1861
3540 2 2 0 5 4324 4496 1852
3541 2 2 0 5 1801 4368 4365
3542 2 2 0 5 1457 4317 4314
3543 2 2 0 5 4385 4534 4362
3544 2 2 0 5 4362 4363 1487
3545 2 2 0 5 1483 4360 4359
3546 2 2 0 5 4352 4353 1485
3547 2 2 0 5 4314 4315 1862
3548 2 2 0 5 4321 4322 1648
3549 2 2 0 5 4308 4309 1336
3550 2 2 0 5 4245 6714 6248
3551 2 2 0 5 4367 6407 4361
3552 2 2 0 5 5807 5944 4599
3553 2 2 0 5 4333 5832 4334
3554 2 2 0 5 140 6549 4524
3555 2 2 0 5 4691 6056 4690
3556 2 2 0 5 3699 3700 3697
3557 2 2 0 5 3314 6138 4746
3558 2 2 0 5 2353 2421 2337
3559 2 2 0 5 3217 5928 3196
3560 2 2 0 5 1266 1305 1264
3561 2 2 0 5 1265 1267 1266
3562 2 2 0 5 4566 6938 4565
3563 2 2 0 5 2028 2029 2027
3564 2 2 0 5 2026 2030 2028
3565 2 2 0 5 1780 1783 1782
3566 2 2 0 5 2586 3296 2583
3567 2 2 0 5 2584 2587 2586
3568 2 2 0 5 1244 1909 1242
3569 2 2 0 5 1243 1245 1244
3570 2 2 0 5 4194 4195 4193
3571 2 2 0 5 1906 3761 1908
3572 2 2 0 5 1908 1943 1907
3573 2 2 0 5 4055 4176 3727
3574 2 2 0 5 3663 4114 4113
3575 2 2 0 5 2537 2538 2535
3576 2 2 0 5 2536 2540 2537
3577 2 2 0 5 3717 3868 3368
3578 2 2 0 5 2153 3696 2156
3579 2 2 0 5 2156 2157 2154
3580 2 2 0 5 3613 3885 3884
3581 2 2 0 5 3884 4006 3667
3582 2 2 0 5 2894 2895 2555
3583 2 2 0 5 2893 2896 2894
3584 2 2 0 5 1583 1585 1584
3585 2 2 0 5 1584 4533 1581
3586 2 2 0 5 3194 3230 3220
3587 2 2 0 5 3956 4591 4191
3588 2 2 0 5 3664 3665 2651
3589 2 2 0 5 3687 4126 4125
3590 2 2 0 5 4018 4499 3838
3591 2 2 0 5 4016 4597 4018
3592 2 2 0 5 3621 4171 4170
3593 2 2 0 5 3671 4269 4268
3594 2 2 0 5 3820 4272 4271
3595 2 2 0 5 4271 4535 4270
3596 2 2 0 5 2067 2068 2066
3597 2 2 0 5 3622 4196 4072
3598 2 2 0 5 3645 4130 4129
3599 2 2 0 5 3140 3142 3141
3600 2 2 0 5 3141 3379 3139
3601 2 2 0 5 3638 4497 4262
3602 2 2 0 5 3758 4498 3715
3603 2 2 0 5 3716 4181 3758
3604 2 2 0 5 2557 2559 2558
3605 2 2 0 5 2558 2810 2556
3606 2 2 0 5 5326 6135 893
3607 2 2 0 5 4778 4780 2661
3608 2 2 0 5 5789 5856 3927
3609 2 2 0 5 1181 4566 4565
3610 2 2 0 5 4118 6605 6468
3611 2 2 0 5 6090 6169 2023
3612 2 2 0 5 2872 2874 2873
3613 2 2 0 5 2873 2921 2871
3614 2 2 0 5 2801 2808 2807
3615 2 2 0 5 2807 2981 2335
3616 2 2 0 5 2865 2870 2863
3617 2 2 0 5 2864 2866 2865
3618 2 2 0 5 4499 6385 1486
3619 2 2 0 5 4636 6492 6129
3620 2 2 0 5 4645 4646 1316
3621 2 2 0 5 1284 6431 3966
3622 2 2 0 5 2441 3071 2527
3623 2 2 0 5 3085 4004 3880
3624 2 2 0 5 3639 3640 2492
3625 2 2 0 5 3323 6550 6517
3626 2 2 0 5 1828 1829 1821
3627 2 2 0 5 4780 4781 2661
3628 2 2 0 5 3620 6011 5948
3629 2 2 0 5 4779 4808 4807
3630 2 2 0 5 4085 5991 1673
3631 2 2 0 5 2279 6685 4618
3632 2 2 0 5 3995 5795 3662
3633 2 2 0 5 4351 4654 1459
3634 2 2 0 5 5927 6500 3944
3635 2 2 0 5 4465 6935 2608
3636 2 2 0 5 2627 6123 2630
3637 2 2 0 5 1092 4445 1203
3638 2 2 0 5 3867 6386 6084
3639 2 2 0 5 1096 4464 1098
3640 2 2 0 5 3364 6605 4118
3641 2 2 0 5 1092 1203 1094
3642 2 2 0 5 1090 4445 1092
3643 2 2 0 5 1041 4740 4562
3644 2 2 0 5 4791 4803 4792
3645 2 2 0 5 4792 4803 4795
3646 2 2 0 5 4477 6402 6113
3647 2 2 0 5 3990 6725 5771
3648 2 2 0 5 1643 1686 1641
3649 2 2 0 5 1642 1644 1643
3650 2 2 0 5 1016 5201 1019
3651 2 2 0 5 4258 6521 5857
3652 2 2 0 5 4704 6867 2645
3653 2 2 0 5 4604 5772 3659
3654 2 2 0 5 3697 6898 2156
3655 2 2 0 5 4117 6656 5262
3656 2 2 0 5 4436 6029 1267
3657 2 2 0 5 4441 4581 4044
3658 2 2 0 5 4589 4714 3236
3659 2 2 0 5 4274 6088 4272
3660 2 2 0 5 154 4982 947
3661 2 2 0 5 2979 5018 2912
3662 2 2 0 5 3250 5018 5015
3663 2 2 0 5 3255 6363 3188
3664 2 2 0 5 914 4982 155
3665 2 2 0 5 1421 6086 4443
3666 2 2 0 5 4472 6163 1384
3667 2 2 0 5 6220 6753 3650
3668 2 2 0 5 4355 6037 5947
3669 2 2 0 5 5947 6037 3945
3670 2 2 0 5 4174 4671 3355
3671 2 2 0 5 1938 6941 4571
3672 2 2 0 5 2965 6652 4003
3673 2 2 0 5 2577 6105 4476
3674 2 2 0 5 1100 4657 1102
3675 2 2 0 5 5770 6817 6292
3676 2 2 0 5 2608 6935 4546
3677 2 2 0 5 4451 6810 4464
3678 2 2 0 5 5262 6745 4117
3679 2 2 0 5 5686 5980 4506
3680 2 2 0 5 4090 6804 6653
3681 2 2 0 5 4682 5812 4619
3682 2 2 0 5 2696 4388 2699
3683 2 2 0 5 3680 4079 4058
3684 2 2 0 5 4781 4804 4782
3685 2 2 0 5 5760 6614 3954
3686 2 2 0 5 950 6460 5753
3687 2 2 0 5 4390 6429 942
3688 2 2 0 5 3681 4650 3665
3689 2 2 0 5 3661 6940 3621
3690 2 2 0 5 4766 4767 4765
3691 2 2 0 5 4524 6627 140
3692 2 2 0 5 4481 6245 946
3693 2 2 0 5 4377 4720 1351
3694 2 2 0 5 5674 5714 4441
3695 2 2 0 5 4749 4946 3365
3696 2 2 0 5 3208 6592 4335
3697 2 2 0 5 4184 6206 5577
3698 2 2 0 5 3374 5948 4774
3699 2 2 0 5 4475 6220 2139
3700 2 2 0 5 5216 5895 969
3701 2 2 0 5 1129 6019 4457
3702 2 2 0 5 1833 6729 3860
3703 2 2 0 5 4567 6806 6391
3704 2 2 0 5 3297 3691 3690
3705 2 2 0 5 3873 4609 2896
3706 2 2 0 5 2843 3592 3591
3707 2 2 0 5 2981 4606 4091
3708 2 2 0 5 5989 6089 4296
3709 2 2 0 5 4378 6089 5989
3710 2 2 0 5 1571 1685 1341
3711 2 2 0 5 1540 4492 2802
3712 2 2 0 5 5960 6723 5959
3713 2 2 0 5 4370 4718 3543
3714 2 2 0 5 2903 3843 3842
3715 2 2 0 5 3736 6177 6032
3716 2 2 0 5 2353 5976 5864
3717 2 2 0 5 1068 6844 5301
3718 2 2 0 5 5999 6444 2356
3719 2 2 0 5 3991 3992 3590
3720 2 2 0 5 3727 3728 2950
3721 2 2 0 5 1788 1791 1789
3722 2 2 0 5 1581 1582 1570
3723 2 2 0 5 1508 1511 1509
3724 2 2 0 5 4210 4211 4208
3725 2 2 0 5 2362 2637 2636
3726 2 2 0 5 3382 4290 2925
3727 2 2 0 5 1353 1354 1352
3728 2 2 0 5 1331 1333 1332
3729 2 2 0 5 2122 2124 2123
3730 2 2 0 5 2932 3661 3621
3731 2 2 0 5 3226 3923 3671
3732 2 2 0 5 3984 4286 3008
3733 2 2 0 5 3633 4056 3849
3734 2 2 0 5 3824 4265 3159
3735 2 2 0 5 1684 1945 1944
3736 2 2 0 5 3715 3921 3273
3737 2 2 0 5 1884 1920 1919
3738 2 2 0 5 2387 2389 2388
3739 2 2 0 5 1530 1533 1532
3740 2 2 0 5 3177 4284 4283
3741 2 2 0 5 1475 1476 1474
3742 2 2 0 5 2395 2397 2396
3743 2 2 0 5 5031 6390 948
3744 2 2 0 5 4120 6355 4015
3745 2 2 0 5 3754 5900 3753
3746 2 2 0 5 3851 6943 3748
3747 2 2 0 5 936 6534 5332
3748 2 2 0 5 4001 6207 2852
3749 2 2 0 5 5798 6301 3588
3750 2 2 0 5 1584 6003 4533
3751 2 2 0 5 1854 4627 4312
3752 2 2 0 5 2372 4235 2374
3753 2 2 0 5 1501 4509 1499
3754 2 2 0 5 3614 5201 4502
3755 2 2 0 5 6113 6401 4477
3756 2 2 0 5 2497 6076 2124
3757 2 2 0 5 3725 6075 2397
3758 2 2 0 5 4460 5201 3614
3759 2 2 0 5 4327 4701 4331
3760 2 2 0 5 1546 4665 2023
3761 2 2 0 5 4671 6941 6197
3762 2 2 0 5 5303 6690 4454
3763 2 2 0 5 3117 6507 4455
3764 2 2 0 5 3752 4686 4685
3765 2 2 0 5 4129 6782 4544
3766 2 2 0 5 4573 6633 4182
3767 2 2 0 5 1565 6719 3932
3768 2 2 0 5 4937 5616 4939
3769 2 2 0 5 1504 6563 6562
3770 2 2 0 5 4215 6862 1793
3771 2 2 0 5 6206 6565 2841
3772 2 2 0 5 4372 6106 4627
3773 2 2 0 5 4015 6355 6132
3774 2 2 0 5 942 6535 4390
3775 2 2 0 5 4456 6425 923
3776 2 2 0 5 4380 5828 4276
3777 2 2 0 5 3849 5777 4473
3778 2 2 0 5 4760 6028 4368
3779 2 2 0 5 2996 2998 2997
3780 2 2 0 5 2128 2131 2130
3781 2 2 0 5 4858 5784 3376
3782 2 2 0 5 4454 6690 4076
3783 2 2 0 5 3245 6689 6392
3784 2 2 0 5 4605 4735 4734
3785 2 2 0 5 946 6404 4481
3786 2 2 0 5 2055 6525 4714
3787 2 2 0 5 6386 6892 5740
3788 2 2 0 5 2474 4525 2972
3789 2 2 0 5 2800 4454 3096
3790 2 2 0 5 3329 4238 3606
3791 2 2 0 5 5959 6723 1519
3792 2 2 0 5 5019 6000 5021
3793 2 2 0 5 3073 6376 4237
3794 2 2 0 5 2352 2355 2354
3795 2 2 0 5 4121 4254 3690
3796 2 2 0 5 3942 3943 3591
3797 2 2 0 5 2897 4057 1941
3798 2 2 0 5 1571 3546 2897
3799 2 2 0 5 1562 1563 1559
3800 2 2 0 5 1792 1795 1794
3801 2 2 0 5 3197 3198 3196
3802 2 2 0 5 1353 3893 1368
3803 2 2 0 5 1337 3980 1332
3804 2 2 0 5 1335 1338 1337
3805 2 2 0 5 4200 4201 4199
3806 2 2 0 5 1959 3557 1955
3807 2 2 0 5 1946 1948 1947
3808 2 2 0 5 2390 2407 2406
3809 2 2 0 5 1933 3726 1919
3810 2 2 0 5 1552 3924 1532
3811 2 2 0 5 1475 3246 1479
3812 2 2 0 5 1479 1480 1477
3813 2 2 0 5 2999 3001 3000
3814 2 2 0 5 5031 5032 5025
3815 2 2 0 5 2418 6191 4633
3816 2 2 0 5 1823 1825 1824
3817 2 2 0 5 4253 6455 3130
3818 2 2 0 5 4569 6080 3672
3819 2 2 0 5 5973 6439 1784
3820 2 2 0 5 3840 6746 4654
3821 2 2 0 5 5922 6189 1129
3822 2 2 0 5 3385 3601 3386
3823 2 2 0 5 1074 4558 2336
3824 2 2 0 5 4438 6087 1991
3825 2 2 0 5 6096 6636 4446
3826 2 2 0 5 336 4325 337
3827 2 2 0 5 247 4310 248
3828 2 2 0 5 294 4312 295
3829 2 2 0 5 258 4306 259
3830 2 2 0 5 340 4540 341
3831 2 2 0 5 314 4378 315
3832 2 2 0 5 304 4301 305
3833 2 2 0 5 342 4337 343
3834 2 2 0 5 319 4373 320
3835 2 2 0 5 292 4371 293
3836 2 2 0 5 226 4364 227
3837 2 2 0 5 230 4355 231
3838 2 2 0 5 301 4356 302
3839 2 2 0 5 338 4358 339
3840 2 2 0 5 228 4297 229
3841 2 2 0 5 239 4376 240
3842 2 2 0 5 237 4375 238
3843 2 2 0 5 354 4350 355
3844 2 2 0 5 4890 6074 4257
3845 2 2 0 5 2013 4625 2015
3846 2 2 0 5 6186 6311 3666
3847 2 2 0 5 4282 6704 4654
3848 2 2 0 5 4710 6446 3907
3849 2 2 0 5 933 4620 4619
3850 2 2 0 5 3374 4774 4773
3851 2 2 0 5 5900 6594 3753
3852 2 2 0 5 4390 6696 917
3853 2 2 0 5 4570 6711 3865
3854 2 2 0 5 3601 6184 4459
3855 2 2 0 5 3256 5788 2895
3856 2 2 0 5 4165 4709 1578
3857 2 2 0 5 4234 6578 3856
3858 2 2 0 5 4054 6028 4760
3859 2 2 0 5 4184 6565 6206
3860 2 2 0 5 2661 4781 2428
3861 2 2 0 5 5775 6938 3057
3862 2 2 0 5 4441 6736 4581
3863 2 2 0 5 6782 6786 1859
3864 2 2 0 5 2327 2329 2328
3865 2 2 0 5 2640 2985 2638
3866 2 2 0 5 2639 2641 2640
3867 2 2 0 5 2499 3723 3722
3868 2 2 0 5 2829 4745 1085
3869 2 2 0 5 1027 4853 1028
3870 2 2 0 5 6843 6854 4268
3871 2 2 0 5 4478 6057 1392
3872 2 2 0 5 1460 6008 4570
3873 2 2 0 5 6000 6915 5021
3874 2 2 0 5 3543 4718 3060
3875 2 2 0 5 6358 6472 3906
3876 2 2 0 5 5659 6400 4632
3877 2 2 0 5 4972 6383 899
3878 2 2 0 5 4118 6468 5951
3879 2 2 0 5 2135 4010 2132
3880 2 2 0 5 2134 2136 2135
3881 2 2 0 5 4051 6026 5821
3882 2 2 0 5 6205 6231 3759
3883 2 2 0 5 5673 6566 5696
3884 2 2 0 5 1962 2019 1960
3885 2 2 0 5 1961 1963 1962
3886 2 2 0 5 3947 3949 3948
3887 2 2 0 5 1367 3955 1360
3888 2 2 0 5 1358 3983 1367
3889 2 2 0 5 1690 1778 1689
3890 2 2 0 5 3950 3952 3951
3891 2 2 0 5 3951 4168 2654
3892 2 2 0 5 1929 1931 1930
3893 2 2 0 5 2619 2621 2620
3894 2 2 0 5 2620 4109 2616
3895 2 2 0 5 2577 4107 2570
3896 2 2 0 5 4409 4410 4038
3897 2 2 0 5 902 6593 5118
3898 2 2 0 5 2829 4746 4745
3899 2 2 0 5 4095 4587 2045
3900 2 2 0 5 1309 1311 1310
3901 2 2 0 5 1310 1323 1308
3902 2 2 0 5 4049 4174 3353
3903 2 2 0 5 63 5896 62
3904 2 2 0 5 2318 6078 1526
3905 2 2 0 5 5754 6346 5359
3906 2 2 0 5 6368 6651 5849
3907 2 2 0 5 68 6110 6109
3908 2 2 0 5 3531 4024 3535
3909 2 2 0 5 3535 3536 3534
3910 2 2 0 5 4688 5414 1161
3911 2 2 0 5 3743 6837 3745
3912 2 2 0 5 900 4719 4595
3913 2 2 0 5 2264 5022 2468
3914 2 2 0 5 5754 6454 913
3915 2 2 0 5 3373 4773 3724
3916 2 2 0 5 4661 6659 4369
3917 2 2 0 5 4561 5779 4560
3918 2 2 0 5 1148 4564 1150
3919 2 2 0 5 1152 4545 1154
3920 2 2 0 5 1326 6242 4593
3921 2 2 0 5 903 5044 4859
3922 2 2 0 5 941 4857 4757
3923 2 2 0 5 5307 6497 899
3924 2 2 0 5 4239 4397 2887
3925 2 2 0 5 5764 5972 3981
3926 2 2 0 5 109 4775 108
3927 2 2 0 5 108 4775 4755
3928 2 2 0 5 108 4755 107
3929 2 2 0 5 99 4772 98
3930 2 2 0 5 4758 4772 99
3931 2 2 0 5 100 4758 99
3932 2 2 0 5 4779 5813 4808
3933 2 2 0 5 3242 4603 2874
3934 2 2 0 5 5951 6661 4118
3935 2 2 0 5 2308 6074 4891
3936 2 2 0 5 4681 6514 6484
3937 2 2 0 5 2388 6615 2387
3938 2 2 0 5 5230 6131 961
3939 2 2 0 5 4616 4741 943
3940 2 2 0 5 5750 6390 5029
3941 2 2 0 5 4781 4782 2552
3942 2 2 0 5 4430 5824 3286
3943 2 2 0 5 6360 6509 4143
3944 2 2 0 5 3897 6048 5858
3945 2 2 0 5 6391 6806 3961
3946 2 2 0 5 6196 6348 4869
3947 2 2 0 5 4486 6246 951
3948 2 2 0 5 4434 6650 2417
3949 2 2 0 5 899 6497 4972
3950 2 2 0 5 4575 6464 4242
3951 2 2 0 5 5029 6680 5750
3952 2 2 0 5 4470 6673 2116
3953 2 2 0 5 5856 6605 3927
3954 2 2 0 5 4804 4805 4786
3955 2 2 0 5 4870 6196 4869
3956 2 2 0 5 3286 6001 4430
3957 2 2 0 5 903 5847 5044
3958 2 2 0 5 2146 6322 6268
3959 2 2 0 5 5458 5517 4433
3960 2 2 0 5 3558 5458 4649
3961 2 2 0 5 3995 5993 5795
3962 2 2 0 5 5795 5993 2933
3963 2 2 0 5 5821 6026 1790
3964 2 2 0 5 1338 5833 1506
3965 2 2 0 5 1088 5935 1776
3966 2 2 0 5 2661 5277 4778
3967 2 2 0 5 4218 6598 235
3968 2 2 0 5 2046 4552 2043
3969 2 2 0 5 3362 6787 4128
3970 2 2 0 5 6006 6321 4360
3971 2 2 0 5 4777 5813 4779
3972 2 2 0 5 6060 6115 4190
3973 2 2 0 5 956 5873 4801
3974 2 2 0 5 2383 5024 5023
3975 2 2 0 5 899 6596 5307
3976 2 2 0 5 6074 6521 4256
3977 2 2 0 5 6512 6799 2334
3978 2 2 0 5 5214 5216 3326
3979 2 2 0 5 971 5216 969
3980 2 2 0 5 3290 6451 5995
3981 2 2 0 5 6164 6252 5355
3982 2 2 0 5 4353 6561 1485
3983 2 2 0 5 332 4597 1645
3984 2 2 0 5 4093 6469 6202
3985 2 2 0 5 3927 6605 6303
3986 2 2 0 5 4309 6418 6338
3987 2 2 0 5 4462 5788 3256
3988 2 2 0 5 1324 6523 1345
3989 2 2 0 5 6068 6330 4653
3990 2 2 0 5 3284 4549 3189
3991 2 2 0 5 5849 6651 3867
3992 2 2 0 5 2337 4419 1943
3993 2 2 0 5 3900 6201 2936
3994 2 2 0 5 3952 6577 3951
3995 2 2 0 5 3257 6108 4644
3996 2 2 0 5 939 4734 89
3997 2 2 0 5 88 4734 906
3998 2 2 0 5 5015 5018 5017
3999 2 2 0 5 1102 4657 2669
4000 2 2 0 5 4595 4749 900
4001 2 2 0 5 1049 4558 1074
4002 2 2 0 5 923 6317 5498
4003 2 2 0 5 6242 6924 4593
4004 2 2 0 5 1031 4853 4852
4005 2 2 0 5 2579 4547 2954
4006 2 2 0 5 4335 6744 3208
4007 2 2 0 5 4094 6701 6649
4008 2 2 0 5 4082 6192 5952
4009 2 2 0 5 3679 6096 4494
4010 2 2 0 5 1537 4492 1540
4011 2 2 0 5 894 6139 4935
4012 2 2 0 5 2317 6557 4123
4013 2 2 0 5 5301 6820 1068
4014 2 2 0 5 5924 6372 3937
4015 2 2 0 5 3901 5782 4218
4016 2 2 0 5 4128 6587 2044
4017 2 2 0 5 1400 4717 1394
4018 2 2 0 5 1324 6029 4435
4019 2 2 0 5 3967 6122 1983
4020 2 2 0 5 3775 5043 4759
4021 2 2 0 5 3431 4756 3372
4022 2 2 0 5 4388 5742 2699
4023 2 2 0 5 4565 6938 5775
4024 2 2 0 5 4509 4512 4153
4025 2 2 0 5 1808 6648 4538
4026 2 2 0 5 966 5813 4860
4027 2 2 0 5 2356 6444 2994
4028 2 2 0 5 5998 6489 6160
4029 2 2 0 5 4807 4808 931
4030 2 2 0 5 4180 6440 1691
4031 2 2 0 5 3221 6768 3832
4032 2 2 0 5 1561 4432 324
4033 2 2 0 5 233 4729 1458
4034 2 2 0 5 327 4352 1485
4035 2 2 0 5 1351 4680 241
4036 2 2 0 5 220 4541 1801
4037 2 2 0 5 1457 4314 249
4038 2 2 0 5 252 4383 1861
4039 2 2 0 5 1861 4305 253
4040 2 2 0 5 347 4336 4308
4041 2 2 0 5 4448 4701 334
4042 2 2 0 5 1542 4611 316
4043 2 2 0 5 1519 4702 309
4044 2 2 0 5 307 4321 1648
4045 2 2 0 5 243 4602 1346
4046 2 2 0 5 1793 4394 281
4047 2 2 0 5 329 4471 1486
4048 2 2 0 5 1531 4320 312
4049 2 2 0 5 261 4399 1830
4050 2 2 0 5 262 4362 1487
4051 2 2 0 5 325 4432 2928
4052 2 2 0 5 1817 4361 223
4053 2 2 0 5 1668 4321 306
4054 2 2 0 5 1483 4359 269
4055 2 2 0 5 6 4385 4362
4056 2 2 0 5 7 4313 1519
4057 2 2 0 5 285 4386 4341
4058 2 2 0 5 297 4544 1859
4059 2 2 0 5 225 4351 1459
4060 2 2 0 5 1336 4395 349
4061 2 2 0 5 350 4395 1461
4062 2 2 0 5 283 4298 1803
4063 2 2 0 5 318 4381 1568
4064 2 2 0 5 1852 4683 290
4065 2 2 0 5 1801 4365 221
4066 2 2 0 5 335 4701 1654
4067 2 2 0 5 2121 4752 344
4068 2 2 0 5 1860 4399 260
4069 2 2 0 5 1487 4579 263
4070 2 2 0 5 1375 4729 232
4071 2 2 0 5 1648 4385 308
4072 2 2 0 5 242 4680 4602
4073 2 2 0 5 246 4401 1344
4074 2 2 0 5 348 4308 1336
4075 2 2 0 5 313 4320 1554
4076 2 2 0 5 270 4359 2331
4077 2 2 0 5 282 4394 4298
4078 2 2 0 5 288 4532 4324
4079 2 2 0 5 1857 4544 296
4080 2 2 0 5 2928 4352 326
4081 2 2 0 5 291 4683 1858
4082 2 2 0 5 216 4354 1802
4083 2 2 0 5 289 4324 1852
4084 2 2 0 5 254 4305 1846
4085 2 2 0 5 1560 5774 321
4086 2 2 0 5 1862 4383 251
4087 2 2 0 5 1645 4448 333
4088 2 2 0 5 1485 4471 328
4089 2 2 0 5 250 4314 1862
4090 2 2 0 5 286 4341 1840
4091 2 2 0 5 345 4752 1328
4092 2 2 0 5 1840 4532 287
4093 2 2 0 5 1328 4336 346
4094 2 2 0 5 222 4365 1817
4095 2 2 0 5 317 4611 4381
4096 2 2 0 5 1803 4386 284
4097 2 2 0 5 224 4361 4351
4098 2 2 0 5 1818 4541 219
4099 2 2 0 5 4545 6391 3960
4100 2 2 0 5 3937 6372 3969
4101 2 2 0 5 4301 4303 4302
4102 2 2 0 5 4302 4304 1668
4103 2 2 0 5 4372 4627 1854
4104 2 2 0 5 4373 4582 4374
4105 2 2 0 5 1542 6877 4611
4106 2 2 0 5 4654 6704 6219
4107 2 2 0 5 4471 6854 6843
4108 2 2 0 5 255 5902 256
4109 2 2 0 5 4318 4319 4315
4110 2 2 0 5 4369 4370 4366
4111 2 2 0 5 3677 6353 2659
4112 2 2 0 5 1683 6509 6360
4113 2 2 0 5 6302 6489 2481
4114 2 2 0 5 1346 5800 244
4115 2 2 0 5 245 5800 4401
4116 2 2 0 5 4757 5784 4858
4117 2 2 0 5 3335 4379 3333
4118 2 2 0 5 2419 4222 1555
4119 2 2 0 5 2495 4223 2054
4120 2 2 0 5 2471 4149 2170
4121 2 2 0 5 3524 4224 3523
4122 2 2 0 5 1316 6670 6578
4123 2 2 0 5 4426 6459 3669
4124 2 2 0 5 4550 6633 4211
4125 2 2 0 5 928 6331 5016
4126 2 2 0 5 1885 5904 5730
4127 2 2 0 5 160 4934 159
4128 2 2 0 5 1473 6341 3680
4129 2 2 0 5 1072 5172 990
4130 2 2 0 5 992 5172 2272
4131 2 2 0 5 4706 6715 4173
4132 2 2 0 5 1038 4740 1041
4133 2 2 0 5 2695 4740 1037
4134 2 2 0 5 1098 1193 1100
4135 2 2 0 5 1096 1098 1097
4136 2 2 0 5 1094 1096 1095
4137 2 2 0 5 1092 1094 1093
4138 2 2 0 5 123 4741 904
4139 2 2 0 5 943 4741 124
4140 2 2 0 5 4094 6649 4710
4141 2 2 0 5 1193 5942 4657
4142 2 2 0 5 2056 6754 2582
4143 2 2 0 5 2589 2591 2590
4144 2 2 0 5 3144 3146 3145
4145 2 2 0 5 2138 2141 2140
4146 2 2 0 5 2623 2625 2624
4147 2 2 0 5 2593 2595 2594
4148 2 2 0 5 3148 3150 3149
4149 2 2 0 5 2627 2629 2628
4150 2 2 0 5 2597 2599 2598
4151 2 2 0 5 2601 2603 2602
4152 2 2 0 5 1979 1981 1980
4153 2 2 0 5 1285 1287 1286
4154 2 2 0 5 3742 3743 3741
4155 2 2 0 5 1400 6133 4717
4156 2 2 0 5 2037 2038 2036
4157 2 2 0 5 1988 1990 1989
4158 2 2 0 5 3208 3209 3207
4159 2 2 0 5 1975 1977 1976
4160 2 2 0 5 1281 1283 1282
4161 2 2 0 5 3056 3300 2805
4162 2 2 0 5 3738 3739 3612
4163 2 2 0 5 1090 1092 1091
4164 2 2 0 5 4819 6571 2162
4165 2 2 0 5 4646 6670 1316
4166 2 2 0 5 5871 5932 2313
4167 2 2 0 5 1790 5822 276
4168 2 2 0 5 1198 4557 2553
4169 2 2 0 5 4600 6269 897
4170 2 2 0 5 6147 6281 2309
4171 2 2 0 5 4371 4703 4372
4172 2 2 0 5 1028 4853 1031
4173 2 2 0 5 4640 4756 915
4174 2 2 0 5 927 4777 4776
4175 2 2 0 5 940 4759 4639
4176 2 2 0 5 6248 6714 4246
4177 2 2 0 5 4551 6249 6158
4178 2 2 0 5 949 6215 5226
4179 2 2 0 5 4605 4734 939
4180 2 2 0 5 3353 4174 3355
4181 2 2 0 5 6200 6526 1777
4182 2 2 0 5 4749 5772 900
4183 2 2 0 5 4717 6187 4692
4184 2 2 0 5 4710 6649 6446
4185 2 2 0 5 4038 4410 4040
4186 2 2 0 5 1360 3955 1362
4187 2 2 0 5 1830 5844 5
4188 2 2 0 5 215 5844 4354
4189 2 2 0 5 4170 5819 3922
4190 2 2 0 5 4613 5956 4952
4191 2 2 0 5 1907 4483 1838
4192 2 2 0 5 1031 4852 4851
4193 2 2 0 5 4377 6494 6128
4194 2 2 0 5 4859 5044 4759
4195 2 2 0 5 4757 4857 4756
4196 2 2 0 5 4741 4742 904
4197 2 2 0 5 6515 6828 4173
4198 2 2 0 5 4470 6471 3938
4199 2 2 0 5 6308 6842 6160
4200 2 2 0 5 4469 6716 3717
4201 2 2 0 5 952 5796 5641
4202 2 2 0 5 4610 6907 3870
4203 2 2 0 5 1616 5824 4430
4204 2 2 0 5 968 5895 967
4205 2 2 0 5 4163 6751 2120
4206 2 2 0 5 1985 6839 5725
4207 2 2 0 5 5984 6025 5013
4208 2 2 0 5 3229 5931 4629
4209 2 2 0 5 6197 6941 1938
4210 2 2 0 5 3380 6505 4687
4211 2 2 0 5 4220 6734 1366
4212 2 2 0 5 2012 6391 4545
4213 2 2 0 5 2553 6631 5319
4214 2 2 0 5 4554 6180 3737
4215 2 2 0 5 2383 5023 5022
4216 2 2 0 5 4732 4817 3760
4217 2 2 0 5 2442 4625 2013
4218 2 2 0 5 3659 4749 3365
4219 2 2 0 5 4595 4946 4749
4220 2 2 0 5 1247 5809 1265
4221 2 2 0 5 2510 5808 2536
4222 2 2 0 5 3761 5999 1908
4223 2 2 0 5 4131 6766 5822
4224 2 2 0 5 964 5954 5778
4225 2 2 0 5 4048 6586 6259
4226 2 2 0 5 5025 5032 5023
4227 2 2 0 5 5726 6301 1980
4228 2 2 0 5 3382 6329 4292
4229 2 2 0 5 5118 6658 902
4230 2 2 0 5 4588 6092 3190
4231 2 2 0 5 4106 6920 4496
4232 2 2 0 5 2309 6281 5203
4233 2 2 0 5 1970 5863 2011
4234 2 2 0 5 4567 6391 2012
4235 2 2 0 5 4651 4653 896
4236 2 2 0 5 6279 6910 3578
4237 2 2 0 5 4104 5821 4103
4238 2 2 0 5 4858 5847 5799
4239 2 2 0 5 1859 5876 298
4240 2 2 0 5 3381 6300 6022
4241 2 2 0 5 1018 5203 5202
4242 2 2 0 5 4759 5043 4639
4243 2 2 0 5 3372 4756 4640
4244 2 2 0 5 4757 4858 941
4245 2 2 0 5 1897 6121 1684
4246 2 2 0 5 6199 6348 1180
4247 2 2 0 5 1363 4418 1361
4248 2 2 0 5 4559 5969 4558
4249 2 2 0 5 2045 5869 2042
4250 2 2 0 5 5929 6457 4296
4251 2 2 0 5 2125 6174 2123
4252 2 2 0 5 6217 6328 1136
4253 2 2 0 5 1335 5833 1338
4254 2 2 0 5 1132 6196 4870
4255 2 2 0 5 1330 6333 4437
4256 2 2 0 5 3093 6372 2951
4257 2 2 0 5 933 5733 4620
4258 2 2 0 5 1454 4472 1382
4259 2 2 0 5 4689 4690 1184
4260 2 2 0 5 4725 6526 4724
4261 2 2 0 5 3973 6251 1997
4262 2 2 0 5 3869 6254 2635
4263 2 2 0 5 4409 6921 6370
4264 2 2 0 5 6221 6255 3757
4265 2 2 0 5 2440 6847 4049
4266 2 2 0 5 2653 5962 5940
4267 2 2 0 5 4173 6828 4706
4268 2 2 0 5 4391 6184 3601
4269 2 2 0 5 3538 6033 4618
4270 2 2 0 5 4706 6470 4264
4271 2 2 0 5 4759 5044 3775
4272 2 2 0 5 3431 4757 4756
4273 2 2 0 5 6008 6711 4570
4274 2 2 0 5 3976 6546 5768
4275 2 2 0 5 2939 4511 4510
4276 2 2 0 5 4510 4512 4509
4277 2 2 0 5 3374 4773 3373
4278 2 2 0 5 4937 4939 4938
4279 2 2 0 5 4441 5714 4226
4280 2 2 0 5 1644 4563 1643
4281 2 2 0 5 2920 4667 2376
4282 2 2 0 5 2844 4670 3556
4283 2 2 0 5 4235 6459 4426
4284 2 2 0 5 1688 6354 3549
4285 2 2 0 5 4161 5829 4160
4286 2 2 0 5 5215 5896 5895
4287 2 2 0 5 2158 6495 4626
4288 2 2 0 5 3955 6609 1362
4289 2 2 0 5 4202 6265 4203
4290 2 2 0 5 2468 5022 2979
4291 2 2 0 5 2383 5022 2264
4292 2 2 0 5 4657 5877 2669
4293 2 2 0 5 3290 5995 2921
4294 2 2 0 5 4276 5828 3083
4295 2 2 0 5 1399 6341 1402
4296 2 2 0 5 1391 6850 4059
4297 2 2 0 5 4229 6290 1940
4298 2 2 0 5 107 4755 915
4299 2 2 0 5 915 4755 4640
4300 2 2 0 5 98 4772 891
4301 2 2 0 5 940 4758 100
4302 2 2 0 5 4639 4758 940
4303 2 2 0 5 927 4776 4775
4304 2 2 0 5 927 4775 109
4305 2 2 0 5 5829 6688 4160
4306 2 2 0 5 4492 6169 4493
4307 2 2 0 5 4778 5277 4776
4308 2 2 0 5 5553 6840 3746
4309 2 2 0 5 4632 6400 3170
4310 2 2 0 5 4130 6782 4129
4311 2 2 0 5 3724 4773 4772
4312 2 2 0 5 127 4659 126
4313 2 2 0 5 890 4659 127
4314 2 2 0 5 1087 1090 1089
4315 2 2 0 5 2540 4578 2537
4316 2 2 0 5 6193 6267 4163
4317 2 2 0 5 3692 6749 1687
4318 2 2 0 5 2330 6750 2585
4319 2 2 0 5 4211 4573 3279
4320 2 2 0 5 3252 6488 6066
4321 2 2 0 5 4814 6724 5861
4322 2 2 0 5 4258 6722 4259
4323 2 2 0 5 6398 6928 6094
4324 2 2 0 5 6078 6141 3270
4325 2 2 0 5 4419 6340 2877
4326 2 2 0 5 3600 5229 5228
4327 2 2 0 5 5735 6160 6159
4328 2 2 0 5 4780 4807 4804
4329 2 2 0 5 93 4719 900
4330 2 2 0 5 4455 6639 3117
4331 2 2 0 5 4589 4713 3327
4332 2 2 0 5 6022 6511 3381
4333 2 2 0 5 4284 6711 4285
4334 2 2 0 5 1998 4820 2284
4335 2 2 0 5 5968 6059 2990
4336 2 2 0 5 177 6246 4488
4337 2 2 0 5 4103 5820 4247
4338 2 2 0 5 2920 4668 4667
4339 2 2 0 5 1446 4874 1444
4340 2 2 0 5 1890 4874 1446
4341 2 2 0 5 4463 6535 942
4342 2 2 0 5 2979 5022 5020
4343 2 2 0 5 5215 5216 5214
4344 2 2 0 5 4981 4982 914
4345 2 2 0 5 3445 6330 6068
4346 2 2 0 5 6561 6854 1485
4347 2 2 0 5 2828 5880 2327
4348 2 2 0 5 4721 4723 4722
4349 2 2 0 5 3752 4685 2403
4350 2 2 0 5 3981 6771 5764
4351 2 2 0 5 5822 6026 4050
4352 2 2 0 5 4539 5805 1385
4353 2 2 0 5 218 5957 1818
4354 2 2 0 5 1802 5957 217
4355 2 2 0 5 1941 4614 1942
4356 2 2 0 5 2695 5793 4740
4357 2 2 0 5 4579 5925 3957
4358 2 2 0 5 2126 6371 4410
4359 2 2 0 5 4224 4228 4226
4360 2 2 0 5 3385 3386 2989
4361 2 2 0 5 2225 4388 2696
4362 2 2 0 5 159 4934 925
4363 2 2 0 5 964 4934 160
4364 2 2 0 5 6070 6434 5781
4365 2 2 0 5 1080 1081 1079
4366 2 2 0 5 1207 1208 1206
4367 2 2 0 5 2698 2702 2697
4368 2 2 0 5 1205 2116 1207
4369 2 2 0 5 3737 4392 4391
4370 2 2 0 5 2696 2699 2698
4371 2 2 0 5 3954 6324 5760
4372 2 2 0 5 6484 6514 3928
4373 2 2 0 5 4632 6286 5659
4374 2 2 0 5 1815 6071 4380
4375 2 2 0 5 3893 6945 1368
4376 2 2 0 5 4852 5894 5742
4377 2 2 0 5 4934 5778 4932
4378 2 2 0 5 964 5778 4934
4379 2 2 0 5 1331 4593 1334
4380 2 2 0 5 5776 5779 3068
4381 2 2 0 5 2568 6666 3947
4382 2 2 0 5 2533 6174 5866
4383 2 2 0 5 1551 4665 1548
4384 2 2 0 5 2119 6267 2893
4385 2 2 0 5 1989 5898 1986
4386 2 2 0 5 2614 6667 3950
4387 2 2 0 5 2651 6311 2361
4388 2 2 0 5 3698 6013 3699
4389 2 2 0 5 6402 6714 3253
4390 2 2 0 5 2545 6201 3834
4391 2 2 0 5 94 4719 93
4392 2 2 0 5 6141 6326 3270
4393 2 2 0 5 3728 6113 5864
4394 2 2 0 5 4649 6479 4066
4395 2 2 0 5 6094 6438 6093
4396 2 2 0 5 931 6588 4805
4397 2 2 0 5 942 6630 4463
4398 2 2 0 5 5978 6244 3871
4399 2 2 0 5 3642 4135 3643
4400 2 2 0 5 1398 5857 1393
4401 2 2 0 5 3706 6252 6164
4402 2 2 0 5 2041 6650 2039
4403 2 2 0 5 5703 6772 6691
4404 2 2 0 5 1487 5925 4579
4405 2 2 0 5 1548 4665 1546
4406 2 2 0 5 1792 4505 1796
4407 2 2 0 5 3739 5797 3742
4408 2 2 0 5 1980 5798 1977
4409 2 2 0 5 2598 5802 2595
4410 2 2 0 5 1050 4810 1053
4411 2 2 0 5 1393 5857 2308
4412 2 2 0 5 3934 6338 3911
4413 2 2 0 5 1930 6573 4439
4414 2 2 0 5 5928 6412 4063
4415 2 2 0 5 5915 6779 3055
4416 2 2 0 5 5774 5990 322
4417 2 2 0 5 323 5990 1561
4418 2 2 0 5 4328 4630 4629
4419 2 2 0 5 2354 5976 2351
4420 2 2 0 5 2575 6105 2572
4421 2 2 0 5 5901 6168 4237
4422 2 2 0 5 1801 4760 4368
4423 2 2 0 5 4439 4711 3647
4424 2 2 0 5 4299 4300 1803
4425 2 2 0 5 4341 4346 4342
4426 2 2 0 5 4315 4316 1862
4427 2 2 0 5 4366 4367 1817
4428 2 2 0 5 4360 4428 4359
4429 2 2 0 5 4322 4323 1648
4430 2 2 0 5 4384 4393 1861
4431 2 2 0 5 4342 4343 1840
4432 2 2 0 5 2959 5861 1574
4433 2 2 0 5 908 6614 5760
4434 2 2 0 5 4149 6560 6289
4435 2 2 0 5 4674 6833 3652
4436 2 2 0 5 4303 6265 6264
4437 2 2 0 5 3699 3701 3700
4438 2 2 0 5 3700 4158 3697
4439 2 2 0 5 2353 2664 2421
4440 2 2 0 5 1265 1268 1267
4441 2 2 0 5 1305 3693 1264
4442 2 2 0 5 1266 1324 1305
4443 2 2 0 5 2029 2031 2027
4444 2 2 0 5 2028 2055 2029
4445 2 2 0 5 1780 2385 1783
4446 2 2 0 5 1783 1784 1782
4447 2 2 0 5 2586 3297 3296
4448 2 2 0 5 1245 1246 1244
4449 2 2 0 5 1243 1602 1245
4450 2 2 0 5 1906 3860 3761
4451 2 2 0 5 1908 2094 1943
4452 2 2 0 5 1943 2877 1907
4453 2 2 0 5 5368 6395 194
4454 2 2 0 5 2537 3171 2538
4455 2 2 0 5 2536 2541 2540
4456 2 2 0 5 3868 3869 3368
4457 2 2 0 5 2157 2158 2154
4458 2 2 0 5 4006 4434 3667
4459 2 2 0 5 3613 3932 3885
4460 2 2 0 5 2894 3256 2895
4461 2 2 0 5 2893 3623 2896
4462 2 2 0 5 2895 3973 2555
4463 2 2 0 5 1585 1586 1584
4464 2 2 0 5 3194 3855 3230
4465 2 2 0 5 3230 3748 3220
4466 2 2 0 5 3665 3666 2651
4467 2 2 0 5 3664 3681 3665
4468 2 2 0 5 4272 4705 4271
4469 2 2 0 5 3622 4197 4196
4470 2 2 0 5 2068 2069 2066
4471 2 2 0 5 2067 2107 2068
4472 2 2 0 5 4196 4198 4072
4473 2 2 0 5 3379 3852 3139
4474 2 2 0 5 3141 3760 3379
4475 2 2 0 5 3716 4182 4181
4476 2 2 0 5 2558 2843 2810
4477 2 2 0 5 910 6416 5227
4478 2 2 0 5 2872 2961 2874
4479 2 2 0 5 2873 3290 2921
4480 2 2 0 5 2921 3731 2871
4481 2 2 0 5 2981 3913 2335
4482 2 2 0 5 2808 3189 2807
4483 2 2 0 5 2870 3890 2863
4484 2 2 0 5 2866 2867 2865
4485 2 2 0 5 4139 6229 4074
4486 2 2 0 5 5930 6333 1330
4487 2 2 0 5 3071 3072 2527
4488 2 2 0 5 4004 4420 3880
4489 2 2 0 5 3639 4046 3640
4490 2 2 0 5 1828 1833 1829
4491 2 2 0 5 4780 4804 4781
4492 2 2 0 5 2902 6481 5200
4493 2 2 0 5 1203 4451 1094
4494 2 2 0 5 4257 6114 4890
4495 2 2 0 5 1643 1687 1686
4496 2 2 0 5 1642 1646 1644
4497 2 2 0 5 3746 6840 6179
4498 2 2 0 5 3582 4700 4396
4499 2 2 0 5 2405 4681 2401
4500 2 2 0 5 4437 6333 4494
4501 2 2 0 5 5846 6461 2509
4502 2 2 0 5 2401 4681 2402
4503 2 2 0 5 1582 6347 1642
4504 2 2 0 5 3680 4692 4079
4505 2 2 0 5 5684 6685 5683
4506 2 2 0 5 4767 4768 4765
4507 2 2 0 5 4538 6082 1808
4508 2 2 0 5 4853 6545 3889
4509 2 2 0 5 4726 6526 6200
4510 2 2 0 5 6282 6503 1282
4511 2 2 0 5 2035 6487 6172
4512 2 2 0 5 3728 6401 6113
4513 2 2 0 5 272 6016 1785
4514 2 2 0 5 2331 6016 271
4515 2 2 0 5 311 6020 1531
4516 2 2 0 5 4702 6020 310
4517 2 2 0 5 2501 5943 2875
4518 2 2 0 5 2905 6255 3127
4519 2 2 0 5 352 6132 353
4520 2 2 0 5 2391 5885 2390
4521 2 2 0 5 1987 6520 5797
4522 2 2 0 5 6099 6462 3206
4523 2 2 0 5 1031 4851 1032
4524 2 2 0 5 1392 6890 4478
4525 2 2 0 5 2355 2467 2354
4526 2 2 0 5 2897 4590 4057
4527 2 2 0 5 4057 4614 1941
4528 2 2 0 5 1562 1564 1563
4529 2 2 0 5 1795 1835 1794
4530 2 2 0 5 1792 1796 1795
4531 2 2 0 5 3197 3199 3198
4532 2 2 0 5 1338 1341 1337
4533 2 2 0 5 4200 4202 4201
4534 2 2 0 5 1948 2024 1947
4535 2 2 0 5 2407 2965 2406
4536 2 2 0 5 1946 1949 1948
4537 2 2 0 5 1479 1481 1480
4538 2 2 0 5 2999 3002 3001
4539 2 2 0 5 1825 1826 1824
4540 2 2 0 5 6209 6888 3873
4541 2 2 0 5 1558 5983 1562
4542 2 2 0 5 2406 5981 2388
4543 2 2 0 5 1947 5982 1944
4544 2 2 0 5 1090 4745 4445
4545 2 2 0 5 2040 6875 4095
4546 2 2 0 5 1320 6242 1326
4547 2 2 0 5 4450 5907 4422
4548 2 2 0 5 3657 5916 3881
4549 2 2 0 5 2329 2330 2328
4550 2 2 0 5 2641 2642 2640
4551 2 2 0 5 6479 6584 4066
4552 2 2 0 5 6559 6560 4149
4553 2 2 0 5 1963 1964 1962
4554 2 2 0 5 1541 4721 1528
4555 2 2 0 5 1690 1779 1778
4556 2 2 0 5 1929 1932 1931
4557 2 2 0 5 2620 4110 4109
4558 2 2 0 5 2577 4108 4107
4559 2 2 0 5 1311 1312 1310
4560 2 2 0 5 4049 4571 4174
4561 2 2 0 5 1911 6676 4648
4562 2 2 0 5 3535 4071 3536
4563 2 2 0 5 3536 3537 3534
4564 2 2 0 5 3600 5230 5229
4565 2 2 0 5 2074 6873 4060
4566 2 2 0 5 1101 5804 1128
4567 2 2 0 5 3902 4421 3903
4568 2 2 0 5 3976 6810 6546
4569 2 2 0 5 3907 4845 4710
4570 2 2 0 5 1541 4723 4721
4571 2 2 0 5 1269 6508 1267
4572 2 2 0 5 1949 4820 1998
4573 2 2 0 5 5735 6455 6160
4574 2 2 0 5 4782 4783 2552
4575 2 2 0 5 4527 5826 4529
4576 2 2 0 5 6162 6194 3755
4577 2 2 0 5 2284 4820 2991
4578 2 2 0 5 4805 4806 4786
4579 2 2 0 5 2802 6435 4021
4580 2 2 0 5 4489 6114 3126
4581 2 2 0 5 5024 5025 5023
4582 2 2 0 5 2383 5033 5024
4583 2 2 0 5 3229 4631 3199
4584 2 2 0 5 1154 6079 1156
4585 2 2 0 5 1547 6191 1549
4586 2 2 0 5 2373 6225 2382
4587 2 2 0 5 3064 6256 2804
4588 2 2 0 5 3330 4634 3332
4589 2 2 0 5 1500 4635 1594
4590 2 2 0 5 3387 4638 3877
4591 2 2 0 5 4513 6933 2336
4592 2 2 0 5 1506 5833 4694
4593 2 2 0 5 3689 6216 3688
4594 2 2 0 5 2475 4633 3894
4595 2 2 0 5 2376 4667 2375
4596 2 2 0 5 2652 4670 2844
4597 2 2 0 5 4302 6263 4304
4598 2 2 0 5 4347 6642 4532
4599 2 2 0 5 4242 5902 4080
4600 2 2 0 5 3749 6378 4628
4601 2 2 0 5 6056 6586 1180
4602 2 2 0 5 3984 6620 4662
4603 2 2 0 5 1482 6356 266
4604 2 2 0 5 3670 6183 6069
4605 2 2 0 5 4463 6630 904
4606 2 2 0 5 3669 6322 2146
4607 2 2 0 5 2141 2297 2140
4608 2 2 0 5 3150 3151 3149
4609 2 2 0 5 2627 2630 2629
4610 2 2 0 5 2603 2903 2602
4611 2 2 0 5 1979 1983 1981
4612 2 2 0 5 1287 1304 1286
4613 2 2 0 5 1285 1288 1287
4614 2 2 0 5 2037 2048 2038
4615 2 2 0 5 1990 1993 1989
4616 2 2 0 5 3209 3210 3207
4617 2 2 0 5 3056 4475 3300
4618 2 2 0 5 3300 4424 2805
4619 2 2 0 5 4533 6003 3380
4620 2 2 0 5 6094 6678 4157
4621 2 2 0 5 2260 5033 2262
4622 2 2 0 5 3170 6490 4632
4623 2 2 0 5 6370 6921 1982
4624 2 2 0 5 1053 4810 2384
4625 2 2 0 5 1051 4810 1050
4626 2 2 0 5 1394 4717 1399
4627 2 2 0 5 4777 4778 4776
4628 2 2 0 5 3658 4647 4077
4629 2 2 0 5 2403 4685 2393
4630 2 2 0 5 2023 6169 1544
4631 2 2 0 5 1032 4851 1035
4632 2 2 0 5 1553 6017 2315
4633 2 2 0 5 2933 6335 5795
4634 2 2 0 5 4685 4686 3725
4635 2 2 0 5 885 5874 4612
4636 2 2 0 5 2262 5033 2383
4637 2 2 0 5 5826 6002 4529
4638 2 2 0 5 5667 6002 5826
4639 2 2 0 5 4616 6905 4742
4640 2 2 0 5 1368 6945 5843
4641 2 2 0 5 4677 4678 1505
4642 2 2 0 5 4694 4695 2878
4643 2 2 0 5 4546 6866 2605
4644 2 2 0 5 4008 6334 1323
4645 2 2 0 5 5732 6662 4095
4646 2 2 0 5 4939 4940 4938
4647 2 2 0 5 4724 6526 4726
4648 2 2 0 5 4159 6311 6186
4649 2 2 0 5 4145 4738 2898
4650 2 2 0 5 4525 6284 5932
4651 2 2 0 5 3546 5831 5830
4652 2 2 0 5 4756 4857 915
4653 2 2 0 5 927 4860 4777
4654 2 2 0 5 940 4859 4759
4655 2 2 0 5 4869 6348 6199
4656 2 2 0 5 5018 5019 5017
4657 2 2 0 5 3208 6744 4402
4658 2 2 0 5 3337 6257 4023
4659 2 2 0 5 1678 6181 4638
4660 2 2 0 5 1536 6130 1534
4661 2 2 0 5 2702 3254 2697
4662 2 2 0 5 2699 2700 2698
4663 2 2 0 5 1205 4413 2116
4664 2 2 0 5 1080 1082 1081
4665 2 2 0 5 1207 1237 1208
4666 2 2 0 5 4506 5979 3965
4667 2 2 0 5 2150 4747 1471
4668 2 2 0 5 194 6730 5368
4669 2 2 0 5 4512 6141 2318
4670 2 2 0 5 4356 6625 4357
4671 2 2 0 5 4135 4136 3643
4672 2 2 0 5 2016 4845 3907
4673 2 2 0 5 5768 6546 3959
4674 2 2 0 5 3147 6137 3350
4675 2 2 0 5 1520 4748 1524
4676 2 2 0 5 4138 6803 3130
4677 2 2 0 5 351 6260 352
4678 2 2 0 5 4313 5959 1519
4679 2 2 0 5 2361 6794 2298
4680 2 2 0 5 2670 5943 2501
4681 2 2 0 5 3095 6255 2905
4682 2 2 0 5 4322 6030 4323
4683 2 2 0 5 4342 4344 4343
4684 2 2 0 5 4384 4733 4393
4685 2 2 0 5 3531 6812 4024
4686 2 2 0 5 4733 6108 3257
4687 2 2 0 5 3699 3702 3701
4688 2 2 0 5 3149 5939 3146
4689 2 2 0 5 4527 6611 5826
4690 2 2 0 5 2664 2665 2421
4691 2 2 0 5 1324 1325 1305
4692 2 2 0 5 1268 1269 1267
4693 2 2 0 5 2029 2032 2031
4694 2 2 0 5 1784 3055 1782
4695 2 2 0 5 1783 1786 1784
4696 2 2 0 5 3297 3370 3296
4697 2 2 0 5 1245 1247 1246
4698 2 2 0 5 2877 4483 1907
4699 2 2 0 5 3860 3861 3761
4700 2 2 0 5 2541 2635 2540
4701 2 2 0 5 3171 3172 2538
4702 2 2 0 5 3868 4720 3869
4703 2 2 0 5 2157 2159 2158
4704 2 2 0 5 3932 4642 3885
4705 2 2 0 5 2895 4585 3973
4706 2 2 0 5 3623 3624 2896
4707 2 2 0 5 4874 5792 1444
4708 2 2 0 5 1585 1587 1586
4709 2 2 0 5 3748 3749 3220
4710 2 2 0 5 3230 3851 3748
4711 2 2 0 5 3665 3850 3666
4712 2 2 0 5 2068 2070 2069
4713 2 2 0 5 2067 2338 2107
4714 2 2 0 5 3379 3853 3852
4715 2 2 0 5 2843 3589 2810
4716 2 2 0 5 2961 3241 2874
4717 2 2 0 5 2921 3732 3731
4718 2 2 0 5 2808 3284 3189
4719 2 2 0 5 2981 3914 3913
4720 2 2 0 5 2866 2868 2867
4721 2 2 0 5 2870 3891 3890
4722 2 2 0 5 5003 6519 905
4723 2 2 0 5 3072 3926 2527
4724 2 2 0 5 3071 3191 3072
4725 2 2 0 5 4004 6270 4420
4726 2 2 0 5 4420 4663 3880
4727 2 2 0 5 4046 4047 3640
4728 2 2 0 5 1833 1834 1829
4729 2 2 0 5 1687 1688 1686
4730 2 2 0 5 1646 1647 1644
4731 2 2 0 5 4620 5733 4622
4732 2 2 0 5 1902 6414 5635
4733 2 2 0 5 4767 4769 4768
4734 2 2 0 5 6093 6438 4155
4735 2 2 0 5 4226 6736 4441
4736 2 2 0 5 4353 6763 5872
4737 2 2 0 5 4073 5915 5914
4738 2 2 0 5 2467 2950 2354
4739 2 2 0 5 1562 1566 1564
4740 2 2 0 5 1564 1565 1563
4741 2 2 0 5 1835 2334 1794
4742 2 2 0 5 1796 1797 1795
4743 2 2 0 5 3199 3200 3198
4744 2 2 0 5 3197 3229 3199
4745 2 2 0 5 1338 1342 1341
4746 2 2 0 5 4202 4203 4201
4747 2 2 0 5 4200 4207 4202
4748 2 2 0 5 2024 2948 1947
4749 2 2 0 5 1949 1997 1948
4750 2 2 0 5 2965 3288 2406
4751 2 2 0 5 2407 2966 2965
4752 2 2 0 5 1481 1484 1480
4753 2 2 0 5 3002 3003 3001
4754 2 2 0 5 1825 1831 1826
4755 2 2 0 5 6109 6110 4020
4756 2 2 0 5 4433 6795 1615
4757 2 2 0 5 2329 2332 2330
4758 2 2 0 5 2641 2643 2642
4759 2 2 0 5 1963 1965 1964
4760 2 2 0 5 1779 2064 1778
4761 2 2 0 5 1690 2522 1779
4762 2 2 0 5 1932 1934 1931
4763 2 2 0 5 1311 1313 1312
4764 2 2 0 5 3377 6431 6140
4765 2 2 0 5 3536 3598 3537
4766 2 2 0 5 3694 4750 4592
4767 2 2 0 5 4484 4750 3694
4768 2 2 0 5 6144 6838 2499
4769 2 2 0 5 4782 4784 4783
4770 2 2 0 5 4734 4735 906
4771 2 2 0 5 2502 4429 2152
4772 2 2 0 5 4584 6675 4005
4773 2 2 0 5 2260 5769 5033
4774 2 2 0 5 5024 5026 5025
4775 2 2 0 5 2415 4832 3123
4776 2 2 0 5 6546 6810 4451
4777 2 2 0 5 1317 5997 3642
4778 2 2 0 5 2898 4738 2476
4779 2 2 0 5 2816 4716 3084
4780 2 2 0 5 4616 4742 4741
4781 2 2 0 5 2141 2298 2297
4782 2 2 0 5 2297 2542 2140
4783 2 2 0 5 3151 3755 3149
4784 2 2 0 5 3150 3152 3151
4785 2 2 0 5 2630 2631 2629
4786 2 2 0 5 2903 2909 2602
4787 2 2 0 5 1983 1984 1981
4788 2 2 0 5 1288 1289 1287
4789 2 2 0 5 1993 2509 1989
4790 2 2 0 5 3209 3211 3210
4791 2 2 0 5 3300 4425 4424
4792 2 2 0 5 4018 6385 4499
4793 2 2 0 5 4777 4779 4778
4794 2 2 0 5 1471 4747 1401
4795 2 2 0 5 5044 5783 3775
4796 2 2 0 5 3431 5784 4757
4797 2 2 0 5 3911 6418 6210
4798 2 2 0 5 4211 6633 4573
4799 2 2 0 5 2080 4727 2081
4800 2 2 0 5 1517 4748 1520
4801 2 2 0 5 1365 4730 1503
4802 2 2 0 5 4745 4746 4445
4803 2 2 0 5 6250 6944 5747
4804 2 2 0 5 5024 5816 5026
4805 2 2 0 5 4964 6175 2183
4806 2 2 0 5 1819 6458 4553
4807 2 2 0 5 4104 6807 5821
4808 2 2 0 5 4677 4679 4678
4809 2 2 0 5 4695 4698 2878
4810 2 2 0 5 4694 4696 4695
4811 2 2 0 5 3667 4434 4243
4812 2 2 0 5 3123 4832 3839
4813 2 2 0 5 4939 4941 4940
4814 2 2 0 5 4059 5909 1400
4815 2 2 0 5 2946 6087 3738
4816 2 2 0 5 1323 6023 4008
4817 2 2 0 5 5019 5021 5017
4818 2 2 0 5 1827 6337 1825
4819 2 2 0 5 5789 6770 5856
4820 2 2 0 5 1237 1238 1208
4821 2 2 0 5 1082 1083 1081
4822 2 2 0 5 2699 2701 2700
4823 2 2 0 5 4413 4470 2116
4824 2 2 0 5 1080 1194 1082
4825 2 2 0 5 3254 5793 2697
4826 2 2 0 5 4744 4810 1051
4827 2 2 0 5 1528 4721 1530
4828 2 2 0 5 5022 5023 5020
4829 2 2 0 5 106 4857 105
4830 2 2 0 5 102 4859 101
4831 2 2 0 5 111 4860 110
4832 2 2 0 5 2538 5846 2535
4833 2 2 0 5 4136 4137 3643
4834 2 2 0 5 4772 4773 891
4835 2 2 0 5 2058 4832 2415
4836 2 2 0 5 4322 6031 6030
4837 2 2 0 5 4344 4345 4343
4838 2 2 0 5 3702 3703 3701
4839 2 2 0 5 2665 2666 2421
4840 2 2 0 5 2664 3097 2665
4841 2 2 0 5 1268 1270 1269
4842 2 2 0 5 1324 1345 1325
4843 2 2 0 5 2032 2033 2031
4844 2 2 0 5 1786 1787 1784
4845 2 2 0 5 3370 4074 3296
4846 2 2 0 5 3172 3173 2538
4847 2 2 0 5 2541 2940 2635
4848 2 2 0 5 4720 6128 3869
4849 2 2 0 5 2159 2160 2158
4850 2 2 0 5 2157 2161 2159
4851 2 2 0 5 3623 4675 3624
4852 2 2 0 5 4585 6134 3973
4853 2 2 0 5 1585 2358 1587
4854 2 2 0 5 1587 1905 1586
4855 2 2 0 5 3850 4068 3666
4856 2 2 0 5 2070 2071 2069
4857 2 2 0 5 3853 3854 3852
4858 2 2 0 5 3589 3590 2810
4859 2 2 0 5 3241 3242 2874
4860 2 2 0 5 2961 3683 3241
4861 2 2 0 5 2808 3285 3284
4862 2 2 0 5 2868 2869 2867
4863 2 2 0 5 2870 3975 3891
4864 2 2 0 5 4047 4455 3640
4865 2 2 0 5 1833 1838 1834
4866 2 2 0 5 1646 1649 1647
4867 2 2 0 5 1688 3549 1686
4868 2 2 0 5 4769 4770 4768
4869 2 2 0 5 4128 5869 3707
4870 2 2 0 5 6034 6853 4453
4871 2 2 0 5 4858 5799 941
4872 2 2 0 5 4424 5841 3085
4873 2 2 0 5 2467 3249 2950
4874 2 2 0 5 1566 1567 1564
4875 2 2 0 5 1565 2051 1563
4876 2 2 0 5 1796 1798 1797
4877 2 2 0 5 1835 3662 2334
4878 2 2 0 5 3199 3201 3200
4879 2 2 0 5 1338 1506 1342
4880 2 2 0 5 4203 4204 4201
4881 2 2 0 5 2024 2949 2948
4882 2 2 0 5 2965 3324 3288
4883 2 2 0 5 2407 3720 2966
4884 2 2 0 5 1949 1998 1997
4885 2 2 0 5 3002 3004 3003
4886 2 2 0 5 3003 3007 3001
4887 2 2 0 5 1831 1832 1826
4888 2 2 0 5 2329 2933 2332
4889 2 2 0 5 2643 2645 2642
4890 2 2 0 5 1965 1966 1964
4891 2 2 0 5 1779 3989 2064
4892 2 2 0 5 2064 2534 1778
4893 2 2 0 5 1934 1936 1931
4894 2 2 0 5 1313 1314 1312
4895 2 2 0 5 3598 3599 3537
4896 2 2 0 5 1563 5835 1559
4897 2 2 0 5 4784 4785 4783
4898 2 2 0 5 4782 4786 4784
4899 2 2 0 5 4735 4736 906
4900 2 2 0 5 3253 6714 3097
4901 2 2 0 5 5026 5027 5025
4902 2 2 0 5 3318 4845 2830
4903 2 2 0 5 1976 5863 1972
4904 2 2 0 5 2943 4761 3287
4905 2 2 0 5 3527 4762 3538
4906 2 2 0 5 3376 5847 4858
4907 2 2 0 5 2141 2299 2298
4908 2 2 0 5 3152 3305 3151
4909 2 2 0 5 2631 2632 2629
4910 2 2 0 5 1984 1985 1981
4911 2 2 0 5 1288 1290 1289
4912 2 2 0 5 1993 2510 2509
4913 2 2 0 5 3209 3213 3211
4914 2 2 0 5 915 4857 106
4915 2 2 0 5 105 4857 941
4916 2 2 0 5 101 4859 940
4917 2 2 0 5 903 4859 102
4918 2 2 0 5 110 4860 927
4919 2 2 0 5 966 4860 111
4920 2 2 0 5 4779 4780 4778
4921 2 2 0 5 1106 4809 1109
4922 2 2 0 5 2082 4763 2086
4923 2 2 0 5 2582 6754 6699
4924 2 2 0 5 4710 4845 3318
4925 2 2 0 5 3069 4812 4147
4926 2 2 0 5 5033 5816 5024
4927 2 2 0 5 1083 1084 1081
4928 2 2 0 5 2701 2825 2700
4929 2 2 0 5 1238 1597 1208
4930 2 2 0 5 5023 5032 5020
4931 2 2 0 5 1174 4844 1124
4932 2 2 0 5 2138 5814 2141
4933 2 2 0 5 3600 5586 5230
4934 2 2 0 5 5230 5586 5099
4935 2 2 0 5 4773 4774 891
4936 2 2 0 5 2830 4845 2059
4937 2 2 0 5 4345 4347 4343
4938 2 2 0 5 3702 3704 3703
4939 2 2 0 5 3703 3958 3701
4940 2 2 0 5 2664 3253 3097
4941 2 2 0 5 3097 3098 2665
4942 2 2 0 5 1268 2549 1270
4943 2 2 0 5 1270 1271 1269
4944 2 2 0 5 1345 1347 1325
4945 2 2 0 5 2032 2034 2033
4946 2 2 0 5 1786 1788 1787
4947 2 2 0 5 3172 3174 3173
4948 2 2 0 5 2541 2941 2940
4949 2 2 0 5 2940 2942 2635
4950 2 2 0 5 2159 2307 2160
4951 2 2 0 5 1587 2022 1905
4952 2 2 0 5 2070 2072 2071
4953 2 2 0 5 3853 3870 3854
4954 2 2 0 5 3854 6243 3852
4955 2 2 0 5 3241 3243 3242
4956 2 2 0 5 3285 3759 3284
4957 2 2 0 5 2869 3349 2867
4958 2 2 0 5 2868 2924 2869
4959 2 2 0 5 1838 1839 1834
4960 2 2 0 5 1104 4809 1106
4961 2 2 0 5 6081 6270 2129
4962 2 2 0 5 1646 3714 1649
4963 2 2 0 5 1649 1651 1647
4964 2 2 0 5 3392 4846 4811
4965 2 2 0 5 1124 4844 4818
4966 2 2 0 5 2467 3902 3249
4967 2 2 0 5 1566 1569 1567
4968 2 2 0 5 1565 3118 2051
4969 2 2 0 5 1798 1799 1797
4970 2 2 0 5 3201 3202 3200
4971 2 2 0 5 1506 1507 1342
4972 2 2 0 5 4203 4205 4204
4973 2 2 0 5 2949 3192 2948
4974 2 2 0 5 1998 2119 1997
4975 2 2 0 5 3324 3325 3288
4976 2 2 0 5 3720 3721 2966
4977 2 2 0 5 3004 3005 3003
4978 2 2 0 5 1831 1836 1832
4979 2 2 0 5 1832 1882 1826
4980 2 2 0 5 2645 3257 2642
4981 2 2 0 5 2643 2646 2645
4982 2 2 0 5 1966 2496 1964
4983 2 2 0 5 1965 1967 1966
4984 2 2 0 5 2064 3233 2534
4985 2 2 0 5 1934 1950 1936
4986 2 2 0 5 1313 1315 1314
4987 2 2 0 5 3598 3867 3599
4988 2 2 0 5 4784 4787 4785
4989 2 2 0 5 5026 5028 5027
4990 2 2 0 5 5027 5031 5025
4991 2 2 0 5 1369 4817 4730
4992 2 2 0 5 3094 4846 2848
4993 2 2 0 5 2166 4844 1174
4994 2 2 0 5 3065 4812 3069
4995 2 2 0 5 2299 2333 2298
4996 2 2 0 5 3152 3306 3305
4997 2 2 0 5 2631 2633 2632
4998 2 2 0 5 1984 1986 1985
4999 2 2 0 5 1290 1291 1289
5000 2 2 0 5 1993 3927 2510
5001 2 2 0 5 3213 3214 3211
5002 2 2 0 5 4779 4807 4780
5003 2 2 0 5 1124 4818 1107
5004 2 2 0 5 4985 5709 4986
5005 2 2 0 5 4990 5460 5149
5006 2 2 0 5 4989 5460 4990
5007 2 2 0 5 2554 5460 4989
5008 2 2 0 5 4811 4846 3094
5009 2 2 0 5 2106 4985 4821
5010 2 2 0 5 2106 5709 4985
5011 2 2 0 5 2672 4823 4822
5012 2 2 0 5 2186 4823 2672
5013 2 2 0 5 5550 5721 4840
5014 2 2 0 5 1238 3711 1597
5015 2 2 0 5 2825 2987 2700
5016 2 2 0 5 1083 1085 1084
5017 2 2 0 5 2701 2826 2825
5018 2 2 0 5 4830 5156 1223
5019 2 2 0 5 4826 5156 4830
5020 2 2 0 5 2234 5156 4826
5021 2 2 0 5 2848 4846 2414
5022 2 2 0 5 4826 4827 2234
5023 2 2 0 5 2105 4991 2445
5024 2 2 0 5 1215 4833 1213
5025 2 2 0 5 1158 4879 1155
5026 2 2 0 5 2773 4881 2775
5027 2 2 0 5 4345 4348 4347
5028 2 2 0 5 3495 5722 5157
5029 2 2 0 5 1904 4883 2117
5030 2 2 0 5 3702 4252 3704
5031 2 2 0 5 3097 3312 3098
5032 2 2 0 5 1270 1272 1271
5033 2 2 0 5 1347 1348 1325
5034 2 2 0 5 1271 2129 1269
5035 2 2 0 5 1786 2090 1788
5036 2 2 0 5 2941 3363 2940
5037 2 2 0 5 3174 3175 3173
5038 2 2 0 5 2307 2434 2160
5039 2 2 0 5 2070 2084 2072
5040 2 2 0 5 3870 3871 3854
5041 2 2 0 5 3243 3244 3242
5042 2 2 0 5 3285 3996 3759
5043 2 2 0 5 2868 2988 2924
5044 2 2 0 5 2924 2925 2869
5045 2 2 0 5 1839 1841 1834
5046 2 2 0 5 4824 4837 3395
5047 2 2 0 5 3395 4839 4824
5048 2 2 0 5 4838 5728 5715
5049 2 2 0 5 1107 4818 1105
5050 2 2 0 5 1649 1652 1651
5051 2 2 0 5 1651 1678 1647
5052 2 2 0 5 3395 4837 2281
5053 2 2 0 5 890 5812 4682
5054 2 2 0 5 2281 4837 3487
5055 2 2 0 5 4821 4991 2106
5056 2 2 0 5 4839 5716 5702
5057 2 2 0 5 4827 4833 2234
5058 2 2 0 5 4814 6279 1575
5059 2 2 0 5 4822 4882 2672
5060 2 2 0 5 2235 4880 4879
5061 2 2 0 5 2234 4833 1215
5062 2 2 0 5 4815 4817 1369
5063 2 2 0 5 3902 3903 3249
5064 2 2 0 5 1569 1570 1567
5065 2 2 0 5 3118 3119 2051
5066 2 2 0 5 1566 4213 1569
5067 2 2 0 5 1798 1800 1799
5068 2 2 0 5 1799 2317 1797
5069 2 2 0 5 3201 3203 3202
5070 2 2 0 5 1506 1508 1507
5071 2 2 0 5 4203 4206 4205
5072 2 2 0 5 2949 3193 3192
5073 2 2 0 5 3720 4660 3721
5074 2 2 0 5 3192 3939 2948
5075 2 2 0 5 3325 4452 3288
5076 2 2 0 5 1998 2120 2119
5077 2 2 0 5 3004 3058 3005
5078 2 2 0 5 1836 1837 1832
5079 2 2 0 5 2186 4884 4823
5080 2 2 0 5 4840 5721 3403
5081 2 2 0 5 2646 2647 2645
5082 2 2 0 5 3487 5715 5231
5083 2 2 0 5 4836 4884 3488
5084 2 2 0 5 1967 1968 1966
5085 2 2 0 5 1950 1995 1936
5086 2 2 0 5 4523 5723 4882
5087 2 2 0 5 1315 1320 1314
5088 2 2 0 5 1157 4831 4825
5089 2 2 0 5 1223 5157 4830
5090 2 2 0 5 4787 4788 4785
5091 2 2 0 5 5028 5029 5027
5092 2 2 0 5 3396 4838 4837
5093 2 2 0 5 4847 5711 4848
5094 2 2 0 5 1765 4885 1767
5095 2 2 0 5 3400 4849 3398
5096 2 2 0 5 5706 5724 4828
5097 2 2 0 5 5719 5720 5466
5098 2 2 0 5 3400 4850 4849
5099 2 2 0 5 4949 5232 2230
5100 2 2 0 5 4986 5709 4989
5101 2 2 0 5 3396 4881 4838
5102 2 2 0 5 5710 5727 3013
5103 2 2 0 5 4950 5232 4949
5104 2 2 0 5 2299 2656 2333
5105 2 2 0 5 2333 2361 2298
5106 2 2 0 5 3152 3307 3306
5107 2 2 0 5 2633 2879 2632
5108 2 2 0 5 1290 1292 1291
5109 2 2 0 5 3213 3222 3214
5110 2 2 0 5 5299 5698 5297
5111 2 2 0 5 1162 5232 4950
5112 2 2 0 5 2445 4991 3393
5113 2 2 0 5 2106 4991 2105
5114 2 2 0 5 1155 4879 1157
5115 2 2 0 5 2235 4879 1158
5116 2 2 0 5 3011 4881 2773
5117 2 2 0 5 2775 4881 3396
5118 2 2 0 5 3015 5163 3411
5119 2 2 0 5 4882 5723 4883
5120 2 2 0 5 2117 4883 2424
5121 2 2 0 5 2672 4883 1904
5122 2 2 0 5 2235 5715 4880
5123 2 2 0 5 4825 4887 1157
5124 2 2 0 5 4884 5718 3488
5125 2 2 0 5 3014 5165 5164
5126 2 2 0 5 3014 5164 5163
5127 2 2 0 5 1472 4814 1575
5128 2 2 0 5 4839 5595 4824
5129 2 2 0 5 3802 5595 4839
5130 2 2 0 5 4989 5709 2554
5131 2 2 0 5 2675 5165 2446
5132 2 2 0 5 4823 4884 4836
5133 2 2 0 5 2230 5233 4949
5134 2 2 0 5 3402 5698 5299
5135 2 2 0 5 4837 4838 3487
5136 2 2 0 5 4829 5704 4833
5137 2 2 0 5 4829 5705 5704
5138 2 2 0 5 5157 5420 3783
5139 2 2 0 5 5702 5716 4834
5140 2 2 0 5 5695 5712 5059
5141 2 2 0 5 4847 4892 3485
5142 2 2 0 5 1153 4887 1151
5143 2 2 0 5 4835 4849 2229
5144 2 2 0 5 4838 5715 3487
5145 2 2 0 5 3398 4849 4835
5146 2 2 0 5 4833 5704 1213
5147 2 2 0 5 2229 4892 4835
5148 2 2 0 5 3437 5233 3436
5149 2 2 0 5 3395 5716 4839
5150 2 2 0 5 3485 5711 4847
5151 2 2 0 5 4885 5718 4884
5152 2 2 0 5 1768 4885 1765
5153 2 2 0 5 1767 4885 2186
5154 2 2 0 5 3485 4892 2229
5155 2 2 0 5 4991 5717 3393
5156 2 2 0 5 3400 4897 4850
5157 2 2 0 5 1083 2829 1085
5158 2 2 0 5 3711 3712 1597
5159 2 2 0 5 2826 3130 2825
5160 2 2 0 5 2701 2827 2826
5161 2 2 0 5 1085 1086 1084
5162 2 2 0 5 5391 5392 3762
5163 2 2 0 5 1523 4842 1541
5164 2 2 0 5 3400 5689 4897
5165 2 2 0 5 4836 5721 5550
5166 2 2 0 5 4897 5689 3821
5167 2 2 0 5 5157 5722 4830
5168 2 2 0 5 1370 4815 1369
5169 2 2 0 5 3762 5392 3416
5170 2 2 0 5 2416 4846 3392
5171 2 2 0 5 1694 5160 4841
5172 2 2 0 5 3411 5163 4843
5173 2 2 0 5 3014 5163 3015
5174 2 2 0 5 2273 5161 4843
5175 2 2 0 5 3312 3313 3098
5176 2 2 0 5 1272 1273 1271
5177 2 2 0 5 1347 1349 1348
5178 2 2 0 5 3174 3176 3175
5179 2 2 0 5 3175 3676 3173
5180 2 2 0 5 2307 2852 2434
5181 2 2 0 5 3870 4154 3871
5182 2 2 0 5 3243 3245 3244
5183 2 2 0 5 2924 2926 2925
5184 2 2 0 5 1839 1842 1841
5185 2 2 0 5 1652 1653 1651
5186 2 2 0 5 4840 5722 3495
5187 2 2 0 5 2446 5165 3014
5188 2 2 0 5 3402 5165 2675
5189 2 2 0 5 1157 4879 4831
5190 2 2 0 5 5297 5698 5298
5191 2 2 0 5 3763 5710 4834
5192 2 2 0 5 1223 5420 5157
5193 2 2 0 5 3495 5157 3783
5194 2 2 0 5 4841 5161 1694
5195 2 2 0 5 1694 5393 5160
5196 2 2 0 5 3401 5695 5298
5197 2 2 0 5 3119 3120 2051
5198 2 2 0 5 1800 1804 1799
5199 2 2 0 5 1798 2283 1800
5200 2 2 0 5 3201 3219 3203
5201 2 2 0 5 3203 3204 3202
5202 2 2 0 5 1506 4694 1508
5203 2 2 0 5 4206 4208 4205
5204 2 2 0 5 1998 2284 2120
5205 2 2 0 5 3325 4453 4452
5206 2 2 0 5 3192 4063 3939
5207 2 2 0 5 3058 3059 3005
5208 2 2 0 5 1836 1891 1837
5209 2 2 0 5 1208 5791 1206
5210 2 2 0 5 4834 5716 3763
5211 2 2 0 5 1151 4887 2230
5212 2 2 0 5 1157 4887 1153
5213 2 2 0 5 5298 5698 3401
5214 2 2 0 5 2646 2648 2647
5215 2 2 0 5 1967 1969 1968
5216 2 2 0 5 1995 2093 1936
5217 2 2 0 5 1950 1996 1995
5218 2 2 0 5 1320 1322 1314
5219 2 2 0 5 3393 5717 4822
5220 2 2 0 5 4788 4789 4785
5221 2 2 0 5 4949 5233 3437
5222 2 2 0 5 3436 5233 4825
5223 2 2 0 5 5028 5030 5029
5224 2 2 0 5 3420 4866 4865
5225 2 2 0 5 3762 5393 5391
5226 2 2 0 5 4843 5161 4841
5227 2 2 0 5 5160 5393 3762
5228 2 2 0 5 3419 4864 3519
5229 2 2 0 5 2448 5677 4866
5230 2 2 0 5 1420 5161 1470
5231 2 2 0 5 4843 5162 2273
5232 2 2 0 5 2299 3650 2656
5233 2 2 0 5 2333 2362 2361
5234 2 2 0 5 3307 3308 3306
5235 2 2 0 5 2633 2880 2879
5236 2 2 0 5 2879 3348 2632
5237 2 2 0 5 1292 1293 1291
5238 2 2 0 5 3213 3366 3222
5239 2 2 0 5 3222 3223 3214
5240 2 2 0 5 3416 5392 3418
5241 2 2 0 5 5231 5715 2235
5242 2 2 0 5 3566 4873 4872
5243 2 2 0 5 5164 5720 5719
5244 2 2 0 5 3420 4865 4864
5245 2 2 0 5 3519 4864 4862
5246 2 2 0 5 4866 5677 4865
5247 2 2 0 5 3401 5712 5695
5248 2 2 0 5 1522 4842 1523
5249 2 2 0 5 5692 5700 1939
5250 2 2 0 5 3460 5511 4892
5251 2 2 0 5 4825 5233 4887
5252 2 2 0 5 4887 5233 2230
5253 2 2 0 5 3420 4864 3419
5254 2 2 0 5 5715 5728 4880
5255 2 2 0 5 4848 5711 4950
5256 2 2 0 5 3563 4871 3124
5257 2 2 0 5 3566 4872 4871
5258 2 2 0 5 5482 5724 5706
5259 2 2 0 5 3568 4875 3565
5260 2 2 0 5 4839 5702 3802
5261 2 2 0 5 3712 3713 1597
5262 2 2 0 5 1085 1087 1086
5263 2 2 0 5 2827 3974 2826
5264 2 2 0 5 1470 5161 2273
5265 2 2 0 5 1694 5161 1420
5266 2 2 0 5 4862 4867 3519
5267 2 2 0 5 2678 4878 4867
5268 2 2 0 5 3488 5721 4836
5269 2 2 0 5 3313 3682 3098
5270 2 2 0 5 1272 1274 1273
5271 2 2 0 5 1347 1350 1349
5272 2 2 0 5 3174 3177 3176
5273 2 2 0 5 3176 3587 3175
5274 2 2 0 5 4154 4489 3871
5275 2 2 0 5 3243 4156 3245
5276 2 2 0 5 2926 2927 2925
5277 2 2 0 5 1842 1843 1841
5278 2 2 0 5 1652 1655 1653
5279 2 2 0 5 4892 5511 4835
5280 2 2 0 5 3460 4892 4847
5281 2 2 0 5 1416 5393 1418
5282 2 2 0 5 3763 5727 5710
5283 2 2 0 5 2678 4867 4856
5284 2 2 0 5 3119 3301 3120
5285 2 2 0 5 1800 1805 1804
5286 2 2 0 5 3203 3205 3204
5287 2 2 0 5 2284 2285 2120
5288 2 2 0 5 4063 4143 3939
5289 2 2 0 5 4208 4209 4205
5290 2 2 0 5 3059 3060 3005
5291 2 2 0 5 1836 1893 1891
5292 2 2 0 5 1891 1892 1837
5293 2 2 0 5 4866 5692 2448
5294 2 2 0 5 3565 4875 3566
5295 2 2 0 5 4881 5728 4838
5296 2 2 0 5 2648 2649 2647
5297 2 2 0 5 3566 4871 3563
5298 2 2 0 5 1969 1970 1968
5299 2 2 0 5 1950 2486 1996
5300 2 2 0 5 1996 2060 1995
5301 2 2 0 5 1320 1326 1322
5302 2 2 0 5 3124 4871 4854
5303 2 2 0 5 4788 4790 4789
5304 2 2 0 5 3082 4854 4065
5305 2 2 0 5 4867 4878 3519
5306 2 2 0 5 4854 4855 4065
5307 2 2 0 5 3308 3309 3306
5308 2 2 0 5 3307 3314 3308
5309 2 2 0 5 2633 2881 2880
5310 2 2 0 5 1292 1294 1293
5311 2 2 0 5 3223 3224 3214
5312 2 2 0 5 3568 5688 4875
5313 2 2 0 5 3566 4875 4873
5314 2 2 0 5 2678 4856 1110
5315 2 2 0 5 1418 5393 1694
5316 2 2 0 5 5391 5393 1416
5317 2 2 0 5 4866 5700 5692
5318 2 2 0 5 4843 5163 5162
5319 2 2 0 5 3712 3863 3713
5320 2 2 0 5 2849 4854 3082
5321 2 2 0 5 3313 4233 3682
5322 2 2 0 5 1274 1275 1273
5323 2 2 0 5 1350 1352 1349
5324 2 2 0 5 1272 1318 1274
5325 2 2 0 5 3177 3178 3176
5326 2 2 0 5 4154 4490 4489
5327 2 2 0 5 4156 4479 3245
5328 2 2 0 5 2926 2929 2927
5329 2 2 0 5 1843 2913 1841
5330 2 2 0 5 1842 1844 1843
5331 2 2 0 5 1652 1673 1655
5332 2 2 0 5 1655 1656 1653
5333 2 2 0 5 1110 4856 1108
5334 2 2 0 5 3822 5432 4897
5335 2 2 0 5 4882 5717 4523
5336 2 2 0 5 4523 5717 4821
5337 2 2 0 5 3119 3303 3301
5338 2 2 0 5 1805 1806 1804
5339 2 2 0 5 2285 2286 2120
5340 2 2 0 5 2284 2291 2285
5341 2 2 0 5 3059 3061 3060
5342 2 2 0 5 1892 1910 1837
5343 2 2 0 5 1893 3521 1891
5344 2 2 0 5 2648 2850 2649
5345 2 2 0 5 1969 1971 1970
5346 2 2 0 5 1970 2011 1968
5347 2 2 0 5 1996 2061 2060
5348 2 2 0 5 1326 1327 1322
5349 2 2 0 5 4788 4791 4790
5350 2 2 0 5 4861 4867 4862
5351 2 2 0 5 3308 3310 3309
5352 2 2 0 5 2881 2882 2880
5353 2 2 0 5 1294 1295 1293
5354 2 2 0 5 3223 3225 3224
5355 2 2 0 5 1125 4861 1900
5356 2 2 0 5 4854 4871 4855
5357 2 2 0 5 4897 5432 4850
5358 2 2 0 5 3822 4897 3821
5359 2 2 0 5 4861 4862 1900
5360 2 2 0 5 3403 5722 4840
5361 2 2 0 5 4233 5888 3682
5362 2 2 0 5 1275 1343 1273
5363 2 2 0 5 1352 1505 1349
5364 2 2 0 5 1274 1276 1275
5365 2 2 0 5 3177 3179 3178
5366 2 2 0 5 2929 2930 2927
5367 2 2 0 5 2926 3982 2929
5368 2 2 0 5 1842 1845 1844
5369 2 2 0 5 1843 2914 2913
5370 2 2 0 5 1655 1658 1656
5371 2 2 0 5 1114 4861 1125
5372 2 2 0 5 3303 3615 3301
5373 2 2 0 5 1805 1807 1806
5374 2 2 0 5 1806 1885 1804
5375 2 2 0 5 2285 2287 2286
5376 2 2 0 5 2284 2991 2291
5377 2 2 0 5 3061 3153 3060
5378 2 2 0 5 1892 1911 1910
5379 2 2 0 5 2850 2851 2649
5380 2 2 0 5 1971 1972 1970
5381 2 2 0 5 2061 2111 2060
5382 2 2 0 5 1327 2809 1322
5383 2 2 0 5 1326 1331 1327
5384 2 2 0 5 4791 4792 4790
5385 2 2 0 5 3310 3311 3309
5386 2 2 0 5 2882 2883 2880
5387 2 2 0 5 1294 1296 1295
5388 2 2 0 5 3223 3226 3225
5389 2 2 0 5 3225 3232 3224
5390 2 2 0 5 4862 4863 1900
5391 2 2 0 5 5392 5700 3418
5392 2 2 0 5 4871 4872 4855
5393 2 2 0 5 1276 1277 1275
5394 2 2 0 5 3179 3180 3178
5395 2 2 0 5 2929 2931 2930
5396 2 2 0 5 2914 2915 2913
5397 2 2 0 5 1845 1848 1844
5398 2 2 0 5 1658 1659 1656
5399 2 2 0 5 3303 3617 3615
5400 2 2 0 5 1805 1820 1807
5401 2 2 0 5 1807 1808 1806
5402 2 2 0 5 2287 2288 2286
5403 2 2 0 5 3153 3543 3060
5404 2 2 0 5 3061 3154 3153
5405 2 2 0 5 1892 1912 1911
5406 2 2 0 5 2850 3359 2851
5407 2 2 0 5 2851 3008 2649
5408 2 2 0 5 2061 2122 2111
5409 2 2 0 5 1175 4876 1179
5410 2 2 0 5 4792 4793 4790
5411 2 2 0 5 3110 4868 4048
5412 2 2 0 5 3310 4293 3311
5413 2 2 0 5 2882 2884 2883
5414 2 2 0 5 1296 1297 1295
5415 2 2 0 5 3226 3227 3225
5416 2 2 0 5 2851 5682 3009
5417 2 2 0 5 1900 4876 1175
5418 2 2 0 5 4863 4876 1900
5419 2 2 0 5 4862 4864 4863
5420 2 2 0 5 4865 5678 4863
5421 2 2 0 5 4876 5675 1179
5422 2 2 0 5 1276 1278 1277
5423 2 2 0 5 3180 3181 3178
5424 2 2 0 5 3179 3358 3180
5425 2 2 0 5 2931 2932 2930
5426 2 2 0 5 2914 2964 2915
5427 2 2 0 5 1845 1849 1848
5428 2 2 0 5 2915 3579 2913
5429 2 2 0 5 1848 1850 1844
5430 2 2 0 5 1659 1662 1656
5431 2 2 0 5 1658 1660 1659
5432 2 2 0 5 4863 5678 4876
5433 2 2 0 5 3617 3618 3615
5434 2 2 0 5 1807 1809 1808
5435 2 2 0 5 2287 2289 2288
5436 2 2 0 5 3061 3155 3154
5437 2 2 0 5 1912 1913 1911
5438 2 2 0 5 2851 3009 3008
5439 2 2 0 5 2061 4693 2122
5440 2 2 0 5 4792 4794 4793
5441 2 2 0 5 2678 4893 4878
5442 2 2 0 5 2884 2885 2883
5443 2 2 0 5 3310 4294 4293
5444 2 2 0 5 1296 1298 1297
5445 2 2 0 5 1297 1330 1295
5446 2 2 0 5 3226 3228 3227
5447 2 2 0 5 4864 4865 4863
5448 2 2 0 5 1377 4877 1374
5449 2 2 0 5 3359 5682 2851
5450 2 2 0 5 1112 4893 2678
5451 2 2 0 5 1278 1279 1277
5452 2 2 0 5 3180 3182 3181
5453 2 2 0 5 2931 3327 2932
5454 2 2 0 5 1848 1851 1850
5455 2 2 0 5 2964 3083 2915
5456 2 2 0 5 1845 1879 1849
5457 2 2 0 5 2914 3819 2964
5458 2 2 0 5 1659 1663 1662
5459 2 2 0 5 1658 3291 1660
5460 2 2 0 5 2287 2667 2289
5461 2 2 0 5 1809 1810 1808
5462 2 2 0 5 2289 2290 2288
5463 2 2 0 5 3155 3156 3154
5464 2 2 0 5 1912 1953 1913
5465 2 2 0 5 3009 3238 3008
5466 2 2 0 5 4792 4795 4794
5467 2 2 0 5 4879 4880 4831
5468 2 2 0 5 2884 2886 2885
5469 2 2 0 5 1298 1299 1297
5470 2 2 0 5 2885 3183 2883
5471 2 2 0 5 3228 3231 3227
5472 2 2 0 5 4882 4883 2672
5473 2 2 0 5 3182 3383 3181
5474 2 2 0 5 2931 3328 3327
5475 2 2 0 5 1879 1880 1849
5476 2 2 0 5 1851 1853 1850
5477 2 2 0 5 2186 4885 4884
5478 2 2 0 5 1663 1664 1662
5479 2 2 0 5 3291 3292 1660
5480 2 2 0 5 1809 1811 1810
5481 2 2 0 5 2289 2292 2290
5482 2 2 0 5 3155 3157 3156
5483 2 2 0 5 1912 2282 1953
5484 2 2 0 5 1953 1954 1913
5485 2 2 0 5 3009 3239 3238
5486 2 2 0 5 4795 4796 4794
5487 2 2 0 5 5163 5164 5162
5488 2 2 0 5 1298 1300 1299
5489 2 2 0 5 2886 2887 2885
5490 2 2 0 5 3231 3603 3227
5491 2 2 0 5 3228 3235 3231
5492 2 2 0 5 1192 4888 1182
5493 2 2 0 5 1379 4886 1395
5494 2 2 0 5 1192 4894 4888
5495 2 2 0 5 3182 3593 3383
5496 2 2 0 5 3328 3896 3327
5497 2 2 0 5 1851 1855 1853
5498 2 2 0 5 1880 3117 1849
5499 2 2 0 5 3291 4081 3292
5500 2 2 0 5 1663 1665 1664
5501 2 2 0 5 3292 3293 1660
5502 2 2 0 5 1182 4888 1178
5503 2 2 0 5 2292 2293 2290
5504 2 2 0 5 1811 1812 1810
5505 2 2 0 5 3157 3158 3156
5506 2 2 0 5 1953 1994 1954
5507 2 2 0 5 3009 3240 3239
5508 2 2 0 5 4795 4797 4796
5509 2 2 0 5 1300 1301 1299
5510 2 2 0 5 2886 2889 2887
5511 2 2 0 5 3235 3236 3231
5512 2 2 0 5 1115 4893 1112
5513 2 2 0 5 1397 4889 1383
5514 2 2 0 5 3896 4589 3327
5515 2 2 0 5 1855 1856 1853
5516 2 2 0 5 3292 3294 3293
5517 2 2 0 5 1665 1666 1664
5518 2 2 0 5 4896 5008 3465
5519 2 2 0 5 3518 5671 5664
5520 2 2 0 5 2293 2344 2290
5521 2 2 0 5 1812 1815 1810
5522 2 2 0 5 3157 3170 3158
5523 2 2 0 5 3158 3159 3156
5524 2 2 0 5 3240 3299 3239
5525 2 2 0 5 4797 4798 4796
5526 2 2 0 5 2715 4894 1202
5527 2 2 0 5 1202 4894 1192
5528 2 2 0 5 2889 2890 2887
5529 2 2 0 5 4895 5008 4896
5530 2 2 0 5 2168 4895 1119
5531 2 2 0 5 1383 4889 1381
5532 2 2 0 5 2413 5150 2108
5533 2 2 0 5 2110 5077 5075
5534 2 2 0 5 3465 5664 4896
5535 2 2 0 5 5584 5661 2818
5536 2 2 0 5 5081 5661 5584
5537 2 2 0 5 2168 5008 4895
5538 2 2 0 5 2167 5086 5085
5539 2 2 0 5 1896 5086 2167
5540 2 2 0 5 1856 1872 1853
5541 2 2 0 5 1855 1863 1856
5542 2 2 0 5 3294 3968 3293
5543 2 2 0 5 1119 4895 1117
5544 2 2 0 5 1666 1679 1664
5545 2 2 0 5 1665 1670 1666
5546 2 2 0 5 2818 5661 5150
5547 2 2 0 5 5664 5671 4896
5548 2 2 0 5 5075 5086 2110
5549 2 2 0 5 4893 5671 4878
5550 2 2 0 5 2818 5150 2413
5551 2 2 0 5 2108 5150 2110
5552 2 2 0 5 3158 3160 3159
5553 2 2 0 5 2293 2345 2344
5554 2 2 0 5 5085 5658 2167
5555 2 2 0 5 3240 3635 3299
5556 2 2 0 5 3299 3632 3239
5557 2 2 0 5 4798 4799 4796
5558 2 2 0 5 2110 5150 5077
5559 2 2 0 5 2110 5086 1896
5560 2 2 0 5 2889 3131 2890
5561 2 2 0 5 5477 5658 5085
5562 2 2 0 5 3415 5664 3465
5563 2 2 0 5 4904 5658 5477
5564 2 2 0 5 5655 5662 2687
5565 2 2 0 5 2721 4905 4903
5566 2 2 0 5 4903 5065 2721
5567 2 2 0 5 1259 5338 1239
5568 2 2 0 5 4900 5065 4903
5569 2 2 0 5 4995 5065 4900
5570 2 2 0 5 4902 4994 3406
5571 2 2 0 5 2169 4900 4899
5572 2 2 0 5 1863 1865 1856
5573 2 2 0 5 4878 5671 3518
5574 2 2 0 5 1670 1672 1666
5575 2 2 0 5 3160 3161 3159
5576 2 2 0 5 2721 5338 4905
5577 2 2 0 5 4905 5663 5658
5578 2 2 0 5 2293 2386 2345
5579 2 2 0 5 4924 5610 5008
5580 2 2 0 5 2169 4995 4900
5581 2 2 0 5 3299 3633 3632
5582 2 2 0 5 3240 3636 3635
5583 2 2 0 5 2169 4899 4898
5584 2 2 0 5 4798 4800 4799
5585 2 2 0 5 5073 5086 5075
5586 2 2 0 5 5085 5086 5073
5587 2 2 0 5 1239 5338 2721
5588 2 2 0 5 1468 5338 1259
5589 2 2 0 5 4899 4902 3406
5590 2 2 0 5 4902 5662 5655
5591 2 2 0 5 1201 4898 3406
5592 2 2 0 5 3131 3132 2890
5593 2 2 0 5 4902 5655 4994
5594 2 2 0 5 5008 5610 3465
5595 2 2 0 5 4898 4899 3406
5596 2 2 0 5 4924 5008 2168
5597 2 2 0 5 1185 4898 1201
5598 2 2 0 5 2687 5662 5477
5599 2 2 0 5 5658 5663 2167
5600 2 2 0 5 5477 5662 4904
5601 2 2 0 5 4900 4901 4899
5602 2 2 0 5 1863 1866 1865
5603 2 2 0 5 1670 1674 1672
5604 2 2 0 5 3160 3162 3161
5605 2 2 0 5 2386 2387 2345
5606 2 2 0 5 4798 4801 4800
5607 2 2 0 5 3132 3184 2890
5608 2 2 0 5 2547 5394 5208
5609 2 2 0 5 5209 5462 2547
5610 2 2 0 5 5211 5462 5209
5611 2 2 0 5 5208 5394 4906
5612 2 2 0 5 5208 5209 2547
5613 2 2 0 5 2243 5236 4906
5614 2 2 0 5 4906 5394 2243
5615 2 2 0 5 3162 3163 3161
5616 2 2 0 5 3326 5462 5211
5617 2 2 0 5 4906 5236 3628
5618 2 2 0 5 3628 5236 3627
5619 2 2 0 5 5211 5214 3326
5620 2 2 0 5 5063 5646 4908
5621 2 2 0 5 4907 4942 1493
5622 2 2 0 5 1493 4942 989
5623 2 2 0 5 5236 5636 3627
5624 2 2 0 5 2506 4927 4913
5625 2 2 0 5 3132 3185 3184
5626 2 2 0 5 3627 5636 5546
5627 2 2 0 5 993 4911 991
5628 2 2 0 5 4913 4927 3812
5629 2 2 0 5 4912 5486 4977
5630 2 2 0 5 4901 4902 4899
5631 2 2 0 5 4900 4903 4901
5632 2 2 0 5 1866 1867 1865
5633 2 2 0 5 4924 5318 3409
5634 2 2 0 5 989 4942 987
5635 2 2 0 5 2386 2530 2387
5636 2 2 0 5 4911 5486 4912
5637 2 2 0 5 4928 5525 4917
5638 2 2 0 5 3917 4916 3954
5639 2 2 0 5 3365 4946 3809
5640 2 2 0 5 2488 5623 4996
5641 2 2 0 5 1493 4910 4907
5642 2 2 0 5 3168 3634 3260
5643 2 2 0 5 3746 3747 3169
5644 2 2 0 5 4801 4802 4800
5645 2 2 0 5 1674 1675 1672
5646 2 2 0 5 4946 4996 3809
5647 2 2 0 5 3320 5546 3022
5648 2 2 0 5 3917 4928 4917
5649 2 2 0 5 991 4911 1493
5650 2 2 0 5 3049 5634 3511
5651 2 2 0 5 4923 5318 4924
5652 2 2 0 5 1901 5646 5063
5653 2 2 0 5 2226 5238 4956
5654 2 2 0 5 2952 5616 5135
5655 2 2 0 5 993 5486 4911
5656 2 2 0 5 3917 4917 4916
5657 2 2 0 5 2226 4956 4954
5658 2 2 0 5 5417 5611 5001
5659 2 2 0 5 2386 2531 2530
5660 2 2 0 5 3895 4918 3574
5661 2 2 0 5 1177 4923 1126
5662 2 2 0 5 1070 5269 1007
5663 2 2 0 5 4929 5130 3026
5664 2 2 0 5 4954 5291 2226
5665 2 2 0 5 4957 5597 3765
5666 2 2 0 5 4848 4950 4948
5667 2 2 0 5 1026 4943 1025
5668 2 2 0 5 4953 5291 4954
5669 2 2 0 5 5268 5269 1070
5670 2 2 0 5 3810 5626 2782
5671 2 2 0 5 4953 5268 1070
5672 2 2 0 5 1070 5291 4953
5673 2 2 0 5 2688 5175 3024
5674 2 2 0 5 4922 5428 4025
5675 2 2 0 5 4975 5408 4961
5676 2 2 0 5 1007 5269 1005
5677 2 2 0 5 4994 5655 2002
5678 2 2 0 5 3422 5009 3424
5679 2 2 0 5 1029 4943 1026
5680 2 2 0 5 2520 5377 5295
5681 2 2 0 5 3282 5399 5071
5682 2 2 0 5 1186 4898 1185
5683 2 2 0 5 3477 4984 3480
5684 2 2 0 5 4909 4943 1029
5685 2 2 0 5 5647 5648 4914
5686 2 2 0 5 5108 5334 5109
5687 2 2 0 5 4931 4932 3343
5688 2 2 0 5 3258 5428 2581
5689 2 2 0 5 2237 5108 4925
5690 2 2 0 5 4957 4959 1209
5691 2 2 0 5 3026 5036 2521
5692 2 2 0 5 2742 5525 4928
5693 2 2 0 5 4959 4983 1209
5694 2 2 0 5 3338 4931 3343
5695 2 2 0 5 1866 1868 1867
5696 2 2 0 5 5097 5098 2908
5697 2 2 0 5 1042 5278 1040
5698 2 2 0 5 2237 5334 5108
5699 2 2 0 5 5054 5067 3772
5700 2 2 0 5 4947 5136 2708
5701 2 2 0 5 3012 5453 2707
5702 2 2 0 5 4915 4984 3030
5703 2 2 0 5 3088 4945 4148
5704 2 2 0 5 5222 5609 5601
5705 2 2 0 5 5088 5207 5087
5706 2 2 0 5 3162 3164 3163
5707 2 2 0 5 5455 5487 3730
5708 2 2 0 5 2460 5035 2339
5709 2 2 0 5 4967 5207 5088
5710 2 2 0 5 1025 5561 1022
5711 2 2 0 5 1250 5408 4975
5712 2 2 0 5 5095 5097 2908
5713 2 2 0 5 5071 5359 3282
5714 2 2 0 5 5109 5334 5220
5715 2 2 0 5 3164 3165 3163
5716 2 2 0 5 4996 5623 3809
5717 2 2 0 5 3764 4944 4943
5718 2 2 0 5 3026 5130 5036
5719 2 2 0 5 3101 4963 3987
5720 2 2 0 5 5397 5508 3442
5721 2 2 0 5 2806 5185 3408
5722 2 2 0 5 4961 5408 4983
5723 2 2 0 5 4914 5648 4913
5724 2 2 0 5 3272 3273 3187
5725 2 2 0 5 3274 5360 3277
5726 2 2 0 5 3784 5042 5040
5727 2 2 0 5 2424 5006 5004
5728 2 2 0 5 1029 5337 4909
5729 2 2 0 5 4921 5009 3467
5730 2 2 0 5 4943 4944 1025
5731 2 2 0 5 1209 5597 4957
5732 2 2 0 5 4975 4977 1250
5733 2 2 0 5 3467 5009 3422
5734 2 2 0 5 5009 5509 3424
5735 2 2 0 5 3764 5175 4944
5736 2 2 0 5 4951 5035 2460
5737 2 2 0 5 3477 5249 4984
5738 2 2 0 5 5238 5535 4956
5739 2 2 0 5 2464 5294 2461
5740 2 2 0 5 3467 5295 4921
5741 2 2 0 5 2063 5192 4930
5742 2 2 0 5 1177 5318 4923
5743 2 2 0 5 4910 5643 3455
5744 2 2 0 5 2811 5611 5417
5745 2 2 0 5 3030 5428 4915
5746 2 2 0 5 4908 5646 4942
5747 2 2 0 5 4639 5043 3375
5748 2 2 0 5 5043 5293 3375
5749 2 2 0 5 2525 5098 2969
5750 2 2 0 5 5415 5434 2762
5751 2 2 0 5 4930 5191 2063
5752 2 2 0 5 3432 5551 4219
5753 2 2 0 5 1877 4260 1874
5754 2 2 0 5 1875 1894 1876
5755 2 2 0 5 3024 5175 3764
5756 2 2 0 5 4925 5278 2237
5757 2 2 0 5 4978 5376 2516
5758 2 2 0 5 1867 1886 1865
5759 2 2 0 5 3786 5487 5455
5760 2 2 0 5 4992 5558 3778
5761 2 2 0 5 4948 5453 4848
5762 2 2 0 5 5525 5579 4917
5763 2 2 0 5 2339 5035 2653
5764 2 2 0 5 2708 5136 3773
5765 2 2 0 5 2341 5067 5054
5766 2 2 0 5 2908 5098 2525
5767 2 2 0 5 3023 5175 2688
5768 2 2 0 5 3026 5295 4929
5769 2 2 0 5 5533 5590 3035
5770 2 2 0 5 3480 4984 4915
5771 2 2 0 5 5109 5220 5138
5772 2 2 0 5 5182 5578 5387
5773 2 2 0 5 5557 5585 4926
5774 2 2 0 5 1126 4923 1121
5775 2 2 0 5 3022 5546 5062
5776 2 2 0 5 2777 4974 3468
5777 2 2 0 5 3409 5610 4924
5778 2 2 0 5 5087 5207 2686
5779 2 2 0 5 2795 5493 2797
5780 2 2 0 5 3784 5543 5042
5781 2 2 0 5 5050 5051 3052
5782 2 2 0 5 5076 5506 5074
5783 2 2 0 5 2783 5053 5047
5784 2 2 0 5 5186 5273 1769
5785 2 2 0 5 2412 5249 3477
5786 2 2 0 5 4979 4980 3641
5787 2 2 0 5 5040 5491 3784
5788 2 2 0 5 3023 5176 5175
5789 2 2 0 5 4903 4904 4901
5790 2 2 0 5 1231 5587 5543
5791 2 2 0 5 2101 5039 2769
5792 2 2 0 5 3772 5399 2655
5793 2 2 0 5 5049 5050 2783
5794 2 2 0 5 3020 5062 3407
5795 2 2 0 5 5036 5380 2521
5796 2 2 0 5 2761 5050 3052
5797 2 2 0 5 4915 5428 4922
5798 2 2 0 5 3818 5650 3512
5799 2 2 0 5 5079 5506 5076
5800 2 2 0 5 5306 5539 4973
5801 2 2 0 5 5132 5395 1635
5802 2 2 0 5 5060 5189 1707
5803 2 2 0 5 2520 5295 3026
5804 2 2 0 5 3574 4918 3572
5805 2 2 0 5 4963 4964 3987
5806 2 2 0 5 4519 5110 4518
5807 2 2 0 5 3322 5010 4167
5808 2 2 0 5 4517 5006 4520
5809 2 2 0 5 3322 5011 5010
5810 2 2 0 5 5295 5377 4921
5811 2 2 0 5 4025 5428 3258
5812 2 2 0 5 5350 5351 3438
5813 2 2 0 5 1209 4983 1001
5814 2 2 0 5 1493 4911 4910
5815 2 2 0 5 3600 5228 3319
5816 2 2 0 5 3627 5546 3320
5817 2 2 0 5 3407 5062 4908
5818 2 2 0 5 3446 5380 3447
5819 2 2 0 5 995 5486 993
5820 2 2 0 5 4961 4983 4959
5821 2 2 0 5 5397 5569 5105
5822 2 2 0 5 3486 5061 5007
5823 2 2 0 5 5182 5387 2524
5824 2 2 0 5 5181 5573 3464
5825 2 2 0 5 3668 4945 3088
5826 2 2 0 5 3440 4935 3631
5827 2 2 0 5 5615 5651 1417
5828 2 2 0 5 1868 1869 1867
5829 2 2 0 5 1876 1878 1877
5830 2 2 0 5 1040 5278 1059
5831 2 2 0 5 4944 5561 1025
5832 2 2 0 5 2754 5579 5525
5833 2 2 0 5 5047 5049 2783
5834 2 2 0 5 3044 5571 3509
5835 2 2 0 5 4521 4985 4522
5836 2 2 0 5 4993 5585 5557
5837 2 2 0 5 3408 5185 4928
5838 2 2 0 5 5543 5587 5042
5839 2 2 0 5 4848 5453 3012
5840 2 2 0 5 5146 5644 5565
5841 2 2 0 5 5047 5053 5045
5842 2 2 0 5 2300 5152 5151
5843 2 2 0 5 5138 5191 5109
5844 2 2 0 5 2363 5134 2364
5845 2 2 0 5 3513 5225 2796
5846 2 2 0 5 4985 4986 4522
5847 2 2 0 5 2821 5114 2820
5848 2 2 0 5 2737 5185 2806
5849 2 2 0 5 3424 5509 3426
5850 2 2 0 5 3035 5590 2010
5851 2 2 0 5 3605 4996 4946
5852 2 2 0 5 5062 5063 4908
5853 2 2 0 5 5048 5619 5604
5854 2 2 0 5 2703 5643 5630
5855 2 2 0 5 4977 5630 4912
5856 2 2 0 5 3430 4997 3431
5857 2 2 0 5 5389 5605 3777
5858 2 2 0 5 2249 5120 4998
5859 2 2 0 5 2707 5453 2708
5860 2 2 0 5 3785 5558 4992
5861 2 2 0 5 2581 5428 3030
5862 2 2 0 5 2655 5399 3282
5863 2 2 0 5 3809 5089 2799
5864 2 2 0 5 3375 5293 2977
5865 2 2 0 5 3168 3260 3169
5866 2 2 0 5 3634 4134 3260
5867 2 2 0 5 5568 5589 3797
5868 2 2 0 5 5456 5472 5121
5869 2 2 0 5 1674 1676 1675
5870 2 2 0 5 4977 5486 1250
5871 2 2 0 5 1757 5124 1752
5872 2 2 0 5 2424 5004 2422
5873 2 2 0 5 2938 4999 3811
5874 2 2 0 5 3765 5597 5269
5875 2 2 0 5 4928 5185 2742
5876 2 2 0 5 2974 4963 3101
5877 2 2 0 5 1033 5337 1030
5878 2 2 0 5 2237 5278 1042
5879 2 2 0 5 1618 5123 1620
5880 2 2 0 5 2063 5191 5138
5881 2 2 0 5 3442 5120 2249
5882 2 2 0 5 2300 5153 5152
5883 2 2 0 5 2708 5453 4947
5884 2 2 0 5 2908 5305 5095
5885 2 2 0 5 5067 5399 3772
5886 2 2 0 5 5094 5196 4960
5887 2 2 0 5 4978 5012 4976
5888 2 2 0 5 5449 5530 5054
5889 2 2 0 5 5007 5061 1745
5890 2 2 0 5 3268 4979 3641
5891 2 2 0 5 5071 5399 5068
5892 2 2 0 5 5136 5137 3773
5893 2 2 0 5 4974 5580 3468
5894 2 2 0 5 3800 5545 2733
5895 2 2 0 5 1001 4983 999
5896 2 2 0 5 5415 5626 3810
5897 2 2 0 5 3342 4926 3340
5898 2 2 0 5 3361 3503 3342
5899 2 2 0 5 5058 5189 5060
5900 2 2 0 5 2693 5515 2956
5901 2 2 0 5 5147 5460 5402
5902 2 2 0 5 5144 5145 2096
5903 2 2 0 5 3125 5294 2464
5904 2 2 0 5 1676 1682 1680
5905 2 2 0 5 1681 1683 1677
5906 2 2 0 5 1681 6289 1897
5907 2 2 0 5 1713 5386 1714
5908 2 2 0 5 2847 4993 2757
5909 2 2 0 5 5396 5436 2770
5910 2 2 0 5 5293 5448 2919
5911 2 2 0 5 3442 5508 5120
5912 2 2 0 5 974 5093 2691
5913 2 2 0 5 2766 5143 2764
5914 2 2 0 5 5010 5011 3766
5915 2 2 0 5 2660 5277 2661
5916 2 2 0 5 2717 4965 2957
5917 2 2 0 5 2768 5388 2937
5918 2 2 0 5 3319 5228 3625
5919 2 2 0 5 1676 5577 1682
5920 2 2 0 5 1680 1681 1677
5921 2 2 0 5 1681 1684 1683
5922 2 2 0 5 2824 5114 2821
5923 2 2 0 5 3511 5578 5562
5924 2 2 0 5 2451 5196 5094
5925 2 2 0 5 5133 5287 5151
5926 2 2 0 5 5112 5480 5292
5927 2 2 0 5 5562 5578 1591
5928 2 2 0 5 2736 5549 2432
5929 2 2 0 5 5284 5581 5283
5930 2 2 0 5 1756 5284 1770
5931 2 2 0 5 2192 5183 2190
5932 2 2 0 5 2422 5004 2838
5933 2 2 0 5 2731 5336 3794
5934 2 2 0 5 5147 5402 2507
5935 2 2 0 5 4965 4969 2957
5936 2 2 0 5 3772 5449 5054
5937 2 2 0 5 1496 5104 1405
5938 2 2 0 5 2195 5353 5352
5939 2 2 0 5 1605 5139 1914
5940 2 2 0 5 1610 5111 2008
5941 2 2 0 5 2692 5353 2197
5942 2 2 0 5 4998 5206 2249
5943 2 2 0 5 5151 5287 2300
5944 2 2 0 5 5039 5040 2769
5945 2 2 0 5 5131 5316 3822
5946 2 2 0 5 1701 5056 5055
5947 2 2 0 5 3347 5542 4230
5948 2 2 0 5 5107 5273 5186
5949 2 2 0 5 2008 5111 3035
5950 2 2 0 5 3023 5492 5176
5951 2 2 0 5 2834 4996 3605
5952 2 2 0 5 5431 5563 3438
5953 2 2 0 5 5335 5436 5396
5954 2 2 0 5 2172 5101 1449
5955 2 2 0 5 2796 5225 2794
5956 2 2 0 5 3511 5634 5387
5957 2 2 0 5 2197 5353 2195
5958 2 2 0 5 2208 5446 2212
5959 2 2 0 5 2797 5493 3281
5960 2 2 0 5 4909 5380 3446
5961 2 2 0 5 5325 5463 3463
5962 2 2 0 5 5389 5443 4062
5963 2 2 0 5 5337 5380 4909
5964 2 2 0 5 5271 5440 5270
5965 2 2 0 5 5001 5611 5434
5966 2 2 0 5 2516 5012 4978
5967 2 2 0 5 3476 5425 3475
5968 2 2 0 5 2460 5294 4951
5969 2 2 0 5 5095 5305 3470
5970 2 2 0 5 5105 5508 5397
5971 2 2 0 5 5167 5169 5168
5972 2 2 0 5 4926 5585 3340
5973 2 2 0 5 1199 5065 4995
5974 2 2 0 5 2952 5135 2483
5975 2 2 0 5 5103 5548 5335
5976 2 2 0 5 117 5450 5378
5977 2 2 0 5 1226 5445 1236
5978 2 2 0 5 5313 5433 1495
5979 2 2 0 5 2206 5180 5179
5980 2 2 0 5 5527 5529 2729
5981 2 2 0 5 5098 5099 2969
5982 2 2 0 5 3421 5195 4929
5983 2 2 0 5 3796 5429 3471
5984 2 2 0 5 5135 5616 3804
5985 2 2 0 5 4956 5535 5492
5986 2 2 0 5 5094 5390 5197
5987 2 2 0 5 5097 5100 5098
5988 2 2 0 5 5105 5569 5104
5989 2 2 0 5 5240 5472 5456
5990 2 2 0 5 1705 5057 5056
5991 2 2 0 5 3166 5005 3168
5992 2 2 0 5 3641 4931 3338
5993 2 2 0 5 4999 5000 3811
5994 2 2 0 5 5116 5573 5181
5995 2 2 0 5 2783 5050 2761
5996 2 2 0 5 2764 5143 3781
5997 2 2 0 5 2779 4974 2777
5998 2 2 0 5 3455 5485 3019
5999 2 2 0 5 2937 5388 3646
6000 2 2 0 5 5603 5619 5048
6001 2 2 0 5 5051 5613 5602
6002 2 2 0 5 5111 5480 5112
6003 2 2 0 5 5123 5530 5449
6004 2 2 0 5 4821 4985 4521
6005 2 2 0 5 5098 5100 5099
6006 2 2 0 5 5406 5473 1735
6007 2 2 0 5 2364 5134 2457
6008 2 2 0 5 4970 5129 2957
6009 2 2 0 5 3430 4998 4997
6010 2 2 0 5 5039 5491 5040
6011 2 2 0 5 5278 5509 1059
6012 2 2 0 5 5055 5140 1701
6013 2 2 0 5 2306 5153 1952
6014 2 2 0 5 2488 4996 2834
6015 2 2 0 5 4993 5188 2757
6016 2 2 0 5 5111 5112 3035
6017 2 2 0 5 5375 5537 5371
6018 2 2 0 5 5102 5204 1592
6019 2 2 0 5 5418 5591 2770
6020 2 2 0 5 5011 5127 3766
6021 2 2 0 5 5055 5056 3771
6022 2 2 0 5 1196 5091 1204
6023 2 2 0 5 2919 5448 2149
6024 2 2 0 5 2799 5089 2798
6025 2 2 0 5 4969 4970 2957
6026 2 2 0 5 4850 5432 5282
6027 2 2 0 5 5438 5524 5497
6028 2 2 0 5 2112 5270 1889
6029 2 2 0 5 3798 5431 3075
6030 2 2 0 5 5057 5174 3443
6031 2 2 0 5 3445 5177 3444
6032 2 2 0 5 3776 5340 5339
6033 2 2 0 5 5500 5566 5421
6034 2 2 0 5 2242 5195 3421
6035 2 2 0 5 2350 5501 2973
6036 2 2 0 5 3512 5190 2823
6037 2 2 0 5 3794 5395 5132
6038 2 2 0 5 1715 5126 1712
6039 2 2 0 5 1723 5113 1724
6040 2 2 0 5 2010 5249 2412
6041 2 2 0 5 2095 5144 2096
6042 2 2 0 5 2792 5275 2790
6043 2 2 0 5 5197 5390 3449
6044 2 2 0 5 4973 5129 4970
6045 2 2 0 5 4973 5539 5129
6046 2 2 0 5 5400 5440 5271
6047 2 2 0 5 5094 5197 2451
6048 2 2 0 5 3473 5191 4930
6049 2 2 0 5 5092 5439 5382
6050 2 2 0 5 5383 5523 5340
6051 2 2 0 5 5335 5548 1429
6052 2 2 0 5 1715 5181 5126
6053 2 2 0 5 4515 5006 4517
6054 2 2 0 5 1248 4994 2002
6055 2 2 0 5 1724 5113 1727
6056 2 2 0 5 2251 5312 3803
6057 2 2 0 5 2493 5424 2910
6058 2 2 0 5 3777 3778 2694
6059 2 2 0 5 5114 5551 3432
6060 2 2 0 5 5178 5469 3780
6061 2 2 0 5 1408 5034 1200
6062 2 2 0 5 1466 5102 1592
6063 2 2 0 5 984 5345 986
6064 2 2 0 5 1056 5192 2063
6065 2 2 0 5 3321 5518 2551
6066 2 2 0 5 3394 5550 2677
6067 2 2 0 5 2205 5403 2203
6068 2 2 0 5 2674 5058 3399
6069 2 2 0 5 2685 4965 2717
6070 2 2 0 5 2820 5114 3432
6071 2 2 0 5 5057 5385 5174
6072 2 2 0 5 972 5093 974
6073 2 2 0 5 1021 5535 5238
6074 2 2 0 5 2176 5194 1637
6075 2 2 0 5 2220 5311 2209
6076 2 2 0 5 3025 5187 2689
6077 2 2 0 5 3447 5380 5036
6078 2 2 0 5 3461 5241 5221
6079 2 2 0 5 3471 5429 3858
6080 2 2 0 5 4960 5196 4962
6081 2 2 0 5 3782 5499 5495
6082 2 2 0 5 5470 5639 5631
6083 2 2 0 5 3032 5623 2488
6084 2 2 0 5 3162 3653 3164
6085 2 2 0 5 4230 4231 3346
6086 2 2 0 5 4929 5195 5130
6087 2 2 0 5 1253 5106 1261
6088 2 2 0 5 2321 5183 2192
6089 2 2 0 5 5121 5472 1627
6090 2 2 0 5 2265 5066 2266
6091 2 2 0 5 2266 5523 5383
6092 2 2 0 5 2214 5304 2216
6093 2 2 0 5 2963 5351 2368
6094 2 2 0 5 4930 5568 3797
6095 2 2 0 5 5082 5088 5087
6096 2 2 0 5 5492 5535 5176
6097 2 2 0 5 5253 5484 5413
6098 2 2 0 5 5340 5523 5451
6099 2 2 0 5 994 5237 996
6100 2 2 0 5 1059 5509 5009
6101 2 2 0 5 1620 5123 1623
6102 2 2 0 5 1771 5133 2057
6103 2 2 0 5 2096 5145 2098
6104 2 2 0 5 2103 5039 2101
6105 2 2 0 5 2244 5125 2271
6106 2 2 0 5 3803 5184 2253
6107 2 2 0 5 2498 5066 2265
6108 2 2 0 5 2365 5174 2270
6109 2 2 0 5 3267 4993 2847
6110 2 2 0 5 3315 3316 2911
6111 2 2 0 5 3499 4116 3265
6112 2 2 0 5 4841 5160 3412
6113 2 2 0 5 4467 5155 3608
6114 2 2 0 5 5001 5434 3811
6115 2 2 0 5 5244 5404 5242
6116 2 2 0 5 4927 5652 3812
6117 2 2 0 5 4652 4945 3668
6118 2 2 0 5 1680 6289 1681
6119 2 2 0 5 5124 5141 1752
6120 2 2 0 5 2710 5465 5195
6121 2 2 0 5 2823 5190 3027
6122 2 2 0 5 5513 5552 3503
6123 2 2 0 5 3774 5293 5043
6124 2 2 0 5 3810 5434 5415
6125 2 2 0 5 5004 5006 4515
6126 2 2 0 5 4520 4521 4519
6127 2 2 0 5 5349 5351 5350
6128 2 2 0 5 1229 4994 1248
6129 2 2 0 5 1770 5284 5283
6130 2 2 0 5 2668 5270 2112
6131 2 2 0 5 2735 5467 2738
6132 2 2 0 5 3271 5361 3272
6133 2 2 0 5 3781 5142 5141
6134 2 2 0 5 2194 5193 1439
6135 2 2 0 5 1700 5297 1703
6136 2 2 0 5 1704 5343 1707
6137 2 2 0 5 2342 5127 5011
6138 2 2 0 5 3013 5447 2514
6139 2 2 0 5 2747 5224 2745
6140 2 2 0 5 2752 5188 2749
6141 2 2 0 5 2765 2766 2764
6142 2 2 0 5 3498 4974 2779
6143 2 2 0 5 3251 4999 2938
6144 2 2 0 5 3509 5571 5283
6145 2 2 0 5 5007 5499 3782
6146 2 2 0 5 1250 5486 995
6147 2 2 0 5 1058 5192 1056
6148 2 2 0 5 1233 5320 1234
6149 2 2 0 5 5104 5106 1405
6150 2 2 0 5 1635 5395 1636
6151 2 2 0 5 1914 5139 2174
6152 2 2 0 5 2507 5402 2100
6153 2 2 0 5 2349 5127 2114
6154 2 2 0 5 3496 5311 2220
6155 2 2 0 5 2240 5240 2710
6156 2 2 0 5 2248 5206 2427
6157 2 2 0 5 2516 5376 2296
6158 2 2 0 5 2532 2663 2305
6159 2 2 0 5 2420 5419 3795
6160 2 2 0 5 2703 5012 2517
6161 2 2 0 5 2521 5380 5337
6162 2 2 0 5 3438 5351 2963
6163 2 2 0 5 3448 5187 3025
6164 2 2 0 5 3047 5570 5514
6165 2 2 0 5 3459 5589 5568
6166 2 2 0 5 3472 5191 3473
6167 2 2 0 5 5246 5288 3474
6168 2 2 0 5 5121 5314 3791
6169 2 2 0 5 3795 5463 5325
6170 2 2 0 5 5195 5465 5130
6171 2 2 0 5 5034 5091 1200
6172 2 2 0 5 1422 5234 2454
6173 2 2 0 5 5204 5339 3031
6174 2 2 0 5 5103 5444 3502
6175 2 2 0 5 5102 5481 5339
6176 2 2 0 5 1951 5374 2303
6177 2 2 0 5 5304 5397 3442
6178 2 2 0 5 1134 5316 5131
6179 2 2 0 5 1200 5091 1196
6180 2 2 0 5 2706 5107 2704
6181 2 2 0 5 5371 5537 2713
6182 2 2 0 5 2723 5137 2725
6183 2 2 0 5 2760 2811 2756
6184 2 2 0 5 3428 5108 3472
6185 2 2 0 5 5205 5536 5521
6186 2 2 0 5 2249 5206 2248
6187 2 2 0 5 2680 5356 2682
6188 2 2 0 5 2755 5526 2846
6189 2 2 0 5 3625 5228 5227
6190 2 2 0 5 5037 5038 3895
6191 2 2 0 5 3018 5356 2680
6192 2 2 0 5 2786 5300 2784
6193 2 2 0 5 1022 5561 1021
6194 2 2 0 5 1952 5153 2300
6195 2 2 0 5 2275 5064 2304
6196 2 2 0 5 2340 2460 2339
6197 2 2 0 5 2461 5294 2460
6198 2 2 0 5 3166 3167 3165
6199 2 2 0 5 3166 5540 5005
6200 2 2 0 5 3250 5014 5013
6201 2 2 0 5 2521 5337 1033
6202 2 2 0 5 1605 1914 1607
6203 2 2 0 5 1674 5577 1676
6204 2 2 0 5 1709 5385 1706
6205 2 2 0 5 1745 5499 5007
6206 2 2 0 5 2187 2189 2188
6207 2 2 0 5 3778 5558 2694
6208 2 2 0 5 2751 5224 2747
6209 2 2 0 5 3266 3267 2847
6210 2 2 0 5 4969 4971 4970
6211 2 2 0 5 5292 5503 5112
6212 2 2 0 5 71 5329 70
6213 2 2 0 5 75 5331 74
6214 2 2 0 5 2784 5300 3498
6215 2 2 0 5 3425 5122 3423
6216 2 2 0 5 3502 5548 5103
6217 2 2 0 5 3798 5545 5431
6218 2 2 0 5 5074 5506 5356
6219 2 2 0 5 5274 5508 5105
6220 2 2 0 5 2109 3031 2712
6221 2 2 0 5 2306 5154 5153
6222 2 2 0 5 3289 5493 2795
6223 2 2 0 5 5133 5151 3457
6224 2 2 0 5 4903 4905 4904
6225 2 2 0 5 2267 5445 1226
6226 2 2 0 5 5270 5440 1889
6227 2 2 0 5 2303 5374 3032
6228 2 2 0 5 2663 5489 3709
6229 2 2 0 5 3052 5415 2762
6230 2 2 0 5 3463 5241 3461
6231 2 2 0 5 3789 5433 5313
6232 2 2 0 5 4522 5110 4519
6233 2 2 0 5 4908 4942 4907
6234 2 2 0 5 5050 5613 5051
6235 2 2 0 5 2794 3510 2792
6236 2 2 0 5 5131 5279 1134
6237 2 2 0 5 1592 5204 1895
6238 2 2 0 5 1693 1698 1697
6239 2 2 0 5 1707 5343 5060
6240 2 2 0 5 1719 5116 1716
6241 2 2 0 5 1729 5186 1769
6242 2 2 0 5 1751 5284 1756
6243 2 2 0 5 1767 1903 1766
6244 2 2 0 5 2196 5312 2251
6245 2 2 0 5 2216 5304 2247
6246 2 2 0 5 2261 5383 3776
6247 2 2 0 5 2271 2494 2493
6248 2 2 0 5 2686 5207 2684
6249 2 2 0 5 2740 2741 2739
6250 2 2 0 5 5435 5468 2744
6251 2 2 0 5 2757 5188 2752
6252 2 2 0 5 2768 2937 2782
6253 2 2 0 5 3027 3813 3812
6254 2 2 0 5 3492 3806 3037
6255 2 2 0 5 3041 5569 5397
6256 2 2 0 5 5052 5415 3052
6257 2 2 0 5 4148 5365 3086
6258 2 2 0 5 3099 5539 5306
6259 2 2 0 5 3102 5389 4062
6260 2 2 0 5 3503 4926 3342
6261 2 2 0 5 3694 4592 3391
6262 2 2 0 5 5058 5059 3399
6263 2 2 0 5 3456 5280 5131
6264 2 2 0 5 4929 5295 3467
6265 2 2 0 5 3781 5141 5124
6266 2 2 0 5 5196 5376 4978
6267 2 2 0 5 5092 5382 5091
6268 2 2 0 5 5442 5479 5194
6269 2 2 0 5 70 5329 916
6270 2 2 0 5 74 5331 902
6271 2 2 0 5 1224 5065 1199
6272 2 2 0 5 1716 5116 1715
6273 2 2 0 5 2195 5352 1725
6274 2 2 0 5 2196 2198 2197
6275 2 2 0 5 5235 5236 2243
6276 2 2 0 5 5296 5357 2246
6277 2 2 0 5 2427 5206 2662
6278 2 2 0 5 2733 5545 3247
6279 2 2 0 5 2820 3432 3125
6280 2 2 0 5 3038 3102 2833
6281 2 2 0 5 2910 3607 3315
6282 2 2 0 5 3316 3443 2911
6283 2 2 0 5 3089 3668 3088
6284 2 2 0 5 3484 5178 3089
6285 2 2 0 5 3463 5463 5241
6286 2 2 0 5 3497 3515 3514
6287 2 2 0 5 5352 5353 3785
6288 2 2 0 5 4485 4487 4486
6289 2 2 0 5 134 5254 133
6290 2 2 0 5 138 5256 137
6291 2 2 0 5 153 5261 152
6292 2 2 0 5 4592 5490 3391
6293 2 2 0 5 4175 4916 3595
6294 2 2 0 5 3780 5469 5055
6295 2 2 0 5 1774 5315 1899
6296 2 2 0 5 1899 2113 2021
6297 2 2 0 5 3029 5183 2321
6298 2 2 0 5 2347 2900 2348
6299 2 2 0 5 2759 5053 2783
6300 2 2 0 5 4481 4999 3251
6301 2 2 0 5 5289 5302 3384
6302 2 2 0 5 3438 5563 5350
6303 2 2 0 5 3468 5580 5567
6304 2 2 0 5 5046 5047 5045
6305 2 2 0 5 5102 5339 5204
6306 2 2 0 5 5461 5464 5184
6307 2 2 0 5 1133 1134 1131
6308 2 2 0 5 1212 5173 2267
6309 2 2 0 5 2955 4967 4966
6310 2 2 0 5 3774 5448 5293
6311 2 2 0 5 3787 5286 5252
6312 2 2 0 5 991 1493 989
6313 2 2 0 5 1030 5337 1029
6314 2 2 0 5 1252 5309 1235
6315 2 2 0 5 1424 5234 1422
6316 2 2 0 5 1701 5140 1698
6317 2 2 0 5 1705 5056 1702
6318 2 2 0 5 1707 5189 1708
6319 2 2 0 5 2180 5239 5182
6320 2 2 0 5 2277 5064 2275
6321 2 2 0 5 2771 5444 2458
6322 2 2 0 5 2833 5424 2493
6323 2 2 0 5 2693 2812 2694
6324 2 2 0 5 2734 5467 2735
6325 2 2 0 5 2748 2750 2749
6326 2 2 0 5 5045 5053 2750
6327 2 2 0 5 2759 2760 2756
6328 2 2 0 5 3102 3608 2833
6329 2 2 0 5 3441 3492 3037
6330 2 2 0 5 3046 5444 5103
6331 2 2 0 5 3099 5159 5158
6332 2 2 0 5 3625 3626 3320
6333 2 2 0 5 3883 3981 3360
6334 2 2 0 5 3452 5268 3453
6335 2 2 0 5 5108 5109 3472
6336 2 2 0 5 4651 4652 3668
6337 2 2 0 5 3770 5508 5274
6338 2 2 0 5 5002 5417 5001
6339 2 2 0 5 5223 5609 5222
6340 2 2 0 5 2114 5127 2021
6341 2 2 0 5 5179 5250 2206
6342 2 2 0 5 5320 5405 3474
6343 2 2 0 5 1607 5248 1491
6344 2 2 0 5 2175 2704 1723
6345 2 2 0 5 1729 1731 1730
6346 2 2 0 5 2711 5285 1744
6347 2 2 0 5 1761 5370 2718
6348 2 2 0 5 2186 2672 1904
6349 2 2 0 5 2212 5446 3041
6350 2 2 0 5 2709 3493 3460
6351 2 2 0 5 2718 3790 2763
6352 2 2 0 5 2938 3810 2782
6353 2 2 0 5 3020 3407 3019
6354 2 2 0 5 3405 4828 4827
6355 2 2 0 5 1166 5231 1163
6356 2 2 0 5 1261 5446 2208
6357 2 2 0 5 3045 5595 5571
6358 2 2 0 5 3412 5160 3414
6359 2 2 0 5 2371 5403 2205
6360 2 2 0 5 2487 5355 2302
6361 2 2 0 5 2528 5459 2371
6362 2 2 0 5 3021 3600 3319
6363 2 2 0 5 3552 5301 3551
6364 2 2 0 5 3551 5302 5289
6365 2 2 0 5 3577 5037 3895
6366 2 2 0 5 4986 4987 4522
6367 2 2 0 5 996 5237 1015
6368 2 2 0 5 1154 1156 1155
6369 2 2 0 5 1159 1161 1160
6370 2 2 0 5 1199 4995 1190
6371 2 2 0 5 1470 2273 1577
6372 2 2 0 5 1699 5297 1700
6373 2 2 0 5 1703 5343 1704
6374 2 2 0 5 5297 5298 1703
6375 2 2 0 5 2244 2270 1709
6376 2 2 0 5 1741 1744 1743
6377 2 2 0 5 1750 5475 1746
6378 2 2 0 5 1751 1752 1749
6379 2 2 0 5 1765 1767 1766
6380 2 2 0 5 2109 5204 3031
6381 2 2 0 5 2714 5322 2202
6382 2 2 0 5 2229 4849 2228
6383 2 2 0 5 2261 3776 2259
6384 2 2 0 5 2466 2505 2301
6385 2 2 0 5 2458 5444 2456
6386 2 2 0 5 2764 3781 2719
6387 2 2 0 5 2744 2746 2745
6388 2 2 0 5 2761 2762 2760
6389 2 2 0 5 5112 5533 3035
6390 2 2 0 5 3316 3445 3444
6391 2 2 0 5 4932 4933 3343
6392 2 2 0 5 3384 5302 4188
6393 2 2 0 5 5301 5302 3551
6394 2 2 0 5 5000 5001 3811
6395 2 2 0 5 4148 5367 5365
6396 2 2 0 5 5175 5176 4944
6397 2 2 0 5 2238 5034 1408
6398 2 2 0 5 2206 5250 2201
6399 2 2 0 5 2202 2204 2203
6400 2 2 0 5 2676 3017 3016
6401 2 2 0 5 4824 5595 3045
6402 2 2 0 5 3787 5252 3451
6403 2 2 0 5 3781 5143 5142
6404 2 2 0 5 3793 5473 5406
6405 2 2 0 5 1218 1219 1217
6406 2 2 0 5 1217 5156 2234
6407 2 2 0 5 1236 5445 1254
6408 2 2 0 5 1753 5205 1739
6409 2 2 0 5 1744 1747 1746
6410 2 2 0 5 1749 5141 1755
6411 2 2 0 5 1756 1757 1752
6412 2 2 0 5 1758 1759 1757
6413 2 2 0 5 1762 1763 1761
6414 2 2 0 5 1762 5375 5371
6415 2 2 0 5 1767 1904 1903
6416 2 2 0 5 1769 5273 2723
6417 2 2 0 5 3474 5288 2189
6418 2 2 0 5 2203 5403 2206
6419 2 2 0 5 2514 2515 2513
6420 2 2 0 5 3397 5522 2673
6421 2 2 0 5 2708 3773 2706
6422 2 2 0 5 2725 5137 3433
6423 2 2 0 5 3770 5564 3033
6424 2 2 0 5 3858 5095 3470
6425 2 2 0 5 3493 5266 5218
6426 2 2 0 5 5419 5463 3795
6427 2 2 0 5 3813 4913 3812
6428 2 2 0 5 5246 5405 5244
6429 2 2 0 5 990 991 989
6430 2 2 0 5 1073 5321 1067
6431 2 2 0 5 1130 1177 1126
6432 2 2 0 5 1127 1132 1131
6433 2 2 0 5 1134 5279 1131
6434 2 2 0 5 1136 5281 1137
6435 2 2 0 5 1140 5347 1141
6436 2 2 0 5 2227 2228 1142
6437 2 2 0 5 1144 1146 1145
6438 2 2 0 5 1146 1148 1147
6439 2 2 0 5 1148 1150 1149
6440 2 2 0 5 2230 5232 1149
6441 2 2 0 5 1152 1154 1153
6442 2 2 0 5 1156 1159 1158
6443 2 2 0 5 1161 1164 1163
6444 2 2 0 5 1164 1167 1165
6445 2 2 0 5 1170 1171 1169
6446 2 2 0 5 1172 1173 1171
6447 2 2 0 5 1197 1198 1173
6448 2 2 0 5 2231 2232 1177
6449 2 2 0 5 1214 1216 1215
6450 2 2 0 5 1218 1220 1219
6451 2 2 0 5 1233 1234 1232
6452 2 2 0 5 2207 5309 1252
6453 2 2 0 5 5292 5480 1404
6454 2 2 0 5 1492 1606 1605
6455 2 2 0 5 1621 5240 2240
6456 2 2 0 5 2204 2369 2205
6457 2 2 0 5 2221 5341 2411
6458 2 2 0 5 2233 2446 2232
6459 2 2 0 5 3393 3394 2677
6460 2 2 0 5 2714 5288 5246
6461 2 2 0 5 5407 5538 2765
6462 2 2 0 5 3015 3411 3410
6463 2 2 0 5 3724 4639 3375
6464 2 2 0 5 5244 5405 5404
6465 2 2 0 5 988 1072 990
6466 2 2 0 5 1021 5561 5535
6467 2 2 0 5 1387 1389 1388
6468 2 2 0 5 1430 5423 1431
6469 2 2 0 5 1915 5421 1607
6470 2 2 0 5 5116 5181 1715
6471 2 2 0 5 1747 1749 1748
6472 2 2 0 5 3489 5375 1758
6473 2 2 0 5 1770 5283 3801
6474 2 2 0 5 2117 2424 2422
6475 2 2 0 5 3010 3403 2515
6476 2 2 0 5 2989 2990 2528
6477 2 2 0 5 2735 2738 2737
6478 2 2 0 5 2775 3045 3044
6479 2 2 0 5 5339 5340 3031
6480 2 2 0 5 5051 5052 3052
6481 2 2 0 5 3486 5464 5061
6482 2 2 0 5 5514 5570 3496
6483 2 2 0 5 4947 5453 4948
6484 2 2 0 5 5058 5060 5059
6485 2 2 0 5 5210 5213 5212
6486 2 2 0 5 5438 5497 5437
6487 2 2 0 5 1133 1136 1135
6488 2 2 0 5 1257 1258 1256
6489 2 2 0 5 1449 5101 1451
6490 2 2 0 5 1627 5314 5121
6491 2 2 0 5 1914 2174 2095
6492 2 2 0 5 2098 2099 2097
6493 2 2 0 5 3041 5304 2214
6494 2 2 0 5 2446 3014 2447
6495 2 2 0 5 2580 5119 3259
6496 2 2 0 5 2957 5129 2778
6497 2 2 0 5 1028 1030 1029
6498 2 2 0 5 1439 1441 1440
6499 2 2 0 5 1467 5481 5102
6500 2 2 0 5 1774 1899 1898
6501 2 2 0 5 1774 5494 5315
6502 2 2 0 5 2096 2097 1915
6503 2 2 0 5 2347 2348 2114
6504 2 2 0 5 2296 5376 2185
6505 2 2 0 5 2278 5488 2340
6506 2 2 0 5 3766 5127 2349
6507 2 2 0 5 2453 5478 5427
6508 2 2 0 5 5433 5527 2729
6509 2 2 0 5 2787 2789 2788
6510 2 2 0 5 3827 3829 3828
6511 2 2 0 5 3829 5416 3830
6512 2 2 0 5 5179 5180 3829
6513 2 2 0 5 4911 4912 4910
6514 2 2 0 5 2100 2101 2099
6515 2 2 0 5 2104 2105 2103
6516 2 2 0 5 2320 5119 2580
6517 2 2 0 5 2320 5250 5119
6518 2 2 0 5 2907 5067 2341
6519 2 2 0 5 2900 5501 2348
6520 2 2 0 5 2962 2963 2368
6521 2 2 0 5 2685 2717 2716
6522 2 2 0 5 2789 2791 2790
6523 2 2 0 5 5119 5179 3827
6524 2 2 0 5 4231 5118 5117
6525 2 2 0 5 4972 4973 4970
6526 2 2 0 5 5034 5092 5091
6527 2 2 0 5 5077 5078 5076
6528 2 2 0 5 1623 5123 2173
6529 2 2 0 5 1899 2021 2020
6530 2 2 0 5 2008 3035 2010
6531 2 2 0 5 2412 3475 2009
6532 2 2 0 5 2113 2114 2021
6533 2 2 0 5 2113 5315 2720
6534 2 2 0 5 3792 5534 5093
6535 2 2 0 5 4517 4519 4518
6536 2 2 0 5 5260 5264 5263
6537 2 2 0 5 2717 2778 2777
6538 2 2 0 5 2723 5273 5137
6539 2 2 0 5 3433 3434 2727
6540 2 2 0 5 5275 5441 2790
6541 2 2 0 5 2791 2793 2792
6542 2 2 0 5 2955 5207 4967
6543 2 2 0 5 3408 3916 3356
6544 2 2 0 5 5387 5578 3511
6545 2 2 0 5 5137 5273 3773
6546 2 2 0 5 3776 5383 5340
6547 2 2 0 5 3917 3954 3916
6548 2 2 0 5 4515 4517 4516
6549 2 2 0 5 4987 5110 4522
6550 2 2 0 5 1006 5342 1009
6551 2 2 0 5 1702 5056 1701
6552 2 2 0 5 1714 5386 1717
6553 2 2 0 5 1717 5218 5217
6554 2 2 0 5 1738 5495 1736
6555 2 2 0 5 1737 1753 1739
6556 2 2 0 5 1741 2711 1744
6557 2 2 0 5 1760 5124 1757
6558 2 2 0 5 1759 1762 1761
6559 2 2 0 5 1766 5370 1763
6560 2 2 0 5 1903 5426 1766
6561 2 2 0 5 2000 2001 1768
6562 2 2 0 5 2343 5502 2020
6563 2 2 0 5 2098 5145 2507
6564 2 2 0 5 2422 2423 2118
6565 2 2 0 5 5217 5266 2175
6566 2 2 0 5 2254 2256 2255
6567 2 2 0 5 2342 5011 2550
6568 2 2 0 5 2348 2350 2349
6569 2 2 0 5 2350 2836 2835
6570 2 2 0 5 2465 2820 2464
6571 2 2 0 5 2512 2514 2513
6572 2 2 0 5 2674 3398 3397
6573 2 2 0 5 2746 2758 2748
6574 2 2 0 5 2768 2782 2781
6575 2 2 0 5 3265 3266 2847
6576 2 2 0 5 3373 3375 2977
6577 2 2 0 5 5072 5073 3018
6578 2 2 0 5 3486 5007 3441
6579 2 2 0 5 3441 3782 3492
6580 2 2 0 5 3449 5354 5197
6581 2 2 0 5 3492 5512 3807
6582 2 2 0 5 3695 4484 3694
6583 2 2 0 5 4062 4531 4061
6584 2 2 0 5 5000 5002 5001
6585 2 2 0 5 5046 5048 5047
6586 2 2 0 5 5115 5590 5533
6587 2 2 0 5 5131 5280 5279
6588 2 2 0 5 5149 5460 5147
6589 2 2 0 5 5138 5220 1052
6590 2 2 0 5 1431 5423 5348
6591 2 2 0 5 2100 2102 2101
6592 2 2 0 5 2339 2653 2277
6593 2 2 0 5 2348 5501 2350
6594 2 2 0 5 2412 3476 3475
6595 2 2 0 5 2970 3019 2526
6596 2 2 0 5 5040 5041 2769
6597 2 2 0 5 2838 3295 3076
6598 2 2 0 5 3733 4963 2974
6599 2 2 0 5 3259 5119 3827
6600 2 2 0 5 3456 5131 3822
6601 2 2 0 5 3477 3478 3476
6602 2 2 0 5 5316 5432 3822
6603 2 2 0 5 4952 5035 4951
6604 2 2 0 5 5041 5566 5500
6605 2 2 0 5 986 987 985
6606 2 2 0 5 1176 5398 1167
6607 2 2 0 5 1218 5242 1220
6608 2 2 0 5 1234 1257 1256
6609 2 2 0 5 2102 2103 2101
6610 2 2 0 5 2269 5039 2103
6611 2 2 0 5 2174 5625 2426
6612 2 2 0 5 2204 3042 2369
6613 2 2 0 5 2730 3043 2459
6614 2 2 0 5 2958 2989 2528
6615 2 2 0 5 2676 5280 3456
6616 2 2 0 5 3017 3401 3016
6617 2 2 0 5 3779 5115 3029
6618 2 2 0 5 5322 5323 3042
6619 2 2 0 5 4822 4823 3394
6620 2 2 0 5 3767 5010 3766
6621 2 2 0 5 5119 5250 5179
6622 2 2 0 5 1127 1131 1130
6623 2 2 0 5 1133 1135 1134
6624 2 2 0 5 1136 1137 1135
6625 2 2 0 5 1140 1141 1139
6626 2 2 0 5 1141 1143 1142
6627 2 2 0 5 1146 1147 1145
6628 2 2 0 5 1147 5232 1162
6629 2 2 0 5 1161 1163 1160
6630 2 2 0 5 1220 1221 1219
6631 2 2 0 5 1222 1231 1221
6632 2 2 0 5 1420 1470 1469
6633 2 2 0 5 1606 5139 1605
6634 2 2 0 5 1692 1693 1630
6635 2 2 0 5 1699 5466 5299
6636 2 2 0 5 2673 5386 1713
6637 2 2 0 5 1717 1718 1716
6638 2 2 0 5 1718 1720 1719
6639 2 2 0 5 4992 5116 1719
6640 2 2 0 5 1735 1736 1734
6641 2 2 0 5 2021 5127 2342
6642 2 2 0 5 2174 2426 2095
6643 2 2 0 5 2102 2554 2104
6644 2 2 0 5 2196 2251 2198
6645 2 2 0 5 2202 5322 2204
6646 2 2 0 5 4849 4850 2228
6647 2 2 0 5 2446 2447 2232
6648 2 2 0 5 2251 2253 2252
6649 2 2 0 5 2478 5272 2252
6650 2 2 0 5 2653 5064 2277
6651 2 2 0 5 2370 2380 2371
6652 2 2 0 5 2457 5134 2967
6653 2 2 0 5 2677 2730 2459
6654 2 2 0 5 2466 3087 3086
6655 2 2 0 5 2726 5369 2724
6656 2 2 0 5 2730 3495 3043
6657 2 2 0 5 2748 2749 2747
6658 2 2 0 5 2749 5188 2751
6659 2 2 0 5 2753 2755 2752
6660 2 2 0 5 2753 5053 2759
6661 2 2 0 5 2756 5526 2755
6662 2 2 0 5 2755 2846 2757
6663 2 2 0 5 2781 5143 2766
6664 2 2 0 5 2973 2974 2836
6665 2 2 0 5 2846 3265 2847
6666 2 2 0 5 3015 3410 3409
6667 2 2 0 5 5253 5413 3039
6668 2 2 0 5 3044 3509 3500
6669 2 2 0 5 3087 3089 3088
6670 2 2 0 5 3102 4062 4061
6671 2 2 0 5 3250 5015 5014
6672 2 2 0 5 3316 3444 3443
6673 2 2 0 5 3444 3780 3771
6674 2 2 0 5 5000 5003 5002
6675 2 2 0 5 5091 5382 1204
6676 2 2 0 5 1951 2303 2302
6677 2 2 0 5 2970 3020 3019
6678 2 2 0 5 3573 3576 3574
6679 2 2 0 5 1430 1431 1249
6680 2 2 0 5 1260 2254 1467
6681 2 2 0 5 1412 5384 1410
6682 2 2 0 5 2062 3449 3040
6683 2 2 0 5 2240 2710 2242
6684 2 2 0 5 2969 2970 2526
6685 2 2 0 5 2789 3237 2791
6686 2 2 0 5 2910 5424 3607
6687 2 2 0 5 3282 5359 5358
6688 2 2 0 5 3469 5456 5121
6689 2 2 0 5 3497 5488 5324
6690 2 2 0 5 3695 4485 4484
6691 2 2 0 5 114 968 967
6692 2 2 0 5 133 5254 898
6693 2 2 0 5 135 5255 944
6694 2 2 0 5 137 5256 907
6695 2 2 0 5 142 5257 901
6696 2 2 0 5 143 5258 5257
6697 2 2 0 5 145 5259 934
6698 2 2 0 5 152 5261 905
6699 2 2 0 5 970 972 971
6700 2 2 0 5 972 974 973
6701 2 2 0 5 974 976 975
6702 2 2 0 5 976 978 977
6703 2 2 0 5 978 980 979
6704 2 2 0 5 980 982 981
6705 2 2 0 5 982 984 983
6706 2 2 0 5 1901 5235 983
6707 2 2 0 5 984 986 985
6708 2 2 0 5 988 990 989
6709 2 2 0 5 990 992 991
6710 2 2 0 5 992 994 993
6711 2 2 0 5 2272 5237 994
6712 2 2 0 5 1000 1002 1001
6713 2 2 0 5 2245 5290 1002
6714 2 2 0 5 1004 1006 1005
6715 2 2 0 5 5269 5597 1005
6716 2 2 0 5 1006 1009 1007
6717 2 2 0 5 1008 5342 1006
6718 2 2 0 5 1009 1011 1010
6719 2 2 0 5 1011 1013 1012
6720 2 2 0 5 2226 5291 1012
6721 2 2 0 5 1013 1016 1014
6722 2 2 0 5 1021 5238 1017
6723 2 2 0 5 1019 5199 1020
6724 2 2 0 5 1024 1027 1026
6725 2 2 0 5 1028 1031 1030
6726 2 2 0 5 1059 4921 1039
6727 2 2 0 5 1043 1045 1044
6728 2 2 0 5 1054 5138 1052
6729 2 2 0 5 1067 5321 3459
6730 2 2 0 5 1210 5173 1212
6731 2 2 0 5 1235 1251 1225
6732 2 2 0 5 3406 4994 1229
6733 2 2 0 5 1263 1423 1422
6734 2 2 0 5 1423 1425 1424
6735 2 2 0 5 1439 5193 1441
6736 2 2 0 5 1579 1617 1580
6737 2 2 0 5 2180 2181 1617
6738 2 2 0 5 1621 2239 1619
6739 2 2 0 5 1620 1623 1622
6740 2 2 0 5 1623 1625 1624
6741 2 2 0 5 1625 5349 1626
6742 2 2 0 5 1637 5194 1634
6743 2 2 0 5 1639 1887 1640
6744 2 2 0 5 5413 5484 1640
6745 2 2 0 5 1887 2004 1888
6746 2 2 0 5 5063 5636 1901
6747 2 2 0 5 2115 2305 2004
6748 2 2 0 5 2017 2091 2018
6749 2 2 0 5 5221 5241 2017
6750 2 2 0 5 2184 5354 2018
6751 2 2 0 5 2057 5133 2470
6752 2 2 0 5 2062 5354 3449
6753 2 2 0 5 2182 5182 2524
6754 2 2 0 5 2206 5403 5180
6755 2 2 0 5 2294 2368 2236
6756 2 2 0 5 2295 2359 2296
6757 2 2 0 5 2551 3050 2343
6758 2 2 0 5 2359 5305 2360
6759 2 2 0 5 2427 2662 2660
6760 2 2 0 5 2457 2482 2458
6761 2 2 0 5 2485 5289 2469
6762 2 2 0 5 2470 5133 3457
6763 2 2 0 5 2524 3439 2968
6764 2 2 0 5 3019 5485 2526
6765 2 2 0 5 2732 5489 2532
6766 2 2 0 5 2663 3462 3461
6767 2 2 0 5 2688 3024 2689
6768 2 2 0 5 5187 5442 2689
6769 2 2 0 5 3501 3502 2771
6770 2 2 0 5 2970 3021 3020
6771 2 2 0 5 3040 5252 3039
6772 2 2 0 5 3074 3351 3075
6773 2 2 0 5 3295 4514 3929
6774 2 2 0 5 4468 5518 3321
6775 2 2 0 5 3322 4167 3609
6776 2 2 0 5 5122 5401 3423
6777 2 2 0 5 3424 3426 3425
6778 2 2 0 5 3494 5122 3425
6779 2 2 0 5 3430 5206 4998
6780 2 2 0 5 3805 4935 3440
6781 2 2 0 5 3764 4909 3446
6782 2 2 0 5 3765 5268 3452
6783 2 2 0 5 3453 3788 3787
6784 2 2 0 5 3454 4958 4957
6785 2 2 0 5 4907 4910 3455
6786 2 2 0 5 3709 3710 3462
6787 2 2 0 5 3471 3858 3470
6788 2 2 0 5 3478 3479 3476
6789 2 2 0 5 3994 5166 3478
6790 2 2 0 5 5335 5396 3483
6791 2 2 0 5 3594 3595 3504
6792 2 2 0 5 3625 5226 3626
6793 2 2 0 5 3908 4456 3655
6794 2 2 0 5 3777 5605 3778
6795 2 2 0 5 5495 5512 3782
6796 2 2 0 5 3787 5478 5286
6797 2 2 0 5 4953 4954 3788
6798 2 2 0 5 5450 5534 3792
6799 2 2 0 5 5336 5395 3794
6800 2 2 0 5 5326 5327 3796
6801 2 2 0 5 5431 5545 3800
6802 2 2 0 5 4416 5210 5209
6803 2 2 0 5 4954 4956 4955
6804 2 2 0 5 5427 5478 4955
6805 2 2 0 5 4955 5492 5427
6806 2 2 0 5 4962 4976 4975
6807 2 2 0 5 5069 5070 5068
6808 2 2 0 5 5210 5212 5211
6809 2 2 0 5 1058 5430 5192
6810 2 2 0 5 2469 5289 2472
6811 2 2 0 5 2834 3605 3604
6812 2 2 0 5 5135 5634 3049
6813 2 2 0 5 3477 3480 3478
6814 2 2 0 5 3795 5325 3796
6815 2 2 0 5 2662 5206 3430
6816 2 2 0 5 2714 5246 5245
6817 2 2 0 5 2778 5129 2780
6818 2 2 0 5 3351 3798 3075
6819 2 2 0 5 3121 3637 3122
6820 2 2 0 5 3250 5013 3121
6821 2 2 0 5 3426 5509 4925
6822 2 2 0 5 3480 4915 4097
6823 2 2 0 5 3637 4020 3729
6824 2 2 0 5 5180 5416 3829
6825 2 2 0 5 4515 4516 4514
6826 2 2 0 5 4986 4988 4987
6827 2 2 0 5 3482 5381 1189
6828 2 2 0 5 1239 2721 1224
6829 2 2 0 5 2360 2516 2296
6830 2 2 0 5 2817 2818 2413
6831 2 2 0 5 2465 5128 2822
6832 2 2 0 5 3551 5289 2485
6833 2 2 0 5 2684 5207 2955
6834 2 2 0 5 2823 2824 2821
6835 2 2 0 5 3021 3022 3020
6836 2 2 0 5 4640 4641 3371
6837 2 2 0 5 5310 5311 3496
6838 2 2 0 5 4067 5301 3552
6839 2 2 0 5 3905 3906 3577
6840 2 2 0 5 5339 5481 3776
6841 2 2 0 5 5072 5085 5073
6842 2 2 0 5 970 3792 972
6843 2 2 0 5 1414 1415 1412
6844 2 2 0 5 1413 5391 1416
6845 2 2 0 5 2472 3384 2917
6846 2 2 0 5 4069 4070 2668
6847 2 2 0 5 2673 5522 5386
6848 2 2 0 5 2784 3498 2779
6849 2 2 0 5 2973 3733 2974
6850 2 2 0 5 3132 3186 3185
6851 2 2 0 5 3272 5360 3274
6852 2 2 0 5 3274 3277 3276
6853 2 2 0 5 3277 3280 3278
6854 2 2 0 5 3550 4161 4160
6855 2 2 0 5 4919 4920 3575
6856 2 2 0 5 3814 5614 5593
6857 2 2 0 5 1009 1010 1007
6858 2 2 0 5 1009 5342 2309
6859 2 2 0 5 1229 1248 1230
6860 2 2 0 5 1441 1589 1443
6861 2 2 0 5 2788 3508 2786
6862 2 2 0 5 2955 4966 4965
6863 2 2 0 5 3451 5252 3040
6864 2 2 0 5 3418 3419 3417
6865 2 2 0 5 3419 3519 3518
6866 2 2 0 5 3453 3787 3451
6867 2 2 0 5 5109 5191 3472
6868 2 2 0 5 4912 5643 4910
6869 2 2 0 5 1040 1059 1039
6870 2 2 0 5 1048 5220 1046
6871 2 2 0 5 1049 1074 1051
6872 2 2 0 5 1425 1426 1424
6873 2 2 0 5 1623 2173 1625
6874 2 2 0 5 2182 2523 2341
6875 2 2 0 5 2359 2360 2296
6876 2 2 0 5 3022 5062 3020
6877 2 2 0 5 3024 3764 3446
6878 2 2 0 5 3247 3908 3655
6879 2 2 0 5 3804 3805 3440
6880 2 2 0 5 5378 5450 3792
6881 2 2 0 5 5555 5567 5422
6882 2 2 0 5 970 5378 3792
6883 2 2 0 5 1027 1028 1026
6884 2 2 0 5 1176 5482 5398
6885 2 2 0 5 1190 4995 1188
6886 2 2 0 5 1227 1239 1224
6887 2 2 0 5 1249 5372 1230
6888 2 2 0 5 1241 5439 5438
6889 2 2 0 5 1433 5348 1502
6890 2 2 0 5 1951 1952 1601
6891 2 2 0 5 1895 5204 2109
6892 2 2 0 5 2101 2769 2099
6893 2 2 0 5 2182 2524 2523
6894 2 2 0 5 2427 2660 2428
6895 2 2 0 5 2470 2922 2485
6896 2 2 0 5 2728 2772 2726
6897 2 2 0 5 2785 2787 2786
6898 2 2 0 5 2787 2788 2786
6899 2 2 0 5 2797 2799 2798
6900 2 2 0 5 2974 3101 3100
6901 2 2 0 5 5252 5253 3039
6902 2 2 0 5 3916 4011 3356
6903 2 2 0 5 3415 3465 3413
6904 2 2 0 5 3414 3762 3416
6905 2 2 0 5 3915 3946 3458
6906 2 2 0 5 3519 4878 3518
6907 2 2 0 5 3729 3953 3730
6908 2 2 0 5 4954 4955 3788
6909 2 2 0 5 3827 3828 3826
6910 2 2 0 5 4517 4518 4516
6911 2 2 0 5 4989 4990 4988
6912 2 2 0 5 5146 5148 5147
6913 2 2 0 5 1415 5384 1412
6914 2 2 0 5 1416 1418 1417
6915 2 2 0 5 1418 1420 1419
6916 2 2 0 5 1447 1449 1448
6917 2 2 0 5 1741 1743 1740
6918 2 2 0 5 1752 5141 1749
6919 2 2 0 5 5141 5142 1755
6920 2 2 0 5 1756 1770 1758
6921 2 2 0 5 1759 1760 1757
6922 2 2 0 5 1759 5375 1762
6923 2 2 0 5 1761 2718 1760
6924 2 2 0 5 1763 5370 1761
6925 2 2 0 5 1764 2000 1768
6926 2 2 0 5 1766 5426 5370
6927 2 2 0 5 1904 2117 1903
6928 2 2 0 5 2179 5058 2674
6929 2 2 0 5 2260 2261 2259
6930 2 2 0 5 3461 5221 2305
6931 2 2 0 5 3470 5305 2359
6932 2 2 0 5 2680 2681 2450
6933 2 2 0 5 2718 2763 2719
6934 2 2 0 5 2759 2783 2761
6935 2 2 0 5 2763 2765 2764
6936 2 2 0 5 2765 2767 2766
6937 2 2 0 5 2937 3251 2938
6938 2 2 0 5 3405 4827 4826
6939 2 2 0 5 3416 3418 3417
6940 2 2 0 5 3730 5487 5066
6941 2 2 0 5 5426 5531 3790
6942 2 2 0 5 996 1015 998
6943 2 2 0 5 1017 5238 1014
6944 2 2 0 5 1024 1025 1022
6945 2 2 0 5 1060 1062 1058
6946 2 2 0 5 1144 1145 1143
6947 2 2 0 5 1150 1151 1149
6948 2 2 0 5 1165 2280 1166
6949 2 2 0 5 3487 5231 1166
6950 2 2 0 5 1168 3134 1170
6951 2 2 0 5 1198 1213 1173
6952 2 2 0 5 1216 5319 1228
6953 2 2 0 5 1418 1694 1420
6954 2 2 0 5 1451 5101 1596
6955 2 2 0 5 1896 2167 1593
6956 2 2 0 5 2710 5195 2242
6957 2 2 0 5 2257 2260 2259
6958 2 2 0 5 2260 2262 2261
6959 2 2 0 5 2262 2264 2263
6960 2 2 0 5 2278 2340 2339
6961 2 2 0 5 2717 2957 2778
6962 2 2 0 5 2794 5225 3510
6963 2 2 0 5 2798 3517 3513
6964 2 2 0 5 2978 3706 3374
6965 2 2 0 5 3520 3763 3054
6966 2 2 0 5 3412 3414 3413
6967 2 2 0 5 3501 3799 3502
6968 2 2 0 5 3605 4946 4595
6969 2 2 0 5 4521 4522 4519
6970 2 2 0 5 4640 4755 4641
6971 2 2 0 5 5080 5083 5082
6972 2 2 0 5 5083 5084 5082
6973 2 2 0 5 1035 1036 1034
6974 2 2 0 5 1037 1038 1036
6975 2 2 0 5 1038 1040 1039
6976 2 2 0 5 1041 1042 1040
6977 2 2 0 5 1043 1044 1042
6978 2 2 0 5 1045 1046 1044
6979 2 2 0 5 1060 1063 1062
6980 2 2 0 5 1426 1696 1424
6981 2 2 0 5 1613 5104 1496
6982 2 2 0 5 1631 1632 1628
6983 2 2 0 5 1632 1634 1633
6984 2 2 0 5 2209 5311 2207
6985 2 2 0 5 2219 5267 2213
6986 2 2 0 5 2984 3033 2430
6987 2 2 0 5 2457 2458 2456
6988 2 2 0 5 3422 3423 2690
6989 2 2 0 5 2822 3512 2823
6990 2 2 0 5 3028 3357 2824
6991 2 2 0 5 3027 3812 3028
6992 2 2 0 5 4086 4087 3125
6993 2 2 0 5 3421 4929 3467
6994 2 2 0 5 3424 3425 3423
6995 2 2 0 5 3447 3466 3448
6996 2 2 0 5 3453 5268 4953
6997 2 2 0 5 3473 3797 3505
6998 2 2 0 5 3516 3818 3512
6999 2 2 0 5 4918 4919 3575
7000 2 2 0 5 5274 5564 3770
7001 2 2 0 5 5325 5326 3796
7002 2 2 0 5 4956 5492 4955
7003 2 2 0 5 4976 4977 4975
7004 2 2 0 5 1000 2245 1002
7005 2 2 0 5 1002 5290 1004
7006 2 2 0 5 1014 2226 1012
7007 2 2 0 5 1013 1018 1016
7008 2 2 0 5 1020 1021 1017
7009 2 2 0 5 1020 5199 1023
7010 2 2 0 5 1262 5321 1073
7011 2 2 0 5 1204 1227 1224
7012 2 2 0 5 1445 5620 5618
7013 2 2 0 5 1451 1596 1453
7014 2 2 0 5 1465 5373 1573
7015 2 2 0 5 1497 1615 1614
7016 2 2 0 5 2300 5287 1601
7017 2 2 0 5 1951 2302 1952
7018 2 2 0 5 2092 2185 2184
7019 2 2 0 5 5564 5583 2268
7020 2 2 0 5 2303 2487 2302
7021 2 2 0 5 5402 5460 2554
7022 2 2 0 5 2663 3709 3462
7023 2 2 0 5 3407 4908 4907
7024 2 2 0 5 3457 5151 3915
7025 2 2 0 5 5187 5479 5442
7026 2 2 0 5 5285 5581 5284
7027 2 2 0 5 1227 1241 1240
7028 2 2 0 5 1409 1410 1408
7029 2 2 0 5 1413 1414 1412
7030 2 2 0 5 1769 2723 2722
7031 2 2 0 5 2723 2725 2724
7032 2 2 0 5 2772 5369 2726
7033 2 2 0 5 2728 3011 2773
7034 2 2 0 5 3044 3500 2774
7035 2 2 0 5 3101 3986 3985
7036 2 2 0 5 5511 5522 3397
7037 2 2 0 5 3399 3400 3398
7038 2 2 0 5 5087 5506 5079
7039 2 2 0 5 1230 5372 2715
7040 2 2 0 5 1431 1432 1249
7041 2 2 0 5 1435 1437 1436
7042 2 2 0 5 1437 1438 1436
7043 2 2 0 5 1449 1450 1448
7044 2 2 0 5 1599 1771 1598
7045 2 2 0 5 1604 1629 1603
7046 2 2 0 5 1629 2246 1999
7047 2 2 0 5 1693 1697 1630
7048 2 2 0 5 1693 5466 1699
7049 2 2 0 5 1697 5362 5296
7050 2 2 0 5 1700 1701 1698
7051 2 2 0 5 1704 1705 1702
7052 2 2 0 5 1708 1709 1706
7053 2 2 0 5 1710 2244 1709
7054 2 2 0 5 1712 5126 1710
7055 2 2 0 5 1718 5217 1721
7056 2 2 0 5 1721 2175 1723
7057 2 2 0 5 1724 1725 1722
7058 2 2 0 5 1729 1769 1731
7059 2 2 0 5 1734 1745 1733
7060 2 2 0 5 1745 5061 3048
7061 2 2 0 5 2175 2705 2704
7062 2 2 0 5 2198 5272 2199
7063 2 2 0 5 2326 2431 2325
7064 2 2 0 5 2326 5184 2734
7065 2 2 0 5 2340 5488 2462
7066 2 2 0 5 2432 5549 2431
7067 2 2 0 5 2463 2464 2461
7068 2 2 0 5 2468 2912 2498
7069 2 2 0 5 2709 3012 2707
7070 2 2 0 5 3365 3809 2799
7071 2 2 0 5 2819 3786 3347
7072 2 2 0 5 3027 3028 2824
7073 2 2 0 5 3046 5103 3483
7074 2 2 0 5 5455 5542 3347
7075 2 2 0 5 3607 4449 4422
7076 2 2 0 5 3768 4651 3668
7077 2 2 0 5 4487 4488 4486
7078 2 2 0 5 5078 5080 5079
7079 2 2 0 5 5122 5529 5527
7080 2 2 0 5 981 5235 2243
7081 2 2 0 5 994 995 993
7082 2 2 0 5 1257 2187 1455
7083 2 2 0 5 1404 1491 1403
7084 2 2 0 5 1492 1605 1491
7085 2 2 0 5 1579 1580 1495
7086 2 2 0 5 1579 5239 2180
7087 2 2 0 5 1609 3507 1606
7088 2 2 0 5 1607 5421 5248
7089 2 2 0 5 1608 5111 1610
7090 2 2 0 5 1610 1773 1611
7091 2 2 0 5 1618 1620 1619
7092 2 2 0 5 1620 1622 1621
7093 2 2 0 5 1771 2057 1889
7094 2 2 0 5 2095 2096 1915
7095 2 2 0 5 2091 2092 2018
7096 2 2 0 5 2426 5144 2095
7097 2 2 0 5 5197 5354 2184
7098 2 2 0 5 2193 5250 2320
7099 2 2 0 5 2202 2203 2201
7100 2 2 0 5 2204 2205 2203
7101 2 2 0 5 2247 3442 2249
7102 2 2 0 5 2835 3766 2349
7103 2 2 0 5 2350 2973 2836
7104 2 2 0 5 5286 5478 2453
7105 2 2 0 5 2456 3046 2455
7106 2 2 0 5 2580 3259 3258
7107 2 2 0 5 2793 2794 2792
7108 2 2 0 5 2819 3347 3346
7109 2 2 0 5 3030 3779 3029
7110 2 2 0 5 3099 5306 5159
7111 2 2 0 5 3729 3730 3122
7112 2 2 0 5 3474 5405 5246
7113 2 2 0 5 3483 5396 3506
7114 2 2 0 5 3605 3823 3604
7115 2 2 0 5 3734 4443 3733
7116 2 2 0 5 3827 5179 3829
7117 2 2 0 5 3988 4390 3986
7118 2 2 0 5 5306 5307 5159
7119 2 2 0 5 1131 5279 1130
7120 2 2 0 5 1130 2231 1177
7121 2 2 0 5 1137 5281 1140
7122 2 2 0 5 1139 5282 1138
7123 2 2 0 5 1146 1181 1148
7124 2 2 0 5 1149 5232 1147
7125 2 2 0 5 1155 1157 1153
7126 2 2 0 5 1163 5231 1160
7127 2 2 0 5 1164 1168 1167
7128 2 2 0 5 2280 2281 1166
7129 2 2 0 5 1170 1172 1171
7130 2 2 0 5 1172 1197 1173
7131 2 2 0 5 1491 5248 1403
7132 2 2 0 5 1462 1463 1428
7133 2 2 0 5 1441 5193 1589
7134 2 2 0 5 1494 1495 1463
7135 2 2 0 5 1495 5433 1463
7136 2 2 0 5 1600 5374 1951
7137 2 2 0 5 1718 1721 1720
7138 2 2 0 5 1873 1874 1871
7139 2 2 0 5 1871 4260 1902
7140 2 2 0 5 1875 1876 1874
7141 2 2 0 5 1878 1884 1883
7142 2 2 0 5 1917 2148 1916
7143 2 2 0 5 2115 2731 2532
7144 2 2 0 5 2918 2919 2149
7145 2 2 0 5 2201 5250 2193
7146 2 2 0 5 2203 2206 2201
7147 2 2 0 5 2247 2248 2218
7148 2 2 0 5 2227 2229 2228
7149 2 2 0 5 2233 2675 2446
7150 2 2 0 5 2253 5184 2326
7151 2 2 0 5 2271 2365 2270
7152 2 2 0 5 2276 2776 2278
7153 2 2 0 5 3054 3395 2281
7154 2 2 0 5 2493 2910 2365
7155 2 2 0 5 2483 2771 2458
7156 2 2 0 5 2462 3053 2463
7157 2 2 0 5 2840 5355 2487
7158 2 2 0 5 2676 3016 2675
7159 2 2 0 5 2684 2685 2683
7160 2 2 0 5 2956 3391 2812
7161 2 2 0 5 3443 5174 2911
7162 2 2 0 5 3607 4422 3315
7163 2 2 0 5 3412 3413 3410
7164 2 2 0 5 3813 4914 4913
7165 2 2 0 5 5243 5245 5244
7166 2 2 0 5 1057 1058 1056
7167 2 2 0 5 1063 1064 1062
7168 2 2 0 5 1064 1066 1065
7169 2 2 0 5 1069 1076 1073
7170 2 2 0 5 1210 1211 1076
7171 2 2 0 5 1212 1225 1211
7172 2 2 0 5 1236 1253 1252
7173 2 2 0 5 1240 1260 1259
7174 2 2 0 5 1432 5372 1249
7175 2 2 0 5 1447 2172 1449
7176 2 2 0 5 1771 1889 1598
7177 2 2 0 5 1600 1951 1601
7178 2 2 0 5 1623 1624 1622
7179 2 2 0 5 1636 1638 1637
7180 2 2 0 5 1639 1640 1638
7181 2 2 0 5 1771 5287 5133
7182 2 2 0 5 2007 5354 2062
7183 2 2 0 5 2115 2532 2305
7184 2 2 0 5 2177 2453 2452
7185 2 2 0 5 2208 2210 2209
7186 2 2 0 5 2211 5341 2221
7187 2 2 0 5 2265 2266 2263
7188 2 2 0 5 2470 3457 2922
7189 2 2 0 5 2472 2917 2668
7190 2 2 0 5 3371 5277 2660
7191 2 2 0 5 2788 5441 3508
7192 2 2 0 5 3791 5187 3448
7193 2 2 0 5 3449 5390 3450
7194 2 2 0 5 3450 3454 3452
7195 2 2 0 5 3454 4957 3765
7196 2 2 0 5 4066 4067 3552
7197 2 2 0 5 4962 5196 4978
7198 2 2 0 5 5286 5504 5253
7199 2 2 0 5 114 967 113
7200 2 2 0 5 115 968 114
7201 2 2 0 5 116 926 115
7202 2 2 0 5 926 968 115
7203 2 2 0 5 118 5450 117
7204 2 2 0 5 119 917 118
7205 2 2 0 5 121 942 120
7206 2 2 0 5 123 904 122
7207 2 2 0 5 125 943 124
7208 2 2 0 5 128 890 127
7209 2 2 0 5 130 933 129
7210 2 2 0 5 133 898 132
7211 2 2 0 5 135 944 134
7212 2 2 0 5 944 5254 134
7213 2 2 0 5 136 5255 135
7214 2 2 0 5 137 907 136
7215 2 2 0 5 907 5255 136
7216 2 2 0 5 139 945 138
7217 2 2 0 5 945 5256 138
7218 2 2 0 5 142 901 141
7219 2 2 0 5 143 5257 142
7220 2 2 0 5 144 5258 143
7221 2 2 0 5 145 934 144
7222 2 2 0 5 934 5258 144
7223 2 2 0 5 146 5259 145
7224 2 2 0 5 147 888 146
7225 2 2 0 5 888 5259 146
7226 2 2 0 5 150 946 149
7227 2 2 0 5 152 905 151
7228 2 2 0 5 154 947 153
7229 2 2 0 5 947 5261 153
7230 2 2 0 5 156 914 155
7231 2 2 0 5 159 925 158
7232 2 2 0 5 161 964 160
7233 2 2 0 5 972 973 971
7234 2 2 0 5 983 5235 981
7235 2 2 0 5 2450 5422 2003
7236 2 2 0 5 2256 2258 2257
7237 2 2 0 5 2679 5072 3018
7238 2 2 0 5 2780 2784 2779
7239 2 2 0 5 3407 4907 3455
7240 2 2 0 5 5218 5266 5217
7241 2 2 0 5 2063 5138 1054
7242 2 2 0 5 1067 3459 1065
7243 2 2 0 5 1077 1262 1073
7244 2 2 0 5 1188 4995 2169
7245 2 2 0 5 1233 5405 5320
7246 2 2 0 5 1254 1405 1253
7247 2 2 0 5 1263 1422 1262
7248 2 2 0 5 1439 1440 1438
7249 2 2 0 5 1636 1637 1634
7250 2 2 0 5 1695 2177 2176
7251 2 2 0 5 2062 3040 3039
7252 2 2 0 5 2098 2507 2100
7253 2 2 0 5 2177 2452 2178
7254 2 2 0 5 2211 2220 2209
7255 2 2 0 5 2223 2224 2222
7256 2 2 0 5 2240 2242 2241
7257 2 2 0 5 2302 5355 2306
7258 2 2 0 5 2663 3461 2305
7259 2 2 0 5 2350 2835 2349
7260 2 2 0 5 2420 3795 3471
7261 2 2 0 5 2978 3373 2977
7262 2 2 0 5 2984 3376 3034
7263 2 2 0 5 3449 3450 3040
7264 2 2 0 5 3428 3429 3427
7265 2 2 0 5 3450 3452 3451
7266 2 2 0 5 3454 3765 3452
7267 2 2 0 5 3462 3463 3461
7268 2 2 0 5 5167 5168 3479
7269 2 2 0 5 3481 5183 5115
7270 2 2 0 5 5532 5575 3798
7271 2 2 0 5 3908 4600 4456
7272 2 2 0 5 1137 1139 1138
7273 2 2 0 5 2232 5318 1177
7274 2 2 0 5 1210 5308 5173
7275 2 2 0 5 1226 1236 1235
7276 2 2 0 5 1227 1240 1239
7277 2 2 0 5 1260 1466 1259
7278 2 2 0 5 1260 1467 1466
7279 2 2 0 5 1422 2454 1262
7280 2 2 0 5 1407 1409 1408
7281 2 2 0 5 1411 1413 1412
7282 2 2 0 5 1466 1592 1468
7283 2 2 0 5 1470 1577 1576
7284 2 2 0 5 1573 5373 1600
7285 2 2 0 5 1592 1895 1593
7286 2 2 0 5 2236 5349 1625
7287 2 2 0 5 1626 1628 1627
7288 2 2 0 5 1635 1636 1634
7289 2 2 0 5 1749 1755 1748
7290 2 2 0 5 1868 5219 1881
7291 2 2 0 5 2148 2268 1916
7292 2 2 0 5 2214 2215 2213
7293 2 2 0 5 2231 5280 2233
7294 2 2 0 5 2427 2428 2250
7295 2 2 0 5 2380 2958 2528
7296 2 2 0 5 2712 2817 2413
7297 2 2 0 5 3014 3015 2447
7298 2 2 0 5 3122 5066 2498
7299 2 2 0 5 3077 4927 2506
7300 2 2 0 5 2674 3399 3398
7301 2 2 0 5 2725 3433 2727
7302 2 2 0 5 2738 2739 2737
7303 2 2 0 5 2773 2774 2772
7304 2 2 0 5 2817 5117 2818
7305 2 2 0 5 3010 3405 3404
7306 2 2 0 5 3456 3821 3017
7307 2 2 0 5 3339 3340 3269
7308 2 2 0 5 3341 3342 3340
7309 2 2 0 5 3427 3494 3425
7310 2 2 0 5 5056 5057 3771
7311 2 2 0 5 3806 5468 5435
7312 2 2 0 5 4416 5209 5208
7313 2 2 0 5 4958 4959 4957
7314 2 2 0 5 4960 4961 4959
7315 2 2 0 5 974 2691 976
7316 2 2 0 5 978 2183 980
7317 2 2 0 5 1045 1047 1046
7318 2 2 0 5 1047 1048 1046
7319 2 2 0 5 5220 5334 1046
7320 2 2 0 5 1047 1049 1048
7321 2 2 0 5 1052 5220 1048
7322 2 2 0 5 1050 1053 1052
7323 2 2 0 5 1053 2384 1055
7324 2 2 0 5 1055 1057 1056
7325 2 2 0 5 2384 5409 1055
7326 2 2 0 5 1064 1065 1062
7327 2 2 0 5 1066 1067 1065
7328 2 2 0 5 1069 5308 1210
7329 2 2 0 5 1077 1263 1262
7330 2 2 0 5 1225 5251 1211
7331 2 2 0 5 1212 2267 1226
7332 2 2 0 5 1236 1254 1253
7333 2 2 0 5 1254 1406 1405
7334 2 2 0 5 5106 5446 1261
7335 2 2 0 5 2454 5321 1262
7336 2 2 0 5 1406 1497 1496
7337 2 2 0 5 1696 5234 1424
7338 2 2 0 5 1425 1427 1426
7339 2 2 0 5 1427 1462 1428
7340 2 2 0 5 2729 5411 1428
7341 2 2 0 5 1437 5265 2194
7342 2 2 0 5 1443 1444 1442
7343 2 2 0 5 1445 1446 1444
7344 2 2 0 5 1447 1448 1446
7345 2 2 0 5 1453 1464 1452
7346 2 2 0 5 1462 1494 1463
7347 2 2 0 5 1494 1579 1495
7348 2 2 0 5 1580 5313 1495
7349 2 2 0 5 1497 1614 1612
7350 2 2 0 5 1579 2180 1617
7351 2 2 0 5 1618 1619 1580
7352 2 2 0 5 1601 5287 1599
7353 2 2 0 5 1620 1621 1619
7354 2 2 0 5 1629 5296 2246
7355 2 2 0 5 1699 1700 1698
7356 2 2 0 5 1703 1704 1702
7357 2 2 0 5 1708 1710 1709
7358 2 2 0 5 1708 1711 1710
7359 2 2 0 5 2270 5385 1709
7360 2 2 0 5 1711 1712 1710
7361 2 2 0 5 1714 1716 1715
7362 2 2 0 5 1717 5217 1718
7363 2 2 0 5 1721 5217 2175
7364 2 2 0 5 1723 1724 1722
7365 2 2 0 5 1724 1726 1725
7366 2 2 0 5 1724 1727 1726
7367 2 2 0 5 1727 1728 1726
7368 2 2 0 5 1726 5520 1754
7369 2 2 0 5 1729 1730 1728
7370 2 2 0 5 3048 5363 1733
7371 2 2 0 5 1754 5312 2196
7372 2 2 0 5 1868 1881 1870
7373 2 2 0 5 1871 1902 1869
7374 2 2 0 5 1874 4260 1871
7375 2 2 0 5 1873 6288 1875
7376 2 2 0 5 1876 1877 1874
7377 2 2 0 5 1878 1883 1877
7378 2 2 0 5 1878 5519 2529
7379 2 2 0 5 1887 2115 2004
7380 2 2 0 5 1917 2149 2148
7381 2 2 0 5 2246 2301 1999
7382 2 2 0 5 2017 5241 2091
7383 2 2 0 5 2657 2918 2149
7384 2 2 0 5 2689 5442 2178
7385 2 2 0 5 2179 5189 5058
7386 2 2 0 5 2208 2209 2207
7387 2 2 0 5 2210 2211 2209
7388 2 2 0 5 2213 5267 2210
7389 2 2 0 5 2211 2221 2220
7390 2 2 0 5 2215 2219 2213
7391 2 2 0 5 2216 2247 2218
7392 2 2 0 5 2223 2363 2224
7393 2 2 0 5 2247 2249 2248
7394 2 2 0 5 2256 2274 2258
7395 2 2 0 5 2275 2304 2258
7396 2 2 0 5 2276 2278 2277
7397 2 2 0 5 2303 2488 2487
7398 2 2 0 5 2326 2432 2431
7399 2 2 0 5 2364 2457 2456
7400 2 2 0 5 2910 2911 2365
7401 2 2 0 5 2734 2735 2432
7402 2 2 0 5 2462 5488 3497
7403 2 2 0 5 2483 5135 3049
7404 2 2 0 5 3086 5365 2505
7405 2 2 0 5 2518 2519 2517
7406 2 2 0 5 2679 3018 2680
7407 2 2 0 5 2693 2694 2692
7408 2 2 0 5 2705 2709 2707
7409 2 2 0 5 2709 3460 3012
7410 2 2 0 5 5464 5467 2734
7411 2 2 0 5 2910 3315 2911
7412 2 2 0 5 3440 3631 2968
7413 2 2 0 5 2976 2978 2977
7414 2 2 0 5 3046 3483 3047
7415 2 2 0 5 3053 5510 5128
7416 2 2 0 5 3088 4148 3086
7417 2 2 0 5 3089 5178 3768
7418 2 2 0 5 3432 4086 3125
7419 2 2 0 5 3786 5455 3347
7420 2 2 0 5 3414 3416 3415
7421 2 2 0 5 3426 3428 3427
7422 2 2 0 5 3428 3472 3429
7423 2 2 0 5 4925 5108 3428
7424 2 2 0 5 3472 3473 3429
7425 2 2 0 5 3771 5057 3443
7426 2 2 0 5 3946 4433 3458
7427 2 2 0 5 5125 5181 3464
7428 2 2 0 5 3473 4930 3797
7429 2 2 0 5 5357 5362 3484
7430 2 2 0 5 3497 5324 3515
7431 2 2 0 5 4997 4998 3769
7432 2 2 0 5 3774 5043 3775
7433 2 2 0 5 5353 5558 3785
7434 2 2 0 5 4967 4968 4966
7435 2 2 0 5 5078 5079 5076
7436 2 2 0 5 5096 5097 5095
7437 2 2 0 5 5296 5362 5357
7438 2 2 0 5 970 971 969
7439 2 2 0 5 1626 5349 1631
7440 2 2 0 5 2420 3471 3470
7441 2 2 0 5 2472 5289 3384
7442 2 2 0 5 3510 5275 2792
7443 2 2 0 5 3021 5586 3600
7444 2 2 0 5 3266 4979 3268
7445 2 2 0 5 4962 4978 4976
7446 2 2 0 5 1229 1230 1202
7447 2 2 0 5 5382 5439 1241
7448 2 2 0 5 1248 1430 1249
7449 2 2 0 5 1410 5384 2238
7450 2 2 0 5 1465 1572 1464
7451 2 2 0 5 1465 1573 1572
7452 2 2 0 5 1573 1599 1598
7453 2 2 0 5 1573 1600 1599
7454 2 2 0 5 1732 1735 1734
7455 2 2 0 5 1735 1737 1736
7456 2 2 0 5 1868 1870 1869
7457 2 2 0 5 1870 1873 1871
7458 2 2 0 5 1873 1875 1874
7459 2 2 0 5 5303 6288 1873
7460 2 2 0 5 1878 2529 1884
7461 2 2 0 5 2057 2112 1889
7462 2 2 0 5 1939 5392 5391
7463 2 2 0 5 2057 2470 2469
7464 2 2 0 5 2469 2472 2112
7465 2 2 0 5 2472 2668 2112
7466 2 2 0 5 2363 2364 2224
7467 2 2 0 5 2294 2655 2368
7468 2 2 0 5 2364 2456 2455
7469 2 2 0 5 2983 2984 2430
7470 2 2 0 5 2483 3049 2771
7471 2 2 0 5 2923 3551 2485
7472 2 2 0 5 2674 3397 2673
7473 2 2 0 5 2682 2683 2681
7474 2 2 0 5 2682 5356 2686
7475 2 2 0 5 2955 4965 2685
7476 2 2 0 5 2705 2706 2704
7477 2 2 0 5 5198 5369 2772
7478 2 2 0 5 2795 2796 2794
7479 2 2 0 5 2797 3281 2799
7480 2 2 0 5 2923 3558 3552
7481 2 2 0 5 2984 3034 3033
7482 2 2 0 5 4847 4848 3012
7483 2 2 0 5 3027 5190 3813
7484 2 2 0 5 4087 5294 3125
7485 2 2 0 5 3281 4382 3659
7486 2 2 0 5 3558 4649 4066
7487 2 2 0 5 4188 4583 3648
7488 2 2 0 5 4382 4604 3659
7489 2 2 0 5 888 5260 5259
7490 2 2 0 5 1006 1007 1005
7491 2 2 0 5 1014 5238 2226
7492 2 2 0 5 1036 5377 1034
7493 2 2 0 5 1035 2225 1037
7494 2 2 0 5 1038 1039 1036
7495 2 2 0 5 1043 1071 1045
7496 2 2 0 5 1053 1054 1052
7497 2 2 0 5 1059 5009 4921
7498 2 2 0 5 1235 5309 1251
7499 2 2 0 5 1427 1428 1426
7500 2 2 0 5 1441 1442 1440
7501 2 2 0 5 1497 1612 1496
7502 2 2 0 5 1573 1598 1572
7503 2 2 0 5 1632 1633 1628
7504 2 2 0 5 2004 2005 1888
7505 2 2 0 5 2173 2294 2236
7506 2 2 0 5 2216 2218 2217
7507 2 2 0 5 2295 2420 2359
7508 2 2 0 5 2303 3032 2488
7509 2 2 0 5 2520 3026 2521
7510 2 2 0 5 2687 5072 2679
7511 2 2 0 5 2923 3552 3551
7512 2 2 0 5 3101 3987 3986
7513 2 2 0 5 3372 4640 3371
7514 2 2 0 5 3414 3415 3413
7515 2 2 0 5 3414 5160 3762
7516 2 2 0 5 3473 3505 3429
7517 2 2 0 5 3466 3469 3448
7518 2 2 0 5 3558 4066 3552
7519 2 2 0 5 3576 3577 3574
7520 2 2 0 5 4971 4972 4970
7521 2 2 0 5 5075 5077 5076
7522 2 2 0 5 1403 5248 5247
7523 2 2 0 5 2254 2255 1467
7524 2 2 0 5 1612 1613 1496
7525 2 2 0 5 1952 2300 1601
7526 2 2 0 5 1629 1999 1603
7527 2 2 0 5 1610 2008 1773
7528 2 2 0 5 1697 5296 1630
7529 2 2 0 5 1693 1699 1698
7530 2 2 0 5 1700 1703 1702
7531 2 2 0 5 1711 1713 1712
7532 2 2 0 5 2179 2673 1713
7533 2 2 0 5 1714 1717 1716
7534 2 2 0 5 1721 1723 1722
7535 2 2 0 5 1725 5352 1722
7536 2 2 0 5 1754 2195 1725
7537 2 2 0 5 1727 1729 1728
7538 2 2 0 5 1745 3048 1733
7539 2 2 0 5 1899 2020 1898
7540 2 2 0 5 1899 5315 2113
7541 2 2 0 5 2097 5421 1915
7542 2 2 0 5 2021 2342 2020
7543 2 2 0 5 2057 2469 2112
7544 2 2 0 5 2196 2197 2195
7545 2 2 0 5 2199 2693 2692
7546 2 2 0 5 2251 3803 2253
7547 2 2 0 5 2325 2478 2252
7548 2 2 0 5 2271 5125 2494
7549 2 2 0 5 2326 2734 2432
7550 2 2 0 5 2466 5357 3087
7551 2 2 0 5 2470 2485 2469
7552 2 2 0 5 2505 3077 2506
7553 2 2 0 5 2525 2526 2519
7554 2 2 0 5 2712 2819 2817
7555 2 2 0 5 5245 5322 2714
7556 2 2 0 5 2724 5369 3793
7557 2 2 0 5 2731 2733 2732
7558 2 2 0 5 5184 5464 2734
7559 2 2 0 5 2912 3250 3121
7560 2 2 0 5 3075 5431 3438
7561 2 2 0 5 3087 3484 3089
7562 2 2 0 5 5327 5429 3796
7563 2 2 0 5 3829 3830 3828
7564 2 2 0 5 65 965 64
7565 2 2 0 5 66 5328 65
7566 2 2 0 5 67 924 66
7567 2 2 0 5 70 916 69
7568 2 2 0 5 72 935 71
7569 2 2 0 5 73 5330 72
7570 2 2 0 5 74 902 73
7571 2 2 0 5 76 936 75
7572 2 2 0 5 77 5333 76
7573 2 2 0 5 79 889 78
7574 2 2 0 5 81 937 80
7575 2 2 0 5 84 899 83
7576 2 2 0 5 86 938 85
7577 2 2 0 5 88 906 87
7578 2 2 0 5 90 939 89
7579 2 2 0 5 93 900 92
7580 2 2 0 5 96 932 95
7581 2 2 0 5 101 940 100
7582 2 2 0 5 103 903 102
7583 2 2 0 5 105 941 104
7584 2 2 0 5 107 915 106
7585 2 2 0 5 110 927 109
7586 2 2 0 5 112 966 111
7587 2 2 0 5 998 999 997
7588 2 2 0 5 1000 1001 999
7589 2 2 0 5 1004 1005 1003
7590 2 2 0 5 1011 1012 1010
7591 2 2 0 5 1019 1020 1017
7592 2 2 0 5 1020 1022 1021
7593 2 2 0 5 1023 1024 1022
7594 2 2 0 5 1024 1026 1025
7595 2 2 0 5 1137 1140 1139
7596 2 2 0 5 1168 5414 3134
7597 2 2 0 5 5242 5404 1220
7598 2 2 0 5 1226 1235 1225
7599 2 2 0 5 1617 1618 1580
7600 2 2 0 5 1887 1888 1640
7601 2 2 0 5 2108 2110 1896
7602 2 2 0 5 5422 5423 2003
7603 2 2 0 5 2005 2007 2006
7604 2 2 0 5 2017 2018 2007
7605 2 2 0 5 2109 2413 2108
7606 2 2 0 5 2688 2689 2178
7607 2 2 0 5 2214 2216 2215
7608 2 2 0 5 2227 5317 3485
7609 2 2 0 5 2233 5280 2676
7610 2 2 0 5 2262 2263 2261
7611 2 2 0 5 2429 3774 2983
7612 2 2 0 5 3409 5318 2447
7613 2 2 0 5 2662 3372 3371
7614 2 2 0 5 3024 3025 2689
7615 2 2 0 5 2789 2790 2788
7616 2 2 0 5 2790 5441 2788
7617 2 2 0 5 2797 2798 2796
7618 2 2 0 5 3446 3447 3025
7619 2 2 0 5 3186 3187 3185
7620 2 2 0 5 3271 3272 3187
7621 2 2 0 5 3272 3274 3273
7622 2 2 0 5 3274 3276 3275
7623 2 2 0 5 3277 3278 3276
7624 2 2 0 5 3280 3647 3278
7625 2 2 0 5 3430 3431 3372
7626 2 2 0 5 3577 3895 3574
7627 2 2 0 5 4962 4975 4961
7628 2 2 0 5 5243 5244 5242
7629 2 2 0 5 5245 5323 5322
7630 2 2 0 5 65 5328 965
7631 2 2 0 5 924 5328 66
7632 2 2 0 5 72 5330 935
7633 2 2 0 5 902 5330 73
7634 2 2 0 5 76 5333 936
7635 2 2 0 5 98 891 97
7636 2 2 0 5 974 975 973
7637 2 2 0 5 2003 5423 1430
7638 2 2 0 5 1441 1443 1442
7639 2 2 0 5 2191 2200 2193
7640 2 2 0 5 2456 5444 3046
7641 2 2 0 5 2482 2483 2458
7642 2 2 0 5 2922 2923 2485
7643 2 2 0 5 5340 5451 3031
7644 2 2 0 5 3550 4160 3357
7645 2 2 0 5 5078 5081 5080
7646 2 2 0 5 935 5329 71
7647 2 2 0 5 936 5331 75
7648 2 2 0 5 1028 1029 1026
7649 2 2 0 5 3459 5430 1065
7650 2 2 0 5 1066 1069 1067
7651 2 2 0 5 5282 5432 1138
7652 2 2 0 5 1142 5282 1139
7653 2 2 0 5 1141 1144 1143
7654 2 2 0 5 1150 1152 1151
7655 2 2 0 5 2281 3487 1166
7656 2 2 0 5 1168 1169 1167
7657 2 2 0 5 1196 1204 1199
7658 2 2 0 5 1198 1214 1213
7659 2 2 0 5 1228 5242 1218
7660 2 2 0 5 2721 5065 1224
7661 2 2 0 5 1410 2238 1408
7662 2 2 0 5 1423 1424 1422
7663 2 2 0 5 1640 5484 1638
7664 2 2 0 5 1769 2722 1731
7665 2 2 0 5 2018 5354 2007
7666 2 2 0 5 2320 2321 2192
7667 2 2 0 5 2210 5267 2211
7668 2 2 0 5 2212 2213 2210
7669 2 2 0 5 2221 2222 2220
7670 2 2 0 5 2280 3520 3054
7671 2 2 0 5 2369 2891 2370
7672 2 2 0 5 2660 2661 2428
7673 2 2 0 5 2429 2983 2430
7674 2 2 0 5 2457 2967 2482
7675 2 2 0 5 2488 2834 2487
7676 2 2 0 5 3016 3402 2675
7677 2 2 0 5 2685 2716 2683
7678 2 2 0 5 2705 5266 2709
7679 2 2 0 5 2723 2724 2722
7680 2 2 0 5 2773 2775 2774
7681 2 2 0 5 2791 2792 2790
7682 2 2 0 5 2834 3604 2840
7683 2 2 0 5 3769 3770 3033
7684 2 2 0 5 3398 4835 3397
7685 2 2 0 5 3419 3518 3417
7686 2 2 0 5 3426 4925 3428
7687 2 2 0 5 3457 3915 3458
7688 2 2 0 5 5245 5246 5244
7689 2 2 0 5 5261 5262 905
7690 2 2 0 5 1031 1032 1030
7691 2 2 0 5 1057 1060 1058
7692 2 2 0 5 1063 1068 1064
7693 2 2 0 5 1066 5308 1069
7694 2 2 0 5 1069 1210 1076
7695 2 2 0 5 1463 2729 1428
7696 2 2 0 5 1625 1626 1624
7697 2 2 0 5 2148 2429 2268
7698 2 2 0 5 2208 2212 2210
7699 2 2 0 5 2216 2217 2215
7700 2 2 0 5 2449 2679 2450
7701 2 2 0 5 4070 5270 2668
7702 2 2 0 5 2684 2955 2685
7703 2 2 0 5 3426 3427 3425
7704 2 2 0 5 5036 5130 3466
7705 2 2 0 5 5070 5071 5068
7706 2 2 0 5 1003 1209 1001
7707 2 2 0 5 1004 1008 1006
7708 2 2 0 5 1010 1070 1007
7709 2 2 0 5 1009 2309 1011
7710 2 2 0 5 1012 5291 1010
7711 2 2 0 5 1191 1196 1190
7712 2 2 0 5 1251 5251 1225
7713 2 2 0 5 1261 2208 2207
7714 2 2 0 5 1469 1588 1419
7715 2 2 0 5 1463 5433 2729
7716 2 2 0 5 1604 1692 1630
7717 2 2 0 5 1614 5344 1917
7718 2 2 0 5 1621 2240 2239
7719 2 2 0 5 1638 1695 1637
7720 2 2 0 5 5140 5362 1697
7721 2 2 0 5 2005 2006 1888
7722 2 2 0 5 1895 2109 2108
7723 2 2 0 5 2109 2712 2413
7724 2 2 0 5 2180 2182 2181
7725 2 2 0 5 2200 2202 2201
7726 2 2 0 5 2221 2411 2223
7727 2 2 0 5 2264 2468 2265
7728 2 2 0 5 2580 2581 2321
7729 2 2 0 5 2360 2517 2516
7730 2 2 0 5 2452 3023 2688
7731 2 2 0 5 2518 5305 2908
7732 2 2 0 5 2725 2726 2724
7733 2 2 0 5 2727 2728 2726
7734 2 2 0 5 2728 2773 2772
7735 2 2 0 5 5073 5074 3018
7736 2 2 0 5 5061 5461 3048
7737 2 2 0 5 3049 3511 3501
7738 2 2 0 5 3101 3985 3100
7739 2 2 0 5 3730 5066 3122
7740 2 2 0 5 3259 3827 3826
7741 2 2 0 5 3453 4953 3788
7742 2 2 0 5 5130 5465 3466
7743 2 2 0 5 3479 5425 3476
7744 2 2 0 5 3480 4097 3994
7745 2 2 0 5 3484 5469 5178
7746 2 2 0 5 4167 4615 3609
7747 2 2 0 5 3953 5455 3730
7748 2 2 0 5 3803 5461 5184
7749 2 2 0 5 4523 4821 4521
7750 2 2 0 5 5040 5042 5041
7751 2 2 0 5 5367 5368 5366
7752 2 2 0 5 1162 5317 1145
7753 2 2 0 5 1189 1191 1190
7754 2 2 0 5 1191 1200 1196
7755 2 2 0 5 1216 1218 1217
7756 2 2 0 5 1253 1261 1252
7757 2 2 0 5 1618 5530 5123
7758 2 2 0 5 1628 5314 1627
7759 2 2 0 5 1676 1680 1677
7760 2 2 0 5 1708 5189 1711
7761 2 2 0 5 1744 5285 1747
7762 2 2 0 5 1748 1750 1746
7763 2 2 0 5 1762 1764 1763
7764 2 2 0 5 1762 5371 1764
7765 2 2 0 5 2422 2838 2423
7766 2 2 0 5 2838 2839 2423
7767 2 2 0 5 2518 2908 2525
7768 2 2 0 5 2682 2686 2684
7769 2 2 0 5 2717 2777 2716
7770 2 2 0 5 2775 3396 3045
7771 2 2 0 5 2838 5004 3295
7772 2 2 0 5 3076 3544 2839
7773 2 2 0 5 2839 5454 3808
7774 2 2 0 5 3010 3404 3403
7775 2 2 0 5 3825 4025 3258
7776 2 2 0 5 3295 4515 4514
7777 2 2 0 5 3339 5483 3341
7778 2 2 0 5 3433 3435 3434
7779 2 2 0 5 3435 3436 3434
7780 2 2 0 5 3435 3437 3436
7781 2 2 0 5 4947 4948 3437
7782 2 2 0 5 4948 4949 3437
7783 2 2 0 5 3454 5390 4958
7784 2 2 0 5 3456 3822 3821
7785 2 2 0 5 3768 5178 5177
7786 2 2 0 5 3777 5443 5389
7787 2 2 0 5 4948 4950 4949
7788 2 2 0 5 4986 4989 4988
7789 2 2 0 5 1032 1034 1033
7790 2 2 0 5 1034 5377 2520
7791 2 2 0 5 4921 5377 1039
7792 2 2 0 5 1044 5334 2237
7793 2 2 0 5 1049 1050 1048
7794 2 2 0 5 1053 1055 1054
7795 2 2 0 5 1122 1127 1126
7796 2 2 0 5 1130 5279 2231
7797 2 2 0 5 1132 1133 1131
7798 2 2 0 5 2228 5282 1142
7799 2 2 0 5 1143 5317 2227
7800 2 2 0 5 1148 1149 1147
7801 2 2 0 5 1152 1153 1151
7802 2 2 0 5 1154 1155 1153
7803 2 2 0 5 1156 1158 1155
7804 2 2 0 5 1159 1160 1158
7805 2 2 0 5 1160 5231 2235
7806 2 2 0 5 1164 1165 1163
7807 2 2 0 5 1164 5414 1168
7808 2 2 0 5 1167 5398 1165
7809 2 2 0 5 1169 1176 1167
7810 2 2 0 5 1191 1407 1200
7811 2 2 0 5 1212 1226 1225
7812 2 2 0 5 1214 1215 1213
7813 2 2 0 5 1216 1217 1215
7814 2 2 0 5 1234 1255 1232
7815 2 2 0 5 1240 1259 1239
7816 2 2 0 5 1261 2207 1252
7817 2 2 0 5 1405 5106 1253
7818 2 2 0 5 1258 1403 1256
7819 2 2 0 5 1423 1429 1425
7820 2 2 0 5 1433 1434 1432
7821 2 2 0 5 1435 1436 1434
7822 2 2 0 5 1443 1445 1444
7823 2 2 0 5 1445 1447 1446
7824 2 2 0 5 1451 1452 1450
7825 2 2 0 5 1451 1453 1452
7826 2 2 0 5 1600 1601 1599
7827 2 2 0 5 1615 5344 1614
7828 2 2 0 5 1614 1917 1916
7829 2 2 0 5 1698 5140 1697
7830 2 2 0 5 1711 2179 1713
7831 2 2 0 5 1714 1715 1712
7832 2 2 0 5 1718 1719 1716
7833 2 2 0 5 1731 1732 1730
7834 2 2 0 5 1732 1734 1733
7835 2 2 0 5 1732 5406 1735
7836 2 2 0 5 1735 5473 1737
7837 2 2 0 5 1740 1742 1738
7838 2 2 0 5 1739 5205 1741
7839 2 2 0 5 5474 5476 1742
7840 2 2 0 5 1742 5512 5495
7841 2 2 0 5 1746 5475 1743
7842 2 2 0 5 1751 1756 1752
7843 2 2 0 5 1756 1758 1757
7844 2 2 0 5 1758 5375 1759
7845 2 2 0 5 1770 3489 1758
7846 2 2 0 5 2718 2719 1760
7847 2 2 0 5 1764 1768 1765
7848 2 2 0 5 2002 2449 2003
7849 2 2 0 5 2295 2296 2185
7850 2 2 0 5 2251 2252 2198
7851 2 2 0 5 2199 5515 2693
7852 2 2 0 5 2204 5322 3042
7853 2 2 0 5 2212 2214 2213
7854 2 2 0 5 2212 3041 2214
7855 2 2 0 5 2248 2250 2218
7856 2 2 0 5 2227 3485 2229
7857 2 2 0 5 2233 2676 2675
7858 2 2 0 5 2244 2271 2270
7859 2 2 0 5 2248 2427 2250
7860 2 2 0 5 2445 2459 2269
7861 2 2 0 5 2271 2493 2365
7862 2 2 0 5 2276 2277 2275
7863 2 2 0 5 2278 2339 2277
7864 2 2 0 5 2776 5488 2278
7865 2 2 0 5 2280 3054 2281
7866 2 2 0 5 2340 2462 2461
7867 2 2 0 5 2911 5174 2365
7868 2 2 0 5 2735 2736 2432
7869 2 2 0 5 2820 3125 2464
7870 2 2 0 5 2514 3010 2515
7871 2 2 0 5 2693 2956 2812
7872 2 2 0 5 3773 5107 2706
7873 2 2 0 5 2724 3793 2722
7874 2 2 0 5 2737 2806 2736
7875 2 2 0 5 2741 5435 2744
7876 2 2 0 5 2745 2754 2743
7877 2 2 0 5 2749 2751 2747
7878 2 2 0 5 2748 5045 2750
7879 2 2 0 5 2750 5053 2753
7880 2 2 0 5 2755 2757 2752
7881 2 2 0 5 2846 2847 2757
7882 2 2 0 5 2758 5046 5045
7883 2 2 0 5 2759 2761 2760
7884 2 2 0 5 2761 3052 2762
7885 2 2 0 5 2767 2768 2766
7886 2 2 0 5 3049 3501 2771
7887 2 2 0 5 2780 2785 2784
7888 2 2 0 5 2937 2938 2782
7889 2 2 0 5 2846 5526 3499
7890 2 2 0 5 3457 3458 2922
7891 2 2 0 5 2938 3811 3810
7892 2 2 0 5 3812 5652 3028
7893 2 2 0 5 3034 3769 3033
7894 2 2 0 5 3036 3441 3037
7895 2 2 0 5 3041 5397 5304
7896 2 2 0 5 3784 5491 3043
7897 2 2 0 5 3396 4824 3045
7898 2 2 0 5 3497 3514 3053
7899 2 2 0 5 3087 5357 3484
7900 2 2 0 5 4122 4481 3251
7901 2 2 0 5 3266 3268 3267
7902 2 2 0 5 3626 3627 3320
7903 2 2 0 5 3609 4468 3321
7904 2 2 0 5 3341 3883 3360
7905 2 2 0 5 4835 5511 3397
7906 2 2 0 5 3411 3412 3410
7907 2 2 0 5 3801 3802 3489
7908 2 2 0 5 4825 4831 3490
7909 2 2 0 5 3511 5562 3501
7910 2 2 0 5 3504 5513 3503
7911 2 2 0 5 3503 5552 4926
7912 2 2 0 5 3595 5579 3504
7913 2 2 0 5 5283 5581 3509
7914 2 2 0 5 4140 4507 3674
7915 2 2 0 5 5314 5479 3791
7916 2 2 0 5 3808 5538 5407
7917 2 2 0 5 4828 4829 4827
7918 2 2 0 5 4958 5390 5094
7919 2 2 0 5 5073 5075 5074
7920 2 2 0 5 5084 5088 5082
7921 2 2 0 5 5243 5323 5245
7922 2 2 0 5 998 5379 1000
7923 2 2 0 5 1198 2553 1214
7924 2 2 0 5 5251 5418 1211
7925 2 2 0 5 1258 5292 1404
7926 2 2 0 5 1462 1591 1494
7927 2 2 0 5 1464 5400 1556
7928 2 2 0 5 1605 1607 1491
7929 2 2 0 5 3507 5139 1606
7930 2 2 0 5 1914 1915 1607
7931 2 2 0 5 1634 5194 1633
7932 2 2 0 5 1773 5494 1774
7933 2 2 0 5 2008 2009 1773
7934 2 2 0 5 2020 5502 1898
7935 2 2 0 5 2092 2184 2018
7936 2 2 0 5 2096 2098 2097
7937 2 2 0 5 2098 2100 2099
7938 2 2 0 5 2102 2104 2103
7939 2 2 0 5 2104 2106 2105
7940 2 2 0 5 2113 2347 2114
7941 2 2 0 5 2189 2190 2188
7942 2 2 0 5 2191 2192 2190
7943 2 2 0 5 2190 5183 3481
7944 2 2 0 5 2193 2320 2192
7945 2 2 0 5 2200 2714 2202
7946 2 2 0 5 2370 2371 2205
7947 2 2 0 5 5279 5280 2231
7948 2 2 0 5 2447 5318 2232
7949 2 2 0 5 2320 2580 2321
7950 2 2 0 5 2550 2551 2343
7951 2 2 0 5 2681 5422 2450
7952 2 2 0 5 2465 2821 2820
7953 2 2 0 5 5146 5147 2507
7954 2 2 0 5 2517 5012 2516
7955 2 2 0 5 2550 5011 3322
7956 2 2 0 5 2580 3258 2581
7957 2 2 0 5 2662 3430 3372
7958 2 2 0 5 2676 3456 3017
7959 2 2 0 5 5456 5465 2710
7960 2 2 0 5 2767 5388 2768
7961 2 2 0 5 2778 2779 2777
7962 2 2 0 5 2785 2786 2784
7963 2 2 0 5 3495 3783 3043
7964 2 2 0 5 3051 3815 3814
7965 2 2 0 5 3131 5660 3132
7966 2 2 0 5 3646 4122 3251
7967 2 2 0 5 3259 3825 3258
7968 2 2 0 5 3393 4822 3394
7969 2 2 0 5 4836 5550 3394
7970 2 2 0 5 3469 5121 3791
7971 2 2 0 5 3480 3994 3478
7972 2 2 0 5 3765 5269 5268
7973 2 2 0 5 3783 5543 3784
7974 2 2 0 5 5151 5152 3915
7975 2 2 0 5 5148 5149 5147
7976 2 2 0 5 1168 1170 1169
7977 2 2 0 5 1219 5156 1217
7978 2 2 0 5 1221 1223 1219
7979 2 2 0 5 1222 1233 1232
7980 2 2 0 5 1228 5243 5242
7981 2 2 0 5 2247 5304 3442
7982 2 2 0 5 2459 5491 2269
7983 2 2 0 5 2371 5459 5403
7984 2 2 0 5 2445 3393 2677
7985 2 2 0 5 5547 5559 2720
7986 2 2 0 5 3384 3648 2917
7987 2 2 0 5 3074 3075 2963
7988 2 2 0 5 3411 4843 4841
7989 2 2 0 5 5451 5523 3786
7990 2 2 0 5 4612 4613 4087
7991 2 2 0 5 1050 1052 1048
7992 2 2 0 5 1055 1056 1054
7993 2 2 0 5 1201 3406 1229
7994 2 2 0 5 1254 3491 1406
7995 2 2 0 5 1464 1556 1452
7996 2 2 0 5 1895 1896 1593
7997 2 2 0 5 2181 5530 1617
7998 2 2 0 5 1917 2657 2149
7999 2 2 0 5 2222 3496 2220
8000 2 2 0 5 2244 5126 5125
8001 2 2 0 5 2256 2257 2255
8002 2 2 0 5 2429 2430 2268
8003 2 2 0 5 2468 2979 2912
8004 2 2 0 5 3121 3122 2498
8005 2 2 0 5 2524 2968 2523
8006 2 2 0 5 2680 2682 2681
8007 2 2 0 5 3502 5444 2771
8008 2 2 0 5 3319 3320 3022
8009 2 2 0 5 3034 4997 3769
8010 2 2 0 5 3637 3729 3122
8011 2 2 0 5 3433 5136 3435
8012 2 2 0 5 3439 3804 3440
8013 2 2 0 5 5103 5335 3483
8014 2 2 0 5 3626 3628 3627
8015 2 2 0 5 5312 5516 3803
8016 2 2 0 5 1437 1439 1438
8017 2 2 0 5 1449 1451 1450
8018 2 2 0 5 2778 2780 2779
8019 2 2 0 5 3508 5300 2786
8020 2 2 0 5 2795 2797 2796
8021 2 2 0 5 4595 4719 3823
8022 2 2 0 5 926 5378 970
8023 2 2 0 5 1236 1252 1235
8024 2 2 0 5 1614 1916 1612
8025 2 2 0 5 1626 1627 1624
8026 2 2 0 5 2191 2193 2192
8027 2 2 0 5 2200 2201 2193
8028 2 2 0 5 2369 2370 2205
8029 2 2 0 5 2364 2455 2224
8030 2 2 0 5 2428 2552 2250
8031 2 2 0 5 2581 3029 2321
8032 2 2 0 5 2990 5459 2528
8033 2 2 0 5 2532 5489 2663
8034 2 2 0 5 2655 3282 2962
8035 2 2 0 5 2682 2684 2683
8036 2 2 0 5 3439 3440 2968
8037 2 2 0 5 2978 3374 3373
8038 2 2 0 5 5074 5356 3018
8039 2 2 0 5 5545 5575 3247
8040 2 2 0 5 3322 3609 3321
8041 2 2 0 5 3435 4947 3437
8042 2 2 0 5 3605 4595 3823
8043 2 2 0 5 3630 4906 3628
8044 2 2 0 5 4998 5120 3769
8045 2 2 0 5 4775 4776 4641
8046 2 2 0 5 5210 5211 5209
8047 2 2 0 5 2255 5481 1467
8048 2 2 0 5 2178 5442 2176
8049 2 2 0 5 2341 5054 2181
8050 2 2 0 5 2241 3789 2239
8051 2 2 0 5 2657 3323 2918
8052 2 2 0 5 3794 3800 2733
8053 2 2 0 5 2793 2795 2794
8054 2 2 0 5 3038 5605 5389
8055 2 2 0 5 3166 3168 3167
8056 2 2 0 5 3594 4175 3595
8057 2 2 0 5 4086 4612 4087
8058 2 2 0 5 997 1250 995
8059 2 2 0 5 1230 2715 1202
8060 2 2 0 5 5625 5633 2426
8061 2 2 0 5 3099 5158 2787
8062 2 2 0 5 2974 3100 2836
8063 2 2 0 5 2976 2977 2919
8064 2 2 0 5 3281 3659 3365
8065 2 2 0 5 4958 5094 4960
8066 2 2 0 5 1077 2770 1263
8067 2 2 0 5 1407 1408 1200
8068 2 2 0 5 1407 5381 2448
8069 2 2 0 5 1433 1502 1435
8070 2 2 0 5 1436 1918 1434
8071 2 2 0 5 1599 5287 1771
8072 2 2 0 5 5113 5186 1727
8073 2 2 0 5 2302 2306 1952
8074 2 2 0 5 2834 2840 2487
8075 2 2 0 5 2917 4069 2668
8076 2 2 0 5 2819 3346 2817
8077 2 2 0 5 3906 5037 3577
8078 2 2 0 5 4955 5478 3788
8079 2 2 0 5 5055 5469 5140
8080 2 2 0 5 5082 5087 5079
8081 2 2 0 5 1453 1465 1464
8082 2 2 0 5 2662 3371 2660
8083 2 2 0 5 3724 4758 4639
8084 2 2 0 5 5567 5580 5348
8085 2 2 0 5 996 998 997
8086 2 2 0 5 998 1000 999
8087 2 2 0 5 1015 5379 998
8088 2 2 0 5 4983 5408 999
8089 2 2 0 5 1002 1004 1003
8090 2 2 0 5 1016 1019 1017
8091 2 2 0 5 1020 1023 1022
8092 2 2 0 5 1032 1035 1034
8093 2 2 0 5 2520 2521 1033
8094 2 2 0 5 1035 1037 1036
8095 2 2 0 5 1039 5377 1036
8096 2 2 0 5 2225 2695 1037
8097 2 2 0 5 1038 1041 1040
8098 2 2 0 5 1041 1043 1042
8099 2 2 0 5 1044 2237 1042
8100 2 2 0 5 1046 5334 1044
8101 2 2 0 5 1049 1051 1050
8102 2 2 0 5 1074 1075 1051
8103 2 2 0 5 1056 2063 1054
8104 2 2 0 5 1057 1061 1060
8105 2 2 0 5 1062 5430 1058
8106 2 2 0 5 1068 5410 1064
8107 2 2 0 5 1066 5410 5308
8108 2 2 0 5 1069 1073 1067
8109 2 2 0 5 1076 1077 1073
8110 2 2 0 5 1211 5418 1076
8111 2 2 0 5 1196 1199 1190
8112 2 2 0 5 1204 1224 1199
8113 2 2 0 5 1227 5382 1241
8114 2 2 0 5 1248 2002 1430
8115 2 2 0 5 1406 1496 1405
8116 2 2 0 5 1619 5313 1580
8117 2 2 0 5 1774 1898 1611
8118 2 2 0 5 2173 2236 1625
8119 2 2 0 5 1626 1631 1628
8120 2 2 0 5 1633 5314 1628
8121 2 2 0 5 5349 5350 1631
8122 2 2 0 5 1632 1635 1634
8123 2 2 0 5 5194 5479 1633
8124 2 2 0 5 1636 1639 1638
8125 2 2 0 5 1695 2176 1637
8126 2 2 0 5 1705 5385 5057
8127 2 2 0 5 1710 5126 2244
8128 2 2 0 5 1717 5386 5218
8129 2 2 0 5 1914 2095 1915
8130 2 2 0 5 2004 5221 2005
8131 2 2 0 5 2005 2017 2007
8132 2 2 0 5 2007 2062 2006
8133 2 2 0 5 2062 3039 2006
8134 2 2 0 5 2008 2010 2009
8135 2 2 0 5 2092 2295 2185
8136 2 2 0 5 2105 2269 2103
8137 2 2 0 5 2113 2720 2347
8138 2 2 0 5 2115 5336 2731
8139 2 2 0 5 4923 4924 2168
8140 2 2 0 5 2177 2178 2176
8141 2 2 0 5 2176 5442 5194
8142 2 2 0 5 2177 5504 2453
8143 2 2 0 5 2452 2688 2178
8144 2 2 0 5 2182 2341 2181
8145 2 2 0 5 2185 2451 2184
8146 2 2 0 5 2451 5197 2184
8147 2 2 0 5 2189 2191 2190
8148 2 2 0 5 2221 2223 2222
8149 2 2 0 5 2240 2241 2239
8150 2 2 0 5 2242 2690 2241
8151 2 2 0 5 2241 5401 3789
8152 2 2 0 5 2264 2265 2263
8153 2 2 0 5 2523 2907 2341
8154 2 2 0 5 2420 3470 2359
8155 2 2 0 5 2360 2518 2517
8156 2 2 0 5 2655 2962 2368
8157 2 2 0 5 2451 5376 5196
8158 2 2 0 5 3046 3047 2455
8159 2 2 0 5 2482 2952 2483
8160 2 2 0 5 2518 2525 2519
8161 2 2 0 5 2524 5387 3439
8162 2 2 0 5 2525 2969 2526
8163 2 2 0 5 3421 3422 2690
8164 2 2 0 5 2731 3794 2733
8165 2 2 0 5 3247 3655 2732
8166 2 2 0 5 2775 3044 2774
8167 2 2 0 5 2918 2976 2919
8168 2 2 0 5 2962 3074 2963
8169 2 2 0 5 3282 5358 2962
8170 2 2 0 5 3075 3438 2963
8171 2 2 0 5 3024 3446 3025
8172 2 2 0 5 3450 3451 3040
8173 2 2 0 5 3045 5571 3044
8174 2 2 0 5 3483 3506 3047
8175 2 2 0 5 3295 3929 3076
8176 2 2 0 5 3259 3826 3825
8177 2 2 0 5 4189 4190 3351
8178 2 2 0 5 3408 3917 3916
8179 2 2 0 5 3422 3424 3423
8180 2 2 0 5 3447 5036 3466
8181 2 2 0 5 3469 3791 3448
8182 2 2 0 5 3450 5390 3454
8183 2 2 0 5 3452 3453 3451
8184 2 2 0 5 5369 5496 3793
8185 2 2 0 5 3794 5132 3800
8186 2 2 0 5 3800 5563 5431
8187 2 2 0 5 3858 5096 5095
8188 2 2 0 5 4958 4960 4959
8189 2 2 0 5 4960 4962 4961
8190 2 2 0 5 5252 5286 5253
8191 2 2 0 5 5253 5504 5484
8192 2 2 0 5 1409 1411 1410
8193 2 2 0 5 1413 1416 1414
8194 2 2 0 5 1939 5391 1413
8195 2 2 0 5 2465 2822 2821
8196 2 2 0 5 5240 5456 2710
8197 2 2 0 5 2798 3513 2796
8198 2 2 0 5 5090 5623 3032
8199 2 2 0 5 3384 4188 3648
8200 2 2 0 5 3418 3420 3419
8201 2 2 0 5 1000 5379 2245
8202 2 2 0 5 1604 1630 1629
8203 2 2 0 5 1700 1702 1701
8204 2 2 0 5 1704 1706 1705
8205 2 2 0 5 1707 1708 1706
8206 2 2 0 5 1713 1714 1712
8207 2 2 0 5 1721 1722 1720
8208 2 2 0 5 1720 5352 3785
8209 2 2 0 5 1734 5499 1745
8210 2 2 0 5 1737 1738 1736
8211 2 2 0 5 1917 5344 2657
8212 2 2 0 5 2199 2692 2197
8213 2 2 0 5 2246 5357 2466
8214 2 2 0 5 2253 2326 2325
8215 2 2 0 5 2257 2259 2255
8216 2 2 0 5 2274 2276 2275
8217 2 2 0 5 2294 3772 2655
8218 2 2 0 5 2505 2506 2301
8219 2 2 0 5 2494 3038 2833
8220 2 2 0 5 2713 4834 2511
8221 2 2 0 5 2812 3777 2694
8222 2 2 0 5 2741 2743 2742
8223 2 2 0 5 2744 2745 2743
8224 2 2 0 5 2746 2747 2745
8225 2 2 0 5 2746 5468 2758
8226 2 2 0 5 2750 2752 2749
8227 2 2 0 5 2751 5557 5552
8228 2 2 0 5 2789 5158 3237
8229 2 2 0 5 3391 5443 2812
8230 2 2 0 5 2822 2823 2821
8231 2 2 0 5 3608 5424 2833
8232 2 2 0 5 2956 3695 3694
8233 2 2 0 5 3036 3486 3441
8234 2 2 0 5 3268 3641 3338
8235 2 2 0 5 3341 5483 3883
8236 2 2 0 5 3441 5007 3782
8237 2 2 0 5 3607 5155 4449
8238 2 2 0 5 3773 5273 5107
8239 2 2 0 5 3788 5478 3787
8240 2 2 0 5 4062 5490 4531
8241 2 2 0 5 5041 5582 5566
8242 2 2 0 5 5126 5181 5125
8243 2 2 0 5 5516 5520 5363
8244 2 2 0 5 936 5332 5331
8245 2 2 0 5 1032 1033 1030
8246 2 2 0 5 1034 2520 1033
8247 2 2 0 5 1077 5418 2770
8248 2 2 0 5 1426 5411 1696
8249 2 2 0 5 1431 1433 1432
8250 2 2 0 5 1433 1435 1434
8251 2 2 0 5 1592 1593 1468
8252 2 2 0 5 2242 3421 2690
8253 2 2 0 5 2259 5481 2255
8254 2 2 0 5 2468 2498 2265
8255 2 2 0 5 2449 2687 2679
8256 2 2 0 5 2453 5427 2452
8257 2 2 0 5 2687 5477 5072
8258 2 2 0 5 3281 3365 2799
8259 2 2 0 5 3447 3448 3025
8260 2 2 0 5 3764 4943 4909
8261 2 2 0 5 976 977 975
8262 2 2 0 5 1407 2448 1409
8263 2 2 0 5 1431 5348 1433
8264 2 2 0 5 5373 5374 1600
8265 2 2 0 5 2449 2450 2003
8266 2 2 0 5 2295 5419 2420
8267 2 2 0 5 2731 2732 2532
8268 2 2 0 5 2793 3289 2795
8269 2 2 0 5 3357 5114 2824
8270 2 2 0 5 2977 5293 2919
8271 2 2 0 5 992 993 991
8272 2 2 0 5 1002 1003 1001
8273 2 2 0 5 1004 5290 1008
8274 2 2 0 5 1010 5291 1070
8275 2 2 0 5 1013 1014 1012
8276 2 2 0 5 1016 1017 1014
8277 2 2 0 5 1210 1212 1211
8278 2 2 0 5 1638 5484 1695
8279 2 2 0 5 2305 5221 2004
8280 2 2 0 5 2342 2550 2343
8281 2 2 0 5 3050 5502 2343
8282 2 2 0 5 2412 3477 3476
8283 2 2 0 5 2452 5427 3023
8284 2 2 0 5 2550 3321 2551
8285 2 2 0 5 3774 3775 2983
8286 2 2 0 5 3427 5452 3494
8287 2 2 0 5 3510 5276 5275
8288 2 2 0 5 3816 4619 3817
8289 2 2 0 5 4915 4922 4097
8290 2 2 0 5 1189 1190 1188
8291 2 2 0 5 1411 1939 1413
8292 2 2 0 5 1428 5411 1426
8293 2 2 0 5 1636 5395 1639
8294 2 2 0 5 1895 2108 1896
8295 2 2 0 5 2238 5637 5632
8296 2 2 0 5 2360 5305 2518
8297 2 2 0 5 4913 5648 2506
8298 2 2 0 5 2519 2703 2517
8299 2 2 0 5 2798 5089 3517
8300 2 2 0 5 2956 5515 3695
8301 2 2 0 5 3361 3594 3504
8302 2 2 0 5 3625 5227 5226
8303 2 2 0 5 5552 5557 4926
8304 2 2 0 5 5080 5082 5079
8305 2 2 0 5 2169 4898 1186
8306 2 2 0 5 5066 5487 2266
8307 2 2 0 5 5174 5385 2270
8308 2 2 0 5 2494 5125 3464
8309 2 2 0 5 2505 5365 3077
8310 2 2 0 5 5107 5113 2704
8311 2 2 0 5 3793 5406 2722
8312 2 2 0 5 2725 2727 2726
8313 2 2 0 5 2774 5198 2772
8314 2 2 0 5 2973 3734 3733
8315 2 2 0 5 3087 3088 3086
8316 2 2 0 5 4231 5117 3346
8317 2 2 0 5 3396 4837 4824
8318 2 2 0 5 3433 5137 5136
8319 2 2 0 5 3435 5136 4947
8320 2 2 0 5 3436 4825 3490
8321 2 2 0 5 978 979 977
8322 2 2 0 5 980 981 979
8323 2 2 0 5 1121 4923 2168
8324 2 2 0 5 1254 5445 3491
8325 2 2 0 5 1406 5457 1497
8326 2 2 0 5 1421 5346 5345
8327 2 2 0 5 1706 5385 1705
8328 2 2 0 5 1732 1733 1730
8329 2 2 0 5 1754 2196 2195
8330 2 2 0 5 2179 2674 2673
8331 2 2 0 5 2246 2466 2301
8332 2 2 0 5 2253 2325 2252
8333 2 2 0 5 2705 2707 2706
8334 2 2 0 5 2922 5517 2923
8335 2 2 0 5 2956 3694 3391
8336 2 2 0 5 3460 4847 3012
8337 2 2 0 5 3444 3771 3443
8338 2 2 0 5 5521 5536 3500
8339 2 2 0 5 3576 3905 3577
8340 2 2 0 5 3780 5055 3771
8341 2 2 0 5 3803 5516 5461
8342 2 2 0 5 4485 4486 4484
8343 2 2 0 5 4829 4833 4827
8344 2 2 0 5 1622 5240 1621
8345 2 2 0 5 5484 5504 1695
8346 2 2 0 5 2005 5221 2017
8347 2 2 0 5 2010 2412 2009
8348 2 2 0 5 2551 3051 3050
8349 2 2 0 5 2777 3468 2716
8350 2 2 0 5 2770 5591 5396
8351 2 2 0 5 2785 3099 2787
8352 2 2 0 5 3604 3620 2840
8353 2 2 0 5 2907 5069 5068
8354 2 2 0 5 3985 4012 3100
8355 2 2 0 5 3373 3724 3375
8356 2 2 0 5 3478 5166 3479
8357 2 2 0 5 5168 5425 3479
8358 2 2 0 5 5089 5090 3517
8359 2 2 0 5 4619 4620 3817
8360 2 2 0 5 4620 4622 4621
8361 2 2 0 5 1127 1130 1126
8362 2 2 0 5 1137 1138 1135
8363 2 2 0 5 1141 1142 1139
8364 2 2 0 5 1141 5347 1144
8365 2 2 0 5 1143 2227 1142
8366 2 2 0 5 1145 5317 1143
8367 2 2 0 5 1147 1162 1145
8368 2 2 0 5 1151 2230 1149
8369 2 2 0 5 1160 2235 1158
8370 2 2 0 5 1161 5414 1164
8371 2 2 0 5 1165 1166 1163
8372 2 2 0 5 1214 5319 1216
8373 2 2 0 5 1217 2234 1215
8374 2 2 0 5 1257 1455 1258
8375 2 2 0 5 2002 2003 1430
8376 2 2 0 5 1448 1890 1446
8377 2 2 0 5 2187 2188 1455
8378 2 2 0 5 1455 5503 5292
8379 2 2 0 5 1492 1608 1606
8380 2 2 0 5 1608 1610 1609
8381 2 2 0 5 1754 5520 5312
8382 2 2 0 5 2180 5182 2182
8383 2 2 0 5 5267 5341 2211
8384 2 2 0 5 4850 5282 2228
8385 2 2 0 5 2231 2233 2232
8386 2 2 0 5 2380 2528 2371
8387 2 2 0 5 3015 3409 2447
8388 2 2 0 5 2679 2680 2450
8389 2 2 0 5 5513 5579 2754
8390 2 2 0 5 2846 3499 3265
8391 2 2 0 5 5416 5459 2990
8392 2 2 0 5 3268 3269 3267
8393 2 2 0 5 3295 5004 4515
8394 2 2 0 5 3416 3417 3415
8395 2 2 0 5 3499 4117 4116
8396 2 2 0 5 3629 3630 3628
8397 2 2 0 5 4456 5498 3655
8398 2 2 0 5 3769 5120 3770
8399 2 2 0 5 3805 4936 4935
8400 2 2 0 5 3805 4937 4936
8401 2 2 0 5 5048 5049 5047
8402 2 2 0 5 5072 5477 5085
8403 2 2 0 5 5503 5533 5112
8404 2 2 0 5 973 3326 971
8405 2 2 0 5 982 1421 984
8406 2 2 0 5 985 1901 983
8407 2 2 0 5 1076 5418 1077
8408 2 2 0 5 1201 1229 1202
8409 2 2 0 5 2010 5590 5249
8410 2 2 0 5 3458 5517 2922
8411 2 2 0 5 3490 5364 3434
8412 2 2 0 5 3463 5505 5325
8413 2 2 0 5 5593 5614 3507
8414 2 2 0 5 5212 5214 5211
8415 2 2 0 5 5260 5263 5259
8416 2 2 0 5 1466 1468 1259
8417 2 2 0 5 2912 3121 2498
8418 2 2 0 5 5145 5146 2507
8419 2 2 0 5 4823 4836 3394
8420 2 2 0 5 3985 4463 4012
8421 2 2 0 5 982 983 981
8422 2 2 0 5 984 985 983
8423 2 2 0 5 988 989 987
8424 2 2 0 5 996 997 995
8425 2 2 0 5 1187 3482 1189
8426 2 2 0 5 1494 5239 1579
8427 2 2 0 5 1737 5473 1753
8428 2 2 0 5 1739 1740 1738
8429 2 2 0 5 1740 5474 1742
8430 2 2 0 5 1741 5205 2711
8431 2 2 0 5 1744 1746 1743
8432 2 2 0 5 1743 5475 5474
8433 2 2 0 5 1747 1748 1746
8434 2 2 0 5 1765 1766 1763
8435 2 2 0 5 1770 3801 3489
8436 2 2 0 5 2000 2511 2001
8437 2 2 0 5 2117 2422 2118
8438 2 2 0 5 2269 5491 5039
8439 2 2 0 5 2512 3013 2514
8440 2 2 0 5 2515 3488 2513
8441 2 2 0 5 3186 3898 3271
8442 2 2 0 5 3272 5361 5360
8443 2 2 0 5 3274 3275 3273
8444 2 2 0 5 3278 3279 3276
8445 2 2 0 5 4415 4416 3630
8446 2 2 0 5 3724 4772 4758
8447 2 2 0 5 5325 5505 5326
8448 2 2 0 5 2453 5504 5286
8449 2 2 0 5 2462 2463 2461
8450 2 2 0 5 3053 5128 2463
8451 2 2 0 5 2822 5128 3516
8452 2 2 0 5 2923 5517 3558
8453 2 2 0 5 3074 4189 3351
8454 2 2 0 5 3807 5512 5476
8455 2 2 0 5 1435 5265 1437
8456 2 2 0 5 1591 5578 5239
8457 2 2 0 5 1704 1707 1706
8458 2 2 0 5 2198 2199 2197
8459 2 2 0 5 3423 5401 2690
8460 2 2 0 5 2741 2744 2743
8461 2 2 0 5 2746 2748 2747
8462 2 2 0 5 3338 3339 3269
8463 2 2 0 5 3281 5493 4382
8464 2 2 0 5 4061 4467 3608
8465 2 2 0 5 3790 5531 5407
8466 2 2 0 5 4070 5271 5270
8467 2 2 0 5 977 2547 975
8468 2 2 0 5 1411 1412 1410
8469 2 2 0 5 1416 1417 1414
8470 2 2 0 5 1418 1419 1417
8471 2 2 0 5 1420 1469 1419
8472 2 2 0 5 1437 2194 1439
8473 2 2 0 5 1442 1772 1440
8474 2 2 0 5 1470 1576 1469
8475 2 2 0 5 2185 5376 2451
8476 2 2 0 5 2819 5451 3786
8477 2 2 0 5 3710 5505 3462
8478 2 2 0 5 3550 4162 4161
8479 2 2 0 5 4755 4775 4641
8480 2 2 0 5 5075 5076 5074
8481 2 2 0 5 117 5378 116
8482 2 2 0 5 926 969 968
8483 2 2 0 5 1502 5265 1435
8484 2 2 0 5 977 5394 2547
8485 2 2 0 5 1057 5409 1061
8486 2 2 0 5 1064 5410 1066
8487 2 2 0 5 1492 5480 1608
8488 2 2 0 5 2222 5514 3496
8489 2 2 0 5 5315 5547 2720
8490 2 2 0 5 2733 3247 2732
8491 2 2 0 5 5324 5488 2776
8492 2 2 0 5 3429 5452 3427
8493 2 2 0 5 3795 3796 3471
8494 2 2 0 5 4984 5249 3779
8495 2 2 0 5 2368 5351 2236
8496 2 2 0 5 2266 5383 2263
8497 2 2 0 5 3346 5117 2817
8498 2 2 0 5 2973 5501 3734
8499 2 2 0 5 3573 3997 3576
8500 2 2 0 5 4416 5208 3630
8501 2 2 0 5 981 2243 979
8502 2 2 0 5 992 2272 994
8503 2 2 0 5 1055 5409 1057
8504 2 2 0 5 5309 5310 1251
8505 2 2 0 5 2770 5436 1263
8506 2 2 0 5 3491 5457 1406
8507 2 2 0 5 1429 5528 1425
8508 2 2 0 5 1429 5436 5335
8509 2 2 0 5 1591 5239 1494
8510 2 2 0 5 3785 4992 1719
8511 2 2 0 5 2463 5128 2465
8512 2 2 0 5 2677 5550 2730
8513 2 2 0 5 2738 2740 2739
8514 2 2 0 5 3036 3037 2740
8515 2 2 0 5 2758 5045 2748
8516 2 2 0 5 2768 2781 2766
8517 2 2 0 5 2812 5443 3777
8518 2 2 0 5 2937 3646 3251
8519 2 2 0 5 3505 5452 3429
8520 2 2 0 5 3444 5177 3780
8521 2 2 0 5 3799 5548 3502
8522 2 2 0 5 5398 5482 3520
8523 2 2 0 5 5251 5591 5418
8524 2 2 0 5 1572 5400 1464
8525 2 2 0 5 3789 5313 2239
8526 2 2 0 5 2806 3408 3356
8527 2 2 0 5 3421 3467 3422
8528 2 2 0 5 4518 4524 4516
8529 2 2 0 5 4517 4520 4519
8530 2 2 0 5 4520 4523 4521
8531 2 2 0 5 1188 2169 1186
8532 2 2 0 5 1234 1256 1255
8533 2 2 0 5 1608 5480 5111
8534 2 2 0 5 1737 1739 1738
8535 2 2 0 5 1759 1761 1760
8536 2 2 0 5 1898 5502 5471
8537 2 2 0 5 2512 2513 2001
8538 2 2 0 5 2105 2445 2269
8539 2 2 0 5 5054 5530 2181
8540 2 2 0 5 2445 2677 2459
8541 2 2 0 5 2707 2708 2706
8542 2 2 0 5 3051 3816 3815
8543 2 2 0 5 4826 4830 3404
8544 2 2 0 5 3411 4841 3412
8545 2 2 0 5 5370 5426 3790
8546 2 2 0 5 5565 5644 4623
8547 2 2 0 5 4966 4969 4965
8548 2 2 0 5 1429 5548 5528
8549 2 2 0 5 1748 5602 1750
8550 2 2 0 5 2728 5364 3011
8551 2 2 0 5 3655 5489 2732
8552 2 2 0 5 3091 5549 2736
8553 2 2 0 5 5417 5638 2811
8554 2 2 0 5 2838 3076 2839
8555 2 2 0 5 3121 5013 3637
8556 2 2 0 5 3493 5511 3460
8557 2 2 0 5 5107 5186 5113
8558 2 2 0 5 1577 1604 1603
8559 2 2 0 5 2704 5113 1723
8560 2 2 0 5 1733 5363 1730
8561 2 2 0 5 1764 1765 1763
8562 2 2 0 5 2118 5426 1903
8563 2 2 0 5 2000 2713 2511
8564 2 2 0 5 2175 5266 2705
8565 2 2 0 5 2252 5272 2198
8566 2 2 0 5 2494 3464 3038
8567 2 2 0 5 2526 5485 2519
8568 2 2 0 5 2581 3030 3029
8569 2 2 0 5 2806 3091 2736
8570 2 2 0 5 2750 2753 2752
8571 2 2 0 5 2753 2756 2755
8572 2 2 0 5 2763 5407 2765
8573 2 2 0 5 2835 3767 3766
8574 2 2 0 5 3030 4984 3779
8575 2 2 0 5 5365 5366 3077
8576 2 2 0 5 3089 3768 3668
8577 2 2 0 5 3339 3341 3340
8578 2 2 0 5 3341 3360 3342
8579 2 2 0 5 3408 4928 3917
8580 2 2 0 5 3782 5512 3492
8581 2 2 0 5 1220 1222 1221
8582 2 2 0 5 1222 1232 1231
8583 2 2 0 5 1240 5437 1260
8584 2 2 0 5 1465 5470 5373
8585 2 2 0 5 1497 5457 1615
8586 2 2 0 5 1613 5274 5105
8587 2 2 0 5 1633 5479 5314
8588 2 2 0 5 1743 5474 1740
8589 2 2 0 5 2690 5401 2241
8590 2 2 0 5 2703 5630 5012
8591 2 2 0 5 2711 5581 5285
8592 2 2 0 5 2727 5364 2728
8593 2 2 0 5 5188 5557 2751
8594 2 2 0 5 2806 3356 3091
8595 2 2 0 5 3783 3784 3043
8596 2 2 0 5 3361 3504 3503
8597 2 2 0 5 5573 5605 3464
8598 2 2 0 5 3509 5521 3500
8599 2 2 0 5 5068 5399 5067
8600 2 2 0 5 1889 5440 1598
8601 2 2 0 5 1608 1609 1606
8602 2 2 0 5 1610 1611 1609
8603 2 2 0 5 1613 5105 5104
8604 2 2 0 5 1728 5520 1726
8605 2 2 0 5 1730 5363 1728
8606 2 2 0 5 1747 1751 1749
8607 2 2 0 5 1767 2186 1904
8608 2 2 0 5 2117 2118 1903
8609 2 2 0 5 2511 2512 2001
8610 2 2 0 5 2118 5531 5426
8611 2 2 0 5 2190 3481 2188
8612 2 2 0 5 2276 5524 2776
8613 2 2 0 5 2466 3086 2505
8614 2 2 0 5 2709 5266 3493
8615 2 2 0 5 2718 5370 3790
8616 2 2 0 5 2763 2764 2719
8617 2 2 0 5 2741 2742 2739
8618 2 2 0 5 3338 3343 3339
8619 2 2 0 5 3405 4826 3404
8620 2 2 0 5 3626 5226 3629
8621 2 2 0 5 5198 5496 5369
8622 2 2 0 5 5365 5367 5366
8623 2 2 0 5 2553 5319 1214
8624 2 2 0 5 1223 5156 1219
8625 2 2 0 5 1455 5292 1258
8626 2 2 0 5 1404 1492 1491
8627 2 2 0 5 1427 5412 1462
8628 2 2 0 5 1773 1774 1611
8629 2 2 0 5 1624 5472 1622
8630 2 2 0 5 1699 5299 5297
8631 2 2 0 5 1739 1741 1740
8632 2 2 0 5 2769 5500 2099
8633 2 2 0 5 2187 3474 2189
8634 2 2 0 5 2839 3808 2423
8635 2 2 0 5 3033 5564 2430
8636 2 2 0 5 3043 5491 2459
8637 2 2 0 5 2730 4840 3495
8638 2 2 0 5 2753 2759 2756
8639 2 2 0 5 2782 5626 2781
8640 2 2 0 5 2835 5594 3767
8641 2 2 0 5 5115 5183 3029
8642 2 2 0 5 3347 4230 3346
8643 2 2 0 5 3811 5434 3810
8644 2 2 0 5 5042 5582 5041
8645 2 2 0 5 5061 5464 5461
8646 2 2 0 5 5502 5593 5471
8647 2 2 0 5 1135 5316 1134
8648 2 2 0 5 1404 5480 1492
8649 2 2 0 5 5497 5524 2274
8650 2 2 0 5 2280 5398 3520
8651 2 2 0 5 3247 5575 3908
8652 2 2 0 5 3816 3817 3815
8653 2 2 0 5 1122 1126 1121
8654 2 2 0 5 1216 1228 1218
8655 2 2 0 5 1220 5404 1222
8656 2 2 0 5 1258 1404 1403
8657 2 2 0 5 1427 5528 5412
8658 2 2 0 5 1467 5102 1466
8659 2 2 0 5 1635 5544 5132
8660 2 2 0 5 1692 5466 1693
8661 2 2 0 5 5495 5499 1736
8662 2 2 0 5 2348 2349 2114
8663 2 2 0 5 2189 5288 2191
8664 2 2 0 5 2274 5524 2276
8665 2 2 0 5 3500 5198 2774
8666 2 2 0 5 3492 3807 3806
8667 2 2 0 5 3572 4918 3575
8668 2 2 0 5 5180 5459 5416
8669 2 2 0 5 5421 5566 5248
8670 2 2 0 5 1462 5412 1591
8671 2 2 0 5 5321 5589 3459
8672 2 2 0 5 1257 5320 2187
8673 2 2 0 5 1742 5495 1738
8674 2 2 0 5 2719 5124 1760
8675 2 2 0 5 1764 5371 2000
8676 2 2 0 5 2765 5538 2767
8677 2 2 0 5 3436 3490 3434
8678 2 2 0 5 1165 5398 2280
8679 2 2 0 5 1676 1677 1675
8680 2 2 0 5 3468 5567 5555
8681 2 2 0 5 5192 5568 4930
8682 2 2 0 5 5015 5016 5014
8683 2 2 0 5 5423 5567 5348
8684 2 2 0 5 2239 5313 1619
8685 2 2 0 5 1751 5285 5284
8686 2 2 0 5 1887 5336 2115
8687 2 2 0 5 2097 5500 5421
8688 2 2 0 5 2262 2383 2264
8689 2 2 0 5 2740 5435 2741
8690 2 2 0 5 3048 5516 5363
8691 2 2 0 5 1204 5382 1227
8692 2 2 0 5 1222 5404 1233
8693 2 2 0 5 1248 1249 1230
8694 2 2 0 5 1622 5472 5240
8695 2 2 0 5 5403 5459 5180
8696 2 2 0 5 1191 5381 1407
8697 2 2 0 5 2009 5494 1773
8698 2 2 0 5 2462 3497 3053
8699 2 2 0 5 2463 2465 2464
8700 2 2 0 5 3434 5364 2727
8701 2 2 0 5 2822 3516 3512
8702 2 2 0 5 3028 3550 3357
8703 2 2 0 5 3494 5529 5122
8704 2 2 0 5 1695 5504 2177
8705 2 2 0 5 3039 5413 2006
8706 2 2 0 5 2787 5158 2789
8707 2 2 0 5 1065 5430 1062
8708 2 2 0 5 1425 5528 1427
8709 2 2 0 5 1612 5583 1613
8710 2 2 0 5 2092 5419 2295
8711 2 2 0 5 2423 5531 2118
8712 2 2 0 5 3031 5451 2712
8713 2 2 0 5 3356 5507 3091
8714 2 2 0 5 5454 5538 3808
8715 2 2 0 5 4613 4952 4951
8716 2 2 0 5 2550 3322 3321
8717 2 2 0 5 5168 5559 5425
8718 2 2 0 5 5425 5559 5547
8719 2 2 0 5 5487 5523 2266
8720 2 2 0 5 4620 4621 3817
8721 2 2 0 5 5169 5171 5170
8722 2 2 0 5 116 5378 926
8723 2 2 0 5 926 970 969
8724 2 2 0 5 3792 5093 972
8725 2 2 0 5 2547 5462 975
8726 2 2 0 5 1421 5345 984
8727 2 2 0 5 986 988 987
8728 2 2 0 5 994 996 995
8729 2 2 0 5 1251 5560 5251
8730 2 2 0 5 1617 5530 1618
8731 2 2 0 5 1627 5472 1624
8732 2 2 0 5 2006 5413 1888
8733 2 2 0 5 2091 5419 2092
8734 2 2 0 5 5241 5463 2091
8735 2 2 0 5 2200 5288 2714
8736 2 2 0 5 2207 5311 5309
8737 2 2 0 5 2236 5351 5349
8738 2 2 0 5 2686 5506 5087
8739 2 2 0 5 3544 5454 2839
8740 2 2 0 5 2907 5068 5067
8741 2 2 0 5 3407 3455 3019
8742 2 2 0 5 3021 3319 3022
8743 2 2 0 5 3319 3625 3320
8744 2 2 0 5 3462 5505 3463
8745 2 2 0 5 3469 5465 5456
8746 2 2 0 5 3626 3629 3628
8747 2 2 0 5 3629 4415 3630
8748 2 2 0 5 5412 5528 3799
8749 2 2 0 5 4622 4623 4621
8750 2 2 0 5 4925 5509 5278
8751 2 2 0 5 4976 5630 4977
8752 2 2 0 5 5062 5546 5063
8753 2 2 0 5 5350 5563 5544
8754 2 2 0 5 4433 5517 3458
8755 2 2 0 5 2754 5525 2743
8756 2 2 0 5 3051 3814 3050
8757 2 2 0 5 5632 5637 3515
8758 2 2 0 5 1241 5437 1240
8759 2 2 0 5 1727 5186 1729
8760 2 2 0 5 1736 5499 1734
8761 2 2 0 5 3047 5514 2455
8762 2 2 0 5 2478 5601 5554
8763 2 2 0 5 5041 5500 2769
8764 2 2 0 5 5166 5167 3479
8765 2 2 0 5 3573 3574 3572
8766 2 2 0 5 5155 5424 3608
8767 2 2 0 5 1187 1189 1188
8768 2 2 0 5 1189 5381 1191
8769 2 2 0 5 1577 1603 1576
8770 2 2 0 5 1630 5296 1629
8771 2 2 0 5 1720 3785 1719
8772 2 2 0 5 1722 5352 1720
8773 2 2 0 5 1726 1754 1725
8774 2 2 0 5 2091 5463 5419
8775 2 2 0 5 5592 5608 2194
8776 2 2 0 5 2431 5223 5222
8777 2 2 0 5 2494 2833 2493
8778 2 2 0 5 4011 5507 3356
8779 2 2 0 5 5362 5469 3484
8780 2 2 0 5 5128 5510 3516
8781 2 2 0 5 5274 5583 5564
8782 2 2 0 5 5312 5520 5516
8783 2 2 0 5 5494 5547 5315
8784 2 2 0 5 1138 5432 5316
8785 2 2 0 5 1232 5587 1231
8786 2 2 0 5 1234 5320 1257
8787 2 2 0 5 1403 5247 1256
8788 2 2 0 5 1898 5471 1611
8789 2 2 0 5 5298 5343 1703
8790 2 2 0 5 1876 5519 1878
8791 2 2 0 5 2342 2343 2020
8792 2 2 0 5 2187 5320 3474
8793 2 2 0 5 2191 5288 2200
8794 2 2 0 5 2735 2737 2736
8795 2 2 0 5 2738 5467 3036
8796 2 2 0 5 2745 5224 2754
8797 2 2 0 5 3514 5510 3053
8798 2 2 0 5 3360 3361 3342
8799 2 2 0 5 4933 5483 3343
8800 2 2 0 5 3410 5610 3409
8801 2 2 0 5 5218 5522 3493
8802 2 2 0 5 5224 5552 5513
8803 2 2 0 5 2429 5448 3774
8804 2 2 0 5 5234 5598 2454
8805 2 2 0 5 2811 5638 5526
8806 2 2 0 5 5461 5516 3048
8807 2 2 0 5 5420 5543 3783
8808 2 2 0 5 3987 3988 3986
8809 2 2 0 5 5546 5636 5063
8810 2 2 0 5 2274 2275 2258
8811 2 2 0 5 5452 5556 3494
8812 2 2 0 5 917 5450 118
8813 2 2 0 5 917 5534 5450
8814 2 2 0 5 1888 5413 1640
8815 2 2 0 5 5169 5170 5168
8816 2 2 0 5 5446 5569 3041
8817 2 2 0 5 5647 5656 1576
8818 2 2 0 5 1675 1781 1672
8819 2 2 0 5 2224 5514 2222
8820 2 2 0 5 3051 5518 3816
8821 2 2 0 5 1241 5438 5437
8822 2 2 0 5 2263 5383 2261
8823 2 2 0 5 3496 5570 5310
8824 2 2 0 5 3793 5496 5473
8825 2 2 0 5 5621 5628 2172
8826 2 2 0 5 3074 5358 4189
8827 2 2 0 5 2722 5406 1731
8828 2 2 0 5 1747 5285 1751
8829 2 2 0 5 3790 5407 2763
8830 2 2 0 5 5489 5498 3709
8831 2 2 0 5 5239 5578 5182
8832 2 2 0 5 5452 5576 5556
8833 2 2 0 5 1639 5336 1887
8834 2 2 0 5 5476 5603 3807
8835 2 2 0 5 2823 3027 2824
8836 2 2 0 5 1613 5583 5274
8837 2 2 0 5 5363 5520 1728
8838 2 2 0 5 2268 5583 1916
8839 2 2 0 5 2455 5514 2224
8840 2 2 0 5 2551 5518 3051
8841 2 2 0 5 3493 5522 5511
8842 2 2 0 5 5396 5591 3506
8843 2 2 0 5 3695 5554 4485
8844 2 2 0 5 5430 5568 5192
8845 2 2 0 5 5310 5570 5560
8846 2 2 0 5 1387 1392 1389
8847 2 2 0 5 1423 5436 1429
8848 2 2 0 5 1632 5544 1635
8849 2 2 0 5 1753 5536 5205
8850 2 2 0 5 2000 5371 2713
8851 2 2 0 5 5205 5521 2711
8852 2 2 0 5 2751 5552 5224
8853 2 2 0 5 2811 5526 2756
8854 2 2 0 5 5427 5492 3023
8855 2 2 0 5 3806 5435 3037
8856 2 2 0 5 3405 5447 4828
8857 2 2 0 5 3500 5536 5198
8858 2 2 0 5 5386 5522 5218
8859 2 2 0 5 1256 5247 1255
8860 2 2 0 5 2738 3036 2740
8861 2 2 0 5 3102 4061 3608
8862 2 2 0 5 3268 3338 3269
8863 2 2 0 5 3486 5467 5464
8864 2 2 0 5 5620 5627 5276
8865 2 2 0 5 2454 5598 5589
8866 2 2 0 5 2730 5550 4840
8867 2 2 0 5 3501 5562 3799
8868 2 2 0 5 5404 5405 1233
8869 2 2 0 5 5272 5515 2199
8870 2 2 0 5 2962 5358 3074
8871 2 2 0 5 1596 5470 1453
8872 2 2 0 5 1572 5440 5400
8873 2 2 0 5 2519 5485 2703
8874 2 2 0 5 5115 5533 3481
8875 2 2 0 5 4951 5294 4087
8876 2 2 0 5 5310 5560 1251
8877 2 2 0 5 2431 5549 5223
8878 2 2 0 5 3506 5570 3047
8879 2 2 0 5 3807 5572 3806
8880 2 2 0 5 1711 5189 2179
8881 2 2 0 5 2692 5558 5353
8882 2 2 0 5 1387 1388 1386
8883 2 2 0 5 1731 5406 1732
8884 2 2 0 5 3607 5424 5155
8885 2 2 0 5 5177 5178 3780
8886 2 2 0 5 1005 5597 1003
8887 2 2 0 5 3032 5631 5090
8888 2 2 0 5 5471 5593 3507
8889 2 2 0 5 5554 5601 4485
8890 2 2 0 5 5276 5627 5275
8891 2 2 0 5 5439 5574 5438
8892 2 2 0 5 5123 5449 2173
8893 2 2 0 5 3504 5579 5513
8894 2 2 0 5 1138 5316 1135
8895 2 2 0 5 5350 5544 1631
8896 2 2 0 5 5176 5561 4944
8897 2 2 0 5 997 5408 1250
8898 2 2 0 5 2478 5554 5272
8899 2 2 0 5 3391 5490 5443
8900 2 2 0 5 5601 5609 4487
8901 2 2 0 5 1453 5470 1465
8902 2 2 0 5 1598 5440 1572
8903 2 2 0 5 2681 5555 5422
8904 2 2 0 5 4190 5532 3351
8905 2 2 0 5 5129 5539 2780
8906 2 2 0 5 5120 5508 3770
8907 2 2 0 5 2514 5447 3010
8908 2 2 0 5 5225 5628 5621
8909 2 2 0 5 1221 5420 1223
8910 2 2 0 5 1231 5543 5420
8911 2 2 0 5 2325 5222 2478
8912 2 2 0 5 2729 5529 5411
8913 2 2 0 5 3786 5523 5487
8914 2 2 0 5 5140 5469 5362
8915 2 2 0 5 1631 5544 1632
8916 2 2 0 5 2294 5449 3772
8917 2 2 0 5 2340 2461 2460
8918 2 2 0 5 3351 5532 3798
8919 2 2 0 5 3655 5498 5489
8920 2 2 0 5 3789 5527 5433
8921 2 2 0 5 3791 5479 5187
8922 2 2 0 5 3798 5575 5545
8923 2 2 0 5 5170 5559 5168
8924 2 2 0 5 5535 5561 5176
8925 2 2 0 5 5309 5311 5310
8926 2 2 0 5 1639 5395 5336
8927 2 2 0 5 3475 5494 2009
8928 2 2 0 5 2836 5594 2835
8929 2 2 0 5 5470 5631 5373
8930 2 2 0 5 3468 5555 2716
8931 2 2 0 5 5122 5527 5401
8932 2 2 0 5 5422 5567 5423
8933 2 2 0 5 1263 5436 1423
8934 2 2 0 5 1443 5620 1445
8935 2 2 0 5 2430 5564 2268
8936 2 2 0 5 2716 5555 2683
8937 2 2 0 5 2712 5451 2819
8938 2 2 0 5 3459 5568 5430
8939 2 2 0 5 3466 5465 3469
8940 2 2 0 5 3818 5651 5615
8941 2 2 0 5 5599 5600 5223
8942 2 2 0 5 5265 5592 2194
8943 2 2 0 5 3814 5593 3050
8944 2 2 0 5 3776 5481 2259
8945 2 2 0 5 3505 5598 5576
8946 2 2 0 5 5544 5563 5132
8947 2 2 0 5 2099 5500 2097
8948 2 2 0 5 3481 5503 2188
8949 2 2 0 5 2238 5632 5034
8950 2 2 0 5 3781 5124 2719
8951 2 2 0 5 3037 5435 2740
8952 2 2 0 5 3464 5605 3038
8953 2 2 0 5 3432 4219 4086
8954 2 2 0 5 3513 5640 5628
8955 2 2 0 5 4613 4951 4087
8956 2 2 0 5 4776 5277 4641
8957 2 2 0 5 5198 5536 5496
8958 2 2 0 5 2781 5629 5143
8959 2 2 0 5 5528 5548 3799
8960 2 2 0 5 999 5408 997
8961 2 2 0 5 1866 5219 1868
8962 2 2 0 5 2194 5608 5193
8963 2 2 0 5 3038 5389 3102
8964 2 2 0 5 5438 5574 5524
8965 2 2 0 5 5437 5497 2254
8966 2 2 0 5 3506 5591 5560
8967 2 2 0 5 3137 4140 3674
8968 2 2 0 5 5222 5601 2478
8969 2 2 0 5 3091 5599 5549
8970 2 2 0 5 5259 5263 934
8971 2 2 0 5 5602 5613 1750
8972 2 2 0 5 5473 5496 1753
8973 2 2 0 5 2739 5185 2737
8974 2 2 0 5 2744 5468 2746
8975 2 2 0 5 5224 5513 2754
8976 2 2 0 5 3489 5537 5375
8977 2 2 0 5 5048 5604 5049
8978 2 2 0 5 3498 5588 4974
8979 2 2 0 5 4916 4917 3595
8980 2 2 0 5 5571 5595 3801
8981 2 2 0 5 3953 5542 5455
8982 2 2 0 5 5248 5566 5247
8983 2 2 0 5 1231 5420 1221
8984 2 2 0 5 5411 5556 1696
8985 2 2 0 5 2347 5606 2900
8986 2 2 0 5 3267 5585 4993
8987 2 2 0 5 5589 5598 3797
8988 2 2 0 5 3806 5572 5468
8989 2 2 0 5 3815 5633 5625
8990 2 2 0 5 5576 5598 5234
8991 2 2 0 5 2762 5611 2760
8992 2 2 0 5 3631 5607 2968
8993 2 2 0 5 5560 5570 3506
8994 2 2 0 5 4160 5551 3357
8995 2 2 0 5 2431 5222 2325
8996 2 2 0 5 2683 5555 2681
8997 2 2 0 5 3036 5467 3486
8998 2 2 0 5 1611 5471 1609
8999 2 2 0 5 5099 5586 2969
9000 2 2 0 5 2173 5449 2294
9001 2 2 0 5 4641 5277 3371
9002 2 2 0 5 5132 5563 3800
9003 2 2 0 5 979 5394 977
9004 2 2 0 5 5476 5512 1742
9005 2 2 0 5 2742 5185 2739
9006 2 2 0 5 5507 5599 3091
9007 2 2 0 5 3343 5483 3339
9008 2 2 0 5 4917 5579 3595
9009 2 2 0 5 3778 5573 4992
9010 2 2 0 5 5300 5608 5592
9011 2 2 0 5 3505 5576 5452
9012 2 2 0 5 4974 5588 5580
9013 2 2 0 5 1588 5615 1419
9014 2 2 0 5 2254 5497 2256
9015 2 2 0 5 3481 5533 5503
9016 2 2 0 5 5283 5571 3801
9017 2 2 0 5 3465 5610 3413
9018 2 2 0 5 2758 5572 5046
9019 2 2 0 5 1415 5642 5384
9020 2 2 0 5 2188 5503 1455
9021 2 2 0 5 1609 5471 3507
9022 2 2 0 5 2256 5497 2274
9023 2 2 0 5 5401 5527 3789
9024 2 2 0 5 5476 5619 5603
9025 2 2 0 5 2694 5558 2692
9026 2 2 0 5 3010 5447 3405
9027 2 2 0 5 1696 5576 5234
9028 2 2 0 5 3802 5537 3489
9029 2 2 0 5 1260 5437 2254
9030 2 2 0 5 5193 5612 1589
9031 2 2 0 5 3630 5208 4906
9032 2 2 0 5 1916 5583 1612
9033 2 2 0 5 2243 5394 979
9034 2 2 0 5 4942 5646 987
9035 2 2 0 5 5556 5576 1696
9036 2 2 0 5 2969 5586 2970
9037 2 2 0 5 3455 5643 5485
9038 2 2 0 5 5425 5547 3475
9039 2 2 0 5 3475 5547 5494
9040 2 2 0 5 3799 5562 5412
9041 2 2 0 5 5630 5643 4912
9042 2 2 0 5 3808 5531 2423
9043 2 2 0 5 5618 5620 5276
9044 2 2 0 5 2780 5539 2785
9045 2 2 0 5 4993 5557 5188
9046 2 2 0 5 5650 5653 5190
9047 2 2 0 5 2102 5402 2554
9048 2 2 0 5 5626 5629 2781
9049 2 2 0 5 2785 5539 3099
9050 2 2 0 5 3164 3166 3165
9051 2 2 0 5 3260 5553 3746
9052 2 2 0 5 5046 5603 5048
9053 2 2 0 5 5580 5588 1502
9054 2 2 0 5 5146 5565 5148
9055 2 2 0 5 1120 1122 1121
9056 2 2 0 5 5412 5562 1591
9057 2 2 0 5 2149 5448 2148
9058 2 2 0 5 3494 5556 5529
9059 2 2 0 5 5300 5592 3498
9060 2 2 0 5 5560 5591 5251
9061 2 2 0 5 5089 5623 5090
9062 2 2 0 5 5434 5611 2762
9063 2 2 0 5 1755 5602 1748
9064 2 2 0 5 2743 5525 2742
9065 2 2 0 5 5443 5490 4062
9066 2 2 0 5 5468 5572 2758
9067 2 2 0 5 5407 5531 3808
9068 2 2 0 5 1255 5587 1232
9069 2 2 0 5 1447 5618 2172
9070 2 2 0 5 3361 5596 3594
9071 2 2 0 5 5572 5603 5046
9072 2 2 0 5 5348 5580 1502
9073 2 2 0 5 3797 5598 3505
9074 2 2 0 5 5139 5614 2174
9075 2 2 0 5 5631 5639 5090
9076 2 2 0 5 1187 1188 1186
9077 2 2 0 5 3498 5592 5588
9078 2 2 0 5 3779 5590 5115
9079 2 2 0 5 5615 5650 3818
9080 2 2 0 5 5012 5630 4976
9081 2 2 0 5 5324 5624 3515
9082 2 2 0 5 2100 5402 2102
9083 2 2 0 5 3413 5610 3410
9084 2 2 0 5 1681 1897 1684
9085 2 2 0 5 1870 1871 1869
9086 2 2 0 5 1894 5519 1876
9087 2 2 0 5 2454 5589 5321
9088 2 2 0 5 3817 5633 3815
9089 2 2 0 5 4992 5573 5116
9090 2 2 0 5 5496 5536 1753
9091 2 2 0 5 5624 5632 3515
9092 2 2 0 5 1121 2168 1119
9093 2 2 0 5 1869 5635 1867
9094 2 2 0 5 4012 5594 3100
9095 2 2 0 5 1201 1202 1192
9096 2 2 0 5 2776 5574 5324
9097 2 2 0 5 2970 5586 3021
9098 2 2 0 5 3515 5637 3514
9099 2 2 0 5 5644 5645 4623
9100 2 2 0 5 975 5462 973
9101 2 2 0 5 1755 5622 5602
9102 2 2 0 5 3509 5581 5521
9103 2 2 0 5 3572 3575 3570
9104 2 2 0 5 5515 5554 3695
9105 2 2 0 5 5604 5619 5475
9106 2 2 0 5 5356 5506 2686
9107 2 2 0 5 3507 5614 5139
9108 2 2 0 5 5170 5606 5559
9109 2 2 0 5 5529 5556 5411
9110 2 2 0 5 5117 5584 2818
9111 2 2 0 5 1003 5597 1209
9112 2 2 0 5 3801 5595 3802
9113 2 2 0 5 1750 5604 5475
9114 2 2 0 5 5042 5587 5582
9115 2 2 0 5 5049 5613 5050
9116 2 2 0 5 5051 5622 5052
9117 2 2 0 5 3100 5594 2836
9118 2 2 0 5 3508 5608 5300
9119 2 2 0 5 5604 5613 5049
9120 2 2 0 5 5272 5554 5515
9121 2 2 0 5 2148 5448 2429
9122 2 2 0 5 5606 5617 2900
9123 2 2 0 5 973 5462 3326
9124 2 2 0 5 5582 5587 1255
9125 2 2 0 5 3168 3169 3167
9126 2 2 0 5 3168 5005 3634
9127 2 2 0 5 3260 3746 3169
9128 2 2 0 5 1502 5588 5265
9129 2 2 0 5 5104 5569 5106
9130 2 2 0 5 1901 5636 5235
9131 2 2 0 5 5608 5612 5193
9132 2 2 0 5 5566 5582 5247
9133 2 2 0 5 5588 5592 5265
9134 2 2 0 5 5521 5581 2711
9135 2 2 0 5 3807 5603 5572
9136 2 2 0 5 4485 5601 4487
9137 2 2 0 5 2720 5606 2347
9138 2 2 0 5 2907 5607 5069
9139 2 2 0 5 3809 5623 5089
9140 2 2 0 5 1445 5618 1447
9141 2 2 0 5 3508 5612 5608
9142 2 2 0 5 5618 5621 2172
9143 2 2 0 5 3360 5596 3361
9144 2 2 0 5 3357 5551 5114
9145 2 2 0 5 3571 3573 3572
9146 2 2 0 5 3981 5596 3360
9147 2 2 0 5 5600 5609 5223
9148 2 2 0 5 5052 5626 5415
9149 2 2 0 5 3513 5628 5225
9150 2 2 0 5 3778 5605 5573
9151 2 2 0 5 5142 5622 1755
9152 2 2 0 5 5524 5574 2776
9153 2 2 0 5 3340 5585 3269
9154 2 2 0 5 3516 5649 3818
9155 2 2 0 5 5090 5639 3517
9156 2 2 0 5 3517 5640 3513
9157 2 2 0 5 5247 5582 1255
9158 2 2 0 5 5374 5631 3032
9159 2 2 0 5 3050 5593 5502
9160 2 2 0 5 1870 5303 1873
9161 2 2 0 5 1419 5615 1417
9162 2 2 0 5 2523 5607 2907
9163 2 2 0 5 5145 5644 5146
9164 2 2 0 5 5574 5624 5324
9165 2 2 0 5 1589 5620 1443
9166 2 2 0 5 5441 5612 3508
9167 2 2 0 5 1415 5649 5642
9168 2 2 0 5 5106 5569 5446
9169 2 2 0 5 5549 5599 5223
9170 2 2 0 5 5649 5651 3818
9171 2 2 0 5 5602 5622 5051
9172 2 2 0 5 5249 5590 3779
9173 2 2 0 5 4623 5645 4621
9174 2 2 0 5 5612 5627 1589
9175 2 2 0 5 5639 5640 3517
9176 2 2 0 5 5171 5617 5170
9177 2 2 0 5 2968 5607 2523
9178 2 2 0 5 3804 5634 5135
9179 2 2 0 5 1417 5651 1414
9180 2 2 0 5 1589 5627 5620
9181 2 2 0 5 5118 5584 5117
9182 2 2 0 5 1603 5647 1576
9183 2 2 0 5 1384 1387 1386
9184 2 2 0 5 5622 5629 5052
9185 2 2 0 5 5439 5624 5574
9186 2 2 0 5 987 5646 985
9187 2 2 0 5 2506 5648 2301
9188 2 2 0 5 3510 5621 5276
9189 2 2 0 5 1750 5613 5604
9190 2 2 0 5 3269 5585 3267
9191 2 2 0 5 2172 5628 5101
9192 2 2 0 5 5225 5621 3510
9193 2 2 0 5 1881 5303 1870
9194 2 2 0 5 5559 5606 2720
9195 2 2 0 5 5143 5629 5142
9196 2 2 0 5 5092 5632 5624
9197 2 2 0 5 3805 5616 4937
9198 2 2 0 5 3512 5650 5190
9199 2 2 0 5 5275 5627 5441
9200 2 2 0 5 5628 5640 5101
9201 2 2 0 5 5092 5624 5439
9202 2 2 0 5 5170 5617 5606
9203 2 2 0 5 5614 5625 2174
9204 2 2 0 5 2760 5611 2811
9205 2 2 0 5 3814 5625 5614
9206 2 2 0 5 3804 5616 3805
9207 2 2 0 5 3439 5634 3804
9208 2 2 0 5 5034 5632 5092
9209 2 2 0 5 1867 5635 1886
9210 2 2 0 5 4621 5633 3817
9211 2 2 0 5 3815 5625 3814
9212 2 2 0 5 4927 5657 5652
9213 2 2 0 5 1386 1397 1383
9214 2 2 0 5 5190 5653 3813
9215 2 2 0 5 1469 5656 1588
9216 2 2 0 5 5384 5637 2238
9217 2 2 0 5 5441 5627 5612
9218 2 2 0 5 5235 5636 5236
9219 2 2 0 5 4914 5656 5647
9220 2 2 0 5 5142 5629 5622
9221 2 2 0 5 5475 5619 5474
9222 2 2 0 5 5052 5629 5626
9223 2 2 0 5 5276 5621 5618
9224 2 2 0 5 5652 5657 4162
9225 2 2 0 5 2002 5655 2449
9226 2 2 0 5 5526 5638 3499
9227 2 2 0 5 5387 5634 3439
9228 2 2 0 5 5474 5619 5476
9229 2 2 0 5 3499 5638 4117
9230 2 2 0 5 1999 5648 5647
9231 2 2 0 5 5101 5640 1596
9232 2 2 0 5 1588 5653 5650
9233 2 2 0 5 5373 5631 5374
9234 2 2 0 5 1596 5640 5639
9235 2 2 0 5 1596 5639 5470
9236 2 2 0 5 1902 5635 1869
9237 2 2 0 5 4134 5553 3260
9238 2 2 0 5 3653 5540 3164
9239 2 2 0 5 2301 5648 1999
9240 2 2 0 5 1588 5656 5653
9241 2 2 0 5 5485 5643 2703
9242 2 2 0 5 5144 5644 5145
9243 2 2 0 5 5144 5645 5644
9244 2 2 0 5 3137 3674 3138
9245 2 2 0 5 1999 5647 1603
9246 2 2 0 5 3028 5652 3550
9247 2 2 0 5 1415 5651 5649
9248 2 2 0 5 5507 5641 5599
9249 2 2 0 5 985 5646 1901
9250 2 2 0 5 3164 5540 3166
9251 2 2 0 5 4621 5645 5633
9252 2 2 0 5 5510 5649 3516
9253 2 2 0 5 5599 5641 5600
9254 2 2 0 5 3186 3271 3187
9255 2 2 0 5 5642 5649 5510
9256 2 2 0 5 2426 5645 5144
9257 2 2 0 5 3514 5642 5510
9258 2 2 0 5 5366 5657 3077
9259 2 2 0 5 5633 5645 2426
9260 2 2 0 5 1588 5650 5615
9261 2 2 0 5 1414 5651 1415
9262 2 2 0 5 5384 5642 5637
9263 2 2 0 5 3813 5653 4914
9264 2 2 0 5 1120 1121 1119
9265 2 2 0 5 3550 5652 4162
9266 2 2 0 5 1183 1187 1186
9267 2 2 0 5 1118 1180 1120
9268 2 2 0 5 1185 1201 1192
9269 2 2 0 5 5637 5642 3514
9270 2 2 0 5 1576 5656 1469
9271 2 2 0 5 2449 5655 2687
9272 2 2 0 5 3631 5654 5607
9273 2 2 0 5 3077 5657 4927
9274 2 2 0 5 5653 5656 4914
9275 2 2 0 5 3571 3572 3570
9276 2 2 0 5 3569 4164 3571
9277 2 2 0 5 5607 5654 5069
9278 2 2 0 5 3132 5660 3186
9279 2 2 0 5 1384 1386 1383
9280 2 2 0 5 4905 5658 4904
9281 2 2 0 5 3137 3138 3136
9282 2 2 0 5 5338 5663 4905
9283 2 2 0 5 1118 1120 1119
9284 2 2 0 5 1183 1186 1185
9285 2 2 0 5 1185 1192 1182
9286 2 2 0 5 3160 5659 3162
9287 2 2 0 5 4895 4896 1123
9288 2 2 0 5 3162 5659 3653
9289 2 2 0 5 3186 5660 3898
9290 2 2 0 5 5150 5661 5077
9291 2 2 0 5 5077 5661 5078
9292 2 2 0 5 3569 3571 3570
9293 2 2 0 5 1468 5663 5338
9294 2 2 0 5 1593 5663 1468
9295 2 2 0 5 4904 5662 4901
9296 2 2 0 5 2292 5672 2293
9297 2 2 0 5 1382 1384 1383
9298 2 2 0 5 5078 5661 5081
9299 2 2 0 5 3135 3137 3136
9300 2 2 0 5 4901 5662 4902
9301 2 2 0 5 2167 5663 1593
9302 2 2 0 5 1670 6291 1674
9303 2 2 0 5 1863 6292 1866
9304 2 2 0 5 1117 4895 1123
9305 2 2 0 5 1123 4893 1115
9306 2 2 0 5 1183 1185 1182
9307 2 2 0 5 1118 1119 1117
9308 2 2 0 5 3569 3570 3568
9309 2 2 0 5 1674 6291 5577
9310 2 2 0 5 1866 6292 5219
9311 2 2 0 5 1382 1383 1381
9312 2 2 0 5 1381 4889 4886
9313 2 2 0 5 3114 3561 3135
9314 2 2 0 5 3135 3136 3115
9315 2 2 0 5 3417 5664 3415
9316 2 2 0 5 1666 5665 1679
9317 2 2 0 5 1856 5669 1872
9318 2 2 0 5 1672 5665 1666
9319 2 2 0 5 1865 5669 1856
9320 2 2 0 5 1116 1118 1117
9321 2 2 0 5 1117 1123 1115
9322 2 2 0 5 1179 1183 1182
9323 2 2 0 5 3567 3569 3568
9324 2 2 0 5 1123 5671 4893
9325 2 2 0 5 3518 5664 3417
9326 2 2 0 5 1781 5665 1672
9327 2 2 0 5 1886 5669 1865
9328 2 2 0 5 1395 6226 4877
9329 2 2 0 5 1381 4886 1379
9330 2 2 0 5 1380 1382 1381
9331 2 2 0 5 3635 5670 3299
9332 2 2 0 5 3114 3135 3115
9333 2 2 0 5 3299 5670 3633
9334 2 2 0 5 2293 5672 2386
9335 2 2 0 5 4896 5671 1123
9336 2 2 0 5 1178 4888 2166
9337 2 2 0 5 1116 1117 1115
9338 2 2 0 5 1179 1182 1178
9339 2 2 0 5 3564 4457 3567
9340 2 2 0 5 3567 3568 3565
9341 2 2 0 5 2386 5672 2531
9342 2 2 0 5 1380 1381 1379
9343 2 2 0 5 1395 4877 1377
9344 2 2 0 5 3114 3115 3113
9345 2 2 0 5 1175 1179 1178
9346 2 2 0 5 1178 2166 1174
9347 2 2 0 5 1113 1116 1115
9348 2 2 0 5 3564 3567 3565
9349 2 2 0 5 3565 3566 3563
9350 2 2 0 5 1378 1380 1379
9351 2 2 0 5 1379 1395 1377
9352 2 2 0 5 2366 2479 2367
9353 2 2 0 5 3112 3114 3113
9354 2 2 0 5 4081 5673 3292
9355 2 2 0 5 3292 5673 3294
9356 2 2 0 5 1113 1115 1112
9357 2 2 0 5 1175 1178 1174
9358 2 2 0 5 1125 1900 1175
9359 2 2 0 5 1111 1184 1113
9360 2 2 0 5 3564 3565 3563
9361 2 2 0 5 1378 1379 1377
9362 2 2 0 5 1179 5675 1183
9363 2 2 0 5 2366 2367 2312
9364 2 2 0 5 1187 5675 3482
9365 2 2 0 5 3110 4048 3112
9366 2 2 0 5 3112 3113 3111
9367 2 2 0 5 2282 5674 1953
9368 2 2 0 5 1953 5674 1994
9369 2 2 0 5 1125 1175 1174
9370 2 2 0 5 1111 1113 1112
9371 2 2 0 5 1112 2678 1110
9372 2 2 0 5 1183 5675 1187
9373 2 2 0 5 4065 4474 4064
9374 2 2 0 5 4112 4811 3094
9375 2 2 0 5 4094 4710 3318
9376 2 2 0 5 3562 3564 3563
9377 2 2 0 5 1376 1378 1377
9378 2 2 0 5 2143 2366 2312
9379 2 2 0 5 3110 3112 3111
9380 2 2 0 5 2667 5676 2289
9381 2 2 0 5 2289 5676 2292
9382 2 2 0 5 5381 5677 2448
9383 2 2 0 5 5675 5678 3482
9384 2 2 0 5 1111 1112 1110
9385 2 2 0 5 1125 1174 1124
9386 2 2 0 5 4856 4867 4861
9387 2 2 0 5 4876 5678 5675
9388 2 2 0 5 4064 4112 3094
9389 2 2 0 5 3082 4065 4064
9390 2 2 0 5 3123 3839 3562
9391 2 2 0 5 3562 3563 3124
9392 2 2 0 5 3972 4094 3318
9393 2 2 0 5 1660 5679 1659
9394 2 2 0 5 1849 5680 1848
9395 2 2 0 5 1659 5679 1663
9396 2 2 0 5 1848 5680 1851
9397 2 2 0 5 3482 5677 5381
9398 2 2 0 5 5677 5678 4865
9399 2 2 0 5 1528 1530 1529
9400 2 2 0 5 3293 5679 1660
9401 2 2 0 5 3117 5680 1849
9402 2 2 0 5 1376 1377 1374
9403 2 2 0 5 2143 2312 2142
9404 2 2 0 5 2089 2144 2143
9405 2 2 0 5 3110 3111 3109
9406 2 2 0 5 3108 4868 3110
9407 2 2 0 5 3585 4076 3904
9408 2 2 0 5 3482 5678 5677
9409 2 2 0 5 3009 5682 3240
9410 2 2 0 5 1109 1111 1110
9411 2 2 0 5 1114 1125 1124
9412 2 2 0 5 4856 4861 1114
9413 2 2 0 5 3123 3562 3124
9414 2 2 0 5 3124 4854 2849
9415 2 2 0 5 3317 3972 3318
9416 2 2 0 5 3082 4064 3094
9417 2 2 0 5 3240 5682 3636
9418 2 2 0 5 3225 5686 3232
9419 2 2 0 5 1528 1529 1527
9420 2 2 0 5 1523 1541 1528
9421 2 2 0 5 1373 1376 1374
9422 2 2 0 5 2089 2143 2142
9423 2 2 0 5 3227 5686 3225
9424 2 2 0 5 3069 4147 3654
9425 2 2 0 5 3654 3835 3070
9426 2 2 0 5 3109 3545 3107
9427 2 2 0 5 3108 3110 3109
9428 2 2 0 5 3585 3904 3586
9429 2 2 0 5 3616 3979 3977
9430 2 2 0 5 3418 5700 3420
9431 2 2 0 5 3982 5687 2929
9432 2 2 0 5 3570 5688 3568
9433 2 2 0 5 4920 5688 3575
9434 2 2 0 5 2929 5687 2931
9435 2 2 0 5 1114 1124 1107
9436 2 2 0 5 1108 4856 1114
9437 2 2 0 5 1109 1110 1108
9438 2 2 0 5 3603 5686 3227
9439 2 2 0 5 3123 3124 2849
9440 2 2 0 5 3317 3318 2830
9441 2 2 0 5 3082 3094 2848
9442 2 2 0 5 3283 4005 3317
9443 2 2 0 5 2931 5687 3328
9444 2 2 0 5 3575 5688 3570
9445 2 2 0 5 1523 1528 1527
9446 2 2 0 5 2163 4842 1522
9447 2 2 0 5 1396 4815 1370
9448 2 2 0 5 1373 1374 1372
9449 2 2 0 5 2089 2142 2088
9450 2 2 0 5 3069 3654 3070
9451 2 2 0 5 3108 3109 3107
9452 2 2 0 5 3585 3586 3584
9453 2 2 0 5 3616 3977 3597
9454 2 2 0 5 2291 5690 2285
9455 2 2 0 5 3399 5689 3400
9456 2 2 0 5 2285 5690 2287
9457 2 2 0 5 1106 1109 1108
9458 2 2 0 5 1108 1114 1107
9459 2 2 0 5 4818 4844 4819
9460 2 2 0 5 1411 5692 1939
9461 2 2 0 5 2448 5692 1409
9462 2 2 0 5 2416 3392 3283
9463 2 2 0 5 2849 3082 2848
9464 2 2 0 5 3283 3317 2830
9465 2 2 0 5 2415 3123 2849
9466 2 2 0 5 1844 5691 1843
9467 2 2 0 5 5299 5720 3402
9468 2 2 0 5 5059 5689 3399
9469 2 2 0 5 1843 5691 2914
9470 2 2 0 5 5888 5889 3682
9471 2 2 0 5 2287 5690 2667
9472 2 2 0 5 1939 5700 5392
9473 2 2 0 5 2914 5691 3819
9474 2 2 0 5 4625 6184 2015
9475 2 2 0 5 3314 5693 3308
9476 2 2 0 5 1523 1527 1521
9477 2 2 0 5 1524 2163 1522
9478 2 2 0 5 1850 5691 1844
9479 2 2 0 5 1371 1373 1372
9480 2 2 0 5 1372 1396 1370
9481 2 2 0 5 2086 2089 2088
9482 2 2 0 5 1474 4814 1472
9483 2 2 0 5 4950 5711 1162
9484 2 2 0 5 3308 5693 3310
9485 2 2 0 5 1872 5694 1853
9486 2 2 0 5 1409 5692 1411
9487 2 2 0 5 2486 5696 1996
9488 2 2 0 5 3069 3070 3067
9489 2 2 0 5 3106 3108 3107
9490 2 2 0 5 3583 3585 3584
9491 2 2 0 5 3596 3616 3597
9492 2 2 0 5 4331 4333 4332
9493 2 2 0 5 5060 5695 5059
9494 2 2 0 5 5298 5695 5343
9495 2 2 0 5 1996 5696 2061
9496 2 2 0 5 5691 5694 3819
9497 2 2 0 5 3059 6298 3061
9498 2 2 0 5 3176 5699 3587
9499 2 2 0 5 1850 5694 5691
9500 2 2 0 5 1912 5697 2282
9501 2 2 0 5 5162 5701 2273
9502 2 2 0 5 3401 5698 3016
9503 2 2 0 5 3178 5699 3176
9504 2 2 0 5 4818 4819 2162
9505 2 2 0 5 1106 1108 1107
9506 2 2 0 5 5059 5712 5689
9507 2 2 0 5 3310 5693 4294
9508 2 2 0 5 1891 5697 1892
9509 2 2 0 5 1853 5694 1850
9510 2 2 0 5 3521 5697 1891
9511 2 2 0 5 2416 3283 2830
9512 2 2 0 5 2415 2849 2848
9513 2 2 0 5 5466 5720 5299
9514 2 2 0 5 3420 5700 4866
9515 2 2 0 5 5343 5695 5060
9516 2 2 0 5 2061 5696 4693
9517 2 2 0 5 2273 5701 1577
9518 2 2 0 5 1604 5701 1692
9519 2 2 0 5 3061 6298 3155
9520 2 2 0 5 2713 5702 4834
9521 2 2 0 5 3802 5702 5537
9522 2 2 0 5 1892 5697 1912
9523 2 2 0 5 3016 5698 3402
9524 2 2 0 5 3181 5699 3178
9525 2 2 0 5 1314 5736 1312
9526 2 2 0 5 1213 5704 1173
9527 2 2 0 5 1522 1523 1521
9528 2 2 0 5 1520 1524 1522
9529 2 2 0 5 1371 1372 1370
9530 2 2 0 5 2053 6205 2052
9531 2 2 0 5 2086 2088 2085
9532 2 2 0 5 1473 1474 1472
9533 2 2 0 5 1575 2150 1471
9534 2 2 0 5 1169 5705 1176
9535 2 2 0 5 1349 5703 1348
9536 2 2 0 5 3065 3069 3067
9537 2 2 0 5 3106 3107 2876
9538 2 2 0 5 3596 3597 3263
9539 2 2 0 5 3583 3584 3581
9540 2 2 0 5 3582 4396 3583
9541 2 2 0 5 4144 4146 4145
9542 2 2 0 5 4331 4332 4330
9543 2 2 0 5 2283 5708 1800
9544 2 2 0 5 5447 5706 4828
9545 2 2 0 5 1577 5701 1604
9546 2 2 0 5 4880 5707 4831
9547 2 2 0 5 4831 5707 3490
9548 2 2 0 5 5364 5707 3011
9549 2 2 0 5 2554 5709 2104
9550 2 2 0 5 2512 5710 3013
9551 2 2 0 5 4834 5710 2511
9552 2 2 0 5 1162 5711 5317
9553 2 2 0 5 3821 5712 3017
9554 2 2 0 5 1800 5708 1805
9555 2 2 0 5 5537 5702 2713
9556 2 2 0 5 1692 5719 5466
9557 2 2 0 5 5689 5712 3821
9558 2 2 0 5 3763 5716 3054
9559 2 2 0 5 1768 5718 4885
9560 2 2 0 5 2001 5718 1768
9561 2 2 0 5 3488 5718 2513
9562 2 2 0 5 1505 5703 1349
9563 2 2 0 5 1173 5704 1171
9564 2 2 0 5 1105 4818 2162
9565 2 2 0 5 1106 1107 1105
9566 2 2 0 5 5704 5705 1171
9567 2 2 0 5 4821 5717 4991
9568 2 2 0 5 3402 5720 5165
9569 2 2 0 5 1171 5705 1169
9570 2 2 0 5 5705 5724 1176
9571 2 2 0 5 4828 5724 4829
9572 2 2 0 5 2416 2830 2059
9573 2 2 0 5 2415 2848 2414
9574 2 2 0 5 2414 4846 2416
9575 2 2 0 5 2515 5721 3488
9576 2 2 0 5 4883 5723 2424
9577 2 2 0 5 3404 5722 3403
9578 2 2 0 5 2424 5723 5006
9579 2 2 0 5 4520 5723 4523
9580 2 2 0 5 3013 5706 5447
9581 2 2 0 5 3490 5707 5364
9582 2 2 0 5 5701 5719 1692
9583 2 2 0 5 1805 5708 1820
9584 2 2 0 5 2104 5709 2106
9585 2 2 0 5 2511 5710 2512
9586 2 2 0 5 5317 5711 3485
9587 2 2 0 5 3017 5712 3401
9588 2 2 0 5 1525 2859 1513
9589 2 2 0 5 5697 5713 2282
9590 2 2 0 5 4829 5724 5705
9591 2 2 0 5 4822 5717 4882
9592 2 2 0 5 3054 5716 3395
9593 2 2 0 5 2513 5718 2001
9594 2 2 0 5 5482 5727 3520
9595 2 2 0 5 5164 5719 5162
9596 2 2 0 5 3521 5713 5697
9597 2 2 0 5 5162 5719 5701
9598 2 2 0 5 5165 5720 5164
9599 2 2 0 5 1834 5744 1829
9600 2 2 0 5 1520 1522 1521
9601 2 2 0 5 3678 4000 3999
9602 2 2 0 5 2404 2409 2408
9603 2 2 0 5 3013 5727 5706
9604 2 2 0 5 1366 1371 1370
9605 2 2 0 5 2047 2053 2052
9606 2 2 0 5 2082 2086 2085
9607 2 2 0 5 1472 1575 1471
9608 2 2 0 5 1402 1473 1472
9609 2 2 0 5 5706 5727 5482
9610 2 2 0 5 3403 5721 2515
9611 2 2 0 5 2504 2946 2945
9612 2 2 0 5 3527 3538 3529
9613 2 2 0 5 3065 3067 3066
9614 2 2 0 5 3718 4494 3128
9615 2 2 0 5 2814 3261 2813
9616 2 2 0 5 3105 3106 2876
9617 2 2 0 5 2377 3270 2379
9618 2 2 0 5 2943 3287 3078
9619 2 2 0 5 2972 3596 3263
9620 2 2 0 5 3582 3583 3581
9621 2 2 0 5 2324 3736 2491
9622 2 2 0 5 4144 4145 2898
9623 2 2 0 5 4830 5722 3404
9624 2 2 0 5 5006 5723 4520
9625 2 2 0 5 4327 4331 4330
9626 2 2 0 5 1799 5730 2317
9627 2 2 0 5 1804 5730 1799
9628 2 2 0 5 2988 5731 2924
9629 2 2 0 5 1176 5724 5482
9630 2 2 0 5 3520 5727 3763
9631 2 2 0 5 2924 5731 2926
9632 2 2 0 5 2669 4809 1104
9633 2 2 0 5 1104 1106 1105
9634 2 2 0 5 1105 2162 1103
9635 2 2 0 5 5707 5728 3011
9636 2 2 0 5 3011 5728 4881
9637 2 2 0 5 131 5733 130
9638 2 2 0 5 4880 5728 5707
9639 2 2 0 5 2058 2415 2414
9640 2 2 0 5 2414 2416 2059
9641 2 2 0 5 4156 5729 4479
9642 2 2 0 5 1885 5730 1804
9643 2 2 0 5 1514 1525 1513
9644 2 2 0 5 2926 5731 3982
9645 2 2 0 5 1520 1521 1518
9646 2 2 0 5 3678 3999 3998
9647 2 2 0 5 2404 2408 2405
9648 2 2 0 5 130 5733 933
9649 2 2 0 5 3751 3752 2403
9650 2 2 0 5 1831 5734 1836
9651 2 2 0 5 1369 4730 1365
9652 2 2 0 5 1366 1370 1369
9653 2 2 0 5 3362 3707 2953
9654 2 2 0 5 4044 4581 4045
9655 2 2 0 5 2049 2050 2046
9656 2 2 0 5 2047 2052 2049
9657 2 2 0 5 2082 2085 2083
9658 2 2 0 5 2083 4727 2080
9659 2 2 0 5 1402 1472 1471
9660 2 2 0 5 3080 3547 3248
9661 2 2 0 5 2508 4588 2444
9662 2 2 0 5 2504 2945 2508
9663 2 2 0 5 3369 4637 4636
9664 2 2 0 5 3527 3529 3528
9665 2 2 0 5 3532 4225 4224
9666 2 2 0 5 4150 4151 3377
9667 2 2 0 5 3065 3066 3064
9668 2 2 0 5 3127 3718 3128
9669 2 2 0 5 3063 4812 3065
9670 2 2 0 5 2844 3556 3352
9671 2 2 0 5 3128 4446 2906
9672 2 2 0 5 2382 2814 2813
9673 2 2 0 5 2813 3390 2381
9674 2 2 0 5 2875 3105 2876
9675 2 2 0 5 2671 3057 2986
9676 2 2 0 5 2377 2379 2378
9677 2 2 0 5 2378 2920 2376
9678 2 2 0 5 2944 4716 2816
9679 2 2 0 5 2943 3078 2944
9680 2 2 0 5 3580 3582 3581
9681 2 2 0 5 2972 3263 3262
9682 2 2 0 5 2324 2491 2489
9683 2 2 0 5 2489 2490 2323
9684 2 2 0 5 2476 4738 2854
9685 2 2 0 5 3894 4144 2898
9686 2 2 0 5 1550 1551 1548
9687 2 2 0 5 4327 4330 4329
9688 2 2 0 5 1322 5736 1314
9689 2 2 0 5 1836 5734 1893
9690 2 2 0 5 3714 5737 1649
9691 2 2 0 5 5307 6596 938
9692 2 2 0 5 2549 5738 1270
9693 2 2 0 5 330 6385 331
9694 2 2 0 5 1649 5737 1652
9695 2 2 0 5 1270 5738 1272
9696 2 2 0 5 1104 1105 1103
9697 2 2 0 5 1102 2669 1104
9698 2 2 0 5 1193 6137 5942
9699 2 2 0 5 2058 2414 2059
9700 2 2 0 5 2059 4845 2016
9701 2 2 0 5 2809 5736 1322
9702 2 2 0 5 1616 6599 5824
9703 2 2 0 5 1334 4593 2980
9704 2 2 0 5 1340 1514 1513
9705 2 2 0 5 1652 5737 1673
9706 2 2 0 5 1272 5738 1318
9707 2 2 0 5 2140 5951 2136
9708 2 2 0 5 2145 4748 1517
9709 2 2 0 5 1517 1520 1518
9710 2 2 0 5 3678 3998 3677
9711 2 2 0 5 2404 2405 2401
9712 2 2 0 5 2393 4685 2395
9713 2 2 0 5 3750 3751 2403
9714 2 2 0 5 2545 3834 2543
9715 2 2 0 5 1796 5739 1798
9716 2 2 0 5 3881 6185 3882
9717 2 2 0 5 3882 4647 3658
9718 2 2 0 5 1538 2503 1543
9719 2 2 0 5 1366 1369 1365
9720 2 2 0 5 1503 4418 1363
9721 2 2 0 5 2960 3541 3540
9722 2 2 0 5 4044 4045 4043
9723 2 2 0 5 2954 3362 2953
9724 2 2 0 5 2047 2049 2046
9725 2 2 0 5 2082 2083 2080
9726 2 2 0 5 2078 4763 2082
9727 2 2 0 5 1401 4747 1490
9728 2 2 0 5 1402 1471 1401
9729 2 2 0 5 3214 6312 3211
9730 2 2 0 5 3080 3248 2901
9731 2 2 0 5 2902 4625 2442
9732 2 2 0 5 2443 3081 3080
9733 2 2 0 5 3872 6236 4594
9734 2 2 0 5 2504 2508 2444
9735 2 2 0 5 3877 3878 3876
9736 2 2 0 5 3832 3833 3831
9737 2 2 0 5 3369 4636 4635
9738 2 2 0 5 3532 4224 3524
9739 2 2 0 5 3527 3528 3526
9740 2 2 0 5 3525 4762 3527
9741 2 2 0 5 3298 4150 3377
9742 2 2 0 5 3063 3065 3064
9743 2 2 0 5 2841 4708 2892
9744 2 2 0 5 2845 4149 2471
9745 2 2 0 5 2892 4670 2652
9746 2 2 0 5 3127 3128 2906
9747 2 2 0 5 2844 3352 2845
9748 2 2 0 5 3096 3756 3095
9749 2 2 0 5 2382 2813 2381
9750 2 2 0 5 3073 4237 4236
9751 2 2 0 5 2671 2986 2670
9752 2 2 0 5 2875 2876 2502
9753 2 2 0 5 2377 2378 2376
9754 2 2 0 5 2375 4667 3670
9755 2 2 0 5 2582 4761 2943
9756 2 2 0 5 2943 2944 2816
9757 2 2 0 5 3084 4223 2495
9758 2 2 0 5 2972 3262 2971
9759 2 2 0 5 3580 3581 2858
9760 2 2 0 5 2324 2489 2323
9761 2 2 0 5 2476 2854 2853
9762 2 2 0 5 2853 4222 2419
9763 2 2 0 5 2475 3894 2898
9764 2 2 0 5 4155 4435 3689
9765 2 2 0 5 3688 6216 4019
9766 2 2 0 5 1549 1550 1548
9767 2 2 0 5 4023 4379 3335
9768 2 2 0 5 4327 4329 4326
9769 2 2 0 5 4340 4462 4339
9770 2 2 0 5 1798 5739 2283
9771 2 2 0 5 4155 6895 6093
9772 2 2 0 5 1934 6315 1950
9773 2 2 0 5 1673 6790 4085
9774 2 2 0 5 2699 5742 2701
9775 2 2 0 5 2437 5924 2435
9776 2 2 0 5 3683 5745 3241
9777 2 2 0 5 2665 5746 2666
9778 2 2 0 5 5202 6059 5968
9779 2 2 0 5 3579 5744 2913
9780 2 2 0 5 4300 6577 6178
9781 2 2 0 5 1841 5744 1834
9782 2 2 0 5 3682 5889 5746
9783 2 2 0 5 3737 6180 4392
9784 2 2 0 5 3241 5745 3243
9785 2 2 0 5 3098 5746 2665
9786 2 2 0 5 1102 1104 1103
9787 2 2 0 5 3224 6312 3214
9788 2 2 0 5 2701 5742 2827
9789 2 2 0 5 2257 5769 2260
9790 2 2 0 5 2304 5769 2258
9791 2 2 0 5 2697 5793 2695
9792 2 2 0 5 1776 4832 2058
9793 2 2 0 5 2058 2059 2016
9794 2 2 0 5 92 5772 91
9795 2 2 0 5 1950 6315 2486
9796 2 2 0 5 1552 5807 3924
9797 2 2 0 5 3150 5768 3152
9798 2 2 0 5 1340 1513 1339
9799 2 2 0 5 1334 2980 1340
9800 2 2 0 5 2913 5744 1841
9801 2 2 0 5 4714 6142 2055
9802 2 2 0 5 3243 5745 4156
9803 2 2 0 5 3682 5746 3098
9804 2 2 0 5 3152 5768 3307
9805 2 2 0 5 4066 6584 4067
9806 2 2 0 5 1089 5935 1088
9807 2 2 0 5 1515 2145 1517
9808 2 2 0 5 1517 1518 1516
9809 2 2 0 5 2346 3678 3677
9810 2 2 0 5 2399 2404 2401
9811 2 2 0 5 2401 2402 2400
9812 2 2 0 5 4466 5825 3344
9813 2 2 0 5 4783 5794 2552
9814 2 2 0 5 2393 2395 2394
9815 2 2 0 5 2392 3750 2403
9816 2 2 0 5 2544 2545 2543
9817 2 2 0 5 3881 3882 3658
9818 2 2 0 5 1538 1543 1539
9819 2 2 0 5 1539 4492 1537
9820 2 2 0 5 1365 1503 1363
9821 2 2 0 5 1364 1366 1365
9822 2 2 0 5 2960 3540 3539
9823 2 2 0 5 3539 3578 2959
9824 2 2 0 5 2436 2437 2435
9825 2 2 0 5 2579 2954 2953
9826 2 2 0 5 4042 4044 4043
9827 2 2 0 5 4043 4596 4041
9828 2 2 0 5 5782 5950 1356
9829 2 2 0 5 2044 2047 2046
9830 2 2 0 5 2080 2081 2077
9831 2 2 0 5 2078 2082 2080
9832 2 2 0 5 1399 1402 1401
9833 2 2 0 5 1401 1490 1398
9834 2 2 0 5 2443 3080 2901
9835 2 2 0 5 2901 2902 2442
9836 2 2 0 5 2258 5769 2257
9837 2 2 0 5 3738 5797 3739
9838 2 2 0 5 1977 5798 1976
9839 2 2 0 5 3989 5771 2064
9840 2 2 0 5 4801 6859 956
9841 2 2 0 5 2595 5802 2594
9842 2 2 0 5 6182 6367 5372
9843 2 2 0 5 2064 5771 3233
9844 2 2 0 5 3872 4594 2996
9845 2 2 0 5 2127 2504 2444
9846 2 2 0 5 3831 4638 3387
9847 2 2 0 5 3387 3877 3876
9848 2 2 0 5 3221 3832 3831
9849 2 2 0 5 1500 1594 1501
9850 2 2 0 5 3369 4635 1500
9851 2 2 0 5 3526 3532 3524
9852 2 2 0 5 3525 3527 3526
9853 2 2 0 5 3330 3332 3331
9854 2 2 0 5 3331 4238 3329
9855 2 2 0 5 4503 4634 3330
9856 2 2 0 5 3298 3377 2803
9857 2 2 0 5 2804 6256 3298
9858 2 2 0 5 3063 3064 2804
9859 2 2 0 5 2905 3127 2906
9860 2 2 0 5 2844 2845 2471
9861 2 2 0 5 2800 3096 3095
9862 2 2 0 5 2841 2892 2652
9863 2 2 0 5 2374 6225 2373
9864 2 2 0 5 2373 2382 2381
9865 2 2 0 5 3073 4236 4235
9866 2 2 0 5 2319 2671 2670
9867 2 2 0 5 2501 2875 2502
9868 2 2 0 5 2375 3670 3669
9869 2 2 0 5 2147 2377 2376
9870 2 2 0 5 2582 2943 2816
9871 2 2 0 5 2816 3084 2495
9872 2 2 0 5 2971 3580 2858
9873 2 2 0 5 2474 2972 2971
9874 2 2 0 5 2315 2324 2323
9875 2 2 0 5 2476 2853 2419
9876 2 2 0 5 2475 2898 2476
9877 2 2 0 5 3688 4019 3900
9878 2 2 0 5 3129 4155 3689
9879 2 2 0 5 1777 6191 1547
9880 2 2 0 5 1547 1549 1548
9881 2 2 0 5 3337 4023 3335
9882 2 2 0 5 3336 4007 3337
9883 2 2 0 5 1669 4340 4339
9884 2 2 0 5 1847 4575 4307
9885 2 2 0 5 4326 4328 4325
9886 2 2 0 5 1654 4327 4326
9887 2 2 0 5 6522 6617 4069
9888 2 2 0 5 900 5772 92
9889 2 2 0 5 5813 5838 4808
9890 2 2 0 5 1146 4568 1181
9891 2 2 0 5 56 949 55
9892 2 2 0 5 58 921 57
9893 2 2 0 5 182 5762 181
9894 2 2 0 5 187 958 186
9895 2 2 0 5 36 960 35
9896 2 2 0 5 50 884 49
9897 2 2 0 5 34 913 33
9898 2 2 0 5 48 950 47
9899 2 2 0 5 19 959 18
9900 2 2 0 5 33 5751 32
9901 2 2 0 5 43 5756 42
9902 2 2 0 5 165 930 164
9903 2 2 0 5 168 918 167
9904 2 2 0 5 170 954 169
9905 2 2 0 5 172 908 171
9906 2 2 0 5 196 892 195
9907 2 2 0 5 204 5748 203
9908 2 2 0 5 206 5750 205
9909 2 2 0 5 212 928 211
9910 2 2 0 5 17 919 16
9911 2 2 0 5 21 912 20
9912 2 2 0 5 23 956 22
9913 2 2 0 5 25 887 24
9914 2 2 0 5 28 957 27
9915 2 2 0 5 30 894 29
9916 2 2 0 5 201 885 200
9917 2 2 0 5 203 953 202
9918 2 2 0 5 205 909 204
9919 2 2 0 5 14 931 13
9920 2 2 0 5 169 5759 168
9921 2 2 0 5 45 893 44
9922 2 2 0 5 61 929 60
9923 2 2 0 5 176 886 175
9924 2 2 0 5 199 955 198
9925 2 2 0 5 181 895 180
9926 2 2 0 5 183 962 182
9927 2 2 0 5 190 896 189
9928 2 2 0 5 193 922 192
9929 2 2 0 5 32 963 31
9930 2 2 0 5 39 897 38
9931 2 2 0 5 42 923 41
9932 2 2 0 5 179 951 178
9933 2 2 0 5 185 911 184
9934 2 2 0 5 207 948 206
9935 2 2 0 5 209 920 208
9936 2 2 0 5 52 961 51
9937 2 2 0 5 54 910 53
9938 2 2 0 5 31 5763 30
9939 2 2 0 5 35 5754 34
9940 2 2 0 5 44 5752 43
9941 2 2 0 5 57 5755 56
9942 2 2 0 5 49 5747 48
9943 2 2 0 5 166 5764 165
9944 2 2 0 5 174 952 173
9945 2 2 0 5 47 5753 46
9946 2 2 0 5 208 5766 207
9947 2 2 0 5 18 5761 17
9948 2 2 0 5 51 5757 50
9949 2 2 0 5 164 5758 163
9950 2 2 0 5 171 5760 170
9951 2 2 0 5 173 5765 172
9952 2 2 0 5 6270 6826 2129
9953 2 2 0 5 5777 6869 3719
9954 2 2 0 5 3929 5780 3076
9955 2 2 0 5 2984 5783 3376
9956 2 2 0 5 3775 5783 2983
9957 2 2 0 5 4997 5784 3431
9958 2 2 0 5 3376 5784 3034
9959 2 2 0 5 6247 6412 5928
9960 2 2 0 5 1829 5853 1821
9961 2 2 0 5 6381 6533 6380
9962 2 2 0 5 4571 6941 4174
9963 2 2 0 5 4439 6573 2093
9964 2 2 0 5 1102 1103 1101
9965 2 2 0 5 1777 6323 6191
9966 2 2 0 5 3925 6255 6221
9967 2 2 0 5 2162 5804 1103
9968 2 2 0 5 4582 6350 4374
9969 2 2 0 5 909 5749 5748
9970 2 2 0 5 2311 6064 3657
9971 2 2 0 5 1597 5791 1208
9972 2 2 0 5 4244 6325 3617
9973 2 2 0 5 4418 6194 6162
9974 2 2 0 5 256 6464 257
9975 2 2 0 5 1444 5792 1442
9976 2 2 0 5 6297 6337 4762
9977 2 2 0 5 3156 6705 3154
9978 2 2 0 5 2218 5794 2217
9979 2 2 0 5 2552 5794 2250
9980 2 2 0 5 4716 6434 3084
9981 2 2 0 5 26 5773 25
9982 2 2 0 5 3720 5886 4660
9983 2 2 0 5 1776 2058 2016
9984 2 2 0 5 2016 3907 1775
9985 2 2 0 5 4351 6886 4654
9986 2 2 0 5 6030 6406 3732
9987 2 2 0 5 1691 5878 4180
9988 2 2 0 5 4557 6165 2553
9989 2 2 0 5 5940 5962 5030
9990 2 2 0 5 103 5799 903
9991 2 2 0 5 941 5799 104
9992 2 2 0 5 5158 5801 3237
9993 2 2 0 5 4056 5777 3849
9994 2 2 0 5 158 5803 157
9995 2 2 0 5 4932 5778 4933
9996 2 2 0 5 2183 6278 4964
9997 2 2 0 5 5861 6910 4814
9998 2 2 0 5 165 5764 930
9999 2 2 0 5 921 5755 57
10000 2 2 0 5 168 5759 918
10001 2 2 0 5 205 5750 909
10002 2 2 0 5 963 5763 31
10003 2 2 0 5 913 5751 33
10004 2 2 0 5 17 5761 919
10005 2 2 0 5 930 5758 164
10006 2 2 0 5 908 5760 171
10007 2 2 0 5 32 5751 963
10008 2 2 0 5 909 5748 204
10009 2 2 0 5 34 5754 913
10010 2 2 0 5 960 5754 35
10011 2 2 0 5 42 5756 923
10012 2 2 0 5 962 5762 182
10013 2 2 0 5 30 5763 894
10014 2 2 0 5 884 5747 49
10015 2 2 0 5 948 5750 206
10016 2 2 0 5 952 5765 173
10017 2 2 0 5 950 5753 47
10018 2 2 0 5 48 5747 950
10019 2 2 0 5 920 5766 208
10020 2 2 0 5 5752 5756 43
10021 2 2 0 5 172 5765 908
10022 2 2 0 5 203 5748 953
10023 2 2 0 5 893 5752 44
10024 2 2 0 5 181 5762 895
10025 2 2 0 5 207 5766 948
10026 2 2 0 5 56 5755 949
10027 2 2 0 5 961 5757 51
10028 2 2 0 5 954 5759 169
10029 2 2 0 5 50 5757 884
10030 2 2 0 5 959 5761 18
10031 2 2 0 5 170 5760 954
10032 2 2 0 5 4024 6685 5684
10033 2 2 0 5 3940 6903 3942
10034 2 2 0 5 1990 5789 1993
10035 2 2 0 5 4501 5863 4026
10036 2 2 0 5 3834 5941 2543
10037 2 2 0 5 3076 5780 3544
10038 2 2 0 5 4618 6033 4617
10039 2 2 0 5 924 6025 5984
10040 2 2 0 5 1972 5863 1970
10041 2 2 0 5 4476 6105 3890
10042 2 2 0 5 2983 5783 2984
10043 2 2 0 5 3034 5784 4997
10044 2 2 0 5 6143 6877 1542
10045 2 2 0 5 904 6900 4463
10046 2 2 0 5 1334 1340 1339
10047 2 2 0 5 4721 4722 4187
10048 2 2 0 5 25 5773 887
10049 2 2 0 5 1459 6219 4364
10050 2 2 0 5 3657 6064 5916
10051 2 2 0 5 3680 6341 4692
10052 2 2 0 5 6638 6660 4088
10053 2 2 0 5 1035 4851 2225
10054 2 2 0 5 234 6515 235
10055 2 2 0 5 6478 6916 1590
10056 2 2 0 5 3093 6654 6372
10057 2 2 0 5 4110 5985 5920
10058 2 2 0 5 2802 5911 2801
10059 2 2 0 5 128 5812 890
10060 2 2 0 5 933 5812 129
10061 2 2 0 5 4613 6740 5956
10062 2 2 0 5 4237 6168 4236
10063 2 2 0 5 6204 6682 3894
10064 2 2 0 5 3561 4691 4690
10065 2 2 0 5 5345 5815 986
10066 2 2 0 5 988 5815 1072
10067 2 2 0 5 2141 5814 2299
10068 2 2 0 5 1993 5789 3927
10069 2 2 0 5 5367 6885 922
10070 2 2 0 5 3956 6392 4591
10071 2 2 0 5 5914 5983 4073
10072 2 2 0 5 2509 5898 1989
10073 2 2 0 5 1791 6386 4505
10074 2 2 0 5 6575 6603 4124
10075 2 2 0 5 1515 1517 1516
10076 2 2 0 5 2346 3677 2659
10077 2 2 0 5 2399 2401 2400
10078 2 2 0 5 268 6273 1483
10079 2 2 0 5 3000 6797 4421
10080 2 2 0 5 4691 6586 6056
10081 2 2 0 5 3713 5791 1597
10082 2 2 0 5 4024 6812 6685
10083 2 2 0 5 2393 2394 2391
10084 2 2 0 5 2392 2403 2393
10085 2 2 0 5 2316 2544 2543
10086 2 2 0 5 1075 4744 1051
10087 2 2 0 5 3657 3881 3658
10088 2 2 0 5 3658 4077 2828
10089 2 2 0 5 1538 1539 1537
10090 2 2 0 5 955 6688 5829
10091 2 2 0 5 5319 5823 1228
10092 2 2 0 5 5243 5823 5323
10093 2 2 0 5 1364 1365 1363
10094 2 2 0 5 2960 3539 2959
10095 2 2 0 5 1937 2436 2435
10096 2 2 0 5 2579 2953 2862
10097 2 2 0 5 4042 4043 4041
10098 2 2 0 5 3679 5930 3675
10099 2 2 0 5 2043 4552 2417
10100 2 2 0 5 2044 2046 2043
10101 2 2 0 5 2078 2080 2077
10102 2 2 0 5 1399 1401 1398
10103 2 2 0 5 1442 5792 1772
10104 2 2 0 5 1323 6102 1308
10105 2 2 0 5 3525 6297 4762
10106 2 2 0 5 3719 6869 3313
10107 2 2 0 5 3938 4115 4090
10108 2 2 0 5 2443 2901 2442
10109 2 2 0 5 6230 6864 1527
10110 2 2 0 5 5751 6939 6235
10111 2 2 0 5 3154 6705 4282
10112 2 2 0 5 2250 5794 2218
10113 2 2 0 5 174 5796 952
10114 2 2 0 5 886 5796 175
10115 2 2 0 5 6584 6668 4067
10116 2 2 0 5 1043 4562 1071
10117 2 2 0 5 2536 5808 2541
10118 2 2 0 5 1265 5809 1268
10119 2 2 0 5 3083 5828 2915
10120 2 2 0 5 4212 6781 4603
10121 2 2 0 5 5096 6944 6250
10122 2 2 0 5 2994 3872 2996
10123 2 2 0 5 2127 2444 2128
10124 2 2 0 5 175 5796 174
10125 2 2 0 5 4551 6188 3619
10126 2 2 0 5 3387 3876 3216
10127 2 2 0 5 3221 3831 3387
10128 2 2 0 5 1498 3369 1500
10129 2 2 0 5 1500 1501 1499
10130 2 2 0 5 1499 4509 4153
10131 2 2 0 5 3525 3526 3524
10132 2 2 0 5 3330 3331 3329
10133 2 2 0 5 2993 4503 3330
10134 2 2 0 5 1329 3063 2804
10135 2 2 0 5 2804 3298 2803
10136 2 2 0 5 2171 2841 2652
10137 2 2 0 5 2800 3095 2905
10138 2 2 0 5 2905 2906 2310
10139 2 2 0 5 2652 2844 2471
10140 2 2 0 5 2372 2374 2373
10141 2 2 0 5 2373 2381 2165
10142 2 2 0 5 3073 4235 2372
10143 2 2 0 5 2319 2670 2501
10144 2 2 0 5 2501 2502 2152
10145 2 2 0 5 2147 2376 2375
10146 2 2 0 5 2375 3669 2146
10147 2 2 0 5 2582 2816 2495
10148 2 2 0 5 2474 2971 2858
10149 2 2 0 5 3090 3963 3962
10150 2 2 0 5 2315 2323 2322
10151 2 2 0 5 2418 4633 2475
10152 2 2 0 5 2475 2476 2419
10153 2 2 0 5 3129 3689 3688
10154 2 2 0 5 3688 3900 2936
10155 2 2 0 5 1547 1548 1546
10156 2 2 0 5 1545 1777 1547
10157 2 2 0 5 3336 3337 3335
10158 2 2 0 5 2395 4685 3725
10159 2 2 0 5 3760 4816 3379
10160 2 2 0 5 4069 6617 4070
10161 2 2 0 5 104 5799 103
10162 2 2 0 5 2051 5835 1563
10163 2 2 0 5 5159 5801 5158
10164 2 2 0 5 1847 4307 4306
10165 2 2 0 5 1344 4311 4310
10166 2 2 0 5 1510 4398 4350
10167 2 2 0 5 1661 4550 4356
10168 2 2 0 5 1657 4576 4540
10169 2 2 0 5 1669 4339 4337
10170 2 2 0 5 1654 4326 4325
10171 2 2 0 5 3554 6067 3656
10172 2 2 0 5 925 5803 158
10173 2 2 0 5 198 5829 197
10174 2 2 0 5 2314 5937 4458
10175 2 2 0 5 6259 6586 4691
10176 2 2 0 5 4164 5837 3571
10177 2 2 0 5 3573 5837 3997
10178 2 2 0 5 962 6681 4531
10179 2 2 0 5 1275 5811 1343
10180 2 2 0 5 6056 6871 4690
10181 2 2 0 5 2385 5848 1783
10182 2 2 0 5 1305 5850 3693
10183 2 2 0 5 1994 5786 1954
10184 2 2 0 5 3327 4713 2932
10185 2 2 0 5 2122 4693 2497
10186 2 2 0 5 1352 4677 1505
10187 2 2 0 5 2381 4427 2165
10188 2 2 0 5 2906 4447 2310
10189 2 2 0 5 1508 4694 2878
10190 2 2 0 5 932 5839 95
10191 2 2 0 5 1156 6079 1195
10192 2 2 0 5 1819 6344 279
10193 2 2 0 5 280 6344 1793
10194 2 2 0 5 4172 6940 3661
10195 2 2 0 5 4292 6329 5819
10196 2 2 0 5 223 4361 224
10197 2 2 0 5 270 2331 271
10198 2 2 0 5 282 4298 283
10199 2 2 0 5 317 4381 318
10200 2 2 0 5 329 1486 330
10201 2 2 0 5 259 1860 260
10202 2 2 0 5 306 4321 307
10203 2 2 0 5 353 1510 354
10204 2 2 0 5 347 4308 348
10205 2 2 0 5 242 4602 243
10206 2 2 0 5 289 1852 290
10207 2 2 0 5 218 1818 219
10208 2 2 0 5 265 1482 266
10209 2 2 0 5 312 4320 313
10210 2 2 0 5 231 1375 232
10211 2 2 0 5 278 1819 279
10212 2 2 0 5 246 1344 247
10213 2 2 0 5 293 1854 294
10214 2 2 0 5 220 1801 221
10215 2 2 0 5 232 4729 233
10216 2 2 0 5 303 1650 304
10217 2 2 0 5 326 4352 327
10218 2 2 0 5 350 1461 351
10219 2 2 0 5 341 1669 342
10220 2 2 0 5 219 4541 220
10221 2 2 0 5 325 2928 326
10222 2 2 0 5 349 4395 350
10223 2 2 0 5 233 1458 234
10224 2 2 0 5 257 1847 258
10225 2 2 0 5 280 1793 281
10226 2 2 0 5 315 1542 316
10227 2 2 0 5 327 1485 328
10228 2 2 0 5 260 4399 261
10229 2 2 0 5 313 1554 314
10230 2 2 0 5 240 1351 241
10231 2 2 0 5 287 4532 288
10232 2 2 0 5 334 4701 335
10233 2 2 0 5 269 4359 270
10234 2 2 0 5 261 1830 5
10235 2 2 0 5 308 4385 6
10236 2 2 0 5 355 4313 7
10237 2 2 0 5 225 1459 226
10238 2 2 0 5 272 1785 273
10239 2 2 0 5 252 1861 253
10240 2 2 0 5 346 4336 347
10241 2 2 0 5 243 1346 244
10242 2 2 0 5 290 4683 291
10243 2 2 0 5 337 1667 338
10244 2 2 0 5 245 4401 246
10245 2 2 0 5 339 1657 340
10246 2 2 0 5 251 4383 252
10247 2 2 0 5 333 4448 334
10248 2 2 0 5 222 1817 223
10249 2 2 0 5 281 4394 282
10250 2 2 0 5 305 1668 306
10251 2 2 0 5 316 4611 317
10252 2 2 0 5 328 4471 329
10253 2 2 0 5 241 4680 242
10254 2 2 0 5 288 4324 289
10255 2 2 0 5 335 1654 336
10256 2 2 0 5 238 1460 239
10257 2 2 0 5 250 1862 251
10258 2 2 0 5 285 4341 286
10259 2 2 0 5 297 1859 298
10260 2 2 0 5 332 1645 333
10261 2 2 0 5 344 4752 345
10262 2 2 0 5 268 1483 269
10263 2 2 0 5 229 1456 230
10264 2 2 0 5 323 1561 324
10265 2 2 0 5 254 1846 255
10266 2 2 0 5 324 4432 325
10267 2 2 0 5 348 1336 349
10268 2 2 0 5 248 1457 249
10269 2 2 0 5 295 1857 296
10270 2 2 0 5 309 4702 310
10271 2 2 0 5 311 1531 312
10272 2 2 0 5 236 1356 237
10273 2 2 0 5 283 1803 284
10274 2 2 0 5 224 4351 225
10275 2 2 0 5 318 1568 319
10276 2 2 0 5 253 4305 254
10277 2 2 0 5 300 1661 301
10278 2 2 0 5 286 1840 287
10279 2 2 0 5 345 1328 346
10280 2 2 0 5 291 1858 292
10281 2 2 0 5 307 1648 308
10282 2 2 0 5 216 1802 217
10283 2 2 0 5 263 4579 264
10284 2 2 0 5 275 1790 276
10285 2 2 0 5 221 4365 222
10286 2 2 0 5 215 4354 216
10287 2 2 0 5 227 1385 228
10288 2 2 0 5 262 1487 263
10289 2 2 0 5 321 5774 322
10290 2 2 0 5 249 4314 250
10291 2 2 0 5 284 4386 285
10292 2 2 0 5 296 4544 297
10293 2 2 0 5 343 2121 344
10294 2 2 0 5 6 4362 262
10295 2 2 0 5 7 1519 309
10296 2 2 0 5 320 1560 321
10297 2 2 0 5 5838 6646 11
10298 2 2 0 5 1103 5804 1101
10299 2 2 0 5 1081 5817 1079
10300 2 2 0 5 4665 6066 2023
10301 2 2 0 5 4851 4852 4388
10302 2 2 0 5 131 5842 5733
10303 2 2 0 5 920 6915 6000
10304 2 2 0 5 898 5842 132
10305 2 2 0 5 5733 5842 4622
10306 2 2 0 5 6027 6394 2934
10307 2 2 0 5 3072 6352 3926
10308 2 2 0 5 4265 6705 3156
10309 2 2 0 5 5332 6534 5081
10310 2 2 0 5 2022 6064 2311
10311 2 2 0 5 3160 6400 5659
10312 2 2 0 5 3170 6400 3158
10313 2 2 0 5 4737 6901 4735
10314 2 2 0 5 4789 5845 4785
10315 2 2 0 5 3173 5846 2538
10316 2 2 0 5 4103 5821 5820
10317 2 2 0 5 1195 4688 1159
10318 2 2 0 5 4095 6662 4587
10319 2 2 0 5 5342 6147 2309
10320 2 2 0 5 2079 6511 6022
10321 2 2 0 5 4127 6861 3183
10322 2 2 0 5 6034 6035 4281
10323 2 2 0 5 2698 5862 2702
10324 2 2 0 5 2541 5808 2941
10325 2 2 0 5 1268 5809 2549
10326 2 2 0 5 2499 6825 6144
10327 2 2 0 5 1918 6111 5038
10328 2 2 0 5 273 6692 274
10329 2 2 0 5 4092 6241 4442
10330 2 2 0 5 2866 6405 2868
10331 2 2 0 5 1783 5848 1786
10332 2 2 0 5 1325 5850 1305
10333 2 2 0 5 4774 5852 891
10334 2 2 0 5 1195 6804 4688
10335 2 2 0 5 891 5852 97
10336 2 2 0 5 96 5852 932
10337 2 2 0 5 1378 6848 1380
10338 2 2 0 5 5864 6113 3253
10339 2 2 0 5 1654 4325 336
10340 2 2 0 5 1456 4355 230
10341 2 2 0 5 1661 4356 301
10342 2 2 0 5 1344 4310 247
10343 2 2 0 5 1854 4312 294
10344 2 2 0 5 1858 4371 292
10345 2 2 0 5 1385 4297 228
10346 2 2 0 5 1669 4337 342
10347 2 2 0 5 1847 4306 258
10348 2 2 0 5 1657 4540 340
10349 2 2 0 5 1510 4350 354
10350 2 2 0 5 1554 4378 314
10351 2 2 0 5 1459 4364 226
10352 2 2 0 5 1650 4301 304
10353 2 2 0 5 1667 4358 338
10354 2 2 0 5 1356 4375 237
10355 2 2 0 5 1568 4373 319
10356 2 2 0 5 1460 4376 239
10357 2 2 0 5 4179 4643 1567
10358 2 2 0 5 244 5800 245
10359 2 2 0 5 4043 6445 4596
10360 2 2 0 5 4508 6911 4809
10361 2 2 0 5 4286 4704 2647
10362 2 2 0 5 5828 5854 3579
10363 2 2 0 5 3561 6259 4691
10364 2 2 0 5 129 5812 128
10365 2 2 0 5 6271 6592 3219
10366 2 2 0 5 885 5836 200
10367 2 2 0 5 199 5836 955
10368 2 2 0 5 889 5859 78
10369 2 2 0 5 77 5859 5333
10370 2 2 0 5 2299 5814 3650
10371 2 2 0 5 5483 5860 3883
10372 2 2 0 5 986 5815 988
10373 2 2 0 5 2467 6045 3902
10374 2 2 0 5 3579 5854 5853
10375 2 2 0 5 919 6240 4806
10376 2 2 0 5 4668 6183 4667
10377 2 2 0 5 94 5839 4719
10378 2 2 0 5 4631 6316 3219
10379 2 2 0 5 2304 5816 5769
10380 2 2 0 5 3873 6888 4609
10381 2 2 0 5 5668 6002 5667
10382 2 2 0 5 1101 1128 1099
10383 2 2 0 5 1100 1102 1101
10384 2 2 0 5 1084 5817 1081
10385 2 2 0 5 4403 6077 2628
10386 2 2 0 5 5166 6879 2272
10387 2 2 0 5 2700 5862 2698
10388 2 2 0 5 1295 4437 1293
10389 2 2 0 5 4617 6760 4618
10390 2 2 0 5 4875 5867 4873
10391 2 2 0 5 4920 5867 5688
10392 2 2 0 5 5769 5816 5033
10393 2 2 0 5 4547 6364 4548
10394 2 2 0 5 4596 6478 4041
10395 2 2 0 5 2355 6045 2467
10396 2 2 0 5 4335 6592 6271
10397 2 2 0 5 1228 5823 5243
10398 2 2 0 5 4214 6862 4215
10399 2 2 0 5 4088 6660 4089
10400 2 2 0 5 5780 6762 3544
10401 2 2 0 5 5827 6042 5930
10402 2 2 0 5 4457 5881 3567
10403 2 2 0 5 3569 5881 4164
10404 2 2 0 5 4609 5787 3256
10405 2 2 0 5 4526 6048 3897
10406 2 2 0 5 5744 5853 1829
10407 2 2 0 5 2993 6453 4503
10408 2 2 0 5 5202 5968 4502
10409 2 2 0 5 958 6150 4450
10410 2 2 0 5 1079 5817 2982
10411 2 2 0 5 1024 5883 1027
10412 2 2 0 5 3541 6440 4084
10413 2 2 0 5 4196 6340 4198
10414 2 2 0 5 5668 6456 3215
10415 2 2 0 5 2878 6103 1511
10416 2 2 0 5 4891 6074 4890
10417 2 2 0 5 3726 6556 4497
10418 2 2 0 5 4789 5899 5845
10419 2 2 0 5 1776 2016 1775
10420 2 2 0 5 2145 6376 4748
10421 2 2 0 5 2915 5828 3579
10422 2 2 0 5 2417 6305 4434
10423 2 2 0 5 1206 5791 4557
10424 2 2 0 5 1385 5805 4297
10425 2 2 0 5 2215 5899 2219
10426 2 2 0 5 4529 6462 3878
10427 2 2 0 5 4250 6313 2634
10428 2 2 0 5 4877 6907 6050
10429 2 2 0 5 6274 6376 3073
10430 2 2 0 5 3311 4417 3309
10431 2 2 0 5 1776 5935 4832
10432 2 2 0 5 3632 6735 3239
10433 2 2 0 5 3367 6153 6073
10434 2 2 0 5 4694 5833 4696
10435 2 2 0 5 6022 6601 2079
10436 2 2 0 5 4440 6449 4441
10437 2 2 0 5 4269 6843 4268
10438 2 2 0 5 4736 5906 906
10439 2 2 0 5 265 6558 1482
10440 2 2 0 5 4579 6558 264
10441 2 2 0 5 3120 5835 2051
10442 2 2 0 5 3130 6803 4253
10443 2 2 0 5 276 5822 277
10444 2 2 0 5 906 5906 87
10445 2 2 0 5 86 5906 938
10446 2 2 0 5 5038 6182 1918
10447 2 2 0 5 300 6567 1661
10448 2 2 0 5 3316 5907 3445
10449 2 2 0 5 4422 5907 3315
10450 2 2 0 5 4494 6333 3679
10451 2 2 0 5 3278 5908 3279
10452 2 2 0 5 955 5829 198
10453 2 2 0 5 5794 5845 2217
10454 2 2 0 5 4668 4669 3711
10455 2 2 0 5 4735 6901 4736
10456 2 2 0 5 3571 5837 3573
10457 2 2 0 5 5064 5865 2304
10458 2 2 0 5 1456 6037 4355
10459 2 2 0 5 887 5873 24
10460 2 2 0 5 23 5873 956
10461 2 2 0 5 201 5874 885
10462 2 2 0 5 953 5874 202
10463 2 2 0 5 4719 5839 3823
10464 2 2 0 5 6762 6870 3544
10465 2 2 0 5 4729 6470 1458
10466 2 2 0 5 200 5836 199
10467 2 2 0 5 6235 6939 5070
10468 2 2 0 5 2942 6067 3554
10469 2 2 0 5 95 5839 94
10470 2 2 0 5 1511 6103 1515
10471 2 2 0 5 236 6598 1356
10472 2 2 0 5 2664 5864 3253
10473 2 2 0 5 1521 6864 4078
10474 2 2 0 5 6440 6857 4084
10475 2 2 0 5 2131 6155 2316
10476 2 2 0 5 3839 5922 3562
10477 2 2 0 5 3564 5922 4457
10478 2 2 0 5 4684 6838 3992
10479 2 2 0 5 5342 6234 6147
10480 2 2 0 5 3193 5928 3192
10481 2 2 0 5 4006 6650 4434
10482 2 2 0 5 4587 5868 2045
10483 2 2 0 5 4754 6004 4204
10484 2 2 0 5 3712 5840 3863
10485 2 2 0 5 4198 6483 4072
10486 2 2 0 5 4251 6802 5851
10487 2 2 0 5 5783 5847 3376
10488 2 2 0 5 4606 6170 4607
10489 2 2 0 5 3604 5934 3620
10490 2 2 0 5 6617 6695 4070
10491 2 2 0 5 4203 6265 4206
10492 2 2 0 5 1154 6841 6079
10493 2 2 0 5 4420 6270 6081
10494 2 2 0 5 5641 6607 952
10495 2 2 0 5 132 5842 131
10496 2 2 0 5 4623 5936 5565
10497 2 2 0 5 4785 5845 4783
10498 2 2 0 5 4244 6305 4552
10499 2 2 0 5 3205 6592 3208
10500 2 2 0 5 3610 6502 6101
10501 2 2 0 5 278 6766 1819
10502 2 2 0 5 3158 6400 3160
10503 2 2 0 5 3676 5846 3173
10504 2 2 0 5 932 5934 5839
10505 2 2 0 5 5934 6011 3620
10506 2 2 0 5 2327 5880 2329
10507 2 2 0 5 1334 1339 1333
10508 2 2 0 5 1530 4721 4187
10509 2 2 0 5 2829 6709 4746
10510 2 2 0 5 2868 6405 2988
10511 2 2 0 5 4117 6936 4116
10512 2 2 0 5 3390 4427 2381
10513 2 2 0 5 5868 5869 2045
10514 2 2 0 5 4446 4447 2906
10515 2 2 0 5 1786 5848 2090
10516 2 2 0 5 1348 5850 1325
10517 2 2 0 5 4815 4816 3760
10518 2 2 0 5 4783 5845 5794
10519 2 2 0 5 4081 6566 5673
10520 2 2 0 5 4475 5855 3300
10521 2 2 0 5 3623 6193 4675
10522 2 2 0 5 4556 5973 1787
10523 2 2 0 5 5016 5893 5892
10524 2 2 0 5 4793 5946 4790
10525 2 2 0 5 2390 5885 2407
10526 2 2 0 5 2950 5976 2354
10527 2 2 0 5 6072 6221 3757
10528 2 2 0 5 5044 5847 5783
10529 2 2 0 5 6092 6094 6093
10530 2 2 0 5 4532 6642 4324
10531 2 2 0 5 1356 6598 5782
10532 2 2 0 5 4652 5938 4945
10533 2 2 0 5 2319 6552 2671
10534 2 2 0 5 3693 5850 3931
10535 2 2 0 5 6145 6357 4274
10536 2 2 0 5 4763 4771 2086
10537 2 2 0 5 3129 6895 4155
10538 2 2 0 5 4870 6874 1132
10539 2 2 0 5 1079 2982 1075
10540 2 2 0 5 1206 4557 1197
10541 2 2 0 5 4085 6055 5991
10542 2 2 0 5 3300 5855 4425
10543 2 2 0 5 97 5852 96
10544 2 2 0 5 2139 6574 5855
10545 2 2 0 5 3579 5853 5744
10546 2 2 0 5 4257 6074 4256
10547 2 2 0 5 2032 6048 2034
10548 2 2 0 5 3755 5939 3149
10549 2 2 0 5 1772 5958 1440
10550 2 2 0 5 5 5844 215
10551 2 2 0 5 5084 5961 5088
10552 2 2 0 5 4967 5961 4968
10553 2 2 0 5 2621 5985 2620
10554 2 2 0 5 4690 6871 1184
10555 2 2 0 5 5035 5962 2653
10556 2 2 0 5 2953 5967 2862
10557 2 2 0 5 163 5954 162
10558 2 2 0 5 5454 5963 5538
10559 2 2 0 5 2767 5963 5388
10560 2 2 0 5 1490 5857 1398
10561 2 2 0 5 3989 6434 4716
10562 2 2 0 5 6123 6249 3304
10563 2 2 0 5 3546 6426 5831
10564 2 2 0 5 3345 6759 3642
10565 2 2 0 5 3344 6755 3388
10566 2 2 0 5 5885 5886 3720
10567 2 2 0 5 2089 4771 2144
10568 2 2 0 5 5771 6725 3233
10569 2 2 0 5 4108 5929 4107
10570 2 2 0 5 922 5938 192
10571 2 2 0 5 5016 5892 5014
10572 2 2 0 5 4497 6896 3726
10573 2 2 0 5 2161 4530 2159
10574 2 2 0 5 3718 6212 4437
10575 2 2 0 5 2353 5864 2664
10576 2 2 0 5 4637 5882 1319
10577 2 2 0 5 3533 6057 3530
10578 2 2 0 5 5501 5977 3734
10579 2 2 0 5 5617 5977 2900
10580 2 2 0 5 5892 5893 965
10581 2 2 0 5 1289 6221 6072
10582 2 2 0 5 5991 6055 3291
10583 2 2 0 5 3000 6044 2997
10584 2 2 0 5 2801 5911 2808
10585 2 2 0 5 6007 6942 4162
10586 2 2 0 5 5021 6915 210
10587 2 2 0 5 1583 5912 1585
10588 2 2 0 5 3145 6190 3142
10589 2 2 0 5 3189 4606 2807
10590 2 2 0 5 1513 6899 1339
10591 2 2 0 5 78 5859 77
10592 2 2 0 5 4933 5860 5483
10593 2 2 0 5 2894 4609 3256
10594 2 2 0 5 5822 6766 277
10595 2 2 0 5 5816 5865 5026
10596 2 2 0 5 2987 5862 2700
10597 2 2 0 5 4580 4712 1194
10598 2 2 0 5 966 5838 5813
10599 2 2 0 5 5749 5956 5748
10600 2 2 0 5 3578 5861 2959
10601 2 2 0 5 5845 5899 2217
10602 2 2 0 5 4070 6695 5271
10603 2 2 0 5 2624 5985 2621
10604 2 2 0 5 5064 5940 5865
10605 2 2 0 5 1515 1516 1512
10606 2 2 0 5 2346 2659 2125
10607 2 2 0 5 2399 2400 2398
10608 2 2 0 5 3304 6249 4551
10609 2 2 0 5 3288 5981 2406
10610 2 2 0 5 2948 5982 1947
10611 2 2 0 5 1562 5983 1566
10612 2 2 0 5 2128 6155 2131
10613 2 2 0 5 4173 6715 3358
10614 2 2 0 5 5864 5976 3728
10615 2 2 0 5 4446 6040 4447
10616 2 2 0 5 3136 6243 3115
10617 2 2 0 5 4793 5996 5946
10618 2 2 0 5 1959 5910 3557
10619 2 2 0 5 5347 6153 3644
10620 2 2 0 5 3732 5866 3731
10621 2 2 0 5 4241 6735 4575
10622 2 2 0 5 4819 6474 3905
10623 2 2 0 5 3969 5884 4389
10624 2 2 0 5 1781 6831 6412
10625 2 2 0 5 1658 5991 3291
10626 2 2 0 5 1673 5991 1655
10627 2 2 0 5 5600 5992 5609
10628 2 2 0 5 4487 5992 4488
10629 2 2 0 5 5267 5996 5341
10630 2 2 0 5 5026 5865 5028
10631 2 2 0 5 2392 2393 2391
10632 2 2 0 5 2316 2543 2133
10633 2 2 0 5 3657 3658 2828
10634 2 2 0 5 1537 1540 1536
10635 2 2 0 5 1535 1538 1537
10636 2 2 0 5 1330 4437 1295
10637 2 2 0 5 4185 5953 2116
10638 2 2 0 5 2400 6894 4414
10639 2 2 0 5 1362 1364 1363
10640 2 2 0 5 1691 2960 2959
10641 2 2 0 5 1937 2435 1928
10642 2 2 0 5 2579 2862 2575
10643 2 2 0 5 2574 4547 2579
10644 2 2 0 5 4040 4042 4041
10645 2 2 0 5 3686 6133 3685
10646 2 2 0 5 3336 5964 5879
10647 2 2 0 5 3354 3679 3675
10648 2 2 0 5 2318 4739 4512
10649 2 2 0 5 1071 4562 4561
10650 2 2 0 5 4009 4133 3093
10651 2 2 0 5 5912 5913 2358
10652 2 2 0 5 5688 5867 4875
10653 2 2 0 5 4266 6704 4265
10654 2 2 0 5 1574 5861 1488
10655 2 2 0 5 2542 5951 2140
10656 2 2 0 5 2043 2417 2041
10657 2 2 0 5 2042 2044 2043
10658 2 2 0 5 2076 2078 2077
10659 2 2 0 5 1394 1399 1398
10660 2 2 0 5 3870 6226 4154
10661 2 2 0 5 918 5972 167
10662 2 2 0 5 166 5972 5764
10663 2 2 0 5 1961 6370 1963
10664 2 2 0 5 4013 6742 3967
10665 2 2 0 5 5368 6007 5366
10666 2 2 0 5 5657 6007 4162
10667 2 2 0 5 6436 6626 6327
10668 2 2 0 5 4348 5870 4347
10669 2 2 0 5 1304 4442 1286
10670 2 2 0 5 5936 6014 5565
10671 2 2 0 5 4045 6445 4043
10672 2 2 0 5 3276 4573 3275
10673 2 2 0 5 1845 4574 1879
10674 2 2 0 5 1839 4574 1842
10675 2 2 0 5 3616 5871 3979
10676 2 2 0 5 2598 5806 5802
10677 2 2 0 5 4617 6033 1827
10678 2 2 0 5 4287 6531 6476
10679 2 2 0 5 2304 5865 5816
10680 2 2 0 5 4346 5919 5918
10681 2 2 0 5 4019 5841 3900
10682 2 2 0 5 4803 6232 912
10683 2 2 0 5 4133 6413 3093
10684 2 2 0 5 4762 6033 3538
10685 2 2 0 5 3938 4090 2856
10686 2 2 0 5 2014 2443 2442
10687 2 2 0 5 5541 6148 2496
10688 2 2 0 5 4178 6834 2328
10689 2 2 0 5 2324 6017 3736
10690 2 2 0 5 4125 6528 4105
10691 2 2 0 5 1197 4557 1198
10692 2 2 0 5 2559 6038 2558
10693 2 2 0 5 2587 6039 2586
10694 2 2 0 5 3561 4690 4689
10695 2 2 0 5 4289 6544 6237
10696 2 2 0 5 6237 6544 4594
10697 2 2 0 5 3699 6013 3702
10698 2 2 0 5 1345 6398 1347
10699 2 2 0 5 24 5873 23
10700 2 2 0 5 202 5874 201
10701 2 2 0 5 4618 6760 2279
10702 2 2 0 5 2329 5880 2933
10703 2 2 0 5 1023 5883 1024
10704 2 2 0 5 5899 5946 2219
10705 2 2 0 5 3567 5881 3569
10706 2 2 0 5 5839 5934 3823
10707 2 2 0 5 4651 6068 4653
10708 2 2 0 5 4461 6862 6774
10709 2 2 0 5 6774 6862 4214
10710 2 2 0 5 4207 6263 4202
10711 2 2 0 5 2599 6062 2598
10712 2 2 0 5 6745 6936 4117
10713 2 2 0 5 2620 5985 4110
10714 2 2 0 5 911 5987 184
10715 2 2 0 5 183 5987 962
10716 2 2 0 5 3336 5879 4007
10717 2 2 0 5 3650 6753 3651
10718 2 2 0 5 1181 4568 4566
10719 2 2 0 5 5013 6025 3637
10720 2 2 0 5 5171 6415 5617
10721 2 2 0 5 3294 5884 3968
10722 2 2 0 5 4147 4444 3654
10723 2 2 0 5 4068 6186 3666
10724 2 2 0 5 4689 6884 3561
10725 2 2 0 5 4140 6884 4689
10726 2 2 0 5 3905 6571 4819
10727 2 2 0 5 5963 6504 5388
10728 2 2 0 5 5341 6046 2411
10729 2 2 0 5 3530 6057 4478
10730 2 2 0 5 5215 5895 5216
10731 2 2 0 5 4497 6556 6157
10732 2 2 0 5 3544 6870 5454
10733 2 2 0 5 3837 4712 4580
10734 2 2 0 5 1507 6426 1342
10735 2 2 0 5 2407 5885 3720
10736 2 2 0 5 4182 6633 4550
10737 2 2 0 5 5876 6567 299
10738 2 2 0 5 4491 6104 2522
10739 2 2 0 5 4626 6003 1586
10740 2 2 0 5 1436 6043 1918
10741 2 2 0 5 1008 6234 5342
10742 2 2 0 5 5635 6188 1886
10743 2 2 0 5 3918 6328 6217
10744 2 2 0 5 298 5876 299
10745 2 2 0 5 2328 6834 6421
10746 2 2 0 5 4787 6024 4788
10747 2 2 0 5 2314 6902 5937
10748 2 2 0 5 5328 5892 965
10749 2 2 0 5 1372 6050 1396
10750 2 2 0 5 4877 6050 1374
10751 2 2 0 5 5749 6680 5030
10752 2 2 0 5 3865 6798 3172
10753 2 2 0 5 4392 6180 5905
10754 2 2 0 5 4550 6925 4182
10755 2 2 0 5 937 6051 80
10756 2 2 0 5 79 6051 889
10757 2 2 0 5 2994 2996 2357
10758 2 2 0 5 2127 2128 1992
10759 2 2 0 5 1986 5898 1985
10760 2 2 0 5 3969 4389 1935
10761 2 2 0 5 3304 4551 3619
10762 2 2 0 5 3221 3387 3216
10763 2 2 0 5 1499 4153 1321
10764 2 2 0 5 1498 1500 1499
10765 2 2 0 5 3522 3525 3524
10766 2 2 0 5 3329 3606 2992
10767 2 2 0 5 2993 3330 3329
10768 2 2 0 5 1329 2804 2803
10769 2 2 0 5 1813 4617 1816
10770 2 2 0 5 2025 4454 2800
10771 2 2 0 5 2171 2652 2471
10772 2 2 0 5 2800 2905 2310
10773 2 2 0 5 4513 5776 3836
10774 2 2 0 5 2164 3073 2372
10775 2 2 0 5 2372 2373 2165
10776 2 2 0 5 2319 2501 2152
10777 2 2 0 5 2147 2375 2146
10778 2 2 0 5 2056 2582 2495
10779 2 2 0 5 2087 4525 2474
10780 2 2 0 5 2474 2858 2473
10781 2 2 0 5 2815 4216 3548
10782 2 2 0 5 3548 3887 2899
10783 2 2 0 5 3672 3673 2425
10784 2 2 0 5 3960 3961 2916
10785 2 2 0 5 3090 3962 3960
10786 2 2 0 5 2315 2322 2314
10787 2 2 0 5 2418 2475 2419
10788 2 2 0 5 3129 3688 2936
10789 2 2 0 5 1545 1547 1546
10790 2 2 0 5 1546 2023 1544
10791 2 2 0 5 3334 3336 3335
10792 2 2 0 5 2588 2589 2587
10793 2 2 0 5 4273 4274 4272
10794 2 2 0 5 3143 3144 3142
10795 2 2 0 5 2560 2561 2559
10796 2 2 0 5 3279 6792 4211
10797 2 2 0 5 3601 3614 3386
10798 2 2 0 5 2639 6394 2641
10799 2 2 0 5 2323 6061 2322
10800 2 2 0 5 2217 5899 2215
10801 2 2 0 5 960 6346 5754
10802 2 2 0 5 2024 6463 2949
10803 2 2 0 5 4502 5968 3386
10804 2 2 0 5 1644 4751 4563
10805 2 2 0 5 2137 2138 2136
10806 2 2 0 5 2622 2623 2621
10807 2 2 0 5 898 5936 5842
10808 2 2 0 5 2990 6059 5416
10809 2 2 0 5 1402 6341 1473
10810 2 2 0 5 2345 6541 2344
10811 2 2 0 5 3325 6339 4453
10812 2 2 0 5 2653 5940 5064
10813 2 2 0 5 6257 6655 4023
10814 2 2 0 5 2592 2593 2591
10815 2 2 0 5 3147 3148 3146
10816 2 2 0 5 2626 2627 2625
10817 2 2 0 5 2596 2597 2595
10818 2 2 0 5 2600 2601 2599
10819 2 2 0 5 2604 2605 2603
10820 2 2 0 5 3743 3745 3744
10821 2 2 0 5 3615 6465 3301
10822 2 2 0 5 2038 2040 2039
10823 2 2 0 5 1978 1979 1977
10824 2 2 0 5 1284 1285 1283
10825 2 2 0 5 3739 3741 3740
10826 2 2 0 5 4368 6028 4369
10827 2 2 0 5 3616 5932 5871
10828 2 2 0 5 5892 5984 5014
10829 2 2 0 5 1277 5811 1275
10830 2 2 0 5 3933 6339 3325
10831 2 2 0 5 4464 6137 1193
10832 2 2 0 5 922 6395 5367
10833 2 2 0 5 2887 6622 2885
10834 2 2 0 5 4346 5918 4342
10835 2 2 0 5 3549 6173 4642
10836 2 2 0 5 3894 6682 4144
10837 2 2 0 5 2996 4594 2998
10838 2 2 0 5 5865 5940 5028
10839 2 2 0 5 5020 6000 5019
10840 2 2 0 5 3445 6068 5177
10841 2 2 0 5 3768 6068 4651
10842 2 2 0 5 6032 6177 2855
10843 2 2 0 5 5596 5975 3594
10844 2 2 0 5 957 6379 4936
10845 2 2 0 5 87 5906 86
10846 2 2 0 5 6050 6907 4610
10847 2 2 0 5 37 6060 36
10848 2 2 0 5 6327 6626 3254
10849 2 2 0 5 2399 6075 2404
10850 2 2 0 5 2346 6076 3678
10851 2 2 0 5 3491 6479 4649
10852 2 2 0 5 2147 6078 2377
10853 2 2 0 5 1159 4688 1161
10854 2 2 0 5 3601 4459 3614
10855 2 2 0 5 4497 6157 4262
10856 2 2 0 5 4653 6095 896
10857 2 2 0 5 3315 5907 3316
10858 2 2 0 5 2034 2036 2035
10859 2 2 0 5 2072 2074 2073
10860 2 2 0 5 3233 4232 3234
10861 2 2 0 5 1987 1988 1986
10862 2 2 0 5 3651 3652 2656
10863 2 2 0 5 3205 3207 3206
10864 2 2 0 5 1974 1975 1972
10865 2 2 0 5 1280 1281 1279
10866 2 2 0 5 1302 1306 1301
10867 2 2 0 5 1389 1391 1390
10868 2 2 0 5 2479 2805 2480
10869 2 2 0 5 2946 3612 3611
10870 2 2 0 5 2410 2477 2405
10871 2 2 0 5 3529 3531 3530
10872 2 2 0 5 3541 4082 3542
10873 2 2 0 5 2954 3705 3378
10874 2 2 0 5 3146 5939 3145
10875 2 2 0 5 3879 4527 3878
10876 2 2 0 5 2436 2440 2438
10877 2 2 0 5 1595 2939 1501
10878 2 2 0 5 3647 5908 3278
10879 2 2 0 5 6046 6083 2411
10880 2 2 0 5 1587 6064 2022
10881 2 2 0 5 1913 6676 1911
10882 2 2 0 5 2136 5951 2135
10883 2 2 0 5 3642 6759 1317
10884 2 2 0 5 3388 6755 2904
10885 2 2 0 5 2808 5911 3285
10886 2 2 0 5 1585 5912 2358
10887 2 2 0 5 4397 6622 2887
10888 2 2 0 5 4272 6088 4705
10889 2 2 0 5 4799 6083 4796
10890 2 2 0 5 1098 1100 1099
10891 2 2 0 5 1098 1099 1097
10892 2 2 0 5 1096 1097 1095
10893 2 2 0 5 1094 1095 1093
10894 2 2 0 5 2127 6087 2504
10895 2 2 0 5 1092 1093 1091
10896 2 2 0 5 4483 6443 1838
10897 2 2 0 5 3991 5960 5959
10898 2 2 0 5 1450 6085 1448
10899 2 2 0 5 1327 6537 2809
10900 2 2 0 5 2183 6086 980
10901 2 2 0 5 982 6086 1421
10902 2 2 0 5 956 6054 22
10903 2 2 0 5 21 6054 912
10904 2 2 0 5 63 6644 5896
10905 2 2 0 5 938 6889 5307
10906 2 2 0 5 4342 5918 4344
10907 2 2 0 5 3859 6038 2559
10908 2 2 0 5 2590 6039 2587
10909 2 2 0 5 1653 6195 4655
10910 2 2 0 5 3832 5917 3833
10911 2 2 0 5 5913 5916 2358
10912 2 2 0 5 4585 6214 3855
10913 2 2 0 5 5262 6656 5002
10914 2 2 0 5 6486 6585 4172
10915 2 2 0 5 4494 6096 3128
10916 2 2 0 5 2225 4851 4388
10917 2 2 0 5 3206 6462 3218
10918 2 2 0 5 5734 6337 6297
10919 2 2 0 5 3673 6080 5840
10920 2 2 0 5 4249 6273 4495
10921 2 2 0 5 5884 6413 3968
10922 2 2 0 5 2558 6038 2843
10923 2 2 0 5 2586 6039 3297
10924 2 2 0 5 3656 6052 5970
10925 2 2 0 5 2500 6909 6009
10926 2 2 0 5 3761 6444 5999
10927 2 2 0 5 3562 5922 3564
10928 2 2 0 5 4483 6815 4197
10929 2 2 0 5 6216 6508 2129
10930 2 2 0 5 4009 6477 4708
10931 2 2 0 5 3871 6244 3854
10932 2 2 0 5 3192 5928 4063
10933 2 2 0 5 69 6110 68
10934 2 2 0 5 4918 6111 4919
10935 2 2 0 5 5038 6111 3895
10936 2 2 0 5 2034 6048 2037
10937 2 2 0 5 4586 6373 4035
10938 2 2 0 5 331 6887 4597
10939 2 2 0 5 4612 6679 885
10940 2 2 0 5 4079 4536 4058
10941 2 2 0 5 2865 6058 2870
10942 2 2 0 5 1008 6387 6234
10943 2 2 0 5 1310 6023 1323
10944 2 2 0 5 1090 1091 1089
10945 2 2 0 5 5904 6224 5730
10946 2 2 0 5 5760 6324 954
10947 2 2 0 5 4372 6107 6106
10948 2 2 0 5 1846 5902 255
10949 2 2 0 5 5996 6046 5341
10950 2 2 0 5 6380 6533 4035
10951 2 2 0 5 2940 6067 2942
10952 2 2 0 5 4396 4700 3756
10953 2 2 0 5 3596 5932 3616
10954 2 2 0 5 2322 6061 4480
10955 2 2 0 5 2223 6124 2363
10956 2 2 0 5 2070 6112 2084
10957 2 2 0 5 2918 6127 2976
10958 2 2 0 5 6031 6929 4207
10959 2 2 0 5 4418 6161 1361
10960 2 2 0 5 3823 5934 3604
10961 2 2 0 5 3872 6582 4423
10962 2 2 0 5 4545 6841 1154
10963 2 2 0 5 6476 6531 4393
10964 2 2 0 5 4223 6769 6325
10965 2 2 0 5 1554 6089 4378
10966 2 2 0 5 38 6115 37
10967 2 2 0 5 4832 5935 3839
10968 2 2 0 5 3693 3931 3930
10969 2 2 0 5 2292 6694 5672
10970 2 2 0 5 3594 5975 4175
10971 2 2 0 5 4969 6136 4971
10972 2 2 0 5 4968 6136 4966
10973 2 2 0 5 4622 5936 4623
10974 2 2 0 5 2585 6332 4178
10975 2 2 0 5 896 6095 189
10976 2 2 0 5 2362 6833 4674
10977 2 2 0 5 3631 6139 5654
10978 2 2 0 5 6138 6546 1203
10979 2 2 0 5 4013 6837 6742
10980 2 2 0 5 892 6942 6007
10981 2 2 0 5 2160 6495 2158
10982 2 2 0 5 4687 6347 1582
10983 2 2 0 5 5827 5930 1330
10984 2 2 0 5 5895 5896 967
10985 2 2 0 5 2879 6861 4127
10986 2 2 0 5 3819 6860 4273
10987 2 2 0 5 1552 5944 5807
10988 2 2 0 5 5805 6005 3971
10989 2 2 0 5 147 6151 888
10990 2 2 0 5 192 5938 191
10991 2 2 0 5 1283 6241 1282
10992 2 2 0 5 4415 6152 4416
10993 2 2 0 5 5210 6152 5213
10994 2 2 0 5 5328 5984 5892
10995 2 2 0 5 1140 6153 5347
10996 2 2 0 5 4374 6063 1560
10997 2 2 0 5 5028 5940 5030
10998 2 2 0 5 4204 6004 4201
10999 2 2 0 5 4156 6720 5729
11000 2 2 0 5 4251 5851 2975
11001 2 2 0 5 3656 6053 6052
11002 2 2 0 5 1678 4751 1647
11003 2 2 0 5 3857 6010 3635
11004 2 2 0 5 5997 5998 4253
11005 2 2 0 5 5565 6014 5148
11006 2 2 0 5 6112 6758 2084
11007 2 2 0 5 3914 5944 3913
11008 2 2 0 5 905 6827 5003
11009 2 2 0 5 1387 6163 1392
11010 2 2 0 5 5842 5936 4622
11011 2 2 0 5 3620 6164 2840
11012 2 2 0 5 2594 6548 5767
11013 2 2 0 5 2572 6105 2577
11014 2 2 0 5 6567 6925 1661
11015 2 2 0 5 3533 6342 5909
11016 2 2 0 5 1534 6130 1552
11017 2 2 0 5 2602 6062 2599
11018 2 2 0 5 4443 6175 3733
11019 2 2 0 5 4963 6175 4964
11020 2 2 0 5 4143 6509 3939
11021 2 2 0 5 4790 5946 4789
11022 2 2 0 5 3706 5948 3374
11023 2 2 0 5 6308 6431 4151
11024 2 2 0 5 5014 5984 5013
11025 2 2 0 5 1432 6182 5372
11026 2 2 0 5 1918 6182 1434
11027 2 2 0 5 2435 6233 1928
11028 2 2 0 5 2491 6032 3090
11029 2 2 0 5 3273 3921 3187
11030 2 2 0 5 3159 4265 3156
11031 2 2 0 5 3008 4286 2649
11032 2 2 0 5 3223 3923 3226
11033 2 2 0 5 3174 4284 3177
11034 2 2 0 5 2925 4290 2869
11035 2 2 0 5 929 6570 5215
11036 2 2 0 5 1397 4891 4890
11037 2 2 0 5 4806 6588 15
11038 2 2 0 5 5100 6131 5099
11039 2 2 0 5 2496 6148 1964
11040 2 2 0 5 4381 6835 1568
11041 2 2 0 5 187 6150 958
11042 2 2 0 5 5937 6718 4458
11043 2 2 0 5 2901 6481 2902
11044 2 2 0 5 1289 6072 1287
11045 2 2 0 5 1483 6006 4360
11046 2 2 0 5 3902 6045 6044
11047 2 2 0 5 5410 6820 6668
11048 2 2 0 5 3390 4725 4724
11049 2 2 0 5 1312 6023 1310
11050 2 2 0 5 4458 6066 4665
11051 2 2 0 5 1127 6196 1132
11052 2 2 0 5 1118 6056 1180
11053 2 2 0 5 3593 6840 5553
11054 2 2 0 5 6124 6171 2363
11055 2 2 0 5 2982 4744 1075
11056 2 2 0 5 4810 6701 2384
11057 2 2 0 5 1902 6802 6414
11058 2 2 0 5 3684 6336 4530
11059 2 2 0 5 1279 6503 1277
11060 2 2 0 5 4938 6590 957
11061 2 2 0 5 4799 6124 6083
11062 2 2 0 5 5229 6441 910
11063 2 2 0 5 4789 5946 5899
11064 2 2 0 5 3257 5743 2642
11065 2 2 0 5 958 6154 186
11066 2 2 0 5 185 6154 911
11067 2 2 0 5 2809 6800 5736
11068 2 2 0 5 210 6399 5021
11069 2 2 0 5 5756 6317 923
11070 2 2 0 5 2522 5781 1779
11071 2 2 0 5 4022 6209 3873
11072 2 2 0 5 6203 6637 3188
11073 2 2 0 5 5038 6367 6182
11074 2 2 0 5 3378 6787 3362
11075 2 2 0 5 3629 6215 4415
11076 2 2 0 5 2159 4530 2307
11077 2 2 0 5 1133 6217 1136
11078 2 2 0 5 1531 6500 4320
11079 2 2 0 5 3080 6228 3547
11080 2 2 0 5 2366 6547 2479
11081 2 2 0 5 1440 5958 1438
11082 2 2 0 5 5758 5954 163
11083 2 2 0 5 81 6223 937
11084 2 2 0 5 4531 6432 5762
11085 2 2 0 5 4766 6022 6021
11086 2 2 0 5 5088 5961 4967
11087 2 2 0 5 2867 6058 2865
11088 2 2 0 5 1301 6578 1299
11089 2 2 0 5 4201 6004 4199
11090 2 2 0 5 4677 6562 4679
11091 2 2 0 5 4952 5962 5035
11092 2 2 0 5 4697 5901 4695
11093 2 2 0 5 5538 5963 2767
11094 2 2 0 5 5654 6235 5069
11095 2 2 0 5 4708 6452 2892
11096 2 2 0 5 3614 4502 3386
11097 2 2 0 5 4535 6880 2617
11098 2 2 0 5 3939 6509 5982
11099 2 2 0 5 1498 5882 3369
11100 2 2 0 5 5345 6415 5815
11101 2 2 0 5 1245 6036 1247
11102 2 2 0 5 3313 6869 4233
11103 2 2 0 5 1557 6779 4073
11104 2 2 0 5 1782 6779 1557
11105 2 2 0 5 4072 6777 2065
11106 2 2 0 5 2065 6777 2067
11107 2 2 0 5 946 6245 149
11108 2 2 0 5 5212 6475 929
11109 2 2 0 5 4275 4276 3083
11110 2 2 0 5 4459 4460 3614
11111 2 2 0 5 3707 5967 2953
11112 2 2 0 5 898 6014 5936
11113 2 2 0 5 4280 6648 1815
11114 2 2 0 5 3714 5966 5737
11115 2 2 0 5 6385 6887 331
11116 2 2 0 5 5748 5956 953
11117 2 2 0 5 5097 6250 5100
11118 2 2 0 5 1100 1101 1099
11119 2 2 0 5 1097 2433 1095
11120 2 2 0 5 5946 5996 2219
11121 2 2 0 5 5355 6252 2306
11122 2 2 0 5 1093 1129 1091
11123 2 2 0 5 2086 4771 2089
11124 2 2 0 5 4123 6912 2317
11125 2 2 0 5 3386 5968 2989
11126 2 2 0 5 4627 6931 4312
11127 2 2 0 5 4526 6824 2048
11128 2 2 0 5 4048 6259 3112
11129 2 2 0 5 3114 6259 3561
11130 2 2 0 5 6231 6787 4387
11131 2 2 0 5 4784 6240 4787
11132 2 2 0 5 2989 5968 2990
11133 2 2 0 5 5736 6023 1312
11134 2 2 0 5 3389 6673 3938
11135 2 2 0 5 5215 6570 5896
11136 2 2 0 5 3063 4813 4812
11137 2 2 0 5 1243 4712 1602
11138 2 2 0 5 1780 4715 2385
11139 2 2 0 5 4023 5971 4379
11140 2 2 0 5 932 6011 5934
11141 2 2 0 5 5532 6269 5575
11142 2 2 0 5 3908 6269 4600
11143 2 2 0 5 3935 6035 6034
11144 2 2 0 5 2363 6171 5134
11145 2 2 0 5 2625 6506 2624
11146 2 2 0 5 2807 4606 2981
11147 2 2 0 5 2896 4609 2894
11148 2 2 0 5 2691 6278 976
11149 2 2 0 5 978 6278 2183
11150 2 2 0 5 3708 6120 5910
11151 2 2 0 5 3948 6117 2578
11152 2 2 0 5 4259 6722 4429
11153 2 2 0 5 217 5957 218
11154 2 2 0 5 2900 5977 5501
11155 2 2 0 5 5290 6387 1008
11156 2 2 0 5 6298 6830 3155
11157 2 2 0 5 3709 6317 3710
11158 2 2 0 5 167 5972 166
11159 2 2 0 5 5017 6399 928
11160 2 2 0 5 4175 6324 4916
11161 2 2 0 5 6218 6349 4423
11162 2 2 0 5 3883 6771 3981
11163 2 2 0 5 4601 6717 4728
11164 2 2 0 5 1830 6248 5844
11165 2 2 0 5 3171 4578 3866
11166 2 2 0 5 3624 3875 3874
11167 2 2 0 5 1687 4563 3692
11168 2 2 0 5 2585 4178 2330
11169 2 2 0 5 3844 3845 2909
11170 2 2 0 5 4193 4476 3891
11171 2 2 0 5 2815 6225 4216
11172 2 2 0 5 2942 3554 3553
11173 2 2 0 5 2022 2311 2155
11174 2 2 0 5 3667 4243 3118
11175 2 2 0 5 3721 4120 4015
11176 2 2 0 5 1511 1512 1509
11177 2 2 0 5 2124 2125 2123
11178 2 2 0 5 3848 4239 3184
11179 2 2 0 5 2397 2398 2396
11180 2 2 0 5 2886 6540 2889
11181 2 2 0 5 5901 6913 4695
11182 2 2 0 5 1538 6555 2503
11183 2 2 0 5 2025 6288 4454
11184 2 2 0 5 1184 6911 4508
11185 2 2 0 5 4389 6315 1935
11186 2 2 0 5 3949 5929 4296
11187 2 2 0 5 4153 6242 1321
11188 2 2 0 5 1691 6440 2960
11189 2 2 0 5 912 6232 20
11190 2 2 0 5 19 6232 959
11191 2 2 0 5 1540 2802 2801
11192 2 2 0 5 5264 6504 5963
11193 2 2 0 5 4766 6021 4767
11194 2 2 0 5 5916 6064 2358
11195 2 2 0 5 1348 6691 5850
11196 2 2 0 5 5358 6346 4189
11197 2 2 0 5 4714 6647 3236
11198 2 2 0 5 1180 6348 1120
11199 2 2 0 5 5829 6427 197
11200 2 2 0 5 4223 6325 6277
11201 2 2 0 5 2011 5863 4501
11202 2 2 0 5 6014 6097 5148
11203 2 2 0 5 951 6246 178
11204 2 2 0 5 4493 6604 6435
11205 2 2 0 5 6335 6512 5795
11206 2 2 0 5 4894 6358 4888
11207 2 2 0 5 3939 5982 2948
11208 2 2 0 5 4452 5981 3288
11209 2 2 0 5 1566 5983 4213
11210 2 2 0 5 5759 5975 918
11211 2 2 0 5 2039 6650 5921
11212 2 2 0 5 2075 6731 3639
11213 2 2 0 5 3302 6104 4177
11214 2 2 0 5 924 5984 5328
11215 2 2 0 5 4084 6192 4082
11216 2 2 0 5 4716 6410 3989
11217 2 2 0 5 1027 6545 4853
11218 2 2 0 5 5919 6178 5988
11219 2 2 0 5 899 6383 83
11220 2 2 0 5 4404 4405 2600
11221 2 2 0 5 3547 6167 3889
11222 2 2 0 5 1382 4472 1384
11223 2 2 0 5 4407 4408 2626
11224 2 2 0 5 67 6109 924
11225 2 2 0 5 4742 6905 4012
11226 2 2 0 5 3334 5964 3336
11227 2 2 0 5 2307 6336 2852
11228 2 2 0 5 5027 6390 5031
11229 2 2 0 5 5110 6396 4518
11230 2 2 0 5 4060 6511 2079
11231 2 2 0 5 4412 5942 4411
11232 2 2 0 5 2107 6112 2068
11233 2 2 0 5 4686 6149 3725
11234 2 2 0 5 4481 6404 4999
11235 2 2 0 5 5000 6404 5003
11236 2 2 0 5 4644 6881 4316
11237 2 2 0 5 5815 6415 5171
11238 2 2 0 5 6171 6222 5134
11239 2 2 0 5 2917 6423 4069
11240 2 2 0 5 3184 4239 2890
11241 2 2 0 5 3721 4660 4120
11242 2 2 0 5 3118 4243 3119
11243 2 2 0 5 5030 6818 5749
11244 2 2 0 5 119 6429 917
11245 2 2 0 5 942 6429 120
11246 2 2 0 5 1835 6912 4123
11247 2 2 0 5 2875 5943 3602
11248 2 2 0 5 4562 6855 4561
11249 2 2 0 5 1344 5986 4311
11250 2 2 0 5 184 5987 183
11251 2 2 0 5 3891 4476 3890
11252 2 2 0 5 4222 6752 1555
11253 2 2 0 5 4223 6277 2054
11254 2 2 0 5 4379 6258 3333
11255 2 2 0 5 194 6395 193
11256 2 2 0 5 4445 6138 1203
11257 2 2 0 5 4964 6447 3987
11258 2 2 0 5 1395 6923 6226
11259 2 2 0 5 1655 5991 1658
11260 2 2 0 5 45 6345 893
11261 2 2 0 5 5753 6345 46
11262 2 2 0 5 3686 6187 6133
11263 2 2 0 5 5823 6660 5323
11264 2 2 0 5 6041 6414 4251
11265 2 2 0 5 3624 4675 3875
11266 2 2 0 5 895 6432 4592
11267 2 2 0 5 5609 5992 4487
11268 2 2 0 5 5070 6454 5071
11269 2 2 0 5 4587 6662 6405
11270 2 2 0 5 2330 4178 2328
11271 2 2 0 5 6137 6810 3350
11272 2 2 0 5 4464 6810 6137
11273 2 2 0 5 1882 6349 1826
11274 2 2 0 5 4299 6674 6577
11275 2 2 0 5 2219 5996 5267
11276 2 2 0 5 4020 6227 3729
11277 2 2 0 5 3858 6460 5096
11278 2 2 0 5 4713 5891 3661
11279 2 2 0 5 1304 6072 4700
11280 2 2 0 5 1643 4563 1687
11281 2 2 0 5 2537 4578 3171
11282 2 2 0 5 5327 6345 5753
11283 2 2 0 5 4642 6173 3885
11284 2 2 0 5 5743 6811 2985
11285 2 2 0 5 5696 6566 4693
11286 2 2 0 5 3332 4634 3735
11287 2 2 0 5 1594 4635 2014
11288 2 2 0 5 4477 6401 4176
11289 2 2 0 5 1646 6347 3714
11290 2 2 0 5 4844 6474 4819
11291 2 2 0 5 5958 6043 1438
11292 2 2 0 5 5032 6000 5020
11293 2 2 0 5 5787 6888 4338
11294 2 2 0 5 4299 6577 4300
11295 2 2 0 5 4444 6126 3654
11296 2 2 0 5 894 6379 29
11297 2 2 0 5 28 6379 957
11298 2 2 0 5 5690 6296 4699
11299 2 2 0 5 4493 6435 2802
11300 2 2 0 5 5445 6479 3491
11301 2 2 0 5 3545 4259 3107
11302 2 2 0 5 3213 4402 3366
11303 2 2 0 5 3348 4403 2632
11304 2 2 0 5 4093 6202 4289
11305 2 2 0 5 3639 6012 4046
11306 2 2 0 5 3843 6866 4546
11307 2 2 0 5 5306 6497 5307
11308 2 2 0 5 4972 6497 4973
11309 2 2 0 5 5290 6501 6387
11310 2 2 0 5 54 6416 910
11311 2 2 0 5 949 6416 55
11312 2 2 0 5 2144 6569 4672
11313 2 2 0 5 2827 6167 3974
11314 2 2 0 5 5366 6007 5657
11315 2 2 0 5 4571 6738 1924
11316 2 2 0 5 5154 6517 5153
11317 2 2 0 5 923 6425 41
11318 2 2 0 5 196 6427 892
11319 2 2 0 5 150 6519 946
11320 2 2 0 5 905 6519 151
11321 2 2 0 5 4770 6569 6553
11322 2 2 0 5 884 6250 5747
11323 2 2 0 5 5596 6693 5975
11324 2 2 0 5 6113 6402 3253
11325 2 2 0 5 3283 6522 4005
11326 2 2 0 5 4581 6736 4228
11327 2 2 0 5 4255 6632 4257
11328 2 2 0 5 3746 4707 3747
11329 2 2 0 5 322 5990 323
11330 2 2 0 5 6381 6613 4221
11331 2 2 0 5 951 6466 4750
11332 2 2 0 5 1842 4574 1845
11333 2 2 0 5 3279 4573 3276
11334 2 2 0 5 1346 6765 5800
11335 2 2 0 5 5670 6009 3633
11336 2 2 0 5 5200 6481 4192
11337 2 2 0 5 910 6441 53
11338 2 2 0 5 52 6441 961
11339 2 2 0 5 3983 6602 1367
11340 2 2 0 5 5081 6534 5080
11341 2 2 0 5 1343 6081 1273
11342 2 2 0 5 4390 6535 3986
11343 2 2 0 5 3985 6535 4463
11344 2 2 0 5 1271 6081 2129
11345 2 2 0 5 2081 6717 6012
11346 2 2 0 5 5852 6011 932
11347 2 2 0 5 5929 6666 4107
11348 2 2 0 5 4680 6914 4602
11349 2 2 0 5 141 6549 140
11350 2 2 0 5 5152 6550 3915
11351 2 2 0 5 2011 6551 1968
11352 2 2 0 5 1908 5999 2094
11353 2 2 0 5 3349 6058 2867
11354 2 2 0 5 3306 6098 3305
11355 2 2 0 5 1323 6334 6102
11356 2 2 0 5 1966 6551 2496
11357 2 2 0 5 3116 4870 4869
11358 2 2 0 5 1088 1776 1775
11359 2 2 0 5 4088 4089 3864
11360 2 2 0 5 6357 6597 4274
11361 2 2 0 5 1824 6218 1822
11362 2 2 0 5 4806 6240 4786
11363 2 2 0 5 2859 5901 4697
11364 2 2 0 5 40 6425 4600
11365 2 2 0 5 3576 6571 3905
11366 2 2 0 5 4808 6684 931
11367 2 2 0 5 895 6466 180
11368 2 2 0 5 179 6466 951
11369 2 2 0 5 5914 5915 5913
11370 2 2 0 5 6121 6559 4634
11371 2 2 0 5 3702 6013 4252
11372 2 2 0 5 4161 6427 5829
11373 2 2 0 5 2093 6573 1936
11374 2 2 0 5 1553 6752 6017
11375 2 2 0 5 1 6646 112
11376 2 2 0 5 4 6643 161
11377 2 2 0 5 64 6645 3
11378 2 2 0 5 113 6644 2
11379 2 2 0 5 162 6643 4
11380 2 2 0 5 3 6645 214
11381 2 2 0 5 11 6646 1
11382 2 2 0 5 2 6644 63
11383 2 2 0 5 5134 6222 2967
11384 2 2 0 5 5030 6680 5029
11385 2 2 0 5 2417 6650 2041
11386 2 2 0 5 2044 6587 2047
11387 2 2 0 5 5331 6593 902
11388 2 2 0 5 3219 6592 3203
11389 2 2 0 5 2527 6937 2439
11390 2 2 0 5 938 6596 85
11391 2 2 0 5 84 6596 899
11392 2 2 0 5 3556 4670 4646
11393 2 2 0 5 4788 6024 4791
11394 2 2 0 5 4603 6543 3290
11395 2 2 0 5 5507 6607 5641
11396 2 2 0 5 5254 6014 898
11397 2 2 0 5 4091 6621 5955
11398 2 2 0 5 1297 6612 1330
11399 2 2 0 5 3916 6614 4011
11400 2 2 0 5 2144 6618 2143
11401 2 2 0 5 1578 6363 5831
11402 2 2 0 5 3092 6477 4009
11403 2 2 0 5 3104 6671 5807
11404 2 2 0 5 4505 5739 1796
11405 2 2 0 5 2313 6285 5871
11406 2 2 0 5 3640 6507 2492
11407 2 2 0 5 1567 6719 1564
11408 2 2 0 5 4216 6069 4656
11409 2 2 0 5 121 6630 942
11410 2 2 0 5 904 6630 122
11411 2 2 0 5 3710 6135 5505
11412 2 2 0 5 4089 6660 5823
11413 2 2 0 5 5935 6189 3839
11414 2 2 0 5 2369 6638 2891
11415 2 2 0 5 3959 6546 6138
11416 2 2 0 5 3236 6647 3231
11417 2 2 0 5 1810 6648 1808
11418 2 2 0 5 1602 6036 1245
11419 2 2 0 5 139 6627 945
11420 2 2 0 5 3180 6946 3182
11421 2 2 0 5 2315 6017 2324
11422 2 2 0 5 5002 6656 5417
11423 2 2 0 5 5638 6656 4117
11424 2 2 0 5 3084 6434 6070
11425 2 2 0 5 4809 6911 1109
11426 2 2 0 5 1329 6629 3063
11427 2 2 0 5 6445 6917 4596
11428 2 2 0 5 5766 6619 5031
11429 2 2 0 5 6100 6101 4572
11430 2 2 0 5 5148 6097 5149
11431 2 2 0 5 4329 6316 4631
11432 2 2 0 5 5410 6668 5308
11433 2 2 0 5 4703 6107 4372
11434 2 2 0 5 5868 5967 3707
11435 2 2 0 5 1111 6911 1184
11436 2 2 0 5 4086 6679 4612
11437 2 2 0 5 4531 6681 4061
11438 2 2 0 5 6166 6903 3940
11439 2 2 0 5 4012 6905 5594
11440 2 2 0 5 4303 6264 4302
11441 2 2 0 5 5551 6688 4219
11442 2 2 0 5 3637 6025 4020
11443 2 2 0 5 4769 6027 4770
11444 2 2 0 5 5751 6235 963
11445 2 2 0 5 1987 4438 1988
11446 2 2 0 5 2036 5921 2035
11447 2 2 0 5 4148 6885 5367
11448 2 2 0 5 3561 6884 3135
11449 2 2 0 5 3137 6884 4140
11450 2 2 0 5 1931 6573 1930
11451 2 2 0 5 3063 6629 4813
11452 2 2 0 5 2813 6863 3390
11453 2 2 0 5 1184 6871 1113
11454 2 2 0 5 4542 6469 2842
11455 2 2 0 5 1280 6140 1281
11456 2 2 0 5 6066 6090 2023
11457 2 2 0 5 6129 6492 5785
11458 2 2 0 5 3183 6861 2883
11459 2 2 0 5 2880 6861 2879
11460 2 2 0 5 4798 6859 4801
11461 2 2 0 5 5694 6860 3819
11462 2 2 0 5 61 6570 929
11463 2 2 0 5 4064 6849 4112
11464 2 2 0 5 2331 6908 6016
11465 2 2 0 5 5301 6844 5302
11466 2 2 0 5 1683 6360 1677
11467 2 2 0 5 1675 6360 1781
11468 2 2 0 5 5261 6745 5262
11469 2 2 0 5 934 6762 5258
11470 2 2 0 5 2317 6912 1797
11471 2 2 0 5 4429 6722 4747
11472 2 2 0 5 2333 6833 2362
11473 2 2 0 5 3230 6214 3851
11474 2 2 0 5 4444 6516 2549
11475 2 2 0 5 5854 6071 1814
11476 2 2 0 5 6417 6657 3887
11477 2 2 0 5 1954 6948 1913
11478 2 2 0 5 1128 6018 1099
11479 2 2 0 5 1943 4419 2877
11480 2 2 0 5 4324 6642 4496
11481 2 2 0 5 3130 6791 4138
11482 2 2 0 5 14 6588 931
11483 2 2 0 5 957 6590 27
11484 2 2 0 5 2935 6505 3380
11485 2 2 0 5 1686 6610 1641
11486 2 2 0 5 2852 6336 6049
11487 2 2 0 5 210 6915 209
11488 2 2 0 5 6555 6845 2503
11489 2 2 0 5 3071 6042 3191
11490 2 2 0 5 271 6016 272
11491 2 2 0 5 959 6024 5761
11492 2 2 0 5 5948 6164 3620
11493 2 2 0 5 195 6730 194
11494 2 2 0 5 26 6590 5773
11495 2 2 0 5 2499 6838 3723
11496 2 2 0 5 310 6020 311
11497 2 2 0 5 3711 6727 3712
11498 2 2 0 5 5258 6762 5780
11499 2 2 0 5 1438 6043 1436
11500 2 2 0 5 1679 6611 1664
11501 2 2 0 5 4794 6046 4793
11502 2 2 0 5 5872 5891 3235
11503 2 2 0 5 931 6684 13
11504 2 2 0 5 4075 6753 6547
11505 2 2 0 5 4603 6781 6543
11506 2 2 0 5 3880 6448 2857
11507 2 2 0 5 2598 6062 5806
11508 2 2 0 5 6716 6765 1346
11509 2 2 0 5 4321 6852 4322
11510 2 2 0 5 2116 5953 1207
11511 2 2 0 5 5966 6505 2935
11512 2 2 0 5 1847 6464 4575
11513 2 2 0 5 5893 6645 965
11514 2 2 0 5 190 6732 896
11515 2 2 0 5 4264 6470 4729
11516 2 2 0 5 3907 5818 1775
11517 2 2 0 5 4469 6765 6716
11518 2 2 0 5 6657 6832 3887
11519 2 2 0 5 1485 6854 4471
11520 2 2 0 5 3656 5970 3559
11521 2 2 0 5 3586 4601 3584
11522 2 2 0 5 3760 6190 4732
11523 2 2 0 5 5778 6665 4933
11524 2 2 0 5 5750 6680 909
11525 2 2 0 5 5800 6576 4401
11526 2 2 0 5 2909 6062 2602
11527 2 2 0 5 2245 6501 5290
11528 2 2 0 5 4302 6264 6263
11529 2 2 0 5 3998 6049 3677
11530 2 2 0 5 930 6665 5758
11531 2 2 0 5 3216 6099 3210
11532 2 2 0 5 2854 4738 3389
11533 2 2 0 5 3367 5943 2670
11534 2 2 0 5 1374 6050 1372
11535 2 2 0 5 2531 5672 3919
11536 2 2 0 5 3232 5686 4506
11537 2 2 0 5 2392 6198 3750
11538 2 2 0 5 4471 6843 1486
11539 2 2 0 5 5755 6215 949
11540 2 2 0 5 2630 6123 3304
11541 2 2 0 5 3888 5883 4192
11542 2 2 0 5 80 6051 79
11543 2 2 0 5 4681 6484 2402
11544 2 2 0 5 5159 6889 5801
11545 2 2 0 5 1920 6197 1938
11546 2 2 0 5 2389 6198 2392
11547 2 2 0 5 6165 6631 2553
11548 2 2 0 5 1479 4715 1481
11549 2 2 0 5 6012 6717 4601
11550 2 2 0 5 2826 6791 3130
11551 2 2 0 5 4793 6046 5996
11552 2 2 0 5 4588 6155 2444
11553 2 2 0 5 5031 6619 5032
11554 2 2 0 5 4672 6618 2144
11555 2 2 0 5 4417 6098 3309
11556 2 2 0 5 5676 6450 4590
11557 2 2 0 5 4590 6450 4057
11558 2 2 0 5 2398 6825 2499
11559 2 2 0 5 4442 6532 3262
11560 2 2 0 5 3390 6863 4725
11561 2 2 0 5 3363 6067 2940
11562 2 2 0 5 5917 5979 3692
11563 2 2 0 5 22 6054 21
11564 2 2 0 5 4693 6566 6530
11565 2 2 0 5 5505 6135 5326
11566 2 2 0 5 2870 6058 3975
11567 2 2 0 5 5254 6097 6014
11568 2 2 0 5 6528 6920 4105
11569 2 2 0 5 1852 6528 4683
11570 2 2 0 5 5875 5994 1461
11571 2 2 0 5 2444 6155 2128
11572 2 2 0 5 1097 6018 2433
11573 2 2 0 5 6076 6529 4000
11574 2 2 0 5 4151 6842 6308
11575 2 2 0 5 4774 6011 5852
11576 2 2 0 5 5416 6059 3830
11577 2 2 0 5 2433 6019 1095
11578 2 2 0 5 4683 6528 4125
11579 2 2 0 5 1093 6019 1129
11580 2 2 0 5 1474 6724 4814
11581 2 2 0 5 4180 6857 6440
11582 2 2 0 5 1661 6925 4550
11583 2 2 0 5 5975 6693 918
11584 2 2 0 5 6097 6176 5149
11585 2 2 0 5 2539 6609 4658
11586 2 2 0 5 68 6109 67
11587 2 2 0 5 4602 6716 1346
11588 2 2 0 5 4794 6083 6046
11589 2 2 0 5 3935 6389 6035
11590 2 2 0 5 2490 6061 2323
11591 2 2 0 5 948 6390 5750
11592 2 2 0 5 4661 6028 4054
11593 2 2 0 5 4544 6782 1859
11594 2 2 0 5 1287 6072 1304
11595 2 2 0 5 2358 6064 1587
11596 2 2 0 5 1802 6822 5957
11597 2 2 0 5 4019 6826 5841
11598 2 2 0 5 5905 6728 6326
11599 2 2 0 5 2617 6374 6146
11600 2 2 0 5 1087 1088 1086
11601 2 2 0 5 3116 4868 3108
11602 2 2 0 5 3863 3864 3713
11603 2 2 0 5 4140 4508 4507
11604 2 2 0 5 3106 3116 3108
11605 2 2 0 5 6033 6337 1827
11606 2 2 0 5 3105 5965 3106
11607 2 2 0 5 3547 3888 3248
11608 2 2 0 5 2875 3602 3105
11609 2 2 0 5 4703 6710 4126
11610 2 2 0 5 1086 5818 1084
11611 2 2 0 5 4309 6118 1336
11612 2 2 0 5 5490 6432 4531
11613 2 2 0 5 2986 3367 2670
11614 2 2 0 5 36 6060 960
11615 2 2 0 5 3847 6775 6774
11616 2 2 0 5 1819 6809 6344
11617 2 2 0 5 4648 6676 3557
11618 2 2 0 5 1880 4624 3117
11619 2 2 0 5 5742 5894 2827
11620 2 2 0 5 6350 6351 4374
11621 2 2 0 5 1784 6439 3055
11622 2 2 0 5 3649 6213 1685
11623 2 2 0 5 1905 4626 1586
11624 2 2 0 5 5260 6504 5264
11625 2 2 0 5 2933 6433 2332
11626 2 2 0 5 4495 6356 4248
11627 2 2 0 5 6036 6126 4444
11628 2 2 0 5 5177 6068 3768
11629 2 2 0 5 4268 6561 4267
11630 2 2 0 5 3674 6485 3138
11631 2 2 0 5 6483 6777 4072
11632 2 2 0 5 212 6331 928
11633 2 2 0 5 1859 6786 5876
11634 2 2 0 5 4652 6732 5938
11635 2 2 0 5 1812 6071 1815
11636 2 2 0 5 3084 6070 4223
11637 2 2 0 5 4071 6892 3536
11638 2 2 0 5 4530 6635 3683
11639 2 2 0 5 1962 6148 2019
11640 2 2 0 5 4361 6886 4351
11641 2 2 0 5 2245 6591 6501
11642 2 2 0 5 1136 6328 5281
11643 2 2 0 5 4510 6141 4512
11644 2 2 0 5 6009 6909 4233
11645 2 2 0 5 4669 6727 3711
11646 2 2 0 5 1795 6912 1835
11647 2 2 0 5 2404 6075 2409
11648 2 2 0 5 3678 6076 4000
11649 2 2 0 5 1519 6723 4702
11650 2 2 0 5 3903 4421 4054
11651 2 2 0 5 3862 6218 4423
11652 2 2 0 5 5893 6331 213
11653 2 2 0 5 2377 6078 3270
11654 2 2 0 5 4383 6881 4384
11655 2 2 0 5 1662 6195 1656
11656 2 2 0 5 2640 5743 2985
11657 2 2 0 5 3691 4100 4099
11658 2 2 0 5 3592 3941 3940
11659 2 2 0 5 1941 1942 1685
11660 2 2 0 5 4767 6498 4769
11661 2 2 0 5 3843 3847 3846
11662 2 2 0 5 4106 4403 3348
11663 2 2 0 5 3366 4402 4017
11664 2 2 0 5 1355 1357 1354
11665 2 2 0 5 4287 4704 4286
11666 2 2 0 5 1956 1958 1957
11667 2 2 0 5 2389 2391 2390
11668 2 2 0 5 1920 1922 1921
11669 2 2 0 5 1533 1535 1534
11670 2 2 0 5 4258 4259 3545
11671 2 2 0 5 2131 2133 2132
11672 2 2 0 5 4624 6507 3117
11673 2 2 0 5 3863 6424 4088
11674 2 2 0 5 6143 6457 4195
11675 2 2 0 5 4430 6594 4014
11676 2 2 0 5 1656 6195 1653
11677 2 2 0 5 3007 6797 3001
11678 2 2 0 5 5857 6521 2308
11679 2 2 0 5 1286 6241 1283
11680 2 2 0 5 3582 5923 4700
11681 2 2 0 5 6537 6655 2809
11682 2 2 0 5 5966 6239 5737
11683 2 2 0 5 3686 6368 6187
11684 2 2 0 5 4796 6083 4794
11685 2 2 0 5 3068 6436 3066
11686 2 2 0 5 1207 5953 1237
11687 2 2 0 5 3644 6153 3367
11688 2 2 0 5 2090 6084 1788
11689 2 2 0 5 3662 6512 2334
11690 2 2 0 5 5081 6858 5332
11691 2 2 0 5 1508 2878 1511
11692 2 2 0 5 1354 4677 1352
11693 2 2 0 5 1331 1334 1333
11694 2 2 0 5 2122 2497 2124
11695 2 2 0 5 2932 4713 3661
11696 2 2 0 5 1954 5786 1956
11697 2 2 0 5 1530 4187 1533
11698 2 2 0 5 2395 3725 2397
11699 2 2 0 5 5860 6665 930
11700 2 2 0 5 1448 6085 1890
11701 2 2 0 5 6208 6811 4318
11702 2 2 0 5 980 6086 982
11703 2 2 0 5 2636 6721 3664
11704 2 2 0 5 4317 6814 4318
11705 2 2 0 5 2504 6087 2946
11706 2 2 0 5 4192 6481 3248
11707 2 2 0 5 4731 6194 1503
11708 2 2 0 5 3633 6009 4056
11709 2 2 0 5 6020 6903 1531
11710 2 2 0 5 4452 6541 5981
11711 2 2 0 5 1484 6819 1480
11712 2 2 0 5 1084 5818 5817
11713 2 2 0 5 4074 6702 3296
11714 2 2 0 5 3590 6726 2810
11715 2 2 0 5 3941 6393 6117
11716 2 2 0 5 1515 6103 2145
11717 2 2 0 5 2328 6421 2155
11718 2 2 0 5 2053 6231 6205
11719 2 2 0 5 1955 6948 1956
11720 2 2 0 5 1293 6212 1291
11721 2 2 0 5 3191 6042 5827
11722 2 2 0 5 1791 4505 1792
11723 2 2 0 5 5781 5887 3618
11724 2 2 0 5 2094 5999 2352
11725 2 2 0 5 3066 6436 3660
11726 2 2 0 5 3857 6758 6112
11727 2 2 0 5 2861 6621 6375
11728 2 2 0 5 3128 6096 4446
11729 2 2 0 5 944 6097 5254
11730 2 2 0 5 1319 6493 4637
11731 2 2 0 5 6103 6377 2145
11732 2 2 0 5 4578 6494 3866
11733 2 2 0 5 6621 6904 6375
11734 2 2 0 5 2496 6551 6287
11735 2 2 0 5 2533 6851 4200
11736 2 2 0 5 189 6095 188
11737 2 2 0 5 2503 6845 4726
11738 2 2 0 5 5149 6176 4990
11739 2 2 0 5 4237 6913 5901
11740 2 2 0 5 5260 6595 6504
11741 2 2 0 5 2316 6091 2544
11742 2 2 0 5 1337 6213 3980
11743 2 2 0 5 1549 6191 2418
11744 2 2 0 5 6529 6530 4081
11745 2 2 0 5 4698 6103 2878
11746 2 2 0 5 2976 6420 2978
11747 2 2 0 5 4506 5980 2030
11748 2 2 0 5 4118 6053 3363
11749 2 2 0 5 4452 6853 6541
11750 2 2 0 5 4599 5944 3914
11751 2 2 0 5 3377 6140 2803
11752 2 2 0 5 4277 4278 4276
11753 2 2 0 5 4421 4661 4054
11754 2 2 0 5 6092 6093 3190
11755 2 2 0 5 3875 3910 3909
11756 2 2 0 5 3554 3559 3555
11757 2 2 0 5 2311 2828 2327
11758 2 2 0 5 2637 2934 2639
11759 2 2 0 5 4240 4397 4239
11760 2 2 0 5 1535 1536 1534
11761 2 2 0 5 1478 1488 1476
11762 2 2 0 5 3844 6458 4131
11763 2 2 0 5 3854 6244 6243
11764 2 2 0 5 5956 6740 953
11765 2 2 0 5 6073 6153 5281
11766 2 2 0 5 4546 6935 3843
11767 2 2 0 5 4762 6337 6033
11768 2 2 0 5 3672 6080 3673
11769 2 2 0 5 2986 6403 3644
11770 2 2 0 5 6098 6542 3305
11771 2 2 0 5 4384 6108 4733
11772 2 2 0 5 4698 6377 6103
11773 2 2 0 5 929 6475 60
11774 2 2 0 5 2068 6112 2070
11775 2 2 0 5 4805 6588 4806
11776 2 2 0 5 3866 6494 6411
11777 2 2 0 5 916 6110 69
11778 2 2 0 5 4100 4102 4101
11779 2 2 0 5 4051 5806 3845
11780 2 2 0 5 3559 3560 3555
11781 2 2 0 5 1358 1359 1357
11782 2 2 0 5 1922 1924 1923
11783 2 2 0 5 6411 6494 4377
11784 2 2 0 5 3895 6111 4918
11785 2 2 0 5 3885 6172 3884
11786 2 2 0 5 6574 6813 5855
11787 2 2 0 5 3116 4869 4868
11788 2 2 0 5 1087 1089 1088
11789 2 2 0 5 1088 1775 1086
11790 2 2 0 5 3863 4088 3864
11791 2 2 0 5 3888 4192 3248
11792 2 2 0 5 3547 3889 3888
11793 2 2 0 5 3602 3918 3105
11794 2 2 0 5 5099 6131 5230
11795 2 2 0 5 2986 3644 3367
11796 2 2 0 5 4279 4280 4278
11797 2 2 0 5 3910 3934 3911
11798 2 2 0 5 1958 2126 1961
11799 2 2 0 5 1489 1574 1488
11800 2 2 0 5 4661 6797 3007
11801 2 2 0 5 4524 6793 4516
11802 2 2 0 5 4102 4104 4103
11803 2 2 0 5 1360 1361 1359
11804 2 2 0 5 1924 1926 1925
11805 2 2 0 5 1360 1362 1361
11806 2 2 0 5 1689 1691 1574
11807 2 2 0 5 1926 1928 1927
11808 2 2 0 5 2574 2575 2572
11809 2 2 0 5 4038 4040 4039
11810 2 2 0 5 2571 2574 2572
11811 2 2 0 5 2615 2618 2616
11812 2 2 0 5 4038 4039 4037
11813 2 2 0 5 2569 2571 2570
11814 2 2 0 5 2613 2615 2614
11815 2 2 0 5 4036 4037 4034
11816 2 2 0 5 2567 2569 2568
11817 2 2 0 5 2611 2613 2612
11818 2 2 0 5 4033 4034 4032
11819 2 2 0 5 4764 6601 4766
11820 2 2 0 5 2565 2567 2566
11821 2 2 0 5 2609 2611 2610
11822 2 2 0 5 4031 4032 4030
11823 2 2 0 5 3353 3355 3354
11824 2 2 0 5 3979 6448 4663
11825 2 2 0 5 5203 6281 5202
11826 2 2 0 5 2563 2565 2564
11827 2 2 0 5 2607 2609 2608
11828 2 2 0 5 4029 4030 4028
11829 2 2 0 5 1307 5890 1309
11830 2 2 0 5 3353 3354 2832
11831 2 2 0 5 5379 6591 2245
11832 2 2 0 5 3705 4549 4387
11833 2 2 0 5 2015 4608 1595
11834 2 2 0 5 6015 6639 4455
11835 2 2 0 5 6289 6560 1897
11836 2 2 0 5 6057 6850 1392
11837 2 2 0 5 6457 6764 4195
11838 2 2 0 5 924 6109 6025
11839 2 2 0 5 3092 3093 2951
11840 2 2 0 5 4406 6634 6603
11841 2 2 0 5 3645 6739 4130
11842 2 2 0 5 4499 6741 3838
11843 2 2 0 5 4406 6897 6634
11844 2 2 0 5 5785 6408 3081
11845 2 2 0 5 3941 6640 6393
11846 2 2 0 5 4425 6813 6201
11847 2 2 0 5 897 6115 38
11848 2 2 0 5 2858 4728 2473
11849 2 2 0 5 4287 6476 4704
11850 2 2 0 5 4358 6378 4577
11851 2 2 0 5 2411 6124 2223
11852 2 2 0 5 3746 6179 4707
11853 2 2 0 5 3654 6126 3835
11854 2 2 0 5 5400 6784 1556
11855 2 2 0 5 3323 6127 2918
11856 2 2 0 5 6265 6397 4206
11857 2 2 0 5 4503 6121 4634
11858 2 2 0 5 5703 6691 1348
11859 2 2 0 5 2542 6661 5951
11860 2 2 0 5 6083 6124 2411
11861 2 2 0 5 2497 6529 6076
11862 2 2 0 5 5676 6694 2292
11863 2 2 0 5 3142 6190 3141
11864 2 2 0 5 4250 6041 4251
11865 2 2 0 5 6095 6150 188
11866 2 2 0 5 4966 6136 4969
11867 2 2 0 5 3845 6062 2909
11868 2 2 0 5 5740 6892 4071
11869 2 2 0 5 944 6176 6097
11870 2 2 0 5 1788 6084 1791
11871 2 2 0 5 1964 6148 1962
11872 2 2 0 5 3752 6001 4686
11873 2 2 0 5 6176 6272 4990
11874 2 2 0 5 4935 6139 3631
11875 2 2 0 5 4074 6808 6702
11876 2 2 0 5 5763 6139 894
11877 2 2 0 5 4376 6411 4377
11878 2 2 0 5 6053 6067 3363
11879 2 2 0 5 4496 6642 5870
11880 2 2 0 5 1330 6612 5827
11881 2 2 0 5 2019 6286 4632
11882 2 2 0 5 2936 6201 2545
11883 2 2 0 5 4294 6708 4293
11884 2 2 0 5 888 6595 5260
11885 2 2 0 5 3714 6505 5966
11886 2 2 0 5 4537 4538 4280
11887 2 2 0 5 4672 6569 4673
11888 2 2 0 5 961 6131 5757
11889 2 2 0 5 1647 4751 1644
11890 2 2 0 5 4404 6603 6575
11891 2 2 0 5 5947 6065 1375
11892 2 2 0 5 6449 6554 1994
11893 2 2 0 5 3830 6147 3828
11894 2 2 0 5 2642 5743 2640
11895 2 2 0 5 3834 6574 5941
11896 2 2 0 5 4320 6500 5927
11897 2 2 0 5 893 6135 5752
11898 2 2 0 5 2562 2563 2561
11899 2 2 0 5 1371 6878 1373
11900 2 2 0 5 3350 3976 3148
11901 2 2 0 5 2606 2607 2605
11902 2 2 0 5 3745 4028 4027
11903 2 2 0 5 2040 2042 2041
11904 2 2 0 5 3085 5841 4004
11905 2 2 0 5 2074 2076 2075
11906 2 2 0 5 4075 4672 3652
11907 2 2 0 5 1391 1394 1393
11908 2 2 0 5 3103 3104 2477
11909 2 2 0 5 4082 5952 4083
11910 2 2 0 5 2440 2832 2441
11911 2 2 0 5 2439 3092 2951
11912 2 2 0 5 4303 6397 6265
11913 2 2 0 5 5379 6687 6591
11914 2 2 0 5 3706 6164 5948
11915 2 2 0 5 4643 6719 1567
11916 2 2 0 5 3866 6411 4570
11917 2 2 0 5 6000 6619 920
11918 2 2 0 5 148 6151 147
11919 2 2 0 5 4206 6397 5810
11920 2 2 0 5 4488 6246 4486
11921 2 2 0 5 6543 6781 4363
11922 2 2 0 5 3388 6230 4466
11923 2 2 0 5 2334 6799 6743
11924 2 2 0 5 4730 4817 4732
11925 2 2 0 5 188 6150 187
11926 2 2 0 5 6094 6928 6438
11927 2 2 0 5 4416 6152 5210
11928 2 2 0 5 5281 6153 1140
11929 2 2 0 5 3141 6190 3760
11930 2 2 0 5 4110 5988 4109
11931 2 2 0 5 5938 6732 191
11932 2 2 0 5 4799 6171 6124
11933 2 2 0 5 2666 6778 6340
11934 2 2 0 5 4349 6077 4348
11935 2 2 0 5 3656 6067 6053
11936 2 2 0 5 4941 6156 4940
11937 2 2 0 5 4768 6553 4771
11938 2 2 0 5 928 6399 211
11939 2 2 0 5 6311 6794 2361
11940 2 2 0 5 3904 5770 3586
11941 2 2 0 5 2133 5941 2134
11942 2 2 0 5 3889 6167 5894
11943 2 2 0 5 3725 6149 6075
11944 2 2 0 5 2947 6678 6092
11945 2 2 0 5 1267 6029 1266
11946 2 2 0 5 1552 6130 5944
11947 2 2 0 5 5745 6720 4156
11948 2 2 0 5 4642 4643 4179
11949 2 2 0 5 2473 4727 2083
11950 2 2 0 5 2052 6205 2056
11951 2 2 0 5 4217 5660 3131
11952 2 2 0 5 3328 5687 4526
11953 2 2 0 5 3523 5713 3521
11954 2 2 0 5 3287 6604 6488
11955 2 2 0 5 6488 6604 6090
11956 2 2 0 5 3754 6203 4709
11957 2 2 0 5 4096 6552 6279
11958 2 2 0 5 186 6154 185
11959 2 2 0 5 4654 6219 1459
11960 2 2 0 5 1794 6743 1789
11961 2 2 0 5 4602 6914 3717
11962 2 2 0 5 353 6132 1510
11963 2 2 0 5 1368 6805 1355
11964 2 2 0 5 4108 6457 5929
11965 2 2 0 5 4500 6551 2011
11966 2 2 0 5 6092 6678 6094
11967 2 2 0 5 922 6885 5938
11968 2 2 0 5 1099 6018 1097
11969 2 2 0 5 1384 6163 1387
11970 2 2 0 5 1779 5781 3989
11971 2 2 0 5 2840 6164 5355
11972 2 2 0 5 1095 6019 1093
11973 2 2 0 5 3686 6651 6368
11974 2 2 0 5 1511 1515 1512
11975 2 2 0 5 2124 2346 2125
11976 2 2 0 5 5806 6062 3845
11977 2 2 0 5 2397 2399 2398
11978 2 2 0 5 6178 6314 4300
11979 2 2 0 5 5919 6314 6178
11980 2 2 0 5 3717 6716 4602
11981 2 2 0 5 6158 6357 6145
11982 2 2 0 5 3182 6946 6179
11983 2 2 0 5 5894 6167 2827
11984 2 2 0 5 4800 6171 4799
11985 2 2 0 5 211 6399 210
11986 2 2 0 5 4000 6529 6055
11987 2 2 0 5 1359 6161 1504
11988 2 2 0 5 3733 6175 4963
11989 2 2 0 5 3740 5843 3612
11990 2 2 0 5 4440 6554 6449
11991 2 2 0 5 5255 6176 944
11992 2 2 0 5 3938 6471 4115
11993 2 2 0 5 4990 6272 4988
11994 2 2 0 5 4746 6138 4445
11995 2 2 0 5 3698 6834 4178
11996 2 2 0 5 6148 6286 2019
11997 2 2 0 5 3964 5835 3120
11998 2 2 0 5 2853 6177 4222
11999 2 2 0 5 3252 6718 3990
12000 2 2 0 5 6236 6237 4594
12001 2 2 0 5 1777 6526 6323
12002 2 2 0 5 3593 4501 4026
12003 2 2 0 5 3744 5903 3741
12004 2 2 0 5 2597 4404 2600
12005 2 2 0 5 2593 4406 2596
12006 2 2 0 5 6110 6227 4020
12007 2 2 0 5 4692 6187 4079
12008 2 2 0 5 1571 6539 3546
12009 2 2 0 5 4574 6443 4197
12010 2 2 0 5 2623 4407 2626
12011 2 2 0 5 4240 6931 4627
12012 2 2 0 5 4104 6548 5802
12013 2 2 0 5 3144 4411 3147
12014 2 2 0 5 2589 4666 2592
12015 2 2 0 5 3611 6945 6116
12016 2 2 0 5 4442 6241 1286
12017 2 2 0 5 6127 6517 5154
12018 2 2 0 5 6147 6234 3828
12019 2 2 0 5 4418 6162 6161
12020 2 2 0 5 2522 5887 5781
12021 2 2 0 5 5993 6433 2933
12022 2 2 0 5 1434 6182 1432
12023 2 2 0 5 5118 6858 5584
12024 2 2 0 5 4600 6425 4456
12025 2 2 0 5 1806 6082 1885
12026 2 2 0 5 4663 6448 3880
12027 2 2 0 5 4667 6183 3670
12028 2 2 0 5 1015 6687 5379
12029 2 2 0 5 3367 6073 5943
12030 2 2 0 5 5824 6599 3388
12031 2 2 0 5 3664 6208 3681
12032 2 2 0 5 1942 3649 1685
12033 2 2 0 5 2389 2392 2391
12034 2 2 0 5 1920 1938 1922
12035 2 2 0 5 2131 2316 2133
12036 2 2 0 5 148 6245 6151
12037 2 2 0 5 3729 6227 3953
12038 2 2 0 5 4598 6382 4599
12039 2 2 0 5 1897 6559 6121
12040 2 2 0 5 4726 6845 4722
12041 2 2 0 5 2145 6377 6376
12042 2 2 0 5 2334 6743 1794
12043 2 2 0 5 2628 6506 2625
12044 2 2 0 5 1282 6503 1279
12045 2 2 0 5 3183 6622 6106
12046 2 2 0 5 1884 6197 1920
12047 2 2 0 5 2387 6198 2389
12048 2 2 0 5 1089 6189 5935
12049 2 2 0 5 5093 6616 2691
12050 2 2 0 5 3966 6307 1288
12051 2 2 0 5 4800 6222 6171
12052 2 2 0 5 4278 4380 4276
12053 2 2 0 5 3554 3656 3559
12054 2 2 0 5 2311 3657 2828
12055 2 2 0 5 1535 1537 1536
12056 2 2 0 5 3855 6214 3230
12057 2 2 0 5 3926 6937 2527
12058 2 2 0 5 6428 6927 3930
12059 2 2 0 5 4100 5767 4102
12060 2 2 0 5 1359 1504 1357
12061 2 2 0 5 4598 4599 3914
12062 2 2 0 5 3910 3935 3934
12063 2 2 0 5 1362 1363 1361
12064 2 2 0 5 1691 2959 1574
12065 2 2 0 5 1926 1937 1928
12066 2 2 0 5 2574 2579 2575
12067 2 2 0 5 4040 4041 4039
12068 2 2 0 5 2569 2573 2571
12069 2 2 0 5 2613 2617 2615
12070 2 2 0 5 4034 4035 4032
12071 2 2 0 5 2565 2861 2567
12072 2 2 0 5 2609 2860 2611
12073 2 2 0 5 4030 4658 4028
12074 2 2 0 5 3354 3675 2832
12075 2 2 0 5 6708 6709 3920
12076 2 2 0 5 2156 6898 2157
12077 2 2 0 5 5944 6130 3913
12078 2 2 0 5 4005 6675 3317
12079 2 2 0 5 3728 5976 2950
12080 2 2 0 5 3092 4009 3093
12081 2 2 0 5 1341 6213 1337
12082 2 2 0 5 1122 6196 1127
12083 2 2 0 5 1116 6056 1118
12084 2 2 0 5 213 6331 212
12085 2 2 0 5 2529 6197 1884
12086 2 2 0 5 2530 6198 2387
12087 2 2 0 5 6101 6664 3610
12088 2 2 0 5 4676 6119 1974
12089 2 2 0 5 1992 5789 1990
12090 2 2 0 5 2030 6703 5979
12091 2 2 0 5 2987 6706 5862
12092 2 2 0 5 2562 2576 2563
12093 2 2 0 5 2606 2658 2607
12094 2 2 0 5 2042 2043 2041
12095 2 2 0 5 2076 2077 2075
12096 2 2 0 5 1394 1398 1393
12097 2 2 0 5 5835 6819 1559
12098 2 2 0 5 59 6475 5213
12099 2 2 0 5 6224 6575 4124
12100 2 2 0 5 1595 4608 2939
12101 2 2 0 5 4060 6891 6511
12102 2 2 0 5 3972 6733 4094
12103 2 2 0 5 1545 6200 1777
12104 2 2 0 5 6389 6747 6035
12105 2 2 0 5 6173 6354 2548
12106 2 2 0 5 6108 6881 4644
12107 2 2 0 5 3830 6281 6147
12108 2 2 0 5 3560 6238 4142
12109 2 2 0 5 4708 6565 4009
12110 2 2 0 5 6263 6264 4202
12111 2 2 0 5 2171 6206 2841
12112 2 2 0 5 4742 6900 904
12113 2 2 0 5 6272 6437 4988
12114 2 2 0 5 5226 6215 3629
12115 2 2 0 5 2479 6547 3056
12116 2 2 0 5 1194 4712 1243
12117 2 2 0 5 1481 4715 1780
12118 2 2 0 5 4090 6653 2856
12119 2 2 0 5 1266 6029 1324
12120 2 2 0 5 5255 6272 6176
12121 2 2 0 5 1132 6217 1133
12122 2 2 0 5 5910 6120 4543
12123 2 2 0 5 4580 6933 3837
12124 2 2 0 5 2618 6669 4705
12125 2 2 0 5 956 6859 6054
12126 2 2 0 5 4601 6510 4046
12127 2 2 0 5 5782 6518 5950
12128 2 2 0 5 4023 6655 5971
12129 2 2 0 5 1015 6776 6687
12130 2 2 0 5 5367 6395 5368
12131 2 2 0 5 6603 6634 4124
12132 2 2 0 5 1291 6221 1289
12133 2 2 0 5 4802 6222 4800
12134 2 2 0 5 5764 6771 930
12135 2 2 0 5 82 6223 81
12136 2 2 0 5 1685 6213 1341
12137 2 2 0 5 4611 6877 4194
12138 2 2 0 5 3143 4412 4411
12139 2 2 0 5 2560 3928 2562
12140 2 2 0 5 3248 6481 2901
12141 2 2 0 5 2604 3610 2606
12142 2 2 0 5 1978 4013 3967
12143 2 2 0 5 4151 6431 3377
12144 2 2 0 5 1302 3345 1307
12145 2 2 0 5 1393 2308 1390
12146 2 2 0 5 3919 5830 3255
12147 2 2 0 5 2410 3344 3103
12148 2 2 0 5 3879 4655 4528
12149 2 2 0 5 3389 3938 2856
12150 2 2 0 5 2014 2442 2013
12151 2 2 0 5 4707 6715 4706
12152 2 2 0 5 3081 6228 3080
12153 2 2 0 5 4572 6082 4538
12154 2 2 0 5 2357 6045 2355
12155 2 2 0 5 2387 6615 2345
12156 2 2 0 5 4213 5983 5914
12157 2 2 0 5 3918 5965 3105
12158 2 2 0 5 1775 5818 1086
12159 2 2 0 5 4374 6351 6063
12160 2 2 0 5 1061 6384 4584
12161 2 2 0 5 6006 6273 4249
12162 2 2 0 5 2544 6091 3190
12163 2 2 0 5 4662 6531 4287
12164 2 2 0 5 5840 6424 3863
12165 2 2 0 5 5641 6697 5600
12166 2 2 0 5 1316 6578 1301
12167 2 2 0 5 5962 6818 5030
12168 2 2 0 5 2978 6420 3706
12169 2 2 0 5 3828 6234 3826
12170 2 2 0 5 1814 6071 1812
12171 2 2 0 5 5069 6235 5070
12172 2 2 0 5 3692 6748 5917
12173 2 2 0 5 4705 6669 4271
12174 2 2 0 5 4599 6382 6047
12175 2 2 0 5 20 6232 19
12176 2 2 0 5 4786 6240 4784
12177 2 2 0 5 2543 5941 2133
12178 2 2 0 5 1246 6927 1244
12179 2 2 0 5 5737 6239 1673
12180 2 2 0 5 3924 6671 5825
12181 2 2 0 5 6208 6814 3681
12182 2 2 0 5 4751 6262 3833
12183 2 2 0 5 5372 6367 2715
12184 2 2 0 5 6229 6808 4074
12185 2 2 0 5 6227 6366 3953
12186 2 2 0 5 3103 6671 3104
12187 2 2 0 5 2893 6267 3623
12188 2 2 0 5 4387 6787 3378
12189 2 2 0 5 5838 6684 4808
12190 2 2 0 5 149 6245 148
12191 2 2 0 5 3007 6659 4661
12192 2 2 0 5 3931 6772 6428
12193 2 2 0 5 5801 6889 6700
12194 2 2 0 5 6170 6672 4607
12195 2 2 0 5 4543 6120 3062
12196 2 2 0 5 4408 6249 6123
12197 2 2 0 5 5096 6250 5097
12198 2 2 0 5 2588 4666 2589
12199 2 2 0 5 3143 4411 3144
12200 2 2 0 5 2560 2562 2561
12201 2 2 0 5 4511 6326 4510
12202 2 2 0 5 2306 6252 5154
12203 2 2 0 5 3966 6308 6307
12204 2 2 0 5 2137 2139 2138
12205 2 2 0 5 2622 4407 2623
12206 2 2 0 5 2592 4406 2593
12207 2 2 0 5 3147 3350 3148
12208 2 2 0 5 2596 4404 2597
12209 2 2 0 5 2604 2606 2605
12210 2 2 0 5 3745 4027 3744
12211 2 2 0 5 2040 2041 2039
12212 2 2 0 5 1978 3967 1979
12213 2 2 0 5 1284 3966 1285
12214 2 2 0 5 3741 5903 3740
12215 2 2 0 5 1122 6348 6196
12216 2 2 0 5 178 6246 177
12217 2 2 0 5 3191 5827 4234
12218 2 2 0 5 4039 5945 4037
12219 2 2 0 5 3112 6259 3114
12220 2 2 0 5 4035 6533 4586
12221 2 2 0 5 2074 2075 2073
12222 2 2 0 5 4232 4480 3234
12223 2 2 0 5 3651 4075 3652
12224 2 2 0 5 3232 4506 3965
12225 2 2 0 5 1302 1307 1306
12226 2 2 0 5 2531 3919 3255
12227 2 2 0 5 1391 1393 1390
12228 2 2 0 5 2805 3085 2480
12229 2 2 0 5 3612 5843 3611
12230 2 2 0 5 2410 3103 2477
12231 2 2 0 5 3531 3533 3530
12232 2 2 0 5 3556 4646 4645
12233 2 2 0 5 4082 4083 3542
12234 2 2 0 5 3705 4387 3378
12235 2 2 0 5 3879 4528 4527
12236 2 2 0 5 2854 3389 2856
12237 2 2 0 5 2440 2441 2438
12238 2 2 0 5 1594 2014 2013
12239 2 2 0 5 3332 3735 3334
12240 2 2 0 5 2409 6149 3286
12241 2 2 0 5 1129 6189 1091
12242 2 2 0 5 1480 6819 6780
12243 2 2 0 5 3666 6311 2651
12244 2 2 0 5 6248 6538 4245
12245 2 2 0 5 1068 6820 5410
12246 2 2 0 5 6091 6155 4588
12247 2 2 0 5 3851 6214 5788
12248 2 2 0 5 4578 6254 6128
12249 2 2 0 5 5368 6730 6007
12250 2 2 0 5 6024 6868 4791
12251 2 2 0 5 4000 6055 4085
12252 2 2 0 5 3369 5882 4637
12253 2 2 0 5 4308 6418 4309
12254 2 2 0 5 2843 6038 3592
12255 2 2 0 5 4766 6601 6022
12256 2 2 0 5 3297 6039 3691
12257 2 2 0 5 6035 6756 4281
12258 2 2 0 5 4047 6510 5770
12259 2 2 0 5 3876 6462 6099
12260 2 2 0 5 5866 6174 3731
12261 2 2 0 5 2841 6565 4708
12262 2 2 0 5 1975 6119 1978
12263 2 2 0 5 3651 6753 4075
12264 2 2 0 5 1525 6268 2859
12265 2 2 0 5 4988 6437 4987
12266 2 2 0 5 5575 6269 3908
12267 2 2 0 5 2146 6268 1525
12268 2 2 0 5 959 6868 6024
12269 2 2 0 5 5902 6620 4080
12270 2 2 0 5 1838 6443 1839
12271 2 2 0 5 4597 6581 1645
12272 2 2 0 5 907 6272 5255
12273 2 2 0 5 1808 6082 1806
12274 2 2 0 5 5796 6697 5641
12275 2 2 0 5 976 6278 978
12276 2 2 0 5 4586 6906 4220
12277 2 2 0 5 2601 6125 2604
12278 2 2 0 5 5943 6073 3602
12279 2 2 0 5 6157 6556 3133
12280 2 2 0 5 5237 6776 1015
12281 2 2 0 5 4673 6628 4674
12282 2 2 0 5 6536 6537 3980
12283 2 2 0 5 1091 6189 1089
12284 2 2 0 5 82 6383 6223
12285 2 2 0 5 4126 6359 4703
12286 2 2 0 5 4637 6493 6492
12287 2 2 0 5 6492 6493 4137
12288 2 2 0 5 3155 6830 3157
12289 2 2 0 5 5938 6885 4945
12290 2 2 0 5 2702 6327 3254
12291 2 2 0 5 3983 6513 5903
12292 2 2 0 5 5498 6317 3709
12293 2 2 0 5 6132 6355 1510
12294 2 2 0 5 3953 6366 5542
12295 2 2 0 5 4709 6363 1578
12296 2 2 0 5 6226 6923 4154
12297 2 2 0 5 3078 6488 3252
12298 2 2 0 5 4553 6809 1819
12299 2 2 0 5 4592 6432 5490
12300 2 2 0 5 916 6366 6227
12301 2 2 0 5 2496 6309 5541
12302 2 2 0 5 6367 6472 2715
12303 2 2 0 5 5802 6548 2594
12304 2 2 0 5 4552 6305 2417
12305 2 2 0 5 2561 6882 3859
12306 2 2 0 5 6234 6387 3826
12307 2 2 0 5 4916 6324 3954
12308 2 2 0 5 3599 6651 3686
12309 2 2 0 5 2861 6362 5955
12310 2 2 0 5 5907 6330 3445
12311 2 2 0 5 1642 6347 1646
12312 2 2 0 5 3967 6742 6122
12313 2 2 0 5 6668 6820 4067
12314 2 2 0 5 3834 6813 6574
12315 2 2 0 5 3358 6715 4707
12316 2 2 0 5 4675 6389 3875
12317 2 2 0 5 1826 6349 1824
12318 2 2 0 5 1864 6015 5770
12319 2 2 0 5 5600 6697 5992
12320 2 2 0 5 5801 6700 4736
12321 2 2 0 5 966 6646 5838
12322 2 2 0 5 945 6627 6396
12323 2 2 0 5 4548 6672 6170
12324 2 2 0 5 4108 6764 6457
12325 2 2 0 5 3163 6829 3161
12326 2 2 0 5 930 6771 5860
12327 2 2 0 5 2484 6756 6747
12328 2 2 0 5 4453 6853 4452
12329 2 2 0 5 3747 4707 4706
12330 2 2 0 5 5765 6607 4011
12331 2 2 0 5 6747 6756 6035
12332 2 2 0 5 3735 5964 3334
12333 2 2 0 5 4423 6582 3861
12334 2 2 0 5 4252 6808 6229
12335 2 2 0 5 2877 6815 4483
12336 2 2 0 5 6025 6109 4020
12337 2 2 0 5 3835 6568 3837
12338 2 2 0 5 1461 6260 351
12339 2 2 0 5 1602 6126 6036
12340 2 2 0 5 5002 6827 5262
12341 2 2 0 5 3884 6487 4006
12342 2 2 0 5 4021 6435 4761
12343 2 2 0 5 6369 6692 1785
12344 2 2 0 5 60 6475 59
12345 2 2 0 5 5016 6331 5893
12346 2 2 0 5 5359 6346 5358
12347 2 2 0 5 3679 6333 5930
12348 2 2 0 5 6480 6846 4350
12349 2 2 0 5 6738 6847 1937
12350 2 2 0 5 1120 6348 1122
12351 2 2 0 5 2540 6254 4578
12352 2 2 0 5 5237 6879 6776
12353 2 2 0 5 6437 6524 4987
12354 2 2 0 5 5994 6260 1461
12355 2 2 0 5 46 6345 45
12356 2 2 0 5 4594 6544 2998
12357 2 2 0 5 4352 6486 4353
12358 2 2 0 5 4139 6321 6229
12359 2 2 0 5 5989 6143 1542
12360 2 2 0 5 4346 6314 5919
12361 2 2 0 5 5826 6611 1679
12362 2 2 0 5 2081 6731 2077
12363 2 2 0 5 4888 6358 2166
12364 2 2 0 5 1339 5834 1333
12365 2 2 0 5 907 6437 6272
12366 2 2 0 5 2356 2994 2357
12367 2 2 0 5 2657 6712 3323
12368 2 2 0 5 4609 6888 5787
12369 2 2 0 5 1991 2127 1992
12370 2 2 0 5 4077 6512 6335
12371 2 2 0 5 6017 6752 4222
12372 2 2 0 5 3189 6170 4606
12373 2 2 0 5 3937 3969 1935
12374 2 2 0 5 3304 3619 2634
12375 2 2 0 5 3212 3221 3216
12376 2 2 0 5 2935 3380 2831
12377 2 2 0 5 1498 1499 1321
12378 2 2 0 5 4542 4543 3062
12379 2 2 0 5 3302 4177 3964
12380 2 2 0 5 3522 3524 3523
12381 2 2 0 5 4250 4251 2975
12382 2 2 0 5 2993 3329 2992
12383 2 2 0 5 1329 2803 1280
12384 2 2 0 5 1813 1816 1814
12385 2 2 0 5 2171 2471 2170
12386 2 2 0 5 2025 2800 2310
12387 2 2 0 5 3837 4513 3836
12388 2 2 0 5 2164 2372 2165
12389 2 2 0 5 2151 2319 2152
12390 2 2 0 5 1526 2147 2146
12391 2 2 0 5 2056 2495 2054
12392 2 2 0 5 2087 2474 2473
12393 2 2 0 5 2815 3548 2899
12394 2 2 0 5 2837 3672 2425
12395 2 2 0 5 3252 3990 3079
12396 2 2 0 5 3090 3960 2916
12397 2 2 0 5 1553 2315 2314
12398 2 2 0 5 2418 2419 1555
12399 2 2 0 5 2546 3129 2936
12400 2 2 0 5 1545 1546 1544
12401 2 2 0 5 2013 2015 1595
12402 2 2 0 5 3334 3335 3333
12403 2 2 0 5 4047 6015 4455
12404 2 2 0 5 6263 6929 4304
12405 2 2 0 5 5329 6366 916
12406 2 2 0 5 5037 6367 5038
12407 2 2 0 5 6366 6482 5542
12408 2 2 0 5 1510 6355 4398
12409 2 2 0 5 2135 6468 4010
12410 2 2 0 5 3963 6600 3962
12411 2 2 0 5 2715 6472 4894
12412 2 2 0 5 2139 6220 5814
12413 2 2 0 5 3929 6883 5257
12414 2 2 0 5 6320 6498 6021
12415 2 2 0 5 5801 6901 3237
12416 2 2 0 5 279 6344 280
12417 2 2 0 5 4349 6506 6077
12418 2 2 0 5 5883 6545 1027
12419 2 2 0 5 1846 6620 5902
12420 2 2 0 5 83 6383 82
12421 2 2 0 5 5767 6641 2590
12422 2 2 0 5 3963 6804 6600
12423 2 2 0 5 2966 6652 2965
12424 2 2 0 5 5409 6384 1061
12425 2 2 0 5 3598 6386 3867
12426 2 2 0 5 4612 6740 4613
12427 2 2 0 5 4655 6195 4528
12428 2 2 0 5 3826 6387 3825
12429 2 2 0 5 29 6379 28
12430 2 2 0 5 5029 6390 5027
12431 2 2 0 5 5782 6598 4218
12432 2 2 0 5 1568 6835 5949
12433 2 2 0 5 4693 6530 2497
12434 2 2 0 5 3758 6786 4498
12435 2 2 0 5 4518 6396 4524
12436 2 2 0 5 6213 6536 3980
12437 2 2 0 5 5819 6329 3922
12438 2 2 0 5 952 6607 5765
12439 2 2 0 5 5908 6792 3279
12440 2 2 0 5 6102 6334 3841
12441 2 2 0 5 3116 5965 4870
12442 2 2 0 5 4791 6868 4803
12443 2 2 0 5 4733 6867 6476
12444 2 2 0 5 5021 6399 5017
12445 2 2 0 5 3057 6403 2986
12446 2 2 0 5 4999 6404 5000
12447 2 2 0 5 4638 6262 1678
12448 2 2 0 5 4565 6606 4567
12449 2 2 0 5 5790 6922 6563
12450 2 2 0 5 3713 6165 5791
12451 2 2 0 5 2650 6320 6021
12452 2 2 0 5 193 6395 922
12453 2 2 0 5 4313 6846 5959
12454 2 2 0 5 6159 6842 4151
12455 2 2 0 5 6384 6733 3972
12456 2 2 0 5 5032 6619 6000
12457 2 2 0 5 5346 6415 5345
12458 2 2 0 5 5951 6468 2135
12459 2 2 0 5 2272 6879 5237
12460 2 2 0 5 5987 6681 962
12461 2 2 0 5 4987 6524 5110
12462 2 2 0 5 2024 6251 6134
12463 2 2 0 5 5534 6616 5093
12464 2 2 0 5 2574 6364 4547
12465 2 2 0 5 6358 6474 2166
12466 2 2 0 5 3648 6423 2917
12467 2 2 0 5 5871 6448 3979
12468 2 2 0 5 2857 6448 5871
12469 2 2 0 5 4293 6428 3311
12470 2 2 0 5 55 6416 54
12471 2 2 0 5 2441 6816 3071
12472 2 2 0 5 5037 6472 6367
12473 2 2 0 5 4869 6199 4868
12474 2 2 0 5 5344 6712 2657
12475 2 2 0 5 120 6429 119
12476 2 2 0 5 4736 6901 5801
12477 2 2 0 5 5256 6437 907
12478 2 2 0 5 5329 6482 6366
12479 2 2 0 5 41 6425 40
12480 2 2 0 5 3861 6444 3761
12481 2 2 0 5 197 6427 196
12482 2 2 0 5 5844 6248 4246
12483 2 2 0 5 3661 5891 4172
12484 2 2 0 5 6134 6463 2024
12485 2 2 0 5 2960 6440 3541
12486 2 2 0 5 4211 6792 4208
12487 2 2 0 5 2077 6731 2075
12488 2 2 0 5 5542 6482 4230
12489 2 2 0 5 5779 6436 3068
12490 2 2 0 5 5202 6281 6059
12491 2 2 0 5 3207 6099 3206
12492 2 2 0 5 1994 6554 5786
12493 2 2 0 5 4153 6924 6242
12494 2 2 0 5 5786 6554 4166
12495 2 2 0 5 4055 6822 4176
12496 2 2 0 5 4289 6767 4288
12497 2 2 0 5 6107 6359 3183
12498 2 2 0 5 1304 5923 4442
12499 2 2 0 5 3987 6447 3988
12500 2 2 0 5 5674 6449 1994
12501 2 2 0 5 4886 6923 1395
12502 2 2 0 5 53 6441 52
12503 2 2 0 5 5896 6644 967
12504 2 2 0 5 4633 6783 3894
12505 2 2 0 5 885 6679 5836
12506 2 2 0 5 6720 6796 5729
12507 2 2 0 5 4593 6924 2980
12508 2 2 0 5 4059 6850 6057
12509 2 2 0 5 6387 6501 3825
12510 2 2 0 5 4228 6736 4226
12511 2 2 0 5 4868 6199 4048
12512 2 2 0 5 5762 6432 895
12513 2 2 0 5 4016 6581 4597
12514 2 2 0 5 3960 6391 3961
12515 2 2 0 5 2477 6514 4681
12516 2 2 0 5 1486 6385 330
12517 2 2 0 5 1116 6871 6056
12518 2 2 0 5 5071 6454 5359
12519 2 2 0 5 4712 6568 1602
12520 2 2 0 5 2492 6507 6496
12521 2 2 0 5 6343 6544 6202
12522 2 2 0 5 2318 6141 6078
12523 2 2 0 5 1203 6546 4451
12524 2 2 0 5 4761 6699 4021
12525 2 2 0 5 5896 6570 62
12526 2 2 0 5 5771 6410 3079
12527 2 2 0 5 3989 6410 5771
12528 2 2 0 5 5429 6460 3858
12529 2 2 0 5 4736 6700 5906
12530 2 2 0 5 4236 6459 4235
12531 2 2 0 5 2903 6866 3843
12532 2 2 0 5 4194 6877 4195
12533 2 2 0 5 3878 6462 3876
12534 2 2 0 5 2803 6140 1280
12535 2 2 0 5 5800 6765 4141
12536 2 2 0 5 3217 6247 5928
12537 2 2 0 5 4121 6908 4254
12538 2 2 0 5 4733 6476 4393
12539 2 2 0 5 5905 6180 2837
12540 2 2 0 5 3106 5965 3116
12541 2 2 0 5 6172 6173 2548
12542 2 2 0 5 180 6466 179
12543 2 2 0 5 3906 6472 5037
12544 2 2 0 5 2166 6474 4844
12545 2 2 0 5 6075 6149 2409
12546 2 2 0 5 6330 6663 4653
12547 2 2 0 5 5256 6524 6437
12548 2 2 0 5 2267 6479 5445
12549 2 2 0 5 5213 6475 5212
12550 2 2 0 5 1978 6119 4013
12551 2 2 0 5 6482 6580 4230
12552 2 2 0 5 935 6482 5329
12553 2 2 0 5 2994 6582 3872
12554 2 2 0 5 2332 6433 2584
12555 2 2 0 5 5749 6818 5956
12556 2 2 0 5 2604 6125 3610
12557 2 2 0 5 1974 6119 1975
12558 2 2 0 5 3287 6488 3078
12559 2 2 0 5 2626 6123 2627
12560 2 2 0 5 5880 6335 2933
12561 2 2 0 5 2600 6125 2601
12562 2 2 0 5 3090 6032 3963
12563 2 2 0 5 5986 6773 4311
12564 2 2 0 5 4014 6594 5900
12565 2 2 0 5 5534 6696 6616
12566 2 2 0 5 4801 6572 4802
12567 2 2 0 5 6201 6813 3834
12568 2 2 0 5 3560 6624 6238
12569 2 2 0 5 12 6684 5838
12570 2 2 0 5 1615 6795 5344
12571 2 2 0 5 4398 6480 4350
12572 2 2 0 5 917 6696 5534
12573 2 2 0 5 5344 6795 6712
12574 2 2 0 5 4637 6492 4636
12575 2 2 0 5 5994 6211 4002
12576 2 2 0 5 1948 6251 2024
12577 2 2 0 5 3673 6727 4669
12578 2 2 0 5 2666 6340 4419
12579 2 2 0 5 3291 6055 4081
12580 2 2 0 5 4973 6497 5306
12581 2 2 0 5 3943 6723 5960
12582 2 2 0 5 4700 5923 1304
12583 2 2 0 5 5775 6606 4565
12584 2 2 0 5 4083 6606 5775
12585 2 2 0 5 3825 6501 4025
12586 2 2 0 5 2490 6275 5952
12587 2 2 0 5 1366 6734 1371
12588 2 2 0 5 4632 6490 3886
12589 2 2 0 5 6352 6452 3926
12590 2 2 0 5 6486 6763 4353
12591 2 2 0 5 1309 5890 1319
12592 2 2 0 5 2027 6354 1688
12593 2 2 0 5 5388 6504 3646
12594 2 2 0 5 4450 6330 5907
12595 2 2 0 5 4455 6507 3640
12596 2 2 0 5 2659 6353 2872
12597 2 2 0 5 3317 6675 3972
12598 2 2 0 5 3876 6099 3216
12599 2 2 0 5 3717 6914 3868
12600 2 2 0 5 3649 6536 6213
12601 2 2 0 5 3723 6838 4684
12602 2 2 0 5 2322 6902 2314
12603 2 2 0 5 2316 6155 6091
12604 2 2 0 5 1928 6233 1929
12605 2 2 0 5 6065 6713 4263
12606 2 2 0 5 5947 6713 6065
12607 2 2 0 5 2120 6751 2119
12608 2 2 0 5 4417 6772 5703
12609 2 2 0 5 4662 6620 1846
12610 2 2 0 5 4510 6326 6141
12611 2 2 0 5 5153 6517 5152
12612 2 2 0 5 2014 6788 2443
12613 2 2 0 5 3534 6342 3533
12614 2 2 0 5 6649 6701 4744
12615 2 2 0 5 6557 6634 4114
12616 2 2 0 5 4124 6634 6557
12617 2 2 0 5 6564 6926 4428
12618 2 2 0 5 4254 6926 6564
12619 2 2 0 5 5836 6679 4219
12620 2 2 0 5 151 6519 150
12621 2 2 0 5 4012 6900 4742
12622 2 2 0 5 4271 6669 4535
12623 2 2 0 5 257 6464 1847
12624 2 2 0 5 3261 6783 6527
12625 2 2 0 5 4021 6699 3996
12626 2 2 0 5 3392 6522 3283
12627 2 2 0 5 5998 6455 4253
12628 2 2 0 5 5770 6015 4047
12629 2 2 0 5 935 6580 6482
12630 2 2 0 5 945 6524 5256
12631 2 2 0 5 4155 6523 4435
12632 2 2 0 5 3345 5890 1307
12633 2 2 0 5 2267 6584 6479
12634 2 2 0 5 4702 6723 3943
12635 2 2 0 5 3888 6545 5883
12636 2 2 0 5 3962 6600 6079
12637 2 2 0 5 4230 6580 4231
12638 2 2 0 5 5409 6733 6384
12639 2 2 0 5 3055 6185 5915
12640 2 2 0 5 2069 6496 4624
12641 2 2 0 5 1273 6081 1271
12642 2 2 0 5 5080 6534 5083
12643 2 2 0 5 3986 6535 3985
12644 2 2 0 5 3885 6173 6172
12645 2 2 0 5 6117 6393 2578
12646 2 2 0 5 6100 6664 6101
12647 2 2 0 5 2336 6933 4580
12648 2 2 0 5 5874 6740 4612
12649 2 2 0 5 2998 6343 2999
12650 2 2 0 5 3296 6702 2583
12651 2 2 0 5 2026 6703 2030
12652 2 2 0 5 2609 6361 2860
12653 2 2 0 5 2565 6362 2861
12654 2 2 0 5 4126 6710 4125
12655 2 2 0 5 3901 6518 5782
12656 2 2 0 5 4812 6947 4147
12657 2 2 0 5 2490 6192 6061
12658 2 2 0 5 901 6549 141
12659 2 2 0 5 2573 6364 2571
12660 2 2 0 5 3915 6550 3946
12661 2 2 0 5 1968 6551 1966
12662 2 2 0 5 6054 6859 4797
12663 2 2 0 5 1909 6708 3920
12664 2 2 0 5 2658 6361 2607
12665 2 2 0 5 2576 6362 2563
12666 2 2 0 5 6501 6591 4025
12667 2 2 0 5 4437 6212 1293
12668 2 2 0 5 3138 6485 3140
12669 2 2 0 5 2402 6484 2557
12670 2 2 0 5 1689 5878 1691
12671 2 2 0 5 4407 6597 4408
12672 2 2 0 5 2810 6726 2556
12673 2 2 0 5 6504 6595 3646
12674 2 2 0 5 3309 6098 3306
12675 2 2 0 5 6232 6868 959
12676 2 2 0 5 887 6608 6572
12677 2 2 0 5 5903 6602 3983
12678 2 2 0 5 6133 6187 4717
12679 2 2 0 5 4035 6373 4032
12680 2 2 0 5 3947 6666 3949
12681 2 2 0 5 3950 6667 3952
12682 2 2 0 5 4030 6373 4658
12683 2 2 0 5 2613 6374 2617
12684 2 2 0 5 2569 6375 2573
12685 2 2 0 5 2860 6374 2611
12686 2 2 0 5 2861 6375 2567
12687 2 2 0 5 6392 6467 4591
12688 2 2 0 5 5932 6284 2313
12689 2 2 0 5 3598 6892 6386
12690 2 2 0 5 4284 6798 6711
12691 2 2 0 5 4207 6406 6031
12692 2 2 0 5 4034 6380 4035
12693 2 2 0 5 4254 6698 3690
12694 2 2 0 5 5811 6499 1343
12695 2 2 0 5 3997 6571 3576
12696 2 2 0 5 3392 6617 6522
12697 2 2 0 5 3992 6144 3590
12698 2 2 0 5 5669 6158 6145
12699 2 2 0 5 2951 6372 5924
12700 2 2 0 5 6428 6772 3311
12701 2 2 0 5 1936 6573 1931
12702 2 2 0 5 4658 6388 4028
12703 2 2 0 5 3910 6389 3935
12704 2 2 0 5 6007 6730 892
12705 2 2 0 5 3931 6428 3930
12706 2 2 0 5 2606 6664 2658
12707 2 2 0 5 6430 6823 1933
12708 2 2 0 5 6580 6658 4231
12709 2 2 0 5 62 6570 61
12710 2 2 0 5 2522 6104 5887
12711 2 2 0 5 6104 6465 5887
12712 2 2 0 5 4530 6336 2307
12713 2 2 0 5 5330 6580 935
12714 2 2 0 5 4209 6792 5908
12715 2 2 0 5 6743 6799 4556
12716 2 2 0 5 1458 6515 234
12717 2 2 0 5 2645 6867 3257
12718 2 2 0 5 5173 6584 2267
12719 2 2 0 5 6468 6605 4010
12720 2 2 0 5 6549 6793 4524
12721 2 2 0 5 1590 6918 6613
12722 2 2 0 5 1244 6927 1909
12723 2 2 0 5 5954 6643 162
12724 2 2 0 5 2443 6129 3081
12725 2 2 0 5 2998 6544 6343
12726 2 2 0 5 1361 6161 1359
12727 2 2 0 5 2352 5999 2356
12728 2 2 0 5 4654 6746 4282
12729 2 2 0 5 1483 6273 6006
12730 2 2 0 5 4114 6897 4113
12731 2 2 0 5 4597 6887 4018
12732 2 2 0 5 3237 6901 4737
12733 2 2 0 5 264 6558 265
12734 2 2 0 5 887 6572 5873
12735 2 2 0 5 5541 6286 6148
12736 2 2 0 5 2047 6587 2053
12737 2 2 0 5 5866 6851 2533
12738 2 2 0 5 6340 6778 4198
12739 2 2 0 5 299 6567 300
12740 2 2 0 5 5669 6145 1872
12741 2 2 0 5 3928 6737 2562
12742 2 2 0 5 6460 6944 5096
12743 2 2 0 5 4549 6170 3189
12744 2 2 0 5 4025 6591 4922
12745 2 2 0 5 3203 6592 3205
12746 2 2 0 5 5332 6593 5331
12747 2 2 0 5 4187 6845 6555
12748 2 2 0 5 6120 6298 3062
12749 2 2 0 5 3646 6595 4122
12750 2 2 0 5 5945 6380 4037
12751 2 2 0 5 4141 6576 5800
12752 2 2 0 5 85 6596 84
12753 2 2 0 5 4187 6555 1533
12754 2 2 0 5 4075 6618 4672
12755 2 2 0 5 3868 6914 4680
12756 2 2 0 5 6243 6244 3115
12757 2 2 0 5 15 6588 14
12758 2 2 0 5 5802 6807 4104
12759 2 2 0 5 5070 6939 6454
12760 2 2 0 5 27 6590 26
12761 2 2 0 5 1535 6555 1538
12762 2 2 0 5 3549 6610 1686
12763 2 2 0 5 5773 6608 887
12764 2 2 0 5 4011 6607 5507
12765 2 2 0 5 3001 6797 3000
12766 2 2 0 5 4811 6617 3392
12767 2 2 0 5 1299 6612 1297
12768 2 2 0 5 3954 6614 3916
12769 2 2 0 5 5945 6478 1590
12770 2 2 0 5 4039 6478 5945
12771 2 2 0 5 2143 6618 2366
12772 2 2 0 5 5281 6328 6073
12773 2 2 0 5 5992 6697 886
12774 2 2 0 5 3833 6748 4751
12775 2 2 0 5 5330 6658 6580
12776 2 2 0 5 1354 6562 4677
12777 2 2 0 5 4940 6608 5773
12778 2 2 0 5 4231 6658 5118
12779 2 2 0 5 1832 6767 1882
12780 2 2 0 5 3966 6431 6308
12781 2 2 0 5 140 6627 139
12782 2 2 0 5 3557 6872 1955
12783 2 2 0 5 2129 6508 1269
12784 2 2 0 5 5841 6826 4004
12785 2 2 0 5 5173 6668 6584
12786 2 2 0 5 6427 6942 892
12787 2 2 0 5 5840 6727 3673
12788 2 2 0 5 1974 6761 4676
12789 2 2 0 5 3254 6855 5793
12790 2 2 0 5 122 6630 121
12791 2 2 0 5 6013 6332 4252
12792 2 2 0 5 5797 6122 3742
12793 2 2 0 5 5767 6548 4102
12794 2 2 0 5 3742 6742 3743
12795 2 2 0 5 3899 6430 5897
12796 2 2 0 5 1367 6932 3955
12797 2 2 0 5 4370 6659 4718
12798 2 2 0 5 3949 6666 5929
12799 2 2 0 5 5850 6691 3931
12800 2 2 0 5 4221 6533 6381
12801 2 2 0 5 4056 6869 5777
12802 2 2 0 5 4550 6625 4356
12803 2 2 0 5 1333 5834 1335
12804 2 2 0 5 4475 6753 6220
12805 2 2 0 5 6591 6687 4922
12806 2 2 0 5 2157 6796 2161
12807 2 2 0 5 6326 6728 3270
12808 2 2 0 5 3042 6638 2369
12809 2 2 0 5 235 6598 236
12810 2 2 0 5 4295 6865 5927
12811 2 2 0 5 3302 6465 6104
12812 2 2 0 5 3117 6639 5680
12813 2 2 0 5 3864 6165 3713
12814 2 2 0 5 920 6619 5766
12815 2 2 0 5 6095 6663 6150
12816 2 2 0 5 3231 6647 3603
12817 2 2 0 5 1815 6648 1810
12818 2 2 0 5 4811 6695 6617
12819 2 2 0 5 3896 6142 4589
12820 2 2 0 5 6012 6731 2081
12821 2 2 0 5 3867 6651 3599
12822 2 2 0 5 161 6643 964
12823 2 2 0 5 112 6646 966
12824 2 2 0 5 967 6644 113
12825 2 2 0 5 965 6645 64
12826 2 2 0 5 1678 6262 4751
12827 2 2 0 5 916 6227 6110
12828 2 2 0 5 3042 6660 6638
12829 2 2 0 5 4197 6443 4483
12830 2 2 0 5 4561 6626 5779
12831 2 2 0 5 5926 6117 3948
12832 2 2 0 5 4128 6787 6587
12833 2 2 0 5 5417 6656 5638
12834 2 2 0 5 2126 6370 1961
12835 2 2 0 5 5806 6807 5802
12836 2 2 0 5 6426 6539 1342
12837 2 2 0 5 3907 6446 5818
12838 2 2 0 5 3617 6769 3618
12839 2 2 0 5 6059 6281 3830
12840 2 2 0 5 902 6658 5330
12841 2 2 0 5 1824 6349 6218
12842 2 2 0 5 5873 6572 4801
12843 2 2 0 5 5323 6660 3042
12844 2 2 0 5 4200 6851 4207
12845 2 2 0 5 4057 6450 4699
12846 2 2 0 5 5997 6930 3642
12847 2 2 0 5 4253 6930 5997
12848 2 2 0 5 5786 6583 1956
12849 2 2 0 5 4536 6368 5849
12850 2 2 0 5 1645 6581 5832
12851 2 2 0 5 4663 6499 3979
12852 2 2 0 5 4041 6478 4039
12853 2 2 0 5 5308 6668 5173
12854 2 2 0 5 2934 6394 2639
12855 2 2 0 5 6438 6523 4155
12856 2 2 0 5 3548 6821 3887
12857 2 2 0 5 3859 6882 6393
12858 2 2 0 5 4252 6229 3704
12859 2 2 0 5 4219 6679 4086
12860 2 2 0 5 4061 6681 4467
12861 2 2 0 5 5781 6434 3989
12862 2 2 0 5 6145 6860 1872
12863 2 2 0 5 3850 6238 4068
12864 2 2 0 5 4404 6575 4405
12865 2 2 0 5 4922 6687 4097
12866 2 2 0 5 4160 6688 5551
12867 2 2 0 5 5791 6165 4557
12868 2 2 0 5 5906 6700 938
12869 2 2 0 5 1828 6729 1833
12870 2 2 0 5 6616 6696 3988
12871 2 2 0 5 3930 6927 1246
12872 2 2 0 5 909 6680 5749
12873 2 2 0 5 6352 6670 6491
12874 2 2 0 5 5271 6784 5400
12875 2 2 0 5 3981 6693 5596
12876 2 2 0 5 4112 6695 4811
12877 2 2 0 5 3988 6696 4390
12878 2 2 0 5 4744 6701 4810
12879 2 2 0 5 4467 6681 5987
12880 2 2 0 5 13 6684 12
12881 2 2 0 5 3578 6910 5861
12882 2 2 0 5 4405 6125 2600
12883 2 2 0 5 4408 6123 2626
12884 2 2 0 5 5584 6858 5081
12885 2 2 0 5 4100 6641 5767
12886 2 2 0 5 1554 6865 6089
12887 2 2 0 5 6579 6780 4177
12888 2 2 0 5 6166 6500 1531
12889 2 2 0 5 6623 6891 4060
12890 2 2 0 5 4771 6553 2144
12891 2 2 0 5 5817 6446 2982
12892 2 2 0 5 4699 6450 2667
12893 2 2 0 5 4723 4724 4722
12894 2 2 0 5 6055 6529 4081
12895 2 2 0 5 4516 6793 4514
12896 2 2 0 5 2859 6168 5901
12897 2 2 0 5 4106 6707 4403
12898 2 2 0 5 3708 6830 6120
12899 2 2 0 5 2497 6530 6529
12900 2 2 0 5 918 6693 5972
12901 2 2 0 5 6178 6577 3952
12902 2 2 0 5 6160 6842 6159
12903 2 2 0 5 4703 6359 6107
12904 2 2 0 5 6163 6890 1392
12905 2 2 0 5 3056 6753 4475
12906 2 2 0 5 5956 6818 4952
12907 2 2 0 5 6687 6776 4097
12908 2 2 0 5 3602 6328 3918
12909 2 2 0 5 6228 6408 3974
12910 2 2 0 5 2635 6254 2540
12911 2 2 0 5 2384 6733 5409
12912 2 2 0 5 1997 6251 1948
12913 2 2 0 5 4197 6815 4196
12914 2 2 0 5 886 6697 5796
12915 2 2 0 5 4436 6216 3689
12916 2 2 0 5 4982 6936 947
12917 2 2 0 5 191 6732 190
12918 2 2 0 5 3182 6840 3593
12919 2 2 0 5 5790 6934 6162
12920 2 2 0 5 1677 6360 1675
12921 2 2 0 5 947 6745 5261
12922 2 2 0 5 2382 6225 2815
12923 2 2 0 5 3660 6256 3064
12924 2 2 0 5 4645 6102 3841
12925 2 2 0 5 3642 6930 4135
12926 2 2 0 5 6477 6937 3926
12927 2 2 0 5 892 6730 195
12928 2 2 0 5 1132 6874 6217
12929 2 2 0 5 5263 6762 934
12930 2 2 0 5 2067 6777 2338
12931 2 2 0 5 3055 6779 1782
12932 2 2 0 5 4514 6883 3929
12933 2 2 0 5 5860 6771 3883
12934 2 2 0 5 5876 6786 3758
12935 2 2 0 5 4182 6925 4181
12936 2 2 0 5 1564 6719 1565
12937 2 2 0 5 5950 6518 4283
12938 2 2 0 5 3974 6791 2826
12939 2 2 0 5 5807 6671 3924
12940 2 2 0 5 2888 6295 5851
12941 2 2 0 5 4548 4549 3705
12942 2 2 0 5 6027 6628 4673
12943 2 2 0 5 3887 6821 6417
12944 2 2 0 5 4097 6776 3994
12945 2 2 0 5 1839 6443 4574
12946 2 2 0 5 4010 6605 5856
12947 2 2 0 5 6077 6506 2628
12948 2 2 0 5 4669 6276 3673
12949 2 2 0 5 3127 6255 3925
12950 2 2 0 5 4675 6747 6389
12951 2 2 0 5 2982 6649 4744
12952 2 2 0 5 4208 6792 4209
12953 2 2 0 5 2603 6866 2903
12954 2 2 0 5 3946 6795 4433
12955 2 2 0 5 3887 6682 2899
12956 2 2 0 5 3983 6805 6513
12957 2 2 0 5 953 6740 5874
12958 2 2 0 5 2048 6875 2038
12959 2 2 0 5 3696 6834 3698
12960 2 2 0 5 6553 6569 2144
12961 2 2 0 5 4004 6826 6270
12962 2 2 0 5 5263 6870 6762
12963 2 2 0 5 4575 6801 4307
12964 2 2 0 5 5003 6827 5002
12965 2 2 0 5 3538 6812 3529
12966 2 2 0 5 4089 6631 3864
12967 2 2 0 5 6776 6879 3994
12968 2 2 0 5 4067 6820 5301
12969 2 2 0 5 3323 6517 6127
12970 2 2 0 5 4257 6632 6114
12971 2 2 0 5 5262 6827 905
12972 2 2 0 5 2084 6873 2072
12973 2 2 0 5 2582 6699 4761
12974 2 2 0 5 2374 6785 6225
12975 2 2 0 5 4063 6831 4143
12976 2 2 0 5 2656 6833 2333
12977 2 2 0 5 4144 6832 4146
12978 2 2 0 5 4479 6689 3245
12979 2 2 0 5 6116 6678 2947
12980 2 2 0 5 4157 6678 6116
12981 2 2 0 5 1504 6562 1357
12982 2 2 0 5 1785 6692 273
12983 2 2 0 5 2814 6204 3261
12984 2 2 0 5 2702 6856 6327
12985 2 2 0 5 4322 6852 6031
12986 2 2 0 5 6712 6795 3946
12987 2 2 0 5 5302 6844 4188
12988 2 2 0 5 6702 6808 2585
12989 2 2 0 5 6172 6487 3884
12990 2 2 0 5 4474 6849 4064
12991 2 2 0 5 1392 6850 1389
12992 2 2 0 5 4638 6181 3877
12993 2 2 0 5 3536 6892 3598
12994 2 2 0 5 4797 6859 4798
12995 2 2 0 5 1872 6860 5694
12996 2 2 0 5 2883 6861 2880
12997 2 2 0 5 6413 6654 3093
12998 2 2 0 5 2859 6268 6168
12999 2 2 0 5 2885 6622 3183
13000 2 2 0 5 3261 6863 2813
13001 2 2 0 5 1797 6912 1795
13002 2 2 0 5 5264 6870 5263
13003 2 2 0 5 1113 6871 1116
13004 2 2 0 5 3837 6568 4712
13005 2 2 0 5 2584 2588 2587
13006 2 2 0 5 1909 3920 1242
13007 2 2 0 5 3663 4123 4114
13008 2 2 0 5 3687 4127 4126
13009 2 2 0 5 3820 4273 4272
13010 2 2 0 5 3140 3143 3142
13011 2 2 0 5 2557 2560 2559
13012 2 2 0 5 2864 3264 2866
13013 2 2 0 5 4563 6748 3692
13014 2 2 0 5 3994 6879 5166
13015 2 2 0 5 5257 6883 901
13016 2 2 0 5 3135 6884 3137
13017 2 2 0 5 4945 6885 4148
13018 2 2 0 5 6699 6754 3996
13019 2 2 0 5 6593 6858 5118
13020 2 2 0 5 6045 6677 6044
13021 2 2 0 5 5307 6889 5159
13022 2 2 0 5 1527 6864 1521
13023 2 2 0 5 277 6766 278
13024 2 2 0 5 4076 6422 3904
13025 2 2 0 5 4589 6142 4714
13026 2 2 0 5 4722 6845 4187
13027 2 2 0 5 4463 6900 4012
13028 2 2 0 5 5594 6905 3767
13029 2 2 0 5 6226 6907 4877
13030 2 2 0 5 5681 6639 6015
13031 2 2 0 5 4814 6910 6279
13032 2 2 0 5 4233 6909 5888
13033 2 2 0 5 1109 6911 1111
13034 2 2 0 5 6280 6284 4525
13035 2 2 0 5 3068 6283 5776
13036 2 2 0 5 5746 6778 2666
13037 2 2 0 5 4162 6942 4161
13038 2 2 0 5 3358 6946 3180
13039 2 2 0 5 3732 6406 5866
13040 2 2 0 5 1937 6847 2436
13041 2 2 0 5 3850 6773 6238
13042 2 2 0 5 3706 6420 6252
13043 2 2 0 5 4193 6764 4476
13044 2 2 0 5 3133 6540 6157
13045 2 2 0 5 6157 6540 2888
13046 2 2 0 5 2691 6616 6447
13047 2 2 0 5 2161 6635 4530
13048 2 2 0 5 2352 2356 2355
13049 2 2 0 5 3198 3217 3196
13050 2 2 0 5 6793 6883 4514
13051 2 2 0 5 1823 1827 1825
13052 2 2 0 5 5884 6654 6413
13053 2 2 0 5 1321 6242 1320
13054 2 2 0 5 5988 6667 4109
13055 2 2 0 5 3969 6654 5884
13056 2 2 0 5 6237 6767 4289
13057 2 2 0 5 2134 2137 2136
13058 2 2 0 5 2619 2622 2621
13059 2 2 0 5 2658 6664 6100
13060 2 2 0 5 1309 1319 1311
13061 2 2 0 5 6168 6322 4236
13062 2 2 0 5 3740 6513 5843
13063 2 2 0 5 6446 6649 2982
13064 2 2 0 5 4576 6943 6589
13065 2 2 0 5 6079 6600 1195
13066 2 2 0 5 2855 6653 6032
13067 2 2 0 5 209 6915 920
13068 2 2 0 5 5871 6285 2857
13069 2 2 0 5 4634 6559 3735
13070 2 2 0 5 4751 6748 4563
13071 2 2 0 5 5971 6536 3649
13072 2 2 0 5 4159 6794 6311
13073 2 2 0 5 3257 6867 4733
13074 2 2 0 5 2589 2592 2591
13075 2 2 0 5 3144 3147 3146
13076 2 2 0 5 2623 2626 2625
13077 2 2 0 5 2593 2596 2595
13078 2 2 0 5 2597 2600 2599
13079 2 2 0 5 2601 2604 2603
13080 2 2 0 5 3743 3744 3741
13081 2 2 0 5 2038 2039 2036
13082 2 2 0 5 1988 1991 1990
13083 2 2 0 5 1975 1978 1977
13084 2 2 0 5 1281 1284 1283
13085 2 2 0 5 3739 3740 3612
13086 2 2 0 5 3664 6721 6208
13087 2 2 0 5 5870 6642 4347
13088 2 2 0 5 2658 6365 6361
13089 2 2 0 5 5747 6944 950
13090 2 2 0 5 913 6939 5751
13091 2 2 0 5 3864 6631 6165
13092 2 2 0 5 3870 6907 6226
13093 2 2 0 5 4476 6764 4108
13094 2 2 0 5 2053 6787 6231
13095 2 2 0 5 6238 6624 4068
13096 2 2 0 5 4933 6665 5860
13097 2 2 0 5 6541 6853 2344
13098 2 2 0 5 5921 6487 2035
13099 2 2 0 5 4232 6902 4480
13100 2 2 0 5 6187 6368 4079
13101 2 2 0 5 2939 4608 4511
13102 2 2 0 5 2137 6574 2139
13103 2 2 0 5 3712 6727 5840
13104 2 2 0 5 6382 6737 6047
13105 2 2 0 5 2576 6737 6382
13106 2 2 0 5 3757 6255 3095
13107 2 2 0 5 2920 4669 4668
13108 2 2 0 5 4008 6257 3337
13109 2 2 0 5 901 6883 6793
13110 2 2 0 5 3331 6258 4238
13111 2 2 0 5 2473 4728 4727
13112 2 2 0 5 6021 6498 4767
13113 2 2 0 5 4181 6925 6567
13114 2 2 0 5 6323 6527 4633
13115 2 2 0 5 4123 6557 4114
13116 2 2 0 5 6198 6637 3750
13117 2 2 0 5 6530 6566 4081
13118 2 2 0 5 4730 4731 1503
13119 2 2 0 5 4405 6502 6125
13120 2 2 0 5 1929 6233 1932
13121 2 2 0 5 4071 6789 5740
13122 2 2 0 5 6125 6502 3610
13123 2 2 0 5 5861 6724 1488
13124 2 2 0 5 964 6643 5954
13125 2 2 0 5 4748 6274 1524
13126 2 2 0 5 3298 6256 4152
13127 2 2 0 5 3526 6266 3532
13128 2 2 0 5 3831 6262 4638
13129 2 2 0 5 6073 6328 3602
13130 2 2 0 5 3971 6829 3163
13131 2 2 0 5 1340 4739 1514
13132 2 2 0 5 4045 6848 6445
13133 2 2 0 5 4135 4138 4136
13134 2 2 0 5 3860 3862 3861
13135 2 2 0 5 3932 4643 4642
13136 2 2 0 5 3191 3856 3072
13137 2 2 0 5 6042 6816 3675
13138 2 2 0 5 3071 6816 6042
13139 2 2 0 5 2641 2644 2643
13140 2 2 0 5 1963 1982 1965
13141 2 2 0 5 1932 1935 1934
13142 2 2 0 5 4006 6487 5921
13143 2 2 0 5 2630 2634 2631
13144 2 2 0 5 3211 3212 3210
13145 2 2 0 5 6088 6597 4407
13146 2 2 0 5 4696 4697 4695
13147 2 2 0 5 2489 6275 2490
13148 2 2 0 5 2378 6276 2920
13149 2 2 0 5 4136 5785 4137
13150 2 2 0 5 2049 6277 2050
13151 2 2 0 5 2033 2548 2031
13152 2 2 0 5 6128 6254 3869
13153 2 2 0 5 6134 6251 3973
13154 2 2 0 5 2961 3684 3683
13155 2 2 0 5 3002 3006 3004
13156 2 2 0 5 3599 3685 3537
13157 2 2 0 5 4421 6797 4661
13158 2 2 0 5 2034 2035 2033
13159 2 2 0 5 2072 2073 2071
13160 2 2 0 5 1575 6279 2151
13161 2 2 0 5 3202 3215 3200
13162 2 2 0 5 3233 3234 2534
13163 2 2 0 5 1984 1987 1986
13164 2 2 0 5 4345 4349 4348
13165 2 2 0 5 2941 3364 3363
13166 2 2 0 5 2434 2831 2160
13167 2 2 0 5 3285 4021 3996
13168 2 2 0 5 1315 1321 1320
13169 2 2 0 5 1290 1303 1292
13170 2 2 0 5 3597 6282 3263
13171 2 2 0 5 2852 6207 2434
13172 2 2 0 5 3058 3062 3059
13173 2 2 0 5 2646 2650 2648
13174 2 2 0 5 3650 3651 2656
13175 2 2 0 5 3070 6283 3067
13176 2 2 0 5 3301 3302 3120
13177 2 2 0 5 3205 3206 3204
13178 2 2 0 5 3307 3959 3314
13179 2 2 0 5 2282 5714 5674
13180 2 2 0 5 2142 6284 2088
13181 2 2 0 5 1893 3522 3521
13182 2 2 0 5 1969 1973 1971
13183 2 2 0 5 2881 2975 2882
13184 2 2 0 5 2991 2992 2291
13185 2 2 0 5 1971 1974 1972
13186 2 2 0 5 1294 2481 1296
13187 2 2 0 5 3232 3912 3224
13188 2 2 0 5 2850 3381 3359
13189 2 2 0 5 3618 5887 3615
13190 2 2 0 5 1278 1280 1279
13191 2 2 0 5 2884 2888 2886
13192 2 2 0 5 3383 3588 3181
13193 2 2 0 5 1809 2279 1811
13194 2 2 0 5 1298 1317 1300
13195 2 2 0 5 3593 4026 3383
13196 2 2 0 5 3328 3897 3896
13197 2 2 0 5 1811 1813 1812
13198 2 2 0 5 1300 1302 1301
13199 2 2 0 5 3157 3708 3170
13200 2 2 0 5 1855 1864 1863
13201 2 2 0 5 3968 4183 3293
13202 2 2 0 5 1665 1671 1670
13203 2 2 0 5 2889 3133 3131
13204 2 2 0 5 3636 3857 3635
13205 2 2 0 5 5005 6287 3634
13206 2 2 0 5 3277 4229 3280
13207 2 2 0 5 2531 3188 2530
13208 2 2 0 5 1875 2025 1894
13209 2 2 0 5 3634 4500 4134
13210 2 2 0 5 3653 5541 5540
13211 2 2 0 5 3898 3899 3271
13212 2 2 0 5 3280 4431 3647
13213 2 2 0 5 1875 6288 2025
13214 2 2 0 5 3899 5361 3271
13215 2 2 0 5 3277 5360 4229
13216 2 2 0 5 1389 1390 1388
13217 2 2 0 5 5577 6206 1682
13218 2 2 0 5 1682 2170 1680
13219 2 2 0 5 2170 6289 1680
13220 2 2 0 5 5361 6290 5360
13221 2 2 0 5 5659 6286 3653
13222 2 2 0 5 1671 6291 1670
13223 2 2 0 5 1864 6292 1863
13224 2 2 0 5 2479 2480 2367
13225 2 2 0 5 2367 6285 2312
13226 2 2 0 5 2312 2313 2142
13227 2 2 0 5 4183 5679 3293
13228 2 2 0 5 1851 5681 1855
13229 2 2 0 5 5680 5681 1851
13230 2 2 0 5 3835 3836 3070
13231 2 2 0 5 5679 6293 1663
13232 2 2 0 5 1663 6293 1665
13233 2 2 0 5 1296 6294 1298
13234 2 2 0 5 1396 4816 4815
13235 2 2 0 5 3977 3978 3597
13236 2 2 0 5 1820 5683 1807
13237 2 2 0 5 1807 5683 1809
13238 2 2 0 5 5682 5685 3636
13239 2 2 0 5 3359 5685 5682
13240 2 2 0 5 2882 6295 2884
13241 2 2 0 5 1524 2164 2163
13242 2 2 0 5 4333 4334 4332
13243 2 2 0 5 2088 6280 2085
13244 2 2 0 5 1575 2151 2150
13245 2 2 0 5 4146 4185 4145
13246 2 2 0 5 4332 6271 4330
13247 2 2 0 5 3062 6298 3059
13248 2 2 0 5 2291 6296 5690
13249 2 2 0 5 3588 5699 3181
13250 2 2 0 5 1967 6299 1969
13251 2 2 0 5 4000 4085 3999
13252 2 2 0 5 2409 2904 2408
13253 2 2 0 5 2946 3611 2945
13254 2 2 0 5 3067 3068 3066
13255 2 2 0 5 2648 6300 2850
13256 2 2 0 5 5713 5714 2282
13257 2 2 0 5 1514 1526 1525
13258 2 2 0 5 5699 6301 3587
13259 2 2 0 5 1292 6302 1294
13260 2 2 0 5 3999 4001 3998
13261 2 2 0 5 2408 2410 2405
13262 2 2 0 5 3751 3753 3752
13263 2 2 0 5 3362 4128 3707
13264 2 2 0 5 2052 2054 2049
13265 2 2 0 5 2085 2087 2083
13266 2 2 0 5 2945 2947 2508
13267 2 2 0 5 3529 3530 3528
13268 2 2 0 5 3532 4227 4225
13269 2 2 0 5 3556 3841 3352
13270 2 2 0 5 3066 3660 3064
13271 2 2 0 5 3127 3925 3718
13272 2 2 0 5 2382 2815 2814
13273 2 2 0 5 2379 2425 2378
13274 2 2 0 5 3078 3079 2944
13275 2 2 0 5 3580 5923 3582
13276 2 2 0 5 3263 4092 3262
13277 2 2 0 5 2491 2916 2489
13278 2 2 0 5 1550 1553 1551
13279 2 2 0 5 3175 5725 3676
13280 2 2 0 5 3587 5725 3175
13281 2 2 0 5 2988 5732 5731
13282 2 2 0 5 3750 6203 3751
13283 2 2 0 5 5734 6297 1893
13284 2 2 0 5 2503 6200 1543
13285 2 2 0 5 3541 3542 3540
13286 2 2 0 5 2954 3378 3362
13287 2 2 0 5 3877 3879 3878
13288 2 2 0 5 3833 6262 3831
13289 2 2 0 5 3528 6266 3526
13290 2 2 0 5 3298 4152 4150
13291 2 2 0 5 3756 3757 3095
13292 2 2 0 5 2854 2855 2853
13293 2 2 0 5 4435 4436 3689
13294 2 2 0 5 1549 1555 1550
13295 2 2 0 5 3204 6304 3202
13296 2 2 0 5 1288 6307 1290
13297 2 2 0 5 2980 4739 1340
13298 2 2 0 5 5731 6306 3982
13299 2 2 0 5 3211 6312 3212
13300 2 2 0 5 3912 6312 3224
13301 2 2 0 5 2544 2546 2545
13302 2 2 0 5 5739 5740 2283
13303 2 2 0 5 1543 1544 1539
13304 2 2 0 5 3539 4096 3578
13305 2 2 0 5 3540 6261 3539
13306 2 2 0 5 2436 2438 2437
13307 2 2 0 5 2631 6313 2633
13308 2 2 0 5 5540 6309 5005
13309 2 2 0 5 1935 6315 1934
13310 2 2 0 5 1594 1595 1501
13311 2 2 0 5 3332 3333 3331
13312 2 2 0 5 4007 4008 3337
13313 2 2 0 5 3004 6310 3058
13314 2 2 0 5 1335 5834 5833
13315 2 2 0 5 3546 6539 6426
13316 2 2 0 5 3307 5768 3959
13317 2 2 0 5 2633 6313 2881
13318 2 2 0 5 3843 6935 3847
13319 2 2 0 5 5889 6483 4198
13320 2 2 0 5 4724 4726 4722
13321 2 2 0 5 4330 6316 4329
13322 2 2 0 5 6268 6322 6168
13323 2 2 0 5 4344 6318 4345
13324 2 2 0 5 2164 6274 3073
13325 2 2 0 5 3961 6275 2916
13326 2 2 0 5 3673 6276 2425
13327 2 2 0 5 2087 6280 4525
13328 2 2 0 5 3522 6297 3525
13329 2 2 0 5 5776 6283 3836
13330 2 2 0 5 1813 6760 4617
13331 2 2 0 5 3606 6296 2992
13332 2 2 0 5 5843 6513 1368
13333 2 2 0 5 1965 6319 1967
13334 2 2 0 5 2643 6320 2646
13335 2 2 0 5 4748 6376 6274
13336 2 2 0 5 5957 6822 4055
13337 2 2 0 5 5818 6446 5817
13338 2 2 0 5 3311 6772 4417
13339 2 2 0 5 5955 6621 2861
13340 2 2 0 5 1963 6370 1982
13341 2 2 0 5 2356 2357 2355
13342 2 2 0 5 2134 5941 2137
13343 2 2 0 5 1345 6523 6438
13344 2 2 0 5 5856 6770 2130
13345 2 2 0 5 4135 6803 4138
13346 2 2 0 5 2039 5921 2036
13347 2 2 0 5 1991 1992 1990
13348 2 2 0 5 1988 4438 1991
13349 2 2 0 5 6338 6339 3933
13350 2 2 0 5 3610 6664 2606
13351 2 2 0 5 3537 6342 3534
13352 2 2 0 5 5941 6574 2137
13353 2 2 0 5 1281 6140 1284
13354 2 2 0 5 4730 4732 4731
13355 2 2 0 5 4538 6648 4280
13356 2 2 0 5 2999 6343 3002
13357 2 2 0 5 3862 4423 3861
13358 2 2 0 5 3191 4234 3856
13359 2 2 0 5 1932 3937 1935
13360 2 2 0 5 5945 6381 6380
13361 2 2 0 5 2630 3304 2634
13362 2 2 0 5 3212 3216 3210
13363 2 2 0 5 3599 3686 3685
13364 2 2 0 5 2073 2492 2071
13365 2 2 0 5 3234 4180 2534
13366 2 2 0 5 3364 4118 3363
13367 2 2 0 5 2434 2935 2831
13368 2 2 0 5 1315 1498 1321
13369 2 2 0 5 3058 4542 3062
13370 2 2 0 5 3302 3964 3120
13371 2 2 0 5 3206 3218 3204
13372 2 2 0 5 3522 3523 3521
13373 2 2 0 5 2881 4250 2975
13374 2 2 0 5 2991 2993 2992
13375 2 2 0 5 3232 3965 3912
13376 2 2 0 5 1278 1329 1280
13377 2 2 0 5 3897 5858 3896
13378 2 2 0 5 3328 4526 3897
13379 2 2 0 5 1813 1814 1812
13380 2 2 0 5 3133 4217 3131
13381 2 2 0 5 4431 4439 3647
13382 2 2 0 5 2025 2310 1894
13383 2 2 0 5 2531 3255 3188
13384 2 2 0 5 1682 2171 2170
13385 2 2 0 5 2480 2857 2367
13386 2 2 0 5 3835 3837 3836
13387 2 2 0 5 3977 5811 3978
13388 2 2 0 5 2164 2165 2163
13389 2 2 0 5 1820 5684 5683
13390 2 2 0 5 4334 4335 4332
13391 2 2 0 5 2151 2152 2150
13392 2 2 0 5 4146 5953 4185
13393 2 2 0 5 2409 3286 2904
13394 2 2 0 5 1514 2318 1526
13395 2 2 0 5 1526 2146 1525
13396 2 2 0 5 3751 3754 3753
13397 2 2 0 5 2052 2056 2054
13398 2 2 0 5 2087 2473 2083
13399 2 2 0 5 3530 4478 3528
13400 2 2 0 5 3556 4645 3841
13401 2 2 0 5 2815 2899 2814
13402 2 2 0 5 2379 2837 2425
13403 2 2 0 5 3078 3252 3079
13404 2 2 0 5 2491 3090 2916
13405 2 2 0 5 1553 2314 1551
13406 2 2 0 5 3542 4743 3540
13407 2 2 0 5 3587 5726 5725
13408 2 2 0 5 2854 2856 2855
13409 2 2 0 5 4435 6029 4436
13410 2 2 0 5 1549 2418 1555
13411 2 2 0 5 2544 3190 2546
13412 2 2 0 5 2546 2936 2545
13413 2 2 0 5 1543 1545 1544
13414 2 2 0 5 2438 2439 2437
13415 2 2 0 5 1594 2013 1595
13416 2 2 0 5 3332 3334 3333
13417 2 2 0 5 5898 6839 1985
13418 2 2 0 5 2934 6628 6027
13419 2 2 0 5 3959 6138 3314
13420 2 2 0 5 5970 6624 3559
13421 2 2 0 5 5979 6703 3692
13422 2 2 0 5 2872 6353 2961
13423 2 2 0 5 2031 6354 2027
13424 2 2 0 5 5808 6303 2941
13425 2 2 0 5 6414 6802 4251
13426 2 2 0 5 4408 6357 6249
13427 2 2 0 5 6249 6357 6158
13428 2 2 0 5 5890 6493 1319
13429 2 2 0 5 3264 6405 2866
13430 2 2 0 5 4338 6888 6209
13431 2 2 0 5 2641 6394 2644
13432 2 2 0 5 5814 6220 3650
13433 2 2 0 5 5855 6813 4425
13434 2 2 0 5 4480 6902 2322
13435 2 2 0 5 6547 6753 3056
13436 2 2 0 5 5988 6178 3952
13437 2 2 0 5 6417 6821 4400
13438 2 2 0 5 3856 6352 3072
13439 2 2 0 5 3837 6933 4513
13440 2 2 0 5 3350 6810 3976
13441 2 2 0 5 5833 5834 4696
13442 2 2 0 5 2443 6788 6129
13443 2 2 0 5 6120 6830 6298
13444 2 2 0 5 3081 6408 6228
13445 2 2 0 5 4446 6636 6040
13446 2 2 0 5 6038 6640 3592
13447 2 2 0 5 4079 6368 4536
13448 2 2 0 5 6039 6641 3691
13449 2 2 0 5 1926 6738 1937
13450 2 2 0 5 4147 6516 4444
13451 2 2 0 5 2562 6737 2576
13452 2 2 0 5 5887 6465 3615
13453 2 2 0 5 3301 6465 3302
13454 2 2 0 5 6016 6908 4121
13455 2 2 0 5 4706 6828 6470
13456 2 2 0 5 5851 6295 2975
13457 2 2 0 5 4726 6200 2503
13458 2 2 0 5 4431 6836 3892
13459 2 2 0 5 6001 6594 4430
13460 2 2 0 5 2560 6484 3928
13461 2 2 0 5 3143 6485 4412
13462 2 2 0 5 3285 5911 4021
13463 2 2 0 5 6122 6742 3742
13464 2 2 0 5 4548 6170 4549
13465 2 2 0 5 5666 6412 6247
13466 2 2 0 5 3889 6545 3888
13467 2 2 0 5 6299 6319 4132
13468 2 2 0 5 3081 6129 5785
13469 2 2 0 5 3945 6713 5947
13470 2 2 0 5 5891 6763 4172
13471 2 2 0 5 5872 6763 5891
13472 2 2 0 5 3750 6637 6203
13473 2 2 0 5 6252 6420 5154
13474 2 2 0 5 1778 5878 1689
13475 2 2 0 5 2831 6495 2160
13476 2 2 0 5 3972 6675 6384
13477 2 2 0 5 4528 6611 4527
13478 2 2 0 5 6683 6848 4045
13479 2 2 0 5 3262 6532 2971
13480 2 2 0 5 2944 6410 4716
13481 2 2 0 5 1882 6237 6236
13482 2 2 0 5 5897 6757 3899
13483 2 2 0 5 4596 6917 6916
13484 2 2 0 5 5708 6419 1820
13485 2 2 0 5 6093 6895 3190
13486 2 2 0 5 5219 6422 1881
13487 2 2 0 5 4653 6663 6095
13488 2 2 0 5 5848 6686 4536
13489 2 2 0 5 1602 6568 6126
13490 2 2 0 5 2607 6361 2609
13491 2 2 0 5 2563 6362 2565
13492 2 2 0 5 2889 6540 3133
13493 2 2 0 5 2888 6540 2886
13494 2 2 0 5 5672 6694 3919
13495 2 2 0 5 3744 6602 5903
13496 2 2 0 5 4406 6603 2596
13497 2 2 0 5 6079 6841 3962
13498 2 2 0 5 2571 6364 2574
13499 2 2 0 5 5972 6693 3981
13500 2 2 0 5 3675 6816 2832
13501 2 2 0 5 3944 6500 6166
13502 2 2 0 5 5870 6707 4106
13503 2 2 0 5 3349 6351 6350
13504 2 2 0 5 3859 6640 6038
13505 2 2 0 5 3660 6436 6327
13506 2 2 0 5 2590 6641 6039
13507 2 2 0 5 1458 6828 6515
13508 2 2 0 5 6128 6494 4578
13509 2 2 0 5 4028 6388 4027
13510 2 2 0 5 4032 6373 4030
13511 2 2 0 5 2611 6374 2613
13512 2 2 0 5 2567 6375 2569
13513 2 2 0 5 6040 6636 4671
13514 2 2 0 5 4037 6380 4034
13515 2 2 0 5 5918 5920 4344
13516 2 2 0 5 2534 5878 1778
13517 2 2 0 5 2667 6450 5676
13518 2 2 0 5 3875 6389 3910
13519 2 2 0 5 6563 6922 4679
13520 2 2 0 5 4177 6780 3964
13521 2 2 0 5 6563 6934 5790
13522 2 2 0 5 5858 6142 3896
13523 2 2 0 5 6564 6698 4254
13524 2 2 0 5 3200 6456 3198
13525 2 2 0 5 3832 6893 5917
13526 2 2 0 5 6126 6568 3835
13527 2 2 0 5 2617 6880 2615
13528 2 2 0 5 2509 6461 5898
13529 2 2 0 5 6325 6769 3617
13530 2 2 0 5 6322 6459 4236
13531 2 2 0 5 3323 6712 6550
13532 2 2 0 5 1956 6948 1954
13533 2 2 0 5 4274 6597 6088
13534 2 2 0 5 4285 6711 6008
13535 2 2 0 5 3925 6212 3718
13536 2 2 0 5 4658 6609 6388
13537 2 2 0 5 5909 6342 3685
13538 2 2 0 5 5785 6492 4137
13539 2 2 0 5 2126 6583 6371
13540 2 2 0 5 1317 6294 5997
13541 2 2 0 5 1559 6819 1484
13542 2 2 0 5 6253 6761 1973
13543 2 2 0 5 1303 6489 6302
13544 2 2 0 5 6044 6677 2997
13545 2 2 0 5 5795 6512 3662
13546 2 2 0 5 2546 6895 3129
13547 2 2 0 5 3978 6503 6282
13548 2 2 0 5 5736 6800 6023
13549 2 2 0 5 5949 6835 4111
13550 2 2 0 5 6202 6544 4289
13551 2 2 0 5 3879 6181 4655
13552 2 2 0 5 1345 6928 6398
13553 2 2 0 5 5888 6483 5889
13554 2 2 0 5 4195 6877 6143
13555 2 2 0 5 2151 6552 2319
13556 2 2 0 5 5921 6650 4006
13557 2 2 0 5 6916 6918 1590
13558 2 2 0 5 3745 6837 6442
13559 2 2 0 5 4952 6818 5962
13560 2 2 0 5 3639 6731 6012
13561 2 2 0 5 5937 6902 4232
13562 2 2 0 5 5933 6931 4240
13563 2 2 0 5 4207 6929 6263
13564 2 2 0 5 2071 6496 2069
13565 2 2 0 5 2410 6755 3344
13566 2 2 0 5 1302 6759 3345
13567 2 2 0 5 3618 6769 6070
13568 2 2 0 5 3676 6461 5846
13569 2 2 0 5 3979 6499 3977
13570 2 2 0 5 6376 6377 4237
13571 2 2 0 5 4127 6359 4126
13572 2 2 0 5 2855 6177 2853
13573 2 2 0 5 4046 6510 4047
13574 2 2 0 5 3603 6525 5980
13575 2 2 0 5 6496 6507 4624
13576 2 2 0 5 2995 6919 5970
13577 2 2 0 5 1533 6555 1535
13578 2 2 0 5 6239 6790 1673
13579 2 2 0 5 2549 6516 5738
13580 2 2 0 5 3952 6667 5988
13581 2 2 0 5 6114 6632 3126
13582 2 2 0 5 5903 6513 3740
13583 2 2 0 5 5779 6626 6436
13584 2 2 0 5 1983 6520 1984
13585 2 2 0 5 1357 6562 1354
13586 2 2 0 5 1830 6538 6248
13587 2 2 0 5 4051 6807 5806
13588 2 2 0 5 6444 6582 2994
13589 2 2 0 5 2338 6483 5888
13590 2 2 0 5 4699 6296 3606
13591 2 2 0 5 6156 6608 4940
13592 2 2 0 5 3212 6768 3221
13593 2 2 0 5 5917 6893 5979
13594 2 2 0 5 2584 6433 2588
13595 2 2 0 5 6602 6932 1367
13596 2 2 0 5 3157 6830 3708
13597 2 2 0 5 2971 6532 3580
13598 2 2 0 5 5827 6612 4234
13599 2 2 0 5 947 6936 6745
13600 2 2 0 5 4679 6542 4678
13601 2 2 0 5 6150 6663 4450
13602 2 2 0 5 5979 6893 3965
13603 2 2 0 5 3882 6439 5973
13604 2 2 0 5 5952 6806 4083
13605 2 2 0 5 4770 6553 4768
13606 2 2 0 5 6199 6586 4048
13607 2 2 0 5 3559 6624 3560
13608 2 2 0 5 1897 6560 6559
13609 2 2 0 5 1378 6917 6445
13610 2 2 0 5 6162 6934 6161
13611 2 2 0 5 6277 6325 2050
13612 2 2 0 5 4707 6946 3358
13613 2 2 0 5 2048 6824 6306
13614 2 2 0 5 4151 6706 6159
13615 2 2 0 5 2557 6484 2560
13616 2 2 0 5 3140 6485 3143
13617 2 2 0 5 3161 6829 6005
13618 2 2 0 5 1956 6583 1958
13619 2 2 0 5 4803 6868 6232
13620 2 2 0 5 6287 6551 4500
13621 2 2 0 5 3006 6343 6202
13622 2 2 0 5 6230 6599 4078
13623 2 2 0 5 6089 6865 4295
13624 2 2 0 5 3894 6783 6204
13625 2 2 0 5 2899 6682 6204
13626 2 2 0 5 3388 6599 6230
13627 2 2 0 5 6352 6491 6452
13628 2 2 0 5 1531 6903 6166
13629 2 2 0 5 1924 6738 1926
13630 2 2 0 5 4536 6686 4058
13631 2 2 0 5 5680 6639 5681
13632 2 2 0 5 3586 6510 4601
13633 2 2 0 5 6476 6867 4704
13634 2 2 0 5 6070 6769 4223
13635 2 2 0 5 6527 6783 4633
13636 2 2 0 5 4408 6597 6357
13637 2 2 0 5 2530 6637 6198
13638 2 2 0 5 2832 6816 2441
13639 2 2 0 5 2899 6204 2814
13640 2 2 0 5 4102 6548 4104
13641 2 2 0 5 6408 6791 3974
13642 2 2 0 5 3964 6819 5835
13643 2 2 0 5 1514 4739 2318
13644 2 2 0 5 3188 6637 2530
13645 2 2 0 5 1180 6586 6199
13646 2 2 0 5 2338 6777 6483
13647 2 2 0 5 4607 6904 6621
13648 2 2 0 5 2615 6880 2618
13649 2 2 0 5 6527 6863 3261
13650 2 2 0 5 4725 6863 6527
13651 2 2 0 5 6742 6837 3743
13652 2 2 0 5 5770 6510 3586
13653 2 2 0 5 1543 6200 1545
13654 2 2 0 5 4743 6261 3540
13655 2 2 0 5 6032 6653 3963
13656 2 2 0 5 4478 6266 3528
13657 2 2 0 5 3751 6203 3754
13658 2 2 0 5 4335 6271 4332
13659 2 2 0 5 2857 6285 2367
13660 2 2 0 5 1682 6206 2171
13661 2 2 0 5 3587 6301 5726
13662 2 2 0 5 2434 6207 2935
13663 2 2 0 5 3218 6304 3204
13664 2 2 0 5 3058 6310 4542
13665 2 2 0 5 2881 6313 4250
13666 2 2 0 5 6704 6705 4265
13667 2 2 0 5 2119 6751 6267
13668 2 2 0 5 4083 6806 6606
13669 2 2 0 5 2573 6904 6672
13670 2 2 0 5 6303 6605 3364
13671 2 2 0 5 1932 6233 3937
13672 2 2 0 5 3932 6719 4643
13673 2 2 0 5 1276 6629 1278
13674 2 2 0 5 1992 6770 5789
13675 2 2 0 5 3860 6729 3862
13676 2 2 0 5 6211 6652 2966
13677 2 2 0 5 6393 6640 3859
13678 2 2 0 5 4369 6659 4370
13679 2 2 0 5 1820 6419 5684
13680 2 2 0 5 1958 6583 2126
13681 2 2 0 5 3683 6635 5745
13682 2 2 0 5 3861 6582 6444
13683 2 2 0 5 6511 6891 3381
13684 2 2 0 5 4180 5878 2534
13685 2 2 0 5 3898 6430 3899
13686 2 2 0 5 6803 6930 4253
13687 2 2 0 5 4135 6930 6803
13688 2 2 0 5 6023 6800 4008
13689 2 2 0 5 6533 6906 4586
13690 2 2 0 5 6372 6654 3969
13691 2 2 0 5 6388 6609 3955
13692 2 2 0 5 3904 6817 5770
13693 2 2 0 5 3977 6499 5811
13694 2 2 0 5 2492 6496 2071
13695 2 2 0 5 3942 6903 6020
13696 2 2 0 5 6407 6886 4361
13697 2 2 0 5 2055 6142 5858
13698 2 2 0 5 1476 6724 1474
13699 2 2 0 5 6775 6935 4465
13700 2 2 0 5 6219 6704 4266
13701 2 2 0 5 6396 6627 4524
13702 2 2 0 5 6319 6921 4132
13703 2 2 0 5 6179 6840 3182
13704 2 2 0 5 6392 6689 3958
13705 2 2 0 5 1278 6629 1329
13706 2 2 0 5 6447 6616 3988
13707 2 2 0 5 4450 6663 6330
13708 2 2 0 5 4813 6629 1276
13709 2 2 0 5 2157 6898 6796
13710 2 2 0 5 4227 6890 6163
13711 2 2 0 5 6613 6878 4221
13712 2 2 0 5 4027 6602 3744
13713 2 2 0 5 2596 6603 4404
13714 2 2 0 5 6635 6720 5745
13715 2 2 0 5 3753 6594 6001
13716 2 2 0 5 4436 6508 6216
13717 2 2 0 5 2379 6728 2837
13718 2 2 0 5 1881 6690 5303
13719 2 2 0 5 2484 6747 6193
13720 2 2 0 5 6332 6808 4252
13721 2 2 0 5 6144 6825 4414
13722 2 2 0 5 3133 6556 4217
13723 2 2 0 5 3958 6467 6392
13724 2 2 0 5 6229 6321 3704
13725 2 2 0 5 6266 6890 4227
13726 2 2 0 5 6193 6747 4675
13727 2 2 0 5 6205 6754 2056
13728 2 2 0 5 3592 6640 3941
13729 2 2 0 5 3691 6641 4100
13730 2 2 0 5 6676 6872 3557
13731 2 2 0 5 3992 6838 6144
13732 2 2 0 5 4195 6764 4193
13733 2 2 0 5 4727 6717 2081
13734 2 2 0 5 4384 6881 6108
13735 2 2 0 5 4150 6706 4151
13736 2 2 0 5 4426 6785 2374
13737 2 2 0 5 3847 6935 6775
13738 2 2 0 5 6069 6785 4426
13739 2 2 0 5 6179 6946 4707
13740 2 2 0 5 6403 6938 4566
13741 2 2 0 5 3057 6938 6403
13742 2 2 0 5 3708 6490 3170
13743 2 2 0 5 6735 6801 4575
13744 2 2 0 5 6384 6675 4584
13745 2 2 0 5 3753 6001 3752
13746 2 2 0 5 6405 6662 2988
13747 2 2 0 5 6672 6904 4607
13748 2 2 0 5 6161 6934 1504
13749 2 2 0 5 4678 6542 6098
13750 2 2 0 5 3934 6339 6338
13751 2 2 0 5 4718 6659 3007
13752 2 2 0 5 3270 6728 2379
13753 2 2 0 5 5953 6657 1237
13754 2 2 0 5 6279 6552 2151
13755 2 2 0 5 4027 6932 6602
13756 2 2 0 5 4348 6707 5870
13757 2 2 0 5 2618 6880 6669
13758 2 2 0 5 4294 6709 6708
13759 2 2 0 5 6344 6809 4215
13760 2 2 0 5 2991 6453 2993
13761 2 2 0 5 6052 6661 2542
13762 2 2 0 5 2084 6758 6623
13763 2 2 0 5 4146 6832 6657
13764 2 2 0 5 2385 6686 5848
13765 2 2 0 5 6116 6945 3893
13766 2 2 0 5 6310 6469 4542
13767 2 2 0 5 4268 6854 6561
13768 2 2 0 5 6077 6707 4348
13769 2 2 0 5 6589 6943 3851
13770 2 2 0 5 6122 6520 1983
13771 2 2 0 5 4478 6890 6266
13772 2 2 0 5 6053 6661 6052
13773 2 2 0 5 5797 6520 6122
13774 2 2 0 5 2161 6720 6635
13775 2 2 0 5 4068 6919 6186
13776 2 2 0 5 1488 6724 1476
13777 2 2 0 5 4318 6811 4319
13778 2 2 0 5 6106 6622 4397
13779 2 2 0 5 4636 6788 4635
13780 2 2 0 5 2283 6789 5708
13781 2 2 0 5 3669 6459 6322
13782 2 2 0 5 5729 6796 4158
13783 2 2 0 5 5952 6275 3961
13784 2 2 0 5 3961 6806 5952
13785 2 2 0 5 6626 6855 3254
13786 2 2 0 5 6375 6904 2573
13787 2 2 0 5 5965 6874 4870
13788 2 2 0 5 6217 6874 3918
13789 2 2 0 5 6292 6817 5219
13790 2 2 0 5 2985 6811 6208
13791 2 2 0 5 5660 6823 3898
13792 2 2 0 5 3982 6824 5687
13793 2 2 0 5 2856 6653 2855
13794 2 2 0 5 4480 6857 3234
13795 2 2 0 5 6186 6919 2995
13796 2 2 0 5 4161 6942 6427
13797 2 2 0 5 2585 6808 6332
13798 2 2 0 5 3055 6439 6185
13799 2 2 0 5 6225 6785 4216
13800 2 2 0 5 1504 6934 6563
13801 2 2 0 5 1339 6899 5834
13802 2 2 0 5 4146 6657 5953
13803 2 2 0 5 3918 6874 5965
13804 2 2 0 5 4728 6717 4727
13805 2 2 0 5 4145 6876 4738
13806 2 2 0 5 6623 6758 5685
13807 2 2 0 5 1343 6499 4663
13808 2 2 0 5 6550 6712 3946
13809 2 2 0 5 4671 6636 3355
13810 2 2 0 5 4138 6791 6408
13811 2 2 0 5 2644 6498 6320
13812 2 2 0 5 5917 6748 3833
13813 2 2 0 5 6129 6788 4636
13814 2 2 0 5 4334 6744 4335
13815 2 2 0 5 6513 6805 1368
13816 2 2 0 5 2439 6937 3092
13817 2 2 0 5 4172 6763 6486
13818 2 2 0 5 2161 6796 6720
13819 2 2 0 5 6412 6831 4063
13820 2 2 0 5 6185 6439 3882
13821 2 2 0 5 3092 6937 6477
13822 2 2 0 5 3234 6857 4180
13823 2 2 0 5 4008 6800 6257
13824 2 2 0 5 4504 6453 4820
13825 2 2 0 5 4820 6453 2991
13826 2 2 0 5 6442 6837 4013
13827 2 2 0 5 3955 6932 6388
13828 2 2 0 5 5738 6947 1318
13829 2 2 0 5 4018 6887 6385
13830 2 2 0 5 4403 6707 6077
13831 2 2 0 5 6470 6828 1458
13832 2 2 0 5 4003 6652 6211
13833 2 2 0 5 6695 6784 5271
13834 2 2 0 5 2892 6491 4670
13835 2 2 0 5 6388 6932 4027
13836 2 2 0 5 3840 6886 6407
13837 2 2 0 5 6406 6851 5866
13838 2 2 0 5 3660 6856 6256
13839 2 2 0 5 901 6793 6549
13840 2 2 0 5 4207 6851 6406
13841 2 2 0 5 3993 6846 6480
13842 2 2 0 5 3898 6823 6430
13843 2 2 0 5 6377 6913 4237
13844 2 2 0 5 3856 6670 6352
13845 2 2 0 5 4679 6922 6542
13846 2 2 0 5 2357 6677 6045
13847 2 2 0 5 6587 6787 2053
13848 2 2 0 5 6700 6889 938
13849 2 2 0 5 6606 6806 4567
13850 2 2 0 5 6669 6880 4535
13851 2 2 0 5 6613 6918 1373
13852 2 2 0 5 6438 6928 1345
13853 2 2 0 5 6454 6939 913
13854 2 2 0 5 950 6944 6460
13855 2 2 0 5 6005 6829 3971
13856 2 2 0 5 3877 6181 3879
13857 2 2 0 5 4001 6790 6239
13858 2 2 0 5 6600 6804 1195
13859 2 2 0 5 6491 6670 4646
13860 2 2 0 5 6634 6897 4114
13861 2 2 0 5 6327 6856 3660
13862 2 2 0 5 6703 6749 3692
13863 2 2 0 5 2026 6749 6703
13864 2 2 0 5 6702 6750 2583
13865 2 2 0 5 2585 6750 6702
13866 2 2 0 5 5843 6945 3611
13867 2 2 0 5 6623 6873 2084
13868 2 2 0 5 3532 6266 4227
13869 2 2 0 5 3190 6895 2546
13870 2 2 0 5 3333 6258 3331
13871 2 2 0 5 6774 6775 4168
13872 2 2 0 5 5970 6919 6624
13873 2 2 0 5 2920 6276 4669
13874 2 2 0 5 6624 6919 4068
13875 2 2 0 5 4112 6784 6695
13876 2 2 0 5 5332 6858 6593
13877 2 2 0 5 4221 6906 6533
13878 2 2 0 5 3539 6261 4096
13879 2 2 0 5 6204 6783 3261
13880 2 2 0 5 1524 6274 2164
13881 2 2 0 5 1550 6752 1553
13882 2 2 0 5 2916 6275 2489
13883 2 2 0 5 2425 6276 2378
13884 2 2 0 5 1555 6752 1550
13885 2 2 0 5 2054 6277 2049
13886 2 2 0 5 2904 6755 2408
13887 2 2 0 5 2408 6755 2410
13888 2 2 0 5 3263 6282 4092
13889 2 2 0 5 2085 6280 2087
13890 2 2 0 5 3067 6283 3068
13891 2 2 0 5 3978 6282 3597
13892 2 2 0 5 2088 6284 6280
13893 2 2 0 5 3836 6283 3070
13894 2 2 0 5 2313 6284 2142
13895 2 2 0 5 2312 6285 2313
13896 2 2 0 5 3634 6287 4500
13897 2 2 0 5 3899 6757 5361
13898 2 2 0 5 5360 6290 4229
13899 2 2 0 5 5361 6757 6290
13900 2 2 0 5 3653 6286 5541
13901 2 2 0 5 3636 6758 3857
13902 2 2 0 5 1317 6759 1300
13903 2 2 0 5 1300 6759 1302
13904 2 2 0 5 2279 6760 1811
13905 2 2 0 5 1811 6760 1813
13906 2 2 0 5 1855 5681 1864
13907 2 2 0 5 1665 6293 1671
13908 2 2 0 5 4183 6293 5679
13909 2 2 0 5 1298 6294 1317
13910 2 2 0 5 1809 5683 2279
13911 2 2 0 5 5685 6758 3636
13912 2 2 0 5 2481 6294 1296
13913 2 2 0 5 2884 6295 2888
13914 2 2 0 5 2975 6295 2882
13915 2 2 0 5 1973 6761 1971
13916 2 2 0 5 1971 6761 1974
13917 2 2 0 5 2992 6296 2291
13918 2 2 0 5 2850 6300 3381
13919 2 2 0 5 2650 6300 2648
13920 2 2 0 5 1969 6299 1973
13921 2 2 0 5 1294 6302 2481
13922 2 2 0 5 1893 6297 3522
13923 2 2 0 5 3588 6301 5699
13924 2 2 0 5 1303 6302 1292
13925 2 2 0 5 3202 6304 3215
13926 2 2 0 5 5005 6309 6287
13927 2 2 0 5 5541 6309 5540
13928 2 2 0 5 5732 6306 5731
13929 2 2 0 5 2634 6313 2631
13930 2 2 0 5 1290 6307 1303
13931 2 2 0 5 3006 6310 3004
13932 2 2 0 5 6271 6316 4330
13933 2 2 0 5 4561 6855 6626
13934 2 2 0 5 1967 6319 6299
13935 2 2 0 5 2646 6320 2650
13936 2 2 0 5 4345 6318 4349
13937 2 2 0 5 6290 6757 1940
13938 2 2 0 5 2941 6303 3364
13939 2 2 0 5 1982 6319 1965
13940 2 2 0 5 2644 6320 2643
13941 2 2 0 5 3912 6768 6312
13942 2 2 0 5 6312 6768 3212
13943 2 2 0 5 2837 6728 5905
13944 2 2 0 5 6682 6832 4144
13945 2 2 0 5 3887 6832 6682
13946 2 2 0 5 3999 6790 4001
13947 2 2 0 5 1376 6918 6916
13948 2 2 0 5 6421 6834 3696
13949 2 2 0 5 4060 6873 6623
13950 2 2 0 5 5920 6318 4344
13951 2 2 0 5 3685 6342 3537
13952 2 2 0 5 6267 6751 4163
13953 2 2 0 5 3002 6343 3006
13954 2 2 0 5 4085 6790 3999
13955 2 2 0 5 4282 6705 6704
13956 2 2 0 5 6287 6309 2496
13957 2 2 0 5 3079 6410 2944
13958 2 2 0 5 2961 6353 3684
13959 2 2 0 5 2548 6354 2031
13960 2 2 0 5 3280 6836 4431
13961 2 2 0 5 3370 6698 6564
13962 2 2 0 5 6908 6926 4254
13963 2 2 0 5 2331 6926 6908
13964 2 2 0 5 6585 6940 4172
13965 2 2 0 5 4171 6940 6585
13966 2 2 0 5 3215 6456 3200
13967 2 2 0 5 3359 6891 5685
13968 2 2 0 5 1913 6872 6676
13969 2 2 0 5 5681 6015 1864
13970 2 2 0 5 6780 6819 3964
13971 2 2 0 5 4118 6661 6053
13972 2 2 0 5 5834 6899 4696
13973 2 2 0 5 4229 6836 3280
13974 2 2 0 5 3580 6532 5923
13975 2 2 0 5 6256 6856 4152
13976 2 2 0 5 1984 6520 1987
13977 2 2 0 5 3198 6456 3217
13978 2 2 0 5 6726 6894 2556
13979 2 2 0 5 4414 6894 6726
13980 2 2 0 5 5725 6839 3676
13981 2 2 0 5 1237 6657 6417
13982 2 2 0 5 6691 6772 3931
13983 2 2 0 5 4078 6864 6230
13984 2 2 0 5 3381 6891 3359
13985 2 2 0 5 6541 6615 5981
13986 2 2 0 5 5981 6615 2388
13987 2 2 0 5 3603 6647 6525
13988 2 2 0 5 6525 6647 4714
13989 2 2 0 5 2988 6662 5732
13990 2 2 0 5 4696 6899 4697
13991 2 2 0 5 3632 6801 6735
13992 2 2 0 5 3676 6839 6461
13993 2 2 0 5 5740 6789 2283
13994 2 2 0 5 6916 6917 1376
13995 2 2 0 5 6306 6824 3982
13996 2 2 0 5 4185 6876 4145
13997 2 2 0 5 6422 6690 1881
13998 2 2 0 5 6159 6706 2987
13999 2 2 0 5 5923 6532 4442
14000 2 2 0 5 4304 6929 6852
14001 2 2 0 5 6852 6929 6031
14002 2 2 0 5 5708 6789 6419
14003 2 2 0 5 6711 6798 3865
14004 2 2 0 5 5219 6817 6422
14005 2 2 0 5 1982 6921 6319
14006 2 2 0 5 6673 6876 4185
14007 2 2 0 5 4216 6785 6069
14008 2 2 0 5 4635 6788 2014
14009 2 2 0 5 5685 6891 6623
14010 2 2 0 5 6796 6898 4158
14011 2 2 0 5 6452 6491 2892
14012 2 2 0 5 1882 6767 6237
14013 2 2 0 5 6516 6947 5738
14014 2 2 0 5 4221 6878 6734
14015 2 2 0 5 4670 6491 4646
14016 2 2 0 5 4217 6823 5660
14017 2 2 0 5 5687 6824 4526
14018 2 2 0 5 4738 6876 3389
14019 2 2 0 5 4698 6913 6377
14020 2 2 0 5 1373 6878 6613
14021 2 2 0 5 3389 6876 6673
14022 2 2 0 5 6872 6948 1955
14023 2 2 0 5 1913 6948 6872
14024 2 2 0 5 6734 6906 4221
14025 2 2 0 5 4220 6906 6734
14026 2 2 0 5 4076 6690 6422
14027 2 2 0 5 6445 6848 1378
14028 2 2 0 5 6542 6922 3305
14029 2 2 0 5 3219 6316 6271
14030 2 2 0 5 1380 6848 6683
14031 2 2 0 5 6461 6839 5898
14032 2 2 0 5 2345 6615 6541
14033 2 2 0 5 6419 6789 4071
14034 2 2 0 5 6422 6817 3904
14035 2 2 0 5 4147 6947 6516
14036 2 2 0 5 6734 6878 1371
14037 2 2 0 5 2564 6882 2561
14038 2 2 0 5 3194 6463 3855
14039 2 2 0 5 3698 6332 6013
14040 2 2 0 5 4142 6773 5986
14041 2 2 0 5 6451 6543 4534
14042 2 2 0 5 5919 5920 5918
$EndElements
