$MeshFormat
2.2 0 8
$EndMeshFormat
$PhysicalNames
3
2 1 "bath"
2 2 "sender_node"
2 3 "receiver_node"
$EndPhysicalNames
$Nodes
8725
1 0 0 0
2 5000 0 0
3 0 5000 0
4 5000 5000 0
5 2437.5 2500 0
6 2637.5 2500 0
7 2400 2500 0
8 2600 2500 0
9 100 0 0
10 200 0 0
11 300 0 0
12 400 0 0
13 500 0 0
14 600 0 0
15 700 0 0
16 800 0 0
17 900 0 0
18 1000 0 0
19 1100 0 0
20 1200 0 0
21 1300 0 0
22 1400 0 0
23 1500 0 0
24 1600 0 0
25 1700 0 0
26 1800 0 0
27 1900 0 0
28 2000 0 0
29 2100 0 0
30 2200 0 0
31 2300 0 0
32 2400 0 0
33 2500 0 0
34 2600 0 0
35 2700 0 0
36 2800 0 0
37 2900 0 0
38 3000 0 0
39 3100 0 0
40 3200 0 0
41 3300 0 0
42 3400 0 0
43 3500 0 0
44 3600 0 0
45 3700 0 0
46 3800 0 0
47 3900 0 0
48 4000 0 0
49 4100 0 0
50 4200 0 0
51 4300 0 0
52 4400 0 0
53 4500 0 0
54 4600 0 0
55 4700 0 0
56 4800 0 0
57 4900 0 0
58 0 4900 0
59 0 4800 0
60 0 4700 0
61 0 4600 0
62 0 4500 0
63 0 4400 0
64 0 4300 0
65 0 4200 0
66 0 4100 0
67 0 4000 0
68 0 3900 0
69 0 3800 0
70 0 3700 0
71 0 3600 0
72 0 3500 0
73 0 3400 0
74 0 3300 0
75 0 3200 0
76 0 3100 0
77 0 3000 0
78 0 2900 0
79 0 2800 0
80 0 2700 0
81 0 2600 0
82 0 2500 0
83 0 2400 0
84 0 2300 0
85 0 2200 0
86 0 2100 0
87 0 2000 0
88 0 1900 0
89 0 1800 0
90 0 1700 0
91 0 1600 0
92 0 1500 0
93 0 1400 0
94 0 1300 0
95 0 1200 0
96 0 1100 0
97 0 1000 0
98 0 900 0
99 0 800 0
100 0 700 0
101 0 600 0
102 0 500 0
103 0 400 0
104 0 300 0
105 0 200 0
106 0 100 0
107 5000 100 0
108 5000 200 0
109 5000 300 0
110 5000 400 0
111 5000 500 0
112 5000 600 0
113 5000 700 0
114 5000 800 0
115 5000 900 0
116 5000 1000 0
117 5000 1100 0
118 5000 1200 0
119 5000 1300 0
120 5000 1400 0
121 5000 1500 0
122 5000 1600 0
123 5000 1700 0
124 5000 1800 0
125 5000 1900 0
126 5000 2000 0
127 5000 2100 0
128 5000 2200 0
129 5000 2300 0
130 5000 2400 0
131 5000 2500 0
132 5000 2600 0
133 5000 2700 0
134 5000 2800 0
135 5000 2900 0
136 5000 3000 0
137 5000 3100 0
138 5000 3200 0
139 5000 3300 0
140 5000 3400 0
141 5000 3500 0
142 5000 3600 0
143 5000 3700 0
144 5000 3800 0
145 5000 3900 0
146 5000 4000 0
147 5000 4100 0
148 5000 4200 0
149 5000 4300 0
150 5000 4400 0
151 5000 4500 0
152 5000 4600 0
153 5000 4700 0
154 5000 4800 0
155 5000 4900 0
156 4900 5000 0
157 4800 5000 0
158 4700 5000 0
159 4600 5000 0
160 4500 5000 0
161 4400 5000 0
162 4300 5000 0
163 4200 5000 0
164 4100 5000 0
165 4000 5000 0
166 3900 5000 0
167 3800 5000 0
168 3700 5000 0
169 3600 5000 0
170 3500 5000 0
171 3400 5000 0
172 3300 5000 0
173 3200 5000 0
174 3100 5000 0
175 3000 5000 0
176 2900 5000 0
177 2800 5000 0
178 2700 5000 0
179 2600 5000 0
180 2500 5000 0
181 2400 5000 0
182 2300 5000 0
183 2200 5000 0
184 2100 5000 0
185 2000 5000 0
186 1900 5000 0
187 1800 5000 0
188 1700 5000 0
189 1600 5000 0
190 1500 5000 0
191 1400 5000 0
192 1300 5000 0
193 1200 5000 0
194 1100 5000 0
195 1000 5000 0
196 900 5000 0
197 800 5000 0
198 700 5000 0
199 600 5000 0
200 500 5000 0
201 400 5000 0
202 300 5000 0
203 200 5000 0
204 100 5000 0
205 2437.446851087879 2501.995831556582 0
206 2437.28755500788 2503.986005711776 0
207 2437.02256330205 2505.964881100715 0
208 2436.65262711817 2507.926848386111 0
209 2436.178795080544 2509.866346158532 0
210 2435.602410317564 2511.777876700823 0
211 2434.925106654463 2513.656021571981 0
212 2434.148803982059 2515.495456966314 0
213 2433.275702814622 2517.29096880435 0
214 2432.308278052268 2519.037467512706 0
215 2431.249271965594 2520.730002451045 0
216 2430.101686422411 2522.363775945194 0
217 2428.868774378621 2523.934156886681 0
218 2427.554030657365 2525.436693860111 0
219 2426.161182042562 2526.867127761187 0
220 2424.694176714939 2528.221403869605 0
221 2423.157173060482 2529.495683342599 0
222 2421.55452788304 2530.686354096556 0
223 2419.89078405449 2531.790041045863 0
224 2418.170657637475 2532.803615669949 0
225 2416.399024517207 2533.724204881421 0
226 2414.58090658025 2534.549199170141 0
227 2412.721457479426 2535.276260000164 0
228 2410.825948025236 2535.903326438575 0
229 2408.899751245167 2536.428620997427 0
230 2406.948327153267 2536.85065467222 0
231 2404.97720727314 2537.16823116265 0
232 2402.991978958241 2537.380450263653 0
233 2400.998269553917 2537.486710417129 0
234 2399.001730446083 2537.486710417129 0
235 2397.00802104176 2537.380450263653 0
236 2395.022792726861 2537.16823116265 0
237 2393.051672846733 2536.85065467222 0
238 2391.100248754834 2536.428620997427 0
239 2389.174051974765 2535.903326438575 0
240 2387.278542520574 2535.276260000164 0
241 2385.41909341975 2534.549199170141 0
242 2383.600975482793 2533.724204881421 0
243 2381.829342362526 2532.803615669949 0
244 2380.10921594551 2531.790041045863 0
245 2378.44547211696 2530.686354096556 0
246 2376.842826939518 2529.495683342599 0
247 2375.305823285061 2528.221403869605 0
248 2373.838817957438 2526.867127761187 0
249 2372.445969342635 2525.436693860111 0
250 2371.131225621379 2523.934156886681 0
251 2369.898313577589 2522.363775945194 0
252 2368.750728034406 2520.730002451045 0
253 2367.691721947732 2519.037467512707 0
254 2366.724297185379 2517.29096880435 0
255 2365.851196017941 2515.495456966315 0
256 2365.074893345537 2513.656021571981 0
257 2364.397589682436 2511.777876700824 0
258 2363.821204919456 2509.866346158532 0
259 2363.34737288183 2507.926848386111 0
260 2362.97743669795 2505.964881100716 0
261 2362.71244499212 2503.986005711777 0
262 2362.553148912121 2501.995831556582 0
263 2362.5 2500 0
264 2362.553148912121 2498.004168443419 0
265 2362.71244499212 2496.013994288224 0
266 2362.97743669795 2494.035118899285 0
267 2363.34737288183 2492.073151613889 0
268 2363.821204919456 2490.133653841468 0
269 2364.397589682435 2488.222123299177 0
270 2365.074893345537 2486.343978428019 0
271 2365.851196017941 2484.504543033686 0
272 2366.724297185378 2482.70903119565 0
273 2367.691721947732 2480.962532487294 0
274 2368.750728034406 2479.269997548955 0
275 2369.898313577589 2477.636224054806 0
276 2371.131225621378 2476.065843113319 0
277 2372.445969342635 2474.563306139889 0
278 2373.838817957438 2473.132872238813 0
279 2375.305823285061 2471.778596130395 0
280 2376.842826939518 2470.504316657401 0
281 2378.44547211696 2469.313645903444 0
282 2380.109215945509 2468.209958954138 0
283 2381.829342362525 2467.196384330051 0
284 2383.600975482793 2466.275795118579 0
285 2385.41909341975 2465.450800829859 0
286 2387.278542520574 2464.723739999836 0
287 2389.174051974764 2464.096673561425 0
288 2391.100248754833 2463.571379002573 0
289 2393.051672846733 2463.14934532778 0
290 2395.02279272686 2462.83176883735 0
291 2397.008021041759 2462.619549736347 0
292 2399.001730446083 2462.513289582871 0
293 2400.998269553917 2462.513289582871 0
294 2402.99197895824 2462.619549736347 0
295 2404.977207273139 2462.83176883735 0
296 2406.948327153267 2463.14934532778 0
297 2408.899751245166 2463.571379002573 0
298 2410.825948025235 2464.096673561425 0
299 2412.721457479426 2464.723739999836 0
300 2414.58090658025 2465.450800829859 0
301 2416.399024517207 2466.275795118579 0
302 2418.170657637474 2467.196384330051 0
303 2419.89078405449 2468.209958954137 0
304 2421.55452788304 2469.313645903444 0
305 2423.157173060482 2470.504316657401 0
306 2424.694176714939 2471.778596130395 0
307 2426.161182042562 2473.132872238813 0
308 2427.554030657365 2474.563306139889 0
309 2428.868774378621 2476.065843113319 0
310 2430.101686422411 2477.636224054806 0
311 2431.249271965594 2479.269997548955 0
312 2432.308278052268 2480.962532487294 0
313 2433.275702814622 2482.70903119565 0
314 2434.148803982059 2484.504543033686 0
315 2434.925106654463 2486.343978428019 0
316 2435.602410317564 2488.222123299177 0
317 2436.178795080544 2490.133653841468 0
318 2436.65262711817 2492.073151613889 0
319 2437.02256330205 2494.035118899285 0
320 2437.28755500788 2496.013994288224 0
321 2437.446851087879 2498.004168443418 0
322 2637.446851087879 2501.995831556582 0
323 2637.28755500788 2503.986005711776 0
324 2637.02256330205 2505.964881100715 0
325 2636.65262711817 2507.926848386111 0
326 2636.178795080544 2509.866346158532 0
327 2635.602410317564 2511.777876700823 0
328 2634.925106654463 2513.656021571981 0
329 2634.148803982059 2515.495456966314 0
330 2633.275702814622 2517.29096880435 0
331 2632.308278052268 2519.037467512706 0
332 2631.249271965594 2520.730002451045 0
333 2630.101686422411 2522.363775945194 0
334 2628.868774378621 2523.934156886681 0
335 2627.554030657365 2525.436693860111 0
336 2626.161182042562 2526.867127761187 0
337 2624.694176714939 2528.221403869605 0
338 2623.157173060482 2529.495683342599 0
339 2621.55452788304 2530.686354096556 0
340 2619.89078405449 2531.790041045863 0
341 2618.170657637475 2532.803615669949 0
342 2616.399024517207 2533.724204881421 0
343 2614.58090658025 2534.549199170141 0
344 2612.721457479426 2535.276260000164 0
345 2610.825948025236 2535.903326438575 0
346 2608.899751245167 2536.428620997427 0
347 2606.948327153267 2536.85065467222 0
348 2604.97720727314 2537.16823116265 0
349 2602.991978958241 2537.380450263653 0
350 2600.998269553917 2537.486710417129 0
351 2599.001730446083 2537.486710417129 0
352 2597.00802104176 2537.380450263653 0
353 2595.022792726861 2537.16823116265 0
354 2593.051672846733 2536.85065467222 0
355 2591.100248754834 2536.428620997427 0
356 2589.174051974765 2535.903326438575 0
357 2587.278542520574 2535.276260000164 0
358 2585.41909341975 2534.549199170141 0
359 2583.600975482793 2533.724204881421 0
360 2581.829342362526 2532.803615669949 0
361 2580.10921594551 2531.790041045863 0
362 2578.44547211696 2530.686354096556 0
363 2576.842826939518 2529.495683342599 0
364 2575.305823285061 2528.221403869605 0
365 2573.838817957438 2526.867127761187 0
366 2572.445969342635 2525.436693860111 0
367 2571.131225621379 2523.934156886681 0
368 2569.898313577589 2522.363775945194 0
369 2568.750728034406 2520.730002451045 0
370 2567.691721947732 2519.037467512707 0
371 2566.724297185379 2517.29096880435 0
372 2565.851196017941 2515.495456966315 0
373 2565.074893345537 2513.656021571981 0
374 2564.397589682436 2511.777876700824 0
375 2563.821204919456 2509.866346158532 0
376 2563.34737288183 2507.926848386111 0
377 2562.97743669795 2505.964881100716 0
378 2562.71244499212 2503.986005711777 0
379 2562.553148912121 2501.995831556582 0
380 2562.5 2500 0
381 2562.553148912121 2498.004168443419 0
382 2562.71244499212 2496.013994288224 0
383 2562.97743669795 2494.035118899285 0
384 2563.34737288183 2492.073151613889 0
385 2563.821204919456 2490.133653841468 0
386 2564.397589682435 2488.222123299177 0
387 2565.074893345537 2486.343978428019 0
388 2565.851196017941 2484.504543033686 0
389 2566.724297185378 2482.70903119565 0
390 2567.691721947732 2480.962532487294 0
391 2568.750728034406 2479.269997548955 0
392 2569.898313577589 2477.636224054806 0
393 2571.131225621378 2476.065843113319 0
394 2572.445969342635 2474.563306139889 0
395 2573.838817957438 2473.132872238813 0
396 2575.305823285061 2471.778596130395 0
397 2576.842826939518 2470.504316657401 0
398 2578.44547211696 2469.313645903444 0
399 2580.109215945509 2468.209958954138 0
400 2581.829342362525 2467.196384330051 0
401 2583.600975482793 2466.275795118579 0
402 2585.41909341975 2465.450800829859 0
403 2587.278542520574 2464.723739999836 0
404 2589.174051974764 2464.096673561425 0
405 2591.100248754833 2463.571379002573 0
406 2593.051672846733 2463.14934532778 0
407 2595.02279272686 2462.83176883735 0
408 2597.008021041759 2462.619549736347 0
409 2599.001730446083 2462.513289582871 0
410 2600.998269553917 2462.513289582871 0
411 2602.99197895824 2462.619549736347 0
412 2604.977207273139 2462.83176883735 0
413 2606.948327153267 2463.14934532778 0
414 2608.899751245166 2463.571379002573 0
415 2610.825948025235 2464.096673561425 0
416 2612.721457479426 2464.723739999836 0
417 2614.58090658025 2465.450800829859 0
418 2616.399024517207 2466.275795118579 0
419 2618.170657637474 2467.196384330051 0
420 2619.89078405449 2468.209958954137 0
421 2621.55452788304 2469.313645903444 0
422 2623.157173060482 2470.504316657401 0
423 2624.694176714939 2471.778596130395 0
424 2626.161182042562 2473.132872238813 0
425 2627.554030657365 2474.563306139889 0
426 2628.868774378621 2476.065843113319 0
427 2630.101686422411 2477.636224054806 0
428 2631.249271965594 2479.269997548955 0
429 2632.308278052268 2480.962532487294 0
430 2633.275702814622 2482.70903119565 0
431 2634.148803982059 2484.504543033686 0
432 2634.925106654463 2486.343978428019 0
433 2635.602410317564 2488.222123299177 0
434 2636.178795080544 2490.133653841468 0
435 2636.65262711817 2492.073151613889 0
436 2637.02256330205 2494.035118899285 0
437 2637.28755500788 2496.013994288224 0
438 2637.446851087879 2498.004168443418 0
439 2365.787722213909 2489.609002016625 0
440 2434.445045416273 2510.605385504451 0
441 2409.256697188335 2465.388669586636 0
442 2390.608638673545 2534.42817276679 0
443 2431.282696444298 2482.567136151358 0
444 2368.680144717009 2517.256242707277 0
445 2416.410572063885 2531.912592994958 0
446 2383.215932365345 2468.306202542179 0
447 2371.839738159424 2477.915176561263 0
448 2396.300237900042 2464.276818873624 0
449 2364.524236174284 2504.668261228502 0
450 2435.496995248772 2495.014423038673 0
451 2428.117880821549 2522.286478613671 0
452 2377.133017491328 2527.46683507488 0
453 2422.879676865511 2472.429943811582 0
454 2403.669154982878 2535.574296656461 0
455 2416.287162176565 2468.405122244303 0
456 2383.409283685659 2531.563827994733 0
457 2364.277803667792 2497.029434186009 0
458 2435.442554178022 2502.870688842197 0
459 2377.177883507423 2472.472540604367 0
460 2422.816129896122 2527.655059494122 0
461 2431.282099896063 2517.270366430138 0
462 2368.910193565992 2482.521779287454 0
463 2366.210170038899 2512.182794539733 0
464 2411.22650779036 2533.96253579002 0
465 2388.805910756985 2466.051599466333 0
466 2398.438663283152 2535.671279417123 0
467 2401.884477158543 2464.357635745216 0
468 2434.237641321531 2489.700903844487 0
469 2373.120699636174 2523.519747073234 0
470 2426.910167328877 2476.453176088678 0
471 2425.618814253197 2524.945668526603 0
472 2407.551097027065 2535.016643064938 0
473 2380.120129359683 2529.788507107012 0
474 2419.633367776224 2470.23018804512 0
475 2436.172536338083 2499.01601557211 0
476 2386.922505542215 2533.342687704334 0
477 2435.276181180869 2506.401802434635 0
478 2394.171173716627 2535.278871180839 0
479 2413.150426437954 2466.731206362818 0
480 2364.99504586718 2493.644882008815 0
481 2429.554441996875 2479.560463718716 0
482 2370.554210255059 2520.642007194393 0
483 2380.489397109894 2470.3538823515 0
484 2363.864502473885 2500.951923653259 0
485 2392.086990433902 2464.902723627343 0
486 2365.223304576437 2508.466230290373 0
487 2366.984527632148 2486.031611144796 0
488 2432.943957538148 2486.096558566179 0
489 2432.940327933185 2513.758385828431 0
490 2405.63975340585 2464.757810336292 0
491 2419.86865270939 2529.719861897131 0
492 2374.326548125267 2475.055195978165 0
493 2378.692479291048 2471.280184348369 0
494 2378.972219086083 2473.169569036947 0
495 2377.524935855355 2474.454941486323 0
496 2379.452677438938 2475.107736503071 0
497 2377.781380583199 2476.521105812357 0
498 2379.87715639321 2477.566593614887 0
499 2381.815416857394 2475.896934363148 0
500 2382.321657095692 2478.658021236279 0
501 2384.531395698794 2476.704865131959 0
502 2385.135088452888 2479.61126624517 0
503 2382.574027408092 2481.686990149931 0
504 2385.545472455346 2482.655137444847 0
505 2388.750335680609 2480.271463245479 0
506 2389.366977820312 2484.366157508387 0
507 2382.772847494169 2484.722803118756 0
508 2392.646224569746 2482.064115947299 0
509 2393.366839028504 2486.328344705525 0
510 2396.556213322265 2483.840084986973 0
511 2397.46878774723 2488.176537143386 0
512 2394.137862007687 2490.095877612157 0
513 2397.254044293889 2491.433187884138 0
514 2394.855821526347 2493.346692458665 0
515 2397.960348972935 2494.598729646041 0
516 2395.534495475575 2496.225742169795 0
517 2397.881086782782 2497.394766335873 0
518 2395.926110408272 2498.782431360857 0
519 2398.024154192466 2499.568166091142 0
520 2399.794796506862 2498.558205628748 0
521 2399.787329866873 2500.553832322833 0
522 2401.52837855772 2499.61043964469 0
523 2401.484858725571 2501.60517047492 0
524 2399.660770012006 2502.465017261661 0
525 2403.235907996457 2500.645207312409 0
526 2401.428597954467 2503.588945958045 0
527 2399.504902985887 2504.466399780861 0
528 2401.397756515692 2505.606445483219 0
529 2399.232854137213 2506.827722239173 0
530 2393.399168072913 2497.914336708631 0
531 2401.641513864715 2508.184751778871 0
532 2399.024043188642 2509.51385105595 0
533 2401.566428547475 2510.987544946776 0
534 2404.219163033947 2509.575831857104 0
535 2398.927235880243 2512.382958038927 0
536 2396.36690648252 2510.821528319113 0
537 2400.375351819534 2485.453736954543 0
538 2404.101337688831 2512.577030029911 0
539 2406.724361863226 2511.003494923957 0
540 2396.319531910471 2513.857634791998 0
541 2393.677244499954 2512.163156293541 0
542 2407.03791177358 2514.708147765867 0
543 2393.28032120306 2515.859085797317 0
544 2403.283565352995 2498.653624368024 0
545 2404.989287064321 2499.684810999842 0
546 2405.070744353557 2497.623809451351 0
547 2407.022818859239 2498.826013703828 0
548 2407.199580558371 2496.365301709096 0
549 2409.4415135257 2497.733718973515 0
550 2409.577171968678 2494.866909888784 0
551 2412.113460049154 2496.452937937491 0
552 2412.201869007694 2493.250038241277 0
553 2415.496718087564 2495.333796148218 0
554 2409.997770659446 2512.352967984984 0
555 2390.113810315871 2513.200559543728 0
556 2395.760378043645 2518.080530702495 0
557 2415.6323440099 2491.400105172318 0
558 2399.755589982972 2481.366031866047 0
559 2419.174354236811 2493.650034293439 0
560 2411.065595968654 2516.859505301486 0
561 2413.933875733909 2514.58259515391 0
562 2391.623609434665 2492.328256665415 0
563 2390.237636970018 2517.777572255105 0
564 2386.087092898191 2515.725944746709 0
565 2386.651703919159 2511.034199132068 0
566 2415.040286443384 2499.103718331161 0
567 2403.066564477149 2504.482009126527 0
568 2382.393747096108 2512.941948072857 0
569 2383.357011878658 2508.846592805663 0
570 2394.038540236915 2500.602307360267 0
571 2403.5143324972 2483.282097996006 0
572 2403.468655613277 2478.165996475044 0
573 2419.382210320625 2489.526447316935 0
574 2398.848689218881 2477.594002234813 0
575 2408.961206264465 2500.702558240121 0
576 2379.183855461028 2510.190184016484 0
577 2379.941027516821 2506.538352424503 0
578 2391.326161988058 2499.911326695335 0
579 2376.20675188819 2507.963012687117 0
580 2376.453781930587 2503.913263727579 0
581 2380.292966496857 2502.618353269559 0
582 2377.284590775032 2500.286681692599 0
583 2381.325704857853 2498.539045874611 0
584 2377.667029520336 2497.004191114294 0
585 2374.706119056165 2498.338138206265 0
586 2374.780830710422 2495.384316514613 0
587 2375.803838824242 2511.211311819735 0
588 2373.651882610414 2505.840355102083 0
589 2413.567983736878 2519.538473304717 0
590 2410.567734643767 2520.705160929911 0
591 2417.135606131474 2516.244403685821 0
592 2417.398046923242 2513.114026876769 0
593 2413.115502968047 2522.447754677865 0
594 2410.419919463774 2523.784299638243 0
595 2407.779006585976 2522.384796212435 0
596 2407.885124379499 2525.386819161034 0
597 2420.287818669087 2514.913572081487 0
598 2420.770279198153 2511.700862247839 0
599 2423.276534282018 2513.540438920701 0
600 2423.69156084681 2510.560349627568 0
601 2405.214698533611 2524.011187860216 0
602 2380.082331617768 2483.457269033805 0
603 2407.561959564219 2481.180217560857 0
604 2419.952247113909 2518.408375898652 0
605 2407.22685671217 2493.698804765111 0
606 2405.35531189997 2527.007441719476 0
607 2402.685603250653 2525.636721132229 0
608 2422.822269936441 2491.979477264239 0
609 2422.316852130834 2495.669690910777 0
610 2422.630593185944 2487.909209557514 0
611 2419.818079705676 2485.842767274585 0
612 2425.495561465132 2489.593939374681 0
613 2386.77338717393 2519.91192826416 0
614 2389.715832749372 2521.605685984601 0
615 2386.938011667016 2523.273954214189 0
616 2389.539314776773 2524.872660741689 0
617 2384.122731125549 2522.0303861289 0
618 2407.610992948411 2477.068499739965 0
619 2410.474160109397 2478.736442134304 0
620 2410.49273149951 2475.523838525223 0
621 2413.083833213906 2477.026633331642 0
622 2408.163276667241 2473.445907305749 0
623 2422.911337674142 2484.605685981903 0
624 2420.470698379795 2482.642068384617 0
625 2421.320737533064 2508.569037949704 0
626 2424.267830979205 2507.61595525142 0
627 2392.104321767561 2502.754553546539 0
628 2426.520200035496 2509.565777813467 0
629 2427.125667878037 2506.656106186068 0
630 2372.020576678241 2496.863517891339 0
631 2372.1170035591 2493.889535674728 0
632 2374.802835838712 2492.401927560009 0
633 2402.941871730334 2528.996488859485 0
634 2400.194476597563 2527.32262284046 0
635 2392.269142437175 2523.495138911082 0
636 2391.970526542681 2526.469631236851 0
637 2410.464784512219 2526.771754164537 0
638 2417.531711651776 2483.456107988793 0
639 2403.330637674802 2496.682115629431 0
640 2371.896586295304 2490.72178667692 0
641 2422.042653781034 2505.623717202621 0
642 2406.700839536346 2508.075394724236 0
643 2380.807730240436 2495.407000247207 0
644 2413.071660740155 2474.013988272403 0
645 2415.570727854195 2475.45181895411 0
646 2384.52044926682 2525.02378272891 0
647 2418.477178769389 2506.238036383445 0
648 2389.2548606875 2502.038726431082 0
649 2374.847850546277 2489.388783237738 0
650 2423.247267556158 2481.621737326239 0
651 2399.970402528558 2492.638247981348 0
652 2371.880428509737 2499.54209418326 0
653 2421.105734625652 2479.522319917239 0
654 2372.364537196088 2487.813235998305 0
655 2381.81019055735 2523.924573337099 0
656 2381.251051002972 2520.971006419252 0
657 2389.435405267313 2527.876109223202 0
658 2412.432528231621 2488.843256663582 0
659 2425.538122048672 2483.284306350236 0
660 2400.203962328409 2530.271801165266 0
661 2378.904202053308 2523.172087454757 0
662 2378.507000748853 2520.040254153543 0
663 2388.455664017457 2499.159831545999 0
664 2404.794776516891 2520.591243850735 0
665 2397.404874343993 2505.464263322051 0
666 2383.728472094298 2473.660522028673 0
667 2386.760170240837 2474.67582048775 0
668 2393.852237239811 2508.710994181266 0
669 2390.091789638819 2504.914881345531 0
670 2378.017399534923 2513.408761971428 0
671 2375.226748026202 2514.317358537131 0
672 2372.940050459001 2512.143631227432 0
673 2391.713731918195 2529.473932172287 0
674 2405.872325577351 2529.839262166706 0
675 2403.543734917973 2486.974206839439 0
676 2405.016301239893 2501.684069061369 0
677 2399.929791332683 2524.240208371755 0
678 2429.353216014811 2508.572344281244 0
679 2429.921732579021 2505.74802978251 0
680 2427.716878442416 2503.727774515167 0
681 2430.709245893942 2502.704273975568 0
682 2428.343869992009 2500.763753506716 0
683 2369.3691282337 2498.292402340654 0
684 2369.08885042718 2500.953073228407 0
685 2428.624335824036 2511.565033479912 0
686 2397.632700610323 2528.911606187005 0
687 2431.165112937126 2499.826841495627 0
688 2428.964094172205 2497.897965463584 0
689 2426.172280496829 2492.704953475131 0
690 2428.256264900603 2490.713062582044 0
691 2386.312210057771 2471.76610373515 0
692 2388.964525799118 2472.69215579327 0
693 2399.836169600423 2496.432752332912 0
694 2369.805260355598 2492.517507246929 0
695 2377.667074429421 2479.190688011791 0
696 2374.97573838853 2486.447848924232 0
697 2377.499236245566 2488.042613166735 0
698 2427.828261729175 2487.932478581879 0
699 2403.639676573954 2475.049982443549 0
700 2399.971430733118 2473.293946397882 0
701 2413.42722178137 2480.232725616552 0
702 2415.832294650349 2521.527011020326 0
703 2415.393504401153 2524.304704173046 0
704 2418.186581833465 2523.345794530137 0
705 2372.19981104213 2484.777567645783 0
706 2415.577831713486 2472.285805669526 0
707 2418.069098565811 2473.700075282709 0
708 2413.296923161872 2471.294368892239 0
709 2386.436279098121 2501.549118037402 0
710 2372.070724183608 2515.237548797297 0
711 2374.411145671776 2517.172551594574 0
712 2417.708594981443 2526.461551004364 0
713 2394.746821222713 2525.054640070615 0
714 2374.958698304589 2483.470786702924 0
715 2431.467835806261 2496.826569767653 0
716 2429.649283887422 2495.31133904626 0
717 2431.955424988218 2494.582971979619 0
718 2425.478999461956 2501.723891566434 0
719 2391.926097332091 2477.771251602067 0
720 2372.619762227275 2482.231825334679 0
721 2417.988136644266 2476.497781044118 0
722 2420.048450868122 2475.123894264198 0
723 2422.961557726255 2516.719264735495 0
724 2422.855499483623 2519.749667002238 0
725 2425.711357978415 2518.634420082446 0
726 2397.932662634367 2531.930521547398 0
727 2400.37663412862 2532.76861390432 0
728 2414.985455661204 2527.143134855189 0
729 2423.908169405857 2478.997789968613 0
730 2370.427235537203 2513.268050808153 0
731 2370.889913712582 2510.489916648685 0
732 2375.824737346993 2477.879318241332 0
733 2388.199142226206 2470.048294574795 0
734 2390.903596701482 2470.306955181968 0
735 2430.449978132614 2488.963287496445 0
736 2420.078030299136 2473.252086328463 0
737 2395.509930310447 2530.514917228284 0
738 2374.928767942994 2480.370049066655 0
739 2382.206341525867 2526.896628876656 0
740 2384.767885795789 2527.684232175455 0
741 2380.027072422446 2525.714773209565 0
742 2376.564201470887 2522.000860908624 0
743 2376.717089439491 2524.247026504911 0
744 2385.306263925289 2498.610897180205 0
745 2387.890716776642 2496.1517734333 0
746 2391.821794249836 2473.278596780127 0
747 2393.653292073951 2471.23732172821 0
748 2393.090974493609 2468.699677925649 0
749 2395.317107755208 2469.17154356471 0
750 2394.670943160423 2473.884932435788 0
751 2429.905556299811 2486.604227034934 0
752 2430.478390123549 2491.585652991703 0
753 2380.753420346491 2518.04717616326 0
754 2420.406981591345 2525.302046243002 0
755 2388.990936480619 2530.733609366008 0
756 2425.886277206045 2515.318007872806 0
757 2395.241849610059 2521.829491679502 0
758 2401.073563615401 2488.780822231892 0
759 2404.190591111806 2489.977307598078 0
760 2406.195418410931 2488.18528764469 0
761 2427.788864718811 2517.173243515423 0
762 2432.166867387753 2507.695795165878 0
763 2432.462324888287 2505.032247641571 0
764 2431.40218206157 2510.2305281227 0
765 2420.675226015539 2522.6722134548 0
766 2422.505166841152 2524.00691209219 0
767 2394.666187651776 2466.872627919043 0
768 2397.03721825547 2467.323030028041 0
769 2397.753079138165 2469.743085094975 0
770 2399.26306533573 2467.925943093935 0
771 2398.717219690857 2465.920436289774 0
772 2402.237857550194 2531.57877437171 0
773 2404.953817555419 2532.721216274689 0
774 2402.213910585469 2533.801598569647 0
775 2400.414916784059 2534.831065354894 0
776 2419.459112381572 2502.189681125397 0
777 2404.469580594145 2516.718695298144 0
778 2425.672525100899 2480.791598511249 0
779 2427.659067443164 2482.261375436937 0
780 2427.665529744043 2484.40051223527 0
781 2392.870608819916 2505.596858915645 0
782 2391.073354562319 2532.150137521311 0
783 2385.958795671208 2469.488761500042 0
784 2424.931284678808 2521.14015198224 0
785 2373.558076756397 2503.187669796708 0
786 2371.006187618777 2504.570797248316 0
787 2377.828418983579 2516.890828001836 0
788 2400.652913021082 2466.210286856566 0
789 2401.384050179364 2468.177210750067 0
790 2402.652633455105 2466.501565975568 0
791 2403.582967968389 2468.348388954641 0
792 2402.51220210871 2469.916637848395 0
793 2404.614104490739 2470.418770815304 0
794 2405.931460380697 2468.164360106553 0
795 2427.88300870147 2519.156002340634 0
796 2395.608442400814 2532.706337603429 0
797 2407.043257411634 2470.643435576433 0
798 2408.417608645774 2468.518694210844 0
799 2409.602891641196 2470.610711651322 0
800 2407.643049263301 2466.686621082188 0
801 2410.719912643903 2468.409908366431 0
802 2433.174459527875 2502.764242598814 0
803 2366.804501950302 2499.554366545413 0
804 2366.88476565754 2502.040614704192 0
805 2367.176793773711 2496.966410820083 0
806 2369.341252032578 2495.175257870444 0
807 2406.721614345515 2485.3318786288 0
808 2410.499847270753 2484.462575160071 0
809 2370.173254411922 2486.513585216939 0
810 2370.077687385787 2488.766017134554 0
811 2426.107436387798 2478.57541072199 0
812 2424.784186710889 2476.879073652572 0
813 2422.653716806457 2477.168727758281 0
814 2423.502345472237 2475.363137524513 0
815 2415.168502399128 2503.557094442098 0
816 2414.492659047101 2507.372639154532 0
817 2411.259276687791 2505.11531377595 0
818 2390.877801161833 2507.765180881238 0
819 2383.128739475943 2529.310790873476 0
820 2416.563388392412 2487.234251676422 0
821 2371.732958080229 2517.861909494964 0
822 2373.569607273213 2519.585988494809 0
823 2387.425773991488 2467.88652245592 0
824 2389.554924456469 2468.116790831602 0
825 2375.893303650431 2519.493818143406 0
826 2389.40344037407 2532.788562483598 0
827 2392.592869747594 2533.706978139613 0
828 2367.001411784476 2494.576360421266 0
829 2366.913162342826 2491.900282243178 0
830 2387.428165361576 2507.323596198215 0
831 2384.345484571627 2504.716026748994 0
832 2416.803471235631 2528.908547653138 0
833 2414.751097853543 2529.518824397097 0
834 2432.345189638983 2490.515576734567 0
835 2432.461263733412 2488.380536881759 0
836 2433.918339592159 2491.793868634919 0
837 2390.740645078423 2497.014807374956 0
838 2433.580734041653 2500.123472373809 0
839 2370.770797747504 2507.580234055296 0
840 2368.61904390968 2505.969243422512 0
841 2368.528076495231 2508.226971777136 0
842 2366.776888491594 2507.131055879211 0
843 2368.444416384867 2510.530075202164 0
844 2390.813012324425 2466.445529019456 0
845 2427.019076512786 2495.624871988992 0
846 2384.047474382904 2470.840219420072 0
847 2381.909863421008 2472.140831699375 0
848 2417.696519214634 2471.474247866177 0
849 2389.832957561943 2488.617684078023 0
850 2387.957441204526 2492.464017276011 0
851 2386.180924366859 2489.370515623723 0
852 2383.201824703857 2491.865460382343 0
853 2395.918314075153 2479.876735517518 0
854 2385.125200471431 2530.236869102818 0
855 2380.336595535025 2527.746235502245 0
856 2409.706696573141 2491.491454908229 0
857 2430.976040098271 2512.683752361347 0
858 2429.22111586139 2513.945970732322 0
859 2430.997222913824 2514.635368026558 0
860 2425.760654604901 2486.291105661061 0
861 2404.609547428327 2466.587948735611 0
862 2432.821111177693 2511.482404179408 0
863 2395.072555612511 2503.473533174724 0
864 2433.69308591923 2495.86117770819 0
865 2433.49900523911 2497.872979658775 0
866 2433.864980530636 2493.892227491176 0
867 2415.016351344337 2470.127442028843 0
868 2413.258481855387 2468.981488794897 0
869 2429.432252447169 2483.395483094357 0
870 2366.421651031172 2505.253984741861 0
871 2426.25752510223 2498.761239840855 0
872 2422.896448813041 2499.464159069082 0
873 2387.229827589096 2529.066801759845 0
874 2386.923449664931 2531.193109492317 0
875 2419.615167544379 2527.46091594959 0
876 2389.69091818824 2475.619135642669 0
877 2387.410217369623 2477.385356769959 0
878 2397.106666552423 2534.080681091418 0
879 2369.913752868762 2515.320016592661 0
880 2368.643841887122 2514.165863686217 0
881 2368.352306428422 2487.38379849619 0
882 2367.888280281039 2489.38434749582 0
883 2377.443276630849 2490.993187472662 0
884 2380.162284693609 2489.692459118924 0
885 2403.188378983285 2502.61398870121 0
886 2408.069366557488 2528.353109136207 0
887 2410.545019439867 2530.128201147507 0
888 2404.949064179322 2503.958496127928 0
889 2429.395692871731 2481.455047872902 0
890 2431.015306995387 2484.991534353777 0
891 2429.463964534005 2518.2204113396 0
892 2396.44190350965 2501.064019927403 0
893 2397.509864875807 2503.047818406756 0
894 2425.529829185959 2475.019920108723 0
895 2408.140655819705 2531.046133089545 0
896 2393.311783052303 2531.747027148452 0
897 2392.750860168888 2519.774584221684 0
898 2398.567704927558 2520.6184381688 0
899 2399.909021673862 2464.358141584518 0
900 2412.182413211569 2501.832773160055 0
901 2380.886772912852 2473.824087334783 0
902 2377.385733816079 2493.946630456123 0
903 2416.095149040815 2478.550984522972 0
904 2421.858408073062 2474.080938030841 0
905 2383.500554378586 2519.083746922728 0
906 2401.593874570627 2497.652730446103 0
907 2397.572201761263 2525.88870438976 0
908 2374.900037433185 2523.60692110899 0
909 2374.260027350162 2521.666887074251 0
910 2368.256662894819 2503.554383599373 0
911 2375.196230821435 2525.393414844423 0
912 2403.781141521485 2464.691510231312 0
913 2372.068283561802 2521.595102889125 0
914 2404.127874209897 2506.461514308146 0
915 2418.252921963312 2480.694012000253 0
916 2434.249730664663 2504.453551352898 0
917 2407.064394414745 2502.692991045763 0
918 2428.099058486691 2478.096977727383 0
919 2419.226176308764 2497.808002298089 0
920 2421.17111111335 2471.555379820311 0
921 2422.824698421617 2521.926832115888 0
922 2424.778633798589 2523.252738646505 0
923 2370.775965402738 2483.043791411821 0
924 2370.675143478293 2481.278366943802 0
925 2372.395945673436 2479.87401743038 0
926 2414.763778275613 2532.698070117186 0
927 2385.278512155344 2467.576927979723 0
928 2364.520880817835 2499.219940100276 0
929 2405.545749007902 2535.386674358329 0
930 2385.233418044463 2532.434983057627 0
931 2366.414219930582 2487.829143480104 0
932 2435.548486411637 2500.655442682484 0
933 2417.958336944793 2530.58002432726 0
934 2418.204542225691 2469.105270349152 0
935 2426.89879364404 2523.686985692976 0
936 2365.454688302732 2491.575897743164 0
937 2364.217266085669 2502.653012361889 0
938 2381.606507664335 2468.933855712837 0
939 2367.751293002501 2484.31846388789 0
940 2424.259705258073 2526.408117605683 0
941 2434.43754553673 2508.323913171231 0
942 2411.236175532876 2466.357835453891 0
943 2364.193468189757 2495.290705630726 0
944 2373.013336040122 2476.386240321317 0
945 2373.769772801246 2478.185018788387 0
946 2396.198749638547 2535.670895692261 0
947 2369.951093440328 2518.841556328293 0
948 2364.878481642211 2506.568543604462 0
949 2378.61348665257 2528.746654948459 0
950 2421.385318359621 2528.784680587139 0
951 2413.014538973027 2533.337631304052 0
952 2413.183232817684 2531.143343238314 0
953 2365.602062830232 2510.374490972503 0
954 2435.417182706372 2497.252164137937 0
955 2381.669343995873 2530.680964075076 0
956 2409.374436747159 2534.521762406819 0
957 2409.745082098169 2532.642728394404 0
958 2414.722451897861 2467.433204220311 0
959 2375.7046900148 2473.801843605954 0
960 2394.292638496134 2464.976630084271 0
961 2373.377205873655 2509.204743590058 0
962 2420.472086961088 2477.348123422971 0
963 2380.407525588942 2515.48062488174 0
964 2382.832308349965 2516.186592831024 0
965 2387.069294193894 2526.46117308264 0
966 2427.693225228355 2480.16624308505 0
967 2376.007670084497 2475.823056783337 0
968 2398.073722576791 2464.165055265333 0
969 2411.071183897795 2508.707651618342 0
970 2425.86118933107 2512.36938281613 0
971 2411.539204128491 2532.20480107914 0
972 2391.460953676548 2510.535311708642 0
973 2401.670831170547 2495.797096755615 0
974 2403.288455805892 2494.681025424109 0
975 2394.326252899822 2527.994081464101 0
976 2380.005461940518 2480.38316515783 0
977 2429.36061995532 2520.595925120873 0
978 2390.188305974244 2494.601301262931 0
979 2412.826760126618 2525.447415631892 0
980 2424.388001164432 2473.581954657621 0
981 2415.97809217443 2481.454131154178 0
982 2412.792725068522 2528.358778905756 0
983 2407.967231984208 2533.189779336094 0
984 2407.38423542262 2464.942111623054 0
985 2383.46773896236 2500.903439019383 0
986 2396.853851789243 2507.889231727658 0
987 2377.525037468296 2484.954978521891 0
988 2367.742052460833 2515.601326880158 0
989 2392.723674260361 2495.238522773399 0
990 2429.491567828844 2516.005749098169 0
991 2411.054748457244 2472.485469407603 0
992 2366.927820123449 2509.264689117195 0
993 2411.825476734098 2499.146988506137 0
994 2398.228924485317 2501.374780834397 0
995 2401.802561790004 2535.890742575661 0
996 2397.211673770855 2523.526296536086 0
997 2369.544644402381 2484.472424325224 0
998 2377.527895283931 2481.971156082483 0
999 2432.528831507951 2515.690109211158 0
1000 2396.360705513067 2472.023305828602 0
1001 2397.698598080659 2474.47567614011 0
1002 2422.552456142747 2525.90535433975 0
1003 2418.588327146431 2520.903065702692 0
1004 2384.414946951434 2495.506365732279 0
1005 2402.626906999902 2472.466878794408 0
1006 2413.921503321586 2483.881040554292 0
1007 2401.624141171631 2514.51547846473 0
1008 2398.84237894037 2516.421107375569 0
1009 2409.529677001554 2467.115668465478 0
1010 2406.895892799759 2505.181249798344 0
1011 2392.693976257703 2466.648434019271 0
1012 2405.118110604889 2495.255673215311 0
1013 2365.77788586569 2498.027239375464 0
1014 2428.679336420848 2493.238518920539 0
1015 2417.597861221922 2509.688643146849 0
1016 2406.23075182983 2531.960648761607 0
1017 2416.743348337266 2470.030880994788 0
1018 2370.456789646752 2479.448414900412 0
1019 2380.134148242984 2486.494864411574 0
1020 2426.982860658979 2520.779298159833 0
1021 2408.813139046521 2488.206428629564 0
1022 2422.622641667329 2502.669702758798 0
1023 2406.697835576287 2500.721323172732 0
1024 2402.174642711678 2522.361567245033 0
1025 2400.284984452737 2470.468347056708 0
1026 2400.116079598782 2494.594985185093 0
1027 2424.88320402859 2504.675386420735 0
1028 2409.053257518663 2506.800391788156 0
1029 2405.521048919583 2472.815718343062 0
1030 2432.9400454983 2509.366254848295 0
1031 2404.908757016295 2492.758866319544 0
1032 2433.718529931661 2506.381461953242 0
1033 2406.197557775886 2533.766090952091 0
1034 2413.80943280343 2511.017611783394 0
1035 2407.619101013835 2518.66125822643 0
1036 2435.840410648417 2504.752211160878 0
1037 2368.489771010557 2512.371853579885 0
1038 2380.182229783753 2472.078164897342 0
1039 2379.869893970363 2492.479669940507 0
1040 2398.853908676524 2533.85643226303 0
1041 2378.820414211059 2527.052786020279 0
1042 2378.031308888921 2525.612353186229 0
1043 2432.177174579574 2492.643588545181 0
1044 2434.034075913024 2487.748820203924 0
1045 2435.379006292435 2493.030040078517 0
1046 2392.304920747866 2535.338659551378 0
1047 2386.830344768605 2466.318769259805 0
1048 2427.911210681422 2515.22193208021 0
1049 2432.533293554903 2484.17376066013 0
1050 2404.359903829374 2533.957789986173 0
1051 2388.596054099887 2534.164583839694 0
1052 2365.910395325752 2503.312069756258 0
1053 2406.840243145144 2490.719691644203 0
1054 2391.354941789491 2468.029174008238 0
1055 2370.303989828826 2516.910107382358 0
1056 2371.680565006959 2519.633268501744 0
1057 2374.588412879625 2476.665766022508 0
1058 2418.561576189119 2528.702450052792 0
1059 2419.308095829226 2471.860896324773 0
1060 2366.898300211188 2513.959988962167 0
1061 2365.783074928348 2495.828265422197 0
1062 2376.551253519746 2525.97728233223 0
1063 2395.926325216687 2465.768299150213 0
1064 2409.416449883993 2503.26066644944 0
1065 2401.776892971796 2518.690283358395 0
1066 2431.614052196252 2487.008492818776 0
1067 2382.450948413475 2470.441005215892 0
1068 2434.272585214199 2501.578136592264 0
1069 2365.36705205183 2501.288654520215 0
1070 2429.296093307217 2485.125275704464 0
1071 2421.310171301812 2527.069814401331 0
1072 2427.405797784 2513.679100763719 0
1073 2387.3617746839 2504.150158987261 0
1074 2421.742742519084 2475.752426864094 0
1075 2411.749338120916 2469.898205539767 0
1076 2416.113975638596 2530.363047004895 0
1077 2399.329462549796 2490.316052051742 0
1078 2394.167606075825 2533.706388232602 0
1079 2402.305798415852 2492.016268142636 0
1080 2392.777364591111 2475.435768585712 0
1081 2395.210825561095 2506.226976264269 0
1082 2411.017733748737 2481.484235620448 0
1083 2368.561205175475 2485.743976614207 0
1084 2416.661809920554 2518.958184662245 0
1085 2395.306667743053 2476.506394419335 0
1086 2381.419353145916 2528.829001759423 0
1087 2404.226249143023 2531.2145962952 0
1088 2408.60485783865 2509.426850671457 0
1089 2383.086659805107 2487.99772572832 0
1090 2389.444392142641 2477.761801815044 0
1091 2390.42687401031 2464.956340071191 0
1092 2400 2536.346856521893 0
1093 2374.540947711039 2500.843808930817 0
1094 2369.180868957362 2480.716706863267 0
1095 2435.318531962826 2491.37145079316 0
1096 2389.147901512161 2509.804386471807 0
1097 2430.799343878017 2519.249603702925 0
1098 2371.350471813377 2502.043859159527 0
1099 2424.061314146079 2524.882091879008 0
1100 2414.784699982622 2517.156113966313 0
1101 2430.5007226039 2493.491233439101 0
1102 2415.044531329864 2531.127175550489 0
1103 2369.581313827873 2490.505742189232 0
1104 2366.409743437101 2493.045019539734 0
1105 2367.951597462369 2493.058913285582 0
1106 2388.007872972749 2532.259812237885 0
1107 2393.715424545192 2529.932489503281 0
1108 2434.232990411685 2512.330097254996 0
1109 2405.680730144493 2475.309220861473 0
1110 2420.745996873652 2520.478702030017 0
1111 2401.106761038147 2475.415996059409 0
1112 2366.894125538369 2490.647701298694 0
1113 2432.392821777143 2501.287263277427 0
1114 2430.841607099341 2480.705605571025 0
1115 2426.341890720393 2522.229130619045 0
1116 2373.811309781742 2524.879020212076 0
1117 2412.13981655187 2468.004682103895 0
1118 2386.067929329162 2485.840251714601 0
1119 2428.13806406565 2486.139544901358 0
1120 2375.539342829905 2526.786282654543 0
1121 2384.418406791759 2469.316584587928 0
1122 2418.782805847026 2478.522644181511 0
1123 2397.271874875911 2465.442561843694 0
1124 2403.586199054114 2532.554418497099 0
1125 2401.470313503926 2493.94552469776 0
1126 2398.433873038012 2471.93054505041 0
1127 2369.658301085046 2509.206799420821 0
1128 2434.695206420594 2498.983550705351 0
1129 2368.172289968012 2491.335748959906 0
1130 2395.450527676847 2534.28863476011 0
1131 2406.083025555494 2466.16462296096 0
1132 2414.821111818537 2468.736814322089 0
1133 2367.134848077601 2510.944780682296 0
1134 2424.690129194094 2496.850909522798 0
1135 2424.604121654197 2494.565980632387 0
1136 2565.965141141685 2489.702238904237 0
1137 2634.287069791414 2510.454492678787 0
1138 2609.407931202766 2465.502161626227 0
1139 2590.628301761678 2534.635822423187 0
1140 2631.172537194389 2482.640989561998 0
1141 2568.649216618449 2517.256502137027 0
1142 2616.487587433756 2531.729630987347 0
1143 2583.417377154614 2468.241808622668 0
1144 2571.885547200884 2477.865039119114 0
1145 2596.177179418153 2464.608567994616 0
1146 2564.464382017533 2504.628498421827 0
1147 2635.601525418299 2495.235078228588 0
1148 2628.124299073451 2522.204755819034 0
1149 2577.236978531257 2527.477103611805 0
1150 2622.887666569482 2472.65741087177 0
1151 2603.962274389132 2535.745590175889 0
1152 2616.456665881701 2468.334957829144 0
1153 2583.493090245548 2531.723461827349 0
1154 2635.660921125902 2502.936185683452 0
1155 2577.104630795508 2472.276221834863 0
1156 2564.251252177109 2497.369471835544 0
1157 2622.822116492577 2527.527459395633 0
1158 2630.99256403673 2516.914900639631 0
1159 2568.594014808395 2482.380397581218 0
1160 2566.404039722853 2511.85032417467 0
1161 2611.168382987008 2534.115479016434 0
1162 2588.45878583491 2465.814754869872 0
1163 2598.092999012826 2535.746431169571 0
1164 2601.670370886875 2464.105372648385 0
1165 2634.259802579655 2489.754163063807 0
1166 2573.12086025825 2523.508296003758 0
1167 2626.623739120081 2476.454222249822 0
1168 2625.594965470596 2525.110571736974 0
1169 2564.541710330891 2500.591984078728 0
1170 2607.525508494791 2534.93843850139 0
1171 2580.161737047625 2529.810793525873 0
1172 2619.83005221917 2470.175099101134 0
1173 2633.143262999765 2486.049010112975 0
1174 2635.780473964686 2499.076266935012 0
1175 2587.0522907749 2533.388174922758 0
1176 2594.312262095154 2535.30240302734 0
1177 2613.154454916926 2466.750424311361 0
1178 2564.436843154869 2493.315504080865 0
1179 2629.42058409549 2479.342996441691 0
1180 2570.745862229187 2520.508436525277 0
1181 2580.199827483439 2470.192066271251 0
1182 2592.441452684406 2465.050345002319 0
1183 2565.277726332346 2508.531692195302 0
1184 2566.874170728581 2486.286084869797 0
1185 2632.870599315385 2513.610952911908 0
1186 2605.687737904845 2464.69759697266 0
1187 2619.820420770627 2529.808057624194 0
1188 2574.407212319667 2474.918703399854 0
1189 2635.520177894101 2506.708002867689 0
1190 2614.743321900516 2532.640332567628 0
1191 2614.808213462597 2530.687823511854 0
1192 2616.555268393135 2529.72179178277 0
1193 2614.796742912343 2528.684502179402 0
1194 2616.747416707868 2527.647397413763 0
1195 2614.921004119027 2526.182405103393 0
1196 2612.663464611531 2527.412325770799 0
1197 2612.764159070005 2524.598667060114 0
1198 2610.342755186893 2526.047624539035 0
1199 2610.394252364596 2523.079135376191 0
1200 2613.189764566239 2521.584576386629 0
1201 2610.470337977149 2520.008830430388 0
1202 2607.111847220126 2521.711140174391 0
1203 2607.137278170776 2517.53668759479 0
1204 2613.614784674794 2518.573887661821 0
1205 2603.592717154302 2519.20580757554 0
1206 2603.590059091669 2514.848911617965 0
1207 2600.089808089673 2516.560867939847 0
1208 2599.974740837189 2512.091346962393 0
1209 2603.635570076582 2510.933485973877 0
1210 2600.903249083548 2508.882534260517 0
1211 2603.621543874076 2507.590355286581 0
1212 2601.078456017996 2505.997909145694 0
1213 2603.163213111864 2504.619315578091 0
1214 2601.469483029104 2502.681661274849 0
1215 2603.648723571609 2501.996839976139 0
1216 2601.845702985333 2500.755636068971 0
1217 2600.002970100964 2501.284804695373 0
1218 2600.34376179982 2499.461656215757 0
1219 2598.486967968659 2499.988041943457 0
1220 2598.901663095123 2498.09862360942 0
1221 2600.858041466569 2497.65229360416 0
1222 2596.986401593341 2498.67064963144 0
1223 2599.365504164437 2496.1853876898 0
1224 2601.429461294651 2495.736700440629 0
1225 2599.818933198904 2494.224779740389 0
1226 2602.193311555591 2493.488309080701 0
1227 2605.930917406474 2503.422510193425 0
1228 2600.125732880386 2491.653139465202 0
1229 2602.965012716084 2490.907349662853 0
1230 2600.791557875013 2488.929595668811 0
1231 2597.900349236575 2489.748676102203 0
1232 2603.666075577765 2488.123600988531 0
1233 2605.838490393187 2490.190958057739 0
1234 2596.578683165914 2514.109848259231 0
1235 2598.649908144655 2486.840209942693 0
1236 2595.75353570099 2487.823729778617 0
1237 2606.526568446121 2487.233482136694 0
1238 2608.750964661943 2489.448206793399 0
1239 2596.230169047691 2484.136512513267 0
1240 2609.920172894477 2485.919697565622 0
1241 2596.532379280322 2500.477224060706 0
1242 2595.063353603473 2499.226860337666 0
1243 2594.545258583139 2501.21082042063 0
1244 2592.889418048569 2499.651895159555 0
1245 2592.182824343669 2502.110902876944 0
1246 2590.291069605474 2500.230822444757 0
1247 2589.554193597911 2502.99265193725 0
1248 2587.410475800585 2500.906335517366 0
1249 2586.595720014108 2503.887870009069 0
1250 2583.858549592634 2501.263309466811 0
1251 2612.453164649373 2489.187496323129 0
1252 2592.839348301016 2485.812811442317 0
1253 2607.965731580753 2483.224209214939 0
1254 2583.010672250054 2504.972485253202 0
1255 2596.46090781153 2518.133116296458 0
1256 2579.933164660829 2502.12828732156 0
1257 2593.758864456667 2481.504161115283 0
1258 2589.873391983271 2482.57131688995 0
1259 2606.565348616854 2509.271346200272 0
1260 2613.299636583189 2484.687734525231 0
1261 2616.922714084573 2487.570354995622 0
1262 2615.379107821218 2492.036734174033 0
1263 2585.109491410069 2497.695190656097 0
1264 2597.950784300267 2494.970093925586 0
1265 2619.94411421722 2491.072151999236 0
1266 2618.136929008905 2494.871348688945 0
1267 2605.928131259442 2500.66050332344 0
1268 2579.07668462849 2506.393118026961 0
1269 2582.450221634609 2509.041578747057 0
1270 2588.687018886892 2505.871009751842 0
1271 2603.843771227137 2522.840975562081 0
1272 2591.38979502613 2497.419091100087 0
1273 2622.499798070239 2494.440250842055 0
1274 2620.98780179223 2497.8495104052 0
1275 2608.487920071309 2501.933610709068 0
1276 2590.511480310812 2478.407705403976 0
1277 2594.156669720263 2477.64461752873 0
1278 2586.840880566982 2479.859241818023 0
1279 2585.897723854472 2483.45093621294 0
1280 2591.915915060074 2475.462772782465 0
1281 2594.829371760252 2474.553839076947 0
1282 2597.144387354717 2476.496516074415 0
1283 2597.669857382567 2473.531122041763 0
1284 2624.938843873354 2497.24640361649 0
1285 2623.84134931234 2501.152424119112 0
1286 2619.815195733172 2501.606537084037 0
1287 2622.262717505988 2504.521439140521 0
1288 2617.943499058413 2505.375363016029 0
1289 2621.195059109393 2507.648915653536 0
1290 2624.371036270101 2506.970996266263 0
1291 2623.673626267046 2509.842278855125 0
1292 2626.019286460767 2494.156673853812 0
1293 2626.987288836393 2499.861151306851 0
1294 2583.318758277528 2480.946325783035 0
1295 2582.193455582995 2484.132673026225 0
1296 2580.127950148335 2481.810039352398 0
1297 2579.078006265433 2484.660023133205 0
1298 2599.983072204199 2475.434237271005 0
1299 2617.427766116473 2525.060495446695 0
1300 2584.389816830603 2477.790032653369 0
1301 2575.989025540795 2503.173563205934 0
1302 2577.272080980853 2499.515064028193 0
1303 2575.246561061445 2506.871755335688 0
1304 2600.547483601348 2472.485043007272 0
1305 2602.807117663166 2474.378121718821 0
1306 2617.136771860254 2483.333889919982 0
1307 2614.61884652267 2481.056423531641 0
1308 2617.686541179876 2480.01303561777 0
1309 2615.481957481752 2477.90058416383 0
1310 2620.175337240385 2481.823604666007 0
1311 2572.994257360605 2504.690500744645 0
1312 2580.976214861311 2487.109316574357 0
1313 2577.89138267526 2487.423222688019 0
1314 2608.300008818258 2498.977114882669 0
1315 2594.518983309101 2503.61061137936 0
1316 2592.941502129666 2515.597727877655 0
1317 2592.628652163557 2520.08171259932 0
1318 2576.101590143234 2485.042235192215 0
1319 2574.894506567149 2487.759512617927 0
1320 2626.684185382745 2508.979972154501 0
1321 2625.961289258946 2511.866369487213 0
1322 2623.021693178147 2512.752624427369 0
1323 2625.503820643322 2515.010608833869 0
1324 2592.618331264548 2472.522893006776 0
1325 2589.830219474583 2473.294469131423 0
1326 2571.814359141343 2507.812866014653 0
1327 2574.100822903368 2509.922741741856 0
1328 2603.369487896813 2471.430214857735 0
1329 2605.605978665802 2473.319601456439 0
1330 2612.522630493675 2478.669940538603 0
1331 2613.44325467308 2475.825783867494 0
1332 2579.783775494086 2490.134424770048 0
1333 2595.15757579698 2490.690639134553 0
1334 2617.787709183222 2508.546125862997 0
1335 2620.938664888589 2478.790369077692 0
1336 2622.340219614453 2515.688412968078 0
1337 2583.282857700087 2490.044176861898 0
1338 2623.302714118853 2480.606260802785 0
1339 2622.824947736287 2483.487473711962 0
1340 2610.938171394112 2500.280987307989 0
1341 2598.041788947698 2470.474723683291 0
1342 2627.387371161896 2506.391547494447 0
1343 2616.218395808072 2474.986968102313 0
1344 2588.531668122181 2517.183449196109 0
1345 2588.523201036855 2521.396916366163 0
1346 2591.156026995962 2523.584527703518 0
1347 2588.066155190413 2524.687173740816 0
1348 2585.493040034867 2522.994691685709 0
1349 2590.363031840624 2526.692220819509 0
1350 2593.267310159773 2525.803688222949 0
1351 2592.708321030756 2529.155857663848 0
1352 2595.509653784391 2528.015671156318 0
1353 2596.186357730439 2525.041390664175 0
1354 2585.389725322877 2525.989482798188 0
1355 2582.580660739684 2524.702592103276 0
1356 2582.785506643811 2521.503425545659 0
1357 2580.214431255885 2522.944679862207 0
1358 2580.144819050982 2520.113246532811 0
1359 2598.281786387757 2527.139538420066 0
1360 2606.00262565079 2470.082083783651 0
1361 2611.11149441971 2503.264080886026 0
1362 2624.434924875497 2517.753041078878 0
1363 2621.594017262567 2518.535653540123 0
1364 2596.58744993563 2510.807752236192 0
1365 2599.669574686263 2478.864680841668 0
1366 2603.691607436626 2495.207649440521 0
1367 2597.501972296387 2530.036431664718 0
1368 2600.022696965309 2529.614438121137 0
1369 2570.048037767993 2505.36707308085 0
1370 2570.818556709004 2502.718175604522 0
1371 2607.85019861466 2492.785372125913 0
1372 2610.72413321728 2497.291056042259 0
1373 2614.329303623359 2472.943651870775 0
1374 2610.365380922557 2529.085722999628 0
1375 2607.54293216426 2527.073324232864 0
1376 2595.456254532755 2497.286748656727 0
1377 2605.195422108991 2476.328260380541 0
1378 2571.694948442978 2510.608140300807 0
1379 2573.036175827157 2512.914510176206 0
1380 2576.073919955377 2512.234763403669 0
1381 2575.082302236799 2515.067976807482 0
1382 2578.100720474398 2514.533303179967 0
1383 2573.122232699688 2485.416081248808 0
1384 2571.969491101378 2488.056686475052 0
1385 2573.697466054306 2490.497406204465 0
1386 2570.556331289479 2490.865372017018 0
1387 2572.458060615774 2493.262061742575 0
1388 2574.157612312134 2482.876537711805 0
1389 2577.676138058055 2521.714542909724 0
1390 2629.577761424123 2508.143845778713 0
1391 2630.414125495175 2505.602542891922 0
1392 2608.417563663292 2472.232511427049 0
1393 2569.50251027224 2493.581482370784 0
1394 2571.246064432228 2495.932022566188 0
1395 2625.523609225649 2482.461121614853 0
1396 2625.255672365688 2485.067787190477 0
1397 2624.320247496726 2491.540970356376 0
1398 2627.239901267066 2491.242800230569 0
1399 2629.01543903892 2493.850776802873 0
1400 2627.93574587448 2513.723862817014 0
1401 2590.569938002521 2470.49207435983 0
1402 2593.365182474621 2469.64776595993 0
1403 2587.958596227591 2471.080662814516 0
1404 2623.791732160874 2520.973251550125 0
1405 2589.808072757972 2529.629792214932 0
1406 2582.752047237456 2518.587251003049 0
1407 2607.297330507757 2530.276239278458 0
1408 2603.543094365612 2468.717161493002 0
1409 2620.954244790325 2521.484503734394 0
1410 2598.888382986799 2504.800558960059 0
1411 2589.999370834032 2512.913957758034 0
1412 2569.783285681467 2513.066756644363 0
1413 2613.586433885335 2501.353844198853 0
1414 2630.519121900564 2491.010531751144 0
1415 2628.640611972443 2488.624529023213 0
1416 2610.430590296473 2476.62194057664 0
1417 2619.464632083561 2516.443508810049 0
1418 2622.943623539431 2477.098752648326 0
1419 2620.762005698807 2476.215584462 0
1420 2568.572422910047 2496.449966624096 0
1421 2575.461147570341 2492.929217493632 0
1422 2599.990797966384 2532.29215569539 0
1423 2602.148173488375 2531.292041523853 0
1424 2596.672523674518 2532.348198213203 0
1425 2581.093452883987 2478.767552851867 0
1426 2582.01266475167 2475.782530392777 0
1427 2579.134244470193 2476.412073377167 0
1428 2613.128344484183 2531.580472642374 0
1429 2608.738268927306 2469.160837544261 0
1430 2570.029587969052 2498.315369693026 0
1431 2567.665310498711 2498.593289309147 0
1432 2625.156370038891 2479.089690992765 0
1433 2631.709155622505 2493.282930703962 0
1434 2630.66968311807 2495.900486322189 0
1435 2567.991781916007 2503.531257323618 0
1436 2567.79995052376 2506.059988540943 0
1437 2606.715167102235 2468.093825730271 0
1438 2618.950198454133 2526.727746492967 0
1439 2584.733615965657 2474.759594351057 0
1440 2602.902702079949 2528.782381387522 0
1441 2610.791936066888 2471.134976200125 0
1442 2599.06176853216 2524.242690418803 0
1443 2627.535846680348 2483.618703947623 0
1444 2614.069303378566 2504.46428893266 0
1445 2611.023347315763 2506.321495083842 0
1446 2583.229060585956 2527.379114668161 0
1447 2585.321291926142 2528.655003707204 0
1448 2582.459344664671 2473.194415046353 0
1449 2576.939893461114 2516.762347107885 0
1450 2574.464758350944 2517.905260358434 0
1451 2622.64832047353 2486.437988296225 0
1452 2617.256846983961 2472.287990754758 0
1453 2578.341471782578 2479.360272897426 0
1454 2615.976551177354 2520.379535909046 0
1455 2609.265007659536 2479.669570947657 0
1456 2601.589127410991 2533.756362076176 0
1457 2577.607605380913 2524.429430339419 0
1458 2579.98254318253 2525.568367000937 0
1459 2591.257932584647 2531.475951766272 0
1460 2595.105142637725 2530.622406278686 0
1461 2570.186761584486 2485.678547537934 0
1462 2569.334947034489 2488.219478149414 0
1463 2571.455519623249 2483.36499227353 0
1464 2572.363159677719 2481.137269566759 0
1465 2587.224426014162 2476.721390924051 0
1466 2581.46672428293 2493.794469364263 0
1467 2598.705012351404 2507.02378265439 0
1468 2601.018936812028 2469.605215451199 0
1469 2599.01821813065 2467.591126726121 0
1470 2601.583409439968 2467.154084550497 0
1471 2603.776525558957 2466.335711126365 0
1472 2599.877052302616 2465.583949626963 0
1473 2596.65681634061 2468.327249479049 0
1474 2572.544905356136 2515.895310271571 0
1475 2622.695022980123 2523.417404879726 0
1476 2620.2293156257 2524.528326686695 0
1477 2599.166021663104 2482.714991590375 0
1478 2603.932565984764 2532.831997675725 0
1479 2586.26159620076 2514.11325073955 0
1480 2576.312078307584 2477.477097058539 0
1481 2574.437643064751 2480.537416289176 0
1482 2571.635903662448 2518.170000223556 0
1483 2608.151599387018 2496.036785044437 0
1484 2615.520913929803 2470.46328433639 0
1485 2568.729206074714 2500.683691832324 0
1486 2626.518243416539 2502.473723844051 0
1487 2629.304837619602 2501.661275405458 0
1488 2569.152729957661 2507.58913934892 0
1489 2568.184086960642 2510.739309270075 0
1490 2588.720383304432 2531.955602514242 0
1491 2587.201227478717 2530.101513461774 0
1492 2587.691584086124 2527.625864457071 0
1493 2625.242774482545 2488.183829708557 0
1494 2611.192723473944 2468.951692954163 0
1495 2597.185275923216 2466.402544820244 0
1496 2595.310776543454 2466.763612775262 0
1497 2575.304385004141 2523.117437076618 0
1498 2575.554543400488 2525.067253796426 0
1499 2568.159485313932 2490.28570924284 0
1500 2632.351193151661 2507.452515119568 0
1501 2632.798292790924 2505.005481388231 0
1502 2631.440264990401 2509.903295795816 0
1503 2628.946808104222 2511.200418144982 0
1504 2591.258816786904 2468.158246951644 0
1505 2583.455486529545 2529.697006953091 0
1506 2585.926162292303 2493.316926000729 0
1507 2587.397257455205 2489.738296088114 0
1508 2590.076675211078 2492.620735408606 0
1509 2610.557626364745 2494.33863114619 0
1510 2622.866647259204 2474.956820886701 0
1511 2624.535968959538 2475.774400526244 0
1512 2588.842539810617 2468.894688382946 0
1513 2586.504545718484 2469.206173552028 0
1514 2585.31001488442 2471.182943716388 0
1515 2631.403999884591 2488.516870594252 0
1516 2629.973293079794 2486.443514210391 0
1517 2626.173657890146 2519.603579064352 0
1518 2626.880828319146 2517.331850016139 0
1519 2628.388489774502 2518.916618512224 0
1520 2628.94336320476 2517.243341298365 0
1521 2627.681064493635 2486.078306664135 0
1522 2617.288045661621 2470.192276456454 0
1523 2614.364823691303 2468.620423932149 0
1524 2631.106529239305 2512.276749638837 0
1525 2630.784711032895 2515.066274230728 0
1526 2613.835981674318 2495.499434657228 0
1527 2616.297800845404 2498.699697428554 0
1528 2576.844486739539 2475.106681473411 0
1529 2626.253988966431 2521.747372702396 0
1530 2608.443492072331 2504.864647186548 0
1531 2572.846793551749 2498.130606828666 0
1532 2567.204176629438 2492.780934018155 0
1533 2630.171051125614 2498.76959899745 0
1534 2631.933647194146 2500.799030074557 0
1535 2632.499803596431 2498.611547658199 0
1536 2633.979763109612 2500.052870286464 0
1537 2633.068409316365 2496.3781708571 0
1538 2579.817946918809 2517.05359279852 0
1539 2580.553915931639 2514.278308183177 0
1540 2579.031931249348 2474.045371934214 0
1541 2599.402275022462 2534.41747568403 0
1542 2627.495482614233 2481.558730318292 0
1543 2596.943060454835 2522.118755107857 0
1544 2579.60909686474 2511.533632498663 0
1545 2607.537756448553 2513.28980443647 0
1546 2610.178010742486 2509.91262546995 0
1547 2611.260926967163 2513.312820367966 0
1548 2614.699314957664 2511.502105617426 0
1549 2620.964019469904 2473.60639790992 0
1550 2596.587534527975 2505.344854216674 0
1551 2597.299577990854 2503.412651987762 0
1552 2593.627765508157 2506.779381703906 0
1553 2605.546752035621 2497.645031054654 0
1554 2566.200674678712 2496.932080735219 0
1555 2566.80865970572 2494.998235986885 0
1556 2565.520218892308 2498.742900726718 0
1557 2585.211837056273 2530.708745398564 0
1558 2566.401712005191 2501.716261516625 0
1559 2570.400574102714 2481.655764534252 0
1560 2570.737380437377 2479.655849317308 0
1561 2633.930193185866 2501.962617005434 0
1562 2574.10398303355 2495.587988763075 0
1563 2577.515280551656 2495.680330889825 0
1564 2600.932866436671 2526.686150542694 0
1565 2618.600564130134 2474.283380266677 0
1566 2619.375115966724 2472.276326278082 0
1567 2572.987867506195 2520.046471969774 0
1568 2575.237681902504 2520.650245249361 0
1569 2610.078310165643 2467.265589070426 0
1570 2632.644785234378 2491.38587370404 0
1571 2633.642032663166 2492.78238378224 0
1572 2620.134923248748 2513.568676775862 0
1573 2617.209265810604 2514.267619185787 0
1574 2597.441803456656 2496.763455711107 0
1575 2596.001098773952 2495.08222474691 0
1576 2567.173028779303 2507.908729551459 0
1577 2593.690480651548 2512.076480250353 0
1578 2591.721272254749 2509.625023194467 0
1579 2587.646142315202 2509.53408497129 0
1580 2603.690767955451 2499.69417702406 0
1581 2603.077605100784 2497.545469218008 0
1582 2565.972332053614 2503.344385537935 0
1583 2577.098184659337 2509.396309303111 0
1584 2613.245619098425 2470.384192153904 0
1585 2611.265337622383 2482.204596053949 0
1586 2605.758309614293 2480.150230931289 0
1587 2594.036281500913 2523.326014859564 0
1588 2573.731417401594 2521.843856929645 0
1589 2588.480284429943 2495.633490833791 0
1590 2620.823327059824 2510.696729183731 0
1591 2609.773766714101 2531.528799513989 0
1592 2587.570461761462 2467.42841198927 0
1593 2600.712542160251 2521.22982213522 0
1594 2620.160586573698 2484.835177171189 0
1595 2585.587001753031 2519.776149608459 0
1596 2607.845360484618 2475.209486932803 0
1597 2598.136699962556 2464.696135670573 0
1598 2631.777380221361 2503.23592330131 0
1599 2595.376474357659 2471.786988160202 0
1600 2629.353665092351 2482.384231193416 0
1601 2629.658145091248 2484.292299590031 0
1602 2594.269416060044 2464.932572094201 0
1603 2631.84370438534 2484.793768190949 0
1604 2597.331576361307 2492.811415355175 0
1605 2567.465600974206 2488.407284105394 0
1606 2593.664696486356 2495.874161560389 0
1607 2570.427638665898 2516.656911785486 0
1608 2600.83132275087 2535.557421715388 0
1609 2580.749470148111 2498.077926107082 0
1610 2624.500309920174 2473.853877715579 0
1611 2607.873841099331 2532.86648981938 0
1612 2585.419478936241 2467.423326383175 0
1613 2605.719806153601 2535.435115020913 0
1614 2585.182498645822 2532.654729082706 0
1615 2635.716367078991 2501.003961911157 0
1616 2618.206457636907 2530.742294395297 0
1617 2626.843515875688 2523.660887565113 0
1618 2592.419966255213 2535.049005210902 0
1619 2593.728367442234 2533.625562076154 0
1620 2595.46929482407 2533.956232032731 0
1621 2607.425688744437 2465.024562952648 0
1622 2633.352607405893 2487.936051341966 0
1623 2634.001962569731 2512.171758917306 0
1624 2567.013676217898 2513.896945626016 0
1625 2568.314071089869 2512.540922239725 0
1626 2566.725970388477 2509.756475473524 0
1627 2581.793694685279 2469.192892789607 0
1628 2583.364038797257 2470.111311166739 0
1629 2628.165230646984 2477.850636913731 0
1630 2635.813647513063 2497.131063562234 0
1631 2624.275816544893 2526.361295857479 0
1632 2622.47578284745 2525.588462116894 0
1633 2620.956275864544 2526.869514990311 0
1634 2635.534966138396 2504.970784899714 0
1635 2611.320209046408 2465.938982819918 0
1636 2567.697813372615 2515.624716759067 0
1637 2564.803366854962 2495.200495856875 0
1638 2632.257599628049 2515.355772769602 0
1639 2573.013336040122 2476.386240321317 0
1640 2574.176846789886 2478.212711356852 0
1641 2596.188389593131 2535.656153802004 0
1642 2603.574522446945 2464.37879791111 0
1643 2568.102861743847 2484.588563471184 0
1644 2578.591183910163 2471.187515969675 0
1645 2580.228828276358 2472.335151112411 0
1646 2569.636079948615 2518.810545185533 0
1647 2629.341726285708 2520.626230528245 0
1648 2564.756631641115 2506.577564899345 0
1649 2578.614681640379 2528.784680587139 0
1650 2580.342639266029 2527.822697768287 0
1651 2630.203948886593 2518.911426823703 0
1652 2621.385318359621 2528.784680587139 0
1653 2588.880619571124 2534.018007627423 0
1654 2571.935924432365 2522.034165710055 0
1655 2590.43208122505 2465.350450681802 0
1656 2581.78530461222 2530.785196171445 0
1657 2609.277642256702 2534.558982490817 0
1658 2565.393338072234 2491.845035776554 0
1659 2621.2947591948 2471.422199453625 0
1660 2634.512520248208 2508.262102487046 0
1661 2594.340095098414 2509.386031434017 0
1662 2627.96693207552 2496.630848483278 0
1663 2622.426797475399 2489.013745853749 0
1664 2620.204028593662 2487.809347456746 0
1665 2618.281354864539 2477.031653615047 0
1666 2591.5407220541 2504.833331502502 0
1667 2575.848885489901 2473.512706950145 0
1668 2618.337630864402 2528.702421864702 0
1669 2606.147150130548 2533.637891936468 0
1670 2591.020337931343 2489.150240888483 0
1671 2593.301907169275 2467.065088298499 0
1672 2576.930001489796 2481.930071683849 0
1673 2610.573074652085 2491.507756638331 0
1674 2611.463002034671 2473.837821429996 0
1675 2606.239836545419 2524.445755175392 0
1676 2564.440955051912 2502.710494470579 0
1677 2615.400086071211 2523.401248031202 0
1678 2608.453988732966 2507.349498866705 0
1679 2630.47442120387 2480.932389156803 0
1680 2627.420455101804 2479.586319839088 0
1681 2612.98373613262 2533.414209802643 0
1682 2616.349977339093 2502.611757594558 0
1683 2604.742763885832 2492.953972821293 0
1684 2618.831581901426 2519.312902174988 0
1685 2634.826876681381 2491.569979805413 0
1686 2581.811488196519 2471.105507387914 0
1687 2580.896315570842 2473.959638258095 0
1688 2606.029750635761 2506.18627888527 0
1689 2605.824989841653 2466.489060522285 0
1690 2634.283255012714 2497.935545602701 0
1691 2588.261427146324 2498.334036027929 0
1692 2602.023462894461 2499.014730785506 0
1693 2607.698938032782 2477.595897953786 0
1694 2578.267153097838 2526.099732472656 0
1695 2618.132213927393 2522.429922840264 0
1696 2573.151846604066 2502.172369810691 0
1697 2604.029999714201 2526.107305390999 0
1698 2608.135212629842 2466.728271333559 0
1699 2614.283530772685 2507.687000663817 0
1700 2569.876120773936 2511.417411259646 0
1701 2604.355408723064 2530.645698286967 0
1702 2585.436547443014 2516.991163854067 0
1703 2601.480977436356 2485.469314179856 0
1704 2604.602618288799 2484.194668775464 0
1705 2613.086350775261 2529.670976079854 0
1706 2611.582769252088 2530.837897330992 0
1707 2568.729264565716 2514.22876268762 0
1708 2585.677955020173 2506.661405746492 0
1709 2594.355508063462 2493.477571870047 0
1710 2633.031803045001 2509.162143193585 0
1711 2587.000493289873 2473.658520628482 0
1712 2584.878353391607 2486.80245324197 0
1713 2616.571419698964 2517.375506596004 0
1714 2625.875046139944 2474.755735774069 0
1715 2578.178435480255 2492.541251683501 0
1716 2593.692703539457 2497.891751362885 0
1717 2602.605257225736 2477.687117724133 0
1718 2576.665249502264 2490.167815899735 0
1719 2592.588800070257 2491.439572687476 0
1720 2569.787278251965 2483.874618063508 0
1721 2624.843052436404 2523.295845596685 0
1722 2598.04796844257 2501.706133312987 0
1723 2600 2463.888812600577 0
1724 2568.392868413122 2486.635991626745 0
1725 2588.651068819486 2486.254342460629 0
1726 2596.687614488118 2480.226913277289 0
1727 2581.727195632592 2528.665741571147 0
1728 2565.973996068251 2487.779132413252 0
1729 2633.413399497098 2494.568423247651 0
1730 2591.994717357641 2533.234769114565 0
1731 2618.084577513233 2511.605280596953 0
1732 2581.482555002737 2526.667019055502 0
1733 2597.282626189167 2534.257112536607 0
1734 2626.467139280461 2478.109425835329 0
1735 2563.867899702941 2499.002730207762 0
1736 2614.991175117477 2467.086480404218 0
1737 2611.334903543113 2532.429733079689 0
1738 2574.640259631895 2476.68873096008 0
1739 2583.013764764395 2515.529681484212 0
1740 2618.36805474732 2469.018015947462 0
1741 2634.019409160884 2503.96872186746 0
1742 2632.599483869713 2489.749224263617 0
1743 2570.74066579533 2514.359413420796 0
1744 2566.19126195948 2505.058564402637 0
1745 2631.826462689483 2486.796170530622 0
1746 2619.88197841861 2528.153568872753 0
1747 2575.796582822818 2526.673221218874 0
1748 2635.304612674983 2493.352583614518 0
1749 2632.56191149196 2511.31035963443 0
1750 2591.485612929254 2494.822517913038 0
1751 2602.21500855959 2481.357407681706 0
1752 2572.709604330619 2479.432748961037 0
1753 2566.835449773508 2491.21289463191 0
1754 2634.122759897362 2506.061268104951 0
1755 2573.958098998232 2524.897249666054 0
1756 2584.268102732437 2472.94811806838 0
1757 2613.229915760448 2498.615121762908 0
1758 2571.500559834525 2500.274430008674 0
1759 2584.803091098203 2469.2331126882 0
1760 2586.62594403263 2531.771744034402 0
1761 2596.324192727674 2507.994853486643 0
1762 2577.214202431212 2519.302661252638 0
1763 2627.692464286198 2520.601826865663 0
1764 2612.824745246899 2468.287647067938 0
1765 2590.296390915904 2533.064030689138 0
1766 2623.976928055893 2524.754716037552 0
1767 2605.317082521541 2528.601774487754 0
1768 2603.304140755611 2534.530772975573 0
1769 2605.996584271951 2494.925762097364 0
1770 2624.902392851022 2477.559893396208 0
1771 2589.711510047467 2466.991719172863 0
1772 2598.424307849712 2533.126468316253 0
1773 2593.325939370196 2531.74233394249 0
1774 2599.370587503796 2503.02267701895 0
1775 2593.582327443288 2488.967387470278 0
1776 2613.996640077924 2515.302787175519 0
1777 2605.211000300737 2467.984801914741 0
1778 2576.150365066604 2479.366597948701 0
1779 2604.641827120449 2534.351687361449 0
1780 2605.791160862555 2532.042593152816 0
1781 2625.062130554435 2504.556859558601 0
1782 2566.597543006504 2499.932856685374 0
1783 2579.682544142582 2509.095215154226 0
1784 2590.64458420382 2507.328566224802 0
1785 2595.987844305175 2502.030711433263 0
1786 2569.194296999773 2480.734064516398 0
1787 2612.679383492827 2492.711119291323 0
1788 2569.254842102916 2515.602770886484 0
1789 2608.397281861875 2524.486510047322 0
1790 2600.515142472486 2504.250251882667 0
1791 2594.873799368846 2468.359060341049 0
1792 2599.546672266738 2536.089779415084 0
1793 2602.378487062102 2536.016728847492 0
1794 2568.221520037345 2509.078424250607 0
1795 2609.634302112849 2533.100701708619 0
1796 2589.539275507098 2475.58110474506 0
1797 2628.434182277767 2504.058337562996 0
1798 2598.283677135363 2531.643431207774 0
1799 2623.565698269582 2478.728850399656 0
1800 2598.646878710015 2509.445314966858 0
1801 2594.860253589748 2532.458946508653 0
1802 2566.243326923026 2506.750162356022 0
1803 2627.738600272206 2515.754336135222 0
1804 2631.40247491681 2513.950209210291 0
1805 2629.898733557156 2513.625844813115 0
1806 2618.540328619975 2471.004099393004 0
1807 2612.457465205836 2472.0751604137 0
1808 2569.823960885651 2509.540881740785 0
1809 2602.279034119254 2465.638222086388 0
1810 2625.861759013251 2480.621718914527 0
1811 2595.683241445996 2469.796994001219 0
1812 2576.892572646663 2525.949348287836 0
1813 2591.508359663546 2466.460482061489 0
1814 2568.611253068173 2491.894538000351 0
1815 2578.924428736473 2527.26037880275 0
1816 2577.488328226765 2473.520505022401 0
1817 2629.300904703021 2515.461298962097 0
1818 2578.488980491628 2472.672953174713 0
1819 2565.26313903588 2510.403555344145 0
1820 2610.635970393196 2516.668344116367 0
1821 2571.026239304173 2512.473246360364 0
1822 2583.442597855061 2471.708459077155 0
1823 2586.761619295416 2466.089134404867 0
1824 2598.554311579759 2466.068439210976 0
1825 2601.569360385829 2524.232081840744 0
1826 2631.60223678912 2497.414950958735 0
1827 2565.874128224818 2493.65976229479 0
1828 2611.714088569964 2467.438867244761 0
1829 2583.255789618557 2512.338422770658 0
1830 2634.436047351508 2496.249656299655 0
1831 2628.832921621549 2480.760933389858 0
1832 2575.251822888597 2497.788554531327 0
1833 2574.47265754522 2500.067042920694 0
1834 2570.508480316915 2525.807430070607 0
1835 2570.606632683687 2474.057292711998 0
1836 2429.530300328118 2474.179647307637 0
1837 2429.512637707109 2525.82402683547 0
1838 2564.757642329855 2517.16976342557 0
1839 2435.272287882743 2482.945903366738 0
1840 2435.368008746685 2516.935966425573 0
1841 2564.822389708085 2482.954977261055 0
1842 2561.454730854834 2492.933368660311 0
1843 2561.461848400141 2507.331187436551 0
1844 2438.40720468848 2492.875024090337 0
1845 2438.553598462769 2507.224838118832 0
1846 1450.593600424439 86.64639397132305 0
1847 3546.981269004981 4905.338963415197 0
1848 3550.000000000001 86.60254037844379 0
1849 1449.797705256156 4915.220486618464 0
1850 4911.201166471717 3450.647185683375 0
1851 85.38428796534936 1552.110075075924 0
1852 70.85204925709877 3458.095140895575 0
1853 4915.555667445032 1538.445734864227 0
1854 3054.357114503054 86.77012926490715 0
1855 1943.39981359105 4908.059503601224 0
1856 1949.24133206964 89.98192355652236 0
1857 3049.187084991681 4917.43826547369 0
1858 2453.894537924029 86.33699761113076 0
1859 2543.118437086738 4901.492917053625 0
1860 4913.874522239519 2950.826296692703 0
1861 4916.5261529872 2050 0
1862 91.73774407048677 2954.734438155216 0
1863 82.1786931658994 2046.597347470848 0
1864 4914.496720279842 1051.186810648809 0
1865 4913.397459621556 3950 0
1866 91.35120857116272 3953.791696080538 0
1867 81.62463653675786 1050.102427408467 0
1868 66.52384350697957 2450.438262116457 0
1869 1053.3218788456 97.4489806227075 0
1870 3951.044522183794 91.24392534030903 0
1871 1046.850571526385 4897.109237408977 0
1872 4932.212780024297 2449.084756391239 0
1873 3949.888749047594 4916.091623201318 0
1874 2560.460885591088 2498.908389103713 0
1875 2439.14135057034 2500.810790528605 0
1876 650 86.60254037844379 0
1877 4916.488986967019 655.1511554678286 0
1878 91.25932935432411 4355.090317438473 0
1879 4350 4913.397459621556 0
1880 84.05413117701755 650 0
1881 4920.390270415048 4332.339628673073 0
1882 650.181469991642 4911.384656042224 0
1883 4353.449434750132 89.11167133509525 0
1884 2748.490085771983 89.34599284556043 0
1885 2270.597767411185 4907.242144827478 0
1886 336.5246492236847 81.38505172182886 0
1887 4657.068688544607 86.01041966628418 0
1888 86.60254037844379 4650 0
1889 4914.664277776837 4652.845334254431 0
1890 2563.478463381047 2486.525714918239 0
1891 2439.141029997532 2496.839868825901 0
1892 2566.777311273667 2520.718781211016 0
1893 2567.008268522057 2478.987125702168 0
1894 2432.017704994466 2522.463916202949 0
1895 2560.957646559069 2503.200030394953 0
1896 2436.763782828609 2486.72045658334 0
1897 2562.475252930203 2511.345391469149 0
1898 2432.220582974447 2477.515208911719 0
1899 2437.595367509741 2511.294930768673 0
1900 4914.830433584092 349.7411974101101 0
1901 336.3449338789037 4909.429191182096 0
1902 100.4284930209615 350.7319012455632 0
1903 4655.109330785746 4919.59207518199 0
1904 86.60254037844379 1750 0
1905 845.0701485829065 88.29745012175226 0
1906 1249.629316814776 68.28546081079412 0
1907 1765.041710701724 87.81433623888779 0
1908 2151.946065549065 84.4267400595395 0
1909 3250 86.60254037844379 0
1910 3750 86.60254037844379 0
1911 4149.907348928753 81.28410172949316 0
1912 86.72980872378594 4141.801098974256 0
1913 86.60254037844379 3750 0
1914 100.3976939990353 3248.796138928236 0
1915 81.46101579720971 2749.801038931301 0
1916 87.23400752311863 2262.295312596867 0
1917 89.2748485437055 1257.123435429823 0
1918 86.61169206846262 850.3399351388193 0
1919 4915.609767446438 846.1681704453238 0
1920 4919.979798869002 1250.407884391011 0
1921 4918.940153756717 1758.643023554189 0
1922 4911.441511930381 2246.387690036103 0
1923 4904.972700134562 2644.781986209066 0
1924 4919.739146771531 3148.568258153757 0
1925 4914.218269715227 3650.611597851901 0
1926 4923.106131693923 4167.200843452921 0
1927 4141.923138161525 4906.732832300817 0
1928 3755.018523754438 4912.873700496072 0
1929 3346.179305370737 4917.124092358955 0
1930 2844.9414833251 4916.317995585509 0
1931 1764.463460447852 4918.927902933674 0
1932 1254.241284403343 4910.938938537772 0
1933 840.184562411539 4918.042781589096 0
1934 154.6324985490673 4907.304879394254 0
1935 157.1510983382364 89.38530783606393 0
1936 4848.837265869328 76.31328432798728 0
1937 4913.397459621556 4850 0
1938 2563.129703629279 2513.359168715368 0
1939 2561.137436922943 2512.856390118445 0
1940 2560.50485890842 2510.940531629356 0
1941 2559.176208233067 2512.472453898367 0
1942 2558.516051202293 2510.586243066427 0
1943 2556.98284691986 2512.291203854167 0
1944 2556.150236970939 2509.904027235933 0
1945 2554.347166527041 2512.05717592988 0
1946 2553.316778165965 2509.313823800179 0
1947 2551.394978987024 2511.657303960818 0
1948 2550.315024050218 2508.587978855591 0
1949 2548.094845212534 2511.417483325344 0
1950 2546.667024680065 2507.790527719855 0
1951 2544.160023235308 2510.789330494037 0
1952 2542.546703834855 2506.947509681221 0
1953 2539.735471245351 2510.285494066709 0
1954 2538.124788905846 2506.229449947898 0
1955 2534.873218354669 2509.758612416185 0
1956 2537.150464913389 2514.638357311798 0
1957 2532.92821216929 2504.892760319353 0
1958 2552.615218703937 2514.473400982599 0
1959 2540.970347485341 2502.846166275494 0
1960 2530.975242349433 2513.591035048856 0
1961 2532.788712138929 2519.37600299487 0
1962 2526.749531736727 2518.218104559799 0
1963 2528.718897287989 2524.338459449849 0
1964 2522.155198464375 2523.130638930576 0
1965 2524.46532948613 2529.331101668098 0
1966 2578.31351460466 2532.59609060519 0
1967 2516.267384882952 2528.222012224657 0
1968 2519.866924363252 2536.04050141754 0
1969 2514.371299446633 2520.980787288181 0
1970 2530.779960267632 2530.38951227306 0
1971 2510.046782734196 2534.66118605597 0
1972 2513.4897555601 2543.908394900392 0
1973 2421.627760960817 2532.666174777291 0
1974 2503.641898294777 2542.042934361825 0
1975 2507.004400636127 2551.553846424802 0
1976 2516.910599285889 2553.434552298333 0
1977 2510.371530492549 2561.09809701737 0
1978 2587.715213145771 2537.227792872888 0
1979 2497.075637445076 2549.663760742309 0
1980 2493.754712564727 2540.090404040361 0
1981 2487.139292979746 2547.759014042537 0
1982 2483.257712353839 2537.348288500953 0
1983 2477.265827359076 2545.050141159933 0
1984 2479.94190817436 2554.828786872291 0
1985 2412.316758217856 2537.231352559812 0
1986 2473.765864907451 2537.179859714074 0
1987 2468.908489319993 2543.085835851279 0
1988 2466.308851000647 2536.307600023435 0
1989 2470.070920062062 2530.533112582118 0
1990 2461.952061097912 2541.587893290139 0
1991 2463.454391826221 2530.119430187948 0
1992 2466.775773688693 2524.69775912615 0
1993 2416.204431560737 2535.711238346262 0
1994 2583.632235941223 2535.915576202191 0
1995 2425.042975534217 2530.520762695043 0
1996 2574.694227087779 2530.482511406021 0
1997 2460.209181779486 2524.797143075119 0
1998 2463.368837642114 2519.461269661761 0
1999 2469.868142909442 2518.866393626413 0
2000 2465.60372827013 2513.36824740944 0
2001 2472.524858780334 2512.707595578449 0
2002 2468.615356004592 2507.209849098051 0
2003 2475.245941376119 2506.520233921799 0
2004 2471.14399083604 2501.596913150918 0
2005 2477.896925161182 2500.418532920692 0
2006 2472.812450980823 2495.495205499246 0
2007 2480.392549562051 2494.249499788942 0
2008 2476.558899042404 2488.947602751414 0
2009 2483.432427296253 2488.091347020928 0
2010 2479.233131311979 2482.605658319867 0
2011 2486.782806108211 2481.419311367182 0
2012 2481.658308572633 2474.678243163873 0
2013 2491.406639501552 2473.389782028255 0
2014 2486.021223639197 2465.342879837764 0
2015 2421.646695397583 2467.315980531692 0
2016 2495.87764510868 2464.544091043815 0
2017 2489.69480551091 2456.311613327711 0
2018 2579.968592551058 2466.199025921377 0
2019 2478.95080793751 2458.289090227778 0
2020 2483.566834168972 2448.163174771849 0
2021 2472.070522800521 2483.681698257581 0
2022 2492.940554699109 2488.692817035548 0
2023 2464.74836048046 2502.486205536831 0
2024 2576.612998407768 2468.521049843505 0
2025 2499.708280212592 2455.461285960367 0
2026 2506.165603663109 2463.448076727741 0
2027 2509.80648644165 2454.440608990259 0
2028 2515.954758721286 2462.050524758316 0
2029 2519.735826539526 2453.212356590952 0
2030 2514.650956459491 2444.650792290045 0
2031 2525.629685328452 2461.343706720948 0
2032 2529.467673288817 2452.39282709337 0
2033 2533.769022023381 2458.460299209466 0
2034 2536.968978260093 2451.955779330725 0
2035 2540.995428469965 2457.705608590952 0
2036 2543.571591633432 2451.34739640641 0
2037 2589.860397927415 2462.101226455349 0
2038 2540.183907295571 2445.747525588054 0
2039 2546.92530944199 2445.412765764383 0
2040 2543.588954415219 2439.326093955939 0
2041 2539.087956399845 2464.305339416112 0
2042 2550.582134144737 2451.613389778319 0
2043 2553.527608015891 2445.51573928203 0
2044 2557.288312405781 2450.343774400295 0
2045 2559.588125112938 2445.240905422821 0
2046 2562.838012002341 2449.631030173144 0
2047 2564.905962918923 2444.783323860514 0
2048 2597.827366456267 2460.954922135398 0
2049 2561.721160618302 2439.933015025624 0
2050 2567.3078164372 2439.684324323456 0
2051 2564.111821856838 2434.295394194073 0
2052 2567.608660449163 2448.981252523327 0
2053 2560.913362367684 2454.067535821295 0
2054 2573.442249505876 2471.362547733437 0
2055 2593.815307271354 2461.263303022018 0
2056 2602.213986003921 2460.968009563778 0
2057 2585.741197780977 2463.482598530712 0
2058 2425.012003326516 2469.831154520745 0
2059 2418.106383799561 2465.21140135717 0
2060 2414.31239091176 2463.51275079922 0
2061 2457.835648412777 2519.708275468712 0
2062 2455.300269032779 2523.508688375419 0
2063 2549.416352866224 2505.306839862806 0
2064 2537.845523250481 2520.677705401157 0
2065 2453.333834688283 2519.451478193039 0
2066 2450.457797641875 2522.834922367646 0
2067 2463.784008228403 2548.133512632271 0
2068 2457.213782910368 2546.427787557839 0
2069 2458.970713136738 2552.957929486259 0
2070 2521.37927219025 2468.696127575101 0
2071 2559.825621890684 2514.366537378485 0
2072 2479.135635987719 2511.992903904126 0
2073 2455.306017309108 2515.535901213831 0
2074 2450.626133015517 2515.445389199699 0
2075 2452.79215713105 2511.865596211143 0
2076 2452.659285621711 2526.839776212045 0
2077 2448.357012047328 2526.703073476751 0
2078 2446.267957244712 2523.498468917207 0
2079 2444.645407435296 2526.607058431974 0
2080 2446.22783782514 2530.121116265947 0
2081 2442.159468508553 2529.429335555232 0
2082 2443.867000764484 2533.163659598481 0
2083 2440.095115228382 2532.895297027244 0
2084 2441.655557315427 2536.265959086968 0
2085 2438.113858440548 2535.797530352439 0
2086 2439.475907153201 2539.455463854981 0
2087 2435.174192415268 2538.321809219526 0
2088 2436.900731874062 2542.831371930612 0
2089 2432.634169366187 2541.733067926634 0
2090 2434.134399877659 2545.995348711348 0
2091 2438.484382373734 2546.951586676674 0
2092 2435.785827202867 2550.555569853295 0
2093 2404.168380248327 2538.993598866166 0
2094 2443.070049160998 2523.700245523983 0
2095 2436.977284466947 2532.786665187899 0
2096 2545.522015308221 2462.542205373208 0
2097 2544.244203018246 2468.492921663757 0
2098 2549.161187938099 2467.201292441112 0
2099 2548.14654629858 2471.873041692432 0
2100 2543.759495457285 2473.661504813712 0
2101 2547.5359760633 2476.376794930393 0
2102 2543.320552413938 2478.228520018686 0
2103 2547.200158551749 2480.994249797654 0
2104 2542.895540823148 2482.746795668967 0
2105 2546.92592970955 2485.302020203847 0
2106 2552.654036463239 2470.645231312837 0
2107 2551.037670789831 2478.967763719636 0
2108 2539.137844266614 2479.967409740147 0
2109 2538.743688604752 2484.886685511001 0
2110 2534.283475087289 2481.729586172783 0
2111 2535.646446594069 2439.849109284985 0
2112 2539.398327754539 2432.066421766708 0
2113 2444.23566676565 2521.012421080848 0
2114 2553.906120056229 2466.475965114439 0
2115 2556.926451621216 2469.73464402783 0
2116 2448.898852707717 2511.581986181902 0
2117 2450.673285899133 2508.590899553217 0
2118 2447.412704477279 2508.58595969994 0
2119 2448.867395242427 2505.827222025681 0
2120 2452.985995320137 2505.162582304632 0
2121 2450.088423844518 2502.727843572286 0
2122 2447.009006869253 2503.405284841655 0
2123 2447.826245026232 2500.565067418034 0
2124 2450.78504378798 2499.71631541779 0
2125 2448.575386389011 2497.666339638677 0
2126 2450.936435984486 2496.962615459273 0
2127 2449.376834850787 2494.689614331849 0
2128 2452.283825891264 2493.973367349823 0
2129 2449.711553364292 2491.444590757128 0
2130 2454.040225631144 2490.59147330169 0
2131 2451.384863543223 2487.79190334253 0
2132 2447.722069220815 2488.327604576137 0
2133 2448.782151167906 2484.868558443265 0
2134 2452.796871865254 2484.157751323877 0
2135 2449.964172290611 2481.225386608051 0
2136 2453.906513533772 2480.059627861756 0
2137 2450.266551673234 2477.071556708519 0
2138 2454.957769365955 2475.72464201664 0
2139 2451.74905101734 2472.57602293756 0
2140 2473.791470807038 2449.544840350859 0
2141 2477.815673805313 2440.186418578662 0
2142 2447.586324129477 2473.466714497536 0
2143 2448.624629385803 2469.35097594266 0
2144 2444.096120289921 2471.003874789676 0
2145 2445.379133426595 2466.303553415515 0
2146 2441.183475073117 2467.68825114168 0
2147 2441.663128610714 2463.157481770309 0
2148 2446.53196204625 2461.885026352164 0
2149 2443.228323386597 2458.746489451287 0
2150 2438.845705501289 2459.889058857248 0
2151 2440.065097176312 2455.579296243634 0
2152 2435.753238267572 2456.486642712282 0
2153 2436.879432339953 2452.384994792538 0
2154 2406.171226620454 2461.373253540424 0
2155 2432.55379647667 2453.647254513234 0
2156 2433.673666692425 2449.288826964246 0
2157 2441.641905114504 2451.353357312104 0
2158 2410.282394134168 2462.232025934844 0
2159 2452.937438457546 2468.180285670256 0
2160 2447.528200609027 2457.138452985211 0
2161 2431.623396438521 2458.100840547106 0
2162 2428.467005029579 2455.049412437606 0
2163 2446.070855690079 2482.022955421557 0
2164 2456.765280998171 2483.306111116351 0
2165 2445.242862215515 2510.940765719107 0
2166 2533.788617585808 2487.205089889554 0
2167 2454.121189313404 2498.032979246427 0
2168 2446.389476984388 2495.725382370475 0
2169 2485.098916979148 2500.1744599242 0
2170 2555.40653029104 2507.390060384061 0
2171 2431.106538308228 2538.256997810626 0
2172 2428.952575664967 2540.87148308215 0
2173 2428.011219622057 2537.99271693769 0
2174 2425.886825760614 2540.200121652802 0
2175 2426.670218169249 2543.108113045025 0
2176 2423.756255339297 2542.341269267725 0
2177 2424.486491537128 2545.343281489803 0
2178 2421.616123404571 2544.462010502543 0
2179 2429.525429177079 2535.309604404317 0
2180 2528.670020341929 2483.91678901843 0
2181 2420.795908579904 2541.560062305073 0
2182 2418.646525977909 2543.671539743696 0
2183 2558.271835835582 2465.749878985421 0
2184 2561.222602307801 2469.168034418801 0
2185 2562.083136549152 2465.368988829843 0
2186 2564.329808180041 2467.906346271544 0
2187 2565.313898196044 2465.058741089647 0
2188 2559.429608403128 2472.386509524653 0
2189 2427.09948217518 2459.215059781063 0
2190 2424.513993134667 2456.227649293469 0
2191 2425.53011916394 2452.333142754878 0
2192 2421.99931454459 2453.807372973668 0
2193 2421.815595978752 2449.710279693204 0
2194 2429.963173224751 2461.644728377461 0
2195 2421.385261475442 2456.935344938814 0
2196 2418.99098770649 2455.103611161657 0
2197 2426.960094605212 2462.475874841035 0
2198 2429.0073956213 2464.610006823339 0
2199 2439.892457675236 2471.406731760663 0
2200 2447.988710969331 2533.930187924198 0
2201 2443.527777571103 2540.01018542055 0
2202 2441.151584666997 2521.346934771878 0
2203 2440.266312790957 2524.058710775054 0
2204 2442.355426499057 2518.401112340045 0
2205 2567.653202536378 2467.356329236262 0
2206 2568.286645309822 2464.606194488063 0
2207 2528.254148978537 2489.963537050723 0
2208 2522.662885138145 2486.309465550103 0
2209 2522.146543345357 2492.84988787582 0
2210 2516.528702166259 2488.896303940255 0
2211 2515.672968234539 2495.833551599463 0
2212 2566.430672400172 2462.334678718975 0
2213 2569.369417369027 2461.816577042123 0
2214 2490.985962646358 2531.381557683293 0
2215 2571.159347274656 2463.871628887319 0
2216 2572.351944949015 2461.300247868723 0
2217 2570.447014739519 2459.001652939647 0
2218 2573.41039508588 2458.532517354863 0
2219 2575.080049691475 2460.938276729264 0
2220 2576.687214058185 2458.534375103822 0
2221 2574.340139337021 2455.695266942552 0
2222 2577.475933040479 2455.342949587608 0
2223 2579.820084387413 2457.656437426471 0
2224 2580.513022298167 2454.837937202069 0
2225 2578.541097876634 2452.49164669869 0
2226 2581.507866904405 2452.015415411376 0
2227 2571.320985600492 2434.87405266391 0
2228 2567.252408098876 2428.365000972617 0
2229 2583.410848257094 2454.358055799013 0
2230 2584.545158133311 2451.476984468373 0
2231 2582.36015235019 2448.813332072539 0
2232 2585.979880148538 2448.055853169812 0
2233 2586.359056284211 2453.866244578623 0
2234 2583.346951531867 2444.991360521069 0
2235 2587.639433402715 2444.162821344395 0
2236 2590.484618330501 2447.759609013576 0
2237 2592.165831350107 2443.586734906991 0
2238 2612.411972520851 2462.82566757447 0
2239 2589.308367651455 2440.012957896101 0
2240 2593.850698516266 2439.41792113772 0
2241 2591.079871969427 2435.869669632303 0
2242 2595.556788453402 2435.252421565732 0
2243 2598.327715461621 2438.812206750251 0
2244 2599.991172494051 2434.469655070904 0
2245 2619.644256937177 2466.124010659218 0
2246 2616.135992364906 2464.445245960932 0
2247 2608.28953108284 2461.670379328035 0
2248 2595.325621213642 2446.962855919669 0
2249 2593.363601053692 2450.842932475747 0
2250 2596.968320400314 2450.401038542352 0
2251 2595.744295985683 2453.372722098834 0
2252 2598.857191755882 2453.081311666021 0
2253 2600.10902120692 2450.317803970584 0
2254 2601.871737463394 2452.876489986112 0
2255 2603.125001677468 2450.142300385321 0
2256 2604.853558386244 2452.675117955489 0
2257 2606.12031231759 2449.953929268709 0
2258 2607.845681954786 2452.484199566415 0
2259 2609.097919006497 2449.756157533567 0
2260 2610.7720237024 2452.261447878298 0
2261 2611.954328360963 2449.851526124823 0
2262 2607.763824039065 2446.145786028483 0
2263 2586.084378909447 2436.460208586163 0
2264 2437.592214110727 2468.758930377535 0
2265 2436.770238741411 2471.935393153553 0
2266 2438.647582934685 2474.331502748616 0
2267 2434.564824015515 2469.828254591895 0
2268 2419.055125402245 2457.544324010836 0
2269 2416.405703372342 2456.658210270045 0
2270 2416.539866113396 2453.305821613774 0
2271 2413.821627728739 2454.559584871232 0
2272 2399.956186653994 2460.775309807948 0
2273 2420.478312441986 2459.769116107278 0
2274 2609.741941506016 2454.820268503332 0
2275 2612.474126577376 2454.734010976891 0
2276 2585.342138214612 2456.64102522989 0
2277 2588.173097374221 2456.174485967054 0
2278 2452.444081605846 2551.224136416648 0
2279 2454.191562941964 2557.742167366159 0
2280 2524.841346061189 2511.405308759078 0
2281 2601.071819825385 2447.16211931001 0
2282 2538.637198290351 2490.140296807828 0
2283 2430.907351324137 2549.138208605852 0
2284 2432.863278756247 2553.923145070446 0
2285 2419.469584646801 2546.557566122481 0
2286 2416.575944107999 2545.758453388979 0
2287 2415.75042866529 2542.873015793606 0
2288 2413.664517369871 2544.997292376621 0
2289 2414.455412897821 2547.859173850598 0
2290 2408.273185856587 2538.259688020008 0
2291 2469.432975212335 2457.531241743069 0
2292 2465.34129814233 2450.706218857843 0
2293 2462.085465691598 2457.73068478577 0
2294 2465.298543936148 2463.719512551476 0
2295 2602.949338583064 2438.260382914382 0
2296 2604.764633547289 2433.522466217571 0
2297 2447.917021253621 2556.242640982043 0
2298 2449.458911642859 2562.557693570835 0
2299 2529.928477102613 2433.04459192416 0
2300 2534.40899252357 2423.935275857252 0
2301 2546.247948664348 2515.080611858675 0
2302 2566.377248862216 2470.0631891899 0
2303 2444.426675213881 2508.250092973724 0
2304 2578.939491929398 2446.701627364048 0
2305 2580.010783787908 2441.990772294397 0
2306 2431.631910062428 2464.078213747493 0
2307 2558.365587068592 2434.889303976089 0
2308 2556.081130052556 2462.186330069289 0
2309 2535.49223893209 2475.460569859037 0
2310 2509.418327805173 2491.170589510316 0
2311 2508.113945266532 2499.442455573173 0
2312 2458.089472594109 2452.835914164465 0
2313 2460.286511601006 2445.792665951098 0
2314 2453.657049764206 2448.422150015391 0
2315 2454.742291892527 2441.708986924184 0
2316 2444.504784446024 2501.245270173891 0
2317 2425.003828746148 2537.358555342445 0
2318 2603.686242285191 2455.363806245534 0
2319 2438.200091822791 2521.779485407487 0
2320 2437.39720158717 2524.881622844196 0
2321 2413.363141724533 2457.471716794214 0
2322 2411.133943817705 2455.657631530587 0
2323 2411.437145730481 2452.665128975942 0
2324 2517.132842507129 2482.347481579879 0
2325 2456.592830488165 2494.136417030443 0
2326 2611.291005990581 2457.364419758424 0
2327 2614.132428110453 2457.223194642617 0
2328 2615.41777672387 2454.562265608381 0
2329 2617.073659320484 2457.062837490259 0
2330 2446.54667879825 2514.006006612264 0
2331 2443.751184077793 2513.558439506984 0
2332 2450.846030326753 2460.611096858478 0
2333 2412.991136699031 2541.839729827856 0
2334 2410.862194598577 2544.128443075254 0
2335 2597.593413903392 2455.799152962541 0
2336 2594.402765269047 2456.182057085084 0
2337 2465.717155306837 2555.246145625657 0
2338 2438.154685135728 2555.083687210022 0
2339 2426.268841080379 2465.675351352255 0
2340 2428.336360686872 2467.387051238572 0
2341 2433.792108302475 2472.820466970581 0
2342 2431.830986687321 2470.686335667825 0
2343 2521.270713980442 2499.571185824793 0
2344 2615.578762057455 2459.414802669099 0
2345 2618.197399700742 2459.557167796869 0
2346 2568.954953256537 2469.846218176615 0
2347 2608.155073227835 2457.641887414755 0
2348 2418.48184027885 2461.276490840408 0
2349 2420.374458373326 2462.368686157592 0
2350 2415.314469223387 2540.067879410822 0
2351 2455.843450705346 2539.91149019585 0
2352 2441.508773310617 2474.399255254599 0
2353 2440.119985973654 2477.021499218558 0
2354 2437.046907950438 2476.838075361651 0
2355 2443.085971762638 2476.937736268496 0
2356 2438.52433880118 2479.732354539295 0
2357 2477.028477252004 2530.353418918926 0
2358 2587.303046995619 2458.539526866889 0
2359 2584.815975165362 2459.789289344756 0
2360 2589.704735259819 2458.384777667744 0
2361 2457.25349940659 2511.231143073477 0
2362 2528.180400377881 2468.182747439997 0
2363 2458.55598661565 2498.029214892779 0
2364 2461.129487575784 2494.217690489905 0
2365 2555.453116876195 2454.91880004267 0
2366 2432.629689428231 2535.316802822562 0
2367 2430.852933661934 2532.780511666209 0
2368 2471.867614201564 2464.806142371398 0
2369 2467.767937699893 2470.128759609618 0
2370 2459.429617811524 2489.996020407103 0
2371 2464.237790741696 2490.50403811976 0
2372 2462.556305029889 2486.268362315889 0
2373 2428.234682420203 2532.659366328615 0
2374 2429.39703767533 2530.677571548442 0
2375 2431.870649127289 2530.300662566847 0
2376 2575.977553834515 2443.524664413061 0
2377 2575.095342534317 2447.155764889434 0
2378 2438.649639377824 2530.138190493114 0
2379 2432.433295337476 2468.243635704591 0
2380 2565.775155158392 2453.231875512064 0
2381 2447.365139763677 2520.320726961971 0
2382 2567.923539187927 2472.079015538719 0
2383 2565.213572112972 2472.516534130441 0
2384 2567.235999212163 2474.421772195759 0
2385 2565.006554608317 2475.017751946729 0
2386 2424.004846216675 2463.72738729662 0
2387 2612.968455180234 2459.417801927982 0
2388 2445.518748035571 2485.691739772348 0
2389 2444.516871079108 2488.618375343571 0
2390 2442.626906059319 2486.333419189051 0
2391 2441.614777279904 2488.694323593781 0
2392 2443.163922708815 2490.956607594769 0
2393 2461.296306981314 2469.276586382499 0
2394 2463.379405298607 2476.008819042555 0
2395 2456.765804238829 2502.082332764442 0
2396 2563.766491015866 2457.566493785916 0
2397 2444.031015594527 2504.005006576628 0
2398 2589.147902555876 2453.366139393678 0
2399 2410.823323631241 2458.690031994806 0
2400 2408.709929795457 2456.929874435709 0
2401 2413.020495364342 2459.569248281925 0
2402 2415.24496811763 2459.206567331331 0
2403 2466.486263588049 2494.510103583716 0
2404 2440.135634902798 2486.754016247086 0
2405 2440.720109952027 2484.414165108543 0
2406 2439.303342184669 2488.814659822495 0
2407 2570.176575775916 2471.70268221207 0
2408 2525.508036783592 2473.955208568127 0
2409 2566.540790975322 2476.564164785813 0
2410 2564.450238110795 2476.835100279248 0
2411 2562.848501490247 2475.690319561229 0
2412 2562.6832311261 2478.25510016982 0
2413 2446.000702927643 2549.896366303698 0
2414 2570.671638517214 2453.224048428644 0
2415 2410.412022312813 2541.617342241365 0
2416 2408.333711566092 2543.355101376094 0
2417 2397.801173308257 2539.105503497812 0
2418 2408.677268929292 2546.144485545888 0
2419 2571.13946843912 2469.731915870271 0
2420 2570.342836772774 2467.986717500734 0
2421 2572.676645437584 2467.991884463123 0
2422 2427.458515589655 2546.730897313764 0
2423 2424.654086556368 2548.736748351691 0
2424 2428.391130991254 2553.451649863252 0
2425 2430.182666747784 2557.627948307849 0
2426 2425.645549729357 2556.794374058893 0
2427 2426.981908968475 2561.57068217223 0
2428 2440.581596638324 2490.699870497223 0
2429 2441.651791468618 2492.558089448923 0
2430 2463.508273115368 2507.932122693886 0
2431 2569.429192576838 2444.650298859587 0
2432 2576.35430555134 2438.835532631139 0
2433 2614.390026478561 2461.456486762627 0
2434 2616.781312144498 2461.433919845494 0
2435 2619.161607982461 2461.789479419613 0
2436 2620.816711183252 2459.987491222296 0
2437 2625.029233282844 2469.810372183429 0
2438 2621.423386683985 2462.757430724009 0
2439 2435.421964014595 2522.230820609067 0
2440 2434.63957755088 2524.751417351985 0
2441 2435.694055552085 2526.61669942405 0
2442 2433.482112079267 2526.669898145878 0
2443 2548.402483507843 2432.203725935086 0
2444 2539.665481299718 2471.154016817529 0
2445 2436.307407325206 2519.962415300991 0
2446 2581.144108873239 2437.475919993925 0
2447 2573.658756797156 2428.213327963639 0
2448 2570.474169633209 2421.963657491519 0
2449 2592.904063199047 2432.23542677532 0
2450 2610.482708548844 2460.013633806459 0
2451 2446.093049071425 2491.046703313515 0
2452 2560.210556848171 2476.357476475596 0
2453 2559.72965727532 2479.272685470863 0
2454 2557.419924462131 2477.424701606843 0
2455 2556.885939264992 2480.322041982799 0
2456 2559.531721378741 2482.274911544022 0
2457 2556.422775300492 2483.275991926299 0
2458 2558.665780128367 2485.18815457502 0
2459 2555.860141684771 2486.224554994451 0
2460 2558.024938353405 2488.201346245292 0
2461 2555.338281473104 2489.179106339689 0
2462 2553.5576746459 2484.303661534032 0
2463 2557.494000617704 2490.786461977942 0
2464 2554.914937397547 2491.747005109933 0
2465 2557.401630116235 2493.526797808267 0
2466 2554.247905961063 2494.5635001472 0
2467 2552.121280508727 2492.467411338776 0
2468 2551.333420560668 2495.289053424698 0
2469 2553.463543785852 2497.425909936718 0
2470 2549.277771600985 2493.108930305676 0
2471 2548.382009672639 2496.189921668811 0
2472 2546.157779034697 2493.783312387425 0
2473 2550.165438686644 2490.547560131397 0
2474 2544.983051287678 2496.824967700732 0
2475 2547.707151368226 2499.638732605994 0
2476 2559.990147299822 2489.911158856381 0
2477 2442.188112425464 2559.835033892194 0
2478 2444.644673963342 2567.289925298339 0
2479 2432.164012323828 2562.835225460263 0
2480 2512.952846539587 2470.587379510313 0
2481 2591.182535098364 2455.548979969243 0
2482 2435.774271071394 2479.355508553059 0
2483 2561.076568950315 2461.668916010895 0
2484 2555.876320704016 2514.796150316261 0
2485 2553.910652439922 2517.204067151265 0
2486 2556.88611927862 2517.694920452477 0
2487 2555.074190064341 2519.923291426252 0
2488 2558.04671020719 2520.303796148131 0
2489 2556.233920113043 2522.659180598406 0
2490 2553.514544455803 2522.196220481658 0
2491 2554.425089653855 2525.052559214259 0
2492 2557.681549817272 2525.361522041264 0
2493 2556.024343487566 2528.232584991801 0
2494 2551.773316621061 2527.817448476285 0
2495 2553.714854713129 2531.576751308537 0
2496 2558.122814835604 2531.474442473541 0
2497 2555.982441138405 2535.384396869306 0
2498 2519.834814261884 2563.138200313314 0
2499 2513.313025845559 2570.795688611625 0
2500 2523.416361836416 2572.973823555098 0
2501 2516.093928068022 2581.747535277384 0
2502 2527.746180808747 2582.798549642436 0
2503 2520.849639481246 2593.866220008611 0
2504 2597.944072760755 2539.161342792921 0
2505 2533.81581296911 2572.661589498072 0
2506 2538.775740256708 2583.03721638501 0
2507 2544.328863721543 2574.794990481964 0
2508 2549.068958119851 2583.672232097073 0
2509 2554.45024785258 2575.134760108702 0
2510 2559.502858656358 2583.187761582857 0
2511 2553.917142652963 2592.507909269162 0
2512 2564.047958278617 2592.823157188568 0
2513 2558.973209768086 2601.731626069769 0
2514 2610.297857524386 2537.841916920842 0
2515 2604.225845764301 2539.001200583109 0
2516 2569.341095644452 2584.397542374971 0
2517 2560.46143688242 2534.504098528213 0
2518 2558.446327002152 2539.113590783469 0
2519 2553.851622140352 2539.347967475564 0
2520 2563.314766395567 2538.549248788077 0
2521 2593.762203478439 2538.71648280753 0
2522 2560.945387830425 2542.939214405914 0
2523 2565.388092855508 2542.848640596043 0
2524 2563.318611238758 2546.777293300619 0
2525 2567.712537985698 2546.582370068486 0
2526 2558.524732389535 2546.68256207105 0
2527 2565.495771884518 2550.738461654358 0
2528 2570.068212594793 2550.643426075968 0
2529 2572.199275577757 2546.044967774447 0
2530 2574.612300566152 2550.217533610512 0
2531 2572.618345340214 2554.236350868947 0
2532 2577.113028142944 2553.899663627225 0
2533 2579.327736764143 2549.60782539533 0
2534 2581.637429656079 2553.83540809311 0
2535 2579.672511283898 2557.596721970223 0
2536 2584.075343510524 2557.5912011298 0
2537 2585.531079810226 2553.299257867985 0
2538 2588.745671346317 2556.671178326645 0
2539 2586.511436663134 2561.290851443433 0
2540 2591.009865599739 2561.077006656324 0
2541 2593.557729327912 2557.412501769445 0
2542 2595.558705975009 2561.032873511017 0
2543 2593.275775253471 2565.08355800208 0
2544 2598.234609533904 2564.542253472306 0
2545 2618.082094720925 2534.798189564022 0
2546 2595.72817180598 2569.532271679387 0
2547 2601.996295824266 2568.758292128322 0
2548 2599.819301896091 2560.771551661259 0
2549 2598.708292338872 2574.717802634236 0
2550 2605.094854761361 2574.653059912412 0
2551 2621.756364495232 2532.721553089109 0
2552 2503.389851974205 2578.988831370208 0
2553 2504.949886837745 2593.996339759827 0
2554 2514.390547798125 2606.882832489481 0
2555 2499.625520266718 2610.086912528839 0
2556 2509.540098780723 2621.006498534274 0
2557 2452.089500032109 2569.446998195559 0
2558 2445.299236669135 2575.364190253841 0
2559 2428.370540979302 2567.334897879965 0
2560 2422.42494031177 2565.330030902493 0
2561 2423.542652276044 2571.774219031468 0
2562 2416.917347866867 2569.402996863951 0
2563 2418.284008653716 2576.202696279501 0
2564 2386.05091854317 2536.550420803886 0
2565 2411.894496735967 2574.045613016385 0
2566 2413.339677090397 2580.85708950971 0
2567 2406.553150720616 2578.568839233888 0
2568 2408.114252650004 2585.970735165231 0
2569 2400.974573374145 2583.481454408745 0
2570 2402.321152400946 2592.756476112692 0
2571 2391.741880785093 2538.322682803698 0
2572 2380.075205272201 2533.563466438697 0
2573 2400.18055382109 2576.284758348105 0
2574 2416.357749349535 2588.895425372126 0
2575 2409.743753258793 2568.248129783922 0
2576 2455.181055759965 2577.780984028254 0
2577 2448.379597772426 2584.94566134082 0
2578 2526.932937277403 2555.277591031732 0
2579 2458.127054175332 2587.423249477307 0
2580 2451.108781363546 2594.683796001265 0
2581 2590.493349146778 2569.536424261634 0
2582 2549.241230597229 2531.171054175588 0
2583 2461.615207488333 2597.280404692873 0
2584 2453.10992785831 2605.671867498956 0
2585 2567.125300216405 2539.409289018171 0
2586 2465.003938100788 2579.849204308875 0
2587 2424.64349425796 2578.428024005901 0
2588 2440.358073419951 2593.22874886124 0
2589 2550.178102204421 2567.385970102253 0
2590 2558.090350786197 2567.180217923484 0
2591 2548.527254110431 2601.261605762523 0
2592 2552.775510388235 2611.589797838665 0
2593 2566.240177447198 2613.21778803426 0
2594 2557.808876237515 2623.925229909281 0
2595 2574.122496092316 2593.298553146649 0
2596 2563.061551528066 2531.558160939276 0
2597 2466.24736703835 2609.485384221595 0
2598 2455.197978780843 2618.839533782629 0
2599 2494.758793927352 2625.100604071583 0
2600 2506.246349930349 2637.421484118724 0
2601 2489.664946532801 2641.611961507122 0
2602 2502.730337131516 2656.899592005714 0
2603 2479.427986508933 2659.79524479154 0
2604 2496.33243088334 2678.243373698434 0
2605 2474.173688129099 2684.361060607718 0
2606 2490.282859603468 2703.01812000924 0
2607 2467.457763523478 2706.773477408402 0
2608 2480.706507993982 2725.424383388633 0
2609 2458.092663120713 2732.790396626046 0
2610 2482.406211448593 2754.151361373586 0
2611 2448.225932912996 2763.799041396557 0
2612 2471.309034498736 2787.914911679569 0
2613 2436.595540254257 2796.09104139202 0
2614 2461.388553247401 2820.979614876971 0
2615 2426.690517432888 2832.703690503968 0
2616 2495.712244833305 2812.805089154666 0
2617 2485.596837899434 2851.957761125748 0
2618 2530.090267552093 2837.572622054306 0
2619 2514.68785451445 2886.942734600108 0
2620 2561.603783499227 2874.614547487149 0
2621 2540.542691619517 2927.61065927931 0
2622 2594.510654792776 2911.88850649867 0
2623 2579.39844473983 2962.825570718932 0
2624 2632.142981498061 2949.632092263464 0
2625 2616.197955959291 3009.632478520734 0
2626 2685.15781915834 2989.109620494123 0
2627 2553.681050685821 3019.132412999981 0
2628 2398.303238628813 2806.963503365389 0
2629 2390.285138043875 2849.411632501036 0
2630 2359.600886502715 2819.166924113772 0
2631 2349.884502306876 2864.633738078999 0
2632 2316.286190963637 2829.410915138091 0
2633 2304.08696337443 2876.818769191478 0
2634 2267.243557810021 2834.491927812037 0
2635 2253.814037680061 2890.073584672134 0
2636 2217.47183207984 2853.016808430488 0
2637 2204.068182842309 2903.324167640374 0
2638 2165.830751937145 2866.238447692855 0
2639 2154.171116161717 2923.040017082181 0
2640 2111.873067604528 2881.690566087701 0
2641 2098.30507146881 2947.832121456764 0
2642 2050.459086485277 2898.530918941719 0
2643 2028.813544061235 2968.964044380854 0
2644 1977.298293625774 2916.515312133778 0
2645 1954.080084052431 2990.611420933947 0
2646 1899.817142626282 2936.958713256614 0
2647 1868.605062226323 3025.528789859823 0
2648 1922.517053274272 2862.476142791238 0
2649 1845.011672608119 2883.132830830712 0
2650 1864.193976519095 2808.59022396333 0
2651 2009.403074762505 3043.938600732492 0
2652 1789.73471249647 2829.354172486748 0
2653 1808.427715487635 2752.827364785775 0
2654 1733.026153867901 2776.393588988515 0
2655 1750.316897488497 2696.304972854949 0
2656 1663.068192702021 2724.99057098123 0
2657 1688.526723097357 2625.336654922844 0
2658 2130.101415650606 2830.240795296505 0
2659 1592.788195722768 2658.225118256445 0
2660 1610.602317408157 2563.037774466741 0
2661 1567.964989356798 2758.358943014731 0
2662 1519.330168677486 2590.331186235808 0
2663 1542.942903212754 2492.473912663495 0
2664 1645.004644890214 2471.859078205124 0
2665 1568.909251022331 2396.309249269987 0
2666 1662.953831181095 2367.832182304177 0
2667 1592.534205409544 2298.301165091946 0
2668 1687.435504860324 2272.023907751468 0
2669 1616.817925953407 2201.345547917152 0
2670 1725.089360006023 2179.044681101501 0
2671 1643.447071160689 2105.04801833431 0
2672 1736.00249788383 2082.040000518337 0
2673 1666.040097036412 2008.190589306034 0
2674 1769.473821299406 1989.675982094496 0
2675 1691.692781262705 1912.009483503068 0
2676 1788.102181472874 1884.852324559171 0
2677 1715.390370367681 1813.875977589556 0
2678 1811.462724306575 1786.384412693412 0
2679 1739.537202245886 1716.469836588786 0
2680 1835.686838045579 1689.097019257956 0
2681 1643.211577503659 1743.595113270584 0
2682 1667.691555506547 1646.661471885232 0
2683 1906.574186741228 1755.76579103358 0
2684 1931.698166623579 1661.232519435034 0
2685 2002.562464115567 1727.819344128387 0
2686 2027.832579821249 1633.731434989204 0
2687 2098.60432924388 1704.758672571689 0
2688 2123.996438414527 1607.105215664302 0
2689 2194.773095403094 1678.278264100276 0
2690 2220.186354745556 1580.054851040435 0
2691 2291.926779127151 1649.759958883692 0
2692 2316.544766960352 1552.59414607588 0
2693 2388.313273989241 1622.230863862356 0
2694 2412.803397012115 1525.229919420419 0
2695 2484.555273680498 1594.882716925077 0
2696 2509.0213141749 1497.911930497149 0
2697 2580.766405361786 1567.572434290506 0
2698 2605.22730118786 1470.607958579697 0
2699 2676.970404016442 1540.27079854069 0
2700 2701.430111004744 1443.307763977339 0
2701 2773.172684300648 1512.971233490848 0
2702 2797.632104893873 1416.00854404416 0
2703 2869.374542201818 1485.672176002532 0
2704 2893.833892397872 1388.709571149431 0
2705 2965.576295308294 1458.373244280878 0
2706 2941.116970299798 1555.335818914045 0
2707 3037.318698268783 1528.036917342092 0
2708 3012.859369728094 1624.999496209132 0
2709 3109.061089378261 1597.700604613353 0
2710 3084.601762402941 1694.663181603156 0
2711 3180.803480974996 1667.36429130028 0
2712 3156.213216357017 1763.865441815512 0
2713 3205.26280790207 1570.401714368338 0
2714 3252.524049437886 1736.951073806712 0
2715 3226.129498429023 1833.950372055117 0
2716 3323.958452112253 1806.672150564017 0
2717 3297.647144481709 1904.15525762167 0
2718 3395.612054485313 1876.435602250958 0
2719 3371.063837132559 1973.491109747149 0
2720 1571.469186125808 1673.93142632116 0
2721 1595.931954901772 1576.973671976787 0
2722 3467.618697907849 1946.061277519327 0
2723 3443.219638546403 2043.038864089306 0
2724 3492.232373466339 1849.056462102614 0
2725 1520.712552555193 2228.51332631771 0
2726 2148.640442979764 1510.159993715201 0
2727 1499.517528805101 1604.297486789087 0
2728 1524.151817662293 1507.310924103734 0
2729 3539.474032965799 2015.69930708738 0
2730 3515.03352998189 2112.657607793316 0
2731 3407.914637644009 2149.699529271328 0
2732 3490.59678405238 2209.607879860566 0
2733 2643.70889396063 2903.431594923247 0
2734 1427.527396535956 1534.757024004533 0
2735 1452.361845158968 1437.667931027834 0
2736 3586.794738860623 2182.311040685332 0
2737 3562.338548180177 2279.271908611928 0
2738 3470.942837709087 2307.782723005096 0
2739 3538.680640722491 2376.436245081228 0
2740 2533.485171292621 1400.943955167798 0
2741 3634.214927636842 2348.968994282288 0
2742 3609.77793205272 2445.937137671942 0
2743 1355.945624405734 1465.088379742792 0
2744 1380.638293468128 1368.006866838631 0
2745 3705.836498663964 2418.602109852806 0
2746 3681.39267003083 2515.568596998446 0
2747 1284.439715107549 1395.306193952105 0
2748 1259.856941041412 1492.296957126485 0
2749 1308.958947544968 1298.314101587289 0
2750 1405.150158277701 1271.020057984127 0
2751 1829.431028711259 2684.025846375126 0
2752 3054.150375509695 1784.997030051051 0
2753 2549.013519868542 1676.042231133417 0
2754 3442.61249232622 2403.768761656803 0
2755 3777.573112772632 2488.264335741236 0
2756 3753.112822963844 2585.226669167233 0
2757 1212.747244985438 1325.617910812137 0
2758 1237.214892125327 1228.651234510835 0
2759 2077.977837038623 1793.816078941845 0
2760 3849.309286006926 2557.92645225252 0
2761 3824.850471576946 2654.889158580211 0
2762 3728.648838685293 2682.188070132184 0
2763 3800.390453838461 2751.85156108643 0
2764 3704.188620395389 2779.15042200149 0
2765 3775.930863213332 2848.814071439796 0
2766 3679.729100955818 2876.112950329381 0
2767 3751.471460248819 2945.776629177451 0
2768 3655.269729268076 2973.075515964417 0
2769 3727.01211318638 3042.739201030344 0
2770 3630.810391522652 3070.038090169852 0
2771 3702.552781098006 3139.701776664177 0
2772 3606.351061929954 3167.000666433841 0
2773 3678.093452864097 3236.66435327126 0
2774 3581.891734338456 3263.963243203131 0
2775 3653.634125606132 3333.626930124767 0
2776 3557.432407243149 3360.92582009771 0
2777 3629.174798593524 3430.589507040227 0
2778 3532.973080271433 3457.888397023495 0
2779 3604.715471642407 3527.552083971213 0
2780 3508.513753330565 3554.850973957069 0
2781 3580.256144706681 3624.514660906084 0
2782 3484.054426397403 3651.813550892588 0
2783 3676.457863014817 3597.215770919292 0
2784 3651.998536083319 3694.178347855232 0
2785 3873.769285917836 2460.964045292904 0
2786 3748.200254391542 3666.879457868462 0
2787 3723.740927460765 3763.842034804583 0
2788 3774.29517109857 3209.36546326587 0
2789 3819.942645769122 3736.543144817848 0
2790 3412.312035019433 3582.149863943105 0
2791 3387.852708088194 3679.11244087911 0
2792 3795.483318838488 3833.505721754004 0
2793 3316.110316710428 3609.448753929678 0
2794 3291.650989779737 3706.411330865822 0
2795 3219.908598401904 3636.747643916373 0
2796 3195.449271471285 3733.710220852535 0
2797 3267.191662849116 3803.373907801983 0
2798 3170.98994454069 3830.672797788703 0
2799 3099.247553162861 3761.009110839255 0
2800 3074.788226232267 3857.971687775424 0
2801 3003.045834854439 3788.308000825976 0
2802 2978.586507923845 3885.270577762144 0
2803 2907.636605072203 3818.399632861762 0
2804 2882.516871036454 3913.034924757042 0
2805 2811.588981754984 3846.24155602469 0
2806 2786.362848796738 3940.501896441159 0
2807 2715.142473382447 3872.677801969689 0
2808 2690.128281489081 3967.685026037159 0
2809 2618.894481896801 3899.813624551003 0
2810 1141.012896476567 1255.950261143115 0
2811 1165.473858205617 1158.986878742126 0
2812 3872.132556761774 2821.515175201219 0
2813 2593.913376151249 3994.937444724525 0
2814 2522.168786935187 3925.266012558518 0
2815 1807.304126336295 2146.825868952946 0
2816 3891.685037146891 3806.20683176728 0
2817 3242.732335918517 3900.33648473815 0
2818 2497.622130562394 4021.920839164819 0
2819 2425.864817971161 3952.204569624301 0
2820 3867.225710216288 3903.169408703445 0
2821 1447.452987160995 2519.705816993231 0
2822 2990.035628038565 1361.410660388887 0
2823 2918.293237627351 1291.746972280135 0
2824 3014.494958985587 1264.448078637894 0
2825 2942.752568277167 1194.784390885973 0
2826 3038.954287205457 1167.485500156257 0
2827 2967.211896042511 1097.821812949228 0
2828 3063.413614490056 1070.522922795748 0
2829 2401.388449264633 4049.107091073646 0
2830 2329.640730721916 3979.424631111216 0
2831 1069.272071819889 1186.285802270557 0
2832 1093.731692310867 1089.323080697237 0
2833 1044.812733543126 1283.248384796959 0
2834 1189.933427105892 1062.024182587524 0
2835 2354.099169791695 3882.458925339551 0
2836 2257.891977591714 3909.738525246195 0
2837 2233.433336103812 4006.70351769321 0
2838 2161.689998674371 3937.036496842974 0
2839 2137.230628308957 4033.998920714152 0
2840 2065.488002991712 3964.334409358515 0
2841 3559.067999585602 3000.3744030792 0
2842 3945.510753101793 2530.627498832084 0
2843 3969.970038163463 2433.664911323631 0
2844 2041.02869885709 4061.297066628046 0
2845 1969.286272288688 3991.633255666461 0
2846 3963.427428524704 3875.870518716723 0
2847 3987.886755455295 3778.907941780553 0
2848 3938.968101594108 3972.83309565289 0
2849 1993.745593354187 3894.670658061603 0
2850 1897.543872002483 3921.969537323746 0
2851 1873.084544564674 4018.932112472485 0
2852 1801.342150943399 3949.268417617094 0
2853 1776.882824228544 4046.230995313527 0
2854 1705.140432512765 3976.567307173133 0
2855 1680.681105561802 4073.529884037521 0
2856 1608.9387140984 4003.86619678651 0
2857 1633.398041040585 3906.903619891191 0
2858 1537.196322716439 3934.202509822496 0
2859 1561.655649646343 3837.2399328839 0
2860 1465.453931334047 3864.538822856966 0
2861 1440.994604403947 3961.501399794873 0
2862 1369.25221302544 3891.837712843035 0
2863 1393.71153995592 3794.875135906469 0
2864 1297.509821647449 3822.174025893015 0
2865 1273.050494716849 3919.136602829153 0
2866 1321.969148578015 3725.211448956752 0
2867 1225.767430269581 3752.510338943429 0
2868 1250.226757200167 3655.547762007237 0
2869 1154.025038891743 3682.846651993947 0
2870 1178.484365822333 3585.884075057773 0
2871 1082.282647513911 3613.182965044492 0
2872 1106.741974444502 3516.220388108323 0
2873 1057.823320583321 3710.145541980661 0
2874 2954.149194563423 3982.310730866342 0
2875 2991.671223189597 1000.859235753561 0
2876 3087.872941515735 973.5603457456077 0
2877 3159.615332896513 1043.224032691516 0
2878 3184.074659843448 946.2614557357633 0
2879 3255.81705122449 1015.925142681356 0
2880 3280.276378158344 918.9625657412821 0
2881 3352.01876953725 988.6262526894361 0
2882 1010.540256136081 3543.519278095045 0
2883 1034.999583066673 3446.556701158876 0
2884 2240.195019761462 2939.824878111304 0
2885 3376.478096468568 891.6636757524018 0
2886 3448.220487846695 961.3273627014896 0
2887 997.529979142751 1116.621968151367 0
2888 1021.989382033566 1019.659353789593 0
2889 3842.766383285689 4000.131985639609 0
2890 4035.16981990253 3945.534205666169 0
2891 2282.351841988198 3812.777842348291 0
2892 3472.679814777462 864.3647857651176 0
2893 3544.422206155366 934.0284727144717 0
2894 4010.710492971935 4042.496782602337 0
2895 4041.712201239238 2503.328540614937 0
2896 4066.171550432923 2406.365969301415 0
2897 2512.453674655731 2696.697399232422 0
2898 2665.534202849864 4064.172735829615 0
2899 938.7978647582522 3473.855591145598 0
2900 963.2571916888451 3376.89301420943 0
2901 3568.881533086003 837.0658957782548 0
2902 3640.62392446385 906.7295827276789 0
2903 3616.164597533259 1003.692159663841 0
2904 3712.366315841698 976.3932696771024 0
2905 3736.825642772289 879.4306927409393 0
2906 3808.568034150118 949.0943796903841 0
2907 3784.108707219524 1046.056956626551 0
2908 3880.310425527945 1018.758066639832 0
2909 3855.85109859735 1115.720643576001 0
2910 3952.052816905771 1088.421753589282 0
2911 3927.593489975175 1185.384330525449 0
2912 3976.512143836366 991.4591766531119 0
2913 4023.795208283596 1158.085440538731 0
2914 3999.335881353001 1255.048017474898 0
2915 925.7876510651113 1046.958250013945 0
2916 950.2469885457099 949.9956678797694 0
2917 3016.130550161606 903.8966587677523 0
2918 2919.928831849283 931.1955487591472 0
2919 2738.900006859768 3773.242093849969 0
2920 1202.943692752923 3488.921498121601 0
2921 2370.98061614347 2783.410461200715 0
2922 4095.537599661423 1227.74912748818 0
2923 4071.078272730827 1324.711704424347 0
2924 4106.912211280356 4015.197892615617 0
2925 4082.452884349764 4112.160469551784 0
2926 2112.771094034247 4130.960766966387 0
2927 867.055473380424 3404.191904196151 0
2928 891.5148003110173 3307.229327259983 0
2929 842.5961464498309 3501.154481132319 0
2930 4137.913907470922 2476.029647578281 0
2931 4162.373232388729 2379.06707013379 0
2932 4090.630840675438 2309.403383099621 0
2933 4186.83255286918 2282.104491568631 0
2934 4115.09016041633 2212.440804347683 0
2935 4211.291877526468 2185.141914058337 0
2936 4139.549485769758 2115.4782270132 0
2937 4235.751203815318 2088.179336960095 0
2938 987.7165186194402 3279.930437273262 0
2939 915.9741272416118 3210.266750323814 0
2940 2447.385944135612 2686.136233638303 0
2941 2660.948057621486 3061.694405010668 0
2942 2734.029853353441 3045.737384687513 0
2943 3485.690015856228 3291.262133145965 0
2944 1922.003197448348 3825.006955155367 0
2945 1752.423496936235 4143.193570975005 0
2946 1656.221778567528 4170.492460749278 0
2947 854.0452698856286 977.2945580397879 0
2948 829.5859428964545 1074.257135004842 0
2949 878.5045988891175 880.3319800822819 0
2950 974.7063171698198 853.0330901091827 0
2951 2709.468547462031 3117.252478937718 0
2952 2784.004724176835 3100.4407948202 0
2953 2809.126471470053 3029.168037229286 0
2954 4167.279991039249 1297.412814437627 0
2955 4191.739317969841 1200.45023750146 0
2956 2858.491076046205 3083.049788680346 0
2957 2883.148350709873 3010.497488619902 0
2958 2944.388158787184 834.2329718142228 0
2959 2848.186440478276 861.531861801524 0
2960 2835.596011061351 3156.447681832578 0
2961 819.7724089331937 3237.565640310529 0
2962 844.2317358637861 3140.603063374364 0
2963 940.4334541722064 3113.304173387645 0
2964 868.6910627943773 3043.640486438199 0
2965 3304.735705090861 821.9999888028094 0
2966 4178.654602658183 4084.861579565063 0
2967 4203.113929588774 3987.899002628898 0
2968 4154.19527572759 4181.824156501229 0
2969 4057.993557419171 4209.123046487948 0
2970 3831.391771666753 1212.683220512168 0
2971 1474.873807323065 1701.24651037939 0
2972 1620.387839986933 1480.006272448808 0
2973 902.9639262084283 783.3694029545693 0
2974 999.1656444474315 756.0705130020156 0
2975 806.7622078352247 810.6682929732442 0
2976 4142.820664108654 1394.375391373795 0
2977 4046.618945800233 1421.674281360515 0
2978 4239.022382417075 1367.076501387075 0
2979 2934.229519706527 3069.64064192124 0
2980 2958.811378631397 2995.66438915552 0
2981 772.4893444859642 3070.939376424917 0
2982 796.9486714165541 2973.976799488752 0
2983 893.1503897249731 2946.677909502031 0
2984 821.407998347144 2877.014222552583 0
2985 4234.115615094764 2448.730754893168 0
2986 4209.65628933189 2545.693332124244 0
2987 2872.645767410339 764.5692848635981 0
2988 2776.44404910175 791.8681748505169 0
2989 1727.964169934741 4240.156147661323 0
2990 1631.762451614503 4267.455037606402 0
2991 2909.289844920056 2940.43578190905 0
2992 2980.889405884122 2920.376961478312 0
2993 2926.953287945543 2863.800558661247 0
2994 3001.76927583411 2847.079409727379 0
2995 2950.036497854851 2789.444652463503 0
2996 3019.866346048086 2779.081281170575 0
2997 2975.098421736054 2731.172498643524 0
2998 2922.146882687034 2742.039702219758 0
2999 2937.496121980339 2692.208001721764 0
3000 2891.23393819123 2702.839866636653 0
3001 2899.357213179306 2654.468885728329 0
3002 2951.292267972011 2641.55827275225 0
3003 2915.750661486406 2606.270600243339 0
3004 2874.089374862345 2613.034870519616 0
3005 2632.2386640605 2522.306831868337 0
3006 2636.141635183034 2515.219060826944 0
3007 2887.257559637389 2576.514258264412 0
3008 2635.218775397954 2483.126397180218 0
3009 2638.087462280077 2490.662825736798 0
3010 2639.174880071717 2498.956774557736 0
3011 2638.798170032738 2507.449239369865 0
3012 2628.195223846249 2527.568664961582 0
3013 2632.03354742321 2477.429308007949 0
3014 2623.306293599307 2460.577908494986 0
3015 2851.142607480292 2582.130952451085 0
3016 2863.734367849243 2551.410858586949 0
3017 2832.3830950313 2613.080016959103 0
3018 2896.311845844794 2541.565207590794 0
3019 2872.720580404422 2517.747374709988 0
3020 2904.772177295433 2507.959595877658 0
3021 2880.867293852613 2483.741805256824 0
3022 2914.096509282087 2473.873822981715 0
3023 2888.886610919537 2450.788892474093 0
3024 2850.955017332124 2457.880417447685 0
3025 2862.622797384571 2425.00785681726 0
3026 2896.121715916875 2418.163296633938 0
3027 2871.553362376824 2394.302539525256 0
3028 2839.909561032601 2401.482072361254 0
3029 2848.821919170112 2368.998081075902 0
3030 2882.81348175073 2364.99521451127 0
3031 2856.806681542766 2337.59430439674 0
3032 2824.055462426228 2345.862110899499 0
3033 2831.263809219772 2314.059706272623 0
3034 2800.065020034561 2321.522747902345 0
3035 2806.668221905455 2290.206563569783 0
3036 2774.908995906058 2299.395589808184 0
3037 2782.776879773271 2265.906666480904 0
3038 2750.394400000729 2275.783598094967 0
3039 2758.369188571802 2242.047202497845 0
3040 2725.510097923746 2251.359878509651 0
3041 2860.84192998629 2300.728000189919 0
3042 2733.132238056005 2218.827443084098 0
3043 2700.816520963066 2227.545149493763 0
3044 2708.378721902807 2195.251117313871 0
3045 2676.235303915536 2203.772491180034 0
3046 2667.50996579806 2243.11929636635 0
3047 2643.31666090376 2215.208963808503 0
3048 2652.687644468884 2179.302667052347 0
3049 2619.112678918149 2189.398046703952 0
3050 2610.648394277632 2222.223729093276 0
3051 2586.154706335373 2198.46354822444 0
3052 2829.814164990828 2557.900439260438 0
3053 2768.17259491773 2197.580058509136 0
3054 2577.300388279646 2229.878998515229 0
3055 2551.990730120222 2207.162268501618 0
3056 2561.902966879682 2169.46196922929 0
3057 2517.975200856118 2182.12239866722 0
3058 2544.605539917288 2240.4924279384 0
3059 2766.074806571697 2331.959131916964 0
3060 2533.422761629502 2134.7257550865 0
3061 2479.224218792241 2153.019082969117 0
3062 2941.874551981752 2501.401007542616 0
3063 4250.396994036008 4154.52526651451 0
3064 2571.723412013597 2265.115203057854 0
3065 2537.19796429553 2273.492543798754 0
3066 4225.937667105418 4251.487843450676 0
3067 2496.701835405821 2099.240099059973 0
3068 2546.714937925568 2086.749992463691 0
3069 2446.979221507308 2112.625034565474 0
3070 2427.013228762064 2165.605736298405 0
3071 2398.194587727665 2126.522832581817 0
3072 2382.757648127126 2170.817082767675 0
3073 2353.16405784029 2139.678396133092 0
3074 2344.539793742151 2180.508276461058 0
3075 2367.736562133451 2209.152733619317 0
3076 2334.500786753912 2215.407226935869 0
3077 2383.252028075668 2464.26196674337 0
3078 2389.682231932364 2462.165890937772 0
3079 2310.188132135279 2191.527702745 0
3080 2302.141113616229 2224.92601763413 0
3081 2326.277537031768 2248.314141029422 0
3082 2295.088626481436 2258.462676108831 0
3083 2373.757648401925 2471.166846809253 0
3084 2274.936391940734 2202.337392443575 0
3085 2318.300004274745 2281.525725076783 0
3086 2288.986509920268 2291.320737738668 0
3087 2309.073345738732 2314.406357294758 0
3088 2279.892127965363 2320.009424065471 0
3089 2365.857047310036 2480.903892917253 0
3090 2369.154779810537 2475.783300433509 0
3091 2260.540810449829 2302.185684797167 0
3092 2256.172626905361 2329.549646236305 0
3093 2275.926961772316 2346.33801601129 0
3094 2253.568059845393 2353.772900026198 0
3095 2233.188763165307 2338.431899179998 0
3096 2232.344415125747 2365.715476490668 0
3097 2361.387293878312 2492.747231915051 0
3098 2363.1610872639 2486.814151376646 0
3099 2251.575445152875 2376.901036988404 0
3100 2233.286415733131 2390.243709072965 0
3101 2212.116806422766 2379.592708492798 0
3102 2214.907162609366 2405.276346972227 0
3103 2364.93074797452 2517.137949697017 0
3104 2394.573842570508 2589.133919732763 0
3105 2369.303397749566 2524.090196432503 0
3106 2361.980435853342 2509.194939206337 0
3107 2360.850744481336 2501.041859712166 0
3108 2373.499480987474 2528.825183771181 0
3109 2190.463600838278 2397.075758802177 0
3110 2196.102475654477 2421.983233695014 0
3111 2218.986109412422 2429.118553030867 0
3112 2202.723778317326 2445.093626865357 0
3113 2175.16161872612 2439.92598376466 0
3114 2337.306693092801 2302.653898684048 0
3115 2224.823840000943 2451.229155549655 0
3116 2208.212940915708 2467.111807315229 0
3117 2395.683532088198 2598.735172929384 0
3118 2387.010903715241 2595.43358048165 0
3119 2388.737078583368 2605.300484813685 0
3120 2379.26510389304 2602.648210060199 0
3121 2377.517334601277 2592.25154949397 0
3122 2369.712666635992 2599.841803306086 0
3123 2367.474663229994 2589.481260571116 0
3124 2359.901865508992 2596.158913070427 0
3125 2357.754585276123 2586.293881953623 0
3126 2350.235566287382 2592.90205998427 0
3127 2348.309964796937 2582.487317921928 0
3128 2340.639263415996 2589.613005022064 0
3129 2339.10247954486 2579.016486355694 0
3130 2331.09415609671 2586.374545108543 0
3131 2329.418202695892 2576.274161065083 0
3132 2321.120441213002 2583.340450815122 0
3133 2323.499267466007 2594.733530895837 0
3134 2311.447200323724 2591.437511318411 0
3135 2360.792859648955 2607.86800626671 0
3136 2319.353583491131 2573.376028376827 0
3137 2332.126669615879 2327.865877132752 0
3138 2354.596804825281 2321.31540895974 0
3139 2314.625657833846 2604.671072629612 0
3140 2300.31661237139 2600.461202645359 0
3141 2304.242104755495 2615.357301942364 0
3142 2288.787166688393 2611.018516142256 0
3143 2328.189068166719 2565.052443389201 0
3144 2317.477563143866 2563.236886584988 0
3145 2285.453254980595 2595.261349601557 0
3146 2271.604111314746 2608.040415292324 0
3147 2324.431523114349 2555.750066676501 0
3148 2315.161947271865 2553.388515061447 0
3149 2322.59566134222 2546.886032200803 0
3150 2313.093346025783 2543.661662288791 0
3151 2348.793640315595 2343.586965007742 0
3152 2369.911704538411 2337.933244101822 0
3153 2321.887487544601 2536.974484995004 0
3154 2311.115109172449 2533.781827828346 0
3155 2319.788890776761 2526.159173353336 0
3156 2303.455211611931 2540.588178711917 0
3157 2269.462915353191 2587.146279068665 0
3158 2254.669654152613 2602.924311594779 0
3159 2293.202697913287 2627.514206726969 0
3160 2309.139800222926 2523.874031130671 0
3161 2316.111925229006 2517.126034447041 0
3162 2307.610252133331 2514.855224498969 0
3163 2313.901470955687 2508.957120395102 0
3164 2308.390602938931 2632.966010335096 0
3165 2355.964305360567 2577.01716480788 0
3166 2363.586748847544 2357.219063241491 0
3167 2382.326949827999 2352.134444670467 0
3168 2379.06907658482 2368.340126475439 0
3169 2364.767524424009 2374.683526987571 0
3170 2393.682794351851 2363.538134482945 0
3171 2377.721840888014 2383.555030396143 0
3172 2367.037865566776 2390.230655846608 0
3173 2398.781721178591 2349.574369404874 0
3174 2408.700189171859 2360.184955036588 0
3175 2331.507514837437 2549.679388957159 0
3176 2322.07319815335 2509.702610292364 0
3177 2318.85910423411 2502.220733361296 0
3178 2311.979067427519 2500.381046879509 0
3179 2317.333769938687 2495.045182021217 0
3180 2323.764128439243 2496.799684104751 0
3181 2322.39205051299 2490.309077960505 0
3182 2315.786432878165 2488.123703965173 0
3183 2321.260078234818 2483.389415569579 0
3184 2314.809814718516 2481.384562278329 0
3185 2320.390611066546 2476.449528242223 0
3186 2326.297534047007 2479.235907695332 0
3187 2326.449393871428 2472.21222201037 0
3188 2319.63987533423 2468.792007985081 0
3189 2326.783054886507 2465.033591172216 0
3190 2319.727719738047 2460.575593195337 0
3191 2332.654011171365 2468.931098265101 0
3192 2333.633639841778 2462.197187353133 0
3193 2249.012983115097 2584.498655851245 0
3194 2234.050408449445 2600.062561338042 0
3195 2618.4071461978 2454.37549442537 0
3196 725.2062800387282 2904.313112539302 0
3197 749.6656069693165 2807.350535603136 0
3198 845.8673252777378 2780.051645616416 0
3199 774.124933899911 2710.387958666968 0
3200 870.3266522083327 2683.089068680248 0
3201 798.5842608305059 2613.4253817308 0
3202 894.7762030837173 2586.124025682038 0
3203 823.0419584185661 2516.462393784292 0
3204 919.2435407775665 2489.226339464172 0
3205 847.4687575317544 2419.502089859541 0
3206 751.2952319661949 2446.799359676973 0
3207 775.7538363843664 2349.836891547827 0
3208 871.9309159108916 2322.530509035271 0
3209 800.2135148043151 2252.872832098146 0
3210 896.3697326779811 2225.562202521105 0
3211 824.6694819558859 2155.909053146726 0
3212 920.8011462461318 2128.592432578291 0
3213 849.1235966962374 2058.945077040242 0
3214 752.933856912879 2086.246977831252 0
3215 777.3931400122037 1989.284380598355 0
3216 831.2215348197819 713.7057160104755 0
3217 735.0198165095678 741.0046059981064 0
3218 2413.721955091841 2346.566631949428 0
3219 2423.782555302234 2357.951404804444 0
3220 2416.920773674187 2372.907287171866 0
3221 2433.532503088432 2369.557049598653 0
3222 2339.028937839761 2466.289567515213 0
3223 2340.02248302147 2459.712940499538 0
3224 2460.410908206693 2062.368696151221 0
3225 4214.563055486481 1464.039078323243 0
3226 945.2632771911103 2031.689310822419 0
3227 3042.114613128694 2977.721733754792 0
3228 4305.85800605417 2518.394441736945 0
3229 4281.398679053836 2615.3570186555 0
3230 2800.903376032562 694.9055979140901 0
3231 2704.701657724148 722.2044879007997 0
3232 2680.242330793555 819.1670648369652 0
3233 2608.499939415765 749.5033778874727 0
3234 2584.040612485177 846.4659548236327 0
3235 2512.298221107357 776.8022678741761 0
3236 2487.838894176768 873.7648448103373 0
3237 2416.09650279894 804.1011578608911 0
3238 2391.637175868346 901.0637347970519 0
3239 2319.894784490518 831.4000478476078 0
3240 2344.354111421113 734.437470911442 0
3241 2248.152393112691 761.7363608981627 0
3242 2223.693066182097 858.6989378343292 0
3243 2151.950674804269 789.0352508848841 0
3244 2127.491347873675 885.9978278210508 0
3245 2055.748956495848 816.3341408716049 0
3246 2031.289629565255 913.2967178077724 0
3247 1959.547238187426 843.6330308583265 0
3248 1984.006565118019 746.6704539221587 0
3249 1887.804846809598 773.9693439088801 0
3250 2897.105094341021 667.6067079273278 0
3251 1935.087911256833 940.5956077944927 0
3252 681.1943944194106 2016.584013137781 0
3253 705.6532258974028 1919.621312442829 0
3254 4307.493595149334 2157.843023898481 0
3255 4331.952921965672 2060.880446933456 0
3256 2375.536417011107 2400.135054534704 0
3257 4310.764773794903 1436.740188336523 0
3258 1912.26417374019 677.0067669727116 0
3259 1816.062455431769 704.3056569594339 0
3260 677.9232155914888 2737.686848653687 0
3261 679.5580365806063 2377.135466881559 0
3262 2241.028127520485 2619.596478938598 0
3263 2220.063360593753 2616.277403977621 0
3264 2211.967634530829 2595.536938525179 0
3265 2195.367936553591 2614.57509421702 0
3266 2227.327130159538 2637.402232196107 0
3267 2187.182297852112 2584.34990290157 0
3268 2165.314765639312 2611.678243745116 0
3269 2153.180442500092 2580.582564597979 0
3270 2131.289907503404 2607.52052373226 0
3271 2119.195839030927 2575.528421877493 0
3272 4322.139385413841 4224.188953463959 0
3273 4297.680058483247 4321.151530400126 0
3274 2574.634317599818 2825.193309127982 0
3275 2364.571271192437 2403.303074399061 0
3276 2373.590663865471 2409.296666410492 0
3277 2383.085773564832 2406.960449993657 0
3278 2380.561504831014 2415.960233354063 0
3279 2389.380138418263 2414.652539416121 0
3280 2354.46352852216 2396.555630605399 0
3281 2355.084799034498 2408.073370979263 0
3282 2344.86598861634 2403.280909296587 0
3283 2632.959266346366 652.5408009512983 0
3284 2272.611720043285 664.7737839619956 0
3285 1703.504842988592 4337.118724542675 0
3286 1607.303124677578 4364.41761452026 0
3287 4164.008812330535 2018.515649983633 0
3288 1746.03937515565 2337.511660584775 0
3289 2429.057436056822 2343.320983528468 0
3290 2417.450789704407 2330.363179505037 0
3291 759.4791434507392 644.0420290567074 0
3292 663.2774251418841 671.3409190436728 0
3293 638.8180982112958 768.3034959798233 0
3294 2398.074674777851 2607.942948553495 0
3295 2389.885187729253 2616.731744044364 0
3296 609.451920466151 1946.920305561868 0
3297 633.9112336341757 1849.957725187957 0
3298 730.1129496488356 1822.65883462828 0
3299 658.3706244078162 1752.995164199102 0
3300 2328.224416333105 2530.204911801864 0
3301 2345.657358086125 2464.253218240587 0
3302 2346.29191479905 2457.123955739879 0
3303 2341.067638005467 2453.046488291892 0
3304 2347.262690424231 2450.754138839317 0
3305 2352.277409836287 2454.938826846786 0
3306 2352.936622594743 2448.887868373727 0
3307 2357.246076313474 2452.307714951959 0
3308 2378.265026550284 2467.339829841177 0
3309 2356.87779608211 2457.008152476859 0
3310 2361.013578012495 2455.097846072438 0
3311 2361.983848290322 2450.885222196464 0
3312 2365.289463993139 2453.53825517963 0
3313 2342.137210644241 2446.381761142054 0
3314 2366.215217444116 2449.352610902885 0
3315 2369.645696075601 2452.334339482356 0
3316 2291.47887622113 2647.917879997627 0
3317 3327.559442606837 1085.588829625388 0
3318 966.5241426554564 2655.829544562146 0
3319 2097.535656965852 2602.096602070477 0
3320 2085.39138601114 2570.158847041544 0
3321 2343.554651101707 2470.498604225045 0
3322 4377.600396971313 2588.058128570048 0
3323 4353.141070078902 2685.020705515859 0
3324 2557.981011879083 2296.203528862724 0
3325 2427.959617483152 2383.401484102409 0
3326 2441.680530246265 2380.43028735393 0
3327 2639.090744424233 2503.128873086181 0
3328 2393.762203478439 2461.283517192471 0
3329 2389.391993867542 2423.420093259919 0
3330 2396.321913541023 2420.112976308491 0
3331 2394.617962190274 2427.259181278874 0
3332 2401.140416843069 2425.409065149569 0
3333 2370.477167493058 2447.90429556574 0
3334 2367.076467435008 2445.002060868571 0
3335 2374.133727480596 2450.563416416801 0
3336 2360.920301220276 2496.901340043424 0
3337 2634.342232515351 2518.952504546019 0
3338 2366.737671703915 2520.845343526159 0
3339 2362.866919417158 2513.356796453624 0
3340 2629.578442159114 2474.08175216506 0
3341 2637.572444609708 2511.264890978424 0
3342 2360.801477088784 2505.402167090507 0
3343 992.413682706052 2198.474712634559 0
3344 4067.807094004286 2045.814539965851 0
3345 4286.305446864309 1533.702765272691 0
3346 4382.507165172731 1506.40387528597 0
3347 4406.966492103324 1409.441298349801 0
3348 4092.266420843083 1948.851963006499 0
3349 2103.032020943083 982.9604047572179 0
3350 754.572353356745 1725.696276870267 0
3351 682.8299747751375 1656.032593117178 0
3352 1840.521782362361 607.3430800232652 0
3353 1744.32006405394 634.6419700099884 0
3354 1719.860737123348 731.6045469461565 0
3355 1648.118345745519 661.9408599967107 0
3356 1623.659018814927 758.9034369328788 0
3357 1551.916627437098 689.2397499834331 0
3358 2314.714433124961 2653.769295866115 0
3359 4393.881776791668 4293.852640413405 0
3360 4418.34110372226 4196.890063477238 0
3361 4369.422449861073 4390.815217349573 0
3362 4273.220731552656 4418.114107336291 0
3363 4403.695313317152 2130.544133876253 0
3364 4428.154640224316 2033.581556934167 0
3365 1576.37595436769 592.2771730472641 0
3366 1480.174236059269 619.5760630339862 0
3367 2361.215050757305 2460.007360989728 0
3368 586.6282585994195 1683.331483636624 0
3369 611.0875897915857 1586.368907764952 0
3370 1936.723500670782 580.0441900365429 0
3371 3244.367925332497 3539.785066980205 0
3372 584.9926623484157 2043.882899686756 0
3373 1535.560733299319 4294.753927569291 0
3374 1511.101406367597 4391.716504501486 0
3375 1439.359014989509 4322.052817551123 0
3376 1414.899688058684 4419.015394486476 0
3377 1343.157296680775 4349.35170753674 0
3378 1318.697969750128 4446.314284472724 0
3379 1246.955578372279 4376.650597523198 0
3380 2298.179788577173 2670.308311512743 0
3381 2403.15078903366 2619.440245513069 0
3382 2391.707819449789 2630.207704667288 0
3383 2362.433170885254 2092.60747865338 0
3384 2531.553309603575 2301.500488571362 0
3385 2549.73369171124 2320.480305844349 0
3386 2570.827496389445 2317.435965069575 0
3387 2435.609248332822 2325.76384250425 0
3388 2527.692060814325 2326.409042679743 0
3389 2543.394875271794 2342.664324314649 0
3390 3074.650453154153 2826.019235196222 0
3391 3088.036127026587 2752.42881748148 0
3392 3146.444783425514 2800.555624955443 0
3393 2299.743060764482 2520.535083947632 0
3394 2374.766649481203 2446.375584104771 0
3395 2378.031359384583 2449.109067366554 0
3396 1222.496251441672 4473.613174459321 0
3397 1150.753860063839 4403.949487509853 0
3398 3157.15925047306 2723.807365111212 0
3399 3219.08422950947 2775.607795477701 0
3400 3205.623450487134 2851.304850919725 0
3401 687.7367520743505 574.3783421065577 0
3402 783.9384703829651 547.0794521197383 0
3403 591.5350337659715 601.6772320932942 0
3404 1423.710766698416 2617.841294825632 0
3405 2110.738443664704 2636.328340197779 0
3406 2069.872701181688 2629.167352905724 0
3407 1679.04551605435 4434.081301465989 0
3408 1775.247234362596 4406.782411478648 0
3409 2231.159598982556 2470.227574305276 0
3410 3996.064702543581 1976.150852995471 0
3411 2559.581285554595 943.4285317597851 0
3412 4020.524029460364 1879.188276055815 0
3413 4449.342788328531 2657.721815514292 0
3414 4424.8834613945 2754.684392449592 0
3415 4328.681743085504 2781.983282436166 0
3416 4400.424134452865 2851.646969382972 0
3417 4304.222416142602 2878.945859369226 0
3418 4375.964807518377 2948.609546318157 0
3419 4279.763089209306 2975.908436304712 0
3420 4351.505480586682 3045.572123254047 0
3421 4255.303762278077 3072.87101324072 0
3422 4327.046153655798 3142.534700190141 0
3423 4230.844435347327 3169.833590176848 0
3424 4302.586826725128 3239.49727712629 0
3425 4206.385108416693 3266.796167113006 0
3426 4278.127499794513 3336.459854062453 0
3427 4374.329218102935 3309.160964075733 0
3428 4349.869891172336 3406.1235410119 0
3429 4473.802115249329 2560.75923857565 0
3430 4447.707198895027 3018.273233267309 0
3431 4181.925781486087 3363.758744049171 0
3432 2342.699371603903 2908.203563563027 0
3433 4446.071609480758 3378.82465102518 0
3434 4421.612282550162 3475.787227961348 0
3435 1126.294533133241 4500.912064446011 0
3436 1054.552141755412 4431.248377496557 0
3437 1079.011468686007 4334.285800560389 0
3438 982.809750377585 4361.584690547106 0
3439 1007.269077308179 4264.622113610938 0
3440 911.0673589997564 4291.921003597657 0
3441 886.6080320691635 4388.883580533825 0
3442 814.8656406913349 4319.219893584377 0
3443 839.32496762193 4222.257316648209 0
3444 743.123249313508 4249.556206634927 0
3445 767.5825762441036 4152.593629698759 0
3446 718.6639223829129 4346.518783571095 0
3447 671.3808579356814 4179.892519685478 0
3448 695.8401848662772 4082.929942749311 0
3449 599.6384665578551 4110.228832736029 0
3450 624.0977934884511 4013.266255799862 0
3451 2635.573596023785 3133.636885603862 0
3452 2399.844519719996 2430.858367313375 0
3453 2405.846310843584 2429.687035289808 0
3454 2407.67909697124 2423.670865450097 0
3455 2412.366320579073 2428.490192562598 0
3456 513.2502686768285 1974.219212164349 0
3457 488.7909528327486 2071.18179186981 0
3458 4465.624168169495 4363.516327362853 0
3459 4441.1648412389 4460.478904299021 0
3460 2523.718205102715 2348.649716055106 0
3461 2186.074099594125 2368.113977425993 0
3462 527.8960751800289 4040.56514578658 0
3463 552.3554021106258 3943.602568850412 0
3464 503.4367482494326 4137.527722722747 0
3465 648.5571204190483 3916.303678863695 0
3466 576.814729041223 3846.639991914245 0
3467 2684.909201016792 3189.786809230478 0
3468 2603.504297990212 3208.587693173926 0
3469 2664.313284878175 3276.024481276204 0
3470 2569.031152230825 3293.544269301517 0
3471 2265.41614744358 1757.684024371845 0
3472 1504.633562989862 522.6134860978177 0
3473 1408.43184468144 549.9123760845405 0
3474 4478.708883481152 1479.104985299247 0
3475 4454.24955655056 1576.067562235416 0
3476 4503.168210411744 1382.142408363078 0
3477 1864.981109292953 510.3805030870963 0
3478 1961.182827601374 483.0816131003742 0
3479 1569.833596760864 2034.482844181895 0
3480 1383.972517750848 646.8749530207097 0
3481 1312.230126373019 577.211266071263 0
3482 2307.674263224956 2560.239959262236 0
3483 1030.092814824817 4528.210954432723 0
3484 3373.339174710863 2322.62412943165 0
3485 3497.139141708183 767.4022088287984 0
3486 2825.362702963208 597.943020977862 0
3487 2921.564421271639 570.6441309911329 0
3488 3924.322311151126 1906.487166042328 0
3489 1486.642079436473 4488.679081435788 0
3490 3833.027361080714 852.1318027542172 0
3491 3699.28160053006 3860.804611740723 0
3492 2341.066138316339 1455.559837886673 0
3493 3730.307602000942 2321.642515383863 0
3494 1346.428475508588 3628.24887202051 0
3495 4188.468139163397 1921.553073022783 0
3496 2920.076520452585 1648.777501100577 0
3497 3148.166207024058 3567.083956966922 0
3498 3172.625533954649 3470.121380030752 0
3499 3066.854201149313 3491.993051014217 0
3500 3761.284969702888 782.4681158047681 0
3501 3857.486688011311 755.1692258180483 0
3502 3785.744296633484 685.5055388686003 0
3503 3881.946014941906 658.2066488818805 0
3504 3810.203623564079 588.5429619324323 0
3505 3906.405341872502 561.2440719457131 0
3506 3978.147733250329 630.9077588951609 0
3507 4002.607060180923 533.9451819589938 0
3508 4074.34945155875 603.6088689084406 0
3509 4098.808778489347 506.646291972269 0
3510 4170.551169867173 576.3099789217204 0
3511 4195.010496797773 479.3474019855421 0
3512 4266.752888175595 549.0110889349999 0
3513 4242.293561244998 645.973665871169 0
3514 4338.495279553421 618.6747758844508 0
3515 4314.035952622824 715.6373528206179 0
3516 4362.954606484023 521.7121989482807 0
3517 4410.237670931247 688.3384628339006 0
3518 4385.778344000649 785.3010397700673 0
3519 4481.98006230907 758.0021497833509 0
3520 4457.520735378472 854.9647267195178 0
3521 4506.439389239669 661.0395728471833 0
3522 2378.553649874269 3785.479268034614 0
3523 2306.810450688438 3715.812734357039 0
3524 2393.368722609594 3686.24917388952 0
3525 2325.011708447677 3617.298684019013 0
3526 2234.024793442325 3645.889572210079 0
3527 2258.310242728206 3548.883749407659 0
3528 2163.227252341817 3576.4597419525 0
3529 2187.565480672991 3479.467163963205 0
3530 2091.530033918338 3506.80723753409 0
3531 2473.128000346471 4118.760768775289 0
3532 3264.102693818816 2000.724350432405 0
3533 2846.550850080318 1222.08328073894 0
3534 3632.446209828448 2709.486730206765 0
3535 770.8537550720023 3431.490794182872 0
3536 3772.659581322102 3569.916880932287 0
3537 1527.457300506505 786.2023269196015 0
3538 1599.199691884334 855.8660138690473 0
3539 1956.2501718832 1564.639434213523 0
3540 3823.213830251547 3015.440310729704 0
3541 3348.688984938652 1709.713018377119 0
3542 3948.781638078232 1809.524589105279 0
3543 792.0419031747001 4055.631052762593 0
3544 4325.41056424174 3503.086117948068 0
3545 4397.152955619566 3572.749804897516 0
3546 2718.451238422875 2286.344940345452 0
3547 707.2893088102699 1559.070017955648 0
3548 635.5469186165328 1489.406331301973 0
3549 539.3452005054587 1516.705221337987 0
3550 563.8045277846718 1419.742644488901 0
3551 615.9943606970244 504.7146551568746 0
3552 519.7926423885299 532.0135451436697 0
3553 495.3333154580137 628.9761220797832 0
3554 1351.478332780548 2547.13496369226 0
3555 1327.19471050105 2644.131816820163 0
3556 4499.897031593844 2103.245243881522 0
3557 4524.356358519153 2006.282666944019 0
3558 4496.625852759542 2824.348079395812 0
3559 2319.213737661626 2676.424979177807 0
3560 2378.962323194247 2444.88620056647 0
3561 2382.366356098286 2448.320896099884 0
3562 2375.566135121267 2441.985741753489 0
3563 4493.354673927988 3545.450914910796 0
3564 4468.895346997393 3642.413491846964 0
3565 2302.333225407089 2691.771029086559 0
3566 2414.18354336914 2422.040567782673 0
3567 2418.869003596796 2426.797643525249 0
3568 467.6028095672423 1447.041534498347 0
3569 492.0621365711072 1350.078957580482 0
3570 2421.96401062728 2310.723641535616 0
3571 2244.819236501739 2457.629759990873 0
3572 2249.884206677056 2474.867664701696 0
3573 2236.273790402992 2489.113586963314 0
3574 2261.56321235019 2463.158605725393 0
3575 2258.60545099801 2447.354248835108 0
3576 2367.858251160788 2456.306700538621 0
3577 2849.822029893817 500.9804440416799 0
3578 2946.023748202241 473.6815540549578 0
3579 3017.766139580068 543.3452410044065 0
3580 3042.225466510665 446.3826640682369 0
3581 3113.967857888491 516.0463510176864 0
3582 443.143482651813 1544.004111438304 0
3583 3231.429685806073 2699.418190310386 0
3584 3166.48336415585 2648.307494237586 0
3585 2115.996889674657 3409.846524353095 0
3586 2019.836243575029 3437.155587027783 0
3587 1750.787907431096 4503.744988411627 0
3588 1846.989625739606 4476.446098425215 0
3589 2633.794349963969 3367.303433046995 0
3590 3100.883142576815 3400.457693081304 0
3591 3834.662950494675 491.5803849962654 0
3592 3738.461232186253 518.8792749829836 0
3593 2420.644777878306 2420.117191029723 0
3594 2425.685667540518 2425.186530767133 0
3595 2427.716584576507 2418.025111931379 0
3596 480.6130107328001 3873.938881900963 0
3597 505.0723376633966 3776.976304964796 0
3598 4537.366559547323 4433.180014312303 0
3599 4561.825886477916 4336.217437376135 0
3600 3292.586995766304 2746.667505752471 0
3601 2280.061988703217 2684.989177311674 0
3602 4512.907232616726 4530.142591248469 0
3603 2732.062787794868 3345.144381101491 0
3604 2212.199862787367 3382.547944992238 0
3605 544.2519693191593 435.0509682074598 0
3606 4416.705514308303 4557.441481235189 0
3607 1336.689453303611 480.2486891350945 0
3608 1240.487734995155 507.5475791218537 0
3609 2343.275680657403 2390.98587614156 0
3610 2332.949880890922 2398.552891699223 0
3611 2409.443702230055 2417.265729581503 0
3612 2285.353458102292 2710.273080677153 0
3613 2257.592483797571 2702.0414740299 0
3614 2107.486941786385 2542.21249917046 0
3615 2069.768133921815 2536.986736015774 0
3616 2375.15079842879 2582.308915808531 0
3617 2267.875952945839 2478.210640523297 0
3618 2345.839618506353 2413.461221313335 0
3619 2405.743692075106 2634.538032950828 0
3620 2394.138673193763 2644.72419114272 0
3621 2380.013790408692 2640.010737088297 0
3622 2382.717959885108 2654.724619474973 0
3623 2286.574888895298 2161.282368729741 0
3624 2238.407682508486 2180.373583058146 0
3625 2256.700218189395 2127.486539153985 0
3626 2207.48822625412 2142.508433488808 0
3627 2221.74864440545 2091.208824680738 0
3628 2170.932918960472 2106.697140937116 0
3629 2158.000083380866 2155.611308329345 0
3630 2120.848437689807 2119.123539205065 0
3631 2108.984416718745 2170.871180519074 0
3632 2062.974387014921 2134.751581038357 0
3633 2054.660488406895 2191.025364094357 0
3634 2098.000844293393 2221.020765484788 0
3635 2048.909132347001 2246.07375565752 0
3636 1294.238642819497 4543.276861408762 0
3637 2178.134742147913 2049.179930374831 0
3638 1774.940395993965 2895.371537667337 0
3639 2328.820852373421 2492.425052093694 0
3640 2354.777282438674 2417.934664393806 0
3641 640.453687627735 407.7520782205947 0
3642 2084.799196503938 2668.432746599484 0
3643 448.050251010744 462.3498581942158 0
3644 2432.895755539482 2423.327602437882 0
3645 2513.0246051432 3224.374469270163 0
3646 2443.026007985973 2305.610105905978 0
3647 2427.562871105874 2288.855844381657 0
3648 4545.544506622087 2630.422925523818 0
3649 4570.003833550205 2533.460348587025 0
3650 3138.427184819088 419.0837740815168 0
3651 3210.169576196913 488.7474610309664 0
3652 2330.000573957186 2499.296912833401 0
3653 2334.59438073957 2494.819950359515 0
3654 2336.013968830146 2499.919829669624 0
3655 2339.424400977772 2496.659599924947 0
3656 2340.421887542518 2501.099386914912 0
3657 2338.85745574085 2491.844398837626 0
3658 2343.491659073718 2494.496093152132 0
3659 2343.094584012255 2489.535790725104 0
3660 2337.618532822805 2504.358859573872 0
3661 2341.995429614654 2505.346974920587 0
3662 2339.008996862964 2508.820201940275 0
3663 2343.44381368931 2509.640832223292 0
3664 2346.412690848592 2506.405748913404 0
3665 2348.380111948915 2510.603488310016 0
3666 2344.926676101495 2513.907136876416 0
3667 2349.178984171615 2515.010091237224 0
3668 2346.24006588782 2518.203797500013 0
3669 2351.150847861891 2519.113660754188 0
3670 2347.704159859279 2522.460395344155 0
3671 2352.038491538819 2523.435802987636 0
3672 2349.012667735356 2526.746744956004 0
3673 2353.894001619172 2527.713529416827 0
3674 2350.456555721514 2531.030650615844 0
3675 2354.670167602187 2532.131528478523 0
3676 2351.743116375978 2535.337527722869 0
3677 2356.206779671142 2536.365715753491 0
3678 2353.130196823045 2539.61759810685 0
3679 2357.610613416975 2540.641318350299 0
3680 2354.511900848355 2543.900103257299 0
3681 2358.911240523719 2544.851498410592 0
3682 2362.01497848323 2541.591109180481 0
3683 2363.310653704724 2545.802885546704 0
3684 2366.127961899496 2542.412458254895 0
3685 2368.280153172676 2546.425732784997 0
3686 2341.710463499013 2517.365144635781 0
3687 2355.991299969322 2548.462419855202 0
3688 2364.856061663035 2549.99231046581 0
3689 2369.194333726748 2550.956540615842 0
3690 2372.524104988944 2547.912554339912 0
3691 2373.556833430814 2551.999572038866 0
3692 2376.796045846691 2548.17733434869 0
3693 2377.928035915184 2552.852063416365 0
3694 2380.986187353702 2549.579895112097 0
3695 2382.287055637816 2553.862428245382 0
3696 2385.27591102784 2550.228030427517 0
3697 2386.660641928013 2554.773367741654 0
3698 2389.616137953674 2550.952660460239 0
3699 2391.058081125761 2555.711771877106 0
3700 2388.032893038785 2559.092586063594 0
3701 2379.255662511538 2557.175231122356 0
3702 2370.464738158474 2555.27215905244 0
3703 2347.102999140107 2491.579125531262 0
3704 2347.219206681589 2487.757665216703 0
3705 2393.877865043017 2552.253619132731 0
3706 2358.984006033628 2533.114132754193 0
3707 2347.24070399605 2534.255471183306 0
3708 4550.451274858981 1548.768672248693 0
3709 1502.997973575913 883.1649038557703 0
3710 1574.740364953742 952.8285908052158 0
3711 4525.99194792839 1645.731249184861 0
3712 3852.579919770144 1836.823479092082 0
3713 3877.039246700214 1739.860902155782 0
3714 4361.319017070049 882.2636167062344 0
3715 4433.061408447875 951.9273036556849 0
3716 4529.263126756297 924.6284136689681 0
3717 3899.862984220395 2003.449742978461 0
3718 3338.934054226939 3873.037594751429 0
3719 3314.474727296345 3970.000171687597 0
3720 1103.470795616601 4237.323223624218 0
3721 4232.480024764469 2809.282172419699 0
3722 4183.561370900221 3003.207326291263 0
3723 4134.642717038865 3197.132480163557 0
3724 4504.8037998257 1021.590990605135 0
3725 4300.951237311145 3600.048694884236 0
3726 673.0164473496447 3819.341101927529 0
3727 731.74863724068 1462.107441394118 0
3728 803.4910286711274 1531.77112835671 0
3729 2262.012950106453 2569.538330297821 0
3730 2243.255784360965 2566.326816753645 0
3731 2257.63729057507 2553.500463821293 0
3732 2342.894352774304 2485.269971336015 0
3733 431.6943568716069 4067.864035773297 0
3734 407.23502994101 4164.826612709466 0
3735 1822.530298808876 4573.408675360903 0
3736 1918.732017117289 4546.109785374153 0
3737 1726.328580500431 4600.707565347544 0
3738 1943.191344047882 4449.14720843798 0
3739 2014.933735425685 4518.810895387342 0
3740 2377.392068508568 2453.453467293289 0
3741 2383.215272904485 2443.514404312713 0
3742 2386.415235982417 2446.683123789884 0
3743 2820.572565323545 2260.16322214757 0
3744 2421.702193477857 2411.631645498956 0
3745 2954.268627807574 2461.11241034077 0
3746 2986.283278490631 2494.143030977865 0
3747 3000.052311141947 2445.748712701146 0
3748 3035.158435687712 2481.244220467934 0
3749 3048.383378722686 2431.778933766897 0
3750 3012.517964065254 2395.982172691743 0
3751 3067.144945630998 2383.984101891727 0
3752 3026.934665319811 2347.558369262263 0
3753 3089.858816422538 2330.825301295423 0
3754 3032.223735431226 2287.694534480593 0
3755 3107.38529337687 2436.637084089262 0
3756 3107.578179033838 2265.687209617293 0
3757 3053.903027308228 2212.033356785068 0
3758 2272.265614877388 2453.886516690765 0
3759 2273.835826845473 2437.845362784818 0
3760 4027.066387111523 436.9826050228166 0
3761 2350.827390235611 2547.225721646154 0
3762 4578.181780617493 730.703259796634 0
3763 4602.641107548093 633.7406828604674 0
3764 2507.118469982851 2250.987213808787 0
3765 3234.628903127509 391.7848840947981 0
3766 3306.371294505337 461.448571044248 0
3767 2539.173936237942 2364.427351650319 0
3768 2519.604288574827 2368.571401375129 0
3769 2503.996957134603 2355.131382071139 0
3770 2501.581195652545 2373.661215839244 0
3771 2556.626310138185 2356.943883969668 0
3772 2553.275460997264 2373.040027256352 0
3773 2568.189642917808 2368.701814463442 0
3774 3330.830621435932 364.4859941080804 0
3775 2398.139150169964 2659.879293323846 0
3776 2384.053263169309 2671.822166309395 0
3777 1889.440436223544 413.417926150928 0
3778 4565.097065305816 3615.114601860244 0
3779 4540.637738375219 3712.077178796412 0
3780 4589.55639223641 3518.152024924075 0
3781 2872.718776263366 2738.843237681197 0
3782 2308.217251754391 2486.002846827359 0
3783 2386.020913785927 2450.487381517044 0
3784 2389.205024754247 2449.281006553632 0
3785 2388.665679099125 2452.386755299736 0
3786 2391.53712135032 2451.363959164223 0
3787 2385.986095794398 2453.825330289575 0
3788 2392.268582273297 2448.358283698163 0
3789 2394.459963757959 2450.581787134251 0
3790 2395.674733771034 2447.492218586292 0
3791 2397.799266823241 2450.076765106263 0
3792 417.0485629203822 2001.518105286417 0
3793 392.5892380817832 2098.480682745143 0
3794 1989.135226578671 381.761323535371 0
3795 2409.725038754307 2434.575880172575 0
3796 4429.79022961997 1673.030139171585 0
3797 4217.834234314401 742.9362428073364 0
3798 4475.437704661865 2200.20782081734 0
3799 4571.639422962472 2172.908930828648 0
3800 3402.573012813759 434.14968105753 0
3801 4044.983356387123 1782.225699118677 0
3802 4444.436020066799 3739.376068783132 0
3803 4516.178411444626 3809.03975573258 0
3804 4612.380129753048 3781.740865745859 0
3805 4587.920802822453 3878.703442682027 0
3806 588.2638548917166 1322.78006759687 0
3807 516.5214635433044 1253.116380654772 0
3808 2515.620706904845 2384.735522631023 0
3809 2523.898966953229 2425.041091542415 0
3810 2500.912825116546 2390.151303071298 0
3811 1998.064676958931 2215.377473814998 0
3812 2000.617582388945 2272.715618109312 0
3813 2048.082246183625 2298.302980107433 0
3814 2005.075249344425 2327.970927882729 0
3815 2051.792843806392 2348.654622661466 0
3816 2008.88910556522 2378.417165021291 0
3817 2374.867234003078 2545.117780482093 0
3818 2327.975205210496 2697.288727148471 0
3819 2396.655048922818 2452.796244466749 0
3820 4609.108950925152 4502.843701261755 0
3821 2874.281356824416 404.0178671055073 0
3822 2778.079638515994 431.3167570922278 0
3823 2392.44646988576 2560.015824868102 0
3824 2389.254935517025 2563.435967416564 0
3825 3762.920559116848 421.9166980468158 0
3826 2563.811672086955 2381.649979011385 0
3827 2578.833827840747 2380.16996033132 0
3828 2582.831368273995 2364.646503542948 0
3829 2593.67288112059 2375.284319738088 0
3830 2597.464004360766 2360.577063689051 0
3831 2608.304828688897 2371.213834173629 0
3832 2612.095970507788 2356.507064354711 0
3833 2623.290567844004 2367.234807625213 0
3834 2626.786812117103 2352.452072777207 0
3835 2637.637499949345 2363.091134300945 0
3836 2634.201860097166 2377.889488265689 0
3837 2648.491744306966 2373.731107500519 0
3838 2644.604994326417 2388.086425176504 0
3839 2659.261888505636 2384.294942320932 0
3840 2655.495944144117 2400.542618315342 0
3841 2669.906910160754 2394.997286796346 0
3842 2667.527119157423 2408.941818547447 0
3843 2679.478710322276 2404.138323548093 0
3844 2676.317290279585 2416.621324766159 0
3845 2665.987330698381 2420.344757181868 0
3846 2673.439019830656 2427.558924491372 0
3847 2683.306673703536 2425.086096978286 0
3848 2680.580598205944 2434.757492413558 0
3849 2690.345624684441 2432.369647460941 0
3850 2687.551769801672 2442.099804109623 0
3851 2697.71821288722 2439.764759289633 0
3852 2694.628977061564 2449.413498939779 0
3853 2700.848772056414 2428.585839460246 0
3854 2684.885920904115 2452.200166048823 0
3855 2691.868732587604 2459.210601042374 0
3856 2701.307028528124 2456.706790373596 0
3857 2698.512993969657 2466.360339287382 0
3858 2689.687347831602 2467.722856840864 0
3859 2694.679658019163 2476.186883537235 0
3860 2705.156614998 2473.770893504244 0
3861 2702.703888097813 2483.452866637113 0
3862 2693.212637340569 2485.880686303727 0
3863 2700.187299075028 2493.169891148537 0
3864 2690.467236927778 2495.849124205465 0
3865 2697.44700307594 2502.938530079116 0
3866 2686.890071556113 2505.708852617845 0
3867 2694.530795087671 2512.697653164673 0
3868 2685.700135670895 2515.406258153349 0
3869 2691.858130679245 2522.361755870091 0
3870 2682.0328507817 2524.80705747417 0
3871 2689.063184039519 2532.093348662696 0
3872 2678.000363845489 2534.47283933483 0
3873 2686.268237399794 2541.824941455302 0
3874 2676.404579768508 2544.328914188879 0
3875 2683.466894471112 2551.56631276949 0
3876 2673.867588773012 2553.794179508104 0
3877 2680.713874390599 2561.255147403463 0
3878 2572.403741019996 2626.077366523328 0
3879 2669.476153927048 2563.045558315159 0
3880 2677.659834143036 2570.899578172038 0
3881 2668.058117583074 2573.465021437196 0
3882 2675.051190284629 2580.731289015543 0
3883 2665.263170943349 2583.196614229802 0
3884 2672.954616172722 2591.34867804029 0
3885 2686.667680845742 2578.477476681539 0
3886 2693.298570657613 2549.111232643828 0
3887 2701.433200581057 2519.581913397038 0
3888 2709.799141116134 2490.666439915764 0
3889 2661.00875974265 2566.744460735655 0
3890 2660.890695986465 2594.450318821993 0
3891 2671.871236970916 2603.779958241996 0
3892 2658.459412743989 2607.448763127017 0
3893 2669.054450000956 2617.709019054867 0
3894 2663.707990193109 2430.932062617776 0
3895 2654.90541258905 2620.44434805742 0
3896 2665.028302768598 2631.614125787876 0
3897 2679.110965991064 2627.97720057539 0
3898 2677.516280691095 2645.408408540308 0
3899 2657.663555669215 2646.939722419647 0
3900 2673.591373960333 2664.890447801546 0
3901 2653.149822058707 2667.893547731619 0
3902 2668.457765577194 2686.000168194399 0
3903 2690.231272794035 2680.384572206277 0
3904 2684.212445874174 2702.70369905365 0
3905 2666.617677604705 2546.715544663459 0
3906 2680.964260205291 2497.291019170737 0
3907 2645.772024072917 2690.517081492983 0
3908 2673.599206134033 2527.703200026555 0
3909 2564.493242400226 2637.506616322692 0
3910 2706.514329872207 2695.852421043206 0
3911 2703.181271627192 2720.629576640403 0
3912 2712.631688276511 2673.221453170938 0
3913 2649.929491690223 2598.347292676942 0
3914 2673.082667923185 2380.569421349893 0
3915 2730.458228220263 2690.088407022388 0
3916 2652.620765296002 2356.850857656319 0
3917 2579.652896419655 2638.223151206841 0
3918 2571.452117736152 2651.002288377342 0
3919 2587.816912129575 2625.058226596428 0
3920 2601.70214984623 2580.537220624146 0
3921 2608.478038856136 2580.345042266906 0
3922 2611.674445678533 2574.485540417061 0
3923 2615.203362636826 2580.141190714183 0
3924 2618.377985381454 2574.174043546808 0
3925 2612.002636298808 2586.073658218282 0
3926 2630.996396326011 2391.436195752402 0
3927 2621.939341692195 2579.912235678437 0
3928 2625.124916060476 2573.959785163353 0
3929 2621.565309868355 2568.223963999228 0
3930 2628.322011740101 2567.993400525916 0
3931 2624.152199718351 2561.939184637158 0
3932 2631.49922150089 2562.059152957593 0
3933 2627.528892469011 2557.112387626052 0
3934 2622.302814727893 2556.791295920088 0
3935 2632.880449480962 2556.492413985242 0
3936 2624.567201132519 2552.793447517513 0
3937 2619.951658483639 2552.903817589183 0
3938 2622.298039456851 2549.226233177006 0
3939 2618.059249502854 2549.159457686203 0
3940 2615.726066506325 2552.554382354059 0
3941 2613.874429382113 2549.479931795146 0
3942 2615.454320813966 2546.675086806454 0
3943 2612.432284304532 2546.752259203642 0
3944 2610.86372261736 2549.386731100363 0
3945 2614.387626208036 2536.309422527041 0
3946 2631.895533477141 2573.715497705771 0
3947 2609.445717793344 2546.736931299721 0
3948 2607.869036742246 2549.342621697544 0
3949 2609.42578195631 2552.051406187745 0
3950 2587.488873724042 2651.789928345454 0
3951 2577.645562571794 2666.571512563594 0
3952 2736.618040390132 2665.95185661752 0
3953 2676.529418680531 2729.965920873146 0
3954 2698.964207086582 2750.60444909164 0
3955 2626.575773812802 2548.831271590478 0
3956 2624.098664829842 2545.458366070868 0
3957 2628.228362681293 2545.179414511609 0
3958 2626.467952694192 2542.221552647097 0
3959 2629.883067154875 2542.091294950328 0
3960 2628.184196579443 2539.393478840071 0
3961 2631.325410772959 2539.223803696599 0
3962 2633.26997142867 2542.023258969711 0
3963 2634.653747937371 2538.48389507964 0
3964 2636.950801632597 2541.907763625994 0
3965 2638.918640265809 2538.31333337673 0
3966 2641.285811204074 2541.941535996541 0
3967 2643.120367558405 2537.930521933572 0
3968 2636.764052731102 2535.25691270378 0
3969 2624.95150397921 2530.043540022864 0
3970 2645.682907906203 2541.617941925698 0
3971 2647.603559812424 2537.558932294083 0
3972 2644.527727413282 2533.533778966076 0
3973 2649.439986874265 2533.43723784607 0
3974 2646.963057594273 2529.792910052808 0
3975 2651.433633673331 2529.414381242468 0
3976 2648.899831902131 2525.924720330324 0
3977 2653.370386752966 2525.386770436809 0
3978 2650.808084067847 2521.655605792236 0
3979 2655.292899517219 2521.291544237984 0
3980 2652.730601850481 2517.586954261065 0
3981 2657.215416502964 2517.21846359144 0
3982 2654.662005509831 2513.626338241048 0
3983 2659.139415155746 2513.167079795353 0
3984 2656.586251105986 2509.578570586924 0
3985 2661.062467741444 2509.104786868118 0
3986 2658.500260196535 2505.40657160318 0
3987 2654.302183359988 2505.841081708856 0
3988 2656.037008481681 2501.725986455949 0
3989 2660.805111963462 2501.537623998223 0
3990 2657.939307891588 2497.657996064203 0
3991 2653.082500870308 2498.288010963392 0
3992 2655.115846870509 2493.807486944715 0
3993 2659.764344015714 2493.534190228219 0
3994 2657.463347358343 2489.95686920777 0
3995 2661.645822549412 2489.44750163894 0
3996 2659.066565449032 2485.863647011116 0
3997 2654.687824012221 2486.255526566578 0
3998 2656.465904259182 2482.183264111939 0
3999 2652.094004237163 2482.446596501052 0
4000 2653.997702975559 2478.395618992001 0
4001 2649.674325546921 2478.763353146458 0
4002 2651.522736483114 2474.651124975094 0
4003 2655.947321873913 2474.307648289243 0
4004 2653.389542047773 2470.605153395061 0
4005 2648.963438116234 2470.919464118626 0
4006 2650.828497900171 2466.899944082278 0
4007 2646.478684372504 2467.142445683811 0
4008 2648.279333802849 2463.186722770003 0
4009 2643.781528644704 2463.576892054536 0
4010 2645.721901587246 2459.519295169504 0
4011 2650.33135454294 2459.20924908997 0
4012 2647.265614487488 2456.271978922471 0
4013 2643.127556504019 2455.81291829002 0
4014 2645.18711927748 2451.820717344895 0
4015 2640.218004132582 2452.297656308454 0
4016 2641.846447916899 2447.365058732408 0
4017 2635.967986439294 2446.493064293089 0
4018 2639.573443821957 2441.996649355191 0
4019 2633.949588507284 2442.038515121605 0
4020 2636.719471934975 2436.369753842991 0
4021 2657.978787971607 2469.948428241399 0
4022 2663.162073992522 2485.145606433749 0
4023 2651.563006778583 2453.684917684032 0
4024 2638.416978058526 2456.2558549631 0
4025 2642.306910382596 2467.747049309188 0
4026 2629.709517425716 2437.195172005539 0
4027 2633.041660610044 2430.757312261378 0
4028 2650.862744996389 2494.81287308089 0
4029 2650.795604048621 2513.877580373871 0
4030 2649.363207818642 2497.856423321362 0
4031 2647.582603405025 2495.276442028609 0
4032 2638.86881551271 2494.795067044714 0
4033 2589.885270884682 2389.992294086701 0
4034 2606.405038516721 2546.845514402596 0
4035 2604.863652866229 2549.325145460148 0
4036 2603.397633881852 2546.832791998884 0
4037 2644.658317633653 2526.187656892305 0
4038 2626.504295395331 2430.96194192905 0
4039 2629.265373139788 2424.975033789442 0
4040 2635.966437382301 2424.495645607207 0
4041 2622.825731821579 2425.226042295685 0
4042 2709.954005255517 2437.132081993729 0
4043 2713.323807880616 2423.928849219204 0
4044 2723.990552002714 2434.342668981882 0
4045 2727.461514596042 2419.335258381547 0
4046 2738.572621211539 2430.605231541952 0
4047 2734.61637882622 2445.914505485625 0
4048 2750.692803063553 2441.691536532494 0
4049 2746.777667878926 2457.558482313466 0
4050 2744.59456730907 2415.03392878483 0
4051 2731.719783732426 2401.071836568591 0
4052 2764.568796453914 2452.9481011331 0
4053 2757.732604170738 2473.716635838023 0
4054 2647.68000352246 2482.30757081302 0
4055 2645.881165677652 2479.216410734428 0
4056 2644.310473427826 2482.366583009166 0
4057 2642.605197071359 2479.877085684768 0
4058 2637.166204546471 2486.767270433699 0
4059 2623.269462623743 2542.075463370528 0
4060 2653.993538249515 2533.112140743502 0
4061 2757.023877972085 2685.652018594587 0
4062 2645.66812866361 2485.076552513528 0
4063 2663.78314839311 2513.055260667984 0
4064 2629.613442279946 2536.751275682686 0
4065 2037.650417069287 2661.196150775838 0
4066 3243.997044635272 2623.666471099464 0
4067 2448.336223973864 2366.436688546696 0
4068 2239.113183719678 2030.100907277762 0
4069 2435.232400884154 2415.160332882456 0
4070 2441.656084521329 2422.555346699386 0
4071 2351.084415307162 2488.571661943437 0
4072 2350.239401771783 2485.306870076962 0
4073 2350.072085975849 2493.047671650222 0
4074 2353.315691261915 2486.639291629796 0
4075 2353.130434568667 2483.543674667515 0
4076 2350.325733665965 2481.976980068289 0
4077 2353.29232831022 2480.411183625488 0
4078 2355.824926678044 2482.167364925933 0
4079 2356.241274296644 2479.192438345829 0
4080 2353.833376521055 2477.281041874133 0
4081 2356.785176702934 2476.225892179578 0
4082 2625.724888634873 2419.192831824378 0
4083 2618.728976682466 2419.824048018246 0
4084 1101.835206202644 4597.87464138217 0
4085 420.3197452398026 1280.415270642663 0
4086 444.7790721781362 1183.452693708454 0
4087 2665.946040271853 2508.206748233757 0
4088 2430.27729967788 2430.282578972298 0
4089 2399.652456425921 2452.407884067021 0
4090 2400.952884707575 2449.773587858688 0
4091 2702.861110718776 3440.686401362906 0
4092 2623.955250590137 2463.095544938768 0
4093 2625.997858717324 2461.133221580516 0
4094 2625.160431405177 2458.398712464726 0
4095 2140.486647273503 3312.891484370323 0
4096 1005.633487894221 4625.173531368889 0
4097 2239.621623589299 2547.640367067783 0
4098 4488.447905686128 4627.105168184637 0
4099 2667.347104050821 2760.924724938962 0
4100 2692.122638902075 2783.692298383381 0
4101 2724.748901214561 2773.285990974327 0
4102 2717.223409525309 2812.895947962281 0
4103 2343.14296971195 2598.220926383261 0
4104 2622.622402102799 2435.677162982155 0
4105 2601.861873227271 2549.292230514322 0
4106 2600.398012080479 2546.674935953652 0
4107 2643.597979553853 2545.97509692629 0
4108 2648.853827077915 2545.438854577229 0
4109 2646.574980851881 2550.633027171893 0
4110 2638.545841342418 2560.773312814863 0
4111 1850.394475247531 1944.508976154959 0
4112 2056.5910677093 2391.986926558772 0
4113 1264.947061925776 410.5850021856545 0
4114 1168.745343617319 437.8838921724155 0
4115 1361.148780234204 383.2861121989263 0
4116 1961.784931700141 2356.848038427135 0
4117 1967.028276183712 2407.063675164659 0
4118 2392.927648584619 2404.654378179433 0
4119 2352.410442268872 2552.721435285624 0
4120 408.8706193549747 3804.275194951514 0
4121 433.3299462855707 3707.312618015347 0
4122 529.5316645939902 3680.01372802863 0
4123 457.7892732161645 3610.350041079181 0
4124 361.587554907745 3637.648931065898 0
4125 386.0468818383401 3540.68635412973 0
4126 2362.69511422648 2295.453542244242 0
4127 2125.470198079042 2667.761811133039 0
4128 1375.74952234335 2449.934840004127 0
4129 1279.591912024411 2477.350284057547 0
4130 1303.905333282535 2380.314617691445 0
4131 1287.770799442427 674.1738430074311 0
4132 1478.538646645321 980.1274807919385 0
4133 1550.28103802315 1049.791167741385 0
4134 2660.91622449443 2474.258256933056 0
4135 2663.502657151902 2469.25839340078 0
4136 2057.966724584246 455.0564376755119 0
4137 3780.83752839176 1767.159792142493 0
4138 3805.296855322223 1670.197215206292 0
4139 3709.095137013813 1697.496105193015 0
4140 3733.554463944389 1600.533528256842 0
4141 3637.352745635965 1627.83241824356 0
4142 3661.812072566556 1530.869841307391 0
4143 3565.610354258134 1558.16873129411 0
4144 3590.069681188729 1461.206154357943 0
4145 3493.867962880307 1488.505044344662 0
4146 3518.327289810903 1391.542467408494 0
4147 3422.12557150248 1418.841357395213 0
4148 1657.85736795465 3809.941042896774 0
4149 3197.084860885238 3373.158803094583 0
4150 3120.34908708592 3301.2332676575 0
4151 3220.711957412249 3275.819251410475 0
4152 655.0983559345318 2474.098054134838 0
4153 583.3570866970254 2404.434320882453 0
4154 558.8975727430429 2501.396905535777 0
4155 487.1553372180394 2431.733212155365 0
4156 462.696005092349 2528.695789305897 0
4157 3110.696678686598 1237.149186981872 0
4158 2368.813438351707 637.474893975274 0
4159 2297.071046973877 567.8112070258262 0
4160 2393.2727652823 540.5123170391057 0
4161 2321.53037390447 470.8486300896573 0
4162 2417.732092212893 443.5497401029374 0
4163 2345.989700835065 373.8860531534892 0
4164 826.2568785236342 1795.345366718525 0
4165 1586.114976574067 3740.277355937619 0
4166 1682.316694882011 3712.978465949213 0
4167 1610.574303503645 3643.314778997866 0
4168 1706.776021811897 3616.015889010549 0
4169 1635.033630433952 3546.352202060685 0
4170 1731.235348742326 3519.053312073794 0
4171 1659.492957364471 3449.38962512425 0
4172 1563.291239056044 3476.688515110954 0
4173 1587.750565986625 3379.725938174739 0
4174 1683.952284295038 3352.427048187992 0
4175 1612.490629071736 3282.225136539275 0
4176 1516.054963967878 3309.972547108724 0
4177 1540.522089124985 3212.995019486462 0
4178 1444.274403719456 3240.382037156841 0
4179 1468.735644840571 3143.415790352714 0
4180 1372.525672230218 3170.730505409001 0
4181 1396.559723274481 3074.206022478192 0
4182 1300.710881286612 3101.142748738695 0
4183 1324.733010270979 3004.630643754423 0
4184 1228.942369710208 3031.506434873384 0
4185 3218.273008987923 3997.299061674319 0
4186 3290.015400365751 4066.962748623765 0
4187 3193.81368205733 4094.261638610487 0
4188 3265.556073435158 4163.925325559933 0
4189 3169.354355126738 4191.224215546656 0
4190 3241.096746504567 4260.887902496102 0
4191 3144.895028196145 4288.186792482823 0
4192 3337.298464812987 4233.589012509379 0
4193 3312.839137882396 4330.551589445548 0
4194 3409.040856190816 4303.252699458826 0
4195 3384.581529260224 4400.215276394994 0
4196 3480.783247568645 4372.916386408271 0
4197 3456.323920638053 4469.878963344439 0
4198 3552.525638946475 4442.580073357717 0
4199 3360.122202329632 4497.177853331163 0
4200 3505.242574499236 4275.953809472103 0
4201 3528.066312015882 4539.542650293886 0
4202 3624.268030324304 4512.243760307165 0
4203 3648.727357254896 4415.281183370996 0
4204 3720.469748632725 4484.944870320443 0
4205 3744.929075563316 4387.982293384274 0
4206 3816.671466941146 4457.64598033372 0
4207 3792.212140010554 4554.608557269889 0
4208 3888.413858318975 4527.309667283165 0
4209 3599.808703393712 4609.206337243333 0
4210 3073.152636818317 4218.523105533377 0
4211 3048.693309887723 4315.485682469544 0
4212 2976.950918509895 4245.821995520098 0
4213 2952.491591579302 4342.784572456267 0
4214 3024.23398295713 4412.448259405714 0
4215 2928.032264648709 4439.747149392435 0
4216 2856.28987327088 4370.083462442989 0
4217 2831.830546340288 4467.046039379158 0
4218 2760.088154962459 4397.382352429709 0
4219 2735.628828031867 4494.34492936588 0
4220 2663.886436654037 4424.681242416433 0
4221 2639.427109723446 4521.643819352604 0
4222 2567.684718345617 4451.980132403158 0
4223 2543.225391415025 4548.942709339326 0
4224 2471.483000037195 4479.279022389881 0
4225 2999.774656026539 4509.410836341882 0
4226 2447.023673106605 4576.24159932605 0
4227 2375.281281728775 4506.577912376607 0
4228 2808.292728582773 4563.059610102073 0
4229 2350.821954798186 4603.540489312776 0
4230 2399.740608659364 4409.615335440438 0
4231 2376.920481490496 4146.039217541061 0
4232 1995.371656533688 3534.116861280535 0
4233 1406.796255267492 910.4637938424926 0
4234 1276.310367076109 3198.044965053829 0
4235 1031.728404238774 4167.65953667477 0
4236 478.9774213188366 4234.490299658915 0
4237 382.7757030104144 4261.789189645633 0
4238 454.5180943882403 4331.452876595082 0
4239 358.3163760798188 4358.751766581801 0
4240 430.058767457645 4428.41545353125 0
4241 1070.908035836851 825.7341999457392 0
4242 2931.303443476611 3718.644313876528 0
4243 4017.252903549886 2600.291124935797 0
4244 4018.888441928737 2239.739694289153 0
4245 1824.165888241394 4212.857257668369 0
4246 757.8435532086239 1004.59344722279 0
4247 3410.676445604766 3942.701281700876 0
4248 1646.482756331571 1022.492277754661 0
4249 1622.02342940098 1119.454854690829 0
4250 2039.393062356275 4421.84831845116 0
4251 1367.616623611356 4252.389130600524 0
4252 441.507890095224 1904.555528411258 0
4253 1600.835281298283 495.3145961110965 0
4254 3040.58987709577 806.9340818273072 0
4255 2823.7271135476 958.4944387377814 0
4256 4470.530936411352 3281.862074089012 0
4257 1718.225147709401 1092.155964704105 0
4258 1693.76582077881 1189.118541640274 0
4259 1789.967539087231 1161.81965165355 0
4260 1765.50821215664 1258.782228589719 0
4261 1861.709930465061 1231.483338602995 0
4262 3758.013790874977 1503.570951320672 0
4263 4431.425819033915 1312.478721413632 0
4264 4491.719084514031 3906.002332668747 0
4265 4527.627537342336 1285.17983142691 0
4266 4599.369928720165 1354.843518376353 0
4267 4623.829255650756 1257.880941440186 0
4268 4563.461475891858 3975.666019618194 0
4269 482.2486001467601 3513.387464143013 0
4270 410.5062087689348 3443.723777193562 0
4271 506.7079270773563 3416.424887206843 0
4272 434.9655356995308 3346.761200257394 0
4273 531.1672540079517 3319.462310270675 0
4274 459.4248626301251 3249.798623321227 0
4275 1253.382749639284 2934.563449214496 0
4276 1207.739983277957 2407.744048098514 0
4277 1232.054940089167 2310.73737314807 0
4278 2619.173350789683 4633.217719509659 0
4279 3503.60698508529 4636.505227230055 0
4280 345.306175046916 1931.854419212316 0
4281 369.7655014341608 1834.891842140426 0
4282 2172.508673198644 2550.786947121087 0
4283 2311.401473821414 2465.105024388994 0
4284 2311.073242211924 2455.542323823825 0
4285 2356.069607856445 2524.094408042479 0
4286 1493.184437092148 3046.473410403481 0
4287 2615.09474493978 2341.117832764123 0
4288 2632.453596961249 2336.692513256355 0
4289 2619.286011508764 2322.811386387696 0
4290 2330.862539704039 2384.685492634171 0
4291 2319.388951304768 2393.770382066194 0
4292 2321.980253625208 2408.372279730084 0
4293 2308.358286288124 2405.416213385499 0
4294 2354.645615409318 2474.227760072706 0
4295 2357.47204728722 2473.27605977252 0
4296 2359.558736071391 2475.348969285787 0
4297 2360.301510239515 2472.335306894609 0
4298 2357.971644294991 2470.315318605136 0
4299 4622.193666236811 1618.432359198138 0
4300 4597.734339306221 1715.394936134306 0
4301 4601.005518134121 994.2921006184176 0
4302 2055.815583565608 2707.866406015577 0
4303 371.4010913806196 1474.34042451549 0
4304 348.9369742462623 1571.806303759063 0
4305 333.8570491492228 4455.71434351797 0
4306 405.5994405270512 4525.378030467416 0
4307 501.8011588354725 4498.079140480697 0
4308 477.3418319048783 4595.041717416865 0
4309 573.5435502133009 4567.742827430146 0
4310 381.1401135964575 4622.340607403584 0
4311 2319.618080649954 2451.535571303317 0
4312 2310.912821833195 2445.655668340653 0
4313 1990.474408495088 4615.773472323496 0
4314 2360.905903101654 2469.379440136944 0
4315 2664.697526450691 2492.589052788467 0
4316 2342.47868548615 3522.746795213384 0
4317 2551.315103686543 2388.331952288185 0
4318 2496.043446014021 2923.554518476376 0
4319 2639.696537828031 2318.05776609438 0
4320 2631.089601174426 2446.571328551517 0
4321 2345.043518770573 2525.44724118241 0
4322 390.953650080181 2459.03210085589 0
4323 366.4943170886427 2555.994678042152 0
4324 438.2367074563122 2625.658365033281 0
4325 2350.546838295026 2506.978193451328 0
4326 2349.122507276824 2503.664339753243 0
4327 2352.570033900534 2504.353504977343 0
4328 2353.955974858149 2507.07621835673 0
4329 3029.140751198987 3330.794006131857 0
4330 2235.270046422084 3281.35327661094 0
4331 472.5095779413177 365.3872812580307 0
4332 2078.517611678637 2074.58872060429 0
4333 2317.51396811547 2379.111773845338 0
4334 2363.169189827553 2471.368700994663 0
4335 2363.774782467493 2468.426090457686 0
4336 2555.428348429514 2650.792151991875 0
4337 1636.669219847805 3185.800784302376 0
4338 2081.843872840387 358.820146177482 0
4339 3863.954531388384 4624.272244219335 0
4340 3960.156249696805 4596.97335423261 0
4341 3984.615576627396 4500.010777296442 0
4342 4056.357968005225 4569.674464245886 0
4343 3020.96872528446 2530.199230637938 0
4344 3074.71904829206 2514.057554234332 0
4345 2440.793399228841 348.0268987917766 0
4346 2626.970677916896 2464.297424395062 0
4347 2628.916301708288 2461.986415807129 0
4348 2629.866003878598 2464.849418312682 0
4349 2392.974274557448 2548.444926905556 0
4350 2396.241356646493 2549.469430653017 0
4351 2397.760401714354 2552.415094577506 0
4352 2406.203740083548 2545.290705727199 0
4353 2406.306401919804 2547.973901589559 0
4354 2395.354851758178 2546.382339693313 0
4355 2613.881125644772 2544.095248390524 0
4356 2646.354617375616 2497.984257568594 0
4357 2594.764927038535 2580.772105662797 0
4358 2598.938776191811 2587.580143350874 0
4359 2005.377352854784 2699.197284656905 0
4360 1987.753720462993 2650.670419701005 0
4361 2390.97060625795 2454.216562055833 0
4362 2507.550261358488 2310.942336141155 0
4363 2351.598051475187 2501.446554282774 0
4364 376.3078596329042 392.6861712447894 0
4365 353.2290266151731 489.9969851297117 0
4366 2383.288270671168 2546.6263878885 0
4367 2621.693089170057 2413.759686220766 0
4368 2613.851558265424 2414.93510433852 0
4369 3143.837478545668 3203.830886848736 0
4370 3244.870756697104 3178.720544704217 0
4371 2368.366510539126 2649.782054835253 0
4372 2759.972920703906 2795.76484693837 0
4373 2353.197081989617 2515.21745625111 0
4374 2455.883236962673 2377.595143010232 0
4375 2443.969407122913 2411.840270006152 0
4376 2451.10907190576 2419.067856858388 0
4377 4393.781252987363 4652.823187525812 0
4378 2748.152596562408 2846.007269025557 0
4379 2528.884705884912 2415.606692839786 0
4380 342.0349940303163 2652.957254818537 0
4381 413.7773875968169 2722.620941677675 0
4382 3425.945085323214 338.3068012781514 0
4383 2393.154078400227 2444.860089599229 0
4384 2598.861836497351 2549.232462702785 0
4385 2597.398264905672 2546.61069389624 0
4386 2392.48286251598 2545.351718829241 0
4387 2453.504037679018 2409.107846158116 0
4388 2460.824606201664 2416.262871706658 0
4389 2463.17305581888 2405.788240189643 0
4390 2470.984875720481 2413.530144853033 0
4391 2366.001450155377 2470.408683024808 0
4392 2366.615466972967 2467.471529113995 0
4393 338.7638173911087 3374.060090244112 0
4394 2378.783310068051 2424.242569825723 0
4395 2624.32404591999 2151.926203249262 0
4396 2664.356775541551 2138.363257152316 0
4397 2659.59236648625 2793.804206778096 0
4398 2633.602666130989 2767.009569417335 0
4399 2358.517150830367 2481.135732348468 0
4400 2010.869195815221 2091.153424832463 0
4401 2666.894779188126 2474.322835254905 0
4402 3128.196546391237 2192.944037172185 0
4403 3073.88568614997 2138.632729408136 0
4404 2991.748074551694 2165.916690311632 0
4405 3018.58797548502 2085.268265897345 0
4406 2946.239607428118 2102.873964118295 0
4407 2966.512555923294 2028.665929858189 0
4408 2887.368139032415 2055.694214496548 0
4409 2912.136896660381 1974.767378939209 0
4410 2840.759946756045 1990.98650008323 0
4411 2859.421746607919 1918.398221302672 0
4412 2788.321547265637 1934.205580587833 0
4413 2806.011642343442 1862.938432542804 0
4414 2731.621038363832 1882.009756839512 0
4415 2751.553247630124 1808.596683400712 0
4416 2710.836122295207 1971.88885394727 0
4417 2656.668335660997 1904.24503131125 0
4418 3038.601094553892 2009.603931252895 0
4419 1914.849420243162 2387.286131180494 0
4420 1926.107244771332 2451.410934906944 0
4421 1906.463978898739 2329.980470552498 0
4422 2631.839906847082 2462.840497308592 0
4423 2632.386691126264 2465.791375498976 0
4424 1193.204670547944 340.9213152362113 0
4425 1097.002952239524 368.2202052229345 0
4426 1072.543625308866 465.1827821591592 0
4427 1000.801233931098 395.51909520966 0
4428 452.8825049742845 4692.004294353033 0
4429 4641.746224926774 2603.124035536155 0
4430 4031.898641074636 4666.637041182055 0
4431 2346.228112548498 2424.220126746166 0
4432 348.5773538718413 1210.751583695676 0
4433 373.0366808040826 1113.789006759919 0
4434 469.2383991127597 1086.490116773287 0
4435 397.4960077356236 1016.826429823986 0
4436 2273.240853601596 2557.474922777358 0
4437 2270.204726398446 2543.18296867252 0
4438 2630.11942377344 2412.462850877858 0
4439 4666.205551856747 2506.16145859983 0
4440 2422.564346176017 4673.204176262219 0
4441 1349.249512787375 2908.963031450006 0
4442 2603.040599139922 3462.16965467419 0
4443 2355.800770947726 2427.313715561349 0
4444 2608.143452076966 2544.244874728081 0
4445 2800.387917449662 3418.089267761754 0
4446 2165.173024549134 3216.732236666391 0
4447 2253.205873601359 3187.334287062788 0
4448 2069.552515288725 3244.595435633791 0
4449 2189.727743036585 3132.107820667014 0
4450 2269.520667967547 3108.74014858162 0
4451 2402.111550087999 2678.308948339079 0
4452 2385.874114584107 2692.003101634628 0
4453 2781.459371616907 2466.355643731247 0
4454 2775.324868108452 2487.587730609199 0
4455 2755.348451333874 2494.505315296402 0
4456 2770.358117144423 2508.342123783486 0
4457 2748.91440938002 2513.324929342573 0
4458 2764.832597583278 2527.07599005359 0
4459 2746.91027307941 2532.330128679296 0
4460 2760.520556050715 2544.321912435622 0
4461 2743.995909834017 2549.016976563317 0
4462 2758.138239333418 2562.814182940001 0
4463 2738.248778496101 2566.113160143942 0
4464 2754.046933717922 2581.10237124986 0
4465 2735.38453617847 2586.040194191441 0
4466 2749.321246027149 2600.300320720597 0
4467 2727.050672955448 2604.312754185434 0
4468 2765.390787282248 2656.118084608185 0
4469 2732.02168590533 2537.311022661781 0
4470 2355.955316346097 2460.651864921687 0
4471 2624.406909687756 2302.49548611788 0
4472 2596.238322345287 2668.448125227716 0
4473 2584.147677402466 2685.769891687797 0
4474 2605.240137082336 2652.446428304613 0
4475 2771.323521343486 3513.765433130639 0
4476 2518.078270329754 2414.795983822322 0
4477 2657.988683324986 2524.899251403724 0
4478 317.575668923615 2749.919831679445 0
4479 389.3180606054225 2819.583518616349 0
4480 335.4926385631807 4095.162925760015 0
4481 2647.752633833056 2500.53003820523 0
4482 2603.418285433605 2551.946807521274 0
4483 2595.862068739266 2549.18382307121 0
4484 2594.397007486184 2546.673582557011 0
4485 2320.855876033906 2441.430760561164 0
4486 2311.162308734491 2435.790113407932 0
4487 2240.718918596679 2224.369167829649 0
4488 2086.676126803502 4588.474582336758 0
4489 2062.216799872911 4685.43715927292 0
4490 2592.144045276207 4355.017555466982 0
4491 2784.547481893053 4300.419775493539 0
4492 4452.613967140447 1936.618979994347 0
4493 2513.700807202208 416.4908060537191 0
4494 2533.75213937047 324.0099736506236 0
4495 1419.815691274965 3337.343436006066 0
4496 3756.378201461158 1864.12236907866 0
4497 2303.538890350944 4436.914225427163 0
4498 1157.260980090306 2961.780058839548 0
4499 1181.732591324583 2864.804868818689 0
4500 3446.584898433076 1321.878780459045 0
4501 3542.786616741498 1294.579890472326 0
4502 3350.383180124654 1349.177670445764 0
4503 511.6146901241063 2334.77063414737 0
4504 3095.976374334959 4482.111946355159 0
4505 3071.517047404368 4579.074523291327 0
4506 2138.675806419254 3673.399525479916 0
4507 4336.859690139451 979.2261936424018 0
4508 4330.317332720409 2421.431864734014 0
4509 3281.91196757474 558.411147980416 0
4510 4594.463160478817 2436.497771650357 0
4511 4690.66487878691 2409.198881663554 0
4512 3498.59352205199 407.0374072636091 0
4513 3474.285202679887 503.8444707057783 0
4514 3901.498573630662 1642.898325219578 0
4515 1127.930122547196 4140.360646688049 0
4516 1056.18773116937 4070.696959738601 0
4517 4190.103728555887 1561.001655259411 0
4518 3841.13079387174 4360.683403397552 0
4519 3769.388402493909 4291.019716448107 0
4520 1837.250603534471 1328.445915539164 0
4521 1933.452321842891 1301.147025552439 0
4522 1957.911648773481 1204.18444861627 0
4523 2029.654040151312 1273.848135565713 0
4524 4128.100359383052 4639.338151195332 0
4525 746.3944281414122 3528.453371119041 0
4526 818.1368195192372 3598.117058068486 0
4527 555.6265809385468 3222.499733334507 0
4528 483.8841895607193 3152.836046385059 0
4529 387.682471252298 3180.13493637178 0
4530 412.1417981828913 3083.172359435614 0
4531 315.9400798744696 3110.471249422334 0
4532 508.3435164913137 3055.873469448892 0
4533 827.950355965886 1434.808551511507 0
4534 899.6927473077526 1504.472238451972 0
4535 733.3842265499304 1101.556024025 0
4536 805.1266179731147 1171.21971095205 0
4537 493.6977260442025 989.527539837306 0
4538 421.955334666518 919.8638528878892 0
4539 1183.423133801331 2504.741012617873 0
4540 3066.684793441263 349.4200871320668 0
4541 2752.038130058255 2396.494406718393 0
4542 2631.12372257448 2459.92092669575 0
4543 2416.152770552867 2663.269091739061 0
4544 2723.311526144976 2574.577595536004 0
4545 2089.765472451988 2322.95144816429 0
4546 2398.456621974509 2546.962047878283 0
4547 2228.217345549657 2814.296918960798 0
4548 2554.720650446598 2560.990161344092 0
4549 2547.644966788891 2560.117642005191 0
4550 1798.070971878248 4670.371252296951 0
4551 1701.869253569821 4697.67014228365 0
4552 2260.11462048623 2432.855261493 0
4553 2272.124411432157 2422.441241484905 0
4554 2643.636777841672 2476.605946592605 0
4555 2640.729746071881 2477.548393516442 0
4556 2539.062529707866 2414.979476020068 0
4557 2562.596095423636 2422.606796437603 0
4558 2566.515769294638 2414.853150461186 0
4559 2574.269207663317 2415.180372920391 0
4560 2626.798978586285 2536.74996814409 0
4561 4661.298783614237 3587.815711873523 0
4562 325.7536163581203 947.1627428746124 0
4563 350.2129432887705 850.2001659384578 0
4564 2406.672703928766 2699.186520383244 0
4565 2473.848095297132 3308.433033969228 0
4566 2415.769753707931 2625.31354713626 0
4567 4673.079049588761 703.0753155107236 0
4568 4698.625417633658 606.3869504905542 0
4569 4627.064199774884 536.768965527101 0
4570 4465.779488633463 4722.223396034338 0
4571 4560.488782043609 4696.461463619677 0
4572 2402.659434421739 2452.098547195123 0
4573 2404.009999532195 2449.491839255986 0
4574 2402.309667091132 2446.689470130716 0
4575 2406.209304310734 2446.541337267245 0
4576 4659.663194200281 3948.367129631474 0
4577 4635.203867269685 4045.329706567642 0
4578 2791.90171050596 2503.62302531062 0
4579 2029.361020675717 2021.585414774648 0
4580 3061.785098415212 2565.649934353961 0
4581 2643.394579431549 2436.51115847132 0
4582 2648.488667484041 2492.343981349991 0
4583 2645.83835784352 2492.920279396644 0
4584 2669.795501174058 2468.586772266108 0
4585 2665.850819489478 2463.152795720875 0
4586 2630.255088555247 2467.74643056695 0
4587 2633.148059226221 2468.901107118055 0
4588 2473.715737271698 2401.031646041938 0
4589 2482.537562011667 2411.394667774144 0
4590 2445.135457355439 2287.741642279095 0
4591 2434.604904764749 2266.941842237854 0
4592 2547.42213314065 2527.087925320295 0
4593 2544.851981584411 2530.533038804398 0
4594 2546.624061083586 2534.91611079587 0
4595 2803.291493385184 337.0061004650247 0
4596 2161.691779516447 2387.38250966483 0
4597 2714.606603155919 2648.555547375864 0
4598 2097.010503690269 2509.720631087263 0
4599 2059.401934820366 2499.171449468299 0
4600 2027.558933854109 2533.041558509655 0
4601 4685.758110544833 3490.853134937355 0
4602 2390.178408841285 2714.40428562936 0
4603 2388.651460015443 2429.749042209975 0
4604 2354.385486643129 2501.895149426313 0
4605 2353.676310880081 2499.234671691118 0
4606 2644.993240621689 2500.654310570734 0
4607 2646.369296586572 2503.211650401092 0
4608 2455.861499938982 2322.458600250062 0
4609 2181.629406026385 2642.284666091808 0
4610 4695.571647028586 1327.544628389628 0
4611 2784.824402332121 2444.645684349734 0
4612 2635.12308503574 2463.885427655042 0
4613 4723.259878966007 509.4685521408533 0
4614 4651.546676655142 439.8122282891445 0
4615 2022.976590722319 2747.202859699812 0
4616 2561.836857348635 2681.297751838383 0
4617 2569.896407565438 2702.928068662367 0
4618 2592.565161733276 2706.839627479392 0
4619 2576.814703695596 2723.976847574389 0
4620 3347.622430224591 2428.065555817623 0
4621 3422.316406113899 2498.254230943465 0
4622 2393.782280761262 2564.347898789781 0
4623 2390.881025650729 2568.311028348873 0
4624 2385.388395805942 2567.439634486436 0
4625 2740.973653672188 2499.148231562125 0
4626 2351.581257138018 2475.194917736155 0
4627 3522.319828885851 314.9083781448799 0
4628 2553.529434146796 2719.679353555463 0
4629 2561.881213502475 2744.275731243315 0
4630 2769.948976441145 2595.692415985947 0
4631 2187.986776890759 1981.511869079512 0
4632 2258.597439270842 1962.280799103519 0
4633 2405.315184880146 2271.083992215385 0
4634 2358.227250382672 2483.839025848223 0
4635 2365.591640358966 2635.145571972392 0
4636 1917.975013875293 311.3713511477863 0
4637 1818.377253299243 342.9069061903197 0
4638 2822.761309775603 2053.880744673318 0
4639 2298.69331852793 2510.82217271573 0
4640 2290.568176594617 2516.288010847219 0
4641 2289.766947688038 2505.464570839263 0
4642 2280.096136405892 2512.439969035071 0
4643 2788.684797029324 2679.976817859605 0
4644 2401.445730868732 2454.732952615927 0
4645 2921.942173579228 2168.249327180398 0
4646 2658.581570668184 2424.230330000451 0
4647 2463.498065321959 2363.567825029941 0
4648 2642.69966997142 2484.992775406897 0
4649 2291.332459834257 2527.028015045537 0
4650 2409.180066978576 2549.093242795843 0
4651 2406.50864175995 2551.15630703772 0
4652 2409.944819609907 2552.327917270086 0
4653 2406.856439008543 2554.867555124233 0
4654 289.845163529917 3567.985244116451 0
4655 2302.490603706322 2460.881166576712 0
4656 2736.512480287221 2380.205493477467 0
4657 2396.751077459313 2561.007393994191 0
4658 3180.786105005242 2247.997310821828 0
4659 293.116342286869 2846.882408603486 0
4660 2645.928363195295 2296.312250949061 0
4661 2661.346761771879 2312.812173538884 0
4662 2301.798445901783 2440.607327628301 0
4663 2303.393139540363 2429.586550809806 0
4664 2326.362627867598 4700.503066248946 0
4665 270.2926034662278 2583.293567835512 0
4666 2410.81447264789 2556.163555434447 0
4667 2362.371026969184 2422.556492390047 0
4668 2541.670538448273 2533.978281891698 0
4669 2543.631435794664 2539.190077487815 0
4670 3173.47640831214 3109.134600110211 0
4671 3270.462841677017 3082.271072286077 0
4672 2353.988640982574 2489.518973703528 0
4673 2333.718524480423 2508.124180269716 0
4674 2348.393992805731 2500.376708925876 0
4675 4720.030973959175 1230.582051453461 0
4676 2533.222579879262 2406.355232557038 0
4677 4693.93605761464 1688.096046147582 0
4678 4669.476730684048 1785.058623083759 0
4679 2673.542637062952 2474.118746174021 0
4680 1077.375879272048 4694.837218318336 0
4681 981.1741609636272 4722.136108305056 0
4682 909.4317695857987 4652.472421355611 0
4683 2362.925290774776 2430.788603330873 0
4684 2616.663362051766 2543.905467446391 0
4685 2403.736594542632 2549.893725812796 0
4686 2601.716972816332 2544.271583459321 0
4687 2368.818004531908 278.6031677798301 0
4688 2879.71498970275 1838.629287863231 0
4689 2980.165903167498 2363.898607036373 0
4690 2652.73640337184 2549.90738207626 0
4691 2730.996487593903 2460.688537613221 0
4692 2649.018997479453 2447.596010684728 0
4693 2655.957303958568 2448.607563232928 0
4694 2684.995975198095 2598.454718661745 0
4695 2474.536080088792 2600.100793045309 0
4696 2544.784142878466 2621.239118153928 0
4697 3203.292649507234 2171.302770229675 0
4698 273.5637835785328 1862.190732240243 0
4699 2357.324761885551 2435.018531840362 0
4700 285.1719887964246 4288.734418691264 0
4701 2398.10501924543 4770.166753198389 0
4702 1025.260560861701 298.5565182734836 0
4703 929.058842553281 325.8554082602031 0
4704 2631.439478875252 1971.448871253607 0
4705 2581.999868569857 1920.991631231771 0
4706 3183.36727521029 2582.259752825558 0
4707 2398.152057400657 2565.458377819211 0
4708 2400.811419254282 2561.557103538704 0
4709 2592.862093494259 2549.158226237814 0
4710 2591.396997656391 2546.65182619479 0
4711 2714.628805554213 2387.607615308006 0
4712 2720.147222974328 2364.356425288094 0
4713 2334.104650737248 3159.012972895289 0
4714 2342.897611782681 3081.860358983213 0
4715 400.7671865634711 295.7235943085943 0
4716 496.9689048719824 268.4247043217547 0
4717 304.5654682550535 323.0224842953667 0
4718 3575.349376463118 4706.168914179502 0
4719 3479.147658154699 4733.467804166225 0
4720 356.6501069057713 4719.195068381941 0
4721 2627.384982928059 2281.065201170452 0
4722 2387.17454762542 2572.976794860741 0
4723 2354.161574322058 2644.374743486821 0
4724 2353.937876433916 2662.721935643204 0
4725 2351.081411603539 2629.898693080168 0
4726 2627.970033092572 2534.008729965353 0
4727 2562.115093368231 2560.318673295818 0
4728 2565.483871983355 2566.459736452496 0
4729 2777.387532987522 2710.967927560269 0
4730 2602.667890693762 1847.328151709359 0
4731 2528.178896623657 1866.156627565358 0
4732 4718.374128088046 1591.128107156773 0
4733 2595.806652055567 2544.077744389976 0
4734 276.8349624962884 1141.087896746789 0
4735 3354.021484875198 268.8297305215006 0
4736 2415.35646414397 2387.176562175117 0
4737 2795.450869406719 2831.144750175811 0
4738 2783.816059754664 2880.15325197113 0
4739 2631.446106866237 2534.191055302329 0
4740 1135.892795249869 2338.175031725941 0
4741 1328.220286814402 2283.296151682457 0
4742 1256.370656488877 2213.734119628057 0
4743 1352.577752742685 2186.288338234041 0
4744 1280.693585391318 2116.733211699083 0
4745 1376.962708135893 2089.192497203536 0
4746 1305.081839903484 2019.645647976392 0
4747 1208.855056760195 2047.16076385852 0
4748 1233.17226620412 1950.159703575412 0
4749 1329.317746378982 1922.736075798451 0
4750 1257.475183848583 1853.175534959247 0
4751 1161.314327174698 1880.615993311283 0
4752 1185.628301251696 1783.619722712742 0
4753 1089.466724545061 1811.06096918594 0
4754 1113.782150862856 1714.063109016674 0
4755 1281.789243369355 1756.179170838115 0
4756 1398.152162834495 2715.627329860051 0
4757 2868.753876806647 3491.094908694395 0
4758 976.3419070003451 492.481672145997 0
4759 1095.367362804102 728.7716229914877 0
4760 1167.109754203104 798.4353099304883 0
4761 1382.336928336899 1007.426370778661 0
4762 1597.564102470386 1216.417431626993 0
4763 1310.59453695907 937.7626838292147 0
4764 2327.998217281534 4339.951648490985 0
4765 4555.349823191211 467.1123454588169 0
4766 4579.813819254171 370.1509463361772 0
4767 4676.016315751322 342.8522526517172 0
4768 4483.61368994189 397.4502371556391 0
4769 4508.074059893909 300.487923327184 0
4770 4411.872780255078 327.7869239706406 0
4771 4261.846119933714 1630.665342208859 0
4772 2448.661432727732 4215.697829412386 0
4773 1132.814977952953 3058.728922382104 0
4774 2273.975472251613 304.5023147977913 0
4775 3471.044225363672 1224.916203522878 0
4776 2200.869328665454 595.1100970125467 0
4777 1966.01508156449 4712.736049259643 0
4778 1085.544127849319 2892.090108134976 0
4779 3407.40526677687 4663.804117216778 0
4780 4617.28689799597 2700.086612472269 0
4781 1923.636488643156 3464.454963291041 0
4782 2899.920781731726 311.2139740274533 0
4783 3342.016440046626 3151.849241815853 0
4784 3366.633094484068 3054.957929396077 0
4785 1173.57759758047 4667.538328331617 0
4786 1802.977740120145 3588.716999023213 0
4787 1529.092889920455 425.650909161649 0
4788 3397.666244571885 1515.803934331381 0
4789 560.5333460583261 2140.845479280808 0
4790 3898.227639807482 2364.001222612135 0
4791 3293.147874126395 3345.797083983205 0
4792 4542.273327789178 3351.525761038459 0
4793 4566.732654719771 3254.563184102291 0
4794 4638.4750460976 3324.226871051736 0
4795 4662.934373028191 3227.264294115566 0
4796 4740.072745081803 3297.601273528945 0
4797 1630.126862191991 4628.006455334201 0
4798 1605.667535261395 4724.969032270357 0
4799 1533.925143883566 4655.305345320909 0
4800 3541.151027327538 1655.131308230279 0
4801 875.2265627285356 1601.410648946004 0
4802 1948.138644708731 3367.382974721264 0
4803 3567.245943672093 1197.617313536158 0
4804 324.1180269415972 1307.714160631927 0
4805 485.5197789645108 2792.284628627537 0
4806 2975.315329095948 4606.373413278051 0
4807 3047.057720473777 4676.037100227495 0
4808 3143.259438782198 4648.73821024077 0
4809 2950.856002165356 4703.335990214221 0
4810 3767.752813079963 4651.571134206059 0
4811 3839.495204457794 4721.234821155505 0
4812 3689.542578325062 712.8044288553192 0
4813 2016.569341168473 4158.259535172453 0
4814 4229.208845933317 3530.385007934788 0
4815 4204.749519002723 3627.347584870956 0
4816 4133.007127624895 3557.683897921508 0
4817 3089.508530957894 613.0089279538538 0
4818 2551.774111915514 3814.824244379464 0
4819 384.4112924243782 3901.237771887681 0
4820 312.6689010465529 3831.574084938231 0
4821 288.2095741159537 3928.536661874397 0
4822 3585.19353477198 2542.868138686744 0
4823 3929.229079389137 824.8329127674979 0
4824 2088.311727419964 4227.923204056607 0
4825 3435.13577253536 3845.738704764708 0
4826 1742.684474639992 995.1933877679373 0
4827 4276.49191038055 3697.011271820404 0
4828 2184.513444873995 4200.624311059004 0
4829 2725.889729126492 1346.344838342952 0
4830 3506.878163913187 3915.402391714156 0
4831 3482.418836982593 4012.364968650324 0
4832 3578.620555291014 3985.066078663603 0
4833 1967.650670978448 4352.18463150171 0
4834 3725.37651689737 3403.290617052353 0
4835 1109.98016449313 2795.226042817277 0
4836 3859.122277425276 394.6178080600935 0
4837 3786.608145077259 321.2963249990726 0
4838 3882.681239890663 293.3878023270677 0
4839 2544.862911012722 4188.398093579308 0
4840 4185.196960733791 2642.655908639283 0
4841 4625.464845064718 897.3295236822501 0
4842 4697.207236442544 966.993210631699 0
4843 4265.117298761627 909.5625066929515 0
4844 4240.657971831029 1006.525083629118 0
4845 4168.915580453206 936.8613966796675 0
4846 4455.885145964507 1215.516144477466 0
4847 1625.294608228877 398.352019174928 0
4848 1553.55221685105 328.6883322254803 0
4849 4049.890124628156 700.5714458446091 0
4850 291.4807529438767 3207.4338263585 0
4851 2160.054107595285 4297.586851528243 0
4852 744.7588387274714 3889.004788876979 0
4853 419.0166907833527 1641.050572116376 0
4854 3554.16122836042 4082.028655599771 0
4855 3650.362946668842 4054.729765613052 0
4856 4080.817294935817 4472.711887309719 0
4857 3865.590120802333 4263.720826461386 0
4858 324.8656047920649 1668.866745036781 0
4859 3638.988335049919 1267.281000485608 0
4860 1649.753935159472 301.3894422387598 0
4861 4738.738298281411 864.6409650487358 0
4862 769.2181656580688 3792.042211940812 0
4863 840.9605570358942 3861.705898890262 0
4864 4312.400363208853 1076.18877057857 0
4865 2054.113367081901 1176.885558629546 0
4866 2125.855758459732 1246.549245578988 0
4867 4180.290192072129 3724.310161807124 0
4868 4591.191981650361 3157.600607166122 0
4869 4687.39369995878 3130.301717179396 0
4870 2491.090596457734 4742.056574475218 0
4871 4009.074903557987 4403.048200360276 0
4872 3793.847729424504 4194.057139511941 0
4873 3625.903619738247 4151.692342549219 0
4874 4467.259757583436 4002.964909604912 0
4875 4395.51736620561 3933.301222655465 0
4876 4252.032583449954 3793.973848756571 0
4877 2150.315085390322 1149.586668642821 0
4878 2222.057476768153 1219.250355592264 0
4879 2246.516803698744 1122.287778656096 0
4880 2318.259195076574 1191.95146560554 0
4881 2197.598149837562 1316.212932528434 0
4882 865.419883966485 3764.743321954096 0
4883 937.162275344313 3834.407008903546 0
4884 912.7029484137186 3931.369585839712 0
4885 1008.904666722139 3904.070695852992 0
4886 721.9351012108159 3625.415948055207 0
4887 4320.75964026816 4584.476892780982 0
4888 4296.044469069282 4681.702948158071 0
4889 2005.194713220721 1370.810712501884 0
4890 2342.718522007162 1094.988888669372 0
4891 2414.460913384994 1164.652575618815 0
4892 2390.001586454404 1261.615152554984 0
4893 2486.203304762825 1234.31626256826 0
4894 4615.651308580953 3060.638030229953 0
4895 4714.976389230258 3032.332431867143 0
4896 4640.631195901693 2963.50766856444 0
4897 2510.662631693415 1137.353685632093 0
4898 2582.405023071245 1207.017372581535 0
4899 627.3689723163689 3292.163420283959 0
4900 2606.864350001836 1110.054795645367 0
4901 2364.939709143001 2538.166625747441 0
4902 2368.496168702562 2539.38370295132 0
4903 2367.614163660799 2536.301636487401 0
4904 2370.583508032028 2536.902111387587 0
4905 2376.622030605298 2531.529708053057 0
4906 2369.946445349344 2533.815450218212 0
4907 2366.371503243055 2533.56748710368 0
4908 2368.567053133786 2531.125728542159 0
4909 2365.779391639784 2530.518777787671 0
4910 756.2079645433155 1365.144864550939 0
4911 852.4096829137429 1337.845974579735 0
4912 446.4146615971963 822.9012759517691 0
4913 374.6722702193651 753.2375890023343 0
4914 278.4705519109662 780.53647898902 0
4915 302.9298788415308 683.5739020529074 0
4916 2616.740548614983 2451.768607019715 0
4917 2620.193470234008 2451.605337207875 0
4918 2618.285592142268 2448.400300601129 0
4919 971.4258360623248 1574.103142613675 0
4920 995.8929152276564 1477.167884679477 0
4921 1067.636857067062 1546.837035432948 0
4922 2130.00331108787 2516.125911449751 0
4923 2124.022719137445 2484.517797568028 0
4924 2149.347850743428 2495.12832263898 0
4925 2696.15598015709 2588.628121675778 0
4926 2510.279589893998 1947.34375152022 0
4927 2453.713060362722 1885.253732574327 0
4928 2476.130022772903 1814.219406211615 0
4929 1017.941422338003 1741.149634629296 0
4930 993.4672900301739 1838.158107819509 0
4931 2372.730834244885 2534.589555520372 0
4932 2373.534250155786 2537.460723470176 0
4933 2346.409299592136 2551.225949982003 0
4934 2348.255230170733 2557.508277167974 0
4935 2354.451316678725 2558.353163498511 0
4936 4731.081262051921 4018.364817641842 0
4937 4706.892204726481 4115.049060360577 0
4938 4610.735531352254 4142.301561311056 0
4939 4682.476421232275 4211.966794561711 0
4940 2323.926981222442 2517.875498981968 0
4941 2403.809236866233 2443.039660677283 0
4942 1944.736596787294 2688.850947614377 0
4943 2669.339226965708 2512.708176515235 0
4944 2394.85866784215 2543.361425969129 0
4945 2615.673258064098 2426.278055593637 0
4946 4713.488616303453 2672.78772248531 0
4947 4689.029289372946 2769.750299421503 0
4948 2826.086105494469 3325.919610807957 0
4949 2390.01220249175 2546.798674012937 0
4950 2389.89738066875 2543.847211755458 0
4951 2383.296005790477 2452.48882576852 0
4952 2383.453376578896 2455.483261901145 0
4953 2386.060384894851 2456.860811085346 0
4954 2383.619889094055 2458.420441674197 0
4955 2352.536414472349 2509.767235430798 0
4956 2355.55195102194 2509.605679503451 0
4957 2299.076170220821 207.7596139548705 0
4958 2204.401093002145 1909.183161460147 0
4959 2129.939896242211 1930.161308171495 0
4960 2351.936088205456 2471.377027116419 0
4961 275.4054995544197 1499.406045051898 0
4962 225.1265112357933 3139.129328886967 0
4963 2654.198151890978 2543.449698331569 0
4964 2597.325718134377 2551.792416695921 0
4965 4739.566907086447 2934.487457219388 0
4966 2639.640010746612 2480.344628733414 0
4967 2637.808126342175 2477.867426464741 0
4968 2638.853179326353 2475.207688354782 0
4969 2615.107297391434 2541.574964600388 0
4970 265.3858365993246 3664.947821052619 0
4971 2650.067621358122 2555.938005431338 0
4972 246.1032011814586 3041.288238205747 0
4973 2344.822063652086 2544.101253586506 0
4974 2755.778908238 1618.130619136633 0
4975 2368.511535122638 2706.020092265932 0
4976 284.9332819946885 4649.621478064 0
4977 260.4424230884415 4746.472935821306 0
4978 1578.16006741762 232.2491549219426 0
4979 1481.983103048525 259.6352781807673 0
4980 2251.384935712672 2642.029389663026 0
4981 2622.317993137856 2448.261209012441 0
4982 2698.471722088019 2604.860911751787 0
4983 2486.627776740925 2381.033566106034 0
4984 2368.561442811291 2469.518801338534 0
4985 2369.621713281636 2466.808420221531 0
4986 2367.240860223172 2464.580207493043 0
4987 2370.09138292738 2463.627815905238 0
4988 2372.375773939538 2465.482915670967 0
4989 2373.346285739558 2462.352923702093 0
4990 194.0520939648586 3596.724218711563 0
4991 3118.930399356454 4744.248255380639 0
4992 3213.538046001542 4712.924887589826 0
4993 2634.961972350734 2545.564424689166 0
4994 2406.035061857385 2452.123429789477 0
4995 2353.779230652541 2368.803438425849 0
4996 2644.119056485805 2488.002009046337 0
4997 2410.867353069824 2597.427710733614 0
4998 2421.241494346053 2597.058180574544 0
4999 1928.398231286886 2630.044504802424 0
5000 2335.598475018248 2448.47342657097 0
5001 2336.076952699984 2440.810467366047 0
5002 2419.007396111323 2239.874613804839 0
5003 2446.178814948831 2242.838942377897 0
5004 2598.927710638727 2728.542436657238 0
5005 2578.902570861276 2584.6400032751 0
5006 2631.35985246507 2107.019917355042 0
5007 2678.944808343644 2092.508493898778 0
5008 2666.612632835036 2517.283879712533 0
5009 2468.092105217787 2423.316993955791 0
5010 2673.068009803767 2462.447278034971 0
5011 2668.327051270236 2456.842891036014 0
5012 2211.073649951073 3058.324961435132 0
5013 2584.941861398704 2296.201480036922 0
5014 2360.908273625201 2483.136814709008 0
5015 2361.154955030046 2480.334190915288 0
5016 2571.019220964817 2406.665121350115 0
5017 2580.452633298768 2408.869209598658 0
5018 2585.908057894366 2416.419195660633 0
5019 2589.85538100097 2408.464359109483 0
5020 2593.5869260981 2416.303572951966 0
5021 2601.337250631907 2428.550551285709 0
5022 2437.172518164251 1960.034829029464 0
5023 2513.091559886164 2425.613498927685 0
5024 2488.046896556637 2439.093764993254 0
5025 2365.756609481013 2473.387344963684 0
5026 251.2662884750621 1959.698642779141 0
5027 2667.666410809402 2290.796453258641 0
5028 2713.300355413104 2130.774862434278 0
5029 2371.499026012643 2729.320774825244 0
5030 2736.50647221593 2893.651734016848 0
5031 2652.088277221525 2588.26345123685 0
5032 2642.281804696917 2589.85081704435 0
5033 2639.293602114759 2600.279285389969 0
5034 2632.230437812964 2592.319095740959 0
5035 2628.933795767661 2601.919223942688 0
5036 2635.900131184365 2611.396549291 0
5037 2622.58980133572 2612.015659467918 0
5038 2645.240745001981 2580.049800381242 0
5039 2344.382998499675 2438.534630481428 0
5040 2424.321607793937 2878.143417296169 0
5041 1843.125971340789 246.4240023708235 0
5042 2390.13400207848 1913.555507573071 0
5043 3200.774597770024 4813.567226640822 0
5044 2255.151334084879 2418.43231367715 0
5045 2270.94444818575 2405.677045076089 0
5046 3196.349712149696 3015.490601176668 0
5047 2802.825925795298 2458.898658949141 0
5048 2265.992928285347 2732.674991489031 0
5049 2233.684567171834 2723.180123871305 0
5050 2296.335987161379 2738.057622049807 0
5051 2226.185076682445 2685.652209440387 0
5052 2200.838106036651 2710.88193221225 0
5053 2337.399909027253 2434.055237442152 0
5054 2598.535492602692 2409.226623352536 0
5055 4753.668301925764 3922.496349272822 0
5056 2615.757569919931 2404.464533740899 0
5057 3074.394018857396 3127.8099239103 0
5058 2357.035824113718 2506.966877904597 0
5059 2584.989366682937 2592.872474931241 0
5060 2341.967064001627 2555.97962390917 0
5061 2343.917375737692 2562.862628371357 0
5062 2671.789878380599 2506.834724515483 0
5063 2443.984931599442 2611.539237632391 0
5064 2442.331873897759 2626.915929087218 0
5065 4103.641032452461 4736.300728131499 0
5066 2561.615180830091 2406.557765240182 0
5067 2543.387287620616 2406.527693247572 0
5068 2586.804199080306 2351.782847258338 0
5069 2457.030688440508 2633.705062646606 0
5070 2444.815685269597 2642.978593800269 0
5071 2653.959202542733 2442.198960157096 0
5072 2660.644887397908 2443.868612047281 0
5073 1147.679506852404 4759.430678982975 0
5074 1244.697486096095 4735.008305389379 0
5075 2333.533625337222 2488.328160420646 0
5076 2643.328987227876 2498.469814712148 0
5077 3742.667003779478 4746.32597740277 0
5078 2635.845697912096 2475.639790402668 0
5079 2636.963833716532 2472.969661713265 0
5080 2634.390843710389 2473.180214933416 0
5081 4756.73984400076 3557.836251388623 0
5082 4742.075932132828 3664.578537429226 0
5083 2311.247458751268 2338.203408951179 0
5084 2777.554248093928 2557.521732135612 0
5085 2073.297988738789 2750.660542258846 0
5086 2075.582545985833 2838.534553859301 0
5087 2618.135952386741 2541.29309944259 0
5088 2643.254900700776 2503.218604242431 0
5089 2644.898348312482 2505.733578117769 0
5090 1946.99624896413 2238.824080139067 0
5091 2398.045370921343 2738.549096210413 0
5092 2199.905492107705 234.5083281499446 0
5093 2615.636444283212 2669.066971919369 0
5094 177.5262022701822 1900.690103503637 0
5095 2356.36196725751 2499.941608220732 0
5096 2355.857155236216 2497.226541305861 0
5097 2380.974704764226 2457.164138893232 0
5098 2381.056262711452 2460.325552681861 0
5099 2378.451395024118 2458.842389710003 0
5100 2378.550603891072 2461.731696521611 0
5101 3256.063677959888 2229.981647967671 0
5102 2552.416288612671 2554.559808900422 0
5103 2545.882716472312 2553.391303575911 0
5104 2540.208756225018 2557.981097979921 0
5105 2539.384185537072 2551.607517371606 0
5106 2631.990255659428 2623.908534867459 0
5107 2618.362811867303 2626.502955489484 0
5108 2279.210311581172 2500.147958621385 0
5109 2268.102259290574 2508.657268320576 0
5110 2289.733491046049 2494.7820594513 0
5111 955.2120822902125 234.8622067350279 0
5112 858.1106122421377 258.9903574188747 0
5113 832.9894844226424 353.6207375982749 0
5114 761.2691530744448 284.0347905407189 0
5115 2629.611031264809 2531.381766841737 0
5116 2632.245532032355 2531.57323203405 0
5117 2631.231957362305 2529.305895741865 0
5118 2633.680736497211 2529.647632369035 0
5119 2632.384254510038 2527.43050548327 0
5120 2634.909911167203 2527.308807469763 0
5121 2636.462675411183 2529.791492491723 0
5122 2637.813266241919 2527.102331712977 0
5123 2635.758940623487 2524.611278658404 0
5124 2639.080959940266 2524.41926773704 0
5125 2639.446219678975 2529.613933510329 0
5126 2637.500965609574 2521.920235112933 0
5127 2640.422942872116 2522.045366901286 0
5128 2639.157152242054 2519.164258050192 0
5129 2641.467710602241 2519.557172373547 0
5130 2639.755242304831 2516.805166157899 0
5131 2643.085557878604 2516.892574427659 0
5132 2641.781467425983 2514.354199258893 0
5133 2644.475138392088 2514.234565961191 0
5134 2643.096949843374 2512.101650908063 0
5135 2646.096892807727 2516.833073453025 0
5136 2645.792594133153 2511.545993960435 0
5137 2643.396570557808 2521.478781720086 0
5138 2810.23949607642 2706.375712186091 0
5139 2827.038809374765 2670.793282771091 0
5140 2797.135917689783 2738.919811730357 0
5141 2436.204531542392 2406.192990737435 0
5142 2740.70639149002 2485.4174155468 0
5143 2612.212216497856 2541.82566598413 0
5144 2535.359649450513 2738.545691500274 0
5145 2540.30669745464 2769.837401939717 0
5146 2361.526491910351 2466.439840315426 0
5147 2537.560277495679 2538.278883160511 0
5148 2303.465152670305 3350.350536419683 0
5149 2506.753038421457 2414.389585201817 0
5150 2628.482562339414 2638.254764274843 0
5151 1511.187599794623 4750.494762898124 0
5152 1438.010389382085 4682.3087087478 0
5153 1581.600374794587 4822.889387701965 0
5154 2418.790594952847 2638.164383967331 0
5155 4781.21994239681 2741.439596834134 0
5156 2367.839763287715 2528.667345640854 0
5157 2365.586547473753 2527.895907048942 0
5158 884.1433845170463 4746.513384354093 0
5159 813.0918749210175 4679.28437568605 0
5160 837.6663488152458 4582.727578463451 0
5161 791.323328819102 4769.237567560381 0
5162 717.4307376549486 4705.739658599982 0
5163 2387.188666174532 2442.536578366352 0
5164 2384.007620390569 2439.132860249288 0
5165 2523.597834451382 2649.594902659365 0
5166 2739.78665175067 2642.175223497523 0
5167 2764.023214826434 2615.907678174618 0
5168 2785.252125067255 2610.823390290222 0
5169 2792.396201308303 2589.042451874683 0
5170 2036.429321213255 4777.719308595641 0
5171 2133.715344152778 4754.241525208228 0
5172 2157.165804019461 2355.537592378649 0
5173 2130.762171800132 2376.95829361798 0
5174 2136.614030310831 2407.923926002335 0
5175 2183.280378125518 2335.552342607405 0
5176 2699.760690736999 2573.589990533989 0
5177 2282.516470735713 2580.060027413686 0
5178 2655.153678766758 2458.415828121309 0
5179 220.2738735708822 3859.833232980622 0
5180 2641.255444615221 2550.35318565859 0
5181 2334.062982099837 2357.560385640511 0
5182 3285.401100507624 2364.96095702223 0
5183 3259.381280660697 2462.476460704963 0
5184 2635.523112295229 2453.375140421268 0
5185 2481.982428433528 2430.815591144799 0
5186 2543.224684903716 2526.377721738636 0
5187 2545.911926356839 2522.842818289846 0
5188 2137.550372671157 3073.255298890464 0
5189 2374.962727855526 2464.765464700629 0
5190 2374.34634659173 2467.028760322011 0
5191 2448.529407970139 2428.904915620796 0
5192 2701.280720377144 2414.966805371102 0
5193 1301.910975160858 2741.105780600518 0
5194 1230.706806683234 2671.265495722306 0
5195 2357.622790682211 2503.128625110161 0
5196 1023.624971432319 659.1079360391082 0
5197 1119.826689749929 631.8090460478386 0
5198 1741.04888522605 1355.744805525888 0
5199 1812.791276603877 1425.408492475333 0
5200 2254.620236489759 4630.839379299491 0
5201 4548.815685446458 1909.320090007017 0
5202 4620.55807682388 1978.983776956368 0
5203 4477.073294068085 1839.656403057426 0
5204 4380.871575759571 1866.955293044124 0
5205 2706.462668461265 362.0950568609401 0
5206 2681.898823761419 458.689311531974 0
5207 2744.407886988756 266.3192640115235 0
5208 2153.683293997293 428.3627855539053 0
5209 3438.37024161167 3124.619240861645 0
5210 3001.410245440488 4148.85941858393 0
5211 2905.208527132068 4176.15830857065 0
5212 3495.503552294266 1127.95362658671 0
5213 630.639932950306 2571.060593771419 0
5214 1013.763997171228 2822.477713842792 0
5215 1514.372585195134 3670.613668984271 0
5216 1851.795179087222 3394.39428019113 0
5217 1876.619511346167 3296.971948994419 0
5218 3122.071290679502 4024.597951661041 0
5219 1754.059086259759 3782.642152898379 0
5220 4144.456253522609 1033.823973615837 0
5221 2465.015156660128 610.1760039885546 0
5222 550.7198126966623 4304.153986608364 0
5223 1142.650427262955 895.3978868713809 0
5224 2018.204915509314 3797.708064296611 0
5225 1946.462523335576 3728.044374542359 0
5226 4671.112320097995 1424.5072053258 0
5227 4767.314038406417 1397.208315339072 0
5228 1359.513190820255 743.8375299568779 0
5229 3051.964488715628 3594.38284695364 0
5230 959.9860128609475 4097.995849725323 0
5231 1199.672513925023 4210.024333637498 0
5232 1224.131840855618 4113.061756701329 0
5233 3531.337490843781 3818.439814777988 0
5234 1697.036999606704 468.0157061243733 0
5235 364.8587337244276 2916.546095550469 0
5236 3691.049544243991 351.6433784121045 0
5237 3711.369762145923 256.9784474292437 0
5238 598.0028771438945 4470.780250493978 0
5239 669.7452685217215 4540.443937443426 0
5240 3457.959510051999 4109.327545586491 0
5241 3570.481887403023 476.5507645021905 0
5242 3546.046889467963 573.4882864865481 0
5243 3449.84922599213 600.7830006479651 0
5244 4547.180096032639 2269.871507765007 0
5245 4643.381814339887 2242.57261777799 0
5246 4667.841141270285 2145.610040841775 0
5247 4738.707362207529 2216.17604240312 0
5248 4450.978377724344 2297.170397751758 0
5249 465.9672196520232 1807.592952131089 0
5250 2678.606741379665 1179.718482594818 0
5251 3663.447661980511 1170.318423549437 0
5252 4165.644401625294 1657.964232195578 0
5253 4237.386793003125 1727.627919145027 0
5254 4093.902010247466 1588.30054524613 0
5255 1982.37097570407 1107.221871680103 0
5256 3239.217193064205 4620.526485320652 0
5257 4359.683427656087 1242.815034464187 0
5258 3890.049447732925 4166.758249525221 0
5259 4155.830865141538 3821.27273874329 0
5260 650.1927098329988 3555.752261105754 0
5261 4105.276621866408 4375.749310373558 0
5262 4576.546191203524 1091.254677554585 0
5263 4371.058039275016 4030.263799591629 0
5264 2270.976130629332 1025.325201719932 0
5265 651.8282992469647 3195.200843347789 0
5266 2703.066068310256 1082.755905658652 0
5267 565.4401174222808 1059.19122678681 0
5268 589.899444352852 962.2286498506801 0
5269 1092.07899743369 1449.813892782729 0
5270 708.9249001777634 1198.518600686024 0
5271 2454.12888954224 2399.459471759355 0
5272 2624.23508333163 2452.432912953852 0
5273 2319.851303093538 2430.742634964016 0
5274 2302.87087278187 2470.366501218714 0
5275 2293.928569269082 2466.410901765897 0
5276 2293.143317984724 2455.150666435376 0
5277 2295.403115429723 2474.684770766614 0
5278 2640.919114945597 2487.353405813577 0
5279 2641.775085942731 2489.838566815736 0
5280 2640.175686997398 2485.042807143037 0
5281 4535.194325887192 4790.254489128914 0
5282 4630.761970928334 4761.816072217544 0
5283 4656.246643283413 4668.649321583973 0
5284 4727.6689109032 4737.360038576418 0
5285 4750.140765202877 4641.145607053812 0
5286 2578.69066464716 2770.405855373965 0
5287 2375.50118812374 2535.495806989721 0
5288 2376.151723762208 2537.755232084512 0
5289 2386.26364639479 2459.860109548762 0
5290 2388.212721369621 2458.176984727618 0
5291 2648.643719929786 2485.65023106264 0
5292 4436.924963647147 232.9127745866494 0
5293 4340.822127860565 260.5597542748469 0
5294 4315.786671837305 355.4919809031639 0
5295 4244.063548774593 285.8959884446758 0
5296 2626.610925305422 2802.611701608156 0
5297 2640.049021643507 2827.213537459465 0
5298 2670.693421094549 2479.786033686283 0
5299 2677.262700977564 2479.828837733636 0
5300 2674.311914501227 2486.284553053349 0
5301 2223.473015074122 2561.940745079135 0
5302 2218.694910850827 2540.409284825845 0
5303 2550.407712929276 2548.176127212094 0
5304 2647.826694695776 2505.755385374301 0
5305 2606.689847302775 2615.159543298574 0
5306 1857.649637286356 2425.605942613875 0
5307 1860.575804000801 2495.028499400185 0
5308 1793.102812613705 2465.398434706679 0
5309 1797.54267922519 2538.959053759153 0
5310 4760.641066567949 2120.861807757547 0
5311 2576.152257633419 2398.735993283157 0
5312 2574.665766868998 2575.97859578136 0
5313 4531.673679340345 201.274214221582 0
5314 4796.002109819488 943.4209316709871 0
5315 4768.94962782037 1036.656897581148 0
5316 2335.376909641222 2512.842146637957 0
5317 4009.848601283037 4761.118439925734 0
5318 2838.949933130333 3583.525775044311 0
5319 2740.622607984902 3606.558053099439 0
5320 2400.587163788432 2318.86889345903 0
5321 3008.932459370089 2578.308462035816 0
5322 3044.558349529364 2618.842196773078 0
5323 3372.478837990091 4763.183782992131 0
5324 2404.022258213906 3127.384999548721 0
5325 2411.524107395922 3050.530038045728 0
5326 2472.745593462313 3097.128534679114 0
5327 2806.129531742352 2434.771356901223 0
5328 2785.772330270454 2423.97712821101 0
5329 2651.65979740443 2491.611042705854 0
5330 2207.86055063741 2744.938420590341 0
5331 2175.12946319448 2733.399444778368 0
5332 2178.825391629253 2769.0641161068 0
5333 2528.484685652689 2604.329417570881 0
5334 2564.336310495546 2534.598137000775 0
5335 2565.960949970189 2531.848504108429 0
5336 2564.895360327131 2529.135235877946 0
5337 2567.579812309726 2529.582158973765 0
5338 2568.822656927925 2532.031843741793 0
5339 2566.608985654355 2526.945354668921 0
5340 2563.2255102899 2526.745871289857 0
5341 2570.254545487933 2529.791193496557 0
5342 2571.244669826084 2532.180110083668 0
5343 2569.947384481947 2534.459025190105 0
5344 2572.568307607441 2534.473737554754 0
5345 2565.23098624862 2524.408096466035 0
5346 2562.949768866155 2524.248669377518 0
5347 2567.421512830441 2524.659481227418 0
5348 2407.539758669626 2558.959695183953 0
5349 2601.502247973967 2328.407870496779 0
5350 2285.880007481087 2548.531846800695 0
5351 2370.064358235936 2542.765686136444 0
5352 2380.049587108716 2545.879751153478 0
5353 2382.264430107599 2543.44916461738 0
5354 2379.458765871031 2542.856176028171 0
5355 2381.484250487089 2540.680961004382 0
5356 2384.179410648065 2541.123356342911 0
5357 2329.638401124384 2541.789027650943 0
5358 2669.758940239312 2538.751105794001 0
5359 2354.775773988461 2520.857984556885 0
5360 2358.031116090309 2521.492720215751 0
5361 2359.435018103998 2524.216246594727 0
5362 2360.996077587956 2521.647522620776 0
5363 2359.776649671314 2519.118566216655 0
5364 2357.755448805154 2526.958957164445 0
5365 2624.537099829684 2465.944753100826 0
5366 2758.434956667124 2374.882029688226 0
5367 2153.672362811934 2321.953033036215 0
5368 2181.715020223783 2300.333408895516 0
5369 2145.029993270833 2285.549801827353 0
5370 2178.776526878961 2264.390383995997 0
5371 2209.90469336383 2279.784058917588 0
5372 427.5085188088469 4784.045229150492 0
5373 524.4233754246989 4760.674756948724 0
5374 2548.441242390244 2415.411981113462 0
5375 2492.091422957426 2429.136798580447 0
5376 2625.315271016446 2534.333260517401 0
5377 2624.044614075794 2536.884306958112 0
5378 2724.501719897144 2560.712124176915 0
5379 2772.013724300644 2391.38490288931 0
5380 2777.838357592715 2370.984583070716 0
5381 2795.501565181319 2385.238289627156 0
5382 4758.199758238923 2477.801201299863 0
5383 4787.163534544804 2379.932930731262 0
5384 2589.862376620634 2549.116283569262 0
5385 2588.398772851753 2546.503563994664 0
5386 2589.900861724851 2543.858219656107 0
5387 2586.725082998999 2544.00502115161 0
5388 2585.342297956036 2546.67009084847 0
5389 2583.891291559285 2543.880892130742 0
5390 2585.31988765873 2541.314770829992 0
5391 2582.472380974342 2541.198948931542 0
5392 2580.928757014737 2543.786316007514 0
5393 2579.934745955488 2540.927105312686 0
5394 2580.700903194539 2538.34219019287 0
5395 2578.297824494866 2538.714836436055 0
5396 2576.713790854674 2541.110819078398 0
5397 2579.431414015797 2536.647099722696 0
5398 2577.004340312917 2536.784027038852 0
5399 2284.876555709336 2472.747211503122 0
5400 2683.567746390437 2307.134034779406 0
5401 2677.670921388227 2328.811314019795 0
5402 2699.539183003461 2323.40007005628 0
5403 1927.675862869362 2514.761870220047 0
5404 2559.775124726962 2517.905843868113 0
5405 1417.186543975306 4773.888138530681 0
5406 2236.870565260857 2528.271614175805 0
5407 2215.170676593108 2519.34297437081 0
5408 2583.825665771604 2539.293965976302 0
5409 2076.517009736345 2464.249337438855 0
5410 2031.16000488651 2462.833680729188 0
5411 2434.742939792976 2568.621556998743 0
5412 2776.614526248863 2927.779471910353 0
5413 2380.854576519767 2571.791058406276 0
5414 2379.249284435819 2565.398303425262 0
5415 2374.365941680974 2570.23434544983 0
5416 2372.528575966517 2564.458424338011 0
5417 2367.765417886311 2568.859991895026 0
5418 2365.78411790241 2562.311586740572 0
5419 4790.137775923062 1660.797156160859 0
5420 2571.28637286136 2536.938424764197 0
5421 2352.051641162114 3003.384234399124 0
5422 2733.686481562852 2522.449422586788 0
5423 2718.65831218742 2527.484519335103 0
5424 2721.528389890322 2513.337069260922 0
5425 2491.883881337682 2585.973870003394 0
5426 2492.420735369781 2570.85726957804 0
5427 2635.1366313121 2478.186813539238 0
5428 2621.63032166082 2544.0029566224 0
5429 221.0255227768425 3497.61032593543 0
5430 2630.753719624347 2470.464153659569 0
5431 2628.59850491423 2469.709678985977 0
5432 2626.847497041178 2466.837430615469 0
5433 2589.396622238076 2422.211062567451 0
5434 1940.826595459648 2795.208077095974 0
5435 2453.516315604029 2352.181862851525 0
5436 2468.895231614616 2348.933355608398 0
5437 2641.308086104299 2400.376892615911 0
5438 2337.26387743981 2418.983565435674 0
5439 2672.721014549663 2517.823136263867 0
5440 2362.276744111301 2524.071174753041 0
5441 2591.633528065924 2551.191367311026 0
5442 2394.276246661186 2580.89173066671 0
5443 2277.677694595483 2764.249872608324 0
5444 2311.644318213338 2764.063247059643 0
5445 1955.441846069063 2044.618597398423 0
5446 1940.203793324103 2111.459873129075 0
5447 1886.555460446589 2063.626187117495 0
5448 2642.056649067265 2505.865814881506 0
5449 1973.812339926082 1970.893903469947 0
5450 2383.688919654426 2460.981711995129 0
5451 2385.614865280523 2461.833477120657 0
5452 2692.7461816703 2346.970365210154 0
5453 1772.324046338411 4762.796311452693 0
5454 2339.862042677549 2639.129524825365 0
5455 2336.183620700322 2622.023681782166 0
5456 2097.864737704232 4840.977587459444 0
5457 2684.862543195755 2489.220411751443 0
5458 2356.130032940687 2487.743793433962 0
5459 2357.018747226972 2490.763387913209 0
5460 2358.789650792447 2488.732669860666 0
5461 2423.155521370474 2394.983333151182 0
5462 2412.863817339161 2398.031767824757 0
5463 2405.095395322121 2391.460918901701 0
5464 2406.991880673525 2381.475049013723 0
5465 3294.069180476313 2153.210549242081 0
5466 2720.60361062774 2588.731274255992 0
5467 4766.556400895893 664.7936366265276 0
5468 2413.653008251948 2553.37084545213 0
5469 2415.049241800667 2557.285573268231 0
5470 2418.284133421628 2553.407267479748 0
5471 2419.246983107265 2558.420578246928 0
5472 2363.267578728672 2437.294024307562 0
5473 2369.559631890435 2434.816578003781 0
5474 2797.618768227053 2650.929134852749 0
5475 2370.110293486093 2529.258555254427 0
5476 2369.473354133635 2527.165587187083 0
5477 2403.792828946852 2566.11795547126 0
5478 2367.47475910146 2526.582459094197 0
5479 2656.806801750227 2555.365997679339 0
5480 2360.017871393867 2485.24184154597 0
5481 2311.083915152416 2015.479854051668 0
5482 2727.315508824197 2080.550914969346 0
5483 2582.774625441883 2422.277190790983 0
5484 2271.149404807514 1892.117388856575 0
5485 2568.655766802698 2561.163994223971 0
5486 2571.921210582032 2566.365162557825 0
5487 2619.971141319398 2444.601400673291 0
5488 2615.93420245929 2445.101358064393 0
5489 2607.679773394249 2437.752128508858 0
5490 2624.048287350643 2444.797443999889 0
5491 2698.670181258068 2369.881321372195 0
5492 2579.084406944542 2602.102511249906 0
5493 2589.045610564039 2602.586098605884 0
5494 2550.725819834046 2516.826918310418 0
5495 2354.825533726836 2492.283119011765 0
5496 2357.351978384877 2493.365973150326 0
5497 2407.83546005474 2442.509968256132 0
5498 2410.711516026476 2446.296424181251 0
5499 2412.398269888807 2442.347501606693 0
5500 2415.126623397803 2445.737175782543 0
5501 2416.705807160968 2442.081503067932 0
5502 2832.888566800436 2866.101928856095 0
5503 2763.156119556276 2736.688464291394 0
5504 2617.088456206406 2441.014065277279 0
5505 2170.302233050534 2700.103813404245 0
5506 2143.72854713269 2722.712841398118 0
5507 330.4740500178782 231.1671042158196 0
5508 237.0811553304957 255.2231894351034 0
5509 2396.804673748562 2443.990276062445 0
5510 2394.270805078169 2440.708041257499 0
5511 2397.905746385261 2440.114714547467 0
5512 2377.929285667078 2535.949062234964 0
5513 2583.182838990749 2577.044361421832 0
5514 2579.953494039565 2571.041417179083 0
5515 2320.951675771718 3251.752591128693 0
5516 491.1348537826339 4845.545358385897 0
5517 4773.079132700647 4183.255846095482 0
5518 4752.180189934096 4281.107297924545 0
5519 3209.600468164451 2383.292855950468 0
5520 3175.20491853471 2445.123522634949 0
5521 2358.514122487125 2509.480959420446 0
5522 2357.010985810789 2511.828520160931 0
5523 2359.618218443661 2511.919131297056 0
5524 2358.364873103243 2514.2418957914 0
5525 2610.874605670802 2432.33247008617 0
5526 150.0850258328819 3068.720701707698 0
5527 2600.536038840855 2417.168491477242 0
5528 4273.48525111154 182.0207793193558 0
5529 4173.413834035159 221.0846336091081 0
5530 4147.954344495492 313.687773562714 0
5531 4076.023599305591 246.142985923093 0
5532 2643.449866694431 2507.97977518596 0
5533 1674.925878610819 210.3656770391945 0
5534 3111.237689450846 2604.678396895328 0
5535 2613.678328322077 2539.58793948315 0
5536 2663.411289007655 2540.082378248937 0
5537 2663.614390684407 2534.046685317747 0
5538 2416.510795859087 2561.494392690905 0
5539 2405.21795890169 2542.128760719024 0
5540 2403.985078138409 2543.916411676486 0
5541 2729.797034096708 2492.975700608936 0
5542 1776.806041396743 2251.690746485202 0
5543 1939.745107889573 203.5369110607412 0
5544 2842.579338278769 2820.670294533858 0
5545 2336.698784434986 2544.108581343628 0
5546 2335.337920977602 2537.340878763804 0
5547 2374.584648812308 2540.099941262329 0
5548 4781.144553121712 3108.428820277823 0
5549 2646.864005464563 2410.81301312777 0
5550 226.4897233362717 2774.92806843468 0
5551 4784.764859979297 3464.23759802422 0
5552 2600.556769899811 2271.160465163853 0
5553 2563.885920277808 2522.512183314721 0
5554 2560.543005410152 2520.57455881092 0
5555 2418.056069267496 2981.380225054266 0
5556 2417.211039153523 2606.129094900333 0
5557 2329.210473428634 2512.082468433953 0
5558 2332.385908448308 2517.89519925542 0
5559 2327.496975044679 2457.474272706493 0
5560 2350.360515486146 2615.416348198781 0
5561 2636.941653190924 2480.159202902432 0
5562 2638.125477499458 2481.913562324375 0
5563 2565.95353765446 2577.43775732179 0
5564 2640.062641146852 2472.496168420196 0
5565 2637.807686601852 2470.463539612085 0
5566 1610.630545345694 150.5090804997153 0
5567 2692.984248403865 2041.252408524541 0
5568 2740.705747308796 2030.336364271348 0
5569 960.3260759432683 4817.690217343876 0
5570 213.7545167672297 697.6426608535101 0
5571 238.6878622703316 597.8108246472921 0
5572 2377.096143149334 2533.803962460359 0
5573 2336.770400772773 2560.557307455519 0
5574 2530.341936953454 2381.801633943096 0
5575 184.5346148001372 2877.579805881826 0
5576 2607.699040840544 2425.993476877467 0
5577 2287.646716661573 2562.528947518078 0
5578 2388.334429536966 2438.103534968409 0
5579 2663.080643079947 2450.896521458462 0
5580 2668.157312101827 2444.401825456653 0
5581 2498.183170396451 2437.589114211416 0
5582 2353.283886437934 2496.530577679907 0
5583 2436.855901367682 2429.430818154749 0
5584 2443.398364857927 2436.340193088585 0
5585 2433.988230422231 2435.567727674956 0
5586 2427.684538293061 2436.485002998904 0
5587 2431.034085246874 2441.75538894357 0
5588 2425.290780297078 2441.544128832214 0
5589 2422.091175195195 2437.192208454455 0
5590 2426.349783936743 2448.315817252471 0
5591 2460.195734314104 2650.823262967105 0
5592 2446.084323425581 2661.693572823991 0
5593 1873.710200301605 2561.17849437911 0
5594 1857.550161984501 2217.821979025509 0
5595 3259.3884765676 2548.49853294168 0
5596 3318.742586450785 2602.051180695399 0
5597 1999.634267641049 2841.871966813624 0
5598 2386.109434771268 2585.048011524455 0
5599 2342.225516826507 2679.686216282524 0
5600 2284.452749814541 2412.364755242084 0
5601 2287.022873566898 2395.683867081548 0
5602 2367.852211912666 2461.69814105372 0
5603 2364.727361390136 2462.479453626135 0
5604 2365.6714271374 2459.46802413477 0
5605 2482.805770674639 2362.233088956419 0
5606 2717.754148307192 2541.31843508507 0
5607 2605.693489600537 2442.334594906393 0
5608 2609.779304449769 2441.972189802463 0
5609 2350.720324380196 2433.103295219885 0
5610 2352.312460717388 2439.555042913668 0
5611 2623.301714054336 2593.726094342938 0
5612 2387.505286243925 2238.567605992201 0
5613 185.0841069635931 1789.096208492549 0
5614 2271.742981035147 2522.094227368584 0
5615 2603.888759576374 2859.3350641657 0
5616 2639.368796141905 2464.323493616432 0
5617 2988.08328621277 2239.684105062778 0
5618 2617.825562025395 2563.367730111254 0
5619 2616.182727426651 2539.083152718291 0
5620 2618.590672535181 2538.753891842352 0
5621 2617.3157150826 2537.002304583918 0
5622 2347.765274136625 2495.278355732465 0
5623 2290.896059314893 2435.120962156204 0
5624 3456.790044900791 4829.783598961441 0
5625 2469.542202026466 2623.483340490806 0
5626 2025.970973601074 2611.28849618066 0
5627 2461.148375587909 2569.433646182621 0
5628 2471.226952264815 2571.90341733344 0
5629 2577.324125382445 2433.11103188281 0
5630 2400.792002576415 2412.33676928625 0
5631 2474.685241375028 2581.11005735812 0
5632 4428.328177377656 4827.934824817361 0
5633 2359.463476276392 2491.131601800786 0
5634 2360.680222515504 2489.376270471634 0
5635 2629.031348807738 2471.831305074678 0
5636 2852.773394938697 2644.682198616139 0
5637 2437.888419610428 2465.022379354464 0
5638 2435.770459296301 2462.020051537995 0
5639 2372.160715371401 2467.894099212532 0
5640 2300.739778028014 4799.522047557576 0
5641 2373.214995884648 4864.019908757084 0
5642 2375.890977340958 2460.346942147913 0
5643 2375.862248787276 2456.758449705634 0
5644 2373.332641381936 2458.937681436216 0
5645 2373.115378427219 2456.391792832492 0
5646 2408.508783118255 2459.250836687966 0
5647 2406.44165558276 2457.994927843239 0
5648 2561.293423768093 2484.188663255108 0
5649 2562.069137733468 2481.002902726868 0
5650 2555.749672399141 2473.064127555143 0
5651 2432.618008293621 2524.622807444646 0
5652 2538.806478955938 2395.729413104638 0
5653 2612.648669323951 2438.182418204562 0
5654 2616.701748074189 2432.667836241726 0
5655 2361.450672484164 2566.168404701601 0
5656 2257.466957196025 2670.834933874936 0
5657 2884.195969140425 2124.788511690002 0
5658 2868.200482864976 2178.269438322878 0
5659 2895.763332127965 2226.608629651332 0
5660 2835.142305892767 2142.206162822219 0
5661 2760.054938844143 2117.554168221729 0
5662 2614.941350655253 2568.765489361591 0
5663 2612.181678975161 2563.70485046997 0
5664 2614.980293038201 2559.56882834161 0
5665 2610.20689757447 2559.353761861646 0
5666 2607.600477545051 2562.894764857283 0
5667 2606.268396189416 2558.881406317356 0
5668 2569.120140591006 2542.794519820084 0
5669 2652.191150281906 2509.676658013801 0
5670 2360.522400875884 2537.461554234603 0
5671 2621.268435536451 2382.397535311974 0
5672 2607.89559756966 2385.70070134196 0
5673 2417.971340514716 2540.944558670023 0
5674 2419.738643503943 2538.653634141364 0
5675 2405.854821279537 2438.875914432891 0
5676 2606.944196809128 2455.710557621632 0
5677 2371.172396554229 2531.384957166365 0
5678 2373.886606089718 2532.18914724981 0
5679 2438.918359856445 2518.99108796193 0
5680 2439.947266177644 2516.536419492049 0
5681 207.8050236451422 346.2258236827765 0
5682 2434.431317532291 2528.974768959201 0
5683 2345.825396992832 2721.205402710458 0
5684 2442.271702949883 2502.407915440594 0
5685 2442.971562768095 2499.018587923639 0
5686 2441.506490341832 2504.569535532768 0
5687 4451.916014858198 138.4391304792521 0
5688 2582.729128418858 2432.376050256482 0
5689 2559.773774117666 2528.085818176664 0
5690 2362.951806172272 2529.294422594784 0
5691 2378.59423957144 2538.201128000272 0
5692 2380.346564079382 2536.595215133356 0
5693 2616.315150062955 2711.399260711083 0
5694 2650.363651390749 2735.50831340191 0
5695 2327.807311462606 2607.686769117452 0
5696 2666.720979885765 2502.212574540523 0
5697 2652.986911501961 2336.235028101923 0
5698 259.1210689313257 155.1807159286486 0
5699 2337.803139374671 2472.538934585456 0
5700 2342.383794420522 2475.783134848517 0
5701 2337.113472949849 2478.659433892708 0
5702 2383.374901719862 2538.453841216201 0
5703 2596.65081913734 2423.620077963821 0
5704 2572.54630917125 2530.313803634058 0
5705 2544.208241145871 2423.721681720893 0
5706 2484.579068483363 3012.106748269809 0
5707 2642.254942123941 2635.066662622683 0
5708 2381.892314020051 2462.562112649588 0
5709 2379.248612230668 2464.07829191572 0
5710 2619.48253665819 2464.041361661907 0
5711 2545.781647215727 2503.578873605153 0
5712 2191.62503489458 2188.581251576832 0
5713 2406.55379188101 2455.184798906073 0
5714 2541.419044407492 2516.961066847389 0
5715 2604.907327369681 2457.715878104538 0
5716 2602.483315107229 2457.688095519624 0
5717 2559.909598680494 2508.918692045848 0
5718 2385.285072552965 2539.495403985285 0
5719 2386.778965833911 2540.968527174187 0
5720 2388.488972978406 2539.319712191804 0
5721 2648.996700183783 2489.31533849859 0
5722 2452.240177582784 2454.883798826851 0
5723 2447.056150080543 2451.022503784967 0
5724 2448.509392823789 2444.540192213008 0
5725 784.0955838697862 177.5195870967927 0
5726 684.6705004013929 218.6518789793449 0
5727 2566.19036781061 2398.503432073162 0
5728 2445.627201107289 2498.424085379882 0
5729 2443.495751029986 2496.323864754578 0
5730 2434.219282485603 2520.157061715302 0
5731 2359.493428355353 2507.262797952167 0
5732 2560.448238207583 2487.348329568792 0
5733 2541.166802775821 2566.507715700909 0
5734 2242.564444826573 2435.810690096598 0
5735 2627.299424352756 2531.788879020621 0
5736 2627.942616158135 2529.777983216017 0
5737 2387.675718897608 2389.208476404564 0
5738 2403.258956692796 2557.38081250073 0
5739 2685.824060430774 2481.309299775329 0
5740 2550.896574329554 2456.299695384288 0
5741 2458.193069368709 2478.649479551804 0
5742 2574.26916779361 2536.553333723722 0
5743 2634.64892983429 2480.288236870389 0
5744 2362.63373741036 2519.20540847841 0
5745 2361.165385561922 2517.097457614277 0
5746 2363.528501607516 2521.755417537661 0
5747 2365.071185258269 2523.841582553458 0
5748 2364.7485647207 2519.947208802669 0
5749 2426.817888525459 2604.795689727545 0
5750 2502.523985329945 2473.53152477745 0
5751 2362.899914329278 2481.705722487304 0
5752 2362.974926896743 2483.605432571819 0
5753 2363.040396874802 2479.428581388384 0
5754 2611.023623733016 2544.418595236935 0
5755 2310.372932426103 2117.223944148598 0
5756 2600.450639524016 2455.717956729865 0
5757 2600.107807577155 2458.02773917441 0
5758 2581.524913716579 2536.411089102065 0
5759 2427.176125329374 2530.677828138071 0
5760 2428.253242147555 2529.221674314429 0
5761 2426.025551438704 2532.399420559543 0
5762 2426.88974564866 2534.262213315236 0
5763 2424.684714713805 2533.881214037926 0
5764 2564.094334714022 2479.998200494245 0
5765 2572.896269120158 2539.33454949528 0
5766 2556.774765153409 2496.633064842836 0
5767 2555.742495742271 2499.443217473723 0
5768 2552.983060217889 2500.183395799 0
5769 2555.22360251336 2502.18517166812 0
5770 2559.271678926634 2495.40792478396 0
5771 2557.497842808962 2501.224941099948 0
5772 2557.326055723986 2503.511735044324 0
5773 2558.126810429063 2498.946953917259 0
5774 2693.520581485395 2639.786667599479 0
5775 2619.171840682414 2536.744096108985 0
5776 2620.517302417245 2538.000266892907 0
5777 2619.799531490492 2535.090316006258 0
5778 2639.56844632947 2650.80581226901 0
5779 2814.398737278837 3682.2232982038 0
5780 2655.002448666584 2578.674372556001 0
5781 2647.042174186091 2571.658604967527 0
5782 2254.500753292319 2537.285384433168 0
5783 2255.588926283564 2519.678928047554 0
5784 2373.170156307423 2419.181995484067 0
5785 2368.661295077693 2427.656754669089 0
5786 2603.504650803703 2459.414399684945 0
5787 2605.638778409475 2459.70997949 0
5788 2553.188864574499 2425.648616834416 0
5789 2482.278586404231 2613.897749327811 0
5790 3088.207899829382 2678.81373700353 0
5791 3025.861828134328 2668.787002510654 0
5792 3816.213370403824 4825.545293963132 0
5793 2419.283086083615 2445.75651896175 0
5794 2580.5836884328 2534.811370112638 0
5795 2640.93207241632 2508.049315947622 0
5796 2597.482802884773 2458.082251207186 0
5797 2594.873541270165 2458.861661688143 0
5798 2592.43956828907 2458.091809452402 0
5799 2591.192335723595 2459.97636134766 0
5800 2388.408721584864 2460.492169087953 0
5801 2390.308935233669 2459.221011021092 0
5802 2390.608059914317 2456.846377637872 0
5803 2392.132049331543 2458.020424449604 0
5804 2682.320238404188 2461.683730329695 0
5805 2930.228042537622 3559.400171984325 0
5806 2965.159451391758 3463.73078084068 0
5807 2328.839974033627 2505.782464918771 0
5808 2425.310451049187 2587.505923690692 0
5809 2622.394105751476 2465.178770024625 0
5810 2622.676954555419 2467.083700030031 0
5811 2440.029559966609 2527.335253225033 0
5812 701.6290828714443 4816.297024504862 0
5813 2664.554585673319 2554.876070864135 0
5814 1049.719887792299 201.5939413373117 0
5815 2434.992865069045 2467.016294915291 0
5816 2362.99333859288 2621.191717207493 0
5817 2672.20715703472 2350.041486627022 0
5818 2642.807505864807 2529.660904803949 0
5819 4851.837279600073 4244.626786741908 0
5820 2243.390597638797 2755.145530850108 0
5821 2403.792976153641 2456.535194311295 0
5822 2404.202684131241 2458.810473937131 0
5823 2434.544804489576 2477.473195385284 0
5824 2467.045070859576 2486.508483117539 0
5825 2512.879285239292 2401.721496921052 0
5826 2572.203930996061 2528.436509197913 0
5827 2387.771581776151 2545.485304394849 0
5828 2578.284590762638 2534.602165712551 0
5829 2576.057916212937 2534.777977297971 0
5830 2574.659133600148 2532.84796511756 0
5831 2406.476303656072 2205.490693849997 0
5832 2676.250056909502 2454.791795679536 0
5833 2707.505391879809 2534.803969420668 0
5834 2714.288179130524 2337.999325978461 0
5835 2719.810367234585 2315.974714563142 0
5836 2411.87083758453 2539.482976659596 0
5837 2376.548477674444 2466.25850890382 0
5838 2377.183662214846 2464.461769710724 0
5839 2376.216672121707 2468.489339514678 0
5840 2687.629433418648 2413.814553397889 0
5841 2692.263529172607 2399.418344221843 0
5842 2357.907608825399 2447.267836658025 0
5843 2211.647462167146 2246.131897590707 0
5844 2239.702795601719 2260.794830542413 0
5845 2797.90557572489 2482.22265415137 0
5846 2813.669382456767 2499.091085219764 0
5847 2807.106520389577 2520.630974760444 0
5848 2827.736452522038 2516.212765552923 0
5849 2823.183666172046 2472.951933470166 0
5850 2371.665762381889 2527.542151023456 0
5851 2411.887345894176 2560.273053118885 0
5852 2430.279155777876 2573.646225803622 0
5853 2431.687802801836 2580.990127869513 0
5854 2548.154308691427 2635.542612414538 0
5855 2518.798647189313 2673.401583476 0
5856 2535.776848318624 2688.814790561385 0
5857 2542.820831558371 2666.313284379595 0
5858 2357.707188844476 2553.419615340245 0
5859 2360.759373537044 2514.033603584658 0
5860 2045.565540737418 1946.073161268928 0
5861 1989.571151886857 1893.388583459876 0
5862 2966.04863510415 2540.591758345845 0
5863 2474.830680225323 2195.255833886504 0
5864 2643.561459031704 2555.583272630507 0
5865 2403.353691830184 2541.148281244575 0
5866 2401.502516386541 2542.903346986259 0
5867 2401.297626931534 2540.865327133779 0
5868 2399.637687828535 2541.866374728299 0
5869 2401.352816633176 2545.620790763769 0
5870 2399.259590410777 2544.252720636737 0
5871 2533.652112312257 2493.161704494124 0
5872 2538.217608826789 2495.34404323777 0
5873 2527.659936297988 2496.282018246613 0
5874 2751.980920190112 3258.369677999576 0
5875 2594.736043419619 2400.716860800723 0
5876 2604.083184199202 2402.321930608348 0
5877 2630.29014084344 2527.41887689351 0
5878 2631.23030503187 2525.973843308404 0
5879 2633.09609342878 2525.480212345295 0
5880 2437.749153214716 2517.053841487898 0
5881 2438.404306700263 2514.989162290694 0
5882 2440.307658411001 2514.28497810029 0
5883 2619.760425495288 2457.265440775328 0
5884 2611.439552139613 2539.559275221154 0
5885 2610.168382389199 2541.152465541131 0
5886 2372.332681434552 2612.943111679797 0
5887 2846.076410752427 2224.262733926178 0
5888 2821.982410153023 2450.106399473431 0
5889 2633.922071339549 2457.36933981807 0
5890 2630.995073732794 2454.025499370483 0
5891 3105.66891229068 3039.341906430083 0
5892 3123.794117150028 2956.743057670483 0
5893 2659.449021233268 2549.245755678745 0
5894 2444.3871330631 2493.549545124454 0
5895 2971.705913426873 2292.428823866897 0
5896 2222.143944639738 1834.533262805337 0
5897 2347.755243462378 2474.261618441406 0
5898 2346.438765800622 2478.945875842339 0
5899 2660.189453767356 2464.93589743209 0
5900 2280.434468823467 2487.470764968156 0
5901 2631.350468677209 2548.404848005104 0
5902 2552.175162246768 2503.048591364935 0
5903 2561.960908118393 2489.14325480475 0
5904 1975.785474274387 2483.665513727753 0
5905 2534.363031723339 2525.24249973339 0
5906 2640.290516858428 2534.870556535146 0
5907 2291.621481472788 2923.381820259795 0
5908 2279.968394570043 2976.563254317084 0
5909 2640.070522784133 2430.355097832099 0
5910 2642.589707066732 2425.024587189018 0
5911 2639.205047953215 2417.691009494426 0
5912 2646.79063570033 2430.574973760309 0
5913 2628.026203853812 2458.896661443493 0
5914 2627.238990468798 2455.547251119323 0
5915 2152.696907930776 2463.498682448138 0
5916 2112.626808331129 2454.270382595958 0
5917 2351.018406786275 2460.191731098535 0
5918 2350.689616859519 2466.001939087293 0
5919 2637.0080637847 2460.222644229194 0
5920 2636.886309202526 2466.396261775756 0
5921 2457.917527984474 2529.809599220203 0
5922 2337.397499989951 2568.976359092838 0
5923 2633.769949340236 2476.752523554402 0
5924 2631.593548014715 2474.464114790486 0
5925 2536.295872002123 3388.587539286481 0
5926 2509.177074011987 3486.739857084739 0
5927 2574.485232211793 3558.76368847421 0
5928 2443.751871746613 3407.175210784338 0
5929 2488.265108687247 3575.664617265113 0
5930 2546.332527007551 3652.041286833409 0
5931 2680.278564422997 2473.790379854785 0
5932 2583.658261983272 2611.1867099398 0
5933 2593.855230878028 2612.286093275752 0
5934 2600.257064034713 2603.64283595305 0
5935 2611.559661079571 2603.642026312902 0
5936 203.054354465482 3234.4326589368 0
5937 2808.145180398057 2784.975392351796 0
5938 3224.800327786074 2089.396755273173 0
5939 2608.16375830869 2569.001825673493 0
5940 2646.949458204388 2474.851876554062 0
5941 2643.414307741823 2473.31218102503 0
5942 2652.300591063474 2502.518483279387 0
5943 2389.713218034717 2376.814056619527 0
5944 2373.94760655919 2469.133910256245 0
5945 2401.296803754325 2548.493612155772 0
5946 2344.893719178245 2501.983006819441 0
5947 4823.696206937031 4700.243658757934 0
5948 4811.027848826818 4814.017356324098 0
5949 2563.058435114074 2338.422548892094 0
5950 2441.420128087243 2497.618777527245 0
5951 2440.908625200607 2499.676596085641 0
5952 2706.894637317098 2855.601893980641 0
5953 2638.529823956373 2492.692364955323 0
5954 2640.426862525816 2493.458412306534 0
5955 2640.702405103352 2495.547628318641 0
5956 2642.3533974651 2494.291472723545 0
5957 2640.038353333924 2491.310554138736 0
5958 2639.539178573652 2489.309266324143 0
5959 2641.927248195688 2492.043259679493 0
5960 2574.930482102983 2469.903663726986 0
5961 2419.909309140538 2466.258222762749 0
5962 2421.743252845529 2465.281504254555 0
5963 2423.721389762991 2466.387439505779 0
5964 2589.662886105811 2537.81287567251 0
5965 2588.227435943892 2539.18244444664 0
5966 2590.195692046096 2539.779108264959 0
5967 2586.012416381544 2538.759455893203 0
5968 2588.925551850472 2541.204488163467 0
5969 2578.284095663607 2467.345891236999 0
5970 2576.436055616828 2466.5312757467 0
5971 2578.10710004766 2465.352545145952 0
5972 2579.786405052327 2464.182738074892 0
5973 2576.273589418713 2464.533677692507 0
5974 2574.875496638835 2465.683186404074 0
5975 2581.685000445469 2465.105645108034 0
5976 2581.450142159424 2463.067854907151 0
5977 2579.535186399885 2462.204076591985 0
5978 2581.181191605012 2461.413260253252 0
5979 2582.969450526941 2461.746708450868 0
5980 2574.244905534464 2463.616076873295 0
5981 2583.63049332639 2463.916880285577 0
5982 2568.897995863852 2475.707540595964 0
5983 2383.946814577632 2536.134264777968 0
5984 2381.642833488385 2534.987081246675 0
5985 2360.915607177853 2503.157878421004 0
5986 2359.117237652145 2504.076211677196 0
5987 2362.429737993371 2511.148842071808 0
5988 2438.113454611913 2509.262006866206 0
5989 2439.533850323724 2510.714371462231 0
5990 2440.00832856735 2508.681192713376 0
5991 2441.443826330258 2510.096643626866 0
5992 2440.837487946005 2512.12778606365 0
5993 2440.541629857422 2506.658133415551 0
5994 2638.077534778699 2509.41369159319 0
5995 2639.454362138467 2510.839016465309 0
5996 2638.999180404613 2512.712653269098 0
5997 2439.067485789307 2502.673629236153 0
5998 2560.850568047952 2496.958907035529 0
5999 2635.29086475273 2517.106109447301 0
6000 2636.255941715896 2518.676047968974 0
6001 2637.33790625029 2516.841363008125 0
6002 2638.114163398411 2514.998299145122 0
6003 2419.930263140953 2533.815640406449 0
6004 2421.640369663485 2534.789306814015 0
6005 2418.07286146872 2534.841817429996 0
6006 2600.053708077431 2460.91846768599 0
6007 2636.063322076828 2484.828704033702 0
6008 2404.168380248327 2461.006401133834 0
6009 2565.703812414684 2518.912987682299 0
6010 2563.688633122689 2518.87505761928 0
6011 2562.824451210483 2517.021206871696 0
6012 2416.443549595547 2464.012419766149 0
6013 2415.827773113443 2462.330526538084 0
6014 2436.283818561843 2515.257492032797 0
6015 2436.968365024748 2513.281356105678 0
6016 2561.13118448729 2505.204932955286 0
6017 2559.56988024668 2506.618105467986 0
6018 2364.003289006737 2515.313115259929 0
6019 2360.835729344859 2498.961462683636 0
6020 2359.215239242948 2497.818160533165 0
6021 2359.251375888711 2495.664927789007 0
6022 2358.848722847446 2499.94140195867 0
6023 2368.070715191324 2522.575496963352 0
6024 2595.817481165368 2461.002694720091 0
6025 2639.059401357822 2496.856506759257 0
6026 2370.453586269303 2474.34727176011 0
6027 2368.154948941807 2471.948593065317 0
6028 2370.138487922276 2470.976553706899 0
6029 2638.887394575584 2505.173359802116 0
6030 2608.374807693231 2538.661612428524 0
6031 2606.325771353873 2538.803427029411 0
6032 2605.441027118879 2540.622981333199 0
6033 2607.339736547075 2540.522671841956 0
6034 2603.448994623092 2540.817459621966 0
6035 2604.643076505735 2542.204092119038 0
6036 2560.831285461919 2501.164472038042 0
6037 2414.266242200657 2536.484712208598 0
6038 2415.858240572565 2537.731804497561 0
6039 2417.9004528562 2536.923656179546 0
6040 2419.808361412016 2536.137743856822 0
6041 2422.134476723559 2537.027586485126 0
6042 2366.798306671097 2479.187007276044 0
6043 2367.789004881424 2477.513641944032 0
6044 2365.875760498051 2477.302528369885 0
6045 2633.336652656181 2520.689381641756 0
6046 2635.552556190253 2520.4811057644 0
6047 2634.618302704162 2522.28492508816 0
6048 2402.049789479939 2460.97713700857 0
6049 2400.99826885138 2459.051810657525 0
6050 2398.713890325881 2458.991174610096 0
6051 2375.093940443293 2530.062925353947 0
6052 2408.240401080071 2461.42717565572 0
6053 2639.184730658696 2501.014481425208 0
6054 2641.034387634234 2499.874391296351 0
6055 2640.961991187162 2502.005409350746 0
6056 2640.990445115459 2497.643498780857 0
6057 2387.977537357182 2537.24479897326 0
6058 2412.292055282572 2462.842587425821 0
6059 2393.799359825269 2538.705279820197 0
6060 2392.415406713611 2540.225110571333 0
6061 2395.849695865478 2538.972380955072 0
6062 2396.734042163081 2540.803420141005 0
6063 2394.459659847149 2540.695333093534 0
6064 2430.845196672563 2475.713029204763 0
6065 2432.87277883665 2475.567693490853 0
6066 2434.956205517147 2475.346900267291 0
6067 2595.873240931463 2538.998957981535 0
6068 2594.571603975766 2540.596671124666 0
6069 2596.804072839271 2540.810060543361 0
6070 2599.001781867934 2540.88299270138 0
6071 2592.469103940019 2540.260641935047 0
6072 2593.46041504479 2542.379253059572 0
6073 2612.583822504553 2537.517632609188 0
6074 2587.735985617849 2462.391402293325 0
6075 2406.224047831559 2538.627914459326 0
6076 2407.57351922871 2539.970689207212 0
6077 2436.085983807302 2484.750114933001 0
6078 2437.247708627184 2483.161234414401 0
6079 2438.358534285528 2485.2130125851 0
6080 2438.749449579331 2494.829777681918 0
6081 2395.736546427594 2460.97333113415 0
6082 2394.559339841694 2459.515469931929 0
6083 2396.515768488573 2459.16485818011 0
6084 2395.234719920589 2457.583038827186 0
6085 2397.34366449067 2457.154586552727 0
6086 2399.298473675271 2456.910824306586 0
6087 2395.79307364372 2455.186301262972 0
6088 2410.306226632479 2537.801519114121 0
6089 2563.643535669087 2484.762872461396 0
6090 2428.088032323215 2472.651768092189 0
6091 2426.584390013283 2471.203093961042 0
6092 2428.405213131098 2470.804000628591 0
6093 2617.982943371316 2465.226889228306 0
6094 2391.699207942812 2461.791122532846 0
6095 2423.151992919275 2531.56735290911 0
6096 2623.412769600939 2531.35381623098 0
6097 2626.868828160868 2471.182978364134 0
6098 2381.974954008168 2465.575821494037 0
6099 2576.612998407769 2531.478950156495 0
6100 2602.193484065861 2539.173874282061 0
6101 2601.403632767031 2541.090164004015 0
6102 4511.271643202752 4890.694009006424 0
6103 2585.71920209361 2536.504892993824 0
6104 2361.135349851734 2494.801964892853 0
6105 2563.910148087671 2515.328818813044 0
6106 2561.719266154929 2515.011572195165 0
6107 2591.706967861989 2538.308064058282 0
6108 2423.387001592232 2468.521049843505 0
6109 2568.019344121196 2522.538746663552 0
6110 2375.586576902872 2430.822075861603 0
6111 2347.04750503464 2571.039595694227 0
6112 2442.088749193737 2515.483266186468 0
6113 2705.200206226071 2545.910965986981 0
6114 2697.130310025348 2539.217557545678 0
6115 2701.470541627575 2556.060354207918 0
6116 2418.447454622074 2463.232335194832 0
6117 2673.74440420093 2500.276413021079 0
6118 2678.623647678117 2505.333489603016 0
6119 2674.403447119167 2493.380838064017 0
6120 2605.169830722073 2593.769157447203 0
6121 2720.723112735614 2625.239633670501 0
6122 2588.826595773193 2460.298846059734 0
6123 2426.955450253514 2469.19433043373 0
6124 2425.277701445549 2467.803363756044 0
6125 2552.143352107741 2475.050859301441 0
6126 2361.436012147251 2477.434897072343 0
6127 2440.702018362169 2495.648991261612 0
6128 2559.51474734287 2492.006183611409 0
6129 2397.32565241076 169.606547186957 0
6130 2309.751613952497 107.7140587256417 0
6131 2500.337406503084 171.2105174905114 0
6132 2469.682952623499 2476.908939688365 0
6133 2675.815261941179 2511.774663427886 0
6134 2603.525510072288 2629.396383466365 0
6135 2583.516864115705 2549.810421138783 0
6136 2390.436375730966 2539.813218990347 0
6137 1778.897273540283 2619.20638044589 0
6138 2430.077184238302 2472.234039471124 0
6139 2431.756614275356 2473.893854791829 0
6140 2433.408965075263 2479.288556308824 0
6141 2501.060638586223 2494.416963947001 0
6142 2499.804437371178 2504.075817051412 0
6143 2507.94827900449 2508.550693964581 0
6144 2498.516432779807 2513.208951121935 0
6145 2490.430117533934 2507.936107630213 0
6146 2490.385685959606 2516.28561069972 0
6147 2557.86508012627 2508.228212678526 0
6148 2610.429566033426 2462.191683982414 0
6149 2395.083959645332 2436.431956406464 0
6150 2639.044608590549 2486.422268467622 0
6151 2363.378318507328 2534.890423621713 0
6152 4079.372526260666 4831.914092887725 0
6153 4170.69647643893 4806.229393655432 0
6154 4247.58358172336 4882.574450857635 0
6155 4331.066944917429 4827.924120615855 0
6156 2562.496169099971 2471.992037672775 0
6157 1859.722655201031 147.8842846217408 0
6158 2029.320322636123 162.2309459753342 0
6159 2027.492130642958 270.8162673318561 0
6160 2637.970217937482 2532.277404794248 0
6161 2444.658331992547 2516.171560397315 0
6162 1729.631833280854 2503.825932387151 0
6163 192.0078558075293 3955.835551861112 0
6164 1832.924610045448 2307.929037692984 0
6165 2157.091856207103 2995.342733825012 0
6166 2526.890214921541 2442.474585387786 0
6167 2519.320263294707 2434.636482503942 0
6168 2423.51182487252 2459.169126580417 0
6169 2725.574984851973 2476.888070318262 0
6170 3019.331698335866 3060.908776904863 0
6171 2980.402447602081 3138.42329638384 0
6172 3027.485171649081 3231.630710216662 0
6173 2922.724979828794 3210.450851017556 0
6174 2397.822023897314 2460.839585508587 0
6175 2439.254917939742 2504.868060139213 0
6176 2389.780526692728 2537.83740739815 0
6177 2467.616542942756 2441.846324732579 0
6178 2507.217610198863 2283.567886665151 0
6179 2486.566170419837 2300.748504122829 0
6180 2489.75130230447 2322.554593528828 0
6181 2481.549422820211 2275.062331381088 0
6182 2345.67680986326 2272.501377934943 0
6183 2355.594832859373 2504.362895700327 0
6184 2327.77306176481 2449.597817915038 0
6185 3160.050080875385 2318.188292763305 0
6186 2587.244997131409 2583.671157190476 0
6187 2641.372370858069 2482.705817298198 0
6188 2370.29392727479 2575.26353041898 0
6189 2366.978034364991 2475.61362261153 0
6190 2196.093908621376 2533.826744898749 0
6191 2192.864318214699 2511.363275304048 0
6192 2214.29765866848 2499.530012914615 0
6193 2194.308577638206 2486.730179935048 0
6194 2175.537318255089 2525.813586825811 0
6195 2459.929956107494 2535.190245613728 0
6196 183.9242598769933 4677.371025289623 0
6197 218.5467513412918 4576.720010805038 0
6198 165.7288749870931 4783.679762280343 0
6199 243.0833182225188 4846.138127645684 0
6200 2550.284501611676 89.02375533247596 0
6201 2597.119394928035 180.6435186744525 0
6202 2807.785744877512 2407.431613408161 0
6203 2686.18695655511 2613.942753889734 0
6204 2327.941482796533 2523.404257503767 0
6205 2333.637147445565 2525.191338356169 0
6206 2337.871030316685 2520.961109965858 0
6207 2359.534459837937 2493.495587376131 0
6208 2643.580261376121 2059.510824080939 0
6209 2551.457258901454 2535.334802400383 0
6210 2742.502676824936 2359.277076752456 0
6211 2737.235652143009 2331.999764465265 0
6212 2744.479243379825 2306.909623198996 0
6213 2350.796903020531 2563.880329385745 0
6214 2125.842368186155 2343.167260241201 0
6215 2095.341885088423 2364.519711506276 0
6216 2303.362831595556 2390.575432676817 0
6217 2303.771780769978 2373.057213904467 0
6218 2317.552274892544 2359.646353526241 0
6219 2600.090495243597 2539.213632435773 0
6220 2636.949819595088 2513.243948794787 0
6221 2637.576689989673 2488.857589462208 0
6222 2936.265223958209 2260.214979769551 0
6223 2924.186839726759 2310.852386560266 0
6224 2298.14148836088 2500.925747180078 0
6225 2503.605963752494 2484.14893562031 0
6226 2234.713249334724 2658.438336908062 0
6227 2270.38822387793 2652.742788605205 0
6228 1941.555754633898 4809.698626195807 0
6229 2561.912485695681 2509.348385779318 0
6230 2640.87189246273 2504.117956073508 0
6231 2559.312656013645 2504.517568509127 0
6232 2834.80053417004 2956.279107323221 0
6233 2626.973389745587 2448.658453719795 0
6234 2443.095040582672 2506.28678506634 0
6235 174.3649188545555 793.7168758437899 0
6236 2365.253102823184 2414.315496039032 0
6237 2438.396629023441 2441.177875471101 0
6238 4806.909814381064 2646.416680435671 0
6239 2608.396521104834 2459.387749454413 0
6240 2584.589004026106 2440.849006772675 0
6241 2568.804472330959 2526.232193458888 0
6242 2200.999174839208 2557.741826611109 0
6243 2640.807617624168 2526.925761965705 0
6244 2298.06722720926 2585.657162190426 0
6245 2719.289556685533 2449.008469854597 0
6246 2718.12867175071 2462.825590408303 0
6247 2417.222657294955 2449.35714883791 0
6248 2609.09504699128 2689.326062584769 0
6249 2407.716061515667 2769.066361057014 0
6250 2438.339026986783 2490.773229266091 0
6251 2574.41053471295 2467.732639512674 0
6252 2365.506976926797 2681.969583966307 0
6253 2552.525501187829 2506.421478476281 0
6254 2633.894415669362 2535.602985136516 0
6255 2642.371961417239 3628.722419709839 0
6256 2620.777839144731 3728.064995668937 0
6257 2533.821073422572 2562.047403562479 0
6258 2625.401612344548 2467.810101073629 0
6259 4845.603147730523 3529.036283534795 0
6260 4827.75727158496 3370.819957621839 0
6261 2601.163698883686 2442.91639242861 0
6262 2144.92571916082 2639.587197672598 0
6263 2408.947856721803 2649.47451117076 0
6264 2676.829234623348 2468.065138198018 0
6265 2557.559031308565 2505.9091131543 0
6266 3345.809008293324 2228.11988923744 0
6267 2539.582789217601 2544.583883289225 0
6268 2532.232318687945 2543.338245607777 0
6269 2523.382172164239 2545.713156012653 0
6270 2542.406732618749 2487.2913155817 0
6271 2546.807374334677 2490.120193440167 0
6272 2360.767695483943 2487.200749007191 0
6273 2961.582540838829 2411.717263808793 0
6274 2928.57920545664 2369.854793935593 0
6275 2646.325936341116 2508.59334531025 0
6276 2845.000067077371 2497.307424556398 0
6277 2550.154872499821 2439.322153711405 0
6278 2270.156463188202 2240.070989815893 0
6279 2457.998189881495 2426.085956142521 0
6280 2578.052394874116 2543.696571907768 0
6281 3060.046687510162 2902.864934308816 0
6282 2663.684175008381 2479.611035140826 0
6283 2354.234793715028 2512.088629362375 0
6284 2301.404244427906 2530.640555334349 0
6285 2411.550553460408 2547.057457509617 0
6286 2586.02125535527 2461.645357712884 0
6287 2518.380092594306 2475.659269761174 0
6288 2138.975482750135 2548.713615400295 0
6289 2438.978040553289 2512.737960920739 0
6290 2090.908367587028 3148.038067511173 0
6291 1994.907108813302 3178.74973409719 0
6292 2139.92862380428 2245.049735307594 0
6293 2650.201231683112 2436.513658662443 0
6294 2370.72851507698 2460.571583163865 0
6295 2668.52934661283 2496.012855320141 0
6296 2926.198961330687 2563.84129735187 0
6297 2388.456073673513 2335.304554837821 0
6298 2505.408849002545 2780.757384017293 0
6299 2146.495457474676 1855.084543962391 0
6300 2167.568468540599 1770.692474458897 0
6301 2662.858060445862 2708.516187608812 0
6302 2531.432364459077 2974.595736783375 0
6303 3146.168290410394 2115.509612606624 0
6304 3170.825536747587 2032.370818698879 0
6305 3192.82332304484 1934.018922983826 0
6306 2510.581210811773 2049.279722497547 0
6307 2559.780431779446 2037.365915741929 0
6308 2652.675144590079 2272.358813547863 0
6309 2628.78953125416 2250.064059344419 0
6310 2468.28866427818 2589.590521309177 0
6311 2614.280835178734 2463.476940256491 0
6312 2410.613070083791 2076.74619939915 0
6313 2616.212573086198 2393.143856732769 0
6314 2701.598713574804 2619.19691085325 0
6315 2635.118837351048 2567.699037105843 0
6316 2639.436145740963 2573.302304811772 0
6317 2635.037851453108 2582.082414764648 0
6318 2573.678643792474 2561.57950247095 0
6319 2567.529289668803 2555.624131153713 0
6320 2562.828714014527 2554.707653239271 0
6321 2550.507655455121 2498.164217169349 0
6322 1494.658762182958 2688.05901733233 0
6323 1471.062663454322 2785.78844386205 0
6324 1544.979708288578 2855.110426255027 0
6325 1640.01584619012 2815.369707504823 0
6326 1618.79184487498 2926.844305463675 0
6327 1447.219204277921 2882.844169237218 0
6328 2397.563492465216 2542.857448933169 0
6329 2760.074630829235 3173.62529692269 0
6330 2476.514167940819 2518.281026319959 0
6331 170.4937920764532 3693.807284483657 0
6332 1892.97961553125 2734.956558160562 0
6333 2500.400362470276 2532.702101704933 0
6334 2612.506723742956 2421.467912831557 0
6335 2380.128791677393 2466.054312861901 0
6336 2634.742273002981 2532.663418112973 0
6337 2764.98771613498 2413.532726933656 0
6338 2255.55587430484 2488.552670857235 0
6339 2429.994344846924 2528.814192530048 0
6340 1424.502433403676 2255.858767319416 0
6341 2729.040909093593 2737.33884304869 0
6342 2194.430730818452 2677.779668469535 0
6343 2500.190006845184 2559.877502131228 0
6344 2302.134245537728 2450.581547476075 0
6345 2456.251798882986 2471.198899895863 0
6346 2571.90360155327 2472.641846905306 0
6347 2653.805449601357 2561.498733114127 0
6348 2647.043735172222 2563.016093984279 0
6349 2393.385811473668 2455.954141887602 0
6350 2596.663242722774 2442.750806415145 0
6351 2493.784605817387 2447.228556356467 0
6352 2620.195340169093 2540.026535454092 0
6353 2435.404540585899 2394.531910637147 0
6354 2649.024446228108 92.85805563875874 0
6355 2672.856090425726 3535.488750463868 0
6356 1471.931907654736 2422.775502821122 0
6357 2419.559596254225 2582.868233185279 0
6358 2579.614871633422 2460.177030623212 0
6359 2632.056234176724 2419.763474318662 0
6360 2633.923729771897 2460.815880836319 0
6361 2556.376841087376 2543.177598265325 0
6362 2340.373503395591 2512.967593790603 0
6363 2395.941326892322 2556.305357084771 0
6364 2890.829922481055 3394.89903857096 0
6365 2482.207596481013 2506.434189872123 0
6366 94.65797794770424 3626.056123286583 0
6367 2362.683464843702 2573.059693385578 0
6368 2364.886957402328 2580.570741157618 0
6369 2553.952545797626 2481.273344401023 0
6370 2554.569604518489 2478.389838068393 0
6371 2582.763615275703 2457.184820885678 0
6372 2212.736408882808 2314.81929908438 0
6373 2651.995356984437 2537.606676846144 0
6374 2657.890142952702 2537.904777383409 0
6375 2649.666760734392 2541.134420794945 0
6376 2646.414134828542 2523.062745104043 0
6377 2647.868094517059 2519.535789348807 0
6378 1496.445940926838 2325.768595330803 0
6379 1448.816634843303 2158.825010917594 0
6380 1473.373073156004 2061.745619489648 0
6381 2490.474201383568 2557.317555777955 0
6382 3340.303980829165 2069.473971739887 0
6383 2577.911871706496 2463.361778839221 0
6384 2986.417360725291 1952.938223797244 0
6385 3053.464557351895 1935.695379731648 0
6386 2553.077500850246 2487.207724685356 0
6387 2550.676129683954 2485.075690096015 0
6388 2551.241610266049 2482.38076917498 0
6389 1972.659578926925 3271.143492329761 0
6390 1901.180343268524 3200.731420351593 0
6391 1804.412420044475 3221.569048401068 0
6392 1833.115003584069 3121.925707635209 0
6393 1938.328383642082 3095.798194078413 0
6394 1771.502182055367 3038.519533111143 0
6395 1726.49332678279 3133.225410603168 0
6396 1674.437388965686 3038.002618583468 0
6397 1779.508477535996 3322.853317695608 0
6398 1255.266629295952 2574.287094099649 0
6399 1159.048055913287 2601.667951699721 0
6400 1087.259698959318 2532.16829022063 0
6401 1062.891849058266 2629.060906208473 0
6402 1545.50014240491 2131.660061193052 0
6403 1497.954906066047 1964.72441861446 0
6404 1594.464389133165 1937.954071598662 0
6405 1522.426655323593 1867.841532234746 0
6406 1425.950058853698 1895.105463333826 0
6407 2352.296399611115 2602.757913400306 0
6408 2655.949781252961 2529.041800117962 0
6409 2660.935369953428 2528.895951650842 0
6410 2662.876180018352 2524.376966166403 0
6411 2449.746920814243 2465.034208069942 0
6412 2454.266262615787 2463.841377713642 0
6413 2627.898823517729 2579.062932761742 0
6414 2626.526335507106 2585.493709252876 0
6415 2486.903934738281 2494.108651814643 0
6416 1400.125904070923 2352.991412474895 0
6417 2659.777713004323 2520.916852800114 0
6418 1160.266267983767 2241.189356546881 0
6419 1064.150369677705 2268.387151886195 0
6420 1039.770809518435 2365.336913335817 0
6421 2443.903935273397 2454.768019955441 0
6422 1184.595453960591 2144.189277973184 0
6423 1112.834908482771 2074.431882110436 0
6424 2661.700230827109 2516.848201276622 0
6425 2437.959170595842 2447.68389409256 0
6426 2676.834804317851 1826.506744325066 0
6427 2695.648485616717 1750.401263487685 0
6428 2782.447157745464 1721.209676923391 0
6429 1891.617658666453 1856.025755640979 0
6430 736.7032026671902 380.6216246661656 0
6431 808.4278234654619 450.2226878139331 0
6432 1263.311472511766 771.1364199436321 0
6433 1286.13519925943 1034.725266071297 0
6434 1357.877599611463 1104.388948599144 0
6435 2309.785454227145 2570.161931186908 0
6436 2311.397747780118 2580.16497937167 0
6437 2662.606972011812 2505.29366104876 0
6438 1191.569081134006 701.4727329941527 0
6439 1716.589558295441 1452.707382462061 0
6440 1788.331949673278 1522.371069411498 0
6441 1238.852145579515 868.0989968806277 0
6442 1644.847166917601 1383.043695512601 0
6443 1548.645448609176 1410.342585499269 0
6444 1261.675541797239 1131.688005860316 0
6445 637.1825087069496 1128.854913782337 0
6446 1214.392806084807 965.061580007148 0
6447 2581.980495888925 2561.622082964958 0
6448 2583.333978508129 2566.050068044212 0
6449 4051.569959121764 340.6953897925341 0
6450 2655.299261012915 2466.541366889333 0
6451 2557.945496487744 1303.980187636698 0
6452 3979.64706248886 270.2719190841231 0
6453 4010.662974377711 175.3653720129951 0
6454 3913.540761016324 191.8166541170426 0
6455 3851.323739696127 107.7950218598698 0
6456 3799.360521118042 203.1625639330209 0
6457 1692.13424685111 1549.67558575534 0
6458 4645.017403753862 1882.02120002004 0
6459 4716.759795131518 1951.684886969452 0
6460 4741.219122061982 1854.722310033244 0
6461 4819.560192386391 1923.254598446912 0
6462 4834.703423291001 1811.469064401665 0
6463 2352.458507637954 4242.992466682596 0
6464 2774.808459523816 1152.419592805008 0
6465 2231.796498973113 4367.250538477709 0
6466 2207.337172042516 4464.213115413871 0
6467 2424.200457862124 4312.654598999607 0
6468 2556.514731907386 1775.051412355641 0
6469 2305.56937204123 2550.438289995661 0
6470 4123.313298290713 409.9573812308736 0
6471 436.601125111607 2986.209782499525 0
6472 532.8028434215819 2958.91089251274 0
6473 604.545234799675 3028.574579462182 0
6474 3023.060551196741 4768.025202201939 0
6475 2941.369956194939 4801.66579902818 0
6476 2854.204202373712 4743.608097373395 0
6477 2360.491531039658 2549.293509109922 0
6478 2520.401934672375 4285.354857969523 0
6479 2616.603740699759 4258.056277105799 0
6480 2383.646785209369 2558.120828748348 0
6481 2384.775055186327 2562.457439685934 0
6482 4459.154627843976 494.4128808972669 0
6483 645.3530090387944 4637.184757258086 0
6484 664.1630772002143 311.7124296688071 0
6485 590.0861063750954 244.3246084981556 0
6486 4680.418285541828 4572.199702932832 0
6487 4774.220899249627 4544.39321406741 0
6488 2632.498297358678 277.5249149715819 0
6489 2690.440012377655 2558.708452562546 0
6490 509.9791047250337 2695.322051739653 0
6491 4592.827571065137 2797.049189408381 0
6492 2129.240138696546 525.3051878945712 0
6493 4704.76646621309 4475.357649702465 0
6494 4803.402043547718 4450.993285161498 0
6495 4873.254778919825 4517.909608237776 0
6496 4633.477577352332 4405.849930730159 0
6497 4787.530421710524 1304.615287813428 0
6498 4856.515594720317 1375.671710853092 0
6499 4823.335104882406 1210.184136439839 0
6500 4838.569720626891 1467.655835695488 0
6501 4914.157346404444 1152.446490583998 0
6502 3462.86627829386 3027.673292312635 0
6503 3391.118642665803 2958.007229879308 0
6504 3487.324731679968 2930.710319588034 0
6505 3418.580817427461 2861.802985239233 0
6506 3512.284387161104 2833.874065277595 0
6507 3444.202930972055 2765.133887425896 0
6508 3308.055542135236 2887.069711354919 0
6509 3537.020938691519 2736.981465081079 0
6510 3468.166643335333 2668.046323299254 0
6511 4405.330902689455 1769.992716107777 0
6512 4309.129184381098 1797.291606094513 0
6513 2652.736964339766 2462.842091857821 0
6514 4573.275012376079 1812.357513070596 0
6515 263.7502471853541 4025.499238810563 0
6516 161.6356134959383 4055.836894774391 0
6517 240.6262358857498 4122.650732626829 0
6518 4387.432431911412 424.8171223123027 0
6519 4291.234486489081 452.1274363556092 0
6520 3399.301833985646 1155.252516573664 0
6521 4746.324876624071 413.9836874869843 0
6522 4817.514313140881 483.0789765398783 0
6523 4767.617984998443 319.225417367943 0
6524 4697.833877093068 249.4526429153457 0
6525 4808.331735108399 225.5738130893715 0
6526 4757.149719769 3203.533094111929 0
6527 4835.496140832885 3276.654615625711 0
6528 4219.560474447493 382.7513270804302 0
6529 321.207152586293 2028.907884873812 0
6530 296.4475716953261 2125.794721146745 0
6531 368.1399207464274 2195.445784652322 0
6532 272.900422538723 2222.987399788497 0
6533 343.8342917107016 2292.447132701259 0
6534 251.7783331457913 2320.791812683842 0
6535 200.1858028773017 2153.078463071387 0
6536 229.5383577870753 2057.350228978649 0
6537 261.8809917871367 4385.99171307834 0
6538 187.0741942607269 4318.54563520937 0
6539 167.7729115597799 4414.56157362872 0
6540 105.2727052537539 4240.388126477418 0
6541 215.76740372932 4218.73697039742 0
6542 989.3425853191854 2919.390894493649 0
6543 299.6930544232901 1404.304525992687 0
6544 197.8712599329479 1427.282668787576 0
6545 229.5123072739234 1334.804848395068 0
6546 134.1954464959008 1357.158248215937 0
6547 790.4063137607413 4416.182470520545 0
6548 568.0722205559173 338.7753450291343 0
6549 519.4236654817514 175.2897095069143 0
6550 426.5832164115736 205.3573440586888 0
6551 442.1015974609622 100.3705691287464 0
6552 2225.36369412738 498.1038084527859 0
6553 2104.68647725852 622.3854499711806 0
6554 3583.610433185672 2903.432750448701 0
6555 4216.198644900433 1103.487660565288 0
6556 4521.085179694294 2727.385502460694 0
6557 1289.406388856371 313.6224252494821 0
6558 1218.975040611856 248.5788749525727 0
6559 1317.033925800382 215.4517595778211 0
6560 2178.844049301253 335.9825339816998 0
6561 3413.910040646992 3221.581421885757 0
6562 4614.015719167006 3421.189447987905 0
6563 1457.37937813851 356.0889943629923 0
6564 1850.260804894642 3755.34326406211 0
6565 1827.419815115707 3491.688066458824 0
6566 4574.910601789573 1451.806095312524 0
6567 4790.457888329463 574.1058414341314 0
6568 4895.847386348833 554.7512377009587 0
6569 2249.897764069513 401.9476876715553 0
6570 4358.047838242138 1603.366452222138 0
6571 4584.602966682809 4599.566991471891 0
6572 1899.174613619496 3561.406562001982 0
6573 3510.136960675833 3194.293947465404 0
6574 4284.669857454091 1894.254183031587 0
6575 4260.210530592867 1991.216759985275 0
6576 3389.45891603421 3318.547714219086 0
6577 1061.081770799201 2989.056143950446 0
6578 1036.631048498713 3086.009565121589 0
6579 1108.37322438879 3155.673438798467 0
6580 1012.175845550041 3182.967860337091 0
6581 1083.917513682919 3252.632292027891 0
6582 1180.117227039085 3225.33539245485 0
6583 1155.660053065331 3322.295814218719 0
6584 1251.859911629755 3294.998763062345 0
6585 964.8905383044905 3016.344112963781 0
6586 3325.923853194058 1446.140247381932 0
6587 3254.181461816232 1376.476560432483 0
6588 3278.640788746827 1279.513983496316 0
6589 3301.464526254633 1543.102824328687 0
6590 3182.439070376074 1306.812873557749 0
6591 3157.979743497417 1403.775450431656 0
6592 3206.898397296279 1209.850296634034 0
6593 3373.197150011142 1612.763832964881 0
6594 1353.75679031674 1825.646450888724 0
6595 1377.949941417664 1728.738886113342 0
6596 1306.12524442282 1659.252615636724 0
6597 1402.756195003837 1631.817353971273 0
6598 3612.893418705369 1724.794995179729 0
6599 3516.691700396939 1752.093885166447 0
6600 3588.434091774768 1821.757572115895 0
6601 2688.345825000124 4327.718881909425 0
6602 2712.805162166632 4230.756341044783 0
6603 728.4742989426918 2183.20957901996 0
6604 4110.18339010826 3294.095057099723 0
6605 4038.440998730433 3224.431370150275 0
6606 4013.981671799836 3321.393947086442 0
6607 4062.90032566103 3127.468793214106 0
6608 3966.698607352607 3154.767683200825 0
6609 3991.157934283206 3057.805106264655 0
6610 4157.46645455549 3460.72132098534 0
6611 4061.264736247068 3488.020210972062 0
6612 4036.805409316473 3584.982787908228 0
6613 3965.063017938646 3515.319100958783 0
6614 3940.603691008054 3612.281677894945 0
6615 3989.522344869241 3418.356524022613 0
6616 3893.32062656082 3445.655414009333 0
6617 3917.779953491416 3348.692837073166 0
6618 3942.239280422012 3251.730260136995 0
6619 1418.170866886484 3697.912558970193 0
6620 581.7214970846787 2764.985738648589 0
6621 255.1628618706891 1238.651766145367 0
6622 176.1528609253846 1173.483691629228 0
6623 212.3290398043428 1072.39384789529 0
6624 3400.937423399572 794.7010988157444 0
6625 3329.195032021846 725.0374118661766 0
6626 3232.99331371344 752.3363018528757 0
6627 702.3825061564257 2640.724273218078 0
6628 801.7400047444014 1892.293428610549 0
6629 4715.14062540925 3394.821380525333 0
6630 4742.74879408288 1494.295275445992 0
6631 3971.605375615093 2073.113429932171 0
6632 3875.403657290127 2100.412319914712 0
6633 3803.661265909544 2030.748632964567 0
6634 3779.201938978543 2127.711209900632 0
6635 3707.45954760019 2058.047522951051 0
6636 3850.944330356301 2197.374896850064 0
6637 3682.999593419407 2155.010441689093 0
6638 3611.246433174984 2085.351626034614 0
6639 3635.708356044692 1988.38746836754 0
6640 1342.119524979303 4708.541806933574 0
6641 1269.775201697291 4639.646933636159 0
6642 1318.115606872286 4817.573171019805 0
6643 1454.079319415587 1077.090057875493 0
6644 1429.618241172496 1174.053442566835 0
6645 2489.435649704204 513.253419708637 0
6646 2585.634379623849 485.9734725734638 0
6647 601.274055971815 3749.67741497808 0
6648 2895.469504874025 1028.158125748842 0
6649 2729.160984654776 625.2419109645932 0
6650 4472.16652582711 2921.310656331518 0
6651 862.1448669064464 4485.832631479544 0
6652 1366.127812085304 4612.565656753293 0
6653 3916.448301493048 4784.891052905339 0
6654 4379.235986383885 2227.506710811746 0
6655 4490.083495100087 4266.553750426688 0
6656 3563.940672552007 1918.730557709683 0
6657 2210.403091506675 3743.06028351902 0
6658 4118.361337178059 1491.337968309963 0
6659 4022.159618869639 1518.636858296683 0
6660 3950.417227491812 1448.973171347234 0
6661 4085.724063177663 3391.057634035891 0
6662 4258.574943420617 2351.768178309374 0
6663 1558.384470814183 4558.342768384822 0
6664 1869.598763487862 4739.278686282968 0
6665 1844.06329104755 4838.594724897152 0
6666 712.209049485788 477.4614733473109 0
6667 880.1451930503677 519.7981975712314 0
6668 863.7842945525256 4125.294739712042 0
6669 3146.530617610095 3927.635374724871 0
6670 726.8403743760882 2543.761676052733 0
6671 4434.6967150371 591.3758145536831 0
6672 795.3130820026008 3334.5282172467 0
6673 2704.319848011764 2510.119367631123 0
6674 314.7916155646381 3470.904128641686 0
6675 246.8454877316526 3399.149488095739 0
6676 2857.945741625605 4009.603507991748 0
6677 2305.178485311938 4076.376923280066 0
6678 1944.826946427252 4088.595836370356 0
6679 2229.903859414887 4727.922220383473 0
6680 914.3385378276594 3570.818168081765 0
6681 850.6392709955624 1698.337206662283 0
6682 253.7843665279461 874.3463160845376 0
6683 3276.990166586563 1640.049459191003 0
6684 3461.225791987637 3388.222491925053 0
6685 3436.770545803574 3485.186917316584 0
6686 395.8661440206101 1377.315812310266 0
6687 3671.446681043224 4678.502068569539 0
6688 3645.629365967643 4770.679073892597 0
6689 2293.799868145979 1288.914042541712 0
6690 2365.539460477657 1358.580984734387 0
6691 3061.778022303373 1431.074343878107 0
6692 3771.02399190787 3930.468298690165 0
6693 3123.706880093461 3664.046533903089 0
6694 3746.564664977267 4027.430875626331 0
6695 3268.804134751859 3442.812018523255 0
6696 4683.756419367051 3851.642570966651 0
6697 4770.138730486258 3830.276890720841 0
6698 1560.551507518156 3119.567472164877 0
6699 2880.749200201475 4273.12088550682 0
6700 3896.59205582671 2724.552641729115 0
6701 3968.334251556837 2794.216279277424 0
6702 3943.874892018292 2891.178847980068 0
6703 4040.076600973162 2863.879955631583 0
6704 4064.535926344832 2766.917378301788 0
6705 4015.617267048982 2960.84253080187 0
6706 3798.754500108912 3112.402886854835 0
6707 4798.568208436883 4084.714991726527 0
6708 3749.83584396046 3306.328040149643 0
6709 4208.020697831114 2906.244749355171 0
6710 3258.876819476219 295.0400260502283 0
6711 3282.856202618404 182.0249515032365 0
6712 3183.750768706744 227.2837272779843 0
6713 3396.974304606952 173.0251848710777 0
6714 3162.252098323781 322.511668138749 0
6715 3088.962124925591 254.3979295939953 0
6716 2996.210461924509 285.8300307267664 0
6717 3004.011560957008 184.5518536498498 0
6718 986.0809292054907 3640.481855031213 0
6719 3288.379810951804 4427.514166381716 0
6720 3216.637419573974 4357.850479432269 0
6721 2657.415106823393 555.6003240085938 0
6722 4672.747909511944 1063.955787567864 0
6723 3722.10533804667 4124.3934525625 0
6724 3697.646011116075 4221.356029498666 0
6725 3802.031043592145 2391.301407666931 0
6726 3208.533986780958 849.2988787913064 0
6727 514.9412949246939 1613.681778607919 0
6728 2903.726522580296 4536.551558626395 0
6729 1970.919455714273 3631.07947878861 0
6730 4354.776659846282 2324.469287847165 0
6731 4426.519050903806 2394.132974715721 0
6732 1274.686084130755 3558.585185071053 0
6733 1370.887802439176 3531.286295084326 0
6734 1299.145411061348 3461.622608134878 0
6735 1395.348668532205 3434.3207672805 0
6736 1467.089777274677 3503.986913286338 0
6737 2495.942460808814 4382.316917111598 0
6738 656.7350674888132 2113.546590073951 0
6739 632.275213383881 2210.509050546234 0
6740 536.0739330012148 2237.80803749194 0
6741 1463.818341920076 4225.090240614853 0
6742 1392.075950541945 4155.426553664332 0
6743 1488.277668850365 4128.127663677607 0
6744 1512.736995783387 4031.165086749998 0
6745 1198.036238812469 4570.477000610673 0
6746 580.0859078691431 3125.537156398338 0
6747 4913.823173953853 251.3110345111049 0
6748 4917.939802749464 750.2198876521923 0
6749 4826.794919243112 800.0000000000041 0
6750 4901.566201276259 946.000812472226 0
6751 4896.727764486184 1649.446148964963 0
6752 4913.397459621554 1950.000000000001 0
6753 4917.410484356278 2148.296069252015 0
6754 4896.630390200515 2357.966653407917 0
6755 4915.089872986892 2536.314427542711 0
6756 4918.26769284337 2751.691780976359 0
6757 4916.907959295891 2852.53676532106 0
6758 4919.750057084434 3049.89909247441 0
6759 4822.437353995101 3011.561696955384 0
6760 4918.080250430477 3750.101932975317 0
6761 4831.16520982556 3701.972157582 0
6762 4921.1176326763 3850.016988829219 0
6763 4900.290141610436 4063.36229449153 0
6764 4750.582724358987 4913.412427824454 0
6765 3849.999999999999 4913.397459621554 0
6766 3655.318852208506 4915.965031772019 0
6767 3249.492317190127 4910.747845204098 0
6768 3303.972019937914 4833.551533201486 0
6769 3149.096084983653 4912.61691844232 0
6770 2943.592489208903 4904.289046002543 0
6771 2749.156913887517 4913.884215615548 0
6772 2794.658583256154 4830.852623618179 0
6773 2698.969249523944 4827.552329304623 0
6774 2747.712163778562 4745.20155044513 0
6775 2653.187087831274 4738.163856904464 0
6776 1659.271498320471 4898.396016929244 0
6777 1349.999999999999 4913.397459621554 0
6778 1156.329813148647 4912.209148776514 0
6779 746.2606204747005 4915.896872710369 0
6780 901.328321519002 1143.920828238788 0
6781 3754.746560319784 2224.674869072162 0
6782 3229.722134873602 1473.439137383079 0
6783 2629.687537258089 1373.644293872577 0
6784 3994.429205456891 2336.702294070877 0
6785 917.6002232377375 2849.727523606195 0
6786 3953.688406319733 727.8703358313296 0
6787 4025.430797697559 797.5340227807769 0
6788 2044.403584867035 3340.414435102557 0
6789 2711.169501101275 4591.307506302051 0
6790 1442.630236571582 3600.949900065447 0
6791 973.0705861884685 1213.584577617374 0
6792 1825.801478479491 3852.305842814709 0
6793 1695.401410192756 828.5671238823247 0
6794 1871.448952670223 4379.483521489125 0
6795 1525.821419107427 1146.753879352543 0
6796 1501.361621821543 1243.71667322701 0
6797 3431.864593707461 4566.841540280608 0
6798 2438.920240315585 1067.689998682654 0
6799 1335.053863889364 840.8001068931951 0
6800 2158.335035307624 4658.015093141817 0
6801 4757.281940331799 2837.515457348326 0
6802 2244.819511187387 1482.90349294345 0
6803 2173.12682813386 1413.185771826969 0
6804 2651.688712060104 1635.222960910459 0
6805 3658.566995069629 2251.979961620777 0
6806 1344.792886094825 3988.800289779121 0
6807 3185.710249266317 585.7100379671344 0
6808 3363.39338115755 3776.075017815265 0
6809 3665.083251394455 809.7670057915002 0
6810 1582.84379774546 4461.38019145106 0
6811 1654.586189122919 4531.043878399207 0
6812 935.5266859303522 4194.958426661489 0
6813 4253.668172863913 3433.42243099862 0
6814 927.4232531231166 686.4068260262536 0
6815 2008.469036532193 649.7039541479753 0
6816 4159.102043969478 3100.169903227394 0
6817 3828.120592840464 1933.786056028481 0
6818 1920.367611416691 4185.558384832592 0
6819 1908.992994912297 1398.109602488608 0
6820 1980.73107171073 1467.757217411274 0
6821 456.1536838022039 3970.90145883713 0
6822 359.9519654937799 3998.200348823847 0
6823 710.5604895783454 837.9671829346021 0
6824 575.1791396272586 4207.191409672196 0
6825 704.0173736628935 2280.172786291695 0
6826 2609.318141067769 387.8890761848934 0
6827 3133.520416037251 1500.738028002771 0
6828 3420.355479069768 1779.400219446359 0
6829 3593.340860016625 740.1033188420565 0
6830 2520.386040324909 2217.053937412487 0
6831 2440.555829729534 707.1385809247236 0
6832 2080.211951990619 719.3669872910868 0
6833 2970.77452249448 377.9371097857229 0
6834 2663.076102803342 2497.257382156629 0
6835 2669.394349202774 2490.381927350073 0
6836 3289.970565589136 2988.327998631464 0
6837 2654.147276680122 1276.681224095481 0
6838 294.7519305324454 2486.33099089375 0
6839 201.360273013634 2516.512605161701 0
6840 174.5456459391748 2613.065174122514 0
6841 232.7901051242493 2419.496815518076 0
6842 3656.916277049438 2612.526864959889 0
6843 1799.706561294143 4309.81983454584 0
6844 607.816283141955 2307.471733776433 0
6845 1778.518413244397 3685.679576152661 0
6846 3317.352664160596 3248.719209669765 0
6847 2988.045574645541 1720.124241575563 0
6848 3086.237350314602 1334.111765646028 0
6849 3135.156005812415 1140.186609811688 0
6850 1210.076217893638 1686.666146932018 0
6851 1234.868580729645 1589.544370671288 0
6852 750.0000000000009 86.60254037844561 0
6853 944.7181297978409 85.45368032881242 0
6854 1154.289114994192 86.3913103264058 0
6855 1339.352980172695 103.9952565690869 0
6856 2849.748347628665 87.05978245629649 0
6857 2800 173.2050807568876 0
6858 2894.513939319339 170.8596292595021 0
6859 3151.849678754558 80.90522473609144 0
6860 3449.495717434493 85.56315032447901 0
6861 3498.573027031593 166.726798571065 0
6862 3600.267477263204 163.6897999367493 0
6863 4248.995298607803 85.61763737845968 0
6864 4548.907926164533 88.76402280858838 0
6865 4753.057274058179 77.95975412815233 0
6866 81.65591480200419 4549.799099278724 0
6867 81.28511482213116 3848.410913950406 0
6868 85.12004798336329 3359.136210047059 0
6869 78.83461337298468 3140.123501149867 0
6870 86.60254037844561 2849.999999999999 0
6871 98.02419540006349 2540.315335997566 0
6872 82.29080753448125 2363.894124425718 0
6873 100.7259485457935 2157.617981886918 0
6874 82.12580363989582 1650.351679179321 0
6875 161.7221622577636 1618.610566590853 0
6876 80.70045319429028 950.0737270912141 0
6877 80.29706287849422 749.0094684971016 0
6878 82.46341098766652 550 0
6879 86.60254037844379 450 0
6880 178.5913607530583 505.6482404969029 0
6881 83.26284920916169 245.1939757755163 0
6882 1729.599759531775 3879.604730548546 0
6883 2880.139288719275 4634.700970927684 0
6884 1489.913258265333 3767.576245923236 0
6885 4256.939351849986 2712.319595522657 0
6886 646.9215310050874 4276.855096621646 0
6887 3561.450799719187 2640.011469975376 0
6888 3340.565654698213 3512.484370125022 0
6889 3031.667071436695 3692.539551400727 0
6890 2929.667854062654 4079.19573163448 0
6891 2833.469515577699 4106.50653217232 0
6892 3050.332568230036 3954.947194072931 0
6893 3974.876554422406 1352.010594411066 0
6894 3878.674836113985 1379.309484397785 0
6895 3903.134163044578 1282.346907461617 0
6896 3806.932444736158 1309.645797448336 0
6897 3614.529008119323 1364.243577421776 0
6898 3686.27139949715 1433.907264371225 0
6899 2280.71658444576 4173.330429626692 0
6900 3192.178092643381 4454.813056368436 0
6901 3620.011857017532 287.9171515362377 0
6902 2968.847485718783 737.2703948768526 0
6903 942.0185271600485 2752.813086783571 0
6904 3576.984965877064 4345.61749642155 0
6905 1462.209097360881 4585.600938123393 0
6906 1390.469214918495 4515.908702780072 0
6907 1431.255582198034 813.5012169063493 0
6908 4408.602081517276 1048.889880591852 0
6909 2993.30681264945 640.3078179405989 0
6910 3731.917407834773 1961.085551409274 0
6911 3847.673190899858 2918.477742307241 0
6912 2655.783003863009 916.1296417730728 0
6913 2536.75754803795 679.8396909380106 0
6914 2561.202851199315 582.8972853614264 0
6915 2276.426319160519 3450.408268502802 0
6916 3364.995486233648 3415.508432682034 0
6917 2641.065123655725 4161.100945635436 0
6918 3714.001905255657 615.8418519191528 0
6919 3829.756182252811 1573.234638270123 0
6920 2063.852391153949 4324.885748094608 0
6921 3936.966921565617 4692.521158936763 0
6922 3700.917189953771 3500.253193985236 0
6923 2451.20245255882 3853.068201135068 0
6924 4348.234301758377 3766.674958769851 0
6925 4372.693628688971 3669.712381833684 0
6926 311.0333116325878 4192.125502696184 0
6927 3433.500183121408 4206.290122522659 0
6928 3904.769752458541 921.7954897036652 0
6929 1894.236923558642 4642.946320149686 0
6930 2186.115141325729 3840.065677443667 0
6931 1848.625218635798 4115.894692938722 0
6932 2695.878969743342 2260.485003525313 0
6933 3973.240965008692 1712.562012169076 0
6934 3374.842507055216 1252.215093509637 0
6935 3444.915496282292 1682.428314244319 0
6936 1538.831962005839 3573.650996417593 0
6937 1432.895984878014 452.9667611735035 0
6938 2822.091491147233 1319.045896016653 0
6939 1118.19107396037 992.36047680105 0
6940 873.3903785624434 1962.029886407629 0
6941 2360.991262596094 1715.891485361761 0
6942 2342.964120486956 1799.280072135487 0
6943 2450.418988847275 1686.458784690486 0
6944 2849.794330353594 1580.188918496739 0
6945 2461.743278396145 1331.279659850458 0
6946 3921.051498959904 2627.590094139405 0
6947 3065.049204027123 709.9715048902299 0
6948 1046.448704134878 922.6967792327857 0
6949 2597.600492816654 2557.657971341442 0
6950 2753.623214435434 528.2952947694889 0
6951 1455.714909128668 716.5386399701599 0
6952 4146.091842936577 673.2725558578882 0
6953 85.26801738897711 1947.835275277252 0
6954 2569.354290763071 4091.548471284832 0
6955 2463.901713707422 3753.397583021321 0
6956 2111.135453734094 4491.512005400596 0
6957 4121.632516005981 770.2351327940564 0
6958 4323.774974827786 3863.637535706017 0
6959 2648.5407667497 4911.620730202818 0
6960 3423.761160916172 1058.289939637572 0
6961 4715.074951211354 2312.145765073135 0
6962 4813.257663068001 2284.332967854588 0
6963 2208.973928846452 4103.665811556585 0
6964 4043.347767170339 2142.777116926426 0
6965 1271.414905302863 4279.688020586989 0
6966 4116.725747770201 1851.889386069453 0
6967 4402.059724011483 2491.095551661554 0
6968 4517.814000858583 3448.488337974627 0
6969 3603.079882221613 3888.103501727436 0
6970 3627.539209152319 3791.140924791297 0
6971 2067.081548760357 3603.772297901026 0
6972 2042.62514705013 3700.735485148866 0
6973 4333.588511311583 1700.329029158317 0
6974 3469.401372555216 1585.466860901605 0
6975 549.0618143694153 4664.502907453771 0
6976 3025.873852787502 4051.911925902656 0
6977 3660.169089958431 1891.423700135038 0
6978 2114.328567907085 3770.390130451487 0
6979 1791.603128501176 801.2682338956024 0
6980 1863.345519879005 870.9319208450477 0
6981 2374.864638404951 2556.231803332573 0
6982 1152.389449477792 4043.398069751883 0
6983 3555.796817774909 3721.477237841955 0
6984 3459.595099466199 3748.776127828602 0
6985 1348.064342341116 3267.696370179151 0
6986 904.6274140705327 422.9162997665508 0
6987 234.8546171130902 973.0047044442069 0
6988 2686.760894766078 2169.320537629487 0
6989 2033.044784223944 552.5961388043595 0
6990 3514.590366770953 2472.903968609784 0
6991 1201.308103338983 3849.472915879574 0
6992 1129.565711961153 3779.809228930117 0
6993 1204.544841242293 3128.405317050222 0
6994 2089.928703293733 3867.367572742476 0
6995 782.3028805220069 907.6308700979757 0
6996 2751.984722170841 888.8307517870594 0
6997 1755.567343690127 3421.634274955266 0
6998 1814.426866017821 1064.857074717381 0
6999 267.8749420004997 3304.370860424691 0
7000 1385.608107164793 286.3235352627571 0
7001 1413.622001805084 186.2091149495664 0
7002 3687.906988911102 1073.355846613265 0
7003 4283.034269199295 2254.805601082289 0
7004 4356.412248856161 1963.91786998716 0
7005 4539.000647463459 4072.630142855567 0
7006 248.2997246665218 2678.74877065227 0
7007 3826.490649634993 2294.33891589741 0
7008 1672.577672676112 564.9782830605423 0
7009 3386.217118674172 4039.663858637044 0
7010 3120.435701265552 4385.14936941899 0
7011 3136.79159540459 779.6351918401101 0
7012 1669.306493848212 1286.081118576435 0
7013 1584.4793871816 4100.828773771283 0
7014 1216.028408063516 604.5101560585499 0
7015 1144.286016685463 534.8464691092258 0
7016 3912.873185249567 4430.347090346998 0
7017 1886.169257395651 1134.520761666825 0
7018 2279.079563420347 4533.876802363324 0
7019 2256.256226801273 4270.289374310872 0
7020 3695.99301941408 4581.846121319404 0
7021 1175.213186994436 4306.986910573691 0
7022 1670.942083262163 925.529700818493 0
7023 3378.107510419736 531.1186177276336 0
7024 3684.634577884216 1794.459088974138 0
7025 3930.864668803102 464.2814950095394 0
7026 4646.631797525713 1521.489619114654 0
7027 3097.612677151646 4121.563042639691 0
7028 3947.14604901565 2170.076006951972 0
7029 4152.559686313644 4542.37557425917 0
7030 4108.547800694302 3654.646474857675 0
7031 1874.718925154755 3658.378375761823 0
7032 4596.098749895052 2075.946353892982 0
7033 653.4638886278344 2834.649425591214 0
7034 1677.026572441054 4790.632031687463 0
7035 578.4503184551784 3486.088574156301 0
7036 602.9096453857751 3389.125997220131 0
7037 4728.525137525257 4378.637718108981 0
7038 620.8266146605345 4734.36909131577 0
7039 3519.962879224795 1030.991049650611 0
7040 4000.971470766963 894.496599716942 0
7041 4113.454584055219 2572.992225402088 0
7042 4212.927466077768 1824.590496082518 0
7043 2950.000000000004 86.60254037844379 0
7044 660.0062460540189 1392.44375449247 0
7045 3922.687719366675 2267.038838445268 0
7046 2587.519534962798 2451.020666999132 0
7047 3608.102278646898 2806.478405989593 0
7048 4289.576625692226 812.5999297567851 0
7049 2176.413757645806 692.0679883366429 0
7050 4384.142754586681 1145.85245752802 0
7051 606.1807815572947 2668.023163464369 0
7052 3666.69153104309 449.1200303329824 0
7053 1767.143801570584 898.23081083177 0
7054 1416.535277473084 4058.46397673009 0
7055 1320.333559164189 4085.762866715135 0
7056 3992.79364637396 2697.253719483919 0
7057 1793.351919324046 440.5755939691239 0
7058 4638.345249540435 3685.9614785774 0
7059 4704.382364806186 3761.213465294402 0
7060 526.2604857660672 4401.11656354453 0
7061 4398.788545033545 3212.19838713957 0
7062 1491.558484348732 3407.006352827887 0
7063 1295.874232233499 4182.725443650968 0
7064 3353.653793791676 628.0754169546669 0
7065 1992.110003623023 4255.222074701701 0
7066 4335.224100725495 1339.777611400355 0
7067 1065.304963517082 1907.878150902775 0
7068 3303.100115665065 1182.551406574957 0
7069 1768.798257886019 537.655856045732 0
7070 779.0080832228966 1628.719645318015 0
7071 4419.976693136205 3836.338645719298 0
7072 423.8210063990518 559.370474621775 0
7073 4530.890977105822 564.0750436907533 0
7074 4651.24760358668 799.0847719558906 0
7075 4423.247871964255 3115.235810203432 0
7076 1895.908281370654 4282.520950789889 0
7077 303.3841540519252 1044.044104757467 0
7078 924.1518158794456 1407.508750894686 0
7079 2607.903763163195 4815.595549849129 0
7080 3167.678105041721 4551.623494149038 0
7081 3361.757791743579 4136.626435573212 0
7082 720.2995117968744 3985.967365813144 0
7083 4522.720769119729 2366.834084705641 0
7084 1248.591167786258 4016.099179765325 0
7085 741.5390376303119 4609.754225817953 0
7086 3534.600488936595 3097.333273387096 0
7087 3674.822273599444 3957.767188676885 0
7088 4345.00576364186 4487.733881212252 0
7089 567.0757068350513 698.639809029595 0
7090 4087.35965356419 3030.50621652351 0
7091 518.1570529750052 892.5649629012169 0
7092 3112.332268467017 876.5977687846412 0
7093 3161.250922335585 682.6726149034646 0
7094 2518.766064484434 4645.905286275492 0
7095 3425.395514258703 697.7397948343239 0
7096 4553.943025618789 827.4521409344356 0
7097 4498.261442194885 2463.796661643261 0
7098 622.4622040744887 4373.817673557812 0
7099 1052.916552341455 4791.799795254503 0
7100 3919.415555079444 2988.141422389152 0
7101 490.4912052436584 1710.646685689117 0
7102 2437.276459944963 1428.251047926147 0
7103 337.1282279771503 3734.611508002065 0
7104 694.2045954523169 4443.481360507263 0
7105 3231.357724250267 1112.887719669823 0
7106 1121.987952881529 273.110110725851 0
7107 4501.532620998033 1742.693826121092 0
7108 2761.754572737491 4036.939574301804 0
7109 4734.949422444648 2575.340294193184 0
7110 4136.27830749849 2836.581062669632 0
7111 3307.688908052306 4685.205960286721 0
7112 4761.244049957115 1754.096320184288 0
7113 1838.886192948412 967.8944977812134 0
7114 3650.01160442104 85.80169328536431 0
7115 3257.4525464506 655.3738219207889 0
7116 4160.73763553286 2739.618486012173 0
7117 363.3653969862403 3277.093256162951 0
7118 1176.848776408388 3946.435492815731 0
7119 1560.020060238898 4197.791350664786 0
7120 321.5868812673589 2390.02806276209 0
7121 3642.247272050537 546.1701583549554 0
7122 537.7096030361135 1877.256637083791 0
7123 816.5012301052971 3958.668475826427 0
7124 888.2436214831218 4028.332162775876 0
7125 263.848739941061 427.87665369148 0
7126 3937.332512180159 4333.384513410831 0
7127 3617.796328959109 643.1412793917707 0
7128 3521.594660067119 670.4429815052436 0
7129 2737.272564301843 4133.822221256889 0
7130 3335.036441325281 4593.005449958968 0
7131 4618.914278328222 2339.520104772614 0
7132 4088.995276098424 2669.954807129175 0
7133 2809.008741878795 4203.464010674166 0
7134 534.4383507540565 2598.359478141733 0
7135 464.333282443647 2168.144787170597 0
7136 4119.996926592014 1130.786550552009 0
7137 394.6882220841585 1738.046158740081 0
7138 3955.158599140198 366.706169882696 0
7139 3529.701901429827 4178.991232535938 0
7140 2798.53059430905 2229.746642090288 0
7141 4691.733502699632 2049.072573389494 0
7142 562.1796907622015 1780.296774654614 0
7143 4782.299200473946 2024.145644427234 0
7144 1131.201205501702 3419.257907835944 0
7145 1059.458825305897 3349.594210555792 0
7146 4603.897698777553 274.1348116971835 0
7147 4480.344472895104 1118.553567541301 0
7148 933.8866185789207 4555.494064097249 0
7149 4263.481709347668 1270.113924450908 0
7150 4141.185074695441 1754.926809131932 0
7151 1105.10638503056 3876.771805866279 0
7152 3894.956219353317 3085.103997104452 0
7153 244.4723483964635 3763.009888252083 0
7154 1910.628584326242 1037.558184730659 0
7155 4494.99026334197 3184.89949715285 0
7156 958.3490374187245 4458.542383097834 0
7157 2269.324992683131 1385.892843743604 0
7158 3263.812024643683 4524.214843984868 0
7159 765.9510718477973 4513.07036737203 0
7160 415.8361923902953 2362.186348267589 0
7161 4193.374907383805 839.8988197435031 0
7162 4048.254535214191 1061.122863602559 0
7163 1721.628394847706 370.8883699915905 0
7164 240.8694183679027 4480.550328166998 0
7165 4201.478340174828 4348.450420386842 0
7166 3591.705270602671 1100.654736600004 0
7167 4111.81898296936 2933.543640212171 0
7168 2006.830302634662 1010.259294743938 0
7169 4287.94103627826 1173.151347514739 0
7170 2469.847410623258 4839.830440147827 0
7171 310.8243424961029 4551.720799737501 0
7172 2174.774412320915 1052.624091706655 0
7173 1080.647058099967 3973.734382802438 0
7174 3914.508774663515 4069.795672589054 0
7175 3870.496890074835 3182.066573447783 0
7176 3759.649380288933 1143.019533562721 0
7177 1227.402502000502 3391.959437095365 0
7178 3854.215509183396 1476.272061333955 0
7179 3997.700291939092 1615.599435232862 0
7180 3925.957900561228 1545.935748283408 0
7181 1745.955653467893 274.0905522520366 0
7182 3961.791839110752 4236.421936474667 0
7183 984.4453397915438 4001.033272789157 0
7184 4069.442683316987 1685.263122182324 0
7185 2078.572694012491 1079.922981693381 0
7186 4519.449590272616 3087.936920216697 0
7187 3821.578235212676 3375.991727067377 0
7188 3735.190053358337 1239.982110498887 0
7189 4346.598712344427 4127.226376527791 0
7190 3601.444292807655 4248.654919485384 0
7191 1323.606087806649 3364.656896959717 0
7192 3986.251166041344 4139.459359538501 0
7193 889.8792108970642 3667.780745017929 0
7194 3782.473117805568 1406.608374384507 0
7195 1476.877023812551 1340.689020523334 0
7196 3844.401972699678 3639.580567881674 0
7197 4552.086864272929 1188.217254490746 0
7198 2135.594780975872 4394.549429561031 0
7199 3710.730726427742 1336.944687435059 0
7200 3818.307056355095 4097.094562575776 0
7201 295.7079896790647 1764.77602583789 0
7202 1033.363993652732 3807.108118916828 0
7203 3673.186684185484 4318.318606434831 0
7204 3846.037562376661 3279.029150190139 0
7205 3797.118908262828 3472.95430399868 0
7206 4097.173189075385 867.1977097302197 0
7207 4248.811152118671 4515.025452353387 0
7208 4131.371538210946 3918.235315679454 0
7209 3594.916030558307 380.3908214656785 0
7210 3868.861299632021 3542.61799094595 0
7211 4084.08847376371 3751.609051793839 0
7212 3916.144364077486 3709.244254831115 0
7213 3550.890049532521 4803.131491115668 0
7214 4012.346082385887 3681.945364844392 0
7215 4299.315647897194 3960.600112642182 0
7216 4033.53423048858 4306.085623424113 0
7217 3493.009211283891 2570.494575376686 0
7218 4059.62914683312 3848.571628730005 0
7219 2101.394432400288 1343.513532908888 0
7220 793.6774925886473 3695.079635004648 0
7221 4442.800180403213 4099.927744257943 0
7222 2199.233739251504 955.6615147704917 0
7223 4072.713862144788 964.1602866663875 0
7224 4227.573256519368 3890.936425692735 0
7225 439.9720517360656 2265.13378740518 0
7226 4657.461737655063 4308.839006523584 0
7227 4129.735948796998 4278.786733437393 0
7228 2366.040825515875 2554.354199461045 0
7229 4274.856320966601 4057.562689578345 0
7230 961.621602274904 3737.444431967382 0
7231 4543.99567726852 2990.946379159043 0
7232 4648.288582581348 1160.918364504025 0
7233 2295.435457559924 928.3626247837683 0
7234 4514.541028574962 4169.593020461411 0
7235 4177.02730449367 4445.404458669827 0
7236 4586.187350065426 4239.245261776764 0
7237 267.9187537259918 2944.745660195065 0
7238 340.3994068050606 3013.508672486176 0
7239 4568.46946421069 2893.979141536138 0
7240 4224.353009652279 4611.986809481952 0
7241 2052.397968234668 1537.31128257414 0
7242 697.4757742802326 3722.378524991365 0
7243 557.2621703121602 2861.948315578228 0
7244 2367.177848937755 998.0263117332122 0
7245 461.0604520232851 2889.247205564141 0
7246 2871.010177691441 1125.120702987057 0
7247 625.7333829024033 3652.714838041916 0
7248 2463.379567246178 970.7274217464956 0
7249 229.6090135707154 1690.49520854323 0
7250 1884.528634305747 1495.053428726863 0
7251 553.9909915245817 3583.051151092467 0
7252 699.1113636941882 3361.82710723342 0
7253 674.6520367635926 3458.789684169586 0
7254 4195.876843062847 4708.231747861791 0
7255 2750.349091322941 1249.382219098975 0
7256 4743.414108858443 1134.199558261777 0
7257 1860.061397212346 1591.954519565421 0
7258 2535.121958624009 1040.391108695939 0
7259 723.5706906247822 3264.864530297245 0
7260 2076.937104598539 1440.474399451339 0
7261 4664.569962442134 2866.712876357633 0
7262 2182.863931299641 4561.155162992643 0
7263 629.0045617215333 2931.612002526377 0
7264 700.7469531066679 3001.275689475528 0
7265 748.0300175553739 3167.90195336108 0
7266 1763.907198255791 1619.371583744039 0
7267 2631.323676932427 1013.092218709218 0
7268 676.2876261772981 3098.238266411639 0
7269 2727.525395240465 985.7933287229532 0
7270 2799.267786531267 1055.457015776716 0
7271 2582.39970844977 2546.394593136467 0
7272 2579.400001869443 2546.352635634843 0
7273 2576.421414652141 2546.601901933807 0
7274 2574.948156756313 2543.653033807682 0
7275 1333.415896754866 1201.352631851425 0
7276 1573.100309579911 1313.381754160941 0
7277 855.6816958160925 616.7460783111223 0
7278 1188.281763289045 1422.561409485277 0
7279 1048.084298374418 562.1453590972758 0
7280 951.8835531327766 589.4476781984984 0
7281 1116.5479047246 1352.900438427941 0
7282 1020.34929467507 1380.197739363298 0
7283 948.6105205106658 1310.544804150105 0
7284 540.9807904721551 1156.153803729713 0
7285 876.8688367768004 1240.883030528898 0
7286 661.6418354836446 1031.892336921985 0
7287 780.6672626053223 1268.182226486612 0
7288 686.1011624047958 934.9297599904464 0
7289 684.4655683569395 1295.481167414256 0
7290 612.7231810248049 1225.817488977329 0
7291 614.3587712379674 865.2660729369982 0
7292 542.616379897358 795.6023859691963 0
7293 470.8739885261382 725.9386990165049 0
7294 399.1699442026847 656.2846853150372 0
7295 330.2945826999098 584.3456552711905 0
7296 2348.559373221247 2538.988927110197 0
7297 2344.323568702242 2537.692544186451 0
7298 2341.502014255821 2533.594094474812 0
7299 2350.292014905215 2542.813134208201 0
7300 2707.096328338002 2500.41264727576 0
7301 2586.862932057974 2549.055351491336 0
7302 2712.777437219536 2480.804424513476 0
7303 2345.97210731022 2530.074649435062 0
7304 2663.04151084973 2369.639718518138 0
7305 1137.111926274872 1977.493282905612 0
7306 2574.835956141269 2452.630555775196 0
7307 2594.377189396168 2551.664880239654 0
7308 2364.334575438464 2465.482793268789 0
7309 2362.111508845534 2463.679998124361 0
7310 2379.79830328247 2440.531851524286 0
7311 2380.289214933784 2435.523862712851 0
7312 2343.222452680918 2521.504970803243 0
7313 2598.847771995002 2544.434014294113 0
7314 2613.740803754234 2452.092724175615 0
7315 2358.089408358715 2467.157946106665 0
7316 2354.684337662243 2468.457345218531 0
7317 2417.34747829082 2548.656635575306 0
7318 2420.814475417522 2549.661299237298 0
7319 2424.0370884845 2552.662657459707 0
7320 2571.485095721895 2456.625370706963 0
7321 2614.619770542517 2448.835037629529 0
7322 2600.341063908229 2551.847666856552 0
7323 2601.996715614405 2554.196770570247 0
7324 1111.632410581215 2435.078897306936 0
7325 2362.677362029006 2474.636588440895 0
7326 2569.484877428745 2602.257710492547 0
7327 2704.722452951218 2447.1719671941 0
7328 2922.153207761914 2440.60352893538 0
7329 2371.323040674156 2443.482164655782 0
7330 2601.255429505047 2345.870654753853 0
7331 2415.36866585357 2416.079857520626 0
7332 2410.86911231249 2409.344153710275 0
7333 2438.628517458431 2355.030921092189 0
7334 2355.278592542958 2471.376453344651 0
7335 2414.164425534362 2451.429391691069 0
7336 2677.109616742683 2445.159293258977 0
7337 2422.208152312478 2546.952181140763 0
7338 2567.190965214129 2459.612016058194 0
7339 1619.037094837511 1841.02374024346 0
7340 2623.03371431684 2534.647297851714 0
7341 2443.546070725204 2340.73753722335 0
7342 1546.967317575917 1770.88960614278 0
7343 1401.462952818484 1992.096722636393 0
7344 991.0277590349178 2559.031896060067 0
7345 1450.32076180178 1798.244741515468 0
7346 2559.0994669752 2522.81289824339 0
7347 2362.824153699991 2446.467077957801 0
7348 2549.140490439557 2539.321208199736 0
7349 2551.906163293876 2543.356150234924 0
7350 2546.430598351517 2543.765291756617 0
7351 2376.605783243318 2316.968502163992 0
7352 2383.387838407795 2292.935369381295 0
7353 2406.740801047089 2295.020962385917 0
7354 2543.800919069518 2592.198989371865 0
7355 1277.262057170022 2837.90898257633 0
7356 4814.469564110528 1563.802406896846 0
7357 946.8468801133999 1670.998851173503 0
7358 2450.85876401166 2544.185164114781 0
7359 1206.046941897844 2768.115038026208 0
7360 943.5462161914306 2392.201289653913 0
7361 1042.750994915306 1644.06841022141 0
7362 968.0302877804161 2295.41546317781 0
7363 2474.1545964308 2471.80803616828 0
7364 2380.707205380147 2454.305622016438 0
7365 2338.921705347265 2487.080777381682 0
7366 2441.653019972041 2479.432050973785 0
7367 1038.172938280085 2725.666307172084 0
7368 1088.48772204546 2171.313467789908 0
7369 1134.535772864097 2698.465652373712 0
7370 1163.701167388453 1519.320393717817 0
7371 2465.926782601078 2481.950051567771 0
7372 2583.766299199378 2129.028993938819 0
7373 4910.598973950317 446.9343525791692 0
7374 1015.413405843814 2462.173937673589 0
7375 1016.831795363649 2101.535834935144 0
7376 2630.927485324026 2472.678297571264 0
7377 1330.998069736142 1562.264826586196 0
7378 2199.315035594614 4825.141369671062 0
7379 1041.190035510368 2004.713203675248 0
7380 2436.903357289645 2575.312983816125 0
7381 86.02947995773593 1850 0
7382 2430.300595689012 2468.737775325557 0
7383 2430.695236702061 2466.536198126435 0
7384 969.3403246932089 1934.888850623091 0
7385 897.4260033480741 1864.864444110963 0
7386 334.6305502122059 4812.958440197845 0
7387 2342.203596789615 2480.588407318383 0
7388 2530.847318740393 2536.934510192582 0
7389 921.9165345481606 1767.977954873595 0
7390 91.52306334755849 1442.65235195582 0
7391 2182.811109520666 2813.705931189821 0
7392 1138.80266147616 1616.749910998693 0
7393 2431.415848165225 2526.130081839678 0
7394 3005.632900595343 1870.380168630637 0
7395 2486.358533416794 2396.093136999747 0
7396 2275.176372107185 2629.765594491224 0
7397 2387.645325285602 2462.639579300957 0
7398 2474.651738706978 2012.511424107016 0
7399 2459.763476518207 2515.424873544251 0
7400 4051.806096081964 84.3681290041286 0
7401 591.7737315403569 4831.475770215994 0
7402 2111.888136169037 2010.640560108987 0
7403 2087.516902870907 3016.560370049249 0
7404 1708.066288707678 3250.41250488861 0
7405 2488.319214194399 2224.604028921835 0
7406 2297.751585127166 2353.645510188831 0
7407 2284.531990736425 2368.032327810204 0
7408 2551.236375771944 2462.882146130853 0
7409 2631.011569834958 2402.845926375051 0
7410 2805.167677851247 2604.031775391623 0
7411 2632.698452171705 2471.641091376056 0
7412 2635.208524577895 2470.995955567299 0
7413 2642.10970131678 2524.218742306871 0
7414 2454.380512735389 2534.055145429129 0
7415 2334.265378782742 2455.083688889511 0
7416 2403.212416085011 2401.868764085113 0
7417 2849.996612651267 2704.638827779738 0
7418 2830.595091695489 2742.02989622769 0
7419 2473.478537162354 2524.560258067248 0
7420 2480.172857384769 2524.26603783605 0
7421 2327.15544862171 2485.943787581769 0
7422 2449.637037419826 2437.858647821955 0
7423 2442.82567402912 2446.185784746269 0
7424 4910.464298860374 4752.851058222744 0
7425 1548.334138743273 4913.29754479512 0
7426 162.1469119525605 196.877552046959 0
7427 2660.982206584145 2458.752719510873 0
7428 2371.697793256496 2539.856724946808 0
7429 2439.325825352211 2583.053419919607 0
7430 2399.907542165406 2539.526104411043 0
7431 2358.193685700448 2486.332848342374 0
7432 2368.811417806859 2043.10031400093 0
7433 2654.839561794642 2431.250964626647 0
7434 2434.026383380354 2532.23076402772 0
7435 2570.352706266085 2527.782693618549 0
7436 2639.113081893681 2545.866758558022 0
7437 2280.177949015463 2533.34314437392 0
7438 2444.605735729224 2479.313781263629 0
7439 82.59631333766538 1148.462083400602 0
7440 85.48176157332909 2650.251712679052 0
7441 2561.178632554476 2494.832357476278 0
7442 2367.3140440014 2524.506566597109 0
7443 2365.800562361162 2525.83760149365 0
7444 2533.526911394839 2631.234457492131 0
7445 2358.78173300892 2516.783835696975 0
7446 2815.899349721982 2188.098566945471 0
7447 2572.937563583223 2352.369138012113 0
7448 2403.07542643236 2419.759081155182 0
7449 2884.928431700337 1739.85853162772 0
7450 2422.885989775577 2539.523538199089 0
7451 2351.023544898967 2498.479988439625 0
7452 2361.510992593478 2507.325491979364 0
7453 2611.627865863365 2446.07270856882 0
7454 2612.225014225896 2555.268805553669 0
7455 2294.705080386309 2795.414813863923 0
7456 4825.661362729412 3992.735932959723 0
7457 1952.288921043841 2299.171120544634 0
7458 2413.857802768807 2538.427314975034 0
7459 2638.053056762089 2485.01111407389 0
7460 2533.045746896576 2592.841392414231 0
7461 3113.42658586685 1872.848714819506 0
7462 2299.688925603005 2567.025758485395 0
7463 933.8166627961409 4910.285021323964 0
7464 2476.546071296997 2388.411583402081 0
7465 1374.142762614166 2812.039622931029 0
7466 2605.070561165292 2554.981273303578 0
7467 78.53764284285489 4844.114532157128 0
7468 2552.165131189974 2519.58452479322 0
7469 2548.236625094317 2519.489046621112 0
7470 2309.856095854118 2417.864309329302 0
7471 1511.887198712156 165.6602369184302 0
7472 2253.252671902213 2504.207133217628 0
7473 2417.018991223898 2433.584509198598 0
7474 2293.13979863823 2537.878292975729 0
7475 2394.207841964025 2573.261235384512 0
7476 2405.256091959262 2572.300650096288 0
7477 3371.102389289959 2694.181711149306 0
7478 2443.072240499816 2483.588892925811 0
7479 2441.957543480199 2508.204057807886 0
7480 2235.733382149211 2413.590487541548 0
7481 2625.064335255227 2539.474846297985 0
7482 2300.965592153511 2490.843025525468 0
7483 1422.270897751004 2977.267585730844 0
7484 2419.313684327637 2452.256846856043 0
7485 2550.492680930357 2523.438649028096 0
7486 2641.355951911817 2459.952879281363 0
7487 2626.420356602918 2528.798539811428 0
7488 1765.085749269876 184.2378733274836 0
7489 2591.058504000443 2541.76929494742 0
7490 2542.704103421151 2492.958547641114 0
7491 2439.259664157267 2498.825033568468 0
7492 2527.276597141307 2503.749828522764 0
7493 2520.85802638304 2506.225072103615 0
7494 2518.537648071105 2512.128624675599 0
7495 2533.939311843898 2499.118391009068 0
7496 2231.084308447293 138.6354102841487 0
7497 2339.998808443029 2549.711851057118 0
7498 2595.217584100465 2074.626357657404 0
7499 2364.715150681751 2482.760903103493 0
7500 2272.282310393772 2384.646531548226 0
7501 2414.092576992573 2461.280675225656 0
7502 2292.226716299645 2382.023562051128 0
7503 2441.116569208894 2543.418193561466 0
7504 2431.80377043724 2654.539212546304 0
7505 2430.532731486928 2595.863545663358 0
7506 4629.974441332504 180.5908907310909 0
7507 2563.896036185206 2462.942130128552 0
7508 2523.274320214592 2618.069018049903 0
7509 2646.397355610517 2490.212762315302 0
7510 2360.912863421124 2526.760598091788 0
7511 2363.752522576842 2477.17370311493 0
7512 2365.006429270993 2475.590312834343 0
7513 2423.586816901676 2431.432799203581 0
7514 2471.39466278596 2377.016050428281 0
7515 2362.470060643109 2488.711514389991 0
7516 2161.52770170896 2668.112389743853 0
7517 2333.675420169739 2662.216923827779 0
7518 2348.249550710943 2469.542199998226 0
7519 2402.18849892993 2539.19234461497 0
7520 2411.423062479149 2449.74148887561 0
7521 2408.969974344689 2450.919923874825 0
7522 2332.878638376609 2791.460846679838 0
7523 2347.504702077742 2754.689360730657 0
7524 2472.19896955182 2432.082094840715 0
7525 2462.943730496788 2433.917720114895 0
7526 3207.203560422995 2932.171447695734 0
7527 2647.514018466897 2513.987525894418 0
7528 2648.972979366284 2516.530508101034 0
7529 2747.934962176052 2157.72536269397 0
7530 2099.055326915447 2275.7722313259 0
7531 2060.595251111888 1871.492136550029 0
7532 4696.21914782995 4831.813862016174 0
7533 2335.498788124981 2483.418574514866 0
7534 2616.078953737867 2535.567930568131 0
7535 4847.751445848699 4916.811384098239 0
7536 4899.683870596386 152.7959267071819 0
7537 2375.431171862115 2533.30007355656 0
7538 4831.619488115054 2899.112067939656 0
7539 2329.659992989482 2434.438783838532 0
7540 2328.285951986014 2424.673566993769 0
7541 2375.986851408392 2462.731759356594 0
7542 551.9166536508865 84.98121658314858 0
7543 2391.130390832693 2541.759499012783 0
7544 2389.145965991544 2541.430556462173 0
7545 1726.420721146337 2425.526088241998 0
7546 2569.297224799746 2524.255964042056 0
7547 180.9889784072502 2248.058431775808 0
7548 3232.880255338941 2306.09615087236 0
7549 2372.149476225305 2439.684292469622 0
7550 2420.108764994608 2464.29788587104 0
7551 2722.1257593799 2941.400268761697 0
7552 2760.309160630106 2981.578981734366 0
7553 2106.219475748952 208.7811393379261 0
7554 3350 80.54609594046224 0
7555 2591.960493294053 2461.660974156538 0
7556 2565.612464635584 2480.815372444113 0
7557 2434.414390337508 2481.121818901833 0
7558 2371.747504918689 2472.420593515832 0
7559 2371.969402446228 2470.0419842524 0
7560 2422.469460355867 2684.093913756313 0
7561 2427.268197569424 2706.561866947502 0
7562 2604.705908296104 2309.527518277348 0
7563 188.0758679221913 2977.41376882911 0
7564 2352.959919395006 2381.966722861387 0
7565 2497.142236225239 2522.982173487469 0
7566 2359.210242300927 2502.092443356834 0
7567 2297.219785327826 2546.891020009704 0
7568 2566.021590783997 2522.615834418873 0
7569 2671.359677361356 2437.005385778205 0
7570 2606.497511980283 2542.441273309873 0
7571 2608.509474800449 2541.98101045725 0
7572 2709.994177986555 2566.293358455591 0
7573 2345.733031394966 2498.332641772434 0
7574 2629.428665948666 2442.43060227757 0
7575 2623.646996570349 2468.643581334001 0
7576 2630.780342806972 2475.949367018806 0
7577 1146.022832180538 180.3822788447033 0
7578 3128.042660340561 2549.087865140693 0
7579 2636.626482005605 2549.458544451549 0
7580 4822.920390750918 4351.435393239717 0
7581 1521.095468099943 2948.213128318149 0
7582 1584.000785381455 3023.422720621646 0
7583 2617.531709473303 2463.310716416699 0
7584 2778.97790734451 2632.709461089103 0
7585 80.23518842937347 4450.741375028795 0
7586 2785.286416169726 2523.741986535815 0
7587 2799.875749937472 2543.030427692768 0
7588 2459.51812400725 2462.977701501298 0
7589 2463.047673618986 2498.068085177439 0
7590 2412.613388444572 3220.372984740436 0
7591 2461.423484451576 2511.536199121263 0
7592 2348.642265965986 2444.619912696553 0
7593 2561.017413960154 2796.065163335784 0
7594 2531.029287326042 2800.91319588546 0
7595 2507.07192667851 2334.520139099164 0
7596 2460.447072545091 2504.796554327754 0
7597 2457.185494893514 2506.719588591503 0
7598 2422.548529175264 2615.345362179256 0
7599 2382.085783400754 2536.92006313957 0
7600 2567.293386292275 2534.376506217086 0
7601 2629.369017942658 2552.626695940737 0
7602 2633.465716054343 2552.133670491946 0
7603 4831.237516839466 2186.009096217228 0
7604 2357.015540190844 2518.709500319303 0
7605 2329.036005363204 2371.106796592359 0
7606 2626.779920325085 2469.022909502499 0
7607 2693.921873528136 180.0782425505963 0
7608 3136.293842024998 2878.276525124404 0
7609 2451.055986807598 2537.752015053678 0
7610 2556.741277404755 2398.400805067644 0
7611 177.3881449165447 3326.69920783365 0
7612 2784.973352214018 4657.651146073928 0
7613 2409.886930124497 2460.352205089117 0
7614 2407.666865947813 2607.838188794376 0
7615 2051.61041896487 4920.209921852572 0
7616 2892.970549955943 2813.202152941218 0
7617 4750.860235739345 755.2657815236466 0
7618 2568.219219394645 2477.633010537541 0
7619 2488.452367134929 2599.068708206237 0
7620 2544.711442189235 2519.110553269098 0
7621 2649.238828285503 2502.996861299976 0
7622 4044.7700205862 4916.735612381553 0
7623 2712.748894104391 2610.363078575851 0
7624 2540.705646905107 2646.695481787501 0
7625 4921.691251206061 3250 0
7626 2398.389394960703 2454.697387420163 0
7627 2593.698681489672 2639.514999489655 0
7628 2525.827191521105 2396.461669103892 0
7629 1209.992963386627 4828.198635979938 0
7630 2405.658518800456 2459.520442608211 0
7631 2719.095920506139 2500.512922113876 0
7632 266.2726913924516 519.58334577954 0
7633 2437.418742947516 2488.689049827673 0
7634 2403.409032125525 2553.398271953362 0
7635 2594.323814394541 2594.868918768399 0
7636 2377.713447261614 2623.93519229142 0
7637 2405.544199578462 1834.375315425109 0
7638 163.6550279355642 906.9135931004284 0
7639 2359.768068043328 2529.576640444976 0
7640 2532.738392930708 2712.476580739677 0
7641 2355.803670255405 2485.0443331413 0
7642 2445.892663285673 2506.052580119468 0
7643 2929.285623910119 3299.737821912117 0
7644 3700 164.2611564204039 0
7645 2651.755184899563 2488.255253906868 0
7646 2627.270687689878 2683.371236612423 0
7647 132.4574088011341 3523.799283233087 0
7648 2465.617125099863 2896.251232113575 0
7649 2425.711947955621 2926.631242030127 0
7650 1981.526770337605 2528.609069603718 0
7651 1947.07131704915 2568.531838786421 0
7652 2559.075480383472 2497.324459706654 0
7653 2592.027775579404 2799.172566925517 0
7654 2510.155813781985 2478.356819490642 0
7655 2360.291715609002 2510.201906675645 0
7656 3445.567690202923 4919.919027209639 0
7657 79.18809580011839 150.6707584932146 0
7658 2648.950902053508 2510.903433516949 0
7659 2350.126274324005 2478.4605107558 0
7660 3457.972288453802 249.4698363927087 0
7661 2378.480417623516 2532.554292058431 0
7662 2592.925813546333 2544.601666453112 0
7663 2633.131546112714 2478.912812275103 0
7664 2641.339330425716 2475.034075581811 0
7665 2699.209001590532 2528.908895759364 0
7666 2644.612536051935 2495.499153530258 0
7667 2606.19523207872 2461.494216364896 0
7668 2640.280366353306 2506.225195401875 0
7669 2617.613006425909 2556.215804870365 0
7670 2621.536348845731 2454.761038094456 0
7671 2624.12467362004 2455.588414934071 0
7672 2446.262059159514 2476.744170371538 0
7673 2444.505585679526 2474.302632422785 0
7674 2434.243987022328 2215.38467399779 0
7675 2376.395089010871 2560.687636309953 0
7676 2319.41661598702 2619.597665767968 0
7677 2715.443628531807 2408.294645310581 0
7678 2183.862746795587 2463.49394252851 0
7679 2572.524521912085 2465.989657214376 0
7680 2399.371768272255 2570.538604724167 0
7681 2432.952415086326 2461.482773894972 0
7682 2388.417257888377 2455.385470182663 0
7683 2429.616461762223 2450.711687566345 0
7684 2612.903444540447 2639.92909589238 0
7685 2622.715132647998 2652.907660511905 0
7686 2634.459761313111 2666.942890411216 0
7687 2997.68593134406 2626.677101858712 0
7688 2625.238818824855 2532.006628138159 0
7689 2645.032895766346 2519.276635688715 0
7690 3095.122509950087 4833.948173335307 0
7691 2420.885139702252 2441.961556476209 0
7692 2629.346619942876 2525.778912845564 0
7693 2104.739878863814 2705.417700521423 0
7694 67.94332615817757 4050.285937965837 0
7695 2542.032313805491 2521.923900606964 0
7696 2676.873085765687 2935.626726072701 0
7697 2693.682966727215 2658.707849449069 0
7698 2561.681518569534 2491.033461898035 0
7699 2575.571711210412 2538.967141865453 0
7700 2758.441759677095 2633.074234309391 0
7701 2523.561495486288 2480.067766868746 0
7702 2430.698581958632 2524.121526065967 0
7703 1825.03843896357 2957.596161593772 0
7704 2346.553509580646 2483.307628309782 0
7705 2365.358800960284 2521.938907306488 0
7706 2933.71317041369 1892.617285177809 0
7707 2630.05330177294 1780.034795073092 0
7708 2450.729659028465 2530.961070449211 0
7709 2368.329525732581 2474.077225479761 0
7710 2606.302270232431 2825.029502779601 0
7711 2436.60676798059 2481.317306415317 0
7712 2376.256708418829 2945.481424384413 0
7713 2455.546586767546 2434.244345755208 0
7714 77.65940276407855 4746.907632025066 0
7715 2331.600564325063 2475.563538483609 0
7716 2403.79115755066 2546.930082399596 0
7717 2680.027233445199 2365.837179848886 0
7718 3303.64086166211 2291.687471851309 0
7719 2428.415219698503 2734.448986774438 0
7720 2642.714701474348 2500.844506034482 0
7721 2649.161509386123 2508.196727701624 0
7722 2650.879596509283 2505.712873967331 0
7723 892.3701038715662 167.8775181889191 0
7724 2492.706433317979 2498.234136233836 0
7725 2657.331843802972 2414.703099545215 0
7726 2618.069207605308 2546.185552068273 0
7727 2208.850518170279 2351.196885776168 0
7728 2649.097782639853 3817.724552083812 0
7729 2507.359567879828 2526.155082770413 0
7730 2428.25386627427 2527.371058377111 0
7731 2427.564315106707 2626.305810560186 0
7732 2445.158459437774 2401.922886495124 0
7733 4824.993132686988 2551.890472852636 0
7734 2644.130706401215 2491.071810469471 0
7735 4903.327913938918 4425.446319218678 0
7736 4924.831432380493 1850 0
7737 2559.952270368117 2428.904926763722 0
7738 2423.632825860401 2535.526075910637 0
7739 3335.294877141545 2518.512860688351 0
7740 2560.735691806444 2524.962830100457 0
7741 2445.297809109379 2544.186054511926 0
7742 2447.351384105577 2540.451916694522 0
7743 2711.508690474333 2517.471152661934 0
7744 2146.645468589865 2201.322249678978 0
7745 2610.507763499921 2024.406196233538 0
7746 2569.742017489907 1983.422480200735 0
7747 2435.38428162627 2534.890714322029 0
7748 2382.391510642018 2577.86572511892 0
7749 3277.342566688702 2815.216278668956 0
7750 2361.448054901691 2558.794840909233 0
7751 2100.121031319606 2793.648437755237 0
7752 2588.687988673302 2577.437693758888 0
7753 2622.069037042176 2536.572813258801 0
7754 2393.800270901073 2453.349832661938 0
7755 2413.980454618597 2438.344341181487 0
7756 2628.366838084361 2452.235238958744 0
7757 2385.410310064537 2543.885798687165 0
7758 2409.547510955369 2539.666751398568 0
7759 2447.427472746338 2517.297904492729 0
7760 2361.875885455622 2490.78120062811 0
7761 2462.6050624366 256.1459641200026 0
7762 2646.7649921747 2487.65137868728 0
7763 2858.237111623109 2262.665057932558 0
7764 2604.811958093185 2544.200443190923 0
7765 2311.916739032654 2473.628042143184 0
7766 2472.956491126736 2639.711129372663 0
7767 2406.712787318416 2449.513554408804 0
7768 2463.186265908039 2297.515142574766 0
7769 2426.466175403602 2528.882986950507 0
7770 2960.984819434567 2592.874582097972 0
7771 2180.807827558342 2227.107402580349 0
7772 2481.877388937604 2628.8479038328 0
7773 2408.833277057133 2453.686655510943 0
7774 2602.254510835194 2423.315165553024 0
7775 2605.137645683717 2755.526001272979 0
7776 2355.922170845151 2242.20393824551 0
7777 2637.843253225587 2553.723595222285 0
7778 4834.840136421783 387.9341572097446 0
7779 2275.805460147307 2075.155158037278 0
7780 262.7113049931108 1601.621705301305 0
7781 4920.827776508419 3345.588584943106 0
7782 1997.262831090272 2154.026718785543 0
7783 2168.298603512143 2414.57469793415 0
7784 2591.097167577176 3078.601817792355 0
7785 2543.788802900311 3139.88258099183 0
7786 2604.2536389212 2461.172987279553 0
7787 2690.57846304016 2286.095604620674 0
7788 2740.357627197112 2470.853828325955 0
7789 2499.246417237602 2403.893481605563 0
7790 1850.275223583779 4931.11205943632 0
7791 2370.588672980124 2525.649286026626 0
7792 3108.584178717977 164.3448360710968 0
7793 2600.557416204264 2393.58328300377 0
7794 2585.897448148728 2398.563700666586 0
7795 3029.169259620903 2723.31430627716 0
7796 2628.247962333383 2467.941218537573 0
7797 2468.149433110929 2562.970161552746 0
7798 2476.264504312974 2563.724681866446 0
7799 2480.50826571174 2571.822414225791 0
7800 2395.040588998253 2395.277134490693 0
7801 2449.210452082236 2390.532465886794 0
7802 2408.537138969657 2563.253602268578 0
7803 2572.237991945537 2441.123373749844 0
7804 2050 73.70906121900271 0
7805 2519.297729854022 2631.243511027426 0
7806 2562.887504028651 2482.940955458871 0
7807 2324.491948780146 1939.689937259466 0
7808 2601.266381568901 2459.338356412671 0
7809 4925.415550256543 1441.877771596763 0
7810 4371.319558445516 180.6088219990402 0
7811 2358.81070058869 2478.160905454438 0
7812 2324.509211930816 2636.044899597441 0
7813 2371.969545323623 2529.482106324932 0
7814 2576.411359657124 2422.412753138766 0
7815 2439.363473932441 4924.368596523436 0
7816 1721.147686830597 2952.64595532098 0
7817 2340.545306618406 2526.928042055439 0
7818 2603.028547168915 2562.868937737211 0
7819 2534.18175030336 2468.975098381726 0
7820 2585.854835274876 2427.27301194499 0
7821 2456.31082276401 2487.494932293052 0
7822 160.486097642698 2711.132460803302 0
7823 2209.973891330925 2576.219938352317 0
7824 4372.89490611359 4743.406490467496 0
7825 2611.935799895513 2461.034273928667 0
7826 2205.960638314174 2653.42236849269 0
7827 2606.416419655337 2410.977779395377 0
7828 2399.431614118799 2558.220004331276 0
7829 164.0318878383059 1997.305900452292 0
7830 2392.944047818543 2541.89115046457 0
7831 2549.815762280378 2513.891143687571 0
7832 2363.184505540412 2516.990641059049 0
7833 2401.359565221894 2457.019713197561 0
7834 2564.818610794343 2520.754419920846 0
7835 2595.740228132416 2554.529274769069 0
7836 2405.518550444161 2540.368015242708 0
7837 2096.126881512905 2404.512514774087 0
7838 2343.648954158788 2431.529754124444 0
7839 2515.182004853684 2502.614849326027 0
7840 3707.841167571989 4835.013862398302 0
7841 2381.015016760726 2538.478744731095 0
7842 2711.414230537095 3683.762172106397 0
7843 179.1029296751922 1523.613902127229 0
7844 2593.193236977127 2453.788613935305 0
7845 2555.035980545258 2504.74435834867 0
7846 2252.464671672362 2397.795023360733 0
7847 4834.856492240191 1098.149107564016 0
7848 3406.337516991996 2600.883320745496 0
7849 2641.552563461674 2567.273622210593 0
7850 2016.735929894831 2420.911549583866 0
7851 2383.970698547869 3320.462228441276 0
7852 2454.18154323916 2508.617147153584 0
7853 2419.334655343257 2403.638930142508 0
7854 2422.418444248302 2023.315275168022 0
7855 2375.685374371742 1982.529286180437 0
7856 2609.832283894994 2539.57669112372 0
7857 2680.168802318199 2485.320501786795 0
7858 445.1211499357155 4921.661670448642 0
7859 2570.108826999137 2539.462117654286 0
7860 2507.069945975737 2726.613617462559 0
7861 2385.647843859827 2898.102783764655 0
7862 2410.561347365893 2719.370056604966 0
7863 4110.302308788196 158.7903819961839 0
7864 4839.675723573711 3890.921026963767 0
7865 546.3685342083916 4918.344575848792 0
7866 2356.281140476036 2516.136233339863 0
7867 2040.627109855165 2795.314386817135 0
7868 2440.272333924227 2481.809418603128 0
7869 2385.445395583942 2463.597432053493 0
7870 4843.842660875702 4605.03910163492 0
7871 2593.281497113429 2459.597018956535 0
7872 2412.343577255536 2550.038160713921 0
7873 2354.899702123479 2569.339063308548 0
7874 2569.421695721274 2571.637182440815 0
7875 2073.587068318626 2431.146030392213 0
7876 2363.973998708087 2532.012436969216 0
7877 2682.629489572766 2390.388512532255 0
7878 1487.728048992551 4838.520834858693 0
7879 3129.21711614235 2488.711507398044 0
7880 2358.77179757712 2441.725973523374 0
7881 2378.627855367356 2456.107236926803 0
7882 2355.343219571304 2494.801368020873 0
7883 2433.574983282466 2521.694109781702 0
7884 2293.975961657008 2445.408918415967 0
7885 2235.242381518536 2510.024041614954 0
7886 2476.972233021826 2422.435625752358 0
7887 3291.571740389679 2673.197011801405 0
7888 2552.706576858627 2489.8262329687 0
7889 2153.231326612483 4915.595170635092 0
7890 2557.703765939617 2415.465194830522 0
7891 2714.575064488173 2553.533084213058 0
7892 2536.828577716575 2531.19020522446 0
7893 2658.551915788735 2437.27550441612 0
7894 2392.367824677509 2459.817999433045 0
7895 2446.340983020651 2712.14623021028 0
7896 2292.386497478376 2484.480970067655 0
7897 2549.160630567308 2502.378520608853 0
7898 2283.407752020661 3041.127528526265 0
7899 2559.799940239018 2493.725618389401 0
7900 2487.658616350018 2342.563966255775 0
7901 1993.821610420879 2784.426712456945 0
7902 2906.288806848991 3131.602451967112 0
7903 2837.62471188568 3237.425156748745 0
7904 176.8596650219201 1272.244397963084 0
7905 1976.595216151399 2605.891102722879 0
7906 2568.831982099698 2473.655920744754 0
7907 2623.751387650862 2533.012511165472 0
7908 246.812150130098 4932.574439644407 0
7909 2792.790476253168 2354.728827770636 0
7910 2351.209908272132 2512.4636633561 0
7911 1556.428645963295 80.08201831025053 0
7912 2559.198088763025 2502.313811489681 0
7913 2310.148315386624 2492.746058326821 0
7914 2337.543563060164 2516.406238857124 0
7915 2816.826372002859 2581.709323003273 0
7916 2867.228920581381 2675.857475682813 0
7917 2553.74561121639 2458.92145766672 0
7918 2552.686172096871 2407.008297863156 0
7919 2389.856488726371 2445.645221773222 0
7920 2478.585228814779 2466.15696660033 0
7921 2356.900330257579 2529.796586415969 0
7922 2631.17202576429 2524.219778668943 0
7923 2380.358599032412 2451.535575708937 0
7924 2387.526826896903 2548.479305373313 0
7925 2630.261212393887 2457.151935689424 0
7926 250.5593632986497 65.19021509730828 0
7927 2583.74345930439 2336.062479704286 0
7928 2483.767436110974 2529.562613950774 0
7929 2524.591272147979 2000.802271884668 0
7930 2222.102558941699 2995.005164176426 0
7931 2378.425051640423 2465.612045662836 0
7932 2417.499910503862 2538.849633874223 0
7933 2598.953619896083 2384.588051343813 0
7934 2798.825993440598 2567.655705377952 0
7935 2559.242605500488 2500.390444136407 0
7936 2841.616270567574 250.8293978498909 0
7937 2282.537050176792 2522.12829910909 0
7938 159.7525403557493 3797.429728063939 0
7939 2598.831009016362 2459.200478187234 0
7940 2066.477345335803 3078.178804424403 0
7941 4837.372530139255 3609.005804631091 0
7942 2422.582788378396 2461.623627031627 0
7943 2562.188371550693 2571.928886116425 0
7944 2873.125532749295 2852.48673980384 0
7945 2642.214905925907 2470.631422055107 0
7946 2645.215867462866 2470.593456325649 0
7947 2679.298004191827 2822.904446631634 0
7948 1966.786393629362 2741.640406614096 0
7949 2605.246449398399 2586.293281472644 0
7950 2444.821947429779 2601.694228590906 0
7951 2523.778406570865 2406.988215048818 0
7952 2132.064369329173 2072.045978246058 0
7953 2298.054536866651 2557.018491564518 0
7954 2313.864870846252 2716.147943200127 0
7955 2063.764536572073 2596.669904012748 0
7956 2562.876841180278 2663.633107637537 0
7957 2646.937802311407 2609.611843602571 0
7958 2195.525746782858 2951.307392167059 0
7959 2440.496074574613 2551.032969157887 0
7960 2455.896278274568 2458.999990928759 0
7961 2370.916517390851 2664.204072045827 0
7962 2503.793535744006 2568.774483246888 0
7963 2588.493300660715 2431.80989684737 0
7964 2435.590003291158 2558.83385858229 0
7965 2618.805633974323 2586.605021043497 0
7966 2596.45793668473 2430.128857758408 0
7967 2658.494949695406 2532.753473221371 0
7968 2333.379034160231 2596.747968723175 0
7969 2395.278994809786 2568.383429013309 0
7970 2595.052139450514 2167.655752269153 0
7971 2687.708677378163 2568.574418229039 0
7972 2588.315553692166 2565.758816130246 0
7973 2658.573416978627 2478.48385410109 0
7974 2579.602176515998 2449.674105659983 0
7975 2385.389643840163 2434.511425714578 0
7976 2390.86644553342 2434.496805629006 0
7977 2889.213311348214 2327.808207548514 0
7978 2640.497117165132 2349.06432121855 0
7979 2376.16045955682 2437.488292600588 0
7980 2568.222726727836 2456.543576238571 0
7981 2455.93772868568 2564.264381964847 0
7982 2642.397554192744 2496.29031361309 0
7983 2367.850168923946 2440.420041393484 0
7984 3092.2734688545 2061.403174388771 0
7985 2606.323746774431 2551.925358284725 0
7986 2460.708040306185 2559.492383613176 0
7987 2692.682244848036 2422.964588533693 0
7988 2604.156357723955 2446.442520387921 0
7989 2403.799540687357 2336.135525831238 0
7990 2558.085054040371 2514.011690838601 0
7991 2767.614956137008 2434.167763497017 0
7992 2622.308034895646 2539.311914899879 0
7993 2363.706520372393 2526.30581758983 0
7994 2747.183951875834 2712.146023799407 0
7995 2645.643008510744 2441.947493985174 0
7996 2558.12242569201 2474.871389193429 0
7997 2423.355289064139 2445.652802056767 0
7998 2425.56809458205 2535.395363220946 0
7999 2840.76555488848 3767.75017896335 0
8000 1873.305510488236 2131.060799958227 0
8001 1921.414380601836 2184.271726498585 0
8002 2329.803037609459 2535.744799645262 0
8003 2670.222173181731 2532.65981674473 0
8004 2377.57484902391 2544.855965390571 0
8005 2376.702612290035 2542.248784940425 0
8006 2334.841640539993 2531.500677516225 0
8007 2430.439028160673 2446.705709985409 0
8008 2398.982757872877 2447.032391906532 0
8009 154.728049455819 4507.940733922735 0
8010 2452.946314275845 2501.648565884145 0
8011 2361.213437978942 2512.400661200033 0
8012 2422.18356912105 1765.059816139712 0
8013 2576.718143457102 2533.200468743813 0
8014 2511.09952002738 2484.883157496054 0
8015 1809.686110371812 2074.566957217624 0
8016 1655.640588051286 76.20897041517856 0
8017 2303.106108487605 2479.940039650064 0
8018 2436.28382533751 2603.176904775953 0
8019 4842.81412909091 2798.319938994591 0
8020 2563.698338332593 2481.501824013004 0
8021 2640.280407164105 2714.17179581535 0
8022 2533.742920569518 2446.339806571807 0
8023 1802.692467009556 2387.067491420036 0
8024 2320.967961007824 2158.044137643498 0
8025 2612.423002937601 2551.748251398196 0
8026 2456.966338550525 2467.057033617479 0
8027 2388.831916332783 2578.008699511067 0
8028 2589.237656105332 2552.270003081812 0
8029 2566.135851476665 2536.70697086562 0
8030 2430.126204998642 2544.596186447462 0
8031 2598.524134711517 2447.930509018049 0
8032 2470.811649781669 2550.313448822638 0
8033 2333.238314824837 2503.496449453077 0
8034 2927.041234311363 2531.071773341756 0
8035 2335.121143161209 2409.761172253453 0
8036 2631.587027371162 2544.892690306158 0
8037 862.9351979297912 4833.417700731172 0
8038 2438.236256416756 2564.60985966136 0
8039 2227.943728490647 2580.983133886497 0
8040 2458.960623705758 2474.257966781002 0
8041 2354.48407690137 2518.00696704427 0
8042 2743.619117698853 2619.3319401208 0
8043 2582.339547476935 2534.850783396175 0
8044 2558.506046746501 2458.221588899464 0
8045 2319.886499351713 2420.686284022793 0
8046 2442.416717415213 2494.670715271405 0
8047 2633.322037084974 2523.700717483126 0
8048 2708.044815299007 2525.4878546071 0
8049 2411.606832067994 2460.879261223936 0
8050 2142.954331937968 2787.265262782204 0
8051 4718.529516170334 161.344481521357 0
8052 2776.489224310199 2576.729858300937 0
8053 2561.76963094493 2518.707515442662 0
8054 3356.804999825786 2795.457649358863 0
8055 1979.170360524984 1812.59950481615 0
8056 2442.815445794235 2511.520088762368 0
8057 2573.799863184347 2528.977670647123 0
8058 2336.177592178115 2554.328483445539 0
8059 2445.907736255587 2536.9289872964 0
8060 2598.78989038847 2554.361298643331 0
8061 610.4121412928218 158.0362400280355 0
8062 2568.649520387965 2536.892055618244 0
8063 2431.866868525663 2528.017727861048 0
8064 2614.676685491051 2538.082603981852 0
8065 2442.858571605291 2554.791684465891 0
8066 2709.900532803096 2581.655564104627 0
8067 2640.748510607347 2512.428964451958 0
8068 2641.554558060751 2510.175211963738 0
8069 2520.835753296763 2517.560424376439 0
8070 4435.154846308554 4924.167069332563 0
8071 2572.251761496286 2542.212596729997 0
8072 2629.438852049718 2528.975897263127 0
8073 2668.67607186978 2522.810356644287 0
8074 2434.300515943851 2445.322339091377 0
8075 2632.294209743187 2450.296597318471 0
8076 1854.801139594479 65.1361088834301 0
8077 2373.83604304459 2269.280543961307 0
8078 2538.61731611055 2600.817961506585 0
8079 2371.537883716859 2559.522888222215 0
8080 1854.312790782155 2626.474929629595 0
8081 2958.627776454404 1802.458747629289 0
8082 4844.948676827661 2091.584835435002 0
8083 2462.612884907775 2669.142401249365 0
8084 2540.275122473929 2475.694404249822 0
8085 2870.235920765784 2898.658764026779 0
8086 2357.729702074149 2501.318637377657 0
8087 4600.808351305304 4853.791439284828 0
8088 2380.664375270785 2560.767887858371 0
8089 2570.974893811141 4720.503163145058 0
8090 2590.380239629356 2450.912127091807 0
8091 2623.539084305351 2398.096167231144 0
8092 168.593756947495 2349.114066992914 0
8093 2292.253959253178 2336.844507916207 0
8094 2364.134383192893 2484.90382957282 0
8095 2361.994039642758 2485.150469797242 0
8096 2354.668566297149 2464.464353188667 0
8097 4256.747216007579 4774.139377810674 0
8098 2381.057563900802 2430.472792335538 0
8099 2550.75558806204 2701.039309071455 0
8100 2584.592532735503 2462.200701814611 0
8101 2438.404360307425 2487.305867781588 0
8102 2427.533159068134 2403.637166205764 0
8103 64.13147665527049 3052.715728202556 0
8104 2790.925801895749 2149.341629872611 0
8105 2696.417322226052 2388.119412114767 0
8106 2622.450814024799 2457.76316766431 0
8107 2710.212257572061 2597.25194208937 0
8108 2826.013294536844 1789.432421061622 0
8109 2822.080192928301 2534.260239500802 0
8110 2924.108884995043 2406.731666152966 0
8111 2581.860864765642 2459.661257830706 0
8112 2362.025141776928 2515.416775675693 0
8113 2627.838766365529 2472.958442796515 0
8114 2899.122876948114 3634.528012222968 0
8115 4939.066736341809 4248.83345177358 0
8116 2703.243091142962 4673.108355847047 0
8117 2657.3473678336 2454.071510001521 0
8118 2614.83854602093 2594.336490986875 0
8119 2495.804662487573 2480.593205687197 0
8120 2546.688925396547 2456.635030085907 0
8121 2447.522185982984 2479.372601068263 0
8122 2941.669148850543 2215.654467052288 0
8123 2580.528577799707 2391.455971616337 0
8124 2440.717454580072 2503.051523167003 0
8125 2571.028871170926 2390.273624223826 0
8126 2584.300166067777 2537.5700985695 0
8127 2585.643130382507 2571.531711998063 0
8128 2637.701626626095 2408.837938498203 0
8129 2268.474503488627 2493.816667126363 0
8130 2341.495375049023 2373.002815996543 0
8131 3987.401655093374 4845.500931997594 0
8132 2356.609329841718 2563.307160360728 0
8133 2508.940653844068 2435.438997594474 0
8134 2502.208908292151 2426.194399917995 0
8135 2666.653898640288 2528.415496091761 0
8136 2274.304873498474 2465.948107641678 0
8137 2600.026856119967 2542.620148467206 0
8138 2266.509548241259 2271.586794511594 0
8139 2573.085474865278 2469.64637000888 0
8140 157.1637958848578 3423.670642072267 0
8141 4843.963690650536 1009.762670296541 0
8142 2550.059825020617 2488.013236920914 0
8143 2483.173093339798 2517.808707751035 0
8144 1736.616408793033 2567.528070257615 0
8145 4926.082305447039 3553.341910858942 0
8146 2764.836602240448 2355.968077254638 0
8147 2383.725878922243 2462.66090168657 0
8148 2555.18965378203 2550.236046152993 0
8149 2620.539317670694 2602.330795594684 0
8150 2363.958033272947 2442.181835610158 0
8151 2597.671538461232 2542.499978144844 0
8152 2460.977570191908 2481.986614340936 0
8153 4843.065092064444 3184.516274717737 0
8154 2978.898413800319 2678.825299728001 0
8155 1712.942773375672 2865.996544572013 0
8156 165.034381556392 417.2834400553675 0
8157 2555.517842231817 2475.839907341107 0
8158 2576.219195795561 2462.725891538235 0
8159 2001.726968902562 2568.680102993234 0
8160 2465.006933123592 3163.508903481986 0
8161 2896.182823404343 2276.061466423743 0
8162 2704.075469137518 2400.588833765196 0
8163 2116.800447216115 2753.750605945024 0
8164 2577.508064880838 2461.323571570957 0
8165 151.8528297985827 1006.392005507521 0
8166 2397.007708094849 2385.701122426287 0
8167 2579.824070421626 2533.320656629238 0
8168 2573.080618445295 2532.014826973065 0
8169 2364.98368240555 2479.041838479243 0
8170 2442.041964095928 2526.085788014679 0
8171 2400.938918080814 2551.530007636578 0
8172 2398.938820434099 2549.774038580231 0
8173 2373.412417827802 2424.840053193805 0
8174 2402.627825547603 2458.261324651538 0
8175 4840.615922056943 706.4873072829575 0
8176 2413.15443917656 2615.254166976959 0
8177 2295.989005690623 2404.750308489439 0
8178 2459.340885302897 2953.079773371372 0
8179 1240.577977660922 155.5736044040932 0
8180 2267.210027142452 2366.412858469473 0
8181 2329.34350400368 2950.56584113841 0
8182 2557.995931476977 2555.534182459402 0
8183 154.3461702141653 612.0359197616317 0
8184 2379.732520184614 2535.024018757961 0
8185 2367.471023398376 2558.383172428752 0
8186 2373.421288222351 2542.535689206677 0
8187 2572.475045743235 2448.857601319571 0
8188 2440.299118692172 2493.778447311036 0
8189 2544.337600501556 2548.30482464109 0
8190 2558.426143851634 2515.692501608726 0
8191 2712.709835444112 2508.370631788723 0
8192 2422.071731186619 2463.435165499342 0
8193 2366.016493474146 2518.784389695034 0
8194 2702.389399618304 2303.789872872991 0
8195 2571.869980975827 2526.866090901673 0
8196 2579.820197881198 2418.115339413906 0
8197 2565.200261986834 2478.589211671703 0
8198 2560.558902464391 2550.779366479616 0
8199 2470.257581398304 2489.996292925989 0
8200 2398.328787586099 2540.831770342265 0
8201 2475.359902347886 2477.936515119593 0
8202 2650.31997165654 2500.320239065719 0
8203 2238.753410773147 2314.250415643412 0
8204 2357.364418317271 2495.364168846836 0
8205 2357.557329614528 2504.836784183657 0
8206 2358.699195947035 2505.81355487906 0
8207 2283.904171265659 2425.410835980208 0
8208 2686.116110246624 2378.765211629231 0
8209 158.1448866316641 278.8504884371837 0
8210 2423.062767298079 2533.565847627111 0
8211 2636.021427634064 2481.752429899404 0
8212 2613.415699660556 2442.468547983503 0
8213 2216.376307185178 2777.218174283734 0
8214 2404.826646184642 2561.546934614337 0
8215 1118.3226143102 4839.134157560409 0
8216 2360.35813897966 2508.693219046792 0
8217 2013.874841869612 2500.741224020034 0
8218 2439.001259590499 2483.236969885549 0
8219 2376.53697471481 2575.73288783727 0
8220 2548.82536522115 2483.444643927613 0
8221 2577.69911922497 2565.527616529136 0
8222 2276.009719332218 2569.697238403765 0
8223 2619.861681077251 2533.565221626688 0
8224 2329.895540639562 2648.697550239171 0
8225 2804.777800994974 2105.985180919943 0
8226 2846.849104967237 2096.510962920406 0
8227 3007.476084506051 4846.561819978403 0
8228 2596.471859926722 2459.424746917164 0
8229 1896.492394280229 2266.614755644363 0
8230 2438.330481784736 2481.851456771538 0
8231 2679.042578915452 2517.662669070583 0
8232 2675.214344450126 2522.161283895892 0
8233 2439.965292826371 2570.239703205682 0
8234 2804.251753504248 2625.13299489743 0
8235 2430.872325256088 2668.682912165862 0
8236 3079.755954738314 2469.530075827711 0
8237 2555.986993762423 2439.971258971507 0
8238 2536.789655860932 2502.228003715426 0
8239 2539.262104502492 2499.438537519348 0
8240 2494.812467685995 2418.080532504272 0
8241 2530.625891884331 2472.953247454969 0
8242 2369.708628926011 2472.758298587051 0
8243 2433.357104032655 2588.387581278846 0
8244 4847.888692813314 306.7571239176546 0
8245 2373.771755414615 2453.951854387899 0
8246 2413.468929896055 2564.419855641816 0
8247 2819.456327404656 2375.524450642141 0
8248 3025.266094381639 3410.345715809849 0
8249 2434.370399551807 2464.283639467231 0
8250 2845.86807680159 2533.526590237437 0
8251 2480.309946764938 2589.539031443845 0
8252 2327.224925306194 2343.714538005345 0
8253 2529.178336621797 3069.370418946618 0
8254 2529.76703302473 2478.192613025959 0
8255 2607.210715363385 2418.976321745532 0
8256 2391.892596913478 2438.37851737869 0
8257 2505.92934151967 2517.382235861265 0
8258 2606.634716057431 2458.278354053704 0
8259 2325.701379283587 2068.713349778371 0
8260 2123.670976057009 2311.457132732323 0
8261 2463.313455282925 2390.790700989823 0
8262 2403.569378248881 2434.672833031964 0
8263 4840.350633482816 1726.890342653193 0
8264 2682.906254624258 2468.472694990112 0
8265 2415.216722023551 2550.666416614341 0
8266 2397.124502040212 2544.943612568343 0
8267 2643.772449191491 2493.165195159882 0
8268 3558.803043438547 233.7998215859807 0
8269 2430.868654045365 2639.824993375972 0
8270 2256.683094516389 2790.07468856109 0
8271 2433.654447627206 2523.15261427807 0
8272 2595.662856475325 2542.072741452484 0
8273 2413.898712099201 2448.579445575243 0
8274 2305.894715657194 2505.500759160393 0
8275 2241.825998278408 64.85137187136206 0
8276 2152.776319312545 2526.147747077806 0
8277 4843.510101916825 2452.264577065757 0
8278 2428.633242875376 2469.089407071545 0
8279 2373.372647705234 2530.53455230313 0
8280 2545.194791118263 241.4586394881012 0
8281 2384.952358616963 2537.859123670532 0
8282 2560.486385950942 2485.658262483538 0
8283 2436.5439042966 2518.154477896893 0
8284 2172.484506901559 2503.964414437387 0
8285 2434.472148813472 2518.496773304148 0
8286 2819.671121547957 2905.794504817516 0
8287 2434.799401260497 2459.421908572029 0
8288 2639.746153041104 2509.206239997995 0
8289 2543.403880235763 2499.922163673149 0
8290 2327.82723988862 2415.916166045811 0
8291 2454.414580652492 2530.288167627667 0
8292 149.0287253620827 1699.71073256119 0
8293 165.4259865466765 4149.977406683456 0
8294 2601.879608726501 2557.76519035918 0
8295 3200.000000000004 147.4368071870917 0
8296 2377.774815696374 2755.026006320687 0
8297 2431.864223375863 2472.40867422534 0
8298 2650.094939950417 2518.827214375785 0
8299 2539.183557335904 2525.857484409828 0
8300 2551.3711544474 2811.755064703795 0
8301 985.0699196587307 156.9240656160973 0
8302 2381.469672857163 2611.315759380306 0
8303 2605.193962832114 2566.147692663799 0
8304 4930.850324471035 1346.085894252405 0
8305 2423.211435541914 2560.119935490371 0
8306 2419.892841368633 2562.104171547521 0
8307 2562.731646887066 2520.65765609708 0
8308 2504.078917558046 2446.15930386438 0
8309 2617.728010114934 2437.439486492095 0
8310 2350.008926215854 2697.234004474738 0
8311 1904.393279894212 1992.950501900845 0
8312 2485.066425860414 2512.091503971444 0
8313 2401.812652978706 2439.644400203604 0
8314 2575.373043430209 2609.385628657454 0
8315 2608.901268195851 2395.842861085549 0
8316 2608.253399647636 2555.410335251453 0
8317 153.9933492984592 2089.859884136064 0
8318 1921.957781124227 1931.553544125321 0
8319 2354.538490618098 3418.453421020648 0
8320 3379.137928084498 4843.331477848764 0
8321 2587.272020034131 2460.565575357542 0
8322 2619.362303764726 2544.062920568148 0
8323 4836.978404064503 879.1784178544499 0
8324 146.6387145436784 2799.999999999996 0
8325 2693.909059081592 2899.654138345729 0
8326 2621.192881658012 2440.723873555816 0
8327 2625.713351972937 2440.873939655197 0
8328 2592.811504583641 2574.116999120764 0
8329 2823.755388012044 2640.438001385725 0
8330 2978.706349447076 3626.3808884415 0
8331 2422.963150394241 3499.215172034907 0
8332 2324.759200551738 2738.432602823457 0
8333 2472.895157665006 2557.453479516475 0
8334 2561.303810883669 2474.112211367394 0
8335 73.2050807568894 4926.794919243111 0
8336 4926.794919243111 4926.794919243111 0
8337 4926.794919243111 73.2050807568894 0
8338 2514.918022386958 2508.848885944818 0
8339 2839.246356628714 1660.246162335797 0
8340 2561.445446727239 2482.601858246217 0
8341 2375.278146317033 2470.22147137557 0
8342 2540.807212615819 2529.732873754361 0
8343 2626.502038591851 2530.374689228459 0
8344 2574.364927339983 2541.177909285183 0
8345 2430.092979082897 2470.451364741918 0
8346 2437.513201597493 2527.962133791309 0
8347 4843.295879091633 3796.06157423293 0
8348 72.56771530074775 72.56771530074775 0
8349 2574.380544312872 2534.601192111948 0
8350 2561.900650130317 2486.029609639145 0
8351 2170.540118001911 2482.563108397613 0
8352 4926.352343514473 4575.158808825426 0
8353 2391.856113857114 2543.414383676072 0
8354 2350 4940.868313182084 0
8355 2638.884889234629 2468.029844336334 0
8356 2598.841713646057 2445.184140240828 0
8357 2639.031274946497 2483.589276415412 0
8358 2416.46683983098 2460.713857404176 0
8359 2499.852675369759 2953.095825600532 0
8360 2621.080051209341 2467.222204582682 0
8361 2654.442995466369 2568.427728036661 0
8362 2207.848524388268 2632.96784828973 0
8363 2115.687723645239 286.0622388860693 0
8364 2296.692786824046 2418.64484791322 0
8365 2473.636658091673 2314.590513490359 0
8366 2564.501791918055 2460.668983812761 0
8367 2286.961907245635 1830.638126764171 0
8368 2143.164802316252 2433.913842052442 0
8369 2357.836274274223 2496.90428801149 0
8370 2404.097399036501 2454.134984563579 0
8371 2530.178923215178 2508.679509013247 0
8372 2011.744469152114 3109.043009730946 0
8373 2535.036190234283 2548.331941659799 0
8374 2529.540829074491 2548.956522823256 0
8375 2534.15399529514 2554.033679071465 0
8376 2376.89125613276 2539.945113484849 0
8377 2445.208407553454 2518.640745054581 0
8378 2450.021463543382 2518.998011667994 0
8379 2634.60743599834 2466.806731604455 0
8380 2514.519429260909 2754.552718325942 0
8381 2352.77177811548 2493.909326902753 0
8382 3134.874087167492 2383.008526437523 0
8383 2582.617622335686 2537.848031729633 0
8384 2596.000491626829 2457.484933523189 0
8385 1862.916022696652 2367.573814691977 0
8386 1742.1566998884 4838.819877509161 0
8387 1679.935966419368 2548.318070301795 0
8388 2714.761419473999 2472.123713851152 0
8389 1401.188458199518 4854.268234797391 0
8390 2602.556422811126 2378.677423891412 0
8391 2362.108732392947 2553.170895057251 0
8392 2692.466484211972 2626.289215774284 0
8393 2426.709588366579 2467.515024195151 0
8394 2443.174615894052 2509.72204104355 0
8395 2626.455886821657 2533.034374410384 0
8396 2409.958808919198 2439.330721129956 0
8397 3614.838055492183 4845.327641079193 0
8398 2774.279062094696 2762.592863754401 0
8399 2548.228278395902 2399.686347679552 0
8400 4450 58.02798387636585 0
8401 2668.640163451162 2485.134047712515 0
8402 2413.508561568939 2539.954475218327 0
8403 2364.206348080551 2480.638966342243 0
8404 2352.072337946396 2491.29518565412 0
8405 2390.782844138291 2441.705330557234 0
8406 2719.197381049869 2488.242383311278 0
8407 2831.56417708703 2429.446619401503 0
8408 4200 144.4970696982832 0
8409 2340.528308522062 2607.14226793419 0
8410 2732.686884336095 2508.79100974883 0
8411 2473.049922902535 2331.838479763702 0
8412 2678.839507472998 2490.202305295255 0
8413 2404.79842574842 3590.317626987629 0
8414 2562.310942797431 2529.173539516839 0
8415 2440.701835138567 2501.427530855904 0
8416 2619.680631791403 2559.486761645205 0
8417 2597.971875095667 2620.47506165928 0
8418 3004.610952188882 3536.683322900065 0
8419 2608.365083379424 2291.235893874509 0
8420 2602.913222216874 2542.516518168081 0
8421 2654.21144718668 2490.269854600234 0
8422 2621.186962283163 2534.822397650632 0
8423 2005.329235637348 4851.279747464594 0
8424 1844.10062945191 2013.065720897084 0
8425 2532.169762886584 2464.25343823365 0
8426 3194.56779731716 2514.84421530173 0
8427 2384.708368490537 2398.603159347087 0
8428 2467.647747900871 2498.43130258963 0
8429 1640.646235166448 3109.93169351852 0
8430 2340.026870197671 2539.755180854846 0
8431 2358.552736219939 2492.376800853215 0
8432 2579.792138495391 2427.610560996278 0
8433 2900.635330099222 2390.809502151805 0
8434 2443.134837163077 2481.233419837582 0
8435 2436.524428006594 2474.035070128086 0
8436 2730.722669621482 2549.099950139867 0
8437 148.8892653788052 3890.699883480778 0
8438 2457.264683858964 2271.503703629918 0
8439 2402.922715656926 2600.940099424712 0
8440 2372.248057873501 2532.780631183574 0
8441 2393.703769495868 2458.101313764213 0
8442 2417.842971060482 2564.550289529337 0
8443 56.94250405105095 1350 0
8444 2896.641454771047 2772.391228188527 0
8445 3421.220874463912 2243.956557680992 0
8446 2777.613913567024 2539.138409770681 0
8447 2358.799269599468 2463.923647947038 0
8448 2773.047971069409 2067.35713849277 0
8449 2284.004569904677 2447.446643139316 0
8450 2381.097299325736 2464.176851442688 0
8451 4805.687932360525 138.7974519548102 0
8452 2665.560151745508 2488.684442466256 0
8453 2438.429663137496 2462.50207404185 0
8454 2436.226068992938 2530.50769384116 0
8455 2331.19492067726 2556.685168803054 0
8456 2621.227931770121 2430.347930804309 0
8457 2487.604545277791 2523.714450234724 0
8458 2339.311501055543 2483.28556734351 0
8459 2324.678006383613 2502.028067386927 0
8460 2591.626262865797 2427.87972230956 0
8461 2353.86440119014 2458.154505666 0
8462 4573.437865058761 4932.815504694649 0
8463 2457.086888971649 2526.388355847605 0
8464 2442.570157046708 2547.39130894064 0
8465 2384.278602628841 2426.080733998882 0
8466 2383.646492887232 2421.304088976558 0
8467 2348.409322363732 2497.908120948659 0
8468 2334.109040721261 1869.237529849525 0
8469 2640.129813342499 2470.04171053483 0
8470 2483.921922990484 2563.710141664104 0
8471 2390.35020898425 2460.820199759401 0
8472 2599.434800381723 2245.311946260638 0
8473 2753.29253277123 2427.00623745799 0
8474 2424.941399051876 2461.256941037104 0
8475 2571.090055000324 2557.824408245968 0
8476 2563.935000932627 2470.254814965047 0
8477 2113.165580170858 2424.405982919994 0
8478 2350.554315321431 2495.859006892272 0
8479 2427.629357941236 2535.948757498485 0
8480 2258.948626693139 2620.078302857467 0
8481 2584.290387633535 2744.545374424377 0
8482 2452.722928294705 2856.007143183286 0
8483 2560.368897627365 2577.004804378888 0
8484 2283.753916873947 2460.265007862693 0
8485 2045.696822143796 2569.470940792269 0
8486 2723.275738137818 2711.211054310819 0
8487 2349.71299262627 2490.860392328568 0
8488 2682.391145727446 2587.90496454955 0
8489 2527.35399052092 2565.861763728688 0
8490 2632.35958583264 2475.906159325285 0
8491 2633.438701428266 2474.87431129769 0
8492 2365.575923638546 2535.731543240059 0
8493 4851.587751562534 2707.623965548011 0
8494 2657.869574890073 2013.701430807979 0
8495 2370.516196093442 2468.944036643862 0
8496 2357.54080990379 2498.418034594024 0
8497 2312.829869314844 2426.93397850677 0
8498 2651.747228205436 2485.581010936491 0
8499 2561.677183281323 2522.549776230219 0
8500 2639.71580282865 2514.304299270075 0
8501 2336.204801030724 2426.971408479078 0
8502 1889.971652619769 2672.870557316417 0
8503 2371.831427724597 2544.951488590024 0
8504 2461.371583263399 2439.943750353714 0
8505 2670.756658675238 2450.589639535401 0
8506 2661.13035013892 2560.306164141683 0
8507 2609.510990246528 2781.005049330212 0
8508 4858.091754252442 3100.000000000004 0
8509 2637.016852530051 2483.359483319905 0
8510 2543.184915951324 2379.102394951666 0
8511 2751.378339533052 2343.976814328827 0
8512 2470.494775289406 3658.054089974591 0
8513 398.6906540246805 4857.156407097791 0
8514 2582.163941929492 2539.428355370301 0
8515 2500.377783900187 2204.759049722012 0
8516 2931.810267321606 240.4353932418462 0
8517 2432.944265805601 2466.068970770665 0
8518 2649.457481778662 2422.041139677691 0
8519 142.5153976360466 4598.012852420665 0
8520 2620.548934783098 2536.245977983517 0
8521 2571.913468993158 2471.155568746792 0
8522 2379.090740582914 2540.484704878505 0
8523 2553.335029124406 2435.283789790559 0
8524 2708.15530107786 2464.417186947353 0
8525 2710.320602198689 2456.02600095559 0
8526 2681.939998803911 2509.993465055014 0
8527 2639.542283512659 2482.13832119285 0
8528 2615.728341589241 2537.209082875847 0
8529 2637.848965878821 2518.309632307769 0
8530 2697.874820021389 2564.645314797817 0
8531 2660.895554623233 2862.174498101032 0
8532 2563.373721639035 2473.865770935713 0
8533 2380.230933949268 2462.552224445992 0
8534 361.0066428368991 157.9007322071602 0
8535 2402.809389651698 2459.62142947772 0
8536 2587.110346716936 2540.51149469337 0
8537 2607.175704286864 2460.349190139746 0
8538 2356.29611521684 2501.92348927637 0
8539 2513.273132430899 2514.380012771563 0
8540 2526.17911616149 2534.372747109676 0
8541 2526.054278002486 2539.247911476346 0
8542 2555.134973549194 2430.913513498323 0
8543 2443.983971584672 2441.277524922398 0
8544 2644.144681084195 2523.736981505826 0
8545 2591.836398579104 2543.152108529053 0
8546 2560.598517724393 2530.342611300452 0
8547 2578.397493347287 2618.163423570758 0
8548 2439.855747694875 2492.136932122722 0
8549 2592.215333729011 2553.956534249608 0
8550 2576.600065272294 2449.757989008795 0
8551 2627.504298247441 2445.243609057557 0
8552 2430.006939402983 2527.216763124639 0
8553 2280.164213026917 2666.481217359209 0
8554 2634.29462274664 2481.767725526591 0
8555 2628.594844256628 2466.361449888693 0
8556 4859.133633151529 2000.000000000004 0
8557 2541.714149654775 2496.897651954423 0
8558 699.9999999999964 140.8334612574158 0
8559 2592.142187970574 2588.423617058452 0
8560 2620.94949241376 2542.057103569106 0
8561 2483.961614111834 2579.860528521838 0
8562 2609.603521519253 2458.291561292087 0
8563 2609.510513575679 2456.658960706278 0
8564 2857.275065227112 2778.685366987381 0
8565 2560.139430954126 2515.670289015672 0
8566 2459.817629613397 2508.744957478625 0
8567 2574.732257287368 2570.109994897644 0
8568 2387.800840866978 2543.123479694767 0
8569 3110.235761069927 1974.323490312588 0
8570 2615.736737180463 2462.874983743384 0
8571 2305.425835797146 2498.079327414454 0
8572 2366.510483423038 2522.741579389313 0
8573 2620.645105937243 2546.661965243671 0
8574 3278.315207858712 4757.965569945596 0
8575 2659.811200388785 2543.989838641731 0
8576 2442.520413717231 2430.461384511345 0
8577 2587.372064637839 2542.175199994686 0
8578 2368.830845593237 2525.598819067503 0
8579 2637.54868079735 2519.915820775209 0
8580 2639.039754729436 2520.833515604122 0
8581 2429.540502813864 2410.887688283602 0
8582 2591.400643029016 2452.741246391235 0
8583 2660.190427137549 2482.257481359744 0
8584 2291.814366493776 2574.478753902764 0
8585 2736.926005503693 2188.09959380855 0
8586 2400.270789157129 2443.418485588008 0
8587 2458.973808157073 2339.229967139407 0
8588 2967.936368672712 3379.901472653093 0
8589 2386.983139636445 2461.206333764582 0
8590 2632.074543162623 2536.946524600068 0
8591 2492.821763980642 1744.652601976983 0
8592 2575.398173761612 2557.748384976435 0
8593 2541.637093051662 2513.294830122339 0
8594 2644.160599415918 2510.049110609322 0
8595 153.6380405134109 3169.661053844209 0
8596 2302.150744262661 2575.497717027433 0
8597 2329.512006709369 2442.411425681179 0
8598 788.4665585013156 4850.578389419175 0
8599 2718.660187952347 2168.234294776031 0
8600 54.80544618978547 3547.810836496004 0
8601 2660.672499391878 2573.556363476912 0
8602 2447.279498980072 2493.369534590348 0
8603 2358.375558107199 2494.472664290575 0
8604 138.5261080719456 1101.204546323565 0
8605 2406.967164617254 2541.752038261224 0
8606 2159.495248598205 159.024039143339 0
8607 2427.179542354451 2445.045917918728 0
8608 150.3238443340329 2445.951799248844 0
8609 2460.985857348679 2218.907742433363 0
8610 2449.792944385455 2190.672960686917 0
8611 2422.085038056933 2556.28096254713 0
8612 2235.451255957177 2289.253970874914 0
8613 2621.616426112766 2732.900009748704 0
8614 2406.3455432828 2543.357235219095 0
8615 2439.027618903211 2434.108323047374 0
8616 2402.774960186472 2371.596594548804 0
8617 2433.25522727369 2614.679822327092 0
8618 2150.008383710976 2754.405586671469 0
8619 2562.437169903955 2487.453806446021 0
8620 2535.018765876508 2614.257058429789 0
8621 2543.748925272667 2609.828509479225 0
8622 2554.281185688085 2546.415266633172 0
8623 2330.6285512248 2481.975111750857 0
8624 2432.672230644779 2520.632916936563 0
8625 2589.144194672522 2317.527062716982 0
8626 2427.374968347723 2550.123286706437 0
8627 2408.566785736048 2541.272384496893 0
8628 2711.288995720231 1677.036270212059 0
8629 2355.841959505914 2513.8301682642 0
8630 2620.756644750716 2465.036711991881 0
8631 2785.212216152982 2404.312932213859 0
8632 2418.136313580182 2438.632823675736 0
8633 2460.691103029316 2500.933751864167 0
8634 1826.115735962308 2586.454714553437 0
8635 2707.188675416309 2355.461306576251 0
8636 2835.583216564799 2285.334634771206 0
8637 2748.16689384485 2759.843230846766 0
8638 2408.805328895893 2448.602545721547 0
8639 2568.720104409811 2528.066718843336 0
8640 2342.436256563722 2498.232222053075 0
8641 2598.737295334034 2457.206126723058 0
8642 2420.271949896979 2649.787910830072 0
8643 2459.044577854994 2485.736862451246 0
8644 2550.612580380138 2500.504833923871 0
8645 1791.687422430891 2198.845818891289 0
8646 2993.800764270922 2325.562204921818 0
8647 2378.668712416021 2534.025268736112 0
8648 2628.434425968509 1711.41860732653 0
8649 2570.011000696265 2465.912883793923 0
8650 4845.419435942871 4148.755650036303 0
8651 2216.997312040199 2482.154423244071 0
8652 2364.131290522731 2518.425728282842 0
8653 2266.16535405475 2532.515431430044 0
8654 2782.183354411928 1996.901449225373 0
8655 2360.183852556468 2515.658455323662 0
8656 2539.254356981371 3726.097700434039 0
8657 2386.760838184256 2538.576417097849 0
8658 2623.004122313502 2391.268438757073 0
8659 2398.877525051097 2435.622065600546 0
8660 2631.593609054903 2699.771472257427 0
8661 2380.526361721322 2392.553440294957 0
8662 2560.958724650099 2391.205946070816 0
8663 2368.012663721819 2422.038242578823 0
8664 2577.837408853075 2560.968804894614 0
8665 2354.078420257732 2444.326516758396 0
8666 2473.569410525656 2247.317327092148 0
8667 2686.662740352509 2474.181844851269 0
8668 1980.140736372764 2444.70157209328 0
8669 3900.000000000004 4861.836705319426 0
8670 2872.76341164507 4841.781694871084 0
8671 2141.153711767008 2692.821711240135 0
8672 2706.111213800261 2633.155402357616 0
8673 2417.239226557734 2462.261787907567 0
8674 2531.981648983907 4803.937846733728 0
8675 2441.867756879201 2513.497378884973 0
8676 2093.915795143111 2482.385919631681 0
8677 2637.169952105438 2449.965503414738 0
8678 2959.687725209739 2332.519363264189 0
8679 2364.048341783131 2456.755195520308 0
8680 2400.395290295281 2554.849354537984 0
8681 2573.038097672834 2445.171369607911 0
8682 2406.998767933055 2459.955572050033 0
8683 2664.484356568587 2438.696678063206 0
8684 2385.886698319661 2547.092475428771 0
8685 2343.473000815312 2651.91589698909 0
8686 2608.871479176805 2540.592879585345 0
8687 2624.424147400748 2406.325832889143 0
8688 2663.45575477934 2520.166260345534 0
8689 2656.872312894188 2462.297580762285 0
8690 2486.03745719567 2423.474261945668 0
8691 2375.189304576711 2531.601802767707 0
8692 2641.008437550595 2531.99131572195 0
8693 2636.133852111795 2468.662110092403 0
8694 2361.690592202949 2531.781457694478 0
8695 2610.015863094106 2542.762256511221 0
8696 2601.515170980051 2542.624603524656 0
8697 2561.203665962859 2516.83635153353 0
8698 2728.171760923932 2349.784236219688 0
8699 2658.311148204481 2586.146189211162 0
8700 3649.617307071385 220.4103485367732 0
8701 2376.518862953124 70.75253125561449 0
8702 2394.906067294947 2432.153263854279 0
8703 2632.60980612982 2473.367605993782 0
8704 2451.105505879409 2534.453499841935 0
8705 1701.742626297003 138.8483874422154 0
8706 2370.722634634998 2457.756639443413 0
8707 2370.870989209948 2455.22700477876 0
8708 2653.656976118242 2631.961975331829 0
8709 2674.861790796208 2270.571034263768 0
8710 4779.597727557495 3753.080448326438 0
8711 4845.545056866973 629.0629199066516 0
8712 2368.588109566339 2459.23138699198 0
8713 2624.065665825 2467.370533884622 0
8714 2099.396222506469 137.6343851470288 0
8715 2429.38161595648 2194.288516208277 0
8716 2549.617900404531 2459.456106928195 0
8717 2638.867247399658 2487.893031302395 0
8718 2212.641385145047 2213.312660527137 0
8719 2643.949827678211 2621.404939184328 0
8720 137.9521049770938 700.1252043396521 0
8721 2417.704113290952 2459.336461514591 0
8722 2442.209809004363 2500.684438672015 0
8723 2347.814358843828 2358.856381096009 0
8724 4862.517421886536 1299.164144879336 0
8725 2424.472875365387 2532.419646220875 0
$EndNodes
$Elements
17688
1 15 2 0 1 1
2 15 2 0 2 2
3 15 2 0 3 3
4 15 2 0 4 4
5 15 2 0 5 5
6 15 2 0 6 6
7 15 2 0 7 7
8 15 2 0 8 8
9 1 2 0 1 1 9
10 1 2 0 1 9 10
11 1 2 0 1 10 11
12 1 2 0 1 11 12
13 1 2 0 1 12 13
14 1 2 0 1 13 14
15 1 2 0 1 14 15
16 1 2 0 1 15 16
17 1 2 0 1 16 17
18 1 2 0 1 17 18
19 1 2 0 1 18 19
20 1 2 0 1 19 20
21 1 2 0 1 20 21
22 1 2 0 1 21 22
23 1 2 0 1 22 23
24 1 2 0 1 23 24
25 1 2 0 1 24 25
26 1 2 0 1 25 26
27 1 2 0 1 26 27
28 1 2 0 1 27 28
29 1 2 0 1 28 29
30 1 2 0 1 29 30
31 1 2 0 1 30 31
32 1 2 0 1 31 32
33 1 2 0 1 32 33
34 1 2 0 1 33 34
35 1 2 0 1 34 35
36 1 2 0 1 35 36
37 1 2 0 1 36 37
38 1 2 0 1 37 38
39 1 2 0 1 38 39
40 1 2 0 1 39 40
41 1 2 0 1 40 41
42 1 2 0 1 41 42
43 1 2 0 1 42 43
44 1 2 0 1 43 44
45 1 2 0 1 44 45
46 1 2 0 1 45 46
47 1 2 0 1 46 47
48 1 2 0 1 47 48
49 1 2 0 1 48 49
50 1 2 0 1 49 50
51 1 2 0 1 50 51
52 1 2 0 1 51 52
53 1 2 0 1 52 53
54 1 2 0 1 53 54
55 1 2 0 1 54 55
56 1 2 0 1 55 56
57 1 2 0 1 56 57
58 1 2 0 1 57 2
59 1 2 0 2 3 58
60 1 2 0 2 58 59
61 1 2 0 2 59 60
62 1 2 0 2 60 61
63 1 2 0 2 61 62
64 1 2 0 2 62 63
65 1 2 0 2 63 64
66 1 2 0 2 64 65
67 1 2 0 2 65 66
68 1 2 0 2 66 67
69 1 2 0 2 67 68
70 1 2 0 2 68 69
71 1 2 0 2 69 70
72 1 2 0 2 70 71
73 1 2 0 2 71 72
74 1 2 0 2 72 73
75 1 2 0 2 73 74
76 1 2 0 2 74 75
77 1 2 0 2 75 76
78 1 2 0 2 76 77
79 1 2 0 2 77 78
80 1 2 0 2 78 79
81 1 2 0 2 79 80
82 1 2 0 2 80 81
83 1 2 0 2 81 82
84 1 2 0 2 82 83
85 1 2 0 2 83 84
86 1 2 0 2 84 85
87 1 2 0 2 85 86
88 1 2 0 2 86 87
89 1 2 0 2 87 88
90 1 2 0 2 88 89
91 1 2 0 2 89 90
92 1 2 0 2 90 91
93 1 2 0 2 91 92
94 1 2 0 2 92 93
95 1 2 0 2 93 94
96 1 2 0 2 94 95
97 1 2 0 2 95 96
98 1 2 0 2 96 97
99 1 2 0 2 97 98
100 1 2 0 2 98 99
101 1 2 0 2 99 100
102 1 2 0 2 100 101
103 1 2 0 2 101 102
104 1 2 0 2 102 103
105 1 2 0 2 103 104
106 1 2 0 2 104 105
107 1 2 0 2 105 106
108 1 2 0 2 106 1
109 1 2 0 3 2 107
110 1 2 0 3 107 108
111 1 2 0 3 108 109
112 1 2 0 3 109 110
113 1 2 0 3 110 111
114 1 2 0 3 111 112
115 1 2 0 3 112 113
116 1 2 0 3 113 114
117 1 2 0 3 114 115
118 1 2 0 3 115 116
119 1 2 0 3 116 117
120 1 2 0 3 117 118
121 1 2 0 3 118 119
122 1 2 0 3 119 120
123 1 2 0 3 120 121
124 1 2 0 3 121 122
125 1 2 0 3 122 123
126 1 2 0 3 123 124
127 1 2 0 3 124 125
128 1 2 0 3 125 126
129 1 2 0 3 126 127
130 1 2 0 3 127 128
131 1 2 0 3 128 129
132 1 2 0 3 129 130
133 1 2 0 3 130 131
134 1 2 0 3 131 132
135 1 2 0 3 132 133
136 1 2 0 3 133 134
137 1 2 0 3 134 135
138 1 2 0 3 135 136
139 1 2 0 3 136 137
140 1 2 0 3 137 138
141 1 2 0 3 138 139
142 1 2 0 3 139 140
143 1 2 0 3 140 141
144 1 2 0 3 141 142
145 1 2 0 3 142 143
146 1 2 0 3 143 144
147 1 2 0 3 144 145
148 1 2 0 3 145 146
149 1 2 0 3 146 147
150 1 2 0 3 147 148
151 1 2 0 3 148 149
152 1 2 0 3 149 150
153 1 2 0 3 150 151
154 1 2 0 3 151 152
155 1 2 0 3 152 153
156 1 2 0 3 153 154
157 1 2 0 3 154 155
158 1 2 0 3 155 4
159 1 2 0 4 4 156
160 1 2 0 4 156 157
161 1 2 0 4 157 158
162 1 2 0 4 158 159
163 1 2 0 4 159 160
164 1 2 0 4 160 161
165 1 2 0 4 161 162
166 1 2 0 4 162 163
167 1 2 0 4 163 164
168 1 2 0 4 164 165
169 1 2 0 4 165 166
170 1 2 0 4 166 167
171 1 2 0 4 167 168
172 1 2 0 4 168 169
173 1 2 0 4 169 170
174 1 2 0 4 170 171
175 1 2 0 4 171 172
176 1 2 0 4 172 173
177 1 2 0 4 173 174
178 1 2 0 4 174 175
179 1 2 0 4 175 176
180 1 2 0 4 176 177
181 1 2 0 4 177 178
182 1 2 0 4 178 179
183 1 2 0 4 179 180
184 1 2 0 4 180 181
185 1 2 0 4 181 182
186 1 2 0 4 182 183
187 1 2 0 4 183 184
188 1 2 0 4 184 185
189 1 2 0 4 185 186
190 1 2 0 4 186 187
191 1 2 0 4 187 188
192 1 2 0 4 188 189
193 1 2 0 4 189 190
194 1 2 0 4 190 191
195 1 2 0 4 191 192
196 1 2 0 4 192 193
197 1 2 0 4 193 194
198 1 2 0 4 194 195
199 1 2 0 4 195 196
200 1 2 0 4 196 197
201 1 2 0 4 197 198
202 1 2 0 4 198 199
203 1 2 0 4 199 200
204 1 2 0 4 200 201
205 1 2 0 4 201 202
206 1 2 0 4 202 203
207 1 2 0 4 203 204
208 1 2 0 4 204 3
209 1 2 0 5 5 205
210 1 2 0 5 205 206
211 1 2 0 5 206 207
212 1 2 0 5 207 208
213 1 2 0 5 208 209
214 1 2 0 5 209 210
215 1 2 0 5 210 211
216 1 2 0 5 211 212
217 1 2 0 5 212 213
218 1 2 0 5 213 214
219 1 2 0 5 214 215
220 1 2 0 5 215 216
221 1 2 0 5 216 217
222 1 2 0 5 217 218
223 1 2 0 5 218 219
224 1 2 0 5 219 220
225 1 2 0 5 220 221
226 1 2 0 5 221 222
227 1 2 0 5 222 223
228 1 2 0 5 223 224
229 1 2 0 5 224 225
230 1 2 0 5 225 226
231 1 2 0 5 226 227
232 1 2 0 5 227 228
233 1 2 0 5 228 229
234 1 2 0 5 229 230
235 1 2 0 5 230 231
236 1 2 0 5 231 232
237 1 2 0 5 232 233
238 1 2 0 5 233 234
239 1 2 0 5 234 235
240 1 2 0 5 235 236
241 1 2 0 5 236 237
242 1 2 0 5 237 238
243 1 2 0 5 238 239
244 1 2 0 5 239 240
245 1 2 0 5 240 241
246 1 2 0 5 241 242
247 1 2 0 5 242 243
248 1 2 0 5 243 244
249 1 2 0 5 244 245
250 1 2 0 5 245 246
251 1 2 0 5 246 247
252 1 2 0 5 247 248
253 1 2 0 5 248 249
254 1 2 0 5 249 250
255 1 2 0 5 250 251
256 1 2 0 5 251 252
257 1 2 0 5 252 253
258 1 2 0 5 253 254
259 1 2 0 5 254 255
260 1 2 0 5 255 256
261 1 2 0 5 256 257
262 1 2 0 5 257 258
263 1 2 0 5 258 259
264 1 2 0 5 259 260
265 1 2 0 5 260 261
266 1 2 0 5 261 262
267 1 2 0 5 262 263
268 1 2 0 5 263 264
269 1 2 0 5 264 265
270 1 2 0 5 265 266
271 1 2 0 5 266 267
272 1 2 0 5 267 268
273 1 2 0 5 268 269
274 1 2 0 5 269 270
275 1 2 0 5 270 271
276 1 2 0 5 271 272
277 1 2 0 5 272 273
278 1 2 0 5 273 274
279 1 2 0 5 274 275
280 1 2 0 5 275 276
281 1 2 0 5 276 277
282 1 2 0 5 277 278
283 1 2 0 5 278 279
284 1 2 0 5 279 280
285 1 2 0 5 280 281
286 1 2 0 5 281 282
287 1 2 0 5 282 283
288 1 2 0 5 283 284
289 1 2 0 5 284 285
290 1 2 0 5 285 286
291 1 2 0 5 286 287
292 1 2 0 5 287 288
293 1 2 0 5 288 289
294 1 2 0 5 289 290
295 1 2 0 5 290 291
296 1 2 0 5 291 292
297 1 2 0 5 292 293
298 1 2 0 5 293 294
299 1 2 0 5 294 295
300 1 2 0 5 295 296
301 1 2 0 5 296 297
302 1 2 0 5 297 298
303 1 2 0 5 298 299
304 1 2 0 5 299 300
305 1 2 0 5 300 301
306 1 2 0 5 301 302
307 1 2 0 5 302 303
308 1 2 0 5 303 304
309 1 2 0 5 304 305
310 1 2 0 5 305 306
311 1 2 0 5 306 307
312 1 2 0 5 307 308
313 1 2 0 5 308 309
314 1 2 0 5 309 310
315 1 2 0 5 310 311
316 1 2 0 5 311 312
317 1 2 0 5 312 313
318 1 2 0 5 313 314
319 1 2 0 5 314 315
320 1 2 0 5 315 316
321 1 2 0 5 316 317
322 1 2 0 5 317 318
323 1 2 0 5 318 319
324 1 2 0 5 319 320
325 1 2 0 5 320 321
326 1 2 0 5 321 5
327 1 2 0 6 6 322
328 1 2 0 6 322 323
329 1 2 0 6 323 324
330 1 2 0 6 324 325
331 1 2 0 6 325 326
332 1 2 0 6 326 327
333 1 2 0 6 327 328
334 1 2 0 6 328 329
335 1 2 0 6 329 330
336 1 2 0 6 330 331
337 1 2 0 6 331 332
338 1 2 0 6 332 333
339 1 2 0 6 333 334
340 1 2 0 6 334 335
341 1 2 0 6 335 336
342 1 2 0 6 336 337
343 1 2 0 6 337 338
344 1 2 0 6 338 339
345 1 2 0 6 339 340
346 1 2 0 6 340 341
347 1 2 0 6 341 342
348 1 2 0 6 342 343
349 1 2 0 6 343 344
350 1 2 0 6 344 345
351 1 2 0 6 345 346
352 1 2 0 6 346 347
353 1 2 0 6 347 348
354 1 2 0 6 348 349
355 1 2 0 6 349 350
356 1 2 0 6 350 351
357 1 2 0 6 351 352
358 1 2 0 6 352 353
359 1 2 0 6 353 354
360 1 2 0 6 354 355
361 1 2 0 6 355 356
362 1 2 0 6 356 357
363 1 2 0 6 357 358
364 1 2 0 6 358 359
365 1 2 0 6 359 360
366 1 2 0 6 360 361
367 1 2 0 6 361 362
368 1 2 0 6 362 363
369 1 2 0 6 363 364
370 1 2 0 6 364 365
371 1 2 0 6 365 366
372 1 2 0 6 366 367
373 1 2 0 6 367 368
374 1 2 0 6 368 369
375 1 2 0 6 369 370
376 1 2 0 6 370 371
377 1 2 0 6 371 372
378 1 2 0 6 372 373
379 1 2 0 6 373 374
380 1 2 0 6 374 375
381 1 2 0 6 375 376
382 1 2 0 6 376 377
383 1 2 0 6 377 378
384 1 2 0 6 378 379
385 1 2 0 6 379 380
386 1 2 0 6 380 381
387 1 2 0 6 381 382
388 1 2 0 6 382 383
389 1 2 0 6 383 384
390 1 2 0 6 384 385
391 1 2 0 6 385 386
392 1 2 0 6 386 387
393 1 2 0 6 387 388
394 1 2 0 6 388 389
395 1 2 0 6 389 390
396 1 2 0 6 390 391
397 1 2 0 6 391 392
398 1 2 0 6 392 393
399 1 2 0 6 393 394
400 1 2 0 6 394 395
401 1 2 0 6 395 396
402 1 2 0 6 396 397
403 1 2 0 6 397 398
404 1 2 0 6 398 399
405 1 2 0 6 399 400
406 1 2 0 6 400 401
407 1 2 0 6 401 402
408 1 2 0 6 402 403
409 1 2 0 6 403 404
410 1 2 0 6 404 405
411 1 2 0 6 405 406
412 1 2 0 6 406 407
413 1 2 0 6 407 408
414 1 2 0 6 408 409
415 1 2 0 6 409 410
416 1 2 0 6 410 411
417 1 2 0 6 411 412
418 1 2 0 6 412 413
419 1 2 0 6 413 414
420 1 2 0 6 414 415
421 1 2 0 6 415 416
422 1 2 0 6 416 417
423 1 2 0 6 417 418
424 1 2 0 6 418 419
425 1 2 0 6 419 420
426 1 2 0 6 420 421
427 1 2 0 6 421 422
428 1 2 0 6 422 423
429 1 2 0 6 423 424
430 1 2 0 6 424 425
431 1 2 0 6 425 426
432 1 2 0 6 426 427
433 1 2 0 6 427 428
434 1 2 0 6 428 429
435 1 2 0 6 429 430
436 1 2 0 6 430 431
437 1 2 0 6 431 432
438 1 2 0 6 432 433
439 1 2 0 6 433 434
440 1 2 0 6 434 435
441 1 2 0 6 435 436
442 1 2 0 6 436 437
443 1 2 0 6 437 438
444 1 2 0 6 438 6
445 2 2 0 2 583 1004 744
446 2 2 0 2 527 893 524
447 2 2 0 2 819 854 456
448 2 2 0 2 567 914 528
449 2 2 0 2 952 982 833
450 2 2 0 2 715 865 687
451 2 2 0 2 653 813 729
452 2 2 0 2 515 693 517
453 2 2 0 2 568 670 576
454 2 2 0 2 695 738 732
455 2 2 0 2 840 910 786
456 2 2 0 2 537 758 511
457 2 2 0 2 925 945 738
458 2 2 0 2 808 1006 658
459 2 2 0 2 658 1021 808
460 2 2 0 2 762 1032 941
461 2 2 0 2 756 761 725
462 2 2 0 2 874 930 854
463 2 2 0 2 613 905 564
464 2 2 0 2 910 1098 786
465 2 2 0 2 684 1098 910
466 2 2 0 2 778 779 659
467 2 2 0 2 854 930 456
468 2 2 0 2 803 1069 928
469 2 2 0 2 517 518 516
470 2 2 0 2 739 741 655
471 2 2 0 2 735 752 690
472 2 2 0 2 698 751 735
473 2 2 0 2 729 778 650
474 2 2 0 2 839 841 840
475 2 2 0 2 804 1069 803
476 2 2 0 2 661 743 742
477 2 2 0 2 762 764 678
478 2 2 0 2 679 763 762
479 2 2 0 2 660 727 726
480 2 2 0 2 511 512 509
481 2 2 0 2 510 537 511
482 2 2 0 2 671 787 711
483 2 2 0 2 670 787 671
484 2 2 0 2 887 957 895
485 2 2 0 2 618 619 603
486 2 2 0 2 563 614 613
487 2 2 0 2 589 590 560
488 2 2 0 2 573 610 608
489 2 2 0 2 580 1093 582
490 2 2 0 2 891 990 461
491 2 2 0 2 745 1004 850
492 2 2 0 2 941 1030 762
493 2 2 0 2 461 990 859
494 2 2 0 2 666 847 846
495 2 2 0 2 785 1093 580
496 2 2 0 2 832 1076 833
497 2 2 0 2 761 795 725
498 2 2 0 2 517 519 518
499 2 2 0 2 841 842 840
500 2 2 0 2 687 865 838
501 2 2 0 2 511 513 512
502 2 2 0 2 864 954 865
503 2 2 0 2 618 620 619
504 2 2 0 2 614 615 613
505 2 2 0 2 589 593 590
506 2 2 0 2 610 612 608
507 2 2 0 2 729 811 778
508 2 2 0 2 727 1040 726
509 2 2 0 2 937 1069 1052
510 2 2 0 2 738 945 732
511 2 2 0 2 904 920 453
512 2 2 0 2 736 920 904
513 2 2 0 2 928 1013 803
514 2 2 0 2 756 1048 761
515 2 2 0 2 1080 1085 719
516 2 2 0 2 744 985 583
517 2 2 0 2 681 802 763
518 2 2 0 2 673 782 755
519 2 2 0 2 691 783 733
520 2 2 0 2 846 1121 783
521 2 2 0 2 859 999 461
522 2 2 0 2 568 963 670
523 2 2 0 2 1052 1069 804
524 2 2 0 2 477 1032 916
525 2 2 0 2 572 1109 618
526 2 2 0 2 569 830 565
527 2 2 0 2 735 834 752
528 2 2 0 2 850 978 745
529 2 2 0 2 803 805 683
530 2 2 0 2 684 804 803
531 2 2 0 2 828 1061 480
532 2 2 0 2 515 1026 693
533 2 2 0 2 763 1032 762
534 2 2 0 2 686 975 907
535 2 2 0 2 782 827 442
536 2 2 0 2 865 1128 838
537 2 2 0 2 822 1056 821
538 2 2 0 2 654 810 809
539 2 2 0 2 762 1030 764
540 2 2 0 2 699 1109 572
541 2 2 0 2 658 1006 820
542 2 2 0 2 816 969 817
543 2 2 0 2 739 855 741
544 2 2 0 2 480 1104 828
545 2 2 0 2 441 1009 800
546 2 2 0 2 610 860 612
547 2 2 0 2 783 823 733
548 2 2 0 2 751 1066 735
549 2 2 0 2 905 964 564
550 2 2 0 2 782 826 755
551 2 2 0 2 442 826 782
552 2 2 0 2 913 1056 822
553 2 2 0 2 450 954 864
554 2 2 0 2 909 913 822
555 2 2 0 2 761 990 891
556 2 2 0 2 757 897 556
557 2 2 0 2 711 822 821
558 2 2 0 2 707 736 722
559 2 2 0 2 772 774 727
560 2 2 0 2 576 587 579
561 2 2 0 2 611 623 610
562 2 2 0 2 847 1067 846
563 2 2 0 2 562 849 512
564 2 2 0 2 559 919 553
565 2 2 0 2 764 857 685
566 2 2 0 2 505 1090 719
567 2 2 0 2 706 848 707
568 2 2 0 2 446 1121 1067
569 2 2 0 2 743 908 742
570 2 2 0 2 295 912 294
571 2 2 0 2 453 980 904
572 2 2 0 2 952 971 887
573 2 2 0 2 579 588 580
574 2 2 0 2 597 604 591
575 2 2 0 2 848 934 474
576 2 2 0 2 904 980 814
577 2 2 0 2 720 925 738
578 2 2 0 2 776 815 566
579 2 2 0 2 832 833 728
580 2 2 0 2 778 966 779
581 2 2 0 2 675 758 537
582 2 2 0 2 598 599 597
583 2 2 0 2 810 881 809
584 2 2 0 2 768 771 770
585 2 2 0 2 582 585 584
586 2 2 0 2 794 800 798
587 2 2 0 2 809 997 705
588 2 2 0 2 666 901 847
589 2 2 0 2 480 1061 943
590 2 2 0 2 553 919 566
591 2 2 0 2 640 1103 810
592 2 2 0 2 803 1013 805
593 2 2 0 2 733 824 734
594 2 2 0 2 708 867 706
595 2 2 0 2 569 831 830
596 2 2 0 2 700 1025 1005
597 2 2 0 2 916 1036 477
598 2 2 0 2 439 931 882
599 2 2 0 2 1007 1065 1008
600 2 2 0 2 723 724 604
601 2 2 0 2 730 1037 731
602 2 2 0 2 741 1042 661
603 2 2 0 2 824 1054 734
604 2 2 0 2 251 913 250
605 2 2 0 2 764 1030 862
606 2 2 0 2 731 1037 843
607 2 2 0 2 755 873 657
608 2 2 0 2 754 875 712
609 2 2 0 2 767 1011 960
610 2 2 0 2 710 879 730
611 2 2 0 2 796 1078 896
612 2 2 0 2 825 909 822
613 2 2 0 2 734 1054 748
614 2 2 0 2 1067 1121 846
615 2 2 0 2 929 1050 1033
616 2 2 0 2 740 873 854
617 2 2 0 2 562 850 849
618 2 2 0 2 834 1043 752
619 2 2 0 2 887 971 957
620 2 2 0 2 862 1030 440
621 2 2 0 2 856 1053 1021
622 2 2 0 2 488 1066 890
623 2 2 0 2 717 864 715
624 2 2 0 2 1037 1060 463
625 2 2 0 2 515 517 516
626 2 2 0 2 646 739 655
627 2 2 0 2 698 735 690
628 2 2 0 2 653 729 650
629 2 2 0 2 839 840 786
630 2 2 0 2 817 900 815
631 2 2 0 2 644 708 706
632 2 2 0 2 706 707 645
633 2 2 0 2 704 754 712
634 2 2 0 2 710 730 672
635 2 2 0 2 882 931 881
636 2 2 0 2 673 755 657
637 2 2 0 2 661 742 662
638 2 2 0 2 679 762 678
639 2 2 0 2 660 726 686
640 2 2 0 2 705 720 714
641 2 2 0 2 688 715 687
642 2 2 0 2 691 733 692
643 2 2 0 2 761 891 795
644 2 2 0 2 568 576 569
645 2 2 0 2 777 1065 1007
646 2 2 0 2 510 511 509
647 2 2 0 2 981 1006 701
648 2 2 0 2 446 1067 938
649 2 2 0 2 556 898 757
650 2 2 0 2 806 1105 694
651 2 2 0 2 597 723 604
652 2 2 0 2 816 817 815
653 2 2 0 2 779 869 780
654 2 2 0 2 742 909 825
655 2 2 0 2 960 1011 485
656 2 2 0 2 887 895 886
657 2 2 0 2 734 748 747
658 2 2 0 2 907 975 713
659 2 2 0 2 886 895 674
660 2 2 0 2 726 878 796
661 2 2 0 2 857 859 858
662 2 2 0 2 572 618 603
663 2 2 0 2 467 790 788
664 2 2 0 2 887 982 952
665 2 2 0 2 705 923 720
666 2 2 0 2 563 613 564
667 2 2 0 2 573 608 559
668 2 2 0 2 505 719 508
669 2 2 0 2 462 924 923
670 2 2 0 2 800 1009 798
671 2 2 0 2 623 860 610
672 2 2 0 2 483 1067 847
673 2 2 0 2 725 784 724
674 2 2 0 2 842 948 870
675 2 2 0 2 847 1038 483
676 2 2 0 2 1003 1084 604
677 2 2 0 2 604 1084 591
678 2 2 0 2 892 893 863
679 2 2 0 2 528 914 531
680 2 2 0 2 484 1069 937
681 2 2 0 2 848 1059 707
682 2 2 0 2 1005 1025 792
683 2 2 0 2 802 916 763
684 2 2 0 2 458 916 802
685 2 2 0 2 562 978 850
686 2 2 0 2 802 1068 458
687 2 2 0 2 1010 1064 1028
688 2 2 0 2 566 919 776
689 2 2 0 2 801 1009 942
690 2 2 0 2 767 1063 768
691 2 2 0 2 942 1117 801
692 2 2 0 2 796 896 737
693 2 2 0 2 631 806 694
694 2 2 0 2 668 818 781
695 2 2 0 2 791 861 794
696 2 2 0 2 895 1016 674
697 2 2 0 2 838 1128 932
698 2 2 0 2 764 862 857
699 2 2 0 2 843 992 841
700 2 2 0 2 725 1020 784
701 2 2 0 2 918 966 811
702 2 2 0 2 870 948 449
703 2 2 0 2 880 1060 1037
704 2 2 0 2 592 1034 1015
705 2 2 0 2 991 1075 708
706 2 2 0 2 684 803 683
707 2 2 0 2 779 780 659
708 2 2 0 2 783 927 823
709 2 2 0 2 707 722 721
710 2 2 0 2 765 766 754
711 2 2 0 2 660 772 727
712 2 2 0 2 726 796 737
713 2 2 0 2 716 717 715
714 2 2 0 2 576 579 577
715 2 2 0 2 708 868 867
716 2 2 0 2 748 767 749
717 2 2 0 2 784 921 724
718 2 2 0 2 489 859 857
719 2 2 0 2 573 611 610
720 2 2 0 2 654 809 705
721 2 2 0 2 748 1011 767
722 2 2 0 2 451 1020 977
723 2 2 0 2 811 966 778
724 2 2 0 2 500 976 498
725 2 2 0 2 977 1020 795
726 2 2 0 2 766 1002 754
727 2 2 0 2 759 1053 1031
728 2 2 0 2 1015 1034 816
729 2 2 0 2 665 893 527
730 2 2 0 2 456 955 819
731 2 2 0 2 705 997 923
732 2 2 0 2 755 874 873
733 2 2 0 2 873 874 854
734 2 2 0 2 821 1056 947
735 2 2 0 2 310 918 309
736 2 2 0 2 740 819 739
737 2 2 0 2 581 831 577
738 2 2 0 2 726 1040 878
739 2 2 0 2 700 1111 1001
740 2 2 0 2 841 1127 843
741 2 2 0 2 857 862 489
742 2 2 0 2 879 880 730
743 2 2 0 2 466 1040 775
744 2 2 0 2 775 1092 466
745 2 2 0 2 447 945 925
746 2 2 0 2 815 900 566
747 2 2 0 2 711 821 710
748 2 2 0 2 760 1053 759
749 2 2 0 2 681 763 679
750 2 2 0 2 678 764 685
751 2 2 0 2 655 741 661
752 2 2 0 2 875 950 491
753 2 2 0 2 479 958 868
754 2 2 0 2 672 961 587
755 2 2 0 2 542 1035 777
756 2 2 0 2 819 1086 739
757 2 2 0 2 556 897 543
758 2 2 0 2 305 920 304
759 2 2 0 2 650 778 659
760 2 2 0 2 640 810 654
761 2 2 0 2 758 1079 1077
762 2 2 0 2 969 1028 817
763 2 2 0 2 932 1128 475
764 2 2 0 2 457 1061 1013
765 2 2 0 2 1028 1064 817
766 2 2 0 2 798 1009 801
767 2 2 0 2 633 772 660
768 2 2 0 2 732 967 497
769 2 2 0 2 805 1061 828
770 2 2 0 2 712 832 728
771 2 2 0 2 1033 1050 773
772 2 2 0 2 643 1004 583
773 2 2 0 2 781 1081 668
774 2 2 0 2 579 580 577
775 2 2 0 2 689 1014 845
776 2 2 0 2 767 768 749
777 2 2 0 2 592 597 591
778 2 2 0 2 821 1055 710
779 2 2 0 2 616 965 615
780 2 2 0 2 928 1069 484
781 2 2 0 2 695 998 738
782 2 2 0 2 612 860 698
783 2 2 0 2 490 912 295
784 2 2 0 2 294 912 467
785 2 2 0 2 476 930 874
786 2 2 0 2 811 812 470
787 2 2 0 2 444 988 879
788 2 2 0 2 602 976 503
789 2 2 0 2 666 846 691
790 2 2 0 2 922 935 471
791 2 2 0 2 916 1032 763
792 2 2 0 2 454 995 774
793 2 2 0 2 571 675 537
794 2 2 0 2 592 598 597
795 2 2 0 2 673 896 782
796 2 2 0 2 800 984 441
797 2 2 0 2 890 1066 751
798 2 2 0 2 580 582 581
799 2 2 0 2 768 770 769
800 2 2 0 2 587 961 579
801 2 2 0 2 582 584 583
802 2 2 0 2 798 801 799
803 2 2 0 2 890 1049 488
804 2 2 0 2 532 986 529
805 2 2 0 2 794 798 797
806 2 2 0 2 731 1127 839
807 2 2 0 2 495 967 959
808 2 2 0 2 250 913 469
809 2 2 0 2 482 913 251
810 2 2 0 2 707 1059 736
811 2 2 0 2 575 993 900
812 2 2 0 2 684 910 804
813 2 2 0 2 745 837 663
814 2 2 0 2 712 1058 832
815 2 2 0 2 805 828 806
816 2 2 0 2 615 965 646
817 2 2 0 2 714 998 987
818 2 2 0 2 691 846 783
819 2 2 0 2 947 1055 821
820 2 2 0 2 498 976 695
821 2 2 0 2 630 806 631
822 2 2 0 2 889 966 481
823 2 2 0 2 779 966 889
824 2 2 0 2 836 1043 834
825 2 2 0 2 863 893 665
826 2 2 0 2 933 1076 832
827 2 2 0 2 560 1100 589
828 2 2 0 2 787 825 711
829 2 2 0 2 788 899 467
830 2 2 0 2 560 1035 542
831 2 2 0 2 543 897 563
832 2 2 0 2 923 924 720
833 2 2 0 2 723 756 725
834 2 2 0 2 293 899 292
835 2 2 0 2 474 1059 848
836 2 2 0 2 941 1032 477
837 2 2 0 2 922 1115 935
838 2 2 0 2 465 824 823
839 2 2 0 2 512 849 509
840 2 2 0 2 834 835 468
841 2 2 0 2 759 1079 758
842 2 2 0 2 1005 1111 700
843 2 2 0 2 888 914 567
844 2 2 0 2 836 1045 866
845 2 2 0 2 927 1047 823
846 2 2 0 2 572 1111 699
847 2 2 0 2 661 1042 743
848 2 2 0 2 467 912 790
849 2 2 0 2 832 1058 933
850 2 2 0 2 689 1135 608
851 2 2 0 2 900 993 566
852 2 2 0 2 882 1112 439
853 2 2 0 2 893 994 524
854 2 2 0 2 719 1085 853
855 2 2 0 2 861 912 490
856 2 2 0 2 670 963 787
857 2 2 0 2 1013 1061 805
858 2 2 0 2 848 1017 934
859 2 2 0 2 954 1128 865
860 2 2 0 2 857 858 685
861 2 2 0 2 828 1105 806
862 2 2 0 2 797 799 622
863 2 2 0 2 791 794 793
864 2 2 0 2 695 732 497
865 2 2 0 2 507 602 503
866 2 2 0 2 558 853 574
867 2 2 0 2 577 831 569
868 2 2 0 2 517 520 519
869 2 2 0 2 519 892 518
870 2 2 0 2 513 514 512
871 2 2 0 2 618 622 620
872 2 2 0 2 620 621 619
873 2 2 0 2 570 892 863
874 2 2 0 2 615 617 613
875 2 2 0 2 614 616 615
876 2 2 0 2 593 594 590
877 2 2 0 2 589 702 593
878 2 2 0 2 612 689 608
879 2 2 0 2 454 1050 929
880 2 2 0 2 1008 1065 898
881 2 2 0 2 465 844 824
882 2 2 0 2 740 854 819
883 2 2 0 2 774 1050 454
884 2 2 0 2 729 812 811
885 2 2 0 2 921 922 766
886 2 2 0 2 499 901 666
887 2 2 0 2 757 996 713
888 2 2 0 2 915 981 903
889 2 2 0 2 812 894 470
890 2 2 0 2 782 896 827
891 2 2 0 2 646 740 739
892 2 2 0 2 839 1127 841
893 2 2 0 2 707 721 645
894 2 2 0 2 704 765 754
895 2 2 0 2 730 731 672
896 2 2 0 2 726 737 686
897 2 2 0 2 720 738 714
898 2 2 0 2 688 716 715
899 2 2 0 2 733 734 692
900 2 2 0 2 576 577 569
901 2 2 0 2 799 991 622
902 2 2 0 2 622 991 620
903 2 2 0 2 892 994 893
904 2 2 0 2 581 985 831
905 2 2 0 2 842 992 486
906 2 2 0 2 748 749 747
907 2 2 0 2 309 918 470
908 2 2 0 2 481 918 310
909 2 2 0 2 608 609 559
910 2 2 0 2 719 853 508
911 2 2 0 2 482 1056 913
912 2 2 0 2 841 992 842
913 2 2 0 2 735 1066 835
914 2 2 0 2 932 1068 838
915 2 2 0 2 960 1063 767
916 2 2 0 2 774 775 727
917 2 2 0 2 576 670 587
918 2 2 0 2 611 624 623
919 2 2 0 2 462 1094 924
920 2 2 0 2 947 1056 482
921 2 2 0 2 478 1046 827
922 2 2 0 2 842 870 840
923 2 2 0 2 827 1078 478
924 2 2 0 2 713 996 907
925 2 2 0 2 588 785 580
926 2 2 0 2 675 759 758
927 2 2 0 2 598 600 599
928 2 2 0 2 599 723 597
929 2 2 0 2 771 788 770
930 2 2 0 2 585 586 584
931 2 2 0 2 1093 1098 652
932 2 2 0 2 529 986 665
933 2 2 0 2 304 920 474
934 2 2 0 2 453 920 305
935 2 2 0 2 785 1098 1093
936 2 2 0 2 850 1004 852
937 2 2 0 2 467 899 293
938 2 2 0 2 723 725 724
939 2 2 0 2 823 824 733
940 2 2 0 2 754 1071 875
941 2 2 0 2 776 919 872
942 2 2 0 2 510 853 558
943 2 2 0 2 609 1134 872
944 2 2 0 2 699 1111 1005
945 2 2 0 2 784 922 921
946 2 2 0 2 959 967 492
947 2 2 0 2 795 1020 725
948 2 2 0 2 987 998 602
949 2 2 0 2 1021 1053 760
950 2 2 0 2 455 1017 867
951 2 2 0 2 706 1017 848
952 2 2 0 2 879 988 880
953 2 2 0 2 490 1131 861
954 2 2 0 2 663 837 578
955 2 2 0 2 868 1117 479
956 2 2 0 2 765 921 766
957 2 2 0 2 488 1044 835
958 2 2 0 2 745 978 837
959 2 2 0 2 1002 1099 940
960 2 2 0 2 468 836 834
961 2 2 0 2 735 835 834
962 2 2 0 2 867 1132 455
963 2 2 0 2 1006 1082 701
964 2 2 0 2 486 948 842
965 2 2 0 2 867 1017 706
966 2 2 0 2 758 1077 511
967 2 2 0 2 777 1035 664
968 2 2 0 2 891 977 795
969 2 2 0 2 830 1096 565
970 2 2 0 2 881 931 487
971 2 2 0 2 864 866 450
972 2 2 0 2 555 1096 972
973 2 2 0 2 556 1008 898
974 2 2 0 2 836 1095 1045
975 2 2 0 2 469 909 908
976 2 2 0 2 653 962 813
977 2 2 0 2 658 820 557
978 2 2 0 2 579 961 588
979 2 2 0 2 876 877 667
980 2 2 0 2 466 946 878
981 2 2 0 2 958 1132 868
982 2 2 0 2 900 1064 575
983 2 2 0 2 817 1064 900
984 2 2 0 2 869 889 443
985 2 2 0 2 603 808 807
986 2 2 0 2 736 904 722
987 2 2 0 2 923 997 462
988 2 2 0 2 491 1058 875
989 2 2 0 2 608 1135 609
990 2 2 0 2 611 820 638
991 2 2 0 2 584 902 643
992 2 2 0 2 835 1066 488
993 2 2 0 2 308 894 307
994 2 2 0 2 549 993 575
995 2 2 0 2 520 521 519
996 2 2 0 2 517 693 520
997 2 2 0 2 513 515 514
998 2 2 0 2 514 562 512
999 2 2 0 2 620 644 621
1000 2 2 0 2 621 701 619
1001 2 2 0 2 614 635 616
1002 2 2 0 2 615 646 617
1003 2 2 0 2 702 703 593
1004 2 2 0 2 594 595 590
1005 2 2 0 2 612 690 689
1006 2 2 0 2 470 894 308
1007 2 2 0 2 737 975 686
1008 2 2 0 2 742 825 662
1009 2 2 0 2 729 813 812
1010 2 2 0 2 879 1055 444
1011 2 2 0 2 469 913 909
1012 2 2 0 2 864 865 715
1013 2 2 0 2 717 866 864
1014 2 2 0 2 485 1011 844
1015 2 2 0 2 481 966 918
1016 2 2 0 2 740 965 873
1017 2 2 0 2 670 671 587
1018 2 2 0 2 611 638 624
1019 2 2 0 2 624 650 623
1020 2 2 0 2 588 786 785
1021 2 2 0 2 475 1128 954
1022 2 2 0 2 675 760 759
1023 2 2 0 2 598 625 600
1024 2 2 0 2 599 756 723
1025 2 2 0 2 788 789 770
1026 2 2 0 2 718 871 682
1027 2 2 0 2 585 630 586
1028 2 2 0 2 910 1052 804
1029 2 2 0 2 870 1052 910
1030 2 2 0 2 718 872 871
1031 2 2 0 2 633 1087 772
1032 2 2 0 2 667 877 501
1033 2 2 0 2 538 1007 533
1034 2 2 0 2 550 856 552
1035 2 2 0 2 839 961 731
1036 2 2 0 2 470 918 811
1037 2 2 0 2 445 1076 933
1038 2 2 0 2 448 1063 960
1039 2 2 0 2 627 863 781
1040 2 2 0 2 924 925 720
1041 2 2 0 2 443 890 869
1042 2 2 0 2 659 860 623
1043 2 2 0 2 460 1002 940
1044 2 2 0 2 520 522 521
1045 2 2 0 2 513 651 515
1046 2 2 0 2 515 516 514
1047 2 2 0 2 644 645 621
1048 2 2 0 2 635 636 616
1049 2 2 0 2 646 655 617
1050 2 2 0 2 702 704 703
1051 2 2 0 2 594 596 595
1052 2 2 0 2 612 698 690
1053 2 2 0 2 813 814 812
1054 2 2 0 2 671 672 587
1055 2 2 0 2 624 653 650
1056 2 2 0 2 650 659 623
1057 2 2 0 2 588 839 786
1058 2 2 0 2 625 626 600
1059 2 2 0 2 788 790 789
1060 2 2 0 2 630 631 586
1061 2 2 0 2 585 652 630
1062 2 2 0 2 779 889 869
1063 2 2 0 2 621 903 701
1064 2 2 0 2 644 991 708
1065 2 2 0 2 682 871 688
1066 2 2 0 2 617 905 613
1067 2 2 0 2 522 523 521
1068 2 2 0 2 644 706 645
1069 2 2 0 2 655 656 617
1070 2 2 0 2 636 657 616
1071 2 2 0 2 635 713 636
1072 2 2 0 2 596 601 595
1073 2 2 0 2 704 712 703
1074 2 2 0 2 594 637 596
1075 2 2 0 2 794 1131 800
1076 2 2 0 2 671 710 672
1077 2 2 0 2 626 628 600
1078 2 2 0 2 790 791 789
1079 2 2 0 2 652 683 630
1080 2 2 0 2 631 632 586
1081 2 2 0 2 710 1055 879
1082 2 2 0 2 586 902 584
1083 2 2 0 2 523 524 521
1084 2 2 0 2 522 525 523
1085 2 2 0 2 655 661 656
1086 2 2 0 2 635 757 713
1087 2 2 0 2 636 673 657
1088 2 2 0 2 596 606 601
1089 2 2 0 2 712 728 703
1090 2 2 0 2 671 711 710
1091 2 2 0 2 626 629 628
1092 2 2 0 2 790 861 791
1093 2 2 0 2 631 640 632
1094 2 2 0 2 652 684 683
1095 2 2 0 2 523 526 524
1096 2 2 0 2 522 544 525
1097 2 2 0 2 661 662 656
1098 2 2 0 2 606 607 601
1099 2 2 0 2 629 678 628
1100 2 2 0 2 631 694 640
1101 2 2 0 2 640 649 632
1102 2 2 0 2 544 545 525
1103 2 2 0 2 526 527 524
1104 2 2 0 2 662 753 656
1105 2 2 0 2 606 633 607
1106 2 2 0 2 810 882 881
1107 2 2 0 2 629 679 678
1108 2 2 0 2 678 685 628
1109 2 2 0 2 640 654 649
1110 2 2 0 2 544 546 545
1111 2 2 0 2 545 676 525
1112 2 2 0 2 526 528 527
1113 2 2 0 2 662 787 753
1114 2 2 0 2 633 634 607
1115 2 2 0 2 606 674 633
1116 2 2 0 2 629 680 679
1117 2 2 0 2 654 696 649
1118 2 2 0 2 544 639 546
1119 2 2 0 2 526 567 528
1120 2 2 0 2 634 677 607
1121 2 2 0 2 633 660 634
1122 2 2 0 2 680 681 679
1123 2 2 0 2 696 697 649
1124 2 2 0 2 654 705 696
1125 2 2 0 2 660 686 634
1126 2 2 0 2 680 682 681
1127 2 2 0 2 705 714 696
1128 2 2 0 2 680 718 682
1129 2 2 0 2 682 687 681
1130 2 2 0 2 682 688 687
1131 2 2 0 2 649 883 632
1132 2 2 0 2 818 830 669
1133 2 2 0 2 744 745 663
1134 2 2 0 2 541 668 536
1135 2 2 0 2 692 876 667
1136 2 2 0 2 697 883 649
1137 2 2 0 2 781 818 669
1138 2 2 0 2 709 744 663
1139 2 2 0 2 534 642 539
1140 2 2 0 2 540 541 536
1141 2 2 0 2 691 692 667
1142 2 2 0 2 525 885 523
1143 2 2 0 2 523 885 526
1144 2 2 0 2 526 885 567
1145 2 2 0 2 627 781 669
1146 2 2 0 2 648 709 663
1147 2 2 0 2 676 885 525
1148 2 2 0 2 496 497 495
1149 2 2 0 2 535 540 536
1150 2 2 0 2 534 539 538
1151 2 2 0 2 568 569 565
1152 2 2 0 2 666 691 667
1153 2 2 0 2 680 1027 718
1154 2 2 0 2 626 1027 629
1155 2 2 0 2 637 886 596
1156 2 2 0 2 596 886 606
1157 2 2 0 2 230 472 229
1158 2 2 0 2 223 491 222
1159 2 2 0 2 311 481 310
1160 2 2 0 2 232 454 231
1161 2 2 0 2 208 477 207
1162 2 2 0 2 250 469 249
1163 2 2 0 2 309 470 308
1164 2 2 0 2 296 490 295
1165 2 2 0 2 291 448 290
1166 2 2 0 2 259 486 258
1167 2 2 0 2 289 485 288
1168 2 2 0 2 243 456 242
1169 2 2 0 2 235 466 234
1170 2 2 0 2 294 467 293
1171 2 2 0 2 237 478 236
1172 2 2 0 2 239 442 238
1173 2 2 0 2 298 441 297
1174 2 2 0 2 304 474 303
1175 2 2 0 2 214 461 213
1176 2 2 0 2 273 462 272
1177 2 2 0 2 5 475 321
1178 2 2 0 2 280 459 279
1179 2 2 0 2 245 473 244
1180 2 2 0 2 269 439 268
1181 2 2 0 2 221 460 220
1182 2 2 0 2 252 482 251
1183 2 2 0 2 217 451 216
1184 2 2 0 2 241 476 240
1185 2 2 0 2 317 468 316
1186 2 2 0 2 206 458 205
1187 2 2 0 2 212 489 211
1188 2 2 0 2 265 457 264
1189 2 2 0 2 210 440 209
1190 2 2 0 2 267 480 266
1191 2 2 0 2 247 452 246
1192 2 2 0 2 306 453 305
1193 2 2 0 2 219 471 218
1194 2 2 0 2 300 479 299
1195 2 2 0 2 271 487 270
1196 2 2 0 2 276 447 275
1197 2 2 0 2 282 483 281
1198 2 2 0 2 315 488 314
1199 2 2 0 2 278 492 277
1200 2 2 0 2 254 444 253
1201 2 2 0 2 302 455 301
1202 2 2 0 2 261 449 260
1203 2 2 0 2 320 450 319
1204 2 2 0 2 313 443 312
1205 2 2 0 2 257 463 256
1206 2 2 0 2 225 445 224
1207 2 2 0 2 284 446 283
1208 2 2 0 2 228 464 227
1209 2 2 0 2 287 465 286
1210 2 2 0 2 263 484 262
1211 2 2 0 2 637 887 886
1212 2 2 0 2 629 1027 680
1213 2 2 0 2 606 886 674
1214 2 2 0 2 627 669 648
1215 2 2 0 2 648 663 578
1216 2 2 0 2 771 899 788
1217 2 2 0 2 494 496 495
1218 2 2 0 2 605 856 550
1219 2 2 0 2 533 1007 535
1220 2 2 0 2 535 536 532
1221 2 2 0 2 550 552 551
1222 2 2 0 2 534 538 533
1223 2 2 0 2 564 568 565
1224 2 2 0 2 502 503 500
1225 2 2 0 2 501 877 502
1226 2 2 0 2 666 667 501
1227 2 2 0 2 508 510 509
1228 2 2 0 2 814 894 812
1229 2 2 0 2 518 892 570
1230 2 2 0 2 884 1089 852
1231 2 2 0 2 473 949 855
1232 2 2 0 2 747 750 746
1233 2 2 0 2 790 912 861
1234 2 2 0 2 497 967 495
1235 2 2 0 2 570 863 627
1236 2 2 0 2 627 648 578
1237 2 2 0 2 799 1075 991
1238 2 2 0 2 831 985 709
1239 2 2 0 2 632 902 586
1240 2 2 0 2 494 495 459
1241 2 2 0 2 773 1087 1016
1242 2 2 0 2 647 816 815
1243 2 2 0 2 550 551 549
1244 2 2 0 2 533 535 532
1245 2 2 0 2 531 534 533
1246 2 2 0 2 548 605 550
1247 2 2 0 2 564 565 555
1248 2 2 0 2 501 502 500
1249 2 2 0 2 499 666 501
1250 2 2 0 2 508 509 506
1251 2 2 0 2 693 906 520
1252 2 2 0 2 746 876 692
1253 2 2 0 2 903 1122 915
1254 2 2 0 2 645 903 621
1255 2 2 0 2 774 995 775
1256 2 2 0 2 656 905 617
1257 2 2 0 2 588 961 839
1258 2 2 0 2 875 1058 712
1259 2 2 0 2 503 976 500
1260 2 2 0 2 668 1081 986
1261 2 2 0 2 544 906 639
1262 2 2 0 2 686 907 634
1263 2 2 0 2 520 906 522
1264 2 2 0 2 668 972 818
1265 2 2 0 2 899 968 292
1266 2 2 0 2 1077 1079 651
1267 2 2 0 2 1012 1031 605
1268 2 2 0 2 888 1010 914
1269 2 2 0 2 852 1039 884
1270 2 2 0 2 476 1106 1051
1271 2 2 0 2 872 1022 776
1272 2 2 0 2 837 989 530
1273 2 2 0 2 845 1014 716
1274 2 2 0 2 494 901 496
1275 2 2 0 2 753 964 905
1276 2 2 0 2 664 1065 777
1277 2 2 0 2 694 1103 640
1278 2 2 0 2 861 1131 794
1279 2 2 0 2 883 902 632
1280 2 2 0 2 835 1044 468
1281 2 2 0 2 908 909 742
1282 2 2 0 2 896 1078 827
1283 2 2 0 2 872 919 609
1284 2 2 0 2 917 1064 1010
1285 2 2 0 2 444 1055 947
1286 2 2 0 2 565 1096 555
1287 2 2 0 2 746 1080 876
1288 2 2 0 2 891 1097 977
1289 2 2 0 2 870 910 840
1290 2 2 0 2 753 905 656
1291 2 2 0 2 876 1080 719
1292 2 2 0 2 452 1042 1041
1293 2 2 0 2 933 1058 491
1294 2 2 0 2 688 871 845
1295 2 2 0 2 734 747 746
1296 2 2 0 2 522 906 544
1297 2 2 0 2 634 907 677
1298 2 2 0 2 495 959 459
1299 2 2 0 2 731 961 672
1300 2 2 0 2 903 981 701
1301 2 2 0 2 602 1019 987
1302 2 2 0 2 789 1025 770
1303 2 2 0 2 898 1024 677
1304 2 2 0 2 651 1026 515
1305 2 2 0 2 648 1073 709
1306 2 2 0 2 687 1113 681
1307 2 2 0 2 709 1073 831
1308 2 2 0 2 578 837 530
1309 2 2 0 2 570 627 578
1310 2 2 0 2 558 574 572
1311 2 2 0 2 572 603 571
1312 2 2 0 2 831 1073 830
1313 2 2 0 2 830 1073 669
1314 2 2 0 2 1011 1054 844
1315 2 2 0 2 463 1133 1037
1316 2 2 0 2 685 970 628
1317 2 2 0 2 638 915 624
1318 2 2 0 2 574 1111 572
1319 2 2 0 2 1051 1106 826
1320 2 2 0 2 827 1046 442
1321 2 2 0 2 711 825 822
1322 2 2 0 2 624 915 653
1323 2 2 0 2 636 975 673
1324 2 2 0 2 956 957 464
1325 2 2 0 2 493 494 459
1326 2 2 0 2 944 945 447
1327 2 2 0 2 951 952 926
1328 2 2 0 2 856 1021 658
1329 2 2 0 2 452 1062 1042
1330 2 2 0 2 647 815 776
1331 2 2 0 2 549 575 547
1332 2 2 0 2 548 550 549
1333 2 2 0 2 531 533 532
1334 2 2 0 2 563 564 555
1335 2 2 0 2 499 501 500
1336 2 2 0 2 554 561 560
1337 2 2 0 2 557 573 559
1338 2 2 0 2 505 508 506
1339 2 2 0 2 564 964 568
1340 2 2 0 2 600 970 599
1341 2 2 0 2 938 1067 483
1342 2 2 0 2 508 853 510
1343 2 2 0 2 963 964 753
1344 2 2 0 2 872 1134 871
1345 2 2 0 2 536 986 532
1346 2 2 0 2 743 911 908
1347 2 2 0 2 714 987 696
1348 2 2 0 2 951 971 952
1349 2 2 0 2 956 983 957
1350 2 2 0 2 901 1038 847
1351 2 2 0 2 593 979 594
1352 2 2 0 2 943 1061 457
1353 2 2 0 2 622 1029 797
1354 2 2 0 2 823 1047 465
1355 2 2 0 2 898 996 757
1356 2 2 0 2 677 996 898
1357 2 2 0 2 599 970 756
1358 2 2 0 2 236 946 235
1359 2 2 0 2 266 943 265
1360 2 2 0 2 272 939 271
1361 2 2 0 2 242 930 241
1362 2 2 0 2 283 938 282
1363 2 2 0 2 262 937 261
1364 2 2 0 2 253 947 252
1365 2 2 0 2 226 926 225
1366 2 2 0 2 285 927 284
1367 2 2 0 2 224 933 223
1368 2 2 0 2 281 493 280
1369 2 2 0 2 270 931 269
1370 2 2 0 2 303 934 302
1371 2 2 0 2 277 944 276
1372 2 2 0 2 299 942 298
1373 2 2 0 2 264 928 263
1374 2 2 0 2 244 955 243
1375 2 2 0 2 231 929 230
1376 2 2 0 2 227 951 226
1377 2 2 0 2 205 932 5
1378 2 2 0 2 290 960 289
1379 2 2 0 2 222 950 221
1380 2 2 0 2 301 958 300
1381 2 2 0 2 258 953 257
1382 2 2 0 2 260 948 259
1383 2 2 0 2 220 940 219
1384 2 2 0 2 279 959 278
1385 2 2 0 2 246 949 245
1386 2 2 0 2 229 956 228
1387 2 2 0 2 321 954 320
1388 2 2 0 2 218 935 217
1389 2 2 0 2 268 936 267
1390 2 2 0 2 209 941 208
1391 2 2 0 2 766 1099 1002
1392 2 2 0 2 489 999 859
1393 2 2 0 2 241 930 476
1394 2 2 0 2 479 942 299
1395 2 2 0 2 245 949 473
1396 2 2 0 2 480 943 266
1397 2 2 0 2 454 929 231
1398 2 2 0 2 449 948 260
1399 2 2 0 2 448 960 290
1400 2 2 0 2 223 933 491
1401 2 2 0 2 464 951 227
1402 2 2 0 2 5 932 475
1403 2 2 0 2 478 946 236
1404 2 2 0 2 300 958 479
1405 2 2 0 2 483 493 281
1406 2 2 0 2 289 960 485
1407 2 2 0 2 459 959 279
1408 2 2 0 2 228 956 464
1409 2 2 0 2 472 956 229
1410 2 2 0 2 471 935 218
1411 2 2 0 2 491 950 222
1412 2 2 0 2 230 929 472
1413 2 2 0 2 259 948 486
1414 2 2 0 2 267 936 480
1415 2 2 0 2 208 941 477
1416 2 2 0 2 445 933 224
1417 2 2 0 2 492 944 277
1418 2 2 0 2 271 939 487
1419 2 2 0 2 221 950 460
1420 2 2 0 2 446 938 283
1421 2 2 0 2 225 926 445
1422 2 2 0 2 284 927 446
1423 2 2 0 2 486 953 258
1424 2 2 0 2 235 946 466
1425 2 2 0 2 484 937 262
1426 2 2 0 2 455 958 301
1427 2 2 0 2 298 942 441
1428 2 2 0 2 302 934 455
1429 2 2 0 2 263 928 484
1430 2 2 0 2 261 937 449
1431 2 2 0 2 320 954 450
1432 2 2 0 2 462 939 272
1433 2 2 0 2 252 947 482
1434 2 2 0 2 452 949 246
1435 2 2 0 2 243 955 456
1436 2 2 0 2 473 955 244
1437 2 2 0 2 265 943 457
1438 2 2 0 2 217 935 451
1439 2 2 0 2 219 940 471
1440 2 2 0 2 278 959 492
1441 2 2 0 2 458 932 205
1442 2 2 0 2 457 928 264
1443 2 2 0 2 280 493 459
1444 2 2 0 2 487 931 270
1445 2 2 0 2 474 934 303
1446 2 2 0 2 444 947 253
1447 2 2 0 2 276 944 447
1448 2 2 0 2 456 930 242
1449 2 2 0 2 282 938 483
1450 2 2 0 2 269 931 439
1451 2 2 0 2 460 940 220
1452 2 2 0 2 257 953 463
1453 2 2 0 2 440 941 209
1454 2 2 0 2 439 936 268
1455 2 2 0 2 475 954 321
1456 2 2 0 2 479 1117 942
1457 2 2 0 2 844 1091 485
1458 2 2 0 2 442 1051 826
1459 2 2 0 2 530 989 516
1460 2 2 0 2 787 963 753
1461 2 2 0 2 801 1075 799
1462 2 2 0 2 511 1077 513
1463 2 2 0 2 703 979 593
1464 2 2 0 2 507 1019 602
1465 2 2 0 2 693 1026 973
1466 2 2 0 2 681 1113 802
1467 2 2 0 2 531 914 534
1468 2 2 0 2 739 1086 855
1469 2 2 0 2 1068 1113 838
1470 2 2 0 2 802 1113 1068
1471 2 2 0 2 603 807 571
1472 2 2 0 2 292 968 291
1473 2 2 0 2 946 1130 878
1474 2 2 0 2 518 530 516
1475 2 2 0 2 510 558 537
1476 2 2 0 2 291 968 448
1477 2 2 0 2 464 971 951
1478 2 2 0 2 494 1038 901
1479 2 2 0 2 561 592 591
1480 2 2 0 2 657 965 616
1481 2 2 0 2 472 983 956
1482 2 2 0 2 557 820 573
1483 2 2 0 2 451 977 216
1484 2 2 0 2 866 1045 450
1485 2 2 0 2 516 989 514
1486 2 2 0 2 524 994 521
1487 2 2 0 2 306 980 453
1488 2 2 0 2 683 806 630
1489 2 2 0 2 662 825 787
1490 2 2 0 2 552 856 658
1491 2 2 0 2 255 988 254
1492 2 2 0 2 441 984 297
1493 2 2 0 2 296 984 490
1494 2 2 0 2 859 990 858
1495 2 2 0 2 875 1071 950
1496 2 2 0 2 805 806 683
1497 2 2 0 2 440 1030 941
1498 2 2 0 2 233 995 232
1499 2 2 0 2 987 1019 697
1500 2 2 0 2 728 979 703
1501 2 2 0 2 628 970 600
1502 2 2 0 2 669 1073 648
1503 2 2 0 2 771 968 899
1504 2 2 0 2 519 994 892
1505 2 2 0 2 620 991 644
1506 2 2 0 2 226 951 926
1507 2 2 0 2 906 973 639
1508 2 2 0 2 541 972 668
1509 2 2 0 2 212 999 489
1510 2 2 0 2 461 999 213
1511 2 2 0 2 768 1123 771
1512 2 2 0 2 713 975 636
1513 2 2 0 2 845 1135 689
1514 2 2 0 2 957 983 895
1515 2 2 0 2 957 971 464
1516 2 2 0 2 889 1114 443
1517 2 2 0 2 784 1115 922
1518 2 2 0 2 561 1100 560
1519 2 2 0 2 1001 1111 574
1520 2 2 0 2 462 997 939
1521 2 2 0 2 850 851 849
1522 2 2 0 2 216 977 215
1523 2 2 0 2 924 1018 925
1524 2 2 0 2 521 994 519
1525 2 2 0 2 447 1018 275
1526 2 2 0 2 866 1043 836
1527 2 2 0 2 849 1118 506
1528 2 2 0 2 594 979 637
1529 2 2 0 2 690 1014 689
1530 2 2 0 2 665 1081 863
1531 2 2 0 2 942 1009 441
1532 2 2 0 2 509 849 506
1533 2 2 0 2 772 1124 774
1534 2 2 0 2 925 1018 447
1535 2 2 0 2 307 980 306
1536 2 2 0 2 465 1091 844
1537 2 2 0 2 814 980 894
1538 2 2 0 2 477 1036 207
1539 2 2 0 2 206 1036 458
1540 2 2 0 2 693 973 906
1541 2 2 0 2 722 962 721
1542 2 2 0 2 955 1086 819
1543 2 2 0 2 894 980 307
1544 2 2 0 2 862 1108 489
1545 2 2 0 2 440 1108 862
1546 2 2 0 2 976 998 695
1547 2 2 0 2 315 1044 488
1548 2 2 0 2 468 1044 316
1549 2 2 0 2 450 1045 319
1550 2 2 0 2 473 1086 955
1551 2 2 0 2 442 1046 238
1552 2 2 0 2 237 1046 478
1553 2 2 0 2 668 986 536
1554 2 2 0 2 443 1049 890
1555 2 2 0 2 514 989 562
1556 2 2 0 2 874 1106 476
1557 2 2 0 2 297 984 296
1558 2 2 0 2 780 860 659
1559 2 2 0 2 518 570 530
1560 2 2 0 2 558 571 537
1561 2 2 0 2 465 1047 286
1562 2 2 0 2 696 987 697
1563 2 2 0 2 313 1049 443
1564 2 2 0 2 488 1049 314
1565 2 2 0 2 765 1110 921
1566 2 2 0 2 476 1051 240
1567 2 2 0 2 239 1051 442
1568 2 2 0 2 721 903 645
1569 2 2 0 2 688 845 716
1570 2 2 0 2 734 746 692
1571 2 2 0 2 254 988 444
1572 2 2 0 2 468 1095 836
1573 2 2 0 2 255 1060 988
1574 2 2 0 2 573 820 611
1575 2 2 0 2 463 1060 256
1576 2 2 0 2 728 982 979
1577 2 2 0 2 850 852 851
1578 2 2 0 2 233 1092 995
1579 2 2 0 2 777 1007 538
1580 2 2 0 2 554 1088 969
1581 2 2 0 2 783 1121 927
1582 2 2 0 2 851 1118 849
1583 2 2 0 2 609 919 559
1584 2 2 0 2 580 581 577
1585 2 2 0 2 768 769 749
1586 2 2 0 2 979 982 637
1587 2 2 0 2 232 995 454
1588 2 2 0 2 936 1112 829
1589 2 2 0 2 853 1085 574
1590 2 2 0 2 551 993 549
1591 2 2 0 2 582 583 581
1592 2 2 0 2 584 643 583
1593 2 2 0 2 249 1116 248
1594 2 2 0 2 287 1091 465
1595 2 2 0 2 485 1091 288
1596 2 2 0 2 798 799 797
1597 2 2 0 2 466 1092 234
1598 2 2 0 2 273 1094 462
1599 2 2 0 2 317 1095 468
1600 2 2 0 2 214 1097 461
1601 2 2 0 2 443 1114 312
1602 2 2 0 2 311 1114 481
1603 2 2 0 2 489 1108 211
1604 2 2 0 2 210 1108 440
1605 2 2 0 2 829 1104 936
1606 2 2 0 2 481 1114 889
1607 2 2 0 2 461 1097 891
1608 2 2 0 2 439 1112 936
1609 2 2 0 2 843 1127 731
1610 2 2 0 2 984 1131 490
1611 2 2 0 2 974 1031 1012
1612 2 2 0 2 878 1040 466
1613 2 2 0 2 818 1096 830
1614 2 2 0 2 749 1000 747
1615 2 2 0 2 936 1104 480
1616 2 2 0 2 833 982 728
1617 2 2 0 2 638 981 915
1618 2 2 0 2 458 1036 916
1619 2 2 0 2 843 1133 992
1620 2 2 0 2 794 797 793
1621 2 2 0 2 213 999 212
1622 2 2 0 2 747 1000 750
1623 2 2 0 2 826 1106 755
1624 2 2 0 2 927 1121 446
1625 2 2 0 2 502 877 505
1626 2 2 0 2 880 1037 730
1627 2 2 0 2 921 1110 724
1628 2 2 0 2 1031 1053 605
1629 2 2 0 2 907 996 677
1630 2 2 0 2 643 1039 852
1631 2 2 0 2 878 1130 796
1632 2 2 0 2 248 1116 911
1633 2 2 0 2 702 1003 704
1634 2 2 0 2 496 901 499
1635 2 2 0 2 814 1074 904
1636 2 2 0 2 574 1085 1001
1637 2 2 0 2 988 1060 880
1638 2 2 0 2 585 1093 652
1639 2 2 0 2 704 1003 765
1640 2 2 0 2 562 989 978
1641 2 2 0 2 978 989 837
1642 2 2 0 2 582 1093 585
1643 2 2 0 2 570 578 530
1644 2 2 0 2 558 572 571
1645 2 2 0 2 755 1106 874
1646 2 2 0 2 995 1092 775
1647 2 2 0 2 813 1074 814
1648 2 2 0 2 285 1047 927
1649 2 2 0 2 748 1054 1011
1650 2 2 0 2 1037 1133 843
1651 2 2 0 2 724 1110 604
1652 2 2 0 2 800 1131 984
1653 2 2 0 2 769 1000 749
1654 2 2 0 2 486 992 953
1655 2 2 0 2 548 1012 605
1656 2 2 0 2 561 1034 592
1657 2 2 0 2 457 1013 928
1658 2 2 0 2 555 972 541
1659 2 2 0 2 881 1083 809
1660 2 2 0 2 487 1083 881
1661 2 2 0 2 1002 1071 754
1662 2 2 0 2 566 993 551
1663 2 2 0 2 855 1041 741
1664 2 2 0 2 738 998 714
1665 2 2 0 2 647 1015 816
1666 2 2 0 2 449 1052 870
1667 2 2 0 2 247 1120 452
1668 2 2 0 2 275 1018 274
1669 2 2 0 2 810 1103 882
1670 2 2 0 2 646 965 740
1671 2 2 0 2 924 1094 1018
1672 2 2 0 2 552 658 557
1673 2 2 0 2 708 1075 868
1674 2 2 0 2 1000 1001 750
1675 2 2 0 2 751 1070 890
1676 2 2 0 2 534 914 642
1677 2 2 0 2 775 1040 727
1678 2 2 0 2 752 1014 690
1679 2 2 0 2 868 1132 867
1680 2 2 0 2 539 1088 554
1681 2 2 0 2 949 1041 855
1682 2 2 0 2 750 1085 1080
1683 2 2 0 2 914 1010 642
1684 2 2 0 2 829 1129 1105
1685 2 2 0 2 700 1126 1025
1686 2 2 0 2 873 965 657
1687 2 2 0 2 838 1113 687
1688 2 2 0 2 736 1059 920
1689 2 2 0 2 920 1059 474
1690 2 2 0 2 833 1102 952
1691 2 2 0 2 207 1036 206
1692 2 2 0 2 647 776 641
1693 2 2 0 2 548 549 547
1694 2 2 0 2 531 532 529
1695 2 2 0 2 543 563 555
1696 2 2 0 2 499 500 498
1697 2 2 0 2 554 560 542
1698 2 2 0 2 557 559 553
1699 2 2 0 2 505 506 504
1700 2 2 0 2 1005 1029 699
1701 2 2 0 2 945 1057 732
1702 2 2 0 2 844 1054 824
1703 2 2 0 2 863 1081 781
1704 2 2 0 2 717 1043 866
1705 2 2 0 2 602 998 976
1706 2 2 0 2 1001 1085 750
1707 2 2 0 2 934 1017 455
1708 2 2 0 2 852 1004 643
1709 2 2 0 2 721 1122 903
1710 2 2 0 2 869 1070 780
1711 2 2 0 2 852 1089 851
1712 2 2 0 2 316 1044 315
1713 2 2 0 2 319 1045 318
1714 2 2 0 2 238 1046 237
1715 2 2 0 2 568 964 963
1716 2 2 0 2 493 1038 494
1717 2 2 0 2 890 1070 869
1718 2 2 0 2 977 1097 215
1719 2 2 0 2 286 1047 285
1720 2 2 0 2 908 1116 469
1721 2 2 0 2 786 1098 785
1722 2 2 0 2 314 1049 313
1723 2 2 0 2 1001 1126 700
1724 2 2 0 2 1000 1126 1001
1725 2 2 0 2 637 982 887
1726 2 2 0 2 911 1116 908
1727 2 2 0 2 240 1051 239
1728 2 2 0 2 972 1096 818
1729 2 2 0 2 876 1090 877
1730 2 2 0 2 605 1053 856
1731 2 2 0 2 944 1057 945
1732 2 2 0 2 618 1109 622
1733 2 2 0 2 871 1134 845
1734 2 2 0 2 922 1099 766
1735 2 2 0 2 563 897 614
1736 2 2 0 2 590 1035 560
1737 2 2 0 2 937 1052 449
1738 2 2 0 2 855 1086 473
1739 2 2 0 2 858 1072 685
1740 2 2 0 2 592 1015 598
1741 2 2 0 2 571 807 675
1742 2 2 0 2 673 1107 896
1743 2 2 0 2 256 1060 255
1744 2 2 0 2 702 1084 1003
1745 2 2 0 2 589 1084 702
1746 2 2 0 2 1043 1101 752
1747 2 2 0 2 458 1068 932
1748 2 2 0 2 929 1033 472
1749 2 2 0 2 472 1033 983
1750 2 2 0 2 452 1041 949
1751 2 2 0 2 674 1087 633
1752 2 2 0 2 619 1082 603
1753 2 2 0 2 591 1100 561
1754 2 2 0 2 455 1132 958
1755 2 2 0 2 770 1025 769
1756 2 2 0 2 483 1038 493
1757 2 2 0 2 898 1065 1024
1758 2 2 0 2 1016 1087 674
1759 2 2 0 2 743 1062 911
1760 2 2 0 2 513 1077 651
1761 2 2 0 2 983 1016 895
1762 2 2 0 2 816 1034 969
1763 2 2 0 2 969 1034 554
1764 2 2 0 2 808 1021 807
1765 2 2 0 2 808 1082 1006
1766 2 2 0 2 975 1107 673
1767 2 2 0 2 1018 1094 274
1768 2 2 0 2 685 1072 970
1769 2 2 0 2 750 1080 746
1770 2 2 0 2 904 1074 722
1771 2 2 0 2 642 1088 539
1772 2 2 0 2 797 1029 793
1773 2 2 0 2 719 1090 876
1774 2 2 0 2 983 1033 1016
1775 2 2 0 2 288 1091 287
1776 2 2 0 2 234 1092 233
1777 2 2 0 2 492 1057 944
1778 2 2 0 2 603 1082 808
1779 2 2 0 2 952 1102 926
1780 2 2 0 2 274 1094 273
1781 2 2 0 2 318 1095 317
1782 2 2 0 2 950 1071 460
1783 2 2 0 2 652 1098 684
1784 2 2 0 2 554 1034 561
1785 2 2 0 2 215 1097 214
1786 2 2 0 2 1045 1095 318
1787 2 2 0 2 248 1120 247
1788 2 2 0 2 471 1099 922
1789 2 2 0 2 915 1122 653
1790 2 2 0 2 974 1079 1031
1791 2 2 0 2 962 1074 813
1792 2 2 0 2 722 1074 962
1793 2 2 0 2 1063 1123 768
1794 2 2 0 2 211 1108 210
1795 2 2 0 2 967 1057 492
1796 2 2 0 2 312 1114 311
1797 2 2 0 2 469 1116 249
1798 2 2 0 2 1003 1110 765
1799 2 2 0 2 780 1119 860
1800 2 2 0 2 732 1057 967
1801 2 2 0 2 926 1102 445
1802 2 2 0 2 1010 1028 642
1803 2 2 0 2 793 1029 1005
1804 2 2 0 2 698 1119 751
1805 2 2 0 2 1041 1042 741
1806 2 2 0 2 718 1027 1022
1807 2 2 0 2 792 1025 789
1808 2 2 0 2 452 1120 1062
1809 2 2 0 2 675 807 760
1810 2 2 0 2 598 1015 625
1811 2 2 0 2 718 1022 872
1812 2 2 0 2 535 1008 540
1813 2 2 0 2 896 1107 737
1814 2 2 0 2 625 641 626
1815 2 2 0 2 601 664 595
1816 2 2 0 2 791 792 789
1817 2 2 0 2 546 547 545
1818 2 2 0 2 528 529 527
1819 2 2 0 2 639 1012 546
1820 2 2 0 2 744 1004 745
1821 2 2 0 2 545 1023 676
1822 2 2 0 2 697 884 883
1823 2 2 0 2 709 985 744
1824 2 2 0 2 540 543 541
1825 2 2 0 2 761 1048 990
1826 2 2 0 2 990 1048 858
1827 2 2 0 2 496 498 497
1828 2 2 0 2 539 542 538
1829 2 2 0 2 607 1024 601
1830 2 2 0 2 677 1024 607
1831 2 2 0 2 641 1027 626
1832 2 2 0 2 1007 1008 535
1833 2 2 0 2 552 553 551
1834 2 2 0 2 502 504 503
1835 2 2 0 2 935 1115 451
1836 2 2 0 2 575 1023 547
1837 2 2 0 2 885 888 567
1838 2 2 0 2 676 888 885
1839 2 2 0 2 1016 1033 773
1840 2 2 0 2 793 1005 792
1841 2 2 0 2 877 1090 505
1842 2 2 0 2 625 647 641
1843 2 2 0 2 791 793 792
1844 2 2 0 2 528 531 529
1845 2 2 0 2 546 548 547
1846 2 2 0 2 529 665 527
1847 2 2 0 2 543 555 541
1848 2 2 0 2 540 556 543
1849 2 2 0 2 498 695 497
1850 2 2 0 2 496 499 498
1851 2 2 0 2 539 554 542
1852 2 2 0 2 542 777 538
1853 2 2 0 2 553 566 551
1854 2 2 0 2 552 557 553
1855 2 2 0 2 502 505 504
1856 2 2 0 2 504 507 503
1857 2 2 0 2 595 1035 590
1858 2 2 0 2 614 897 635
1859 2 2 0 2 911 1120 248
1860 2 2 0 2 676 917 888
1861 2 2 0 2 697 1019 884
1862 2 2 0 2 635 897 757
1863 2 2 0 2 638 1006 981
1864 2 2 0 2 917 1010 888
1865 2 2 0 2 939 1083 487
1866 2 2 0 2 969 1088 1028
1867 2 2 0 2 1028 1088 642
1868 2 2 0 2 1029 1109 699
1869 2 2 0 2 774 1124 1050
1870 2 2 0 2 1105 1129 694
1871 2 2 0 2 883 1039 902
1872 2 2 0 2 992 1133 953
1873 2 2 0 2 460 1071 1002
1874 2 2 0 2 575 1064 917
1875 2 2 0 2 583 985 581
1876 2 2 0 2 940 1099 471
1877 2 2 0 2 820 1006 638
1878 2 2 0 2 1042 1062 743
1879 2 2 0 2 1075 1117 868
1880 2 2 0 2 801 1117 1075
1881 2 2 0 2 506 1118 504
1882 2 2 0 2 902 1039 643
1883 2 2 0 2 717 1101 1043
1884 2 2 0 2 478 1130 946
1885 2 2 0 2 807 1021 760
1886 2 2 0 2 968 1123 448
1887 2 2 0 2 953 1133 463
1888 2 2 0 2 973 974 639
1889 2 2 0 2 986 1081 665
1890 2 2 0 2 776 1022 641
1891 2 2 0 2 716 1101 717
1892 2 2 0 2 809 1083 997
1893 2 2 0 2 997 1083 939
1894 2 2 0 2 974 1125 1079
1895 2 2 0 2 771 1123 968
1896 2 2 0 2 540 1008 556
1897 2 2 0 2 860 1119 698
1898 2 2 0 2 451 1115 1020
1899 2 2 0 2 546 1012 548
1900 2 2 0 2 676 1023 917
1901 2 2 0 2 625 1015 647
1902 2 2 0 2 622 1109 1029
1903 2 2 0 2 970 1072 756
1904 2 2 0 2 1089 1118 851
1905 2 2 0 2 1031 1079 759
1906 2 2 0 2 1103 1129 882
1907 2 2 0 2 737 1107 975
1908 2 2 0 2 701 1082 619
1909 2 2 0 2 962 1122 721
1910 2 2 0 2 445 1102 1076
1911 2 2 0 2 604 1110 1003
1912 2 2 0 2 917 1023 575
1913 2 2 0 2 769 1126 1000
1914 2 2 0 2 653 1122 962
1915 2 2 0 2 507 1118 1089
1916 2 2 0 2 1020 1115 784
1917 2 2 0 2 1024 1065 664
1918 2 2 0 2 1048 1072 858
1919 2 2 0 2 507 1089 1019
1920 2 2 0 2 651 1125 1026
1921 2 2 0 2 1026 1125 973
1922 2 2 0 2 1019 1089 884
1923 2 2 0 2 1079 1125 651
1924 2 2 0 2 1076 1102 833
1925 2 2 0 2 1134 1135 845
1926 2 2 0 2 752 1101 1014
1927 2 2 0 2 1050 1124 773
1928 2 2 0 2 448 1123 1063
1929 2 2 0 2 882 1129 1112
1930 2 2 0 2 756 1072 1048
1931 2 2 0 2 504 1118 507
1932 2 2 0 2 1022 1027 641
1933 2 2 0 2 974 1012 639
1934 2 2 0 2 1062 1120 911
1935 2 2 0 2 1104 1105 828
1936 2 2 0 2 829 1105 1104
1937 2 2 0 2 547 1023 545
1938 2 2 0 2 601 1024 664
1939 2 2 0 2 884 1039 883
1940 2 2 0 2 664 1035 595
1941 2 2 0 2 796 1130 1078
1942 2 2 0 2 1078 1130 478
1943 2 2 0 2 1025 1126 769
1944 2 2 0 2 751 1119 1070
1945 2 2 0 2 609 1135 1134
1946 2 2 0 2 1112 1129 829
1947 2 2 0 2 1070 1119 780
1948 2 2 0 2 694 1129 1103
1949 2 2 0 2 1014 1101 716
1950 2 2 0 2 773 1124 1087
1951 2 2 0 2 1087 1124 772
1952 2 2 0 2 973 1125 974
1953 2 2 0 2 589 1100 1084
1954 2 2 0 2 1084 1100 591
1955 2 2 0 3 1621 1698 1689
1956 2 2 0 3 1418 1799 1335
1957 2 2 0 3 1288 1699 1444
1958 2 2 0 3 1224 1581 1221
1959 2 2 0 3 1437 1698 1429
1960 2 2 0 3 1422 1798 1368
1961 2 2 0 3 1558 1676 1169
1962 2 2 0 3 1510 1549 1150
1963 2 2 0 3 1213 1790 1214
1964 2 2 0 3 1264 1604 1225
1965 2 2 0 3 1482 1567 1180
1966 2 2 0 3 1341 1473 1469
1967 2 2 0 3 1474 1743 1379
1968 2 2 0 3 1469 1470 1468
1969 2 2 0 3 1420 1555 1393
1970 2 2 0 3 1265 1397 1273
1971 2 2 0 3 1299 1476 1438
1972 2 2 0 3 1534 1598 1487
1973 2 2 0 3 1582 1676 1558
1974 2 2 0 3 1403 1513 1512
1975 2 2 0 3 1341 1469 1468
1976 2 2 0 3 1491 1557 1447
1977 2 2 0 3 1158 1817 1525
1978 2 2 0 3 1461 1724 1643
1979 2 2 0 3 1540 1687 1427
1980 2 2 0 3 1566 1659 1549
1981 2 2 0 3 1306 1594 1261
1982 2 2 0 3 1345 1595 1344
1983 2 2 0 3 1463 1464 1388
1984 2 2 0 3 1351 1773 1459
1985 2 2 0 3 1175 1760 1490
1986 2 2 0 3 1598 1797 1487
1987 2 2 0 3 1528 1738 1188
1988 2 2 0 3 1480 1738 1528
1989 2 2 0 3 1473 1495 1469
1990 2 2 0 3 1470 1471 1408
1991 2 2 0 3 1469 1472 1470
1992 2 2 0 3 1391 1797 1598
1993 2 2 0 3 1549 1659 1150
1994 2 2 0 3 1500 1754 1660
1995 2 2 0 3 1214 1215 1213
1996 2 2 0 3 1354 1447 1446
1997 2 2 0 3 1369 1436 1435
1998 2 2 0 3 1533 1535 1534
1999 2 2 0 3 1501 1754 1500
2000 2 2 0 3 1357 1458 1457
2001 2 2 0 3 1384 1462 1461
2002 2 2 0 3 1461 1463 1383
2003 2 2 0 3 1360 1437 1429
2004 2 2 0 3 1207 1234 1208
2005 2 2 0 3 1208 1209 1206
2006 2 2 0 3 1398 1493 1415
2007 2 2 0 3 1490 1760 1491
2008 2 2 0 3 1397 1493 1398
2009 2 2 0 3 1317 1346 1345
2010 2 2 0 3 1260 1307 1306
2011 2 2 0 3 1276 1277 1257
2012 2 2 0 3 1258 1278 1276
2013 2 2 0 3 1268 1303 1301
2014 2 2 0 3 1285 1781 1287
2015 2 2 0 3 1445 1699 1546
2016 2 2 0 3 1643 1720 1461
2017 2 2 0 3 1486 1781 1285
2018 2 2 0 3 1214 1216 1215
2019 2 2 0 3 1535 1536 1534
2020 2 2 0 3 1393 1555 1532
2021 2 2 0 3 1208 1210 1209
2022 2 2 0 3 1234 1364 1208
2023 2 2 0 3 1554 1637 1555
2024 2 2 0 3 1346 1347 1345
2025 2 2 0 3 1307 1308 1306
2026 2 2 0 3 1276 1280 1277
2027 2 2 0 3 1278 1465 1276
2028 2 2 0 3 1303 1311 1301
2029 2 2 0 3 1520 1817 1158
2030 2 2 0 3 1447 1505 1446
2031 2 2 0 3 1634 1754 1741
2032 2 2 0 3 1504 1671 1402
2033 2 2 0 3 1551 1774 1410
2034 2 2 0 3 1160 1626 1489
2035 2 2 0 3 1543 1587 1317
2036 2 2 0 3 1476 1633 1438
2037 2 2 0 3 1453 1480 1427
2038 2 2 0 3 1722 1774 1551
2039 2 2 0 3 1495 1496 1145
2040 2 2 0 3 1660 1710 1500
2041 2 2 0 3 1450 1482 1474
2042 2 2 0 3 1412 1821 1743
2043 2 2 0 3 1489 1625 1160
2044 2 2 0 3 1444 1682 1288
2045 2 2 0 3 1386 1499 1462
2046 2 2 0 3 1373 1484 1452
2047 2 2 0 3 1481 1778 1672
2048 2 2 0 3 1265 1663 1397
2049 2 2 0 3 1481 1672 1388
2050 2 2 0 3 1741 1754 1501
2051 2 2 0 3 1184 1724 1605
2052 2 2 0 3 1459 1490 1405
2053 2 2 0 3 1432 1810 1338
2054 2 2 0 3 1518 1519 1517
2055 2 2 0 3 1517 1763 1529
2056 2 2 0 3 1529 1763 1148
2057 2 2 0 3 1457 1497 1389
2058 2 2 0 3 1266 1526 1262
2059 2 2 0 3 1546 1678 1445
2060 2 2 0 3 1404 1721 1475
2061 2 2 0 3 1500 1502 1390
2062 2 2 0 3 1391 1501 1500
2063 2 2 0 3 1524 1749 1185
2064 2 2 0 3 1482 1646 1607
2065 2 2 0 3 1462 1724 1461
2066 2 2 0 3 1392 1674 1596
2067 2 2 0 3 1484 1523 1152
2068 2 2 0 3 1555 1827 1532
2069 2 2 0 3 1689 1698 1437
2070 2 2 0 3 1516 1745 1515
2071 2 2 0 3 1436 1744 1435
2072 2 2 0 3 1429 1698 1569
2073 2 2 0 3 1461 1720 1463
2074 2 2 0 3 1497 1755 1166
2075 2 2 0 3 1507 1670 1508
2076 2 2 0 3 1185 1804 1524
2077 2 2 0 3 1358 1762 1538
2078 2 2 0 3 1594 1664 1261
2079 2 2 0 3 1463 1559 1464
2080 2 2 0 3 1457 1498 1497
2081 2 2 0 3 1484 1522 1452
2082 2 2 0 3 1152 1522 1484
2083 2 2 0 3 1156 1637 1554
2084 2 2 0 3 1603 1745 1516
2085 2 2 0 3 1607 1646 1141
2086 2 2 0 3 1455 1585 1253
2087 2 2 0 3 1496 1602 1145
2088 2 2 0 3 1415 1516 1515
2089 2 2 0 3 1362 1518 1517
2090 2 2 0 3 1273 1292 1284
2091 2 2 0 3 1513 1592 1512
2092 2 2 0 3 1601 1603 1516
2093 2 2 0 3 1528 1816 1540
2094 2 2 0 3 1259 1545 1209
2095 2 2 0 3 1478 1768 1456
2096 2 2 0 3 1256 1609 1250
2097 2 2 0 3 1567 1654 1180
2098 2 2 0 3 1395 1542 1443
2099 2 2 0 3 1458 1694 1457
2100 2 2 0 3 1480 1528 1427
2101 2 2 0 3 1284 1293 1285
2102 2 2 0 3 1294 1300 1278
2103 2 2 0 3 1538 1762 1449
2104 2 2 0 3 1466 1506 1263
2105 2 2 0 3 407 1602 406
2106 2 2 0 3 1510 1511 1418
2107 2 2 0 3 1295 1296 1294
2108 2 2 0 3 1287 1290 1289
2109 2 2 0 3 1512 1771 1504
2110 2 2 0 3 1180 1646 1482
2111 2 2 0 3 1234 1577 1364
2112 2 2 0 3 1185 1749 1623
2113 2 2 0 3 1250 1609 1263
2114 2 2 0 3 1500 1710 1502
2115 2 2 0 3 1556 1782 1169
2116 2 2 0 3 1401 1512 1504
2117 2 2 0 3 1323 1803 1518
2118 2 2 0 3 1266 1527 1526
2119 2 2 0 3 1468 1470 1408
2120 2 2 0 3 1605 1728 1184
2121 2 2 0 3 1456 1541 1422
2122 2 2 0 3 1460 1773 1351
2123 2 2 0 3 431 1603 430
2124 2 2 0 3 1426 1448 1439
2125 2 2 0 3 1703 1751 1704
2126 2 2 0 3 1425 1426 1300
2127 2 2 0 3 1158 1651 1520
2128 2 2 0 3 1433 1729 1434
2129 2 2 0 3 1434 1729 1537
2130 2 2 0 3 1452 1565 1343
2131 2 2 0 3 1439 1465 1300
2132 2 2 0 3 1621 1689 1186
2133 2 2 0 3 1426 1687 1448
2134 2 2 0 3 1414 1570 1433
2135 2 2 0 3 1494 1764 1584
2136 2 2 0 3 1166 1588 1497
2137 2 2 0 3 1419 1565 1549
2138 2 2 0 3 1167 1770 1511
2139 2 2 0 3 1259 1546 1545
2140 2 2 0 3 1490 1653 1175
2141 2 2 0 3 409 1597 408
2142 2 2 0 3 1431 1554 1420
2143 2 2 0 3 1734 1770 1167
2144 2 2 0 3 1729 1748 1147
2145 2 2 0 3 1169 1782 1558
2146 2 2 0 3 1354 1446 1355
2147 2 2 0 3 1369 1435 1370
2148 2 2 0 3 1521 1601 1516
2149 2 2 0 3 1533 1534 1487
2150 2 2 0 3 1508 1589 1506
2151 2 2 0 3 1351 1459 1405
2152 2 2 0 3 1414 1433 1399
2153 2 2 0 3 1355 1732 1458
2154 2 2 0 3 1373 1452 1343
2155 2 2 0 3 1395 1443 1396
2156 2 2 0 3 1357 1457 1389
2157 2 2 0 3 1384 1461 1383
2158 2 2 0 3 1328 1408 1360
2159 2 2 0 3 1360 1429 1392
2160 2 2 0 3 1394 1420 1393
2161 2 2 0 3 1265 1273 1266
2162 2 2 0 3 1381 1474 1379
2163 2 2 0 3 1477 1751 1703
2164 2 2 0 3 1450 1474 1381
2165 2 2 0 3 1207 1208 1206
2166 2 2 0 3 1529 1721 1404
2167 2 2 0 3 1404 1475 1409
2168 2 2 0 3 1253 1586 1455
2169 2 2 0 3 1705 1706 1374
2170 2 2 0 3 1482 1607 1474
2171 2 2 0 3 1503 1805 1400
2172 2 2 0 3 1294 1425 1300
2173 2 2 0 3 1507 1508 1506
2174 2 2 0 3 1447 1492 1491
2175 2 2 0 3 1525 1638 1158
2176 2 2 0 3 1596 1674 1416
2177 2 2 0 3 1588 1654 1567
2178 2 2 0 3 1517 1529 1404
2179 2 2 0 3 1429 1569 1494
2180 2 2 0 3 1317 1345 1344
2181 2 2 0 3 1260 1306 1261
2182 2 2 0 3 1258 1276 1257
2183 2 2 0 3 1268 1301 1256
2184 2 2 0 3 1202 1271 1205
2185 2 2 0 3 1488 1576 1436
2186 2 2 0 3 1450 1568 1567
2187 2 2 0 3 1443 1601 1521
2188 2 2 0 3 1459 1765 1490
2189 2 2 0 3 1510 1610 1511
2190 2 2 0 3 1536 1615 1561
2191 2 2 0 3 1403 1711 1514
2192 2 2 0 3 1408 1777 1360
2193 2 2 0 3 1580 1581 1553
2194 2 2 0 3 1471 1642 1186
2195 2 2 0 3 1225 1604 1228
2196 2 2 0 3 1711 1756 1514
2197 2 2 0 3 1446 1732 1355
2198 2 2 0 3 1189 1754 1634
2199 2 2 0 3 1450 1762 1568
2200 2 2 0 3 1136 1605 1499
2201 2 2 0 3 1499 1605 1462
2202 2 2 0 3 1259 1678 1546
2203 2 2 0 3 1202 1675 1271
2204 2 2 0 3 1499 1753 1136
2205 2 2 0 3 1709 1750 1719
2206 2 2 0 3 1520 1651 1519
2207 2 2 0 3 1300 1465 1278
2208 2 2 0 3 1263 1609 1466
2209 2 2 0 3 1494 1584 1441
2210 2 2 0 3 1498 1755 1497
2211 2 2 0 3 1669 1780 1611
2212 2 2 0 3 1321 1503 1400
2213 2 2 0 3 1371 1509 1483
2214 2 2 0 3 1207 1593 1255
2215 2 2 0 3 1464 1752 1481
2216 2 2 0 3 1186 1689 1471
2217 2 2 0 3 1532 1827 1658
2218 2 2 0 3 1164 1809 1472
2219 2 2 0 3 1375 1697 1675
2220 2 2 0 3 1537 1690 1535
2221 2 2 0 3 1561 1615 1154
2222 2 2 0 3 1571 1748 1729
2223 2 2 0 3 1403 1514 1513
2224 2 2 0 3 1279 1725 1712
2225 2 2 0 3 1464 1481 1388
2226 2 2 0 3 1391 1500 1390
2227 2 2 0 3 1497 1588 1568
2228 2 2 0 3 1611 1657 1170
2229 2 2 0 3 1369 1488 1436
2230 2 2 0 3 1423 1456 1422
2231 2 2 0 3 1429 1494 1441
2232 2 2 0 3 1430 1431 1420
2233 2 2 0 3 1273 1284 1274
2234 2 2 0 3 1401 1504 1402
2235 2 2 0 3 1255 1593 1543
2236 2 2 0 3 1514 1759 1513
2237 2 2 0 3 1197 1677 1195
2238 2 2 0 3 1712 1725 1507
2239 2 2 0 3 1366 1581 1224
2240 2 2 0 3 1150 1610 1510
2241 2 2 0 3 1452 1566 1565
2242 2 2 0 3 1565 1566 1549
2243 2 2 0 3 1515 1745 1622
2244 2 2 0 3 1419 1510 1418
2245 2 2 0 3 1286 1527 1274
2246 2 2 0 3 1535 1826 1537
2247 2 2 0 3 1570 1571 1433
2248 2 2 0 3 1506 1589 1263
2249 2 2 0 3 1415 1515 1414
2250 2 2 0 3 1386 1462 1384
2251 2 2 0 3 1383 1463 1388
2252 2 2 0 3 1355 1458 1357
2253 2 2 0 3 1362 1517 1404
2254 2 2 0 3 1148 1617 1529
2255 2 2 0 3 1568 1588 1567
2256 2 2 0 3 1399 1662 1292
2257 2 2 0 3 1239 1726 1477
2258 2 2 0 3 1253 1585 1240
2259 2 2 0 3 1632 1633 1476
2260 2 2 0 3 1559 1720 1159
2261 2 2 0 3 1463 1720 1559
2262 2 2 0 3 1610 1714 1511
2263 2 2 0 3 1490 1491 1405
2264 2 2 0 3 1212 1467 1410
2265 2 2 0 3 1670 1719 1508
2266 2 2 0 3 1671 1791 1402
2267 2 2 0 3 1323 1518 1362
2268 2 2 0 3 1447 1557 1505
2269 2 2 0 3 1505 1557 1153
2270 2 2 0 3 1658 1827 1178
2271 2 2 0 3 1137 1749 1710
2272 2 2 0 3 1719 1750 1508
2273 2 2 0 3 1375 1767 1697
2274 2 2 0 3 1427 1687 1426
2275 2 2 0 3 1188 1667 1528
2276 2 2 0 3 1438 1668 1194
2277 2 2 0 3 1502 1749 1524
2278 2 2 0 3 1326 1488 1369
2279 2 2 0 3 1334 1699 1288
2280 2 2 0 3 1483 1769 1371
2281 2 2 0 3 1423 1478 1456
2282 2 2 0 3 1284 1285 1274
2283 2 2 0 3 1498 1747 365
2284 2 2 0 3 1279 1294 1278
2285 2 2 0 3 1515 1742 1414
2286 2 2 0 3 365 1755 1498
2287 2 2 0 3 1335 1799 1338
2288 2 2 0 3 1403 1512 1401
2289 2 2 0 3 1309 1665 1308
2290 2 2 0 3 1660 1754 1189
2291 2 2 0 3 1299 1695 1476
2292 2 2 0 3 1472 1809 1470
2293 2 2 0 3 1578 1661 1577
2294 2 2 0 3 1552 1661 1578
2295 2 2 0 3 1542 1600 1443
2296 2 2 0 3 1611 1795 1657
2297 2 2 0 3 1172 1659 1566
2298 2 2 0 3 1368 1798 1367
2299 2 2 0 3 1165 1685 1570
2300 2 2 0 3 1454 1677 1200
2301 2 2 0 3 406 1602 1182
2302 2 2 0 3 1145 1602 407
2303 2 2 0 3 1212 1790 1213
2304 2 2 0 3 1605 1724 1462
2305 2 2 0 3 1579 1829 1269
2306 2 2 0 3 1279 1295 1294
2307 2 2 0 3 1373 1584 1484
2308 2 2 0 3 1285 1287 1286
2309 2 2 0 3 1292 1662 1284
2310 2 2 0 3 1287 1289 1288
2311 2 2 0 3 1435 1582 1558
2312 2 2 0 3 1229 1683 1226
2313 2 2 0 3 430 1603 1140
2314 2 2 0 3 1173 1603 431
2315 2 2 0 3 1434 1826 1533
2316 2 2 0 3 1192 1668 1616
2317 2 2 0 3 408 1597 1145
2318 2 2 0 3 1272 1691 1589
2319 2 2 0 3 1352 1460 1351
2320 2 2 0 3 1550 1551 1410
2321 2 2 0 3 1391 1598 1501
2322 2 2 0 3 1445 1530 1361
2323 2 2 0 3 1502 1524 1503
2324 2 2 0 3 1308 1665 1335
2325 2 2 0 3 1409 1695 1684
2326 2 2 0 3 1622 1742 1515
2327 2 2 0 3 1195 1677 1299
2328 2 2 0 3 1320 1503 1321
2329 2 2 0 3 1553 1581 1366
2330 2 2 0 3 1169 1735 1556
2331 2 2 0 3 1349 1492 1347
2332 2 2 0 3 1493 1521 1415
2333 2 2 0 3 1576 1626 1183
2334 2 2 0 3 1497 1568 1389
2335 2 2 0 3 1257 1726 1239
2336 2 2 0 3 1240 1585 1260
2337 2 2 0 3 1411 1578 1577
2338 2 2 0 3 1425 1453 1427
2339 2 2 0 3 1578 1784 1552
2340 2 2 0 3 1743 1821 1379
2341 2 2 0 3 1643 1724 1184
2342 2 2 0 3 1382 1538 1449
2343 2 2 0 3 1475 1632 1476
2344 2 2 0 3 1163 1733 1541
2345 2 2 0 3 1209 1545 1206
2346 2 2 0 3 1575 1604 1264
2347 2 2 0 3 1382 1539 1538
2348 2 2 0 3 1435 1744 1582
2349 2 2 0 3 1341 1468 1304
2350 2 2 0 3 1269 1708 1579
2351 2 2 0 3 1611 1780 1407
2352 2 2 0 3 1589 1691 1263
2353 2 2 0 3 1581 1692 1221
2354 2 2 0 3 1472 1723 1164
2355 2 2 0 3 1544 1829 1539
2356 2 2 0 3 1397 1663 1493
2357 2 2 0 3 1710 1749 1502
2358 2 2 0 3 1637 1827 1555
2359 2 2 0 3 1347 1492 1354
2360 2 2 0 3 1255 1543 1317
2361 2 2 0 3 1473 1496 1495
2362 2 2 0 3 1524 1805 1503
2363 2 2 0 3 1315 1785 1551
2364 2 2 0 3 1299 1438 1194
2365 2 2 0 3 1204 1454 1200
2366 2 2 0 3 1162 1771 1592
2367 2 2 0 3 1592 1771 1512
2368 2 2 0 3 1528 1540 1427
2369 2 2 0 3 1274 1527 1266
2370 2 2 0 3 1214 1217 1216
2371 2 2 0 3 1216 1580 1215
2372 2 2 0 3 1210 1211 1209
2373 2 2 0 3 1347 1348 1345
2374 2 2 0 3 1346 1349 1347
2375 2 2 0 3 1267 1580 1553
2376 2 2 0 3 1307 1309 1308
2377 2 2 0 3 1308 1310 1306
2378 2 2 0 3 1280 1281 1277
2379 2 2 0 3 1303 1326 1311
2380 2 2 0 3 1435 1558 1485
2381 2 2 0 3 1704 1751 1586
2382 2 2 0 3 1419 1549 1510
2383 2 2 0 3 1338 1810 1395
2384 2 2 0 3 1439 1711 1465
2385 2 2 0 3 1453 1778 1480
2386 2 2 0 3 1459 1773 1730
2387 2 2 0 3 1518 1520 1519
2388 2 2 0 3 1450 1567 1482
2389 2 2 0 3 409 1723 1597
2390 2 2 0 3 1577 1661 1364
2391 2 2 0 3 1727 1732 1446
2392 2 2 0 3 1455 1693 1416
2393 2 2 0 3 1484 1584 1523
2394 2 2 0 3 1335 1419 1418
2395 2 2 0 3 1467 1550 1410
2396 2 2 0 3 1533 1826 1535
2397 2 2 0 3 1433 1434 1399
2398 2 2 0 3 1368 1423 1422
2399 2 2 0 3 1328 1468 1408
2400 2 2 0 3 1429 1441 1392
2401 2 2 0 3 1394 1430 1420
2402 2 2 0 3 1273 1274 1266
2403 2 2 0 3 1650 1732 1727
2404 2 2 0 3 1496 1791 1671
2405 2 2 0 3 1475 1476 1409
2406 2 2 0 3 1580 1692 1581
2407 2 2 0 3 1286 1682 1527
2408 2 2 0 3 1536 1690 1174
2409 2 2 0 3 1768 1793 1456
2410 2 2 0 3 1471 1777 1408
2411 2 2 0 3 1301 1302 1256
2412 2 2 0 3 1535 1690 1536
2413 2 2 0 3 1658 1753 1532
2414 2 2 0 3 1374 1591 1407
2415 2 2 0 3 1173 1745 1603
2416 2 2 0 3 1273 1397 1292
2417 2 2 0 3 1196 1705 1374
2418 2 2 0 3 1733 1772 1541
2419 2 2 0 3 1456 1793 1608
2420 2 2 0 3 1622 1745 1173
2421 2 2 0 3 1177 1736 1523
2422 2 2 0 3 1536 1561 1534
2423 2 2 0 3 1523 1764 1177
2424 2 2 0 3 1416 1693 1596
2425 2 2 0 3 1293 1486 1285
2426 2 2 0 3 1296 1425 1294
2427 2 2 0 3 1295 1297 1296
2428 2 2 0 3 1290 1291 1289
2429 2 2 0 3 1781 1797 1342
2430 2 2 0 3 1226 1683 1366
2431 2 2 0 3 1486 1797 1781
2432 2 2 0 3 1546 1699 1548
2433 2 2 0 3 1426 1439 1300
2434 2 2 0 3 1425 1427 1426
2435 2 2 0 3 1466 1609 1563
2436 2 2 0 3 1407 1780 1701
2437 2 2 0 3 1730 1773 1619
2438 2 2 0 3 1640 1738 1480
2439 2 2 0 3 1478 1780 1669
2440 2 2 0 3 1302 1832 1563
2441 2 2 0 3 1161 1795 1737
2442 2 2 0 3 392 1560 391
2443 2 2 0 3 1616 1668 1187
2444 2 2 0 3 1479 1829 1579
2445 2 2 0 3 1144 1560 392
2446 2 2 0 3 1684 1695 1454
2447 2 2 0 3 1570 1685 1571
2448 2 2 0 3 1669 1779 1478
2449 2 2 0 3 1361 1530 1275
2450 2 2 0 3 1617 1721 1529
2451 2 2 0 3 1435 1485 1370
2452 2 2 0 3 1445 1678 1530
2453 2 2 0 3 1354 1492 1447
2454 2 2 0 3 1504 1813 1671
2455 2 2 0 3 1316 1577 1234
2456 2 2 0 3 1174 1615 1536
2457 2 2 0 3 1448 1756 1439
2458 2 2 0 3 1722 1785 1241
2459 2 2 0 3 1477 1726 1365
2460 2 2 0 3 1591 1611 1407
2461 2 2 0 3 1526 1787 1262
2462 2 2 0 3 1168 1721 1617
2463 2 2 0 3 1317 1587 1346
2464 2 2 0 3 1145 1597 1495
2465 2 2 0 3 1554 1556 1156
2466 2 2 0 3 1140 1601 1600
2467 2 2 0 3 1251 1787 1673
2468 2 2 0 3 1645 1687 1540
2469 2 2 0 3 1253 1704 1586
2470 2 2 0 3 1268 1583 1303
2471 2 2 0 3 1382 1544 1539
2472 2 2 0 3 1284 1662 1293
2473 2 2 0 3 1315 1551 1550
2474 2 2 0 3 1410 1790 1212
2475 2 2 0 3 1138 1635 1569
2476 2 2 0 3 1589 1750 1272
2477 2 2 0 3 1508 1750 1589
2478 2 2 0 3 1367 1798 1424
2479 2 2 0 3 1551 1785 1722
2480 2 2 0 3 1338 1799 1432
2481 2 2 0 3 1576 1794 1626
2482 2 2 0 3 1140 1603 1601
2483 2 2 0 3 1513 1612 1592
2484 2 2 0 3 1289 1590 1334
2485 2 2 0 3 1595 1702 1344
2486 2 2 0 3 1246 1691 1272
2487 2 2 0 3 1217 1218 1216
2488 2 2 0 3 1210 1212 1211
2489 2 2 0 3 1211 1259 1209
2490 2 2 0 3 1347 1354 1348
2491 2 2 0 3 1346 1350 1349
2492 2 2 0 3 1308 1335 1310
2493 2 2 0 3 1307 1330 1309
2494 2 2 0 3 1281 1282 1277
2495 2 2 0 3 1280 1324 1281
2496 2 2 0 3 1303 1327 1326
2497 2 2 0 3 1326 1369 1311
2498 2 2 0 3 1441 1674 1392
2499 2 2 0 3 1443 1521 1396
2500 2 2 0 3 1570 1742 1165
2501 2 2 0 3 1170 1669 1611
2502 2 2 0 3 1554 1555 1420
2503 2 2 0 3 1431 1556 1554
2504 2 2 0 3 1419 1665 1565
2505 2 2 0 3 1397 1398 1292
2506 2 2 0 3 1293 1487 1486
2507 2 2 0 3 1178 1827 1637
2508 2 2 0 3 1295 1312 1297
2509 2 2 0 3 1296 1453 1425
2510 2 2 0 3 1650 1815 1458
2511 2 2 0 3 1421 1562 1387
2512 2 2 0 3 1290 1320 1291
2513 2 2 0 3 1442 1564 1359
2514 2 2 0 3 1598 1741 1501
2515 2 2 0 3 1561 1741 1598
2516 2 2 0 3 1421 1563 1562
2517 2 2 0 3 1235 1703 1230
2518 2 2 0 3 1533 1662 1434
2519 2 2 0 3 1191 1705 1193
2520 2 2 0 3 1411 1577 1316
2521 2 2 0 3 1761 1800 1364
2522 2 2 0 3 1153 1656 1505
2523 2 2 0 3 1314 1553 1483
2524 2 2 0 3 1480 1778 1640
2525 2 2 0 3 1737 1795 1591
2526 2 2 0 3 1680 1810 1432
2527 2 2 0 3 1432 1734 1680
2528 2 2 0 3 1689 1777 1471
2529 2 2 0 3 1326 1808 1488
2530 2 2 0 3 1559 1560 1464
2531 2 2 0 3 1696 1833 1301
2532 2 2 0 3 1217 1219 1218
2533 2 2 0 3 1212 1213 1211
2534 2 2 0 3 1350 1351 1349
2535 2 2 0 3 1354 1355 1348
2536 2 2 0 3 1335 1338 1310
2537 2 2 0 3 1330 1331 1309
2538 2 2 0 3 1280 1325 1324
2539 2 2 0 3 1281 1283 1282
2540 2 2 0 3 1327 1378 1326
2541 2 2 0 3 1369 1370 1311
2542 2 2 0 3 1360 1777 1437
2543 2 2 0 3 1430 1485 1431
2544 2 2 0 3 1398 1399 1292
2545 2 2 0 3 1293 1533 1487
2546 2 2 0 3 1312 1313 1297
2547 2 2 0 3 1320 1321 1291
2548 2 2 0 3 1290 1342 1320
2549 2 2 0 3 1210 1467 1212
2550 2 2 0 3 1301 1833 1302
2551 2 2 0 3 1387 1562 1394
2552 2 2 0 3 1359 1564 1368
2553 2 2 0 3 1348 1595 1345
2554 2 2 0 3 1310 1594 1306
2555 2 2 0 3 1620 1801 1424
2556 2 2 0 3 1219 1220 1218
2557 2 2 0 3 1355 1356 1348
2558 2 2 0 3 1350 1352 1351
2559 2 2 0 3 1351 1405 1349
2560 2 2 0 3 1338 1339 1310
2561 2 2 0 3 1330 1416 1331
2562 2 2 0 3 1331 1343 1309
2563 2 2 0 3 1283 1298 1282
2564 2 2 0 3 1325 1401 1324
2565 2 2 0 3 1327 1379 1378
2566 2 2 0 3 1398 1414 1399
2567 2 2 0 3 1313 1318 1297
2568 2 2 0 3 1342 1390 1320
2569 2 2 0 3 1321 1322 1291
2570 2 2 0 3 1414 1742 1570
2571 2 2 0 3 1291 1590 1289
2572 2 2 0 3 1219 1222 1220
2573 2 2 0 3 1220 1221 1218
2574 2 2 0 3 1350 1353 1352
2575 2 2 0 3 1355 1357 1356
2576 2 2 0 3 1330 1455 1416
2577 2 2 0 3 1338 1395 1339
2578 2 2 0 3 1331 1373 1343
2579 2 2 0 3 1401 1402 1324
2580 2 2 0 3 1325 1403 1401
2581 2 2 0 3 1283 1304 1298
2582 2 2 0 3 1327 1380 1379
2583 2 2 0 3 1398 1415 1414
2584 2 2 0 3 1313 1319 1318
2585 2 2 0 3 1321 1323 1322
2586 2 2 0 3 1342 1391 1390
2587 2 2 0 3 1219 1241 1222
2588 2 2 0 3 1220 1223 1221
2589 2 2 0 3 1353 1359 1352
2590 2 2 0 3 1357 1358 1356
2591 2 2 0 3 1395 1396 1339
2592 2 2 0 3 1283 1341 1304
2593 2 2 0 3 1304 1305 1298
2594 2 2 0 3 1380 1381 1379
2595 2 2 0 3 1319 1383 1318
2596 2 2 0 3 1321 1400 1323
2597 2 2 0 3 1323 1336 1322
2598 2 2 0 3 1223 1224 1221
2599 2 2 0 3 1241 1242 1222
2600 2 2 0 3 1358 1406 1356
2601 2 2 0 3 1357 1389 1358
2602 2 2 0 3 1359 1367 1352
2603 2 2 0 3 1353 1442 1359
2604 2 2 0 3 1396 1451 1339
2605 2 2 0 3 1304 1328 1305
2606 2 2 0 3 1380 1382 1381
2607 2 2 0 3 1319 1384 1383
2608 2 2 0 3 1383 1388 1318
2609 2 2 0 3 1323 1362 1336
2610 2 2 0 3 1241 1243 1242
2611 2 2 0 3 1242 1376 1222
2612 2 2 0 3 1223 1225 1224
2613 2 2 0 3 1359 1368 1367
2614 2 2 0 3 1358 1538 1406
2615 2 2 0 3 1396 1493 1451
2616 2 2 0 3 1328 1329 1305
2617 2 2 0 3 1380 1544 1382
2618 2 2 0 3 1382 1449 1381
2619 2 2 0 3 1319 1385 1384
2620 2 2 0 3 1362 1363 1336
2621 2 2 0 3 1223 1264 1225
2622 2 2 0 3 1328 1360 1329
2623 2 2 0 3 1449 1450 1381
2624 2 2 0 3 1329 1377 1305
2625 2 2 0 3 1385 1386 1384
2626 2 2 0 3 1363 1417 1336
2627 2 2 0 3 1362 1404 1363
2628 2 2 0 3 1360 1392 1329
2629 2 2 0 3 1385 1387 1386
2630 2 2 0 3 1404 1409 1363
2631 2 2 0 3 1387 1393 1386
2632 2 2 0 3 1385 1421 1387
2633 2 2 0 3 1387 1394 1393
2634 2 2 0 3 1303 1583 1327
2635 2 2 0 3 1336 1572 1322
2636 2 2 0 3 1444 1445 1361
2637 2 2 0 3 1509 1526 1372
2638 2 2 0 3 1238 1371 1233
2639 2 2 0 3 1417 1572 1336
2640 2 2 0 3 1413 1444 1361
2641 2 2 0 3 1483 1509 1372
2642 2 2 0 3 1237 1238 1233
2643 2 2 0 3 1231 1333 1236
2644 2 2 0 3 1222 1574 1220
2645 2 2 0 3 1220 1574 1223
2646 2 2 0 3 1223 1574 1264
2647 2 2 0 3 1340 1413 1361
2648 2 2 0 3 1314 1483 1372
2649 2 2 0 3 1376 1574 1222
2650 2 2 0 3 1193 1194 1192
2651 2 2 0 3 1247 1270 1249
2652 2 2 0 3 1231 1236 1235
2653 2 2 0 3 1232 1237 1233
2654 2 2 0 3 1265 1266 1262
2655 2 2 0 3 1374 1407 1375
2656 2 2 0 3 1385 1718 1421
2657 2 2 0 3 1313 1718 1319
2658 2 2 0 3 347 1170 346
2659 2 2 0 3 340 1187 339
2660 2 2 0 3 428 1179 427
2661 2 2 0 3 349 1151 348
2662 2 2 0 3 325 1189 324
2663 2 2 0 3 367 1166 366
2664 2 2 0 3 426 1167 425
2665 2 2 0 3 413 1186 412
2666 2 2 0 3 408 1145 407
2667 2 2 0 3 376 1183 375
2668 2 2 0 3 406 1182 405
2669 2 2 0 3 360 1153 359
2670 2 2 0 3 352 1163 351
2671 2 2 0 3 411 1164 410
2672 2 2 0 3 354 1176 353
2673 2 2 0 3 356 1139 355
2674 2 2 0 3 415 1138 414
2675 2 2 0 3 421 1172 420
2676 2 2 0 3 331 1158 330
2677 2 2 0 3 390 1159 389
2678 2 2 0 3 6 1174 438
2679 2 2 0 3 397 1155 396
2680 2 2 0 3 362 1171 361
2681 2 2 0 3 386 1136 385
2682 2 2 0 3 338 1157 337
2683 2 2 0 3 369 1180 368
2684 2 2 0 3 334 1148 333
2685 2 2 0 3 358 1175 357
2686 2 2 0 3 434 1165 433
2687 2 2 0 3 323 1154 322
2688 2 2 0 3 329 1185 328
2689 2 2 0 3 382 1156 381
2690 2 2 0 3 327 1137 326
2691 2 2 0 3 384 1178 383
2692 2 2 0 3 364 1149 363
2693 2 2 0 3 423 1150 422
2694 2 2 0 3 336 1168 335
2695 2 2 0 3 417 1177 416
2696 2 2 0 3 388 1184 387
2697 2 2 0 3 393 1144 392
2698 2 2 0 3 399 1181 398
2699 2 2 0 3 432 1173 431
2700 2 2 0 3 395 1188 394
2701 2 2 0 3 371 1141 370
2702 2 2 0 3 419 1152 418
2703 2 2 0 3 378 1146 377
2704 2 2 0 3 437 1147 436
2705 2 2 0 3 430 1140 429
2706 2 2 0 3 374 1160 373
2707 2 2 0 3 342 1142 341
2708 2 2 0 3 401 1143 400
2709 2 2 0 3 345 1161 344
2710 2 2 0 3 404 1162 403
2711 2 2 0 3 380 1169 379
2712 2 2 0 3 1564 1825 1697
2713 2 2 0 3 1319 1718 1385
2714 2 2 0 3 1314 1372 1340
2715 2 2 0 3 1340 1361 1275
2716 2 2 0 3 1344 1479 1411
2717 2 2 0 3 1428 1705 1191
2718 2 2 0 3 1191 1193 1192
2719 2 2 0 3 1231 1235 1230
2720 2 2 0 3 1247 1249 1248
2721 2 2 0 3 1232 1233 1229
2722 2 2 0 3 1230 1703 1232
2723 2 2 0 3 1261 1265 1262
2724 2 2 0 3 1374 1375 1198
2725 2 2 0 3 1199 1200 1197
2726 2 2 0 3 1205 1207 1206
2727 2 2 0 3 1481 1752 1640
2728 2 2 0 3 1327 1583 1380
2729 2 2 0 3 1215 1580 1267
2730 2 2 0 3 1573 1776 1548
2731 2 2 0 3 1166 1654 1588
2732 2 2 0 3 1380 1583 1544
2733 2 2 0 3 1194 1668 1192
2734 2 2 0 3 1314 1340 1275
2735 2 2 0 3 1267 1553 1314
2736 2 2 0 3 1344 1411 1316
2737 2 2 0 3 1527 1682 1413
2738 2 2 0 3 1346 1587 1350
2739 2 2 0 3 1322 1590 1291
2740 2 2 0 3 1190 1428 1191
2741 2 2 0 3 1157 1633 1632
2742 2 2 0 3 1191 1192 1142
2743 2 2 0 3 1672 1778 1453
2744 2 2 0 3 1697 1825 1271
2745 2 2 0 3 1337 1507 1506
2746 2 2 0 3 1228 1231 1230
2747 2 2 0 3 1230 1232 1229
2748 2 2 0 3 1247 1248 1246
2749 2 2 0 3 1261 1262 1251
2750 2 2 0 3 1198 1199 1197
2751 2 2 0 3 1196 1374 1198
2752 2 2 0 3 1254 1269 1268
2753 2 2 0 3 1205 1206 1203
2754 2 2 0 3 1557 1614 1153
2755 2 2 0 3 1449 1762 1450
2756 2 2 0 3 1339 1594 1310
2757 2 2 0 3 1293 1662 1533
2758 2 2 0 3 1356 1595 1348
2759 2 2 0 3 1200 1677 1197
2760 2 2 0 3 1371 1769 1683
2761 2 2 0 3 1350 1587 1353
2762 2 2 0 3 1392 1596 1329
2763 2 2 0 3 1511 1714 1167
2764 2 2 0 3 1448 1687 1645
2765 2 2 0 3 1371 1673 1509
2766 2 2 0 3 1479 1579 1411
2767 2 2 0 3 1458 1732 1650
2768 2 2 0 3 1675 1789 1375
2769 2 2 0 3 1575 1709 1604
2770 2 2 0 3 1548 1731 1573
2771 2 2 0 3 1172 1806 1740
2772 2 2 0 3 1563 1715 1466
2773 2 2 0 3 1530 1688 1227
2774 2 2 0 3 1324 1599 1281
2775 2 2 0 3 1552 1666 1315
2776 2 2 0 3 1451 1664 1594
2777 2 2 0 3 1365 1751 1477
2778 2 2 0 3 1572 1590 1322
2779 2 2 0 3 1456 1608 1541
2780 2 2 0 3 1281 1599 1283
2781 2 2 0 3 1584 1764 1523
2782 2 2 0 3 1400 1803 1323
2783 2 2 0 3 1540 1818 1645
2784 2 2 0 3 1563 1609 1302
2785 2 2 0 3 1245 1666 1247
2786 2 2 0 3 1606 1750 1709
2787 2 2 0 3 1165 1742 1622
2788 2 2 0 3 1262 1787 1251
2789 2 2 0 3 1600 1601 1443
2790 2 2 0 3 1655 1813 1771
2791 2 2 0 3 1561 1598 1534
2792 2 2 0 3 1451 1594 1339
2793 2 2 0 3 1406 1595 1356
2794 2 2 0 3 1368 1564 1440
2795 2 2 0 3 1394 1562 1531
2796 2 2 0 3 1485 1782 1431
2797 2 2 0 3 1283 1599 1341
2798 2 2 0 3 1329 1596 1377
2799 2 2 0 3 1192 1616 1142
2800 2 2 0 3 1157 1652 1633
2801 2 2 0 3 1640 1778 1481
2802 2 2 0 3 1434 1662 1399
2803 2 2 0 3 1645 1686 1448
2804 2 2 0 3 1454 1713 1684
2805 2 2 0 3 1402 1599 1324
2806 2 2 0 3 1661 1761 1364
2807 2 2 0 3 1586 1717 1377
2808 2 2 0 3 1271 1593 1205
2809 2 2 0 3 1340 1757 1413
2810 2 2 0 3 1393 1814 1386
2811 2 2 0 3 1413 1757 1527
2812 2 2 0 3 1267 1314 1275
2813 2 2 0 3 1275 1530 1227
2814 2 2 0 3 1317 1344 1316
2815 2 2 0 3 1527 1757 1526
2816 2 2 0 3 1374 1706 1591
2817 2 2 0 3 1526 1757 1372
2818 2 2 0 3 1147 1830 1729
2819 2 2 0 3 1388 1672 1318
2820 2 2 0 3 1146 1744 1648
2821 2 2 0 3 1740 1806 1522
2822 2 2 0 3 1523 1736 1152
2823 2 2 0 3 1519 1651 1647
2824 2 2 0 3 1415 1521 1516
2825 2 2 0 3 1331 1674 1373
2826 2 2 0 3 1157 1632 1631
2827 2 2 0 3 1618 1619 1176
2828 2 2 0 3 1639 1640 1144
2829 2 2 0 3 1181 1645 1644
2830 2 2 0 3 1160 1625 1624
2831 2 2 0 3 1190 1191 1142
2832 2 2 0 3 1649 1650 1171
2833 2 2 0 3 1525 1817 1805
2834 2 2 0 3 1337 1506 1466
2835 2 2 0 3 1228 1230 1229
2836 2 2 0 3 1246 1272 1244
2837 2 2 0 3 1245 1247 1246
2838 2 2 0 3 1260 1261 1251
2839 2 2 0 3 1196 1198 1197
2840 2 2 0 3 1252 1258 1257
2841 2 2 0 3 1254 1268 1256
2842 2 2 0 3 1202 1205 1203
2843 2 2 0 3 1550 1552 1315
2844 2 2 0 3 1261 1664 1265
2845 2 2 0 3 1297 1672 1296
2846 2 2 0 3 1663 1664 1451
2847 2 2 0 3 1563 1832 1562
2848 2 2 0 3 1233 1683 1229
2849 2 2 0 3 1311 1696 1301
2850 2 2 0 3 1409 1684 1363
2851 2 2 0 3 424 1610 423
2852 2 2 0 3 1620 1641 1176
2853 2 2 0 3 1623 1749 1137
2854 2 2 0 3 1591 1795 1611
2855 2 2 0 3 423 1610 1150
2856 2 2 0 3 1586 1693 1455
2857 2 2 0 3 1377 1693 1586
2858 2 2 0 3 1296 1672 1453
2859 2 2 0 3 353 1641 352
2860 2 2 0 3 412 1642 411
2861 2 2 0 3 330 1638 329
2862 2 2 0 3 383 1637 382
2863 2 2 0 3 389 1643 388
2864 2 2 0 3 359 1614 358
2865 2 2 0 3 400 1627 399
2866 2 2 0 3 373 1624 372
2867 2 2 0 3 370 1646 369
2868 2 2 0 3 328 1623 327
2869 2 2 0 3 343 1190 342
2870 2 2 0 3 402 1612 401
2871 2 2 0 3 341 1616 340
2872 2 2 0 3 398 1644 397
2873 2 2 0 3 324 1634 323
2874 2 2 0 3 332 1651 331
2875 2 2 0 3 394 1639 393
2876 2 2 0 3 357 1653 356
2877 2 2 0 3 416 1635 415
2878 2 2 0 3 361 1656 360
2879 2 2 0 3 372 1636 371
2880 2 2 0 3 333 1647 332
2881 2 2 0 3 355 1618 354
2882 2 2 0 3 414 1621 413
2883 2 2 0 3 348 1613 347
2884 2 2 0 3 335 1617 334
2885 2 2 0 3 322 1615 6
2886 2 2 0 3 368 1654 367
2887 2 2 0 3 427 1629 426
2888 2 2 0 3 339 1652 338
2889 2 2 0 3 377 1648 376
2890 2 2 0 3 337 1631 336
2891 2 2 0 3 363 1649 362
2892 2 2 0 3 422 1659 421
2893 2 2 0 3 433 1622 432
2894 2 2 0 3 405 1655 404
2895 2 2 0 3 346 1657 345
2896 2 2 0 3 438 1630 437
2897 2 2 0 3 385 1658 384
2898 2 2 0 3 326 1660 325
2899 2 2 0 3 1619 1620 1176
2900 2 2 0 3 1315 1666 1245
2901 2 2 0 3 1175 1653 357
2902 2 2 0 3 1177 1635 416
2903 2 2 0 3 327 1623 1137
2904 2 2 0 3 362 1649 1171
2905 2 2 0 3 1178 1637 383
2906 2 2 0 3 1151 1613 348
2907 2 2 0 3 1146 1648 377
2908 2 2 0 3 358 1614 1175
2909 2 2 0 3 340 1616 1187
2910 2 2 0 3 6 1615 1174
2911 2 2 0 3 1179 1629 427
2912 2 2 0 3 1139 1618 355
2913 2 2 0 3 1138 1621 414
2914 2 2 0 3 1180 1654 368
2915 2 2 0 3 1176 1641 353
2916 2 2 0 3 1181 1644 398
2917 2 2 0 3 367 1654 1166
2918 2 2 0 3 426 1629 1167
2919 2 2 0 3 1182 1655 405
2920 2 2 0 3 345 1657 1161
2921 2 2 0 3 404 1655 1162
2922 2 2 0 3 1170 1657 346
2923 2 2 0 3 1168 1617 335
2924 2 2 0 3 1187 1652 339
2925 2 2 0 3 347 1613 1170
2926 2 2 0 3 376 1648 1183
2927 2 2 0 3 334 1617 1148
2928 2 2 0 3 384 1658 1178
2929 2 2 0 3 329 1638 1185
2930 2 2 0 3 325 1660 1189
2931 2 2 0 3 421 1659 1172
2932 2 2 0 3 371 1636 1141
2933 2 2 0 3 1142 1616 341
2934 2 2 0 3 1188 1639 394
2935 2 2 0 3 1185 1623 328
2936 2 2 0 3 388 1643 1184
2937 2 2 0 3 338 1652 1157
2938 2 2 0 3 1143 1627 400
2939 2 2 0 3 1160 1624 373
2940 2 2 0 3 1189 1634 324
2941 2 2 0 3 342 1190 1142
2942 2 2 0 3 401 1612 1143
2943 2 2 0 3 354 1618 1176
2944 2 2 0 3 413 1621 1186
2945 2 2 0 3 352 1641 1163
2946 2 2 0 3 411 1642 1164
2947 2 2 0 3 356 1653 1139
2948 2 2 0 3 415 1635 1138
2949 2 2 0 3 1186 1642 412
2950 2 2 0 3 1148 1647 333
2951 2 2 0 3 437 1630 1147
2952 2 2 0 3 432 1622 1173
2953 2 2 0 3 1158 1638 330
2954 2 2 0 3 1159 1643 389
2955 2 2 0 3 369 1646 1180
2956 2 2 0 3 1149 1649 363
2957 2 2 0 3 1150 1659 422
2958 2 2 0 3 331 1651 1158
2959 2 2 0 3 360 1656 1153
2960 2 2 0 3 323 1634 1154
2961 2 2 0 3 1171 1656 361
2962 2 2 0 3 382 1637 1156
2963 2 2 0 3 336 1631 1168
2964 2 2 0 3 1154 1615 322
2965 2 2 0 3 397 1644 1155
2966 2 2 0 3 1141 1646 370
2967 2 2 0 3 393 1639 1144
2968 2 2 0 3 1153 1614 359
2969 2 2 0 3 399 1627 1181
2970 2 2 0 3 1157 1631 337
2971 2 2 0 3 1137 1660 326
2972 2 2 0 3 1165 1622 433
2973 2 2 0 3 1136 1658 385
2974 2 2 0 3 1174 1630 438
2975 2 2 0 3 1539 1829 1739
2976 2 2 0 3 1675 1697 1271
2977 2 2 0 3 1379 1821 1378
2978 2 2 0 3 1152 1740 1522
2979 2 2 0 3 1304 1468 1328
2980 2 2 0 3 1155 1667 396
2981 2 2 0 3 395 1667 1188
2982 2 2 0 3 1227 1688 1213
2983 2 2 0 3 1493 1663 1451
2984 2 2 0 3 1143 1628 1627
2985 2 2 0 3 1204 1713 1454
2986 2 2 0 3 1386 1814 1499
2987 2 2 0 3 1505 1727 1446
2988 2 2 0 3 1428 1706 1705
2989 2 2 0 3 1228 1604 1231
2990 2 2 0 3 1364 1800 1208
2991 2 2 0 3 1208 1800 1210
2992 2 2 0 3 1247 1666 1270
2993 2 2 0 3 1465 1796 1276
2994 2 2 0 3 1276 1796 1280
2995 2 2 0 3 1499 1814 1753
2996 2 2 0 3 1753 1814 1532
2997 2 2 0 3 396 1667 395
2998 2 2 0 3 1635 1828 1569
2999 2 2 0 3 1771 1813 1504
3000 2 2 0 3 1215 1227 1213
3001 2 2 0 3 1424 1460 1367
3002 2 2 0 3 1207 1255 1234
3003 2 2 0 3 1258 1279 1278
3004 2 2 0 3 1628 1686 1627
3005 2 2 0 3 1169 1676 379
3006 2 2 0 3 378 1676 1146
3007 2 2 0 3 1219 1722 1241
3008 2 2 0 3 1343 1665 1309
3009 2 2 0 3 1205 1593 1207
3010 2 2 0 3 1375 1789 1198
3011 2 2 0 3 1556 1735 1156
3012 2 2 0 3 1213 1688 1211
3013 2 2 0 3 1490 1765 1653
3014 2 2 0 3 1146 1676 1582
3015 2 2 0 3 1367 1460 1352
3016 2 2 0 3 1221 1692 1218
3017 2 2 0 3 428 1679 1179
3018 2 2 0 3 1140 1679 429
3019 2 2 0 3 1270 1784 1579
3020 2 2 0 3 1579 1784 1578
3021 2 2 0 3 1495 1824 1469
3022 2 2 0 3 1390 1503 1320
3023 2 2 0 3 1405 1492 1349
3024 2 2 0 3 1396 1521 1493
3025 2 2 0 3 1424 1801 1460
3026 2 2 0 3 1469 1824 1472
3027 2 2 0 3 1161 1681 344
3028 2 2 0 3 435 1685 434
3029 2 2 0 3 1502 1503 1390
3030 2 2 0 3 1159 1720 1643
3031 2 2 0 3 1190 1681 1428
3032 2 2 0 3 1684 1713 1417
3033 2 2 0 3 1318 1672 1297
3034 2 2 0 3 1627 1686 1181
3035 2 2 0 3 1744 1802 1648
3036 2 2 0 3 1372 1757 1340
3037 2 2 0 3 1216 1692 1580
3038 2 2 0 3 1612 1823 1592
3039 2 2 0 3 1552 1784 1666
3040 2 2 0 3 1624 1636 372
3041 2 2 0 3 1647 1651 332
3042 2 2 0 3 1564 1697 1440
3043 2 2 0 3 1597 1723 1472
3044 2 2 0 3 1238 1673 1371
3045 2 2 0 3 1416 1674 1331
3046 2 2 0 3 1470 1809 1471
3047 2 2 0 3 379 1676 378
3048 2 2 0 3 1600 1679 1140
3049 2 2 0 3 1558 1782 1485
3050 2 2 0 3 1546 1547 1545
3051 2 2 0 3 1269 1829 1544
3052 2 2 0 3 1626 1794 1489
3053 2 2 0 3 1218 1692 1216
3054 2 2 0 3 1602 1671 1182
3055 2 2 0 3 1496 1671 1602
3056 2 2 0 3 1545 1820 1203
3057 2 2 0 3 1167 1714 425
3058 2 2 0 3 429 1679 428
3059 2 2 0 3 1519 1763 1517
3060 2 2 0 3 1366 1769 1553
3061 2 2 0 3 1164 1723 410
3062 2 2 0 3 1206 1545 1203
3063 2 2 0 3 1513 1759 1612
3064 2 2 0 3 386 1728 1136
3065 2 2 0 3 1184 1728 387
3066 2 2 0 3 1656 1727 1505
3067 2 2 0 3 1677 1695 1299
3068 2 2 0 3 380 1735 1169
3069 2 2 0 3 1156 1735 381
3070 2 2 0 3 1613 1669 1170
3071 2 2 0 3 344 1681 343
3072 2 2 0 3 417 1736 1177
3073 2 2 0 3 1152 1736 418
3074 2 2 0 3 1371 1683 1233
3075 2 2 0 3 1211 1688 1259
3076 2 2 0 3 1566 1806 1172
3077 2 2 0 3 1215 1267 1227
3078 2 2 0 3 1255 1316 1234
3079 2 2 0 3 1363 1684 1417
3080 2 2 0 3 1172 1740 420
3081 2 2 0 3 419 1740 1152
3082 2 2 0 3 1171 1727 1656
3083 2 2 0 3 1144 1752 1560
3084 2 2 0 3 1368 1440 1423
3085 2 2 0 3 1394 1531 1430
3086 2 2 0 3 1160 1819 1626
3087 2 2 0 3 1626 1819 1183
3088 2 2 0 3 434 1685 1165
3089 2 2 0 3 343 1681 1190
3090 2 2 0 3 365 1747 364
3091 2 2 0 3 435 1748 1685
3092 2 2 0 3 1389 1762 1358
3093 2 2 0 3 1625 1700 1412
3094 2 2 0 3 1147 1748 436
3095 2 2 0 3 366 1755 365
3096 2 2 0 3 1546 1548 1547
3097 2 2 0 3 1491 1492 1405
3098 2 2 0 3 1159 1786 1559
3099 2 2 0 3 1412 1707 1625
3100 2 2 0 3 1477 1703 1235
3101 2 2 0 3 1252 1775 1670
3102 2 2 0 3 1547 1820 1545
3103 2 2 0 3 1193 1705 1196
3104 2 2 0 3 1302 1609 1256
3105 2 2 0 3 1701 1767 1407
3106 2 2 0 3 1285 1286 1274
3107 2 2 0 3 1181 1686 1645
3108 2 2 0 3 1560 1752 1464
3109 2 2 0 3 1248 1691 1246
3110 2 2 0 3 1287 1288 1286
3111 2 2 0 3 1289 1334 1288
3112 2 2 0 3 351 1792 350
3113 2 2 0 3 350 1793 349
3114 2 2 0 3 1243 1785 1315
3115 2 2 0 3 390 1786 1159
3116 2 2 0 3 1162 1823 403
3117 2 2 0 3 374 1819 1160
3118 2 2 0 3 1183 1819 375
3119 2 2 0 3 1525 1804 1638
3120 2 2 0 3 1412 1743 1707
3121 2 2 0 3 1489 1700 1625
3122 2 2 0 3 1537 1826 1434
3123 2 2 0 3 1473 1791 1496
3124 2 2 0 3 1457 1812 1498
3125 2 2 0 3 1370 1696 1311
3126 2 2 0 3 1509 1787 1526
3127 2 2 0 3 1638 1804 1185
3128 2 2 0 3 1612 1759 1143
3129 2 2 0 3 1136 1728 1605
3130 2 2 0 3 1655 1771 1162
3131 2 2 0 3 1537 1830 1690
3132 2 2 0 3 1522 1806 1452
3133 2 2 0 3 1592 1823 1162
3134 2 2 0 3 1571 1729 1433
3135 2 2 0 3 1183 1802 1576
3136 2 2 0 3 424 1714 1610
3137 2 2 0 3 1569 1698 1138
3138 2 2 0 3 1596 1693 1377
3139 2 2 0 3 1334 1731 1548
3140 2 2 0 3 1569 1828 1494
3141 2 2 0 3 1269 1783 1268
3142 2 2 0 3 1560 1786 391
3143 2 2 0 3 1179 1680 1629
3144 2 2 0 3 1518 1803 1520
3145 2 2 0 3 1541 1792 1163
3146 2 2 0 3 1653 1765 1139
3147 2 2 0 3 1657 1795 1161
3148 2 2 0 3 1680 1831 1542
3149 2 2 0 3 1179 1831 1680
3150 2 2 0 3 1685 1748 1571
3151 2 2 0 3 1511 1770 1418
3152 2 2 0 3 1290 1781 1342
3153 2 2 0 3 1259 1688 1678
3154 2 2 0 3 1678 1688 1530
3155 2 2 0 3 1287 1781 1290
3156 2 2 0 3 1267 1275 1227
3157 2 2 0 3 1255 1317 1316
3158 2 2 0 3 1467 1800 1761
3159 2 2 0 3 1628 1759 1514
3160 2 2 0 3 1452 1806 1566
3161 2 2 0 3 1138 1698 1621
3162 2 2 0 3 1729 1830 1537
3163 2 2 0 3 1161 1737 1681
3164 2 2 0 3 1711 1796 1465
3165 2 2 0 3 350 1792 1608
3166 2 2 0 3 1608 1793 350
3167 2 2 0 3 1174 1690 1630
3168 2 2 0 3 1254 1708 1269
3169 2 2 0 3 1559 1786 1560
3170 2 2 0 3 1758 1833 1696
3171 2 2 0 3 1258 1725 1279
3172 2 2 0 3 1137 1710 1660
3173 2 2 0 3 1325 1711 1403
3174 2 2 0 3 1251 1673 1238
3175 2 2 0 3 1625 1707 1624
3176 2 2 0 3 1263 1691 1248
3177 2 2 0 3 1476 1695 1409
3178 2 2 0 3 1337 1712 1507
3179 2 2 0 3 1154 1741 1561
3180 2 2 0 3 1335 1665 1419
3181 2 2 0 3 1458 1815 1694
3182 2 2 0 3 1243 1315 1245
3183 2 2 0 3 1620 1733 1641
3184 2 2 0 3 1231 1604 1333
3185 2 2 0 3 1411 1579 1578
3186 2 2 0 3 402 1823 1612
3187 2 2 0 3 1471 1809 1642
3188 2 2 0 3 425 1714 424
3189 2 2 0 3 1648 1802 1183
3190 2 2 0 3 1199 1789 1202
3191 2 2 0 3 1743 1788 1707
3192 2 2 0 3 1539 1739 1538
3193 2 2 0 3 1236 1775 1252
3194 2 2 0 3 1217 1722 1219
3195 2 2 0 3 1642 1809 1164
3196 2 2 0 3 1604 1709 1333
3197 2 2 0 3 410 1723 409
3198 2 2 0 3 1565 1665 1343
3199 2 2 0 3 1532 1814 1393
3200 2 2 0 3 1407 1767 1375
3201 2 2 0 3 387 1728 386
3202 2 2 0 3 1337 1466 1332
3203 2 2 0 3 1228 1229 1226
3204 2 2 0 3 1245 1246 1244
3205 2 2 0 3 1240 1260 1251
3206 2 2 0 3 1196 1197 1195
3207 2 2 0 3 1252 1257 1239
3208 2 2 0 3 1254 1256 1250
3209 2 2 0 3 1202 1203 1201
3210 2 2 0 3 1553 1769 1483
3211 2 2 0 3 1491 1760 1557
3212 2 2 0 3 1681 1737 1428
3213 2 2 0 3 1633 1746 1438
3214 2 2 0 3 1454 1695 1677
3215 2 2 0 3 1548 1699 1334
3216 2 2 0 3 1624 1707 1636
3217 2 2 0 3 1650 1727 1171
3218 2 2 0 3 1548 1776 1547
3219 2 2 0 3 1514 1822 1628
3220 2 2 0 3 1541 1772 1422
3221 2 2 0 3 381 1735 380
3222 2 2 0 3 418 1736 417
3223 2 2 0 3 1652 1746 1633
3224 2 2 0 3 1265 1664 1663
3225 2 2 0 3 1618 1730 1619
3226 2 2 0 3 1557 1760 1614
3227 2 2 0 3 1475 1766 1632
3228 2 2 0 3 1155 1816 1667
3229 2 2 0 3 1395 1810 1542
3230 2 2 0 3 1423 1701 1478
3231 2 2 0 3 1531 1833 1758
3232 2 2 0 3 1487 1797 1486
3233 2 2 0 3 1424 1733 1620
3234 2 2 0 3 1639 1738 1640
3235 2 2 0 3 1538 1739 1406
3236 2 2 0 3 1325 1796 1711
3237 2 2 0 3 1667 1816 1528
3238 2 2 0 3 420 1740 419
3239 2 2 0 3 1673 1787 1509
3240 2 2 0 3 1542 1810 1680
3241 2 2 0 3 1562 1832 1531
3242 2 2 0 3 1260 1585 1307
3243 2 2 0 3 1277 1726 1257
3244 2 2 0 3 1634 1741 1154
3245 2 2 0 3 1697 1767 1440
3246 2 2 0 3 1706 1737 1591
3247 2 2 0 3 1279 1712 1295
3248 2 2 0 3 1373 1807 1584
3249 2 2 0 3 364 1747 1149
3250 2 2 0 3 1582 1744 1146
3251 2 2 0 3 436 1748 435
3252 2 2 0 3 1378 1808 1326
3253 2 2 0 3 1214 1774 1217
3254 2 2 0 3 1608 1792 1541
3255 2 2 0 3 1439 1756 1711
3256 2 2 0 3 1136 1753 1658
3257 2 2 0 3 1432 1770 1734
3258 2 2 0 3 1341 1811 1473
3259 2 2 0 3 1645 1818 1644
3260 2 2 0 3 1730 1765 1459
3261 2 2 0 3 1739 1829 1479
3262 2 2 0 3 1166 1755 366
3263 2 2 0 3 1647 1763 1519
3264 2 2 0 3 1430 1758 1485
3265 2 2 0 3 1805 1817 1400
3266 2 2 0 3 1139 1730 1618
3267 2 2 0 3 1586 1751 1717
3268 2 2 0 3 1141 1788 1607
3269 2 2 0 3 1641 1733 1163
3270 2 2 0 3 1629 1734 1167
3271 2 2 0 3 1640 1752 1144
3272 2 2 0 3 1507 1725 1670
3273 2 2 0 3 1670 1725 1252
3274 2 2 0 3 1636 1788 1141
3275 2 2 0 3 1217 1774 1722
3276 2 2 0 3 1442 1825 1564
3277 2 2 0 3 1674 1807 1373
3278 2 2 0 3 1550 1761 1552
3279 2 2 0 3 1188 1738 1639
3280 2 2 0 3 1607 1743 1474
3281 2 2 0 3 1431 1782 1556
3282 2 2 0 3 1631 1766 1168
3283 2 2 0 3 1701 1780 1478
3284 2 2 0 3 1333 1775 1236
3285 2 2 0 3 1202 1789 1675
3286 2 2 0 3 1428 1737 1706
3287 2 2 0 3 1543 1593 1442
3288 2 2 0 3 1187 1746 1652
3289 2 2 0 3 1149 1815 1649
3290 2 2 0 3 1241 1785 1243
3291 2 2 0 3 391 1786 390
3292 2 2 0 3 1280 1796 1325
3293 2 2 0 3 1370 1758 1696
3294 2 2 0 3 1632 1766 1631
3295 2 2 0 3 1342 1797 1391
3296 2 2 0 3 1163 1792 351
3297 2 2 0 3 1252 1725 1258
3298 2 2 0 3 1531 1758 1430
3299 2 2 0 3 1210 1800 1467
3300 2 2 0 3 349 1793 1151
3301 2 2 0 3 1198 1789 1199
3302 2 2 0 3 1488 1794 1576
3303 2 2 0 3 1143 1759 1628
3304 2 2 0 3 1576 1802 1436
3305 2 2 0 3 1344 1702 1479
3306 2 2 0 3 1668 1746 1187
3307 2 2 0 3 1680 1734 1629
3308 2 2 0 3 375 1819 374
3309 2 2 0 3 403 1823 402
3310 2 2 0 3 1613 1779 1669
3311 2 2 0 3 1438 1746 1668
3312 2 2 0 3 1149 1812 1694
3313 2 2 0 3 1709 1719 1333
3314 2 2 0 3 1440 1701 1423
3315 2 2 0 3 1544 1783 1269
3316 2 2 0 3 1271 1825 1593
3317 2 2 0 3 1593 1825 1442
3318 2 2 0 3 1552 1761 1661
3319 2 2 0 3 1421 1718 1715
3320 2 2 0 3 1295 1712 1312
3321 2 2 0 3 1421 1715 1563
3322 2 2 0 3 1232 1704 1237
3323 2 2 0 3 1649 1815 1650
3324 2 2 0 3 1584 1807 1441
3325 2 2 0 3 1472 1824 1597
3326 2 2 0 3 1597 1824 1495
3327 2 2 0 3 1614 1760 1175
3328 2 2 0 3 1312 1332 1313
3329 2 2 0 3 1298 1365 1282
3330 2 2 0 3 1353 1543 1442
3331 2 2 0 3 1243 1244 1242
3332 2 2 0 3 1225 1226 1224
3333 2 2 0 3 1444 1699 1445
3334 2 2 0 3 1242 1716 1376
3335 2 2 0 3 1417 1573 1572
3336 2 2 0 3 1413 1682 1444
3337 2 2 0 3 1237 1240 1238
3338 2 2 0 3 1193 1195 1194
3339 2 2 0 3 1236 1239 1235
3340 2 2 0 3 1270 1708 1249
3341 2 2 0 3 1305 1717 1298
3342 2 2 0 3 1377 1717 1305
3343 2 2 0 3 1332 1718 1313
3344 2 2 0 3 1249 1250 1248
3345 2 2 0 3 1703 1704 1232
3346 2 2 0 3 1199 1201 1200
3347 2 2 0 3 1272 1716 1244
3348 2 2 0 3 1574 1575 1264
3349 2 2 0 3 1376 1575 1574
3350 2 2 0 3 1148 1763 1647
3351 2 2 0 3 1151 1793 1768
3352 2 2 0 3 1353 1587 1543
3353 2 2 0 3 1312 1337 1332
3354 2 2 0 3 1226 1366 1224
3355 2 2 0 3 1243 1245 1244
3356 2 2 0 3 1225 1228 1226
3357 2 2 0 3 1240 1251 1238
3358 2 2 0 3 1237 1253 1240
3359 2 2 0 3 1193 1196 1195
3360 2 2 0 3 1195 1299 1194
3361 2 2 0 3 1239 1477 1235
3362 2 2 0 3 1236 1252 1239
3363 2 2 0 3 1250 1263 1248
3364 2 2 0 3 1249 1254 1250
3365 2 2 0 3 1199 1202 1201
3366 2 2 0 3 1201 1204 1200
3367 2 2 0 3 1542 1831 1600
3368 2 2 0 3 1282 1726 1277
3369 2 2 0 3 1307 1585 1330
3370 2 2 0 3 1376 1606 1575
3371 2 2 0 3 1417 1713 1573
3372 2 2 0 3 1599 1811 1341
3373 2 2 0 3 1330 1585 1455
3374 2 2 0 3 1606 1709 1575
3375 2 2 0 3 1694 1815 1149
3376 2 2 0 3 1485 1758 1370
3377 2 2 0 3 1670 1775 1719
3378 2 2 0 3 1719 1775 1333
3379 2 2 0 3 1406 1702 1595
3380 2 2 0 3 1671 1813 1182
3381 2 2 0 3 1151 1779 1613
3382 2 2 0 3 1619 1801 1620
3383 2 2 0 3 1402 1811 1599
3384 2 2 0 3 1572 1731 1590
3385 2 2 0 3 1690 1830 1630
3386 2 2 0 3 1272 1750 1606
3387 2 2 0 3 1288 1682 1286
3388 2 2 0 3 1579 1708 1270
3389 2 2 0 3 1666 1784 1270
3390 2 2 0 3 1747 1812 1149
3391 2 2 0 3 1702 1739 1479
3392 2 2 0 3 1489 1808 1700
3393 2 2 0 3 1168 1766 1721
3394 2 2 0 3 1568 1762 1389
3395 2 2 0 3 1203 1820 1201
3396 2 2 0 3 1182 1813 1655
3397 2 2 0 3 1644 1818 1155
3398 2 2 0 3 1679 1831 1179
3399 2 2 0 3 1590 1731 1334
3400 2 2 0 3 1177 1828 1635
3401 2 2 0 3 1630 1830 1147
3402 2 2 0 3 1683 1769 1366
3403 2 2 0 3 1466 1715 1332
3404 2 2 0 3 1436 1802 1744
3405 2 2 0 3 1424 1772 1733
3406 2 2 0 3 1437 1777 1689
3407 2 2 0 3 1406 1739 1702
3408 2 2 0 3 1467 1761 1550
3409 2 2 0 3 1600 1831 1679
3410 2 2 0 3 1237 1704 1253
3411 2 2 0 3 1249 1708 1254
3412 2 2 0 3 1376 1716 1606
3413 2 2 0 3 1312 1712 1337
3414 2 2 0 3 1686 1822 1448
3415 2 2 0 3 1721 1766 1475
3416 2 2 0 3 1776 1820 1547
3417 2 2 0 3 1773 1801 1619
3418 2 2 0 3 1441 1807 1674
3419 2 2 0 3 1628 1822 1686
3420 2 2 0 3 1139 1765 1730
3421 2 2 0 3 1707 1788 1636
3422 2 2 0 3 1694 1812 1457
3423 2 2 0 3 1606 1716 1272
3424 2 2 0 3 1583 1783 1544
3425 2 2 0 3 1756 1822 1514
3426 2 2 0 3 1607 1788 1743
3427 2 2 0 3 1791 1811 1402
3428 2 2 0 3 1204 1820 1776
3429 2 2 0 3 1268 1783 1583
3430 2 2 0 3 1832 1833 1531
3431 2 2 0 3 1803 1817 1520
3432 2 2 0 3 1717 1751 1365
3433 2 2 0 3 1768 1779 1151
3434 2 2 0 3 1478 1779 1768
3435 2 2 0 3 1204 1776 1713
3436 2 2 0 3 1440 1767 1701
3437 2 2 0 3 1498 1812 1747
3438 2 2 0 3 1713 1776 1573
3439 2 2 0 3 1214 1790 1774
3440 2 2 0 3 1774 1790 1410
3441 2 2 0 3 1201 1820 1204
3442 2 2 0 3 1772 1798 1422
3443 2 2 0 3 1424 1798 1772
3444 2 2 0 3 1432 1799 1770
3445 2 2 0 3 1770 1799 1418
3446 2 2 0 3 1715 1718 1332
3447 2 2 0 3 1525 1805 1804
3448 2 2 0 3 1804 1805 1524
3449 2 2 0 3 1244 1716 1242
3450 2 2 0 3 1298 1717 1365
3451 2 2 0 3 1155 1818 1816
3452 2 2 0 3 1816 1818 1540
3453 2 2 0 3 1573 1731 1572
3454 2 2 0 3 1365 1726 1282
3455 2 2 0 3 1494 1828 1764
3456 2 2 0 3 1764 1828 1177
3457 2 2 0 3 1400 1817 1803
3458 2 2 0 3 1473 1811 1791
3459 2 2 0 3 1700 1821 1412
3460 2 2 0 3 1448 1822 1756
3461 2 2 0 3 1700 1808 1378
3462 2 2 0 3 1302 1833 1832
3463 2 2 0 3 1794 1808 1489
3464 2 2 0 3 1488 1808 1794
3465 2 2 0 3 1460 1801 1773
3466 2 2 0 3 1378 1821 1700
3467 2 2 0 4 3075 5831 5612
3468 2 2 0 4 3908 8232 3870
3469 2 2 0 4 5849 6276 5846
3470 2 2 0 4 5607 7988 6261
3471 2 2 0 4 163 6154 162
3472 2 2 0 4 6198 6199 1934
3473 2 2 0 4 5394 8514 5393
3474 2 2 0 4 2365 5740 2042
3475 2 2 0 4 5745 8112 7832
3476 2 2 0 4 6376 7689 6377
3477 2 2 0 4 6367 7873 5655
3478 2 2 0 4 4373 7910 6283
3479 2 2 0 4 3172 8661 3256
3480 2 2 0 4 5654 8309 5653
3481 2 2 0 4 4636 6159 3794
3482 2 2 0 4 5406 5783 5782
3483 2 2 0 4 5137 7689 6376
3484 2 2 0 4 2312 5722 2314
3485 2 2 0 4 6535 7547 6873
3486 2 2 0 4 2394 8152 5741
3487 2 2 0 4 2517 8546 2596
3488 2 2 0 4 3142 7396 3146
3489 2 2 0 4 7721 7722 5669
3490 2 2 0 4 6038 7932 2350
3491 2 2 0 4 2491 7485 2490
3492 2 2 0 4 6271 8142 2473
3493 2 2 0 4 4071 8487 3704
3494 2 2 0 4 5562 8211 5561
3495 2 2 0 4 6028 8242 6027
3496 2 2 0 4 2470 6271 2473
3497 2 2 0 4 2030 6166 2029
3498 2 2 0 4 5640 5641 1885
3499 2 2 0 4 4487 6278 5844
3500 2 2 0 4 2386 5963 5962
3501 2 2 0 4 1898 6065 5823
3502 2 2 0 4 5950 7491 1891
3503 2 2 0 4 5617 8122 4404
3504 2 2 0 4 2203 5811 2320
3505 2 2 0 4 5679 5680 2204
3506 2 2 0 4 1934 7467 6198
3507 2 2 0 4 6175 8124 5686
3508 2 2 0 4 4150 6172 4369
3509 2 2 0 4 5607 5608 2262
3510 2 2 0 4 5722 5723 2314
3511 2 2 0 4 6074 6122 2037
3512 2 2 0 4 5491 7717 5452
3513 2 2 0 4 6260 6629 4796
3514 2 2 0 4 5525 5576 4945
3515 2 2 0 4 5034 6317 5032
3516 2 2 0 4 2283 8030 2090
3517 2 2 0 4 4980 6227 5656
3518 2 2 0 4 7832 8112 6018
3519 2 2 0 4 2384 5982 2409
3520 2 2 0 4 3161 4940 3155
3521 2 2 0 4 6282 8401 4022
3522 2 2 0 4 7325 7511 6126
3523 2 2 0 4 5549 8518 5911
3524 2 2 0 4 5876 8315 5056
3525 2 2 0 4 3611 7448 5630
3526 2 2 0 4 8028 8549 2538
3527 2 2 0 4 6559 8179 6855
3528 2 2 0 4 2544 7818 2547
3529 2 2 0 4 2037 6122 5799
3530 2 2 0 4 5014 8095 5480
3531 2 2 0 4 6083 6085 6050
3532 2 2 0 4 5933 5934 5305
3533 2 2 0 4 5076 7720 6054
3534 2 2 0 4 2171 2366 2087
3535 2 2 0 4 4692 4693 4023
3536 2 2 0 4 4587 7411 5430
3537 2 2 0 4 2325 2363 2167
3538 2 2 0 4 2019 2368 2291
3539 2 2 0 4 1986 2357 1982
3540 2 2 0 4 2144 2352 2199
3541 2 2 0 4 4028 5329 3992
3542 2 2 0 4 3698 4949 4349
3543 2 2 0 4 3064 5013 3324
3544 2 2 0 4 3999 5291 4054
3545 2 2 0 4 4285 5364 3673
3546 2 2 0 4 3783 4951 3561
3547 2 2 0 4 4325 4955 3665
3548 2 2 0 4 3001 5636 3004
3549 2 2 0 4 2074 2330 2116
3550 2 2 0 4 2078 2381 2066
3551 2 2 0 4 2179 5762 2373
3552 2 2 0 4 4455 5142 4053
3553 2 2 0 4 4404 8122 4645
3554 2 2 0 4 2897 7860 2606
3555 2 2 0 4 3070 5831 3072
3556 2 2 0 4 2044 2365 2042
3557 2 2 0 4 4443 5609 4431
3558 2 2 0 4 4329 7643 6172
3559 2 2 0 4 6855 7001 6559
3560 2 2 0 4 5811 8346 2320
3561 2 2 0 4 7319 8626 2424
3562 2 2 0 4 3070 8715 5831
3563 2 2 0 4 6295 6834 4315
3564 2 2 0 4 3159 7396 3142
3565 2 2 0 4 2458 8282 5732
3566 2 2 0 4 2450 6148 2247
3567 2 2 0 4 4940 6204 3155
3568 2 2 0 4 2395 7597 2120
3569 2 2 0 4 5635 6097 5431
3570 2 2 0 4 5663 5939 5666
3571 2 2 0 4 6525 7536 6747
3572 2 2 0 4 7561 7895 7719
3573 2 2 0 4 4554 5940 4055
3574 2 2 0 4 5560 6407 3135
3575 2 2 0 4 2940 7561 7560
3576 2 2 0 4 3842 7725 3840
3577 2 2 0 4 5408 5967 5390
3578 2 2 0 4 4931 7537 5287
3579 2 2 0 4 5018 8196 5017
3580 2 2 0 4 2133 2388 2163
3581 2 2 0 4 3077 8450 5708
3582 2 2 0 4 5636 7916 5139
3583 2 2 0 4 7580 7735 6494
3584 2 2 0 4 4326 5946 4674
3585 2 2 0 4 6873 7547 1916
3586 2 2 0 4 2490 7485 7468
3587 2 2 0 4 1996 6099 5830
3588 2 2 0 4 5797 6024 2055
3589 2 2 0 4 5569 7099 1871
3590 2 2 0 4 1869 7577 5814
3591 2 2 0 4 5419 7356 6751
3592 2 2 0 4 5633 7760 3097
3593 2 2 0 4 3097 6207 5633
3594 2 2 0 4 4487 5844 5843
3595 2 2 0 4 5836 6088 1985
3596 2 2 0 4 5671 5672 3831
3597 2 2 0 4 8279 8440 5677
3598 2 2 0 4 3329 8466 3279
3599 2 2 0 4 2548 7818 2544
3600 2 2 0 4 5427 7663 5923
3601 2 2 0 4 7627 7684 4474
3602 2 2 0 4 5541 8410 7631
3603 2 2 0 4 6134 7684 7627
3604 2 2 0 4 1909 7554 6711
3605 2 2 0 4 7352 7353 5320
3606 2 2 0 4 4966 5562 5561
3607 2 2 0 4 5619 5620 5087
3608 2 2 0 4 6074 8321 6122
3609 2 2 0 4 5864 6348 4110
3610 2 2 0 4 5068 7927 7330
3611 2 2 0 4 6238 7733 1923
3612 2 2 0 4 2423 8626 7319
3613 2 2 0 4 5802 6349 5803
3614 2 2 0 4 4983 5605 3770
3615 2 2 0 4 2533 7272 7271
3616 2 2 0 4 6058 8049 7501
3617 2 2 0 4 5934 5935 5305
3618 2 2 0 4 2481 5798 2360
3619 2 2 0 4 3840 5549 5437
3620 2 2 0 4 2387 2450 2326
3621 2 2 0 4 5056 7827 5876
3622 2 2 0 4 3129 6111 3127
3623 2 2 0 4 6508 7526 3400
3624 2 2 0 4 2247 6239 2450
3625 2 2 0 4 2651 6393 2645
3626 2 2 0 4 1923 7733 6755
3627 2 2 0 4 5685 5950 5729
3628 2 2 0 4 6050 6086 6049
3629 2 2 0 4 281 5839 3308
3630 2 2 0 4 1856 6158 5543
3631 2 2 0 4 6242 7823 3267
3632 2 2 0 4 5702 8281 5718
3633 2 2 0 4 2083 2378 2081
3634 2 2 0 4 4459 5422 4457
3635 2 2 0 4 4014 4692 4023
3636 2 2 0 4 7501 8049 2401
3637 2 2 0 4 2128 2325 2167
3638 2 2 0 4 1893 8197 2409
3639 2 2 0 4 5830 8168 1996
3640 2 2 0 4 5709 5838 5100
3641 2 2 0 4 5884 6073 5535
3642 2 2 0 4 6072 8272 4733
3643 2 2 0 4 6041 7738 2317
3644 2 2 0 4 6086 7833 6049
3645 2 2 0 4 5917 5918 3301
3646 2 2 0 4 5678 8440 8279
3647 2 2 0 4 3989 6834 5696
3648 2 2 0 4 6127 8188 8046
3649 2 2 0 4 5823 6140 1898
3650 2 2 0 4 5593 7651 4999
3651 2 2 0 4 5316 5557 4673
3652 2 2 0 4 5444 7522 7455
3653 2 2 0 4 6387 8142 2105
3654 2 2 0 4 2261 7453 7321
3655 2 2 0 4 5613 7381 1904
3656 2 2 0 4 5863 8610 3061
3657 2 2 0 4 3057 8515 5863
3658 2 2 0 4 5383 6962 6754
3659 2 2 0 4 5979 5981 5976
3660 2 2 0 4 2345 2435 2434
3661 2 2 0 4 70 6366 1913
3662 2 2 0 4 5997 8124 6175
3663 2 2 0 4 2096 2098 2097
3664 2 2 0 4 2391 2404 2390
3665 2 2 0 4 5797 5798 2336
3666 2 2 0 4 2429 8548 2428
3667 2 2 0 4 4984 6028 6027
3668 2 2 0 4 2033 8425 2031
3669 2 2 0 4 2392 2429 2428
3670 2 2 0 4 3279 3330 3329
3671 2 2 0 4 3256 3275 3172
3672 2 2 0 4 2346 2382 2302
3673 2 2 0 4 5460 5633 5459
3674 2 2 0 4 3152 3167 3166
3675 2 2 0 4 5278 5280 4648
3676 2 2 0 4 3389 3771 3767
3677 2 2 0 4 3767 3768 3460
3678 2 2 0 4 5341 5342 5338
3679 2 2 0 4 2373 2374 2367
3680 2 2 0 4 5771 5772 5769
3681 2 2 0 4 2273 2349 2348
3682 2 2 0 4 3653 3654 3652
3683 2 2 0 4 5014 5480 4634
3684 2 2 0 4 2184 2188 2115
3685 2 2 0 4 2183 2185 2184
3686 2 2 0 4 5143 5535 4969
3687 2 2 0 4 2077 2079 2078
3688 2 2 0 4 2116 2117 2075
3689 2 2 0 4 3571 3572 3409
3690 2 2 0 4 2589 2590 2509
3691 2 2 0 4 5662 5663 5618
3692 2 2 0 4 3704 4072 4071
3693 2 2 0 4 2320 2440 2439
3694 2 2 0 4 2439 2445 2319
3695 2 2 0 4 5156 5475 4908
3696 2 2 0 4 4953 5290 5289
3697 2 2 0 4 5289 5450 4954
3698 2 2 0 4 3004 3007 3003
3699 2 2 0 4 4967 5427 5078
3700 2 2 0 4 3664 4326 4325
3701 2 2 0 4 3085 3114 3087
3702 2 2 0 4 3087 3088 3086
3703 2 2 0 4 2321 2401 2399
3704 2 2 0 4 3325 5461 4736
3705 2 2 0 4 5312 5513 5005
3706 2 2 0 4 2516 5563 5312
3707 2 2 0 4 3742 3784 3783
3708 2 2 0 4 3838 5437 3926
3709 2 2 0 4 3671 5359 4285
3710 2 2 0 4 2344 2387 2327
3711 2 2 0 4 3694 5352 4366
3712 2 2 0 4 2277 2360 2358
3713 2 2 0 4 3906 5457 3864
3714 2 2 0 4 4901 4902 3684
3715 2 2 0 4 3149 5357 3175
3716 2 2 0 4 3905 5358 3874
3717 2 2 0 4 3324 3384 3065
3718 2 2 0 4 3991 4030 4028
3719 2 2 0 4 2189 2190 2162
3720 2 2 0 4 2161 2194 2189
3721 2 2 0 4 4054 4055 4001
3722 2 2 0 4 5189 5190 4988
3723 2 2 0 4 4349 4350 3705
3724 2 2 0 4 3931 3934 3933
3725 2 2 0 4 2460 2476 2463
3726 2 2 0 4 2199 2264 2146
3727 2 2 0 4 2031 2070 2028
3728 2 2 0 4 1983 1987 1986
3729 2 2 0 4 5430 5431 4586
3730 2 2 0 4 2291 2292 2140
3731 2 2 0 4 4645 5657 4406
3732 2 2 0 4 2002 2430 2023
3733 2 2 0 4 2248 2250 2249
3734 2 2 0 4 5746 5747 5440
3735 2 2 0 4 2596 5334 2517
3736 2 2 0 4 5612 5831 5002
3737 2 2 0 4 2397 5686 5684
3738 2 2 0 4 5450 5708 5098
3739 2 2 0 4 3891 6203 3893
3740 2 2 0 4 5717 6017 1843
3741 2 2 0 4 4346 5432 5365
3742 2 2 0 4 2089 2172 2171
3743 2 2 0 4 3177 8459 3176
3744 2 2 0 4 5962 8192 2386
3745 2 2 0 4 5619 5621 5620
3746 2 2 0 4 5689 7740 5340
3747 2 2 0 4 3281 6236 3640
3748 2 2 0 4 1862 6870 5575
3749 2 2 0 4 7560 8235 2940
3750 2 2 0 4 3116 8651 6193
3751 2 2 0 4 5798 5799 2360
3752 2 2 0 4 5551 6260 1850
3753 2 2 0 4 4463 8436 4461
3754 2 2 0 4 2397 7642 6234
3755 2 2 0 4 3155 6204 3300
3756 2 2 0 4 3840 7725 5549
3757 2 2 0 4 5821 8174 7833
3758 2 2 0 4 8046 8188 2429
3759 2 2 0 4 6391 7404 6395
3760 2 2 0 4 2422 8030 2283
3761 2 2 0 4 5993 6175 5686
3762 2 2 0 4 6216 8177 5601
3763 2 2 0 4 7558 7559 3083
3764 2 2 0 4 6098 8450 3077
3765 2 2 0 4 5527 5703 5020
3766 2 2 0 4 7531 8055 2759
3767 2 2 0 4 5948 7424 1937
3768 2 2 0 4 5861 8055 7531
3769 2 2 0 4 5609 5610 5039
3770 2 2 0 4 7351 7352 5320
3771 2 2 0 4 2921 8296 6249
3772 2 2 0 4 2921 6249 2628
3773 2 2 0 4 5679 5880 5680
3774 2 2 0 4 4104 8326 8309
3775 2 2 0 4 6234 7642 2303
3776 2 2 0 4 3087 8093 3088
3777 2 2 0 4 2098 2099 2097
3778 2 2 0 4 2391 2406 2404
3779 2 2 0 4 5982 7618 2409
3780 2 2 0 4 5935 8149 5037
3781 2 2 0 4 3330 3331 3329
3782 2 2 0 4 3256 3276 3275
3783 2 2 0 4 2346 2407 2382
3784 2 2 0 4 5460 5634 5633
3785 2 2 0 4 3167 3168 3166
3786 2 2 0 4 3771 3772 3767
3787 2 2 0 4 3767 5574 3768
3788 2 2 0 4 5341 5704 5342
3789 2 2 0 4 2373 5759 2374
3790 2 2 0 4 3653 3655 3654
3791 2 2 0 4 2185 2186 2184
3792 2 2 0 4 2116 2118 2117
3793 2 2 0 4 2079 2094 2078
3794 2 2 0 4 3571 3574 3572
3795 2 2 0 4 2589 4548 2590
3796 2 2 0 4 5663 5664 5618
3797 2 2 0 4 4072 4074 4071
3798 2 2 0 4 2439 5730 2445
3799 2 2 0 4 5290 5800 5289
3800 2 2 0 4 5156 5476 5475
3801 2 2 0 4 5289 5451 5450
3802 2 2 0 4 3004 3015 3007
3803 2 2 0 4 4326 4327 4325
3804 2 2 0 4 3114 3137 3087
3805 2 2 0 4 5461 5462 4736
3806 2 2 0 4 5312 5514 5513
3807 2 2 0 4 3784 3785 3783
3808 2 2 0 4 2344 2433 2387
3809 2 2 0 4 5359 5360 4285
3810 2 2 0 4 4030 4031 4028
3811 2 2 0 4 3905 5536 5358
3812 2 2 0 4 4054 4056 4055
3813 2 2 0 4 5352 5353 4366
3814 2 2 0 4 5357 5545 3175
3815 2 2 0 4 3324 3385 3384
3816 2 2 0 4 4901 4903 4902
3817 2 2 0 4 4349 4354 4350
3818 2 2 0 4 2194 2197 2189
3819 2 2 0 4 3934 3936 3933
3820 2 2 0 4 2199 2265 2264
3821 2 2 0 4 2031 2362 2070
3822 2 2 0 4 1987 1988 1986
3823 2 2 0 4 5430 5635 5431
3824 2 2 0 4 2291 2293 2292
3825 2 2 0 4 4645 5658 5657
3826 2 2 0 4 2250 2251 2249
3827 2 2 0 4 2596 5335 5334
3828 2 2 0 4 2172 2173 2171
3829 2 2 0 4 6028 7559 7558
3830 2 2 0 4 6065 6066 5823
3831 2 2 0 4 5378 8436 4463
3832 2 2 0 4 5686 8124 5684
3833 2 2 0 4 47 6455 46
3834 2 2 0 4 5715 5716 2318
3835 2 2 0 4 3729 8222 3157
3836 2 2 0 4 5678 7537 4931
3837 2 2 0 4 1942 6147 5717
3838 2 2 0 4 7785 8160 5326
3839 2 2 0 4 5715 5786 5716
3840 2 2 0 4 5637 8249 5638
3841 2 2 0 4 2409 7618 1893
3842 2 2 0 4 5731 8206 3342
3843 2 2 0 4 6348 7849 4110
3844 2 2 0 4 3616 7748 5598
3845 2 2 0 4 5694 8021 6301
3846 2 2 0 4 5809 8630 2438
3847 2 2 0 4 5399 5900 3617
3848 2 2 0 4 2030 6167 6166
3849 2 2 0 4 2531 6319 2528
3850 2 2 0 4 2528 6319 2527
3851 2 2 0 4 5879 8047 5123
3852 2 2 0 4 2365 7917 5740
3853 2 2 0 4 5744 5748 5746
3854 2 2 0 4 5058 5731 5521
3855 2 2 0 4 2404 8101 6079
3856 2 2 0 4 5115 8072 5117
3857 2 2 0 4 4726 5735 5115
3858 2 2 0 4 5340 8414 5689
3859 2 2 0 4 5189 5837 5190
3860 2 2 0 4 2597 5789 5625
3861 2 2 0 4 3398 5790 3584
3862 2 2 0 4 5174 7837 5173
3863 2 2 0 4 5702 5718 5356
3864 2 2 0 4 3227 5892 5891
3865 2 2 0 4 6854 7577 1869
3866 2 2 0 4 5616 5920 4612
3867 2 2 0 4 5773 7652 1874
3868 2 2 0 4 5714 7695 2064
3869 2 2 0 4 6525 8451 7536
3870 2 2 0 4 6193 7678 3116
3871 2 2 0 4 1840 6014 5880
3872 2 2 0 4 7730 7769 219
3873 2 2 0 4 4739 6336 6254
3874 2 2 0 4 6461 7736 6752
3875 2 2 0 4 5648 8282 2458
3876 2 2 0 4 7620 7695 5714
3877 2 2 0 4 3176 8459 5807
3878 2 2 0 4 5744 5746 5362
3879 2 2 0 4 5363 5745 5744
3880 2 2 0 4 2074 7759 2330
3881 2 2 0 4 2359 8100 5979
3882 2 2 0 4 6256 7842 2919
3883 2 2 0 4 2919 7728 6256
3884 2 2 0 4 5143 5884 5535
3885 2 2 0 4 5676 5715 2318
3886 2 2 0 4 5767 5773 5771
3887 2 2 0 4 5574 7628 3808
3888 2 2 0 4 5923 7663 3013
3889 2 2 0 4 5011 7427 5579
3890 2 2 0 4 6070 6219 6101
3891 2 2 0 4 3275 6236 3281
3892 2 2 0 4 7725 8518 5549
3893 2 2 0 4 5742 5829 5398
3894 2 2 0 4 7922 8047 5879
3895 2 2 0 4 5434 5597 2648
3896 2 2 0 4 3616 5598 3121
3897 2 2 0 4 5591 7766 2603
3898 2 2 0 4 3956 8573 5428
3899 2 2 0 4 3584 5534 4706
3900 2 2 0 4 2412 5764 5649
3901 2 2 0 4 6268 8541 7388
3902 2 2 0 4 2223 8111 6358
3903 2 2 0 4 6456 7644 1910
3904 2 2 0 4 5465 6382 2731
3905 2 2 0 4 5324 7590 4713
3906 2 2 0 4 2731 6266 5465
3907 2 2 0 4 4389 8261 4588
3908 2 2 0 4 6085 6086 6050
3909 2 2 0 4 5376 8395 4726
3910 2 2 0 4 1881 7735 7580
3911 2 2 0 4 2940 8235 5592
3912 2 2 0 4 3866 6118 3906
3913 2 2 0 4 5771 7912 5772
3914 2 2 0 4 6711 7554 6713
3915 2 2 0 4 5543 6157 1856
3916 2 2 0 4 5799 7871 7555
3917 2 2 0 4 5549 8128 5437
3918 2 2 0 4 5190 5944 5639
3919 2 2 0 4 2105 8142 6271
3920 2 2 0 4 4989 5644 5642
3921 2 2 0 4 3625 5755 3623
3922 2 2 0 4 6880 8156 7125
3923 2 2 0 4 7631 8410 5424
3924 2 2 0 4 7568 7834 1892
3925 2 2 0 4 5427 5923 5078
3926 2 2 0 4 6062 6328 4944
3927 2 2 0 4 4329 6172 4150
3928 2 2 0 4 7780 7843 4961
3929 2 2 0 4 2314 5724 2315
3930 2 2 0 4 2055 7871 5797
3931 2 2 0 4 3001 7916 5636
3932 2 2 0 4 2366 7747 2087
3933 2 2 0 4 5932 5933 3919
3934 2 2 0 4 4955 7910 3665
3935 2 2 0 4 3340 7376 5924
3936 2 2 0 4 5441 8549 8028
3937 2 2 0 4 1879 6155 5632
3938 2 2 0 4 4727 6319 5485
3939 2 2 0 4 5477 7802 2575
3940 2 2 0 4 5034 6414 6317
3941 2 2 0 4 5735 5736 5115
3942 2 2 0 4 5056 8315 6313
3943 2 2 0 4 6054 6056 5076
3944 2 2 0 4 2349 6116 2348
3945 2 2 0 4 5365 5809 4092
3946 2 2 0 4 3391 5790 3398
3947 2 2 0 4 6376 6377 3978
3948 2 2 0 4 2401 8049 2399
3949 2 2 0 4 3698 7924 4949
3950 2 2 0 4 2144 7673 2352
3951 2 2 0 4 2634 8270 7455
3952 2 2 0 4 5724 7422 2315
3953 2 2 0 4 2360 6122 2358
3954 2 2 0 4 1898 6140 311
3955 2 2 0 4 5914 7671 5272
3956 2 2 0 4 280 5839 281
3957 2 2 0 4 5711 7897 2063
3958 2 2 0 4 7317 7318 5470
3959 2 2 0 4 3024 8407 3025
3960 2 2 0 4 162 6154 1879
3961 2 2 0 4 3906 8412 5457
3962 2 2 0 4 5494 7469 2301
3963 2 2 0 4 6199 7386 1901
3964 2 2 0 4 2476 6128 2463
3965 2 2 0 4 4695 5789 2597
3966 2 2 0 4 2482 5823 2354
3967 2 2 0 4 5142 7788 4053
3968 2 2 0 4 5717 6147 6017
3969 2 2 0 4 7671 8106 7670
3970 2 2 0 4 6462 7736 6461
3971 2 2 0 4 5951 7491 5950
3972 2 2 0 4 5455 7676 5695
3973 2 2 0 4 5966 6107 6071
3974 2 2 0 4 5408 8126 5967
3975 2 2 0 4 3367 5604 5603
3976 2 2 0 4 6754 8277 5383
3977 2 2 0 4 6455 6456 1910
3978 2 2 0 4 5278 6150 5280
3979 2 2 0 4 5608 7453 2262
3980 2 2 0 4 6172 7643 6173
3981 2 2 0 4 3794 6159 4338
3982 2 2 0 4 7555 7871 2055
3983 2 2 0 4 5672 8390 3831
3984 2 2 0 4 65 6540 64
3985 2 2 0 4 5708 8147 3077
3986 2 2 0 4 5450 8147 5708
3987 2 2 0 4 4945 5654 5525
3988 2 2 0 4 2184 6156 2188
3989 2 2 0 4 2545 5775 5621
3990 2 2 0 4 5575 7563 1862
3991 2 2 0 4 5918 7316 4960
3992 2 2 0 4 2415 5836 2333
3993 2 2 0 4 7388 7892 5147
3994 2 2 0 4 2296 5576 5525
3995 2 2 0 4 2503 2553 2501
3996 2 2 0 4 2568 4997 2570
3997 2 2 0 4 6261 7988 2281
3998 2 2 0 4 4362 6180 6179
3999 2 2 0 4 2438 8630 5710
4000 2 2 0 4 7408 8716 7917
4001 2 2 0 4 2137 8121 7672
4002 2 2 0 4 2189 6168 2190
4003 2 2 0 4 5551 6629 6260
4004 2 2 0 4 2336 5798 2481
4005 2 2 0 4 5021 5576 2296
4006 2 2 0 4 2501 2553 2552
4007 2 2 0 4 2574 4997 2568
4008 2 2 0 4 5671 6313 5672
4009 2 2 0 4 1938 6106 1939
4010 2 2 0 4 3809 6167 5023
4011 2 2 0 4 6371 8111 2223
4012 2 2 0 4 5868 7430 5867
4013 2 2 0 4 5564 7945 5941
4014 2 2 0 4 5888 8407 3024
4015 2 2 0 4 2120 8010 2395
4016 2 2 0 4 4552 5734 5044
4017 2 2 0 4 6392 6394 2647
4018 2 2 0 4 5799 7555 2037
4019 2 2 0 4 3573 7885 6192
4020 2 2 0 4 4727 6320 6319
4021 2 2 0 4 7670 8106 5883
4022 2 2 0 4 5696 6834 6295
4023 2 2 0 4 1901 7908 6199
4024 2 2 0 4 7125 7632 6880
4025 2 2 0 4 2476 7698 6128
4026 2 2 0 4 2533 7273 7272
4027 2 2 0 4 2341 6066 6065
4028 2 2 0 4 7570 7764 6035
4029 2 2 0 4 3617 8136 5399
4030 2 2 0 4 1850 6259 5551
4031 2 2 0 4 4017 8075 4320
4032 2 2 0 4 5960 8139 6251
4033 2 2 0 4 2492 5689 2493
4034 2 2 0 4 6193 8651 6192
4035 2 2 0 4 2435 7583 2434
4036 2 2 0 4 5797 7871 5798
4037 2 2 0 4 3743 7140 5887
4038 2 2 0 4 5574 8510 5652
4039 2 2 0 4 2514 6073 5884
4040 2 2 0 4 5760 7769 7730
4041 2 2 0 4 5878 7922 5879
4042 2 2 0 4 7524 7886 5185
4043 2 2 0 4 5649 8340 2456
4044 2 2 0 4 2378 5811 2081
4045 2 2 0 4 3301 7518 3321
4046 2 2 0 4 5753 8403 5751
4047 2 2 0 4 5968 7489 5386
4048 2 2 0 4 6353 7732 5141
4049 2 2 0 4 1862 7563 5526
4050 2 2 0 4 3143 5922 3131
4051 2 2 0 4 5561 8211 5743
4052 2 2 0 4 8211 8554 5743
4053 2 2 0 4 5432 6258 5365
4054 2 2 0 4 3706 8694 6151
4055 2 2 0 4 4311 5559 3190
4056 2 2 0 4 1835 7906 2407
4057 2 2 0 4 5677 8440 4906
4058 2 2 0 4 3400 7749 6508
4059 2 2 0 4 1871 7463 5569
4060 2 2 0 4 6163 6516 1866
4061 2 2 0 4 6001 6002 5130
4062 2 2 0 4 2333 8402 2350
4063 2 2 0 4 6157 7488 1907
4064 2 2 0 4 6071 7489 5966
4065 2 2 0 4 5526 8103 1862
4066 2 2 0 4 5917 8096 5918
4067 2 2 0 4 5941 7664 5564
4068 2 2 0 4 3157 8222 5177
4069 2 2 0 4 5071 7995 6293
4070 2 2 0 4 6196 7714 1888
4071 2 2 0 4 5752 8095 5014
4072 2 2 0 4 5365 5810 5809
4073 2 2 0 4 5868 8200 7430
4074 2 2 0 4 3030 7977 6274
4075 2 2 0 4 3754 5895 5617
4076 2 2 0 4 7358 7742 7609
4077 2 2 0 4 5909 5912 4581
4078 2 2 0 4 3227 6281 5892
4079 2 2 0 4 5116 6336 4739
4080 2 2 0 4 5934 6120 5935
4081 2 2 0 4 3941 3942 3939
4082 2 2 0 4 5345 5347 5339
4083 2 2 0 4 385 5903 386
4084 2 2 0 4 3275 3281 3280
4085 2 2 0 4 3956 4059 3958
4086 2 2 0 4 1997 2062 2061
4087 2 2 0 4 6004 6040 6003
4088 2 2 0 4 5751 5752 5014
4089 2 2 0 4 5287 5572 5512
4090 2 2 0 4 4683 4699 4443
4091 2 2 0 4 2046 2053 2044
4092 2 2 0 4 5561 5743 5427
4093 2 2 0 4 3307 3309 3305
4094 2 2 0 4 5397 5758 5394
4095 2 2 0 4 3844 3845 3842
4096 2 2 0 4 2995 2998 2997
4097 2 2 0 4 2264 5815 5637
4098 2 2 0 4 3072 3075 3074
4099 2 2 0 4 1991 5921 1997
4100 2 2 0 4 5836 7758 6088
4101 2 2 0 4 3305 5917 3302
4102 2 2 0 4 4457 4625 4455
4103 2 2 0 4 5020 5433 5018
4104 2 2 0 4 2387 7825 2450
4105 2 2 0 4 7917 8716 5740
4106 2 2 0 4 5558 6205 6204
4107 2 2 0 4 6864 7506 5313
4108 2 2 0 4 5470 8265 7317
4109 2 2 0 4 2341 8297 2342
4110 2 2 0 4 5563 7874 5312
4111 2 2 0 4 6286 8100 2359
4112 2 2 0 4 2081 8170 2079
4113 2 2 0 4 1996 8168 5704
4114 2 2 0 4 4420 5904 5403
4115 2 2 0 4 5181 8723 8130
4116 2 2 0 4 4944 6063 6062
4117 2 2 0 4 5403 7651 5593
4118 2 2 0 4 5126 6047 6046
4119 2 2 0 4 5692 8184 5984
4120 2 2 0 4 6233 8075 7756
4121 2 2 0 4 3667 7910 4373
4122 2 2 0 4 2000 7591 2430
4123 2 2 0 4 6272 8095 3098
4124 2 2 0 4 1907 8076 6157
4125 2 2 0 4 5139 7916 7417
4126 2 2 0 4 5528 6863 1883
4127 2 2 0 4 4104 8309 5654
4128 2 2 0 4 6041 7450 5674
4129 2 2 0 4 5812 6779 1882
4130 2 2 0 4 5437 7409 3926
4131 2 2 0 4 3755 8382 5520
4132 2 2 0 4 6027 7709 5025
4133 2 2 0 4 6271 7490 6270
4134 2 2 0 4 6751 7356 1853
4135 2 2 0 4 5553 7834 7568
4136 2 2 0 4 2238 7825 2433
4137 2 2 0 4 5911 8518 5910
4138 2 2 0 4 5880 6014 5881
4139 2 2 0 4 5924 7576 3340
4140 2 2 0 4 5635 8113 6097
4141 2 2 0 4 3135 5816 5560
4142 2 2 0 4 5684 8722 2316
4143 2 2 0 4 2414 7306 2221
4144 2 2 0 4 7917 8044 2308
4145 2 2 0 4 4973 7497 5545
4146 2 2 0 4 2356 7711 2482
4147 2 2 0 4 3879 8506 5813
4148 2 2 0 4 7547 8092 1916
4149 2 2 0 4 6305 8569 7461
4150 2 2 0 4 2313 6177 2292
4151 2 2 0 4 4362 6178 3384
4152 2 2 0 4 7461 8569 6385
4153 2 2 0 4 3114 6182 4126
4154 2 2 0 4 6875 7843 7780
4155 2 2 0 4 5532 8068 5795
4156 2 2 0 4 2022 6225 6141
4157 2 2 0 4 5944 7559 5639
4158 2 2 0 4 2263 6240 2446
4159 2 2 0 4 5641 8354 1885
4160 2 2 0 4 6050 6174 6083
4161 2 2 0 4 3321 5897 5700
4162 2 2 0 4 1855 6665 6228
4163 2 2 0 4 2438 5710 2435
4164 2 2 0 4 3958 3960 3959
4165 2 2 0 4 3768 3808 3770
4166 2 2 0 4 1837 7702 7393
4167 2 2 0 4 2442 5651 2440
4168 2 2 0 4 2047 2052 2046
4169 2 2 0 4 3088 3093 3092
4170 2 2 0 4 3176 4940 3161
4171 2 2 0 4 2190 2195 2192
4172 2 2 0 4 5398 5828 5397
4173 2 2 0 4 2034 2035 2033
4174 2 2 0 4 268 7760 7515
4175 2 2 0 4 5984 8184 2572
4176 2 2 0 4 5009 7886 7524
4177 2 2 0 4 7617 8175 6749
4178 2 2 0 4 4724 6252 5599
4179 2 2 0 4 7731 8617 5064
4180 2 2 0 4 5903 8619 386
4181 2 2 0 4 2359 8321 6286
4182 2 2 0 4 2339 6124 5963
4183 2 2 0 4 4837 6456 4838
4184 2 2 0 4 5676 8258 5715
4185 2 2 0 4 4366 8684 3696
4186 2 2 0 4 5865 7519 2093
4187 2 2 0 4 5732 5903 2476
4188 2 2 0 4 5746 7705 5747
4189 2 2 0 4 5955 7982 6056
4190 2 2 0 4 8187 8550 7306
4191 2 2 0 4 2465 7899 5770
4192 2 2 0 4 6241 8639 5339
4193 2 2 0 4 2384 2409 2385
4194 2 2 0 4 2415 7758 5836
4195 2 2 0 4 6642 6777 1932
4196 2 2 0 4 112 6568 111
4197 2 2 0 4 1916 8092 6872
4198 2 2 0 4 3179 3180 3177
4199 2 2 0 4 4461 4469 4459
4200 2 2 0 4 2085 2095 2083
4201 2 2 0 4 2440 8271 2439
4202 2 2 0 4 5897 7518 4960
4203 2 2 0 4 4465 4544 4463
4204 2 2 0 4 3731 4436 3729
4205 2 2 0 4 2430 7596 2023
4206 2 2 0 4 2358 8321 2359
4207 2 2 0 4 2132 2388 2133
4208 2 2 0 4 6425 8074 6237
4209 2 2 0 4 5755 8024 3623
4210 2 2 0 4 3781 7417 3000
4211 2 2 0 4 5669 7722 3987
4212 2 2 0 4 5624 7213 1847
4213 2 2 0 4 6201 7607 6488
4214 2 2 0 4 6128 7899 2465
4215 2 2 0 4 2129 2451 2132
4216 2 2 0 4 3913 5031 3890
4217 2 2 0 4 1956 5714 2064
4218 2 2 0 4 6230 7668 6029
4219 2 2 0 4 3940 7669 7454
4220 2 2 0 4 2648 5597 2644
4221 2 2 0 4 3121 5598 3118
4222 2 2 0 4 5723 6421 2157
4223 2 2 0 4 5983 8281 5702
4224 2 2 0 4 3706 6151 5670
4225 2 2 0 4 6251 8139 2421
4226 2 2 0 4 4554 5941 5940
4227 2 2 0 4 2389 2451 2392
4228 2 2 0 4 4694 6203 3891
4229 2 2 0 4 5866 5867 5865
4230 2 2 0 4 1927 6154 163
4231 2 2 0 4 5117 5877 5119
4232 2 2 0 4 2130 2370 2325
4233 2 2 0 4 286 7869 7397
4234 2 2 0 4 7640 7860 2897
4235 2 2 0 4 5856 5857 4616
4236 2 2 0 4 1970 7892 7388
4237 2 2 0 4 7764 8420 6035
4238 2 2 0 4 24 8016 7911
4239 2 2 0 4 5558 6204 4940
4240 2 2 0 4 6198 7714 6196
4241 2 2 0 4 5277 7896 5399
4242 2 2 0 4 2414 8187 7306
4243 2 2 0 4 4625 8410 5541
4244 2 2 0 4 2630 2921 2628
4245 2 2 0 4 5830 8013 5829
4246 2 2 0 4 5467 8175 7617
4247 2 2 0 4 7733 8277 6755
4248 2 2 0 4 5745 7832 5744
4249 2 2 0 4 5783 7885 7472
4250 2 2 0 4 3342 7452 5731
4251 2 2 0 4 6755 8277 1872
4252 2 2 0 4 6858 7043 6717
4253 2 2 0 4 7609 8059 2200
4254 2 2 0 4 5652 7628 5574
4255 2 2 0 4 5145 7594 6298
4256 2 2 0 4 2345 2434 2344
4257 2 2 0 4 5157 5478 5156
4258 2 2 0 4 3653 5075 3657
4259 2 2 0 4 5536 6374 5537
4260 2 2 0 4 6374 7967 5537
4261 2 2 0 4 4320 8075 6233
4262 2 2 0 4 2407 6346 1835
4263 2 2 0 4 2392 2428 2391
4264 2 2 0 4 5543 6159 4636
4265 2 2 0 4 6516 7694 1866
4266 2 2 0 4 5817 7304 3916
4267 2 2 0 4 6145 6365 2169
4268 2 2 0 4 7824 8097 4888
4269 2 2 0 4 5880 5881 5680
4270 2 2 0 4 1994 8383 5758
4271 2 2 0 4 5552 6309 4721
4272 2 2 0 4 2130 7821 2370
4273 2 2 0 4 2492 7740 5689
4274 2 2 0 4 5448 6230 5088
4275 2 2 0 4 5064 8617 5063
4276 2 2 0 4 6128 7698 1842
4277 2 2 0 4 2564 8657 8281
4278 2 2 0 4 2317 7450 6041
4279 2 2 0 4 5865 7836 5539
4280 2 2 0 4 2093 7836 5865
4281 2 2 0 4 5657 8226 4408
4282 2 2 0 4 5558 6206 6205
4283 2 2 0 4 1939 6106 2071
4284 2 2 0 4 5094 7381 5613
4285 2 2 0 4 6395 7404 4337
4286 2 2 0 4 2483 7507 2185
4287 2 2 0 4 3153 8002 5357
4288 2 2 0 4 5358 8003 3872
4289 2 2 0 4 3692 8004 5352
4290 2 2 0 4 5803 7894 5801
4291 2 2 0 4 6304 6305 3532
4292 2 2 0 4 5603 7309 3367
4293 2 2 0 4 7325 7512 7511
4294 2 2 0 4 1985 7458 5836
4295 2 2 0 4 6073 8064 5535
4296 2 2 0 4 5947 7424 5948
4297 2 2 0 4 5987 8011 7655
4298 2 2 0 4 3227 6170 2980
4299 2 2 0 4 2980 6170 2979
4300 2 2 0 4 3127 6111 3165
4301 2 2 0 4 2236 8090 7046
4302 2 2 0 4 3757 5617 4404
4303 2 2 0 4 2453 5649 2456
4304 2 2 0 4 2477 7964 2338
4305 2 2 0 4 2339 5963 2386
4306 2 2 0 4 6004 6041 6040
4307 2 2 0 4 6012 6116 2059
4308 2 2 0 4 2537 8028 2538
4309 2 2 0 4 8066 8107 4925
4310 2 2 0 4 5414 8088 6481
4311 2 2 0 4 5621 7534 2545
4312 2 2 0 4 5135 7528 6377
4313 2 2 0 4 1883 7810 5528
4314 2 2 0 4 3052 7934 7587
4315 2 2 0 4 3960 7481 4560
4316 2 2 0 4 7742 8059 7609
4317 2 2 0 4 5736 8072 5115
4318 2 2 0 4 2249 8090 2236
4319 2 2 0 4 5153 7034 6776
4320 2 2 0 4 2308 8044 2483
4321 2 2 0 4 5639 8495 4985
4322 2 2 0 4 8126 8383 1994
4323 2 2 0 4 5025 7709 6189
4324 2 2 0 4 6002 8500 5130
4325 2 2 0 4 5829 8349 5830
4326 2 2 0 4 6855 8179 1906
4327 2 2 0 4 4037 6376 3976
4328 2 2 0 4 2340 8393 2339
4329 2 2 0 4 5683 7954 3818
4330 2 2 0 4 7463 8037 5569
4331 2 2 0 4 2482 6140 5823
4332 2 2 0 4 3740 7881 5643
4333 2 2 0 4 2193 7484 6247
4334 2 2 0 4 2377 8550 8187
4335 2 2 0 4 6394 7816 7703
4336 2 2 0 4 2647 6393 6392
4337 2 2 0 4 7454 7669 5664
4338 2 2 0 4 4416 5568 5567
4339 2 2 0 4 5630 7448 3330
4340 2 2 0 4 5594 6164 5542
4341 2 2 0 4 6396 7582 6326
4342 2 2 0 4 5702 7599 5983
4343 2 2 0 4 5936 7611 1914
4344 2 2 0 4 3047 6309 3050
4345 2 2 0 4 6326 7816 6396
4346 2 2 0 4 2589 5733 4549
4347 2 2 0 4 3571 5734 3575
4348 2 2 0 4 6192 7885 5407
4349 2 2 0 4 2198 2340 2339
4350 2 2 0 4 3937 3939 3938
4351 2 2 0 4 2341 2342 2267
4352 2 2 0 4 5336 5339 5337
4353 2 2 0 4 2404 6079 2405
4354 2 2 0 4 5976 5981 5975
4355 2 2 0 4 7911 8016 5566
4356 2 2 0 4 1913 6366 6331
4357 2 2 0 4 5334 8029 2520
4358 2 2 0 4 3889 8506 3879
4359 2 2 0 4 3305 8461 5917
4360 2 2 0 4 2096 2097 2041
4361 2 2 0 4 2389 2391 2390
4362 2 2 0 4 2533 7271 6135
4363 2 2 0 4 3308 5839 5837
4364 2 2 0 4 5399 7896 5900
4365 2 2 0 4 3532 6382 5938
4366 2 2 0 4 5697 5817 3916
4367 2 2 0 4 5921 8463 1997
4368 2 2 0 4 2426 7319 2424
4369 2 2 0 4 5075 7365 3657
4370 2 2 0 4 4796 6527 6260
4371 2 2 0 4 2132 2451 2389
4372 2 2 0 4 3890 8699 3883
4373 2 2 0 4 3829 7933 4033
4374 2 2 0 4 4993 7579 5901
4375 2 2 0 4 3980 7528 4029
4376 2 2 0 4 3669 8041 5359
4377 2 2 0 4 4362 6179 6178
4378 2 2 0 4 4549 5733 5104
4379 2 2 0 4 3575 5734 4552
4380 2 2 0 4 3113 7678 5915
4381 2 2 0 4 4692 7995 5071
4382 2 2 0 4 2205 2346 2302
4383 2 2 0 4 5458 5460 5459
4384 2 2 0 4 3152 3166 3151
4385 2 2 0 4 3389 3767 3460
4386 2 2 0 4 4996 5278 4648
4387 2 2 0 4 3938 3956 3955
4388 2 2 0 4 1991 1997 1992
4389 2 2 0 4 5337 5341 5338
4390 2 2 0 4 2179 2373 2367
4391 2 2 0 4 5767 5771 5769
4392 2 2 0 4 6101 8137 6070
4393 2 2 0 4 5690 7639 7510
4394 2 2 0 4 2463 6128 2465
4395 2 2 0 4 3300 8006 8002
4396 2 2 0 4 3639 3653 3652
4397 2 2 0 4 3872 8003 3908
4398 2 2 0 4 3300 8002 3153
4399 2 2 0 4 3817 8004 3692
4400 2 2 0 4 4399 5014 4634
4401 2 2 0 4 2030 8308 8133
4402 2 2 0 4 6269 8541 6268
4403 2 2 0 4 2183 2184 2115
4404 2 2 0 4 5459 5496 5495
4405 2 2 0 4 5058 5521 4956
4406 2 2 0 4 4931 5287 4932
4407 2 2 0 4 1855 7790 6665
4408 2 2 0 4 4355 5143 4969
4409 2 2 0 4 3640 4443 4431
4410 2 2 0 4 2077 2078 2066
4411 2 2 0 4 2074 2116 2075
4412 2 2 0 4 4560 5376 4726
4413 2 2 0 4 3301 3321 3222
4414 2 2 0 4 3115 3571 3409
4415 2 2 0 4 5587 5588 5586
4416 2 2 0 4 2507 2589 2509
4417 2 2 0 4 3829 4033 3827
4418 2 2 0 4 2320 2439 2319
4419 2 2 0 4 4909 5156 4908
4420 2 2 0 4 4953 5289 4954
4421 2 2 0 4 2356 2482 2354
4422 2 2 0 4 3001 3004 3003
4423 2 2 0 4 4726 5115 4739
4424 2 2 0 4 2043 2044 2042
4425 2 2 0 4 5421 5555 5325
4426 2 2 0 4 3929 5662 5618
4427 2 2 0 4 5089 5448 5088
4428 2 2 0 4 4967 5078 4968
4429 2 2 0 4 3664 4325 3665
4430 2 2 0 4 3085 3087 3086
4431 2 2 0 4 2321 2399 2322
4432 2 2 0 4 3304 3305 3302
4433 2 2 0 4 3325 4736 3220
4434 2 2 0 4 3395 3740 3335
4435 2 2 0 4 2516 5312 5005
4436 2 2 0 4 3667 4373 3669
4437 2 2 0 4 2333 2350 2287
4438 2 2 0 4 2334 2415 2333
4439 2 2 0 4 3742 3783 3561
4440 2 2 0 4 3838 3926 3836
4441 2 2 0 4 2329 2344 2327
4442 2 2 0 4 3671 4285 3673
4443 2 2 0 4 3841 3842 3840
4444 2 2 0 4 4989 5189 4988
4445 2 2 0 4 3698 4349 3705
4446 2 2 0 4 3866 3906 3864
4447 2 2 0 4 3160 3161 3155
4448 2 2 0 4 3155 3300 3153
4449 2 2 0 4 3064 3324 3065
4450 2 2 0 4 3682 4901 3684
4451 2 2 0 4 3999 4054 4001
4452 2 2 0 4 3872 3908 3870
4453 2 2 0 4 3149 3175 3147
4454 2 2 0 4 3991 4028 3992
4455 2 2 0 4 3690 3817 3692
4456 2 2 0 4 3694 4366 3696
4457 2 2 0 4 3876 3905 3874
4458 2 2 0 4 2277 2358 2276
4459 2 2 0 4 2161 2189 2162
4460 2 2 0 4 3980 4029 3982
4461 2 2 0 4 2993 2995 2994
4462 2 2 0 4 3931 3933 3932
4463 2 2 0 4 3929 5618 3931
4464 2 2 0 4 2460 2463 2461
4465 2 2 0 4 2144 2199 2146
4466 2 2 0 4 3974 4037 3976
4467 2 2 0 4 2029 2031 2028
4468 2 2 0 4 1983 1986 1982
4469 2 2 0 4 4587 5430 4586
4470 2 2 0 4 2520 2585 2523
4471 2 2 0 4 2456 5648 2458
4472 2 2 0 4 2019 2291 2140
4473 2 2 0 4 4404 4645 4406
4474 2 2 0 4 2002 2023 2004
4475 2 2 0 4 3070 3072 3071
4476 2 2 0 4 2248 2249 2236
4477 2 2 0 4 6209 7348 4594
4478 2 2 0 4 5736 7487 3012
4479 2 2 0 4 6006 7939 7808
4480 2 2 0 4 7393 7702 5651
4481 2 2 0 4 8467 8478 7451
4482 2 2 0 4 4960 7518 5918
4483 2 2 0 4 5849 5888 3024
4484 2 2 0 4 5652 8510 4317
4485 2 2 0 4 7869 8147 5451
4486 2 2 0 4 5685 5951 5950
4487 2 2 0 4 3938 8573 3956
4488 2 2 0 4 4616 8099 5856
4489 2 2 0 4 2397 5684 2316
4490 2 2 0 4 2483 8044 2396
4491 2 2 0 4 2380 2396 2053
4492 2 2 0 4 5572 7537 4905
4493 2 2 0 4 6749 8323 4861
4494 2 2 0 4 2262 7988 5607
4495 2 2 0 4 5731 8216 5521
4496 2 2 0 4 5123 8047 6047
4497 2 2 0 4 2530 7273 2533
4498 2 2 0 4 4963 6375 6373
4499 2 2 0 4 3131 5922 3129
4500 2 2 0 4 1937 7535 5948
4501 2 2 0 4 4470 8096 5917
4502 2 2 0 4 4554 7664 5941
4503 2 2 0 4 5634 7760 5633
4504 2 2 0 4 2432 7803 2227
4505 2 2 0 4 7510 7993 5690
4506 2 2 0 4 2477 8038 7964
4507 2 2 0 4 5698 7426 1935
4508 2 2 0 4 2227 5629 2432
4509 2 2 0 4 2299 6167 3809
4510 2 2 0 4 5860 7402 4579
4511 2 2 0 4 3972 8692 5818
4512 2 2 0 4 6155 8097 7824
4513 2 2 0 4 5355 5702 5356
4514 2 2 0 4 1885 7378 5640
4515 2 2 0 4 5770 7652 5766
4516 2 2 0 4 4394 8173 5784
4517 2 2 0 4 2465 5770 5766
4518 2 2 0 4 5271 8261 4389
4519 2 2 0 4 6326 8155 7816
4520 2 2 0 4 5567 8494 4416
4521 2 2 0 4 4369 6172 5057
4522 2 2 0 4 2456 8340 5648
4523 2 2 0 4 5587 8607 5588
4524 2 2 0 4 4346 5365 4092
4525 2 2 0 4 2089 2171 2087
4526 2 2 0 4 4454 4455 4053
4527 2 2 0 4 6002 6220 5996
4528 2 2 0 4 5434 7901 5597
4529 2 2 0 4 2016 5750 2013
4530 2 2 0 4 7455 7522 2632
4531 2 2 0 4 5339 8639 5337
4532 2 2 0 4 8130 8723 4995
4533 2 2 0 4 5606 6113 5833
4534 2 2 0 4 3811 8001 7782
4535 2 2 0 4 5592 8083 2940
4536 2 2 0 4 3901 5778 3899
4537 2 2 0 4 2412 5649 2453
4538 2 2 0 4 4420 5403 5307
4539 2 2 0 4 3754 5617 3757
4540 2 2 0 4 2618 3274 2620
4541 2 2 0 4 5764 8020 5649
4542 2 2 0 4 5795 8288 3011
4543 2 2 0 4 4446 4449 4447
4544 2 2 0 4 4620 5183 5182
4545 2 2 0 4 2668 5542 3288
4546 2 2 0 4 5662 5939 5663
4547 2 2 0 4 7941 8145 1925
4548 2 2 0 4 2280 7493 7492
4549 2 2 0 4 5799 6122 2360
4550 2 2 0 4 5183 7739 5595
4551 2 2 0 4 4055 5940 4001
4552 2 2 0 4 5557 5558 4940
4553 2 2 0 4 7808 7939 5757
4554 2 2 0 4 7414 8291 5921
4555 2 2 0 4 5869 5945 4546
4556 2 2 0 4 2603 7766 2601
4557 2 2 0 4 6854 8179 7577
4558 2 2 0 4 1870 6455 47
4559 2 2 0 4 46 6455 1910
4560 2 2 0 4 6270 7490 2282
4561 2 2 0 4 2316 8722 5685
4562 2 2 0 4 4033 8123 3827
4563 2 2 0 4 3288 7545 2666
4564 2 2 0 4 3342 8206 5986
4565 2 2 0 4 2259 7453 2261
4566 2 2 0 4 3083 7559 5944
4567 2 2 0 4 5706 8359 6302
4568 2 2 0 4 5422 8410 4457
4569 2 2 0 4 7819 8425 2041
4570 2 2 0 4 5942 8202 3991
4571 2 2 0 4 4293 8177 6216
4572 2 2 0 4 2388 7478 2163
4573 2 2 0 4 5810 7575 421
4574 2 2 0 4 3770 5605 3769
4575 2 2 0 4 3963 6254 3968
4576 2 2 0 4 3338 7705 5748
4577 2 2 0 4 334 7922 7692
4578 2 2 0 4 2041 8425 2033
4579 2 2 0 4 6113 6114 5833
4580 2 2 0 4 3886 6114 6113
4581 2 2 0 4 6391 6395 6392
4582 2 2 0 4 2046 2380 2053
4583 2 2 0 4 2520 8029 2585
4584 2 2 0 4 3664 5946 4326
4585 2 2 0 4 4373 8041 3669
4586 2 2 0 4 5157 7443 5478
4587 2 2 0 4 6192 8651 3573
4588 2 2 0 4 7647 8140 5429
4589 2 2 0 4 5685 5729 5728
4590 2 2 0 4 3108 5850 248
4591 2 2 0 4 6880 7632 5571
4592 2 2 0 4 5632 8070 1879
4593 2 2 0 4 1933 8037 7463
4594 2 2 0 4 5032 6317 5038
4595 2 2 0 4 5397 5828 5794
4596 2 2 0 4 5630 7332 3611
4597 2 2 0 4 2396 8366 2483
4598 2 2 0 4 5545 8430 4973
4599 2 2 0 4 3939 8573 3938
4600 2 2 0 4 8360 8630 5809
4601 2 2 0 4 5810 8360 5809
4602 2 2 0 4 4626 5897 4960
4603 2 2 0 4 1843 6229 5717
4604 2 2 0 4 5337 8639 5341
4605 2 2 0 4 2029 6166 2032
4606 2 2 0 4 2753 8648 6468
4607 2 2 0 4 2993 7616 2995
4608 2 2 0 4 6495 7735 151
4609 2 2 0 4 7298 7817 7303
4610 2 2 0 4 5773 7935 5771
4611 2 2 0 4 5452 7717 5817
4612 2 2 0 4 5121 6336 5118
4613 2 2 0 4 6275 7658 5136
4614 2 2 0 4 5459 8431 5496
4615 2 2 0 4 2494 7485 2491
4616 2 2 0 4 2301 7831 5494
4617 2 2 0 4 3166 8723 3151
4618 2 2 0 4 6138 6139 1836
4619 2 2 0 4 2245 6093 5710
4620 2 2 0 4 5696 6437 3989
4621 2 2 0 4 3916 7978 5697
4622 2 2 0 4 7981 7986 5627
4623 2 2 0 4 5618 8416 3931
4624 2 2 0 4 5421 7712 5555
4625 2 2 0 4 2371 8199 2403
4626 2 2 0 4 4895 6759 5548
4627 2 2 0 4 4959 7402 5860
4628 2 2 0 4 2022 8119 6225
4629 2 2 0 4 2618 8300 3274
4630 2 2 0 4 4984 6027 4391
4631 2 2 0 4 5110 6224 4641
4632 2 2 0 4 7858 7865 200
4633 2 2 0 4 5895 6222 5617
4634 2 2 0 4 5347 7568 6109
4635 2 2 0 4 6062 8200 6328
4636 2 2 0 4 6328 8200 5868
4637 2 2 0 4 1935 7926 5698
4638 2 2 0 4 6468 8591 2753
4639 2 2 0 4 6259 8145 7941
4640 2 2 0 4 6012 8673 6116
4641 2 2 0 4 7616 8564 8444
4642 2 2 0 4 3046 6309 3047
4643 2 2 0 4 5451 8147 5450
4644 2 2 0 4 1874 7935 5773
4645 2 2 0 4 7839 8338 6143
4646 2 2 0 4 4296 7325 6126
4647 2 2 0 4 2221 7320 2414
4648 2 2 0 4 3024 6276 5849
4649 2 2 0 4 5821 7833 4644
4650 2 2 0 4 3184 8017 7765
4651 2 2 0 4 3690 8503 3817
4652 2 2 0 4 5123 6047 5126
4653 2 2 0 4 5363 5744 5362
4654 2 2 0 4 3926 8658 5671
4655 2 2 0 4 5534 7578 4706
4656 2 2 0 4 3768 5574 3808
4657 2 2 0 4 2209 5873 2343
4658 2 2 0 4 4965 6759 4895
4659 2 2 0 4 5557 5807 4673
4660 2 2 0 4 5355 7841 5702
4661 2 2 0 4 2433 6311 2238
4662 2 2 0 4 7703 7816 3638
4663 2 2 0 4 8035 8290 4292
4664 2 2 0 4 6185 7548 5519
4665 2 2 0 4 6454 6455 1870
4666 2 2 0 4 5136 7658 7527
4667 2 2 0 4 4905 7661 5572
4668 2 2 0 4 6860 6861 6713
4669 2 2 0 4 3625 7779 5755
4670 2 2 0 4 5655 7750 5418
4671 2 2 0 4 5742 8349 5829
4672 2 2 0 4 151 8352 6495
4673 2 2 0 4 5525 5654 5653
4674 2 2 0 4 5766 7652 5773
4675 2 2 0 4 3098 7515 6272
4676 2 2 0 4 1891 6127 5950
4677 2 2 0 4 6072 7489 6071
4678 2 2 0 4 2063 6253 1948
4679 2 2 0 4 5599 7517 4724
4680 2 2 0 4 5966 7489 5968
4681 2 2 0 4 5922 6111 3129
4682 2 2 0 4 3405 6262 4127
4683 2 2 0 4 5345 7568 5347
4684 2 2 0 4 400 5975 401
4685 2 2 0 4 5571 8183 6880
4686 2 2 0 4 2160 6421 5723
4687 2 2 0 4 6754 6962 1922
4688 2 2 0 4 7492 8371 2280
4689 2 2 0 4 5655 8132 7750
4690 2 2 0 4 5682 7434 2375
4691 2 2 0 4 6334 8255 4368
4692 2 2 0 4 8005 8186 5547
4693 2 2 0 4 5519 7548 5182
4694 2 2 0 4 5326 8253 7785
4695 2 2 0 4 4118 8427 7800
4696 2 2 0 4 5377 7992 7753
4697 2 2 0 4 6125 8157 6370
4698 2 2 0 4 5544 8564 7616
4699 2 2 0 4 2109 6270 2282
4700 2 2 0 4 5535 8064 5619
4701 2 2 0 4 5928 7851 4565
4702 2 2 0 4 5279 5958 5278
4703 2 2 0 4 1944 6147 1942
4704 2 2 0 4 5341 8639 7435
4705 2 2 0 4 6076 8605 7836
4706 2 2 0 4 2443 6277 2040
4707 2 2 0 4 3084 6278 4487
4708 2 2 0 4 71 6366 70
4709 2 2 0 4 4861 7617 6749
4710 2 2 0 4 7515 7760 5634
4711 2 2 0 4 2119 2122 2121
4712 2 2 0 4 4077 4078 4075
4713 2 2 0 4 1912 6540 65
4714 2 2 0 4 3893 6203 3897
4715 2 2 0 4 7753 7992 5776
4716 2 2 0 4 3094 3099 3096
4717 2 2 0 4 6085 7626 6086
4718 2 2 0 4 1846 7001 6855
4719 2 2 0 4 5646 8682 5647
4720 2 2 0 4 3189 3191 3187
4721 2 2 0 4 3635 3813 3812
4722 2 2 0 4 5835 8194 3546
4723 2 2 0 4 1906 8179 6854
4724 2 2 0 4 4330 5515 5148
4725 2 2 0 4 3791 3819 3789
4726 2 2 0 4 3185 3186 3183
4727 2 2 0 4 3102 3111 3110
4728 2 2 0 4 3644 4088 3594
4729 2 2 0 4 4013 4024 4015
4730 2 2 0 4 5489 5607 2295
4731 2 2 0 4 2500 2505 2502
4732 2 2 0 4 2569 2573 2567
4733 2 2 0 4 3631 3634 3633
4734 2 2 0 4 3912 4597 3952
4735 2 2 0 4 4598 4922 3614
4736 2 2 0 4 2640 2658 2638
4737 2 2 0 4 5370 5371 5368
4738 2 2 0 4 4049 4691 4047
4739 2 2 0 4 3157 5177 3145
4740 2 2 0 4 1847 7656 5624
4741 2 2 0 4 2021 7371 6132
4742 2 2 0 4 1912 7694 6516
4743 2 2 0 4 6164 8023 3288
4744 2 2 0 4 5880 8283 1840
4745 2 2 0 4 5595 8426 5183
4746 2 2 0 4 2433 7825 2387
4747 2 2 0 4 3546 6212 5835
4748 2 2 0 4 2960 7903 6329
4749 2 2 0 4 4374 8261 7801
4750 2 2 0 4 4361 6349 5802
4751 2 2 0 4 5911 8128 5549
4752 2 2 0 4 7800 8427 5737
4753 2 2 0 4 4368 7827 5056
4754 2 2 0 4 5759 5761 1995
4755 2 2 0 4 5695 8409 5455
4756 2 2 0 4 2752 7461 7394
4757 2 2 0 4 4449 4450 4447
4758 2 2 0 4 5183 5519 5182
4759 2 2 0 4 5706 6302 2627
4760 2 2 0 4 6325 8155 6326
4761 2 2 0 4 3012 8072 5736
4762 2 2 0 4 248 5850 249
4763 2 2 0 4 5938 6382 5465
4764 2 2 0 4 3958 7481 3960
4765 2 2 0 4 5948 7535 6764
4766 2 2 0 4 1932 7629 6642
4767 2 2 0 4 3011 7668 5795
4768 2 2 0 4 2347 8258 5676
4769 2 2 0 4 5448 7668 6230
4770 2 2 0 4 3988 5942 3991
4771 2 2 0 4 7501 8358 6013
4772 2 2 0 4 2188 7996 5650
4773 2 2 0 4 1917 7439 6622
4774 2 2 0 4 3019 8250 6276
4775 2 2 0 4 2252 5756 2335
4776 2 2 0 4 5955 6056 6025
4777 2 2 0 4 5765 8071 7859
4778 2 2 0 4 5520 8382 5519
4779 2 2 0 4 4612 5919 5616
4780 2 2 0 4 233 7519 7430
4781 2 2 0 4 5047 5849 5845
4782 2 2 0 4 2588 8018 7505
4783 2 2 0 4 7719 7862 7561
4784 2 2 0 4 4646 8518 7725
4785 2 2 0 4 6045 6047 3005
4786 2 2 0 4 6274 7977 6223
4787 2 2 0 4 7034 8386 6776
4788 2 2 0 4 5512 8184 5692
4789 2 2 0 4 5615 7710 5297
4790 2 2 0 4 6276 8250 5848
4791 2 2 0 4 5882 6289 5992
4792 2 2 0 4 3940 3941 3939
4793 2 2 0 4 5340 5345 5339
4794 2 2 0 4 5686 6234 5993
4795 2 2 0 4 4017 8677 8075
4796 2 2 0 4 5756 8641 2335
4797 2 2 0 4 4394 5784 3278
4798 2 2 0 4 3275 3280 3172
4799 2 2 0 4 3956 3958 3957
4800 2 2 0 4 1997 2061 1998
4801 2 2 0 4 5015 5751 5014
4802 2 2 0 4 6021 6207 6104
4803 2 2 0 4 5963 6124 6108
4804 2 2 0 4 6059 6063 6060
4805 2 2 0 4 2188 5650 2115
4806 2 2 0 4 5521 5523 5522
4807 2 2 0 4 5287 5512 5288
4808 2 2 0 4 5535 5619 4969
4809 2 2 0 4 4667 4683 4443
4810 2 2 0 4 3321 5700 5699
4811 2 2 0 4 5475 5677 4908
4812 2 2 0 4 5115 5117 5116
4813 2 2 0 4 2045 2046 2044
4814 2 2 0 4 5532 5795 5448
4815 2 2 0 4 4967 5561 5427
4816 2 2 0 4 2399 5646 2400
4817 2 2 0 4 3306 3307 3305
4818 2 2 0 4 3843 3844 3842
4819 2 2 0 4 5395 5397 5394
4820 2 2 0 4 5190 5639 4988
4821 2 2 0 4 2995 2997 2996
4822 2 2 0 4 2460 5732 2476
4823 2 2 0 4 2264 5637 2146
4824 2 2 0 4 2032 2033 2031
4825 2 2 0 4 3072 3074 3073
4826 2 2 0 4 7397 7869 5451
4827 2 2 0 4 5083 8093 3087
4828 2 2 0 4 2629 7861 2631
4829 2 2 0 4 5668 8071 2529
4830 2 2 0 4 2399 7613 5646
4831 2 2 0 4 5455 7812 7676
4832 2 2 0 4 4456 4457 4455
4833 2 2 0 4 5019 5020 5018
4834 2 2 0 4 421 8360 5810
4835 2 2 0 4 6044 7512 6189
4836 2 2 0 4 3288 8023 7545
4837 2 2 0 4 4110 7777 5864
4838 2 2 0 4 5748 7705 5746
4839 2 2 0 4 6164 8385 8023
4840 2 2 0 4 6353 8102 5461
4841 2 2 0 4 5141 8102 6353
4842 2 2 0 4 5979 8100 5981
4843 2 2 0 4 4994 7773 5713
4844 2 2 0 4 7677 8162 4711
4845 2 2 0 4 7579 7602 5901
4846 2 2 0 4 5745 8655 8112
4847 2 2 0 4 5432 7606 6258
4848 2 2 0 4 3950 7627 4474
4849 2 2 0 4 6010 8307 8053
4850 2 2 0 4 6775 8089 4278
4851 2 2 0 4 5912 6293 4581
4852 2 2 0 4 5599 8310 3818
4853 2 2 0 4 6151 8492 4901
4854 2 2 0 4 7394 7461 6385
4855 2 2 0 4 4391 6027 5025
4856 2 2 0 4 5521 7655 5523
4857 2 2 0 4 64 6540 1878
4858 2 2 0 4 5811 8170 2081
4859 2 2 0 4 4733 7662 6072
4860 2 2 0 4 7750 8391 7228
4861 2 2 0 4 8105 8162 5841
4862 2 2 0 4 2193 6247 5793
4863 2 2 0 4 5795 7668 5448
4864 2 2 0 4 4278 8116 6775
4865 2 2 0 4 5804 6264 5010
4866 2 2 0 4 3053 8104 7446
4867 2 2 0 4 5791 7687 5322
4868 2 2 0 4 5191 7422 5584
4869 2 2 0 4 7556 8197 1893
4870 2 2 0 4 2645 6393 2647
4871 2 2 0 4 6079 8101 1896
4872 2 2 0 4 7527 7658 4029
4873 2 2 0 4 5610 7592 5039
4874 2 2 0 4 3584 5790 5534
4875 2 2 0 4 5475 7813 5677
4876 2 2 0 4 7521 7773 4994
4877 2 2 0 4 6488 7607 5207
4878 2 2 0 4 7597 7852 2120
4879 2 2 0 4 311 6140 312
4880 2 2 0 4 6057 8657 2564
4881 2 2 0 4 2350 7458 6038
4882 2 2 0 4 4311 6184 5559
4883 2 2 0 4 6063 7830 6060
4884 2 2 0 4 5090 8001 3811
4885 2 2 0 4 2282 7490 5872
4886 2 2 0 4 4242 7999 5779
4887 2 2 0 4 2190 6168 2195
4888 2 2 0 4 6453 6454 1870
4889 2 2 0 4 5975 5981 401
4890 2 2 0 4 6516 8293 1912
4891 2 2 0 4 6028 8495 7559
4892 2 2 0 4 8148 8198 8182
4893 2 2 0 4 3933 7601 3935
4894 2 2 0 4 6243 7413 4037
4895 2 2 0 4 5165 5857 5855
4896 2 2 0 4 3817 8186 8005
4897 2 2 0 4 5237 6456 4837
4898 2 2 0 4 4444 7764 7570
4899 2 2 0 4 2048 8228 7939
4900 2 2 0 4 6568 7373 111
4901 2 2 0 4 4989 6294 5644
4902 2 2 0 4 5779 8114 4242
4903 2 2 0 4 3108 7813 5850
4904 2 2 0 4 8281 8657 5718
4905 2 2 0 4 5601 8177 5600
4906 2 2 0 4 13 6551 12
4907 2 2 0 4 5656 8553 3601
4908 2 2 0 4 5180 7436 4107
4909 2 2 0 4 6274 8433 3030
4910 2 2 0 4 5466 8107 8066
4911 2 2 0 4 6135 7271 5388
4912 2 2 0 4 3175 8455 3147
4913 2 2 0 4 6141 7724 2022
4914 2 2 0 4 7509 7734 4996
4915 2 2 0 4 5764 8197 7556
4916 2 2 0 4 7894 8471 5801
4917 2 2 0 4 1874 7652 5998
4918 2 2 0 4 7625 7781 6527
4919 2 2 0 4 5542 6164 3288
4920 2 2 0 4 7443 7993 5747
4921 2 2 0 4 5038 6316 5781
4922 2 2 0 4 5725 6852 1905
4923 2 2 0 4 6205 8006 3300
4924 2 2 0 4 7587 8109 3052
4925 2 2 0 4 6169 6246 4691
4926 2 2 0 4 1887 7506 6864
4927 2 2 0 4 5606 5833 5423
4928 2 2 0 4 2125 5728 2168
4929 2 2 0 4 1914 7611 6868
4930 2 2 0 4 7939 8228 5796
4931 2 2 0 4 6057 6176 5720
4932 2 2 0 4 7753 8520 8422
4933 2 2 0 4 5918 7518 3301
4934 2 2 0 4 6015 6289 5881
4935 2 2 0 4 5553 7568 5345
4936 2 2 0 4 2267 5815 2264
4937 2 2 0 4 2493 5689 2496
4938 2 2 0 4 3781 7418 7417
4939 2 2 0 4 5406 5782 4097
4940 2 2 0 4 6836 7526 6508
4941 2 2 0 4 3759 8207 5623
4942 2 2 0 4 6871 8608 6839
4943 2 2 0 4 8092 8608 6872
4944 2 2 0 4 5049 5820 5330
4945 2 2 0 4 5120 5879 5123
4946 2 2 0 4 6527 7781 6260
4947 2 2 0 4 5950 6127 5729
4948 2 2 0 4 6017 6265 6231
4949 2 2 0 4 7692 7922 5878
4950 2 2 0 4 3078 7397 5800
4951 2 2 0 4 5881 6289 5882
4952 2 2 0 4 8398 8637 5503
4953 2 2 0 4 2330 6161 2331
4954 2 2 0 4 3706 5670 3677
4955 2 2 0 4 7666 7982 5956
4956 2 2 0 4 2256 5676 2318
4957 2 2 0 4 5298 8401 6282
4958 2 2 0 4 2517 5334 2520
4959 2 2 0 4 5938 6304 3532
4960 2 2 0 4 5642 7541 4989
4961 2 2 0 4 2000 2430 2002
4962 2 2 0 4 2628 6249 2613
4963 2 2 0 4 5904 8668 5410
4964 2 2 0 4 4406 5657 4408
4965 2 2 0 4 3692 5352 3694
4966 2 2 0 4 2277 2481 2360
4967 2 2 0 4 3153 5357 3149
4968 2 2 0 4 3874 5358 3872
4969 2 2 0 4 5391 5408 5390
4970 2 2 0 4 3864 5457 3862
4971 2 2 0 4 3840 5437 3838
4972 2 2 0 4 2327 2387 2326
4973 2 2 0 4 3669 5359 3671
4974 2 2 0 4 2510 5563 2516
4975 2 2 0 4 6840 6871 6839
4976 2 2 0 4 4954 5450 5098
4977 2 2 0 4 7511 8169 5753
4978 2 2 0 4 6044 8169 7511
4979 2 2 0 4 6330 8143 7420
4980 2 2 0 4 5859 8011 3339
4981 2 2 0 4 2183 2483 2185
4982 2 2 0 4 6105 6106 1938
4983 2 2 0 4 4695 7619 5789
4984 2 2 0 4 3327 6230 6029
4985 2 2 0 4 7636 8302 3295
4986 2 2 0 4 5305 5935 5037
4987 2 2 0 4 4070 8576 5583
4988 2 2 0 4 6763 8650 6707
4989 2 2 0 4 7836 8605 5539
4990 2 2 0 4 2134 7821 2131
4991 2 2 0 4 2056 7808 5786
4992 2 2 0 4 3279 5630 3330
4993 2 2 0 4 5316 5558 5557
4994 2 2 0 4 2451 5894 2392
4995 2 2 0 4 6622 7904 1917
4996 2 2 0 4 5943 8616 8166
4997 2 2 0 4 2382 7906 2384
4998 2 2 0 4 5540 5865 5539
4999 2 2 0 4 2397 6234 5686
5000 2 2 0 4 5130 8529 6001
5001 2 2 0 4 5647 7630 5822
5002 2 2 0 4 5043 6768 6767
5003 2 2 0 4 5021 7966 5703
5004 2 2 0 4 6099 8013 5830
5005 2 2 0 4 8127 8328 7752
5006 2 2 0 4 6872 8608 1868
5007 2 2 0 4 6227 7396 3316
5008 2 2 0 4 3339 8112 5859
5009 2 2 0 4 4633 7353 7352
5010 2 2 0 4 6241 7546 1834
5011 2 2 0 4 5815 8249 5637
5012 2 2 0 4 1852 8140 7647
5013 2 2 0 4 6251 7679 5974
5014 2 2 0 4 7615 7889 184
5015 2 2 0 4 2324 7654 6287
5016 2 2 0 4 3818 8310 5683
5017 2 2 0 4 3795 8396 5675
5018 2 2 0 4 5716 7808 5757
5019 2 2 0 4 5987 7655 3106
5020 2 2 0 4 6358 8164 2220
5021 2 2 0 4 7298 8430 5546
5022 2 2 0 4 5786 7808 5716
5023 2 2 0 4 5612 7776 3075
5024 2 2 0 4 5401 5697 4661
5025 2 2 0 4 5321 5862 4343
5026 2 2 0 4 2421 7679 6251
5027 2 2 0 4 5600 8207 4553
5028 2 2 0 4 4618 6248 5693
5029 2 2 0 4 4995 8723 3166
5030 2 2 0 4 2309 7819 2444
5031 2 2 0 4 7529 8104 3053
5032 2 2 0 4 6179 7768 6181
5033 2 2 0 4 2445 8285 8283
5034 2 2 0 4 2446 5688 2263
5035 2 2 0 4 5291 7645 5721
5036 2 2 0 4 5538 5851 5469
5037 2 2 0 4 2561 5852 2587
5038 2 2 0 4 4336 5854 3909
5039 2 2 0 4 2519 6209 2497
5040 2 2 0 4 2604 5855 2897
5041 2 2 0 4 2407 7906 2382
5042 2 2 0 4 5140 7418 5937
5043 2 2 0 4 7587 7934 5084
5044 2 2 0 4 8319 8331 4316
5045 2 2 0 4 3017 7915 3015
5046 2 2 0 4 6044 6189 6043
5047 2 2 0 4 3906 6118 6117
5048 2 2 0 4 2940 7895 7561
5049 2 2 0 4 4446 4447 4330
5050 2 2 0 4 4620 5182 3484
5051 2 2 0 4 2672 2815 2670
5052 2 2 0 4 2668 3288 2666
5053 2 2 0 4 7511 7512 6044
5054 2 2 0 4 5362 5746 5440
5055 2 2 0 4 5520 7879 3755
5056 2 2 0 4 5573 5922 3143
5057 2 2 0 4 6335 8450 6098
5058 2 2 0 4 7406 7407 3093
5059 2 2 0 4 5928 8319 7851
5060 2 2 0 4 4092 5809 2438
5061 2 2 0 4 5906 8692 3972
5062 2 2 0 4 5832 7336 3854
5063 2 2 0 4 3782 8017 3184
5064 2 2 0 4 5523 8011 5859
5065 2 2 0 4 2403 8199 2006
5066 2 2 0 4 3057 5863 3061
5067 2 2 0 4 6040 6041 5674
5068 2 2 0 4 2293 7960 2312
5069 2 2 0 4 5623 8449 3759
5070 2 2 0 4 5195 7566 5986
5071 2 2 0 4 2170 6265 6147
5072 2 2 0 4 5808 6357 2587
5073 2 2 0 4 5480 8095 6272
5074 2 2 0 4 5527 7774 5703
5075 2 2 0 4 5928 8331 8319
5076 2 2 0 4 6751 8263 5419
5077 2 2 0 4 2006 8428 2403
5078 2 2 0 4 4838 6456 6454
5079 2 2 0 4 4449 6290 5188
5080 2 2 0 4 7321 7453 5488
5081 2 2 0 4 6065 6139 2341
5082 2 2 0 4 5760 7730 6339
5083 2 2 0 4 7850 7875 5410
5084 2 2 0 4 5481 8259 7779
5085 2 2 0 4 5432 7796 7606
5086 2 2 0 4 7950 8018 2588
5087 2 2 0 4 5516 7865 7858
5088 2 2 0 4 5709 8450 6335
5089 2 2 0 4 2146 5637 2147
5090 2 2 0 4 2458 5732 2460
5091 2 2 0 4 4988 5639 4985
5092 2 2 0 4 4966 5561 4967
5093 2 2 0 4 4908 5677 4906
5094 2 2 0 4 4969 5619 5087
5095 2 2 0 4 2112 5705 2443
5096 2 2 0 4 4282 6242 3267
5097 2 2 0 4 3171 8661 3172
5098 2 2 0 4 2115 5650 2106
5099 2 2 0 4 5920 8379 4612
5100 2 2 0 4 3945 8064 6073
5101 2 2 0 4 2099 6125 2101
5102 2 2 0 4 5766 5773 5767
5103 2 2 0 4 4290 8130 3609
5104 2 2 0 4 5846 6276 5848
5105 2 2 0 4 4033 7793 5875
5106 2 2 0 4 5730 8285 2445
5107 2 2 0 4 6014 6015 5881
5108 2 2 0 4 3278 5784 3276
5109 2 2 0 4 5957 5958 5279
5110 2 2 0 4 2436 2438 2435
5111 2 2 0 4 7726 8573 3939
5112 2 2 0 4 3662 6362 5316
5113 2 2 0 4 2382 2384 2383
5114 2 2 0 4 3768 3770 3769
5115 2 2 0 4 3958 3959 3957
5116 2 2 0 4 5015 5753 5751
5117 2 2 0 4 2080 2081 2079
5118 2 2 0 4 2441 2442 2440
5119 2 2 0 4 2045 2047 2046
5120 2 2 0 4 3088 3092 3091
5121 2 2 0 4 5646 5647 2400
5122 2 2 0 4 2190 2192 2191
5123 2 2 0 4 5395 5398 5397
5124 2 2 0 4 3163 3176 3161
5125 2 2 0 4 2032 2034 2033
5126 2 2 0 4 5393 8514 5391
5127 2 2 0 4 1877 6568 112
5128 2 2 0 4 5867 7519 5865
5129 2 2 0 4 4112 7875 7850
5130 2 2 0 4 2423 7319 7318
5131 2 2 0 4 3116 7678 3112
5132 2 2 0 4 5889 6360 4542
5133 2 2 0 4 3753 8382 3751
5134 2 2 0 4 5716 5757 5756
5135 2 2 0 4 3038 6212 3546
5136 2 2 0 4 8322 8573 7726
5137 2 2 0 4 5891 6170 3227
5138 2 2 0 4 3302 5917 3301
5139 2 2 0 4 6030 6033 6031
5140 2 2 0 4 6003 6040 6005
5141 2 2 0 4 5570 8183 5571
5142 2 2 0 4 6717 7043 1854
5143 2 2 0 4 4649 7474 7437
5144 2 2 0 4 7640 8099 4628
5145 2 2 0 4 8166 8616 5464
5146 2 2 0 4 5828 8167 5794
5147 2 2 0 4 8159 8485 5626
5148 2 2 0 4 402 5981 2057
5149 2 2 0 4 7684 7685 4474
5150 2 2 0 4 5428 8573 8322
5151 2 2 0 4 5734 7480 5044
5152 2 2 0 4 2195 6168 2273
5153 2 2 0 4 3987 5942 3988
5154 2 2 0 4 3907 7686 3901
5155 2 2 0 4 5088 6230 6055
5156 2 2 0 4 1904 8292 5613
5157 2 2 0 4 4344 7578 4580
5158 2 2 0 4 348 6031 2515
5159 2 2 0 4 275 6043 3090
5160 2 2 0 4 292 6174 2272
5161 2 2 0 4 243 5984 2572
5162 2 2 0 4 225 6005 1993
5163 2 2 0 4 207 6175 1845
5164 2 2 0 4 7332 7416 5462
5165 2 2 0 4 5721 7762 5291
5166 2 2 0 4 7827 8255 5527
5167 2 2 0 4 7646 7686 3907
5168 2 2 0 4 5687 6864 5313
5169 2 2 0 4 2338 8065 2477
5170 2 2 0 4 1950 5711 2063
5171 2 2 0 4 5576 6334 4945
5172 2 2 0 4 2496 8546 2517
5173 2 2 0 4 6249 8296 5091
5174 2 2 0 4 2350 7932 5673
5175 2 2 0 4 4374 7801 3326
5176 2 2 0 4 5369 7530 6292
5177 2 2 0 4 1872 8277 6754
5178 2 2 0 4 5139 8329 5636
5179 2 2 0 4 6665 7790 1931
5180 2 2 0 4 5555 7712 7649
5181 2 2 0 4 6207 8431 5633
5182 2 2 0 4 5570 8720 8183
5183 2 2 0 4 5009 7525 6279
5184 2 2 0 4 2529 7273 2530
5185 2 2 0 4 6215 7837 4112
5186 2 2 0 4 6265 7845 5772
5187 2 2 0 4 7730 8552 6339
5188 2 2 0 4 6119 6835 5300
5189 2 2 0 4 5720 6176 6136
5190 2 2 0 4 5039 7592 3313
5191 2 2 0 4 6021 8603 6207
5192 2 2 0 4 6544 7390 6546
5193 2 2 0 4 2661 6324 6323
5194 2 2 0 4 6166 6167 2299
5195 2 2 0 4 3704 8487 3703
5196 2 2 0 4 3976 6376 3978
5197 2 2 0 4 2405 7868 7478
5198 2 2 0 4 210 6015 211
5199 2 2 0 4 5131 7689 5129
5200 2 2 0 4 2235 6240 2239
5201 2 2 0 4 7601 7602 3935
5202 2 2 0 4 2348 8721 2273
5203 2 2 0 4 5149 5825 4476
5204 2 2 0 4 5783 8653 5782
5205 2 2 0 4 4282 6194 6190
5206 2 2 0 4 6339 8552 8063
5207 2 2 0 4 4587 7412 7411
5208 2 2 0 4 6231 6265 5772
5209 2 2 0 4 5346 5553 5345
5210 2 2 0 4 2384 2385 2383
5211 2 2 0 4 5512 5692 5691
5212 2 2 0 4 5117 5119 5118
5213 2 2 0 4 3163 3177 3176
5214 2 2 0 4 4458 4459 4457
5215 2 2 0 4 5054 5527 5020
5216 2 2 0 4 5718 8657 5719
5217 2 2 0 4 5719 8657 5720
5218 2 2 0 4 6119 8412 3906
5219 2 2 0 4 7371 8152 2394
5220 2 2 0 4 5299 5931 5739
5221 2 2 0 4 6030 8686 6033
5222 2 2 0 4 2254 5756 2252
5223 2 2 0 4 3064 5552 5013
5224 2 2 0 4 7472 8129 5109
5225 2 2 0 4 2575 7476 5477
5226 2 2 0 4 4711 8162 8105
5227 2 2 0 4 6707 7456 6763
5228 2 2 0 4 6284 7474 4649
5229 2 2 0 4 6285 7872 4650
5230 2 2 0 4 5165 7624 5857
5231 2 2 0 4 5891 5892 5046
5232 2 2 0 4 5515 7851 5148
5233 2 2 0 4 2082 2083 2081
5234 2 2 0 4 5967 8126 6103
5235 2 2 0 4 5005 6186 5059
5236 2 2 0 4 7655 8011 5523
5237 2 2 0 4 118 6501 117
5238 2 2 0 4 6857 7607 1884
5239 2 2 0 4 3195 5883 2329
5240 2 2 0 4 5647 5822 5821
5241 2 2 0 4 3178 3179 3177
5242 2 2 0 4 4460 4461 4459
5243 2 2 0 4 5682 8454 7434
5244 2 2 0 4 5904 7650 5403
5245 2 2 0 4 2084 2085 2083
5246 2 2 0 4 4462 4463 4461
5247 2 2 0 4 4464 4465 4463
5248 2 2 0 4 2133 2163 2135
5249 2 2 0 4 4017 4320 4019
5250 2 2 0 4 3730 3731 3729
5251 2 2 0 4 5812 8598 6779
5252 2 2 0 4 3968 6160 5906
5253 2 2 0 4 2409 8197 2410
5254 2 2 0 4 7447 7927 5068
5255 2 2 0 4 4651 7634 4685
5256 2 2 0 4 3195 7670 5883
5257 2 2 0 4 4372 8637 8398
5258 2 2 0 4 2132 2133 2131
5259 2 2 0 4 6089 8350 5648
5260 2 2 0 4 7753 8422 7340
5261 2 2 0 4 2472 6271 2470
5262 2 2 0 4 6298 8380 5145
5263 2 2 0 4 3898 7697 3900
5264 2 2 0 4 5957 5959 5954
5265 2 2 0 4 5990 5991 5989
5266 2 2 0 4 4126 8077 7352
5267 2 2 0 4 5728 5729 2168
5268 2 2 0 4 5670 6151 4901
5269 2 2 0 4 5523 5859 5524
5270 2 2 0 4 5822 8174 5821
5271 2 2 0 4 5635 7376 3340
5272 2 2 0 4 6169 8388 6246
5273 2 2 0 4 8063 8552 7393
5274 2 2 0 4 3963 3968 3965
5275 2 2 0 4 2129 2132 2131
5276 2 2 0 4 2282 5872 5871
5277 2 2 0 4 3892 3913 3890
5278 2 2 0 4 3193 3729 3157
5279 2 2 0 4 1956 2064 1961
5280 2 2 0 4 3068 7498 7372
5281 2 2 0 4 5207 7607 6857
5282 2 2 0 4 5925 5928 4565
5283 2 2 0 4 7912 7935 6036
5284 2 2 0 4 6347 8361 6348
5285 2 2 0 4 6195 7414 5921
5286 2 2 0 4 8178 8359 5706
5287 2 2 0 4 3987 7722 5942
5288 2 2 0 4 4454 5845 4578
5289 2 2 0 4 7868 8434 7478
5290 2 2 0 4 5181 8130 7605
5291 2 2 0 4 3143 8455 5573
5292 2 2 0 4 6127 8046 5729
5293 2 2 0 4 6043 6189 3090
5294 2 2 0 4 6031 6032 2515
5295 2 2 0 4 6005 6039 1993
5296 2 2 0 4 3326 6353 3325
5297 2 2 0 4 5937 8398 5140
5298 2 2 0 4 2519 7348 6209
5299 2 2 0 4 3686 7312 6206
5300 2 2 0 4 5855 5856 2897
5301 2 2 0 4 5942 7722 7621
5302 2 2 0 4 5545 7497 3175
5303 2 2 0 4 5845 5846 4578
5304 2 2 0 4 5540 5866 5865
5305 2 2 0 4 6861 7660 6713
5306 2 2 0 4 2137 7672 2142
5307 2 2 0 4 2622 5615 2733
5308 2 2 0 4 5410 8217 5904
5309 2 2 0 4 5673 5674 2181
5310 2 2 0 4 3280 7564 3172
5311 2 2 0 4 1953 8593 1956
5312 2 2 0 4 5648 7806 6089
5313 2 2 0 4 4594 7348 4669
5314 2 2 0 4 1882 7401 5812
5315 2 2 0 4 5823 6066 2354
5316 2 2 0 4 5703 7774 5021
5317 2 2 0 4 4996 7762 7509
5318 2 2 0 4 6151 7876 4907
5319 2 2 0 4 1926 8115 5819
5320 2 2 0 4 7468 7485 7469
5321 2 2 0 4 2635 5907 2884
5322 2 2 0 4 4040 5909 4027
5323 2 2 0 4 2505 8489 6257
5324 2 2 0 4 4347 5913 4542
5325 2 2 0 4 2412 8197 5764
5326 2 2 0 4 5822 7630 6008
5327 2 2 0 4 2127 8602 2129
5328 2 2 0 4 2505 6257 5733
5329 2 2 0 4 4467 8107 5466
5330 2 2 0 4 7430 7519 5867
5331 2 2 0 4 5045 5601 5600
5332 2 2 0 4 2629 2630 2628
5333 2 2 0 4 6223 8678 6274
5334 2 2 0 4 5513 6186 5005
5335 2 2 0 4 5681 8156 1902
5336 2 2 0 4 1917 7904 6546
5337 2 2 0 4 4468 7584 5474
5338 2 2 0 4 2642 5086 2640
5339 2 2 0 4 3952 5166 4468
5340 2 2 0 4 3104 5442 2569
5341 2 2 0 4 4070 5583 3644
5342 2 2 0 4 7140 7446 5887
5343 2 2 0 4 5824 8199 2371
5344 2 2 0 4 2356 8230 7711
5345 2 2 0 4 6316 7849 5781
5346 2 2 0 4 5790 7795 5791
5347 2 2 0 4 1931 8386 6665
5348 2 2 0 4 6110 7979 5473
5349 2 2 0 4 5374 7890 5788
5350 2 2 0 4 5687 7810 1883
5351 2 2 0 4 5902 6253 2063
5352 2 2 0 4 5118 6336 5116
5353 2 2 0 4 4983 7514 5605
5354 2 2 0 4 2272 6174 6050
5355 2 2 0 4 1845 6175 5993
5356 2 2 0 4 2026 5750 2016
5357 2 2 0 4 8067 8500 5996
5358 2 2 0 4 3901 7686 5778
5359 2 2 0 4 6151 8694 7876
5360 2 2 0 4 5917 8461 4470
5361 2 2 0 4 5792 6765 1928
5362 2 2 0 4 2551 7907 7340
5363 2 2 0 4 5833 8048 5423
5364 2 2 0 4 3609 8130 7564
5365 2 2 0 4 2381 8377 7759
5366 2 2 0 4 3122 5886 3135
5367 2 2 0 4 3120 5886 3122
5368 2 2 0 4 7678 8351 5915
5369 2 2 0 4 2309 8241 7819
5370 2 2 0 4 2379 5815 2267
5371 2 2 0 4 1899 6015 210
5372 2 2 0 4 3740 7923 7364
5373 2 2 0 4 3316 7396 3159
5374 2 2 0 4 5873 7495 7492
5375 2 2 0 4 7492 7495 1957
5376 2 2 0 4 7508 8620 7444
5377 2 2 0 4 6308 6309 3046
5378 2 2 0 4 5380 7909 5381
5379 2 2 0 4 2220 8164 2219
5380 2 2 0 4 5380 8146 7909
5381 2 2 0 4 5772 7912 6231
5382 2 2 0 4 4644 7833 6086
5383 2 2 0 4 7408 7917 2308
5384 2 2 0 4 5546 8006 7298
5385 2 2 0 4 7395 7789 4589
5386 2 2 0 4 5675 8262 3795
5387 2 2 0 4 1834 7435 6241
5388 2 2 0 4 5694 6301 3953
5389 2 2 0 4 2202 5679 2204
5390 2 2 0 4 7524 7525 5009
5391 2 2 0 4 5347 7546 6241
5392 2 2 0 4 5709 7931 5838
5393 2 2 0 4 5770 7441 5998
5394 2 2 0 4 5996 8500 6002
5395 2 2 0 4 3165 7873 6367
5396 2 2 0 4 2157 7423 5723
5397 2 2 0 4 7894 8441 6082
5398 2 2 0 4 2529 7274 7273
5399 2 2 0 4 3471 6300 2689
5400 2 2 0 4 2545 5777 5775
5401 2 2 0 4 5680 6112 2204
5402 2 2 0 4 5819 8650 1926
5403 2 2 0 4 5409 8676 4599
5404 2 2 0 4 4016 8677 4017
5405 2 2 0 4 7099 8215 1871
5406 2 2 0 4 3532 6305 2717
5407 2 2 0 4 2717 6305 2715
5408 2 2 0 4 2655 2751 2653
5409 2 2 0 4 4599 8676 4598
5410 2 2 0 4 4015 8677 4016
5411 2 2 0 4 8448 8654 4638
5412 2 2 0 4 7358 7609 2351
5413 2 2 0 4 2107 6388 2103
5414 2 2 0 4 6152 6153 1927
5415 2 2 0 4 4442 5925 3589
5416 2 2 0 4 1926 8650 6763
5417 2 2 0 4 5817 7717 7304
5418 2 2 0 4 5850 7813 5475
5419 2 2 0 4 5525 5653 5489
5420 2 2 0 4 5710 8630 2245
5421 2 2 0 4 2270 7335 6247
5422 2 2 0 4 2223 6358 2220
5423 2 2 0 4 2815 8000 5594
5424 2 2 0 4 5386 8577 5968
5425 2 2 0 4 3190 5559 3189
5426 2 2 0 4 4444 5754 3947
5427 2 2 0 4 6256 7728 4818
5428 2 2 0 4 4321 7817 7312
5429 2 2 0 4 4293 8364 8177
5430 2 2 0 4 4953 7682 5290
5431 2 2 0 4 5625 7766 5069
5432 2 2 0 4 5627 5628 2586
5433 2 2 0 4 2484 2485 1958
5434 2 2 0 4 3961 8590 3963
5435 2 2 0 4 6407 8409 4103
5436 2 2 0 4 2170 6147 1944
5437 2 2 0 4 2634 7455 2632
5438 2 2 0 4 4485 6184 4311
5439 2 2 0 4 2656 6325 2661
5440 2 2 0 4 6121 8042 5166
5441 2 2 0 4 4546 5870 5869
5442 2 2 0 4 7399 7591 2000
5443 2 2 0 4 6767 6769 5043
5444 2 2 0 4 5818 6243 4037
5445 2 2 0 4 1918 6877 6235
5446 2 2 0 4 3871 6114 3873
5447 2 2 0 4 1905 7723 5725
5448 2 2 0 4 2410 8197 2412
5449 2 2 0 4 4989 7541 5189
5450 2 2 0 4 5086 7867 7751
5451 2 2 0 4 6941 6942 3471
5452 2 2 0 4 4282 8276 6194
5453 2 2 0 4 5953 5957 5954
5454 2 2 0 4 6067 6069 6068
5455 2 2 0 4 5988 5990 5989
5456 2 2 0 4 5999 6001 6000
5457 2 2 0 4 7667 7786 5787
5458 2 2 0 4 2064 5905 1961
5459 2 2 0 4 3968 5906 3965
5460 2 2 0 4 2670 5542 2668
5461 2 2 0 4 4736 5464 3220
5462 2 2 0 4 2205 2420 2346
5463 2 2 0 4 7470 8364 4293
5464 2 2 0 4 2451 8602 5894
5465 2 2 0 4 4557 7737 5788
5466 2 2 0 4 2097 2444 2041
5467 2 2 0 4 6004 7738 6041
5468 2 2 0 4 6133 8526 8231
5469 2 2 0 4 1902 8209 5681
5470 2 2 0 4 35 6354 34
5471 2 2 0 4 6165 7403 2641
5472 2 2 0 4 2503 7460 5333
5473 2 2 0 4 1868 8608 6871
5474 2 2 0 4 5651 7702 1894
5475 2 2 0 4 6546 8443 1917
5476 2 2 0 4 2283 8626 2422
5477 2 2 0 4 6237 7423 6425
5478 2 2 0 4 3061 8610 3070
5479 2 2 0 4 6087 7754 3819
5480 2 2 0 4 5720 8657 6057
5481 2 2 0 4 6349 8441 5803
5482 2 2 0 4 6338 8129 7472
5483 2 2 0 4 3899 5778 5707
5484 2 2 0 4 7469 7620 2301
5485 2 2 0 4 4713 7590 5515
5486 2 2 0 4 7330 7927 5349
5487 2 2 0 4 2502 7460 2503
5488 2 2 0 4 2581 8328 8127
5489 2 2 0 4 4077 7659 4080
5490 2 2 0 4 3279 8466 3278
5491 2 2 0 4 7623 8107 4467
5492 2 2 0 4 5761 8725 1995
5493 2 2 0 4 6772 6774 6476
5494 2 2 0 4 2631 7861 3432
5495 2 2 0 4 5803 8441 7894
5496 2 2 0 4 1992 7419 1989
5497 2 2 0 4 6153 6154 1927
5498 2 2 0 4 4606 7720 5076
5499 2 2 0 4 401 5981 402
5500 2 2 0 4 7550 8192 5962
5501 2 2 0 4 5659 8161 7763
5502 2 2 0 4 3176 5807 5557
5503 2 2 0 4 2447 8432 5629
5504 2 2 0 4 4931 8440 5678
5505 2 2 0 4 2661 6323 6322
5506 2 2 0 4 6097 7606 5431
5507 2 2 0 4 7719 7895 2609
5508 2 2 0 4 5958 8717 5278
5509 2 2 0 4 5314 8323 6750
5510 2 2 0 4 2381 8378 2066
5511 2 2 0 4 4485 8597 6184
5512 2 2 0 4 1875 8415 5997
5513 2 2 0 4 6544 7843 7390
5514 2 2 0 4 12 6551 1886
5515 2 2 0 4 6101 6219 6100
5516 2 2 0 4 5894 8602 2168
5517 2 2 0 4 1883 8400 5687
5518 2 2 0 4 3873 6114 3886
5519 2 2 0 4 2428 6250 2406
5520 2 2 0 4 2483 8366 7507
5521 2 2 0 4 7789 8240 4589
5522 2 2 0 4 2292 6177 2140
5523 2 2 0 4 3384 6178 3065
5524 2 2 0 4 2444 8084 2309
5525 2 2 0 4 2123 5728 2125
5526 2 2 0 4 3085 6182 3114
5527 2 2 0 4 6272 7431 5480
5528 2 2 0 4 5460 7431 6272
5529 2 2 0 4 5714 8593 2301
5530 2 2 0 4 5594 8229 6164
5531 2 2 0 4 5017 8196 4559
5532 2 2 0 4 5970 6251 5974
5533 2 2 0 4 6541 6926 4700
5534 2 2 0 4 3966 7436 3964
5535 2 2 0 4 5051 7826 6226
5536 2 2 0 4 5896 6300 3471
5537 2 2 0 4 6086 7626 4644
5538 2 2 0 4 4692 5071 4693
5539 2 2 0 4 3885 5176 4925
5540 2 2 0 4 4925 4982 4694
5541 2 2 0 4 2363 2395 2167
5542 2 2 0 4 2325 2364 2363
5543 2 2 0 4 6342 7826 5051
5544 2 2 0 4 6373 6374 4963
5545 2 2 0 4 2207 5873 2209
5546 2 2 0 4 4302 7693 5085
5547 2 2 0 4 6776 7425 5153
5548 2 2 0 4 5699 7715 3191
5549 2 2 0 4 4943 6133 5439
5550 2 2 0 4 2063 7897 5902
5551 2 2 0 4 2331 6161 6112
5552 2 2 0 4 4442 5926 5925
5553 2 2 0 4 5401 5817 5697
5554 2 2 0 4 3340 8113 5635
5555 2 2 0 4 2525 5668 2529
5556 2 2 0 4 3984 5669 3987
5557 2 2 0 4 3677 5670 3679
5558 2 2 0 4 3833 5671 3831
5559 2 2 0 4 2182 5673 2181
5560 2 2 0 4 2258 5676 2256
5561 2 2 0 4 6764 7532 5948
5562 2 2 0 4 1836 6139 6064
5563 2 2 0 4 6007 7459 4058
5564 2 2 0 4 2664 7545 6162
5565 2 2 0 4 6121 7623 4467
5566 2 2 0 4 5616 8355 5920
5567 2 2 0 4 5997 8415 8124
5568 2 2 0 4 5237 7644 6456
5569 2 2 0 4 7567 7953 5350
5570 2 2 0 4 5129 7689 5137
5571 2 2 0 4 8207 8364 5623
5572 2 2 0 4 3704 7704 4072
5573 2 2 0 4 6747 8244 6525
5574 2 2 0 4 4579 7402 4332
5575 2 2 0 4 4597 7697 5774
5576 2 2 0 4 7874 7943 4728
5577 2 2 0 4 5406 7885 5783
5578 2 2 0 4 6494 7735 6495
5579 2 2 0 4 5653 8309 5504
5580 2 2 0 4 5174 8477 7837
5581 2 2 0 4 6117 6119 3906
5582 2 2 0 4 5955 6025 4032
5583 2 2 0 4 6071 6107 2521
5584 2 2 0 4 5279 5959 5957
5585 2 2 0 4 5051 5656 3613
5586 2 2 0 4 6008 8535 5822
5587 2 2 0 4 2164 7821 2134
5588 2 2 0 4 5729 5894 2168
5589 2 2 0 4 6034 6100 2515
5590 2 2 0 4 5316 7914 5558
5591 2 2 0 4 2330 7759 6161
5592 2 2 0 4 2018 5975 400
5593 2 2 0 4 3325 6353 5461
5594 2 2 0 4 2504 6219 6070
5595 2 2 0 4 3006 6220 6002
5596 2 2 0 4 3009 6221 5958
5597 2 2 0 4 1998 7399 2000
5598 2 2 0 4 3999 8498 5291
5599 2 2 0 4 2994 6281 2992
5600 2 2 0 4 2670 8645 5542
5601 2 2 0 4 5377 7340 5376
5602 2 2 0 4 5741 8040 2394
5603 2 2 0 4 5873 7492 2343
5604 2 2 0 4 2472 7490 6271
5605 2 2 0 4 5902 7845 6253
5606 2 2 0 4 6158 6159 5543
5607 2 2 0 4 3154 6284 3160
5608 2 2 0 4 2288 6285 2334
5609 2 2 0 4 7879 8426 7578
5610 2 2 0 4 5751 7499 5752
5611 2 2 0 4 2654 6325 2656
5612 2 2 0 4 7079 8089 6775
5613 2 2 0 4 6093 7583 5710
5614 2 2 0 4 5650 6125 2106
5615 2 2 0 4 5584 8576 5191
5616 2 2 0 4 3391 7795 5790
5617 2 2 0 4 5717 6229 1940
5618 2 2 0 4 5631 6310 2586
5619 2 2 0 4 211 6015 6014
5620 2 2 0 4 5674 7450 2181
5621 2 2 0 4 1968 8541 6269
5622 2 2 0 4 6150 8717 4058
5623 2 2 0 4 6278 8138 5844
5624 2 2 0 4 2239 6240 2263
5625 2 2 0 4 6034 6101 6100
5626 2 2 0 4 5923 8491 5078
5627 2 2 0 4 6021 6104 3336
5628 2 2 0 4 6077 6079 1896
5629 2 2 0 4 6061 6063 6059
5630 2 2 0 4 5964 6107 5966
5631 2 2 0 4 5967 6103 1978
5632 2 2 0 4 5969 5971 2018
5633 2 2 0 4 6011 6105 1838
5634 2 2 0 4 1940 6229 1897
5635 2 2 0 4 5963 6108 2015
5636 2 2 0 4 6053 6055 3327
5637 2 2 0 4 6136 6176 2571
5638 2 2 0 4 7818 8303 2547
5639 2 2 0 4 4907 8492 6151
5640 2 2 0 4 3101 7727 3096
5641 2 2 0 4 5971 5972 2018
5642 2 2 0 4 6011 6106 6105
5643 2 2 0 4 5787 7786 5786
5644 2 2 0 4 6717 8516 6858
5645 2 2 0 4 5994 5995 3341
5646 2 2 0 4 5953 5954 4032
5647 2 2 0 4 6067 6068 2521
5648 2 2 0 4 6064 6065 1898
5649 2 2 0 4 5999 6000 3337
5650 2 2 0 4 5988 5989 1899
5651 2 2 0 4 1878 6540 6538
5652 2 2 0 4 6055 6230 3327
5653 2 2 0 4 3084 4487 3624
5654 2 2 0 4 2112 2443 2040
5655 2 2 0 4 5045 5600 4553
5656 2 2 0 4 2109 2282 2166
5657 2 2 0 4 5790 5791 5322
5658 2 2 0 4 3950 4474 4472
5659 2 2 0 4 3405 4127 3642
5660 2 2 0 4 3613 5656 3601
5661 2 2 0 4 5108 5110 4641
5662 2 2 0 4 4109 5180 4107
5663 2 2 0 4 1950 2063 1948
5664 2 2 0 4 6190 6242 4282
5665 2 2 0 4 1993 6039 6038
5666 2 2 0 4 332 6045 3005
5667 2 2 0 4 432 6007 4058
5668 2 2 0 4 256 6018 3339
5669 2 2 0 4 310 6064 1898
5670 2 2 0 4 330 5999 3337
5671 2 2 0 4 434 6221 3009
5672 2 2 0 4 351 6219 2504
5673 2 2 0 4 410 6006 2056
5674 2 2 0 4 397 5960 2024
5675 2 2 0 4 353 6067 2521
5676 2 2 0 4 345 6073 2514
5677 2 2 0 4 404 6074 2037
5678 2 2 0 4 209 5988 1899
5679 2 2 0 4 289 6094 3328
5680 2 2 0 4 326 5994 3341
5681 2 2 0 4 222 6095 1973
5682 2 2 0 4 339 6096 2551
5683 2 2 0 4 328 6220 3006
5684 2 2 0 4 294 6048 6008
5685 2 2 0 4 436 5953 4032
5686 2 2 0 4 6234 7479 5993
5687 2 2 0 4 2179 8479 5762
5688 2 2 0 4 7813 8279 5677
5689 2 2 0 4 5621 5775 5620
5690 2 2 0 4 5579 8505 5011
5691 2 2 0 4 5456 7889 7615
5692 2 2 0 4 6136 7544 5720
5693 2 2 0 4 6125 6370 2107
5694 2 2 0 4 2342 7382 2379
5695 2 2 0 4 7712 7861 7649
5696 2 2 0 4 5029 7523 5683
5697 2 2 0 4 13 7542 6551
5698 2 2 0 4 2099 2100 2097
5699 2 2 0 4 2098 2106 2099
5700 2 2 0 4 2391 2428 2406
5701 2 2 0 4 5504 8212 5653
5702 2 2 0 4 4051 7677 4711
5703 2 2 0 4 3330 3332 3331
5704 2 2 0 4 3331 4603 3329
5705 2 2 0 4 3256 3277 3276
5706 2 2 0 4 2346 2419 2407
5707 2 2 0 4 3167 3170 3168
5708 2 2 0 4 3168 3169 3166
5709 2 2 0 4 3771 3773 3772
5710 2 2 0 4 5341 5826 5704
5711 2 2 0 4 5759 5760 2374
5712 2 2 0 4 2373 5761 5759
5713 2 2 0 4 3655 3656 3654
5714 2 2 0 4 3653 3657 3655
5715 2 2 0 4 7483 7581 4286
5716 2 2 0 4 2185 2187 2186
5717 2 2 0 4 2116 2165 2118
5718 2 2 0 4 2118 2119 2117
5719 2 2 0 4 2094 2113 2078
5720 2 2 0 4 3571 3575 3574
5721 2 2 0 4 3574 3617 3572
5722 2 2 0 4 4548 4727 2590
5723 2 2 0 4 2589 4549 4548
5724 2 2 0 4 5663 5665 5664
5725 2 2 0 4 4074 4672 4071
5726 2 2 0 4 4072 4075 4074
5727 2 2 0 4 5156 5478 5476
5728 2 2 0 4 5476 5850 5475
5729 2 2 0 4 5290 5801 5800
5730 2 2 0 4 3004 3017 3015
5731 2 2 0 4 3015 3016 3007
5732 2 2 0 4 4326 4363 4327
5733 2 2 0 4 4327 4328 4325
5734 2 2 0 4 3137 5083 3087
5735 2 2 0 4 3114 3138 3137
5736 2 2 0 4 5462 5463 4736
5737 2 2 0 4 3785 3787 3783
5738 2 2 0 4 3784 3786 3785
5739 2 2 0 4 2344 2434 2433
5740 2 2 0 4 5360 5361 4285
5741 2 2 0 4 5357 5546 5545
5742 2 2 0 4 4031 4582 4028
5743 2 2 0 4 3385 3388 3384
5744 2 2 0 4 5536 5537 5358
5745 2 2 0 4 3324 3386 3385
5746 2 2 0 4 4054 4062 4056
5747 2 2 0 4 4354 4546 4350
5748 2 2 0 4 4903 4904 4902
5749 2 2 0 4 4030 4356 4031
5750 2 2 0 4 4056 4057 4055
5751 2 2 0 4 5352 5354 5353
5752 2 2 0 4 4349 4386 4354
5753 2 2 0 4 2194 2198 2197
5754 2 2 0 4 3934 3937 3936
5755 2 2 0 4 2199 2266 2265
5756 2 2 0 4 2265 2267 2264
5757 2 2 0 4 2362 2408 2070
5758 2 2 0 4 1987 1990 1988
5759 2 2 0 4 1988 1989 1986
5760 2 2 0 4 2291 2294 2293
5761 2 2 0 4 2293 2312 2292
5762 2 2 0 4 4645 5659 5658
5763 2 2 0 4 5658 5660 5657
5764 2 2 0 4 2250 2252 2251
5765 2 2 0 4 2596 5336 5335
5766 2 2 0 4 2815 8645 2670
5767 2 2 0 4 7896 8017 7482
5768 2 2 0 4 2172 2174 2173
5769 2 2 0 4 2173 2179 2171
5770 2 2 0 4 6160 6336 5121
5771 2 2 0 4 6186 7752 4357
5772 2 2 0 4 5513 7752 6186
5773 2 2 0 4 5369 8260 7530
5774 2 2 0 4 429 7663 5743
5775 2 2 0 4 4487 8718 3624
5776 2 2 0 4 2574 4998 4997
5777 2 2 0 4 2503 2554 2553
5778 2 2 0 4 2553 5425 2552
5779 2 2 0 4 5960 6251 2024
5780 2 2 0 4 5715 5787 5786
5781 2 2 0 4 2662 6322 3404
5782 2 2 0 4 34 6354 6200
5783 2 2 0 4 7352 8077 4633
5784 2 2 0 4 4058 8717 6221
5785 2 2 0 4 2216 5980 2215
5786 2 2 0 4 6877 8720 6235
5787 2 2 0 4 3151 8723 5181
5788 2 2 0 4 5084 8446 7587
5789 2 2 0 4 5100 8533 5709
5790 2 2 0 4 5789 7772 5625
5791 2 2 0 4 2447 5629 2227
5792 2 2 0 4 5743 7663 5427
5793 2 2 0 4 5986 8205 5195
5794 2 2 0 4 1971 7729 1967
5795 2 2 0 4 5643 8245 3740
5796 2 2 0 4 6154 6155 1879
5797 2 2 0 4 5984 7599 5692
5798 2 2 0 4 5916 8676 5409
5799 2 2 0 4 5784 6236 3276
5800 2 2 0 4 1858 6131 6129
5801 2 2 0 4 2024 6251 5970
5802 2 2 0 4 4721 8419 5552
5803 2 2 0 4 6330 7420 7419
5804 2 2 0 4 4686 8420 7764
5805 2 2 0 4 4467 8042 6121
5806 2 2 0 4 4973 7297 7296
5807 2 2 0 4 2919 7842 5779
5808 2 2 0 4 4126 7351 3138
5809 2 2 0 4 7551 7552 2626
5810 2 2 0 4 5000 7415 6184
5811 2 2 0 4 5536 8575 6374
5812 2 2 0 4 6132 7371 2394
5813 2 2 0 4 5766 5767 2469
5814 2 2 0 4 5954 5959 5956
5815 2 2 0 4 360 8043 5794
5816 2 2 0 4 6750 8141 5314
5817 2 2 0 4 1853 7356 6500
5818 2 2 0 4 3138 7351 3152
5819 2 2 0 4 3294 7614 3381
5820 2 2 0 4 6189 7512 5025
5821 2 2 0 4 386 8619 1890
5822 2 2 0 4 2399 8049 7613
5823 2 2 0 4 4612 6360 5919
5824 2 2 0 4 1881 7580 5819
5825 2 2 0 4 2689 6300 2687
5826 2 2 0 4 6169 8406 7302
5827 2 2 0 4 2248 8356 8031
5828 2 2 0 4 5998 7441 382
5829 2 2 0 4 3937 3940 3939
5830 2 2 0 4 2342 2379 2267
5831 2 2 0 4 5336 5340 5339
5832 2 2 0 4 6376 8544 5137
5833 2 2 0 4 5750 8119 2013
5834 2 2 0 4 7364 7881 3740
5835 2 2 0 4 2389 2392 2391
5836 2 2 0 4 6377 7689 5135
5837 2 2 0 4 2303 7479 6234
5838 2 2 0 4 6184 7415 5559
5839 2 2 0 4 7574 8327 4026
5840 2 2 0 4 4996 5279 5278
5841 2 2 0 4 3956 3957 3955
5842 2 2 0 4 1997 1998 1992
5843 2 2 0 4 3639 5075 3653
5844 2 2 0 4 4399 5015 5014
5845 2 2 0 4 5040 7861 2629
5846 2 2 0 4 5521 5522 4956
5847 2 2 0 4 5287 5288 4932
5848 2 2 0 4 4355 5754 5143
5849 2 2 0 4 3640 4667 4443
5850 2 2 0 4 4560 5377 5376
5851 2 2 0 4 3321 5699 3222
5852 2 2 0 4 5588 5589 5586
5853 2 2 0 4 4909 5157 5156
5854 2 2 0 4 5115 5116 4739
5855 2 2 0 4 2043 2045 2044
5856 2 2 0 4 5555 5706 5325
5857 2 2 0 4 5089 5532 5448
5858 2 2 0 4 5078 5079 4968
5859 2 2 0 4 2399 2400 2322
5860 2 2 0 4 3304 3306 3305
5861 2 2 0 4 2350 5673 2287
5862 2 2 0 4 2334 2416 2415
5863 2 2 0 4 3926 5671 3836
5864 2 2 0 4 2329 2345 2344
5865 2 2 0 4 3841 3843 3842
5866 2 2 0 4 3160 3162 3161
5867 2 2 0 4 5393 5395 5394
5868 2 2 0 4 3682 5670 4901
5869 2 2 0 4 2358 2359 2276
5870 2 2 0 4 4029 5669 3982
5871 2 2 0 4 2995 2996 2994
5872 2 2 0 4 3933 3935 3932
5873 2 2 0 4 2463 2464 2461
5874 2 2 0 4 2029 2032 2031
5875 2 2 0 4 2585 5668 2523
5876 2 2 0 4 3072 3073 3071
5877 2 2 0 4 7751 7867 5085
5878 2 2 0 4 4441 7465 6327
5879 2 2 0 4 5374 5788 5705
5880 2 2 0 4 5328 8631 6202
5881 2 2 0 4 1920 6501 118
5882 2 2 0 4 117 6501 1864
5883 2 2 0 4 5469 5851 4666
5884 2 2 0 4 2559 5852 2561
5885 2 2 0 4 3139 7676 3141
5886 2 2 0 4 5490 6233 4981
5887 2 2 0 4 3909 5854 2594
5888 2 2 0 4 2497 6209 2495
5889 2 2 0 4 4043 7677 4045
5890 2 2 0 4 2602 5855 2604
5891 2 2 0 4 3321 7518 5897
5892 2 2 0 4 3093 8093 7406
5893 2 2 0 4 4609 6262 3268
5894 2 2 0 4 2234 6240 2235
5895 2 2 0 4 5177 6244 3145
5896 2 2 0 4 4691 6245 4047
5897 2 2 0 4 5460 6272 5634
5898 2 2 0 4 5388 7301 6135
5899 2 2 0 4 6392 6395 6394
5900 2 2 0 4 5794 8167 360
5901 2 2 0 4 6066 8435 2354
5902 2 2 0 4 6017 6231 6016
5903 2 2 0 4 6091 6123 6092
5904 2 2 0 4 3010 6056 6054
5905 2 2 0 4 6019 6022 6020
5906 2 2 0 4 6092 6138 6090
5907 2 2 0 4 2058 6124 6123
5908 2 2 0 4 6055 7720 5088
5909 2 2 0 4 5424 8191 7631
5910 2 2 0 4 7593 7594 5145
5911 2 2 0 4 3002 7770 7687
5912 2 2 0 4 7444 8620 4696
5913 2 2 0 4 5340 7740 5346
5914 2 2 0 4 5329 8421 3992
5915 2 2 0 4 4454 4456 4455
5916 2 2 0 4 7775 8613 4398
5917 2 2 0 4 5646 7613 6052
5918 2 2 0 4 5017 5019 5018
5919 2 2 0 4 2269 8721 2402
5920 2 2 0 4 7318 7319 5470
5921 2 2 0 4 5403 5593 5307
5922 2 2 0 4 3274 5615 2620
5923 2 2 0 4 2311 7839 6143
5924 2 2 0 4 6232 7552 5412
5925 2 2 0 4 5840 5841 5192
5926 2 2 0 4 3627 7779 3625
5927 2 2 0 4 5842 7880 7347
5928 2 2 0 4 2529 8071 7274
5929 2 2 0 4 7765 8017 5274
5930 2 2 0 4 174 6769 173
5931 2 2 0 4 2413 8065 7959
5932 2 2 0 4 3964 7436 4993
5933 2 2 0 4 8137 8151 6070
5934 2 2 0 4 5379 6337 4541
5935 2 2 0 4 4963 5893 4690
5936 2 2 0 4 2598 5625 5069
5937 2 2 0 4 5048 5820 5049
5938 2 2 0 4 3954 6341 4101
5939 2 2 0 4 3068 7372 3060
5940 2 2 0 4 4661 5697 4319
5941 2 2 0 4 2576 5627 2586
5942 2 2 0 4 4343 5862 3746
5943 2 2 0 4 5320 7353 3570
5944 2 2 0 4 1945 2484 1958
5945 2 2 0 4 6776 8386 1931
5946 2 2 0 4 3941 3943 3942
5947 2 2 0 4 5347 6241 5339
5948 2 2 0 4 3281 3282 3280
5949 2 2 0 4 3956 5428 4059
5950 2 2 0 4 2062 2065 2061
5951 2 2 0 4 4683 5472 4699
5952 2 2 0 4 4699 5609 4443
5953 2 2 0 4 2053 2365 2044
5954 2 2 0 4 3307 3310 3309
5955 2 2 0 4 3844 3846 3845
5956 2 2 0 4 5397 5794 5758
5957 2 2 0 4 2998 2999 2997
5958 2 2 0 4 3072 5831 3075
5959 2 2 0 4 3075 3076 3074
5960 2 2 0 4 6026 8242 7558
5961 2 2 0 4 4625 5142 4455
5962 2 2 0 4 5433 5483 5018
5963 2 2 0 4 5020 5703 5433
5964 2 2 0 4 6538 6539 1878
5965 2 2 0 4 6374 8575 4963
5966 2 2 0 4 6135 7301 2537
5967 2 2 0 4 1875 7491 5951
5968 2 2 0 4 3046 8709 6308
5969 2 2 0 4 5189 5838 5837
5970 2 2 0 4 5837 5839 5190
5971 2 2 0 4 7782 8001 5446
5972 2 2 0 4 2349 8192 7550
5973 2 2 0 4 7079 8674 8089
5974 2 2 0 4 5828 8013 1966
5975 2 2 0 4 5870 6328 5868
5976 2 2 0 4 6039 7932 6038
5977 2 2 0 4 6488 8280 6201
5978 2 2 0 4 5414 6481 4624
5979 2 2 0 4 2236 7046 2232
5980 2 2 0 4 3745 7328 6273
5981 2 2 0 4 6058 7501 2060
5982 2 2 0 4 6147 6265 6017
5983 2 2 0 4 2030 8133 6167
5984 2 2 0 4 2004 8428 2006
5985 2 2 0 4 2639 6165 2641
5986 2 2 0 4 4708 7828 5738
5987 2 2 0 4 4818 8656 6256
5988 2 2 0 4 274 6043 275
5989 2 2 0 4 242 5984 243
5990 2 2 0 4 347 6031 348
5991 2 2 0 4 206 6175 207
5992 2 2 0 4 291 6174 292
5993 2 2 0 4 224 6005 225
5994 2 2 0 4 5654 8456 4104
5995 2 2 0 4 5698 7926 1886
5996 2 2 0 4 4861 8323 5314
5997 2 2 0 4 6022 8496 6020
5998 2 2 0 4 3808 3810 3770
5999 2 2 0 4 3960 3961 3959
6000 2 2 0 4 2052 2380 2046
6001 2 2 0 4 2047 2431 2052
6002 2 2 0 4 3093 3094 3092
6003 2 2 0 4 3176 5557 4940
6004 2 2 0 4 2195 2196 2192
6005 2 2 0 4 5398 5829 5828
6006 2 2 0 4 2034 2036 2035
6007 2 2 0 4 2035 2041 2033
6008 2 2 0 4 8256 8405 5578
6009 2 2 0 4 4999 8080 5593
6010 2 2 0 4 5992 6289 5989
6011 2 2 0 4 2301 7620 5714
6012 2 2 0 4 7880 8150 7347
6013 2 2 0 4 2657 6137 2655
6014 2 2 0 4 2409 2410 2385
6015 2 2 0 4 7372 7498 5006
6016 2 2 0 4 7596 8566 7597
6017 2 2 0 4 3179 3181 3180
6018 2 2 0 4 4469 5422 4459
6019 2 2 0 4 2095 2378 2083
6020 2 2 0 4 4465 5466 4544
6021 2 2 0 4 4544 5378 4463
6022 2 2 0 4 3731 4437 4436
6023 2 2 0 4 2402 7501 2401
6024 2 2 0 4 2132 2389 2388
6025 2 2 0 4 5705 5788 2443
6026 2 2 0 4 1928 7840 5792
6027 2 2 0 4 5768 6321 2469
6028 2 2 0 4 5017 7794 5019
6029 2 2 0 4 3913 5032 5031
6030 2 2 0 4 4398 8613 5694
6031 2 2 0 4 7125 8156 5681
6032 2 2 0 4 5491 8208 7717
6033 2 2 0 4 5866 5868 5867
6034 2 2 0 4 2526 8198 8148
6035 2 2 0 4 5774 7697 3898
6036 2 2 0 4 2421 8139 2419
6037 2 2 0 4 6275 7721 7658
6038 2 2 0 4 7411 7412 5080
6039 2 2 0 4 4013 7486 4024
6040 2 2 0 4 2384 7906 5982
6041 2 2 0 4 5701 8623 7715
6042 2 2 0 4 5813 5893 3905
6043 2 2 0 4 6254 6336 3968
6044 2 2 0 4 5457 5739 3862
6045 2 2 0 4 4942 7948 6332
6046 2 2 0 4 5128 8529 5130
6047 2 2 0 4 3156 6284 3154
6048 2 2 0 4 2289 6285 2288
6049 2 2 0 4 5438 8290 8035
6050 2 2 0 4 7442 7443 5747
6051 2 2 0 4 5881 5882 5680
6052 2 2 0 4 7302 8388 6169
6053 2 2 0 4 5656 6226 4980
6054 2 2 0 4 2320 8346 2441
6055 2 2 0 4 3467 5874 3469
6056 2 2 0 4 6314 7623 6121
6057 2 2 0 4 1894 8271 5651
6058 2 2 0 4 5016 5727 5311
6059 2 2 0 4 6283 8629 4373
6060 2 2 0 4 5877 5878 5119
6061 2 2 0 4 5615 8531 2733
6062 2 2 0 4 2430 8566 7596
6063 2 2 0 4 5166 7700 4468
6064 2 2 0 4 6026 7558 277
6065 2 2 0 4 2375 8063 5682
6066 2 2 0 4 5630 7416 7332
6067 2 2 0 4 5409 7875 5916
6068 2 2 0 4 7332 7853 3744
6069 2 2 0 4 5779 7999 2919
6070 2 2 0 4 5832 8505 7336
6071 2 2 0 4 5143 5885 5884
6072 2 2 0 4 5899 7427 4585
6073 2 2 0 4 6247 7484 2270
6074 2 2 0 4 5738 8214 4708
6075 2 2 0 4 34 6200 33
6076 2 2 0 4 4058 7459 6150
6077 2 2 0 4 6499 6501 1920
6078 2 2 0 4 4669 7350 6267
6079 2 2 0 4 3947 5754 3943
6080 2 2 0 4 5956 8267 7666
6081 2 2 0 4 6327 7465 6323
6082 2 2 0 4 6013 8673 6012
6083 2 2 0 4 3278 8466 4394
6084 2 2 0 4 6096 7907 2551
6085 2 2 0 4 8096 8447 7315
6086 2 2 0 4 5993 7479 5990
6087 2 2 0 4 6953 7381 5094
6088 2 2 0 4 4375 7732 4387
6089 2 2 0 4 8001 8229 5594
6090 2 2 0 4 8350 8619 5732
6091 2 2 0 4 5748 8193 3338
6092 2 2 0 4 6006 7808 2056
6093 2 2 0 4 2633 5907 2635
6094 2 2 0 4 4027 5909 4020
6095 2 2 0 4 2558 7429 7380
6096 2 2 0 4 2051 7737 2228
6097 2 2 0 4 4093 5913 4347
6098 2 2 0 4 1989 7419 2357
6099 2 2 0 4 5324 8160 7590
6100 2 2 0 4 5658 7446 5660
6101 2 2 0 4 5659 7763 5887
6102 2 2 0 4 3815 6215 4112
6103 2 2 0 4 6109 7546 5347
6104 2 2 0 4 5090 8229 8001
6105 2 2 0 4 7909 8146 3059
6106 2 2 0 4 365 8057 5826
6107 2 2 0 4 6155 7824 5632
6108 2 2 0 4 6476 8670 6772
6109 2 2 0 4 6138 8297 6139
6110 2 2 0 4 6342 7516 4609
6111 2 2 0 4 5169 8052 7934
6112 2 2 0 4 4446 6290 4449
6113 2 2 0 4 2507 5733 2589
6114 2 2 0 4 3115 5734 3571
6115 2 2 0 4 2101 6125 2107
6116 2 2 0 4 7301 8028 2537
6117 2 2 0 4 1846 7471 7001
6118 2 2 0 4 3640 6236 4667
6119 2 2 0 4 5462 7853 7332
6120 2 2 0 4 4453 5845 4454
6121 2 2 0 4 5555 8178 5706
6122 2 2 0 4 5702 7841 7599
6123 2 2 0 4 5149 7789 5825
6124 2 2 0 4 5430 7376 5635
6125 2 2 0 4 6266 8445 3484
6126 2 2 0 4 4368 8255 7827
6127 2 2 0 4 2535 8664 8592
6128 2 2 0 4 5897 5898 5700
6129 2 2 0 4 4974 8339 6428
6130 2 2 0 4 2992 6281 3227
6131 2 2 0 4 2136 5741 2164
6132 2 2 0 4 6120 7635 4358
6133 2 2 0 4 5934 7635 6120
6134 2 2 0 4 1899 6289 6015
6135 2 2 0 4 1884 6354 35
6136 2 2 0 4 59 7467 58
6137 2 2 0 4 2475 7897 5711
6138 2 2 0 4 3823 6363 4657
6139 2 2 0 4 7499 8403 3089
6140 2 2 0 4 3098 8095 8094
6141 2 2 0 4 5710 7583 2435
6142 2 2 0 4 6038 7458 6037
6143 2 2 0 4 5578 8405 5163
6144 2 2 0 4 6857 7936 5207
6145 2 2 0 4 4457 8410 4625
6146 2 2 0 4 2160 5723 5722
6147 2 2 0 4 6517 6926 6541
6148 2 2 0 4 6538 6541 4700
6149 2 2 0 4 3103 7832 6018
6150 2 2 0 4 3404 6322 4756
6151 2 2 0 4 2090 8030 2089
6152 2 2 0 4 1990 6195 1988
6153 2 2 0 4 3610 8035 4292
6154 2 2 0 4 6181 8666 3764
6155 2 2 0 4 4076 7704 5898
6156 2 2 0 4 5945 8172 4546
6157 2 2 0 4 4378 5952 4102
6158 2 2 0 4 4452 6252 3776
6159 2 2 0 4 4065 5626 3406
6160 2 2 0 4 4472 6248 4473
6161 2 2 0 4 3756 6185 3753
6162 2 2 0 4 5062 6133 4943
6163 2 2 0 4 6332 7948 5434
6164 2 2 0 4 3036 6212 3038
6165 2 2 0 4 5353 7757 4366
6166 2 2 0 4 5577 8584 8222
6167 2 2 0 4 4547 8270 2634
6168 2 2 0 4 2466 5766 2469
6169 2 2 0 4 4447 5515 4330
6170 2 2 0 4 4933 7497 4973
6171 2 2 0 4 6111 7873 3165
6172 2 2 0 4 6206 7914 3686
6173 2 2 0 4 6250 7633 2406
6174 2 2 0 4 2122 2123 2121
6175 2 2 0 4 4077 4079 4078
6176 2 2 0 4 5826 8195 365
6177 2 2 0 4 3099 3100 3096
6178 2 2 0 4 7526 7608 3400
6179 2 2 0 4 3189 3192 3191
6180 2 2 0 4 3813 3814 3812
6181 2 2 0 4 5093 6248 4472
6182 2 2 0 4 3791 4089 3819
6183 2 2 0 4 3185 3187 3186
6184 2 2 0 4 3111 3112 3110
6185 2 2 0 4 3644 5583 4088
6186 2 2 0 4 4024 5184 4015
6187 2 2 0 4 5489 5608 5607
6188 2 2 0 4 5607 6261 2295
6189 2 2 0 4 2505 2506 2502
6190 2 2 0 4 2569 5442 2573
6191 2 2 0 4 3634 3635 3633
6192 2 2 0 4 4598 4923 4922
6193 2 2 0 4 4597 5166 3952
6194 2 2 0 4 2640 5086 2658
6195 2 2 0 4 5370 5843 5371
6196 2 2 0 4 2402 8358 7501
6197 2 2 0 4 5552 8472 6309
6198 2 2 0 4 1889 7424 5947
6199 2 2 0 4 7475 8027 4722
6200 2 2 0 4 5740 8120 2042
6201 2 2 0 4 5893 8575 3905
6202 2 2 0 4 5183 5520 5519
6203 2 2 0 4 4450 4713 4447
6204 2 2 0 4 4449 5012 4450
6205 2 2 0 4 2268 8721 2269
6206 2 2 0 4 5708 8533 5098
6207 2 2 0 4 3968 6336 6160
6208 2 2 0 4 5788 7890 4557
6209 2 2 0 4 5841 8162 5192
6210 2 2 0 4 7340 8422 2551
6211 2 2 0 4 6039 6040 5674
6212 2 2 0 4 3467 6329 5874
6213 2 2 0 4 7598 8617 7731
6214 2 2 0 4 2281 8356 6261
6215 2 2 0 4 2531 8475 6319
6216 2 2 0 4 5300 8412 6119
6217 2 2 0 4 7856 8686 6030
6218 2 2 0 4 3164 7812 3358
6219 2 2 0 4 3866 8526 6118
6220 2 2 0 4 3003 7770 3002
6221 2 2 0 4 5866 5870 5868
6222 2 2 0 4 1886 8534 5698
6223 2 2 0 4 5664 8416 5618
6224 2 2 0 4 2357 7928 1982
6225 2 2 0 4 5837 7931 3308
6226 2 2 0 4 5629 8432 5688
6227 2 2 0 4 3589 5925 3470
6228 2 2 0 4 2643 7403 2651
6229 2 2 0 4 2022 7724 6415
6230 2 2 0 4 5825 7951 4476
6231 2 2 0 4 5941 7946 5940
6232 2 2 0 4 7331 7332 3744
6233 2 2 0 4 4109 5864 5180
6234 2 2 0 4 5498 8273 7520
6235 2 2 0 4 6046 6047 6045
6236 2 2 0 4 3637 7402 4631
6237 2 2 0 4 2351 7414 6195
6238 2 2 0 4 6338 7472 3573
6239 2 2 0 4 5481 7779 4068
6240 2 2 0 4 5860 7531 4959
6241 2 2 0 4 5819 8115 1881
6242 2 2 0 4 4467 5466 4465
6243 2 2 0 4 3091 8612 8138
6244 2 2 0 4 5532 8594 8068
6245 2 2 0 4 7464 7514 4983
6246 2 2 0 4 4922 6288 3614
6247 2 2 0 4 1884 7607 6354
6248 2 2 0 4 2997 8154 7795
6249 2 2 0 4 5297 8531 5615
6250 2 2 0 4 6047 8047 3005
6251 2 2 0 4 4626 7659 5897
6252 2 2 0 4 2106 6125 2099
6253 2 2 0 4 5971 6383 5972
6254 2 2 0 4 2224 6371 2223
6255 2 2 0 4 2510 8483 5563
6256 2 2 0 4 5606 8436 7891
6257 2 2 0 4 5690 7993 5157
6258 2 2 0 4 6448 8221 6447
6259 2 2 0 4 5627 7986 7797
6260 2 2 0 4 5019 7794 5875
6261 2 2 0 4 6042 6043 274
6262 2 2 0 4 6030 6031 347
6263 2 2 0 4 5983 5984 242
6264 2 2 0 4 5997 6175 206
6265 2 2 0 4 6081 6174 291
6266 2 2 0 4 6003 6005 224
6267 2 2 0 4 3107 6022 6019
6268 2 2 0 4 1938 1939 1897
6269 2 2 0 4 3342 5986 5985
6270 2 2 0 4 6009 6010 1838
6271 2 2 0 4 5961 5962 2015
6272 2 2 0 4 2290 6076 6075
6273 2 2 0 4 3010 6054 6053
6274 2 2 0 4 1839 6078 6077
6275 2 2 0 4 1843 6017 6016
6276 2 2 0 4 1993 6038 6037
6277 2 2 0 4 6059 6060 2571
6278 2 2 0 4 2058 6123 6091
6279 2 2 0 4 2060 6013 6012
6280 2 2 0 4 6108 6124 2058
6281 2 2 0 4 5964 5965 1978
6282 2 2 0 4 6080 6127 1891
6283 2 2 0 4 6016 6231 1895
6284 2 2 0 4 6019 6020 3336
6285 2 2 0 4 2024 5970 5969
6286 2 2 0 4 6090 6138 1836
6287 2 2 0 4 6104 6207 3097
6288 2 2 0 4 2417 6062 6061
6289 2 2 0 4 6025 6056 3010
6290 2 2 0 4 6091 6092 6090
6291 2 2 0 4 6049 8535 6048
6292 2 2 0 4 5029 8296 7523
6293 2 2 0 4 214 8285 5730
6294 2 2 0 4 6227 8553 5656
6295 2 2 0 4 2096 7408 2098
6296 2 2 0 4 5272 7756 5914
6297 2 2 0 4 2248 8031 2250
6298 2 2 0 4 8422 8520 5777
6299 2 2 0 4 5771 7935 7912
6300 2 2 0 4 3609 7564 3280
6301 2 2 0 4 7795 8154 5791
6302 2 2 0 4 2169 7724 6145
6303 2 2 0 4 6778 7629 1932
6304 2 2 0 4 4097 5782 3731
6305 2 2 0 4 8282 8350 5732
6306 2 2 0 4 5786 7786 2056
6307 2 2 0 4 5793 7997 2193
6308 2 2 0 4 5743 8554 429
6309 2 2 0 4 2050 2431 2047
6310 2 2 0 4 3935 7777 4110
6311 2 2 0 4 4965 7538 6759
6312 2 2 0 4 3005 8047 7922
6313 2 2 0 4 5119 5879 5120
6314 2 2 0 4 2658 7391 2638
6315 2 2 0 4 5986 7566 5985
6316 2 2 0 4 3107 7566 6022
6317 2 2 0 4 6770 8670 6475
6318 2 2 0 4 6239 8537 8258
6319 2 2 0 4 4468 5474 4643
6320 2 2 0 4 7693 8163 5085
6321 2 2 0 4 8007 8074 2156
6322 2 2 0 4 2659 6322 2662
6323 2 2 0 4 7316 8096 7315
6324 2 2 0 4 5981 8100 2057
6325 2 2 0 4 6713 7554 6860
6326 2 2 0 4 5057 6170 5891
6327 2 2 0 4 3699 6363 3823
6328 2 2 0 4 7540 8501 7539
6329 2 2 0 4 6312 7854 3224
6330 2 2 0 4 6309 8472 3050
6331 2 2 0 4 4175 7404 4174
6332 2 2 0 4 7966 8460 5703
6333 2 2 0 4 1892 7834 6009
6334 2 2 0 4 4588 8261 7464
6335 2 2 0 4 173 6769 6767
6336 2 2 0 4 1857 6769 174
6337 2 2 0 4 5798 7871 5799
6338 2 2 0 4 3876 5813 3905
6339 2 2 0 4 2442 7393 5651
6340 2 2 0 4 5473 7979 7549
6341 2 2 0 4 3170 5943 3168
6342 2 2 0 4 8069 8539 7494
6343 2 2 0 4 2019 7920 2368
6344 2 2 0 4 5364 7921 3673
6345 2 2 0 4 4951 7923 3561
6346 2 2 0 4 1956 8593 5714
6347 2 2 0 4 4667 5785 4683
6348 2 2 0 4 2519 7349 7348
6349 2 2 0 4 5727 8125 5311
6350 2 2 0 4 6454 6456 6455
6351 2 2 0 4 2312 7960 5722
6352 2 2 0 4 1984 8032 1983
6353 2 2 0 4 2445 8283 5679
6354 2 2 0 4 2351 7609 7414
6355 2 2 0 4 4984 8495 6028
6356 2 2 0 4 1912 8293 6540
6357 2 2 0 4 5797 8228 6024
6358 2 2 0 4 6083 6174 6081
6359 2 2 0 4 33 6200 1858
6360 2 2 0 4 5013 8419 7562
6361 2 2 0 4 6313 8091 5056
6362 2 2 0 4 7891 8436 5378
6363 2 2 0 4 2446 6240 2305
6364 2 2 0 4 3974 5818 4037
6365 2 2 0 4 4546 8172 4350
6366 2 2 0 4 6248 8660 5693
6367 2 2 0 4 5816 7636 4635
6368 2 2 0 4 3390 6281 2994
6369 2 2 0 4 5875 7794 4033
6370 2 2 0 4 2661 6325 6324
6371 2 2 0 4 6324 6327 6323
6372 2 2 0 4 4560 7481 5377
6373 2 2 0 4 3620 6263 3775
6374 2 2 0 4 4679 6264 5931
6375 2 2 0 4 5609 7838 4431
6376 2 2 0 4 4462 8052 4464
6377 2 2 0 4 6429 8055 5861
6378 2 2 0 4 7464 8261 7514
6379 2 2 0 4 7514 8261 4374
6380 2 2 0 4 2632 7522 2630
6381 2 2 0 4 2061 7399 1998
6382 2 2 0 4 5996 6220 3341
6383 2 2 0 4 3337 6046 6045
6384 2 2 0 4 5757 8641 5756
6385 2 2 0 4 5371 6372 5368
6386 2 2 0 4 8174 8535 6049
6387 2 2 0 4 6235 8720 5570
6388 2 2 0 4 2305 6240 2234
6389 2 2 0 4 5079 7412 5565
6390 2 2 0 4 6095 8210 1973
6391 2 2 0 4 2129 8602 2451
6392 2 2 0 4 1895 7912 6036
6393 2 2 0 4 5806 8248 3499
6394 2 2 0 4 5991 5992 5989
6395 2 2 0 4 5692 7841 5691
6396 2 2 0 4 6255 6355 5319
6397 2 2 0 4 4994 7767 7521
6398 2 2 0 4 5623 8364 4663
6399 2 2 0 4 3740 8245 3335
6400 2 2 0 4 6500 7809 1853
6401 2 2 0 4 3751 8382 3755
6402 2 2 0 4 2396 8044 2053
6403 2 2 0 4 5442 8027 7475
6404 2 2 0 4 3750 6273 4689
6405 2 2 0 4 4609 7516 6262
6406 2 2 0 4 2420 7679 2421
6407 2 2 0 4 5682 8063 2442
6408 2 2 0 4 6005 6040 6039
6409 2 2 0 4 6031 6033 6032
6410 2 2 0 4 6032 6034 2515
6411 2 2 0 4 4056 6187 4057
6412 2 2 0 4 3386 5949 3385
6413 2 2 0 4 5520 8426 7879
6414 2 2 0 4 5856 7640 2897
6415 2 2 0 4 6239 8258 2347
6416 2 2 0 4 5846 5847 4578
6417 2 2 0 4 5845 5849 5846
6418 2 2 0 4 6711 8295 1909
6419 2 2 0 4 6840 7440 6871
6420 2 2 0 4 5563 7943 7874
6421 2 2 0 4 3471 8367 5896
6422 2 2 0 4 3703 8487 4073
6423 2 2 0 4 2341 8435 6066
6424 2 2 0 4 2538 8549 2541
6425 2 2 0 4 4474 7685 5093
6426 2 2 0 4 7539 8501 5053
6427 2 2 0 4 5335 7600 5334
6428 2 2 0 4 3936 7601 3933
6429 2 2 0 4 4641 6224 4639
6430 2 2 0 4 5829 8013 5828
6431 2 2 0 4 6186 8559 5059
6432 2 2 0 4 6280 7274 5396
6433 2 2 0 4 2229 6371 2224
6434 2 2 0 4 2564 8281 5983
6435 2 2 0 4 6313 8315 5672
6436 2 2 0 4 5897 7659 5898
6437 2 2 0 4 5359 7604 5360
6438 2 2 0 4 2161 7681 2194
6439 2 2 0 4 5900 7896 5110
6440 2 2 0 4 3276 6236 3275
6441 2 2 0 4 346 6030 347
6442 2 2 0 4 435 5953 436
6443 2 2 0 4 433 6221 434
6444 2 2 0 4 241 5983 242
6445 2 2 0 4 329 5999 330
6446 2 2 0 4 255 6018 256
6447 2 2 0 4 325 5994 326
6448 2 2 0 4 290 6081 291
6449 2 2 0 4 276 6026 277
6450 2 2 0 4 396 5960 397
6451 2 2 0 4 423 6097 424
6452 2 2 0 4 327 6220 328
6453 2 2 0 4 273 6042 274
6454 2 2 0 4 331 6045 332
6455 2 2 0 4 352 6067 353
6456 2 2 0 4 309 6064 310
6457 2 2 0 4 223 6003 224
6458 2 2 0 4 350 6219 351
6459 2 2 0 4 409 6006 410
6460 2 2 0 4 288 6094 289
6461 2 2 0 4 205 5997 206
6462 2 2 0 4 293 6048 294
6463 2 2 0 4 221 6095 222
6464 2 2 0 4 338 6096 339
6465 2 2 0 4 431 6007 432
6466 2 2 0 4 208 5988 209
6467 2 2 0 4 381 5998 382
6468 2 2 0 4 344 6073 345
6469 2 2 0 4 403 6074 404
6470 2 2 0 4 5647 8682 7630
6471 2 2 0 4 5972 6383 5977
6472 2 2 0 4 5774 8672 4597
6473 2 2 0 4 2655 6137 2751
6474 2 2 0 4 4352 7716 5540
6475 2 2 0 4 6292 7530 3634
6476 2 2 0 4 2192 7484 2193
6477 2 2 0 4 2573 7476 2567
6478 2 2 0 4 7407 8180 3093
6479 2 2 0 4 7798 8470 7799
6480 2 2 0 4 6315 7849 6316
6481 2 2 0 4 212 6014 1840
6482 2 2 0 4 4032 6025 437
6483 2 2 0 4 2417 6061 235
6484 2 2 0 4 2055 6024 407
6485 2 2 0 4 2058 6091 306
6486 2 2 0 4 2515 6100 349
6487 2 2 0 4 227 6037 1985
6488 2 2 0 4 315 6077 1896
6489 2 2 0 4 373 6105 1938
6490 2 2 0 4 3342 5985 261
6491 2 2 0 4 303 5961 2015
6492 2 2 0 4 358 6103 1994
6493 2 2 0 4 2571 6176 238
6494 2 2 0 4 2247 6148 414
6495 2 2 0 4 237 6059 2571
6496 2 2 0 4 2158 6058 298
6497 2 2 0 4 308 6090 1836
6498 2 2 0 4 399 5969 2018
6499 2 2 0 4 417 6311 2246
6500 2 2 0 4 318 6250 1844
6501 2 2 0 4 283 6335 6098
6502 2 2 0 4 3339 5987 257
6503 2 2 0 4 1993 6037 226
6504 2 2 0 4 1839 6077 314
6505 2 2 0 4 239 6176 6057
6506 2 2 0 4 247 6051 3108
6507 2 2 0 4 1892 6009 370
6508 2 2 0 4 355 6107 5964
6509 2 2 0 4 284 6098 3077
6510 2 2 0 4 1838 6105 372
6511 2 2 0 4 2060 6012 300
6512 2 2 0 4 2246 6093 418
6513 2 2 0 4 3336 6104 265
6514 2 2 0 4 408 6024 2048
6515 2 2 0 4 395 6346 2054
6516 2 2 0 4 1890 6089 387
6517 2 2 0 4 4905 6051 246
6518 2 2 0 4 307 6091 6090
6519 2 2 0 4 3105 6023 251
6520 2 2 0 4 1843 6016 377
6521 2 2 0 4 297 6052 2158
6522 2 2 0 4 419 6093 2245
6523 2 2 0 4 1844 6080 319
6524 2 2 0 4 371 6009 1838
6525 2 2 0 4 2154 6052 296
6526 2 2 0 4 2024 5969 398
6527 2 2 0 4 258 5987 3106
6528 2 2 0 4 229 6088 2290
6529 2 2 0 4 1978 6103 357
6530 2 2 0 4 2238 6311 416
6531 2 2 0 4 393 5982 1835
6532 2 2 0 4 374 1938 1897
6533 2 2 0 4 301 6012 2059
6534 2 2 0 4 2059 5961 302
6535 2 2 0 4 1897 6229 375
6536 2 2 0 4 252 6023 3338
6537 2 2 0 4 369 6109 1892
6538 2 2 0 4 2521 6107 354
6539 2 2 0 4 324 6029 3011
6540 2 2 0 4 376 6229 1843
6541 2 2 0 4 380 6036 1874
6542 2 2 0 4 3107 6019 263
6543 2 2 0 4 356 5964 1978
6544 2 2 0 4 415 6148 2238
6545 2 2 0 4 1835 6346 394
6546 2 2 0 4 236 6061 6059
6547 2 2 0 4 295 6008 2154
6548 2 2 0 4 231 6075 2093
6549 2 2 0 4 388 6089 1841
6550 2 2 0 4 262 5985 3107
6551 2 2 0 4 305 6108 2058
6552 2 2 0 4 3010 6053 6
6553 2 2 0 4 264 6019 3336
6554 2 2 0 4 322 6053 3327
6555 2 2 0 4 1895 6036 379
6556 2 2 0 4 240 6057 2564
6557 2 2 0 4 299 6058 2060
6558 2 2 0 4 438 6025 3010
6559 2 2 0 4 1985 6088 228
6560 2 2 0 4 2015 6108 304
6561 2 2 0 4 320 6080 1891
6562 2 2 0 4 3327 6029 323
6563 2 2 0 4 378 6016 1895
6564 2 2 0 4 3308 6335 282
6565 2 2 0 4 2290 6075 230
6566 2 2 0 4 1966 6099 362
6567 2 2 0 4 363 6099 1996
6568 2 2 0 4 266 6104 3097
6569 2 2 0 4 7340 7907 5376
6570 2 2 0 4 6068 8272 6072
6571 2 2 0 4 7536 8451 1936
6572 2 2 0 4 4346 8555 5432
6573 2 2 0 4 2343 7839 2211
6574 2 2 0 4 5628 5631 2586
6575 2 2 0 4 2485 5494 1958
6576 2 2 0 4 2484 2486 2485
6577 2 2 0 4 6396 7816 6394
6578 2 2 0 4 3862 5739 3859
6579 2 2 0 4 3645 8160 7785
6580 2 2 0 4 5713 8370 4994
6581 2 2 0 4 5144 7640 4628
6582 2 2 0 4 5009 6279 4388
6583 2 2 0 4 3193 8039 3730
6584 2 2 0 4 7996 8334 2452
6585 2 2 0 4 5892 7608 7526
6586 2 2 0 4 6305 7461 2715
6587 2 2 0 4 6522 7373 6568
6588 2 2 0 4 5700 7387 5701
6589 2 2 0 4 3111 7480 5734
6590 2 2 0 4 2219 5980 2216
6591 2 2 0 4 6137 8080 2751
6592 2 2 0 4 5163 7919 3742
6593 2 2 0 4 5216 6997 6397
6594 2 2 0 4 5751 8403 7499
6595 2 2 0 4 5927 6355 6255
6596 2 2 0 4 3160 6284 3393
6597 2 2 0 4 2334 6285 2418
6598 2 2 0 4 6069 8272 6068
6599 2 2 0 4 3270 6262 3405
6600 2 2 0 4 2590 7943 2509
6601 2 2 0 4 3666 6362 3663
6602 2 2 0 4 5679 8283 5880
6603 2 2 0 4 4578 7586 4456
6604 2 2 0 4 3991 8202 4030
6605 2 2 0 4 5391 8514 5408
6606 2 2 0 4 2613 6249 2611
6607 2 2 0 4 2351 6195 1990
6608 2 2 0 4 5855 5857 5856
6609 2 2 0 4 4126 7352 7351
6610 2 2 0 4 6097 8113 424
6611 2 2 0 4 5781 7849 6348
6612 2 2 0 4 4982 6203 4694
6613 2 2 0 4 5071 5072 4693
6614 2 2 0 4 6329 7903 5874
6615 2 2 0 4 2325 2370 2364
6616 2 2 0 4 5298 6282 4401
6617 2 2 0 4 6204 6205 3300
6618 2 2 0 4 3395 7923 3740
6619 2 2 0 4 286 7397 287
6620 2 2 0 4 4442 5927 5926
6621 2 2 0 4 5926 5928 5925
6622 2 2 0 4 7397 8589 5800
6623 2 2 0 4 2105 6270 2104
6624 2 2 0 4 2104 6270 2109
6625 2 2 0 4 5452 8635 5491
6626 2 2 0 4 3268 6262 3270
6627 2 2 0 4 5791 8154 7687
6628 2 2 0 4 4390 7886 5009
6629 2 2 0 4 3844 5840 3847
6630 2 2 0 4 3307 5842 3311
6631 2 2 0 4 4037 8544 6376
6632 2 2 0 4 4621 7848 7739
6633 2 2 0 4 5596 7848 7477
6634 2 2 0 4 2342 8345 7382
6635 2 2 0 4 5351 8503 3685
6636 2 2 0 4 5895 6223 6222
6637 2 2 0 4 5916 8477 8368
6638 2 2 0 4 2040 6277 2039
6639 2 2 0 4 4088 7513 3594
6640 2 2 0 4 3080 6278 3084
6641 2 2 0 4 5850 7791 249
6642 2 2 0 4 2481 7844 2336
6643 2 2 0 4 2039 6277 2043
6644 2 2 0 4 6008 7630 2154
6645 2 2 0 4 2751 6332 2653
6646 2 2 0 4 4980 7396 6227
6647 2 2 0 4 3082 6278 3080
6648 2 2 0 4 280 8341 5839
6649 2 2 0 4 6216 6217 4333
6650 2 2 0 4 5903 7698 2476
6651 2 2 0 4 2087 7747 2085
6652 2 2 0 4 8002 8006 5546
6653 2 2 0 4 5972 5975 2018
6654 2 2 0 4 5412 8286 6232
6655 2 2 0 4 6064 6139 6065
6656 2 2 0 4 5989 6289 1899
6657 2 2 0 4 5995 5996 3341
6658 2 2 0 4 5954 5955 4032
6659 2 2 0 4 6068 6071 2521
6660 2 2 0 4 6000 6046 3337
6661 2 2 0 4 5673 7932 5674
6662 2 2 0 4 6468 8648 7707
6663 2 2 0 4 5775 5776 5620
6664 2 2 0 4 5838 7541 5100
6665 2 2 0 4 2098 2114 2106
6666 2 2 0 4 2099 2101 2100
6667 2 2 0 4 3332 3452 3331
6668 2 2 0 4 3277 3278 3276
6669 2 2 0 4 3167 3173 3170
6670 2 2 0 4 3168 3171 3169
6671 2 2 0 4 3169 4995 3166
6672 2 2 0 4 3773 3826 3772
6673 2 2 0 4 2373 5762 5761
6674 2 2 0 4 5760 6339 2374
6675 2 2 0 4 3657 3658 3655
6676 2 2 0 4 3656 3660 3654
6677 2 2 0 4 2187 2205 2186
6678 2 2 0 4 2094 2202 2113
6679 2 2 0 4 2165 2303 2118
6680 2 2 0 4 2113 2381 2078
6681 2 2 0 4 2116 2330 2165
6682 2 2 0 4 3575 3758 3574
6683 2 2 0 4 3617 6338 3572
6684 2 2 0 4 4727 4728 2590
6685 2 2 0 4 4549 5102 4548
6686 2 2 0 4 5663 5666 5665
6687 2 2 0 4 4074 5458 4672
6688 2 2 0 4 3015 3052 3016
6689 2 2 0 4 3004 5636 3017
6690 2 2 0 4 3016 3018 3007
6691 2 2 0 4 4328 4955 4325
6692 2 2 0 4 4326 4674 4363
6693 2 2 0 4 4363 4604 4327
6694 2 2 0 4 3114 4126 3138
6695 2 2 0 4 3138 3151 3137
6696 2 2 0 4 3786 4361 3785
6697 2 2 0 4 3787 4951 3783
6698 2 2 0 4 3784 3788 3786
6699 2 2 0 4 5361 5364 4285
6700 2 2 0 4 5360 5362 5361
6701 2 2 0 4 4062 4648 4056
6702 2 2 0 4 4054 5291 4062
6703 2 2 0 4 4030 4481 4356
6704 2 2 0 4 4386 4944 4354
6705 2 2 0 4 5354 5355 5353
6706 2 2 0 4 2194 2306 2198
6707 2 2 0 4 3388 4362 3384
6708 2 2 0 4 4582 5329 4028
6709 2 2 0 4 3385 3389 3388
6710 2 2 0 4 4031 4583 4582
6711 2 2 0 4 3324 5013 3386
6712 2 2 0 4 4349 4949 4386
6713 2 2 0 4 4057 4554 4055
6714 2 2 0 4 2198 2339 2197
6715 2 2 0 4 4903 4906 4904
6716 2 2 0 4 3937 3938 3936
6717 2 2 0 4 2265 2341 2267
6718 2 2 0 4 2199 2352 2266
6719 2 2 0 4 2408 6287 2070
6720 2 2 0 4 1987 2067 1990
6721 2 2 0 4 1988 1991 1989
6722 2 2 0 4 1989 2357 1986
6723 2 2 0 4 2312 2313 2292
6724 2 2 0 4 2291 2368 2294
6725 2 2 0 4 2250 2253 2252
6726 2 2 0 4 2252 2335 2251
6727 2 2 0 4 5336 5337 5335
6728 2 2 0 4 2400 7773 2322
6729 2 2 0 4 2174 2317 2173
6730 2 2 0 4 2179 2366 2171
6731 2 2 0 4 2172 2175 2174
6732 2 2 0 4 7533 8623 5701
6733 2 2 0 4 5217 6391 6390
6734 2 2 0 4 3484 7718 6266
6735 2 2 0 4 4998 5556 4997
6736 2 2 0 4 2503 5333 2554
6737 2 2 0 4 5425 5426 2552
6738 2 2 0 4 2554 2555 2553
6739 2 2 0 4 3931 8416 3934
6740 2 2 0 4 6428 8628 4974
6741 2 2 0 4 6962 7603 1922
6742 2 2 0 4 5047 5888 5849
6743 2 2 0 4 4442 6355 5927
6744 2 2 0 4 8313 8586 5511
6745 2 2 0 4 8151 8272 6069
6746 2 2 0 4 1858 6200 6131
6747 2 2 0 4 2290 7758 6076
6748 2 2 0 4 3905 8575 5536
6749 2 2 0 4 8112 8655 5859
6750 2 2 0 4 5767 5768 2469
6751 2 2 0 4 1999 7419 1992
6752 2 2 0 4 6540 8293 6541
6753 2 2 0 4 5967 8536 5390
6754 2 2 0 4 6540 6541 6538
6755 2 2 0 4 1966 8167 5828
6756 2 2 0 4 233 7430 234
6757 2 2 0 4 6199 7908 1934
6758 2 2 0 4 3011 8288 5994
6759 2 2 0 4 6129 8701 1858
6760 2 2 0 4 5908 8181 5421
6761 2 2 0 4 8221 8664 6447
6762 2 2 0 4 7583 8570 2434
6763 2 2 0 4 5025 7512 7325
6764 2 2 0 4 6395 6396 6394
6765 2 2 0 4 385 7698 5903
6766 2 2 0 4 7499 8094 5752
6767 2 2 0 4 5898 7659 4076
6768 2 2 0 4 6173 7903 2960
6769 2 2 0 4 6112 6161 2204
6770 2 2 0 4 3156 7474 6284
6771 2 2 0 4 2289 7872 6285
6772 2 2 0 4 2131 7821 2130
6773 2 2 0 4 2295 6261 2243
6774 2 2 0 4 5741 8152 2164
6775 2 2 0 4 3943 4355 3942
6776 2 2 0 4 3941 3944 3943
6777 2 2 0 4 3281 3618 3282
6778 2 2 0 4 2065 2073 2061
6779 2 2 0 4 2062 2066 2065
6780 2 2 0 4 4683 5473 5472
6781 2 2 0 4 4699 5610 5609
6782 2 2 0 4 3307 3311 3310
6783 2 2 0 4 3310 3367 3309
6784 2 2 0 4 3846 3894 3845
6785 2 2 0 4 3844 3847 3846
6786 2 2 0 4 2998 3000 2999
6787 2 2 0 4 3076 3079 3074
6788 2 2 0 4 4625 5541 5142
6789 2 2 0 4 5477 8214 7802
6790 2 2 0 4 5839 5944 5190
6791 2 2 0 4 7738 8210 5763
6792 2 2 0 4 6004 8210 7738
6793 2 2 0 4 7387 8458 5701
6794 2 2 0 4 5737 8166 7800
6795 2 2 0 4 4029 7658 5669
6796 2 2 0 4 3069 6312 3224
6797 2 2 0 4 6763 7456 1865
6798 2 2 0 4 4174 7404 6397
6799 2 2 0 4 7363 8201 6132
6800 2 2 0 4 5080 7412 5079
6801 2 2 0 4 2188 8334 7996
6802 2 2 0 4 3960 4064 3961
6803 2 2 0 4 3808 5825 3810
6804 2 2 0 4 3810 4983 3770
6805 2 2 0 4 2052 2414 2380
6806 2 2 0 4 2195 2268 2196
6807 2 2 0 4 2035 2096 2041
6808 2 2 0 4 2034 2038 2036
6809 2 2 0 4 6218 8252 5181
6810 2 2 0 4 4118 7416 5630
6811 2 2 0 4 3186 7421 3183
6812 2 2 0 4 3930 6315 3946
6813 2 2 0 4 3179 3182 3181
6814 2 2 0 4 3181 3639 3180
6815 2 2 0 4 4469 5423 5422
6816 2 2 0 4 3731 5782 4437
6817 2 2 0 4 4437 5350 4436
6818 2 2 0 4 2389 2390 2388
6819 2 2 0 4 6079 8218 2405
6820 2 2 0 4 5899 8689 7427
6821 2 2 0 4 5032 5038 5031
6822 2 2 0 4 3913 5033 5032
6823 2 2 0 4 5217 6390 6389
6824 2 2 0 4 2478 8038 2477
6825 2 2 0 4 383 7441 1842
6826 2 2 0 4 6116 7550 2059
6827 2 2 0 4 5173 7837 6215
6828 2 2 0 4 6875 7780 7249
6829 2 2 0 4 6315 6316 3946
6830 2 2 0 4 6076 7836 6075
6831 2 2 0 4 5887 7446 5658
6832 2 2 0 4 5878 5879 5119
6833 2 2 0 4 1967 7729 1969
6834 2 2 0 4 3614 6288 3271
6835 2 2 0 4 7646 8660 6248
6836 2 2 0 4 5704 8057 1996
6837 2 2 0 4 4944 8353 7830
6838 2 2 0 4 1995 7769 5759
6839 2 2 0 4 2201 7503 2086
6840 2 2 0 4 2086 7503 2088
6841 2 2 0 4 8222 8584 5177
6842 2 2 0 4 3808 7628 5825
6843 2 2 0 4 7382 8278 2340
6844 2 2 0 4 2734 7377 2743
6845 2 2 0 4 5125 6243 5818
6846 2 2 0 4 3271 6288 3269
6847 2 2 0 4 260 7452 3342
6848 2 2 0 4 3106 7452 259
6849 2 2 0 4 2059 7550 5961
6850 2 2 0 4 3269 6288 4282
6851 2 2 0 4 4934 6213 5061
6852 2 2 0 4 5172 6214 5367
6853 2 2 0 4 5513 8127 7752
6854 2 2 0 4 6023 8572 3338
6855 2 2 0 4 2300 5705 2112
6856 2 2 0 4 1856 7804 6158
6857 2 2 0 4 4059 7481 3958
6858 2 2 0 4 5176 8066 4925
6859 2 2 0 4 5944 8341 3083
6860 2 2 0 4 5479 5893 5813
6861 2 2 0 4 6052 7613 2158
6862 2 2 0 4 7779 8259 5755
6863 2 2 0 4 6210 8146 5366
6864 2 2 0 4 4656 6210 5366
6865 2 2 0 4 3619 6263 3620
6866 2 2 0 4 3145 6244 3140
6867 2 2 0 4 4584 6264 4679
6868 2 2 0 4 5007 6208 5567
6869 2 2 0 4 2582 6209 4594
6870 2 2 0 4 4047 6245 4044
6871 2 2 0 4 3747 6273 3750
6872 2 2 0 4 1946 6253 2170
6873 2 2 0 4 4291 6216 4333
6874 2 2 0 4 5426 8470 6381
6875 2 2 0 4 5216 6397 5217
6876 2 2 0 4 6397 6997 4174
6877 2 2 0 4 7170 8674 1859
6878 2 2 0 4 3663 6362 3662
6879 2 2 0 4 6140 7557 312
6880 2 2 0 4 3686 6362 3666
6881 2 2 0 4 7350 8189 6267
6882 2 2 0 4 2971 6597 2727
6883 2 2 0 4 5602 6294 4987
6884 2 2 0 4 4987 6294 4989
6885 2 2 0 4 2480 5750 2026
6886 2 2 0 4 6390 6393 6291
6887 2 2 0 4 5838 7931 5837
6888 2 2 0 4 2122 2316 2123
6889 2 2 0 4 2123 2124 2121
6890 2 2 0 4 4077 4080 4079
6891 2 2 0 4 4079 4399 4078
6892 2 2 0 4 2107 6370 6369
6893 2 2 0 4 3100 3101 3096
6894 2 2 0 4 5290 7682 5802
6895 2 2 0 4 3189 5559 3192
6896 2 2 0 4 3192 3222 3191
6897 2 2 0 4 3813 3815 3814
6898 2 2 0 4 4564 7862 4602
6899 2 2 0 4 6260 7781 1850
6900 2 2 0 4 3791 4090 4089
6901 2 2 0 4 3111 3115 3112
6902 2 2 0 4 5583 5585 4088
6903 2 2 0 4 5489 5653 5608
6904 2 2 0 4 2505 2507 2506
6905 2 2 0 4 4597 6121 5166
6906 2 2 0 4 4923 4924 4922
6907 2 2 0 4 5843 5844 5371
6908 2 2 0 4 6388 8220 2103
6909 2 2 0 4 6327 7581 7483
6910 2 2 0 4 4450 4714 4713
6911 2 2 0 4 4449 5188 5012
6912 2 2 0 4 5982 7906 1835
6913 2 2 0 4 4388 6279 4376
6914 2 2 0 4 6595 6597 2971
6915 2 2 0 4 6167 8133 5023
6916 2 2 0 4 1921 7736 6462
6917 2 2 0 4 4655 6344 4284
6918 2 2 0 4 5861 8318 6429
6919 2 2 0 4 8000 8001 5594
6920 2 2 0 4 3885 7971 5176
6921 2 2 0 4 5302 6242 6190
6922 2 2 0 4 5122 6243 5125
6923 2 2 0 4 5784 8663 6236
6924 2 2 0 4 31 8701 6130
6925 2 2 0 4 2727 6597 2734
6926 2 2 0 4 1927 7622 6152
6927 2 2 0 4 5297 7710 5296
6928 2 2 0 4 5814 8301 1869
6929 2 2 0 4 6261 6350 2243
6930 2 2 0 4 5094 7829 6953
6931 2 2 0 4 1995 8725 6095
6932 2 2 0 4 5831 7674 5002
6933 2 2 0 4 5856 8099 7640
6934 2 2 0 4 6054 6055 6053
6935 2 2 0 4 5970 5971 5969
6936 2 2 0 4 6060 6136 2571
6937 2 2 0 4 6062 6063 6061
6938 2 2 0 4 6078 6079 6077
6939 2 2 0 4 5962 5963 2015
6940 2 2 0 4 5964 5966 5965
6941 2 2 0 4 6020 6021 3336
6942 2 2 0 4 6010 6011 1838
6943 2 2 0 4 1939 1940 1897
6944 2 2 0 4 5965 5967 1978
6945 2 2 0 4 6322 6323 4756
6946 2 2 0 4 7228 8185 7750
6947 2 2 0 4 5780 8601 3883
6948 2 2 0 4 4337 7404 4175
6949 2 2 0 4 2478 8233 8038
6950 2 2 0 4 5368 6372 5175
6951 2 2 0 4 5649 8020 7806
6952 2 2 0 4 6042 6044 6043
6953 2 2 0 4 7860 8380 2610
6954 2 2 0 4 4904 7428 4902
6955 2 2 0 4 5568 8654 8448
6956 2 2 0 4 6250 8548 1844
6957 2 2 0 4 5305 8417 5933
6958 2 2 0 4 5683 8332 7954
6959 2 2 0 4 1870 7400 6453
6960 2 2 0 4 6597 7377 2734
6961 2 2 0 4 1859 7815 7170
6962 2 2 0 4 3181 7421 3639
6963 2 2 0 4 4107 7436 3966
6964 2 2 0 4 3012 7487 336
6965 2 2 0 4 337 7487 3969
6966 2 2 0 4 5083 8252 6218
6967 2 2 0 4 5410 8668 7850
6968 2 2 0 4 5633 8431 5459
6969 2 2 0 4 6325 6326 6324
6970 2 2 0 4 2428 8548 6250
6971 2 2 0 4 6178 6181 3764
6972 2 2 0 4 6185 8382 3753
6973 2 2 0 4 6134 7627 3919
6974 2 2 0 4 7370 7392 4921
6975 2 2 0 4 5344 8168 5830
6976 2 2 0 4 5689 8546 2496
6977 2 2 0 4 4099 5694 3953
6978 2 2 0 4 2960 6329 2952
6979 2 2 0 4 4327 6183 4328
6980 2 2 0 4 5720 7544 5719
6981 2 2 0 4 6032 6035 6034
6982 2 2 0 4 6405 7345 7342
6983 2 2 0 4 3382 7636 3295
6984 2 2 0 4 2214 6333 1980
6985 2 2 0 4 3616 8219 7748
6986 2 2 0 4 7897 8644 5902
6987 2 2 0 4 4749 6594 6406
6988 2 2 0 4 7934 8052 5084
6989 2 2 0 4 1984 8333 8032
6990 2 2 0 4 4944 7830 6063
6991 2 2 0 4 1891 7491 321
6992 2 2 0 4 5 7491 1875
6993 2 2 0 4 5622 7573 3658
6994 2 2 0 4 2619 7648 2617
6995 2 2 0 4 5217 6389 4802
6996 2 2 0 4 2587 5853 5808
6997 2 2 0 4 2723 6382 2719
6998 2 2 0 4 4961 7843 6544
6999 2 2 0 4 2486 2487 2485
7000 2 2 0 4 272 7499 3089
7001 2 2 0 4 7357 7361 4929
7002 2 2 0 4 4906 8440 4931
7003 2 2 0 4 2971 7345 6595
7004 2 2 0 4 6283 7910 4955
7005 2 2 0 4 4929 7361 4754
7006 2 2 0 4 4072 7704 4076
7007 2 2 0 4 4336 7956 5857
7008 2 2 0 4 4620 7739 5183
7009 2 2 0 4 6389 6788 4802
7010 2 2 0 4 6475 8227 6770
7011 2 2 0 4 5072 5579 4693
7012 2 2 0 4 4982 6314 6203
7013 2 2 0 4 2370 2371 2364
7014 2 2 0 4 4746 7343 4745
7015 2 2 0 4 5927 5929 5926
7016 2 2 0 4 2340 7383 7382
7017 2 2 0 4 7540 8290 5438
7018 2 2 0 4 2653 6332 2650
7019 2 2 0 4 2650 6332 5434
7020 2 2 0 4 268 7515 269
7021 2 2 0 4 5972 5976 5975
7022 2 2 0 4 6068 6072 6071
7023 2 2 0 4 5954 5956 5955
7024 2 2 0 4 3635 7530 3813
7025 2 2 0 4 4127 8671 7693
7026 2 2 0 4 6306 6307 3068
7027 2 2 0 4 6475 8670 6476
7028 2 2 0 4 6380 6403 3479
7029 2 2 0 4 2101 2102 2100
7030 2 2 0 4 2114 2115 2106
7031 2 2 0 4 3332 3453 3452
7032 2 2 0 4 3277 3279 3278
7033 2 2 0 4 3173 3174 3170
7034 2 2 0 4 3171 3172 3169
7035 2 2 0 4 3826 4317 3772
7036 2 2 0 4 3773 3827 3826
7037 2 2 0 4 5762 5763 5761
7038 2 2 0 4 3657 3659 3658
7039 2 2 0 4 3656 3661 3660
7040 2 2 0 4 2205 2302 2186
7041 2 2 0 4 2187 2206 2205
7042 2 2 0 4 2094 2203 2202
7043 2 2 0 4 2202 2204 2113
7044 2 2 0 4 2330 2331 2165
7045 2 2 0 4 3575 3759 3758
7046 2 2 0 4 4549 5103 5102
7047 2 2 0 4 4727 5485 4728
7048 2 2 0 4 5666 5667 5665
7049 2 2 0 4 5458 5459 4672
7050 2 2 0 4 3016 3019 3018
7051 2 2 0 4 4328 4956 4955
7052 2 2 0 4 4363 4605 4604
7053 2 2 0 4 3138 3152 3151
7054 2 2 0 4 3787 4952 4951
7055 2 2 0 4 3788 3789 3786
7056 2 2 0 4 4906 4931 4904
7057 2 2 0 4 4582 5721 5329
7058 2 2 0 4 5362 5440 5361
7059 2 2 0 4 4481 4606 4356
7060 2 2 0 4 5360 5363 5362
7061 2 2 0 4 4062 4996 4648
7062 2 2 0 4 3389 3460 3388
7063 2 2 0 4 5355 5356 5353
7064 2 2 0 4 4949 4950 4386
7065 2 2 0 4 4057 4555 4554
7066 2 2 0 4 2339 2386 2197
7067 2 2 0 4 4903 4907 4906
7068 2 2 0 4 3938 3955 3936
7069 2 2 0 4 2352 2353 2266
7070 2 2 0 4 2067 2068 1990
7071 2 2 0 4 1991 1992 1989
7072 2 2 0 4 2368 2369 2294
7073 2 2 0 4 2312 2314 2313
7074 2 2 0 4 2335 2336 2251
7075 2 2 0 4 2253 2254 2252
7076 2 2 0 4 5337 5338 5335
7077 2 2 0 4 2179 2367 2366
7078 2 2 0 4 2175 2176 2174
7079 2 2 0 4 6391 6392 6390
7080 2 2 0 4 4998 5749 5556
7081 2 2 0 4 2554 2556 2555
7082 2 2 0 4 3479 6402 6380
7083 2 2 0 4 232 7519 233
7084 2 2 0 4 5423 7743 5424
7085 2 2 0 4 5638 8453 5637
7086 2 2 0 4 6200 6201 6131
7087 2 2 0 4 2627 8253 5706
7088 2 2 0 4 6137 8634 8080
7089 2 2 0 4 7360 7374 3204
7090 2 2 0 4 5767 5769 5768
7091 2 2 0 4 6406 7343 4749
7092 2 2 0 4 7435 8639 6241
7093 2 2 0 4 3944 3947 3943
7094 2 2 0 4 4355 4684 3942
7095 2 2 0 4 3281 3640 3618
7096 2 2 0 4 2065 2074 2073
7097 2 2 0 4 2062 2076 2066
7098 2 2 0 4 4683 5785 5473
7099 2 2 0 4 3367 4470 3309
7100 2 2 0 4 3311 3312 3310
7101 2 2 0 4 3847 3848 3846
7102 2 2 0 4 3894 4646 3845
7103 2 2 0 4 3000 3001 2999
7104 2 2 0 4 2998 3781 3000
7105 2 2 0 4 3076 3080 3079
7106 2 2 0 4 5541 6169 5142
7107 2 2 0 4 3318 7344 6401
7108 2 2 0 4 6594 7345 6406
7109 2 2 0 4 3960 4560 4064
7110 2 2 0 4 2195 2273 2268
7111 2 2 0 4 2268 2269 2196
7112 2 2 0 4 2038 2039 2036
7113 2 2 0 4 3105 7442 6023
7114 2 2 0 4 3182 3183 3181
7115 2 2 0 4 3639 3652 3180
7116 2 2 0 4 5423 5424 5422
7117 2 2 0 4 4469 5606 5423
7118 2 2 0 4 5350 5577 4436
7119 2 2 0 4 5038 5780 5031
7120 2 2 0 4 5033 5034 5032
7121 2 2 0 4 1841 8020 7556
7122 2 2 0 4 3326 7801 6353
7123 2 2 0 4 7342 7345 2971
7124 2 2 0 4 6126 7511 5753
7125 2 2 0 4 6401 7344 6400
7126 2 2 0 4 5217 6397 6391
7127 2 2 0 4 2743 7377 2748
7128 2 2 0 4 5690 8694 7639
7129 2 2 0 4 2606 7860 2608
7130 2 2 0 4 160 8070 6102
7131 2 2 0 4 3383 8259 7432
7132 2 2 0 4 5552 8419 5013
7133 2 2 0 4 4945 6334 4083
7134 2 2 0 4 6406 7345 6405
7135 2 2 0 4 2731 6382 2723
7136 2 2 0 4 2719 6382 3532
7137 2 2 0 4 4958 6299 5896
7138 2 2 0 4 4402 6303 4697
7139 2 2 0 4 2579 6310 2583
7140 2 2 0 4 6340 6379 2725
7141 2 2 0 4 6759 8508 5548
7142 2 2 0 4 2725 6378 6340
7143 2 2 0 4 4745 7343 6380
7144 2 2 0 4 1980 6333 1974
7145 2 2 0 4 3902 6301 3907
7146 2 2 0 4 2952 6329 2951
7147 2 2 0 4 2612 6298 2616
7148 2 2 0 4 3067 6306 3068
7149 2 2 0 4 3912 7697 4597
7150 2 2 0 4 2123 2125 2124
7151 2 2 0 4 2122 2397 2316
7152 2 2 0 4 4080 4081 4079
7153 2 2 0 4 4399 4634 4078
7154 2 2 0 4 3100 3102 3101
7155 2 2 0 4 3343 7375 7368
7156 2 2 0 4 3192 3223 3222
7157 2 2 0 4 3815 3816 3814
7158 2 2 0 4 3813 4545 3815
7159 2 2 0 4 4090 4572 4089
7160 2 2 0 4 3115 3116 3112
7161 2 2 0 4 5585 5586 4088
7162 2 2 0 4 2507 2508 2506
7163 2 2 0 4 4923 5915 4924
7164 2 2 0 4 4714 5324 4713
7165 2 2 0 4 5188 6165 5012
7166 2 2 0 4 2240 6350 2237
7167 2 2 0 4 7757 8684 4366
7168 2 2 0 4 4745 6379 4743
7169 2 2 0 4 2669 6402 2671
7170 2 2 0 4 7360 7362 6420
7171 2 2 0 4 7368 7375 6423
7172 2 2 0 4 6851 7370 2748
7173 2 2 0 4 2468 6321 2471
7174 2 2 0 4 4749 7343 4746
7175 2 2 0 4 6054 7720 6055
7176 2 2 0 4 6060 7543 6136
7177 2 2 0 4 5966 5968 5965
7178 2 2 0 4 5970 5973 5971
7179 2 2 0 4 1939 1941 1940
7180 2 2 0 4 1952 5711 1950
7181 2 2 0 4 3624 5712 3626
7182 2 2 0 4 6420 7362 6419
7183 2 2 0 4 2748 7377 6851
7184 2 2 0 4 4743 6379 6340
7185 2 2 0 4 6378 6416 6340
7186 2 2 0 4 2070 6287 2480
7187 2 2 0 4 5902 8644 5768
7188 2 2 0 4 3572 6338 3573
7189 2 2 0 4 7355 7359 5193
7190 2 2 0 4 2243 6350 2240
7191 2 2 0 4 2374 6339 2375
7192 2 2 0 4 5947 7870 1889
7193 2 2 0 4 5898 7387 5700
7194 2 2 0 4 6380 6402 6379
7195 2 2 0 4 5321 7770 5862
7196 2 2 0 4 5024 6351 2020
7197 2 2 0 4 6380 7343 6403
7198 2 2 0 4 6595 7345 6594
7199 2 2 0 4 7367 7369 4835
7200 2 2 0 4 5193 7359 5194
7201 2 2 0 4 7801 8261 5271
7202 2 2 0 4 2486 2488 2487
7203 2 2 0 4 4745 6380 6379
7204 2 2 0 4 2580 7950 2588
7205 2 2 0 4 2237 6350 2248
7206 2 2 0 4 3071 6312 3069
7207 2 2 0 4 3932 6315 3930
7208 2 2 0 4 3330 7448 3332
7209 2 2 0 4 3771 7447 3773
7210 2 2 0 4 4982 7623 6314
7211 2 2 0 4 2370 2372 2371
7212 2 2 0 4 5927 5930 5929
7213 2 2 0 4 6942 8012 7637
7214 2 2 0 4 5972 5977 5976
7215 2 2 0 4 2671 6402 3479
7216 2 2 0 4 2725 6402 2669
7217 2 2 0 4 5319 6355 4475
7218 2 2 0 4 6403 6404 3479
7219 2 2 0 4 2114 2183 2115
7220 2 2 0 4 2101 2103 2102
7221 2 2 0 4 3332 3454 3453
7222 2 2 0 4 3277 4118 3279
7223 2 2 0 4 3173 3218 3174
7224 2 2 0 4 3773 3828 3827
7225 2 2 0 4 3661 3662 3660
7226 2 2 0 4 3659 3703 3658
7227 2 2 0 4 2187 2212 2206
7228 2 2 0 4 2203 2319 2202
7229 2 2 0 4 3575 4552 3759
7230 2 2 0 4 5103 5303 5102
7231 2 2 0 4 4549 5104 5103
7232 2 2 0 4 5485 5486 4728
7233 2 2 0 4 5459 5495 4672
7234 2 2 0 4 3019 3020 3018
7235 2 2 0 4 4605 5095 4604
7236 2 2 0 4 4328 5058 4956
7237 2 2 0 4 4057 4966 4555
7238 2 2 0 4 3787 4953 4952
7239 2 2 0 4 4907 4908 4906
7240 2 2 0 4 4931 4932 4904
7241 2 2 0 4 4949 5827 4950
7242 2 2 0 4 4606 5076 4356
7243 2 2 0 4 4481 4607 4606
7244 2 2 0 4 2353 2354 2266
7245 2 2 0 4 2352 2355 2353
7246 2 2 0 4 2067 2069 2068
7247 2 2 0 4 2068 2351 1990
7248 2 2 0 4 2369 2393 2294
7249 2 2 0 4 2314 2315 2313
7250 2 2 0 4 2253 2255 2254
7251 2 2 0 4 2175 2177 2176
7252 2 2 0 4 6392 6393 6390
7253 2 2 0 4 2556 2599 2555
7254 2 2 0 4 6356 6416 6378
7255 2 2 0 4 6200 6354 6201
7256 2 2 0 4 5769 5902 5768
7257 2 2 0 4 6851 7392 7370
7258 2 2 0 4 4128 6356 2821
7259 2 2 0 4 4057 6187 4966
7260 2 2 0 4 2001 6330 1999
7261 2 2 0 4 4355 4969 4684
7262 2 2 0 4 3944 3948 3947
7263 2 2 0 4 3640 4431 3618
7264 2 2 0 4 2076 2077 2066
7265 2 2 0 4 2074 2075 2073
7266 2 2 0 4 5785 6110 5473
7267 2 2 0 4 3311 3314 3312
7268 2 2 0 4 3847 3849 3848
7269 2 2 0 4 3001 3002 2999
7270 2 2 0 4 3076 3081 3080
7271 2 2 0 4 3080 3084 3079
7272 2 2 0 4 5824 7371 2021
7273 2 2 0 4 7558 8242 6028
7274 2 2 0 4 4560 4726 4064
7275 2 2 0 4 2269 2270 2196
7276 2 2 0 4 2039 2042 2036
7277 2 2 0 4 2038 2040 2039
7278 2 2 0 4 5038 5781 5780
7279 2 2 0 4 5033 5035 5034
7280 2 2 0 4 6403 7343 6406
7281 2 2 0 4 5956 7982 5955
7282 2 2 0 4 6420 7374 7360
7283 2 2 0 4 2673 6404 2675
7284 2 2 0 4 2020 6351 2017
7285 2 2 0 4 2125 2126 2124
7286 2 2 0 4 4080 4294 4081
7287 2 2 0 4 3223 3301 3222
7288 2 2 0 4 3816 4116 3814
7289 2 2 0 4 3815 4112 3816
7290 2 2 0 4 4090 4573 4572
7291 2 2 0 4 4572 4644 4089
7292 2 2 0 4 3115 3409 3116
7293 2 2 0 4 5585 5587 5586
7294 2 2 0 4 2507 2509 2508
7295 2 2 0 4 4923 5916 5915
7296 2 2 0 4 3479 6404 2673
7297 2 2 0 4 4714 5325 5324
7298 2 2 0 4 3012 7692 5877
7299 2 2 0 4 3183 7421 3181
7300 2 2 0 4 343 7534 3945
7301 2 2 0 4 2545 7534 342
7302 2 2 0 4 4312 6344 4662
7303 2 2 0 4 4128 6416 6356
7304 2 2 0 4 1941 1942 1940
7305 2 2 0 4 7543 7544 6136
7306 2 2 0 4 6060 7830 7543
7307 2 2 0 4 5970 5974 5973
7308 2 2 0 4 1939 2071 1941
7309 2 2 0 4 4475 6355 4091
7310 2 2 0 4 6379 6402 2725
7311 2 2 0 4 2455 6370 2454
7312 2 2 0 4 2526 6361 2522
7313 2 2 0 4 2821 6356 2663
7314 2 2 0 4 6940 7385 7384
7315 2 2 0 4 5973 6383 5971
7316 2 2 0 4 5052 6342 5051
7317 2 2 0 4 3971 6375 3970
7318 2 2 0 4 2488 2489 2487
7319 2 2 0 4 2486 5404 2488
7320 2 2 0 4 5927 6255 5930
7321 2 2 0 4 2139 6345 2138
7322 2 2 0 4 5977 5978 5976
7323 2 2 0 4 4757 6364 5806
7324 2 2 0 4 6403 6405 6404
7325 2 2 0 4 2101 2107 2103
7326 2 2 0 4 2103 2104 2102
7327 2 2 0 4 2114 2308 2183
7328 2 2 0 4 3454 3455 3453
7329 2 2 0 4 4118 5630 3279
7330 2 2 0 4 3218 3219 3174
7331 2 2 0 4 3828 3829 3827
7332 2 2 0 4 3659 3704 3703
7333 2 2 0 4 3661 3663 3662
7334 2 2 0 4 2212 2213 2206
7335 2 2 0 4 2203 2320 2319
7336 2 2 0 4 4552 4553 3759
7337 2 2 0 4 5104 5105 5103
7338 2 2 0 4 3019 3021 3020
7339 2 2 0 4 4605 5096 5095
7340 2 2 0 4 4907 4909 4908
7341 2 2 0 4 4953 4954 4952
7342 2 2 0 4 4949 7924 5827
7343 2 2 0 4 4966 4967 4555
7344 2 2 0 4 4607 5088 4606
7345 2 2 0 4 2353 2356 2354
7346 2 2 0 4 2069 2278 2068
7347 2 2 0 4 2369 2394 2393
7348 2 2 0 4 2255 2256 2254
7349 2 2 0 4 2177 2178 2176
7350 2 2 0 4 2599 5789 2555
7351 2 2 0 4 2169 6365 2005
7352 2 2 0 4 4741 6416 4130
7353 2 2 0 4 4969 5087 4684
7354 2 2 0 4 3948 4034 3947
7355 2 2 0 4 4431 5438 3618
7356 2 2 0 4 2075 2361 2073
7357 2 2 0 4 3314 3315 3312
7358 2 2 0 4 3849 3850 3848
7359 2 2 0 4 3001 3003 3002
7360 2 2 0 4 3081 3082 3080
7361 2 2 0 4 4053 7788 4049
7362 2 2 0 4 4726 4739 4064
7363 2 2 0 4 2269 2271 2270
7364 2 2 0 4 2039 2043 2042
7365 2 2 0 4 5035 5611 5034
7366 2 2 0 4 6405 7339 6404
7367 2 2 0 4 2563 6357 2566
7368 2 2 0 4 2522 6361 2518
7369 2 2 0 4 6404 7339 2675
7370 2 2 0 4 2125 2127 2126
7371 2 2 0 4 4294 4295 4081
7372 2 2 0 4 3223 3302 3301
7373 2 2 0 4 3816 4117 4116
7374 2 2 0 4 4573 4994 4572
7375 2 2 0 4 5585 6237 5587
7376 2 2 0 4 2509 2510 2508
7377 2 2 0 4 4714 5421 5325
7378 2 2 0 4 5325 5326 5324
7379 2 2 0 4 4422 6360 4612
7380 2 2 0 4 1942 5717 1940
7381 2 2 0 4 4445 6364 4757
7382 2 2 0 4 6340 6416 4741
7383 2 2 0 4 4130 6416 4128
7384 2 2 0 4 2005 6365 2003
7385 2 2 0 4 2332 6412 6411
7386 2 2 0 4 5404 5554 2488
7387 2 2 0 4 2489 2490 2487
7388 2 2 0 4 2148 6411 2145
7389 2 2 0 4 6255 6256 5930
7390 2 2 0 4 5978 5979 5976
7391 2 2 0 4 6403 6406 6405
7392 2 2 0 4 2308 2483 2183
7393 2 2 0 4 2103 2105 2104
7394 2 2 0 4 2104 2108 2102
7395 2 2 0 4 3455 3795 3453
7396 2 2 0 4 3454 3566 3455
7397 2 2 0 4 3218 3289 3219
7398 2 2 0 4 3219 3220 3174
7399 2 2 0 4 3828 3830 3829
7400 2 2 0 4 3661 3664 3663
7401 2 2 0 4 3659 3732 3704
7402 2 2 0 4 2213 2215 2206
7403 2 2 0 4 3021 3022 3020
7404 2 2 0 4 4605 5582 5096
7405 2 2 0 4 4954 5097 4952
7406 2 2 0 4 4607 5089 5088
7407 2 2 0 4 4967 4968 4555
7408 2 2 0 4 2069 2279 2278
7409 2 2 0 4 2369 6132 2394
7410 2 2 0 4 2256 2318 2254
7411 2 2 0 4 2255 2257 2256
7412 2 2 0 4 6369 6370 2455
7413 2 2 0 4 2178 2181 2176
7414 2 2 0 4 6405 7342 7339
7415 2 2 0 4 6373 6375 3971
7416 2 2 0 4 2667 6378 2725
7417 2 2 0 4 3948 4035 4034
7418 2 2 0 4 4034 4444 3947
7419 2 2 0 4 3314 3333 3315
7420 2 2 0 4 3315 3576 3312
7421 2 2 0 4 3849 3851 3850
7422 2 2 0 4 3081 3085 3082
7423 2 2 0 4 2269 2321 2271
7424 2 2 0 4 2332 6411 2148
7425 2 2 0 4 5417 6367 5655
7426 2 2 0 4 2125 2168 2127
7427 2 2 0 4 4295 4296 4081
7428 2 2 0 4 3223 3303 3302
7429 2 2 0 4 2510 2511 2508
7430 2 2 0 4 2145 6411 2143
7431 2 2 0 4 2665 6378 2667
7432 2 2 0 4 2457 6369 2455
7433 2 2 0 4 2489 2491 2490
7434 2 2 0 4 5194 6399 6398
7435 2 2 0 4 3973 6373 3971
7436 2 2 0 4 2104 2109 2108
7437 2 2 0 4 3454 3611 3566
7438 2 2 0 4 3566 3567 3455
7439 2 2 0 4 3828 5068 3830
7440 2 2 0 4 3219 3221 3220
7441 2 2 0 4 3830 3831 3829
7442 2 2 0 4 3664 3665 3663
7443 2 2 0 4 2213 2216 2215
7444 2 2 0 4 3021 3023 3022
7445 2 2 0 4 4607 5304 5089
7446 2 2 0 4 4954 5098 5097
7447 2 2 0 4 2279 2297 2278
7448 2 2 0 4 2257 2258 2256
7449 2 2 0 4 2178 2182 2181
7450 2 2 0 4 4129 6398 4539
7451 2 2 0 4 4035 4036 4034
7452 2 2 0 4 3314 3334 3333
7453 2 2 0 4 3333 3335 3315
7454 2 2 0 4 3851 3852 3850
7455 2 2 0 4 3085 3086 3082
7456 2 2 0 4 2321 2322 2271
7457 2 2 0 4 6398 6399 4539
7458 2 2 0 4 3554 6398 4129
7459 2 2 0 4 1981 6381 1984
7460 2 2 0 4 3924 5662 3929
7461 2 2 0 4 4295 4297 4296
7462 2 2 0 4 3303 3304 3302
7463 2 2 0 4 2510 2512 2511
7464 2 2 0 4 6419 7362 3343
7465 2 2 0 4 2489 2492 2491
7466 2 2 0 4 3126 6407 4103
7467 2 2 0 4 4477 6408 3977
7468 2 2 0 4 3566 3593 3567
7469 2 2 0 4 3221 3325 3220
7470 2 2 0 4 3830 3832 3831
7471 2 2 0 4 3665 3666 3663
7472 2 2 0 4 2213 2217 2216
7473 2 2 0 4 3021 3024 3023
7474 2 2 0 4 5304 6275 5089
7475 2 2 0 4 5098 5099 5097
7476 2 2 0 4 2279 2298 2297
7477 2 2 0 4 2297 2413 2278
7478 2 2 0 4 2257 2259 2258
7479 2 2 0 4 6386 6387 2462
7480 2 2 0 4 2178 2285 2182
7481 2 2 0 4 2462 6388 6369
7482 2 2 0 4 4035 4105 4036
7483 2 2 0 4 3333 3394 3335
7484 2 2 0 4 3852 3854 3850
7485 2 2 0 4 2322 2323 2271
7486 2 2 0 4 6399 6400 4539
7487 2 2 0 4 4407 6384 4418
7488 2 2 0 4 4295 4298 4297
7489 2 2 0 4 2459 6386 2462
7490 2 2 0 4 3303 3313 3304
7491 2 2 0 4 2510 2516 2512
7492 2 2 0 4 2512 2513 2511
7493 2 2 0 4 3124 6407 3126
7494 2 2 0 4 3977 6408 3975
7495 2 2 0 4 3593 3594 3567
7496 2 2 0 4 3832 3833 3831
7497 2 2 0 4 3221 3326 3325
7498 2 2 0 4 3665 3667 3666
7499 2 2 0 4 2217 2218 2216
7500 2 2 0 4 3024 3025 3023
7501 2 2 0 4 5098 5100 5099
7502 2 2 0 4 2298 2477 2297
7503 2 2 0 4 2259 2260 2258
7504 2 2 0 4 6387 6388 2462
7505 2 2 0 4 2285 2286 2182
7506 2 2 0 4 4105 4106 4036
7507 2 2 0 4 4035 4482 4105
7508 2 2 0 4 3394 3395 3335
7509 2 2 0 4 3852 3855 3854
7510 2 2 0 4 3555 6398 3554
7511 2 2 0 4 6399 6401 6400
7512 2 2 0 4 4298 4314 4297
7513 2 2 0 4 3303 5000 3313
7514 2 2 0 4 2516 2595 2512
7515 2 2 0 4 2513 2591 2511
7516 2 2 0 4 3928 6413 3927
7517 2 2 0 4 3221 4067 3326
7518 2 2 0 4 3832 3834 3833
7519 2 2 0 4 3667 3668 3666
7520 2 2 0 4 2218 2219 2216
7521 2 2 0 4 3025 3026 3023
7522 2 2 0 4 2298 2478 2477
7523 2 2 0 4 5100 5642 5099
7524 2 2 0 4 2259 2261 2260
7525 2 2 0 4 2260 2274 2258
7526 2 2 0 4 2286 2287 2182
7527 2 2 0 4 4105 4384 4106
7528 2 2 0 4 4106 4686 4036
7529 2 2 0 4 3394 3560 3395
7530 2 2 0 4 3852 3856 3855
7531 2 2 0 4 2260 7314 2275
7532 2 2 0 4 4411 7706 4409
7533 2 2 0 4 4314 4334 4297
7534 2 2 0 4 2516 5005 2595
7535 2 2 0 4 3832 4287 3834
7536 2 2 0 4 4067 4374 3326
7537 2 2 0 4 3834 3835 3833
7538 2 2 0 4 3668 3686 3666
7539 2 2 0 4 3667 3669 3668
7540 2 2 0 4 2218 2220 2219
7541 2 2 0 4 3025 3027 3026
7542 2 2 0 4 5642 5643 5099
7543 2 2 0 4 2260 2275 2274
7544 2 2 0 4 2286 2288 2287
7545 2 2 0 4 4384 4385 4106
7546 2 2 0 4 3394 3562 3560
7547 2 2 0 4 3560 3561 3395
7548 2 2 0 4 3856 3857 3855
7549 2 2 0 4 4314 4335 4334
7550 2 2 0 4 5005 5059 2595
7551 2 2 0 4 2261 7314 2260
7552 2 2 0 4 2157 6421 2151
7553 2 2 0 4 3835 3836 3833
7554 2 2 0 4 4067 4647 4374
7555 2 2 0 4 3669 3670 3668
7556 2 2 0 4 2218 2221 2220
7557 2 2 0 4 3025 3028 3027
7558 2 2 0 4 5642 5644 5643
7559 2 2 0 4 2275 2326 2274
7560 2 2 0 4 2288 2333 2287
7561 2 2 0 4 2286 2289 2288
7562 2 2 0 4 4384 4483 4385
7563 2 2 0 4 3857 3858 3855
7564 2 2 0 4 3560 3741 3561
7565 2 2 0 4 4744 6422 4747
7566 2 2 0 4 6418 6422 4742
7567 2 2 0 4 4314 5146 4335
7568 2 2 0 4 4335 4391 4334
7569 2 2 0 4 5059 5492 2595
7570 2 2 0 4 4742 6422 4744
7571 2 2 0 4 2151 6421 2149
7572 2 2 0 4 6422 6423 4747
7573 2 2 0 4 3979 6417 4477
7574 2 2 0 4 4335 7308 4392
7575 2 2 0 4 4277 6418 4742
7576 2 2 0 4 3835 3837 3836
7577 2 2 0 4 4067 5435 4647
7578 2 2 0 4 3669 3671 3670
7579 2 2 0 4 2221 2222 2220
7580 2 2 0 4 3028 3029 3027
7581 2 2 0 4 5644 5645 5643
7582 2 2 0 4 2275 2327 2326
7583 2 2 0 4 2288 2334 2333
7584 2 2 0 4 4384 4964 4483
7585 2 2 0 4 4483 4484 4385
7586 2 2 0 4 3741 3742 3561
7587 2 2 0 4 3857 3859 3858
7588 2 2 0 4 4335 4392 4391
7589 2 2 0 4 4391 5025 4334
7590 2 2 0 4 5059 5493 5492
7591 2 2 0 4 4063 6424 3983
7592 2 2 0 4 3835 3916 3837
7593 2 2 0 4 3837 3838 3836
7594 2 2 0 4 3671 3672 3670
7595 2 2 0 4 2275 2328 2327
7596 2 2 0 4 3029 3030 3027
7597 2 2 0 4 2222 2223 2220
7598 2 2 0 4 4484 4733 4385
7599 2 2 0 4 4483 4709 4484
7600 2 2 0 4 3741 5163 3742
7601 2 2 0 4 3857 3860 3859
7602 2 2 0 4 5146 7308 4335
7603 2 2 0 4 4392 4984 4391
7604 2 2 0 4 5493 5932 5492
7605 2 2 0 4 6423 7305 4747
7606 2 2 0 4 3983 6424 3981
7607 2 2 0 4 3837 3839 3838
7608 2 2 0 4 3671 3673 3672
7609 2 2 0 4 2328 2329 2327
7610 2 2 0 4 3029 3031 3030
7611 2 2 0 4 3672 4321 3670
7612 2 2 0 4 2222 2224 2223
7613 2 2 0 4 3741 5164 5163
7614 2 2 0 4 4709 4710 4484
7615 2 2 0 4 3860 3861 3859
7616 2 2 0 4 4392 4985 4984
7617 2 2 0 4 5493 5933 5932
7618 2 2 0 4 2222 2225 2224
7619 2 2 0 4 3839 3840 3838
7620 2 2 0 4 3029 3032 3031
7621 2 2 0 4 3673 3674 3672
7622 2 2 0 4 2328 3195 2329
7623 2 2 0 4 4709 5384 4710
7624 2 2 0 4 3861 3862 3859
7625 2 2 0 4 5164 5578 5163
7626 2 2 0 4 4392 4986 4985
7627 2 2 0 4 5493 5934 5933
7628 2 2 0 4 2153 6425 2157
7629 2 2 0 4 2225 2226 2224
7630 2 2 0 4 3673 3675 3674
7631 2 2 0 4 2328 4916 3195
7632 2 2 0 4 3839 3841 3840
7633 2 2 0 4 3032 3033 3031
7634 2 2 0 4 2683 6429 2678
7635 2 2 0 4 5384 5385 4710
7636 2 2 0 4 3861 3863 3862
7637 2 2 0 4 4986 4987 4985
7638 2 2 0 4 2678 6429 2676
7639 2 2 0 4 4417 6426 4414
7640 2 2 0 4 6485 6548 4716
7641 2 2 0 4 6484 6548 6485
7642 2 2 0 4 3641 6548 6484
7643 2 2 0 4 3641 6484 6430
7644 2 2 0 4 6430 6666 3641
7645 2 2 0 4 2226 2229 2224
7646 2 2 0 4 6431 6666 6430
7647 2 2 0 4 4716 6549 6485
7648 2 2 0 4 3402 6666 6431
7649 2 2 0 4 3839 3914 3841
7650 2 2 0 4 3675 3676 3674
7651 2 2 0 4 3032 3034 3033
7652 2 2 0 4 6667 6986 4758
7653 2 2 0 4 4758 7280 6667
7654 2 2 0 4 3863 3864 3862
7655 2 2 0 4 5385 5386 4710
7656 2 2 0 4 3861 3888 3863
7657 2 2 0 4 4759 6438 4760
7658 2 2 0 4 4760 6438 6432
7659 2 2 0 4 6431 6667 3402
7660 2 2 0 4 6431 6986 6667
7661 2 2 0 4 3608 7015 4114
7662 2 2 0 4 5197 7014 6438
7663 2 2 0 4 7015 7279 4426
7664 2 2 0 4 5197 6438 4759
7665 2 2 0 4 4987 4988 4985
7666 2 2 0 4 4986 5602 4987
7667 2 2 0 4 6432 6441 4760
7668 2 2 0 4 2834 6446 6433
7669 2 2 0 4 2811 6444 2758
7670 2 2 0 4 5197 7015 7014
7671 2 2 0 4 2758 7275 2749
7672 2 2 0 4 6444 7275 2758
7673 2 2 0 4 7279 7280 4758
7674 2 2 0 4 6433 6444 2834
7675 2 2 0 4 6644 6796 2750
7676 2 2 0 4 4426 7279 4758
7677 2 2 0 4 6441 6446 5223
7678 2 2 0 4 2834 6444 2811
7679 2 2 0 4 2834 6939 6446
7680 2 2 0 4 4114 7015 4426
7681 2 2 0 4 7014 7015 3608
7682 2 2 0 4 4760 6441 5223
7683 2 2 0 4 2735 6443 2728
7684 2 2 0 4 3676 3707 3674
7685 2 2 0 4 4763 6446 6441
7686 2 2 0 4 2735 7195 6443
7687 2 2 0 4 4716 6550 6549
7688 2 2 0 4 2744 7195 2735
7689 2 2 0 4 6446 6939 5223
7690 2 2 0 4 3034 3035 3033
7691 2 2 0 4 3675 3677 3676
7692 2 2 0 4 5507 6550 4715
7693 2 2 0 4 6433 6446 4763
7694 2 2 0 4 6796 7195 2750
7695 2 2 0 4 6439 6457 2972
7696 2 2 0 4 3863 3865 3864
7697 2 2 0 4 6441 6799 4763
7698 2 2 0 4 2972 6442 6439
7699 2 2 0 4 6432 6799 6441
7700 2 2 0 4 2749 7275 2750
7701 2 2 0 4 5385 5387 5386
7702 2 2 0 4 2728 6443 2972
7703 2 2 0 4 4715 6550 4716
7704 2 2 0 4 5267 7284 4434
7705 2 2 0 4 2972 6457 2721
7706 2 2 0 4 2226 2230 2229
7707 2 2 0 4 4986 5603 5602
7708 2 2 0 4 5385 5388 5387
7709 2 2 0 4 4838 6454 6452
7710 2 2 0 4 2721 6457 2682
7711 2 2 0 4 2750 7275 6644
7712 2 2 0 4 4987 4989 4988
7713 2 2 0 4 6445 7284 5267
7714 2 2 0 4 6667 7277 3402
7715 2 2 0 4 2750 7195 2744
7716 2 2 0 4 5197 7279 7015
7717 2 2 0 4 6464 7255 5250
7718 2 2 0 4 2233 2398 2277
7719 2 2 0 4 3144 6435 3482
7720 2 2 0 4 2972 6443 6442
7721 2 2 0 4 2682 7266 2679
7722 2 2 0 4 5268 7286 5267
7723 2 2 0 4 5388 5389 5387
7724 2 2 0 4 6449 6470 3760
7725 2 2 0 4 6457 7266 2682
7726 2 2 0 4 5200 7262 7018
7727 2 2 0 4 6460 7112 6462
7728 2 2 0 4 4836 7138 7025
7729 2 2 0 4 5268 7288 7286
7730 2 2 0 4 6452 7138 4838
7731 2 2 0 4 2230 2233 2229
7732 2 2 0 4 6801 7261 4947
7733 2 2 0 4 7287 7289 5270
7734 2 2 0 4 5171 6800 6679
7735 2 2 0 4 6550 6551 6549
7736 2 2 0 4 6690 7157 6689
7737 2 2 0 4 3760 6470 3509
7738 2 2 0 4 7288 7291 6823
7739 2 2 0 4 3492 7157 6690
7740 2 2 0 4 3533 7255 6464
7741 2 2 0 4 6783 6837 4829
7742 2 2 0 4 3675 3706 3677
7743 2 2 0 4 6451 6837 6783
7744 2 2 0 4 3402 7277 3291
7745 2 2 0 4 3509 6470 3511
7746 2 2 0 4 2233 7046 2398
7747 2 2 0 4 4851 7019 6465
7748 2 2 0 4 3695 3701 3693
7749 2 2 0 4 3823 3824 3700
7750 2 2 0 4 3034 3036 3035
7751 2 2 0 4 3865 3866 3864
7752 2 2 0 4 4678 7112 6460
7753 2 2 0 4 6451 6783 2740
7754 2 2 0 4 6465 7019 4764
7755 2 2 0 4 6679 6800 5200
7756 2 2 0 4 4006 6450 4004
7757 2 2 0 4 4010 4011 4008
7758 2 2 0 4 3760 7138 6449
7759 2 2 0 4 3150 6469 3156
7760 2 2 0 4 6470 6528 3511
7761 2 2 0 4 4678 6460 6458
7762 2 2 0 4 3986 6437 3985
7763 2 2 0 4 4011 6513 4008
7764 2 2 0 4 3681 6477 3687
7765 2 2 0 4 3692 3693 3691
7766 2 2 0 4 4657 4707 4622
7767 2 2 0 4 6458 6514 4678
7768 2 2 0 4 3511 6528 6519
7769 2 2 0 4 2740 6945 6451
7770 2 2 0 4 4764 7019 6463
7771 2 2 0 4 6463 6467 4764
7772 2 2 0 4 3992 3994 3993
7773 2 2 0 4 6535 6536 6530
7774 2 2 0 4 6442 7276 7012
7775 2 2 0 4 5389 5390 5387
7776 2 2 0 4 6466 7198 6465
7777 2 2 0 4 5388 7271 5389
7778 2 2 0 4 3683 6477 3681
7779 2 2 0 4 3691 3702 3689
7780 2 2 0 4 3701 7675 6981
7781 2 2 0 4 6472 7245 7243
7782 2 2 0 4 3534 6887 6842
7783 2 2 0 4 5201 6514 6458
7784 2 2 0 4 3696 3697 3695
7785 2 2 0 4 3695 6480 3701
7786 2 2 0 4 7025 7138 3760
7787 2 2 0 4 6449 7138 6452
7788 2 2 0 4 6690 7102 3492
7789 2 2 0 4 6509 6887 3534
7790 2 2 0 4 6800 7262 5200
7791 2 2 0 4 2740 7102 6945
7792 2 2 0 4 4480 6926 6517
7793 2 2 0 4 6694 7200 6723
7794 2 2 0 4 6630 7026 5226
7795 2 2 0 4 4838 7138 4836
7796 2 2 0 4 6945 7102 6690
7797 2 2 0 4 3148 3150 3149
7798 2 2 0 4 3150 3154 3153
7799 2 2 0 4 4490 6737 6478
7800 2 2 0 4 4772 6467 6463
7801 2 2 0 4 3865 3867 3866
7802 2 2 0 4 4965 7261 6801
7803 2 2 0 4 2766 7047 2764
7804 2 2 0 4 3599 6496 3598
7805 2 2 0 4 5203 6514 5201
7806 2 2 0 4 6478 6737 6467
7807 2 2 0 4 6465 7198 4851
7808 2 2 0 4 7195 7276 6443
7809 2 2 0 4 6533 7160 7120
7810 2 2 0 4 6464 7246 3533
7811 2 2 0 4 6554 7047 2766
7812 2 2 0 4 4822 7217 6990
7813 2 2 0 4 6651 7159 6547
7814 2 2 0 4 7219 7260 4889
7815 2 2 0 4 6718 7230 7193
7816 2 2 0 4 4234 6985 6584
7817 2 2 0 4 3511 6519 3512
7818 2 2 0 4 6496 7226 7037
7819 2 2 0 4 3988 3990 3989
7820 2 2 0 4 3994 3996 3995
7821 2 2 0 4 4004 6450 4021
7822 2 2 0 4 4571 6571 5283
7823 2 2 0 4 6689 7157 4881
7824 2 2 0 4 6478 6479 4490
7825 2 2 0 4 6796 7276 7195
7826 2 2 0 4 6956 7198 6466
7827 2 2 0 4 7252 7259 6672
7828 2 2 0 4 4220 6601 4218
7829 2 2 0 4 4772 6478 6467
7830 2 2 0 4 4899 7259 7252
7831 2 2 0 4 6515 6822 4480
7832 2 2 0 4 6512 7042 5253
7833 2 2 0 4 6518 6519 5294
7834 2 2 0 4 3148 6469 3150
7835 2 2 0 4 4519 6724 4872
7836 2 2 0 4 2768 6554 2766
7837 2 2 0 4 6820 7250 6819
7838 2 2 0 4 3516 6518 6482
7839 2 2 0 4 6547 7159 7104
7840 2 2 0 4 6482 6671 3516
7841 2 2 0 4 5256 7130 7111
7842 2 2 0 4 3875 6489 3877
7843 2 2 0 4 4480 6517 6515
7844 2 2 0 4 4234 6584 6582
7845 2 2 0 4 3592 7121 7052
7846 2 2 0 4 6443 7276 6442
7847 2 2 0 4 6502 6504 2841
7848 2 2 0 4 3867 3868 3866
7849 2 2 0 4 7175 7204 2788
7850 2 2 0 4 7177 7191 6734
7851 2 2 0 4 4872 6724 6723
7852 2 2 0 4 6511 6973 3796
7853 2 2 0 4 5162 7038 6483
7854 2 2 0 4 5253 6973 6512
7855 2 2 0 4 6842 6887 4822
7856 2 2 0 4 5250 7255 6837
7857 2 2 0 4 6488 6826 4494
7858 2 2 0 4 7035 7251 4269
7859 2 2 0 4 4881 7157 6803
7860 2 2 0 4 4157 6592 6590
7861 2 2 0 4 4157 6849 6592
7862 2 2 0 4 6479 6917 6602
7863 2 2 0 4 5236 7209 6901
7864 2 2 0 4 6582 6993 4234
7865 2 2 0 4 6555 7136 5220
7866 2 2 0 4 4770 6518 5294
7867 2 2 0 4 6891 7133 7129
7868 2 2 0 4 7211 7214 7030
7869 2 2 0 4 2841 6554 2768
7870 2 2 0 4 3533 7246 2825
7871 2 2 0 4 3697 6480 3695
7872 2 2 0 4 5077 6688 6687
7873 2 2 0 4 6591 6848 6590
7874 2 2 0 4 6502 7086 5209
7875 2 2 0 4 4732 7026 6630
7876 2 2 0 4 5249 7137 7101
7877 2 2 0 4 2963 6580 2939
7878 2 2 0 4 3558 6556 6491
7879 2 2 0 4 6691 6848 6591
7880 2 2 0 4 6590 6848 4157
7881 2 2 0 4 4716 6548 4331
7882 2 2 0 4 7136 7162 5220
7883 2 2 0 4 6782 6827 6591
7884 2 2 0 4 3820 6493 6486
7885 2 2 0 4 4550 6929 6664
7886 2 2 0 4 4821 6822 6515
7887 2 2 0 4 5211 7133 6891
7888 2 2 0 4 4490 6601 4220
7889 2 2 0 4 6562 6629 4601
7890 2 2 0 4 4806 6883 6728
7891 2 2 0 4 6512 6973 6511
7892 2 2 0 4 6471 7238 5235
7893 2 2 0 4 7000 7001 4979
7894 2 2 0 4 5203 7107 6514
7895 2 2 0 4 4280 6529 5026
7896 2 2 0 4 3534 7047 6509
7897 2 2 0 4 6589 6683 2713
7898 2 2 0 4 3568 6686 3569
7899 2 2 0 4 6591 6827 6691
7900 2 2 0 4 6511 7107 5203
7901 2 2 0 4 2912 7223 7162
7902 2 2 0 4 2713 6827 6782
7903 2 2 0 4 6519 6528 5294
7904 2 2 0 4 5160 7159 6651
7905 2 2 0 4 6579 6582 6581
7906 2 2 0 4 4910 7289 7287
7907 2 2 0 4 6579 6993 6582
7908 2 2 0 4 7037 7226 5518
7909 2 2 0 4 6578 6580 2963
7910 2 2 0 4 6660 7180 7178
7911 2 2 0 4 2841 7086 6502
7912 2 2 0 4 4787 6937 6563
7913 2 2 0 4 4864 7169 6555
7914 2 2 0 4 4569 7073 4765
7915 2 2 0 4 7135 7225 6531
7916 2 2 0 4 7246 7270 6648
7917 2 2 0 4 5429 6675 6674
7918 2 2 0 4 6530 6536 6529
7919 2 2 0 4 6593 6683 6589
7920 2 2 0 4 4882 7220 7193
7921 2 2 0 4 4159 6552 4161
7922 2 2 0 4 4338 6560 5208
7923 2 2 0 4 3512 6519 3516
7924 2 2 0 4 4776 6552 4159
7925 2 2 0 4 2939 6580 2938
7926 2 2 0 4 6471 7245 6472
7927 2 2 0 4 5206 6721 6646
7928 2 2 0 4 3867 6673 3887
7929 2 2 0 4 3869 3870 3868
7930 2 2 0 4 3871 3872 3870
7931 2 2 0 4 3873 3874 3872
7932 2 2 0 4 3875 3876 3874
7933 2 2 0 4 3877 3879 3876
7934 2 2 0 4 3880 3881 3879
7935 2 2 0 4 3882 3883 3881
7936 2 2 0 4 6504 6554 2841
7937 2 2 0 4 6479 6601 4490
7938 2 2 0 4 2713 6782 6589
7939 2 2 0 4 2729 6638 2730
7940 2 2 0 4 2774 6573 2772
7941 2 2 0 4 6492 6552 4776
7942 2 2 0 4 4776 6553 6492
7943 2 2 0 4 6605 6618 6608
7944 2 2 0 4 4303 6686 3568
7945 2 2 0 4 4768 6518 4770
7946 2 2 0 4 4540 6714 3650
7947 2 2 0 4 6579 6581 6580
7948 2 2 0 4 3036 3037 3035
7949 2 2 0 4 2724 6828 6599
7950 2 2 0 4 6552 6569 4161
7951 2 2 0 4 4209 7020 6687
7952 2 2 0 4 6618 7204 7175
7953 2 2 0 4 6542 6585 2983
7954 2 2 0 4 3541 6683 6593
7955 2 2 0 4 3766 7023 4509
7956 2 2 0 4 4098 6571 4571
7957 2 2 0 4 6490 6620 4805
7958 2 2 0 4 3494 6790 6619
7959 2 2 0 4 3516 6519 6518
7960 2 2 0 4 4331 6548 3605
7961 2 2 0 4 4218 6601 4491
7962 2 2 0 4 7111 7130 4779
7963 2 2 0 4 6960 7039 5212
7964 2 2 0 4 2963 6585 6578
7965 2 2 0 4 4381 6490 4805
7966 2 2 0 4 6664 6929 4777
7967 2 2 0 4 4862 7220 4882
7968 2 2 0 4 3150 3153 3149
7969 2 2 0 4 3154 3155 3153
7970 2 2 0 4 6559 7001 7000
7971 2 2 0 4 4204 7020 4202
7972 2 2 0 4 2729 6639 6638
7973 2 2 0 4 4877 7185 7172
7974 2 2 0 4 2764 7047 3534
7975 2 2 0 4 4171 6997 4170
7976 2 2 0 4 4601 6629 5551
7977 2 2 0 4 3796 7107 6511
7978 2 2 0 4 5261 7235 4856
7979 2 2 0 4 5211 6891 6890
7980 2 2 0 4 6646 6826 5206
7981 2 2 0 4 3034 3059 3036
7982 2 2 0 4 5429 6674 4654
7983 2 2 0 4 7011 7092 4254
7984 2 2 0 4 4309 6975 4308
7985 2 2 0 4 4976 7171 4310
7986 2 2 0 4 2729 6656 6639
7987 2 2 0 4 4172 6936 6736
7988 2 2 0 4 6529 6536 5026
7989 2 2 0 4 6890 6976 5210
7990 2 2 0 4 6599 6600 2724
7991 2 2 0 4 3359 6655 3458
7992 2 2 0 4 3792 6529 4280
7993 2 2 0 4 6474 6475 4809
7994 2 2 0 4 6824 6886 5222
7995 2 2 0 4 2233 2277 2276
7996 2 2 0 4 3539 7250 6820
7997 2 2 0 4 5113 6986 6431
7998 2 2 0 4 7129 7133 6602
7999 2 2 0 4 6520 6960 5212
8000 2 2 0 4 2983 6585 2964
8001 2 2 0 4 4494 6826 4493
8002 2 2 0 4 6887 7217 4822
8003 2 2 0 4 5247 6962 6961
8004 2 2 0 4 6736 6936 6790
8005 2 2 0 4 6537 6538 4700
8006 2 2 0 4 3442 6547 3446
8007 2 2 0 4 2874 6976 6890
8008 2 2 0 4 6803 7219 4881
8009 2 2 0 4 4771 6973 5253
8010 2 2 0 4 3871 3873 3872
8011 2 2 0 4 3873 3875 3874
8012 2 2 0 4 3886 6489 3875
8013 2 2 0 4 3877 3880 3879
8014 2 2 0 4 4803 7166 5251
8015 2 2 0 4 6694 6723 4855
8016 2 2 0 4 2943 6573 2774
8017 2 2 0 4 3598 6496 3820
8018 2 2 0 4 4201 6797 4197
8019 2 2 0 4 4577 7005 4268
8020 2 2 0 4 5082 7058 4561
8021 2 2 0 4 6562 6968 4792
8022 2 2 0 4 3438 7156 3441
8023 2 2 0 4 4540 6715 6714
8024 2 2 0 4 6619 6790 5215
8025 2 2 0 4 3558 6650 3416
8026 2 2 0 4 6593 6935 3541
8027 2 2 0 4 7148 7156 3483
8028 2 2 0 4 3724 6908 3715
8029 2 2 0 4 6574 7004 6575
8030 2 2 0 4 6522 6567 4613
8031 2 2 0 4 5206 6826 5205
8032 2 2 0 4 6484 6485 5726
8033 2 2 0 4 6497 6498 5227
8034 2 2 0 4 3357 6951 3366
8035 2 2 0 4 4205 7203 4519
8036 2 2 0 4 4209 6687 4718
8037 2 2 0 4 4550 6664 5453
8038 2 2 0 4 7052 7121 5241
8039 2 2 0 4 6900 7158 7080
8040 2 2 0 4 6483 7038 6975
8041 2 2 0 4 2736 6638 6637
8042 2 2 0 4 6600 6656 2724
8043 2 2 0 4 2964 6585 2963
8044 2 2 0 4 3038 3546 3040
8045 2 2 0 4 3805 6696 4576
8046 2 2 0 4 5209 7086 6573
8047 2 2 0 4 4495 7062 6735
8048 2 2 0 4 4776 7049 6553
8049 2 2 0 4 5226 7026 6566
8050 2 2 0 4 6828 6935 6599
8051 2 2 0 4 7237 7238 4972
8052 2 2 0 4 6560 6569 5208
8053 2 2 0 4 7101 7137 4853
8054 2 2 0 4 7178 7180 6919
8055 2 2 0 4 2937 6575 3255
8056 2 2 0 4 3820 6496 6493
8057 2 2 0 4 4654 6674 4125
8058 2 2 0 4 5114 6484 5726
8059 2 2 0 4 6615 6617 6606
8060 2 2 0 4 7002 7176 5251
8061 2 2 0 4 6547 7104 3446
8062 2 2 0 4 3489 6810 6663
8063 2 2 0 4 3578 6833 3580
8064 2 2 0 4 5294 6528 5295
8065 2 2 0 4 6720 7010 4191
8066 2 2 0 4 4762 6796 6795
8067 2 2 0 4 4844 6555 5220
8068 2 2 0 4 6479 6602 6601
8069 2 2 0 4 6723 7200 4872
8070 2 2 0 4 6705 7090 6609
8071 2 2 0 4 3804 6696 3805
8072 2 2 0 4 4777 6929 4313
8073 2 2 0 4 4794 6629 6562
8074 2 2 0 4 5295 6528 5530
8075 2 2 0 4 6533 7120 6534
8076 2 2 0 4 6563 6937 4115
8077 2 2 0 4 4610 6497 5227
8078 2 2 0 4 5530 6528 6470
8079 2 2 0 4 6908 7147 7050
8080 2 2 0 4 4308 6975 4428
8081 2 2 0 4 5239 7085 6483
8082 2 2 0 4 6721 6914 6646
8083 2 2 0 4 6575 7004 3255
8084 2 2 0 4 6565 6572 4786
8085 2 2 0 4 2730 6638 2736
8086 2 2 0 4 6520 7068 3317
8087 2 2 0 4 3636 6652 6641
8088 2 2 0 4 4170 6565 4786
8089 2 2 0 4 4170 6997 6565
8090 2 2 0 4 4806 6728 4225
8091 2 2 0 4 6740 6844 4503
8092 2 2 0 4 5211 6890 5210
8093 2 2 0 4 6615 6661 6611
8094 2 2 0 4 6900 7010 6720
8095 2 2 0 4 5256 7111 4992
8096 2 2 0 4 2907 7176 7002
8097 2 2 0 4 3376 6906 3378
8098 2 2 0 4 4281 7137 5249
8099 2 2 0 4 4540 6716 6715
8100 2 2 0 4 4787 6563 4848
8101 2 2 0 4 5315 6722 4842
8102 2 2 0 4 6935 6974 4800
8103 2 2 0 4 4844 5220 4845
8104 2 2 0 4 6609 7100 6705
8105 2 2 0 4 3287 6575 2937
8106 2 2 0 4 3763 7073 4569
8107 2 2 0 4 3780 6968 6562
8108 2 2 0 4 6849 7105 6592
8109 2 2 0 4 6606 6661 6615
8110 2 2 0 4 4786 7031 6845
8111 2 2 0 4 191 6777 1849
8112 2 2 0 4 3043 3044 3042
8113 2 2 0 4 4849 6787 6786
8114 2 2 0 4 6483 7085 5162
8115 2 2 0 4 5251 7166 7002
8116 2 2 0 4 6637 6805 2736
8117 2 2 0 4 6561 6573 2943
8118 2 2 0 4 2943 6576 6561
8119 2 2 0 4 3050 3054 3051
8120 2 2 0 4 3821 6833 3578
8121 2 2 0 4 4161 6569 4163
8122 2 2 0 4 4212 6699 5211
8123 2 2 0 4 6609 7090 6607
8124 2 2 0 4 6656 6977 6639
8125 2 2 0 4 6734 6735 6733
8126 2 2 0 4 3592 7052 3825
8127 2 2 0 4 4207 7020 4204
8128 2 2 0 4 4430 6921 4340
8129 2 2 0 4 4489 6800 5171
8130 2 2 0 4 6735 7062 6736
8131 2 2 0 4 6584 7191 7177
8132 2 2 0 4 6593 6974 6935
8133 2 2 0 4 3415 6885 3323
8134 2 2 0 4 3413 6556 3414
8135 2 2 0 4 6733 6790 3494
8136 2 2 0 4 4938 7005 4577
8137 2 2 0 4 6228 6664 4777
8138 2 2 0 4 6606 6618 6605
8139 2 2 0 4 6563 7000 4979
8140 2 2 0 4 6564 6792 5219
8141 2 2 0 4 6570 6973 4771
8142 2 2 0 4 6543 6545 4804
8143 2 2 0 4 37 7043 6856
8144 2 2 0 4 7068 7105 3317
8145 2 2 0 4 3428 6813 3426
8146 2 2 0 4 3541 6935 6828
8147 2 2 0 4 4235 6812 5230
8148 2 2 0 4 5213 6670 6627
8149 2 2 0 4 6739 6844 6740
8150 2 2 0 4 7244 7248 6798
8151 2 2 0 4 5226 6566 4266
8152 2 2 0 4 4809 6883 4806
8153 2 2 0 4 3715 4507 3714
8154 2 2 0 4 4239 6537 4700
8155 2 2 0 4 5548 6526 4869
8156 2 2 0 4 5235 7245 6471
8157 2 2 0 4 7110 7167 6703
8158 2 2 0 4 2537 2538 2536
8159 2 2 0 4 2542 2544 2543
8160 2 2 0 4 2916 6948 2888
8161 2 2 0 4 4849 6957 6787
8162 2 2 0 4 4893 6945 4892
8163 2 2 0 4 3800 7023 3766
8164 2 2 0 4 2800 6892 2802
8165 2 2 0 4 3458 6655 3599
8166 2 2 0 4 6663 6905 3489
8167 2 2 0 4 4340 6921 4339
8168 2 2 0 4 6491 6556 4780
8169 2 2 0 4 7042 7150 5253
8170 2 2 0 4 3517 3521 3519
8171 2 2 0 4 6917 7129 6602
8172 2 2 0 4 2790 6685 2780
8173 2 2 0 4 4807 6474 4809
8174 2 2 0 4 7018 7262 6466
8175 2 2 0 4 6845 7031 6564
8176 2 2 0 4 6892 6976 2874
8177 2 2 0 4 3359 3361 3273
8178 2 2 0 4 3780 6562 4601
8179 2 2 0 4 7120 7160 4322
8180 2 2 0 4 4839 6954 6917
8181 2 2 0 4 7028 7045 6636
8182 2 2 0 4 6795 6796 6644
8183 2 2 0 4 2833 6791 2831
8184 2 2 0 4 2985 6662 4508
8185 2 2 0 4 4208 4340 4339
8186 2 2 0 4 4489 5171 5170
8187 2 2 0 4 4769 7146 4766
8188 2 2 0 4 5206 6950 6721
8189 2 2 0 4 3260 7033 6620
8190 2 2 0 4 4843 7048 3714
8191 2 2 0 4 4098 4570 4377
8192 2 2 0 4 7093 7115 6626
8193 2 2 0 4 7008 7069 3353
8194 2 2 0 4 4532 6746 4528
8195 2 2 0 4 5281 6102 5632
8196 2 2 0 4 6646 6914 6645
8197 2 2 0 4 5205 6826 6488
8198 2 2 0 4 6669 6892 2800
8199 2 2 0 4 3416 6650 3418
8200 2 2 0 4 3737 6811 3587
8201 2 2 0 4 4133 6643 4132
8202 2 2 0 4 4232 6572 4781
8203 2 2 0 4 4528 6746 4527
8204 2 2 0 4 6521 6522 4613
8205 2 2 0 4 4795 6526 4796
8206 2 2 0 4 5208 6569 6552
8207 2 2 0 4 2983 6785 6542
8208 2 2 0 4 6815 6832 3248
8209 2 2 0 4 4266 6566 3476
8210 2 2 0 4 3650 6714 3765
8211 2 2 0 4 4261 7017 4522
8212 2 2 0 4 7023 7064 4509
8213 2 2 0 4 6459 7143 7141
8214 2 2 0 4 6574 7042 6512
8215 2 2 0 4 3762 7096 3519
8216 2 2 0 4 3549 6727 3582
8217 2 2 0 4 5198 7012 4260
8218 2 2 0 4 6580 6581 2938
8219 2 2 0 4 3150 3156 3154
8220 2 2 0 4 3253 6628 3215
8221 2 2 0 4 3378 6906 3636
8222 2 2 0 4 4221 4222 4220
8223 2 2 0 4 4432 6621 4734
8224 2 2 0 4 4571 5282 5281
8225 2 2 0 4 6598 6599 4800
8226 2 2 0 4 7050 7147 4846
8227 2 2 0 4 6810 6811 6663
8228 2 2 0 4 6732 6734 6733
8229 2 2 0 4 4895 5548 4869
8230 2 2 0 4 7182 7216 7126
8231 2 2 0 4 2965 6624 2885
8232 2 2 0 4 2965 6726 6626
8233 2 2 0 4 3252 6738 3372
8234 2 2 0 4 3516 6671 3514
8235 2 2 0 4 3651 6807 3581
8236 2 2 0 4 4509 6807 3651
8237 2 2 0 4 6486 6571 3820
8238 2 2 0 4 6966 7150 7042
8239 2 2 0 4 3046 3047 3045
8240 2 2 0 4 3641 6666 3551
8241 2 2 0 4 4514 6933 3713
8242 2 2 0 4 3715 6908 4507
8243 2 2 0 4 6785 6903 5214
8244 2 2 0 4 7066 7149 5257
8245 2 2 0 4 6532 6535 6530
8246 2 2 0 4 3366 6951 3480
8247 2 2 0 4 3492 7102 2694
8248 2 2 0 4 2896 6784 2932
8249 2 2 0 4 2932 6784 4244
8250 2 2 0 4 3214 6738 3252
8251 2 2 0 4 3238 7248 7244
8252 2 2 0 4 3587 6811 3407
8253 2 2 0 4 3488 6817 3712
8254 2 2 0 4 3512 3516 3514
8255 2 2 0 4 4492 5201 3557
8256 2 2 0 4 6604 6605 3723
8257 2 2 0 4 4313 6929 3736
8258 2 2 0 4 4084 6745 4785
8259 2 2 0 4 4152 6670 5213
8260 2 2 0 4 4245 7076 6843
8261 2 2 0 4 6901 7209 4627
8262 2 2 0 4 4868 4869 4795
8263 2 2 0 4 5074 6641 6640
8264 2 2 0 4 6965 7021 5231
8265 2 2 0 4 5231 7063 6965
8266 2 2 0 4 6641 6652 6640
8267 2 2 0 4 7065 7076 6818
8268 2 2 0 4 3482 6469 3148
8269 2 2 0 4 4113 6557 4115
8270 2 2 0 4 4833 7065 6920
8271 2 2 0 4 7188 7199 4859
8272 2 2 0 4 5221 6913 6831
8273 2 2 0 4 6228 6665 6664
8274 2 2 0 4 3240 6831 3237
8275 2 2 0 4 4124 7103 4970
8276 2 2 0 4 4519 7203 6724
8277 2 2 0 4 5230 6812 6668
8278 2 2 0 4 6522 6568 6567
8279 2 2 0 4 3551 6666 3401
8280 2 2 0 4 3472 6937 4787
8281 2 2 0 4 6736 7062 4172
8282 2 2 0 4 5550 7006 4478
8283 2 2 0 4 4568 6567 5467
8284 2 2 0 4 6498 6500 5227
8285 2 2 0 4 3154 3160 3155
8286 2 2 0 4 3713 6933 3542
8287 2 2 0 4 4678 6514 4300
8288 2 2 0 4 4529 7117 4850
8289 2 2 0 4 2724 6656 2722
8290 2 2 0 4 2777 6922 2779
8291 2 2 0 4 2790 6888 6685
8292 2 2 0 4 2978 7149 7066
8293 2 2 0 4 3345 6570 4771
8294 2 2 0 4 4217 4218 4216
8295 2 2 0 4 4219 4220 4218
8296 2 2 0 4 4221 6789 4278
8297 2 2 0 4 5158 5159 4682
8298 2 2 0 4 4811 6653 5792
8299 2 2 0 4 4852 7123 7082
8300 2 2 0 4 5065 6153 6152
8301 2 2 0 4 5227 6630 5226
8302 2 2 0 4 6600 6977 6656
8303 2 2 0 4 6730 7003 6654
8304 2 2 0 4 6894 6896 6895
8305 2 2 0 4 6917 6954 2898
8306 2 2 0 4 7165 7227 3066
8307 2 2 0 4 4219 6789 4221
8308 2 2 0 4 4222 6737 4490
8309 2 2 0 4 4720 4976 4310
8310 2 2 0 4 4613 6567 4568
8311 2 2 0 4 6475 6476 4809
8312 2 2 0 4 6542 6785 5214
8313 2 2 0 4 4842 6722 4301
8314 2 2 0 4 7252 7253 7036
8315 2 2 0 4 16 6852 15
8316 2 2 0 4 20 6854 19
8317 2 2 0 4 40 6859 39
8318 2 2 0 4 43 6860 42
8319 2 2 0 4 54 6864 53
8320 2 2 0 4 56 6865 55
8321 2 2 0 4 69 6867 68
8322 2 2 0 4 74 6868 73
8323 2 2 0 4 79 6870 78
8324 2 2 0 4 82 6871 81
8325 2 2 0 4 84 6872 83
8326 2 2 0 4 98 6876 97
8327 2 2 0 4 2831 6791 2887
8328 2 2 0 4 2864 2866 2863
8329 2 2 0 4 2869 2870 2868
8330 2 2 0 4 3317 6960 6520
8331 2 2 0 4 3545 6925 3725
8332 2 2 0 4 3582 6727 4853
8333 2 2 0 4 4177 6698 4337
8334 2 2 0 4 4208 4339 4207
8335 2 2 0 4 4216 6699 4213
8336 2 2 0 4 4762 6795 4249
8337 2 2 0 4 6716 6833 4782
8338 2 2 0 4 6599 6935 4800
8339 2 2 0 4 4977 6198 6196
8340 2 2 0 4 5215 6884 6619
8341 2 2 0 4 6592 7105 7068
8342 2 2 0 4 2741 6805 3493
8343 2 2 0 4 2870 6732 2868
8344 2 2 0 4 2894 7192 7174
8345 2 2 0 4 2931 6662 2985
8346 2 2 0 4 2944 6792 6564
8347 2 2 0 4 3322 3429 3413
8348 2 2 0 4 3421 6816 3722
8349 2 2 0 4 3425 6604 3723
8350 2 2 0 4 3526 6657 4506
8351 2 2 0 4 3569 6686 4085
8352 2 2 0 4 3649 4439 4429
8353 2 2 0 4 4137 7024 4139
8354 2 2 0 4 4151 6846 4791
8355 2 2 0 4 4165 6884 5215
8356 2 2 0 4 4178 4179 4177
8357 2 2 0 4 4773 6578 6577
8358 2 2 0 4 4785 6745 6641
8359 2 2 0 4 7007 7045 4790
8360 2 2 0 4 4894 4895 4869
8361 2 2 0 4 6888 6916 6685
8362 2 2 0 4 6726 7092 7011
8363 2 2 0 4 6930 6994 6978
8364 2 2 0 4 2785 6725 4790
8365 2 2 0 4 3346 6570 3345
8366 2 2 0 4 6610 6661 3431
8367 2 2 0 4 3431 6813 6610
8368 2 2 0 4 3725 4827 4815
8369 2 2 0 4 3802 7071 6924
8370 2 2 0 4 3804 3805 3803
8371 2 2 0 4 4576 4577 4268
8372 2 2 0 4 4781 6572 6565
8373 2 2 0 4 4794 6562 4792
8374 2 2 0 4 4850 7117 6999
8375 2 2 0 4 5244 7131 7083
8376 2 2 0 4 3410 6631 3717
8377 2 2 0 4 3439 4235 3720
8378 2 2 0 4 4141 6598 4800
8379 2 2 0 4 4235 4516 4515
8380 2 2 0 4 4773 6577 4498
8381 2 2 0 4 4562 7077 6987
8382 2 2 0 4 4828 6963 6899
8383 2 2 0 4 6899 7019 4828
8384 2 2 0 4 5219 6845 6564
8385 2 2 0 4 6553 6989 6492
8386 2 2 0 4 6632 6636 6634
8387 2 2 0 4 6721 6950 6649
8388 2 2 0 4 15 6852 1876
8389 2 2 0 4 19 6854 1869
8390 2 2 0 4 39 6859 1854
8391 2 2 0 4 55 6865 1887
8392 2 2 0 4 68 6867 1866
8393 2 2 0 4 73 6868 1852
8394 2 2 0 4 78 6870 1862
8395 2 2 0 4 83 6872 1868
8396 2 2 0 4 97 6876 1867
8397 2 2 0 4 6628 6940 3215
8398 2 2 0 4 4158 6831 3240
8399 2 2 0 4 3351 7070 3350
8400 2 2 0 4 3501 6786 4823
8401 2 2 0 4 4301 5262 3724
8402 2 2 0 4 4147 6586 4502
8403 2 2 0 4 4240 4307 4306
8404 2 2 0 4 6786 6787 4823
8405 2 2 0 4 109 6747 108
8406 2 2 0 4 114 6748 113
8407 2 2 0 4 123 6751 122
8408 2 2 0 4 126 6752 125
8409 2 2 0 4 128 6753 127
8410 2 2 0 4 132 6755 131
8411 2 2 0 4 137 6758 136
8412 2 2 0 4 147 6763 146
8413 2 2 0 4 158 6764 157
8414 2 2 0 4 167 6765 166
8415 2 2 0 4 176 6770 175
8416 2 2 0 4 192 6777 191
8417 2 2 0 4 4132 6643 4761
8418 2 2 0 4 2538 2540 2539
8419 2 2 0 4 4249 6795 4133
8420 2 2 0 4 4511 6961 5383
8421 2 2 0 4 6687 6688 4718
8422 2 2 0 4 5235 7238 7237
8423 2 2 0 4 6627 6670 3201
8424 2 2 0 4 3211 3214 3213
8425 2 2 0 4 3462 6821 3463
8426 2 2 0 4 4098 4571 4570
8427 2 2 0 4 6784 7045 4244
8428 2 2 0 4 4244 7028 6964
8429 2 2 0 4 7243 7245 4805
8430 2 2 0 4 6972 6978 5224
8431 2 2 0 4 2692 6802 3492
8432 2 2 0 4 2799 6889 6693
8433 2 2 0 4 2850 6792 2944
8434 2 2 0 4 2853 6931 2945
8435 2 2 0 4 4254 7092 2917
8436 2 2 0 4 3477 7057 3777
8437 2 2 0 4 4125 6674 4270
8438 2 2 0 4 4174 6997 4171
8439 2 2 0 4 6467 6737 4230
8440 2 2 0 4 4339 6921 4811
8441 2 2 0 4 4779 7130 6797
8442 2 2 0 4 6809 6829 4812
8443 2 2 0 4 4839 6479 6478
8444 2 2 0 4 6729 6972 5225
8445 2 2 0 4 5225 7031 6729
8446 2 2 0 4 6818 6931 6678
8447 2 2 0 4 3037 3743 3035
8448 2 2 0 4 3230 6649 3486
8449 2 2 0 4 4493 6646 6645
8450 2 2 0 4 4970 4990 4654
8451 2 2 0 4 2740 6783 2698
8452 2 2 0 4 2737 6805 2741
8453 2 2 0 4 2763 6700 2812
8454 2 2 0 4 2767 2768 2766
8455 2 2 0 4 2777 2778 2776
8456 2 2 0 4 2877 7105 6849
8457 2 2 0 4 2946 7119 7013
8458 2 2 0 4 6555 7169 2955
8459 2 2 0 4 3323 6885 3229
8460 2 2 0 4 3248 6832 3245
8461 2 2 0 4 3412 6966 3348
8462 2 2 0 4 6741 7119 3373
8463 2 2 0 4 3408 6794 3588
8464 2 2 0 4 3417 6709 3721
8465 2 2 0 4 3434 3544 3428
8466 2 2 0 4 3464 4236 3734
8467 2 2 0 4 3796 6570 3475
8468 2 2 0 4 3636 6906 6652
8469 2 2 0 4 4595 4782 3821
8470 2 2 0 4 4121 4124 4123
8471 2 2 0 4 4140 6919 4138
8472 2 2 0 4 4179 6698 4177
8473 2 2 0 4 4225 6728 4215
8474 2 2 0 4 4440 4664 4229
8475 2 2 0 4 4238 4240 4239
8476 2 2 0 4 4244 7045 7028
8477 2 2 0 4 7083 7131 4510
8478 2 2 0 4 4576 5055 4936
8479 2 2 0 4 4732 5419 4677
8480 2 2 0 4 4808 5256 4992
8481 2 2 0 4 4876 5259 4867
8482 2 2 0 4 6451 6945 4893
8483 2 2 0 4 4896 4965 4895
8484 2 2 0 4 4937 6707 5517
8485 2 2 0 4 5234 7069 7008
8486 2 2 0 4 5405 6642 6640
8487 2 2 0 4 6583 7145 6581
8488 2 2 0 4 6636 6781 6634
8489 2 2 0 4 4507 4843 3714
8490 2 2 0 4 4821 6515 6163
8491 2 2 0 4 2950 6948 2916
8492 2 2 0 4 4381 4805 4479
8493 2 2 0 4 4804 6621 4432
8494 2 2 0 4 6482 6518 4768
8495 2 2 0 4 6727 7101 4853
8496 2 2 0 4 6603 6825 6739
8497 2 2 0 4 2802 6892 2874
8498 2 2 0 4 3494 6619 2866
8499 2 2 0 4 2868 6732 3494
8500 2 2 0 4 2882 6718 6680
8501 2 2 0 4 2945 4245 2989
8502 2 2 0 4 3285 3408 3407
8503 2 2 0 4 3374 3375 3373
8504 2 2 0 4 3376 3377 3375
8505 2 2 0 4 3378 3379 3377
8506 2 2 0 4 3379 7021 6965
8507 2 2 0 4 3436 3438 3437
8508 2 2 0 4 3580 6833 4540
8509 2 2 0 4 3588 6794 3738
8510 2 2 0 4 3711 7107 3796
8511 2 2 0 4 3739 4488 4313
8512 2 2 0 4 4681 4682 4096
8513 2 2 0 4 4493 6645 4162
8514 2 2 0 4 4163 6569 4774
8515 2 2 0 4 4677 4678 4300
8516 2 2 0 4 4493 6826 6646
8517 2 2 0 4 4785 5074 5073
8518 2 2 0 4 6526 6527 4796
8519 2 2 0 4 5257 7050 4846
8520 2 2 0 4 6987 7077 6623
8521 2 2 0 4 6643 6795 6644
8522 2 2 0 4 2913 7162 7136
8523 2 2 0 4 4133 6795 6643
8524 2 2 0 4 4978 5566 5533
8525 2 2 0 4 6716 6717 6715
8526 2 2 0 4 6856 7043 6858
8527 2 2 0 4 3225 6658 2976
8528 2 2 0 4 3285 3407 3286
8529 2 2 0 4 3369 6727 3549
8530 2 2 0 4 3435 4084 3483
8531 2 2 0 4 3514 6671 3517
8532 2 2 0 4 3588 3735 3587
8533 2 2 0 4 4139 7024 6598
8534 2 2 0 4 4260 7012 4258
8535 2 2 0 4 4892 6689 4880
8536 2 2 0 4 4962 5526 4972
8537 2 2 0 4 6640 6652 5152
8538 2 2 0 4 6734 7191 6735
8539 2 2 0 4 3203 3206 3205
8540 2 2 0 4 3283 6914 6721
8541 2 2 0 4 4529 4531 4530
8542 2 2 0 4 4703 6986 5113
8543 2 2 0 4 4771 5253 5252
8544 2 2 0 4 5254 6659 6658
8545 2 2 0 4 2878 2880 2879
8546 2 2 0 4 2880 6726 2965
8547 2 2 0 4 2922 2923 2914
8548 2 2 0 4 3488 3542 3412
8549 2 2 0 4 3733 6821 3462
8550 2 2 0 4 3477 7069 7057
8551 2 2 0 4 3486 3577 3487
8552 2 2 0 4 3504 6918 3592
8553 2 2 0 4 3507 3509 3508
8554 2 2 0 4 3509 3511 3510
8555 2 2 0 4 3797 6957 6952
8556 2 2 0 4 4307 7060 5238
8557 2 2 0 4 6587 6588 4502
8558 2 2 0 4 4527 6746 5265
8559 2 2 0 4 4768 4770 4769
8560 2 2 0 4 4821 6163 5179
8561 2 2 0 4 7104 7159 5239
8562 2 2 0 4 6582 6583 6581
8563 2 2 0 4 6710 6712 6711
8564 2 2 0 4 3255 7004 3364
8565 2 2 0 4 4914 6682 6235
8566 2 2 0 4 6636 7045 7007
8567 2 2 0 4 2778 6684 2776
8568 2 2 0 4 2836 6930 2891
8569 2 2 0 4 2871 2882 2872
8570 2 2 0 4 6893 6895 2914
8571 2 2 0 4 2929 6680 4526
8572 2 2 0 4 3063 3272 3066
8573 2 2 0 4 3063 7229 7189
8574 2 2 0 4 6603 6738 3214
8575 2 2 0 4 3487 6909 3250
8576 2 2 0 4 3359 3458 3361
8577 2 2 0 4 3419 6709 3417
8578 2 2 0 4 3526 3528 3527
8579 2 2 0 4 3604 6915 3529
8580 2 2 0 4 3725 4814 3544
8581 2 2 0 4 3585 6788 4095
8582 2 2 0 4 3598 3820 3602
8583 2 2 0 4 6641 6745 3636
8584 2 2 0 4 3725 6925 4827
8585 2 2 0 4 3738 6794 4833
8586 2 2 0 4 4279 6797 4201
8587 2 2 0 4 4202 7020 4209
8588 2 2 0 4 4212 5211 5210
8589 2 2 0 4 4227 4497 4230
8590 2 2 0 4 4511 5382 4439
8591 2 2 0 4 4808 4992 4991
8592 2 2 0 4 4937 5517 4939
8593 2 2 0 4 5218 6892 6669
8594 2 2 0 4 5240 7081 7009
8595 2 2 0 4 5283 6571 6486
8596 2 2 0 4 5517 5819 5518
8597 2 2 0 4 6934 7068 6520
8598 2 2 0 4 6735 6736 6733
8599 2 2 0 4 2769 2770 2768
8600 2 2 0 4 4243 6946 2842
8601 2 2 0 4 2871 6718 2882
8602 2 2 0 4 2914 6895 2911
8603 2 2 0 4 3211 6603 3214
8604 2 2 0 4 3345 4517 3225
8605 2 2 0 4 3232 3234 3233
8606 2 2 0 4 3441 7156 6651
8607 2 2 0 4 3446 7104 7098
8608 2 2 0 4 6732 6733 3494
8609 2 2 0 4 3564 6925 3545
8610 2 2 0 4 3563 3780 3778
8611 2 2 0 4 4780 6556 3648
8612 2 2 0 4 3725 4815 4814
8613 2 2 0 4 3780 4601 4561
8614 2 2 0 4 4095 6788 4448
8615 2 2 0 4 4280 4698 4281
8616 2 2 0 4 4516 6982 4515
8617 2 2 0 4 4601 5551 5081
8618 2 2 0 4 4770 5293 5292
8619 2 2 0 4 4774 5092 4957
8620 2 2 0 4 4775 6934 6520
8621 2 2 0 4 7050 7169 4864
8622 2 2 0 4 5225 6972 5224
8623 2 2 0 4 5295 5528 5293
8624 2 2 0 4 6490 7134 7051
8625 2 2 0 4 6531 6532 6530
8626 2 2 0 4 6577 6585 6542
8627 2 2 0 4 6553 6832 6815
8628 2 2 0 4 6553 7049 6832
8629 2 2 0 4 6684 6916 6576
8630 2 2 0 4 3036 3038 3037
8631 2 2 0 4 3038 3040 3039
8632 2 2 0 4 3040 3043 3042
8633 2 2 0 4 3546 6932 3040
8634 2 2 0 4 3043 3045 3044
8635 2 2 0 4 3047 3049 3048
8636 2 2 0 4 3050 3051 3049
8637 2 2 0 4 3054 3055 3051
8638 2 2 0 4 3058 6830 3055
8639 2 2 0 4 3065 3764 3058
8640 2 2 0 4 3261 6844 6825
8641 2 2 0 4 3441 3442 3440
8642 2 2 0 4 4492 5204 5203
8643 2 2 0 4 6586 6587 4502
8644 2 2 0 4 6472 6473 4532
8645 2 2 0 4 4766 4767 4614
8646 2 2 0 4 4766 7146 4767
8647 2 2 0 4 6557 7000 4115
8648 2 2 0 4 4428 5372 4720
8649 2 2 0 4 6545 6621 4804
8650 2 2 0 4 3537 6951 3357
8651 2 2 0 4 4136 6989 3478
8652 2 2 0 4 4961 6543 4303
8653 2 2 0 4 4614 6521 4613
8654 2 2 0 4 2889 6692 2820
8655 2 2 0 4 2892 3485 2901
8656 2 2 0 4 2902 2903 2893
8657 2 2 0 4 2948 6780 4536
8658 2 2 0 4 2965 6625 6624
8659 2 2 0 4 3286 3373 2990
8660 2 2 0 4 3250 6909 6902
8661 2 2 0 4 3429 3648 3413
8662 2 2 0 4 3435 6745 4084
8663 2 2 0 4 3801 7184 7150
8664 2 2 0 4 4084 4785 4680
8665 2 2 0 4 4370 6846 4151
8666 2 2 0 4 4238 4239 4237
8667 2 2 0 4 5238 5239 4309
8668 2 2 0 4 4428 6975 5373
8669 2 2 0 4 4440 4701 4664
8670 2 2 0 4 4774 6560 5092
8671 2 2 0 4 6476 6883 4809
8672 2 2 0 4 5204 6574 6512
8673 2 2 0 4 7051 7134 5213
8674 2 2 0 4 6639 6910 6635
8675 2 2 0 4 7036 7253 7035
8676 2 2 0 4 3284 7049 4776
8677 2 2 0 4 3447 6886 6824
8678 2 2 0 4 4750 6594 4749
8679 2 2 0 4 4761 6433 4763
8680 2 2 0 4 3763 4568 4567
8681 2 2 0 4 3822 6950 5206
8682 2 2 0 4 3867 3887 3869
8683 2 2 0 4 3873 3886 3875
8684 2 2 0 4 6673 7743 3887
8685 2 2 0 4 6728 6883 4228
8686 2 2 0 4 4305 6537 4239
8687 2 2 0 4 4339 4811 4810
8688 2 2 0 4 4426 4758 4427
8689 2 2 0 4 4505 4807 4806
8690 2 2 0 4 4529 4530 4528
8691 2 2 0 4 4530 7238 6471
8692 2 2 0 4 4990 5429 4654
8693 2 2 0 4 4703 5113 5112
8694 2 2 0 4 4808 4991 4807
8695 2 2 0 4 6687 7020 4810
8696 2 2 0 4 5250 6837 4898
8697 2 2 0 4 6978 6994 5224
8698 2 2 0 4 5259 7224 7208
8699 2 2 0 4 6617 6618 6606
8700 2 2 0 4 2827 6648 2875
8701 2 2 0 4 2977 6893 2923
8702 2 2 0 4 3207 6825 3209
8703 2 2 0 4 3442 3444 3443
8704 2 2 0 4 4836 7025 3591
8705 2 2 0 4 4480 6822 3733
8706 2 2 0 4 3822 5206 5205
8707 2 2 0 4 4190 6720 4191
8708 2 2 0 4 4197 6797 4199
8709 2 2 0 4 4217 4228 4219
8710 2 2 0 4 4221 4278 4223
8711 2 2 0 4 4224 6737 4222
8712 2 2 0 4 4489 5170 4777
8713 2 2 0 4 6952 6957 4849
8714 2 2 0 4 4947 7261 6491
8715 2 2 0 4 5065 6152 5317
8716 2 2 0 4 6442 7012 5198
8717 2 2 0 4 5218 7027 6976
8718 2 2 0 4 6975 7038 5373
8719 2 2 0 4 6815 6989 6553
8720 2 2 0 4 6611 6661 6610
8721 2 2 0 4 2798 6669 2800
8722 2 2 0 4 2871 2872 2870
8723 2 2 0 4 4610 5227 5226
8724 2 2 0 4 4855 7087 6694
8725 2 2 0 4 113 6748 1877
8726 2 2 0 4 115 6750 1919
8727 2 2 0 4 122 6751 1853
8728 2 2 0 4 127 6753 1861
8729 2 2 0 4 129 6754 1922
8730 2 2 0 4 131 6755 1872
8731 2 2 0 4 133 6756 1923
8732 2 2 0 4 134 6757 6756
8733 2 2 0 4 136 6758 1860
8734 2 2 0 4 143 6760 1925
8735 2 2 0 4 144 6762 6760
8736 2 2 0 4 146 6763 1865
8737 2 2 0 4 166 6765 1873
8738 2 2 0 4 168 6766 1928
8739 2 2 0 4 172 6767 1929
8740 2 2 0 4 175 6770 1857
8741 2 2 0 4 177 6771 1930
8742 2 2 0 4 178 6959 6771
8743 2 2 0 4 188 6776 1931
8744 2 2 0 4 193 6778 1932
8745 2 2 0 4 197 6779 1933
8746 2 2 0 4 2722 6656 2729
8747 2 2 0 4 2773 2774 2772
8748 2 2 0 4 2797 2798 2796
8749 2 2 0 4 2829 6677 2830
8750 2 2 0 4 2830 6677 2837
8751 2 2 0 4 2844 6678 2845
8752 2 2 0 4 6678 6931 2851
8753 2 2 0 4 2861 7054 6806
8754 2 2 0 4 2889 6694 6692
8755 2 2 0 4 2899 6680 2929
8756 2 2 0 4 3535 6672 2927
8757 2 2 0 4 2932 2933 2931
8758 2 2 0 4 3215 6940 3213
8759 2 2 0 4 3370 6815 3258
8760 2 2 0 4 3272 3360 3359
8761 2 2 0 4 3286 3374 3373
8762 2 2 0 4 3370 6989 6815
8763 2 2 0 4 3498 6695 3371
8764 2 2 0 4 3374 3376 3375
8765 2 2 0 4 3378 3396 3379
8766 2 2 0 4 3408 3587 3407
8767 2 2 0 4 3414 6556 3558
8768 2 2 0 4 6631 6632 3717
8769 2 2 0 4 6607 6816 3723
8770 2 2 0 4 3736 6929 3735
8771 2 2 0 4 3774 4382 3800
8772 2 2 0 4 5208 6492 4136
8773 2 2 0 4 4182 4183 4181
8774 2 2 0 4 4184 4275 4183
8775 2 2 0 4 4191 4211 4210
8776 2 2 0 4 4196 6904 4198
8777 2 2 0 4 4198 6904 4203
8778 2 2 0 4 4205 4518 4206
8779 2 2 0 4 4205 4519 4518
8780 2 2 0 4 4208 4341 4340
8781 2 2 0 4 4211 4213 4212
8782 2 2 0 4 4211 4214 4213
8783 2 2 0 4 4772 6463 4231
8784 2 2 0 4 4268 4874 4264
8785 2 2 0 4 6483 6975 4309
8786 2 2 0 4 4377 4888 4887
8787 2 2 0 4 4504 7010 6900
8788 2 2 0 4 6662 6730 4508
8789 2 2 0 4 4527 5265 4899
8790 2 2 0 4 4571 5283 5282
8791 2 2 0 4 5159 5160 4682
8792 2 2 0 4 4767 6524 6523
8793 2 2 0 4 4781 6565 5216
8794 2 2 0 4 5209 6561 4783
8795 2 2 0 4 4798 5153 5151
8796 2 2 0 4 5152 6905 4799
8797 2 2 0 4 4882 4883 4863
8798 2 2 0 4 5151 5405 5152
8799 2 2 0 4 5204 6512 6511
8800 2 2 0 4 6699 7133 5211
8801 2 2 0 4 6790 6936 5215
8802 2 2 0 4 5283 5284 5282
8803 2 2 0 4 5283 5285 5284
8804 2 2 0 4 6486 6487 5285
8805 2 2 0 4 6493 6494 6487
8806 2 2 0 4 6603 6739 6738
8807 2 2 0 4 6696 7059 6697
8808 2 2 0 4 6825 6844 6739
8809 2 2 0 4 6773 6775 6774
8810 2 2 0 4 6959 7079 6773
8811 2 2 0 4 2739 6990 2754
8812 2 2 0 4 3534 6842 2762
8813 2 2 0 4 4834 6922 2777
8814 2 2 0 4 2779 2781 2780
8815 2 2 0 4 2783 2784 2781
8816 2 2 0 4 2793 6888 2790
8817 2 2 0 4 2799 6693 2796
8818 2 2 0 4 2801 6889 2799
8819 2 2 0 4 2814 4818 2809
8820 2 2 0 4 6700 6701 2812
8821 2 2 0 4 2819 6923 2814
8822 2 2 0 4 2830 2835 2819
8823 2 2 0 4 2836 2891 2835
8824 2 2 0 4 2839 2926 2844
8825 2 2 0 4 2843 2895 2842
8826 2 2 0 4 2852 6792 2850
8827 2 2 0 4 2875 2918 2917
8828 2 2 0 4 2902 2904 2903
8829 2 2 0 4 2932 4244 2934
8830 2 2 0 4 2989 6843 3285
8831 2 2 0 4 3197 3199 3198
8832 2 2 0 4 3318 6903 3200
8833 2 2 0 4 3298 6628 3253
8834 2 2 0 4 3352 3370 3258
8835 2 2 0 4 3348 6966 3495
8836 2 2 0 4 3396 3397 3379
8837 2 2 0 4 3438 3440 3439
8838 2 2 0 4 6668 6812 3443
8839 2 2 0 4 3717 6817 3488
8840 2 2 0 4 6969 6970 3491
8841 2 2 0 4 3586 6788 3585
8842 2 2 0 4 3825 5236 4837
8843 2 2 0 4 4165 4167 4166
8844 2 2 0 4 4206 7016 4208
8845 2 2 0 4 4228 6789 4219
8846 2 2 0 4 4830 4831 4247
8847 2 2 0 4 4833 6920 4250
8848 2 2 0 4 4718 4719 4279
8849 2 2 0 4 4341 4856 4342
8850 2 2 0 4 4428 5373 5372
8851 2 2 0 4 6910 6977 4496
8852 2 2 0 4 4497 6465 4764
8853 2 2 0 4 4717 5507 4715
8854 2 2 0 4 4773 6993 6579
8855 2 2 0 4 5170 6228 4777
8856 2 2 0 4 4869 6526 4795
8857 2 2 0 4 4811 5077 4810
8858 2 2 0 4 5077 6687 4810
8859 2 2 0 4 4825 6984 5233
8860 2 2 0 4 7193 7230 4882
8861 2 2 0 4 5405 6640 5152
8862 2 2 0 4 6927 7081 5240
8863 2 2 0 4 5530 6470 6449
8864 2 2 0 4 6899 6963 6677
8865 2 2 0 4 2699 6804 2697
8866 2 2 0 4 2765 2767 2766
8867 2 2 0 4 2771 2773 2772
8868 2 2 0 4 2773 2775 2774
8869 2 2 0 4 2785 4790 2843
8870 2 2 0 4 2895 4243 2842
8871 2 2 0 4 2889 7200 6694
8872 2 2 0 4 2910 2911 2909
8873 2 2 0 4 4244 6964 2934
8874 2 2 0 4 2943 6684 6576
8875 2 2 0 4 3063 3066 2968
8876 2 2 0 4 2978 3225 2976
8877 2 2 0 4 6660 6893 2977
8878 2 2 0 4 3272 3273 3066
8879 2 2 0 4 4164 6628 3298
8880 2 2 0 4 3345 4771 4517
8881 2 2 0 4 3648 6556 3413
8882 2 2 0 4 3426 6813 3431
8883 2 2 0 4 3434 3545 3544
8884 2 2 0 4 3778 3779 3564
8885 2 2 0 4 3602 4098 3606
8886 2 2 0 4 6605 6607 3723
8887 2 2 0 4 3777 4637 4636
8888 2 2 0 4 3805 4268 4264
8889 2 2 0 4 4782 6833 3821
8890 2 2 0 4 4121 4123 4122
8891 2 2 0 4 4145 4146 4144
8892 2 2 0 4 4232 6729 6572
8893 2 2 0 4 4519 4872 4857
8894 2 2 0 4 4767 6523 6521
8895 2 2 0 4 4775 5212 4803
8896 2 2 0 4 4791 6846 6576
8897 2 2 0 4 6576 6916 4791
8898 2 2 0 4 4816 6610 4814
8899 2 2 0 4 4827 4876 4867
8900 2 2 0 4 4937 4939 4938
8901 2 2 0 4 5517 5518 4939
8902 2 2 0 4 5248 6731 6730
8903 2 2 0 4 7174 7192 5258
8904 2 2 0 4 5295 5530 5529
8905 2 2 0 4 3608 4113 3607
8906 2 2 0 4 4161 4162 4160
8907 2 2 0 4 4569 4765 4614
8908 2 2 0 4 2810 2831 2811
8909 2 2 0 4 2831 2887 2832
8910 2 2 0 4 2896 2932 2931
8911 2 2 0 4 2985 2986 2930
8912 2 2 0 4 2936 3287 2937
8913 2 2 0 4 3228 3229 2986
8914 2 2 0 4 3764 6830 3058
8915 2 2 0 4 3363 6654 3254
8916 2 2 0 4 3347 3474 3346
8917 2 2 0 4 3354 3356 3355
8918 2 2 0 4 3356 6793 3538
8919 2 2 0 4 3556 3798 3363
8920 2 2 0 4 3414 3416 3415
8921 2 2 0 4 3416 3418 3417
8922 2 2 0 4 3418 3420 3419
8923 2 2 0 4 3543 6668 3445
8924 2 2 0 4 3466 6647 3726
8925 2 2 0 4 3474 3708 3475
8926 2 2 0 4 3476 6566 3474
8927 2 2 0 4 6574 6575 3495
8928 2 2 0 4 3514 3515 3513
8929 2 2 0 4 3517 3518 3515
8930 2 2 0 4 3521 3762 3519
8931 2 2 0 4 4237 6926 3734
8932 2 2 0 4 3799 5244 3798
8933 2 2 0 4 4424 6557 4113
8934 2 2 0 4 4268 7005 4874
8935 2 2 0 4 5041 5543 4636
8936 2 2 0 4 4703 5112 5111
8937 2 2 0 4 6621 6622 4734
8938 2 2 0 4 5236 5237 4837
8939 2 2 0 4 4920 4921 4919
8940 2 2 0 4 5114 5726 5725
8941 2 2 0 4 6430 6484 5114
8942 2 2 0 4 5204 7004 6574
8943 2 2 0 4 6645 6914 5221
8944 2 2 0 4 6639 6977 6910
8945 2 2 0 4 6662 7003 6730
8946 2 2 0 4 6658 6659 2977
8947 2 2 0 4 3520 3715 3714
8948 2 2 0 4 4141 4800 4143
8949 2 2 0 4 4270 6674 4393
8950 2 2 0 4 4280 5026 4698
8951 2 2 0 4 4511 7131 6961
8952 2 2 0 4 4803 5251 4859
8953 2 2 0 4 4841 7074 4861
8954 2 2 0 4 4848 4978 4860
8955 2 2 0 4 5082 7059 7058
8956 2 2 0 4 6544 6546 6545
8957 2 2 0 4 4121 4122 3597
8958 2 2 0 4 3710 4132 3709
8959 2 2 0 4 7074 7096 3762
8960 2 2 0 4 3796 6973 6570
8961 2 2 0 4 4239 4700 4237
8962 2 2 0 4 4900 5266 5250
8963 2 2 0 4 2736 6805 2737
8964 2 2 0 4 2780 6685 2778
8965 2 2 0 4 6970 6983 2784
8966 2 2 0 4 2794 6808 2797
8967 2 2 0 4 4231 6677 2829
8968 2 2 0 4 2852 6882 6792
8969 2 2 0 4 2861 2862 2860
8970 2 2 0 4 2864 2867 2866
8971 2 2 0 4 2869 2871 2870
8972 2 2 0 4 2924 2966 2925
8973 2 2 0 4 2928 2939 2938
8974 2 2 0 4 3038 3039 3037
8975 2 2 0 4 3043 6932 3046
8976 2 2 0 4 7122 7142 3297
8977 2 2 0 4 3352 3477 3370
8978 2 2 0 4 3544 6813 3428
8979 2 2 0 4 4149 6695 3498
8980 2 2 0 4 3552 3605 3551
8981 2 2 0 4 3763 4569 4568
8982 2 2 0 4 3765 3774 3766
8983 2 2 0 4 4151 4791 4149
8984 2 2 0 4 4569 4614 4613
8985 2 2 0 4 4576 4936 4577
8986 2 2 0 4 4767 6521 4614
8987 2 2 0 4 4637 5041 4636
8988 2 2 0 4 4778 5214 4835
8989 2 2 0 4 4784 5209 4783
8990 2 2 0 4 4784 6836 6503
8991 2 2 0 4 4793 4794 4792
8992 2 2 0 4 4799 6905 6663
8993 2 2 0 4 5233 6984 6983
8994 2 2 0 4 1919 6748 114
8995 2 2 0 4 2906 6928 2908
8996 2 2 0 4 3043 3046 3045
8997 2 2 0 4 3047 3050 3049
8998 2 2 0 4 3054 3058 3055
8999 2 2 0 4 3260 6627 3199
9000 2 2 0 4 3239 3240 3237
9001 2 2 0 4 3284 4159 4158
9002 2 2 0 4 3605 3641 3551
9003 2 2 0 4 4163 4345 4162
9004 2 2 0 4 5294 5295 5293
9005 2 2 0 4 5508 5698 5507
9006 2 2 0 4 5530 6449 5531
9007 2 2 0 4 2693 6943 6941
9008 2 2 0 4 2701 6944 4974
9009 2 2 0 4 3496 6944 2706
9010 2 2 0 4 2707 2709 2708
9011 2 2 0 4 2752 6847 2710
9012 2 2 0 4 2711 2714 2712
9013 2 2 0 4 2716 2718 2717
9014 2 2 0 4 6573 7086 2772
9015 2 2 0 4 2880 2881 2879
9016 2 2 0 4 2880 2965 2885
9017 2 2 0 4 2885 6624 2892
9018 2 2 0 4 2899 2927 2900
9019 2 2 0 4 3490 6928 2906
9020 2 2 0 4 2929 3535 2927
9021 2 2 0 4 2928 2961 2939
9022 2 2 0 4 2965 6626 6625
9023 2 2 0 4 2988 3231 3230
9024 2 2 0 4 3206 3207 3205
9025 2 2 0 4 3261 6825 3207
9026 2 2 0 4 3232 3233 3231
9027 2 2 0 4 3234 3235 3233
9028 2 2 0 4 3495 6575 3287
9029 2 2 0 4 3368 3369 3351
9030 2 2 0 4 3444 3447 3445
9031 2 2 0 4 3447 3448 3445
9032 2 2 0 4 3503 6786 3501
9033 2 2 0 4 3502 6918 3504
9034 2 2 0 4 3507 3508 3506
9035 2 2 0 4 3509 3510 3508
9036 2 2 0 4 3712 4137 3713
9037 2 2 0 4 4141 4143 4142
9038 2 2 0 4 6897 6898 4144
9039 2 2 0 4 4152 5213 4154
9040 2 2 0 4 4154 4155 4153
9041 2 2 0 4 4236 5222 4238
9042 2 2 0 4 4323 6838 4322
9043 2 2 0 4 4345 4494 4493
9044 2 2 0 4 4381 4479 4478
9045 2 2 0 4 5252 5254 4517
9046 2 2 0 4 4892 6945 6690
9047 2 2 0 4 4900 5250 4898
9048 2 2 0 4 4898 6837 6451
9049 2 2 0 4 4957 6130 6129
9050 2 2 0 4 4977 6199 6198
9051 2 2 0 4 6452 6454 6453
9052 2 2 0 4 6660 6894 6893
9053 2 2 0 4 2918 2958 2917
9054 2 2 0 4 2974 6814 5196
9055 2 2 0 4 3209 3210 3208
9056 2 2 0 4 3296 3297 3253
9057 2 2 0 4 3442 3446 3444
9058 2 2 0 4 3445 6668 3443
9059 2 2 0 4 3466 3726 3465
9060 2 2 0 4 3500 3502 3501
9061 2 2 0 4 3643 4331 3605
9062 2 2 0 4 4819 4821 4820
9063 2 2 0 4 4862 4882 4863
9064 2 2 0 4 4926 5022 4927
9065 2 2 0 4 1851 6875 6874
9066 2 2 0 4 4829 6938 2702
9067 2 2 0 4 2755 2785 2760
9068 2 2 0 4 2797 6808 3718
9069 2 2 0 4 2898 6954 2813
9070 2 2 0 4 6677 6963 2837
9071 2 2 0 4 2859 4148 2857
9072 2 2 0 4 2863 6884 2860
9073 2 2 0 4 2867 6992 2869
9074 2 2 0 4 2875 6648 2918
9075 2 2 0 4 2878 2879 2877
9076 2 2 0 4 2891 6930 6657
9077 2 2 0 4 2901 2902 2893
9078 2 2 0 4 2911 2970 2909
9079 2 2 0 4 2982 2983 2964
9080 2 2 0 4 3197 3198 2984
9081 2 2 0 4 3199 3200 3198
9082 2 2 0 4 3209 6825 6603
9083 2 2 0 4 3369 3547 3351
9084 2 2 0 4 3401 6666 3402
9085 2 2 0 4 3463 3466 3465
9086 2 2 0 4 3777 3794 3478
9087 2 2 0 4 3577 3578 3487
9088 2 2 0 4 3590 4149 3498
9089 2 2 0 4 3582 4303 3568
9090 2 2 0 4 3569 3807 3806
9091 2 2 0 4 3577 6950 3822
9092 2 2 0 4 4802 6788 3586
9093 2 2 0 4 3712 4496 4137
9094 2 2 0 4 4433 4434 4086
9095 2 2 0 4 4150 4151 4149
9096 2 2 0 4 4369 4370 4151
9097 2 2 0 4 4152 4154 4153
9098 2 2 0 4 4163 4774 4687
9099 2 2 0 4 4275 4441 4183
9100 2 2 0 4 4184 4773 4498
9101 2 2 0 4 4256 4793 4792
9102 2 2 0 4 4259 7017 4261
9103 2 2 0 4 4435 4537 4434
9104 2 2 0 4 4498 6577 4778
9105 2 2 0 4 4889 6819 4521
9106 2 2 0 4 4534 4920 4919
9107 2 2 0 4 4671 4784 4783
9108 2 2 0 4 4927 4928 4731
9109 2 2 0 4 6561 6846 4783
9110 2 2 0 4 4784 6502 5209
9111 2 2 0 4 5212 7166 4803
9112 2 2 0 4 4816 6612 6611
9113 2 2 0 4 4883 4884 4863
9114 2 2 0 4 4890 6798 4891
9115 2 2 0 4 5570 5571 4915
9116 2 2 0 4 5161 5812 5162
9117 2 2 0 4 6792 6882 5219
9118 2 2 0 4 5246 5310 5247
9119 2 2 0 4 7141 7143 5310
9120 2 2 0 4 6503 6504 6502
9121 2 2 0 4 6503 6836 6508
9122 2 2 0 4 6505 6506 6504
9123 2 2 0 4 6507 6509 6506
9124 2 2 0 4 6510 6887 6509
9125 2 2 0 4 6604 6606 6605
9126 2 2 0 4 6781 6805 6637
9127 2 2 0 4 6736 6790 6733
9128 2 2 0 4 7054 7055 6806
9129 2 2 0 4 2931 2985 2930
9130 2 2 0 4 2937 3254 2935
9131 2 2 0 4 2936 3344 3287
9132 2 2 0 4 6659 6660 2977
9133 2 2 0 4 2985 3228 2986
9134 2 2 0 4 3228 3322 3229
9135 2 2 0 4 3299 3368 3351
9136 2 2 0 4 3322 3413 3323
9137 2 2 0 4 3364 3556 3363
9138 2 2 0 4 3410 3488 3412
9139 2 2 0 4 3801 6966 3412
9140 2 2 0 4 3418 3430 3420
9141 2 2 0 4 3421 3722 3419
9142 2 2 0 4 3422 7061 3424
9143 2 2 0 4 3431 6604 3425
9144 2 2 0 4 3447 3449 3448
9145 2 2 0 4 3512 3514 3513
9146 2 2 0 4 3514 3517 3515
9147 2 2 0 4 3556 3799 3798
9148 2 2 0 4 3580 3581 3579
9149 2 2 0 4 3650 3651 3581
9150 2 2 0 4 4122 6647 3597
9151 2 2 0 4 3602 6571 4098
9152 2 2 0 4 3649 4429 3648
9153 2 2 0 4 3716 4301 3724
9154 2 2 0 4 4235 5230 4516
9155 2 2 0 4 4500 6934 4775
9156 2 2 0 4 4803 4859 4501
9157 2 2 0 4 6730 6731 4508
9158 2 2 0 4 4788 6974 6593
9159 2 2 0 4 4827 6924 4876
9160 2 2 0 4 7116 7132 4840
9161 2 2 0 4 4841 7096 7074
9162 2 2 0 4 4855 6723 4873
9163 2 2 0 4 6458 6459 5202
9164 2 2 0 4 6460 6461 6459
9165 2 2 0 4 6632 7028 6636
9166 2 2 0 4 1900 6747 109
9167 2 2 0 4 2858 2860 2859
9168 2 2 0 4 2862 2864 2863
9169 2 2 0 4 2887 2915 2888
9170 2 2 0 4 3217 6823 3293
9171 2 2 0 4 3472 4253 3365
9172 2 2 0 4 3521 7073 3763
9173 2 2 0 4 3552 3643 3605
9174 2 2 0 4 3777 4636 3794
9175 2 2 0 4 4114 4424 4113
9176 2 2 0 4 4180 4182 4181
9177 2 2 0 4 4196 4198 4197
9178 2 2 0 4 4810 7020 4207
9179 2 2 0 4 4223 4224 4222
9180 2 2 0 4 4229 7018 4227
9181 2 2 0 4 4259 4260 4258
9182 2 2 0 4 4261 4520 4260
9183 2 2 0 4 4270 4393 4272
9184 2 2 0 4 4719 4779 4279
9185 2 2 0 4 4520 5199 5198
9186 2 2 0 4 4770 5292 4769
9187 2 2 0 4 4878 4881 4866
9188 2 2 0 4 4880 6689 4878
9189 2 2 0 4 4878 6689 4881
9190 2 2 0 4 4889 6820 6819
9191 2 2 0 4 4891 6798 4897
9192 2 2 0 4 4892 6690 6689
9193 2 2 0 4 4898 6451 4893
9194 2 2 0 4 5199 6440 6439
9195 2 2 0 4 6743 7054 6744
9196 2 2 0 4 6980 7053 6979
9197 2 2 0 4 3473 6937 3472
9198 2 2 0 4 3480 3481 3473
9199 2 2 0 4 3538 3710 3709
9200 2 2 0 4 3710 4133 4132
9201 2 2 0 4 4763 6799 4233
9202 2 2 0 4 4765 4766 4614
9203 2 2 0 4 4751 4753 4752
9204 2 2 0 4 2845 2849 2840
9205 2 2 0 4 2845 6678 2851
9206 2 2 0 4 2850 2944 2849
9207 2 2 0 4 2851 6931 2853
9208 2 2 0 4 2854 6882 2852
9209 2 2 0 4 2853 2945 2855
9210 2 2 0 4 2859 4165 4148
9211 2 2 0 4 2867 2868 2866
9212 2 2 0 4 2961 2962 2939
9213 2 2 0 4 2973 2974 2950
9214 2 2 0 4 2976 6658 2977
9215 2 2 0 4 3247 3248 3245
9216 2 2 0 4 3249 3259 3258
9217 2 2 0 4 3252 3296 3253
9218 2 2 0 4 3354 3355 3353
9219 2 2 0 4 3357 3366 3365
9220 2 2 0 4 3408 6843 6794
9221 2 2 0 4 3714 7048 3518
9222 2 2 0 4 3549 3582 3568
9223 2 2 0 4 3596 4120 3597
9224 2 2 0 4 3605 6548 3641
9225 2 2 0 4 3734 4480 3733
9226 2 2 0 4 4797 6811 3737
9227 2 2 0 4 4085 4804 4432
9228 2 2 0 4 4121 7103 4124
9229 2 2 0 4 4156 4322 4155
9230 2 2 0 4 4156 4323 4322
9231 2 2 0 4 4167 4169 4168
9232 2 2 0 4 4180 6985 4234
9233 2 2 0 4 4761 4763 4233
9234 2 2 0 4 4308 4428 4310
9235 2 2 0 4 4537 5267 4434
9236 2 2 0 4 4550 5453 4551
9237 2 2 0 4 4563 6682 4914
9238 2 2 0 4 4761 6434 6433
9239 2 2 0 4 4773 6579 6578
9240 2 2 0 4 6643 6644 6434
9241 2 2 0 4 2684 3539 2686
9242 2 2 0 4 2690 2692 2691
9243 2 2 0 4 2690 6802 2692
9244 2 2 0 4 2694 2696 2695
9245 2 2 0 4 2696 2698 2697
9246 2 2 0 4 2696 2740 2698
9247 2 2 0 4 2698 2700 2699
9248 2 2 0 4 4974 6804 2699
9249 2 2 0 4 2700 2702 2701
9250 2 2 0 4 2702 2704 2703
9251 2 2 0 4 2705 6691 2707
9252 2 2 0 4 2708 3496 2706
9253 2 2 0 4 2709 2713 2711
9254 2 2 0 4 2714 3541 2716
9255 2 2 0 4 2718 2719 2717
9256 2 2 0 4 2722 2723 2719
9257 2 2 0 4 2825 2826 2824
9258 2 2 0 4 2881 3317 2879
9259 2 2 0 4 2902 2905 2904
9260 2 2 0 4 2905 3490 2906
9261 2 2 0 4 2923 6893 2914
9262 2 2 0 4 2958 4254 2917
9263 2 2 0 4 2944 5225 5224
9264 2 2 0 4 2958 6902 4254
9265 2 2 0 4 2975 3217 3216
9266 2 2 0 4 3209 3211 3210
9267 2 2 0 4 3211 3213 3212
9268 2 2 0 4 3239 3241 3240
9269 2 2 0 4 3241 3284 3240
9270 2 2 0 4 3258 6815 3248
9271 2 2 0 4 3486 3487 3250
9272 2 2 0 4 3257 3347 3346
9273 2 2 0 4 3284 4776 4159
9274 2 2 0 4 3348 3495 3287
9275 2 2 0 4 3344 6631 3410
9276 2 2 0 4 3356 3537 3357
9277 2 2 0 4 3374 3489 3376
9278 2 2 0 4 3444 3445 3443
9279 2 2 0 4 3457 3792 3456
9280 2 2 0 4 3474 6566 3708
9281 2 2 0 4 3502 3503 3501
9282 2 2 0 4 3549 3550 3548
9283 2 2 0 4 3578 3580 3579
9284 2 2 0 4 3580 3650 3581
9285 2 2 0 4 3582 4304 4303
9286 2 2 0 4 4781 4802 3586
9287 2 2 0 4 3825 4836 3591
9288 2 2 0 4 3596 4819 4120
9289 2 2 0 4 3608 4114 4113
9290 2 2 0 4 5231 7021 3720
9291 2 2 0 4 4084 4680 4096
9292 2 2 0 4 4125 4269 4123
9293 2 2 0 4 4124 4970 4654
9294 2 2 0 4 4147 4500 4146
9295 2 2 0 4 4500 4501 4146
9296 2 2 0 4 4155 4503 4153
9297 2 2 0 4 6902 6947 4254
9298 2 2 0 4 4381 4478 4380
9299 2 2 0 4 4435 4538 4537
9300 2 2 0 4 4435 4562 4538
9301 2 2 0 4 4500 4775 4501
9302 2 2 0 4 5242 5243 4513
9303 2 2 0 4 4515 6982 5232
9304 2 2 0 4 4530 6471 4532
9305 2 2 0 4 4962 4972 4531
9306 2 2 0 4 4754 6850 4752
9307 2 2 0 4 4778 6577 6542
9308 2 2 0 4 6572 7031 4786
9309 2 2 0 4 4848 4979 4978
9310 2 2 0 4 6587 6591 6590
9311 2 2 0 4 6618 7175 6608
9312 2 2 0 4 6635 6910 6633
9313 2 2 0 4 110 1900 109
9314 2 2 0 4 113 1877 112
9315 2 2 0 4 115 1919 114
9316 2 2 0 4 116 6750 115
9317 2 2 0 4 117 1864 116
9318 2 2 0 4 1864 6750 116
9319 2 2 0 4 119 1920 118
9320 2 2 0 4 122 1853 121
9321 2 2 0 4 124 1921 123
9322 2 2 0 4 1921 6751 123
9323 2 2 0 4 127 1861 126
9324 2 2 0 4 1861 6752 126
9325 2 2 0 4 129 1922 128
9326 2 2 0 4 1922 6753 128
9327 2 2 0 4 130 6754 129
9328 2 2 0 4 131 1872 130
9329 2 2 0 4 1872 6754 130
9330 2 2 0 4 133 1923 132
9331 2 2 0 4 1923 6755 132
9332 2 2 0 4 134 6756 133
9333 2 2 0 4 135 6757 134
9334 2 2 0 4 136 1860 135
9335 2 2 0 4 1860 6757 135
9336 2 2 0 4 138 1924 137
9337 2 2 0 4 1924 6758 137
9338 2 2 0 4 141 1850 140
9339 2 2 0 4 143 1925 142
9340 2 2 0 4 144 6760 143
9341 2 2 0 4 145 6762 144
9342 2 2 0 4 146 1865 145
9343 2 2 0 4 1865 6762 145
9344 2 2 0 4 148 1926 147
9345 2 2 0 4 1926 6763 147
9346 2 2 0 4 150 1881 149
9347 2 2 0 4 153 1889 152
9348 2 2 0 4 155 1937 154
9349 2 2 0 4 159 1903 158
9350 2 2 0 4 1903 6764 158
9351 2 2 0 4 162 1879 161
9352 2 2 0 4 164 1927 163
9353 2 2 0 4 166 1873 165
9354 2 2 0 4 168 1928 167
9355 2 2 0 4 1928 6765 167
9356 2 2 0 4 169 6766 168
9357 2 2 0 4 170 1847 169
9358 2 2 0 4 1847 6766 169
9359 2 2 0 4 172 1929 171
9360 2 2 0 4 173 6767 172
9361 2 2 0 4 175 1857 174
9362 2 2 0 4 177 1930 176
9363 2 2 0 4 1930 6770 176
9364 2 2 0 4 178 6771 177
9365 2 2 0 4 180 1859 179
9366 2 2 0 4 183 1885 182
9367 2 2 0 4 186 1855 185
9368 2 2 0 4 188 1931 187
9369 2 2 0 4 189 6776 188
9370 2 2 0 4 191 1849 190
9371 2 2 0 4 193 1932 192
9372 2 2 0 4 1932 6777 192
9373 2 2 0 4 194 6778 193
9374 2 2 0 4 195 1871 194
9375 2 2 0 4 1871 6778 194
9376 2 2 0 4 197 1933 196
9377 2 2 0 4 198 6779 197
9378 2 2 0 4 199 1882 198
9379 2 2 0 4 1882 6779 198
9380 2 2 0 4 202 1901 201
9381 2 2 0 4 204 1934 203
9382 2 2 0 4 2541 2542 2540
9383 2 2 0 4 2703 6944 2701
9384 2 2 0 4 2879 7105 2877
9385 2 2 0 4 2911 6895 2970
9386 2 2 0 4 3493 6805 6781
9387 2 2 0 4 3542 6933 3801
9388 2 2 0 4 4113 4115 3607
9389 2 2 0 4 3712 6817 4496
9390 2 2 0 4 3794 4338 4136
9391 2 2 0 4 4301 6722 5262
9392 2 2 0 4 4568 5467 4567
9393 2 2 0 4 4765 4768 4766
9394 2 2 0 4 6773 6774 6772
9395 2 2 0 4 1905 6852 16
9396 2 2 0 4 1918 6876 98
9397 2 2 0 4 2720 2721 2682
9398 2 2 0 4 2727 2728 2721
9399 2 2 0 4 2734 2735 2728
9400 2 2 0 4 2734 2743 2735
9401 2 2 0 4 2743 2744 2735
9402 2 2 0 4 2737 2741 2739
9403 2 2 0 4 2754 3484 2738
9404 2 2 0 4 2747 2749 2744
9405 2 2 0 4 3493 6725 2745
9406 2 2 0 4 2747 2757 2749
9407 2 2 0 4 2757 2758 2749
9408 2 2 0 4 2757 2810 2758
9409 2 2 0 4 2779 2783 2781
9410 2 2 0 4 2782 2790 2780
9411 2 2 0 4 2786 2789 2787
9412 2 2 0 4 3491 6970 2787
9413 2 2 0 4 2794 2795 2793
9414 2 2 0 4 2795 3497 3371
9415 2 2 0 4 2797 3718 2817
9416 2 2 0 4 2802 2803 2801
9417 2 2 0 4 2804 2805 2803
9418 2 2 0 4 2806 2807 2805
9419 2 2 0 4 2808 2809 2807
9420 2 2 0 4 2813 2814 2809
9421 2 2 0 4 2818 2819 2814
9422 2 2 0 4 2814 6923 4818
9423 2 2 0 4 2816 2846 2820
9424 2 2 0 4 4185 6669 2817
9425 2 2 0 4 2829 2830 2819
9426 2 2 0 4 2837 2838 2836
9427 2 2 0 4 2839 2840 2838
9428 2 2 0 4 2846 2890 2848
9429 2 2 0 4 2853 2854 2852
9430 2 2 0 4 2856 2858 2857
9431 2 2 0 4 4148 6882 2857
9432 2 2 0 4 2859 6884 4165
9433 2 2 0 4 2888 6948 6939
9434 2 2 0 4 2891 6657 3523
9435 2 2 0 4 2974 5196 4759
9436 2 2 0 4 3230 3250 2987
9437 2 2 0 4 3242 3243 3241
9438 2 2 0 4 3241 7049 3284
9439 2 2 0 4 3246 3247 3245
9440 2 2 0 4 3259 3354 3353
9441 2 2 0 4 7172 7185 3349
9442 2 2 0 4 3364 4492 3557
9443 2 2 0 4 3372 4789 3457
9444 2 2 0 4 3403 3551 3401
9445 2 2 0 4 3596 3597 3466
9446 2 2 0 4 3472 4787 4253
9447 2 2 0 4 3497 3499 3498
9448 2 2 0 4 3523 3526 3525
9449 2 2 0 4 4506 6971 3528
9450 2 2 0 4 3538 3709 3537
9451 2 2 0 4 3577 3822 3821
9452 2 2 0 4 3590 4329 4150
9453 2 2 0 4 3718 4247 3719
9454 2 2 0 4 3765 6710 3774
9455 2 2 0 4 4085 4432 4086
9456 2 2 0 4 4132 4761 4233
9457 2 2 0 4 4338 5208 4136
9458 2 2 0 4 4166 5219 4148
9459 2 2 0 4 4176 4178 4177
9460 2 2 0 4 4178 4180 4179
9461 2 2 0 4 4825 4830 4247
9462 2 2 0 4 4369 5057 4670
9463 2 2 0 4 4659 5550 4478
9464 2 2 0 4 4492 5203 5201
9465 2 2 0 4 4520 6819 5199
9466 2 2 0 4 4562 6682 4563
9467 2 2 0 4 4563 4913 4912
9468 2 2 0 4 4675 6497 4610
9469 2 2 0 4 4751 4752 4750
9470 2 2 0 4 4752 6850 4755
9471 2 2 0 4 4761 6643 6434
9472 2 2 0 4 4787 4848 4847
9473 2 2 0 4 4791 6916 6695
9474 2 2 0 4 5113 5114 5112
9475 2 2 0 4 6939 6948 5223
9476 2 2 0 4 6576 6846 6561
9477 2 2 0 4 6578 6585 6577
9478 2 2 0 4 6612 6613 6611
9479 2 2 0 4 6613 6616 6615
9480 2 2 0 4 6685 6916 6684
9481 2 2 0 4 6743 7119 6741
9482 2 2 0 4 6924 7071 6958
9483 2 2 0 4 102 6879 6878
9484 2 2 0 4 3504 3592 3591
9485 2 2 0 4 3650 3765 3651
9486 2 2 0 4 4382 4627 4512
9487 2 2 0 4 4961 6544 6543
9488 2 2 0 4 2684 2685 2683
9489 2 2 0 4 2690 2691 2689
9490 2 2 0 4 2694 2695 2693
9491 2 2 0 4 2753 6943 2695
9492 2 2 0 4 2700 2701 2699
9493 2 2 0 4 2702 2703 2701
9494 2 2 0 4 2706 6944 2703
9495 2 2 0 4 2704 6938 2823
9496 2 2 0 4 2822 6691 2705
9497 2 2 0 4 6691 6827 2707
9498 2 2 0 4 2709 2711 2710
9499 2 2 0 4 2712 2752 2710
9500 2 2 0 4 2714 2716 2715
9501 2 2 0 4 3541 6828 2716
9502 2 2 0 4 2719 3532 2717
9503 2 2 0 4 2718 2722 2719
9504 2 2 0 4 2718 2724 2722
9505 2 2 0 4 2742 6990 2739
9506 2 2 0 4 2761 2762 2756
9507 2 2 0 4 2763 2764 2762
9508 2 2 0 4 2776 6684 2943
9509 2 2 0 4 2779 6922 2783
9510 2 2 0 4 2785 2843 2842
9511 2 2 0 4 2795 6693 3497
9512 2 2 0 4 2810 2833 2831
9513 2 2 0 4 2824 6848 2822
9514 2 2 0 4 2822 6848 6691
9515 2 2 0 4 2823 3533 2825
9516 2 2 0 4 2823 6938 3533
9517 2 2 0 4 2875 2876 2828
9518 2 2 0 4 2887 2888 2832
9519 2 2 0 4 2843 2896 2895
9520 2 2 0 4 2945 2946 2855
9521 2 2 0 4 2876 2878 2877
9522 2 2 0 4 2887 6780 2915
9523 2 2 0 4 2915 2916 2888
9524 2 2 0 4 2915 6780 2948
9525 2 2 0 4 2962 2963 2939
9526 2 2 0 4 2948 4535 4246
9527 2 2 0 4 2949 2973 2950
9528 2 2 0 4 2973 6814 2974
9529 2 2 0 4 2975 3216 2973
9530 2 2 0 4 2984 6785 2983
9531 2 2 0 4 2988 3232 3231
9532 2 2 0 4 3285 3286 2990
9533 2 2 0 4 3201 3202 3200
9534 2 2 0 4 3203 3204 3202
9535 2 2 0 4 3203 6670 3206
9536 2 2 0 4 3213 3226 3212
9537 2 2 0 4 3214 3252 3215
9538 2 2 0 4 3217 3291 3216
9539 2 2 0 4 3252 3372 3296
9540 2 2 0 4 3297 3298 3253
9541 2 2 0 4 3285 6843 3408
9542 2 2 0 4 3401 3402 3291
9543 2 2 0 4 3299 3350 3298
9544 2 2 0 4 3356 3357 3355
9545 2 2 0 4 3368 6727 3369
9546 2 2 0 4 3369 3549 3548
9547 2 2 0 4 3372 3457 3456
9548 2 2 0 4 3542 3801 3412
9549 2 2 0 4 3439 3720 3437
9550 2 2 0 4 3447 6824 3449
9551 2 2 0 4 3464 6824 4236
9552 2 2 0 4 3597 6647 3466
9553 2 2 0 4 3504 3505 3503
9554 2 2 0 4 3505 3506 3503
9555 2 2 0 4 3727 3728 3547
9556 2 2 0 4 3765 3766 3651
9557 2 2 0 4 6632 6633 3717
9558 2 2 0 4 4235 4515 3720
9559 2 2 0 4 4550 4551 3737
9560 2 2 0 4 4496 7024 4137
9561 2 2 0 4 4262 6919 4140
9562 2 2 0 4 4143 4145 4144
9563 2 2 0 4 4501 6897 4146
9564 2 2 0 4 4788 6586 4147
9565 2 2 0 4 4154 4156 4155
9566 2 2 0 4 4177 4337 4175
9567 2 2 0 4 4182 6993 4184
9568 2 2 0 4 4236 6824 5222
9569 2 2 0 4 4240 4305 4239
9570 2 2 0 4 4270 4271 4269
9571 2 2 0 4 4274 4527 4273
9572 2 2 0 4 4274 4528 4527
9573 2 2 0 4 4364 4715 4331
9574 2 2 0 4 4511 5383 5382
9575 2 2 0 4 4530 4532 4528
9576 2 2 0 4 6471 6472 4532
9577 2 2 0 4 5281 5632 4570
9578 2 2 0 4 4755 6850 6596
9579 2 2 0 4 4775 6520 5212
9580 2 2 0 4 4778 6542 5214
9581 2 2 0 4 4788 6589 6586
9582 2 2 0 4 4798 5151 4799
9583 2 2 0 4 4813 6818 6678
9584 2 2 0 4 4832 7087 4855
9585 2 2 0 4 4872 5258 4857
9586 2 2 0 4 4885 7202 7151
9587 2 2 0 4 6640 6642 5074
9588 2 2 0 4 6652 6905 5152
9589 2 2 0 4 5158 5161 5159
9590 2 2 0 4 6627 7051 5213
9591 2 2 0 4 6458 6460 6459
9592 2 2 0 4 6742 6743 6741
9593 2 2 0 4 6879 6880 6878
9594 2 2 0 4 6894 7194 6896
9595 2 2 0 4 6676 7108 2806
9596 2 2 0 4 2868 3494 2866
9597 2 2 0 4 2882 6680 2899
9598 2 2 0 4 2899 2929 2927
9599 2 2 0 4 2920 6734 6732
9600 2 2 0 4 2929 4525 3535
9601 2 2 0 4 2982 3196 2984
9602 2 2 0 4 3353 7069 3352
9603 2 2 0 4 3354 6793 3356
9604 2 2 0 4 3357 3365 3355
9605 2 2 0 4 3477 3478 3370
9606 2 2 0 4 3489 6906 3376
9607 2 2 0 4 3480 4131 3481
9608 2 2 0 4 3577 3821 3578
9609 2 2 0 4 3739 6956 4488
9610 2 2 0 4 4085 4086 3807
9611 2 2 0 4 3822 4595 3821
9612 2 2 0 4 4186 4187 4185
9613 2 2 0 4 4195 6719 4193
9614 2 2 0 4 4339 4810 4207
9615 2 2 0 4 4219 4221 4220
9616 2 2 0 4 4221 4223 4222
9617 2 2 0 4 4227 7018 4497
9618 2 2 0 4 4764 6467 4230
9619 2 2 0 4 4248 4826 4257
9620 2 2 0 4 4263 7066 5257
9621 2 2 0 4 4489 4777 4313
9622 2 2 0 4 4715 4716 4331
9623 2 2 0 4 4427 4703 4702
9624 2 2 0 4 4865 4866 4523
9625 2 2 0 4 4701 5640 4664
9626 2 2 0 4 4793 4795 4794
9627 2 2 0 4 4991 6474 4807
9628 2 2 0 4 4865 4877 4866
9629 2 2 0 4 4877 4878 4866
9630 2 2 0 4 4879 4880 4878
9631 2 2 0 4 4891 4893 4892
9632 2 2 0 4 5199 6439 5198
9633 2 2 0 4 6693 6889 5229
9634 2 2 0 4 6533 6534 6532
9635 2 2 0 4 6695 6916 6888
9636 2 2 0 4 2899 2900 2883
9637 2 2 0 4 2892 6624 3485
9638 2 2 0 4 2905 6809 3500
9639 2 2 0 4 2915 2947 2916
9640 2 2 0 4 2981 2982 2964
9641 2 2 0 4 3249 6980 6979
9642 2 2 0 4 3356 3538 3537
9643 2 2 0 4 3366 3472 3365
9644 2 2 0 4 3581 6807 4817
9645 2 2 0 4 4819 4820 4120
9646 2 2 0 4 4163 4687 4345
9647 2 2 0 4 4841 4842 4301
9648 2 2 0 4 6675 6999 4393
9649 2 2 0 4 6473 6746 4532
9650 2 2 0 4 4675 6499 6497
9651 2 2 0 4 4703 5111 4702
9652 2 2 0 4 4844 4845 4843
9653 2 2 0 4 4848 4860 4847
9654 2 2 0 4 7080 7158 5256
9655 2 2 0 4 1859 7079 6959
9656 2 2 0 4 2720 2727 2721
9657 2 2 0 4 2727 2734 2728
9658 2 2 0 4 2743 2747 2744
9659 2 2 0 4 2773 6708 2775
9660 2 2 0 4 2844 2845 2840
9661 2 2 0 4 2851 2852 2850
9662 2 2 0 4 2855 2856 2854
9663 2 2 0 4 2920 6732 2870
9664 2 2 0 4 2878 6726 2880
9665 2 2 0 4 2901 6809 2902
9666 2 2 0 4 2905 3500 3490
9667 2 2 0 4 2908 6928 2912
9668 2 2 0 4 2949 2975 2973
9669 2 2 0 4 2982 2984 2983
9670 2 2 0 4 3196 3197 2984
9671 2 2 0 4 2988 3230 2987
9672 2 2 0 4 3201 3203 3202
9673 2 2 0 4 3207 3209 3208
9674 2 2 0 4 3217 3292 3291
9675 2 2 0 4 3230 3486 3250
9676 2 2 0 4 3237 6831 3235
9677 2 2 0 4 3245 6832 3243
9678 2 2 0 4 4153 6844 3261
9679 2 2 0 4 3299 3351 3350
9680 2 2 0 4 3369 3548 3547
9681 2 2 0 4 3372 6738 4789
9682 2 2 0 4 3442 3443 3440
9683 2 2 0 4 3462 3463 3450
9684 2 2 0 4 3607 6937 3473
9685 2 2 0 4 4265 4266 3476
9686 2 2 0 4 3481 3608 3607
9687 2 2 0 4 6905 6906 3489
9688 2 2 0 4 3502 3504 3503
9689 2 2 0 4 3506 6786 3503
9690 2 2 0 4 3507 3760 3509
9691 2 2 0 4 3568 3569 3550
9692 2 2 0 4 3581 4817 3579
9693 2 2 0 4 3580 4540 3650
9694 2 2 0 4 3708 4299 3711
9695 2 2 0 4 3727 4910 4533
9696 2 2 0 4 4534 4801 3728
9697 2 2 0 4 4169 4172 4171
9698 2 2 0 4 4495 6985 4178
9699 2 2 0 4 4199 6719 4195
9700 2 2 0 4 4200 6904 4196
9701 2 2 0 4 4226 4227 4224
9702 2 2 0 4 4240 4306 4305
9703 2 2 0 4 4263 5257 4846
9704 2 2 0 4 4270 4272 4271
9705 2 2 0 4 4341 4342 4340
9706 2 2 0 4 4856 7029 4342
9707 2 2 0 4 4424 6558 6557
9708 2 2 0 4 5026 5094 4698
9709 2 2 0 4 4795 4796 4794
9710 2 2 0 4 4828 7019 4851
9711 2 2 0 4 4946 5155 4947
9712 2 2 0 4 5113 6430 5114
9713 2 2 0 4 5285 5947 5284
9714 2 2 0 4 6544 6545 6543
9715 2 2 0 4 2915 2948 2947
9716 2 2 0 4 2918 6648 4255
9717 2 2 0 4 3217 3293 3292
9718 2 2 0 4 4433 4435 4434
9719 2 2 0 4 10 1935 9
9720 2 2 0 4 12 1886 11
9721 2 2 0 4 15 1876 14
9722 2 2 0 4 17 1905 16
9723 2 2 0 4 18 6853 17
9724 2 2 0 4 19 1869 18
9725 2 2 0 4 21 1906 20
9726 2 2 0 4 22 6855 21
9727 2 2 0 4 26 1907 25
9728 2 2 0 4 28 1856 27
9729 2 2 0 4 30 1908 29
9730 2 2 0 4 33 1858 32
9731 2 2 0 4 36 1884 35
9732 2 2 0 4 37 6856 36
9733 2 2 0 4 38 7043 37
9734 2 2 0 4 39 1854 38
9735 2 2 0 4 41 1909 40
9736 2 2 0 4 44 1848 43
9737 2 2 0 4 46 1910 45
9738 2 2 0 4 48 1870 47
9739 2 2 0 4 50 1911 49
9740 2 2 0 4 51 6863 50
9741 2 2 0 4 52 1883 51
9742 2 2 0 4 55 1887 54
9743 2 2 0 4 57 1936 56
9744 2 2 0 4 61 1888 60
9745 2 2 0 4 62 6866 61
9746 2 2 0 4 64 1878 63
9747 2 2 0 4 66 1912 65
9748 2 2 0 4 68 1866 67
9749 2 2 0 4 70 1913 69
9750 2 2 0 4 73 1852 72
9751 2 2 0 4 75 1914 74
9752 2 2 0 4 76 6869 75
9753 2 2 0 4 78 1862 77
9754 2 2 0 4 80 1915 79
9755 2 2 0 4 83 1868 82
9756 2 2 0 4 85 1916 84
9757 2 2 0 4 86 6873 85
9758 2 2 0 4 88 6953 87
9759 2 2 0 4 90 1904 89
9760 2 2 0 4 91 6874 90
9761 2 2 0 4 95 1917 94
9762 2 2 0 4 97 1867 96
9763 2 2 0 4 99 1918 98
9764 2 2 0 4 100 6877 99
9765 2 2 0 4 101 1880 100
9766 2 2 0 4 103 6879 102
9767 2 2 0 4 104 1902 103
9768 2 2 0 4 105 6881 104
9769 2 2 0 4 6856 6857 1884
9770 2 2 0 4 2542 2548 2544
9771 2 2 0 4 2726 6802 2690
9772 2 2 0 4 2692 2694 2693
9773 2 2 0 4 2704 2822 2705
9774 2 2 0 4 2710 6847 2708
9775 2 2 0 4 2716 6828 2718
9776 2 2 0 4 2823 2824 2822
9777 2 2 0 4 2827 2828 2826
9778 2 2 0 4 3317 7105 2879
9779 2 2 0 4 2948 4246 2947
9780 2 2 0 4 3259 3353 3352
9781 2 2 0 4 3292 3403 3401
9782 2 2 0 4 3297 3299 3298
9783 2 2 0 4 3500 6809 4812
9784 2 2 0 4 3505 3507 3506
9785 2 2 0 4 3517 6671 3521
9786 2 2 0 4 3520 3714 3518
9787 2 2 0 4 3548 3727 3547
9788 2 2 0 4 3569 3806 3550
9789 2 2 0 4 4120 4121 3597
9790 2 2 0 4 4132 4233 3709
9791 2 2 0 4 4139 6598 4141
9792 2 2 0 4 4787 4847 4253
9793 2 2 0 4 4308 4310 4306
9794 2 2 0 4 4324 6490 4381
9795 2 2 0 4 4479 5235 4659
9796 2 2 0 4 4910 4911 4533
9797 2 2 0 4 4720 4977 4976
9798 2 2 0 4 4992 5043 4991
9799 2 2 0 4 5228 6907 6799
9800 2 2 0 4 17 6853 1905
9801 2 2 0 4 1869 6853 18
9802 2 2 0 4 21 6855 1906
9803 2 2 0 4 23 1846 22
9804 2 2 0 4 36 6856 1884
9805 2 2 0 4 50 6863 1911
9806 2 2 0 4 1883 6863 51
9807 2 2 0 4 61 6866 1888
9808 2 2 0 4 75 6869 1914
9809 2 2 0 4 85 6873 1916
9810 2 2 0 4 87 1863 86
9811 2 2 0 4 90 6874 1904
9812 2 2 0 4 92 1851 91
9813 2 2 0 4 99 6877 1918
9814 2 2 0 4 1880 6877 100
9815 2 2 0 4 102 6878 101
9816 2 2 0 4 1902 6879 103
9817 2 2 0 4 104 6881 1902
9818 2 2 0 4 2686 2687 2685
9819 2 2 0 4 3196 7033 3197
9820 2 2 0 4 3202 3318 3200
9821 2 2 0 4 3347 3476 3474
9822 2 2 0 4 3711 3796 3475
9823 2 2 0 4 4263 4265 3476
9824 2 2 0 4 3549 3568 3550
9825 2 2 0 4 4114 4426 4425
9826 2 2 0 4 4115 7000 6563
9827 2 2 0 4 4156 7134 4324
9828 2 2 0 4 4162 6645 4160
9829 2 2 0 4 4345 4493 4162
9830 2 2 0 4 4257 6998 4259
9831 2 2 0 4 4520 5198 4260
9832 2 2 0 4 4610 5226 4266
9833 2 2 0 4 4527 4899 4273
9834 2 2 0 4 4522 4865 4523
9835 2 2 0 4 4534 4919 4801
9836 2 2 0 4 4752 4755 4750
9837 2 2 0 4 4755 6595 6594
9838 2 2 0 4 4868 4894 4869
9839 2 2 0 4 5208 6552 6492
9840 2 2 0 4 7052 7209 5236
9841 2 2 0 4 7154 7168 5255
9842 2 2 0 4 1906 6854 20
9843 2 2 0 4 1909 6859 40
9844 2 2 0 4 1848 6860 43
9845 2 2 0 4 1887 6864 54
9846 2 2 0 4 1936 6865 56
9847 2 2 0 4 1913 6867 69
9848 2 2 0 4 1914 6868 74
9849 2 2 0 4 1915 6870 79
9850 2 2 0 4 1868 6871 82
9851 2 2 0 4 1916 6872 84
9852 2 2 0 4 2681 2720 2682
9853 2 2 0 4 2887 6791 6780
9854 2 2 0 4 4246 6995 2947
9855 2 2 0 4 2974 4241 2950
9856 2 2 0 4 3292 3401 3291
9857 2 2 0 4 3350 7070 6681
9858 2 2 0 4 3582 4853 4304
9859 2 2 0 4 3766 4509 3651
9860 2 2 0 4 3825 4837 4836
9861 2 2 0 4 6492 6989 4136
9862 2 2 0 4 4227 4230 4224
9863 2 2 0 4 4497 4764 4230
9864 2 2 0 4 4760 5223 4241
9865 2 2 0 4 4257 4258 4249
9866 2 2 0 4 4779 6797 4279
9867 2 2 0 4 4324 4381 4380
9868 2 2 0 4 4341 4871 4856
9869 2 2 0 4 4364 4717 4715
9870 2 2 0 4 4521 6819 4520
9871 2 2 0 4 4523 4889 4521
9872 2 2 0 4 1846 6855 22
9873 2 2 0 4 1851 6874 91
9874 2 2 0 4 6758 6759 1860
9875 2 2 0 4 2885 2892 2886
9876 2 2 0 4 2892 2901 2893
9877 2 2 0 4 3234 3236 3235
9878 2 2 0 4 3246 3251 3247
9879 2 2 0 4 3251 7168 7154
9880 2 2 0 4 3347 4263 3476
9881 2 2 0 4 3403 3552 3551
9882 2 2 0 4 3481 3607 3473
9883 2 2 0 4 3708 3711 3475
9884 2 2 0 4 3477 3777 3478
9885 2 2 0 4 4849 6786 3506
9886 2 2 0 4 4299 4300 3711
9887 2 2 0 4 4561 7058 3778
9888 2 2 0 4 4382 4512 3800
9889 2 2 0 4 4248 4249 4133
9890 2 2 0 4 5218 6669 4185
9891 2 2 0 4 6710 6711 4735
9892 2 2 0 4 4796 6629 4794
9893 2 2 0 4 4970 6331 4990
9894 2 2 0 4 5114 5725 5112
9895 2 2 0 4 6856 6858 6857
9896 2 2 0 4 2692 2693 2691
9897 2 2 0 4 2696 2697 2695
9898 2 2 0 4 2698 2699 2697
9899 2 2 0 4 2713 6683 2711
9900 2 2 0 4 2720 2971 2727
9901 2 2 0 4 2728 2972 2721
9902 2 2 0 4 2730 2736 2732
9903 2 2 0 4 2743 2748 2747
9904 2 2 0 4 2745 2755 2746
9905 2 2 0 4 2754 6990 4621
9906 2 2 0 4 2755 2760 2756
9907 2 2 0 4 2761 6700 2763
9908 2 2 0 4 2775 4834 2777
9909 2 2 0 4 2789 2816 2792
9910 2 2 0 4 2791 2793 2790
9911 2 2 0 4 2816 2820 2792
9912 2 2 0 4 2798 2799 2796
9913 2 2 0 4 2797 2817 2798
9914 2 2 0 4 3718 3719 2817
9915 2 2 0 4 2846 2848 2820
9916 2 2 0 4 2830 2836 2835
9917 2 2 0 4 3522 6923 2835
9918 2 2 0 4 2856 2857 2854
9919 2 2 0 4 2858 2859 2857
9920 2 2 0 4 2862 2863 2860
9921 2 2 0 4 2873 6718 2871
9922 2 2 0 4 2890 2924 2894
9923 2 2 0 4 2924 2925 2894
9924 2 2 0 4 2895 7041 4243
9925 2 2 0 4 2905 2906 2904
9926 2 2 0 4 2933 6662 2931
9927 2 2 0 4 2954 2978 2976
9928 2 2 0 4 2966 3063 2968
9929 2 2 0 4 3216 6814 2973
9930 2 2 0 4 2978 3257 3225
9931 2 2 0 4 4517 6658 3225
9932 2 2 0 4 3234 6912 3411
9933 2 2 0 4 3249 3258 3248
9934 2 2 0 4 3257 3346 3345
9935 2 2 0 4 3259 3352 3258
9936 2 2 0 4 3478 6989 3370
9937 2 2 0 4 3424 3427 3426
9938 2 2 0 4 3427 3433 3428
9939 2 2 0 4 3434 3563 3545
9940 2 2 0 4 3463 3596 3466
9941 2 2 0 4 3480 5228 4131
9942 2 2 0 4 3497 6693 5229
9943 2 2 0 4 3499 3590 3498
9944 2 2 0 4 3511 3512 3510
9945 2 2 0 4 3531 4772 4231
9946 2 2 0 4 7100 7152 3540
9947 2 2 0 4 3563 3778 3564
9948 2 2 0 4 3563 6968 3780
9949 2 2 0 4 3569 4085 3807
9950 2 2 0 4 3590 4150 4149
9951 2 2 0 4 3710 4248 4133
9952 2 2 0 4 3718 6808 4825
9953 2 2 0 4 3733 6822 6821
9954 2 2 0 4 3774 6710 4735
9955 2 2 0 4 3780 4561 3778
9956 2 2 0 4 3793 6529 3792
9957 2 2 0 4 3792 4280 4252
9958 2 2 0 4 5248 6654 3798
9959 2 2 0 4 3799 7032 5246
9960 2 2 0 4 3805 4576 4268
9961 2 2 0 4 4432 4433 4086
9962 2 2 0 4 4137 4139 4138
9963 2 2 0 4 4791 6695 4149
9964 2 2 0 4 4159 4161 4160
9965 2 2 0 4 4165 5215 4167
9966 2 2 0 4 4170 4786 4168
9967 2 2 0 4 4169 4171 4170
9968 2 2 0 4 4180 4181 4179
9969 2 2 0 4 4186 4188 4187
9970 2 2 0 4 4206 4207 4204
9971 2 2 0 4 4214 4225 4215
9972 2 2 0 4 4251 7063 6742
9973 2 2 0 4 4874 4875 4264
9974 2 2 0 4 4498 4499 4275
9975 2 2 0 4 4369 4670 4370
9976 2 2 0 4 4783 6846 4370
9977 2 2 0 4 6674 6675 4393
9978 2 2 0 4 4429 4946 4780
9979 2 2 0 4 4778 4835 4499
9980 2 2 0 4 4510 7131 4511
9981 2 2 0 4 5270 6445 4535
9982 2 2 0 4 4601 5081 4561
9983 2 2 0 4 4671 6836 4784
9984 2 2 0 4 4784 6503 6502
9985 2 2 0 4 4815 4816 4814
9986 2 2 0 4 4828 4851 4824
9987 2 2 0 4 4830 4832 4831
9988 2 2 0 4 5233 6969 4830
9989 2 2 0 4 5240 7009 4831
9990 2 2 0 4 6708 7187 4834
9991 2 2 0 4 4897 4898 4893
9992 2 2 0 4 4936 6707 4937
9993 2 2 0 4 5551 6259 5081
9994 2 2 0 4 5171 5456 5170
9995 2 2 0 4 5233 6983 6970
9996 2 2 0 4 5246 5247 5245
9997 2 2 0 4 6507 6510 6509
9998 2 2 0 4 6531 7225 6533
9999 2 2 0 4 6605 6608 6607
10000 2 2 0 4 6637 6638 6635
10001 2 2 0 4 6930 6978 6657
10002 2 2 0 4 6701 6703 6702
10003 2 2 0 4 6971 6972 6729
10004 2 2 0 4 2688 2726 2690
10005 2 2 0 4 2702 6938 2704
10006 2 2 0 4 2705 2706 2703
10007 2 2 0 4 2707 2708 2706
10008 2 2 0 4 2709 2710 2708
10009 2 2 0 4 2718 6828 2724
10010 2 2 0 4 2729 2730 2723
10011 2 2 0 4 2726 6803 6802
10012 2 2 0 4 2730 2732 2731
10013 2 2 0 4 2741 2742 2739
10014 2 2 0 4 2745 2746 2742
10015 2 2 0 4 2755 2756 2746
10016 2 2 0 4 2761 2763 2762
10017 2 2 0 4 2763 2765 2764
10018 2 2 0 4 3540 6706 2769
10019 2 2 0 4 2775 2777 2776
10020 2 2 0 4 2777 2779 2778
10021 2 2 0 4 2786 2787 2784
10022 2 2 0 4 2791 6808 2794
10023 2 2 0 4 2792 6692 3491
10024 2 2 0 4 2803 4242 2801
10025 2 2 0 4 2802 2874 2804
10026 2 2 0 4 2807 2919 2805
10027 2 2 0 4 2808 2898 2813
10028 2 2 0 4 2818 3531 2829
10029 2 2 0 4 2823 2825 2824
10030 2 2 0 4 2838 6930 2836
10031 2 2 0 4 2891 3523 3522
10032 2 2 0 4 6928 7040 2912
10033 2 2 0 4 2926 4824 4813
10034 2 2 0 4 2986 7041 2930
10035 2 2 0 4 3373 7119 2990
10036 2 2 0 4 3234 3411 3236
10037 2 2 0 4 3286 6810 3374
10038 2 2 0 4 3497 3498 3371
10039 2 2 0 4 3407 6811 6810
10040 2 2 0 4 3418 6650 3430
10041 2 2 0 4 3438 3439 3437
10042 2 2 0 4 3449 3464 3462
10043 2 2 0 4 3457 3793 3792
10044 2 2 0 4 3526 3527 3525
10045 2 2 0 4 3527 6915 4316
10046 2 2 0 4 3530 3585 3529
10047 2 2 0 4 6793 7022 3538
10048 2 2 0 4 3585 4095 3604
10049 2 2 0 4 3726 4862 4852
10050 2 2 0 4 3734 6926 4480
10051 2 2 0 4 4095 4446 4330
10052 2 2 0 4 5219 6882 4148
10053 2 2 0 4 4786 6845 4168
10054 2 2 0 4 4245 6931 6818
10055 2 2 0 4 6818 7076 4245
10056 2 2 0 4 4432 4734 4433
10057 2 2 0 4 6657 6978 4506
10058 2 2 0 4 6990 7217 4621
10059 2 2 0 4 4785 5073 4680
10060 2 2 0 4 6739 6740 4789
10061 2 2 0 4 5216 5217 4802
10062 2 2 0 4 4813 7065 6818
10063 2 2 0 4 6923 6955 4818
10064 2 2 0 4 4832 4854 4831
10065 2 2 0 4 4855 4873 4854
10066 2 2 0 4 4874 5263 4875
10067 2 2 0 4 6886 7098 5222
10068 2 2 0 4 5248 6730 6654
10069 2 2 0 4 5373 5516 5372
10070 2 2 0 4 6490 7051 6620
10071 2 2 0 4 6701 7056 6704
10072 2 2 0 4 6703 6705 6702
10073 2 2 0 4 6719 7158 6900
10074 2 2 0 4 6894 6895 6893
10075 2 2 0 4 2688 2689 2687
10076 2 2 0 4 2697 2753 2695
10077 2 2 0 4 2697 6804 2753
10078 2 2 0 4 2698 6783 2700
10079 2 2 0 4 2700 4829 2702
10080 2 2 0 4 2708 6847 3496
10081 2 2 0 4 2709 6827 2713
10082 2 2 0 4 2730 2731 2723
10083 2 2 0 4 2737 2738 2732
10084 2 2 0 4 2739 2754 2738
10085 2 2 0 4 2741 3493 2745
10086 2 2 0 4 2746 4822 2742
10087 2 2 0 4 2745 6725 2755
10088 2 2 0 4 2746 6842 4822
10089 2 2 0 4 2754 4620 3484
10090 2 2 0 4 2755 6725 2785
10091 2 2 0 4 2842 6946 2760
10092 2 2 0 4 2765 2766 2764
10093 2 2 0 4 2767 2769 2768
10094 2 2 0 4 2767 6911 3540
10095 2 2 0 4 2771 2772 2770
10096 2 2 0 4 2788 6708 2773
10097 2 2 0 4 2775 6708 4834
10098 2 2 0 4 2779 2780 2778
10099 2 2 0 4 2781 2782 2780
10100 2 2 0 4 2781 6983 2782
10101 2 2 0 4 2782 2791 2790
10102 2 2 0 4 2787 6970 2784
10103 2 2 0 4 2792 3491 2787
10104 2 2 0 4 2791 2794 2793
10105 2 2 0 4 3371 6888 2793
10106 2 2 0 4 2798 2800 2799
10107 2 2 0 4 4242 6889 2801
10108 2 2 0 4 2802 2804 2803
10109 2 2 0 4 2804 2806 2805
10110 2 2 0 4 2806 2808 2807
10111 2 2 0 4 2808 2813 2809
10112 2 2 0 4 6702 6911 2812
10113 2 2 0 4 2813 2818 2814
10114 2 2 0 4 2818 2829 2819
10115 2 2 0 4 2835 6923 2819
10116 2 2 0 4 2825 2827 2826
10117 2 2 0 4 2827 2875 2828
10118 2 2 0 4 2830 2837 2836
10119 2 2 0 4 2891 3522 2835
10120 2 2 0 4 2837 2839 2838
10121 2 2 0 4 2839 2844 2840
10122 2 2 0 4 2849 6994 2840
10123 2 2 0 4 2845 2851 2850
10124 2 2 0 4 2944 5224 2849
10125 2 2 0 4 2851 2853 2852
10126 2 2 0 4 2853 2855 2854
10127 2 2 0 4 2856 6744 2858
10128 2 2 0 4 2858 2861 2860
10129 2 2 0 4 2866 6619 2863
10130 2 2 0 4 2872 2920 2870
10131 2 2 0 4 2880 2885 2881
10132 2 2 0 4 2892 2893 2886
10133 2 2 0 4 2930 7041 2895
10134 2 2 0 4 2928 2938 2900
10135 2 2 0 4 2902 6809 2905
10136 2 2 0 4 2906 2907 2904
10137 2 2 0 4 2906 2908 2907
10138 2 2 0 4 2908 2909 2907
10139 2 2 0 4 2908 2910 2909
10140 2 2 0 4 2913 2922 2914
10141 2 2 0 4 2918 2959 2958
10142 2 2 0 4 2922 2955 2954
10143 2 2 0 4 2928 6672 2961
10144 2 2 0 4 2934 2936 2935
10145 2 2 0 4 2959 2987 2958
10146 2 2 0 4 2959 2988 2987
10147 2 2 0 4 3207 3208 3205
10148 2 2 0 4 3206 4152 3261
10149 2 2 0 4 3206 6670 4152
10150 2 2 0 4 3211 3212 3210
10151 2 2 0 4 3322 3323 3229
10152 2 2 0 4 3236 3237 3235
10153 2 2 0 4 3247 3249 3248
10154 2 2 0 4 3372 3456 3296
10155 2 2 0 4 3350 4164 3298
10156 2 2 0 4 3475 6570 3346
10157 2 2 0 4 3410 3412 3348
10158 2 2 0 4 3366 3473 3472
10159 2 2 0 4 3366 3480 3473
10160 2 2 0 4 3722 6709 3419
10161 2 2 0 4 3422 3424 3423
10162 2 2 0 4 3424 3426 3425
10163 2 2 0 4 3427 3428 3426
10164 2 2 0 4 3433 3434 3428
10165 2 2 0 4 3441 6547 3442
10166 2 2 0 4 3464 3734 3733
10167 2 2 0 4 3578 3579 3487
10168 2 2 0 4 3500 4812 3502
10169 2 2 0 4 3523 3524 3522
10170 2 2 0 4 3527 4316 3525
10171 2 2 0 4 3526 4506 3528
10172 2 2 0 4 3529 6915 3527
10173 2 2 0 4 3585 3604 3529
10174 2 2 0 4 3530 4232 3586
10175 2 2 0 4 7082 7123 3543
10176 2 2 0 4 4814 6813 3544
10177 2 2 0 4 4095 4330 3604
10178 2 2 0 4 4429 4780 3648
10179 2 2 0 4 4137 4138 3713
10180 2 2 0 4 3727 4533 3728
10181 2 2 0 4 4138 6919 4514
10182 2 2 0 4 4145 4147 4146
10183 2 2 0 4 4145 6974 4788
10184 2 2 0 4 4147 4502 4500
10185 2 2 0 4 4165 4166 4148
10186 2 2 0 4 4167 4168 4166
10187 2 2 0 4 4169 4170 4168
10188 2 2 0 4 4173 4174 4171
10189 2 2 0 4 4181 4286 4179
10190 2 2 0 4 4272 4273 4271
10191 2 2 0 4 4304 4961 4303
10192 2 2 0 4 6543 6686 4303
10193 2 2 0 4 4307 5238 4309
10194 2 2 0 4 4478 7006 4380
10195 2 2 0 4 4859 6897 4501
10196 2 2 0 4 4526 4886 4525
10197 2 2 0 4 4529 4850 4531
10198 2 2 0 4 4562 4563 4538
10199 2 2 0 4 5081 5082 4561
10200 2 2 0 4 4576 6696 5055
10201 2 2 0 4 4681 5158 4682
10202 2 2 0 4 5094 5613 4698
10203 2 2 0 4 4755 6596 6595
10204 2 2 0 4 4947 6491 4780
10205 2 2 0 4 4788 6593 6589
10206 2 2 0 4 6681 7070 4801
10207 2 2 0 4 4825 5233 4830
10208 2 2 0 4 6808 6984 4825
10209 2 2 0 4 4854 5240 4831
10210 2 2 0 4 6924 6958 4876
10211 2 2 0 4 4914 5570 4915
10212 2 2 0 4 4946 6238 5155
10213 2 2 0 4 4946 7109 6238
10214 2 2 0 4 6564 7031 5225
10215 2 2 0 4 5247 6961 5245
10216 2 2 0 4 6961 7131 5245
10217 2 2 0 4 6440 6457 6439
10218 2 2 0 4 6729 7031 6572
10219 2 2 0 4 6579 6580 6578
10220 2 2 0 4 6587 6590 6588
10221 2 2 0 4 6590 6592 6588
10222 2 2 0 4 6608 6609 6607
10223 2 2 0 4 6632 6634 6633
10224 2 2 0 4 6634 6781 6637
10225 2 2 0 4 6638 6639 6635
10226 2 2 0 4 6701 6704 6703
10227 2 2 0 4 6705 7100 6702
10228 2 2 0 4 7056 7132 6704
10229 2 2 0 4 1863 6873 86
10230 2 2 0 4 101 6878 1880
10231 2 2 0 4 2949 2950 2916
10232 2 2 0 4 2932 2934 2933
10233 2 2 0 4 2947 6995 2949
10234 2 2 0 4 2949 6995 2975
10235 2 2 0 4 3198 6785 2984
10236 2 2 0 4 3197 3260 3199
10237 2 2 0 4 3199 6627 3201
10238 2 2 0 4 3201 6670 3203
10239 2 2 0 4 3214 3215 3213
10240 2 2 0 4 3252 3253 3215
10241 2 2 0 4 3403 3553 3552
10242 2 2 0 4 4823 6928 3490
10243 2 2 0 4 3521 3763 3762
10244 2 2 0 4 3677 3679 3678
10245 2 2 0 4 4124 4125 4123
10246 2 2 0 4 6432 6438 4131
10247 2 2 0 4 4248 4257 4249
10248 2 2 0 4 4257 4259 4258
10249 2 2 0 4 4259 4261 4260
10250 2 2 0 4 4426 4427 4425
10251 2 2 0 4 4435 7077 4562
10252 2 2 0 4 4512 5241 4513
10253 2 2 0 4 4522 4523 4521
10254 2 2 0 4 4522 7017 5255
10255 2 2 0 4 4563 4912 4538
10256 2 2 0 4 5111 5814 4702
10257 2 2 0 4 6711 6713 4735
10258 2 2 0 4 4753 4754 4752
10259 2 2 0 4 4978 5533 4860
10260 2 2 0 4 6598 6600 6599
10261 2 2 0 4 6604 6661 6606
10262 2 2 0 4 6636 7007 6781
10263 2 2 0 4 6742 7054 6743
10264 2 2 0 4 2903 7166 7039
10265 2 2 0 4 3229 6885 4840
10266 2 2 0 4 3283 6649 3231
10267 2 2 0 4 3236 3238 3237
10268 2 2 0 4 3322 6967 3429
10269 2 2 0 4 3430 7075 3420
10270 2 2 0 4 6649 6950 3486
10271 2 2 0 4 3501 4823 3490
10272 2 2 0 4 3724 7147 6908
10273 2 2 0 4 4114 4425 4424
10274 2 2 0 4 4161 4163 4162
10275 2 2 0 4 4243 7056 6946
10276 2 2 0 4 6731 6967 4508
10277 2 2 0 4 4774 6569 6560
10278 2 2 0 4 4850 5936 4962
10279 2 2 0 4 5204 6511 5203
10280 2 2 0 4 5244 7083 5248
10281 2 2 0 4 6607 7090 6816
10282 2 2 0 4 2749 2750 2744
10283 2 2 0 4 2810 2811 2758
10284 2 2 0 4 2831 2832 2811
10285 2 2 0 4 2845 2850 2849
10286 2 2 0 4 2947 2949 2916
10287 2 2 0 4 2948 4536 4535
10288 2 2 0 4 3458 3598 3459
10289 2 2 0 4 3606 7088 3459
10290 2 2 0 4 3726 4852 3465
10291 2 2 0 4 3794 4136 3478
10292 2 2 0 4 4232 4781 3586
10293 2 2 0 4 4377 4887 3606
10294 2 2 0 4 3643 4365 4364
10295 2 2 0 4 3763 4567 3762
10296 2 2 0 4 4512 4513 3800
10297 2 2 0 4 4759 4760 4241
10298 2 2 0 4 4243 7132 7056
10299 2 2 0 4 4536 5270 4535
10300 2 2 0 4 4957 6129 4687
10301 2 2 0 4 6623 7077 4734
10302 2 2 0 4 4753 4929 4754
10303 2 2 0 4 4819 6822 4821
10304 2 2 0 4 4862 4863 4852
10305 2 2 0 4 4863 7123 4852
10306 2 2 0 4 4883 4885 4884
10307 2 2 0 4 6494 6495 6487
10308 2 2 0 4 6582 6584 6583
10309 2 2 0 4 7144 7145 6583
10310 2 2 0 4 6744 7013 6743
10311 2 2 0 4 2882 2899 2883
10312 2 2 0 4 3518 7048 3515
10313 2 2 0 4 3538 7022 3710
10314 2 2 0 4 4187 5218 4185
10315 2 2 0 4 4188 4192 4190
10316 2 2 0 4 4191 4210 4189
10317 2 2 0 4 4192 4194 4193
10318 2 2 0 4 4206 4208 4207
10319 2 2 0 4 4215 4216 4213
10320 2 2 0 4 4214 4504 4225
10321 2 2 0 4 4262 7178 6919
10322 2 2 0 4 4498 4778 4499
10323 2 2 0 4 4505 4808 4807
10324 2 2 0 4 4507 4844 4843
10325 2 2 0 4 4516 7183 7173
10326 2 2 0 4 5022 5042 4927
10327 2 2 0 4 5209 6573 6561
10328 2 2 0 4 5295 5529 5528
10329 2 2 0 4 2679 7266 2680
10330 2 2 0 4 2684 2686 2685
10331 2 2 0 4 2707 6827 2709
10332 2 2 0 4 3247 6980 3249
10333 2 2 0 4 3249 6979 3259
10334 2 2 0 4 3792 4252 3456
10335 2 2 0 4 3596 6821 4819
10336 2 2 0 4 3710 7022 4248
10337 2 2 0 4 4801 7070 3728
10338 2 2 0 4 4236 4237 3734
10339 2 2 0 4 5221 6831 4158
10340 2 2 0 4 4240 7060 4307
10341 2 2 0 4 4261 4522 4521
10342 2 2 0 4 4853 4858 4304
10343 2 2 0 4 4428 4720 4310
10344 2 2 0 4 6999 7117 4393
10345 2 2 0 4 4427 4702 4425
10346 2 2 0 4 4717 5508 5507
10347 2 2 0 4 4821 5179 4820
10348 2 2 0 4 6434 6444 6433
10349 2 2 0 4 6625 7095 6624
10350 2 2 0 4 6909 6947 6902
10351 2 2 0 4 3064 3065 3058
10352 2 2 0 4 3196 7264 7263
10353 2 2 0 4 5201 5202 3557
10354 2 2 0 4 4507 6908 4864
10355 2 2 0 4 5260 7251 7035
10356 2 2 0 4 6664 6665 5453
10357 2 2 0 4 87 6953 1863
10358 2 2 0 4 2875 2917 2876
10359 2 2 0 4 3199 3201 3200
10360 2 2 0 4 3203 3205 3204
10361 2 2 0 4 3231 6649 3230
10362 2 2 0 4 3233 3283 3231
10363 2 2 0 4 3242 3244 3243
10364 2 2 0 4 3244 3245 3243
10365 2 2 0 4 4152 4153 3261
10366 2 2 0 4 3283 6721 6649
10367 2 2 0 4 3504 3591 3505
10368 2 2 0 4 3508 4849 3506
10369 2 2 0 4 3592 3825 3591
10370 2 2 0 4 4533 4534 3728
10371 2 2 0 4 4847 5234 4253
10372 2 2 0 4 4537 5268 5267
10373 2 2 0 4 4659 5575 5550
10374 2 2 0 4 5205 6488 5207
10375 2 2 0 4 6537 6539 6538
10376 2 2 0 4 6633 6910 6817
10377 2 2 0 4 2832 2834 2811
10378 2 2 0 4 2885 2886 2881
10379 2 2 0 4 6781 7007 3493
10380 2 2 0 4 4812 6918 3502
10381 2 2 0 4 3510 6952 3508
10382 2 2 0 4 3599 7226 6496
10383 2 2 0 4 6709 7110 3721
10384 2 2 0 4 3793 6531 6530
10385 2 2 0 4 4160 5221 4158
10386 2 2 0 4 4700 6926 4237
10387 2 2 0 4 5222 7060 4238
10388 2 2 0 4 6601 6602 4491
10389 2 2 0 4 6602 7133 4491
10390 2 2 0 4 4509 7115 6807
10391 2 2 0 4 4563 4914 4913
10392 2 2 0 4 4914 4915 4913
10393 2 2 0 4 5041 6157 5543
10394 2 2 0 4 5221 6914 6913
10395 2 2 0 4 6496 7037 6493
10396 2 2 0 4 7064 7095 6625
10397 2 2 0 4 6829 7128 7127
10398 2 2 0 4 2691 6941 3471
10399 2 2 0 4 2704 2705 2703
10400 2 2 0 4 2705 2707 2706
10401 2 2 0 4 2722 2729 2723
10402 2 2 0 4 2741 2745 2742
10403 2 2 0 4 2785 2842 2760
10404 2 2 0 4 2764 3534 2762
10405 2 2 0 4 2765 6911 2767
10406 2 2 0 4 2767 3540 2769
10407 2 2 0 4 2770 2841 2768
10408 2 2 0 4 2771 2788 2773
10409 2 2 0 4 2771 6706 2788
10410 2 2 0 4 2776 2943 2774
10411 2 2 0 4 2783 2786 2784
10412 2 2 0 4 2783 3536 2786
10413 2 2 0 4 2820 6692 2792
10414 2 2 0 4 2796 6693 2795
10415 2 2 0 4 2800 2802 2801
10416 2 2 0 4 2874 6676 2804
10417 2 2 0 4 2816 2847 2846
10418 2 2 0 4 3719 4185 2817
10419 2 2 0 4 2826 4157 2824
10420 2 2 0 4 2876 2877 2828
10421 2 2 0 4 3531 4231 2829
10422 2 2 0 4 2926 4813 2844
10423 2 2 0 4 2857 6882 2854
10424 2 2 0 4 2867 2869 2868
10425 2 2 0 4 2896 2931 2930
10426 2 2 0 4 2922 2954 2923
10427 2 2 0 4 2934 2935 2933
10428 2 2 0 4 2936 2937 2935
10429 2 2 0 4 2937 3255 3254
10430 2 2 0 4 2944 6564 5225
10431 2 2 0 4 2989 2990 2946
10432 2 2 0 4 6895 6896 2970
10433 2 2 0 4 2985 4508 3228
10434 2 2 0 4 3229 4840 2986
10435 2 2 0 4 3197 7033 3260
10436 2 2 0 4 3206 3261 3207
10437 2 2 0 4 3238 3239 3237
10438 2 2 0 4 3239 3242 3241
10439 2 2 0 4 3284 4158 3240
10440 2 2 0 4 6654 7003 3254
10441 2 2 0 4 3255 3364 3363
10442 2 2 0 4 3407 6810 3286
10443 2 2 0 4 3414 3415 3323
10444 2 2 0 4 3344 3410 3348
10445 2 2 0 4 3350 6681 4164
10446 2 2 0 4 3798 6654 3363
10447 2 2 0 4 3364 3557 3556
10448 2 2 0 4 6695 6888 3371
10449 2 2 0 4 3376 3378 3377
10450 2 2 0 4 3636 6745 3396
10451 2 2 0 4 3418 3419 3417
10452 2 2 0 4 3420 3421 3419
10453 2 2 0 4 3422 7075 7061
10454 2 2 0 4 3424 3425 3423
10455 2 2 0 4 3435 3483 3436
10456 2 2 0 4 3448 3543 3445
10457 2 2 0 4 3450 7082 3448
10458 2 2 0 4 3449 3462 3450
10459 2 2 0 4 3463 3465 3450
10460 2 2 0 4 3463 6821 3596
10461 2 2 0 4 3480 6951 5228
10462 2 2 0 4 4084 4096 3483
10463 2 2 0 4 3488 3712 3542
10464 2 2 0 4 6692 7087 3491
10465 2 2 0 4 3497 5229 3499
10466 2 2 0 4 3523 6657 3526
10467 2 2 0 4 3556 7032 3799
10468 2 2 0 4 3588 3738 3736
10469 2 2 0 4 4330 5148 3604
10470 2 2 0 4 3716 4841 4301
10471 2 2 0 4 3718 4825 4247
10472 2 2 0 4 3738 4250 3739
10473 2 2 0 4 4095 4448 4446
10474 2 2 0 4 4680 4681 4096
10475 2 2 0 4 4139 4141 4140
10476 2 2 0 4 4159 4160 4158
10477 2 2 0 4 4168 6845 4166
10478 2 2 0 4 4176 4495 4178
10479 2 2 0 4 4178 6985 4180
10480 2 2 0 4 4182 4184 4183
10481 2 2 0 4 4184 4498 4275
10482 2 2 0 4 4203 4205 4204
10483 2 2 0 4 4214 4215 4213
10484 2 2 0 4 4217 4219 4218
10485 2 2 0 4 4231 6899 6677
10486 2 2 0 4 4232 6971 6729
10487 2 2 0 4 5234 7008 4253
10488 2 2 0 4 4271 7035 4269
10489 2 2 0 4 4324 4380 4323
10490 2 2 0 4 4670 4671 4370
10491 2 2 0 4 4479 4659 4478
10492 2 2 0 4 4515 5232 5231
10493 2 2 0 4 4519 4857 4518
10494 2 2 0 4 4522 5255 4865
10495 2 2 0 4 5046 6836 4671
10496 2 2 0 4 4781 5216 4802
10497 2 2 0 4 4785 6641 5074
10498 2 2 0 4 6738 6739 4789
10499 2 2 0 4 4798 4799 4797
10500 2 2 0 4 4851 6920 4824
10501 2 2 0 4 4832 4855 4854
10502 2 2 0 4 4839 6917 6479
10503 2 2 0 4 4848 6563 4979
10504 2 2 0 4 4920 5269 4921
10505 2 2 0 4 5113 6431 6430
10506 2 2 0 4 5218 6976 6892
10507 2 2 0 4 6460 6462 6461
10508 2 2 0 4 6506 7047 6554
10509 2 2 0 4 6586 6782 6587
10510 2 2 0 4 6589 6782 6586
10511 2 2 0 4 6612 6614 6613
10512 2 2 0 4 6964 7028 6631
10513 2 2 0 4 6634 6635 6633
10514 2 2 0 4 6700 7056 6701
10515 2 2 0 4 6719 6900 6720
10516 2 2 0 4 6742 7063 7055
10517 2 2 0 4 2862 2865 2864
10518 2 2 0 4 2869 2873 2871
10519 2 2 0 4 7144 7177 2920
10520 2 2 0 4 3735 3737 3587
10521 2 2 0 4 6918 7121 3592
10522 2 2 0 4 3677 3678 3676
10523 2 2 0 4 3774 3800 3766
10524 2 2 0 4 4125 4270 4269
10525 2 2 0 4 4188 4189 4187
10526 2 2 0 4 4197 4199 4195
10527 2 2 0 4 4198 4203 4202
10528 2 2 0 4 4209 4279 4201
10529 2 2 0 4 4215 4217 4216
10530 2 2 0 4 4491 6699 4216
10531 2 2 0 4 4223 4226 4224
10532 2 2 0 4 4230 6737 4224
10533 2 2 0 4 4505 4806 4225
10534 2 2 0 4 4226 4229 4227
10535 2 2 0 4 4258 4762 4249
10536 2 2 0 4 6965 7063 4251
10537 2 2 0 4 4261 4521 4520
10538 2 2 0 4 4265 4267 4266
10539 2 2 0 4 4267 4610 4266
10540 2 2 0 4 4272 4274 4273
10541 2 2 0 4 4299 4677 4300
10542 2 2 0 4 4299 4732 4677
10543 2 2 0 4 4342 7029 4524
10544 2 2 0 4 4424 7106 6558
10545 2 2 0 4 4497 6466 6465
10546 2 2 0 4 4551 4798 4797
10547 2 2 0 4 4719 5323 4779
10548 2 2 0 4 6622 6623 4734
10549 2 2 0 4 4753 4930 4929
10550 2 2 0 4 6663 6811 4797
10551 2 2 0 4 4807 4809 4806
10552 2 2 0 4 4837 4838 4836
10553 2 2 0 4 4871 5261 4856
10554 2 2 0 4 4879 5264 4890
10555 2 2 0 4 4890 4891 4880
10556 2 2 0 4 4891 4892 4880
10557 2 2 0 4 5266 6464 5250
10558 2 2 0 4 6843 7076 6794
10559 2 2 0 4 3474 3475 3346
10560 2 2 0 4 4248 7022 4826
10561 2 2 0 4 4748 4751 4750
10562 2 2 0 4 4765 7073 6482
10563 2 2 0 4 2858 6744 2861
10564 2 2 0 4 2860 6884 2859
10565 2 2 0 4 2882 2883 2872
10566 2 2 0 4 2886 7039 6960
10567 2 2 0 4 2927 2928 2900
10568 2 2 0 4 2929 4526 4525
10569 2 2 0 4 3251 6980 3247
10570 2 2 0 4 4096 7148 3483
10571 2 2 0 4 3793 7135 6531
10572 2 2 0 4 6438 7014 4131
10573 2 2 0 4 6947 7011 4254
10574 2 2 0 4 6439 6442 5198
10575 2 2 0 4 1848 6861 6860
10576 2 2 0 4 3464 3733 3462
10577 2 2 0 4 3517 3519 3518
10578 2 2 0 4 5196 5197 4759
10579 2 2 0 4 44 7114 1848
10580 2 2 0 4 2686 2688 2687
10581 2 2 0 4 2691 3471 2689
10582 2 2 0 4 2692 3492 2694
10583 2 2 0 4 2695 6943 2693
10584 2 2 0 4 2701 4974 2699
10585 2 2 0 4 2704 2823 2822
10586 2 2 0 4 2711 2712 2710
10587 2 2 0 4 2716 2717 2715
10588 2 2 0 4 4157 6848 2824
10589 2 2 0 4 2954 7149 2978
10590 2 2 0 4 2962 2964 2963
10591 2 2 0 4 4245 6843 2989
10592 2 2 0 4 3244 3246 3245
10593 2 2 0 4 3436 3437 3397
10594 2 2 0 4 3712 3713 3542
10595 2 2 0 4 3550 7044 3548
10596 2 2 0 4 3552 7072 3643
10597 2 2 0 4 6633 6817 3717
10598 2 2 0 4 3735 4550 3737
10599 2 2 0 4 4139 4140 4138
10600 2 2 0 4 4141 4142 4140
10601 2 2 0 4 5215 6936 4167
10602 2 2 0 4 4172 4173 4171
10603 2 2 0 4 4173 4175 4174
10604 2 2 0 4 4176 4177 4175
10605 2 2 0 4 6799 6907 4233
10606 2 2 0 4 4488 4489 4313
10607 2 2 0 4 5241 5242 4513
10608 2 2 0 4 5254 6658 4517
10609 2 2 0 4 5205 5207 4595
10610 2 2 0 4 4774 4957 4687
10611 2 2 0 4 4755 6594 4750
10612 2 2 0 4 6587 6782 6591
10613 2 2 0 4 2694 7102 2696
10614 2 2 0 4 2714 6683 3541
10615 2 2 0 4 2791 6984 6808
10616 2 2 0 4 2800 2801 2799
10617 2 2 0 4 2877 6849 2828
10618 2 2 0 4 4813 6678 2844
10619 2 2 0 4 5224 6994 2849
10620 2 2 0 4 6619 6884 2863
10621 2 2 0 4 2913 2914 2911
10622 2 2 0 4 2926 4828 4824
10623 2 2 0 4 3209 6603 3211
10624 2 2 0 4 3272 3359 3273
10625 2 2 0 4 3344 3348 3287
10626 2 2 0 4 3360 6655 3359
10627 2 2 0 4 3579 6909 3487
10628 2 2 0 4 3531 4839 4772
10629 2 2 0 4 3727 7044 4910
10630 2 2 0 4 3738 3739 3736
10631 2 2 0 4 4551 4797 3737
10632 2 2 0 4 3779 3804 3803
10633 2 2 0 4 4143 4144 4142
10634 2 2 0 4 4142 6898 4262
10635 2 2 0 4 4172 7062 4173
10636 2 2 0 4 4286 6698 4179
10637 2 2 0 4 4194 4196 4195
10638 2 2 0 4 4198 4202 4201
10639 2 2 0 4 4203 4204 4202
10640 2 2 0 4 4211 4212 4210
10641 2 2 0 4 4213 6699 4212
10642 2 2 0 4 4217 6728 4228
10643 2 2 0 4 4380 4665 4323
10644 2 2 0 4 4504 7080 4505
10645 2 2 0 4 6920 7065 4824
10646 2 2 0 4 4877 4879 4878
10647 2 2 0 4 6503 6508 6505
10648 2 2 0 4 6506 6554 6504
10649 2 2 0 4 6509 7047 6506
10650 2 2 0 4 6588 7068 6934
10651 2 2 0 4 6596 6597 6595
10652 2 2 0 4 3213 6940 3226
10653 2 2 0 4 3232 6996 6912
10654 2 2 0 4 3449 3450 3448
10655 2 2 0 4 3520 3716 3715
10656 2 2 0 4 3553 7072 3552
10657 2 2 0 4 5239 6483 4309
10658 2 2 0 4 4342 4524 4430
10659 2 2 0 4 4440 4870 4701
10660 2 2 0 4 6500 6630 5227
10661 2 2 0 4 6558 6559 6557
10662 2 2 0 4 6850 6851 6596
10663 2 2 0 4 6726 7011 6626
10664 2 2 0 4 6982 7118 7084
10665 2 2 0 4 3481 7014 3608
10666 2 2 0 4 3643 4364 4331
10667 2 2 0 4 3716 3724 3715
10668 2 2 0 4 5228 6432 4131
10669 2 2 0 4 4280 4281 4252
10670 2 2 0 4 6977 7024 4496
10671 2 2 0 4 4507 4864 4844
10672 2 2 0 4 4665 6840 6839
10673 2 2 0 4 4926 4927 4731
10674 2 2 0 4 6803 7260 7219
10675 2 2 0 4 2832 6939 2834
10676 2 2 0 4 3777 7057 4637
10677 2 2 0 4 4847 7163 5234
10678 2 2 0 4 5161 5162 5159
10679 2 2 0 4 2680 2684 2683
10680 2 2 0 4 2756 6842 2746
10681 2 2 0 4 2778 6685 6684
10682 2 2 0 4 2794 2796 2795
10683 2 2 0 4 2817 6669 2798
10684 2 2 0 4 2848 2889 2820
10685 2 2 0 4 2861 6806 2862
10686 2 2 0 4 2918 4255 2959
10687 2 2 0 4 2987 6902 2958
10688 2 2 0 4 3228 6967 3322
10689 2 2 0 4 3244 3349 3246
10690 2 2 0 4 3259 6979 3354
10691 2 2 0 4 3416 3417 3415
10692 2 2 0 4 3426 3431 3425
10693 2 2 0 4 3438 3441 3440
10694 2 2 0 4 4131 7014 3481
10695 2 2 0 4 3493 7007 6725
10696 2 2 0 4 5244 5248 3798
10697 2 2 0 4 4144 6898 4142
10698 2 2 0 4 4146 6897 4144
10699 2 2 0 4 4503 6844 4153
10700 2 2 0 4 4281 5249 4252
10701 2 2 0 4 4510 4511 4439
10702 2 2 0 4 6588 6934 4502
10703 2 2 0 4 4681 5569 5158
10704 2 2 0 4 5313 7146 4769
10705 2 2 0 4 4815 7030 4816
10706 2 2 0 4 4823 7040 6928
10707 2 2 0 4 4891 4897 4893
10708 2 2 0 4 6197 7171 4976
10709 2 2 0 4 6331 6366 4990
10710 2 2 0 4 6696 6697 5055
10711 2 2 0 4 6982 7084 5232
10712 2 2 0 4 5233 6970 6969
10713 2 2 0 4 5243 7095 7064
10714 2 2 0 4 6634 6637 6635
10715 2 2 0 4 1910 7114 45
10716 2 2 0 4 2700 6783 4829
10717 2 2 0 4 2762 6842 2756
10718 2 2 0 4 2760 6946 2761
10719 2 2 0 4 2788 7204 6708
10720 2 2 0 4 2808 7108 2898
10721 2 2 0 4 2896 2930 2895
10722 2 2 0 4 2910 2913 2911
10723 2 2 0 4 3250 6902 2987
10724 2 2 0 4 3212 3343 3210
10725 2 2 0 4 4508 6967 3228
10726 2 2 0 4 3255 3363 3254
10727 2 2 0 4 3260 7051 6627
10728 2 2 0 4 3420 7075 3422
10729 2 2 0 4 3425 3723 3423
10730 2 2 0 4 3802 6925 3564
10731 2 2 0 4 4233 6907 3709
10732 2 2 0 4 3799 5245 5244
10733 2 2 0 4 4800 6974 4143
10734 2 2 0 4 6565 6997 5216
10735 2 2 0 4 5248 7083 6731
10736 2 2 0 4 6731 7097 6967
10737 2 2 0 4 1859 6959 179
10738 2 2 0 4 2946 7013 2855
10739 2 2 0 4 2927 6672 2928
10740 2 2 0 4 2962 2981 2964
10741 2 2 0 4 4173 4176 4175
10742 2 2 0 4 4234 6993 4182
10743 2 2 0 4 4274 4529 4528
10744 2 2 0 4 4886 5260 4525
10745 2 2 0 4 4798 7034 5153
10746 2 2 0 4 5151 5152 4799
10747 2 2 0 4 5530 5531 5529
10748 2 2 0 4 2886 6960 2881
10749 2 2 0 4 2903 7039 2893
10750 2 2 0 4 3232 6912 3234
10751 2 2 0 4 4253 7008 3365
10752 2 2 0 4 3513 6952 3510
10753 2 2 0 4 4115 6937 3607
10754 2 2 0 4 6449 6452 5531
10755 2 2 0 4 6515 6517 6516
10756 2 2 0 4 2975 6823 3217
10757 2 2 0 4 3547 7070 3351
10758 2 2 0 4 3446 6886 3444
10759 2 2 0 4 3797 6952 3513
10760 2 2 0 4 5200 7018 4229
10761 2 2 0 4 4826 6998 4257
10762 2 2 0 4 4717 5681 5508
10763 2 2 0 4 4894 4896 4895
10764 2 2 0 4 6531 6533 6532
10765 2 2 0 4 6559 7000 6557
10766 2 2 0 4 6598 7024 6600
10767 2 2 0 4 6839 6841 6838
10768 2 2 0 4 2711 6683 2714
10769 2 2 0 4 2908 2912 2910
10770 2 2 0 4 3410 3717 3488
10771 2 2 0 4 3515 3797 3513
10772 2 2 0 4 4138 4514 3713
10773 2 2 0 4 4143 6974 4145
10774 2 2 0 4 4145 4788 4147
10775 2 2 0 4 4226 4440 4229
10776 2 2 0 4 4342 4430 4340
10777 2 2 0 4 4524 5065 4430
10778 2 2 0 4 4775 4803 4501
10779 2 2 0 4 4793 4868 4795
10780 2 2 0 4 4811 5792 5077
10781 2 2 0 4 6829 7127 4812
10782 2 2 0 4 4914 6235 5570
10783 2 2 0 4 6452 6453 5531
10784 2 2 0 4 6803 7157 6802
10785 2 2 0 4 1919 6749 6748
10786 2 2 0 4 4879 4890 4880
10787 2 2 0 4 4897 4900 4898
10788 2 2 0 4 2534 2537 2536
10789 2 2 0 4 2838 6994 6930
10790 2 2 0 4 6991 6992 2867
10791 2 2 0 4 2869 6992 2873
10792 2 2 0 4 2872 7144 2920
10793 2 2 0 4 2974 4759 4241
10794 2 2 0 4 6620 7051 3260
10795 2 2 0 4 3374 6810 3489
10796 2 2 0 4 3408 3588 3587
10797 2 2 0 4 3457 7135 3793
10798 2 2 0 4 3500 3501 3490
10799 2 2 0 4 3709 6907 3537
10800 2 2 0 4 3719 4186 4185
10801 2 2 0 4 3719 7009 4186
10802 2 2 0 4 4150 4369 4151
10803 2 2 0 4 4167 6936 4169
10804 2 2 0 4 4184 6993 4773
10805 2 2 0 4 4186 7081 4188
10806 2 2 0 4 7009 7081 4186
10807 2 2 0 4 4192 7081 6927
10808 2 2 0 4 4194 4195 4193
10809 2 2 0 4 4196 4197 4195
10810 2 2 0 4 4198 4201 4197
10811 2 2 0 4 4202 4209 4201
10812 2 2 0 4 4205 4206 4204
10813 2 2 0 4 4209 4718 4279
10814 2 2 0 4 4215 6728 4217
10815 2 2 0 4 4222 4490 4220
10816 2 2 0 4 4504 4505 4225
10817 2 2 0 4 4664 5200 4229
10818 2 2 0 4 6998 7017 4259
10819 2 2 0 4 4671 4783 4370
10820 2 2 0 4 4670 5046 4671
10821 2 2 0 4 4719 5624 5323
10822 2 2 0 4 4946 4947 4780
10823 2 2 0 4 6969 7087 4832
10824 2 2 0 4 5155 6801 4947
10825 2 2 0 4 5228 6799 6432
10826 2 2 0 4 6653 6921 5317
10827 2 2 0 4 6503 6505 6504
10828 2 2 0 4 6505 6507 6506
10829 2 2 0 4 6694 7087 6692
10830 2 2 0 4 6946 7056 6700
10831 2 2 0 4 6703 7167 6705
10832 2 2 0 4 6742 7055 7054
10833 2 2 0 4 179 6959 178
10834 2 2 0 4 6760 6761 1925
10835 2 2 0 4 6767 6768 1929
10836 2 2 0 4 6771 6772 1930
10837 2 2 0 4 6771 6959 6773
10838 2 2 0 4 6773 7079 6775
10839 2 2 0 4 2687 2759 2685
10840 2 2 0 4 2693 6941 2691
10841 2 2 0 4 2714 2715 2712
10842 2 2 0 4 2736 2737 2732
10843 2 2 0 4 2737 2739 2738
10844 2 2 0 4 2754 4621 4620
10845 2 2 0 4 2769 2771 2770
10846 2 2 0 4 2783 6922 3536
10847 2 2 0 4 2789 2792 2787
10848 2 2 0 4 2795 3371 2793
10849 2 2 0 4 2794 2797 2796
10850 2 2 0 4 2804 6676 2806
10851 2 2 0 4 6701 6702 2812
10852 2 2 0 4 2837 6963 2839
10853 2 2 0 4 2840 6994 2838
10854 2 2 0 4 2847 7214 7211
10855 2 2 0 4 2890 2894 2848
10856 2 2 0 4 2954 2976 2923
10857 2 2 0 4 2945 2989 2946
10858 2 2 0 4 2989 3285 2990
10859 2 2 0 4 3257 3345 3225
10860 2 2 0 4 3378 3636 3396
10861 2 2 0 4 3721 6885 3415
10862 2 2 0 4 3427 7061 4256
10863 2 2 0 4 3491 7087 6969
10864 2 2 0 4 3523 3525 3524
10865 2 2 0 4 3528 3529 3527
10866 2 2 0 4 3563 3564 3545
10867 2 2 0 4 3806 7044 3550
10868 2 2 0 4 5148 6915 3604
10869 2 2 0 4 3643 7072 4365
10870 2 2 0 4 3739 4313 3736
10871 2 2 0 4 3738 4833 4250
10872 2 2 0 4 3779 3803 3802
10873 2 2 0 4 3822 5205 4595
10874 2 2 0 4 4176 7062 4495
10875 2 2 0 4 4210 7027 4189
10876 2 2 0 4 4212 5210 4210
10877 2 2 0 4 4218 4491 4216
10878 2 2 0 4 4491 7133 6699
10879 2 2 0 4 4936 4937 4577
10880 2 2 0 4 4839 6478 4772
10881 2 2 0 4 4816 7030 6612
10882 2 2 0 4 6609 7152 7100
10883 2 2 0 4 6613 6615 6611
10884 2 2 0 4 6616 6617 6615
10885 2 2 0 4 7011 7093 6626
10886 2 2 0 4 6651 7156 7148
10887 2 2 0 4 6709 7167 7110
10888 2 2 0 4 7207 7240 7029
10889 2 2 0 4 2761 6946 6700
10890 2 2 0 4 2775 2776 2774
10891 2 2 0 4 2784 6983 2781
10892 2 2 0 4 2945 6931 4245
10893 2 2 0 4 3233 6913 3283
10894 2 2 0 4 3396 3435 3397
10895 2 2 0 4 3422 3423 3421
10896 2 2 0 4 3427 4256 3433
10897 2 2 0 4 3429 3649 3648
10898 2 2 0 4 3443 6812 3440
10899 2 2 0 4 3465 7082 3450
10900 2 2 0 4 3458 3599 3598
10901 2 2 0 4 3602 3606 3459
10902 2 2 0 4 3508 6952 4849
10903 2 2 0 4 3522 6955 6923
10904 2 2 0 4 3545 3725 3544
10905 2 2 0 4 3779 3802 3564
10906 2 2 0 4 4098 4377 3606
10907 2 2 0 4 3803 7071 3802
10908 2 2 0 4 3804 7059 6696
10909 2 2 0 4 4166 6845 5219
10910 2 2 0 4 4271 7036 7035
10911 2 2 0 4 4506 6972 6971
10912 2 2 0 4 5453 7034 4551
10913 2 2 0 4 4562 6987 6682
10914 2 2 0 4 4937 4938 4577
10915 2 2 0 4 4812 7127 6918
10916 2 2 0 4 4827 6925 6924
10917 2 2 0 4 4830 6969 4832
10918 2 2 0 4 4841 4861 4842
10919 2 2 0 4 4883 7202 4885
10920 2 2 0 4 7162 7223 5220
10921 2 2 0 4 7060 7098 5238
10922 2 2 0 4 5249 7142 7122
10923 2 2 0 4 6807 7115 7093
10924 2 2 0 4 2536 6447 2535
10925 2 2 0 4 2538 2539 2536
10926 2 2 0 4 2542 2543 2540
10927 2 2 0 4 2542 6949 2548
10928 2 2 0 4 2760 2761 2756
10929 2 2 0 4 2843 6784 2896
10930 2 2 0 4 2874 6890 6676
10931 2 2 0 4 2893 7039 2886
10932 2 2 0 4 2988 6996 3232
10933 2 2 0 4 3344 6964 6631
10934 2 2 0 4 3458 3459 3361
10935 2 2 0 4 3440 6812 3439
10936 2 2 0 4 3530 6971 4232
10937 2 2 0 4 3548 7044 3727
10938 2 2 0 4 3774 4735 4382
10939 2 2 0 4 3793 6530 6529
10940 2 2 0 4 4180 4234 4182
10941 2 2 0 4 4187 7027 5218
10942 2 2 0 4 4190 4191 4189
10943 2 2 0 4 4194 4200 4196
10944 2 2 0 4 4236 4238 4237
10945 2 2 0 4 4502 6934 4500
10946 2 2 0 4 6725 7007 4790
10947 2 2 0 4 6787 7040 4823
10948 2 2 0 4 5314 5315 4842
10949 2 2 0 4 6723 6724 4873
10950 2 2 0 4 4876 7224 5259
10951 2 2 0 4 6704 7132 7116
10952 2 2 0 4 3254 7003 2935
10953 2 2 0 4 6924 6925 3802
10954 2 2 0 4 4571 5281 4570
10955 2 2 0 4 4860 7181 7163
10956 2 2 0 4 7057 7069 5234
10957 2 2 0 4 6515 6516 6163
10958 2 2 0 4 6524 6525 6523
10959 2 2 0 4 2828 6849 2826
10960 2 2 0 4 4241 6948 2950
10961 2 2 0 4 3588 3736 3735
10962 2 2 0 4 4156 4324 4323
10963 2 2 0 4 4160 6645 5221
10964 2 2 0 4 4307 4309 4308
10965 2 2 0 4 7039 7166 5212
10966 2 2 0 4 6891 7108 6676
10967 2 2 0 4 6714 6715 6712
10968 2 2 0 4 6979 7053 6793
10969 2 2 0 4 6793 7053 7022
10970 2 2 0 4 1848 6862 6861
10971 2 2 0 4 3354 6979 6793
10972 2 2 0 4 4887 7088 3606
10973 2 2 0 4 4765 6482 4768
10974 2 2 0 4 4977 6196 4976
10975 2 2 0 4 5283 6486 5285
10976 2 2 0 4 5947 5948 5284
10977 2 2 0 4 2688 2690 2689
10978 2 2 0 4 2976 2977 2923
10979 2 2 0 4 6831 6913 3235
10980 2 2 0 4 4142 4262 4140
10981 2 2 0 4 45 7114 44
10982 2 2 0 4 3355 7008 3353
10983 2 2 0 4 4267 4675 4610
10984 2 2 0 4 4734 7077 4433
10985 2 2 0 4 4861 5314 4842
10986 2 2 0 4 5243 7064 7023
10987 2 2 0 4 3040 6932 3043
10988 2 2 0 4 4540 6833 6716
10989 2 2 0 4 5292 5687 5313
10990 2 2 0 4 2763 2812 2765
10991 2 2 0 4 2865 6991 2864
10992 2 2 0 4 3296 7122 3297
10993 2 2 0 4 3435 3436 3397
10994 2 2 0 4 4256 4792 3433
10995 2 2 0 4 3448 7082 3543
10996 2 2 0 4 6624 7095 3485
10997 2 2 0 4 3528 3530 3529
10998 2 2 0 4 4250 6956 3739
10999 2 2 0 4 4124 4654 4125
11000 2 2 0 4 4189 7027 4187
11001 2 2 0 4 4518 7016 4206
11002 2 2 0 4 4816 6611 6610
11003 2 2 0 4 4826 7113 6998
11004 2 2 0 4 7013 7119 6743
11005 2 2 0 4 6918 7127 7121
11006 2 2 0 4 2888 6939 2832
11007 2 2 0 4 3449 6824 3464
11008 2 2 0 4 2770 7086 2841
11009 2 2 0 4 2864 6991 2867
11010 2 2 0 4 3424 7061 3427
11011 2 2 0 4 6967 7097 3429
11012 2 2 0 4 3431 6661 6604
11013 2 2 0 4 3446 7098 6886
11014 2 2 0 4 3528 6971 3530
11015 2 2 0 4 3799 5246 5245
11016 2 2 0 4 6933 7184 3801
11017 2 2 0 4 4173 7062 4176
11018 2 2 0 4 6610 6813 4814
11019 2 2 0 4 4827 4867 4815
11020 2 2 0 4 6659 7180 6660
11021 2 2 0 4 6890 6891 6676
11022 2 2 0 4 6718 7193 6680
11023 2 2 0 4 4273 7036 4271
11024 2 2 0 4 5159 7085 5160
11025 2 2 0 4 6671 7073 3521
11026 2 2 0 4 4258 7012 4762
11027 2 2 0 4 4569 4613 4568
11028 2 2 0 4 2696 7102 2740
11029 2 2 0 4 2935 7003 2933
11030 2 2 0 4 3257 7066 3347
11031 2 2 0 4 3414 3558 3416
11032 2 2 0 4 3417 3721 3415
11033 2 2 0 4 3423 6816 3421
11034 2 2 0 4 3433 6968 3434
11035 2 2 0 4 3486 6950 3577
11036 2 2 0 4 3512 3513 3510
11037 2 2 0 4 6491 7239 3558
11038 2 2 0 4 3681 3687 3680
11039 2 2 0 4 4264 7071 3803
11040 2 2 0 4 4310 7171 4306
11041 2 2 0 4 4867 7030 4815
11042 2 2 0 4 2862 6806 2865
11043 2 2 0 4 3243 7049 3241
11044 2 2 0 4 3485 7128 6829
11045 2 2 0 4 3365 7008 3355
11046 2 2 0 4 3396 6745 3435
11047 2 2 0 4 3519 3520 3518
11048 2 2 0 4 5262 7147 3724
11049 2 2 0 4 6817 6910 4496
11050 2 2 0 4 4771 5252 4517
11051 2 2 0 4 4680 7099 4681
11052 2 2 0 4 4748 4750 4749
11053 2 2 0 4 4768 4769 4766
11054 2 2 0 4 5228 6951 6907
11055 2 2 0 4 2681 2682 2679
11056 2 2 0 4 2975 6995 6823
11057 2 2 0 4 3441 6651 6547
11058 2 2 0 4 7098 7104 5238
11059 2 2 0 4 7164 7171 6197
11060 2 2 0 4 4767 7146 6524
11061 2 2 0 4 5239 7159 7085
11062 2 2 0 4 6482 7073 6671
11063 2 2 0 4 3148 3149 3147
11064 2 2 0 4 4850 4962 4531
11065 2 2 0 4 6985 7191 6584
11066 2 2 0 4 2839 6963 2926
11067 2 2 0 4 4790 6784 2843
11068 2 2 0 4 6744 7054 2861
11069 2 2 0 4 2938 7145 2900
11070 2 2 0 4 2968 2969 2925
11071 2 2 0 4 6581 7145 2938
11072 2 2 0 4 3361 3362 3273
11073 2 2 0 4 3524 6955 3522
11074 2 2 0 4 3530 3586 3585
11075 2 2 0 4 3531 6954 4839
11076 2 2 0 4 3543 7124 6668
11077 2 2 0 4 4817 6909 3579
11078 2 2 0 4 4515 5231 3720
11079 2 2 0 4 3735 6929 4550
11080 2 2 0 4 3805 4264 3803
11081 2 2 0 4 4169 6936 4172
11082 2 2 0 4 5210 7027 4210
11083 2 2 0 4 5065 5317 4430
11084 2 2 0 4 4440 7094 4870
11085 2 2 0 4 4514 7179 6933
11086 2 2 0 4 4664 6679 5200
11087 2 2 0 4 5073 7099 4680
11088 2 2 0 4 4811 6921 6653
11089 2 2 0 4 4824 7065 4813
11090 2 2 0 4 7022 7053 4826
11091 2 2 0 4 6958 7071 4875
11092 2 2 0 4 6463 7019 6899
11093 2 2 0 4 6614 7210 6613
11094 2 2 0 4 4513 7023 3800
11095 2 2 0 4 2901 6829 6809
11096 2 2 0 4 3235 6913 3233
11097 2 2 0 4 3352 7069 3477
11098 2 2 0 4 3728 7070 3547
11099 2 2 0 4 3765 6714 6710
11100 2 2 0 4 4307 4308 4306
11101 2 2 0 4 4425 7106 4424
11102 2 2 0 4 4497 7018 6466
11103 2 2 0 4 4537 7091 5268
11104 2 2 0 4 4701 5641 5640
11105 2 2 0 4 4770 5294 5293
11106 2 2 0 4 6771 6773 6772
11107 2 2 0 4 4698 7201 4281
11108 2 2 0 4 6966 7042 3495
11109 2 2 0 4 4492 7004 5204
11110 2 2 0 4 3988 3989 3986
11111 2 2 0 4 3990 6834 3989
11112 2 2 0 4 3992 3993 3990
11113 2 2 0 4 3994 3995 3993
11114 2 2 0 4 3996 4022 3995
11115 2 2 0 4 4000 7973 3998
11116 2 2 0 4 4002 4003 4000
11117 2 2 0 4 4004 4021 4003
11118 2 2 0 4 4008 6513 4006
11119 2 2 0 4 4007 4025 4009
11120 2 2 0 4 4263 4846 4265
11121 2 2 0 4 4846 7197 4265
11122 2 2 0 4 7064 7115 4509
11123 2 2 0 4 5232 7063 5231
11124 2 2 0 4 6592 7068 6588
11125 2 2 0 4 6608 7152 6609
11126 2 2 0 4 6896 7199 7188
11127 2 2 0 4 3347 7066 4263
11128 2 2 0 4 4792 6968 3433
11129 2 2 0 4 4208 7016 4341
11130 2 2 0 4 5223 6948 4241
11131 2 2 0 4 4324 7134 6490
11132 2 2 0 4 7017 7154 5255
11133 2 2 0 4 7196 7210 6614
11134 2 2 0 4 3591 7025 3505
11135 2 2 0 4 4188 4190 4189
11136 2 2 0 4 4192 4193 4190
11137 2 2 0 4 4194 6927 4200
11138 2 2 0 4 4808 7080 5256
11139 2 2 0 4 4851 7198 6920
11140 2 2 0 4 2812 6911 2765
11141 2 2 0 4 2966 2968 2925
11142 2 2 0 4 6913 6914 3283
11143 2 2 0 4 3413 3414 3323
11144 2 2 0 4 3420 3422 3421
11145 2 2 0 4 3723 6816 3423
11146 2 2 0 4 3649 4510 4439
11147 2 2 0 4 4506 6978 6972
11148 2 2 0 4 5812 7038 5162
11149 2 2 0 4 7083 7097 6731
11150 2 2 0 4 2782 6984 2791
11151 2 2 0 4 2806 7108 2808
11152 2 2 0 4 2813 6954 2818
11153 2 2 0 4 3377 4251 3375
11154 2 2 0 4 3397 7021 3379
11155 2 2 0 4 3429 7097 3649
11156 2 2 0 4 3436 7156 3438
11157 2 2 0 4 3444 6886 3447
11158 2 2 0 4 4247 7009 3719
11159 2 2 0 4 4191 7010 4211
11160 2 2 0 4 4251 6742 6741
11161 2 2 0 4 4256 7155 4793
11162 2 2 0 4 4899 7036 4273
11163 2 2 0 4 6900 7080 4504
11164 2 2 0 4 4551 7034 4798
11165 2 2 0 4 6196 6197 4976
11166 2 2 0 4 6651 7148 5160
11167 2 2 0 4 6961 6962 5383
11168 2 2 0 4 2924 2967 2966
11169 2 2 0 4 3040 3042 3039
11170 2 2 0 4 3047 3048 3045
11171 2 2 0 4 3054 3064 3058
11172 2 2 0 4 4300 7107 3711
11173 2 2 0 4 7041 7132 4243
11174 2 2 0 4 4831 7009 4247
11175 2 2 0 4 4429 7109 4946
11176 2 2 0 4 4790 7045 6784
11177 2 2 0 4 6600 7024 6977
11178 2 2 0 4 4822 6990 2742
11179 2 2 0 4 2881 6960 3317
11180 2 2 0 4 3439 6812 4235
11181 2 2 0 4 6719 6720 4193
11182 2 2 0 4 7139 7190 4200
11183 2 2 0 4 4211 7010 4214
11184 2 2 0 4 4488 6800 4489
11185 2 2 0 4 5640 6679 4664
11186 2 2 0 4 6976 7027 5210
11187 2 2 0 4 4154 7134 4156
11188 2 2 0 4 4875 7071 4264
11189 2 2 0 4 6631 7028 6632
11190 2 2 0 4 3495 7042 6574
11191 2 2 0 4 7110 7116 3721
11192 2 2 0 4 4911 7078 4533
11193 2 2 0 4 4874 7221 5263
11194 2 2 0 4 2826 6849 4157
11195 2 2 0 4 4255 6996 2959
11196 2 2 0 4 3877 7971 3880
11197 2 2 0 4 3881 3889 3879
11198 2 2 0 4 4238 7060 4240
11199 2 2 0 4 2934 6964 2936
11200 2 2 0 4 3246 7168 3251
11201 2 2 0 4 3557 7032 3556
11202 2 2 0 4 3649 7097 4510
11203 2 2 0 4 4817 6947 6909
11204 2 2 0 4 4833 7076 7065
11205 2 2 0 4 6710 6714 6712
11206 2 2 0 4 7194 7199 6896
11207 2 2 0 4 4538 7091 4537
11208 2 2 0 4 4793 7155 4868
11209 2 2 0 4 3364 7004 4492
11210 2 2 0 4 4665 6839 6838
11211 2 2 0 4 3244 7222 3349
11212 2 2 0 4 4717 7125 5681
11213 2 2 0 4 5222 7098 7060
11214 2 2 0 4 6983 6984 2782
11215 2 2 0 4 2909 7176 2907
11216 2 2 0 4 2926 6963 4828
11217 2 2 0 4 3437 7021 3397
11218 2 2 0 4 4852 7082 3465
11219 2 2 0 4 3726 7242 4862
11220 2 2 0 4 5213 7134 4154
11221 2 2 0 4 4188 7081 4192
11222 2 2 0 4 4193 6720 4190
11223 2 2 0 4 4214 7010 4504
11224 2 2 0 4 4510 7097 7083
11225 2 2 0 4 4912 7091 4538
11226 2 2 0 4 6821 6822 4819
11227 2 2 0 4 5253 7150 5252
11228 2 2 0 4 7040 7223 2912
11229 2 2 0 4 3688 6477 3683
11230 2 2 0 4 3696 3698 3697
11231 2 2 0 4 3698 3705 3699
11232 2 2 0 4 3824 6481 3700
11233 2 2 0 4 3823 4657 4622
11234 2 2 0 4 4804 6686 6543
11235 2 2 0 4 2769 6706 2771
11236 2 2 0 4 2772 7086 2770
11237 2 2 0 4 2990 7119 2946
11238 2 2 0 4 3377 6965 4251
11239 2 2 0 4 3720 7021 3437
11240 2 2 0 4 6911 7100 3540
11241 2 2 0 4 7123 7124 3543
11242 2 2 0 4 5317 6921 4430
11243 2 2 0 4 7053 7113 4826
11244 2 2 0 4 4877 7172 4879
11245 2 2 0 4 7055 7063 5232
11246 2 2 0 4 7179 7184 6933
11247 2 2 0 4 2856 7013 6744
11248 2 2 0 4 4799 6663 4797
11249 2 2 0 4 6837 7255 4829
11250 2 2 0 4 7189 7229 5263
11251 2 2 0 4 4843 7161 7048
11252 2 2 0 4 2910 7162 2913
11253 2 2 0 4 6832 7049 3243
11254 2 2 0 4 3375 6741 3373
11255 2 2 0 4 4753 7067 4930
11256 2 2 0 4 4864 6555 4844
11257 2 2 0 4 5201 6458 5202
11258 2 2 0 4 3515 7048 3797
11259 2 2 0 4 4702 7106 4425
11260 2 2 0 4 6459 7141 5202
11261 2 2 0 4 5241 7121 5242
11262 2 2 0 4 6461 7143 6459
11263 2 2 0 4 6787 7206 7040
11264 2 2 0 4 2917 7092 2876
11265 2 2 0 4 3825 7052 5236
11266 2 2 0 4 5292 5313 4769
11267 2 2 0 4 2680 2683 2678
11268 2 2 0 4 2955 7136 6555
11269 2 2 0 4 6907 6951 3537
11270 2 2 0 4 6566 7026 3708
11271 2 2 0 4 4681 7099 5569
11272 2 2 0 4 7084 7118 2865
11273 2 2 0 4 2936 6964 3344
11274 2 2 0 4 3368 7142 7101
11275 2 2 0 4 4380 7006 4665
11276 2 2 0 4 4533 7078 4534
11277 2 2 0 4 6885 7116 4840
11278 2 2 0 4 4867 7211 7030
11279 2 2 0 4 5238 7104 5239
11280 2 2 0 4 7032 7141 5246
11281 2 2 0 4 7075 7186 7155
11282 2 2 0 4 2855 7013 2856
11283 2 2 0 4 5162 7085 5159
11284 2 2 0 4 5234 7163 7057
11285 2 2 0 4 6947 7093 7011
11286 2 2 0 4 3293 7089 3292
11287 2 2 0 4 4534 7078 4920
11288 2 2 0 4 3485 6829 2901
11289 2 2 0 4 3507 7025 3760
11290 2 2 0 4 4433 7077 4435
11291 2 2 0 4 7127 7128 5242
11292 2 2 0 4 6626 7115 6625
11293 2 2 0 4 6816 7090 3722
11294 2 2 0 4 4439 7109 4429
11295 2 2 0 4 4665 7006 6840
11296 2 2 0 4 7101 7142 5249
11297 2 2 0 4 3299 7142 3368
11298 2 2 0 4 4252 7122 3456
11299 2 2 0 4 5249 7122 4252
11300 2 2 0 4 5814 7106 4702
11301 2 2 0 4 6820 7241 3539
11302 2 2 0 4 7108 7129 2898
11303 2 2 0 4 4223 7094 4226
11304 2 2 0 4 4665 6838 4323
11305 2 2 0 4 1848 7114 6862
11306 2 2 0 4 2959 6996 2988
11307 2 2 0 4 5236 6901 5237
11308 2 2 0 4 3272 7189 3360
11309 2 2 0 4 3598 3602 3459
11310 2 2 0 4 7163 7181 4637
11311 2 2 0 4 5232 7084 7055
11312 2 2 0 4 6980 7113 7053
11313 2 2 0 4 1854 7043 38
11314 2 2 0 4 3368 7101 6727
11315 2 2 0 4 3379 6965 3377
11316 2 2 0 4 4840 7132 7041
11317 2 2 0 4 7103 7153 4970
11318 2 2 0 4 6702 7100 6911
11319 2 2 0 4 6740 7225 7135
11320 2 2 0 4 4505 7080 4808
11321 2 2 0 4 2924 7208 2967
11322 2 2 0 4 3297 7142 3299
11323 2 2 0 4 5202 7032 3557
11324 2 2 0 4 3820 6571 3602
11325 2 2 0 4 4364 7125 4717
11326 2 2 0 4 4523 7219 4889
11327 2 2 0 4 5246 7141 5310
11328 2 2 0 4 6486 6493 6487
11329 2 2 0 4 4567 7074 3762
11330 2 2 0 4 3797 7161 6957
11331 2 2 0 4 3200 6903 3198
11332 2 2 0 4 5261 7227 7165
11333 2 2 0 4 6704 7110 6703
11334 2 2 0 4 4853 7137 4858
11335 2 2 0 4 3198 6903 6785
11336 2 2 0 4 5533 7181 4860
11337 2 2 0 4 6705 7167 7090
11338 2 2 0 4 2818 6954 3531
11339 2 2 0 4 2883 7144 2872
11340 2 2 0 4 2873 7230 6718
11341 2 2 0 4 2933 7003 6662
11342 2 2 0 4 2978 7066 3257
11343 2 2 0 4 3251 7113 6980
11344 2 2 0 4 3721 7116 6885
11345 2 2 0 4 4751 7067 4753
11346 2 2 0 4 4899 7252 7036
11347 2 2 0 4 6583 7177 7144
11348 2 2 0 4 3716 7096 4841
11349 2 2 0 4 4085 6686 4804
11350 2 2 0 4 5419 7112 4677
11351 2 2 0 4 6625 7115 7064
11352 2 2 0 4 6652 6906 6905
11353 2 2 0 4 2907 7002 2904
11354 2 2 0 4 6794 7076 4833
11355 2 2 0 4 3536 7196 2786
11356 2 2 0 4 2922 7136 2955
11357 2 2 0 4 6672 7259 2961
11358 2 2 0 4 4840 7041 2986
11359 2 2 0 4 3362 7165 3273
11360 2 2 0 4 3456 7122 3296
11361 2 2 0 4 3403 7089 3553
11362 2 2 0 4 3778 7058 3779
11363 2 2 0 4 3801 7150 6966
11364 2 2 0 4 2898 7129 6917
11365 2 2 0 4 4341 7016 4871
11366 2 2 0 4 5323 7111 4779
11367 2 2 0 4 5240 7139 6927
11368 2 2 0 4 6802 7157 3492
11369 2 2 0 4 7058 7059 3804
11370 2 2 0 4 4272 7117 4274
11371 2 2 0 4 6908 7050 4864
11372 2 2 0 4 7190 7203 6904
11373 2 2 0 4 5202 7141 7032
11374 2 2 0 4 2865 7118 6991
11375 2 2 0 4 2900 7145 2883
11376 2 2 0 4 3459 7088 3361
11377 2 2 0 4 4251 6741 3375
11378 2 2 0 4 3434 6968 3563
11379 2 2 0 4 4278 7094 4223
11380 2 2 0 4 4393 7117 4272
11381 2 2 0 4 6688 7213 4718
11382 2 2 0 4 7150 7184 5252
11383 2 2 0 4 7155 7186 4868
11384 2 2 0 4 6891 7129 7108
11385 2 2 0 4 3519 7096 3520
11386 2 2 0 4 3540 7152 6706
11387 2 2 0 4 6927 7139 4200
11388 2 2 0 4 7095 7128 3485
11389 2 2 0 4 4850 6999 5936
11390 2 2 0 4 5254 7179 6659
11391 2 2 0 4 4860 7163 4847
11392 2 2 0 4 7121 7127 5242
11393 2 2 0 4 3483 7156 3436
11394 2 2 0 4 5243 7023 4513
11395 2 2 0 4 4859 7199 6897
11396 2 2 0 4 2969 7216 7182
11397 2 2 0 4 3505 7025 3507
11398 2 2 0 4 6668 7124 5230
11399 2 2 0 4 6708 7204 7187
11400 2 2 0 4 2894 7174 2848
11401 2 2 0 4 4789 7135 3457
11402 2 2 0 4 3520 7096 3716
11403 2 2 0 4 4884 7123 4863
11404 2 2 0 4 4365 7125 4364
11405 2 2 0 4 5245 7131 5244
11406 2 2 0 4 6991 7151 6992
11407 2 2 0 4 2878 7092 6726
11408 2 2 0 4 4872 7200 5258
11409 2 2 0 4 7173 7183 4885
11410 2 2 0 4 7241 7260 2726
11411 2 2 0 4 2847 7218 2846
11412 2 2 0 4 7161 7206 6957
11413 2 2 0 4 4005 4007 4006
11414 2 2 0 4 4120 7103 4121
11415 2 2 0 4 4817 7093 6947
11416 2 2 0 4 5179 7153 4820
11417 2 2 0 4 2876 7092 2878
11418 2 2 0 4 4970 7153 6331
11419 2 2 0 4 2904 7002 2903
11420 2 2 0 4 2883 7145 7144
11421 2 2 0 4 3349 7168 3246
11422 2 2 0 4 3536 7210 7196
11423 2 2 0 4 6797 7130 4199
11424 2 2 0 4 4200 7190 6904
11425 2 2 0 4 6463 6899 4231
11426 2 2 0 4 4427 6986 4703
11427 2 2 0 4 7029 7240 4524
11428 2 2 0 4 5160 7148 4682
11429 2 2 0 4 7118 7151 6991
11430 2 2 0 4 6806 7084 2865
11431 2 2 0 4 7208 7224 2967
11432 2 2 0 4 4192 6927 4194
11433 2 2 0 4 4199 7158 6719
11434 2 2 0 4 7030 7214 6612
11435 2 2 0 4 3867 3869 3868
11436 2 2 0 4 3880 3882 3881
11437 2 2 0 4 3690 3692 3691
11438 2 2 0 4 3692 3694 3693
11439 2 2 0 4 3701 6981 3693
11440 2 2 0 4 7057 7163 4637
11441 2 2 0 4 7048 7161 3797
11442 2 2 0 4 6807 7093 4817
11443 2 2 0 4 5263 7221 7189
11444 2 2 0 4 4322 7160 4155
11445 2 2 0 4 5613 7201 4698
11446 2 2 0 4 4845 7161 4843
11447 2 2 0 4 6998 7154 7017
11448 2 2 0 4 3292 7089 3403
11449 2 2 0 4 5242 7128 5243
11450 2 2 0 4 3987 3988 3986
11451 2 2 0 4 3991 3992 3990
11452 2 2 0 4 3997 3998 3996
11453 2 2 0 4 3999 4000 3998
11454 2 2 0 4 4001 4002 4000
11455 2 2 0 4 4002 4004 4003
11456 2 2 0 4 4005 4006 4004
11457 2 2 0 4 4007 4008 4006
11458 2 2 0 4 4006 6513 6450
11459 2 2 0 4 4009 4010 4008
11460 2 2 0 4 4010 4012 4011
11461 2 2 0 4 6514 7107 4300
11462 2 2 0 4 7147 7197 4846
11463 2 2 0 4 4718 7213 4719
11464 2 2 0 4 7113 7154 6998
11465 2 2 0 4 2913 7136 2922
11466 2 2 0 4 7090 7167 3722
11467 2 2 0 4 4274 7117 4529
11468 2 2 0 4 4865 7185 4877
11469 2 2 0 4 7075 7155 7061
11470 2 2 0 4 3361 7088 3362
11471 2 2 0 4 4203 7203 4205
11472 2 2 0 4 2912 7162 2910
11473 2 2 0 4 4705 4926 4731
11474 2 2 0 4 4854 7139 5240
11475 2 2 0 4 2816 7212 2847
11476 2 2 0 4 2848 7174 2889
11477 2 2 0 4 4682 7148 4096
11478 2 2 0 4 4873 7190 7139
11479 2 2 0 4 4884 7124 7123
11480 2 2 0 4 5392 6280 5393
11481 2 2 0 4 7271 7272 5392
11482 2 2 0 4 6608 7175 7152
11483 2 2 0 4 2925 7192 2894
11484 2 2 0 4 7061 7155 4256
11485 2 2 0 4 2969 7192 2925
11486 2 2 0 4 4758 6986 4427
11487 2 2 0 4 5230 7183 4516
11488 2 2 0 4 4516 7173 6982
11489 2 2 0 4 6680 7193 4526
11490 2 2 0 4 4820 7153 7103
11491 2 2 0 4 4226 7094 4440
11492 2 2 0 4 6493 7037 6494
11493 2 2 0 4 4281 7201 7137
11494 2 2 0 4 7165 7235 5261
11495 2 2 0 4 3251 7154 7113
11496 2 2 0 4 4834 7205 6922
11497 2 2 0 4 7205 7210 3536
11498 2 2 0 4 4299 7026 4732
11499 2 2 0 4 4677 7112 4678
11500 2 2 0 4 2966 7229 3063
11501 2 2 0 4 3779 7058 3804
11502 2 2 0 4 4879 7172 5264
11503 2 2 0 4 7118 7173 7151
11504 2 2 0 4 5258 7182 4857
11505 2 2 0 4 6819 7250 5199
11506 2 2 0 4 3865 6673 3867
11507 2 2 0 4 4857 7126 4518
11508 2 2 0 4 7055 7084 6806
11509 2 2 0 4 6982 7173 7118
11510 2 2 0 4 7151 7202 6992
11511 2 2 0 4 7206 7223 7040
11512 2 2 0 4 6584 7177 6583
11513 2 2 0 4 3722 7167 6709
11514 2 2 0 4 5243 7128 7095
11515 2 2 0 4 2955 7149 2954
11516 2 2 0 4 3273 7165 3066
11517 2 2 0 4 6922 7205 3536
11518 2 2 0 4 4820 7103 4120
11519 2 2 0 4 4306 7171 4305
11520 2 2 0 4 4873 7139 4854
11521 2 2 0 4 7151 7173 4885
11522 2 2 0 4 5389 5391 5390
11523 2 2 0 4 6660 7178 6894
11524 2 2 0 4 6704 7116 7110
11525 2 2 0 4 4155 7160 4503
11526 2 2 0 4 4870 7170 4701
11527 2 2 0 4 2920 7177 6734
11528 2 2 0 4 4305 7171 7164
11529 2 2 0 4 5254 7184 7179
11530 2 2 0 4 5382 7109 4439
11531 2 2 0 4 5251 7188 4859
11532 2 2 0 4 5256 7158 7130
11533 2 2 0 4 6898 7194 4262
11534 2 2 0 4 4868 7186 4894
11535 2 2 0 4 5257 7169 7050
11536 2 2 0 4 4269 7251 4123
11537 2 2 0 4 6838 7120 4322
11538 2 2 0 4 7002 7166 2903
11539 2 2 0 4 6920 7198 4250
11540 2 2 0 4 7085 7159 5160
11541 2 2 0 4 6616 7187 6617
11542 2 2 0 4 6740 7135 4789
11543 2 2 0 4 6620 7243 4805
11544 2 2 0 4 6464 7270 7246
11545 2 2 0 4 5392 5393 5391
11546 2 2 0 4 7273 7274 6280
11547 2 2 0 4 2786 7196 2789
11548 2 2 0 4 2970 7176 2909
11549 2 2 0 4 4518 7126 7016
11550 2 2 0 4 4856 7235 7029
11551 2 2 0 4 4881 7219 4866
11552 2 2 0 4 6534 7120 6841
11553 2 2 0 4 7193 7220 4526
11554 2 2 0 4 7126 7216 4871
11555 2 2 0 4 4890 7244 6798
11556 2 2 0 4 3682 3683 3681
11557 2 2 0 4 3684 3685 3683
11558 2 2 0 4 3690 3691 3689
11559 2 2 0 4 3691 6981 3702
11560 2 2 0 4 3694 3695 3693
11561 2 2 0 4 3699 3823 3700
11562 2 2 0 4 4479 7245 5235
11563 2 2 0 4 6706 7175 2788
11564 2 2 0 4 7130 7158 4199
11565 2 2 0 4 6617 7204 6618
11566 2 2 0 4 3988 3991 3990
11567 2 2 0 4 3995 4315 3993
11568 2 2 0 4 3994 3997 3996
11569 2 2 0 4 3997 3999 3998
11570 2 2 0 4 3999 4001 4000
11571 2 2 0 4 4003 7973 4000
11572 2 2 0 4 4002 4005 4004
11573 2 2 0 4 4007 4009 4008
11574 2 2 0 4 4025 5616 4009
11575 2 2 0 4 4010 4013 4012
11576 2 2 0 4 4938 7236 7234
11577 2 2 0 4 6992 7202 2873
11578 2 2 0 4 4512 7209 5241
11579 2 2 0 4 7016 7126 4871
11580 2 2 0 4 4885 7183 4884
11581 2 2 0 4 6724 7203 7190
11582 2 2 0 4 6616 7210 7205
11583 2 2 0 4 5241 7209 7052
11584 2 2 0 4 6735 7191 4495
11585 2 2 0 4 5262 7197 7147
11586 2 2 0 4 6533 7225 7160
11587 2 2 0 4 3539 7241 2686
11588 2 2 0 4 2688 7241 2726
11589 2 2 0 4 4857 7182 7126
11590 2 2 0 4 5255 7185 4865
11591 2 2 0 4 5252 7184 5254
11592 2 2 0 4 7149 7169 5257
11593 2 2 0 4 2968 7227 2969
11594 2 2 0 4 4637 7181 5041
11595 2 2 0 4 5263 7215 4875
11596 2 2 0 4 3708 7026 4299
11597 2 2 0 4 3242 7222 3244
11598 2 2 0 4 4659 7237 5575
11599 2 2 0 4 6613 7210 6616
11600 2 2 0 4 6897 7199 6898
11601 2 2 0 4 6958 7224 4876
11602 2 2 0 4 2825 7246 2827
11603 2 2 0 4 3349 7222 7172
11604 2 2 0 4 4845 7206 7161
11605 2 2 0 4 6896 7188 2970
11606 2 2 0 4 3066 7227 2968
11607 2 2 0 4 6904 7203 4203
11608 2 2 0 4 4495 7191 6985
11609 2 2 0 4 6919 7180 4514
11610 2 2 0 4 6724 7190 4873
11611 2 2 0 4 4875 7215 6958
11612 2 2 0 4 5258 7192 7182
11613 2 2 0 4 7212 7214 2847
11614 2 2 0 4 7189 7221 3360
11615 2 2 0 4 6957 7206 6787
11616 2 2 0 4 2890 7218 7208
11617 2 2 0 4 7221 7234 3360
11618 2 2 0 4 4862 7242 7220
11619 2 2 0 4 7176 7188 5251
11620 2 2 0 4 7152 7175 6706
11621 2 2 0 4 6841 7120 6838
11622 2 2 0 4 6898 7199 7194
11623 2 2 0 4 4884 7183 7124
11624 2 2 0 4 6473 7268 6746
11625 2 2 0 4 7263 7264 6473
11626 2 2 0 4 2789 7212 2816
11627 2 2 0 4 2890 7208 2924
11628 2 2 0 4 7187 7205 4834
11629 2 2 0 4 7124 7183 5230
11630 2 2 0 4 4503 7225 6740
11631 2 2 0 4 2677 2681 2679
11632 2 2 0 4 3238 7233 3239
11633 2 2 0 4 7196 7212 2789
11634 2 2 0 4 2846 7218 2890
11635 2 2 0 4 7088 7207 3362
11636 2 2 0 4 4250 7198 6956
11637 2 2 0 4 7005 7221 4874
11638 2 2 0 4 7231 7239 4896
11639 2 2 0 4 4939 7236 4938
11640 2 2 0 4 4887 7207 7088
11641 2 2 0 4 4526 7220 4886
11642 2 2 0 4 4748 4749 4746
11643 2 2 0 4 7160 7225 4503
11644 2 2 0 4 2970 7188 7176
11645 2 2 0 4 3144 3482 3148
11646 2 2 0 4 7208 7218 5259
11647 2 2 0 4 3599 7236 7226
11648 2 2 0 4 7005 7234 7221
11649 2 2 0 4 3236 7248 3238
11650 2 2 0 4 3242 7233 7222
11651 2 2 0 4 3349 7185 7168
11652 2 2 0 4 4305 7164 6537
11653 2 2 0 4 6614 7212 7196
11654 2 2 0 4 7182 7192 2969
11655 2 2 0 4 7211 7218 2847
11656 2 2 0 4 6510 7217 6887
11657 2 2 0 4 2680 7257 2684
11658 2 2 0 4 3063 7189 3272
11659 2 2 0 4 4829 7255 6938
11660 2 2 0 4 7168 7185 5255
11661 2 2 0 4 4262 7194 7178
11662 2 2 0 4 4627 7209 4512
11663 2 2 0 4 3989 6437 3986
11664 2 2 0 4 3430 7186 7075
11665 2 2 0 4 5259 7211 4867
11666 2 2 0 4 2679 2680 2678
11667 2 2 0 4 4265 7197 4267
11668 2 2 0 4 6820 7260 7241
11669 2 2 0 4 7137 7201 4858
11670 2 2 0 4 6798 7258 4897
11671 2 2 0 4 7248 7258 6798
11672 2 2 0 4 7174 7200 2889
11673 2 2 0 4 7222 7233 5264
11674 2 2 0 4 4719 7213 5624
11675 2 2 0 4 4894 7231 4896
11676 2 2 0 4 4531 7238 4530
11677 2 2 0 4 6655 7236 3599
11678 2 2 0 4 6722 7232 5262
11679 2 2 0 4 7187 7204 6617
11680 2 2 0 4 4866 7219 4523
11681 2 2 0 4 7215 7224 6958
11682 2 2 0 4 6612 7214 6614
11683 2 2 0 4 2982 7264 3196
11684 2 2 0 4 4701 7170 5641
11685 2 2 0 4 2961 7265 2962
11686 2 2 0 4 6537 7164 6539
11687 2 2 0 4 4888 7240 4887
11688 2 2 0 4 5518 7226 4939
11689 2 2 0 4 3360 7234 6655
11690 2 2 0 4 4887 7240 7207
11691 2 2 0 4 5065 7254 6153
11692 2 2 0 4 6647 7247 7242
11693 2 2 0 4 5220 7223 4845
11694 2 2 0 4 7178 7194 6894
11695 2 2 0 4 7186 7231 4894
11696 2 2 0 4 7033 7243 6620
11697 2 2 0 4 6912 7269 7267
11698 2 2 0 4 2967 7224 7215
11699 2 2 0 4 3679 3680 3678
11700 2 2 0 4 3685 3688 3683
11701 2 2 0 4 3700 6481 6480
11702 2 2 0 4 7226 7236 4939
11703 2 2 0 4 5258 7200 7174
11704 2 2 0 4 4871 7216 5261
11705 2 2 0 4 4889 7260 6820
11706 2 2 0 4 7035 7253 5260
11707 2 2 0 4 7029 7235 7207
11708 2 2 0 4 3239 7233 3242
11709 2 2 0 4 4882 7230 4883
11710 2 2 0 4 6956 7262 4488
11711 2 2 0 4 7242 7247 4886
11712 2 2 0 4 2967 7229 2966
11713 2 2 0 4 7179 7180 6659
11714 2 2 0 4 6616 7205 7187
11715 2 2 0 4 5260 7253 4525
11716 2 2 0 4 4972 7238 4531
11717 2 2 0 4 6647 7242 3726
11718 2 2 0 4 3993 6834 3990
11719 2 2 0 4 4938 7234 7005
11720 2 2 0 4 7234 7236 6655
11721 2 2 0 4 6650 7239 7231
11722 2 2 0 4 3411 7267 7258
11723 2 2 0 4 6650 7231 3430
11724 2 2 0 4 3558 7239 6650
11725 2 2 0 4 5262 7232 7197
11726 2 2 0 4 7264 7268 6473
11727 2 2 0 4 4122 7247 6647
11728 2 2 0 4 6614 7214 7212
11729 2 2 0 4 7033 7263 7243
11730 2 2 0 4 4514 7180 7179
11731 2 2 0 4 5315 7256 6722
11732 2 2 0 4 5264 7244 4890
11733 2 2 0 4 7207 7235 3362
11734 2 2 0 4 6648 7270 4255
11735 2 2 0 4 4845 7223 7206
11736 2 2 0 4 3238 7244 7233
11737 2 2 0 4 6912 7267 3411
11738 2 2 0 4 7259 7265 2961
11739 2 2 0 4 7172 7222 5264
11740 2 2 0 4 6996 7269 6912
11741 2 2 0 4 5263 7229 7215
11742 2 2 0 4 2955 7169 7149
11743 2 2 0 4 6644 7275 6434
11744 2 2 0 4 3869 3871 3870
11745 2 2 0 4 3875 3877 3876
11746 2 2 0 4 6489 7971 3877
11747 2 2 0 4 4705 4731 4730
11748 2 2 0 4 2541 6949 2542
11749 2 2 0 4 5235 7237 4659
11750 2 2 0 4 2686 7241 2688
11751 2 2 0 4 3430 7231 7186
11752 2 2 0 4 4805 7245 4479
11753 2 2 0 4 7202 7230 2873
11754 2 2 0 4 4730 6426 4417
11755 2 2 0 4 7243 7263 6472
11756 2 2 0 4 4267 7232 4675
11757 2 2 0 4 4883 7230 7202
11758 2 2 0 4 5259 7218 7211
11759 2 2 0 4 2827 7246 6648
11760 2 2 0 4 7197 7232 4267
11761 2 2 0 4 2969 7227 7216
11762 2 2 0 4 4123 7251 4122
11763 2 2 0 4 3362 7235 7165
11764 2 2 0 4 7216 7227 5261
11765 2 2 0 4 6722 7256 7232
11766 2 2 0 4 4886 7247 5260
11767 2 2 0 4 3535 7253 7252
11768 2 2 0 4 6466 7262 6956
11769 2 2 0 4 5199 7250 6440
11770 2 2 0 4 3535 7252 6672
11771 2 2 0 4 7012 7276 4762
11772 2 2 0 4 7215 7229 2967
11773 2 2 0 4 4525 7253 3535
11774 2 2 0 4 3411 7248 3236
11775 2 2 0 4 7233 7244 5264
11776 2 2 0 4 5265 7259 4899
11777 2 2 0 4 7232 7256 4675
11778 2 2 0 4 6472 7263 6473
11779 2 2 0 4 4524 7254 5065
11780 2 2 0 4 7250 7257 6440
11781 2 2 0 4 6491 7261 7239
11782 2 2 0 4 6938 7255 3533
11783 2 2 0 4 2680 7266 7257
11784 2 2 0 4 4122 7251 7247
11785 2 2 0 4 2684 7257 3539
11786 2 2 0 4 3539 7257 7250
11787 2 2 0 4 7220 7242 4886
11788 2 2 0 4 4897 7258 4900
11789 2 2 0 4 3411 7258 7248
11790 2 2 0 4 4896 7261 4965
11791 2 2 0 4 3196 7263 7033
11792 2 2 0 4 2981 7264 2982
11793 2 2 0 4 2726 7260 6803
11794 2 2 0 4 3679 3681 3680
11795 2 2 0 4 3685 3689 3688
11796 2 2 0 4 3698 3699 3697
11797 2 2 0 4 3823 4622 3824
11798 2 2 0 4 7247 7251 5260
11799 2 2 0 4 4675 7256 6499
11800 2 2 0 4 4900 7267 5266
11801 2 2 0 4 6440 7266 6457
11802 2 2 0 4 2962 7265 2981
11803 2 2 0 4 7267 7269 5266
11804 2 2 0 4 3693 6981 3691
11805 2 2 0 4 3699 3700 3697
11806 2 2 0 4 6746 7268 5265
11807 2 2 0 4 7258 7267 4900
11808 2 2 0 4 5389 7271 5392
11809 2 2 0 4 5613 7249 7201
11810 2 2 0 4 5269 7282 7281
11811 2 2 0 4 7278 7281 2757
11812 2 2 0 4 2230 7046 2233
11813 2 2 0 4 4315 6834 3993
11814 2 2 0 4 7201 7249 4858
11815 2 2 0 4 3679 3682 3681
11816 2 2 0 4 3685 3690 3689
11817 2 2 0 4 4657 4708 4707
11818 2 2 0 4 4488 7262 6800
11819 2 2 0 4 4255 7269 6996
11820 2 2 0 4 3144 3148 3147
11821 2 2 0 4 5265 7265 7259
11822 2 2 0 4 2981 7268 7264
11823 2 2 0 4 4888 7254 7240
11824 2 2 0 4 3682 3684 3683
11825 2 2 0 4 5392 7272 6280
11826 2 2 0 4 7239 7261 4896
11827 2 2 0 4 7265 7268 2981
11828 2 2 0 4 5265 7268 7265
11829 2 2 0 4 7240 7254 4524
11830 2 2 0 4 2539 6447 2536
11831 2 2 0 4 2538 2541 2540
11832 2 2 0 4 3702 7228 3689
11833 2 2 0 4 7257 7266 6440
11834 2 2 0 4 5266 7270 6464
11835 2 2 0 4 6434 7275 6444
11836 2 2 0 4 3291 7277 3216
11837 2 2 0 4 4762 7276 6796
11838 2 2 0 4 7281 7282 2833
11839 2 2 0 4 2677 2679 2678
11840 2 2 0 4 4747 4748 4746
11841 2 2 0 4 5267 7286 6445
11842 2 2 0 4 2747 7278 2757
11843 2 2 0 4 7269 7270 5266
11844 2 2 0 4 4255 7270 7269
11845 2 2 0 4 2398 2481 2277
11846 2 2 0 4 3689 7228 3688
11847 2 2 0 4 2233 2276 2229
11848 2 2 0 4 5389 5392 5391
11849 2 2 0 4 7272 7273 6280
11850 2 2 0 4 3694 3696 3695
11851 2 2 0 4 3700 6480 3697
11852 2 2 0 4 7284 7290 3807
11853 2 2 0 4 4705 4730 4417
11854 2 2 0 4 3984 3987 3986
11855 2 2 0 4 4536 7287 5270
11856 2 2 0 4 5269 7281 7278
11857 2 2 0 4 3136 6435 3144
11858 2 2 0 4 3216 7277 6814
11859 2 2 0 4 2810 7281 2833
11860 2 2 0 4 3144 3147 3143
11861 2 2 0 4 4920 7282 5269
11862 2 2 0 4 2748 7278 2747
11863 2 2 0 4 5196 7279 5197
11864 2 2 0 4 4434 7284 4086
11865 2 2 0 4 6780 7285 4536
11866 2 2 0 4 6667 7280 7277
11867 2 2 0 4 7277 7280 6814
11868 2 2 0 4 2534 2536 2535
11869 2 2 0 4 5196 7280 7279
11870 2 2 0 4 5268 7291 7288
11871 2 2 0 4 6445 7286 4535
11872 2 2 0 4 6995 7288 6823
11873 2 2 0 4 7044 7289 4910
11874 2 2 0 4 7282 7283 2833
11875 2 2 0 4 2833 7283 6791
11876 2 2 0 4 6814 7280 5196
11877 2 2 0 4 2757 7281 2810
11878 2 2 0 4 6445 7290 7284
11879 2 2 0 4 7078 7282 4920
11880 2 2 0 4 7285 7287 4536
11881 2 2 0 4 4744 4747 4746
11882 2 2 0 4 2676 6429 4111
11883 2 2 0 4 2677 2678 2676
11884 2 2 0 4 3807 7290 3806
11885 2 2 0 4 7078 7283 7282
11886 2 2 0 4 4911 7283 7078
11887 2 2 0 4 4086 7284 3807
11888 2 2 0 4 6791 7285 6780
11889 2 2 0 4 4535 7286 4246
11890 2 2 0 4 3984 3986 3985
11891 2 2 0 4 7286 7288 4246
11892 2 2 0 4 4910 7287 4911
11893 2 2 0 4 2161 2162 2155
11894 2 2 0 4 4246 7288 6995
11895 2 2 0 4 3985 4063 3983
11896 2 2 0 4 2156 6425 2153
11897 2 2 0 4 7283 7285 6791
11898 2 2 0 4 3136 3144 3143
11899 2 2 0 4 4911 7285 7283
11900 2 2 0 4 3806 7289 7044
11901 2 2 0 4 6823 7291 3293
11902 2 2 0 4 7292 7293 7089
11903 2 2 0 4 5270 7290 6445
11904 2 2 0 4 4911 7287 7285
11905 2 2 0 4 4912 7293 7292
11906 2 2 0 4 4704 4705 4417
11907 2 2 0 4 4912 7292 7091
11908 2 2 0 4 7091 7291 5268
11909 2 2 0 4 2534 2535 2532
11910 2 2 0 4 3888 7300 3863
11911 2 2 0 4 7089 7293 3553
11912 2 2 0 4 3293 7292 7089
11913 2 2 0 4 7291 7292 3293
11914 2 2 0 4 4915 7294 4913
11915 2 2 0 4 7091 7292 7291
11916 2 2 0 4 4913 7293 4912
11917 2 2 0 4 4915 7295 7294
11918 2 2 0 4 3806 7290 7289
11919 2 2 0 4 7289 7290 5270
11920 2 2 0 4 5571 7295 4915
11921 2 2 0 4 3553 7294 7072
11922 2 2 0 4 3863 7300 3865
11923 2 2 0 4 7294 7295 7072
11924 2 2 0 4 3676 7296 3707
11925 2 2 0 4 7293 7294 3553
11926 2 2 0 4 4913 7294 7293
11927 2 2 0 4 7072 7295 4365
11928 2 2 0 4 3678 7296 3676
11929 2 2 0 4 3865 7300 6673
11930 2 2 0 4 4744 4746 4745
11931 2 2 0 4 2676 4111 2674
11932 2 2 0 4 2675 2677 2676
11933 2 2 0 4 2155 2156 2153
11934 2 2 0 4 5384 7301 5385
11935 2 2 0 4 3136 3143 3131
11936 2 2 0 4 2152 2161 2155
11937 2 2 0 4 3984 3985 3983
11938 2 2 0 4 2533 2534 2532
11939 2 2 0 4 4416 4704 4417
11940 2 2 0 4 5385 7301 5388
11941 2 2 0 4 4744 4745 4743
11942 2 2 0 4 2675 2676 2674
11943 2 2 0 4 2153 2157 2151
11944 2 2 0 4 2152 2155 2153
11945 2 2 0 4 3982 3984 3983
11946 2 2 0 4 3132 3136 3131
11947 2 2 0 4 2530 2533 2532
11948 2 2 0 4 4416 4417 4414
11949 2 2 0 4 2673 2675 2674
11950 2 2 0 4 4742 4744 4743
11951 2 2 0 4 4740 6420 6419
11952 2 2 0 4 4743 6340 4741
11953 2 2 0 4 3860 7302 3861
11954 2 2 0 4 2152 2153 2151
11955 2 2 0 4 3981 6424 6417
11956 2 2 0 4 3982 3983 3981
11957 2 2 0 4 3130 3132 3131
11958 2 2 0 4 2530 2532 2531
11959 2 2 0 4 4412 4416 4414
11960 2 2 0 4 3861 7302 3888
11961 2 2 0 4 3672 7303 4321
11962 2 2 0 4 3674 7303 3672
11963 2 2 0 4 4740 6419 6418
11964 2 2 0 4 2673 2674 2672
11965 2 2 0 4 4742 4743 4741
11966 2 2 0 4 2671 3479 2673
11967 2 2 0 4 3707 7303 3674
11968 2 2 0 4 2150 2152 2151
11969 2 2 0 4 3130 3131 3129
11970 2 2 0 4 3980 3982 3981
11971 2 2 0 4 3981 6417 3979
11972 2 2 0 4 2530 2531 2528
11973 2 2 0 4 4412 4414 4413
11974 2 2 0 4 3916 7304 3837
11975 2 2 0 4 3837 7304 3839
11976 2 2 0 4 4747 7305 4748
11977 2 2 0 4 4751 7305 7067
11978 2 2 0 4 7304 7717 3914
11979 2 2 0 4 2671 2673 2672
11980 2 2 0 4 4277 4742 4741
11981 2 2 0 4 4740 6418 4277
11982 2 2 0 4 3839 7304 3914
11983 2 2 0 4 4748 7305 4751
11984 2 2 0 4 2150 2151 2149
11985 2 2 0 4 2149 6421 2160
11986 2 2 0 4 2160 2332 2148
11987 2 2 0 4 3980 3981 3979
11988 2 2 0 4 3128 3130 3129
11989 2 2 0 4 2529 2530 2528
11990 2 2 0 4 4412 4413 4411
11991 2 2 0 4 4277 4741 4130
11992 2 2 0 4 2671 2672 2670
11993 2 2 0 4 4276 4740 4277
11994 2 2 0 4 2008 2021 2010
11995 2 2 0 4 4392 7308 4986
11996 2 2 0 4 2147 2150 2149
11997 2 2 0 4 2149 2160 2148
11998 2 2 0 4 3978 3980 3979
11999 2 2 0 4 3979 4477 3977
12000 2 2 0 4 3126 4103 3128
12001 2 2 0 4 3128 3129 3127
12002 2 2 0 4 2525 2529 2528
12003 2 2 0 4 4410 4412 4411
12004 2 2 0 4 3931 3932 3930
12005 2 2 0 4 2993 2994 2992
12006 2 2 0 4 3946 6413 3928
12007 2 2 0 4 4964 7307 4483
12008 2 2 0 4 4483 7307 4709
12009 2 2 0 4 4986 7308 5603
12010 2 2 0 4 4276 4277 4130
12011 2 2 0 4 5194 6398 3555
12012 2 2 0 4 4129 4539 4276
12013 2 2 0 4 2669 2671 2670
12014 2 2 0 4 2008 2010 2009
12015 2 2 0 4 2147 2149 2148
12016 2 2 0 4 3978 3979 3977
12017 2 2 0 4 3126 3128 3127
12018 2 2 0 4 3127 3165 3125
12019 2 2 0 4 2525 2528 2527
12020 2 2 0 4 5835 6211 5834
12021 2 2 0 4 4409 7706 6384
12022 2 2 0 4 4410 4411 4409
12023 2 2 0 4 4408 4638 4410
12024 2 2 0 4 3930 3946 3928
12025 2 2 0 4 3929 3931 3930
12026 2 2 0 4 2991 2993 2992
12027 2 2 0 4 2992 3227 2980
12028 2 2 0 4 5455 5560 4725
12029 2 2 0 4 5454 7812 5455
12030 2 2 0 4 3562 7310 3560
12031 2 2 0 4 3560 7310 3741
12032 2 2 0 4 3668 7312 3686
12033 2 2 0 4 3670 7312 3668
12034 2 2 0 4 3834 7978 3835
12035 2 2 0 4 4297 7325 4296
12036 2 2 0 4 3741 7310 5164
12037 2 2 0 4 4129 4276 4130
12038 2 2 0 4 2669 2670 2668
12039 2 2 0 4 5193 5194 3555
12040 2 2 0 4 2667 2725 2669
12041 2 2 0 4 2008 2009 2007
12042 2 2 0 4 4321 7312 3670
12043 2 2 0 4 2147 2148 2145
12044 2 2 0 4 3835 7978 3916
12045 2 2 0 4 3976 3978 3977
12046 2 2 0 4 3126 3127 3125
12047 2 2 0 4 2461 6386 2459
12048 2 2 0 4 3929 3930 3928
12049 2 2 0 4 2525 2527 2524
12050 2 2 0 4 5402 5835 5834
12051 2 2 0 4 2244 2295 2243
12052 2 2 0 4 4409 6384 4407
12053 2 2 0 4 4408 4410 4409
12054 2 2 0 4 2991 2992 2980
12055 2 2 0 4 5454 5455 4725
12056 2 2 0 4 4106 7313 4686
12057 2 2 0 4 6400 7324 4539
12058 2 2 0 4 4385 7313 4106
12059 2 2 0 4 2275 7314 2328
12060 2 2 0 4 4733 7313 4385
12061 2 2 0 4 2667 2669 2668
12062 2 2 0 4 4129 4130 4128
12063 2 2 0 4 4756 5193 3555
12064 2 2 0 4 2007 2169 2005
12065 2 2 0 4 2006 2008 2007
12066 2 2 0 4 4706 5595 4066
12067 2 2 0 4 2328 7314 4916
12068 2 2 0 4 5318 5779 5319
12069 2 2 0 4 4757 5806 5805
12070 2 2 0 4 2425 2426 2424
12071 2 2 0 4 2146 2147 2145
12072 2 2 0 4 4060 6373 3973
12073 2 2 0 4 3975 6408 4060
12074 2 2 0 4 3976 3977 3975
12075 2 2 0 4 3124 3126 3125
12076 2 2 0 4 3135 6407 3124
12077 2 2 0 4 2285 7317 2286
12078 2 2 0 4 2460 2461 2459
12079 2 2 0 4 2462 6369 2457
12080 2 2 0 4 2523 2525 2524
12081 2 2 0 4 2524 2526 2522
12082 2 2 0 4 3924 3929 3928
12083 2 2 0 4 5402 5834 5452
12084 2 2 0 4 2141 5185 5024
12085 2 2 0 4 2027 2030 2029
12086 2 2 0 4 2242 2244 2243
12087 2 2 0 4 4408 4409 4407
12088 2 2 0 4 2957 2991 2980
12089 2 2 0 4 1981 1984 1983
12090 2 2 0 4 4723 5454 4725
12091 2 2 0 4 4482 7322 4105
12092 2 2 0 4 4539 7324 4276
12093 2 2 0 4 4740 7324 6420
12094 2 2 0 4 4105 7322 4384
12095 2 2 0 4 2286 7317 2289
12096 2 2 0 4 4384 7322 4964
12097 2 2 0 4 4276 7324 4740
12098 2 2 0 4 2667 2668 2666
12099 2 2 0 4 3404 4756 3555
12100 2 2 0 4 3554 4129 4128
12101 2 2 0 4 2006 2007 2005
12102 2 2 0 4 3584 4706 4066
12103 2 2 0 4 2512 7326 2513
12104 2 2 0 4 4757 5805 5318
12105 2 2 0 4 5318 5319 4475
12106 2 2 0 4 4334 7325 4297
12107 2 2 0 4 2284 2425 2424
12108 2 2 0 4 6411 6412 2159
12109 2 2 0 4 2144 2146 2145
12110 2 2 0 4 4041 4945 4083
12111 2 2 0 4 3974 3976 3975
12112 2 2 0 4 3975 4060 3973
12113 2 2 0 4 3122 3135 3124
12114 2 2 0 4 3124 3125 3123
12115 2 2 0 4 2652 2653 2650
12116 2 2 0 4 2595 7326 2512
12117 2 2 0 4 2458 2460 2459
12118 2 2 0 4 2459 2462 2457
12119 2 2 0 4 2279 7981 2298
12120 2 2 0 4 2523 2524 2522
12121 2 2 0 4 3924 3928 3927
12122 2 2 0 4 2141 5024 2020
12123 2 2 0 4 5402 5452 5401
12124 2 2 0 4 2027 2029 2028
12125 2 2 0 4 2242 2243 2240
12126 2 2 0 4 4406 4408 4407
12127 2 2 0 4 4407 4418 4405
12128 2 2 0 4 2957 2980 2979
12129 2 2 0 4 2498 2500 2499
12130 2 2 0 4 1981 1983 1982
12131 2 2 0 4 1982 2214 1980
12132 2 2 0 4 4723 4725 4635
12133 2 2 0 4 5025 7325 4334
12134 2 2 0 4 5492 7326 2595
12135 2 2 0 4 6356 6378 2665
12136 2 2 0 4 3404 3555 3554
12137 2 2 0 4 3554 4128 2821
12138 2 2 0 4 2665 2667 2666
12139 2 2 0 4 2004 2006 2005
12140 2 2 0 4 3584 4066 3583
12141 2 2 0 4 4757 5318 4475
12142 2 2 0 4 4423 4587 4586
12143 2 2 0 4 2284 2424 2283
12144 2 2 0 4 2159 6345 2139
12145 2 2 0 4 6191 6193 6192
12146 2 2 0 4 2144 2145 2143
12147 2 2 0 4 2143 6411 2159
12148 2 2 0 4 4041 4083 4082
12149 2 2 0 4 3974 3975 3973
12150 2 2 0 4 3122 3124 3123
12151 2 2 0 4 3123 3616 3121
12152 2 2 0 4 2650 5434 2648
12153 2 2 0 4 2649 2652 2650
12154 2 2 0 4 2458 2459 2457
12155 2 2 0 4 3023 7328 3022
12156 2 2 0 4 5067 5374 4556
12157 2 2 0 4 4580 5322 5321
12158 2 2 0 4 3750 4689 3752
12159 2 2 0 4 2520 2523 2522
12160 2 2 0 4 6361 7349 2519
12161 2 2 0 4 3924 3927 3923
12162 2 2 0 4 2140 2141 2020
12163 2 2 0 4 5400 5402 5401
12164 2 2 0 4 6188 6367 5417
12165 2 2 0 4 2027 2028 2026
12166 2 2 0 4 2241 2242 2240
12167 2 2 0 4 3922 5662 3924
12168 2 2 0 4 2566 2567 2565
12169 2 2 0 4 2239 2263 2241
12170 2 2 0 4 5417 5655 5418
12171 2 2 0 4 4406 4407 4405
12172 2 2 0 4 2957 2979 2956
12173 2 2 0 4 5505 6342 5052
12174 2 2 0 4 2498 2499 1977
12175 2 2 0 4 1976 2578 2498
12176 2 2 0 4 1979 6381 1981
12177 2 2 0 4 1981 1982 1980
12178 2 2 0 4 4371 4723 4635
12179 2 2 0 4 3334 7329 3333
12180 2 2 0 4 3333 7329 3394
12181 2 2 0 4 5068 7330 3830
12182 2 2 0 4 3026 7328 3023
12183 2 2 0 4 3830 7330 3832
12184 2 2 0 4 6084 6085 6083
12185 2 2 0 4 2508 7354 2506
12186 2 2 0 4 3394 7329 3562
12187 2 2 0 4 2665 2666 2664
12188 2 2 0 4 2663 6356 2665
12189 2 2 0 4 3404 3554 2821
12190 2 2 0 4 2003 6365 2072
12191 2 2 0 4 2004 2005 2003
12192 2 2 0 4 2072 6330 2001
12193 2 2 0 4 3398 3584 3583
12194 2 2 0 4 3832 7330 4287
12195 2 2 0 4 4445 4757 4475
12196 2 2 0 4 4948 6364 4445
12197 2 2 0 4 2323 7521 7520
12198 2 2 0 4 4542 6360 4422
12199 2 2 0 4 4422 4612 4423
12200 2 2 0 4 4423 4586 4348
12201 2 2 0 4 2092 2284 2283
12202 2 2 0 4 2142 2144 2143
12203 2 2 0 4 2143 2159 2139
12204 2 2 0 4 6190 6194 6191
12205 2 2 0 4 6191 6192 5407
12206 2 2 0 4 4041 4082 4039
12207 2 2 0 4 3972 3974 3973
12208 2 2 0 4 4390 5009 4388
12209 2 2 0 4 3122 3123 3121
12210 2 2 0 4 2649 2650 2648
12211 2 2 0 4 4312 4662 4486
12212 2 2 0 4 4486 5273 4485
12213 2 2 0 4 2456 2458 2457
12214 2 2 0 4 2607 2940 2605
12215 2 2 0 4 3629 3631 3630
12216 2 2 0 4 4676 5067 4556
12217 2 2 0 4 5499 7755 5501
12218 2 2 0 4 5501 5793 5500
12219 2 2 0 4 4580 5321 4343
12220 2 2 0 4 3750 3752 3751
12221 2 2 0 4 2209 2343 2211
12222 2 2 0 4 2520 2522 2518
12223 2 2 0 4 2518 6361 2519
12224 2 2 0 4 5415 6188 5417
12225 2 2 0 4 5400 5401 4661
12226 2 2 0 4 2019 2140 2020
12227 2 2 0 4 5417 5418 5416
12228 2 2 0 4 2239 2241 2240
12229 2 2 0 4 2025 2027 2026
12230 2 2 0 4 3922 3924 3923
12231 2 2 0 4 2563 2566 2565
12232 2 2 0 4 2587 6357 2563
12233 2 2 0 4 2565 2575 2562
12234 2 2 0 4 4404 4406 4405
12235 2 2 0 4 5331 5505 5052
12236 2 2 0 4 2622 2733 2624
12237 2 2 0 4 2956 2960 2952
12238 2 2 0 4 2953 2957 2956
12239 2 2 0 4 3320 3614 3271
12240 2 2 0 4 3903 3912 3910
12241 2 2 0 4 4371 4635 3621
12242 2 2 0 4 1979 1981 1980
12243 2 2 0 4 1976 2498 1977
12244 2 2 0 4 3559 5599 3818
12245 2 2 0 4 3289 7333 3219
12246 2 2 0 4 4067 7333 5435
12247 2 2 0 4 3219 7333 3221
12248 2 2 0 4 6082 6084 6083
12249 2 2 0 4 2663 2665 2664
12250 2 2 0 4 2662 3404 2821
12251 2 2 0 4 2002 2004 2003
12252 2 2 0 4 2003 2072 2001
12253 2 2 0 4 4651 4685 4353
12254 2 2 0 4 3399 3400 3392
12255 2 2 0 4 3398 3583 3399
12256 2 2 0 4 2675 7339 2677
12257 2 2 0 4 3221 7333 4067
12258 2 2 0 4 4445 4475 4091
12259 2 2 0 4 4091 6355 4442
12260 2 2 0 4 3603 4948 4445
12261 2 2 0 4 2271 7335 2270
12262 2 2 0 4 2323 7520 7335
12263 2 2 0 4 3850 7336 3848
12264 2 2 0 4 4347 4542 4422
12265 2 2 0 4 4422 4423 4348
12266 2 2 0 4 5126 5127 5124
12267 2 2 0 4 2091 7959 2092
12268 2 2 0 4 2092 2283 2090
12269 2 2 0 4 2142 2143 2139
12270 2 2 0 4 6190 6191 5407
12271 2 2 0 4 4039 4040 4027
12272 2 2 0 4 4038 4041 4039
12273 2 2 0 4 2637 2638 2636
12274 2 2 0 4 2635 2884 2637
12275 2 2 0 4 3972 3973 3971
12276 2 2 0 4 4389 4390 4388
12277 2 2 0 4 3120 3122 3121
12278 2 2 0 4 2646 2649 2648
12279 2 2 0 4 4312 4486 4485
12280 2 2 0 4 5274 5277 5275
12281 2 2 0 4 2212 7338 2213
12282 2 2 0 4 2456 2457 2455
12283 2 2 0 4 2604 2897 2606
12284 2 2 0 4 2606 2607 2605
12285 2 2 0 4 3629 3630 3628
12286 2 2 0 4 4379 4676 4556
12287 2 2 0 4 5778 7685 5150
12288 2 2 0 4 5499 5501 5500
12289 2 2 0 4 6162 7545 5308
12290 2 2 0 4 4344 4580 4343
12291 2 2 0 4 3750 3751 3749
12292 2 2 0 4 2210 2324 2208
12293 2 2 0 4 2209 2211 2210
12294 2 2 0 4 5186 5187 4592
12295 2 2 0 4 2518 2519 2497
12296 2 2 0 4 2517 2520 2518
12297 2 2 0 4 3918 4336 3909
12298 2 2 0 4 3917 3950 3918
12299 2 2 0 4 5027 5400 4661
12300 2 2 0 4 2432 2446 2305
12301 2 2 0 4 5299 5300 5298
12302 2 2 0 4 3922 3923 3921
12303 2 2 0 4 4679 5931 5299
12304 2 2 0 4 5415 5417 5416
12305 2 2 0 4 3070 3071 3069
12306 2 2 0 4 3224 6306 3067
12307 2 2 0 4 2019 2020 2017
12308 2 2 0 4 2239 2240 2237
12309 2 2 0 4 2017 6351 2025
12310 2 2 0 4 2025 2026 2016
12311 2 2 0 4 2563 2565 2562
12312 2 2 0 4 2561 2587 2563
12313 2 2 0 4 4404 4405 4403
12314 2 2 0 4 2612 2616 2614
12315 2 2 0 4 2951 6329 3467
12316 2 2 0 4 2622 2624 2623
12317 2 2 0 4 2953 2956 2952
12318 2 2 0 4 4619 4628 4617
12319 2 2 0 4 2623 6302 2621
12320 2 2 0 4 6144 6146 6145
12321 2 2 0 4 4398 5694 4099
12322 2 2 0 4 4397 5296 4398
12323 2 2 0 4 5330 5331 5052
12324 2 2 0 4 5085 7867 4615
12325 2 2 0 4 5471 5538 5469
12326 2 2 0 4 3622 4371 3621
12327 2 2 0 4 3904 6301 3902
12328 2 2 0 4 3620 3775 3622
12329 2 2 0 4 3270 3405 3319
12330 2 2 0 4 3903 3910 3904
12331 2 2 0 4 3319 3320 3271
12332 2 2 0 4 1979 1980 1974
12333 2 2 0 4 1976 1977 1975
12334 2 2 0 4 3565 3601 3380
12335 2 2 0 4 3559 3818 3565
12336 2 2 0 4 5412 7551 5030
12337 2 2 0 4 6037 7458 1985
12338 2 2 0 4 2323 7335 2271
12339 2 2 0 4 3854 7336 3850
12340 2 2 0 4 5898 7704 7387
12341 2 2 0 4 7387 7704 3732
12342 2 2 0 4 2720 7342 2971
12343 2 2 0 4 2213 7338 2217
12344 2 2 0 4 2677 7339 2681
12345 2 2 0 4 2069 7986 2279
12346 2 2 0 4 1845 5993 5990
12347 2 2 0 4 2272 6050 6049
12348 2 2 0 4 6082 6083 6081
12349 2 2 0 4 2504 6070 6069
12350 2 2 0 4 3009 5958 5957
12351 2 2 0 4 3006 6002 6001
12352 2 2 0 4 7339 7342 2681
12353 2 2 0 4 3202 7344 3318
12354 2 2 0 4 6080 8188 6127
12355 2 2 0 4 3343 7368 6419
12356 2 2 0 4 2663 2664 2660
12357 2 2 0 4 2662 2821 2663
12358 2 2 0 4 7385 7389 4930
12359 2 2 0 4 2681 7342 2720
12360 2 2 0 4 2002 2003 2001
12361 2 2 0 4 4650 4651 4353
12362 2 2 0 4 2418 6285 4650
12363 2 2 0 4 3393 6284 4649
12364 2 2 0 4 3398 3399 3392
12365 2 2 0 4 2488 7346 2489
12366 2 2 0 4 2380 7980 2396
12367 2 2 0 4 2352 7673 2355
12368 2 2 0 4 5091 7719 6249
12369 2 2 0 4 2279 7986 7981
12370 2 2 0 4 5554 7346 2488
12371 2 2 0 4 3603 4445 4091
12372 2 2 0 4 4091 4442 3589
12373 2 2 0 4 2469 6321 2468
12374 2 2 0 4 2470 2473 2467
12375 2 2 0 4 2468 2471 2470
12376 2 2 0 4 5134 5136 5133
12377 2 2 0 4 2511 7354 2508
12378 2 2 0 4 1834 7546 367
12379 2 2 0 4 368 7546 6109
12380 2 2 0 4 3311 7347 3314
12381 2 2 0 4 4347 4422 4348
12382 2 2 0 4 5123 5126 5124
12383 2 2 0 4 5124 6243 5122
12384 2 2 0 4 2228 2448 2447
12385 2 2 0 4 2091 2092 2090
12386 2 2 0 4 2137 2142 2139
12387 2 2 0 4 5302 6190 5407
12388 2 2 0 4 4038 4039 4027
12389 2 2 0 4 4026 4104 4038
12390 2 2 0 4 2636 4547 2634
12391 2 2 0 4 2635 2637 2636
12392 2 2 0 4 3967 3972 3971
12393 2 2 0 4 4387 4389 4388
12394 2 2 0 4 3120 3121 3118
12395 2 2 0 4 5139 7417 5138
12396 2 2 0 4 5140 5503 4729
12397 2 2 0 4 4643 5474 5139
12398 2 2 0 4 2646 2648 2644
12399 2 2 0 4 4611 5328 5327
12400 2 2 0 4 3262 4980 3266
12401 2 2 0 4 1963 1970 1965
12402 2 2 0 4 5274 5275 4655
12403 2 2 0 4 4284 6344 4312
12404 2 2 0 4 4312 4485 4311
12405 2 2 0 4 3631 7744 3634
12406 2 2 0 4 3204 7344 3202
12407 2 2 0 4 4293 6216 4291
12408 2 2 0 4 2453 2456 2455
12409 2 2 0 4 5367 5368 5175
12410 2 2 0 4 2604 2606 2605
12411 2 2 0 4 3626 3629 3628
12412 2 2 0 4 4379 4556 2300
12413 2 2 0 4 5707 5778 5150
12414 2 2 0 4 5499 5500 5498
12415 2 2 0 4 1948 6253 1946
12416 2 2 0 4 5309 6162 5308
12417 2 2 0 4 3747 3750 3749
12418 2 2 0 4 3748 4344 4343
12419 2 2 0 4 4046 4047 4044
12420 2 2 0 4 2209 2210 2208
12421 2 2 0 4 2517 2518 2497
12422 2 2 0 4 4593 5186 4592
12423 2 2 0 4 2582 4594 4593
12424 2 2 0 4 3917 3918 3909
12425 2 2 0 4 3878 3919 3917
12426 2 2 0 4 2586 6310 2579
12427 2 2 0 4 2580 2588 2577
12428 2 2 0 4 2579 2583 2580
12429 2 2 0 4 4660 5027 4661
12430 2 2 0 4 6118 6133 5062
12431 2 2 0 4 2237 2248 2236
12432 2 2 0 4 2376 2432 2305
12433 2 2 0 4 2235 2239 2237
12434 2 2 0 4 2550 3922 3921
12435 2 2 0 4 5010 6264 4584
12436 2 2 0 4 5415 5416 5414
12437 2 2 0 4 3069 3224 3067
12438 2 2 0 4 5482 5661 5028
12439 2 2 0 4 5007 5567 5482
12440 2 2 0 4 4679 5299 5298
12441 2 2 0 4 3061 3070 3069
12442 2 2 0 4 4585 5011 5010
12443 2 2 0 4 3142 3145 3140
12444 2 2 0 4 2304 2377 2376
12445 2 2 0 4 2014 2019 2017
12446 2 2 0 4 2017 2025 2016
12447 2 2 0 4 2561 2563 2562
12448 2 2 0 4 5446 5447 5445
12449 2 2 0 4 5449 5860 4579
12450 2 2 0 4 4658 6185 3756
12451 2 2 0 4 4402 4697 4658
12452 2 2 0 4 4403 6303 4402
12453 2 2 0 4 3757 4404 4403
12454 2 2 0 4 2612 2614 2613
12455 2 2 0 4 4473 6248 4618
12456 2 2 0 4 4618 4619 4617
12457 2 2 0 4 2622 2623 2621
12458 2 2 0 4 2951 3467 3451
12459 2 2 0 4 6144 6145 6142
12460 2 2 0 4 2942 2953 2952
12461 2 2 0 4 4975 6252 4452
12462 2 2 0 4 4360 5626 4065
12463 2 2 0 4 4397 4398 4099
12464 2 2 0 4 4302 5085 4615
12465 2 2 0 4 5444 7455 5443
12466 2 2 0 4 5049 5330 5052
12467 2 2 0 4 5470 5471 5469
12468 2 2 0 4 5069 5070 5064
12469 2 2 0 4 6347 6348 4971
12470 2 2 0 4 5154 6263 3619
12471 2 2 0 4 3620 3622 3621
12472 2 2 0 4 3903 3904 3902
12473 2 2 0 4 3270 3319 3271
12474 2 2 0 4 1972 1976 1975
12475 2 2 0 4 1975 1979 1974
12476 2 2 0 4 4958 5896 5484
12477 2 2 0 4 4959 6299 4958
12478 2 2 0 4 1954 1959 1952
12479 2 2 0 4 4712 6210 4656
12480 2 2 0 4 5366 5380 5379
12481 2 2 0 4 4711 5491 4712
12482 2 2 0 4 3559 3565 3380
12483 2 2 0 4 4737 5544 5502
12484 2 2 0 4 4738 5412 5030
12485 2 2 0 4 5030 5952 4378
12486 2 2 0 4 4275 7355 4441
12487 2 2 0 4 4996 7734 5279
12488 2 2 0 4 6500 7356 6630
12489 2 2 0 4 4732 7356 5419
12490 2 2 0 4 2489 7346 2492
12491 2 2 0 4 3314 7347 3334
12492 2 2 0 4 4930 7389 4929
12493 2 2 0 4 4801 7357 6681
12494 2 2 0 4 2068 7358 2351
12495 2 2 0 4 4448 6788 6389
12496 2 2 0 4 7851 8319 5148
12497 2 2 0 4 4022 8583 6282
12498 2 2 0 4 6401 7369 7367
12499 2 2 0 4 2278 7358 2068
12500 2 2 0 4 5187 7620 7469
12501 2 2 0 4 2272 6049 6048
12502 2 2 0 4 2504 6069 6067
12503 2 2 0 4 3009 5957 5953
12504 2 2 0 4 3006 6001 5999
12505 2 2 0 4 3328 6082 6081
12506 2 2 0 4 1973 6004 6003
12507 2 2 0 4 1845 5990 5988
12508 2 2 0 4 2057 6286 6074
12509 2 2 0 4 2591 7354 2511
12510 2 2 0 4 265 6104 266
12511 2 2 0 4 282 6335 283
12512 2 2 0 4 212 1840 213
12513 2 2 0 4 397 2024 398
12514 2 2 0 4 207 1845 208
12515 2 2 0 4 324 3011 325
12516 2 2 0 4 313 1839 314
12517 2 2 0 4 430 3008 431
12518 2 2 0 4 372 6105 373
12519 2 2 0 4 269 3098 270
12520 2 2 0 4 386 1890 387
12521 2 2 0 4 256 3339 257
12522 2 2 0 4 373 1938 374
12523 2 2 0 4 231 2093 232
12524 2 2 0 4 348 2515 349
12525 2 2 0 4 302 5961 303
12526 2 2 0 4 419 2245 420
12527 2 2 0 4 239 6057 240
12528 2 2 0 4 298 6058 299
12529 2 2 0 4 356 1978 357
12530 2 2 0 4 415 2238 416
12531 2 2 0 4 226 6037 227
12532 2 2 0 4 343 3945 344
12533 2 2 0 4 402 2057 403
12534 2 2 0 4 393 1835 394
12535 2 2 0 4 230 6075 231
12536 2 2 0 4 252 3338 253
12537 2 2 0 4 369 1892 370
12538 2 2 0 4 257 5987 258
12539 2 2 0 4 374 1897 375
12540 2 2 0 4 308 1836 309
12541 2 2 0 4 366 1834 367
12542 2 2 0 4 425 3340 426
12543 2 2 0 4 236 6059 237
12544 2 2 0 4 353 2521 354
12545 2 2 0 4 407 6024 408
12546 2 2 0 4 225 1993 226
12547 2 2 0 4 284 3077 285
12548 2 2 0 4 394 6346 395
12549 2 2 0 4 318 1844 319
12550 2 2 0 4 243 2572 244
12551 2 2 0 4 358 1994 359
12552 2 2 0 4 263 6019 264
12553 2 2 0 4 380 1874 381
12554 2 2 0 4 222 1973 223
12555 2 2 0 4 339 2551 340
12556 2 2 0 4 229 2290 230
12557 2 2 0 4 258 3106 259
12558 2 2 0 4 375 6229 376
12559 2 2 0 4 314 6077 315
12560 2 2 0 4 250 3105 251
12561 2 2 0 4 234 2417 235
12562 2 2 0 4 351 2504 352
12563 2 2 0 4 410 2056 411
12564 2 2 0 4 5 1875 205
12565 2 2 0 4 6 6053 322
12566 2 2 0 4 323 6029 324
12567 2 2 0 4 300 6012 301
12568 2 2 0 4 417 2246 418
12569 2 2 0 4 399 2018 400
12570 2 2 0 4 247 3108 248
12571 2 2 0 4 306 6091 307
12572 2 2 0 4 215 1894 216
12573 2 2 0 4 332 3005 333
12574 2 2 0 4 238 6176 239
12575 2 2 0 4 297 2158 298
12576 2 2 0 4 355 5964 356
12577 2 2 0 4 414 6148 415
12578 2 2 0 4 272 3089 273
12579 2 2 0 4 330 3337 331
12580 2 2 0 4 292 2272 293
12581 2 2 0 4 266 3097 267
12582 2 2 0 4 383 1842 384
12583 2 2 0 4 303 2015 304
12584 2 2 0 4 361 1966 362
12585 2 2 0 4 220 1995 221
12586 2 2 0 4 337 3969 338
12587 2 2 0 4 209 1899 210
12588 2 2 0 4 326 3341 327
12589 2 2 0 4 349 6100 350
12590 2 2 0 4 408 2048 409
12591 2 2 0 4 254 3103 255
12592 2 2 0 4 371 1838 372
12593 2 2 0 4 211 6014 212
12594 2 2 0 4 328 3006 329
12595 2 2 0 4 251 6023 252
12596 2 2 0 4 310 1898 311
12597 2 2 0 4 368 6109 369
12598 2 2 0 4 427 3013 428
12599 2 2 0 4 388 1841 389
12600 2 2 0 4 262 3107 263
12601 2 2 0 4 379 6036 380
12602 2 2 0 4 240 2564 241
12603 2 2 0 4 357 6103 358
12604 2 2 0 4 315 1896 316
12605 2 2 0 4 432 4058 433
12606 2 2 0 4 376 1843 377
12607 2 2 0 4 322 3327 323
12608 2 2 0 4 261 5985 262
12609 2 2 0 4 378 1895 379
12610 2 2 0 4 264 3336 265
12611 2 2 0 4 235 6061 236
12612 2 2 0 4 294 6008 295
12613 2 2 0 4 390 1893 391
12614 2 2 0 4 246 6051 247
12615 2 2 0 4 305 2058 306
12616 2 2 0 4 363 1996 364
12617 2 2 0 4 422 2437 423
12618 2 2 0 4 317 6250 318
12619 2 2 0 4 434 3009 435
12620 2 2 0 4 335 3012 336
12621 2 2 0 4 237 2571 238
12622 2 2 0 4 296 6052 297
12623 2 2 0 4 354 6107 355
12624 2 2 0 4 413 2247 414
12625 2 2 0 4 217 1837 218
12626 2 2 0 4 299 2060 300
12627 2 2 0 4 416 6311 417
12628 2 2 0 4 275 3090 276
12629 2 2 0 4 392 5982 393
12630 2 2 0 4 281 3308 282
12631 2 2 0 4 398 5969 399
12632 2 2 0 4 438 3010 6
12633 2 2 0 4 370 6009 371
12634 2 2 0 4 387 6089 388
12635 2 2 0 4 301 2059 302
12636 2 2 0 4 418 6093 419
12637 2 2 0 4 260 3342 261
12638 2 2 0 4 377 6016 378
12639 2 2 0 4 278 3083 279
12640 2 2 0 4 395 2054 396
12641 2 2 0 4 319 6080 320
12642 2 2 0 4 436 4032 437
12643 2 2 0 4 245 4905 246
12644 2 2 0 4 304 6108 305
12645 2 2 0 4 362 6099 363
12646 2 2 0 4 295 2154 296
12647 2 2 0 4 341 2545 342
12648 2 2 0 4 287 3078 288
12649 2 2 0 4 404 2037 405
12650 2 2 0 4 307 6090 308
12651 2 2 0 4 283 6098 284
12652 2 2 0 4 228 6088 229
12653 2 2 0 4 345 2514 346
12654 2 2 0 4 289 3328 290
12655 2 2 0 4 406 2055 407
12656 2 2 0 4 227 1985 228
12657 2 2 0 4 320 1891 321
12658 2 2 0 4 437 6025 438
12659 2 2 0 4 3205 7360 3204
12660 2 2 0 4 2437 6097 423
12661 2 2 0 4 2504 6067 352
12662 2 2 0 4 3008 6007 431
12663 2 2 0 4 1875 5997 205
12664 2 2 0 4 3078 6094 288
12665 2 2 0 4 2564 5983 241
12666 2 2 0 4 2514 6030 346
12667 2 2 0 4 1995 6095 221
12668 2 2 0 4 3969 6096 338
12669 2 2 0 4 3328 6081 290
12670 2 2 0 4 6100 6219 350
12671 2 2 0 4 4058 6221 433
12672 2 2 0 4 3945 6073 344
12673 2 2 0 4 2057 6074 403
12674 2 2 0 4 2054 5960 396
12675 2 2 0 4 1973 6003 223
12676 2 2 0 4 3090 6026 276
12677 2 2 0 4 2272 6048 293
12678 2 2 0 4 3009 5953 435
12679 2 2 0 4 3341 6220 327
12680 2 2 0 4 3006 5999 329
12681 2 2 0 4 1836 6064 309
12682 2 2 0 4 1845 5988 208
12683 2 2 0 4 3011 5994 325
12684 2 2 0 4 3103 6018 255
12685 2 2 0 4 3089 6042 273
12686 2 2 0 4 3337 6045 331
12687 2 2 0 4 2048 6006 409
12688 2 2 0 4 1874 5998 381
12689 2 2 0 4 4499 7355 4275
12690 2 2 0 4 6630 7356 4732
12691 2 2 0 4 3343 7362 3210
12692 2 2 0 4 406 7555 2055
12693 2 2 0 4 2037 7555 405
12694 2 2 0 4 2662 2663 2660
12695 2 2 0 4 4919 7357 4801
12696 2 2 0 4 1841 7556 389
12697 2 2 0 4 390 7556 1893
12698 2 2 0 4 4019 7574 4026
12699 2 2 0 4 2000 2002 2001
12700 2 2 0 4 2418 4650 4353
12701 2 2 0 4 4640 4641 4639
12702 2 2 0 4 3393 4649 4640
12703 2 2 0 4 3391 3398 3392
12704 2 2 0 4 7432 7854 6312
12705 2 2 0 4 5462 7416 5463
12706 2 2 0 4 6401 7367 3318
12707 2 2 0 4 278 7558 3083
12708 2 2 0 4 4499 7359 7355
12709 2 2 0 4 3204 7374 7344
12710 2 2 0 4 4705 7746 4926
12711 2 2 0 4 8138 8612 5844
12712 2 2 0 4 5214 7367 4835
12713 2 2 0 4 3318 7367 6903
12714 2 2 0 4 2413 7358 2278
12715 2 2 0 4 5194 7369 6399
12716 2 2 0 4 6422 7368 6423
12717 2 2 0 4 6419 7368 6418
12718 2 2 0 4 5590 7683 2191
12719 2 2 0 4 2644 5597 2642
12720 2 2 0 4 3470 5925 4565
12721 2 2 0 4 3603 4091 3589
12722 2 2 0 4 3118 5598 3104
12723 2 2 0 4 2748 7370 7278
12724 2 2 0 4 5269 7370 4921
12725 2 2 0 4 4919 7361 7357
12726 2 2 0 4 6774 7612 6476
12727 2 2 0 4 2468 2470 2467
12728 2 2 0 4 2466 2469 2468
12729 2 2 0 4 5132 5134 5133
12730 2 2 0 4 5133 5135 5131
12731 2 2 0 4 4835 7359 4499
12732 2 2 0 4 4362 7595 6180
12733 2 2 0 4 110 7373 1900
12734 2 2 0 4 4094 5914 5913
12735 2 2 0 4 4347 4348 4346
12736 2 2 0 4 2228 2447 2227
12737 2 2 0 4 5123 5124 5122
12738 2 2 0 4 5125 6160 5121
12739 2 2 0 4 2088 2091 2090
12740 2 2 0 4 4630 5169 5168
12741 2 2 0 4 5168 7584 5167
12742 2 2 0 4 2137 2139 2138
12743 2 2 0 4 2138 5741 2136
12744 2 2 0 4 5302 5407 5406
12745 2 2 0 4 4026 4038 4027
12746 2 2 0 4 2635 2636 2634
12747 2 2 0 4 3208 7360 3205
12748 2 2 0 4 3967 3971 3970
12749 2 2 0 4 3970 4107 3966
12750 2 2 0 4 4376 6279 5191
12751 2 2 0 4 4387 4388 4376
12752 2 2 0 4 3893 3897 3896
12753 2 2 0 4 3117 3294 3119
12754 2 2 0 4 3119 3120 3118
12755 2 2 0 4 5138 5140 4729
12756 2 2 0 4 4643 5139 5138
12757 2 2 0 4 2645 2646 2644
12758 2 2 0 4 2643 2651 2645
12759 2 2 0 4 3263 3264 3194
12760 2 2 0 4 3262 3266 3263
12761 2 2 0 4 5047 5845 4453
12762 2 2 0 4 4611 5327 5047
12763 2 2 0 4 1963 1965 1964
12764 2 2 0 4 6400 7374 7324
12765 2 2 0 4 3212 7375 3343
12766 2 2 0 4 3102 7480 3111
12767 2 2 0 4 4283 5274 4655
12768 2 2 0 4 4284 4312 4311
12769 2 2 0 4 5066 7610 5727
12770 2 2 0 4 421 7575 422
12771 2 2 0 4 6851 7377 6596
12772 2 2 0 4 4921 7361 4919
12773 2 2 0 4 6056 7982 5076
12774 2 2 0 4 6778 8215 7629
12775 2 2 0 4 4372 8398 5937
12776 2 2 0 4 7344 7374 6400
12777 2 2 0 4 2368 7363 2369
12778 2 2 0 4 4952 7364 4951
12779 2 2 0 4 3657 7365 3659
12780 2 2 0 4 3208 7362 7360
12781 2 2 0 4 5640 7378 6679
12782 2 2 0 4 5171 7378 5456
12783 2 2 0 4 4292 4293 4291
12784 2 2 0 4 2453 2455 2454
12785 2 2 0 4 5510 6149 5511
12786 2 2 0 4 5173 6214 5172
12787 2 2 0 4 4596 5174 5173
12788 2 2 0 4 5172 5367 5175
12789 2 2 0 4 2604 2605 2603
12790 2 2 0 4 3626 3628 3627
12791 2 2 0 4 3809 4379 2300
12792 2 2 0 4 5106 5707 5150
12793 2 2 0 4 5107 6134 5305
12794 2 2 0 4 5497 5499 5498
12795 2 2 0 4 1945 1958 1947
12796 2 2 0 4 1947 1948 1946
12797 2 2 0 4 5307 5309 5308
12798 2 2 0 4 3647 4590 3646
12799 2 2 0 4 3570 7353 3647
12800 2 2 0 4 3748 4343 3746
12801 2 2 0 4 3747 3749 3748
12802 2 2 0 4 4045 4046 4044
12803 2 2 0 4 2207 2209 2208
12804 2 2 0 4 2496 2517 2497
12805 2 2 0 4 2582 4593 4592
12806 2 2 0 4 3878 3917 3909
12807 2 2 0 4 5854 7444 4696
12808 2 2 0 4 2576 2586 2579
12809 2 2 0 4 2579 2580 2577
12810 2 2 0 4 4660 4661 4319
12811 2 2 0 4 4471 4721 4660
12812 2 2 0 4 4935 6213 4934
12813 2 2 0 4 4679 5298 4401
12814 2 2 0 4 2235 2237 2236
12815 2 2 0 4 5488 5504 5487
12816 2 2 0 4 4585 5010 4584
12817 2 2 0 4 2550 3921 3920
12818 2 2 0 4 3067 3068 3060
12819 2 2 0 4 5007 5482 5028
12820 2 2 0 4 3061 3069 3067
12821 2 2 0 4 3141 3142 3140
12822 2 2 0 4 6117 6118 5062
12823 2 2 0 4 4934 5061 5060
12824 2 2 0 4 5413 5415 5414
12825 2 2 0 4 3920 4357 2549
12826 2 2 0 4 2304 2376 2305
12827 2 2 0 4 2014 2017 2016
12828 2 2 0 4 5411 7380 5852
12829 2 2 0 4 2561 2562 2560
12830 2 2 0 4 5445 5449 4579
12831 2 2 0 4 4400 5446 5445
12832 2 2 0 4 3757 4403 4402
12833 2 2 0 4 4402 4658 3756
12834 2 2 0 4 2610 6298 2612
12835 2 2 0 4 2612 2613 2611
12836 2 2 0 4 6143 6144 6142
12837 2 2 0 4 4473 4618 4617
12838 2 2 0 4 2620 2622 2621
12839 2 2 0 4 2621 4318 2619
12840 2 2 0 4 2942 2952 2951
12841 2 2 0 4 2951 3451 2941
12842 2 2 0 4 4602 4975 4452
12843 2 2 0 4 4359 4360 4065
12844 2 2 0 4 4100 4397 4099
12845 2 2 0 4 4302 4615 4359
12846 2 2 0 4 3954 4101 4100
12847 2 2 0 4 5443 5820 5048
12848 2 2 0 4 5050 5444 5443
12849 2 2 0 4 5049 5052 5051
12850 2 2 0 4 5468 5470 5469
12851 2 2 0 4 5851 7802 5348
12852 2 2 0 4 2598 5069 5064
12853 2 2 0 4 4690 5893 5479
12854 2 2 0 4 5479 6347 4971
12855 2 2 0 4 3900 3903 3902
12856 2 2 0 4 4566 5154 3619
12857 2 2 0 4 3620 3621 3382
12858 2 2 0 4 3902 3907 3901
12859 2 2 0 4 3270 3271 3269
12860 2 2 0 4 1972 1975 1974
12861 2 2 0 4 1974 6333 1971
12862 2 2 0 4 4958 5484 4632
12863 2 2 0 4 4631 4959 4958
12864 2 2 0 4 1953 1954 1952
12865 2 2 0 4 4711 4712 4656
12866 2 2 0 4 5366 5379 4541
12867 2 2 0 4 3358 3559 3380
12868 2 2 0 4 4737 5502 4738
12869 2 2 0 4 4738 5030 4378
12870 2 2 0 4 6423 7379 7305
12871 2 2 0 4 3616 6368 6188
12872 2 2 0 4 7384 7385 4930
12873 2 2 0 4 3819 7754 3789
12874 2 2 0 4 7328 8110 6273
12875 2 2 0 4 2630 7522 2921
12876 2 2 0 4 7359 7369 5194
12877 2 2 0 4 3210 7362 3208
12878 2 2 0 4 7357 7389 6681
12879 2 2 0 4 1904 7381 89
12880 2 2 0 4 88 7381 6953
12881 2 2 0 4 2355 7366 2353
12882 2 2 0 4 6628 7385 6940
12883 2 2 0 4 2353 7366 2356
12884 2 2 0 4 2369 7363 6132
12885 2 2 0 4 5097 7364 4952
12886 2 2 0 4 3659 7365 3732
12887 2 2 0 4 2636 7391 4547
12888 2 2 0 4 5430 7411 7376
12889 2 2 0 4 4977 7386 6199
12890 2 2 0 4 5372 7386 4720
12891 2 2 0 4 2355 7673 7672
12892 2 2 0 4 6903 7367 5214
12893 2 2 0 4 5747 7993 5440
12894 2 2 0 4 6418 7368 6422
12895 2 2 0 4 2138 8040 5741
12896 2 2 0 4 4929 7389 7357
12897 2 2 0 4 5038 6317 6316
12898 2 2 0 4 6399 7369 6401
12899 2 2 0 4 6389 6390 6291
12900 2 2 0 4 6172 6173 6171
12901 2 2 0 4 93 7390 92
12902 2 2 0 4 7278 7370 5269
12903 2 2 0 4 4835 7369 7359
12904 2 2 0 4 3340 7576 426
12905 2 2 0 4 427 7576 3013
12906 2 2 0 4 4754 7392 6850
12907 2 2 0 4 5586 7513 4088
12908 2 2 0 4 5287 7537 5572
12909 2 2 0 4 111 7373 110
12910 2 2 0 4 4921 7392 7361
12911 2 2 0 4 7324 7374 6420
12912 2 2 0 4 6272 7515 5634
12913 2 2 0 4 5163 8405 7919
12914 2 2 0 4 4932 7428 4904
12915 2 2 0 4 3226 7375 3212
12916 2 2 0 4 6596 7377 6597
12917 2 2 0 4 3567 7513 7473
12918 2 2 0 4 4691 7788 6169
12919 2 2 0 4 4556 5705 2300
12920 2 2 0 4 5723 5724 2314
12921 2 2 0 4 4950 7544 7543
12922 2 2 0 4 5001 7539 5053
12923 2 2 0 4 6150 7459 5280
12924 2 2 0 4 7375 7379 6423
12925 2 2 0 4 5458 7431 5460
12926 2 2 0 4 5001 8597 7539
12927 2 2 0 4 6679 7378 5171
12928 2 2 0 4 7305 7379 7067
12929 2 2 0 4 7361 7392 4754
12930 2 2 0 4 1911 7400 49
12931 2 2 0 4 48 7400 1870
12932 2 2 0 4 5812 7401 7038
12933 2 2 0 4 5373 7401 5516
12934 2 2 0 4 7875 8477 5916
12935 2 2 0 4 7379 7384 7067
12936 2 2 0 4 7410 7915 3017
12937 2 2 0 4 5637 8453 2147
12938 2 2 0 4 3226 7384 7379
12939 2 2 0 4 5580 7569 7336
12940 2 2 0 4 7067 7384 4930
12941 2 2 0 4 3685 8503 3690
12942 2 2 0 4 89 7381 88
12943 2 2 0 4 1968 6269 1972
12944 2 2 0 4 7708 8291 7414
12945 2 2 0 4 6940 7384 3226
12946 2 2 0 4 5827 8684 7757
12947 2 2 0 4 5998 7652 5770
12948 2 2 0 4 2661 6322 2659
12949 2 2 0 4 2659 2662 2660
12950 2 2 0 4 2941 7784 2625
12951 2 2 0 4 2437 7575 6258
12952 2 2 0 4 6052 8682 5646
12953 2 2 0 4 2000 2001 1999
12954 2 2 0 4 2418 4353 4352
12955 2 2 0 4 3393 4640 4639
12956 2 2 0 4 3391 3392 3390
12957 2 2 0 4 4110 7849 6315
12958 2 2 0 4 3383 7432 6312
12959 2 2 0 4 6301 8021 3907
12960 2 2 0 4 7396 8480 3146
12961 2 2 0 4 4164 7385 6628
12962 2 2 0 4 5559 7415 3192
12963 2 2 0 4 5914 7756 5890
12964 2 2 0 4 4720 7386 4977
12965 2 2 0 4 5124 7413 6243
12966 2 2 0 4 4164 7389 7385
12967 2 2 0 4 3810 7395 4983
12968 2 2 0 4 7403 7940 2651
12969 2 2 0 4 5341 7435 5826
12970 2 2 0 4 7453 8212 5488
12971 2 2 0 4 7414 8704 7708
12972 2 2 0 4 3469 3603 3589
12973 2 2 0 4 3470 4565 3645
12974 2 2 0 4 3226 7379 7375
12975 2 2 0 4 6681 7389 4164
12976 2 2 0 4 2666 7545 2664
12977 2 2 0 4 92 7390 1851
12978 2 2 0 4 5439 8232 8073
12979 2 2 0 4 6327 7483 4441
12980 2 2 0 4 3303 7415 5000
12981 2 2 0 4 3100 7480 3102
12982 2 2 0 4 2073 7399 2061
12983 2 2 0 4 2466 2468 2467
12984 2 2 0 4 5132 5133 5131
12985 2 2 0 4 6182 8077 4126
12986 2 2 0 4 2638 7391 2636
12987 2 2 0 4 7759 8377 6161
12988 2 2 0 4 6850 7392 6851
12989 2 2 0 4 3192 7415 3223
12990 2 2 0 4 3887 8048 7665
12991 2 2 0 4 4588 7464 7395
12992 2 2 0 4 3367 8679 5604
12993 2 2 0 4 4093 4347 4346
12994 2 2 0 4 4094 5913 4093
12995 2 2 0 4 2051 2228 2227
12996 2 2 0 4 5122 5125 5121
12997 2 2 0 4 2307 7737 2051
12998 2 2 0 4 5120 5123 5122
12999 2 2 0 4 2088 2090 2089
13000 2 2 0 4 4630 5168 5167
13001 2 2 0 4 2137 2138 2136
13002 2 2 0 4 5302 5406 4097
13003 2 2 0 4 5301 6242 5302
13004 2 2 0 4 4020 5909 4581
13005 2 2 0 4 4026 4027 4020
13006 2 2 0 4 3432 5907 2633
13007 2 2 0 4 2633 2635 2634
13008 2 2 0 4 3967 3970 3966
13009 2 2 0 4 5141 7732 4375
13010 2 2 0 4 4375 4387 4376
13011 2 2 0 4 4376 5191 4070
13012 2 2 0 4 3893 3896 3895
13013 2 2 0 4 3117 3119 3118
13014 2 2 0 4 4643 5138 4729
13015 2 2 0 4 2643 2645 2644
13016 2 2 0 4 4611 5047 4453
13017 2 2 0 4 3262 3263 3194
13018 2 2 0 4 1963 1964 1962
13019 2 2 0 4 3469 5874 3603
13020 2 2 0 4 2191 7683 2162
13021 2 2 0 4 1937 7424 154
13022 2 2 0 4 153 7424 1889
13023 2 2 0 4 2414 7980 2380
13024 2 2 0 4 4399 7811 5015
13025 2 2 0 4 6268 7388 5147
13026 2 2 0 4 6298 7594 2616
13027 2 2 0 4 7444 7805 7508
13028 2 2 0 4 4284 4311 3190
13029 2 2 0 4 4283 4655 4284
13030 2 2 0 4 5016 5311 5017
13031 2 2 0 4 5066 5727 5016
13032 2 2 0 4 3618 8035 3282
13033 2 2 0 4 6218 7406 5083
13034 2 2 0 4 1893 7618 391
13035 2 2 0 4 392 7618 5982
13036 2 2 0 4 189 7425 6776
13037 2 2 0 4 1849 7425 190
13038 2 2 0 4 5416 7675 5414
13039 2 2 0 4 2250 8031 2253
13040 2 2 0 4 2098 7408 2114
13041 2 2 0 4 4049 7788 4691
13042 2 2 0 4 5374 5705 4556
13043 2 2 0 4 2474 7490 2472
13044 2 2 0 4 7806 8340 5649
13045 2 2 0 4 5807 8459 3652
13046 2 2 0 4 6001 8529 6000
13047 2 2 0 4 2301 8593 1951
13048 2 2 0 4 2450 7825 6148
13049 2 2 0 4 3610 4292 4291
13050 2 2 0 4 4291 4333 4290
13051 2 2 0 4 2453 2454 2452
13052 2 2 0 4 5510 5511 5509
13053 2 2 0 4 5172 5175 3461
13054 2 2 0 4 4596 5173 5172
13055 2 2 0 4 5165 5855 2602
13056 2 2 0 4 2602 2604 2603
13057 2 2 0 4 3626 3627 3625
13058 2 2 0 4 2299 3809 2300
13059 2 2 0 4 5107 5305 5037
13060 2 2 0 4 5106 5150 5107
13061 2 2 0 4 4941 5675 5497
13062 2 2 0 4 5497 5498 4575
13063 2 2 0 4 1946 2170 1944
13064 2 2 0 4 1945 1947 1946
13065 2 2 0 4 5307 5308 5306
13066 2 2 0 4 3646 4608 3387
13067 2 2 0 4 3570 3647 3646
13068 2 2 0 4 3745 6273 3747
13069 2 2 0 4 3747 3748 3746
13070 2 2 0 4 4044 6245 4042
13071 2 2 0 4 4043 4045 4044
13072 2 2 0 4 5192 7677 4043
13073 2 2 0 4 2207 2208 2180
13074 2 2 0 4 2496 2497 2495
13075 2 2 0 4 2582 4592 2494
13076 2 2 0 4 2495 6209 2582
13077 2 2 0 4 2594 5854 4696
13078 2 2 0 4 3878 3909 2594
13079 2 2 0 4 2576 2579 2577
13080 2 2 0 4 4471 4660 4319
13081 2 2 0 4 4135 4585 4584
13082 2 2 0 4 2550 3920 2549
13083 2 2 0 4 5487 5490 4981
13084 2 2 0 4 4119 4935 4934
13085 2 2 0 4 4584 4679 4401
13086 2 2 0 4 4918 5488 5487
13087 2 2 0 4 5696 6117 5062
13088 2 2 0 4 4722 7748 5413
13089 2 2 0 4 5007 5028 4396
13090 2 2 0 4 5006 6208 5007
13091 2 2 0 4 3061 3067 3060
13092 2 2 0 4 2304 2305 2234
13093 2 2 0 4 5695 7676 3139
13094 2 2 0 4 4981 6233 5272
13095 2 2 0 4 2235 2236 2232
13096 2 2 0 4 3139 3141 3140
13097 2 2 0 4 5413 5414 4624
13098 2 2 0 4 4934 5060 4933
13099 2 2 0 4 3140 6244 3134
13100 2 2 0 4 2014 2016 2013
13101 2 2 0 4 2559 2561 2560
13102 2 2 0 4 5411 5852 2559
13103 2 2 0 4 4400 5445 4579
13104 2 2 0 4 3757 4402 3756
13105 2 2 0 4 2610 2612 2611
13106 2 2 0 4 2311 6143 6142
13107 2 2 0 4 4473 4617 4616
13108 2 2 0 4 2620 2621 2619
13109 2 2 0 4 2942 2951 2941
13110 2 2 0 4 4302 4359 4065
13111 2 2 0 4 4564 4602 4452
13112 2 2 0 4 3954 4100 4099
13113 2 2 0 4 5050 5443 5048
13114 2 2 0 4 5049 5051 3613
13115 2 2 0 4 5348 5738 4653
13116 2 2 0 4 4666 5851 5348
13117 2 2 0 4 5468 5469 4666
13118 2 2 0 4 6267 6268 5147
13119 2 2 0 4 2598 5064 5063
13120 2 2 0 4 5614 5783 5109
13121 2 2 0 4 4690 5479 4971
13122 2 2 0 4 3900 3902 3901
13123 2 2 0 4 3619 3620 3382
13124 2 2 0 4 3381 4566 3619
13125 2 2 0 4 3269 4282 3267
13126 2 2 0 4 3268 3270 3269
13127 2 2 0 4 1972 1974 1971
13128 2 2 0 4 4631 4958 4632
13129 2 2 0 4 4632 5481 4068
13130 2 2 0 4 1951 1953 1952
13131 2 2 0 4 4051 4711 4656
13132 2 2 0 4 4656 5366 4541
13133 2 2 0 4 3358 3380 3316
13134 2 2 0 4 4737 4738 4378
13135 2 2 0 4 6323 7465 4756
13136 2 2 0 4 2336 8384 5797
13137 2 2 0 4 5188 7403 6165
13138 2 2 0 4 5619 8528 5621
13139 2 2 0 4 312 7557 313
13140 2 2 0 4 4025 8355 5616
13141 2 2 0 4 2361 7399 2073
13142 2 2 0 4 2174 7450 2317
13143 2 2 0 4 4674 7451 4363
13144 2 2 0 4 5961 7550 5962
13145 2 2 0 4 5393 6280 5396
13146 2 2 0 4 2276 6371 2229
13147 2 2 0 4 5003 8666 8438
13148 2 2 0 4 5758 8043 1994
13149 2 2 0 4 49 7400 48
13150 2 2 0 4 287 7397 3078
13151 2 2 0 4 7038 7401 5373
13152 2 2 0 4 4026 8327 4104
13153 2 2 0 4 1959 5711 1952
13154 2 2 0 4 3626 5712 3629
13155 2 2 0 4 1896 7633 316
13156 2 2 0 4 317 7633 6250
13157 2 2 0 4 1867 7439 96
13158 2 2 0 4 95 7439 1917
13159 2 2 0 4 6871 7440 81
13160 2 2 0 4 80 7440 1915
13161 2 2 0 4 5511 8586 5509
13162 2 2 0 4 2280 8069 7494
13163 2 2 0 4 6853 7723 1905
13164 2 2 0 4 6397 7404 6391
13165 2 2 0 4 4631 7402 4959
13166 2 2 0 4 7561 7862 4564
13167 2 2 0 4 3764 7405 6830
13168 2 2 0 4 4644 8370 5821
13169 2 2 0 4 5043 8574 6768
13170 2 2 0 4 5650 8157 6125
13171 2 2 0 4 4956 6283 4955
13172 2 2 0 4 6102 8462 160
13173 2 2 0 4 7419 7420 2357
13174 2 2 0 4 6369 6388 2107
13175 2 2 0 4 4756 7465 5193
13176 2 2 0 4 7249 8292 6875
13177 2 2 0 4 5057 5891 4670
13178 2 2 0 4 2280 7494 7493
13179 2 2 0 4 7493 7839 2343
13180 2 2 0 4 6551 7542 6549
13181 2 2 0 4 2626 7552 2942
13182 2 2 0 4 3773 7447 3828
13183 2 2 0 4 3332 7448 3454
13184 2 2 0 4 2413 7741 7358
13185 2 2 0 4 3191 7715 3187
13186 2 2 0 4 3147 8455 3143
13187 2 2 0 4 428 7663 429
13188 2 2 0 4 2114 7408 2308
13189 2 2 0 4 5438 8035 3618
13190 2 2 0 4 5665 7454 5664
13191 2 2 0 4 4320 7574 4019
13192 2 2 0 4 6345 8040 2138
13193 2 2 0 4 2485 7468 5494
13194 2 2 0 4 1976 6269 2578
13195 2 2 0 4 2326 8563 2274
13196 2 2 0 4 3701 8088 7675
13197 2 2 0 4 6481 8088 6480
13198 2 2 0 4 3705 6363 3699
13199 2 2 0 4 5057 6171 6170
13200 2 2 0 4 5990 7479 5991
13201 2 2 0 4 2176 7450 2174
13202 2 2 0 4 4351 8680 6363
13203 2 2 0 4 2198 7383 2340
13204 2 2 0 4 4363 7451 4605
13205 2 2 0 4 5707 8708 3899
13206 2 2 0 4 2102 8084 2100
13207 2 2 0 4 6330 7419 1999
13208 2 2 0 4 5055 7456 4936
13209 2 2 0 4 6942 8367 3471
13210 2 2 0 4 5857 7624 4336
13211 2 2 0 4 2572 7661 244
13212 2 2 0 4 245 7661 4905
13213 2 2 0 4 2715 7461 2712
13214 2 2 0 4 2367 7434 2366
13215 2 2 0 4 4971 6348 5864
13216 2 2 0 4 2603 8083 5591
13217 2 2 0 4 1933 7463 196
13218 2 2 0 4 195 7463 1871
13219 2 2 0 4 6109 7568 1892
13220 2 2 0 4 1962 8069 2280
13221 2 2 0 4 5444 7523 7522
13222 2 2 0 4 413 7667 2247
13223 2 2 0 4 5949 7447 3771
13224 2 2 0 4 4448 6389 6291
13225 2 2 0 4 2361 7852 7597
13226 2 2 0 4 4688 8081 7706
13227 2 2 0 4 5057 6172 6171
13228 2 2 0 4 5130 8500 5132
13229 2 2 0 4 6188 8219 3616
13230 2 2 0 4 7046 8090 2398
13231 2 2 0 4 8314 8547 2593
13232 2 2 0 4 2657 8144 6137
13233 2 2 0 4 6034 8420 6101
13234 2 2 0 4 3499 8418 5806
13235 2 2 0 4 3871 7665 6114
13236 2 2 0 4 5127 7413 5124
13237 2 2 0 4 5995 8068 8067
13238 2 2 0 4 2390 7478 2388
13239 2 2 0 4 3223 7415 3303
13240 2 2 0 4 5398 7699 5742
13241 2 2 0 4 4033 7933 7793
13242 2 2 0 4 6349 7754 6087
13243 2 2 0 4 6010 8053 6011
13244 2 2 0 4 7799 8470 5426
13245 2 2 0 4 4978 7471 5566
13246 2 2 0 4 7001 7471 4979
13247 2 2 0 4 7482 8017 3782
13248 2 2 0 4 3135 5886 5816
13249 2 2 0 4 3567 7473 3455
13250 2 2 0 4 384 7698 385
13251 2 2 0 4 4902 7428 5351
13252 2 2 0 4 5191 8576 4070
13253 2 2 0 4 4408 8226 4638
13254 2 2 0 4 5701 7715 5699
13255 2 2 0 4 2642 5597 5086
13256 2 2 0 4 3104 5598 5442
13257 2 2 0 4 2487 7468 2485
13258 2 2 0 4 7739 7848 5596
13259 2 2 0 4 2355 7672 7438
13260 2 2 0 4 4357 8559 6186
13261 2 2 0 4 2565 7476 2575
13262 2 2 0 4 3652 8033 5807
13263 2 2 0 4 3090 7709 6026
13264 2 2 0 4 5872 7495 5871
13265 2 2 0 4 7599 7841 5692
13266 2 2 0 4 7311 7979 6110
13267 2 2 0 4 5742 5765 5420
13268 2 2 0 4 6462 8263 1921
13269 2 2 0 4 6133 8231 5439
13270 2 2 0 4 154 7424 153
13271 2 2 0 4 4181 7483 4286
13272 2 2 0 4 4441 7483 4183
13273 2 2 0 4 5995 8067 5996
13274 2 2 0 4 5859 8655 5524
13275 2 2 0 4 4691 6246 6245
13276 2 2 0 4 4010 7486 4013
13277 2 2 0 4 5616 7486 4009
13278 2 2 0 4 3963 8590 6254
13279 2 2 0 4 5165 7805 7444
13280 2 2 0 4 4685 8171 5945
13281 2 2 0 4 6249 7719 2611
13282 2 2 0 4 7318 7337 2423
13283 2 2 0 4 5478 7443 7442
13284 2 2 0 4 8137 8696 4686
13285 2 2 0 4 1894 7702 216
13286 2 2 0 4 217 7702 1837
13287 2 2 0 4 3855 5804 3854
13288 2 2 0 4 5533 7488 7181
13289 2 2 0 4 5041 7488 6157
13290 2 2 0 4 7355 7465 4441
13291 2 2 0 4 190 7425 189
13292 2 2 0 4 5508 7426 5698
13293 2 2 0 4 6293 7995 4581
13294 2 2 0 4 7748 8219 5413
13295 2 2 0 4 5137 7413 5127
13296 2 2 0 4 5126 8580 5127
13297 2 2 0 4 3883 8699 5780
13298 2 2 0 4 6273 6274 4689
13299 2 2 0 4 5496 7882 5495
13300 2 2 0 4 218 7730 219
13301 2 2 0 4 4585 7427 5011
13302 2 2 0 4 5280 8357 6187
13303 2 2 0 4 6110 8098 7311
13304 2 2 0 4 5547 8186 7428
13305 2 2 0 4 6873 8317 6535
13306 2 2 0 4 3603 5874 4948
13307 2 2 0 4 6428 8339 7449
13308 2 2 0 4 5092 7496 4957
13309 2 2 0 4 3868 8526 3866
13310 2 2 0 4 5110 7482 6224
13311 2 2 0 4 5560 5816 4725
13312 2 2 0 4 2506 7460 2502
13313 2 2 0 4 5594 8645 2815
13314 2 2 0 4 5542 8645 5594
13315 2 2 0 4 234 7430 2417
13316 2 2 0 4 7939 8641 5757
13317 2 2 0 4 5796 8641 7939
13318 2 2 0 4 2012 8201 7363
13319 2 2 0 4 4024 7486 5919
13320 2 2 0 4 7473 7513 5589
13321 2 2 0 4 5597 7867 5086
13322 2 2 0 4 5886 8302 7636
13323 2 2 0 4 5505 7516 6342
13324 2 2 0 4 5093 7646 6248
13325 2 2 0 4 267 7760 268
13326 2 2 0 4 5313 7506 7146
13327 2 2 0 4 5136 7527 5133
13328 2 2 0 4 7481 7992 5377
13329 2 2 0 4 3328 7894 6082
13330 2 2 0 4 219 7769 220
13331 2 2 0 4 2141 7524 5185
13332 2 2 0 4 3559 7517 5599
13333 2 2 0 4 2960 7902 6173
13334 2 2 0 4 6293 7893 5071
13335 2 2 0 4 1929 8320 7656
13336 2 2 0 4 5273 8045 7540
13337 2 2 0 4 3665 7910 3667
13338 2 2 0 4 6372 7727 5175
13339 2 2 0 4 8123 8125 3827
13340 2 2 0 4 6202 8247 3028
13341 2 2 0 4 2156 8074 6425
13342 2 2 0 4 6539 7585 1878
13343 2 2 0 4 96 7439 95
13344 2 2 0 4 6363 8680 7828
13345 2 2 0 4 81 7440 80
13346 2 2 0 4 5872 8239 7495
13347 2 2 0 4 4395 7372 5006
13348 2 2 0 4 2135 8121 2137
13349 2 2 0 4 4553 8207 3759
13350 2 2 0 4 2416 8627 2415
13351 2 2 0 4 6286 8321 6074
13352 2 2 0 4 2396 7980 7338
13353 2 2 0 4 382 7441 383
13354 2 2 0 4 5924 8703 8491
13355 2 2 0 4 5651 8271 2440
13356 2 2 0 4 4544 7572 5378
13357 2 2 0 4 3000 7916 3001
13358 2 2 0 4 5900 8129 3617
13359 2 2 0 4 2442 8063 7393
13360 2 2 0 4 6130 8701 6129
13361 2 2 0 4 2574 5808 4998
13362 2 2 0 4 2355 7438 7366
13363 2 2 0 4 5104 8375 5105
13364 2 2 0 4 3782 7913 7482
13365 2 2 0 4 2659 2660 2657
13366 2 2 0 4 2656 2661 2659
13367 2 2 0 4 7497 8058 3175
13368 2 2 0 4 5423 8048 7743
13369 2 2 0 4 2056 7786 411
13370 2 2 0 4 2365 8044 7917
13371 2 2 0 4 6153 8097 6154
13372 2 2 0 4 4670 5891 5046
13373 2 2 0 4 3828 7447 5068
13374 2 2 0 4 3454 7448 3611
13375 2 2 0 4 6847 7449 3496
13376 2 2 0 4 250 7791 3105
13377 2 2 0 4 7959 8464 2413
13378 2 2 0 4 3390 7608 6281
13379 2 2 0 4 6281 7608 5892
13380 2 2 0 4 5181 8252 3151
13381 2 2 0 4 5645 8245 5643
13382 2 2 0 4 2450 8562 2326
13383 2 2 0 4 2641 7403 2643
13384 2 2 0 4 2443 8542 8523
13385 2 2 0 4 5948 7532 5284
13386 2 2 0 4 2196 7484 2192
13387 2 2 0 4 1998 2000 1999
13388 2 2 0 4 5079 5565 5564
13389 2 2 0 4 2418 4352 2416
13390 2 2 0 4 3393 4639 3162
13391 2 2 0 4 4110 6315 3932
13392 2 2 0 4 2996 3391 3390
13393 2 2 0 4 3073 5755 3383
13394 2 2 0 4 3383 6312 3071
13395 2 2 0 4 5342 8168 5344
13396 2 2 0 4 7417 7916 3000
13397 2 2 0 4 7438 8121 2163
13398 2 2 0 4 2181 7450 2176
13399 2 2 0 4 4605 7451 5582
13400 2 2 0 4 2108 8084 2102
13401 2 2 0 4 1914 8595 5936
13402 2 2 0 4 5003 8438 4591
13403 2 2 0 4 5945 7716 4685
13404 2 2 0 4 5869 7716 5945
13405 2 2 0 4 2214 7565 6333
13406 2 2 0 4 108 7536 107
13407 2 2 0 4 157 7535 156
13408 2 2 0 4 3141 7676 3164
13409 2 2 0 4 4045 7677 4051
13410 2 2 0 4 259 7452 260
13411 2 2 0 4 5088 7720 4606
13412 2 2 0 4 1860 7538 6757
13413 2 2 0 4 7669 8416 5664
13414 2 2 0 4 5442 7475 2573
13415 2 2 0 4 6114 7665 5833
13416 2 2 0 4 5486 7874 4728
13417 2 2 0 4 2500 8489 2505
13418 2 2 0 4 1876 7542 14
13419 2 2 0 4 2349 7550 6116
13420 2 2 0 4 6480 8088 3701
13421 2 2 0 4 6225 8119 5750
13422 2 2 0 4 2687 6300 2759
13423 2 2 0 4 5096 8496 5095
13424 2 2 0 4 4372 5937 4737
13425 2 2 0 4 6673 8191 7743
13426 2 2 0 4 7378 7889 5456
13427 2 2 0 4 6532 7547 6535
13428 2 2 0 4 6253 7845 2170
13429 2 2 0 4 1961 5905 1963
13430 2 2 0 4 2547 5939 2550
13431 2 2 0 4 3965 5906 3967
13432 2 2 0 4 1972 6269 1976
13433 2 2 0 4 6154 8097 6155
13434 2 2 0 4 5402 8194 5835
13435 2 2 0 4 7459 8509 8357
13436 2 2 0 4 5910 5912 5909
13437 2 2 0 4 3813 7530 4545
13438 2 2 0 4 6860 7554 42
13439 2 2 0 4 41 7554 1909
13440 2 2 0 4 2553 7619 5425
13441 2 2 0 4 6307 7498 3068
13442 2 2 0 4 4936 7456 6707
13443 2 2 0 4 2527 8198 2524
13444 2 2 0 4 3339 8011 5987
13445 2 2 0 4 5916 8368 5915
13446 2 2 0 4 3913 7957 5033
13447 2 2 0 4 2170 7845 6265
13448 2 2 0 4 5107 7684 6134
13449 2 2 0 4 7237 7563 5575
13450 2 2 0 4 5526 7563 4972
13451 2 2 0 4 7376 8703 5924
13452 2 2 0 4 4694 8488 4925
13453 2 2 0 4 2712 7461 2752
13454 2 2 0 4 3338 8572 7705
13455 2 2 0 4 285 7869 286
13456 2 2 0 4 5183 8426 5520
13457 2 2 0 4 3432 7861 7712
13458 2 2 0 4 3469 3589 3470
13459 2 2 0 4 3470 3645 3468
13460 2 2 0 4 8143 8457 7420
13461 2 2 0 4 7354 7460 2506
13462 2 2 0 4 5614 8653 5783
13463 2 2 0 4 196 7463 195
13464 2 2 0 4 5338 7600 5335
13465 2 2 0 4 5946 7573 4674
13466 2 2 0 4 5051 6226 5656
13467 2 2 0 4 3955 7601 3936
13468 2 2 0 4 5979 8111 2359
13469 2 2 0 4 5135 7689 5131
13470 2 2 0 4 4403 7984 6303
13471 2 2 0 4 1920 8724 6499
13472 2 2 0 4 7913 8571 7482
13473 2 2 0 4 1885 7889 7378
13474 2 2 0 4 3100 7846 7480
13475 2 2 0 4 5592 7504 5070
13476 2 2 0 4 5504 8326 5487
13477 2 2 0 4 6870 8324 5575
13478 2 2 0 4 4418 7984 4405
13479 2 2 0 4 2185 7507 2187
13480 2 2 0 4 5360 7604 5363
13481 2 2 0 4 2545 8223 5777
13482 2 2 0 4 5415 8219 6188
13483 2 2 0 4 5814 7577 7106
13484 2 2 0 4 2474 8557 7490
13485 2 2 0 4 4456 7586 4458
13486 2 2 0 4 7336 7569 3848
13487 2 2 0 4 5985 7566 3107
13488 2 2 0 4 7297 8430 7298
13489 2 2 0 4 4600 8485 8159
13490 2 2 0 4 6222 8161 5659
13491 2 2 0 4 7037 7580 6494
13492 2 2 0 4 5819 7580 5518
13493 2 2 0 4 2608 7860 2610
13494 2 2 0 4 7557 7711 1839
13495 2 2 0 4 5431 7796 4586
13496 2 2 0 4 2953 7552 6232
13497 2 2 0 4 2465 5766 2466
13498 2 2 0 4 2466 2467 2464
13499 2 2 0 4 5130 5132 5131
13500 2 2 0 4 5193 7465 7355
13501 2 2 0 4 5540 7716 5869
13502 2 2 0 4 6642 8389 6777
13503 2 2 0 4 8094 8095 5752
13504 2 2 0 4 8073 8232 3908
13505 2 2 0 4 2142 7673 2144
13506 2 2 0 4 5277 8017 7896
13507 2 2 0 4 2490 7468 2487
13508 2 2 0 4 3696 7924 3698
13509 2 2 0 4 1878 7585 63
13510 2 2 0 4 62 7585 6866
13511 2 2 0 4 7890 7918 5066
13512 2 2 0 4 2654 2655 2653
13513 2 2 0 4 3400 7608 3392
13514 2 2 0 4 6087 7626 6085
13515 2 2 0 4 4979 7471 4978
13516 2 2 0 4 7741 8464 7503
13517 2 2 0 4 5376 7907 7688
13518 2 2 0 4 5788 8542 2443
13519 2 2 0 4 4292 7470 4293
13520 2 2 0 4 3455 7473 3795
13521 2 2 0 4 4481 8202 7621
13522 2 2 0 4 7581 7582 4286
13523 2 2 0 4 5875 5876 5054
13524 2 2 0 4 7834 8307 6010
13525 2 2 0 4 333 7922 334
13526 2 2 0 4 6262 7516 4127
13527 2 2 0 4 2201 7741 7503
13528 2 2 0 4 1922 7603 6753
13529 2 2 0 4 5877 8072 3012
13530 2 2 0 4 4093 4346 4092
13531 2 2 0 4 3014 4094 4093
13532 2 2 0 4 5120 5122 5121
13533 2 2 0 4 2051 2227 2050
13534 2 2 0 4 2049 2307 2051
13535 2 2 0 4 2088 2089 2087
13536 2 2 0 4 4630 5167 4466
13537 2 2 0 4 2136 2164 2134
13538 2 2 0 4 2135 2137 2136
13539 2 2 0 4 5301 5302 4097
13540 2 2 0 4 4019 4026 4020
13541 2 2 0 4 4020 4581 4018
13542 2 2 0 4 2631 3432 2633
13543 2 2 0 4 2633 2634 2632
13544 2 2 0 4 5310 7603 5247
13545 2 2 0 4 6858 7936 6857
13546 2 2 0 4 3827 8125 3826
13547 2 2 0 4 6766 7840 1928
13548 2 2 0 4 3123 6368 3616
13549 2 2 0 4 3965 3967 3966
13550 2 2 0 4 4375 4376 4070
13551 2 2 0 4 4069 5141 4375
13552 2 2 0 4 3893 3895 3892
13553 2 2 0 4 3117 3118 3104
13554 2 2 0 4 4643 4729 4061
13555 2 2 0 4 2643 2644 2642
13556 2 2 0 4 4453 4454 4053
13557 2 2 0 4 4052 4611 4453
13558 2 2 0 4 3158 3262 3194
13559 2 2 0 4 1962 2280 1960
13560 2 2 0 4 1961 1963 1962
13561 2 2 0 4 6299 7531 2759
13562 2 2 0 4 7510 7639 5364
13563 2 2 0 4 7909 8247 5381
13564 2 2 0 4 7451 8478 5582
13565 2 2 0 4 3922 5939 5662
13566 2 2 0 4 6130 8275 31
13567 2 2 0 4 5783 7472 5109
13568 2 2 0 4 5676 8563 2347
13569 2 2 0 4 4001 5940 4002
13570 2 2 0 4 5443 8270 5820
13571 2 2 0 4 8068 8288 5795
13572 2 2 0 4 5688 8432 7820
13573 2 2 0 4 2567 7476 2565
13574 2 2 0 4 2329 5883 2345
13575 2 2 0 4 1859 8674 7079
13576 2 2 0 4 6999 7611 5936
13577 2 2 0 4 5084 8052 4462
13578 2 2 0 4 4464 8052 4630
13579 2 2 0 4 5919 7486 5616
13580 2 2 0 4 7442 8578 5478
13581 2 2 0 4 3105 8578 7442
13582 2 2 0 4 7395 7464 4983
13583 2 2 0 4 6476 7612 6883
13584 2 2 0 4 4228 7612 6789
13585 2 2 0 4 4283 4284 3190
13586 2 2 0 4 5016 5017 4559
13587 2 2 0 4 4558 5066 5016
13588 2 2 0 4 6881 7657 7426
13589 2 2 0 4 5737 8661 3171
13590 2 2 0 4 2482 7557 6140
13591 2 2 0 4 185 7615 184
13592 2 2 0 4 7758 8627 6076
13593 2 2 0 4 6507 7477 6510
13594 2 2 0 4 6131 7761 6129
13595 2 2 0 4 6941 8012 6942
13596 2 2 0 4 7074 7617 4861
13597 2 2 0 4 5467 7617 4567
13598 2 2 0 4 5674 7932 6039
13599 2 2 0 4 2076 8463 8291
13600 2 2 0 4 4286 7582 6698
13601 2 2 0 4 2060 7501 6013
13602 2 2 0 4 5404 8053 5554
13603 2 2 0 4 6126 7811 4296
13604 2 2 0 4 6036 7935 1874
13605 2 2 0 4 3919 7627 3917
13606 2 2 0 4 4329 8588 7643
13607 2 2 0 4 1873 7622 165
13608 2 2 0 4 164 7622 1927
13609 2 2 0 4 2599 7772 5789
13610 2 2 0 4 4738 8286 5412
13611 2 2 0 4 7313 8137 4686
13612 2 2 0 4 4075 7641 4074
13613 2 2 0 4 2118 7642 2119
13614 2 2 0 4 5820 8270 8213
13615 2 2 0 4 2270 7484 2196
13616 2 2 0 4 4481 7621 4607
13617 2 2 0 4 4183 7483 4181
13618 2 2 0 4 5166 8042 7700
13619 2 2 0 4 5742 7699 5765
13620 2 2 0 4 6801 7538 4965
13621 2 2 0 4 3661 5946 3664
13622 2 2 0 4 138 7625 1924
13623 2 2 0 4 5021 7774 5576
13624 2 2 0 4 6148 7825 2238
13625 2 2 0 4 5729 8046 5894
13626 2 2 0 4 5547 7428 4932
13627 2 2 0 4 4009 7486 4010
13628 2 2 0 4 7838 8501 4431
13629 2 2 0 4 7522 7523 2921
13630 2 2 0 4 6157 8076 1856
13631 2 2 0 4 2246 7583 6093
13632 2 2 0 4 6642 7629 5074
13633 2 2 0 4 4985 8495 4984
13634 2 2 0 4 7492 7493 2343
13635 2 2 0 4 3646 7768 4608
13636 2 2 0 4 4328 6183 5058
13637 2 2 0 4 5588 7691 5589
13638 2 2 0 4 4365 7632 7125
13639 2 2 0 4 5571 7632 7295
13640 2 2 0 4 5147 7892 4668
13641 2 2 0 4 3730 8039 5301
13642 2 2 0 4 2437 7606 6097
13643 2 2 0 4 4635 7636 3621
13644 2 2 0 4 2585 7859 5668
13645 2 2 0 4 5730 8624 214
13646 2 2 0 4 3017 8329 8234
13647 2 2 0 4 5059 7635 5493
13648 2 2 0 4 3858 5804 3855
13649 2 2 0 4 5098 8533 5100
13650 2 2 0 4 6341 8637 4101
13651 2 2 0 4 336 7487 337
13652 2 2 0 4 7427 8689 5178
13653 2 2 0 4 359 8043 360
13654 2 2 0 4 5675 8396 5497
13655 2 2 0 4 7181 7488 5041
13656 2 2 0 4 5484 7807 4632
13657 2 2 0 4 5481 7855 7432
13658 2 2 0 4 5328 6202 5327
13659 2 2 0 4 5195 8205 6183
13660 2 2 0 4 5042 7637 4927
13661 2 2 0 4 2555 7619 2553
13662 2 2 0 4 5800 8471 3078
13663 2 2 0 4 5779 7842 5319
13664 2 2 0 4 2533 6135 2534
13665 2 2 0 4 7114 7644 6862
13666 2 2 0 4 364 8057 365
13667 2 2 0 4 6255 7842 6256
13668 2 2 0 4 3025 8407 3028
13669 2 2 0 4 4990 7647 5429
13670 2 2 0 4 4623 7475 4722
13671 2 2 0 4 2394 8040 2393
13672 2 2 0 4 5150 7685 7684
13673 2 2 0 4 5558 7914 6206
13674 2 2 0 4 2482 7711 7557
13675 2 2 0 4 2023 8428 2004
13676 2 2 0 4 3017 8234 7410
13677 2 2 0 4 1929 7656 171
13678 2 2 0 4 170 7656 1847
13679 2 2 0 4 2262 7453 2259
13680 2 2 0 4 3194 8039 3193
13681 2 2 0 4 7312 7817 6206
13682 2 2 0 4 5129 8580 5128
13683 2 2 0 4 3165 6368 3125
13684 2 2 0 4 5379 8631 6337
13685 2 2 0 4 1903 7532 6764
13686 2 2 0 4 105 7657 6881
13687 2 2 0 4 2335 8384 2336
13688 2 2 0 4 4471 8419 4721
13689 2 2 0 4 3610 4291 4290
13690 2 2 0 4 2412 2453 2452
13691 2 2 0 4 4383 5510 5509
13692 2 2 0 4 4596 5172 3461
13693 2 2 0 4 2602 2603 2601
13694 2 2 0 4 2600 5165 2602
13695 2 2 0 4 3624 3626 3625
13696 2 2 0 4 2111 6166 2299
13697 2 2 0 4 2299 2300 2112
13698 2 2 0 4 5106 5107 5037
13699 2 2 0 4 4941 5497 4575
13700 2 2 0 4 1945 1946 1944
13701 2 2 0 4 1943 2484 1945
13702 2 2 0 4 4420 5307 5306
13703 2 2 0 4 3570 3646 3387
13704 2 2 0 4 3290 5320 3570
13705 2 2 0 4 3746 5862 3062
13706 2 2 0 4 3745 3747 3746
13707 2 2 0 4 3853 5192 4043
13708 2 2 0 4 4043 4044 4042
13709 2 2 0 4 2166 2207 2180
13710 2 2 0 4 2495 2582 2494
13711 2 2 0 4 2493 2496 2495
13712 2 2 0 4 2594 4696 2592
13713 2 2 0 4 2593 3878 2594
13714 2 2 0 4 2557 5627 2576
13715 2 2 0 4 2576 2577 2558
13716 2 2 0 4 4319 5697 4288
13717 2 2 0 4 4289 4471 4319
13718 2 2 0 4 4918 5487 4981
13719 2 2 0 4 4933 4973 3761
13720 2 2 0 4 2231 2304 2234
13721 2 2 0 4 2547 2550 2549
13722 2 2 0 4 4087 5696 5062
13723 2 2 0 4 4135 4584 4401
13724 2 2 0 4 3060 7372 3056
13725 2 2 0 4 5006 5007 4396
13726 2 2 0 4 3057 3061 3060
13727 2 2 0 4 4119 4934 4933
13728 2 2 0 4 2234 2235 2232
13729 2 2 0 4 4981 5272 4917
13730 2 2 0 4 3139 3140 3134
13731 2 2 0 4 4722 5413 4624
13732 2 2 0 4 3133 5695 3139
13733 2 2 0 4 2012 2014 2013
13734 2 2 0 4 2479 5411 2559
13735 2 2 0 4 2559 2560 2427
13736 2 2 0 4 4400 4579 4332
13737 2 2 0 4 3754 3757 3756
13738 2 2 0 4 2610 2611 2609
13739 2 2 0 4 6141 6225 2310
13740 2 2 0 4 2311 6142 6141
13741 2 2 0 4 4473 4616 3951
13742 2 2 0 4 2626 2942 2941
13743 2 2 0 4 4629 5286 5145
13744 2 2 0 4 2618 2620 2619
13745 2 2 0 4 3954 4099 3953
13746 2 2 0 4 3911 6341 3954
13747 2 2 0 4 4451 4564 4452
13748 2 2 0 4 3642 4302 4065
13749 2 2 0 4 3612 5050 5048
13750 2 2 0 4 5048 5049 3613
13751 2 2 0 4 4666 5348 4653
13752 2 2 0 4 4652 5468 4666
13753 2 2 0 4 4669 6267 5147
13754 2 2 0 4 2597 5625 2598
13755 2 2 0 4 2598 5063 2584
13756 2 2 0 4 4642 5614 5109
13757 2 2 0 4 4108 4963 4690
13758 2 2 0 4 4690 4971 4109
13759 2 2 0 4 3900 3901 3899
13760 2 2 0 4 3381 3619 3382
13761 2 2 0 4 3268 3269 3267
13762 2 2 0 4 3265 4609 3268
13763 2 2 0 4 1968 1972 1971
13764 2 2 0 4 4631 4632 4068
13765 2 2 0 4 1951 1952 1950
13766 2 2 0 4 1949 2301 1951
13767 2 2 0 4 5002 5003 4591
13768 2 2 0 4 4633 5612 5002
13769 2 2 0 4 4051 4656 4541
13770 2 2 0 4 4541 6337 4050
13771 2 2 0 4 3164 3358 3316
13772 2 2 0 4 4372 4737 4378
13773 2 2 0 4 2420 2421 2419
13774 2 2 0 4 2119 2121 2120
13775 2 2 0 4 4076 4077 4075
13776 2 2 0 4 5802 5803 5801
13777 2 2 0 4 4382 7660 4627
13778 2 2 0 4 6713 7660 4735
13779 2 2 0 4 5871 5873 2207
13780 2 2 0 4 7672 8121 7438
13781 2 2 0 4 3274 7710 5615
13782 2 2 0 4 4926 7398 5022
13783 2 2 0 4 5328 7991 6337
13784 2 2 0 4 5476 7791 5850
13785 2 2 0 4 7706 8081 7394
13786 2 2 0 4 3887 7665 3869
13787 2 2 0 4 321 7491 5
13788 2 2 0 4 3961 3963 3962
13789 2 2 0 4 3094 3096 3095
13790 2 2 0 4 5739 8667 3859
13791 2 2 0 4 6287 7654 2480
13792 2 2 0 4 5333 7508 2554
13793 2 2 0 4 5723 7423 5724
13794 2 2 0 4 2158 8049 6058
13795 2 2 0 4 5847 8109 7587
13796 2 2 0 4 4555 7664 4554
13797 2 2 0 4 4583 7509 4582
13798 2 2 0 4 5361 7510 5364
13799 2 2 0 4 5713 7773 2400
13800 2 2 0 4 4351 8172 8171
13801 2 2 0 4 3188 3189 3187
13802 2 2 0 4 3635 3812 3811
13803 2 2 0 4 4957 7496 6130
13804 2 2 0 4 3098 8094 270
13805 2 2 0 4 7683 8007 2156
13806 2 2 0 4 3077 8147 7869
13807 2 2 0 4 5311 7794 5017
13808 2 2 0 4 4711 8105 5491
13809 2 2 0 4 6351 8308 2025
13810 2 2 0 4 7756 8075 5890
13811 2 2 0 4 2027 8308 2030
13812 2 2 0 4 5273 7540 7539
13813 2 2 0 4 3451 7785 7784
13814 2 2 0 4 2162 7683 2155
13815 2 2 0 4 6341 7994 5503
13816 2 2 0 4 7380 8233 2558
13817 2 2 0 4 5095 8538 4604
13818 2 2 0 4 335 7692 3012
13819 2 2 0 4 6768 8574 5323
13820 2 2 0 4 6158 7553 6159
13821 2 2 0 4 4725 5816 4635
13822 2 2 0 4 271 7499 272
13823 2 2 0 4 8313 8659 8262
13824 2 2 0 4 425 8113 3340
13825 2 2 0 4 2620 5615 2622
13826 2 2 0 4 5307 5593 5309
13827 2 2 0 4 6328 8266 4944
13828 2 2 0 4 3095 7727 6372
13829 2 2 0 4 5492 8314 7326
13830 2 2 0 4 5452 5817 5401
13831 2 2 0 4 7841 8522 5691
13832 2 2 0 4 5082 7941 6761
13833 2 2 0 4 2072 8143 6330
13834 2 2 0 4 5628 7799 5631
13835 2 2 0 4 6302 8359 2621
13836 2 2 0 4 3900 7697 3903
13837 2 2 0 4 66 7694 1912
13838 2 2 0 4 1866 7694 67
13839 2 2 0 4 3790 3791 3789
13840 2 2 0 4 8346 8454 5682
13841 2 2 0 4 3184 3185 3183
13842 2 2 0 4 7319 8611 5470
13843 2 2 0 4 3102 3110 3109
13844 2 2 0 4 4998 7505 5749
13845 2 2 0 4 5060 7497 4933
13846 2 2 0 4 3662 5316 4673
13847 2 2 0 4 2127 2129 2128
13848 2 2 0 4 6367 6368 3165
13849 2 2 0 4 3595 3644 3594
13850 2 2 0 4 5001 5039 3313
13851 2 2 0 4 4013 4015 4014
13852 2 2 0 4 3884 3890 3883
13853 2 2 0 4 2296 5489 2295
13854 2 2 0 4 2500 2502 2501
13855 2 2 0 4 2568 2569 2567
13856 2 2 0 4 3631 3633 3632
13857 2 2 0 4 3615 4598 3614
13858 2 2 0 4 3912 3952 3915
13859 2 2 0 4 2639 2640 2638
13860 2 2 0 4 3634 7530 3635
13861 2 2 0 4 5796 8384 2335
13862 2 2 0 4 2577 7429 2558
13863 2 2 0 4 6024 8228 2048
13864 2 2 0 4 5369 5370 5368
13865 2 2 0 4 4048 4049 4047
13866 2 2 0 4 3146 3157 3145
13867 2 2 0 4 2615 2628 2613
13868 2 2 0 4 4618 5693 5004
13869 2 2 0 4 4025 7946 7945
13870 2 2 0 4 5006 7498 6208
13871 2 2 0 4 5421 7898 5908
13872 2 2 0 4 3809 5023 4476
13873 2 2 0 4 1953 1956 1955
13874 2 2 0 4 5366 8146 5380
13875 2 2 0 4 7699 8344 5765
13876 2 2 0 4 2554 7508 2556
13877 2 2 0 4 6237 8074 5587
13878 2 2 0 4 6235 7638 1918
13879 2 2 0 4 360 8167 361
13880 2 2 0 4 2088 7503 2091
13881 2 2 0 4 4925 8488 3885
13882 2 2 0 4 4582 7509 5721
13883 2 2 0 4 5440 7510 5361
13884 2 2 0 4 3870 8231 3868
13885 2 2 0 4 7146 7506 6524
13886 2 2 0 4 7785 8253 7784
13887 2 2 0 4 2187 7507 2212
13888 2 2 0 4 4094 7671 5914
13889 2 2 0 4 3089 8169 6042
13890 2 2 0 4 7296 7299 4973
13891 2 2 0 4 5601 7502 6216
13892 2 2 0 4 4733 8151 7313
13893 2 2 0 4 2953 6232 2957
13894 2 2 0 4 4353 7716 4352
13895 2 2 0 4 5344 5742 5420
13896 2 2 0 4 4973 8430 7297
13897 2 2 0 4 7560 7561 4564
13898 2 2 0 4 4317 8399 5652
13899 2 2 0 4 6070 8151 6069
13900 2 2 0 4 5890 7925 5914
13901 2 2 0 4 2203 8170 5811
13902 2 2 0 4 5132 8067 5134
13903 2 2 0 4 4074 7641 5458
13904 2 2 0 4 365 8195 366
13905 2 2 0 4 2303 7642 2118
13906 2 2 0 4 6498 7809 6500
13907 2 2 0 4 7474 7567 5350
13908 2 2 0 4 3594 7513 3567
13909 2 2 0 4 3846 7569 3894
13910 2 2 0 4 6170 6171 2979
13911 2 2 0 4 2393 8040 6345
13912 2 2 0 4 7651 7905 4999
13913 2 2 0 4 5613 8292 7249
13914 2 2 0 4 4315 6835 6295
13915 2 2 0 4 5933 8417 3919
13916 2 2 0 4 5804 5832 3854
13917 2 2 0 4 3338 8193 253
13918 2 2 0 4 254 8193 3103
13919 2 2 0 4 5659 5887 5658
13920 2 2 0 4 4078 7641 4075
13921 2 2 0 4 2119 7642 2122
13922 2 2 0 4 5725 7723 5112
13923 2 2 0 4 5356 7757 5353
13924 2 2 0 4 3316 8553 6227
13925 2 2 0 4 4818 7728 2809
13926 2 2 0 4 2807 7728 2919
13927 2 2 0 4 4647 7514 4374
13928 2 2 0 4 7109 7733 6238
13929 2 2 0 4 5278 8717 6150
13930 2 2 0 4 6987 7638 6682
13931 2 2 0 4 6183 8538 5195
13932 2 2 0 4 6033 7571 7570
13933 2 2 0 4 151 7735 150
13934 2 2 0 4 6752 7736 125
13935 2 2 0 4 124 7736 1921
13936 2 2 0 4 5078 8491 5080
13937 2 2 0 4 5918 8096 7316
13938 2 2 0 4 3942 7726 3939
13939 2 2 0 4 3845 7725 3842
13940 2 2 0 4 4431 8501 5438
13941 2 2 0 4 7687 8154 3002
13942 2 2 0 4 7665 8048 5833
13943 2 2 0 4 269 7515 3098
13944 2 2 0 4 3358 7517 3559
13945 2 2 0 4 3335 8245 3315
13946 2 2 0 4 2551 8223 340
13947 2 2 0 4 341 8223 2545
13948 2 2 0 4 5889 5890 5184
13949 2 2 0 4 4356 7666 4031
13950 2 2 0 4 5588 7997 7691
13951 2 2 0 4 3019 6276 3021
13952 2 2 0 4 2093 7519 232
13953 2 2 0 4 4963 8575 5893
13954 2 2 0 4 7556 8020 5764
13955 2 2 0 4 6348 8361 5781
13956 2 2 0 4 213 8285 214
13957 2 2 0 4 4345 7761 4494
13958 2 2 0 4 6129 7761 4687
13959 2 2 0 4 3634 7744 6292
13960 2 2 0 4 6501 7847 1864
13961 2 2 0 4 2600 7805 5165
13962 2 2 0 4 5039 7838 5609
13963 2 2 0 4 2322 7773 2323
13964 2 2 0 4 7573 8640 3658
13965 2 2 0 4 5864 7777 5180
13966 2 2 0 4 5499 8396 7755
13967 2 2 0 4 6523 7778 6521
13968 2 2 0 4 3617 8129 6338
13969 2 2 0 4 7504 8269 5070
13970 2 2 0 4 5070 8269 5064
13971 2 2 0 4 4304 7780 4961
13972 2 2 0 4 7249 7780 4858
13973 2 2 0 4 3688 8391 6477
13974 2 2 0 4 1850 7781 140
13975 2 2 0 4 5133 7527 5135
13976 2 2 0 4 5490 8551 6233
13977 2 2 0 4 5470 8611 5471
13978 2 2 0 4 2339 8393 6124
13979 2 2 0 4 5572 8647 5512
13980 2 2 0 4 5759 7769 5760
13981 2 2 0 4 6499 7847 6501
13982 2 2 0 4 7458 8402 5836
13983 2 2 0 4 8053 8697 6011
13984 2 2 0 4 420 8360 421
13985 2 2 0 4 7346 7740 2492
13986 2 2 0 4 2246 8570 7583
13987 2 2 0 4 3172 7564 3169
13988 2 2 0 4 6106 8565 2071
13989 2 2 0 4 5661 7529 5028
13990 2 2 0 4 1931 7790 187
13991 2 2 0 4 186 7790 1855
13992 2 2 0 4 6715 7792 6712
13993 2 2 0 4 2251 7844 2249
13994 2 2 0 4 5608 8212 7453
13995 2 2 0 4 3083 8341 279
13996 2 2 0 4 313 7557 1839
13997 2 2 0 4 2364 7589 2363
13998 2 2 0 4 5847 7587 7586
13999 2 2 0 4 28 7804 1856
14000 2 2 0 4 1908 7804 29
14001 2 2 0 4 429 8554 430
14002 2 2 0 4 7213 8397 1847
14003 2 2 0 4 6000 8579 6046
14004 2 2 0 4 4611 7991 5328
14005 2 2 0 4 4652 7872 5468
14006 2 2 0 4 3764 8666 7405
14007 2 2 0 4 215 8624 1894
14008 2 2 0 4 1853 7809 121
14009 2 2 0 4 4650 7872 4652
14010 2 2 0 4 5528 7810 5293
14011 2 2 0 4 5292 7810 5687
14012 2 2 0 4 5503 7994 4729
14013 2 2 0 4 6853 8301 7723
14014 2 2 0 4 180 7815 1859
14015 2 2 0 4 5284 7532 5282
14016 2 2 0 4 3388 7595 4362
14017 2 2 0 4 4352 8614 2416
14018 2 2 0 4 4959 7531 6299
14019 2 2 0 4 4377 7824 4888
14020 2 2 0 4 5632 7824 4570
14021 2 2 0 4 5461 7853 5462
14022 2 2 0 4 7480 7846 5044
14023 2 2 0 4 4296 7811 4081
14024 2 2 0 4 5026 7829 5094
14025 2 2 0 4 7505 8243 2588
14026 2 2 0 4 4907 7876 4909
14027 2 2 0 4 6353 7801 7732
14028 2 2 0 4 5464 8616 3220
14029 2 2 0 4 2205 8649 2420
14030 2 2 0 4 3030 8433 3027
14031 2 2 0 4 8060 8294 6949
14032 2 2 0 4 7596 7597 2395
14033 2 2 0 4 3785 7682 3787
14034 2 2 0 4 5830 8349 5344
14035 2 2 0 4 1890 8350 6089
14036 2 2 0 4 6029 7668 3011
14037 2 2 0 4 6290 7940 5188
14038 2 2 0 4 8182 8198 6320
14039 2 2 0 4 5276 8484 8449
14040 2 2 0 4 5550 7822 7006
14041 2 2 0 4 6869 8103 5526
14042 2 2 0 4 7660 8268 4627
14043 2 2 0 4 5712 7744 3629
14044 2 2 0 4 1921 8263 6751
14045 2 2 0 4 7619 8251 5425
14046 2 2 0 4 5539 8614 5540
14047 2 2 0 4 7473 7755 3795
14048 2 2 0 4 6288 8276 4282
14049 2 2 0 4 2085 7747 2095
14050 2 2 0 4 5564 7664 4968
14051 2 2 0 4 5792 7840 5077
14052 2 2 0 4 342 7534 343
14053 2 2 0 4 6747 7536 108
14054 2 2 0 4 6764 7535 157
14055 2 2 0 4 7256 7847 6499
14056 2 2 0 4 7217 7848 4621
14057 2 2 0 4 4024 5889 5184
14058 2 2 0 4 7469 7485 5187
14059 2 2 0 4 5514 8221 6448
14060 2 2 0 4 5010 5832 5804
14061 2 2 0 4 7656 8320 5624
14062 2 2 0 4 7418 8564 5937
14063 2 2 0 4 6759 7538 1860
14064 2 2 0 4 3015 7915 3052
14065 2 2 0 4 1850 8145 6259
14066 2 2 0 4 201 7858 200
14067 2 2 0 4 8444 8564 3781
14068 2 2 0 4 3075 7776 3076
14069 2 2 0 4 4112 7850 3816
14070 2 2 0 4 5724 8543 7422
14071 2 2 0 4 7422 8543 5584
14072 2 2 0 4 5273 7539 4485
14073 2 2 0 4 14 7542 13
14074 2 2 0 4 200 7865 199
14075 2 2 0 4 4653 7634 4651
14076 2 2 0 4 6094 7894 3328
14077 2 2 0 4 2523 5668 2525
14078 2 2 0 4 3982 5669 3984
14079 2 2 0 4 3679 5670 3682
14080 2 2 0 4 3836 5671 3833
14081 2 2 0 4 2287 5673 2182
14082 2 2 0 4 2274 5676 2258
14083 2 2 0 4 5089 6275 5532
14084 2 2 0 4 2021 8199 5824
14085 2 2 0 4 7709 8242 6026
14086 2 2 0 4 5304 7722 7721
14087 2 2 0 4 5325 5706 5326
14088 2 2 0 4 6495 7870 6487
14089 2 2 0 4 5285 7870 5947
14090 2 2 0 4 4657 7828 4708
14091 2 2 0 4 3169 7564 4995
14092 2 2 0 4 6033 7570 6032
14093 2 2 0 4 7604 8041 7866
14094 2 2 0 4 2439 7883 5730
14095 2 2 0 4 6331 7938 1913
14096 2 2 0 4 2091 8464 7959
14097 2 2 0 4 5818 8692 5125
14098 2 2 0 4 5151 7878 5405
14099 2 2 0 4 5643 7881 5099
14100 2 2 0 4 5943 8166 5737
14101 2 2 0 4 7300 8191 6673
14102 2 2 0 4 6534 7547 6532
14103 2 2 0 4 7616 8444 2995
14104 2 2 0 4 5582 7882 5096
14105 2 2 0 4 3222 5699 3191
14106 2 2 0 4 367 7546 368
14107 2 2 0 4 5426 6381 6343
14108 2 2 0 4 4658 7548 6185
14109 2 2 0 4 7500 7502 5601
14110 2 2 0 4 6287 7701 2324
14111 2 2 0 4 5374 7918 7890
14112 2 2 0 4 184 7889 183
14113 2 2 0 4 7582 8429 6698
14114 2 2 0 4 4448 6291 6290
14115 2 2 0 4 3943 5754 4355
14116 2 2 0 4 5445 8311 5449
14117 2 2 0 4 5400 8194 5402
14118 2 2 0 4 7430 8200 2417
14119 2 2 0 4 5042 8468 7637
14120 2 2 0 4 4416 8654 5568
14121 2 2 0 4 4604 6183 4327
14122 2 2 0 4 42 7554 41
14123 2 2 0 4 7441 7899 1842
14124 2 2 0 4 7621 7722 5304
14125 2 2 0 4 3156 7567 7474
14126 2 2 0 4 5813 8506 5479
14127 2 2 0 4 8245 8707 3315
14128 2 2 0 4 6094 8471 7894
14129 2 2 0 4 7467 8335 58
14130 2 2 0 4 2524 8198 2526
14131 2 2 0 4 7390 7843 1851
14132 2 2 0 4 5272 7670 4917
14133 2 2 0 4 6621 7904 6622
14134 2 2 0 4 6546 7904 6545
14135 2 2 0 4 5097 7881 7364
14136 2 2 0 4 6294 8712 8706
14137 2 2 0 4 1934 7908 203
14138 2 2 0 4 202 7908 1901
14139 2 2 0 4 405 7555 406
14140 2 2 0 4 4031 7666 4583
14141 2 2 0 4 24 7911 23
14142 2 2 0 4 389 7556 390
14143 2 2 0 4 3857 8524 3860
14144 2 2 0 4 277 7558 278
14145 2 2 0 4 4972 7563 7237
14146 2 2 0 4 7477 7887 5596
14147 2 2 0 4 4592 7485 2494
14148 2 2 0 4 6324 7581 6327
14149 2 2 0 4 6144 7565 6146
14150 2 2 0 4 3767 8510 5574
14151 2 2 0 4 3772 8510 3767
14152 2 2 0 4 2186 8476 2184
14153 2 2 0 4 2197 8474 2189
14154 2 2 0 4 7470 8497 4663
14155 2 2 0 4 2625 7784 2627
14156 2 2 0 4 2731 8445 6266
14157 2 2 0 4 10 7926 1935
14158 2 2 0 4 1886 7926 11
14159 2 2 0 4 6258 7606 2437
14160 2 2 0 4 6032 7570 6035
14161 2 2 0 4 1842 7899 6128
14162 2 2 0 4 5887 7763 3743
14163 2 2 0 4 6953 7829 1863
14164 2 2 0 4 3848 7569 3846
14165 2 2 0 4 6769 7690 5043
14166 2 2 0 4 7545 8023 5308
14167 2 2 0 4 5207 7936 4595
14168 2 2 0 4 6469 7567 3156
14169 2 2 0 4 7153 7938 6331
14170 2 2 0 4 5521 8216 7655
14171 2 2 0 4 4697 6303 5938
14172 2 2 0 4 4101 8637 4372
14173 2 2 0 4 5348 8214 5738
14174 2 2 0 4 6224 8274 4639
14175 2 2 0 4 5081 7941 5082
14176 2 2 0 4 6761 8710 5082
14177 2 2 0 4 3167 6297 3173
14178 2 2 0 4 4714 7898 5421
14179 2 2 0 4 5778 7686 7685
14180 2 2 0 4 5043 7690 4991
14181 2 2 0 4 5847 7586 4578
14182 2 2 0 4 5915 8368 3113
14183 2 2 0 4 2505 5733 2507
14184 2 2 0 4 3111 5734 3115
14185 2 2 0 4 2318 5756 2254
14186 2 2 0 4 7973 8583 3998
14187 2 2 0 4 3996 8583 4022
14188 2 2 0 4 2345 2436 2435
14189 2 2 0 4 8381 8404 5495
14190 2 2 0 4 3093 8180 3094
14191 2 2 0 4 2404 2405 2390
14192 2 2 0 4 2392 5894 2429
14193 2 2 0 4 2382 2383 2302
14194 2 2 0 4 5280 6187 4648
14195 2 2 0 4 3389 5949 3771
14196 2 2 0 4 3768 3769 3460
14197 2 2 0 4 5342 5343 5338
14198 2 2 0 4 2374 2375 2367
14199 2 2 0 4 2803 7999 4242
14200 2 2 0 4 2919 7999 2805
14201 2 2 0 4 2077 2080 2079
14202 2 2 0 4 3572 3573 3409
14203 2 2 0 4 4073 5622 3703
14204 2 2 0 4 2320 2441 2440
14205 2 2 0 4 2445 5679 2319
14206 2 2 0 4 5078 5080 5079
14207 2 2 0 4 3088 3091 3086
14208 2 2 0 4 2321 2402 2401
14209 2 2 0 4 2190 2191 2162
14210 2 2 0 4 3162 3163 3161
14211 2 2 0 4 4350 4351 3705
14212 2 2 0 4 4902 5351 3684
14213 2 2 0 4 2463 2465 2464
14214 2 2 0 4 2070 2480 2028
14215 2 2 0 4 5128 5130 5129
14216 2 2 0 4 8193 8652 3103
14217 2 2 0 4 2535 8592 2532
14218 2 2 0 4 4029 7528 7527
14219 2 2 0 4 7527 7528 5135
14220 2 2 0 4 4108 6375 4963
14221 2 2 0 4 4693 8117 4023
14222 2 2 0 4 5886 7636 5816
14223 2 2 0 4 5187 7695 7620
14224 2 2 0 4 4405 7984 4403
14225 2 2 0 4 5063 7950 2584
14226 2 2 0 4 4087 6437 5696
14227 2 2 0 4 5697 7978 4288
14228 2 2 0 4 2557 7981 5627
14229 2 2 0 4 2560 8305 2427
14230 2 2 0 4 4079 7811 4399
14231 2 2 0 4 6197 8009 7164
14232 2 2 0 4 7650 7651 5403
14233 2 2 0 4 2105 6271 6270
14234 2 2 0 4 5983 7599 5984
14235 2 2 0 4 5685 5728 2316
14236 2 2 0 4 5808 7505 4998
14237 2 2 0 4 6078 8218 6079
14238 2 2 0 4 422 7575 2437
14239 2 2 0 4 25 8016 24
14240 2 2 0 4 2526 8622 6361
14241 2 2 0 4 7106 7577 6558
14242 2 2 0 4 4361 7682 3785
14243 2 2 0 4 5407 7885 5406
14244 2 2 0 4 6326 7581 6324
14245 2 2 0 4 6237 8615 5584
14246 2 2 0 4 426 7576 427
14247 2 2 0 4 3170 8616 5943
14248 2 2 0 4 1888 7714 60
14249 2 2 0 4 7427 8117 5579
14250 2 2 0 4 5892 7526 5046
14251 2 2 0 4 5912 8518 7433
14252 2 2 0 4 6102 8070 5632
14253 2 2 0 4 5569 8037 5158
14254 2 2 0 4 4444 8695 5754
14255 2 2 0 4 2324 7701 2208
14256 2 2 0 4 6113 6115 3886
14257 2 2 0 4 4997 8439 2570
14258 2 2 0 4 5518 7580 7037
14259 2 2 0 4 5273 8497 8045
14260 2 2 0 4 6508 8054 6505
14261 2 2 0 4 5188 7940 7403
14262 2 2 0 4 2683 8055 6429
14263 2 2 0 4 2759 8055 2685
14264 2 2 0 4 5015 7811 6126
14265 2 2 0 4 3743 8636 3035
14266 2 2 0 4 3879 5813 3876
14267 2 2 0 4 6294 8706 5644
14268 2 2 0 4 6485 8061 5726
14269 2 2 0 4 5526 8595 6869
14270 2 2 0 4 2940 8083 2605
14271 2 2 0 4 5716 5756 2318
14272 2 2 0 4 7776 8077 6182
14273 2 2 0 4 7621 8202 5942
14274 2 2 0 4 161 8070 160
14275 2 2 0 4 3972 5818 3974
14276 2 2 0 4 5802 7682 4361
14277 2 2 0 4 5413 8219 5415
14278 2 2 0 4 5825 7789 3810
14279 2 2 0 4 4971 5864 4109
14280 2 2 0 4 4451 7560 4564
14281 2 2 0 4 4289 7562 4471
14282 2 2 0 4 1856 8076 27
14283 2 2 0 4 26 8076 1907
14284 2 2 0 4 5484 8468 7807
14285 2 2 0 4 5350 7953 5577
14286 2 2 0 4 4617 8099 4616
14287 2 2 0 4 5861 7531 5860
14288 2 2 0 4 271 8094 7499
14289 2 2 0 4 3786 7754 4361
14290 2 2 0 4 4609 7826 6342
14291 2 2 0 4 7859 8071 5668
14292 2 2 0 4 5281 8087 6102
14293 2 2 0 4 4278 8089 7094
14294 2 2 0 4 7578 8426 4706
14295 2 2 0 4 63 7585 62
14296 2 2 0 4 5622 8478 8467
14297 2 2 0 4 5296 7710 7653
14298 2 2 0 4 2028 2480 2026
14299 2 2 0 4 3684 5351 3685
14300 2 2 0 4 2269 2402 2321
14301 2 2 0 4 7437 7474 5350
14302 2 2 0 4 6524 8051 6525
14303 2 2 0 4 2054 8139 5960
14304 2 2 0 4 2319 5679 2202
14305 2 2 0 4 3703 5622 3658
14306 2 2 0 4 4888 8097 7254
14307 2 2 0 4 7691 7997 5793
14308 2 2 0 4 76 8103 6869
14309 2 2 0 4 1862 8103 77
14310 2 2 0 4 7616 7944 5544
14311 2 2 0 4 2752 8081 6847
14312 2 2 0 4 2245 8630 8360
14313 2 2 0 4 5626 7955 3406
14314 2 2 0 4 6252 7961 3776
14315 2 2 0 4 6268 8374 6269
14316 2 2 0 4 8283 8285 1840
14317 2 2 0 4 5952 7947 4102
14318 2 2 0 4 5318 8114 5779
14319 2 2 0 4 148 8115 1926
14320 2 2 0 4 1881 8115 149
14321 2 2 0 4 3082 8138 6278
14322 2 2 0 4 3460 7595 3388
14323 2 2 0 4 5949 7927 7447
14324 2 2 0 4 3313 7592 3304
14325 2 2 0 4 5363 7445 5745
14326 2 2 0 4 3262 8480 4980
14327 2 2 0 4 7625 8153 1924
14328 2 2 0 4 2316 5728 2123
14329 2 2 0 4 2995 8444 2998
14330 2 2 0 4 6858 8516 7936
14331 2 2 0 4 1954 8238 1959
14332 2 2 0 4 5590 8007 7683
14333 2 2 0 4 5317 8131 6653
14334 2 2 0 4 4726 8395 5735
14335 2 2 0 4 4648 6187 4056
14336 2 2 0 4 3385 5949 3389
14337 2 2 0 4 2467 7888 2464
14338 2 2 0 4 1988 6195 1991
14339 2 2 0 4 4565 7590 3645
14340 2 2 0 4 5965 8536 5967
14341 2 2 0 4 2551 8422 8223
14342 2 2 0 4 5061 6213 6111
14343 2 2 0 4 2154 8682 6052
14344 2 2 0 4 5696 6295 6117
14345 2 2 0 4 1963 5905 1970
14346 2 2 0 4 1925 8145 142
14347 2 2 0 4 141 8145 1850
14348 2 2 0 4 3967 5906 3972
14349 2 2 0 4 3168 5943 3171
14350 2 2 0 4 3637 7952 7402
14351 2 2 0 4 6333 7729 1971
14352 2 2 0 4 5058 8206 5731
14353 2 2 0 4 1854 7792 6717
14354 2 2 0 4 4062 7762 4996
14355 2 2 0 4 5548 8153 6526
14356 2 2 0 4 5884 7856 2514
14357 2 2 0 4 1902 8156 6879
14358 2 2 0 4 7648 8178 7649
14359 2 2 0 4 2610 8380 6298
14360 2 2 0 4 5598 8027 5442
14361 2 2 0 4 5556 7614 4997
14362 2 2 0 4 5247 7603 6962
14363 2 2 0 4 4945 8456 5654
14364 2 2 0 4 2080 7708 2200
14365 2 2 0 4 7426 8209 6881
14366 2 2 0 4 8327 8551 5490
14367 2 2 0 4 7574 8551 8327
14368 2 2 0 4 5739 7857 5299
14369 2 2 0 4 5457 7857 5739
14370 2 2 0 4 5386 7662 4710
14371 2 2 0 4 4484 7662 4733
14372 2 2 0 4 6749 8175 6748
14373 2 2 0 4 6354 7607 6201
14374 2 2 0 4 3994 8421 3997
14375 2 2 0 4 5894 8046 2429
14376 2 2 0 4 5474 8329 5139
14377 2 2 0 4 5707 8719 8708
14378 2 2 0 4 6766 8397 7840
14379 2 2 0 4 6880 8183 6878
14380 2 2 0 4 6095 8725 8210
14381 2 2 0 4 3008 8554 8211
14382 2 2 0 4 4737 5937 5544
14383 2 2 0 4 4394 8098 6110
14384 2 2 0 4 2008 8199 2021
14385 2 2 0 4 334 7692 335
14386 2 2 0 4 3656 5946 3661
14387 2 2 0 4 6254 8590 4739
14388 2 2 0 4 7426 7657 1935
14389 2 2 0 4 412 7786 7667
14390 2 2 0 4 6789 8116 4278
14391 2 2 0 4 4002 5940 4005
14392 2 2 0 4 2550 5939 3922
14393 2 2 0 4 5687 8400 6864
14394 2 2 0 4 2200 8704 7609
14395 2 2 0 4 7609 8704 7414
14396 2 2 0 4 3576 8712 5604
14397 2 2 0 4 4980 8480 7396
14398 2 2 0 4 4333 7605 4290
14399 2 2 0 4 4925 8107 4982
14400 2 2 0 4 3934 7669 3937
14401 2 2 0 4 3639 7421 5075
14402 2 2 0 4 5046 7526 6836
14403 2 2 0 4 7434 7747 2366
14404 2 2 0 4 3392 7608 3390
14405 2 2 0 4 6675 7611 6999
14406 2 2 0 4 4494 8280 6488
14407 2 2 0 4 6110 8173 4394
14408 2 2 0 4 5429 8140 6675
14409 2 2 0 4 6189 7709 3090
14410 2 2 0 4 5638 8287 2150
14411 2 2 0 4 2361 7591 7399
14412 2 2 0 4 6883 7612 4228
14413 2 2 0 4 3028 8247 3029
14414 2 2 0 4 3499 8248 3590
14415 2 2 0 4 7687 7770 5321
14416 2 2 0 4 7648 8482 2617
14417 2 2 0 4 4320 8551 7574
14418 2 2 0 4 5344 8349 5742
14419 2 2 0 4 6551 8534 1886
14420 2 2 0 4 6682 7638 6235
14421 2 2 0 4 6332 8502 4942
14422 2 2 0 4 1855 7615 185
14423 2 2 0 4 4686 7764 4036
14424 2 2 0 4 7847 8141 1864
14425 2 2 0 4 4034 7764 4444
14426 2 2 0 4 6088 7758 2290
14427 2 2 0 4 93 8443 7390
14428 2 2 0 4 2999 8154 2997
14429 2 2 0 4 7112 8263 6462
14430 2 2 0 4 8357 8509 5562
14431 2 2 0 4 7477 7848 6510
14432 2 2 0 4 7373 7778 1900
14433 2 2 0 4 4567 7617 7074
14434 2 2 0 4 30 8275 1908
14435 2 2 0 4 4991 7690 6474
14436 2 2 0 4 5080 8703 7411
14437 2 2 0 4 4448 6290 4446
14438 2 2 0 4 3775 6263 4543
14439 2 2 0 4 7421 8623 5075
14440 2 2 0 4 6202 8631 5381
14441 2 2 0 4 5286 7593 5145
14442 2 2 0 4 5718 5719 5356
14443 2 2 0 4 7566 8086 6022
14444 2 2 0 4 5789 7619 2555
14445 2 2 0 4 5332 8213 7391
14446 2 2 0 4 4361 7754 6349
14447 2 2 0 4 4318 8178 7648
14448 2 2 0 4 391 7618 392
14449 2 2 0 4 6875 8292 6874
14450 2 2 0 4 3059 8511 6211
14451 2 2 0 4 7551 8325 5030
14452 2 2 0 4 4607 7621 5304
14453 2 2 0 4 6859 7792 1854
14454 2 2 0 4 7170 7815 5641
14455 2 2 0 4 165 7622 164
14456 2 2 0 4 5842 7347 3311
14457 2 2 0 4 7436 7579 4993
14458 2 2 0 4 5180 7579 7436
14459 2 2 0 4 119 8304 1920
14460 2 2 0 4 6949 8294 2548
14461 2 2 0 4 5181 7605 6218
14462 2 2 0 4 5768 8644 6321
14463 2 2 0 4 6915 8319 4316
14464 2 2 0 4 7346 8499 7740
14465 2 2 0 4 6750 8323 1919
14466 2 2 0 4 6304 8569 6305
14467 2 2 0 4 2 8337 57
14468 2 2 0 4 107 8337 2
14469 2 2 0 4 58 8335 3
14470 2 2 0 4 3 8335 204
14471 2 2 0 4 4 8336 155
14472 2 2 0 4 156 8336 4
14473 2 2 0 4 6499 8724 6497
14474 2 2 0 4 6092 8345 6138
14475 2 2 0 4 6944 8339 4974
14476 2 2 0 4 139 7625 138
14477 2 2 0 4 2656 2657 2655
14478 2 2 0 4 4588 7395 4589
14479 2 2 0 4 5082 8710 7059
14480 2 2 0 4 6760 8347 6761
14481 2 2 0 4 152 8352 151
14482 2 2 0 4 6396 8429 7582
14483 2 2 0 4 6522 7778 7373
14484 2 2 0 4 1885 8354 182
14485 2 2 0 4 2273 8721 2268
14486 2 2 0 4 3917 7627 3950
14487 2 2 0 4 7717 8208 3914
14488 2 2 0 4 32 8701 31
14489 2 2 0 4 5560 8409 6407
14490 2 2 0 4 6018 8112 3339
14491 2 2 0 4 6560 8363 5092
14492 2 2 0 4 2208 7701 2180
14493 2 2 0 4 6697 7864 5055
14494 2 2 0 4 3034 7909 3059
14495 2 2 0 4 4612 8379 4423
14496 2 2 0 4 3380 8553 3316
14497 2 2 0 4 6394 7703 2647
14498 2 2 0 4 6665 8386 5453
14499 2 2 0 4 1930 8670 6770
14500 2 2 0 4 3125 6368 3123
14501 2 2 0 4 5074 7629 5073
14502 2 2 0 4 6864 8400 53
14503 2 2 0 4 52 8400 1883
14504 2 2 0 4 2674 8015 2672
14505 2 2 0 4 4104 8456 4038
14506 2 2 0 4 6350 8356 2248
14507 2 2 0 4 3525 8413 3524
14508 2 2 0 4 4638 8654 4410
14509 2 2 0 4 4412 8654 4416
14510 2 2 0 4 5517 8650 5819
14511 2 2 0 4 7390 8443 6546
14512 2 2 0 4 3795 8262 3453
14513 2 2 0 4 5456 8423 5170
14514 2 2 0 4 4572 8370 4644
14515 2 2 0 4 3633 7782 3632
14516 2 2 0 4 1917 8443 94
14517 2 2 0 4 2732 8445 2731
14518 2 2 0 4 3484 8445 2738
14519 2 2 0 4 3883 8601 3881
14520 2 2 0 4 1852 8600 72
14521 2 2 0 4 2095 7747 7434
14522 2 2 0 4 4041 8456 4945
14523 2 2 0 4 4962 8595 5526
14524 2 2 0 4 3110 7783 3109
14525 2 2 0 4 2206 8649 2205
14526 2 2 0 4 160 8462 159
14527 2 2 0 4 3054 8472 3064
14528 2 2 0 4 2578 8489 2498
14529 2 2 0 4 5323 8574 7111
14530 2 2 0 4 4992 8574 5043
14531 2 2 0 4 2297 8065 2413
14532 2 2 0 4 6758 8508 6759
14533 2 2 0 4 6716 8516 6717
14534 2 2 0 4 6550 8534 6551
14535 2 2 0 4 5698 8534 5507
14536 2 2 0 4 3576 8679 3312
14537 2 2 0 4 8291 8463 5921
14538 2 2 0 4 7295 7632 4365
14539 2 2 0 4 5733 6257 5104
14540 2 2 0 4 7455 8270 5443
14541 2 2 0 4 5511 8659 8313
14542 2 2 0 4 7500 8180 7407
14543 2 2 0 4 4337 8429 6395
14544 2 2 0 4 3059 6212 3036
14545 2 2 0 4 3171 5943 5737
14546 2 2 0 4 3220 8616 3174
14547 2 2 0 4 2406 8101 2404
14548 2 2 0 4 7688 8343 5735
14549 2 2 0 4 3969 8343 7688
14550 2 2 0 4 5022 7855 5042
14551 2 2 0 4 5550 8324 7822
14552 2 2 0 4 5493 7635 5934
14553 2 2 0 4 5553 8499 8307
14554 2 2 0 4 316 7633 317
14555 2 2 0 4 7688 8395 5376
14556 2 2 0 4 7812 8224 3358
14557 2 2 0 4 5755 8259 3383
14558 2 2 0 4 2484 8190 2486
14559 2 2 0 4 3331 8702 4603
14560 2 2 0 4 7473 8632 7755
14561 2 2 0 4 2583 6310 4695
14562 2 2 0 4 6498 8304 7809
14563 2 2 0 4 3919 8547 5932
14564 2 2 0 4 4634 7641 4078
14565 2 2 0 4 2122 7642 2397
14566 2 2 0 4 2759 6300 6299
14567 2 2 0 4 4927 7637 4928
14568 2 2 0 4 1918 7638 6876
14569 2 2 0 4 5585 8615 6237
14570 2 2 0 4 6162 8387 2664
14571 2 2 0 4 60 7714 59
14572 2 2 0 4 5444 8332 7523
14573 2 2 0 4 3621 7636 3382
14574 2 2 0 4 5980 7679 2215
14575 2 2 0 4 6089 7806 1841
14576 2 2 0 4 4644 7626 4089
14577 2 2 0 4 6326 7582 7581
14578 2 2 0 4 2471 6321 2475
14579 2 2 0 4 2444 7819 2041
14580 2 2 0 4 5877 7692 5878
14581 2 2 0 4 2534 6135 2537
14582 2 2 0 4 7676 7812 3164
14583 2 2 0 4 8311 8318 5449
14584 2 2 0 4 1910 7644 7114
14585 2 2 0 4 4948 7643 6364
14586 2 2 0 4 5410 7875 5409
14587 2 2 0 4 6197 8519 8009
14588 2 2 0 4 7401 7865 5516
14589 2 2 0 4 2335 8641 5796
14590 2 2 0 4 6366 7647 4990
14591 2 2 0 4 7407 7502 7500
14592 2 2 0 4 5514 8127 5513
14593 2 2 0 4 6297 7351 5320
14594 2 2 0 4 4739 8590 4064
14595 2 2 0 4 8368 8477 5174
14596 2 2 0 4 3645 7785 3468
14597 2 2 0 4 5638 8249 7681
14598 2 2 0 4 7681 8249 2306
14599 2 2 0 4 4318 7648 2619
14600 2 2 0 4 4242 8330 6889
14601 2 2 0 4 7323 8294 8060
14602 2 2 0 4 4542 7925 5889
14603 2 2 0 4 5747 8572 7442
14604 2 2 0 4 7798 7799 5628
14605 2 2 0 4 6453 7863 5531
14606 2 2 0 4 4545 6215 3815
14607 2 2 0 4 5901 8036 4993
14608 2 2 0 4 171 7656 170
14609 2 2 0 4 5502 8286 4738
14610 2 2 0 4 5706 8253 5326
14611 2 2 0 4 4094 8106 7671
14612 2 2 0 4 4068 7779 3627
14613 2 2 0 4 6384 7706 7394
14614 2 2 0 4 2075 7852 2361
14615 2 2 0 4 9 8348 1
14616 2 2 0 4 1 8348 106
14617 2 2 0 4 1871 8215 6778
14618 2 2 0 4 5508 8209 7426
14619 2 2 0 4 2211 7839 2311
14620 2 2 0 4 5008 6424 4063
14621 2 2 0 4 4021 6450 5899
14622 2 2 0 4 3687 6477 5858
14623 2 2 0 4 4287 7330 5349
14624 2 2 0 4 5769 7845 5902
14625 2 2 0 4 106 7657 105
14626 2 2 0 4 2588 7429 2577
14627 2 2 0 4 7597 8566 2361
14628 2 2 0 4 6123 8278 6092
14629 2 2 0 4 6179 6181 6178
14630 2 2 0 4 3919 8417 6134
14631 2 2 0 4 4118 7800 7416
14632 2 2 0 4 3843 7877 5841
14633 2 2 0 4 5940 7946 4005
14634 2 2 0 4 7432 8259 5481
14635 2 2 0 4 6156 8476 2383
14636 2 2 0 4 2379 8517 5815
14637 2 2 0 4 4735 7660 4382
14638 2 2 0 4 5725 8558 6852
14639 2 2 0 4 7538 8019 6757
14640 2 2 0 4 5191 7713 7422
14641 2 2 0 4 7658 7721 5669
14642 2 2 0 4 5704 8168 5342
14643 2 2 0 4 2194 7681 2306
14644 2 2 0 4 1903 8087 7532
14645 2 2 0 4 6987 8165 7638
14646 2 2 0 4 2651 8372 6393
14647 2 2 0 4 244 7661 245
14648 2 2 0 4 3787 7682 4953
14649 2 2 0 4 3461 7727 3101
14650 2 2 0 4 6347 8506 3889
14651 2 2 0 4 6075 7836 2093
14652 2 2 0 4 7477 8054 3600
14653 2 2 0 4 6507 8054 7477
14654 2 2 0 4 2079 8170 2094
14655 2 2 0 4 4292 8045 7470
14656 2 2 0 4 5611 6414 5034
14657 2 2 0 4 4968 7664 4555
14658 2 2 0 4 6865 8051 1887
14659 2 2 0 4 3013 7663 428
14660 2 2 0 4 5076 7666 4356
14661 2 2 0 4 3869 7665 3871
14662 2 2 0 4 7363 7920 2012
14663 2 2 0 4 5801 8471 5800
14664 2 2 0 4 8120 8716 2096
14665 2 2 0 4 2574 6357 5808
14666 2 2 0 4 5625 7772 7766
14667 2 2 0 4 3524 8512 6955
14668 2 2 0 4 2658 8050 7391
14669 2 2 0 4 6048 8535 6008
14670 2 2 0 4 5182 7718 3484
14671 2 2 0 4 2393 7588 2294
14672 2 2 0 4 5901 7601 3955
14673 2 2 0 4 412 7667 413
14674 2 2 0 4 5852 7380 5853
14675 2 2 0 4 5854 7624 7444
14676 2 2 0 4 5075 7533 7365
14677 2 2 0 4 1882 7865 7401
14678 2 2 0 4 5800 8589 5289
14679 2 2 0 4 5289 8589 5451
14680 2 2 0 4 5042 7855 7807
14681 2 2 0 4 7759 8378 2381
14682 2 2 0 4 5951 8415 1875
14683 2 2 0 4 7445 8655 5745
14684 2 2 0 4 2201 7742 7741
14685 2 2 0 4 2354 8435 2266
14686 2 2 0 4 5582 8381 7882
14687 2 2 0 4 6257 8375 5104
14688 2 2 0 4 7400 7863 6453
14689 2 2 0 4 5355 8522 7841
14690 2 2 0 4 7405 8666 8609
14691 2 2 0 4 7391 8213 4547
14692 2 2 0 4 4923 8676 5916
14693 2 2 0 4 6363 7828 4657
14694 2 2 0 4 6159 8363 4338
14695 2 2 0 4 3119 8302 3120
14696 2 2 0 4 5589 8632 7473
14697 2 2 0 4 2163 8121 2135
14698 2 2 0 4 1839 7711 6078
14699 2 2 0 4 5136 8594 6275
14700 2 2 0 4 3187 7715 3186
14701 2 2 0 4 5132 8500 8067
14702 2 2 0 4 2025 8308 2027
14703 2 2 0 4 2155 7683 2156
14704 2 2 0 4 1857 7690 6769
14705 2 2 0 4 1894 8624 7883
14706 2 2 0 4 8413 8512 3524
14707 2 2 0 4 6364 8588 5806
14708 2 2 0 4 5322 7687 5321
14709 2 2 0 4 2140 6177 2141
14710 2 2 0 4 3065 6178 3764
14711 2 2 0 4 3081 6182 3085
14712 2 2 0 4 7394 8081 2752
14713 2 2 0 4 5932 8314 5492
14714 2 2 0 4 7637 8468 6942
14715 2 2 0 4 5064 8269 7731
14716 2 2 0 4 3969 7688 6096
14717 2 2 0 4 5627 7797 5628
14718 2 2 0 4 7449 8108 6428
14719 2 2 0 4 5012 7898 4450
14720 2 2 0 4 6117 6295 6119
14721 2 2 0 4 8279 8691 5678
14722 2 2 0 4 2408 7701 6287
14723 2 2 0 4 5161 8598 5812
14724 2 2 0 4 5150 7684 5107
14725 2 2 0 4 4350 8172 4351
14726 2 2 0 4 5501 7691 5793
14727 2 2 0 4 3089 8403 8169
14728 2 2 0 4 139 7781 7625
14729 2 2 0 4 2573 7680 7476
14730 2 2 0 4 2656 2659 2657
14731 2 2 0 4 7604 7866 7445
14732 2 2 0 4 6868 8140 1852
14733 2 2 0 4 7143 8082 5310
14734 2 2 0 4 67 7694 66
14735 2 2 0 4 5600 8364 8207
14736 2 2 0 4 7449 8339 3496
14737 2 2 0 4 6861 8268 7660
14738 2 2 0 4 7711 8230 6078
14739 2 2 0 4 8449 8484 3758
14740 2 2 0 4 8045 8290 7540
14741 2 2 0 4 6869 8595 1914
14742 2 2 0 4 5186 7695 5187
14743 2 2 0 4 2733 7696 2624
14744 2 2 0 4 3903 7697 3912
14745 2 2 0 4 5319 7842 6255
14746 2 2 0 4 3310 8679 3367
14747 2 2 0 4 4695 8251 7619
14748 2 2 0 4 4724 7961 6252
14749 2 2 0 4 5839 8341 5944
14750 2 2 0 4 5626 8485 7955
14751 2 2 0 4 2639 7958 6165
14752 2 2 0 4 5340 5346 5345
14753 2 2 0 4 2042 8120 2036
14754 2 2 0 4 5342 5344 5343
14755 2 2 0 4 5523 5524 5522
14756 2 2 0 4 5512 5691 5288
14757 2 2 0 4 5700 5701 5699
14758 2 2 0 4 5117 5118 5116
14759 2 2 0 4 6761 7941 1925
14760 2 2 0 4 2306 7383 2198
14761 2 2 0 4 7816 8155 3638
14762 2 2 0 4 5312 8567 5514
14763 2 2 0 4 4456 4458 4457
14764 2 2 0 4 5019 5054 5020
14765 2 2 0 4 1842 7698 384
14766 2 2 0 4 8512 8656 6955
14767 2 2 0 4 6124 8393 6123
14768 2 2 0 4 5055 7864 7456
14769 2 2 0 4 7859 8062 5420
14770 2 2 0 4 3152 7351 6297
14771 2 2 0 4 3304 7592 3306
14772 2 2 0 4 2654 2656 2655
14773 2 2 0 4 4697 5938 5465
14774 2 2 0 4 2398 8582 2481
14775 2 2 0 4 1908 8275 7496
14776 2 2 0 4 4901 8492 4903
14777 2 2 0 4 7746 7929 4926
14778 2 2 0 4 2621 8359 4318
14779 2 2 0 4 6177 7524 2141
14780 2 2 0 4 7584 7700 5167
14781 2 2 0 4 5086 7751 2658
14782 2 2 0 4 4357 8328 2549
14783 2 2 0 4 1849 7878 7425
14784 2 2 0 4 7829 8317 1863
14785 2 2 0 4 5487 8326 5490
14786 2 2 0 4 3957 5901 3955
14787 2 2 0 4 1998 1999 1992
14788 2 2 0 4 5522 6283 4956
14789 2 2 0 4 5288 5547 4932
14790 2 2 0 4 4909 5690 5157
14791 2 2 0 4 5079 5564 4968
14792 2 2 0 4 2334 2418 2416
14793 2 2 0 4 3160 3393 3162
14794 2 2 0 4 2359 6371 2276
14795 2 2 0 4 5393 5396 5395
14796 2 2 0 4 2996 3390 2994
14797 2 2 0 4 3935 4110 3932
14798 2 2 0 4 5129 5137 5127
14799 2 2 0 4 3073 3383 3071
14800 2 2 0 4 5002 7674 5003
14801 2 2 0 4 6495 8352 7870
14802 2 2 0 4 3732 7704 3704
14803 2 2 0 4 5926 8331 5928
14804 2 2 0 4 6161 8377 2204
14805 2 2 0 4 2076 7708 2077
14806 2 2 0 4 2957 6232 2991
14807 2 2 0 4 7768 8438 6181
14808 2 2 0 4 216 7702 217
14809 2 2 0 4 4602 7862 5091
14810 2 2 0 4 2031 8425 2362
14811 2 2 0 4 4454 4578 4456
14812 2 2 0 4 2340 8278 6123
14813 2 2 0 4 3624 8718 5712
14814 2 2 0 4 5901 7602 7601
14815 2 2 0 4 6239 8562 2450
14816 2 2 0 4 7675 8088 5414
14817 2 2 0 4 5012 7930 7898
14818 2 2 0 4 4580 7578 5534
14819 2 2 0 4 5919 6360 5889
14820 2 2 0 4 6138 8345 2342
14821 2 2 0 4 5495 8404 4672
14822 2 2 0 4 7434 8454 2095
14823 2 2 0 4 5604 8679 3576
14824 2 2 0 4 5974 7679 5980
14825 2 2 0 4 3277 8427 4118
14826 2 2 0 4 3088 8093 3093
14827 2 2 0 4 5050 8332 5444
14828 2 2 0 4 7537 8691 4905
14829 2 2 0 4 7750 8132 4935
14830 2 2 0 4 5793 6247 5500
14831 2 2 0 4 5605 7900 3769
14832 2 2 0 4 7877 8105 5841
14833 2 2 0 4 59 7714 7467
14834 2 2 0 4 4283 7765 5274
14835 2 2 0 4 5438 8501 7540
14836 2 2 0 4 3843 5840 3844
14837 2 2 0 4 3306 5842 3307
14838 2 2 0 4 2204 8377 2113
14839 2 2 0 4 7532 8087 5282
14840 2 2 0 4 4073 8478 5622
14841 2 2 0 4 5395 7699 5398
14842 2 2 0 4 4685 7716 4353
14843 2 2 0 4 5995 8288 8068
14844 2 2 0 4 6257 8489 2578
14845 2 2 0 4 5117 8072 5877
14846 2 2 0 4 6319 6320 2527
14847 2 2 0 4 3081 7776 6182
14848 2 2 0 4 5667 8316 5665
14849 2 2 0 4 4646 7725 3845
14850 2 2 0 4 4558 7890 5066
14851 2 2 0 4 5304 7721 6275
14852 2 2 0 4 4684 7726 3942
14853 2 2 0 4 7365 8458 3732
14854 2 2 0 4 2413 8464 7741
14855 2 2 0 4 5103 8189 5303
14856 2 2 0 4 5531 7863 5529
14857 2 2 0 4 5744 8652 5748
14858 2 2 0 4 7741 7742 7358
14859 2 2 0 4 5112 7723 5111
14860 2 2 0 4 3367 8447 4470
14861 2 2 0 4 2809 7728 2807
14862 2 2 0 4 4559 7814 2448
14863 2 2 0 4 6078 8230 8218
14864 2 2 0 4 7437 8653 5614
14865 2 2 0 4 8609 8666 5003
14866 2 2 0 4 5326 8160 5324
14867 2 2 0 4 6137 8144 5309
14868 2 2 0 4 5382 7733 7109
14869 2 2 0 4 6534 8092 7547
14870 2 2 0 4 7509 7762 5721
14871 2 2 0 4 4400 7782 5446
14872 2 2 0 4 4566 7731 5154
14873 2 2 0 4 4596 7783 5174
14874 2 2 0 4 5797 8384 8228
14875 2 2 0 4 8228 8384 5796
14876 2 2 0 4 2436 3014 2438
14877 2 2 0 4 150 7735 1881
14878 2 2 0 4 5015 6126 5753
14879 2 2 0 4 2080 2082 2081
14880 2 2 0 4 2441 5682 2442
14881 2 2 0 4 2045 2049 2047
14882 2 2 0 4 5647 5713 2400
14883 2 2 0 4 2192 2193 2191
14884 2 2 0 4 5433 7820 5483
14885 2 2 0 4 1837 7730 218
14886 2 2 0 4 5836 8402 2333
14887 2 2 0 4 125 7736 124
14888 2 2 0 4 6132 8201 2021
14889 2 2 0 4 5516 8513 5372
14890 2 2 0 4 6224 8571 8274
14891 2 2 0 4 2672 8015 2815
14892 2 2 0 4 7587 8446 7586
14893 2 2 0 4 5589 7513 5586
14894 2 2 0 4 5291 7762 4062
14895 2 2 0 4 7391 8050 5332
14896 2 2 0 4 3308 7931 6335
14897 2 2 0 4 3629 7744 3631
14898 2 2 0 4 2585 8062 7859
14899 2 2 0 4 4024 5919 5889
14900 2 2 0 4 3014 4092 2438
14901 2 2 0 4 5119 5120 5118
14902 2 2 0 4 2049 2050 2047
14903 2 2 0 4 5647 5821 5713
14904 2 2 0 4 3163 3178 3177
14905 2 2 0 4 4458 4460 4459
14906 2 2 0 4 3789 7754 3786
14907 2 2 0 4 5092 8363 7553
14908 2 2 0 4 5750 7654 6225
14909 2 2 0 4 4007 7946 4025
14910 2 2 0 4 2082 2084 2083
14911 2 2 0 4 4460 4462 4461
14912 2 2 0 4 2084 2086 2085
14913 2 2 0 4 2086 2087 2085
14914 2 2 0 4 4462 4464 4463
14915 2 2 0 4 4464 4466 4465
14916 2 2 0 4 4466 4467 4465
14917 2 2 0 4 2133 2135 2134
14918 2 2 0 4 3730 4097 3731
14919 2 2 0 4 2133 2134 2131
14920 2 2 0 4 2184 8476 6156
14921 2 2 0 4 5862 7770 6296
14922 2 2 0 4 5869 5870 5866
14923 2 2 0 4 4667 8663 5785
14924 2 2 0 4 5377 7753 7340
14925 2 2 0 4 4017 4019 4018
14926 2 2 0 4 3193 3730 3729
14927 2 2 0 4 2631 2632 2630
14928 2 2 0 4 3997 8421 7645
14929 2 2 0 4 5455 8409 5560
14930 2 2 0 4 3021 6276 3024
14931 2 2 0 4 6277 8237 2043
14932 2 2 0 4 6525 8244 6523
14933 2 2 0 4 5540 5869 5866
14934 2 2 0 4 5826 8057 5704
14935 2 2 0 4 6142 7724 6141
14936 2 2 0 4 1913 7938 6867
14937 2 2 0 4 7972 8127 6448
14938 2 2 0 4 5735 8343 5736
14939 2 2 0 4 5310 8082 7603
14940 2 2 0 4 7425 7878 5153
14941 2 2 0 4 6164 8229 4421
14942 2 2 0 4 6955 8656 4818
14943 2 2 0 4 6303 7984 6304
14944 2 2 0 4 5387 8577 5386
14945 2 2 0 4 7800 8166 5463
14946 2 2 0 4 8565 8697 5404
14947 2 2 0 4 5095 8496 6022
14948 2 2 0 4 8133 8308 5581
14949 2 2 0 4 5045 7500 5601
14950 2 2 0 4 4017 4018 4016
14951 2 2 0 4 4599 5410 5409
14952 2 2 0 4 2629 2631 2630
14953 2 2 0 4 4687 7761 4345
14954 2 2 0 4 7853 8102 3744
14955 2 2 0 4 5286 8507 7653
14956 2 2 0 4 3097 7760 267
14957 2 2 0 4 2611 7719 2609
14958 2 2 0 4 4573 7767 4994
14959 2 2 0 4 2189 8474 6168
14960 2 2 0 4 1876 8061 7542
14961 2 2 0 4 2323 7773 7521
14962 2 2 0 4 6527 8153 7625
14963 2 2 0 4 5612 8077 7776
14964 2 2 0 4 4590 7768 3646
14965 2 2 0 4 3076 7776 3081
14966 2 2 0 4 220 7769 1995
14967 2 2 0 4 6521 7778 6522
14968 2 2 0 4 6757 8019 6756
14969 2 2 0 4 7570 7571 4444
14970 2 2 0 4 6123 8393 2340
14971 2 2 0 4 2626 7696 7551
14972 2 2 0 4 4858 7780 4304
14973 2 2 0 4 4543 8642 7504
14974 2 2 0 4 4699 7880 5610
14975 2 2 0 4 2441 8346 5682
14976 2 2 0 4 7228 8391 3688
14977 2 2 0 4 7573 8467 4674
14978 2 2 0 4 140 7781 139
14979 2 2 0 4 6180 8365 6179
14980 2 2 0 4 7700 8042 5167
14981 2 2 0 4 7456 7864 1865
14982 2 2 0 4 1887 8051 7506
14983 2 2 0 4 6881 8209 1902
14984 2 2 0 4 5500 8273 5498
14985 2 2 0 4 3769 7595 3460
14986 2 2 0 4 5140 8398 5503
14987 2 2 0 4 6051 8691 8279
14988 2 2 0 4 6169 7788 5142
14989 2 2 0 4 5497 8396 5499
14990 2 2 0 4 5485 6318 5486
14991 2 2 0 4 6427 6428 4415
14992 2 2 0 4 5465 6266 5101
14993 2 2 0 4 3469 3470 3468
14994 2 2 0 4 2013 8119 2011
14995 2 2 0 4 7533 8458 7365
14996 2 2 0 4 6009 7834 6010
14997 2 2 0 4 5885 7856 5884
14998 2 2 0 4 7577 8179 6558
14999 2 2 0 4 4633 8077 5612
15000 2 2 0 4 5365 8713 5810
15001 2 2 0 4 4119 5858 4935
15002 2 2 0 4 4135 5899 4585
15003 2 2 0 4 411 7786 412
15004 2 2 0 4 3451 7784 2941
15005 2 2 0 4 3754 8646 5895
15006 2 2 0 4 5794 8043 5758
15007 2 2 0 4 1966 8013 6099
15008 2 2 0 4 7572 8530 6115
15009 2 2 0 4 6712 8295 6711
15010 2 2 0 4 7615 8423 5456
15011 2 2 0 4 6144 8257 7565
15012 2 2 0 4 2431 8187 2052
15013 2 2 0 4 5871 7495 5873
15014 2 2 0 4 3099 7846 3100
15015 2 2 0 4 7975 8098 4603
15016 2 2 0 4 187 7790 186
15017 2 2 0 4 6697 8347 7864
15018 2 2 0 4 6717 7792 6715
15019 2 2 0 4 249 7791 250
15020 2 2 0 4 3073 8024 5755
15021 2 2 0 4 4589 7886 4390
15022 2 2 0 4 7298 8006 7817
15023 2 2 0 4 6307 7745 7498
15024 2 2 0 4 7647 8600 1852
15025 2 2 0 4 5309 8634 6137
15026 2 2 0 4 3963 3965 3964
15027 2 2 0 4 2581 8127 7972
15028 2 2 0 4 6035 8420 6034
15029 2 2 0 4 8131 8669 6653
15030 2 2 0 4 2129 2131 2130
15031 2 2 0 4 2282 5871 2166
15032 2 2 0 4 4069 4070 3644
15033 2 2 0 4 3891 3892 3890
15034 2 2 0 4 2570 3104 2569
15035 2 2 0 4 3952 4468 4061
15036 2 2 0 4 2641 2642 2640
15037 2 2 0 4 4474 5093 4472
15038 2 2 0 4 4052 4053 4049
15039 2 2 0 4 3158 3193 3157
15040 2 2 0 4 5108 5900 5110
15041 2 2 0 4 1956 1961 1960
15042 2 2 0 4 7471 7911 5566
15043 2 2 0 4 5143 8695 5885
15044 2 2 0 4 29 7804 28
15045 2 2 0 4 7648 7649 5040
15046 2 2 0 4 2336 7844 2251
15047 2 2 0 4 6517 8293 6516
15048 2 2 0 4 5291 8498 7645
15049 2 2 0 4 5169 7934 7915
15050 2 2 0 4 4436 8222 3729
15051 2 2 0 4 5472 7880 4699
15052 2 2 0 4 2378 8346 5811
15053 2 2 0 4 5031 8699 3890
15054 2 2 0 4 4081 7811 4079
15055 2 2 0 4 7815 8354 5641
15056 2 2 0 4 3267 7823 3264
15057 2 2 0 4 5666 7818 5667
15058 2 2 0 4 6523 8244 7778
15059 2 2 0 4 121 7809 120
15060 2 2 0 4 5106 8719 5707
15061 2 2 0 4 5293 7810 5292
15062 2 2 0 4 3574 8136 3617
15063 2 2 0 4 7006 7822 6840
15064 2 2 0 4 1888 8519 6196
15065 2 2 0 4 6290 8372 7940
15066 2 2 0 4 181 7815 180
15067 2 2 0 4 2448 7814 2447
15068 2 2 0 4 4948 7903 7643
15069 2 2 0 4 7398 7854 5022
15070 2 2 0 4 4603 8702 7976
15071 2 2 0 4 3647 7353 4633
15072 2 2 0 4 7440 7822 1915
15073 2 2 0 4 6339 8063 2375
15074 2 2 0 4 7467 7714 6198
15075 2 2 0 4 3706 7921 7639
15076 2 2 0 4 2166 5871 2207
15077 2 2 0 4 7878 8389 5405
15078 2 2 0 4 4570 7824 4377
15079 2 2 0 4 7820 8432 5483
15080 2 2 0 4 6801 8019 7538
15081 2 2 0 4 4632 7807 5481
15082 2 2 0 4 6448 8127 5514
15083 2 2 0 4 7643 7903 6173
15084 2 2 0 4 7775 8507 5286
15085 2 2 0 4 4548 8182 4727
15086 2 2 0 4 7380 7429 5853
15087 2 2 0 4 4468 7700 7584
15088 2 2 0 4 2473 7888 2467
15089 2 2 0 4 4083 6334 4368
15090 2 2 0 4 1896 8101 7633
15091 2 2 0 4 7898 7930 5908
15092 2 2 0 4 5581 6351 5024
15093 2 2 0 4 6536 7829 5026
15094 2 2 0 4 2566 6357 2574
15095 2 2 0 4 3953 6301 3904
15096 2 2 0 4 2627 6302 2623
15097 2 2 0 4 5758 8383 5394
15098 2 2 0 4 5301 7823 6242
15099 2 2 0 4 2616 7594 2618
15100 2 2 0 4 4477 6417 6410
15101 2 2 0 4 5178 6513 4011
15102 2 2 0 4 4624 6481 3824
15103 2 2 0 4 3055 6830 3057
15104 2 2 0 4 2232 7046 2230
15105 2 2 0 4 7298 7303 3707
15106 2 2 0 4 2513 7326 2593
15107 2 2 0 4 3022 7328 3745
15108 2 2 0 4 3810 7789 7395
15109 2 2 0 4 6183 8205 5058
15110 2 2 0 4 3027 8433 3026
15111 2 2 0 4 1997 8463 2062
15112 2 2 0 4 3309 8461 3305
15113 2 2 0 4 4103 8409 7968
15114 2 2 0 4 2434 8570 2433
15115 2 2 0 4 1991 6195 5921
15116 2 2 0 4 7634 8171 4685
15117 2 2 0 4 5509 8008 3790
15118 2 2 0 4 6177 7525 7524
15119 2 2 0 4 2342 8297 6138
15120 2 2 0 4 5875 7793 5876
15121 2 2 0 4 3925 8118 6120
15122 2 2 0 4 7712 8181 3432
15123 2 2 0 4 7696 8325 7551
15124 2 2 0 4 4924 8276 4922
15125 2 2 0 4 5458 7641 7431
15126 2 2 0 4 6274 8678 4689
15127 2 2 0 4 7598 7731 4566
15128 2 2 0 4 2345 5883 2436
15129 2 2 0 4 2405 7478 2390
15130 2 2 0 4 2375 7434 2367
15131 2 2 0 4 4351 6363 3705
15132 2 2 0 4 2465 2466 2464
15133 2 2 0 4 5130 5131 5129
15134 2 2 0 4 2514 7856 6030
15135 2 2 0 4 7818 8294 5667
15136 2 2 0 4 2548 8294 7818
15137 2 2 0 4 7740 8499 5346
15138 2 2 0 4 6213 8132 7873
15139 2 2 0 4 5077 7840 6688
15140 2 2 0 4 5501 8632 7691
15141 2 2 0 4 7588 7960 2293
15142 2 2 0 4 5075 8623 7533
15143 2 2 0 4 7866 8041 4373
15144 2 2 0 4 3769 7900 7595
15145 2 2 0 4 8061 8558 5726
15146 2 2 0 4 2753 8591 6943
15147 2 2 0 4 5577 8222 4436
15148 2 2 0 4 5675 8313 8262
15149 2 2 0 4 5286 7653 7593
15150 2 2 0 4 7593 7653 3274
15151 2 2 0 4 5851 8246 7802
15152 2 2 0 4 1851 7843 6875
15153 2 2 0 4 5780 8699 5031
15154 2 2 0 4 5482 8448 5661
15155 2 2 0 4 8258 8537 5787
15156 2 2 0 4 6292 7771 5370
15157 2 2 0 4 7638 8165 6876
15158 2 2 0 4 7792 8295 6712
15159 2 2 0 4 7820 8460 7963
15160 2 2 0 4 5315 7847 7256
15161 2 2 0 4 6510 7848 7217
15162 2 2 0 4 7416 7800 5463
15163 2 2 0 4 3642 7693 4302
15164 2 2 0 4 3816 7850 4117
15165 2 2 0 4 8064 8528 5619
15166 2 2 0 4 7629 8215 5073
15167 2 2 0 4 6277 8523 8237
15168 2 2 0 4 8269 8642 5154
15169 2 2 0 4 1873 8131 7622
15170 2 2 0 4 4420 8668 5904
15171 2 2 0 4 1869 8301 6853
15172 2 2 0 4 2309 8084 2108
15173 2 2 0 4 6267 8189 5105
15174 2 2 0 4 5311 8125 8123
15175 2 2 0 4 5299 7857 5300
15176 2 2 0 4 6120 8118 5935
15177 2 2 0 4 1901 7858 201
15178 2 2 0 4 5371 8612 6372
15179 2 2 0 4 2654 8155 6325
15180 2 2 0 4 5659 8122 6222
15181 2 2 0 4 6222 8122 5617
15182 2 2 0 4 7143 8556 8082
15183 2 2 0 4 4469 8436 5606
15184 2 2 0 4 3652 8459 3180
15185 2 2 0 4 2558 8233 2478
15186 2 2 0 4 6187 8527 4966
15187 2 2 0 4 2347 8562 6239
15188 2 2 0 4 1911 7863 7400
15189 2 2 0 4 6295 6835 6119
15190 2 2 0 4 1865 7864 6762
15191 2 2 0 4 199 7865 1882
15192 2 2 0 4 8708 8719 3895
15193 2 2 0 4 3112 7678 3113
15194 2 2 0 4 5685 8722 5951
15195 2 2 0 4 4461 8436 4469
15196 2 2 0 4 3180 8459 3177
15197 2 2 0 4 5344 5420 5343
15198 2 2 0 4 5019 5875 5054
15199 2 2 0 4 5711 8289 2475
15200 2 2 0 4 6335 7931 5709
15201 2 2 0 4 5776 8520 7753
15202 2 2 0 4 2227 7803 2050
15203 2 2 0 4 2077 7708 2080
15204 2 2 0 4 8511 8698 6211
15205 2 2 0 4 3106 8216 7452
15206 2 2 0 4 6487 7870 5285
15207 2 2 0 4 2439 8271 7883
15208 2 2 0 4 4470 8461 3309
15209 2 2 0 4 2062 8463 2076
15210 2 2 0 4 3094 8180 3099
15211 2 2 0 4 3120 8302 5886
15212 2 2 0 4 2433 8570 6311
15213 2 2 0 4 3841 7877 3843
15214 2 2 0 4 3077 7869 285
15215 2 2 0 4 5566 8705 5533
15216 2 2 0 4 6231 7912 1895
15217 2 2 0 4 2080 2200 2082
15218 2 2 0 4 2193 5590 2191
15219 2 2 0 4 4437 7437 5350
15220 2 2 0 4 3064 8472 5552
15221 2 2 0 4 4733 8272 8151
15222 2 2 0 4 5605 7514 4647
15223 2 2 0 4 2464 7888 2461
15224 2 2 0 4 3014 4093 4092
15225 2 2 0 4 5120 5121 5118
15226 2 2 0 4 2049 2051 2050
15227 2 2 0 4 7472 7885 3573
15228 2 2 0 4 6103 8126 1994
15229 2 2 0 4 7610 8399 4317
15230 2 2 0 4 7366 7868 2356
15231 2 2 0 4 2094 8170 2203
15232 2 2 0 4 4460 5084 4462
15233 2 2 0 4 2084 2201 2086
15234 2 2 0 4 2086 2088 2087
15235 2 2 0 4 4464 4630 4466
15236 2 2 0 4 2135 2136 2134
15237 2 2 0 4 3730 5301 4097
15238 2 2 0 4 4019 4020 4018
15239 2 2 0 4 2631 2633 2632
15240 2 2 0 4 5765 7859 5420
15241 2 2 0 4 5381 8247 6202
15242 2 2 0 4 7498 7745 6208
15243 2 2 0 4 2942 7552 2953
15244 2 2 0 4 3914 7877 3841
15245 2 2 0 4 3843 5841 5840
15246 2 2 0 4 6168 7942 2273
15247 2 2 0 4 5153 7878 5151
15248 2 2 0 4 3812 7457 5090
15249 2 2 0 4 5405 8389 6642
15250 2 2 0 4 5099 7881 5097
15251 2 2 0 4 5357 8002 5546
15252 2 2 0 4 5537 8003 5358
15253 2 2 0 4 5352 8004 5354
15254 2 2 0 4 4080 7659 4626
15255 2 2 0 4 6840 7822 7440
15256 2 2 0 4 4348 8555 4346
15257 2 2 0 4 3937 7669 3940
15258 2 2 0 4 3732 8458 7387
15259 2 2 0 4 5939 8303 5666
15260 2 2 0 4 5914 7925 5913
15261 2 2 0 4 3965 3966 3964
15262 2 2 0 4 4069 4375 4070
15263 2 2 0 4 3891 3893 3892
15264 2 2 0 4 2570 3117 3104
15265 2 2 0 4 4468 4643 4061
15266 2 2 0 4 2641 2643 2642
15267 2 2 0 4 4052 4453 4053
15268 2 2 0 4 3158 3194 3193
15269 2 2 0 4 1961 1962 1960
15270 2 2 0 4 2035 8120 2096
15271 2 2 0 4 4486 8497 5273
15272 2 2 0 4 6233 8551 4320
15273 2 2 0 4 3053 7446 7140
15274 2 2 0 4 1866 8437 6163
15275 2 2 0 4 5323 8320 6768
15276 2 2 0 4 2461 7888 6386
15277 2 2 0 4 6210 8698 8511
15278 2 2 0 4 2317 8479 2173
15279 2 2 0 4 4450 7898 4714
15280 2 2 0 4 6007 8509 7459
15281 2 2 0 4 5772 7845 5769
15282 2 2 0 4 183 7889 1885
15283 2 2 0 4 4608 7341 3387
15284 2 2 0 4 2163 8434 7438
15285 2 2 0 4 7576 8490 3013
15286 2 2 0 4 4918 7321 5488
15287 2 2 0 4 6244 6436 3134
15288 2 2 0 4 5028 6988 4396
15289 2 2 0 4 6245 7327 4042
15290 2 2 0 4 7504 8642 8269
15291 2 2 0 4 7612 8116 6789
15292 2 2 0 4 1957 8238 1954
15293 2 2 0 4 7797 7798 5628
15294 2 2 0 4 3315 8707 3576
15295 2 2 0 4 6166 8022 2032
15296 2 2 0 4 5479 8506 6347
15297 2 2 0 4 4903 8492 4907
15298 2 2 0 4 5067 7918 5374
15299 2 2 0 4 2265 8435 2341
15300 2 2 0 4 2117 7852 2075
15301 2 2 0 4 3152 6297 3167
15302 2 2 0 4 3282 8035 3610
15303 2 2 0 4 2607 7895 2940
15304 2 2 0 4 8098 8465 4603
15305 2 2 0 4 7565 8257 7729
15306 2 2 0 4 7863 8408 5529
15307 2 2 0 4 7611 8140 6868
15308 2 2 0 4 2363 8633 2395
15309 2 2 0 4 4727 8182 6320
15310 2 2 0 4 5726 8558 5725
15311 2 2 0 4 2214 8457 7565
15312 2 2 0 4 2064 8299 5905
15313 2 2 0 4 7585 8009 6866
15314 2 2 0 4 5375 8240 8134
15315 2 2 0 4 1846 7911 7471
15316 2 2 0 4 2304 8550 2377
15317 2 2 0 4 5807 8033 4673
15318 2 2 0 4 2105 8220 6387
15319 2 2 0 4 6545 7904 6621
15320 2 2 0 4 5858 7750 4935
15321 2 2 0 4 3964 4993 3962
15322 2 2 0 4 3188 4283 3190
15323 2 2 0 4 2130 2325 2128
15324 2 2 0 4 4943 5439 5008
15325 2 2 0 4 3884 4694 3891
15326 2 2 0 4 4016 4692 4014
15327 2 2 0 4 3615 4600 4599
15328 2 2 0 4 4558 5016 4559
15329 2 2 0 4 2615 5040 2629
15330 2 2 0 4 7478 8434 2163
15331 2 2 0 4 4360 7905 5626
15332 2 2 0 4 6213 7873 6111
15333 2 2 0 4 203 7908 202
15334 2 2 0 4 5519 8382 6185
15335 2 2 0 4 7807 8468 5042
15336 2 2 0 4 23 7911 1846
15337 2 2 0 4 7457 8229 5090
15338 2 2 0 4 5100 7541 5642
15339 2 2 0 4 7523 8332 5683
15340 2 2 0 4 1844 8188 6080
15341 2 2 0 4 3856 8524 3857
15342 2 2 0 4 7565 7729 6333
15343 2 2 0 4 3686 7914 6362
15344 2 2 0 4 6362 7914 5316
15345 2 2 0 4 2624 7696 2626
15346 2 2 0 4 8007 8607 5587
15347 2 2 0 4 2473 8142 7888
15348 2 2 0 4 5437 8128 7409
15349 2 2 0 4 7409 8128 4438
15350 2 2 0 4 6118 8526 6133
15351 2 2 0 4 7701 8254 2180
15352 2 2 0 4 4944 8266 4354
15353 2 2 0 4 7590 7851 5515
15354 2 2 0 4 5968 8536 5965
15355 2 2 0 4 5792 8669 6765
15356 2 2 0 4 3151 8252 3137
15357 2 2 0 4 2048 7939 6006
15358 2 2 0 4 4416 8494 4704
15359 2 2 0 4 8171 8680 4351
15360 2 2 0 4 5066 7918 7610
15361 2 2 0 4 5386 8545 7662
15362 2 2 0 4 3658 8640 3655
15363 2 2 0 4 7432 7855 7854
15364 2 2 0 4 2053 8044 2365
15365 2 2 0 4 7975 7976 5578
15366 2 2 0 4 6027 8242 7709
15367 2 2 0 4 4386 8353 4944
15368 2 2 0 4 4728 7943 2590
15369 2 2 0 4 4935 8132 6213
15370 2 2 0 4 4127 7693 3642
15371 2 2 0 4 2674 8424 8015
15372 2 2 0 4 4575 7767 4573
15373 2 2 0 4 5473 7983 5472
15374 2 2 0 4 7667 8537 2247
15375 2 2 0 4 11 7926 10
15376 2 2 0 4 5611 8149 8118
15377 2 2 0 4 8118 8149 5935
15378 2 2 0 4 4401 6282 4134
15379 2 2 0 4 2066 8378 2065
15380 2 2 0 4 3005 7922 333
15381 2 2 0 4 7938 8437 6867
15382 2 2 0 4 8304 8724 1920
15383 2 2 0 4 7915 7934 3052
15384 2 2 0 4 5447 8311 5445
15385 2 2 0 4 3963 3964 3962
15386 2 2 0 4 3188 3190 3189
15387 2 2 0 4 3812 5090 3811
15388 2 2 0 4 7614 8176 3381
15389 2 2 0 4 7822 8324 1915
15390 2 2 0 4 5952 8531 7947
15391 2 2 0 4 6217 7407 7406
15392 2 2 0 4 2129 2130 2128
15393 2 2 0 4 3595 4069 3644
15394 2 2 0 4 5001 5053 5039
15395 2 2 0 4 4287 5349 4289
15396 2 2 0 4 4021 5899 4135
15397 2 2 0 4 4943 5008 4063
15398 2 2 0 4 4015 4016 4014
15399 2 2 0 4 3687 5858 4119
15400 2 2 0 4 3884 3891 3890
15401 2 2 0 4 2296 5525 5489
15402 2 2 0 4 2502 2503 2501
15403 2 2 0 4 2568 2570 2569
15404 2 2 0 4 3615 4599 4598
15405 2 2 0 4 3952 4061 3915
15406 2 2 0 4 2639 2641 2640
15407 2 2 0 4 3775 4543 4451
15408 2 2 0 4 2471 2475 2474
15409 2 2 0 4 4558 4559 2448
15410 2 2 0 4 5369 6292 5370
15411 2 2 0 4 4048 4052 4049
15412 2 2 0 4 2583 4695 2597
15413 2 2 0 4 3146 3158 3157
15414 2 2 0 4 2615 2629 2628
15415 2 2 0 4 5023 5149 4476
15416 2 2 0 4 5061 6111 5922
15417 2 2 0 4 1956 1960 1955
15418 2 2 0 4 1847 8397 6766
15419 2 2 0 4 8379 8693 4587
15420 2 2 0 4 5688 7963 2263
15421 2 2 0 4 3899 8708 3896
15422 2 2 0 4 7508 7805 2556
15423 2 2 0 4 4595 7936 4782
15424 2 2 0 4 5852 5853 2587
15425 2 2 0 4 4336 7624 5854
15426 2 2 0 4 5187 7485 4592
15427 2 2 0 4 5579 8117 4693
15428 2 2 0 4 8019 8493 6756
15429 2 2 0 4 3831 8390 3829
15430 2 2 0 4 5382 8277 7733
15431 2 2 0 4 6184 8597 5000
15432 2 2 0 4 4999 7905 4360
15433 2 2 0 4 3468 7785 3451
15434 2 2 0 4 7476 7680 5477
15435 2 2 0 4 2609 7895 2607
15436 2 2 0 4 7542 8061 6549
15437 2 2 0 4 5179 7938 7153
15438 2 2 0 4 6752 8556 6461
15439 2 2 0 4 8171 8172 5945
15440 2 2 0 4 6259 7941 5081
15441 2 2 0 4 5785 8173 6110
15442 2 2 0 4 7723 8301 5111
15443 2 2 0 4 4387 7732 5271
15444 2 2 0 4 6221 8717 5958
15445 2 2 0 4 2201 8059 7742
15446 2 2 0 4 5466 8066 4544
15447 2 2 0 4 4674 8467 7451
15448 2 2 0 4 3185 7765 3188
15449 2 2 0 4 4713 5515 4447
15450 2 2 0 4 1969 8069 1964
15451 2 2 0 4 5544 7944 5502
15452 2 2 0 4 2454 8157 7996
15453 2 2 0 4 2294 7588 2293
15454 2 2 0 4 3752 8646 3754
15455 2 2 0 4 6623 8165 6987
15456 2 2 0 4 5667 8294 7466
15457 2 2 0 4 2228 7737 4557
15458 2 2 0 4 7791 8578 3105
15459 2 2 0 4 2180 8254 2110
15460 2 2 0 4 5732 8619 5903
15461 2 2 0 4 7807 7855 5481
15462 2 2 0 4 6011 8697 6106
15463 2 2 0 4 7431 7641 4634
15464 2 2 0 4 5109 8129 5108
15465 2 2 0 4 2454 7996 2452
15466 2 2 0 4 5013 8625 3386
15467 2 2 0 4 4684 8322 7726
15468 2 2 0 4 1965 8540 1968
15469 2 2 0 4 5315 8141 7847
15470 2 2 0 4 6046 8579 5126
15471 2 2 0 4 3998 8583 3996
15472 2 2 0 4 7690 8227 6474
15473 2 2 0 4 7744 7771 6292
15474 2 2 0 4 7653 7710 3274
15475 2 2 0 4 7449 8081 4688
15476 2 2 0 4 5037 8149 5035
15477 2 2 0 4 7833 8174 6049
15478 2 2 0 4 5176 8530 7572
15479 2 2 0 4 2010 8201 2012
15480 2 2 0 4 6084 8441 6349
15481 2 2 0 4 5683 8310 4975
15482 2 2 0 4 7605 8130 4290
15483 2 2 0 4 4076 7659 4077
15484 2 2 0 4 3819 7626 6087
15485 2 2 0 4 8610 8715 3070
15486 2 2 0 4 2419 8521 2407
15487 2 2 0 4 5781 8361 5780
15488 2 2 0 4 3790 8008 3791
15489 2 2 0 4 4073 8404 8381
15490 2 2 0 4 7996 8157 5650
15491 2 2 0 4 6051 8279 3108
15492 2 2 0 4 2805 7999 2803
15493 2 2 0 4 5418 8079 5416
15494 2 2 0 4 5446 8000 5447
15495 2 2 0 4 8204 8369 5096
15496 2 2 0 4 4645 8122 5659
15497 2 2 0 4 2532 8592 2531
15498 2 2 0 4 6223 8161 6222
15499 2 2 0 4 7594 8300 2618
15500 2 2 0 4 8268 8700 6901
15501 2 2 0 4 6299 6300 5896
15502 2 2 0 4 6653 8669 5792
15503 2 2 0 4 8021 8613 5693
15504 2 2 0 4 7348 7350 4669
15505 2 2 0 4 2121 8010 2120
15506 2 2 0 4 3978 8298 3980
15507 2 2 0 4 7274 8344 5396
15508 2 2 0 4 5770 7899 7441
15509 2 2 0 4 6228 8423 1855
15510 2 2 0 4 5548 8508 8153
15511 2 2 0 4 6275 8594 5532
15512 2 2 0 4 7164 8009 6539
15513 2 2 0 4 3013 8490 5923
15514 2 2 0 4 8491 8703 5080
15515 2 2 0 4 4438 8128 5911
15516 2 2 0 4 7749 8054 6508
15517 2 2 0 4 7888 8142 6386
15518 2 2 0 4 2370 8643 2372
15519 2 2 0 4 5420 8062 5343
15520 2 2 0 4 4909 7876 5690
15521 2 2 0 4 2372 8152 7371
15522 2 2 0 4 7752 8328 4357
15523 2 2 0 4 7873 8132 5655
15524 2 2 0 4 5660 8226 5657
15525 2 2 0 4 7336 8505 5580
15526 2 2 0 4 7603 8082 6753
15527 2 2 0 4 4543 7560 4451
15528 2 2 0 4 5349 7562 4289
15529 2 2 0 4 6115 6489 3886
15530 2 2 0 4 3264 8039 3194
15531 2 2 0 4 1864 8141 6750
15532 2 2 0 4 7539 8597 4485
15533 2 2 0 4 7693 8671 5506
15534 2 2 0 4 4581 7995 4018
15535 2 2 0 4 1907 8016 25
15536 2 2 0 4 4587 8693 7412
15537 2 2 0 4 5274 8017 5277
15538 2 2 0 4 5155 8019 6801
15539 2 2 0 4 2481 8582 7844
15540 2 2 0 4 1923 8493 6238
15541 2 2 0 4 7446 8104 5660
15542 2 2 0 4 6474 8227 6475
15543 2 2 0 4 8347 8710 6761
15544 2 2 0 4 7562 8419 4471
15545 2 2 0 4 3656 8640 5946
15546 2 2 0 4 7428 8186 5351
15547 2 2 0 4 5439 8073 5008
15548 2 2 0 4 5480 7431 4634
15549 2 2 0 4 7809 8304 120
15550 2 2 0 4 7320 7980 2414
15551 2 2 0 4 7761 8280 4494
15552 2 2 0 4 6122 8321 2358
15553 2 2 0 4 5468 8265 5470
15554 2 2 0 4 6203 8392 3897
15555 2 2 0 4 2273 7942 2349
15556 2 2 0 4 7382 7383 2379
15557 2 2 0 4 7666 8267 4583
15558 2 2 0 4 6120 7949 3925
15559 2 2 0 4 6384 6385 4418
15560 2 2 0 4 4688 7706 4411
15561 2 2 0 4 4414 6426 4415
15562 2 2 0 4 4730 7707 6426
15563 2 2 0 4 4731 6468 4730
15564 2 2 0 4 4928 6468 4731
15565 2 2 0 4 4414 4415 4413
15566 2 2 0 4 4413 4688 4411
15567 2 2 0 4 5595 5596 4066
15568 2 2 0 4 2652 2654 2653
15569 2 2 0 4 2649 3638 2652
15570 2 2 0 4 4373 8629 7866
15571 2 2 0 4 3583 3600 3399
15572 2 2 0 4 2646 7703 2649
15573 2 2 0 4 4697 5101 4658
15574 2 2 0 4 5449 5861 5860
15575 2 2 0 4 3467 3468 3451
15576 2 2 0 4 4117 8668 4420
15577 2 2 0 4 5158 8037 5161
15578 2 2 0 4 1863 8317 6873
15579 2 2 0 4 6361 8622 7349
15580 2 2 0 4 5272 7671 7670
15581 2 2 0 4 3117 8439 3294
15582 2 2 0 4 5308 8023 5306
15583 2 2 0 4 7990 8190 2484
15584 2 2 0 4 2415 8627 7758
15585 2 2 0 4 2645 2647 2646
15586 2 2 0 4 8038 8233 5411
15587 2 2 0 4 4052 7991 4611
15588 2 2 0 4 2420 8649 7679
15589 2 2 0 4 7503 8464 2091
15590 2 2 0 4 6145 7724 6142
15591 2 2 0 4 6536 8317 7829
15592 2 2 0 4 3610 4290 3609
15593 2 2 0 4 2412 2452 2411
15594 2 2 0 4 6279 7713 5191
15595 2 2 0 4 181 8354 7815
15596 2 2 0 4 4722 8027 7748
15597 2 2 0 4 7743 8048 3887
15598 2 2 0 4 7487 8343 3969
15599 2 2 0 4 5343 7600 5338
15600 2 2 0 4 4383 5509 3790
15601 2 2 0 4 3109 4596 3461
15602 2 2 0 4 7755 8632 5501
15603 2 2 0 4 2600 2602 2601
15604 2 2 0 4 3624 3625 3623
15605 2 2 0 4 2111 2299 2112
15606 2 2 0 4 5036 5106 5037
15607 2 2 0 4 4574 4941 4575
15608 2 2 0 4 1943 1945 1944
15609 2 2 0 4 4420 5306 4419
15610 2 2 0 4 3290 3570 3387
15611 2 2 0 4 3745 3746 3062
15612 2 2 0 4 3853 4043 4042
15613 2 2 0 4 2166 2180 2110
15614 2 2 0 4 2493 2495 2494
15615 2 2 0 4 2593 2594 2592
15616 2 2 0 4 2557 2576 2558
15617 2 2 0 4 4289 4319 4288
15618 2 2 0 4 4119 4933 3761
15619 2 2 0 4 4087 5062 4943
15620 2 2 0 4 3057 3060 3056
15621 2 2 0 4 4395 5006 4396
15622 2 2 0 4 4918 4981 4917
15623 2 2 0 4 4623 4722 4624
15624 2 2 0 4 2547 2549 2546
15625 2 2 0 4 4135 4401 4134
15626 2 2 0 4 2231 2234 2232
15627 2 2 0 4 3133 3139 3134
15628 2 2 0 4 2012 2013 2011
15629 2 2 0 4 2479 2559 2427
15630 2 2 0 4 4368 5056 4367
15631 2 2 0 4 3632 4400 4332
15632 2 2 0 4 3754 3756 3753
15633 2 2 0 4 2608 2610 2609
15634 2 2 0 4 2311 6141 2310
15635 2 2 0 4 4472 4473 3951
15636 2 2 0 4 2626 2941 2625
15637 2 2 0 4 2618 2619 2617
15638 2 2 0 4 4629 5145 5144
15639 2 2 0 4 3642 4065 3406
15640 2 2 0 4 3911 3954 3953
15641 2 2 0 4 4451 4452 3776
15642 2 2 0 4 3612 5048 3613
15643 2 2 0 4 4652 4666 4653
15644 2 2 0 4 4669 5147 4668
15645 2 2 0 4 2597 2598 2584
15646 2 2 0 4 4642 5109 5108
15647 2 2 0 4 4108 4690 4109
15648 2 2 0 4 3898 3900 3899
15649 2 2 0 4 3381 3382 3295
15650 2 2 0 4 3265 3268 3267
15651 2 2 0 4 1968 1971 1967
15652 2 2 0 4 3637 4631 4068
15653 2 2 0 4 1949 1951 1950
15654 2 2 0 4 4633 5002 4591
15655 2 2 0 4 4051 4541 4050
15656 2 2 0 4 3164 3316 3159
15657 2 2 0 4 4372 4378 4102
15658 2 2 0 4 4729 7994 4061
15659 2 2 0 4 7444 7624 5165
15660 2 2 0 4 8051 8451 6525
15661 2 2 0 4 6862 8700 8268
15662 2 2 0 4 1994 8043 359
15663 2 2 0 4 5390 8577 5387
15664 2 2 0 4 6116 8673 2348
15665 2 2 0 4 7562 8625 5013
15666 2 2 0 4 6505 8054 6507
15667 2 2 0 4 1911 8408 7863
15668 2 2 0 4 7466 8316 5667
15669 2 2 0 4 2685 8055 2683
15670 2 2 0 4 5363 7604 7445
15671 2 2 0 4 4630 8052 5169
15672 2 2 0 4 7905 8159 5626
15673 2 2 0 4 7672 7673 2142
15674 2 2 0 4 5110 7896 7482
15675 2 2 0 4 3035 8636 3033
15676 2 2 0 4 7593 8300 7594
15677 2 2 0 4 6409 8135 5537
15678 2 2 0 4 7606 7796 5431
15679 2 2 0 4 6549 8061 6485
15680 2 2 0 4 5575 8324 5550
15681 2 2 0 4 5661 8448 8225
15682 2 2 0 4 6236 8663 4667
15683 2 2 0 4 1996 8057 364
15684 2 2 0 4 4905 8691 6051
15685 2 2 0 4 8068 8594 5134
15686 2 2 0 4 6291 8372 6290
15687 2 2 0 4 6623 8604 8165
15688 2 2 0 4 3894 7433 4646
15689 2 2 0 4 6303 6304 5938
15690 2 2 0 4 5857 7956 4616
15691 2 2 0 4 8009 8519 6866
15692 2 2 0 4 1879 8070 161
15693 2 2 0 4 8087 8462 6102
15694 2 2 0 4 8231 8526 3868
15695 2 2 0 4 5553 8307 7834
15696 2 2 0 4 7309 8447 3367
15697 2 2 0 4 5076 7982 7666
15698 2 2 0 4 2572 8647 7661
15699 2 2 0 4 7559 8495 5639
15700 2 2 0 4 4089 7626 3819
15701 2 2 0 4 7840 8397 6688
15702 2 2 0 4 5528 8408 6863
15703 2 2 0 4 5279 7734 5959
15704 2 2 0 4 27 8076 26
15705 2 2 0 4 7977 8161 6223
15706 2 2 0 4 8053 8307 5554
15707 2 2 0 4 8420 8696 6101
15708 2 2 0 4 7437 7937 4649
15709 2 2 0 4 5054 7827 5527
15710 2 2 0 4 6753 8082 1861
15711 2 2 0 4 5105 8373 6267
15712 2 2 0 4 7947 8531 5297
15713 2 2 0 4 2408 8254 7701
15714 2 2 0 4 6149 8659 5511
15715 2 2 0 4 4358 7949 6120
15716 2 2 0 4 7864 8347 6762
15717 2 2 0 4 1964 8069 1962
15718 2 2 0 4 8114 8330 4242
15719 2 2 0 4 6447 8664 2535
15720 2 2 0 4 4704 7746 4705
15721 2 2 0 4 2605 8083 2603
15722 2 2 0 4 6022 8086 5095
15723 2 2 0 4 5069 7766 5591
15724 2 2 0 4 5105 8189 5103
15725 2 2 0 4 7534 8528 3945
15726 2 2 0 4 6395 8429 6396
15727 2 2 0 4 6346 8521 2054
15728 2 2 0 4 8102 8581 3744
15729 2 2 0 4 6311 8570 2246
15730 2 2 0 4 5282 8087 5281
15731 2 2 0 4 5167 8042 4466
15732 2 2 0 4 7094 8089 4870
15733 2 2 0 4 5177 8584 6244
15734 2 2 0 4 6211 6212 3059
15735 2 2 0 4 6841 8092 6534
15736 2 2 0 4 5496 8431 6207
15737 2 2 0 4 7763 8636 3743
15738 2 2 0 4 3399 7749 3400
15739 2 2 0 4 7653 8507 5296
15740 2 2 0 4 5602 8712 6294
15741 2 2 0 4 2479 8038 5411
15742 2 2 0 4 5483 8196 5018
15743 2 2 0 4 5907 5908 2884
15744 2 2 0 4 4040 5910 5909
15745 2 2 0 4 5712 7771 7744
15746 2 2 0 4 6252 8310 5599
15747 2 2 0 4 270 8094 271
15748 2 2 0 4 7254 8097 6153
15749 2 2 0 4 6233 7756 5272
15750 2 2 0 4 7528 8298 6377
15751 2 2 0 4 4628 8099 4617
15752 2 2 0 4 7858 8513 5516
15753 2 2 0 4 2057 8100 6286
15754 2 2 0 4 7797 7986 2337
15755 2 2 0 4 2247 8537 6239
15756 2 2 0 4 6932 8709 3046
15757 2 2 0 4 4982 8107 7623
15758 2 2 0 4 6156 8334 2188
15759 2 2 0 4 77 8103 76
15760 2 2 0 4 1957 8371 7492
15761 2 2 0 4 4470 8447 8096
15762 2 2 0 4 7595 7900 6180
15763 2 2 0 4 6207 8603 5496
15764 2 2 0 4 3758 8136 3574
15765 2 2 0 4 4621 7739 4620
15766 2 2 0 4 7565 8457 6146
15767 2 2 0 4 2570 8439 3117
15768 2 2 0 4 2362 8241 2408
15769 2 2 0 4 5614 7937 7437
15770 2 2 0 4 3091 8138 3086
15771 2 2 0 4 5125 8692 6160
15772 2 2 0 4 1857 8227 7690
15773 2 2 0 4 7405 8609 5863
15774 2 2 0 4 5805 8114 5318
15775 2 2 0 4 149 8115 148
15776 2 2 0 4 6775 8116 6774
15777 2 2 0 4 5806 8588 8248
15778 2 2 0 4 2407 8521 6346
15779 2 2 0 4 4565 7851 7590
15780 2 2 0 4 424 8113 425
15781 2 2 0 4 6072 8545 7489
15782 2 2 0 4 3096 7727 3095
15783 2 2 0 4 7688 7907 6096
15784 2 2 0 4 8231 8232 5439
15785 2 2 0 4 1890 8619 8350
15786 2 2 0 4 4418 8569 7984
15787 2 2 0 4 7523 8296 2921
15788 2 2 0 4 7530 8260 4545
15789 2 2 0 4 5644 8706 5645
15790 2 2 0 4 2733 8531 8325
15791 2 2 0 4 3675 7921 3706
15792 2 2 0 4 6196 8519 6197
15793 2 2 0 4 8369 8496 5096
15794 2 2 0 4 5611 8118 7965
15795 2 2 0 4 5931 8667 5739
15796 2 2 0 4 2547 8303 5939
15797 2 2 0 4 5775 8520 5776
15798 2 2 0 4 5715 8258 5787
15799 2 2 0 4 6384 7394 6385
15800 2 2 0 4 6426 6427 4415
15801 2 2 0 4 4697 5465 5101
15802 2 2 0 4 3467 3469 3468
15803 2 2 0 4 5858 8391 7750
15804 2 2 0 4 2173 8479 2179
15805 2 2 0 4 5276 8449 7884
15806 2 2 0 4 5645 8707 8245
15807 2 2 0 4 8134 8240 5149
15808 2 2 0 4 6237 8543 7423
15809 2 2 0 4 1934 8335 7467
15810 2 2 0 4 7649 7861 5040
15811 2 2 0 4 6152 8131 5317
15812 2 2 0 4 4344 7879 7578
15813 2 2 0 4 3632 7782 4400
15814 2 2 0 4 6779 8598 1933
15815 2 2 0 4 3109 7783 4596
15816 2 2 0 4 7870 8352 1889
15817 2 2 0 4 4941 8586 8313
15818 2 2 0 4 2012 7920 2014
15819 2 2 0 4 2417 8200 6062
15820 2 2 0 4 5890 8075 5184
15821 2 2 0 4 3086 8138 3082
15822 2 2 0 4 8205 8206 5058
15823 2 2 0 4 6149 8702 8659
15824 2 2 0 4 5541 8406 6169
15825 2 2 0 4 5314 8141 5315
15826 2 2 0 4 6386 8142 6387
15827 2 2 0 4 7409 8091 3926
15828 2 2 0 4 142 8145 141
15829 2 2 0 4 5309 8144 6162
15830 2 2 0 4 5994 8288 5995
15831 2 2 0 4 8355 8693 5920
15832 2 2 0 4 5565 8693 8355
15833 2 2 0 4 7454 8025 3940
15834 2 2 0 4 2480 7654 5750
15835 2 2 0 4 4421 8385 6164
15836 2 2 0 4 5035 8149 5611
15837 2 2 0 4 6370 8157 2454
15838 2 2 0 4 7366 8434 7868
15839 2 2 0 4 6226 7826 3266
15840 2 2 0 4 5907 8181 5908
15841 2 2 0 4 5512 8647 8184
15842 2 2 0 4 3014 8106 4094
15843 2 2 0 4 5524 8655 7445
15844 2 2 0 4 3002 8154 2999
15845 2 2 0 4 5102 8182 4548
15846 2 2 0 4 6526 8153 6527
15847 2 2 0 4 5179 8437 7938
15848 2 2 0 4 6042 8169 6044
15849 2 2 0 4 3188 7765 4283
15850 2 2 0 4 7768 8365 4608
15851 2 2 0 4 6879 8156 6880
15852 2 2 0 4 7757 8568 5827
15853 2 2 0 4 1958 7831 1947
15854 2 2 0 4 2815 8015 8000
15855 2 2 0 4 8000 8015 5447
15856 2 2 0 4 7622 8131 6152
15857 2 2 0 4 5091 7862 7719
15858 2 2 0 4 2979 7902 2956
15859 2 2 0 4 5620 6352 5087
15860 2 2 0 4 5874 7903 4948
15861 2 2 0 4 3184 7765 3185
15862 2 2 0 4 7475 7680 2573
15863 2 2 0 4 7936 8516 4782
15864 2 2 0 4 1877 8711 6568
15865 2 2 0 4 6876 8165 1867
15866 2 2 0 4 5738 7634 4653
15867 2 2 0 4 2096 8716 7408
15868 2 2 0 4 2052 8187 2414
15869 2 2 0 4 2383 8532 6156
15870 2 2 0 4 4030 8202 4481
15871 2 2 0 4 3007 6296 3003
15872 2 2 0 4 3742 7919 3784
15873 2 2 0 4 2266 8435 2265
15874 2 2 0 4 4627 8268 6901
15875 2 2 0 4 4926 7929 7398
15876 2 2 0 4 361 8167 1966
15877 2 2 0 4 5101 7548 4658
15878 2 2 0 4 5740 8716 8120
15879 2 2 0 4 5905 7892 1970
15880 2 2 0 4 7695 8299 2064
15881 2 2 0 4 1969 8539 8069
15882 2 2 0 4 6461 8556 7143
15883 2 2 0 4 5192 8162 7677
15884 2 2 0 4 2193 7997 5590
15885 2 2 0 4 4710 7662 4484
15886 2 2 0 4 6847 8081 7449
15887 2 2 0 4 7500 7846 3099
15888 2 2 0 4 6748 8175 1877
15889 2 2 0 4 5059 8559 7635
15890 2 2 0 4 3654 8033 3652
15891 2 2 0 4 6558 8179 6559
15892 2 2 0 4 6210 8511 8146
15893 2 2 0 4 1983 8032 1987
15894 2 2 0 4 7490 8557 5872
15895 2 2 0 4 2089 8030 2172
15896 2 2 0 4 5175 7727 3461
15897 2 2 0 4 4016 7995 4692
15898 2 2 0 4 2395 8010 2167
15899 2 2 0 4 3016 8250 3019
15900 2 2 0 4 5593 8634 5309
15901 2 2 0 4 5343 8062 7600
15902 2 2 0 4 3178 7913 3179
15903 2 2 0 4 6878 8183 1880
15904 2 2 0 4 2509 8483 2510
15905 2 2 0 4 2378 8454 8346
15906 2 2 0 4 6539 8009 7585
15907 2 2 0 4 5913 7925 4542
15908 2 2 0 4 5584 8543 6237
15909 2 2 0 4 2150 8287 2152
15910 2 2 0 4 7650 8159 7651
15911 2 2 0 4 5346 8499 5553
15912 2 2 0 4 5155 8493 8019
15913 2 2 0 4 5178 8117 7427
15914 2 2 0 4 6139 8297 2341
15915 2 2 0 4 2601 7772 2599
15916 2 2 0 4 3432 8181 5907
15917 2 2 0 4 253 8193 254
15918 2 2 0 4 6568 8711 6567
15919 2 2 0 4 5777 8520 5775
15920 2 2 0 4 5876 7827 5054
15921 2 2 0 4 5653 8212 5608
15922 2 2 0 4 5595 7739 5596
15923 2 2 0 4 2006 8199 2008
15924 2 2 0 4 2021 8201 2010
15925 2 2 0 4 7505 8018 5749
15926 2 2 0 4 2313 8504 6177
15927 2 2 0 4 366 8195 1834
15928 2 2 0 4 8165 8604 1867
15929 2 2 0 4 3895 7957 3892
15930 2 2 0 4 5145 8380 5144
15931 2 2 0 4 5701 8458 7533
15932 2 2 0 4 5748 8652 8193
15933 2 2 0 4 3386 7927 5949
15934 2 2 0 4 7837 8477 7875
15935 2 2 0 4 4603 8465 3329
15936 2 2 0 4 6774 8116 7612
15937 2 2 0 4 2032 8022 2034
15938 2 2 0 4 5496 8204 7882
15939 2 2 0 4 5785 8663 8173
15940 2 2 0 4 8173 8663 5784
15941 2 2 0 4 2664 8387 2660
15942 2 2 0 4 4586 8555 4348
15943 2 2 0 4 5681 8209 5508
15944 2 2 0 4 1973 8210 6004
15945 2 2 0 4 6427 8648 8628
15946 2 2 0 4 3074 8024 3073
15947 2 2 0 4 3940 8025 3941
15948 2 2 0 4 4672 8404 4071
15949 2 2 0 4 7963 8460 2449
15950 2 2 0 4 2575 8246 2562
15951 2 2 0 4 2011 8119 2022
15952 2 2 0 4 5510 8405 8256
15953 2 2 0 4 2596 8414 5336
15954 2 2 0 4 5073 8215 7099
15955 2 2 0 4 3859 8667 3858
15956 2 2 0 4 5488 8212 5504
15957 2 2 0 4 7802 8214 5348
15958 2 2 0 4 7590 8160 3645
15959 2 2 0 4 7592 8665 3306
15960 2 2 0 4 2531 8592 8475
15961 2 2 0 4 5911 6359 4438
15962 2 2 0 4 7313 8151 8137
15963 2 2 0 4 5336 8414 5340
15964 2 2 0 4 3256 8427 3277
15965 2 2 0 4 7854 7855 5022
15966 2 2 0 4 6770 8227 1857
15967 2 2 0 4 5060 8058 7497
15968 2 2 0 4 7778 8244 1900
15969 2 2 0 4 7572 7891 5378
15970 2 2 0 4 6567 8711 5467
15971 2 2 0 4 5546 8430 5545
15972 2 2 0 4 5576 8255 6334
15973 2 2 0 4 340 8223 341
15974 2 2 0 4 2562 8442 2560
15975 2 2 0 4 8005 8522 5354
15976 2 2 0 4 7506 8051 6524
15977 2 2 0 4 8237 8523 2307
15978 2 2 0 4 5396 7699 5395
15979 2 2 0 4 7536 8337 107
15980 2 2 0 4 7535 8336 156
15981 2 2 0 4 7452 8216 5731
15982 2 2 0 4 8082 8556 1861
15983 2 2 0 4 7806 8020 1841
15984 2 2 0 4 4544 8066 7572
15985 2 2 0 4 7572 8066 5176
15986 2 2 0 4 7466 8294 7323
15987 2 2 0 4 2383 8476 2302
15988 2 2 0 4 5411 8233 7380
15989 2 2 0 4 2200 8059 2082
15990 2 2 0 4 8239 8289 1959
15991 2 2 0 4 5092 8606 7496
15992 2 2 0 4 2084 8059 2201
15993 2 2 0 4 2306 8517 7383
15994 2 2 0 4 4917 7670 3195
15995 2 2 0 4 3573 8651 3409
15996 2 2 0 4 6867 8437 1866
15997 2 2 0 4 5063 8018 7950
15998 2 2 0 4 5883 8106 2436
15999 2 2 0 4 1900 8244 6747
16000 2 2 0 4 2541 7835 6949
16001 2 2 0 4 6841 8608 8092
16002 2 2 0 4 8089 8674 4870
16003 2 2 0 4 3029 8247 3032
16004 2 2 0 4 3590 8248 4329
16005 2 2 0 4 3897 8392 5774
16006 2 2 0 4 8023 8385 5306
16007 2 2 0 4 7575 8713 6258
16008 2 2 0 4 5606 7891 6113
16009 2 2 0 4 4005 7946 4007
16010 2 2 0 4 5946 8640 7573
16011 2 2 0 4 6756 8493 1923
16012 2 2 0 4 2165 8394 2303
16013 2 2 0 4 5023 8134 5149
16014 2 2 0 4 7496 8275 6130
16015 2 2 0 4 5451 8589 7397
16016 2 2 0 4 4437 8653 7437
16017 2 2 0 4 5510 8256 6149
16018 2 2 0 4 5396 8344 7699
16019 2 2 0 4 4354 8266 4546
16020 2 2 0 4 4036 7764 4034
16021 2 2 0 4 3892 7957 3913
16022 2 2 0 4 7639 8694 3706
16023 2 2 0 4 6143 8257 6144
16024 2 2 0 4 6266 7718 5101
16025 2 2 0 4 7548 7718 5182
16026 2 2 0 4 4059 8560 7992
16027 2 2 0 4 3052 8250 3016
16028 2 2 0 4 3137 8252 5083
16029 2 2 0 4 5478 8578 5476
16030 2 2 0 4 5419 8263 7112
16031 2 2 0 4 2362 8425 7819
16032 2 2 0 4 2549 8328 2546
16033 2 2 0 4 5028 8599 6988
16034 2 2 0 4 3655 8640 3656
16035 2 2 0 4 6862 8268 6861
16036 2 2 0 4 4066 7887 3583
16037 2 2 0 4 5703 8460 5433
16038 2 2 0 4 6201 8280 6131
16039 2 2 0 4 5436 7900 5605
16040 2 2 0 4 6541 8293 6517
16041 2 2 0 4 2593 8547 3878
16042 2 2 0 4 71 8600 6366
16043 2 2 0 4 3224 7854 7398
16044 2 2 0 4 4639 8274 3162
16045 2 2 0 4 2733 8325 7696
16046 2 2 0 4 31 8275 30
16047 2 2 0 4 7454 8316 3949
16048 2 2 0 4 2095 8454 2378
16049 2 2 0 4 5383 8277 5382
16050 2 2 0 4 3041 8161 7977
16051 2 2 0 4 3949 8316 7985
16052 2 2 0 4 6282 7973 4134
16053 2 2 0 4 7495 8239 8238
16054 2 2 0 4 6244 8596 6436
16055 2 2 0 4 6393 8372 6291
16056 2 2 0 4 5421 8181 7712
16057 2 2 0 4 5506 8163 7693
16058 2 2 0 4 5636 8329 3017
16059 2 2 0 4 3860 8524 8388
16060 2 2 0 4 7685 7686 5093
16061 2 2 0 4 2049 8237 2307
16062 2 2 0 4 7445 7866 5524
16063 2 2 0 4 7942 8192 2349
16064 2 2 0 4 7435 8195 5826
16065 2 2 0 4 1834 8195 7435
16066 2 2 0 4 5754 8695 5143
16067 2 2 0 4 5529 8408 5528
16068 2 2 0 4 6160 8692 5906
16069 2 2 0 4 1840 8285 213
16070 2 2 0 4 5671 8658 6313
16071 2 2 0 4 5428 8560 4059
16072 2 2 0 4 6859 8295 7792
16073 2 2 0 4 5624 8320 5323
16074 2 2 0 4 6874 8292 1904
16075 2 2 0 4 5436 8411 7900
16076 2 2 0 4 2956 7902 2960
16077 2 2 0 4 4597 8672 6121
16078 2 2 0 4 1909 8295 6859
16079 2 2 0 4 3032 8247 7909
16080 2 2 0 4 2036 8120 2035
16081 2 2 0 4 5471 8306 5538
16082 2 2 0 4 3959 8036 3957
16083 2 2 0 4 6889 8330 5229
16084 2 2 0 4 5111 8301 5814
16085 2 2 0 4 5834 8635 5452
16086 2 2 0 4 120 8304 119
16087 2 2 0 4 1849 8389 7878
16088 2 2 0 4 3008 8509 6007
16089 2 2 0 4 4950 8353 4386
16090 2 2 0 4 6337 8631 5328
16091 2 2 0 4 8183 8720 1880
16092 2 2 0 4 5440 7993 7510
16093 2 2 0 4 7732 7801 5271
16094 2 2 0 4 4975 8310 6252
16095 2 2 0 4 6258 8713 5365
16096 2 2 0 4 2395 8633 7596
16097 2 2 0 4 5537 7967 6409
16098 2 2 0 4 5929 8331 5926
16099 2 2 0 4 5820 8213 5330
16100 2 2 0 4 6535 8317 6536
16101 2 2 0 4 2751 8502 6332
16102 2 2 0 4 4608 8587 7341
16103 2 2 0 4 5045 7846 7500
16104 2 2 0 4 5000 8597 5001
16105 2 2 0 4 5834 8698 8635
16106 2 2 0 4 5148 8319 6915
16107 2 2 0 4 6768 8320 1929
16108 2 2 0 4 5719 7757 5356
16109 2 2 0 4 5087 8322 4684
16110 2 2 0 4 2452 8334 2411
16111 2 2 0 4 1919 8323 6749
16112 2 2 0 4 1935 8348 9
16113 2 2 0 4 2113 8377 2381
16114 2 2 0 4 1915 8324 6870
16115 2 2 0 4 8278 8345 6092
16116 2 2 0 4 7382 8345 8278
16117 2 2 0 4 5661 8104 7529
16118 2 2 0 4 6412 7960 7588
16119 2 2 0 4 2050 7803 2431
16120 2 2 0 4 7600 8029 5334
16121 2 2 0 4 8075 8677 5184
16122 2 2 0 4 3908 8135 8073
16123 2 2 0 4 5030 8325 5952
16124 2 2 0 4 7413 8544 4037
16125 2 2 0 4 5503 8637 6341
16126 2 2 0 4 155 8336 1937
16127 2 2 0 4 204 8335 1934
16128 2 2 0 4 57 8337 1936
16129 2 2 0 4 4924 8284 8276
16130 2 2 0 4 3294 8439 7614
16131 2 2 0 4 5359 8041 7604
16132 2 2 0 4 4941 8313 5675
16133 2 2 0 4 3496 8339 6944
16134 2 2 0 4 7715 8623 3186
16135 2 2 0 4 2991 8085 2993
16136 2 2 0 4 6020 8369 6021
16137 2 2 0 4 6134 8417 5305
16138 2 2 0 4 3826 8662 4317
16139 2 2 0 4 6372 8203 3095
16140 2 2 0 4 5195 8086 7566
16141 2 2 0 4 279 8341 280
16142 2 2 0 4 8239 8557 8289
16143 2 2 0 4 6319 8475 5485
16144 2 2 0 4 6762 8347 6760
16145 2 2 0 4 2426 8611 7319
16146 2 2 0 4 5381 8631 5379
16147 2 2 0 4 7316 7334 4960
16148 2 2 0 4 7402 7952 4332
16149 2 2 0 4 1889 8352 152
16150 2 2 0 4 6211 8698 5834
16151 2 2 0 4 8071 8344 7274
16152 2 2 0 4 2443 8523 6277
16153 2 2 0 4 182 8354 181
16154 2 2 0 4 8016 8705 5566
16155 2 2 0 4 3452 8702 3331
16156 2 2 0 4 8148 8182 5102
16157 2 2 0 4 1959 8289 5711
16158 2 2 0 4 2147 8453 2150
16159 2 2 0 4 7613 8049 2158
16160 2 2 0 4 5229 8418 3499
16161 2 2 0 4 4338 8363 6560
16162 2 2 0 4 7494 8338 7493
16163 2 2 0 4 7493 8338 7839
16164 2 2 0 4 7985 8316 7466
16165 2 2 0 4 2150 8453 5638
16166 2 2 0 4 5184 8677 4015
16167 2 2 0 4 4598 8676 4923
16168 2 2 0 4 2331 8056 2165
16169 2 2 0 4 5896 8367 5484
16170 2 2 0 4 4994 8370 4572
16171 2 2 0 4 5303 8189 7350
16172 2 2 0 4 4111 8424 2674
16173 2 2 0 4 2245 8360 420
16174 2 2 0 4 3032 7909 3034
16175 2 2 0 4 6314 8392 6203
16176 2 2 0 4 4423 8379 4587
16177 2 2 0 4 6214 6215 4545
16178 2 2 0 4 6165 7930 5012
16179 2 2 0 4 5453 8386 7034
16180 2 2 0 4 5408 8383 8126
16181 2 2 0 4 6777 8389 1849
16182 2 2 0 4 5424 8410 5422
16183 2 2 0 4 5137 8544 7413
16184 2 2 0 4 7877 8208 8105
16185 2 2 0 4 5533 8705 7488
16186 2 2 0 4 7743 8191 5424
16187 2 2 0 4 5827 8568 4950
16188 2 2 0 4 5144 7860 7640
16189 2 2 0 4 6688 8397 7213
16190 2 2 0 4 6296 7770 3003
16191 2 2 0 4 53 8400 52
16192 2 2 0 4 2993 7944 7616
16193 2 2 0 4 5300 8401 5298
16194 2 2 0 4 4069 8581 5141
16195 2 2 0 4 2103 8220 2105
16196 2 2 0 4 5372 8513 7386
16197 2 2 0 4 6863 8408 1911
16198 2 2 0 4 6245 8525 7327
16199 2 2 0 4 6267 8373 6268
16200 2 2 0 4 4316 8413 3525
16201 2 2 0 4 8330 8418 5229
16202 2 2 0 4 5128 8579 8529
16203 2 2 0 4 8529 8579 6000
16204 2 2 0 4 5806 8418 5805
16205 2 2 0 4 7494 8539 8338
16206 2 2 0 4 7406 8093 5083
16207 2 2 0 4 6622 8604 6623
16208 2 2 0 4 5547 8376 8005
16209 2 2 0 4 5306 8385 4419
16210 2 2 0 4 5170 8423 6228
16211 2 2 0 4 2110 8254 2309
16212 2 2 0 4 2998 8444 3781
16213 2 2 0 4 5354 8522 5355
16214 2 2 0 4 5992 8675 5882
16215 2 2 0 4 4706 8426 5595
16216 2 2 0 4 6943 8012 6941
16217 2 2 0 4 5986 8206 8205
16218 2 2 0 4 6698 8429 4337
16219 2 2 0 4 3759 8449 3758
16220 2 2 0 4 4922 8276 6288
16221 2 2 0 4 3696 8684 7924
16222 2 2 0 4 5554 8499 7346
16223 2 2 0 4 6163 8437 5179
16224 2 2 0 4 4059 7992 7481
16225 2 2 0 4 5425 8561 5426
16226 2 2 0 4 1908 8714 7804
16227 2 2 0 4 7974 8550 2304
16228 2 2 0 4 6082 8441 6084
16229 2 2 0 4 94 8443 93
16230 2 2 0 4 7729 8257 1969
16231 2 2 0 4 7564 8130 4995
16232 2 2 0 4 2738 8445 2732
16233 2 2 0 4 3673 7921 3675
16234 2 2 0 4 5805 8418 8330
16235 2 2 0 4 3546 7787 6932
16236 2 2 0 4 5485 8475 6318
16237 2 2 0 4 5564 8469 7945
16238 2 2 0 4 4708 8214 5477
16239 2 2 0 4 3561 7923 3395
16240 2 2 0 4 7633 8101 2406
16241 2 2 0 4 8438 8666 6181
16242 2 2 0 4 2386 8474 2197
16243 2 2 0 4 1936 8451 6865
16244 2 2 0 4 2302 8476 2186
16245 2 2 0 4 8223 8422 5777
16246 2 2 0 4 5426 7962 2552
16247 2 2 0 4 6835 8401 5300
16248 2 2 0 4 4038 8456 4041
16249 2 2 0 4 6269 8374 2578
16250 2 2 0 4 7793 7933 5672
16251 2 2 0 4 5296 8507 4398
16252 2 2 0 4 159 8462 1903
16253 2 2 0 4 6381 8470 1984
16254 2 2 0 4 3050 8472 3054
16255 2 2 0 4 7386 8513 1901
16256 2 2 0 4 7553 8363 6159
16257 2 2 0 4 5895 8678 6223
16258 2 2 0 4 2014 7920 2019
16259 2 2 0 4 2023 8633 7589
16260 2 2 0 4 4583 7734 7509
16261 2 2 0 4 7992 8560 6352
16262 2 2 0 4 6173 7902 6171
16263 2 2 0 4 8004 8005 5354
16264 2 2 0 4 3817 8005 8004
16265 2 2 0 4 2274 8563 5676
16266 2 2 0 4 4421 8229 7457
16267 2 2 0 4 2498 8489 2500
16268 2 2 0 4 4064 8590 3961
16269 2 2 0 4 4317 8510 3772
16270 2 2 0 4 6238 8493 5155
16271 2 2 0 4 8376 8522 8005
16272 2 2 0 4 7650 8217 4600
16273 2 2 0 4 5904 8217 7650
16274 2 2 0 4 2280 8371 1960
16275 2 2 0 4 2477 8065 2297
16276 2 2 0 4 5587 8074 8007
16277 2 2 0 4 1873 8669 8131
16278 2 2 0 4 3078 8471 6094
16279 2 2 0 4 6314 8672 8392
16280 2 2 0 4 6426 7707 6427
16281 2 2 0 4 2996 7795 3391
16282 2 2 0 4 8276 8284 6194
16283 2 2 0 4 7803 8681 2431
16284 2 2 0 4 5276 6344 4655
16285 2 2 0 4 7596 8633 2023
16286 2 2 0 4 1924 8508 6758
16287 2 2 0 4 5930 8512 5929
16288 2 2 0 4 2588 8243 7429
16289 2 2 0 4 7783 8368 5174
16290 2 2 0 4 7482 8571 6224
16291 2 2 0 4 5782 8653 4437
16292 2 2 0 4 5693 8660 8021
16293 2 2 0 4 5538 8246 5851
16294 2 2 0 4 5915 8351 4924
16295 2 2 0 4 4782 8516 6716
16296 2 2 0 4 8238 8239 1959
16297 2 2 0 4 7998 8479 2317
16298 2 2 0 4 6866 8519 1888
16299 2 2 0 4 5844 8612 5371
16300 2 2 0 4 5583 8615 5585
16301 2 2 0 4 7644 8700 6862
16302 2 2 0 4 5507 8534 6550
16303 2 2 0 4 3992 8421 3994
16304 2 2 0 4 6427 8628 6428
16305 2 2 0 4 1970 8540 1965
16306 2 2 0 4 5565 8469 5564
16307 2 2 0 4 5924 8490 7576
16308 2 2 0 4 2065 8378 2074
16309 2 2 0 4 5040 8482 7648
16310 2 2 0 4 3997 8498 3999
16311 2 2 0 4 3601 8553 3380
16312 2 2 0 4 1861 8556 6752
16313 2 2 0 4 4688 8108 7449
16314 2 2 0 4 6852 8558 1876
16315 2 2 0 4 7571 8686 5885
16316 2 2 0 4 5889 7925 5890
16317 2 2 0 4 4600 8217 4599
16318 2 2 0 4 5071 7893 5072
16319 2 2 0 4 4966 8527 5562
16320 2 2 0 4 6121 8672 6314
16321 2 2 0 4 5127 8580 5129
16322 2 2 0 4 5831 8715 7674
16323 2 2 0 4 7111 8574 4992
16324 2 2 0 4 3174 8616 3170
16325 2 2 0 4 5303 8148 5102
16326 2 2 0 4 430 8554 3008
16327 2 2 0 4 4383 8405 5510
16328 2 2 0 4 6261 8356 6350
16329 2 2 0 4 5930 8656 8512
16330 2 2 0 4 7821 8643 2370
16331 2 2 0 4 6146 8312 6145
16332 2 2 0 4 2372 8643 8152
16333 2 2 0 4 1867 8604 7439
16334 2 2 0 4 5936 8595 4962
16335 2 2 0 4 7349 7350 7348
16336 2 2 0 4 5588 8607 7997
16337 2 2 0 4 5418 8185 8079
16338 2 2 0 4 2307 8542 7737
16339 2 2 0 4 5134 8594 5136
16340 2 2 0 4 3099 8180 7500
16341 2 2 0 4 2168 8602 2127
16342 2 2 0 4 72 8600 71
16343 2 2 0 4 3881 8601 3889
16344 2 2 0 4 1876 8558 8061
16345 2 2 0 4 5765 8344 8071
16346 2 2 0 4 6839 8608 6841
16347 2 2 0 4 3878 8547 3919
16348 2 2 0 4 5665 8316 7454
16349 2 2 0 4 5433 8460 7820
16350 2 2 0 4 3312 8679 3310
16351 2 2 0 4 5763 8725 5761
16352 2 2 0 4 3453 8262 3452
16353 2 2 0 4 5808 8243 7505
16354 2 2 0 4 8635 8698 4712
16355 2 2 0 4 2424 8626 2283
16356 2 2 0 4 4974 8628 6804
16357 2 2 0 4 4600 8159 7650
16358 2 2 0 4 5631 8251 6310
16359 2 2 0 4 2100 2444 2097
16360 2 2 0 4 2346 2420 2419
16361 2 2 0 4 2119 2120 2117
16362 2 2 0 4 4072 4076 4075
16363 2 2 0 4 5290 5802 5801
16364 2 2 0 4 5463 5464 4736
16365 2 2 0 4 2486 8190 5404
16366 2 2 0 4 8274 8571 3178
16367 2 2 0 4 8628 8648 6804
16368 2 2 0 4 3409 8651 3116
16369 2 2 0 4 6429 8318 4111
16370 2 2 0 4 5491 8635 4712
16371 2 2 0 4 4292 8290 8045
16372 2 2 0 4 214 8624 215
16373 2 2 0 4 4689 8646 3752
16374 2 2 0 4 2215 8649 2206
16375 2 2 0 4 6804 8648 2753
16376 2 2 0 4 6707 8650 5517
16377 2 2 0 4 5154 8642 6263
16378 2 2 0 4 4410 8654 4412
16379 2 2 0 4 6256 8656 5930
16380 2 2 0 4 2660 8387 2657
16381 2 2 0 4 6675 8140 7611
16382 2 2 0 4 6765 8669 1873
16383 2 2 0 4 2993 8085 7944
16384 2 2 0 4 6772 8670 1930
16385 2 2 0 4 4870 8674 7170
16386 2 2 0 4 7924 8684 5827
16387 2 2 0 4 2377 8681 2376
16388 2 2 0 4 4604 8538 6183
16389 2 2 0 4 6901 8700 5237
16390 2 2 0 4 1858 8701 32
16391 2 2 0 4 4395 7970 7372
16392 2 2 0 4 7059 8710 6697
16393 2 2 0 4 1982 7928 2214
16394 2 2 0 4 2152 8287 2161
16395 2 2 0 4 1880 8720 6877
16396 2 2 0 4 6497 8724 6498
16397 2 2 0 4 4712 8698 6210
16398 2 2 0 4 1951 8593 1953
16399 2 2 0 4 7411 8703 7376
16400 2 2 0 4 3282 3609 3280
16401 2 2 0 4 5189 7541 5838
16402 2 2 0 4 5853 8243 5808
16403 2 2 0 4 7388 8540 1970
16404 2 2 0 4 8177 8364 5600
16405 2 2 0 4 5929 8512 8413
16406 2 2 0 4 8021 8660 3907
16407 2 2 0 4 3158 8480 3262
16408 2 2 0 4 3961 3962 3959
16409 2 2 0 4 3094 3095 3092
16410 2 2 0 4 3381 8176 4566
16411 2 2 0 4 5821 8370 5713
16412 2 2 0 4 2410 2411 2385
16413 2 2 0 4 3870 8232 8231
16414 2 2 0 4 7751 8050 2658
16415 2 2 0 4 2385 8532 2383
16416 2 2 0 4 5882 6112 5680
16417 2 2 0 4 8073 8135 6410
16418 2 2 0 4 3896 8708 3895
16419 2 2 0 4 7823 8039 3264
16420 2 2 0 4 6033 8686 7571
16421 2 2 0 4 5093 7686 7646
16422 2 2 0 4 7393 8552 1837
16423 2 2 0 4 6113 7891 6115
16424 2 2 0 4 5498 8638 4575
16425 2 2 0 4 3265 8362 4609
16426 2 2 0 4 5087 8560 8322
16427 2 2 0 4 7433 7893 6293
16428 2 2 0 4 7459 8357 5280
16429 2 2 0 4 7750 8185 5418
16430 2 2 0 4 8152 8643 2164
16431 2 2 0 4 5863 8515 7405
16432 2 2 0 4 7405 8515 6830
16433 2 2 0 4 7649 8178 5555
16434 2 2 0 4 1936 8337 7536
16435 2 2 0 4 1937 8336 7535
16436 2 2 0 4 3185 3188 3187
16437 2 2 0 4 3112 3113 3110
16438 2 2 0 4 2431 8681 8187
16439 2 2 0 4 3635 3811 3633
16440 2 2 0 4 5370 7771 5843
16441 2 2 0 4 3092 8203 3091
16442 2 2 0 4 7755 8396 3795
16443 2 2 0 4 4993 8036 3962
16444 2 2 0 4 2348 8673 8358
16445 2 2 0 4 8358 8673 6013
16446 2 2 0 4 6131 8280 7761
16447 2 2 0 4 2076 8291 7708
16448 2 2 0 4 5736 8343 7487
16449 2 2 0 4 8091 8687 5056
16450 2 2 0 4 7439 8604 6622
16451 2 2 0 4 5288 8376 5547
16452 2 2 0 4 2359 8111 6371
16453 2 2 0 4 6306 7929 6307
16454 2 2 0 4 7553 8606 5092
16455 2 2 0 4 5301 8039 7823
16456 2 2 0 4 7438 8434 7366
16457 2 2 0 4 5540 8614 4352
16458 2 2 0 4 4040 5911 5910
16459 2 2 0 4 2368 7920 7363
16460 2 2 0 4 6428 8108 4415
16461 2 2 0 4 2560 8306 8305
16462 2 2 0 4 7586 8446 4458
16463 2 2 0 4 5846 5848 5847
16464 2 2 0 4 5912 7433 6293
16465 2 2 0 4 5426 8561 7799
16466 2 2 0 4 4663 8364 7470
16467 2 2 0 4 7579 7777 7602
16468 2 2 0 4 5494 7831 1958
16469 2 2 0 4 2350 8402 7458
16470 2 2 0 4 5033 7957 5036
16471 2 2 0 4 8592 8664 6318
16472 2 2 0 4 6352 8560 5087
16473 2 2 0 4 3957 8036 5901
16474 2 2 0 4 7657 8348 1935
16475 2 2 0 4 7879 8236 3755
16476 2 2 0 4 5157 7993 7443
16477 2 2 0 4 6217 6218 4333
16478 2 2 0 4 5776 6352 5620
16479 2 2 0 4 3018 6296 3007
16480 2 2 0 4 3784 7919 3788
16481 2 2 0 4 8148 8622 2526
16482 2 2 0 4 6317 6413 3946
16483 2 2 0 4 1949 7831 2301
16484 2 2 0 4 3970 6375 4108
16485 2 2 0 4 6372 8612 8203
16486 2 2 0 4 3179 7913 3182
16487 2 2 0 4 6316 6317 3946
16488 2 2 0 4 5044 7846 5045
16489 2 2 0 4 8325 8531 5952
16490 2 2 0 4 4660 6308 5027
16491 2 2 0 4 7460 8078 5333
16492 2 2 0 4 8361 8601 5780
16493 2 2 0 4 6320 8198 2527
16494 2 2 0 4 5138 7418 5140
16495 2 2 0 4 6343 6381 1979
16496 2 2 0 4 2584 7950 2580
16497 2 2 0 4 4379 7951 4676
16498 2 2 0 4 7504 8235 4543
16499 2 2 0 4 5072 5580 5579
16500 2 2 0 4 2371 2403 2364
16501 2 2 0 4 7713 8504 2315
16502 2 2 0 4 7945 7946 5941
16503 2 2 0 4 7569 8683 3894
16504 2 2 0 4 4615 7948 4359
16505 2 2 0 4 3921 7949 3920
16506 2 2 0 4 3788 3790 3789
16507 2 2 0 4 5721 7645 5329
16508 2 2 0 4 5678 8691 7537
16509 2 2 0 4 5749 7598 5556
16510 2 2 0 4 6344 7884 4662
16511 2 2 0 4 2219 8158 5980
16512 2 2 0 4 3182 3184 3183
16513 2 2 0 4 2657 8387 8144
16514 2 2 0 4 1975 6343 1979
16515 2 2 0 4 3102 3109 3101
16516 2 2 0 4 5610 8665 7592
16517 2 2 0 4 3319 7955 3320
16518 2 2 0 4 3918 7956 4336
16519 2 2 0 4 2372 5824 2371
16520 2 2 0 4 2475 8289 2474
16521 2 2 0 4 3662 4673 3660
16522 2 2 0 4 2067 2337 2069
16523 2 2 0 4 2253 2281 2255
16524 2 2 0 4 2175 2422 2177
16525 2 2 0 4 2556 2600 2599
16526 2 2 0 4 6296 8034 5862
16527 2 2 0 4 3944 3949 3948
16528 2 2 0 4 3084 3623 3079
16529 2 2 0 4 2038 2111 2040
16530 2 2 0 4 5033 5036 5035
16531 2 2 0 4 2332 7960 6412
16532 2 2 0 4 2126 2167 2124
16533 2 2 0 4 4080 4626 4294
16534 2 2 0 4 4090 4574 4573
16535 2 2 0 4 5974 5980 5973
16536 2 2 0 4 1941 1943 1942
16537 2 2 0 4 4039 6359 4040
16538 2 2 0 4 2092 7959 2338
16539 2 2 0 4 5977 6358 5978
16540 2 2 0 4 4552 5044 4553
16541 2 2 0 4 4438 8687 7409
16542 2 2 0 4 2127 2128 2126
16543 2 2 0 4 4117 4419 4116
16544 2 2 0 4 2405 8218 7868
16545 2 2 0 4 2284 7964 2425
16546 2 2 0 4 3218 3290 3289
16547 2 2 0 4 3022 3062 3020
16548 2 2 0 4 3849 3853 3851
16549 2 2 0 4 3927 7965 3923
16550 2 2 0 4 2242 7966 2244
16551 2 2 0 4 2109 2110 2108
16552 2 2 0 4 4477 6409 6408
16553 2 2 0 4 2492 2493 2491
16554 2 2 0 4 6413 6414 3927
16555 2 2 0 4 2257 2262 2259
16556 2 2 0 4 2007 6415 2169
16557 2 2 0 4 3593 3595 3594
16558 2 2 0 4 5000 5001 3313
16559 2 2 0 4 2513 2592 2591
16560 2 2 0 4 2298 2557 2478
16561 2 2 0 4 4287 4288 3834
16562 2 2 0 4 3128 7968 3130
16563 2 2 0 4 5435 5436 4647
16564 2 2 0 4 6425 7423 2157
16565 2 2 0 4 4709 5441 5384
16566 2 2 0 4 3136 6436 6435
16567 2 2 0 4 4916 4917 3195
16568 2 2 0 4 3033 3041 3031
16569 2 2 0 4 3985 6437 4087
16570 2 2 0 4 6435 7462 3482
16571 2 2 0 4 2226 2231 2230
16572 2 2 0 4 5603 5604 5602
16573 2 2 0 4 4622 4623 3824
16574 2 2 0 4 4134 7973 4003
16575 2 2 0 4 3880 7971 3885
16576 2 2 0 4 3882 3884 3883
16577 2 2 0 4 3045 6988 3044
16578 2 2 0 4 3055 3056 3051
16579 2 2 0 4 3051 7970 3049
16580 2 2 0 4 3042 3053 3039
16581 2 2 0 4 3048 6988 3045
16582 2 2 0 4 2543 7972 2540
16583 2 2 0 4 2540 7972 2539
16584 2 2 0 4 2539 6448 6447
16585 2 2 0 4 2544 2546 2543
16586 2 2 0 4 4012 4023 4011
16587 2 2 0 4 3049 4395 3048
16588 2 2 0 4 3880 3885 3882
16589 2 2 0 4 3680 7299 3678
16590 2 2 0 4 3687 3761 3680
16591 2 2 0 4 4013 4014 4012
16592 2 2 0 4 4021 4134 4003
16593 2 2 0 4 3039 7140 3037
16594 2 2 0 4 3037 7140 3743
16595 2 2 0 4 4708 5477 4707
16596 2 2 0 4 4707 7969 4622
16597 2 2 0 4 3985 4087 4063
16598 2 2 0 4 3678 7299 7296
16599 2 2 0 4 7296 7297 3707
16600 2 2 0 4 3888 7631 7300
16601 2 2 0 4 3132 6436 3136
16602 2 2 0 4 2225 7974 2226
16603 2 2 0 4 3130 3133 3132
16604 2 2 0 4 3031 7977 3030
16605 2 2 0 4 5164 7975 5578
16606 2 2 0 4 2160 5722 2332
16607 2 2 0 4 4103 7968 3128
16608 2 2 0 4 2221 7306 2222
16609 2 2 0 4 2222 7306 2225
16610 2 2 0 4 4709 7307 5441
16611 2 2 0 4 2010 2011 2009
16612 2 2 0 4 4964 7835 7307
16613 2 2 0 4 5835 6212 6211
16614 2 2 0 4 2009 6415 2007
16615 2 2 0 4 2244 2296 2295
16616 2 2 0 4 5146 7309 7308
16617 2 2 0 4 7308 7309 5603
16618 2 2 0 4 7310 7311 5164
16619 2 2 0 4 4288 7978 3834
16620 2 2 0 4 2425 2427 2426
16621 2 2 0 4 4060 6374 6373
16622 2 2 0 4 6408 7967 4060
16623 2 2 0 4 5185 5375 5024
16624 2 2 0 4 3562 7979 7310
16625 2 2 0 4 4298 7315 4314
16626 2 2 0 4 4314 7315 5146
16627 2 2 0 4 2285 7318 7317
16628 2 2 0 4 2217 7320 2218
16629 2 2 0 4 2500 2501 2499
16630 2 2 0 4 2218 7320 2221
16631 2 2 0 4 4482 7323 7322
16632 2 2 0 4 2261 7321 7314
16633 2 2 0 4 7314 7321 4916
16634 2 2 0 4 4083 4367 4082
16635 2 2 0 4 4580 5534 5322
16636 2 2 0 4 2241 2449 2242
16637 2 2 0 4 2263 7963 2241
16638 2 2 0 4 6188 6368 6367
16639 2 2 0 4 2566 2568 2567
16640 2 2 0 4 2499 7962 1977
16641 2 2 0 4 4371 4724 4723
16642 2 2 0 4 2298 7981 2557
16643 2 2 0 4 6084 6087 6085
16644 2 2 0 4 3851 7327 3852
16645 2 2 0 4 2092 2338 2284
16646 2 2 0 4 4082 6359 4039
16647 2 2 0 4 4662 4663 4486
16648 2 2 0 4 3631 3632 3630
16649 2 2 0 4 4676 5652 5067
16650 2 2 0 4 3752 3753 3751
16651 2 2 0 4 5331 5506 5505
16652 2 2 0 4 3320 3615 3614
16653 2 2 0 4 3912 3915 3910
16654 2 2 0 4 3852 7327 3856
16655 2 2 0 4 7329 7549 3562
16656 2 2 0 4 2637 2639 2638
16657 2 2 0 4 2884 7958 2637
16658 2 2 0 4 4389 4588 4390
16659 2 2 0 4 5277 5399 5275
16660 2 2 0 4 2606 2608 2607
16661 2 2 0 4 3630 7952 3628
16662 2 2 0 4 3751 3755 3749
16663 2 2 0 4 2211 2310 2210
16664 2 2 0 4 3950 3951 3918
16665 2 2 0 4 5027 7787 5400
16666 2 2 0 4 3224 7398 6306
16667 2 2 0 4 3923 3925 3921
16668 2 2 0 4 2432 5629 2446
16669 2 2 0 4 4619 4629 4628
16670 2 2 0 4 2616 2617 2614
16671 2 2 0 4 2624 2625 2623
16672 2 2 0 4 5330 5332 5331
16673 2 2 0 4 7867 7901 4615
16674 2 2 0 4 4397 5297 5296
16675 2 2 0 4 1977 6343 1975
16676 2 2 0 4 3405 3406 3319
16677 2 2 0 4 3622 7961 4371
16678 2 2 0 4 3775 3776 3622
16679 2 2 0 4 3910 3911 3904
16680 2 2 0 4 3818 7954 3565
16681 2 2 0 4 3565 3612 3601
16682 2 2 0 4 5412 7552 7551
16683 2 2 0 4 3611 7331 3566
16684 2 2 0 4 3566 7331 3593
16685 2 2 0 4 3334 7983 7329
16686 2 2 0 4 4294 7334 4295
16687 2 2 0 4 4650 4652 4651
16688 2 2 0 4 4295 7334 4298
16689 2 2 0 4 2471 2472 2470
16690 2 2 0 4 2228 4557 2448
16691 2 2 0 4 4387 5271 4389
16692 2 2 0 4 7417 7418 5138
16693 2 2 0 4 4980 6226 3266
16694 2 2 0 4 5275 5276 4655
16695 2 2 0 4 2177 7337 2178
16696 2 2 0 4 7338 7980 2217
16697 2 2 0 4 5367 5369 5368
16698 2 2 0 4 4046 4048 4047
16699 2 2 0 4 4594 4668 4593
16700 2 2 0 4 2583 2584 2580
16701 2 2 0 4 2376 7803 2432
16702 2 2 0 4 5011 5832 5010
16703 2 2 0 4 5567 5568 5482
16704 2 2 0 4 3142 3146 3145
16705 2 2 0 4 2614 2615 2613
16706 2 2 0 4 4618 5004 4619
16707 2 2 0 4 5069 5591 5070
16708 2 2 0 4 5380 5381 5379
16709 2 2 0 4 3948 7985 4035
16710 2 2 0 4 2337 7986 2069
16711 2 2 0 4 2178 7337 2285
16712 2 2 0 4 7433 8518 4646
16713 2 2 0 4 4035 7985 4482
16714 2 2 0 4 7333 7341 5435
16715 2 2 0 4 4649 7937 4640
16716 2 2 0 4 4640 4642 4641
16717 2 2 0 4 3289 7341 7333
16718 2 2 0 4 3847 7987 3849
16719 2 2 0 4 5169 7410 5168
16720 2 2 0 4 3970 4108 4107
16721 2 2 0 4 3897 3898 3896
16722 2 2 0 4 3294 3295 3119
16723 2 2 0 4 5327 5888 5047
16724 2 2 0 4 3263 3265 3264
16725 2 2 0 4 1965 1967 1964
16726 2 2 0 4 3173 7989 3218
16727 2 2 0 4 5173 6215 6214
16728 2 2 0 4 3628 3637 3627
16729 2 2 0 4 3809 4476 4379
16730 2 2 0 4 1947 1949 1948
16731 2 2 0 4 3647 4591 4590
16732 2 2 0 4 4045 4050 4046
16733 2 2 0 4 4721 6308 4660
16734 2 2 0 4 3920 4358 4357
16735 2 2 0 4 3141 3159 3142
16736 2 2 0 4 5061 5573 5060
16737 2 2 0 4 4101 4102 4100
16738 2 2 0 4 4359 4942 4360
16739 2 2 0 4 4100 7947 4397
16740 2 2 0 4 4602 5029 4975
16741 2 2 0 4 1953 1955 1954
16742 2 2 0 4 2255 7988 2257
16743 2 2 0 4 5727 8662 8125
16744 2 2 0 4 8326 8327 5490
16745 2 2 0 4 2071 7990 1941
16746 2 2 0 4 7731 8269 5154
16747 2 2 0 4 5862 8034 3062
16748 2 2 0 4 6225 8014 2310
16749 2 2 0 4 4642 7937 5614
16750 2 2 0 4 6337 8473 4050
16751 2 2 0 4 3612 7954 5050
16752 2 2 0 4 4629 8481 5286
16753 2 2 0 4 4616 7956 3951
16754 2 2 0 4 3911 8486 6341
16755 2 2 0 4 3133 7968 5695
16756 2 2 0 4 4973 7299 3761
16757 2 2 0 4 7372 7970 3056
16758 2 2 0 4 2231 7974 2304
16759 2 2 0 4 3853 7987 5192
16760 2 2 0 4 3290 7989 5320
16761 2 2 0 4 1943 7990 2484
16762 2 2 0 4 4696 8621 2592
16763 2 2 0 4 2111 8022 6166
16764 2 2 0 4 7364 7923 4951
16765 2 2 0 4 3186 8623 7421
16766 2 2 0 4 2249 8582 8090
16767 2 2 0 4 8540 8541 1968
16768 2 2 0 4 7420 7928 2357
16769 2 2 0 4 7868 8230 2356
16770 2 2 0 4 6115 7891 7572
16771 2 2 0 4 5446 8001 8000
16772 2 2 0 4 7488 8705 1907
16773 2 2 0 4 3858 8264 5804
16774 2 2 0 4 3962 8036 3959
16775 2 2 0 4 3282 3610 3609
16776 2 2 0 4 2410 2412 2411
16777 2 2 0 4 2159 8026 6345
16778 2 2 0 4 3791 8008 4090
16779 2 2 0 4 2124 8010 2121
16780 2 2 0 4 2393 8026 7588
16781 2 2 0 4 7495 8238 1957
16782 2 2 0 4 3482 7953 6469
16783 2 2 0 4 7819 8241 2362
16784 2 2 0 4 8003 8135 3908
16785 2 2 0 4 6217 7406 6218
16786 2 2 0 4 2034 8022 2038
16787 2 2 0 4 3811 7782 3633
16788 2 2 0 4 7442 8572 6023
16789 2 2 0 4 3079 8024 3074
16790 2 2 0 4 3941 8025 3944
16791 2 2 0 4 3113 7783 3110
16792 2 2 0 4 3788 4383 3790
16793 2 2 0 4 3182 3782 3184
16794 2 2 0 4 3109 3461 3101
16795 2 2 0 4 2372 7371 5824
16796 2 2 0 4 2422 2423 2177
16797 2 2 0 4 2600 2601 2599
16798 2 2 0 4 3084 3624 3623
16799 2 2 0 4 2111 2112 2040
16800 2 2 0 4 5036 5037 5035
16801 2 2 0 4 4626 4960 4294
16802 2 2 0 4 4574 4575 4573
16803 2 2 0 4 1943 1944 1942
16804 2 2 0 4 5044 5045 4553
16805 2 2 0 4 4117 4420 4419
16806 2 2 0 4 4419 4421 4116
16807 2 2 0 4 3290 3387 3289
16808 2 2 0 4 3022 3745 3062
16809 2 2 0 4 3853 4042 3851
16810 2 2 0 4 2109 2166 2110
16811 2 2 0 4 2110 2309 2108
16812 2 2 0 4 4477 6410 6409
16813 2 2 0 4 6415 7724 2169
16814 2 2 0 4 2493 2494 2491
16815 2 2 0 4 3593 3744 3595
16816 2 2 0 4 2513 2593 2592
16817 2 2 0 4 2557 2558 2478
16818 2 2 0 4 4287 4289 4288
16819 2 2 0 4 5436 5605 4647
16820 2 2 0 4 4916 4918 4917
16821 2 2 0 4 4623 4624 3824
16822 2 2 0 4 3687 4119 3761
16823 2 2 0 4 5477 7680 4707
16824 2 2 0 4 3055 3057 3056
16825 2 2 0 4 2544 2547 2546
16826 2 2 0 4 4395 4396 3048
16827 2 2 0 4 2546 2581 2543
16828 2 2 0 4 4023 5178 4011
16829 2 2 0 4 4021 4135 4134
16830 2 2 0 4 4087 4943 4063
16831 2 2 0 4 7297 7298 3707
16832 2 2 0 4 2231 2232 2230
16833 2 2 0 4 3133 3134 3132
16834 2 2 0 4 2010 2012 2011
16835 2 2 0 4 2011 2022 2009
16836 2 2 0 4 2244 5021 2296
16837 2 2 0 4 2425 2479 2427
16838 2 2 0 4 5375 5581 5024
16839 2 2 0 4 2501 2552 2499
16840 2 2 0 4 4482 7466 7323
16841 2 2 0 4 4298 7316 7315
16842 2 2 0 4 4083 4368 4367
16843 2 2 0 4 4367 4438 4082
16844 2 2 0 4 5534 5790 5322
16845 2 2 0 4 2566 2574 2568
16846 2 2 0 4 6084 6349 6087
16847 2 2 0 4 4662 5623 4663
16848 2 2 0 4 3632 4332 3630
16849 2 2 0 4 4676 7628 5652
16850 2 2 0 4 3752 3754 3753
16851 2 2 0 4 4588 4589 4390
16852 2 2 0 4 2608 2609 2607
16853 2 2 0 4 2211 2311 2310
16854 2 2 0 4 3950 4472 3951
16855 2 2 0 4 5629 5688 2446
16856 2 2 0 4 2616 2618 2617
16857 2 2 0 4 2625 2627 2623
16858 2 2 0 4 2624 2626 2625
16859 2 2 0 4 4629 5144 4628
16860 2 2 0 4 3775 4451 3776
16861 2 2 0 4 3911 3953 3904
16862 2 2 0 4 3405 3642 3406
16863 2 2 0 4 3612 3613 3601
16864 2 2 0 4 4652 4653 4651
16865 2 2 0 4 2471 2474 2472
16866 2 2 0 4 4557 4558 2448
16867 2 2 0 4 3611 7332 7331
16868 2 2 0 4 4594 4669 4668
16869 2 2 0 4 2583 2597 2584
16870 2 2 0 4 5591 5592 5070
16871 2 2 0 4 4642 5108 4641
16872 2 2 0 4 4108 4109 4107
16873 2 2 0 4 3897 5774 3898
16874 2 2 0 4 3898 3899 3896
16875 2 2 0 4 3294 3381 3295
16876 2 2 0 4 3265 3267 3264
16877 2 2 0 4 1965 1968 1967
16878 2 2 0 4 1967 1969 1964
16879 2 2 0 4 8213 8270 4547
16880 2 2 0 4 3637 4068 3627
16881 2 2 0 4 1949 1950 1948
16882 2 2 0 4 3647 4633 4591
16883 2 2 0 4 4045 4051 4050
16884 2 2 0 4 4721 6309 6308
16885 2 2 0 4 5061 5922 5573
16886 2 2 0 4 3141 3164 3159
16887 2 2 0 4 4602 5091 5029
16888 2 2 0 4 4942 4999 4360
16889 2 2 0 4 5029 5683 4975
16890 2 2 0 4 4101 4372 4102
16891 2 2 0 4 1955 1957 1954
16892 2 2 0 4 7639 7921 5364
16893 2 2 0 4 5036 8719 5106
16894 2 2 0 4 2210 8014 2324
16895 2 2 0 4 2172 8030 2175
16896 2 2 0 4 1987 8032 2067
16897 2 2 0 4 3660 8033 3654
16898 2 2 0 4 3600 7887 7477
16899 2 2 0 4 2449 8460 7966
16900 2 2 0 4 5590 8607 8007
16901 2 2 0 4 3889 8361 6347
16902 2 2 0 4 2997 7795 2996
16903 2 2 0 4 2100 8084 2444
16904 2 2 0 4 8109 8250 3052
16905 2 2 0 4 6412 8026 2159
16906 2 2 0 4 5311 8123 7794
16907 2 2 0 4 7794 8123 4033
16908 2 2 0 4 7655 8216 3106
16909 2 2 0 4 7997 8607 5590
16910 2 2 0 4 7675 8079 6981
16911 2 2 0 4 7964 8038 2479
16912 2 2 0 4 1855 8423 7615
16913 2 2 0 4 5384 8028 7301
16914 2 2 0 4 8090 8582 2398
16915 2 2 0 4 5146 8447 7309
16916 2 2 0 4 7315 8447 5146
16917 2 2 0 4 3020 8034 3018
16918 2 2 0 4 2253 8031 2281
16919 2 2 0 4 7422 7713 2315
16920 2 2 0 4 5991 8056 5992
16921 2 2 0 4 3781 8564 7418
16922 2 2 0 4 4018 7995 4016
16923 2 2 0 4 1837 8552 7730
16924 2 2 0 4 5461 8102 7853
16925 2 2 0 4 6218 7605 4333
16926 2 2 0 4 5959 8267 5956
16927 2 2 0 4 5085 8163 7751
16928 2 2 0 4 2161 8287 7681
16929 2 2 0 4 8067 8068 5134
16930 2 2 0 4 8169 8403 5753
16931 2 2 0 4 4048 7991 4052
16932 2 2 0 4 4557 7890 4558
16933 2 2 0 4 5580 8505 5579
16934 2 2 0 4 4061 7994 3915
16935 2 2 0 4 7797 8333 7798
16936 2 2 0 4 7798 8333 1984
16937 2 2 0 4 8338 8539 6143
16938 2 2 0 4 7965 8118 3925
16939 2 2 0 4 4460 8446 5084
16940 2 2 0 4 5591 8083 5592
16941 2 2 0 4 5375 8690 8240
16942 2 2 0 4 6282 8583 7973
16943 2 2 0 4 5719 8568 7757
16944 2 2 0 4 6106 8697 8565
16945 2 2 0 4 7322 8060 4964
16946 2 2 0 4 7637 8012 4928
16947 2 2 0 4 3814 7457 3812
16948 2 2 0 4 7857 8412 5300
16949 2 2 0 4 7876 8694 5690
16950 2 2 0 4 5870 8266 6328
16951 2 2 0 4 7820 7963 5688
16952 2 2 0 4 5404 8697 8053
16953 2 2 0 4 5848 8109 5847
16954 2 2 0 4 6145 8312 6365
16955 2 2 0 4 7517 8685 4724
16956 2 2 0 4 6021 8369 8204
16957 2 2 0 4 2043 8237 2045
16958 2 2 0 4 5672 8315 7793
16959 2 2 0 4 3949 8025 7454
16960 2 2 0 4 6981 8079 3702
16961 2 2 0 4 7409 8687 8091
16962 2 2 0 4 5522 8629 6283
16963 2 2 0 4 2591 8078 7354
16964 2 2 0 4 7708 8704 2200
16965 2 2 0 4 6366 8600 7647
16966 2 2 0 4 7468 7469 5494
16967 2 2 0 4 6168 8474 7942
16968 2 2 0 4 3980 8298 7528
16969 2 2 0 4 7600 8062 8029
16970 2 2 0 4 8029 8062 2585
16971 2 2 0 4 5709 8533 8450
16972 2 2 0 4 5843 8718 4487
16973 2 2 0 4 7631 8191 7300
16974 2 2 0 4 2120 7852 2117
16975 2 2 0 4 8210 8725 5763
16976 2 2 0 4 5581 8308 6351
16977 2 2 0 4 7787 8194 5400
16978 2 2 0 4 4116 7457 3814
16979 2 2 0 4 7745 7746 4704
16980 2 2 0 4 7354 8078 7460
16981 2 2 0 4 7326 8314 2593
16982 2 2 0 4 7817 8006 6205
16983 2 2 0 4 6020 8496 8369
16984 2 2 0 4 6158 8714 7553
16985 2 2 0 4 4111 8318 8311
16986 2 2 0 4 3748 8236 4344
16987 2 2 0 4 3095 8203 3092
16988 2 2 0 4 7971 8530 5176
16989 2 2 0 4 4466 8042 4467
16990 2 2 0 4 4574 8586 4941
16991 2 2 0 4 8133 8134 5023
16992 2 2 0 4 6477 8391 5858
16993 2 2 0 4 7588 8026 6412
16994 2 2 0 4 7388 8541 8540
16995 2 2 0 4 3026 8110 7328
16996 2 2 0 4 7496 8606 1908
16997 2 2 0 4 3600 8054 7749
16998 2 2 0 4 5978 8111 5979
16999 2 2 0 4 5908 7930 2884
17000 2 2 0 4 6232 8286 8085
17001 2 2 0 4 7814 8196 5483
17002 2 2 0 4 7882 8381 5495
17003 2 2 0 4 4590 8438 7768
17004 2 2 0 4 6410 8135 6409
17005 2 2 0 4 2082 8059 2084
17006 2 2 0 4 4623 7969 7475
17007 2 2 0 4 7900 8411 6180
17008 2 2 0 4 5101 7718 7548
17009 2 2 0 4 6273 8110 6274
17010 2 2 0 4 3053 8585 7529
17011 2 2 0 4 7462 8584 5577
17012 2 2 0 4 5333 8620 7508
17013 2 2 0 4 6318 8221 5486
17014 2 2 0 4 8124 8415 5684
17015 2 2 0 4 2578 8375 6257
17016 2 2 0 4 2436 8106 3014
17017 2 2 0 4 6191 8284 6193
17018 2 2 0 4 3113 8368 7783
17019 2 2 0 4 6216 7502 6217
17020 2 2 0 4 3295 8302 3119
17021 2 2 0 4 7651 8159 7905
17022 2 2 0 4 6865 8451 8051
17023 2 2 0 4 8305 8306 5471
17024 2 2 0 4 6206 7817 6205
17025 2 2 0 4 7927 8625 5349
17026 2 2 0 4 6101 8696 8137
17027 2 2 0 4 5053 8501 7838
17028 2 2 0 4 5463 8166 5464
17029 2 2 0 4 7774 8255 5576
17030 2 2 0 4 1933 8598 8037
17031 2 2 0 4 5621 8528 7534
17032 2 2 0 4 4599 8217 5410
17033 2 2 0 4 7634 8680 8171
17034 2 2 0 4 5053 7838 5039
17035 2 2 0 4 5149 8240 7789
17036 2 2 0 4 5611 7965 6414
17037 2 2 0 4 4603 7976 7975
17038 2 2 0 4 5648 8350 8282
17039 2 2 0 4 5527 8255 7774
17040 2 2 0 4 5537 8135 8003
17041 2 2 0 4 5840 7987 3847
17042 2 2 0 4 6365 8312 2072
17043 2 2 0 4 8475 8592 6318
17044 2 2 0 4 3358 8224 7517
17045 2 2 0 4 7549 7983 5473
17046 2 2 0 4 7784 8253 2627
17047 2 2 0 4 7516 8671 4127
17048 2 2 0 4 5505 8671 7516
17049 2 2 0 4 4543 8235 7560
17050 2 2 0 4 106 8348 7657
17051 2 2 0 4 7347 8150 3334
17052 2 2 0 4 6469 7953 7567
17053 2 2 0 4 5973 8158 6383
17054 2 2 0 4 7705 8572 5747
17055 2 2 0 4 8056 8394 2165
17056 2 2 0 4 3914 8208 7877
17057 2 2 0 4 7882 8204 5096
17058 2 2 0 4 2647 7703 2646
17059 2 2 0 4 6246 8525 6245
17060 2 2 0 4 8305 8611 2426
17061 2 2 0 4 5471 8611 8305
17062 2 2 0 4 7751 8163 8050
17063 2 2 0 4 6383 8164 5977
17064 2 2 0 4 2649 7703 3638
17065 2 2 0 4 4415 8108 4413
17066 2 2 0 4 4413 8108 4688
17067 2 2 0 4 6468 7707 4730
17068 2 2 0 4 8450 8533 5708
17069 2 2 0 4 7959 8065 2338
17070 2 2 0 4 2212 8366 7338
17071 2 2 0 4 5180 7777 7579
17072 2 2 0 4 6193 8351 7678
17073 2 2 0 4 7614 8439 4997
17074 2 2 0 4 7335 8273 6247
17075 2 2 0 4 6171 7902 2979
17076 2 2 0 4 7338 8366 2396
17077 2 2 0 4 5169 7915 7410
17078 2 2 0 4 3758 8484 8136
17079 2 2 0 4 2615 8482 5040
17080 2 2 0 4 3615 8485 4600
17081 2 2 0 4 3884 8488 4694
17082 2 2 0 4 1984 8470 7798
17083 2 2 0 4 5056 8687 4367
17084 2 2 0 4 8085 8286 5502
17085 2 2 0 4 5496 8603 8204
17086 2 2 0 4 7525 7713 6279
17087 2 2 0 4 4315 8452 6835
17088 2 2 0 4 2546 8328 2581
17089 2 2 0 4 5568 8448 5482
17090 2 2 0 4 3600 7749 3399
17091 2 2 0 4 2045 8237 2049
17092 2 2 0 4 2556 7805 2600
17093 2 2 0 4 8204 8603 6021
17094 2 2 0 4 7766 7772 2601
17095 2 2 0 4 7529 8599 5028
17096 2 2 0 4 3995 8452 4315
17097 2 2 0 4 7968 8409 5695
17098 2 2 0 4 7748 8027 5598
17099 2 2 0 4 2652 8155 2654
17100 2 2 0 4 3702 8185 7228
17101 2 2 0 4 5349 8625 7562
17102 2 2 0 4 3108 8279 7813
17103 2 2 0 4 7521 8638 7520
17104 2 2 0 4 5822 8535 8174
17105 2 2 0 4 8153 8508 1924
17106 2 2 0 4 4023 8117 5178
17107 2 2 0 4 2403 7589 2364
17108 2 2 0 4 4663 8497 4486
17109 2 2 0 4 8190 8565 5404
17110 2 2 0 4 5476 8578 7791
17111 2 2 0 4 6264 8264 5931
17112 2 2 0 4 2361 8566 7591
17113 2 2 0 4 5108 8129 5900
17114 2 2 0 4 6343 7962 5426
17115 2 2 0 4 1960 8371 1955
17116 2 2 0 4 3934 8416 7669
17117 2 2 0 4 8357 8527 6187
17118 2 2 0 4 7880 8665 5610
17119 2 2 0 4 1903 8462 8087
17120 2 2 0 4 5735 8395 7688
17121 2 2 0 4 6214 8260 5367
17122 2 2 0 4 7591 8566 2430
17123 2 2 0 4 7883 8624 5730
17124 2 2 0 4 5810 8713 7575
17125 2 2 0 4 6179 8365 7768
17126 2 2 0 4 6146 8457 8143
17127 2 2 0 4 5804 8264 6264
17128 2 2 0 4 6232 8085 2991
17129 2 2 0 4 8188 8548 2429
17130 2 2 0 4 4358 8559 4357
17131 2 2 0 4 3638 8155 2652
17132 2 2 0 4 8251 8561 5425
17133 2 2 0 4 7737 8542 5788
17134 2 2 0 4 6217 7502 7407
17135 2 2 0 4 7793 8315 5876
17136 2 2 0 4 5937 8564 5544
17137 2 2 0 4 5573 8058 5060
17138 2 2 0 4 8401 8452 4022
17139 2 2 0 4 2289 8265 7872
17140 2 2 0 4 5776 7992 6352
17141 2 2 0 4 8045 8497 7470
17142 2 2 0 4 5303 7350 7349
17143 2 2 0 4 3033 8636 3041
17144 2 2 0 4 8139 8521 2419
17145 2 2 0 4 2054 8521 8139
17146 2 2 0 4 6387 8220 6388
17147 2 2 0 4 3146 8480 3158
17148 2 2 0 4 5454 8224 7812
17149 2 2 0 4 7883 8271 1894
17150 2 2 0 4 7349 8622 5303
17151 2 2 0 4 3274 8300 7593
17152 2 2 0 4 5004 8613 7775
17153 2 2 0 4 7589 8633 2363
17154 2 2 0 4 2337 8333 7797
17155 2 2 0 4 5168 8234 7584
17156 2 2 0 4 3749 8236 3748
17157 2 2 0 4 3583 7887 3600
17158 2 2 0 4 5596 7887 4066
17159 2 2 0 4 7802 8246 2575
17160 2 2 0 4 6498 8724 8304
17161 2 2 0 4 7383 8517 2379
17162 2 2 0 4 8031 8356 2281
17163 2 2 0 4 2422 8626 2423
17164 2 2 0 4 5648 8340 7806
17165 2 2 0 4 2324 8014 7654
17166 2 2 0 4 7945 8469 4025
17167 2 2 0 4 3026 8433 8110
17168 2 2 0 4 7423 8543 5724
17169 2 2 0 4 5604 8712 5602
17170 2 2 0 4 7919 8405 4383
17171 2 2 0 4 8187 8681 2377
17172 2 2 0 4 4950 8568 7544
17173 2 2 0 4 5580 8683 7569
17174 2 2 0 4 4458 8446 4460
17175 2 2 0 4 8225 8226 5660
17176 2 2 0 4 4040 6359 5911
17177 2 2 0 4 2071 8565 8190
17178 2 2 0 4 1955 8371 1957
17179 2 2 0 4 6202 8407 5327
17180 2 2 0 4 8355 8469 5565
17181 2 2 0 4 3162 8274 3163
17182 2 2 0 4 2376 8681 7803
17183 2 2 0 4 7661 8647 5572
17184 2 2 0 4 7317 8265 2289
17185 2 2 0 4 7520 8638 5498
17186 2 2 0 4 7691 8632 5589
17187 2 2 0 4 5622 8467 7573
17188 2 2 0 4 7643 8588 6364
17189 2 2 0 4 8246 8442 2562
17190 2 2 0 4 1947 7831 1949
17191 2 2 0 4 5592 8235 7504
17192 2 2 0 4 5787 8537 7667
17193 2 2 0 4 6307 7746 7745
17194 2 2 0 4 7520 8273 7335
17195 2 2 0 4 5509 8586 8008
17196 2 2 0 4 4419 8385 4421
17197 2 2 0 4 7832 8652 5744
17198 2 2 0 4 6194 8284 6191
17199 2 2 0 4 5661 8225 8104
17200 2 2 0 4 8104 8225 5660
17201 2 2 0 4 2074 8378 7759
17202 2 2 0 4 7630 8682 2154
17203 2 2 0 4 7954 8332 5050
17204 2 2 0 4 7828 8680 5738
17205 2 2 0 4 4662 7884 5623
17206 2 2 0 4 4676 7951 7628
17207 2 2 0 4 7763 8161 3041
17208 2 2 0 4 5467 8711 8175
17209 2 2 0 4 4332 7952 3630
17210 2 2 0 4 4438 6359 4082
17211 2 2 0 4 2425 7964 2479
17212 2 2 0 4 2552 7962 2499
17213 2 2 0 4 2244 7966 5021
17214 2 2 0 4 2022 6415 2009
17215 2 2 0 4 3134 6436 3132
17216 2 2 0 4 7680 7969 4707
17217 2 2 0 4 4396 6988 3048
17218 2 2 0 4 2581 7972 2543
17219 2 2 0 4 4916 7321 4918
17220 2 2 0 4 3593 7331 3744
17221 2 2 0 4 4042 7327 3851
17222 2 2 0 4 4298 7334 7316
17223 2 2 0 4 4482 7985 7466
17224 2 2 0 4 3387 7341 3289
17225 2 2 0 4 4960 7334 4294
17226 2 2 0 4 2423 7337 2177
17227 2 2 0 4 7543 8353 4950
17228 2 2 0 4 7943 8483 2509
17229 2 2 0 4 5842 8665 7880
17230 2 2 0 4 3907 8660 7646
17231 2 2 0 4 5237 8700 7644
17232 2 2 0 4 7837 7875 4112
17233 2 2 0 4 4589 8690 7886
17234 2 2 0 4 7645 8421 5329
17235 2 2 0 4 7674 8609 5003
17236 2 2 0 4 3182 7913 3782
17237 2 2 0 4 4398 8507 7775
17238 2 2 0 4 2427 8305 2426
17239 2 2 0 4 7429 8243 5853
17240 2 2 0 4 5556 8176 7614
17241 2 2 0 4 3788 7919 4383
17242 2 2 0 4 7814 8432 2447
17243 2 2 0 4 5483 8432 7814
17244 2 2 0 4 6321 8644 2475
17245 2 2 0 4 7984 8569 6304
17246 2 2 0 4 5286 8481 7775
17247 2 2 0 4 4421 7457 4116
17248 2 2 0 4 8078 8620 5333
17249 2 2 0 4 2309 8254 8241
17250 2 2 0 4 5573 8455 8058
17251 2 2 0 4 5652 8399 5067
17252 2 2 0 4 5457 8412 7857
17253 2 2 0 4 5597 7901 7867
17254 2 2 0 4 7866 8629 5524
17255 2 2 0 4 5905 8299 7892
17256 2 2 0 4 5910 8518 5912
17257 2 2 0 4 7745 8494 6208
17258 2 2 0 4 3163 8274 3178
17259 2 2 0 4 4575 8638 7767
17260 2 2 0 4 4593 8342 5186
17261 2 2 0 4 8078 8621 8620
17262 2 2 0 4 2071 8190 7990
17263 2 2 0 4 7571 8695 4444
17264 2 2 0 4 8218 8230 7868
17265 2 2 0 4 7830 8353 7543
17266 2 2 0 4 5763 7998 7738
17267 2 2 0 4 2475 8644 7897
17268 2 2 0 4 3266 8362 3263
17269 2 2 0 4 7940 8372 2651
17270 2 2 0 4 5067 8399 7918
17271 2 2 0 4 7918 8399 7610
17272 2 2 0 4 7844 8582 2249
17273 2 2 0 4 6297 7989 3173
17274 2 2 0 4 2303 8394 7479
17275 2 2 0 4 8240 8690 4589
17276 2 2 0 4 4559 8196 7814
17277 2 2 0 4 5141 8581 8102
17278 2 2 0 4 6942 8468 8367
17279 2 2 0 4 8367 8468 5484
17280 2 2 0 4 4942 8502 4999
17281 2 2 0 4 7635 8559 4358
17282 2 2 0 4 7707 8648 6427
17283 2 2 0 4 3860 8388 7302
17284 2 2 0 4 7944 8085 5502
17285 2 2 0 4 4317 8662 7610
17286 2 2 0 4 5449 8318 5861
17287 2 2 0 4 5506 8671 5505
17288 2 2 0 4 8241 8254 2408
17289 2 2 0 4 6208 8494 5567
17290 2 2 0 4 8080 8502 2751
17291 2 2 0 4 6345 8026 2393
17292 2 2 0 4 7302 8406 3888
17293 2 2 0 4 6697 8710 8347
17294 2 2 0 4 7628 7951 5825
17295 2 2 0 4 5805 8330 8114
17296 2 2 0 4 1901 8513 7858
17297 2 2 0 4 7886 8690 5185
17298 2 2 0 4 7874 8567 5312
17299 2 2 0 4 5693 8613 5004
17300 2 2 0 4 8221 8567 5486
17301 2 2 0 4 5514 8567 8221
17302 2 2 0 4 3546 8194 7787
17303 2 2 0 4 4025 8469 8355
17304 2 2 0 4 7489 8545 5386
17305 2 2 0 4 2072 8312 8143
17306 2 2 0 4 3894 7893 7433
17307 2 2 0 4 7884 8449 5623
17308 2 2 0 4 8225 8448 4638
17309 2 2 0 4 7544 8568 5719
17310 2 2 0 4 5920 8693 8379
17311 2 2 0 4 7662 8545 6072
17312 2 2 0 4 5694 8613 8021
17313 2 2 0 4 4546 8266 5870
17314 2 2 0 4 7930 7958 2884
17315 2 2 0 4 7775 8481 5004
17316 2 2 0 4 3856 8525 8524
17317 2 2 0 4 7804 8714 6158
17318 2 2 0 4 8211 8509 3008
17319 2 2 0 4 5691 8376 5288
17320 2 2 0 4 7674 8610 8609
17321 2 2 0 4 8609 8610 5863
17322 2 2 0 4 4022 8452 3995
17323 2 2 0 4 7602 7777 3935
17324 2 2 0 4 2164 8643 7821
17325 2 2 0 4 5486 8567 7874
17326 2 2 0 4 8056 8675 5992
17327 2 2 0 4 5472 8150 7880
17328 2 2 0 4 6177 8504 7525
17329 2 2 0 4 5584 8615 8576
17330 2 2 0 4 8576 8615 5583
17331 2 2 0 4 6263 8642 4543
17332 2 2 0 4 7734 8267 5959
17333 2 2 0 4 5320 7989 6297
17334 2 2 0 4 7412 8693 5565
17335 2 2 0 4 6149 8256 7976
17336 2 2 0 4 7976 8256 5578
17337 2 2 0 4 5524 8629 5522
17338 2 2 0 4 3894 8683 7893
17339 2 2 0 4 7942 8474 2386
17340 2 2 0 4 3103 8652 7832
17341 2 2 0 4 3041 8636 7763
17342 2 2 0 4 7507 8366 2212
17343 2 2 0 4 2315 8504 2313
17344 2 2 0 4 4344 8236 7879
17345 2 2 0 4 5091 8296 5029
17346 2 2 0 4 8105 8208 5491
17347 2 2 0 4 7479 8394 5991
17348 2 2 0 4 2402 8721 8358
17349 2 2 0 4 6318 8664 8221
17350 2 2 0 4 3595 8581 4069
17351 2 2 0 4 7311 8098 7975
17352 2 2 0 4 7681 8287 5638
17353 2 2 0 4 5738 8680 7634
17354 2 2 0 4 7850 8668 4117
17355 2 2 0 4 8392 8672 5774
17356 2 2 0 4 5815 8517 8249
17357 2 2 0 4 8249 8517 2306
17358 2 2 0 4 8289 8557 2474
17359 2 2 0 4 6489 8530 7971
17360 2 2 0 4 6410 8688 8073
17361 2 2 0 4 8257 8539 1969
17362 2 2 0 4 8659 8702 3452
17363 2 2 0 4 8012 8591 4928
17364 2 2 0 4 5885 8686 7856
17365 2 2 0 4 5762 8479 7998
17366 2 2 0 4 4704 8494 7745
17367 2 2 0 4 6247 8273 5500
17368 2 2 0 4 5186 8299 7695
17369 2 2 0 4 6830 8515 3057
17370 2 2 0 4 3945 8528 8064
17371 2 2 0 4 5416 8079 7675
17372 2 2 0 4 4394 8465 8098
17373 2 2 0 4 2386 8192 7942
17374 2 2 0 4 8284 8351 6193
17375 2 2 0 4 8073 8688 5008
17376 2 2 0 4 3044 8585 3042
17377 2 2 0 4 5762 7998 5763
17378 2 2 0 4 4104 8327 8326
17379 2 2 0 4 4999 8502 8080
17380 2 2 0 4 7584 8234 5474
17381 2 2 0 4 5848 8250 8109
17382 2 2 0 4 6377 8298 3978
17383 2 2 0 4 3178 8571 7913
17384 2 2 0 4 6115 8530 6489
17385 2 2 0 4 3895 8719 7957
17386 2 2 0 4 8264 8667 5931
17387 2 2 0 4 8706 8712 3576
17388 2 2 0 4 3744 8581 3595
17389 2 2 0 4 5666 8303 7818
17390 2 2 0 4 7957 8719 5036
17391 2 2 0 4 8037 8598 5161
17392 2 2 0 4 8203 8612 3091
17393 2 2 0 4 7826 8362 3266
17394 2 2 0 4 7991 8473 6337
17395 2 2 0 4 5581 8134 8133
17396 2 2 0 4 6341 8486 7994
17397 2 2 0 4 6076 8627 8605
17398 2 2 0 4 7589 8428 2023
17399 2 2 0 4 7610 8662 5727
17400 2 2 0 4 5192 7987 5840
17401 2 2 0 4 4723 8685 5454
17402 2 2 0 4 5144 8380 7860
17403 2 2 0 4 6424 8688 6417
17404 2 2 0 4 6513 8689 6450
17405 2 2 0 4 6385 8569 4418
17406 2 2 0 4 4545 8260 6214
17407 2 2 0 4 7420 8457 7928
17408 2 2 0 4 8234 8329 5474
17409 2 2 0 4 5929 8413 8331
17410 2 2 0 4 8331 8413 4316
17411 2 2 0 4 5872 8557 8239
17412 2 2 0 4 3817 8503 8186
17413 2 2 0 4 2411 8532 2385
17414 2 2 0 4 4928 8591 6468
17415 2 2 0 4 5885 8695 7571
17416 2 2 0 4 8373 8374 6268
17417 2 2 0 4 5105 8375 8373
17418 2 2 0 4 5276 7884 6344
17419 2 2 0 4 8465 8466 3329
17420 2 2 0 4 4394 8466 8465
17421 2 2 0 4 8080 8634 5593
17422 2 2 0 4 5447 8424 8311
17423 2 2 0 4 7799 8561 5631
17424 2 2 0 4 3028 8407 6202
17425 2 2 0 4 6112 8675 2331
17426 2 2 0 4 8136 8484 5399
17427 2 2 0 4 8490 8491 5923
17428 2 2 0 4 5924 8491 8490
17429 2 2 0 4 5562 8509 8211
17430 2 2 0 4 1907 8705 8016
17431 2 2 0 4 3386 8625 7927
17432 2 2 0 4 7475 7969 7680
17433 2 2 0 4 8365 8411 4608
17434 2 2 0 4 6180 8411 8365
17435 2 2 0 4 2541 8549 7835
17436 2 2 0 4 1844 8548 8188
17437 2 2 0 4 7525 8504 7713
17438 2 2 0 4 7994 8486 3915
17439 2 2 0 4 6313 8658 8091
17440 2 2 0 4 8091 8658 3926
17441 2 2 0 4 4048 8473 7991
17442 2 2 0 4 8322 8560 5428
17443 2 2 0 4 7679 8649 2215
17444 2 2 0 4 7654 8014 6225
17445 2 2 0 4 3306 8665 5842
17446 2 2 0 4 8143 8312 6146
17447 2 2 0 4 8144 8387 6162
17448 2 2 0 4 5691 8522 8376
17449 2 2 0 4 5327 8407 5888
17450 2 2 0 4 5577 7953 7462
17451 2 2 0 4 8299 8342 7892
17452 2 2 0 4 8605 8627 2416
17453 2 2 0 4 7933 8390 5672
17454 2 2 0 4 8248 8588 4329
17455 2 2 0 4 5582 8478 8381
17456 2 2 0 4 8381 8478 4073
17457 2 2 0 4 7892 8342 4668
17458 2 2 0 4 8184 8647 2572
17459 2 2 0 4 5375 8134 5581
17460 2 2 0 4 8404 8487 4071
17461 2 2 0 4 4073 8487 8404
17462 2 2 0 4 5932 8547 8314
17463 2 2 0 4 7462 7953 3482
17464 2 2 0 4 8186 8503 5351
17465 2 2 0 4 7553 8714 8606
17466 2 2 0 4 7398 7929 6306
17467 2 2 0 4 6943 8591 8012
17468 2 2 0 4 5408 8514 8383
17469 2 2 0 4 8383 8514 5394
17470 2 2 0 4 6307 7929 7746
17471 2 2 0 4 8175 8711 1877
17472 2 2 0 4 4359 7948 4942
17473 2 2 0 4 3920 7949 4358
17474 2 2 0 4 4102 7947 4100
17475 2 2 0 4 5330 8213 5332
17476 2 2 0 4 4640 7937 4642
17477 2 2 0 4 7901 7948 4615
17478 2 2 0 4 3925 7949 3921
17479 2 2 0 4 4046 8473 4048
17480 2 2 0 4 4050 8473 4046
17481 2 2 0 4 4476 7951 4379
17482 2 2 0 4 4609 8362 7826
17483 2 2 0 4 4397 7947 5297
17484 2 2 0 4 3628 7952 3637
17485 2 2 0 4 3406 7955 3319
17486 2 2 0 4 4619 8481 4629
17487 2 2 0 4 2617 8482 2614
17488 2 2 0 4 3951 7956 3918
17489 2 2 0 4 5004 8481 4619
17490 2 2 0 4 2614 8482 2615
17491 2 2 0 4 5399 8484 5275
17492 2 2 0 4 5275 8484 5276
17493 2 2 0 4 7955 8485 3320
17494 2 2 0 4 3565 7954 3612
17495 2 2 0 4 3776 7961 3622
17496 2 2 0 4 2637 7958 2639
17497 2 2 0 4 5722 7960 2332
17498 2 2 0 4 3320 8485 3615
17499 2 2 0 4 3915 8486 3910
17500 2 2 0 4 3910 8486 3911
17501 2 2 0 4 3923 7965 3925
17502 2 2 0 4 1977 7962 6343
17503 2 2 0 4 4371 7961 4724
17504 2 2 0 4 2338 7964 2284
17505 2 2 0 4 2241 7963 2449
17506 2 2 0 4 6414 7965 3927
17507 2 2 0 4 6409 7967 6408
17508 2 2 0 4 2449 7966 2242
17509 2 2 0 4 4060 7967 6374
17510 2 2 0 4 3130 7968 3133
17511 2 2 0 4 3885 8488 3882
17512 2 2 0 4 2539 7972 6448
17513 2 2 0 4 3049 7970 4395
17514 2 2 0 4 3053 7140 3039
17515 2 2 0 4 3882 8488 3884
17516 2 2 0 4 3056 7970 3051
17517 2 2 0 4 3761 7299 3680
17518 2 2 0 4 4622 7969 4623
17519 2 2 0 4 2226 7974 2231
17520 2 2 0 4 3041 7977 3031
17521 2 2 0 4 7311 7975 5164
17522 2 2 0 4 7310 7979 7311
17523 2 2 0 4 7549 7979 3562
17524 2 2 0 4 2217 7980 7320
17525 2 2 0 4 7329 7983 7549
17526 2 2 0 4 2285 7337 7318
17527 2 2 0 4 3949 7985 3948
17528 2 2 0 4 2257 7988 2262
17529 2 2 0 4 3849 7987 3853
17530 2 2 0 4 2281 7988 2255
17531 2 2 0 4 3218 7989 3290
17532 2 2 0 4 8388 8524 6246
17533 2 2 0 4 1941 7990 1943
17534 2 2 0 4 2310 8014 2210
17535 2 2 0 4 8414 8546 5689
17536 2 2 0 4 2596 8546 8414
17537 2 2 0 4 2219 8164 8158
17538 2 2 0 4 3829 8390 7933
17539 2 2 0 4 7796 8555 4586
17540 2 2 0 4 5441 8028 5384
17541 2 2 0 4 8032 8333 2337
17542 2 2 0 4 4367 8687 4438
17543 2 2 0 4 5432 8555 7796
17544 2 2 0 4 3062 8034 3020
17545 2 2 0 4 8125 8662 3826
17546 2 2 0 4 4090 8008 4574
17547 2 2 0 4 2167 8010 2124
17548 2 2 0 4 7835 8549 7307
17549 2 2 0 4 8262 8659 3452
17550 2 2 0 4 2225 8550 7974
17551 2 2 0 4 4638 8226 8225
17552 2 2 0 4 2592 8621 2591
17553 2 2 0 4 4964 8060 7835
17554 2 2 0 4 7323 8060 7322
17555 2 2 0 4 2038 8022 2111
17556 2 2 0 4 5563 8483 7943
17557 2 2 0 4 3623 8024 3079
17558 2 2 0 4 3944 8025 3949
17559 2 2 0 4 3018 8034 6296
17560 2 2 0 4 2175 8030 2422
17561 2 2 0 4 2067 8032 2337
17562 2 2 0 4 4673 8033 3660
17563 2 2 0 4 7341 8587 5435
17564 2 2 0 4 8058 8455 3175
17565 2 2 0 4 2591 8621 8078
17566 2 2 0 4 7307 8549 5441
17567 2 2 0 4 7306 8550 2225
17568 2 2 0 4 8050 8618 5332
17569 2 2 0 4 5332 8618 5331
17570 2 2 0 4 3889 8601 8361
17571 2 2 0 4 7327 8525 3856
17572 2 2 0 4 5367 8260 5369
17573 2 2 0 4 8415 8722 5684
17574 2 2 0 4 5951 8722 8415
17575 2 2 0 4 8523 8542 2307
17576 2 2 0 4 6435 8596 7462
17577 2 2 0 4 3334 8150 7983
17578 2 2 0 4 5011 8505 5832
17579 2 2 0 4 5980 8158 5973
17580 2 2 0 4 6436 8596 6435
17581 2 2 0 4 5027 8709 7787
17582 2 2 0 4 8146 8511 3059
17583 2 2 0 4 7767 8638 7521
17584 2 2 0 4 8110 8433 6274
17585 2 2 0 4 5435 8587 5436
17586 2 2 0 4 6988 8599 3044
17587 2 2 0 4 7410 8234 5168
17588 2 2 0 4 5631 8561 8251
17589 2 2 0 4 7976 8702 6149
17590 2 2 0 4 7598 8176 5556
17591 2 2 0 4 5968 8577 8536
17592 2 2 0 4 2347 8563 8562
17593 2 2 0 4 5072 8683 5580
17594 2 2 0 4 3755 8236 3749
17595 2 2 0 4 8163 8618 8050
17596 2 2 0 4 8158 8164 6383
17597 2 2 0 4 5331 8618 5506
17598 2 2 0 4 5128 8580 8579
17599 2 2 0 4 3256 8661 8427
17600 2 2 0 4 8427 8661 5737
17601 2 2 0 4 8079 8185 3702
17602 2 2 0 4 8306 8442 5538
17603 2 2 0 4 7893 8683 5072
17604 2 2 0 4 8358 8721 2348
17605 2 2 0 4 5303 8622 8148
17606 2 2 0 4 7872 8265 5468
17607 2 2 0 4 7738 7998 2317
17608 2 2 0 4 3263 8362 3265
17609 2 2 0 4 4668 8342 4593
17610 2 2 0 4 8307 8499 5554
17611 2 2 0 4 6310 8251 4695
17612 2 2 0 4 5977 8164 6358
17613 2 2 0 4 8015 8424 5447
17614 2 2 0 4 3888 8406 7631
17615 2 2 0 4 8605 8614 5539
17616 2 2 0 4 5195 8538 8086
17617 2 2 0 4 5506 8618 8163
17618 2 2 0 4 8018 8617 5749
17619 2 2 0 4 8008 8586 4574
17620 2 2 0 4 8646 8678 5895
17621 2 2 0 4 4689 8678 8646
17622 2 2 0 4 6308 8709 5027
17623 2 2 0 4 8334 8532 2411
17624 2 2 0 4 5063 8617 8018
17625 2 2 0 4 5538 8442 8246
17626 2 2 0 4 3042 8585 3053
17627 2 2 0 4 4583 8267 7734
17628 2 2 0 4 5434 7948 7901
17629 2 2 0 4 4724 8685 4723
17630 2 2 0 4 5749 8617 7598
17631 2 2 0 4 8373 8375 8374
17632 2 2 0 4 5436 8587 8411
17633 2 2 0 4 5562 8527 8357
17634 2 2 0 4 6143 8539 8257
17635 2 2 0 4 8706 8707 5645
17636 2 2 0 4 6165 7958 7930
17637 2 2 0 4 7645 8498 3997
17638 2 2 0 4 8311 8424 4111
17639 2 2 0 4 8606 8714 1908
17640 2 2 0 4 7674 8715 8610
17641 2 2 0 4 3044 8599 8585
17642 2 2 0 4 8411 8587 4608
17643 2 2 0 4 8620 8621 4696
17644 2 2 0 4 6835 8452 8401
17645 2 2 0 4 4318 8359 8178
17646 2 2 0 4 5186 8342 8299
17647 2 2 0 4 5991 8394 8056
17648 2 2 0 4 6156 8532 8334
17649 2 2 0 4 2331 8675 8056
17650 2 2 0 4 5882 8675 6112
17651 2 2 0 4 4566 8176 7598
17652 2 2 0 4 5454 8685 8224
17653 2 2 0 4 4686 8696 8420
17654 2 2 0 4 8524 8525 6246
17655 2 2 0 4 3858 8667 8264
17656 2 2 0 4 7983 8150 5472
17657 2 2 0 4 6417 8688 6410
17658 2 2 0 4 5178 8689 6513
17659 2 2 0 4 7928 8457 2214
17660 2 2 0 4 5008 8688 6424
17661 2 2 0 4 6450 8689 5899
17662 2 2 0 4 7631 8406 5541
17663 2 2 0 4 8536 8577 5390
17664 2 2 0 4 2403 8428 7589
17665 2 2 0 4 4924 8351 8284
17666 2 2 0 4 7462 8596 8584
17667 2 2 0 4 8584 8596 6244
17668 2 2 0 4 7835 8060 6949
17669 2 2 0 4 7787 8709 6932
17670 2 2 0 4 5185 8690 5375
17671 2 2 0 4 7771 8718 5843
17672 2 2 0 4 4591 8438 4590
17673 2 2 0 4 2560 8442 8306
17674 2 2 0 4 8374 8375 2578
17675 2 2 0 4 8086 8538 5095
17676 2 2 0 4 8579 8580 5126
17677 2 2 0 4 8562 8563 2326
17678 2 2 0 4 2416 8614 8605
17679 2 2 0 4 5712 8718 7771
17680 2 2 0 4 8585 8599 7529
17681 2 2 0 4 3576 8707 8706
17682 2 2 0 4 8224 8685 7517
17683 2 2 0 4 2128 2167 2126
17684 2 2 0 4 4014 4023 4012
17685 2 2 0 4 7303 7817 4321
17686 2 2 0 4 8309 8326 5504
17687 2 2 0 4 6358 8111 5978
17688 2 2 0 4 6317 6414 6413
$EndElements
