time_hours,I2_center_nM,S2_free_center_nM,S2_total_center_nM,I1O2_active
0.0,100.0,0.0,0.0,1
0.016666666666666666,99.95987849041107,0.04540013342510726,1.1530015939838372,1
0.03333333333333333,99.87656852698586,0.09515270711352199,3.4921163194681637,1
0.05,99.75770048097532,0.13725417152341343,6.779287141847602,1
0.06666666666666667,99.60996920943573,0.17261975603338547,10.814543027813071,1
0.08333333333333333,99.43769813545154,0.20380435390747076,15.464981371685283,1
0.1,99.24345323755301,0.23271924949176123,20.64513898017283,1
0.11666666666666667,99.02867137115481,0.26060443977192366,26.299144652430396,1
0.13333333333333333,98.79406758175348,0.2882658438572959,32.38931690811685,1
0.15,98.53988132717329,0.3162491897626816,38.88922045579138,1
0.16666666666666666,98.26602705954559,0.34494323614477745,45.779347800158746,1
0.18333333333333332,97.97218978992514,0.37463906866145286,53.04431867711084,1
0.2,97.65788861541874,0.40556457408272795,60.67097645644628,1
0.21666666666666667,97.32252115165691,0.4379049553865942,68.64703440516746,1
0.23333333333333334,96.96539631967187,0.47181522101438306,76.96007469133711,1
0.25,96.585759899984,0.507427916316415,85.59678632042959,1
0.26666666666666666,96.18281554560636,0.5448579406304315,94.54237568830747,1
0.2833333333333333,95.75574294034529,0.5842055190342396,103.78011124603917,1
0.3,95.30371418319638,0.6255579656113793,113.29098040181908,1
0.31666666666666665,94.82590910359575,0.6689906268172766,123.05344680490082,1
0.3333333333333333,94.32152997153118,0.714567246952369,133.0433020878205,1
0.35,93.78981590723642,0.7623399091399308,143.23360941911403,1
0.36666666666666664,93.23005718566098,0.8123486508172166,153.5947376819254,1
0.38333333333333336,92.64160955176513,0.864620819391297,164.0944852635382,1
0.4,92.0239086016695,0.9191702139427965,174.69829165886617,1
0.4166666666666667,91.37648423370361,0.9759960484413152,185.36953360421913,1
0.43333333333333335,90.69897512692144,1.0350817684381508,196.0699004649359,1
0.45,89.9911430078153,1.0963937628391065,206.75984360546724,1
0.4666666666666667,89.25288731267071,1.1598799747477138,217.39907798986386,1
0.48333333333333334,88.48425859437938,1.2254685323697683,227.94714685914573,1
0.5,87.68547187177055,1.2930663992297955,238.3640112051696,1
0.5166666666666667,86.85691891123756,1.3625581542050633,248.6106589537122,1
0.5333333333333333,85.99917921997816,1.4338049936256203,258.6497132409478,1
0.55,85.11302933439542,1.5066440670456989,268.4460206827583,1
0.5666666666666667,84.19944994000547,1.5808882692742,277.9672004578759,1
0.5833333333333334,83.25963032806044,1.6563266148896656,287.1841357815537,1
0.6,82.29496968727861,1.7327253148533242,296.0713909783018,1
0.6166666666666667,81.30707475493462,1.8098296552822686,304.60753986186063,1
0.6333333333333333,80.29775341727508,1.887366744282804,312.77539443186583,1
0.65,79.26900395924208,1.9650491440021873,320.5621268706544,1
0.6666666666666666,78.22299981796561,2.042579344012794,327.95928227839414,1
0.6833333333333333,77.16207007073524,2.119654952048553,334.9626827906631,1
0.7,76.08867500642812,2.1959744774856365,341.5722374727971,1
0.7166666666666667,75.00537913393728,2.271243353331705,347.7916532187607,1
0.7333333333333333,73.91482048691788,2.3451800164840053,353.6280775334701,1
0.75,72.81967807191255,2.417521689094174,359.0916820467408,1
0.7666666666666667,71.72263831839788,2.4880295680208797,364.19520728860556,1
0.7833333333333333,70.62636164473416,2.556493158343325,368.953487885154,1
0.8,69.53345024539306,2.622733547290378,373.3829765398302,1
0.8166666666666667,68.44641812161079,2.6866054932288397,377.50128335414325,1
0.8333333333333334,67.36766422945325,2.7479982905382765,381.3267444387747,1
0.85,66.29944942263005,2.8068354550935033,384.87803065025173,1
0.8666666666666667,65.24387764270429,2.863073347696446,388.1738039557088,1
0.8833333333333333,64.2028815779613,2.9166989076536805,391.2324256557096,1
0.9,63.178212793516764,2.967726702451206,394.0717177118942,1
0.9166666666666666,62.171436144590025,3.0161955119613513,396.7087758963806,1
0.9333333333333333,61.18392813234679,3.062164659262819,399.1598314963599,1
0.95,60.2168787520264,3.105710279121868,401.44015689685244,1
0.9666666666666667,59.271296316107815,3.1469216844074284,403.5640094993949,1
0.9833333333333333,58.348014707209174,3.1858979550506707,405.5446080482288,1
1.0,57.44770252000881,3.222744837797957,407.39413543975934,1
1.0166666666666666,56.57087358128883,3.2575720111186572,409.1237623892406,1
1.0333333333333334,55.71789838465833,3.2904907402894406,410.7436868276795,1
1.05,54.8890160346401,3.321611923948411,412.2631845195257,1
1.0666666666666667,54.08434635769633,3.3510445155340105,413.6906670602516,1
1.0833333333333333,53.3039019007839,3.3788942906535486,415.03374408090957,1
1.1,52.54759959780621,3.4052629238554295,416.2992871179118,1
1.1166666666666667,51.81527193866207,3.43024733462759,417.49349317761016,1
1.1333333333333333,51.10667752324897,3.4539392618033387,418.6219465245923,1
1.15,50.42151092328433,3.476425027072757,419.68967764588723,1
1.1666666666666667,49.75941180823981,3.497785451243892,420.7012186922351,1
1.1833333333333333,49.11997331848765,3.518095890674032,421.6606549776555,1
1.2,48.50274968960398,3.5374263654431393,422.57167233731036,1
1.2166666666666666,47.90726314743542,3.5558417550346673,423.43760030956787,1
1.2333333333333334,47.33301010481534,3.573402041298869,424.2614512297739,1
1.25,46.7794666984825,3.590162582159883,425.0459554085878,1
1.2666666666666666,46.246093709514966,3.6061744028131315,425.7935926241331,1
1.2833333333333334,45.732340913067816,3.6214844940179147,426.50662019098127,1
1.3,45.237650903931254,3.6361361095224862,427.18709788552167,1
1.3166666666666667,44.761462443851705,3.650169056692183,427.8369100110113,1
1.3333333333333333,44.30321337505184,3.663619976080546,428.45778488015463,1
1.35,43.86234314223774,3.676522607032456,429.05131198129277,1
1.3666666666666667,43.43829496282732,3.6889080374787637,429.618957078412,1
1.3833333333333333,43.03051768234943,3.7008049369186327,430.16207547690857,1
1.4,42.63846734908469,3.7122397722248244,430.68192366764157,1
1.4166666666666667,42.261608539145,3.723237006386503,431.1796695421817,1
1.4333333333333333,41.89941546038966,3.733819280651167,431.6564013529799,1
1.45,41.55137286090086,3.7440075807713904,432.1131355738597,1
1.4666666666666666,41.216976765219734,3.7538213882226508,432.5508237990716,1
1.4833333333333334,40.89573505919556,3.7632788173557357,432.9703588032762,1
1.5,40.587167942131764,3.7723967394953193,433.37257987033263,1
1.5166666666666666,40.29080826292453,3.781190895007436,433.75827748563853,1
1.5333333333333334,40.00620175507936,3.789675994343795,434.128197474992,1
1.55,39.73290718384975,3.7978658090358404,434.4830446624185,1
1.5666666666666667,39.470496417260634,3.805773253564458,434.8234861100799,1
1.5833333333333333,39.21855443144727,3.8134104589755813,435.15015399513777,1
1.6,38.976679259544966,3.8207888390518443,435.46364817118877,1
1.6166666666666667,38.744481892296676,3.8279191497882445,435.7645384555385,1
1.6333333333333333,38.52158625483437,3.834811530464464,436.05336604771844,1
1.65,38.307628673578336,3.8414755890351233,436.3306473673945,1
1.6666666666666667,38.102258036060206,3.847920409358364,436.59687359561184,1
1.6833333333333333,37.90513543902906,3.8541545999916873,436.85251293239463,1
1.7,37.71593394023953,3.860186330387128,437.0980119610993,1
1.7166666666666666,37.534338294140476,3.866023362773643,437.33379689148074,1
1.7333333333333334,37.360044674844794,3.8716730808535953,437.56027469666384,1
1.75,37.1927603893071,3.877142515749644,437.7778341567709,1
1.7666666666666666,37.032203583258735,3.8824383695190225,437.98684682017006,1
1.7833333333333334,36.878102942120584,3.8875670365059585,438.1876678918125,1
1.8,36.73019738882327,3.8925346227688595,438.3806370568303,1
1.8166666666666667,36.58823578020804,3.8973469637918003,438.56607924646,1
1.8333333333333333,36.45197660345458,3.9020096406651206,438.74430535240384,1
1.85,36.3211876737816,3.906527994899517,438.9156128949213,1
1.8666666666666667,36.195645834488374,3.9109071420183876,439.0802866492439,1
1.8833333333333333,36.075136660249356,3.9151519840571254,439.23859923430325,1
1.9,35.959454164435016,3.919267221082703,439.39081166724736,1
1.9166666666666667,35.84840051111048,3.923257361834257,439.5371738867754,1
1.9333333333333333,35.741785732255316,3.9271267335734774,439.6779252479449,1
1.95,35.63942745065334,3.93087949122368,439.8132949907776,1
1.9666666666666666,35.54115060881723,3.93451962586702,439.94350268471095,1
1.9833333333333334,35.44678720423961,3.938050972661618,440.06875865070344,1
2.0,35.35617603119721,3.9414772182334485,440.1892643625951,1
2.0166666666666666,35.269162429278325,3.944801907591323,440.3052128291458,1
2.033333333333333,35.18559803875407,3.948028450607953,440.4167889580241,1
2.05,35.1053405628703,3.951160128105648,440.52416990288657,1
2.066666666666667,35.02825353709966,3.954200097580468,440.6275253945706,1
2.0833333333333335,34.95420610535991,3.95715139859507,440.7270180573308,1
2.1,34.88307280317654,3.960016957867762,440.8228037109599,1
2.1166666666666667,34.814733347742646,3.96279959408136,440.91503165955993,1
2.1333333333333333,34.74907243480847,3.9655020224340753,441.00384496767055,1
2.15,34.68597954231434,3.968126858951185,441.0893807243956,1
2.1666666666666665,34.62534874066603,3.970676624575888,441.17177029612964,1
2.183333333333333,34.56707850953787,3.973153749053997,441.251139568433,1
2.2,34.511071561079184,3.975560574627516,441.3276091775727,1
2.216666666666667,34.45723466938967,3.9778993595493963,441.40129473220725,1
2.2333333333333334,34.40547850612304,3.9801722814314013,441.47230702566594,1
2.25,34.35571748207208,3.9823814404355797,441.5407522392443,1
2.2666666666666666,34.3078695945839,3.98452886231885,441.60673213691246,1
2.283333333333333,34.261856280651266,3.9866165013397086,441.6703442518133,1
2.3,34.21760227552316,3.9886462430349385,441.7316820649033,1
2.316666666666667,34.17503547667688,3.9906199068739188,441.79083517607467,1
2.3333333333333335,34.134086812993225,3.992539248797015,441.847889468077,1
2.35,34.094690118976324,3.994405963644671,441.90292726354386,1
2.3666666666666667,34.05678201386079,3.996221687482784,441.95602747541267,1
2.3833333333333333,34.02030178544957,3.9979879998298142,442.0072657510158,1
2.4,33.98519127852818,3.999706425790601,442.05671461010536,1
2.4166666666666665,33.95139478770245,4.001378438101574,442.10444357706615,1
2.433333333333333,33.91885895450979,4.00300545909162,442.1505193075548,1
2.45,33.88753266865636,4.004588862562786,442.1950057098002,1
2.466666666666667,33.85736697323549,4.006129975594382,442.23796406078253,1
2.4833333333333334,33.828314973785744,4.007630080274317,442.279453117506,1
2.5,33.80033175105033,4.009090415360881,442.31952922356714,1
2.5166666666666666,33.77337427730278,4.010512177878107,442.3582464112135,1
2.533333333333333,33.7474013361073,4.011896524647653,442.39565649908053,1
2.55,33.72237344538574,4.013244573760163,442.4318091857852,1
2.566666666666667,33.698252783666554,4.01455740598868,442.4667521395494,1
2.5833333333333335,33.6750031193949,4.015836066146482,442.50053108401727,1
2.6,33.652589743186375,4.017081564391985,442.53318988042577,1
2.6166666666666667,33.63097940291063,4.018294877482788,442.5647706062805,1
2.6333333333333333,33.61014024149452,4.019476949980973,442.59531363068226,1
2.65,33.59004173733821,4.020628695412003,442.62485768644586,1
2.6666666666666665,33.57065464724082,4.021750997378742,442.6534399391436,1
2.683333333333333,33.551950951735996,4.022844710632664,442.68109605320427,1
2.7,33.53390380274084,4.023910662104114,442.7078602551912,1
2.716666666666667,33.51648747342514,4.0249496518932055,442.7337653943774,1
2.7333333333333334,33.49967731021126,4.025962454222768,442.7588430007325,1
2.75,33.483449686817856,4.026949818355085,442.78312334043113,1
2.7666666666666666,33.46778196026402,4.027912469474151,442.80663546898677,1
2.783333333333333,33.45265242875342,4.028851109534133,442.82940728211224,1
2.8,33.43804029136089,4.0297664180760755,442.85146556440407,1
2.816666666666667,33.42392560944704,4.030659053013733,442.87283603594193,1
2.8333333333333335,33.41028926972886,4.031529651389913,442.89354339689254,1
2.85,33.39711294893749,4.032378830104428,442.9136113702037,1
2.8666666666666667,33.384379079996705,4.033207186614806,442.9330627424691,1
2.8833333333333333,33.37207081965822,4.034015299610969,442.95191940304255,1
2.9,33.360172017532584,4.034803729664502,442.9702023814768,1
2.9166666666666665,33.34866718645669,4.0355730198540956,442.9879318833575,1
2.933333333333333,33.337541474141275,4.036323696367578,443.00512732460373,1
2.95,33.32678063604419,4.037056269081768,443.02180736429784,1
2.966666666666667,33.31637100941712,4.03777123212082,443.0379899361101,1
2.9833333333333334,33.30629948847586,4.038469064394128,443.05369227837747,1
3.0,33.29655350064597,4.039150230114282,443.0689309628951,1
3.0166666666666666,33.287120983837866,4.039815179296126,443.08372192247583,1
3.033333333333333,33.27799036470713,4.040464348237452,443.0980804773303,1
3.05,33.26915053785752,4.041098159982246,443.1120213603196,1
3.066666666666667,33.26059084594638,4.041717024766887,443.1255587411283,1
3.0833333333333335,33.25230106065324,4.042321340450276,443.13870624940455,1
3.1,33.244271364474315,4.042911492928135,443.15147699691283,1
3.1166666666666667,33.23649233330742,4.04348785653248,443.1638835987411,1
3.1333333333333333,33.22895491979267,4.044050794416549,443.1759381936031,1
3.15,33.22165043737655,4.0446006589259795,443.1876524632763,1
3.1666666666666665,33.21457054506753,4.045137791956383,443.19903765121165,1
3.183333333333333,33.20770723285349,4.045662525298229,443.2101045803511,1
3.2,33.20105280775199,4.046175180969409,443.22086367018875,1
3.216666666666667,33.194599880465745,4.046676071535852,443.2313249531056,1
3.2333333333333334,33.18834135261701,4.047165500420618,443.24149809001216,1
3.25,33.18227040453557,4.04764376220216,443.2513923853271,1
3.2666666666666666,33.17638048357613,4.048111142901873,443.26101680132246,1
3.283333333333333,33.170665292941926,4.048567920261462,443.2703799718601,1
3.3,33.16511878099252,4.049014364010584,443.279490215549,1
3.316666666666667,33.159735131014415,4.049450736124954,443.2883555483461,1
3.3333333333333335,33.154508751434435,4.049877291075485,443.2969836956262,1
3.35,33.14943426645626,4.050294276068504,443.3053821037426,1
3.3666666666666667,33.14450650710165,4.050701931277806,443.31355795110215,1
3.3833333333333333,33.139720502638724,4.051100490068382,443.32151815877495,1
3.4,33.13507147238009,4.051490179212461,443.32926940065744,1
3.4166666666666665,33.130554817834785,4.051871219098044,443.3368181132113,1
3.433333333333333,33.12616611519844,4.052243823930199,443.344170504794,1
3.45,33.121901108166774,4.052608201925342,443.351332564599,1
3.466666666666667,33.11775570105836,4.052964555498973,443.35831007122323,1
3.4833333333333334,33.11372595223286,4.053313081446648,443.3651086008781,1
3.5,33.109808067792095,4.053653971119181,443.3717335352578,1
3.5166666666666666,33.10599839555116,4.053987410591394,443.3781900690819,1
3.533333333333333,33.10229341926803,4.054313580825492,443.3844832173243,1
3.55,33.09868975312016,4.054632657828602,443.3906178221438,1
3.566666666666667,33.095184136417316,4.054944812805124,443.3965985595269,1
3.5833333333333335,33.091773428540165,4.055250212303827,443.40242994565796,1
3.6,33.08845460409491,4.05554901836003,443.408116343026,1
3.6166666666666667,33.08522474827433,4.055841388632996,443.4136619662811,1
3.6333333333333333,33.08208105241623,4.056127476538695,443.41907088785024,1
3.65,33.079020809750716,4.056407431378093,443.42434704332305,1
3.6666666666666665,33.07604141132794,4.056681398461275,443.4294942366176,1
3.683333333333333,33.073140342118464,4.056949519227163,443.4345161449351,1
3.7,33.07031517727871,4.057211931359659,443.4394163235137,1
3.716666666666667,33.067563578574195,4.057468768899545,443.44419821018823,1
3.7333333333333334,33.06488329095377,4.057720162352953,443.4488651297654,1
3.75,33.062272139268195,4.057966238796143,443.45342029822257,1
3.7666666666666666,33.05972802512672,4.058207121976835,443.45786682673554,1
3.783333333333333,33.05724902483858,4.0584429198742775,443.4622071433757,1
3.8,33.05483307992237,4.058673762467531,443.4664448374575,1
3.816666666666667,33.05247830451854,4.058899765511902,443.47058271292997,1
3.8333333333333335,33.050182878195535,4.059121040491654,443.4746234858686,1
3.85,33.04794504347731,4.05933769579392,443.47856978772245,1
3.8666666666666667,33.04576310342114,4.059549836975151,443.48242416804044,1
3.8833333333333333,33.04363541928311,4.0597575668871695,443.48618909713383,1
3.9,33.04156040827663,4.059960985768729,443.48986696869326,1
3.9166666666666665,33.03953654142283,4.060160191324397,443.4934601023509,1
3.933333333333333,33.03756234148984,4.060355278797496,443.4969707461778,1
3.95,33.035636381017696,4.060546341039331,443.5004010791121,1
3.966666666666667,33.033757280425085,4.060733468575499,443.5037532133141,1
3.9833333333333334,33.0319237061944,4.060916749670462,443.50702919644607,1
4.0,33.0301343691319,4.061096270389698,443.5102310138782,1
4.016666666666667,33.028388022699446,4.061272114660278,443.5133605908199,1
4.033333333333333,33.02668346141482,4.061444364329683,443.51641979437727,1
4.05,33.02501951931754,4.061613099222909,443.51941043553876,1
4.066666666666666,33.02339506849736,4.061778397197844,443.5223342710906,1
4.083333333333333,33.02180901768269,4.061940334199164,443.5251930054628,1
4.1,33.02026031088641,4.062098984310653,443.52798829250963,1
4.116666666666666,33.01874792610638,4.06225441980598,443.53072173722376,1
4.133333333333334,33.01727087407863,4.062406711197954,443.5333948973895,1
4.15,33.01582819708057,4.062555927286473,443.5360092851741,1
4.166666666666667,33.01441896778241,4.062702135204737,443.5385663686618,1
4.183333333333334,33.01304228814451,4.062845400464622,443.54106757332994,1
4.2,33.01169728835879,4.062985787000241,443.54351428347263,1
4.216666666666667,33.01038312583224,4.063123357210444,443.5459078435699,1
4.233333333333333,33.009098984210915,4.063258171999972,443.54824955960856,1
4.25,33.00784407244245,4.063390290819558,443.5505407003529,1
4.266666666666667,33.0066176238757,4.063519771704607,443.55278249856923,1
4.283333333333333,33.005418895395785,4.063646671312904,443.5549761522061,1
4.3,33.00424716659313,4.063771044961203,443.5571228255301,1
4.316666666666666,33.003101738964936,4.063892946660622,443.5592236502213,1
4.333333333333333,33.001981935148,4.064012429151134,443.5612797264283,1
4.35,33.000887098181224,4.064129543934972,443.56329212378466,1
4.366666666666666,32.99981659079686,4.064244341309105,443.56526188238877,1
4.383333333333334,32.99876979473911,4.064356870396689,443.5671900137486,1
4.4,32.99774611010903,4.064467179177701,443.5690775016915,1
4.416666666666667,32.99674495473464,4.064575314518573,443.57092530324206,1
4.433333333333334,32.9957657635652,4.064681322201079,443.57273434946813,1
4.45,32.99480798808856,4.064785246950327,443.574505546297,1
4.466666666666667,32.9938710957708,4.064887132461948,443.5762397753017,1
4.483333333333333,32.99295456951706,4.06498702142848,443.5779378944603,1
4.5,32.992057907152905,4.065084955565093,443.5796007388878,1
4.516666666666667,32.99118062092513,4.065180975634472,443.5812291215424,1
4.533333333333333,32.99032223702138,4.065275121471016,443.5828238339068,1
4.55,32.98948229510788,4.065367432004354,443.5843856466461,1
4.566666666666666,32.98866034788424,4.065457945282287,443.5859153102423,1
4.583333333333333,32.98785596065506,4.06554669849294,443.5874135556062,1
4.6,32.98706871091723,4.065633727986294,443.58888109467006,1
4.616666666666666,32.98629818796263,4.065719069295286,443.5903186209573,1
4.633333333333334,32.98554399249546,4.06580275715616,443.5917268101346,1
4.65,32.984805736263525,4.065884825528259,443.59310632054434,1
4.666666666666667,32.98408304170314,4.0659653076133075,443.5944577937183,1
4.683333333333334,32.9833755415969,4.066044235874207,443.5957818548751,1
4.7,32.98268287874394,4.066121642053186,443.59707911339984,1
4.716666666666667,32.98200470564208,4.066197557189581,443.5983501633083,1
4.733333333333333,32.981340684181525,4.066272011637047,443.59959558369474,1
4.75,32.98069048534945,4.06634503508029,443.60081593916544,1
4.766666666666667,32.98005378894527,4.066416656551423,443.60201178025744,1
4.783333333333333,32.979430283306066,4.066486904445809,443.6031836438435,1
4.8,32.97881966504166,4.06655580653745,443.60433205352376,1
4.816666666666666,32.97822163877923,4.066623389994034,443.605457520004,1
4.833333333333333,32.97763591691682,4.066689681391562,443.6065605414623,1
4.85,32.97706221938554,4.066754706728529,443.6076416039029,1
4.866666666666666,32.97650027342013,4.0668184914397765,443.60870118149967,1
4.883333333333334,32.97594981333746,4.066881060409931,443.6097397369269,1
4.9,32.97541058032281,4.066942437986543,443.6107577216808,1
4.916666666666667,32.974882322223436,4.067002647992814,443.61175557639,1
4.933333333333334,32.97436479334937,4.067061713740052,443.6127337311163,1
4.95,32.973857754280935,4.067119658039723,443.613692605646,1
4.966666666666667,32.973360971682965,4.067176503215242,443.6146326097712,1
4.983333333333333,32.97287421812523,4.067232271113451,443.6155541435636,1
5.0,32.972397271909074,4.067286983115755,443.6164575976382,1
5.016666666666667,32.97192991689983,4.067340660149021,443.61734335340986,1
5.033333333333333,32.971471942364886,4.06739332269617,443.61821178334134,1
5.05,32.971023142817145,4.067444990806456,443.6190632511835,1
5.066666666666666,32.97058331786382,4.067495684105555,443.61989811220866,1
5.083333333333333,32.970152272060126,4.067545421805296,443.6207167134362,1
5.1,32.96972981476791,4.067594222713384,443.6215193938515,1
5.116666666666666,32.96931576001883,4.067642105242378,443.6223064846178,1
5.133333333333334,32.96890992638214,4.067689087419079,443.62307830928285,1
5.15,32.96851213683676,4.067735186893121,443.6238351839772,1
5.166666666666667,32.96812221864745,4.067780420945657,443.62457741760875,1
5.183333333333334,32.9677400032451,4.067824806497783,443.62530531204965,1
5.2,32.96736532611075,4.067868360118642,443.62601916231904,1
5.216666666666667,32.9669980266635,4.06791109803347,443.62671925675926,1
5.233333333333333,32.966637948151835,4.067953036131285,443.6274058772072,1
5.25,32.96628493754855,4.0679941899724845,443.628079299161,1
5.266666666666667,32.96593884544893,4.068034574796259,443.6287397919413,1
5.283333333333333,32.96559952597219,4.0680742055277666,443.6293876188479,1
5.3,32.96526683666595,4.068113096785179,443.63002303731207,1
5.316666666666666,32.9649406384138,4.068151262886489,443.63064629904414,1
5.333333333333333,32.964620795345674,4.0681887178562155,443.631257650177,1
5.35,32.964307174751006,4.068225475431947,443.6318573314058,1
5.366666666666666,32.96399964699461,4.068261549070659,443.63244557812243,1
5.383333333333334,32.96369808543513,4.068296951954929,443.6330226205479,1
5.4,32.96340236634595,4.068331696998946,443.63358868385944,1
5.416666666666667,32.963112368838644,4.068365796854515,443.6341439883152,1
5.433333333333334,32.96282797478854,4.068399263916699,443.6346887493743,1
5.45,32.96254906876277,4.068432110329528,443.63522317781434,1
5.466666666666667,32.96227553795029,4.068464347991419,443.63574747984535,1
5.483333333333333,32.96200727209415,4.068495988560567,443.6362618572206,1
5.5,32.96174416342566,4.0685270434601675,443.6367665073438,1
5.516666666666667,32.96148610660065,4.068557523883486,443.6372616233749,1
5.533333333333333,32.96123299863745,4.068587440798909,443.6377473943308,1
5.55,32.960984738856844,4.068616804954681,443.6382240051852,1
5.566666666666666,32.96074122882373,4.068645626883792,443.6386916369645,1
5.583333333333333,32.96050237229043,4.068673916908454,443.6391504668418,1
5.6,32.96026807514178,4.068701685144817,443.63960066822773,1
5.616666666666666,32.96003824534166,4.068728941507171,443.64004241085985,1
5.633333333333334,32.95981279288119,4.068755695712441,443.6404758608884,1
5.65,32.959591629728344,4.068781957284291,443.64090118096027,1
5.666666666666667,32.95937466977903,4.068807735557227,443.6413185303015,1
5.683333333333334,32.95916182880953,4.068833039680753,443.64172806479627,1
5.7,32.95895302443032,4.068857878623147,443.6421299370648,1
5.716666666666667,32.95874817604123,4.068882261175297,443.64252429653874,1
5.733333333333333,32.95854720478779,4.068906195954567,443.64291128953425,1
5.75,32.95835003351881,4.0689296914083375,443.6432910593243,1
5.766666666666667,32.958156586745204,4.068952755817694,443.6436637462082,1
5.783333333333333,32.95796679059988,4.068975397300764,443.64402948757896,1
5.8,32.957780572798804,4.068997623816284,443.6443884179902,1
5.816666666666666,32.95759786260306,4.069019443166841,443.6447406692204,1
5.833333333333333,32.957418590782034,4.069040863002176,443.64508637033515,1
5.85,32.957242689577576,4.069061890822321,443.6454256477493,1
5.866666666666666,32.957070092669056,4.069082533980756,443.64575862528574,1
5.883333333333334,32.956900735139506,4.069102799687438,443.6460854242341,1
5.9,32.956734553442544,4.069122695011795,443.64640616340733,1
5.916666666666667,32.95657148537028,4.069142226885592,443.6467209591966,1
5.933333333333334,32.95641147002205,4.069161402105797,443.6470299256256,1
5.95,32.95625444777393,4.0691802273373545,443.6473331744028,1
5.966666666666667,32.95610036024915,4.069198709115896,443.64763081497273,1
5.983333333333333,32.95594915028922,4.069216853850415,443.6479229545658,1
6.0,32.95580076192585,4.069234667825887,443.64820969824734,1
6.016666666666667,32.95565514035356,4.069252157205686,443.64849114896464,1
6.033333333333333,32.95551223190311,4.069269328034246,443.64876740759354,1
6.05,32.95537198401547,4.069286186239305,443.6490385729837,1
6.066666666666666,32.95523434521662,4.0693027376344775,443.64930474200264,1
6.083333333333333,32.95509926509286,4.069318987921385,443.6495660095788,1
6.1,32.95496669426686,4.069334942692061,443.64982246874314,1
6.116666666666666,32.95483658437426,4.069350607431115,443.6500742106709,1
6.133333333333334,32.95470888804089,4.069365987517897,443.65032132472084,1
6.15,32.954583558860556,4.069381088228684,443.6505638984746,1
6.166666666666667,32.95446055137345,4.06939591473869,443.6508020177751,1
6.183333333333334,32.95433982104498,4.069410472124163,443.65103576676324,1
6.2,32.954221324245246,4.0694247653642615,443.65126522791405,1
6.216666666666667,32.95410501822899,4.069438799343178,443.651490482073,1
6.233333333333333,32.95399086111601,4.069452578851925,443.65171160848985,1
6.25,32.95387881187215,4.06946610859018,443.65192868485286,1
6.266666666666667,32.95376883029064,4.069479393168226,443.65214178732145,1
6.283333333333333,32.95366087697401,4.069492437108605,443.65235099055894,1
6.3,32.953554913316346,4.069505244847976,443.65255636776357,1
6.316666666666666,32.95345090148608,4.0695178207387555,443.65275799069957,1
6.333333333333333,32.95334880440916,4.0695301690507835,443.65295592972694,1
6.35,32.95324858575255,4.0695422939730435,443.6531502538311,1
6.366666666666666,32.95315020990828,4.069554199615172,443.65334103065106,1
6.383333333333334,32.95305364197775,4.069565890009103,443.6535283265085,1
6.4,32.9529588477565,4.069577369110529,443.65371220643385,1
6.416666666666667,32.95286579371927,4.069588640800494,443.6538927341941,1
6.433333333333334,32.952774447005474,4.069599708886803,443.6540699723182,1
6.45,32.952684775405004,4.069610577105446,443.65424398212315,1
6.466666666666667,32.95259674734438,4.069621249122079,443.6544148237387,1
6.483333333333333,32.95251033187317,4.069631728533354,443.6545825561318,1
6.5,32.95242549865085,4.069642018868336,443.65474723713055,1
6.516666666666667,32.95234221793378,4.069652123589691,443.65490892344764,1
6.533333333333333,32.952260460562755,4.069662046095131,443.65506767070286,1
6.55,32.95218019795055,4.069671789718587,443.65522353344545,1
6.566666666666666,32.952101402070014,4.069681357731541,443.65537656517625,1
6.583333333333333,32.952024045442236,4.069690753344162,443.6555268183688,1
6.6,32.95194810112513,4.069699979706524,443.6556743444901,1
6.616666666666666,32.95187354270224,4.069709039909793,443.65581919402126,1
6.633333333333334,32.95180034427169,4.069717936987385,443.65596141647706,1
6.65,32.951728480435634,4.069726673915962,443.6561010604258,1
6.666666666666667,32.95165792628968,4.06973525361675,443.6562381735084,1
6.683333333333334,32.95158865741275,4.0697436789564305,443.65637280245676,1
6.7,32.951520747148486,4.069751940141523,443.65650443155346,1
6.716666666666667,32.95145407153661,4.069760052535109,443.6566337557153,1
6.733333333333333,32.95138860735293,4.069768020292153,443.6567608046614,1
6.75,32.95132433178187,4.069775846185825,443.656885609522,1
6.766666666666667,32.95126122248545,4.069783532706794,443.65700820278516,1
6.783333333333333,32.951199257607456,4.069791082250452,443.6571286179058,1
6.8,32.95113841576253,4.069798497164481,443.65724688897836,1
6.816666666666666,32.95107867602116,4.069805779763677,443.65736305048216,1
6.833333333333333,32.95102001789418,4.069812932334838,443.6574771370834,1
6.85,32.950962421317506,4.069819957137554,443.65758918347905,1
6.866666666666666,32.95090586663804,4.069826856403648,443.6576992242743,1
6.883333333333334,32.9508503346004,4.069833632336367,443.65780729388507,1
6.9,32.95079580633473,4.069840287109209,443.65791342646116,1
6.916666666666667,32.95074226334529,4.069846822864916,443.6580176558253,1
6.933333333333334,32.95068968750003,4.069853241714815,443.65812001542594,1
6.95,32.950638061020754,4.069859545738118,443.65822053829993,1
6.966666666666667,32.95058736647392,4.069865736981551,443.65831925704435,1
6.983333333333333,32.95053758676203,4.069871817458996,443.65841620379456,1
7.0,32.95048870511554,4.069877789151387,443.6585114102088,1
7.016666666666667,32.95044070508512,4.06988365400678,443.6586049074569,1
7.033333333333333,32.950393570534295,4.0698894139402695,443.65869672621267,1
7.05,32.95034728563249,4.069895070834343,443.6587868966496,1
7.066666666666666,32.95030183484832,4.069900626538937,443.65887544843906,1
7.083333333333333,32.95025720294315,4.069906082871834,443.65896241075006,1
7.1,32.95021337496493,4.0699114416189675,443.6590478122513,1
7.116666666666666,32.95017033624216,4.069916704534777,443.659131681114,1
7.133333333333334,32.950128072378156,4.069921873342629,443.65921404501586,1
7.15,32.950086569245435,4.069926949735244,443.6592949311461,1
7.166666666666667,32.9500458129803,4.069931935375083,443.6593743662113,1
7.183333333333334,32.95000578997752,4.069936831894882,443.6594523764405,1
7.2,32.94996648688524,4.069941640898041,443.65952898759286,1
7.216666666666667,32.94992789059995,4.0699463639591285,443.6596042249635,1
7.233333333333333,32.949889988261646,4.069951002624352,443.6596781133911,1
7.25,32.94985276724901,4.06995555841197,443.6597506772646,1
7.266666666666667,32.949816215174856,4.06996003281286,443.6598219405308,1
7.283333333333333,32.94978031988152,4.069964427290931,443.65989192670116,1
7.3,32.94974506943649,4.069968743283602,443.65996065886014,1
7.316666666666666,32.949710452128016,4.069972982202243,443.6600281596711,1
7.333333333333333,32.94967645646094,4.069977145432676,443.660094451385,1
7.35,32.9496430711525,4.0699812343355735,443.66015955584686,1
7.366666666666666,32.949610285128294,4.0699852502469875,443.6602234945028,1
7.383333333333334,32.94957808751831,4.0699891944787066,443.6602862884079,1
7.4,32.94954646765302,4.069993068318736,443.6603479582328,1
7.416666666666667,32.94951541505962,4.069996873031739,443.6604085242707,1
7.433333333333334,32.94948491945826,4.070000609859416,443.6604680064439,1
7.45,32.94945497075837,4.070004280020992,443.6605264243115,1
7.466666666666667,32.94942555905513,4.070007884713549,443.6605837970751,1
7.483333333333333,32.94939667462594,4.070011425112439,443.66064014358574,1
7.5,32.949368307926974,4.0700149023717795,443.6606954823502,1
7.516666666666667,32.949340449589826,4.07001831762471,443.66074983153777,1
7.533333333333333,32.94931309041819,4.070021671983837,443.6608032089858,1
7.55,32.94928622138463,4.070024966541612,443.66085563220634,1
7.566666666666666,32.94925983362741,4.070028202370718,443.6609071183921,1
7.583333333333333,32.94923391844737,4.07003138052439,443.66095768442216,1
7.6,32.94920846730488,4.070034502036764,443.6610073468678,1
7.616666666666666,32.94918347181687,4.0700375679233005,443.6610561219983,1
7.633333333333334,32.94915892375386,4.070040579181039,443.66110402578647,1
7.65,32.949134815037105,4.070043536788992,443.66115107391414,1
7.666666666666667,32.949111137735756,4.070046441708462,443.6611972817776,1
7.683333333333334,32.94908788406411,4.070049294883385,443.66124266449293,1
7.7,32.94906504637893,4.070052097240609,443.6612872369008,1
7.716666666666667,32.94904261717669,4.070054849690209,443.66133101357207,1
7.733333333333333,32.94902058909105,4.07005755312582,443.66137400881263,1
7.75,32.94899895489028,4.070060208424951,443.6614162366681,1
7.766666666666667,32.94897770747474,4.0700628164492505,443.6614577109289,1
7.783333333333333,32.9489568398744,4.070065378044774,443.6614984451346,1
7.8,32.94893634524649,4.070067894042364,443.6615384525793,1
7.816666666666666,32.94891621687304,4.070070365257801,443.66157774631506,1
7.833333333333333,32.94889644815862,4.07007279249222,443.66161633915743,1
7.85,32.94887703262806,4.070075176532215,443.6616542436893,1
7.866666666666666,32.9488579639242,4.0700775181502555,443.6616914722651,1
7.883333333333334,32.948839235805686,4.070079818104823,443.6617280370153,1
7.9,32.94882084214486,4.070082077140825,443.6617639498502,1
7.916666666666667,32.94880277692561,4.070084295989641,443.66179922246454,1
7.933333333333334,32.94878503424132,4.070086475369536,443.6618338663408,1
7.95,32.948767608292826,4.070088615985763,443.6618678927538,1
7.966666666666667,32.94875049338647,4.070090718530991,443.66190131277375,1
7.983333333333333,32.94873368393208,4.070092783685298,443.6619341372707,1
8.0,32.948717174441114,4.0700948121166,443.6619663769178,1
8.016666666666667,32.94870095952474,4.0700968044807535,443.6619980421952,1
8.033333333333333,32.948685033892005,4.070098761421798,443.6620291433933,1
8.05,32.94866939234804,4.070100683572269,443.6620596906167,1
8.066666666666666,32.94865402979226,4.070102571553203,443.6620896937868,1
8.083333333333334,32.94863894121665,4.070104425974569,443.66211916264615,1
8.1,32.948624121704036,4.070106247435338,443.6621481067609,1
8.116666666666667,32.94860956642643,4.0701080365237,443.6621765355247,1
8.133333333333333,32.94859527064337,4.0701097938173145,443.66220445816117,1
8.15,32.94858122970029,4.070111519883422,443.66223188372777,1
8.166666666666666,32.94856743902698,4.070113215279094,443.66225882111837,1
8.183333333333334,32.948553894136,4.07011488055139,443.6622852790662,1
8.2,32.948540590621185,4.070116516237557,443.66231126614696,1
8.216666666666667,32.9485275241561,4.0701181228651855,443.66233679078175,1
8.233333333333333,32.948514690492644,4.070119700952409,443.66236186123973,1
8.25,32.948502085459545,4.070121251008077,443.662386485641,1
8.266666666666667,32.94848970496101,4.07012277353186,443.6624106719593,1
8.283333333333333,32.94847754497527,4.07012426901453,443.66243442802477,1
8.3,32.948465601553266,4.070125737938007,443.6624577615265,1
8.316666666666666,32.94845387081734,4.070127180775583,443.66248068001494,1
8.333333333333334,32.948442348959844,4.070128597992096,443.6625031909048,1
8.35,32.94843103224194,4.070129990044042,443.66252530147716,1
8.366666666666667,32.94841991699229,4.070131357379689,443.662547018882,1
8.383333333333333,32.94840899960583,4.070132700439318,443.66256835014076,1
8.4,32.94839827654257,4.070134019655307,443.66258930214866,1
8.416666666666666,32.948387744326396,4.070135315452314,443.6626098816765,1
8.433333333333334,32.94837739954388,4.070136588247374,443.66263009537397,1
8.45,32.948367238843176,4.070137838450058,443.6626499497708,1
8.466666666666667,32.94835725893286,4.070139066462596,443.6626694512792,1
8.483333333333333,32.94834745658083,4.070140272680029,443.6626886061965,1
8.5,32.948337828613234,4.070141457490332,443.6627074207067,1
8.516666666666667,32.94832837191342,4.070142621274525,443.6627259008828,1
8.533333333333333,32.948319083420856,4.07014376440683,443.6627440526886,1
8.55,32.948309960130125,4.070144887254744,443.66276188198106,1
8.566666666666666,32.94830099908992,4.070145990179235,443.6627793945119,1
8.583333333333334,32.94829219740207,4.070147073534756,443.6627965959294,1
8.6,32.948283552220545,4.070148137669516,443.6628134917808,1
8.616666666666667,32.94827506075052,4.0701491829254195,443.6628300875136,1
8.633333333333333,32.94826672024743,4.070150209638278,443.66284638847765,1
8.65,32.948258528016105,4.070151218137913,443.66286239992684,1
8.666666666666666,32.9482504814098,4.0701522087482855,443.66287812702086,1
8.683333333333334,32.948242577829355,4.07015318178749,443.662893574827,1
8.7,32.948234814722326,4.070154137567963,443.6629087483217,1
8.716666666666667,32.94822718958213,4.0701550763966265,443.6629236523919,1
8.733333333333333,32.94821969994721,4.070155998574849,443.66293829183735,1
8.75,32.948212343400236,4.070156904398666,443.66295267137167,1
8.766666666666667,32.94820511756726,4.070157794158777,443.6629667956242,1
8.783333333333333,32.94819802011698,4.070158668140745,443.6629806691412,1
8.8,32.94819104875993,4.070159526624987,443.66299429638735,1
8.816666666666666,32.94818420124773,4.070160369886961,443.6630076817478,1
8.833333333333334,32.94817747537233,4.0701611981972,443.66302082952905,1
8.85,32.94817086896532,4.070162011821371,443.66303374396045,1
8.866666666666667,32.94816437989717,4.070162811020434,443.66304642919573,1
8.883333333333333,32.948158006076525,4.07016359605071,443.66305888931424,1
8.9,32.94815174544956,4.070164367163903,443.6630711283225,1
8.916666666666666,32.94814559599923,4.070165124607278,443.6630831501552,1
8.933333333333334,32.948139555744646,4.070165868623681,443.66309495867694,1
8.95,32.94813362274044,4.070166599451586,443.6631065576829,1
8.966666666666667,32.94812779507608,4.070167317325234,443.66311795090064,1
8.983333333333333,32.94812207087526,4.070168022474747,443.663129141991,1
9.0,32.948116448295295,4.070168715126061,443.66314013454934,1
9.016666666666667,32.94811092552648,4.070169395501144,443.66315093210693,1
9.033333333333333,32.948105500791506,4.070170063817991,443.6631615381317,1
9.05,32.948100172344894,4.0701707202906805,443.6631719560298,1
9.066666666666666,32.948094938472416,4.0701713651295535,443.6631821891466,1
9.083333333333334,32.94808979749049,4.070171998541153,443.66319224076767,1
9.1,32.94808474774569,4.070172620728298,443.6632021141198,1
9.116666666666667,32.94807978761415,4.070173231890323,443.6632118123723,1
9.133333333333333,32.948074915501046,4.070173832222873,443.66322133863787,1
9.15,32.94807012984009,4.070174421918213,443.6632306959736,1
9.166666666666666,32.948065429093006,4.070175001165131,443.6632398873819,1
9.183333333333334,32.94806081174901,4.070175570149034,443.6632489158119,1
9.2,32.948056276324316,4.070176129052142,443.66325778415995,1
9.216666666666667,32.948051821361666,4.070176678053273,443.6632664952707,1
9.233333333333333,32.948047445429864,4.070177217328191,443.6632750519382,1
9.25,32.948043147123265,4.070177747049461,443.66328345690624,1
9.266666666666667,32.94803892506135,4.070178267386617,443.6632917128703,1
9.283333333333333,32.948034777888225,4.070178778506129,443.6632998224774,1
9.3,32.94803070427227,4.070179280571569,443.6633077883274,1
9.316666666666666,32.948026702905615,4.0701797737435355,443.66331561297386,1
9.333333333333334,32.94802277250373,4.070180258179836,443.6633232989248,1
9.35,32.94801891180504,4.070180734035397,443.6633308486436,1
9.366666666666667,32.94801511957051,4.070181201462425,443.6633382645496,1
9.383333333333333,32.94801139458316,4.070181660610462,443.6633455490192,1
9.4,32.94800773564779,4.070182111626326,443.6633527043863,1
9.416666666666666,32.948004141590516,4.07018255465426,443.6633597329434,1
9.433333333333334,32.94800061125835,4.070182989835907,443.6633666369418,1
9.45,32.947997143518926,4.0701834173104565,443.66337341859315,1
9.466666666666667,32.94799373726007,4.07018383721455,443.66338008006943,1
9.483333333333333,32.94799039138942,4.070184249682451,443.66338662350404,1
9.5,32.94798710483412,4.070184654846003,443.66339305099234,1
9.516666666666667,32.94798387654044,4.070185052834753,443.66339936459235,1
9.533333333333333,32.947980705473434,4.070185443775899,443.6634055663255,1
9.55,32.9479775906166,4.070185827794371,443.6634116581773,1
9.566666666666666,32.947974530971564,4.070186205012947,443.66341764209784,1
9.583333333333334,32.94797152555774,4.070186575552154,443.6634235200025,1
9.6,32.947968573412034,4.070186939530418,443.66342929377254,1
9.616666666666667,32.947965673588484,4.070187297064054,443.66343496525593,1
9.633333333333333,32.947962825158015,4.070187648267259,443.6634405362674,1
9.65,32.947960027208076,4.070187993252284,443.66344600858963,1
9.666666666666666,32.9479572788424,4.070188332129373,443.66345138397367,1
9.683333333333334,32.94795457918067,4.070188665006719,443.6634566641392,1
9.7,32.94795192735823,4.070188991990707,443.66346185077566,1
9.716666666666667,32.94794932252587,4.070189313185776,443.66346694554176,1
9.733333333333333,32.947946763849465,4.070189628694513,443.6634719500674,1
9.75,32.94794425050975,4.070189938617746,443.6634768659532,1
9.766666666666667,32.947941781702035,4.0701902430543955,443.66348169477146,1
9.783333333333333,32.94793935663597,4.0701905421017095,443.6634864380663,1
9.8,32.947936974535274,4.070190835855205,443.6634910973545,1
9.816666666666666,32.94793463463748,4.070191124408666,443.66349567412595,1
9.833333333333334,32.94793233619368,4.070191407854252,443.6635001698439,1
9.85,32.94793007846832,4.070191686282469,443.66350458594576,1
9.866666666666667,32.947927860738886,4.070191959782167,443.66350892384327,1
9.883333333333333,32.94792568229576,4.070192228440743,443.66351318492315,1
9.9,32.947923542441956,4.07019248129262,443.66351735949604,1
9.916666666666666,32.947921441241256,4.070192749210459,443.66352147546553,1
9.933333333333334,32.947919376798154,4.070192994444669,443.6635255037561,1
9.95,32.94791734952913,4.070193242577541,443.66352946462683,1
9.966666666666667,32.947915358397005,4.070193487550419,443.663533355817,1
9.983333333333333,32.947913402655644,4.070193728519269,443.66353717831413,1
10.0,32.947911481630705,4.070193965366292,443.6635409333812,1
10.016666666666667,32.947909594678954,4.070194198104982,443.66354462225223,1
10.033333333333333,32.94790774117731,4.070194426782175,443.6635482461152,1
10.05,32.947905920518714,4.070194651455754,443.6635518061215,1
10.066666666666666,32.94790413211008,4.070194872187862,443.6635553033927,1
10.083333333333334,32.9479023753711,4.070195089042254,443.6635587390255,1
10.1,32.94790064973347,4.070195302083185,443.663562114095,1
10.116666666666667,32.947898954640294,4.070195511374793,443.6635654296565,1
10.133333333333333,32.947897289545615,4.07019571698075,443.66356868674694,1
10.15,32.94789565391403,4.070195918964081,443.66357188638534,1
10.166666666666666,32.94789404722037,4.0701961173871055,443.66357502957396,1
10.183333333333334,32.94789246894937,4.070196312311312,443.6635781172984,1
10.2,32.947890918595405,4.070196503797304,443.6635811505277,1
10.216666666666667,32.947889395662266,4.070196691904803,443.663584130215,1
10.233333333333333,32.94788789966291,4.070196876692651,443.66358705729783,1
10.25,32.9478864301192,4.07019705821877,443.6635899326979,1
10.266666666666667,32.94788498656179,4.0701972365401415,443.66359275732157,1
10.283333333333333,32.947883568529846,4.070197411712853,443.6635955320601,1
10.3,32.947882175570925,4.070197583792037,443.66359825778943,1
10.316666666666666,32.94788080724074,4.070197752831953,443.663600935371,1
10.333333333333334,32.94787946310305,4.070197918885964,443.66360356565133,1
10.35,32.94787814272944,4.070198082006501,443.6636061494627,1
10.366666666666667,32.947876845699206,4.070198242245114,443.663608687623,1
10.383333333333333,32.947875571599155,4.070198399652553,443.66361118093624,1
10.4,32.94787432002353,4.0701985542786066,443.66361363019223,1
10.416666666666666,32.94787309057379,4.070198706172206,443.66361603616735,1
10.433333333333334,32.94787188285854,4.0701988553815465,443.66361839962457,1
10.45,32.94787069649332,4.070199001953901,443.66362072131363,1
10.466666666666667,32.94786953110052,4.070199145935759,443.6636230019711,1
10.483333333333333,32.9478683863093,4.070199287372783,443.66362524232085,1
10.5,32.94786726175534,4.070199426309869,443.66362744307395,1
10.516666666666667,32.94786615708083,4.070199562791117,443.6636296049292,1
10.533333333333333,32.947865071934324,4.070199696859867,443.66363172857325,1
10.55,32.94786400597059,4.070199828558666,443.6636338146804,1
10.566666666666666,32.94786295885049,4.070199957929389,443.6636358639134,1
10.583333333333334,32.94786193024097,4.070200085013101,443.66363787692336,1
10.6,32.94786091981479,4.070200209850239,443.66363985435,1
10.616666666666667,32.94785992725057,4.070200332480417,443.6636417968216,1
10.633333333333333,32.94785895223259,4.07020045294262,443.66364370495546,1
10.65,32.947857994450736,4.0702005712751665,443.6636455793583,1
10.666666666666666,32.94785705360036,4.070200687515669,443.66364742062575,1
10.683333333333334,32.9478561293822,4.070200801701085,443.6636492293433,1
10.7,32.947855221502316,4.070200913867715,443.66365100608596,1
10.716666666666667,32.94785432967193,4.070201024051248,443.6636527514186,1
10.733333333333333,32.94785345360741,4.070201132286682,443.6636544658961,1
10.75,32.947852593030106,4.070201238608495,443.6636561500638,1
10.766666666666667,32.9478517476663,4.070201343050488,443.6636578044572,1
10.783333333333333,32.947850917247116,4.070201445645892,443.6636594296026,1
10.8,32.94785010150844,4.070201546427324,443.6636610260166,1
10.816666666666666,32.9478493001908,4.070201645426835,443.663662594207,1
10.833333333333334,32.94784851303934,4.070201742675946,443.6636641346726,1
10.85,32.947847739803684,4.070201838205594,443.6636656479035,1
10.866666666666667,32.947846980237884,4.070201932046172,443.66366713438083,1
10.883333333333333,32.94784623410034,4.0702020242275205,443.6636685945776,1
10.9,32.94784550115372,4.070202114778996,443.66367002895817,1
10.916666666666666,32.947844781164875,4.070202203729402,443.66367143797885,1
10.933333333333334,32.9478440739048,4.070202291107028,443.66367282208796,1
10.95,32.9478433791485,4.070202376939718,443.66367418172587,1
10.966666666666667,32.947842696675,4.0702024612547225,443.6636755173249,1
10.983333333333333,32.94784202626719,4.0702025440789305,443.6636768293103,1
11.0,32.94784136771181,4.0702026254386885,443.66367811809926,1
11.016666666666667,32.947840720799356,4.0702027053598755,443.6636793841019,1
11.033333333333333,32.947840085324046,4.070202783867919,443.66368062772096,1
11.05,32.94783946108372,4.070202860987817,443.6636818493523,1
11.066666666666666,32.94783884787979,4.07020293674409,443.66368304938425,1
11.083333333333334,32.947838245517175,4.070203011160881,443.6636842281989,1
11.1,32.947837653804264,4.070203084261856,443.66368538617115,1
11.116666666666667,32.94783707255278,4.070203156070286,443.6636865236697,1
11.133333333333333,32.94783650157781,4.070203226609013,443.66368764105636,1
11.15,32.94783594069771,4.070203295900512,443.66368873868674,1
11.166666666666666,32.94783538973403,4.0702033639668,443.66368981690994,1
11.183333333333334,32.947834848511484,4.07020343082957,443.66369087606927,1
11.2,32.94783431685788,4.070203496510087,443.66369191650165,1
11.216666666666667,32.94783379460403,4.070203561029257,443.66369293853813,1
11.233333333333333,32.947833281583804,4.070203624407633,443.6636939425041,1
11.25,32.94783277763397,4.070203686665362,443.6636949287188,1
11.266666666666667,32.94783228259416,4.070203747822279,443.66369589749627,1
11.283333333333333,32.9478317963069,4.07020380789784,443.6636968491446,1
11.3,32.94783131861743,4.07020386691116,443.6636977839669,1
11.316666666666666,32.94783084937379,4.070203924881029,443.66369870226043,1
11.333333333333334,32.94783038842663,4.070203981825902,443.66369960431757,1
11.35,32.9478299356293,4.07020403776389,443.66370049042524,1
11.366666666666667,32.947829490837734,4.070204092712779,443.6637013608655,1
11.383333333333333,32.94782905391038,4.070204146690134,443.66370221591546,1
11.4,32.94782862470822,4.070204199713054,443.6637030558471,1
11.416666666666666,32.94782820309468,4.07020425179845,443.6637038809277,1
11.433333333333334,32.9478277889356,4.070204302962889,443.6637046914199,1
11.45,32.947827382099184,4.070204353222661,443.6637054875816,1
11.466666666666667,32.94782698245598,4.070204402593767,443.66370626966625,1
11.483333333333333,32.947826589878815,4.070204451091908,443.6637070379227,1
11.5,32.94782620424275,4.070204498732546,443.6637077925954,1
11.516666666666667,32.947825825425085,4.070204545530817,443.66370853392453,1
11.533333333333333,32.94782545330526,4.070204591501627,443.66370926214614,1
11.55,32.94782508776487,4.070204636659615,443.66370997749186,1
11.566666666666666,32.94782472868759,4.070204681019136,443.6637106801894,1
11.583333333333334,32.94782437595914,4.070204724594326,443.6637113704624,1
11.6,32.94782402946727,4.070204767399045,443.6637120485305,1
11.616666666666667,32.947823689101725,4.07020480944693,443.66371271460963,1
11.633333333333333,32.94782335475419,4.070204850751339,443.66371336891166,1
11.65,32.947823026318275,4.07020489132543,443.66371401164474,1
11.666666666666666,32.94782270368943,4.070204931182117,443.6637146430136,1
11.683333333333334,32.94782238676502,4.070204970334092,443.663715263219,1
11.7,32.94782207544416,4.070205008793792,443.66371587245845,1
11.716666666666667,32.94782176962779,4.070205046573496,443.66371647092586,1
11.733333333333333,32.94782146921857,4.070205083685208,443.6637170588116,1
11.75,32.94782117412091,4.07020512014073,443.6637176363028,1
11.766666666666667,32.9478208842409,4.070205155951678,443.66371820358336,1
11.783333333333333,32.947820599486285,4.070205191129451,443.66371876083366,1
11.8,32.947820319766436,4.070205225685239,443.6637193082312,1
11.816666666666666,32.94782004499233,4.070205259630047,443.66371984595,1
11.833333333333334,32.94781977507654,4.070205292974662,443.6637203741614,1
11.85,32.947819509933154,4.070205325729705,443.6637208930334,1
11.866666666666667,32.94781924947778,4.070205357905629,443.66372140273126,1
11.883333333333333,32.94781899362755,4.070205389512633,443.663721903417,1
11.9,32.94781874230104,4.070205420560787,443.6637223952501,1
11.916666666666666,32.94781849541824,4.070205451059989,443.6637228783871,1
11.933333333333334,32.9478182529006,4.0702054810199275,443.66372335298166,1
11.95,32.947818014670936,4.070205510450142,443.66372381918484,1
11.966666666666667,32.94781778065343,4.070205539360006,443.66372427714515,1
11.983333333333333,32.94781755077359,4.07020556775873,443.66372472700823,1
12.0,32.94781732495828,4.070205595655324,443.6637251689172,1
12.016666666666667,32.94781710313563,4.0702056230586825,443.66372560301284,1
12.033333333333333,32.947816885235035,4.070205649977521,443.6637260294332,1
12.05,32.947816671187155,4.070205676420417,443.663726448314,1
12.066666666666666,32.94781646092386,4.070205702395782,443.6637268597886,1
12.083333333333334,32.94781625437823,4.070205727911885,443.6637272639879,1
12.1,32.94781605148455,4.070205752976836,443.6637276610407,1
12.116666666666667,32.94781585217824,4.070205777598611,443.6637280510731,1
12.133333333333333,32.947815656395846,4.07020580178508,443.6637284342094,1
12.15,32.9478154640751,4.070205825543881,443.66372881057146,1
12.166666666666666,32.94781527515477,4.070205848882625,443.6637291802792,1
12.183333333333334,32.94781508957473,4.070205871808734,443.66372954345013,1
12.2,32.94781490727594,4.07020589432947,443.6637299001998,1
12.216666666666667,32.94781472820037,4.070205916452036,443.6637302506419,1
12.233333333333333,32.947814552291014,4.070205938183469,443.66373059488785,1
12.25,32.9478143794919,4.0702059595306945,443.66373093304725,1
12.266666666666667,32.94781420974804,4.070205980500447,443.66373126522774,1
12.283333333333333,32.94781404300541,4.070206001099457,443.66373159153505,1
12.3,32.94781387921094,4.070206021334258,443.663731912073,1
12.316666666666666,32.947813718312496,4.070206041211312,443.6637322269436,1
12.333333333333334,32.94781356025888,4.07020606073693,443.663732536247,1
12.35,32.9478134049998,4.070206079917305,443.66373284008165,1
12.366666666666667,32.94781325248584,4.070206098758556,443.6637331385442,1
12.383333333333333,32.94781310266844,4.070206117266701,443.66373343172984,1
12.4,32.94781295549994,4.070206135447608,443.66373371973174,1
12.416666666666666,32.94781281093351,4.07020615330707,443.6637340026415,1
12.433333333333334,32.94781266892314,4.070206170850761,443.66373428054925,1
12.45,32.947812529423615,4.070206188084285,443.6637345535434,1
12.466666666666667,32.94781239239056,4.07020620501309,443.66373482171076,1
12.483333333333333,32.947812257780356,4.070206221642598,443.6637350851369,1
12.5,32.94781212555016,4.070206237978099,443.6637353439054,1
12.516666666666667,32.947811995657894,4.070206254024768,443.6637355980987,1
12.533333333333333,32.94781186806222,4.0702062697877315,443.66373584779774,1
12.55,32.947811742722536,4.070206285272,443.66373609308204,1
12.566666666666666,32.94781161959895,4.070206300482503,443.6637363340296,1
12.583333333333334,32.94781149865227,4.0702063154240715,443.6637365707169,1
12.6,32.94781137984402,4.070206330101463,443.6637368032195,1
12.616666666666667,32.94781126313637,4.070206344519364,443.6637370316112,1
12.633333333333333,32.9478111484922,4.070206358682362,443.66373725596503,1
12.65,32.947811035875006,4.07020637259495,443.66373747635214,1
12.666666666666666,32.94781092524895,4.070206386261549,443.66373769284263,1
12.683333333333334,32.947810816578844,4.070206399686522,443.66373790550557,1
12.7,32.947810709830094,4.070206412874137,443.6637381144085,1
12.716666666666667,32.94781060496873,4.070206425828579,443.6637383196178,1
12.733333333333333,32.94781050196138,4.070206438553999,443.663738521199,1
12.75,32.94781040077525,4.070206451054418,443.66373871921616,1
12.766666666666667,32.947810301378155,4.070206463333852,443.66373891373223,1
12.783333333333333,32.94781020373845,4.0702064753961675,443.66373910480934,1
12.8,32.94781010782507,4.070206487245227,443.663739292508,1
12.816666666666666,32.947810013607494,4.070206498884769,443.66373947688805,1
12.833333333333334,32.947809921055736,4.0702065103185285,443.6637396580082,1
12.85,32.947809830140336,4.070206521550145,443.6637398359261,1
12.866666666666667,32.94780974083237,4.070206532583189,443.6637400106983,1
12.883333333333333,32.947809653103405,4.070206543421166,443.66374018238054,1
12.9,32.947809566925535,4.070206554067516,443.6637403510274,1
12.916666666666666,32.94780948227134,4.070206564525635,443.6637405166924,1
12.933333333333334,32.94780939911386,4.0702065747988625,443.66374067942843,1
12.95,32.94780931742663,4.070206584890471,443.6637408392873,1
12.966666666666667,32.94780923718368,4.070206594803645,443.6637409963198,1
12.983333333333333,32.947809158359455,4.07020660454154,443.66374115057585,1
13.0,32.94780908092887,4.070206614107298,443.6637413021047,1
13.016666666666667,32.947809004867295,4.070206623503903,443.66374145095443,1
13.033333333333333,32.94780893015052,4.070206632734376,443.6637415971724,1
13.05,32.94780885675477,4.070206641801681,443.6637417408053,1
13.066666666666666,32.94780878465667,4.0702066507086645,443.6637418818987,1
13.083333333333334,32.9478087138333,4.070206659458172,443.66374202049764,1
13.1,32.94780864426211,4.07020666805297,443.663742156646,1
13.116666666666667,32.94780857592096,4.070206676495829,443.6637422903873,1
13.133333333333333,32.94780850878811,4.070206684789415,443.66374242176397,1
13.15,32.94780844284218,4.070206692936371,443.66374255081786,1
13.166666666666666,32.94780837806219,4.070206700939308,443.66374267759016,1
13.183333333333334,32.94780831442754,4.070206708800711,443.663742802121,1
13.2,32.94780825191798,4.070206716523133,443.6637429244501,1
13.216666666666667,32.94780819051359,4.070206724109031,443.6637430446164,1
13.233333333333333,32.94780813019485,4.070206731560818,443.6637431626582,1
13.25,32.94780807094256,4.070206738880847,443.66374327861297,1
13.266666666666667,32.947808012737866,4.070206746071458,443.66374339251763,1
13.283333333333333,32.94780795556225,4.070206753134957,443.6637435044085,1
13.3,32.94780789939751,4.070206760073562,443.66374361432116,1
13.316666666666666,32.94780784422578,4.070206766889486,443.6637437222906,1
13.333333333333334,32.947807790029486,4.070206773584919,443.663743828351,1
13.35,32.94780773679141,4.0702067801619535,443.66374393253614,1
13.366666666666667,32.94780768449459,4.070206786622716,443.66374403487947,1
13.383333333333333,32.94780763312238,4.070206792969266,443.66374413541325,1
13.4,32.94780758265844,4.070206799203603,443.66374423416966,1
13.416666666666666,32.94780753308672,4.070206805327719,443.66374433118006,1
13.433333333333334,32.94780748439142,4.07020681134357,443.6637444264753,1
13.45,32.94780743655706,4.070206817253052,443.66374452008586,1
13.466666666666667,32.94780738956844,4.07020682305804,443.6637446120412,1
13.483333333333333,32.94780734341056,4.070206828760423,443.6637447023708,1
13.5,32.94780729806876,4.07020683436198,443.6637447911035,1
13.516666666666667,32.9478072535286,4.0702068398645075,443.6637448782673,1
13.533333333333333,32.94780720977594,4.070206845269734,443.66374496389005,1
13.55,32.947807166796814,4.070206850579397,443.6637450479989,1
13.566666666666666,32.947807124577565,4.0702068557951945,443.6637451306207,1
13.583333333333334,32.94780708310476,4.070206860918761,443.66374521178176,1
13.6,32.947807042365206,4.070206865951757,443.66374529150795,1
13.616666666666667,32.947807002345925,4.070206870895774,443.66374536982454,1
13.633333333333333,32.94780696303418,4.070206875752383,443.66374544675654,1
13.65,32.947806924417485,4.070206880523112,443.6637455223283,1
13.666666666666666,32.94780688648352,4.070206885209513,443.66374559656407,1
13.683333333333334,32.947806849220235,4.070206889813051,443.6637456694873,1
13.7,32.94780681261575,4.070206894335208,443.66374574112126,1
13.716666666666667,32.94780677665845,4.070206898777408,443.6637458114888,1
13.733333333333333,32.947806741336876,4.070206903141062,443.66374588061217,1
13.75,32.94780670663979,4.070206907427567,443.6637459485134,1
13.766666666666667,32.947806672556155,4.0702069116382935,443.66374601521414,1
13.783333333333333,32.94780663907512,4.070206915774571,443.6637460807357,1
13.8,32.94780660618601,4.07020691983774,443.66374614509886,1
13.816666666666666,32.947806573878395,4.070206923829045,443.66374620832397,1
13.833333333333334,32.947806542141976,4.070206927749803,443.6637462704314,1
13.85,32.94780651096665,4.0702069316012315,443.6637463314407,1
13.866666666666667,32.94780648034251,4.070206935384573,443.6637463913713,1
13.883333333333333,32.94780645025979,4.070206939101025,443.66374645024234,1
13.9,32.94780642070895,4.070206942751767,443.6637465080726,1
13.916666666666666,32.94780639168056,4.070206946337985,443.6637465648804,1
13.933333333333334,32.94780636316539,4.070206949860771,443.66374662068387,1
13.95,32.947806335154375,4.070206953321274,443.6637466755007,1
13.966666666666667,32.947806307638594,4.070206956720606,443.66374672934836,1
13.983333333333333,32.94780628060928,4.070206960059862,443.6637467822441,1
14.0,32.94780625405784,4.070206963340042,443.66374683420463,1
14.016666666666667,32.94780622797583,4.070206966562249,443.66374688524644,1
14.033333333333333,32.947806202354954,4.070206969727487,443.6637469353858,1
14.05,32.947806177187054,4.070206972836773,443.66374698463886,1
14.066666666666666,32.9478061524641,4.070206975891084,443.66374703302114,1
14.083333333333334,32.947806128178264,4.070206978891378,443.6637470805479,1
14.1,32.947806104321806,4.070206981838631,443.6637471272344,1
14.116666666666667,32.94780608088711,4.07020698473379,443.66374717309554,1
14.133333333333333,32.94780605786674,4.07020698757776,443.6637472181459,1
14.15,32.94780603525338,4.070206990371438,443.6637472623997,1
14.166666666666666,32.94780601303982,4.070206993115729,443.663747305871,1
14.183333333333334,32.947805991218985,4.070206995811521,443.6637473485739,1
14.2,32.94780596978394,4.070206998459629,443.66374739052173,1
14.216666666666667,32.94780594872787,4.070207001060926,443.663747431728,1
14.233333333333333,32.94780592804406,4.070207003616246,443.6637474722057,1
14.25,32.94780590772595,4.070207006126365,443.6637475119678,1
14.266666666666667,32.94780588776706,4.070207008592118,443.66374755102686,1
14.283333333333333,32.94780586816103,4.070207011014275,443.66374758939537,1
14.3,32.947805848901645,4.070207013393609,443.66374762708557,1
14.316666666666666,32.94780582998276,4.070207015730877,443.6637476641094,1
14.333333333333334,32.94780581139836,4.070207018026823,443.66374770047855,1
14.35,32.94780579314252,4.070207020282192,443.6637477362048,1
14.366666666666667,32.94780577520943,4.070207022497678,443.6637477712995,1
14.383333333333333,32.947805757593414,4.070207024673977,443.6637478057736,1
14.4,32.94780574028885,4.070207026811799,443.66374783963823,1
14.416666666666666,32.947805723290216,4.070207028911825,443.66374787290414,1
14.433333333333334,32.94780570659212,4.0702070309747365,443.6637479055819,1
14.45,32.94780569018924,4.0702070330011795,443.66374793768193,1
14.466666666666667,32.94780567407637,4.070207034991795,443.66374796921446,1
14.483333333333333,32.94780565824836,4.070207036947212,443.66374800018946,1
14.5,32.947805642700196,4.070207038868052,443.66374803061694,1
14.516666666666667,32.947805627426916,4.070207040754941,443.6637480605064,1
14.533333333333333,32.94780561242367,4.070207042608464,443.6637480898674,1
14.55,32.94780559819762,4.070207044429231,443.6637481158208,1
14.566666666666666,32.94780558419656,4.070207046155428,443.6637481417732,1
14.583333333333334,32.94780557043542,4.070207047849198,443.6637481675823,1
14.6,32.9478055569109,4.070207049518491,443.6637481931901,1
14.616666666666667,32.947805543617626,4.070207051164584,443.66374821855885,1
14.633333333333333,32.947805530550134,4.070207052787557,443.66374824366073,1
14.65,32.94780551770323,4.070207054387196,443.6637482684741,1
14.666666666666666,32.94780550507205,4.070207055963312,443.66374829298263,1
14.683333333333334,32.94780549265204,4.070207057515688,443.6637483171736,1
14.7,32.947805480438916,4.070207059044245,443.66374834103726,1
14.716666666666667,32.947805468428676,4.070207060548922,443.6637483645667,1
14.733333333333333,32.94780545661752,4.070207062029719,443.6637483877566,1
14.75,32.94780544500186,4.070207063486717,443.6637484106039,1
14.766666666666667,32.94780543357823,4.070207064920012,443.6637484331066,1
14.783333333333333,32.94780542234337,4.070207066329785,443.6637484552641,1
14.8,32.94780541129411,4.070207067716196,443.6637484770765,1
14.816666666666666,32.94780540042741,4.070207069079475,443.663748498545,1
14.833333333333334,32.9478053897403,4.070207070419871,443.6637485196712,1
14.85,32.94780537922994,4.070207071737634,443.66374854045733,1
14.866666666666667,32.94780536889353,4.070207073033038,443.6637485609063,1
14.883333333333333,32.947805358728324,4.070207074306394,443.6637485810212,1
14.9,32.94780534873166,4.070207075557957,443.6637486008053,1
14.916666666666666,32.947805338900956,4.070207076788084,443.66374862026254,1
14.933333333333334,32.94780532923362,4.070207077997041,443.66374863939654,1
14.95,32.94780531972714,4.070207079185141,443.66374865821143,1
14.966666666666667,32.94780531037905,4.07020708035274,443.66374867671135,1
14.983333333333333,32.947805301186925,4.070207081500134,443.6637486949004,1
15.0,32.94780529214836,4.070207082627626,443.66374871278305,1
15.016666666666667,33.0471818036973,3.717829917235576,442.7442146553512,0
15.033333333333333,33.26943800291959,3.26924639452574,441.06903786377796,0
15.05,33.60012672486806,2.858814919159868,438.8846720245743,0
15.066666666666666,34.01859067136123,2.5123561877541225,436.34463770291995,0
15.083333333333334,34.50704097388307,2.2231305463141466,433.5407002079918,0
15.1,35.05157357041647,1.9797464185225058,430.5313194852902,0
15.116666666666667,35.64144431208895,1.77254082545797,427.3560191765454,0
15.133333333333333,36.26824802602455,1.5941945909731516,424.04277139246284,0
15.15,36.9252907813252,1.4392484179553595,420.6121513948611,0
15.166666666666666,37.607146113973386,1.3035821132267782,417.07984201946294,0
15.183333333333334,38.30934429403973,1.1840268052401153,413.45821072385417,0
15.2,39.02815222493058,1.0780973376552168,409.75733203094813,0
15.216666666666667,39.76041471573562,0.983809433510947,405.9856648036884,0
15.233333333333333,40.503437798699395,0.8995533628219388,402.1505085126623,0
15.25,41.254901352735345,0.8240050375915599,398.25831479494826,0
15.266666666666667,42.01279253415774,0.7560621836005322,394.31490248626466,0
15.283333333333333,42.77535413945739,0.6947975731493935,390.3256084114144,0
15.3,43.541044474107096,0.6394241944175391,386.2953882583871,0
15.316666666666666,44.30850475794104,0.5892687577959074,382.2288942017479,0
15.333333333333334,45.07653327989773,0.5437513194929227,378.1305251177792,0
15.35,45.84406420840208,0.50236933327761,374.00446294085816,0
15.366666666666667,46.61015012007068,0.4646850204378656,369.8546981971267,0
15.383333333333333,47.3739474474162,0.43031524610231764,365.68504790710887,0
15.4,48.134704242619094,0.3989233157657667,361.4991681306794,0
15.416666666666666,48.89174979762781,0.3702122614869503,357.30056278242466,0
15.433333333333334,49.644485766518414,0.34391929721683207,353.0925898872436,0
15.45,50.39237851486232,0.3198112016304795,348.87846611746045,0
15.466666666666667,51.13495248021703,0.2976804442050723,344.661270215098,0
15.483333333333333,51.871784372973565,0.27734191250179957,340.4439457299557,0
15.5,52.60249808137197,0.258630130026627,336.229303377565,0
15.516666666666667,53.32676017120371,0.24139687767504223,332.0200232282406,0
15.533333333333333,54.04427589150162,0.22550914971763367,327.8186568702871,0
15.55,54.75478561380389,0.21084738905111464,323.6276296404822,0
15.566666666666666,55.458061645429154,0.19730395709413256,319.4492429785566,0
15.583333333333334,56.15390536740739,0.18478180202446245,315.2856769360731,0
15.6,56.84214465587355,0.17319329560094757,311.13899285133,0
15.616666666666667,57.52263155230033,0.16245921400808108,307.011136188784,0
15.633333333333333,58.195240153268,0.15250784231459674,302.9039395325643,0
15.65,58.859864694808934,0.14327418813791898,298.81912572052903,0
15.666666666666666,59.51641780976873,0.13469927406323567,294.75831108579956,0
15.683333333333334,60.164828940494495,0.12672953719860292,290.7230088116182,0
15.7,60.805042889350375,0.11931627165027045,286.714632349204,0
15.716666666666667,61.437018494483986,0.11241514478997708,282.7344988928494,0
15.733333333333333,62.060727417995054,0.1059857648538521,278.7838328870238,0
15.75,62.67615303580036,0.09999129532138051,274.86376954680196,0
15.766666666666667,63.28328933201653,0.09439811059840068,270.97535998555264,0
15.783333333333333,63.88214024005555,0.08917548879097217,267.119569654776,0
15.8,64.4727184950047,0.08429533406992444,263.29728710971835,0
15.816666666666666,65.0550449469012,0.07973193164346178,259.5093255590114,0
15.833333333333334,65.62914783524947,0.07546172534585133,255.75642622089262,0
15.85,66.19506212144653,0.0714631183261851,252.03926161223322,0
15.866666666666667,66.75282887417399,0.0677162938013667,248.35843876252827,0
15.883333333333333,67.30249470330892,0.06420305365463257,244.71450234650297,0
15.9,67.84411123832699,0.06090667295328801,241.10793773023926,0
15.916666666666666,68.37773464754312,0.05781176868698251,237.5391739268597,0
15.933333333333334,68.90342519486849,0.05490418122429205,234.00858645881723,0
15.95,69.42124683105891,0.052170867156832584,230.51650012474462,0
15.966666666666667,69.9312668166978,0.04959980235029289,227.06319166961282,0
15.983333333333333,70.43355537439614,0.047179894153567235,223.64889235764636,0
16.0,70.92818536790902,0.04490090183307216,220.27379044804977,0
16.016666666666666,71.41523200606382,0.0427533644014166,216.93803357412065,0
16.033333333333335,71.89477256957194,0.040728535099669665,213.64173102677267,0
16.05,72.36688615895736,0.03881832187206206,210.38495594386706,0
16.066666666666666,72.83165346198018,0.03701523324237165,207.16774740706654,0
16.083333333333332,73.28915653906678,0.035312329063637585,203.99011244818672,0
16.1,73.73947862537848,0.03370317566819236,200.8520279672285,0
16.116666666666667,74.18270394826128,0.03218180499415161,197.75344256444347,0
16.133333333333333,74.61891755891887,0.030742677308203667,194.69427828891293,0
16.15,75.04820517724399,0.029380647183437032,191.67443230621626,0
16.166666666666668,75.47065304882646,0.028090932425596397,188.69377848783117,0
16.183333333333334,75.88634781323304,0.026869085672068138,185.75216892494907,0
16.2,76.29537638272514,0.02571096841547812,182.84943536940852,0
16.216666666666665,76.69782583064475,0.02461272722844178,179.98539060445052,0
16.233333333333334,77.0937832887575,0.02357077198804502,177.1598297479844,0
16.25,77.48333585289714,0.022581755918367336,174.37253149102503,0
16.266666666666666,77.86657049630486,0.0216425572870306,171.62325927392308,0
16.283333333333335,78.24357399010289,0.02075026260760536,168.91176240296053,0
16.3,78.61443283038426,0.019902151213918706,166.23777710982938,0
16.316666666666666,78.97923317143886,0.019095681085077153,163.60102755644806,0
16.333333333333332,79.33806076467222,0.01832847581148799,161.00122678750503,0
16.35,79.69100090280588,0.017598312602477604,158.4380776330474,0
16.366666666666667,80.03813836897885,0.016903111245391924,155.91127356336116,0
16.383333333333333,80.37955739039722,0.016240923934422304,153.4204994983141,0
16.4,80.71534159620519,0.015609925894937857,150.96543257325808,0
16.416666666666668,81.04557397927432,0.015008406735900518,148.54574286351075,0
16.433333333333334,81.37033686162953,0.014434762469071933,146.16109406936098,0
16.45,81.6897118632513,0.013887488139262199,143.8111441634682,0
16.466666666666665,82.00377987401166,0.013365171014874725,141.49554600245045,0
16.483333333333334,82.31262102851879,0.012866484292528891,139.2139479043832,0
16.5,82.61631468366201,0.012390181273640484,136.9659941938598,0
16.516666666666666,82.91493939866254,0.011935089974546535,134.75132571619451,0
16.533333333333335,83.20857291744979,0.01150010813512501,132.5695803222798,0
16.55,83.49729215319574,0.011084198593906193,130.4203933255453,0
16.566666666666666,83.78117317485122,0.010686385000436982,128.30339793240043,0
16.583333333333332,84.06029119553918,0.0103057478381711,126.21822564748058,0
16.6,84.3347205626703,0.009941421108761245,124.1645066553325,0
16.616666666666667,84.60453474963046,0.009592587400391829,122.14187017807507,0
16.633333333333333,84.86980634904253,0.009258476940425787,120.14994481294086,0
16.65,85.13060706726542,0.00893836319706722,118.18835884886151,0
16.666666666666668,85.38700772024193,0.008631560437152205,116.25674056344623,0
16.683333333333334,85.63907823050786,0.008337421183714503,114.35471850154899,0
16.7,85.88688762528705,0.008055333833487012,112.48192173633464,0
16.716666666666665,86.13050403559149,0.007784720436716456,110.6379801137357,0
16.733333333333334,86.36999469625067,0.007525034628172447,108.82252448115374,0
16.75,86.60542594679855,0.00727575969825293,107.03518690122027,0
16.766666666666666,86.83686323315212,0.0070364067938777156,105.27560085139203,0
16.783333333333335,87.0643711100198,0.006806513239662067,103.54340141011869,0
16.8,87.2880132439818,0.006585640970608938,101.8382254302848,0
16.816666666666666,87.50785241718856,0.006373375068246236,100.1597117005928,0
16.833333333333332,87.7239505316277,0.006169322392765122,98.5075010955222,0
16.85,87.9363686139119,0.005973110304294559,96.88123671446772,0
16.866666666666667,88.14516682054463,0.005784385466977124,95.28056401062979,0
16.883333333333333,88.35040444362298,0.005602812729997384,93.7051309102025,0
16.9,88.55213991693925,0.0054280740801610355,92.15458792237656,0
16.916666666666668,88.75043082244635,0.005259867661032429,90.62858824064968,0
16.933333333333334,88.94533389705364,0.005097906854015178,89.1267878359116,0
16.95,89.13690503972248,0.00494191941710613,87.64884554174816,0
16.966666666666665,89.3251993188328,0.004791646677371756,86.19442313238626,0
16.983333333333334,89.51027097979383,0.004646842773488444,84.76318539368067,0
17.0,89.69217345287386,0.004507273944957738,83.35480018752321,0
17.016666666666666,89.87095936122603,0.004372717864856326,81.96893851003617,0
17.033333333333335,90.04668052908794,0.0042429630132082875,80.60527454389319,0
17.05,90.21938799013522,0.004117808088278892,79.26348570509379,0
17.066666666666666,90.3891319959701,0.003997061453283014,77.94325268450136,0
17.083333333333332,90.55596202472698,0.003880540616181059,76.64425948443865,0
17.1,90.71992678977911,0.0037680717404003933,75.36619345061973,0
17.116666666666667,90.881074248531,0.0036594891844739246,74.10874529968417,0
17.133333333333333,91.0394516112819,0.003554635068727959,72.87160914258433,0
17.15,91.19510530951985,0.0034533588672828706,71.65448354588091,0
17.166666666666668,91.34808112971923,0.0033555170414578876,70.4570683477486,0
17.183333333333334,91.49842409438162,0.0032609726237598897,69.27906794901149,0
17.2,91.64617851483366,0.0031695949301667236,68.12019020120144,0
17.216666666666665,91.79138800026513,0.0030812592219755307,66.98014641258963,0
17.233333333333334,91.93409546677238,0.0029958464012634256,65.85865135132843,0
17.25,92.07434314639843,0.002913242724369217,64.7554232458829,0
17.266666666666666,92.2121725961612,0.0028333395315271533,63.67018378291829,0
17.283333333333335,92.34762470706274,0.0027560329916058728,62.60265810280149,0
17.3,92.48073971307284,0.002681223861021967,61.552574792865414,0
17.316666666666666,92.61155720008071,0.0026088172559656274,60.519665878578344,0
17.333333333333332,92.74011611480864,0.002538722437133647,59.50366681275249,0
17.35,92.86645477368279,0.0024708526062184096,58.50431646291932,0
17.366666666666667,92.99061087165583,0.0024051247134505758,57.52135709699236,0
17.383333333333333,93.1126214909771,0.002341459275538611,56.55453436733232,0
17.4,93.232523109906,0.0022797802033909034,55.60359729332322,0
17.416666666666668,93.3503516113651,0.0022200146390453255,54.668298242562365,0
17.433333333333334,93.46614229152901,0.002162092801267975,53.74839291076217,0
17.45,93.57992986834624,0.0021059478393168672,52.84364030045621,0
17.466666666666665,93.691748489991,0.0020515156943982393,51.953802698597286,0
17.483333333333334,93.80163174324237,0.001998734968372592,51.07864565313088,0
17.5,93.90961266178829,0.001947546799295567,50.217937948622364,0
17.516666666666666,94.01572373445251,0.0018978947434042308,49.37145158101312,0
17.533333333333335,94.11999691334218,0.001849724663183464,48.538961731575654,0
17.55,94.2224636219149,0.0018029846211697852,47.72024674013518,0
17.566666666666666,94.32315476296303,0.0017576247791707329,46.915088077620695,0
17.583333333333332,94.42210072651454,0.0017135973025975057,46.12327031800551,0
17.6,94.51933139764873,0.0016708562696269838,45.344581109694175,0
17.616666666666667,94.61487616422609,0.001629357584926293,44.57881114640928,0
17.633333333333333,94.70876392453124,0.0015890588976890797,43.82575413762899,0
17.65,94.80102309482832,0.0015499195237476083,43.08520677862328,0
17.666666666666668,94.8916816168281,0.0015119003715388303,42.35696872013415,0
17.683333333333334,94.98076696506634,0.0014749638717156688,41.640842537742955,0
17.7,95.06830615419317,0.001439073910206984,40.936633700964954,0
17.716666666666665,95.15432574617284,0.0014041957645413471,40.2441505421096,0
17.733333333333334,95.23885185739415,0.0013702960432602274,39.563204224942595,0
17.75,95.32191016569082,0.0013373426282566126,38.89360871318359,0
17.766666666666666,95.40352591727243,0.0013053046198843081,38.23518073887192,0
17.783333333333335,95.48372393356561,0.0012741522846921316,37.58773977063031,0
17.8,95.56252861796573,0.0012438570056456037,36.95110798185538,0
17.816666666666666,95.63996396249911,0.0012143912347064114,36.32511021886162,0
17.833333333333332,95.71605355439641,0.0011857284476473218,35.70957396900401,0
17.85,95.79082058257711,0.0011578431009872157,35.1043293288034,0
17.866666666666667,95.86428784404569,0.0011307105909371638,34.509208972096566,0
17.883333333333333,95.93647775019988,0.0011043072142547209,33.924048118232236,0
17.9,96.0074123330514,0.0010786101309093095,33.34868450033266,0
17.916666666666668,96.07711325135983,0.001053597328466805,32.78295833363922,0
17.933333333333334,96.14560179667994,0.0010292475881066565,32.22671228395933,0
17.95,96.2128988993234,0.001005540452189514,31.67979143623099,0
17.966666666666665,96.27902513423517,0.0009824561932978535,31.14204326321994,0
17.983333333333334,96.34400072678534,0.00095997578467626,30.613317594363807,0
18.0,96.40784555847729,0.000938080872002058,30.093466584776216,0
18.016666666666666,96.47057917257249,0.0009167537464206246,29.582344684423465,0
18.033333333333335,96.53222077963306,0.0008959773187833096,29.079808607485006,0
18.05,96.59278926298256,0.0008757350950291346,28.585717301908442,0
18.066666666666666,96.65230318408585,0.0008560111526546409,28.099931919169098,0
18.083333333333332,96.71078078784902,0.0008367901182190948,27.622315784243067,0
18.1,96.76824000783981,0.0008180571458351645,27.152734365802452,0
18.116666666666667,96.82469847142961,0.0007997978965976432,26.69105524664046,0
18.133333333333333,96.88017350485785,0.0007819985189054309,26.237148094333623,0
18.15,96.93468213821949,0.0007646456296341843,25.790884632147776,0
18.166666666666668,96.98824111037645,0.0007477262961192982,25.35213861019374,0
18.183333333333334,97.04086687379409,0.0007312280189109838,24.920785776838393,0
18.2,97.09257559930326,0.0007151387152651029,24.49670385037597,0
18.216666666666665,97.143383180789,0.00069944670333536,24.079772490964277,0
18.233333333333334,97.19330523980665,0.0006841406870341057,23.669873272829914,0
18.25,97.24235713012638,0.0006692097415307442,23.266889656746,0
18.266666666666666,97.29055394220687,0.0006546432993582699,22.870706962785942,0
18.283333333333335,97.33791050759902,0.0006404311370999137,22.481212343355903,0
18.3,97.38444140328075,0.0006265633626293327,22.098294756508583,0
18.316666666666666,97.4301609559235,0.0006130304028790503,21.72184493954051,0
18.333333333333332,97.4750832460915,0.0005998229921131457,21.351755382874682,0
18.35,97.51922211237466,0.0005869321606813526,20.987920304230098,0
18.366666666666667,97.56259115545589,0.0005743492242328574,20.630235623079475,0
18.383333333333333,97.6052037421137,0.0005620657733691563,20.278598935396094,0
18.4,97.64707300916109,0.0005500736637163373,19.932909488690605,0
18.416666666666668,97.68821186732133,0.000538365006398096,19.593068157338195,0
18.433333333333334,97.7286330050419,0.0005269321588917085,19.258977418196412,0
18.45,97.76834889224702,0.0005157677162500456,18.93054132651374,0
18.466666666666665,97.80737178402984,0.0005048645026735126,18.607665492128714,0
18.483333333333334,97.8457137242851,0.0004942155634165787,18.29025705595928,0
18.5,97.88338654928309,0.0004838141570142816,17.97822466678185,0
18.516666666666666,97.92040189118575,0.0004736537478148108,17.671478458299422,0
18.533333333333335,97.95677118150567,0.0004637279988048841,17.369930026497805,0
18.55,97.99250565450902,0.00045403076471531317,17.073492407289077,0
18.566666666666666,98.02761635056285,0.00044455608539469216,16.782080054441103,0
18.583333333333332,98.06211411942797,0.00043529817943975915,16.495608817791787,0
18.6,98.09600962349793,0.0004262514380714499,16.213995921746804,0
18.616666666666667,98.12931334098498,0.00041741041924625246,15.93715994405915,0
18.633333333333333,98.16203556905388,0.00040876984199285957,15.665020794889104,0
18.65,98.19418642690414,0.0004003245809646669,15.397499696142672,0
18.666666666666668,98.22577585880164,0.0003920696611990271,15.134519161086942,0
18.683333333333334,98.25681363706029,0.00038400025307461455,14.876002974240297,0
18.7,98.2873093649745,0.00037611166745866694,14.621876171535657,0
18.716666666666665,98.31727247970329,0.0003683993510361975,14.372065020754603,0
18.733333333333334,98.3467122551066,0.0003608588818136735,14.126497002230382,0
18.75,98.37563780453465,0.00035348596478995773,13.885100789817573,0
18.766666666666666,98.40405808357114,0.0003462764277876735,13.647806232126225,0
18.783333333333335,98.43198189273072,0.00033922621743839973,13.41454433401817,0
18.8,98.45941788011186,0.00033233139531547675,13.185247238363228,0
18.816666666666666,98.48637454400526,0.000325588134208386,12.959848208052879,0
18.833333333333332,98.51286023545913,0.00031899271453301976,12.738281608269109,0
18.85,98.53888316080146,0.0003125415208723438,12.520482889005867,0
18.866666666666667,98.56445138412022,0.00030623103864223575,12.306388567840743,0
18.883333333333333,98.58957282970213,0.0003000578508774899,12.095936212954356,0
18.9,98.61425528443061,0.0002940186351332026,11.889064426394912,0
18.916666666666668,98.63850640014353,0.0002881101604969583,11.6857128275854,0
18.933333333333334,98.66233369595149,0.0002823292847074427,11.485822037070868,0
18.95,98.68574456051708,0.0002766729513752894,11.28933366050318,0
18.966666666666665,98.70874625429612,0.0002711381873021415,11.096190272860678,0
18.983333333333334,98.73134591174079,0.0002657220998940987,10.906335402900131,0
19.0,98.75355054346613,0.00026042187466586,10.719713517838388,0
19.016666666666666,98.7753670383797,0.00025523477283205824,10.536270008261056,0
19.033333333333335,98.7968021657756,0.0002501581289823989,10.355951173255654,0
19.05,98.817862577393,0.00024518934883738307,10.178704205766552,0
19.066666666666666,98.83855480943996,0.000240325907081522,10.004477178169106,0
19.083333333333332,98.85888528458307,0.0002355653452710645,9.833219028060357,0
19.1,98.87886031390357,0.00023090526981342141,9.664879544263666,0
19.116666666666667,98.89848609882004,0.00022634335001553988,9.49940935304466,0
19.133333333333333,98.91776873297891,0.00022187731619863332,9.3367599045359,0
19.15,98.93671420411268,0.00021750495787676037,9.176883459367659,0
19.166666666666668,98.95532839586669,0.0002132241219968485,9.019733075502193,0
19.183333333333334,98.97361708959505,0.0002090327112378737,8.86526259526895,0
19.2,98.99158596612584,0.00020492868236697933,8.71342663259813,0
19.216666666666665,99.00924060749642,0.0002009100446504216,8.564180560450028,0
19.233333333333334,99.02658649865934,0.00019697485831730513,8.417480498437632,0
19.25,99.04362902915909,0.00019312123307417645,8.273283300639916,0
19.266666666666666,99.06037349478034,0.00018934732666858037,8.13154654360333,0
19.283333333333335,99.07682509916819,0.0001856513434998047,7.992228514528963,0
19.3,99.0929889554208,0.0001820315332750862,7.855288199642932,0
19.316666666666666,99.10887008765465,0.00017848618970961103,7.720685272747466,0
19.333333333333332,99.12447343254351,0.00017501364926873924,7.5883800839502955,0
19.35,99.13980384083078,0.00017161228995091343,7.458333648569878,0
19.366666666666667,99.15486607881616,0.00016828053010979754,7.330507636214064,0
19.383333333333333,99.16966482981694,0.00016501682731422625,7.204864360029789,0
19.4,99.18420469560427,0.00016181967724462673,7.08136676612145,0
19.416666666666668,99.19849019781485,0.00015868761262459712,6.959978423135584,0
19.433333333333334,99.21252577933856,0.00015561920218641232,6.840663512009535,0
19.45,99.22631580568222,0.00015261304966923605,6.723386815881791,0
19.466666666666665,99.23986456631013,0.00014966779284890464,6.608113710161706,0
19.483333333333334,99.2531762759615,0.00014678210259816153,6.494810152756345,0
19.5,99.26625507594544,0.0001439546819762756,6.383442674452188,0
19.516666666666666,99.27910503541368,0.00014118426534702995,6.273978369449508,0
19.533333333333335,99.29173015261142,0.00013846961752407897,6.16638488604718,0
19.55,99.30413435610681,0.00013580953294273885,6.060630417475784,0
19.566666666666666,99.31632150599931,0.00013320283485728808,5.95668369287682,0
19.583333333333332,99.32829539510719,0.0001306483745629058,5.854513968425922,0
19.6,99.34005975013483,0.00012814503064140649,5.754091018597969,0
19.616666666666667,99.35161823281975,0.00012569170822994527,5.65538512757198,0
19.633333333333333,99.36297444106005,0.00012328733831192532,5.558367080773771,0
19.65,99.37413191002244,0.00012093087702934759,5.463008156554318,0
19.666666666666668,99.38509411323118,0.00011862130501587501,5.369280118001807,0
19.683333333333334,99.39586446363839,0.00011635762674991824,5.277155204885398,0
19.7,99.40644631467572,0.00011413886992706843,5.186606125728734,0
19.716666666666665,99.41684296128813,0.00011196408485122662,5.09760605001124,0
19.733333333333334,99.42705764094973,0.0001098323438438113,5.010128600495303,0
19.75,99.43709353466224,0.00010774274067043922,4.9241478456774415,0
19.766666666666666,99.44695376793608,0.00010569438998450147,4.83963829236159,0
19.783333333333335,99.45664141175473,0.00010368642678707726,4.75657487835264,0
19.8,99.46615948352226,0.00010171800590264795,4.674932965268423,0
19.816666666666666,99.4755109479947,9.978830147009326e-05,4.594688331468331,0
19.833333333333332,99.4846987181952,9.789650644847002e-05,4.515817165096802,0
19.85,99.49372565631354,9.60418321370911e-05,4.438296057239885,0
19.866666666666667,99.50259457458999,9.422350770944455e-05,4.3621019951932,0
19.883333333333333,99.51130823618387,9.244077976049654e-05,4.287212355839528,0
19.9,99.51986935602733,9.069291186695925e-05,4.213604899134397,0
19.916666666666668,99.52828060166414,8.897918416009447e-05,4.141257761697938,0
19.933333333333334,99.5365445940741,8.729889291066125e-05,4.070149450511428,0
19.95,99.54466390848323,8.565135012561506e-05,4.000258836716854,0
19.966666666666665,99.55264107515984,8.403588315618577e-05,3.9315651495179136,0
19.983333333333334,99.56047858019693,8.245183431697463e-05,3.864047970180885,0
20.0,99.56817886628103,8.089856051572374e-05,3.7976872261337853,0
20.016666666666666,99.57574433344772,7.937543289341731e-05,3.7324631851623047,0
20.033333333333335,99.58317733982413,7.788183647439696e-05,3.6683564497009913,0
20.05,99.59048020235853,7.641716982617123e-05,3.605347951218196,0
20.066666666666666,99.59765519753729,7.49808447286266e-05,3.5434189446933053,0
20.083333333333332,99.60470456208954,7.357228585233577e-05,3.4825510031848093,0
20.1,99.61163049367941,7.219093044569487e-05,3.4227260124877814,0
20.116666666666667,99.61843515158651,7.083622803060735e-05,3.363926165879343,0
20.133333333333333,99.62512065737445,6.950764010645646e-05,3.306133958950744,0
20.15,99.63168909554788,6.82046398621131e-05,3.249332184524669,0
20.166666666666668,99.63814251419814,6.692671189573132e-05,3.19350392765643,0
20.183333333333334,99.64448292563759,6.56733519420962e-05,3.138632560717708,0
20.2,99.65071230702314,6.444406660729464e-05,3.0847017385615345,0
20.216666666666665,99.65683260096878,6.323837311048806e-05,3.031695393767221,0
20.233333333333334,99.66284571614764,6.205579903257475e-05,2.979597731963955,0
20.25,99.66875352788351,6.0895882071529986e-05,2.9283932272318123,0
20.266666666666666,99.67455787873212,5.975816980423182e-05,2.8780666175789524,0
20.283333333333335,99.68026057905232,5.864221945457351e-05,2.8286029004937623,0
20.3,99.6858634075675,5.754759766767716e-05,2.779987328570768,0
20.316666666666666,99.69136811191693,5.647388029003029e-05,2.7322054052091134,0
20.333333333333332,99.69677640919791,5.5420652155366325e-05,2.6852428803824515,0
20.35,99.70208998649822,5.4387506876125904e-05,2.6390857464790907,0
20.366666666666667,99.70731050141947,5.3374046640329586e-05,2.593720234211275,0
20.383333333333333,99.71243958259136,5.237988201370831e-05,2.5491328085924785,0
20.4,99.71747883017694,5.1404631746935524e-05,2.5053101649816067,0
20.416666666666668,99.72242981636911,5.044792258781627e-05,2.4622392251930494,0
20.433333333333334,99.72729408587854,4.950938909828608e-05,2.4199071336714932,0
20.45,99.73207315641307,4.858867347608506e-05,2.378301253730462,0
20.466666666666665,99.73676851914877,4.7685425380969213e-05,2.3374091638535424,0
20.483333333333334,99.74138163919291,4.6799301765333015e-05,2.29721865405729,0
20.5,99.74591395603868,4.592996670911316e-05,2.2577177223148053,0
20.516666666666666,99.75036688401225,4.507709125885578e-05,2.2188945710389896,0
20.533333333333335,99.75474181271181,4.424035327082673e-05,2.180737603624524,0
20.55,99.75904010743923,4.341943725805139e-05,2.1432354210476054,0
20.566666666666666,99.76326310962402,4.261403424117408e-05,2.106376818522499,0
20.583333333333332,99.76741213723997,4.182384160302898e-05,2.0701507822139837,0
20.6,99.77148848521453,4.104856294681856e-05,2.034546486004776,0
20.616666666666667,99.77549342583116,4.0287907957801814e-05,1.9995532883170368,0
20.633333333333333,99.77942820912457,3.954159226838999e-05,1.9651607289870718,0
20.65,99.7832940632691,3.880933732656041e-05,1.9313585261923616,0
20.666666666666668,99.78709219496038,3.809087026749381e-05,1.8981365734300586,0
20.683333333333334,99.79082378979034,3.7385923788347245e-05,1.865484936546111,0
20.7,99.79449001261568,3.669423602607739e-05,1.8333938508141812,0
20.716666666666665,99.79809200791992,3.601555043822969e-05,1.801853718063547,0
20.733333333333334,99.80163090016909,3.534961568661474e-05,1.7708551038551672,0
20.75,99.80510779416139,3.469618552378995e-05,1.7403887347051412,0
20.766666666666666,99.80852377537065,3.405501868227477e-05,1.71044549535476,0
20.783333333333335,99.8118799102837,3.342587876642315e-05,1.6810164260864011,0
20.8,99.8151772467321,3.280853414688215e-05,1.6520927200844995,0
20.816666666666666,99.81841681421804,3.220275785756831e-05,1.6236657208408574,0
20.833333333333332,99.82159962423422,3.160832749509432e-05,1.5957269196035606,0
20.85,99.82472667057877,3.1025025120579325e-05,1.5682679528687824,0
20.866666666666667,99.82779892966411,3.0452637163782787e-05,1.541280599914764,0
20.883333333333333,99.83081736082079,2.989095432949688e-05,1.514756780377279,0
20.9,99.83378290659584,2.93397715061406e-05,1.4886885518658923,0
20.916666666666668,99.83669649304602,2.8798887676496552e-05,1.463068107620341,0
20.933333333333334,99.83955903002595,2.8268105830534014e-05,1.4378877742063714,0
20.95,99.84237141147115,2.7747232880265497e-05,1.4131400092503805,0
20.966666666666665,99.84513451567628,2.7236079576581525e-05,1.388817399212218,0
20.983333333333334,99.84784920556832,2.6734460428014188e-05,1.3649126571955126,0
21.0,99.85051632897527,2.624219362137928e-05,1.3414186207949124,0
21.016666666666666,99.85313671888983,2.5759100944247446e-05,1.3183282499796074,0
21.033333333333335,99.85571119372878,2.528500770919905e-05,1.2956346250125486,0
21.05,99.85824055758768,2.481974267981597e-05,1.2733309444047656,0
21.066666666666666,99.86072560049115,2.4363137998366105e-05,1.2514105229041925,0
21.083333333333332,99.86316709863885,2.3915029115137968e-05,1.2298667895184374,0
21.1,99.86556581464704,2.3475254719383025e-05,1.2086932855709271,0
21.116666666666667,99.86792249778611,2.3043656671825545e-05,1.1878836627898708,0
21.133333333333333,99.87023788421374,2.2620079938699937e-05,1.1674316814294945,0
21.15,99.87251269720414,2.22043725272776e-05,1.1473312084230152,0
21.166666666666668,99.87474764737344,2.1796385422846124e-05,1.1275762155668194,0
21.183333333333334,99.8769434329007,2.139597252710359e-05,1.1081607777353253,0
21.2,99.87910073974552,2.1002990597933972e-05,1.0890790711260236,0
21.216666666666665,99.88122024186163,2.061729919052857e-05,1.0703253715341843,0
21.233333333333334,99.88330260140674,2.0238760599820145e-05,1.051894052656741,0
21.25,99.88534846894883,1.9867239804198286e-05,1.0337795844248636,0
21.266666666666666,99.88735848366882,1.95026044104725e-05,1.0159765313647366,0
21.283333333333335,99.88933327355956,1.9144724600054957e-05,0.9984795509860769,0
21.3,99.8912734556216,1.879347307633098e-05,0.981283392197922,0
21.316666666666666,99.8931796360553,1.8448725013189408e-05,0.9643828937512378,0
21.333333333333332,99.89505241044968,1.811035800468411e-05,0.9477729827078908,0
21.35,99.89689236396808,1.7778252015799595e-05,0.9314486729355496,0
21.366666666666667,99.89870007153039,1.745228933429383e-05,0.9154050636280775,0
21.383333333333333,99.90047609799221,1.7132354523592284e-05,0.8996373378509889,0
21.4,99.90222099832091,1.6818334376707855e-05,0.8841407611115528,0
21.416666666666668,99.90393531776846,1.651011787116228e-05,0.8689106799531278,0
21.433333333333334,99.90561959204148,1.620759612488528e-05,0.8539425205733192,0
21.45,99.90727434746806,1.5910662353067455e-05,0.8392317874655669,0
21.466666666666665,99.9089001011619,1.5619211825944586e-05,0.8247740620837624,0
21.483333333333334,99.91049736118343,1.533314182749202e-05,0.8105650015295122,0
21.5,99.91206662669812,1.5052351615006341e-05,0.7966003372616672,0
21.516666666666666,99.91360838813215,1.477674237955419e-05,0.7828758738277438,0
21.533333333333335,99.91512312732533,1.4506217207267807e-05,0.7693874876168678,0
21.55,99.91661131768107,1.4240681041467252e-05,0.7561311256338815,0
21.566666666666666,99.91807342431424,1.3980040645590294e-05,0.7431028042942552,0
21.583333333333332,99.91950990419598,1.3724204566910279e-05,0.7302986082394575,0
21.6,99.9209212062962,1.3473083101025196e-05,0.7177146891724338,0
21.616666666666667,99.92230777172362,1.3226588257098428e-05,0.7053472647128625,0
21.633333333333333,99.92367003386325,1.2984633723834973e-05,0.6931926172718487,0
21.65,99.92500841851154,1.2747135431206406e-05,0.6812470929463291,0
21.666666666666668,99.92632334400906,1.2514009171002154e-05,0.6695071004306641,0
21.683333333333334,99.92761522137116,1.2285173992826521e-05,0.6579691099473814,0
21.7,99.92888445441591,1.2060550013593382e-05,0.6466296521975787,0
21.716666666666665,99.93013143989019,1.184005883831461e-05,0.6354853173276777,0
21.733333333333334,99.9313565675933,1.1623623558750875e-05,0.6245327539140276,0
21.75,99.9325602204986,1.141116872653683e-05,0.6137686679648018,0
21.766666666666666,99.93374277487291,1.1202620324913033e-05,0.6031898219388744,0
21.783333333333335,99.93490460039389,1.0997905740744621e-05,0.5927930337813824,0
21.8,99.93604606026535,1.0796953737039717e-05,0.5825751759756911,0
21.816666666666666,99.93716751133049,1.059969442600825e-05,0.572533174611484,0
21.833333333333332,99.93826930418325,1.0406059242665366e-05,0.5626640084687066,0
21.85,99.93935178327766,1.0215980918974119e-05,0.552964708117094,0
21.866666666666667,99.94041528703532,1.002939345851823e-05,0.5434323550310206,0
21.883333333333333,99.9414601479509,9.846232111694265e-06,0.5340640807194119,0
21.9,99.94248669269592,9.666433351412311e-06,0.5248570658704657,0
21.916666666666668,99.94349524222064,9.489934849294405e-06,0.5158085395109289,0
21.933333333333334,99.94448611185422,9.31667545236017e-06,0.506915778179689,0
21.95,99.94545961140307,9.146595160188268e-06,0.49817610511543264,0
21.966666666666665,99.94641604524752,8.979635102544137e-06,0.4895868894581371,0
21.983333333333334,99.94735571243677,8.815737517463253e-06,0.4811455454641594,0
22.0,99.9482789067823,8.654845729780223e-06,0.4728495317346935,0
22.016666666666666,99.94918591694939,8.496904130093972e-06,0.46469635045736835,0
22.033333333333335,99.95007702654728,8.341858154159326e-06,0.4566835466607657,0
22.05,99.95095251421768,8.189654262696006e-06,0.44880870748163765,0
22.066666666666666,99.95181265372172,8.040239921605746e-06,0.44106946144461046,0
22.083333333333332,99.95265771402534,7.893563582588882e-06,0.4334634777541613,0
22.1,99.9534879593833,7.749574664151568e-06,0.42598846559866155,0
22.116666666666667,99.95430364942156,7.6082235329955e-06,0.418642173466282,0
22.133333333333333,99.95510503921837,7.4694614857815e-06,0.4114223884725581,0
22.15,99.95589237938388,7.333240731259338e-06,0.4043269356994187,0
22.166666666666668,99.95666591613835,7.199514372755629e-06,0.3973536775454834,0
22.183333333333334,99.95742589138892,7.068236391012462e-06,0.39050051308743744,0
22.2,99.95817254280529,6.939361627368818e-06,0.38376537745229683,0
22.216666666666665,99.95890610389372,6.812845767278029e-06,0.3771462412003787,0
22.233333333333334,99.95962680407008,6.688645324153676e-06,0.3706411097187947,0
22.25,99.96033486873131,6.566717623537078e-06,0.3642480226252905,0
22.266666666666666,99.96103051932587,6.447020787579865e-06,0.357965053182254,0
22.283333333333335,99.96171397342292,6.329513719834425e-06,0.3517903077207216,0
22.3,99.96238544478011,6.2141560903461395e-06,0.34572192507421073,0
22.316666666666666,99.96304514341038,6.1009083210411085e-06,0.339758076022214,0
22.333333333333332,99.96369327564754,5.989731571402607e-06,0.3338969627431892,0
22.35,99.96433004421067,5.88058772443097e-06,0.3281368182768853,0
22.366666666666667,99.96495564826738,5.773439372880314e-06,0.3224759059958449,0
22.383333333333333,99.96557028349606,5.668249805766762e-06,0.3169125190859275,0
22.4,99.96617414214691,5.564982995142273e-06,0.3114449800357007,0
22.416666666666668,99.96676741310199,5.463603583128507e-06,0.3060716401345494,0
22.433333333333334,99.96735028193424,5.364076869205637e-06,0.3007908789793521,0
22.45,99.96792293096534,5.266368797750316e-06,0.29560110398958217,0
22.466666666666665,99.96848553932271,5.170445945818151e-06,0.2905007499306888,0
22.483333333333334,99.9690382829954,5.076275511165307e-06,0.2854882784456175,0
22.5,99.96958133488906,4.983825300504296e-06,0.28056217759433144,0
22.516666666666666,99.97011486487997,4.893063717989376e-06,0.2757209614011982,0
22.533333333333335,99.97063903986803,4.803959753926624e-06,0.27096316941010795,0
22.55,99.97115402382892,4.716482973704002e-06,0.26628736624719135,0
22.566666666666666,99.97165997786529,4.63060350693723e-06,0.2616921411910077,0
22.583333333333332,99.9721570602571,4.546292036826678e-06,0.25717610775007743,0
22.6,99.97264542651101,4.463519789721155e-06,0.25273790324763235,0
22.616666666666667,99.97312522940894,4.382258524884462e-06,0.2483761884134622,0
22.633333333333333,99.97359661905588,4.302480524460236e-06,0.24408964698273616,0
22.65,99.9740597429267,4.224158583631516e-06,0.23987698530168078,0
22.666666666666668,99.97451474591215,4.147266000970635e-06,0.2357369319399971,0
22.683333333333334,99.97496177036426,4.071776568975899e-06,0.2316682373099032,0
22.7,99.97540095614069,3.997664564791095e-06,0.22766967329168886,0
22.716666666666665,99.97583244064846,3.924904741104149e-06,0.22374003286567104,0
22.733333333333334,99.9762563588869,3.85347231722141e-06,0.21987812975044219,0
22.75,99.97667284348972,3.7833429703139545e-06,0.21608279804730313,0
22.766666666666666,99.97708202476656,3.714492826832381e-06,0.2123528918907763,0
22.783333333333335,99.97748403074361,3.6468984540868512e-06,0.20868728510509468,0
22.8,99.97787898720364,3.580536851988924e-06,0.20508487086656538,0
22.816666666666666,99.97826701772532,3.515385444952049e-06,0.20154456137170765,0
22.833333333333332,99.97864824372174,3.4514220739474204e-06,0.19806528751106653,0
22.85,99.97902278447842,3.388624988712288e-06,0.19464599854860612,0
22.866666666666667,99.97939075719054,3.3269728401073684e-06,0.1912856618065867,0
22.883333333333333,99.97975227699962,3.2664446726206973e-06,0.18798326235583263,0
22.9,99.98010745702936,3.207019917014863e-06,0.18473780271129903,0
22.916666666666668,99.98045640842109,3.148678383114666e-06,0.18154830253284698,0
22.933333333333334,99.98079924036847,3.0914002527326795e-06,0.17841379833113835,0
22.95,99.9811360601516,3.0351660727297103e-06,0.17533334317856306,0
22.966666666666665,99.98146697317054,2.9799567482076337e-06,0.17230600642511285,0
22.983333333333334,99.9817920829782,2.925753535831948e-06,0.1693308734191175,0
23.0,99.98211149131284,2.87253803728151e-06,0.1664070452327598,0
23.016666666666666,99.98242529812964,2.8202921928228328e-06,0.16353363839228902,0
23.033333333333335,99.98273360163215,2.7689982750066863e-06,0.16070978461285154,0
23.05,99.9830364983028,2.7186388824843507e-06,0.15793463053786047,0
23.066666666666666,99.98333408293314,2.6691969339413734e-06,0.15520733748282686,0
23.083333333333332,99.98362644865348,2.6206556621464563e-06,0.15252708118357608,0
23.1,99.98391368696196,2.572998608113107e-06,0.14989305154877455,0
23.116666666666667,99.98419588775309,2.5262096153720142e-06,0.14730445241669415,0
23.133333333333333,99.98447313934594,2.4802728243518442e-06,0.14476050131614004,0
23.15,99.9847455285117,2.4351726668664446e-06,0.14226042923147317,0
23.166666666666668,99.98501314050074,2.3908938607062468e-06,0.13980348037165582,0
23.183333333333334,99.98527605906934,2.347421404332008e-06,0.1373889119432523,0
23.2,99.98553436650579,2.304740571668675e-06,0.1350159939273173,0
23.216666666666665,99.98578814365624,2.262836906997613e-06,0.13268400886010498,0
23.233333333333334,99.98603746994976,2.2216962199452276e-06,0.1303922516175342,0
23.25,99.98628242342336,2.1813045805660385e-06,0.12814002920334552,0
23.266666666666666,99.98652308074624,2.141648314518423e-06,0.12592666054088655,0
23.283333333333335,99.98675951724384,2.102713998331275e-06,0.1237514762684644,0
23.3,99.98699180692137,2.0644884547597226e-06,0.1216138185382036,0
23.316666666666666,99.9872200224869,2.026958748228289e-06,0.11951304081835026,0
23.333333333333332,99.9874442353741,1.990112180359606e-06,0.11744850769896292,0
23.35,99.98766451576465,1.9539362855873706e-06,0.11541959470093292,0
23.366666666666667,99.98788093260998,1.918418826851526e-06,0.11342568808827677,0
23.383333333333333,99.98809355365307,1.8835477913743524e-06,0.11146618468364525,0
23.4,99.98830244544945,1.849311386515805e-06,0.10954049168699365,0
23.416666666666668,99.98850767338806,1.8156980357065868e-06,0.10764802649735962,0
23.433333333333334,99.9887093017117,1.7826963744574514e-06,0.1057882165376953,0
23.45,99.98890739353706,1.7502952464432906e-06,0.10396049908270147,0
23.466666666666665,99.98910201087456,1.7184836996605514e-06,0.1021643210896126,0
23.483333333333334,99.98929321464763,1.6872509826565856e-06,0.10039913903188233,0
23.5,99.98948106471177,1.6565865408295305e-06,0.09866441873571956,0
23.516666666666666,99.98966561987335,1.6264800127974283e-06,0.09695963521942673,0
23.533333333333335,99.98984693790784,1.59692122683518e-06,0.09528427253549222,0
23.55,99.99002507557803,1.567900197378059e-06,0.09363782361538978,0
23.566666666666666,99.99020008865169,1.5394071215905776e-06,0.09201979011703876,0
23.583333333333332,99.99037203191901,1.5114323759993564e-06,0.09042968227487974,0
23.6,99.99054095920972,1.4839665131888658e-06,0.08886701875252041,0
23.616666666666667,99.99070692341,1.4570002585587369e-06,0.0873313264979084,0
23.633333333333333,99.99086997647888,1.4305245071415925e-06,0.08582214060098727,0
23.65,99.99103016946464,1.4045303204801541e-06,0.08433900415379345,0
23.666666666666668,99.99118755252063,1.3790089235625134e-06,0.0828814681129524,0
23.683333333333334,99.99134217492104,1.353951701814489e-06,0.08144909116453286,0
23.7,99.9914940850763,1.3293501981479588e-06,0.08004143959121884,0
23.716666666666665,99.99164333054813,1.3051961100641211e-06,0.07865808714175983,0
23.733333333333334,99.99178995806453,1.2814812868106351e-06,0.07729861490266003,0
23.75,99.99193401353433,1.2581977265915848e-06,0.0759626111720686,0
23.766666666666666,99.99207554206154,1.2353375738293523e-06,0.07464967133583285,0
23.783333333333335,99.9922145879595,1.2128931164773118e-06,0.07335939774567794,0
23.8,99.99235119476464,1.1908567833824565e-06,0.07209139959947597,0
23.816666666666666,99.99248540525022,1.169221141696997e-06,0.0708452928235694,0
23.833333333333332,99.99261726143959,1.147978894337966e-06,0.06962069995711316,0
23.85,99.99274680461947,1.1271228774939818e-06,0.06841725003840121,0
23.866666666666667,99.99287407535267,1.1066460581782578e-06,0.06723457849314331,0
23.883333333333333,99.99299911349097,1.0865415318269357e-06,0.06607232702465882,0
23.9,99.99312195818739,1.066802519941978e-06,0.06493014350595462,0
23.916666666666668,99.99324264790863,1.0474223677777158e-06,0.06380768187365508,0
23.933333333333334,99.99336122044699,1.0283945420702303e-06,0.06270460202375189,0
23.95,99.99347771293215,1.0097126288088077e-06,0.061620569709143244,0
23.966666666666665,99.99359216184288,9.913703310486163e-07,0.060555256438931254,0
23.983333333333334,99.9937046030184,9.73361466763873e-07,0.05950833937944764,0
24.0,99.99381507166962,9.556799667407297e-07,0.058479501256978206,0
24.016666666666666,99.99392360239005,9.38319872509109e-07,0.05746843026215679,0
24.033333333333335,99.99403022916678,9.212753343128026e-07,0.05647481995600034,0
24.05,99.99413498539097,9.045406091170649e-07,0.05549836917755681,0
24.066666666666666,99.99423790386837,8.881100586530257e-07,0.054538781953138396,0
24.083333333333332,99.99433901682956,8.719781474982378e-07,0.053595767407112846,0
24.1,99.99443835594003,8.561394411926737e-07,0.05266903967422623,0
24.116666666666667,99.99453595231006,8.405886043894825e-07,0.05175831781343095,0
24.133333333333333,99.99463183650451,8.253203990398994e-07,0.05086332572319305,0
24.15,99.99472603855233,8.103296826116505e-07,0.049983792058253776,0
24.166666666666668,99.99481858795599,7.956114063402137e-07,0.04911945014782014,0
24.183333333333334,99.99490951370063,7.811606135123305e-07,0.048270037915160255,0
24.2,99.99499884426326,7.669724377811724e-07,0.04743529779857924,0
24.216666666666665,99.9950866076215,7.530421015125725e-07,0.046614976673752105,0
24.233333333333334,99.9951728312625,7.393649141617216e-07,0.045808825777390295,0
24.25,99.99525754219141,7.259362706797787e-07,0.04501660063221913,0
24.266666666666666,99.9953407669399,7.127516499498423e-07,0.04423806097324357,0
24.283333333333335,99.99542253157448,6.998066132517109e-07,0.043472970675280345,0
24.3,99.99550286170451,6.870968027549153e-07,0.042721097681734654,0
24.316666666666666,99.99558178249039,6.746179400395008e-07,0.04198221393460012,0
24.333333333333332,99.99565931865133,6.623658246440247e-07,0.04125609530566104,0
24.35,99.99573549447311,6.503363326402605e-07,0.040542521528876385,0
24.366666666666667,99.99581033381565,6.385254152341461e-07,0.03984127613392518,0
24.383333333333333,99.99588386012056,6.269290973924446e-07,0.039152146380893406,0
24.4,99.99595609641834,6.155434764946673e-07,0.03847492319608289,0
24.416666666666668,99.99602706533567,6.043647210097696e-07,0.03780940110892291,0
24.433333333333334,99.99609678910252,5.933890691971928e-07,0.037155378189965636,0
24.45,99.99616528955906,5.826128278317464e-07,0.03651265598994673,0
24.466666666666665,99.99623258816243,5.720323709519495e-07,0.035881039479892976,0
24.483333333333334,99.99629870599357,5.616441386313372e-07,0.03526033699225896,0
24.5,99.99636366376373,5.514446357723589e-07,0.034650360163074996,0
24.516666666666666,99.996427481821,5.414304309224087e-07,0.03405092387508925,0
24.533333333333335,99.99649018015666,5.315981551115973e-07,0.033461846201886664,0
24.55,99.99655177841143,5.219445007118586e-07,0.032882948352968275,0
24.566666666666666,99.99661229588163,5.124662203169949e-07,0.03231405461977415,0
24.583333333333332,99.99667175152516,5.031601256432749e-07,0.03175499232263402,0
24.6,99.99673016396751,4.940230864501968e-07,0.031205591758629435,0
24.616666666666667,99.99678755150761,4.850520294810609e-07,0.03066568615035209,0
24.633333333333333,99.9968439321234,4.7624393742295735e-07,0.030135111595542694,0
24.65,99.99689932347762,4.6759584788583373e-07,0.029613707017595425,0
24.666666666666668,99.99695374292325,4.5910485240027426e-07,0.029101314116913114,0
24.683333333333334,99.99700720750899,4.5076809543367026e-07,0.02859777732309847,0
24.7,99.99705973398451,4.4258277342439187e-07,0.028102943747967134,0
24.716666666666665,99.99711133880582,4.345461338336925e-07,0.027616663139368346,0
24.733333333333334,99.9971620381403,4.2665547421495915e-07,0.027138787835799434,0
24.75,99.99721184787181,4.189081413000277e-07,0.0266691727218005,0
24.766666666666666,99.9972607836057,4.1130153010222986e-07,0.026207675184115875,0
24.783333333333335,99.99730886067361,4.038330830358774e-07,0.02575415506860925,0
24.8,99.99735609413831,3.965002890518543e-07,0.02530847463791947,0
24.816666666666666,99.99740249879846,3.8930068278904566e-07,0.024870498529844378,0
24.833333333333332,99.99744808919313,3.82231843741308e-07,0.024440093716440094,0
24.85,99.99749287960644,3.7529139543967114e-07,0.024017129463823603,0
24.866666666666667,99.99753688407203,3.6847700464952436e-07,0.0236014772926664,0
24.883333333333333,99.99758011637739,3.6178638058248254e-07,0.02319301093936753,0
24.9,99.99762259006825,3.552172741226796e-07,0.022791606317894147,0
24.916666666666668,99.99766431845272,3.4876747706721246e-07,0.02239714148227837,0
24.933333333333334,99.99770531460558,3.424348213804824e-07,0.02200949658975892,0
24.95,99.99774559137228,3.3621717846217607e-07,0.021628553864556723,0
24.966666666666665,99.99778516137296,3.301124584286289e-07,0.02125419756227335,0
24.983333333333334,99.99782403700648,3.241186094073337e-07,0.0208863139349018,0
25.0,99.9978622304542,3.182336168443454e-07,0.020524791196439043,0
25.016666666666666,99.99789975368388,3.124555028243551e-07,0.020169519489089908,0
25.033333333333335,99.99793661845335,3.067823254031812e-07,0.01982039085005231,0
25.05,99.99797283631426,3.0121217795246705e-07,0.01947729917887374,0
25.066666666666666,99.99800841861564,2.957431885163613e-07,0.019140140205369218,0
25.083333333333332,99.99804337650747,2.90373519179939e-07,0.018808811458091115,0
25.1,99.99807772094421,2.8510136544917464e-07,0.0184832122333413,0
25.116666666666667,99.99811146268816,2.7992495564224183e-07,0.01816324356471637,0
25.133333333333333,99.99814461231284,2.7484255029192454e-07,0.017848808193176743,0
25.15,99.99817718020637,2.698524415589526e-07,0.017539810537630665,0
25.166666666666668,99.99820917657466,2.649529526560483e-07,0.017236156666024266,0
25.183333333333334,99.99824061144463,2.601424372824899e-07,0.016937754266928992,0
25.2,99.99827149466728,2.554192790690016e-07,0.01664451262161782,0
25.216666666666665,99.99830183592086,2.5078189103278235e-07,0.016356342576621958,0
25.233333333333334,99.9983316447139,2.4622871504247796e-07,0.016073156516759644,0
25.25,99.99836093038812,2.417582212929245e-07,0.015794868338629083,0
25.266666666666666,99.99838970212139,2.373689077894756e-07,0.01552139342455742,0
25.283333333333335,99.99841796893061,2.330592998417501e-07,0.015252648616997991,0
25.3,99.99844573967454,2.2882794956660608e-07,0.01498855219336812,0
25.316666666666666,99.99847302305653,2.246734354001985e-07,0.014729023841319933,0
25.333333333333332,99.99849982762733,2.2059436161892828e-07,0.014473984634436674,0
25.35,99.99852616178764,2.1658935786914168e-07,0.014223357008347306,0
25.366666666666667,99.99855203379084,2.1265707870540323e-07,0.013977064737252127,0
25.383333333333333,99.99857745174555,2.0879620313719367e-07,0.013735032910852396,0
25.4,99.99860242361815,2.0500543418388168e-07,0.013497187911677009,0
25.416666666666668,99.99862695723527,2.0128349843779999e-07,0.013263457392799386,0
25.433333333333334,99.99865106028632,1.976291456353038e-07,0.013033770255937892,0
25.45,99.99867474032577,1.9404114823564604e-07,0.012808056629933192,0
25.466666666666665,99.9986980047756,1.9051830100752742e-07,0.012586247849596036,0
25.483333333333334,99.99872086092762,1.8705942062319525e-07,0.012368276434919164,0
25.5,99.9987433159457,1.8366334525993514e-07,0.012154076070647016,0
25.516666666666666,99.99876537686806,1.8032893420882758e-07,0.011943581586197136,0
25.533333333333335,99.99878705060951,1.7705506749064412e-07,0.011736728935927199,0
25.55,99.99880834396349,1.7384064547873808e-07,0.011533455179741761,0
25.566666666666666,99.99882926360434,1.7068458852881104e-07,0.011333698464032831,0
25.583333333333332,99.99884981608923,1.6758583661543002e-07,0.011137398002948582,0
25.6,99.99887000786045,1.645433489751648e-07,0.010944494059984551,0
25.616666666666667,99.99888984524716,1.6155610375623244e-07,0.010754927929891758,0
25.633333333333333,99.99890933446753,1.5862309767452438e-07,0.010568641920896306,0
25.65,99.9989284816307,1.5574334567589844e-07,0.010385579337225143,0
25.666666666666668,99.99894729273859,1.5291588060463084e-07,0.010205684461932676,0
25.683333333333334,99.99896577368786,1.5013975287790128e-07,0.010028902540023085,0
25.7,99.99898393027172,1.4741403016621404e-07,0.009855179761863243,0
25.716666666666665,99.99900176818174,1.4473779707963795e-07,0.009684463246881284,0
25.733333333333334,99.99901929300971,1.421101548597619e-07,0.009516701027545843,0
25.75,99.99903651024925,1.3953022107726088e-07,0.009351842033621209,0
25.766666666666666,99.99905342529769,1.3699712933497314e-07,0.009189836076693589,0
25.783333333333335,99.99907004345756,1.3451002897638142e-07,0.009030633834963863,0
25.8,99.99908636993851,1.3206808479940656e-07,0.008874186838302243,0
25.816666666666666,99.9991024098587,1.296704767754117e-07,0.008720447453560296,0
25.833333333333332,99.99911816824653,1.273163997733213e-07,0.008569368870135952,0
25.85,99.99913365004221,1.2500506328876917e-07,0.008420905085787127,0
25.866666666666667,99.99914886009925,1.2273569117817146e-07,0.00827501089268966,0
25.883333333333333,99.99916380318608,1.2050752139764554e-07,0.008131641863735429,0
25.9,99.9991784839874,1.1831980574668221e-07,0.007990754339066429,0
25.916666666666668,99.99919290710571,1.1617180961648237e-07,0.007852305412840838,0
25.933333333333334,99.99920707706289,1.1406281174287525e-07,0.0077162529202270125,0
25.95,99.99922099830138,1.119921039637378e-07,0.007582555424621529,0
25.966666666666665,99.99923467518575,1.0995899098082344e-07,0.007451172205087427,0
25.983333333333334,99.99924811200391,1.0796279012593193e-07,0.00732206324400882,0
26.0,99.99926131296866,1.0600283113133212e-07,0.007195189214958205,0
26.016666666666666,99.99927428221882,1.0407845590436303e-07,0.007070511470772778,0
26.033333333333335,99.99928702382061,1.0218901830613809e-07,0.0069479920318361735,0
26.05,99.99929954176895,1.0033388393427585e-07,0.00682759357456209,0
26.066666666666666,99.9993118399886,9.851242990958482e-08,0.006709279420076324,0
26.083333333333332,99.99932392233555,9.672404466663085e-08,0.006593013523093823,0
26.1,99.99933579259805,9.496812774811147e-08,0.0064787604609873595,0
26.116666666666667,99.999347454498,9.324408960297831e-08,0.006366485423044579,0
26.133333333333333,99.99935891169189,9.155135138822658e-08,0.006256154199910132,0
26.15,99.99937016777211,8.98893447742943e-08,0.006147733173209747,0
26.166666666666668,99.99938122626807,8.825751175399989e-08,0.006041189305353088,0
26.183333333333334,99.99939209064716,8.665530445495722e-08,0.005936490129512331,0
26.2,99.999402764316,8.508218495540247e-08,0.0058336037397734375,0
26.216666666666665,99.99941325062142,8.353762510337106e-08,0.005732498781457139,0
26.233333333333334,99.99942355285155,8.2021106339165e-08,0.005633144441606735,0
26.25,99.99943367423681,8.053211952104787e-08,0.005535510439639809,0
26.266666666666666,99.99944361795099,7.90701647541116e-08,0.005439567018161068,0
26.283333333333335,99.99945338711213,7.763475122225557e-08,0.005345284933933504,0
26.3,99.99946298478356,7.62253970232216e-08,0.005252635449005175,0
26.316666666666666,99.99947241397491,7.484162900662857e-08,0.005161590321988927,0
26.333333333333332,99.99948167764303,7.348298261495469e-08,0.005072121799492398,0
26.35,99.99949077869282,7.214900172740929e-08,0.004984202607695759,0
26.366666666666667,99.99949971997823,7.08392385066447e-08,0.004897805944074607,0
26.383333333333333,99.9995085043032,6.955325324825751e-08,0.004812905469265547,0
26.4,99.99951713442238,6.829061423302342e-08,0.004729475299071981,0
26.416666666666668,99.99952561304214,6.705089758182159e-08,0.004647489996607715,0
26.433333333333334,99.99953394282134,6.583368711319559e-08,0.004566924564575972,0
26.45,99.99954212637225,6.463857420350511e-08,0.004487754437681538,0
26.466666666666665,99.99955016626119,6.346515764961968e-08,0.004409955475173688,0
26.483333333333334,99.99955806500957,6.231304353410985e-08,0.004333503953517694,0
26.5,99.99956582509448,6.118184509288811e-08,0.00425837655919266,0
26.516666666666666,99.99957344894959,6.007118258525721e-08,0.004184550381613525,0
26.533333333333335,99.99958093896586,5.898068316632115e-08,0.0041120029061751185,0
26.55,99.99958829749228,5.7909980761714575e-08,0.004040712007416118,0
26.566666666666666,99.99959552683661,5.685871594461091e-08,0.003970655942300892,0
26.583333333333332,99.99960262926618,5.582653581496555e-08,0.0039018133436171695,0
26.6,99.99960960700847,5.481309388095415e-08,0.0038341632134875556,0
26.616666666666667,99.99961646225192,5.3818049942566496e-08,0.003767684916992924,0
26.633333333333333,99.99962319714653,5.28410699773159e-08,0.003702358175905768,0
26.65,99.99962981380462,5.1881826028027346e-08,0.003638163062531607,0
26.666666666666668,99.9996363143014,5.093999609266322e-08,0.003575079993656606,0
26.683333333333334,99.9996427006757,5.0015264016153705e-08,0.0035130897245995467,0
26.7,99.99964897493057,4.910731938419109e-08,0.0034521733433663946,0
26.716666666666665,99.99965513903386,4.821585741895675e-08,0.0033923122649056536,0
26.733333333333334,99.99966119491897,4.734057887674146e-08,0.003333488225462811,0
26.75,99.99966714448534,4.648118994742726e-08,0.003275683277032131,0
26.766666666666666,99.99967298959906,4.563740215579591e-08,0.003218879781904148,0
26.783333333333335,99.99967873209351,4.480893226463128e-08,0.003163060407307196,0
26.8,99.99968437376987,4.3995502179582075e-08,0.003108208120141356,0
26.816666666666666,99.99968991639773,4.3196838855754416e-08,0.003054306181803237,0
26.833333333333332,99.99969536171558,4.241267420600086e-08,0.00300133814310002,0
26.85,99.9997007114315,4.16427450108767e-08,0.0029492878392512246,0
26.866666666666667,99.99970596722349,4.0886792830232824e-08,0.002898139384976695,0
26.883333333333333,99.99971113074018,4.0144563916413604e-08,0.002847877169669315,0
26.9,99.99971620360128,3.9415809129034566e-08,0.002798485852650995,0
26.916666666666668,99.999721187398,3.870028385130604e-08,0.0027499503585104897,0
26.933333333333334,99.99972608369366,3.799774790787879e-08,0.0027022558725216515,0
26.95,99.99973089402417,3.730796548418218e-08,0.0026553878361407156,0
26.966666666666665,99.99973561989849,3.663070504722785e-08,0.002609331942581269,0
26.983333333333334,99.99974026279905,3.5965739267852536e-08,0.0025640741324655576,0
27.0,99.99974482418232,3.531284494437267e-08,0.0025196005895508225,0
27.016666666666666,99.9997493054792,3.467180292762852e-08,0.0024758977365293634,0
27.033333333333335,99.99975370809543,3.404239804738704e-08,0.0024329522309010695,0
27.05,99.99975803341214,3.342441904008463e-08,0.0023907509609171606,0
27.066666666666666,99.99976228278622,3.281765847788069e-08,0.002349281041593918,0
27.083333333333332,99.99976645755069,3.2221912699001665e-08,0.002308529810795191,0
27.1,99.99977055901522,3.1636981739349613e-08,0.0022684848253825066,0
27.116666666666667,99.99977458846652,3.1062669265353435e-08,0.002229133857431601,0
27.133333333333333,99.99977854716869,3.0498782508040115e-08,0.0021904648905142444,0
27.15,99.99978243636359,2.994513219830367e-08,0.0021524661160442203,0
27.166666666666668,99.99978625727141,2.9401532503350296e-08,0.002115125929686367,0
27.183333333333334,99.99979001109084,2.886780096429745e-08,0.0020784329278275802,0
27.2,99.99979369899957,2.834375843490715e-08,0.0020423759041087214,0
27.216666666666665,99.99979732215458,2.7829229021431883e-08,0.0020069438460163726,0
27.233333333333334,99.99980088169256,2.7324040023553342e-08,0.001972125931533414,0
27.25,99.99980437873026,2.682802187639386e-08,0.0019379115258474076,0
27.266666666666666,99.99980781436487,2.6341008093581686e-08,0.0019042901781157833,0
27.283333333333335,99.99981118967426,2.5862835211350147e-08,0.0018712516182868633,0
27.3,99.99981450571742,2.539334273365184e-08,0.0018387857539757496,0
27.316666666666666,99.99981776353472,2.4932373078270616e-08,0.0018068826673941325,0
27.333333333333332,99.99982096414833,2.4479771523911978e-08,0.0017755326123330938,0
27.35,99.99982410856242,2.4035386158254147e-08,0.0017447260111979892,0
27.366666666666667,99.99982719776358,2.359906782694372e-08,0.0017144534520945082,0
27.383333333333333,99.99983023272107,2.3170670083516436e-08,0.0016847056859650364,0
27.4,99.9998332143871,2.275004914022896e-08,0.0016554736237744472,0
27.416666666666668,99.99983614369725,2.2337063819782435e-08,0.0016267483337444745,0
27.433333333333334,99.99983902157062,2.1931575507923874e-08,0.001598521038635824,0
27.45,99.99984184891021,2.1533448106907673e-08,0.0015707831130772087,0
27.466666666666665,99.99984462660314,2.1142547989802952e-08,0.0015435260809404895,0
27.483333333333334,99.99984735552096,2.0758743955630547e-08,0.0015167416127611323,0
27.5,99.99985003651996,2.0381907185314762e-08,0.0014904215232031985,0
27.516666666666666,99.99985267044134,2.00119111984352e-08,0.001464557768568102,0
27.533333333333335,99.99985525811162,1.9648631810764086e-08,0.0014391424443463757,0
27.55,99.99985780034277,1.9291947092574747e-08,0.0014141677828117076,0
27.566666666666666,99.99986029793249,1.8941737327707334e-08,0.0013896261506565187,0
27.583333333333332,99.99986275166448,1.8597884973377786e-08,0.0013655100466683642,0
27.6,99.99986516230872,1.8260274620716872e-08,0.0013418120994464538,0
27.616666666666667,99.99986753062167,1.792879295602586e-08,0.0013185250651576018,0
27.633333333333333,99.99986985734651,1.7603328722735846e-08,0.0012956418253309255,0
27.65,99.99987214321332,1.7283772684057913e-08,0.0012731553846906216,0
27.666666666666668,99.99987438893946,1.697001758631124e-08,0.0012510588690261687,0
27.683333333333334,99.99987659522964,1.6661958122917898e-08,0.0012293455230993078,0
27.7,99.99987876277618,1.6359490899050946e-08,0.0012080087085871616,0
27.716666666666665,99.99988089225931,1.60625143969245e-08,0.0011870419020608802,0
27.733333333333334,99.99988298434728,1.5770928941714614e-08,0.0011664386929991926,0
27.75,99.99988503969664,1.548463666809839e-08,0.0011461927818362599,0
27.766666666666666,99.99988705895235,1.5203541487401476e-08,0.0011262979780432467,0
27.783333333333335,99.99988904274814,1.4927549055341316e-08,0.0011067481982430247,0
27.8,99.99989099170654,1.4656566740356876e-08,0.0010875374643574331,0
27.816666666666666,99.99989290643921,1.4390503592512973e-08,0.0010686599017865426,0
27.833333333333332,99.99989478754708,1.4129270312969577e-08,0.0010501097376193632,0
27.85,99.99989663562043,1.3872779224005434e-08,0.001031881298875459,0
27.866666666666667,99.99989845123933,1.3620944239585933e-08,0.001013969010776933,0
27.883333333333333,99.99990023497354,1.3373680836465609e-08,0.0009963673950502585,0
27.9,99.99990198738287,1.31309060258152e-08,0.0009790710682574468,0
27.916666666666668,99.99990370901733,1.289253832536394e-08,0.000962074740156037,0
27.933333333333334,99.99990540041723,1.2658497732047873e-08,0.0009453732120874186,0
27.95,99.99990706211338,1.242870569515456e-08,0.0009289613753929916,0
27.966666666666665,99.99990869462736,1.2203085089955734e-08,0.0009128342098576894,0
27.983333333333334,99.99991029847153,1.1981560191818429e-08,0.0008969867821803876,0
28.0,99.99991187414925,1.176405665078629e-08,0.000881414244470738,0
28.016666666666666,99.99991342215506,1.155050146662275e-08,0.000866111832771971,0
28.033333333333335,99.99991494297481,1.1340822964306717e-08,0.0008510748656092173,0
28.05,99.99991643708584,1.1134950769973841e-08,0.0008362987425629095,0
28.066666666666666,99.99991790495713,1.0932815787294304e-08,0.0008217789428668315,0
28.083333333333332,99.99991934704937,1.0734350174279397e-08,0.0008075110240303883,0
28.1,99.9999207638152,1.0539487320509764e-08,0.0007934906204846809,0
28.116666666666667,99.99992215569931,1.0348161824776375e-08,0.0007797134422519726,0
28.133333333333333,99.99992352313856,1.0160309473128082e-08,0.0007661752736381459,0
28.15,99.9999248665622,9.975867217317523e-09,0.0007528719719477502,0
28.166666666666668,99.99992618639189,9.794773153638363e-09,0.0007397994662212543,0
28.183333333333334,99.9999274830419,9.616966502146794e-09,0.0007269537559941164,0
28.2,99.99992875691923,9.442387586260445e-09,0.0007143309100772975,0
28.216666666666665,99.99993000842377,9.270977812727378e-09,0.0007019270653588479,0
28.233333333333334,99.99993123794835,9.102679651959305e-09,0.0006897384256262016,0
28.25,99.99993244587885,8.937436618721175e-09,0.0006777612604088244,0
28.266666666666666,99.99993363259452,8.775193253172132e-09,0.0006659919038408599,0
28.283333333333335,99.99993479846783,8.615895102250155e-09,0.0006544267535434316,0
28.3,99.99993594386477,8.459488701394797e-09,0.000643062269526261,0
28.316666666666666,99.99993706914488,8.305921556601996e-09,0.0006318949731082684,0
28.333333333333332,99.9999381746614,8.15514212680443e-09,0.0006209214458568272,0
28.35,99.99993926076134,8.007099806571744e-09,0.0006101383285453519,0
28.366666666666667,99.99994032778567,7.861744909125355e-09,0.0005995423201289021,0
28.383333333333333,99.99994137606933,7.719028649660943e-09,0.0005891301767374914,0
28.4,99.99994240594141,7.578903128974195e-09,0.000578898710686796,0
28.416666666666668,99.99994341772519,7.441321317383788e-09,0.000568844789505963,0
28.433333333333334,99.99994441173834,7.306237038946082e-09,0.0005589653349822215,0
28.45,99.99994538829287,7.173604955956546e-09,0.0005492573222220085,0
28.466666666666665,99.99994634769536,7.0433805537325155e-09,0.0005397177787283238,0
28.483333333333334,99.99994729024696,6.915520125672278e-09,0.0005303437834940317,0
28.5,99.99994821624365,6.78998075858536e-09,0.0005211324661108381,0
28.516666666666666,99.99994912597609,6.666720318289151e-09,0.0005120810058936688,0
28.533333333333335,99.99995001972985,6.545697435467036e-09,0.0005031866310201846,0
28.55,99.99995089778557,6.426871491783282e-09,0.0004944466176851722,0
28.566666666666666,99.99995176041888,6.310202606250048e-09,0.0004858582892695524,0
28.583333333333332,99.99995260790062,6.195651621841777e-09,0.0004774190155237553,0
28.6,99.99995344049685,6.0831800923527865e-09,0.00046912621176521343,0
28.616666666666667,99.99995425846896,5.97275026949326e-09,0.0004609773380897281,0
28.633333333333333,99.99995506207378,5.864325090219692e-09,0.0004529698985964708,0
28.65,99.9999558515636,5.757868164295182e-09,0.00044510144062638395,0
28.666666666666668,99.99995662718628,5.6533437620757324e-09,0.0004373695540137488,0
28.683333333333334,99.99995738918533,5.550716802518166e-09,0.00042977187035069377,0
28.7,99.9999581378,5.44995284140575e-09,0.00042230606226441965,0
28.716666666666665,99.99995887326534,5.351018059787658e-09,0.0004149698427069219,0
28.733333333333334,99.99995959581229,5.253879252628292e-09,0.0004077609642569941,0
28.75,99.99996030566767,5.158503817662629e-09,0.000400677218434301,0
28.766666666666666,99.99996100305437,5.064859744453824e-09,0.00039371643502531217,0
28.783333333333335,99.99996168819133,4.972915603649724e-09,0.00038687648142089086,0
28.8,99.99996236129371,4.882640536434131e-09,0.00038015526196533877,0
28.816666666666666,99.99996302257284,4.794004244169698e-09,0.0003735507173166963,0
28.833333333333332,99.99996367223635,4.706976978228918e-09,0.0003670608238181051,0
28.85,99.99996431048821,4.6215295300095804e-09,0.00036068359288004355,0
28.866666666666667,99.99996493752887,4.5376332211315715e-09,0.0003544170703732429,0
28.883333333333333,99.99996555355519,4.455259893811658e-09,0.00034825933603210455,0
28.9,99.9999661587606,4.374381901412974e-09,0.0003422085028684337,0
28.916666666666668,99.99996675333514,4.294972099166084e-09,0.0003362627165953121,0
28.933333333333334,99.99996733746549,4.217003835058469e-09,0.0003304201550609359,0
28.95,99.9999679113351,4.14045094088947e-09,0.00032467902769224436,0
28.966666666666665,99.99996847512415,4.065287723487521e-09,0.0003190375749481719,0
28.983333333333334,99.99996902894442,3.991488956086971e-09,0.0003134958728786598,0
29.0,99.99996957303745,3.919029869917327e-09,0.00030805035262233593,0
29.016666666666666,99.99997010757401,3.847886145723292e-09,0.00030269934628597404,0
29.033333333333335,99.99997063272195,3.778033905764447e-09,0.00029744121487275605,0
29.05,99.99997114864611,3.709449705754005e-09,0.0002922743477821325,0
29.066666666666666,99.99997165550849,3.642110526987256e-09,0.000287197162318329,0
29.083333333333332,99.9999721534682,3.5759937686156523e-09,0.00028220810320735135,0
29.1,99.99997264268157,3.511077240061349e-09,0.000277305642122341,0
29.116666666666667,99.99997312330221,3.447339153569595e-09,0.000272488277217138,0
29.133333333333333,99.99997359548098,3.3847581168961753e-09,0.00026775453266790955,0
29.15,99.99997405936614,3.323313126127779e-09,0.0002631029582227033,0
29.166666666666668,99.99997451510335,3.2629835586325476e-09,0.0002585321287587913,0
29.183333333333334,99.99997496283567,3.2037491661387863e-09,0.00025404064384766705,0
29.2,99.99997540270365,3.1455900679390913e-09,0.0002496271273275657,0
29.216666666666665,99.99997583484543,3.0884867442180672e-09,0.0002452902268833766,0
29.233333333333334,99.99997625939669,3.032420029500997e-09,0.0002410286136338199,0
29.25,99.99997667649072,2.9773711062215624e-09,0.0002368409817257629,0
29.266666666666666,99.99997708625847,2.9233214984062916e-09,0.0002327260479355522,0
29.283333333333335,99.9999774888286,2.8702530654735712e-09,0.00022868255127724035,0
29.3,99.99997788432754,2.8181479961454058e-09,0.00022470925261758816,0
29.316666666666666,99.99997827287942,2.76698880246954e-09,0.0002208049342977254,0
29.333333333333332,99.99997865460625,2.7167583139501677e-09,0.0002169683997613553,0
29.35,99.9999790296279,2.6674396717852014e-09,0.0002131984731893891,0
29.366666666666667,99.99997939806211,2.6190163232080803e-09,0.00020949399914089995,0
29.383333333333333,99.99997976002459,2.5714720159324174e-09,0.0002058538422002874,0
29.4,99.99998011562899,2.524790792697346e-09,0.0002022768866305445,0
29.416666666666668,99.99998046498693,2.4789569859120175e-09,0.00019876203603252205,0
29.433333333333334,99.99998080820816,2.4339552123972254e-09,0.00019530821301008705,0
29.45,99.99998114540044,2.389770368222544e-09,0.00019191435884107302,0
29.466666666666665,99.99998147666963,2.346387623637173e-09,0.00018857943315392204,0
29.483333333333334,99.99998180211976,2.3037924180927535e-09,0.00018530241360992055,0
29.5,99.99998212185302,2.2619704553566483e-09,0.00018208229559093185,0
29.516666666666666,99.99998243596983,2.22090769871382e-09,0.0001789180918925307,0
29.533333333333335,99.99998274456881,2.1805903662558302e-09,0.00017580883242244622,0
29.55,99.9999830477469,2.141004926255459e-09,0.00017275356390422195,0
29.566666666666666,99.99998334559925,2.102138092625139e-09,0.00016975134958600215,0
29.583333333333332,99.9999836382194,2.0639768204579305e-09,0.00016680126895435676,0
29.6,99.99998392569928,2.0265083016494243e-09,0.00016390241745305664,0
29.616666666666667,99.99998420812913,1.9897199605990895e-09,0.0001610539062067148,0
29.633333333333333,99.99998448559768,1.953599449989711e-09,0.00015825486174920908,0
29.65,99.99998475819201,1.9181346466433678e-09,0.00015550442575680285,0
29.666666666666668,99.99998502599776,1.8833136474527173e-09,0.0001528017547858842,0
29.683333333333334,99.99998528909903,1.8491247653860735e-09,0.000150146020015242,0
29.7,99.99998554757846,1.8155565255650407e-09,0.0001475364069928017,0
29.716666666666665,99.99998580151717,1.7825976614133495e-09,0.00014497211538674318,0
29.733333333333334,99.99998605099496,1.7502371108755762e-09,0.00014245235874092542,0
29.75,99.99998629609017,1.7184640127045385e-09,0.00013997636423454242,0
29.766666666666666,99.99998653687977,1.6872677028160553e-09,0.00013754337244593893,0
29.783333333333335,99.99998677343936,1.6566377107099099e-09,0.0001351526371205125,0
29.8,99.99998700584325,1.6265637559557384e-09,0.00013280342494263227,0
29.816666666666666,99.99998723416444,1.5970357447427457e-09,0.00013049501531150437,0
29.833333333333332,99.99998745847459,1.5680437664920579e-09,0.0001282267001209162,0
29.85,99.9999876788442,1.5395780905305451e-09,0.00012599778354279253,0
29.866666666666667,99.99998789534246,1.5116291628250229e-09,0.00012380758181449692,0
29.883333333333333,99.99998810803736,1.4841876027757759e-09,0.00012165542302981444,0
29.9,99.99998831699571,1.4572442000682353e-09,0.00011954064693355173,0
29.916666666666668,99.99998852228312,1.4307899115818526e-09,0.00011746260471969174,0
29.933333333333334,99.9999887239641,1.4048158583550464e-09,0.00011542065883304194,0
29.95,99.99998892210198,1.3793133226052878e-09,0.0001134141827743156,0
29.966666666666665,99.99998911675897,1.3542737448032308e-09,0.00011144256090858638,0
29.983333333333334,99.99998930799622,1.3296887208000111e-09,0.00010950518827705846,0
30.0,99.99998949587382,1.3055499990066325e-09,0.00010760147041209471,0
30.016666666666666,99.99998968045075,1.281849477624593e-09,0.00010573082315544617,0
30.033333333333335,99.999989861785,1.2585792019267877e-09,0.00010389267247962804,0
30.05,99.99999003993352,1.2357313615877348e-09,0.00010208645431238758,0
30.066666666666666,99.99999021495226,1.2132982880623122e-09,0.00010031161436421027,0
30.083333333333332,99.99999038689619,1.1912724520120345e-09,9.856760795881191e-05,0
30.1,99.99999055581934,1.1696464607780663e-09,9.685389986656499e-05,0
30.116666666666667,99.99999072177476,1.14841305590013e-09,9.516996414080855e-05,0
30.133333333333333,99.99999088481457,1.1275651106804092e-09,9.351528395699171e-05,0
30.15,99.99999104498997,1.1070956277917196e-09,9.18893514546016e-05,0
30.166666666666668,99.9999912023513,1.0869977369290417e-09,9.029166758182823e-05,0
30.183333333333334,99.99999135694797,1.0672646925037472e-09,8.872174194291807e-05,0
30.2,99.99999150882854,1.0478898713796446e-09,8.717909264817055e-05,0
30.216666666666665,99.99999165804076,1.0288667706501134e-09,8.566324616653142e-05,0
30.233333333333334,99.99999180463145,1.0101890054556307e-09,8.41737371807381e-05,0
30.25,99.99999194864668,9.918503068408653e-10,8.271010844497305e-05,0
30.266666666666666,99.99999209013168,9.738445196507067e-10,8.127191064498148e-05,0
30.283333333333335,99.99999222913092,9.5616560046448e-10,7.985870226061121e-05,0
30.3,99.99999236568802,9.3880761556765e-10,7.847004943073228e-05,0
30.316666666666666,99.99999249984592,9.217647389603454e-10,7.71055258204956e-05,0
30.333333333333332,99.99999263164673,9.050312504020497e-10,7.576471249088987e-05,0
30.35,99.99999276113186,8.886015334917696e-10,7.444719777055709e-05,0
30.366666666666667,99.999992888342,8.724700737830568e-10,7.315257712982786e-05,0
30.383333333333333,99.99999301331712,8.566314569332537e-10,7.188045305693767e-05,0
30.4,99.99999313609646,8.410803668863278e-10,7.063043493638658e-05,0
30.416666666666668,99.9999932567186,8.258115840886955e-10,6.94021389294054e-05,0
30.433333333333334,99.99999337522142,8.108199837374355e-10,6.819518785649176e-05,0
30.45,99.99999349164217,7.961005340602955e-10,6.700921108198037e-05,0
30.466666666666665,99.9999936060174,7.816482946269382e-10,6.584384440061186e-05,0
30.483333333333334,99.99999371838305,7.674584146908087e-10,6.469872992606655e-05,0
30.5,99.99999382877444,7.535261315611392e-10,6.357351598142806e-05,0
30.516666666666666,99.99999393722622,7.398467690044904e-10,6.246785699154417e-05,0
30.533333333333335,99.99999404377247,7.264157356752966e-10,6.138141337725177e-05,0
30.55,99.9999941484467,7.132285235749155e-10,6.031385145143364e-05,0
30.566666666666666,99.99999425128176,7.002807065386637e-10,5.926484331687556e-05,0
30.583333333333332,99.99999435230997,6.875679387502748e-10,5.823406676589235e-05,0
30.6,99.99999445156305,6.750859532833684e-10,5.722120518169244e-05,0
30.616666666666667,99.99999454907221,6.628305606693663e-10,5.622594744145081e-05,0
30.633333333333333,99.99999464486808,6.507976474914179e-10,5.52479878210607e-05,0
30.65,99.99999473898076,6.389831750038476e-10,5.428702590153512e-05,0
30.666666666666668,99.9999948314398,6.27383177776662e-10,5.334276647702951e-05,0
30.683333333333334,99.99999492227427,6.159937623646535e-10,5.241491946445766e-05,0
30.7,99.99999501151268,6.048111060006903e-10,5.150319981467317e-05,0
30.716666666666665,99.9999950991831,5.938314553126872e-10,5.06073274251894e-05,0
30.733333333333334,99.99999518531307,5.830511250639055e-10,4.972702705441135e-05,0
30.75,99.99999526992963,5.724664969160942e-10,4.8862028237353205e-05,0
30.766666666666666,99.99999535305939,5.620740182150936e-10,4.801206520281593e-05,0
30.783333333333335,99.99999543472846,5.518702007984786e-10,4.7176876791999556e-05,0
30.8,99.99999551496248,5.418516198248535e-10,4.6356206378525456e-05,0
30.816666666666666,99.9999955937867,5.320149126243954e-10,4.554980178984404e-05,0
30.833333333333332,99.99999567122586,5.223567775702553e-10,4.4757415230004025e-05,0
30.85,99.99999574730433,5.128739729704588e-10,4.397880320375971e-05,0
30.866666666666667,99.99999582204596,5.035633159799118e-10,4.3213726441993e-05,0
30.883333333333333,99.99999589547426,4.94421681532168e-10,4.246194982842751e-05,0
30.9,99.99999596761229,4.854460012905657e-10,4.1723242327612377e-05,0
30.916666666666668,99.99999603848275,4.766332626184359e-10,4.099737691415377e-05,0
30.933333333333334,99.99999610810788,4.679805075679672e-10,4.028413050317253e-05,0
30.95,99.99999617650958,4.59484831887467e-10,3.958328388196668e-05,0
30.966666666666665,99.9999962437093,4.5114338404659906e-10,3.889462164285804e-05,0
30.983333333333334,99.99999630972822,4.429533642793569e-10,3.821793211720237e-05,0
31.0,99.99999637458704,4.34912023644378e-10,3.7553007310542794e-05,0
31.016666666666666,99.99999643830616,4.270166631023293e-10,3.6899642838887096e-05,0
31.033333333333335,99.9999965009056,4.1926463261005045e-10,3.625763786608889e-05,0
31.05,99.999996562405,4.116533302311166e-10,3.5626795042314075e-05,0
31.066666666666666,99.99999662282374,4.0418020126257303e-10,3.5006920443573434e-05,0
31.083333333333332,99.99999668218078,3.9684273737749894e-10,3.439782351230303e-05,0
31.1,99.99999674049475,3.8963847578315236e-10,3.3799316998974365e-05,0
31.116666666666667,99.999996797784,3.825649983943886e-10,3.3211216904716286e-05,0
31.133333333333333,99.99999685406655,3.756199310220886e-10,3.263334242493125e-05,0
31.15,99.99999690936004,3.688009425763118e-10,3.206551589388878e-05,0
31.166666666666668,99.9999969636819,3.621057442839243e-10,3.150756273027893e-05,0
31.183333333333334,99.99999701704915,3.555320889204211e-10,3.095931138370953e-05,0
31.2,99.99999706947861,3.490777700556951e-10,3.0420593282130505e-05,0
31.216666666666665,99.99999712098673,3.427406213134979e-10,2.9891242780169482e-05,0
31.233333333333334,99.9999971715897,3.3651851564434365e-10,2.937109710836272e-05,0
31.25,99.9999972213034,3.3040936461161437e-10,2.8859996323265985e-05,0
31.266666666666666,99.99999727014348,3.244111176906148e-10,2.8357783258430096e-05,0
31.283333333333335,99.9999973181253,3.1852176158036494e-10,2.7864303476226123e-05,0
31.3,99.99999736526394,3.1273931952787267e-10,2.7379405220505622e-05,0
31.316666666666666,99.99999741157417,3.070618506646802e-10,2.6902939370081325e-05,0
31.333333333333332,99.99999745707058,3.014874493554549e-10,2.6434759393014198e-05,0
31.35,99.99999750176748,2.96014244558401e-10,2.597472130169284e-05,0
31.366666666666667,99.99999754567888,2.9064039919727846e-10,2.5522683608691478e-05,0
31.383333333333333,99.99999758881863,2.8536410954483114e-10,2.5078507283393144e-05,0
31.4,99.99999763120026,2.8018360461739944e-10,2.4642055709364766e-05,0
31.416666666666668,99.99999767283707,2.7509714558052757e-10,2.4213194642471056e-05,0
31.433333333333334,99.99999771374219,2.7010302516535424e-10,2.379179216971456e-05,0
31.45,99.99999775392841,2.651995670956049e-10,2.337771866878919e-05,0
31.466666666666665,99.99999779340841,2.603851255249811e-10,2.297084676833487e-05,0
31.483333333333334,99.9999978321946,2.55658084484763e-10,2.257105130888122e-05,0
31.5,99.99999787029917,2.510168573414406e-10,2.2178209304468322e-05,0
31.516666666666666,99.99999790773408,2.464598862641901e-10,2.1792199904932787e-05,0
31.533333333333335,99.99999794451112,2.4198564170201843e-10,2.141290435884769e-05,0
31.55,99.99999798064182,2.3759262187039556e-10,2.1040205977104983e-05,0
31.566666666666666,99.99999801613757,2.3327935224721087e-10,2.0673990097129266e-05,0
31.583333333333332,99.9999980510095,2.2904438507787203e-10,2.0314144047712024e-05,0
31.6,99.99999808526854,2.248862988893961e-10,1.9960557114455516e-05,0
31.616666666666667,99.99999811892553,2.208036980133164e-10,1.96131205058158e-05,0
31.633333333333333,99.99999815199101,2.167952121172497e-10,1.927172731973453e-05,0
31.65,99.99999818447539,2.1285949574496949e-10,1.893627251084927e-05,0
31.666666666666668,99.99999821638885,2.089952278648238e-10,1.860665285827237e-05,0
31.683333333333334,99.99999824774144,2.0520111142635849e-10,1.8282766933928476e-05,0
31.7,99.99999827854305,2.0147587292497723e-10,1.7964515071441098e-05,0
31.716666666666665,99.99999830880331,1.978182619745188e-10,1.7651799335558638e-05,0
31.733333333333334,99.99999833853174,1.942270508875766e-10,1.7344523492110543e-05,0
31.75,99.99999836773769,1.9070103426345275e-10,1.7042592978484475e-05,0
31.766666666666666,99.99999839643037,1.8723902858358034e-10,1.6745914874615383e-05,0
31.783333333333335,99.99999842461877,1.8383987181429592e-10,1.645439787447763e-05,0
31.8,99.99999845231174,1.805024230168201e-10,1.616795225807151e-05,0
31.816666666666666,99.99999847951801,1.7722556196431954e-10,1.5886489863895514e-05,0
31.833333333333332,99.99999850624611,1.7400818876592064e-10,1.560992406189601e-05,0
31.85,99.99999853250448,1.7084922349754622e-10,1.533816972688598e-05,0
31.866666666666667,99.99999855830134,1.677476058394548e-10,1.5071143212424738e-05,0
31.883333333333333,99.99999858364481,1.6470229472036254e-10,1.4808762325150684e-05,0
31.9,99.99999860854285,1.617122679680201e-10,1.4550946299559125e-05,0
31.916666666666668,99.99999863300329,1.5877652196613578e-10,1.4297615773217556e-05,0
31.933333333333334,99.99999865703383,1.5589407131752516e-10,1.4048692762410795e-05,0
31.95,99.99999868064201,1.530639485133789e-10,1.3804100638208488e-05,0
31.966666666666665,99.99999870383526,1.5028520360852812e-10,1.3563764102947724e-05,0
31.983333333333334,99.99999872662087,1.4755690390261086e-10,1.3327609167123502e-05,0
32.0,99.999998749006,1.448781336270224e-10,1.3095563126680041e-05,0
32.016666666666666,99.99999877099769,1.4224799363754837e-10,1.2867554540695951e-05,0
32.03333333333333,99.99999879260284,1.396656011125816e-10,1.2643513209456454e-05,0
32.05,99.99999881382826,1.3713008925681227e-10,1.2423370152905944e-05,0
32.06666666666667,99.99999883468064,1.3464060701029804e-10,1.2207057589474297e-05,0
32.083333333333336,99.9999988551665,1.3219631876281989e-10,1.1994508915270442e-05,0
32.1,99.9999988752923,1.2979640407341442e-10,1.178565868363686e-05,0
32.11666666666667,99.99999889506437,1.2744005739500767e-10,1.1580442585058715e-05,0
32.13333333333333,99.99999891448891,1.2512648780403975e-10,1.13787974274215e-05,0
32.15,99.99999893357204,1.2285491873500152e-10,1.1180661116611156e-05,0
32.166666666666664,99.99999895231974,1.2062458771978937e-10,1.0985972637450694e-05,0
32.18333333333333,99.99999897073795,1.184347461317907e-10,1.079467203496755e-05,0
32.2,99.99999898883244,1.1628465893461616e-10,1.0606700395985887e-05,0
32.21666666666667,99.99999900660887,1.1417360443539156e-10,1.042199983103823e-05,0
32.233333333333334,99.99999902407285,1.1210087404253215e-10,1.0240513456590906e-05,0
32.25,99.99999904122984,1.1006577202790744e-10,1.006218537757785e-05,0
32.266666666666666,99.9999990580853,1.080676152933297e-10,9.88696067023741e-06,0
32.28333333333333,99.99999907464448,1.0610573314127837e-10,9.714785365246922e-06,0
32.3,99.9999990909126,1.0417946704978671e-10,9.545606431149906e-06,0
32.31666666666667,99.99999910689476,1.0228817045141576e-10,9.379371758070762e-06,0
32.333333333333336,99.99999912259601,1.0043120851623941e-10,9.21603014171202e-06,0
32.35,99.99999913802127,9.860795793876984e-11,9.055531267629262e-06,0
32.36666666666667,99.9999991531754,9.681780672875174e-11,8.897825695778845e-06,0
32.38333333333333,99.99999916806318,9.506015400575248e-11,8.742864845333754e-06,0
32.4,99.99999918268928,9.333440979748033e-11,8.5906009797629e-06,0
32.416666666666664,99.99999919705826,9.163999484176774e-11,8.440987192169313e-06,0
32.43333333333333,99.99999921117471,8.997634039214599e-11,8.293977390882743e-06,0
32.45,99.99999922504298,8.834288802694926e-11,8.149526285302247e-06,0
32.46666666666667,99.99999923866751,8.67390894618858e-11,8.00758937198443e-06,0
32.483333333333334,99.99999925205252,8.516440636600981e-11,7.868122920973095e-06,0
32.5,99.99999926520226,8.36183101810357e-11,7.731083962366105e-06,0
32.516666666666666,99.9999992781209,8.210028194393021e-11,7.59643027311534e-06,0
32.53333333333333,99.99999929081243,8.060981211272767e-11,7.4641203640557305e-06,0
32.55,99.99999930328086,7.914640039550386e-11,7.334113467159352e-06,0
32.56666666666667,99.99999931553012,7.7709555582459e-11,7.206369523010736e-06,0
32.583333333333336,99.99999932756408,7.629879538104383e-11,7.080849168499514e-06,0
32.6,99.99999933938648,7.4913646254083e-11,6.957513724726647e-06,0
32.61666666666667,99.99999935100108,7.355364326083421e-11,6.8363251851205415e-06,0
32.63333333333333,99.99999936241153,7.221832990093498e-11,6.717246203759393e-06,0
32.65,99.99999937362139,7.090725796117902e-11,6.600240083896206e-06,0
32.666666666666664,99.9999993846342,6.961998736507835e-11,6.485270766682957e-06,0
32.68333333333333,99.99999939545341,6.835608602515207e-11,6.372302820090457e-06,0
32.7,99.99999940608244,6.711512969790002e-11,6.261301428020513e-06,0
32.71666666666667,99.99999941652466,6.589670184140644e-11,6.152232379607063e-06,0
32.733333333333334,99.99999942678328,6.47003934755304e-11,6.045062058703004e-06,0
32.75,99.9999994368616,6.352580304463323e-11,5.939757433549477e-06,0
32.766666666666666,99.99999944676273,6.237253628279877e-11,5.836286046624486e-06,0
32.78333333333333,99.99999945648982,6.1240206081499e-11,5.734616004667686e-06,0
32.8,99.99999946604592,6.012843235966376e-11,5.634715968878331e-06,0
32.81666666666667,99.99999947543404,5.90368419361065e-11,5.536555145283352e-06,0
32.833333333333336,99.9999994846571,5.796506840426912e-11,5.4401032752726344e-06,0
32.85,99.99999949371806,5.691275200923779e-11,5.345330626298574e-06,0
32.86666666666667,99.99999950261972,5.587953952699295e-11,5.252207982737075e-06,0
32.88333333333333,99.99999951136489,5.486508414585124e-11,5.160706636907192e-06,0
32.9,99.99999951995633,5.3869045350058035e-11,5.070798380246655e-06,0
32.916666666666664,99.99999952839676,5.2891088805495484e-11,4.982455494640587e-06,0
32.93333333333333,99.9999995366888,5.1930886247463866e-11,4.895650743900738e-06,0
32.95,99.99999954483509,5.098811537050027e-11,4.8103573653926506e-06,0
32.96666666666667,99.99999955283816,5.006245972019747e-11,4.726549061808156e-06,0
32.983333333333334,99.99999956070053,4.9153608586987326e-11,4.644199993080729e-06,0
33.0,99.9999995684247,4.826125690185022e-11,4.563284768441166e-06,0
33.016666666666666,99.99999957601308,4.738510513392126e-11,4.4837784386112055e-06,0
33.03333333333333,99.99999958346804,4.652485918995202e-11,4.405656488132655e-06,0
33.05,99.99999959079194,4.5680230315598485e-11,4.328894827829708e-06,0
33.06666666666667,99.99999959798713,4.485093499850137e-11,4.25346978740212e-06,0
33.083333333333336,99.99999960505579,4.403669487312623e-11,4.179358108146976e-06,0
33.1,99.9999996120002,4.323723662732876e-11,4.106536935806829e-06,0
33.11666666666667,99.99999961882253,4.245229191061936e-11,4.034983813542004e-06,0
33.13333333333333,99.99999962552491,4.1681597244090016e-11,3.964676675024925e-06,0
33.15,99.99999963210946,4.0924893931979485e-11,3.895593837654344e-06,0
33.166666666666664,99.99999963857826,4.018192797484025e-11,3.82771399588738e-06,0
33.18333333333333,99.99999964493334,3.945244998428475e-11,3.761016214687351e-06,0
33.2,99.99999965117671,3.8736215099278016e-11,3.695479923085364e-06,0
33.21666666666667,99.99999965731031,3.8032982903949836e-11,3.631084907853704e-06,0
33.233333333333334,99.99999966333607,3.734251734689928e-11,3.567811307289076e-06,0
33.25,99.99999966925591,3.6664586661963373e-11,3.5056396051037966e-06,0
33.266666666666666,99.99999967507168,3.5998963290425214e-11,3.444550624423062e-06,0
33.28333333333333,99.99999968078518,3.534542380463352e-11,3.384525521886456e-06,0
33.3,99.99999968639824,3.4703748833008435e-11,3.3255457818518777e-06,0
33.31666666666667,99.9999996919126,3.407372298640978e-11,3.2675932107001265e-06,0
33.333333333333336,99.99999969733005,3.3455134785841217e-11,3.210649931238385e-06,0
33.35,99.99999970265223,3.284777659146656e-11,3.1546983772008963e-06,0
33.36666666666667,99.99999970788086,3.225144453291568e-11,3.0997212878451343e-06,0
33.38333333333333,99.99999971301756,3.1665938440854696e-11,3.0457017026418294e-06,0
33.4,99.99999971806396,3.1091061779798354e-11,2.9926229560571974e-06,0
33.416666666666664,99.99999972302163,3.052662158214349e-11,2.940468672425795e-06,0
33.43333333333333,99.99999972789215,2.9972428383397936e-11,2.889222760912411e-06,0
33.45,99.99999973267703,2.94282961585864e-11,2.8388694105614603e-06,0
33.46666666666667,99.99999973737778,2.889404225981118e-11,2.7893930854323575e-06,0
33.483333333333334,99.99999974199591,2.836948735494558e-11,2.7407785198193746e-06,0
33.5,99.99999974653282,2.7854455367440232e-11,2.693010713554523e-06,0
33.516666666666666,99.99999975098997,2.7348773417222832e-11,2.6460749273920185e-06,0
33.53333333333333,99.99999975536876,2.6852271762670026e-11,2.5999566784729072e-06,0
33.55,99.99999975967059,2.6364783743633253e-11,2.554641735868467e-06,0
33.56666666666667,99.99999976389674,2.588614572549836e-11,2.510116116201017e-06,0
33.583333333333336,99.99999976804862,2.541619704426123e-11,2.4663660793407886e-06,0
33.6,99.99999977212752,2.4954779952600152e-11,2.4233781241775426e-06,0
33.61666666666667,99.99999977613469,2.450173956692718e-11,2.3811389844656275e-06,0
33.63333333333333,99.9999997800714,2.4056923815400756e-11,2.339635624741215e-06,0
33.65,99.9999997839389,2.3620183386882248e-11,2.2988552363104502e-06,0
33.666666666666664,99.99999978773839,2.319137168081868e-11,2.2587852333072913e-06,0
33.68333333333333,99.99999979147107,2.277034475803571e-11,2.219413248819828e-06,0
33.7,99.99999979513814,2.2356961292423802e-11,2.1807271310838893e-06,0
33.71666666666667,99.99999979874073,2.1951082523500948e-11,2.142714939742772e-06,0
33.733333333333334,99.99999980227999,2.1552572209837337e-11,2.1053649421719476e-06,0
33.75,99.99999980575701,2.116129658332505e-11,2.068665609867606e-06,0
33.766666666666666,99.99999980917289,2.0777124304277983e-11,2.032605614897951e-06,0
33.78333333333333,99.99999981252873,2.0399926417346803e-11,1.997173826416135e-06,0
33.8,99.99999981582553,2.0029576308234394e-11,1.962359307233773e-06,0
33.81666666666667,99.99999981906439,1.9665949661197067e-11,1.928151310453991e-06,0
33.833333333333336,99.9999998222463,1.9308924417316857e-11,1.8945392761629594e-06,0
33.85,99.99999982537223,1.895838073353202e-11,1.8615128281789154e-06,0
33.86666666666667,99.99999982844325,1.8614200942410622e-11,1.829061770857654e-06,0
33.88333333333333,99.99999983146027,1.827626951265467e-11,1.797176085953531e-06,0
33.9,99.99999983442422,1.794447301032136e-11,1.765845929534996e-06,0
33.916666666666664,99.99999983733606,1.7618700060748114e-11,1.7350616289537185e-06,0
33.93333333333333,99.99999984019671,1.729884131116856e-11,1.704813679866372e-06,0
33.95,99.99999984300707,1.6984789394007805e-11,1.675092743308165e-06,0
33.96666666666667,99.99999984576802,1.667643889084368e-11,1.6458896428172194e-06,0
33.983333333333334,99.9999998484804,1.637368629702176e-11,1.6171953616089114e-06,0
34.0,99.99999985114509,1.6076429986913746e-11,1.5890010397993124e-06,0
34.016666666666666,99.99999985376292,1.578457017980557e-11,1.5612979716768729e-06,0
34.03333333333333,99.99999985633472,1.5498008906405492e-11,1.5340776030215123e-06,0
34.05,99.99999985886132,1.5216649975959558e-11,1.5073315284702955e-06,0
34.06666666666667,99.99999986134347,1.4940398943964497e-11,1.4810514889288816e-06,0
34.083333333333336,99.99999986378201,1.4669163080466758e-11,1.4552293690279542e-06,0
34.1,99.99999986617765,1.4402851338936377e-11,1.4298571946238527e-06,0
34.11666666666667,99.99999986853118,1.414137432570687e-11,1.404927130342632e-06,0
34.13333333333333,99.99999987084333,1.388464426996926e-11,1.380431477166803e-06,0
34.15,99.99999987311479,1.3632574994310714e-11,1.3563626700640073e-06,0
34.166666666666664,99.99999987534636,1.3385081885788675e-11,1.3327132756569032e-06,0
34.18333333333333,99.99999987753867,1.3142081867529349e-11,1.3094759899335431e-06,0
34.2,99.99999987969242,1.2903493370842485e-11,1.2866436359975392e-06,0
34.21666666666667,99.99999988180831,1.2669236307841645e-11,1.2642091618573305e-06,0
34.233333333333334,99.999999883887,1.243923204456206e-11,1.2421656382538704e-06,0
34.25,99.99999988592913,1.2213403374566422e-11,1.220506256526063e-06,0
34.266666666666666,99.99999988793535,1.1991674493029531e-11,1.1992243265133007e-06,0
34.28333333333333,99.99999988990628,1.1773970971293668e-11,1.178313274494452e-06,0
34.3,99.99999989184258,1.1560219731885935e-11,1.1577666411626726e-06,0
34.31666666666667,99.99999989374481,1.135034902398878e-11,1.1375780796354074e-06,0
34.333333333333336,99.99999989561361,1.1144288399356205e-11,1.117741353498989e-06,0
34.35,99.99999989744953,1.0941968688666898e-11,1.0982503348872126e-06,0
34.36666666666667,99.99999989925318,1.0743321978306897e-11,1.0790990025933137e-06,0
34.38333333333333,99.99999990102512,1.0548281587573379e-11,1.0602814402147568e-06,0
34.4,99.9999999027659,1.0356782046292779e-11,1.041791834330271e-06,0
34.416666666666664,99.99999990447604,1.0168759072844702e-11,1.0236244727085738e-06,0
34.43333333333333,99.99999990615612,9.984149552585148e-12,1.0057737425482262e-06,0
34.45,99.99999990780664,9.80289151666128e-12,9.882341287480866e-07,0
34.46666666666667,99.99999990942815,9.624924121210842e-12,9.710002122078234e-07,0
34.483333333333334,99.99999991102113,9.450187626939068e-12,9.540666681579737e-07,0
34.5,99.99999991258613,9.278623379066601e-12,9.374282645190256e-07,0
34.516666666666666,99.9999999141236,9.110173787641067e-12,9.210798602890267e-07,0
34.53333333333333,99.99999991563405,8.944782308206402e-12,9.050164039592196e-07,0
34.55,99.99999991711793,8.78239342282295e-12,8.892329319572207e-07,0
34.56666666666667,99.9999999185757,8.622952621432028e-12,8.737245671172602e-07,0
34.583333333333336,99.99999992000785,8.46640638355905e-12,8.584865171770156e-07,0
34.6,99.99999992141483,8.312702160348536e-12,8.435140733005769e-07,0
34.61666666666667,99.99999992279704,8.161788356925459e-12,8.288026086270883e-07,0
34.63333333333333,99.99999992415493,8.013614315076634e-12,8.143475768446213e-07,0
34.65,99.99999992548896,7.868130296246675e-12,8.001445107888396e-07,0
34.666666666666664,99.99999992679955,7.725287464842434e-12,7.861890210660288e-07,0
34.68333333333333,99.99999992808708,7.58503787184072e-12,7.724767947000612e-07,0
34.7,99.99999992935196,7.447334438693545e-12,7.590035938028868e-07,0
34.71666666666667,99.9999999305946,7.312130941525414e-12,7.457652542681367e-07,0
34.733333333333334,99.9999999318154,7.179381995617723e-12,7.327576844874407e-07,0
34.75,99.9999999330147,7.049043040174687e-12,7.199768640890622e-07,0
34.766666666666666,99.99999993419293,6.9210703233657136e-12,7.074188426984635e-07,0
34.78333333333333,99.99999993535043,6.795420887639705e-12,6.950797387204223e-07,0
34.8,99.9999999364876,6.672052555305372e-12,6.8295573814232e-07,0
34.81666666666667,99.99999993760477,6.550923914373912e-12,6.710430933582408e-07,0
34.833333333333336,99.99999993870227,6.431994304658344e-12,6.593381220135146e-07,0
34.85,99.99999993978048,6.315223804125237e-12,6.4783720586935e-07,0
34.86666666666667,99.99999994083971,6.2005732154943384e-12,6.365367896872099e-07,0
34.88333333333333,99.99999994188033,6.088004053081289e-12,6.254333801325855e-07,0
34.9,99.99999994290265,5.977478529879378e-12,6.145235446978299e-07,0
34.916666666666664,99.999999943907,5.868959544875644e-12,6.038039106437241e-07,0
34.93333333333333,99.99999994489369,5.762410670597363e-12,5.932711639594468e-07,0
34.95,99.99999994586301,5.657796140884573e-12,5.829220483406286e-07,0
34.96666666666667,99.9999999468153,5.555080838884534e-12,5.727533641851775e-07,0
34.983333333333334,99.99999994775084,5.454230285264216e-12,5.627619676065663e-07,0
35.0,99.99999994866991,5.355210626636679e-12,5.529447694642783e-07,0
35.016666666666666,99.99999994957281,5.2579886241976295e-12,5.432987344111135e-07,0
35.03333333333333,99.99999995045984,5.162531642568293e-12,5.338208799570617e-07,0
35.05,99.99999995133129,5.0688076388407074e-12,5.245082755494557e-07,0
35.06666666666667,99.9999999521874,4.976785151822007e-12,5.153580416691199e-07,0
35.083333333333336,99.99999995302844,4.886433291473959e-12,5.063673489422396e-07,0
35.1,99.99999995385471,4.797721728544078e-12,4.97533417267673e-07,0
35.11666666666667,99.99999995466644,4.710620684385175e-12,4.888535149594424e-07,0
35.13333333333333,99.99999995546389,4.625100920959577e-12,4.803249579041372e-07,0
35.15,99.99999995624732,4.5411337310248384e-12,4.7194510873297226e-07,0
35.166666666666664,99.99999995701698,4.45869092849765e-12,4.6371137600824415e-07,0
35.18333333333333,99.9999999577731,4.3777448389926864e-12,4.556212134239382e-07,0
35.2,99.99999995851594,4.298268290533139e-12,4.4767211902023725e-07,0
35.21666666666667,99.9999999592457,4.220234604430002e-12,4.3986163441169324e-07,0
35.233333333333334,99.99999995996264,4.143617586326795e-12,4.321873440288223e-07,0
35.25,99.99999996066693,4.068391517407004e-12,4.24646874372891e-07,0
35.266666666666666,99.99999996135885,3.994531145761057e-12,4.1723789328366363e-07,0
35.28333333333333,99.9999999620386,3.9220116779099995e-12,4.099581092198869e-07,0
35.3,99.99999996270641,3.850808770483105e-12,4.0280527055228876e-07,0
35.31666666666667,99.99999996336246,3.780898522046595e-12,3.957771648688748e-07,0
35.333333333333336,99.99999996400697,3.712257465080649e-12,3.888716182923083e-07,0
35.35,99.99999996464018,3.644862558101986e-12,3.8208649480916453e-07,0
35.36666666666667,99.9999999652622,3.578691177929638e-12,3.754196956108513e-07,0
35.38333333333333,99.9999999658733,3.5137211120909817e-12,3.688691584459951e-07,0
35.4,99.99999996647367,3.449930551365698e-12,3.624328569840913e-07,0
35.416666666666664,99.99999996706346,3.387298082465056e-12,3.5610880019022493e-07,0
35.43333333333333,99.9999999676429,3.325802680844124e-12,3.498950317106674e-07,0
35.45,99.99999996821214,3.265423703644418e-12,3.437896292691618e-07,0
35.46666666666667,99.99999996877136,3.2061408827647682e-12,3.3779070407370983e-07,0
35.483333333333334,99.99999996932075,3.1479343180578515e-12,3.318964002336786e-07,0
35.5,99.99999996986047,3.090784470650334e-12,3.261048941870477e-07,0
35.516666666666666,99.99999997039069,3.0346721563842067e-12,3.2041439413761956e-07,0
35.53333333333333,99.9999999709116,2.9795785393772614e-12,3.148231395020211e-07,0
35.55,99.99999997142335,2.9254851257004163e-12,3.093294003663253e-07,0
35.56666666666667,99.99999997192607,2.872373757169816e-12,3.03931476952127e-07,0
35.583333333333336,99.99999997241997,2.8202266052516555e-12,2.9862769909190576e-07,0
35.6,99.99999997290519,2.7690261650776836e-12,2.9341642571351826e-07,0
35.61666666666667,99.99999997338186,2.7187552495692858e-12,2.882960443336577e-07,0
35.63333333333333,99.99999997385018,2.6693969836682827e-12,2.8326497056012694e-07,0
35.65,99.99999997431024,2.62093479867242e-12,2.783216476027707e-07,0
35.666666666666664,99.9999999747622,2.5733524266737575e-12,2.7346454579291716e-07,0
35.68333333333333,99.99999997520624,2.526633895097978e-12,2.6869216211118045e-07,0
35.7,99.99999997564247,2.480763521342831e-12,2.6400301972347845e-07,0
35.71666666666667,99.99999997607101,2.435725907513907e-12,2.593956675251246e-07,0
35.733333333333334,99.999999976492,2.39150593525602e-12,2.548686796928506e-07,0
35.75,99.9999999769056,2.3480887606783742e-12,2.5042065524462527e-07,0
35.766666666666666,99.99999997731193,2.305459809371851e-12,2.460502176071311e-07,0
35.78333333333333,99.99999997771111,2.2636047715168415e-12,2.4175601419076787e-07,0
35.8,99.99999997810326,2.222509597079758e-12,2.3753671597205026e-07,0
35.81666666666667,99.99999997848852,2.182160491096863e-12,2.3339101708327285e-07,0
35.833333333333336,99.99999997886701,2.142543909043658e-12,2.2931763440931415e-07,0
35.85,99.99999997923882,2.1036465522883352e-12,2.253153071914576e-07,0
35.86666666666667,99.9999999796041,2.0654553636277987e-12,2.213827966381058e-07,0
35.88333333333333,99.99999997996295,2.0279575229047236e-12,2.1751888554226913e-07,0
35.9,99.99999998031551,1.991140442704112e-12,2.137223779057105e-07,0
35.916666666666664,99.99999998066184,1.9549917641280923e-12,2.0999209856963053e-07,0
35.93333333333333,99.99999998100209,1.9194993526473218e-12,2.0632689285177982e-07,0
35.95,99.99999998133634,1.8846512940277616e-12,2.0272562618988595e-07,0
35.96666666666667,99.99999998166474,1.85043589033137e-12,1.9918718379128568e-07,0
35.983333333333334,99.99999998198736,1.8168416559894019e-12,1.957104702886546e-07,0
36.0,99.99999998230427,1.7838573139470027e-12,1.9229440940172792e-07,0
36.016666666666666,99.99999998261563,1.7514717918778052e-12,1.8893794360490834e-07,0
36.03333333333333,99.99999998292151,1.7196742184672019e-12,1.8564003380065877e-07,0
36.05,99.99999998322201,1.6884539197631496e-12,1.823996589985787e-07,0
36.06666666666667,99.99999998351724,1.6578004155931822e-12,1.7921581600006618e-07,0
36.083333333333336,99.99999998380727,1.6277034160464785e-12,1.760875190884678e-07,0
36.1,99.9999999840922,1.5981528180197932e-12,1.7301379972462128e-07,0
36.11666666666667,99.99999998437211,1.5691387018261268e-12,1.6999370624769686e-07,0
36.13333333333333,99.99999998464708,1.5406513278648737e-12,1.6702630358124535e-07,0
36.15,99.99999998491724,1.5126811333525498e-12,1.6411067294436255e-07,0
36.166666666666664,99.99999998518265,1.485218729112754e-12,1.6124591156788057e-07,0
36.18333333333333,99.99999998544338,1.4582548964244673e-12,1.584311324154989e-07,0
36.2,99.99999998569953,1.4317805839275514e-12,1.556654639097695e-07,0
36.21666666666667,99.99999998595118,1.4057869045844252e-12,1.5294804966285081e-07,0
36.233333333333334,99.99999998619839,1.3802651326969034e-12,1.502780482119487e-07,0
36.25,99.99999998644125,1.3552067009771995e-12,1.4765463275936194e-07,0
36.266666666666666,99.99999998667984,1.330603197672073e-12,1.450769909170527e-07,0
36.28333333333333,99.99999998691423,1.3064463637392192e-12,1.4254432445566298e-07,0
36.3,99.9999999871445,1.2827280900748998e-12,1.400558490578997e-07,0
36.31666666666667,99.99999998737071,1.2594404147919147e-12,1.3761079407621316e-07,0
36.333333333333336,99.99999998759296,1.2365755205469679e-12,1.3520840229469272e-07,0
36.35,99.9999999878113,1.2141257319165946e-12,1.3284792969510785e-07,0
36.36666666666667,99.99999998802579,1.1920835128206748e-12,1.3052864522702156e-07,0
36.38333333333333,99.9999999882365,1.1704414639927591e-12,1.2824983058190557e-07,0
36.4,99.99999998844353,1.1491923204963053e-12,1.2601077997118775e-07,0
36.416666666666664,99.99999998864689,1.1283289492860083e-12,1.2381079990816322e-07,0
36.43333333333333,99.99999998884668,1.107844346813393e-12,1.2164920899370196e-07,0
36.45,99.99999998904295,1.0877316366758886e-12,1.1952533770568727e-07,0
36.46666666666667,99.99999998923579,1.067984067308577e-12,1.1743852819211912e-07,0
36.483333333333334,99.99999998942523,1.0485950097178466e-12,1.1538813406782011e-07,0
36.5,99.99999998961134,1.0295579552561723e-12,1.1337352021468e-07,0
36.516666666666666,99.99999998979418,1.0108665134373319e-12,1.1139406258537815e-07,0
36.53333333333333,99.99999998997377,9.925144097912514e-13,1.0944914801052294e-07,0
36.55,99.99999999015023,9.74495483757797e-13,1.0753817400914883e-07,0
36.56666666666667,99.99999999032359,9.56803686618824e-13,1.0566054860251269e-07,0
36.583333333333336,99.99999999049389,9.394330794677523e-13,1.0381569013113192e-07,0
36.6,99.9999999906612,9.223778312159989e-13,1.0200302707500794e-07,0
36.61666666666667,99.99999999082557,9.056322166356105e-13,1.002219978769798e-07,0
36.63333333333333,99.99999999098704,8.891906144374353e-13,9.847205076915318e-08,0
36.65,99.99999999114566,8.730475053841702e-13,9.675264360235163e-08,0
36.666666666666664,99.99999999130151,8.571974704376741e-13,9.506324367853696e-08,0
36.68333333333333,99.99999999145459,8.416351889399148e-13,9.340332758614767e-08,0
36.7,99.999999991605,8.263554368269335e-13,9.177238103830429e-08,0
36.71666666666667,99.99999999175277,8.113530848752372e-13,9.016989871383174e-08,0
36.733333333333334,99.99999999189792,7.96623096980031e-13,8.859538410105011e-08,0
36.75,99.99999999204053,7.821605284646962e-13,8.704834934428494e-08,0
36.766666666666666,99.9999999921806,7.679605244209757e-13,8.55283150930505e-08,0
36.78333333333333,99.99999999231825,7.540183180792715e-13,8.403481035385894e-08,0
36.8,99.99999999245347,7.403292292085488e-13,8.256737234460994e-08,0
36.81666666666667,99.9999999925863,7.268886625452653e-13,8.11255463515159e-08,0
36.833333333333336,99.99999999271681,7.136921062508502e-13,7.970888558851836e-08,0
36.85,99.99999999284499,7.007351303971651e-13,7.831695105915265e-08,0
36.86666666666667,99.99999999297094,6.880133854794612e-13,7.694931142081785e-08,0
36.88333333333333,99.99999999309466,6.755226009563543e-13,7.560554285141032e-08,0
36.9,99.99999999321622,6.632585838162696e-13,7.428522891827971e-08,0
36.916666666666664,99.99999999333563,6.512172171699506e-13,7.298796044946691e-08,0
36.93333333333333,99.99999999345293,6.393944588684873e-13,7.17133354071845e-08,0
36.95,99.99999999356818,6.277863401464568e-13,7.046095876350023e-08,0
36.96666666666667,99.99999999368141,6.16388964289677e-13,6.923044237818563e-08,0
36.983333333333334,99.99999999379264,6.051985053271649e-13,6.80214048786918e-08,0
37.0,99.99999999390192,5.942112067468329e-13,6.683347154221549e-08,0
37.016666666666666,99.99999999400927,5.834233802344905e-13,6.566627417981893e-08,0
37.03333333333333,99.99999999411473,5.728314044357585e-13,6.451945102256794e-08,0
37.05,99.99999999421834,5.624317237404463e-13,6.339264660965296e-08,0
37.06666666666667,99.99999999432012,5.522208470890053e-13,6.228551167845851e-08,0
37.083333333333336,99.99999999442012,5.42195346800641e-13,6.119770305654726e-08,0
37.1,99.99999999451835,5.323518574227087e-13,6.01288835555254e-08,0
37.11666666666667,99.99999999461487,5.226870746009908e-13,5.907872186675639e-08,0
37.13333333333333,99.99999999470968,5.131977539704946e-13,5.804689245889117e-08,0
37.15,99.99999999480282,5.038807100663759e-13,5.703307547718301e-08,0
37.166666666666664,99.99999999489432,4.947328152546328e-13,5.603695664455595e-08,0
37.18333333333333,99.99999999498421,4.857509986822241e-13,5.505822716439655e-08,0
37.2,99.99999999507251,4.769322452462375e-13,5.409658362503856e-08,0
37.21666666666667,99.99999999515929,4.682735945817732e-13,5.315172790591142e-08,0
37.233333333333334,99.99999999524451,4.597721400682055e-13,5.222336708532335e-08,0
37.25,99.99999999532822,4.514250278534822e-13,5.131121334985072e-08,0
37.266666666666666,99.99999999541049,4.4322945589613857e-13,5.041498390530576e-08,0
37.28333333333333,99.99999999549131,4.3518267302470274e-13,4.9534400889255006e-08,0
37.3,99.99999999557069,4.27281978014171e-13,4.866919128506164e-08,0
37.31666666666667,99.99999999564868,4.195247186792665e-13,4.781908683742502e-08,0
37.333333333333336,99.9999999957253,4.119082909841335e-13,4.698382396939154e-08,0
37.35,99.99999999580056,4.044301381682202e-13,4.616314370081106e-08,0
37.36666666666667,99.99999999587452,3.9708774988800926e-13,4.5356791568213805e-08,0
37.38333333333333,99.99999999594716,3.898786613743464e-13,4.456451754608293e-08,0
37.4,99.99999999601853,3.82800452605058e-13,4.37860759694986e-08,0
37.416666666666664,99.99999999608865,3.758507474925905e-13,4.3021225458129576e-08,0
37.43333333333333,99.99999999615753,3.6902721308639734e-13,4.226972884154881e-08,0
37.45,99.99999999622518,3.6232755878981095e-13,4.1531353085850276e-08,0
37.46666666666667,99.99999999629165,3.5574953559112383e-13,4.080586922154397e-08,0
37.483333333333334,99.99999999635698,3.492909353086388e-13,4.0093052272707224e-08,0
37.5,99.99999999642114,3.4294958984941345e-13,3.939268118737014e-08,0
37.516666666666666,99.99999999648415,3.3672337048147086e-13,3.87045387691139e-08,0
37.53333333333333,99.99999999654607,3.3061018711922116e-13,3.8028411609860695e-08,0
37.55,99.99999999660692,3.2460798762185093e-13,3.736409002383454e-08,0
37.56666666666667,99.99999999666667,3.1871475710445554e-13,3.6711367982672666e-08,0
37.583333333333336,99.99999999672538,3.1292851726167404e-13,3.607004305166738e-08,0
37.6,99.99999999678303,3.0724732570360657e-13,3.5439916327118756e-08,0
37.61666666666667,99.9999999968397,3.016692753037812e-13,3.4820792374778725e-08,0
37.63333333333333,99.99999999689537,2.961924935589652e-13,3.4212479169367744e-08,0
37.65,99.99999999695004,2.908151419605977e-13,3.361478803514516e-08,0
37.666666666666664,99.99999999700377,2.855354153776276e-13,3.302753358751508e-08,0
37.68333333333333,99.99999999705655,2.8035154145056184e-13,3.245053367564959e-08,0
37.7,99.9999999971084,2.7526177999651173e-13,3.188360932611178e-08,0
37.71666666666667,99.99999999715934,2.7026442242504156e-13,3.132658468746095e-08,0
37.733333333333334,99.99999999720937,2.6535779116461986e-13,3.077928697582304e-08,0
37.75,99.99999999725853,2.605402390994866e-13,3.024154642140946e-08,0
37.766666666666666,99.99999999730684,2.558101490167416e-13,2.9713196215967788e-08,0
37.78333333333333,99.9999999973543,2.5116593306347026e-13,2.919407246114807e-08,0
37.8,99.9999999974009,2.466060322137237e-13,2.8684014117768842e-08,0
37.81666666666667,99.9999999974467,2.421289157451827e-13,2.8182862955967185e-08,0
37.833333333333336,99.99999999749167,2.3773308072531087e-13,2.7690463506217386e-08,0
37.85,99.99999999753585,2.3341705150684983e-13,2.720666301120314e-08,0
37.86666666666667,99.99999999757928,2.291793792324584e-13,2.6731311378528356e-08,0
37.88333333333333,99.99999999762194,2.2501864134836074e-13,2.6264261134252035e-08,0
37.9,99.99999999766383,2.209334411268102e-13,2.5805367377232816e-08,0
37.916666666666664,99.99999999770499,2.169224071972327e-13,2.535448773426912e-08,0
37.93333333333333,99.99999999774542,2.1298419308587322e-13,2.4911482316021016e-08,0
37.95,99.99999999778514,2.0911747676380782e-13,2.4476213673700226e-08,0
37.96666666666667,99.99999999782418,2.0532096020315575e-13,2.4048546756514824e-08,0
37.983333333333334,99.99999999786252,2.0159336894135085e-13,2.3628348869855595e-08,0
38.0,99.99999999790019,1.9793345165332242e-13,2.321548963421102e-08,0
38.016666666666666,99.99999999793718,1.9433997973144432e-13,2.2809840944798277e-08,0
38.03333333333333,99.99999999797353,1.908117468731074e-13,2.241127693189778e-08,0
38.05,99.99999999800923,1.8734756867578032e-13,2.2019673921878912e-08,0
38.06666666666667,99.9999999980443,1.8394628223942334e-13,2.1634910398905067e-08,0
38.083333333333336,99.99999999807878,1.8060674577611877e-13,2.1256866967306064e-08,0
38.1,99.99999999811266,1.773278382267887e-13,2.0885426314606306e-08,0
38.11666666666667,99.99999999814592,1.741084588848699e-13,2.0520473175197317e-08,0
38.13333333333333,99.9999999981786,1.7094752702682348e-13,2.0161894294643403e-08,0
38.15,99.9999999982107,1.6784398154934787e-13,1.9809578394609404e-08,0
38.166666666666664,99.99999999824223,1.6479678061318372e-13,1.9463416138399725e-08,0
38.18333333333333,99.99999999827322,1.6180490129338037e-13,1.9123300097097966e-08,0
38.2,99.99999999830366,1.5886733923591635e-13,1.8789124716296708e-08,0
38.21666666666667,99.99999999833358,1.5598310832054718e-13,1.8460786283407225e-08,0
38.233333333333334,99.99999999836295,1.5315124032978042e-13,1.8138182895538886e-08,0
38.25,99.99999999839181,1.5037078462385888e-13,1.782121442793847e-08,0
38.266666666666666,99.99999999842018,1.4764080782163892e-13,1.7509782502979565e-08,0
38.28333333333333,99.99999999844803,1.449603934872713e-13,1.720379045969247e-08,0
38.3,99.99999999847539,1.4232864182256283e-13,1.69031433238252e-08,0
38.31666666666667,99.99999999850228,1.3974466936492615e-13,1.6607747778426367e-08,0
38.333333333333336,99.99999999852866,1.3720760869081292e-13,1.6317512134940773e-08,0
38.35,99.99999999855461,1.3471660812453123e-13,1.6032346304808878e-08,0
38.36666666666667,99.99999999858011,1.3227083145234717e-13,1.5752161771561252e-08,0
38.38333333333333,99.99999999860516,1.2986945764177987e-13,1.5476871563399537e-08,0
38.4,99.99999999862978,1.2751168056599071e-13,1.520639022625529e-08,0
38.416666666666664,99.99999999865393,1.2519670873317568e-13,1.4940633797318466e-08,0
38.43333333333333,99.99999999867768,1.229237650208743e-13,1.467951977902739e-08,0
38.45,99.99999999870099,1.206920864150941e-13,1.4422967113512044e-08,0
38.46666666666667,99.99999999872392,1.185009237541811e-13,1.417089615748296e-08,0
38.483333333333334,99.99999999874643,1.1634954147733242e-13,1.3923228657557778e-08,0
38.5,99.99999999876853,1.1423721737767761e-13,1.3679887726017967e-08,0
38.516666666666666,99.99999999879024,1.1216324235984391e-13,1.3440797816988144e-08,0
38.53333333333333,99.9999999988116,1.1012692020192015e-13,1.3205884703030675e-08,0
38.55,99.99999999883258,1.0812756732174332e-13,1.2975075452148288e-08,0
38.56666666666667,99.99999999885318,1.0616451254742799e-13,1.2748298405187597e-08,0
38.583333333333336,99.99999999887342,1.042370968920624e-13,1.2525483153636583e-08,0
38.6,99.9999999988933,1.0234467333249405e-13,1.230656051780912e-08,0
38.61666666666667,99.99999999891283,1.0048660659213124e-13,1.2091462525409833e-08,0
38.63333333333333,99.99999999893201,9.866227292768777e-14,1.1880122390472652e-08,0
38.65,99.99999999895086,9.687105991979892e-14,1.1672474492666558e-08,0
38.666666666666664,99.99999999896939,9.511236626744178e-14,1.1468454356962123e-08,0
38.68333333333333,99.99999999898756,9.33856015860818e-14,1.1267998633652525e-08,0
38.7,99.99999999900542,9.169018620948946e-14,1.1071045078722923e-08,0
38.71666666666667,99.99999999902296,9.002555099515262e-14,1.087753253456207e-08,0
38.733333333333334,99.9999999990402,8.839113713322089e-14,1.068740091101022e-08,0
38.75,99.99999999905715,8.678639595891951e-14,1.050059116673746e-08,0
38.766666666666666,99.99999999907381,8.521078876836908e-14,1.0317045290946753e-08,0
38.78333333333333,99.99999999909016,8.366378663774778e-14,1.0136706285395942e-08,0
38.8,99.99999999910624,8.214487024573779e-14,9.959518146733251e-09,0
38.81666666666667,99.99999999912202,8.065352969919513e-14,9.78542584914078e-09,0
38.833333333333336,99.99999999913754,7.918926436198238e-14,9.614375327280615e-09,0
38.85,99.99999999915278,7.77515826869122e-14,9.44631345953831e-09,0
38.86666666666667,99.99999999916776,7.634000205073897e-14,9.281188051558521e-09,0
38.88333333333333,99.99999999918245,7.495404859214785e-14,9.118947820067743e-09,0
38.9,99.99999999919689,7.359325705268395e-14,8.959542376979114e-09,0
38.916666666666664,99.99999999921107,7.225717062056983e-14,8.80292221377439e-09,0
38.93333333333333,99.999999999225,7.094534077735869e-14,8.649038686158252e-09,0
38.95,99.99999999923868,6.965732714737189e-14,8.49784399898019e-09,0
38.96666666666667,99.99999999925213,6.839269734986757e-14,8.349291191419334e-09,0
38.983333333333334,99.99999999926534,6.715102685389686e-14,8.203334122427606e-09,0
39.0,99.99999999927833,6.593189883579138e-14,8.059927456426717e-09,0
39.016666666666666,99.99999999929108,6.473490403924074e-14,7.919026649254592e-09,0
39.03333333333333,99.9999999993036,6.355964063790793e-14,7.780587934356847e-09,0
39.05,99.99999999931589,6.240571410054201e-14,7.644568309219078e-09,0
39.06666666666667,99.99999999932798,6.12727370585363e-14,7.510925522035737e-09,0
39.083333333333336,99.99999999933988,6.016032917589277e-14,7.3796180586115065e-09,0
39.1,99.99999999935156,5.906811702154753e-14,7.250605129491075e-09,0
39.11666666666667,99.99999999936303,5.799573394401241e-14,7.123846657313381e-09,0
39.13333333333333,99.9999999993743,5.694281994829496e-14,6.999303264386373e-09,0
39.15,99.99999999938537,5.5909021575049785e-14,6.8769362604784664e-09,0
39.166666666666664,99.99999999939624,5.489399178192742e-14,6.756707630822911e-09,0
39.18333333333333,99.99999999940692,5.3897389827073705e-14,6.638580024331358e-09,0
39.2,99.99999999941741,5.291888115474707e-14,6.5225167420129886e-09,0
39.21666666666667,99.99999999942773,5.195813728301034e-14,6.408481725595602e-09,0
39.233333333333334,99.99999999943786,5.101483569346332e-14,6.2964395463451696e-09,0
39.25,99.99999999944781,5.0088659722975273e-14,6.186355394080376e-09,0
39.266666666666666,99.99999999945757,4.917929845738431e-14,6.078195066378751e-09,0
39.28333333333333,99.99999999946716,4.828644662712679e-14,5.9719249579710545e-09,0
39.3,99.99999999947659,4.7409804504759587e-14,5.867512050320641e-09,0
39.31666666666667,99.99999999948587,4.654907780434593e-14,5.764923901384572e-09,0
39.333333333333336,99.99999999949496,4.570397758266527e-14,5.6641286355533005e-09,0
39.35,99.9999999995039,4.487422014221735e-14,5.565094933765831e-09,0
39.36666666666667,99.99999999951267,4.4059526935987706e-14,5.467792023797286e-09,0
39.38333333333333,99.9999999995213,4.325962447394159e-14,5.372189670715872e-09,0
39.4,99.99999999952976,4.247424423121639e-14,5.2782581675063e-09,0
39.416666666666664,99.99999999953809,4.1703122557978674e-14,5.185968325856757e-09,0
39.43333333333333,99.99999999954626,4.094600059092053e-14,5.095291467106564e-09,0
39.45,99.99999999955429,4.020262416636056e-14,5.006199413351744e-09,0
39.46666666666667,99.99999999956218,3.9472743734923405e-14,4.918664478705729e-09,0
39.483333333333334,99.99999999956994,3.875611427776751e-14,4.832659460712493e-09,0
39.5,99.99999999957758,3.8052495224335423e-14,4.748157631909489e-09,0
39.516666666666666,99.99999999958509,3.736165037159517e-14,4.66513273153774e-09,0
39.53333333333333,99.99999999959246,3.668334780474894e-14,4.58355895739654e-09,0
39.55,99.99999999959968,3.6017359819381665e-14,4.5034109578402356e-09,0
39.56666666666667,99.99999999960679,3.536346284502163e-14,4.424663823914622e-09,0
39.583333333333336,99.99999999961378,3.472143737009025e-14,4.347293081630505e-09,0
39.6,99.99999999962063,3.4091067868213516e-14,4.271274684372035e-09,0
39.61666666666667,99.99999999962736,3.3472142725871164e-14,4.196585005437498e-09,0
39.63333333333333,99.99999999963399,3.286445417136003e-14,4.123200830710201e-09,0
39.65,99.9999999996405,3.226779820504626e-14,4.051099351457232e-09,0
39.666666666666664,99.99999999964687,3.1681974530884584e-14,3.980258157253828e-09,0
39.68333333333333,99.99999999965314,3.110678648918004e-14,3.910655229031194e-09,0
39.7,99.99999999965932,3.054204099057115e-14,3.8422689322455875e-09,0
39.71666666666667,99.99999999966539,2.998754845121048e-14,3.775078010166581e-09,0
39.733333333333334,99.99999999967132,2.9443122729123496e-14,3.709061577282413e-09,0
39.75,99.99999999967717,2.8908581061721976e-14,3.644199112820387e-09,0
39.766666666666666,99.99999999968291,2.8383744004451242e-14,3.5804704543803075e-09,0
39.78333333333333,99.99999999968854,2.7868435370552652e-14,3.517855791678993e-09,0
39.8,99.99999999969408,2.736248217191842e-14,3.4563356604039253e-09,0
39.81666666666667,99.99999999969954,2.6865714561020974e-14,3.3958909361741176e-09,0
39.833333333333336,99.9999999997049,2.6377965773896158e-14,3.3365028286063642e-09,0
39.85,99.99999999971016,2.5899072074161844e-14,3.2781528754849975e-09,0
39.86666666666667,99.9999999997153,2.5428872698052592e-14,3.220822937033371e-09,0
39.88333333333333,99.99999999972037,2.4967209800452472e-14,3.1644951902852916e-09,0
39.9,99.99999999972535,2.4513928401907413e-14,3.109152123554647e-09,0
39.916666666666664,99.99999999973024,2.4068876336599715e-14,3.054776531001532e-09,0
39.93333333333333,99.99999999973505,2.3631904201266744e-14,3.0013515072931735e-09,0
39.95,99.99999999973979,2.3202865305047558e-14,2.9488604423580165e-09,0
39.96666666666667,99.99999999974442,2.27816156202394e-14,2.89728701623134e-09,0
39.983333333333334,99.99999999974897,2.236801373394876e-14,2.846615193990807e-09,0
40.0,99.99999999975346,2.1961920800619966e-14,2.7968292207803733e-09,0
40.016666666666666,99.99999999975785,2.1563200495425244e-14,2.74791361692103e-09,0
40.03333333333333,99.99999999976215,2.1171718968501983e-14,2.6998531731068538e-09,0
40.05,99.99999999976639,2.0787344800019302e-14,2.6526329456848766e-09,0
40.06666666666667,99.99999999977055,2.040994895606201e-14,2.6062382520173195e-09,0
40.083333333333336,99.99999999977464,2.0039404745314097e-14,2.560654665924752e-09,0
40.1,99.99999999977865,1.9675587776529678e-14,2.515868013208761e-09,0
40.11666666666667,99.9999999997826,1.9318375916775227e-14,2.4718643672527504e-09,0
40.13333333333333,99.99999999978647,1.896764925043056e-14,2.4286300446995045e-09,0
40.15,99.99999999979028,1.862329003893371e-14,2.3861516012041717e-09,0
40.166666666666664,99.999999999794,1.828518268125667e-14,2.344415827261365e-09,0
40.18333333333333,99.99999999979767,1.7953213675098994e-14,2.3034097441050745e-09,0
40.2,99.99999999980128,1.7627271578785598e-14,2.2631205996801315e-09,0
40.21666666666667,99.99999999980483,1.730724697385651e-14,2.2235358646839707e-09,0
40.233333333333334,99.99999999980831,1.699303242833548e-14,2.184643228677461e-09,0
40.25,99.99999999981173,1.6684522460665958e-14,2.146430596263616e-09,0
40.266666666666666,99.9999999998151,1.638161350430128e-14,2.1088860833329783e-09,0
40.28333333333333,99.99999999981841,1.6084203872938085e-14,2.07199801337453e-09,0
40.3,99.99999999982165,1.579219372638056e-14,2.035754913850987e-09,0
40.31666666666667,99.99999999982482,1.5505485037024934e-14,2.000145512637341e-09,0
40.333333333333336,99.99999999982795,1.5223981556951822e-14,1.9651587345215613e-09,0
40.35,99.99999999983102,1.4947588785616428e-14,1.93078369776636e-09,0
40.36666666666667,99.99999999983403,1.467621393812519e-14,1.8970097107309663e-09,0
40.38333333333333,99.99999999983699,1.4409765914088383e-14,1.863826268551853e-09,0
40.4,99.9999999998399,1.4148155267038142e-14,1.831223049881395e-09,0
40.416666666666664,99.99999999984276,1.3891294174401765e-14,1.7991899136834432e-09,0
40.43333333333333,99.99999999984558,1.3639096408020001e-14,1.7677168960848266e-09,0
40.45,99.99999999984836,1.339147730520087e-14,1.7367942072818013e-09,0
40.46666666666667,99.9999999998511,1.314835374029851e-14,1.706412228500493e-09,0
40.483333333333334,99.99999999985377,1.2909644096808707e-14,1.676561509010389e-09,0
40.5,99.99999999985641,1.2675268239970187e-14,1.6472327631899507e-09,0
40.516666666666666,99.999999999859,1.2445147489864073e-14,1.6184168676434472e-09,0
40.53333333333333,99.99999999986154,1.221920459500127e-14,1.5901048583681059e-09,0
40.55,99.99999999986404,1.199736370638944e-14,1.5622879279707056e-09,0
40.56666666666667,99.9999999998665,1.177955035207091e-14,1.5349574229327564e-09,0
40.583333333333336,99.99999999986892,1.1565691412122867e-14,1.5081048409234062e-09,0
40.6,99.99999999987129,1.1355715094111084e-14,1.4817218281592541e-09,0
40.61666666666667,99.99999999987362,1.114955090898969e-14,1.4558001768102431e-09,0
40.63333333333333,99.99999999987591,1.0947129647438273e-14,1.4303318224508332e-09,0
40.65,99.99999999987816,1.0748383356628587e-14,1.4053088415556612e-09,0
40.666666666666664,99.99999999988036,1.0553245317413025e-14,1.3807234490389167e-09,0
40.68333333333333,99.99999999988253,1.0361650021927456e-14,1.356567995836664e-09,0
40.7,99.99999999988465,1.017353315160023e-14,1.332834966531371e-09,0
40.71666666666667,99.99999999988675,9.98883155556093e-15,1.309516977017895e-09,0
40.733333333333334,99.99999999988881,9.807483229440806e-15,1.2866067722102159e-09,0
40.75,99.99999999989083,9.629427294558082e-15,1.2640972237881975e-09,0
40.766666666666666,99.99999999989282,9.454603977481381e-15,1.2419813279836794e-09,0
40.78333333333333,99.99999999989477,9.282954589963846e-15,1.2202522034052198e-09,0
40.8,99.9999999998967,9.114421509241817e-15,1.1989030889008014e-09,0
40.81666666666667,99.99999999989858,8.948948158691064e-15,1.1779273414578558e-09,0
40.833333333333336,99.99999999990044,8.78647898883423e-15,1.1573184341399396e-09,0
40.85,99.99999999990224,8.626959458693067e-15,1.1370699540594313e-09,0
40.86666666666667,99.99999999990402,8.470336017479254e-15,1.1171756003856183e-09,0
40.88333333333333,99.9999999999058,8.316556086617531e-15,1.0976291823875554e-09,0
40.9,99.99999999990752,8.165568042095315e-15,1.0784246175110923e-09,0
40.916666666666664,99.99999999990919,8.017321197132733e-15,1.059555929489466e-09,0
40.93333333333333,99.99999999991086,7.87176578516711e-15,1.0410172464868824e-09,0
40.95,99.99999999991249,7.728852943146655e-15,1.0228027992745025e-09,0
40.96666666666667,99.9999999999141,7.588534695127195e-15,1.004906919438274e-09,0
40.983333333333334,99.99999999991569,7.450763936166869e-15,9.873240376180491e-10,0
41.0,99.99999999991724,7.315494416513114e-15,9.700486817774452e-10,0
41.016666666666666,99.99999999991877,7.182680726076805e-15,9.530754755039083e-10,0
41.03333333333333,99.99999999992026,7.052278279188203e-15,9.363991363384572e-10,0
41.05,99.99999999992174,6.924243299629696e-15,9.200144741345857e-10,0
41.06666666666667,99.99999999992318,6.798532805940269e-15,9.039163894458184e-10,0
41.083333333333336,99.9999999999246,6.675104596986764e-15,8.880998719414144e-10,0
41.1,99.99999999992599,6.55391723779706e-15,8.72559998849735e-10,0
41.11666666666667,99.99999999992735,6.4349300456504496e-15,8.572919334287862e-10,0
41.13333333333333,99.99999999992869,6.3181030764206865e-15,8.422909234634663e-10,0
41.15,99.99999999993001,6.203397111166674e-15,8.275522997890488e-10,0
41.166666666666664,99.9999999999313,6.09077364296694e-15,8.130714748404459e-10,0
41.18333333333333,99.99999999993257,5.9801948639929455e-15,7.988439412268015e-10,0
41.2,99.99999999993382,5.871623652816972e-15,7.848652703309718e-10,0
41.21666666666667,99.99999999993506,5.765023561950729e-15,7.711311109334579e-10,0
41.233333333333334,99.99999999993626,5.6603588056098594e-15,7.576371878603658e-10,0
41.25,99.99999999993746,5.5575942477009356e-15,7.443793006549745e-10,0
41.266666666666666,99.99999999993861,5.456695390026168e-15,7.313533222724965e-10,0
41.28333333333333,99.99999999993976,5.357628360702587e-15,7.185551977976317e-10,0
41.3,99.99999999994087,5.2603599027912906e-15,7.059809431845119e-10,0
41.31666666666667,99.99999999994198,5.164857363133115e-15,6.936266440186485e-10,0
41.333333333333336,99.99999999994307,5.0710886813871665e-15,6.814884543004959e-10,0
41.35,99.99999999994414,4.979022379268113e-15,6.695625952502583e-10,0
41.36666666666667,99.99999999994519,4.888627549979099e-15,6.578453541335643e-10,0
41.38333333333333,99.9999999999462,4.799873847836305e-15,6.46333083107648e-10,0
41.4,99.99999999994722,4.712731478082064e-15,6.350221980876776e-10,0
41.416666666666664,99.99999999994822,4.627171186882765e-15,6.2390917763288e-10,0
41.43333333333333,99.99999999994918,4.543164251508433e-15,6.129905618521162e-10,0
41.45,99.99999999995013,4.460682470690509e-15,6.022629513285679e-10,0
41.46666666666667,99.99999999995107,4.379698155154851e-15,5.917230060632017e-10,0
41.483333333333334,99.999999999952,4.300184118326383e-15,5.813674444366818e-10,0
41.5,99.99999999995292,4.222113667202712e-15,5.711930421894135e-10,0
41.516666666666666,99.9999999999538,4.1454605933932576e-15,5.611966314193943e-10,0
41.53333333333333,99.99999999995467,4.070199164321212e-15,5.513750995975694e-10,0
41.55,99.99999999995553,3.996304114585106e-15,5.417253886003783e-10,0
41.56666666666667,99.99999999995637,3.923750637477267e-15,5.322444937592001e-10,0
41.583333333333336,99.99999999995721,3.852514376656307e-15,5.229294629263959e-10,0
41.6,99.99999999995802,3.7825714179706506e-15,5.137773955576635e-10,0
41.61666666666667,99.99999999995883,3.713898281430688e-15,5.047854418104158e-10,0
41.63333333333333,99.99999999995963,3.646471913326489e-15,4.959508016579073e-10,0
41.65,99.9999999999604,3.580269678488777e-15,4.872707240188295e-10,0
41.666666666666664,99.99999999996116,3.515269352690343e-15,4.787425059021083e-10,0
41.68333333333333,99.99999999996191,3.4514491151852903e-15,4.703634915666373e-10,0
41.7,99.99999999996264,3.3887875413840036e-15,4.6213107169568494e-10,0
41.71666666666667,99.99999999996336,3.327263595660842e-15,4.540426825857213e-10,0
41.733333333333334,99.99999999996407,3.2668566242925407e-15,4.4609580534941165e-10,0
41.75,99.99999999996477,3.2075463485247655e-15,4.3828796513252946e-10,0
41.766666666666666,99.99999999996545,3.14931285776457e-15,4.306167303445465e-10,0
41.78333333333333,99.99999999996614,3.0921366028964653e-15,4.2307971190266084e-10,0
41.8,99.99999999996678,3.0359983897197236e-15,4.1567456248902826e-10,0
41.81666666666667,99.99999999996743,2.98087937250502e-15,4.0839897582096625e-10,0
41.833333333333336,99.99999999996807,2.92676104766786e-15,4.0125068593390535e-10,0
41.85,99.9999999999687,2.8736252475569362e-15,3.94227466476863e-10,0
41.86666666666667,99.9999999999693,2.821454134355359e-15,3.873271300202243e-10,0
41.88333333333333,99.99999999996992,2.7702301940924155e-15,3.805475273756119e-10,0
41.9,99.99999999997051,2.719936230764209e-15,3.7388654692763616e-10,0
41.916666666666664,99.9999999999711,2.6705553605609564e-15,3.6734211397731665e-10,0
41.93333333333333,99.99999999997166,2.6220710061991134e-15,3.609121900969728e-10,0
41.95,99.99999999997223,2.574466891356379e-15,3.545947724963814e-10,0
41.96666666666667,99.99999999997279,2.527727035207789e-15,3.483878934000065e-10,0
41.983333333333334,99.99999999997333,2.4818357470608992e-15,3.4228961943510644e-10,0
42.0,99.99999999997387,2.4367776210884992e-15,3.362980510305299e-10,0
42.016666666666666,99.99999999997438,2.3925375311568263e-15,3.3041132182601225e-10,0
42.03333333333333,99.99999999997489,2.349100625747792e-15,3.246275980917916e-10,0
42.05,99.9999999999754,2.306452322973288e-15,3.1894507815836123e-10,0
42.06666666666667,99.99999999997588,2.264578305680091e-15,3.133619918561841e-10,0
42.083333333333336,99.99999999997637,2.2234645166435645e-15,3.078765999651942e-10,0
42.1,99.99999999997685,2.1830971538486907e-15,3.0248719367391406e-10,0
42.11666666666667,99.99999999997733,2.14346266585672e-15,2.971920940480205e-10,0
42.13333333333333,99.99999999997779,2.1045477472559582e-15,2.9198965150819364e-10,0
42.15,99.99999999997824,2.0663393341951683e-15,2.8687824531708763e-10,0
42.166666666666664,99.99999999997868,2.0288245999980106e-15,2.8185628307526305e-10,0
42.18333333333333,99.99999999997914,1.9919909508571503e-15,2.7692220022592437e-10,0
42.2,99.99999999997956,1.955826021606498e-15,2.7207445956831025e-10,0
42.21666666666667,99.99999999997999,1.920317671570269e-15,2.6731155077958377e-10,0
42.233333333333334,99.9999999999804,1.8854539804873164e-15,2.6263198994507513e-10,0
42.25,99.9999999999808,1.8512232445095296e-15,2.580343190967305e-10,0
42.266666666666666,99.99999999998118,1.8176139722728203e-15,2.5351710575962487e-10,0
42.28333333333333,99.99999999998158,1.7846148810395265e-15,2.4907894250639594e-10,0
42.3,99.99999999998197,1.7522148929107542e-15,2.4471844651946343e-10,0
42.31666666666667,99.99999999998234,1.7204031311075348e-15,2.4043425916089534e-10,0
42.333333333333336,99.9999999999827,1.689168916319514e-15,2.3622504554978934e-10,0
42.35,99.99999999998307,1.6585017631198653e-15,2.3208949414703753e-10,0
42.36666666666667,99.99999999998342,1.6283913764453637e-15,2.2802631634734504e-10,0
42.38333333333333,99.99999999998379,1.5988276481403299e-15,2.2403424607837708e-10,0
42.4,99.99999999998413,1.569800653563317e-15,2.201120394069086e-10,0
42.416666666666664,99.99999999998448,1.5413006482553808e-15,2.1625847415185523e-10,0
42.43333333333333,99.99999999998481,1.5133180646689082e-15,2.1247234950406517e-10,0
42.45,99.99999999998514,1.4858435089557551e-15,2.0875248565275333e-10,0
42.46666666666667,99.99999999998546,1.4588677578137331e-15,2.0509772341846248e-10,0
42.483333333333334,99.99999999998577,1.4323817553903596e-15,2.0150692389243733e-10,0
42.5,99.9999999999861,1.4063766102428013e-15,1.97978968082299e-10,0
42.516666666666666,99.9999999999864,1.3808435923529969e-15,1.9451275656391042e-10,0
42.53333333333333,99.99999999998671,1.3557741301969908e-15,1.9110720913932432e-10,0
42.55,99.999999999987,1.331159807867486e-15,1.877612645007077e-10,0
42.56666666666667,99.9999999999873,1.3069923622486051e-15,1.84473879900138e-10,0
42.583333333333336,99.99999999998758,1.283263680241956e-15,1.8124403082516917e-10,0
42.6,99.99999999998786,1.2599657960430658e-15,1.7807071068006615e-10,0
42.61666666666667,99.99999999998813,1.2370908884672634e-15,1.7495293047260902e-10,0
42.63333333333333,99.99999999998842,1.2146312783240772e-15,1.7188971850637006e-10,0
42.65,99.99999999998869,1.1925794258393522e-15,1.6888012007836692e-10,0
42.666666666666664,99.99999999998894,1.170927928124124e-15,1.659231971819993e-10,0
42.68333333333333,99.99999999998921,1.1496695166894826e-15,1.630180282151763e-10,0
42.7,99.99999999998946,1.1287970550065202e-15,1.6016370769354335e-10,0
42.71666666666667,99.99999999998971,1.1083035361105862e-15,1.5735934596872077e-10,0
42.733333333333334,99.99999999998995,1.0881820802490618e-15,1.5460406895146516e-10,0
42.75,99.9999999999902,1.0684259325718183e-15,1.5189701783966842e-10,0
42.766666666666666,99.99999999999044,1.0490284608635795e-15,1.4923734885111006e-10,0
42.78333333333333,99.99999999999066,1.0299831533175313e-15,1.4662423296087895e-10,0
42.8,99.99999999999089,1.0112836163492522e-15,1.4405685564338376e-10,0
42.81666666666667,99.9999999999911,9.929235724504064e-16,1.4153441661887156e-10,0
42.833333333333336,99.99999999999133,9.74896858081373e-16,1.3905612960437586e-10,0
42.85,99.99999999999156,9.571974216021478e-16,1.3662122206901688e-10,0
42.86666666666667,99.99999999999176,9.398193212407716e-16,1.3422893499357782e-10,0
42.88333333333333,99.99999999999197,9.227567230987121e-16,1.3187852263428248e-10,0
42.9,99.99999999999218,9.060038991923828e-16,1.2956925229070128e-10,0
42.916666666666664,99.99999999999237,8.8955522553027e-16,1.2730040407771273e-10,0
42.93333333333333,99.99999999999257,8.734051802249419e-16,1.2507127070145023e-10,0
42.95,99.99999999999277,8.575483416393526e-16,1.2288115723916445e-10,0
42.96666666666667,99.99999999999295,8.419793865667943e-16,1.2072938092293234e-10,0
42.983333333333334,99.99999999999314,8.266930884438655e-16,1.1861527092714668e-10,0
43.0,99.9999999999933,8.116843155959378e-16,1.1653816815971883e-10,0
43.016666666666666,99.99999999999348,7.969480295144272e-16,1.1449742505693083e-10,0
43.03333333333333,99.99999999999366,7.824792831653646e-16,1.1249240538187278e-10,0
43.05,99.99999999999385,7.682732193286684e-16,1.1052248402640246e-10,0
43.06666666666667,99.99999999999402,7.54325068967562e-16,1.0858704681656642e-10,0
43.083333333333336,99.99999999999417,7.406301496276178e-16,1.0668549032142148e-10,0
43.1,99.99999999999434,7.271838638648317e-16,1.0481722166519745e-10,0
43.11666666666667,99.99999999999451,7.13981697702265e-16,1.029816583427427e-10,0
43.13333333333333,99.99999999999467,7.010192191146883e-16,1.0117822803819533e-10,0
43.15,99.99999999999481,6.882920765407451e-16,9.940636844682326e-11,0
43.166666666666664,99.99999999999497,6.757959974221306e-16,9.766552709997835e-11,0
43.18333333333333,99.99999999999513,6.63526786769281e-16,9.59551611931097e-11,0
43.2,99.99999999999527,6.514803257531076e-16,9.4274737416783e-11,0
43.21666666666667,99.99999999999542,6.396525703222991e-16,9.262373179065333e-11,0
43.233333333333334,99.99999999999557,6.280395498457299e-16,9.100162950033966e-11,0
43.25,99.99999999999571,6.166373657795074e-16,8.94079247371506e-11,0
43.266666666666666,99.99999999999584,6.054421903582279e-16,8.78421205406115e-11,0
43.28333333333333,99.99999999999598,5.944502653099799e-16,8.630372864374377e-11,0
43.3,99.99999999999612,5.836579005947004e-16,8.47922693210486e-11,0
43.31666666666667,99.99999999999625,5.730614731654015e-16,8.330727123914784e-11,0
43.333333333333336,99.99999999999638,5.626574257519223e-16,8.184827131003528e-11,0
43.35,99.99999999999649,5.524422656667393e-16,8.041481454689312e-11,0
43.36666666666667,99.99999999999662,5.424125636324635e-16,7.900645392242862e-11,0
43.38333333333333,99.99999999999675,5.32564952630625e-16,7.762275022968684e-11,0
43.4,99.99999999999687,5.228961267713607e-16,7.626327194529643e-11,0
43.416666666666664,99.99999999999699,5.134028401836174e-16,7.492759509510568e-11,0
43.43333333333333,99.9999999999971,5.0408190592550685e-16,7.361530312216728e-11,0
43.45,99.99999999999721,4.949301949144415e-16,7.232598675703077e-11,0
43.46666666666667,99.99999999999733,4.859446348766963e-16,7.105924389030209e-11,0
43.483333333333334,99.99999999999744,4.771222093160341e-16,6.981467944743097e-11,0
43.5,99.99999999999756,4.684599565010669e-16,6.859190526568698e-11,0
43.516666666666666,99.99999999999766,4.599549684709937e-16,6.73905399732861e-11,0
43.53333333333333,99.99999999999775,4.516043900593917e-16,6.621020887063029e-11,0
43.55,99.99999999999784,4.4340541793572833e-16,6.505054381362295e-11,0
43.56666666666667,99.99999999999794,4.353552996642766e-16,6.391118309902424e-11,0
43.583333333333336,99.99999999999804,4.27451332780117e-16,6.27917713518104e-11,0
43.6,99.99999999999814,4.1969086388191486e-16,6.169195941450224e-11,0
43.61666666666667,99.99999999999822,4.12071287741162e-16,6.061140423842823e-11,0
43.63333333333333,99.99999999999832,4.0459004642759983e-16,5.954976877688851e-11,0
43.65,99.99999999999842,3.9724462845051303e-16,5.850672188018654e-11,0
43.666666666666664,99.99999999999852,3.900325679156161e-16,5.748193819249572e-11,0
43.68333333333333,99.9999999999986,3.8295144369724407e-16,5.647509805052906e-11,0
43.7,99.99999999999868,3.759988786255795e-16,5.548588738398022e-11,0
43.71666666666667,99.99999999999875,3.691725386886256e-16,5.451399761770505e-11,0
43.733333333333334,99.99999999999883,3.624701322486732e-16,5.35591255756133e-11,0
43.75,99.99999999999892,3.5588940927299186e-16,5.2620973386240356e-11,0
43.766666666666666,99.999999999999,3.4942816057848903e-16,5.169924838996999e-11,0
43.78333333333333,99.99999999999909,3.4308421709008004e-16,5.079366304787899e-11,0
43.8,99.99999999999918,3.368554491125192e-16,4.990393485217548e-11,0
43.81666666666667,99.99999999999926,3.307397656154647e-16,4.902978623820301e-11,0
43.833333333333336,99.99999999999933,3.247351135315054e-16,4.8170944497983094e-11,0
43.85,99.99999999999939,3.188394770669418e-16,4.732714169526931e-11,0
43.86666666666667,99.99999999999946,3.1305087702508283e-16,4.649811458208646e-11,0
43.88333333333333,99.99999999999953,3.073673701418159e-16,4.568360451672904e-11,0
43.9,99.9999999999996,3.017870484332543e-16,4.488335738319325e-11,0
43.916666666666664,99.99999999999967,2.963080385552163e-16,4.409712351201773e-11,0
43.93333333333333,99.99999999999974,2.909285011743428e-16,4.3324657602508243e-11,0
43.95,99.99999999999982,2.8564663035062464e-16,4.25657186463222e-11,0
43.96666666666667,99.99999999999989,2.804606529311403e-16,4.1820069852389263e-11,0
43.983333333333334,99.99999999999994,2.7536882795480616e-16,4.1087478573144575e-11,0
44.0,100.00000000000001,2.703694460679328e-16,4.036771623205186e-11,0
44.016666666666666,100.00000000000007,2.6546082895038115e-16,3.966055825239366e-11,0
44.03333333333333,100.00000000000011,2.606413287521569e-16,3.8965783987306724e-11,0
44.05,100.00000000000017,2.5590932754021043e-16,3.8283176651040605e-11,0
44.06666666666667,100.00000000000023,2.512632367553001e-16,3.76125232514183e-11,0
44.083333333333336,100.00000000000028,2.46701496678702e-16,3.6953614523477765e-11,0
44.1,100.00000000000034,2.422225759086091e-16,3.6306244864273736e-11,0
44.11666666666667,100.0000000000004,2.3782497084603466e-16,3.5670212268819525e-11,0
44.13333333333333,100.00000000000045,2.33507205190052e-16,3.504531826714895e-11,0
44.15,100.00000000000051,2.2926782944218923e-16,3.443136786247874e-11,0
44.166666666666664,100.00000000000055,2.2510542041983233e-16,3.3828169470452256e-11,0
44.18333333333333,100.00000000000061,2.2101858077845472e-16,3.32355348594455e-11,0
44.2,100.00000000000067,2.1700593854252834e-16,3.2653279091917025e-11,0
44.21666666666667,100.00000000000072,2.130661466449404e-16,3.2081220466783384e-11,0
44.233333333333334,100.00000000000078,2.0919788247478363e-16,3.1519180462802114e-11,0
44.25,100.00000000000084,2.0539984743335032e-16,3.0966983682944936e-11,0
44.266666666666666,100.00000000000087,2.016707664981839e-16,3.042445779974351e-11,0
44.28333333333333,100.00000000000091,1.9800938779505395e-16,2.989143350159095e-11,0
44.3,100.00000000000095,1.9441448217769608e-16,2.936774443998242e-11,0
44.31666666666667,100.000000000001,1.9088484281518235e-16,2.885322717767825e-11,0
44.333333333333336,100.00000000000104,1.8741928478678414e-16,2.8347721137773523e-11,0
44.35,100.00000000000108,1.8401664468418978e-16,2.7851068553658365e-11,0
44.36666666666667,100.00000000000112,1.8067578022094446e-16,2.736311441985322e-11,0
44.38333333333333,100.00000000000115,1.773955698489811e-16,2.6883706443703938e-11,0
44.4,100.0000000000012,1.7417491238210832e-16,2.6412694997921545e-11,0
44.416666666666664,100.00000000000124,1.710127266263453e-16,2.5949933073952045e-11,0
44.43333333333333,100.00000000000128,1.6790795101695345e-16,2.549527623616164e-11,0
44.45,100.00000000000132,1.6485954326206916e-16,2.5048582576823168e-11,0
44.46666666666667,100.00000000000136,1.6186647999280322e-16,2.4609712671889742e-11,0
44.483333333333334,100.0000000000014,1.5892775641968808e-16,2.4178529537541852e-11,0
44.5,100.00000000000145,1.560423859953692e-16,2.3754898587494327e-11,0
44.516666666666666,100.00000000000149,1.5320940008341503e-16,2.333868759105e-11,0
44.53333333333333,100.00000000000153,1.5042784763314597e-16,2.2929766631886924e-11,0
44.55,100.00000000000158,1.4769679486035638e-16,2.2528008067566325e-11,0
44.56666666666667,100.00000000000162,1.4501532493384506e-16,2.2133286489748792e-11,0
44.583333333333336,100.00000000000163,1.4238253766763032e-16,2.1745478685106148e-11,0
44.6,100.00000000000166,1.3979754921875086e-16,2.1364463596916997e-11,0
44.61666666666667,100.00000000000169,1.3725949179055917e-16,2.0990122287333955e-11,0
44.63333333333333,100.00000000000172,1.3476751334139712e-16,2.062233790031074e-11,0
44.65,100.00000000000173,1.3232077729856307e-16,2.026099562517769e-11,0
44.666666666666664,100.00000000000176,1.2991846227747016e-16,1.9905982660854346e-11,0
44.68333333333333,100.00000000000179,1.2755976180590428e-16,1.9557188180687918e-11,0
44.7,100.00000000000182,1.2524388405328692e-16,1.9214503297906722e-11,0
44.71666666666667,100.00000000000185,1.2297005156485763e-16,1.8877821031677886e-11,0
44.733333333333334,100.00000000000188,1.207375010006746e-16,1.8547036273758647e-11,0
44.75,100.0000000000019,1.185454828793615e-16,1.8222045755730975e-11,0
44.766666666666666,100.00000000000193,1.1639326132650263e-16,1.7902748016809254e-11,0
44.78333333333333,100.00000000000196,1.1428011382760546e-16,1.7589043372211036e-11,0
44.8,100.00000000000199,1.1220533098555029e-16,1.7280833882080997e-11,0
44.81666666666667,100.00000000000202,1.1016821628244358e-16,1.6978023320958474e-11,0
44.833333333333336,100.00000000000205,1.0816808584579125e-16,1.6680517147778995e-11,0
44.85,100.00000000000207,1.0620426821892224e-16,1.638822247640055e-11,0
44.86666666666667,100.0000000000021,1.042761041355762e-16,1.6101048046645373e-11,0
44.88333333333333,100.00000000000213,1.0238294629858515e-16,1.5818904195848278e-11,0
44.9,100.00000000000216,1.0052415916257294e-16,1.5541702830902595e-11,0
44.916666666666664,100.00000000000219,9.86991187205987e-17,1.5269357400795124e-11,0
44.93333333333333,100.00000000000222,9.690721229467754e-17,1.5001782869621477e-11,0
44.95,100.00000000000225,9.514783833009927e-17,1.4738895690073417e-11,0
44.96666666666667,100.00000000000227,9.342040619348475e-17,1.4480613777389992e-11,0
44.983333333333334,100.0000000000023,9.172433597450742e-17,1.4226856483764282e-11,0
45.0,100.00000000000232,9.005905829121416e-17,1.3977544573197851e-11,0
45.016666666666666,100.00000000000234,8.842401409888272e-17,1.3732600196795052e-11,0
45.03333333333333,100.00000000000237,8.681865450234595e-17,1.3491946868489488e-11,0
45.05,100.00000000000239,8.524244057172615e-17,1.3255509441195084e-11,0
45.06666666666667,100.0000000000024,8.36948431615134e-17,1.3023214083374348e-11,0
45.083333333333336,100.00000000000242,8.217534273292957e-17,1.2794988256016512e-11,0
45.1,100.00000000000243,8.068342917951527e-17,1.2570760690018403e-11,0
45.11666666666667,100.00000000000244,7.921860165588629e-17,1.2350461363960983e-11,0
45.13333333333333,100.00000000000246,7.778036840959632e-17,1.2134021482274655e-11,0
45.15,100.00000000000247,7.636824661605336e-17,1.1921373453786543e-11,0
45.166666666666664,100.00000000000249,7.498176221643436e-17,1.1712450870643028e-11,0
45.18333333333333,100.0000000000025,7.36204497585393e-17,1.1507188487601036e-11,0
45.2,100.00000000000252,7.228385224053823e-17,1.1305522201681578e-11,0
45.21666666666667,100.00000000000253,7.09715209575536e-17,1.1107389032179233e-11,0
45.233333333333334,100.00000000000254,6.968301535102632e-17,1.0912727101021361e-11,0
45.25,100.00000000000256,6.841790286081975e-17,1.0721475613470887e-11,0
45.266666666666666,100.00000000000257,6.717575878000573e-17,1.0533574839166699e-11,0
45.28333333333333,100.00000000000259,6.595616611228939e-17,1.034896609349572e-11,0
45.3,100.0000000000026,6.475871543202092e-17,1.0167591719290877e-11,0
45.31666666666667,100.00000000000261,6.35830047467492e-17,9.989395068849248e-12,0
45.333333333333336,100.00000000000263,6.242863936227139e-17,9.8143204862648e-12,0
45.35,100.00000000000264,6.129523175013148e-17,9.642313290070215e-12,0
45.36666666666667,100.00000000000266,6.018240141752538e-17,9.473319756182402e-12,0
45.38333333333333,100.00000000000267,5.908977477956789e-17,9.307287101146373e-12,0
45.4,100.00000000000269,5.801698503387701e-17,9.144163465672268e-12,0
45.416666666666664,100.0000000000027,5.696367203743825e-17,8.983897898460424e-12,0
45.43333333333333,100.00000000000271,5.592948218570144e-17,8.826440340309416e-12,0
45.45,100.00000000000273,5.4914068293874445e-17,8.671741608502137e-12,0
45.46666666666667,100.00000000000274,5.3917089480371383e-17,8.519753381465078e-12,0
45.483333333333334,100.00000000000276,5.2938211052376266e-17,8.370428183695982e-12,0
45.5,100.00000000000277,5.197710439348607e-17,8.223719370955214e-12,0
45.516666666666666,100.00000000000279,5.103344685339117e-17,8.079581115716222e-12,0
45.53333333333333,100.0000000000028,5.010692163956079e-17,7.937968392870576e-12,0
45.55,100.00000000000281,4.9197217710893734e-17,7.798836965683096e-12,0
45.56666666666667,100.00000000000283,4.8304029673300244e-17,7.662143371992723e-12,0
45.583333333333336,100.00000000000284,4.742705767717959e-17,7.527844910654844e-12,0
45.6,100.00000000000286,4.6566007316759206e-17,7.395899628220801e-12,0
45.61666666666667,100.00000000000287,4.5720589531260254e-17,7.2662663058505065e-12,0
45.63333333333333,100.00000000000288,4.489052050785948e-17,7.138904446454009e-12,0
45.65,100.0000000000029,4.407552158641089e-17,7.013774262058076e-12,0
45.666666666666664,100.0000000000029,4.327531916589834e-17,6.890836661393813e-12,0
45.68333333333333,100.00000000000291,4.2489644612586154e-17,6.770053237701467e-12,0
45.7,100.00000000000293,4.1718234169836976e-17,6.651386256748617e-12,0
45.71666666666667,100.00000000000294,4.096082886956782e-17,6.5347986450580216e-12,0
45.733333333333334,100.00000000000296,4.021717444531252e-17,6.420253978341444e-12,0
45.75,100.00000000000297,3.9487021246863337e-17,6.30771647013587e-12,0
45.766666666666666,100.00000000000298,3.877012415646176e-17,6.197150960638566e-12,0
45.78333333333333,100.000000000003,3.8066242506511585e-17,6.088522905737503e-12,0
45.8,100.00000000000301,3.7375139998784596e-17,5.981798366233721e-12,0
45.81666666666667,100.00000000000303,3.669658462509481e-17,5.876943997252298e-12,0
45.833333333333336,100.00000000000304,3.603034858941167e-17,5.773927037838607e-12,0
45.85,100.00000000000306,3.537620823138731e-17,5.672715300736614e-12,0
45.86666666666667,100.00000000000307,3.473394395127314e-17,5.573277162346057e-12,0
45.88333333333333,100.00000000000308,3.4103340136198134e-17,5.475581552855355e-12,0
45.9,100.0000000000031,3.348418508778719e-17,5.379597946547181e-12,0
45.916666666666664,100.00000000000311,3.2876270951092064e-17,5.285296352273681e-12,0
45.93333333333333,100.00000000000313,3.2279393644814066e-17,5.1926473040983715e-12,0
45.95,100.00000000000314,3.1693352792791756e-17,5.101621852101794e-12,0
45.96666666666667,100.00000000000315,3.111795165673444e-17,5.012191553348063e-12,0
45.983333333333334,100.00000000000315,3.0552997070175535e-17,4.924328463009505e-12,0
46.0,100.00000000000315,2.999829937362535e-17,4.8380051256466055e-12,0
46.016666666666666,100.00000000000315,2.945367235090147e-17,4.753194566640558e-12,0
46.03333333333333,100.00000000000315,2.891893316661496e-17,4.669870283775745e-12,0
46.05,100.00000000000315,2.83939023047913e-17,4.588006238969522e-12,0
46.06666666666667,100.00000000000315,2.7878403508605864e-17,4.507576850146737e-12,0
46.083333333333336,100.00000000000315,2.7372263721213332e-17,4.4285569832564445e-12,0
46.1,100.00000000000315,2.6875313027651832e-17,4.350921944428333e-12,0
46.11666666666667,100.00000000000315,2.6387384597800982e-17,4.2746474722664204e-12,0
46.13333333333333,100.00000000000315,2.590831463037637e-17,4.199709730277605e-12,0
46.15,100.00000000000315,2.5437942297940318e-17,4.12608529943274e-12,0
46.166666666666664,100.00000000000315,2.4976109692911132e-17,4.053751170857886e-12,0
46.18333333333333,100.00000000000315,2.4522661774552887e-17,3.98268473865347e-12,0
46.2,100.00000000000315,2.4077446316926715e-17,3.912863792839128e-12,0
46.21666666666667,100.00000000000315,2.3640313857788268e-17,3.844266512422014e-12,0
46.233333333333334,100.00000000000315,2.3211117648411734e-17,3.7768714585864254e-12,0
46.25,100.00000000000315,2.2789713604325983e-17,3.710657568002624e-12,0
46.266666666666666,100.00000000000315,2.2375960256943928e-17,3.645604146252759e-12,0
46.28333333333333,100.00000000000315,2.196971870607116e-17,3.5816908613718496e-12,0
46.3,100.00000000000315,2.1570852573276093e-17,3.5188977375018117e-12,0
46.31666666666667,100.00000000000315,2.117922795610667e-17,3.4572051486565545e-12,0
46.333333333333336,100.00000000000315,2.079471338313883e-17,3.396593812596198e-12,0
46.35,100.00000000000315,2.0417179769840482e-17,3.3370447848085074e-12,0
46.36666666666667,100.00000000000315,2.0046500375237198e-17,3.278539452595666e-12,0
46.38333333333333,100.00000000000315,1.968255075936439e-17,3.221059529264546e-12,0
46.4,100.00000000000315,1.9325208741491964e-17,3.164587048418657e-12,0
46.416666666666664,100.00000000000315,1.8974354359107662e-17,3.109104358350016e-12,0
46.43333333333333,100.00000000000315,1.8629869827644547e-17,3.0545941165291586e-12,0
46.45,100.00000000000315,1.829163950094042e-17,3.001039284191602e-12,0
46.46666666666667,100.00000000000315,1.7959549832414418e-17,2.948423121019061e-12,0
46.483333333333334,100.00000000000315,1.7633489336948635e-17,2.896729179913753e-12,0
46.5,100.00000000000315,1.7313348553461985e-17,2.8459413018641786e-12,0
46.516666666666666,100.00000000000315,1.6999020008163502e-17,2.7960436109007605e-12,0
46.53333333333333,100.00000000000315,1.669039817847244e-17,2.7470205091397856e-12,0
46.55,100.00000000000315,1.6387379457593882e-17,2.698856671914085e-12,0
46.56666666666667,100.00000000000315,1.6089862119737147e-17,2.651537042988958e-12,0
46.583333333333336,100.00000000000315,1.5797746285965905e-17,2.605046829861826e-12,0
46.6,100.00000000000315,1.5510933890667988e-17,2.5593714991441656e-12,0
46.61666666666667,100.00000000000315,1.5229328648634357e-17,2.51449677202428e-12,0
46.63333333333333,100.00000000000315,1.4952836022735345e-17,2.4704086198094826e-12,0
46.65,100.00000000000315,1.468136319218392e-17,2.4270932595463216e-12,0
46.666666666666664,100.00000000000315,1.4414819021375372e-17,2.3845371497174643e-12,0
46.68333333333333,100.00000000000315,1.415311402929211e-17,2.342726986013907e-12,0
46.7,100.00000000000315,1.3896160359464646e-17,2.3016496971811916e-12,0
46.71666666666667,100.00000000000315,1.3643871750477416e-17,2.2612924409383347e-12,0
46.733333333333334,100.00000000000315,1.339616350701037e-17,2.2216425999681936e-12,0
46.75,100.00000000000315,1.3152952471405939e-17,2.182687777978023e-12,0
46.766666666666666,100.00000000000315,1.2914156995752866e-17,2.1444157958289893e-12,0
46.78333333333333,100.00000000000315,1.2679696914476003e-17,2.106814687733445e-12,0
46.8,100.00000000000315,1.2449493517424513e-17,2.069872697518764e-12,0
46.81666666666667,100.00000000000315,1.2223469523448286e-17,2.033578274956587e-12,0
46.833333333333336,100.00000000000315,1.2001549054453983e-17,1.9979200721563207e-12,0
46.85,100.00000000000315,1.1783657609932446e-17,1.962886940021777e-12,0
46.86666666666667,100.00000000000315,1.1569722041948287e-17,1.928467924769836e-12,0
46.88333333333333,100.00000000000315,1.1359670530583547e-17,1.8946522645100577e-12,0
46.9,100.00000000000315,1.1153432559827413e-17,1.8614293858841694e-12,0
46.916666666666664,100.00000000000315,1.0950938893903515e-17,1.8287889007643845e-12,0
46.93333333333333,100.00000000000315,1.0752121554026752e-17,1.7967206030095193e-12,0
46.95,100.00000000000315,1.0556913795582744e-17,1.7652144652779022e-12,0
46.96666666666667,100.00000000000315,1.0365250085720806e-17,1.7342606358960747e-12,0
46.983333333333334,100.00000000000315,1.0177066081354503e-17,1.7038494357823125e-12,0
47.0,100.00000000000315,9.992298607560844e-18,1.6739713554240072e-12,0
47.016666666666666,100.00000000000315,9.81088563637238e-18,1.6446170519079622e-12,0
47.03333333333333,100.00000000000315,9.632766265953707e-18,1.615777346002682e-12,0
47.05,100.00000000000315,9.457880700156589e-18,1.5874432192917399e-12,0
47.06666666666667,100.00000000000315,9.286170228445607e-18,1.559605811357334e-12,0
47.083333333333336,100.00000000000315,9.117577206188976e-18,1.5322564170131529e-12,0
47.1,100.00000000000315,8.952045035306579e-18,1.5053864835856843e-12,0
47.11666666666667,100.00000000000315,8.78951814526982e-18,1.478987608243124e-12,0
47.13333333333333,100.00000000000315,8.629941974446007e-18,1.453051535371047e-12,0
47.15,100.00000000000315,8.473262951781759e-18,1.4275701539940287e-12,0
47.166666666666664,100.00000000000315,8.319428478818701e-18,1.4025354952424045e-12,0
47.18333333333333,100.00000000000315,8.168386912036028e-18,1.3779397298633837e-12,0
47.2,100.00000000000315,8.020087545513127e-18,1.3537751657757394e-12,0
47.21666666666667,100.00000000000315,7.874480593907381e-18,1.33003424566731e-12,0
47.233333333333334,100.00000000000315,7.731517175740938e-18,1.306709544634567e-12,0
47.25,100.00000000000315,7.591149296990731e-18,1.2837937678635082e-12,0
47.266666666666666,100.00000000000315,7.453329834976572e-18,1.2612797483511575e-12,0
47.28333333333333,100.00000000000315,7.318012522541763e-18,1.2391604446669562e-12,0
47.3,100.00000000000315,7.185151932520884e-18,1.217428938753352e-12,0
47.31666666666667,100.00000000000315,7.054703462489555e-18,1.1960784337648956e-12,0
47.333333333333336,100.00000000000315,6.926623319791044e-18,1.1751022519451756e-12,0
47.35,100.00000000000315,6.800868506834818e-18,1.154493832540922e-12,0
47.36666666666667,100.00000000000315,6.67739680666191e-18,1.134246729752637e-12,0
47.38333333333333,100.00000000000315,6.5561667687723545e-18,1.114354610721107e-12,0
47.4,100.00000000000315,6.437137695210023e-18,1.094811253549169e-12,0
47.416666666666664,100.00000000000315,6.320269626899984e-18,1.0756105453581187e-12,0
47.43333333333333,100.00000000000315,6.205523330233946e-18,1.0567464803781453e-12,0
47.45,100.00000000000315,6.0928602838992666e-18,1.038213158072207e-12,0
47.46666666666667,100.00000000000315,5.982242665947047e-18,1.0200047812927565e-12,0
47.483333333333334,100.00000000000315,5.873633341095012e-18,1.0021156544707409e-12,0
47.5,100.00000000000315,5.766995848261014e-18,9.845401818363128e-13,0
47.516666666666666,100.00000000000315,5.662294388322652e-18,9.672728656707008e-13,0
47.53333333333333,100.00000000000315,5.559493812099359e-18,9.503083045886863e-13,0
47.55,100.00000000000315,5.458559608552444e-18,9.336411918511561e-13,0
47.56666666666667,100.00000000000315,5.359457893199628e-18,9.17266313707206e-13,0
47.583333333333336,100.00000000000315,5.262155396739626e-18,9.011785477652725e-13,0
47.6,100.00000000000315,5.166619453883515e-18,8.853728613927884e-13,0
47.61666666666667,100.00000000000315,5.072817992388642e-18,8.69844310143863e-13,0
47.63333333333333,100.00000000000315,4.980719522291857e-18,8.545880362144938e-13,0
47.65,100.00000000000315,4.890293125338012e-18,8.395992669248312e-13,0
47.666666666666664,100.00000000000315,4.80150844460046e-18,8.24873313228019e-13,0
47.68333333333333,100.00000000000315,4.714335674290077e-18,8.104055682451487e-13,0
47.7,100.00000000000315,4.6287455497491825e-18,7.961915058258682e-13,0
47.71666666666667,100.00000000000315,4.5447093376272054e-18,7.822266791341974e-13,0
47.733333333333334,100.00000000000315,4.462198826234661e-18,7.685067192591078e-13,0
47.75,100.00000000000315,4.3811863160722704e-18,7.550273338494348e-13,0
47.766666666666666,100.00000000000315,4.30164461053205e-18,7.41784305772694e-13,0
47.78333333333333,100.00000000000315,4.2235470067672025e-18,7.287734917973857e-13,0
47.8,100.00000000000315,4.146867286727751e-18,7.159908212983744e-13,0
47.81666666666667,100.00000000000315,4.071579708358953e-18,7.034322949849413e-13,0
47.833333333333336,100.00000000000315,3.99765899695947e-18,6.910939836511101e-13,0
47.85,100.00000000000315,3.925080336696533e-18,6.789720269478587e-13,0
47.86666666666667,100.00000000000315,3.85381936227499e-18,6.670626321768336e-13,0
47.88333333333333,100.00000000000315,3.78385215075774e-18,6.55362073105188e-13,0
47.9,100.00000000000315,3.7151552135345965e-18,6.438666888011773e-13,0
47.916666666666664,100.00000000000315,3.647705488436992e-18,6.325728824901454e-13,0
47.93333333333333,100.00000000000315,3.5814803319958624e-18,6.214771204305473e-13,0
47.95,100.00000000000315,3.516457511839969e-18,6.105759308096553e-13,0
47.96666666666667,100.00000000000315,3.452615199232437e-18,5.998659026586062e-13,0
47.983333333333334,100.00000000000315,3.3899319617425893e-18,5.893436847864489e-13,0
48.0,100.00000000000315,3.328386756050959e-18,5.790059847328608e-13,0
48.016666666666666,100.00000000000315,3.2679589208848754e-18,5.688495677392061e-13,0
48.03333333333333,100.00000000000315,3.208628170082284e-18,5.588712557376154e-13,0
48.05,100.00000000000315,3.15037458578159e-18,5.490679263577688e-13,0
48.06666666666667,100.00000000000315,3.093178611735003e-18,5.394365119510763e-13,0
48.083333333333336,100.00000000000315,3.0370210467434016e-18,5.299739986319474e-13,0
48.1,100.00000000000315,2.9818830382103397e-18,5.206774253358521e-13,0
48.11666666666667,100.00000000000315,2.9277460758130502e-18,5.115438828938806e-13,0
48.13333333333333,100.00000000000315,2.874591985288385e-18,5.025705131235105e-13,0
48.15,100.00000000000315,2.8224029223316328e-18,4.937545079352984e-13,0
48.166666666666664,100.00000000000315,2.7711613666059962e-18,4.850931084552194e-13,0
48.18333333333333,100.00000000000315,2.7208501158608405e-18,4.765836041623764e-13,0
48.2,100.00000000000315,2.6714522801568538e-18,4.68223332041814e-13,0
48.21666666666667,100.00000000000315,2.6229512761958876e-18,4.600096757521698e-13,0
48.233333333333334,100.00000000000315,2.575330821753848e-18,4.5194006480790517e-13,0
48.25,100.00000000000315,2.5285749302145976e-18,4.4401197377585854e-13,0
48.266666666666666,100.00000000000315,2.4826679052031683e-18,4.3622292148587246e-13,0
48.28333333333333,100.00000000000315,2.4375943353163016e-18,4.285704702552457e-13,0
48.3,100.00000000000315,2.3933390889487494e-18,4.2105222512677046e-13,0
48.31666666666667,100.00000000000315,2.349887309213495e-18,4.13665833120115e-13,0
48.333333333333336,100.00000000000315,2.3072244089541405e-18,4.064089824963198e-13,0
48.35,100.00000000000315,2.265336065847893e-18,3.9927940203517566e-13,0
48.36666666666667,100.00000000000315,2.224208217597463e-18,3.9227486032526026e-13,0
48.38333333333333,100.00000000000315,2.183827057210208e-18,3.8539316506640974e-13,0
48.4,100.00000000000315,2.1441790283630462e-18,3.786321623844086e-13,0
48.416666666666664,100.00000000000315,2.105250820851454e-18,3.7198973615768374e-13,0
48.43333333333333,100.00000000000315,2.0670293661211625e-18,3.6546380735579257e-13,0
48.45,100.00000000000315,2.0295018328809174e-18,3.590523333894977e-13,0
48.46666666666667,100.00000000000315,1.9926556227949027e-18,3.527533074722275e-13,0
48.483333333333334,100.00000000000315,1.9564783662533825e-18,3.465647579927201e-13,0
48.5,100.00000000000315,1.9209579182201517e-18,3.404847478986585e-13,0
48.516666666666666,100.00000000000315,1.8860823541553057e-18,3.345113740911006e-13,0
48.53333333333333,100.00000000000315,1.8518399660120883e-18,3.28642766829519e-13,0
48.55,100.00000000000315,1.8182192583064275e-18,3.2287708914726094e-13,0
48.56666666666667,100.00000000000315,1.7852089442577697e-18,3.1721253627724926e-13,0
48.583333333333336,100.00000000000315,1.7527979420000695e-18,3.116473350877426e-13,0
48.6,100.00000000000315,1.7209753708614477e-18,3.0617974352798023e-13,0
48.61666666666667,100.00000000000315,1.6897305477115285e-18,3.008080500835377e-13,0
48.63333333333333,100.00000000000315,1.6590529833749605e-18,2.955305732412231e-13,0
48.65,100.00000000000315,1.6289323791101664e-18,2.903456609633474e-13,0
48.666666666666664,100.00000000000315,1.5993586231519555e-18,2.8525169017120484e-13,0
48.68333333333333,100.00000000000315,1.5703217873169003e-18,2.8024706623760087e-13,0
48.7,100.00000000000315,1.5418121236703938e-18,2.7533022248827074e-13,0
48.71666666666667,100.00000000000315,1.5138200612541644e-18,2.7049961971203225e-13,0
48.733333333333334,100.00000000000315,1.4863362028732401e-18,2.657537456795194e-13,0
48.75,100.00000000000315,1.4593513219412265e-18,2.6109111467034753e-13,0
48.766666666666666,100.00000000000315,1.4328563593828596e-18,2.565102670085617e-13,0
48.78333333333333,100.00000000000315,1.4068424205928067e-18,2.520097686062231e-13,0
48.8,100.00000000000315,1.3813007724496838e-18,2.4758821051499174e-13,0
48.81666666666667,100.00000000000315,1.3562228403842461e-18,2.4324420848556464e-13,0
48.833333333333336,100.00000000000315,1.3316002055008569e-18,2.38976402534832e-13,0
48.85,100.00000000000315,1.3074246017511827e-18,2.3478345652061697e-13,0
48.86666666666667,100.00000000000315,1.2836879131592241e-18,2.306640577238648e-13,0
48.88333333333333,100.00000000000315,1.2603821710966975e-18,2.2661691643815273e-13,0
48.9,100.00000000000315,1.2374995516079114e-18,2.2264076556639045e-13,0
48.916666666666664,100.00000000000315,1.2150323727831925e-18,2.1873436022458685e-13,0
48.93333333333333,100.00000000000315,1.1929730921800111e-18,2.1489647735255811e-13,0
48.95,100.00000000000315,1.171314304290918e-18,2.1112591533145675e-13,0
48.96666666666667,100.00000000000315,1.15004873805745e-18,2.0742149360800066e-13,0
48.983333333333334,100.00000000000315,1.1291692544291679e-18,2.0378205232528608e-13,0
49.0,100.00000000000315,1.1086688439670325e-18,2.0020645196006884e-13,0
49.016666666666666,100.00000000000315,1.0885406244902643e-18,1.966935729664002e-13,0
49.03333333333333,100.00000000000315,1.0687778387659449e-18,1.9324231542550623e-13,0
49.05,100.00000000000315,1.0493738522405484e-18,1.898515987018019e-13,0
49.06666666666667,100.00000000000315,1.030322150812674e-18,1.865203611049312e-13,0
49.083333333333336,100.00000000000315,1.0116163386461983e-18,1.8324755955772925e-13,0
49.1,100.00000000000315,9.93250136023146e-19,1.800321692700013e-13,0
49.11666666666667,100.00000000000315,9.752173772355344e-19,1.76873183418018e-13,0
49.13333333333333,100.00000000000315,9.57512008515485e-19,1.7376961282962534e-13,0
49.15,100.00000000000315,9.401280860029287e-19,1.7072048567487269e-13,0
49.166666666666664,100.00000000000315,9.23059773750202e-19,1.6772484716206074e-13,0
49.18333333333333,100.00000000000315,9.063013417628654e-19,1.6478175923911522e-13,0
49.2,100.00000000000315,8.898471640760974e-19,1.6189030030019293e-13,0
49.21666666666667,100.00000000000315,8.736917168660039e-19,1.590495648974284e-13,0
49.233333333333334,100.00000000000315,8.578295765952377e-19,1.562586634577313e-13,0
49.25,100.00000000000315,8.422554181922513e-19,1.535167220045458e-13,0
49.266666666666666,100.00000000000315,8.269640132636391e-19,1.5082288188448535e-13,0
49.28333333333333,100.00000000000315,8.119502283389147e-19,1.4817629949875717e-13,0
49.3,100.00000000000315,7.972090231471589e-19,1.4557614603929277e-13,0
49.31666666666667,100.00000000000315,7.827354489249632e-19,1.4302160722950195e-13,0
49.333333333333336,100.00000000000315,7.685246467550828e-19,1.4051188306956942e-13,0
49.35,100.00000000000315,7.545718459352517e-19,1.3804618758621416e-13,0
49.36666666666667,100.00000000000315,7.40872362376627e-19,1.356237485868339e-13,0
49.38333333333333,100.00000000000315,7.274215970312896e-19,1.3324380741795726e-13,0
49.4,100.00000000000315,7.142150343483103e-19,1.3090561872792857e-13,0
49.416666666666664,100.00000000000315,7.012482407578401e-19,1.2860845023375103e-13,0
49.43333333333333,100.00000000000315,6.885168631827108e-19,1.2635158249201557e-13,0
49.45,100.00000000000315,6.760166275770924e-19,1.2413430867384335e-13,0
49.46666666666667,100.00000000000315,6.637433374916292e-19,1.219559343437721e-13,0
49.483333333333334,100.00000000000315,6.516928726646785e-19,1.198157772425172e-13,0
49.5,100.00000000000315,6.398611876390938e-19,1.1771316707353923e-13,0
49.516666666666666,100.00000000000315,6.282443104041258e-19,1.1564744529335146e-13,0
49.53333333333333,100.00000000000315,6.16838341061991e-19,1.1361796490550228e-13,0
49.55,100.00000000000315,6.05639450518637e-19,1.1162409025816728e-13,0
49.56666666666667,100.00000000000315,5.9464387919827985e-19,1.0966519684528851e-13,0
49.583333333333336,100.00000000000315,5.838479357812882e-19,1.077406711111984e-13,0
49.6,100.00000000000315,5.732479959649705e-19,1.0584991025866745e-13,0
49.61666666666667,100.00000000000315,5.628405012468651e-19,1.039923220603156e-13,0
49.63333333333333,100.00000000000315,5.526219577301191e-19,1.0216732467332846e-13,0
49.65,100.00000000000315,5.425889349505536e-19,1.0037434645742043e-13,0
49.666666666666664,100.00000000000315,5.32738064725036e-19,9.861282579598784e-14,0
49.68333333333333,100.00000000000315,5.230660400207387e-19,9.688221092039637e-14,0
49.7,100.00000000000315,5.13569613844946e-19,9.51819597373475e-14,0
49.71666666666667,100.00000000000315,5.042455981550115e-19,9.351153965927045e-14,0
49.733333333333334,100.00000000000315,4.950908627880978e-19,9.18704274376863e-14,0
49.75,100.00000000000315,4.8610233441035625e-19,9.025810899949251e-14,0
49.766666666666666,100.00000000000315,4.772769954851824e-19,8.867407928611623e-14,0
49.78333333333333,100.00000000000315,4.68611883260198e-19,8.711784209548672e-14,0
49.8,100.00000000000315,4.601040887726361e-19,8.558890992677705e-14,0
49.81666666666667,100.00000000000315,4.517507558727661e-19,8.408680382786658e-14,0
49.833333333333336,100.00000000000315,4.435490802650664e-19,8.261105324547707e-14,0
49.85,100.00000000000315,4.35496308566794e-19,8.116119587793471e-14,0
49.86666666666667,100.00000000000315,4.2758973738365244e-19,7.973677753051286e-14,0
49.88333333333333,100.00000000000315,4.198267124022323e-19,7.833735197330998e-14,0
49.9,100.00000000000315,4.122046274989381e-19,7.696248080161806e-14,0
49.916666666666664,100.00000000000315,4.04720923865091e-19,7.56117332987385e-14,0
49.93333333333333,100.00000000000315,3.973730891479092e-19,7.428468630120198e-14,0
49.95,100.00000000000315,3.901586566070923e-19,7.298092406635073e-14,0
49.96666666666667,100.00000000000315,3.8307520428671064e-19,7.170003814224126e-14,0
49.983333333333334,100.00000000000315,3.7612035420213635e-19,7.044162723982739e-14,0
50.0,100.00000000000315,3.692917715417303e-19,6.920529710738335e-14,0
50.016666666666666,100.00000000000315,3.6258716388302545e-19,6.799066040712772e-14,0
50.03333333333333,100.00000000000315,3.5600428042313905e-19,6.679733659400983e-14,0
50.05,100.00000000000315,3.495409112231574e-19,6.56249517966204e-14,0
50.06666666666667,100.00000000000315,3.4319488646624308e-19,6.447313870018965e-14,0
50.083333333333336,100.00000000000315,3.369640757292023e-19,6.334153643163585e-14,0
50.1,100.00000000000315,3.308463872672854e-19,6.222979044662869e-14,0
50.11666666666667,100.00000000000315,3.2483976731196827e-19,6.113755241863213e-14,0
50.13333333333333,100.00000000000315,3.189421993814844e-19,6.00644801298918e-14,0
50.15,100.00000000000315,3.1315170360387334e-19,5.90102373643333e-14,0
50.166666666666664,100.00000000000315,3.074663360523195e-19,5.797449380233745e-14,0
50.18333333333333,100.00000000000315,3.0188418809255474e-19,5.695692491736009e-14,0
50.2,100.00000000000315,2.9640338574211935e-19,5.5957211874363645e-14,0
50.21666666666667,100.00000000000315,2.910220890412434e-19,5.4975041430029e-14,0
50.233333333333334,100.00000000000315,2.85738491435158e-19,5.401010583471647e-14,0
50.25,100.00000000000315,2.805508191676167e-19,5.306210273614507e-14,0
50.266666666666666,100.00000000000315,2.7545733068542834e-19,5.213073508476013e-14,0
50.28333333333333,100.00000000000315,2.7045631605380636e-19,5.121571104075959e-14,0
50.3,100.00000000000315,2.6554609638232227e-19,5.031674388274989e-14,0
50.31666666666667,100.00000000000315,2.607250232612908e-19,4.9433551918003054e-14,0
50.333333333333336,100.00000000000315,2.5599147820837923e-19,4.8565858394286655e-14,0
50.35,100.00000000000315,2.5134387212527513e-19,4.771339141323935e-14,0
50.36666666666667,100.00000000000315,2.4678064476420127e-19,4.687588384526475e-14,0
50.38333333333333,100.00000000000315,2.4230026420413733e-19,4.605307324591707e-14,0
50.4,100.00000000000315,2.379012263365296e-19,4.524470177375242e-14,0
50.416666666666664,100.00000000000315,2.335820543603558e-19,4.445051610962004e-14,0
50.43333333333333,100.00000000000315,2.293412982863423e-19,4.367026737736828e-14,0
50.45,100.00000000000315,2.2517753445019497e-19,4.2903711065940466e-14,0
50.46666666666667,100.00000000000315,2.210893650346601e-19,4.2150606952836373e-14,0
50.483333333333334,100.00000000000315,2.170754176002614e-19,4.141071902891535e-14,0
50.5,100.00000000000315,2.1313434462456412e-19,4.0683815424517504e-14,0
50.516666666666666,100.00000000000315,2.0926482304979417e-19,3.9969668336880054e-14,0
50.53333333333333,100.00000000000315,2.0546555383868014e-19,3.926805395882589e-14,0
50.55,100.00000000000315,2.017352615383502e-19,3.857875240870223e-14,0
50.56666666666667,100.00000000000315,1.980726938521538e-19,3.7901547661547484e-14,0
50.583333333333336,100.00000000000315,1.9447662121925132e-19,3.72362274814646e-14,0
50.6,100.00000000000315,1.9094583640184119e-19,3.6582583355179955e-14,0
50.61666666666667,100.00000000000315,1.874791540798778e-19,3.594041042676701e-14,0
50.63333333333333,100.00000000000315,1.840754104531497e-19,3.5309507433514096e-14,0
50.65,100.00000000000315,1.8073346285057723e-19,3.468967664291662e-14,0
50.666666666666664,100.00000000000315,1.774521893466123e-19,3.408072379077357e-14,0
50.68333333333333,100.00000000000315,1.7423048838459348e-19,3.348245802036947e-14,0
50.7,100.00000000000315,1.7106727840694516e-19,3.2894691822722274e-14,0
50.71666666666667,100.00000000000315,1.6796149749208723e-19,3.231724097787883e-14,0
50.733333333333334,100.00000000000315,1.649121029979399e-19,3.174992449723943e-14,0
50.75,100.00000000000315,1.6191807121189583e-19,3.119256456689349e-14,0
50.766666666666666,100.00000000000315,1.589783970071525e-19,3.0644986491948536e-14,0
50.78333333333333,100.00000000000315,1.5609209350528247e-19,3.010701864183516e-14,0
50.8,100.00000000000315,1.5325819174492563e-19,2.957849239657086e-14,0
50.81666666666667,100.00000000000315,1.5047574035650244e-19,2.9059242093965857e-14,0
50.833333333333336,100.00000000000315,1.4774380524283003e-19,2.854910497775453e-14,0
50.85,100.00000000000315,1.4506146926553455e-19,2.8047921146636097e-14,0
50.86666666666667,100.00000000000315,1.4242783193716248e-19,2.75555335042087e-14,0
50.88333333333333,100.00000000000315,1.398420091188759e-19,2.707178770978122e-14,0
50.9,100.00000000000315,1.3730313272364104e-19,2.659653213004742e-14,0
50.916666666666664,100.00000000000315,1.348103504247991e-19,2.6129617791607316e-14,0
50.93333333333333,100.00000000000315,1.3236282536993678e-19,2.5670898334320916e-14,0
50.95,100.00000000000315,1.2995973589994393e-19,2.5220229965479773e-14,0
50.96666666666667,100.00000000000315,1.2760027527317636e-19,2.4777471414781935e-14,0
50.983333333333334,100.00000000000315,1.2528365139462445e-19,2.4342483890096348e-14,0
51.0,100.00000000000315,1.2300908654999803e-19,2.391513103400274e-14,0
51.016666666666666,100.00000000000315,1.207758171446424e-19,2.3495278881093452e-14,0
51.03333333333333,100.00000000000315,1.1858309344719201e-19,2.308279581602391e-14,0
51.05,100.00000000000315,1.1643017933787527e-19,2.2677552532298493e-14,0
51.06666666666667,100.00000000000315,1.143163520613973e-19,2.227942199177904e-14,0
51.083333333333336,100.00000000000315,1.122409019842996e-19,2.1888279384903268e-14,0
51.1,100.00000000000315,1.102031323567322e-19,2.1504002091600618e-14,0
51.11666666666667,100.00000000000315,1.0820235907854645e-19,2.1126469642893405e-14,0
51.13333333333333,100.00000000000315,1.0623791046963607e-19,2.0755563683171156e-14,0
51.15,100.00000000000315,1.0430912704444854e-19,2.0391167933126437e-14,0
51.166666666666664,100.00000000000315,1.0241536129058846e-19,2.0033168153340463e-14,0
51.18333333333333,100.00000000000315,1.0055597745144323e-19,1.9681452108507223e-14,0
51.2,100.00000000000315,9.873035131275087e-20,1.933590953228482e-14,0
51.21666666666667,100.00000000000315,9.693786999304667e-20,1.8996432092763113e-14,0
51.233333333333334,100.00000000000315,9.517793173791343e-20,1.8662913358536794e-14,0
51.25,100.00000000000315,9.344994571796555e-20,1.833524876537335e-14,0
51.266666666666666,100.00000000000315,9.175333183050321e-20,1.8013335583465434e-14,0
51.28333333333333,100.00000000000315,9.008752050476487e-20,1.769707288525742e-14,0
51.3,100.00000000000315,8.845195251071738e-20,1.738636151383609e-14,0
51.31666666666667,100.00000000000315,8.68460787713177e-20,1.7081104051875526e-14,0
51.333333333333336,100.00000000000315,8.526936017818182e-20,1.6781204791126545e-14,0
51.35,100.00000000000315,8.372126741060047e-20,1.648656970244109e-14,0
51.36666666666667,100.00000000000315,8.220128075784192e-20,1.6197106406322212e-14,0
51.38333333333333,100.00000000000315,8.070888994467915e-20,1.5912724143990463e-14,0
51.4,100.00000000000315,7.92435939600867e-20,1.5633333748957555e-14,0
51.416666666666664,100.00000000000315,7.780490088904449e-20,1.5358847619098533e-14,0
51.43333333333333,100.00000000000315,7.639232774739957e-20,1.508917968921358e-14,0
51.45,100.00000000000315,7.500540031972135e-20,1.4824245404070992e-14,0
51.46666666666667,100.00000000000315,7.364365300010413e-20,1.4563961691922777e-14,0
51.483333333333334,100.00000000000315,7.230662863585869e-20,1.4308246938484707e-14,0
51.5,100.00000000000315,7.099387837404104e-20,1.4057020961372584e-14,0
51.516666666666666,100.00000000000315,6.970496151076861e-20,1.3810204984986779e-14,0
51.53333333333333,100.00000000000315,6.843944534327134e-20,1.3567721615837175e-14,0
51.55,100.00000000000315,6.719690502462957e-20,1.3329494818300779e-14,0
51.56666666666667,100.00000000000315,6.597692342114796e-20,1.3095449890804431e-14,0
51.583333333333336,100.00000000000315,6.477909097232067e-20,1.2865513442425154e-14,0
51.6,100.00000000000315,6.360300555333657e-20,1.263961336990083e-14,0
51.61666666666667,100.00000000000315,6.244827234008377e-20,1.2417678835044004e-14,0
51.63333333333333,100.00000000000315,6.131450367660125e-20,1.2199640242551744e-14,0
51.65,100.00000000000315,6.020131894494094e-20,1.1985429218204618e-14,0
51.666666666666664,100.00000000000315,5.910834443738882e-20,1.1774978587447975e-14,0
51.68333333333333,100.00000000000315,5.80352132310086e-20,1.1568222354348818e-14,0
51.7,100.00000000000315,5.698156506446181e-20,1.1365095680921682e-14,0
51.71666666666667,100.00000000000315,5.594704621706426e-20,1.1165534866817065e-14,0
51.733333333333334,100.00000000000315,5.493130939003916e-20,1.0969477329366025e-14,0
51.75,100.00000000000315,5.393401358992483e-20,1.0776861583974737e-14,0
51.766666666666666,100.00000000000315,5.295482401410018e-20,1.058762722486285e-14,0
51.78333333333333,100.00000000000315,5.19934119383879e-20,1.0401714906139626e-14,0
51.8,100.00000000000315,5.1049454606699114e-20,1.021906632321193e-14,0
51.81666666666667,100.00000000000315,5.0122635122680055e-20,1.0039624194518255e-14,0
51.833333333333336,100.00000000000315,4.9212642343327516e-20,9.863332243583097e-15,0
51.85,100.00000000000315,4.8319170774534694e-20,9.690135181386004e-15,0
51.86666666666667,100.00000000000315,4.7441920468534233e-20,9.519978689039834e-15,0
51.88333333333333,100.00000000000315,4.658059692320224e-20,9.352809400772792e-15,0
51.9,100.00000000000315,4.5734910983191453e-20,9.188574887208877e-15,0
51.916666666666664,100.00000000000315,4.4904578742858677e-20,9.027223638941585e-15,0
51.93333333333333,100.00000000000315,4.408932145095468e-20,8.868705050395654e-15,0
51.95,100.00000000000315,4.3288865417045113e-20,8.712969403971833e-15,0
51.96666666666667,100.00000000000315,4.2502941919629526e-20,8.559967854469719e-15,0
51.983333333333334,100.00000000000315,4.173128711592885e-20,8.409652413783773e-15,0
52.0,100.00000000000315,4.0973641953311e-20,8.261975935867734e-15,0
52.016666666666666,100.00000000000315,4.022975208232413e-20,8.116892101962708e-15,0
52.03333333333333,100.00000000000315,3.949936777130952e-20,7.974355406084348e-15,0
52.05,100.00000000000315,3.8782243822563025e-20,7.834321140764534e-15,0
52.06666666666667,100.00000000000315,3.8078139490020855e-20,7.696745383043116e-15,0
52.083333333333336,100.00000000000315,3.7386818398438366e-20,7.561584980705362e-15,0
52.1,100.00000000000315,3.670804846403609e-20,7.428797538760728e-15,0
52.11666666666667,100.00000000000315,3.604160181658763e-20,7.298341406158809e-15,0
52.13333333333333,100.00000000000315,3.538725472292069e-20,7.170175662738244e-15,0
52.15,100.00000000000315,3.474478751180814e-20,7.0442601064045264e-15,0
52.166666666666664,100.00000000000315,3.4113984500221785e-20,6.920555240532692e-15,0
52.18333333333333,100.00000000000315,3.349463392092564e-20,6.7990222615909425e-15,0
52.2,100.00000000000315,3.288652785138361e-20,6.679623046981341e-15,0
52.21666666666667,100.00000000000315,3.228946214395727e-20,6.562320143093763e-15,0
52.233333333333334,100.00000000000315,3.17032363573722e-20,6.4470767535693665e-15,0
52.25,100.00000000000315,3.112765368942728e-20,6.333856727769906e-15,0
52.266666666666666,100.00000000000315,3.056252091092654e-20,6.222624549449283e-15,0
52.28333333333333,100.00000000000315,3.0007648300809994e-20,6.113345325623795e-15,0
52.3,100.00000000000315,2.946284958246241e-20,6.005984775637583e-15,0
52.31666666666667,100.00000000000315,2.8927941861178456e-20,5.9005092204198604e-15,0
52.333333333333336,100.00000000000315,2.840274556276279e-20,5.7968855719305756e-15,0
52.35,100.00000000000315,2.788708437324572e-20,5.695081322791177e-15,0
52.36666666666667,100.00000000000315,2.7380785179692496e-20,5.5950645360972596e-15,0
52.38333333333333,100.00000000000315,2.6883678012087495e-20,5.496803835409893e-15,0
52.4,100.00000000000315,2.6395595986273574e-20,5.40026839492249e-15,0
52.416666666666664,100.00000000000315,2.5916375247927752e-20,5.3054279298001605e-15,0
52.43333333333333,100.00000000000315,2.5445854917553006e-20,5.2122526866885e-15,0
52.45,100.00000000000315,2.4983877036470047e-20,5.1207134343888526e-15,0
52.46666666666667,100.00000000000315,2.4530286513788552e-20,5.0307814546971474e-15,0
52.483333333333334,100.00000000000315,2.4084931074341722e-20,4.942428533403399e-15,0
52.5,100.00000000000315,2.3647661207566122e-20,4.8556269514491005e-15,0
52.516666666666666,100.00000000000315,2.321833011730902e-20,4.770349476239706e-15,0
52.53333333333333,100.00000000000315,2.2796793672548026e-20,4.686569353109497e-15,0
52.55,100.00000000000315,2.2382910359004347e-20,4.6042602969361656e-15,0
52.56666666666667,100.00000000000315,2.1976541231635282e-20,4.523396483902475e-15,0
52.583333333333336,100.00000000000315,2.1577549867988793e-20,4.443952543402433e-15,0
52.6,100.00000000000315,2.1185802322405326e-20,4.365903550089433e-15,0
52.61666666666667,100.00000000000315,2.080116708105053e-20,4.289225016063877e-15,0
52.63333333333333,100.00000000000315,2.0423515017765173e-20,4.213892883197841e-15,0
52.65,100.00000000000315,2.0052719350715753e-20,4.1398835155943656e-15,0
52.666666666666664,100.00000000000315,1.9688655599832802e-20,4.0671736921790266e-15,0
52.68333333333333,100.00000000000315,1.933120154502154e-20,3.995740599421449e-15,0
52.7,100.00000000000315,1.8980237185131475e-20,3.925561824184509e-15,0
52.71666666666667,100.00000000000315,1.863564469767058e-20,3.856615346698954e-15,0
52.733333333333334,100.00000000000315,1.829730839925128e-20,3.7888795336612765e-15,0
52.75,100.00000000000315,1.796511470675427e-20,3.722333131452642e-15,0
52.766666666666666,100.00000000000315,1.7638952099197476e-20,3.656955259476788e-15,0
52.78333333333333,100.00000000000315,1.731871108029731e-20,3.592725403614773e-15,0
52.8,100.00000000000315,1.7004284141709753e-20,3.529623409794546e-15,0
52.81666666666667,100.00000000000315,1.669556572693861e-20,3.4676294776733238e-15,0
52.833333333333336,100.00000000000315,1.6392452195899043e-20,3.4067241544307788e-15,0
52.85,100.00000000000315,1.609484179012485e-20,3.3468883286711225e-15,0
52.86666666666667,100.00000000000315,1.5802634598606588e-20,3.2881032244321497e-15,0
52.88333333333333,100.00000000000315,1.5515732524250872e-20,3.230350395299377e-15,0
52.9,100.00000000000315,1.5234039250948037e-20,3.173611718623442e-15,0
52.916666666666664,100.00000000000315,1.4957460211237682e-20,3.1178693898389344e-15,0
52.93333333333333,100.00000000000315,1.4685902554561627e-20,3.0631059168828916e-15,0
52.95,100.00000000000315,1.4419275116092834e-20,3.0093041147112117e-15,0
52.96666666666667,100.00000000000315,1.4157488386130615e-20,2.9564470999112605e-15,0
52.983333333333334,100.00000000000315,1.3900454480051086e-20,2.9045182854089885e-15,0
53.0,100.00000000000315,1.364808710880363e-20,2.8535013752688983e-15,0
53.016666666666666,100.00000000000315,1.3400301549942576e-20,2.803380359585242e-15,0
53.03333333333333,100.00000000000315,1.315701461918516e-20,2.7541395094628365e-15,0
53.05,100.00000000000315,1.2918144642485557e-20,2.7057633720859346e-15,0
53.06666666666667,100.00000000000315,1.2683611428616103e-20,2.658236765873599e-15,0
53.083333333333336,100.00000000000315,1.2453336242246438e-20,2.611544775720076e-15,0
53.1,100.00000000000315,1.2227241777510905e-20,2.5656727483186598e-15,0
53.11666666666667,100.00000000000315,1.2005252132056505e-20,2.520606287567596e-15,0
53.13333333333333,100.00000000000315,1.1787292781561514e-20,2.476331250056585e-15,0
53.15,100.00000000000315,1.1573290554716916e-20,2.4328337406324647e-15,0
53.166666666666664,100.00000000000315,1.136317360866209e-20,2.3901001080426873e-15,0
53.18333333333333,100.00000000000315,1.1156871404866346e-20,2.3481169406552308e-15,0
53.2,100.00000000000315,1.0954314685448492e-20,2.306871062253592e-15,0
53.21666666666667,100.00000000000315,1.0755435449926136e-20,2.266349527905562e-15,0
53.233333333333334,100.00000000000315,1.05601669323873e-20,2.226539619904472e-15,0
53.25,100.00000000000315,1.0368443579076407e-20,2.1874288437816496e-15,0
53.266666666666666,100.00000000000315,1.0180201026387217e-20,2.149004924388835e-15,0
53.28333333333333,100.00000000000315,9.99537607925521e-21,2.111255802049327e-15,0
53.3,100.00000000000315,9.813906689942365e-21,2.0741696287766515e-15,0
53.31666666666667,100.00000000000315,9.635731937207265e-21,2.037734764559581e-15,0
53.333333333333336,100.00000000000315,9.460792005852954e-21,2.0019397737123202e-15,0
53.35,100.00000000000315,9.28902816664647e-21,1.9667734212887364e-15,0
53.36666666666667,100.00000000000315,9.12038275660284e-21,1.9322246695594946e-15,0
53.38333333333333,100.00000000000315,8.954799159626962e-21,1.8982826745510033e-15,0
53.4,100.00000000000315,8.792221787507098e-21,1.8649367826450866e-15,0
53.416666666666664,100.00000000000315,8.632596061253178e-21,1.832176527238309e-15,0
53.43333333333333,100.00000000000315,8.475868392774167e-21,1.799991625459918e-15,0
53.45,100.00000000000315,8.321986166887971e-21,1.7683719749473708e-15,0
53.46666666666667,100.00000000000315,8.170897723657951e-21,1.73730765067843e-15,0
53.483333333333334,100.00000000000315,8.022552341050197e-21,1.7067889018588494e-15,0
53.5,100.00000000000315,7.876900217905474e-21,1.6768061488646584e-15,0
53.516666666666666,100.00000000000315,7.733892457220592e-21,1.647349980238102e-15,0
53.53333333333333,100.00000000000315,7.593481049733136e-21,1.6184111497362852e-15,0
53.55,100.00000000000315,7.455618857804176e-21,1.589980573431602e-15,0
53.56666666666667,100.00000000000315,7.320259599593806e-21,1.5620493268630411e-15,0
53.583333333333336,100.00000000000315,7.187357833523704e-21,1.5346086422374712e-15,0
53.6,100.00000000000315,7.056868943021995e-21,1.5076499056800357e-15,0
53.61666666666667,100.00000000000315,6.928749121545017e-21,1.4811646545327894e-15,0
53.63333333333333,100.00000000000315,6.802955357870982e-21,1.4551445747007355e-15,0
53.65,100.00000000000315,6.6794454216605754e-21,1.4295814980444282e-15,0
53.666666666666664,100.00000000000315,6.55817784927993e-21,1.4044673998183265e-15,0
53.68333333333333,100.00000000000315,6.439111929880728e-21,1.3797943961540953e-15,0
53.7,100.00000000000315,6.3222076917332725e-21,1.3555547415880644e-15,0
53.71666666666667,100.00000000000315,6.207425888807389e-21,1.3317408266320744e-15,0
53.733333333333334,100.00000000000315,6.094727987597252e-21,1.3083451753869431e-15,0
53.75,100.00000000000315,5.984076154185241e-21,1.2853604431978111e-15,0
53.766666666666666,100.00000000000315,5.8754332415406735e-21,1.2627794143506248e-15,0
53.78333333333333,100.00000000000315,5.768762777049162e-21,1.2405949998090418e-15,0
53.8,100.00000000000315,5.66402895026844e-21,1.2188002349910458e-15,0
53.81666666666667,100.00000000000315,5.5611966009063054e-21,1.1973882775845744e-15,0
53.833333333333336,100.00000000000315,5.460231207017039e-21,1.1763524054014782e-15,0
53.85,100.00000000000315,5.361098873411968e-21,1.1556860142691347e-15,0
53.86666666666667,100.00000000000315,5.263766320280479e-21,1.1353826159590603e-15,0
53.88333333333333,100.00000000000315,5.168200872017706e-21,1.115435836151869e-15,0
53.9,100.00000000000315,5.0743704462549264e-21,1.0958394124379415e-15,0
53.916666666666664,100.00000000000315,4.982243543089153e-21,1.0765871923531767e-15,0
53.93333333333333,100.00000000000315,4.89178923450834e-21,1.0576731314492114e-15,0
53.95,100.00000000000315,4.802977154008542e-21,1.039091291397504e-15,0
53.96666666666667,100.00000000000315,4.715777486399436e-21,1.0208358381266855e-15,0
53.983333333333334,100.00000000000315,4.63016095779517e-21,1.0029010399925987e-15,0
54.0,100.00000000000315,4.546098825786724e-21,9.852812659804467e-16,0
54.016666666666666,100.00000000000315,4.4635628697928474e-21,9.679709839384917e-16,0
54.03333333333333,100.00000000000315,4.3825253815860734e-21,9.509647588427487e-16,0
54.05,100.00000000000315,4.30295915599077e-21,9.34257251092131e-16,0
54.06666666666667,100.00000000000315,4.22483748175009e-21,9.178432148335122e-16,0
54.083333333333336,100.00000000000315,4.148134132558696e-21,9.01717496316182e-16,0
54.1,100.00000000000315,4.072823358258356e-21,8.858750322751755e-16,0
54.11666666666667,100.00000000000315,3.998879876193306e-21,8.703108483429783e-16,0
54.13333333333333,100.00000000000315,3.926278862722548e-21,8.550200574890979e-16,0
54.15,100.00000000000315,3.8549959448864184e-21,8.399978584870224e-16,0
54.166666666666664,100.00000000000315,3.785007192224196e-21,8.252395344080813e-16,0
54.18333333333333,100.00000000000315,3.71628910874047e-21,8.107404511417368e-16,0
54.2,100.00000000000315,3.6488186250172434e-21,7.964960559418429e-16,0
54.21666666666667,100.00000000000315,3.5825730904693055e-21,7.825018759984154e-16,0
54.233333333333334,100.00000000000315,3.5175302657401815e-21,7.687535170344677e-16,0
54.25,100.00000000000315,3.453668315236155e-21,7.552466619274694e-16,0
54.266666666666666,100.00000000000315,3.3909657997957936e-21,7.419770693549978e-16,0
54.28333333333333,100.00000000000315,3.329401669492617e-21,7.289405724641576e-16,0
54.3,100.00000000000315,3.2689552565684404e-21,7.161330775643513e-16,0
54.31666666666667,100.00000000000315,3.209606268494936e-21,7.035505628429908e-16,0
54.333333333333336,100.00000000000315,3.1513347811612407e-21,6.911890771037476e-16,0
54.35,100.00000000000315,3.0941212321852055e-21,6.790447385269466e-16,0
54.36666666666667,100.00000000000315,3.037946414346105e-21,6.671137334517148e-16,0
54.38333333333333,100.00000000000315,2.982791469136581e-21,6.553923151795022e-16,0
54.4,100.00000000000315,2.9286378804316306e-21,6.438768027986019e-16,0
54.416666666666664,100.00000000000315,2.8754674682725103e-21,6.325635800292996e-16,0
54.43333333333333,100.00000000000315,2.82326238276357e-21,6.214490940892897e-16,0
54.45,100.00000000000315,2.7720050980798653e-21,6.105298545790056e-16,0
54.46666666666667,100.00000000000315,2.721678406583496e-21,5.998024323865104e-16,0
54.483333333333334,100.00000000000315,2.6722654130468644e-21,5.892634586116091e-16,0
54.5,100.00000000000315,2.623749528980733e-21,5.789096235088423e-16,0
54.516666666666666,100.00000000000315,2.5761144670653283e-21,5.687376754490299e-16,0
54.53333333333333,100.00000000000315,2.5293442356824734e-21,5.587444198990419e-16,0
54.55,100.00000000000315,2.4834231335470476e-21,5.48926718419474e-16,0
54.56666666666667,100.00000000000315,2.4383357444359138e-21,5.392814876799151e-16,0
54.583333333333336,100.00000000000315,2.3940669320124934e-21,5.29805698491497e-16,0
54.6,100.00000000000315,2.350601834745358e-21,5.204963748564242e-16,0
54.61666666666667,100.00000000000315,2.3079258609190475e-21,5.1135059303418565e-16,0
54.63333333333333,100.00000000000315,2.2660246837354778e-21,5.02365480624155e-16,0
54.65,100.00000000000315,2.2248842365042635e-21,4.935382156642917e-16,0
54.666666666666664,100.00000000000315,2.1844907079204103e-21,4.848660257456629e-16,0
54.68333333333333,100.00000000000315,2.144830537427673e-21,4.763461871425042e-16,0
54.7,100.00000000000315,2.1058904106661714e-21,4.67976023957551e-16,0
54.71666666666667,100.00000000000315,2.0676572550025776e-21,4.597529072823689e-16,0
54.733333333333334,100.00000000000315,2.03011823514152e-21,4.516742543724231e-16,0
54.75,100.00000000000315,1.993260748816624e-21,4.43737527836626e-16,0
54.766666666666666,100.00000000000315,1.957072422559794e-21,4.3594023484110896e-16,0
54.78333333333333,100.00000000000315,1.9215411075473135e-21,4.2827992632697014e-16,0
54.8,100.00000000000315,1.8866548755213474e-21,4.2075419624175223e-16,0
54.81666666666667,100.00000000000315,1.8524020147855137e-21,4.133606807844089e-16,0
54.833333333333336,100.00000000000315,1.8187710262731028e-21,4.0609705766352354e-16,0
54.85,100.00000000000315,1.7857506196867517e-21,3.9896104536854846e-16,0
54.86666666666667,100.00000000000315,1.7533297097081706e-21,3.9195040245383445e-16,0
54.88333333333333,100.00000000000315,1.721497412276645e-21,3.8506292683522805e-16,0
54.9,100.00000000000315,1.6902430409351895e-21,3.7829645509901486e-16,0
54.916666666666664,100.00000000000315,1.6595561032429409e-21,3.716488618229924e-16,0
54.93333333333333,100.00000000000315,1.6294262972527592e-21,3.6511805890946025e-16,0
54.95,100.00000000000315,1.5998435080527462e-21,3.587019949299172e-16,0
54.96666666666667,100.00000000000315,1.5707978043705692e-21,3.523986544812618e-16,0
54.983333333333334,100.00000000000315,1.5422794352394097e-21,3.4620605755329207e-16,0
55.0,100.00000000000315,1.5142788267244644e-21,3.401222589073083e-16,0
