time_hours,I2_center_nM,S2_free_center_nM,S2_total_center_nM,I1O2_active
0.0,100.0,0.0,0.0,1
0.016666666666666666,99.985880706397,0.04707441666080334,1.1877151180674663,1
0.03333333333333333,99.95625299685614,0.09881297699645777,3.619721953893439,1
0.05,99.91344748135805,0.14282988116505835,7.075290305406957,1
0.06666666666666667,99.85949096567697,0.1801425950626484,11.369744936732957,1
0.08333333333333333,99.79559106406188,0.21348613691083423,16.38495730969519,1
0.1,99.72233318612753,0.24494107223508216,22.050292792567504,1
0.11666666666666667,99.63988628743522,0.2759047886551102,28.325011798119544,1
0.13333333333333333,99.54813415202392,0.3073399133046223,35.18696530218207,1
0.15,99.4467517913239,0.3399575442396477,42.62564392626589,1
0.16666666666666666,99.33524902413555,0.3743270809660955,50.637753461169275,1
0.18333333333333332,99.21299500193223,0.41094032432000777,59.22420433061898,1
0.2,99.07923148862366,0.4502496999119408,68.38788544731955,1
0.21666666666666667,98.93307932140169,0.49269189134344626,78.13186616177163,1
0.23333333333333334,98.77354064540829,0.5387030133449523,88.457821400734,1
0.25,98.59949852402279,0.5887286493756575,99.36456173828493,1
0.26666666666666666,98.40971499191492,0.6432305596243212,110.84660315229196,1
0.2833333333333333,98.20282829350316,0.7026910214472571,122.89274950644193,1
0.3,97.97735018064704,0.7676152268091712,135.48467328836722,1
0.31666666666666665,97.73166348284974,0.8385319032821601,148.5955397123293,1
0.3333333333333333,97.46402101672918,0.9159919828857498,162.1886935108944,1
0.35,97.17254640784527,1.0005649883037868,176.21648367033976,1
0.36666666666666664,96.85523778066123,1.0928325675297395,190.6193076400715,1
0.38333333333333336,96.50997543885782,1.1933783851744204,205.32497681320157,1
0.4,96.13453490782001,1.3027733460364521,220.24851918969765,1
0.4166666666666667,95.72660699169126,1.4215549116863673,235.29254265632085,1
0.43333333333333335,95.28382677544049,1.5501991315182586,250.34827984571723,1
0.45,94.80381371358605,1.689084050233106,265.2974191226551,1
0.4666666666666667,94.28422498285721,1.8384435365826832,280.01479173655287,1
0.48333333333333334,93.72282397314409,1.998311521875437,294.371928853634,1
0.5,93.11756493681506,2.168458378335442,308.2414218484304,1
0.5166666666666667,92.46669318423021,2.348323863645433,321.50191599286495,1
0.5333333333333333,91.76885764859905,2.5369546067246387,334.0434483719717,1
0.55,91.02322920647238,2.732957917920049,345.77272073257944,1
0.5666666666666667,90.229614274255,2.9344865199027783,356.6178022047332,1
0.5833333333333334,89.38854983551519,3.1392688058702847,366.53171842335104,1
0.6,88.5013645621583,3.3446946802215427,375.49443470347046,1
0.6166666666666667,87.57019188541824,3.547957383346599,383.512903927676,1
0.6333333333333333,86.59792711940081,3.7462383728012334,390.61909658234185,1
0.65,85.58812774950107,3.9369097957627073,396.86624620470104,1
0.6666666666666666,84.5448665123043,4.117721817163521,402.32380612244805,1
0.6833333333333333,83.47255428979867,4.2869439615821205,407.07178814093385,1
0.7,82.375753909861,4.443440260964847,411.195176687526,1
0.7166666666666667,81.25900529346922,4.586673475821867,414.77899660037684,1
0.7333333333333333,80.12667731397565,4.716648407487196,417.9044094918629,1
0.75,78.9828561875957,4.833813798831037,420.6459832510887,1
0.7666666666666667,77.83127176712509,4.938945172153967,423.0700916227278,1
0.7833333333333333,76.67525924191813,5.033028016050789,425.23426856015976,1
0.8,75.51774988532753,5.117154824457066,427.1872855024863,1
0.8166666666666667,74.36128336868121,5.192443007010217,428.969715699513,1
0.8333333333333334,73.20803438284689,5.259975378766367,430.61478059024716,1
0.85,72.05984738729836,5.3207612984644115,432.1493192194794,1
0.8666666666666667,70.91827478502385,5.3757148747962695,433.5947693311952,1
0.8833333333333333,69.78461488170991,5.425645972445906,434.9680903153435,1
0.9,68.65994812715029,5.471260137486559,436.2825891423676,1
0.9166666666666666,67.54516974644089,5.513164186838477,437.54863460356626,1
0.9333333333333333,66.44101862603543,5.551874990259687,438.7742584675187,1
0.95,65.34810229093272,5.587829680115459,439.9656513024505,1
0.9666666666666667,64.26691817140748,5.621396118100935,441.1275648721842,1
0.9833333333333333,63.19787150472043,5.65288289802942,442.26363449537246,1
1.0,62.14129027947607,5.682548486596056,443.37663456007135,1
1.0166666666666666,61.097437638943894,5.710609322914379,444.4686792782119,1
1.0333333333333334,60.06652213707603,5.737246837766782,445.5413792495015,1
1.05,59.04870620229842,5.7626134371934805,446.5959627888133,1
1.0666666666666667,58.04411311917648,5.786837529212935,447.6333694175637,1
1.0833333333333333,57.05283279310341,5.81002776706864,448.6543216103716,1
1.1,56.074926518179545,5.832276468292742,449.65937948095825,1
1.1166666666666667,55.11043093622483,5.853662514030984,450.6489824375379,1
1.1333333333333333,54.159361334973795,5.87425369244967,451.6234806956021,1
1.15,53.22171441002824,5.894108619512101,452.5831590514192,1
1.1666666666666667,52.29747059050016,5.913278307617264,453.528254742683,1
1.1833333333333333,51.38659600915406,5.931807445214577,454.4589708098784,1
1.2,50.48904418218198,5.949735440500657,455.37548604548147,1
1.2166666666666666,49.604757451024824,5.96709727321165,456.27796236359336,1
1.2333333333333334,48.73366822839461,5.983924190683628,457.1665502254256,1
1.25,47.87570008241123,6.000244277730476,458.04139260403684,1
1.2666666666666666,47.03076868616787,6.016082924365058,458.90262785500926,1
1.2833333333333334,46.19878265476459,6.0314632108305375,459.75039177046403,1
1.3,45.37964428763925,6.046406225670595,460.58481902572873,1
1.3166666666666667,44.57325023066477,6.06093132952433,461.40604417620085,1
1.3333333333333333,43.77949206980099,6.075056374862739,462.214202322695,1
1.35,42.998256865946985,6.088797889890416,463.0094295338645,1
1.3666666666666667,42.229427638926495,6.102171233230382,463.7918630918778,1
1.3833333333333333,41.47288380716542,6.115190724719459,464.5616416106513,1
1.4,40.72850158851665,6.127869756605458,465.3189050632564,1
1.4166666666666667,39.996154366797185,6.140220888608743,466.06379474561385,1
1.4333333333333333,39.27571302788254,6.152255929643853,466.79645319646266,1
1.45,38.56704626861825,6.163986008466386,467.51702408828646,1
1.4666666666666666,37.87002088133062,6.1754216350819595,468.2256520999103,1
1.4833333333333334,37.18450201632717,6.186572754412724,468.92248277854526,1
1.5,36.51035342445424,6.197448793442451,469.60766239687035,1
1.5166666666666666,35.84743768151105,6.208058702839862,470.2813378091276,1
1.5333333333333334,35.19561639609637,6.218410993882939,470.9436563090194,1
1.55,34.55475040227601,6.22851377136323,471.594765491319,1
1.5666666666666667,33.92469993830155,6.23837476303322,472.2348131184696,1
1.5833333333333333,33.3053248124756,6.248001346065731,472.86394699297966,1
1.6,32.696484557144245,6.257400570918468,473.4823148360892,1
1.6166666666666667,32.09803857169858,6.26657918293309,474.090064172938,1
1.6333333333333333,31.50984625538126,6.275543641948385,474.6873422242979,1
1.65,30.931767130620027,6.284300140164421,475.2742958048123,1
1.6666666666666667,30.363660957544916,6.292854618459429,475.85107122760365,1
1.6833333333333333,29.805387840288546,6.301212781333129,476.4178142150537,1
1.7,29.25680832561854,6.309380110625986,476.9746698155318,1
1.7166666666666666,28.71778349440606,6.317361878142985,477.5217823258209,1
1.7333333333333334,28.188175046394463,6.325163157295039,478.05929521898383,1
1.75,27.667845378696317,6.332788833855909,478.5873510774096,1
1.7666666666666666,27.156657658414712,6.340243615920141,479.1060915307803,1
1.7833333333333334,26.654475889755787,6.34753204313873,479.61565719870504,1
1.8,26.161164975973154,6.35465849529815,480.1161876377761,1
1.8166666666666667,25.67659077646091,6.361627200303291,480.6078212928106,1
1.8333333333333333,25.200620159290224,6.36844224161613,481.09069545205034,1
1.85,24.73312104946482,6.375107565197097,481.56494620610334,1
1.8666666666666667,24.273962473152146,6.381626985992285,482.0307084104225,1
1.8833333333333333,23.8230145981307,6.388004194002821,482.48811565112226,1
1.9,23.3801487706785,6.394242759971546,482.93730021395186,1
1.9166666666666667,22.94523754911349,6.4003461407167,483.3783930562436,1
1.9333333333333333,22.518154734183824,6.4063176841411185,483.811523781673,1
1.95,22.098775396493696,6.412160633941269,484.2368206176702,1
1.9666666666666666,21.68697590113941,6.4178781340393,484.6544103953337,1
1.9833333333333334,21.282633929719825,6.423473232758607,485.0644185317036,1
2.0,20.885628499875786,6.428948886761628,485.4669690142599,1
2.0166666666666666,20.495839982504183,6.4343079647673305,485.8621843875187,1
2.033333333333333,20.113150116783782,6.439553251063774,486.2501857416056,1
2.05,19.737442023142307,6.444687448830364,486.63109270269103,1
2.066666666666667,19.368600214286964,6.449713183282443,487.00502342517996,1
2.0833333333333335,19.00651060441351,6.4546330046510985,487.3720945855531,1
2.1,18.651060516703033,6.45944939100844,487.73242137776145,1
2.1166666666666667,18.302138689209137,6.464164750949124,488.0861175100835,1
2.1333333333333333,17.95963527923288,6.468781426137122,488.4332952033551,1
2.15,17.623441866277542,6.473301693726566,488.774065190491,1
2.1666666666666665,17.293451453670084,6.47772776866498,489.1085367172187,1
2.183333333333333,16.969558468931798,6.482061805885434,489.4368175439491,1
2.2,16.651658762976,6.486305902395234,489.759013948714,1
2.216666666666667,16.339649608206543,6.490462099267362,490.07523073110315,1
2.2333333333333334,16.033429695587095,6.494532383539957,490.3855712171357,1
2.25,15.732899130747297,6.49851869003013,490.69013726500816,1
2.2666666666666666,15.437959429188467,6.502422903066303,490.9890292716572,1
2.283333333333333,15.148513510648312,6.506246858144372,491.2823461800879,1
2.3,14.864465692680835,6.509992343511798,491.57018548741075,1
2.316666666666667,14.58572168350479,6.5136611016839545,491.85264325354206,1
2.3333333333333335,14.312188574171195,6.517254830895736,492.12981411051834,1
2.35,14.043774830097773,6.520775186493132,492.4017912723822,1
2.3666666666666667,13.78039028201569,6.524223782267072,492.66866654559766,1
2.3833333333333333,13.521946116371605,6.527602191733048,492.9305303399535,1
2.4,13.268354865225719,6.5309119493593695,493.18747167991864,1
2.4166666666666665,13.0195303956845,6.534154551746725,493.43957821641317,1
2.433333333333333,12.77538789890458,6.537331458761334,493.6869362389597,1
2.45,12.535843878702547,6.5404440946244256,493.9296306881855,1
2.466666666666667,12.300816139803405,6.543493848959996,494.16774516864234,1
2.4833333333333334,12.070223775758816,6.546482077802919,494.40136196191634,1
2.5,11.843987156564566,6.549410104569542,494.63056203999975,1
2.5166666666666666,11.622027916005115,6.55227922099239,494.85542507889943,1
2.533333333333333,11.404268938751619,6.555090688020682,495.0760294724576,1
2.55,11.190634347238413,6.557845736688537,495.2924523463586,1
2.566666666666667,10.981049488341556,6.56054556895212,495.5047695723046,1
2.5833333333333335,10.775440919881799,6.563191358497132,495.71305578233523,1
2.6,10.573736396973079,6.565784251518503,495.9173843832732,1
2.6166666666666667,10.37586485823656,6.5683253674725,496.1178275712766,1
2.6333333333333333,10.18175641189903,6.570815799803951,496.31445634648117,1
2.65,9.991342321793534,6.573256616648053,496.5073405277145,1
2.6666666666666665,9.804554993278993,6.57564886150932,496.69654876726753,1
2.683333333333333,9.621327959094797,6.577993553917615,496.8821485657086,1
2.7,9.441595865165224,6.580291690062938,497.06420628672436,1
2.716666666666667,9.265294456367885,6.582544243409307,497.2427871719771,1
2.7333333333333334,9.092360562279463,6.58475216528897,497.41795535596333,1
2.75,8.922732082911272,6.586916385477685,497.58977388086396,1
2.7666666666666666,8.756347974446408,6.58903781275188,497.75830471137397,1
2.783333333333333,8.593148234989577,6.591117335428001,497.92360874950174,1
2.8,8.43307389034001,6.593155821885642,498.0857458493282,1
2.816666666666667,8.276066979797212,6.595154121073959,498.2447748317158,1
2.8333333333333335,8.122070542008741,6.597113063003131,498.40075349896165,1
2.85,7.97102860086856,6.599033459220506,498.5537386493825,1
2.8666666666666667,7.822886151474039,6.600916103272839,498.7037860918288,1
2.8833333333333333,7.67758914614908,6.602761771154304,498.8509506601163,1
2.9,7.535084480540413,6.604571221741678,498.9952862273728,1
2.9166666666666665,7.39531997979359,6.606345197216478,499.13684572029103,1
2.933333333333333,7.258244384814766,6.608084423474804,499.275681133284,1
2.95,7.123807338623958,6.609789610525388,499.411843542536,1
2.966666666666667,6.991959381872573,6.611461452876339,499.5453831094748,1
2.9833333333333334,6.862651911637328,6.613100629831993,499.67634912692375,1
3.0,6.735837196417912,6.614707806092477,499.8047899995106,1
3.0166666666666666,6.611468353253535,6.616283631885079,499.93075326868285,1
3.033333333333333,6.48949933460521,6.617828743366694,500.05428562622325,1
3.05,6.369884915355485,6.619343762966979,500.1754329275916,1
3.066666666666667,6.2525806799289585,6.620829299715618,500.2942402051315,1
3.0833333333333335,6.137543009536548,6.622285949559721,500.41075168114514,1
3.1,6.024729069546172,6.623714295672193,500.52501078083344,1
3.1166666666666667,5.914096796982263,6.62511490875179,500.63706014509836,1
3.1333333333333333,5.8056048881562745,6.626488347314989,500.74694164320874,1
3.15,5.6992127864301345,6.627835157979974,500.85469638532356,1
3.1666666666666665,5.5948806701143505,6.629155875743177,500.96036473487425,1
3.183333333333333,5.492569440502283,6.630451024248568,501.0639863208033,1
3.2,5.3922407100419445,6.631721116049479,501.1656000496578,1
3.216666666666667,5.293856790646399,6.632966652864055,501.2652441175388,1
3.2333333333333334,5.197380682143785,6.634188125823676,501.3629560219023,1
3.25,5.102776060867738,6.635386015715216,501.45877257321547,1
3.2666666666666666,5.010007268388837,6.6365607932167086,501.5527299064639,1
3.283333333333333,4.919039300387619,6.637712919127412,501.64486349251223,1
3.3,4.829837795669464,6.638842844591616,501.7352081493162,1
3.316666666666667,4.742369025321619,6.639951011316825,501.8237980529873,1
3.3333333333333335,4.6565998820124515,6.641037851786642,501.91066674870933,1
3.35,4.572497869432924,6.642103789467928,501.99584716150747,1
3.3666666666666667,4.490031091880146,6.643149239013161,502.07937160686924,1
3.3833333333333333,4.409168243982819,6.644174606457375,502.1612718012197,1
3.4,4.32987860056822,6.645180289410369,502.2415788722494,1
3.4166666666666665,4.252132006670325,6.64616667724425,502.32032336909606,1
3.433333333333333,4.175898867678582,6.647134151276142,502.39753527238116,1
3.45,4.101150139626734,6.64808308494643,502.47324400410275,1
3.466666666666667,4.0278573196210745,6.649013843992869,502.5474784373831,1
3.4833333333333334,3.955992436407382,6.649926786620114,502.6202669060734,1
3.5,3.885528041075772,6.650822263665444,502.6916372142182,1
3.5166666666666666,3.816437197902607,6.651700618760165,502.7616166453759,1
3.533333333333333,3.7486934753285572,6.652562188487515,502.8302319718014,1
3.55,3.682270937071878,6.653407302536255,502.8975094634892,1
3.566666666666667,3.6171441333758683,6.654236283851132,502.9634748970773,1
3.5833333333333335,3.5532880923894927,6.655049448779171,503.0281535646157,1
3.6,3.490678311680047,6.655847107213136,503.0915702821993,1
3.6166666666666667,3.4292907498767624,6.656629562731071,503.1537493984654,1
3.6333333333333333,3.3691018184441646,6.6573971127327365,503.21471480295855,1
3.65,3.310088373584002,6.658150048572823,503.2744899343643,1
3.6666666666666665,3.252227708264515,6.658888655691052,503.3330977886113,1
3.683333333333333,3.1954975443757854,6.659613213739258,503.39056092684507,1
3.7,3.1398760250098974,6.660323996705351,503.44690148327334,1
3.716666666666667,3.0853417068646114,6.661021273034672,503.5021411728853,1
3.7333333333333334,3.031873552769213,6.661705305748059,503.5563012990458,1
3.75,2.9794509243312333,6.6623763525579305,503.6094027609659,1
3.7666666666666666,2.928053574702651,6.663034665980796,503.6614660610511,1
3.783333333333333,2.8776616414642437,6.663680493447982,503.7125113121287,1
3.8,2.8282556396266867,6.664314077413273,503.76255824455643,1
3.816666666666667,2.779816454747028,6.664935655458363,503.8116262132122,1
3.8333333333333335,2.7323253361591338,6.665545460395786,503.85973420436846,1
3.85,2.68576389031671,6.666143720369523,503.9069008424509,1
3.8666666666666667,2.6401140742474856,6.666730658953465,503.95314439668425,1
3.8833333333333333,2.5953581891171527,6.6673064952473595,503.99848278762516,1
3.9,2.551478873901646,6.667871443970886,504.04293359358564,1
3.9166666666666665,2.5084590991663456,6.66842571555544,504.0865140569467,1
3.933333333333333,2.4662821609507914,6.6689695162337985,504.1292410903645,1
3.95,2.4249316747574943,6.669503048128098,504.1711312828706,1
3.966666666666667,2.384391569643426,6.670026509335452,504.2122009058675,1
3.9833333333333334,2.34464608241279,6.670540094011821,504.2524659190205,1
4.0,2.305679751909653,6.671043992454122,504.2919419760484,1
4.016666666666667,2.2674774134090505,6.671538391180314,504.33064443041366,1
4.033333333333333,2.230024193105163,6.672023473007959,504.36858834091356,1
4.05,2.193305502695176,6.67249941713063,504.40578847717376,1
4.066666666666666,2.1573070340574416,6.67296639919327,504.44225932504696,1
4.083333333333333,2.1220147540225667,6.673424591365093,504.4780150919146,1
4.1,2.0874148992360655,6.673874162411708,504.5130697118988,1
4.116666666666666,2.053493971111216,6.674315277765001,504.54743685097867,1
4.133333333333334,2.020238730870771,6.674748099591846,504.58112991201943,1
4.15,1.9876361946761907,6.6751727868612045,504.61416203971055,1
4.166666666666667,1.955673628843062,6.675589495409808,504.6465461254166,1
4.183333333333334,1.9243385451413986,6.675998378006293,504.6782948119428,1
4.2,1.893618696179504,6.676399584414114,504.70942049821434,1
4.216666666666667,1.86350207087011,6.676793261453047,504.73993534387216,1
4.233333333333333,1.8339768899775075,6.677179553059118,504.769851273787,1
4.25,1.8050316017443968,6.677558600343754,504.79917998249266,1
4.266666666666667,1.7766548775972035,6.677930541651038,504.82793293853814,1
4.283333333333333,1.748835607928611,6.678295512614323,504.8561213887626,1
4.3,1.721562897956074,6.6786536462110675,504.88375636249236,1
4.316666666666666,1.694826063655106,6.6790050728170085,504.9108486756628,1
4.333333333333333,1.6686146277661182,6.679349920258882,504.9374089348646,1
4.35,1.6429183158736294,6.679688313865996,504.9634475413164,1
4.366666666666666,1.6177270525566605,6.680020376520887,504.9889746947667,1
4.383333333333334,1.593030957609153,6.680346228708719,505.0140003973224,1
4.4,1.568820342329255,6.680665988565752,505.03853445720915,1
4.416666666666667,1.545085705876338,6.680979771926804,505.06258649246263,1
4.433333333333334,1.5218177316946246,6.681287692371502,505.08616593455093,1
4.45,1.499007284002308,6.681589861269723,505.1092820319323,1
4.466666666666667,1.4766454043450778,6.681886387826173,505.131943853546,1
4.483333333333333,1.4547233082129598,6.682177379123818,505.15416029224014,1
4.5,1.433232381719409,6.682462940166358,505.17594006813505,1
4.516666666666667,1.4121641783415995,6.682743173920244,505.1972917319259,1
4.533333333333333,1.39151041572087,6.683018181355056,505.21822366812273,1
4.55,1.3712629725222993,6.683288061483956,505.2387440982324,1
4.566666666666666,1.351413885352403,6.683552911402414,505.25886108387954,1
4.583333333333333,1.3319553457339488,6.683812826326709,505.2785825298709,1
4.6,1.3128796971369112,6.6840678996315095,505.29791618720276,1
4.616666666666666,1.2941794320645894,6.68431822288644,505.3168696560113,1
4.633333333333334,1.27584718919394,6.684563885892198,505.3354503884689,1
4.65,1.2578757505691753,6.684804976715578,505.35366569162665,1
4.666666666666667,1.240258038847701,6.685041581724145,505.37152273020257,1
4.683333333333334,1.2229871145974773,6.685273785619922,505.389028529319,1
4.7,1.2060561736449071,6.685501671472502,505.4061899771882,1
4.716666666666667,1.189458544472349,6.685725320751242,505.4230138277471,1
4.733333333333333,1.1731876856644,6.685944813357377,505.43950670324375,1
4.75,1.1572371834020665,6.686160227654657,505.4556750967738,1
4.766666666666667,1.1416007490039914,6.686371640500047,505.47152537477103,1
4.783333333333333,1.126272216513888,6.686579127273389,505.4870637794494,1
4.8,1.11124554033337,6.686782761906592,505.5022964311998,1
4.816666666666666,1.0965147928993577,6.68698261691232,505.51722933094226,1
4.833333333333333,1.0820741624052712,6.687178763411912,505.5318683624318,1
4.85,1.06791795056522,6.687371271162697,505.5462192945234,1
4.866666666666666,1.05404057042042,6.687560208585066,505.5602877833916,1
4.883333333333334,1.0404365441870769,6.687745642788643,505.5740793747101,1
4.9,1.0271005011449887,6.687927639598128,505.587599505789,1
4.916666666666667,1.014027175566131,6.688106263578507,505.6008535076713,1
4.933333333333334,1.0012114046825016,6.688281578059697,505.6138466071907,1
4.95,0.9886481266925117,6.688453645161036,505.6265839289894,1
4.966666666666667,0.9763323788052248,6.688622525814759,505.6390704974983,1
4.983333333333333,0.9642592953217517,6.688788279789335,505.6513112388782,1
5.0,0.9524241057531281,6.68895096571234,505.66331098292625,1
5.016666666666667,0.940822132974003,6.689110641092656,505.67507446494386,1
5.033333333333333,0.9294487914114876,6.689267362342416,505.68660632757025,1
5.05,0.9182995852685184,6.68942118479838,505.6979111225811,1
5.066666666666666,0.9073701067810991,6.689572162742964,505.7089933126522,1
5.083333333333333,0.8966560345088022,6.689720349424867,505.7198572730899,1
5.1,0.8861531316579152,6.689865797079072,505.7305072935282,1
5.116666666666666,0.8758572444366302,6.690008556946736,505.74094757959375,1
5.133333333333334,0.865764300441685,6.6901486792944596,505.7511822545387,1
5.15,0.8558703070758752,6.690286213433289,505.7612153608424,1
5.166666666666667,0.8461713499958641,6.690421207737335,505.77105086178256,1
5.183333333333334,0.8366635915897295,6.690553709661939,505.7806926429755,1
5.2,0.8273432694836947,6.690683765761396,505.79014451388883,1
5.216666666666667,0.8182066950775033,6.690811421706725,505.7994102093216,1
5.233333333333333,0.8092502521079001,6.690936722302553,505.80849339086063,1
5.25,0.8004703952397003,6.6910597115039705,505.81739764830445,1
5.266666666666667,0.7918636486839258,6.69118043243307,505.82612650106296,1
5.283333333333333,0.7834266048425088,6.691298927395004,505.8346833995285,1
5.3,0.7751559229790624,6.691415237893835,505.8430717264214,1
5.316666666666666,0.7670483279152306,6.691529404647896,505.8512947981091,1
5.333333333333333,0.7591006087521387,6.691641467605231,505.85935586590034,1
5.35,0.7513096176164742,6.691751465958247,505.8672581173135,1
5.366666666666666,0.7436722684307326,6.6918594381583185,505.87500467732195,1
5.383333333333334,0.7361855357071785,6.691965421930238,505.88259860957385,1
5.4,0.7288464533650683,6.692069454286151,505.89004291758977,1
5.416666666666667,0.7216521135707052,6.692171571539165,505.89734054593583,1
5.433333333333334,0.7145996655998893,6.692271809317012,505.9044943813755,1
5.45,0.7076863147223416,6.692370202575103,505.9115072539977,1
5.466666666666667,0.7009093211076886,6.692466785609605,505.91838193832496,1
5.483333333333333,0.6942659987525986,6.692561592069879,505.9251211543986,1
5.5,0.687753714428669,6.6926546549712,505.931727568843,1
5.516666666666667,0.6813698866506707,6.692746006706718,505.93820379591045,1
5.533333333333333,0.6751119846647673,6.692835679059526,505.9445523985045,1
5.55,0.6689775274563255,6.692923703214252,505.9507758891841,1
5.566666666666666,0.6629640827769482,6.693010109768662,505.95687673114855,1
5.583333333333333,0.657069266190362,6.69309492874492,505.96285733920234,1
5.6,0.6512907401368039,6.693178189600477,505.96872008070227,1
5.616666666666666,0.6456262130155525,6.693259921238932,505.9744672764861,1
5.633333333333334,0.6400734382852583,6.6933401520207285,505.98010120178225,1
5.65,0.6346302135817361,6.693418909773443,505.9856240871035,1
5.666666666666667,0.6292943798528826,6.693496205762164,505.9910381030817,1
5.683333333333334,0.6240638205179772,6.693572095025312,505.99634542163153,1
5.7,0.6189364606162756,6.693646593930662,506.0015481343957,1
5.716666666666667,0.6139102660063925,6.693719726722448,506.0066483000597,1
5.733333333333333,0.6089832425642776,6.693791518327373,506.0116479379669,1
5.75,0.6041534353985204,6.693861993438645,506.016549027988,1
5.766666666666667,0.5994189280812292,6.693931176358222,506.02135351113367,1
5.783333333333333,0.5947778418939577,6.693999090962006,506.0260632902731,1
5.8,0.5902283350883367,6.694065760692744,506.03068023086774,1
5.816666666666666,0.5857686021611125,6.694131208562045,506.03520616169715,1
5.833333333333333,0.5813968731433091,6.694195457155368,506.0396428755758,1
5.85,0.5771114129032406,6.694258528638422,506.0439921300564,1
5.866666666666666,0.572910520463104,6.694320444764151,506.0482556481197,1
5.883333333333334,0.5687925283288945,6.694381226880025,506.0524351188531,1
5.9,0.5647558018333824,6.694440895935339,506.05653219811387,1
5.916666666666667,0.560798738491903,6.694499472488443,506.0605485091815,1
5.933333333333334,0.5569197673707109,6.694556976714155,506.064485643397,1
5.95,0.5531173484676568,6.694613428410798,506.06834516078834,1
5.966666666666667,0.5493899721049503,6.694668847007184,506.0721285906856,1
5.983333333333333,0.5457361583337733,6.694723251569841,506.0758374323235,1
6.0,0.542154456350519,6.694776660809378,506.07947315543134,1
6.016666666666667,0.5386434439244273,6.694829093087638,506.08303720081307,1
6.033333333333333,0.5352017268364007,6.69488056642401,506.0865309809142,1
6.05,0.531827938328782,6.694931098502058,506.0899558803793,1
6.066666666666666,0.5285207385658842,6.694980706675645,506.0933132565977,1
6.083333333333333,0.525278814105062,6.695029407975341,506.09660444023797,1
6.1,0.522100877378123,6.6950772191144585,506.09983073577416,1
6.116666666666666,0.5189856661828782,6.695124156494988,506.1029934219988,1
6.133333333333334,0.5159319431846345,6.695170236213631,506.10609375252824,1
6.15,0.5129384954274377,6.695215474067373,506.1091329562971,1
6.166666666666667,0.5100041338548773,6.695259885559241,506.112112238043,1
6.183333333333334,0.5071276928402654,6.695303485903832,506.1150327787819,1
6.2,0.5043080297260123,6.695346290032748,506.11789573627476,1
6.216666666666667,0.5015440243720155,6.695388312599891,506.12070224548376,1
6.233333333333333,0.49883457871289105,6.695429567986751,506.1234534190211,1
6.25,0.49617861632387333,6.695470070307593,506.126150347588,1
6.266666666666667,0.4935750819952165,6.695509833414282,506.1287941004051,1
6.283333333333333,0.49102294131493096,6.69554887090142,506.1313857256354,1
6.3,0.4885211802596943,6.695587196111167,506.13392625079746,1
6.316666666666666,0.48606880479377723,6.695624822137854,506.13641668317155,1
6.333333333333333,0.48366484047582814,6.695661761832782,506.1388580101982,1
6.35,0.4813083320733647,6.695698027808821,506.1412511998675,1
6.366666666666666,0.47899834318482165,6.695733632444664,506.1435972011018,1
6.383333333333334,0.47673395586900813,6.695768587889463,506.14589694413104,1
6.4,0.4745142702818296,6.695802906067087,506.1481513408601,1
6.416666666666667,0.47233840432013424,6.6958365986802555,506.15036128522917,1
6.433333333333334,0.47020549327254424,6.695869677214824,506.15252765356735,1
6.45,0.4681146894771359,6.69590215294367,506.15465130493874,1
6.466666666666667,0.4660651619858349,6.695934036931003,506.1567330814829,1
6.483333333333333,0.46405609623539684,6.695965340035954,506.15877380874673,1
6.5,0.46208669372484373,6.6959960729164605,506.16077429601137,1
6.516666666666667,0.46015617169923073,6.696026246033327,506.16273533661274,1
6.533333333333333,0.45826376283961945,6.696055869653582,506.1646577082546,1
6.55,0.45640871495913804,6.696084953854233,506.1665421733166,1
6.566666666666666,0.4545902907050073,6.69611350852589,506.16838947915534,1
6.583333333333333,0.4528077672664174,6.696141543376242,506.17020035840096,1
6.6,0.4510604360881419,6.69616906793335,506.1719755292462,1
6.616666666666666,0.44934760258977474,6.696196091549075,506.17371569573044,1
6.633333333333334,0.447668585890483,6.69622262340253,506.17542154801885,1
6.65,0.44602271853916503,6.6962486725030095,506.1770937626755,1
6.666666666666667,0.444409346249911,6.6962742476934,506.17873300293036,1
6.683333333333334,0.44282782764265977,6.696299357653295,506.1803399189428,1
6.7,0.4412775339889524,6.696324010901815,506.1819151480581,1
6.716666666666667,0.43975784896268166,6.696348215800939,506.18345931506025,1
6.733333333333333,0.43826816839574,6.696371980558068,506.18497303241884,1
6.75,0.43680790003847053,6.6963953132292104,506.186456900532,1
6.766666666666667,0.435376463324826,6.6964182217216885,506.1879115079639,1
6.783333333333333,0.43397328914214545,6.696440713796919,506.1893374316776,1
6.8,0.4325978196054564,6.696462797073091,506.1907352372634,1
6.816666666666666,0.43124950783621524,6.696484479027968,506.19210547916373,1
6.833333333333333,0.4299278177453978,6.696505767001307,506.1934487008911,1
6.85,0.4286322238208561,6.696526668197667,506.19476543524524,1
6.866666666666666,0.42736221091885696,6.696547189688688,506.19605620452234,1
6.883333333333334,0.426117274059721,6.696567338415726,506.19732152072316,1
6.9,0.42489691822748066,6.696587121192304,506.1985618857554,1
6.916666666666667,0.4237006581734808,6.696606544706278,506.1997777916321,1
6.933333333333334,0.42252801822384156,6.696625615522492,506.20096972066733,1
6.95,0.4213785320907106,6.696644340084718,506.2021381456665,1
6.966666666666667,0.4202517426872282,6.696662724718251,506.20328353011445,1
6.983333333333333,0.4191472019461345,6.696680775631819,506.2044063283583,1
7.0,0.41806447064194546,6.696698498919943,506.20550698578757,1
7.016666666666667,0.4170031182166289,6.696715900564958,506.2065859390117,1
7.033333333333333,0.41596272260871164,6.696732986439182,506.20764361603153,1
7.05,0.4149428700857502,6.696749762306904,506.20868043640996,1
7.066666666666666,0.41394315508009943,6.6967662338263665,506.2096968114377,1
7.083333333333333,0.4129631800279137,6.69678240655177,506.21069314429633,1
7.1,0.41200255521131873,6.696798285935221,506.21166983021857,1
7.116666666666666,0.4110608986036894,6.696813877328592,506.2126272566443,1
7.133333333333334,0.4101378357179752,6.696829185985426,506.2135658033741,1
7.15,0.4092329994580112,6.6968442170626705,506.2144858427202,1
7.166666666666667,0.40834602997275843,6.696858975622613,506.2153877396539,1
7.183333333333334,0.40747657451341257,6.696873466634506,506.2162718519505,1
7.2,0.4066242872933294,6.696887694976305,506.21713853033026,1
7.216666666666667,0.40578882935070654,6.696901665436504,506.2179881185983,1
7.233333333333333,0.4049698684139717,6.696915382715507,506.21882095378066,1
7.25,0.40416707876982144,6.696928851427641,506.21963736625764,1
7.266666666666667,0.40338014113385956,6.696942076102417,506.2204376798951,1
7.283333333333333,0.4026087425237842,6.696955061186266,506.2212222121728,1
7.3,0.40185257613507286,6.696967811044027,506.2219912743102,1
7.316666666666666,0.4011113412191166,6.696980329960499,506.22274517138953,1
7.333333333333333,0.4003847429637555,6.696992622141832,506.22348420247755,1
7.35,0.3996724923761678,6.6970046917171615,506.22420866074333,1
7.366666666666666,0.3989743061680668,6.697016542739782,506.22491883357503,1
7.383333333333334,0.39828990664315983,6.697028179188747,506.22561500269336,1
7.4,0.3976190215868249,6.697039604970219,506.2262974442643,1
7.416666666666667,0.39696138415796167,6.697050823918686,506.2269664290069,1
7.433333333333334,0.3963167327829739,6.697061839798447,506.22762222230256,1
7.45,0.39568481105184083,6.697072656304814,506.2282650842984,1
7.466666666666667,0.39506536761623784,6.697083277065429,506.22889527001246,1
7.483333333333333,0.39445815608966417,6.697093705641431,506.22951302943295,1
7.5,0.3938629349495398,6.69710394552885,506.2301186076186,1
7.516666666666667,0.39327946744123254,6.697114000159589,506.2307122447953,1
7.533333333333333,0.392707521483976,6.697123872902843,506.2312941764515,1
7.55,0.3921468695786431,6.697133567066066,506.2318646334316,1
7.566666666666666,0.3915972887173377,6.6971430858962115,506.2324238420278,1
7.583333333333333,0.39105856029476765,6.697152432580835,506.23297202406945,1
7.6,0.3905304700213667,6.6971616102491325,506.23350939701106,1
7.616666666666666,0.3900128078381282,6.697170621973087,506.23403617401885,1
7.633333333333334,0.38950536783311807,6.697179470768481,506.23455256405504,1
7.65,0.3890079481596349,6.69718815959595,506.23505877196095,1
7.666666666666667,0.3885203509559823,6.697196691362043,506.235554998538,1
7.683333333333334,0.38804238226682464,6.697205068920134,506.2360414406276,1
7.7,0.38757385196609295,6.697213295071402,506.2365182911891,1
7.716666666666667,0.3871145736814111,6.697221372565882,506.23698573937656,1
7.733333333333333,0.3866643647200125,6.697229304103386,506.2374439706132,1
7.75,0.38622304599611784,6.697237092334292,506.2378931666658,1
7.766666666666667,0.38579044195974516,6.697244739860666,506.2383335057159,1
7.783333333333333,0.3853663805269239,6.697252249237004,506.2387651624314,1
7.8,0.38495069301128504,6.697259622971097,506.2391883080353,1
7.816666666666666,0.38454321405700104,6.697266863525019,506.2396031103734,1
7.833333333333333,0.3841437815730481,6.697273973315909,506.2400097339819,1
7.85,0.3837522366687656,6.697280954716693,506.24040834015113,1
7.866666666666666,0.383368423590686,6.6972878100569835,506.24079908699116,1
7.883333333333334,0.38299218966061105,6.697294541623935,506.24118212949344,1
7.9,0.38262338521490974,6.69730115166296,506.24155761959264,1
7.916666666666667,0.3822618635450136,6.697307642378476,506.24192570622716,1
7.933333333333334,0.38190748083908577,6.697314015934715,506.24228653539774,1
7.95,0.3815600961248407,6.697320274456336,506.2426402502257,1
7.966666666666667,0.38121957121349237,6.697326420029395,506.2429869910097,1
7.983333333333333,0.38088577064480805,6.697332454701808,506.2433268952813,1
8.0,0.38055856163324553,6.697338380484151,506.24366009785973,1
8.016666666666667,0.3802378140151545,6.697344199350356,506.2439867309051,1
8.033333333333333,0.3799234001970181,6.697349913238473,506.2443069239713,1
8.05,0.3796151951047166,6.697355524051027,506.2446208040564,1
8.066666666666666,0.37931307613379184,6.697361033655979,506.2449284956546,1
8.083333333333334,0.379016923100693,6.697366443887339,506.24523012080437,1
8.1,0.37872661819498465,6.697371756545495,506.24552579913706,1
8.116666666666667,0.3784420459324973,6.697376973398233,506.24581564792504,1
8.133333333333333,0.37816309310940316,6.697382096181051,506.2460997821272,1
8.15,0.3778896487571971,6.697387126597816,506.2463783144356,1
8.166666666666666,0.37762160409856715,6.697392066321419,506.24665135531956,1
8.183333333333334,0.37735885250413487,6.69739691699424,506.2469190130696,1
8.2,0.3771012894500499,6.697401680228831,506.2471813938407,1
8.216666666666667,0.3768488124764211,6.697406357608275,506.24743860169383,1
8.233333333333333,0.37660132114656836,6.697410950686939,506.24769073863797,1
8.25,0.376358717007078,6.697415460990885,506.2479379046698,1
8.266666666666667,0.37612090354864747,6.697419890018356,506.24818019781424,1
8.283333333333333,0.37588778616770147,6.697424239240376,506.2484177141627,1
8.3,0.37565927212876665,6.69742851010117,506.2486505479113,1
8.316666666666666,0.3754352705275887,6.697432704018776,506.2488787913989,1
8.333333333333334,0.375215692254977,6.697436822385334,506.2491025351424,1
8.35,0.37500044996136317,6.697440866567684,506.24932186787385,1
8.366666666666667,0.374789458022059,6.697444837907902,506.2495368765756,1
8.383333333333333,0.37458263250320034,6.697448737723534,506.24974764651387,1
8.4,0.37437989112836284,6.697452567308231,506.24995426127384,1
8.416666666666666,0.3741811532458367,6.6974563279322,506.2501568027917,1
8.433333333333334,0.3739863397965475,6.697460020842446,506.25035535138807,1
8.45,0.3737953732826104,6.697463647263372,506.250549985799,1
8.466666666666667,0.37360817773650434,6.69746720839708,506.25074078320796,1
8.483333333333333,0.37342467869085544,6.697470705423908,506.2509278192764,1
8.5,0.37324480314881664,6.697474139502655,506.2511111681729,1
8.516666666666667,0.37306847955503186,6.697477511771129,506.25129090260367,1
8.533333333333333,0.37289563776717316,6.697480823346476,506.25146709384114,1
8.55,0.37272620902804054,6.697484075325545,506.25163981175194,1
8.566666666666666,0.37256012593821153,6.697487268785226,506.2518091248245,1
8.583333333333334,0.3723973224292314,6.697490404782912,506.2519751001967,1
8.6,0.37223773373733204,6.697493484356773,506.25213780368273,1
8.616666666666667,0.37208129637767035,6.697496508526134,506.2522972997983,1
8.633333333333333,0.3719279481190743,6.697499478291775,506.2524536517865,1
8.65,0.37177762795928865,6.697502394636358,506.25260692164375,1
8.666666666666666,0.371630276100708,6.697505258524777,506.25275717014364,1
8.683333333333334,0.3714858339265902,6.697508070904209,506.2529044568609,1
8.7,0.3713442439777384,6.697510832704911,506.2530488401955,1
8.716666666666667,0.3712054499296442,6.697513544840052,506.2531903773956,1
8.733333333333333,0.37106939657008137,6.697516208206353,506.25332912458043,1
8.75,0.3709360297771423,6.697518823684213,506.2534651367625,1
8.766666666666667,0.37080529649770794,6.697521392138073,506.2535984678691,1
8.783333333333333,0.3706771447263431,6.6975239144166965,506.2537291707643,1
8.8,0.37055152348460796,6.69752639135348,506.25385729726924,1
8.816666666666666,0.3704283828007783,6.697528823766659,506.2539828981834,1
8.833333333333334,0.37030767368996576,6.697531212459748,506.25410602330436,1
8.85,0.37018934813463145,6.697533558221574,506.2542267214475,1
8.866666666666667,0.3700733590654834,6.697535861826707,506.25434504046564,1
8.883333333333333,0.3699596603427516,6.697538124035648,506.25446102726755,1
8.9,0.3698482067378325,6.6975403455951845,506.2545747278373,1
8.916666666666666,0.36973895391529615,6.697542527238539,506.2546861872519,1
8.933333333333334,0.36963185841524865,6.697544669685652,506.25479544969954,1
8.95,0.3695268776360426,6.697546773643357,506.2549025584967,1
8.966666666666667,0.3694239698173288,6.697548839805813,506.25500755610574,1
8.983333333333333,0.3693230940234431,6.697550868854499,506.2551104841516,1
9.0,0.36922421012712076,6.697552861458622,506.25521138343856,1
9.016666666666667,0.3691272787935331,6.697554818275155,506.25531029396575,1
9.033333333333333,0.3690322614646379,6.697556739949328,506.2554072549441,1
9.05,0.3689391203438407,6.6975586271145575,506.25550230481053,1
9.066666666666666,0.3688478183809573,6.697560480392941,506.25559548124465,1
9.083333333333334,0.3687583192574743,6.697562300395101,506.25568682118274,1
9.1,0.36867058737210007,6.6975640877207985,506.2557763608322,1
9.116666666666667,0.36858458782660114,6.697565842958859,506.25586413568726,1
9.133333333333333,0.3685002864119185,6.697567566687492,506.2559501805416,1
9.15,0.36841764959455797,6.697569259474351,506.2560345295031,1
9.166666666666666,0.3683366445032487,6.697570921876909,506.2561172160066,1
9.183333333333334,0.3682572389158663,6.697572554442517,506.256198272828,1
9.2,0.36817940124661297,6.697574157708638,506.2562777320967,1
9.216666666666667,0.3681031005334517,6.697575732202985,506.25635562530834,1
9.233333333333333,0.3680283064257877,6.69757727844384,506.256431983338,1
9.25,0.3679549891723942,6.6975787969399025,506.2565068364513,1
9.266666666666667,0.3678831196095755,6.697580288190837,506.2565802143173,1
9.283333333333333,0.3678126691495648,6.697581752687224,506.2566521460199,1
9.3,0.36774360976915027,6.697583190910741,506.2567226600695,1
9.316666666666666,0.3676759139985264,6.697584603334458,506.25679178441453,1
9.333333333333334,0.3676095549103648,6.697585990422775,506.25685954645184,1
9.35,0.36754450610910167,6.697587352631762,506.2569259730384,1
9.366666666666667,0.3674807417204359,6.697588690409255,506.25699109050146,1
9.383333333333333,0.36741823638103543,6.697590004194918,506.257054924649,1
9.4,0.36735696522844635,6.697591294420541,506.2571175007805,1
9.416666666666666,0.3672969038912012,6.697592561510137,506.2571788436958,1
9.433333333333334,0.3672380284791225,6.697593805880017,506.2572389777064,1
9.45,0.3671803155738191,6.697595027938904,506.25729792664396,1
9.466666666666667,0.3671237422193678,6.697596228088247,506.25735571387065,1
9.483333333333333,0.36706828591318136,6.69759740672221,506.2574123622876,1
9.5,0.36701392459705534,6.697598564227794,506.2574678943445,1
9.516666666666667,0.3669606366483921,6.697599700985073,506.2575223320483,1
9.533333333333333,0.3669084008715986,6.6976008173672135,506.25757569697214,1
9.55,0.36685719648965326,6.697601913740639,506.25762801026366,1
9.566666666666666,0.36680700313584025,6.69760299046522,506.2576792926533,1
9.583333333333334,0.36675780084564613,6.697604047894259,506.25772956446326,1
9.6,0.36670957004881716,6.697605086374733,506.2577788456146,1
9.616666666666667,0.36666229156157315,6.697606106247348,506.2578271556356,1
9.633333333333333,0.3666159465789752,6.697607107846574,506.25787451366966,1
9.65,0.36657051666744417,6.69760809150094,506.2579209384825,1
9.666666666666666,0.36652598375742657,6.697609057533042,506.2579664484702,1
9.683333333333334,0.36648233013620574,6.697610006259668,506.25801106166546,1
9.7,0.36643953844085514,6.6976109379917395,506.25805479574626,1
9.716666666666667,0.3663975916513298,6.6976118530347994,506.25809766804133,1
9.733333333333333,0.36635647308369534,6.697612751688676,506.2581396955378,1
9.75,0.36631616638349007,6.69761363424795,506.25818089488814,1
9.766666666666667,0.3662766555192185,6.69761450100177,506.2582212824164,1
9.783333333333333,0.36623792477597295,6.697615352234143,506.25826087412463,1
9.8,0.3661999587491815,6.697616188223918,506.25829968569946,1
9.816666666666666,0.3661627423384795,6.697617009244924,506.2583377325184,1
9.833333333333334,0.36612626074170135,6.697617815566037,506.2583750296553,1
9.85,0.36609049944899197,6.697618607451258,506.25841159188735,1
9.866666666666667,0.3660554442370338,6.697619385159952,506.25844743369976,1
9.883333333333333,0.36602108116338805,6.697620148946678,506.2584825692927,1
9.9,0.36598739656094775,6.697620899061465,506.25851701258637,1
9.916666666666666,0.3659543770325005,6.697621635749807,506.25855077722593,1
9.933333333333334,0.36592200944539793,6.697622359252836,506.258583876588,1
9.95,0.3658902809263316,6.697623069807273,506.2586163237854,1
9.966666666666667,0.3658591788562107,6.697623767645545,506.25864813167243,1
9.983333333333333,0.3658286908651422,6.69762445299603,506.2586793128497,1
10.0,0.36579880482750887,6.697625126082791,506.2587098796697,1
10.016666666666667,0.3657695088571457,6.697625787126058,506.25873984424095,1
10.033333333333333,0.36574079130261095,6.697626436341937,506.25876921843394,1
10.05,0.36571264074255033,6.697627073942755,506.25879801388453,1
10.066666666666666,0.3656850459811535,6.697627700136916,506.2588262419994,1
10.083333333333334,0.36565799604369964,6.697628315129134,506.2588539139602,1
10.1,0.3656314801721914,6.697628919120474,506.25888104072857,1
10.116666666666667,0.36560548782107466,6.6976295123082545,506.25890763304926,1
10.133333333333333,0.36558000865304335,6.69763009488633,506.25893370145604,1
10.15,0.36555503253492666,6.69763066704504,506.2589592562742,1
10.166666666666666,0.3655305495336578,6.69763122897133,506.2589843076262,1
10.183333333333334,0.3655065499123221,6.697631780848722,506.2590088654343,1
10.2,0.3654830241262832,6.697632322857537,506.2590329394259,1
10.216666666666667,0.3654599628193861,6.697632855174671,506.2590565391357,1
10.233333333333333,0.3654373568202345,6.697633377974022,506.2590796739113,1
10.25,0.3654151971385426,6.6976338914262445,506.25910235291525,1
10.266666666666667,0.36539347496155816,6.697634395699019,506.2591245851301,1
10.283333333333333,0.36537218165055635,6.697634890956868,506.2591463793611,1
10.3,0.36535130873740324,6.697635377361469,506.25916774423973,1
10.316666666666666,0.3653308479211868,6.697635855071538,506.25918868822737,1
10.333333333333334,0.3653107910649142,6.697636324243016,506.259209219619,1
10.35,0.36529113019227516,6.697636785028914,506.25922934654534,1
10.366666666666667,0.3652718574844683,6.697637237579601,506.2592490769776,1
10.383333333333333,0.36525296527709084,6.69763768204268,506.2592684187293,1
10.4,0.36523444605708955,6.697638118563037,506.25928737946015,1
10.416666666666666,0.36521629245977144,6.697638547283088,506.25930596667877,1
10.433333333333334,0.36519849726587417,6.697638968342646,506.259324187746,1
10.45,0.36518105339869394,6.697639381878991,506.2593420498771,1
10.466666666666667,0.3651639539212703,6.697639788026948,506.2593595601456,1
10.483333333333333,0.3651471920336264,6.6976401869188305,506.25937672548525,1
10.5,0.36513076107006365,6.697640578684673,506.2593935526933,1
10.516666666666667,0.3651146544965101,6.697640963452185,506.2594100484331,1
10.533333333333333,0.36509886590792096,6.697641341346726,506.2594262192364,1
10.55,0.3650833890257305,6.697641712491419,506.2594420715062,1
10.566666666666666,0.3650682176953545,6.697642077007177,506.25945761151945,1
10.583333333333334,0.3650533458837418,6.697642435012687,506.2594728454294,1
10.6,0.36503876767697385,6.697642786624626,506.25948777926766,1
10.616666666666667,0.3650244772779125,6.697643131957477,506.25950241894736,1
10.633333333333333,0.36501046900389367,6.6976434711236905,506.25951677026507,1
10.65,0.3649967372844665,6.69764380423371,506.2595308389025,1
10.666666666666666,0.3649832766591777,6.697644131395925,506.2595446304301,1
10.683333333333334,0.36497008177539914,6.697644452716878,506.2595581503081,1
10.7,0.3649571473861982,6.6976447683011715,506.2595714038892,1
10.716666666666667,0.36494446834825095,6.697645078251474,506.25958439642073,1
10.733333333333333,0.3649320396197959,6.69764538266868,506.25959713304655,1
10.75,0.3649198562586283,6.697645681651857,506.2596096188088,1
10.766666666666667,0.3649079134201341,6.697645975298188,506.25962185865035,1
10.783333333333333,0.3648962063553628,6.6976462637032785,506.2596338574172,1
10.8,0.364884730409138,6.697646546960923,506.25964561985927,1
10.816666666666666,0.3648734810182062,6.697646825163248,506.2596571506328,1
10.833333333333334,0.36486245370942083,6.697647098400687,506.2596684543026,1
10.85,0.364851644097963,6.697647366762173,506.25967953534325,1
10.866666666666667,0.3648410478855977,6.697647630334803,506.25969039814123,1
10.883333333333333,0.364830660858963,6.697647889204428,506.25970104699667,1
10.9,0.3648204788878951,6.697648143455117,506.2597114861249,1
10.916666666666666,0.36481049792378434,6.697648393169532,506.25972171965805,1
10.933333333333334,0.36480071399796554,6.697648638428786,506.2597317516468,1
10.95,0.3647911232201386,6.697648879312634,506.25974158606215,1
10.966666666666667,0.36478172177682133,6.697649115899338,506.25975122679665,1
10.983333333333333,0.36477250592983235,6.697649348265759,506.2597606776663,1
11.0,0.36476347201480425,6.697649576487302,506.2597699424118,1
11.016666666666667,0.3647546164397256,6.697649800638199,506.2597790247,1
11.033333333333333,0.36474593568351255,6.697650020791173,506.2597879281259,1
11.05,0.3647374262946075,6.697650237017801,506.2597966562131,1
11.066666666666666,0.3647290848896068,6.697650449388275,506.2598052124162,1
11.083333333333334,0.3647209081519147,6.697650657971536,506.2598136001216,1
11.1,0.36471289283042374,6.697650862835252,506.25982182264863,1
11.116666666666667,0.364705035738222,6.697651064045978,506.2598298832516,1
11.133333333333333,0.36469733375132496,6.697651261668989,506.2598377851206,1
11.15,0.3646897838074331,6.697651455768441,506.2598455313827,1
11.166666666666666,0.36468238290471366,6.697651646407382,506.2598531251036,1
11.183333333333334,0.3646751281006067,6.697651833647597,506.25986056928815,1
11.2,0.36466801651065445,6.697652017549872,506.2598678668826,1
11.216666666666667,0.3646610453073543,6.697652198173825,506.25987502077453,1
11.233333333333333,0.3646542117190336,6.6976523755780715,506.259882033795,1
11.25,0.3646475130287474,6.697652549820187,506.25988890871906,1
11.266666666666667,0.3646409465731979,6.697652720956627,506.25989564826733,1
11.283333333333333,0.3646345097416748,6.697652889042914,506.2599022551066,1
11.3,0.36462819997501694,6.697653054133541,506.259908731851,1
11.316666666666666,0.3646220147645944,6.697653216282059,506.25991508106347,1
11.333333333333334,0.3646159516513106,6.697653375540974,506.2599213052561,1
11.35,0.36461000822462414,6.697653531961993,506.25992740689173,1
11.366666666666667,0.36460418212159,6.697653685595746,506.2599333883847,1
11.383333333333333,0.3645984710259198,6.697653836492086,506.25993925210156,1
11.4,0.36459287266706014,6.697653984699887,506.2599450003622,1
11.416666666666666,0.3645873848192898,6.697654130267191,506.25995063544127,1
11.433333333333334,0.36458200530083423,6.697654273241074,506.25995615956776,1
11.45,0.3645767319729979,6.697654413667938,506.25996157492756,1
11.466666666666667,0.3645715627393134,6.697654551593257,506.25996688366314,1
11.483333333333333,0.364566495544708,6.697654687061658,506.25997208787464,1
11.5,0.3645615283746856,6.697654820117101,506.259977189621,1
11.516666666666667,0.3645566592545259,6.6976549508026455,506.25998219092037,1
11.533333333333333,0.364551886248499,6.697655079160541,506.25998709375165,1
11.55,0.3645472074590953,6.697655205232413,506.2599919000539,1
11.566666666666666,0.3645426210262709,6.6976553290590495,506.2599966117288,1
11.583333333333334,0.3645381251267073,6.69765545068055,506.26000123063994,1
11.6,0.36453371797308715,6.697655570136267,506.26000575861474,1
11.616666666666667,0.36452939781338245,6.697655687464869,506.26001019744416,1
11.633333333333333,0.36452516293015813,6.69765580270434,506.26001454888416,1
11.65,0.3645210116398888,6.69765591589196,506.2600188146558,1
11.666666666666666,0.36451694229228937,6.697656027064376,506.2600229964466,1
11.683333333333334,0.3645129532696585,6.697656136257489,506.26002709591035,1
11.7,0.3645090429862351,6.697656243506665,506.2600311146689,1
11.716666666666667,0.36450520988756796,6.6976563488465874,506.2600350543115,1
11.733333333333333,0.3645014524498971,6.697656452311343,506.26003891639647,1
11.75,0.3644977691795481,6.6976565539343795,506.2600427024514,1
11.766666666666667,0.3644941586123376,6.697656653748527,506.2600464139737,1
11.783333333333333,0.36449061931299137,6.697656751786121,506.26005005243115,1
11.8,0.36448714987457326,6.697656848078849,506.260053619263,1
11.816666666666666,0.3644837489179255,6.697656942657777,506.26005711587953,1
11.833333333333334,0.36448041509112067,6.697657035553544,506.260060543664,1
11.85,0.3644771470689235,6.697657126796158,506.26006390397174,1
11.866666666666667,0.364473943552264,6.697657216415112,506.26006719813165,1
11.883333333333333,0.3644708032677207,6.697657304439344,506.2600704274466,1
11.9,0.36446772496701446,6.697657390897346,506.26007359319345,1
11.916666666666666,0.3644647074265119,6.697657475816973,506.2600766966242,1
11.933333333333334,0.3644617494467384,6.697657559225718,506.26007973896606,1
11.95,0.36445884985190147,6.697657641150506,506.26008272142195,1
11.966666666666667,0.3644560074894232,6.6976577216178415,506.26008564517156,1
11.983333333333333,0.36445322122948126,6.697657800653675,506.2600885113707,1
12.0,0.36445048996456053,6.697657878283541,506.2600913211529,1
12.016666666666667,0.36444781260901155,6.697657954532511,506.260094075629,1
12.033333333333333,0.3644451880986196,6.69765802942517,506.2600967758879,1
12.05,0.3644426153901812,6.697658102985766,506.26009942299777,1
12.066666666666666,0.36444009346108897,6.697658175237994,506.2601020180049,1
12.083333333333334,0.3644376213089253,6.6976582462051875,506.26010456193535,1
12.1,0.36443519795106366,6.6976583159102745,506.26010705579506,1
12.116666666666667,0.3644328224242775,6.697658384375692,506.2601095005697,1
12.133333333333333,0.36443049378435755,6.697658451623641,506.2601118972262,1
12.15,0.36442821110573614,6.697658517675753,506.2601142467119,1
12.166666666666666,0.3644259734811192,6.69765858255334,506.2601165499556,1
12.183333333333334,0.36442378002112513,6.697658646277365,506.2601188078679,1
12.2,0.3644216298539317,6.697658708868337,506.26012102134155,1
12.216666666666667,0.3644195221249289,6.697658770346484,506.26012319125135,1
12.233333333333333,0.3644174559963791,6.6976588307316325,506.2601253184552,1
12.25,0.3644154306470839,6.697658890043291,506.26012740379423,1
12.266666666666667,0.36441344527205816,6.697658948300503,506.2601294480923,1
12.283333333333333,0.36441149908220866,6.697659005522095,506.2601314521576,1
12.3,0.36440959130402134,6.697659061726537,506.26013341678276,1
12.316666666666666,0.3644077211792534,6.697659116931939,506.2601353427439,1
12.333333333333334,0.36440588796463175,6.697659171156107,506.26013723080257,1
12.35,0.3644040909315572,6.697659224416476,506.26013908170466,1
12.366666666666667,0.3644023293658152,6.697659276730307,506.26014089618224,1
12.383333333333333,0.36440060256729123,6.697659328114369,506.260142674952,1
12.4,0.3643989098496931,6.697659378585251,506.26014441871723,1
12.416666666666666,0.3643972505402773,6.69765942815926,506.26014612816726,1
12.433333333333334,0.3643956239795819,6.697659476852322,506.26014780397765,1
12.45,0.3643940295211647,6.697659524680104,506.26014944681043,1
12.466666666666667,0.3643924665313451,6.697659571658067,506.26015105731506,1
12.483333333333333,0.3643909343889529,6.697659617801307,506.260152636128,1
12.5,0.3643894324850814,6.6976596631247025,506.2601541838733,1
12.516666666666667,0.3643879602228446,6.697659707642842,506.26015570116255,1
12.533333333333333,0.3643865170171405,6.697659751370101,506.2601571885953,1
12.55,0.364385102294418,6.69765979432055,506.26015864675935,1
12.566666666666666,0.3643837154924491,6.697659836507995,506.2601600762309,1
12.583333333333334,0.3643823560601052,6.697659877945989,506.2601614775747,1
12.6,0.36438102345713813,6.697659918647915,506.2601628513448,1
12.616666666666667,0.364379717153965,6.697659958626907,506.26016419808394,1
12.633333333333333,0.36437843663145775,6.697659997895751,506.2601655183241,1
12.65,0.3643771813807371,6.697660036467165,506.260166812587,1
12.666666666666666,0.36437595090296965,6.697660074353516,506.26016808138405,1
12.683333333333334,0.3643747447091697,6.6976601115670125,506.2601693252168,1
12.7,0.36437356232000484,6.69766014811966,506.2601705445764,1
12.716666666666667,0.3643724032656056,6.697660184023194,506.26017173994467,1
12.733333333333333,0.3643712670853784,6.697660219289148,506.2601729117938,1
12.75,0.3643701533278223,6.697660253928877,506.26017406058685,1
12.766666666666667,0.36436906155034954,6.697660287953536,506.26017518677793,1
12.783333333333333,0.3643679913191097,6.697660321374046,506.26017629081156,1
12.8,0.3643669422088172,6.697660354201144,506.2601773731241,1
12.816666666666666,0.3643659138025818,6.697660386445455,506.2601784341432,1
12.833333333333334,0.36436490569174357,6.6976604181173,506.2601794742878,1
12.85,0.3643639174757095,6.697660449226864,506.2601804939689,1
12.866666666666667,0.36436294876179504,6.697660479784163,506.2601814935894,1
12.883333333333333,0.36436199916506745,6.697660509799007,506.260182473544,1
12.9,0.36436106830819304,6.697660539281095,506.26018343421987,1
12.916666666666666,0.3643601558212869,6.697660568239846,506.2601843759965,1
12.933333333333334,0.36435926134176594,6.697660596684558,506.2601852992459,1
12.95,0.3643583845142048,6.697660624624433,506.26018620433257,1
12.966666666666667,0.3643575249901945,6.697660652068393,506.2601870916141,1
12.983333333333333,0.3643566824282039,6.697660679025304,506.26018796144126,1
13.0,0.36435585649344354,6.6976607055037976,506.2601888141571,1
13.016666666666667,0.3643550468577335,6.697660731512376,506.26018965009854,1
13.033333333333333,0.364354253199372,6.697660757059395,506.2601904695959,1
13.05,0.3643534752030075,6.697660782153105,506.26019127297275,1
13.066666666666666,0.36435271255951396,6.697660806801531,506.2601920605464,1
13.083333333333334,0.3643519649658677,6.6976608310125965,506.2601928326278,1
13.1,0.3643512321250265,6.697660854794093,506.26019358952203,1
13.116666666666667,0.36435051374581207,6.69766087815363,506.2601943315277,1
13.133333333333333,0.3643498095427939,6.697660901098699,506.26019505893794,1
13.15,0.364349119236176,6.697660923636697,506.26019577204005,1
13.166666666666666,0.36434844255168547,6.697660945774866,506.26019647111576,1
13.183333333333334,0.3643477792204635,6.697660967520339,506.260197156441,1
13.2,0.364347128978959,6.697660988880006,506.26019782828627,1
13.216666666666667,0.3643464915688227,6.697661009860801,506.26019848691703,1
13.233333333333333,0.3643458667368056,6.697661030469435,506.26019913259313,1
13.25,0.3643452542346574,6.697661050712474,506.26019976556967,1
13.266666666666667,0.36434465381902875,6.697661070596513,506.26020038609664,1
13.283333333333333,0.3643440652513734,6.697661090127861,506.2602009944188,1
13.3,0.3643434882978541,6.697661109312837,506.26020159077655,1
13.316666666666666,0.36434292272924956,6.697661128157572,506.26020217540525,1
13.333333333333334,0.364342368320863,6.697661146668053,506.2602027485357,1
13.35,0.3643418248524332,6.6976611648503335,506.2602033103941,1
13.366666666666667,0.3643412921080468,6.69766118271014,506.2602038612024,1
13.383333333333333,0.3643407698760523,6.697661200253227,506.26020440117804,1
13.4,0.36434025794897607,6.697661217485276,506.26020493053403,1
13.416666666666666,0.36433975612344005,6.697661234411736,506.2602054494794,1
13.433333333333334,0.3643392642000805,6.697661251038089,506.2602059582191,1
13.45,0.364338781983469,6.6976612673696865,506.2602064569541,1
13.466666666666667,0.3643383092820347,6.697661283411707,506.2602069458808,1
13.483333333333333,0.36433784590798807,6.69766129916935,506.2602074251925,1
13.5,0.3643373916772466,6.697661314647579,506.2602078950784,1
13.516666666666667,0.36433694640936115,6.697661329851478,506.26020835572405,1
13.533333333333333,0.36433650992744443,6.697661344785826,506.2602088073109,1
13.55,0.36433608205810103,6.697661359455433,506.2602092500177,1
13.566666666666666,0.36433566263135775,6.69766137386501,506.26020968401866,1
13.583333333333334,0.3643352514805966,6.697661388019198,506.2602101094853,1
13.6,0.36433484844248826,6.697661401922498,506.2602105265855,1
13.616666666666667,0.3643344533569276,6.697661415579371,506.260210935484,1
13.633333333333333,0.36433406606696944,6.697661428994176,506.26021133634214,1
13.65,0.36433368641876673,6.6976614421712055,506.26021172931803,1
13.666666666666666,0.36433331426150883,6.6976614551147415,506.2602121145666,1
13.683333333333334,0.364332949447362,6.697661467828902,506.26021249224016,1
13.7,0.3643325918314105,6.69766148031772,506.26021286248755,1
13.716666666666667,0.36433224127159886,6.697661492585248,506.26021322545523,1
13.733333333333333,0.36433189762867557,6.697661504635447,506.26021358128605,1
13.75,0.36433156076613776,6.6976615164720865,506.2602139301204,1
13.766666666666667,0.36433123055017674,6.697661528099007,506.2602142720962,1
13.783333333333333,0.364330906849625,6.697661539519905,506.26021460734813,1
13.8,0.36433058953590414,6.697661550738453,506.2602149360087,1
13.816666666666666,0.3643302784829734,6.697661561758247,506.26021525820744,1
13.833333333333334,0.3643299735672798,6.69766157258281,506.2602155740713,1
13.85,0.3643296746677091,6.697661583215583,506.26021588372527,1
13.866666666666667,0.36432938166553763,6.697661593660024,506.26021618729123,1
13.883333333333333,0.364329094444385,6.697661603919423,506.26021648488904,1
13.9,0.36432881289016783,6.697661613997066,506.2602167766361,1
13.916666666666666,0.36432853689105454,6.697661623896244,506.26021706264754,1
13.933333333333334,0.3643282663374207,6.697661633620055,506.2602173430362,1
13.95,0.3643280011218058,6.697661643171614,506.2602176179124,1
13.966666666666667,0.36432774113887,6.6976616525540535,506.26021788738495,1
13.983333333333333,0.36432748628535294,6.697661661770249,506.26021815155997,1
14.0,0.36432723646003196,6.697661670823267,506.2602184105418,1
14.016666666666667,0.36432699156368253,6.697661679715923,506.2602186644324,1
14.033333333333333,0.3643267514990385,6.697661688451093,506.26021891333204,1
14.05,0.3643265161707533,6.697661697031618,506.2602191573389,1
14.066666666666666,0.3643262854853622,6.697661705460169,506.2602193965492,1
14.083333333333334,0.36432605935124546,6.697661713739449,506.2602196310573,1
14.1,0.3643258376785914,6.697661721872158,506.2602198609556,1
14.116666666666667,0.3643256203793609,6.69766172986085,506.26022008633475,1
14.133333333333333,0.36432540736725255,6.69766173770806,506.2602203072838,1
14.15,0.36432519855766815,6.697661745416389,506.26022052388976,1
14.166666666666666,0.36432499386767936,6.697661752988192,506.260220736238,1
14.183333333333334,0.3643247932159944,6.697661760425967,506.2602209444125,1
14.2,0.364324596522926,6.697661767732054,506.26022114849513,1
14.216666666666667,0.3643244037103594,6.6976617749088065,506.2602213485664,1
14.233333333333333,0.3643242147017219,6.697661781958527,506.2602215447053,1
14.25,0.36432402942195163,6.697661788883396,506.260221736989,1
14.266666666666667,0.36432384779746874,6.6976617956857165,506.26022192549357,1
14.283333333333333,0.36432366975614494,6.697661802367614,506.2602221102932,1
14.3,0.3643234952272758,6.697661808931247,506.2602222914606,1
14.316666666666666,0.36432332414155233,6.697661815378699,506.26022246906757,1
14.333333333333334,0.3643231564310333,6.697661821712031,506.26022264318374,1
14.35,0.3643229920291184,6.697661827933277,506.26022281387793,1
14.366666666666667,0.36432283087052186,6.697661834044408,506.2602229812174,1
14.383333333333333,0.3643226728912462,6.697661840047399,506.2602231452683,1
14.4,0.3643225180285569,6.697661845944155,506.2602233060951,1
14.416666666666666,0.36432236622095787,6.697661851736532,506.2602234637612,1
14.433333333333334,0.36432221740816645,6.697661857426419,506.260223618329,1
14.45,0.36432207153108975,6.697661863015628,506.2602237698591,1
14.466666666666667,0.36432192853180106,6.69766186850591,506.2602239184115,1
14.483333333333333,0.36432178835351686,6.697661873899068,506.26022406404456,1
14.5,0.36432165094057434,6.697661879196794,506.2602242068159,1
14.516666666666667,0.3643215162384093,6.697661884400798,506.2602243467815,1
14.533333333333333,0.3643213841935341,6.697661889512695,506.26022448399664,1
14.55,0.3643212547535169,6.697661894534176,506.2602246185155,1
14.566666666666666,0.36432112786696064,6.697661899466776,506.260224750391,1
14.583333333333334,0.36432100348348234,6.697661904312128,506.26022487967526,1
14.6,0.3643208815536935,6.6976619090717735,506.2602250064191,1
14.616666666666667,0.36432076202918035,6.697661913747229,506.2602251306726,1
14.633333333333333,0.36432064486248444,6.697661918339969,506.2602252524845,1
14.65,0.3643205300070839,6.697661922851446,506.26022537190283,1
14.666666666666666,0.36432041741737503,6.697661927283137,506.260225488975,1
14.683333333333334,0.3643203070486541,6.697661931636432,506.26022560374685,1
14.7,0.36432019885709943,6.697661935912699,506.2602257162636,1
14.716666666666667,0.36432009279975425,6.69766194011338,506.26022582656947,1
14.733333333333333,0.3643199888345097,6.6976619442397105,506.26022593470833,1
14.75,0.3643198869200876,6.697661948293088,506.2602260407224,1
14.766666666666667,0.36431978701602447,6.697661952274817,506.2602261446537,1
14.783333333333333,0.3643196890826554,6.697661956186038,506.26022624654297,1
14.8,0.36431959308109824,6.697661960028164,506.2602263464306,1
14.816666666666666,0.36431949897323795,6.697661963802344,506.26022644435585,1
14.833333333333334,0.3643194067217119,6.69766196750975,506.26022654035705,1
14.85,0.3643193162898946,6.697661971151632,506.2602266344725,1
14.866666666666667,0.36431922764188335,6.697661974729115,506.2602267267388,1
14.883333333333333,0.36431914074248417,6.697661978243288,506.2602268171925,1
14.9,0.3643190555571973,6.697661981695371,506.26022690586944,1
14.916666666666666,0.3643189720522038,6.697661985086383,506.2602269928043,1
14.933333333333334,0.3643188901943523,6.697661988417489,506.2602270780312,1
14.95,0.36431880995114563,6.697661991689657,506.26022716158394,1
14.966666666666667,0.3643187312907276,6.697661994903979,506.2602272434954,1
14.983333333333333,0.3643186541818708,6.697661998061481,506.2602273237977,1
15.0,0.36431857859396427,6.697662001163159,506.26022740252273,1
15.016666666666667,0.36431850449700076,6.697662004209991,506.2602274797013,1
15.033333333333333,0.36431843186156526,6.697662007203011,506.26022755536394,1
15.05,0.36431836066197315,6.697662010143052,506.26022762952795,1
15.066666666666666,0.3643182908666912,6.6976620130306905,506.26022770223744,1
15.083333333333334,0.3643182224480153,6.697662015867329,506.26022777352074,1
15.1,0.3643181553787877,6.697662018653881,506.2602278434053,1
15.116666666666667,0.36431808963238643,6.697662021391239,506.2602279119184,1
15.133333333333333,0.3643180251827148,6.697662024080294,506.26022797908644,1
15.15,0.364317962004191,6.697662026721884,506.26022804493607,1
15.166666666666666,0.36431790007173803,6.697662029316781,506.2602281094927,1
15.183333333333334,0.36431783936077394,6.6976620318658515,506.2602281727816,1
15.2,0.36431777984720165,6.697662034369914,506.260228234828,1
15.216666666666667,0.36431772150739955,6.697662036829735,506.26022829565585,1
15.233333333333333,0.3643176643182122,6.697662039246099,506.26022835528926,1
15.25,0.36431760825694104,6.697662041619771,506.26022841375163,1
15.266666666666667,0.36431755330133536,6.697662043951524,506.260228471066,1
15.283333333333333,0.36431749942958347,6.697662046242073,506.2602285272548,1
15.3,0.36431744662030413,6.697662048492148,506.26022858234035,1
15.316666666666666,0.3643173948525379,6.697662050702459,506.26022863634404,1
15.333333333333334,0.36431734410573896,6.697662052873738,506.2602286892873,1
15.35,0.3643172943597669,6.697662055006644,506.26022874119093,1
15.366666666666667,0.3643172455948786,6.697662057101866,506.26022879207545,1
15.383333333333333,0.36431719779172056,6.697662059160066,506.26022884196067,1
15.4,0.3643171509313212,6.697662061181969,506.2602288908664,1
15.416666666666666,0.36431710499508313,6.697662063168069,506.2602289388121,1
15.433333333333334,0.364317059964776,6.697662065119109,506.260228985816,1
15.45,0.3643170158225291,6.697662067035704,506.26022903189727,1
15.466666666666667,0.36431697255082446,6.697662068918438,506.26022907707346,1
15.483333333333333,0.3643169301324895,6.697662070767896,506.26022912136284,1
15.5,0.36431688855069067,6.6976620725847065,506.2602291647825,1
15.516666666666667,0.3643168477889265,6.697662074369418,506.2602292073498,1
15.533333333333333,0.364316807831021,6.697662076122621,506.2602292490813,1
15.55,0.3643167686611175,6.697662077844818,506.2602292899934,1
15.566666666666666,0.36431673026367206,6.697662079536655,506.2602293301024,1
15.583333333333334,0.36431669262344746,6.6976620811985805,506.26022936942394,1
15.6,0.36431665572550714,6.697662082831148,506.26022940797344,1
15.616666666666667,0.3643166195552092,6.697662084434896,506.2602294457661,1
15.633333333333333,0.36431658409820067,6.697662086010317,506.2602294828169,1
15.65,0.36431654934041163,6.6976620875579105,506.2602295191403,1
15.666666666666666,0.36431651526805,6.697662089078182,506.2602295547507,1
15.683333333333334,0.3643164818675955,6.697662090571618,506.2602295896619,1
15.7,0.3643164491257948,6.6976620920386765,506.2602296238878,1
15.716666666666667,0.3643164170296561,6.697662093479798,506.26022965744187,1
15.733333333333333,0.3643163855664438,6.697662094895514,506.2602296903372,1
15.75,0.3643163547236735,6.697662096286212,506.26022972258687,1
15.766666666666667,0.3643163244891074,6.69766209765238,506.2602297542036,1
15.783333333333333,0.3643162948507488,6.697662098994375,506.26022978519956,1
15.8,0.36431626579683785,6.697662100312738,506.26022981558725,1
15.816666666666666,0.3643162373158466,6.697662101607794,506.26022984537843,1
15.833333333333334,0.36431620939647463,6.697662102879961,506.26022987458464,1
15.85,0.3643161820276447,6.697662104129667,506.26022990321775,1
15.866666666666667,0.3643161551984976,6.697662105357346,506.26022993128896,1
15.883333333333333,0.36431612889838866,6.697662106563355,506.26022995880913,1
15.9,0.36431610311688317,6.697662107748066,506.2602299857891,1
15.916666666666666,0.36431607784375236,6.697662108911867,506.2602300122395,1
15.933333333333334,0.3643160530689692,6.697662110055112,506.2602300381708,1
15.95,0.3643160287827044,6.697662111178189,506.2602300635932,1
15.966666666666667,0.3643160049753226,6.697662112281428,506.2602300885166,1
15.983333333333333,0.3643159816373787,6.697662113365212,506.2602301129511,1
16.0,0.3643159587596138,6.697662114429879,506.2602301369058,1
16.016666666666666,0.36431593633295145,6.69766211547574,506.26023016039056,1
16.033333333333335,0.36431591434849464,6.697662116503131,506.26023018341425,1
16.05,0.3643158927975216,6.697662117512394,506.2602302059863,1
16.066666666666666,0.3643158716714829,6.697662118503827,506.2602302281153,1
16.083333333333332,0.3643158509619975,6.6976621194777985,506.26023024981015,1
16.1,0.36431583066084977,6.697662120434556,506.26023027107925,1
16.116666666666667,0.3643158107599862,6.697662121374429,506.2602302919309,1
16.133333333333333,0.36431579125151226,6.697662122297705,506.26023031237344,1
16.15,0.36431577212768895,6.697662123204694,506.2602303324147,1
16.166666666666668,0.36431575338093003,6.697662124095705,506.2602303520628,1
16.183333333333334,0.3643157350037989,6.697662124970971,506.2602303713254,1
16.2,0.36431571698900567,6.697662125830829,506.26023039021004,1
16.216666666666665,0.36431569932940416,6.697662126675472,506.26023040872417,1
16.233333333333334,0.36431568201798953,6.697662127505218,506.26023042687495,1
16.25,0.3643156650478946,6.697662128320348,506.2602304446696,1
16.266666666666666,0.364315648412388,6.697662129121091,506.2602304621152,1
16.283333333333335,0.36431563210487106,6.6976621299076955,506.26023047921854,1
16.3,0.36431561611887525,6.697662130680429,506.2602304959862,1
16.316666666666666,0.3643156004480597,6.6976621314395475,506.260230512425,1
16.333333333333332,0.3643155850862086,6.697662132185248,506.2602305285412,1
16.35,0.3643155700272287,6.69766213291782,506.2602305443413,1
16.366666666666667,0.3643155552651469,6.697662133637446,506.26023055983126,1
16.383333333333333,0.3643155407941084,6.697662134344364,506.26023057501743,1
16.4,0.36431552660837313,6.697662135038789,506.26023058990575,1
16.416666666666668,0.36431551270231477,6.697662135720994,506.260230604502,1
16.433333333333334,0.3643154990704178,6.697662136391231,506.2602306188119,1
16.45,0.36431548570727573,6.697662137049579,506.260230632841,1
16.466666666666665,0.3643154726075883,6.697662137696318,506.260230646595,1
16.483333333333334,0.3643154597661601,6.697662138331672,506.2602306600792,1
16.5,0.3643154471778981,6.6976621389558,506.26023067329885,1
16.516666666666666,0.3643154348378098,6.697662139568889,506.26023068625915,1
16.533333333333335,0.3643154227410012,6.697662140171205,506.2602306989652,1
16.55,0.3643154108826747,6.697662140762921,506.26023071142225,1
16.566666666666666,0.3643153992581274,6.697662141344172,506.2602307236348,1
16.583333333333332,0.3643153878627493,6.69766214191517,506.26023073560776,1
16.6,0.364315376692021,6.697662142476096,506.26023074734593,1
16.616666666666667,0.36431536574151274,6.697662143027147,506.26023075885405,1
16.633333333333333,0.36431535500688156,6.697662143568446,506.2602307701363,1
16.65,0.3643153444838706,6.69766214410024,506.2602307811973,1
16.666666666666668,0.3643153341683068,6.697662144622639,506.26023079204117,1
16.683333333333334,0.3643153240560994,6.697662145135834,506.2602308026726,1
16.7,0.36431531414323837,6.697662145639957,506.26023081309535,1
16.716666666666665,0.36431530442579285,6.697662146135201,506.26023082331386,1
16.733333333333334,0.3643152948999093,6.697662146621723,506.26023083333195,1
16.75,0.3643152855618105,6.697662147099701,506.2602308431535,1
16.766666666666666,0.36431527640779326,6.697662147569195,506.2602308527825,1
16.783333333333335,0.364315267434228,6.6976621480304805,506.2602308622227,1
16.8,0.3643152586375562,6.6976621484835706,506.26023087147775,1
16.816666666666666,0.3643152500142899,6.697662148928683,506.26023088055126,1
16.833333333333332,0.36431524156100986,6.697662149365949,506.2602308894469,1
16.85,0.36431523327436416,6.69766214979551,506.2602308981682,1
16.866666666666667,0.36431522515106707,6.697662150217504,506.26023090671833,1
16.883333333333333,0.3643152171878977,6.697662150632061,506.260230915101,1
16.9,0.3643152093816986,6.697662151039317,506.2602309233193,1
16.916666666666668,0.3643152017293747,6.697662151439355,506.26023093137627,1
16.933333333333334,0.36431519422789194,6.697662151832365,506.2602309392754,1
16.95,0.3643151868742759,6.697662152218455,506.2602309470196,1
16.966666666666665,0.3643151796656111,6.697662152597717,506.2602309546118,1
16.983333333333334,0.3643151725990395,6.697662152970341,506.2602309620554,1
17.0,0.3643151656717593,6.697662153336312,506.2602309693529,1
17.016666666666666,0.3643151588810242,6.697662153695931,506.2602309765075,1
17.033333333333335,0.36431515222414185,6.697662154049146,506.2602309835218,1
17.05,0.364315145698473,6.6976621543961645,506.2602309903985,1
17.066666666666666,0.3643151393014306,6.697662154737085,506.26023099714035,1
17.083333333333332,0.3643151330304784,6.697662155071974,506.26023100375005,1
17.1,0.36431512688313045,6.697662155400971,506.2602310102302,1
17.116666666666667,0.3643151208569496,6.697662155724186,506.26023101658336,1
17.133333333333333,0.36431511494954694,6.697662156041657,506.2602310228118,1
17.15,0.36431510915858056,6.697662156353569,506.2602310289184,1
17.166666666666668,0.36431510348175467,6.697662156659954,506.26023103490513,1
17.183333333333334,0.364315097916819,6.6976621569609565,506.26023104077456,1
17.2,0.3643150924615674,6.697662157256657,506.26023104652893,1
17.216666666666665,0.3643150871138374,6.6976621575471595,506.2602310521705,1
17.233333333333334,0.36431508187150907,6.697662157832489,506.26023105770156,1
17.25,0.36431507673250435,6.697662158112828,506.26023106312414,1
17.266666666666666,0.3643150716947862,6.6976621583882405,506.26023106844053,1
17.283333333333335,0.3643150667563578,6.6976621586588285,506.2602310736527,1
17.3,0.3643150619152612,6.697662158924625,506.26023107876273,1
17.316666666666666,0.3643150571695778,6.697662159185705,506.2602310837724,1
17.333333333333332,0.3643150525174264,6.6976621594421735,506.260231088684,1
17.35,0.36431504795696307,6.697662159694229,506.2602310934994,1
17.366666666666667,0.3643150434863802,6.697662159941758,506.2602310982204,1
17.383333333333333,0.3643150391039057,6.697662160184915,506.2602311028489,1
17.4,0.3643150348078026,6.6976621604238336,506.26023110738674,1
17.416666666666668,0.36431503059636805,6.6976621606585125,506.2602311118356,1
17.433333333333334,0.36431502646793296,6.697662160889051,506.26023111619725,1
17.45,0.364315022420861,6.697662161115568,506.26023112047346,1
17.466666666666665,0.3643150184535481,6.697662161338054,506.2602311246659,1
17.483333333333334,0.3643150145644219,6.697662161556645,506.2602311287762,1
17.5,0.36431501075194106,6.697662161771361,506.2602311328057,1
17.516666666666666,0.3643150070145946,6.697662161982346,506.26023113675643,1
17.533333333333335,0.36431500335090133,6.697662162189576,506.2602311406298,1
17.55,0.3643149997594092,6.697662162393148,506.2602311444272,1
17.566666666666666,0.36431499623869484,6.697662162593155,506.26023114815024,1
17.583333333333332,0.364314992787363,6.69766216278962,506.2602311518003,1
17.6,0.36431498940404605,6.697662162982675,506.2602311553788,1
17.616666666666667,0.3643149860874029,6.697662163172313,506.2602311588873,1
17.633333333333333,0.36431498283611946,6.6976621633585856,506.260231162327,1
17.65,0.36431497964890713,6.697662163541567,506.2602311656993,1
17.666666666666668,0.36431497652450306,6.697662163721373,506.2602311690055,1
17.683333333333334,0.36431497346166886,6.697662163897993,506.2602311722471,1
17.7,0.36431497045919103,6.697662164071481,506.26023117542485,1
17.716666666666665,0.3643149675158798,6.697662164241903,506.26023117854055,1
17.733333333333334,0.36431496463056867,6.697662164409392,506.2602311815954,1
17.75,0.3643149618021145,6.697662164573876,506.26023118459017,1
17.766666666666666,0.36431495902939637,6.697662164735468,506.2602311875263,1
17.783333333333335,0.36431495631131583,6.697662164894192,506.26023119040497,1
17.8,0.3643149536467956,6.697662165050195,506.26023119322736,1
17.816666666666666,0.36431495103478,6.697662165203411,506.26023119599427,1
17.833333333333332,0.3643149484742341,6.697662165353907,506.2602311987071,1
17.85,0.36431494596414343,6.697662165501793,506.260231201367,1
17.866666666666667,0.36431494350351323,6.69766216564707,506.26023120397446,1
17.883333333333333,0.3643149410913687,6.6976621657897635,506.260231206531,1
17.9,0.3643149387267541,6.697662165929961,506.2602312090375,1
17.916666666666668,0.3643149364087324,6.697662166067718,506.2602312114948,1
17.933333333333334,0.36431493413638544,6.697662166202988,506.260231213904,1
17.95,0.36431493190881287,6.697662166335912,506.26023121626594,1
17.966666666666665,0.36431492972513213,6.697662166466524,506.2602312185818,1
17.983333333333334,0.36431492758447803,6.697662166594747,506.26023122085206,1
18.0,0.3643149254860026,6.697662166720789,506.26023122307805,1
18.016666666666666,0.36431492342887434,6.697662166844583,506.2602312252603,1
18.033333333333335,0.3643149214122785,6.697662166966199,506.2602312274,1
18.05,0.36431491943541594,6.69766216708569,506.2602312294977,1
18.066666666666666,0.3643149174975036,6.697662167203091,506.2602312315545,1
18.083333333333332,0.3643149155977739,6.697662167318417,506.2602312335708,1
18.1,0.36431491373547403,6.697662167431677,506.26023123554774,1
18.116666666666667,0.3643149119098664,6.6976621675429255,506.260231237486,1
18.133333333333333,0.364314910120228,6.697662167652268,506.26023123938614,1
18.15,0.3643149083658495,6.697662167759664,506.2602312412492,1
18.166666666666668,0.3643149066460363,6.69766216786519,506.26023124307574,1
18.183333333333334,0.36431490496010693,6.697662167968864,506.26023124486653,1
18.2,0.3643149033073936,6.697662167968864,506.26023124652033,1
18.216666666666665,0.3643149016873508,6.697662167968864,506.2602312481411,1
18.233333333333334,0.3643149000993327,6.697662167968864,506.2602312497297,1
18.25,0.36431489854270627,6.697662167968864,506.2602312512867,1
18.266666666666666,0.36431489701685094,6.697662167968864,506.26023125281273,1
18.283333333333335,0.3643148955211584,6.697662167968864,506.2602312543086,1
18.3,0.3643148940550325,6.697662167968864,506.2602312557749,1
18.316666666666666,0.36431489261788863,6.697662167968864,506.26023125721207,1
18.333333333333332,0.3643148912091539,6.697662167968864,506.26023125862076,1
18.35,0.3643148898282669,6.697662167968864,506.26023126000166,1
18.366666666666667,0.36431488847467686,6.697662167968864,506.2602312613552,1
18.383333333333333,0.3643148871478445,6.697662167968864,506.26023126268205,1
18.4,0.3643148858472406,6.697662167968864,506.2602312639826,1
18.416666666666668,0.3643148845723468,6.697662167968864,506.2602312652575,1
18.433333333333334,0.36431488332265477,6.697662167968864,506.2602312665072,1
18.45,0.3643148820976665,6.697662167968864,506.26023126773225,1
18.466666666666665,0.3643148808968935,6.697662167968864,506.26023126893296,1
18.483333333333334,0.3643148797198572,6.697662167968864,506.26023127011,1
18.5,0.3643148785660884,6.697662167968864,506.2602312712639,1
18.516666666666666,0.364314877435127,6.697662167968864,506.2602312723947,1
18.533333333333335,0.36431487632652226,6.697662167968864,506.2602312735034,1
18.55,0.36431487523983225,6.697662167968864,506.26023127459007,1
18.566666666666666,0.36431487417462366,6.697662167968864,506.2602312756552,1
18.583333333333332,0.3643148731304719,6.697662167968864,506.2602312766994,1
18.6,0.36431487210696073,6.697662167968864,506.2602312777229,1
18.616666666666667,0.36431487110368216,6.697662167968864,506.2602312787262,1
18.633333333333333,0.36431487012023617,6.697662167968864,506.26023127970967,1
18.65,0.36431486915623085,6.697662167968864,506.2602312806737,1
18.666666666666668,0.3643148682112817,6.697662167968864,506.2602312816186,1
18.683333333333334,0.36431486728501217,6.697662167968864,506.26023128254485,1
18.7,0.3643148663770529,6.697662167968864,506.26023128345287,1
18.716666666666665,0.36431486548704206,6.697662167968864,506.2602312843428,1
18.733333333333334,0.36431486461462476,6.697662167968864,506.26023128521524,1
18.75,0.36431486375945327,6.697662167968864,506.26023128607045,1
18.766666666666666,0.36431486292118664,6.697662167968864,506.26023128690866,1
18.783333333333335,0.36431486209949066,6.697662167968864,506.26023128773045,1
18.8,0.36431486129403784,6.697662167968864,506.2602312885358,1
18.816666666666666,0.36431486050450707,6.697662167968864,506.2602312893254,1
18.833333333333332,0.36431485973058364,6.697662167968864,506.26023129009934,1
18.85,0.364314858971959,6.697662167968864,506.260231290858,1
18.866666666666667,0.36431485822833065,6.697662167968864,506.2602312916016,1
18.883333333333333,0.36431485749940223,6.697662167968864,506.26023129233056,1
18.9,0.36431485678488307,6.697662167968864,506.26023129304497,1
18.916666666666668,0.36431485608448844,6.697662167968864,506.26023129374545,1
18.933333333333334,0.364314855397939,6.697662167968864,506.260231294432,1
18.95,0.3643148547249612,6.697662167968864,506.260231295105,1
18.966666666666665,0.3643148540652868,6.697662167968864,506.2602312957646,1
18.983333333333334,0.3643148534186526,6.697662167968864,506.2602312964113,1
19.0,0.3643148527848009,6.697662167968864,506.2602312970451,1
19.016666666666666,0.3643148521634791,6.697662167968864,506.2602312976664,1
19.033333333333335,0.3643148515544394,6.697662167968864,506.26023129827547,1
19.05,0.36431485095743915,6.697662167968864,506.26023129887244,1
19.066666666666666,0.3643148503722403,6.697662167968864,506.26023129945764,1
19.083333333333332,0.3643148497986096,6.697662167968864,506.2602313000313,1
19.1,0.36431484923631824,6.697662167968864,506.2602313005936,1
19.116666666666667,0.36431484868514213,6.697662167968864,506.2602313011447,1
19.133333333333333,0.3643148481448616,6.697662167968864,506.26023130168505,1
19.15,0.36431484761526123,6.697662167968864,506.26023130221466,1
19.166666666666668,0.3643148470961299,6.697662167968864,506.2602313027338,1
19.183333333333334,0.36431484658726065,6.697662167968864,506.2602313032426,1
19.2,0.3643148460884506,6.697662167968864,506.2602313037414,1
19.216666666666665,0.364314845599501,6.697662167968864,506.2602313042304,1
19.233333333333334,0.3643148451202168,6.697662167968864,506.26023130470963,1
19.25,0.36431484465040703,6.697662167968864,506.2602313051795,1
19.266666666666666,0.36431484418988436,6.697662167968864,506.26023130564,1
19.283333333333335,0.3643148437384652,6.697662167968864,506.26023130609144,1
19.3,0.3643148432959696,6.697662167968864,506.26023130653385,1
19.316666666666666,0.36431484286222116,6.697662167968864,506.2602313069676,1
19.333333333333332,0.36431484243704704,6.697662167968864,506.2602313073928,1
19.35,0.3643148420202777,6.697662167968864,506.2602313078096,1
19.366666666666667,0.36431484161174693,6.697662167968864,506.26023130821807,1
19.383333333333333,0.36431484121129193,6.697662167968864,506.26023130861853,1
19.4,0.36431484081875304,6.697662167968864,506.2602313090111,1
19.416666666666668,0.3643148404339737,6.697662167968864,506.2602313093959,1
19.433333333333334,0.36431484005680076,6.697662167968864,506.260231309773,1
19.45,0.36431483968708367,6.697662167968864,506.26023131014273,1
19.466666666666665,0.364314839324675,6.697662167968864,506.2602313105051,1
19.483333333333334,0.36431483896943034,6.697662167968864,506.2602313108604,1
19.5,0.36431483862120817,6.697662167968864,506.26023131120866,1
19.516666666666666,0.3643148382798696,6.697662167968864,506.26023131154994,1
19.533333333333335,0.36431483794527847,6.697662167968864,506.2602313118846,1
19.55,0.36431483761730155,6.697662167968864,506.2602313122125,1
19.566666666666666,0.36431483729580794,6.697662167968864,506.2602313125341,1
19.583333333333332,0.36431483698066963,6.697662167968864,506.26023131284916,1
19.6,0.3643148366717609,6.697662167968864,506.2602313131581,1
19.616666666666667,0.3643148363689586,6.697662167968864,506.26023131346085,1
19.633333333333333,0.364314836072142,6.697662167968864,506.26023131375763,1
19.65,0.36431483578119284,6.697662167968864,506.2602313140486,1
19.666666666666668,0.3643148354959951,6.697662167968864,506.26023131433385,1
19.683333333333334,0.36431483521643504,6.697662167968864,506.2602313146134,1
19.7,0.36431483494240136,6.697662167968864,506.2602313148874,1
19.716666666666665,0.3643148346737847,6.697662167968864,506.2602313151561,1
19.733333333333334,0.364314834410478,6.697662167968864,506.26023131541933,1
19.75,0.3643148341523763,6.697662167968864,506.26023131567746,1
19.766666666666666,0.3643148338993767,6.697662167968864,506.26023131593047,1
19.783333333333335,0.3643148336513784,6.697662167968864,506.2602313161785,1
19.8,0.36431483340828247,6.697662167968864,506.2602313164215,1
19.816666666666666,0.36431483316999197,6.697662167968864,506.2602313166599,1
19.833333333333332,0.3643148329364119,6.697662167968864,506.26023131689345,1
19.85,0.36431483270744924,6.697662167968864,506.26023131712236,1
19.866666666666667,0.36431483248301266,6.697662167968864,506.2602313173468,1
19.883333333333333,0.3643148322630127,6.697662167968864,506.2602313175668,1
19.9,0.36431483204736176,6.697662167968864,506.2602313177824,1
19.916666666666668,0.36431483183597374,6.697662167968864,506.2602313179938,1
19.933333333333334,0.3643148316287643,6.697662167968864,506.2602313182011,1
19.95,0.36431483142565096,6.697662167968864,506.2602313184041,1
19.966666666666665,0.3643148312265527,6.697662167968864,506.2602313186033,1
19.983333333333334,0.3643148310313903,6.697662167968864,506.2602313187985,1
20.0,0.36431483084008576,6.697662167968864,506.2602313189898,1
20.016666666666666,0.36431483065256287,6.697662167968864,506.2602313191773,1
20.033333333333335,0.3643148304687469,6.697662167968864,506.26023131936114,1
20.05,0.3643148302885646,6.697662167968864,506.2602313195412,1
20.066666666666666,0.3643148301119441,6.697662167968864,506.2602313197179,1
20.083333333333332,0.3643148299388151,6.697662167968864,506.2602313198911,1
20.1,0.36431482976910834,6.697662167968864,506.2602313200607,1
20.116666666666667,0.3643148296027563,6.697662167968864,506.26023132022715,1
20.133333333333333,0.36431482943969273,6.697662167968864,506.2602313203901,1
20.15,0.36431482927985254,6.697662167968864,506.26023132054996,1
20.166666666666668,0.3643148291231721,6.697662167968864,506.26023132070674,1
20.183333333333334,0.36431482896958883,6.697662167968864,506.26023132086027,1
20.2,0.3643148288190416,6.697662167968864,506.26023132101085,1
20.216666666666665,0.36431482867147036,6.697662167968864,506.26023132115836,1
20.233333333333334,0.36431482852681624,6.697662167968864,506.260231321303,1
20.25,0.3643148283850216,6.697662167968864,506.26023132144485,1
20.266666666666666,0.36431482824603,6.697662167968864,506.26023132158383,1
20.283333333333335,0.36431482810978594,6.697662167968864,506.26023132172,1
20.3,0.3643148279762351,6.697662167968864,506.2602313218536,1
20.316666666666666,0.36431482784532426,6.697662167968864,506.2602313219845,1
20.333333333333332,0.3643148277170013,6.697662167968864,506.2602313221128,1
20.35,0.36431482759121503,6.697662167968864,506.2602313222386,1
20.366666666666667,0.3643148274679152,6.697662167968864,506.26023132236196,1
20.383333333333333,0.3643148273470528,6.697662167968864,506.26023132248275,1
20.4,0.3643148272285795,6.697662167968864,506.2602313226012,1
20.416666666666668,0.3643148271124482,6.697662167968864,506.26023132271735,1
20.433333333333334,0.36431482699861256,6.697662167968864,506.26023132283126,1
20.45,0.3643148268870272,6.697662167968864,506.26023132294284,1
20.466666666666665,0.3643148267776476,6.697662167968864,506.2602313230522,1
20.483333333333334,0.36431482667043025,6.697662167968864,506.2602313231595,1
20.5,0.3643148265653323,6.697662167968864,506.2602313232646,1
20.516666666666666,0.36431482646231195,6.697662167968864,506.2602313233675,1
20.533333333333335,0.36431482636132806,6.697662167968864,506.26023132346853,1
20.55,0.3643148262623404,6.697662167968864,506.26023132356755,1
20.566666666666666,0.3643148261653095,6.697662167968864,506.2602313236646,1
20.583333333333332,0.36431482607019683,6.697662167968864,506.2602313237596,1
20.6,0.36431482597696424,6.697662167968864,506.2602313238529,1
20.616666666666667,0.3643148258855747,6.697662167968864,506.26023132394425,1
20.633333333333333,0.36431482579599167,6.697662167968864,506.26023132403384,1
20.65,0.36431482570817947,6.697662167968864,506.26023132412166,1
20.666666666666668,0.36431482562210316,6.697662167968864,506.2602313242077,1
20.683333333333334,0.3643148255377284,6.697662167968864,506.2602313242921,1
20.7,0.36431482545502153,6.697662167968864,506.2602313243748,1
20.716666666666665,0.36431482537394955,6.697662167968864,506.26023132445596,1
20.733333333333334,0.36431482529448017,6.697662167968864,506.2602313245355,1
20.75,0.3643148252165818,6.697662167968864,506.2602313246133,1
20.766666666666666,0.36431482514022334,6.697662167968864,506.26023132468964,1
20.783333333333335,0.36431482506537427,6.697662167968864,506.2602313247645,1
20.8,0.3643148249920048,6.697662167968864,506.2602313248379,1
20.816666666666666,0.3643148249200857,6.697662167968864,506.26023132490985,1
20.833333333333332,0.36431482484958827,6.697662167968864,506.26023132498034,1
20.85,0.3643148247804845,6.697662167968864,506.2602313250494,1
20.866666666666667,0.3643148247127466,6.697662167968864,506.2602313251171,1
20.883333333333333,0.3643148246463478,6.697662167968864,506.2602313251835,1
20.9,0.3643148245812616,6.697662167968864,506.26023132524864,1
20.916666666666668,0.36431482451746194,6.697662167968864,506.2602313253124,1
20.933333333333334,0.36431482445492347,6.697662167968864,506.2602313253749,1
20.95,0.36431482439362134,6.697662167968864,506.2602313254363,1
20.966666666666665,0.36431482433353096,6.697662167968864,506.26023132549636,1
20.983333333333334,0.36431482427462847,6.697662167968864,506.2602313255552,1
21.0,0.36431482421689027,6.697662167968864,506.26023132561295,1
21.016666666666666,0.3643148241602935,6.697662167968864,506.26023132566957,1
21.033333333333335,0.36431482410481547,6.697662167968864,506.26023132572504,1
21.05,0.3643148240504341,6.697662167968864,506.26023132577944,1
21.066666666666666,0.36431482399712783,6.697662167968864,506.26023132583276,1
21.083333333333332,0.36431482394487524,6.697662167968864,506.26023132588494,1
21.1,0.3643148238936556,6.697662167968864,506.2602313259362,1
21.116666666666667,0.3643148238434484,6.697662167968864,506.2602313259864,1
21.133333333333333,0.3643148237942337,6.697662167968864,506.2602313260356,1
21.15,0.36431482374599183,6.697662167968864,506.2602313260839,1
21.166666666666668,0.36431482369870366,6.697662167968864,506.2602313261312,1
21.183333333333334,0.3643148236523503,6.697662167968864,506.26023132617746,1
21.2,0.3643148236069132,6.697662167968864,506.2602313262229,1
21.216666666666665,0.3643148235623743,6.697662167968864,506.2602313262674,1
21.233333333333334,0.3643148235187158,6.697662167968864,506.26023132631116,1
21.25,0.36431482347592037,6.697662167968864,506.2602313263539,1
21.266666666666666,0.3643148234339709,6.697662167968864,506.26023132639585,1
21.283333333333335,0.3643148233928507,6.697662167968864,506.26023132643707,1
21.3,0.36431482335254334,6.697662167968864,506.26023132647725,1
21.316666666666666,0.36431482331303283,6.697662167968864,506.26023132651676,1
21.333333333333332,0.3643148232743033,6.697662167968864,506.2602313265555,1
21.35,0.3643148232363394,6.697662167968864,506.2602313265935,1
21.366666666666667,0.36431482319912595,6.697662167968864,506.2602313266307,1
21.383333333333333,0.3643148231626482,6.697662167968864,506.2602313266672,1
21.4,0.36431482312689145,6.697662167968864,506.2602313267029,1
21.416666666666668,0.3643148230918415,6.697662167968864,506.26023132673805,1
21.433333333333334,0.3643148230574844,6.697662167968864,506.2602313267723,1
21.45,0.3643148230238066,6.697662167968864,506.2602313268061,1
21.466666666666665,0.36431482299079443,6.697662167968864,506.26023132683906,1
21.483333333333334,0.3643148229584348,6.697662167968864,506.26023132687146,1
21.5,0.36431482292671497,6.697662167968864,506.2602313269031,1
21.516666666666666,0.36431482289562217,6.697662167968864,506.2602313269342,1
21.533333333333335,0.36431482286514394,6.697662167968864,506.26023132696474,1
21.55,0.3643148228352682,6.697662167968864,506.2602313269946,1
21.566666666666666,0.3643148228059831,6.697662167968864,506.2602313270239,1
21.583333333333332,0.36431482277727684,6.697662167968864,506.26023132705257,1
21.6,0.36431482274913807,6.697662167968864,506.26023132708076,1
21.616666666666667,0.36431482272155546,6.697662167968864,506.2602313271083,1
21.633333333333333,0.36431482269451815,6.697662167968864,506.2602313271354,1
21.65,0.36431482266801535,6.697662167968864,506.2602313271618,1
21.666666666666668,0.3643148226420364,6.697662167968864,506.2602313271878,1
21.683333333333334,0.364314822616571,6.697662167968864,506.2602313272133,1
21.7,0.364314822591609,6.697662167968864,506.2602313272383,1
21.716666666666665,0.36431482256714043,6.697662167968864,506.2602313272627,1
21.733333333333334,0.36431482254315556,6.697662167968864,506.2602313272867,1
21.75,0.36431482251964487,6.697662167968864,506.26023132731024,1
21.766666666666666,0.36431482249659886,6.697662167968864,506.2602313273332,1
21.783333333333335,0.3643148224740085,6.697662167968864,506.2602313273559,1
21.8,0.3643148224518646,6.697662167968864,506.26023132737805,1
21.816666666666666,0.3643148224301585,6.697662167968864,506.2602313273997,1
21.833333333333332,0.3643148224088815,6.697662167968864,506.260231327421,1
21.85,0.36431482238802515,6.697662167968864,506.2602313274419,1
21.866666666666667,0.36431482236758106,6.697662167968864,506.26023132746235,1
21.883333333333333,0.3643148223475411,6.697662167968864,506.2602313274823,1
21.9,0.36431482232789725,6.697662167968864,506.26023132750197,1
21.916666666666668,0.3643148223086417,6.697662167968864,506.2602313275213,1
21.933333333333334,0.3643148222897668,6.697662167968864,506.26023132754017,1
21.95,0.364314822271265,6.697662167968864,506.2602313275586,1
21.966666666666665,0.36431482225312894,6.697662167968864,506.2602313275768,1
21.983333333333334,0.36431482223535144,6.697662167968864,506.26023132759457,1
22.0,0.3643148222179254,6.697662167968864,506.260231327612,1
22.016666666666666,0.3643148222008437,6.697662167968864,506.26023132762907,1
22.033333333333335,0.3643148221840998,6.697662167968864,506.2602313276457,1
22.05,0.3643148221676868,6.697662167968864,506.26023132766215,1
22.066666666666666,0.36431482215159827,6.697662167968864,506.2602313276783,1
22.083333333333332,0.3643148221358278,6.697662167968864,506.26023132769404,1
22.1,0.36431482212036903,6.697662167968864,506.26023132770945,1
22.116666666666667,0.36431482210521593,6.697662167968864,506.2602313277247,1
22.133333333333333,0.36431482209036226,6.697662167968864,506.2602313277396,1
22.15,0.36431482207580224,6.697662167968864,506.2602313277541,1
22.166666666666668,0.36431482206153004,6.697662167968864,506.26023132776834,1
22.183333333333334,0.36431482204753995,6.697662167968864,506.2602313277823,1
22.2,0.3643148220338264,6.697662167968864,506.2602313277961,1
22.216666666666665,0.364314822020384,6.697662167968864,506.2602313278095,1
22.233333333333334,0.36431482200720733,6.697662167968864,506.26023132782274,1
22.25,0.3643148219942911,6.697662167968864,506.2602313278356,1
22.266666666666666,0.36431482198163023,6.697662167968864,506.26023132784826,1
22.283333333333335,0.36431482196921966,6.697662167968864,506.2602313278607,1
22.3,0.36431482195705434,6.697662167968864,506.2602313278728,1
22.316666666666666,0.36431482194512954,6.697662167968864,506.26023132788475,1
22.333333333333332,0.36431482193344045,6.697662167968864,506.26023132789646,1
22.35,0.36431482192198245,6.697662167968864,506.2602313279079,1
22.366666666666667,0.36431482191075093,6.697662167968864,506.2602313279191,1
22.383333333333333,0.36431482189974146,6.697662167968864,506.26023132793006,1
22.4,0.36431482188894965,6.697662167968864,506.26023132794097,1
22.416666666666668,0.36431482187837116,6.697662167968864,506.2602313279515,1
22.433333333333334,0.3643148218680018,6.697662167968864,506.26023132796183,1
22.45,0.3643148218578374,6.697662167968864,506.26023132797206,1
22.466666666666665,0.3643148218478739,6.697662167968864,506.260231327982,1
22.483333333333334,0.36431482183810737,6.697662167968864,506.2602313279918,1
22.5,0.36431482182853386,6.697662167968864,506.26023132800134,1
22.516666666666666,0.3643148218191496,6.697662167968864,506.26023132801066,1
22.533333333333335,0.3643148218099509,6.697662167968864,506.26023132801987,1
22.55,0.364314821800934,6.697662167968864,506.2602313280289,1
22.566666666666666,0.36431482179209546,6.697662167968864,506.2602313280378,1
22.583333333333332,0.36431482178343155,6.697662167968864,506.2602313280464,1
22.6,0.36431482177493885,6.697662167968864,506.260231328055,1
22.616666666666667,0.3643148217666141,6.697662167968864,506.2602313280633,1
22.633333333333333,0.3643148217584539,6.697662167968864,506.2602313280714,1
22.65,0.364314821750455,6.697662167968864,506.2602313280794,1
22.666666666666668,0.3643148217426142,6.697662167968864,506.2602313280873,1
22.683333333333334,0.36431482173492846,6.697662167968864,506.26023132809496,1
22.7,0.3643148217273946,6.697662167968864,506.2602313281025,1
22.716666666666665,0.3643148217200097,6.697662167968864,506.2602313281099,1
22.733333333333334,0.3643148217127707,6.697662167968864,506.26023132811713,1
22.75,0.36431482170567486,6.697662167968864,506.26023132812423,1
22.766666666666666,0.3643148216987193,6.697662167968864,506.2602313281311,1
22.783333333333335,0.3643148216919012,6.697662167968864,506.26023132813805,1
22.8,0.36431482168521795,6.697662167968864,506.2602313281447,1
22.816666666666666,0.36431482167866674,6.697662167968864,506.26023132815124,1
22.833333333333332,0.3643148216722451,6.697662167968864,506.26023132815766,1
22.85,0.3643148216659503,6.697662167968864,506.2602313281639,1
22.866666666666667,0.36431482165978,6.697662167968864,506.2602313281701,1
22.883333333333333,0.36431482165373175,6.697662167968864,506.2602313281762,1
22.9,0.36431482164780293,6.697662167968864,506.2602313281821,1
22.916666666666668,0.36431482164199136,6.697662167968864,506.26023132818784,1
22.933333333333334,0.36431482163629464,6.697662167968864,506.26023132819364,1
22.95,0.3643148216307106,6.697662167968864,506.2602313281992,1
22.966666666666665,0.3643148216252369,6.697662167968864,506.2602313282046,1
22.983333333333334,0.36431482161987144,6.697662167968864,506.26023132821007,1
23.0,0.364314821614612,6.697662167968864,506.2602313282153,1
23.016666666666666,0.3643148216094565,6.697662167968864,506.2602313282204,1
23.033333333333335,0.3643148216044029,6.697662167968864,506.26023132822553,1
23.05,0.3643148215994493,6.697662167968864,506.2602313282305,1
23.066666666666666,0.3643148215945936,6.697662167968864,506.26023132823525,1
23.083333333333332,0.36431482158983386,6.697662167968864,506.26023132824,1
23.1,0.36431482158516826,6.697662167968864,506.2602313282447,1
23.116666666666667,0.3643148215805948,6.697662167968864,506.2602313282493,1
23.133333333333333,0.3643148215761118,6.697662167968864,506.26023132825384,1
23.15,0.36431482157171735,6.697662167968864,506.26023132825816,1
23.166666666666668,0.36431482156740985,6.697662167968864,506.2602313282625,1
23.183333333333334,0.36431482156318745,6.697662167968864,506.2602313282667,1
23.2,0.3643148215590486,6.697662167968864,506.2602313282708,1
23.216666666666665,0.3643148215549915,6.697662167968864,506.2602313282749,1
23.233333333333334,0.36431482155101463,6.697662167968864,506.2602313282789,1
23.25,0.3643148215471163,6.697662167968864,506.26023132828277,1
23.266666666666666,0.36431482154329514,6.697662167968864,506.2602313282866,1
23.283333333333335,0.3643148215395495,6.697662167968864,506.26023132829033,1
23.3,0.3643148215358779,6.697662167968864,506.260231328294,1
23.316666666666666,0.3643148215322789,6.697662167968864,506.26023132829766,1
23.333333333333332,0.36431482152875105,6.697662167968864,506.26023132830113,1
23.35,0.3647939754565035,6.251002043151798,505.8116671112095,0
23.366666666666667,0.36589131784765533,5.669000829157492,505.22556312782876,0
23.383333333333333,0.3675573564658538,5.127450020772201,504.6781212606281,0
23.4,0.3697030449685614,4.66508502508881,504.20853743341564,0
23.416666666666668,0.37224767222907235,4.275793656263109,503.81105008145335,0
23.433333333333334,0.3751268377848517,3.9455213840453394,503.47184733624715,0
23.45,0.3782904108376538,3.66171318716795,503.17853881584807,0
23.466666666666665,0.38169916111702595,3.4146833342270018,502.92155115303336,0
23.483333333333334,0.385321951752892,3.1971867983360074,502.6937171642538,0
23.5,0.3891336741470157,3.0037895300620363,502.4896576924953,0
23.516666666666666,0.39311377026317396,2.8303603043448367,502.30528092438544,0
23.533333333333335,0.39724517306074997,2.6737061764066645,502.1374227067481,0
23.55,0.4015135372463903,2.53131825228427,501.9835955247578,0
23.566666666666666,0.40590667192929897,2.401194313979677,501.84181327848387,0
23.583333333333332,0.4104141153214707,2.2817136843674923,501.7104676148488,0
23.6,0.41502681088827165,2.1715476141766623,501.58823933126996,0
23.616666666666667,0.4197368571203223,2.0695940717301857,501.4740338808723,0
23.633333333333333,0.42453731157357283,1.9749295349142795,501.36693367537646,0
23.65,0.4294220355099895,1.8867728124923646,501.26616227632417,0
23.666666666666668,0.43438556933732403,1.8044575083637804,501.17105713067446,0
23.683333333333334,0.4394230317144729,1.7274107886206447,501.08104853936743,0
23.7,0.44453003705785354,1.6551368100096295,500.9956432372001,0
23.716666666666665,0.44970262751248063,1.587203641669108,500.9144114296178,0
23.733333333333334,0.4549372164085572,1.52323283718787,500.8369764531373,0
23.75,0.46023054092316945,1.462891040635638,500.7630064499404,0
23.766666666666666,0.4655796221831084,1.4058831702946837,500.69220760532886,0
23.783333333333335,0.47098173143093275,1.351946838383865,500.62431860994207,0
23.8,0.4764343611681398,1.3008477480675447,500.55910609068087,0
23.816666666666666,0.481935200412014,1.2523758698791538,500.49636081443714,0
23.833333333333332,0.4874821133743121,1.2063422447709427,500.4358945133101,0
23.85,0.49307312100332823,1.1625762947532556,500.37753721338527,0
23.866666666666667,0.49870638493542624,1.120923547602463,500.3211349743998,0
23.883333333333333,0.504380193484701,1.0812437015821155,500.26654796688706,0
23.9,0.5100929493651347,1.0434089711006809,500.2136488282246,0
23.916666666666668,0.5158431588922476,1.0073026658487163,500.16232125051806,0
23.933333333333334,0.5216294224536836,0.9728179650415002,500.1124587622531,0
23.95,0.5274504260726058,0.9398568555449125,500.06396367273265,0
23.966666666666665,0.5333049339158639,0.9083292083323796,500.01674615394086,0
23.983333333333334,0.5391917816219473,0.8781519722448222,499.97072343895746,0
24.0,0.5451098703427429,0.8492484676578109,499.9258191196495,0
24.016666666666666,0.5510581614088648,0.8215477655933245,499.8819625292787,0
24.033333333333335,0.5570356715414337,0.794984140195269,499.8390881980241,0
24.05,0.5630414685441544,0.7694965844320969,499.79713537134893,0
24.066666666666666,0.5690746674187365,0.7450283804848736,499.7560475827259,0
24.083333333333332,0.5751344268544782,0.7215267175938769,499.71577227353845,0
24.1,0.5812199460493883,0.698942351225504,499.67626045405785,0
24.116666666666667,0.5873304618258139,0.6772292983265593,499.6374664002931,0
24.133333333333333,0.593465246008288,0.6563445641890809,499.5993473822665,0
24.15,0.5996236030353823,0.636247897082784,499.5618634198898,0
24.166666666666668,0.605804867780839,0.6169015673455552,499.52497706315427,0
24.183333333333334,0.6120084035622547,0.5982701680729906,499.48865319378956,0
24.2,0.6182336003181852,0.5803204349298833,499.4528588459292,0
24.216666666666665,0.6244798729367764,0.5630210829312555,499.41756304364105,0
24.233333333333334,0.6307466597209778,0.5463426583175297,499.3827366534587,0
24.25,0.6370334209770824,0.5302574038854981,499.34835225028456,0
24.266666666666666,0.6433396377148187,0.5147391363402605,499.314383995236,0
24.283333333333335,0.6496648104485058,0.4997631344083041,499.28080752418396,0
24.3,0.6560084580899167,0.4853060366030747,499.247599845879,0
24.316666666666666,0.6623701169244907,0.4713457476651985,499.21473924869474,0
24.333333333333332,0.668749339663401,0.4578613528129056,499.18220521512677,0
24.35,0.6751456945647683,0.44483303903687266,499.14997834328716,0
24.366666666666667,0.6815587646179784,0.43224202275980017,499.1180402747178,0
24.383333333333333,0.6879881467856774,0.42007048325605684,499.08637362792234,0
24.4,0.6944334512985451,0.40830150129265924,499.05496193707955,0
24.416666666666668,0.700894300998427,0.39691900251052187,499.0237895954619,0
24.433333333333334,0.7073703307258306,0.38590770511575334,498.9928418031302,0
24.45,0.7138611867481622,0.37525307149551085,498.96210451852227,0
24.466666666666665,0.7203665262254293,0.36494126341243566,498.931564413591,0
24.483333333333334,0.7268860167104241,0.35495910046667245,498.90120883218367,0
24.5,0.733419335680685,0.3452940215454187,498.8710257513843,0
24.516666666666666,0.739966170099768,0.33593404900751045,498.841003745568,0
24.533333333333335,0.7465262160055822,0.32686775537493484,498.8111319529406,0
24.55,0.7530991781237424,0.31808423232506366,498.78140004436045,0
24.566666666666666,0.759684769504063,0.3095730617967335,498.75179819425495,0
24.583333333333332,0.7662827111784855,0.30132428904077513,498.7223170534657,0
24.6,0.7728927318388682,0.2933283974611064,498.69294772386843,0
24.616666666666667,0.779514567533208,0.2855762851064733,498.6636817346296,0
24.633333333333333,0.7861479613789717,0.2780592426854585,498.6345110199737,0
24.65,0.7927926632923306,0.2707689329886205,498.60542789834557,0
24.666666666666668,0.7994484297321879,0.2636973716117939,498.5764250528636,0
24.683333333333334,0.8061150234579755,0.25683690888372057,498.5474955129677,0
24.7,0.8127922133002787,0.25018021290943016,498.5186326371741,0
24.716666666666665,0.8194797739434242,0.2437202536482652,498.48983009685765,0
24.733333333333334,0.8261774857192306,0.23745028795221146,498.4610818609869,0
24.75,0.8328851344111832,0.23136384549628614,498.4323821817464,0
24.766666666666666,0.8396025110683529,0.22545471553834384,498.4037255809822,0
24.783333333333335,0.8463294118284299,0.21971693445066673,498.3751068374156,0
24.8,0.8530656377492868,0.21414477397031095,498.34652097457166,0
24.816666666666666,0.8598109946485362,0.20873273011937,498.31796324937477,0
24.833333333333332,0.8665652929505798,0.2034755127501178,498.2894291413668,0
24.85,0.8733283475406882,0.19836803567346029,498.26091434250696,0
24.866666666666667,0.8800999776256815,0.19340540733232525,498.2324147475157,0
24.883333333333333,0.8868800066008113,0.18858292198449253,498.20392644472713,0
24.9,0.8936682619224766,0.18389605136204795,498.17544570741876,0
24.916666666666668,0.9004645749864263,0.1793404367770556,498.14696898558714,0
24.933333333333334,0.9072687810111323,0.1749118816452894,498.118492898143,0
24.95,0.9140807189260317,0.17060634440190262,498.0900142255002,0
24.966666666666665,0.9209002312643645,0.16641993178479167,498.06152990253315,0
24.983333333333334,0.9277271640603479,0.16234889246315093,498.03303701188264,0
25.0,0.934561366750445,0.1583896109902763,498.0045327775877,0
25.016666666666666,0.941402692078506,0.1545386020611793,497.9760145590261,0
25.033333333333335,0.9482509948054388,0.15079250505688055,497.94747987781494,0
25.05,0.9551061352552449,0.14714807889638024,497.91892631330927,0
25.066666666666666,0.9619679755592893,0.14360219699749277,497.8903515973655,0
25.083333333333332,0.9688363808116714,0.14015184268006048,497.861753575701,0
25.1,0.9757112189908342,0.1367941046771233,497.83313020310715,0
25.116666666666667,0.9825923608839866,0.13352617287830382,497.80447953889836,0
25.133333333333333,0.9894796800141918,0.13034533427655262,497.7757997425686,0
25.15,0.9963730525699916,0.12724896910514116,497.7470890696445,0
25.166666666666668,1.0032723573374391,0.12423454715417251,497.7183458677212,0
25.183333333333334,1.0101774756344295,0.12129962425673967,497.6895685726742,0
25.2,1.017088291247217,0.11844183893555796,497.6607557050356,0
25.216666666666665,1.024004690369019,0.11565890920146954,497.6319058665294,0
25.233333333333334,1.0309265615406078,0.1129486294957555,497.60301773675366,0
25.25,1.0378537955928062,0.11030886776870288,497.5740900700066,0
25.266666666666666,1.0447862855907977,0.1077375626873165,497.54512169224563,0
25.283333333333335,1.0517239267801723,0.10523272096551585,497.516111498176,0
25.3,1.058666616534636,0.10279241481053779,497.48705844845966,0
25.316666666666666,1.065614254305309,0.10041477947965771,497.4579615670415,0
25.333333333333332,1.072566741571551,0.0980980109416707,497.4288199385851,0
25.35,1.0795239817932452,0.09584036363791507,497.39963270601453,0
25.366666666666667,1.0864858803644863,0.09364014833791254,497.3703990681552,0
25.383333333333333,1.0934523445686135,0.0914957300849819,497.3411182774719,0
25.4,1.1004232835345364,0.08940552622746034,497.3117896378966,0
25.416666666666668,1.107398608194305,0.08736800453139498,497.2824125027447,0
25.433333333333334,1.1143782312418715,0.0853816813708083,497.25298627271343,0
25.45,1.1213620670930058,0.08344511999186088,497.22351039396,0
25.466666666666665,1.1283500318463147,0.08155692884742863,497.1939843562562,0
25.483333333333334,1.1353420432453307,0.07971575999880663,497.1644076912145,0
25.5,1.142338020641627,0.07792030758142844,497.1347799705848,0
25.516666666666666,1.1493378849589235,0.0761693063316592,497.1051008046167,0
25.533333333333335,1.1563415586581507,0.07446153017187128,497.07536984048585,0
25.55,1.163348965703437,0.07279579085116372,497.0455867607806,0
25.566666666666666,1.170360031528986,0.07117093663922658,497.0157512820479,0
25.583333333333332,1.1773746830068175,0.06958585107097175,496.98586315339367,0
25.6,1.1843928484153416,0.06803945173968497,496.9559221551382,0
25.616666666666667,1.1914144574087373,0.0665306891365641,496.9259280975216,0
25.633333333333333,1.1984394409871093,0.06505854553461243,496.8958808194594,0
25.65,1.2054677314674054,0.06362203391496637,496.86578018734417,0
25.666666666666668,1.2124992624550566,0.062220196933825404,496.8356260938939,0
25.683333333333334,1.2195339688163314,0.060852105928249425,496.8054184570423,0
25.7,1.2265717866513723,0.05951685995916446,496.7751572188723,0
25.716666666666665,1.2336126532679,0.058213584890012264,496.7448423445881,0
25.733333333333334,1.240656507155559,0.05694143249953867,496.71447382152667,0
25.75,1.247703287960894,0.05569957962730023,496.68405165820616,0
25.766666666666666,1.254752936462928,0.05448722735053501,496.653575883409,0
25.783333333333335,1.2618053945493337,0.05330360019109859,496.6230465453002,0
25.8,1.268860605193176,0.05214794535123734,496.5924637105775,0
25.816666666666666,1.2759185124302082,0.05101953197702348,496.5618274636534,0
25.833333333333332,1.2829790613367122,0.049917650448331796,496.531137905868,0
25.85,1.2900421980078622,0.04884161169428754,496.5003951547297,0
25.866666666666667,1.2971078695365945,0.04779074653316865,496.4695993431855,0
25.883333333333333,1.30417602399298,0.046764405035784246,496.4387506189169,0
25.9,1.311246610404075,0.045761955911403675,496.40784914366265,0
25.916666666666668,1.3183195787342412,0.04478278591534521,496.37689509256643,0
25.933333333333334,1.325394879865925,0.043826299277374754,496.34588865354766,0
25.95,1.3324724655808777,0.0428919171501051,496.31483002669677,0
25.966666666666665,1.3395522885418114,0.04197907707661827,496.28371942369154,0
25.983333333333334,1.3466343022744731,0.04108723247657028,496.25255706723624,0
26.0,1.3537184611501307,0.04021585215006543,496.22134319051986,0
26.016666666666666,1.3608047203684592,0.039364419798623464,496.19007803669547,0
26.033333333333335,1.3678930359408117,0.03853243356258834,496.1587618583782,0
26.05,1.3749833646738747,0.037719405574354645,496.12739491716206,0
26.066666666666666,1.3820756641536867,0.03692486152681629,496.09597748315394,0
26.083333333333332,1.389169892730023,0.03614834025646687,496.06450983452544,0
26.1,1.3962660095011248,0.03538939334060095,496.03299225708105,0
26.116666666666667,1.4033639742987754,0.034647584708094765,496.00142504384183,0
26.133333333333333,1.4104637476737054,0.033922490263261974,495.96980849464495,0
26.15,1.4175652908813252,0.033213697522302056,495.938142915758,0
26.166666666666668,1.4246685658677747,0.03252080526187645,495.9064286195071,0
26.183333333333334,1.4317735352562788,0.03184342317937349,495.87466592391945,0
26.2,1.4388801623338066,0.031181171564431346,495.84285515237866,0
26.216666666666665,1.4459884110380252,0.030533680981310506,495.810996633293,0
26.233333333333334,1.4530982459445385,0.02990059196172853,495.77909069977613,0
26.25,1.460209632254405,0.029281554707771815,495.74713768933947,0
26.266666666666666,1.4673225357819304,0.028676228804530184,495.71513794359646,0
26.283333333333335,1.4744369229427268,0.028084282942102214,495.6830918079773,0
26.3,1.4815527607420282,0.027505394646637732,495.6509996314552,0
26.316666666666666,1.488670016763264,0.026939250020099084,495.6188617662818,0
26.333333333333332,1.4957886591568774,0.02638554348842925,495.5866785677338,0
26.35,1.5029086566293854,0.025843977557833058,495.55445039386836,0
26.366666666666667,1.5100299784326763,0.02531426257888536,495.52217760528777,0
26.383333333333333,1.5171525943535338,0.024796116518191403,495.48986056491356,0
26.4,1.5242764747033912,0.024289264737337356,495.4574996377688,0
26.416666666666668,1.5314015903083007,0.023793439778875786,495.425095190769,0
26.433333333333334,1.538527912499118,0.02330838115910341,495.39264759252035,0
26.45,1.5456554131018967,0.022833835167395785,495.3601572131271,0
26.466666666666665,1.552784064428487,0.022369554671872762,495.32762442400497,0
26.483333333333334,1.5599138392673326,0.021915298931178048,495.2950495977024,0
26.5,1.567044710874465,0.02147083341216284,495.26243310772907,0
26.516666666666666,1.5741766529646843,0.02103592961327245,495.2297753283905,0
26.533333333333335,1.5813096397029291,0.02061036489344167,495.1970766346296,0
26.55,1.5884436456958284,0.02019392230631188,495.1643374018746,0
26.566666666666666,1.5955786459834251,0.019786390439590535,495.13155800589226,0
26.583333333333332,1.6027146160310817,0.01938756325937821,495.09873882264793,0
26.6,1.6098515317215454,0.018997239959298223,495.0658802281705,0
26.616666666666667,1.6169893693471877,0.018615224814266144,495.0329825984232,0
26.633333333333333,1.6241281056023995,0.01824132703874399,495.0000463091795,0
26.65,1.631267717576145,0.017875360649331366,494.967071735904,0
26.666666666666668,1.638408182744671,0.017517144331547874,494.9340592536387,0
26.683333333333334,1.6455494789643674,0.017166501310667503,494.90100923689306,0
26.7,1.6526915844647723,0.01682325922647265,494.86792205953975,0
26.716666666666665,1.6598344778417236,0.016487250011797426,494.834798094714,0
26.733333333333334,1.6669781380506496,0.01615830977473571,494.8016377147174,0
26.75,1.674122544399998,0.015836278684394352,494.7684412909262,0
26.766666666666666,1.6812676765447985,0.01552100086007488,494.7352091937029,0
26.783333333333335,1.688413514480356,0.015212324263772765,494.7019417923124,0
26.8,1.6955600385360738,0.014910100595885264,494.66863945484135,0
26.816666666666666,1.7027072293694012,0.014614185194025353,494.6353025481213,0
26.833333333333332,1.7098550679599027,0.014324436934838928,494.6019314376549,0
26.85,1.7170035356034494,0.014040718138731098,494.56852648754636,0
26.866666666666667,1.7241526139065249,0.013762894477405505,494.53508806043413,0
26.883333333333333,1.7313022847806476,0.013490834884128272,494.50161651742707,0
26.9,1.738452530436904,0.01322441146662789,494.468112218044,0
26.916666666666668,1.7456033333805907,0.012963499422547781,494.4345755201554,0
26.933333333333334,1.7527546764059667,0.012707976957369754,494.4010067799286,0
26.95,1.7599065425911042,0.012457725204730732,494.3674063517753,0
26.966666666666665,1.7670589152928498,0.012212628149054734,494.33377458830154,0
26.983333333333334,1.7742117781418767,0.011972572550430062,494.300111840261,0
27.0,1.7813651150378427,0.01173744787165811,494.26641845650954,0
27.016666666666666,1.7885189101446393,0.011507146207406794,494.23269478396315,0
27.033333333333335,1.7956731478857355,0.011281562215402928,494.1989411675574,0
27.05,1.8028278129396118,0.0110605930495984,494.16515795020973,0
27.066666666666666,1.8099828902352872,0.010844138295249873,494.13134547278327,0
27.083333333333332,1.8171383649479298,0.010632099905851672,494.09750407405306,0
27.1,1.8242942224945549,0.010424382141864315,494.0636340906742,0
27.116666666666667,1.8314504485298064,0.010220891511183643,494.0297358571517,0
27.133333333333333,1.8386070289418204,0.010021536711295659,493.99580970581235,0
27.15,1.8457639498481688,0.00982622857306636,493.96185596677844,0
27.166666666666668,1.8529211975918811,0.009634880006115395,493.92787496794267,0
27.183333333333334,1.8600787587375422,0.009447405945725056,493.8938670349457,0
27.2,1.8672366200674668,0.00926372330123795,493.8598324911541,0
27.216666666666665,1.8743947685779463,0.009083750905897478,493.82577165764087,0
27.233333333333334,1.8815531914755668,0.008907409468087886,493.7916848531665,0
27.25,1.8887118761735981,0.008734621523929995,493.7575723941624,0
27.266666666666666,1.8958708102884536,0.008565311391193263,493.723434594715,0
27.283333333333335,1.9030299816362115,0.008399405124482994,493.68927176655166,0
27.3,1.910189378229209,0.008236830471664595,493.65508421902706,0
27.316666666666666,1.917348988272696,0.00807751683148818,493.6208722591122,0
27.333333333333332,1.9245088001615545,0.007921395212376784,493.5866361913832,0
27.35,1.9316688024770776,0.0077683981923437825,493.5523763180121,0
27.366666666666667,1.93882898398381,0.007618459880005431,493.51809293875823,0
27.383333333333333,1.945989333626449,0.007471515876656235,493.48378635096134,0
27.4,1.9531498405268013,0.007327503239375269,493.4494568495347,0
27.416666666666668,1.9603104939807963,0.007186360445133192,493.4151047269604,0
27.433333333333334,1.967471283455557,0.007048027355869894,493.3807302732849,0
27.45,1.9746321985865245,0.006912445184514389,493.34633377611533,0
27.466666666666665,1.981793229174634,0.006779556461919482,493.3119155206173,0
27.483333333333334,1.9889543651835446,0.006649305004683592,493.27747578951295,0
27.5,1.9961155967369195,0.006521635883834469,493.2430148630803,0
27.516666666666666,2.003276914115756,0.006396495394349283,493.20853301915315,0
27.533333333333335,2.0104383077557673,0.006273831025486635,493.1740305331216,0
27.55,2.017599768244804,0.006153591431907006,493.1395076779336,0
27.566666666666666,2.0247612863203317,0.006035726405558686,493.1049647240973,0
27.583333333333332,2.0319228528669524,0.00592018684830707,493.0704019396832,0
27.6,2.0390844589139654,0.005806924745285758,493.03581959032846,0
27.616666666666667,2.0462460956329793,0.0056958931389487315,493.00121793924006,0
27.633333333333333,2.0534077543355616,0.00558704610380351,492.9665972472003,0
27.65,2.0605694264709356,0.005480338721805552,492.9319577725715,0
27.666666666666668,2.0677311036237134,0.005375727058395189,492.89729977130185,0
27.683333333333334,2.0748927775116752,0.005273168139158747,492.862623496932,0
27.7,2.0820544399835836,0.005172619927095829,492.8279292006017,0
27.716666666666665,2.089216083017039,0.005074041300475875,492.79321713105696,0
27.733333333333334,2.0963776987163727,0.0049773920312671804,492.7584875346583,0
27.75,2.1035392793105783,0.004882632764122025,492.7237406553885,0
27.766666666666666,2.1107008171512796,0.004789724995902428,492.6889767348617,0
27.783333333333335,2.1178623047107306,0.0046986310557313605,492.65419601233197,0
27.8,2.125023734579859,0.004609314085554384,492.61939872470305,0
27.816666666666666,2.132185099466336,0.004521738021197827,492.58458510653855,0
27.833333333333332,2.139346392192683,0.00443586757390924,492.5497553900714,0
27.85,2.146507605694413,0.004351668212366952,492.5149098052148,0
27.866666666666667,2.1536687330182036,0.004269106145145658,492.4800485795734,0
27.883333333333333,2.1608297673200996,0.004188148303625191,492.4451719384538,0
27.9,2.167990701863749,0.0041087623253305,492.41028010487656,0
27.916666666666668,2.1751515300186712,0.004030916537690828,492.3753732995877,0
27.933333333333334,2.1823122452585504,0.003954579942206431,492.3404517410708,0
27.95,2.189472841159565,0.0038797221990117974,492.3055156455595,0
27.966666666666665,2.1966333113987386,0.0038063136118244834,492.27056522704964,0
27.983333333333334,2.203793649752326,0.003734325113269002,492.2356006973122,0
28.0,2.2109538500942207,0.0036637282505654154,492.2006222659065,0
28.016666666666666,2.218113906394397,0.003594495171572975,492.1656301401929,0
28.033333333333335,2.2252738127173717,0.0035265986111790875,492.13062452534666,0
28.05,2.2324335632206957,0.003460011878023989,492.0956056243714,0
28.066666666666666,2.2395931521534704,0.003394708841552485,492.0605736381126,0
28.083333333333332,2.246752573854891,0.0033306639193836445,492.02552876527193,0
28.1,2.253911822752812,0.0032678520649900566,491.9904712024208,0
28.116666666666667,2.2610708933623385,0.0032062487556783147,491.95540114401496,0
28.133333333333333,2.2682297802844387,0.0031458299808625433,491.9203187824088,0
28.15,2.2753884782045857,0.0030865722306234796,491.8852243078697,0
28.166666666666668,2.282546981891416,0.0030284524845450443,491.85011790859255,0
28.183333333333334,2.2897052861954132,0.002971448200821535,491.8149997707148,0
28.2,2.296863386047614,0.0029155373056278596,491.7798700783308,0
28.216666666666665,2.3040212764583354,0.0028606981827461117,491.74472901350725,0
28.233333333333334,2.3111789525159216,0.002806909663441636,491.7095767562976,0
28.25,2.318336409385516,0.0027541510165820164,491.6744134847575,0
28.266666666666666,2.32549364230785,0.0027024019389926606,491.63923937495974,0
28.283333333333335,2.3326506465980508,0.002651642546042752,491.6040546010095,0
28.3,2.3398074176444728,0.0026018533624556223,491.56885933506,0
28.316666666666666,2.3469639509075475,0.0025530153133375387,491.5336537473269,0
28.333333333333332,2.354120241918651,0.0025051097154195194,491.4984380061045,0
28.35,2.361276286278988,0.002458118268506216,491.46321227778077,0
28.366666666666667,2.3684320796584997,0.0024120230471270858,491.4279767268529,0
28.383333333333333,2.3755876177947868,0.002366806492384028,491.3927315159426,0
28.4,2.38274289649205,0.002322451403990977,491.3574768058116,0
28.416666666666668,2.3898979116200425,0.0022789409325000526,491.3222127553774,0
28.433333333333334,2.397052659113056,0.0022362585717098267,491.2869395217285,0
28.45,2.4042071349689036,0.002194388151250981,491.25165726014006,0
28.466666666666665,2.4113613352479297,0.002153313829344633,491.21636612408935,0
28.483333333333334,2.4185152560720358,0.0021130200857292377,491.1810662652712,0
28.5,2.425668893623722,0.002073491714751576,491.1457578336138,0
28.516666666666666,2.43282224414514,0.00203471381861771,491.11044097729376,0
28.533333333333335,2.4399753039371634,0.0019966718008000536,491.075115842752,0
28.55,2.4471280693584774,0.001959351359596297,491.039782574709,0
28.566666666666666,2.454280536824678,0.0019227384818366491,491.00444131618036,0
28.583333333333332,2.4614327028073846,0.0018868194367355486,490.9690922084921,0
28.6,2.468584563833375,0.0018515807698842835,490.9337353912962,0
28.616666666666667,2.4757361164837257,0.0018170092973809249,490.8983710025857,0
28.633333333333333,2.482887357392967,0.001783092100094301,490.8629991787105,0
28.65,2.4900382832482593,0.0017498165180584852,490.82762005439196,0
28.666666666666668,2.497188890788572,0.001717170144994751,490.79223376273893,0
28.683333333333334,2.5043391768038843,0.0016851408229577414,490.75684043526223,0
28.7,2.5114891381343933,0.0016537166371027813,490.7214402018903,0
28.716666666666665,2.5186387716697367,0.0016228859105714161,490.68603319098384,0
28.733333333333334,2.5257880743482293,0.0015926371994922557,490.6506195293516,0
28.75,2.532937043156107,0.0015629592880941725,490.6151993422645,0
28.766666666666666,2.54008567512679,0.0015338411839293823,490.57977275347105,0
28.783333333333335,2.5472339673401496,0.0015052721132034507,490.54433988521214,0
28.8,2.5543819169217925,0.0014772415162097527,490.50890085823596,0
28.816666666666666,2.5615295210423557,0.001449739042865862,490.4734557918124,0
28.833333333333332,2.56867677691681,0.001422754548349359,490.43800480374813,0
28.85,2.5758236818037745,0.0013962780888306776,490.40254801040095,0
28.866666666666667,2.5829702330048474,0.0013702999173006295,490.3670855266945,0
28.883333333333333,2.590116427863938,0.0013448104794903752,490.3316174661326,0
28.9,2.597262263766618,0.0013198004098815403,490.2961439408136,0
28.916666666666668,2.60440773813948,0.0012952605278044303,490.26066506144485,0
28.933333333333334,2.6115528484495028,0.0012711818336221307,490.2251809373569,0
28.95,2.6186975922034312,0.0012475555049985241,490.1896916765175,0
28.966666666666665,2.6258419669471635,0.0012243728932481652,490.154197385546,0
28.983333333333334,2.63298597026515,0.0012016255197661425,490.1186981697271,0
29.0,2.6401295997797947,0.0011793050725359651,490.0831941330248,0
29.016666666666666,2.6472728531508776,0.0011574034027136532,490.0476853780964,0
29.033333333333335,2.654415728074978,0.0011359125212862667,490.01217200630583,0
29.05,2.6615582222849055,0.0011148245958030668,489.97665411773795,0
29.066666666666666,2.668700333549147,0.0010941319471776607,489.94113181121156,0
29.083333333333332,2.6758420596713157,0.0010738270465594152,489.90560518429334,0
29.1,2.6829833984896125,0.0010539025122725404,489.8700743333108,0
29.116666666666667,2.6901243478762953,0.0010343511068213128,489.834539353366,0
29.133333333333333,2.6972649057371534,0.0010151657339597777,489.79900033834843,0
29.15,2.7044050700109925,0.000996339435824602,489.7634573809486,0
29.166666666666668,2.711544838669131,0.0009778653901294208,489.7279105726704,0
29.183333333333334,2.718684209714897,0.0009597369074194559,489.6923600038448,0
29.2,2.7258231811831393,0.0009419474283848199,489.6568057636421,0
29.216666666666665,2.7329617511397424,0.0009244905212313351,489.6212479400851,0
29.233333333333334,2.7400999176811496,0.0009073598791073843,489.58568662006144,0
29.25,2.747237678933895,0.0008905493175856456,489.55012188933654,0
29.266666666666666,2.75437503305414,0.000874052772198362,489.5145538325657,0
29.283333333333335,2.761511978227223,0.0008578642960249336,489.4789825333067,0
29.3,2.768648512667204,0.0008419780573307031,489.4434080740321,0
29.316666666666666,2.775784634616433,0.0008263883372557102,489.4078305361412,0
29.333333333333332,2.7829203423451085,0.0008110895275522695,489.3722499999727,0
29.35,2.7900556341508533,0.0007960761283703424,489.3366665448158,0
29.366666666666667,2.797190508358295,0.0007813427460895233,489.3010802489229,0
29.383333333333333,2.804324963318649,0.0007668840911966545,489.2654911895213,0
29.4,2.811458997409313,0.0007526949762080632,489.2298994428243,0
29.416666666666668,2.8185926090334634,0.0007387703136353062,489.1943050840435,0
29.433333333333334,2.8257257966196616,0.0007251051139935796,489.1587081873999,0
29.45,2.8328585586214636,0.0007116944838517317,489.12310882613554,0
29.466666666666665,2.839990893517036,0.0006985336239230539,489.0875070725248,0
29.483333333333334,2.84712279980878,0.0006856178271957977,489.0519029978856,0
29.5,2.854254276022958,0.0006729424771027042,489.01629667259033,0
29.516666666666666,2.861385320709331,0.0006605030457285223,488.98068816607713,0
29.533333333333335,2.868515932440792,0.0006482950920547844,488.9450775468607,0
29.55,2.8756461098130175,0.0006363142602409552,488.90946488254315,0
29.566666666666666,2.882775851444114,0.0006245562779411638,488.87385023982495,0
29.583333333333332,2.8899051559742746,0.0006130169546557454,488.83823368451493,0
29.6,2.8970340220654416,0.0006016921801168214,488.80261528154176,0
29.616666666666667,2.904162448400971,0.0005905779227071584,488.7669950949637,0
29.633333333333333,2.9112904336853043,0.0005796702279115798,488.73137318797905,0
29.65,2.9184179766436467,0.0005689652168002474,488.6957496229366,0
29.666666666666668,2.9255450760216446,0.0005584590845430536,488.66012446134584,0
29.683333333333334,2.9326717305850756,0.0005481480989545127,488.6244977638866,0
29.7,2.9397979391195372,0.0005380285990684464,488.5888695904195,0
29.716666666666665,2.946923700430145,0.0005280969937418269,488.5532399999958,0
29.733333333333334,2.9540490133412303,0.0005183497602871351,488.5176090508666,0
29.75,2.961173876696045,0.0005087834431326496,488.48197680049316,0
29.766666666666666,2.9682982893564747,0.0004993946525100066,488.4463433055564,0
29.783333333333335,2.9754222502027474,0.0004901800631685045,488.4107086219662,0
29.8,2.9825457581331567,0.00048113641311552194,488.3750728048706,0
29.816666666666666,2.989668812063778,0.00047226050238251353,488.3394359086659,0
29.833333333333332,2.9967914109282043,0.00046354919181605637,488.3037979870048,0
29.85,3.0039135536772674,0.0004549994018933541,488.26815909280674,0
29.866666666666667,3.01103523927878,0.000446608111561715,488.23251927826584,0
29.883333333333333,3.018156466717271,0.0004383723571014921,488.19687859486044,0
29.9,3.02527723499373,0.00043028923101196903,488.1612370933619,0
29.916666666666668,3.0323975431253527,0.00042235588091970135,488.12559482384324,0
29.933333333333334,3.0395173901452948,0.00041456950850885725,488.08995183568805,0
29.95,3.046636775102422,0.00040692736847306447,488.0543081775986,0
29.966666666666665,3.0537556970610726,0.0003994267674883264,488.0186638976048,0
29.983333333333334,3.0608741551008167,0.0003920650632065461,487.98301904307266,0
30.0,3.0679921483162227,0.0003848396632692402,487.9473736607122,0
30.016666666666666,3.0751096758166274,0.0003777480243410002,487.9117277965858,0
30.033333333333335,3.082226736725907,0.00037078765116229187,487.87608149611685,0
30.05,3.089343330182252,0.0003639560956211893,487.840434804097,0
30.066666666666666,3.0964594553379525,0.00035725095584363827,487.8047877646949,0
30.083333333333332,3.103575111359173,0.000350669875301867,487.7691404214635,0
30.1,3.110690297425746,0.0003442105419405576,487.7334928173483,0
30.116666666666667,3.117805012730957,0.00033787068732041775,487.69784499469483,0
30.133333333333333,3.1249192564813364,0.0003316480857787724,487.66219699525647,0
30.15,3.132033027896461,0.0003255405536068303,487.62654886020164,0
30.166666666666668,3.139146326208745,0.00031954594824329385,487.5909006301219,0
30.183333333333334,3.146259150663249,0.0003136621674839291,487.5552523450387,0
30.2,3.1533715005174803,0.000307887148706819,487.5196040444112,0
30.216666666666665,3.160483375041203,0.0003022188681129192,487.4839557671432,0
30.233333333333334,3.167594773516248,0.00029665533998166034,487.44830755159035,0
30.25,3.1747056952363266,0.0002911946159412234,487.41265943556743,0
30.266666666666666,3.1818161395068483,0.00028583478425322784,487.377011456355,0
30.283333333333335,3.188926105644739,0.0002805739691115219,487.34136365070657,0
30.3,3.1960355929782627,0.0002754103299547813,487.3057160548556,0
30.316666666666666,3.203144600846848,0.0002703420607926392,487.2700687045217,0
30.333333333333332,3.210253128600913,0.0002653673895450603,487.23442163491785,0
30.35,3.2173611756016975,0.00026048457739469684,487.19877488075696,0
30.366666666666667,3.2244687412210964,0.00025569191815196104,487.16312847625807,0
30.383333333333333,3.2315758248414914,0.00025098774423825684,487.12748245515985,0
30.4,3.238682425855577,0.0002463704010316467,487.09183685070246,0
30.416666666666668,3.2457885436662384,0.00024183828082818958,487.0561916956662,0
30.433333333333334,3.2528941776863625,0.0002373898024965556,487.0205470223601,0
30.45,3.2599993273386922,0.00023302341404550094,486.98490286263075,0
30.466666666666665,3.2671039920556697,0.0002287375924557459,486.94925924786844,0
30.483333333333334,3.2742081712792888,0.00022453084319607936,486.9136162090138,0
30.5,3.281311864460947,0.0002204016996989913,486.8779737765633,0
30.516666666666666,3.2884150710612987,0.0002163487228353221,486.8423319805754,0
30.533333333333335,3.2955177905501145,0.00021237050039569968,486.80669085067643,0
30.55,3.3026200224061357,0.00020846564658076163,486.771050416066,0
30.566666666666666,3.3097217661169376,0.0002046328015007062,486.7354107055232,0
30.583333333333332,3.316823021178793,0.0002008706306842846,486.6997717474116,0
30.6,3.3239237870965357,0.00019717782459717845,486.6641335696855,0
30.616666666666667,3.3310240633834294,0.00019355309816961857,486.62849619989476,0
30.633333333333333,3.338123849561033,0.00018999519033312547,486.59285966519064,0
30.65,3.3452231451590766,0.00018650286356618033,486.55722399233116,0
30.666666666666668,3.3523219497153316,0.00018307490344866985,486.52158920768596,0
30.683333333333334,3.359420262775486,0.00017971011822494264,486.48595533724216,0
30.7,3.3665180838930215,0.00017640733837529597,486.4503224066089,0
30.716666666666665,3.373615412629093,0.00017316541619573315,486.414690441023,0
30.733333333333334,3.3807122485524093,0.000169983225385828,486.3790594653537,0
30.75,3.387808591239114,0.00016685966064454132,486.3434295041076,0
30.766666666666666,3.3949044402726707,0.00016379363727381883,486.3078005814336,0
30.783333333333335,3.4019997952437495,0.00016078409078982767,486.2721727211281,0
30.8,3.4090946557501134,0.00015782997654167856,486.23654594663935,0
30.816666666666666,3.416189021396511,0.00015493026933747405,486.20092028107234,0
30.833333333333332,3.4232828917945626,0.00015208396307755807,486.1652957471937,0
30.85,3.430376266562656,0.00014929007039480254,486.1296723674359,0
30.866666666666667,3.437469145325842,0.00014654762230180578,486.0940501639023,0
30.883333333333333,3.444561527715729,0.0001438556678448635,486.0584291583712,0
30.9,3.4516534133703813,0.00014121327376457186,486.02280937230074,0
30.916666666666668,3.458744801934216,0.00013861952416294052,485.98719082683306,0
30.933333333333334,3.465835693057908,0.00013607352017688237,485.9515735427985,0
30.95,3.4729260863982896,0.0001335743796579522,485.9159575407202,0
30.966666666666665,3.480015981618253,0.00013112123685822102,485.8803428408183,0
30.983333333333334,3.487105378386659,0.00012871324212214904,485.84472946301383,0
31.0,3.494194276378242,0.0001263495615843563,485.8091174269331,0
31.016666666666666,3.5012826752735173,0.0001240293768731636,485.7735067519118,0
31.033333333333335,3.508370574758692,0.00012175188481979403,485.7378974569989,0
31.05,3.515457974525575,0.00011951629717312706,485.70228956096065,0
31.066666666666666,3.5225448742714907,0.0001173218403198905,485.66668308228475,0
31.083333333333332,3.529631273699191,0.00011516775501018705,485.63107803918376,0
31.1,3.5367171725167728,0.00011305329608825482,485.5954744495993,0
31.116666666666667,3.543802570437589,0.00011097773222834796,485.55987233120567,0
31.133333333333333,3.550887467180174,0.00010894034567565352,485.5242717014138,0
31.15,3.557971862468155,0.00010694043199213023,485.4886725773745,0
31.166666666666668,3.565055756030176,0.00010497729980718687,485.4530749759826,0
31.183333333333334,3.572139147599819,0.00010305027057309377,485.4174789138801,0
31.2,3.5792220369155254,0.00010115867832504442,485.3818844074601,0
31.216666666666665,3.58630442372052,9.930186944577353e-05,485.34629147287006,0
31.233333333333334,3.5933863077627377,9.747920243464109e-05,485.3107001260152,0
31.25,3.6004676887947458,9.56900476810989e-05,485.2751103825622,0
31.266666666666666,3.6075485665736737,9.393378724244949e-05,485.23952225794227,0
31.283333333333335,3.6146289408611434,9.22098146258244e-05,485.2039357673545,0
31.3,3.6217088114231935,9.051753457428424e-05,485.16835092576946,0
31.316666666666666,3.6287881780302134,8.885636285697636e-05,485.1327677479319,0
31.333333333333332,3.6358670404568754,8.722572606326172e-05,485.0971862483645,0
31.35,3.642945398482063,8.562506140073968e-05,485.06160644137066,0
31.366666666666667,3.650023251888811,8.405381649708653e-05,485.0260283410376,0
31.383333333333333,3.6571006004642346,8.251144920565027e-05,484.99045196123956,0
31.4,3.664177443999468,8.099742741470939e-05,484.954877315641,0
31.416666666666668,3.6712537822896008,7.951122886034092e-05,484.91930441769927,0
31.433333333333334,3.678329615133614,7.805234094281965e-05,484.8837332806674,0
31.45,3.68540494233432,7.66202605464849e-05,484.8481639175979,0
31.466666666666665,3.6924797636983033,7.521449386300126e-05,484.8125963413443,0
31.483333333333334,3.6995540790358583,7.383455621795868e-05,484.7770305645654,0
31.5,3.7066278881609342,7.247997190073698e-05,484.74146659972683,0
31.516666666666666,3.713701190891073,7.115027399757899e-05,484.70590445910454,0
31.533333333333335,3.7207739870473557,6.984500422780825e-05,484.6703441547874,0
31.55,3.727846276454346,6.85637127831295e-05,484.6347856986798,0
31.566666666666666,3.734918058940035,6.730595816995716e-05,484.599229102504,0
31.583333333333332,3.7419893343357864,6.607130705470778e-05,484.5636743778035,0
31.6,3.7490601024762853,6.485933411200508e-05,484.52812153594493,0
31.616666666666667,3.756130363199483,6.36696218757382e-05,484.492570588121,0
31.633333333333333,3.763200116346547,6.250176059292126e-05,484.45702154535246,0
31.65,3.77026936176181,6.135534808029679e-05,484.42147441849147,0
31.666666666666668,3.777338099292718,6.02299895836359e-05,484.38592921822305,0
31.683333333333334,3.7844063287897836,5.912529763967856e-05,484.3503859550684,0
31.7,3.7914740501065363,5.804089194066634e-05,484.3148446393866,0
31.716666666666665,3.7985412630994735,5.69763992014184e-05,484.2793052813772,0
31.733333333333334,3.805607967628016,5.593145302889974e-05,484.2437678910827,0
31.75,3.81267416355446,5.490569379423681e-05,484.2082324783906,0
31.766666666666666,3.8197398507439306,5.3898768507132956e-05,484.1726990530355,0
31.783333333333335,3.8268050290643383,5.291033069263707e-05,484.1371676246018,0
31.8,3.8338696983863354,5.1940040270220786e-05,484.10163820252563,0
31.816666666666666,3.8409338585832713,5.098756343512329e-05,484.06611079609684,0
31.833333333333332,3.8479975095311496,5.005257254191566e-05,484.0305854144614,0
31.85,3.8550606511085865,4.913474599024607e-05,483.9950620666234,0
31.866666666666667,3.862123283196769,4.8233768112723265e-05,483.9595407614471,0
31.883333333333333,3.869185405679415,4.734932906489813e-05,483.92402150765884,0
31.9,3.876247018442729,4.648112471730301e-05,483.88850431384947,0
31.916666666666668,3.8833081213753697,4.5628856549509324e-05,483.852989188476,0
31.933333333333334,3.8903687143684045,4.479223154616676e-05,483.81747613986346,0
31.95,3.897428797315275,4.397096209498479e-05,483.7819651762072,0
31.966666666666665,3.9044883701117565,4.316476588662123e-05,483.74645630557455,0
31.983333333333334,3.9115474326559236,4.237336581643935e-05,483.7109495359066,0
32.0,3.9186059848481114,4.1596489888101804e-05,483.67544487502045,0
32.016666666666666,3.9256640265908795,4.083387111896241e-05,483.6399423306106,0
32.03333333333333,3.9327215577889776,4.008524744722588e-05,483.60444191025107,0
32.05,3.9397785783493107,3.935036164083808e-05,483.56894362139707,0
32.06666666666667,3.9468350881809036,3.8628961208077295e-05,483.5334474713866,0
32.083333333333336,3.9538910871948687,3.7920798309813806e-05,483.49795346744236,0
32.1,3.9609465753043693,3.722562967340275e-05,483.4624616166734,0
32.11666666666667,3.968001552424592,3.65432165081865e-05,483.4269719260769,0
32.13333333333333,3.9750560184727095,3.587332442256753e-05,483.3914844025396,0
32.15,3.9821099733678533,3.521572334263068e-05,483.35599905283965,0
32.166666666666664,3.9891634170310786,3.457018743227824e-05,483.32051588364817,0
32.18333333333333,3.9962163493853335,3.393649501485405e-05,483.28503490153065,0
32.2,4.003268770355433,3.331442849622734e-05,483.2495561129488,0
32.21666666666667,4.010320679868024,3.270377428930836e-05,483.21407952426205,0
32.233333333333334,4.017372077851561,3.2104322739968e-05,483.1786051417287,0
32.25,4.0244229642362725,3.151586805433764e-05,483.143132971508,0
32.266666666666666,4.031473338954133,3.0938208227460855e-05,483.1076630196611,0
32.28333333333333,4.038523201938842,3.0371144973272097e-05,483.07219529215297,0
32.3,4.045572553125785,2.9814483655878134e-05,483.0367297948532,0
32.31666666666667,4.052621392452016,2.926803322211691e-05,483.0012665335384,0
32.333333333333336,4.059669719856226,2.873160613537031e-05,482.96580551389263,0
32.35,4.066717535278718,2.8205018310607484e-05,482.9303467415092,0
32.36666666666667,4.073764838661382,2.7688089050634315e-05,482.8948902218921,0
32.38333333333333,4.080811629947668,2.7180640983528754e-05,482.8594359604573,0
32.4,4.087857909082562,2.6682500001236957e-05,482.8239839625337,0
32.416666666666664,4.094903676012561,2.61934951993107e-05,482.78853423336506,0
32.43333333333333,4.101948930685645,2.5713458817764136e-05,482.7530867781107,0
32.45,4.108993673051264,2.524222618302702e-05,482.71764160184733,0
32.46666666666667,4.116037903060302,2.4779635650977503e-05,482.68219870956966,0
32.483333333333334,4.123081620665057,2.432552855103084e-05,482.6467581061921,0
32.5,4.1301248258192285,2.387974913126599e-05,482.6113197965499,0
32.516666666666666,4.13716751847788,2.3442144504569786e-05,482.57588378539987,0
32.53333333333333,4.144209698597426,2.3012564595781466e-05,482.5404500774225,0
32.55,4.151251366135607,2.2590862089815562e-05,482.5050186772222,0
32.56666666666667,4.1582925210514725,2.2176892380748583e-05,482.4695895893289,0
32.583333333333336,4.165333163305352,2.177051352184842e-05,482.4341628181992,0
32.6,4.172373292858844,2.1371586176530633e-05,482.398738368217,0
32.61666666666667,4.179412909674788,2.097997357022353e-05,482.3633162436953,0
32.63333333333333,4.186452013717246,2.0595541443125535e-05,482.3278964488769,0
32.65,4.193490604951487,2.02181580038375e-05,482.2924789879354,0
32.666666666666664,4.200528683343962,1.9847693883854107e-05,482.2570638649763,0
32.68333333333333,4.207566248862288,1.9484022092898486e-05,482.22165108403806,0
32.7,4.214603301475229,1.912701797508398e-05,482.18624064909324,0
32.71666666666667,4.221639841152676,1.8776559165887398e-05,482.1508325640494,0
32.733333333333334,4.22867586786563,1.843252554991916e-05,482.1154268327498,0
32.75,4.235711381586187,1.8094799219475258e-05,482.0800234589749,0
32.766666666666666,4.242746382287513,1.7763264433855888e-05,482.044622446443,0
32.78333333333333,4.249780869943832,1.743780757943773e-05,482.0092237988112,0
32.8,4.256814844530409,1.7118317130484492e-05,481.97382751967655,0
32.81666666666667,4.2638483060235295,1.6804683610682795e-05,481.9384336125765,0
32.833333333333336,4.270881254400488,1.6496799555389652e-05,481.90304208099025,0
32.85,4.277913689639568,1.6194559474577795e-05,481.8676529283397,0
32.86666666666667,4.284945611720026,1.5897859816466856e-05,481.8322661579896,0
32.88333333333333,4.291977020622081,1.5606598931827022e-05,481.79688177324925,0
32.9,4.299007916326889,1.5320677038942537e-05,481.76149977737316,0
32.916666666666664,4.306038298816536,1.5039996189222567e-05,481.7261201735615,0
32.93333333333333,4.313068168074022,1.4764460233448641e-05,481.69074296496115,0
32.95,4.320097524083242,1.449397478864521e-05,481.65536815466686,0
32.96666666666667,4.327126366828976,1.42284472055625e-05,481.61999574572144,0
32.983333333333334,4.334154696296871,1.3967786536760825e-05,481.58462574111707,0
33.0,4.341182512473429,1.3711903505283911e-05,481.54925814379556,0
33.016666666666666,4.348209815345995,1.3460710473911338e-05,481.5138929566497,0
33.03333333333333,4.355236604902739,1.3214121414978688e-05,481.4785301825236,0
33.05,4.3622628811326445,1.2972051880755236e-05,481.4431698242137,0
33.06666666666667,4.369288644025496,1.2734418974368698e-05,481.40781188446914,0
33.083333333333336,4.376313893571866,1.2501141321267283e-05,481.3724563659929,0
33.1,4.3833386297631005,1.227213904120758e-05,481.3371032714423,0
33.11666666666667,4.390362852591309,1.2047333720760895e-05,481.30175260342975,0
33.13333333333333,4.397386562049349,1.1826648386326012e-05,481.2664043645231,0
33.15,4.404409758130815,1.1610007477641115e-05,481.2310585572473,0
33.166666666666664,4.411432440830032,1.1397336821783393e-05,481.1957151840838,0
33.18333333333333,4.418454610142029,1.118856360764959e-05,481.1603742474721,0
33.2,4.425476266062545,1.0983616360906717e-05,481.12503574981,0
33.21666666666667,4.4324974085880084,1.0782424919405297e-05,481.08969969345463,0
33.233333333333334,4.4395180377155254,1.0584920409045977e-05,481.05436608072233,0
33.25,4.4465381534428685,1.0391035220091447e-05,481.01903491389027,0
33.266666666666666,4.453557755768472,1.0200702983915316e-05,480.9837061951963,0
33.28333333333333,4.460576844691411,1.001385855017967e-05,480.94837992683995,0
33.3,4.467595420211402,9.830437964433692e-06,480.91305611098255,0
33.31666666666667,4.474613482328785,9.650378446125267e-06,480.87773474974864,0
33.333333333333336,4.481631031044514,9.473618367017937e-06,480.8424158452257,0
33.35,4.48864806636015,9.300097230005986e-06,480.8070993994651,0
33.36666666666667,4.49566458827785,9.129755648319898e-06,480.7717854144828,0
33.38333333333333,4.502680596800355,8.962535325115101e-06,480.7364738922596,0
33.4,4.509696091930982,8.798379033437208e-06,480.7011648347419,0
33.416666666666664,4.516711073673617,8.637230596556141e-06,480.66585824384214,0
33.43333333333333,4.523725542032703,8.479034868662827e-06,480.63055412143916,0
33.45,4.5307394970132275,8.323737715921758e-06,480.5952524693793,0
33.46666666666667,4.537752938620722,8.171285997872415e-06,480.55995328947625,0
33.483333333333334,4.544765866861246,8.021627549173437e-06,480.5246565835117,0
33.5,4.551778281741382,7.874711161683283e-06,480.48936235323634,0
33.516666666666666,4.558790183268226,7.730486566870723e-06,480.4540706003695,0
33.53333333333333,4.5658015714493745,7.588904418549636e-06,480.4187813266004,0
33.55,4.572812446292926,7.449916275931361e-06,480.3834945335883,0
33.56666666666667,4.579822807807466,7.3134745869896575e-06,480.3482102229628,0
33.583333333333336,4.586832656002061,7.17953267213179e-06,480.3129283963248,0
33.6,4.593841990886245,7.048044708170311e-06,480.27764905524634,0
33.61666666666667,4.600850812470024,6.918965712589882e-06,480.24237220127145,0
33.63333333333333,4.607859120763856,6.792251528104034e-06,480.20709783591656,0
33.65,4.61486691577865,6.667858807495905e-06,480.1718259606707,0
33.666666666666664,4.6218741975257585,6.545744998738447e-06,480.13655657699616,0
33.68333333333333,4.628880966016965,6.425868330388101e-06,480.1012896863288,0
33.7,4.635887221264485,6.308187797247752e-06,480.06602529007876,0
33.71666666666667,4.642892963280955,6.192663146293216e-06,480.0307633896301,0
33.733333333333334,4.649898192079421,6.079254862858957e-06,479.99550398634216,0
33.75,4.656902907673341,5.9679241570779155e-06,479.96024708154926,0
33.766666666666666,4.6639071100765666,5.858632950571029e-06,479.9249926765614,0
33.78333333333333,4.6709107993033525,5.7513438633814645e-06,479.8897407726644,0
33.8,4.677913975368332,5.646020201149412e-06,479.85449137112084,0
33.81666666666667,4.684916638286522,5.5426259425227425e-06,479.81924447316965,0
33.833333333333336,4.691918788073316,5.44112572679948e-06,479.78400008002694,0
33.85,4.6989204247444745,5.341484841797222e-06,479.7487581928865,0
33.86666666666667,4.705921548316119,5.2436692119460686e-06,479.71351881291963,0
33.88333333333333,4.712922158804728,5.147645386600535e-06,479.67828194127605,0
33.9,4.719922256227132,5.0533805285662105e-06,479.6430475790839,0
33.916666666666664,4.726921840600505,4.960842402837614e-06,479.6078157274501,0
33.93333333333333,4.7339209119423575,4.869999365543158e-06,479.57258638746083,0
33.95,4.740919470270538,4.780820353093444e-06,479.53735956018164,0
33.96666666666667,4.747917515603219,4.693274871528965e-06,479.50213524665827,0
33.983333333333334,4.754915047958899,4.6073329860638594e-06,479.46691344791617,0
34.0,4.761912067356387,4.522965310821821e-06,479.43169416496147,0
34.016666666666666,4.7689085738148105,4.440142998760761e-06,479.3964773987811,0
34.03333333333333,4.775904567353601,4.358837731782681e-06,479.361263150343,0
34.05,4.7829000479924915,4.279021711025392e-06,479.32605142059634,0
34.06666666666667,4.789895015751512,4.20066764733273e-06,479.29084221047236,0
34.083333333333336,4.796889470650984,4.123748751899883e-06,479.2556355208838,0
34.1,4.8038834127115155,4.048238727090711e-06,479.220431352726,0
34.11666666666667,4.810876841953996,3.974111757423905e-06,479.1852297068767,0
34.13333333333333,4.817869758399592,3.901342500724648e-06,479.1500305841964,0
34.15,4.824862162069746,3.829906079439143e-06,479.11483398552843,0
34.166666666666664,4.831854052986165,3.7597780721084978e-06,479.0796399117001,0
34.18333333333333,4.838845431170821,3.690934504999568e-06,479.0444483635218,0
34.2,4.8458362966459445,3.6233518438893336e-06,479.0092593417879,0
34.21666666666667,4.852826649434025,3.5570069860004245e-06,478.974072847277,0
34.233333333333334,4.859816489557798,3.4918772520847495e-06,478.93888888075196,0
34.25,4.866805817040247,3.4279403786526566e-06,478.9037074429603,0
34.266666666666666,4.873794631904599,3.3651745103446455e-06,478.86852853463444,0
34.28333333333333,4.880782934174319,3.303558192443622e-06,478.8333521564918,0
34.3,4.887770723873105,3.243070363524303e-06,478.7981783092353,0
34.31666666666667,4.894758001024888,3.1836903482378916e-06,478.76300699355335,0
34.333333333333336,4.901744765653826,3.125397850229301e-06,478.7278382101201,0
34.35,4.908731017784298,3.0681729451843454e-06,478.6926719595959,0
34.36666666666667,4.915716757440903,3.011996074004793e-06,478.6575082426271,0
34.38333333333333,4.922701984648455,2.956848036108695e-06,478.62234705984685,0
34.4,4.929686699431982,2.902709982853757e-06,478.58718841187476,0
34.416666666666664,4.936670901816717,2.8495634110815673e-06,478.5520322993173,0
34.43333333333333,4.943654591828101,2.7973901567803214e-06,478.5168787227683,0
34.45,4.950637769491775,2.7461723888639887e-06,478.4817276828086,0
34.46666666666667,4.957620434833579,2.6958926030657067e-06,478.4465791800069,0
34.483333333333334,4.964602587879548,2.646533615943229e-06,478.4114332149192,0
34.5,4.971584228655906,2.59807855899462e-06,478.37628978808965,0
34.516666666666666,4.978565357189071,2.5505108728818367e-06,478.34114890005065,0
34.53333333333333,4.98554597350564,2.5038143017604587e-06,478.3060105513227,0
34.55,4.9925260776323945,2.4579728877135562e-06,478.2708747424147,0
34.56666666666667,4.999505669596296,2.412970965287635e-06,478.2357414738244,0
34.583333333333336,5.006484749424479,2.3687931561290754e-06,478.20061074603836,0
34.6,5.013463317144256,2.3254243637188275e-06,478.16548255953205,0
34.61666666666667,5.020441372783107,2.282849768204038e-06,478.1303569147704,0
34.63333333333333,5.0274189163686795,2.241054821324261e-06,478.09523381220725,0
34.65,5.034395947928783,2.20002524143108e-06,478.06011325228667,0
34.666666666666664,5.041372467491395,2.159747008598946e-06,478.02499523544174,0
34.68333333333333,5.048348475084644,2.1202063598259168e-06,477.9898797620958,0
34.7,5.055323970736821,2.081389784322365e-06,477.95476683266236,0
34.71666666666667,5.06229895447637,2.043284018886251e-06,477.91965644754464,0
34.733333333333334,5.069273426331882,2.005876043363278e-06,477.88454860713676,0
34.75,5.076247386332101,1.969153076190278e-06,477.8494433118229,0
34.766666666666666,5.083220834505913,1.9331025700205274e-06,477.81434056197816,0
34.78333333333333,5.090193770882353,1.8977122074292468e-06,477.7792403579685,0
34.8,5.097166195490592,1.8629698966979505e-06,477.7441427001505,0
34.81666666666667,5.104138108359944,1.8288637676761846e-06,477.70904758887235,0
34.833333333333336,5.111109509519855,1.7953821677191737e-06,477.6739550244731,0
34.85,5.1180803989999095,1.7625136577000386e-06,477.63886500728336,0
34.86666666666667,5.125050776829821,1.7302470080951402e-06,477.6037775376251,0
34.88333333333333,5.132020643039433,1.698571195141377e-06,477.5686926158124,0
34.9,5.138989997658717,1.6674753970638552e-06,477.5336102421505,0
34.916666666666664,5.145958840717769,1.6369489903728508e-06,477.4985304169369,0
34.93333333333333,5.152927172246812,1.6069815462287207e-06,477.46345314046135,0
34.95,5.159894992276184,1.5775628268734635e-06,477.4283784130056,0
34.96666666666667,5.166862300836344,1.5486827821278322e-06,477.3933062348435,0
34.983333333333334,5.173829097957872,1.5203315459526112e-06,477.35823660624163,0
35.0,5.180795383671455,1.492499433073103e-06,477.3231695274592,0
35.016666666666666,5.187761158007903,1.465176935665393e-06,477.28810499874777,0
35.03333333333333,5.19472642099813,1.4383547201035652e-06,477.25304302035204,0
35.05,5.201691172673161,1.412023623766483e-06,477.2179835925093,0
35.06666666666667,5.208655413064128,1.3861746519032052e-06,477.1829267154502,0
35.083333333333336,5.215619142202271,1.3607989745558464e-06,477.1478723893983,0
35.1,5.222582360118928,1.3358879235389752e-06,477.1128206145706,0
35.11666666666667,5.229545066845546,1.3114329894743236e-06,477.0777713911771,0
35.13333333333333,5.236507262413668,1.2874258188799402e-06,477.04272471942176,0
35.15,5.243468946854936,1.2638582113127682e-06,477.0076805995019,0
35.166666666666664,5.25043012020109,1.2407221165635541e-06,476.9726390316083,0
35.18333333333333,5.257390782483965,1.2180096319032674e-06,476.9376000159259,0
35.2,5.264350933735487,1.195712999380021e-06,476.90256355263324,0
35.21666666666667,5.2713105739876776,1.1738246031655385e-06,476.86752964190293,0
35.233333333333334,5.278269703272645,1.1523369669503138e-06,476.8324982839018,0
35.25,5.285228321622592,1.1312427513865545e-06,476.79746947879073,0
35.266666666666666,5.292186429069801,1.11053475157801e-06,476.7624432267248,0
35.28333333333333,5.299144025646647,1.0902058946158094e-06,476.72741952785356,0
35.3,5.306101111385585,1.070249237159518e-06,476.6923983823211,0
35.31666666666667,5.313057686319155,1.0506579630625898e-06,476.65737979026574,0
35.333333333333336,5.320013750479977,1.0314253810412967e-06,476.6223637518208,0
35.35,5.326969303900753,1.0125449223864232e-06,476.587350267114,0
35.36666666666667,5.333924346614261,9.940101387169802e-07,476.55233933626823,0
35.38333333333333,5.340878878653359,9.75814699775043e-07,476.51733095940085,0
35.4,5.347832900050977,9.579523912610517e-07,476.4823251366246,0
35.416666666666664,5.354786410840127,9.40417112708817e-07,476.447321868047,0
35.43333333333333,5.361739411053884,9.232028753994766e-07,476.4123211537708,0
35.45,5.368691900725405,9.063038003137047e-07,476.3773229938939,0
35.46666666666667,5.37564387988791,8.897141161214658e-07,476.34232738850966,0
35.483333333333334,5.3825953485746965,8.734281572086414e-07,476.30733433770666,0
35.5,5.389546306819124,8.574403617398308e-07,476.27234384156895,0
35.516666666666666,5.3964967546546205,8.417452697566658e-07,476.23735590017617,0
35.53333333333333,5.403446692114682,8.26337521311005e-07,476.20237051360346,0
35.55,5.410396119232867,8.112118546323436e-07,476.1673876819216,0
35.56666666666667,5.417345036042798,7.963631043288239e-07,476.1324074051973,0
35.583333333333336,5.424293442578166,7.817861996212298e-07,476.0974296834929,0
35.6,5.431241338872714,7.674761626093684e-07,476.0624545168667,0
35.61666666666667,5.438188724960251,7.534281065702231e-07,476.0274819053727,0
35.63333333333333,5.4451356008746465,7.396372342873026e-07,475.9925118490614,0
35.65,5.452081966649826,7.260988364106277e-07,475.9575443479788,0
35.666666666666664,5.459027822319772,7.128082898467876e-07,475.92257940216757,0
35.68333333333333,5.4659731679185235,6.997610561784878e-07,475.88761701166624,0
35.7,5.472918003480175,6.869526801130939e-07,475.85265717650964,0
35.71666666666667,5.4798623290388795,6.743787879596146e-07,475.8176998967289,0
35.733333333333334,5.486806144628838,6.62035086133589e-07,475.7827451723519,0
35.75,5.493749450284306,6.499173596893837e-07,475.7477930034025,0
35.766666666666666,5.50069224603959,6.380214708794152e-07,475.71284338990114,0
35.78333333333333,5.50763453192905,6.263433577397508e-07,475.67789633186504,0
35.8,5.514576307987091,6.148790327016584e-07,475.6429518293078,0
35.81666666666667,5.521517574248172,6.03624581228601e-07,475.60800988223986,0
35.833333333333336,5.528458330746795,5.925761604782161e-07,475.57307049066833,0
35.85,5.535398577517512,5.817299979888182e-07,475.53813365459706,0
35.86666666666667,5.542338314594922,5.710823903899649e-07,475.5031993740268,0
35.88333333333333,5.549277542013668,5.606297021366878e-07,475.46826764895513,0
35.9,5.556216259808439,5.503683642668952e-07,475.4333384793765,0
35.916666666666664,5.563154468013966,5.402948731815628e-07,475.3984118652826,0
35.93333333333333,5.570092166665025,5.304057894472739e-07,475.3634878066618,0
35.95,5.577029355796434,5.206977366207169e-07,475.32856630349977,0
35.96666666666667,5.58396603544305,5.111674000947269e-07,475.29364735577934,0
35.983333333333334,5.590902205639775,5.018115259654528e-07,475.25873096348045,0
36.0,5.597837866421551,4.926269199203293e-07,475.2238171265801,0
36.016666666666666,5.604773017823355,4.836104461463897e-07,475.18890584505294,0
36.03333333333333,5.6117076598802065,4.7475902625860743e-07,475.1539971188707,0
36.05,5.6186417926271615,4.6606963824787445e-07,475.1190909480023,0
36.06666666666667,5.625575416099314,4.575393154482525e-07,475.08418733241444,0
36.083333333333336,5.632508530331795,4.491651455231528e-07,475.049286272071,0
36.1,5.639441135359771,4.409442694701142e-07,475.01438776693345,0
36.11666666666667,5.646373231218445,4.328738806437854e-07,474.9794918169608,0
36.13333333333333,5.6533048179430505,4.2495122379684327e-07,474.9445984221095,0
36.15,5.660235895568861,4.1717359413846695e-07,474.9097075823338,0
36.166666666666664,5.66716646413118,4.095383364100723e-07,474.8748192975855,0
36.18333333333333,5.674096523665343,4.0204284397799177e-07,474.839933567814,0
36.2,5.68102607420672,3.9468455794276233e-07,474.8050503929667,0
36.21666666666667,5.687955115790714,3.874609662647595e-07,474.77016977298837,0
36.233333333333334,5.694883648452753,3.8036960290583037e-07,474.73529170782194,0
36.25,5.701811672228302,3.734080469866662e-07,474.70041619740795,0
36.266666666666666,5.708739187152852,3.6657392195962423e-07,474.66554324168493,0
36.28333333333333,5.715666193261928,3.5986489479669157e-07,474.6306728405892,0
36.3,5.722592690591077,3.5327867519233483e-07,474.59580499405536,0
36.31666666666667,5.729518679175881,3.4681301478095775e-07,474.5609397020155,0
36.333333333333336,5.736444159051947,3.404657063687012e-07,474.52607696440015,0
36.35,5.7433691302549095,3.342345831793049e-07,474.4912167811375,0
36.36666666666667,5.750293592820427,3.281175181138083e-07,474.4563591521541,0
36.38333333333333,5.7572175467841875,3.2211242302379593e-07,474.4215040773745,0
36.4,5.764140992181905,3.162172479979755e-07,474.38665155672135,0
36.416666666666664,5.771063929049319,3.104299806618124e-07,474.3518015901156,0
36.43333333333333,5.777986357422191,3.047486454900101e-07,474.3169541774762,0
36.45,5.78490827733631,2.991713031315791e-07,474.28210931872064,0
36.46666666666667,5.791829688827489,2.936960497472736e-07,474.2472670137644,0
36.483333333333334,5.798750591931561,2.88321016359173e-07,474.2124272625212,0
36.5,5.805670986684383,2.830443682121707e-07,474.17759006490337,0
36.516666666666666,5.81259087312184,2.7786430414716856e-07,474.1427554208214,0
36.53333333333333,5.819510251279832,2.727790559857582e-07,474.1079233301841,0
36.55,5.826429121194286,2.677868879261622e-07,474.0730937928989,0
36.56666666666667,5.8333474829011465,2.628860959502547e-07,474.03826680887136,0
36.583333333333336,5.840265336436381,2.580750072414458e-07,474.0034423780057,0
36.6,5.847182681835978,2.5335197961322634e-07,473.96862050020457,0
36.61666666666667,5.8540995191359455,2.4871540094817817e-07,473.93380117536907,0
36.63333333333333,5.861015848372311,2.4416368864727163e-07,473.89898440339897,0
36.65,5.867931669581122,2.3969528908924786e-07,473.86417018419235,0
36.666666666666664,5.874846982798443,2.353086770999025e-07,473.8293585176462,0
36.68333333333333,5.881761788060362,2.3100235543109558e-07,473.79454940365576,0
36.7,5.88867608540298,2.2677485424930728e-07,473.75974284211514,0
36.71666666666667,5.895589874862416,2.2262473063355653e-07,473.724938832917,0
36.733333333333334,5.90250315647481,2.1855056808252767e-07,473.6901373759526,0
36.75,5.909415930276321,2.1455097603071518e-07,473.65533847111215,0
36.766666666666666,5.916328196303118,2.106245893734426e-07,473.6205421182843,0
36.78333333333333,5.923239954591391,2.0677006800057484e-07,473.5857483173564,0
36.8,5.930151205177348,2.0298609633877656e-07,473.55095706821487,0
36.81666666666667,5.937061948097207,1.9927138290215295e-07,473.51616837074477,0
36.833333333333336,5.943972183387209,1.9562465985113038e-07,473.4813822248298,0
36.85,5.950881911083602,1.9204468255940637e-07,473.4465986303526,0
36.86666666666667,5.957791131222657,1.885302291888369e-07,473.4118175871947,0
36.88333333333333,5.964699843840656,1.8508010027211593e-07,473.37703909523634,0
36.9,5.971608048973896,1.8169311830309278e-07,473.3422631543568,0
36.916666666666664,5.978515746658685,1.7836812733459772e-07,473.307489764434,0
36.93333333333333,5.985422936931349,1.751039925836326e-07,473.27271892534526,0
36.95,5.992329619828227,1.7189960004379875e-07,473.2379506369664,0
36.96666666666667,5.999235795385669,1.6875385610481406e-07,473.20318489917224,0
36.983333333333334,6.00614146364004,1.6566568717901057e-07,473.16842171183663,0
37.0,6.013046624627717,1.6263403933466757e-07,473.1336610748325,0
37.016666666666666,6.019951278385092,1.5965787793606113e-07,473.0989029880317,0
37.03333333333333,6.026855424948564,1.567361872901114e-07,473.0641474513051,0
37.05,6.033759064354547,1.5386797029949606e-07,473.02939446452245,0
37.06666666666667,6.040662196639468,1.5105224812212367e-07,472.99464402755297,0
37.083333333333336,6.047564821839762,1.4828805983683955e-07,472.95989614026445,0
37.1,6.05446693999188,1.4557446211525735e-07,472.92515080252406,0
37.11666666666667,6.061368551132281,1.4291052889960263e-07,472.890408014198,0
37.13333333333333,6.068269655297435,1.4029535108645337e-07,472.85566777515163,0
37.15,6.07517025252382,1.3772803621627898e-07,472.8209300852494,0
37.166666666666664,6.08207034284793,1.3520770816865853e-07,472.7861949443548,0
37.18333333333333,6.088969926306263,1.3273350686308844e-07,472.75146235233063,0
37.2,6.095869002935332,1.3030458796526656e-07,472.71673230903883,0
37.21666666666667,6.1027675727716595,1.279201225987555e-07,472.68200481434053,0
37.233333333333334,6.109665635851773,1.2557929706192937e-07,472.64727986809584,0
37.25,6.116563192212212,1.232813125501031e-07,472.6125574701645,0
37.266666666666666,6.123460241889525,1.2102538488275095e-07,472.57783762040515,0
37.28333333333333,6.13035678492027,1.1881074423572525e-07,472.54312031867585,0
37.3,6.137252821341013,1.16636634878371e-07,472.50840556483377,0
37.31666666666667,6.144148351188326,1.1450231491546654e-07,472.4736933587354,0
37.333333333333336,6.151043374498794,1.1240705603388006e-07,472.4389837002364,0
37.35,6.1579378913090075,1.1035014325387274e-07,472.404276589192,0
37.36666666666667,6.164831901655565,1.0833087468495586e-07,472.36957202545665,0
37.38333333333333,6.171725405575072,1.0634856128621688e-07,472.3348700088838,0
37.4,6.178618403104141,1.0440252663103723e-07,472.30017053932664,0
37.416666666666664,6.185510894279399,1.024921066761177e-07,472.26547361663745,0
37.43333333333333,6.19240287913747,1.0061664953473794e-07,472.23077924066786,0
37.45,6.19929435771499,9.87755152541624e-08,472.19608741126893,0
37.46666666666667,6.206185330048602,9.69680755971267e-08,472.1613981282912,0
37.483333333333334,6.213075796174954,9.519371382732805e-08,472.1267113915844,0
37.5,6.219965756130702,9.34518244988382e-08,472.09202720099773,0
37.516666666666666,6.226855209952508,9.174181324937836e-08,472.05734555637974,0
37.53333333333333,6.233744157677042,9.006309659737902e-08,472.0226664575785,0
37.55,6.240632599340976,8.84151017427533e-08,471.98798990444135,0
37.56666666666667,6.247520534980992,8.67972663713243e-08,471.95331589681524,0
37.583333333333336,6.254407964633774,8.520903846282728e-08,471.9186444345464,0
37.6,6.261294888336013,8.364987610243617e-08,471.88397551748074,0
37.61666666666667,6.268181306124409,8.211924729573456e-08,471.8493091454632,0
37.63333333333333,6.275067218035665,8.06166297870776e-08,471.81464531833876,0
37.65,6.281952624106486,7.914151088128331e-08,471.7799840359514,0
37.666666666666664,6.288837524373585,7.769338726858473e-08,471.74532529814485,0
37.68333333333333,6.295721918873682,7.62717648527891e-08,471.7106691047622,0
37.7,6.3026058076434985,7.487615858258808e-08,471.67601545564605,0
37.71666666666667,6.309489190719761,7.350609228594947e-08,471.64136435063875,0
37.733333333333334,6.316372068139203,7.216109850754982e-08,471.6067157895818,0
37.75,6.323254439938559,7.084071834917628e-08,471.5720697723166,0
37.766666666666666,6.330136306154571,6.954450131305916e-08,471.5374262986837,0
37.78333333333333,6.337017666823984,6.827200514806636e-08,471.5027853685235,0
37.8,6.3438985219835455,6.702279569871935e-08,471.46814698167594,0
37.81666666666667,6.3507788716466465,6.579644675697125e-08,471.43351113963826,0
37.833333333333336,6.357658715873812,6.459253991767977e-08,471.3988778405631,0
37.85,6.364538054701794,6.341066443299318e-08,471.36424708428956,0
37.86666666666667,6.37141688816735,6.225041707459303e-08,471.3296188706562,0
37.88333333333333,6.378295216307242,6.111140199545568e-08,471.2949931995012,0
37.9,6.385173039158235,5.999323059464194e-08,471.2603700706626,0
37.916666666666664,6.392050356757096,5.8895521384616356e-08,471.2257494839774,0
37.93333333333333,6.3989271691405945,5.7817899861012154e-08,471.19113143928286,0
37.95,6.405803476345507,5.675999837477796e-08,471.1565159364155,0
37.96666666666667,6.412679278408612,5.5721456006670834e-08,471.1219029752117,0
37.983333333333334,6.419554575366689,5.470191844404609e-08,471.08729255550713,0
38.0,6.426429367256521,5.370103785990299e-08,471.05268467713734,0
38.016666666666666,6.433303654114895,5.271847279414654e-08,471.0180793399374,0
38.03333333333333,6.4401774359786,5.175388803702357e-08,470.9834765437422,0
38.05,6.4470507128844305,5.080695451469072e-08,470.948876288386,0
38.06666666666667,6.453923484869176,4.9877349176882396e-08,470.914278573703,0
38.083333333333336,6.460795751969637,4.896475488663216e-08,470.87968339952687,0
38.1,6.46766751422261,4.806886031201414e-08,470.84509076569105,0
38.11666666666667,6.474538771664898,4.718935981986735e-08,470.8105006720286,0
38.13333333333333,6.481409524333304,4.6325953371466023e-08,470.7759131183722,0
38.15,6.488279772264634,4.547834642010038e-08,470.74132810455444,0
38.166666666666664,6.495149515495697,4.4646249810530994e-08,470.70674563040734,0
38.18333333333333,6.502018754063301,4.382937968028812e-08,470.67216569576277,0
38.2,6.50888748800426,4.3027457362773215e-08,470.6375883004522,0
38.21666666666667,6.515755717355386,4.224020929214003e-08,470.603013444307,0
38.233333333333334,6.522623442153494,4.1467366909912406e-08,470.56844112715794,0
38.25,6.529490662435401,4.0708666573315306e-08,470.5338713488358,0
38.266666666666666,6.536357378237924,3.996384946528405e-08,470.49930410917096,0
38.28333333333333,6.5432235895978845,3.9232661506119245e-08,470.46473940799353,0
38.3,6.550089296552104,3.851485326676114e-08,470.4301772451333,0
38.31666666666667,6.556954499137404,3.7810179883651915e-08,470.3956176204199,0
38.333333333333336,6.563819197390608,3.71184009751554e-08,470.3610605336825,0
38.35,6.5706833913485445,3.643928055950917e-08,470.32650598475044,0
38.36666666666667,6.577547081048037,3.577258697427723e-08,470.29195397345234,0
38.38333333333333,6.5844102665259125,3.511809279727807e-08,470.2574044996169,0
38.4,6.591272947819,3.447557476896137e-08,470.2228575630723,0
38.416666666666664,6.59813512496413,3.384481371620425e-08,470.18831316364674,0
38.43333333333333,6.604996797998133,3.322559447750427e-08,470.1537713011681,0
38.45,6.611857966957838,3.261770582954137e-08,470.1192319754638,0
38.46666666666667,6.618718631880079,3.2020940415084995e-08,470.0846951863616,0
38.483333333333334,6.625578792801687,3.14350946722201e-08,470.0501609336884,0
38.5,6.632438449759497,3.085996876487002e-08,470.0156292172713,0
38.516666666666666,6.63929760279034,3.02953665145919e-08,469.9811000369371,0
38.53333333333333,6.6461562519310515,2.9741095333618612e-08,469.9465733925122,0
38.55,6.6530143972184685,2.9196966159129276e-08,469.91204928382314,0
38.56666666666667,6.659872038689426,2.86627933887214e-08,469.8775277106958,0
38.583333333333336,6.666729176380757,2.8138394817065524e-08,469.84300867295633,0
38.6,6.673585810329299,2.7623591573719038e-08,469.80849217043044,0
38.61666666666667,6.680441940571887,2.711820806207849e-08,469.77397820294357,0
38.63333333333333,6.68729756714536,2.6622071899450524e-08,469.7394667703213,0
38.65,6.694152690086555,2.6135013858218646e-08,469.70495787238866,0
38.666666666666664,6.701007309432306,2.5656867808088407e-08,469.6704515089707,0
38.68333333333333,6.707861425219452,2.518747065938922e-08,469.63594767989224,0
38.7,6.714715037484829,2.4726662307414976e-08,469.60144638497803,0
38.71666666666667,6.721568146265272,2.427428557778199e-08,469.5669476240524,0
38.733333333333334,6.72842075159762,2.383018617279015e-08,469.5324513969398,0
38.75,6.73527285351871,2.3394212618763423e-08,469.49795770346424,0
38.766666666666666,6.742124452065377,2.2966216214356148e-08,469.4634665434499,0
38.78333333333333,6.748975547274458,2.2546050979804847e-08,469.42897791672044,0
38.8,6.7558261391827905,2.2133573607109486e-08,469.39449182309966,0
38.81666666666667,6.76267622782721,2.1728643411126943e-08,469.360008262411,0
38.833333333333336,6.769525813244552,2.1331122281559982e-08,469.32552723447793,0
38.85,6.77637489547165,2.094087463582417e-08,469.29104873912365,0
38.86666666666667,6.7832234745453395,2.0557767372779352e-08,469.2565727761711,0
38.88333333333333,6.790071550502455,2.0181669827306667e-08,469.2220993454433,0
38.9,6.796919123379831,1.9812453725718256e-08,469.18762844676314,0
38.916666666666664,6.8037661932143,1.944999314198247e-08,469.15316007995324,0
38.93333333333333,6.810612760042694,1.9094164454751464e-08,469.11869424483604,0
38.95,6.8174588239018465,1.8744846305174368e-08,469.084230941234,0
38.96666666666667,6.824304384828587,1.8401919555483683e-08,469.0497701689694,0
38.983333333333334,6.831149442859748,1.8065267248339326e-08,469.01531192786445,0
39.0,6.83799399803216,1.7734774566917696e-08,468.98085621774095,0
39.016666666666666,6.844838050382651,1.7410328795730263e-08,468.94640303842095,0
39.03333333333333,6.851681599948051,1.7091819282160267e-08,468.91195238972625,0
39.05,6.858524646765187,1.677913739870385e-08,468.8775042714785,0
39.06666666666667,6.865367190870885,1.6472176505901578e-08,468.84305868349907,0
39.083333333333336,6.872209232301972,1.6170831915948996e-08,468.8086156256096,0
39.1,6.879050771095274,1.5875000856973413e-08,468.77417509763126,0
39.11666666666667,6.885891807287614,1.5584582437964946e-08,468.7397370993853,0
39.13333333333333,6.892732340915816,1.5299477614348748e-08,468.70530163069293,0
39.15,6.899572372016702,1.501958915418832e-08,468.67086869137495,0
39.166666666666664,6.906411900627093,1.4744821605007103e-08,468.6364382812524,0
39.18333333333333,6.913250926783812,1.4475081261217721e-08,468.602010400146,0
39.2,6.920089450523675,1.4210276132147086e-08,468.56758504787643,0
39.21666666666667,6.926927471883501,1.3950315910647297e-08,468.53316222426434,0
39.233333333333334,6.933764990900107,1.369511194228068e-08,468.49874192913023,0
39.25,6.94060200761031,1.3444577195069793e-08,468.4643241622944,0
39.266666666666666,6.947438522050922,1.319862622980004e-08,468.4299089235774,0
39.28333333333333,6.954274534258759,1.2957175170866938e-08,468.3954962127991,0
39.3,6.961110044270632,1.2720141677656374e-08,468.36108602978004,0
39.31666666666667,6.967945052123351,1.2487444916449379e-08,468.32667837433996,0
39.333333333333336,6.974779557853729,1.2259005532840376e-08,468.292273246299,0
39.35,6.981613561498569,1.2034745624661665e-08,468.2578706454769,0
39.36666666666667,6.988447063094683,1.1814588715402032e-08,468.2234705716935,0
39.38333333333333,6.995280062678874,1.1598459728113019e-08,468.1890730247686,0
39.4,7.002112560287947,1.1386284959792676e-08,468.1546780045218,0
39.416666666666664,7.008944555958704,1.1177992056237639e-08,468.1202855107727,0
39.43333333333333,7.015776049727946,1.0973509987356513e-08,468.08589554334077,0
39.45,7.022607041632475,1.077276902293441e-08,468.0515081020454,0
39.46666666666667,7.029437531709088,1.0575700708841456e-08,468.01712318670593,0
39.483333333333334,7.036267519994582,1.0382237843676716e-08,467.9827407971416,0
39.5,7.043097006525754,1.0192314455839802e-08,467.9483609331717,0
39.516666666666666,7.049925991339396,1.0005865781022049e-08,467.9139835946154,0
39.53333333333333,7.056754474472303,9.822828240109815e-09,467.87960878129167,0
39.55,7.063582455961263,9.64313941749222e-09,467.84523649301957,0
39.56666666666667,7.070409935843066,9.466738039765934e-09,467.810866729618,0
39.583333333333336,7.077236914154501,9.293563954829925e-09,467.7764994909059,0
39.6,7.084063390932354,9.12355811136283e-09,467.74213477670196,0
39.61666666666667,7.090889366213405,8.956662538675746e-09,467.7077725868251,0
39.63333333333333,7.097714840034443,8.792820326934358e-09,467.6734129210939,0
39.65,7.104539812432246,8.631975607742524e-09,467.6390557793272,0
39.666666666666664,7.111364283443592,8.474073535081698e-09,467.6047011613433,0
39.68333333333333,7.11818825310526,8.319060266599004e-09,467.570349066961,0
39.7,7.125011721454027,8.166882945237936e-09,467.5359994959986,0
39.71666666666667,7.131834688526666,8.017489681205299e-09,467.5016524482746,0
39.733333333333334,7.138657154359949,7.870829534268288e-09,467.4673079236074,0
39.75,7.145479118990647,7.726852496375498e-09,467.4329659218152,0
39.766666666666666,7.1523005824555295,7.58550947459618e-09,467.3986264427165,0
39.78333333333333,7.159121544791363,7.446752274371672e-09,467.3642894861291,0
39.8,7.165942006034912,7.3105335830735465e-09,467.3299550518716,0
39.81666666666667,7.172761966222941,7.1768069538624545e-09,467.29562313976203,0
39.833333333333336,7.179581425392211,7.0455267898428e-09,467.26129374961835,0
39.85,7.186400383579481,6.916648328507228e-09,467.2269668812587,0
39.86666666666667,7.193218840821508,6.790127626465745e-09,467.1926425345011,0
39.88333333333333,7.20003679715505,6.66592154445469e-09,467.15832070916343,0
39.9,7.20685425261686,6.543987732619801e-09,467.1240014050636,0
39.916666666666664,7.213671207243688,6.424284616068685e-09,467.0896846220196,0
39.93333333333333,7.220487661072287,6.306771380688067e-09,467.05537035984923,0
39.95,7.2273036141394025,6.191407959220244e-09,467.0210586183702,0
39.96666666666667,7.234119066481782,6.078155017594554e-09,466.9867493974004,0
39.983333333333334,7.240934018136169,5.966973941509147e-09,466.9524426967574,0
40.0,7.247748469139307,5.8578268232581885e-09,466.918138516259,0
40.016666666666666,7.254562419527934,5.750676448800158e-09,466.8838368557228,0
40.03333333333333,7.26137586933879,5.6454862850631304e-09,466.8495377149664,0
40.05,7.268188818608612,5.542220467482012e-09,466.8152410938074,0
40.06666666666667,7.275001267374132,5.440843787764371e-09,466.7809469920634,0
40.083333333333336,7.281813215672082,5.341321681879601e-09,466.74665540955186,0
40.1,7.288624663539191,5.2436202182684925e-09,466.7123663460903,0
40.11666666666667,7.29543561101219,5.1477060862683425e-09,466.6780798014961,0
40.13333333333333,7.302246058127802,5.053546584749879e-09,466.6437957755869,0
40.15,7.309056004922754,4.961109610962362e-09,466.60951426817985,0
40.166666666666664,7.315865451433762,4.870363649582651e-09,466.5752352790925,0
40.18333333333333,7.322674397697551,4.781277761964849e-09,466.5409588081421,0
40.2,7.329482843750837,4.693821575586701e-09,466.5066848551459,0
40.21666666666667,7.3362907896303335,4.607965273689085e-09,466.4724134199213,0
40.233333333333334,7.343098235372756,4.523679585105177e-09,466.4381445022856,0
40.25,7.349905181014813,4.440935774275858e-09,466.4038781020559,0
40.266666666666666,7.356711626593214,4.3597056314477115e-09,466.36961421904954,0
40.28333333333333,7.3635175721446675,4.27996146305053e-09,466.33535285308363,0
40.3,7.370323017705876,4.201676082250931e-09,466.3010940039753,0
40.31666666666667,7.377127963313542,4.1248227996788516e-09,466.2668376715419,0
40.333333333333336,7.383932409004364,4.049375414323793e-09,466.2325838556004,0
40.35,7.3907363548150435,3.975308204597692e-09,466.19833255596797,0
40.36666666666667,7.3975398007822735,3.90259591956133e-09,466.16408377246165,0
40.38333333333333,7.404342746942748,3.831213770311318e-09,466.12983750489855,0
40.4,7.411145193333159,3.761137421524872e-09,466.09559375309567,0
40.416666666666664,7.417947139990194,3.6923429831591547e-09,466.06135251687,0
40.43333333333333,7.424748586950541,3.6248070023025866e-09,466.0271137960386,0
40.45,7.431549534250883,3.55850645517535e-09,465.9928775904184,0
40.46666666666667,7.438349981927906,3.493418739276297e-09,465.9586438998265,0
40.483333333333334,7.445149930018284,3.429521665673559e-09,465.92441272407973,0
40.5,7.451949378558698,3.3667934514362597e-09,465.89018406299516,0
40.516666666666666,7.458748327585825,3.305212712204826e-09,465.8559579163896,0
40.53333333333333,7.465546777136336,3.244758454897063e-09,465.82173428408004,0
40.55,7.472344727246904,3.1854100705480284e-09,465.7875131658833,0
40.56666666666667,7.479142177954195,3.1271473272807114e-09,465.75329456161626,0
40.583333333333336,7.485939129294875,3.069950363405476e-09,465.7190784710958,0
40.6,7.4927355813056105,3.013799680645724e-09,465.68486489413897,0
40.61666666666667,7.49953153402306,2.958676137487683e-09,465.65065383056236,0
40.63333333333333,7.506326987483884,2.9045609426517394e-09,465.6164452801829,0
40.65,7.513121941724739,2.851435648683375e-09,465.58223924281737,0
40.666666666666664,7.519916396782281,2.799282145661341e-09,465.5480357182826,0
40.68333333333333,7.526710352693161,2.7480826550210086e-09,465.51383470639547,0
40.7,7.533503809494029,2.6978197234907726e-09,465.47963620697266,0
40.71666666666667,7.540296767221532,2.6484762171394015e-09,465.4454402198309,0
40.733333333333334,7.547089225912317,2.6000353155324015e-09,465.41124674478715,0
40.75,7.553881185603025,2.552480505995165e-09,465.377055781658,0
40.766666666666666,7.560672646330297,2.5057955779813322e-09,465.34286733026016,0
40.78333333333333,7.5674636081307725,2.4599646175440765e-09,465.3086813904105,0
40.8,7.574254071041084,2.414972001908601e-09,465.2744979619257,0
40.81666666666667,7.581044035097869,2.370802394143991e-09,465.24031704462254,0
40.833333333333336,7.587833500337754,2.327440737932528e-09,465.2061386383177,0
40.85,7.59462246679737,2.2848722524348302e-09,465.1719627428279,0
40.86666666666667,7.601410934513342,2.2430824272488564e-09,465.1377893579697,0
40.88333333333333,7.608198903522294,2.2020570174612583e-09,465.10361848355996,0
40.9,7.614986373860846,2.1617820387892127e-09,465.06945011941525,0
40.916666666666664,7.621773345565622,2.1222437628112516e-09,465.03528426535235,0
40.93333333333333,7.6285598186732315,2.0834287122853097e-09,465.001120921188,0
40.95,7.635345793220292,2.045323656552482e-09,464.96696008673865,0
40.96666666666667,7.642131269243416,2.0079156070249026e-09,464.9328017618212,0
40.983333333333334,7.6489162467792084,1.9711918127561895e-09,464.89864594625215,0
41.0,7.655700725864281,1.935139756092969e-09,464.86449263984827,0
41.016666666666666,7.662484706535236,1.899747148405951e-09,464.8303418424261,0
41.03333333333333,7.669268188828674,1.865001925899162e-09,464.7961935538024,0
41.05,7.676051172781195,1.8308922454958446e-09,464.7620477737938,0
41.06666666666667,7.682833658429396,1.7974064807997016e-09,464.7279045022169,0
41.083333333333336,7.689615645809874,1.764533218129962e-09,464.69376373888844,0
41.1,7.696397134959216,1.7322612526291056e-09,464.65962548362495,0
41.11666666666667,7.7031781259140155,1.7005795844417346e-09,464.6254897362432,0
41.13333333333333,7.709958618710858,1.6694774149634521e-09,464.5913564965597,0
41.15,7.716738613386327,1.6389441431583275e-09,464.5572257643911,0
41.166666666666664,7.723518109977008,1.608969361943776e-09,464.523097539554,0
41.18333333333333,7.730297108519478,1.5795428546415943e-09,464.4889718218651,0
41.2,7.737075609050312,1.5506545914939643e-09,464.45484861114113,0
41.21666666666667,7.743853611606088,1.5222947262431788e-09,464.4207279071986,0
41.233333333333334,7.750631116223378,1.4944535927739988e-09,464.38660970985416,0
41.25,7.757408122938751,1.4671217018173976e-09,464.3524940189244,0
41.266666666666666,7.764184631788772,1.4402897377147168e-09,464.31838083422605,0
41.28333333333333,7.770960642810009,1.4139485552409378e-09,464.28427015557565,0
41.3,7.777736156039023,1.3880891764861649e-09,464.2501619827898,0
41.31666666666667,7.7845111715123725,1.3627027877941592e-09,464.2160563156853,0
41.333333333333336,7.791285689266617,1.3377807367568652e-09,464.1819531540786,0
41.35,7.798059709338307,1.3133145292639604e-09,464.14785249778646,0
41.36666666666667,7.804833231763997,1.289295826606432e-09,464.1137543466255,0
41.38333333333333,7.811606256580237,1.2657164426330806e-09,464.0796587004123,0
41.4,7.818378783823575,1.2425683409591298e-09,464.04556555896363,0
41.416666666666664,7.825150813530555,1.219843632225898e-09,464.011474922096,0
41.43333333333333,7.831922345737716,1.1975345714105754e-09,463.97738678962605,0
41.45,7.8386933804816,1.1756335551853069e-09,463.9433011613706,0
41.46666666666667,7.845463917798743,1.1541331193245362e-09,463.90921803714605,0
41.483333333333334,7.852233957725682,1.1330259361598434e-09,463.8751374167692,0
41.5,7.859003500298948,1.1123048120813075e-09,463.84105930005666,0
41.516666666666666,7.865772545555067,1.0919626850846504e-09,463.80698368682516,0
41.53333333333333,7.872541093530567,1.0719926223632093e-09,463.7729105768913,0
41.55,7.879309144261975,1.0523878179440413e-09,463.73883997007175,0
41.56666666666667,7.8860766977858106,1.0331415903672056e-09,463.7047718661832,0
41.583333333333336,7.892843754138593,1.0142473804075806e-09,463.6707062650423,0
41.6,7.89961031335684,9.956987488383371e-10,463.6366431664657,0
41.61666666666667,7.906376375477066,9.77489374235354e-10,463.6025825702702,0
41.63333333333333,7.9131419405357795,9.596130508217881e-10,463.56852447627233,0
41.65,7.919907008569493,9.420636863521307e-10,463.53446888428897,0
41.666666666666664,7.92667157961471,9.248353000349141e-10,463.5004157941366,0
41.68333333333333,7.933435653707938,9.079220204935105e-10,463.46636520563203,0
41.7,7.940199230885674,8.913180837641881e-10,463.4323171185919,0
41.71666666666667,7.946962311184419,8.750178313308178e-10,463.39827153283306,0
41.733333333333334,7.953724894640669,8.590157081955729e-10,463.3642284481721,0
41.75,7.960486981290917,8.433062609848623e-10,463.3301878644258,0
41.766666666666666,7.9672485711716545,8.278841360900052e-10,463.2961497814109,0
41.78333333333333,7.974009664319369,8.127440778418624e-10,463.262114198944,0
41.8,7.980770260770547,7.978809267189165e-10,463.2280811168421,0
41.81666666666667,7.987530360561671,7.832896175881204e-10,463.1940505349217,0
41.833333333333336,7.994289963729223,7.689651779779241e-10,463.16002245299967,0
41.85,8.001049070309683,7.549027263829358e-10,463.12599687089266,0
41.86666666666667,8.007807680339523,7.41097470599566e-10,463.09197378841753,0
41.88333333333333,8.014565793855217,7.275447060921693e-10,463.0579532053911,0
41.9,8.021323410893237,7.142398143890425e-10,463.02393512162996,0
41.916666666666664,8.028080531490048,7.011782615078063e-10,462.989919536951,0
41.93333333333333,8.034837155682117,6.883555964095811e-10,462.955906451171,0
41.95,8.041593283505907,6.757674494814483e-10,462.92189586410683,0
41.96666666666667,8.048348914997876,6.634095310466906e-10,462.88788777557517,0
41.983333333333334,8.055104050194485,6.512776299022999e-10,462.8538821853928,0
42.0,8.061858689132185,6.393676118832039e-10,462.81987909337664,0
42.016666666666666,8.06861283184743,6.276754184528193e-10,462.78587849934354,0
42.03333333333333,8.07536647837667,6.161970653193589e-10,462.7518804031102,0
42.05,8.082119628756352,6.049286410774808e-10,462.7178848044936,0
42.06666666666667,8.088872283022921,5.938663058747672e-10,462.68389170331045,0
42.083333333333336,8.095624441212816,5.830062901026158e-10,462.6499010993778,0
42.1,8.10237610336248,5.723448931111103e-10,462.61591299251234,0
42.11666666666667,8.109127269508349,5.61878481947359e-10,462.5819273825309,0
42.13333333333333,8.115877939686856,5.516034901169537e-10,462.5479442692506,0
42.15,8.122628113934429,5.415164163680711e-10,462.5139636524881,0
42.166666666666664,8.129377792287505,5.316138234978524e-10,462.4799855320603,0
42.18333333333333,8.136126974782501,5.21892337180578e-10,462.4460099077843,0
42.2,8.142875661455848,5.12348644817331e-10,462.4120367794768,0
42.21666666666667,8.149623852343968,5.0297949440667e-10,462.3780661469548,0
42.233333333333334,8.156371547483271,4.937816934359896e-10,462.3440980100352,0
42.25,8.163118746910182,4.847521077931681e-10,462.310132368535,0
42.266666666666666,8.169865450661112,4.758876606981028e-10,462.2761692222711,0
42.28333333333333,8.176611658772465,4.671853316538268e-10,462.2422085710605,0
42.3,8.183357371280657,4.586421554168017e-10,462.20825041472006,0
42.31666666666667,8.19010258822209,4.502552209860547e-10,462.1742947530668,0
42.333333333333336,8.196847309633165,4.4202167061080343e-10,462.1403415859179,0
42.35,8.203591535550288,4.339386988162581e-10,462.10639091309,0
42.36666666666667,8.210335266009851,4.260035514472272e-10,462.07244273440034,0
42.38333333333333,8.21707850104825,4.1821352472923554e-10,462.0384970496658,0
42.4,8.223821240701882,4.105659643468204e-10,462.0045538587035,0
42.416666666666664,8.230563485007133,4.0305826453868647e-10,461.9706131613304,0
42.43333333333333,8.237305234000388,3.9568786720941757e-10,461.93667495736355,0
42.45,8.244046487718036,3.884522610574499e-10,461.90273924662006,0
42.46666666666667,8.250787246196456,3.8134898071898884e-10,461.8688060289169,0
42.483333333333334,8.257527509472029,3.743756059275998e-10,461.83487530407115,0
42.5,8.26426727758113,3.6752976068916376e-10,461.8009470718999,0
42.516666666666666,8.271006550560132,3.6080911247195113e-10,461.7670213322203,0
42.53333333333333,8.277745328445409,3.542113714114797e-10,461.73309808484936,0
42.55,8.284483611273327,3.4773428952995744e-10,461.6991773296042,0
42.56666666666667,8.291221399080255,3.413756599699818e-10,461.665259066302,0
42.583333333333336,8.297958691902556,3.3513331624227e-10,461.63134329475974,0
42.6,8.30469548977659,3.29005131487155e-10,461.59743001479467,0
42.61666666666667,8.311431792738716,3.2298901774958604e-10,461.5635192262239,0
42.63333333333333,8.31816760082529,3.1708292526740237e-10,461.5296109288646,0
42.65,8.324902914072663,3.112848417726204e-10,461.495705122534,0
42.666666666666664,8.331637732517187,3.0559279180551493e-10,461.4618018070491,0
42.68333333333333,8.33837205619521,3.0000483604124103e-10,461.42790098222724,0
42.7,8.345105885143077,2.9451907062878085e-10,461.39400264788554,0
42.71666666666667,8.351839219397128,2.891336265419887e-10,461.3601068038413,0
42.733333333333334,8.358572058993708,2.838466689424975e-10,461.3262134499116,0
42.75,8.365304403969152,2.7865639655429834e-10,461.2923225859138,0
42.766666666666666,8.372036254359793,2.735610410497454e-10,461.258434211665,0
42.78333333333333,8.378767610201963,2.685588664468093e-10,461.2245483269827,0
42.8,8.385498471531992,2.6364816851735395e-10,461.19066493168384,0
42.81666666666667,8.392228838386206,2.5882727420623013e-10,461.1567840255859,0
42.833333333333336,8.398958710800931,2.540945410610138e-10,461.12290560850613,0
42.85,8.40568808881249,2.4944835667216444e-10,461.0890296802618,0
42.86666666666667,8.4124169724572,2.448871381234324e-10,461.05515624067016,0
42.88333333333333,8.41914536177137,2.4040933145231974e-10,461.02128528954864,0
42.9,8.425873256791327,2.360134111204136e-10,460.9874168267145,0
42.916666666666664,8.432600657553373,2.3169787949340978e-10,460.953550851985,0
42.93333333333333,8.43932756409382,2.2746126633064816e-10,460.91968736517765,0
42.95,8.44605397644897,2.2330212828399192e-10,460.88582636610965,0
42.96666666666667,8.45277989465513,2.1921904840586758e-10,460.85196785459846,0
42.983333333333334,8.459505318748597,2.1521063566631242e-10,460.81811183046153,0
43.0,8.46623024876567,2.1127552447885617e-10,460.7842582935161,0
43.016666666666666,8.472954684742646,2.0741237423507372e-10,460.7504072435796,0
43.03333333333333,8.479678626715815,2.0361986884765816e-10,460.7165586804696,0
43.05,8.48640207472147,1.9989671630185252e-10,460.6827126040033,0
43.06666666666667,8.493125028795893,1.9624164821508335e-10,460.6488690139983,0
43.083333333333336,8.499847488975373,1.9265341940465897e-10,460.615027910272,0
43.1,8.50656945529619,1.8913080746336745e-10,460.58118929264185,0
43.11666666666667,8.513290927794625,1.8567261234284574e-10,460.5473531609253,0
43.13333333333333,8.520011906506948,1.8227765594457573e-10,460.5135195149399,0
43.15,8.526732391469443,1.7894478171834843e-10,460.4796883545032,0
43.166666666666664,8.533452382718375,1.7567285426808704e-10,460.44585967943266,0
43.18333333333333,8.540171880290016,1.7246075896487685e-10,460.41203348954565,0
43.2,8.54689088422063,1.693074015670778e-10,460.3782097846598,0
43.21666666666667,8.553609394546484,1.6621170784737886e-10,460.34438856459275,0
43.233333333333334,8.560327411303833,1.6317262322668542e-10,460.31056982916186,0
43.25,8.567044934528939,1.601891124147006e-10,460.2767535781848,0
43.266666666666666,8.573761964258056,1.5726015905708162e-10,460.2429398114792,0
43.28333333333333,8.580478500527438,1.5438476538904837e-10,460.2091285288625,0
43.3,8.587194543373336,1.5156195189533757e-10,460.17531973015235,0
43.31666666666667,8.593910092831996,1.487907569763702e-10,460.1415134151665,0
43.333333333333336,8.600625148939661,1.4607023662052854e-10,460.1077095837225,0
43.35,8.607339711732578,1.4339946408243224e-10,460.0739082356379,0
43.36666666666667,8.614053781246986,1.4077752956709214e-10,460.0401093707304,0
43.38333333333333,8.620767357519119,1.382035399198536e-10,460.0063129888177,0
43.4,8.627480440585217,1.356766183220014e-10,459.9725190897174,0
43.416666666666664,8.634193030481503,1.3319590399194102e-10,459.9387276732473,0
43.43333333333333,8.64090512724421,1.307605518918408e-10,459.904938739225,0
43.45,8.647616730909567,1.28369732439648e-10,459.87115228746825,0
43.46666666666667,8.654327841513798,1.2602263122636448e-10,459.8373683177947,0
43.483333333333334,8.66103845909312,1.2371844873850302e-10,459.80358683002214,0
43.5,8.667748583683755,1.2145640008561542e-10,459.76980782396834,0
43.516666666666666,8.674458215321918,1.1923571473280834e-10,459.73603129945093,0
43.53333333333333,8.681167354043822,1.1705563623815098e-10,459.7022572562878,0
43.55,8.687875999885676,1.1491542199488753e-10,459.66848569429663,0
43.56666666666667,8.694584152883692,1.1281434297836432e-10,459.6347166132953,0
43.583333333333336,8.701291813074073,1.1075168349758944e-10,459.6009500131016,0
43.6,8.707998980493022,1.0872674095133432e-10,459.5671858935334,0
43.61666666666667,8.714705655176736,1.0673882558869798e-10,459.53342425440843,0
43.63333333333333,8.721411837161419,1.0478726027405418e-10,459.4996650955446,0
43.65,8.72811752648326,1.0287138025629376e-10,459.46590841675965,0
43.666666666666664,8.734822723178455,1.0099053294229281e-10,459.43215421787147,0
43.68333333333333,8.741527427283188,9.914407767452282e-11,459.39840249869815,0
43.7,8.748231638833651,9.733138551272923e-11,459.36465325905726,0
43.71666666666667,8.754935357866025,9.555183901960574e-11,459.330906498767,0
43.733333333333334,8.761638584416495,9.380483205038521e-11,459.29716221764505,0
43.75,8.768341318521239,9.208976954628594e-11,459.2634204155095,0
43.766666666666666,8.77504356021643,9.040606733172945e-11,459.2296810921782,0
43.78333333333333,8.781745309538247,8.875315191527521e-11,459.19594424746913,0
43.8,8.788446566522856,8.713046029419143e-11,459.1622098812003,0
43.81666666666667,8.795147331206426,8.553743976260193e-11,459.1284779931896,0
43.833333333333336,8.801847603625125,8.397354772314527e-11,459.0947485832551,0
43.85,8.808547383815114,8.243825150207731e-11,459.0610216512148,0
43.86666666666667,8.815246671812556,8.093102816775525e-11,459.02729719688654,0
43.88333333333333,8.821945467653606,7.945136435244551e-11,458.99357522008853,0
43.9,8.828643771374423,7.799875607738677e-11,458.95985572063887,0
43.916666666666664,8.835341583011155,7.657270858105752e-11,458.9261386983555,0
43.93333333333333,8.842038902599953,7.517273615058226e-11,458.89242415305637,0
43.95,8.848735730176964,7.379836195622316e-11,458.8587120845597,0
43.96666666666667,8.855432065778334,7.244911788889883e-11,458.82500249268355,0
43.983333333333334,8.862127909440204,7.112454440067638e-11,458.791295377246,0
44.0,8.868823261198715,6.982419034817894e-11,458.75759073806523,0
44.016666666666666,8.875518121090002,6.854761283886179e-11,458.7238885749594,0
44.03333333333333,8.882212489150197,6.729437708009566e-11,458.6901888877465,0
44.05,8.888906365415433,6.606405623101395e-11,458.65649167624474,0
44.06666666666667,8.89559974992184,6.485623125707115e-11,458.6227969402723,0
44.083333333333336,8.902292642705543,6.367049078725671e-11,458.5891046796474,0
44.1,8.908985043802662,6.250643097392725e-11,458.5554148941882,0
44.11666666666667,8.915676953249323,6.136365535519855e-11,458.5217275837129,0
44.13333333333333,8.92236837108164,6.024177471985488e-11,458.4880427480397,0
44.15,8.929059297335733,5.914040697473245e-11,458.4543603869868,0
44.166666666666664,8.935749732047713,5.805917701452572e-11,458.42068050037255,0
44.18333333333333,8.942439675253688,5.6997716593976836e-11,458.38700308801515,0
44.2,8.949129126989765,5.595566420240218e-11,458.35332814973276,0
44.21666666666667,8.955818087292053,5.493266494051587e-11,458.31965568534383,0
44.233333333333334,8.96250655619665,5.3928370399503754e-11,458.2859856946665,0
44.25,8.96919453373966,5.2942438542312107e-11,458.25231817751916,0
44.266666666666666,8.975882019957178,5.197453358710575e-11,458.2186531337201,0
44.28333333333333,8.982569014885296,5.102432589285952e-11,458.1849905630878,0
44.3,8.989255518560109,5.009149184704169e-11,458.1513304654403,0
44.31666666666667,8.995941531017703,4.9175713755352435e-11,458.1176728405962,0
44.333333333333336,9.002627052294166,4.8276679733477905e-11,458.0840176883738,0
44.35,9.009312082425582,4.7394083600826776e-11,458.0503650085914,0
44.36666666666667,9.015996621448032,4.652762477620863e-11,458.01671480106756,0
44.38333333333333,9.022680669397591,4.567700817542077e-11,457.98306706562056,0
44.4,9.02936422631034,4.4841944110708943e-11,457.9494218020689,0
44.416666666666664,9.03604729222235,4.402214819206761e-11,457.91577901023095,0
44.43333333333333,9.04272986716969,4.3217341230344336e-11,457.8821386899251,0
44.45,9.049411951188429,4.24272491421173e-11,457.84850084096996,0
44.46666666666667,9.056093544314633,4.1651602856312796e-11,457.81486546318393,0
44.483333333333334,9.062774646584362,4.0890138222531e-11,457.7812325563855,0
44.5,9.06945525803368,4.0142595921048114e-11,457.74760212039314,0
44.516666666666666,9.076135378698643,3.940872137446503e-11,457.71397415502537,0
44.53333333333333,9.082815008615304,3.868826466097282e-11,457.6803486601008,0
44.55,9.089494147819714,3.7980980429202757e-11,457.6467256354378,0
44.56666666666667,9.096172796347926,3.7286627814636295e-11,457.613105080855,0
44.583333333333336,9.102850954235981,3.6604970357542313e-11,457.57948699617094,0
44.6,9.10952862151993,3.5935775922415905e-11,457.5458713812042,0
44.61666666666667,9.11620579823581,3.527881661889168e-11,457.51225823577346,0
44.63333333333333,9.122882484419662,3.46338687241016e-11,457.47864755969727,0
44.65,9.129558680107523,3.400071260645542e-11,457.44503935279414,0
44.666666666666664,9.136234385335424,3.33791326508133e-11,457.4114336148828,0
44.68333333333333,9.142909600139395,3.276891718502855e-11,457.37783034578183,0
44.7,9.149584324555468,3.216985840783307e-11,457.34422954531004,0
44.71666666666667,9.156258558619664,3.1581752318041865e-11,457.31063121328594,0
44.733333333333334,9.162932302368008,3.100439864505385e-11,457.2770353495283,0
44.75,9.169605555836522,3.0437600780621735e-11,457.24344195385567,0
44.766666666666666,9.176278319061224,2.988116571187142e-11,457.20985102608694,0
44.78333333333333,9.182950592078123,2.9334903955546937e-11,457.1762625660406,0
44.8,9.189622374923239,2.879862949345591e-11,457.14267657353565,0
44.81666666666667,9.196293667632577,2.8272159709098527e-11,457.10909304839055,0
44.833333333333336,9.202964470242147,2.7755315325453614e-11,457.0755119904242,0
44.85,9.20963478278795,2.7247920343903397e-11,457.04193339945544,0
44.86666666666667,9.216304605305991,2.6749801984275494e-11,457.0083572753029,0
44.88333333333333,9.222973937832268,2.6260790625981907e-11,456.97478361778553,0
44.9,9.229642780402777,2.5780719750233346e-11,456.94121242672196,0
44.916666666666664,9.236311133053514,2.5309425883312186e-11,456.9076437019312,0
44.93333333333333,9.242978995820465,2.484674854088143e-11,456.87407744323195,0
44.95,9.249646368739622,2.4392530173313624e-11,456.8405136504431,0
44.96666666666667,9.256313251846972,2.3946616112018792e-11,456.80695232338354,0
44.983333333333334,9.262979645178497,2.350885451675452e-11,456.77339346187205,0
45.0,9.269645548770177,2.3079096323900044e-11,456.7398370657276,0
45.016666666666666,9.276310962657993,2.2657195195675298e-11,456.7062831347692,0
45.03333333333333,9.282975886877919,2.2243007470290555e-11,456.6727316688155,0
45.05,9.289640321465924,2.1836392113005932e-11,456.6391826676856,0
45.06666666666667,9.296304266457984,2.1437210668087696e-11,456.6056361311984,0
45.083333333333336,9.302967721890061,2.1045327211641877e-11,456.57209205917286,0
45.1,9.309630687798126,2.0660608305312052e-11,456.53855045142797,0
45.11666666666667,9.316293164218138,2.0282922950822517e-11,456.5050113077826,0
45.13333333333333,9.322955151186054,1.9912142545354027e-11,456.47147462805583,0
45.15,9.329616648737835,1.9548140837735216e-11,456.4379404120666,0
45.166666666666664,9.336277656909434,1.919079388543531e-11,456.40440865963404,0
45.18333333333333,9.342938175736801,1.8839980012343416e-11,456.3708793705771,0
45.2,9.349598205255887,1.849557976732044e-11,456.33735254471475,0
45.21666666666667,9.356257745502639,1.8157475883508247e-11,456.3038281818662,0
45.233333333333334,9.362916796512998,1.7825553238384208e-11,456.2703062818505,0
45.25,9.369575358322907,1.7499698814545213e-11,456.2367868444866,0
45.266666666666666,9.376233430968302,1.7179801661209838e-11,456.2032698695937,0
45.28333333333333,9.382891014485121,1.686575285642398e-11,456.16975535699095,0
45.3,9.389548108909295,1.6557445469958113e-11,456.1362433064973,0
45.31666666666667,9.39620471427676,1.6254774526883285e-11,456.1027337179321,0
45.333333333333336,9.402860830623437,1.595763697181271e-11,456.06922659111433,0
45.35,9.409516457985257,1.5665931633798034e-11,456.03572192586324,0
45.36666666666667,9.41617159639814,1.5379559191867215e-11,456.00221972199796,0
45.38333333333333,9.422826245898007,1.5098422141192863e-11,455.9687199793377,0
45.4,9.429480406520772,1.4822424759879292e-11,455.93522269770165,0
45.416666666666664,9.436134078302354,1.4551473076357184e-11,455.90172787690904,0
45.43333333333333,9.442787261278665,1.4285474837374465e-11,455.868235516779,0
45.45,9.449439955485612,1.402433947657231e-11,455.8347456171309,0
45.46666666666667,9.456092160959106,1.3767978083636626e-11,455.801258177784,0
45.483333333333334,9.462743877735043,1.3516303374013048e-11,455.76777319855745,0
45.5,9.46939510584933,1.3269229659176046e-11,455.7342906792706,0
45.516666666666666,9.476045845337868,1.3026672817441982e-11,455.7008106197427,0
45.53333333333333,9.482696096236548,1.2788550265315624e-11,455.6673330197931,0
45.55,9.489345858581268,1.2554780929361214e-11,455.63385787924113,0
45.56666666666667,9.495995132407916,1.2325285218587378e-11,455.60038519790606,0
45.583333333333336,9.502643917752383,1.2099984997337546e-11,455.5669149756072,0
45.6,9.509292214650555,1.1878803558676013e-11,455.53344721216405,0
45.61666666666667,9.515940023138311,1.1661665598260796e-11,455.4999819073959,0
45.63333333333333,9.522587343251534,1.1448497188694465e-11,455.46651906112226,0
45.65,9.529234175026103,1.1239225754343607e-11,455.4330586731622,0
45.666666666666664,9.53588051849789,1.1033780046619383e-11,455.3996007433355,0
45.68333333333333,9.542526373702772,1.0832090119709831e-11,455.36614527146133,0
45.7,9.549171740676618,1.0634087306756108e-11,455.33269225735927,0
45.71666666666667,9.555816619455289,1.0439704196464637e-11,455.2992417008487,0
45.733333333333334,9.562461010074658,1.0248874610146356e-11,455.2657936017492,0
45.75,9.569104912570584,1.006153357917669e-11,455.23234795988003,0
45.766666666666666,9.575748326978925,9.877617322867413e-12,455.1989047750608,0
45.78333333333333,9.582391253335539,9.697063226742953e-12,455.16546404711096,0
45.8,9.589033691676281,9.51980982121428e-12,455.1320257758501,0
45.81666666666667,9.595675642036998,9.345796760642926e-12,455.0985899610977,0
45.833333333333336,9.602317104453546,9.174964802787763e-12,455.0651566026733,0
45.85,9.608958078961765,9.007255788627204e-12,455.0317257003965,0
45.86666666666667,9.615598565597502,8.84261262255145e-12,454.9982972540869,0
45.88333333333333,9.622238564396598,8.68097925291615e-12,454.96487126356396,0
45.9,9.62887807539489,8.522300652951844e-12,454.93144772864724,0
45.916666666666664,9.635517098628215,8.366522802022901e-12,454.8980266491565,0
45.93333333333333,9.642155634132404,8.213592667228845e-12,454.8646080249114,0
45.95,9.648793681943287,8.06345818534232e-12,454.83119185573133,0
45.96666666666667,9.655431242096697,7.916068245077327e-12,454.79777814143625,0
45.983333333333334,9.662068314628453,7.771372669681764e-12,454.7643668818456,0
46.0,9.668704899574381,7.629322199848353e-12,454.7309580767791,0
46.016666666666666,9.675340996970299,7.489868476938012e-12,454.69755172605653,0
46.03333333333333,9.681976606852027,7.352964026510122e-12,454.6641478294974,0
46.05,9.688611729255378,7.218562242153951e-12,454.6307463869215,0
46.06666666666667,9.695246364216162,7.086617369615808e-12,454.59734739814854,0
46.083333333333336,9.701880511770193,6.957084491216409e-12,454.5639508629984,0
46.1,9.708514171953276,6.829919510553381e-12,454.53055678129067,0
46.11666666666667,9.715147344801215,6.7050791374832006e-12,454.4971651528453,0
46.13333333333333,9.72178003034981,6.582520873378213e-12,454.46377597748176,0
46.15,9.72841222863486,6.462202996652928e-12,454.43038925502015,0
46.166666666666664,9.735043939692167,6.344084548555175e-12,454.3970049852801,0
46.18333333333333,9.741675163557515,6.228125319217041e-12,454.3636231680814,0
46.2,9.7483059002667,6.114285833960941e-12,454.33024380324406,0
46.21666666666667,9.754936149855508,6.002527339856119e-12,454.2968668905878,0
46.233333333333334,9.761565912359732,5.892811792520993e-12,454.2634924299325,0
46.25,9.768195187815145,5.7851018431667425e-12,454.23012042109804,0
46.266666666666666,9.774823976257537,5.679360825878213e-12,454.1967508639043,0
46.28333333333333,9.78145227772268,5.575552745126897e-12,454.16338375817116,0
46.3,9.788080092246352,5.473642263512554e-12,454.13001910371855,0
46.31666666666667,9.794707419864322,5.373594689729221e-12,454.0966569003663,0
46.333333333333336,9.801334260612363,5.275375966750775e-12,454.06329714793446,0
46.35,9.807960614526241,5.178952660232946e-12,454.0299398462429,0
46.36666666666667,9.814586481641722,5.0842919471273676e-12,453.9965849951117,0
46.38333333333333,9.82121186199457,4.991361604503797e-12,453.96323259436076,0
46.4,9.827836755620542,4.9001299985766036e-12,453.92988264381006,0
46.416666666666664,9.834461162555394,4.810566073932245e-12,453.89653514327966,0
46.43333333333333,9.84108508283488,4.722639342953496e-12,453.8631900925895,0
46.45,9.847708516494754,4.636319875437126e-12,453.8298474915596,0
46.46666666666667,9.854331463570762,4.5515782884015535e-12,453.79650734001007,0
46.483333333333334,9.860953924098652,4.4683857360807375e-12,453.763169637761,0
46.5,9.86757589811417,4.3867139001011966e-12,453.7298343846324,0
46.516666666666666,9.874197385653055,4.3065349798384725e-12,453.69650158044425,0
46.53333333333333,9.880818386751042,4.2278216829502306e-12,453.6631712250168,0
46.55,9.887438901443872,4.150547216082108e-12,453.6298433181701,0
46.56666666666667,9.894058929767278,4.074685275743896e-12,453.59651785972426,0
46.583333333333336,9.900678471756986,4.000210039352338e-12,453.56319484949944,0
46.6,9.90729752744873,3.92709615643774e-12,453.52987428731575,0
46.61666666666667,9.913916096878229,3.8553187400115225e-12,453.4965561729933,0
46.63333333333333,9.92053418008121,3.784853358091519e-12,453.46324050635235,0
46.65,9.927151777093393,3.715676025382223e-12,453.42992728721316,0
46.666666666666664,9.933768887950494,3.647763195107288e-12,453.3966165153957,0
46.68333333333333,9.940385512688227,3.5810917509912995e-12,453.36330819072043,0
46.7,9.947001651342308,3.515638999388204e-12,453.3300023130074,0
46.71666666666667,9.953617303948443,3.451382661553683e-12,453.29669888207695,0
46.733333333333334,9.96023247054234,3.3883008660587884e-12,453.26339789774926,0
46.75,9.966847151159705,3.3263721413424298e-12,453.2300993598447,0
46.766666666666666,9.97346134583624,3.2655754083999453e-12,453.1968032681834,0
46.78333333333333,9.98007505460764,3.2058899736053276e-12,453.1635096225857,0
46.8,9.986688277509606,3.1472955216649035e-12,453.130218422872,0
46.81666666666667,9.993301014577828,3.0897721086996213e-12,453.0969296688626,0
46.833333333333336,9.999913265847999,3.0333001554540336e-12,453.0636433603776,0
46.85,10.006525031355809,2.977860440629368e-12,453.0303594972376,0
46.86666666666667,10.013136311136943,2.9234340943385175e-12,452.9970780792629,0
46.88333333333333,10.019747105227083,2.870002591680745e-12,452.9637991062739,0
46.9,10.026357413661911,2.817547746433834e-12,452.93052257809086,0
46.916666666666664,10.032967236477107,2.766051704861671e-12,452.8972484945343,0
46.93333333333333,10.039576573708345,2.715496939634946e-12,452.8639768554246,0
46.95,10.046185425391293,2.6658662438631144e-12,452.8307076605822,0
46.96666666666667,10.052793791561628,2.6171427252354773e-12,452.79744090982746,0
46.983333333333334,10.059401672255015,2.5693098002693236e-12,452.7641766029808,0
47.0,10.066009067507121,2.522351188663364e-12,452.7309147398628,0
47.016666666666666,10.072615977353607,2.476250907754332e-12,452.6976553202939,0
47.03333333333333,10.079222401830132,2.4309932670749928e-12,452.6643983440946,0
47.05,10.085828340972354,2.38656286301165e-12,452.6311438110854,0
47.06666666666667,10.09243379481593,2.342944573559311e-12,452.5978917210868,0
47.083333333333336,10.099038763396507,2.300123553172857e-12,452.56464207391923,0
47.1,10.105643246749738,2.2580852277122414e-12,452.5313948694034,0
47.11666666666667,10.112247244911268,2.2168152894802114e-12,452.49815010735983,0
47.13333333333333,10.118850757916741,2.1762996923507205e-12,452.46490778760904,0
47.15,10.1254537858018,2.136524646986431e-12,452.43166790997157,0
47.166666666666664,10.132056328602083,2.0974766161436806e-12,452.39843047426814,0
47.18333333333333,10.138658386353228,2.0591423100632965e-12,452.3651954803192,0
47.2,10.145259959090865,2.02150868194566e-12,452.3319629279455,0
47.21666666666667,10.151861046850627,1.9845629235085742e-12,452.2987328169675,0
47.233333333333334,10.158461649668142,1.94829246062629e-12,452.26550514720617,0
47.25,10.165061767579038,1.9126849490483254e-12,452.2322799184819,0
47.266666666666666,10.171661400618932,1.8777282701965316e-12,452.19905713061536,0
47.28333333333333,10.178260548823452,1.8434105270390467e-12,452.1658367834274,0
47.3,10.184859212228211,1.8097200400396704e-12,452.1326188767386,0
47.31666666666667,10.191457390868829,1.7766453431812972e-12,452.09940341036975,0
47.333333333333336,10.198055084780913,1.7441751800621347e-12,452.0661903841415,0
47.35,10.204652294000073,1.7122985000631341e-12,452.0329797978746,0
47.36666666666667,10.211249018561924,1.6810044545857582e-12,451.99977165138984,0
47.38333333333333,10.217845258502063,1.6502823933582695e-12,451.96656594450803,0
47.4,10.224441013856097,1.6201218608097487e-12,451.93336267704973,0
47.416666666666664,10.231036284659625,1.5905125925103454e-12,451.90016184883604,0
47.43333333333333,10.237631070948241,1.5614445116766165e-12,451.8669634596875,0
47.45,10.24422537275754,1.5329077257407668e-12,451.8337675094251,0
47.46666666666667,10.250819190123117,1.504892522982636e-12,451.8005739978696,0
47.483333333333334,10.257412523080559,1.4773893692232807e-12,451.76738292484185,0
47.5,10.26400537166545,1.4503889045789352e-12,451.7341942901627,0
47.516666666666666,10.270597735913377,1.4238819402744438e-12,451.7010080936531,0
47.53333333333333,10.277189615859923,1.397859455514882e-12,451.6678243351338,0
47.55,10.283781011540665,1.3723125944143712e-12,451.6346430144257,0
47.56666666666667,10.290371922991177,1.3472326629811164e-12,451.6014641313498,0
47.583333333333336,10.296962350247037,1.32261112615749e-12,451.568287685727,0
47.6,10.303552293343813,1.2984396049143146e-12,451.5351136773783,0
47.61666666666667,10.310141752317072,1.2747098733982088e-12,451.5019421061246,0
47.63333333333333,10.316730727202382,1.2514138561311326e-12,451.46877297178673,0
47.65,10.323319218035302,1.2285436252611425e-12,451.43560627418583,0
47.666666666666664,10.329907224851395,1.2060913978633666e-12,451.4024420131428,0
47.68333333333333,10.336494747686222,1.1840495332903835e-12,451.36928018847874,0
47.7,10.343081786575334,1.1624105305710382e-12,451.3361208000145,0
47.71666666666667,10.349668341554286,1.1411670258568056e-12,451.3029638475712,0
47.733333333333334,10.356254412658629,1.1203117899148152e-12,451.26980933096996,0
47.75,10.362839999923905,1.0998377256667968e-12,451.2366572500317,0
47.766666666666666,10.36942510338566,1.0797378657729469e-12,451.2035076045777,0
47.78333333333333,10.376009723079441,1.0600053702600164e-12,451.1703603944287,0
47.8,10.382593859040785,1.0406335241927277e-12,451.1372156194061,0
47.81666666666667,10.38917751130523,1.021615735387837e-12,451.1040732793308,0
47.833333333333336,10.395760679908305,1.0029455321698973e-12,451.0709333740241,0
47.85,10.402343364885546,9.846165611681525e-13,451.0377959033071,0
47.86666666666667,10.408925566272483,9.66622585153638e-13,451.0046608670007,0
47.88333333333333,10.415507284104642,9.489574809158632e-13,450.97152826492635,0
47.9,10.422088518417544,9.316152371783353e-13,450.9383980969052,0
47.916666666666664,10.428669269246713,9.145899525521236e-13,450.9052703627583,0
47.93333333333333,10.435249536627667,8.978758335269396e-13,450.87214506230686,0
47.95,10.441829320595923,8.814671924988651e-13,450.83902219537214,0
47.96666666666667,10.448408621186992,8.653584458341868e-13,450.8059017617754,0
47.983333333333334,10.454987438436385,8.495441119686119e-13,450.7727837613378,0
48.0,10.461565772379615,8.340188095412509e-13,450.7396681938807,0
48.016666666666666,10.46814362305218,8.187772555626985e-13,450.7065550592252,0
48.03333333333333,10.474720990489589,8.03814263616632e-13,450.67344435719264,0
48.05,10.481297874727337,7.891247420942765e-13,450.6403360876044,0
48.06666666666667,10.487874275800925,7.747036924611541e-13,450.60723025028176,0
48.083333333333336,10.494450193745852,7.60546207555521e-13,450.57412684504607,0
48.1,10.501025628597604,7.466474699179235e-13,450.5410258717185,0
48.11666666666667,10.507600580391676,7.330027501512864e-13,450.5079273301205,0
48.13333333333333,10.514175049163553,7.196074053109831e-13,450.4748312200734,0
48.15,10.520749034948716,7.064568773243596e-13,450.4417375413986,0
48.166666666666664,10.527322537782652,6.935466914391331e-13,450.40864629391746,0
48.18333333333333,10.533895557700841,6.808724547001565e-13,450.37555747745137,0
48.2,10.54046809473876,6.684298544540643e-13,450.3424710918218,0
48.21666666666667,10.547040148931877,6.562146568812355e-13,450.3093871368501,0
48.233333333333334,10.55361172031567,6.442227055545768e-13,450.27630561235765,0
48.25,10.560182808925607,6.32449920024708e-13,450.24322651816595,0
48.266666666666666,10.566753414797152,6.208922944309672e-13,450.2101498540966,0
48.28333333333333,10.573323537965772,6.095458961378403e-13,450.1770756199708,0
48.3,10.579893178466927,5.984068643963033e-13,450.1440038156103,0
48.31666666666667,10.586462336336075,5.874714090296509e-13,450.11093444083644,0
48.333333333333336,10.593031011608673,5.767358091433449e-13,450.0778674954708,0
48.35,10.599599204320173,5.66196411858454e-13,450.0448029793349,0
48.36666666666667,10.606166914506026,5.558496310682562e-13,450.0117408922503,0
48.38333333333333,10.612734142201683,5.456919462175519e-13,449.9786812340385,0
48.4,10.61930088744259,5.357199011043363e-13,449.9456240045211,0
48.416666666666664,10.625867150264186,5.259301027033324e-13,449.9125692035197,0
48.43333333333333,10.632432930701915,5.163192200110517e-13,449.87951683085583,0
48.45,10.638998228791213,5.068839829120101e-13,449.8464668863511,0
48.46666666666667,10.645563044567513,4.97621181065594e-13,449.8134193698272,0
48.483333333333334,10.652127378066249,4.885276628133512e-13,449.78037428110565,0
48.5,10.658691229322852,4.796003341062139e-13,449.7473316200082,0
48.516666666666666,10.665254598372753,4.708361574513572e-13,449.7142913863564,0
48.53333333333333,10.671817485251374,4.622321508782979e-13,449.68125357997206,0
48.55,10.678379889994135,4.53785386923911e-13,449.64821820067687,0
48.56666666666667,10.684941812636458,4.45492991635988e-13,449.6151852482922,0
48.583333333333336,10.691503253213757,4.373521435950236e-13,449.58215472264027,0
48.6,10.69806421176145,4.2936007295388403e-13,449.54912662354246,0
48.61666666666667,10.704624688314947,4.215140604950163e-13,449.51610095082054,0
48.63333333333333,10.711184682909659,4.1381143670492944e-13,449.48307770429636,0
48.65,10.71774419558099,4.062495808655599e-13,449.45005688379166,0
48.666666666666664,10.724303226364343,3.988259201622709e-13,449.417038489128,0
48.68333333333333,10.730861775295125,3.915379288081542e-13,449.3840225201275,0
48.7,10.73741984240873,3.8438312718434046e-13,449.3510089766118,0
48.71666666666667,10.743977427740559,3.773590809960209e-13,449.31799785840275,0
48.733333333333334,10.750534531326,3.70463400443915e-13,449.2849891653221,0
48.75,10.757091153200447,3.63693739410865e-13,449.2519828971918,0
48.766666666666666,10.763647293399288,3.5704779466332485e-13,449.2189790538336,0
48.78333333333333,10.770202951957907,3.50523305067422e-13,449.18597763506943,0
48.8,10.776758128911691,3.441180508193672e-13,449.1529786407212,0
48.81666666666667,10.783312824296015,3.3782985268994066e-13,449.1199820706108,0
48.833333333333336,10.789867038146262,3.3165657128276313e-13,449.08698792456,0
48.85,10.796420770497809,3.255961063061621e-13,449.05399620239086,0
48.86666666666667,10.802974021386024,3.1964639585831763e-13,449.02100690392524,0
48.88333333333333,10.80952679084628,3.138054157255057e-13,448.9880200289851,0
48.9,10.816079078913942,3.080711786931439e-13,448.95503557739244,0
48.916666666666664,10.822630885624378,3.0244173386945715e-13,448.92205354896913,0
48.93333333333333,10.829182211012947,2.9691516602148785e-13,448.88907394353726,0
48.95,10.83573305511501,2.9148959492325873e-13,448.85609676091883,0
48.96666666666667,10.842283417965925,2.8616317471584844e-13,448.8231220009358,0
48.983333333333334,10.848833299601047,2.8093409327916145e-13,448.79014966341026,0
49.0,10.85538270005573,2.758005716151883e-13,448.7571797481641,0
49.016666666666666,10.861931619365318,2.7076086324253843e-13,448.7242122550195,0
49.03333333333333,10.868480057565161,2.6581325360204614e-13,448.6912471837985,0
49.05,10.875028014690601,2.609560594732368e-13,448.65828453432323,0
49.06666666666667,10.881575490776985,2.561876284014637e-13,448.62532430641556,0
49.083333333333336,10.888122485859649,2.515063381355201e-13,448.5923664998979,0
49.1,10.89466899997393,2.469105960755273e-13,448.5594111145921,0
49.11666666666667,10.90121503315516,2.423988387309243e-13,448.52645815032037,0
49.13333333333333,10.90776058543867,2.379695311883523e-13,448.493507606905,0
49.15,10.914305656859792,2.3362116658928876e-13,448.46055948416796,0
49.166666666666664,10.920850247453847,2.293522656172055e-13,448.42761378193154,0
49.18333333333333,10.927394357256162,2.2516137599412166e-13,448.3946705000178,0
49.2,10.93393798630206,2.2104707198635233e-13,448.3617296382491,0
49.21666666666667,10.940481134626857,2.1700795391929123e-13,448.3287911964474,0
49.233333333333334,10.947023802265866,2.1304264770107313e-13,448.29585517443513,0
49.25,10.953565989254404,2.0914980435492723e-13,448.2629215720345,0
49.266666666666666,10.96010769562778,2.0532809956010037e-13,448.2299903890676,0
49.28333333333333,10.966648921421301,2.015762332011563e-13,448.19706162535687,0
49.3,10.973189666670274,1.978929289255208e-13,448.1641352807245,0
49.31666666666667,10.97972993141,1.9427693370911552e-13,448.1312113549928,0
49.333333333333336,10.98626971567578,1.9072701742993294e-13,448.098289847984,0
49.35,10.992809019502912,1.8724197244940506e-13,448.0653707595205,0
49.36666666666667,10.99934784292669,1.8382061320142202e-13,448.03245408942456,0
49.38333333333333,11.005886185982408,1.8046177578887238e-13,447.9995398375186,0
49.4,11.012424048705354,1.7716431758755365e-13,447.96662800362486,0
49.416666666666664,11.018961431130817,1.7392711685731824e-13,447.9337185875658,0
49.43333333333333,11.02549833329408,1.7074907236034282e-13,447.9008115891637,0
49.45,11.032034755230425,1.6762910298635733e-13,447.8679070082411,0
49.46666666666667,11.038570696975132,1.6456614738474296e-13,447.83500484462024,0
49.483333333333334,11.045106158563478,1.6155916360334293e-13,447.80210509812366,0
49.5,11.051641140030735,1.5860712873388152e-13,447.7692077685737,0
49.516666666666666,11.058175641412177,1.5570903856386415e-13,447.7363128557929,0
49.53333333333333,11.064709662743073,1.5286390723484066e-13,447.70342035960357,0
49.55,11.071243204058687,1.5007076690691732e-13,447.6705302798283,0
49.56666666666667,11.077776265394288,1.4732866742939873e-13,447.63764261628955,0
49.583333333333336,11.084308846785131,1.446366760174515e-13,447.6047573688098,0
49.6,11.090840948266479,1.419938769346813e-13,447.5718745372115,0
49.61666666666667,11.097372569873583,1.3939937118151044e-13,447.5389941213173,0
49.63333333333333,11.103903711641705,1.3685227618925108e-13,447.5061161209495,0
49.65,11.110434373606088,1.343517255197723e-13,447.4732405359309,0
49.666666666666664,11.116964555801983,1.3189686857065843e-13,447.44036736608393,0
49.68333333333333,11.123494258264637,1.294868702857531e-13,447.40749661123124,0
49.7,11.130023481029289,1.271209108709999e-13,447.37462827119526,0
49.71666666666667,11.136552224131185,1.2479818551547423e-13,447.3417623457988,0
49.733333333333334,11.143080487605557,1.2251790411751482e-13,447.3088988348643,0
49.75,11.149608271487649,1.2027929101586179e-13,447.2760377382144,0
49.766666666666666,11.156135575812687,1.180815847257126e-13,447.24317905567193,0
49.78333333333333,11.1626624006159,1.1592403767959776e-13,447.21032278705917,0
49.8,11.169188745932521,1.1380591597299703e-13,447.17746893219913,0
49.81666666666667,11.175714611797773,1.1172649911460516e-13,447.14461749091436,0
49.833333333333336,11.182239998246876,1.0968507978116027e-13,447.1117684630276,0
49.85,11.188764905315054,1.076809635767589e-13,447.0789218483614,0
49.86666666666667,11.195289333037524,1.0571346879656576e-13,447.04607764673864,0
49.88333333333333,11.201813281449498,1.0378192619484558e-13,447.013235857982,0
49.9,11.208336750586186,1.0188567875723356e-13,446.9803964819142,0
49.916666666666664,11.214859740482801,1.0002408147717251e-13,446.94755951835805,0
49.93333333333333,11.221382251174548,9.819650113643109e-14,446.91472496713624,0
49.95,11.227904282696635,9.640231608963732e-14,446.88189282807156,0
49.96666666666667,11.234425835084258,9.464091605275351e-14,446.8490631009868,0
49.983333333333334,11.240946908372619,9.291170189541065e-14,446.81623578570486,0
50.0,11.247467502596914,9.121408543704445e-14,446.7834108820484,0
50.016666666666666,11.25398761779234,8.954748924675775e-14,446.7505883898404,0
50.03333333333333,11.260507253994085,8.791134644683762e-14,446.71776830890366,0
50.05,11.267026411237339,8.630510051986802e-14,446.684950639061,0
50.06666666666667,11.273545089557288,8.472820511936715e-14,446.6521353801353,0
50.083333333333336,11.280063288989115,8.31801238838849e-14,446.6193225319495,0
50.1,11.286581009568003,8.166033025449869e-14,446.58651209432645,0
50.11666666666667,11.293098251329127,8.016830729564888e-14,446.553704067089,0
50.13333333333333,11.299615014307664,7.870354751924452e-14,446.5208984500602,0
50.15,11.306131298538789,7.72655527119863e-14,446.48809524306296,0
50.166666666666664,11.312647104057673,7.585383376584671e-14,446.4552944459201,0
50.18333333333333,11.319162430899482,7.446791051164782e-14,446.4224960584547,0
50.2,11.32567727909938,7.310731155568158e-14,446.38970008048983,0
50.21666666666667,11.332191648692536,7.177157411931669e-14,446.35690651184836,0
50.233333333333334,11.338705539714105,7.046024388153579e-14,446.3241153523532,0
50.25,11.345218952199248,6.917287482435485e-14,446.2913266018275,0
50.266666666666666,11.351731886183119,6.790902908106236e-14,446.25854026009426,0
50.28333333333333,11.35824434170087,6.666827678723815e-14,446.2257563269765,0
50.3,11.364756318787649,6.545019593449202e-14,446.1929748022974,0
50.31666666666667,11.371267817478609,6.425437222687763e-14,446.1601956858798,0
50.333333333333336,11.37777883780889,6.308039893992945e-14,446.1274189775469,0
50.35,11.384289379813636,6.192787678227716e-14,446.0946446771217,0
50.36666666666667,11.390799443527985,6.079641375979134e-14,446.0618727844275,0
50.38333333333333,11.397309028987078,5.968562504220803e-14,446.0291032992873,0
50.4,11.403818136226047,5.859513283219665e-14,445.9963362215243,0
50.416666666666664,11.410326765280026,5.752456623681618e-14,445.9635715509615,0
50.43333333333333,11.41683491618414,5.6473561141325196e-14,445.93080928742216,0
50.45,11.423342588973519,5.544176008529478e-14,445.8980494307295,0
50.46666666666667,11.429849783683286,5.442881214099e-14,445.8652919807065,0
50.483333333333334,11.436356500348564,5.3434372793969715e-14,445.8325369371766,0
50.5,11.442862739004472,5.245810382587353e-14,445.7997842999628,0
50.516666666666666,11.449368499686123,5.149967319934702e-14,445.76703406888845,0
50.53333333333333,11.455873782428636,5.055875494507339e-14,445.73428624377675,0
50.55,11.462378587267121,4.9635029050869685e-14,445.701540824451,0
50.56666666666667,11.468882914236683,4.87281813528079e-14,445.6687978107344,0
50.583333333333336,11.475386763372434,4.783790342832901e-14,445.6360572024503,0
50.6,11.481890134709472,4.6963892491309e-14,445.6033189994219,0
50.61666666666667,11.488393028282903,4.610585128904335e-14,445.5705832014725,0
50.63333333333333,11.494895444127822,4.5263488001115435e-14,445.5378498084255,0
50.65,11.501397382279325,4.443651614011114e-14,445.50511882010414,0
50.666666666666664,11.507898842772507,4.36246544541505e-14,445.47239023633176,0
50.68333333333333,11.514399825642457,4.282762683120102e-14,445.43966405693175,0
50.7,11.520900330924265,4.2045162205136906e-14,445.40694028172743,0
50.71666666666667,11.527400358653011,4.127699446351922e-14,445.37421891054237,0
50.733333333333334,11.533899908863784,4.052286235705955e-14,445.3414999431997,0
50.75,11.540398981591666,3.978250941073819e-14,445.30878337952294,0
50.766666666666666,11.54689757687173,3.9055683836548355e-14,445.27606921933557,0
50.78333333333333,11.553395694739052,3.834213844783466e-14,445.2433574624609,0
50.8,11.559893335228706,3.764163057519684e-14,445.21064810872235,0
50.81666666666667,11.566390498375762,3.695392198393073e-14,445.1779411579435,0
50.833333333333336,11.572887184215286,3.6278778792979236e-14,445.14523660994774,0
50.85,11.579383392782345,3.561597139536287e-14,445.1125344645586,0
50.86666666666667,11.585879124112003,3.496527438006676e-14,445.0798347215996,0
50.88333333333333,11.592374378239315,3.4326466455354076e-14,445.0471373808941,0
50.9,11.598869155199342,3.369933037348142e-14,445.0144424422658,0
50.916666666666664,11.605363455027137,3.308365285678995e-14,444.9817499055382,0
50.93333333333333,11.61185727775775,3.247922452514829e-14,444.9490597705348,0
50.95,11.618350623426235,3.18858398247207e-14,444.9163720370791,0
50.96666666666667,11.624843492067633,3.1303296958037474e-14,444.8836867049947,0
50.983333333333334,11.631335883716991,3.07313978153439e-14,444.85100377410527,0
51.0,11.637827798409354,3.0169947907203643e-14,444.81832324423425,0
51.016666666666666,11.644319236179756,2.9618756298333513e-14,444.7856451152054,0
51.03333333333333,11.650810197063237,2.907763554264871e-14,444.7529693868423,0
51.05,11.65730068109483,2.8546401619494425e-14,444.72029605896864,0
51.06666666666667,11.663790688309566,2.802487387104341e-14,444.687625131408,0
51.083333333333336,11.670280218742475,2.7512874940836758e-14,444.6549566039841,0
51.1,11.676769272428583,2.7010230713449933e-14,444.62229047652056,0
51.11666666666667,11.683257849402914,2.6516770255259442e-14,444.5896267488411,0
51.13333333333333,11.689745949700486,2.603232575629388e-14,444.5569654207695,0
51.15,11.696233573356322,2.5556732473146646e-14,444.52430649212926,0
51.166666666666664,11.702720720405434,2.5089828672932547e-14,444.4916499627443,0
51.18333333333333,11.70920739088284,2.4631455578268228e-14,444.4589958324383,0
51.2,11.715693584823546,2.4181457313259537e-14,444.426344101035,0
51.21666666666667,11.722179302262566,2.3739680850474056e-14,444.3936947683582,0
51.233333333333334,11.728664543234897,2.3305975958884768e-14,444.36104783423167,0
51.25,11.73514930777555,2.28801951527641e-14,444.32840329847926,0
51.266666666666666,11.741633595919524,2.2462193641512034e-14,444.29576116092466,0
51.28333333333333,11.748117407701816,2.2051829280401748e-14,444.26312142139176,0
51.3,11.75460074315742,2.1648962522225104e-14,444.23048407970435,0
51.31666666666667,11.76108360232133,2.1253456369822006e-14,444.19784913568634,0
51.333333333333336,11.767565985228536,2.086517632947736e-14,444.16521658916145,0
51.35,11.77404789191403,2.0483990365169774e-14,444.1325864399537,0
51.36666666666667,11.780529322412791,2.0109768853656744e-14,444.09995868788695,0
51.38333333333333,11.787010276759803,1.9742384540380126e-14,444.067333332785,0
51.4,11.79349075499005,1.938171249617828e-14,444.03471037447184,0
51.416666666666664,11.799970757138503,1.9027630074788548e-14,444.0020898127713,0
51.43333333333333,11.806450283240142,1.8680016871127472e-14,443.9694716475074,0
51.45,11.81292933332994,1.8338754680332395e-14,443.93685587850416,0
51.46666666666667,11.81940790744286,1.800372745755253e-14,443.90424250558544,0
51.483333333333334,11.825886005613878,1.76748212784746e-14,443.8716315285752,0
51.5,11.832363627877951,1.7351924300569735e-14,443.8390229472975,0
51.516666666666666,11.838840774270045,1.7034926725049054e-14,443.80641676157626,0
51.53333333333333,11.84531744482512,1.6723720759514146e-14,443.7738129712356,0
51.55,11.85179363957813,1.6418200581290583e-14,443.74121157609943,0
51.56666666666667,11.858269358564032,1.6118262301431292e-14,443.7086125759919,0
51.583333333333336,11.864744601817774,1.5823803929377753e-14,443.6760159707369,0
51.6,11.87121936937431,1.553472533826766e-14,443.6434217601587,0
51.61666666666667,11.877693661268584,1.5250928230875815e-14,443.6108299440812,0
51.63333333333333,11.88416747753554,1.497231610617792e-14,443.57824052232866,0
51.65,11.89064081821012,1.469879422652552e-14,443.54565349472495,0
51.666666666666664,11.897113683327264,1.4430269585420977e-14,443.51306886109444,0
51.68333333333333,11.903586072921907,1.4166650875880778e-14,443.4804866212611,0
51.7,11.910057987028981,1.390784845937784e-14,443.44790677504915,0
51.71666666666667,11.916529425683422,1.365377433535076e-14,443.4153293222827,0
51.733333333333334,11.923000388920155,1.3404342111271069e-14,443.3827542627859,0
51.75,11.929470876774106,1.3159466973256603e-14,443.350181596383,0
51.766666666666666,11.9359408892802,1.2919065657222878e-14,443.31761132289813,0
51.78333333333333,11.942410426473357,1.2683056420560932e-14,443.2850434421554,0
51.8,11.948879488388496,1.2451359014333445e-14,443.2524779539792,0
51.81666666666667,11.95534807506053,1.2223894655978504e-14,443.21991485819376,0
51.833333333333336,11.961816186524377,1.200058600251248e-14,443.1873541546233,0
51.85,11.968283822814946,1.1781357124222648e-14,443.15479584309196,0
51.86666666666667,11.974750983967144,1.1566133478840562e-14,443.12223992342416,0
51.88333333333333,11.981217670015878,1.1354841886187335e-14,443.0896863954441,0
51.9,11.987683880996052,1.1147410503282558e-14,443.0571352589762,0
51.916666666666664,11.994149616942561,1.0943768799907822e-14,443.0245865138446,0
51.93333333333333,12.000614877890307,1.0743847534617107e-14,442.9920401598737,0
51.95,12.007079663874187,1.0547578731185343e-14,442.95949619688787,0
51.96666666666667,12.013543974929089,1.0354895655487617e-14,442.92695462471136,0
51.983333333333334,12.020007811089906,1.0165732792800965e-14,442.89441544316867,0
52.0,12.026471172391528,9.980025825520544e-15,442.861878652084,0
52.016666666666666,12.032934058868836,9.79771161128378e-15,442.82934425128184,0
52.03333333333333,12.039396470556712,9.618728161493563e-15,442.7968122405866,0
52.05,12.045858407490037,9.443014620234619e-15,442.7642826198227,0
52.06666666666667,12.052319869703693,9.270511243574626e-15,442.7317553888146,0
52.083333333333336,12.058780857232549,9.101159379244063e-15,442.6992305473866,0
52.1,12.065241370111481,8.934901446686995e-15,442.6667080953632,0
52.11666666666667,12.071701408375354,8.77168091747696e-15,442.634188032569,0
52.13333333333333,12.078160972059038,8.611442296090276e-15,442.60167035882836,0
52.15,12.0846200611974,8.45413110103103e-15,442.56915507396576,0
52.166666666666664,12.0910786758253,8.2996938463009e-15,442.5366421778058,0
52.18333333333333,12.097536815977591,8.148078023207621e-15,442.5041316701729,0
52.2,12.103994481689142,7.999232082505844e-15,442.47162355089165,0
52.21666666666667,12.1104516729948,7.85310541686473e-15,442.43911781978653,0
52.233333333333334,12.116908389929415,7.70964834365536e-15,442.40661447668214,0
52.25,12.123364632527844,7.568812088053295e-15,442.374113521403,0
52.266666666666666,12.129820400824924,7.430548766449599e-15,442.3416149537737,0
52.28333333333333,12.136275694855506,7.294811370165e-15,442.309118773619,0
52.3,12.142730514654431,7.161553749461993e-15,442.27662498076324,0
52.31666666666667,12.149184860256533,7.030730597848763e-15,442.24413357503124,0
52.333333333333336,12.155638731696655,6.9022974366702156e-15,442.21164455624745,0
52.35,12.162092129009624,6.7762105999805455e-15,442.1791579242367,0
52.36666666666667,12.168545052230277,6.652427219692054e-15,442.14667367882356,0
52.38333333333333,12.17499750139344,6.530905210995737e-15,442.11419181983274,0
52.4,12.18144947653394,6.411603258048061e-15,442.0817123470889,0
52.416666666666664,12.187900977686597,6.294480799919308e-15,442.0492352604167,0
52.43333333333333,12.19435200488624,6.179498016798806e-15,442.0167605596409,0
52.45,12.20080255816768,6.066615816452345e-15,441.98428824458625,0
52.46666666666667,12.207252637565738,5.955795820926811e-15,441.95181831507733,0
52.483333333333334,12.213702243115222,5.847000353498015e-15,441.91935077093916,0
52.5,12.220151374850948,5.7401924258570456e-15,441.8868856119962,0
52.516666666666666,12.22660003280772,5.635335725530632e-15,441.8544228380734,0
52.53333333333333,12.233048217020349,5.532394603531499e-15,441.8219624489955,0
52.55,12.239495927523633,5.431334062234478e-15,441.78950444458724,0
52.56666666666667,12.245943164352374,5.332119743474064e-15,441.7570488246736,0
52.583333333333336,12.25238992754137,5.234717916859463e-15,441.7245955890793,0
52.6,12.258836217125419,5.139095468303353e-15,441.6921447376292,0
52.61666666666667,12.26528203313931,5.045219888760041e-15,441.6596962701481,0
52.63333333333333,12.27172737561784,4.95305926316969e-15,441.62725018646086,0
52.65,12.278172244595785,4.862582259604297e-15,441.5948064863925,0
52.666666666666664,12.28461664010794,4.773758118612292e-15,441.5623651697677,0
52.68333333333333,12.291060562189086,4.686556642757647e-15,441.52992623641154,0
52.7,12.297504010874002,4.600948186350317e-15,441.49748968614887,0
52.71666666666667,12.303946986197465,4.516903645364234e-15,441.46505551880466,0
52.733333333333334,12.310389488194252,4.43439444753962e-15,441.43262373420373,0
52.75,12.316831516899132,4.353392542666083e-15,441.40019433217117,0
52.766666666666666,12.323273072346877,4.2738703930434144e-15,441.3677673125318,0
52.78333333333333,12.329714154572256,4.195800964116606e-15,441.3353426751108,0
52.8,12.336154763610033,4.119157715282001e-15,441.30292041973297,0
52.81666666666667,12.342594899494966,4.043914590861583e-15,441.2705005462234,0
52.833333333333336,12.34903456226182,3.970046011242002e-15,441.2380830544072,0
52.85,12.355473751945352,3.897526864175726e-15,441.2056679441092,0
52.86666666666667,12.361912468580313,3.826332496241009e-15,441.17325521515465,0
52.88333333333333,12.368350712201456,3.7564387044580535e-15,441.14084486736846,0
52.9,12.374788482843533,3.687821728058175e-15,441.1084369005757,0
52.916666666666664,12.381225780541289,3.620458240403671e-15,441.0760313146016,0
52.93333333333333,12.387662605329469,3.55432534105504e-15,441.04362810927114,0
52.95,12.394098957242814,3.489400547983435e-15,441.01122728440936,0
52.96666666666667,12.400534836316064,3.4256617899252193e-15,440.9788288398415,0
52.983333333333334,12.406970242583956,3.363087398876352e-15,440.9464327753927,0
53.0,12.413405176081225,3.3016561027238365e-15,440.914039090888,0
53.016666666666666,12.419839636842598,3.2413470180119674e-15,440.8816477861527,0
53.03333333333333,12.42627362490281,3.182139642840624e-15,440.84925886101183,0
53.05,12.432707140296584,3.1240138498934317e-15,440.8168723152907,0
53.06666666666667,12.439140183058646,3.066949879593236e-15,440.7844881488145,0
53.083333333333336,12.445572753223717,3.010928333382748e-15,440.7521063614083,0
53.1,12.45200485082651,2.955930167127907e-15,440.7197269528975,0
53.11666666666667,12.458436475901753,2.901936684641824e-15,440.68734992310715,0
53.13333333333333,12.464867628484148,2.8489295313270703e-15,440.6549752718627,0
53.15,12.471298308608414,2.7968906879341258e-15,440.62260299898924,0
53.166666666666664,12.477728516309256,2.7458024644338555e-15,440.59023310431223,0
53.18333333333333,12.484158251621382,2.6956474940020692e-15,440.55786558765675,0
53.2,12.490587514579495,2.6464087271138417e-15,440.52550044884833,0
53.21666666666667,12.497016305218295,2.5980694257458654e-15,440.493137687712,0
53.233333333333334,12.50344462357248,2.5506131576847718e-15,440.46077730407336,0
53.25,12.50987246967675,2.504023790939308e-15,440.42841929775756,0
53.266666666666666,12.516299843565793,2.4582854882548188e-15,440.3960636685901,0
53.28333333333333,12.522726745274303,2.4133827017277676e-15,440.36371041639615,0
53.3,12.529153174836969,2.3693001675188838e-15,440.3313595410013,0
53.31666666666667,12.535579132288476,2.3260229006626958e-15,440.29901104223086,0
53.333333333333336,12.542004617663505,2.283536189972078e-15,440.26666491991017,0
53.35,12.548429630996738,2.2418255930358476e-15,440.2343211738647,0
53.36666666666667,12.554854172322854,2.200876931307762e-15,440.2019798039199,0
53.38333333333333,12.561278241676526,2.160676285285285e-15,440.16964080990124,0
53.4,12.56770183909243,2.121209989776387e-15,440.1373041916341,0
53.416666666666664,12.574124964605234,2.0824646292529798e-15,440.1049699489439,0
53.43333333333333,12.580547618249609,2.044427033289041e-15,440.0726380816563,0
53.45,12.586969800060217,2.007084272082327e-15,440.04030858959663,0
53.46666666666667,12.593391510071722,1.9704236520577483e-15,440.0079814725905,0
53.483333333333334,12.599812748318783,1.9344327115511952e-15,439.9756567304633,0
53.5,12.606233514836063,1.8990992165721337e-15,439.9433343630407,0
53.516666666666666,12.612653809658209,1.8644111566437333e-15,439.91101437014817,0
53.53333333333333,12.61907363281988,1.8303567407189306e-15,439.8786967516113,0
53.55,12.625492984355722,1.7969243931711506e-15,439.84638150725556,0
53.56666666666667,12.631911864300385,1.764102749858298e-15,439.81406863690665,0
53.583333333333336,12.638330272688513,1.7318806542586308e-15,439.7817581403902,0
53.6,12.644748209554749,1.7002471536773109e-15,439.7494500175318,0
53.61666666666667,12.651165674933734,1.6691914955221955e-15,439.717144268157,0
53.63333333333333,12.657582668860105,1.6387031236477277e-15,439.6848408920915,0
53.65,12.663999191368493,1.6087716747656275e-15,439.6525398891609,0
53.666666666666664,12.670415242493535,1.5793869749211671e-15,439.6202412591908,0
53.68333333333333,12.676830822269858,1.550539036033791e-15,439.58794500200696,0
53.7,12.68324593073209,1.5222180525010504e-15,439.5556511174351,0
53.71666666666667,12.689660567914856,1.4944143978644959e-15,439.52335960530087,0
53.733333333333334,12.696074733852775,1.4671186215365304e-15,439.4910704654299,0
53.75,12.702488428580471,1.440321445587065e-15,439.458783697648,0
53.766666666666666,12.70890165213256,1.4140137615889142e-15,439.4264993017809,0
53.78333333333333,12.715314404543655,1.3881866275207766e-15,439.3942172776544,0
53.8,12.721726685848367,1.362831264726881e-15,439.3619376250942,0
53.81666666666667,12.728138496081307,1.3379390549321422e-15,439.3296603439261,0
53.833333333333336,12.734549835277083,1.3135015373118339e-15,439.2973854339758,0
53.85,12.740960703470298,1.2895104056148871e-15,439.2651128950693,0
53.86666666666667,12.747371100695553,1.2659575053396421e-15,439.2328427270322,0
53.88333333333333,12.753781026987445,1.24283483096132e-15,439.20057492969045,0
53.9,12.760190482380578,1.2201345232100765e-15,439.1683095028698,0
53.916666666666664,12.76659946690954,1.1978488663988122e-15,439.1360464463962,0
53.93333333333333,12.773007980608924,1.1759702857998142e-15,439.10378576009543,0
53.95,12.779416023513319,1.1544913450693469e-15,439.07152744379346,0
53.96666666666667,12.785823595657313,1.1334047437192801e-15,439.0392714973161,0
53.983333333333334,12.792230697075484,1.112703314634901e-15,439.0070179204893,0
54.0,12.798637327802423,1.0923800216381405e-15,438.97476671313893,0
54.016666666666666,12.8050434878727,1.0724279570952496e-15,438.94251787509097,0
54.03333333333333,12.811449177320897,1.0528403395682484e-15,438.9102714061714,0
54.05,12.817854396181586,1.0336105115092638e-15,438.87802730620604,0
54.06666666666667,12.824259144489337,1.0147319369969805e-15,438.8457855750209,0
54.083333333333336,12.830663422278722,9.961981995144766e-16,438.8135462124421,0
54.1,12.837067229584303,9.780029997676704e-16,438.7813092182954,0
54.11666666666667,12.843470566440647,9.601401535435912e-16,438.749074592407,0
54.13333333333333,12.849873432882314,9.426035896078069e-16,438.7168423346028,0
54.15,12.85627582894386,9.253873476402858e-16,438.68461244470893,0
54.166666666666664,12.862677754659844,9.08485576208939e-16,438.65238492255133,0
54.18333333333333,12.86907921006482,8.91892530780203e-16,438.6201597679561,0
54.2,12.875480195193337,8.756025717659919e-16,438.58793698074936,0
54.21666666666667,12.881880710079944,8.596101626063084e-16,438.5557165607572,0
54.233333333333334,12.888280754759187,8.439098678869e-16,438.5234985078056,0
54.25,12.894680329265606,8.284963514913234e-16,438.4912828217208,0
54.266666666666666,12.901079433633747,8.133643747867356e-16,438.45906950232876,0
54.28333333333333,12.907478067898145,7.98508794842878e-16,438.4268585494558,0
54.3,12.913876232093338,7.839245626835638e-16,438.39464996292793,0
54.31666666666667,12.92027392625386,7.696067215701449e-16,438.36244374257126,0
54.333333333333336,12.926671150414236,7.5555040531633465e-16,438.3302398882122,0
54.35,12.933067904609002,7.417508366337833e-16,438.29803839967667,0
54.36666666666667,12.939464188872675,7.282033255079665e-16,438.26583927679104,0
54.38333333333333,12.945860003239783,7.149032676036515e-16,438.2336425193815,0
54.4,12.952255347744847,7.018461426995588e-16,438.20144812727415,0
54.416666666666664,12.958650222422385,6.890275131516183e-16,438.16925610029534,0
54.43333333333333,12.96504462730691,6.764430223842832e-16,438.1370664382713,0
54.45,12.971438562432935,6.6408839340943455e-16,438.1048791410282,0
54.46666666666667,12.977832027834973,6.519594273723129e-16,438.07269420839253,0
54.483333333333334,12.984225023547529,6.400520021240583e-16,438.0405116401904,0
54.5,12.990617549605107,6.283620708203133e-16,438.0083314362481,0
54.516666666666666,12.997009606042216,6.168856605454072e-16,437.97615359639207,0
54.53333333333333,13.00340119289335,6.056188709617325e-16,437.9439781204485,0
54.55,13.00979231019301,5.945578729837475e-16,437.9118050082438,0
54.56666666666667,13.016182957975689,5.836989074762339e-16,437.8796342596043,0
54.583333333333336,13.022573136275883,5.730382839763257e-16,437.84746587435643,0
54.6,13.028962845128076,5.625723794389052e-16,437.8152998523264,0
54.61666666666667,13.035352084566762,5.522976370048969e-16,437.7831361933408,0
54.63333333333333,13.041740854626422,5.422105647920925e-16,437.75097489722594,0
54.65,13.04812915534154,5.323077347080474e-16,437.71881596380814,0
54.666666666666664,13.054516986746595,5.22585781284676e-16,437.68665939291395,0
54.68333333333333,13.060904348876065,5.130414005341522e-16,437.65450518436984,0
54.7,13.067291241764426,5.036713488256741e-16,437.62235333800214,0
54.71666666666667,13.073677665446146,4.944724417828055e-16,437.5902038536373,0
54.733333333333334,13.0800636199557,4.854415532009255e-16,437.55805673110206,0
54.75,13.086449105327555,4.765756139844617e-16,437.52591197022264,0
54.766666666666666,13.092834121596171,4.678716111035624e-16,437.4937695708255,0
54.78333333333333,13.099218668796016,4.593265865697992e-16,437.46162953273745,0
54.8,13.105602746961546,4.509376364306168e-16,437.4294918557847,0
54.81666666666667,13.111986356127218,4.427019097821307e-16,437.39735653979403,0
54.833333333333336,13.118369496327487,4.346166077999728e-16,437.36522358459194,0
54.85,13.124752167596808,4.2667898278784257e-16,437.3330929900049,0
54.86666666666667,13.131134369969626,4.1888633724344504e-16,437.3009647558596,0
54.88333333333333,13.13751610348039,4.1123602294147854e-16,437.26883888198256,0
54.9,13.143897368163545,4.0372544003340603e-16,437.23671536820035,0
54.916666666666664,13.150278164053532,3.963520361636409e-16,437.2045942143397,0
54.93333333333333,13.156658491184793,3.891133056019134e-16,437.1724754202273,0
54.95,13.163038349591762,3.820067883914577e-16,437.14035898568955,0
54.96666666666667,13.169417739308873,3.7503006951278574e-16,437.1082449105532,0
54.983333333333334,13.17579666037056,3.681807780627284e-16,437.07613319464514,0
55.0,13.182175112811253,3.6145658644847645e-16,437.04402383779166,0
55.016666666666666,13.188553096665375,3.548552095963497e-16,437.0119168398198,0
55.03333333333333,13.194930611967354,3.4837440417502324e-16,436.979812200556,0
55.05,13.20130765875161,3.4201196783293737e-16,436.9477099198272,0
55.06666666666667,13.207684237052561,3.357657384496528e-16,436.91560999746,0
55.083333333333336,13.214060346904624,3.2963359340087056e-16,436.8835124332813,0
55.1,13.220435988342217,3.2361344883689413e-16,436.8514172271177,0
55.11666666666667,13.226811161399747,3.1770325897425755e-16,436.819324378796,0
55.13333333333333,13.233185866111624,3.1190101540031453e-16,436.787233888143,0
55.15,13.239560102512256,3.0620474639051546e-16,436.75514575498545,0
55.166666666666664,13.245933870636046,3.006125162381721e-16,436.72305997915026,0
55.18333333333333,13.252307170517396,2.951224245964568e-16,436.69097656046426,0
55.2,13.258680002190705,2.897326058324286e-16,436.65889549875413,0
55.21666666666667,13.265052365690366,2.844412283928601e-16,436.62681679384684,0
55.233333333333334,13.271424261050779,2.7924649418165206e-16,436.59474044556924,0
55.25,13.277795688306332,2.741466379486238e-16,436.56266645374814,0
55.266666666666666,13.284166647491414,2.69139926689462e-16,436.53059481821043,0
55.28333333333333,13.290537138640413,2.6422465905664397e-16,436.4985255387831,0
55.3,13.29690716178771,2.593991647811154e-16,436.466458615293,0
55.31666666666667,13.303276716967687,2.5466180410453884e-16,436.4343940475671,0
55.333333333333336,13.309645804214725,2.5001096722191087e-16,436.4023318354322,0
55.35,13.316014423563198,2.454450737343648e-16,436.3702719787154,0
55.36666666666667,13.322382575047481,2.4096257211196835e-16,436.3382144772436,0
55.38333333333333,13.328750258701943,2.365619391663377e-16,436.30615933084374,0
55.4,13.335117474560953,2.3224167953289317e-16,436.27410653934294,0
55.416666666666664,13.341484222658881,2.2800032516255904e-16,436.24205610256803,0
55.43333333333333,13.347850503030086,2.238364348227619e-16,436.21000802034615,0
55.45,13.354216315708932,2.1974859360754097e-16,436.1779622925043,0
55.46666666666667,13.360581660729776,2.157354124566119e-16,436.14591891886937,0
55.483333333333334,13.366946538126976,2.1179552768320977e-16,436.11387789926863,0
55.5,13.37331094793488,2.0792760051057183e-16,436.0818392335291,0
55.516666666666666,13.379674890187847,2.0413031661686836e-16,436.04980292147764,0
55.53333333333333,13.38603836492022,2.0040238568846832e-16,436.01776896294166,0
55.55,13.392401372166347,1.967425409813527e-16,435.985737357748,0
55.56666666666667,13.39876391196057,1.931495388905453e-16,435.9537081057239,0
55.583333333333336,13.40512598433723,1.896221585274105e-16,435.92168120669646,0
55.6,13.411487589330667,1.8615920130467242e-16,435.88965666049285,0
55.61666666666667,13.417848726975215,1.8275949052901698e-16,435.85763446694017,0
55.63333333333333,13.42420939730521,1.7942187100113287e-16,435.8256146258656,0
55.65,13.430569600354978,1.7614520862306177e-16,435.79359713709636,0
55.666666666666664,13.436929336158853,1.729283900127265e-16,435.7615820004596,0
55.68333333333333,13.443288604751157,1.6977032212549397e-16,435.72956921578253,0
55.7,13.449647406166214,1.666699318826583e-16,435.6975587828924,0
55.71666666666667,13.456005740438346,1.63626165806704e-16,435.66555070161627,0
55.733333333333334,13.462363607601867,1.606379896632404e-16,435.63354497178165,0
55.75,13.4687210076911,1.5770438810947352e-16,435.60154159321564,0
55.766666666666666,13.47507794074035,1.5482436434910066e-16,435.56954056574546,0
55.78333333333333,13.481434406783933,1.519969397935064e-16,435.5375418891985,0
55.8,13.487790405856158,1.4922115372915733e-16,435.50554556340205,0
55.81666666666667,13.494145937991325,1.4649606299106427e-16,435.4735515881833,0
55.833333333333336,13.500501003223741,1.4382074164221302e-16,435.4415599633696,0
55.85,13.506855601587707,1.4119428065885342e-16,435.40957068878845,0
55.86666666666667,13.513209733117517,1.3861578762153257e-16,435.37758376426694,0
55.88333333333333,13.51956339784747,1.360843864117811e-16,435.34559918963265,0
55.9,13.52591659581186,1.33599216914332e-16,435.31361696471276,0
55.916666666666664,13.532269327044974,1.311594347247856e-16,435.28163708933477,0
55.93333333333333,13.538621591581103,1.2876421086261114e-16,435.2496595633261,0
55.95,13.544973389454531,1.2641273148939438e-16,435.217684386514,0
55.96666666666667,13.55132472069954,1.2410419763223113e-16,435.185711558726,0
55.983333333333334,13.557675585350411,1.218378249121728e-16,435.15374107978954,0
56.0,13.564025983441423,1.1961284327763666e-16,435.121772949532,0
56.016666666666666,13.570375915006853,1.1742849674268334e-16,435.0898071677809,0
56.03333333333333,13.576725380080969,1.1528404313007463e-16,435.05784373436364,0
56.05,13.583074378698045,1.131787538190299e-16,435.0258826491078,0
56.06666666666667,13.589422910892347,1.1111191349758457e-16,434.99392391184085,0
56.083333333333336,13.595770976698143,1.0908281991947904e-16,434.9619675223902,0
56.1,13.602118576149689,1.0709078366548334e-16,434.93001348058345,0
56.11666666666667,13.608465709281251,1.0513512790908486e-16,434.89806178624815,0
56.13333333333333,13.614812376127087,1.032151881864577e-16,434.8661124392118,0
56.15,13.621158576721452,1.0133031217063139e-16,434.83416543930196,0
56.166666666666664,13.627504311098596,9.947985944978638e-17,434.80222078634625,0
56.18333333333333,13.63384957929277,9.766320130960125e-17,434.7702784801722,0
56.2,13.640194381338222,9.587972051957337e-17,434.7383385206074,0
56.21666666666667,13.646538717269198,9.412881112324632e-17,434.7064009074795,0
56.233333333333334,13.65288258711994,9.240987823226571e-17,434.6744656406161,0
56.25,13.659225990924691,9.072233782420158e-17,434.6425327198449,0
56.266666666666666,13.665568928717683,8.906561654406047e-17,434.61060214499344,0
56.28333333333333,13.671911400533153,8.743915150942512e-17,434.5786739158894,0
56.3,13.678253406405336,8.584239011915459e-17,434.5467480323605,0
56.31666666666667,13.68459494636846,8.427478986557813e-17,434.5148244942344,0
56.333333333333336,13.690936020456753,8.273581815011892e-17,434.48290330133875,0
56.35,13.69727662870444,8.122495210229002e-17,434.4509844535014,0
56.36666666666667,13.703616771145745,7.974167840199205e-17,434.4190679505499,0
56.38333333333333,13.709956447814884,7.82854931050585e-17,434.3871537923121,0
56.4,13.716295658746079,7.685590147199191e-17,434.35524197861577,0
56.416666666666664,13.722634403973542,7.545241779982247e-17,434.3233325092885,0
56.43333333333333,13.728972683531486,7.407456525704332e-17,434.2914253841583,0
56.45,13.735310497454122,7.272187572155851e-17,434.2595206030528,0
56.46666666666667,13.741647845775658,7.139388962159205e-17,434.22761816579975,0
56.483333333333334,13.747984728530296,7.009015577950353e-17,434.19571807222707,0
56.5,13.754321145752241,6.881023125845653e-17,434.1638203221626,0
56.516666666666666,13.760657097475693,6.755368121188827e-17,434.1319249154341,0
56.53333333333333,13.766992583734847,6.632007873572929e-17,434.10003185186946,0
56.55,13.773327604563901,6.510900472332164e-17,434.06814113129656,0
56.56666666666667,13.779662159997043,6.392004772298973e-17,434.0362527535432,0
56.583333333333336,13.785996250068466,6.275280379821007e-17,434.0043667184374,0
56.6,13.792329874812355,6.160687639033859e-17,433.9724830258069,0
56.61666666666667,13.7986630342629,6.048187618384243e-17,433.94060167547974,0
56.63333333333333,13.804995728454278,5.937742097399575e-17,433.90872266728377,0
56.65,13.811327957420673,5.82931355369925e-17,433.87684600104694,0
56.666666666666664,13.817659721196259,5.722865150243019e-17,433.84497167659725,0
56.68333333333333,13.82399101981521,5.618360722812537e-17,433.81309969376264,0
56.7,13.830321853311702,5.515764767721344e-17,433.78123005237103,0
56.71666666666667,13.836652221719902,5.4150424297495556e-17,433.7493627522505,0
56.733333333333334,13.842982125073979,5.3161594902989695e-17,433.71749779322886,0
56.75,13.849311563408095,5.219082355764253e-17,433.6856351751344,0
56.766666666666666,13.855640536756416,5.123778046117024e-17,433.6537748977949,0
56.78333333333333,13.861969045153097,5.0302141836980296e-17,433.62191696103855,0
56.8,13.868297088632302,4.938358982214327e-17,433.59006136469344,0
56.81666666666667,13.87462466722818,4.84818123593741e-17,433.55820810858745,0
56.833333333333336,13.88095178097488,4.759650309098568e-17,433.52635719254886,0
56.85,13.88727842990656,4.672736125478102e-17,433.4945086164056,0
56.86666666666667,13.893604614057367,4.5874091581845874e-17,433.46266237998583,0
56.88333333333333,13.899930333461437,4.503640419620952e-17,433.43081848311766,0
56.9,13.90625558815292,4.421401451633732e-17,433.39897692562926,0
56.916666666666664,13.912580378165952,4.3406643158423975e-17,433.3671377073487,0
56.93333333333333,13.918904703534672,4.2614015841452476e-17,433.3353008281042,0
56.95,13.925228564293214,4.1835863293987384e-17,433.30346628772395,0
56.96666666666667,13.93155196047571,4.1071921162671305e-17,433.271634086036,0
56.983333333333334,13.93787489211629,4.032192992239266e-17,433.2398042228686,0
57.0,13.94419735924908,3.9585634788093524e-17,433.20797669805,0
57.016666666666666,13.950519361908205,3.886278562819069e-17,433.1761515114083,0
57.03333333333333,13.956840900127787,3.8153136879575464e-17,433.14432866277184,0
57.05,13.963161973941945,3.745644746416832e-17,433.1125081519689,0
57.06666666666667,13.9694825833848,3.6772480706996706e-17,433.0806899788276,0
57.083333333333336,13.975802728490459,3.6101004255770116e-17,433.04887414317625,0
57.1,13.982122409293043,3.544179000192374e-17,433.0170606448431,0
57.11666666666667,13.988441625826654,3.4794614003104094e-17,432.98524948365656,0
57.13333333333333,13.994760378125406,3.4159256407071896e-17,432.95344065944494,0
57.15,14.001078666223396,3.353550137699328e-17,432.9216341720363,0
57.166666666666664,14.007396490154731,3.292313701809724e-17,432.88983002125923,0
57.18333333333333,14.013713849953511,3.232195530567177e-17,432.85802820694204,0
57.2,14.02003074565383,3.173175201437572e-17,432.82622872891295,0
57.21666666666667,14.026347177289784,3.1152326648841983e-17,432.79443158700036,0
57.233333333333334,14.032663144895462,3.058348237554805e-17,432.7626367810328,0
57.25,14.03897864850496,3.002502595593123e-17,432.7308443108385,0
57.266666666666666,14.045293688152363,2.947676768072598e-17,432.69905417624597,0
57.28333333333333,14.051608263871751,2.8938521305499406e-17,432.66726637708365,0
57.3,14.05792237569721,2.841010398736624e-17,432.6354809131798,0
57.31666666666667,14.064236023662819,2.7891336222858164e-17,432.60369778436296,0
57.333333333333336,14.070549207802653,2.7382041786928998e-17,432.5719169904616,0
57.35,14.076861928150791,2.6882047673073645e-17,432.54013853130425,0
57.36666666666667,14.0831741847413,2.6391184034540642e-17,432.5083624067193,0
57.38333333333333,14.08948597760825,2.590928412661938e-17,432.4765886165352,0
57.4,14.09579730678571,2.5436184249981006e-17,432.4448171605806,0
57.416666666666664,14.102108172307746,2.497172369505372e-17,432.4130480386839,0
57.43333333333333,14.108418574208418,2.451574468741512e-17,432.3812812506737,0
57.45,14.114728512521783,2.4068092334181968e-17,432.34951679637834,0
57.46666666666667,14.1210379872819,2.3628614571378e-17,432.31775467562665,0
57.483333333333334,14.127346998522826,2.3197162112265056e-17,432.2859948882471,0
57.5,14.133655546278607,2.2773588396616097e-17,432.25423743406833,0
57.516666666666666,14.1399636305833,2.235774954091624e-17,432.2224823129188,0
57.53333333333333,14.146271251470946,2.194950428947259e-17,432.1907295246272,0
57.55,14.152578408975593,2.1548713966417664e-17,432.1589790690221,0
57.56666666666667,14.158885103131283,2.1155242428589126e-17,432.1272309459322,0
57.583333333333336,14.165191333972052,2.0768956019270243e-17,432.09548515518617,0
57.6,14.171497101531939,2.0389723522775905e-17,432.06374169661245,0
57.61666666666667,14.177802405844979,2.001741611986727e-17,432.03200057004,0
57.63333333333333,14.184107246945203,1.965190734398165e-17,432.00026177529725,0
57.65,14.190411624866643,1.9293073038261295e-17,431.96852531221316,0
57.666666666666664,14.19671553964332,1.8940791313367522e-17,431.9367911806162,0
57.68333333333333,14.203018991309266,1.8594942506065094e-17,431.90505938033516,0
57.7,14.209321979898498,1.825540913856335e-17,431.8733299111988,0
57.71666666666667,14.215624505445037,1.7922075878599838e-17,431.8416027730359,0
57.733333333333334,14.2219265679829,1.7594829500253177e-17,431.8098779656752,0
57.75,14.2282281675461,1.7273558845471547e-17,431.77815548894534,0
57.766666666666666,14.234529304168651,1.6958154786304094e-17,431.7464353426753,0
57.78333333333333,14.24082997788456,1.664851018782226e-17,431.71471752669373,0
57.8,14.247130188727837,1.634451987171776e-17,431.68300204082954,0
57.81666666666667,14.253429936732486,1.6046080580566433e-17,431.6512888849115,0
57.833333333333336,14.259729221932506,1.575309094274438e-17,431.6195780587684,0
57.85,14.2660280443619,1.546545143798452e-17,431.5878695622292,0
57.86666666666667,14.272326404054663,1.5183064363563095e-17,431.5561633951226,0
57.88333333333333,14.27862430104479,1.4905833801103244e-17,431.52445955727757,0
57.9,14.284921735366273,1.4633665583984986e-17,431.49275804852306,0
57.916666666666664,14.291218707053103,1.436646726535072e-17,431.4610588686878,0
57.93333333333333,14.297515216139265,1.410414808669504e-17,431.4293620176008,0
57.95,14.303811262658744,1.3846618947028007e-17,431.39766749509096,0
57.96666666666667,14.310106846645521,1.3593792372602141e-17,431.3659753009872,0
57.983333333333334,14.316401968133576,1.3345582487191915e-17,431.33428543511855,0
58.0,14.322696627156889,1.3101904982916384e-17,431.30259789731383,0
58.016666666666666,14.328990823749427,1.2862677091594785e-17,431.27091268740213,0
58.03333333333333,14.33528455794517,1.262781755662525e-17,431.23922980521235,0
58.05,14.341577829778085,1.2397246605376756e-17,431.2075492505736,0
58.06666666666667,14.34787063928214,1.2170885922086333e-17,431.1758710233147,0
58.083333333333336,14.354162986491293,1.1948658621250406e-17,431.14419512326486,0
58.1,14.360454871439515,1.1730489221502491e-17,431.11252155025295,0
58.11666666666667,14.366746294160759,1.1516303619968062e-17,431.08085030410814,0
58.13333333333333,14.373037254688986,1.1306029067087879e-17,431.0491813846595,0
58.15,14.37932775305815,1.1099594141900883e-17,431.017514791736,0
58.166666666666664,14.385617789302202,1.0896928727779095e-17,430.9858505251668,0
58.18333333333333,14.391907363455092,1.0697963988605012e-17,430.954188584781,0
58.2,14.398196475550765,1.0502632345384651e-17,430.9225289704076,0
58.21666666666667,14.40448512562317,1.031086745328784e-17,430.8908716818759,0
58.233333333333334,14.410773313706246,1.0122604179107295e-17,430.85921671901485,0
58.25,14.417061039833932,9.937778579129913e-18,430.8275640816538,0
58.266666666666666,14.423348304040166,9.756327877412272e-18,430.7959137696218,0
58.28333333333333,14.429635106358882,9.578190444452467e-18,430.76426578274794,0
58.3,14.435921446824013,9.403305776251981e-18,430.73262012086155,0
58.31666666666667,14.442207325469488,9.231614473759823e-18,430.7009767837917,0
58.333333333333336,14.448492742329236,9.063058222691971e-18,430.6693357713677,0
58.35,14.454777697437182,8.897579773719745e-18,430.6376970834187,0
58.36666666666667,14.461062190827242,8.735122923019762e-18,430.606060719774,0
58.38333333333333,14.467346222533342,8.575632493179101e-18,430.5744266802628,0
58.4,14.473629792589398,8.419054314449547e-18,430.54279496471435,0
58.416666666666664,14.479912901029321,8.265335206343991e-18,430.51116557295796,0
58.43333333333333,14.486195547887029,8.11442295956902e-18,430.4795385048229,0
58.45,14.492477733196425,7.96626631828744e-18,430.4479137601385,0
58.46666666666667,14.498759456991422,7.820814962704922e-18,430.416291338734,0
58.483333333333334,14.505040719305923,7.678019491974598e-18,430.3846712404388,0
58.5,14.511321520173828,7.537831407413817e-18,430.3530534650822,0
58.516666666666666,14.517601859629039,7.400203096027753e-18,430.32143801249356,0
58.53333333333333,14.523881737705453,7.265087814333638e-18,430.28982488250216,0
58.55,14.530161154436964,7.132439672480319e-18,430.25821407493754,0
58.56666666666667,14.536440109857462,7.002213618658513e-18,430.2266055896289,0
58.583333333333336,14.542718604000841,6.874365423795103e-18,430.1949994264057,0
58.6,14.548996636900988,6.748851666527302e-18,430.1633955850974,0
58.61666666666667,14.555274208591786,6.625629718451317e-18,430.1317940655334,0
58.63333333333333,14.561551319107117,6.504657729640229e-18,430.10019486754317,0
58.65,14.567827968480861,6.385894614426608e-18,430.0685979909561,0
58.666666666666664,14.574104156746897,6.2693000374445835e-18,430.0370034356016,0
58.68333333333333,14.580379883939095,6.154834399927018e-18,430.0054112013093,0
58.7,14.586655150091334,6.0424588262529966e-18,429.9738212879085,0
58.71666666666667,14.592929955237478,5.932135150740693e-18,429.9422336952289,0
58.733333333333334,14.599204299411399,5.8238259046818584e-18,429.9106484230998,0
58.75,14.60547818264696,5.7174943036129076e-18,429.87906547135094,0
58.766666666666666,14.611751604978023,5.613104234818512e-18,429.8474848398117,0
58.78333333333333,14.618024566438448,5.510620245063476e-18,429.81590652831164,0
58.8,14.624297067062093,5.410007528548607e-18,429.7843305366804,0
58.81666666666667,14.630569106882813,5.311231915086587e-18,429.7527568647475,0
58.833333333333336,14.636840685934459,5.214259858493906e-18,429.7211855123425,0
58.85,14.643111804250882,5.119058425194699e-18,429.68961647929507,0
58.86666666666667,14.649382461865928,5.025595283032732e-18,429.6580497654347,0
58.88333333333333,14.655652658813445,4.933838690287758e-18,429.6264853705911,0
58.9,14.661922395127272,4.843757484892503e-18,429.59492329459397,0
58.916666666666664,14.668191670841251,4.7553210738464775e-18,429.5633635372729,0
58.93333333333333,14.67446048598922,4.6684994228233646e-18,429.53180609845754,0
58.95,14.680728840605012,4.583263045967913e-18,429.5002509779775,0
58.96666666666667,14.686996734722461,4.4995829958794984e-18,429.46869817566255,0
58.983333333333334,14.693264168375396,4.417430853778382e-18,429.4371476913424,0
59.0,14.699531141597648,4.336778719851669e-18,429.4055995248467,0
59.016666666666666,14.705797654423037,4.257599203775619e-18,429.37405367600525,0
59.03333333333333,14.712063706885388,4.179865415410956e-18,429.3425101446477,0
59.05,14.718329299018523,4.10355095566829e-18,429.31096893060385,0
59.06666666666667,14.724594430856254,4.028629907540154e-18,429.27943003370336,0
59.083333333333336,14.730859102432401,3.955076827297037e-18,429.24789345377616,0
59.1,14.737123313780778,3.882866735844048e-18,429.21635919065193,0
59.11666666666667,14.743387064935192,3.8119751102355185e-18,429.18482724416054,0
59.13333333333333,14.749650355929449,3.742377875344618e-18,429.15329761413176,0
59.15,14.755913186797356,3.674051395685036e-18,429.1217703003954,0
59.166666666666664,14.762175557572718,3.606972467382066e-18,429.09024530278134,0
59.18333333333333,14.768437468289333,3.5411183102903274e-18,429.0587226211194,0
59.2,14.774698918981,3.476466560255429e-18,429.0272022552394,0
59.21666666666667,14.780959909681513,3.412995261517015e-18,428.99568420497127,0
59.233333333333334,14.787220440424667,3.35068285925052e-18,428.9641684701449,0
59.25,14.793480511244248,3.289508192245109e-18,428.9326550505902,0
59.266666666666666,14.799740122174047,3.2294504857154026e-18,428.901143946137,0
59.28333333333333,14.80599927324785,3.1704893442444386e-18,428.86963515661523,0
59.3,14.812257964499437,3.112604744855589e-18,428.838128681855,0
59.31666666666667,14.818516195962593,3.0557770302109452e-18,428.80662452168605,0
59.333333333333336,14.82477396767109,2.9999869019339183e-18,428.7751226759384,0
59.35,14.831031279658708,2.945215414053827e-18,428.74362314444204,0
59.36666666666667,14.837288131959216,2.8914439665702384e-18,428.712125927027,0
59.38333333333333,14.843544524606388,2.838654299134764e-18,428.68063102352323,0
59.4,14.849800457633991,2.7868284848483163e-18,428.64913843376075,0
59.416666666666664,14.856055931075788,2.7359489241715757e-18,428.61764815756965,0
59.43333333333333,14.862310944965547,2.6859983389468195e-18,428.5861601947798,0
59.45,14.868565499337025,2.6369597665287405e-18,428.5546745452214,0
59.46666666666667,14.874819594223979,2.5888165540225754e-18,428.52319120872437,0
59.483333333333334,14.881073229660167,2.541552352627485e-18,428.491710185119,0
59.5,14.88732640567934,2.495151112083144e-18,428.4602314742352,0
59.516666666666666,14.893579122315252,2.449597075217827e-18,428.428755075903,0
59.53333333333333,14.899831379601649,2.404874772596037e-18,428.3972809899527,0
59.55,14.906083177572278,2.360969017263913e-18,428.36580921621436,0
59.56666666666667,14.912334516260879,2.317864899590545e-18,428.3343397545181,0
59.583333333333336,14.918585395701196,2.2755477822036088e-18,428.30287260469413,0
59.6,14.924835815926961,2.234003295017349e-18,428.27140776657245,0
59.61666666666667,14.93108577697192,2.193217330351469e-18,428.23994523998346,0
59.63333333333333,14.937335278869798,2.153176038139156e-18,428.20848502475707,0
59.65,14.943584321654331,2.1138658212226028e-18,428.1770271207237,0
59.666666666666664,14.949832905359242,2.0752733307344182e-18,428.1455715277135,0
59.68333333333333,14.956081030018261,2.037385461563454e-18,428.1141182455566,0
59.7,14.96232869566511,2.0001893479033793e-18,428.08266727408346,0
59.71666666666667,14.96857590233351,1.9636723588825725e-18,428.0512186131241,0
59.733333333333334,14.974822650057181,1.9278220942738547e-18,428.0197722625089,0
59.75,14.981068938869834,1.892626380282531e-18,427.9883282220681,0
59.766666666666666,14.987314768805188,1.8580732654113697e-18,427.956886491632,0
59.78333333333333,14.993560139896951,1.824151016401099e-18,427.92544707103093,0
59.8,14.999805052178832,1.7908481142450475e-18,427.8940099600951,0
59.81666666666667,15.006049505684539,1.758153250276567e-18,427.8625751586548,0
59.833333333333336,15.01229350044777,1.7260553223279124e-18,427.83114266654053,0
59.85,15.01853703650223,1.6945434309592651e-18,427.7997124835825,0
59.86666666666667,15.024780113881619,1.6636068757565934e-18,427.76828460961127,0
59.88333333333333,15.03102273261963,1.6332351516972229e-18,427.73685904445693,0
59.9,15.037264892749961,1.6034179455816403e-18,427.7054357879501,0
59.916666666666664,15.043506594306299,1.574145132530608e-18,427.674014839921,0
59.93333333333333,15.04974783732233,1.5454067725461272e-18,427.64259620020016,0
59.95,15.055988621831746,1.5171931071352766e-18,427.61117986861797,0
59.96666666666667,15.062228947868231,1.4894945559956952e-18,427.5797658450049,0
59.983333333333334,15.068468815465462,1.4623017137616028e-18,427.54835412919135,0
60.0,15.07470822465712,1.4356053468092204e-18,427.51694472100775,0
60.016666666666666,15.080947175476883,1.4093963901205365e-18,427.48553762028456,0
60.03333333333333,15.087185667958419,1.3836659442043982e-18,427.4541328268524,0
60.05,15.093423702135404,1.3584052720737571e-18,427.4227303405417,0
60.06666666666667,15.099661278041507,1.3336057962781732e-18,427.3913301611829,0
60.083333333333336,15.105898395710394,1.3092590959904966e-18,427.35993228860656,0
60.1,15.112135055175727,1.2853569041467331e-18,427.32853672264326,0
60.11666666666667,15.118371256471171,1.2618911046381705e-18,427.2971434631235,0
60.13333333333333,15.124606999630382,1.2388537295547777e-18,427.2657525098779,0
60.15,15.130842284687017,1.216236956478924e-18,427.234363862737,0
60.166666666666664,15.137077111674731,1.1940331058285534e-18,427.20297752153135,0
60.18333333333333,15.143311480627174,1.172234638248871e-18,427.1715934860915,0
60.2,15.149545391577998,1.1508341520516255e-18,427.14021175624816,0
60.21666666666667,15.155778844560846,1.1298243807012073e-18,427.10883233183193,0
60.233333333333334,15.162011839609367,1.1091981903466447e-18,427.07745521267344,0
60.25,15.168244376757194,1.0889485773986317e-18,427.0460803986033,0
60.266666666666666,15.174476456037976,1.06906866615086e-18,427.0147078894522,0
60.28333333333333,15.180708077485344,1.049551706444761e-18,426.98333768505086,0
60.3,15.186939241132935,1.0303910713768776e-18,426.95196978522995,0
60.31666666666667,15.193169947014379,1.0115802550481506e-18,426.92060418982004,0
60.333333333333336,15.199400195163305,9.931128703542753e-19,426.8892408986519,0
60.35,15.20562998561334,9.749826468163998e-19,426.85787991155644,0
60.36666666666667,15.211859318398114,9.571834284514984e-19,426.8265212283642,0
60.38333333333333,15.218088193551239,9.397091716815392e-19,426.79516484890587,0
60.4,15.22431661110634,9.225539432809424e-19,426.7638107730124,0
60.416666666666664,15.230544571097036,9.05711918361434e-19,426.7324590005144,0
60.43333333333333,15.236772073556939,8.89177378393751e-19,426.70110953124276,0
60.45,15.24299911851966,8.729447092654607e-19,426.6697623650282,0
60.46666666666667,15.249225706018807,8.570083993742324e-19,426.6384175017015,0
60.483333333333334,15.255451836087994,8.413630377559658e-19,426.60707494109363,0
60.5,15.261677508760819,8.260033122470518e-19,426.5757346830353,0
60.516666666666666,15.267902724070888,8.1092400768024605e-19,426.5443967273573,0
60.53333333333333,15.2741274820518,7.961200041134599e-19,426.51306107389064,0
60.55,15.28035178273715,7.8158627509089525e-19,426.4817277224662,0
60.56666666666667,15.286575626160534,7.67317885935942e-19,426.4503966729147,0
60.583333333333336,15.292799012355545,7.533099920752585e-19,426.4190679250671,0
60.6,15.299021941355772,7.395578373934401e-19,426.38774147875444,0
60.61666666666667,15.305244413194805,7.260567526177405e-19,426.3564173338075,0
60.63333333333333,15.311466427906222,7.128021537322991e-19,426.32509549005715,0
60.65,15.317687985523612,6.997895404213196e-19,426.29377594733455,0
60.666666666666664,15.323909086080555,6.870144945406685e-19,426.26245870547046,0
60.68333333333333,15.330129729610622,6.744726786174127e-19,426.23114376429595,0
60.7,15.336349916147395,6.621598343767212e-19,426.19983112364196,0
60.71666666666667,15.342569645724446,6.500717812957084e-19,426.1685207833395,0
60.733333333333334,15.348788918375337,6.382044151836491e-19,426.1372127432196,0
60.75,15.355007734133647,6.265537067881417e-19,426.1059070031132,0
60.766666666666666,15.361226093032935,6.151157004267226e-19,426.07460356285145,0
60.78333333333333,15.367443995106765,6.038865126434647e-19,426.0433024222653,0
60.8,15.373661440388693,5.928623308901077e-19,426.0120035811859,0
60.81666666666667,15.379878428912283,5.820394122312844e-19,425.9807070394442,0
60.833333333333336,15.386094960711088,5.714140820733774e-19,425.94941279687146,0
60.85,15.392311035818661,5.609827329165881e-19,425.9181208532985,0
60.86666666666667,15.39852665426855,5.50741823129808e-19,425.88683120855666,0
60.88333333333333,15.404741816094308,5.406878757478515e-19,425.8555438624769,0
60.9,15.410956521329476,5.30817477290655e-19,425.8242588148905,0
60.916666666666664,15.417170770007598,5.211272766040452e-19,425.7929760656285,0
60.93333333333333,15.423384562162216,5.116139837216634e-19,425.7616956145221,0
60.95,15.429597897826865,5.022743687476839e-19,425.73041746140257,0
60.96666666666667,15.435810777035083,4.931052607599307e-19,425.6991416061009,0
60.983333333333334,15.442023199820403,4.841035467330249e-19,425.6678680484484,0
61.0,15.448235166216355,4.752661704811977e-19,425.6365967882762,0
61.016666666666666,15.454446676256467,4.665901316204106e-19,425.60532782541554,0
61.03333333333333,15.460657729974264,4.5807248454941175e-19,425.57406115969764,0
61.05,15.46686832740327,4.497103374494413e-19,425.54279679095384,0
61.06666666666667,15.473078468577008,4.415008513021411e-19,425.51153471901534,0
61.083333333333336,15.479288153528994,4.3344123892546003e-19,425.4802749437133,0
61.1,15.485497382292746,4.255287640271263e-19,425.44901746487915,0
61.11666666666667,15.49170615490177,4.1776074027540747e-19,425.4177622823442,0
61.13333333333333,15.497914471389588,4.101345303868637e-19,425.3865093959396,0
61.15,15.5041223317897,4.0264754523072903e-19,425.35525880549676,0
61.166666666666664,15.510329736135617,3.9529724294966464e-19,425.324010510847,0
61.18333333333333,15.516536684460842,3.8808112809656804e-19,425.29276451182164,0
61.2,15.522743176798873,3.8099675078713757e-19,425.2615208082521,0
61.21666666666667,15.52894921318321,3.7404170586791605e-19,425.2302793999696,0
61.233333333333334,15.53515479364735,3.672136320995201e-19,425.1990402868057,0
61.25,15.541359918224789,3.605102113548064e-19,425.16780346859167,0
61.266666666666666,15.547564586949013,3.5392916783164286e-19,425.13656894515896,0
61.28333333333333,15.553768799853515,3.4746826728009315e-19,425.10533671633897,0
61.3,15.559972556971777,3.411253162436852e-19,425.0741067819632,0
61.31666666666667,15.566175858337289,3.348981613145523e-19,425.042879141863,0
61.333333333333336,15.572378703983528,3.2878468840216692e-19,425.0116537958698,0
61.35,15.578581093943972,3.2278282201542498e-19,424.9804307438152,0
61.36666666666667,15.584783028252097,3.16890524557857e-19,424.94920998553056,0
61.38333333333333,15.590984506941385,3.1110579563568634e-19,424.91799152084735,0
61.4,15.597185530045298,3.0542667137853525e-19,424.8867753495972,0
61.416666666666664,15.603386097597312,2.998512237725394e-19,424.8555614716115,0
61.43333333333333,15.60958620963089,2.9437756000562796e-19,424.8243498867219,0
61.45,15.615785866179499,2.8900382182476507e-19,424.7931405947598,0
61.46666666666667,15.621985067276597,2.837281849049326e-19,424.7619335955569,0
61.483333333333334,15.628183812955644,2.785488582296286e-19,424.7307288889447,0
61.5,15.634382103250099,2.734640834826816e-19,424.69952647475475,0
61.516666666666666,15.640579938193413,2.6847213445117065e-19,424.6683263528186,0
61.53333333333333,15.646777317819042,2.6357131643924783e-19,424.63712852296794,0
61.55,15.652974242160434,2.5875996569266206e-19,424.60593298503437,0
61.56666666666667,15.659170711251038,2.5403644883379765e-19,424.57473973884953,0
61.583333333333336,15.665366725124294,2.493991623070209e-19,424.54354878424493,0
61.6,15.671562283813646,2.4484653183416243e-19,424.5123601210524,0
61.61666666666667,15.677757387352536,2.4037701187993636e-19,424.48117374910345,0
61.63333333333333,15.683952035774398,2.3598908512712873e-19,424.4499896682298,0
61.65,15.690146229112669,2.316812619613585e-19,424.4188078782633,0
61.666666666666664,15.696339967400778,2.2745207996525477e-19,424.38762837903545,0
61.68333333333333,15.702533250672158,2.2330010342187304e-19,424.3564511703781,0
61.7,15.708726078960233,2.1922392282716494e-19,424.3252762521228,0
61.71666666666667,15.714918452298432,2.1522215441136937e-19,424.2941036241014,0
61.733333333333334,15.721110370720178,2.1129343966912878e-19,424.26293328614565,0
61.75,15.727301834258883,2.074364448981907e-19,424.23176523808735,0
61.766666666666666,15.733492842947973,2.036498607465332e-19,424.20059947975824,0
61.78333333333333,15.739683396820862,1.9993240176775699e-19,424.1694360109901,0
61.8,15.745873495910958,1.9628280598460122e-19,424.1382748316147,0
61.81666666666667,15.752063140251675,1.926998344604236e-19,424.1071159414639,0
61.833333333333336,15.758252329876418,1.8918227087850829e-19,424.0759593403696,0
61.85,15.764441064818595,1.8572892112905853e-19,424.04480502816347,0
61.86666666666667,15.770629345111606,1.8233861290371974e-19,424.01365300467734,0
61.88333333333333,15.776817170788858,1.7901019529752514e-19,423.9825032697433,0
61.9,15.783004541883736,1.7574253841808729e-19,423.951355823193,0
61.916666666666664,15.789191458429645,1.7253453300194816e-19,423.9202106648584,0
61.93333333333333,15.795377920459979,1.693850900379152e-19,423.8890677945715,0
61.95,15.801563928008127,1.6629314039728951e-19,423.85792721216404,0
61.96666666666667,15.807749481107473,1.632576344708377e-19,423.82678891746804,0
61.983333333333334,15.813934579791407,1.6027754181239478e-19,423.7956529103155,0
62.0,15.820119224093311,1.5735185078897696e-19,423.7645191905382,0
62.016666666666666,15.826303414046563,1.5447956823728097e-19,423.7333877579683,0
62.03333333333333,15.83248714968455,1.5165971912645358e-19,423.70225861243756,0
62.05,15.838670431040633,1.4889134622702586e-19,423.67113175377807,0
62.06666666666667,15.844853258148197,1.461735097858836e-19,423.6400071818219,0
62.083333333333336,15.851035631040611,1.4350528720718014e-19,423.6088848964009,0
62.1,15.857217549751237,1.4088577273907105e-19,423.5777648973472,0
62.11666666666667,15.86339901431345,1.3831407716617044e-19,423.5466471844929,0
62.13333333333333,15.869580024760612,1.357893275076239e-19,423.51553175766986,0
62.15,15.87576058112608,1.3331066672069172e-19,423.4844186167103,0
62.166666666666664,15.881940683443215,1.3087725340974906e-19,423.4533077614462,0
62.18333333333333,15.888120331745373,1.2848826154059341e-19,423.42219919170964,0
62.2,15.894299526065907,1.261428801599747e-19,423.39109290733285,0
62.21666666666667,15.900478266438169,1.2384031312024107e-19,423.3599889081477,0
62.233333333333334,15.906656552895509,1.215797788090198e-19,423.3288871939866,0
62.25,15.912834385471271,1.1936050988382622e-19,423.29778776468146,0
62.266666666666666,15.919011764198798,1.17181753011521e-19,423.2666906200644,0
62.28333333333333,15.925188689111435,1.1504276861252974e-19,423.23559575996785,0
62.3,15.93136516024252,1.129428306097255e-19,423.20450318422365,0
62.31666666666667,15.93754117762539,1.1088122618190086e-19,423.17341289266415,0
62.333333333333336,15.943716741293377,1.0885725552174229e-19,423.1423248851216,0
62.35,15.949891851279816,1.0687023159821792e-19,423.11123916142805,0
62.36666666666667,15.956066507618033,1.0491947992331212e-19,423.0801557214159,0
62.38333333333333,15.962240710341352,1.0300433832301333e-19,423.04907456491725,0
62.4,15.968414459483105,1.0112415671248425e-19,423.0179956917644,0
62.416666666666664,15.97458775507661,9.927829687534123e-20,422.98691910178957,0
62.43333333333333,15.980760597155186,9.746613224695706e-20,422.95584479482505,0
62.45,15.986932985752153,9.56870477017276e-20,422.9247727707031,0
62.46666666666667,15.993104920900821,9.394043934421674e-20,422.89370302925613,0
62.483333333333334,15.999276402634505,9.22257143041201e-20,422.86263557031623,0
62.5,16.005447430986518,9.05422905349673e-20,422.8315703937159,0
62.516666666666666,16.011618005990155,8.888959661650498e-20,422.80050749928733,0
62.53333333333333,16.017788127678735,8.726707156068259e-20,422.76944688686297,0
62.55,16.023957796085554,8.567416462118633e-20,422.7383885562752,0
62.56666666666667,16.03012701124391,8.411033510644653e-20,422.7073325073563,0
62.583333333333336,16.036295773187103,8.257505219606008e-20,422.67627873993865,0
62.6,16.04246408194843,8.106779476056758e-20,422.64522725385467,0
62.61666666666667,16.048631937561183,7.95880511845177e-20,422.6141780489368,0
62.63333333333333,16.054799340058647,7.813531919276364e-20,422.5831311250174,0
62.65,16.060966289474113,7.67091056799317e-20,422.552086481929,0
62.666666666666664,16.06713278584087,7.530892654300303e-20,422.52104411950387,0
62.68333333333333,16.073298829192193,7.393430651695115e-20,422.4900040375745,0
62.7,16.07946441956137,7.258477901338291e-20,422.45896623597355,0
62.71666666666667,16.085629556981672,7.125988596212372e-20,422.4279307145333,0
62.733333333333334,16.09179424148638,6.995917765569611e-20,422.3968974730863,0
62.75,16.09795847310876,6.868221259663779e-20,422.3658665114651,0
62.766666666666666,16.104122251882092,6.742855734760637e-20,422.3348378295021,0
62.78333333333333,16.11028557783964,6.619778638422351e-20,422.30381142702987,0
62.8,16.11644845101467,6.498948195060263e-20,422.27278730388105,0
62.81666666666667,16.122610871440436,6.380323391751868e-20,422.2417654598881,0
62.833333333333336,16.128772839150216,6.26386396431623e-20,422.21074589488353,0
62.85,16.134934354177254,6.149530383644061e-20,422.17972860870003,0
62.86666666666667,16.141095416554812,6.037283842277385e-20,422.14871360117013,0
62.88333333333333,16.147256026316146,5.927086241233795e-20,422.11770087212653,0
62.9,16.1534161834945,5.818900177071838e-20,422.08669042140167,0
62.916666666666664,16.15957588812313,5.712688929192216e-20,422.0556822488283,0
62.93333333333333,16.165735140235274,5.608416447371023e-20,422.024676354239,0
62.95,16.171893939864184,5.506047339520401e-20,421.9936727374664,0
62.96666666666667,16.17805228704309,5.405546859672961e-20,421.9626713983433,0
62.983333333333334,16.184210181805245,5.306880896185283e-20,421.93167233670226,0
63.0,16.190367624183878,5.2100159601570526e-20,421.9006755523759,0
63.016666666666666,16.19652461421222,5.1149191740614674e-20,421.86968104519707,0
63.03333333333333,16.202681151923507,5.02155826058333e-20,421.8386888149984,0
63.05,16.20883723735097,4.9299015316608865e-20,421.8076988616127,0
63.06666666666667,16.214992870527826,4.8399178777278554e-20,421.7767111848726,0
63.083333333333336,16.22114805148731,4.7515767571516584e-20,421.74572578461095,0
63.1,16.22730278026264,4.664848185864736e-20,421.71474266066036,0
63.11666666666667,16.23345705688703,4.579702727184978e-20,421.68376181285373,0
63.13333333333333,16.239610881393702,4.4961114818221465e-20,421.6527832410237,0
63.15,16.24576425381587,4.414046078066736e-20,421.6218069450033,0
63.166666666666664,16.251917174186747,4.333478662157905e-20,421.5908329246252,0
63.18333333333333,16.25806964253954,4.2543818888273e-20,421.5598611797222,0
63.2,16.264221658907456,4.176728912015602e-20,421.52889171012714,0
63.21666666666667,16.270373223323702,4.100493375758506e-20,421.49792451567293,0
63.233333333333334,16.276524335821478,4.025649405239025e-20,421.4669595961924,0
63.25,16.282674996433986,3.9521715980033907e-20,421.43599695151846,0
63.266666666666666,16.28882520519442,3.880035015337083e-20,421.4050365814839,0
63.28333333333333,16.294974962135978,3.809215173798471e-20,421.37407848592164,0
63.3,16.30112426729185,3.7396880369069665e-20,421.3431226646647,0
63.31666666666667,16.30727312069523,3.671430006983007e-20,421.3121691175458,0
63.333333333333336,16.313421522379297,3.604417917136911e-20,421.2812178443981,0
63.35,16.319569472377246,3.5386290234040684e-20,421.25026884505434,0
63.36666666666667,16.325716970722254,3.47404099702378e-20,421.2193221193476,0
63.38333333333333,16.331864017447504,3.410631916858943e-20,421.18837766711084,0
63.4,16.33801061258617,3.3483802619542114e-20,421.15743548817704,0
63.416666666666664,16.34415675617143,3.287264904230064e-20,421.1264955823791,0
63.43333333333333,16.35030244823646,3.227265101310174e-20,421.0955579495502,0
63.45,16.356447688814423,3.1683604894797814e-20,421.0646225895232,0
63.46666666666667,16.36259247793849,3.110531076772641e-20,421.0336895021312,0
63.483333333333334,16.368736815641835,3.0537572361841927e-20,421.0027586872073,0
63.5,16.374880701957608,2.998019699008538e-20,420.97183014458443,0
63.516666666666666,16.381024136918978,2.943299548297277e-20,420.9409038740958,0
63.53333333333333,16.3871671205591,2.8895782124375485e-20,420.90997987557427,0
63.55,16.393309652911128,2.836837458847483e-20,420.8790581488532,0
63.56666666666667,16.399451734008224,2.785059387786636e-20,420.84813869376546,0
63.583333333333336,16.40559336388353,2.7342264262795897e-20,420.81722151014435,0
63.6,16.411734542570198,2.68432132215028e-20,420.78630659782283,0
63.61666666666667,16.417875270101373,2.6353271381654368e-20,420.7553939566342,0
63.63333333333333,16.4240155465102,2.5872272462848234e-20,420.7244835864115,0
63.65,16.430155371829823,2.5400053220165595e-20,420.693575486988,0
63.666666666666664,16.436294746093374,2.493645338875392e-20,420.66266965819676,0
63.68333333333333,16.442433669333997,2.448131562942215e-20,420.6317660998711,0
63.7,16.448572141584815,2.4034485475228898e-20,420.6008648118441,0
63.71666666666667,16.45471016287897,2.3595811279046178e-20,420.569965793949,0
63.733333333333334,16.46084773324959,2.3165144162079802e-20,420.53906904601905,0
63.75,16.466984852729798,2.2742337963330197e-20,420.5081745678876,0
63.766666666666666,16.473121521352716,2.2327249189976174e-20,420.47728235938763,0
63.78333333333333,16.479257739151475,2.1919736968663642e-20,420.4463924203527,0
63.8,16.485393506159184,2.1519662997684697e-20,420.415504750616,0
63.81666666666667,16.49152882240897,2.1126891500028715e-20,420.3846193500106,0
63.833333333333336,16.497663687933933,2.0741289177292033e-20,420.35373621837016,0
63.85,16.503798102767202,2.0362725164427364e-20,420.3228553555276,0
63.86666666666667,16.509932066941875,1.9991070985320837e-20,420.29197676131656,0
63.88333333333333,16.516065580491063,1.9626200509179453e-20,420.2611004355703,0
63.9,16.52219864344787,1.9267989907714468e-20,420.2302263781221,0
63.916666666666664,16.5283312558454,1.89163176131075e-20,420.1993545888053,0
63.93333333333333,16.534463417716754,1.8571064276742752e-20,420.1684850674534,0
63.95,16.540595129095024,1.8232112728693682e-20,420.13761781389974,0
63.96666666666667,16.546726390013312,1.7899347937949078e-20,420.1067528279777,0
63.983333333333334,16.5528572005047,1.75726569733648e-20,420.0758901095206,0
64.0,16.558987560602286,1.7251928965329156e-20,420.0450296583621,0
64.01666666666667,16.56511747033916,1.6937055068127683e-20,420.01417147433546,0
64.03333333333333,16.571246929748405,1.662792842299512e-20,419.98331555727407,0
64.05,16.5773759388631,1.632444412184206e-20,419.9524619070116,0
64.06666666666666,16.58350449771633,1.6026499171643732e-20,419.9216105233813,0
64.08333333333333,16.58963260634117,1.5733992459478827e-20,419.8907614062167,0
64.1,16.595760264770696,1.544682471820706e-20,419.8599145553515,0
64.11666666666666,16.601887473037984,1.516489849277298e-20,419.82906997061895,0
64.13333333333334,16.6080142311761,1.4888118107124664e-20,419.79822765185264,0
64.15,16.614140539218116,1.4616389631737234e-20,419.7673875988862,0
64.16666666666667,16.6202663971971,1.4349620851728443e-20,419.7365498115532,0
64.18333333333334,16.62639180514611,1.408772123555694e-20,419.70571428968697,0
64.2,16.63251676309821,1.3830601904291663e-20,419.6748810331212,0
64.21666666666667,16.63864127108646,1.3578175601442423e-20,419.6440500416896,0
64.23333333333333,16.644765329143908,1.3330356663341311e-20,419.6132213152256,0
64.25,16.65088893730362,1.3087060990064647e-20,419.58239485356296,0
64.26666666666667,16.65701209559863,1.2848206016886413e-20,419.55157065653515,0
64.28333333333333,16.663134804062008,1.2613710686251629e-20,419.5207487239758,0
64.3,16.66925706272679,1.2383495420262654e-20,419.4899290557187,0
64.31666666666666,16.675378871626013,1.2157482093667431e-20,419.4591116515973,0
64.33333333333333,16.681500230792732,1.1935594007340219e-20,419.42829651144547,0
64.35,16.687621140259978,1.1717755862247439e-20,419.39748363509676,0
64.36666666666666,16.69374160006079,1.1503893733888257e-20,419.36667302238493,0
64.38333333333334,16.6998616102282,1.1293935047201737e-20,419.3358646731437,0
64.4,16.70598117079524,1.1087808551932677e-20,419.3050585872067,0
64.41666666666667,16.712100281794946,1.0885444298446311e-20,419.2742547644076,0
64.43333333333334,16.71821894326034,1.0686773613985381e-20,419.24345320458036,0
64.45,16.724337155224443,1.0491729079360005e-20,419.21265390755855,0
64.46666666666667,16.730454917720284,1.0300244506063775e-20,419.1818568731761,0
64.48333333333333,16.73657223078088,1.0112254913806946e-20,419.15106210126663,0
64.5,16.742689094439246,9.927696508460279e-21,419.120269591664,0
64.51666666666667,16.748805508728402,9.746506660401327e-21,419.08947934420195,0
64.53333333333333,16.754921473681357,9.568623883256118e-21,419.0586913587143,0
64.55,16.76103698933112,9.393987813028866e-21,419.02790563503504,0
64.56666666666666,16.7671520557107,9.222539187612845e-21,418.9971221729978,0
64.58333333333333,16.773266672853104,9.054219826675111e-21,418.9663409724366,0
64.6,16.77938084079133,8.888972611908548e-21,418.9355620331852,0
64.61666666666666,16.785494559558384,8.726741467644613e-21,418.9047853550775,0
64.63333333333334,16.791607829187257,8.567471341819757e-21,418.87401093794733,0
64.65,16.797720649710953,8.411108187289286e-21,418.8432387816287,0
64.66666666666667,16.803833021162458,8.257598943482813e-21,418.81246888595547,0
64.68333333333334,16.809944943574767,8.106891518393979e-21,418.78170125076156,0
64.7,16.816056416980867,7.958934770899553e-21,418.7509358758809,0
64.71666666666667,16.82216744141374,7.813678493400934e-21,418.72017276114735,0
64.73333333333333,16.828278016906378,7.6710733947826e-21,418.68941190639504,0
64.75,16.834388143491754,7.53107108368194e-21,418.65865331145784,0
64.76666666666667,16.840497821202852,7.393624052064168e-21,418.62789697616984,0
64.78333333333333,16.846607050072645,7.25868565909731e-21,418.5971429003649,0
64.8,16.852715830134105,7.126210115321443e-21,418.5663910838771,0
64.81666666666666,16.858824161420205,6.996152467107095e-21,418.53564152654036,0
64.83333333333333,16.864932043963915,6.868468581397171e-21,418.5048942281889,0
64.85,16.871039477798202,6.743115130727653e-21,418.47414918865667,0
64.86666666666666,16.877146462956023,6.620049578521547e-21,418.4434064077778,0
64.88333333333334,16.883252999470344,6.499230164651421e-21,418.41266588538616,0
64.9,16.889359087374128,6.380615891265608e-21,418.3819276213161,0
64.91666666666667,16.895464726700332,6.264166508872841e-21,418.3511916154015,0
64.93333333333334,16.901569917481904,6.149842502681333e-21,418.32045786747653,0
64.95,16.907674659751798,6.0376050791869005e-21,418.2897263773753,0
64.96666666666667,16.913778953542966,5.927416153006173e-21,418.25899714493204,0
64.98333333333333,16.919882798888356,5.8192383339500365e-21,418.22827016998076,0
65.0,16.925986195820908,5.713034914333121e-21,418.19754545235566,0
65.01666666666667,16.932089144373567,5.6087698565149514e-21,418.16682299189097,0
65.03333333333333,16.93819164457927,5.506407780668525e-21,418.13610278842077,0
65.05,16.94429369647096,5.405913952772196e-21,418.10538484177937,0
65.06666666666666,16.950395300081563,5.307254272820747e-21,418.0746691518009,0
65.08333333333333,16.95649645544402,5.210395263251797e-21,418.0439557183195,0
65.1,16.96259716259126,5.115304057583289e-21,418.01324454116957,0
65.11666666666666,16.968697421556207,5.02194838925865e-21,417.9825356201853,0
65.13333333333334,16.974797232371785,4.9302965806952975e-21,417.95182895520077,0
65.15,16.980896595070924,4.84031753253335e-21,417.92112454605046,0
65.16666666666667,16.986995509686537,4.751980713080471e-21,417.89042239256855,0
65.18333333333334,16.99309397625155,4.665256147949385e-21,417.85972249458933,0
65.2,16.999191994798867,4.580114409884666e-21,417.82902485194717,0
65.21666666666667,17.00528956536141,4.496526608775129e-21,417.7983294644763,0
65.23333333333333,17.011386687972088,4.4144643818486e-21,417.7676363320111,0
65.25,17.01748336266381,4.333899884045746e-21,417.7369454543859,0
65.26666666666667,17.023579589469485,4.254805778569535e-21,417.70625683143504,0
65.28333333333333,17.02967536842201,4.177155227607275e-21,417.6755704629928,0
65.3,17.035770699554288,4.1009218832219595e-21,417.6448863488937,0
65.31666666666666,17.04186558289922,4.026079878410036e-21,417.61420448897206,0
65.33333333333333,17.047960018489697,3.952603818322255e-21,417.5835248830623,0
65.35,17.05405400635862,3.8804687716449445e-21,417.5528475309988,0
65.36666666666666,17.06014754653887,3.8096502621384566e-21,417.52217243261595,0
65.38333333333334,17.06624063906335,3.740124260330176e-21,417.4914995877483,0
65.4,17.072333283964934,3.671867175359228e-21,417.4608289962302,0
65.41666666666667,17.07842548127651,3.604855846969906e-21,417.4301606578962,0
65.43333333333334,17.08451723103097,3.5390675376514085e-21,417.39949457258064,0
65.45,17.09060853326118,3.474479924921036e-21,417.3688307401181,0
65.46666666666667,17.096699388000022,3.411071093748161e-21,417.33816916034306,0
65.48333333333333,17.10278979528037,3.3488195291166087e-21,417.30750983309,0
65.5,17.10887975513509,3.28770410872282e-21,417.27685275819346,0
65.51666666666667,17.114969267597065,3.227704095807209e-21,417.24619793548806,0
65.53333333333333,17.12105833269915,3.1687991321164683e-21,417.2155453648082,0
65.55,17.12714695047422,3.110969230994298e-21,417.18489504598847,0
65.56666666666666,17.133235120955128,3.054194770598341e-21,417.1542469788635,0
65.58333333333333,17.13932284417474,2.9984564872408555e-21,417.12360116326784,0
65.6,17.145410120165913,2.9437354688509963e-21,417.092957599036,0
65.61666666666666,17.151496948961498,2.890013148556424e-21,417.0623162860028,0
65.63333333333334,17.157583330594356,2.8372712983821355e-21,417.0316772240027,0
65.65,17.163669265097326,2.7854920230642243e-21,417.0010404128703,0
65.66666666666667,17.16975475250326,2.7346577539766643e-21,416.9704058524403,0
65.68333333333334,17.17583979284501,2.684751243168944e-21,416.93977354254747,0
65.7,17.181924386155416,2.6357555575124203e-21,416.90914348302624,0
65.71666666666667,17.188008532467315,2.5876540729537665e-21,416.8785156737115,0
65.73333333333333,17.19409223181355,2.5404304688730904e-21,416.8478901144378,0
65.75,17.200175484226953,2.4940687225451634e-21,416.8172668050399,0
65.76666666666667,17.206258289740358,2.4485531037017768e-21,416.78664574535253,0
65.78333333333333,17.2123406483866,2.4038681691932415e-21,416.7560269352103,0
65.8,17.218422560198505,2.3599987577475e-21,416.7254103744481,0
65.81666666666666,17.224504025208898,2.3169299848247707e-21,416.6947960629006,0
65.83333333333333,17.230585043450603,2.274647237566225e-21,416.66418400040266,0
65.85,17.236665614956443,2.2331361698347795e-21,416.6335741867889,0
65.86666666666666,17.24274573975924,2.192382697346516e-21,416.6029666218943,0
65.88333333333334,17.2488254178918,2.1523729928908962e-21,416.5723613055535,0
65.9,17.254904649386948,2.1130934816382207e-21,416.5417582376013,0
65.91666666666667,17.26098343427749,2.074530836532896e-21,416.5111574178727,0
65.93333333333334,17.26706177259624,2.0366719737705617e-21,416.4805588462023,0
65.95,17.273139664376004,1.9995040483579892e-21,416.44996252242515,0
65.96666666666667,17.27921710964958,1.9630144497539204e-21,416.41936844637604,0
65.98333333333333,17.285294108449772,1.9271907975895007e-21,416.38877661788985,0
66.0,17.29137066080939,1.8920209374668623e-21,416.35818703680144,0
66.01666666666667,17.29744676676122,1.85749293683437e-21,416.3275997029457,0
66.03333333333333,17.30352242633806,1.8235950809371644e-21,416.2970146161576,0
66.05,17.3095976395727,1.790315868841668e-21,416.266431776272,0
66.06666666666666,17.315672406497935,1.757644009532594e-21,416.23585118312377,0
66.08333333333333,17.321746727146554,1.7255684180812694e-21,416.2052728365481,0
66.1,17.327820601551338,1.6940782118838342e-21,416.1746967363797,0
66.11666666666666,17.33389402974507,1.663162706968175e-21,416.14412288245364,0
66.13333333333334,17.339967011760532,1.6328114143682557e-21,416.1135512746049,0
66.15,17.3460395476305,1.603014036564586e-21,416.08298191266846,0
66.16666666666667,17.352111637387754,1.5737604639897185e-21,416.05241479647935,0
66.18333333333334,17.358183281065063,1.5450407715975366e-21,416.0218499258725,0
66.2,17.3642544786952,1.516845215495128e-21,415.99128730068315,0
66.21666666666667,17.370325230310932,1.489164229636171e-21,415.9607269207461,0
66.23333333333333,17.376395535945026,1.4619884225746758e-21,415.9301687858965,0
66.25,17.38246539563025,1.435308574277994e-21,415.8996128959694,0
66.26666666666667,17.388534809399353,1.4091156329979442e-21,415.8690592508,0
66.28333333333333,17.394603777285106,1.3834007121991687e-21,415.83850785022327,0
66.3,17.40067229932026,1.3581550875434193e-21,415.8079586940743,0
66.31666666666666,17.406740375537566,1.3333701939290327e-21,415.77741178218827,0
66.33333333333333,17.412808005969783,1.3090376225843282e-21,415.74686711440023,0
66.35,17.418875190649654,1.2851491182141394e-21,415.71632469054543,0
66.36666666666666,17.424941929609925,1.261696576198393e-21,415.6857845104589,0
66.38333333333334,17.43100822288335,1.2386720398418572e-21,415.65524657397594,0
66.4,17.43707407050266,1.2160676976740677e-21,415.6247108809317,0
66.41666666666667,17.443139472500597,1.1938758807985402e-21,415.5941774311612,0
66.43333333333334,17.449204428909905,1.1720890602903941e-21,415.5636462244998,0
66.45,17.455268939763307,1.1506998446414563e-21,415.5331172607827,0
66.46666666666667,17.461333005093547,1.1297009772520184e-21,415.5025905398451,0
66.48333333333333,17.467396624933347,1.1090853339683625e-21,415.4720660615222,0
66.5,17.47345979931544,1.0888459206652554e-21,415.4415438256494,0
66.51666666666667,17.479522528272547,1.0689758708725412e-21,415.41102383206163,0
66.53333333333333,17.485584811837395,1.0494684434451155e-21,415.3805060805945,0
66.55,17.491646650042693,1.030317020275372e-21,415.34999057108314,0
66.56666666666666,17.49770804292117,1.011515104047421e-21,415.3194773033629,0
66.58333333333333,17.50376899050554,9.930563160323305e-22,415.288966277269,0
66.6,17.50982949282852,9.749343939235786e-22,415.2584574926369,0
66.61666666666666,17.51588954992281,9.571431897120316e-22,415.2279509493019,0
66.63333333333334,17.521949161821123,9.396766675997075e-22,415.19744664709924,0
66.65,17.52800832855617,9.225289019516461e-22,415.1669445858643,0
66.66666666666667,17.534067050160647,9.056940752850987e-22,415.1364447654326,0
66.68333333333334,17.54012532666726,8.891664762955204e-22,415.10594718563937,0
66.7,17.546183158108704,8.729404979184988e-22,415.07545184632005,0
66.71666666666667,17.552240544517677,8.57010635427123e-22,415.0449587473101,0
66.73333333333333,17.558297485926875,8.413714845640586e-22,415.01446788844476,0
66.75,17.564353982368985,8.260177397077263e-22,414.9839792695596,0
66.76666666666667,17.5704100338767,8.10944192071924e-22,414.9534928904901,0
66.78333333333333,17.57646564048271,7.961457279383964e-22,414.9230087510717,0
66.8,17.582520802219687,7.816173269215436e-22,414.8925268511398,0
66.81666666666666,17.588575519120326,7.673540602649119e-22,414.8620471905299,0
66.83333333333333,17.594629791217294,7.533510891687275e-22,414.8315697690774,0
66.85,17.60068361854328,7.396036631479639e-22,414.80109458661804,0
66.86666666666666,17.60673700113095,7.261071184203873e-22,414.77062164298707,0
66.88333333333334,17.61278993901298,7.128568763240283e-22,414.7401509380202,0
66.9,17.618842432222046,6.9984844176353685e-22,414.70968247155287,0
66.91666666666667,17.6248944807908,6.870774016848835e-22,414.67921624342074,0
66.93333333333334,17.630946084751923,6.7453942357792355e-22,414.64875225345924,0
66.95,17.63699724413807,6.622302540062915e-22,414.618290501504,0
66.96666666666667,17.6430479589819,6.501457171641075e-22,414.58783098739065,0
66.98333333333333,17.64909822931607,6.382817134590616e-22,414.5573737109547,0
67.0,17.655148055173242,6.266342181213299e-22,414.5269186720319,0
67.01666666666667,17.661197436586065,6.1519927983790805e-22,414.49646587045777,0
67.03333333333333,17.66724637358719,6.039730194118604e-22,414.4660153060679,0
67.05,17.673294866209265,5.929516284460375e-22,414.43556697869803,0
67.06666666666666,17.679342914484934,5.82131368050832e-22,414.40512088818383,0
67.08333333333333,17.685390518446845,5.715085675755175e-22,414.3746770343609,0
67.1,17.691437678127635,5.610796233627401e-22,414.34423541706497,0
67.11666666666666,17.697484393559943,5.50840997525748e-22,414.3137960361317,0
67.13333333333334,17.70353066477641,5.407892167479423e-22,414.2833588913968,0
67.15,17.709576491809663,5.309208711043328e-22,414.252923982696,0
67.16666666666667,17.71562187469234,5.212326129045223e-22,414.2224913098651,0
67.18333333333334,17.721666813457066,5.117211555567917e-22,414.1920608727397,0
67.2,17.727711308136467,5.0238327245291055e-22,414.16163267115576,0
67.21666666666667,17.733755358763172,4.932157958733543e-22,414.13120670494885,0
67.23333333333333,17.7397989653698,4.842156159124358e-22,414.10078297395484,0
67.25,17.74584212798897,4.753796794231098e-22,414.0703614780096,0
67.26666666666667,17.751884846653294,4.6670498898100235e-22,414.0399422169487,0
67.28333333333333,17.757927121395397,4.581886018673795e-22,414.0095251906082,0
67.3,17.763968952247886,4.498276290706589e-22,413.97911039882376,0
67.31666666666666,17.770010339243374,4.416192343061514e-22,413.9486978414313,0
67.33333333333333,17.776051282414457,4.335606330536992e-22,413.91828751826677,0
67.35,17.782091781793756,4.256490916128834e-22,413.8878794291658,0
67.36666666666666,17.788131837413864,4.1788192617545836e-22,413.8574735739644,0
67.38333333333334,17.794171449307385,4.1025650191474256e-22,413.8270699524985,0
67.4,17.800210617506913,4.0277023209161115e-22,413.79666856460403,0
67.41666666666667,17.80624934204505,3.95420577176816e-22,413.76626941011676,0
67.43333333333334,17.812287622954383,3.8820504398931535e-22,413.73587248887264,0
67.45,17.818325460267506,3.8112118485035608e-22,413.7054778007077,0
67.46666666666667,17.824362854017007,3.7416659675295994e-22,413.67508534545783,0
67.48333333333333,17.83039980423547,3.673389205466027e-22,413.644695122959,0
67.5,17.83643631095548,3.6063584013674947e-22,413.6143071330472,0
67.51666666666667,17.84247237420962,3.5405508169902343e-22,413.5839213755584,0
67.53333333333333,17.848507994030467,3.4759441290769713e-22,413.5535378503286,0
67.55,17.854543170450594,3.412516421782805e-22,413.5231565571938,0
67.56666666666666,17.860577903502584,3.350246179239271e-22,413.49277749599,0
67.58333333333333,17.866612193219,3.289112278254136e-22,413.46240066655326,0
67.6,17.872646039632414,3.229093981144459e-22,413.43202606871967,0
67.61666666666666,17.878679442775393,3.170170928700476e-22,413.4016537023252,0
67.63333333333334,17.884712402680503,3.112323133277813e-22,413.3712835672059,0
67.65,17.890744919380303,3.0555309720159607e-22,413.340915663198,0
67.66666666666667,17.896776992907355,2.999775180180381e-22,413.3105499901375,0
67.68333333333334,17.902808623294217,2.9450368446261683e-22,413.2801865478606,0
67.7,17.90883981057344,2.8912973973810987e-22,413.2498253362032,0
67.71666666666667,17.914870554777583,2.83853860934564e-22,413.2194663550016,0
67.73333333333333,17.920900855939184,2.7867425841081826e-22,413.1891096040919,0
67.75,17.9269307140908,2.735891751872901e-22,413.15875508331027,0
67.76666666666667,17.932960129264977,2.6859688634986476e-22,413.12840279249286,0
67.78333333333333,17.938989101494258,2.6369569846465387e-22,413.09805273147583,0
67.8,17.94501763081118,2.588839490034424e-22,413.06770490009546,0
67.81666666666666,17.951045717248277,2.5416000577961893e-22,413.0373592981879,0
67.83333333333333,17.957073360838088,2.4952226639439893e-22,413.00701592558926,0
67.85,17.963100561613153,2.4496915769316535e-22,412.97667478213583,0
67.86666666666666,17.969127319606,2.4049913523172334e-22,412.94633586766395,0
67.88333333333334,17.975153634849153,2.3611068275229777e-22,412.9159991820098,0
67.9,17.981179507375142,2.318023116690995e-22,412.8856647250095,0
67.91666666666667,17.98720493721649,2.2757256056327897e-22,412.8553324964996,0
67.93333333333334,17.993229924405714,2.2341999468709625e-22,412.8250024963162,0
67.95,17.99925446897534,2.193432054771464e-22,412.79467472429565,0
67.96666666666667,18.00527857095788,2.153408100764565e-22,412.7643491802743,0
67.98333333333333,18.01130223038585,2.1141145086532612e-22,412.7340258640883,0
68.0,18.017325447291768,2.0755379500071403e-22,412.7037047755742,0
68.01666666666667,18.023348221708133,2.037665339640356e-22,412.67338591456814,0
68.03333333333333,18.029370553667455,2.0004838311721941e-22,412.64306928090673,0
68.05,18.03539244320224,1.9639808126686211e-22,412.6127548744261,0
68.06666666666666,18.04141389034499,1.9281439023633895e-22,412.5824426949628,0
68.08333333333333,18.047434895128205,1.8929609444572481e-22,412.5521327423532,0
68.1,18.053455457584384,1.8584200049938097e-22,412.5218250164336,0
68.11666666666666,18.05947557774602,1.8245093678107432e-22,412.4915195170405,0
68.13333333333334,18.065495255645605,1.7912175305647891e-22,412.46121624401036,0
68.15,18.071514491315632,1.7585332008293802e-22,412.43091519717956,0
68.16666666666667,18.077533284788586,1.7264452922634616e-22,412.40061637638456,0
68.18333333333334,18.083551636096953,1.6949429208502812e-22,412.3703197814619,0
68.2,18.089569545273218,1.6640154012047537e-22,412.3400254122479,0
68.21666666666667,18.095587012349863,1.633652242948282e-22,412.30973326857924,0
68.23333333333333,18.101604037359365,1.6038431471497323e-22,412.27944335029224,0
68.25,18.107620620334195,1.5745780028313608e-22,412.2491556572236,0
68.26666666666667,18.113636761306832,1.5458468835385151e-22,412.2188701892097,0
68.28333333333333,18.119652460309748,1.517640043971941e-22,412.1885869460872,0
68.3,18.12566771737541,1.489947916681569e-22,412.1583059276925,0
68.31666666666666,18.131682532536285,1.4627611088206253e-22,412.1280271338622,0
68.33333333333333,18.137696905824836,1.436070398959004e-22,412.097750564433,0
68.35,18.143710837273527,1.4098667339548024e-22,412.06747621924137,0
68.36666666666666,18.149724326914818,1.3841412258829252e-22,412.03720409812394,0
68.38333333333334,18.155737374781157,1.358885149019783e-22,412.0069342009173,0
68.4,18.16174998090501,1.3340899368830219e-22,411.9766665274581,0
68.41666666666667,18.167762145318825,1.309747179325257e-22,411.94640107758306,0
68.43333333333334,18.173773868055047,1.2858486196808597e-22,411.91613785112867,0
68.45,18.179785149146134,1.2623861519648466e-22,411.8858768479316,0
68.46666666666667,18.18579598862452,1.2393518181228458e-22,411.85561806782874,0
68.48333333333333,18.191806386522654,1.2167378053313176e-22,411.82536151065653,0
68.5,18.197816342872972,1.1945364433469893e-22,411.7951071762517,0
68.51666666666667,18.203825857707916,1.1727402019046877e-22,411.764855064451,0
68.53333333333333,18.209834931059916,1.1513416881627058e-22,411.7346051750913,0
68.55,18.215843562961417,1.1303336441947195e-22,411.704357508009,0
68.56666666666666,18.221851753444838,1.1097089445275418e-22,411.67411206304115,0
68.58333333333333,18.227859502542607,1.0894605937238055e-22,411.64386884002437,0
68.6,18.233866810287157,1.0695817240087195e-22,411.61362783879537,0
68.61666666666666,18.23987367671091,1.0500655929402183e-22,411.583389059191,0
68.63333333333334,18.245880101846282,1.0309055811215742e-22,411.5531525010481,0
68.65,18.2518860857257,1.0120951899557639e-22,411.52291816420336,0
68.66666666666667,18.257891628381575,9.936280394408571e-23,411.49268604849374,0
68.68333333333334,18.26389672984632,9.754978660055972e-23,411.4624561537559,0
68.7,18.26990139015235,9.576985203845218e-23,411.4322284798268,0
68.71666666666667,18.275905609332074,9.402239655318371e-23,411.40200302654324,0
68.73333333333333,18.281909387417894,9.23068274573386e-23,411.37177979374206,0
68.75,18.287912724442222,9.062256287960015e-23,411.3415587812602,0
68.76666666666667,18.293915620437456,8.896903156735168e-23,411.31133998893444,0
68.78333333333333,18.299918075435997,8.734567269288461e-23,411.28112341660176,0
68.8,18.30592008947024,8.575193566314197e-23,411.2509090640991,0
68.81666666666666,18.311921662572583,8.418727993293439e-23,411.22069693126326,0
68.83333333333333,18.317922794775416,8.265117482156448e-23,411.1904870179314,0
68.85,18.32392348611113,8.11430993327983e-23,411.16027932394024,0
68.86666666666666,18.329923736612113,7.96625419781238e-23,411.13007384912686,0
68.88333333333334,18.335923546310752,7.820900060323262e-23,411.0998705933282,0
68.9,18.341922915239426,7.678198221767191e-23,411.0696695563812,0
68.91666666666667,18.347921843430523,7.538100282760179e-23,411.03947073812293,0
68.93333333333334,18.353920330916413,7.400558727160792e-23,411.00927413839025,0
68.95,18.359918377729475,7.265526905950853e-23,410.9790797570204,0
68.96666666666667,18.365915983902088,7.132959021410516e-23,410.9488875938502,0
68.98333333333333,18.371913149466618,7.00281011158207e-23,410.91869764871683,0
69.0,18.377909874455433,6.875036035017349e-23,410.8885099214573,0
69.01666666666667,18.383906158900903,6.749593455803319e-23,410.85832441190865,0
69.03333333333333,18.389902002835388,6.626439828861347e-23,410.828141119908,0
69.05,18.39589740629125,6.505533385514327e-23,410.7979600452924,0
69.06666666666666,18.401892369300853,6.386833119317593e-23,410.76778118789906,0
69.08333333333333,18.407886891896553,6.270298772148209e-23,410.73760454756496,0
69.1,18.4138809741107,6.155890820548222e-23,410.70743012412726,0
69.11666666666666,18.419874615975647,6.043570462317104e-23,410.67725791742316,0
69.13333333333334,18.42586781752375,5.933299603348999e-23,410.6470879272897,0
69.15,18.43186057878735,5.825040844710047e-23,410.6169201535641,0
69.16666666666667,18.43785289979879,5.7187574699518e-23,410.5867545960836,0
69.18333333333334,18.443844780590425,5.614413432655904e-23,410.5565912546853,0
69.2,18.44983622119458,5.51197334420621e-23,410.5264301292064,0
69.21666666666667,18.455827221643602,5.411402461784104e-23,410.49627121948413,0
69.23333333333333,18.461817781969827,5.312666676582966e-23,410.46611452535575,0
69.25,18.467807902205585,5.215732502237501e-23,410.43596004665847,0
69.26666666666667,18.473797582383206,5.1205670634644865e-23,410.4058077832295,0
69.28333333333333,18.47978682253502,5.0271380849106797e-23,410.3756577349061,0
69.3,18.48577562269335,4.935413880204443e-23,410.34550990152565,0
69.31666666666666,18.49176398289053,4.845363341206856e-23,410.3153642829252,0
69.33333333333333,18.497751903158868,4.756955927459411e-23,410.28522087894225,0
69.35,18.50373938353069,4.6701616558238933e-23,410.2550796894141,0
69.36666666666666,18.50972642403831,4.584951090311628e-23,410.22494071417793,0
69.38333333333334,18.515713024714042,4.501295332098318e-23,410.1948039530712,0
69.4,18.521699185590204,4.4191660097208947e-23,410.16466940593114,0
69.41666666666667,18.527684906699097,4.3385352694536055e-23,410.1345370725952,0
69.43333333333334,18.533670188073035,4.259375765859391e-23,410.1044069529007,0
69.45,18.53965502974432,4.181660652514057e-23,410.07427904668504,0
69.46666666666667,18.545639431745254,4.105363572899434e-23,410.0441533537856,0
69.48333333333333,18.551623394108134,4.030458651462974e-23,410.01402987403975,0
69.5,18.557606916865264,3.956920484840337e-23,409.98390860728495,0
69.51666666666667,18.56359000004893,3.8847241332382605e-23,409.9537895533586,0
69.53333333333333,18.569572643691437,3.813845111974732e-23,409.92367271209804,0
69.55,18.575554847825064,3.7442593831733764e-23,409.89355808334096,0
69.56666666666666,18.581536612482108,3.675943347609717e-23,409.8634456669246,0
69.58333333333333,18.587517937694848,3.6088738367058864e-23,409.83333546268653,0
69.6,18.59349882349557,3.5430281046717776e-23,409.8032274704642,0
69.61666666666666,18.599479269916557,3.47838382078944e-23,409.77312169009514,0
69.63333333333334,18.605459276990086,3.4149190618382226e-23,409.7430181214168,0
69.65,18.61143884474843,3.352612304658367e-23,409.7129167642668,0
69.66666666666667,18.617417973223866,3.291442418850159e-23,409.6828176184826,0
69.68333333333334,18.623396662448666,3.23138865960637e-23,409.65272068390175,0
69.7,18.6293749124551,3.1724306606754844e-23,409.6226259603618,0
69.71666666666667,18.63535272327543,3.114548427453415e-23,409.59253344770036,0
69.73333333333333,18.641330094941925,3.057722330201213e-23,409.5624431457549,0
69.75,18.647307027486846,3.001933097386595e-23,409.5323550543632,0
69.76666666666667,18.65328352094245,2.9471618091470174e-23,409.50226917336266,0
69.78333333333333,18.659259575340993,2.893389890871969e-23,409.4721855025911,0
69.8,18.66523519071474,2.840599106902507e-23,409.44210404188595,0
69.81666666666666,18.67121036709593,2.788771554345641e-23,409.412024791085,0
69.83333333333333,18.677185104516823,2.7378896570016964e-23,409.38194775002586,0
69.85,18.683159403009665,2.687936159402499e-23,409.35187291854606,0
69.86666666666666,18.689133262606695,2.6388941209583006e-23,409.32180029648345,0
69.88333333333334,18.695106683340164,2.5907469102115927e-23,409.2917298836757,0
69.9,18.70107966524231,2.5434781991957605e-23,409.26166167996047,0
69.91666666666667,18.707052208345374,2.497071957896667e-23,409.2315956851754,0
69.93333333333334,18.713024312681583,2.4515124488153568e-23,409.2015318991583,0
69.95,18.718995978283175,2.4067842216300166e-23,409.17147032174694,0
69.96666666666667,18.724967205182388,2.3628721079551742e-23,409.141410952779,0
69.98333333333333,18.730937993411445,2.3197612161968007e-23,409.11135379209225,0
70.0,18.736908343002572,2.2774369265011312e-23,409.0812988395245,0
70.01666666666667,18.742878253987993,2.235884885795707e-23,409.0512460949134,0
70.03333333333333,18.74884772639993,2.1950910029209767e-23,409.0211955580969,0
70.05,18.754816760270604,2.1550414438506348e-23,408.9911472289127,0
70.06666666666666,18.76078535563223,2.1157226269993093e-23,408.9611011071987,0
70.08333333333333,18.766753512517028,2.0771212186157492e-23,408.9310571927927,0
70.1,18.7727212309572,2.0392241282602377e-23,408.9010154855325,0
70.11666666666666,18.778688510984964,2.002018504364425e-23,408.8709759852561,0
70.13333333333334,18.784655352632527,1.965491729872231e-23,408.84093869180117,0
70.15,18.790621755932087,1.9296314179602983e-23,408.8109036050057,0
70.16666666666667,18.79658772091586,1.8944254078365638e-23,408.78087072470754,0
70.18333333333334,18.802553247616036,1.8598617606154783e-23,408.7508400507446,0
70.2,18.808518336064814,1.8259287552684995e-23,408.7208115829549,0
70.21666666666667,18.814482986294394,1.792614884648527e-23,408.6907853211762,0
70.23333333333333,18.820447198336964,1.7599088515868467e-23,408.66076126524655,0
70.25,18.826410972224718,1.7277995650612995e-23,408.6307394150038,0
70.26666666666667,18.83237430798985,1.6962761364344577e-23,408.600719770286,0
70.28333333333333,18.838337205664534,1.665327875760328e-23,408.57070233093106,0
70.3,18.844299665280964,1.6349442881585645e-23,408.54068709677705,0
70.31666666666666,18.850261686871317,1.605115070254795e-23,408.51067406766185,0
70.33333333333333,18.856223270467773,1.5758301066859314e-23,408.4806632434236,0
70.35,18.862184416102508,1.5470794666692267e-23,408.45065462390016,0
70.36666666666666,18.868145123807697,1.518853400634e-23,408.4206482089297,0
70.38333333333334,18.874105393615515,1.491142336914751e-23,408.39064399835024,0
70.4,18.880065225558123,1.4639368785047296e-23,408.36064199199984,0
70.41666666666667,18.886024619667698,1.437227799868621e-23,408.3306421897165,0
70.43333333333334,18.8919835759764,1.411006043813528e-23,408.3006445913383,0
70.45,18.897942094516395,1.3852627184169522e-23,408.2706491967034,0
70.46666666666667,18.903900175319844,1.3599890940109046e-23,408.24065600564995,0
70.48333333333333,18.909857818418896,1.335176600221008e-23,408.210665018016,0
70.5,18.915815023845717,1.31081682305968e-23,408.18067623363964,0
70.51666666666667,18.921771791632455,1.2869015020723193e-23,408.150689652359,0
70.53333333333333,18.92772812181126,1.2634225275355969e-23,408.1207052740123,0
70.55,18.933684014414286,1.2403719377068745e-23,408.0907230984378,0
70.56666666666666,18.939639469473665,1.217741916123804e-23,408.0607431254735,0
70.58333333333333,18.94559448702156,1.1955247889532312e-23,408.03076535495757,0
70.6,18.9515490670901,1.1737130223884541e-23,408.0007897867284,0
70.61666666666666,18.957503209711426,1.1522992200940146e-23,407.970816420624,0
70.63333333333334,18.963456914917675,1.131276120697064e-23,407.94084525648265,0
70.65,18.969410182740983,1.110636595324574e-23,407.9108762941427,0
70.66666666666667,18.975363013213485,1.0903736451854312e-23,407.8809095334423,0
70.68333333333334,18.981315406367305,1.0704803991967184e-23,407.8509449742197,0
70.7,18.98726736223457,1.050950111653253e-23,407.8209826163132,0
70.71666666666667,18.993218880847405,1.0317761599396918e-23,407.7910224595611,0
70.73333333333333,18.999169962237936,1.012952042284387e-23,407.76106450380155,0
70.75,19.00512060643828,9.944713755542099e-24,407.7311087488731,0
70.76666666666667,19.011070813480554,9.763278930896356e-24,407.70115519461393,0
70.78333333333333,19.017020583396874,9.585154425793281e-24,407.67120384086235,0
70.8,19.02296991621936,9.41027983973519e-24,407.6412546874567,0
70.81666666666666,19.02891881198011,9.238595874354499e-24,407.61130773423537,0
70.83333333333333,19.034867270711242,9.070044313302197e-24,407.5813629810368,0
70.85,19.040815292444858,8.904568002503143e-24,407.5514204276992,0
70.86666666666666,19.046762877213066,8.742110830771756e-24,407.5214800740611,0
70.88333333333334,19.05271002504796,8.582617710781602e-24,407.491541919961,0
70.9,19.05865673598164,8.426034560381801e-24,407.46160596523697,0
70.91666666666667,19.06460301004621,8.272308284255027e-24,407.4316722097277,0
70.93333333333334,19.07054884727376,8.121386755909807e-24,407.40174065327153,0
70.95,19.076494247696377,7.973218800001323e-24,407.37181129570695,0
70.96666666666667,19.082439211346156,7.827754174975396e-24,407.34188413687235,0
70.98333333333333,19.08838373825518,7.684943556028561e-24,407.31195917660636,0
71.0,19.09432782845554,7.54473851837957e-24,407.28203641474727,0
71.01666666666667,19.100271481979316,7.40709152084591e-24,407.25211585113374,0
71.03333333333333,19.106214698858587,7.271955889720057e-24,407.22219748560417,0
71.05,19.112157479125422,7.139285802940144e-24,407.1922813179972,0
71.06666666666666,19.11809982281191,7.009036274549284e-24,407.1623673481511,0
71.08333333333333,19.124041729950115,6.881163139438584e-24,407.13245557590477,0
71.1,19.129983200572113,6.755623038368573e-24,407.1025460010965,0
71.11666666666666,19.13592423470997,6.632373403263861e-24,407.072638623565,0
71.13333333333334,19.141864832395754,6.5113724427765614e-24,407.04273344314873,0
71.15,19.147804993661527,6.39257912811241e-24,407.01283045968637,0
71.16666666666667,19.153744718539347,6.275953179116373e-24,406.98292967301654,0
71.18333333333334,19.15968400706128,6.161455050611489e-24,406.95303108297776,0
71.2,19.165622859259372,6.0490459189874335e-24,406.92313468940876,0
71.21666666666667,19.171561275165683,5.938687669033765e-24,406.89324049214815,0
71.23333333333333,19.17749925481227,5.830342881013132e-24,406.8633484910345,0
71.25,19.18343679823117,5.7239748179708324e-24,406.8334586859065,0
71.26666666666667,19.189373905454442,5.619547413275591e-24,406.80357107660296,0
71.28333333333333,19.195310576514128,5.5170252583879104e-24,406.7736856629624,0
71.3,19.20124681144227,5.416373590851482e-24,406.74380244482353,0
71.31666666666666,19.2071826102709,5.317558282503871e-24,406.71392142202524,0
71.33333333333333,19.213117973032066,5.22054582790224e-24,406.68404259440604,0
71.35,19.219052899757795,5.1253033329604054e-24,406.65416596180484,0
71.36666666666666,19.22498739048013,5.031798503793002e-24,406.6242915240602,0
71.38333333333334,19.230921445231093,4.939999635763542e-24,406.5944192810109,0
71.4,19.236855064042715,4.849875602732038e-24,406.56454923249584,0
71.41666666666667,19.24278824694702,4.7613958464991025e-24,406.5346813783538,0
71.43333333333334,19.248720993976033,4.674530366442472e-24,406.50481571842346,0
71.45,19.254653305161778,4.589249709342701e-24,406.4749522525437,0
71.46666666666667,19.26058518053627,4.505524959394569e-24,406.44509098055323,0
71.48333333333333,19.266516620131526,4.423327728400712e-24,406.4152319022911,0
71.5,19.27244762397956,4.34263014614425e-24,406.3853750175959,0
71.51666666666667,19.278378192112385,4.263404850937059e-24,406.35552032630665,0
71.53333333333333,19.28430832456201,4.185624980340493e-24,406.3256678282621,0
71.55,19.290238021360437,4.109264162055533e-24,406.29581752330125,0
71.56666666666666,19.29616728253968,4.034296504979032e-24,406.26596941126286,0
71.58333333333333,19.30209610813174,3.960696590423299e-24,406.2361234919859,0
71.6,19.308024498168606,3.888439463495872e-24,406.20627976530926,0
71.61666666666666,19.313952452682287,3.817500624636507e-24,406.17643823107187,0
71.63333333333334,19.319879971704776,3.747856021308827e-24,406.1465988891127,0
71.65,19.32580705526806,3.6794820398431885e-24,406.11676173927066,0
71.66666666666667,19.331733703404137,3.61235549742885e-24,406.08692678138465,0
