time_hours,I2_center_nM,S2_free_center_nM,S2_total_center_nM,I1O2_active
0.0,100.0,0.0,0.0,1
0.016666666666666666,99.98589381569174,0.047073891751902026,1.1866583419892995,1
0.03333333333333333,99.956307500055,0.09880868077157774,3.6153543066073377,1
0.05,99.91358580417422,0.14281477115692656,7.0642882542702115,1
0.06666666666666667,99.85976897907561,0.1801056176001819,11.347826142889291,1
0.08333333333333333,99.79607824521038,0.21341185039391564,16.346933554656623,1
0.1,99.72311353380299,0.2448089937720982,21.990078354485576,1
0.11666666666666667,99.64105986560055,0.2756885148405122,28.235603248419885,1
0.13333333333333333,99.54981919725253,0.30700603278695854,35.06040453793868,1
0.15,99.44908737058888,0.3394643352220727,42.45297332042454,1
0.16666666666666666,99.3383982624496,0.3736229770358495,50.408970789139474,1
0.18333333333333332,99.21714892020188,0.40996212815007244,58.92822508452614,1
0.2,99.08461350543304,0.4489205231357672,68.01252083778309,1
0.21666666666666667,98.93995048064957,0.4909187995921756,77.66382623743073,1
0.23333333333333334,98.78220563566491,0.5363743582542352,87.88275406489306,1
0.25,98.61031255505394,0.5857110749472154,98.66713979685221,1
0.26666666666666666,98.4230915882134,0.6393656796937209,110.0106726452514,1
0.2833333333333333,98.21924805336522,0.6977917795600814,121.90155311498326,1
0.3,97.99737052355755,0.7614619725291828,134.3211625281239,1
0.31666666666666665,97.75592938332542,0.8308682506981016,147.24278758256432,1
0.3333333333333333,97.49327666534438,0.906520565420387,160.6304162888058,1
0.35,97.20764767288877,0.9889432912999954,174.43767471655167,1
0.36666666666666664,96.89716524343811,1.0786691149983205,188.60697784658643,1
0.38333333333333336,96.55984763892884,1.1762296867087607,203.0689851629378,1
0.4,96.19362125167538,1.2821421811815514,217.7424628846997,1
0.4166666666666667,95.79633954145214,1.3968907447156105,232.53465989427934,1
0.43333333333333335,95.36580983978874,1.5209017017977888,247.3423006899726,1
0.45,94.8998298189041,1.6545114435496202,262.0532829327552,1
0.4666666666666667,94.39623543699717,1.79792624766122,276.5491361649177,1
0.48333333333333334,93.8529619092223,1.951174055269968,290.7082493022514,1
0.5,93.26811854723672,2.114049636025913,304.40980610269713,1
0.5166666666666667,92.64007698181993,2.2860567288944185,317.5382811800233,1
0.5333333333333333,91.967570208355,2.46635358133397,329.988249869317,1
0.55,91.24979710884286,2.65371138867388,341.6691653356149,1
0.5666666666666667,90.48652392777555,2.8464975292030323,352.5096752195952,1
0.5833333333333334,89.67817130601874,3.042695830835592,362.4610134415872,1
0.6,88.82587398602894,3.2399729861837234,371.4990359932913,1
0.6166666666666667,87.93150069124252,3.4357930766356817,379.6245942094938,1
0.6333333333333333,86.99762657925659,3.6275716660929938,386.8621298069797,1
0.65,86.02745562238687,3.812850415084119,393.2566412999954,1
0.6666666666666666,85.02469927672689,3.9894658823800633,398.8693971414724,1
0.6833333333333333,83.99342435471115,4.155685782624107,403.7729439814061,1
0.7,82.93788743919335,4.310292847306042,408.04601069351196,1
0.7166666666666667,81.86237375408123,4.452608285234941,411.7688431789884,1
0.7333333333333333,80.77105553620088,4.5824594517332695,415.0193514379449,1
0.75,79.66787933345744,4.700105805324179,417.87026213738415,1
0.7666666666666667,78.5564870664648,4.806141396489894,420.3872906899715,1
0.7833333333333333,77.44016900292107,4.901391445066927,422.62822297349175,1
0.8,76.32184478924681,4.986816415409064,424.6427205374498,1
0.8166666666666667,75.20406634104961,5.063431744896465,426.4726444996526,1
0.8333333333333334,74.08903619640822,5.132246513626056,428.15270788522594,1
0.85,72.97863555020638,5.1942207447015845,429.71130039397553,1
0.8666666666666667,71.87445727268477,5.250238944120687,431.17136990417083,1
0.8833333333333333,70.77784041928066,5.301096398135435,432.55128263934756,1
0.9,69.6899038567299,5.34749496204489,433.8656153112145,1
0.9166666666666666,68.61157753814625,5.390045183013877,435.12585551976275,1
0.9333333333333333,67.54363065601406,5.42927236235962,436.34100282744737,1
0.95,66.48669638584305,5.465624729243378,437.5180729443635,1
0.9666666666666667,65.44129332639955,5.49948244848975,438.66251304433814,1
0.9833333333333333,64.40784346058685,5.531166624267219,439.7785395153666,1
1.0,63.3866877638985,5.560947797601071,440.8694085315267,1
1.0166666666666666,62.3780989752712,5.589053655449285,441.93763163857847,1
1.0333333333333334,61.382292316288584,5.615675847016163,442.98514574906955,1
1.05,60.39943439735199,5.640975889281196,444.0134463672798,1
1.0666666666666667,59.42965060621975,5.6650902087343455,445.02369139715785,1
1.0833333333333333,58.4730312365932,5.688134397489168,446.0167816229048,1
1.1,57.5296365769661,5.7102067753241545,446.99342282626435,1
1.1166666666666667,56.59950114510105,5.731391351239586,447.95417353696104,1
1.1333333333333333,55.68263722237933,5.751760273521494,448.8994816017843,1
1.15,54.77903781526778,5.771375849237243,449.82971209088316,1
1.1666666666666667,53.888679148182256,5.790292204565061,450.74516851917576,1
1.1833333333333333,53.01152277279101,5.808556647621923,451.6461089274349,1
1.2,52.14751736287031,5.826210786203816,452.53275802341903,1
1.2166666666666666,51.29660025074618,5.843291444457079,453.40531631206085,1
1.2333333333333334,50.45869875069087,5.859831415106508,454.26396693110644,1
1.25,49.63373130599034,5.875860077493281,455.1088807428705,1
1.2666666666666666,48.82160848940694,5.89140390627176,455.94022010416194,1
1.2833333333333334,48.02223388112735,5.906486891082862,456.758141637013,1
1.3,47.23550484375338,5.921130883761422,457.5627982462496,1
1.3166666666666667,46.46131321025352,5.9353558865337375,458.3543405711005,1
1.3333333333333333,45.69954589786896,5.949180292121374,459.1329180129663,1
1.35,44.950085458620656,5.9626210845954235,459.8986794470244,1
1.3666666666666667,44.212810575176036,5.975694008140285,460.65177369906826,1
1.3833333333333333,43.48759650931558,5.98841370952217,461.39234984899764,1
1.4,42.774315509014315,6.0007938589538234,462.12055740718466,1
1.4166666666666667,42.072837179163066,6.012847253155507,462.83654639843365,1
1.4333333333333333,41.38302882015167,6.024585903694895,463.5404673795368,1
1.45,40.70475573788333,6.036021113108702,464.23247140984824,1
1.4666666666666666,40.037881528256094,6.047163540842675,464.91270998932873,1
1.4833333333333334,39.38226833871,6.058023260671305,465.5813349747816,1
1.5,38.73777710907847,6.068609810954807,466.23849848218333,1
1.5166666666666666,38.10426779368408,6.078932238846559,466.88435278090833,1
1.5333333333333334,37.48159956637044,6.08899913936696,467.51905018406694,1
1.55,36.86963100995457,6.098818690099642,468.14274293799815,1
1.5666666666666667,36.26822029140886,6.108398682135901,468.75558311307674,1
1.5833333333333333,35.67722532393397,6.117746547788536,469.35772249734566,1
1.6,35.096503916957765,6.126869385510123,469.9493124939965,1
1.6166666666666667,34.52591391498776,6.135773982380433,470.5305040233701,1
1.6333333333333333,33.96531332615115,6.144466834471348,471.10144742988246,1
1.65,33.41456044117619,6.152954165348253,471.6622923940944,1
1.6666666666666667,32.873513943498914,6.161241942931087,472.2131878500055,1
1.6833333333333333,32.342033011116605,6.169335894902541,472.75428190755355,1
1.7,31.819977410756948,6.177241522826889,473.28572178023273,1
1.7166666666666666,31.307207584882466,6.1849641151188095,473.8076537176962,1
1.7333333333333334,30.803584732008506,6.192508758983717,474.3202229431772,1
1.75,30.308970880774435,6.19988035143493,474.8235735955435,1
1.7666666666666666,29.82322895817401,6.207083609479363,475.3178486757874,1
1.7833333333333334,29.346222852320437,6.214123079553155,475.80318999774937,1
1.8,28.877817470093838,6.221003146277495,476.2797381428718,1
1.8166666666666667,28.41787878999402,6.227728040598018,476.7476324187826,1
1.8333333333333333,27.966273910498796,6.234301847362831,477.2070108215115,1
1.85,27.52287109420737,6.240728512389123,477.6580100011476,1
1.8666666666666667,27.08753980802945,6.247011849061864,478.1007652307543,1
1.8833333333333333,26.660150759663445,6.253155544505144,478.5354103783662,1
1.9,26.24057593059134,6.259163165359734,478.9620778818949,1
1.9166666666666667,25.828688605803205,6.265038163200938,479.3808987267859,1
1.9333333333333333,25.424363400450634,6.270783879623416,479.79200242626854,1
1.95,25.0274762836164,6.276403551020244,480.1955170040545,1
1.9666666666666666,24.6379045993757,6.281900313079215,480.59156897934497,1
1.9833333333333334,24.255527085313965,6.2872772050174905,480.9802833540107,1
2.0,23.880223888656218,6.292537173574404,481.36178360182305,1
2.0166666666666666,23.51187658015374,6.297683076779834,481.73619165961355,1
2.033333333333333,23.150368165865316,6.302717687514152,482.10362792024773,1
2.05,22.795583096962254,6.30764369687485,482.4642112273085,1
2.066666666666667,22.44740727767902,6.312463717362585,482.8180588713824,1
2.0833333333333335,22.105728071524204,6.317180285899767,483.16528658785484,1
2.1,21.77043430586025,6.3217958666926535,483.50600855612225,1
2.1166666666666667,21.441416274953976,6.326312853946982,483.84033740013064,1
2.1333333333333333,21.118565741594505,6.330733574447664,484.16838419016085,1
2.15,20.801775937369538,6.335060290010289,484.4902584457808,1
2.1666666666666665,20.49094156168615,6.339295199813287,484.8060681398903,1
2.183333333333333,20.18595877961728,6.343440442618008,485.1159197037856,1
2.2,19.886725218650824,6.347498098883605,485.4199180331814,1
2.216666666666667,19.593139964413922,6.351470192783448,485.71816649512067,1
2.2333333333333334,19.30510355544112,6.355358694128457,486.0107669357175,1
2.25,19.022517977051297,6.359165520203514,486.2978196886712,1
2.2666666666666666,18.74528665439482,6.362892537521486,486.57942358450026,1
2.283333333333333,18.47331444472897,6.366541563500229,486.85567596044353,1
2.3,18.20650762897657,6.370114368066252,487.12667267098027,1
2.316666666666667,17.944773902619833,6.373612675189847,487.39250809892155,1
2.3333333333333335,17.688022365978533,6.377038164355163,487.65327516703127,1
2.35,17.43616351391904,6.380392471968782,487.9090653501333,1
2.3666666666666667,17.189109225038216,6.383677192710277,488.15996868766644,1
2.3833333333333333,16.946772750363788,6.386893880827615,488.40607379664897,1
2.4,16.709068701610537,6.390044051380817,488.647467885018,1
2.4166666666666665,16.475913039029543,6.39312918143587,488.88423676531073,1
2.433333333333333,16.24722305888573,6.396150711212216,489.1164648686546,1
2.45,16.02291738059693,6.399110045185361,489.3442352590363,1
2.466666666666667,15.802915933565968,6.402008553147588,489.567629647823,1
2.4833333333333334,15.587139943735552,6.404847571228583,489.7867284085074,1
2.5,15.375511919893976,6.407628402877658,490.00161059165026,1
2.5166666666666666,15.167955639758288,6.41035231981,490.21235393999984,1
2.533333333333333,14.964396135859944,6.4130205629179455,490.4190349037609,1
2.55,14.764759681256647,6.415634343149715,490.6217286559959,1
2.566666666666667,14.568973775092694,6.418194842356635,490.8205091081356,1
2.5833333333333335,14.376967128028967,6.42070321411014,491.01544892558087,1
2.6,14.188669647562415,6.423160584490645,491.2066195433779,1
2.6166666666666667,14.004012423253771,6.425568052848758,491.39409118194885,1
2.6333333333333333,13.82292771188122,6.427926692540472,491.5779328628627,1
2.65,13.645348922536606,6.430237551637564,491.7582124246313,1
2.6666666666666665,13.471210601679866,6.432501638176668,491.9349965230783,1
2.683333333333333,13.300448418312923,6.43471997915574,492.10835070516345,1
2.7,13.132999148612662,6.4368935409076835,492.2783393453568,1
2.716666666666667,12.96880066123993,6.439023275557785,492.445025706532,1
2.7333333333333334,12.807791902320124,6.441110114261234,492.60847194845013,1
2.75,12.649912880483617,6.443154966903564,492.76873914257953,1
2.7666666666666666,12.495104651946834,6.445158722510419,492.92588728756806,1
2.783333333333333,12.343309305639282,6.447122249753209,493.0799753247566,1
2.8,12.194469948384928,6.449046397463248,493.23106115364044,1
2.816666666666667,12.048530690146348,6.450931995137824,493.37920164725483,1
2.8333333333333335,11.905436629339802,6.452779853433146,493.5244526674718,1
2.85,11.765133838228756,6.45459076464374,493.66686908020006,1
2.8666666666666667,11.627569348403028,6.456365503168077,493.80650477048215,1
2.8833333333333333,11.492691136350093,6.458104825960309,493.94341265748096,1
2.9,11.360448109124784,6.459809472968752,494.0776447093513,1
2.9166666666666665,11.230790090123017,6.461480167561684,494.20925195799066,1
2.933333333333333,11.103667804964834,6.463117616940563,494.33828451366526,1
2.95,10.979032867491624,6.464722512541269,494.46479157950614,1
2.966666666666667,10.856837765882018,6.4662955304238805,494.5888214658721,1
2.9833333333333334,10.737035848890569,6.467837331650835,494.7104216045757,1
3.0,10.619581312212953,6.469348562654891,494.8296385629686,1
3.0166666666666666,10.504429184981166,6.470829855596285,494.946518057885,1
3.033333333333333,10.39153531639185,6.472281828709856,495.0611049694368,1
3.05,10.28085636247053,6.47370508664249,495.1734433546634,1
3.066666666666667,10.172349772974384,6.47510022078106,495.28357646102864,1
3.0833333333333335,10.065973778435762,6.476467809571624,495.39154673976736,1
3.1,9.961687377348555,6.4778084188293645,495.49739585907696,1
3.1166666666666667,9.859450323499178,6.4791226020403085,495.6011647171544,1
3.1333333333333333,9.75922311344373,6.480410900654819,495.7028934550758,1
3.15,9.660966974132743,6.481673844373091,495.80262146951935,1
3.1666666666666665,9.564643850684636,6.482911951422973,495.9003874253298,1
3.183333333333333,9.470216394308864,6.4841257288303575,495.9962292679234,1
3.2,9.377647950379558,6.4853156726822965,496.09018423553346,1
3.216666666666667,9.2869025466603,6.486482268383261,496.18228887129703,1
3.2333333333333334,9.19794488168046,6.4876259909044665,496.2725790351797,1
3.25,9.110740313263435,6.488747305026802,496.36108991574264,1
3.2666666666666666,9.025254847206991,6.489846665577449,496.44785604174734,1
3.283333333333333,8.941455126115699,6.49092451765998,496.53291129360247,1
3.3,8.859308418385423,6.491981296879099,496.6162889146503,1
3.316666666666667,8.778782607339664,6.49301742955898,496.69802152229425,1
3.3333333333333335,8.699846180517408,6.494033332956432,496.7781411189682,1
3.35,8.622468219112132,6.495029415468258,496.85667910294745,1
3.3666666666666667,8.546618387561391,6.496006076833824,496.9336662790029,1
3.3833333333333333,8.472266923286453,6.496963708331985,497.0091328688995,1
3.4,8.399384626581234,6.497902692973236,497.08310852173736,1
3.4166666666666665,8.327942850649832,6.498823405687166,497.15562232414084,1
3.433333333333333,8.257913491791768,6.499726213505021,497.22670281029156,1
3.45,8.18926897973408,6.500611475737789,497.29637797181095,1
3.466666666666667,8.121982268109244,6.5014795441499125,497.36467526749095,1
3.4833333333333334,8.056026825077963,6.502330763128507,497.43162163287377,1
3.5,7.991376624095673,6.503165469848756,497.4972434896839,1
3.5166666666666666,7.928006134821684,6.503983994434763,497.5615667551119,1
3.533333333333333,7.865890314169745,6.504786660116901,497.62461685095224,1
3.55,7.805004597498815,6.50557378338505,497.6864187125955,1
3.566666666666667,7.745324889942799,6.506345674138137,497.7469967978782,1
3.5833333333333335,7.686827557877905,6.507102635830352,497.8063750957902,1
3.6,7.629489420526342,6.507844965613207,497.8645771350401,1
3.6166666666666667,7.573287741694955,6.508572954474847,497.92162599248394,1
3.6333333333333333,7.518200221647429,6.509286887375597,497.97754430141447,1
3.65,7.46420498910864,6.5099870433802645,498.0323542597142,1
3.6666666666666665,7.411280593399726,6.510673695787568,498.0860776378756,1
3.683333333333333,7.359405996702409,6.5113471122563125,498.1387357868864,1
3.7,7.3085605664511135,6.512007554928302,498.1903496459846,1
3.716666666666667,7.258724067851381,6.512655280548921,498.2409397502834,1
3.7333333333333334,7.209876656523082,6.513290540584397,498.29052623826743,1
3.75,7.161998871266927,6.513913581336418,498.33912885916277,1
3.7666666666666666,7.115071626952741,6.514524644054254,498.38676698018236,1
3.783333333333333,7.069076207527988,6.515123965043999,498.43345959364694,1
3.8,7.02399425914501,6.515711775775302,498.47922532398496,1
3.816666666666667,6.979807783405433,6.516288302985825,498.52408243461196,1
3.8333333333333335,6.936499130720219,6.51685376878301,498.5680488346919,1
3.85,6.894050993783815,6.517408390743688,498.6111420857806,1
3.8666666666666667,6.85244640116086,6.51795238201127,498.6533794083551,1
3.8833333333333333,6.811668710983901,6.518485951390703,498.69477768822765,1
3.9,6.771701604760614,6.519009303441268,498.7353534828496,1
3.9166666666666665,6.732529081288958,6.51952263856731,498.7751230275032,1
3.933333333333333,6.694135450678754,6.520026153106771,498.81410224138466,1
3.95,6.656505328478174,6.520520039417804,498.8523067335808,1
3.966666666666667,6.6196236299036055,6.521004485963358,498.8897518089395,1
3.9833333333333334,6.5834755641714,6.5214796773939305,498.92645247383484,1
4.0,6.548046628929991,6.521945794628191,498.9624234418315,1
4.016666666666667,6.513322604790894,6.522403014932099,498.9976791392471,1
4.033333333333333,6.479289549957122,6.522851511996125,499.03223371061466,1
4.05,6.4459337949475035,6.52329145601061,499.0661010240477,1
4.066666666666666,6.413241937415493,6.523723013739514,499.09929467650846,1
4.083333333333333,6.381200837060981,6.5241463485926685,499.1318279989818,1
4.1,6.349797610633688,6.524561620696032,499.1637140615542,1
4.116666666666666,6.3190196270267025,6.52496898696081,499.19496567840224,1
4.133333333333334,6.288854502458758,6.525368601150782,499.2255954126897,1
4.15,6.25929009574384,6.52576061394811,499.25561558137554,1
4.166666666666667,6.230314503646746,6.526145173017753,499.2850382599347,1
4.183333333333334,6.201916056323202,6.526522423070544,499.3138752869916,1
4.2,6.174083312843198,6.526892505924756,499.3421382688702,1
4.216666666666667,6.146805056796184,6.527255560566309,499.36983858405927,1
4.233333333333333,6.120070291976794,6.5276117232075945,499.3969873875962,1
4.25,6.093868238149785,6.527961127345245,499.42359561537006,1
4.266666666666667,6.068188326892877,6.528303903816352,499.44967398834507,1
4.283333333333333,6.043020197516227,6.528640180853738,499.47523301670617,1
4.3,6.018353693057236,6.528970084139602,499.50028300392705,1
4.316666666666666,5.994178856349458,6.529293736858418,499.52483405076396,1
4.333333333333333,5.970485926164345,6.529611259748545,499.54889605917447,1
4.35,5.947265333424624,6.52992277115257,499.5724787361634,1
4.366666666666666,5.924507697488073,6.53022838706663,499.5955915975571,1
4.383333333333334,5.9022038225005105,6.530528221188904,499.61824397170733,1
4.4,5.880344693816815,6.530822384966604,499.6404450031254,1
4.416666666666667,5.858921474488816,6.53111098764236,499.6622036560492,1
4.433333333333334,5.837925501818898,6.531394136299302,499.6835287179423,1
4.45,5.817348283978184,6.531671935905473,499.70442880292785,1
4.466666666666667,5.797181496688187,6.531944489356982,499.72491235515776,1
4.483333333333333,5.777416979964814,6.5322118975204,499.7449876521185,1
4.5,5.758046734923661,6.532474259274185,499.76466280787446,1
4.516666666666667,5.739062920645488,6.532731671549315,499.78394577625016,1
4.533333333333333,5.720457851100852,6.532984229368963,499.80284435395225,1
4.55,5.7022239921328355,6.533232025887247,499.8213661836318,1
4.566666666666666,5.6843539584968585,6.533475152427365,499.8395187568901,1
4.583333333333333,5.666840510956556,6.53371369851874,499.8573094172255,1
4.6,5.649676553434712,6.533947751933441,499.8747453629257,1
4.616666666666666,5.6328551302182985,6.534177398721903,499.8918336499045,1
4.633333333333334,5.616369423216635,6.534402723247588,499.9085811944841,1
4.65,5.600212749271707,6.534623808221445,499.9249947761255,1
4.666666666666667,5.584378557519727,6.534840734735104,499.9410810401054,1
4.683333333333334,5.568860426803013,6.5350535822935925,499.9568465001433,1
4.7,5.553652063131259,6.535262428847584,499.97229754097737,1
4.716666666666667,5.538747297191323,6.535467350824478,499.98744042089146,1
4.733333333333333,5.524140081904647,6.535668423159245,500.0022812741934,1
4.75,5.509824490031435,6.535865719324429,500.01682611364697,1
4.766666666666667,5.495794711820753,6.536059311359556,500.03108083285474,1
4.783333333333333,5.482045052705702,6.536249269899977,500.0450512085981,1
4.8,5.468569931042836,6.536435664205031,500.0587429031296,1
4.816666666666666,5.455363875895032,6.536618562185637,500.07216146642355,1
4.833333333333333,5.442421524856991,6.536798030431406,500.0853123383811,1
4.85,5.429737621922604,6.536974134236917,500.0982008509943,1
4.866666666666666,5.417307015393404,6.537146937627857,500.1108322304686,1
4.883333333333334,5.405124655827344,6.5373165033862035,500.1232115993025,1
4.9,5.393185594027158,6.537482893075286,500.13534397832916,1
4.916666666666667,5.381484979067565,6.537646167063895,500.1472342887174,1
4.933333333333334,5.370018063298564,6.5378063845501595,500.1588873278996,1
4.95,5.358780179362159,6.537963602831185,500.1703078548333,1
4.966666666666667,5.347766759698214,6.53811787962312,500.18150050248147,1
4.983333333333333,5.336973327499942,6.538269270841958,500.19246981153196,1
5.0,5.32639549492636,6.5384178312282035,500.2032202326795,1
5.016666666666667,5.316028961348101,6.5385636144479,500.21375612839114,1
5.033333333333333,5.305869511627057,6.538706673128766,500.2240817746013,1
5.05,5.295913014429367,6.538847058884087,500.23420136237786,1
5.066666666666666,5.28615542057119,6.538984822333459,500.2441189995673,1
5.083333333333333,5.276592761396646,6.539120013122322,500.25383871241513,1
5.1,5.2672211471873265,6.539252679940681,500.2633644471607,1
5.116666666666666,5.258036765602782,6.5393828705417345,500.272700071606,1
5.133333333333334,5.249035880151388,6.539510631759853,500.2818493766571,1
5.15,5.240214828691044,6.539636009528568,500.29081607783775,1
5.166666666666667,5.231570021959084,6.53975904889802,500.2996038167753,1
5.183333333333334,5.223097942130915,6.539879794052165,500.30821616265865,1
5.2,5.214795141406767,6.539998288325782,500.3166566136693,1
5.216666666666667,5.2066582406260755,6.54011457422099,500.3249285983844,1
5.233333333333333,5.198683927908934,6.540228693423534,500.3330354771529,1
5.25,5.190868957324119,6.540340686818983,500.3409805434454,1
5.266666666666667,5.183210147583176,6.540450594508123,500.3487670251782,1
5.283333333333333,5.175704380760061,6.540558455822509,500.3563980860101,1
5.3,5.168348601035867,6.540664309339504,500.3638768266161,1
5.316666666666666,5.1611398134681306,6.540768192897123,500.37120628593425,1
5.333333333333333,5.154075082784275,6.540870143608298,500.37838944238956,1
5.35,5.147151532198705,6.540970197875338,500.3854292150924,1
5.366666666666666,5.14036634225311,6.541068391403694,500.3923284650158,1
5.383333333333334,5.133716749679537,6.541164759215606,500.3990899961466,1
5.4,5.127200046285772,6.541259335663427,500.4057165566167,1
5.416666666666667,5.12081357786263,6.541352154442887,500.4122108398107,1
5.433333333333334,5.1145547431127065,6.541443248605613,500.41857548545187,1
5.45,5.1084209926002,6.541532650572056,500.4248130806673,1
5.466666666666667,5.102409827721374,6.541620392143472,500.4309261610314,1
5.483333333333333,5.096518799695292,6.54170650451431,500.4369172115897,1
5.5,5.090745508574394,6.541791018283681,500.44278866786175,1
5.516666666666667,5.08508760227457,6.541873963467405,500.44854291682486,1
5.533333333333333,5.079542775624326,6.541955369508911,500.45418229787754,1
5.55,5.074108769432692,6.542035265290595,500.45970910378503,1
5.566666666666666,5.068783369575492,6.542113679144865,500.4651255816057,1
5.583333333333333,5.06356440609963,6.542190638864545,500.4704339335997,1
5.6,5.058449752345048,6.542266171713551,500.4756363181178,1
5.616666666666666,5.053437324083994,6.542340304437013,500.48073485047576,1
5.633333333333334,5.048525078677286,6.542413063271548,500.4857316038087,1
5.65,5.043711014247227,6.542484473954961,500.49062860991035,1
5.666666666666667,5.038993168866847,6.5425545617359315,500.4954278600542,1
5.683333333333334,5.0343696197651715,6.5426233513834315,500.50013130580004,1
5.7,5.029838482548182,6.542690867196297,500.504740859784,1
5.716666666666667,5.025397910435166,6.542757133011963,500.50925839649176,1
5.733333333333333,5.021046093510185,6.542822172215568,500.5136857530185,1
5.75,5.01678125798832,6.54288600774875,500.5180247298122,1
5.766666666666667,5.012601665496451,6.542948662118133,500.5222770914035,1
5.783333333333333,5.008505612368241,6.5430101574036135,500.5264445671196,1
5.8,5.004491428953105,6.5430705152668995,500.53052885178573,1
5.816666666666666,5.0005574789388225,6.543129756959299,500.53453160641124,1
5.833333333333333,4.996702158687584,6.543187903329789,500.53845445886367,1
5.85,4.99292389658518,6.543244974832726,500.5422990045274,1
5.866666666666666,4.989221152403083,6.543300991535391,500.54606680695133,1
5.883333333333334,4.98559241667316,6.5433559731255695,500.5497593984829,1
5.9,4.982036210074793,6.543409938918739,500.5533782808884,1
5.916666666666667,4.978551082834128,6.543462907865315,500.5569249259636,1
5.933333333333334,4.9751356141352545,6.543514898557561,500.5604007761294,1
5.95,4.971788411543045,6.5435659292366655,500.5638072450177,1
5.966666666666667,4.968508110437449,6.543616017799267,500.56714571804486,1
5.983333333333333,4.965293373459017,6.543665181804241,500.57041755297405,1
6.0,4.962142889965405,6.543713438478945,500.5736240804654,1
6.016666666666667,4.959055375498696,6.543760804726065,500.5767666046176,1
6.033333333333333,4.956029571263262,6.543807297129256,500.5798464034958,1
6.05,4.953064243614019,6.54385293195956,500.58286472965153,1
6.066666666666666,4.950158183554833,6.543897725181542,500.5858228106305,1
6.083333333333333,4.9473102062468834,6.543941692458752,500.58872184947154,1
6.1,4.9445191505268005,6.54398484915987,500.59156302519534,1
6.116666666666666,4.941783878434375,6.544027210364086,500.59434749328244,1
6.133333333333334,4.939103274749648,6.54406879086692,500.59707638614384,1
6.15,4.936476246539202,6.5441096051852945,500.59975081357965,1
6.166666666666667,4.933901722711485,6.544149667563062,500.6023718632311,1
6.183333333333334,4.931378653580944,6.544188991976295,500.6049406010219,1
6.2,4.928906010440855,6.5442275921382,500.60745807159157,1
6.216666666666667,4.926482785144638,6.54426548150431,500.6099252987196,1
6.233333333333333,4.924107989695493,6.544302673277375,500.612343285742,1
6.25,4.921780655844201,6.5443391804119555,500.61471301595907,1
6.266666666666667,4.919499834694948,6.5443750156195115,500.6170354530348,1
6.283333333333333,4.91726459631895,6.544410191372775,500.6193115413887,1
6.3,4.915074029375812,6.544444719910382,500.6215422065797,1
6.316666666666666,4.912927240742393,6.54447861324142,500.62372835568294,1
6.333333333333333,4.910823355149073,6.544511883149596,500.62587087765786,1
6.35,4.908761514823257,6.544544541197681,500.62797064371034,1
6.366666666666666,4.906740879139978,6.544576598731754,500.6300285076464,1
6.383333333333334,4.904760624279459,6.544608066885093,500.63204530621965,1
6.4,4.902819942891492,6.54463895658247,500.63402185947217,1
6.416666666666667,4.900918043766508,6.544669278544029,500.63595897106705,1
6.433333333333334,4.8990541515131865,6.544699043289078,500.6378574286163,1
6.45,4.8972275062425075,6.544728261139965,500.6397180040001,1
6.466666666666667,4.895437363258086,6.544756942225966,500.6415414536821,1
6.483333333333333,4.893682992752672,6.54478509648665,500.64332851901617,1
6.5,4.891963679510719,6.544812733675708,500.6450799265486,1
6.516666666666667,4.890278722616859,6.544839863364427,500.6467963883132,1
6.533333333333333,4.8886274351702035,6.544866494945092,500.6484786021216,1
6.55,4.887009144004331,6.5448926376344545,500.65012725184675,1
6.566666666666666,4.885423189412869,6.5449183004769855,500.65174300770155,1
6.583333333333333,4.883868924880531,6.544943492348155,500.6533265265114,1
6.6,4.882345716819532,6.544968221957712,500.6548784519815,1
6.616666666666666,4.88085294431125,6.5449924978526575,500.65639941495886,1
6.633333333333334,4.879389998853049,6.545016328420556,500.6578900336892,1
6.65,4.877956284110149,6.545039721892231,500.65935091406845,1
6.666666666666667,4.876551215672439,6.545062686345045,500.6607826498891,1
6.683333333333334,4.8751742208161515,6.54508522970565,500.66218582308267,1
6.7,4.873824738270287,6.5451073597527545,500.6635610039556,1
6.716666666666667,4.872502217987698,6.545129084120105,500.66490875142233,1
6.733333333333333,4.871206120920749,6.545150410299174,500.66622961323225,1
6.75,4.869935918801439,6.545171345641607,500.667524126193,1
6.766666666666667,4.868691093925928,6.5451918973622405,500.66879281638865,1
6.783333333333333,4.867471138943351,6.5452120725414344,500.6700361993944,1
6.8,4.866275556648864,6.545231878127625,500.67125478048615,1
6.816666666666666,4.8651038597807945,6.545251320939894,500.67244905484586,1
6.833333333333333,4.863955570821872,6.545270407670396,500.6736195077641,1
6.85,4.862830221804407,6.545289144886643,500.674766614837,1
6.866666666666666,4.861727354119364,6.545307539034052,500.67589084216,1
6.883333333333334,4.860646518329259,6.545325596437961,500.67699264651765,1
6.9,4.859587273984765,6.545343323306151,500.6780724755695,1
6.916666666666667,4.858549189445014,6.545360725730957,500.67913076803285,1
6.933333333333334,4.857531841701465,6.545377809691397,500.68016795386075,1
6.95,4.856534816205293,6.54539458105534,500.68118445441746,1
6.966666666666667,4.855557706698235,6.5454110455816545,500.68218068265026,1
6.983333333333333,4.85460011504681,6.545427208922166,500.68315704325704,1
7.0,4.853661651079838,6.54544307662367,500.6841139328513,1
7.016666666666667,4.852741932429232,6.545458654130001,500.6850517401242,1
7.033333333333333,4.851840584373942,6.545473946783899,500.6859708460022,1
7.05,4.8509572396870375,6.545488959828826,500.68687162380223,1
7.066666666666666,4.850091538485832,6.545503698410999,500.6877544393841,1
7.083333333333333,4.849243128085015,6.545518167581154,500.6886196512992,1
7.1,4.848411662852706,6.545532372296233,500.6894676109367,1
7.116666666666666,4.847596804069387,6.545546317421178,500.69029866266646,1
7.133333333333334,4.846798219789669,6.545560007730925,500.69111314397986,1
7.15,4.846015584706797,6.545573447911635,500.6919113856261,1
7.166666666666667,4.8452485800198835,6.5455866425626885,500.69269371174795,1
7.183333333333334,4.844496893303785,6.54559959619821,500.69346044001327,1
7.2,4.843760218381581,6.545612313248668,500.6942118817446,1
7.216666666666667,4.843038255199603,6.545624798062372,500.69494834204596,1
7.233333333333333,4.842330709704963,6.545637054907172,500.6956701199269,1
7.25,4.841637293725526,6.545649087971828,500.69637750842423,1
7.266666666666667,4.840957724852285,6.545660901367567,500.69707079472204,1
7.283333333333333,4.840291726324087,6.545672499129388,500.6977502602675,1
7.3,4.8396390269146625,6.545683885217755,500.69841618088674,1
7.316666666666666,4.838999360821911,6.545695063519682,500.6990688268959,1
7.333333333333333,4.8383724675594175,6.545706037850348,500.6997084632126,1
7.35,4.837758091850103,6.545716811954332,500.7003353494625,1
7.366666666666666,4.837155983522033,6.545727389506965,500.70094974008606,1
7.383333333333334,4.836565897406303,6.545737774115518,500.70155188444176,1
7.4,4.8359875932369505,6.5457479693206695,500.70214202690744,1
7.416666666666667,4.835420835552889,6.545757978597597,500.70272040698006,1
7.433333333333334,4.834865393601786,6.545767805357211,500.7032872593735,1
7.45,4.834321041245871,6.54577745294751,500.7038428141135,1
7.466666666666667,4.833787556869633,6.5457869246543785,500.7043872966318,1
7.483333333333333,4.833264723289349,6.545796223703273,500.704920927858,1
7.5,4.832752327664436,6.545805353259871,500.7054439243093,1
7.516666666666667,4.8322501614105695,6.5458143164314615,500.7059564981783,1
7.533333333333333,4.8317580201145365,6.5458231162679965,500.7064588574204,1
7.55,4.831275703450796,6.5458317557630945,500.70695120583775,1
7.566666666666666,4.830803015099714,6.545840237855039,500.7074337431623,1
7.583333333333333,4.8303397626674185,6.545848565428058,500.70790666513767,1
7.6,4.82988575760727,6.545856741313006,500.7083701635977,1
7.616666666666666,4.8294408151429025,6.545864768288524,500.70882442654585,1
7.633333333333334,4.8290047541927965,6.545872649082038,500.70926963823104,1
7.65,4.828577397296364,6.545880386370728,500.7097059792228,1
7.666666666666667,4.828158570541517,6.545887982782235,500.710133626485,1
7.683333333333334,4.82774810349368,6.545895440895971,500.7105527534475,1
7.7,4.8273458291262195,6.545902763243603,500.7109635300768,1
7.716666666666667,4.826951583752272,6.545909952310308,500.7113661229464,1
7.733333333333333,4.826565206957932,6.54591701053529,500.71176069530253,1
7.75,4.826186541536778,6.54592394031297,500.71214740713197,1
7.766666666666667,4.825815433425706,6.545930743993578,500.71252641522756,1
7.783333333333333,4.825451731642053,6.545937423884048,500.71289787325077,1
7.8,4.825095288221966,6.545943982248851,500.71326193179533,1
7.816666666666666,4.82474595816002,6.545950421310758,500.7136187384478,1
7.833333333333333,4.824403599350027,6.545956743251645,500.71396843784834,1
7.85,4.824068072527044,6.545962950213168,500.7143111717487,1
7.866666666666666,4.823739241210537,6.545969044297536,500.71464707907074,1
7.883333333333334,4.823416971648673,6.545975027568403,500.71497629596297,1
7.9,4.823101132763739,6.5459809020513875,500.7152989558552,1
7.916666666666667,4.822791596098647,6.545986669734776,500.71561518951347,1
7.933333333333334,4.822488235764513,6.545992316879158,500.7159251094021,1
7.95,4.82219092844663,6.545997873020491,500.7162288685053,1
7.966666666666667,4.821899553206464,6.5460033303481096,500.7165265804009,1
7.983333333333333,4.821613991544874,6.546008689185345,500.7168183642485,1
8.0,4.821334127337063,6.546013950967521,500.7171043379123,1
8.016666666666667,4.821059846781738,6.546019117332857,500.717384617121,1
8.033333333333333,4.8207910383535975,6.546024189959486,500.7176593153584,1
8.05,4.820527592757383,6.546029170522906,500.7179285438692,1
8.066666666666666,4.820269402883068,6.546034060681709,500.7181924116904,1
8.083333333333334,4.820016363762033,6.546038862071439,500.71845102568966,1
8.1,4.819768372524158,6.54604357630217,500.7187044906063,1
8.116666666666667,4.81952532835581,6.546048204957109,500.7189529090915,1
8.133333333333333,4.819287132458668,6.546052749592429,500.7191963817499,1
8.15,4.819053688009403,6.546057211736948,500.7194350071795,1
8.166666666666666,4.818824900120144,6.546061592892375,500.71966888201126,1
8.183333333333334,4.818600675799767,6.546065894533495,500.7198981009484,1
8.2,4.818380923915936,6.546070118108619,500.7201227568045,1
8.216666666666667,4.818165555157921,6.546074265039814,500.72034294054146,1
8.233333333333333,4.8179544820001565,6.546078336723385,500.7205587413059,1
8.25,4.817747618666534,6.5460823345302535,500.7207702464657,1
8.266666666666667,4.817544881095398,6.5460862598063665,500.7209775416449,1
8.283333333333333,4.817346186905261,6.546090113873221,500.7211807107599,1
8.3,4.817151455361187,6.54609389802816,500.7213798360516,1
8.316666666666666,4.816960607341861,6.546097613544797,500.72157499812033,1
8.333333333333334,4.816773565307314,6.546101261673545,500.7217662759581,1
8.35,4.816590253267289,6.546104843641975,500.72195374698026,1
8.366666666666667,4.816410596750248,6.54610836065518,500.72213748705775,1
8.383333333333333,4.816234522772992,6.546111813896236,500.72231757054766,1
8.4,4.816061959810897,6.546115204526647,500.7224940703231,1
8.416666666666666,4.815892837768739,6.54611853368656,500.72266705780333,1
8.433333333333334,4.815727087952103,6.546121802495387,500.72283660298257,1
8.45,4.815564643039373,6.54612501205201,500.72300277445845,1
8.466666666666667,4.815405437054268,6.546128163435194,500.72316563946,1
8.483333333333333,4.815249405338939,6.546131257703999,500.72332526387453,1
8.5,4.815096484527603,6.546134295898111,500.7234817122753,1
8.516666666666667,4.8149466125207026,6.546137279038233,500.72363504794714,1
8.533333333333333,4.814799728459574,6.546140208126369,500.7237853329121,1
8.55,4.814655772701646,6.54614308414618,500.72393262795487,1
8.566666666666666,4.8145146867961035,6.5461459080633215,500.7240769926478,1
8.583333333333334,4.814376413460066,6.546148680825897,500.7242184853744,1
8.6,4.8142408965552255,6.546151403364551,500.72435716335383,1
8.616666666666667,4.814108081064959,6.546154076592979,500.72449308266386,1
8.633333333333333,4.813977913071899,6.546156701408145,500.724626298263,1
8.65,4.8138503397359464,6.546159278690701,500.72475686401407,1
8.666666666666666,4.813725309272734,6.546161809305041,500.7248848327053,1
8.683333333333334,4.813602770932511,6.546164294099902,500.72501025607164,1
8.7,4.813482674979457,6.546166733908434,500.7251331848167,1
8.716666666666667,4.813364972671405,6.546169129548617,500.7252536686323,1
8.733333333333333,4.813249616239973,6.546171481823409,500.72537175621903,1
8.75,4.813136558871092,6.546173791521199,500.72548749530665,1
8.766666666666667,4.813025754685925,6.546176059415857,500.7256009326726,1
8.783333333333333,4.812917158722166,6.546178286267227,500.7257121141614,1
8.8,4.8128107269157105,6.546180472821202,500.7258210847031,1
8.816666666666666,4.812706416082705,6.546182619810053,500.725927888332,1
8.833333333333334,4.812604183901937,6.546184727952766,500.72603256820423,1
8.85,4.8125039888975945,6.546186797955066,500.726135166615,1
8.866666666666667,4.812405790422357,6.546188830509901,500.7262357250163,1
8.883333333333333,4.812309548640837,6.546190826297477,500.7263342840332,1
8.9,4.8122152245133405,6.5461927859857205,500.726430883481,1
8.916666666666666,4.812122779779965,6.546194710230172,500.72652556238097,1
8.933333333333334,4.812032176945004,6.546196599674628,500.7266183589761,1
8.95,4.811943379261671,6.546198454950954,500.72670931074714,1
8.966666666666667,4.811856350717129,6.546200276679577,500.7267984544271,1
8.983333333333333,4.81177105601781,6.546202065469606,500.7268858260169,1
9.0,4.811687460575047,6.546203821918974,500.72697146079935,1
9.016666666666667,4.81160553049097,6.546205546614779,500.72705539335436,1
9.033333333333333,4.811525232544708,6.546207240133414,500.7271376575718,1
9.05,4.811446534178846,6.546208903040696,500.72721828666624,1
9.066666666666666,4.8113694034861645,6.546210535892185,500.72729731319,1
9.083333333333334,4.811293809196645,6.546212139233246,500.72737476904615,1
9.1,4.811219720664729,6.546213713599375,500.72745068550216,1
9.116666666666667,4.81114710785684,6.546215259516214,500.7275250932022,1
9.133333333333333,4.811075941339145,6.546216777499933,500.7275980221788,1
9.15,4.811006192265569,6.546218268057276,500.72766950186696,1
9.166666666666666,4.8109378323660446,6.546219731685669,500.72773956111416,1
9.183333333333334,4.810870833935005,6.546221168873497,500.72780822819306,1
9.2,4.8108051698200915,6.546222580100364,500.72787553081287,1
9.216666666666667,4.810740813411103,6.546223965836943,500.7279414961304,1
9.233333333333333,4.810677738629156,6.546225326545496,500.7280061507612,1
9.25,4.81061591991607,6.546226662679795,500.7280695207904,1
9.266666666666667,4.810555332223953,6.546227974685339,500.7281316317832,1
9.283333333333333,4.810495951005009,6.546229262999552,500.7281925087952,1
9.3,4.810437752201542,6.546230528051885,500.7282521763826,1
9.316666666666666,4.8103807122361575,6.546231770263885,500.72831065861266,1
9.333333333333334,4.810324808002167,6.546232990049565,500.72836797907263,1
9.35,4.810270016854181,6.546234187815376,500.72842416087957,1
9.366666666666667,4.81021631659889,6.546235363960216,500.7284792266904,1
9.383333333333333,4.810163685486025,6.546236518875897,500.7285331987099,1
9.4,4.810112102199512,6.546237652947048,500.7285860987011,1
9.416666666666666,4.810061545848791,6.546238766551233,500.7286379479927,1
9.433333333333334,4.810011995960314,6.546239860059209,500.7286887674889,1
9.45,4.809963432469206,6.546240933835066,500.7287385776772,1
9.466666666666667,4.809915835711109,6.546241988236112,500.728787398637,1
9.483333333333333,4.809869186414172,6.546243023613235,500.7288352500476,1
9.5,4.809823465691209,6.546244040310941,500.72888215119593,1
9.516666666666667,4.809778655032015,6.546245038667449,500.728928120985,1
9.533333333333333,4.809734736295829,6.546246019014897,500.7289731779414,1
9.55,4.809691691703959,6.546246981679293,500.72901734022213,1
9.566666666666666,4.809649503832541,6.546247926980754,500.7290606256228,1
9.583333333333334,4.809608155605456,6.546248855233519,500.7291030515847,1
9.6,4.809567630287374,6.546249766746275,500.7291446352009,1
9.616666666666667,4.809527911476954,6.546250661821931,500.72918539322507,1
9.633333333333333,4.809488983100164,6.546251540758013,500.72922534207663,1
9.65,4.809450829403748,6.546252403846488,500.7292644978476,1
9.666666666666666,4.809413434948816,6.546253251374228,500.72930287631,1
9.683333333333334,4.809376784604557,6.546254083622707,500.7293404929216,1
9.7,4.8093408635420944,6.546254900868324,500.72937736283205,1
9.716666666666667,4.809305657228448,6.5462557033825455,500.7294135008896,1
9.733333333333333,4.809271151420624,6.5462564914318415,500.7294489216466,1
9.75,4.809237332159825,6.5462572652778395,500.72948363936587,1
9.766666666666667,4.809204185765771,6.546258025177378,500.72951766802566,1
9.783333333333333,4.809171698831131,6.546258771382783,500.7295510213263,1
9.8,4.809139858216081,6.546259504141641,500.72958371269505,1
9.816666666666666,4.809108651042951,6.546260223697086,500.72961575529206,1
9.833333333333334,4.809078064690998,6.546260930287807,500.72964716201506,1
9.85,4.809048086791261,6.546261624148315,500.7296779455053,1
9.866666666666667,4.809018705221548,6.546262305508657,500.7297081181522,1
9.883333333333333,4.808989908101495,6.546262974594822,500.7297376920985,1
9.9,4.80896168378774,6.546263631628678,500.7297666792451,1
9.916666666666666,4.808934020869194,6.546264276828076,500.72979509125594,1
9.933333333333334,4.8089069081623945,6.546264910406878,500.7298229395628,1
9.95,4.808880334706963,6.546265532575078,500.72985023537007,1
9.966666666666667,4.80885428976115,6.546266143538897,500.72987698965886,1
9.983333333333333,4.808828762797471,6.5462667435007855,500.7299032131917,1
10.0,4.80880374349842,6.5462673326595455,500.729928916517,1
10.016666666666667,4.808779221752287,6.546267911210279,500.7299541099729,1
10.033333333333333,4.808755187649041,6.546268479344662,500.72997880369195,1
10.05,4.8087316314763004,6.546269037250892,500.73000300760515,1
10.066666666666666,4.808708543715395,6.5462695851136665,500.7300267314455,1
10.083333333333334,4.808685915037492,6.546270123114381,500.73004998475255,1
10.1,4.808663736299805,6.546270651431192,500.730072776876,1
10.116666666666667,4.8086419985418845,6.546271170238924,500.7300951169791,1
10.133333333333333,4.808620692981969,6.546271679709352,500.7301170140431,1
10.15,4.808599811013423,6.546272180011025,500.7301384768704,1
10.166666666666666,4.80857934420124,6.546272671309451,500.73015951408826,1
10.183333333333334,4.808559284278613,6.54627315376724,500.73018013415225,1
10.2,4.808539623143583,6.546273627543956,500.73020034534943,1
10.216666666666667,4.808520352855735,6.546274092796347,500.7302201558024,1
10.233333333333333,4.80850146563299,6.546274549678231,500.73023957347164,1
10.25,4.808482953848427,6.546274998340674,500.7302586061596,1
10.266666666666667,4.808464810027197,6.546275438932066,500.73027726151355,1
10.283333333333333,4.808447026843484,6.54627587159801,500.7302955470281,1
10.3,4.80842959711753,6.546276296481571,500.7303134700493,1
10.316666666666666,4.8084125138127165,6.546276713723142,500.7303310377765,1
10.333333333333334,4.80839577003271,6.546277123460623,500.7303482572665,1
10.35,4.808379359018662,6.54627752582938,500.73036513543525,1
10.366666666666667,4.808363274146466,6.5462779209623525,500.73038167906105,1
10.383333333333333,4.808347508924062,6.546278308990055,500.7303978947876,1
10.4,4.808332056988808,6.546278690040679,500.7304137891263,1
10.416666666666666,4.808316912104891,6.546279064240058,500.7304293684591,1
10.433333333333334,4.808302068160799,6.546279431711757,500.73044463904125,1
10.45,4.80828751916684,6.546279792577132,500.7304596070029,1
10.466666666666667,4.808273259252711,6.546280146955235,500.7304742783527,1
10.483333333333333,4.8082592826651105,6.546280494963159,500.73048865898005,1
10.5,4.808245583765413,6.546280836715646,500.7305027546568,1
10.516666666666667,4.808232157027369,6.54628117232559,500.7305165710402,1
10.533333333333333,4.8082189970348725,6.546281501903642,500.7305301136747,1
10.55,4.808206098479756,6.546281825558568,500.73054338799506,1
10.566666666666666,4.808193456159641,6.546282143397145,500.7305563993274,1
10.583333333333334,4.808181064975821,6.546282455524254,500.73056915289214,1
10.6,4.808168919931203,6.546282762042751,500.7305816538059,1
10.616666666666667,4.808157016128269,6.546283063053769,500.73059390708374,1
10.633333333333333,4.808145348767095,6.546283358656556,500.7306059176406,1
10.65,4.808133913143403,6.546283648948578,500.73061769029414,1
10.666666666666666,4.808122704646652,6.54628393402551,500.73062922976584,1
10.683333333333334,4.808111718758169,6.54628421398136,500.7306405406835,1
10.7,4.808100951049313,6.546284488908337,500.7306516275829,1
10.716666666666667,4.808090397179679,6.546284758897101,500.7306624949097,1
10.733333333333333,4.8080800528953445,6.546285024036561,500.73067314702104,1
10.75,4.808069914027135,6.546285284414108,500.7306835881875,1
10.766666666666667,4.808059976488938,6.546285540115508,500.73069382259496,1
10.783333333333333,4.808050236276045,6.546285791224929,500.7307038543456,1
10.8,4.80804068946353,6.546286037825145,500.7307136874606,1
10.816666666666666,4.808031332204653,6.546286279997377,500.7307233258811,1
10.833333333333334,4.808022160729304,6.5462865178212475,500.73073277346936,1
10.85,4.808013171342474,6.546286751375162,500.7307420340117,1
10.866666666666667,4.808004360422754,6.546286980736014,500.7307511112187,1
10.883333333333333,4.8079957244208735,6.546287205979249,500.7307600087272,1
10.9,4.807987259858255,6.546287427179013,500.73076873010194,1
10.916666666666666,4.8079789633256045,6.5462876444081095,500.7307772788366,1
10.933333333333334,4.8079708314815335,6.546287857738017,500.7307856583557,1
10.95,4.807962861051207,6.5462880672388675,500.73079387201545,1
10.966666666666667,4.807955048825005,6.546288272979671,500.7308019231056,1
10.983333333333333,4.8079473916572315,6.546288475028028,500.7308098148503,1
11.0,4.807939886464839,6.54628867345041,500.7308175504097,1
11.016666666666667,4.807932530226174,6.546288868312126,500.7308251328816,1
11.033333333333333,4.807925319979756,6.546289059677189,500.7308325653015,1
11.05,4.807918252823081,6.54628924760851,500.73083985064494,1
11.066666666666666,4.807911325911435,6.546289432167939,500.7308469918287,1
11.083333333333334,4.807904536456757,6.546289613416088,500.7308539917108,1
11.1,4.807897881726492,6.546289791412548,500.73086085309336,1
11.116666666666667,4.8078913590424985,6.54628996621578,500.7308675787223,1
11.133333333333333,4.807884965779957,6.546290137883268,500.73087417128903,1
11.15,4.807878699366306,6.546290306471448,500.730880633432,1
11.166666666666666,4.807872557280202,6.546290472035638,500.73088696773635,1
11.183333333333334,4.807866537050502,6.54629063463025,500.7308931767366,1
11.2,4.807860636255252,6.546290794308721,500.7308992629168,1
11.216666666666667,4.807854852520721,6.546290951123447,500.7309052287113,1
11.233333333333333,4.807849183520426,6.546291105125958,500.7309110765067,1
11.25,4.807843626974197,6.546291256366854,500.73091680864155,1
11.266666666666667,4.807838180647254,6.546291404895704,500.7309224274086,1
11.283333333333333,4.807832842349301,6.5462915507613095,500.73092793505447,1
11.3,4.807827609933638,6.546291694011558,500.7309333337818,1
11.316666666666666,4.807822481296293,6.546291834693458,500.73093862574893,1
11.333333333333334,4.807817454375172,6.546291972853222,500.73094381307146,1
11.35,4.807812527149217,6.546292108536107,500.7309488978232,1
11.366666666666667,4.807807697637603,6.546292241786716,500.73095388203683,1
11.383333333333333,4.807802963898918,6.546292372648717,500.73095876770424,1
11.4,4.80779832403039,6.546292501165065,500.73096355677814,1
11.416666666666666,4.807793776167117,6.5462926273778805,500.7309682511725,1
11.433333333333334,4.807789318481299,6.546292751328602,500.73097285276293,1
11.45,4.807784949181515,6.54629287305782,500.7309773633882,1
11.466666666666667,4.8077806665119915,6.546292992605493,500.73098178485054,1
11.483333333333333,4.807776468751888,6.546293110010843,500.73098611891606,1
11.5,4.807772354214604,6.5462932253123105,500.7309903673163,1
11.516666666666667,4.8077683212471,6.546293338547725,500.73099453174797,1
11.533333333333333,4.8077643682292255,6.546293449754181,500.73099861387436,1
11.55,4.8077604935730625,6.546293558968135,500.7310026153258,1
11.566666666666666,4.8077566957222855,6.546293666225399,500.7310065377002,1
11.583333333333334,4.80775297315153,6.546293771561078,500.7310103825634,1
11.6,4.80774932436578,6.546293875009724,500.73101415145095,1
11.616666666666667,4.807745747899757,6.546293976605165,500.73101784586703,1
11.633333333333333,4.807742242317334,6.5462940763807795,500.7310214672869,1
11.65,4.807738806210947,6.54629417436917,500.7310250171556,1
11.666666666666666,4.8077354382010355,6.546294270602471,500.7310284968902,1
11.683333333333334,4.807732136935475,6.546294365112166,500.73103190787936,1
11.7,4.807728901089038,6.546294457929229,500.73103525148423,1
11.716666666666667,4.807725729362854,6.546294549084033,500.7310385290391,1
11.733333333333333,4.8077226204838865,6.546294638606435,500.73104174185147,1
11.75,4.807719573204418,6.5462947265257005,500.731044891203,1
11.766666666666667,4.8077165863015425,6.546294812870704,500.73104797835043,1
11.783333333333333,4.807713658576675,6.546294897669594,500.73105100452466,1
11.8,4.807710788855067,6.546294980950187,500.731053970933,1
11.816666666666666,4.807707975985331,6.546295062739732,500.7310568787582,1
11.833333333333334,4.807705218838977,6.54629514306492,500.7310597291601,1
11.85,4.807702516309948,6.546295221952124,500.73106252327517,1
11.866666666666667,4.807699867314186,6.546295299427129,500.7310652622173,1
11.883333333333333,4.807697270789185,6.546295375515259,500.73106794707866,1
11.9,4.807694725693565,6.546295450241363,500.7310705789292,1
11.916666666666666,4.807692231006652,6.54629552362993,500.73107315881816,1
11.933333333333334,4.807689785728062,6.546295595704979,500.73107568777374,1
11.95,4.8076873888773,6.546295666490024,500.73107816680397,1
11.966666666666667,4.8076850394933635,6.546295736008226,500.7310805968965,1
11.983333333333333,4.807682736634355,6.54629580428232,500.7310829790199,1
12.0,4.807680479377099,6.546295871334625,500.73108531412294,1
12.016666666666667,4.807678266816775,6.5462959371870255,500.7310876031359,1
12.033333333333333,4.807676098066544,6.5462960018610925,500.7310898469708,1
12.05,4.807673972257196,6.546296065377917,500.7310920465212,1
12.066666666666666,4.807671888536796,6.5462961277583105,500.73109420266337,1
12.083333333333334,4.807669846070345,6.546296189022576,500.7310963162558,1
12.1,4.807667844039439,6.546296249190773,500.73109838814,1
12.116666666666667,4.807665881641934,6.546296308282598,500.7311004191413,1
12.133333333333333,4.807663958091634,6.546296366317277,500.73110241006805,1
12.15,4.8076620726179655,6.546296423313813,500.7311043617129,1
12.166666666666666,4.807660224465665,6.546296479290812,500.7311062748526,1
12.183333333333334,4.80765841289448,6.546296534266508,500.7311081502488,1
12.2,4.807656637178867,6.546296588258924,500.7311099886478,1
12.216666666666667,4.807654896607699,6.546296641285638,500.7311117907812,1
12.233333333333333,4.807653190483979,6.546296693363985,500.731113557366,1
12.25,4.807651518124559,6.5462967445109355,500.7311152891053,1
12.266666666666667,4.807649878859864,6.54629679474325,500.73111698668794,1
12.283333333333333,4.807648272033621,6.546296844077249,500.73111865078926,1
12.3,4.807646697002595,6.546296892529083,500.7311202820711,1
12.316666666666666,4.807645153136332,6.54629694011452,500.7311218811823,1
12.333333333333334,4.8076436398169,6.546296986849139,500.7311234487589,1
12.35,4.807642156438642,6.546297032748132,500.7311249854243,1
12.366666666666667,4.807640702407935,6.54629707782651,500.7311264917892,1
12.383333333333333,4.807639277142944,6.546297122098973,500.7311279684529,1
12.4,4.8076378800733925,6.546297165579927,500.73112941600215,1
12.416666666666666,4.807636510640331,6.546297208283588,500.73113083501255,1
12.433333333333334,4.807635168295913,6.546297250223906,500.73113222604803,1
12.45,4.807633852503169,6.546297291414465,500.73113358966145,1
12.466666666666667,4.807632562735797,6.546297331868828,500.7311349263949,1
12.483333333333333,4.807631298477947,6.546297371600081,500.7311362367792,1
12.5,4.80763005922401,6.5462974106212135,500.73113752133514,1
12.516666666666667,4.8076288444784225,6.546297448944928,500.73113878057296,1
12.533333333333333,4.807627653755457,6.546297486583752,500.73114001499306,1
12.55,4.807626486579034,6.5462975235499155,500.73114122508565,1
12.566666666666666,4.807625342482525,6.546297559855471,500.7311424113314,1
12.583333333333334,4.807624221008569,6.546297595512274,500.73114357420144,1
12.6,4.807623121708884,6.546297630531917,500.7311447141575,1
12.616666666666667,4.807622044144087,6.546297664925852,500.7311458316522,1
12.633333333333333,4.807620987883522,6.546297698705221,500.73114692712915,1
12.65,4.807619952505077,6.546297731881088,500.73114800102337,1
12.666666666666666,4.807618937595028,6.54629776446418,500.73114905376116,1
12.683333333333334,4.807617942747856,6.546297796465177,500.7311500857601,1
12.7,4.807616967566096,6.546297827894493,500.7311510974298,1
12.716666666666667,4.80761601166017,6.5462978587623475,500.7311520891721,1
12.733333333333333,4.807615074648236,6.546297889078794,500.73115306138004,1
12.75,4.807614156156028,6.546297918853725,500.7311540144397,1
12.766666666666667,4.807613255816708,6.546297948096781,500.7311549487288,1
12.783333333333333,4.807612373270724,6.546297976817506,500.73115586461836,1
12.8,4.807611508165653,6.546298005025269,500.73115676247136,1
12.816666666666666,4.80761066015607,6.546298032729264,500.73115764264395,1
12.833333333333334,4.807609828903403,6.5462980599384775,500.7311585054853,1
12.85,4.807609014075799,6.54629808666177,500.7311593513374,1
12.866666666666667,4.807608215347993,6.546298112907835,500.73116018053565,1
12.883333333333333,4.807607432401168,6.546298138685206,500.7311609934089,1
12.9,4.807606664922839,6.54629816400229,500.7311617902791,1
12.916666666666666,4.807605912606717,6.54629818886731,500.73116257146233,1
12.933333333333334,4.807605175152593,6.546298213288361,500.73116333726796,1
12.95,4.8076044522662125,6.546298237273384,500.7311640879999,1
12.966666666666667,4.8076037436591585,6.546298260830192,500.7311648239554,1
12.983333333333333,4.807603049048736,6.5462982839663795,500.7311655454257,1
13.0,4.807602368157859,6.5462983066895495,500.731166252697,1
13.016666666666667,4.8076017007149385,6.546298329007082,500.7311669460495,1
13.033333333333333,4.807601046453768,6.546298350926181,500.73116762575773,1
13.05,4.807600405113426,6.546298372454051,500.73116829209096,1
13.066666666666666,4.807599776438165,6.546298393597621,500.7311689453129,1
13.083333333333334,4.80759916017731,6.546298414363808,500.7311695856823,1
13.1,4.807598556085158,6.546298434759287,500.7311702134526,1
13.116666666666667,4.8075979639208795,6.546298454790797,500.7311708288723,1
13.133333333333333,4.807597383448418,6.546298474464748,500.73117143218525,1
13.15,4.807596814436402,6.546298493787615,500.73117202363017,1
13.166666666666666,4.807596256658045,6.5462985127656355,500.731172603441,1
13.183333333333334,4.8075957098910616,6.546298531404974,500.7311731718472,1
13.2,4.807595173917569,6.546298549711711,500.73117372907404,1
13.216666666666667,4.807594648524009,6.546298567691776,500.7311742753415,1
13.233333333333333,4.807594133501053,6.546298585351012,500.7311748108659,1
13.25,4.807593628643527,6.54629860269514,500.73117533585906,1
13.266666666666667,4.807593133750324,6.546298619729817,500.73117585052864,1
13.283333333333333,4.807592648624321,6.546298636460562,500.73117635507805,1
13.3,4.807592173072306,6.5462986528928,500.7311768497069,1
13.316666666666666,4.807591706904897,6.546298669031871,500.73117733461095,1
13.333333333333334,4.807591249936463,6.5462986848830305,500.73117780998166,1
13.35,4.8075908019850555,6.5462987004514295,500.7311782760071,1
13.366666666666667,4.8075903628723315,6.546298715742095,500.73117873287146,1
13.383333333333333,4.807589932423483,6.546298730760006,500.73117918075525,1
13.4,4.807589510467167,6.546298745510025,500.7311796198357,1
13.416666666666666,4.807589096835434,6.546298759996971,500.73118005028584,1
13.433333333333334,4.807588691363666,6.546298774225531,500.73118047227615,1
13.45,4.807588293890506,6.546298788200295,500.73118088597323,1
13.466666666666667,4.807587904257794,6.546298801925852,500.7311812915406,1
13.483333333333333,4.807587522310506,6.546298815406579,500.7311816891382,1
13.5,4.807587147896687,6.546298828646902,500.7311820789233,1
13.516666666666667,4.807586780867394,6.546298841651119,500.73118246104985,1
13.533333333333333,4.807586421076637,6.546298854423439,500.7311828356685,1
13.55,4.807586068381315,6.546298866967995,500.7311832029273,1
13.566666666666666,4.807585722641166,6.546298879288845,500.7311835629712,1
13.583333333333334,4.8075853837187035,6.54629889139004,500.7311839159425,1
13.6,4.807585051479166,6.546298903275444,500.7311842619803,1
13.616666666666667,4.807584725790462,6.546298914948902,500.73118460122123,1
13.633333333333333,4.807584406523115,6.546298926414272,500.7311849337992,1
13.65,4.807584093550214,6.546298937675257,500.7311852598455,1
13.666666666666666,4.8075837867473625,6.54629894873546,500.73118557948857,1
13.683333333333334,4.807583485992626,6.546298959598498,500.7311858928548,1
13.7,4.807583191166489,6.546298970267861,500.7311862000674,1
13.716666666666667,4.807582902151797,6.546298980747053,500.7311865012478,1
13.733333333333333,4.80758261883372,6.546298991039439,500.73118679651463,1
13.75,4.807582341099702,6.546299001148364,500.7311870859845,1
13.766666666666667,4.807582068839414,6.546299011077085,500.7311873697714,1
13.783333333333333,4.807581801944713,6.546299020828884,500.73118764798727,1
13.8,4.807581540309595,6.5462990304068445,500.7311879207419,1
13.816666666666666,4.8075812838301575,6.5462990398141185,500.73118818814254,1
13.833333333333334,4.807581032404554,6.54629904905372,500.7311884502947,1
13.85,4.807580785932955,6.546299058128677,500.73118870730184,1
13.866666666666667,4.807580544317506,6.546299067041902,500.73118895926495,1
13.883333333333333,4.807580307462293,6.546299075796284,500.7311892062833,1
13.9,4.807580075273295,6.54629908439467,500.73118944845453,1
13.916666666666666,4.807579847658358,6.546299092839834,500.7311896858737,1
13.933333333333334,4.8075796245271505,6.5462991011345295,500.73118991863464,1
13.95,4.807579405791127,6.546299109281422,500.7311901468287,1
13.966666666666667,4.807579191363497,6.546299117283139,500.7311903705457,1
13.983333333333333,4.807578981159185,6.546299125142311,500.731190589874,1
14.0,4.807578775094801,6.546299132861473,500.7311908048998,1
14.016666666666667,4.807578573088606,6.5462991404430975,500.73119101570774,1
14.033333333333333,4.807578375060477,6.546299147889621,500.73119122238086,1
14.05,4.807578180931877,6.546299155203511,500.73119142500053,1
14.066666666666666,4.807577990625824,6.546299162387109,500.7311916236462,1
14.083333333333334,4.807577804066858,6.546299169442739,500.7311918183962,1
14.1,4.807577621181013,6.546299176372691,500.73119200932734,1
14.116666666666667,4.807577441895783,6.546299183179201,500.7311921965144,1
14.133333333333333,4.807577266140103,6.546299189864484,500.7311923800313,1
14.15,4.807577093844309,6.5462991964306765,500.73119255994993,1
14.166666666666666,4.8075769249401175,6.546299202879948,500.73119273634114,1
14.183333333333334,4.807576759360593,6.5462992092143315,500.73119290927457,1
14.2,4.8075765970401285,6.546299215435906,500.73119307881785,1
14.216666666666667,4.807576437914409,6.546299221546679,500.7311932450379,1
14.233333333333333,4.8075762819203955,6.546299227548648,500.73119340799974,1
14.25,4.807576128996297,6.546299233443714,500.7311935677676,1
14.266666666666667,4.807575979081541,6.546299239233797,500.7311937244043,1
14.283333333333333,4.807575832116755,6.546299244920767,500.7311938779713,1
14.3,4.80757568804374,6.546299250506495,500.7311940285288,1
14.316666666666666,4.807575546805446,6.5462992559927455,500.73119417613634,1
14.333333333333334,4.807575408345956,6.54629926138134,500.73119432085156,1
14.35,4.807575272610454,6.546299266673971,500.73119446273154,1
14.366666666666667,4.807575139545211,6.546299271872366,500.7311946018317,1
14.383333333333333,4.807575009097559,6.546299276978175,500.7311947382069,1
14.4,4.807574881215872,6.546299281993153,500.73119487191053,1
14.416666666666666,4.807574755849541,6.546299286918815,500.73119500299515,1
14.433333333333334,4.807574632948963,6.5462992917567915,500.7311951315122,1
14.45,4.807574512465513,6.546299296508647,500.7311952575123,1
14.466666666666667,4.807574394351527,6.546299301175913,500.7311953810447,1
14.483333333333333,4.807574278560284,6.546299305760085,500.73119550215796,1
14.5,4.807574165045983,6.546299310262686,500.7311956208994,1
14.516666666666667,4.807574053763734,6.546299314685123,500.7311957373157,1
14.533333333333333,4.807573944669529,6.546299319028835,500.73119585145275,1
14.55,4.807573837720234,6.546299323295251,500.73119596335505,1
14.566666666666666,4.807573732873565,6.546299327485733,500.7311960730665,1
14.583333333333334,4.807573630088074,6.546299331601614,500.7311961806302,1
14.6,4.807573529323132,6.546299335644258,500.73119628608845,1
14.616666666666667,4.807573430538911,6.546299339614949,500.73119638948225,1
14.633333333333333,4.807573333696375,6.546299343514968,500.7311964908524,1
14.65,4.8075732387572545,6.546299347345626,500.73119659023865,1
14.666666666666666,4.807573145684038,6.546299351108067,500.73119668767987,1
14.683333333333334,4.807573054439954,6.546299354803598,500.7311967832142,1
14.7,4.80757296498896,6.5462993584333615,500.73119687687904,1
14.716666666666667,4.807572877295721,6.546299361998525,500.73119696871106,1
14.733333333333333,4.8075727913256046,6.546299365500241,500.7311970587464,1
14.75,4.8075727070446606,6.546299368939686,500.73119714702017,1
14.766666666666667,4.807572624419609,6.546299372317932,500.7311972335672,1
14.783333333333333,4.807572543417827,6.546299375636033,500.7311973184211,1
14.8,4.807572464007337,6.54629937889515,500.7311974016152,1
14.816666666666666,4.807572386156792,6.546299382096248,500.731197483182,1
14.833333333333334,4.807572309835465,6.546299385240399,500.73119756315344,1
14.85,4.807572235013235,6.546299388328629,500.7311976415608,1
14.866666666666667,4.807572161660575,6.546299391361934,500.731197718435,1
14.883333333333333,4.807572089748545,6.546299394341237,500.7311977938058,1
14.9,4.80757201924877,6.546299397267598,500.7311978677028,1
14.916666666666666,4.807571950133441,6.546299400141891,500.73119794015497,1
14.933333333333334,4.807571882375294,6.5462994029650305,500.7311980111905,1
14.95,4.807571815947606,6.546299405737963,500.7311980808373,1
14.966666666666667,4.807571750824179,6.546299408461587,500.7311981491227,1
14.983333333333333,4.8075716870171386,6.5462994111367925,500.7311982159194,1
15.0,4.807571624462072,6.54629941375889,500.7311982814382,1
15.016666666666667,4.807571563134422,6.546299416334483,500.73119834570036,1
15.033333333333333,4.807571503010035,6.54629941886506,500.7311984087245,1
15.05,4.807571444065225,6.546299421351481,500.7311984705303,1
15.066666666666666,4.807571386276773,6.546299423794326,500.73119853113826,1
15.083333333333334,4.807571329621919,6.546299426194282,500.73119859056925,1
15.1,4.807571274078358,6.546299428552086,500.7311986488445,1
15.116666666666667,4.807571219624218,6.546299430868297,500.7311987059855,1
15.133333333333333,4.807571166238067,6.5462994331435995,500.7311987620133,1
15.15,4.807571113898897,6.546299435378663,500.7311988169492,1
15.166666666666666,4.80757106258611,6.546299437574138,500.73119887081384,1
15.183333333333334,4.807571012279521,6.546299439730761,500.73119892362786,1
15.2,4.80757096295934,6.546299441849136,500.73119897541176,1
15.216666666666667,4.807570914606167,6.546299443929907,500.7311990261853,1
15.233333333333333,4.807570867200987,6.546299445973816,500.7311990759684,1
15.25,4.807570820725159,6.546299447981398,500.73119912478006,1
15.266666666666667,4.8075707751604115,6.546299449953368,500.7311991726393,1
15.283333333333333,4.807570730488829,6.546299451890283,500.73119921956476,1
15.3,4.807570686692854,6.546299453792829,500.73119926557473,1
15.316666666666666,4.807570643755273,6.546299455661565,500.731199310687,1
15.333333333333334,4.807570601659213,6.546299457497124,500.73119935491917,1
15.35,4.8075705603881325,6.546299459300054,500.7311993982885,1
15.366666666666667,4.807570519925815,6.546299461070956,500.7311994408117,1
15.383333333333333,4.807570480256368,6.546299462810454,500.73119948250553,1
15.4,4.807570441364206,6.546299464518971,500.73119952338607,1
15.416666666666666,4.807570403234055,6.546299466197183,500.7311995634693,1
15.433333333333334,4.807570365850941,6.546299467845557,500.7311996027709,1
15.45,4.8075703292001855,6.546299469464633,500.731199641306,1
15.466666666666667,4.807570293267397,6.546299471054948,500.7311996790895,1
15.483333333333333,4.807570258038472,6.546299472617047,500.7311997161364,1
15.5,4.807570223499579,6.546299474151398,500.73119975246107,1
15.516666666666667,4.807570189637163,6.54629947565844,500.73119978807733,1
15.533333333333333,4.807570156437937,6.546299477138751,500.73119982299943,1
15.55,4.807570123888871,6.546299478592736,500.7311998572407,1
15.566666666666666,4.807570091977197,6.546299480020874,500.7311998908145,1
15.583333333333334,4.807570060690393,6.546299481423678,500.7311999237338,1
15.6,4.80757003001619,6.5462994828015315,500.73119995601155,1
15.616666666666667,4.8075699999425545,6.546299484154919,500.7311999876605,1
15.633333333333333,4.807569970457695,6.546299485484283,500.73120001869233,1
15.65,4.807569941550048,6.546299486790027,500.73120004911965,1
15.666666666666666,4.80756991320828,6.5462994880725685,500.7312000789541,1
15.683333333333334,4.80756988542128,6.546299489332329,500.73120010820713,1
15.7,4.807569858178157,6.546299490569706,500.7312001368903,1
15.716666666666667,4.807569831468233,6.546299491785128,500.7312001650148,1
15.733333333333333,4.807569805281041,6.546299492978966,500.7312001925914,1
15.75,4.807569779606318,6.546299494151551,500.7312002196307,1
15.766666666666667,4.807569754434007,6.5462994953033355,500.7312002461436,1
15.783333333333333,4.807569729754246,6.5462994964346874,500.73120027214003,1
15.8,4.807569705557368,6.5462994975459114,500.7312002976302,1
15.816666666666666,4.807569681833895,6.546299498637413,500.731200322624,1
15.833333333333334,4.807569658574537,6.54629949970952,500.73120034713116,1
15.85,4.807569635770188,6.54629950076262,500.73120037116115,1
15.866666666666667,4.807569613411917,6.546299501796965,500.7312003947233,1
15.883333333333333,4.8075695914909735,6.54629950281298,500.7312004178266,1
15.9,4.807569569998776,6.546299503810933,500.7312004404803,1
15.916666666666666,4.807569548926914,6.546299504791153,500.7312004626929,1
15.933333333333334,4.807569528267139,6.546299505754012,500.7312004844733,1
15.95,4.80756950801137,6.546299506699764,500.73120050582963,1
15.966666666666667,4.80756948815168,6.546299507628675,500.73120052677046,1
15.983333333333333,4.807569468680302,6.546299508541153,500.7312005473037,1
16.0,4.807569449589618,6.546299509437379,500.7312005674375,1
16.016666666666666,4.807569430872163,6.546299510317709,500.73120058717944,1
16.033333333333335,4.807569412520617,6.54629951118242,500.7312006065374,1
16.05,4.807569394527805,6.546299512031775,500.7312006255187,1
16.066666666666666,4.807569376886691,6.546299512866038,500.7312006441308,1
16.083333333333332,4.807569359590381,6.546299513685493,500.73120066238084,1
16.1,4.807569342632112,6.546299514490393,500.731200680276,1
16.116666666666667,4.80756932600526,6.546299515281023,500.73120069782294,1
16.133333333333333,4.807569309703326,6.546299516057608,500.73120071502876,1
16.15,4.80756929371994,6.546299516820396,500.73120073189983,1
16.166666666666668,4.807569278048859,6.546299517569664,500.7312007484429,1
16.183333333333334,4.80756926268396,6.5462995183056,500.73120076466427,1
16.2,4.807569247619243,6.546299519028496,500.7312007805704,1
16.216666666666665,4.807569232848825,6.546299519738553,500.7312007961673,1
16.233333333333334,4.807569218366938,6.546299520436002,500.73120081146084,1
16.25,4.807569204167928,6.546299521121074,500.73120082645715,1
16.266666666666666,4.807569190246252,6.5462995217939906,500.7312008411621,1
16.283333333333335,4.807569176596474,6.5462995224549365,500.7312008555811,1
16.3,4.80756916321327,6.546299523104194,500.7312008697199,1
16.316666666666666,4.807569150091416,6.546299523741928,500.73120088358394,1
16.333333333333332,4.807569137225791,6.546299524368288,500.7312008971785,1
16.35,4.807569124611376,6.546299524983592,500.731200910509,1
16.366666666666667,4.807569112243251,6.546299525587964,500.7312009235805,1
16.383333333333333,4.807569100116591,6.546299526181583,500.7312009363979,1
16.4,4.807569088226668,6.546299526764674,500.7312009489664,1
16.416666666666668,4.807569076568844,6.546299527337425,500.7312009612909,1
16.433333333333334,4.8075690651385745,6.546299527900027,500.73120097337596,1
16.45,4.807569053931403,6.546299528452636,500.7312009852263,1
16.466666666666665,4.80756904294296,6.546299528995439,500.73120099684655,1
16.483333333333334,4.807569032168964,6.546299529528594,500.7312010082411,1
16.5,4.807569021605217,6.546299530052316,500.73120101941436,1
16.516666666666666,4.807569011247601,6.546299530566715,500.7312010303707,1
16.533333333333335,4.807569001092083,6.546299531071984,500.73120104111433,1
16.55,4.807568991134706,6.546299531568292,500.73120105164924,1
16.566666666666666,4.80756898137159,6.546299532055842,500.7312010619798,1
16.583333333333332,4.807568971798933,6.546299532534712,500.7312010721097,1
16.6,4.807568962413008,6.546299533005053,500.73120108204307,1
16.616666666666667,4.807568953210162,6.546299533467082,500.7312010917837,1
16.633333333333333,4.80756894418681,6.546299533920914,500.73120110133516,1
16.65,4.807568935339441,6.546299534366672,500.73120111070136,1
16.666666666666668,4.807568926664611,6.546299534804577,500.7312011198859,1
16.683333333333334,4.8075689181589425,6.546299535234658,500.7312011288921,1
16.7,4.807568909819128,6.546299535657113,500.73120113772364,1
16.716666666666665,4.807568901641922,6.546299536072063,500.7312011463837,1
16.733333333333334,4.807568893624144,6.5462995364796885,500.7312011548759,1
16.75,4.8075688857626755,6.546299536880097,500.73120116320337,1
16.766666666666666,4.807568878054458,6.54629953727335,500.73120117136915,1
16.783333333333335,4.807568870496495,6.546299537659634,500.73120117937674,1
16.8,4.807568863085848,6.546299538039095,500.7312011872289,1
16.816666666666666,4.8075688558196354,6.546299538411788,500.731201194929,1
16.833333333333332,4.807568848695032,6.546299538777903,500.7312012024796,1
16.85,4.807568841709272,6.54629953913749,500.73120120988403,1
16.866666666666667,4.807568834859638,6.5462995394907315,500.73120121714476,1
16.883333333333333,4.807568828143467,6.54629953983772,500.73120122426474,1
16.9,4.807568821558154,6.546299540178546,500.7312012312467,1
16.916666666666668,4.8075688151011375,6.546299540513306,500.7312012380933,1
16.933333333333334,4.80756880876991,6.54629954084214,500.7312012448073,1
16.95,4.807568802562013,6.5462995411651335,500.73120125139116,1
16.966666666666665,4.807568796475037,6.5462995414824245,500.73120125784743,1
16.983333333333334,4.807568790506617,6.546299541794051,500.7312012641785,1
17.0,4.807568784654437,6.546299542100154,500.731201270387,1
17.016666666666666,4.807568778916227,6.546299542400862,500.7312012764751,1
17.033333333333335,4.807568773289758,6.546299542696221,500.7312012824453,1
17.05,4.807568767772847,6.546299542986344,500.73120128829987,1
17.066666666666666,4.807568762363354,6.546299543271318,500.73120129404106,1
17.083333333333332,4.807568757059178,6.5462995435512354,500.73120129967094,1
17.1,4.807568751858264,6.546299543826204,500.73120130519186,1
17.116666666666667,4.807568746758595,6.546299544096297,500.7312013106059,1
17.133333333333333,4.807568741758193,6.546299544361589,500.7312013159151,1
17.15,4.807568736855119,6.546299544622166,500.7312013211214,1
17.166666666666668,4.807568732047471,6.546299544878136,500.7312013262268,1
17.183333333333334,4.807568727333387,6.546299545129567,500.7312013312335,1
17.2,4.807568722711038,6.546299545376525,500.73120133614333,1
17.216666666666665,4.807568718178635,6.546299545619133,500.7312013409581,1
17.233333333333334,4.807568713734419,6.546299545857439,500.7312013456795,1
17.25,4.80756870937667,6.546299546091484,500.73120135030956,1
17.266666666666666,4.807568705103701,6.546299546321417,500.73120135485016,1
17.283333333333335,4.807568700913855,6.5462995465472655,500.73120135930304,1
17.3,4.80756869680551,6.546299546769097,500.7312013636695,1
17.316666666666666,4.807568692777075,6.546299546986979,500.7312013679515,1
17.333333333333332,4.80756868882699,6.54629954720104,500.7312013721508,1
17.35,4.807568684953727,6.5462995474113175,500.7312013762687,1
17.366666666666667,4.807568681155785,6.54629954761783,500.73120138030714,1
17.383333333333333,4.807568677431695,6.546299547820692,500.7312013842673,1
17.4,4.8075686737800165,6.546299548019964,500.73120138815085,1
17.416666666666668,4.807568670199336,6.546299548215717,500.73120139195925,1
17.433333333333334,4.807568666688267,6.5462995484079824,500.73120139569414,1
17.45,4.807568663245454,6.546299548596831,500.7312013993568,1
17.466666666666665,4.807568659869563,6.546299548782335,500.73120140294844,1
17.483333333333334,4.807568656559291,6.546299548964576,500.73120140647075,1
17.5,4.807568653313357,6.5462995491435745,500.731201409925,1
17.516666666666666,4.807568650130506,6.546299549319401,500.73120141331253,1
17.533333333333335,4.807568647009506,6.546299549492107,500.7312014166345,1
17.55,4.807568643949154,6.546299549661754,500.7312014198924,1
17.566666666666666,4.807568640948265,6.546299549828405,500.73120142308716,1
17.583333333333332,4.80756863800568,6.5462995499920735,500.7312014262202,1
17.6,4.807568635120264,6.5462995501528525,500.73120142929264,1
17.616666666666667,4.8075686322908995,6.5462995503107795,500.73120143230574,1
17.633333333333333,4.807568629516496,6.546299550465917,500.73120143526074,1
17.65,4.807568626795979,6.546299550618318,500.7312014381586,1
17.666666666666668,4.807568624128303,6.546299550768027,500.73120144100056,1
17.683333333333334,4.807568621512434,6.54629955091504,500.7312014437875,1
17.7,4.807568618947363,6.546299551059468,500.73120144652063,1
17.716666666666665,4.8075686164321025,6.546299551201345,500.7312014492009,1
17.733333333333334,4.807568613965678,6.546299551340676,500.7312014518296,1
17.75,4.807568611547142,6.546299551477573,500.73120145440754,1
17.766666666666666,4.807568609175558,6.546299551612036,500.7312014569355,1
17.783333333333335,4.807568606850013,6.546299551744128,500.7312014594149,1
17.8,4.807568604569609,6.546299551873832,500.7312014618461,1
17.816666666666666,4.807568602333467,6.546299552001266,500.73120146423065,1
17.833333333333332,4.807568600140727,6.546299552126454,500.731201466569,1
17.85,4.80756859799054,6.546299552249418,500.7312014688624,1
17.866666666666667,4.807568595882079,6.546299552370222,500.7312014711115,1
17.883333333333333,4.807568593814531,6.546299552488833,500.73120147331707,1
17.9,4.807568591787099,6.546299552605364,500.73120147548,1
17.916666666666668,4.807568589799003,6.546299552719853,500.7312014776014,1
17.933333333333334,4.807568587849476,6.54629955283232,500.7312014796819,1
17.95,4.807568585937765,6.54629955294275,500.7312014817221,1
17.966666666666665,4.807568584063137,6.546299553051294,500.73120148372294,1
17.983333333333334,4.807568582224869,6.546299553157841,500.7312014856853,1
18.0,4.807568580422252,6.546299553262545,500.7312014876096,1
18.016666666666666,4.807568578654595,6.546299553365396,500.73120148949704,1
18.033333333333335,4.8075685769212155,6.546299553466393,500.73120149134786,1
18.05,4.807568575221447,6.546299553565616,500.7312014931632,1
18.066666666666666,4.807568573554634,6.546299553663086,500.7312014949433,1
18.083333333333332,4.807568571920136,6.546299553758827,500.73120149668927,1
18.1,4.807568570317326,6.546299553852893,500.73120149840156,1
18.116666666666667,4.807568568745584,6.54629955394524,500.7312015000808,1
18.133333333333333,4.807568567204307,6.54629955394524,500.73120150163686,1
18.15,4.8075685656941864,6.54629955394524,500.73120150315765,1
18.166666666666668,4.8075685642145904,6.54629955394524,500.7312015046449,1
18.183333333333334,4.807568562764903,6.54629955394524,500.7312015061001,1
18.2,4.807568561344518,6.54629955394524,500.73120150752436,1
18.216666666666665,4.807568559952846,6.54629955394524,500.7312015089188,1
18.233333333333334,4.8075685585893035,6.54629955394524,500.7312015102843,1
18.25,4.807568557253323,6.54629955394524,500.73120151162175,1
18.266666666666666,4.807568555944349,6.54629955394524,500.7312015129317,1
18.283333333333335,4.807568554661833,6.54629955394524,500.7312015142149,1
18.3,4.8075685534052415,6.54629955394524,500.73120151547204,1
18.316666666666666,4.807568552174051,6.54629955394524,500.7312015167036,1
18.333333333333332,4.807568550967747,6.54629955394524,500.73120151791016,1
18.35,4.807568549785827,6.54629955394524,500.73120151909234,1
18.366666666666667,4.807568548627797,6.54629955394524,500.7312015202505,1
18.383333333333333,4.807568547493177,6.54629955394524,500.7312015213853,1
18.4,4.80756854638149,6.54629955394524,500.7312015224971,1
18.416666666666668,4.807568545292276,6.54629955394524,500.7312015235863,1
18.433333333333334,4.807568544225078,6.54629955394524,500.73120152465344,1
18.45,4.807568543179452,6.54629955394524,500.7312015256991,1
18.466666666666665,4.807568542154963,6.54629955394524,500.73120152672357,1
18.483333333333334,4.807568541151182,6.54629955394524,500.7312015277273,1
18.5,4.80756854016769,6.54629955394524,500.73120152871076,1
18.516666666666666,4.807568539204079,6.54629955394524,500.7312015296744,1
18.533333333333335,4.807568538259946,6.54629955394524,500.7312015306186,1
18.55,4.807568537334898,6.54629955394524,500.7312015315436,1
18.566666666666666,4.8075685364285485,6.54629955394524,500.73120153244986,1
18.583333333333332,4.807568535540519,6.54629955394524,500.7312015333379,1
18.6,4.80756853467044,6.54629955394524,500.731201534208,1
18.616666666666667,4.80756853381795,6.54629955394524,500.73120153506045,1
18.633333333333333,4.807568532982691,6.54629955394524,500.73120153589576,1
18.65,4.807568532164315,6.54629955394524,500.73120153671414,1
18.666666666666668,4.807568531362483,6.54629955394524,500.7312015375159,1
18.683333333333334,4.807568530576858,6.54629955394524,500.73120153830155,1
18.7,4.807568529807113,6.54629955394524,500.7312015390714,1
18.716666666666665,4.8075685290529275,6.54629955394524,500.7312015398255,1
18.733333333333334,4.807568528313987,6.54629955394524,500.73120154056437,1
18.75,4.807568527589984,6.54629955394524,500.7312015412885,1
18.766666666666666,4.807568526880615,6.54629955394524,500.7312015419978,1
18.783333333333335,4.807568526185586,6.54629955394524,500.7312015426928,1
18.8,4.807568525504605,6.54629955394524,500.7312015433738,1
18.816666666666666,4.8075685248373885,6.54629955394524,500.731201544041,1
18.833333333333332,4.80756852418366,6.54629955394524,500.7312015446947,1
18.85,4.807568523543146,6.54629955394524,500.73120154533524,1
18.866666666666667,4.807568522915578,6.54629955394524,500.73120154596285,1
18.883333333333333,4.807568522300697,6.54629955394524,500.73120154657767,1
18.9,4.807568521698244,6.54629955394524,500.7312015471801,1
18.916666666666668,4.807568521107969,6.54629955394524,500.7312015477704,1
18.933333333333334,4.807568520529626,6.54629955394524,500.73120154834874,1
18.95,4.807568519962974,6.54629955394524,500.73120154891535,1
18.966666666666665,4.807568519407775,6.54629955394524,500.7312015494706,1
18.983333333333334,4.807568518863799,6.54629955394524,500.7312015500146,1
19.0,4.807568518330819,6.54629955394524,500.7312015505475,1
19.016666666666666,4.807568517808613,6.54629955394524,500.7312015510698,1
19.033333333333335,4.807568517296962,6.54629955394524,500.73120155158136,1
19.05,4.807568516795654,6.54629955394524,500.7312015520827,1
19.066666666666666,4.807568516304478,6.54629955394524,500.7312015525739,1
19.083333333333332,4.807568515823231,6.54629955394524,500.7312015530551,1
19.1,4.807568515351712,6.54629955394524,500.73120155352655,1
19.116666666666667,4.8075685148897245,6.54629955394524,500.7312015539885,1
19.133333333333333,4.807568514437074,6.54629955394524,500.73120155444116,1
19.15,4.807568513993575,6.54629955394524,500.7312015548847,1
19.166666666666668,4.807568513559039,6.54629955394524,500.7312015553193,1
19.183333333333334,4.807568513133288,6.54629955394524,500.73120155574503,1
19.2,4.807568512716142,6.54629955394524,500.73120155616215,1
19.216666666666665,4.807568512307429,6.54629955394524,500.7312015565708,1
19.233333333333334,4.807568511906977,6.54629955394524,500.73120155697126,1
19.25,4.807568511514619,6.54629955394524,500.7312015573636,1
19.266666666666666,4.807568511130193,6.54629955394524,500.7312015577481,1
19.283333333333335,4.807568510753536,6.54629955394524,500.73120155812467,1
19.3,4.8075685103844945,6.54629955394524,500.7312015584937,1
19.316666666666666,4.807568510022911,6.54629955394524,500.73120155885533,1
19.333333333333332,4.807568509668638,6.54629955394524,500.7312015592096,1
19.35,4.807568509321526,6.54629955394524,500.73120155955667,1
19.366666666666667,4.807568508981431,6.54629955394524,500.7312015598968,1
19.383333333333333,4.8075685086482105,6.54629955394524,500.73120156023,1
19.4,4.807568508321725,6.54629955394524,500.7312015605565,1
19.416666666666668,4.8075685080018395,6.54629955394524,500.73120156087634,1
19.433333333333334,4.80756850768842,6.54629955394524,500.7312015611898,1
19.45,4.807568507381335,6.54629955394524,500.73120156149685,1
19.466666666666665,4.8075685070804575,6.54629955394524,500.7312015617977,1
19.483333333333334,4.807568506785661,6.54629955394524,500.7312015620925,1
19.5,4.807568506496825,6.54629955394524,500.7312015623814,1
19.516666666666666,4.807568506213827,6.54629955394524,500.73120156266435,1
19.533333333333335,4.8075685059365485,6.54629955394524,500.7312015629416,1
19.55,4.807568505664875,6.54629955394524,500.7312015632133,1
19.566666666666666,4.807568505398694,6.54629955394524,500.7312015634795,1
19.583333333333332,4.807568505137893,6.54629955394524,500.73120156374017,1
19.6,4.807568504882365,6.54629955394524,500.73120156399574,1
19.616666666666667,4.807568504632002,6.54629955394524,500.73120156424613,1
19.633333333333333,4.8075685043866985,6.54629955394524,500.73120156449136,1
19.65,4.807568504146354,6.54629955394524,500.73120156473175,1
19.666666666666668,4.807568503910867,6.54629955394524,500.7312015649672,1
19.683333333333334,4.807568503680141,6.54629955394524,500.7312015651979,1
19.7,4.807568503454077,6.54629955394524,500.73120156542404,1
19.716666666666665,4.807568503232585,6.54629955394524,500.73120156564556,1
19.733333333333334,4.807568503015569,6.54629955394524,500.7312015658625,1
19.75,4.807568502802939,6.54629955394524,500.7312015660752,1
19.766666666666666,4.807568502594608,6.54629955394524,500.73120156628346,1
19.783333333333335,4.807568502390488,6.54629955394524,500.7312015664875,1
19.8,4.807568502190494,6.54629955394524,500.7312015666876,1
19.816666666666666,4.807568501994543,6.54629955394524,500.73120156688356,1
19.833333333333332,4.807568501802552,6.54629955394524,500.7312015670755,1
19.85,4.807568501614443,6.54629955394524,500.7312015672636,1
19.866666666666667,4.807568501430137,6.54629955394524,500.7312015674479,1
19.883333333333333,4.807568501249555,6.54629955394524,500.7312015676285,1
19.9,4.807568501072624,6.54629955394524,500.7312015678054,1
19.916666666666668,4.8075685008992695,6.54629955394524,500.7312015679788,1
19.933333333333334,4.807568500729418,6.54629955394524,500.73120156814855,1
19.95,4.807568500563001,6.54629955394524,500.731201568315,1
19.966666666666665,4.807568500399948,6.54629955394524,500.73120156847807,1
19.983333333333334,4.8075685002401904,6.54629955394524,500.7312015686378,1
20.0,4.807568500083662,6.54629955394524,500.73120156879435,1
20.016666666666666,4.807568499930298,6.54629955394524,500.73120156894765,1
20.033333333333335,4.807568499780033,6.54629955394524,500.7312015690979,1
20.05,4.807568499632806,6.54629955394524,500.7312015692451,1
20.066666666666666,4.807568499488556,6.54629955394524,500.73120156938944,1
20.083333333333332,4.80756849934722,6.54629955394524,500.73120156953075,1
20.1,4.807568499208742,6.54629955394524,500.7312015696692,1
20.116666666666667,4.807568499073063,6.54629955394524,500.7312015698049,1
20.133333333333333,4.807568498940126,6.54629955394524,500.73120156993787,1
20.15,4.807568498809877,6.54629955394524,500.7312015700681,1
20.166666666666668,4.8075684986822615,6.54629955394524,500.7312015701957,1
20.183333333333334,4.807568498557224,6.54629955394524,500.7312015703208,1
20.2,4.807568498434715,6.54629955394524,500.73120157044326,1
20.216666666666665,4.807568498314682,6.54629955394524,500.73120157056326,1
20.233333333333334,4.807568498197075,6.54629955394524,500.731201570681,1
20.25,4.807568498081846,6.54629955394524,500.7312015707961,1
20.266666666666666,4.807568497968946,6.54629955394524,500.731201570909,1
20.283333333333335,4.807568497858328,6.54629955394524,500.7312015710197,1
20.3,4.807568497749946,6.54629955394524,500.73120157112805,1
20.316666666666666,4.807568497643755,6.54629955394524,500.7312015712342,1
20.333333333333332,4.80756849753971,6.54629955394524,500.7312015713382,1
20.35,4.807568497437768,6.54629955394524,500.73120157144024,1
20.366666666666667,4.807568497337888,6.54629955394524,500.73120157154005,1
20.383333333333333,4.807568497240026,6.54629955394524,500.7312015716379,1
20.4,4.807568497144143,6.54629955394524,500.7312015717338,1
20.416666666666668,4.807568497050197,6.54629955394524,500.7312015718277,1
20.433333333333334,4.807568496958151,6.54629955394524,500.73120157191977,1
20.45,4.807568496867964,6.54629955394524,500.73120157201004,1
20.466666666666665,4.807568496779601,6.54629955394524,500.73120157209826,1
20.483333333333334,4.807568496693023,6.54629955394524,500.7312015721849,1
20.5,4.807568496608196,6.54629955394524,500.7312015722697,1
20.516666666666666,4.807568496525084,6.54629955394524,500.73120157235286,1
20.533333333333335,4.807568496443651,6.54629955394524,500.7312015724342,1
20.55,4.8075684963638645,6.54629955394524,500.73120157251407,1
20.566666666666666,4.807568496285692,6.54629955394524,500.7312015725922,1
20.583333333333332,4.8075684962090985,6.54629955394524,500.7312015726688,1
20.6,4.807568496134054,6.54629955394524,500.7312015727439,1
20.616666666666667,4.807568496060525,6.54629955394524,500.7312015728174,1
20.633333333333333,4.807568495988483,6.54629955394524,500.7312015728894,1
20.65,4.807568495917897,6.54629955394524,500.73120157296,1
20.666666666666668,4.807568495848739,6.54629955394524,500.7312015730292,1
20.683333333333334,4.807568495780979,6.54629955394524,500.73120157309694,1
20.7,4.807568495714587,6.54629955394524,500.73120157316333,1
20.716666666666665,4.807568495649538,6.54629955394524,500.73120157322836,1
20.733333333333334,4.807568495585803,6.54629955394524,500.7312015732921,1
20.75,4.807568495523356,6.54629955394524,500.7312015733545,1
20.766666666666666,4.807568495462174,6.54629955394524,500.73120157341566,1
20.783333333333335,4.807568495402227,6.54629955394524,500.73120157347563,1
20.8,4.807568495343491,6.54629955394524,500.73120157353435,1
20.816666666666666,4.807568495285944,6.54629955394524,500.7312015735919,1
20.833333333333332,4.8075684952295585,6.54629955394524,500.73120157364826,1
20.85,4.813831668542018,6.103659284519853,500.262726623911,0
20.866666666666667,4.828166612065312,5.527286260790345,499.6306784901482,0
20.883333333333333,4.849920016473211,4.991143495299021,499.01456418176724,0
20.9,4.877924807948294,4.533401640564428,498.4587770248253,0
20.916666666666668,4.911124325442084,4.147938327440156,497.9619319122115,0
20.933333333333334,4.948675451010005,3.820838549804921,497.51339256403526,0
20.95,4.989921527068166,3.5396956077700503,497.1029770946714,0
20.966666666666665,5.03434824062683,3.2949454435722587,496.72264002518085,0
20.983333333333334,5.081546961295164,3.079435469378231,496.36628076947625,0
21.0,5.131187798650098,2.887800207119928,496.02927545325406,0
21.016666666666666,5.183000330928467,2.7159591208765117,495.70807561348533,0
21.033333333333335,5.2367597868483236,2.5607569349278254,495.3999141818547,0
21.05,5.292277011007032,2.4197130070279695,495.1025982222971,0
21.066666666666666,5.349391059934041,2.29084653866799,494.8143632513361,0
21.083333333333332,5.407963648938983,2.1725532779455166,494.53376981123233,0
21.1,5.4678749211179625,2.0635172147166383,494.2596289506169,0
21.116666666666667,5.529020176178821,1.9626463070371152,493.99094766450906,0
21.133333333333333,5.591307307094048,1.8690249495108124,493.726888308455,0
21.15,5.654654766585145,1.7818782876839714,493.46673794910816,0
21.166666666666668,5.718989928435085,1.700545045359437,493.20988496349094,0
21.183333333333334,5.784247787703197,1.624456562423422,492.9558006052841,0
21.2,5.85036985617067,1.553120423884125,492.70402493881454,0
21.216666666666665,5.917303277702197,1.4861075375166408,492.45415541281193,0
21.233333333333334,5.985000086097563,1.4230418231403432,492.20583776384825,0
21.25,6.053416583479722,1.363591909533791,491.9587586574924,0
21.266666666666666,6.1225128161727715,1.3074643890226303,491.7126396846063,0
21.283333333333335,6.192252130058603,1.254398292884171,491.4672324249991,0
21.3,6.262600791207468,1.2041605324608304,491.2223143594241,0
21.316666666666666,6.333527660484483,1.156542110789439,490.97768546151536,0
21.333333333333332,6.405003913074812,1.1113549539630974,490.7331653389484,0
21.35,6.477002795612983,1.0684292447026684,490.4885908214546,0
21.366666666666667,6.549499414968244,1.0276111657680642,490.2438139148595,0
21.383333333333333,6.622470553817713,0.9887609800360371,489.9987000568285,0
21.4,6.6958945089987285,0.9517513888480225,489.7531266227664,0
21.416666666666668,6.769750949320662,0.9164661216997321,489.50698164027455,0
21.433333333333334,6.844020790072306,0.882798719311508,489.26016267838367,0
21.45,6.918686081911891,0.8506514791826603,489.0125758839637,0
21.466666666666665,6.993729912195057,0.8199345383349462,488.7641351426364,0
21.483333333333334,7.069136317098192,0.7905650724221138,488.51476134546215,0
21.5,7.144890203143872,0.7624665939738697,488.2643817458538,0
21.516666666666666,7.220977276941733,0.7355683354439486,488.01292939374895,0
21.533333333333335,7.2973839821302455,0.7098047050882194,487.76034263617584,0
21.55,7.374097442648759,0.6851148056233825,487.5065646750692,0
21.566666666666666,7.451105411590173,0.6614420071955704,487.25154317461306,0
21.583333333333332,7.528396224986491,0.6387335674904584,486.9952299115554,0
21.6,7.605958759965912,0.6169402928946879,486.7375804629219,0
21.616666666666667,7.683782396793428,0.5960162355157044,486.4785539263613,0
21.633333333333333,7.761856984369425,0.5759184216162617,486.2181126690392,0
21.65,7.840172808814293,0.5566066076483657,485.9562221015717,0
21.666666666666668,7.918720564812947,0.5380430606003413,485.6928504739684,0
21.683333333333334,7.997491329432657,0.5201923598174837,485.42796869096804,0
21.7,8.076476538161733,0.5030212178356915,485.16155014449583,0
21.716666666666665,8.155667962946055,0.4864983180895754,484.8935705612678,0
21.733333333333334,8.23505769202614,0.4705941676314874,484.62400786382074,0
21.75,8.314638111399724,0.45528096323323364,484.35284204346607,0
21.766666666666666,8.394401887754247,0.4405324694441228,484.0800550438499,0
21.783333333333335,8.474341952730695,0.42632390735299924,483.8056306539659,0
21.8,8.55445148839514,0.4126318529518645,483.5295544096042,0
21.816666666666666,8.634723913807445,0.39943414412866796,483.25181350234425,0
21.833333333333332,8.715152872588085,0.3867097954295126,482.9723966953013,0
21.85,8.795732221394308,0.37443891982856614,482.69129424493053,0
21.866666666666667,8.876456019225708,0.36260265682941284,482.4084978282719,0
21.883333333333333,8.957318517487458,0.35118310629630817,482.12400047508896,0
21.9,9.038314150746295,0.3401632674791871,481.83779650441716,0
21.916666666666668,9.11943752812085,0.32952698275371695,481.54988146508936,0
21.933333333333334,9.200683425253354,0.31925888564813426,481.2602520798581,0
21.95,9.282046776814864,0.3093443527731834,480.9689061927707,0
21.966666666666665,9.36352266950056,0.2997694593107345,480.6758427194948,0
21.983333333333334,9.44510633547567,0.2905209377514289,480.3810616003238,0
22.0,9.526793146236232,0.28158613960254036,480.0845637556187,0
22.016666666666666,9.608578606852005,0.27295299981460575,479.7863510434728,0
22.033333333333335,9.690458350561858,0.2646100036997138,479.48642621940394,0
22.05,9.772428133694527,0.2565461561360641,479.1847928979047,0
22.066666666666666,9.854483830889954,0.248750952872725,478.8814555156939,0
22.083333333333332,9.936621430598612,0.24121435376588105,478.5764192965341,0
22.1,10.018837030838105,0.2339267577933234,478.2696902174898,0
22.116666666666667,10.101126835188103,0.2268789797078324,477.96127497651855,0
22.133333333333333,10.183487149006194,0.2200622282026258,477.6511809612932,0
22.15,10.265914375848762,0.21346808547320603,477.33941621917126,0
22.166666666666668,10.348405014082228,0.2070884880701264,477.0259894282289,0
22.183333333333334,10.4309556536712,0.2009157089462195,476.710909869291,0
22.2,10.513562973131185,0.19494234061016094,476.3941873988933,0
22.216666666666665,10.596223736634492,0.18916127930561452,476.07583242312137,0
22.233333333333334,10.678934791258781,0.18356571014198442,475.75585587227397,0
22.25,10.76169306436869,0.1781490931088724,475.4342691763074,0
22.266666666666666,10.844495561121573,0.1729051499119316,475.11108424102,0
22.283333333333335,10.927339362089167,0.167827851572788,474.78631342493975,0
22.3,11.01022162098757,0.1629114067403321,474.4599695168831,0
22.316666666666666,11.093139562508568,0.15815025066481744,474.13206571415725,0
22.333333333333332,11.176090480245783,0.15353903479002248,473.8026156013769,0
22.35,11.259071734709721,0.14907261692219806,473.47163312987567,0
22.366666666666667,11.342080751426092,0.1447460519376868,473.1391325976883,0
22.383333333333333,11.425115019112381,0.14055458299400175,472.8051286300861,0
22.4,11.508172087927813,0.13649363321180213,472.469636160649,0
22.416666666666668,11.5912495677924,0.1325587977976156,472.13267041285735,0
22.433333333333334,11.674345126770923,0.12874583657941704,471.79424688219086,0
22.45,11.757456489518132,0.12505066692916653,471.4543813187213,0
22.466666666666665,11.840581435781587,0.12146935704833293,471.1130897101877,0
22.483333333333334,11.923717798958926,0.11799811959410827,470.7703882655427,0
22.5,12.006863464706532,0.11463330562563939,470.42629339896126,0
22.516666666666666,12.090016369596752,0.1113713988510306,470.0808217143021,0
22.533333333333335,12.173174499821105,0.10820901015724313,469.73398999001284,0
22.55,12.256335889937006,0.10514287240622229,469.3858151644716,0
22.566666666666666,12.339498621655771,0.10216983548175997,469.0363143217575,0
22.583333333333332,12.422660822669775,0.0992868615726257,468.6855046778428,0
22.6,12.50582066551683,0.0964910206784918,468.3334035671989,0
22.616666666666667,12.588976366479926,0.09377948632606305,467.9800284298111,0
22.633333333333333,12.672126184520659,0.09114953148367422,467.6253967985951,0
22.65,12.755268420244727,0.08859852466336171,467.2695262872078,0
22.666666666666668,12.83840141489804,0.08612392620015587,466.91243457824874,0
22.683333333333334,12.921523549392033,0.08372328469898109,466.5541394118433,0
22.7,13.004633243356905,0.08139423524707996,466.19465857621105,0
22.716666666666665,13.08772895420843,0.07913448998000261,465.8340098912438,0
22.733333333333334,13.170809176288175,0.07694184369556352,465.4722112057693,0
22.75,13.25387243996596,0.07481416575102863,465.1092803833841,0
22.766666666666666,13.336917310798054,0.07274939810644321,464.7452352935924,0
22.783333333333335,13.419942388704184,0.07074555270479858,464.3800938026331,0
22.8,13.502946307165605,0.06880070888538696,464.013873764587,0
22.816666666666666,13.585927732443928,0.06691301089480002,463.64659301281097,0
22.833333333333332,13.668885362820006,0.06508066549947544,463.27826935170157,0
22.85,13.751817927852173,0.0633019396964728,462.9089205487825,0
22.866666666666667,13.83472418765316,0.06157515851815418,462.5385643271076,0
22.883333333333333,13.917602932185074,0.05989870292639448,462.16721835797654,0
22.9,14.000452980571806,0.058271007792123505,461.79490025395404,0
22.916666666666668,14.083273180428273,0.05669055995619457,461.4216275621877,0
22.933333333333334,14.166062407206013,0.055155896367792515,461.0474177580194,0
22.95,14.248819563554555,0.053665602296792944,460.6722882388803,0
22.966666666666665,14.331543578698092,0.05221830961668841,460.29625631846795,0
22.983333333333334,14.414233407827018,0.050812695154866465,459.91933922119443,0
23.0,14.496888031503843,0.049447479107205386,459.5415540769029,0
23.016666666666666,14.57950645508312,0.04812142351411858,459.16291791584354,0
23.033333333333335,14.66208770814491,0.046833330795316916,458.7834476639047,0
23.05,14.744630843941497,0.04558204234071522,458.40316013809064,0
23.066666666666666,14.827134938856902,0.04436643715503279,458.0220720422422,0
23.083333333333332,14.909599091878906,0.04318543055376868,457.6401999629908,0
23.1,14.99202242408322,0.042037972908349,457.25756036594316,0
23.116666666666667,15.074404078129495,0.04092304843835217,456.8741695920877,0
23.133333333333333,15.156743217768868,0.039839674048828155,456.4900438544164,0
23.15,15.239039027362729,0.03878689821081886,456.1051992347589,0
23.166666666666668,15.321290711412477,0.037763799883284786,455.7196516808189,0
23.183333333333334,15.403497494099925,0.036769487474727816,455.33341700340947,0
23.2,15.485658618838146,0.03580309784288293,454.9465108738801,0
23.216666666666665,15.567773347832496,0.034863795330928135,454.55894882172913,0
23.233333333333334,15.649840961651542,0.033950770838736204,454.17074623239824,0
23.25,15.731860758807729,0.033063240927760085,453.78191834523864,0
23.266666666666666,15.813832055347435,0.03220044695820945,453.39248025164795,0
23.283333333333335,15.895754184450348,0.031361654257237345,453.0024468933694,0
23.3,15.977626496037848,0.030546151316914186,452.6118330609476,0
23.316666666666666,16.059448356390195,0.02975324902082137,452.2206533923381,0
23.333333333333332,16.141219147772365,0.028982279898148902,451.8289223716614,0
23.35,16.222938268068308,0.028232597404232944,451.4366543280999,0
23.366666666666667,16.304605130423433,0.02750357522651035,451.0438634349301,0
23.383333333333333,16.386219146864235,0.02679460661492099,450.65056436922845,0
23.4,16.467779776695373,0.02610510385440897,450.2567703048624,0
23.416666666666668,16.549286476754784,0.025434497297727114,449.8624949437068,0
23.433333333333334,16.630738717792447,0.024782235080192727,449.46775182914746,0
23.45,16.712135984150766,0.024147782459192173,449.0725543456646,0
23.466666666666665,16.793477773452686,0.02353062124447585,448.6769157185755,0
23.483333333333334,16.874763596296873,0.022930249255362297,448.2808490138834,0
23.5,16.955992975959827,0.022346179797792437,447.88436713822523,0
23.516666666666666,17.037165448104748,0.021777941159663906,447.4874828389137,0
23.533333333333335,17.118280560497023,0.021225076123600348,447.0902087040682,0
23.55,17.199337872726122,0.020687141496465052,446.692557162832,0
23.566666666666666,17.280336955933834,0.0201637076549886,446.2945404856712,0
23.583333333333332,17.36127739254867,0.01965435810691582,445.8961707847515,0
23.6,17.44215877602632,0.019158689067104585,445.49746001438916,0
23.616666666666667,17.522980710596002,0.018676309048036126,445.09841997157326,0
23.633333333333333,17.603742811012545,0.01820683846421331,444.6990622965543,0
23.65,17.684444702314217,0.017749909249951304,444.2993984734969,0
23.666666666666668,17.76508601958601,0.017305164490078396,443.89943983119355,0
23.683333333333334,17.84566640772835,0.016872258063086724,443.49919754383455,0
23.7,17.926185521231076,0.016450854296290354,443.09868263183307,0
23.716666666666665,18.00664302395266,0.016040627632564357,442.69790596270076,0
23.733333333333334,18.08703858890437,0.015641262308254588,442.296878251972,0
23.75,18.167371898039505,0.015252452041864747,441.89561006417324,0
23.766666666666666,18.247642642047367,0.014873899733141122,441.4941118138356,0
23.783333333333335,18.32785052015203,0.014505317172189582,441.0923937665474,0
23.8,18.407995239915675,0.014146424758274292,440.6904660400433,0
23.816666666666666,18.488076517046515,0.013796951227958772,440.28833860533047,0
23.833333333333332,18.568094075211103,0.01345663339226498,439.8860212878461,0
23.85,18.648047645850973,0.013125215882535499,439.48352376864557,0
23.866666666666667,18.72793696800349,0.012802450904697468,439.0808555856196,0
23.883333333333333,18.80776178812688,0.012488098001637271,438.6780261347368,0
23.9,18.887521859929258,0.012181923823404966,438.27504467131143,0
23.916666666666668,18.967216944201635,0.011883701904979864,437.8719203112922,0
23.933333333333334,19.046846808654752,0.011593212451334961,437.46866203257207,0
23.95,19.126411227759746,0.011310242129551111,437.06527867631723,0
23.966666666666665,19.20590998259245,0.011034583867738024,436.6617789483113,0
23.983333333333334,19.285342860681318,0.010766036660529789,436.2581714203162,0
24.0,19.364709655858903,0.010504405380930013,435.8544645314462,0
24.016666666666666,19.444010168116737,0.010249500598289343,435.45066658955335,0
24.033333333333335,19.523244203463598,0.010001138402207685,435.0467857726247,0
24.05,19.602411573787077,0.009759140232158266,434.64283013018775,0
24.066666666666666,19.681512096718336,0.009523332712640659,434.2388075847243,0
24.083333333333332,19.76054559550003,0.009293547493674281,433.83472593309074,0
24.1,19.839511898857285,0.009069621096452355,433.4305928479435,0
24.116666666666667,19.91841084087169,0.008851394763981472,433.02641587916935,0
24.133333333333333,19.997242260858187,0.00863871431653878,432.62220245531813,0
24.15,20.076006003244874,0.008431430011784606,432.21795988503806,0
24.166666666666668,20.15470191745555,0.00822939640937391,431.813695358512,0
24.183333333333334,20.233329857795038,0.008032472239914854,431.4094159488931,0
24.2,20.31188968333715,0.00784052027812978,431.0051286137411,0
24.216666666666665,20.390381257815275,0.007653407220076786,430.6008401964552,0
24.233333333333334,20.4688044495155,0.007471003564296822,430.19655742770607,0
24.25,20.547159131172215,0.007293183496754764,429.7922869268635,0
24.266666666666666,20.62544517986618,0.007119824779448166,429.38803520342026,0
24.283333333333335,20.70366247692494,0.006950808642561268,428.98380865841176,0
24.3,20.78181090782555,0.006786019680046954,428.5796135858294,0
24.316666666666666,20.859890362099577,0.006625345748521784,428.17545617402925,0
24.333333333333332,20.937900733240323,0.006468677869365205,427.7713425071323,0
24.35,21.015841918612175,0.0063159101339160875,427.36727856641977,0
24.366666666666667,21.093713819362115,0.006166939611664675,426.96327023171875,0
24.383333333333333,21.171516340333245,0.006021666261340302,426.55932328278146,0
24.4,21.24924938998031,0.005879992844800153,426.15544340065395,0
24.416666666666668,21.32691288028725,0.005741824843625936,425.751636169038,0
24.433333333333334,21.404506726686606,0.005607070378339961,425.3479070756416,0
24.45,21.48203084798083,0.005475640130154381,424.9442615135208,0
24.466666666666665,21.559485166265436,0.005347447265170136,424.5407047824113,0
24.483333333333334,21.636869606853864,0.005222407360945742,424.1372420900488,0
24.5,21.714184098204207,0.00510043833535815,423.73387855347977,0
24.516666666666666,21.7914285718475,0.004981460377680647,423.33061920035965,0
24.533333333333335,21.868602962317812,0.004865395881805482,422.92746897024125,0
24.55,21.945707207083842,0.004752169381541521,422.5244327158508,0
24.566666666666666,22.022741246482163,0.004641707487918813,422.1215152043522,0
24.583333333333332,22.099705023652,0.004533938828435407,421.71872111859926,0
24.6,22.17659848447152,0.004428793988182835,421.3160550583766,0
24.616666666666667,22.25342157749557,0.004326205452789691,420.913521541627,0
24.633333333333333,22.3301742538949,0.004226107553124208,420.5111250056674,0
24.65,22.406856467396757,0.004128436411698947,420.10886980839143,0
24.666666666666668,22.483468174226857,0.004033129890722721,419.7067602294603,0
24.683333333333334,22.56000933305271,0.003940127541746425,419.3048004714793,0
24.7,22.636479904928233,0.0038493705568516494,418.90299466116363,0
24.716666666666665,22.712879853239656,0.0037608017213322203,418.501346850489,0
24.733333333333334,22.78920914365265,0.003674365367820724,418.0998610178308,0
24.75,22.865467744060716,0.0035900073318139696,417.69854106908974,0
24.766666666666666,22.941655624534725,0.0035076749085518766,417.297390838804,0
24.783333333333335,23.017772757273605,0.0034273168112073137,416.89641409124886,0
24.8,23.093819116556215,0.003348883130344287,416.49561452152295,0
24.816666666666666,23.169794678694277,0.003272325294604444,416.0949957566211,0
24.833333333333332,23.245699421986405,0.0031975960325824945,415.69456135649455,0
24.85,23.32153332667318,0.0031246493358529294,415.29431481509806,0
24.866666666666667,23.39729637489325,0.003053440423111139,414.89425956142276,0
24.883333333333333,23.472988550640466,0.002983925705394031,414.4943989605178,0
24.9,23.54860983972195,0.002916062752345338,414.0947363144972,0
24.916666666666668,23.624160229717166,0.00284981025949323,413.6952748635347,0
24.933333333333334,23.699639709937877,0.002785128016507569,413.29601778684565,0
24.95,23.775048271389064,0.0027219768764064527,412.8969682036553,0
24.966666666666665,23.850385906730715,0.0026603187256818432,412.49812917415505,0
24.983333333333334,23.925652610240448,0.002600116455315341,412.09950370044515,0
25.0,24.000848377777054,0.0025413339326563413,411.70109472746543,0
25.016666666666666,24.075973206744816,0.002483935974135309,411.30290514391316,0
25.033333333333335,24.15102709605864,0.0024278883187861494,410.90493778314794,0
25.05,24.22601004611002,0.002373157602552336,410.5071954240845,0
25.066666666666666,24.300922058733693,0.0023197113333522368,410.1096807920731,0
25.083333333333332,24.375763137175166,0.002267517866880062,409.7123965597677,0
25.1,24.450533286058857,0.0022165463831194995,409.3153453479815,0
25.116666666666667,24.525232511357018,0.0021667668635478826,408.918529726531,0
25.133333333333333,24.59986082035935,0.002118150069009366,408.52195221506764,0
25.15,24.674418221643318,0.002070667518236522,408.12561528389733,0
25.166666666666668,24.748904725045097,0.0020242914670001904,407.7295213547892,0
25.183333333333334,24.823320341631213,0.0019789948878681206,407.33367280177106,0
25.2,24.897665083670766,0.0019347514505538156,406.9380719519152,0
25.216666666666665,24.971938964608363,0.0018915355028370918,406.5427210861105,0
25.233333333333334,25.04614199903754,0.0018493220520391118,406.14762243982517,0
25.25,25.12027420267492,0.0018080867470345427,405.7527782038575,0
25.266666666666666,25.194335592334816,0.001767805860784617,405.3581905250748,0
25.283333333333335,25.268326185904478,0.0017284562733749778,404.9638615071428,0
25.3,25.342246002319882,0.0016900154555429612,404.56979321124254,0
25.316666666666666,25.416095061542062,0.0016524614526793513,404.1759876567776,0
25.333333333333332,25.48987338453392,0.0016157728692901704,403.7824468220702,0
25.35,25.563580993237625,0.0015799288539044695,403.3891726450475,0
25.366666666666667,25.637217910552476,0.0015449090844146213,402.9961670239158,0
25.383333333333333,25.71078416031326,0.0015106937538359028,402.6034318178263,0
25.4,25.78427976726908,0.0014772635564728478,402.2109688475298,0
25.416666666666668,25.857704757062667,0.0014445996744798498,401.8187798960213,0
25.433333333333334,25.931059156210168,0.0014126837648042701,401.42686670917476,0
25.45,26.00434299208134,0.0013814979465005376,401.03523099636857,0
25.466666666666665,26.077556292880193,0.0013510247884039224,400.64387443110013,0
25.483333333333334,26.150699087626094,0.0013212472971533434,400.2527986515922,0
25.5,26.223771406135246,0.0012921489055526833,399.86200526138896,0
25.516666666666666,26.296773279002586,0.0012637134612604262,399.4714958299429,0
25.533333333333335,26.369704737584108,0.001235925215797898,399.08127189319316,0
25.55,26.442565813979527,0.0012087688138665395,398.69133495413325,0
25.566666666666666,26.515356541015354,0.0011822292829650088,398.3016864833715,0
25.583333333333332,26.588076952228356,0.001156292023297216,397.9123279196819,0
25.6,26.660727081849327,0.001130942797962666,397.5232606705459,0
25.616666666666667,26.733306964787285,0.001106167723420661,397.13448611268586,0
25.633333333333333,26.80581663661394,0.0010819532602203833,396.74600559259085,0
25.65,26.878256133548554,0.0010582862039888747,396.35782042703227,0
25.666666666666668,26.950625492443113,0.0010351536766693933,395.969931903573,0
25.683333333333334,27.02292475076782,0.0010125431180027522,395.58234128106704,0
25.7,27.095153946596902,0.0009904422772444568,395.1950497901525,0
25.716666666666665,27.16731311859474,0.0009688392051107974,394.8080586337349,0
25.733333333333334,27.239402306002276,0.000947722245947095,394.4213689874645,0
25.75,27.311421548623745,0.0009270800301116936,394.0349820002045,0
25.766666666666666,27.383370886813665,0.0009069014665693333,393.648898794492,0
25.783333333333335,27.455250361464127,0.0008871757356878219,393.26312046699303,0
25.8,27.527060013992358,0.0008678922822321103,392.87764808894696,0
25.816666666666666,27.59879988632855,0.0008490408085499888,392.49248270660695,0
25.833333333333332,27.67047002090393,0.0008306112679438887,392.1076253416713,0
25.85,27.742070460639148,0.0008125938582233748,391.7230769917084,0
25.866666666666667,27.813601248932837,0.0007949790154331237,391.3388386305745,0
25.883333333333333,27.885062429650475,0.0007777574077513078,390.9549112088251,0
25.9,27.95645404711347,0.000760919929553472,390.5712956541184,0
25.916666666666668,28.027776146088474,0.0007444576956371838,390.1879928716141,0
25.933333333333334,28.099028771776936,0.0007283620356027671,389.8050037443635,0
25.95,28.170211969804857,0.0007126244883857305,389.42232913369475,0
25.966666666666665,28.2413257862128,0.0006972367969364743,389.0399698795908,0
25.983333333333334,28.312370267446077,0.000682190903043115,388.6579268010617,0
26.0,28.383345460345165,0.0006674789422933362,388.2762006965105,0
26.016666666666666,28.45425141213636,0.0006530932391712904,387.8947923440926,0
26.033333333333335,28.525088170422542,0.0006390263022857441,387.5137025020702,0
26.05,28.595855783174205,0.0006252708197257058,387.13293190916,0
26.066666666666666,28.666554298720676,0.0006118196545399541,386.7524812848753,0
26.083333333333332,28.737183765741513,0.0005986658403369717,386.3723513298626,0
26.1,28.807744233258052,0.000585802577001808,385.9925427262326,0
26.116666666666667,28.878235750625176,0.0005732232265267212,385.6130561378851,0
26.133333333333333,28.94865836752324,0.0005609213089522277,385.2338922108295,0
26.15,29.019012133950188,0.0005488904984155982,384.85505157349877,0
26.166666666666668,29.089297100213784,0.0005371246193037101,384.47653483705926,0
26.183333333333334,29.159513316924077,0.0005256176425073484,384.0983425957143,0
26.2,29.22966083498596,0.0005143636817741539,383.7204754270038,0
26.216666666666665,29.299739705591957,0.0005033569901574098,383.34293389209773,0
26.233333333333334,29.369749980215087,0.0004925919565580576,382.9657185360852,0
26.25,29.439691710601913,0.00048206310235730104,382.5888298882587,0
26.266666666666666,29.50956494876577,0.0004717650781373086,382.2122684623938,0
26.283333333333335,29.579369746980067,0.0004616926604875765,381.83603475702324,0
26.3,29.649106157771794,0.00045184074889456676,381.4601292557074,0
26.316666666666666,29.718774233915116,0.0004422043627123268,381.08455242729934,0
26.333333333333332,29.788374028425135,0.0004327786382118668,380.70930472620637,0
26.35,29.857905594551774,0.00042355882570711676,380.33438659264607,0
26.366666666666667,29.92736898577376,0.00041454028675536026,379.9597984528988,0
26.383333333333333,29.996764255792804,0.0004057184914300977,379.5855407195555,0
26.4,30.066091458527815,0.00039708901566437794,379.2116137917616,0
26.416666666666668,30.135350648109295,0.0003886475386626386,378.8380180554563,0
26.433333333333334,30.204541878873833,0.0003803898403792053,378.46475388360847,0
26.45,30.273665205358718,0.0003723117990616329,378.09182163644783,0
26.466666666666665,30.342720682296655,0.00036440938885712245,377.71922166169287,0
26.483333333333334,30.411708364610593,0.00035667867748029,377.34695429477426,0
26.5,30.480628307408683,0.00034911582394063837,376.9750198590549,0
26.516666666666666,30.549480565979298,0.0003417170763281144,376.60341866604597,0
26.533333333333335,30.618265195786197,0.00033447876965517177,376.2321510156196,0
26.55,30.686982252463768,0.0003273973237538193,375.8612171962173,0
26.566666666666666,30.755631791812377,0.0003204692412261804,375.4906174850556,0
26.583333333333332,30.82421386979383,0.00031369110544711746,375.1203521483276,0
26.6,30.892728542526864,0.00030705957861751543,374.75042144140116,0
26.616666666666667,30.961175866282822,0.00030057139986689157,374.3808256090142,0
26.633333333333333,31.029555897481373,0.0002942233834039858,374.0115648854659,0
26.65,31.09786869268629,0.0002880124167140516,373.64263949480505,0
26.666666666666668,31.166114308601387,0.000281935458801634,373.2740496510153,0
26.683333333333334,31.234292802066456,0.0002759895384775661,372.9057955581966,0
26.7,31.302404230053376,0.0002701717526890696,372.53787741074444,0
26.716666666666665,31.370448649662237,0.0002644792648917677,372.17029539352524,0
26.733333333333334,31.438426118117555,0.0002589093034625204,371.80304968204905,0
26.75,31.506336692764606,0.0002534591601520105,371.43614044263916,0
26.766666666666666,31.57418043106578,0.0002481261885760043,371.06956783259926,0
26.783333333333335,31.641957390597053,0.00024290780274428608,370.7033320003765,0
26.8,31.7096676290445,0.000237801475626276,370.3374330857238,0
26.816666666666666,31.77731120420089,0.00023280473775235075,369.97187121985667,0
26.833333333333332,31.844888173962367,0.00022791517584993946,369.60664652561,0
26.85,31.912398596325215,0.00022313043151349013,369.24175911759045,0
26.866666666666667,31.979842529382616,0.00021844819990740418,368.8772091023265,0
26.883333333333333,32.047220031321515,0.0002138662285010918,368.51299657841645,0
26.9,32.11453116041961,0.00020938231583529746,368.14912163667327,0
26.916666666666668,32.18177597504231,0.00020499431031889442,367.78558436026736,0
26.933333333333334,32.24895453363979,0.00020070010905534331,367.42238482486647,0
26.95,32.31606689474415,0.0001964976566980525,367.0595230987733,0
26.966666666666665,32.38311311696653,0.0001923849443338904,366.6969992430612,0
26.983333333333334,32.450093258994414,0.00018836000839411092,366.33481331170697,0
27.0,32.51700737958889,0.00018442092959199648,365.97296535172114,0
27.016666666666666,32.58385553758199,0.0001805658318865234,365.61145540327686,0
27.033333333333335,32.65063779187411,0.00017679288147137636,365.250283499836,0
27.05,32.71735420143147,0.00017310028578866333,364.8894496682724,0
27.066666666666666,32.78400482528358,0.00016948629256669434,364.528953928995,0
27.083333333333332,32.850589722520894,0.000165949188881205,364.16879629606615,0
27.1,32.917108952292324,0.00016248730023943,363.80897677732025,0
27.116666666666667,32.983562573802935,0.00015909898968643755,363.44949537447883,0
27.133333333333333,33.04995064631166,0.00015578265693315087,363.09035208326407,0
27.15,33.116273229129035,0.00015253673750551886,362.73154689351077,0
27.166666666666668,33.182530381615024,0.00014935970191427793,362.37307978927555,0
27.183333333333334,33.24872216317683,0.00014625005484479925,362.0149507489447,0
27.2,33.314848633266806,0.00014320633436649738,361.6571597453404,0
27.216666666666665,33.38090985138039,0.00014022711116131337,361.29970674582427,0
27.233333333333334,33.44690587705406,0.00013731098777078303,360.94259171239963,0
27.25,33.512836769863355,0.00013445659786122583,360.58581460181193,0
27.266666666666666,33.57870258942096,0.000131662605506592,360.2293753656478,0
27.283333333333335,33.64450339537477,0.00012892770448852742,359.87327395043127,0
27.3,33.710239247406,0.00012625061761321673,359.51751029771964,0
27.316666666666666,33.775910205227426,0.00012363009604458774,359.16208434419684,0
27.333333333333332,33.84151632858157,0.00012106491865346723,358.80699602176514,0
27.35,33.90705767723888,0.00011855389138228079,358.4522452576357,0
27.366666666666667,33.972534310996124,0.00011609584662491565,358.0978319744174,0
27.383333333333333,34.03794628967463,0.00011368964262136395,357.74375609020365,0
27.4,34.10329367311868,0.00011133416286677635,357.39001751865874,0
27.416666666666668,34.16857652119382,0.00010902831553456885,357.03661616910114,0
27.433333333333334,34.233794893785415,0.00010677103291322992,356.6835519465869,0
27.45,34.298948850796954,0.00010456127085649198,356.3308247519903,0
27.466666666666665,34.36403845214864,0.00010239800824653031,355.9784344820846,0
27.483333333333334,34.42906375777584,0.00010028024646986986,355.6263810296192,0
27.5,34.49402482762767,9.82070089056816e-05,355.27466428339767,0
27.516666666666666,34.558921721665534,9.617734042616714e-05,354.92328412835286,0
27.533333333333335,34.62375449986176,9.419030690872835e-05,354.5722404456216,0
27.55,34.688523222198214,9.224499475963336e-05,354.22153311261775,0
27.566666666666666,34.75322794866495,9.03405104488944e-05,353.87116200310345,0
27.583333333333332,34.81786873925892,8.847598005608342e-05,353.5211269872602,0
27.6,34.8824456539827,8.665054882681737e-05,353.171427931758,0
27.616666666666667,34.946958752843166,8.486338073964621e-05,352.82206469982316,0
27.633333333333333,35.011408095850335,8.31136580830942e-05,352.47303715130533,0
27.65,35.07579374301611,8.140058104260564e-05,352.12434514274327,0
27.666666666666668,35.14011575435314,7.972336729714704e-05,351.77598852742886,0
27.683333333333334,35.2043741898736,7.808125162523909e-05,351.4279671554711,0
27.7,35.2685691095881,7.647348552017949e-05,351.0802808738579,0
27.716666666666665,35.332700573504574,7.489933681423881e-05,350.7329295265177,0
27.733333333333334,35.396768641627155,7.335808931160959e-05,350.3859129543788,0
27.75,35.46077337395516,7.184904242989354e-05,350.03923099542925,0
27.766666666666666,35.52471483048201,7.037151084992548e-05,349.6928834847741,0
27.783333333333335,35.58859307119419,6.892482417372342e-05,349.3468702546927,0
27.8,35.6524081560703,6.750832659037756e-05,349.00119113469475,0
27.816666666666666,35.716160145080046,6.612137654967851e-05,348.6558459515748,0
27.833333333333332,35.77984909818327,6.476334644330395e-05,348.3108345294669,0
27.85,35.843475075328996,6.343362229337326e-05,347.9661566898968,0
27.866666666666667,35.90703813645456,6.213160344820589e-05,347.62181225183485,0
27.883333333333333,35.97053834148467,6.0856702285095015e-05,347.27780103174655,0
27.9,36.03397575033053,5.960834391993942e-05,346.934122843643,0
27.916666666666668,36.097350422888944,5.838596592356207e-05,346.5907774991305,0
27.933333333333334,36.160662419041536,5.718901804455974e-05,346.2477648074588,0
27.95,36.223911798653866,5.601696193852374e-05,345.90508457556854,0
27.966666666666665,36.28709862157461,5.486927090348163e-05,345.5627366081385,0
27.983333333333334,36.350222947634826,5.374542962141085e-05,345.2207207076314,0
28.0,36.413284836647094,5.2644933905677414e-05,344.8790366743387,0
28.016666666666666,36.47628434840482,5.156729045426265e-05,344.5376843064253,0
28.033333333333335,36.539221542681446,5.0512016608635643e-05,344.19666339997315,0
28.05,36.60209647922974,4.947864011813881e-05,343.85597374902363,0
28.066666666666666,36.66490921778107,4.846669890975836e-05,343.5156151456201,0
28.083333333333332,36.72765981804473,4.747574086314617e-05,343.1755873798483,0
28.1,36.79034833970718,4.6505323590774926e-05,342.83589023987804,0
28.116666666666667,36.852974842431465,4.555501422309997e-05,342.4965235120021,0
28.133333333333333,36.91553938585648,4.462438919861139e-05,342.157486980676,0
28.15,36.97804202959639,4.37130340586624e-05,341.8187804285556,0
28.166666666666668,37.040482833239956,4.282054324695806e-05,341.4804036365356,0
28.183333333333334,37.10286185634992,4.194651991359699e-05,341.1423563837861,0
28.2,37.165179158462415,4.1090575723557635e-05,340.8046384477891,0
28.216666666666665,37.2274347990864,4.025233066952566e-05,340.4672496043747,0
28.233333333333334,37.289628837703,3.943141288895838e-05,340.13018962775527,0
28.25,37.35176133376502,3.8627458485289354e-05,339.7934582905608,0
28.266666666666666,37.413832346696346,3.784011302840115e-05,339.457055363874,0
28.283333333333335,37.47584193589139,3.7069024858224766e-05,339.12098061725897,0
28.3,37.53779016071462,3.631385427221015e-05,338.78523381879813,0
28.316666666666666,37.599677080500015,3.5574267664987934e-05,338.44981473512297,0
28.333333333333332,37.661502754550504,3.484993844881043e-05,338.1147231314456,0
28.35,37.72326724213753,3.414054699500122e-05,337.7799587715895,0
28.366666666666667,37.78497060250054,3.344578049342043e-05,337.44552141802063,0
28.383333333333333,37.84661289484647,3.2765332805932866e-05,337.1114108318763,0
28.4,37.90819417834938,3.209890432154384e-05,336.7776267729952,0
28.416666666666668,37.96971451214987,3.1446201814341074e-05,336.4441689999455,0
28.433333333333334,38.031173955354724,3.0806938304463976e-05,336.11103727005406,0
28.45,38.09257256703644,3.0180832922118398e-05,335.77823133943315,0
28.466666666666665,38.1539104062328,2.956761077460594e-05,335.4457509630083,0
28.483333333333334,38.215187531946455,2.8967002816309203e-05,335.11359589454526,0
28.5,38.276404003144535,2.8378745721574994e-05,334.78176588667554,0
28.516666666666666,38.33755987875822,2.7802581760430966e-05,334.45026069092296,0
28.533333333333335,38.39865521768235,2.7238258677073796e-05,334.11908005772875,0
28.55,38.459690078775076,2.6685529571063348e-05,333.78822373647597,0
28.566666666666666,38.520664520857444,2.614415278116547e-05,333.4576914755149,0
28.583333333333332,38.58157860271305,2.561389177177852e-05,333.12748302218625,0
28.6,38.64243238308768,2.5094515021887432e-05,332.7975981228452,0
28.616666666666667,38.70322592068892,2.458579591648652e-05,332.46803652288435,0
28.633333333333333,38.763959274185915,2.4087512640414265e-05,332.1387979667564,0
28.65,38.82463250220894,2.359944807454511e-05,331.80988219799644,0
28.666666666666668,38.88524566334907,2.3121389694284354e-05,331.48128895924447,0
28.683333333333334,38.94579881615793,2.2653129470313175e-05,331.15301799226563,0
28.7,39.00629201914733,2.2194463771533117e-05,330.82506903797287,0
28.716666666666665,39.06672533078897,2.174519327015873e-05,330.49744183644685,0
28.733333333333334,39.12709880951415,2.1305122848910257e-05,330.1701361269562,0
28.75,39.18741251371346,2.087406151025774e-05,329.84315164797795,0
28.766666666666666,39.24766650173652,2.045182228767066e-05,329.51648813721704,0
28.783333333333335,39.30786083189167,2.0038222158826566e-05,329.1901453316255,0
28.8,39.36799556244571,1.963308196073509e-05,328.86412296742145,0
28.816666666666666,39.42807075162364,1.923622630673243e-05,328.538420780108,0
28.833333333333332,39.48808645760843,1.8847483505305452e-05,328.213038504491,0
28.85,39.5480427385407,1.8466685480702967e-05,327.88797587469725,0
28.866666666666667,39.60793965251849,1.8093667695293123e-05,327.56323262419215,0
28.883333333333333,39.66777725759706,1.7728269073629358e-05,327.238808485797,0
28.9,39.727555611788596,1.7370331928183698e-05,326.91470319170566,0
28.916666666666668,39.787274773062045,1.7019701886711662e-05,326.5909164735017,0
28.933333333333334,39.846934799342804,1.6676227821210865e-05,326.26744806217437,0
28.95,39.90653574851259,1.6339761778437714e-05,325.944297688135,0
28.966666666666665,39.96607767840914,1.601015891194708e-05,325.6214650812324,0
28.983333333333334,40.025560646826065,1.5687277415620604e-05,325.29894997076843,0
29.0,40.08498471151263,1.537097845864946e-05,324.9767520855138,0
29.016666666666666,40.14434993017352,1.5061126121940166e-05,324.65487115372207,0
29.033333333333335,40.20365636046867,1.4757587335910394e-05,324.33330690314483,0
29.05,40.2629040600131,1.4460231819643189e-05,324.0120590610461,0
29.066666666666666,40.32209308637668,1.4168932021371034e-05,323.69112735421635,0
29.083333333333332,40.38122349708399,1.3883563060257318e-05,323.37051150898634,0
29.1,40.4402953496141,1.3604002669448268e-05,323.05021125124074,0
29.116666666666667,40.49930870140044,1.3330131140365644e-05,322.73022630643175,0
29.133333333333333,40.55826360983061,1.3061831268213166e-05,322.41055639959177,0
29.15,40.61716013224623,1.2798988298668485e-05,322.0912012553466,0
29.166666666666668,40.67599832594274,1.2541489875736026e-05,321.77216059792806,0
29.183333333333334,40.73477824816931,1.2289225990732235e-05,321.4534341511864,0
29.2,40.79349995612863,1.204208893238058e-05,321.13502163860215,0
29.216666666666665,40.852163506976765,1.1799973237989985e-05,320.81692278329865,0
29.233333333333334,40.91076895782308,1.1562775645692156e-05,320.4991373080534,0
29.25,40.96931636573003,1.1330395047716272e-05,320.18166493530975,0
29.266666666666666,41.02780578771303,1.1102732444675516e-05,319.86450538718816,0
29.283333333333335,41.08623728074035,1.087969090084471e-05,319.54765838549736,0
29.3,41.14461090173296,1.0661175500406229e-05,319.2311236517452,0
29.316666666666666,41.20292670756443,1.0447093304642844e-05,318.9149009071492,0
29.333333333333332,41.26118475506079,1.0237353310056505e-05,318.59898987264756,0
29.35,41.31938510100039,1.0031866407392542e-05,318.28339026890876,0
29.366666666666667,41.37752780211384,9.830545341549193e-06,317.96810181634237,0
29.383333333333333,41.435612915083844,9.633304672352869e-06,317.6531242351086,0
29.4,41.493640496545126,9.440060736180082e-06,317.33845724512787,0
29.416666666666668,41.55161060308428,9.250731608407096e-06,317.0241005660911,0
29.433333333333334,41.60952329123973,9.065237066669083e-06,316.7100539174683,0
29.45,41.66737861750159,8.883498554911247e-06,316.3963170185183,0
29.466666666666665,41.72517663831155,8.705439148213932e-06,316.0828895882975,0
29.483333333333334,41.78291741006282,8.530983518374806e-06,315.7697713456691,0
29.5,41.840600989100004,8.360057900231767e-06,315.4569620093115,0
29.516666666666666,41.89822743171906,8.192590058709698e-06,315.14446129772676,0
29.533333333333335,41.95579679416713,8.028509256575557e-06,314.8322689292497,0
29.55,42.01330913264255,7.867746222886151e-06,314.52038462205525,0
29.566666666666666,42.070764503294704,7.710233122113172e-06,314.20880809416695,0
29.583333333333332,42.128162962223975,7.5559035239307445e-06,313.89753906346516,0
29.6,42.18550456548168,7.404692373651125e-06,313.5865772476944,0
29.616666666666667,42.24278936906993,7.256535963294002e-06,313.2759223644711,0
29.633333333333333,42.30001742894164,7.1113719032755776e-06,312.96557413129125,0
29.65,42.357188801000426,6.96913909470413e-06,312.65553226553754,0
29.666666666666668,42.414303541100494,6.829777702268337e-06,312.34579648448704,0
29.683333333333334,42.47136170504668,6.693229127705892e-06,312.03636650531774,0
29.7,42.52836334859429,6.5594359838391945e-06,311.7272420451157,0
29.716666666666665,42.585308527449094,6.4283420691661e-06,311.41842282088203,0
29.733333333333334,42.64219729726724,6.2998923429933824e-06,311.10990854953957,0
29.75,42.6990297136552,6.174032901101259e-06,310.8016989479392,0
29.766666666666666,42.75580583216974,6.0507109519272105e-06,310.4937937328663,0
29.783333333333335,42.81252570831785,5.929874793257915e-06,310.1861926210479,0
29.8,42.86918939755668,5.811473789417984e-06,309.87889532915744,0
29.816666666666666,42.925796955293535,5.6954583489450745e-06,309.57190157382206,0
29.833333333333332,42.982348436885786,5.581779902740299e-06,309.2652110716282,0
29.85,43.038843897640845,5.470390882684178e-06,308.95882353912737,0
29.866666666666667,43.09528339281612,5.3612447007073246e-06,308.6527386928418,0
29.883333333333333,43.15166697761897,5.254295728306651e-06,308.3469562492706,0
29.9,43.20799470720668,5.1494992764968415e-06,308.0414759248948,0
29.916666666666668,43.264266636686415,5.046811576188201e-06,307.73629743618284,0
29.933333333333334,43.320482821115164,4.94618975898106e-06,307.43142049959613,0
29.95,43.376643315499734,4.847591838368239e-06,307.1268448315941,0
29.966666666666665,43.43274817479674,4.7509766913362706e-06,306.82257014863933,0
29.983333333333334,43.4887974539125,4.6563040403570405e-06,306.51859616720276,0
30.0,43.54479120770305,4.563534435761282e-06,306.21492260376846,0
30.016666666666666,43.600729490974146,4.472629238485766e-06,305.9115491748385,0
30.033333333333335,43.656612358481205,4.383550603185911e-06,305.60847559693775,0
30.05,43.71243986492926,4.296261461706048e-06,305.3057015866184,0
30.066666666666666,43.76821206497296,4.210725506899676e-06,305.00322686046485,0
30.083333333333332,43.82392901321656,4.1269071767919555e-06,304.70105113509777,0
30.1,43.879590764213894,4.044771639077328e-06,304.3991741271788,0
30.116666666666667,43.935197372468345,3.964284775944725e-06,304.09759555341486,0
30.133333333333333,43.99074889243281,3.885413169223546e-06,303.7963151305622,0
30.15,44.04624537850976,3.808124085843359e-06,303.4953325754306,0
30.166666666666668,44.101686885051095,3.732385463600713e-06,303.19464760488756,0
30.183333333333334,44.157073466358284,3.6581658972262173e-06,302.8942599358623,0
30.2,44.2124051766822,3.58543462474571e-06,302.5941692853493,0
30.216666666666665,44.26768207022325,3.5141615141289867e-06,302.2943753704128,0
30.233333333333334,44.32290420113124,3.444317050219918e-06,301.9948779081899,0
30.25,44.378071623505456,3.3758723219421006e-06,301.6956766158947,0
30.266666666666666,44.433184391394605,3.308799009773933e-06,301.39677121082167,0
30.283333333333335,44.488242558796834,3.2430693734873896e-06,301.0981614103493,0
30.3,44.54324617965972,3.1786562401448035e-06,300.7998469319436,0
30.316666666666666,44.59819530788026,3.1155329923483604e-06,300.50182749316144,0
30.333333333333332,44.65308999730485,3.053673556736466e-06,300.2041028116541,0
30.35,44.70793030172932,2.9930523927220552e-06,299.9066726051701,0
30.366666666666667,44.762716274898914,2.9336444814675754e-06,299.60953659155894,0
30.383333333333333,44.81744797050824,2.875425315091511e-06,299.3126944887738,0
30.4,44.87212544220139,2.8183708861014907e-06,299.01614601487495,0
30.416666666666668,44.926748743571814,2.7624576770492714e-06,298.71989088803275,0
30.433333333333334,44.981317928162404,2.7076626504027317e-06,298.42392882653047,0
30.45,45.035833049465474,2.653963238630231e-06,298.12825954876723,0
30.466666666666665,45.09029416092272,2.6013373344929555e-06,297.832882773261,0
30.483333333333334,45.14470131592528,2.549763281540639e-06,297.5377982186511,0
30.5,45.199054567813754,2.4992198648063578e-06,297.2430056037015,0
30.516666666666666,45.25335396987815,2.4496863016962672e-06,296.9485046473026,0
30.533333333333335,45.307599575357926,2.4011422330700314e-06,296.6542950684748,0
30.55,45.361791437441994,2.353567714507886e-06,296.3603765863708,0
30.566666666666666,45.41592960926873,2.306943207760346e-06,296.0667489202776,0
30.583333333333332,45.47001414392597,2.261249572376825e-06,295.7734117896196,0
30.6,45.52404509445105,2.216468057509087e-06,295.4803649139609,0
30.616666666666667,45.57802251383079,2.1725802938860915e-06,295.1876080130075,0
30.633333333333333,45.63194645500148,2.129568285956422e-06,294.8951408066097,0
30.65,45.68581697084898,2.087414404194773e-06,294.6029630147645,0
30.666666666666668,45.73963411420865,2.0461013775690545e-06,294.3110743576177,0
30.683333333333334,45.7933979378654,2.0056122861646943e-06,294.0194745554663,0
30.7,45.8471084945537,1.965930553962706e-06,293.7281633287603,0
30.716666666666665,45.90076583695759,1.9270399417684633e-06,293.437140398105,0
30.733333333333334,45.954370017710694,1.8889245402877145e-06,293.14640548426314,0
30.75,46.00792108939624,1.8515687633470604e-06,292.85595830815697,0
30.766666666666666,46.061419104547085,1.8149573412554706e-06,292.56579859086986,0
30.783333333333335,46.114864115645716,1.7790753143041266e-06,292.27592605364873,0
30.8,46.168256175124284,1.7439080264015678e-06,291.9863404179054,0
30.816666666666666,46.22159533536462,1.7094411188412333e-06,291.69704140521895,0
30.833333333333332,46.27488164869825,1.6756605241986846e-06,291.40802873733753,0
30.85,46.328115167406395,1.6425524603557285e-06,291.1193021361794,0
30.866666666666667,46.381295943720055,1.6101034246487343e-06,290.8308613238356,0
30.883333333333333,46.434424029819944,1.5783001881385884e-06,290.5427060225714,0
30.9,46.48749947783658,1.547129789999678e-06,290.25483595482746,0
30.916666666666668,46.540522339850256,1.5165795320253664e-06,289.96725084322213,0
30.933333333333334,46.59349266789112,1.48663697324757e-06,289.67995041055275,0
30.95,46.64641051393913,1.4572899246679919e-06,289.3929343797971,0
30.966666666666665,46.69927592992417,1.428526444098618e-06,289.10620247411543,0
30.983333333333334,46.75208896772595,1.4003348311093143e-06,288.81975441685114,0
31.0,46.80484967917415,1.3727036220800683e-06,288.5335899315332,0
31.016666666666666,46.857558116048374,1.3456215853558745e-06,288.24770874187664,0
31.033333333333335,46.91021433007817,1.3190777165019245e-06,287.962110571785,0
31.05,46.96281837294312,1.2930612336571676e-06,287.67679514535064,0
31.066666666666666,47.015370296272806,1.26756157298401e-06,287.39176218685697,0
31.083333333333332,47.067870151646844,1.2425683842122358e-06,287.1070114207791,0
31.1,47.12031799059496,1.218071526275168e-06,286.8225425717856,0
31.116666666666667,47.17271386459694,1.194061063036048e-06,286.53835536473963,0
31.133333333333333,47.22505782508272,1.1705272591028592e-06,286.2544495246999,0
31.15,47.277349923432396,1.1474605757296262e-06,285.97082477692237,0
31.166666666666668,47.32959021097623,1.1248516668024727e-06,285.687480846861,0
31.183333333333334,47.38177873899471,1.102691374908579e-06,285.4044174601691,0
31.2,47.43391555871858,1.0809707274863482e-06,285.12163434270053,0
31.216666666666665,47.486000721328814,1.059680933055113e-06,284.8391312205107,0
31.233333333333334,47.53803427795676,1.0388133775225971e-06,284.55690781985754,0
31.25,47.59001627968403,1.0183596205686322e-06,284.2749638672028,0
31.266666666666666,47.641946777542636,9.983113921034747e-07,283.99329908921277,0
31.283333333333335,47.69382582251496,9.78660588799172e-07,283.7119132127597,0
31.3,47.74565346553384,9.593992706924318e-07,283.43080596492246,0
31.316666666666666,47.79742975748254,9.40519657857527e-07,283.1499770729875,0
31.333333333333332,47.84915474919484,9.220141271477614e-07,282.86942626445006,0
31.35,47.900828491455016,9.038752090040779e-07,282.58915326701475,0
31.366666666666667,47.95245103499792,8.860955843293546e-07,282.3091578085967,0
31.383333333333333,48.004022430508975,8.686680814270889e-07,282.0294396173222,0
31.4,48.05554272862424,8.515856730030937e-07,281.74999842153005,0
31.416666666666668,48.107011979930384,8.348414732288618e-07,281.47083394977176,0
31.433333333333334,48.158430234964804,8.184287348653745e-07,281.19194593081266,0
31.45,48.20979754421561,8.023408464460272e-07,280.9133340936327,0
31.466666666666665,48.26111395812166,7.865713295175076e-07,280.6349981674274,0
31.483333333333334,48.31237952707259,7.711138359373528e-07,280.3569378816081,0
31.5,48.36359430140889,7.559621452270636e-07,280.0791529658032,0
31.516666666666666,48.414758331421844,7.411101619795661e-07,279.8016431498588,0
31.533333333333335,48.46587166735368,7.265519133199366e-07,279.5244081638392,0
31.55,48.516934359397546,7.122815464182542e-07,279.2474477380276,0
31.566666666666666,48.56794645769752,6.982933260534901e-07,278.97076160292687,0
31.583333333333332,48.61890801234874,6.845816322274144e-07,278.69434948926033,0
31.6,48.66981907339731,6.711409578274178e-07,278.41821112797203,0
31.616666666666667,48.720679690840434,6.579659063372981e-07,278.1423462502279,0
31.633333333333333,48.77148991462642,6.450511895949492e-07,277.8667545874157,0
31.65,48.82224979465473,6.323916255960448e-07,277.5914358711462,0
31.666666666666668,48.87295938077598,6.199821363427056e-07,277.31638983325337,0
31.683333333333334,48.923618722792014,6.078177457362507e-07,277.041616205795,0
31.7,48.97422787045594,5.958935775131115e-07,276.7671147210535,0
31.716666666666665,49.02478687347213,5.842048532229958e-07,276.49288511153605,0
31.733333333333334,49.07529578149629,5.727468902484529e-07,276.21892710997537,0
31.75,49.12575464413552,5.615150998649669e-07,275.94524044933024,0
31.766666666666666,49.176163510948264,5.505049853407313e-07,275.6718248627856,0
31.783333333333335,49.22652243144446,5.397121400752953e-07,275.39868008375373,0
31.8,49.2768314550855,5.291322457762889e-07,275.12580584587397,0
31.816666666666666,49.327090631284285,5.187610706733919e-07,274.85320188301364,0
31.833333333333332,49.37730000940529,5.085944677688343e-07,274.58086792926827,0
31.85,49.42745963876456,4.986283731236336e-07,274.30880371896217,0
31.866666666666667,49.47756956862977,4.888588041788438e-07,274.0370089866487,0
31.883333333333333,49.527629848220286,4.792818581110818e-07,273.7654834671105,0
31.9,49.577640526707185,4.698937102216423e-07,273.4942268953606,0
31.916666666666668,49.627601653213254,4.606906123584962e-07,273.2232390066418,0
31.933333333333334,49.67751327681311,4.5166889137046846e-07,272.95251953642776,0
31.95,49.72737544653313,4.428249475929965e-07,272.68206822042293,0
31.966666666666665,49.77718821135165,4.341552533647286e-07,272.4118847945634,0
31.983333333333334,49.82695162019885,4.2565635157440884e-07,272.1419689950165,0
32.0,49.876665721956826,4.1732485423737443e-07,271.8723205581819,0
32.016666666666666,49.926330565459736,4.091574411010573e-07,271.6029392206912,0
32.03333333333333,49.97594619949371,4.01150858278923e-07,271.3338247194089,0
32.05,50.02551267279694,3.9330191691222057e-07,271.0649767914319,0
32.06666666666667,50.075030034059736,3.85607491859003e-07,270.7963951740907,0
32.083333333333336,50.12449833192455,3.780645204098319e-07,270.5280796049491,0
32.1,50.17391761498599,3.7067000102963766e-07,270.2600298218044,0
32.11666666666667,50.223287931790935,3.6342099212518036e-07,269.9922455626878,0
32.13333333333333,50.27260933083849,3.5631461083758915e-07,269.7247265658649,0
32.15,50.32188186058008,3.493480318594694e-07,269.4574725698355,0
32.166666666666664,50.37110556941948,3.4251848627606846e-07,269.19048331333414,0
32.18333333333333,50.42028050571283,3.358232604300038e-07,268.9237585353301,0
32.2,50.46940671776871,3.292596948090618e-07,268.65729797502763,0
32.21666666666667,50.51848425384816,3.2282518295661707e-07,268.3911013718664,0
32.233333333333334,50.56751316216474,3.1651717040417843e-07,268.1251684655215,0
32.25,50.61649349088454,3.1033315362562357e-07,267.8594989959035,0
32.266666666666666,50.665425288126265,3.042706790126747e-07,267.5940927031587,0
32.28333333333333,50.71430860196124,2.983273418711784e-07,267.3289493276696,0
32.3,50.76314348041344,2.925007854377561e-07,267.06406861005473,0
32.31666666666667,50.81192997145959,2.8678869991641827e-07,266.7994502911687,0
32.333333333333336,50.860668123029136,2.811888215347263e-07,266.53509411210285,0
32.35,50.909357983004334,2.7569893161909913e-07,266.2709998141848,0
32.36666666666667,50.95799959922029,2.7031685568887477e-07,266.00716713897896,0
32.38333333333333,51.00659301946496,2.650404625687461e-07,265.7435958282867,0
32.4,51.05513829147926,2.5986766351919e-07,265.48028562414606,0
32.416666666666664,51.10363546295701,2.54796411384512e-07,265.2172362688321,0
32.43333333333333,51.1520845815451,2.49824699758171e-07,264.9544475048573,0
32.45,51.20048569484342,2.449505621649982e-07,264.6919190749713,0
32.46666666666667,51.24883885040496,2.4017207125999365e-07,264.42965072216083,0
32.483333333333334,51.29714409573583,2.3548733804333882e-07,264.1676421896504,0
32.5,51.34540147829533,2.3089451109130491e-07,263.9058932209017,0
32.516666666666666,51.393611045495966,2.2639177580272983e-07,263.64440355961426,0
32.53333333333333,51.441772844703486,2.21977353660743e-07,263.3831729497251,0
32.55,51.48988692323694,2.176495015094322e-07,263.12220113540894,0
32.56666666666667,51.53795332836871,2.1340651084513435e-07,262.8614878610784,0
32.583333333333336,51.58597210732458,2.092467071220657e-07,262.60103287138384,0
32.6,51.63394330728375,2.0516844907199207e-07,262.34083591121333,0
32.61666666666667,51.681866975378846,2.0117012803764832e-07,262.08089672569315,0
32.63333333333333,51.72974315869607,1.972501673196342e-07,261.8212150601873,0
32.65,51.777571904275106,1.9340702153650705e-07,261.5617906602979,0
32.666666666666664,51.82535325910928,1.8963917599779935e-07,261.302623271865,0
32.68333333333333,51.87308727014552,1.8594514608970387e-07,261.0437126409666,0
32.7,51.92077398428442,1.8232347667316262e-07,260.7850585139189,0
32.71666666666667,51.96841344838035,1.7877274149410962e-07,260.5266606372761,0
32.733333333333334,52.016005709241384,1.7529154260561957e-07,260.2685187578304,0
32.75,52.0635508136294,1.7187850980171144e-07,260.01063262261215,0
32.766666666666666,52.11104880826014,1.6853230006258882e-07,259.7530019788897,0
32.78333333333333,52.15849973980325,1.6525159701106045e-07,259.4956265741694,0
32.8,52.20590365488227,1.6203511037992745e-07,259.2385061561959,0
32.81666666666667,52.25326060007474,1.5888157549011764e-07,258.9816404729516,0
32.833333333333336,52.300570621912186,1.5578975273932934e-07,258.7250292726571,0
32.85,52.34783376688022,1.527584271009925e-07,258.468672303771,0
32.86666666666667,52.39505008141854,1.4978640763332151e-07,258.2125693149897,0
32.88333333333333,52.442219611920976,1.4687252699826284e-07,257.95672005524773,0
32.9,52.489342404735574,1.4401564099013228e-07,257.70112427371737,0
32.916666666666664,52.53641850616457,1.4121462807374543e-07,257.4457817198091,0
32.93333333333333,52.58344796246449,1.384683889318489e-07,257.1906921431708,0
32.95,52.63043081984617,1.3577584602166346e-07,256.9358552936884,0
32.96666666666667,52.67736712447479,1.3313594314035356e-07,256.68127092148546,0
32.983333333333334,52.72425692246996,1.3054764499924055e-07,256.42693877692346,0
33.0,52.77110025990569,1.2800993680658252e-07,256.1728586106011,0
33.016666666666666,52.81789718281049,1.2552182385875154e-07,255.9190301733551,0
33.03333333333333,52.8646477371674,1.2308233113962613e-07,255.66545321625944,0
33.05,52.91135196891401,1.206905029280457e-07,255.41212749062564,0
33.06666666666667,52.95800992394254,1.1834540241315726e-07,255.15905274800255,0
33.083333333333336,53.004621648099864,1.160461113174883e-07,254.90622874017643,0
33.1,53.05118718718752,1.1379172952759942e-07,254.65365521917076,0
33.11666666666667,53.09770658696183,1.1158137473216002e-07,254.40133193724606,0
33.13333333333333,53.144179893133845,1.0941418206728805e-07,254.1492586469002,0
33.15,53.190607151369484,1.0728930376902226e-07,253.89743510086788,0
33.166666666666664,53.23698840728952,1.0520590883276415e-07,253.64586105212072,0
33.18333333333333,53.28332370646961,1.0316318267956718e-07,253.39453625386727,0
33.2,53.3296130944404,1.0116032682911537e-07,253.14346045955284,0
33.21666666666667,53.375856616687514,9.919655857927446e-08,252.89263342285923,0
33.233333333333334,53.42205431865159,9.727111069206587e-08,252.64205489770498,0
33.25,53.468206245728375,9.538323108594534e-08,252.3917246382451,0
33.266666666666666,53.51431244326871,9.353218253425402e-08,252.14164239887083,0
33.28333333333333,53.56037295657863,9.171724236971465e-08,251.89180793420985,0
33.3,53.60638783091937,8.99377021948561e-08,251.64222099912587,0
33.31666666666667,53.652357111507385,8.819286759824122e-08,251.39288134871873,0
33.333333333333336,53.69828084351446,8.648205787638354e-08,251.14378873832416,0
33.35,53.74415907206768,8.480460576123749e-08,250.89494292351384,0
33.36666666666667,53.78999184224954,8.31598571531469e-08,250.64634366009508,0
33.38333333333333,53.835779199097935,8.154717085914716e-08,250.39799070411078,0
33.4,53.88152118760622,7.996591833650465e-08,250.14988381183946,0
33.416666666666664,53.927217852723246,7.841548344139513e-08,249.90202273979483,0
33.43333333333333,53.97286923935344,7.689526218261338e-08,249.654407244726,0
33.45,54.01847539235681,7.540466248021246e-08,249.40703708361724,0
33.46666666666667,54.06403635654897,7.394310392897587e-08,249.15991201368763,0
33.483333333333334,54.10955217670122,7.251001756662076e-08,248.91303179239134,0
33.5,54.1550228975406,7.110484564663984e-08,248.66639617741714,0
33.516666666666666,54.20044856374986,6.9727041415688e-08,248.42000492668862,0
33.53333333333333,54.24582921996761,6.837606889542145e-08,248.17385779836363,0
33.55,54.29116491078826,6.705140266869836e-08,247.92795455083441,0
33.56666666666667,54.33645568076213,6.575252767005497e-08,247.68229494272765,0
33.583333333333336,54.38170157439544,6.447893898037046e-08,247.4368787329038,0
33.6,54.426902636150444,6.32301416256353e-08,247.19170568045755,0
33.61666666666667,54.47205891044532,6.200565037974096e-08,246.94677554471707,0
33.63333333333333,54.51717044165436,6.080498957121043e-08,246.7020880852445,0
33.65,54.56223727410795,5.962769289378875e-08,246.45764306183534,0
33.666666666666664,54.6072594520926,5.84733032208172e-08,246.2134402345185,0
33.68333333333333,54.65223701985101,5.7341372423314115e-08,245.9694793635561,0
33.7,54.697170021582096,5.6231461191688056e-08,245.72576020944337,0
33.71666666666667,54.74205850144104,5.514313886101037e-08,245.4822825329084,0
33.733333333333334,54.78690250353937,5.407598323977364e-08,245.2390460949123,0
33.75,54.8317020719449,5.302958044207054e-08,244.99605065664846,0
33.766666666666666,54.876457250681895,5.200352472311727e-08,244.75329597954288,0
33.78333333333333,54.92116808373102,5.099741831806177e-08,244.51078182525404,0
33.8,54.96583461502945,5.001087128400435e-08,244.26850795567236,0
33.81666666666667,55.01045688847084,4.904350134517003e-08,244.02647413292047,0
33.833333333333336,55.05503494790545,4.8094933741168324e-08,243.78468011935269,0
33.85,55.09956883714009,4.716480107827677e-08,243.54312567755505,0
33.86666666666667,55.14405859993826,4.6252743183690455e-08,243.30181057034528,0
33.88333333333333,55.18850428002013,4.535840696267452e-08,243.06073456077226,0
33.9,55.2329059210626,4.448144625856443e-08,242.8198974121162,0
33.916666666666664,55.277263566699354,4.362152171555458e-08,242.57929888788837,0
33.93333333333333,55.32157726052086,4.277830064421995e-08,242.3389387518308,0
33.95,55.365847046074485,4.195145688971692e-08,242.09881676791642,0
33.96666666666667,55.410072966864455,4.114067070260705e-08,241.85893270034856,0
33.983333333333334,55.454255066351955,4.0345628612254985e-08,241.619286313561,0
34.0,55.49839338795513,3.956602330274394e-08,241.37987737221772,0
34.016666666666666,55.54248797504918,3.880155349126251e-08,241.14070564121266,0
34.03333333333333,55.586538870966315,3.805192380891114e-08,240.90177088566972,0
34.05,55.630546118995944,3.731684468388033e-08,240.6630728709426,0
34.06666666666667,55.67450976238453,3.6596032226951985e-08,240.42461136261437,0
34.083333333333336,55.71842984433577,3.588920811927907e-08,240.18638612649744,0
34.1,55.7623064080106,3.519609950239688e-08,239.9483969286335,0
34.11666666666667,55.8061394965272,3.451643887042084e-08,239.71064353529331,0
34.13333333333333,55.849929152961074,3.3849963964387834e-08,239.4731257129763,0
34.15,55.893675420345104,3.3196417668697756e-08,239.23584322841063,0
34.166666666666664,55.93737834166954,3.2555547909613033e-08,238.998795848553,0
34.18333333333333,55.9810379598821,3.192710755577514e-08,238.7619833405883,0
34.2,56.02465431788795,3.131085432069808e-08,238.52540547192962,0
34.21666666666667,56.06822745854979,3.070655066719797e-08,238.28906201021798,0
34.233333333333334,56.111757424687916,3.011396371372177e-08,238.05295272332216,0
34.25,56.15524425908018,2.953286514253535e-08,237.8170773793385,0
34.266666666666666,56.19868800446209,2.896303110973528e-08,237.58143574659084,0
34.28333333333333,56.242088703526875,2.840424215704672e-08,237.34602759363014,0
34.3,56.285446398925465,2.785628312537237e-08,237.11085268923443,0
34.31666666666667,56.32876113326656,2.731894307005661e-08,236.8759108024086,0
34.333333333333336,56.372032949116694,2.6792015177831408e-08,236.64120170238428,0
34.35,56.41526188900021,2.6275296685410713e-08,236.40672515861942,0
34.36666666666667,56.4584479953994,2.576858879969866e-08,236.17248094079847,0
34.38333333333333,56.501591310754456,2.527169661958064e-08,235.9384688188318,0
34.4,56.544691877463556,2.478442905926596e-08,235.70468856285603,0
34.416666666666664,56.58774973788289,2.4306598773150116e-08,235.4711399432332,0
34.43333333333333,56.63076493432671,2.3838022082166314e-08,235.23782273055107,0
34.45,56.67373750906737,2.3378518901597412e-08,235.0047366956227,0
34.46666666666667,56.71666750433536,2.2927912670318346e-08,234.77188160948648,0
34.483333333333334,56.759554962319356,2.2486030281441232e-08,234.53925724340567,0
34.5,56.80239992516626,2.2052702014333313e-08,234.30686336886833,0
34.516666666666666,56.84520243498123,2.1627761467983288e-08,234.0746997575872,0
34.53333333333333,56.88796253382772,2.1211045495686263e-08,233.84276618149946,0
34.55,56.93068026372755,2.0802394141022882e-08,233.6110624127665,0
34.56666666666667,56.97335566666092,2.0401650575106106e-08,233.37958822377374,0
34.583333333333336,57.01598878456645,2.000866103506993e-08,233.1483433871305,0
34.6,57.05857965934122,1.962327476377657e-08,232.91732767566978,0
34.61666666666667,57.10112833284083,1.9245343950716495e-08,232.68654086244797,0
34.63333333333333,57.14363484687945,1.88747236740779e-08,232.45598272074497,0
34.65,57.1860992432298,1.8511271843963147e-08,232.22565302406346,0
34.666666666666664,57.22852156362324,1.8154849146727786e-08,231.9955515461292,0
34.68333333333333,57.27090184974982,1.7805318990421495e-08,231.76567806089076,0
34.7,57.31324014325829,1.7462547451307228e-08,231.536032342519,0
34.71666666666667,57.35553648575615,1.712640322143877e-08,231.30661416540727,0
34.733333333333334,57.397790918809704,1.6796757557274236e-08,231.0774233041709,0
34.75,57.44000348394406,1.647348422930585e-08,230.84845953364734,0
34.766666666666666,57.48217422264324,1.6156459472685446e-08,230.61972262889557,0
34.78333333333333,57.52430317635015,1.58455619388254e-08,230.39121236519634,0
34.8,57.566390386466644,1.55406726479564e-08,230.16292851805153,0
34.81666666666667,57.60843589435361,1.524167494262271e-08,229.93487086318433,0
34.833333333333336,57.65043974133094,1.494845444209534e-08,229.70703917653887,0
34.85,57.69240196867761,1.466089899768712e-08,229.47943323427995,0
34.86666666666667,57.7343226176317,1.437889864894885e-08,229.25205281279304,0
34.88333333333333,57.77620172939045,1.410234558073158e-08,229.02489768868392,0
34.9,57.818039345110314,1.3831134081096018e-08,228.7979676387786,0
34.916666666666664,57.85983550590697,1.3565160500053212e-08,228.57126244012304,0
34.93333333333333,57.901590252855364,1.3304323209119605e-08,228.34478186998297,0
34.95,57.94330362698976,1.3048522561670171e-08,228.11852570584364,0
34.96666666666667,57.98497566930379,1.2797660854074382e-08,227.89249372540988,0
34.983333333333334,58.02660642075048,1.2551642287598287e-08,227.6666857066056,0
35.0,58.068195922242275,1.2310372931058985e-08,227.44110142757359,0
35.016666666666666,58.1097442146511,1.2073760684215161e-08,227.2157406666756,0
35.03333333333333,58.151251338808414,1.184171524188011e-08,226.9906032024919,0
35.05,58.19271733550522,1.1614148058742056e-08,226.7656888138212,0
35.06666666666667,58.234142245492116,1.1390972314878463e-08,226.54099727968045,0
35.083333333333336,58.27552610947933,1.1172102881950096e-08,226.3165283793045,0
35.1,58.31686896813678,1.0957456290061494e-08,226.09228189214596,0
35.11666666666667,58.35817086209408,1.0746950695274464e-08,225.86825759787527,0
35.13333333333333,58.39943183190449,1.0540505847762058e-08,225.6444552790885,0
35.15,58.440651918154025,1.0338043060796754e-08,225.4208747131295,0
35.166666666666664,58.48183116135165,1.0139485179538382e-08,225.19751568032112,0
35.18333333333333,58.52296960196627,9.9447565516115e-09,224.97437796120312,0
35.2,58.56406728042663,9.753782997534202e-09,224.7514613365318,0
35.21666666666667,58.60512423712149,9.56649178187453e-09,224.5287655872798,0
35.233333333333334,58.64614051239955,9.38281158498586e-09,224.30629049463607,0
35.25,58.68711614656957,9.202672475300208e-09,224.08403584000547,0
35.266666666666666,58.7280511799004,9.026005882166919e-09,223.8620014050087,0
35.28333333333333,58.76894565262095,8.852744569226235e-09,223.64018697148202,0
35.3,58.809799604920315,8.682822608306833e-09,223.41859232147712,0
35.31666666666667,58.850613076947766,8.516175353837043e-09,223.19721723726087,0
35.333333333333336,58.8913861088128,8.352739417759548e-09,222.9760615013153,0
35.35,58.93211874058521,8.192452644939626e-09,222.75512489633698,0
35.36666666666667,58.97281101229506,8.035254089056987e-09,222.53440720523722,0
35.38333333333333,59.01346296393277,7.88108398897195e-09,222.31390821114164,0
35.4,59.05407463544915,7.729883745556371e-09,222.09362769739025,0
35.416666666666664,59.094646066755416,7.581595898979914e-09,221.8735654475369,0
35.43333333333333,59.135177297723274,7.436164106443145e-09,221.65372124534932,0
35.45,59.17566836818492,7.293533120348239e-09,221.4340948748088,0
35.46666666666667,59.21611931793309,7.153648766898714e-09,221.2146861201101,0
35.483333333333334,59.25653018672111,7.0164579251197515e-09,220.9954947656611,0
35.5,59.29690101426288,6.881908506290899e-09,220.77652059608278,0
35.516666666666666,59.33723184023302,6.749949433782572e-09,220.55776339620886,0
35.53333333333333,59.377522704266816,6.6205306232890165e-09,220.33922295108562,0
35.55,59.417773645960295,6.49360296344941e-09,220.1208990459719,0
35.56666666666667,59.457984704870235,6.369118296849388e-09,219.90279146633856,0
35.583333333333336,59.498155920514264,6.247029401395934e-09,219.68489999786865,0
35.6,59.538287332370835,6.127289972057917e-09,219.46722442645688,0
35.61666666666667,59.57837897987931,6.009854602964941e-09,219.24976453820966,0
35.63333333333333,59.618430902439954,5.894678769857764e-09,219.03252011944477,0
35.65,59.658443139414025,5.781718812883123e-09,218.8154909566911,0
35.666666666666664,59.698415730123784,5.670931919726287e-09,218.5986768366887,0
35.68333333333333,59.73834871385251,5.562276109074469e-09,218.38207754638842,0
35.7,59.77824212984458,5.455710214404775e-09,218.16569287295164,0
35.71666666666667,59.81809601730551,5.351193868090238e-09,217.9495226037502,0
35.733333333333334,59.857910415401946,5.248687485817498e-09,217.73356652636616,0
35.75,59.897685363261765,5.148152251310309e-09,217.51782442859147,0
35.766666666666666,59.93742089997406,5.049550101352359e-09,217.30229609842803,0
35.78333333333333,59.977117064589194,4.952843711104007e-09,217.08698132408733,0
35.8,60.016773896118835,4.8579964797068005e-09,216.87187989399027,0
35.81666666666667,60.056391433536035,4.7649725161701885e-09,216.6569915967668,0
35.833333333333336,60.095969715775205,4.673736625534877e-09,216.44231622125616,0
35.85,60.13550878173219,4.584254295307451e-09,216.22785355650618,0
35.86666666666667,60.17500867026432,4.496491682160678e-09,216.0136033917734,0
35.88333333333333,60.214469420190404,4.410415598894514e-09,215.7995655165227,0
35.9,60.253891070290805,4.325993501652599e-09,215.58573972042737,0
35.916666666666664,60.29327365930747,4.243193477389081e-09,215.37212579336855,0
35.93333333333333,60.33261722594393,4.161984231580963e-09,215.15872352543516,0
35.95,60.37192180886543,4.0823350761811125e-09,214.94553270692384,0
35.96666666666667,60.411187446698854,4.0042159178071695e-09,214.73255312833857,0
35.983333333333334,60.450414178032844,3.927597246161764e-09,214.5197845803906,0
36.0,60.48960204141781,3.852450122679358e-09,214.30722685399832,0
36.016666666666666,60.52875107536597,3.778746169395375e-09,214.09487974028673,0
36.03333333333333,60.56786131835136,3.706457558033169e-09,213.88274303058756,0
36.05,60.60693280880993,3.6355569993047e-09,213.67081651643895,0
36.06666666666667,60.64596558513956,3.566017732420323e-09,213.45909998958524,0
36.083333333333336,60.68495968570006,3.4978135148040934e-09,213.2475932419769,0
36.1,60.72391514881322,3.4309186120101442e-09,213.03629606577013,0
36.11666666666667,60.762832012762914,3.365307787836296e-09,212.8252082533268,0
36.13333333333333,60.80171031579503,3.3009562946311385e-09,212.6143295972142,0
36.15,60.840550096117624,3.237839863790628e-09,212.40365989020492,0
36.166666666666664,60.879351391900826,3.17593469644045e-09,212.19319892527653,0
36.18333333333333,60.91811424127704,3.115217454300708e-09,211.9829464956114,0
36.2,60.95683868234079,3.0556652507291008e-09,211.77290239459666,0
36.21666666666667,60.995524753148935,2.997255641939232e-09,211.56306641582378,0
36.233333333333334,61.03417249172059,2.939966618390553e-09,211.3534383530885,0
36.25,61.07278193603722,2.8837765963465665e-09,211.14401800039067,0
36.266666666666666,61.111353124042644,2.8286644095980502e-09,210.934805151934,0
36.28333333333333,61.1498860936431,2.7746093013479425e-09,210.7257996021257,0
36.3,61.188380882707264,2.7215909162547324e-09,210.51700114557664,0
36.31666666666667,61.22683752906628,2.669589292631457e-09,210.3084095771008,0
36.333333333333336,61.26525607051386,2.6185848547968296e-09,210.1000246917154,0
36.35,61.3036365448062,2.5685584055759492e-09,209.8918462846403,0
36.36666666666667,61.34197898966215,2.5194911189473614e-09,209.6838741512983,0
36.38333333333333,61.380283442763144,2.4713645328337034e-09,209.47610808731437,0
36.4,61.41854994175331,2.424160542033125e-09,209.268547888516,0
36.416666666666664,61.456778524239475,2.37786139128866e-09,209.06119335093274,0
36.43333333333333,61.494969227791195,2.332449668492956e-09,208.8540442707958,0
36.45,61.53312208994081,2.2879082980255e-09,208.64710044453844,0
36.46666666666667,61.57123714818348,2.2442205342199943e-09,208.44036166879516,0
36.483333333333334,61.609314439977204,2.201369954959151e-09,208.23382774040178,0
36.5,61.64735400274288,2.1593404553944495e-09,208.0274984563953,0
36.516666666666666,61.68535587386431,2.11811624178837e-09,207.82137361401368,0
36.53333333333333,61.72332009068828,2.0776818254768886e-09,207.61545301069543,0
36.55,61.76124669052456,2.0380220169495306e-09,207.40973644407964,0
36.56666666666667,61.799135710645956,1.9991219200450403e-09,207.20422371200584,0
36.583333333333336,61.83698718828836,1.96096692626014e-09,206.99891461251357,0
36.6,61.87480116065073,1.9235427091692985e-09,206.7938089438423,0
36.61666666666667,61.912577664895224,1.886835218953251e-09,206.5889065044313,0
36.63333333333333,61.95031673814714,1.8508306770342492e-09,206.38420709291924,0
36.65,61.98801841749499,1.8155155708157803e-09,206.17971050814432,0
36.666666666666664,62.02568273999056,1.7808766485248803e-09,205.9754165491438,0
36.68333333333333,62.063309742648926,1.74690091415493e-09,205.77132501515393,0
36.7,62.100899462448474,1.7135756225069887e-09,205.56743570560977,0
36.71666666666667,62.138451936330966,1.680888274327748e-09,205.36374842014484,0
36.733333333333334,62.17596720120155,1.6488266115421862e-09,205.16026295859106,0
36.75,62.21344529392882,1.6173786125790928e-09,204.9569791209786,0
36.766666666666666,62.250886251344824,1.5865324877876552e-09,204.75389670753563,0
36.78333333333333,62.28829011024514,1.556276674943256e-09,204.55101551868805,0
36.8,62.32565690738888,1.5265998348408652e-09,204.34833535505936,0
36.81666666666667,62.36298667949872,1.4974908469741382e-09,204.1458560174706,0
36.833333333333336,62.40027946326095,1.468938805298694e-09,203.94357730693977,0
36.85,62.43753529532555,1.4409330140778578e-09,203.7414990246822,0
36.86666666666667,62.474754212306145,1.4134629838092478e-09,203.53962097210987,0
36.88333333333333,62.511936250780096,1.3865184272306807e-09,203.33794295083138,0
36.9,62.54908144728853,1.3600892554037188e-09,203.13646476265188,0
36.916666666666664,62.58618983833636,1.3341655738735229e-09,202.93518620957275,0
36.93333333333333,62.62326146039235,1.3087376789033562e-09,202.73410709379138,0
36.95,62.660296349889094,1.2837960537823678e-09,202.53322721770112,0
36.96666666666667,62.69729454322312,1.2593313652051917e-09,202.33254638389093,0
36.983333333333334,62.734256076754896,1.235334459721961e-09,202.13206439514522,0
37.0,62.77118098680882,1.211796360257351e-09,201.93178105444377,0
37.016666666666666,62.808069309673336,1.188708262697352e-09,201.7316961649615,0
37.03333333333333,62.844921081600944,1.1660615325423613e-09,201.5318095300681,0
37.05,62.88173633880821,1.143847701625383e-09,201.33212095332811,0
37.06666666666667,62.918515117475785,1.1220584648939973e-09,201.13263023850055,0
37.083333333333336,62.95525745374852,1.1006856772549112e-09,200.93333718953883,0
37.1,62.99196338373543,1.0797213504798093e-09,200.7342416105904,0
37.11666666666667,63.02863294350974,1.0591576501713637e-09,200.53534330599675,0
37.13333333333333,63.06526616910897,1.0389868927881733e-09,200.33664208029322,0
37.15,63.10186309653491,1.0192015427275451e-09,200.1381377382086,0
37.166666666666664,63.13842376175367,9.997942094649066e-10,199.9398300846651,0
37.18333333333333,63.174948200695745,9.807576447488276e-10,199.74171892477807,0
37.2,63.211436449256006,9.620847398505017e-10,199.54380406385602,0
37.21666666666667,63.24788854329379,9.437685228666744e-10,199.3460853074002,0
37.233333333333334,63.28430451863287,9.258021560749121e-10,199.1485624611044,0
37.25,63.32068441106155,9.081789333402655e-10,198.95123533085507,0
37.266666666666666,63.35702825633266,8.908922775722667e-10,198.75410372273063,0
37.28333333333333,63.39333609016361,8.739357382312873e-10,198.55716744300184,0
37.3,63.429607948236416,8.573029888833427e-10,198.36042629813113,0
37.31666666666667,63.46584386619773,8.409878248023102e-10,198.16388009477274,0
37.333333333333336,63.50204387965892,8.249841606187277e-10,197.96752863977235,0
37.35,63.538208024196045,8.092860280141888e-10,197.77137174016696,0
37.36666666666667,63.57433633534991,7.938875734604969e-10,197.57540920318468,0
37.38333333333333,63.6104288486261,7.787830560026899e-10,197.37964083624453,0
37.4,63.64648559949504,7.639668450850509e-10,197.18406644695645,0
37.416666666666664,63.682506623392,7.494334184193312e-10,196.98868584312072,0
37.43333333333333,63.71849195571716,7.351773598942859e-10,196.793498832728,0
37.45,63.754441631835576,7.21193357525773e-10,196.59850522395934,0
37.46666666666667,63.790355687077316,7.074762014466248e-10,196.40370482518549,0
37.483333333333334,63.82623415673742,6.940207819354463e-10,196.2090974449673,0
37.5,63.862077076075956,6.808220874836991e-10,196.0146828920551,0
37.516666666666666,63.89788448031804,6.678752029002123e-10,195.82046097538856,0
37.53333333333333,63.9336564046539,6.551753074524594e-10,195.62643150409681,0
37.55,63.96939288423891,6.42717673043862e-10,195.4325942874979,0
37.56666666666667,64.00509395419358,6.304976624264251e-10,195.2389491350988,0
37.583333333333336,64.04075964960367,6.185107274479973e-10,195.0454958565952,0
37.6,64.07639000552012,6.067524073335184e-10,194.85223426187116,0
37.61666666666667,64.11198505695918,5.952183269995513e-10,194.65916416099918,0
37.63333333333333,64.14754483890238,5.839041954014822e-10,194.46628536423992,0
37.65,64.1830693862966,5.728058039127314e-10,194.27359768204195,0
37.666666666666664,64.2185587340541,5.619190247353696e-10,194.08110092504154,0
37.68333333333333,64.25401291705255,5.512398093415048e-10,193.88879490406256,0
37.7,64.28943197013506,5.407641869448786e-10,193.69667943011638,0
37.71666666666667,64.32481592811017,5.304882630020315e-10,193.50475431440145,0
37.733333333333334,64.36016482575201,5.204082177425223e-10,193.31301936830332,0
37.75,64.39547869780019,5.105203047275803e-10,193.1214744033944,0
37.766666666666666,64.43075757895994,5.008208494366714e-10,192.9301192314336,0
37.78333333333333,64.46600150390208,4.913062478814345e-10,192.73895366436645,0
37.8,64.50121050726307,4.819729652464275e-10,192.5479775143247,0
37.81666666666667,64.53638462364508,4.728175345562018e-10,192.35719059362629,0
37.833333333333336,64.57152388761598,4.638365553681597e-10,192.16659271477505,0
37.85,64.60662833370938,4.55026692490712e-10,191.97618369046037,0
37.86666666666667,64.6416979964247,4.4638467472622985e-10,191.78596333355745,0
37.88333333333333,64.67673291022712,4.379072936383353e-10,191.59593145712668,0
37.9,64.71173310954774,4.2959140234301545e-10,191.4060878744138,0
37.916666666666664,64.7466986287835,4.2143391432314574e-10,191.21643239884938,0
37.93333333333333,64.78162950229728,4.134318022659229e-10,191.0269648440489,0
37.95,64.81652576441789,4.0558209692279264e-10,190.83768502381253,0
37.96666666666667,64.85138744944017,3.9788188599141996e-10,190.64859275212478,0
37.983333333333334,64.8862145916249,3.9032831301928803e-10,190.45968784315448,0
38.0,64.92100722519902,3.8291857632847897e-10,190.2709701112546,0
38.016666666666666,64.95576538435543,3.756499279612615e-10,190.08243937096202,0
38.03333333333333,64.99048910325327,3.6851967264604497e-10,189.8940954369973,0
38.05,65.02517841601774,3.615251667833368e-10,189.70593812426452,0
38.06666666666667,65.0598333567403,3.54663817451281e-10,189.51796724785123,0
38.083333333333336,65.09445395947857,3.479330814304354e-10,189.3301826230281,0
38.1,65.12904025825648,3.41330464247382e-10,189.14258406524874,0
38.11666666666667,65.16359228706422,3.3485351923682177e-10,188.9551713901498,0
38.13333333333333,65.19811007985831,3.284998466217849e-10,188.76794441355037,0
38.15,65.23259367056158,3.2226709261162315e-10,188.5809029514521,0
38.166666666666664,65.26704309306334,3.161529485174159e-10,188.39404682003888,0
38.18333333333333,65.30145838121922,3.101551498844646e-10,188.20737583567671,0
38.2,65.33583956885136,3.0427147564154684e-10,188.0208898149135,0
38.21666666666667,65.3701866897484,2.9849974726659555e-10,187.83458857447897,0
38.233333333333334,65.40449977766545,2.928378279684941e-10,187.64847193128435,0
38.25,65.43877886632423,2.8728362188466455e-10,187.46253970242225,0
38.266666666666666,65.47302398941301,2.8183507329415103e-10,187.2767917051666,0
38.28333333333333,65.50723518058666,2.764901658458996e-10,187.09122775697213,0
38.3,65.54141247346679,2.7124692180192585e-10,186.90584767547463,0
38.31666666666667,65.57555590164161,2.6610340129509863e-10,186.72065127849046,0
38.333333333333336,65.60966549866606,2.6105770160124715e-10,186.53563838401655,0
38.35,65.64374129806188,2.561079564253126e-10,186.35080881022995,0
38.36666666666667,65.67778333331758,2.5125233520127723e-10,186.16616237548808,0
38.38333333333333,65.71179163788842,2.464890424056038e-10,185.9816988983282,0
38.4,65.74576624519662,2.4181631688391483e-10,185.79741819746735,0
38.416666666666664,65.7797071886312,2.3723243119067183e-10,185.61332009180222,0
38.43333333333333,65.81361450154814,2.3273569094158137e-10,185.42940440040888,0
38.45,65.84748821727035,2.2832443417849741e-10,185.24567094254257,0
38.46666666666667,65.88132836908773,2.2399703074657665e-10,185.06211953763778,0
38.483333333333334,65.91513499025719,2.1975188168343891e-10,184.87875000530778,0
38.5,65.94890811400268,2.1558741862010874e-10,184.69556216534454,0
38.516666666666666,65.98264777351527,2.1150210319351244e-10,184.51255583771865,0
38.53333333333333,66.01635400195309,2.0749442647029724e-10,184.32973084257898,0
38.55,66.05002683244143,2.0356290838175734e-10,184.14708700025255,0
38.56666666666667,66.08366629807279,1.997060971696627e-10,183.9646241312446,0
38.583333333333336,66.11727243190684,1.9592256884275548e-10,183.78234205623798,0
38.6,66.15084526697052,1.9221092664373535e-10,183.60024059609324,0
38.61666666666667,66.18438483625802,1.8856980052650898e-10,183.4183195718485,0
38.63333333333333,66.21789117273089,1.8499784664351443e-10,183.23657880471916,0
38.65,66.25136430931794,1.8149374684292756e-10,183.05501811609764,0
38.666666666666664,66.28480427891542,1.7805620817555178e-10,182.87363732755352,0
38.68333333333333,66.31821111438695,1.7468396241121026e-10,182.69243626083298,0
38.7,66.35158484856362,1.713757655644559e-10,182.51141473785881,0
38.71666666666667,66.38492551424393,1.681303974294127e-10,182.33057258073032,0
38.733333333333334,66.41823314419396,1.6494666112358082e-10,182.14990961172316,0
38.75,66.45150777114725,1.618233826404267e-10,181.96942565328885,0
38.766666666666666,66.48474942780496,1.5875941041058595e-10,181.7891205280549,0
38.78333333333333,66.5179581468358,1.5575361487152048e-10,181.60899405882458,0
38.8,66.55113396087617,1.5280488804546046e-10,181.42904606857678,0
38.81666666666667,66.58427690253009,1.4991214312546829e-10,181.2492763804657,0
38.833333333333336,66.61738700436928,1.470743140694774e-10,181.0696848178207,0
38.85,66.65046429893317,1.4429035520213873e-10,180.89027120414625,0
38.86666666666667,66.68350881872901,1.4155924082433806e-10,180.71103536312174,0
38.88333333333333,66.71652059623176,1.3887996483022507e-10,180.53197711860116,0
38.9,66.74949966388427,1.3625154033161147e-10,180.35309629461307,0
38.916666666666664,66.78244605409719,1.3367299928959962e-10,180.1743927153603,0
38.93333333333333,66.81535979924911,1.3114339215329727e-10,179.99586620522004,0
38.95,66.84824093168648,1.2866178750548565e-10,179.81751658874322,0
38.96666666666667,66.88108948372376,1.262272717151033e-10,179.63934369065478,0
38.983333333333334,66.91390548764333,1.2383894859641237e-10,179.4613473358534,0
39.0,66.94668897569564,1.214959390747282e-10,179.283527349411,0
39.016666666666666,66.97943998009914,1.1919738085856863e-10,179.10588355657296,0
39.03333333333333,67.01215853304038,1.1694242811811818e-10,178.92841578275787,0
39.05,67.044844666674,1.14730251169868e-10,178.75112385355717,0
39.06666666666667,67.07749841312281,1.1256003616732498e-10,178.57400759473512,0
39.083333333333336,67.11011980447778,1.104309847976665e-10,178.39706683222872,0
39.1,67.14270887279802,1.08342313984224e-10,178.2203013921472,0
39.11666666666667,67.17526565011097,1.062932555946933e-10,178.04371110077233,0
39.13333333333333,67.2077901684123,1.0428305615494636e-10,177.86729578455788,0
39.15,67.24028245966598,1.0231097656834962e-10,177.69105527012957,0
39.166666666666664,67.27274255580427,1.00376291840474e-10,177.5149893842849,0
39.18333333333333,67.30517048872785,9.847829080909726e-11,177.33909795399302,0
39.2,67.33756629030574,9.661627587939325e-11,177.16338080639449,0
39.21666666666667,67.36992999237542,9.478956276421239e-11,176.98783776880106,0
39.233333333333334,67.4022616267428,9.29974802293488e-11,176.8124686686958,0
39.25,67.43456122518228,9.123936984370426e-11,176.63727333373242,0
39.266666666666666,67.46682881943678,8.951458573425033e-11,176.46225159173562,0
39.28333333333333,67.4990644412178,8.782249434569976e-11,176.28740327070054,0
39.3,67.53126812220533,8.616247420478915e-11,176.11272819879287,0
39.31666666666667,67.56343989404806,8.453391568909573e-11,175.9382262043485,0
39.333333333333336,67.5955797883633,8.293622080028753e-11,175.76389711587328,0
39.35,67.62768783673698,8.136880294173229e-11,175.58974076204328,0
39.36666666666667,67.65976407072378,7.9831086700376e-11,175.41575697170398,0
39.38333333333333,67.69180852184714,7.832250763280616e-11,175.24194557387068,0
39.4,67.72382122159921,7.684251205542776e-11,175.06830639772795,0
39.416666666666664,67.75580220144096,7.539055683866287e-11,174.89483927262972,0
39.43333333333333,67.78775149280216,7.396610920510309e-11,174.72154402809895,0
39.45,67.81966912708147,7.256864653153572e-11,174.54842049382745,0
39.46666666666667,67.85155513564646,7.119765615477021e-11,174.3754684996759,0
39.483333333333334,67.88340954983356,6.985263518118894e-11,174.20268787567338,0
39.5,67.9152324009482,6.853309029995655e-11,174.03007845201756,0
39.516666666666666,67.94702372026475,6.723853759981027e-11,173.85764005907424,0
39.53333333333333,67.97878353902662,6.59685023893667e-11,173.68537252737733,0
39.55,68.01051188844626,6.47225190208764e-11,173.51327568762864,0
39.56666666666667,68.04220879970518,6.350013071735874e-11,173.34134937069774,0
39.583333333333336,68.07387430395403,6.230088940305423e-11,173.16959340762173,0
39.6,68.10550843231253,6.112435553712762e-11,172.99800762960527,0
39.61666666666667,68.1371112158696,5.997009795056073e-11,172.82659186802007,0
39.63333333333333,68.16868268568338,5.883769368617507e-11,172.65534595440496,0
39.65,68.2002228727812,5.772672784171955e-11,172.48426972046576,0
39.666666666666664,68.23173180815965,5.6636793415969214e-11,172.3133629980751,0
39.68333333333333,68.26320952278463,5.556749115777451e-11,172.14262561927197,0
39.7,68.29465604759137,5.4518429418003994e-11,171.97205741626198,0
39.71666666666667,68.32607141348439,5.348922400432638e-11,171.80165822141697,0
39.733333333333334,68.35745565133762,5.2479498038775814e-11,171.63142786727474,0
39.75,68.38880879199438,5.148888181804709e-11,171.46136618653907,0
39.766666666666666,68.42013086626748,5.0517012676469815e-11,171.2914730120796,0
39.78333333333333,68.45142190493917,4.956353485160677e-11,171.12174817693156,0
39.8,68.48268193876116,4.862809935243047e-11,170.9521915142954,0
39.81666666666667,68.51391099845473,4.771036383002399e-11,170.7828028575371,0
39.833333333333336,68.54510911471075,4.6809992450759434e-11,170.61358204018757,0
39.85,68.57627631818964,4.5926655771907026e-11,170.44452889594274,0
39.86666666666667,68.60741263952141,4.506003061962723e-11,170.27564325866334,0
39.88333333333333,68.63851810930578,4.42097999692997e-11,170.10692496237465,0
39.9,68.6695927581121,4.3375652828144466e-11,169.93837384126638,0
39.916666666666664,68.70063661647947,4.2557284120092985e-11,169.76998972969267,0
39.93333333333333,68.73164971491673,4.175439457286173e-11,169.60177246217168,0
39.95,68.76263208390246,4.096669060719082e-11,169.43372187338554,0
39.96666666666667,68.79358375388506,4.019388422820234e-11,169.26583779818014,0
39.983333333333334,68.82450475528275,3.943569291883936e-11,169.09812007156512,0
40.0,68.85539511848361,3.8691839535345844e-11,168.93056852871348,0
40.016666666666666,68.88625487384567,3.796205220474658e-11,168.76318300496166,0
40.03333333333333,68.91708405169675,3.7246064224290834e-11,168.59596333580913,0
40.05,68.94788268233474,3.654361396282084e-11,168.4289093569184,0
40.06666666666667,68.97865079602745,3.5854444764026895e-11,168.26202090411496,0
40.083333333333336,69.00938842301272,3.517830485155682e-11,168.0952978133867,0
40.1,69.04009559349842,3.451494723593912e-11,167.92873992088417,0
40.11666666666667,69.0707723376625,3.386412962328838e-11,167.7623470629202,0
40.13333333333333,69.10141868565297,3.32256143257578e-11,167.59611907596997,0
40.15,69.13203466758803,3.2599168173704943e-11,167.43005579667044,0
40.166666666666664,69.16262031355599,3.198456242953825e-11,167.26415706182067,0
40.18333333333333,69.19317565361537,3.138157270321175e-11,167.0984227083812,0
40.2,69.22370071779488,3.0789978869336546e-11,166.93285257347438,0
40.21666666666667,69.2541955360935,3.020956498587758e-11,166.76744649438362,0
40.233333333333334,69.2846601384805,2.964011921440607e-11,166.60220430855392,0
40.25,69.31509455489541,2.9081433741876944e-11,166.43712585359103,0
40.266666666666666,69.34549881524812,2.8533304703902188e-11,166.27221096726177,0
40.28333333333333,69.37587294941889,2.7995532109492075e-11,166.10745948749366,0
40.3,69.40621698725836,2.7467919767234938e-11,165.94287125237483,0
40.31666666666667,69.4365309585876,2.6950275212888687e-11,165.7784461001538,0
40.333333333333336,69.46681489319813,2.6442409638357053e-11,165.61418386923947,0
40.35,69.49706882085194,2.594413782202326e-11,165.45008439820063,0
40.36666666666667,69.52729277128155,2.5455278060416057e-11,165.28614752576632,0
40.38333333333333,69.55748677419001,2.4975652101181432e-11,165.12237309082508,0
40.4,69.58765085925093,2.4505085077335992e-11,164.95876093242532,0
40.416666666666664,69.61778505610853,2.4043405442776866e-11,164.79531088977473,0
40.43333333333333,69.64788939437766,2.359044490902412e-11,164.6320228022404,0
40.45,69.67796390364383,2.3146038383172248e-11,164.4688965093487,0
40.46666666666667,69.70800861346319,2.2710023907026905e-11,164.30593185078482,0
40.483333333333334,69.73802355336265,2.2282242597405036e-11,164.1431286663929,0
40.5,69.76800875283988,2.1862538587575774e-11,163.98048679617565,0
40.516666666666666,69.79796424136326,2.1450758969819808e-11,163.81800608029457,0
40.53333333333333,69.82789004837201,2.104675373908613e-11,163.65568635906922,0
40.55,69.8577862032762,2.0650375737725476e-11,163.4935274729776,0
40.56666666666667,69.88765273545671,2.0261480601278936e-11,163.33152926265566,0
40.583333333333336,69.91748967426535,1.9879926705302337e-11,163.16969156889732,0
40.6,69.94729704902481,1.9505575113206395e-11,163.00801423265423,0
40.61666666666667,69.97707488902877,1.9138289525092207e-11,162.8464970950356,0
40.63333333333333,70.00682322354182,1.8777936227565092e-11,162.6851399973081,0
40.65,70.03654208179961,1.8424384044505426e-11,162.52394278089562,0
40.666666666666664,70.0662314930088,1.8077504288780214e-11,162.36290528737933,0
40.68333333333333,70.09589148634713,1.7737170714876507e-11,162.20202735849716,0
40.7,70.12552209096339,1.7403259472438908e-11,162.04130883614405,0
40.71666666666667,70.1551233359775,1.7075649060694274e-11,161.8807495623715,0
40.733333333333334,70.1846952504806,1.6754220283746156e-11,161.72034937938744,0
40.75,70.21423786353488,1.643885620672278e-11,161.5601081295563,0
40.766666666666666,70.2437512041738,1.612944211276185e-11,161.40002565539862,0
40.78333333333333,70.27323530140208,1.5825865460816315e-11,161.24010179959095,0
40.8,70.30269018419564,1.5528015844265438e-11,161.08033640496578,0
40.81666666666667,70.33211588150174,1.5235784950315458e-11,160.92072931451125,0
40.833333333333336,70.36151242223893,1.4949066520175273e-11,160.7612803713712,0
40.85,70.39087983529708,1.4667756309991414e-11,160.60198941884488,0
40.86666666666667,70.42021814953752,1.4391752052529134e-11,160.44285630038664,0
40.88333333333333,70.44952739379289,1.4120953419583662e-11,160.28388085960603,0
40.9,70.47880759686731,1.3855261985109013e-11,160.12506294026772,0
40.916666666666664,70.50805878753634,1.359458118905007e-11,159.9664023862909,0
40.93333333333333,70.53728099454705,1.3338816301864248e-11,159.80789904174964,0
40.95,70.566474246618,1.3087874389720028e-11,159.64955275087235,0
40.96666666666667,70.5956385724393,1.2841664280359353e-11,159.49136335804195,0
40.983333333333334,70.62477400067264,1.2600096529610597e-11,159.33333070779537,0
41.0,70.65388055995133,1.2363083388540318e-11,159.17545464482373,0
41.016666666666666,70.68295827888028,1.2130538771231371e-11,159.01773501397201,0
41.03333333333333,70.71200718603608,1.1902378223175417e-11,158.86017166023873,0
41.05,70.74102730996692,1.1678518890267792e-11,158.70276442877633,0
41.06666666666667,70.77001867919283,1.1458879488393431e-11,158.54551316489045,0
41.083333333333336,70.7989813222055,1.1243380273593094e-11,158.38841771404006,0
41.1,70.82791526746844,1.1031943012797462e-11,158.23147792183724,0
41.11666666666667,70.85682054341692,1.0824490955119832e-11,158.07469363404707,0
41.13333333333333,70.88569717845802,1.0620948803695033e-11,157.91806469658746,0
41.15,70.91454520097074,1.0421242688056001e-11,157.76159095552896,0
41.166666666666664,70.94336463930586,1.0225300137036039e-11,157.6052722570947,0
41.18333333333333,70.97215552178615,1.0033050052187658e-11,157.44910844766008,0
41.2,71.00091787670631,9.844422681708079e-12,157.29309937375285,0
41.21666666666667,71.02965173233297,9.65934959486109e-12,157.1372448820527,0
41.233333333333334,71.05835711690477,9.477763656886612e-12,156.98154481939133,0
41.25,71.08703405863234,9.299599004388002e-12,156.82599903275212,0
41.266666666666666,71.11568258569844,9.124791021188304e-12,156.67060736927021,0
41.28333333333333,71.14430272625779,8.953276314646326e-12,156.5153696762321,0
41.3,71.17289450843732,8.784992692424017e-12,156.3602858010754,0
41.31666666666667,71.20145796033601,8.619879139695812e-12,156.20535559138938,0
41.333333333333336,71.22999311002505,8.45787579679261e-12,156.05057889491385,0
41.35,71.25849998554779,8.29892393727113e-12,155.8959555595398,0
41.36666666666667,71.28697861491979,8.142965946400868e-12,155.74148543330884,0
41.38333333333333,71.31542902612887,7.989945300060848e-12,155.58716836441306,0
41.4,71.34385124713512,7.839806544037967e-12,155.43300420119505,0
41.416666666666664,71.37224530587089,7.692495273719654e-12,155.27899279214762,0
41.43333333333333,71.40061123024087,7.547958114172825e-12,155.12513398591386,0
41.45,71.42894904812213,7.406142700602554e-12,154.9714276312866,0
41.46666666666667,71.4572587873641,7.266997659182097e-12,154.81787357720856,0
41.483333333333334,71.4855404757886,7.130472588248237e-12,154.66447167277232,0
41.5,71.5137941411899,6.996518039854387e-12,154.51122176721984,0
41.516666666666666,71.54201981133473,6.86508550167464e-12,154.3581237099424,0
41.53333333333333,71.57021751396226,6.736127379252387e-12,154.20517735048048,0
41.55,71.59838727678428,6.6095969785865375e-12,154.05238253852386,0
41.56666666666667,71.62652912748499,6.485448489049224e-12,153.89973912391108,0
41.583333333333336,71.65464309372126,6.363636966628469e-12,153.7472469566296,0
41.6,71.6827292031225,6.244118317489558e-12,153.59490588681535,0
41.61666666666667,71.71078748329082,6.126849281849358e-12,153.44271576475288,0
41.63333333333333,71.73881796180086,6.011787418157171e-12,153.29067644087507,0
41.65,71.76682066620003,5.898891087576706e-12,153.13878776576286,0
41.666666666666664,71.79479562400844,5.788119438763008e-12,152.98704959014552,0
41.68333333333333,71.82274286271887,5.679432392929058e-12,152.83546176489992,0
41.7,71.85066240979691,5.5727906291963164e-12,152.68402414105097,0
41.71666666666667,71.87855429268095,5.4681555702239244e-12,152.53273656977095,0
41.733333333333334,71.90641853878212,5.3654893681111e-12,152.38159890237972,0
41.75,71.93425517548447,5.264754890567639e-12,152.23061099034447,0
41.766666666666666,71.96206423014485,5.165915707347349e-12,152.07977268527952,0
41.78333333333333,71.98984573009307,5.068936076939461e-12,151.92908383894627,0
41.8,72.01759970263181,4.97378093351299e-12,151.77854430325297,0
41.81666666666667,72.04532617503673,4.8804158741093175e-12,151.62815393025457,0
41.833333333333336,72.07302517455642,4.788807146078267e-12,151.4779125721527,0
41.85,72.10069672841253,4.698921634752895e-12,151.32782008129533,0
41.86666666666667,72.12834086379966,4.6107268513586905e-12,151.17787631017686,0
41.88333333333333,72.15595760788555,4.5241909211524236e-12,151.0280811114377,0
41.9,72.18354698781096,4.439282571786535e-12,150.87843433786438,0
41.916666666666664,72.21110903068977,4.3559711218944836e-12,150.7289358423893,0
41.93333333333333,72.238643763609,4.274226469893223e-12,150.57958547809045,0
41.95,72.26615121362885,4.19401908299819e-12,150.43038309819153,0
41.96666666666667,72.29363140778268,4.115319986447256e-12,150.28132855606168,0
41.983333333333334,72.32108437307707,4.0381007529291955e-12,150.13242170521522,0
42.0,72.34851013649185,3.962333492213167e-12,149.98366239931175,0
42.016666666666666,72.3759087249801,3.887990840975042e-12,149.83505049215577,0
42.03333333333333,72.4032801654682,3.815045952817123e-12,149.6865858376967,0
42.05,72.43062448485588,3.7434724884773654e-12,149.53826829002853,0
42.06666666666667,72.45794171001616,3.673244606224569e-12,149.39009770339007,0
42.083333333333336,72.48523186779548,3.604336952435977e-12,149.24207393216432,0
42.1,72.51249498501365,3.5367246523538246e-12,149.09419683087867,0
42.11666666666667,72.53973108846391,3.4703833010174607e-12,148.94646625420475,0
42.13333333333333,72.56694020491297,3.4052889543675646e-12,148.798882056958,0
42.15,72.59412236110101,3.3414181205193967e-12,148.6514440940978,0
42.166666666666664,72.62127758374173,3.278747751201616e-12,148.5041522207273,0
42.18333333333333,72.64840589952232,3.2172552333577324e-12,148.35700629209313,0
42.2,72.67550733510355,3.1569183809069817e-12,148.2100061635854,0
42.21666666666667,72.70258191711976,3.0977154266615644e-12,148.0631516907375,0
42.233333333333334,72.72962967217892,3.039625014397348e-12,147.91644272922593,0
42.25,72.75665062686262,2.9826261910750952e-12,147.76987913487025,0
42.266666666666666,72.78364480772616,2.9266983992092762e-12,147.62346076363286,0
42.28333333333333,72.81061224129844,2.871821469381785e-12,147.4771874716189,0
42.3,72.83755295408214,2.8179756128976775e-12,147.33105911507596,0
42.31666666666667,72.86446697255366,2.7651414145803282e-12,147.1850755503943,0
42.333333333333336,72.89135432316316,2.7132998257032147e-12,147.03923663410623,0
42.35,72.91821503233459,2.662432157055934e-12,146.89354222288645,0
42.36666666666667,72.9450491264657,2.6125200721417157e-12,146.74799217355144,0
42.38333333333333,72.97185663192819,2.5635455805040313e-12,146.60258634305973,0
42.4,72.99863757506749,2.5154910311797367e-12,146.45732458851154,0
42.416666666666664,73.02539198220295,2.4683391062764945e-12,146.31220676714867,0
42.43333333333333,73.05211987962792,2.4220728146720014e-12,146.16723273635426,0
42.45,73.07882129360966,2.3766754858327078e-12,146.02240235365298,0
42.46666666666667,73.10549625038936,2.3321307637498127e-12,145.8777154767105,0
42.483333333333334,73.13214477618229,2.2884226009902466e-12,145.73317196333358,0
42.5,73.15876689717764,2.245535252860464e-12,145.58877167146994,0
42.516666666666666,73.18536263953877,2.203453271680992e-12,145.44451445920794,0
42.53333333333333,73.21193202940302,2.162161501169417e-12,145.3004001847766,0
42.55,73.23847509288186,2.1216450709300455e-12,145.15642870654543,0
42.56666666666667,73.26499185606089,2.081889391047887e-12,145.01259988302425,0
42.583333333333336,73.29148234499988,2.0428801467852324e-12,144.86891357286316,0
42.6,73.31794658573277,2.0046032933787565e-12,144.72536963485214,0
42.61666666666667,73.3443846042677,1.967045050935265e-12,144.58196792792126,0
42.63333333333333,73.37079642658703,1.9301918994241573e-12,144.43870831114026,0
42.65,73.39718207864739,1.8940305737648567e-12,144.29559064371855,0
42.666666666666664,73.42354158637967,1.858548059007338e-12,144.15261478500508,0
42.68333333333333,73.4498749756891,1.8237315856040132e-12,144.00978059448812,0
42.7,73.47618227245522,1.789568624771213e-12,143.86708793179525,0
42.71666666666667,73.50246350253191,1.7560468839385611e-12,143.72453665669303,0
42.733333333333334,73.52871869174747,1.7231543022846374e-12,143.58212662908704,0
42.75,73.5549478659046,1.690879046357179e-12,143.4398577090216,0
42.766666666666666,73.58115105078038,1.659209505776314e-12,143.29772975667973,0
42.78333333333333,73.60732827212645,1.6281342890191621e-12,143.1557426323831,0
42.8,73.63347955566883,1.597642219284358e-12,143.01389619659165,0
42.81666666666667,73.65960492710813,1.5677223304348899e-12,142.8721903099036,0
42.833333333333336,73.68570441211943,1.5383638630177784e-12,142.73062483305537,0
42.85,73.71177803635243,1.5095562603592109e-12,142.5891996269213,0
42.86666666666667,73.73782582543137,1.481289164733581e-12,142.4479145525136,0
42.88333333333333,73.76384780495512,1.4535524136051403e-12,142.3067694709822,0
42.9,73.7898440004972,1.4263360359408196e-12,142.16576424361466,0
42.916666666666664,73.81581443760572,1.3996302485928397e-12,142.02489873183583,0
42.93333333333333,73.84175914180355,1.3734254527499084e-12,141.88417279720807,0
42.95,73.86767813858825,1.3477122304555578e-12,141.74358630143078,0
42.96666666666667,73.89357145343212,1.3224813411924272e-12,141.60313910634042,0
42.983333333333334,73.91943911178218,1.2977237185312513e-12,141.46283107391037,0
43.0,73.94528113906031,1.2734304668432393e-12,141.32266206625079,0
43.016666666666666,73.97109756066313,1.2495928580747527e-12,141.18263194560836,0
43.03333333333333,73.99688840196212,1.2262023285830246e-12,141.04274057436646,0
43.05,74.02265368830368,1.2032504760317693e-12,140.90298781504458,0
43.06666666666667,74.04839344500898,1.1807290563455818e-12,140.76337353029865,0
43.083333333333336,74.07410769737417,1.1586299807219804e-12,140.62389758292053,0
43.1,74.09979647067037,1.1369453126999806e-12,140.48455983583813,0
43.11666666666667,74.12545979014358,1.1156672652841987e-12,140.34536015211512,0
43.13333333333333,74.15109768101482,1.0947881981233348e-12,140.2062983949509,0
43.15,74.17671016848011,1.074300614742099e-12,140.0673744276804,0
43.166666666666664,74.20229727771056,1.0541971598254796e-12,139.92858811377394,0
43.18333333333333,74.22785903385228,1.0344706165544392e-12,139.78993931683718,0
43.2,74.25339546202646,1.015113903992002e-12,139.65142790061086,0
43.21666666666667,74.27890658732943,9.961200745187794e-13,139.5130537289708,0
43.233333333333334,74.30439243483262,9.774823113170763e-13,139.37481666592763,0
43.25,74.32985302958267,9.591939259025366e-13,139.23671657562676,0
43.266666666666666,74.35528839660134,9.412483557025154e-13,139.0987533223482,0
43.28333333333333,74.38069856088566,9.236391616802475e-13,138.9609267705065,0
43.3,74.40608354740786,9.063600260039777e-13,138.82323678465045,0
43.31666666666667,74.43144338111536,8.894047497601471e-13,138.68568322946314,0
43.333333333333336,74.45677808693098,8.727672507098742e-13,138.54826596976167,0
43.35,74.48208768975279,8.564415610878176e-13,138.41098487049717,0
43.36666666666667,74.5073722144542,8.404218254427283e-13,138.27383979675452,0
43.38333333333333,74.53263168588394,8.247022985187784e-13,138.13683061375227,0
43.4,74.55786612886614,8.09277343176998e-13,137.99995718684252,0
43.416666666666664,74.58307556820037,7.941414283559922e-13,137.86321938151093,0
43.43333333333333,74.60826002866158,7.792891270712423e-13,137.72661706337624,0
43.45,74.63341953500017,7.64715114452195e-13,137.59015009819046,0
43.46666666666667,74.65855411194204,7.504141658165131e-13,137.45381835183855,0
43.483333333333334,74.68366378418857,7.363811547806836e-13,137.3176216903384,0
43.5,74.70874857641671,7.226110514063923e-13,137.18155997984067,0
43.516666666666666,74.7338085132789,7.090989203818903e-13,137.04563308662858,0
43.53333333333333,74.75884361940318,6.958399192377764e-13,136.90984087711803,0
43.55,74.7838539193932,6.828292965964878e-13,136.77418321785697,0
43.56666666666667,74.8088394378282,6.700623904548687e-13,136.63865997552588,0
43.583333333333336,74.83380019926305,6.575346264992144e-13,136.50327101693716,0
43.6,74.85873622822838,6.452415164521517e-13,136.36801620903523,0
43.61666666666667,74.88364754923043,6.331786564507517e-13,136.23289541889642,0
43.63333333333333,74.9085341867512,6.213417254553043e-13,136.0979085137286,0
43.65,74.93339616524838,6.097264836881579e-13,135.96305536087135,0
43.666666666666664,74.95823350915549,5.98328771102046e-13,135.82833582779574,0
43.68333333333333,74.98304624288181,5.87144505877362e-13,135.69374978210402,0
43.7,75.00783439081242,5.761696829478314e-13,135.5592970915297,0
43.71666666666667,75.03259797730827,5.654003725540251e-13,135.42497762393728,0
43.733333333333334,75.05733702670615,5.548327188242023e-13,135.29079124732237,0
43.75,75.08205156331874,5.444629383819636e-13,135.15673782981114,0
43.766666666666666,75.10674161143464,5.342873189802056e-13,135.02281723966055,0
43.78333333333333,75.13140719531836,5.243022181608721e-13,134.8890293452581,0
43.8,75.15604833921039,5.145040619400252e-13,134.7553740151218,0
43.81666666666667,75.18066506732718,5.048893435177535e-13,134.62185111789958,0
43.833333333333336,75.20525740386121,4.954546220124281e-13,134.48846052237,0
43.85,75.22982537298097,4.861965212188817e-13,134.35520209744126,0
43.86666666666667,75.25436899883101,4.771117283900285e-13,134.22207571215165,0
43.88333333333333,75.27888830553195,4.681969930414907e-13,134.08908123566914,0
43.9,75.30338331718053,4.59449125778793e-13,133.95621853729145,0
43.916666666666664,75.32785405784959,4.5086499714670537e-13,133.82348748644569,0
43.93333333333333,75.35230055158813,4.424415365003101e-13,133.69088795268829,0
43.95,75.3767228224213,4.34175730897387e-13,133.55841980570514,0
43.96666666666667,75.4011208943505,4.260646240116903e-13,133.4260829153111,0
43.983333333333334,75.42549479135329,4.1810531506676027e-13,133.29387715145006,0
44.0,75.44984453738347,4.1029495778984856e-13,133.16180238419474,0
44.016666666666666,75.47417015637116,4.026307593855936e-13,133.02985848374672,0
44.03333333333333,75.4984716722227,3.9510997952906705e-13,132.898045320436,0
44.05,75.52274910882082,3.8772992937782023e-13,132.7663627647213,0
44.06666666666667,75.54700249002451,3.804879706025862e-13,132.63481068718943,0
44.083333333333336,75.57123183966915,3.73381514436258e-13,132.50338895855566,0
44.1,75.59543718156654,3.664080207408348e-13,132.3720974496632,0
44.11666666666667,75.61961853950483,3.5956499709195093e-13,132.24093603148336,0
44.13333333333333,75.64377593724862,3.5284999788069976e-13,132.10990457511522,0
44.15,75.66790939853898,3.4626062343239337e-13,131.97900295178565,0
44.166666666666664,75.69201894709343,3.397945191419499e-13,131.84823103284904,0
44.18333333333333,75.716104606606,3.334493746255941e-13,131.71758868978722,0
44.2,75.74016640074723,3.2722292288856405e-13,131.58707579420954,0
44.21666666666667,75.76420435316422,3.21112939508516e-13,131.4566922178523,0
44.233333333333334,75.78821848748066,3.1511724183432775e-13,131.3264378325792,0
44.25,75.81220882729679,3.0923368820002855e-13,131.1963125103806,0
44.266666666666666,75.83617539618947,3.034601771535422e-13,131.06631612337398,0
44.28333333333333,75.86011821771226,2.977946466999835e-13,130.93644854380327,0
44.3,75.88403731539528,2.9223507355922647e-13,130.80670964403916,0
44.31666666666667,75.90793271274543,2.8677947243746854e-13,130.67709929657877,0
44.333333333333336,75.93180443324627,2.814258953125422e-13,130.54761737404556,0
44.35,75.95565250035808,2.7617243073268916e-13,130.4182637491891,0
44.36666666666667,75.97947693751797,2.710172031285739e-13,130.28903829488524,0
44.38333333333333,76.00327776813972,2.659583721382565e-13,130.15994088413564,0
44.4,76.027055015614,2.609941319448965e-13,130.03097139006775,0
44.416666666666664,76.05080870330822,2.561227106269482e-13,129.90212968593497,0
44.43333333333333,76.0745388545667,2.513423695206013e-13,129.773415645116,0
44.45,76.0982454927106,2.466514025942438e-13,129.64482914111522,0
44.46666666666667,76.12192864103802,2.420481358347138e-13,129.51637004756228,0
44.483333333333334,76.14558832282391,2.3753092664512545e-13,129.38803823821195,0
44.5,76.16922456132019,2.3309816325404226e-13,129.25983358694424,0
44.516666666666666,76.19283737975573,2.287482641357882e-13,129.13175596776404,0
44.53333333333333,76.2164268013364,2.2447967744167968e-13,129.0038052548011,0
44.55,76.23999284924504,2.2029088044198592e-13,128.87598132230997,0
44.56666666666667,76.26353554664159,2.1618037897840196e-13,128.74828404466962,0
44.583333333333336,76.28705491666298,2.1214670692683304e-13,128.6207132963836,0
44.6,76.31055098242322,2.0818842567031573e-13,128.49326895207986,0
44.61666666666667,76.33402376701343,2.043041235818595e-13,128.36595088651043,0
44.63333333333333,76.35747329350191,2.0049241551703886e-13,128.2387589745516,0
44.65,76.38089958493397,1.9675194231614426e-13,128.11169309120348,0
44.666666666666664,76.40430266433216,1.9308137031571204e-13,127.98475311159022,0
44.68333333333333,76.42768255469628,1.8947939086925983e-13,127.85793891095956,0
44.7,76.4510392790032,1.8594471987704672e-13,127.73125036468288,0
44.71666666666667,76.47437286020711,1.8247609732469677e-13,127.60468734825508,0
44.733333333333334,76.49768332123949,1.7907228683050846e-13,127.47824973729443,0
44.75,76.52097068500902,1.7573207520129616e-13,127.35193740754241,0
44.766666666666666,76.54423497440172,1.7245427199659412e-13,127.22575023486363,0
44.78333333333333,76.56747621228092,1.6923770910106858e-13,127.09968809524574,0
44.8,76.59069442148733,1.6608124030498922e-13,126.97375086479923,0
44.81666666666667,76.61388962483899,1.6298374089258855e-13,126.84793841975733,0
44.833333333333336,76.63706184513134,1.5994410723818932e-13,126.7222506364759,0
44.85,76.66021110513724,1.569612564099269e-13,126.5966873914334,0
44.86666666666667,76.68333742760699,1.5403412578093325e-13,126.47124856123057,0
44.88333333333333,76.70644083526831,1.51161672647851e-13,126.34593402259055,0
44.9,76.72952135082645,1.483428738565212e-13,126.2207436523585,0
44.916666666666664,76.75257899696412,1.455767254347245e-13,126.09567732750165,0
44.93333333333333,76.7756137963416,1.428622422318322e-13,125.97073492510916,0
44.95,76.79862577159668,1.4019845756524718e-13,125.845916322392,0
44.96666666666667,76.82161494534473,1.3758442287349405e-13,125.72122139668268,0
44.983333333333334,76.84458134017872,1.35019207375845e-13,125.59665002543547,0
45.0,76.86752497866924,1.3250189773835144e-13,125.47220208622583,0
45.016666666666666,76.89044588336448,1.300315977461607e-13,125.34787745675075,0
45.03333333333333,76.91334407679035,1.2760742798199994e-13,125.22367601482817,0
45.05,76.93621958145036,1.25228525510714e-13,125.09959763839728,0
45.06666666666667,76.9590724198258,1.2289404356973994e-13,124.97564220551816,0
45.083333333333336,76.98190261437561,1.2060315126540381e-13,124.85180959437167,0
45.1,77.00471018753653,1.183550332749361e-13,124.72809968325946,0
45.11666666666667,77.02749516172305,1.1614888955409305e-13,124.60451235060366,0
45.13333333333333,77.05025755932746,1.1398393505028057e-13,124.48104747494693,0
45.15,77.07299740271986,1.11859399421075e-13,124.35770493495228,0
45.166666666666664,77.09571471424816,1.0977452675804044e-13,124.23448460940294,0
45.18333333333333,77.11840951623816,1.077285753157439e-13,124.11138637720225,0
45.2,77.14108183099353,1.0572081724586636e-13,123.98841011737349,0
45.21666666666667,77.16373168079582,1.0375053833631748e-13,123.8655557090599,0
45.233333333333334,77.18635908790453,1.0181703775525795e-13,123.74282303152437,0
45.25,77.2089640745571,9.99196277999368e-14,123.62021196414956,0
45.266666666666666,77.23154666296891,9.805763365025353e-14,123.49772238643749,0
45.28333333333333,77.25410687533338,9.62303931269559e-14,123.37535417800964,0
45.3,77.27664473382185,9.443725645438593e-14,123.25310721860681,0
45.31666666666667,77.2991602605838,9.267758602768596e-14,123.13098138808893,0
45.333333333333336,77.32165347774668,9.095075618438663e-14,123.00897656643492,0
45.35,77.34412440741606,8.925615298028901e-14,122.8870926337427,0
45.36666666666667,77.36657307167556,8.759317396955938e-14,122.76532947022895,0
45.38333333333333,77.388999492587,8.596122798896245e-14,122.64368695622908,0
45.4,77.41140369219023,8.435973494614969e-14,122.52216497219698,0
45.416666666666664,77.43378569250338,8.278812561193033e-14,122.4007633987051,0
45.43333333333333,77.45614551552265,8.124584141644685e-14,122.27948211644416,0
45.45,77.47848318322255,7.973233424918297e-14,122.15832100622312,0
45.46666666666667,77.50079871755574,7.824706626273167e-14,122.03727994896909,0
45.483333333333334,77.52309214045314,7.678950968025331e-14,121.91635882572703,0
45.5,77.545363473824,7.53591466065524e-14,121.79555751765992,0
45.516666666666666,77.56761273955577,7.395546884270593e-14,121.67487590604834,0
45.53333333333333,77.58983995951428,7.257797770417691e-14,121.55431387229063,0
45.55,77.61204515554367,7.122618384234609e-14,121.43387129790263,0
45.56666666666667,77.63422834946643,6.989960706939888e-14,121.31354806451748,0
45.583333333333336,77.65638956308344,6.859777618650262e-14,121.19334405388572,0
45.6,77.67852881817399,6.732022881521495e-14,121.073259147875,0
45.61666666666667,77.70064613649573,6.60665112320586e-14,120.95329322847005,0
45.63333333333333,77.72274153978482,6.483617820620654e-14,120.83344617777247,0
45.65,77.74481504975587,6.362879284021649e-14,120.71371787800078,0
45.666666666666664,77.76686668810194,6.24439264137586e-14,120.59410821149014,0
45.68333333333333,77.78889647649463,6.128115823028006e-14,120.47461706069231,0
45.7,77.81090443658405,6.014007546654956e-14,120.35524430817554,0
45.71666666666667,77.83289058999884,5.902027302503023e-14,120.23598983662438,0
45.733333333333334,77.85485495834627,5.792135338902557e-14,120.11685352883971,0
45.75,77.87679756321214,5.684292648054596e-14,119.99783526773851,0
45.766666666666666,77.89871842616088,5.578460952084771e-14,119.87893493635369,0
45.78333333333333,77.92061756873557,5.474602689358899e-14,119.76015241783415,0
45.8,77.94249501245793,5.372681001055865e-14,119.64148759544457,0
45.81666666666667,77.9643507788283,5.272659717992699e-14,119.52294035256527,0
45.833333333333336,77.98618488932584,5.1745033476970255e-14,119.40451057269209,0
45.85,78.00799736540831,5.07817706172239e-14,119.2861981394364,0
45.86666666666667,78.02978822851229,4.983646683201874e-14,119.16800293652479,0
45.88333333333333,78.05155750005305,4.8908786746353925e-14,119.04992484779908,0
45.9,78.07330520142469,4.799840125906391e-14,118.9319637572163,0
45.916666666666664,78.09503135400013,4.710498742523584e-14,118.8141195488483,0
45.93333333333333,78.11673597913104,4.6228228340835046e-14,118.69639210688196,0
45.95,78.13841909814798,4.536781302949695e-14,118.57878131561876,0
45.96666666666667,78.16008073236037,4.4523436331445074e-14,118.4612870594749,0
45.983333333333334,78.18172090305653,4.369479879449445e-14,118.34390922298107,0
46.0,78.20333963150365,4.2881606567101285e-14,118.22664769078244,0
46.016666666666666,78.22493693894789,4.208357129342149e-14,118.10950234763847,0
46.03333333333333,78.24651284661431,4.1300410010339234e-14,117.99247307842269,0
46.05,78.26806737570698,4.053184504642734e-14,117.87555976812281,0
46.06666666666667,78.28960054740894,3.97776039228067e-14,117.7587623018405,0
46.083333333333336,78.31111238288224,3.903741925586463e-14,117.64208056479129,0
46.1,78.33260290326797,3.8311028661801346e-14,117.52551444230434,0
46.11666666666667,78.3540721296863,3.7598174662966296e-14,117.40906381982252,0
46.13333333333333,78.3755200832364,3.68986045959538e-14,117.2927285829022,0
46.15,78.39694678499657,3.6212070521423134e-14,117.17650861721316,0
46.166666666666664,78.41835225602429,3.5538329135611365e-14,117.0604038085384,0
46.18333333333333,78.43973651735605,3.4877141683507e-14,116.9444140427742,0
46.2,78.46109959000762,3.422827387365245e-14,116.82853920592979,0
46.21666666666667,78.48244149497383,3.35914957945463e-14,116.71277918412737,0
46.233333333333334,78.5037622532288,3.2966581832613284e-14,116.59713386360205,0
46.25,78.52506188572582,3.2353310591714574e-14,116.48160313070157,0
46.266666666666666,78.54634041339743,3.175146481416744e-14,116.36618687188643,0
46.28333333333333,78.56759785715545,3.116083130324755e-14,116.25088497372941,0
46.3,78.58883423789092,3.0581200847144895e-14,116.13569732291583,0
46.31666666666667,78.61004957647425,3.0012368144346576e-14,116.02062380624325,0
46.333333333333336,78.63124389375514,2.945413173041938e-14,115.90566431062142,0
46.35,78.65241721056263,2.8906293906166243e-14,115.79081872307214,0
46.36666666666667,78.67356954770511,2.8368660667129925e-14,115.67608693072911,0
46.38333333333333,78.6947009259704,2.7841041634419705e-14,115.56146882083797,0
46.4,78.71581136612562,2.7323249986835403e-14,115.44696428075596,0
46.416666666666664,78.73690088891743,2.6815102394263925e-14,115.33257319795197,0
46.43333333333333,78.75796951507189,2.631641895232652e-14,115.21829546000642,0
46.45,78.77901726529447,2.5827023118250153e-14,115.10413095461111,0
46.46666666666667,78.80004416027022,2.534674164794325e-14,114.9900795695691,0
46.483333333333334,78.82105022066361,2.4875404534249442e-14,114.87614119279469,0
46.5,78.84203546711866,2.44128449463617e-14,114.76231571231315,0
46.516666666666666,78.86299992025899,2.3958899170370923e-14,114.64860301626075,0
46.53333333333333,78.88394360068769,2.3513406550929675e-14,114.53500299288456,0
46.55,78.90486652898751,2.307620943401055e-14,114.42151553054246,0
46.56666666666667,78.92576872572079,2.264715311073705e-14,114.30814051770288,0
46.583333333333336,78.94665021142946,2.222608576226801e-14,114.19487784294476,0
46.6,78.9675110066351,2.1812858405715033e-14,114.08172739495754,0
46.61666666666667,78.98835113183905,2.140732484107467e-14,113.96868906254079,0
46.63333333333333,79.00917060752221,2.100934159915462e-14,113.85576273460441,0
46.65,79.02996945414525,2.0618767890476754e-14,113.74294830016832,0
46.666666666666664,79.05074769214853,2.0235465555137884e-14,113.63024564836238,0
46.68333333333333,79.07150534195223,1.985929901361001e-14,113.5176546684263,0
46.7,79.09224242395624,1.9490135218463752e-14,113.4051752497096,0
46.71666666666667,79.11295895854022,1.912784360699559e-14,113.29280728167137,0
46.733333333333334,79.13365496606367,1.8772296054743913e-14,113.18055065388032,0
46.75,79.15433046686593,1.8423366829875846e-14,113.06840525601449,0
46.766666666666666,79.17498548126615,1.8080932548428893e-14,112.95637097786128,0
46.78333333333333,79.19562002956334,1.7744872130391992e-14,112.84444770931727,0
46.8,79.21623413203649,1.7415066756609086e-14,112.73263534038814,0
46.81666666666667,79.23682780894435,1.7091399826490082e-14,112.6209337611886,0
46.833333333333336,79.2574010805257,1.677375691651543e-14,112.50934286194219,0
46.85,79.27795396699928,1.646202573951699e-14,112.39786253298122,0
46.86666666666667,79.29848648856368,1.6156096104722547e-14,112.28649266474669,0
46.88333333333333,79.31899866539759,1.5855859878548814e-14,112.17523314778818,0
46.9,79.33949051765968,1.5561210946129202e-14,112.06408387276362,0
46.916666666666664,79.3599620654886,1.527204517356224e-14,111.95304473043944,0
46.93333333333333,79.38041332900312,1.4988260370867015e-14,111.84211561169016,0
46.95,79.40084432830199,1.4709756255633347e-14,111.73129640749852,0
46.96666666666667,79.42125508346409,1.443643441735206e-14,111.6205870089552,0
46.983333333333334,79.44164561454846,1.416819828241425e-14,111.5099873072589,0
47.0,79.46201594159415,1.3904953079765619e-14,111.399497193716,0
47.016666666666666,79.48236608462042,1.3646605807204319e-14,111.28911655974069,0
47.03333333333333,79.5026960636267,1.33930651983102e-14,111.17884529685469,0
47.05,79.5230058985926,1.3144241689993242e-14,111.06868329668723,0
47.06666666666667,79.54329560947788,1.2900047390650264e-14,110.9586304509749,0
47.083333333333336,79.56356521622263,1.2660396048917286e-14,110.84868665156154,0
47.1,79.58381473874705,1.2425203023007754e-14,110.73885179039823,0
47.11666666666667,79.6040441969517,1.2194385250624695e-14,110.62912575954309,0
47.13333333333333,79.62425361071742,1.1967861219436141e-14,110.51950845116113,0
47.15,79.64444299990527,1.1745550938104019e-14,110.40999975752429,0
47.166666666666664,79.6646123843567,1.1527375907854737e-14,110.3005995710112,0
47.18333333333333,79.68476178389349,1.1313259094582859e-14,110.19130778410718,0
47.2,79.70489121831778,1.1103124901476559e-14,110.08212428940402,0
47.21666666666667,79.72500070741206,1.0896899142155942e-14,109.97304897959997,0
47.233333333333334,79.74509027093926,1.0694509014314049e-14,109.8640817474996,0
47.25,79.76515992864269,1.0495883073851584e-14,109.75522248601364,0
47.266666666666666,79.78520970024613,1.0300951209495707e-14,109.64647108815903,0
47.28333333333333,79.80523960545376,1.0109644617894126e-14,109.53782744705869,0
47.3,79.82524966395036,9.92189577917513e-15,109.42929145594137,0
47.31666666666667,79.84523989540105,9.73763843296551e-15,109.32086300814164,0
47.333333333333336,79.86521031945156,9.556807554857062e-15,109.21254199709982,0
47.35,79.88516095572814,9.379339333313731e-15,109.10432831636174,0
47.36666666666667,79.90509182383755,9.205171147011146e-15,108.99622185957875,0
47.38333333333333,79.9250029433672,9.034241542599889e-15,108.88822252050755,0
47.4,79.94489433388502,8.866490212885305e-15,108.78033019301017,0
47.416666666666664,79.96476601493958,8.701857975415372e-15,108.67254477105374,0
47.43333333333333,79.98461800606012,8.540286751469624e-15,108.56486614871048,0
47.45,80.00445032675643,8.381719545441074e-15,108.45729422015759,0
47.46666666666667,80.02426299651908,8.226100424603889e-15,108.34982887967709,0
47.483333333333334,80.04405603481925,8.07337449925986e-15,108.24247002165576,0
47.5,80.06382946110885,7.923487903256221e-15,108.13521754058506,0
47.516666666666666,80.08358329482051,7.776387774868041e-15,108.02807133106093,0
47.53333333333333,80.10331755536765,7.63202223803834e-15,107.92103128778379,0
47.55,80.12303226214439,7.490340383969201e-15,107.81409730555842,0
47.56666666666667,80.14272743452565,7.351292253057275e-15,107.70726927929381,0
47.583333333333336,80.1624030918672,7.214828817167169e-15,107.60054710400303,0
47.6,80.18205925350556,7.080901962236676e-15,107.49393067480327,0
47.61666666666667,80.20169593875815,6.9494644712071464e-15,107.38741988691555,0
47.63333333333333,80.2213131669232,6.820470007273349e-15,107.28101463566479,0
47.65,80.24091095727987,6.693873097446594e-15,107.17471481647958,0
47.666666666666664,80.26048932908816,6.5696291164253206e-15,107.06852032489216,0
47.68333333333333,80.28004830158903,6.447694270767393e-15,106.96243105653826,0
47.7,80.29958789400438,6.328025583358432e-15,106.85644690715702,0
47.71666666666667,80.31910812553701,6.210580878170585e-15,106.75056777259088,0
47.733333333333334,80.33860901537075,6.0953187653064054e-15,106.64479354878547,0
47.75,80.35809058267039,5.982198626322411e-15,106.53912413178959,0
47.766666666666666,80.37755284658174,5.871180599827151e-15,106.43355941775495,0
47.78333333333333,80.39699582623163,5.76222556734853e-15,106.32809930293624,0
47.8,80.41641954072799,5.655295139465461e-15,106.22274368369092,0
47.81666666666667,80.43582400915973,5.5503516421988445e-15,106.11749245647911,0
47.833333333333336,80.4552092505969,5.447358103656929e-15,106.01234551786354,0
47.85,80.47457528409065,5.3462782409306264e-15,105.90730276450944,0
47.86666666666667,80.49392212867323,5.2470764472334584e-15,105.80236409318444,0
47.88333333333333,80.51324980335806,5.1497177792823235e-15,105.69752940075847,0
47.9,80.53255832713972,5.054167944913912e-15,105.5927985842036,0
47.916666666666664,80.55184771899394,4.960393290932894e-15,105.48817154059405,0
47.93333333333333,80.57111799787768,4.8683607911870005e-15,105.38364816710593,0
47.95,80.5903691827291,4.778038034865238e-15,105.27922836101736,0
47.96666666666667,80.6096012924676,4.689393215014795e-15,105.17491201970807,0
47.983333333333334,80.62881434599382,4.6023951172725624e-15,105.07069904065966,0
48.0,80.64800836218969,4.517013108807337e-15,104.96658932145519,0
48.016666666666666,80.66718335991843,4.433217127468628e-15,104.86258275977923,0
48.03333333333333,80.68633935802457,4.350977671138452e-15,104.75867925341775,0
48.05,80.70547637533394,4.2702657872819165e-15,104.65487870025798,0
48.06666666666667,80.72459443065375,4.1910530626932914e-15,104.55118099828833,0
48.083333333333336,80.74369354277255,4.113311613433591e-15,104.44758604559829,0
48.1,80.7627737304603,4.03701407495632e-15,104.3440937403783,0
48.11666666666667,80.78183501246835,3.9621335924176414e-15,104.24070398091973,0
48.13333333333333,80.80087740752946,3.888643811167619e-15,104.13741666561471,0
48.15,80.81990093435785,3.816518867419306e-15,104.03423169295606,0
48.166666666666664,80.83890561164915,3.745733379091949e-15,103.93114896153713,0
48.18333333333333,80.85789145808052,3.676262436825448e-15,103.82816837005178,0
48.2,80.8768584923106,3.608081595162718e-15,103.72528981729427,0
48.21666666666667,80.89580673297954,3.541166863896691e-15,103.62251320215914,0
48.233333333333334,80.914736198709,3.4754946995790397e-15,103.51983842364105,0
48.25,80.93364690810219,3.411041997187569e-15,103.4172653808348,0
48.266666666666666,80.95253887974391,3.3477860819492692e-15,103.31479397293516,0
48.28333333333333,80.97141213220057,3.2857047013160417e-15,103.21242409923681,0
48.3,80.99026668402009,3.2247760170904777e-15,103.11015565913412,0
48.31666666666667,81.00910255373212,3.1649785976985483e-15,103.00798855212125,0
48.333333333333336,81.02791975984786,3.1062914106068265e-15,102.90592267779189,0
48.35,81.04671832086025,3.048693814881183e-15,102.80395793583924,0
48.36666666666667,81.06549825524382,2.9921655538845486e-15,102.70209422605589,0
48.38333333333333,81.08425958145487,2.9366867481111063e-15,102.6003314483337,0
48.4,81.10300231793138,2.8822378881542198e-15,102.49866950266376,0
48.416666666666664,81.12172648309306,2.828799827805783e-15,102.39710828913623,0
48.43333333333333,81.14043209534135,2.77635377728438e-15,102.29564770794025,0
48.45,81.15911917305951,2.7248812965899554e-15,102.1942876593639,0
48.46666666666667,81.17778773461252,2.6743642889825678e-15,102.09302804379398,0
48.483333333333334,81.19643779834725,2.624784994582932e-15,101.9918687617161,0
48.5,81.21506938259226,2.5761259840924288e-15,101.89080971371439,0
48.516666666666666,81.2336825056581,2.5283701526304232e-15,101.78985080047154,0
48.53333333333333,81.25227718583704,2.481500713686613e-15,101.6889919227686,0
48.55,81.27085344140333,2.4355011931863066e-15,101.58823298148496,0
48.56666666666667,81.28941129061306,2.390355423666549e-15,101.48757387759825,0
48.583333333333336,81.30795075170421,2.3460475385609126e-15,101.38701451218418,0
48.6,81.3264718428968,2.3025619665910312e-15,101.28655478641647,0
48.61666666666667,81.34497458239262,2.259883426262854e-15,101.1861946015668,0
48.63333333333333,81.36345898837557,2.2179969204655896e-15,101.08593385900465,0
48.65,81.38192507901151,2.176887731171523e-15,100.98577246019725,0
48.666666666666664,81.40037287244823,2.1365414142347844e-15,100.88571030670943,0
48.68333333333333,81.4188023868156,2.0969437942871315e-15,100.78574730020355,0
48.7,81.43721364022551,2.058080959729104e-15,100.68588334243947,0
48.71666666666667,81.45560665077188,2.0199392578146107e-15,100.58611833527432,0
48.733333333333334,81.47398143653076,1.982505289827269e-15,100.48645218066252,0
48.75,81.49233801556024,1.9457659063467737e-15,100.38688478065566,0
48.766666666666666,81.51067640590051,1.909708202603648e-15,100.28741603740228,0
48.78333333333333,81.52899662557394,1.874319513920648e-15,100.18804585314797,0
48.8,81.54729869258497,1.8395874112392426e-15,100.08877413023518,0
48.81666666666667,81.56558262492027,1.8054996967296157e-15,99.98960077110306,0
48.833333333333336,81.58384844054862,1.7720443994825377e-15,99.89052567828746,0
48.85,81.60209615742106,1.7392097712816871e-15,99.79154875442084,0
48.86666666666667,81.62032579347081,1.7069842824547998e-15,99.69266990223213,0
48.88333333333333,81.63853736661332,1.675356617802291e-15,99.59388902454658,0
48.9,81.65673089474629,1.6443156726018077e-15,99.49520602428576,0
48.916666666666664,81.67490639574969,1.6138505486873539e-15,99.39662080446749,0
48.93333333333333,81.69306388748578,1.583950550601519e-15,99.29813326820558,0
48.95,81.7112033877991,1.5546051818195792e-15,99.19974331870989,0
48.96666666666667,81.72932491451655,1.5258041410439737e-15,99.10145085928622,0
48.983333333333334,81.74742848544732,1.497537318567935e-15,99.00325579333612,0
49.0,81.76551411838297,1.4697947927069471e-15,98.90515802435688,0
49.016666666666666,81.78358183109744,1.4425668262968063e-15,98.80715745594142,0
49.03333333333333,81.80163164134704,1.4158438632569667e-15,98.70925399177816,0
49.05,81.81966356687052,1.3896165252180145e-15,98.61144753565097,0
49.06666666666667,81.83767762538902,1.3638756082120406e-15,98.51373799143907,0
49.083333333333336,81.85567383460612,1.3386120794247495e-15,98.41612526311691,0
49.1,81.8736522122079,1.3138170740081623e-15,98.31860925475405,0
49.11666666666667,81.89161277586287,1.2894818919527262e-15,98.22118987051516,0
49.13333333333333,81.90955554322203,1.265597995017803e-15,98.12386701465982,0
49.15,81.92748053191896,1.2421570037193916e-15,98.02664059154252,0
49.166666666666664,81.94538775956968,1.2191506943740051e-15,97.9295105056125,0
49.18333333333333,81.9632772437728,1.1965709961977183e-15,97.83247666141365,0
49.2,81.98114900210948,1.1744099884592745e-15,97.73553896358447,0
49.21666666666667,81.99900305214348,1.152659897686293e-15,97.63869731685799,0
49.233333333333334,82.01683941142115,1.1313130949236015e-15,97.54195162606155,0
49.25,82.03465809747141,1.1103620930426347e-15,97.44530179611685,0
49.266666666666666,82.05245912780588,1.089799544101046e-15,97.34874773203978,0
49.28333333333333,82.07024251991876,1.0696182367515417e-15,97.25228933894037,0
49.3,82.08800829128701,1.0498110936990141e-15,97.15592652202263,0
49.31666666666667,82.10575645937017,1.0303711692050974e-15,97.05965918658451,0
49.333333333333336,82.12348704161053,1.0112916466392502e-15,96.96348723801783,0
49.35,82.1412000554331,9.925658360754685e-16,96.86741058180813,0
49.36666666666667,82.15889551824563,9.741871719338435e-16,96.77142912353459,0
49.38333333333333,82.17657344743857,9.561492106660444e-16,96.67554276886997,0
49.4,82.19423386038521,9.384456284839696e-16,96.57975142358045,0
49.416666666666664,82.21187677444158,9.210702191307449e-16,96.48405499352566,0
49.43333333333333,82.22950220694652,9.04016891693242e-16,96.38845338465845,0
49.45,82.24711017522172,8.872796684554033e-16,96.29294650302484,0
49.46666666666667,82.26470069657167,8.708526827915516e-16,96.19753425476401,0
49.483333333333334,82.2822737882837,8.547301770989881e-16,96.10221654610808,0
49.5,82.29982946762806,8.389065007691096e-16,96.00699328338212,0
49.516666666666666,82.31736775185786,8.233761081963386e-16,95.91186437300401,0
49.53333333333333,82.33488865820911,8.081335568241653e-16,95.81682972148434,0
49.55,82.35239220390075,7.931735052276141e-16,95.72188923542635,0
49.56666666666667,82.36987840613467,7.784907112314106e-16,95.62704282152585,0
49.583333333333336,82.38734728209569,7.640800300632607e-16,95.532290386571,0
49.6,82.40479884895164,7.499364125415179e-16,95.43763183744244,0
49.61666666666667,82.4222331238533,7.360549032966165e-16,95.343067081113,0
49.63333333333333,82.43965012393447,7.224306390256681e-16,95.24859602464777,0
49.65,82.45704986631196,7.090588467795563e-16,95.1542185752038,0
49.666666666666664,82.47443236808566,6.959348422819661e-16,95.05993464003022,0
49.68333333333333,82.49179764633847,6.830540282797202e-16,94.96574412646805,0
49.7,82.50914571813641,6.704118929238527e-16,94.87164694195013,0
49.71666666666667,82.52647660052853,6.58004008180859e-16,94.77764299400098,0
49.733333333333334,82.54379031054705,6.458260282735175e-16,94.68373219023681,0
49.75,82.56108686520727,6.338736881507837e-16,94.58991443836528,0
49.766666666666666,82.57836628150767,6.221428019861717e-16,94.49618964618561,0
49.78333333333333,82.59562857642985,6.106292617041223e-16,94.40255772158828,0
49.8,82.61287376693855,5.993290355338084e-16,94.3090185725551,0
49.81666666666667,82.6301018699818,5.882381665898873e-16,94.21557210715905,0
49.833333333333336,82.64731290249077,5.773527714796914e-16,94.12221823356413,0
49.85,82.66450688137984,5.666690389363551e-16,94.0289568600254,0
49.86666666666667,82.68168382354669,5.561832284774014e-16,93.93578789488885,0
49.88333333333333,82.69884374587222,5.458916690883206e-16,93.84271124659122,0
49.9,82.7159866652206,5.357907579306535e-16,93.74972682366001,0
49.916666666666664,82.73311259843928,5.258769590741514e-16,93.65683453471335,0
49.93333333333333,82.75022156235906,5.161468022525363e-16,93.5640342884599,0
49.95,82.76731357379406,5.065968816424314e-16,93.47132599369881,0
49.96666666666667,82.78438864954164,4.972238546650461e-16,93.37870955931956,0
49.983333333333334,82.80144680638267,4.880244408101523e-16,93.28618489430195,0
50.0,82.81848806108128,4.789954204819829e-16,93.19375190771595,0
50.016666666666666,82.83551243038504,4.701336338666098e-16,93.10141050872159,0
50.03333333333333,82.85251993102489,4.614359798204085e-16,93.00916060656895,0
50.05,82.8695105797152,4.528994147792254e-16,92.91700211059805,0
50.06666666666667,82.88648439315384,4.445209516878516e-16,92.82493493023867,0
50.083333333333336,82.90344138802206,4.3629765894943674e-16,92.7329589750104,0
50.1,82.92038158098458,4.282266593944509e-16,92.64107415452246,0
50.11666666666667,82.93730498868969,4.2030512926885113e-16,92.5492803784736,0
50.13333333333333,82.95421162776908,4.1253029724107684e-16,92.45757755665211,0
50.15,82.97110151483804,4.048994434275439e-16,92.36596559893562,0
50.166666666666664,82.98797466649536,3.974098984362681e-16,92.27444441529107,0
50.18333333333333,83.00483109932338,3.900590424282977e-16,92.18301391577464,0
50.2,83.02167082988802,3.828443041966163e-16,92.09167401053153,0
50.21666666666667,83.0384938747388,3.757631602621939e-16,92.00042460979611,0
50.233333333333334,83.0553002504088,3.6881313398685933e-16,91.90926562389161,0
50.25,83.07208997341476,3.6199179470269135e-16,91.81819696323012,0
50.266666666666666,83.08886306025705,3.552967568576016e-16,91.72721853831253,0
50.28333333333333,83.10561952741965,3.487256791768406e-16,91.6363302597284,0
50.3,83.12235939137027,3.4227626384009e-16,91.54553203815586,0
50.31666666666667,83.13908266856022,3.359462556738806e-16,91.45482378436157,0
50.333333333333336,83.1557893754246,3.297334413590366e-16,91.36420540920061,0
50.35,83.17247952838217,3.236356486528733e-16,91.27367682361637,0
50.36666666666667,83.18915314383541,3.17650745625864e-16,91.18323793864049,0
50.38333333333333,83.20581023817064,3.117766399125157e-16,91.09288866539276,0
50.4,83.22245082775781,3.060112779761838e-16,91.00262891508108,0
50.416666666666664,83.23907492895073,3.0035264438756484e-16,90.91245859900124,0
50.43333333333333,83.255682558087,2.947987611166198e-16,90.82237762853701,0
50.45,83.27227373148801,2.8934768683767084e-16,90.73238591515992,0
50.46666666666667,83.28884846545901,2.839975162474232e-16,90.64248337042923,0
50.483333333333334,83.30540677628906,2.787463793956809e-16,90.55266990599186,0
50.5,83.32194868025111,2.7359244102851357e-16,90.46294543358222,0
50.516666666666666,83.33847419360195,2.685338999436467e-16,90.37330986502221,0
50.53333333333333,83.3549833325823,2.635689883578342e-16,90.2837631122211,0
50.55,83.37147611341673,2.5869597128601424e-16,90.19430508717544,0
50.56666666666667,83.38795255231385,2.539131459320041e-16,90.10493570196898,0
50.583333333333336,83.40441266546605,2.492188410905348e-16,90.01565486877261,0
50.6,83.42085646904982,2.446114165604094e-16,89.92646249984418,0
50.61666666666667,83.43728397922554,2.400892625685736e-16,89.83735850752855,0
50.63333333333333,83.45369521213757,2.356507992049048e-16,89.74834280425739,0
50.65,83.47009018391435,2.312944758675126e-16,89.65941530254915,0
50.666666666666664,83.48646891066825,2.2701877071835293e-16,89.57057591500894,0
50.68333333333333,83.50283140849577,2.228221901489751e-16,89.48182455432851,0
50.7,83.51917769347733,2.1870326825619823e-16,89.39316113328611,0
50.71666666666667,83.53550778167757,2.146605663275444e-16,89.30458556474638,0
50.733333333333334,83.55182168914507,2.1069267233623816e-16,89.21609776166031,0
50.75,83.56811943191259,2.0679820044560426e-16,89.12769763706517,0
50.766666666666666,83.58440102599702,2.0297579052267253e-16,89.03938510408437,0
50.78333333333333,83.60066648739934,1.9922410766083632e-16,88.95116007592745,0
50.8,83.61691583210464,1.9554184171138303e-16,88.86302246588984,0
50.81666666666667,83.63314907608225,1.9192770682374082e-16,88.774972187353,0
50.833333333333336,83.64936623528561,1.8838044099426888e-16,88.68700915378413,0
50.85,83.66556732565242,1.848988056234408e-16,88.59913327873623,0
50.86666666666667,83.68175236310452,1.814815850812612e-16,88.51134447584793,0
50.88333333333333,83.69792136354803,1.7812758628076537e-16,88.42364265884345,0
50.9,83.71407434287327,1.748356382594443e-16,88.33602774153246,0
50.916666666666664,83.73021131695482,1.7160459176845472e-16,88.24849963781006,0
50.93333333333333,83.74633230165156,1.684333188694667e-16,88.16105826165665,0
50.95,83.76243731280661,1.6532071253900756e-16,88.0737035271379,0
50.96666666666667,83.77852636624743,1.6226568628015656e-16,87.98643534840458,0
50.983333333333334,83.79459947778581,1.5926717374146567e-16,87.89925363969256,0
51.0,83.8106566632178,1.5632412834295831e-16,87.81215831532266,0
51.016666666666666,83.82669793832389,1.534355229090845e-16,87.72514928970062,0
51.03333333333333,83.84272331886885,1.5060034930849746e-16,87.638226477317,0
51.05,83.85873282060189,1.478176181005274e-16,87.55138979274705,0
51.06666666666667,83.87472645925659,1.4508635818822417e-16,87.46463915065068,0
51.083333333333336,83.89070425055094,1.424056164778527e-16,87.37797446577238,0
51.1,83.90666621018735,1.397744575447147e-16,87.29139565294108,0
51.11666666666667,83.92261235385273,1.3719196330518242e-16,87.20490262707015,0
51.13333333333333,83.93854269721834,1.3465723269482767e-16,87.11849530315723,0
51.15,83.95445725594001,1.3216938135253432e-16,87.03217359628418,0
51.166666666666664,83.97035604565801,1.2972754131048018e-16,86.94593742161702,0
51.18333333333333,83.98623908199708,1.2733086068988197e-16,86.85978669440581,0
51.2,84.00210638056656,1.2497850340239193e-16,86.77372132998465,0
51.21666666666667,84.01795795696026,1.226696488570471e-16,86.68774124377143,0
51.233333333333334,84.0337938267566,1.2040349167266207e-16,86.60184635126792,0
51.25,84.04961400551846,1.18179241395565e-16,86.5160365680596,0
51.266666666666666,84.06541850879343,1.1599612222258453e-16,86.43031180981558,0
51.28333333333333,84.08120735211358,1.1385337272917536e-16,86.34467199228853,0
51.3,84.09698055099565,1.117502456026053e-16,86.25911703131462,0
51.31666666666667,84.11273812094102,1.0968600738009124e-16,86.17364684281337,0
51.333333333333336,84.12848007743564,1.0765993819180489e-16,86.08826134278766,0
51.35,84.1442064359502,1.0567133150865476e-16,86.00296044732359,0
51.36666666666667,84.15991721193998,1.0371949389474988e-16,85.91774407259037,0
51.38333333333333,84.17561242084503,1.018037447644673e-16,85.83261213484028,0
51.4,84.19129207809002,9.992341614402745e-17,85.74756455040865,0
51.416666666666664,84.2069561990844,9.807785243750466e-17,85.66260123571364,0
51.43333333333333,84.22260479922232,9.626641019718001e-17,85.57772210725622,0
51.45,84.23823789388267,9.448845789816328e-17,85.49292708162017,0
51.46666666666667,84.25385549842913,9.274337571719887e-17,85.40821607547183,0
51.483333333333334,84.26945762821015,9.103055531558327e-17,85.3235890055602,0
51.5,84.28504429855893,8.934939962611463e-17,85.2390457887167,0
51.516666666666666,84.30061552479353,8.769932264399625e-17,85.15458634185516,0
51.53333333333333,84.31617132221679,8.607974922162927e-17,85.07021058197182,0
51.55,84.33171170611645,8.449011486721256e-17,84.98591842614508,0
51.56666666666667,84.34723669176503,8.292986554708544e-17,84.90170979153551,0
51.583333333333336,84.36274629441996,8.139845749174151e-17,84.8175845953858,0
51.6,84.37824052932353,7.989535700544318e-17,84.7335427550206,0
51.61666666666667,84.39371941170296,7.842004027937549e-17,84.64958418784651,0
51.63333333333333,84.40918295677032,7.69719932082671e-17,84.565708811352,0
51.65,84.42463117972268,7.555071121041784e-17,84.4819165431072,0
51.666666666666664,84.44006409574202,7.415569905106847e-17,84.39820730076399,0
51.68333333333333,84.45548171999526,7.278647066905108e-17,84.31458100205583,0
51.7,84.4708840676343,7.144254900665694e-17,84.23103756479766,0
51.71666666666667,84.48627115379605,7.01234658426657e-17,84.14757690688593,0
51.733333333333334,84.5016429936024,6.882876162847281e-17,84.06419894629836,0
51.75,84.51699960216027,6.755798532726193e-17,83.980903601094,0
51.766666666666666,84.53234099456157,6.631069425616115e-17,83.89769078941306,0
51.78333333333333,84.54766718588334,6.508645393133284e-17,83.81456042947688,0
51.8,84.5629781911876,6.388483791593648e-17,83.73151243958782,0
51.81666666666667,84.57827402552148,6.270542767091734e-17,83.64854673812917,0
51.833333333333336,84.59355470391719,6.154781240856282e-17,83.56566324356514,0
51.85,84.60882024139207,6.041158894878018e-17,83.48286187444069,0
51.86666666666667,84.62407065294852,5.929636157803954e-17,83.40014254938151,0
51.88333333333333,84.63930595357417,5.820174191093782e-17,83.31750518709389,0
51.9,84.65452615824171,5.712734875433145e-17,83.2349497063647,0
51.916666666666664,84.66973128190904,5.60728079739924e-17,83.15247602606131,0
51.93333333333333,84.68492133951924,5.5037752363737345e-17,83.0700840651314,0
51.95,84.70009634600055,5.4021821516989455e-17,82.98777374260303,0
51.96666666666667,84.71525631626646,5.3024661700720105e-17,82.90554497758444,0
51.983333333333334,84.73040126521565,5.2045925731734344e-17,82.82339768926406,0
52.0,84.74553120773209,5.108527285525068e-17,82.74133179691039,0
52.016666666666666,84.76064615868489,5.014236862573407e-17,82.65934721987189,0
52.03333333333333,84.77574613292856,4.921688478994285e-17,82.57744387757698,0
52.05,84.79083114530282,4.8308499172143064e-17,82.49562168953389,0
52.06666666666667,84.80590121063268,4.741689556145658e-17,82.41388057533061,0
52.083333333333336,84.82095634372851,4.654176360129771e-17,82.33222045463476,0
52.1,84.83599655938593,4.5682798680862134e-17,82.25064124719367,0
52.11666666666667,84.85102187238599,4.483970182863019e-17,82.16914287283409,0
52.13333333333333,84.866032297495,4.4012179607845955e-17,82.08772525146222,0
52.15,84.8810278494647,4.319994401393543e-17,82.00638830306367,0
52.166666666666664,84.89600854303224,4.240271237382991e-17,81.92513194770329,0
52.18333333333333,84.9109743929201,4.1620207247155645e-17,81.84395610552515,0
52.2,84.92592541383618,4.085215632925874e-17,81.76286069675245,0
52.21666666666667,84.94086162047384,4.009829235602784e-17,81.68184564168743,0
52.233333333333334,84.95578302751186,3.935835301048387e-17,81.60091086071128,0
52.25,84.9706896496145,3.863208083110256e-17,81.52005627428413,0
52.266666666666666,84.98558150143145,3.7919223121838344e-17,81.43928180294488,0
52.28333333333333,85.00045859759791,3.7219531863817116e-17,81.35858736731116,0
52.3,85.0153209527346,3.65327636286674e-17,81.2779728880793,0
52.31666666666667,85.0301685814477,3.5858679493459904e-17,81.19743828602418,0
52.333333333333336,85.04500149832894,3.5197044957224387e-17,81.11698348199917,0
52.35,85.05981971795563,3.4547629859016175e-17,81.03660839693609,0
52.36666666666667,85.0746232548906,3.391020829750201e-17,80.95631295184508,0
52.38333333333333,85.08941212368221,3.3284558552037865e-17,80.87609706781454,0
52.4,85.1041863388645,3.267046300521081e-17,80.79596066601111,0
52.416666666666664,85.118945914957,3.206770806681745e-17,80.71590366767947,0
52.43333333333333,85.13369086646496,3.147608409925264e-17,80.63592599414243,0
52.45,85.14842120787917,3.0895385344282564e-17,80.55602756680067,0
52.46666666666667,85.16313695367616,3.0325409851175756e-17,80.47620830713275,0
52.483333333333334,85.177838118318,2.9765959406166577e-17,80.39646813669513,0
52.5,85.19252471625248,2.921683946322835e-17,80.31680697712191,0
52.516666666666666,85.20719676191311,2.867785907612898e-17,80.23722475012485,0
52.53333333333333,85.22185426971906,2.8148830831747815e-17,80.15772137749327,0
52.55,85.23649725407523,2.76295707846287e-17,80.07829678109407,0
52.56666666666667,85.2511257293722,2.7119898392746556e-17,79.99895088287145,0
52.583333333333336,85.2657397099864,2.6619636454466235e-17,79.91968360484705,0
52.6,85.28033921027989,2.6128611046669147e-17,79.84049486911971,0
52.61666666666667,85.29492424460055,2.564665146402827e-17,79.7613845978655,0
52.63333333333333,85.30949482728208,2.51735901594089e-17,79.68235271333756,0
52.65,85.3240509726439,2.470926268537448e-17,79.60339913786612,0
52.666666666666664,85.33859269499132,2.425350763677726e-17,79.52452379385832,0
52.68333333333333,85.35312000861545,2.3806166594413576e-17,79.44572660379822,0
52.7,85.36763292779318,2.336708406972358e-17,79.36700749024668,0
52.71666666666667,85.38213146678736,2.293610745051681e-17,79.28836637584125,0
52.733333333333334,85.39661563984662,2.2513086947703375e-17,79.20980318329616,0
52.75,85.4110854612055,2.20978755430135e-17,79.13131783540229,0
52.766666666666666,85.42554094508446,2.1690328937686227e-17,79.05291025502687,0
52.78333333333333,85.43998210568985,2.1290305502109058e-17,78.97458036511372,0
52.8,85.45440895721391,2.089766622639157e-17,78.89632808868288,0
52.81666666666667,85.4688215138349,2.051227467185554e-17,78.81815334883078,0
52.833333333333336,85.48321978971693,2.0133996923423975e-17,78.74005606872994,0
52.85,85.49760379901015,1.9762701542892788e-17,78.66203617162911,0
52.86666666666667,85.51197355585067,1.939825952306936e-17,78.58409358085298,0
52.88333333333333,85.52632907436062,1.9040544242760194e-17,78.50622821980232,0
52.9,85.54067036864804,1.8689431422594155e-17,78.42844001195373,0
52.916666666666664,85.55499745280709,1.8344799081663568e-17,78.35072888085965,0
52.93333333333333,85.56931034091795,1.8006527494969784e-17,78.27309475014826,0
52.95,85.5836090470468,1.767449915165702e-17,78.19553754352347,0
52.96666666666667,85.59789358524593,1.734859871402066e-17,78.11805718476471,0
52.983333333333334,85.61216396955368,1.7028712977275032e-17,78.04065359772696,0
53.0,85.62642021399449,1.6714730830067388e-17,77.96332670634067,0
53.016666666666666,85.64066233257891,1.6406543215723104e-17,77.88607643461165,0
53.03333333333333,85.65489033930362,1.6104043094209454e-17,77.808902706621,0
53.05,85.66910424815137,1.580712540480457e-17,77.73180544652506,0
53.06666666666667,85.68330407309114,1.5515687029457736e-17,77.6547845785553,0
53.083333333333336,85.69748982807799,1.5229626756828938e-17,77.57784002701828,0
53.1,85.7116615270532,1.4948845246995015e-17,77.5009717162956,0
53.11666666666667,85.72581918394424,1.4673244996809595e-17,77.42417957084369,0
53.13333333333333,85.73996281266474,1.4402730305905057e-17,77.34746351519392,0
53.15,85.75409242711459,1.4137207243324495e-17,77.2708234739524,0
53.166666666666664,85.76820804117986,1.3876583614771913e-17,77.19425937179996,0
53.18333333333333,85.78230966873292,1.3620768930469561e-17,77.11777113349204,0
53.2,85.79639732363233,1.3369674373610387e-17,77.04135868385866,0
53.21666666666667,85.81047101972298,1.3123212769395553e-17,76.9650219478043,0
53.233333333333334,85.82453077083599,1.2881298554645171e-17,76.88876085030786,0
53.25,85.8385765907888,1.26438477479724e-17,76.81257531642261,0
53.266666666666666,85.85260849338518,1.2410777920510014e-17,76.73646527127597,0
53.28333333333333,85.86662649241515,1.2182008167179472e-17,76.6604306400697,0
53.3,85.88063060165514,1.1957459078492011e-17,76.58447134807956,0
53.31666666666667,85.89462083486791,1.1737052712872534e-17,76.5085873206554,0
53.333333333333336,85.90859720580258,1.152071256949592e-17,76.43277848322101,0
53.35,85.92255972819461,1.1308363561626648e-17,76.35704476127411,0
53.36666666666667,85.93650841576591,1.1099931990452406e-17,76.28138608038621,0
53.38333333333333,85.95044328222477,1.0895345519402315e-17,76.2058023662026,0
53.4,85.96436434126589,1.0694533148940934e-17,76.13029354444218,0
53.416666666666664,85.9782716065704,1.0497425191829116e-17,76.05485954089754,0
53.43333333333333,85.99216509180587,1.0303953248843327e-17,75.97950028143471,0
53.45,86.00604481062636,1.011405018494449e-17,75.90421569199327,0
53.46666666666667,86.01991077667236,9.927650105888395e-18,75.8290056985861,0
53.483333333333334,86.03376300357085,9.744688335269051e-18,75.75387022729942,0
53.5,86.04760150493536,9.565101391987761e-18,75.6788092042927,0
53.516666666666666,86.06142629436584,9.388826968139108e-18,75.60382255579857,0
53.53333333333333,86.07523738544886,9.215803907306535e-18,75.52891020812277,0
53.55,86.08903479175743,9.045972183260073e-18,75.454072087644,0
53.56666666666667,86.10281852685122,8.879272879048491e-18,75.37930812081395,0
53.583333333333336,86.11658860427637,8.715648166478643e-18,75.30461823415722,0
53.6,86.13034503756565,8.555041285974863e-18,75.23000235427114,0
53.61666666666667,86.14408784023838,8.39739652681148e-18,75.15546040782583,0
53.63333333333333,86.15781702580055,8.242659207711122e-18,75.08099232156401,0
53.65,86.17153260774471,8.090775657802567e-18,75.00659802230108,0
53.666666666666664,86.18523459955006,7.941693197931035e-18,74.93227743692485,0
53.68333333333333,86.19892301468244,7.795360122314666e-18,74.85803049239566,0
53.7,86.21259786659435,7.651725680540722e-18,74.78385711574616,0
53.71666666666667,86.22625916872497,7.51074005989489e-18,74.70975723408132,0
53.733333333333334,86.23990693450014,7.372354368018077e-18,74.63573077457839,0
53.75,86.25354117733241,7.236520615884246e-18,74.56177766448666,0
53.766666666666666,86.26716191062106,7.103191701093274e-18,74.48789783112763,0
53.78333333333333,86.28076914775208,6.972321391473364e-18,74.4140912018947,0
53.8,86.29436290209816,6.8438643089869574e-18,74.34035770425335,0
53.81666666666667,86.30794318701881,6.717775913934426e-18,74.26669726574079,0
53.833333333333336,86.32151001586023,6.594012489450581e-18,74.19310981396612,0
53.85,86.33506340195544,6.472531126287965e-18,74.11959527661013,0
53.86666666666667,86.34860335862422,6.3532897078818834e-18,74.04615358142529,0
53.88333333333333,86.3621298991732,6.236246895691888e-18,73.97278465623562,0
53.9,86.37564303689581,6.121362114814763e-18,73.89948842893672,0
53.916666666666664,86.38914278507225,6.008595539863644e-18,73.82626482749556,0
53.93333333333333,86.40262915696961,5.897908081108731e-18,73.75311377995055,0
53.95,86.41610216584188,5.789261370874423e-18,73.68003521441136,0
53.96666666666667,86.4295618249298,5.6826177501882276e-18,73.60702905905889,0
53.983333333333334,86.4430081474611,5.577940255676964e-18,73.53409524214524,0
54.0,86.45644114665033,5.475192606705278e-18,73.46123369199358,0
54.016666666666666,86.46986083569902,5.374339192752415e-18,73.38844433699812,0
54.03333333333333,86.48326722779554,5.275345061022622e-18,73.31572710562396,0
54.05,86.49666033611523,5.178175904284668e-18,73.24308192640716,0
54.06666666666667,86.51004017382039,5.082798048936684e-18,73.17050872795454,0
54.083333333333336,86.52340675406025,4.9891784432916985e-18,73.09800743894367,0
54.1,86.53676008997101,4.897284646080139e-18,73.02557798812279,0
54.11666666666667,86.55010019467588,4.807084815164981e-18,72.95322030431076,0
54.13333333333333,86.56342708128504,4.718547696465848e-18,72.88093431639693,0
54.15,86.57674076289575,4.631642613087984e-18,72.80871995334117,0
54.166666666666664,86.59004125259216,4.5463394546525175e-18,72.73657714417367,0
54.18333333333333,86.60332856344556,4.462608666824067e-18,72.664505817995,0
54.2,86.61660270851426,4.380421241032175e-18,72.59250590397595,0
54.21666666666667,86.62986370084363,4.299748704382989e-18,72.5205773313575,0
54.233333333333334,86.64311155346611,4.220563109757589e-18,72.44872002945074,0
54.25,86.65634627940123,4.1428370260934685e-18,72.37693392763678,0
54.266666666666666,86.66956789165565,4.066543528845967e-18,72.30521895536678,0
54.28333333333333,86.68277640322307,3.991656190626094e-18,72.23357504216169,0
54.3,86.69597182708436,3.918149072011631e-18,72.16200211761236,0
54.31666666666667,86.70915417620756,3.845996712528211e-18,72.09050011137946,0
54.333333333333336,86.7223234635478,3.7751741217972866e-18,72.01906895319321,0
54.35,86.73547970204741,3.705656770847919e-18,71.94770857285361,0
54.36666666666667,86.74862290463588,3.6374205835892195e-18,71.8764189002301,0
54.38333333333333,86.76175308422988,3.5704419284406194e-18,71.80519986526171,0
54.4,86.77487025373333,3.5046976101169774e-18,71.73405139795679,0
54.416666666666664,86.78797442603731,3.4401648615656075e-18,71.66297342839312,0
54.43333333333333,86.80106561402013,3.3768213360525595e-18,71.5919658867177,0
54.45,86.8141438305474,3.3146450993952323e-18,71.52102870314684,0
54.46666666666667,86.82720908847189,3.2536146223387105e-18,71.45016180796587,0
54.483333333333334,86.84026140063371,3.1937087730730453e-18,71.37936513152928,0
54.5,86.8533007798602,3.1349068098891235e-18,71.30863860426057,0
54.516666666666666,86.86632723896605,3.077188373970198e-18,71.23798215665212,0
54.53333333333333,86.8793407907532,3.020533482316829e-18,71.16739571926527,0
54.55,86.8923414480109,2.964922520802738e-18,71.09687922273005,0
54.56666666666667,86.90532922351574,2.9103362373590635e-18,71.02643259774536,0
54.583333333333336,86.91830413003167,2.856755735284665e-18,70.95605577507864,0
54.6,86.93126618030996,2.8041624666801796e-18,70.88574868556601,0
54.61666666666667,86.94421538708933,2.752538226003516e-18,70.81551126011209,0
54.63333333333333,86.95715176309572,2.7018651437445455e-18,70.74534342969,0
54.65,86.9700753210426,2.6521256802167647e-18,70.67524512534118,0
54.666666666666664,86.98298607363081,2.603302619463796e-18,70.60521627817548,0
54.68333333333333,86.99588403354856,2.555379063278548e-18,70.53525681937096,0
54.7,87.00876921347155,2.5083384253330123e-18,70.46536668017389,0
54.71666666666667,87.02164162606283,2.462164425416618e-18,70.39554579189864,0
54.733333333333334,87.03450128397303,2.416841083781099e-18,70.32579408592771,0
54.75,87.04734819984013,2.372352715589996e-18,70.25611149371149,0
54.766666666666666,87.06018238628964,2.3286839254707643e-18,70.18649794676836,0
54.78333333333333,87.07300385593459,2.2858196021676037e-18,70.11695337668453,0
54.8,87.08581262137542,2.2437449132931993e-18,70.04747771511403,0
54.81666666666667,87.09860869520018,2.2024453001774918e-18,69.97807089377856,0
54.833333333333336,87.1113920899844,2.1619064728117135e-18,69.90873284446752,0
54.85,87.12416281829117,2.1221144048858684e-18,69.83946349903786,0
54.86666666666667,87.13692089267109,2.0830553289180074e-18,69.77026278941406,0
54.88333333333333,87.14966632566235,2.0447157314735604e-18,69.70113064758809,0
54.9,87.16239912979078,2.007082348473028e-18,69.63206700561925,0
54.916666666666664,87.17511931756968,1.970142160586456e-18,69.56307179563419,0
54.93333333333333,87.18782690150005,1.933882388713019e-18,69.49414494982679,0
54.95,87.20052189407042,1.898290489544276e-18,69.42528640045818,0
54.96666666666667,87.21320430775702,1.8633541512092976e-18,69.35649607985651,0
54.983333333333334,87.22587415502369,1.829061289000437e-18,69.28777392041708,0
55.0,87.23853144832188,1.795400041178058e-18,69.21911985460211,0
55.016666666666666,87.25117620009078,1.7623587648527934e-18,69.15053381494076,0
55.03333333333333,87.2638084227572,1.7299260319440035e-18,69.08201573402904,0
55.05,87.27642812873562,1.6980906252128777e-18,69.01356554452977,0
55.06666666666667,87.2890353304283,1.6668415343688857e-18,68.94518317917246,0
55.083333333333336,87.30163004022516,1.6361679522482064e-18,68.8768685707533,0
55.1,87.3142122705038,1.606059271062788e-18,68.80862165213506,0
55.11666666666667,87.32678203362964,1.5765050787187493e-18,68.74044235624702,0
55.13333333333333,87.33933934195578,1.5474951552028408e-18,68.67233061608493,0
55.15,87.35188420782313,1.5190194690356596e-18,68.60428636471096,0
55.166666666666664,87.36441664356036,1.4910681737904618e-18,68.53630953525354,0
55.18333333333333,87.37693666148387,1.4636316046762967e-18,68.4684000609074,0
55.2,87.38944427389792,1.4367002751842855e-18,68.40055787493348,0
55.21666666666667,87.40193949309457,1.4102648737959141e-18,68.33278291065884,0
55.233333333333334,87.41442233135369,1.3843162607521188e-18,68.26507510147654,0
55.25,87.42689280094295,1.3588454648821304e-18,68.19743438084575,0
55.266666666666666,87.43935091411794,1.3338436804908778e-18,68.12986068229146,0
55.28333333333333,87.45179668312201,1.309302264303954e-18,68.06235393940463,0
55.3,87.4642301201865,1.2852127324690201e-18,67.99491408584194,0
55.31666666666667,87.47665123753052,1.2615667576126152e-18,67.92754105532582,0
55.333333333333336,87.48906004736111,1.2383561659513827e-18,67.86023478164444,0
55.35,87.50145656187321,1.2155729344566472e-18,67.79299519865148,0
55.36666666666667,87.51384079324971,1.193209188071413e-18,67.72582224026624,0
55.38333333333333,87.52621275366138,1.1712571969787582e-18,67.65871584047343,0
55.4,87.53857245526699,1.149709373920758e-18,67.59167593332323,0
55.416666666666664,87.55091991021318,1.1285582715668648e-18,67.52470245293114,0
55.43333333333333,87.56325513063463,1.1077965799310046e-18,67.45779533347793,0
55.45,87.57557812865397,1.0874171238363204e-18,67.3909545092096,0
55.46666666666667,87.58788891638181,1.0674128604268158e-18,67.32417991443732,0
55.483333333333334,87.60018750591678,1.0477768767249367e-18,67.25747148353732,0
55.5,87.61247390934548,1.0285023872343041e-18,67.19082915095088,0
55.516666666666666,87.62474813874258,1.0095827315867157e-18,67.12425285118417,0
55.53333333333333,87.63701020617073,9.910113722326451e-19,67.05774251880837,0
55.55,87.64926012368072,9.727818921743743e-19,66.99129808845942,0
55.56666666666667,87.66149790331133,9.54887992741051e-19,66.92491949483801,0
55.583333333333336,87.67372355708942,9.37323491404807e-19,66.85860667270956,0
55.6,87.6859370970299,9.2008231963724e-19,66.79235955690413,0
55.61666666666667,87.69813853513588,9.03158520805502e-19,66.72617808231637,0
55.63333333333333,87.71032788339848,8.865462481072325e-19,66.66006218390537,0
55.65,87.72250515379697,8.702397625436632e-19,66.59401179669477,0
55.666666666666664,87.73467035829874,8.542334309301428e-19,66.52802685577251,0
55.68333333333333,87.74682350885935,8.385217239434232e-19,66.46210729629088,0
55.7,87.75896461742246,8.230992142050165e-19,66.39625305346641,0
55.71666666666667,87.77109369592,8.079605743999475e-19,66.33046406257986,0
55.733333333333334,87.78321075627193,7.931005754302555e-19,66.26474025897605,0
55.75,87.79531581038655,7.785140846026138e-19,66.19908157806393,0
55.766666666666666,87.80740887016023,7.641960638494199e-19,66.1334879553164,0
55.78333333333333,87.81948994747762,7.501415679827216e-19,66.06795932627034,0
55.8,87.83155905421161,7.363457429804237e-19,66.00249562652648,0
55.81666666666667,87.84361620222327,7.228038243041255e-19,65.93709679174934,0
55.833333333333336,87.85566140336199,7.095111352480398e-19,65.87176275766726,0
55.85,87.86769466946534,6.964630853183933e-19,65.80649346007216,0
55.86666666666667,87.87971601235922,6.836551686427621e-19,65.74128883481967,0
55.88333333333333,87.89172544385777,6.710829624087856e-19,65.6761488178289,0
55.9,87.90372297576343,6.58742125331712e-19,65.61107334508256,0
55.916666666666664,87.915708619867,6.466283961502399e-19,65.54606235262668,0
55.93333333333333,87.92768238794753,6.347375921501397e-19,65.48111577657073,0
55.95,87.93964429177242,6.230656077151427e-19,65.41623355308747,0
55.96666666666667,87.95159434309744,6.116084129045849e-19,65.35141561841287,0
55.983333333333334,87.96353255366665,6.003620520573135e-19,65.28666190884613,0
56.0,87.97545893521254,5.89322642421384e-19,65.22197236074955,0
56.016666666666666,87.98737349945596,5.784863728090404e-19,65.15734691054847,0
56.03333333333333,87.99927625810608,5.678495022765559e-19,65.09278549473125,0
56.05,88.01116722286055,5.574083588284308e-19,65.02828804984914,0
56.06666666666667,88.0230464054054,5.47159338145517e-19,64.96385451251632,0
56.083333333333336,88.03491381741506,5.37098902336644e-19,64.89948481940971,0
56.1,88.04676947055245,5.272235787132689e-19,64.83517890726903,0
56.11666666666667,88.05861337646884,5.175299585867697e-19,64.77093671289664,0
56.13333333333333,88.07044554680405,5.08014696087937e-19,64.70675817315755,0
56.15,88.08226599318634,4.986745070082558e-19,64.6426432249793,0
56.166666666666664,88.0940747272324,4.895061676625912e-19,64.57859180535195,0
56.18333333333333,88.10587176054746,4.805065137728572e-19,64.51460385132798,0
56.2,88.11765710472523,4.716724393723032e-19,64.45067930002224,0
56.21666666666667,88.12943077134794,4.630008957300355e-19,64.38681808861189,0
56.233333333333334,88.14119277198634,4.544888902953713e-19,64.32302015433636,0
56.25,88.15294311819973,4.461334856617041e-19,64.25928543449724,0
56.266666666666666,88.16468182153592,4.379317985494738e-19,64.19561386645826,0
56.28333333333333,88.17640889353132,4.2988099880793565e-19,64.13200538764521,0
56.3,88.18812434571089,4.219783084353335e-19,64.06845993554587,0
56.31666666666667,88.19982818958815,4.142210006171729e-19,64.00497744770999,0
56.333333333333336,88.21152043666527,4.0660639878224166e-19,63.94155786174914,0
56.35,88.22320109843294,3.991318756760576e-19,63.87820111533678,0
56.36666666666667,88.23487018637056,3.9179485245141006e-19,63.81490714620809,0
56.38333333333333,88.24652771194604,3.845927977757022e-19,63.75167589215994,0
56.4,88.25817368661606,3.7752322695476113e-19,63.688507291050854,0
56.416666666666664,88.26980812182585,3.7058370107281183e-19,63.62540128080091,0
56.43333333333333,88.28143102900931,3.6377182614834496e-19,63.56235779939172,0
56.45,88.29304241958907,3.5708525230554464e-19,63.49937678486632,0
56.46666666666667,88.30464230497638,3.5052167296101868e-19,63.43645817532914,0
56.483333333333334,88.31623069657122,3.440788240255355e-19,63.37360190894599,0
56.5,88.32780760576225,3.3775448312049194e-19,63.31080792394388,0
56.516666666666666,88.33937304392684,3.315464688088475e-19,63.24807615861104,0
56.53333333333333,88.35092702243114,3.2545263984024037e-19,63.18540655129689,0
56.55,88.36246955262996,3.194708944100471e-19,63.122799040411905,0
56.56666666666667,88.37400064586691,3.1359916943210583e-19,63.0602535644276,0
56.583333333333336,88.38552031347437,3.078354398248642e-19,62.99777006187643,0
56.6,88.39702856677346,3.0217771781069774e-19,62.93534847135178,0
56.61666666666667,88.40852541707407,2.96624052228168e-19,62.872988731507874,0
56.63333333333333,88.42001087567493,2.9117252785695745e-19,62.81069078105972,0
56.65,88.43148495386356,2.8582126475526626e-19,62.748454558783045,0
56.666666666666664,88.44294766291625,2.805684176094431e-19,62.68628000351424,0
56.68333333333333,88.45439901409821,2.754121750956026e-19,62.624167054150334,0
56.7,88.46583901866337,2.703507592530343e-19,62.56211564964884,0
56.71666666666667,88.4772676878546,2.653824248691655e-19,62.5001257290278,0
56.733333333333334,88.48868503290362,2.605054588758764e-19,62.43819723136566,0
56.75,88.50009106503096,2.557181797569467e-19,62.37633009580125,0
56.766666666666666,88.5114857954461,2.510189369664451e-19,62.314524261533684,0
56.78333333333333,88.52286923534737,2.4640611035784083e-19,62.25277966782233,0
56.8,88.53424139592204,2.418781096236527e-19,62.191096253986736,0
56.81666666666667,88.54560228834623,2.374333737454313e-19,62.12947395940659,0
56.833333333333336,88.5569519237851,2.330703704538964e-19,62.06791272352162,0
56.85,88.56829031339265,2.2878759569902433e-19,62.00641248583159,0
56.86666666666667,88.57961746831184,2.2458357312991757e-19,61.94497318589619,0
56.88333333333333,88.59093339967463,2.2045685358427167e-19,61.88359476333499,0
56.9,88.60223811860189,2.1640601458725017e-19,61.82227715782743,0
56.916666666666664,88.61353163620353,2.124296598596168e-19,61.76102030911267,0
56.93333333333333,88.62481396357845,2.085264188349325e-19,61.69982415698961,0
56.95,88.6360851118145,2.046949461856566e-19,61.63868864131679,0
56.96666666666667,88.64734509198856,2.0093392135800342e-19,61.57761370201234,0
56.983333333333334,88.65859391516658,1.972420481153599e-19,61.51659927905392,0
57.0,88.6698315924035,1.9361805409013988e-19,61.455645312478694,0
57.016666666666666,88.68105813474334,1.9006069034389827e-19,61.39475174238318,0
57.03333333333333,88.69227355321912,1.8656873093556003e-19,61.333918508923304,0
57.05,88.70347785885299,1.8314097249761346e-19,61.273145552314276,0
57.06666666666667,88.71467106265617,1.7977623382011943e-19,61.21243281283053,0
57.083333333333336,88.72585317562891,1.7647335544239392e-19,61.151780230805684,0
57.1,88.73702420876064,1.7323119925221977e-19,61.09118774663249,0
57.11666666666667,88.74818417302984,1.7004864809245473e-19,61.03065530076275,0
57.13333333333333,88.75933307940416,1.6692460537489098e-19,60.97018283370728,0
57.15,88.77047093884033,1.638579947012355e-19,60.909770286035815,0
57.166666666666664,88.78159776228426,1.6084775949108288e-19,60.84941759837701,0
57.18333333333333,88.79271356067103,1.578928626167508e-19,60.78912471141833,0
57.2,88.80381834492485,1.549922860448433e-19,60.728891565906025,0
57.21666666666667,88.8149121259591,1.5214503048443162e-19,60.66871810264503,0
57.233333333333334,88.82599491467639,1.4935011504171906e-19,60.60860426249895,0
57.25,88.83706672196848,1.4660657688107357e-19,60.54854998639,0
57.266666666666666,88.84812755871637,1.439134708923129e-19,60.488555215298895,0
57.28333333333333,88.85917743579024,1.4126986936412549e-19,60.428619890264876,0
57.3,88.8702163640496,1.3867486166351146e-19,60.36874395238557,0
57.31666666666667,88.88124435434305,1.3612755392113546e-19,60.30892734281697,0
57.333333333333336,88.89226141750854,1.3362706872248334e-19,60.249170002773404,0
57.35,88.90326756437328,1.3117254480470886e-19,60.18947187352741,0
57.36666666666667,88.9142628057537,1.2876313675907729e-19,60.129832896409745,0
57.38333333333333,88.92524715245554,1.2639801473888696e-19,60.07025301280929,0
57.4,88.93622061527387,1.240763641727834e-19,60.01073216417298,0
57.416666666666664,88.947183204993,1.2179738548335746e-19,59.9512702920058,0
57.43333333333333,88.95813493238661,1.1956029381092628e-19,59.891867337870686,0
57.45,88.96907580821764,1.1736431874241676e-19,59.83252324338846,0
57.46666666666667,88.98000584323843,1.1520870404523977e-19,59.773237950237814,0
57.483333333333334,88.99092504819065,1.1309270740607345e-19,59.71401140015521,0
57.5,89.00183343380529,1.1101560017446299e-19,59.654843534934834,0
57.516666666666666,89.01273101080272,1.0897666711114563e-19,59.595734296428574,0
57.53333333333333,89.02361778989278,1.0697520614101846e-19,59.536683626545916,0
57.55,89.03449378177453,1.0501052811065628e-19,59.4776914672539,0
57.56666666666667,89.04535899713655,1.0308195655030323e-19,59.41875776057707,0
57.583333333333336,89.05621344665681,1.0118882744025004e-19,59.35988244859744,0
57.6,89.06705714100269,9.933048898151946e-20,59.30106547345438,0
57.61666666666667,89.07789009083096,9.750630137077587e-20,59.2423067773446,0
57.63333333333333,89.08871230678791,9.571563657938836e-20,59.1836063025221,0
57.65,89.09952379950923,9.395787813656364e-20,59.124963991298074,0
57.666666666666664,89.11032457962006,9.223242091647784e-20,59.06637978604089,0
57.68333333333333,89.12111465773503,9.05386709293295e-20,59.00785362917603,0
57.7,89.13189404445829,8.887604511624803e-20,58.94938546318601,0
57.71666666666667,89.14266275038342,8.724397114797987e-20,58.89097523061034,0
57.733333333333334,89.15342078609353,8.564188722728641e-20,58.83262287404546,0
57.75,89.16416816216129,8.406924189498239e-20,58.77432833614471,0
57.766666666666666,89.17490488914878,8.252549383955016e-20,58.71609155961823,0
57.78333333333333,89.18563097760773,8.101011171026474e-20,58.65791248723292,0
57.8,89.19634643807935,7.952257393376057e-20,58.59979106181242,0
57.81666666666667,89.20705128109444,7.806236853398008e-20,58.54172722623701,0
57.833333333333336,89.21774551717333,7.662899295544074e-20,58.48372092344355,0
57.85,89.22842915682595,7.52219538897586e-20,58.42577209642546,0
57.86666666666667,89.2391022105518,7.384076710537098e-20,58.36788068823263,0
57.88333333333333,89.24976468884002,7.248495728039373e-20,58.31004664197141,0
57.9,89.2604166021693,7.115405783856246e-20,58.25226990080449,0
57.916666666666664,89.27105796100798,6.984761078819424e-20,58.194550407950885,0
57.93333333333333,89.281688775814,6.856516656411866e-20,58.13688810668589,0
57.95,89.292309057035,6.730628387252218e-20,58.079282940340974,0
57.96666666666667,89.30291881510819,6.607052953864938e-20,58.02173485230379,0
57.983333333333334,89.31351806046047,6.485747835731293e-20,57.96424378601805,0
58.0,89.32410680350841,6.366671294615717e-20,57.90680968498356,0
58.016666666666666,89.3346850546583,6.249782360162698e-20,57.849432492756044,0
58.03333333333333,89.34525282430602,6.135040815758764e-20,57.7921121529472,0
58.05,89.35581012283725,6.022407184655315e-20,57.73484860922458,0
58.06666666666667,89.36635696062734,5.911842716346952e-20,57.677641805311545,0
58.083333333333336,89.37689334804132,5.803309373200936e-20,57.62049168498725,0
58.1,89.387419295434,5.696769817332791e-20,57.563398192086524,0
58.11666666666667,89.39793481314994,5.592187397723973e-20,57.50636127049986,0
58.13333333333333,89.40843991152342,5.489526137576749e-20,57.44938086417335,0
58.15,89.41893460087846,5.3887507219020773e-20,57.392456917108625,0
58.166666666666664,89.4294188915289,5.289826485336201e-20,57.335589373362794,0
58.18333333333333,89.43989279377836,5.1927194001816666e-20,57.278778177048416,0
58.2,89.45035631792017,5.0973960646687314e-20,57.2220232723334,0
58.21666666666667,89.46080947423755,5.0038236914329546e-20,57.16532460344101,0
58.233333333333334,89.47125227300353,4.911970096205204e-20,57.10868211464974,0
58.25,89.48168472448089,4.8218036867098004e-20,57.052095750293326,0
58.266666666666666,89.4921068389223,4.7332934517674383e-20,56.995565454760644,0
58.28333333333333,89.50251862657024,4.646408950598632e-20,56.939091172495665,0
58.3,89.51292009765704,4.56112030232442e-20,56.882672847997455,0
58.31666666666667,89.52331126240495,4.477398175660295e-20,56.826310425820004,0
58.333333333333336,89.53369213102602,4.3952137788001305e-20,56.77000385057229,0
58.35,89.54406271372221,4.314538849486343e-20,56.71375306691816,0
58.36666666666667,89.55442302068538,4.23534564526308e-20,56.657558019576285,0
58.38333333333333,89.56477306209726,4.15760693390887e-20,56.60141865332014,0
58.4,89.57511284812952,4.081295984045468e-20,56.54533491297788,0
58.416666666666664,89.58544238894375,4.006386555919848e-20,56.489306743432344,0
58.43333333333333,89.59576169469146,3.932852892355797e-20,56.433334089621,0
58.45,89.60607077551413,3.860669709872303e-20,56.37741689653586,0
58.46666666666667,89.61636964154313,3.7898121899655213e-20,56.321555109223446,0
58.483333333333334,89.62665830289984,3.720255970551204e-20,56.265748672784724,0
58.5,89.63693676969561,3.651977137564888e-20,56.20999753237505,0
58.516666666666666,89.64720505203177,3.5849522167167487e-20,56.154301633204156,0
58.53333333333333,89.65746315999961,3.519158165398234e-20,56.098660920536034,0
58.55,89.66771110368045,3.454572364737892e-20,56.043075339688905,0
58.56666666666667,89.67794889314563,3.391172611803407e-20,55.987544836035205,0
58.583333333333336,89.68817653845646,3.32893711194726e-20,55.93206935500146,0
58.6,89.69839404966436,3.267844471293415e-20,55.876648842068306,0
58.61666666666667,89.7086014368107,3.2078736893623504e-20,55.82128324277037,0
58.63333333333333,89.718798709927,3.149004151831862e-20,55.765972502696265,0
58.65,89.72898587903474,3.091215623431228e-20,55.71071656748851,0
58.666666666666664,89.73916295414553,3.0344882409662487e-20,55.65551538284348,0
58.68333333333333,89.74932994526104,2.9788025064726924e-20,55.60036889451137,0
58.7,89.75948686237305,2.924139280495817e-20,55.54527704829612,0
58.71666666666667,89.76963371546344,2.870479775493693e-20,55.49023979005536,0
58.733333333333334,89.77977051450415,2.817805549361977e-20,55.435257065700405,0
58.75,89.78989726945731,2.766098499077882e-20,55.3803288211961,0
58.766666666666666,89.80001399027512,2.715340854461276e-20,55.32545500256091,0
58.78333333333333,89.81012068689996,2.6655151720505745e-20,55.27063555586671,0
58.8,89.82021736926433,2.6166043290914505e-20,55.21587042723888,0
58.81666666666667,89.8303040472909,2.5685915176362046e-20,55.16115956285613,0
58.833333333333336,89.84038073089249,2.5214602387517776e-20,55.10650290895051,0
58.85,89.85044742997215,2.4751942968344728e-20,55.05190041180737,0
58.86666666666667,89.86050415442308,2.4297777940292568e-20,54.99735201776525,0
58.88333333333333,89.87055091412866,2.3851951247518928e-20,54.9428576732159,0
58.9,89.8805877189625,2.3414309703118722e-20,54.88841732460414,0
58.916666666666664,89.89061457878844,2.2984702936343962e-20,54.8340309184279,0
58.93333333333333,89.90063150346052,2.2562983340795262e-20,54.7796984012381,0
58.95,89.91063850282302,2.2149006023566482e-20,54.725419719638616,0
58.96666666666667,89.9206355867105,2.1742628755326633e-20,54.671194820286246,0
58.983333333333334,89.93062276494771,2.1343711921320118e-20,54.61702364989064,0
59.0,89.94060004734973,2.0952118473269532e-20,54.56290615521424,0
59.016666666666666,89.9505674437219,2.0567713882163292e-20,54.508842283072255,0
59.03333333333333,89.96052496385977,2.019036609191318e-20,54.45483198033257,0
59.05,89.97047261754932,1.981994547386428e-20,54.400875193915745,0
59.06666666666667,89.9804104145667,1.945632478214286e-20,54.34697187079492,0
59.083333333333336,89.9903383646785,1.9099379109826183e-20,54.29312195799576,0
59.1,90.0002564776415,1.8748985845918925e-20,54.23932540259645,0
59.11666666666667,90.0101647632029,1.840502463312165e-20,54.18558215172759,0
59.13333333333333,90.02006323110021,1.8067377326376802e-20,54.13189215257218,0
59.15,90.02995189106133,1.7735927952177688e-20,54.078255352365545,0
59.166666666666664,90.03983075280448,1.7410562668626426e-20,54.024671698395295,0
59.18333333333333,90.04969982603824,1.7091169726227183e-20,53.97114113800128,0
59.2,90.05955912046163,1.6777639429401142e-20,53.917663618575496,0
59.21666666666667,90.069408645764,1.6469864098709506e-20,53.86423908756211,0
59.233333333333334,90.07924841162513,1.6167738033772304e-20,53.81086749245735,0
59.25,90.08907842771518,1.587115747686951e-20,53.757548780809444,0
59.266666666666666,90.0988987036948,1.5580020577211835e-20,53.70428290021861,0
59.28333333333333,90.10870924921497,1.529422735586963e-20,53.65106979833699,0
59.3,90.11851007391716,1.501367967134689e-20,53.59790942286859,0
59.31666666666667,90.1283011874333,1.4738281185789086e-20,53.544801721569236,0
59.333333333333336,90.13808259938574,1.446793733181271e-20,53.49174664224651,0
59.35,90.14785431938733,1.4202555279945563e-20,53.43874413275973,0
59.36666666666667,90.15761635704138,1.3942043906665993e-20,53.38579414101986,0
59.38333333333333,90.16736872194166,1.368631376303072e-20,53.33289661498947,0
59.4,90.17711142367246,1.3435277043879475e-20,53.280051502682724,0
59.416666666666664,90.1868444718086,1.318884755760685e-20,53.22725875216528,0
59.43333333333333,90.19656787591535,1.2946940696490351e-20,53.174518311554216,0
59.45,90.20628164554853,1.2709473407564046e-20,53.121830129018086,0
59.46666666666667,90.21598579025454,1.2476364164029038e-20,53.06919415277677,0
59.483333333333334,90.22568031957023,1.2247532937189135e-20,53.01661033110142,0
59.5,90.23536524302307,1.202290116890373e-20,52.9640786123145,0
59.516666666666666,90.24504057013107,1.180239174454703e-20,52.91159894478967,0
59.53333333333333,90.2547063104028,1.1585928966465267e-20,52.8591712769517,0
59.55,90.2643624733374,1.1373438527922087e-20,52.80679555727652,0
59.56666666666667,90.27400906842463,1.116484748752332e-20,52.75447173429108,0
59.583333333333336,90.28364610514484,1.0960084244112713e-20,52.702199756573336,0
59.6,90.29327359296896,1.0759078512129154e-20,52.649979572752194,0
59.61666666666667,90.30289154135856,1.0561761297417604e-20,52.59781113150747,0
59.63333333333333,90.31249995976582,1.0368064873484922e-20,52.54569438156983,0
59.65,90.32209885763356,1.0177922758192794e-20,52.49362927172073,0
59.666666666666664,90.33168824439525,9.991269690879156e-21,52.44161575079239,0
59.68333333333333,90.34126812947498,9.80804160990097e-21,52.38965376766772,0
59.7,90.35083852228759,9.628175630589934e-21,52.33774327128028,0
59.71666666666667,90.36039943223848,9.451610023613644e-21,52.28588421061424,0
59.733333333333334,90.36995086872378,9.278284193735272e-21,52.23407653470431,0
59.75,90.37949284113036,9.108138658963713e-21,52.182320192635686,0
59.766666666666666,90.38902535883567,8.941115030087293e-21,52.13061513354404,0
59.78333333333333,90.39854843120798,8.777155990584245e-21,52.07896130661544,0
59.8,90.40806206760624,8.616205276902605e-21,52.02735866108628,0
59.81666666666667,90.41756627738009,8.458207659102893e-21,51.97580714624327,0
59.833333333333336,90.42706106986999,8.303108921857021e-21,51.92430671142337,0
59.85,90.43654645440706,8.150855845796596e-21,51.87285730601372,0
59.86666666666667,90.4460224403132,8.001396189204448e-21,51.821458879451654,0
59.88333333333333,90.4554890369011,7.854678670042909e-21,51.77011138122456,0
59.9,90.46494625347418,7.710652948312803e-21,51.7188147608699,0
59.916666666666664,90.47439409932669,7.569269608736683e-21,51.66756896797513,0
59.93333333333333,90.48383258374362,7.430480143760988e-21,51.61637395217765,0
59.95,90.49326171600082,7.294236936870527e-21,51.5652296631648,0
59.96666666666667,90.50268150536489,7.160493246210019e-21,51.51413605067372,0
59.983333333333334,90.51209196109328,7.02920318850705e-21,51.46309306449138,0
60.0,90.52149309243426,6.900321723290458e-21,51.412100654454505,0
60.016666666666666,90.53088490862692,6.773804637399252e-21,51.36115877044953,0
60.03333333333333,90.54026741890122,6.64960852977632e-21,51.310267362412525,0
60.05,90.549640632478,6.527690796541965e-21,51.25942638032917,0
60.06666666666667,90.5590045585689,6.408009616341741e-21,51.20863577423472,0
60.083333333333336,90.56835920637646,6.2905239359640894e-21,51.15789549421393,0
60.1,90.57770458509412,6.175193456222283e-21,51.10720549040099,0
60.11666666666667,90.58704070390617,6.061978618096136e-21,51.05656571297954,0
60.13333333333333,90.59636757198783,5.95084058912855e-21,51.00597611218256,0
60.15,90.60568519850523,5.8417412500722155e-21,50.955436638292326,0
60.166666666666664,90.61499359261542,5.7346431817820746e-21,50.90494724164041,0
60.18333333333333,90.62429276346636,5.6295096523485646e-21,50.85450787260758,0
60.2,90.63358272019694,5.5263046044677616e-21,50.80411848162376,0
60.21666666666667,90.642863471937,5.424992643043686e-21,50.753779019168014,0
60.233333333333334,90.6521350278074,5.3255390230185175e-21,50.70348943576845,0
60.25,90.66139739691985,5.227909637426747e-21,50.65324968200222,0
60.266666666666666,90.67065058837709,5.132071005669021e-21,50.60305970849542,0
60.28333333333333,90.67989461127284,5.037990262001537e-21,50.5529194659231,0
60.3,90.68912947469184,4.945635144237072e-21,50.502828905009146,0
60.31666666666667,90.69835518770975,4.854973982654021e-21,50.452787976526295,0
60.333333333333336,90.70757175939329,4.765975689109054e-21,50.40279663129607,0
60.35,90.7167791988002,4.6786097463503505e-21,50.352854820188696,0
60.36666666666667,90.7259775149792,4.592846197526988e-21,50.302962494123086,0
60.38333333333333,90.73516671697016,4.508655635891469e-21,50.25311960406681,0
60.4,90.7443468138038,4.426009194691538e-21,50.20332610103598,0
60.416666666666664,90.75351781450209,4.344878537247793e-21,50.15358193609527,0
60.43333333333333,90.76267972807791,4.26523584721388e-21,50.103887060357856,0
60.45,90.77183256353533,4.187053819015623e-21,50.054241424985314,0
60.46666666666667,90.78097632986938,4.110305648466096e-21,50.004644981187646,0
60.483333333333334,90.79011103606626,4.0349650235531075e-21,49.955097680223176,0
60.5,90.79923669110325,3.9610061153962165e-21,49.90559947339854,0
60.516666666666666,90.80835330394873,3.888403569369884e-21,49.8561503120686,0
60.53333333333333,90.81746088356219,3.817132496389943e-21,49.80675014763646,0
60.55,90.82655943889421,3.747168464360155e-21,49.75739893155332,0
60.56666666666667,90.8356489788866,3.678487489776157e-21,49.708096615318524,0
60.583333333333336,90.84472951247218,3.611066029483681e-21,49.658843150479484,0
60.6,90.85380104857504,3.54488097258829e-21,49.60963848863157,0
60.61666666666667,90.86286359611032,3.4799096325139644e-21,49.56048258141816,0
60.63333333333333,90.8719171639844,3.416129739207517e-21,49.511375380530524,0
60.65,90.88096176109484,3.353519431486466e-21,49.462316837707824,0
60.666666666666664,90.88999739633032,3.2920572495275316e-21,49.413306904737,0
60.68333333333333,90.89902407857076,3.2317221274931924e-21,49.3643455334528,0
60.7,90.90804181668727,3.1724933862938642e-21,49.31543267573768,0
60.71666666666667,90.91705061954217,3.1143507264830438e-21,49.26656828352177,0
60.733333333333334,90.92605049598902,3.057274221283139e-21,49.21775230878285,0
60.75,90.93504145487255,3.0012443097394704e-21,49.16898470354627,0
60.766666666666666,90.9440235050288,2.9462417900000876e-21,49.120265419884916,0
60.78333333333333,90.952996655285,2.8922478127191993e-21,49.07159440991915,0
60.8,90.96196091445964,2.8392438745817796e-21,49.02297162581681,0
60.81666666666667,90.97091629136249,2.7872118119472493e-21,48.974397019793095,0
60.833333333333336,90.9798627947946,2.736133794609967e-21,48.92587054411056,0
60.85,90.98880043354828,2.685992319674457e-21,48.877392151079086,0
60.86666666666667,90.9977292164071,2.6367702055431474e-21,48.82896179305576,0
60.88333333333333,91.00664915214601,2.588450586014713e-21,48.78057942244493,0
60.9,91.01556024953116,2.5410169044907657e-21,48.73224499169805,0
60.916666666666664,91.02446251732013,2.494452908289157e-21,48.68395845331375,0
60.93333333333333,91.03335596426169,2.4487426430617334e-21,48.635719759837656,0
60.95,91.04224059909608,2.4038704473146783e-21,48.587528863862474,0
60.96666666666667,91.05111643055474,2.3598209470296306e-21,48.53938571802786,0
60.983333333333334,91.05998346736061,2.3165790503835874e-21,48.49129027502039,0
61.0,91.06884171822783,2.274129942565942e-21,48.44324248757353,0
61.016666666666666,91.07769119186203,2.232459080690675e-21,48.39524230846757,0
61.03333333333333,91.08653189696014,2.1915521888021245e-21,48.34728969052962,0
61.05,91.09536384221052,2.151395252972536e-21,48.29938458663349,0
61.06666666666667,91.10418703629288,2.111974516489658e-21,48.2515269496997,0
61.083333333333336,91.11300148787839,2.0732764751328563e-21,48.20371673269544,0
61.1,91.12180720562955,2.0352878725359834e-21,48.155953888634464,0
61.11666666666667,91.13060419820032,1.9979956956354835e-21,48.108238370577105,0
61.13333333333333,91.13939247423608,1.9613871702021624e-21,48.06057013163022,0
61.15,91.14817204237364,1.925449756455059e-21,48.012949124947106,0
61.166666666666664,91.15694291124127,1.890171144755881e-21,47.96537530372749,0
61.18333333333333,91.16570508945868,1.8555392513826707e-21,47.91784862121747,0
61.2,91.17445858563701,1.821542214380986e-21,47.87036903070946,0
61.21666666666667,91.1832034083789,1.7881683894914557e-21,47.82293648554216,0
61.233333333333334,91.19193956627846,1.7554063461520845e-21,47.77555093910052,0
61.25,91.20066706792132,1.723244863574048e-21,47.72821234481565,0
61.266666666666666,91.20938592188452,1.6916729268896017e-21,47.680920656164844,0
61.28333333333333,91.21809613673665,1.6606797233707357e-21,47.63367582667146,0
61.3,91.22679772103784,1.6302546387173712e-21,47.58647780990489,0
61.31666666666667,91.23549068333966,1.6003872534137218e-21,47.53932655948059,0
61.333333333333336,91.24417503218531,1.5710673391515726e-21,47.49222202905993,0
61.35,91.25285077610941,1.5422848553193744e-21,47.44516417235021,0
61.36666666666667,91.26151792363821,1.5140299455557262e-21,47.39815294310459,0
61.38333333333333,91.27017648328948,1.4862929343662927e-21,47.351188295122085,0
61.4,91.27882646357254,1.459064323802804e-21,47.30427018224745,0
61.416666666666664,91.28746787298833,1.4323347902031097e-21,47.25739855837117,0
61.43333333333333,91.29610072002927,1.4060951809911268e-21,47.21057337742948,0
61.45,91.30472501317949,1.3803365115355479e-21,47.163794593404184,0
61.46666666666667,91.31334076091458,1.3550499620663154e-21,47.11706216032272,0
61.483333333333334,91.32194797170185,1.3302268746476998e-21,47.07037603225807,0
61.5,91.33054665400012,1.305858750207024e-21,47.02373616332872,0
61.516666666666666,91.33913681625992,1.281937245617946e-21,46.97714250769864,0
61.53333333333333,91.34771846692334,1.2584541708373493e-21,46.930595019577176,0
61.55,91.35629161442414,1.2354014860948095e-21,46.88409365321908,0
61.56666666666667,91.3648562671877,1.2127712991337192e-21,46.83763836292443,0
61.583333333333336,91.37341243363109,1.1905558625030855e-21,46.79122910303855,0
61.6,91.38196012216298,1.1687475708990644e-21,46.74486582795205,0
61.61666666666667,91.39049934118377,1.1473389585553468e-21,46.6985484921007,0
61.63333333333333,91.3990300990855,1.1263226966814906e-21,46.65227704996543,0
61.65,91.4075524042519,1.1056915909482877e-21,46.60605145607225,0
61.666666666666664,91.4160662650584,1.0854385790193531e-21,46.55987166499228,0
61.68333333333333,91.42457168987212,1.0655567281280206e-21,46.5137376313416,0
61.7,91.43306868705191,1.0460392326987978e-21,46.46764930978129,0
61.71666666666667,91.4415572649483,1.0268794120124554e-21,46.42160665501732,0
61.733333333333334,91.45003743190361,1.0080707079140547e-21,46.37560962180059,0
61.75,91.45850919625181,9.896066825630488e-22,46.329658164926805,0
61.766666666666666,91.46697256631869,9.714810162247186e-22,46.283752239236456,0
61.78333333333333,91.47542755042174,9.53687505102179e-22,46.23789179961479,0
61.8,91.48387415687024,9.362200592081946e-22,46.192076800991764,0
61.81666666666667,91.49231239396521,9.190727002761103e-22,46.14630719834198,0
61.833333333333336,91.50074226999946,9.022395597091113e-22,46.10058294668465,0
61.85,91.50916379325757,8.8571487656719e-22,46.05490400108357,0
61.86666666666667,91.51757697201596,8.694929955910704e-22,46.00927031664706,0
61.88333333333333,91.52598181454276,8.53568365262419e-22,45.9636818485279,0
61.9,91.53437832909799,8.379355358996876e-22,45.918138551923334,0
61.916666666666664,91.54276652393344,8.225891577889482e-22,45.87264038207499,0
61.93333333333333,91.55114640729273,8.075239793490217e-22,45.82718729426884,0
61.95,91.55951798741135,7.927348453303288e-22,45.78177924383515,0
61.96666666666667,91.56788127251657,7.782166950468193e-22,45.73641618614848,0
61.983333333333334,91.57623627082756,7.63964560640362e-22,45.691098076627576,0
62.0,91.5845829905553,7.499735653770158e-22,45.645824870735375,0
62.016666666666666,91.59292143990267,7.362389219745984e-22,45.60059652397893,0
62.03333333333333,91.6012516270644,7.227559309609501e-22,45.5554129919094,0
62.05,91.60957356022712,7.095199790623617e-22,45.510274230121965,0
62.06666666666667,91.61788724756933,6.965265376215901e-22,45.46518019425582,0
62.083333333333336,91.62619269726143,6.837711610449293e-22,45.42013083999411,0
62.1,91.63448991746573,6.712494852777978e-22,45.37512612306388,0
62.11666666666667,91.64277891633647,6.589572263083243e-22,45.330165999236065,0
62.13333333333333,91.6510597020198,6.468901786984029e-22,45.285250424325405,0
62.15,91.65933228265374,6.350442141417309e-22,45.24037935419044,0
62.166666666666664,91.66759666636833,6.234152800483221e-22,45.19555274473341,0
62.18333333333333,91.6758528612855,6.119993981550117e-22,45.1507705519003,0
62.2,91.68410087551918,6.007926631614793e-22,45.106032731680706,0
62.21666666666667,91.6923407171752,5.897912413913126e-22,45.06133924010786,0
62.233333333333334,91.70057239435143,5.789913694776579e-22,45.016690033258556,0
62.25,91.70879591513763,5.683893530730117e-22,44.972085067253076,0
62.266666666666666,91.71701128761563,5.579815655826927e-22,44.92752429825521,0
62.28333333333333,91.72521851985921,5.477644469215726e-22,44.883007682472176,0
62.3,91.73341761993413,5.37734502293637e-22,44.8385351761546,0
62.31666666666667,91.7416085958982,5.278883009939521e-22,44.794106735596436,0
62.333333333333336,91.74979145580123,5.18222475232623e-22,44.749722317134946,0
62.35,91.75796620768503,5.087337189803593e-22,44.70538187715067,0
62.36666666666667,91.7661328595835,4.994187868352336e-22,44.661085372067355,0
62.38333333333333,91.7742914195225,4.902744929102159e-22,44.61683275835192,0
62.4,91.78244189552,4.812977097411829e-22,44.572623992514444,0
62.416666666666664,91.79058429558602,4.724853672149387e-22,44.52845903110807,0
62.43333333333333,91.7987186277226,4.638344515169296e-22,44.48433783072902,0
62.45,91.8068448999239,4.553420040982756e-22,44.440260348016494,0
62.46666666666667,91.81496312017613,4.470051206617686e-22,44.39622653965267,0
62.483333333333334,91.8230732964576,4.388209501664824e-22,44.35223636236265,0
62.5,91.83117543673873,4.307866938506624e-22,44.308289772914414,0
62.516666666666666,91.83926954898199,4.2289960427254808e-22,44.26438672811877,0
62.53333333333333,91.84735564114199,4.151569843688043e-22,44.22052718482933,0
62.55,91.8554337211655,4.075561865302418e-22,44.176711099942445,0
62.56666666666667,91.86350379699135,4.000946116945024e-22,44.13293843039719,0
62.583333333333336,91.87156587655053,3.9276970845540423e-22,44.08920913317531,0
62.6,91.87961996776617,3.8557897218862396e-22,44.04552316530114,0
62.61666666666667,91.88766607855358,3.7851994419345113e-22,44.00188048384166,0
62.63333333333333,91.89570421682016,3.7159021085027286e-22,43.95828104590633,0
62.65,91.90373439046554,3.647874027935466e-22,43.91472480864714,0
62.666666666666664,91.91175660738149,3.5810919409993437e-22,43.87121172925852,0
62.68333333333333,91.91977087545197,3.515533014913544e-22,43.82774176497733,0
62.7,91.92777720255312,3.451174835526523e-22,43.784314873082806,0
62.71666666666667,91.93577559655326,3.3879953996363895e-22,43.74093101089649,0
62.733333333333334,91.94376606531299,3.3259731074522285e-22,43.69759013578222,0
62.75,91.95174861668501,3.2650867551937344e-22,43.65429220514609,0
62.766666666666666,91.95972325851432,3.205315527826763e-22,43.6110371764364,0
62.78333333333333,91.96768999863812,3.1466389919322484e-22,43.5678250071436,0
62.8,91.97564884488587,3.089037088705868e-22,43.52465565480026,0
62.81666666666667,91.9835998050792,3.03249012708631e-22,43.481529076981055,0
62.833333333333336,91.99154288703205,2.9769787770096517e-22,43.43844523130265,0
62.85,91.99947809855065,2.922484062787517e-22,43.39540407542376,0
62.86666666666667,92.0074054474334,2.8689873566067827e-22,43.35240556704502,0
62.88333333333333,92.01532494147104,2.8164703721486073e-22,43.30944966390898,0
62.9,92.0232365884466,2.7649151583245514e-22,43.26653632380006,0
62.916666666666664,92.03114039613531,2.714304093127602e-22,43.223665504544535,0
62.93333333333333,92.03903637230485,2.6646198775962307e-22,43.18083716401043,0
62.95,92.04692452471502,2.6158455298890227e-22,43.138051260107545,0
62.96666666666667,92.05480486111809,2.5679643794681436e-22,43.09530775078737,0
62.983333333333334,92.06267738925854,2.520960061389583e-22,43.05260659404307,0
63.0,92.07054211687323,2.4748165106981236e-22,43.00994774790943,0
63.016666666666666,92.07839905169135,2.4295179569251927e-22,42.9673311704628,0
63.03333333333333,92.08624820143443,2.3850489186877157e-22,42.9247568198211,0
63.05,92.09408957381632,2.341394198386044e-22,42.88222465414373,0
63.06666666666667,92.10192317654327,2.298538876999226e-22,42.839734631631536,0
63.083333333333336,92.10974901731385,2.256468308975762e-22,42.797286710526805,0
63.1,92.11756710381904,2.215168117218117e-22,42.75488084911319,0
63.11666666666667,92.1253774437422,2.1746241881592794e-22,42.71251700571568,0
63.13333333333333,92.13318004475904,2.1348226669297025e-22,42.67019513870056,0
63.15,92.14097491453768,2.0957499526128502e-22,42.62791520647535,0
63.166666666666664,92.14876206073866,2.057392693587882e-22,42.585677167488825,0
63.18333333333333,92.15654149101493,2.0197377829577683e-22,42.543480980230875,0
63.2,92.16431321301182,1.9827723540612858e-22,42.50132660323258,0
63.21666666666667,92.17207723436712,1.9464837760674037e-22,42.45921399506603,0
63.233333333333334,92.17983356271105,1.9108596496504565e-22,42.417143114344455,0
63.25,92.18758220566625,1.8758878027447235e-22,42.375113919722025,0
63.266666666666666,92.19532317084783,1.8415562863768716e-22,42.33312636989393,0
63.28333333333333,92.20305646586333,1.8078533705749042e-22,42.29118042359624,0
63.3,92.21078209831275,1.7747675403521058e-22,42.24927603960593,0
63.31666666666667,92.21850007578861,1.7422874917647616e-22,42.207413176740836,0
63.333333333333336,92.22621040587583,1.7104021280421472e-22,42.165591793859576,0
63.35,92.23391309615191,1.6791005557875547e-22,42.12381184986155,0
63.36666666666667,92.24160815418675,1.6483720812489908e-22,42.08207330368687,0
63.38333333333333,92.24929558754278,1.6182062066583467e-22,42.040376114316345,0
63.4,92.25697540377496,1.5885926266376804e-22,41.99872024077141,0
63.416666666666664,92.26464761043074,1.5595212246714588e-22,41.957105642114136,0
63.43333333333333,92.27231221505009,1.5309820696435526e-22,41.91553227744711,0
63.45,92.27996922516554,1.502965412437677e-22,41.87400010591349,0
63.46666666666667,92.28761864830214,1.475461682600321e-22,41.83250908669688,0
63.483333333333334,92.29526049197743,1.448461485064785e-22,41.79105917902136,0
63.5,92.30289476370162,1.4219555969354126e-22,41.74965034215139,0
63.516666666666666,92.31052147097733,1.3959349643307465e-22,41.70828253539179,0
63.53333333333333,92.31814062129989,1.37039069928464e-22,41.66695571808773,0
63.55,92.32575222215709,1.3453140767042168e-22,41.62566984962462,0
63.56666666666667,92.3333562810294,1.3206965313836136e-22,41.58442488942816,0
63.583333333333336,92.34095280538978,1.2965296550725186e-22,41.543220796964235,0
63.6,92.34854180270382,1.2728051935985016e-22,41.50205753173888,0
63.61666666666667,92.35612328042976,1.2495150440421118e-22,41.46093505329825,0
63.63333333333333,92.36369724601842,1.2266512519638127e-22,41.41985332122862,0
63.65,92.3712637069132,1.2042060086817543e-22,41.37881229515627,0
63.666666666666664,92.37882267055016,1.1821716485995418e-22,41.33781193474753,0
63.68333333333333,92.386374144358,1.1605406465829618e-22,41.296852199708624,0
63.7,92.39391813575806,1.1393056153848627e-22,41.25593304978578,0
63.71666666666667,92.40145465216429,1.1184593031172658e-22,41.21505444476505,0
63.733333333333334,92.40898370098331,1.0979945907698328e-22,41.17421634447237,0
63.75,92.41650528961442,1.077904489773876e-22,41.13341870877346,0
63.766666666666666,92.4240194254496,1.0581821396110205e-22,41.09266149757382,0
63.78333333333333,92.43152611587347,1.0388208054657619e-22,41.051944670818685,0
63.8,92.4390253682633,1.0198138759210624e-22,41.01126818849295,0
63.81666666666667,92.44651718998917,1.0011548606962097e-22,40.97063201062119,0
63.833333333333336,92.45400158841373,9.828373884261862e-23,40.930036097267575,0
63.85,92.46147857089238,9.648552044817534e-23,40.88948040853584,0
63.86666666666667,92.4689481447733,9.472021688295286e-23,40.848964904569264,0
63.88333333333333,92.47641031739727,9.29872253931297e-23,40.808489545550614,0
63.9,92.48386509609787,9.128595426818831e-23,40.76805429170211,0
63.916666666666664,92.49131248820142,8.961582263848033e-23,40.72765910328538,0
63.93333333333333,92.49875250102693,8.797626027650725e-23,40.687303940601424,0
63.95,92.5061851418862,8.636670740184533e-23,40.64698876399061,0
63.96666666666667,92.51361041808377,8.478661448964777e-23,40.60671353383256,0
63.983333333333334,92.52102833691697,8.323544208265982e-23,40.56647821054618,0
64.0,92.52843890567583,8.171266060668008e-23,40.52628275458959,0
64.01666666666667,92.53584213164322,8.021775018940689e-23,40.48612712646007,0
64.03333333333333,92.54323802209478,7.875020048260894e-23,40.44601128669409,0
64.05,92.55062658429893,7.730951048755342e-23,40.40593519586716,0
64.06666666666666,92.5580078255169,7.58951883836386e-23,40.36589881459391,0
64.08333333333333,92.5653817530027,7.450675136016819e-23,40.32590210352796,0
64.1,92.57274837400318,7.314372545121017e-23,40.285945023361926,0
64.11666666666666,92.580107695758,7.180564537348532e-23,40.246027534827384,0
64.13333333333334,92.58745972549966,7.049205436722749e-23,40.2061495986948,0
64.15,92.59480447045347,6.920250403996313e-23,40.166311175773515,0
64.16666666666667,92.60214193783757,6.793655421315462e-23,40.12651222691172,0
64.18333333333334,92.60947213486301,6.669377277165657e-23,40.08675271299637,0
64.2,92.61679506873362,6.547373551593244e-23,40.047032594953215,0
64.21666666666667,92.62411074664612,6.42760260169817e-23,40.00735183374668,0
64.23333333333333,92.63141917579014,6.310023547392589e-23,39.96771039037989,0
64.25,92.63872036334813,6.194596257420747e-23,39.92810822589461,0
64.26666666666667,92.64601431649544,6.081281335635172e-23,39.88854530137121,0
64.28333333333333,92.65330104240033,5.970040107524461e-23,39.84902157792861,0
64.3,92.66058054822393,5.860834606988233e-23,39.80953701672426,0
64.31666666666666,92.6678528411203,5.753627563354379e-23,39.77009157895412,0
64.33333333333333,92.67511792823636,5.648382388634669e-23,39.73068522585256,0
64.35,92.68237581671204,5.545063165013608e-23,39.69131791869239,0
64.36666666666666,92.68962651368012,5.443634632567113e-23,39.651989618784775,0
64.38333333333334,92.69687002626632,5.344062177206178e-23,39.612700287479235,0
64.4,92.70410636158933,5.2463118188415654e-23,39.57344988616357,0
64.41666666666667,92.71133552676073,5.150350199765559e-23,39.53423837626384,0
64.43333333333334,92.71855752888516,5.056144573246719e-23,39.495065719244344,0
64.45,92.72577237506009,4.963662792333848e-23,39.45593187660755,0
64.46666666666667,92.73298007237605,4.872873298865005e-23,39.41683680989406,0
64.48333333333333,92.74018062791654,4.783745112678312e-23,39.3777804806826,0
64.5,92.74737404875798,4.696247821020303e-23,39.33876285058997,0
64.51666666666667,92.7545603419698,4.610351568148661e-23,39.299783881271,0
64.53333333333333,92.76173951461452,4.526027045125484e-23,39.26084353441849,0
64.55,92.76891157374749,4.4432454797977176e-23,39.22194177176323,0
64.56666666666666,92.7760765264172,4.361978626961202e-23,39.183078555073905,0
64.58333333333333,92.78323437966515,4.282198758705157e-23,39.1442538461571,0
64.6,92.79038514052576,4.203878654933609e-23,39.10546760685724,0
64.61666666666666,92.7975288160266,4.126991594060595e-23,39.066719799056536,0
64.63333333333334,92.80466541318822,4.051511343875973e-23,39.028010384675,0
64.65,92.81179493902421,3.9774121525786586e-23,38.98933932567036,0
64.66666666666667,92.81891740054122,3.9046687399742635e-23,38.950706584038016,0
64.68333333333334,92.82603280473897,3.833256288834082e-23,38.91211212181108,0
64.7,92.83314115861023,3.7631504364125146e-23,38.87355590106022,0
64.71666666666667,92.84024246914085,3.694327266119929e-23,38.83503788389375,0
64.73333333333333,92.84733674330973,3.626763299348274e-23,38.796558032457476,0
64.75,92.85442398808888,3.560435487446425e-23,38.75811630893473,0
64.76666666666667,92.86150421044343,3.495321203842679e-23,38.71971267554633,0
64.78333333333333,92.86857741733154,3.4313982363117335e-23,38.68134709455051,0
64.8,92.87564361570453,3.3686447793832474e-23,38.64301952824291,0
64.81666666666666,92.88270281250682,3.3070394268897413e-23,38.60472993895652,0
64.83333333333333,92.88975501467594,3.246561164650944e-23,38.56647828906164,0
64.85,92.89680022914256,3.187189363292335e-23,38.52826454096591,0
64.86666666666666,92.90383846283045,3.128903771195289e-23,38.49008865711416,0
64.88333333333334,92.91086972265654,3.0716845075764384e-23,38.45195059998844,0
64.9,92.91789401553093,3.01551205569388e-23,38.41385033210802,0
64.91666666666667,92.92491134835687,2.9603672561780017e-23,38.375787816029266,0
64.93333333333334,92.9319217280307,2.906231300484367e-23,38.33776301434565,0
64.95,92.938925161442,2.853085724466792e-23,38.299775889687716,0
64.96666666666667,92.94592165547353,2.8009124020681e-23,38.261826404723024,0
64.98333333333333,92.95291121700117,2.7496935391265713e-23,38.22391452215615,0
65.0,92.95989385289401,2.6994116672958915e-23,38.1860402047286,0
65.01666666666667,92.96686957001437,2.650049638076557e-23,38.14820341521881,0
65.03333333333333,92.97383837521772,2.601590616956638e-23,38.11040411644209,0
65.05,92.98080027535279,2.5540180776599532e-23,38.0726422712506,0
65.06666666666666,92.98775527726146,2.5073157964997027e-23,38.03491784253332,0
65.08333333333333,92.99470338777888,2.4614678468355e-23,37.997230793215955,0
65.1,93.00164461373345,2.4164585936320466e-23,37.95958108626101,0
65.11666666666666,93.0085789619467,2.3722726881175542e-23,37.92196868466765,0
65.13333333333334,93.01550643923349,2.3288950625400064e-23,37.884393551471696,0
65.15,93.02242705240195,2.2863109250195287e-23,37.84685564974562,0
65.16666666666667,93.02934080825335,2.2445057544951628e-23,37.80935494259847,0
65.18333333333334,93.03624771358234,2.2034652957641865e-23,37.77189139317585,0
65.2,93.04314777517675,2.1631755546123352e-23,37.73446496465988,0
65.21666666666667,93.05004099981774,2.1236227930333254e-23,37.69707562026915,0
65.23333333333333,93.05692739427974,2.084793524535962e-23,37.65972332325874,0
65.25,93.06380696533046,2.0466745095371978e-23,37.62240803692008,0
65.26666666666667,93.0706797197309,2.0092527508397154e-23,37.585129724581,0
65.28333333333333,93.07754566423536,1.9725154891922937e-23,37.54788834960567,0
65.3,93.08440480559145,1.9364501989315727e-23,37.51068387539456,0
65.31666666666666,93.0912571505401,1.9010445837036916e-23,37.473516265384404,0
65.33333333333333,93.09810270581556,1.8662865722643086e-23,37.43638548304816,0
65.35,93.10494147814539,1.8321643143555923e-23,37.39929149189497,0
65.36666666666666,93.11177347425054,1.798666176658775e-23,37.362234255470156,0
65.38333333333334,93.11859870084523,1.7657807388208406e-23,37.325213737355135,0
65.4,93.12541716463704,1.7334967895540618e-23,37.288229901167455,0
65.41666666666667,93.13222887232695,1.7018033228069866e-23,37.25128271056065,0
65.43333333333334,93.13903383060925,1.6706895340056004e-23,37.214372129224316,0
65.45,93.14583204617162,1.6401448163633377e-23,37.17749812088401,0
65.46666666666667,93.15262352569512,1.6101587572587316e-23,37.140660649301225,0
65.48333333333333,93.15940827585418,1.5807211346794412e-23,37.10385967827339,0
65.5,93.1661863033166,1.5518219137314163e-23,37.06709517163377,0
65.51666666666667,93.17295761474362,1.5234512432120337e-23,37.03036709325147,0
65.53333333333333,93.17972221678983,1.4955994522460292e-23,36.99367540703143,0
65.55,93.18648011610324,1.468257046983053e-23,36.95702007691433,0
65.56666666666666,93.19323131932532,1.4414147073557448e-23,36.920401066876565,0
65.58333333333333,93.19997583309086,1.415063283897223e-23,36.883818340930254,0
65.6,93.20671366402817,1.3891937946168433e-23,36.84727186312315,0
65.61666666666666,93.21344481875896,1.3637974219332544e-23,36.81076159753866,0
65.63333333333334,93.22016930389836,1.3388655096635838e-23,36.77428750829573,0
65.65,93.22688712605496,1.3143895600678422e-23,36.73784955954891,0
65.66666666666667,93.23359829183083,1.2903612309474499e-23,36.701447715488236,0
65.68333333333334,93.24030280782144,1.2667723327969272e-23,36.66508194033925,0
65.7,93.24700068061576,1.2436148260077558e-23,36.62875219836291,0
65.71666666666667,93.25369191679626,1.2208808181234976e-23,36.59245845385561,0
65.73333333333333,93.26037652293881,1.1985625611451864e-23,36.55620067114912,0
65.75,93.26705450561283,1.176652448886067e-23,36.519978814610546,0
65.76666666666667,93.27372587138122,1.1551430143748303e-23,36.483792848642295,0
65.78333333333333,93.28039062680035,1.134026927306405e-23,36.44764273768207,0
65.8,93.28704877842011,1.1132969915394449e-23,36.411528446202766,0
65.81666666666666,93.29370033278394,1.0929461426396714e-23,36.375449938712535,0
65.83333333333333,93.3003452964287,1.0729674454682196e-23,36.33940717975465,0
65.85,93.30698367588488,1.0533540918141688e-23,36.30340013390755,0
65.86666666666666,93.31361547767642,1.0340993980704277e-23,36.26742876578475,0
65.88333333333334,93.32024070832082,1.015196802952213e-23,36.23149304003484,0
65.9,93.32685937432913,9.9663986525732e-24,36.19559292134142,0
65.91666666666667,93.33347148220597,9.784222616674098e-24,36.15972837442312,0
65.93333333333334,93.34007703844948,9.605377845895869e-24,36.123899364033484,0
65.95,93.34667604955135,9.429803400375176e-24,36.08810585496101,0
65.96666666666667,93.35326852199688,9.25743945551346e-24,36.052347812029076,0
65.98333333333333,93.3598544622649,9.088227281557368e-24,36.016625200095916,0
66.0,93.36643387682791,8.92210922355292e-24,35.980937984054584,0
66.01666666666667,93.37300677215187,8.759028681667319e-24,35.94528612883293,0
66.03333333333333,93.37957315469639,8.598930091870691e-24,35.909669599393524,0
66.05,93.3861330309147,8.441758906972137e-24,35.874088360733694,0
66.06666666666666,93.39268640725363,8.287461578002759e-24,35.83854237788542,0
66.08333333333333,93.39923329015362,8.135985535940167e-24,35.803031615915344,0
66.1,93.40577368604869,7.987279173767269e-24,35.76755603992473,0
66.11666666666666,93.4123076013665,7.841291828859933e-24,35.73211561504939,0
66.13333333333334,93.41883504252843,7.697973765697216e-24,35.69671030645972,0
66.15,93.42535601594933,7.557276158888281e-24,35.66134007936059,0
66.16666666666667,93.43187052803788,7.4191510765101e-24,35.62600489899138,0
66.18333333333334,93.43837858519625,7.28355146375056e-24,35.59070473062591,0
66.2,93.44488019382032,7.150431126850955e-24,35.55543953957237,0
66.21666666666667,93.4513753602997,7.019744717342591e-24,35.520209291173366,0
66.23333333333333,93.4578640910176,6.891447716572249e-24,35.485013950805836,0
66.25,93.4643463923509,6.765496420511036e-24,35.44985348388099,0
66.26666666666667,93.4708222706702,6.641847924841282e-24,35.41472785584438,0
66.28333333333333,93.47729173233976,6.520460110316903e-24,35.37963703217572,0
66.3,93.48375478371756,6.401291628391447e-24,35.344580978389,0
66.31666666666666,93.49021143115523,6.2843018871098346e-24,35.30955966003231,0
66.33333333333333,93.49666168099816,6.1694510372581546e-24,35.274573042687926,0
66.35,93.50310553958542,6.056699958767238e-24,35.23962109197221,0
66.36666666666666,93.50954301324984,5.946010247365191e-24,35.2047037735356,0
66.38333333333334,93.5159741083179,5.837344201474526e-24,35.16982105306256,0
66.4,93.52239883110991,5.730664809348982e-24,35.13497289627156,0
66.41666666666667,93.52881718793985,5.625935736446178e-24,35.10015926891505,0
66.43333333333334,93.53522918511543,5.523121313031383e-24,35.06538013677938,0
66.45,93.54163482893817,5.422186522008343e-24,35.030635465684846,0
66.46666666666667,93.54803412570328,5.3230969869729614e-24,34.99592522148557,0
66.48333333333333,93.5544270816998,5.225818960485748e-24,34.961249370069545,0
66.5,93.5608137032105,5.1303193125590135e-24,34.92660787735853,0
66.51666666666667,93.56719399651193,5.0365655193549806e-24,34.892000709308064,0
66.53333333333333,93.57356796787441,4.9445256520906534e-24,34.857427831907444,0
66.55,93.57993562356206,4.854168366146231e-24,34.822889211179614,0
66.56666666666666,93.58629696983282,4.7654628903725265e-24,34.78838481318123,0
66.58333333333333,93.59265201293834,4.6783790165945826e-24,34.75391460400257,0
66.6,93.5990007591242,4.592887089307219e-24,34.71947854976749,0
66.61666666666666,93.60534321462968,4.508957995559393e-24,34.68507661663344,0
66.63333333333334,93.61167938568796,4.426563155023845e-24,34.65070877079138,0
66.65,93.618009278526,4.345674510248477e-24,34.6163749784658,0
66.66666666666667,93.62433289936459,4.26626451708623e-24,34.58207520591462,0
66.68333333333334,93.63065025441837,4.188306135300345e-24,34.547809419429235,0
66.7,93.63696134989583,4.111772819341463e-24,34.51357758533439,0
66.71666666666667,93.64326619199926,4.036638509293797e-24,34.479379669988234,0
66.73333333333333,93.6495647869249,3.962877621986873e-24,34.44521563978224,0
66.75,93.65585714086275,3.8904650422702725e-24,34.41108546114119,0
66.76666666666667,93.66214325999671,3.8193761144478315e-24,34.37698910052311,0
66.78333333333333,93.66842315050458,3.749586633868976e-24,34.342926524419305,0
66.8,93.67469681855802,3.681072838673825e-24,34.308897699354226,0
66.81666666666666,93.68096427032255,3.6138114016894996e-24,34.274902591885535,0
66.83333333333333,93.68722551195764,3.547779422474852e-24,34.240941168604024,0
66.85,93.6934805496166,3.482954419510792e-24,34.20701339613357,0
66.86666666666666,93.69972938944665,3.41931432253356e-24,34.17311924113115,0
66.88333333333334,93.70597203758898,3.356837465008524e-24,34.139258670286736,0
66.9,93.7122085001786,3.2955025767416252e-24,34.10543165032334,0
66.91666666666667,93.7184387833445,3.2352887766261876e-24,34.071638147996964,0
66.93333333333334,93.72466289320961,3.176175565522435e-24,34.037878130096495,0
66.95,93.73088083589074,3.1181428192674983e-24,34.00415156344378,0
66.96666666666667,93.73709261749872,3.0611707818133058e-24,33.97045841489349,0
66.98333333333333,93.7432982441382,3.005240058490085e-24,33.936798651333184,0
67.0,93.7494977219079,2.950331609393292e-24,33.903172239683215,0
67.01666666666667,93.75569105690045,2.8964267428915813e-24,33.8695791468967,0
67.03333333333333,93.76187825520242,2.8435071092535278e-24,33.83601933995951,0
67.05,93.76805932289442,2.7915546943911668e-24,33.80249278589024,0
67.06666666666666,93.77423426605094,2.740551813718009e-24,33.768999451740136,0
67.08333333333333,93.78040309074055,2.690481106119496e-24,33.73553930459314,0
67.1,93.78656580302572,2.6413255280338516e-24,33.70211231156574,0
67.11666666666666,93.79272240896296,2.5930683476413148e-24,33.66871843980708,0
67.13333333333334,93.79887291460275,2.5456931391596436e-24,33.63535765649879,0
67.15,93.80501732598964,2.49918377724423e-24,33.60202992885507,0
67.16666666666667,93.8111556491621,2.4535244314905573e-24,33.56873522412257,0
67.18333333333334,93.81728789015268,2.408699561037421e-24,33.53547350958041,0
67.2,93.82341405498794,2.3646939092688355e-24,33.502244752540136,0
67.21666666666667,93.82953414968846,2.321492498613001e-24,33.46904892034567,0
67.23333333333333,93.83564818026886,2.279080625436516e-24,33.4358859803733,0
67.25,93.84175615273777,2.2374438550319013e-24,33.40275590003163,0
67.26666666666667,93.84785807309794,2.1965680166970507e-24,33.36965864676158,0
67.28333333333333,93.85395394734608,2.1564391989046644e-24,33.3365941880363,0
67.3,93.86004378147302,2.1170437445600854e-24,33.30356249136119,0
67.31666666666666,93.86612758146366,2.07836824634604e-24,33.27056352427385,0
67.33333333333333,93.87220535329692,2.0403995421524736e-24,33.237597254344024,0
67.35,93.87827710294584,2.003124710590143e-24,33.20466364917362,0
67.36666666666666,93.88434283637753,1.9665310665862502e-24,33.17176267639662,0
67.38333333333334,93.89040255955317,1.930606157060759e-24,33.13889430367909,0
67.4,93.89645627842803,1.89533775668181e-24,33.106058498719136,0
67.41666666666667,93.90250399895152,1.8607138636988448e-24,33.07325522924686,0
67.43333333333334,93.90854572706714,1.8267226958520172e-24,33.04048446302435,0
67.45,93.91458146871246,1.793352686356411e-24,33.007746167845625,0
67.46666666666667,93.9206112298192,1.7605924799598686e-24,32.975040311536624,0
67.48333333333333,93.92663501631324,1.72843092907289e-24,32.94236686195517,0
67.5,93.9326528341145,1.696857089969393e-24,32.90972578699094,0
67.51666666666667,93.93866468913711,1.6658602190569938e-24,32.87711705456538,0
67.53333333333333,93.94467058728931,1.635429769215613e-24,32.84454063263179,0
67.55,93.95067053447349,1.6055553862030039e-24,32.81199648917518,0
67.56666666666666,93.9566645365862,1.5762269051261597e-24,32.77948459221229,0
67.58333333333333,93.96265259951811,1.547434346977241e-24,32.747004909791556,0
67.6,93.96863472915409,1.5191679152329125e-24,32.71455740999307,0
67.61666666666666,93.97461093137319,1.4914179925159536e-24,32.682142060928555,0
67.63333333333334,93.98058121204858,1.4641751373179416e-24,32.649758830741334,0
67.65,93.98654557704769,1.4374300807818885e-24,32.617407687606274,0
67.66666666666667,93.99250403223205,1.4111737235438468e-24,32.58508859972981,0
67.68333333333334,93.99845658345744,1.3853971326322238e-24,32.55280153534984,0
67.7,94.00440323657382,1.3600915384238775e-24,32.52054646273578,0
67.71666666666667,94.01034399742537,1.3352483316559646e-24,32.488323350188445,0
67.73333333333333,94.01627887185042,1.3108590604924076e-24,32.45613216604009,0
67.75,94.02220786568162,1.2869154276440691e-24,32.42397287865432,0
67.76666666666667,94.02813098474573,1.2634092875416667e-24,32.39184545642611,0
67.78333333333333,94.0340482348638,1.2403326435603732e-24,32.35974986778173,0
67.8,94.03995962185111,1.217677645295231e-24,32.32768608117877,0
67.81666666666666,94.04586515151716,1.1954365858864399e-24,32.29565406510603,0
67.83333333333333,94.0517648296657,1.1736018993935784e-24,32.26365378808356,0
67.85,94.05765866209472,1.1521661582178499e-24,32.2316852186626,0
67.86666666666666,94.0635466545965,1.131122070571575e-24,32.19974832542553,0
67.88333333333334,94.06942881295753,1.110462477993902e-24,32.16784307698591,0
67.9,94.0753051429586,1.090180352912058e-24,32.13596944198835,0
67.91666666666667,94.08117565037476,1.0702687962471753e-24,32.104127389108534,0
67.93333333333334,94.08704034097535,1.0507210350639394e-24,32.07231688705321,0
67.95,94.09289922052398,1.0315304202632776e-24,32.04053790456012,0
67.96666666666667,94.09875229477855,1.0126904243172215e-24,32.00879041039797,0
67.98333333333333,94.10459956949127,9.94194639045258e-25,31.977074373366424,0
68.0,94.11044105040862,9.760367734313485e-25,31.945389762296056,0
68.01666666666667,94.11627674327141,9.582106514808988e-25,31.913736546048344,0
68.03333333333333,94.1221066538148,9.40710210116949e-25,31.88211469351559,0
68.05,94.12793078776815,9.235294971148456e-25,31.850524173620936,0
68.06666666666666,94.13374915085527,9.066626690747284e-25,31.818964955318307,0
68.08333333333333,94.13956174879424,8.901039894310886e-25,31.78743700759241,0
68.1,94.14536858729744,8.738478264987668e-25,31.755940299458654,0
68.11666666666666,94.15116967207167,8.578886515546991e-25,31.724474799963183,0
68.13333333333334,94.15696500881802,8.422210369547588e-25,31.693040478182777,0
68.15,94.16275460323196,8.268396542850645e-25,31.661637303224882,0
68.16666666666667,94.1685384610033,8.117392725471037e-25,31.630265244227544,0
68.18333333333334,94.17431658781621,7.9691475637606565e-25,31.598924270359394,0
68.2,94.18008898934923,7.8236106429178385e-25,31.567614350819596,0
68.21666666666667,94.18585567127528,7.680732469816632e-25,31.536335454837854,0
68.23333333333333,94.19161663926164,7.540464456150321e-25,31.505087551674354,0
68.25,94.19737189897,7.402758901883432e-25,31.473870610619738,0
68.26666666666667,94.20312145605645,7.267568979006408e-25,31.44268460099508,0
68.28333333333333,94.20886531617144,7.13484871558745e-25,31.41152949215184,0
68.3,94.21460348495982,7.004552980116418e-25,31.38040525347186,0
68.31666666666666,94.2203359680609,6.876637466134874e-25,31.349311854367325,0
68.33333333333333,94.22606277110833,6.751058677147361e-25,31.318249264280716,0
68.35,94.23178389973023,6.627773911809061e-25,31.287217452684786,0
68.36666666666666,94.23749935954913,6.506741249383968e-25,31.256216389082546,0
68.38333333333334,94.24320915618198,6.387919535469596e-25,31.225246043007235,0
68.4,94.24891329524017,6.271268367982343e-25,31.194306384022262,0
68.41666666666667,94.25461178232953,6.156748083399751e-25,31.163397381721207,0
68.43333333333334,94.26030462305035,6.044319743254105e-25,31.13251900572777,0
68.45,94.26599182299734,5.933945120873336e-25,31.10167122569575,0
68.46666666666667,94.27167338775969,5.825586688364331e-25,31.070854011309017,0
68.48333333333333,94.27734932292104,5.719207603834542e-25,31.040067332281488,0
68.5,94.2830196340595,5.614771698847208e-25,31.009311158357075,0
68.51666666666667,94.28868432674766,5.512243466106159e-25,30.97858545930968,0
68.53333333333333,94.2943434065526,5.411588047365996e-25,30.947890204943143,0
68.55,94.29999687903585,5.312771221563168e-25,30.917225365091234,0
68.56666666666666,94.30564474975344,5.2157593931645065e-25,30.886590909617613,0
68.58333333333333,94.3112870242559,5.1205195807286935e-25,30.855986808415796,0
68.6,94.3169237080883,5.027019405676988e-25,30.825413031409127,0
68.61666666666666,94.32255480679012,4.935227081269535e-25,30.794869548550768,0
68.63333333333334,94.32818032589547,4.845111401783127e-25,30.764356329823634,0
68.65,94.33380027093288,4.756641731887011e-25,30.733873345240394,0
68.66666666666667,94.33941464742544,4.669787996213172e-25,30.70342056484342,0
68.68333333333334,94.34502346089077,4.584520669117152e-25,30.672997958704787,0
68.7,94.350626716841,4.500810764626389e-25,30.6426054969262,0
68.71666666666667,94.35622442078284,4.418629826572326e-25,30.612243149639006,0
68.73333333333333,94.36181657821751,4.337949918903034e-25,30.58191088700414,0
68.75,94.3674031946408,4.258743616173062e-25,30.5516086792121,0
68.76666666666667,94.37298427554303,4.180983994207204e-25,30.521336496482935,0
68.78333333333333,94.37855982640909,4.104644620935056e-25,30.491094309066185,0
68.8,94.38412985271842,4.0296995473933083e-25,30.46088208724088,0
68.81666666666666,94.3896943599451,3.9561232988924653e-25,30.43069980131549,0
68.83333333333333,94.3952533535577,3.883890866345259e-25,30.400547421627916,0
68.85,94.40080683901941,3.8129776977536085e-25,30.370424918545442,0
68.86666666666666,94.40635482178803,3.743359689851384e-25,30.340332262464706,0
68.88333333333334,94.41189730731588,3.6750131798999043e-25,30.3102694238117,0
68.9,94.41743430104994,3.6079149376335814e-25,30.280236373041703,0
68.91666666666667,94.4229658084318,3.5420421573528956e-25,30.25023308063927,0
68.93333333333334,94.42849183489759,3.477372450161922e-25,30.22025951711821,0
68.95,94.43401238587812,3.4138838363479493e-25,30.19031565302154,0
68.96666666666667,94.43952746679882,3.351554737900332e-25,30.160401458921466,0
68.98333333333333,94.44503708307968,3.290363971166311e-25,30.130516905419352,0
69.0,94.4505412401354,3.2302907396410417e-25,30.100661963145704,0
69.01666666666667,94.45603994337523,3.1713146268896326e-25,30.070836602760107,0
69.03333333333333,94.46153319820313,3.113415589598461e-25,30.041040794951236,0
69.05,94.46702101001769,3.0565739507537347e-25,30.0112745104368,0
69.06666666666666,94.47250338421213,3.0007703929446883e-25,29.981537719963526,0
69.08333333333333,94.47798032617435,2.945985951789392e-25,29.951830394307127,0
69.1,94.48345184128685,2.8922020094806704e-25,29.922152504272276,0
69.11666666666666,94.48891793492692,2.83940028845012e-25,29.892504020692567,0
69.13333333333334,94.49437861246639,2.7875628451480036e-25,29.862884914430495,0
69.15,94.49983387927186,2.7366720639368916e-25,29.833295156377435,0
69.16666666666667,94.50528374070456,2.686710651097002e-25,29.803734717453594,0
