time_hours,I2_center_nM,S2_free_center_nM,S2_total_center_nM,I1O2_active
0.0,100.0,0.0,0.0,1
0.016666666666666666,99.98589067168137,0.047074017641794974,1.1869117897302726,1
0.03333333333333333,99.95629443089949,0.09880971095000446,3.616401615983651,1
0.05,99.91355264262992,0.1428183935782565,7.066925909947001,1
0.06666666666666667,99.8597023417845,0.18011448037052177,11.353079949486135,1
0.08333333333333333,99.79596149749793,0.213429650770897,16.356045727441007,1
0.1,99.72292657412156,0.2448406330206302,22.00450528428847,1
0.11666666666666667,99.64077876022867,0.2757403065986607,28.257020101046706,1
0.13333333333333333,99.54941568102909,0.3070859605150764,35.09071384924179,1
0.15,99.44852821731837,0.3395823601507724,42.494315456451865,1
0.16666666666666666,99.3376445207749,0.37379140032520153,50.46373444002358,1
0.18333333333333332,99.21615500581554,0.4101960118537152,58.99905597962787,1
0.2,99.0833261373872,0.44923817481889977,68.10232671427563,1
0.21666666666666667,98.93830744765307,0.4913423252487964,77.77577583588055,1
0.23333333333333334,98.78013437740707,0.5369302874643572,88.02026761700199,1
0.25,98.60772854378074,0.5864310608667872,98.83386816307224,1
0.26666666666666666,98.41989649718867,0.6402872742447724,110.21046201049148,1
0.2833333333333333,98.21532770158039,0.6989592807712524,122.13839203884685,1
0.3,97.99259259216785,0.7629273356822203,134.59910817974466,1
0.31666666666666665,97.75014090504072,0.832692047599826,147.56586848358128,1
0.3333333333333333,97.48630130140769,0.9087729649975809,161.00250959346963,1
0.35,97.19928280780951,0.9917050193071241,174.8623574217826,1
0.36666666666666664,96.88717895074784,1.0820323290216625,189.0873532372611,1
0.38333333333333336,96.54797560251352,1.1802986732773562,203.60748837482504,1
0.4,96.17956376888083,1.2870337431475218,218.34065268641888,1
0.4166666666666667,95.77975878791501,1.4027340985984023,233.19300753559986,1
0.43333333333333335,95.34632764251818,1.5278376483030112,248.05999068186455,1
0.45,94.87702626177727,1.6626905163562897,262.8280444810525,1
0.4666666666666667,94.36964870519323,1.807505499806994,277.377127031868,1
0.48333333333333334,93.82208985252691,1.9623121337662406,291.58401526371074,1
0.5,93.23242248298489,2.1268998604748317,305.3263378857443,1
0.5166666666666667,92.59898823217293,2.3007580736334816,318.48718577118615,1
0.5333333333333333,91.9204997324956,2.4830198016431932,330.960043609437,1
0.55,91.19614831235806,2.6724190351002184,342.6536822038133,1
0.5666666666666667,90.42570829848681,2.8672741960966923,353.49656632794716,1
0.5833333333333334,89.60962597787395,3.0655105264861002,363.44029579787156,1
0.6,88.74907977465502,3.2647307534946224,372.46163433366326,1
0.6166666666666667,87.8459987528736,3.462335695752811,380.56281368201195,1
0.6333333333333333,86.90303174017781,3.655685343757677,387.77000367184826,1
0.65,85.92346477996497,3.842279958979557,394.1301156140028,1
0.6666666666666666,84.91109397513894,4.019933402452828,399.7063410947623,1
0.6833333333333333,83.87006755637356,4.186910960494107,404.573002477915,1
0.7,82.80471538304896,4.342011624171585,408.81033788399714,1
0.7166666666666667,81.71938439521193,4.484587449903644,412.49976704849826,1
0.7333333333333333,80.6182952781978,4.614505815856253,415.72001939949433,1
0.75,79.50542968566373,4.732069776750382,418.544308088922,1
0.7666666666666667,78.38445238386558,4.837915923820392,421.03855084383724,1
0.7833333333333333,77.25866611806376,4.932907629706882,423.2605131192724,1
0.8,76.13099484819955,5.01803726770531,425.25967633783597,1
0.8166666666666667,75.00398883059982,5.0943453184060825,427.07761868899263,1
0.8333333333333334,73.87984493173889,5.162859305709836,428.74871426943946,1
0.85,72.76043628301859,5.224551897997971,430.3009934247969,1
0.8666666666666667,71.64734655189737,5.280315474278411,431.75704928956856,1
0.8833333333333333,70.5419053611119,5.330949506181441,433.1349141391322,1
0.9,69.44522253058219,5.377157314505092,434.4488607715094,1
0.9166666666666666,68.35821973546592,5.419549020655071,435.71010710590554,1
0.9333333333333333,67.28165894015105,5.458648268651664,436.9274179021336,1
0.95,66.21616698983135,5.494900899500959,438.107607790711,1
0.9666666666666667,65.16225722238943,5.528684326670824,439.25595362789795,1
0.9833333333333333,64.12034752219613,5.560316792378443,440.37652870452325,1
1.0,63.09077558837031,5.590066031366732,441.4724701488969,1
1.0166666666666666,62.07381169435112,5.618157087528129,442.5461909659381,1
1.0333333333333334,61.06966930146469,5.644779187730966,443.5995468669212,1
1.05,60.07851386247315,5.6700916735409415,444.6339666623575,1
1.0666666666666667,59.10047011454882,5.694229047819637,445.6505535964756,1
1.0833333333333333,58.13562812145621,5.717305222108329,446.6501637067768,1
1.1,57.18404828596095,5.739417061912569,447.63346614827884,1
1.1166666666666667,56.24576551779685,5.760647327341435,448.6009894452857,1
1.1333333333333333,55.320792710904456,5.781067100693647,449.55315681932143,1
1.15,54.40912365637751,5.800737783594685,450.4903130752659,1
1.1666666666666667,53.51073549446957,5.819712736113206,451.4127449894694,1
1.1833333333333333,52.62559078975331,5.838038620093482,452.3206967137061,1
1.2,51.753639297631075,5.8557564993838485,453.2143813684453,1
1.2166666666666666,50.89481947738664,5.872902741045176,454.0939897313542,1
1.2333333333333334,50.049059796388924,5.889509754104651,454.95969671789595,1
1.25,49.21627986149769,5.9056065959752475,455.81166618835334,1
1.2666666666666666,48.3963914068176,5.921219471217119,456.65005448981765,1
1.2833333333333334,47.58929916139637,5.936372142773964,457.47501304467755,1
1.3,46.79490161600551,5.951086272054653,458.28669022258754,1
1.3166666666666667,46.01309170456832,5.9653817011407275,459.0852326757721,1
1.3333333333333333,45.24375741293399,5.979276687873629,459.8707862738577,1
1.35,44.48678232539818,5.992788102520031,460.6434967411408,1
1.3666666666666667,43.74204611752519,6.005931593046688,461.4035100738765,1
1.3833333333333333,43.00942500234328,6.018721724688343,462.1509727959541,1
1.4,42.288792135789045,6.0311720984042045,462.88603209675847,1
1.4166666666666667,41.58001798631158,6.043295451941605,463.608835884006,1
1.4333333333333333,40.882970672764216,6.055103746520124,464.31953277602764,1
1.45,40.19751627407574,6.0666082415807105,465.01827205171134,1
1.4666666666666666,39.52351911367355,6.0778195595879945,465.7052035715986,1
1.4833333333333334,38.860842021205116,6.088747742506387,466.3804776800994,1
1.5,38.209346573753116,6.099402301272969,467.044245096131,1
1.5166666666666666,37.568893318449156,6.109792259353934,467.6966567975116,1
1.5333333333333334,36.93934197814872,6.119926191275954,468.33786390295376,1
1.55,36.32055164162737,6.129812256869923,468.9680175544071,1
1.5666666666666667,35.71238093958768,6.1394582318371915,469.5872688016783,1
1.5833333333333333,35.11468820762134,6.148871535146643,470.19576849065623,1
1.6,34.527331637148194,6.1580592536863,470.793667156021,1
1.6166666666666667,33.950169415247906,6.167028164526666,471.38111491899184,1
1.6333333333333333,33.38305985420889,6.175784755095358,471.9582613904313,1
1.65,32.825861511540424,6.1843352415180135,472.5252555794495,1
1.6666666666666667,32.278433301124636,6.1926855853417555,473.08224580753154,1
1.6833333333333333,31.74063459612501,6.200841508826349,473.6293796281229,1
1.7,31.212325324214575,6.2088085089622975,474.1668037515487,1
1.7166666666666666,30.693366055640187,6.216591870353011,474.69466397510325,1
1.7333333333333334,30.183618084597125,6.224196677080029,475.21310511811845,1
1.75,29.682943504351126,6.231627823654773,475.7222709618057,1
1.7666666666666666,29.191205276511266,6.2388900251473896,476.22230419365917,1
1.7833333333333334,28.70826729482705,6.245987826572204,476.71334635620235,1
1.8,28.233994443855714,6.2529256115996725,477.1955377998653,1
1.8166666666666667,27.76825265282118,6.259707610656583,477.66901763978194,1
1.8333333333333333,27.31090894496359,6.266337908469432,478.1339237163018,1
1.85,26.861831482657827,6.272820451100135,478.5903925590197,1
1.8666666666666667,26.42088960856094,6.279159052517043,479.03855935413276,1
1.8833333333333333,25.987953883031018,6.285357400740888,479.4785579149426,1
1.9,25.562896118044417,6.291419063600315,479.9105206553299,1
1.9166666666666667,25.145589407823937,6.297347494128635,480.3345785660342,1
1.9333333333333333,24.735908156376865,6.3031460356303155,480.75086119358275,1
1.95,24.33372810212971,6.308817926442759,481.1594966217165,1
1.9666666666666666,23.938926339835028,6.314366304416933,481.560611455174,1
1.9833333333333334,23.551381339914908,6.319794211137615,481.9543308056938,1
2.0,23.170972965396217,6.325104595902749,482.34077828011004,1
2.0166666666666666,22.79758248658322,6.330300319479447,482.72007597041886,1
2.033333333333333,22.431092593604916,6.335384157652619,483.0923444456997,1
2.05,22.071387406966274,6.340358804580457,483.45770274578115,1
2.066666666666667,21.718352486225395,6.345226875970873,483.81626837655,1
2.0833333333333335,21.371874836911406,6.349990912090551,484.16815730680173,1
2.1,21.031842915791604,6.3546533806181005,484.5134839665412,1
2.1166666666666667,20.69814663459025,6.359216679351707,484.8523612466442,1
2.1333333333333333,20.37067736225556,6.3636831387807105,485.1849004997961,1
2.15,20.049327925866397,6.368055024529904,485.51121154262665,1
2.1666666666666665,19.73399261026476,6.372334539684667,485.831402658967,1
2.183333333333333,19.42456715649574,6.376523827004549,486.14558060415584,1
2.2,19.120948759132006,6.380624971031805,486.453850610328,1
2.216666666666667,18.823036062555754,6.384640000101861,486.7563163926188,1
2.2333333333333334,18.53072915626706,6.38857088826102,487.0530801562254,1
2.25,18.243929569283885,6.392419557097378,487.34424260426476,1
2.2666666666666666,17.96254026369545,6.396187877490193,487.6299029463758,1
2.283333333333333,17.686465627427378,6.399877671281245,487.91015890801003,1
2.3,17.415611466273873,6.403490712874449,488.1851067403645,1
2.316666666666667,17.149884995249227,6.407028730766336,488.45484123090796,1
2.3333333333333335,16.889194829308163,6.4104933938893485,488.71945569933354,1
2.35,16.633450973661315,6.4138863701819435,488.9790420660007,1
2.3666666666666667,16.382564812903208,6.417209249242045,489.23369078612143,1
2.3833333333333333,16.136449100473147,6.420463588574284,489.48349090651703,1
2.4,15.895017947238584,6.423650907605434,489.7285300713811,1
2.4166666666666665,15.658186809702581,6.426772688010526,489.9688945346699,1
2.433333333333333,15.425872477833861,6.429830374706203,490.2046691735167,1
2.45,15.19799306254725,6.432825376911705,490.43593750205,1
2.466666666666667,14.974467982865011,6.435759069192614,490.6627816855008,1
2.4833333333333334,14.755217952788707,6.438632792472855,490.8852825545591,1
2.5,14.540164967909877,6.441447855011233,491.1035196199448,1
2.5166666666666666,14.329232291786335,6.444205533343427,491.31757108717034,1
2.533333333333333,14.122344442109412,6.446907073190008,491.5275138714696,1
2.55,13.91942717668614,6.449553690332101,491.7334236128719,1
2.566666666666667,13.72040747925902,6.452146571455856,491.93537469139824,1
2.5833333333333335,13.525213545184751,6.454686874967233,492.1334402423643,1
2.6,13.333774766992102,6.457175731778245,492.32769217176576,1
2.6166666666666667,13.14602171983797,6.459614246066323,492.5182011717345,1
2.6333333333333333,12.96188614687956,6.462003496007463,492.7050367360454,1
2.65,12.781300944579659,6.464344534484534,492.8882671756591,1
2.6666666666666665,12.604200147960857,6.466638389771951,493.0679596342874,1
2.683333333333333,12.430518915823832,6.468886066197573,493.24418010396556,1
2.7,12.26019351594372,6.471088544782702,493.4169934406202,1
2.716666666666667,12.093161310257914,6.473246783861481,493.5864633796206,1
2.7333333333333334,11.929360740057751,6.475361719679831,493.7526525513003,1
2.75,11.768731311195781,6.477434266975632,493.9156224964404,1
2.7666666666666666,11.611213579319658,6.4794653195403615,494.0754336817043,1
2.783333333333333,11.456749135142914,6.481455750763029,494.2321455150123,1
2.8,11.30528058976229,6.4834064141568915,494.3858163608499,1
2.816666666666667,11.15675156003064,6.485318143870495,494.53650355550093,1
2.8333333333333335,11.01110665399389,6.487191755182451,494.684263422197,1
2.85,10.86829145639984,6.4890280449813265,494.8291512861761,1
2.8666666666666667,10.728252514286266,6.490827792231161,494.97122148964564,1
2.8833333333333333,10.590937322655085,6.492591758422951,495.11052740664167,1
2.9,10.456294310238958,6.494320688012595,495.24712145777926,1
2.9166666666666665,10.324272825366256,6.496015308846107,495.38105512488903,1
2.933333333333333,10.194823121929828,6.49767633257219,495.5123789655348,1
2.95,10.067896345464648,6.499304455042927,495.641142627408,1
2.966666666666667,9.943444519338996,6.500900356702769,495.76739486259356,1
2.9833333333333334,9.821420531063486,6.502464702966511,495.89118354170637,1
3.0,9.701778118721835,6.503998144586377,496.01255566789087,1
3.0166666666666666,9.584471857527067,6.5055013180085695,496.1315573906839,1
3.033333333333333,9.469457146506365,6.506974845720257,496.2482340197364,1
3.05,9.356690195317595,6.508419336586196,496.36263003839235,1
3.066666666666667,9.246128011200236,6.5098353861765705,496.47478911712096,1
3.0833333333333335,9.13772838606312,6.511223577085402,496.58475412680224,1
3.1,9.031449883711174,6.512584479240421,496.69256715186236,1
3.1166666666666667,8.92725182721312,6.513918650204361,496.7982695032582,1
3.1333333333333333,8.825094286411845,6.515226635468114,496.90190173130975,1
3.15,8.724938065578941,6.51650896873586,497.00350363837777,1
3.1666666666666665,8.626744691214686,6.517766172202858,497.1031142913883,1
3.183333333333333,8.530476399994614,6.5189987568252965,497.2007720342008,1
3.2,8.436096126863537,6.520207222583474,497.29651449982003,1
3.216666666666667,8.343567493277826,6.521392058737734,497.39037862245266,1
3.2333333333333334,8.252854795596468,6.522553744077668,497.4824006494055,1
3.25,8.163922993621402,6.523692747164991,497.57261615282823,1
3.2666666666666666,8.07673769928735,6.524809526569811,497.6610600412971,1
3.283333333333333,7.991265165501353,6.525904531100985,497.7477665712441,1
3.3,7.907472275132001,6.526978200030383,497.8327693582273,1
3.316666666666667,7.82532653014825,6.528030963311642,497.9161013880464,1
3.3333333333333335,7.744796040907645,6.529063241792877,497.99779502770036,1
3.35,7.665849515593619,6.530075447424357,498.07788203619174,1
3.3666666666666667,7.588456249801433,6.531067983460758,498.15639357517415,1
3.3833333333333333,7.5125861162722645,6.532041244658425,498.2333602194471,1
3.4,7.438209554774851,6.532995617467429,498.30881196729626,1
3.4166666666666665,7.365297562133984,6.533931480218957,498.3827782506818,1
3.433333333333333,7.2938216824051185,6.534849203308211,498.4552879452752,1
3.45,7.223753997194258,6.535749149372279,498.52636938034505,1
3.466666666666667,7.155067116122229,6.53663167346424,498.59605034849324,1
3.4833333333333334,7.087734167432379,6.537497123222271,498.6643581152429,1
3.5,7.021728788740693,6.53834583903518,498.7313194284791,1
3.5166666666666666,6.957025117927249,6.539178154203559,498.7969605277436,1
3.533333333333333,6.893597784167926,6.539994395097143,498.8613071533841,1
3.55,6.83142189910516,6.540794881308223,498.9243845555601,1
3.566666666666667,6.77047304815658,6.5415799258014555,498.986217503107,1
3.5833333333333335,6.710727281960272,6.542349835059993,499.0468302922595,1
3.6,6.652161107955391,6.5431049092280995,499.10624675523434,1
3.6166666666666667,6.59475148209681,6.543845442250311,499.16449026867593,1
3.6333333333333333,6.538475800702491,6.544571722007367,499.22158376196575,1
3.65,6.4833118924321775,6.545284030448836,499.27754972539515,1
3.6666666666666665,6.429238010396062,6.545982643722454,499.33241021820635,1
3.683333333333333,6.376232824391983,6.546667832300674,499.3861868764996,1
3.7,6.324275413269759,6.547339861104027,499.43890092101117,1
3.716666666666667,6.273345257421182,6.54799898962157,499.490573164761,1
3.7333333333333334,6.223422231394252,6.548645472028575,499.5412240205738,1
3.75,6.174486596630142,6.5492795573014915,499.59087350847386,1
3.7666666666666666,6.126518994321434,6.549901489330154,499.6395412629556,1
3.783333333333333,6.079500438390148,6.55051150702732,499.6872465401306,1
3.8,6.033412308584039,6.551109844435805,499.7340082247546,1
3.816666666666667,5.988236343689688,6.5516967308329574,499.7798448371332,1
3.8333333333333335,5.943954634860852,6.552272390832974,499.82477453991186,1
3.85,5.9005496190606,6.552837044486528,499.86881514474675,1
3.8666666666666667,5.8580040726157,6.553390907378417,499.91198411886234,1
3.8833333333333333,5.8163011048817514,6.553934190722751,499.9542985914954,1
3.9,5.775424152017564,6.5544671014560185,499.9957753602268,1
3.9166666666666665,5.73535697086727,6.554989842328142,500.0364308972033,1
3.933333333333333,5.696083632948679,6.5555026119912085,500.07628135525107,1
3.95,5.657588518546355,6.556005605086531,500.11534257388155,1
3.966666666666667,5.619856310907953,6.556499012329372,500.15363008519256,1
3.9833333333333334,5.582871990542305,6.5569830205920105,500.19115911966406,1
4.0,5.5466208296177895,6.5574578129848184,500.2279446118528,1
4.016666666666667,5.511088386459516,6.557923568935477,500.264001205986,1
4.033333333333333,5.476260500143843,6.558380464266646,500.29934326145496,1
4.05,5.442123285188798,6.558828671271465,500.33398485821056,1
4.066666666666666,5.408663126338954,6.559268358787791,500.3679398020632,1
4.083333333333333,5.375866673443307,6.559699692270609,500.40122162988797,1
4.1,5.3437208364247555,6.56012283386266,500.4338436147349,1
4.116666666666666,5.31221278033977,6.56053794246386,500.4658187708485,1
4.133333333333334,5.281329920526835,6.560945173798795,500.497159858597,1
4.15,5.25105991784229,6.561344680483001,500.5278793893109,1
4.166666666666667,5.221390673982201,6.5617366120876826,500.5579896300355,1
4.183333333333334,5.192310326888881,6.56212111520303,500.5875026081961,1
4.2,5.16380724624073,6.562498333499961,500.6164301161784,1
4.216666666666667,5.135870029024051,6.562868407790738,500.64478371582624,1
4.233333333333333,5.108487495185522,6.563231476088312,500.672574742856,1
4.25,5.081648683364013,6.5635876736639895,500.6998143111904,1
4.266666666666667,5.055342846700469,6.563937133104187,500.72651331721363,1
4.283333333333333,5.0295594487245605,6.564279984365851,500.7526824439472,1
4.3,5.004288159316848,6.564616354830666,500.7783321651498,1
4.316666666666666,4.979518850745225,6.5649463693579975,500.8034727493406,1
4.333333333333333,4.95524159377437,6.5652701503368425,500.82811426374906,1
4.35,4.931446653847029,6.565587817736435,500.8522665781912,1
4.366666666666666,4.908124487335889,6.565899489156111,500.8759393688744,1
4.383333333333334,4.885265737864874,6.5662052798736,500.8991421221305,1
4.4,4.862861232698692,6.566505302892822,500.92188413808117,1
4.416666666666667,4.840901979199448,6.566799668990243,500.9441745342336,1
4.433333333333334,4.8193791613492065,6.567088486760301,500.96602224900886,1
4.45,4.79828413633737,6.567371862660174,500.9874360452071,1
4.466666666666667,4.777608431211738,6.567649901052999,501.00842451340344,1
4.483333333333333,4.757343739592189,6.567922704250872,501.0289960752843,1
4.5,4.7374819184458445,6.568190372556346,501.04915898691917,1
4.516666666666667,4.718014984922714,6.568453004303316,501.068921341971,1
4.533333333333333,4.698935113250713,6.568710695897007,501.0882910748469,1
4.55,4.680234631689047,6.568963541853005,501.1072759637886,1
4.566666666666666,4.66190601953892,6.569211634835719,501.12588363390563,1
4.583333333333333,4.643941904210578,6.5694550656956325,501.14412156015055,1
4.6,4.626335058345676,6.56969392350616,501.161997070238,1
4.616666666666666,4.609078396993999,6.569928295599408,501.1795173475091,1
4.633333333333334,4.5921649748435724,6.5701582676014585,501.1966894337405,1
4.65,4.575587983503221,6.570383923466617,501.21352023190127,1
4.666666666666667,4.559340748836608,6.57060534551126,501.23001650885715,1
4.683333333333334,4.543416728346882,6.570822614446645,501.24618489802253,1
4.7,4.527809508610986,6.571035809411211,501.2620319019634,1
4.716666666666667,4.5125128027627515,6.5712450080022835,501.2775638949496,1
4.733333333333333,4.497520453828526,6.57145028630695,501.2927871049052,1
4.75,4.4828264146551415,6.571651718345555,501.30770768161017,1
4.766666666666667,4.4684247634278895,6.571849377889731,501.32233162862747,1
4.783333333333333,4.454309695290628,6.57204333674616,501.3366648307742,1
4.8,4.440475520060913,6.572233665254568,501.35071305680333,1
4.816666666666666,4.4269166599879775,6.572420432377347,501.3644819616662,1
4.833333333333333,4.413627647553494,6.572603705738591,501.3779770887031,1
4.85,4.400603123314416,6.57278355165355,501.3912038717969,1
4.866666666666666,4.387837833787184,6.572960035155008,501.40416763749096,1
4.883333333333334,4.375326629372548,6.573133220018768,501.416873607075,1
4.9,4.363064462320229,6.573303168788308,501.42932689863494,1
4.916666666666667,4.351046384732734,6.5734699427989955,501.44153252906585,1
4.933333333333334,4.339267546607556,6.573633602201702,501.45349541605043,1
4.95,4.327723193917073,6.5737942059861485,501.4652203799996,1
4.966666666666667,4.316408666725452,6.573951812003759,501.476712145959,1
4.983333333333333,4.30531939734184,6.5741064769899955,501.48797534547685,1
5.0,4.294450908509219,6.574258256586444,501.49901451843994,1
5.016666666666667,4.283798811628197,6.574407205362276,501.50983411487135,1
5.033333333333333,4.273358805015138,6.5745533768355,501.5204384966964,1
5.05,4.26312667219397,6.574696823493638,501.5308319394725,1
5.066666666666666,4.253098280221022,6.574837596813943,501.5410186340877,1
5.083333333333333,4.243269578042313,6.574975747283595,501.55100268842546,1
5.1,4.233636594882649,6.575111324418873,501.5607881289964,1
5.116666666666666,4.224195438665942,6.575244376784468,501.57037890254065,1
5.133333333333334,4.214942294466171,6.57537495201214,501.5797788775969,1
5.15,4.205873422988411,6.575503096819166,501.5889918460427,1
5.166666666666667,4.196985159079335,6.575628857026243,501.5980215246038,1
5.183333333333334,4.188273910266677,6.575752277575023,501.60687155633434,1
5.2,4.179736155327066,6.5758734025456205,501.61554551206945,1
5.216666666666667,4.171368442881741,6.575992275173273,501.62404689184734,1
5.233333333333333,4.163167390019558,6.576108937865137,501.63237912630586,1
5.25,4.155129680946831,6.57622343221623,501.6405455780507,1
5.266666666666667,4.147252065663474,6.576335799025618,501.64854954299665,1
5.283333333333333,4.139531358664936,6.576446078311862,501.6563942516845,1
5.3,4.13196443766944,6.57655430932835,501.66408287056987,1
5.316666666666666,4.124548242370073,6.576660530578214,501.6716185032886,1
5.333333333333333,4.11727977321121,6.5767647798290225,501.67900419189647,1
5.35,4.110156090188837,6.576867094127066,501.6862429180856,1
5.366666666666666,4.103174311674322,6.576967509811631,501.69333760437615,1
5.383333333333334,4.096331613261154,6.577066062528534,501.70029111528527,1
5.4,4.089625226634243,6.577162787243759,501.70710625847283,1
5.416666666666667,4.083052438461333,6.577257718256906,501.7137857858657,1
5.433333333333334,4.076610589306109,6.57735088921373,501.7203323947581,1
5.45,4.070297072562583,6.577442333119358,501.7267487288928,1
5.466666666666667,4.0641093334103395,6.577532082350211,501.7330373795188,1
5.483333333333333,4.058044867790269,6.577620168666756,501.7392008864304,1
5.5,4.052101221400354,6.577706623225098,501.7452417389841,1
5.516666666666667,4.046275988711157,6.577791476588927,501.7511623770965,1
5.533333333333333,4.040566812000618,6.577874758740857,501.7569651922232,1
5.55,4.03497138040778,6.577956499093874,501.76265252831695,1
5.566666666666666,4.029487429005101,6.578036726502215,501.768226682768,1
5.583333333333333,4.02411273788897,6.578115469272201,501.7736899073256,1
5.6,4.018845131288091,6.578192755173039,501.7790444090022,1
5.616666666666666,4.013682476689383,6.5782686114469575,501.7842923509589,1
5.633333333333334,4.008622683981055,6.5783430648195464,501.78943585337356,1
5.65,4.003663704612537,6.578416141509808,501.79447699429267,1
5.666666666666667,3.9988035307709224,6.578487867239762,501.79941781046557,1
5.683333333333334,3.994040194573617,6.578558267244124,501.8042602981627,1
5.7,3.989371767276875,6.578627366279827,501.80900641397784,1
5.716666666666667,3.9847963584999073,6.578695188635041,501.81365807561417,1
5.733333333333333,3.980312115464269,6.578761758138337,501.8182171626552,1
5.75,3.9759172222482353,6.5788270981675385,501.8226855173202,1
5.766666666666667,3.9716098990558497,6.578891231658382,501.8270649452052,1
5.783333333333333,3.96738840150039,6.578954181112965,501.8313572160089,1
5.8,3.963251019901951,6.579015968608226,501.8355640642448,1
5.816666666666666,3.959196078598873,6.579076615804057,501.83968718993856,1
5.833333333333333,3.9552219352727542,6.579136143951301,501.843728259312,1
5.85,3.951326980286777,6.5791945738996045,501.8476889054543,1
5.866666666666666,3.947509636037085,6.579251926105072,501.85157072897846,1
5.883333333333334,3.943768356316962,6.579308220638181,501.85537529866633,1
5.9,3.9401016256935626,6.579363477190601,501.8591041520999,1
5.916666666666667,3.93650795889695,6.579417715082861,501.86275879628016,1
5.933333333333334,3.9329859002211927,6.57947095327136,501.86634070823453,1
5.95,3.929534022937299,6.579523210355445,501.8698513356119,1
5.966666666666667,3.926150928717743,6.579574504583951,501.8732920972648,1
5.983333333333333,3.9228352470723657,6.579624853862269,501.8766643838222,1
6.0,3.919585634795426,6.579674275758745,501.87996955824923,1
6.016666666666667,3.916400775423581,6.579722787511049,501.8832089563968,1
6.033333333333333,3.913279378704583,6.5797704060327655,501.8863838875397,1
6.05,3.910220180076488,6.579817147919248,501.8894956349046,1
6.066666666666666,3.9072219401571577,6.579863029454029,501.89254545618735,1
6.083333333333333,3.9042834442438674,6.579908066614461,501.8955345840601,1
6.1,3.901403501822816,6.579952275077768,501.8984642266682,1
6.116666666666666,3.898580946088339,6.579995670226783,501.90133556811725,1
6.133333333333334,3.8958146334716406,6.580038267155464,501.9041497689519,1
6.15,3.893103443178855,6.58008008067436,501.90690796662227,1
6.166666666666667,3.8904462767382544,6.580121125316244,501.90961127594414,1
6.183333333333334,3.887842057556429,6.580161415341135,501.91226078954753,1
6.2,3.885289730483249,6.580200964741594,501.91485757831913,1
6.216666666666667,3.882788261385454,6.580239787247928,501.91740269183305,1
6.233333333333333,3.8803366367286856,6.580277896333011,501.91989715877526,1
6.25,3.877933863167801,6.5803153052172485,501.9223419873583,1
6.266666666666667,3.8755789671453154,6.580352026873411,501.92473816572857,1
6.283333333333333,3.873270994497797,6.5803880740312914,501.92708666236496,1
6.3,3.871009010070066,6.580423459182352,501.9293884264699,1
6.316666666666666,3.868792097337043,6.580458194584212,501.93164438835316,1
6.333333333333333,3.8666193580330974,6.58049229226515,501.9338554598063,1
6.35,3.8644899117887537,6.580525764028363,501.936022534472,1
6.366666666666666,3.8624028957745926,6.5805586214563405,501.93814648820455,1
6.383333333333334,3.8603574643522194,6.580590875915061,501.94022817942374,1
6.4,3.858352788732167,6.580622538557885,501.9422684494611,1
6.416666666666667,3.8563880566385773,6.5806536203298505,501.94426812290027,1
6.433333333333334,3.854462471980538,6.580684131971453,501.94622800791,1
6.45,3.852575254529947,6.580714084022566,501.94814889657005,1
6.466666666666667,3.8507256396057725,6.580743486826333,501.9500315651925,1
6.483333333333333,3.848912877764577,6.580772350532683,501.95187677463406,1
6.5,3.8471362344971833,6.5808006851021705,501.95368527060435,1
6.516666666666667,3.8453949899313744,6.580828500309488,501.955457783967,1
6.533333333333333,3.8436884385404873,6.5808558057469435,501.95719503103453,1
6.55,3.8420158888578,6.580882610827948,501.958897713859,1
6.566666666666666,3.840376663196593,6.580908924790454,501.9605665205146,1
6.583333333333333,3.8387700973757632,6.5809347567000955,501.9622021253762,1
6.6,3.8371955404509,6.580960115453656,501.96380518939196,1
6.616666666666666,3.8356523544507004,6.580985009782118,501.9653763603509,1
6.633333333333334,3.8341399141186168,6.581009448253813,501.96691627314374,1
6.65,3.832657606659648,6.581033439277501,501.96842555002064,1
6.666666666666667,3.8312048314921574,6.581056991105352,501.969904800842,1
6.683333333333334,3.8297810000046257,6.581080111836008,501.9713546233256,1
6.7,3.8283855353172354,6.5811028094172785,501.9727756032878,1
6.716666666666667,3.827017872048201,6.58112509164917,501.9741683148806,1
6.733333333333333,3.8256774560847413,6.581146966186611,501.9755333208241,1
6.75,3.824363744358604,6.581168440542059,501.97687117263354,1
6.766666666666667,3.823076204626062,6.58118952208838,501.97818241084224,1
6.783333333333333,3.8218143152522708,6.581210218061441,501.9794675652213,1
6.8,3.8205775649999296,6.581230535562411,501.980727154992,1
6.816666666666666,3.8193654528221366,6.581250481560706,501.98196168903775,1
6.833333333333333,3.8181774876593644,6.58127006289623,501.9831716661084,1
6.85,3.8170131882404807,6.581289286281761,501.9843575750228,1
6.866666666666666,3.81587208288772,6.581308158305558,501.9855198948662,1
6.883333333333334,3.8147537093255393,6.5813266854334955,501.98665909518417,1
6.9,3.8136576144932794,6.581344874011468,501.98777563617216,1
6.916666666666667,3.8125833543615464,6.581362730267485,501.98886996886205,1
6.933333333333334,3.8115304937522523,6.581380260314218,501.9899425353048,1
6.95,3.8104986061622372,6.581397470150772,501.99099376874824,1
6.966666666666667,3.809487273590401,6.58141436566509,501.9920240938137,1
6.983333333333333,3.8084960863682693,6.581430952635863,501.9930339266667,1
7.0,3.8075246429939464,6.5814472367347605,501.9940236751859,1
7.016666666666667,3.806572549969355,6.58146322352828,501.99499373912784,1
7.033333333333333,3.805639421640732,6.581478918479716,501.9959445102887,1
7.05,3.804724880042289,6.581494326951233,501.9968763726632,1
7.066666666666666,3.803828554742992,6.581509454205604,501.99778970259933,1
7.083333333333333,3.8029500826963845,6.581524305408207,501.99868486895093,1
7.1,3.8020891080934076,6.581538885628706,501.9995622332267,1
7.116666666666666,3.801245282218148,6.581553199842984,502.00042214973695,1
7.133333333333334,3.8004182633064585,6.581567252934779,502.0012649657368,1
7.15,3.79960771640739,6.581581049697492,502.0020910215661,1
7.166666666666667,3.7988133132473894,6.581594594835825,502.0029006507879,1
7.183333333333334,3.7980347320971988,6.581607892967402,502.00369418032295,1
7.2,3.7972716576414074,6.581620948624525,502.00447193058216,1
7.216666666666667,3.796523780850597,6.581633766255638,502.0052342155965,1
7.233333333333333,3.795790798856038,6.581646350226974,502.00598134314333,1
7.25,3.7950724148268815,6.581658704824073,502.0067136148714,1
7.266666666666667,3.7943683378497948,6.581670834253219,502.0074313264232,1
7.283333333333333,3.7936782828109967,6.581682742642992,502.0081347675542,1
7.3,3.793001970280645,6.581694434045765,502.00882422225004,1
7.316666666666666,3.79233912639952,6.581705912439016,502.00949996884145,1
7.333333333333333,3.791689482767972,6.581717181726709,502.0101622801174,1
7.35,3.7910527763370827,6.581728245740821,502.01081142343486,1
7.366666666666666,3.790428749301986,6.581739108242599,502.0114476608273,1
7.383333333333334,3.789817148997323,6.581749772923763,502.0120712491102,1
7.4,3.78921772779478,6.581760243407994,502.0126824399859,1
7.416666666666667,3.7886302430026584,6.581770523252065,502.01328148014477,1
7.433333333333334,3.78805445676746,6.581780615947173,502.0138686113651,1
7.45,3.7874901359774236,6.581790524920048,502.01444407061126,1
7.466666666666667,3.786937052167983,6.58180025353434,502.01500809012936,1
7.483333333333333,3.7863949814291185,6.581809805091614,502.01556089754087,1
7.5,3.7858637043145444,6.5818191828325645,502.01610271593546,1
7.516666666666667,3.7853430057527144,6.581828389938184,502.0166337639609,1
7.533333333333333,3.7848326749595946,6.58183742953079,502.0171542559114,1
7.55,3.7843325053531762,6.581846304675235,502.0176644018143,1
7.566666666666666,3.7838422944696974,6.581855018379866,502.01816440751554,1
7.583333333333333,3.7833618438815293,6.58186357359761,502.01865447476246,1
7.6,3.782890959116699,6.581871973227064,502.0191348012856,1
7.616666666666666,3.7824294495800195,6.581880220113395,502.01960558087876,1
7.633333333333334,3.781977128475789,6.581888317049381,502.0200670034772,1
7.65,3.7815338127320364,6.581896266776465,502.02051925523494,1
7.666666666666667,3.781099322926267,6.58190407198557,502.0209625185995,1
7.683333333333334,3.7806734832127,6.5819117353180925,502.0213969723861,1
7.7,3.780256121250945,6.581919259366902,502.0218227918501,1
7.716666666666667,3.7798470681361134,6.58192664667709,502.02224014875753,1
7.733333333333333,3.7794461583303085,6.581933884101101,502.022649195809,1
7.75,3.7790532296403208,6.58194100163143,502.0230501253593,1
7.766666666666667,3.7786681230364256,6.581947992011825,502.02344308959425,1
7.783333333333333,3.7782906826758538,6.581954856087925,502.02382824552603,1
7.8,3.7779207558265564,6.5819615958034445,502.02420574812777,1
7.816666666666666,3.7775581928025574,6.581968213294944,502.0245757495064,1
7.833333333333333,3.7772028469024117,6.581974710729514,502.024938398807,1
7.85,3.7768545743493656,6.581981090262752,502.02529384223226,1
7.866666666666666,3.7765132342328784,6.581987354024334,502.02564222308774,1
7.883333333333334,3.77617868845138,6.58199350411247,502.02598368183374,1
7.9,3.775850801656208,6.581999542591165,502.0263183561384,1
7.916666666666667,3.7755294411966784,6.582005471489472,502.02664638093285,1
7.933333333333334,3.775214477066268,6.582011292801008,502.02696788846424,1
7.95,3.7749057818498724,6.582017008484144,502.02728300834866,1
7.966666666666667,3.7746032306721222,6.582022620462198,502.027591867623,1
7.983333333333333,3.77430670114673,6.58202813062391,502.02789459079645,1
8.0,3.7740160733268566,6.582033540823783,502.0281912999002,1
8.016666666666667,3.7737312296564567,6.582038852882826,502.02848211453687,1
8.033333333333333,3.7734520549226085,6.582044068588819,502.02876715192923,1
8.05,3.7731784362087852,6.58204918969706,502.0290465269667,1
8.066666666666666,3.772910262849065,6.582054217930812,502.0293203522522,1
8.083333333333334,3.7726474263832497,6.582059154981919,502.0295887381478,1
8.1,3.772389820512884,6.5820640025112604,502.029851792819,1
8.116666666666667,3.7721373410581465,6.582068762149547,502.03010962227825,1
8.133333333333333,3.771889885915607,6.582073435497455,502.0303623304288,1
8.15,3.7716473550168175,6.582078024126606,502.03061001910544,1
8.166666666666666,3.771409650287739,6.58208252957979,502.03085278811653,1
8.183333333333334,3.771176675608973,6.5820869533715305,502.03109073528407,1
8.2,3.7709483367767813,6.582091296988751,502.0313239564832,1
8.216666666666667,3.7707245414648964,6.5820955618911405,502.031552545681,1
8.233333333333333,3.770505199187077,6.582099749511615,502.03177659497453,1
8.25,3.7702902212604226,6.582103861257018,502.031996194628,1
8.266666666666667,3.7700795207694178,6.582107898508377,502.03221143310964,1
8.283333333333333,3.7698730125306876,6.582111862621457,502.03242239712665,1
8.3,3.7696706130584627,6.58211575492723,502.0326291716609,1
8.316666666666666,3.769472240530729,6.582119576732346,502.0328318400034,1
8.333333333333334,3.769277814756055,6.582123329319509,502.03303048378734,1
8.35,3.7690872571410794,6.582127013948065,502.0332251830217,1
8.366666666666667,3.768900490658648,6.582130631854209,502.0334160161236,1
8.383333333333333,3.7687174398165832,6.582134184251637,502.03360305994926,1
8.4,3.7685380306270835,6.582137672331792,502.03378638982576,1
8.416666666666666,3.768362190576722,6.582141097264343,502.0339660795815,1
8.433333333333334,3.768189848597057,6.582144460197615,502.0341422015756,1
8.45,3.768020935035815,6.582147762258912,502.03431482672767,1
8.466666666666667,3.7678553816286593,6.582151004554935,502.0344840245461,1
8.483333333333333,3.767693121471516,6.582154188172135,502.0346498631562,1
8.5,3.767534088993452,6.58215731417721,502.0348124093279,1
8.516666666666667,3.767378219930099,6.582160383617254,502.03497172850274,1
8.533333333333333,3.767225451297599,6.582163397520294,502.0351278848202,1
8.55,3.767075721367078,6.582166356895575,502.0352809411437,1
8.566666666666666,3.7669289696396224,6.582169262733862,502.03543095908555,1
8.583333333333334,3.7667851368217606,6.582172116007865,502.03557799903285,1
8.6,3.7666441648014244,6.582174917672582,502.03572212017133,1
8.616666666666667,3.7665059966244017,6.582177668665456,502.03586338050866,1
8.633333333333333,3.7663705764712496,6.582180369906897,502.03600183689923,1
8.65,3.7662378496346705,6.582183022300504,502.0361375450659,1
8.666666666666666,3.7661077624973416,6.58218562673338,502.0362705596232,1
8.683333333333334,3.765980262510184,6.582188184076435,502.03640093409905,1
8.7,3.7658552981710667,6.582190695184621,502.0365287209568,1
8.716666666666667,3.7657328190039348,6.5821931608974165,502.0366539716163,1
8.733333333333333,3.7656127755383526,6.582195582038881,502.03677673647394,1
8.75,3.765495119289458,6.582197959418068,502.0368970649242,1
8.766666666666667,3.7653798027383143,6.582200293829264,502.0370150053788,1
8.783333333333333,3.765266779312653,6.582202586052323,502.0371306052868,1
8.8,3.765156003368004,6.582204836852822,502.037243911153,1
8.816666666666666,3.7650474301691976,6.582207046982369,502.0373549685576,1
8.833333333333334,3.7649410158722403,6.582209217178923,502.03746382217406,1
8.85,3.7648367175065482,6.582211348166941,502.03757051578737,1
8.866666666666667,3.7647344929575377,6.58221344065769,502.0376750923116,1
8.883333333333333,3.76463430094956,6.5822154953494705,502.03777759380716,1
8.9,3.7645361010291793,6.582217512927852,502.0378780614986,1
8.916666666666666,3.764439853548783,6.5822194940659235,502.03797653578977,1
8.933333333333334,3.7643455196505182,6.582221439424496,502.03807305628123,1
8.95,3.764253061250549,6.582223349652321,502.0381676617863,1
8.966666666666667,3.7641624410236303,6.58222522538638,502.0382603903462,1
8.983333333333333,3.7640736223879823,6.582227067252036,502.03835127924566,1
9.0,3.7639865694904775,6.582228875863206,502.0384403650279,1
9.016666666666667,3.763901247192111,6.582230651822676,502.0385276835093,1
9.033333333333333,3.76381762105377,6.582232395722279,502.0386132697945,1
9.05,3.763735657322282,6.582234108143064,502.03869715828955,1
9.066666666666666,3.7636553229167435,6.5822357896553925,502.03877938271677,1
9.083333333333334,3.7635765854151204,6.582237440819381,502.03885997612764,1
9.1,3.7634994130411155,6.5822390621849065,502.03893897091655,1
9.116666666666667,3.7634237746512995,6.582240654291806,502.0390163988337,1
9.133333333333333,3.763349639722495,6.5822422176701085,502.0390922909982,1
9.15,3.7632769783394155,6.582243752840222,502.03916667791026,1
9.166666666666666,3.7632057611825522,6.582245260313059,502.0392395894635,1
9.183333333333334,3.7631359595162968,6.582246740590239,502.0393110549577,1
9.2,3.763067545177305,6.5822481941642526,502.0393811031095,1
9.216666666666667,3.7630004905630927,6.582249621518636,502.03944976206515,1
9.233333333333333,3.7629347686208567,6.5822510231281495,502.03951705941097,1
9.25,3.7628703528365213,6.582252399458914,502.0395830221849,1
9.266666666666667,3.762807217224003,6.582253750968536,502.03964767688757,1
9.283333333333333,3.762745336314683,6.582255078106325,502.0397110494926,1
9.3,3.7626846851471023,6.582256381313434,502.03977316545723,1
9.316666666666666,3.762625239256848,6.582257661022972,502.03983404973286,1
9.333333333333334,3.762566974666654,6.582258917660249,502.0398937267747,1
9.35,3.7625098678766884,6.582260151642719,502.039952220552,1
9.366666666666667,3.7624538958550415,6.582261363380324,502.0400095545573,1
9.383333333333333,3.7623990360284023,6.582262553275566,502.04006575181626,1
9.4,3.762345266272918,6.582263721723582,502.04012083489715,1
9.416666666666666,3.762292564905239,6.582264869112391,502.0401748259192,1
9.433333333333334,3.7622409106737407,6.582265995822923,502.04022774656244,1
9.45,3.762190282749921,6.582267102229219,502.0402796180757,1
9.466666666666667,3.762140660719968,6.582268188698457,502.0403304612856,1
9.483333333333333,3.7620920245764995,6.582269255591217,502.04038029660467,1
9.5,3.762044354710462,6.5822703032615415,502.0404291440402,1
9.516666666666667,3.761997631903196,6.582271332056926,502.0404770232012,1
9.533333333333333,3.7619518373186556,6.582272342318679,502.04052395330757,1
9.55,3.7619069524957855,6.582273334381924,502.04056995319667,1
9.566666666666666,3.7618629593410504,6.582274308575582,502.0406150413322,1
9.583333333333334,3.7618198401211123,6.5822752652227345,502.04065923581044,1
9.6,3.7617775774556526,6.58227620464045,502.04070255436807,1
9.616666666666667,3.76173615431034,6.58227712714015,502.04074501438953,1
9.633333333333333,3.7616955539899375,6.5822780330275945,502.04078663291386,1
9.65,3.761655760131545,6.582278922603,502.04082742664116,1
9.666666666666666,3.7616167566979786,6.582279796161091,502.0408674119401,1
9.683333333333334,3.7615785279712837,6.582280653991311,502.040906604854,1
9.7,3.7615410585463724,6.582281496377751,502.0409450211072,1
9.716666666666667,3.761504333324791,6.582282323599472,502.04098267611175,1
9.733333333333333,3.761468337508613,6.582283135930377,502.0410195849736,1
9.75,3.761433056594452,6.582283933639458,502.04105576249844,1
9.766666666666667,3.7613984763675923,6.582284716990767,502.0410912231977,1
9.783333333333333,3.7613645828962374,6.582285486243652,502.0411259812948,1
9.8,3.76133136252588,6.58228624165265,502.0411600507303,1
9.816666666666666,3.7612988018737714,6.582286983467822,502.04119344516795,1
9.833333333333334,3.7612668878235125,6.582287711934598,502.0412261780003,1
9.85,3.7612356075197453,6.5822884272939515,502.04125826235315,1
9.866666666666667,3.7612049483629564,6.582289129782526,502.0412897110924,1
9.883333333333333,3.7611748980043775,6.5822898196326785,502.0413205368277,1
9.9,3.761145444340992,6.582290497072615,502.0413507519188,1
9.916666666666666,3.76111657551064,6.582291162326208,502.04138036847945,1
9.933333333333334,3.7610882798872236,6.582291815613458,502.04140939838294,1
9.95,3.761060546076001,6.5822924571503485,502.0414378532668,1
9.966666666666667,3.7610333629089783,6.582293087148913,502.04146574453756,1
9.983333333333333,3.7610067194403975,6.582293705817361,502.04149308337486,1
10.0,3.7609806049423056,6.582294313360107,502.0415198807363,1
10.016666666666667,3.760955008900221,6.582294909977861,502.04154614736194,1
10.033333333333333,3.760929921008879,6.582295495867748,502.04157189377895,1
10.05,3.7609053311680647,6.582296071223308,502.0415971303049,1
10.066666666666666,3.7608812294785308,6.582296636234557,502.0416218670526,1
10.083333333333334,3.760857606237994,6.582297191088055,502.0416461139339,1
10.1,3.7608344519372148,6.5822977359670505,502.04166988066436,1
10.116666666666667,3.76081175725615,6.582298271051369,502.0416931767657,1
10.133333333333333,3.7607895130601876,6.582298796517649,502.04171601157145,1
10.15,3.7607677103964523,6.5822993125393445,502.0417383942294,1
10.166666666666666,3.760746340490184,6.582299819286774,502.0417603337055,1
10.183333333333334,3.760725394741199,6.582300316927155,502.0417818387882,1
10.2,3.7607048647204047,6.5823008056246,502.04180291809087,1
10.216666666666667,3.7606847421663985,6.582301285540347,502.04182358005613,1
10.233333333333333,3.760665018982125,6.582301756832739,502.04184383295916,1
10.25,3.760645687231606,6.582302219657195,502.0418636849104,1
10.266666666666667,3.7606267391367316,6.582302674166337,502.04188314385976,1
10.283333333333333,3.760608167074118,6.582303120510036,502.04190221759893,1
10.3,3.7605899635720257,6.582303558835422,502.0419209137652,1
10.316666666666666,3.7605721213073418,6.5823039892869755,502.0419392398439,1
10.333333333333334,3.760554633102616,6.5823044120066365,502.04195720317205,1
10.35,3.7605374919231678,6.582304827133616,502.0419748109408,1
10.366666666666667,3.7605206908742366,6.582305234804773,502.04199207019883,1
10.383333333333333,3.760504223198203,6.582305635154431,502.0420089878549,1
10.4,3.760488082271851,6.582306028314488,502.0420255706801,1
10.416666666666666,3.760472261603699,6.582306414414422,502.0420418253116,1
10.433333333333334,3.7604567548313717,6.58230679358141,502.0420577582548,1
10.45,3.760441555719033,6.5823071659403105,502.04207337588593,1
10.466666666666667,3.7604266581548673,6.582307531613719,502.0420886844543,1
10.483333333333333,3.760412056148607,6.5823078907220935,502.04210369008587,1
10.5,3.760397743829117,6.582308243383599,502.04211839878434,1
10.516666666666667,3.7603837154420203,6.582308589714333,502.04213281643473,1
10.533333333333333,3.760369965347376,6.582308929828235,502.0421469488051,1
10.55,3.7603564880173974,6.58230926383731,502.0421608015491,1
10.566666666666666,3.7603432780342243,6.58230959185142,502.04217438020817,1
10.583333333333334,3.7603303300877324,6.582309913978475,502.0421876902136,1
10.6,3.7603176389733868,6.582310230324513,502.042200736889,1
10.616666666666667,3.760305199590145,6.582310540993492,502.0422135254523,1
10.633333333333333,3.760293006938393,6.582310846087678,502.0422260610183,1
10.65,3.7602810561179285,6.582311145707295,502.0422383485996,1
10.666666666666666,3.760269342325981,6.5823114399509635,502.0422503931101,1
10.683333333333334,3.7602578608552744,6.582311728915359,502.04226219936555,1
10.7,3.7602466070921237,6.582312012695489,502.04227377208633,1
10.716666666666667,3.7602355765145736,6.582312291384701,502.04228511589946,1
10.733333333333333,3.7602247646905753,6.5823125650744805,502.0422962353398,1
10.75,3.7602141672761906,6.582312833854826,502.0423071348524,1
10.766666666666667,3.7602037800138475,6.582313097814038,502.0423178187942,1
10.783333333333333,3.7601935987306123,6.582313357038881,502.04232829143547,1
10.8,3.76018361933651,6.582313611614503,502.0423385569619,1
10.816666666666666,3.760173837822876,6.582313861624452,502.0423486194764,1
10.833333333333334,3.7601642502607313,6.5823141071509275,502.0423584829998,1
10.85,3.7601548527992006,6.582314348274527,502.0423681514741,1
10.866666666666667,3.7601456416639603,6.582314585074415,502.04237762876227,1
10.883333333333333,3.760136613155709,6.5823148176283555,502.042386918651,1
10.9,3.7601277636486823,6.582315046012714,502.0423960248521,1
10.916666666666666,3.760119089589182,6.582315270302411,502.0424049510035,1
10.933333333333334,3.7601105874941463,6.5823154905711005,502.0424137006707,1
10.95,3.760102253949745,6.5823157068910625,502.0424222773492,1
10.966666666666667,3.760094085609999,6.582315919333261,502.04243068446453,1
10.983333333333333,3.760086079195433,6.5823161279674265,502.0424389253745,1
11.0,3.7600782314917502,6.582316332862021,502.0424470033704,1
11.016666666666667,3.760070539348538,6.582316534084188,502.0424549216781,1
11.033333333333333,3.760062999677993,6.582316731700006,502.04246268345975,1
11.05,3.7600556094536803,6.582316925774229,502.0424702918146,1
11.066666666666666,3.7600483657093084,6.582317116370555,502.0424777497804,1
11.083333333333334,3.760041265537535,6.582317303551456,502.0424850603347,1
11.1,3.7600343060887926,6.582317487378268,502.0424922263962,1
11.116666666666667,3.7600274845701422,6.582317667911303,502.04249925082536,1
11.133333333333333,3.7600207982441423,6.5823178452097375,502.0425061364262,1
11.15,3.760014244427749,6.582318019331628,502.042512885947,1
11.166666666666666,3.7600078204912317,6.582318190334075,502.04251950208203,1
11.183333333333334,3.7600015238571127,6.582318358273137,502.04252598747144,1
11.2,3.759995351999128,6.582318523203798,502.04253234470343,1
11.216666666666667,3.759989302441209,6.582318685180159,502.04253857631477,1
11.233333333333333,3.759983372756483,6.582318844255138,502.04254468479195,1
11.25,3.759977560566297,6.58231900048099,502.0425506725722,1
11.266666666666667,3.7599718635392554,6.582319153908801,502.04255654204434,1
11.283333333333333,3.759966279390283,6.582319304588839,502.0425622955501,1
11.3,3.7599608058797007,6.5823194525704505,502.0425679353844,1
11.316666666666666,3.7599554408123246,6.582319597902075,502.0425734637971,1
11.333333333333334,3.759950182036583,6.58231974063128,502.0425788829931,1
11.35,3.7599450274436443,6.582319880804804,502.0425841951338,1
11.366666666666667,3.759939974966569,6.58232001846855,502.0425894023378,1
11.383333333333333,3.759935022579478,6.582320153667549,502.04259450668144,1
11.4,3.7599301682967363,6.582320286446014,502.04259951020026,1
11.416666666666666,3.759925410172148,6.582320416847461,502.0426044148891,1
11.433333333333334,3.7599207462981794,6.582320544914443,502.0426092227036,1
11.45,3.759916174805183,6.582320670688944,502.0426139355604,1
11.466666666666667,3.7599116938606474,6.582320794212115,502.04261855533827,1
11.483333333333333,3.7599073016684605,6.582320915524325,502.0426230838788,1
11.5,3.759902996468182,6.5823210346652505,502.042627522987,1
11.516666666666667,3.7598987765343383,6.58232115167384,502.0426318744321,1
11.533333333333333,3.7598946401757223,6.582321266588397,502.0426361399484,1
11.55,3.7598905857347162,6.582321379446445,502.0426403212356,1
11.566666666666666,3.7598866115866203,6.58232149028493,502.0426444199599,1
11.583333333333334,3.759882716139003,6.582321599140024,502.04264843775445,1
11.6,3.759878897831055,6.58232170604733,502.04265237622025,1
11.616666666666667,3.7598751551329617,6.582321811041812,502.04265623692635,1
11.633333333333333,3.759871486545287,6.582321914157727,502.04266002141054,1
11.65,3.7598678905983722,6.582322015428808,502.0426637311803,1
11.666666666666666,3.7598643658517386,6.582322114888131,502.04266736771365,1
11.683333333333334,3.7598609108935115,6.582322212568203,502.0426709324587,1
11.7,3.7598575243398513,6.582322308500922,502.0426744268354,1
11.716666666666667,3.7598542048343933,6.582322402717651,502.0426778522349,1
11.733333333333333,3.7598509510477056,6.582322495249075,502.0426812100215,1
11.75,3.75984776167675,6.582322586125503,502.0426845015322,1
11.766666666666667,3.759844635444358,6.582322675376596,502.04268772807757,1
11.783333333333333,3.75984157109872,6.582322763031451,502.04269089094214,1
11.8,3.759838567412878,6.582322849118711,502.0426939913849,1
11.816666666666666,3.759835623184231,6.58232293366645,502.04269703064017,1
11.833333333333334,3.7598327372340545,6.5823230167023015,502.04270000991767,1
11.85,3.7598299084070215,6.582323098253341,502.0427029304032,1
11.866666666666667,3.7598271355707413,6.5823231783462,502.0427057932591,1
11.883333333333333,3.759824417615299,6.582323257007018,502.0427085996245,1
11.9,3.7598217534528158,6.582323334261449,502.0427113506163,1
11.916666666666666,3.7598191420170046,6.582323410134722,502.0427140473289,1
11.933333333333334,3.759816582262743,6.582323484651556,502.04271669083556,1
11.95,3.759814073165654,6.582323557836256,502.0427192821878,1
11.966666666666667,3.759811613721692,6.582323629712728,502.0427218224164,1
11.983333333333333,3.75980920294674,6.582323700304362,502.04272431253185,1
12.0,3.7598068398762132,6.582323769634209,502.0427267535248,1
12.016666666666667,3.75980452356467,6.582323837724867,502.04272914636607,1
12.033333333333333,3.7598022530854323,6.582323904598575,502.0427314920071,1
12.05,3.7598000275302144,6.582323970277046,502.0427337913808,1
12.066666666666666,3.759797846008752,6.582324034781825,502.0427360454015,1
12.083333333333334,3.7597957076484523,6.582324098133811,502.04273825496534,1
12.1,3.759793611594036,6.5823241603536635,502.04274042095074,1
12.116666666666667,3.759791557007195,6.582324221461751,502.0427425442193,1
12.133333333333333,3.7597895430662573,6.582324281477914,502.0427446256146,1
12.15,3.759787568965856,6.582324340421731,502.0427466659638,1
12.166666666666666,3.759785633916603,6.582324398312401,502.04274866607847,1
12.183333333333334,3.7597837371447733,6.5823244551688,502.0427506267531,1
12.2,3.7597818778919927,6.582324511009401,502.04275254876694,1
12.216666666666667,3.7597800554149363,6.582324565852425,502.04275443288407,1
12.233333333333333,3.7597782689850257,6.582324619715732,502.0427562798527,1
12.25,3.759776517888136,6.582324672616874,502.042758090407,1
12.266666666666667,3.7597748014243124,6.582324724573056,502.042759865266,1
12.283333333333333,3.759773118907484,6.582324775601208,502.0427616051352,1
12.3,3.7597714696651905,6.582324825717929,502.0427633107053,1
12.316666666666666,3.7597698530383123,6.582324874939552,502.042764982654,1
12.333333333333334,3.7597682683808062,6.582324923282083,502.0427666216453,1
12.35,3.7597667150594427,6.5823249707613085,502.0427682283299,1
12.366666666666667,3.759765192453552,6.582325017392571,502.0427698033462,1
12.383333333333333,3.7597636999547785,6.582325063191146,502.0427713473192,1
12.4,3.759762236966832,6.5823251081719105,502.0427728608624,1
12.416666666666666,3.75976080290525,6.582325152349487,502.0427743445767,1
12.433333333333334,3.7597593971971595,6.58232519573825,502.0427757990508,1
12.45,3.759758019281052,6.582325238352328,502.0427772248621,1
12.466666666666667,3.759756668606556,6.5823252802055965,502.04277862257675,1
12.483333333333333,3.7597553446342142,6.582325321311614,502.0427799927495,1
12.5,3.759754046835268,6.582325361683799,502.0427813359241,1
12.516666666666667,3.759752774691444,6.582325401335279,502.0427826526334,1
12.533333333333333,3.759751527694748,6.582325440278903,502.04278394339997,1
12.55,3.759750305347259,6.582325478527384,502.0427852087359,1
12.566666666666666,3.7597491071609284,6.58232551609315,502.0427864491435,1
12.583333333333334,3.7597479326573864,6.582325552988371,502.0427876651146,1
12.6,3.7597467813677494,6.582325589225085,502.0427888571317,1
12.616666666666667,3.75974565283243,6.582325624815065,502.04279002566756,1
12.633333333333333,3.7597445466009534,6.582325659769867,502.0427911711857,1
12.65,3.7597434622317762,6.582325694100848,502.0427922941404,1
12.666666666666666,3.7597423992921093,6.582325727819186,502.0427933949769,1
12.683333333333334,3.7597413573577447,6.582325760935807,502.04279447413194,1
12.7,3.759740336012884,6.582325793461482,502.04279553203315,1
12.716666666666667,3.759739334849973,6.582325825406798,502.04279656910023,1
12.733333333333333,3.7597383534695346,6.582325856782091,502.0427975857442,1
12.75,3.759737391480013,6.582325887597597,502.0427985823681,1
12.766666666666667,3.7597364484976152,6.5823259178632805,502.0427995593669,1
12.783333333333333,3.759735524146153,6.582325947589015,502.0428005171278,1
12.8,3.759734618056897,6.582325976784457,502.04280145603065,1
12.816666666666666,3.7597337298684277,6.582326005459068,502.0428023764472,1
12.833333333333334,3.759732859226486,6.582326033622119,502.0428032787424,1
12.85,3.7597320057838375,6.5823260612828145,502.0428041632735,1
12.866666666666667,3.759731169200128,6.582326088450099,502.0428050303911,1
12.883333333333333,3.7597303491417513,6.582326115132789,502.04280588043883,1
12.9,3.759729545281711,6.582326141339583,502.04280671375324,1
12.916666666666666,3.759728757299491,6.582326167078938,502.04280753066445,1
12.933333333333334,3.7597279848809295,6.582326192359253,502.0428083314962,1
12.95,3.759727227718087,6.5823262171887125,502.0428091165654,1
12.966666666666667,3.7597264855091286,6.582326241575385,502.0428098861831,1
12.983333333333333,3.7597257579581997,6.582326265527167,502.0428106406539,1
13.0,3.7597250447753097,6.582326289051809,502.04281138027676,1
13.016666666666667,3.7597243456762115,6.582326312157002,502.0428121053443,1
13.033333333333333,3.7597236603822934,6.582326334850164,502.04281281614374,1
13.05,3.7597229886204624,6.582326357138713,502.04281351295623,1
13.066666666666666,3.7597223301230365,6.582326379029853,502.0428141960576,1
13.083333333333334,3.759721684627636,6.582326400530695,502.0428148657181,1
13.1,3.7597210518770807,6.582326421648249,502.0428155222032,1
13.116666666666667,3.759720431619287,6.582326442389291,502.0428161657722,1
13.133333333333333,3.759719823607163,6.582326462760571,502.0428167966801,1
13.15,3.759719227598513,6.582326482768711,502.04281741517633,1
13.166666666666666,3.759718643355938,6.58232650242019,502.0428180215055,1
13.183333333333334,3.759718070646743,6.582326521721382,502.0428186159077,1
13.2,3.7597175092428423,6.582326540678523,502.0428191986179,1
13.216666666666667,3.7597169589206665,6.582326559297804,502.04281976986675,1
13.233333333333333,3.759716419461077,6.582326577585181,502.0428203298799,1
13.25,3.7597158906492743,6.582326595546626,502.04282087887896,1
13.266666666666667,3.7597153722747123,6.582326613187979,502.04282141708114,1
13.283333333333333,3.759714864131017,6.5823266305149595,502.04282194469886,1
13.3,3.7597143660159005,6.5823266475331375,502.0428224619411,1
13.316666666666666,3.759713877731082,6.582326664248049,502.04282296901215,1
13.333333333333334,3.759713399082206,6.582326680665116,502.0428234661124,1
13.35,3.759712929878768,6.582326696789598,502.04282395343847,1
13.366666666666667,3.7597124699340343,6.582326712626817,502.04282443118296,1
13.383333333333333,3.7597120190649687,6.582326728181815,502.04282489953465,1
13.4,3.7597115770921605,6.58232674345967,502.0428253586785,1
13.416666666666666,3.7597111438397515,6.582326758465331,502.042825808796,1
13.433333333333334,3.759710719135366,6.582326773203637,502.04282625006505,1
13.45,3.7597103028100394,6.582326787679395,502.04282668266,1
13.466666666666667,3.7597098946981546,6.582326801897271,502.04282710675164,1
13.483333333333333,3.759709494637372,6.582326815861849,502.0428275225074,1
13.5,3.759709102468567,6.5823268295776725,502.0428279300917,1
13.516666666666667,3.759708718035764,6.582326843049178,502.0428283296654,1
13.533333333333333,3.759708341186078,6.582326856280701,502.0428287213863,1
13.55,3.7597079717696467,6.582326869276574,502.042829105409,1
13.566666666666666,3.759707609639577,6.5823268820409595,502.0428294818852,1
13.583333333333334,3.7597072546518837,6.582326894578031,502.04282985096347,1
13.6,3.7597069066654307,6.5823269068917805,502.0428302127895,1
13.616666666666667,3.7597065655418755,6.582326918986246,502.0428305675062,1
13.633333333333333,3.7597062311456146,6.582326930865339,502.0428309152535,1
13.65,3.759705903343727,6.582326942532896,502.04283125616865,1
13.666666666666666,3.7597055820059238,6.582326953992619,502.0428315903863,1
13.683333333333334,3.759705267004495,6.582326965248322,502.04283191803813,1
13.7,3.7597049582142557,6.582326976303599,502.0428322392535,1
13.716666666666667,3.7597046555125027,6.582326987162008,502.04283255415913,1
13.733333333333333,3.759704358778957,6.582326997827076,502.04283286287944,1
13.75,3.7597040678957225,6.582327008302277,502.0428331655359,1
13.766666666666667,3.7597037827472346,6.582327018590943,502.042833462248,1
13.783333333333333,3.759703503220215,6.582327028696493,502.04283375313275,1
13.8,3.7597032292036277,6.582327038622094,502.0428340383049,1
13.816666666666666,3.7597029605886334,6.582327048370986,502.04283431787667,1
13.833333333333334,3.7597026972685477,6.582327057946319,502.0428345919585,1
13.85,3.759702439138795,6.582327067351214,502.04283486065873,1
13.866666666666667,3.7597021860968693,6.582327076588737,502.0428351240828,1
13.883333333333333,3.759701938042294,6.582327085661767,502.04283538233454,1
13.9,3.7597016948765773,6.582327094573323,502.042835635516,1
13.916666666666666,3.759701456503179,6.582327103326258,502.042835883727,1
13.933333333333334,3.7597012228274655,6.582327111923419,502.04283612706513,1
13.95,3.7597009937566797,6.582327120367524,502.0428363656264,1
13.966666666666667,3.759700769199894,6.582327128661385,502.04283659950465,1
13.983333333333333,3.7597005490679836,6.582327136807636,502.04283682879225,1
14.0,3.7597003332735834,6.582327144808915,502.0428370535793,1
14.016666666666667,3.7597001217310577,6.582327152667789,502.0428372739545,1
14.033333333333333,3.759699914356466,6.582327160386813,502.0428374900047,1
14.05,3.7596997110675257,6.582327167968484,502.0428377018147,1
14.066666666666666,3.759699511783582,6.582327175415274,502.0428379094681,1
14.083333333333334,3.7596993164255754,6.582327182729531,502.0428381130466,1
14.1,3.7596991249160108,6.58232718991365,502.0428383126305,1
14.116666666666667,3.759698937178924,6.582327196969944,502.04283850829836,1
14.133333333333333,3.759698753139854,6.582327203900694,502.0428387001269,1
14.15,3.7596985727258114,6.582327210708117,502.0428388881919,1
14.166666666666666,3.7596983958652506,6.582327217394458,502.0428390725672,1
14.183333333333334,3.75969822248804,6.582327223961809,502.0428392533255,1
14.2,3.7596980525254358,6.5823272304123615,502.04283943053787,1
14.216666666666667,3.7596978859100525,6.582327236748183,502.0428396042741,1
14.233333333333333,3.7596977225758366,6.5823272429712505,502.0428397746024,1
14.25,3.759697562458041,6.582327249083668,502.04283994159005,1
14.266666666666667,3.759697405493198,6.58232725508734,502.04284010530256,1
14.283333333333333,3.7596972516190954,6.58232726098425,502.0428402658043,1
14.3,3.759697100774751,6.582327266776217,502.0428404231583,1
14.316666666666666,3.759696952900387,6.582327272465193,502.04284057742666,1
14.333333333333334,3.7596968079374076,6.582327278052991,502.04284072866966,1
14.35,3.759696665828375,6.582327283541417,502.0428408769473,1
14.366666666666667,3.7596965265169877,6.5823272889322375,502.0428410223174,1
14.383333333333333,3.759696389948056,6.582327294227169,502.04284116483745,1
14.4,3.759696256067481,6.582327299427923,502.0428413045631,1
14.416666666666666,3.7596961248222325,6.582327304536222,502.0428414415496,1
14.433333333333334,3.75969599616033,6.582327309553683,502.0428415758507,1
14.45,3.7596958700308183,6.582327314481921,502.042841707519,1
14.466666666666667,3.7596957463837493,6.582327319322544,502.0428418366065,1
14.483333333333333,3.7596956251701643,6.582327324077064,502.0428419631637,1
14.5,3.7596955063420703,6.582327328747071,502.0428420872404,1
14.516666666666667,3.759695389852421,6.582327333334024,502.0428422088853,1
14.533333333333333,3.7596952756551016,6.582327337839477,502.0428423281463,1
14.55,3.75969516370491,6.582327342264774,502.04284244507016,1
14.566666666666666,3.7596950539575333,6.582327346611425,502.04284255970276,1
14.583333333333334,3.7596949463695375,6.582327350880756,502.0428426720891,1
14.6,3.7596948408983435,6.582327355074251,502.0428427822734,1
14.616666666666667,3.7596947375022167,6.582327359193117,502.04284289029874,1
14.633333333333333,3.759694636140244,6.5823273632388375,502.0428429962076,1
14.65,3.7596945367723227,6.58232736721266,502.04284310004175,1
14.666666666666666,3.759694439359141,6.582327371115787,502.04284320184166,1
14.683333333333334,3.7596943438621646,6.582327374949532,502.0428433016475,1
14.7,3.7596942502436197,6.582327378715172,502.0428433994982,1
14.716666666666667,3.7596941584664774,6.5823273824139115,502.04284349543235,1
14.733333333333333,3.759694068494441,6.582327386046874,502.0428435894876,1
14.75,3.759693980291932,6.582327389615275,502.04284368170073,1
14.766666666666667,3.7596938938240734,6.582327393120229,502.04284377210774,1
14.783333333333333,3.7596938090566763,6.582327396562902,502.04284386074437,1
14.8,3.7596937259562284,6.582327399944424,502.04284394764545,1
14.816666666666666,3.7596936444898774,6.582327403265846,502.0428440328446,1
14.833333333333334,3.7596935646254215,6.582327406528261,502.04284411637565,1
14.85,3.759693486331294,6.582327409732685,502.04284419827127,1
14.866666666666667,3.759693409576551,6.582327412880146,502.0428442785635,1
14.883333333333333,3.7596933343308594,6.58232741597171,502.04284435728385,1
14.9,3.7596932605644877,6.582327419008331,502.0428444344631,1
14.916666666666666,3.7596931882482876,6.5823274219909855,502.0428445101316,1
14.933333333333334,3.7596931173536876,6.5823274249206865,502.0428445843189,1
14.95,3.759693047852681,6.582327427798313,502.04284465705416,1
14.966666666666667,3.7596929797178125,6.582327430624798,502.0428447283656,1
14.983333333333333,3.7596929129221706,6.582327433401087,502.04284479828164,1
15.0,3.7596928474695135,6.5823274361280495,502.0428448667077,1
15.016666666666667,3.7596927833027003,6.5823274388022135,502.0428449338167,1
15.033333333333333,3.759692720396461,6.582327441428931,502.04284499963126,1
15.05,3.759692658725975,6.582327444009653,502.0428450641723,1
15.066666666666666,3.7596925982669047,6.582327446545194,502.04284512746125,1
15.083333333333334,3.7596925389953935,6.582327449036221,502.0428451895196,1
15.1,3.7596924808880554,6.582327451483454,502.04284525036945,1
15.116666666666667,3.759692423921968,6.582327453887595,502.0428453100334,1
15.133333333333333,3.759692368074663,6.582327456249313,502.0428453685335,1
15.15,3.759692313324114,6.582327458569334,502.0428454258917,1
15.166666666666666,3.7596922596487308,6.5823274608482825,502.04284548212996,1
15.183333333333334,3.75969220702735,6.582327463086915,502.0428455372697,1
15.2,3.7596921554392266,6.582327465285868,502.04284559133237,1
15.216666666666667,3.759692104864023,6.582327467445881,502.0428456443386,1
15.233333333333333,3.759692055281805,6.582327469567598,502.0428456963092,1
15.25,3.7596920066730313,6.582327471651733,502.0428457472643,1
15.266666666666667,3.7596919590185442,6.582327473698865,502.04284579722366,1
15.283333333333333,3.759691912299567,6.582327475709671,502.0428458462067,1
15.3,3.759691866497691,6.582327477684827,502.0428458942325,1
15.316666666666666,3.759691821594872,6.582327479624929,502.04284594131997,1
15.333333333333334,3.7596917775734204,6.58232748153064,502.0428459874875,1
15.35,3.7596917344159957,6.582327483402504,502.04284603275283,1
15.366666666666667,3.7596916921056005,6.582327485241115,502.0428460771337,1
15.383333333333333,3.759691650625572,6.582327487047128,502.04284612064754,1
15.4,3.7596916099595745,6.5823274888210905,502.0428461633112,1
15.416666666666666,3.7596915700915967,6.582327490563554,502.0428462051414,1
15.433333333333334,3.759691531005941,6.582327492275135,502.04284624615457,1
15.45,3.7596914926872196,6.582327493956284,502.0428462863664,1
15.466666666666667,3.7596914551203486,6.582327495607615,502.042846325793,1
15.483333333333333,3.7596914182905405,6.582327497229662,502.0428463644494,1
15.5,3.759691382183301,6.582327498822912,502.04284640235085,1
15.516666666666667,3.7596913467844195,6.582327500387858,502.042846439512,1
15.533333333333333,3.7596913120799673,6.58232750192508,502.04284647594756,1
15.55,3.7596912780562883,6.582327503434979,502.04284651167177,1
15.566666666666666,3.7596912446999973,6.582327504918076,502.0428465466982,1
15.583333333333334,3.7596912119979717,6.58232750637488,502.0428465810407,1
15.6,3.759691179937348,6.582327507805825,502.04284661471263,1
15.616666666666667,3.7596911485055164,6.582327509211374,502.04284664772746,1
15.633333333333333,3.759691117690114,6.582327510592014,502.04284668009757,1
15.65,3.759691087479023,6.582327511948132,502.04284671183586,1
15.666666666666666,3.759691057860364,6.582327513280167,502.0428467429545,1
15.683333333333334,3.7596910288224916,6.5823275145885844,502.0428467734659,1
15.7,3.7596910003539903,6.582327515873772,502.04284680338174,1
15.716666666666667,3.7596909724436687,6.582327517136187,502.0428468327136,1
15.733333333333333,3.7596909450805556,6.582327518376147,502.04284686147315,1
15.75,3.7596909182538973,6.582327519594152,502.04284688967135,1
15.766666666666667,3.759690891953151,6.582327520790545,502.04284691731937,1
15.783333333333333,3.759690866167981,6.5823275219657384,502.04284694442805,1
15.8,3.7596908408882554,6.582327523120054,502.04284697100763,1
15.816666666666666,3.759690816104043,6.582327524253891,502.0428469970688,1
15.833333333333334,3.7596907918056073,6.582327525367611,502.04284702262146,1
15.85,3.759690767983404,6.582327526461568,502.04284704767554,1
15.866666666666667,3.7596907446280756,6.582327527536109,502.042847072241,1
15.883333333333333,3.759690721730451,6.582327528591584,502.0428470963273,1
15.9,3.7596906992815367,6.582327529628361,502.04284711994376,1
15.916666666666666,3.7596906772725194,6.582327530646747,502.04284714309955,1
15.933333333333334,3.7596906556947567,6.582327531647091,502.04284716580383,1
15.95,3.7596906345397776,6.582327532629643,502.04284718806537,1
15.966666666666667,3.7596906137992785,6.5823275335948,502.04284720989267,1
15.983333333333333,3.759690593465118,6.5823275345428245,502.04284723129456,1
16.0,3.7596905735293142,6.582327535473997,502.0428472522789,1
16.016666666666666,3.7596905539840475,6.582327536388706,502.0428472728543,1
16.033333333333335,3.7596905348216447,6.582327537287173,502.0428472930285,1
16.05,3.7596905160345893,6.582327538169693,502.04284731280944,1
16.066666666666666,3.75969049761551,6.582327539036569,502.0428473322047,1
16.083333333333332,3.759690479557181,6.582327539888074,502.04284735122195,1
16.1,3.7596904618525193,6.582327540724463,502.04284736986847,1
16.116666666666667,3.7596904444945816,6.5823275415460545,502.04284738815153,1
16.133333333333333,3.75969042747656,6.582327542353026,502.0428474060784,1
16.15,3.759690410791781,6.582327543145727,502.0428474236559,1
16.166666666666668,3.759690394433702,6.582327543924382,502.0428474408908,1
16.183333333333334,3.759690378395912,6.582327544689233,502.04284745778983,1
16.2,3.7596903626721216,6.582327545440467,502.0428474743596,1
16.216666666666665,3.759690347256169,6.582327546178419,502.04284749060656,1
16.233333333333334,3.7596903321420116,6.582327546903267,502.04284750653693,1
16.25,3.759690317323727,6.582327547615279,502.042847522157,1
16.266666666666666,3.7596903027955064,6.582327548314683,502.0428475374729,1
16.283333333333335,3.759690288551659,6.582327549001698,502.0428475524903,1
16.3,3.7596902745866037,6.58232754967648,502.0428475672154,1
16.316666666666666,3.7596902608948697,6.582327550339297,502.0428475816535,1
16.333333333333332,3.7596902474710943,6.5823275509903985,502.04284759581054,1
16.35,3.75969023431002,6.582327551629951,502.04284760969176,1
16.366666666666667,3.759690221406492,6.582327552258131,502.04284762330275,1
16.383333333333333,3.7596902087554573,6.582327552875195,502.0428476366485,1
16.4,3.759690196351963,6.582327553481363,502.0428476497347,1
16.416666666666668,3.759690184191152,6.582327554076724,502.04284766256615,1
16.433333333333334,3.759690172268265,6.582327554661567,502.0428476751475,1
16.45,3.7596901605786335,6.582327555236038,502.0428476874841,1
16.466666666666665,3.7596901491176835,6.582327555800322,502.04284769958065,1
16.483333333333334,3.7596901378809293,6.582327556354592,502.0428477114416,1
16.5,3.7596901268639735,6.582327556899069,502.04284772307165,1
16.516666666666666,3.759690116062505,6.582327557433858,502.0428477344754,1
16.533333333333335,3.7596901054722993,6.582327557959195,502.0428477456571,1
16.55,3.759690095089213,6.58232755847521,502.0428477566214,1
16.566666666666666,3.759690084909184,6.582327558982098,502.04284776737217,1
16.583333333333332,3.759690074928231,6.582327559479978,502.04284777791383,1
16.6,3.759690065142452,6.582327559969037,502.04284778825036,1
16.616666666666667,3.7596900555480186,6.582327560449427,502.0428477983857,1
16.633333333333333,3.7596900461411806,6.582327560921321,502.042847808324,1
16.65,3.7596900369182595,6.582327561384836,502.0428478180688,1
16.666666666666668,3.75969002787565,6.582327561840124,502.0428478276242,1
16.683333333333334,3.7596900190098186,6.58232756228736,502.0428478369937,1
16.7,3.7596900103172994,6.582327562726682,502.04284784618113,1
16.716666666666665,3.7596900017946955,6.582327563158195,502.04284785518973,1
16.733333333333334,3.7596899934386765,6.582327563582085,502.0428478640231,1
16.75,3.7596899852459775,6.582327563998452,502.0428478726847,1
16.766666666666666,3.7596899772133976,6.5823275644074455,502.0428478811778,1
16.783333333333335,3.7596899693378,6.582327564809192,502.0428478895058,1
16.8,3.7596899616161084,6.582327565203764,502.0428478976717,1
16.816666666666666,3.759689954045307,6.582327565591417,502.0428479056791,1
16.833333333333332,3.759689946622438,6.582327565972205,502.0428479135308,1
16.85,3.7596899393446037,6.582327566346228,502.0428479212298,1
16.866666666666667,3.759689932208963,6.582327566713637,502.04284792877905,1
16.883333333333333,3.75968992521273,6.582327567074501,502.0428479361817,1
16.9,3.7596899183531742,6.582327567429017,502.04284794344045,1
16.916666666666668,3.7596899116276177,6.582327567777223,502.0428479505581,1
16.933333333333334,3.7596899050334356,6.582327568119239,502.0428479575374,1
16.95,3.7596898985680545,6.582327568455257,502.04284796438117,1
16.966666666666665,3.7596898922289523,6.582327568785281,502.0428479710919,1
16.983333333333334,3.759689886013656,6.582327569109423,502.0428479776723,1
17.0,3.759689879919741,6.582327569427873,502.0428479841247,1
17.016666666666666,3.75968987394483,6.582327569740629,502.0428479904517,1
17.033333333333335,3.759689868086593,6.582327570047912,502.042847996656,1
17.05,3.7596898623427446,6.582327570349738,502.0428480027398,1
17.066666666666666,3.759689856711045,6.5823275706462,502.04284800870533,1
17.083333333333332,3.7596898511892998,6.58232757093744,502.04284801455503,1
17.1,3.759689845775355,6.582327571223485,502.0428480202911,1
17.116666666666667,3.7596898404671,6.582327571504474,502.0428480259158,1
17.133333333333333,3.7596898352624675,6.5823275717805,502.0428480314313,1
17.15,3.7596898301594277,6.582327572051662,502.04284803683964,1
17.166666666666668,3.759689825155992,6.582327572317976,502.0428480421431,1
17.183333333333334,3.759689820250211,6.582327572579574,502.04284804734334,1
17.2,3.7596898154401748,6.582327572836565,502.0428480524428,1
17.216666666666665,3.7596898107240073,6.5823275730889845,502.0428480574433,1
17.233333333333334,3.759689806099873,6.582327573336918,502.04284806234665,1
17.25,3.7596898015659694,6.5823275735804625,502.0428480671548,1
17.266666666666666,3.759689797120534,6.582327573819732,502.04284807186974,1
17.283333333333335,3.7596897927618325,6.5823275740547516,502.04284807649316,1
17.3,3.7596897884881693,6.5823275742856096,502.0428480810267,1
17.316666666666666,3.7596897842978807,6.582327574512377,502.0428480854724,1
17.333333333333332,3.7596897801893348,6.582327574735119,502.0428480898318,1
17.35,3.7596897761609327,6.5823275749539265,502.0428480941066,1
17.366666666666667,3.759689772211107,6.58232757516889,502.04284809829846,1
17.383333333333333,3.75968976833832,6.582327575379984,502.04284810240887,1
17.4,3.759689764541066,6.582327575587355,502.04284810643964,1
17.416666666666668,3.759689760817867,6.582327575791069,502.04284811039224,1
17.433333333333334,3.759689757167275,6.5823275759912,502.0428481142682,1
17.45,3.7596897535878693,6.582327576187742,502.042848118069,1
17.466666666666665,3.759689750078258,6.582327576380848,502.0428481217962,1
17.483333333333334,3.759689746637076,6.582327576570506,502.042848125451,1
17.5,3.7596897432629865,6.582327576756827,502.0428481290349,1
17.516666666666666,3.759689739954677,6.582327576939852,502.0428481325493,1
17.533333333333335,3.7596897367108606,6.582327577119596,502.04284813599565,1
17.55,3.7596897335302772,6.582327577296195,502.04284813937494,1
17.566666666666666,3.7596897304116905,6.582327577469641,502.04284814268885,1
17.583333333333332,3.759689727353889,6.5823275776400445,502.0428481459386,1
17.6,3.759689724355684,6.58232757780741,502.04284814912523,1
17.616666666666667,3.75968972141591,6.5823275779718315,502.0428481522503,1
17.633333333333333,3.7596897185334264,6.582327578133326,502.04284815531463,1
17.65,3.7596897157071125,6.582327578291962,502.04284815831954,1
17.666666666666668,3.759689712935871,6.58232757844778,502.0428481612663,1
17.683333333333334,3.759689710218625,6.582327578600849,502.042848164156,1
17.7,3.7596897075543194,6.582327578751254,502.04284816698964,1
17.716666666666665,3.7596897049419202,6.582327578898946,502.0428481697683,1
17.733333333333334,3.7596897023804137,6.582327579044019,502.04284817249334,1
17.75,3.759689699868805,6.582327579186547,502.04284817516543,1
17.766666666666666,3.7596896974061185,6.582327579326552,502.0428481777858,1
17.783333333333335,3.7596896949914,6.58232757946405,502.0428481803552,1
17.8,3.7596896926237116,6.58232757959921,502.04284818287505,1
17.816666666666666,3.7596896903021335,6.582327579731897,502.04284818534603,1
17.833333333333332,3.759689688025767,6.582327579862231,502.0428481877691,1
17.85,3.7596896857937274,6.58232757999028,502.04284819014543,1
17.866666666666667,3.75968968360515,6.582327580116079,502.0428481924757,1
17.883333333333333,3.7596896814591854,6.5823275802396255,502.04284819476084,1
17.9,3.7596896793550014,6.582327580360995,502.0428481970016,1
17.916666666666668,3.7596896772917825,6.582327580480213,502.0428481991991,1
17.933333333333334,3.7596896752687297,6.582327580597312,502.04284820135416,1
17.95,3.7596896732850578,6.582327580712328,502.0428482034673,1
17.966666666666665,3.759689671339998,6.582327580825324,502.04284820553966,1
17.983333333333334,3.7596896694327966,6.582327580936327,502.0428482075718,1
18.0,3.7596896675627134,6.582327581045346,502.0428482095647,1
18.016666666666666,3.7596896657290255,6.582327581152457,502.042848211519,1
18.033333333333335,3.7596896639310216,6.582327581257682,502.0428482134355,1
18.05,3.7596896621680047,6.582327581361037,502.04284821531496,1
18.066666666666666,3.759689660439293,6.582327581462557,502.04284821715794,1
18.083333333333332,3.759689658744216,6.582327581562283,502.0428482189653,1
18.1,3.759689657082118,6.582327581660247,502.04284822073765,1
18.116666666666667,3.7596896554523553,6.582327581756474,502.0428482224758,1
18.133333333333333,3.7596896538542968,6.58232758185102,502.0428482241803,1
18.15,3.759689652287324,6.58232758185102,502.0428482257591,1
18.166666666666668,3.7596896507518567,6.58232758185102,502.04284822730295,1
18.183333333333334,3.7596896492472607,6.58232758185102,502.0428482288136,1
18.2,3.759689647772916,6.58232758185102,502.04284823029235,1
18.216666666666665,3.7596896463282143,6.58232758185102,502.04284823174015,1
18.233333333333334,3.75968964491256,6.58232758185102,502.04284823315805,1
18.25,3.7596896435253684,6.58232758185102,502.0428482345469,1
18.266666666666666,3.7596896421660677,6.58232758185102,502.0428482359074,1
18.283333333333335,3.7596896408340967,6.58232758185102,502.0428482372402,1
18.3,3.7596896395289066,6.58232758185102,502.04284823854607,1
18.316666666666666,3.759689638249958,6.58232758185102,502.0428482398255,1
18.333333333333332,3.759689636996724,6.58232758185102,502.042848241079,1
18.35,3.7596896357686873,6.58232758185102,502.0428482423074,1
18.366666666666667,3.7596896345653414,6.58232758185102,502.0428482435109,1
18.383333333333333,3.75968963338619,6.58232758185102,502.0428482446903,1
18.4,3.7596896322307463,6.58232758185102,502.0428482458459,1
18.416666666666668,3.7596896310985337,6.58232758185102,502.0428482469781,1
18.433333333333334,3.759689629989085,6.58232758185102,502.04284824808764,1
18.45,3.7596896289019432,6.58232758185102,502.0428482491749,1
18.466666666666665,3.759689627836659,6.58232758185102,502.0428482502401,1
18.483333333333334,3.7596896267927935,6.58232758185102,502.0428482512842,1
18.5,3.7596896257699157,6.58232758185102,502.04284825230707,1
18.516666666666666,3.7596896247676037,6.58232758185102,502.04284825330944,1
18.533333333333335,3.759689623785444,6.58232758185102,502.0428482542917,1
18.55,3.7596896228230317,6.58232758185102,502.0428482552541,1
18.566666666666666,3.7596896218799696,6.58232758185102,502.0428482561974,1
18.583333333333332,3.759689620955868,6.58232758185102,502.04284825712153,1
18.6,3.7596896200503465,6.58232758185102,502.04284825802716,1
18.616666666666667,3.759689619163032,6.58232758185102,502.04284825891443,1
18.633333333333333,3.7596896182935566,6.58232758185102,502.0428482597841,1
18.65,3.759689617441563,6.58232758185102,502.04284826063605,1
18.666666666666668,3.7596896166066998,6.58232758185102,502.04284826147097,1
18.683333333333334,3.759689615788622,6.58232758185102,502.04284826228917,1
18.7,3.7596896149869923,6.58232758185102,502.0428482630909,1
18.716666666666665,3.75968961420148,6.58232758185102,502.04284826387646,1
18.733333333333334,3.7596896134317617,6.58232758185102,502.0428482646463,1
18.75,3.759689612677519,6.58232758185102,502.04284826540055,1
18.766666666666666,3.7596896119384406,6.58232758185102,502.04284826613963,1
18.783333333333335,3.759689611214222,6.58232758185102,502.042848266864,1
18.8,3.7596896105045645,6.58232758185102,502.04284826757373,1
18.816666666666666,3.759689609809176,6.58232758185102,502.04284826826915,1
18.833333333333332,3.7596896091277685,6.58232758185102,502.04284826895076,1
18.85,3.7596896084600613,6.58232758185102,502.04284826961845,1
18.866666666666667,3.759689607805779,6.58232758185102,502.04284827027277,1
18.883333333333333,3.7596896071646513,6.58232758185102,502.04284827091396,1
18.9,3.7596896065364143,6.58232758185102,502.0428482715423,1
18.916666666666668,3.759689605920808,6.58232758185102,502.0428482721579,1
18.933333333333334,3.759689605317579,6.58232758185102,502.04284827276126,1
18.95,3.759689604726479,6.58232758185102,502.04284827335255,1
18.966666666666665,3.7596896041472636,6.58232758185102,502.0428482739317,1
18.983333333333334,3.7596896035796936,6.58232758185102,502.0428482744994,1
19.0,3.7596896030235354,6.58232758185102,502.04284827505563,1
19.016666666666666,3.7596896024785593,6.58232758185102,502.04284827560076,1
19.033333333333335,3.75968960194454,6.58232758185102,502.04284827613475,1
19.05,3.7596896014212575,6.58232758185102,502.0428482766581,1
19.066666666666666,3.7596896009084966,6.58232758185102,502.04284827717095,1
19.083333333333332,3.7596896004060447,6.58232758185102,502.04284827767356,1
19.1,3.7596895999136954,6.58232758185102,502.04284827816593,1
19.116666666666667,3.7596895994312454,6.58232758185102,502.0428482786484,1
19.133333333333333,3.759689598958495,6.58232758185102,502.04284827912136,1
19.15,3.7596895984952505,6.58232758185102,502.0428482795847,1
19.166666666666668,3.7596895980413194,6.58232758185102,502.04284828003864,1
19.183333333333334,3.7596895975965143,6.58232758185102,502.0428482804835,1
19.2,3.759689597160653,6.58232758185102,502.0428482809194,1
19.216666666666665,3.7596895967335553,6.58232758185102,502.0428482813466,1
19.233333333333334,3.7596895963150443,6.58232758185102,502.04284828176515,1
19.25,3.7596895959049483,6.58232758185102,502.0428482821754,1
19.266666666666666,3.759689595503097,6.58232758185102,502.04284828257727,1
19.283333333333335,3.7596895951093257,6.58232758185102,502.0428482829711,1
19.3,3.759689594723471,6.58232758185102,502.0428482833571,1
19.316666666666666,3.759689594345375,6.58232758185102,502.0428482837352,1
19.333333333333332,3.7596895939748807,6.58232758185102,502.04284828410584,1
19.35,3.759689593611835,6.58232758185102,502.0428482844689,1
19.366666666666667,3.759689593256089,6.58232758185102,502.0428482848247,1
19.383333333333333,3.7596895929074954,6.58232758185102,502.0428482851734,1
19.4,3.7596895925659104,6.58232758185102,502.04284828551505,1
19.416666666666668,3.7596895922311933,6.58232758185102,502.0428482858499,1
19.433333333333334,3.7596895919032063,6.58232758185102,502.04284828617784,1
19.45,3.7596895915818136,6.58232758185102,502.04284828649935,1
19.466666666666665,3.759689591266883,6.58232758185102,502.0428482868143,1
19.483333333333334,3.759689590958284,6.58232758185102,502.0428482871231,1
19.5,3.7596895906558903,6.58232758185102,502.0428482874255,1
19.516666666666666,3.759689590359576,6.58232758185102,502.04284828772194,1
19.533333333333335,3.759689590069219,6.58232758185102,502.0428482880123,1
19.55,3.7596895897847005,6.58232758185102,502.0428482882968,1
19.566666666666666,3.759689589505902,6.58232758185102,502.0428482885757,1
19.583333333333332,3.759689589232709,6.58232758185102,502.04284828884903,1
19.6,3.759689588965009,6.58232758185102,502.0428482891168,1
19.616666666666667,3.7596895887026913,6.58232758185102,502.04284828937915,1
19.633333333333333,3.7596895884456476,6.58232758185102,502.0428482896363,1
19.65,3.7596895881937726,6.58232758185102,502.0428482898882,1
19.666666666666668,3.759689587946961,6.58232758185102,502.0428482901351,1
19.683333333333334,3.759689587705112,6.58232758185102,502.04284829037704,1
19.7,3.759689587468126,6.58232758185102,502.0428482906141,1
19.716666666666665,3.7596895872359046,6.58232758185102,502.04284829084645,1
19.733333333333334,3.759689587008352,6.58232758185102,502.04284829107405,1
19.75,3.759689586785375,6.58232758185102,502.0428482912971,1
19.766666666666666,3.7596895865668807,6.58232758185102,502.04284829151567,1
19.783333333333335,3.7596895863527795,6.58232758185102,502.04284829172985,1
19.8,3.759689586142983,6.58232758185102,502.04284829193966,1
19.816666666666666,3.7596895859374047,6.58232758185102,502.0428482921453,1
19.833333333333332,3.7596895857359596,6.58232758185102,502.0428482923469,1
19.85,3.7596895855385646,6.58232758185102,502.0428482925443,1
19.866666666666667,3.759689585345139,6.58232758185102,502.0428482927378,1
19.883333333333333,3.759689585155601,6.58232758185102,502.04284829292743,1
19.9,3.7596895849698746,6.58232758185102,502.0428482931132,1
19.916666666666668,3.759689584787883,6.58232758185102,502.04284829329526,1
19.933333333333334,3.759689584609549,6.58232758185102,502.0428482934737,1
19.95,3.7596895844348017,6.58232758185102,502.04284829364855,1
19.966666666666665,3.7596895842635676,6.58232758185102,502.04284829381976,1
19.983333333333334,3.7596895840957765,6.58232758185102,502.04284829398773,1
20.0,3.759689583931359,6.58232758185102,502.0428482941521,1
20.016666666666666,3.7596895837702475,6.58232758185102,502.04284829431333,1
20.033333333333335,3.7596895836123747,6.58232758185102,502.0428482944712,1
20.05,3.759689583457676,6.58232758185102,502.04284829462597,1
20.066666666666666,3.7596895833060877,6.58232758185102,502.0428482947776,1
20.083333333333332,3.759689583157547,6.58232758185102,502.0428482949263,1
20.1,3.7596895830119927,6.58232758185102,502.04284829507196,1
20.116666666666667,3.759689582869365,6.58232758185102,502.04284829521464,1
20.133333333333333,3.759689582729606,6.58232758185102,502.04284829535453,1
20.15,3.759689582592656,6.58232758185102,502.0428482954915,1
20.166666666666668,3.7596895824584595,6.58232758185102,502.04284829562573,1
20.183333333333334,3.759689582326962,6.58232758185102,502.04284829575727,1
20.2,3.759689582198108,6.58232758185102,502.0428482958862,1
20.216666666666665,3.759689582071845,6.58232758185102,502.04284829601266,1
20.233333333333334,3.75968958194812,6.58232758185102,502.0428482961363,1
20.25,3.759689581826883,6.58232758185102,502.04284829625766,1
20.266666666666666,3.759689581708083,6.58232758185102,502.0428482963766,1
20.283333333333335,3.7596895815916715,6.58232758185102,502.04284829649305,1
20.3,3.759689581477601,6.58232758185102,502.0428482966071,1
20.316666666666666,3.7596895813658238,6.58232758185102,502.04284829671883,1
20.333333333333332,3.7596895812562936,6.58232758185102,502.0428482968283,1
20.35,3.7596895811489657,6.58232758185102,502.0428482969357,1
20.366666666666667,3.759689581043796,6.58232758185102,502.04284829704085,1
20.383333333333333,3.759689580940741,6.58232758185102,502.04284829714385,1
20.4,3.759689580839758,6.58232758185102,502.04284829724486,1
20.416666666666668,3.759689580740805,6.58232758185102,502.0428482973438,1
20.433333333333334,3.7596895806438417,6.58232758185102,502.04284829744086,1
20.45,3.759689580548828,6.58232758185102,502.0428482975358,1
20.466666666666665,3.759689580455724,6.58232758185102,502.0428482976289,1
20.483333333333334,3.759689580364493,6.58232758185102,502.0428482977202,1
20.5,3.759689580275096,6.58232758185102,502.04284829780954,1
20.516666666666666,3.759689580187496,6.58232758185102,502.04284829789714,1
20.533333333333335,3.7596895801016577,6.58232758185102,502.04284829798297,1
20.55,3.759689580017545,6.58232758185102,502.042848298067,1
20.566666666666666,3.7596895799351233,6.58232758185102,502.04284829814935,1
20.583333333333332,3.759689579854359,6.58232758185102,502.0428482982302,1
20.6,3.7596895797752183,6.58232758185102,502.04284829830937,1
20.616666666666667,3.759689579697669,6.58232758185102,502.04284829838684,1
20.633333333333333,3.759689579621679,6.58232758185102,502.0428482984629,1
20.65,3.7596895795472167,6.58232758185102,502.0428482985373,1
20.666666666666668,3.7596895794742515,6.58232758185102,502.04284829861024,1
20.683333333333334,3.7596895794027536,6.58232758185102,502.04284829868175,1
20.7,3.759689579332693,6.58232758185102,502.0428482987518,1
20.716666666666665,3.759689579264041,6.58232758185102,502.0428482988204,1
20.733333333333334,3.759689579196769,6.58232758185102,502.0428482988877,1
20.75,3.7596895791308502,6.58232758185102,502.04284829895363,1
20.766666666666666,3.7596895790662566,6.58232758185102,502.04284829901826,1
20.783333333333335,3.7596895790029614,6.58232758185102,502.0428482990815,1
20.8,3.759689578940939,6.58232758185102,502.0428482991435,1
20.816666666666666,3.7596895788801636,6.58232758185102,502.0428482992043,1
20.833333333333332,3.75968957882061,6.58232758185102,502.0428482992638,1
20.85,3.7645988714944054,6.138719131059485,501.5791706986905,0
20.866666666666667,3.775836768952892,5.560989980438008,500.95819315721735,0
20.883333333333333,3.792892408162792,5.023542827801436,500.3586296573116,0
20.9,3.814851602165041,4.564684122906202,499.8236254069013,0
20.916666666666668,3.840886430871386,4.178294062290491,499.3507443812202,0
20.933333333333334,3.870336289922633,3.8504242480541424,498.92858775045556,0
20.95,3.9026867391750693,3.568632468420774,498.5464432771255,0
20.966666666666665,3.9375349381737994,3.323325533040979,498.19589854812926,0
20.983333333333334,3.9745609037305707,3.107328720789341,497.87059682665733,0
21.0,4.0135063819175745,2.9152601342453863,497.565732881095,0
21.016666666666666,4.05415973436193,2.7430270990980095,497.27762783228115,0
21.033333333333335,4.096345101210135,2.5874653184333,497.00341937166246,0
21.05,4.139914531880608,2.4460873837910904,496.7408439882785,0
21.066666666666666,4.184742174112277,2.3169073667710167,496.4880842308133,0
21.083333333333332,4.230719936350835,2.1983170825989418,496.2436602817883,0
21.1,4.277754154284612,2.0889974704667145,496.00635218685863,0
21.116666666666667,4.325763032614418,1.9878540973563954,495.77514285413633,0
21.133333333333333,4.374674636183729,1.8939694640232871,495.5491757532646,0
21.15,4.424425296569773,1.8065672012505176,495.32772302062153,0
21.166666666666668,4.474958333969226,1.724984810186079,495.11016107032043,0
21.183333333333334,4.526223021457123,1.6486526347148318,494.8959517011442,0
21.2,4.578173737784296,1.5770774441251003,494.68462728532324,0
21.216666666666665,4.630769268446502,1.5098294717852854,494.47577902941356,0
21.233333333333334,4.683972224537721,1.4465320767143923,494.269047576023,0
21.25,4.737748556041778,1.386853418750108,494.06411540970197,0
21.266666666666666,4.792067141496269,1.3304996961468432,493.8607006681605,0
21.283333333333335,4.846899439911326,1.2772096076200412,493.65855205893394,0
21.3,4.9022191938106126,1.2267497828722238,493.45744465355034,0
21.316666666666666,4.958002174541168,1.1789109857676032,493.25717638416296,0
21.333333333333332,5.014225962755416,1.133504938891793,493.05756510695267,0
21.35,5.070869758334854,1.0903616516112382,492.8584461261773,0
21.366666666666667,5.127914215095916,1.0493271589862774,492.6596700951694,0
21.383333333333333,5.185341296464957,1.0102615981533176,492.46110122777065,0
21.4,5.243134148982837,0.9730375636164658,492.2626157669494,0
21.416666666666668,5.30127699103946,0.9375386943933195,492.06410066768115,0
21.433333333333334,5.359755014674066,0.9036584549550305,491.86545245927283,0
21.45,5.418554298630386,0.8712990789856273,491.6665762587141,0
21.466666666666665,5.477661731144218,0.8403706506041017,491.46738491172977,0
21.483333333333334,5.53706494117762,0.8107903021768675,491.26779824228805,0
21.5,5.596752237009177,0.7824815114497347,491.0677423945966,0
21.516666666666666,5.656712551251571,0.7553734836371225,490.8671492542837,0
21.533333333333335,5.716935391502517,0.7294006064690385,490.66595593762264,0
21.55,5.777410795947759,0.7045019681252803,490.4641043394351,0
21.566666666666666,5.8381292933295645,0.6806209295693219,490.26154073176036,0
21.583333333333332,5.89908186677394,0.6577047440993455,490.0582154065917,0
21.6,5.9602599210374,0.6357042180148296,489.85408235697105,0
21.616666666666667,6.0216552527915175,0.6145734071961143,489.6490989915756,0
21.633333333333333,6.0832600236124446,0.5942693451453886,489.44322587862314,0
21.65,6.145066735384447,0.5747517986672348,489.2364265155088,0
21.666666666666668,6.207068207862402,0.55598304789683,489.02866712108346,0
21.683333333333334,6.26925755816918,0.53792768783172,488.8199164479,0
21.7,6.331628182030436,0.5205524489025856,488.6101456121097,0
21.716666666666665,6.394173736572523,0.5038260344412635,488.3993279389915,0
21.733333333333334,6.456888124529201,0.48771897317960966,488.1874388223621,0
21.75,6.519765479720354,0.47220348514863736,487.97445559632604,0
21.766666666666666,6.582800153681054,0.4572533595496253,487.7603574180271,0
21.783333333333335,6.645986703332698,0.44284384334299437,487.5451251602173,0
21.8,6.709319879599537,0.42895153945122694,487.3287413126077,0
21.816666666666666,6.772794616884245,0.4155543136020871,487.1111898910847,0
21.833333333333332,6.8364060233251,0.4026312089513153,486.89245635398623,0
21.85,6.90014937176539,0.39016236772217894,486.67252752472035,0
21.866666666666667,6.964020091372643,0.3781289591848203,486.45139152009597,0
21.883333333333333,7.02801375985154,0.36651311337316356,486.2290376838009,0
21.9,7.0921260961998565,0.3552978600026526,486.00545652453025,0
21.916666666666668,7.15635295396174,0.3444670721095728,485.7806396583173,0
21.933333333333334,7.220690314937005,0.33400541398328387,485.55457975467283,0
21.95,7.285134283308978,0.3238982930072633,485.32727048617744,0
21.966666666666665,7.349681080156997,0.31413181506421095,485.0987064812107,0
21.983333333333334,7.41432703832272,0.3046927431952492,484.868883279534,0
22.0,7.479068597602264,0.2955684592341523,484.63779729047417,0
22.016666666666666,7.543902300238661,0.2867469281649357,484.4054457534793,0
22.033333333333335,7.608824786691392,0.2782166649754621,484.1718267008434,0
22.05,7.6738327916618445,0.2699667038014883,483.9369389224168,0
22.066666666666666,7.738923140355294,0.2619865691749399,483.70078193213686,0
22.083333333333332,7.804092744961741,0.2542662492075132,483.4633559362312,0
22.1,7.8693386013394,0.246796170556233,483.2246618029602,0
22.116666666666667,7.934657785886021,0.2395671750314899,482.984701033778,0
22.133333333333333,8.000047452584425,0.23257049772059227,482.74347573580366,0
22.15,8.065504830209775,0.2257977465110574,482.50098859550496,0
22.166666666666668,8.131027219687136,0.21924088290803537,482.257242853507,0
22.183333333333334,8.196611991588757,0.21289220404934237,482.0122422804449,0
22.2,8.2622565837614,0.2067443258298184,481.76599115378923,0
22.216666666666665,8.327958499074786,0.200790167054209,481.5184942355792,0
22.233333333333334,8.393715303282898,0.195022934544453,481.2697567510044,0
22.25,8.459524622990637,0.1894361091334174,481.01978436778205,0
22.266666666666666,8.525384143718716,0.1840234324826509,480.7685831762809,0
22.283333333333335,8.591291608060448,0.17877889466674987,480.51615967034945,0
22.3,8.657244813924368,0.1736967224715309,480.26252072880715,0
22.316666666666666,8.723241612857214,0.16877136835737286,480.00767359756344,0
22.333333333333332,8.789279908442149,0.16399750004288102,479.7516258723323,0
22.35,8.855357654767495,0.15936999066751012,479.4943854819114,0
22.366666666666667,8.921472854961612,0.15488390949494532,479.2359606720006,0
22.383333333333333,8.987623559789846,0.15053451312192864,478.97635998953314,0
22.4,9.05380786630981,0.1463172371598892,478.71559226749883,0
22.416666666666668,9.120023916581486,0.142227688359141,478.45366661023735,0
22.433333333333334,9.186269896428925,0.1382616371476459,478.19059237918384,0
22.45,9.252544034250537,0.13441501055839658,477.92637917904887,0
22.466666666666665,9.318844599875156,0.13068388552132207,477.66103684441777,0
22.483333333333334,9.385169903461342,0.12706448249735686,477.39457542675376,0
22.5,9.451518294437419,0.12355315943390592,477.1270051817927,0
22.516666666666666,9.517888160480055,0.12014640602238312,476.8583365573156,0
22.533333333333335,9.584277926529328,0.11684083823985239,476.58858018128916,0
22.55,9.650686053838223,0.11363319315804438,476.31774685036123,0
22.566666666666666,9.717111039054853,0.11052032598328604,476.04584752068365,0
22.583333333333332,9.783551413322963,0.1074991977580268,475.7728932898823,0
22.6,9.850005741457823,0.10456688152967274,475.49889539619693,0
22.616666666666667,9.916472621090586,0.10172055185430522,475.2238652028768,0
22.633333333333333,9.982950681869651,0.09895748177996982,474.9478141892433,0
22.65,10.049438584683848,0.09627503908662671,474.6707539412291,0
22.666666666666668,10.115935020909104,0.09367068260397764,474.3926961421345,0
22.683333333333334,10.182438711677909,0.09114195868259405,474.11365256366344,0
22.7,10.248948407170644,0.08868649782088747,473.83363505724253,0
22.716666666666665,10.315462885927763,0.08630201144170085,473.55265554561765,0
22.733333333333334,10.381980954181987,0.08398628881118606,473.27072601472395,0
22.75,10.448501445209585,0.0817371940927103,472.9878585058218,0
22.766666666666666,10.515023218699953,0.0795526635288763,472.70406510789354,0
22.783333333333335,10.58154516014278,0.07743070274510705,472.4193579502962,0
22.8,10.64806618023197,0.07536938416864512,472.1337491956641,0
22.816666666666666,10.714585214285789,0.07336684455714931,471.8472510330567,0
22.833333333333332,10.781101221682482,0.07142128263144068,471.5598756713451,0
22.85,10.847613185310836,0.06953095680723995,471.27163533283476,0
22.866666666666667,10.914120111035105,0.06769418302105899,470.98254224711707,0
22.883333333333333,10.980621027173763,0.06590933264567646,470.6926086451454,0
22.9,11.04711498399158,0.06417483049088844,470.40184675353214,0
22.916666666666668,11.11360105320457,0.06248915288547487,470.11026878905994,0
22.933333333333334,11.180078327497348,0.06085082583653853,469.8178869534042,0
22.95,11.246545920052476,0.05925842326260357,469.5247134280611,0
22.966666666666665,11.313002964091384,0.05771056529704281,469.23076036947623,0
22.983333333333334,11.37944861242652,0.056205916658601425,468.9360399043716,0
23.0,11.445882037024344,0.054743185085953244,468.64056412526213,0
23.016666666666666,11.51230242857881,0.05332111983339514,468.34434508616243,0
23.033333333333335,11.578708996095068,0.051938510224935154,468.04739479847524,0
23.05,11.64510096648299,0.05059418426417301,467.74972522705855,0
23.066666666666666,11.711477584160315,0.04928700729751643,467.45134828646775,0
23.083333333333332,11.777838110665067,0.04801588072838718,467.15227583736794,0
23.1,11.844181824277003,0.046779740780213075,466.85251968311167,0
23.116666666666667,11.910508019647844,0.0455775573060913,466.5520915664778,0
23.133333333333333,11.976816007440027,0.044408332643132285,466.25100316656903,0
23.15,12.043105113973745,0.04327110050958391,465.9492660958615,0
23.166666666666668,12.10937468088206,0.042164924942931864,465.6468918974041,0
23.183333333333334,12.175624064773872,0.04108889927726059,465.3438920421625,0
23.2,12.241852636904527,0.04004214515824296,465.04027792650504,0
23.216666666666665,12.308059782853874,0.03902381159420636,464.73606086982437,0
23.233333333333334,12.374244902211581,0.03803307404179288,464.4312521122937,0
23.25,12.440407408269529,0.03706913352480757,464.1258628127519,0
23.266666666666666,12.506546727721084,0.0361312157849092,463.81990404671416,0
23.283333333333335,12.57266230036712,0.035218570462865174,463.51338680450345,0
23.3,12.638753578828576,0.034330470309148424,463.20632198950256,0
23.316666666666666,12.704820028265427,0.03346621042271043,462.8987204165184,0
23.333333333333332,12.770861126101897,0.032625107516819074,462.59059281025816,0
23.35,12.836876348368849,0.03180649921089805,462.28195033605004,0
23.366666666666667,12.902865210118511,0.031009743464591854,461.97280298332885,0
23.383333333333333,12.968827223959497,0.03023421758047916,461.6631611989983,0
23.4,13.034761913726422,0.02947931787698972,461.3530353348485,0
23.416666666666668,13.100668814233746,0.028744458998064125,461.0424356464767,0
23.433333333333334,13.166547471035372,0.02802907331160283,460.7313722923527,0
23.45,13.23239744018964,0.027332610335847524,460.41985533297805,0
23.466666666666665,13.298218288029464,0.02665453618671082,460.107894730128,0
23.483333333333334,13.364009590937586,0.025994333044418862,459.795500346177,0
23.5,13.429770935126756,0.025351498638569534,459.48268194350163,0
23.516666666666666,13.495501916424743,0.024725545750861038,459.1694491839594,0
23.533333333333335,13.5612021400641,0.024116001734819658,458.85581162844085,0
23.55,13.626871220476533,0.02352240805188742,458.5417787364909,0
23.566666666666666,13.692508781091801,0.02294431982326489,458.2273598659985,0
23.583333333333332,13.758114454141023,0.022381305396928435,457.9125642729504,0
23.6,13.823687880464329,0.02183294592926845,457.5974011112477,0
23.616666666666667,13.889228709322737,0.021298834980815536,457.28187943258143,0
23.633333333333333,13.954736598214128,0.020778578125545368,456.966008186366,0
23.65,14.02021121269333,0.02027179257327035,456.64979621972776,0
23.666666666666668,14.085652226196103,0.019778106804650874,456.33325227754506,0
23.683333333333334,14.151059319867022,0.01929716021837056,456.01638500254006,0
23.7,14.216432182391134,0.018828602790044953,455.6992029354178,0
23.716666666666665,14.28177050982933,0.018372094742444202,455.3817145150512,0
23.733333333333334,14.347074005457326,0.0179273062266297,455.0639280787111,0
23.75,14.41234237960819,0.01749391701361896,454.7458518623367,0
23.766666666666666,14.477575349518345,0.017071616196209265,454.4274940008475,0
23.783333333333335,14.54277263917695,0.016660101900601142,454.1088625284919,0
23.8,14.607933979178611,0.016259081007481004,453.7899653792335,0
23.816666666666666,14.673059106579316,0.01586826888223188,453.47081038717073,0
23.833333333333332,14.73814776475557,0.01548738911395512,453.15140528698976,0
23.85,14.803199703266618,0.015116173262997357,452.8317577144481,0
23.866666666666667,14.868214677719706,0.014754360616687948,452.5118752068885,0
23.883333333333333,14.933192449638314,0.01440169795300463,452.1917652037796,0
23.9,14.9981327863333,0.014057939311893879,451.8714350472831,0
23.916666666666668,15.063035460776897,0.013722845773983566,451.5508919828471,0
23.933333333333334,15.12790025147946,0.013396185246434666,451.2301431598208,0
23.95,15.192726942368951,0.013077732255688534,450.90919563209343,0
23.966666666666665,15.2575153226731,0.012767267746874183,450.5880563587518,0
23.983333333333334,15.32226518680414,0.012464578889649958,450.26673220475914,0
24.0,15.386976334246102,0.012169458890261248,449.94522994165106,0
24.016666666666666,15.4516485694446,0.01188170680960336,449.62355624824875,0
24.033333333333335,15.51628170169905,0.011601127387087976,449.3017177113882,0
24.05,15.580875545057259,0.01132753087011614,448.97972082666445,0
24.066666666666666,15.64542991821237,0.01106073284897128,448.6575719991884,0
24.083333333333332,15.709944644402048,0.010800554096948647,448.335277544358,0
24.1,15.774419551309936,0.010546820415547163,448.01284368863907,0
24.116666666666667,15.838854470969238,0.010299362484553994,447.6902765703591,0
24.133333333333333,15.903249239668495,0.010058015716859091,447.3675822405087,0
24.15,15.967603697859381,0.009822620117841968,447.04476666355333,0
24.166666666666668,16.03191769006659,0.009593020149179529,446.72183571825235,0
24.183333333333334,16.096191064799672,0.009369064596927358,446.39879519848625,0
24.2,16.160423674466855,0.009150606443734652,446.0756508140889,0
24.216666666666665,16.22461537529074,0.008937502745054924,445.7524081916869,0
24.233333333333334,16.28876602722589,0.008729614509221573,445.42907287554266,0
24.25,16.352875493878205,0.008526806581261091,445.10565032840327,0
24.266666666666666,16.416943642426112,0.008328947530320917,444.78214593235157,0
24.283333333333335,16.480970343543465,0.008135909540594012,444.45856498966106,0
24.3,16.544955471324187,0.007947568305624918,444.13491272365303,0
24.316666666666666,16.608898903208534,0.007763802925887945,443.811194279555,0
24.333333333333332,16.672800519911007,0.0075844958095296925,443.4874147253617,0
24.35,16.73666020534988,0.007409532576174134,443.16357905269535,0
24.366666666666667,16.800477846578215,0.007238801963689211,442.83969217766713,0
24.383333333333333,16.864253333716483,0.007072195737820771,442.5157589417378,0
24.4,16.927986559886616,0.006909608604599036,442.1917841125782,0
24.416666666666668,16.99167742114751,0.006750938125429779,441.8677723849281,0
24.433333333333334,17.055325816432006,0.006596084634782098,441.54372838145395,0
24.45,17.11893164748518,0.006444951160390197,441.2196566536041,0
24.466666666666665,17.182494818804063,0.006297443345887532,440.89556168246264,0
24.483333333333334,17.246015237578643,0.006153469375795846,440.571447879599,0
24.5,17.309492813634197,0.006012939902792959,440.24731958791665,0
24.516666666666666,17.372927459374843,0.0058757679771871555,439.9231810824964,0
24.533333333333335,17.436319089728418,0.005741868978526559,439.5990365714375,0
24.55,17.499667622092467,0.0056111605492766125,439.27489019669383,0
24.566666666666666,17.562972976281493,0.005483562530498815,438.95074603490696,0
24.583333333333332,17.626235074475332,0.0053589968994675104,438.6266080982335,0
24.6,17.68945384116868,0.005237387709163046,438.3024803351686,0
24.616666666666667,17.7526292031217,0.005118661029581921,437.9783666313647,0
24.633333333333333,17.81576108931174,0.00500274489080632,437.6542708104443,0
24.65,17.878849430886085,0.0048895692277773385,437.3301966348079,0
24.666666666666668,17.94189416111577,0.004779065826718325,437.0061478064365,0
24.683333333333334,18.004895215350384,0.004671168273156306,436.6821279676882,0
24.7,18.067852530973855,0.004565811901491002,436.3581407020892,0
24.716666666666665,18.130766047361227,0.004462933746063194,436.03418953511823,0
24.733333333333334,18.193635705836385,0.004362472493675101,435.7102779349854,0
24.75,18.256461449630645,0.004264368437517466,435.38640931340456,0
24.766666666666666,18.319243223842317,0.004168563432459346,435.06258702635915,0
24.783333333333335,18.381980975397116,0.004075000851658057,434.7388143748615,0
24.8,18.444674653009436,0.00398362554444819,434.41509460570614,0
24.816666666666666,18.507324207144467,0.0038943837954696805,434.09143091221506,0
24.833333333333332,18.569929589981157,0.003807223284996903,433.76782643497745,0
24.85,18.632490755375947,0.003722093050430932,433.4442842625821,0
24.866666666666667,18.695007658827304,0.003638943448919429,433.1208074323425,0
24.883333333333333,18.75748025744105,0.003557726121069071,432.79739893101544,0
24.9,18.819908509896397,0.0034783939557168765,432.47406169551255,0
24.916666666666668,18.882292376412753,0.003400901055727662,432.15079861360374,0
24.933333333333334,18.94463181871725,0.0033252027047861667,431.82761252461523,0
24.95,19.00692680001292,0.003251255335153304,431.5045062201185,0
24.966666666666665,19.069177284947653,0.0031790164963568426,431.1814824446133,0
24.983333333333334,19.131383239583716,0.003108444824787908,430.8585438962033,0
25.0,19.193544631368027,0.003039500014175776,430.5356932272635,0
25.016666666666666,19.255661429103007,0.002972142786913926,430.2129330451012,0
25.033333333333335,19.31773360291808,0.0029063348662114945,429.8902659126097,0
25.05,19.379761124241806,0.002842038949045024,429.5676943489144,0
25.066666666666666,19.441743965774563,0.0027792186798861426,429.2452208300113,0
25.083333333333332,19.50368210146188,0.0027178386251816506,428.922847789399,0
25.1,19.5655755064683,0.0026578642485632184,428.6005776187026,0
25.116666666666667,19.627424157151786,0.002599261886764689,428.2784126682908,0
25.133333333333333,19.689228031038738,0.002541998726225436,427.95635524788565,0
25.15,19.75098710679949,0.0024860427803593266,427.6344076271649,0
25.166666666666668,19.81270136422435,0.0024313628674690834,427.31257203635715,0
25.183333333333334,19.874370784200178,0.0023779285892867367,426.9908506668297,0
25.2,19.93599534868739,0.0023257103101213847,426.66924567166996,0
25.216666666666665,19.997575040697544,0.002274679136595922,426.34775916625836,0
25.233333333333334,20.059109844271344,0.0022248068979554055,426.0263932288354,0
25.25,20.120599744457124,0.002176066126929644,425.7051499010607,0
25.266666666666666,20.182044727289796,0.0021284300411338673,425.3840311885656,0
25.283333333333335,20.243444779770247,0.002081872524991052,425.0630390614988,0
25.3,20.304799889845164,0.0020363681121607666,424.7421754550644,0
25.316666666666666,20.3661100463873,0.001991891968459264,424.4214422700535,0
25.333333333333332,20.427375239176147,0.001948419875256457,424.100841373369,0
25.35,20.488595458879004,0.001905928213335438,423.7803745985432,0
25.366666666666667,20.5497706970325,0.0018643939472011769,423.46004374624886,0
25.383333333333333,20.610900946024426,0.001823794609824916,423.1398505848035,0
25.4,20.671986199076034,0.0017841082878115447,422.81979685066693,0
25.416666666666668,20.73302645022464,0.001745313606977583,422.49988424893223,0
25.433333333333334,20.79402169430663,0.0017073897183275898,422.1801144538103,0
25.45,20.854971926940827,0.0016703162844174525,421.8604891091071,0
25.466666666666665,20.915877144512187,0.0016340734660931769,421.54100982869613,0
25.483333333333334,20.976737344155858,0.0015986419095942964,421.2216781969822,0
25.5,21.037552523741542,0.0015640027340111402,420.9024957693608,0
25.516666666666666,21.098322681858214,0.0015301375190858283,420.5834640726702,0
25.533333333333335,21.159047817799163,0.0014970282933468898,420.26458460563765,0
25.55,21.21972793154732,0.0014646575225679102,419.94585883931893,0
25.566666666666666,21.28036302376093,0.0014330080985407512,419.62728821753257,0
25.583333333333332,21.340953095759474,0.0014020633281543484,419.3088741572872,0
25.6,21.401498149509912,0.0013718069227701731,418.99061804920365,0
25.616666666666667,21.461998187613247,0.0013422229878859064,418.6725212579303,0
25.633333333333333,21.52245321329129,0.0013132960130789282,418.35458512255315,0
25.65,21.582863230373764,0.001285010862221748,418.036810957,0
25.666666666666668,21.643228243285662,0.0012573527639613833,417.7192000504389,0
25.683333333333334,21.703548257034846,0.0012303073024553409,417.4017536676701,0
25.7,21.76382327719993,0.0012038604083566711,417.08447304951403,0
25.716666666666665,21.824053309918384,0.0011779983500411978,416.767359413192,0
25.733333333333334,21.884238361874935,0.0011527077250698293,416.45041395270255,0
25.75,21.94437844029014,0.0011279754518794469,416.1336378391916,0
25.766666666666666,22.004473552909253,0.0011037887616957226,415.8170322213176,0
25.783333333333335,22.06452370799128,0.0010801351906617436,415.5005982256116,0
25.8,22.1245289142983,0.0010570025721762077,415.1843369568318,0
25.816666666666666,22.184489181084956,0.00103437902943531,414.86824949831225,0
25.833333333333332,22.24440451808823,0.0010122529681726598,414.5523369123077,0
25.85,22.304274935517345,0.0009906130695915094,414.2366002403323,0
25.866666666666667,22.36410044404394,0.0009694482834840564,413.92104050349394,0
25.883333333333333,22.423881054792435,0.0009487478215323926,413.6056587028235,0
25.9,22.483616779330557,0.0009285011507862176,413.29045581959866,0
25.916666666666668,22.5433076296601,0.0009086979873121846,412.975432815664,0
25.933333333333334,22.602953618207867,0.0008893282900102397,412.66059063374473,0
25.95,22.662554757816764,0.0008703822545921698,412.3459301977577,0
25.966666666666665,22.72211106173714,0.0008518503077179977,412.0314524131158,0
25.983333333333334,22.781622543618234,0.0008337231012856856,411.7171581670291,0
26.0,22.841089217499835,0.0008159915068700283,411.40304832880116,0
26.016666666666666,22.900511097804117,0.0007986466103065144,411.08912375012056,0
26.033333333333335,22.95988819932761,0.000781679706416226,410.77538526534795,0
26.05,23.019220537233366,0.0007650822938678042,410.46183369179926,0
26.066666666666666,23.078508127043268,0.0007488460701728018,410.14846983002434,0
26.083333333333332,23.13775098463049,0.0007329629268106523,409.8352944640812,0
26.1,23.196949126212118,0.0007174249444798209,409.52230836180604,0
26.116666666666667,23.25610256834193,0.0007022243884715413,409.2095122750798,0
26.133333333333333,23.3152113279033,0.0006873537041629036,408.8969069400899,0
26.15,23.374275422102265,0.0006728055126259755,408.58449307758787,0
26.166666666666668,23.43329486846072,0.0006585726063497918,408.2722713931438,0
26.183333333333334,23.492269684809752,0.0006446479450721718,407.9602425773963,0
26.2,23.551199889283122,0.0006310246517183444,407.64840730629834,0
26.216666666666665,23.610085500310852,0.0006176960084435242,407.33676624136024,0
26.233333333333334,23.668926536612965,0.0006046554527765749,407.0253200298881,0
26.25,23.727723017193355,0.0005918965738620663,406.7140693052185,0
26.266666666666666,23.786474961333738,0.0005794131087980542,406.40301468695014,0
26.283333333333335,23.84518238858778,0.0005671989390669927,406.09215678117124,0
26.3,23.90384531877531,0.0005552480870573061,405.781496180684,0
26.316666666666666,23.96246377197665,0.000543554712673139,405.4710334652248,0
26.333333333333332,24.02103776852708,0.00053211311002995,405.16076920168217,0
26.35,24.079567329011375,0.0005209177042336656,404.85070394430954,0
26.366666666666667,24.1380524742585,0.0005099630482410998,404.5408382349367,0
26.383333333333333,24.19649322533636,0.0004992438197995525,404.2311726031761,0
26.4,24.25488960354671,0.0004887548184633998,403.9217075666273,0
26.416666666666668,24.313241630420126,0.00047849096268568386,403.61244363107716,0
26.433333333333334,24.371549327711065,0.0004684472869826829,403.30338129069816,0
26.45,24.429812717393094,0.000458618939169523,402.9945210282413,0
26.466666666666665,24.488031821654115,0.0004490011776649827,402.68586331522914,0
26.483333333333334,24.546206662891766,0.0004395893688636128,402.37740861214274,0
26.5,24.604337263708896,0.00043037898457344337,402.0691573686076,0
26.516666666666666,24.66242364690908,0.00042136559951750675,401.7611100235759,0
26.533333333333335,24.72046583549229,0.00041254488889753824,401.4532670055056,0
26.55,24.778463852650617,0.0004039126260181884,401.14562873253766,0
26.566666666666666,24.83641772176408,0.00039546467997018036,400.8381956126692,0
26.583333333333332,24.894327466396515,0.00038719701337084993,400.5309680439249,0
26.6,24.952193110291578,0.0003791056801606092,400.22394641452485,0
26.616666666666667,25.010014677368773,0.0003711868234537981,399.9171311030508,0
26.633333333333333,25.067792191719597,0.0003634366734426047,399.6105224786082,0
26.65,25.12552567760376,0.0003558515453525828,399.30412090098736,0
26.666666666666668,25.18321515944546,0.00034842783744849337,398.99792672082066,0
26.683333333333334,25.24086066182974,0.0003411620290891128,398.6919402797377,0
26.7,25.29846220949894,0.0003340506788297848,398.38616191051847,0
26.716666666666665,25.35601982734917,0.0003270904225714482,398.0805919372431,0
26.733333333333334,25.413533540426904,0.0003202779717549601,397.77523067544007,0
26.75,25.47100337392561,0.00031361011159953135,397.4700784322314,0
26.766666666666666,25.528429353182442,0.00030708369938416125,397.16513550647556,0
26.783333333333335,25.58581150367504,0.0003006956627709289,396.860402188909,0
26.8,25.64314985101833,0.00029444299816911633,396.5558787622837,0
26.816666666666666,25.700444420961432,0.0002883227691390795,396.2515655015041,0
26.833333333333332,25.75769523938463,0.00028233210483485493,395.94746267376087,0
26.85,25.81490233229636,0.00027646819848453164,395.6435705386627,0
26.866666666666667,25.872065725830304,0.0002707283059074079,395.33988934836617,0
26.883333333333333,25.929185446242514,0.00026510974406699576,395.0364193477035,0
26.9,25.98626151990861,0.00025960988965897746,394.7331607743075,0
26.916666666666668,26.04329397332101,0.00025422617773320606,394.43011385873604,0
26.933333333333334,26.100282833086233,0.00024895610034890263,394.1272788245924,0
26.95,26.157228125922252,0.000243797205262195,393.8246558886457,0
26.966666666666665,26.214129878655893,0.00023874709464519864,393.5222452609478,0
26.983333333333334,26.270988118220277,0.0002338034238358263,393.2200471449493,0
27.0,26.327802871652338,0.0002289639001175579,392.91806173761324,0
27.016666666666666,26.384574166090374,0.00022422628152842205,392.6162892295266,0
27.033333333333335,26.441302028771638,0.00021958837569844872,392.3147298050109,0
27.05,26.497986487029976,0.0002150480387148741,392.01338364222994,0
27.066666666666666,26.55462756829354,0.00021060317401441718,391.71225091329626,0
27.083333333333332,26.611225300082513,0.00020625173130193095,391.4113317843764,0
27.1,26.66777971000689,0.0002019917054947849,391.11062641579326,0
27.116666666666667,26.724290825764296,0.00019782113569232976,390.81013496212756,0
27.133333333333333,26.780758675137868,0.0001937381041698187,390.50985757231757,0
27.15,26.83718328599415,0.00018974073539617916,390.2097943897569,0
27.166666666666668,26.89356468628105,0.00018582719507503933,389.90994555239115,0
27.183333333333334,26.94990290402581,0.00018199568920843472,389.6103111928122,0
27.2,27.006197967333073,0.00017824446318263356,389.31089143835203,0
27.216666666666665,27.06244990438291,0.0001745718008755288,389.0116864111736,0
27.233333333333334,27.11865874342893,0.00017097602378506624,388.71269622836184,0
27.25,27.174824512796448,0.00016745549017819545,388.41392100201165,0
27.266666666666666,27.23094724088063,0.00016400859425982404,388.1153608393152,0
27.283333333333335,27.28702695614473,0.00016063376536129643,387.817015842648,0
27.3,27.343063687118306,0.0001573294671479102,387.5188861096529,0
27.316666666666666,27.399057462395533,0.00015409419684500196,387.22097173332287,0
27.333333333333332,27.4550083106335,0.00015092648448215157,386.9232728020829,0
27.35,27.510916260550555,0.00014782489215505937,386.62578939987014,0
27.366666666666667,27.566781340924702,0.0001447880133046599,386.32852160621235,0
27.383333333333333,27.62260358059199,0.00014181447201306024,386.03146949630565,0
27.4,27.678383008444953,0.00013890292231588165,385.73463314109085,0
27.416666666666668,27.734119653431105,0.0001360520475306168,385.4380126073285,0
27.433333333333334,27.789813544551432,0.0001332605596005996,385.1416079576722,0
27.45,27.8454647108589,0.00013052719845422372,384.84541925074143,0
27.466666666666665,27.90107318145704,0.0001278507313790248,384.54944654119276,0
27.483333333333334,27.95663898549852,0.00012522995241027557,384.25368987978993,0
27.5,28.012162152183762,0.000122663681733742,383.9581493134723,0
27.516666666666666,28.06764271075959,0.00012015076510225005,383.6628248854234,0
27.533333333333335,28.123080690517888,0.00011769007326574486,383.3677166351371,0
27.55,28.178476120794294,0.00011528050141449773,383.0728245984831,0
27.566666666666666,28.233829030966916,0.00011292096863516396,382.7781488077716,0
27.583333333333332,28.289139450455085,0.00011061041737936527,382.48368929181584,0
27.6,28.344407408718105,0.00010834781294450724,382.18944607599565,0
27.616666666666667,28.39963293525407,0.00010613214296653589,381.8954191823175,0
27.633333333333333,28.454816059598635,0.00010396241692434228,381.6016086294752,0
27.65,28.509956811323903,0.0001018376656555419,381.3080144329092,0
27.666666666666668,28.565055220037255,9.97569408833555e-05,381.0146366048641,0
27.683333333333334,28.62011131538023,9.771931475432535e-05,380.72147515444675,0
27.7,28.675125127027446,9.572387938660798e-05,380.42853008768196,0
27.716666666666665,28.730096684685506,9.376974642859458e-05,380.13580140756767,0
27.733333333333334,28.785026018091962,9.185604662760797e-05,379.8432891141295,0
27.75,28.83991315701426,8.998192940844309e-05,379.55099320447437,0
27.766666666666666,28.894758131248736,8.814656246151225e-05,379.2589136728426,0
27.783333333333335,28.949560970619633,8.634913134036973e-05,378.96705051065993,0
27.8,29.004321704978096,8.458883906839393e-05,378.67540370658793,0
27.816666666666666,29.05904036420125,8.286490575440801e-05,378.38397324657427,0
27.833333333333332,29.11371697819122,8.117656821703002e-05,378.0927591139015,0
27.85,29.168351576874265,7.952307961754834e-05,377.80176128923557,0
27.866666666666667,29.22294419019983,7.790370910111398e-05,377.510979750673,0
27.883333333333333,29.277494848139664,7.631774144606476e-05,377.2204144737874,0
27.9,29.332003580686983,7.476447672117944e-05,376.93006543167564,0
27.916666666666668,29.3864704178556,7.324322995068274e-05,376.6399325950026,0
27.933333333333334,29.44089538967909,7.175333078681664e-05,376.35001593204566,0
27.95,29.495278526209958,7.029412318980048e-05,376.06031540873806,0
27.966666666666665,29.54961985751886,6.886496511500718e-05,375.7708309887118,0
27.983333333333334,29.603919413693813,6.746522820718551e-05,375.48156263333937,0
28.0,29.658177224839413,6.609429750156775e-05,375.19251030177566,0
28.016666666666666,29.712393321076075,6.475157113169671e-05,374.9036739509981,0
28.033333333333335,29.7665677325393,6.343646004381873e-05,374.6150535358469,0
28.05,29.82070048937895,6.214838771768869e-05,374.3266490090644,0
28.066666666666666,29.87479162175852,6.088678989363864e-05,374.03846032133305,0
28.083333333333332,29.928841159854443,5.96511143057619e-05,373.75048742131406,0
28.1,29.98284913385542,5.8440820421075974e-05,373.4627302556842,0
28.116666666666667,30.036815573961725,5.7255379184519124e-05,373.17518876917285,0
28.133333333333333,30.090740510384546,5.609427276964775e-05,372.88786290459757,0
28.15,30.144623973345347,5.495699433490718e-05,372.60075260290006,0
28.166666666666668,30.198465993075246,5.3843047785339575e-05,372.3138578031805,0
28.183333333333334,30.25226659981435,5.2751947539607666e-05,372.0271784427319,0
28.2,30.306025823811193,5.1683218302211045e-05,371.74071445707375,0
28.216666666666665,30.359743695322106,5.0636394840774565e-05,371.454465779985,0
28.233333333333334,30.413420244610634,4.9611021768293185e-05,371.16843234353667,0
28.25,30.467055501946966,4.860665333021778e-05,370.8826140781236,0
28.266666666666666,30.520649497607383,4.762285319627103e-05,370.5970109124962,0
28.283333333333335,30.574202261873673,4.665919425688575e-05,370.3116227737905,0
28.3,30.62771382503262,4.571525842415797e-05,370.0264495875593,0
28.316666666666666,30.68118421737546,4.479063643721291e-05,369.74149127780146,0
28.333333333333332,30.734613469197324,4.388492953077771e-05,369.45674776699343,0
28.35,30.78800161079677,4.2997742029675506e-05,369.17221897611205,0
28.366666666666667,30.841348672475306,4.212869147114473e-05,368.88790482466874,0
28.383333333333333,30.894654684536835,4.1277402197569985e-05,368.6038052307347,0
28.4,30.947919677287203,4.044350633882879e-05,368.3199201109691,0
28.416666666666668,31.00114368103372,3.96266437521561e-05,368.0362493806455,0
28.433333333333334,31.054326726084703,3.882646186989794e-05,367.7527929536783,0
28.45,31.107468842749007,3.804261553975508e-05,367.46955074264855,0
28.466666666666665,31.160570061335598,3.72747668665517e-05,367.1865226588297,0
28.483333333333334,31.213630412153094,3.652258505693581e-05,366.9037086122124,0
28.5,31.266649925509363,3.578574626729578e-05,366.62110851152926,0
28.516666666666666,31.319628631711062,3.5063933454935086e-05,366.3387222642788,0
28.533333333333335,31.372566561063277,3.4356836232473865e-05,366.0565497767495,0
28.55,31.425463743869077,3.366415072542501e-05,365.77459095404276,0
28.566666666666666,31.478320210429143,3.2985579432881074e-05,365.4928457000964,0
28.583333333333332,31.531135991041356,3.232083109124842e-05,365.21131391770655,0
28.6,31.58391111600043,3.1669620540960235e-05,364.92999550855035,0
28.616666666666667,31.63664561559755,3.103166859610391e-05,364.64889037320756,0
28.633333333333333,31.689339520119987,3.0406701916898357e-05,364.3679984111817,0
28.65,31.741992859850743,2.9794452884956794e-05,364.0873195209216,0
28.666666666666668,31.794605665068204,2.9194659481272833e-05,363.8068535998414,0
28.683333333333334,31.847177966045795,2.860706516686943e-05,363.5266005443414,0
28.7,31.899709793051642,2.8031418766050987e-05,363.2465602498278,0
28.716666666666665,31.95220117634824,2.7467474352199094e-05,362.96673261073204,0
28.733333333333334,32.00465214619211,2.691499113605656e-05,362.6871175205307,0
28.75,32.05706273283351,2.6373733356443338e-05,362.4077148717641,0
28.766666666666666,32.1094329665161,2.58434701733497e-05,362.1285245560545,0
28.783333333333335,32.16176287747668,2.5323975563353595e-05,361.849546464125,0
28.8,32.214052495944806,2.4815028217311038e-05,361.570780485817,0
28.816666666666666,32.26630185214257,2.4316411440267136e-05,361.29222651010826,0
28.833333333333332,32.31851097628429,2.3827913053540537e-05,361.0138844251301,0
28.85,32.370679898576206,2.334932529893049e-05,360.73575411818405,0
28.866666666666667,32.42280864921626,2.288044474499996e-05,360.4578354757593,0
28.883333333333333,32.47489725839373,2.2421072195390624e-05,360.18012838354844,0
28.9,32.52694575628908,2.1971012599120735e-05,359.90263272646433,0
28.916666666666668,32.578954173073605,2.1530074962825317e-05,359.6253483886553,0
28.933333333333334,32.63092253890919,2.109807226489293e-05,359.34827525352097,0
28.95,32.68285088394811,2.067482137145944e-05,359.07141320372784,0
28.966666666666665,32.73473923833278,2.026014295421441e-05,358.7947621212241,0
28.983333333333334,32.78658763219541,1.985386140998362e-05,358.5183218872544,0
29.0,32.83839609565793,1.94558047820449e-05,358.2420923823746,0
29.016666666666666,32.890164658831615,1.906580468314127e-05,357.96607348646575,0
29.033333333333335,32.941893351816944,1.8683696220153273e-05,357.6902650787484,0
29.05,32.99358220470336,1.8309317920393123e-05,357.41466703779633,0
29.066666666666666,33.045231247569035,1.794251165948535e-05,357.13927924154973,0
29.083333333333332,33.09684051048068,1.7583122590799736e-05,356.8641015673293,0
29.1,33.14841002349332,1.7230999076400273e-05,356.5891338918483,0
29.116666666666667,33.199939816650094,1.688599261947904e-05,356.31437609122634,0
29.133333333333333,33.25142991998205,1.6547957798240733e-05,356.0398280410014,0
29.15,33.30288036350795,1.6216752201206492e-05,355.7654896161424,0
29.166666666666668,33.35429117723411,1.589223636390558e-05,355.49136069106146,0
29.183333333333334,33.40566239115415,1.5574273706925025e-05,355.21744113962603,0
29.2,33.456994035248854,1.526273047528625e-05,354.9437308351699,0
29.216666666666665,33.50828613948599,1.4957475679121102e-05,354.6702296505056,0
29.233333333333334,33.5595387338201,1.4658381035617019e-05,354.3969374579352,0
29.25,33.61075184819236,1.4365320912205245e-05,354.12385412926204,0
29.266666666666666,33.66192551253039,1.4078172270963467e-05,353.850979535801,0
29.283333333333335,33.7130597567481,1.37968146142071e-05,353.5783135483895,0
29.3,33.764154610745535,1.3521129931243175e-05,353.30585603739814,0
29.316666666666666,33.815210104408685,1.3251002646260756e-05,353.03360687274136,0
29.333333333333332,33.86622626760933,1.2986319567334025e-05,352.7615659238871,0
29.35,33.91720313020494,1.2726969836512893e-05,352.489733059867,0
29.366666666666667,33.96814072203846,1.2472844880978076e-05,352.21810814928625,0
29.383333333333333,34.01903907293822,1.2223838365236531e-05,351.9466910603335,0
29.4,34.0698982127177,1.1979846144335977e-05,351.6754816607901,0
29.416666666666668,34.12071817117553,1.1740766218074719e-05,351.40447981803936,0
29.433333333333334,34.17149897809522,1.1506498686186336e-05,351.133685399076,0
29.45,34.22224066324511,1.1276945704477409e-05,350.86309827051485,0
29.466666666666665,34.27294325637816,1.1052011441897646e-05,350.5927182985999,0
29.483333333333334,34.323606787231924,1.083160203852256e-05,350.32254534921276,0
29.5,34.37423128552833,1.0615625564428104e-05,350.0525792878815,0
29.516666666666666,34.42481678097359,1.0403991979438564e-05,349.78281997978866,0
29.533333333333335,34.47536330325812,1.0196613093728753e-05,349.5132672897801,0
29.55,34.525870882056346,9.99340252926144e-06,349.24392108237214,0
29.566666666666666,34.5763395470266,9.794275682042705e-06,348.9747812217604,0
29.583333333333332,34.62676932781109,9.599149685176501e-06,348.70584757182695,0
29.6,34.67716025403571,9.407943372702446e-06,348.4371199961484,0
29.616666666666667,34.72751235530992,9.2205772441986e-06,348.16859835800335,0
29.633333333333333,34.77782566122669,9.036973430133535e-06,347.9002825203795,0
29.65,34.82810020136238,8.857055657951265e-06,347.63217234598136,0
29.666666666666668,34.878336005276616,8.68074921887309e-06,347.3642676972368,0
29.683333333333334,34.92853310251223,8.507980935401226e-06,347.09656843630466,0
29.7,34.978691522595135,8.338679129508549e-06,346.8290744250813,0
29.716666666666665,35.028811295034195,8.172773591500265e-06,346.5617855252072,0
29.733333333333334,35.07889244932121,8.010195549532546e-06,346.2947015980742,0
29.75,35.12893501493079,7.850877639774492e-06,346.02782250483114,0
29.766666666666666,35.178939021320225,7.694753877198893e-06,345.76114810639115,0
29.783333333333335,35.22890449792947,7.541759626988986e-06,345.4946782634372,0
29.8,35.27883147418099,7.391831576547383e-06,345.2284128364288,0
29.816666666666666,35.32871997947973,7.244907708094723e-06,344.96235168560764,0
29.833333333333332,35.37857004321301,7.10092727184511e-06,344.6964946710042,0
29.85,35.42838169475045,6.959830759745826e-06,344.43084165244267,0
29.866666666666667,35.47815496344386,6.821559879769533e-06,344.16539248954746,0
29.883333333333333,35.52788987862724,6.686057530747048e-06,343.90014704174854,0
29.9,35.57758646961662,6.5532677777289395e-06,343.6351051682869,0
29.916666666666668,35.62724476571003,6.423135827864807e-06,343.3702667282202,0
29.933333333333334,35.67686479618745,6.295608006788896e-06,343.10563158042794,0
29.95,35.726446590310694,6.1706317355017665e-06,342.8411995836169,0
29.966666666666665,35.775990177323365,6.0481555077366066e-06,342.576970596326,0
29.983333333333334,35.82549558645079,5.928128867800734e-06,342.31294447693165,0
30.0,35.87496284689993,5.810502388881221e-06,342.0491210836525,0
30.016666666666666,35.9243919878594,5.695227651805517e-06,341.7855002745544,0
30.033333333333335,35.97378303849926,5.582257224246981e-06,341.5220819075551,0
30.05,36.0231360279711,5.471544640365703e-06,341.2588658404295,0
30.066666666666666,36.07245098540789,5.363044380875774e-06,340.9958519308135,0
30.083333333333332,36.12172793992398,5.256711853529385e-06,340.7330400362089,0
30.1,36.170966920614994,5.152503374009463e-06,340.47043001398765,0
30.116666666666667,36.2201679565578,5.050376147221529e-06,340.2080217213966,0
30.133333333333333,36.26933107681048,4.950288248976834e-06,339.9458150155619,0
30.15,36.31845631041222,4.852198608058048e-06,339.6838097534922,0
30.166666666666668,36.36754368638331,4.756066988659673e-06,339.42200579208406,0
30.183333333333334,36.41659323372507,4.661853973194858e-06,339.1604029881253,0
30.2,36.465604981419794,4.569520945461343e-06,338.8990011982993,0
30.216666666666665,36.514578958430754,4.47903007415836e-06,338.6378002791884,0
30.233333333333334,36.56351519370207,4.3903442967474726e-06,338.37680008727835,0
30.25,36.61241371615874,4.303427303649788e-06,338.11600047896195,0
30.266666666666666,36.66127455470656,4.218243522772516e-06,337.8554013105426,0
30.283333333333335,36.710097738232086,4.134758104357945e-06,337.595002438238,0
30.3,36.7588832956026,4.0529369061479636e-06,337.3348037181837,0
30.316666666666666,36.807631255666074,3.972746478857319e-06,337.07480500643686,0
30.333333333333332,36.85634164725109,3.894154051949343e-06,336.81500615897926,0
30.35,36.90501449916687,3.8171275197074485e-06,336.555407031721,0
30.366666666666667,36.953649840203184,3.7416354275964367e-06,336.29600748050404,0
30.383333333333333,37.00224769913031,3.6676469589072745e-06,336.0368073611047,0
30.4,37.05080810469906,3.5951319216793875e-06,335.77780652923764,0
30.416666666666668,37.09933108564067,3.5240607358947313e-06,335.51900484055847,0
30.433333333333334,37.14781667066685,3.4544044209378106e-06,335.26040215066763,0
30.45,37.19626488846964,3.3861345833159063e-06,335.0019983151122,0
30.466666666666665,37.24467576772149,3.3192234046343986e-06,334.7437931893899,0
30.483333333333334,37.29304933707517,3.2536436298213554e-06,334.4857866289517,0
30.5,37.34138562516372,3.189368555596443e-06,334.22797848920436,0
30.516666666666666,37.389684660600494,3.126372019178947e-06,333.97036862551397,0
30.533333333333335,37.43794647197908,3.0646283872297785e-06,333.71295689320783,0
30.55,37.48617108787326,3.004112545022591e-06,333.45574314757795,0
30.566666666666666,37.53435853683704,2.9447998858393182e-06,333.19872724388307,0
30.583333333333332,37.582508847404554,2.8866663005851058e-06,332.9419090373519,0
30.6,37.63062204809012,2.8296881676184096e-06,332.68528838318525,0
30.616666666666667,37.67869816738812,2.7738423427913923e-06,332.42886513655856,0
30.633333333333333,37.726737233773065,2.7191061496964408e-06,332.1726391526246,0
30.65,37.77473927569952,2.6654573701143286e-06,331.9166102865157,0
30.666666666666668,37.82270432160208,2.612874234659929e-06,331.6607783933464,0
30.683333333333334,37.87063239989543,2.561335413621157e-06,331.40514332821533,0
30.7,37.91852353897417,2.5108200079872546e-06,331.14970494620803,0
30.716666666666665,37.966377767212954,2.4613075406623902e-06,330.8944631023988,0
30.733333333333334,38.014195112966384,2.4127779478605873e-06,330.63941765185314,0
30.75,38.061975604568985,2.3652115706784074e-06,330.38456844962974,0
30.766666666666666,38.10971927033524,2.3185891468414166e-06,330.1299153507829,0
30.783333333333335,38.15742613855954,2.272891802621027e-06,329.87545821036434,0
30.8,38.20509623751615,2.2281010449179066e-06,329.62119688342517,0
30.816666666666666,38.25272959545925,2.1841987535087435e-06,329.3671312250185,0
30.833333333333332,38.30032624062285,2.14116717345268e-06,329.11326109020064,0
30.85,38.34788620122083,2.09898890765431e-06,328.85958633403357,0
30.866666666666667,38.3954095054469,2.057646909579821e-06,328.60610681158647,0
30.883333333333333,38.44289618147459,2.017124476123107e-06,328.3528223779381,0
30.9,38.49034625745723,1.9774052406187794e-06,328.0997328881781,0
30.916666666666668,38.53775976152796,1.9384731659989798e-06,327.8468381974092,0
30.933333333333334,38.58513672179969,1.900312538090929e-06,327.59413816074857,0
30.95,38.63247716636511,1.8629079590524148e-06,327.34163263332994,0
30.966666666666665,38.679781123296664,1.826244340942188e-06,327.08932147030515,0
30.983333333333334,38.72704862064655,1.7903068994225724e-06,326.83720452684577,0
31.0,38.7742796864467,1.755081147591496e-06,326.5852816581447,0
31.016666666666666,38.821474348708776,1.7205528899412041e-06,326.33355271941804,0
31.033333333333335,38.868632635424184,1.686708216441101e-06,326.08201756590637,0
31.05,38.91575457456401,1.6535334967420655e-06,325.83067605287624,0
31.066666666666666,38.962840194079064,1.6210153744997506e-06,325.57952803562216,0
31.083333333333332,39.009889521899844,1.5891407618143592e-06,325.3285733694677,0
31.1,39.056902585936534,1.5578968337845378e-06,325.0778119097668,0
31.116666666666667,39.10387941407901,1.5272710231729283e-06,324.8272435119057,0
31.133333333333333,39.15082003419682,1.497251015181143e-06,324.57686803130395,0
31.15,39.19772447413918,1.4678247423318109e-06,324.326685323416,0
31.166666666666668,39.24459276173496,1.4389803794555603e-06,324.07669524373233,0
31.183333333333334,39.29142492479271,1.410706338780674e-06,323.82689764778104,0
31.2,39.338220991100606,1.3829912651233258e-06,323.5772923911291,0
31.216666666666665,39.38498098842652,1.3558240311763413e-06,323.32787932938334,0
31.233333333333334,39.43170494451792,1.3291937328943686e-06,323.07865831819197,0
31.25,39.47839288710193,1.3030896849735243e-06,322.8296292132459,0
31.266666666666666,39.525044843885325,1.2775014164235333e-06,322.58079187027965,0
31.283333333333335,39.5716608425545,1.2524186662304228e-06,322.3321461450728,0
31.3,39.6182409107755,1.2278313791079579e-06,322.08369189345086,0
31.316666666666666,39.664785076193965,1.203729701335897e-06,321.83542897128683,0
31.333333333333332,39.7112933664352,1.1801039766833402e-06,321.58735723450195,0
31.35,39.75776580910414,1.1569447424153928e-06,321.3394765390667,0
31.366666666666667,39.80420243178533,1.134242725381383e-06,321.09178674100224,0
31.383333333333333,39.85060326204291,1.111988838182989e-06,320.8442876963815,0
31.4,39.89696832742069,1.0901741754206378e-06,320.5969792613298,0
31.416666666666668,39.943297655442066,1.0687900100164757e-06,320.3498612920259,0
31.433333333333334,39.989591273610095,1.0478277896124447e-06,320.1029336447035,0
31.45,40.03584920940744,1.0272791330417984e-06,319.85619617565163,0
31.466666666666665,40.08207149029638,1.007135826872635e-06,319.6096487412161,0
31.483333333333334,40.12825814371881,9.873898220219144e-07,319.3632911978,0
31.5,40.174409197096274,9.680332304384913e-07,319.1171234018648,0
31.516666666666666,40.22052467782993,9.490583218537808e-07,318.8711452099312,0
31.533333333333335,40.26660461330058,9.304575205986442e-07,318.62535647858033,0
31.55,40.31264903086863,9.122234024851032e-07,318.3797570644541,0
31.566666666666666,40.35865795787414,8.94348691751613e-07,318.1343468242562,0
31.583333333333332,40.40463142163678,8.768262580704997e-07,317.88912561475337,0
31.6,40.450569449455884,8.59649113616352e-07,317.6440932927756,0
31.616666666666667,40.49647206861041,8.428104101940629e-07,317.39924971521725,0
31.633333333333333,40.54233930635897,8.263034364253586e-07,317.1545947390378,0
31.65,40.58817118993981,8.101216149924966e-07,316.91012822126254,0
31.666666666666668,40.633967746570825,7.942584999381073e-07,316.66585001898335,0
31.683333333333334,40.67972900344959,7.787077740198615e-07,316.42175998935954,0
31.7,40.725454987753295,7.634632461189979e-07,316.17785798961853,0
31.716666666666665,40.77114572663884,7.4851884870147e-07,315.9341438770564,0
31.733333333333334,40.81680124724275,7.33868635330718e-07,315.69061750903876,0
31.75,40.862421576681236,7.195067782309369e-07,315.4472787430013,0
31.766666666666666,40.90800674205018,7.05427565899887e-07,315.2041274364505,0
31.783333333333335,40.953556770425166,6.916254007701361e-07,314.96116344696446,0
31.8,40.99907168886142,6.780947969178133e-07,314.7183866321932,0
31.816666666666666,41.0445515243939,6.648303778178604e-07,314.4757968498597,0
31.833333333333332,41.08999630403724,6.518268741448382e-07,314.23339395775986,0
31.85,41.13540605478579,6.390791216183512e-07,313.991177813764,0
31.866666666666667,41.18078080361359,6.265820588921752e-07,313.74914827581665,0
31.883333333333333,41.2261205774744,6.143307254862023e-07,313.50730520193747,0
31.9,41.27142540330173,6.02320259760302e-07,313.265648450222,0
31.916666666666668,41.31669530800876,5.905458969292682e-07,313.02417787884167,0
31.933333333333334,41.361930318488454,5.790029671179848e-07,312.7828933460451,0
31.95,41.407130461613505,5.676868934560028e-07,312.54179471015766,0
31.966666666666665,41.452295764236325,5.565931902107186e-07,312.300881829583,0
31.983333333333334,41.49742625318911,5.457174609583548e-07,312.06015456280284,0
32.0,41.54252195528382,5.350553967919877e-07,311.81961276837774,0
32.016666666666666,41.58758289731216,5.246027745658432e-07,311.5792563049476,0
32.03333333333333,41.63260910604562,5.143554551751219e-07,311.3390850312321,0
32.05,41.677600608235494,5.043093818706587e-07,311.0990988060312,0
32.06666666666667,41.72255743061283,4.944605786076447e-07,310.85929748822537,0
32.083333333333336,41.7674795998885,4.848051484277847e-07,310.61968093677643,0
32.1,41.8123671427532,4.753392718741434e-07,310.38024901072777,0
32.11666666666667,41.85722008587741,4.660592054380612e-07,310.14100156920455,0
32.13333333333333,41.90203845591146,4.5696128003745735e-07,309.90193847141467,0
32.15,41.94682227948548,4.480418995258792e-07,309.6630595766487,0
32.166666666666664,41.99157158320948,4.392975392316951e-07,309.4243647442806,0
32.18333333333333,42.0362863936733,4.3072474452678677e-07,309.18585383376774,0
32.2,42.080966737446644,4.2232012942414876e-07,308.94752670465164,0
32.21666666666667,42.12561264107908,4.1408037520381846e-07,308.70938321655814,0
32.233333333333334,42.17022413110005,4.0600222906653364e-07,308.4714232291981,0
32.25,42.21480123401889,3.9808250281458195e-07,308.23364660236706,0
32.266666666666666,42.25934397632483,3.9031807155926426e-07,307.9960531959464,0
32.28333333333333,42.303852384487,3.82705872454434e-07,307.758642869903,0
32.3,42.34832648495446,3.7524290345558987e-07,307.52141548429034,0
32.31666666666667,42.39276630415617,3.679262221040047e-07,307.28437089924796,0
32.333333333333336,42.43717186850104,3.6075294433534753e-07,307.0475089750024,0
32.35,42.481543204377914,3.537202433123658e-07,306.8108295718672,0
32.36666666666667,42.52588033815561,3.468253482810494e-07,306.57433255024347,0
32.38333333333333,42.57018329618288,3.4006554344989025e-07,306.3380177706198,0
32.4,42.614452104788484,3.3343816689168854e-07,306.101885093573,0
32.416666666666664,42.65868679028113,3.269406094675119e-07,305.86593437976813,0
32.43333333333333,42.70288737894954,3.205703137723031e-07,305.63016548995887,0
32.45,42.747053897062436,3.143247731017383e-07,305.3945782849876,0
32.46666666666667,42.79118637086855,3.0820153043987656e-07,305.15917262578586,0
32.483333333333334,42.83528482659667,3.021981774671932e-07,304.92394837337474,0
32.5,42.879349290455565,2.963123535885684e-07,304.68890538886484,0
32.516666666666666,42.9233797886341,2.9054174498084333e-07,304.45404353345657,0
32.53333333333333,42.96737634730116,2.8488408365953816e-07,304.21936266844057,0
32.55,43.01133899260574,2.7933714656433547e-07,303.98486265519773,0
32.56666666666667,43.05526775067686,2.7389875466296016e-07,303.7505433551998,0
32.583333333333336,43.09916264762369,2.685667720730769e-07,303.51640463000876,0
32.6,43.14302370953547,2.6333910520183314e-07,303.28244634127844,0
32.61666666666667,43.18685096248153,2.582137019027121e-07,303.0486683507531,0
32.63333333333333,43.230644432511376,2.531885506493129e-07,302.815070520269,0
32.65,43.2744041456546,2.48261679725738e-07,302.5816527117539,0
32.666666666666664,43.31813012792097,2.434311564332489e-07,302.3484147872274,0
32.68333333333333,43.361822405300416,2.386950863128432e-07,302.1153566088011,0
32.7,43.405481003763,2.3405161238345735e-07,301.88247803867904,0
32.71666666666667,43.449105949259014,2.2949891439544907e-07,301.64977893915744,0
32.733333333333334,43.4926972677189,2.2503520809907836e-07,301.4172591726253,0
32.75,43.53625498505332,2.2065874452766504e-07,301.1849186015642,0
32.766666666666666,43.57977912715316,2.1636780929511998e-07,300.95275708854894,0
32.78333333333333,43.62326971988952,2.1216072190759224e-07,300.72077449624726,0
32.8,43.66672678911377,2.080358350888979e-07,300.48897068742014,0
32.81666666666667,43.71015036065748,2.03991534119498e-07,300.25734552492213,0
32.833333333333336,43.753540460332516,2.0002623618872045e-07,300.02589887170114,0
32.85,43.79689711393102,1.9613838975997166e-07,299.79463059079916,0
32.86666666666667,43.840220347225404,1.9232647394867012e-07,299.56354054535166,0
32.88333333333333,43.8835101859684,1.885889979126511e-07,299.3326285985884,0
32.9,43.926766655893026,1.84924500254783e-07,299.1018946138333,0
32.916666666666664,43.969989782712645,1.8133154843754922e-07,298.8713384545043,0
32.93333333333333,44.01317959212094,1.7780873820936093e-07,298.640959984114,0
32.95,44.056336109791964,1.7435469304235954e-07,298.41075906626935,0
32.96666666666667,44.0994593613801,1.7096806358147074e-07,298.1807355646722,0
32.983333333333334,44.14254937252013,1.6764752710449101e-07,297.950889343119,0
33.0,44.18560616882721,1.6439178699298564e-07,297.7212202655011,0
33.016666666666666,44.22862977589689,1.611995722137688e-07,297.49172819580485,0
33.03333333333333,44.27162021930515,1.580696368107644e-07,297.26241299811176,0
33.05,44.31457752460837,1.5500075940702906e-07,297.0332745365985,0
33.06666666666667,44.35750171734335,1.5199174271673868e-07,296.80431267553706,0
33.083333333333336,44.40039282302738,1.490414130669359e-07,296.57552727929493,0
33.1,44.44325086715819,1.4614861992883527e-07,296.34691821233486,0
33.11666666666667,44.48607587521398,1.4331223545850567e-07,296.1184853392154,0
33.13333333333333,44.52886787265343,1.4053115404672991e-07,295.8902285245907,0
33.15,44.57162688491572,1.378042918778648e-07,295.66214763321074,0
33.166666666666664,44.61435293742056,1.3513058649750883e-07,295.43424252992133,0
33.18333333333333,44.65704605556818,1.3250899638881607e-07,295.206513079664,0
33.2,44.69970626473931,1.2993850055727065e-07,294.97895914747653,0
33.21666666666667,44.74233359029529,1.2741809812375106e-07,294.7515805984927,0
33.233333333333334,44.784928057577964,1.249468079257272e-07,294.5243772979426,0
33.25,44.82748969190978,1.2252366812641335e-07,294.29734911115213,0
33.266666666666666,44.870018518593774,1.2014773583172787e-07,294.0704959035437,0
33.28333333333333,44.912514562913586,1.1781808671489935e-07,293.8438175406362,0
33.3,44.95497785013345,1.1553381464855822e-07,293.61731388804475,0
33.31666666666667,44.99740840549825,1.132940313441766e-07,293.39098481148085,0
33.333333333333336,45.039806254233504,1.1109786599869633e-07,293.1648301767527,0
33.35,45.08217142154539,1.089444649482078e-07,292.93884984976495,0
33.36666666666667,45.12450393262072,1.0683299132853599e-07,292.7130436965189,0
33.38333333333333,45.16680381262704,1.0476262474259242e-07,292.48741158311253,0
33.4,45.20907108671253,1.027325609343622e-07,292.2619533757405,0
33.416666666666664,45.25130578000611,1.0074201146938704e-07,292.0366689406943,0
33.43333333333333,45.29350791761744,9.879020342161921e-08,291.8115581443621,0
33.45,45.33567752463685,9.687637906651387e-08,291.586620853229,0
33.46666666666667,45.377814626135475,9.499979558023632e-08,291.36185693387694,0
33.483333333333334,45.41991924716517,9.315972474486371e-08,291.1372662529848,0
33.5,45.46199141275858,9.135545265945659e-08,290.9128486773282,0
33.516666666666666,45.50403114792913,8.95862794568848e-08,290.68860407378,0
33.53333333333333,45.54603847767107,8.785151902629407e-08,290.4645323093101,0
33.55,45.58801342695941,8.61504987410947e-08,290.24063325098507,0
33.56666666666667,45.62995602075002,8.448255919236772e-08,290.01690676596894,0
33.583333333333336,45.67186628397961,8.284705392757666e-08,289.7933527215226,0
33.6,45.71374424156574,8.124334919447791e-08,289.5699709850039,0
33.61666666666667,45.75558991840681,7.967082369012641e-08,289.34676142386826,0
33.63333333333333,45.79740333938214,7.812886831487675e-08,289.12372390566776,0
33.65,45.83918452935191,7.661688593127539e-08,288.9008582980519,0
33.666666666666664,45.88093351315721,7.513429112774828e-08,288.67816446876725,0
33.68333333333333,45.922650315620075,7.368050998698806e-08,288.45564228565775,0
33.7,45.964334961543436,7.225497985894661e-08,288.23329161666425,0
33.71666666666667,46.005987475711194,7.085714913833922e-08,288.01111232982504,0
33.733333333333334,46.0476078828882,6.948647704657149e-08,287.78910429327544,0
33.75,46.08919620782029,6.814243341800077e-08,287.5672673752482,0
33.766666666666666,46.13075247523427,6.682449849044326e-08,287.345601444073,0
33.78333333333333,46.17227670983794,6.553216269984399e-08,287.12410636817714,0
33.8,46.21376893632016,6.426492647902628e-08,286.9027820160848,0
33.81666666666667,46.255229179350756,6.302230006043568e-08,286.6816282564177,0
33.833333333333336,46.29665746358065,6.18038032828049e-08,286.4606449578945,0
33.85,46.33805381364177,6.060896540165442e-08,286.23983198933126,0
33.86666666666667,46.37941825414715,5.943732490355585e-08,286.0191892196413,0
33.88333333333333,46.420750809690865,5.8288429324083514e-08,285.7987165178351,0
33.9,46.46205150484813,5.716183506937731e-08,285.57841375302036,0
33.916666666666664,46.50332036417524,5.605710724124759e-08,285.35828079440194,0
33.93333333333333,46.54455741220963,5.497381946575003e-08,285.138317511282,0
33.95,46.585762673469844,5.391155372516074e-08,284.91852377306003,0
33.96666666666667,46.626936172455615,5.2869900193284565e-08,284.6988994492325,0
33.983333333333334,46.668077933647794,5.184845707403014e-08,284.47944440939295,0
34.0,46.70918798150844,5.0846830443184966e-08,284.2601585232323,0
34.016666666666666,46.7502663404808,4.986463409332914e-08,284.04104166053855,0
34.03333333333333,46.79131303498932,4.890148938182073e-08,283.82209369119704,0
34.05,46.83232808943966,4.795702508179818e-08,283.6033144851898,0
34.06666666666667,46.873311528218714,4.703087723613223e-08,283.3847039125963,0
34.083333333333336,46.914263375694595,4.6122689014273775e-08,283.16626184359296,0
34.1,46.95518365621673,4.523211057193773e-08,282.94798814845325,0
34.11666666666667,46.996072394115785,4.435879891356519e-08,282.72988269754774,0
34.13333333333333,47.036929613703705,4.35024177575126e-08,282.5119453613441,0
34.15,47.07775533927375,4.2662637403908173e-08,282.2941760104069,0
34.166666666666664,47.11854959510047,4.183913460512662e-08,282.0765745153977,0
34.18333333333333,47.15931240543979,4.103159243882753e-08,281.85914074707495,0
34.2,47.20004379452892,4.0239700183507516e-08,281.6418745762942,0
34.21666666666667,47.24074378658648,3.94631531965164e-08,281.42477587400776,0
34.233333333333334,47.28141240581239,3.8701652794485524e-08,281.20784451126485,0
34.25,47.322049676388005,3.7954906136124793e-08,280.99108035921154,0
34.266666666666666,47.36265562247607,3.72226261073369e-08,280.77448328909077,0
34.28333333333333,47.40323026822072,3.650453120860451e-08,280.55805317224224,0
34.3,47.44377363774752,3.580034544460623e-08,280.34178988010245,0
34.31666666666667,47.48428575516348,3.510979821601345e-08,280.12569328420454,0
34.333333333333336,47.52476664455703,3.4432624213430016e-08,279.9097632561784,0
34.35,47.56521632999814,3.376856331342568e-08,279.69399966775063,0
34.36666666666667,47.60563483553814,3.311736047662726e-08,279.4784023907445,0
34.38333333333333,47.646022185209965,3.2478765647823765e-08,279.26297129707973,0
34.4,47.68637840302797,3.185253365804504e-08,279.04770625877273,0
34.416666666666664,47.726703512988095,3.123842412857614e-08,278.83260714793647,0
34.43333333333333,47.766997539067766,3.0636201376868634e-08,278.6176738367802,0
34.45,47.807260505225976,3.00456343243107e-08,278.40290619761,0
34.46666666666667,47.84749243540326,2.946649640581789e-08,278.188304102828,0
34.483333333333334,47.887693353521755,2.8898565481211802e-08,277.973867424933,0
34.5,47.927863283485145,2.8341623748346752e-08,277.75959603652,0
34.516666666666666,47.96800224917877,2.7795457657953536e-08,277.5454898102804,0
34.53333333333333,48.00811027446953,2.7259857830163437e-08,277.33154861900164,0
34.55,48.048187383205985,2.673461897268092e-08,277.1177723355676,0
34.56666666666667,48.08823359921832,2.6219539800570693e-08,276.90416083295844,0
34.583333333333336,48.1282489463184,2.571442295762877e-08,276.6907139842503,0
34.6,48.16823344829972,2.5219074939304028e-08,276.47743166261534,0
34.61666666666667,48.2081871289375,2.473330601714199e-08,276.26431374132204,0
34.63333333333333,48.248110011988636,2.4256930164717856e-08,276.05136009373473,0
34.65,48.28800212119173,2.378976498503176e-08,275.8385705933138,0
34.666666666666664,48.32786348026712,2.333163163933517e-08,275.62594511361544,0
34.68333333333333,48.36769411291685,2.2882354777361327e-08,275.41348352829175,0
34.7,48.40749404282477,2.2441762468931234e-08,275.201185711091,0
34.71666666666667,48.44726329365646,2.2009686136908545e-08,274.9890515358566,0
34.733333333333334,48.487001889059286,2.158596049147527e-08,274.7770808765285,0
34.75,48.526709852662385,2.117042346570415e-08,274.5652736071417,0
34.766666666666666,48.56638720807674,2.076291615239985e-08,274.35362960182727,0
34.78333333333333,48.60603397889512,2.0363282742185216e-08,274.14214873481154,0
34.8,48.645650188692144,1.99713704628071e-08,273.9308308804167,0
34.81666666666667,48.68523586102428,1.9587029519638558e-08,273.71967591306037,0
34.833333333333336,48.72479101942984,1.9210113037352513e-08,273.50868370725556,0
34.85,48.76431568742902,1.884047700274457e-08,273.2978541376108,0
34.86666666666667,48.80380988852392,1.847798020868154e-08,273.0871870788299,0
34.88333333333333,48.843273646198526,1.8122484199154033e-08,272.87668240571213,0
34.9,48.88270698391871,1.7773853215410785e-08,272.6663399931518,0
34.916666666666664,48.92210992513234,1.7431954143153596e-08,272.4561597161386,0
34.93333333333333,48.96148249326915,1.7096656460771187e-08,272.2461414497573,0
34.95,49.00082471174091,1.6767832188592433e-08,272.03628506918784,0
34.96666666666667,49.040136603941285,1.644535583913822e-08,271.8265904497052,0
34.983333333333334,49.079418193245964,1.612910436835171e-08,271.6170574666794,0
35.0,49.118669503012626,1.5818957127789052e-08,271.4076859955753,0
35.016666666666666,49.157890556580966,1.5514795817749534e-08,271.19847591195287,0
35.03333333333333,49.197081377272674,1.5216504441328472e-08,270.9894270914667,0
35.05,49.23624198839152,1.4923969259373438e-08,270.7805394098664,0
35.06666666666667,49.27537241322331,1.4637078746326519e-08,270.571812742996,0
35.083333333333336,49.31447267503587,1.4355723546934305e-08,270.3632469667945,0
35.1,49.35354279707918,1.4079796433809748e-08,270.1548419572956,0
35.11666666666667,49.39258280258526,1.3809192265827638e-08,269.9465975906273,0
35.13333333333333,49.43159271476826,1.3543807947338261e-08,269.7385137430123,0
35.15,49.470572556785825,1.3283542388182479e-08,269.5305902936306,0
35.166666666666664,49.5095223518557,1.3028296464768973e-08,269.3228271159761,0
35.18333333333333,49.54844212313841,1.27779729808347e-08,269.1152240865557,0
35.2,49.58733189377662,1.253247663053742e-08,268.9077810819705,0
35.21666666666667,49.62619168689521,1.2291713961310839e-08,268.700497978916,0
35.233333333333334,49.6650215256012,1.2055593337638443e-08,268.4933746541818,0
35.25,49.703821432983844,1.1824024905553846e-08,268.2864109846516,0
35.266666666666666,49.7425914321146,1.1596920557840191e-08,268.079606847303,0
35.28333333333333,49.78133154604716,1.1374193899913065e-08,267.8729621192079,0
35.3,49.82004179781744,1.1155760216373463e-08,267.666476677532,0
35.31666666666667,49.85872221044361,1.0941536438217232e-08,267.460150399535,0
35.333333333333336,49.897372806926114,1.0731441110688355e-08,267.25398316256997,0
35.35,49.935993610247706,1.0525394361762995e-08,267.04797484408437,0
35.36666666666667,49.97458464337338,1.0323317871252069e-08,266.8421253216191,0
35.38333333333333,50.01314592925049,1.012513484051022e-08,266.63643447280856,0
35.4,50.05167749080867,9.930769962738818e-09,266.4309021753809,0
35.416666666666664,50.09017935095993,9.74014939387182e-09,266.2255283071579,0
35.43333333333333,50.12865153259857,9.553200724032572e-09,266.0203127460546,0
35.45,50.167094058601315,9.369852949550332e-09,265.8152553700797,0
35.46666666666667,50.20550695182722,9.190036445525844e-09,265.61035605733497,0
35.483333333333334,50.24389023511777,9.013682938934743e-09,265.4056146860158,0
35.5,50.2822439312968,8.840725482257907e-09,265.20103113441036,0
35.516666666666666,50.3205680631706,8.671098427629547e-09,264.99660528090055,0
35.53333333333333,50.358862653527886,8.504737401491403e-09,264.79233700396105,0
35.55,50.3971277251398,8.34157927974397e-09,264.5882261821597,0
35.56666666666667,50.435363300759946,8.181562163384641e-09,264.38427269415735,0
35.583333333333336,50.47356940312441,8.024625354623292e-09,264.18047641870754,0
35.6,50.511746054951715,7.870709333465792e-09,263.9768372346571,0
35.61666666666667,50.549893278942946,7.719755734756259e-09,263.7733550209455,0
35.63333333333333,50.58801109778165,7.571707325669075e-09,263.5700296566047,0
35.65,50.62609953413393,7.4265079836417254e-09,263.3668610207598,0
35.666666666666664,50.66415861064837,7.28410267473986e-09,263.16384899262823,0
35.68333333333333,50.70218834995617,7.144437432445984e-09,262.9609934515201,0
35.7,50.74018877467103,7.0074593368634995e-09,262.7582942768379,0
35.71666666666667,50.77815990738929,6.87311649432791e-09,262.55575134807685,0
35.733333333333334,50.816101770689826,6.741358017417051e-09,262.3533645448242,0
35.75,50.85401438713414,6.612134005352728e-09,262.1511337467599,0
35.766666666666666,50.89189777926634,6.4853955247859924e-09,261.94905883365584,0
35.78333333333333,50.929751969613164,6.36109459095821e-09,261.74713968537617,0
35.8,50.96757698068401,6.2391841492309715e-09,261.5453761818773,0
35.81666666666667,51.00537283497091,6.1196180569773266e-09,261.34376820320773,0
35.833333333333336,51.04313955494857,6.002351065827315e-09,261.1423156295077,0
35.85,51.08087716307438,5.887338804260569e-09,260.9410183410098,0
35.86666666666667,51.11858568178844,5.774537760539901e-09,260.73987621803815,0
35.88333333333333,51.156265133513536,5.663905265978067e-09,260.5388891410089,0
35.9,51.193915540655155,5.5553994785322675e-09,260.3380569904298,0
35.916666666666664,51.23153692560156,5.4489793667190926e-09,260.1373796469005,0
35.93333333333333,51.26912931072377,5.344604693844091e-09,259.9368569911121,0
35.95,51.30669271837553,5.242236002539601e-09,259.7364889038475,0
35.96666666666667,51.344227170893376,5.141834599604836e-09,259.5362752659807,0
35.983333333333334,51.38173269059662,5.0433625411422735e-09,259.33621595847757,0
36.0,51.41920929978738,4.946782617984526e-09,259.13631086239513,0
36.016666666666666,51.4566570207506,4.852058341405928e-09,258.9365598588819,0
36.03333333333333,51.494075875754035,4.759153929113405e-09,258.7369628291773,0
36.05,51.531465887048284,4.668034291510987e-09,258.5375196546123,0
36.06666666666667,51.56882707686682,4.578665018232556e-09,258.33823021660885,0
36.083333333333336,51.60615946742595,4.491012364937855e-09,258.13909439668,0
36.1,51.64346308092487,4.405043240366174e-09,257.94011207642967,0
36.11666666666667,51.680737939545686,4.320725193642999e-09,257.74128313755295,0
36.13333333333333,51.71798406545339,4.238026401834412e-09,257.54260746183553,0
36.15,51.755201480795904,4.156915657744615e-09,257.34408493115416,0
36.166666666666664,51.792390207704074,4.077362357951603e-09,257.14571542747615,0
36.18333333333333,51.829550268291705,3.999336491076402e-09,256.9474988328595,0
36.2,51.86668168465554,3.9228086262812445e-09,256.749435029453,0
36.21666666666667,51.903784478875295,3.847749901992364e-09,256.55152389949575,0
36.233333333333334,51.94085867301369,3.774132014842647e-09,256.35376532531745,0
36.25,51.97790428911644,3.7019272088302872e-09,256.15615918933827,0
36.266666666666666,52.01492134921224,3.6311082646887116e-09,255.9587053740685,0
36.28333333333333,52.05190987531284,3.5616484894641723e-09,255.76140376210904,0
36.3,52.08886988941301,3.493521706296364e-09,255.56425423615093,0
36.31666666666667,52.125801413490585,3.4267022443986258e-09,255.36725667897514,0
36.333333333333336,52.16270446950645,3.3611649292333457e-09,255.1704109734531,0
36.35,52.19957907940456,3.296885072879145e-09,254.97371700254595,0
36.36666666666667,52.23642526511196,3.2338384645857576e-09,254.77717464930492,0
36.38333333333333,52.27324304853882,3.172001361513132e-09,254.58078379687132,0
36.4,52.3100324515784,3.1113504796510804e-09,254.38454432847595,0
36.416666666666664,52.3467934961071,3.0518629849158842e-09,254.18845612743962,0
36.43333333333333,52.383526203984424,2.9935164844205606e-09,253.99251907717274,0
36.45,52.420230597053084,2.9362890179150877e-09,253.79673306117544,0
36.46666666666667,52.456906697138926,2.880159049393623e-09,253.6010979630375,0
36.483333333333334,52.493554526050985,2.8251054588651665e-09,253.40561366643794,0
36.5,52.53017410558147,2.7711075342845295e-09,253.21028005514557,0
36.516666666666666,52.56676545750582,2.7181449636406585e-09,253.01509701301833,0
36.53333333333333,52.603328603582675,2.6661978271988887e-09,252.82006442400356,0
36.55,52.639863565553924,2.6152465898944757e-09,252.6251821721378,0
36.56666666666667,52.67637036514468,2.565272093874147e-09,252.43045014154697,0
36.583333333333336,52.7128490240633,2.5162555511829857e-09,252.23586821644594,0
36.6,52.74929956400147,2.4681785365936787e-09,252.04143628113857,0
36.61666666666667,52.785722006634074,2.421022980575411e-09,251.8471542200179,0
36.63333333333333,52.822116373619345,2.374771162399641e-09,251.65302191756578,0
36.65,52.85848268659882,2.3294057033800548e-09,251.45903925835296,0
36.666666666666664,52.89482096719734,2.2849095602441955e-09,251.26520612703905,0
36.68333333333333,52.93113123702309,2.2412660186339858e-09,251.0715224083722,0
36.7,52.96741351766761,2.198458686732842e-09,250.87798798718947,0
36.71666666666667,53.00366783070577,2.1564714890167452e-09,250.6846027484164,0
36.733333333333334,53.03989419769586,2.1152886601269167e-09,250.491366577067,0
36.75,53.076092640179475,2.0748947388617508e-09,250.2982793582439,0
36.766666666666666,53.11226317968169,2.0352745622855284e-09,250.10534097713798,0
36.78333333333333,53.14840583771095,1.996413259951864e-09,249.91255131902855,0
36.8,53.18452063575913,1.958296248239392e-09,249.71991026928328,0
36.81666666666667,53.22060759530152,1.9209092247977013e-09,249.52741771335778,0
36.833333333333336,53.256666737796884,1.8842381631012033e-09,249.33507353679613,0
36.85,53.292698084687466,1.8482693071090028e-09,249.14287762523026,0
36.86666666666667,53.32870165739892,1.8129891660284877e-09,248.95082986438027,0
36.88333333333333,53.364677477340436,1.7783845091808218e-09,248.75893014005413,0
36.9,53.4006255659047,1.7444423609661654e-09,248.56717833814764,0
36.916666666666664,53.436545944467895,1.7111499959268291e-09,248.37557434464452,0
36.93333333333333,53.47243863438973,1.6784949339063585e-09,248.18411804561615,0
36.95,53.50830365701346,1.6464649353026698e-09,247.9928093272217,0
36.96666666666667,53.54414103366587,1.61504799641349e-09,247.80164807570793,0
36.983333333333334,53.579950785657346,1.5842323448721946e-09,247.6106341774092,0
37.0,53.615732934281795,1.5540064351723162e-09,247.4197675187471,0
37.016666666666666,53.651487500816756,1.5243589442790516e-09,247.22904798623105,0
37.03333333333333,53.68721450652335,1.4952787673259601e-09,247.03847546645758,0
37.05,53.722913972646325,1.4667550133952825e-09,246.8480498461106,0
37.06666666666667,53.75858592041403,1.4387770013802195e-09,246.65777101196122,0
37.083333333333336,53.79423037103846,1.4113342559275341e-09,246.4676388508677,0
37.1,53.82984734571529,1.3844165034589628e-09,246.27765324977537,0
37.11666666666667,53.86543686562382,1.3580136682699015e-09,246.0878140957168,0
37.13333333333333,53.90099895192702,1.3321158687037868e-09,245.89812127581123,0
37.15,53.93653362577159,1.3067134134007879e-09,245.70857467726512,0
37.166666666666664,53.972040908287916,1.2817967976192851e-09,245.5191741873715,0
37.18333333333333,54.007520820590074,1.257356699628777e-09,245.32991969351036,0
37.2,54.04297338377587,1.2333839771727853e-09,245.1408110831483,0
37.21666666666667,54.07839861892689,1.209869664000381e-09,244.9518482438386,0
37.233333333333334,54.11379654710842,1.1868049664650493e-09,244.76303106322118,0
37.25,54.14916718936954,1.1641812601895272e-09,244.57435942902245,0
37.266666666666666,54.18451056674311,1.1419900867953347e-09,244.3858332290551,0
37.28333333333333,54.21982670024574,1.120223150695792e-09,244.1974523512185,0
37.3,54.25511561087787,1.0988723159512164e-09,244.00921668349807,0
37.31666666666667,54.290377319623765,1.0779296031851097e-09,243.8211261139657,0
37.333333333333336,54.32561184745149,1.0573871865601763e-09,243.6331805307794,0
37.35,54.36081921531295,1.0372373908129715e-09,243.4453798221832,0
37.36666666666667,54.395999444143925,1.0174726883460584e-09,243.25772387650733,0
37.38333333333333,54.43115255486402,9.98085696376538e-10,243.07021258216793,0
37.4,54.46627856837676,9.790691741398756e-10,242.8828458276672,0
37.416666666666664,54.50137750556953,9.604160201479188e-10,242.69562350159302,0
37.43333333333333,54.5364493873136,9.421192695000842e-10,242.5085454926193,0
37.45,54.57149423446422,9.241720912466292e-10,242.3216116895055,0
37.46666666666667,54.60651206786047,9.065677858030828e-10,242.13482198109676,0
37.483333333333334,54.64150290832545,8.892997824147162e-10,241.94817625632393,0
37.5,54.676466776666146,8.723616366701975e-10,241.76167440420338,0
37.516666666666666,54.71140369367357,8.557470280634003e-10,241.5753163138369,0
37.53333333333333,54.746313680122654,8.394497576024516e-10,241.3891018744118,0
37.55,54.781196756772346,8.234637454650953e-10,241.20303097520068,0
37.56666666666667,54.81605294436556,8.077830286994957e-10,241.0171035055613,0
37.583333333333336,54.85088226362927,7.924017589695523e-10,240.83131935493688,0
37.6,54.885684735274445,7.773142003438788e-10,240.6456784128557,0
37.61666666666667,54.92046037999609,7.625147271276308e-10,240.46018056893104,0
37.63333333333333,54.95520921847327,7.479978217362941e-10,240.27482571286131,0
37.65,54.98993127136911,7.337580726106462e-10,240.08961373442983,0
37.666666666666664,55.02462655933079,7.197901721720999e-10,239.90454452350488,0
37.68333333333333,55.05929510298959,7.06088914817608e-10,239.71961797003954,0
37.7,55.09393692296091,6.926491949534085e-10,239.5348339640717,0
37.71666666666667,55.128552039844195,6.79466005066813e-10,239.3501923957239,0
37.733333333333334,55.16314047422307,6.665344338353286e-10,239.16569315520331,0
37.75,55.19770224666527,6.538496642723398e-10,238.9813361328017,0
37.766666666666666,55.23223737772269,6.414069719087373e-10,238.7971212188954,0
37.78333333333333,55.26674588793137,6.292017230096621e-10,238.61304830394508,0
37.8,55.301227797811535,6.172293728258043e-10,238.4291172784959,0
37.81666666666667,55.33568312786758,6.054854638785153e-10,238.24532803317743,0
37.833333333333336,55.3701118985881,5.939656242780879e-10,238.06168045870325,0
37.85,55.40451413044589,5.826655660745844e-10,237.87817444587125,0
37.86666666666667,55.438889843897975,5.715810836405378e-10,237.6948098855636,0
37.88333333333333,55.47323905938562,5.607080520849652e-10,237.51158666874622,0
37.9,55.50756179733432,5.500424256980222e-10,237.32850468646927,0
37.916666666666664,55.541858078153815,5.395802364257556e-10,237.14556382986686,0
37.93333333333333,55.57612792223813,5.293175923743273e-10,236.96276399015676,0
37.95,55.610371349965575,5.192506763431847e-10,236.78010505864077,0
37.96666666666667,55.64458838169874,5.093757443865579e-10,236.59758692670437,0
37.983333333333334,55.67877903778451,4.996891244027872e-10,236.41520948581663,0
38.0,55.71294333855411,4.901872147509135e-10,236.23297262753036,0
38.016666666666666,55.74708130432309,4.808664828940028e-10,236.05087624348187,0
38.03333333333333,55.78119295539131,4.717234640686899e-10,235.86892022539104,0
38.05,55.81527831204305,4.6275475998043685e-10,235.687104465061,0
38.06666666666667,55.849337394546865,4.5395703752400327e-10,235.5054288543784,0
38.083333333333336,55.883370223155765,4.4532702752863476e-10,235.32389328531306,0
38.1,55.91737681810711,4.3686152352750095e-10,235.14249764991823,0
38.11666666666667,55.95135719962264,4.285573805509041e-10,234.96124184033016,0
38.13333333333333,55.98531138790857,4.2041151394279636e-10,234.78012574876826,0
38.15,56.01923940315549,4.1242089820015837e-10,234.59914926753504,0
38.166666666666664,56.053141265538436,4.0458256583479544e-10,234.4183122890159,0
38.18333333333333,56.08701699521691,3.968936062571184e-10,234.23761470567922,0
38.2,56.12086661233487,3.8935116468146957e-10,234.0570564100762,0
38.21666666666667,56.15469013702072,3.81952441052598e-10,233.87663729484086,0
38.233333333333334,56.18848758938739,3.746946889928549e-10,233.69635725269004,0
38.25,56.22225898953228,3.67575214769722e-10,233.51621617642303,0
38.266666666666666,56.2560043575373,3.605913762832573e-10,233.33621395892195,0
38.28333333333333,56.289723713468874,3.5374058207310576e-10,233.1563504931513,0
38.3,56.32341707737799,3.470202903446641e-10,232.9766256721581,0
38.31666666666667,56.35708446930015,3.4042800801404694e-10,232.79703938907176,0
38.333333333333336,56.39072590925542,3.3396128977147544e-10,232.61759153710415,0
38.35,56.42434141724844,3.2761773716274963e-10,232.4382820095494,0
38.36666666666667,56.457931013268436,3.2139499768844487e-10,232.25911069978372,0
38.38333333333333,56.49149471728921,3.1529076392047807e-10,232.08007750126563,0
38.4,56.525032549269184,3.093027726357344e-10,231.90118230753572,0
38.416666666666664,56.55854452915135,3.0342880396638624e-10,231.72242501221658,0
38.43333333333333,56.5920306768634,2.976666805666279e-10,231.54380550901274,0
38.45,56.62549101231763,2.9201426679545904e-10,231.36532369171076,0
38.46666666666667,56.65892555541097,2.864694679152466e-10,231.18697945417892,0
38.483333333333334,56.69233432602503,2.8103022930573506e-10,231.0087726903675,0
38.5,56.7257173440261,2.756945356932157e-10,230.83070329430817,0
38.516666666666666,56.75907462926514,2.704604103945586e-10,230.65277116011453,0
38.53333333333333,56.79240620157785,2.653259145758241e-10,230.47497618198173,0
38.55,56.82571208078459,2.6028914652516027e-10,230.29731825418637,0
38.56666666666667,56.85899228669046,2.5534824093973076e-10,230.11979727108655,0
38.583333333333336,56.892246839085296,2.505013682263712e-10,229.94241312712185,0
38.6,56.9254757577437,2.4574673381574277e-10,229.76516571681313,0
38.61666666666667,56.958679062424984,2.410825774896938e-10,229.58805493476262,0
38.63333333333333,56.99185677287327,2.3650717272158753e-10,229.41108067565358,0
38.65,57.02500890881745,2.3201882602934436e-10,229.23424283425067,0
38.666666666666664,57.0581354899712,2.2761587634095018e-10,229.0575413053995,0
38.68333333333333,57.091236536033,2.2329669437218504e-10,228.88097598402672,0
38.7,57.124312066686144,2.1905968201635116e-10,228.7045467651401,0
38.71666666666667,57.15736210159879,2.149032717457498e-10,228.5282535438281,0
38.733333333333334,57.19038666042388,2.1082592602468687e-10,228.35209621526025,0
38.75,57.22338576279925,2.0682613673379478e-10,228.17607467468676,0
38.766666666666666,57.25635942834759,2.0290242460543303e-10,228.0001888174385,0
38.78333333333333,57.28930767667643,1.990533386699689e-10,227.82443853892715,0
38.8,57.322230527378224,1.9527745571271738e-10,227.64882373464485,0
38.81666666666667,57.35512800003032,1.9157337974134037e-10,227.47334430016443,0
38.833333333333336,57.388000114194966,1.8793974146350437e-10,227.29800013113908,0
38.85,57.42084688941933,1.8437519777459002e-10,227.12279112330248,0
38.86666666666667,57.45366834523551,1.8087843125526727e-10,226.9477171724686,0
38.88333333333333,57.486464501160576,1.774481496787448e-10,226.7727781745318,0
38.9,57.519235376696514,1.7408308552750047e-10,226.59797402546653,0
38.916666666666664,57.551980991330296,1.7078199551931536e-10,226.4233046213276,0
38.93333333333333,57.58470136453388,1.6754366014243462e-10,226.24876985824983,0
38.95,57.6173965157642,1.643668831996678e-10,226.074369632448,0
38.96666666666667,57.65006646446319,1.6125049136126497e-10,225.90010384021707,0
38.983333333333334,57.68271123005782,1.5819333372640156e-10,225.72597237793173,0
39.0,57.71533083196007,1.5519428139308956e-10,225.55197514204664,0
39.016666666666666,57.74792528956696,1.5225222703637852e-10,225.3781120290963,0
39.03333333333333,57.780494622260534,1.493660844946576e-10,225.20438293569478,0
39.05,57.81303884940795,1.465347883639253e-10,225.0307877585361,0
39.06666666666667,57.8455579903614,1.4375729359985937e-10,224.85732639439368,0
39.083333333333336,57.87805206445815,1.4103257512754166e-10,224.6839987401206,0
39.1,57.91052109102058,1.3835962745868948e-10,224.51080469264934,0
39.11666666666667,57.942965089356164,1.3573746431624924e-10,224.33774414899187,0
39.13333333333333,57.975384078757514,1.3316511826620655e-10,224.16481700623967,0
39.15,58.007778078502355,1.306416403564799e-10,223.9920231615633,0
39.166666666666664,58.04014710785355,1.2816609976275303e-10,223.8193625122127,0
39.18333333333333,58.07249118605913,1.2573758344112286e-10,223.64683495551708,0
39.2,58.10481033235227,1.2335519578741835e-10,223.47444038888455,0
39.21666666666667,58.137104565951326,1.2101805830307431e-10,223.3021787098025,0
39.233333333333334,58.16937390605982,1.1872530926742254e-10,223.13004981583714,0
39.25,58.201618371866516,1.1647610341628909e-10,222.95805360463388,0
39.266666666666666,58.23383798254535,1.1426961162675974e-10,222.78618997391695,0
39.28333333333333,58.26603275725549,1.1210502060801139e-10,222.61445882148914,0
39.3,58.29820271514136,1.0998153259808096e-10,222.4428600452324,0
39.31666666666667,58.33034787533257,1.0789836506646151e-10,222.27139354310705,0
39.333333333333336,58.36246825694405,1.0585475042241373e-10,222.1000592131522,0
39.35,58.39456387907593,1.0384993572887944e-10,221.9288569534857,0
39.36666666666667,58.426634760813684,1.0188318242189487e-10,221.7577866623036,0
39.38333333333333,58.458680921228016,9.995376603539059e-11,221.5868482378807,0
39.4,58.49070237937496,9.806097593127989e-11,221.41604157857003,0
39.416666666666664,58.52269915429586,9.620411503473041e-11,221.2453665828031,0
39.43333333333333,58.554671265017376,9.438249957452064e-11,221.07482314908953,0
39.45,58.586618730551514,9.25954588283821e-11,220.90441117601736,0
39.46666666666667,58.618541569895605,9.084233487323531e-11,220.73413056225266,0
39.483333333333334,58.65043980203235,8.912248234021552e-11,220.5639812065396,0
39.5,58.68231344592981,8.74352681744086e-11,220.3939630077005,0
39.516666666666666,58.714162520541414,8.578007139919692e-11,220.22407586463558,0
39.53333333333333,58.74598704480603,8.41562828851265e-11,220.054319676323,0
39.55,58.77778703764786,8.2563305123219e-11,219.8846943418188,0
39.56666666666667,58.80956251797657,8.100055200262828e-11,219.71519976025678,0
39.583333333333336,58.84131350468724,7.946744859256688e-11,219.54583583084857,0
39.6,58.87304001666036,7.796343092841868e-11,219.37660245288342,0
39.61666666666667,58.90474207276189,7.648794580195647e-11,219.20749952572817,0
39.63333333333333,58.93641969184324,7.504045055558438e-11,219.03852694882724,0
39.65,58.96807289274128,7.362041288052917e-11,218.86968462170265,0
39.666666666666664,58.99970169427839,7.22273106189045e-11,218.70097244395382,0
39.68333333333333,59.0313061152624,7.08606315695723e-11,218.53239031525746,0
39.7,59.06288617448668,6.951987329772808e-11,218.36393813536776,0
39.71666666666667,59.09444189073008,6.820454294814111e-11,218.19561580411604,0
39.733333333333334,59.12597328275701,6.691415706197531e-11,218.02742322141088,0
39.75,59.15748036931738,6.564824139712542e-11,217.85936028723808,0
39.766666666666666,59.188963169146675,6.440633075199722e-11,217.69142690166038,0
39.78333333333333,59.220421700965915,6.318796879267031e-11,217.52362296481766,0
39.8,59.251855983481725,6.199270788337287e-11,217.3559483769268,0
39.81666666666667,59.28326603538627,6.082010892020772e-11,217.18840303828145,0
39.833333333333336,59.31465187535733,5.966974116806951e-11,217.02098684925224,0
39.85,59.34601352205826,5.85411821006849e-11,216.85369971028655,0
39.86666666666667,59.37735099413807,5.7434017243722875e-11,216.68654152190848,0
39.88333333333333,59.40866431023137,5.634784002091035e-11,216.51951218471876,0
39.9,59.43995348895842,5.5282251603100056e-11,216.3526115993948,0
39.916666666666664,59.471218548925115,5.423686076023022e-11,216.18583966669064,0
39.93333333333333,59.502459508723,5.321128371612215e-11,216.01919628743667,0
39.95,59.5336763869293,5.220514400606079e-11,215.8526813625398,0
39.96666666666667,59.56486920210693,5.121807233710592e-11,215.68629479298332,0
39.983333333333334,59.59603797280446,5.0249706451077847e-11,215.52003647982676,0
40.0,59.62718271755622,4.929969099017178e-11,215.353906324206,0
40.016666666666666,59.658303454882194,4.836767736514459e-11,215.18790422733318,0
40.03333333333333,59.68940020328815,4.7453323626029436e-11,215.02203009049643,0
40.05,59.72047298126554,4.6556294335325254e-11,214.85628381506,0
40.06666666666667,59.75152180729157,4.567626044361746e-11,214.6906653024642,0
40.083333333333336,59.782546699829226,4.481289916757967e-11,214.52517445422535,0
40.1,59.81354767732726,4.396589387031486e-11,214.35981117193575,0
40.11666666666667,59.84452475822017,4.313493394398494e-11,214.19457535726326,0
40.13333333333333,59.875477960928286,4.2319714694691803e-11,214.02946691195194,0
40.15,59.90640730385772,4.15199372295615e-11,213.86448573782118,0
40.166666666666664,59.93731280540038,4.073530834599001e-11,213.69963173676626,0
40.18333333333333,59.96819448393402,3.996554042301186e-11,213.53490481075812,0
40.2,59.99905235782223,3.921035131474763e-11,213.37030486184315,0
40.21666666666667,60.029886445414434,3.8469464245890906e-11,213.20583179214333,0
40.233333333333334,60.060696765045904,3.774260770919853e-11,213.04148550385602,0
40.25,60.09148333503779,3.7029515364941066e-11,212.87726589925398,0
40.266666666666666,60.122246173697114,3.632992594227898e-11,212.7131728806853,0
40.28333333333333,60.1529852993168,3.564358314252725e-11,212.54920635057334,0
40.3,60.18370073017567,3.497023554427054e-11,212.38536621141674,0
40.31666666666667,60.214392484538436,3.430963651029536e-11,212.22165236578917,0
40.333333333333336,60.24506058065574,3.366154409630258e-11,212.05806471633943,0
40.35,60.275705036764165,3.30257209613677e-11,211.8946031657914,0
40.36666666666667,60.30632587108621,3.240193428011455e-11,211.731267616944,0
40.38333333333333,60.33692310183037,3.1789955656568466e-11,211.56805797267094,0
40.4,60.36749674719107,3.1189561039659307e-11,211.40497413592087,0
40.416666666666664,60.39804682534873,3.0600530640339995e-11,211.2420160097172,0
40.43333333333333,60.42857335446975,3.0022648850291154e-11,211.0791834971582,0
40.45,60.459076352706504,2.945570416218108e-11,210.91647650141672,0
40.46666666666667,60.48955583819741,2.8899489091450575e-11,210.75389492574027,0
40.483333333333334,60.52001182906688,2.8353800099594366e-11,210.5914386734509,0
40.5,60.55044434342538,2.7818437518909834e-11,210.4291076479453,0
40.516666666666666,60.58085339936938,2.729320547868455e-11,210.26690175269454,0
40.53333333333333,60.61123901498145,2.677791183279581e-11,210.1048208912441,0
40.55,60.64160120833017,2.6272368088694703e-11,209.94286496721378,0
40.56666666666667,60.6719399974702,2.5776389337748187e-11,209.78103388429776,0
40.583333333333336,60.70225540044231,2.5289794186912834e-11,209.61932754626437,0
40.6,60.732547435273354,2.4812404691714566e-11,209.45774585695617,0
40.61666666666667,60.76281611997629,2.4344046290511362e-11,209.29628872028977,0
40.63333333333333,60.79306147255018,2.3884547740010614e-11,209.1349560402559,0
40.65,60.82328351098021,2.3433741052020385e-11,208.9737477209193,0
40.666666666666664,60.85348225323773,2.299146143140985e-11,208.8126636664186,0
40.68333333333333,60.883657717280215,2.255754721525409e-11,208.65170378096641,0
40.7,60.91380992105129,2.213183981314427e-11,208.49086796884913,0
40.71666666666667,60.94393888248076,2.1714183648636375e-11,208.33015613442686,0
40.733333333333334,60.97404461948462,2.1304426101820255e-11,208.16956818213356,0
40.75,61.00412714996503,2.0902417452985768e-11,208.00910401647678,0
40.766666666666666,61.03418649181039,2.0508010827364958e-11,207.84876354203766,0
40.78333333333333,61.06422266289526,2.012106214093106e-11,207.68854666347093,0
40.8,61.094235681080455,1.9741430047231983e-11,207.52845328550472,0
40.81666666666667,61.12422556421303,1.9368975885239902e-11,207.36848331294078,0
40.833333333333336,61.15419233012625,1.900356362819752e-11,207.20863665065414,0
40.85,61.18413599663965,1.8645059833440963e-11,207.04891320359303,0
40.86666666666667,61.21405658155903,1.8293333593181525e-11,206.88931287677914,0
40.88333333333333,61.24395410267646,1.7948256486226963e-11,206.72983557530728,0
40.9,61.27382857777032,1.760970253062544e-11,206.57048120434544,0
40.916666666666664,61.30368002460524,1.727754813721368e-11,206.41124966913475,0
40.93333333333333,61.3335084609322,1.6951672064052313e-11,206.25214087498927,0
40.95,61.36331390448848,1.663195537173068e-11,206.09315472729617,0
40.96666666666667,61.39309637299769,1.6318281379526205e-11,205.93429113151535,0
40.983333333333334,61.42285588416976,1.6010535622399664e-11,205.77554999317982,0
41.0,61.452592455700994,1.5708605808812598e-11,205.61693121789526,0
41.016666666666666,61.482306105274034,1.5412381779349077e-11,205.45843471134026,0
41.03333333333333,61.51199685055791,1.5121755466128066e-11,205.30006037926591,0
41.05,61.541664709208014,1.4836620852990158e-11,205.14180812749603,0
41.06666666666667,61.57130969886615,1.4556873936444933e-11,204.9836778619271,0
41.083333333333336,61.600931837160516,1.4282412687362456e-11,204.8256694885281,0
41.1,61.6305311417057,1.4013137013397266e-11,204.66778291334046,0
41.11666666666667,61.66010763010275,1.3748948722128692e-11,204.51001804247804,0
41.13333333333333,61.689661319939134,1.348975148490496e-11,204.35237478212716,0
41.15,61.71919222878871,1.3235450801376828e-11,204.19485303854623,0
41.166666666666664,61.74870037421187,1.2985953964708456e-11,204.0374527180662,0
41.18333333333333,61.77818577375543,1.274117002745178e-11,203.88017372709004,0
41.2,61.80764844495268,1.250100976807199e-11,203.72301597209298,0
41.21666666666667,61.83708840532341,1.2265385658111665e-11,203.5659793596221,0
41.233333333333334,61.86650567237388,1.2034211829981489e-11,203.4090637962969,0
41.25,61.895900263596886,1.1807404045365115e-11,203.25226918880855,0
41.266666666666666,61.92527219647171,1.1584879664226734e-11,203.0955954439203,0
41.28333333333333,61.95462148846418,1.1366557614410113e-11,202.9390424684671,0
41.3,61.98394815702665,1.1152358361817137e-11,202.78261016935593,0
41.31666666666667,62.013252219598044,1.0942203881154963e-11,202.62629845356545,0
41.333333333333336,62.0425336936038,1.0736017627241659e-11,202.4701072281459,0
41.35,62.071792596455964,1.053372450685828e-11,202.31403640021927,0
41.36666666666667,62.10102894555315,1.0335250851138236e-11,202.1580858769792,0
41.38333333333333,62.130242758280566,1.0140524388482852e-11,202.00225556569086,0
41.4,62.159434052009985,9.949474217993428e-12,201.8465453736907,0
41.416666666666664,62.18860284409983,9.76203078340969e-12,201.69095520838687,0
41.43333333333333,62.21774915189512,9.578125847545267e-12,201.53548497725873,0
41.45,62.24687299272752,9.397692467210409e-12,201.380134587857,0
41.46666666666667,62.27597438391532,9.220664968612694e-12,201.2249039478036,0
41.483333333333334,62.30505334276348,9.046978923226716e-12,201.06979296479182,0
41.5,62.33410988656359,8.876571124123526e-12,200.91480154658598,0
41.516666666666666,62.36314403259393,8.709379562751471e-12,200.75992960102147,0
41.53333333333333,62.392155798119475,8.545343406159202e-12,200.60517703600473,0
41.55,62.42114520039187,8.384402974653157e-12,200.45054375951324,0
41.56666666666667,62.45011225664946,8.226499719880343e-12,200.2960296795955,0
41.583333333333336,62.47905698411732,8.071576203329012e-12,200.1416347043707,0
41.6,62.50797940000723,7.91957607523899e-12,199.98735874202887,0
41.61666666666667,62.536879521517704,7.770444053913646e-12,199.83320170083107,0
41.63333333333333,62.565757365834045,7.624125905426162e-12,199.6791634891088,0
41.65,62.59461295012824,7.480568423712316e-12,199.5252440152643,0
41.666666666666664,62.62344629155907,7.339719411042504e-12,199.37144318777038,0
41.68333333333333,62.65225740727208,7.2015276588657975e-12,199.21776091517046,0
41.7,62.68104631439962,7.065942929018699e-12,199.0641971060785,0
41.71666666666667,62.709813030060815,6.932915935292055e-12,198.9107516691788,0
41.733333333333334,62.738557571361625,6.8023983253487245e-12,198.75742451322617,0
41.75,62.767279955394756,6.6743426629859964e-12,198.60421554704558,0
41.766666666666666,62.79598019923981,6.548702410735355e-12,198.4511246795324,0
41.78333333333333,62.82465831996317,6.425431912793924e-12,198.29815181965228,0
41.8,62.85331433461812,6.3044863782807456e-12,198.1452968764408,0
41.81666666666667,62.881948260244734,6.18582186481191e-12,197.992559759004,0
41.833333333333336,62.91056011387001,6.069395262388345e-12,197.8399403765177,0
41.85,62.939149912507794,5.955164277590474e-12,197.68743863822783,0
41.86666666666667,62.967717673158816,5.84308741807361e-12,197.53505445345033,0
41.88333333333333,62.996263412810684,5.733123977358592e-12,197.38278773157094,0
41.9,63.024787148437966,5.625234019911894e-12,197.23063838204538,0
41.916666666666664,63.05328889700208,5.5193783665097565e-12,197.07860631439902,0
41.93333333333333,63.081768675451414,5.415518579880832e-12,196.9266914382271,0
41.95,63.110226500721275,5.313616950622081e-12,196.77489366319446,0
41.96666666666667,63.13866238973391,5.2136364833827e-12,196.62321289903556,0
41.983333333333334,63.16707635939853,5.115540883311071e-12,196.47164905555454,0
42.0,63.195468426611306,5.0192945427594634e-12,196.3202020426249,0
42.016666666666666,63.223838608255434,4.924862528241766e-12,196.16887177018978,0
42.03333333333333,63.25218692120101,4.832210567639427e-12,196.0176581482617,0
42.05,63.28051338230517,4.741305037650695e-12,195.86656108692247,0
42.06666666666667,63.30881800841207,4.65211295147884e-12,195.71558049632324,0
42.083333333333336,63.33710081635285,4.564601946754311e-12,195.56471628668442,0
42.1,63.36536182294574,4.478740273686915e-12,195.4139683682957,0
42.11666666666667,63.39360104499589,4.3944967834431634e-12,195.26333665151589,0
42.13333333333333,63.4218184992956,4.311840916744902e-12,195.1128210467728,0
42.15,63.450014202624196,4.230742692684483e-12,194.9624214645634,0
42.166666666666664,63.47818817174804,4.151172697753006e-12,194.81213781545355,0
42.18333333333333,63.50634042342061,4.07310207507696e-12,194.66197001007816,0
42.2,63.53447097438247,3.996502513859713e-12,194.51191795914096,0
42.21666666666667,63.56257984136124,3.921346239023653e-12,194.3619815734145,0
42.233333333333334,63.590667041071676,3.847606001049383e-12,194.21216076374014,0
42.25,63.618732590215636,3.775255066008066e-12,194.062455441028,0
42.266666666666666,63.64677650548213,3.7042672057832885e-12,193.91286551625672,0
42.28333333333333,63.67479880354726,3.6346166884788614e-12,193.76339090047375,0
42.3,63.70279950107431,3.5662782690088874e-12,193.61403150479504,0
42.31666666666667,63.730778614713714,3.499227179866804e-12,193.46478724040503,0
42.333333333333336,63.758736161103045,3.4334391220699016e-12,193.31565801855666,0
42.35,63.786672156867105,3.3688902562758362e-12,193.16664375057118,0
42.36666666666667,63.81458661861782,3.3055571940681944e-12,193.01774434783832,0
42.38333333333333,63.842479562954345,3.243416989407498e-12,192.868959721816,0
42.4,63.87035100646303,3.1824471302448033e-12,192.72028978403054,0
42.416666666666664,63.898200965717436,3.1226255302946093e-12,192.57173444607633,0
42.43333333333333,63.92602945727836,3.063930520964178e-12,192.42329361961598,0
42.45,63.95383649769386,3.0063408434361207e-12,192.2749672163801,0
42.46666666666667,63.981622103499156,2.9498356409015167e-12,192.12675514816746,0
42.483333333333334,64.0093862912168,2.8943944509405386e-12,191.97865732684468,0
42.5,64.03712907735657,2.839997198047878e-12,191.83067366434653,0
42.516666666666666,64.06485047841554,2.7866241863001593e-12,191.6828040726754,0
42.53333333333333,64.09255051087806,2.734256092162673e-12,191.53504846390172,0
42.55,64.12022919121574,2.682873957432736e-12,191.3874067501636,0
42.56666666666667,64.14788653588755,2.6324591823170796e-12,191.23987884366687,0
42.583333333333336,64.17552256133972,2.5829935186407773e-12,191.0924646566851,0
42.6,64.20313728400583,2.5344590631851398e-12,190.94516410155947,0
42.61666666666667,64.23073072030684,2.4868382511521117e-12,190.79797709069857,0
42.63333333333333,64.25830288665095,2.4401138497528317e-12,190.65090353657877,0
42.65,64.28585379943377,2.3942689519179187e-12,190.50394335174374,0
42.666666666666664,64.3133834750383,2.3492869701272392e-12,190.3570964488046,0
42.68333333333333,64.34089192983483,2.305151630356772e-12,190.2103627404399,0
42.7,64.36837918018111,2.2618469661404865e-12,190.06374213939526,0
42.71666666666667,64.39584524242225,2.2193573127449347e-12,189.91723455848393,0
42.733333333333334,64.42329013289073,2.177667301454412e-12,189.77083991058603,0
42.75,64.4507138679065,2.1367618539646837e-12,189.62455810864898,0
42.766666666666666,64.47811646377689,2.096626176883053e-12,189.47838906568737,0
42.78333333333333,64.50549793679667,2.0572457563329577e-12,189.33233269478274,0
42.8,64.53285830324806,2.018606352660832e-12,189.18638890908363,0
42.81666666666667,64.56019757940071,1.980693995243595e-12,189.04055762180556,0
42.833333333333336,64.58751578151174,1.94349497739455e-12,188.89483874623096,0
42.85,64.61481292582575,1.9069958513661028e-12,188.74923219570908,0
42.86666666666667,64.64208902857477,1.8711834234472136e-12,188.60373788365598,0
42.88333333333333,64.66934410597837,1.8360447491539395e-12,188.45835572355443,0
42.9,64.69657817424361,1.8015671285112273e-12,188.31308562895393,0
42.916666666666664,64.72379124956504,1.7677381014242816e-12,188.16792751347057,0
42.93333333333333,64.7509833481247,1.7345454431376564e-12,188.0228812907871,0
42.95,64.77815448609223,1.701977159780648e-12,187.8779468746527,0
42.96666666666667,64.80530467962478,1.6700214839970872e-12,187.73312417888314,0
42.983333333333334,64.832433944867,1.6386668706581024e-12,187.58841311736052,0
43.0,64.85954229795112,1.6079019926561867e-12,187.4438136040335,0
43.016666666666666,64.88662975499697,1.5777157367790954e-12,187.29932555291683,0
43.03333333333333,64.91369633211188,1.5480971996619461e-12,187.15494887809174,0
43.05,64.94074204539086,1.5190356838161724e-12,187.01068349370564,0
43.06666666666667,64.96776691091644,1.4905206937337654e-12,186.86652931397205,0
43.083333333333336,64.99477094475878,1.4625419320653818e-12,186.72248625317067,0
43.1,65.02175416297565,1.435089295870987e-12,186.5785542256472,0
43.11666666666667,65.04871658161241,1.4081528729415504e-12,186.43473314581357,0
43.13333333333333,65.07565821670212,1.3817229381905502e-12,186.2910229281474,0
43.15,65.10257908426541,1.3557899501138694e-12,186.1474234871925,0
43.166666666666664,65.12947920031063,1.3303445473168092e-12,186.00393473755827,0
43.18333333333333,65.15635858083373,1.3053775451070195e-12,185.86055659392022,0
43.2,65.18321724181835,1.280879932151922e-12,185.71728897101949,0
43.21666666666667,65.21005519923584,1.2568428671996258e-12,185.5741317836629,0
43.233333333333334,65.23687246904518,1.2332576758619151e-12,185.43108494672305,0
43.25,65.2636690671931,1.210115847458274e-12,185.28814837513804,0
43.266666666666666,65.29044500961403,1.1874090319197177e-12,185.14532198391166,0
43.28333333333333,65.3172003122301,1.1651290367513304e-12,185.0026056881131,0
43.3,65.34393499095114,1.1432678240523517e-12,184.85999940287715,0
43.31666666666667,65.3706490616748,1.121817507592779e-12,184.71750304340384,0
43.333333333333336,65.39734254028636,1.100770349945345e-12,184.57511652495876,0
43.35,65.42401544265896,1.080118759671872e-12,184.43283976287267,0
43.36666666666667,65.45066778465345,1.0598552885629404e-12,184.2906726725417,0
43.38333333333333,65.47729958211845,1.0399726289298666e-12,184.14861516942707,0
43.4,65.50391085089042,1.0204636109479902e-12,184.00666716905528,0
43.416666666666664,65.53050160679356,1.0013212000503374e-12,183.864828587018,0
43.43333333333333,65.55707186563987,9.825384943706091e-13,183.72309933897174,0
43.45,65.5836216432292,9.641087222346646e-13,183.5814793406382,0
43.46666666666667,65.61015095534916,9.460252396995193e-13,183.43996850780402,0
43.483333333333334,65.63665981777527,9.282815281389544e-13,183.29856675632072,0
43.5,65.66314824627082,9.108711918748862e-13,183.15727400210469,0
43.516666666666666,65.68961625658699,8.937879558535748e-13,183.01609016113713,0
43.53333333333333,65.7160638644628,8.770256633658987e-13,182.87501514946405,0
43.55,65.74249108562513,8.605782738107586e-13,182.73404888319612,0
43.56666666666667,65.76889793578879,8.444398605008776e-13,182.59319127850875,0
43.583333333333336,65.79528443065641,8.286046085101584e-13,182.4524422516418,0
43.6,65.82165058591853,8.13066812561784e-13,182.31180171889991,0
43.61666666666667,65.84799641725363,7.978208749563491e-13,182.1712695966521,0
43.63333333333333,65.87432194032807,7.828613035391976e-13,182.03084580133194,0
43.65,65.90062717079617,7.681827097062777e-13,181.89053024943723,0
43.666666666666664,65.92691212430013,7.537798064477269e-13,181.7503228575304,0
43.68333333333333,65.95317681647013,7.396474064285242e-13,181.61022354223795,0
43.7,65.97942126292429,7.257804201054902e-13,181.4702322202508,0
43.71666666666667,66.00564547926872,7.121738538798957e-13,181.33034880832406,0
43.733333333333334,66.03184948109747,6.988228082851089e-13,181.190573223277,0
43.75,66.05803328399256,6.857224762084915e-13,181.05090538199306,0
43.766666666666666,66.08419690352399,6.728681411469892e-13,180.91134520141964,0
43.78333333333333,66.11034035524982,6.602551754957478e-13,180.77189259856823,0
43.8,66.13646365471607,6.478790388690961e-13,180.63254749051424,0
43.81666666666667,66.16256681745678,6.357352764533332e-13,180.4933097943971,0
43.833333333333336,66.188649858994,6.238195173906803e-13,180.35417942742004,0
43.85,66.21471279483788,6.121274731938308e-13,180.2151563068501,0
43.86666666666667,66.24075564048654,6.006549361904819e-13,180.0762403500181,0
43.88333333333333,66.26677841142617,5.893977779973411e-13,179.9374314743186,0
43.9,66.29278112313105,5.783519480229608e-13,179.7987295972098,0
43.916666666666664,66.31876379106356,5.675134719989446e-13,179.6601346362136,0
43.93333333333333,66.34472643067409,5.568784505389312e-13,179.5216465089155,0
43.95,66.37066905740113,5.464430577248431e-13,179.38326513296437,0
43.96666666666667,66.39659168667131,5.362035397198801e-13,179.2449904260727,0
43.983333333333334,66.42249433389935,5.26156213407762e-13,179.1068223060163,0
44.0,66.44837701448807,5.162974650577106e-13,178.9687606906345,0
44.016666666666666,66.47423974382845,5.066237490146975e-13,178.83080549782989,0
44.03333333333333,66.50008253729956,4.971315864144397e-13,178.6929566455683,0
44.05,66.52590541026872,4.878175639227463e-13,178.55521405187886,0
44.06666666666667,66.55170837809123,4.786783324986704e-13,178.41757763485384,0
44.083333333333336,66.57749145611072,4.697106061810786e-13,178.28004731264863,0
44.1,66.60325465965892,4.609111608981589e-13,178.14262300348176,0
44.11666666666667,66.62899800405569,4.522768332994565e-13,178.00530462563486,0
44.13333333333333,66.6547215046092,4.4380451960998836e-13,177.86809209745238,0
44.15,66.68042517661573,4.3549117450602496e-13,177.73098533734188,0
44.166666666666664,66.7061090353598,4.27333810012145e-13,177.59398426377376,0
44.18333333333333,66.73177309611417,4.193294944191345e-13,177.45708879528115,0
44.2,66.75741737413975,4.114753512223495e-13,177.32029885046015,0
44.21666666666667,66.78304188468577,4.0376855808015445e-13,177.18361434796955,0
44.233333333333334,66.80864664298969,3.962063457920563e-13,177.04703520653078,0
44.25,66.83423166427718,3.887859972961423e-13,176.91056134492797,0
44.266666666666666,66.85979696376222,3.8150484668549785e-13,176.77419268200788,0
44.28333333333333,66.88534255664702,3.743602782431935e-13,176.63792913667976,0
44.3,66.91086845812212,3.673497254955349e-13,176.5017706279155,0
44.31666666666667,66.93637468336631,3.604706702831839e-13,176.36571707474928,0
44.333333333333336,66.96186124754671,3.537206418498722e-13,176.22976839627773,0
44.35,66.98732816581874,3.470972159483034e-13,176.09392451166,0
44.36666666666667,67.01277545332611,3.405980139629812e-13,175.95818534011738,0
44.38333333333333,67.0382031252009,3.3422070204960024e-13,175.82255080093333,0
44.4,67.06361119656349,3.2796299029070963e-13,175.68702081345393,0
44.416666666666664,67.08899968252263,3.218226318673276e-13,175.55159529708703,0
44.43333333333333,67.11436859817542,3.1579742224621376e-13,175.41627417130275,0
44.45,67.1397179586073,3.098851983824985e-13,175.28105735563332,0
44.46666666666667,67.1650477788921,3.0408383793737725e-13,175.14594476967304,0
44.483333333333334,67.19035807409202,2.983912585105884e-13,175.01093633307795,0
44.5,67.21564885925768,2.9280541688739305e-13,174.87603196556634,0
44.516666666666666,67.24092014942808,2.873243082997819e-13,174.74123158691813,0
44.53333333333333,67.2661719596306,2.8194596570163615e-13,174.60653511697527,0
44.55,67.29140430488108,2.7666845905758554e-13,174.47194247564133,0
44.56666666666667,67.31661720018374,2.7148989464530015e-13,174.33745358288172,0
44.583333333333336,67.34181066053128,2.6640841437096215e-13,174.20306835872356,0
44.6,67.36698470090482,2.6142219509766484e-13,174.06878672325553,0
44.61666666666667,67.39213933627396,2.565294479864995e-13,173.93460859662795,0
44.63333333333333,67.41727458159667,2.5172841785009123e-13,173.80053389905268,0
44.65,67.4423904518195,2.470173825183363e-13,173.66656255080315,0
44.666666666666664,67.46748696187744,2.42394652216124e-13,173.5326944722142,0
44.68333333333333,67.49256412669396,2.378585689528105e-13,173.39892958368202,0
44.7,67.517621961181,2.3340750592322e-13,173.26526780566422,0
44.71666666666667,67.54266048023906,2.290398669199591e-13,173.13170905867977,0
44.733333333333334,67.56767969875713,2.247540857568247e-13,172.9982532633088,0
44.75,67.59267963161271,2.2054862570310543e-13,172.8649003401928,0
44.766666666666666,67.61766029367183,2.1642197892855826e-13,172.73165021003425,0
44.78333333333333,67.64262169978909,2.1237266595886836e-13,172.59850279359688,0
44.8,67.66756386480763,2.0839923514138893e-13,172.4654580117055,0
44.81666666666667,67.69248680355915,2.0450026212096333e-13,172.33251578524585,0
44.833333333333336,67.71739053086388,2.0067434932565212e-13,172.1996760351648,0
44.85,67.74227506153068,1.9692012546215587e-13,172.0669386824701,0
44.86666666666667,67.76714041035693,1.9323624502077393e-13,171.93430364823027,0
44.88333333333333,67.79198659212871,1.896213877897025e-13,171.80177085357485,0
44.9,67.81681362162057,1.8607425837849838e-13,171.66934021969408,0
44.916666666666664,67.84162151359577,1.8259358575054136e-13,171.53701166783895,0
44.93333333333333,67.86641028280616,1.7917812276431832e-13,171.40478511932125,0
44.95,67.8911799439922,1.758266457233668e-13,171.2726604955132,0
44.96666666666667,67.915930511883,1.7253795393470856e-13,171.14063771784794,0
44.983333333333334,67.94066200119633,1.6931086927561997e-13,171.0087167078189,0
45.0,67.96537442663862,1.661442357685738e-13,170.87689738698026,0
45.016666666666666,67.99006780290493,1.6303691916420448e-13,170.74517967694635,0
45.03333333333333,68.014742144679,1.5998780653214268e-13,170.61356349939228,0
45.05,68.0393974666333,1.569958058595696e-13,170.48204877605326,0
45.06666666666667,68.06403378342891,1.5405984565734247e-13,170.35063542872504,0
45.083333333333336,68.08865110971567,1.5117887457355555e-13,170.21932337926353,0
45.1,68.1132494601321,1.4835186101439037e-13,170.0881125495848,0
45.11666666666667,68.13782884930546,1.4557779277211806e-13,169.9570028616653,0
45.13333333333333,68.16238929185174,1.428556766601198e-13,169.8259942375415,0
45.15,68.18693080237558,1.4018453815478967e-13,169.69508659931003,0
45.166666666666664,68.2114533954705,1.3756342104419808e-13,169.56427986912752,0
45.18333333333333,68.23595708571862,1.349913870833751e-13,169.43357396921058,0
45.2,68.26044188769097,1.32467515656102e-13,169.30296882183586,0
45.21666666666667,68.28490781594722,1.2999090344307601e-13,169.17246434933998,0
45.233333333333334,68.3093548850359,1.2756066409633935e-13,169.04206047411913,0
45.25,68.33378310949426,1.2517592791984134e-13,168.91175711862962,0
45.266666666666666,68.35819250384841,1.2283584155603152e-13,168.7815542053875,0
45.28333333333333,68.38258308261325,1.2053956767835916e-13,168.65145165696836,0
45.3,68.40695486029243,1.182862846895708e-13,168.52144939600768,0
45.31666666666667,68.4313078513785,1.1607518642569875e-13,168.3915473452004,0
45.333333333333336,68.4556420703528,1.1390548186562976e-13,168.26174542730118,0
45.35,68.47995753168547,1.117763948461503e-13,168.13204356512423,0
45.36666666666667,68.50425424983558,1.0968716378236532e-13,168.0024416815431,0
45.38333333333333,68.52853223925099,1.0763704139338445e-13,167.87293969949098,0
45.4,68.55279151436848,1.0562529443318345e-13,167.74353754196034,0
45.416666666666664,68.57703208961364,1.0365120342653846e-13,167.61423513200307,0
45.43333333333333,68.60125397940094,1.017140624099374e-13,167.48503239273032,0
45.45,68.62545719813379,9.981317867737431e-14,167.3559292473126,0
45.46666666666667,68.64964176020446,9.79478725309392e-14,167.22692561897955,0
45.483333333333334,68.67380767999417,9.611747703610407e-14,167.09802143102004,0
45.5,68.69795497187302,9.432133778162482e-14,166.96921660678206,0
45.516666666666666,68.72208365019999,9.255881264396773e-14,166.84051106967266,0
45.53333333333333,68.74619372932307,9.082927155617334e-14,166.71190474315802,0
45.55,68.77028522357915,8.913209628108e-14,166.58339755076318,0
45.56666666666667,68.79435814729408,8.746668018881818e-14,166.45498941607218,0
45.583333333333336,68.81841251478266,8.583242803849966e-14,166.32668026272808,0
45.6,68.84244834034868,8.422875576401815e-14,166.19847001443262,0
45.61666666666667,68.86646563828485,8.265509026388883e-14,166.0703585949464,0
45.63333333333333,68.8904644228729,8.111086919504642e-14,165.94234592808894,0
45.65,68.91444470838357,7.959554077052744e-14,165.81443193773825,0
45.666666666666664,68.93840650907654,7.810856356096632e-14,165.68661654783122,0
45.68333333333333,68.96234983920056,7.664940629982972e-14,165.55889968236323,0
45.7,68.98627471299339,7.521754769232147e-14,165.43128126538835,0
45.71666666666667,69.01018114468177,7.381247622788553e-14,165.30376122101904,0
45.733333333333334,69.0340691484815,7.243368999624291e-14,165.17633947342642,0
45.75,69.05793873859744,7.108069650689371e-14,165.04901594684003,0
45.766666666666666,69.08178992922345,6.975301251201754e-14,164.92179056554772,0
45.78333333333333,69.10562273454252,6.84501638327111e-14,164.79466325389583,0
45.8,69.12943716872662,6.717168518849821e-14,164.66763393628892,0
45.81666666666667,69.1532332459369,6.591712003005205e-14,164.54070253718987,0
45.833333333333336,69.17701098032352,6.468602037506487e-14,164.4138689811198,0
45.85,69.20077038602571,6.347794664721191e-14,164.28713319265793,0
45.86666666666667,69.22451147717187,6.229246751814617e-14,164.1604950964417,0
45.88333333333333,69.24823426787948,6.112915975246948e-14,164.0339546171666,0
45.9,69.27193877225518,5.998760805562184e-14,163.9075116795862,0
45.916666666666664,69.29562500439467,5.886740492463687e-14,163.78116620851202,0
45.93333333333333,69.31929297838276,5.776815050170555e-14,163.65491812881362,0
45.95,69.3429427082935,5.668945243049688e-14,163.5287673654184,0
45.96666666666667,69.36657420819004,5.56309257151872e-14,163.4027138433116,0
45.983333333333334,69.3901874921247,5.459219258213866e-14,163.2767574875364,0
46.0,69.41378257413892,5.35728823441858e-14,163.15089822319374,0
46.016666666666666,69.43735946826342,5.2572631267474394e-14,163.02513597544214,0
46.03333333333333,69.460918188518,5.159108244080893e-14,162.89947066949796,0
46.05,69.48445874891168,5.0627885647458134e-14,162.77390223063514,0
46.06666666666667,69.50798116344275,4.9682697239375414e-14,162.64843058418535,0
46.083333333333336,69.53148544609861,4.8755180013783794e-14,162.52305565553763,0
46.1,69.55497161085596,4.784500309208711e-14,162.39777737013858,0
46.11666666666667,69.57843967168067,4.6951841801057964e-14,162.27259565349237,0
46.13333333333333,69.60188964252787,4.607537755626341e-14,162.14751043116055,0
46.15,69.6253215373419,4.5215297747683417e-14,162.02252162876198,0
46.166666666666664,69.64873537005644,4.4371295627482416e-14,161.89762917197294,0
46.18333333333333,69.67213115459434,4.3543070199892544e-14,161.7728329865269,0
46.2,69.69550890486774,4.2730326113170045e-14,161.64813299821472,0
46.21666666666667,69.71886863477805,4.1932773553583636e-14,161.52352913288436,0
46.233333333333334,69.742210358216,4.1150128141397766e-14,161.39902131644095,0
46.25,69.76553408906157,4.038211082881399e-14,161.27460947484676,0
46.266666666666666,69.7888398411841,3.962844779983168e-14,161.1502935341211,0
46.28333333333333,69.81212762844216,3.8888870371993065e-14,161.02607342034037,0
46.3,69.8353974646837,3.816311489997753e-14,160.9019490596379,0
46.31666666666667,69.85864936374593,3.745092268100787e-14,160.77792037820387,0
46.333333333333336,69.88188333945551,3.6752039862038306e-14,160.65398730228554,0
46.35,69.9050994056283,3.6066217348686716e-14,160.53014975818698,0
46.36666666666667,69.92829757606964,3.539321071588101e-14,160.40640767226893,0
46.38333333333333,69.9514778645741,3.4732780120185804e-14,160.28276097094906,0
46.4,69.97464028492573,3.4084690213778295e-14,160.15920958070166,0
46.416666666666664,69.9977848508979,3.3448710060042246e-14,160.03575342805772,0
46.43333333333333,70.02091157625337,3.2824613050749216e-14,159.91239243960482,0
46.45,70.0440204747443,3.221217682479831e-14,159.7891265419872,0
46.46666666666667,70.06711156011221,3.1611183188482977e-14,159.6659556619057,0
46.483333333333334,70.09018484608808,3.102141803725839e-14,159.54287972611752,0
46.5,70.1132403463923,3.04426712789792e-14,159.41989866143632,0
46.516666666666666,70.13627807473465,2.98747367585813e-14,159.29701239473232,0
46.53333333333333,70.15929804481435,2.9317412184180146e-14,159.17422085293194,0
46.55,70.18230027032011,2.8770499054557657e-14,159.05152396301804,0
46.56666666666667,70.20528476493004,2.823380258801384e-14,158.92892165202983,0
46.583333333333336,70.22825154231168,2.7707131652555584e-14,158.80641384706257,0
46.6,70.25120061612209,2.719029869739757e-14,158.6840004752678,0
46.61666666666667,70.27413200000781,2.668311968575229e-14,158.56168146385323,0
46.63333333333333,70.2970457076048,2.618541402888201e-14,158.43945674008276,0
46.65,70.31994175253857,2.569700452139216e-14,158.31732623127618,0
46.666666666666664,70.34282014842407,2.5217717277739932e-14,158.1952898648094,0
46.68333333333333,70.3656809088658,2.4747381669937107e-14,158.07334756811446,0
46.7,70.38852404745776,2.4285830266423255e-14,157.95149926867907,0
46.71666666666667,70.41134957778348,2.383289877208895e-14,157.8297448940469,0
46.733333333333334,70.434157513416,2.3388425969425535e-14,157.7080843718176,0
46.75,70.4569478679179,2.2952253660780932e-14,157.58651762964655,0
46.766666666666666,70.47972065484132,2.252422661170152e-14,157.46504459524482,0
46.78333333333333,70.50247588772793,2.2104192495338092e-14,157.34366519637942,0
46.8,70.52521358010898,2.1692001837896988e-14,157.2223793608728,0
46.81666666666667,70.54793374550532,2.128750796511665e-14,157.10118701660323,0
46.833333333333336,70.57063639742731,2.0890566949749032e-14,156.98008809150443,0
46.85,70.59332154937492,2.0501037560029447e-14,156.85908251356577,0
46.86666666666667,70.61598921483778,2.0118781209113005e-14,156.73817021083204,0
46.88333333333333,70.638639407295,1.9743661905462704e-14,156.61735111140356,0
46.9,70.6612721402154,1.937554620416843e-14,156.49662514343612,0
46.916666666666664,70.6838874270574,1.9014303159181955e-14,156.37599223514073,0
46.93333333333333,70.706485281269,1.8659804276447845e-14,156.25545231478392,0
46.95,70.72906571628786,1.8311923467916374e-14,156.1350053106874,0
46.96666666666667,70.7516287455413,1.797053700641938e-14,156.01465115122818,0
46.983333333333334,70.77417438244626,1.7635523481394535e-14,155.89438976483845,0
47.0,70.79670264040936,1.73067637554408e-14,155.77422108000562,0
47.016666666666666,70.81921353282691,1.6984140921690478e-14,155.6541450252721,0
47.03333333333333,70.84170707308482,1.6667540261981575e-14,155.53416152923558,0
47.05,70.86418327455874,1.6356849205816396e-14,155.4142705205486,0
47.06666666666667,70.88664215061397,1.605195729009048e-14,155.29447192791872,0
47.083333333333336,70.90908371460557,1.5752756119578188e-14,155.17476568010864,0
47.1,70.93150797987822,1.5459139328160537e-14,155.05515170593574,0
47.11666666666667,70.95391495976641,1.5171002540781032e-14,154.93562993427238,0
47.13333333333333,70.97630466759428,1.4888243336116174e-14,154.8162002940458,0
47.15,70.99867711667571,1.4610761209946863e-14,154.6968627142379,0
47.166666666666664,71.02103232031433,1.4338457539217692e-14,154.57761712388546,0
47.18333333333333,71.04337029180353,1.4071235546771317e-14,154.45846345207977,0
47.2,71.06569104442639,1.3809000266744822e-14,154.33940162796702,0
47.21666666666667,71.08799459145584,1.3551658510616098e-14,154.22043158074783,0
47.233333333333334,71.11028094615453,1.3299118833887491e-14,154.1015532396775,0
47.25,71.13255012177487,1.3051291503395236e-14,153.98276653406572,0
47.266666666666666,71.15480213155908,1.2808088465232598e-14,153.86407139327687,0
47.28333333333333,71.17703698873922,1.2569423313275251e-14,153.74546774672962,0
47.3,71.19925470653703,1.233521125829743e-14,153.6269555238971,0
47.31666666666667,71.22145529816414,1.2105369097668178e-14,153.5085346543068,0
47.333333333333336,71.24363877682204,1.1879815185616258e-14,153.39020506754062,0
47.35,71.26580515570194,1.1658469404053458e-14,153.2719666932346,0
47.36666666666667,71.28795444798492,1.1441253133945281e-14,153.15381946107908,0
47.38333333333333,71.31008666684194,1.1228089227219357e-14,153.03576330081864,0
47.4,71.33220182543374,1.101890197920102e-14,152.91779814225194,0
47.416666666666664,71.35429993691099,1.0813617101566252e-14,152.79992391523177,0
47.43333333333333,71.37638101441415,1.0612161695802295e-14,152.6821405496651,0
47.45,71.39844507107361,1.0414464227166433e-14,152.5644479755127,0
47.46666666666667,71.4204921200096,1.0220454499133326e-14,152.4468461227896,0
47.483333333333334,71.44252217433225,1.0030063628322256e-14,152.3293349215646,0
47.5,71.46453524714161,9.843224019894434e-15,152.21191430196038,0
47.516666666666666,71.48653135152757,9.659869343412522e-15,152.09458419415364,0
47.53333333333333,71.50851050057,9.479934509152642e-15,151.9773445283748,0
47.55,71.53047270733863,9.303355644861324e-15,151.86019523490805,0
47.56666666666667,71.55241798489314,9.130070072948363e-15,151.74313624409135,0
47.583333333333336,71.57434634628316,8.960016288107672e-15,151.62616748631635,0
47.6,71.59625780454824,8.793133935358063e-15,151.50928889202837,0
47.61666666666667,71.61815237271786,8.629363788495957e-15,151.39250039172632,0
47.63333333333333,71.6400300638115,8.468647728952361e-15,151.2758019159627,0
47.65,71.66189089083856,8.310928725046816e-15,151.15919339534355,0
47.666666666666664,71.68373486679845,8.156150811630013e-15,151.0426747605284,0
47.68333333333333,71.70556200468056,8.004259070108721e-15,150.92624594223025,0
47.7,71.72737231746424,7.855199608845368e-15,150.80990687121545,0
47.71666666666667,71.74916581811884,7.708919543925258e-15,150.69365747830372,0
47.733333333333334,71.77094251960371,7.565366980284276e-15,150.5774976943682,0
47.75,71.79270243486825,7.424490993191276e-15,150.46142745033518,0
47.766666666666666,71.81444557685182,7.28624161007709e-15,150.3454466771843,0
47.78333333333333,71.83617195848383,7.150569792704815e-15,150.22955530594842,0
47.8,71.85788159268378,7.017427419674194e-15,150.11375326771346,0
47.81666666666667,71.87957449236112,6.8867672692544446e-15,149.99804049361848,0
47.833333333333336,71.90125067041537,6.7585430025387996e-15,149.88241691485567,0
47.85,71.92291013973613,6.632709146915023e-15,149.7668824626703,0
47.86666666666667,71.94455291320311,6.5092210798460454e-15,149.65143706836056,0
47.88333333333333,71.96617900368598,6.3880350129545e-15,149.5360806632776,0
47.9,71.98778842404457,6.2691079764059964e-15,149.42081317882548,0
47.916666666666664,72.00938118712878,6.152397803585002e-15,149.30563454646122,0
47.93333333333333,72.03095730577861,6.037863116058127e-15,149.19054469769455,0
47.95,72.05251679282416,5.925463308819439e-15,149.07554356408806,0
47.96666666666667,72.07405966108561,5.8151585358122655e-15,148.96063107725715,0
47.983333333333334,72.09558592337329,5.706909695722649e-15,148.84580716886987,0
48.0,72.11709559248766,5.600678418038941e-15,148.7310717706469,0
48.016666666666666,72.13858868121929,5.496427049372847e-15,148.61642481436166,0
48.03333333333333,72.16006520234892,5.394118640037013e-15,148.50186623184004,0
48.05,72.18152516864738,5.293716930873991e-15,148.3873959549606,0
48.06666666666667,72.20296859287572,5.195186340332375e-15,148.27301391565427,0
48.083333333333336,72.22439548778516,5.098491951785001e-15,148.15872004590466,0
48.1,72.24580586611702,5.0035995010849894e-15,148.04451427774762,0
48.11666666666667,72.26719974060283,4.910475364354965e-15,147.93039654327146,0
48.13333333333333,72.28857712396436,4.819086546005192e-15,147.81636677461682,0
48.15,72.30993802891348,4.729400666976248e-15,147.7024249039767,0
48.166666666666664,72.33128246815234,4.641385953202104e-15,147.5885708635963,0
48.18333333333333,72.35261045437326,4.555011224289434e-15,147.47480458577303,0
48.2,72.37392200025877,4.4702458824090175e-15,147.36112600285662,0
48.21666666666667,72.39521711848165,4.387059901395331e-15,147.24753504724876,0
48.233333333333334,72.41649582170493,4.305423816050575e-15,147.1340316514035,0
48.25,72.43775812258178,4.225308711648894e-15,147.02061574782664,0
48.266666666666666,72.45900403375576,4.146686213637448e-15,146.90728726907625,0
48.28333333333333,72.48023356786054,4.069528477530396e-15,146.79404614776232,0
48.3,72.50144673752018,3.993808178992291e-15,146.68089231654676,0
48.31666666666667,72.5226435553489,3.919498504107248e-15,146.5678257081434,0
48.333333333333336,72.5438240339513,3.846573139830393e-15,146.45484625531793,0
48.35,72.56498818592216,3.7750062646183496e-15,146.34195389088788,0
48.36666666666667,72.58613602384662,3.704772539235103e-15,146.22914854772256,0
48.38333333333333,72.6072675603001,3.635847097730221e-15,146.11643015874301,0
48.4,72.62838280784835,3.568205538586078e-15,146.00379865692202,0
48.416666666666664,72.64948177904736,3.5018239160308486e-15,145.89125397528397,0
48.43333333333333,72.67056448644354,3.436678731514363e-15,145.77879604690497,0
48.45,72.69163094257355,3.3727469253435304e-15,145.66642480491265,0
48.46666666666667,72.71268115996445,3.3100058684744884e-15,145.5541401824862,0
48.483333333333334,72.73371515113358,3.2484333544585215e-15,145.44194211285634,0
48.5,72.75473292858867,3.188007591538765e-15,145.3298305293052,0
48.516666666666666,72.77573450482781,3.1287071948950034e-15,145.2178053651664,0
48.53333333333333,72.79671989233944,3.0705111790337417e-15,145.10586655382494,0
48.55,72.81768910360236,3.0133989503207128e-15,144.99401402871715,0
48.56666666666667,72.8386421510858,2.9573502996533017e-15,144.88224772333064,0
48.583333333333336,72.85957904724937,2.9023453952702223e-15,144.77056757120437,0
48.6,72.88049980454302,2.8483647756957563e-15,144.65897350592843,0
48.61666666666667,72.90140443540713,2.795389342816228e-15,144.54746546114416,0
48.63333333333333,72.92229295227251,2.7434003550860567e-15,144.4360433705441,0
48.65,72.9431653675604,2.692379420861087e-15,144.32470716787182,0
48.666666666666664,72.96402169368243,2.6423084918566875e-15,144.21345678692197,0
48.68333333333333,72.98486194304064,2.5931698567283965e-15,144.10229216154028,0
48.7,73.00568612802759,2.5449461347727366e-15,143.99121322562343,0
48.71666666666667,73.02649426102624,2.497620269745995e-15,143.88021991311905,0
48.733333333333334,73.04728635440998,2.4511755237986805e-15,143.7693121580258,0
48.75,73.06806242054272,2.405595471523599e-15,143.65848989439303,0
48.766666666666666,73.08882247177877,2.360863994115349e-15,143.54775305632106,0
48.78333333333333,73.10956652046299,2.316965273639116e-15,143.437101577961,0
48.8,73.13029457893066,2.2738837874067837e-15,143.3265353935146,0
48.81666666666667,73.15100665950763,2.23160430245835e-15,143.21605443723453,0
48.833333333333336,73.17170277451015,2.1901118701465996e-15,143.10565864342394,0
48.85,73.19238293624505,2.1493918208231847e-15,142.99534794643677,0
48.86666666666667,73.21304715700964,2.1094297586241285e-15,142.88512228067742,0
48.88333333333333,73.23369544909177,2.0702115563529957e-15,142.77498158060104,0
48.9,73.25432782476982,2.031723350459755e-15,142.6649257807131,0
48.916666666666664,73.27494429631267,1.993951536113697e-15,142.55495481556972,0
48.93333333333333,73.29554487597977,1.9568827623685228e-15,142.44506861977735,0
48.95,73.31612957602111,1.9205039274179187e-15,142.33526712799295,0
48.96666666666667,73.3366984086773,1.884802173939939e-15,142.22555027492376,0
48.983333333333334,73.35725138617939,1.8497648845285237e-15,142.1159179953274,0
49.0,73.37778852074909,1.8153796772104703e-15,142.00637022401173,0
49.016666666666666,73.3983098245987,1.7816344010463326e-15,141.89690689583497,0
49.03333333333333,73.41881530993103,1.7485171318136338e-15,141.78752794570545,0
49.05,73.43930498893958,1.7160161677708494e-15,141.6782333085817,0
49.06666666666667,73.45977887380836,1.6841200255006354e-15,141.56902291947245,0
49.083333333333336,73.48023697671205,1.6528174358308636e-15,141.45989671343636,0
49.1,73.50067930981592,1.622097339831962e-15,141.35085462558237,0
49.11666666666667,73.52110588527584,1.5919488848891482e-15,141.24189659106926,0
49.13333333333333,73.54151671523839,1.562361420848141e-15,141.13302254510592,0
49.15,73.56191181184067,1.5333244962329736e-15,141.0242324229511,0
49.166666666666664,73.58229118721054,1.504827854534601e-15,140.91552615991347,0
49.18333333333333,73.60265485346645,1.4768614305688896e-15,140.80690369135158,0
49.2,73.62300282271751,1.4494153469027878e-15,140.6983649526738,0
49.21666666666667,73.64333510706349,1.422479910347295e-15,140.58990987933834,0
49.233333333333334,73.66365171859486,1.396045608516095e-15,140.48153840685308,0
49.25,73.68395266939278,1.3701031064485006e-15,140.37325047077564,0
49.266666666666666,73.70423797152901,1.3446432432956284e-15,140.26504600671333,0
49.28333333333333,73.72450763706614,1.3196570290684884e-15,140.15692495032312,0
49.3,73.74476167805737,1.29513564144697e-15,140.04888723731148,0
49.31666666666667,73.76500010654662,1.2710704226484219e-15,139.94093280343455,0
49.333333333333336,73.78522293456852,1.2474528763549038e-15,139.83306158449798,0
49.35,73.80543017414846,1.2242746646978194e-15,139.7252735163568,0
49.36666666666667,73.82562183730253,1.2015276052989683e-15,139.61756853491562,0
49.38333333333333,73.84579793603761,1.1792036683669552e-15,139.5099465761283,0
49.4,73.86595848235122,1.1572949738478631e-15,139.40240757599827,0
49.416666666666664,73.88610348823174,1.1357937886292482e-15,139.2949514705781,0
49.43333333333333,73.90623296565823,1.1146925237963705e-15,139.18757819596976,0
49.45,73.92634692660056,1.0939837319397768e-15,139.08028768832452,0
49.46666666666667,73.9464453830194,1.0736601045131921e-15,138.9730798838427,0
49.483333333333334,73.9665283468661,1.053714469240845e-15,138.86595471877393,0
49.5,73.98659583008288,1.0341397875732234e-15,138.75891212941693,0
49.516666666666666,74.00664784460277,1.0149291521904605e-15,138.6519520521196,0
49.53333333333333,74.02668440234953,9.960757845523437e-16,138.54507442327878,0
49.55,74.04670551523778,9.775730324941653e-16,138.43827917934044,0
49.56666666666667,74.06671119517294,9.594143678674756e-16,138.33156625679948,0
49.583333333333336,74.08670145405125,9.415933842250104e-16,138.22493559219978,0
49.6,74.10667630375977,9.241037945488186e-16,138.11838712213415,0
49.61666666666667,74.12663575617644,9.069394290209228e-16,138.01192078324422,0
49.63333333333333,74.14657982317001,8.900942328356042e-16,137.90553651222052,0
49.65,74.16650851660006,8.735622640526251e-16,137.79923424580235,0
49.666666666666664,74.18642184831707,8.573376914905424e-16,137.69301392077773,0
49.68333333333333,74.20631983016237,8.414147926594242e-16,137.58687547398353,0
49.7,74.22620247396817,8.257879517321857e-16,137.48081884230518,0
49.71666666666667,74.24606979155755,8.10451657553857e-16,137.37484396267683,0
49.733333333333334,74.26592179474446,7.954005016880552e-16,137.26895077208124,0
49.75,74.28575849533377,7.806291764999572e-16,137.16313920754968,0
49.766666666666666,74.30557990512125,7.661324732751031e-16,137.0574092061621,0
49.78333333333333,74.32538603589357,7.519052803733698e-16,136.95176070504678,0
49.8,74.34517689942831,7.379425814174235e-16,136.84619364138055,0
49.81666666666667,74.36495250749397,7.242394535150255e-16,136.7407079523887,0
49.833333333333336,74.38471287184997,7.107910655145913e-16,136.63530357534486,0
49.85,74.4044580042467,6.975926762932906e-16,136.52998044757106,0
49.86666666666667,74.42418791642548,6.846396330771821e-16,136.4247385064375,0
49.88333333333333,74.44390262011854,6.719273697927104e-16,136.31957768936286,0
49.9,74.4636021270491,6.594514054490269e-16,136.21449793381393,0
49.916666666666664,74.48328644893135,6.472073425505101e-16,136.1094991773057,0
49.93333333333333,74.50295559747045,6.35190865538964e-16,136.00458135740146,0
49.95,74.52260958436253,6.233977392649219e-16,135.89974441171242,0
49.96666666666667,74.54224842129466,6.118238074874866e-16,135.79498827789806,0
49.983333333333334,74.561872119945,6.00464991402235e-16,135.69031289366578,0
50.0,74.58148069198262,5.893172881965855e-16,135.58571819677115,0
50.016666666666666,74.60107414906763,5.783767696321823e-16,135.48120412501757,0
50.03333333333333,74.62065250285113,5.676395806537406e-16,135.37677061625647,0
50.05,74.6402157649753,5.571019380238933e-16,135.27241760838714,0
50.06666666666667,74.65976394707329,5.467601289835263e-16,135.16814503935677,0
50.083333333333336,74.67929706076926,5.366105099371498e-16,135.0639528471604,0
50.1,74.69881511767848,5.266495051628086e-16,134.95984096984083,0
50.11666666666667,74.71831812940722,5.168736055461064e-16,134.8558093454886,0
50.13333333333333,74.73780610755284,5.072793673378643e-16,134.751857912242,0
50.15,74.7572790637037,4.978634109349819e-16,134.64798660828706,0
50.166666666666664,74.77673700943927,4.886224196840767e-16,134.54419537185734,0
50.18333333333333,74.7961799563301,4.795531387074568e-16,134.4404841412341,0
50.2,74.81560791593782,4.706523737510183e-16,134.33685285474616,0
50.21666666666667,74.83502089981512,4.619169900536754e-16,134.23330145076986,0
50.233333333333334,74.8544189195058,4.533439112378764e-16,134.12982986772903,0
50.25,74.87380198654473,4.449301182208606e-16,134.02643804409504,0
50.266666666666666,74.893170112458,4.366726481462347e-16,133.92312591838657,0
50.28333333333333,74.91252330876266,4.285685933355062e-16,133.81989342916978,0
50.3,74.931861586967,4.206151002591787e-16,133.71674051505818,0
50.31666666666667,74.9511849585704,4.128093685270841e-16,133.61366711471254,0
50.333333333333336,74.97049343506335,4.051486498975453e-16,133.51067316684097,0
50.35,74.9897870279275,3.976302473050467e-16,133.4077586101988,0
50.36666666666667,75.0090657486357,3.9025151390605725e-16,133.30492338358863,0
50.38333333333333,75.0283296086519,3.830098521426721e-16,133.20216742586007,0
50.4,75.0475786194312,3.7590271282372826e-16,133.0994906759101,0
50.416666666666664,75.06681279241991,3.689275942230824e-16,132.99689307268258,0
50.43333333333333,75.0860321390555,3.6208204119470986e-16,132.8943745551686,0
50.45,75.10523667076662,3.5536364430434094e-16,132.79193506240617,0
50.46666666666667,75.12442639897313,3.4877003897729345e-16,132.6895745334803,0
50.483333333333334,75.14360133508607,3.4229890466221283e-16,132.58729290752308,0
50.5,75.16276149050769,3.3594796401043034e-16,132.48509012371335,0
50.516666666666666,75.18190687663143,3.297149820706368e-16,132.38296612127692,0
50.53333333333333,75.20103750484198,3.2359776549858e-16,132.28092083948644,0
50.55,75.22015338651525,3.1759416178152357e-16,132.17895421766138,0
50.56666666666667,75.23925453301834,3.1170205847717185e-16,132.07706619516796,0
50.583333333333336,75.25834095570966,3.0591938246680864e-16,131.97525671141912,0
50.6,75.27741266593881,3.0024409922236846e-16,131.8735257058746,0
50.61666666666667,75.29646967504662,2.94674212087185e-16,131.77187311804067,0
50.63333333333333,75.31551199436525,2.89207761570169e-16,131.67029888747032,0
50.65,75.3345396352181,2.8384282465315253e-16,131.5688029537631,0
50.666666666666664,75.3535526089198,2.7857751411116127e-16,131.46738525656517,0
50.68333333333333,75.37255092677627,2.7340997784537104e-16,131.36604573556917,0
50.7,75.39153460008478,2.683383982285158e-16,131.2647843305142,0
50.71666666666667,75.41050364013383,2.633609914624964e-16,131.16360098118585,0
50.733333333333334,75.42945805820321,2.5847600694799457e-16,131.06249562741613,0
50.75,75.44839786556405,2.5368172666583683e-16,130.9614682090834,0
50.766666666666666,75.46732307347881,2.489764645699052e-16,130.86051866611237,0
50.78333333333333,75.48623369320119,2.443585659913733e-16,130.7596469384741,0
50.8,75.5051297359763,2.3982640705406063e-16,130.6588529661859,0
50.81666666666667,75.52401121304054,2.3537839410069264e-16,130.55813668931128,0
50.833333333333336,75.54287813562163,2.3101296312986253e-16,130.45749804796,0
50.85,75.5617305149387,2.2672857924350477e-16,130.35693698228792,0
50.86666666666667,75.58056836220213,2.2252373610466513e-16,130.25645343249715,0
50.88333333333333,75.59939168861378,2.1839695540539899e-16,130.15604733883575,0
50.9,75.61820050536679,2.1434678634458162e-16,130.05571864159793,0
50.916666666666664,75.6369948236457,2.1037180511547144e-16,129.9554672811239,0
50.93333333333333,75.65577465462641,2.0647061440282632e-16,129.85529319779988,0
50.95,75.67454000947626,2.026418428894005e-16,129.75519633205798,0
50.96666666666667,75.69329089935391,1.988841447716472e-16,129.6551766243763,0
50.983333333333334,75.71202733540945,1.951961992844554e-16,129.55523401527878,0
51.0,75.73074932878438,1.915767102347493e-16,129.45536844533524,0
51.016666666666666,75.74945689061164,1.8802440554378977e-16,129.35557985516124,0
51.03333333333333,75.76815003201551,1.8453803679800584e-16,129.2558681854182,0
51.05,75.78682876411176,1.8111637880821178e-16,129.15623337681322,0
51.06666666666667,75.80549309800759,1.7775822917703753e-16,129.05667537009913,0
51.083333333333336,75.8241430448016,1.74462407874432e-16,128.95719410607444,0
51.1,75.84277861558388,1.7122775682107643e-16,128.85778952558329,0
51.11666666666667,75.86139982143591,1.6805313947957063e-16,128.75846156951533,0
51.13333333333333,75.88000667343071,1.6493744045324463e-16,128.65921017880598,0
51.15,75.89859918263268,1.618795650924433e-16,128.56003529443598,0
51.166666666666664,75.91717736009774,1.588784391081643e-16,128.46093685743165,0
51.18333333333333,75.93574121687331,1.5593300819288853e-16,128.36191480886484,0
51.2,75.95429076399822,1.5304223764848964e-16,128.26296908985262,0
51.21666666666667,75.97282601250286,1.5020511202107453e-16,128.1640996415577,0
51.233333333333334,75.99134697340911,1.4742063474263634e-16,128.06530640518798,0
51.25,76.00985365773028,1.4468782777938908e-16,127.96658932199672,0
51.266666666666666,76.0283460764713,1.4200573128665582e-16,127.86794833328247,0
51.28333333333333,76.04682424062852,1.3937340327019294e-16,127.76938338038902,0
51.3,76.06528816118988,1.3678991925382635e-16,127.6708944047054,0
51.31666666666667,76.08373784913486,1.3425437195328788e-16,127.57248134766574,0
51.333333333333336,76.10217331543438,1.3176587095612873e-16,127.47414415074945,0
51.35,76.120594571051,1.293235424075984e-16,127.37588275548093,0
51.36666666666667,76.13900162693879,1.269265287023845e-16,127.2776971034297,0
51.38333333333333,76.15739449404337,1.2457398818209415e-16,127.17958713621033,0
51.4,76.17577318330198,1.2226509483837673e-16,127.0815527954824,0
51.416666666666664,76.19413770564334,1.199990380215792e-16,126.9835940229504,0
51.43333333333333,76.2124880719878,1.1777502215483184e-16,126.8857107603638,0
51.45,76.23082429324731,1.1559226645346474e-16,126.78790294951703,0
51.46666666666667,76.24914638032534,1.1345000464965292e-16,126.6901705322493,0
51.483333333333334,76.26745434411704,1.113474847221915e-16,126.59251345044464,0
51.5,76.28574819550907,1.0928396863131162e-16,126.49493164603199,0
51.516666666666666,76.30402794537979,1.0725873205843402e-16,126.39742506098492,0
51.53333333333333,76.3222936045991,1.0527106415077633e-16,126.29999363732183,0
51.55,76.34054518402856,1.0332026727071679e-16,126.20263731710577,0
51.56666666666667,76.35878269452135,1.0140565674983138e-16,126.10535604244444,0
51.583333333333336,76.37700614692231,9.952656064751333e-17,126.00814975549021,0
51.6,76.39521555206787,9.768231951409021e-17,125.91101839843996,0
51.61666666666667,76.41341092078612,9.587228615835603e-17,125.81396191353525,0
51.63333333333333,76.43159226389682,9.409582541943529e-17,125.71698024306203,0
51.65,76.4497595922114,9.235231394289662e-17,125.6200733293508,0
51.666666666666664,76.46791291653295,9.064113996103977e-17,125.52324111477652,0
51.68333333333333,76.48605224765618,8.896170307727416e-17,125.42648354175856,0
51.7,76.50417759636755,8.731341405451778e-17,125.32980055276072,0
51.71666666666667,76.52228897344519,8.569569460753586e-17,125.23319209029107,0
51.733333333333334,76.54038638965888,8.410797719915099e-17,125.13665809690202,0
51.75,76.55846985577016,8.254970484024717e-17,125.0401985151903,0
51.766666666666666,76.5765393825322,8.102033089350234e-17,124.94381328779684,0
51.78333333333333,76.59459498068995,7.951931888077536e-17,124.84750235740682,0
51.8,76.61263666098006,7.804614229408296e-17,124.7512656667496,0
51.81666666666667,76.63066443413088,7.660028441009619e-17,124.65510315859868,0
51.833333333333336,76.6486783108625,7.518123810809456e-17,124.55901477577164,0
51.85,76.66667830188675,7.378850569130934e-17,124.46300046113018,0
51.86666666666667,76.68466441790724,7.242159871159547e-17,124.36706015758004,0
51.88333333333333,76.70263666961924,7.10800377973701e-17,124.27119380807095,0
51.9,76.72059506770987,6.976335248475472e-17,124.1754013555966,0
51.916666666666664,76.73853962285796,6.847108105186366e-17,124.07968274319471,0
51.93333333333333,76.75647034573412,6.72027703561779e-17,123.9840379139468,0
51.95,76.77438724700072,6.595797567494896e-17,123.88846681097833,0
51.96666666666667,76.79229033731193,6.473626054857423e-17,123.79296937745856,0
51.983333333333334,76.8101796273137,6.353719662688991e-17,123.6975455566006,0
52.0,76.82805512764382,6.236036351832701e-17,123.6021952916613,0
52.016666666666666,76.8459168489318,6.12053486418749e-17,123.50691852594129,0
52.03333333333333,76.86376480179898,6.007174708180419e-17,123.41171520278483,0
52.05,76.88159899685854,5.895916144509207e-17,123.31658526557996,0
52.06666666666667,76.89941944471549,5.786720172150559e-17,123.22152865775824,0
52.083333333333336,76.9172261559666,5.679548514628852e-17,123.12654532279495,0
52.1,76.93501914120053,5.574363606540596e-17,123.03163520420883,0
52.11666666666667,76.95279841099777,5.4711285803297604e-17,122.93679824556224,0
52.13333333333333,76.97056397593063,5.3698072533094075e-17,122.84203439046102,0
52.15,76.98831584656328,5.270364114925014e-17,122.74734358255448,0
52.166666666666664,77.00605403345178,5.1727643142546914e-17,122.65272576553534,0
52.18333333333333,77.02377854714398,5.0769736477425975e-17,122.55818088313976,0
52.2,77.04148939817968,4.982958547160218e-17,122.46370887914728,0
52.21666666666667,77.05918659709049,4.8906860677922503e-17,122.3693096973807,0
52.233333333333334,77.07687015439994,4.8001238768420256e-17,122.27498328170623,0
52.25,77.09454008062347,4.711240242053133e-17,122.18072957603329,0
52.266666666666666,77.11219638626835,4.624004020542642e-17,122.08654852431452,0
52.28333333333333,77.1298390818338,4.538384647842307e-17,121.99244007054581,0
52.3,77.14746817781094,4.454352127143815e-17,121.89840415876618,0
52.31666666666667,77.16508368468274,4.3718770187441164e-17,121.8044407330578,0
52.333333333333336,77.1826856129242,4.290930429687304e-17,121.71054973754599,0
52.35,77.20027397300218,4.2114840035993744e-17,121.61673111639904,0
52.36666666666667,77.21784877537544,4.133509910712008e-17,121.52298481382837,0
52.38333333333333,77.23541003049479,4.056980838072314e-17,121.42931077408836,0
52.4,77.25295774880287,3.9818699799345265e-17,121.33570894147635,0
52.416666666666664,77.2704919407343,3.90815102833073e-17,121.24217926033266,0
52.43333333333333,77.2880126167157,3.835798163817012e-17,121.14872167504048,0
52.45,77.3055197871656,3.764786046391882e-17,121.05533613002586,0
52.46666666666667,77.32301346249454,3.695089806583649e-17,120.96202256975778,0
52.483333333333334,77.34049365310501,3.6266850367037124e-17,120.86878093874786,0
52.5,77.35796036939148,3.559547782262701e-17,120.77561118155067,0
52.516666666666666,77.3754136217404,3.493654533546188e-17,120.68251324276338,0
52.53333333333333,77.3928534205303,3.4289822173473967e-17,120.58948706702596,0
52.55,77.41027977613157,3.365508188853544e-17,120.496532599021,0
52.56666666666667,77.4276926989067,3.3032102236833396e-17,120.40364978347372,0
52.583333333333336,77.44509219921017,3.2420665100725546e-17,120.31083856515203,0
52.6,77.46247828738846,3.18205564120502e-17,120.21809888886632,0
52.61666666666667,77.47985097378013,3.123156607686384e-17,120.12543069946958,0
52.63333333333333,77.49721026871569,3.065348790157818e-17,120.03283394185728,0
52.65,77.51455618251775,3.0086119520472374e-17,119.94030856096738,0
52.666666666666664,77.53188872550095,2.9529262324553304e-17,119.84785450178028,0
52.68333333333333,77.54920790797193,2.8982721391740304e-17,119.75547170931878,0
52.7,77.56651374022948,2.844630541834771e-17,119.66316012864812,0
52.71666666666667,77.58380623256434,2.7919826651843594e-17,119.57091970487576,0
52.733333333333334,77.60108539525945,2.7403100824858078e-17,119.47875038315162,0
52.75,77.61835123858968,2.689594709042034e-17,119.38665210866777,0
52.766666666666666,77.63560377282207,2.639818795839989e-17,119.29462482665865,0
52.78333333333333,77.65284300821574,2.590964923313071e-17,119.20266848240077,0
52.8,77.67006895502186,2.5430159952195528e-17,119.11078302121297,0
52.81666666666667,77.68728162348376,2.4959552326348752e-17,119.01896838845616,0
52.833333333333336,77.7044810238368,2.449766168055716e-17,118.92722452953338,0
52.85,77.7216671663085,2.4044326396137178e-17,118.83555138988973,0
52.86666666666667,77.7388400611185,2.3599387853968597e-17,118.74394891501242,0
52.88333333333333,77.75599971847853,2.3162690378764602e-17,118.65241705043067,0
52.9,77.77314614859247,2.2734081184378245e-17,118.56095574171562,0
52.916666666666664,77.79027936165633,2.2313410320126222e-17,118.46956493448043,0
52.93333333333333,77.80739936785828,2.190053061811127e-17,118.3782445743802,0
52.95,77.82450617737858,2.1495297641523773e-17,118.28699460711185,0
52.96666666666667,77.84159980038973,2.1097569633905558e-17,118.19581497841422,0
52.983333333333334,77.85868024705628,2.0707207469356833e-17,118.10470563406793,0
53.0,77.87574752753504,2.0324074603669412e-17,118.01366651989544,0
53.016666666666666,77.89280165197495,1.994803702636849e-17,117.92269758176093,0
53.03333333333333,77.90984263051712,1.9578963213646563e-17,117.83179876557031,0
53.05,77.92687047329485,1.9216724082172292e-17,117.74097001727128,0
53.06666666666667,77.94388519043368,1.8861192943758967e-17,117.65021128285306,0
53.083333333333336,77.96088679205124,1.85122454608752e-17,117.55952250834662,0
53.1,77.97787528825745,1.8169759602983327e-17,117.46890363982446,0
53.11666666666667,77.99485068915439,1.783361560368966e-17,117.37835462340068,0
53.13333333333333,78.01181300483638,1.7503695918691434e-17,117.28787540523092,0
53.15,78.02876224538994,1.717988518450578e-17,117.19746593151233,0
53.166666666666664,78.04569842089384,1.6862070177965925e-17,117.10712614848349,0
53.18333333333333,78.06262154141903,1.6550139776470603e-17,117.01685600242446,0
53.2,78.07953161702875,1.6243984918972898e-17,116.92665543965673,0
53.21666666666667,78.09642865777846,1.594349856769328e-17,116.8365244065431,0
53.233333333333334,78.11331267371588,1.5648575670546037e-17,116.74646284948778,0
53.25,78.13018367488098,1.535911312426295e-17,116.65647071493623,0
53.266666666666666,78.14704167130598,1.5075009738203272e-17,116.56654794937528,0
53.28333333333333,78.16388667301537,1.479616619883625e-17,116.47669449933294,0
53.3,78.18071869002594,1.4522485034883826e-17,116.38691031137843,0
53.31666666666667,78.19753773234669,1.4253870583111754e-17,116.29719533212223,0
53.333333333333336,78.214343809979,1.3990228954756123e-17,116.20754950821588,0
53.35,78.23113693291647,1.3731468002574434e-17,116.11797278635213,0
53.36666666666667,78.24791711114501,1.3477497288508827e-17,116.02846511326474,0
53.38333333333333,78.26468435464287,1.3228228051950532e-17,115.93902643572861,0
53.4,78.28143867338053,1.2983573178594333e-17,115.84965670055959,0
53.416666666666664,78.29818007732091,1.2743447169871683e-17,115.76035585461459,0
53.43333333333333,78.3149085764191,1.2507766112952274e-17,115.67112384479147,0
53.45,78.33162418062263,1.2276447651302916e-17,115.58196061802897,0
53.46666666666667,78.3483268998713,1.204941095579376e-17,115.49286612130682,0
53.483333333333334,78.36501674409728,1.1826576696341538e-17,115.40384030164553,0
53.5,78.38169372322508,1.1607867014079816e-17,115.31488310610652,0
53.516666666666666,78.39835784717154,1.139320549404636e-17,115.225994481792,0
53.53333333333333,78.41500912584588,1.1182517138378333e-17,115.1371743758449,0
53.55,78.43164756914969,1.0975728340005345e-17,115.048422735449,0
53.56666666666667,78.44827318697688,1.0772766856831692e-17,114.95973950782866,0
53.583333333333336,78.46488598921378,1.0573561786398135e-17,114.87112464024902,0
53.6,78.48148598573908,1.0378043541014724e-17,114.78257808001587,0
53.61666666666667,78.49807318642384,1.0186143823355513e-17,114.69409977447553,0
53.63333333333333,78.51464760113153,9.997795602507129e-18,114.60568967101503,0
53.65,78.53120923971804,9.812933090461928e-18,114.51734771706187,0
53.666666666666664,78.54775811203162,9.63149171904828e-18,114.42907386008407,0
53.68333333333333,78.56429422791292,9.453408117289545e-18,114.34086804759022,0
53.7,78.58081759719511,9.278620089183619e-18,114.25273022712929,0
53.71666666666667,78.59732822970362,9.10706659189515e-18,114.16466034629072,0
53.733333333333334,78.61382613525643,8.93868771435336e-18,114.07665835270434,0
53.75,78.63031132366388,8.773424656247148e-18,113.98872419404036,0
53.766666666666666,78.64678380472881,8.611219707410754e-18,113.90085781800931,0
53.78333333333333,78.66324358824646,8.452016227592047e-18,113.81305917236203,0
53.8,78.6796906840045,8.295758626596979e-18,113.7253282048897,0
53.81666666666667,78.69612510178314,8.142392344802897e-18,113.63766486342361,0
53.833333333333336,78.71254685135496,7.991863834033642e-18,113.5500690958354,0
53.85,78.72895594248504,7.844120538790164e-18,113.46254085003679,0
53.86666666666667,78.74535238493094,7.699110877829767e-18,113.3750800739797,0
53.88333333333333,78.76173618844273,7.556784226087441e-18,113.28768671565619,0
53.9,78.7781073627629,7.417090896933109e-18,113.20036072309836,0
53.916666666666664,78.79446591762643,7.279982124758492e-18,113.11310204437841,0
53.93333333333333,78.81081186276089,7.145410047887236e-18,113.02591062760852,0
53.95,78.82714520788622,7.013327691802815e-18,112.93878642094094,0
53.96666666666667,78.84346596271499,6.8836889526876595e-18,112.8517293725678,0
53.983333333333334,78.85977413695221,6.756448581268026e-18,112.76473943072124,0
54.0,78.87606974029542,6.631562166959286e-18,112.67781654367326,0
54.016666666666666,78.89235278243468,6.508986122305219e-18,112.59096065973573,0
54.03333333333333,78.90862327305263,6.38867766770667e-18,112.5041717272604,0
54.05,78.92488122182436,6.2705948164336425e-18,112.41744969463882,0
54.06666666666667,78.94112663841759,6.154696359915769e-18,112.33079451030228,0
54.083333333333336,78.95735953249253,6.040941853306029e-18,112.2442061227219,0
54.1,78.97357991370197,5.929291601312598e-18,112.15768448040843,0
54.11666666666667,78.98978779169124,5.819706644293631e-18,112.07122953191237,0
54.13333333333333,79.00598317609825,5.712148744610448e-18,111.98484122582386,0
54.15,79.02216607655349,5.6065803732340925e-18,111.89851951077267,0
54.166666666666664,79.03833650268,5.502964696600549e-18,111.8122643354282,0
54.18333333333333,79.05449446409341,5.4012655637101514e-18,111.72607564849935,0
54.2,79.07063997040196,5.301447493466452e-18,111.63995339873459,0
54.21666666666667,79.08677303120643,5.203475662250223e-18,111.55389753492193,0
54.233333333333334,79.10289365610032,5.10731589172417e-18,111.4679080058888,0
54.25,79.11900185466956,5.01293463686418e-18,111.38198476050212,0
54.266666666666666,79.13509763649284,4.920298974212593e-18,111.2961277476682,0
54.28333333333333,79.1511810111414,4.829376590349827e-18,111.21033691633272,0
54.3,79.16725198817909,4.740135770579878e-18,111.12461221548078,0
54.31666666666667,79.18331057716243,4.65254538782587e-18,111.03895359413673,0
54.333333333333336,79.19935678764054,4.566574891731953e-18,110.95336100136424,0
54.35,79.2153906291552,4.482194297967282e-18,110.86783438626625,0
54.36666666666667,79.23141211124081,4.3993741777287914e-18,110.78237369798494,0
54.38333333333333,79.24742124342444,4.318085647438704e-18,110.69697888570168,0
54.4,79.26341803522585,4.2383003586333746e-18,110.611649898637,0
54.416666666666664,79.27940249615739,4.159990488039788e-18,110.52638668605061,0
54.43333333333333,79.29537463572413,4.083128727836269e-18,110.4411891972413,0
54.45,79.31133446342378,4.0076882760940826e-18,110.35605738154698,0
54.46666666666667,79.32728198874675,3.9336428273963405e-18,110.27099118834452,0
54.483333333333334,79.34321722117613,3.860966563631113e-18,110.18599056704991,0
54.5,79.35914017018769,3.789634144955428e-18,110.10105546711813,0
54.516666666666666,79.37505084524994,3.719620700926972e-18,110.01618583804306,0
54.53333333333333,79.39094925582401,3.650901821800418e-18,109.93138162935755,0
54.55,79.40683541136382,3.58345354998533e-18,109.84664279063333,0
54.56666666666667,79.42270932131595,3.5172523716625426e-18,109.76196927148105,0
54.583333333333336,79.4385709951197,3.452275208556238e-18,109.67736102155013,0
54.6,79.45442044220715,3.3884994098586007e-18,109.59281799052884,0
54.61666666666667,79.47025767200306,3.3259027443044943e-18,109.50834012814427,0
54.63333333333333,79.48608269392487,3.264463392393128e-18,109.42392738416221,0
54.65,79.5018955173829,3.204159938754095e-18,109.33957970838715,0
54.666666666666664,79.51769615178011,3.1449713646551024e-18,109.25529705066234,0
54.68333333333333,79.53348460651223,3.086877040648733e-18,109.17107936086967,0
54.7,79.54926089096777,3.0298567193556807e-18,109.08692658892963,0
54.71666666666667,79.56502501452799,2.973890528381873e-18,109.00283868480135,0
54.733333333333334,79.58077698656692,2.918958963367069e-18,108.91881559848251,0
54.75,79.59651681645138,2.8650428811624102e-18,108.83485728000935,0
54.766666666666666,79.61224451354093,2.812123493134639e-18,108.7509636794566,0
54.78333333333333,79.62796008718796,2.760182358594461e-18,108.66713474693753,0
54.8,79.64366354673763,2.7092013783469058e-18,108.5833704326038,0
54.81666666666667,79.65935490152789,2.6591627883614613e-18,108.49967068664553,0
54.833333333333336,79.67503416088948,2.6100491535593652e-18,108.41603545929121,0
54.85,79.69070133414601,2.561843361716514e-18,108.33246470080772,0
54.86666666666667,79.70635643061382,2.5145286174792706e-18,108.24895836150029,0
54.88333333333333,79.72199945960213,2.4680884364913656e-18,108.16551639171237,0
54.9,79.73763043041296,2.422506639629784e-18,108.08213874182582,0
54.916666666666664,79.75324935234116,2.3777673473475554e-18,107.99882536226065,0
54.93333333333333,79.7688562346744,2.3338549741215374e-18,107.9155762034751,0
54.95,79.78445108669324,2.2907542230031373e-18,107.83239121596563,0
54.96666666666667,79.80003391767103,2.2484500802702373e-18,107.74927035026685,0
54.983333333333334,79.81560473687402,2.206927810178213e-18,107.66621355695148,0
55.0,79.83116355356128,2.166172949808402e-18,107.58322078663035,0
55.016666666666666,79.84671037698475,2.126171304012118e-18,107.50029198995239,0
55.03333333333333,79.86224521638927,2.086908940448458e-18,107.4174271176045,0
55.05,79.87776808101248,2.0483721847141187e-18,107.33462612031168,0
55.06666666666667,79.893278980085,2.010547615563626e-18,107.25188894883686,0
55.083333333333336,79.90877792283024,1.9734220602181597e-18,107.16921555398093,0
55.1,79.92426491846456,1.9369825897614208e-18,107.0866058865827,0
55.11666666666667,79.93973997619722,1.901216514620892e-18,107.00405989751889,0
55.13333333333333,79.95520310523034,1.8661113801329346e-18,106.92157753770408,0
55.15,79.97065431475896,1.8316549621900952e-18,106.83915875809069,0
55.166666666666664,79.98609361397104,1.7978352629691825e-18,106.75680350966893,0
55.18333333333333,80.00152101204745,1.7646405067385767e-18,106.67451174346681,0
55.2,80.01693651816201,1.7320591357432586e-18,106.59228341055011,0
55.21666666666667,80.03234014148143,1.7000798061662046e-18,106.51011846202225,0
55.233333333333334,80.0477318911654,1.668691384164652e-18,106.42801684902443,0
55.25,80.0631117763665,1.6378829419798878e-18,106.34597852273546,0
55.266666666666666,80.07847980623026,1.6076437541191576e-18,106.26400343437179,0
55.28333333333333,80.0938359898952,1.5779632936084123e-18,106.1820915351875,0
55.3,80.10918033649276,1.5488312283145393e-18,106.1002427764742,0
55.31666666666667,80.12451285514736,1.5202374173357594e-18,106.01845710956111,0
55.333333333333336,80.13983355497638,1.492171907459005e-18,105.9367344858149,0
55.35,80.15514244509018,1.4646249296829839e-18,105.85507485663977,0
55.36666666666667,80.17043953459206,1.4375868958056735e-18,105.77347817347737,0
55.38333333333333,80.18572483257837,1.4110483950751416e-18,105.69194438780677,0
55.4,80.20099834813838,1.3850001909024385e-18,105.61047345114444,0
55.416666666666664,80.2162600903544,1.359433217635455e-18,105.52906531504426,0
55.43333333333333,80.2315100683017,1.3343385773925948e-18,105.4477199310974,0
55.45,80.24674829104862,1.3097075369551508e-18,105.36643725093239,0
55.46666666666667,80.26197476765643,1.2855315247172842e-18,105.28521722621502,0
55.483333333333334,80.27718950717946,1.2618021276925847e-18,105.20405980864834,0
55.5,80.29239251866507,1.2385110885761197e-18,105.12296494997264,0
55.516666666666666,80.30758381115362,1.2156503028609224e-18,105.0419326019654,0
55.53333333333333,80.3227633936785,1.1932118160079772e-18,104.96096271644129,0
55.55,80.33793127526616,1.1711878206686634e-18,104.88005524525208,0
55.56666666666667,80.35308746493608,1.1495706539586635e-18,104.79921014028672,0
55.583333333333336,80.36823197170077,1.1283527947824444e-18,104.71842735347117,0
55.6,80.38336480456582,1.107526861207325e-18,104.63770683676852,0
55.61666666666667,80.39848597252987,1.0870856078861993e-18,104.55704854217885,0
55.63333333333333,80.41359548458463,1.0670219235280804e-18,104.4764524217392,0
55.65,80.42869334971483,1.0473288284154961e-18,104.39591842752367,0
55.666666666666664,80.44377957689838,1.0279994719679081e-18,104.31544651164326,0
55.68333333333333,80.45885417510615,1.0090271303503334e-18,104.23503662624586,0
55.7,80.47391715330218,9.904052041262162e-19,104.15468872351629,0
55.71666666666667,80.48896852044356,9.721272159538977e-19,104.07440275567619,0
55.733333333333334,80.50400828548048,9.541868083257147e-19,103.99417867498404,0
55.75,80.51903645735622,9.365777413490158e-19,103.91401643373516,0
55.766666666666666,80.53405304500721,9.192938905683451e-19,103.8339159842616,0
55.78333333333333,80.54905805736297,9.023292448279269e-19,103.75387727893212,0
55.8,80.5640515033461,8.856779041738228e-19,103.67390027015227,0
55.81666666666667,80.57903339187237,8.693340777949386e-19,103.59398491036428,0
55.833333333333336,80.59400373185068,8.532920820021967e-19,103.51413115204699,0
55.85,80.60896253218299,8.375463382451588e-19,103.43433894771587,0
55.86666666666667,80.6239098017645,8.22091371165426e-19,103.35460824992309,0
55.88333333333333,80.63884554948346,8.069218066860683e-19,103.27493901125725,0
55.9,80.65376978422135,7.920323701365152e-19,103.1953311843436,0
55.916666666666664,80.66868251485276,7.774178844121486e-19,103.1157847218439,0
55.93333333333333,80.68358375024543,7.630732681680245e-19,103.03629957645633,0
55.95,80.6984734992603,7.489935340460673e-19,102.9568757009156,0
55.96666666666667,80.71335177075144,7.3517378693510165e-19,102.87751304799286,0
55.983333333333334,80.72821857356611,7.216092222631369e-19,102.79821157049562,0
56.0,80.74307391654479,7.082951243212872e-19,102.71897122126778,0
56.016666666666666,80.75791780852107,6.9522686461876e-19,102.63979195318959,0
56.03333333333333,80.77275025832178,6.823999002683072e-19,102.56067371917766,0
56.05,80.78757127476698,6.698097724016119e-19,102.48161647218481,0
56.06666666666667,80.80238086666982,6.574521046140168e-19,102.40262016520022,0
56.083333333333336,80.81717904283678,6.453226014380793e-19,102.32368475124926,0
56.1,80.83196581206747,6.334170468454107e-19,102.24481018339348,0
56.11666666666667,80.84674118315475,6.21731302776265e-19,102.16599641473069,0
56.13333333333333,80.8615051648847,6.102613076963686e-19,102.08724339839479,0
56.15,80.87625776603662,5.990030751804953e-19,102.0085510875558,0
56.166666666666664,80.89099899538303,5.879526925222765e-19,101.9299194354199,0
56.18333333333333,80.90572886168972,5.771063193697677e-19,101.85134839522928,0
56.2,80.92044737371572,5.664601863862912e-19,101.77283792026222,0
56.21666666666667,80.93515454021326,5.560105939360909e-19,101.69438796383297,0
56.233333333333334,80.9498503699279,5.4575391079432755e-19,101.61599847929179,0
56.25,80.96453487159837,5.356865728809754e-19,101.5376694200249,0
56.266666666666666,80.97920805395675,5.258050820181772e-19,101.45940073945445,0
56.28333333333333,80.99386992572833,5.161060047106093e-19,101.38119239103851,0
56.3,81.00852049563171,5.065859709484411e-19,101.30304432827097,0
56.31666666666667,81.02315977237875,4.972416730324741e-19,101.22495650468164,0
56.333333333333336,81.03778776467458,4.88069864421033e-19,101.14692887383612,0
56.35,81.05240448121765,4.790673585982198e-19,101.06896138933577,0
56.36666666666667,81.06700993069968,4.702310279631344e-19,100.99105400481777,0
56.38333333333333,81.08160412180573,4.615578027396639e-19,100.91320667395499,0
56.4,81.0961870632141,4.530446699064619e-19,100.83541935045606,0
56.416666666666664,81.11075876359648,4.44688672146757e-19,100.75769198806525,0
56.43333333333333,81.1253192316178,4.364869068175956e-19,100.68002454056251,0
56.45,81.13986847593637,4.2843652493818874e-19,100.60241696176345,0
56.46666666666667,81.1544065052038,4.205347301969934e-19,100.52486920551917,0
56.483333333333334,81.168933328065,4.127787779771698e-19,100.44738122571647,0
56.5,81.18344895315828,4.05165974400104e-19,100.36995297627763,0
56.516666666666666,81.19795338911524,3.976936753866327e-19,100.29258441116043,0
56.53333333333333,81.21244664456087,3.903592857356561e-19,100.2152754843582,0
56.55,81.22692872811348,3.8316025821981875e-19,100.1380261498997,0
56.56666666666667,81.24139964838473,3.7609409269792096e-19,100.06083636184913,0
56.583333333333336,81.25585941397966,3.691583352437905e-19,99.98370607430608,0
56.6,81.27030803349668,3.623505772912629e-19,99.90663524140555,0
56.61666666666667,81.28474551552758,3.556684547950063e-19,99.8296238173179,0
56.63333333333333,81.29917186865745,3.491096474068863e-19,99.75267175624879,0
56.65,81.31358710146492,3.4267187766757376e-19,99.67577901243918,0
56.666666666666664,81.32799122252182,3.3635291021312786e-19,99.59894554016532,0
56.68333333333333,81.34238424039351,3.3015055099626574e-19,99.52217129373871,0
56.7,81.35676616363871,3.2406264652205804e-19,99.44545622750606,0
56.71666666666667,81.37113700080953,3.180870830977614e-19,99.36880029584925,0
56.733333333333334,81.38549676045147,3.1222178609655915e-19,99.29220345318537,0
56.75,81.39984545110347,3.0646471923491623e-19,99.21566565396658,0
56.766666666666666,81.4141830812979,3.00813883863325e-19,99.13918685268021,0
56.78333333333333,81.42850965956053,2.9526731827017707e-19,99.06276700384866,0
56.8,81.44282519441056,2.8982309699852433e-19,98.98640606202937,0
56.81666666666667,81.45712969436062,2.844793301754907e-19,98.91010398181483,0
56.833333333333336,81.47142316791681,2.792341628540877e-19,98.8338607178325,0
56.85,81.48570562357861,2.7408577436723724e-19,98.75767622474483,0
56.86666666666667,81.49997706983902,2.6903237769372966e-19,98.68155045724922,0
56.88333333333333,81.51423751518446,2.640722188359291e-19,98.60548337007802,0
56.9,81.5284869680948,2.5920357620900564e-19,98.52947491799841,0
56.916666666666664,81.54272543704336,2.544247600414576e-19,98.45352505581249,0
56.93333333333333,81.55695293049699,2.497341117867467e-19,98.37763373835719,0
56.95,81.57116945691594,2.4513000354581103e-19,98.30180092050422,0
56.96666666666667,81.58537502475397,2.406108375002782e-19,98.22602655716011,0
56.983333333333334,81.59956964245836,2.3617504535616313e-19,98.15031060326616,0
57.0,81.61375331846983,2.318210877978661e-19,98.07465301379837,0
57.016666666666666,81.62792606122261,2.2754745395227296e-19,97.99905374376745,0
57.03333333333333,81.64208787914441,2.2335266086278297e-19,97.92351274821881,0
57.05,81.6562387806565,2.192352529730595e-19,97.84802998223252,0
57.06666666666667,81.67037877417354,2.151938016203473e-19,97.77260540092323,0
57.083333333333336,81.68450786810386,2.112269045381602e-19,97.69723895944021,0
57.1,81.69862607084923,2.0733318536817495e-19,97.62193061296733,0
57.11666666666667,81.71273339080489,2.0351129318116248e-19,97.54668031672301,0
57.13333333333333,81.7268298363597,1.9975990200677544e-19,97.47148802596011,0
57.15,81.74091541589601,1.9607771037205284e-19,97.39635369596608,0
57.166666666666664,81.7549901377897,1.9246344084844956e-19,97.32127728206277,0
57.18333333333333,81.76905401041026,1.8891583960726034e-19,97.24625873960649,0
57.2,81.78310704212062,1.8543367598326618e-19,97.17129802398799,0
57.21666666666667,81.79714924127735,1.8201574204645559e-19,97.09639509063234,0
57.233333333333334,81.81118061623056,1.7866085218167208e-19,97.02154989499904,0
57.25,81.82520117532388,1.7536784267604123e-19,96.9467623925819,0
57.266666666666666,81.83921092689457,1.7213557131402993e-19,96.87203253890902,0
57.28333333333333,81.85320987927342,1.6896291698000192e-19,96.79736028954281,0
57.3,81.86719804078483,1.6584877926812402e-19,96.72274560007989,0
57.31666666666667,81.88117541974673,1.6279207809949482e-19,96.64818842615114,0
57.333333333333336,81.8951420244707,1.5979175334635284e-19,96.57368872342164,0
57.35,81.90909786326192,1.5684676446324155e-19,96.49924644759062,0
57.36666666666667,81.92304294441907,1.5395609012499886e-19,96.42486155439153,0
57.38333333333333,81.93697727623456,1.5111872787144348e-19,96.35053399959183,0
57.4,81.95090086699432,1.4833369375863357e-19,96.27626373899318,0
57.416666666666664,81.9648137249779,1.456000220165819e-19,96.20205072843122,0
57.43333333333333,81.97871585845851,1.4291676471330198e-19,96.12789492377573,0
57.45,81.99260727570298,1.4028299142506844e-19,96.05379628093043,0
57.46666666666667,82.00648798497173,1.3769778891277775e-19,95.97975475583306,0
57.483333333333334,82.02035799451882,1.351602608042997e-19,95.90577030445532,0
57.5,82.03421731259196,1.3266952728270304e-19,95.83184288280287,0
57.516666666666666,82.0480659474325,1.3022472478024832e-19,95.75797244691525,0
57.53333333333333,82.06190390727546,1.2782500567804366e-19,95.68415895286589,0
57.55,82.07573120034948,1.2546953801125445e-19,95.61040235676211,0
57.56666666666667,82.08954783487687,1.231575051797696e-19,95.53670261474501,0
57.583333333333336,82.10335381907359,1.2088810566421611e-19,95.46305968298955,0
57.6,82.11714916114927,1.1866055274723088e-19,95.38947351770446,0
57.61666666666667,82.13093386930724,1.1647407423988501e-19,95.31594407513222,0
57.63333333333333,82.14470795174446,1.1432791221317067e-19,95.24247131154902,0
57.65,82.15847141665162,1.122213227344556e-19,95.16905518326477,0
57.666666666666664,82.17222427221306,1.1015357560880966e-19,95.09569564662308,0
57.68333333333333,82.18596652660682,1.0812395412511664e-19,95.0223926580012,0
57.7,82.19969818800465,1.0613175480688607e-19,94.94914617380998,0
57.71666666666667,82.21341926457198,1.0417628716766887e-19,94.87595615049386,0
57.733333333333334,82.22712976446796,1.0225687347099955e-19,94.80282254453093,0
57.75,82.24082969584545,1.0037284849477716e-19,94.72974531243277,0
57.766666666666666,82.25451906685103,9.852355930000617e-20,94.65672441074447,0
57.78333333333333,82.26819788562497,9.6708365003813e-20,94.58375979604466,0
57.8,82.28186616030132,9.492663655665896e-20,94.5108514249454,0
57.81666666666667,82.2955238990078,9.317775652367622e-20,94.43799925409225,0
57.833333333333336,82.30917110986593,9.146111887004844e-20,94.36520324016412,0
57.85,82.32280780099087,8.977612875035583e-20,94.29246333987335,0
57.86666666666667,82.33643398049163,8.81222023018223e-20,94.21977950996566,0
57.88333333333333,82.35004965647093,8.649876644137943e-20,94.14715170722009,0
57.9,82.36365483702522,8.490525866648925e-20,94.074579888449,0
57.916666666666664,82.37724953024474,8.334112685964682e-20,94.00206401049805,0
57.93333333333333,82.3908337442135,8.180582909649911e-20,93.92960403024613,0
57.95,82.40440748700924,8.029883345751199e-20,93.85719990460542,0
57.96666666666667,82.4179707667035,7.881961784311953e-20,93.7848515905213,0
57.983333333333334,82.43152359136161,7.736766979229248e-20,93.71255904497232,0
58.0,82.44506596904262,7.594248630446023e-20,93.64032222497019,0
58.016666666666666,82.45859790779947,7.4543573664727e-20,93.56814108755978,0
58.03333333333333,82.4721194156788,7.317044727231764e-20,93.49601558981905,0
58.05,82.48563050072111,7.182263147219811e-20,93.42394568885908,0
58.06666666666667,82.49913117096067,7.04996593898081e-20,93.35193134182396,0
58.083333333333336,82.51262143442553,6.92010727688488e-20,93.27997250589083,0
58.1,82.52610129913764,6.792642181207091e-20,93.20806913826988,0
58.11666666666667,82.53957077311266,6.667526502500581e-20,93.13622119620422,0
58.13333333333333,82.55302986436016,6.544716906258536e-20,93.06442863696999,0
58.15,82.56647858088348,6.424170857859875e-20,92.99269141787619,0
58.166666666666664,82.57991693067983,6.305846607793157e-20,92.92100949626477,0
58.18333333333333,82.5933449217402,6.189703177153745e-20,92.84938282951057,0
58.2,82.60676256204947,6.075700343408982e-20,92.77781137502126,0
58.21666666666667,82.62016985958637,5.963798626426551e-20,92.70629509023735,0
58.233333333333334,82.63356682232342,5.853959274761337e-20,92.63483393263216,0
58.25,82.64695345822709,5.746144252195452e-20,92.56342785971182,0
58.266666666666666,82.6603297752576,5.640316224527328e-20,92.49207682901515,0
58.28333333333333,82.67369578136913,5.536438546605035e-20,92.42078079811374,0
58.3,82.68705148450964,5.434475249599051e-20,92.34953972461189,0
58.31666666666667,82.70039689262106,5.334391028510633e-20,92.27835356614658,0
58.333333333333336,82.7137320136391,5.236151229910812e-20,92.20722228038741,0
58.35,82.72705685549343,5.1397218399062776e-20,92.13614582503665,0
58.36666666666667,82.74037142610757,5.045069472327447e-20,92.06512415782919,0
58.38333333333333,82.75367573339896,4.9521613571351003e-20,91.99415723653243,0
58.4,82.76696978527889,4.8609653290411675e-20,91.92324501894637,0
58.416666666666664,82.78025358965259,4.7714498163398797e-20,91.85238746290355,0
58.43333333333333,82.79352715441918,4.6835838299454064e-20,91.781584526269,0
58.45,82.80679048747169,4.597336952632044e-20,91.7108361669402,0
58.46666666666667,82.8200435966971,4.512679328473277e-20,91.64014234284713,0
58.483333333333334,82.83328648997627,4.429581652476091e-20,91.56950301195218,0
58.5,82.846519175184,4.348015160406786e-20,91.49891813225017,0
58.516666666666666,82.85974166018899,4.2679516188049303e-20,91.42838766176823,0
58.53333333333333,82.87295395285393,4.1893633151817624e-20,91.35791155856589,0
58.55,82.88615606103544,4.1122230483998e-20,91.28748978073502,0
58.56666666666667,82.89934799258401,4.036504119230235e-20,91.21712228639979,0
58.583333333333336,82.9125297553442,3.9621803210848476e-20,91.14680903371664,0
58.6,82.92570135715438,3.889225930919148e-20,91.07654998087423,0
58.61666666666667,82.93886280584701,3.8176157003036976e-20,91.00634508609352,0
58.63333333333333,82.95201410924845,3.7473248466603586e-20,90.93619430762764,0
58.65,82.96515527517903,3.6783290446605717e-20,90.86609760376189,0
58.666666666666664,82.97828631145306,3.6106044177825274e-20,90.7960549328137,0
58.68333333333333,82.99140722587882,3.544127530024351e-20,90.7260662531327,0
58.7,83.00451802625857,3.478875377770457e-20,90.6561315231006,0
58.71666666666667,83.01761872038854,3.414825381808209e-20,90.58625070113114,0
58.733333333333334,83.03070931605902,3.351955379492013e-20,90.5164237456702,0
58.75,83.0437898210542,3.2902436170522764e-20,90.4466506151956,0
58.766666666666666,83.05686024315234,3.2296687420464545e-20,90.37693126821725,0
58.78333333333333,83.06992059012568,3.170209795949605e-20,90.307265663277,0
58.8,83.08297086974044,3.1118462068817876e-20,90.23765375894865,0
58.81666666666667,83.09601108975693,3.05455778246989e-20,90.16809551383797,0
58.833333333333336,83.10904125792936,2.998324702841356e-20,90.09859088658258,0
58.85,83.12206138200612,2.943127513747258e-20,90.02913983585208,0
58.86666666666667,83.13507146972947,2.88894711981257e-20,89.95974232034781,0
58.88333333333333,83.14807152883579,2.835764777911039e-20,89.89039829880302,0
58.9,83.1610615670555,2.783562090662503e-20,89.82110772998274,0
58.916666666666664,83.17404159211301,2.7323210000503177e-20,89.7518705726838,0
58.93333333333333,83.18701161172685,2.6820237811567285e-20,89.6826867857348,0
58.95,83.19997163360948,2.6326530360139805e-20,89.61355632799606,0
58.96666666666667,83.21292166546755,2.584191687568976e-20,89.54447915835961,0
58.983333333333334,83.2258617150017,2.5366229737594782e-20,89.47545523574917,0
59.0,83.23879178990661,2.4899304416997288e-20,89.40648451912011,0
59.016666666666666,83.25171189787113,2.4440979419734616e-20,89.33756696745951,0
59.03333333333333,83.26462204657805,2.3991096230323897e-20,89.26870253978596,0
59.05,83.27752224370434,2.354949925698081e-20,89.19989119514968,0
59.06666666666667,83.290412496921,2.3116035777654993e-20,89.13113289263251,0
59.083333333333336,83.30329281389314,2.2690555887061577e-20,89.06242759134774,0
59.1,83.31616320227994,2.2272912444691255e-20,88.99377525044027,0
59.11666666666667,83.32902366973472,2.1862961023780913e-20,88.92517582908638,0
59.13333333333333,83.34187422390485,2.14605598612268e-20,88.85662928649393,0
59.15,83.35471487243184,2.1065569808422697e-20,88.78813558190217,0
59.166666666666664,83.36754562295127,2.067785428300599e-20,88.71969467458177,0
59.18333333333333,83.3803664830929,2.0297279221495532e-20,88.65130652383479,0
59.2,83.39317746048054,1.9923713032803912e-20,88.58297108899471,0
59.21666666666667,83.40597856273214,1.955702655260807e-20,88.5146883294263,0
59.233333333333334,83.41876979745982,1.919709299856363e-20,88.44645820452565,0
59.25,83.43155117226979,1.8843787926345298e-20,88.37828067372021,0
59.266666666666666,83.4443226947624,1.8496989186499663e-20,88.31015569646864,0
59.28333333333333,83.45708437253217,1.8156576882095053e-20,88.2420832322609,0
59.3,83.46983621316771,1.7822433327153117e-20,88.17406324061814,0
59.31666666666667,83.48257822425185,1.749444300584846e-20,88.10609568109271,0
59.333333333333336,83.49531041336155,1.7172492532461342e-20,88.03818051326817,0
59.35,83.50803278806791,1.6856470612070526e-20,87.97031769675922,0
59.36666666666667,83.5207453559362,1.6546268001971475e-20,87.90250719121171,0
59.38333333333333,83.53344812452586,1.6241777473807424e-20,87.83474895630258,0
59.4,83.5461411013905,1.594289377639956e-20,87.7670429517398,0
59.416666666666664,83.55882429407792,1.564951359926374e-20,87.69938913726247,0
59.43333333333333,83.57149771013012,1.5361535536800697e-20,87.63178747264072,0
59.45,83.58416135708322,1.5078860053147788e-20,87.56423791767564,0
59.46666666666667,83.59681524246761,1.4801389447679548e-20,87.49674043219936,0
59.483333333333334,83.6094593738078,1.452902782114556e-20,87.42929497607496,0
59.5,83.62209375862258,1.4261681042433067e-20,87.36190150919644,0
59.516666666666666,83.63471840442489,1.399925671594406e-20,87.29455999148871,0
59.53333333333333,83.64733331872188,1.374166414957408e-20,87.2272703829076,0
59.55,83.65993850901494,1.3488814323282565e-20,87.1600326434398,0
59.56666666666667,83.67253398279962,1.3240619858243462e-20,87.09284673310282,0
59.583333333333336,83.68511974756579,1.2996994986565469e-20,87.02571261194502,0
59.6,83.69769581079746,1.2757855521571363e-20,86.95863024004557,0
59.61666666666667,83.7102621799729,1.2523118828625797e-20,86.89159957751433,0
59.63333333333333,83.72281886256464,1.2292703796502285e-20,86.824620584492,0
59.65,83.73536586603942,1.2066530809278099e-20,86.75769322114996,0
59.666666666666664,83.74790319785822,1.1844521718748744e-20,86.69081744769032,0
59.68333333333333,83.76043086547628,1.1626599817351063e-20,86.62399322434582,0
59.7,83.77294887634311,1.1412689811586794e-20,86.5572205113799,0
59.71666666666667,83.78545723790245,1.1202717795936577e-20,86.49049926908658,0
59.733333333333334,83.79795595759231,1.0996611227255191e-20,86.42382945779056,0
59.75,83.81044504284498,1.0794298899640256e-20,86.3572110378471,0
59.766666666666666,83.822924501087,1.0595710919763948e-20,86.29064396964193,0
59.78333333333333,83.8353943397392,1.040077868266093e-20,86.22412821359144,0
59.8,83.8478545662167,1.020943484796265e-20,86.15766373014247,0
59.81666666666667,83.86030518792887,1.0021613316570687e-20,86.09125047977234,0
59.833333333333336,83.8727462122794,9.837249207760505e-21,86.0248884229889,0
59.85,83.88517764666625,9.656278836708187e-21,85.95857752033032,0
59.86666666666667,83.89759949848171,9.47863969243134e-21,85.89231773236536,0
59.88333333333333,83.91001177511234,9.304270416138038e-21,85.826109019693,0
59.9,83.92241448393901,9.133110779974772e-21,85.75995134294273,0
59.916666666666664,83.93480763233691,8.965101666166898e-21,85.69384466277431,0
59.93333333333333,83.94719122767557,8.800185046544106e-21,85.62778893987783,0
59.95,83.95956527731879,8.638303962443834e-21,85.5617841349737,0
59.96666666666667,83.97192978862472,8.479402504985618e-21,85.4958302088126,0
59.983333333333334,83.98428476894581,8.323425795709362e-21,85.4299271221755,0
60.0,83.9966302256289,8.170319967571223e-21,85.36407483587352,0
60.016666666666666,84.00896616601514,8.020032146290003e-21,85.29827331074809,0
60.03333333333333,84.02129259743997,7.872510432038066e-21,85.23252250767074,0
60.05,84.03360952723324,7.727703881469903e-21,85.16682238754319,0
60.06666666666667,84.04591696271915,7.58556249008255e-21,85.10117291129733,0
60.083333333333336,84.05821491121621,7.446037174901589e-21,85.03557403989512,0
60.1,84.07050338003732,7.309079757486541e-21,84.97002573432863,0
60.11666666666667,84.08278237648975,7.174642947249964e-21,84.90452795562001,0
60.13333333333333,84.09505190787512,7.042680325084443e-21,84.83908066482144,0
60.15,84.1073119814894,6.913146327291733e-21,84.77368382301509,0
60.166666666666664,84.11956260462298,6.785996229808246e-21,84.70833739131321,0
60.18333333333333,84.1318037845606,6.661186132722041e-21,84.64304133085797,0
60.2,84.14403552858143,6.5386729450752644e-21,84.57779560282151,0
60.21666666666667,84.15625784395893,6.418414369947058e-21,84.51260016840588,0
60.233333333333334,84.16847073796107,6.300368889811791e-21,84.44745498884305,0
60.25,84.18067421785018,6.1844957521675445e-21,84.38236002539489,0
60.266666666666666,84.19286829088291,6.070754955429547e-21,84.31731523935308,0
60.28333333333333,84.20505296431047,5.959107235084252e-21,84.25232059203921,0
60.3,84.21722824537832,5.849514050098616e-21,84.18737604480464,0
60.31666666666667,84.22939414132644,5.741937569580267e-21,84.12248155903052,0
60.333333333333336,84.24155065938919,5.636340659683834e-21,84.05763709612779,0
60.35,84.25369780679539,5.532686870758868e-21,83.99284261753712,0
60.36666666666667,84.2658355907682,5.430940424734839e-21,83.9280980847289,0
60.38333333333333,84.27796401852535,5.3310662027389e-21,83.86340345920321,0
60.4,84.29008309727888,5.233029732942239e-21,83.79875870248986,0
60.416666666666664,84.30219283423533,5.1367971786304895e-21,83.73416377614825,0
60.43333333333333,84.31429323659569,5.04233532649431e-21,83.66961864176744,0
60.45,84.32638431155534,4.949611575136135e-21,83.60512326096612,0
60.46666666666667,84.33846606630418,4.858593923788736e-21,83.54067759539254,0
60.483333333333334,84.35053850802657,4.769250961242046e-21,83.47628160672448,0
60.5,84.36260164390129,4.681551854974346e-21,83.41193525666935,0
60.516666666666666,84.37465548110158,4.5954663404837795e-21,83.34763850696397,0
60.53333333333333,84.38670002679518,4.510964710816845e-21,83.28339131937473,0
60.55,84.39873528814434,4.4280178062900545e-21,83.21919365569748,0
60.56666666666667,84.4107612723057,4.346597004401042e-21,83.15504547775748,0
60.583333333333336,84.42277798643046,4.266674209926058e-21,83.09094674740948,0
60.6,84.43478543766426,4.188221845199916e-21,83.02689742653757,0
60.61666666666667,84.44678363314726,4.111212840575339e-21,82.96289747705526,0
60.63333333333333,84.45877258001413,4.0356206250583e-21,82.89894686090541,0
60.65,84.47075228539397,3.961419117116098e-21,82.83504554006022,0
60.666666666666664,84.48272275641045,3.888582715654988e-21,82.77119347652119,0
60.68333333333333,84.49468400018176,3.8170862911643186e-21,82.7073906323191,0
60.7,84.50663602382052,3.74690517702382e-21,82.64363696951405,0
60.71666666666667,84.51857883443397,3.678015160971517e-21,82.57993245019532,0
60.733333333333334,84.53051243912378,3.610392476728746e-21,82.51627703648145,0
60.75,84.54243684498621,3.544013795779863e-21,82.4526706905202,0
60.766666666666666,84.55435205911205,3.478856219303452e-21,82.38911337448845,0
60.78333333333333,84.56625808858657,3.414897270252444e-21,82.32560505059226,0
60.8,84.57815494048963,3.3521148855801523e-21,82.26214568106687,0
60.81666666666667,84.59004262189559,3.29048740860995e-21,82.19873522817655,0
60.833333333333336,84.60192113987341,3.229993581545432e-21,82.1353736542147,0
60.85,84.61379050148656,3.1706125381188886e-21,82.07206092150383,0
60.86666666666667,84.62565071379306,3.112323796375237e-21,82.00879699239542,0
60.88333333333333,84.63750178384554,3.05510725158916e-21,81.94558182926997,0
60.9,84.64934371869113,2.9989431693127998e-21,81.88241539453705,0
60.916666666666664,84.66117652537156,2.9438121785516495e-21,81.81929765063512,0
60.93333333333333,84.67300021092314,2.8896952650664026e-21,81.75622856003164,0
60.95,84.68481478237675,2.8365737647982062e-21,81.69320808522303,0
60.96666666666667,84.6966202467578,2.784429357415255e-21,81.63023618873459,0
60.983333333333334,84.7084166110864,2.733244059978345e-21,81.56731283312045,0
61.0,84.72020388237715,2.683000220723269e-21,81.5044379809637,0
61.016666666666666,84.73198206763925,2.6336805129578977e-21,81.44161159487622,0
61.03333333333333,84.74375117387656,2.5852679290716873e-21,81.37883363749872,0
61.05,84.75551120808746,2.5377457746558566e-21,81.31610407150069,0
61.06666666666667,84.76726217726501,2.4910976627317678e-21,81.25342285958044,0
61.083333333333336,84.7790040883968,2.4453075080858862e-21,81.190789964465,0
61.1,84.79073694846514,2.4003595217091905e-21,81.1282053489101,0
61.11666666666667,84.80246076444683,2.356238205339045e-21,81.06566897570026,0
61.13333333333333,84.81417554331343,2.312928346101758e-21,81.00318080764865,0
61.15,84.82588129203101,2.270415011253951e-21,80.94074080759705,0
61.166666666666664,84.83757801756032,2.2286835430208573e-21,80.87834893841598,0
61.18333333333333,84.84926572685674,2.187719553529799e-21,80.8160051630045,0
61.2,84.86094442687029,2.1475089198371064e-21,80.75370944429034,0
61.21666666666667,84.87261412454565,2.108037779046685e-21,80.69146174522973,0
61.233333333333334,84.88427482682211,2.0692925235186654e-21,80.62926202880749,0
61.25,84.89592654063364,2.0312597961662705e-21,80.567110258037,0
61.266666666666666,84.9075692729088,1.993926485839561e-21,80.50500639596011,0
61.28333333333333,84.91920303057094,1.9572797227941216e-21,80.4429504056472,0
61.3,84.93082782053797,1.9213068742434094e-21,80.38094225019702,0
61.31666666666667,84.94244364972246,1.8859955399930647e-21,80.31898189273691,0
61.333333333333336,84.95405052503173,1.8513335481556897e-21,80.25706929642251,0
61.35,84.9656484533677,1.817308950944653e-21,80.19520442443795,0
61.36666666666667,84.97723744162704,1.783910020545447e-21,80.13338723999564,0
61.38333333333333,84.988817496701,1.751125245063128e-21,80.07161770633647,0
61.4,85.00038862547564,1.7189433245445046e-21,80.00989578672956,0
61.416666666666664,85.01195083483162,1.6873531670736255e-21,79.9482214444724,0
61.43333333333333,85.02350413164434,1.6563438849392612e-21,79.88659464289071,0
61.45,85.03504852278392,1.62590479087304e-21,79.82501534533858,0
61.46666666666667,85.04658401511513,1.596025394356922e-21,79.7634835151983,0
61.483333333333334,85.05811061549745,1.5666953979987723e-21,79.70199911588031,0
61.5,85.06962833078515,1.5379046939746802e-21,79.6405621108234,0
61.516666666666666,85.0811371678271,1.5096433605369369e-21,79.5791724634944,0
61.53333333333333,85.092637133467,1.4819016585863282e-21,79.5178301373884,0
61.55,85.10412823454323,1.4546700283076412e-21,79.4565350960286,0
61.56666666666667,85.11561047788885,1.4279390858671715e-21,79.3952873029663,0
61.583333333333336,85.12708387033173,1.4016996201711182e-21,79.3340867217809,0
61.6,85.13854841869447,1.3759425896837153e-21,79.27293331607993,0
61.61666666666667,85.15000412979433,1.3506591193040322e-21,79.2118270494989,0
61.63333333333333,85.16145101044343,1.325840497300301e-21,79.15076788570134,0
61.65,85.17288906744855,1.3014781723008146e-21,79.08975578837888,0
61.666666666666664,85.18431830761124,1.2775637503402198e-21,79.02879072125103,0
61.68333333333333,85.19573873772786,1.2540889919602838e-21,78.96787264806538,0
61.7,85.20715036458945,1.231045809364112e-21,78.90700153259738,0
61.71666666666667,85.21855319498191,1.208426263622781e-21,78.84617733865042,0
61.733333333333334,85.2299472356858,1.1862225619334765e-21,78.78540003005578,0
61.75,85.24133249347653,1.1644270549281557e-21,78.72466957067269,0
61.766666666666666,85.2527089751243,1.143032234031822e-21,78.66398592438816,0
61.78333333333333,85.26407668739402,1.122030728869471e-21,78.60334905511705,0
61.8,85.27543563704546,1.101415304720837e-21,78.54275892680208,0
61.81666666666667,85.2867858308331,1.0811788600220465e-21,78.48221550341374,0
61.833333333333336,85.29812727550629,1.0613144239133043e-21,78.42171874895025,0
61.85,85.30945997780913,1.041815153831788e-21,78.36126862743764,0
61.86666666666667,85.32078394448052,1.0226743331488869e-21,78.30086510292966,0
61.88333333333333,85.33209918225423,1.0038853688509882e-21,78.24050813950775,0
61.9,85.34340569785873,9.854417892630207e-22,78.18019770128105,0
61.916666666666664,85.3547034980174,9.673372418139054e-22,78.11993375238633,0
61.93333333333333,85.3659925894484,9.495654908432302e-22,78.05971625698808,0
61.95,85.37727297886468,9.321204154483076e-22,77.99954517927834,0
61.96666666666667,85.38854467297412,9.149960073709365e-22,77.9394204834768,0
61.983333333333334,85.39980767847928,8.981863689230723e-22,77.87934213383069,0
62.0,85.41106200207768,8.816857109507366e-22,77.81931009461483,0
62.016666666666666,85.42230765046162,8.654883508354567e-22,77.75932433013158,0
62.03333333333333,85.43354463031824,8.495887105324996e-22,77.6993848047108,0
62.05,85.44477294832953,8.339813146452905e-22,77.63949148270986,0
62.06666666666667,85.45599261117233,8.186607885352722e-22,77.57964432851358,0
62.083333333333336,85.46720362551837,8.036218564666316e-22,77.51984330653424,0
62.1,85.47840599803418,7.888593397851815e-22,77.46008838121159,0
62.11666666666667,85.48959973538116,7.743681551308053e-22,77.40037951701274,0
62.13333333333333,85.50078484421563,7.601433126828412e-22,77.34071667843223,0
62.15,85.51196133118872,7.461799144377844e-22,77.28109982999196,0
62.166666666666664,85.52312920294645,7.324731525187406e-22,77.22152893624113,0
62.18333333333333,85.53428846612972,7.190183075160045e-22,77.16200396175635,0
62.2,85.54543912737432,7.058107468582207e-22,77.10252487114145,0
62.21666666666667,85.55658119331092,6.928459232135599e-22,77.04309162902763,0
62.233333333333334,85.56771467056507,6.801193729203359e-22,76.98370420007329,0
62.25,85.57883956575719,6.67626714446555e-22,76.92436254896408,0
62.266666666666666,85.58995588550266,6.55363646877826e-22,76.8650666404129,0
62.28333333333333,85.60106363641172,6.433259484331458e-22,76.80581643915983,0
62.3,85.6121628250895,6.315094750080014e-22,76.74661190997213,0
62.31666666666667,85.62325345813609,6.19910158744351e-22,76.68745301764423,0
62.333333333333336,85.63433554214643,6.085240066269002e-22,76.6283397269977,0
62.35,85.64540908371043,5.9734709910528275e-22,76.56927200288118,0
62.36666666666667,85.6564740894129,5.863755887415961e-22,76.51024981017046,0
62.38333333333333,85.66753056583354,5.756056988828548e-22,76.45127311376841,0
62.4,85.67857851954703,5.650337223579061e-22,76.39234187860491,0
62.416666666666664,85.68961795712298,5.546560201983407e-22,76.3334560696369,0
62.43333333333333,85.70064888512589,5.444690203829838e-22,76.27461565184834,0
62.45,85.71167131011522,5.344692166054764e-22,76.21582059025013,0
62.46666666666667,85.72268523864543,5.246531670646005e-22,76.15707084988021,0
62.483333333333334,85.73369067726581,5.15017493276858e-22,76.09836639580345,0
62.5,85.74468763252074,5.055588789109291e-22,76.03970719311161,0
62.516666666666666,85.75567611094944,4.962740686436066e-22,75.9810932069234,0
62.53333333333333,85.76665611908615,4.871598670367923e-22,75.92252440238443,0
62.55,85.77762766346005,4.782131374351842e-22,75.8640007446671,0
62.56666666666667,85.7885907505953,4.694308008842654e-22,75.80552219897075,0
62.583333333333336,85.79954538701105,4.608098350682218e-22,75.74708873052148,0
62.6,85.81049157922136,4.523472732674223e-22,75.68870030457222,0
62.61666666666667,85.82142933373534,4.440402033351007e-22,75.63035688640271,0
62.63333333333333,85.83235865705704,4.358857666928826e-22,75.57205844131941,0
62.65,85.84327955568551,4.278811573448145e-22,75.51380493465552,0
62.666666666666664,85.8541920361148,4.2002362090955513e-22,75.455596331771,0
62.68333333333333,85.86509610483392,4.123104536703801e-22,75.3974325980525,0
62.7,85.87599176832693,4.0473900164269557e-22,75.33931369891333,0
62.71666666666667,85.88687903307284,3.9730665965871454e-22,75.28123959979348,0
62.733333333333334,85.89775790554573,3.900108704690028e-22,75.22321026615958,0
62.75,85.90862839221458,3.8284912386055714e-22,75.16522566350488,0
62.766666666666666,85.91949049954351,3.7581895579113324e-22,75.1072857573492,0
62.78333333333333,85.93034423399158,3.689179475395138e-22,75.04939051323899,0
62.8,85.94118960201288,3.6214372487142303e-22,74.9915398967472,0
62.81666666666667,85.95202661005655,3.554939572208101e-22,74.93373387347339,0
62.833333333333336,85.96285526456674,3.4896635688619027e-22,74.87597240904353,0
62.85,85.97367557198265,3.425586782418141e-22,74.81825546911023,0
62.86666666666667,85.98448753873849,3.362687169633287e-22,74.76058301935242,0
62.88333333333333,85.99529117126352,3.300943092677251e-22,74.70295502547562,0
62.9,86.00608647598204,3.2403333116727407e-22,74.64537145321171,0
62.916666666666664,86.01687345931344,3.1808369773718747e-22,74.587832268319,0
62.93333333333333,86.02765212767208,3.1224336239678547e-22,74.5303374365822,0
62.95,86.03842248746747,3.065103162038832e-22,74.47288692381241,0
62.96666666666667,86.0491845451041,3.008825871621808e-22,74.41548069584702,0
62.983333333333334,86.05993830698158,2.953582395413963e-22,74.35811871854986,0
63.0,86.07068377949454,2.899353732099279e-22,74.30080095781096,0
63.016666666666666,86.08142096903273,2.8461212297979893e-22,74.24352737954673,0
63.03333333333333,86.09214988198092,2.7938665796365777e-22,74.18629794969982,0
63.05,86.102870524719,2.7425718094362867e-22,74.12911263423912,0
63.06666666666667,86.11358290362192,2.6922192775177392e-22,74.07197139915976,0
63.083333333333336,86.12428702505973,2.642791666619695e-22,74.01487421048309,0
63.1,86.13498289539757,2.594271977929692e-22,73.95782103425665,0
63.11666666666667,86.14567052099565,2.5466435252246806e-22,73.90081183655417,0
63.13333333333333,86.15634990820934,2.4998899291194735e-22,73.84384658347548,0
63.15,86.167021063389,2.453995111421113e-22,73.78692524114658,0
63.166666666666664,86.17768399288022,2.408943289587173e-22,73.7300477757196,0
63.18333333333333,86.1883387030236,2.3647189712860825e-22,73.6732141533727,0
63.2,86.19898520015492,2.3213069490575857e-22,73.61642434031018,0
63.21666666666667,86.20962349060503,2.278692295071555e-22,73.55967830276232,0
63.233333333333334,86.22025358069992,2.236860355983195e-22,73.50297600698549,0
63.25,86.2308754767607,2.195796747883069e-22,73.44631741926207,0
63.266666666666666,86.24148918510362,2.1554873513400165e-22,73.38970250590036,0
63.28333333333333,86.25209471204003,2.1159183065353535e-22,73.33313123323472,0
63.3,86.26269206387647,2.077076008486655e-22,73.2766035676254,0
63.31666666666667,86.27328124691456,2.0389471023594347e-22,73.22011947545862,0
63.333333333333336,86.2838622674511,2.0015184788651568e-22,73.16367892314648,0
63.35,86.29443513177802,1.964777269743957e-22,73.10728187712697,0
63.36666666666667,86.3049998461824,1.928710843330493e-22,73.05092830386398,0
63.38333333333333,86.31555641694646,1.8933068002014357e-22,72.99461816984724,0
63.4,86.32610485034763,1.8585529689031238e-22,72.93835144159229,0
63.416666666666664,86.33664515265843,1.8244374017577818e-22,72.8821280856405,0
63.43333333333333,86.34717733014661,1.7909483707469497e-22,72.82594806855903,0
63.45,86.35770138907503,1.758074363470749e-22,72.76981135694083,0
63.46666666666667,86.36821733570177,1.7258040791814701e-22,72.71371791740452,0
63.483333333333334,86.37872517628007,1.6941264248901706e-22,72.65766771659459,0
63.5,86.38922491705834,1.6630305115449478e-22,72.6016607211811,0
63.516666666666666,86.39971656428018,1.6325056502795703e-22,72.54569689785987,0
63.53333333333333,86.41020012418439,1.6025413487311047e-22,72.48977621335243,0
63.55,86.42067560300492,1.5731273074253824e-22,72.43389863440589,0
63.56666666666667,86.43114300697097,1.5442534162289588e-22,72.37806412779302,0
63.583333333333336,86.44160234230691,1.5159097508663767e-22,72.32227266031218,0
63.6,86.45205361523232,1.4880865695015216e-22,72.26652419878742,0
63.61666666666667,86.46249683196194,1.4607743093819249e-22,72.21081871006821,0
63.63333333333333,86.4729319987058,1.4339635835448092e-22,72.1551561610297,0
63.65,86.4833591216691,1.4076451775837317e-22,72.09953651857249,0
63.666666666666664,86.49377820705223,1.3818100464748034e-22,72.04395974962279,0
63.68333333333333,86.50418926105084,1.3564493114612306e-22,71.98842582113218,0
63.7,86.51459228985583,1.3315542569952677e-22,71.93293470007784,0
63.71666666666667,86.52498729965323,1.3071163277364156e-22,71.8774863534623,0
63.733333333333334,86.5353742966244,1.2831271256048358e-22,71.8220807483136,0
63.75,86.5457532869459,1.2595784068890607e-22,71.76671785168516,0
63.766666666666666,86.55612427678952,1.2364620794068574e-22,71.71139763065578,0
63.78333333333333,86.5664872723223,1.2137701997183897e-22,71.6561200523297,0
63.8,86.57684227970653,1.1914949703906417e-22,71.60088508383645,0
63.81666666666667,86.58718930509973,1.1696287373121855e-22,71.54569269233092,0
63.833333333333336,86.5975283546547,1.1481639870573565e-22,71.49054284499334,0
63.85,86.60785943451951,1.1270933442989546e-22,71.43543550902925,0
63.86666666666667,86.61818255083743,1.1064095692685317e-22,71.38037065166937,0
63.88333333333333,86.62849770974707,1.0861055552634154e-22,71.3253482401698,0
63.9,86.63880491738225,1.0661743261996243e-22,71.27036824181182,0
63.916666666666664,86.64910417987205,1.046609034209798e-22,71.21543062390195,0
63.93333333333333,86.6593955033409,1.0274029572853267e-22,71.16053535377189,0
63.95,86.66967889390845,1.0085494969618741e-22,71.10568239877854,0
63.96666666666667,86.67995435768968,9.900421760474724e-23,71.05087172630397,0
63.983333333333334,86.69022190079478,9.718746363924446e-23,70.99610330375535,0
64.0,86.7004815293293,9.540406367003372e-23,70.94137709856501,0
64.01666666666667,86.71073324939404,9.365340503791387e-23,70.88669307819042,0
64.03333333333333,86.72097706708516,9.193488634320484e-23,70.83205121011405,0
64.05,86.73121298849404,9.02479172387022e-23,70.77745146184347,0
64.06666666666666,86.74144101970741,8.859191822644418e-23,70.72289380091134,0
64.08333333333333,86.7516611668073,8.696632045821704e-23,70.66837819487529,0
64.1,86.76187343587105,8.537056553972953e-23,70.61390461131798,0
64.11666666666666,86.77207783297132,8.380410533839241e-23,70.55947301784705,0
64.13333333333334,86.78227436417612,8.226640179463216e-23,70.50508338209514,0
64.15,86.79246303554869,8.075692673667851e-23,70.45073567171981,0
64.16666666666667,86.80264385314769,7.927516169875749e-23,70.39642985440356,0
64.18333333333334,86.81281682302706,7.782059774263004e-23,70.34216589785377,0
64.2,86.82298195123613,7.639273528241491e-23,70.28794376980278,0
64.21666666666667,86.83313924381946,7.499108391263113e-23,70.23376343800773,0
64.23333333333333,86.84328870681706,7.361516223940873e-23,70.17962487025069,0
64.25,86.85343034626423,7.226449771480007e-23,70.12552803433847,0
64.26666666666667,86.86356416819163,7.093862647414157e-23,70.0714728981028,0
64.28333333333333,86.87369017862525,6.963709317640788e-23,70.01745942940012,0
64.3,86.8838083835865,6.835945084750057e-23,69.96348759611168,0
64.31666666666666,86.89391878909206,6.710526072642272e-23,69.9095573661435,0
64.33333333333333,86.90402140115403,6.587409211428039e-23,69.85566870742635,0
64.35,86.91411622577985,6.466552222606346e-23,69.80182158791565,0
64.36666666666666,86.92420326897235,6.347913604515274e-23,69.74801597559163,0
64.38333333333334,86.93428253672974,6.231452618050247e-23,69.6942518384591,0
64.4,86.94435403504556,6.117129272645237e-23,69.64052914454757,0
64.41666666666667,86.95441776990877,6.004904312511404e-23,69.58684786191124,0
64.43333333333334,86.96447374730371,5.894739203129436e-23,69.53320795862885,0
64.45,86.9745219732101,5.786596117989845e-23,69.47960940280383,0
64.46666666666667,86.98456245360305,5.680437925577432e-23,69.42605216256413,0
64.48333333333333,86.99459519445303,5.576228176595105e-23,69.3725362060623,0
64.5,87.00462020172598,5.473931091422701e-23,69.31906150147545,0
64.51666666666667,87.01463748138322,5.373511547806414e-23,69.26562801700518,0
64.53333333333333,87.02464703938139,5.274935068774745e-23,69.21223572087764,0
64.55,87.03464888167268,5.1781678107767004e-23,69.15888458134344,0
64.56666666666666,87.0446430142046,5.0831765520380736e-23,69.10557456667772,0
64.58333333333333,87.05462944292006,4.989928681131999e-23,69.05230564518001,0
64.6,87.06460817375745,4.898392185759683e-23,68.9990777851743,0
64.61666666666666,87.07457921265055,4.808535641737403e-23,68.94589095500899,0
64.63333333333334,87.08454256552857,4.720328202186183e-23,68.89274512305691,0
64.65,87.09449823831615,4.6337395869202496e-23,68.83964025771525,0
64.66666666666667,87.10444623693337,4.5487400720305374e-23,68.78657632740554,0
64.68333333333334,87.11438656729574,4.465300479659981e-23,68.73355330057365,0
64.7,87.12431923531422,4.38339216796661e-23,68.68057114568983,0
64.71666666666667,87.1342442468952,4.3029870212714894e-23,68.62762983124858,0
64.73333333333333,87.1441616079405,4.2240574403876063e-23,68.57472932576869,0
64.75,87.15407132434743,4.1465763331267614e-23,68.52186959779324,0
64.76666666666667,87.16397340200874,4.0705171049809876e-23,68.46905061588956,0
64.78333333333333,87.17386784681264,3.995853649975384e-23,68.41627234864916,0
64.8,87.18375466464276,3.922560341689095e-23,68.36353476468783,0
64.81666666666666,87.19363386137827,3.8506120244414554e-23,68.31083783264549,0
64.83333333333333,87.20350544289376,3.779984004640229e-23,68.25818152118629,0
64.85,87.21336941505929,3.710652042288936e-23,68.20556579899849,0
64.86666666666666,87.2232257837404,3.64259234265031e-23,68.15299063479449,0
64.88333333333334,87.23307455479814,3.57578154806314e-23,68.10045599731085,0
64.9,87.24291573408897,3.5101967299094935e-23,68.04796185530817,0
64.91666666666667,87.25274932746493,3.4458153807297475e-23,67.9955081775712,0
64.93333333333334,87.26257534077348,3.382615406482543e-23,67.94309493290865,0
64.95,87.2723937798576,3.320575118947078e-23,67.89072209015339,0
64.96666666666667,87.28220465055574,3.259673228265121e-23,67.83838961816222,0
64.98333333333333,87.29200795870189,3.199888835620154e-23,67.78609748581601,0
65.0,87.30180371012551,3.1412014260511195e-23,67.7338456620196,0
65.01666666666667,87.31159191065159,3.0835908613983493e-23,67.68163411570177,0
65.03333333333333,87.32137256610059,3.027037373379073e-23,67.62946281581527,0
65.05,87.33114568228855,2.9715215567904253e-23,67.57733173133681,0
65.06666666666666,87.34091126502696,2.9170243628372816e-23,67.52524083126697,0
65.08333333333333,87.35066932012286,2.863527092582827e-23,67.47319008463026,0
65.1,87.36041985337883,2.811011390519579e-23,67.42117946047503,0
65.11666666666666,87.37016287059296,2.759459238258536e-23,67.36920892787352,0
65.13333333333334,87.37989837755885,2.708852948334427e-23,67.31727845592181,0
65.15,87.38962638006565,2.659175158124806e-23,67.26538801373977,0
65.16666666666667,87.39934688389806,2.6104088238809898e-23,67.2135375704711,0
65.18333333333334,87.40905989483635,2.5625372148687088e-23,67.16172709528331,0
65.2,87.41876541865625,2.5155439076164968e-23,67.10995655736762,0
65.21666666666667,87.4284634611291,2.4694127802698204e-23,67.05822592593903,0
65.23333333333333,87.43815402802177,2.424128007048999e-23,67.00653517023628,0
65.25,87.44783712509668,2.379674052809033e-23,66.95488425952179,0
65.26666666666667,87.45751275811186,2.3360356676994109e-23,66.90327316308169,0
65.28333333333333,87.46718093282082,2.2931978819221433e-23,66.8517018502258,0
65.3,87.47684165497272,2.2511460005861202e-23,66.80017029028757,0
65.31666666666666,87.48649493031219,2.2098655986560713e-23,66.7486784526241,0
65.33333333333333,87.49614076457951,2.169342515994415e-23,66.69722630661614,0
65.35,87.50577916351051,2.1295628524942058e-23,66.645813821668,0
65.36666666666666,87.5154101328366,2.0905129633015908e-23,66.59444096720757,0
65.38333333333334,87.52503367828479,2.052179454126079e-23,66.54310771268635,0
65.4,87.53464980557764,2.0145491766370505e-23,66.49181402757935,0
65.41666666666667,87.5442585204333,1.9776092239447812e-23,66.44055988138513,0
65.43333333333334,87.55385982856556,1.9413469261647174e-23,66.38934524362575,0
65.45,87.56345373568377,1.905749846063104e-23,66.33817008384679,0
65.46666666666667,87.57304024749284,1.8708057747828005e-23,66.28703437161724,0
65.48333333333333,87.58261936969336,1.8365027276475667e-23,66.23593807652964,0
65.5,87.59219110798148,1.8028289400435272e-23,66.18488116819987,0
65.51666666666667,87.60175546804899,1.7697728633763052e-23,66.13386361626732,0
65.53333333333333,87.61131245558325,1.7373231611025068e-23,66.08288539039472,0
65.55,87.62086207626727,1.705468704834118e-23,66.03194646026822,0
65.56666666666666,87.63040433577969,1.6741985705145154e-23,65.98104679559732,0
65.58333333333333,87.6399392397947,1.6435020346647724e-23,65.9301863661149,0
65.6,87.64946679398221,1.613368570698961e-23,65.87936514157711,0
65.61666666666666,87.65898700400767,1.5837878453071613e-23,65.82858309176345,0
65.63333333333334,87.66849987553226,1.5547497149049674e-23,65.77784018647674,0
65.65,87.67800541421273,1.5262442221482523e-23,65.72713639554303,0
65.66666666666667,87.6875036257015,1.4982615925119795e-23,65.67647168881165,0
65.68333333333334,87.69699451564655,1.470792230931899e-23,65.62584603615518,0
65.7,87.70647808969166,1.4438267185079753e-23,65.57525940746942,0
65.71666666666667,87.71595435347612,1.417355809268392e-23,65.52471177267336,0
65.73333333333333,87.72542331263494,1.3913704269930295e-23,65.47420310170918,0
65.75,87.73488497279878,1.3658616620953196e-23,65.42373336454224,0
65.76666666666667,87.74433933959395,1.3408207685614487e-23,65.37330253116106,0
65.78333333333333,87.75378641864242,1.3162391609457524e-23,65.32291057157725,0
65.8,87.76322621556184,1.2921084114213524e-23,65.27255745582562,0
65.81666666666666,87.77265873596552,1.2684202468850245e-23,65.22224315396397,0
65.83333333333333,87.78208398546246,1.2451665461152328e-23,65.17196763607329,0
65.85,87.79150196965729,1.2223393369824112e-23,65.12173087225754,0
65.86666666666666,87.80091269415037,1.1999307937105128e-23,65.07153283264378,0
65.88333333333334,87.81031616453772,1.1779332341888806e-23,65.02137348738209,0
65.9,87.81971238641108,1.1563391173335272e-23,64.97125280664552,0
65.91666666666667,87.8291013653578,1.135141040496876e-23,64.92117076063018,0
65.93333333333334,87.83848310696102,1.1143317369251704e-23,64.87112731955507,0
65.95,87.84785761679949,1.093904073262492e-23,64.82112245366226,0
65.96666666666667,87.85722490044772,1.073851047100786e-23,64.77115613321662,0
65.98333333333333,87.86658496347587,1.0541657845747847e-23,64.72122832850604,0
66.0,87.8759378114499,1.0348415380012035e-23,64.67133900984132,0
66.01666666666667,87.88528344993139,1.0158716835612907e-23,64.62148814755605,0
66.03333333333333,87.89462188447766,9.972497190259559e-24,64.5716757120068,0
66.05,87.90395312064175,9.789692615227061e-24,64.52190167357288,0
66.06666666666666,87.9132771639724,9.610240453436353e-24,64.47216600265655,0
66.08333333333333,87.92259402001409,9.434079197936465e-24,64.42246866968279,0
66.1,87.93190369430705,9.261148470782543e-24,64.37280964509942,0
66.11666666666666,87.94120619238721,9.091389002301829e-24,64.32318889937703,0
66.13333333333334,87.95050151978624,8.924742610740557e-24,64.273606403009,0
66.15,87.95978968203154,8.761152182284969e-24,64.22406212651141,0
66.16666666666667,87.96907068464625,8.600561651449157e-24,64.17455604042307,0
66.18333333333334,87.97834453314924,8.44291598182364e-24,64.12508811530554,0
66.2,87.98761123305518,8.288161147177312e-24,64.07565832174306,0
66.21666666666667,87.99687078987444,8.136244112906767e-24,64.0262666303425,0
66.23333333333333,88.00612320911311,7.987112817826543e-24,63.976913011733444,0
66.25,88.01536849627313,7.8407161562937e-24,63.92759743656809,0
66.26666666666667,88.02460665685213,7.697003960661025e-24,63.87831987552126,0
66.28333333333333,88.03383769634353,7.555926984052571e-24,63.82908029929038,0
66.3,88.04306162023649,7.417436883455615e-24,63.77987867859546,0
66.31666666666666,88.05227843401597,7.281486203123302e-24,63.73071498417908,0
66.33333333333333,88.06148814316268,7.148028358282077e-24,63.6815891868064,0
66.35,88.07069075315312,7.017017619138683e-24,63.632501257265076,0
66.36666666666666,88.07988626945955,6.888409095180824e-24,63.58345116636529,0
66.38333333333334,88.08907469755,6.762158719766288e-24,63.534438884939775,0
66.4,88.09825604288835,6.638223234995095e-24,63.485464383843656,0
66.41666666666667,88.1074303109342,6.516560176859758e-24,63.436527633954604,0
66.43333333333334,88.11659750714298,6.3971278606681984e-24,63.3876286061727,0
66.45,88.1257576369659,6.2798853667344586e-24,63.33876727142046,0
66.46666666666667,88.13491070584995,6.1647925263323745e-24,63.289943600642815,0
66.48333333333333,88.14405671923797,6.051809907907228e-24,63.2411575648071,0
66.5,88.15319568256857,5.940898803540649e-24,63.19240913490302,0
66.51666666666667,88.16232760127613,5.8320212156642466e-24,63.14369828194266,0
66.53333333333333,88.17145248079096,5.725139844017373e-24,63.09502497696043,0
66.55,88.18057032653907,5.620218072844144e-24,63.04638919101308,0
66.56666666666666,88.18968114394231,5.517219958326095e-24,62.99779089517965,0
66.58333333333333,88.1987849384184,5.41611021624539e-24,62.9492300605615,0
66.6,88.20788171538081,5.31685420987462e-24,62.90070665828223,0
66.61666666666666,88.21697148023893,5.219417938089344e-24,62.852220659487784,0
66.63333333333334,88.22605423839786,5.1237680236987095e-24,62.80377203534622,0
66.65,88.23512999525866,5.0298717019905086e-24,62.75536075704792,0
66.66666666666667,88.24419875621817,4.937696809486692e-24,62.70698679580544,0
66.68333333333334,88.25326052666901,4.847211772905365e-24,62.65865012285353,0
66.7,88.26231531199977,4.7583855983255614e-24,62.610350709449094,0
66.71666666666667,88.27136311759476,4.671187860551047e-24,62.5620885268712,0
66.73333333333333,88.28040394883423,4.585588692669424e-24,62.513863546421106,0
66.75,88.28943781109425,4.501558775803118e-24,62.46567573942212,0
66.76666666666667,88.29846470974674,4.4190693290485286e-24,62.417525077219686,0
66.78333333333333,88.30748465015947,4.338092099599953e-24,62.36941153118134,0
66.8,88.3164976376961,4.2585993530549804e-24,62.32133507269669,0
66.81666666666666,88.32550367771616,4.180563863897901e-24,62.27329567317737,0
66.83333333333333,88.334502775575,4.1039589061579065e-24,62.22529330405709,0
66.85,88.34349493662388,4.028758244238868e-24,62.17732793679156,0
66.86666666666666,88.35248016620996,3.9549361239175334e-24,62.12939954285849,0
66.88333333333334,88.36145846967622,3.882467263507071e-24,62.08150809375759,0
66.9,88.37042985236154,3.811326845182899e-24,62.033653561010524,0
66.91666666666667,88.37939431960072,3.7414905064677675e-24,61.985835916160916,0
66.93333333333334,88.38835187672439,3.672934331873324e-24,61.938055130774316,0
66.95,88.39730252905912,3.605634844695112e-24,61.8903111764382,0
66.96666666666667,88.40624628192734,3.539568998958249e-24,61.842604024761954,0
66.98333333333333,88.4151831406474,3.4747141715110726e-24,61.79493364737683,0
67.0,88.42411311053355,3.411048154263969e-24,61.74730001593595,0
67.01666666666667,88.43303619689596,3.34854914657068e-24,61.69970310211433,0
67.03333333333333,88.44195240504064,3.287195747749637e-24,61.65214287760873,0
67.05,88.45086174026957,3.2269669497425162e-24,61.60461931413782,0
67.06666666666666,88.45976420788064,3.1678421299076624e-24,61.55713238344202,0
67.08333333333333,88.46865981316763,3.1098010439458935e-24,61.509682057283534,0
67.1,88.47754856142025,3.052823818956133e-24,61.46226830744636,0
67.11666666666666,88.48643045792414,2.9968909466186656e-24,61.41489110573621,0
67.13333333333334,88.49530550796086,2.9419832765034647e-24,61.36755042398057,0
67.15,88.5041737168079,2.888082009501441e-24,61.320246234028595,0
67.16666666666667,88.51303508973866,2.8351686913764177e-24,61.27297850775119,0
67.18333333333334,88.52188963202252,2.7832252064353174e-24,61.2257472170409,0
67.2,88.53073734892479,2.7322337713147313e-24,61.17855233381195,0
67.21666666666667,88.53957824570668,2.682176928881516e-24,61.131393830000235,0
67.23333333333333,88.54841232762537,2.633037542245427e-24,61.08427167756325,0
67.25,88.55723959993401,2.5847987888816794e-24,61.037185848480135,0
67.26666666666667,88.56606006788164,2.537444154861359e-24,60.99013631475161,0
67.28333333333333,88.5748737367133,2.4909574291879457e-24,60.94312304839998,0
67.3,88.58368061167002,2.4453226982376414e-24,60.89614602146913,0
67.31666666666666,88.59248069798872,2.4005243403018937e-24,60.84920520602448,0
67.33333333333333,88.60127400090231,2.356547020230099e-24,60.80230057415298,0
67.35,88.61006052563968,2.313375684170637e-24,60.75543209796312,0
67.36666666666666,88.61884027742566,2.2709955544085653e-24,60.70859974958487,0
67.38333333333334,88.62761326148109,2.2293921242979457e-24,60.66180350116967,0
67.4,88.63637948302275,2.1885511532873604e-24,60.61504332489047,0
67.41666666666667,88.64513894726343,2.1484586620366702e-24,60.56831919294162,0
67.43333333333334,88.65389165941188,2.109100927623465e-24,60.521631077538956,0
67.45,88.66263762467284,2.0704644788375436e-24,60.47497895091967,0
67.46666666666667,88.67137684824706,2.032536091561755e-24,60.4283627853424,0
67.48333333333333,88.68010933533122,1.9953027842376206e-24,60.381782553087156,0
67.5,88.6888350911181,1.9587518134142987e-24,60.33523822645532,0
67.51666666666667,88.69755412079633,1.9228706693791596e-24,60.28872977776961,0
67.53333333333333,88.70626642955068,1.8876470718686432e-24,60.24225717937409,0
67.55,88.71497202256185,1.853068965857897e-24,60.19582040363414,0
67.56666666666666,88.72367090500656,1.819124517427579e-24,60.14941942293645,0
67.58333333333333,88.73236308205755,1.7858021097066833e-24,60.10305420968896,0
67.6,88.74104855888356,1.753090338889769e-24,60.05672473632094,0
67.61666666666666,88.74972734064934,1.7209780103273458e-24,60.01043097528286,0
67.63333333333334,88.75839943251569,1.6894541346879956e-24,59.964172899046446,0
67.65,88.7670648396394,1.6585079241909703e-24,59.91795048010465,0
67.66666666666667,88.77572356717332,1.628128788907976e-24,59.871763690971605,0
67.68333333333334,88.78437562026626,1.5983063331327894e-24,59.82561250418266,0
67.7,88.79302100406312,1.5690303518175784e-24,59.77949689229432,0
67.71666666666667,88.80165972370484,1.5402908270746079e-24,59.733416827884234,0
67.73333333333333,88.81029178432837,1.5120779247421624e-24,59.6873722835512,0
67.75,88.81891719106669,1.4843819910135342e-24,59.64136323191514,0
67.76666666666667,88.82753594904884,1.4571935491278787e-24,59.5953896456171,0
67.78333333333333,88.83614806339995,1.4305032961217956e-24,59.54945149731916,0
67.8,88.8447535392411,1.4043020996405646e-24,59.50354875970452,0
67.81666666666666,88.85335238168949,1.3785809948079103e-24,59.45768140547744,0
67.83333333333333,88.86194459585842,1.353331181153241e-24,59.41184940736318,0
67.85,88.87053018685711,1.3285440195952395e-24,59.36605273810806,0
67.86666666666666,88.879109159791,1.3042110294808778e-24,59.32029137047941,0
67.88333333333334,88.88768151976149,1.2803238856787571e-24,59.27456527726551,0
67.9,88.89624727186605,1.2568744157258075e-24,59.22887443127567,0
67.91666666666667,88.90480642119826,1.2338545970263471e-24,59.18321880534011,0
67.93333333333334,88.91335897284777,1.2112565541025923e-24,59.137598372310045,0
67.95,88.9219049319003,1.1890725558955712e-24,59.09201310505756,0
67.96666666666667,88.93044430343765,1.1672950131156396e-24,59.0464629764757,0
67.98333333333333,88.93897709253768,1.1459164756415968e-24,59.00094795947839,0
68.0,88.94750330427438,1.1249296299675364e-24,58.955468027000414,0
68.01666666666667,88.95602294371781,1.1043272966965713e-24,58.91002315199744,0
68.03333333333333,88.96453601593409,1.0841024280805544e-24,58.86461330744597,0
68.05,88.97304252598546,1.0642481056049586e-24,58.819238466343364,0
68.06666666666666,88.98154247893028,1.0447575376180652e-24,58.77389860170776,0
68.08333333333333,88.990035879823,1.0256240570036984e-24,58.7285936865781,0
68.1,88.99852273371413,1.0068411188966444e-24,58.68332369401415,0
68.11666666666666,89.00700304565035,9.884022984400114e-25,58.63808859709638,0
68.13333333333334,89.0154768206744,9.703012885837419e-25,58.59288836892606,0
68.15,89.02394406382517,9.525318979235483e-25,58.547722982625174,0
68.16666666666667,89.03240478013763,9.350880485794842e-25,58.50259241133643,0
68.18333333333334,89.0408589746429,9.17963774113469e-25,58.45749662822322,0
68.2,89.04930665236824,9.011532174850218e-25,58.41243560646965,0
68.21666666666667,89.05774781833695,8.846506290445051e-25,58.36740931928048,0
68.23333333333333,89.06618247756853,8.684503645632286e-25,58.322417739881146,0
68.25,89.07461063507861,8.525468832996487e-25,58.277460841517694,0
68.26666666666667,89.08303229587892,8.369347461011214e-25,58.232538597456795,0
68.28333333333333,89.09144746497738,8.216086135404471e-25,58.187650980985744,0
68.3,89.09985614737798,8.065632440866094e-25,58.14279796541243,0
68.31666666666666,89.10825834808088,7.9179349230912885e-25,58.09797952406529,0
68.33333333333333,89.11665407208243,7.772943071153083e-25,58.05319563029334,0
68.35,89.12504332437504,7.630607300198818e-25,58.00844625746615,0
68.36666666666666,89.13342610994738,7.490878934463713e-25,57.96373137897379,0
68.38333333333334,89.14180243378418,7.353710190596496e-25,57.91905096822687,0
68.4,89.15017230086636,7.219054161290782e-25,57.874404998656466,0
68.41666666666667,89.15853571617103,7.086864799216942e-25,57.829793443714166,0
68.43333333333334,89.16689268467144,6.957096901248817e-25,57.785216276872,0
68.45,89.17524321133698,6.829706092979749e-25,57.74067347162246,0
68.46666666666667,89.18358730113326,6.70464881352295e-25,57.696165001478455,0
68.48333333333333,89.19192495902202,6.58188230059057e-25,57.65169083997333,0
68.5,89.2002561899612,6.46136457584668e-25,57.607250960660814,0
68.51666666666667,89.20858099890488,6.343054430529e-25,57.56284533711503,0
68.53333333333333,89.21689939080342,6.226911411334475e-25,57.51847394293048,0
68.55,89.22521137060325,6.112895806563698e-25,57.47413675172201,0
68.56666666666666,89.23351694324703,6.000968632519759e-25,57.42983373712479,0
68.58333333333333,89.24181611367361,5.891091620156551e-25,57.38556487279435,0
68.6,89.25010888681805,5.783227201972072e-25,57.34133013240649,0
68.61666666666666,89.25839526761162,5.677338499142215e-25,57.29712948965732,0
68.63333333333334,89.26667526098173,5.573389308890643e-25,57.252962918263236,0
68.65,89.27494887185202,5.47134409209039e-25,57.20883039196085,0
68.66666666666667,89.28321610514234,5.371167961092918e-25,57.1647318845071,0
68.68333333333334,89.29147696576875,5.272826667780551e-25,57.120667369679055,0
68.7,89.29973145864352,5.176286591838112e-25,57.07663682127407,0
68.71666666666667,89.30797958867512,5.081514729239553e-25,57.032640213109666,0
68.73333333333333,89.31622136076825,4.988478680946243e-25,56.98867751902356,0
68.75,89.32445677982382,4.897146641812042e-25,56.944748712873626,0
68.76666666666667,89.33268585073894,4.8074873896924665e-25,56.90085376853789,0
68.78333333333333,89.34090857840704,4.719470274753362e-25,56.856992659914525,0
68.8,89.34912496771767,4.633065208975774e-25,56.813165360921815,0
68.81666666666666,89.35733502355664,4.548242655853391e-25,56.769371845498135,0
68.83333333333333,89.36553875080601,4.464973620279064e-25,56.72561208760198,0
68.85,89.3737361543441,4.383229638616726e-25,56.681886061211905,0
68.86666666666666,89.38192723904541,4.302982768955562e-25,56.63819374032651,0
68.88333333333334,89.39011200978071,4.224205581542944e-25,56.59453509896444,0
68.9,89.39829047141706,4.146871149392871e-25,56.5509101111644,0
68.91666666666667,89.40646262881768,4.0709530390667433e-25,56.507318750985064,0
68.93333333333334,89.41462848684213,3.9964253016231226e-25,56.46376099250513,0
68.95,89.42278805034614,3.9232624637337478e-25,56.420236809823265,0
68.96666666666667,89.43094132418177,3.851439518962329e-25,56.3767461770581,0
68.98333333333333,89.4390883131973,3.780931919203461e-25,56.33328906834823,0
69.0,89.4472290222373,3.7117155662784604e-25,56.28986545785217,0
69.01666666666667,89.45536345614256,3.6437668036855066e-25,56.24647531974836,0
69.03333333333333,89.46349161975019,3.577062408501009e-25,56.203118628235146,0
69.05,89.47161351789354,3.5115795834296426e-25,56.15979535753076,0
69.06666666666666,89.47972915540223,3.4472959490001053e-25,56.11650548187332,0
69.08333333333333,89.48783853710216,3.384189535904097e-25,56.07324897552077,0
69.1,89.49594166781557,3.3222387774758545e-25,56.03002581275093,0
69.11666666666666,89.5040385523609,3.2614225023095785e-25,55.98683596786143,0
69.13333333333334,89.51212919555292,3.2017199270123263e-25,55.94367941516972,0
69.15,89.52021360220263,3.1431106490898e-25,55.900556129013054,0
69.16666666666667,89.52829177711743,3.085574639962661e-25,55.85746608374844,0
