time_hours,I2_center_nM,S2_free_center_nM,S2_total_center_nM,I1O2_active
0.0,100.0,0.0,0.0,1
0.016666666666666666,99.98588752626937,0.04707414358739352,1.1871653501650155,1
0.03333333333333333,99.95628135441427,0.09881074170633107,3.617449509845145,1
0.05,99.91351945840766,0.14282201851189164,7.069565355933259,1
0.06666666666666667,99.85963565026861,0.18012335060025822,11.35833798679247,1
0.08333333333333333,99.79584463887872,0.2134474690587205,16.365166436787156,1
0.1,99.72273941017167,0.24487230985631236,22.018947694336404,1
0.11666666666666667,99.64049730575606,0.2757921702319484,28.278462944732457,1
0.13333333333333333,99.54901160051115,0.307166016627935,35.1210643331489,1
0.15,99.44796819010325,0.33970060272921665,42.53571991191437,1
0.16666666666666666,99.33688947034985,0.3739601776130975,50.51858902038154,1
0.18333333333333332,99.21515918366438,0.41043045217907365,59.07001558219175,1
0.2,99.08203604879009,0.44955667736481214,68.19231014400664,1
0.21666666666666667,98.93666060484885,0.491767120660901,77.8879649612524,1
0.23333333333333334,98.77805786463017,0.5374880724992288,88.1580979505035,1
0.25,98.60513737881766,0.5871537099425483,99.00100798033331,1
0.26666666666666666,98.41669177546949,0.6412126285151404,110.41077686081556,1
0.2833333333333333,98.2113945115411,0.7001320118794143,122.3758913771312,1
0.3,97.98779769677998,0.7643998759570056,134.87787087475314,1
0.31666666666666665,97.74433019025314,0.8345255709446988,147.8899444488049,1
0.3333333333333333,97.47929700588678,0.9110383913037802,161.3757954985329,1
0.35,97.19088056427748,0.9944839993433788,175.28844582723065,1
0.36666666666666664,96.87714469294254,1.0854181444233257,189.5693564477306,1
0.38333333333333336,96.53604242402267,1.1843969558154919,204.1478409458369,1
0.4,96.16542886312135,1.2919628772982585,218.94089982803374,1
0.4166666666666667,95.76308065419394,1.408625120944937,233.85359051618764,1
0.43333333333333335,95.32672381219511,1.534833398334991,248.7800444855045,1
0.45,94.8540718792451,1.6709437324600231,263.60522696320453,1
0.4666666666666667,94.3428763840602,1.8171755063834403,278.20750198061825,1
0.48333333333333334,93.79099130363231,1.9735597565786012,292.4620132134541,1
0.5,93.19645245279845,2.1398802764215934,306.2448171786335,1
0.5166666666666667,92.55757126149119,2.3156114955024614,319.4376111312374,1
0.5333333333333333,91.87304010286688,2.4998602585491927,331.9327895812691,1
0.55,91.14204325367116,2.6913220396257262,343.63845416457053,1
0.5666666666666667,90.36436407578888,2.8882647195605786,354.48291367255604,1
0.5833333333333334,89.54047590308839,3.0885532626430083,364.41817330017113,1
0.6,88.67160261195156,3.2897248837838937,373.4219531497042,1
0.6166666666666667,87.75973559160929,3.4891160263620815,381.49791774563556,1
0.6333333333333333,86.8075993240575,3.68403068165769,388.6740145557528,1
0.65,85.81856367602481,3.8719281054017576,394.9991081161008,1
0.6666666666666666,84.79651071827743,4.050600634271828,400.5383398920137,1
0.6833333333333333,83.74567086576359,4.2183128743116045,405.3678190240223,1
0.7,82.67044743751757,4.373882088859817,409.5692889980063,1
0.7166666666666667,81.57524875168922,4.516693142001737,413.22532747163143,1
0.7333333333333333,80.46434320770669,4.646655050284476,416.4154594036747,1
0.75,79.34174658363098,4.764115653588911,419.2133568547188,1
0.7666666666666667,78.21114541018494,4.869754754372707,421.68511214379237,1
0.7833333333333333,77.07585384769857,4.9644741094843425,423.88844504578003,1
0.8,75.93879920826167,5.049297892252926,425.8726355574041,1
0.8166666666666667,74.80252927545394,5.12529129199223,427.67896217197375,1
0.8333333333333334,73.66923459594635,5.193499814421113,429.34144772307025,1
0.85,72.54077975142081,5.254908292933269,430.88775483287884,1
0.8666666666666667,71.41873886485524,5.310416485581458,432.34011675463097,1
0.8833333333333333,70.30443190774078,5.360827620128177,433.7162292313389,1
0.9,69.19895961045759,5.406846115550877,435.03006033226217,1
0.9166666666666666,68.10323522907808,5.449081367188283,436.2925590038189,1
0.9333333333333333,67.01801336924399,5.488055127632672,437.5122568039436,1
0.95,65.94391477310023,5.524210673147308,438.69576895546174,1
0.9666666666666667,64.88144766511613,5.557922533420013,439.8482040491489,1
0.9833333333333333,63.83102583135126,5.589505995806578,440.973494606984,1
1.0,62.7929837931356,5.619225928449355,442.0746608485699,1
1.0166666666666666,61.76758945956335,5.647304694041676,443.15401923734873,1
1.0333333333333334,60.7550546317921,5.673929076005664,444.2133461052231,1
1.05,59.75554370160151,5.699256231705371,445.2540051959507,1
1.0666666666666667,58.76918084738012,5.723418740169846,446.277046524147,1
1.0833333333333333,57.796055989163825,5.746528837880479,447.28328262165553,1
1.1,56.83622972434098,5.76868194515357,448.2733470824243,1
1.1166666666666667,55.88973742916677,5.789959584293944,449.24773933229756,1
1.1333333333333333,54.95659267915019,5.8104317835864725,450.206858733574,1
1.15,54.03679011385938,5.8301590513027275,451.1510304685964,1
1.1666666666666667,53.13030784851006,5.849193993092928,452.08052511124777,1
1.1833333333333333,52.237109515438576,5.867582635502888,452.9955733690798,1
1.2,51.35714600271733,5.8853655085093015,453.8963771424561,1
1.2166666666666666,50.49035694424159,5.902578531182291,454.7831177834835,1
1.2333333333333334,49.63667200513156,5.919253736949578,455.6559622321012,1
1.25,48.79601199782829,5.9354198684259565,456.5150675474385,1
1.2666666666666666,47.96828985745134,5.951102866296756,457.36058422959707,1
1.2833333333333334,47.153411499520516,5.966326272189106,458.192658632438,1
1.3,46.35127657876326,5.981111561708454,459.01143469545116,1
1.3166666666666667,45.56177916422267,5.995478420737331,459.81705516735485,1
1.3333333333333333,44.78480834307311,6.009444975585299,460.6096624518216,1
1.35,44.020248763301645,6.023027985540204,461.3893991735887,1
1.3666666666666667,43.267981123609935,6.036243004722884,462.15640853882445,1
1.3833333333333333,42.527882617442664,6.049104518816496,462.91083454515683,1
1.4,41.79982733688251,6.0616260611703865,463.6528220828136,1
1.4166666666666667,41.08368664121029,6.073820311915286,464.38251695779934,1
1.4333333333333333,40.37932949416644,6.0856991830345315,465.10006586010957,1
1.45,39.686622773330164,6.0972738917777445,465.8056162940258,1
1.4666666666666666,39.005431554526865,6.108555024357664,466.4993164830725,1
1.4833333333333334,38.335619373759506,6.119552591509502,467.1813152588713,1
1.5,37.67704846881747,6.13027607720428,467.8517619406312,1
1.5166666666666666,37.02958000243346,6.140734481573398,468.510806210155,1
1.5333333333333334,36.39307426862281,6.150936358914769,469.1585979858529,1
1.55,35.767390883641866,6.160889851498667,469.79528729823437,1
1.5666666666666667,35.15238896283547,6.170602719767628,470.4210241685886,1
1.5833333333333333,34.547927284502215,6.180082369426958,471.0359584920045,1
1.6,33.95386444178561,6.189335875838783,471.6402399254758,1
1.6166666666666667,33.37005898349584,6.19837000606795,472.2340177815363,1
1.6333333333333333,32.79636954467751,6.20719123887309,472.81744092765655,1
1.65,32.232654967661546,6.215805782891676,473.3906576914787,1
1.6666666666666667,31.678774414271146,6.22421959323051,473.95381577185645,1
1.6833333333333333,31.13458746979318,6.23243838664342,474.50706215559336,1
1.7,30.599954239273476,6.240467655451669,475.050543039719,1
1.7166666666666666,30.074735436648314,6.24831268034202,475.5844037591114,1
1.7333333333333334,29.558792467183196,6.255978542158908,476.10878871925155,1
1.75,29.051987503653024,6.263470132792929,476.6238413338867,1
1.7666666666666666,28.554183556664757,6.270792165254052,477.12970396737256,1
1.7833333333333334,28.065244539493875,6.277949183008409,477.6265178814673,1
1.8,27.585035327778836,6.2849455686471085,478.1144231863508,1
1.8166666666666667,27.11342181439354,6.291785551948638,478.59355879565095,1
1.8333333333333333,26.65027095979547,6.298473217388162,479.0640623852656,1
1.85,26.19545083812688,6.305012511142935,479.5260703557735,1
1.8666666666666667,25.748830679328023,6.311407247636069,479.9797177982431,1
1.8833333333333333,25.310280907504232,6.317661115658109,480.42513846324727,1
1.9,24.879673175773267,6.32377768410009,480.8624647329113,1
1.9166666666666667,24.45688039780481,6.329760407330283,481.2918275958212,1
1.9333333333333333,24.041776776250877,6.335612630242172,481.7133566246326,1
1.95,23.634237828253536,6.341337578505494,482.127179941734,1
1.9666666666666666,23.234140408444986,6.346938417870794,482.53342425631865,1
1.9833333333333334,22.841362728497696,6.352418182809333,482.93221477452164,1
2.0,22.455784375360974,6.357779823697419,483.3236752288933,1
2.0166666666666666,22.077286326651684,6.363026203602714,483.7079278605302,1
2.033333333333333,21.70575096396027,6.368160100989114,484.08509340913395,1
2.05,21.341062084151556,6.373184212917158,484.45529110552246,1
2.066666666666667,20.983104908774383,6.378101158172673,484.81863866592226,1
2.0833333333333335,20.63176609169343,6.382913480253272,485.17525228786013,1
2.1,20.286933725051238,6.387623650207126,485.5252466475456,1
2.1166666666666667,19.94849734366274,6.392234069329585,485.86873489864837,1
2.1333333333333333,19.616347927939167,6.396747071725368,486.2058286723844,1
2.15,19.290377905432706,6.401164926744607,486.53663807883004,1
2.1666666666666665,18.970481151088464,6.405489841300544,486.8612717093858,1
2.183333333333333,18.656552986285572,6.40972396207591,487.17983664031925,1
2.2,18.348490176744694,6.413869377625191,487.4924384373151,1
2.216666666666667,18.04619092937524,6.417928120378768,487.7991811609691,1
2.2333333333333334,17.74955488813146,6.421902168555043,488.10016737316397,1
2.25,17.458483128942976,6.42579344798569,488.3954981442654,1
2.2666666666666666,17.1728781537818,6.429603833859529,488.68527306108655,1
2.283333333333333,16.892643883924503,6.433335152389529,488.9695902355642,1
2.3,16.617685652465195,6.436989182407295,489.2485463140995,1
2.316666666666667,16.347910196131842,6.440567656888879,489.52223648751203,1
2.3333333333333335,16.08322564645584,6.4440722644166,489.7907545015662,1
2.35,15.823541520341934,6.447504650579116,490.054192668023,1
2.3666666666666667,15.568768710083186,6.450866419314383,490.3126418761799,1
2.3833333333333333,15.31881947286329,6.454159134197455,490.56619160485707,1
2.4,15.073607419786194,6.457384319676951,490.81492993479674,1
2.4166666666666665,14.833047504471004,6.460543462262103,491.05894356143784,1
2.433333333333333,14.597056011247979,6.463638011663587,491.29831780803596,1
2.45,14.365550542989592,6.466669381889854,491.533136639095,1
2.466666666666667,14.138450008608777,6.469638952301904,491.7634826740829,1
2.4833333333333334,13.915674610254719,6.472548068627972,491.9894372014029,1
2.5,13.697145830235,6.475398043940166,492.21108019259304,1
2.5166666666666666,13.482786417691226,6.478190159595538,492.4284903167314,1
2.533333333333333,13.272520375053896,6.480925666142138,492.64174495502,1
2.55,13.066272944300746,6.483605784193016,492.85092021552805,1
2.566666666666667,12.86397059304161,6.486231705268518,493.0560909480714,1
2.5833333333333335,12.665541000451435,6.488804592609101,493.2573307592097,1
2.6,12.47091304307194,6.491325581959594,493.4547120273408,1
2.6166666666666667,12.28001678050127,6.493795782326524,493.6483059178763,1
2.6333333333333333,12.092783440989871,6.496216276709454,493.8381823984805,1
2.65,11.909145406959817,6.498588122807295,494.02441025435553,1
2.6666666666666665,11.729036200463785,6.500912353701459,494.2070571035621,1
2.683333333333333,11.552390468598968,6.5031899785156435,494.3861894123557,1
2.7,11.379143968890315,6.505421983054778,494.56187251053063,1
2.716666666666667,11.209233554656663,6.507609330422152,494.73417060675575,1
2.7333333333333334,11.042597160372448,6.509752961617468,494.9031468038916,1
2.75,10.879173787037026,6.511853796115165,495.06886311427786,1
2.7666666666666666,10.718903487562764,6.513912732425006,495.2313804749807,1
2.783333333333333,10.561727352192566,6.515930648634316,495.3907587629906,1
2.8,10.40758749395659,6.51790840293388,495.5470568103607,1
2.816666666666667,10.256427034177523,6.519846834127482,495.7003324192785,1
2.8333333333333335,10.108190088033009,6.521746762125689,495.8506423770622,1
2.85,9.962821750183386,6.52360898842468,495.9980424710736,1
2.8666666666666667,9.820268080472243,6.525434296570674,496.1425875035428,1
2.8833333333333333,9.680476089706897,6.527223452610434,496.2843313062961,1
2.9,9.543393725525311,6.528977205528424,496.4233267553823,1
2.9166666666666665,9.40896985835558,6.530696287670981,496.55962578559115,1
2.933333333333333,9.277154267473646,6.532381415158264,496.6932794048603,1
2.95,9.147897627164499,6.534033288283979,496.824337708564,1
2.966666666666667,9.021151492991672,6.535652591903787,496.9528498936805,1
2.9833333333333334,8.89686828817958,6.537239995812517,497.07886427283444,1
3.0,8.775001290112755,6.538796155110651,497.2024282882089,1
3.0166666666666666,8.655504616955794,6.540321710560327,497.32358852532644,1
3.033333333333333,8.538333214397479,6.541817288931516,497.4423907266927,1
3.05,8.423442842522213,6.543283503338431,497.55887980530275,1
3.066666666666667,8.310790062811638,6.544720953566747,497.6730998580069,1
3.0833333333333335,8.200332225279064,6.546130226391525,497.785094178732,1
3.1,8.092027455738982,6.547511895886723,497.8949052715591,1
3.1166666666666667,7.98583464321382,6.548866523726005,498.0025748636536,1
3.1333333333333333,7.881713427479724,6.550194659475701,498.10814391804706,1
3.15,7.779624186753082,6.551496840879495,498.2116526462695,1
3.1666666666666665,7.679528025519141,6.5527735941359575,498.31314052083076,1
3.183333333333333,7.581386762504001,6.5540254341681035,498.4126462875499,1
3.2,7.4851629187910085,6.555252864886439,498.5102079777327,1
3.216666666666667,7.390819706082426,6.556456379444487,498.6058629201953,1
3.2333333333333334,7.298321015107065,6.557636460488077,498.6996477531347,1
3.25,7.207631404174456,6.558793580397754,498.79159843584495,1
3.2666666666666666,7.11871608787592,6.559928201525133,498.8817502602797,1
3.283333333333333,7.031540925932824,6.561040776423041,498.9701378624605,1
3.3,6.946072412192141,6.562131748069842,499.0567952337311,1
3.316666666666667,6.862277663769301,6.563201550087715,499.1417557318577,1
3.3333333333333335,6.780124410338249,6.5642506069557935,499.225052091976,1
3.35,6.69958098356847,6.565279334217565,499.3067164373851,1
3.3666666666666667,6.620616306708643,6.566288138683204,499.38678029018865,1
3.3833333333333333,6.543199884316524,6.567277418626597,499.46527458178434,1
3.4,6.467301792134547,6.568247563977621,499.542229663202,1
3.4166666666666665,6.392892667110515,6.569198956509807,499.617675315291,1
3.433333333333333,6.319943697562742,6.570131970022646,499.6916407587579,1
3.45,6.248426613488875,6.571046970520189,499.76415466405564,1
3.466666666666667,6.178313677017576,6.571944316384829,499.835245161125,1
3.4833333333333334,6.109577673002195,6.572824358546634,499.90493984898865,1
3.5,6.042191899755478,6.573687440648982,499.9732658052002,1
3.5166666666666666,5.97613015992431,6.574533899209843,500.0402495951478,1
3.533333333333333,5.911366751503455,6.575364063779194,500.10591728121545,1
3.55,5.847876458987194,6.576178257092725,500.1702944318014,1
3.566666666666667,5.785634544657702,6.576976795221639,500.23340613019565,1
3.5833333333333335,5.724616740008998,6.577759987718988,500.29527698331765,1
3.6,5.6647992373052585,6.578528137762511,500.35593113031706,1
3.6166666666666667,5.606158681272205,6.5792815422941056,500.4153922510356,1
3.6333333333333333,5.548672160920332,6.580020492155491,500.47368357433453,1
3.65,5.492317201498619,6.580745272221554,500.5308278862882,1
3.6666666666666665,5.4370717565774065,6.581456161529695,500.5868475382441,1
3.683333333333333,5.382914200259096,6.582153433406503,500.6417644547525,1
3.7,5.329823319515244,6.582837355591393,500.69560014136505,1
3.716666666666667,5.27777830664871,6.583508190357379,500.74837569230715,1
3.7333333333333334,5.22675875187939,6.584166194628904,500.80011179802176,1
3.75,5.17674463605215,6.584811620097021,500.85082875258837,1
3.7666666666666666,5.127716323465482,6.585444713331843,500.90054646101936,1
3.783333333333333,5.079654554819464,6.586065715892501,500.94928444643216,1
3.8,5.032540440281536,6.586674864434299,500.99706185710266,1
3.816666666666667,4.9863554526686436,6.587272390813682,501.0438974733984,1
3.8333333333333335,4.941081420744283,6.587858522190533,501.0898097145939,1
3.85,4.896700522628935,6.58843348112839,501.134816645572,1
3.8666666666666667,4.853195279322468,6.588997485692077,501.17893598340765,1
3.8833333333333333,4.810548548336976,6.589550749543384,501.22218510384096,1
3.9,4.768743517438602,6.5900934820342885,501.2645810476386,1
3.9166666666666665,4.727763698496873,6.590625888298306,501.3061405268442,1
3.933333333333333,4.687592921440048,6.591148169339618,501.3468799309218,1
3.95,4.648215328315033,6.591660522120163,501.3868153327913,1
3.966666666666667,4.60961536745037,6.592163139644964,501.42596249476003,1
3.9833333333333334,4.571777787720865,6.592656211045317,501.464336874349,1
4.0,4.534687632912372,6.593139921660143,501.5019536300178,1
4.016666666666667,4.49833023618531,6.593614453115545,501.53882762678904,1
4.033333333333333,4.462691214635439,6.594079983402732,501.5749734417725,1
4.05,4.427756463950495,6.594536686953877,501.61040536959246,1
4.066666666666666,4.393512153161247,6.594984734716687,501.6451374277187,1
4.083333333333333,4.35994471948553,6.595424294226855,501.67918336170146,1
4.1,4.327040863263919,6.595855529679363,501.7125566503146,1
4.116666666666666,4.294787542985567,6.5962786019979065,501.745270510606,1
4.133333333333334,4.263171970402892,6.596693668902778,501.7773379028575,1
4.15,4.232181605733693,6.597100884977562,501.8087715354559,1
4.166666666666667,4.201804152949368,6.597500401733945,501.8395838696758,1
4.183333333333334,4.172027555147864,6.597892367675444,501.86978712437667,1
4.2,4.142839990010035,6.598276928359484,501.8993932806154,1
4.216666666666667,4.114229865338084,6.59865422645829,501.92841408617295,1
4.233333333333333,4.08618581467477,6.599024401818368,501.9568610600025,1
4.25,4.0586966930021005,6.599387591518666,501.984745496593,1
4.266666666666667,4.031751572518216,6.599743929927667,502.0120784702555,1
4.283333333333333,4.005339738491198,6.600093548758862,502.0388708393304,1
4.3,3.9794506851885516,6.600436577125418,502.06513325031756,1
4.316666666666666,3.954074111881118,6.600773141593413,502.09087614193083,1
4.333333333333333,3.9291999189201956,6.6011033662339695,502.1161097490783,1
4.35,3.9048182038866512,6.6014273726743085,502.14084410676884,1
4.366666666666666,3.8809192578108287,6.601745280147751,502.1650890539476,1
4.383333333333334,3.8574935614620784,6.602057205542448,502.188854237259,1
4.4,3.834531781706727,6.6023632634492735,502.21214911474186,1
4.416666666666667,3.812024767933344,6.602663566208581,502.23498295945546,1
4.433333333333334,3.789963548544169,6.602958223956044,502.2573648630378,1
4.45,3.768339327511564,6.603247344667327,502.2793037391985,1
4.466666666666667,3.7471434857921637,6.6035310342020646,502.3008083119679,1
4.483333333333333,3.7263675634212463,6.603809395929549,502.32188716752313,1
4.5,3.706003271061206,6.604082532042005,502.34254870563564,1
4.516666666666667,3.6860424817979855,6.60435054235539,502.36280116135026,1
4.533333333333333,3.666477228006982,6.60461352468288,502.3826526084224,1
4.55,3.6472996982770476,6.60487157491851,502.40211096243036,1
4.566666666666666,3.628502234391975,6.605124787084127,502.4211839838071,1
4.583333333333333,3.6100773283685594,6.605373253368867,502.43987928081845,1
4.6,3.5920176195502282,6.605617064166453,502.45820431249257,1
4.616666666666666,3.5743158917553033,6.60585630811119,502.4761663914963,1
4.633333333333334,3.556965070478908,6.606091072113135,502.49377268696315,1
4.65,3.539958220147586,6.606321441392505,502.51103022726863,1
4.666666666666667,3.52328854142569,6.606547499513184,502.5279459027563,1
4.683333333333334,3.5069493685726294,6.606769328415947,502.5445264684124,1
4.7,3.4909341668500606,6.6069870084507,502.56077854649226,1
4.716666666666667,3.4752365299781354,6.607200618408332,502.57670862909674,1
4.733333333333333,3.459850177639928,6.607410235551726,502.5923230807,1
4.75,3.444768953033174,6.6076159356462325,502.6076281406309,1
4.766666666666667,3.4299868204684736,6.607817792989432,502.62262992550563,1
4.783333333333333,3.41549786301312,6.6080158804405045,502.6373344316172,1
4.8,3.401296280179728,6.6082102694488,502.65174753727547,1
4.816666666666666,3.3873763856588566,6.608401030081848,502.66587500510707,1
4.833333333333333,3.3737326050948226,6.608588231052948,502.67972248430783,1
4.85,3.360359473903922,6.608771939747849,502.69329551285466,1
4.866666666666666,3.34725163513429,6.608952222251359,502.7065995196742,1
4.883333333333334,3.334403837366634,6.609129143373013,502.7196398267704,1
4.9,3.321810932655097,6.60930276667247,502.7324216513109,1
4.916666666666667,3.3094678745075194,6.609473154484047,502.74495010767396,1
4.933333333333334,3.297369715904364,6.609640367941202,502.7572302094558,1
4.95,3.2855116073556134,6.60980446700023,502.76926687144044,1
4.966666666666667,3.273888794994918,6.609965510463455,502.78106491152965,1
4.983333333333333,3.262496618710328,6.610123556002123,502.79262905263835,1
5.0,3.2513305103109205,6.610278660178649,502.8039639245515,1
5.016666666666667,3.240385991728663,6.610430878468593,502.8150740657462,1
5.033333333333333,3.229658673254862,6.6105802652819365,502.8259639251794,1
5.05,3.2191442518105498,6.610726873984211,502.83663786403963,1
5.066666666666666,3.20883850925018,6.610870756916853,502.84710015746583,1
5.083333333333333,3.198737310698017,6.6110119654176644,502.8573549962333,1
5.1,3.188836602916606,6.611150549840219,502.8674064884067,1
5.116666666666666,3.1791324127067253,6.611286559573393,502.8772586609604,1
5.133333333333334,3.169620845338225,6.61142004306027,502.8869154613702,1
5.15,3.160298083011192,6.6115510478165245,502.89638075917,1
5.166666666666667,3.1511603833468618,6.61167962044888,502.9056583474825,1
5.183333333333334,3.1422040779077083,6.611805806672658,502.9147519445177,1
5.2,3.133425570746188,6.611929651329406,502.92366519504395,1
5.216666666666667,3.124821336981583,6.612051198403913,502.93240167182876,1
5.233333333333333,3.1163879214044115,6.612170491040908,502.9409648770532,1
5.25,3.1081219371079007,6.6122875715615494,502.94935824369855,1
5.266666666666667,3.1000200641459945,6.612402481479553,502.9575851369056,1
5.283333333333333,3.0920790482174123,6.612515261516739,502.96564885530756,1
5.3,3.0842956993752466,6.6126259516188,502.97355263233754,1
5.316666666666666,3.0766668907616306,6.61273459097007,502.9812996375106,1
5.333333333333333,3.0691895573670007,6.612841218008608,502.98889297768034,1
5.35,3.061860694813473,6.612945870440614,502.9963356982711,1
5.366666666666666,3.0546773581618942,6.613048585254659,503.0036307844872,1
5.383333333333334,3.047636660742103,6.613149398735737,503.0107811624972,1
5.4,3.040735773005966,6.613248346478865,503.0177897005965,1
5.416666666666667,3.033971921402756,6.6133454634023465,503.02465921034565,1
5.433333333333334,3.027342387276445,6.6134407837612095,503.031392447688,1
5.45,3.0208445057844893,6.613534341159757,503.03799211404487,1
5.466666666666667,3.014475664837706,6.613626168564423,503.04446085738954,1
5.483333333333333,3.0082333040608273,6.613716298315965,503.0508012732995,1
5.5,3.002114913773347,6.613804762141744,503.0570159059896,1
5.516666666666667,2.996118033990262,6.613891591167301,503.0631072493241,1
5.533333333333333,2.9902402534423347,6.6139768159284476,503.06907774780865,1
5.55,2.9844792086154945,6.614060466382201,503.07492979756387,1
5.566666666666666,2.97883258280902,6.614142571918258,503.08066574727883,1
5.583333333333333,2.9732981052121388,6.614223161369905,503.0862878991471,1
5.6,2.967873549998678,6.61430226302468,503.0917985097829,1
5.616666666666666,2.9625567354394455,6.614379904634864,503.0971997911209,1
5.633333333333334,2.9573455230319703,6.614456113427986,503.1024939112975,1
5.65,2.9522378166472922,6.614530916116819,503.10768299551523,1
5.666666666666667,2.947231561693457,6.614604338909271,503.11276912688953,1
5.683333333333334,2.942324744295403,6.614676407518119,503.1177543472799,1
5.7,2.937515390490916,6.614747147170536,503.1226406581045,1
5.716666666666667,2.9328015654423543,6.614816582617503,503.12743002113814,1
5.733333333333333,2.9281813726638246,6.614884738142925,503.1321243592956,1
5.75,2.9236529532635167,6.614951637572431,503.13672555739805,1
5.766666666666667,2.919214485200912,6.615017304282454,503.1412354629268,1
5.783333333333333,2.914864182558562,6.615081761208741,503.1456558867601,1
5.8,2.910600294828163,6.6151450308547135,503.14998860389636,1
5.816666666666666,2.906421106210657,6.615207135299923,503.15423535416306,1
5.833333333333333,2.9023249349300753,6.615268096207932,503.15839784291217,1
5.85,2.898310132560859,6.615327934834627,503.16247774170085,1
5.866666666666666,2.8943750833684074,6.615386672035706,503.1664766889601,1
5.883333333333334,2.890518203662581,6.6154443282745055,503.17039629064897,1
5.9,2.8867379411639207,6.615500923629522,503.17423812089714,1
5.916666666666667,2.8830327743823285,6.615556477801632,503.17800372263343,1
5.933333333333334,2.8794012120079686,6.615611010121439,503.1816946082037,1
5.95,2.875841792314158,6.61566453955635,503.1853122599751,1
5.966666666666667,2.872353082572,6.6157170847173905,503.18885813092896,1
5.983333333333333,2.868933678476542,6.615768663866155,503.1923336452423,1
6.0,2.8655822035842364,6.615819294921295,503.19574019885783,1
6.016666666666667,2.8622973087614745,6.615868995465289,503.1990791600417,1
6.033333333333333,2.859077671643978,6.615917782750713,503.2023518699319,1
6.05,2.8559219961068485,6.615965673706485,503.205559643075,1
6.066666666666666,2.8528290117450528,6.61601268494413,503.20870376795193,1
6.083333333333333,2.8497974733641476,6.61605883276381,503.211785507494,1
6.1,2.8468261604810468,6.616104133160144,503.21480609958877,1
6.116666666666666,2.8439138768346237,6.616148601828193,503.2177667575759,1
6.133333333333334,2.8410594499059707,6.616192254169033,503.22066867073244,1
6.15,2.8382617304481124,6.6162351052953765,503.22351300475,1
6.166666666666667,2.835519592025006,6.616277170037046,503.2263009022012,1
6.183333333333334,2.8328319305596215,6.616318462946321,503.2290334829974,1
6.2,2.8301976638909556,6.616358998303328,503.23171184483806,1
6.216666666666667,2.8276157313397743,6.616398790121106,503.23433706364995,1
6.233333333333333,2.8250850932829357,6.616437852150603,503.2369101940184,1
6.25,2.8226047307361135,6.616476197885729,503.2394322696104,1
6.266666666666667,2.8201736449447554,6.616513840568363,503.2419043035886,1
6.283333333333333,2.817790856983127,6.616550793192905,503.2443272890178,1
6.3,2.8154554073612674,6.61658706851112,503.2467021992628,1
6.316666666666666,2.8131663556397113,6.616622679036573,503.24902998837837,1
6.333333333333333,2.810922780051826,6.616657637049282,503.2513115914926,1
6.35,2.8087237771336033,6.6166919546001814,503.25354792518186,1
6.366666666666666,2.8065684613607726,6.616725643515146,503.25573988783725,1
6.383333333333334,2.8044559647930876,6.616758715399679,503.2578883600263,1
6.4,2.802385436725635,6.616791181642794,503.2599942048458,1
6.416666666666667,2.8003560433470507,6.616823053421235,503.26205826826765,1
6.433333333333334,2.7983669674044793,6.616854341703309,503.2640813794784,1
6.45,2.7964174078751696,6.616885057252982,503.26606435121266,1
6.466666666666667,2.7945065796445565,6.616915210633756,503.268007980078,1
6.483333333333333,2.792633713190719,6.616944812212404,503.2699130468754,1
6.5,2.7907980542750686,6.616973872162564,503.2717803169128,1
6.516666666666667,2.7889988636391685,6.617002400468513,503.27361054031127,1
6.533333333333333,2.787235416707545,6.617030406928851,503.2754044523073,1
6.55,2.785507003296377,6.617057901159698,503.27716277354716,1
6.566666666666666,2.7838129273279613,6.617084892598348,503.2788862103762,1
6.583333333333333,2.782152506550815,6.617111390506601,503.2805754551225,1
6.6,2.7805250722653296,6.617137403974051,503.28223118637493,1
6.616666666666666,2.7789299690548517,6.6171629419213405,503.2838540692559,1
6.633333333333334,2.777366554522084,6.617188013103267,503.2854447556875,1
6.65,2.775834199030714,6.617212626112019,503.2870038846542,1
6.666666666666667,2.7743322854521506,6.617236789380141,503.2885320824588,1
6.683333333333334,2.772860208917283,6.6172605111835985,503.2900299629745,1
6.7,2.7714173765731513,6.6172837996445875,503.29149812789086,1
6.716666666666667,2.770003207344437,6.617306662734758,503.2929371669559,1
6.733333333333333,2.7686171316996826,6.617329108277583,503.2943476582128,1
6.75,2.7672585914221357,6.617351143951481,503.29573016823184,1
6.766666666666667,2.76592703938514,6.617372777292405,503.2970852523385,1
6.783333333333333,2.7646219393319735,6.617394015696524,503.2984134548363,1
6.8,2.7633427656600467,6.617414866422801,503.29971530922467,1
6.816666666666666,2.762089003209382,6.6174353365957455,503.300991338415,1
6.833333333333333,2.7608601470552845,6.617455433207791,503.30224205493914,1
6.85,2.759655702305117,6.617475163121739,503.3034679611559,1
6.866666666666666,2.75847518389911,6.617494533073211,503.30466954945285,1
6.883333333333334,2.7573181164151173,6.617513549673119,503.3058473024444,1
6.9,2.75618403387724,6.617532219409956,503.3070016931653,1
6.916666666666667,2.7550724795682484,6.617550548652007,503.3081331852612,1
6.933333333333334,2.7539830058457206,6.617568543649757,503.3092422331743,1
6.95,2.7529151739618296,6.617586210537928,503.31032928232656,1
6.966666666666667,2.7518685538866974,6.617603555337752,503.3113947692982,1
6.983333333333333,2.750842724135263,6.617620583959086,503.31243912200375,1
7.0,2.7498372715975723,6.617637302202351,503.31346275986346,1
7.016666666666667,2.748851791372442,6.617653715760856,503.3144660939721,1
7.033333333333333,2.7478858866044207,6.617669830222591,503.3154495272644,1
7.05,2.746939168323981,6.617685651072185,503.3164134546766,1
7.066666666666666,2.7460112552908886,6.6177011836929625,503.3173582633054,1
7.083333333333333,2.745101773840667,6.617716433368731,503.31828433256345,1
7.1,2.744210357734124,6.617731405285677,503.3191920343318,1
7.116666666666666,2.743336648009847,6.617746104534205,503.3200817331097,1
7.133333333333334,2.7424802928396406,6.617760536110673,503.3209537861608,1
7.15,2.741640947386819,6.617774704919272,503.3218085436569,1
7.166666666666667,2.74081827366732,6.61778861577352,503.32264634881875,1
7.183333333333334,2.7400119404135705,6.617802273398139,503.3234675380536,1
7.2,2.739221622941054,6.617815682430696,503.3242724410909,1
7.216666666666667,2.7384470030175283,6.617828847423163,503.325061381115,1
7.233333333333333,2.737687768734838,6.617841772843525,503.3258346748948,1
7.25,2.7369436143832697,6.617854463077332,503.3265926329105,1
7.266666666666667,2.736214240328401,6.61786692242933,503.3273355594797,1
7.283333333333333,2.735499352890398,6.61787915512485,503.32806375287885,1
7.3,2.7347986642257056,6.617891165311302,503.3287775054631,1
7.316666666666666,2.7341118922110845,6.6179029570596795,503.3294771037846,1
7.333333333333333,2.7334387603299573,6.617914534365946,503.3301628287068,1
7.35,2.732778997561001,6.617925901152446,503.3308349555178,1
7.366666666666666,2.7321323382689617,6.617937061269282,503.3314937540413,1
7.383333333333334,2.7314985220976293,6.6179480184956,503.33213948874464,1
7.4,2.7308772938649413,6.617958776540946,503.3327724188453,1
7.416666666666667,2.73026840346017,6.6179693390466365,503.33339279841505,1
7.433333333333334,2.7296716057431465,6.617979709586847,503.33400087648226,1
7.45,2.729086660445492,6.617989875971301,503.33459688143324,1
7.466666666666667,2.72851333210628,6.617999869277411,503.3351810800126,1
7.483333333333333,2.7279513898935486,6.618009683188574,503.33575369711315,1
7.5,2.727400607575009,6.618019319501764,503.3363149610772,1
7.516666666666667,2.726860763417451,6.6180287810969345,503.33686509681075,1
7.533333333333333,2.7263316400954447,6.618038071030429,503.3374043249774,1
7.55,2.7258130246031578,6.618047192372361,503.3379328619281,1
7.566666666666666,2.7253047081682733,6.618056148164948,503.3384509197466,1
7.583333333333333,2.7248064861677403,6.618064941408294,503.33895870631983,1
7.6,2.72431815804525,6.618073575054922,503.3394564254159,1
7.616666666666666,2.7238395272303744,6.618082052007699,503.33994427676276,1
7.633333333333334,2.723370401059327,6.618090375118825,503.3404224561264,1
7.65,2.7229105906973086,6.618098547190179,503.34089115538893,1
7.666666666666667,2.7224599110623933,6.618106570973354,503.34135056262517,1
7.683333333333334,2.7220181807509376,6.618114449170441,503.3418008621778,1
7.7,2.721585221964471,6.61812218443447,503.34224223473103,1
7.716666666666667,2.7211608604380357,6.618129779370364,503.34267485738314,1
7.733333333333333,2.720744925369958,6.61813723653568,503.34309890371776,1
7.75,2.720337249353013,6.61814455844119,503.34351454387314,1
7.766666666666667,2.719937668306957,6.618151747551922,503.3439219446109,1
7.783333333333333,2.7195460214124005,6.618158806287791,503.34432126938253,1
7.8,2.719162151045997,6.618165737024584,503.344712678396,1
7.816666666666666,2.718785902716916,6.618172542094534,503.34509632867884,1
7.833333333333333,2.7184171250045868,6.618179223787273,503.3454723741424,1
7.85,2.718055669497669,6.618185784350473,503.3458409656426,1
7.866666666666666,2.717701390734244,6.618192225990661,503.346202251042,1
7.883333333333334,2.7173541461431894,6.618198550874096,503.34655637526794,1
7.9,2.7170137959867238,6.618204761127235,503.34690348037117,1
7.916666666666667,2.7166802033040884,6.618210858837591,503.3472437055835,1
7.933333333333334,2.7163532338563505,6.618216846054689,503.34757718737313,1
7.95,2.716032756072304,6.618222724790286,503.34790405949946,1
7.966666666666667,2.7157186409954446,6.618228497019409,503.3482244530676,1
7.983333333333333,2.715410762231997,6.618234164680929,503.3485384965803,1
8.0,2.715108995899979,6.618239729678316,503.34884631599033,1
8.016666666666667,2.714813220579273,6.618245193879983,503.3491480347498,1
8.033333333333333,2.7145233172626955,6.618250559120407,503.3494437738617,1
8.05,2.7142391693080334,6.618255827200271,503.3497336519269,1
8.066666666666666,2.713960662391037,6.618260999887485,503.3500177851926,1
8.083333333333334,2.7136876844593445,6.618266078917553,503.3502962875993,1
8.1,2.7134201256873287,6.618271065994197,503.35056927082553,1
8.116666666666667,2.713157878431832,6.618275962789975,503.350836844334,1
8.133333333333333,2.712900837188788,6.618280770946924,503.35109911541497,1
8.15,2.7126488985507016,6.618285492077006,503.3513561892293,1
8.166666666666666,2.7124019611649777,6.618290127762683,503.35160816885116,1
8.183333333333334,2.712159925693075,6.618294679557559,503.35185515530867,1
8.2,2.7119226947704713,6.61829914898669,503.3520972476254,1
8.216666666666667,2.7116901729674288,6.618303537547449,503.35233454285986,1
8.233333333333333,2.711462266750535,6.618307846709695,503.3525671361445,1
8.25,2.7112388844450095,6.618312077916479,503.3527951207236,1
8.266666666666667,2.7110199361977605,6.618316232584515,503.3530185879914,1
8.283333333333333,2.710805333941176,6.618320312104528,503.35323762752824,1
8.3,2.710594991357631,6.618324317841967,503.353452327137,1
8.316666666666666,2.7103888238447076,6.618328251137244,503.3536627728783,1
8.333333333333334,2.7101867484810986,6.618332113306352,503.35386904910484,1
8.35,2.7099886839931937,6.618335905641169,503.3540712384953,1
8.366666666666667,2.7097945507223278,6.618339629410081,503.3542694220883,1
8.383333333333333,2.709604270592682,6.6183432858582165,503.35446367931405,1
8.4,2.709417767079822,6.618346876208074,503.3546540880266,1
8.416666666666666,2.709234965179859,6.6183504016597485,503.3548407245354,1
8.433333333333334,2.7090557913792304,6.618353863391473,503.3550236636355,1
8.45,2.7088801736250727,6.618357262559997,503.35520297863803,1
8.466666666666667,2.7087080412961906,6.618360600300935,503.3553787413995,1
8.483333333333333,2.7085393251746,6.618363877729178,503.35555102235054,1
8.5,2.7083739574176375,6.618367095939235,503.35571989052454,1
8.516666666666667,2.7082118715306205,6.618370256005798,503.3558854135851,1
8.533333333333333,2.7080530023400597,6.618373358983789,503.35604765785314,1
8.55,2.707897285967394,6.618376405908987,503.3562066883338,1
8.566666666666666,2.7077446598032537,6.61837939779827,503.35636256874284,1
8.583333333333334,2.7075950624822354,6.6183823356499465,503.35651536153114,1
8.6,2.707448433858173,6.618385220444089,503.3566651279114,1
8.616666666666667,2.7073047149799065,6.618388053143034,503.35681192788127,1
8.633333333333333,2.707163848067532,6.618390834691492,503.3569558202484,1
8.65,2.7070257764891172,6.6183935660169295,503.3570968626534,1
8.666666666666666,2.7068904447378883,6.618396248029946,503.3572351115937,1
8.683333333333334,2.7067577984098636,6.618398881624613,503.3573706224458,1
8.7,2.706627784181937,6.618401467678587,503.35750344948724,1
8.716666666666667,2.7065003497903946,6.618404007053583,503.35763364591924,1
8.733333333333333,2.706375444009858,6.6184065005957216,503.35776126388754,1
8.75,2.7062530166326475,6.6184089491355245,503.3578863545032,1
8.766666666666667,2.7061330184485546,6.618411353488552,503.35800896786344,1
8.783333333333333,2.7060154012250166,6.618413714455474,503.3581291530718,1
8.8,2.7059001176876865,6.618416032822314,503.3582469582577,1
8.816666666666666,2.705787121501388,6.61841830936089,503.3583624305957,1
8.833333333333334,2.70567636725145,6.618420544828852,503.35847561632477,1
8.85,2.70556781042541,6.618422739970153,503.35858656076635,1
8.866666666666667,2.705461407395087,6.618424895515183,503.35869530834344,1
8.883333333333333,2.705357115399001,6.618427012181056,503.3588019025972,1
8.9,2.705254892525151,6.61842909067176,503.3589063862055,1
8.916666666666666,2.7051546976941343,6.618431131678558,503.3590088009996,1
8.933333333333334,2.705056490642593,6.618433135880103,503.35910918798135,1
8.95,2.7049602319070023,6.618435103942747,503.35920758733874,1
8.966666666666667,2.70486588280777,6.618437036520638,503.35930403846305,1
8.983333333333333,2.704773405433658,6.618438934256117,503.35939857996425,1
9.0,2.7046827626265135,6.618440797779807,503.35949124968613,1
9.016666666666667,2.7045939179663008,6.6184426277108095,503.35958208472255,1
9.033333333333333,2.7045068357564315,6.618444424657084,503.3596711214311,1
9.05,2.70442148100939,6.618446189215431,503.3597583954486,1
9.066666666666666,2.7043378194326406,6.618447921971866,503.35984394170487,1
9.083333333333334,2.704255817414813,6.618449623501773,503.3599277944373,1
9.1,2.7041754420121706,6.6184512943699865,503.36000998720385,1
9.116666666666667,2.7040966609353387,6.618452935131164,503.3600905528974,1
9.133333333333333,2.7040194425363016,6.618454546329868,503.36016952375815,1
9.15,2.703943755795659,6.618456128500728,503.36024693138717,1
9.166666666666666,2.70386957031013,6.618457682168706,503.3603228067586,1
9.183333333333334,2.7037968562803125,6.618459207849188,503.3603971802324,1
9.2,2.703725584498682,6.6184607060482525,503.3604700815668,1
9.216666666666667,2.703655726337829,6.618462177262715,503.3605415399294,1
9.233333333333333,2.7035872537389323,6.618463621980488,503.36061158390964,1
9.25,2.703520139200457,6.618465040680489,503.36068024153025,1
9.266666666666667,2.7034543557670863,6.618466433833001,503.36074754025793,1
9.283333333333333,2.703389877018861,6.618467801899795,503.360813507015,1
9.3,2.7033266770605433,6.618469145334228,503.36087816818974,1
9.316666666666666,2.703264730511192,6.61847046458139,503.3609415496474,1
9.333333333333334,2.703204012493941,6.618471760078403,503.3610036767401,1
9.35,2.7031444986259823,6.618473032254346,503.3610645743174,1
9.366666666666667,2.7030861650087505,6.61847428153058,503.36112426673617,1
9.383333333333333,2.703028988218301,6.618475508320775,503.36118277787034,1
9.4,2.702972945295875,6.61847671303114,503.3612401311206,1
9.416666666666666,2.7029180137386604,6.618477896060501,503.3612963494235,1
9.433333333333334,2.7028641714907304,6.618479057800485,503.3613514552607,1
9.45,2.702811396934165,6.618480198635461,503.36140547066856,1
9.466666666666667,2.702759668880347,6.618481318943009,503.36145841724647,1
9.483333333333333,2.7027089665614312,6.6184824190937785,503.3615103161649,1
9.5,2.702659269621985,6.618483499451787,503.36156118817576,1
9.516666666666667,2.702610558110793,6.61848456037431,503.3616110536187,1
9.533333333333333,2.702562812472828,6.618485602212209,503.3616599324302,1
9.55,2.702516013541377,6.618486625309997,503.3617078441519,1
9.566666666666666,2.7024701425303257,6.618487630005953,503.361754807938,1
9.583333333333334,2.7024251810265985,6.618488616632212,503.36180084256245,1
9.6,2.7023811109827443,6.61848958551491,503.3618459664276,1
9.616666666666667,2.7023379147096747,6.618490536974228,503.3618901975709,1
9.633333333333333,2.7022955748695425,6.618491471324578,503.3619335536722,1
9.65,2.7022540744687644,6.618492388874639,503.3619760520607,1
9.666666666666666,2.7022133968511786,6.618493289927524,503.36201770972224,1
9.683333333333334,2.702173525691345,6.618494174780937,503.3620585433064,1
9.7,2.7021344449879723,6.618495043727032,503.36209856913183,1
9.716666666666667,2.7020961390574776,6.618495897052782,503.3621378031944,1
9.733333333333333,2.7020585925276763,6.618496735039904,503.36217626117275,1
9.75,2.702021790331595,6.6184975579650605,503.36221395843484,1
9.766666666666667,2.701985717701407,6.6184983660998995,503.3622509100438,1
9.783333333333333,2.7019503601624915,6.618499159711082,503.36228713076446,1
9.8,2.701915703527605,6.618499939060565,503.36232263506906,1
9.816666666666666,2.701881733891178,6.618500704405432,503.36235743714263,1
9.833333333333334,2.701848437623713,6.618501455998219,503.36239155088936,1
9.85,2.701815801366305,6.618502194086856,503.3624249899378,1
9.866666666666667,2.7017838120252637,6.6185029189147695,503.36245776764656,1
9.883333333333333,2.701752456766845,6.618503630720939,503.3624898971092,1
9.9,2.701721723012089,6.618504329740182,503.3625213911602,1
9.916666666666666,2.701691598431756,6.618505016202826,503.36255226237915,1
9.933333333333334,2.7016620709413686,6.618505690335222,503.36258252309693,1
9.95,2.7016331286963484,6.618506352359584,503.3626121853996,1
9.966666666666667,2.7016047600872497,6.618507002494081,503.3626412611342,1
9.983333333333333,2.701576953735092,6.618507640952897,503.36266976191246,1
10.0,2.7015496984867764,6.618508267946481,503.3626976991163,1
10.016666666666667,2.701522983410605,6.618508883681287,503.3627250839023,1
10.033333333333333,2.7014967977918802,6.618509488360216,503.3627519272057,1
10.05,2.7014711311285944,6.618510082182299,503.3627782397447,1
10.066666666666666,2.701445973127205,6.61851066534323,503.36280403202613,1
10.083333333333334,2.701421313698496,6.61851123803494,503.36282931434783,1
10.1,2.701397142953514,6.618511800446032,503.3628540968038,1
10.116666666666667,2.7013734511995993,6.618512352761576,503.3628783892882,1
10.133333333333333,2.7013502289364806,6.6185128951633665,503.3629022014987,1
10.15,2.701327466852453,6.618513427829933,503.36292554294135,1
10.166666666666666,2.7013051558206396,6.618513950936547,503.3629484229337,1
10.183333333333334,2.701283286895312,6.618514464655342,503.36297085060875,1
10.2,2.7012618513082987,6.618514969155283,503.3629928349185,1
10.216666666666667,2.7012408404654566,6.618515464602353,503.3630143846375,1
10.233333333333333,2.701220245943215,6.618515951159443,503.36303550836647,1
10.25,2.7012000594851866,6.618516428986622,503.3630562145359,1
10.266666666666667,2.7011802729988497,6.61851689824094,503.3630765114094,1
10.283333333333333,2.7011608785522903,6.618517359076799,503.3630964070864,1
10.3,2.701141868371015,6.618517811645605,503.36311590950635,1
10.316666666666666,2.7011232348348253,6.618518256096071,503.36313502645123,1
10.333333333333334,2.7011049704747516,6.618518692574354,503.363153765549,1
10.35,2.7010870679700507,6.618519121223838,503.36317213427617,1
10.366666666666667,2.7010695201452615,6.6185195421853935,503.36319013996143,1
10.383333333333333,2.7010523199673218,6.61851995559729,503.36320778978825,1
10.4,2.701035460542738,6.618520361595364,503.3632250907981,1
10.416666666666666,2.701018935114813,6.618520760312962,503.36324204989256,1
10.433333333333334,2.7010027370609357,6.618521151881007,503.3632586738366,1
10.45,2.7009868598899107,6.618521536428078,503.3632749692612,1
10.466666666666667,2.7009712972393523,6.618521914080477,503.3632909426664,1
10.483333333333333,2.700956042873128,6.618522284962171,503.3633066004231,1
10.5,2.7009410906788465,6.618522649194918,503.36332194877576,1
10.516666666666667,2.7009264346654076,6.618523006898217,503.36333699384573,1
10.533333333333333,2.7009120689605877,6.618523358189545,503.36335174163327,1
10.55,2.700897987808684,6.618523703184063,503.3633661980188,1
10.566666666666666,2.7008841855681958,6.618524041995091,503.36338036876737,1
10.583333333333334,2.7008706567095606,6.618524374733737,503.36339425952946,1
10.6,2.7008573958129314,6.6185247015091075,503.36340787584345,1
10.616666666666667,2.7008443975659984,6.618525022428418,503.3634212231384,1
10.633333333333333,2.7008316567618498,6.618525337596939,503.3634343067355,1
10.65,2.7008191682968845,6.618525647117965,503.3634471318509,1
10.666666666666666,2.7008069271687574,6.618525951093054,503.3634597035973,1
10.683333333333334,2.7007949284743713,6.618526249621814,503.3634720269863,1
10.7,2.700783167407906,6.618526542802094,503.3634841069301,1
10.716666666666667,2.7007716392588845,6.61852683073001,503.3634959482435,1
10.733333333333333,2.700760339410281,6.618527113499969,503.3635075556465,1
10.75,2.70074926333667,6.618527391204554,503.3635189337651,1
10.766666666666667,2.7007384066024014,6.6185276639348,503.3635300871339,1
10.783333333333333,2.7007277648598214,6.618527931780055,503.3635410201978,1
10.8,2.700717333847526,6.6185281948281025,503.3635517373136,1
10.816666666666666,2.700707109388647,6.618528453165057,503.36356224275215,1
10.833333333333334,2.7006970873891745,6.618528706875519,503.36357254069895,1
10.85,2.7006872638363135,6.618528956042574,503.3635826352576,1
10.866666666666667,2.7006776347968686,6.618529200747858,503.3635925304499,1
10.883333333333333,2.700668196415666,6.618529441071459,503.36360223021836,1
10.9,2.7006589449140037,6.618529677092054,503.36361173842704,1
10.916666666666666,2.700649876588136,6.618529908886922,503.36362105886366,1
10.933333333333334,2.700640987807782,6.618530136531867,503.363630195241,1
10.95,2.7006322750146685,6.618530360101439,503.36363915119875,1
10.966666666666667,2.700623734721102,6.618530579668796,503.36364793030384,1
10.983333333333333,2.7006153635085646,6.618530795305742,503.3636565360529,1
11.0,2.700607158026345,6.6185310070828525,503.36366497187333,1
11.016666666666667,2.7005991149901907,6.6185312150694395,503.36367324112507,1
11.033333333333333,2.7005912311809865,6.618531419333482,503.36368134710096,1
11.05,2.700583503443466,6.618531619941814,503.36368929302887,1
11.066666666666666,2.7005759286849402,6.618531816960015,503.3636970820731,1
11.083333333333334,2.7005685038740586,6.618532010452538,503.36370471733494,1
11.1,2.70056122603959,6.6185322004826075,503.3637122018544,1
11.116666666666667,2.70055409226923,6.618532387112369,503.36371953861146,1
11.133333333333333,2.700547099708431,6.618532570402802,503.3637267305269,1
11.15,2.700540245559255,6.618532750413875,503.36373378046375,1
11.166666666666666,2.7005335270792514,6.618532927204374,503.3637406912286,1
11.183333333333334,2.700526941580358,6.61853310083203,503.36374746557243,1
11.2,2.7005204864278163,6.6185332713536456,503.3637541061915,1
11.216666666666667,2.7005141590391166,6.618533438824908,503.3637606157292,1
11.233333333333333,2.7005079568829626,6.618533603300524,503.3637669967759,1
11.25,2.700501877478252,6.6185337648341935,503.3637732518713,1
11.266666666666667,2.7004959183930812,6.618533923478702,503.3637793835047,1
11.283333333333333,2.700490077243771,6.618534079285881,503.3637853941165,1
11.3,2.7004843516939063,6.618534232306598,503.363791286098,1
11.316666666666666,2.7004787394534007,6.618534382590756,503.3637970617938,1
11.333333333333334,2.700473238277576,6.618534530187512,503.3638027235019,1
11.35,2.7004678459662625,6.618534675144964,503.36380827347483,1
11.366666666666667,2.7004625603629124,6.618534817510469,503.3638137139206,1
11.383333333333333,2.7004573793537388,6.618534957330522,503.3638190470036,1
11.4,2.7004523008668646,6.61853509465065,503.3638242748454,1
11.416666666666666,2.70044732287149,6.618535229515755,503.3638293995255,1
11.433333333333334,2.7004424433770797,6.618535361969799,503.3638344230822,1
11.45,2.7004376604325624,6.61853549205605,503.3638393475136,1
11.466666666666667,2.7004329721255487,6.618535619816885,503.3638441747783,1
11.483333333333333,2.700428376581563,6.618535745293977,503.3638489067961,1
11.5,2.70042387196329,6.6185358685282925,503.3638535454489,1
11.516666666666667,2.70041945646984,6.6185359895599785,503.363858092581,1
11.533333333333333,2.7004151283360254,6.618536108428516,503.36386255000076,1
11.55,2.700410885831651,6.618536225172668,503.36386691948053,1
11.566666666666666,2.7004067272608205,6.6185363398304835,503.3638712027575,1
11.583333333333334,2.700402650961257,6.618536452439355,503.3638754015348,1
11.6,2.700398655303634,6.618536563036018,503.3638795174816,1
11.616666666666667,2.700394738690924,6.618536671656436,503.3638835522338,1
11.633333333333333,2.7003908995577555,6.618536778336072,503.3638875073958,1
11.65,2.700387136369786,6.6185368831096865,503.3638913845394,1
11.666666666666666,2.7003834476230875,6.618536986011368,503.36389518520576,1
11.683333333333334,2.700379831843541,6.618537087074701,503.3638989109055,1
11.7,2.700376287586247,6.618537186332548,503.36390256311927,1
11.716666666666667,2.7003728134349454,6.618537283817308,503.3639061432984,1
11.733333333333333,2.7003694080014444,6.618537379560657,503.3639096528658,1
11.75,2.7003660699250704,6.618537473593812,503.36391309321607,1
11.766666666666667,2.7003627978721148,6.6185375659474435,503.363916465716,1
11.783333333333333,2.700359590535303,6.618537656651571,503.3639197717059,1
11.8,2.7003564466332706,6.618537745735752,503.363923012499,1
11.816666666666666,2.700353364910047,6.618537833228954,503.3639261893829,1
11.833333333333334,2.7003503441345535,6.618537919159675,503.3639293036196,1
11.85,2.70034738310011,6.618538003555914,503.3639323564464,1
11.866666666666667,2.700344480623949,6.618538086445056,503.3639353490755,1
11.883333333333333,2.700341635546742,6.61853816785413,503.3639382826961,1
11.9,2.700338846732135,6.618538247809648,503.36394115847304,1
11.916666666666666,2.7003361130662946,6.618538326337584,503.36394397754856,1
11.933333333333334,2.7003334334574562,6.6185384034635275,503.3639467410421,1
11.95,2.7003308068354936,6.618538479212545,503.3639494500512,1
11.966666666666667,2.7003282321514837,6.618538553609255,503.36395210565166,1
11.983333333333333,2.700325708377288,6.6185386266779185,503.3639547088977,1
12.0,2.7003232345051402,6.618538698442248,503.36395726082316,1
12.016666666666667,2.7003208095472444,6.618538768925551,503.3639597624411,1
12.033333333333333,2.7003184325353757,6.618538838150793,503.3639622147447,1
12.05,2.7003161025204934,6.618538906140464,503.36396461870737,1
12.066666666666666,2.7003138185723614,6.618538972916701,503.3639669752834,1
12.083333333333334,2.7003115797791746,6.6185390385012095,503.3639692854085,1
12.1,2.7003093852471927,6.61853910291522,503.3639715499991,1
12.116666666666667,2.700307234100384,6.618539166179775,503.36397376995444,1
12.133333333333333,2.700305125480071,6.618539228315395,503.36397594615545,1
12.15,2.700303058544589,6.618539289342231,503.36397807946565,1
12.166666666666666,2.700301032468949,6.6185393492801765,503.36398017073157,1
12.183333333333334,2.700299046444504,6.618539408148678,503.36398222078327,1
12.2,2.700297099678627,6.618539465966862,503.363984230434,1
12.216666666666667,2.7002951913943956,6.61853952275353,503.36398620048107,1
12.233333333333333,2.700293320830276,6.6185395785270495,503.36398813170615,1
12.25,2.7002914872398205,6.618539633305604,503.3639900248754,1
12.266666666666667,2.7002896898913695,6.618539687107003,503.3639918807398,1
12.283333333333333,2.7002879280677545,6.618539739948651,503.3639937000356,1
12.3,2.7002862010660142,6.618539791847776,503.3639954834843,1
12.316666666666666,2.7002845081971114,6.618539842821139,503.36399723179335,1
12.333333333333334,2.700282848785659,6.618539892885363,503.3639989456561,1
12.35,2.700281222169645,6.618539942056665,503.36400062575217,1
12.366666666666667,2.7002796277001706,6.618539990351031,503.364002272748,1
12.383333333333333,2.7002780647411906,6.6185400377841095,503.3640038872965,1
12.4,2.7002765326692564,6.618540084371322,503.364005470038,1
12.416666666666666,2.7002750308732693,6.6185401301277365,503.3640070216,1
12.433333333333334,2.700273558754231,6.618540175068287,503.3640085425977,1
12.45,2.7002721157250087,6.618540219207479,503.364010033634,1
12.466666666666667,2.700270701210096,6.618540262559675,503.36401149529985,1
12.483333333333333,2.7002693146453867,6.6185403051388185,503.3640129281749,1
12.5,2.700267955477943,6.618540346958894,503.36401433282697,1
12.516666666666667,2.7002666231657795,6.618540388033381,503.3640157098128,1
12.533333333333333,2.700265317177644,6.618540428375618,503.36401705967825,1
12.55,2.7002640369928037,6.618540467998664,503.3640183829581,1
12.566666666666666,2.7002627821008387,6.618540506915368,503.36401968017697,1
12.583333333333334,2.700261552001435,6.618540545138382,503.3640209518487,1
12.6,2.7002603462041868,6.61854058268008,503.3640221984773,1
12.616666666666667,2.7002591642283997,6.618540619552601,503.36402342055663,1
12.633333333333333,2.700258005602896,6.6185406557679265,503.3640246185709,1
12.65,2.70025686986583,6.618540691337782,503.36402579299454,1
12.666666666666666,2.7002557565644976,6.618540726273743,503.3640269442932,1
12.683333333333334,2.700254665255161,6.618540760587108,503.36402807292257,1
12.7,2.700253595502866,6.618540794288964,503.36402917932975,1
12.716666666666667,2.700252546881272,6.618540827390236,503.3640302639533,1
12.733333333333333,2.7002515189724794,6.6185408599016595,503.3640313272223,1
12.75,2.700250511366861,6.61854089183377,503.36403236955806,1
12.766666666666667,2.7002495236628987,6.618540923196926,503.36403339137325,1
12.783333333333333,2.7002485554670264,6.618540954001266,503.36403439307276,1
12.8,2.7002476063934675,6.618540984256792,503.36403537505305,1
12.816666666666666,2.700246676064083,6.618541013973266,503.36403633770277,1
12.833333333333334,2.70024576410822,6.618541043160325,503.3640372814032,1
12.85,2.700244870162562,6.618541071827446,503.3640382065279,1
12.866666666666667,2.7002439938709863,6.618541099983878,503.3640391134431,1
12.883333333333333,2.7002431348844196,6.618541127638732,503.3640400025077,1
12.9,2.7002422928606964,6.618541154800991,503.36404087407374,1
12.916666666666666,2.700241467464427,6.618541181479416,503.36404172848614,1
12.933333333333334,2.700240658366858,6.6185412076826715,503.364042566083,1
12.95,2.700239865245745,6.618541233419224,503.36404338719575,1
12.966666666666667,2.700239087785221,6.618541258697386,503.3640441921493,1
12.983333333333333,2.7002383256756706,6.618541283525373,503.3640449812623,1
13.0,2.7002375786136072,6.618541307911205,503.3640457548469,1
13.016666666666667,2.7002368463015514,6.618541331862743,503.3640465132092,1
13.033333333333333,2.70023612844791,6.61854135538775,503.3640472566492,1
13.05,2.7002354247668614,6.618541378493884,503.36404798546084,1
13.066666666666666,2.7002347349782414,6.618541401188603,503.3640486999329,1
13.083333333333334,2.700234058807429,6.618541423479168,503.3640494003474,1
13.1,2.7002333959852387,6.618541445372933,503.3640500869817,1
13.116666666666667,2.700232746247813,6.618541466876842,503.36405076010715,1
13.133333333333333,2.700232109336515,6.61854148799787,503.36405141999006,1
13.15,2.700231484997826,6.61854150874289,503.3640520668915,1
13.166666666666666,2.7002308729832434,6.618541529118623,503.3640527010671,1
13.183333333333334,2.7002302730491836,6.6185415491316,503.3640533227677,1
13.2,2.7002296849568803,6.6185415687883555,503.36405393223913,1
13.216666666666667,2.7002291084722954,6.618541588095186,503.36405452972235,1
13.233333333333333,2.700228543366019,6.618541607058389,503.36405511545337,1
13.25,2.700227989413182,6.618541625683999,503.3640556896637,1
13.266666666666667,2.700227446393362,6.618541643978124,503.3640562525806,1
13.283333333333333,2.700226914090501,6.6185416619466375,503.3640568044264,1
13.3,2.700226392292813,6.618541679595373,503.3640573454192,1
13.316666666666666,2.700225880792705,6.618541696929969,503.36405787577274,1
13.333333333333334,2.700225379386688,6.618541713956095,503.36405839569665,1
13.35,2.7002248878753017,6.618541730679242,503.36405890539646,1
13.366666666666667,2.7002244060630294,6.618541747104829,503.36405940507353,1
13.383333333333333,2.700223933758223,6.618541763238058,503.3640598949253,1
13.4,2.700223470773027,6.618541779084263,503.364060375145,1
13.416666666666666,2.700223016923302,6.618541794648478,503.36406084592267,1
13.433333333333334,2.7002225720285487,6.618541809935785,503.3640613074443,1
13.45,2.7002221359118397,6.618541824951122,503.3640617598918,1
13.466666666666667,2.7002217083997495,6.6185418396993,503.3640622034443,1
13.483333333333333,2.70022128932228,6.618541854185048,503.36406263827683,1
13.5,2.700220878512797,6.618541868413167,503.36406306456104,1
13.516666666666667,2.700220475807963,6.618541882388144,503.3640634824653,1
13.533333333333333,2.7002200810476693,6.6185418961145235,503.3640638921547,1
13.55,2.7002196940749754,6.618541909596728,503.36406429379076,1
13.566666666666666,2.7002193147360454,6.618541922839085,503.3640646875324,1
13.583333333333334,2.700218942880084,6.618541935845912,503.36406507353473,1
13.6,2.7002185783592805,6.61854194862137,503.36406545195035,1
13.616666666666667,2.700218221028746,6.6185419611696235,503.36406582292847,1
13.633333333333333,2.7002178707464566,6.6185419734947,503.3640661866157,1
13.65,2.7002175273731983,6.618541985600565,503.36406654315545,1
13.666666666666666,2.7002171907725105,6.618541997491156,503.3640668926885,1
13.683333333333334,2.7002168608106296,6.61854200917028,503.3640672353529,1
13.7,2.7002165373564377,6.618542020641717,503.3640675712835,1
13.716666666666667,2.7002162202814097,6.618542031909154,503.36406790061307,1
13.733333333333333,2.7002159094595632,6.618542042976226,503.3640682234717,1
13.75,2.700215604767406,6.618542053846515,503.3640685399867,1
13.766666666666667,2.7002153060838863,6.618542064523513,503.3640688502827,1
13.783333333333333,2.7002150132903484,6.618542075010672,503.3640691544823,1
13.8,2.700214726270481,6.6185420853113905,503.3640694527054,1
13.816666666666666,2.7002144449102734,6.618542095428946,503.3640697450695,1
13.833333333333334,2.700214169097968,6.618542105366619,503.3640700316902,1
13.85,2.7002138987240185,6.618542115127621,503.36407031268027,1
13.866666666666667,2.700213633681043,6.618542124715097,503.3640705881507,1
13.883333333333333,2.7002133738637824,6.61854213413215,503.3640708582101,1
13.9,2.7002131191690584,6.618542143381829,503.364071122965,1
13.916666666666666,2.7002128694957332,6.618542152467048,503.3640713825195,1
13.933333333333334,2.700212624744669,6.618542161390757,503.36407163697606,1
13.95,2.7002123848186863,6.618542170155872,503.36407188643506,1
13.966666666666667,2.700212149622528,6.618542178765216,503.3640721309949,1
13.983333333333333,2.7002119190628195,6.618542187221536,503.3640723707518,1
14.0,2.70021169304803,6.618542195527533,503.3640726058002,1
14.016666666666667,2.7002114714884407,6.618542203685911,503.364072836233,1
14.033333333333333,2.700211254296105,6.618542211699328,503.3640730621408,1
14.05,2.7002110413848155,6.618542219570347,503.36407328361264,1
14.066666666666666,2.7002108326700665,6.618542227301455,503.36407350073586,1
14.083333333333334,2.700210628069025,6.618542234895189,503.36407371359604,1
14.1,2.7002104275004934,6.618542242354009,503.36407392227676,1
14.116666666666667,2.7002102308848803,6.618542249680247,503.3640741268605,1
14.133333333333333,2.7002100381441663,6.618542256876328,503.36407432742783,1
14.15,2.7002098492018747,6.618542263944564,503.3640745240576,1
14.166666666666666,2.7002096639830375,6.618542270887217,503.3640747168274,1
14.183333333333334,2.700209482414172,6.6185422777064975,503.3640749058129,1
14.2,2.7002093044232454,6.618542284404635,503.3640750910888,1
14.216666666666667,2.700209129939649,6.618542290983765,503.36407527272786,1
14.233333333333333,2.700208958894169,6.618542297446022,503.36407545080175,1
14.25,2.7002087912189596,6.6185423037934745,503.36407562538056,1
14.266666666666667,2.7002086268475147,6.618542310028153,503.36407579653286,1
14.283333333333333,2.7002084657146446,6.6185423161521095,503.3640759643261,1
14.3,2.7002083077564443,6.618542322167264,503.3640761288265,1
14.316666666666666,2.7002081529102746,6.618542328075632,503.3640762900986,1
14.333333333333334,2.7002080011147322,6.618542333878993,503.36407644820605,1
14.35,2.700207852309627,6.618542339579274,503.3640766032107,1
14.366666666666667,2.700207706435959,6.618542345178317,503.36407675517404,1
14.383333333333333,2.700207563435892,6.618542350677912,503.3640769041555,1
14.4,2.7002074232527344,6.618542356079856,503.3640770502139,1
14.416666666666666,2.700207285830914,6.618542361385847,503.3640771934065,1
14.433333333333334,2.700207151115955,6.618542366597633,503.36407733378996,1
14.45,2.70020701905446,6.618542371716855,503.3640774714191,1
14.466666666666667,2.7002068895940847,6.618542376745136,503.36407760634825,1
14.483333333333333,2.7002067626835196,6.618542381684152,503.36407773863056,1
14.5,2.700206638272468,6.618542386535485,503.36407786831796,1
14.516666666666667,2.700206516311628,6.618542391300636,503.36407799546134,1
14.533333333333333,2.7002063967526695,6.618542395981199,503.36407812011106,1
14.55,2.7002062795482193,6.618542400578672,503.36407824231577,1
14.566666666666666,2.700206164651838,6.618542405094523,503.3640783621236,1
14.583333333333334,2.7002060520180033,6.618542409530157,503.36407847958174,1
14.6,2.7002059416020945,6.618542413887033,503.3640785947362,1
14.616666666666667,2.7002058333603687,6.618542418166578,503.3640787076325,1
14.633333333333333,2.7002057272499496,6.618542422370153,503.3640788183147,1
14.65,2.7002056232288068,6.6185424264991255,503.36407892682655,1
14.666666666666666,2.700205521255739,6.618542430554804,503.36407903321054,1
14.683333333333334,2.7002054212903586,6.618542434538449,503.36407913750867,1
14.7,2.700205323293078,6.6185424384513905,503.3640792397617,1
14.716666666666667,2.7002052272250876,6.618542442294887,503.36407934000994,1
14.733333333333333,2.700205133048347,6.6185424460701565,503.36407943829266,1
14.75,2.7002050407255647,6.618542449778439,503.36407953464857,1
14.766666666666667,2.7002049502201886,6.618542453420886,503.36407962911557,1
14.783333333333333,2.7002048614963856,6.618542456998701,503.3640797217306,1
14.8,2.70020477451903,6.61854246051299,503.3640798125302,1
14.816666666666666,2.700204689253692,6.618542463964887,503.36407990154976,1
14.833333333333334,2.7002046056666194,6.618542467355566,503.3640799888246,1
14.85,2.7002045237247274,6.618542470686054,503.3640800743888,1
14.866666666666667,2.7002044433955836,6.618542473957466,503.36408015827607,1
14.883333333333333,2.700204364647396,6.618542477170806,503.36408024051906,1
14.9,2.700204287449001,6.618542480327127,503.3640803211504,1
14.916666666666666,2.7002042117698495,6.618542483427436,503.36408040020143,1
14.933333333333334,2.700204137579995,6.6185424864727365,503.36408047770334,1
14.95,2.7002040648500825,6.6185424894639935,503.3640805536865,1
14.966666666666667,2.7002039935513373,6.618542492402198,503.36408062818083,1
14.983333333333333,2.700203923655553,6.618542495288247,503.3640807012155,1
15.0,2.700203855135077,6.618542498123118,503.36408077281914,1
15.016666666666667,2.7002037879849112,6.618542500907674,503.3640808429315,1
15.033333333333333,2.7002037221555457,6.618542503639687,503.36408091168636,1
15.05,2.7002036576209836,6.618542506323257,503.36408097910777,1
15.066666666666666,2.7002035943557146,6.6185425089596865,503.36408104521877,1
15.083333333333334,2.700203532334729,6.61854251154985,503.3640811100425,1
15.1,2.7002034715335106,6.61854251409443,503.36408117360196,1
15.116666666666667,2.7002034119280283,6.618542516594235,503.3640812359207,1
15.133333333333333,2.7002033534947234,6.618542519049936,503.3640812970219,1
15.15,2.7002032962105047,6.618542521462302,503.3640813569288,1
15.166666666666666,2.700203240052736,6.618542523832042,503.36408141566403,1
15.183333333333334,2.7002031849992285,6.618542526159888,503.3640814732505,1
15.2,2.700203131028231,6.618542528446539,503.36408152971023,1
15.216666666666667,2.7002030781184225,6.618542530692683,503.3640815850652,1
15.233333333333333,2.7002030262489023,6.618542532899091,503.364081639337,1
15.25,2.700202975399181,6.618542535066386,503.3640816925467,1
15.266666666666667,2.700202925549174,6.618542537195296,503.3640817447149,1
15.283333333333333,2.700202876679195,6.618542539286486,503.3640817958622,1
15.3,2.700202828769943,6.618542541340643,503.3640818460087,1
15.316666666666666,2.700202781802499,6.618542543358365,503.36408189517357,1
15.333333333333334,2.7002027357583183,6.6185425453403415,503.36408194337633,1
15.35,2.70020269061922,6.618542547287196,503.3640819906358,1
15.366666666666667,2.7002026463673814,6.618542549199549,503.36408203697044,1
15.383333333333333,2.7002026029853345,6.618542551077967,503.36408208239845,1
15.4,2.7002025604559536,6.618542552923123,503.3640821269375,1
15.416666666666666,2.7002025187624503,6.618542554735577,503.3640821706051,1
15.433333333333334,2.7002024778883684,6.618542556515879,503.3640822134183,1
15.45,2.700202437817575,6.618542558264636,503.3640822553937,1
15.466666666666667,2.7002023985342563,6.618542559982399,503.3640822965481,1
15.483333333333333,2.700202360022911,6.618542561669703,503.36408233689724,1
15.5,2.7002023222683413,6.618542563327119,503.3640823764569,1
15.516666666666667,2.70020228525565,6.618542564955159,503.3640824152429,1
15.533333333333333,2.700202248970235,6.618542566554322,503.36408245327016,1
15.55,2.7002022133977803,6.61854256812516,503.3640824905535,1
15.566666666666666,2.700202178524253,6.618542569668137,503.36408252710754,1
15.583333333333334,2.700202144335896,6.618542571183808,503.36408256294686,1
15.6,2.700202110819224,6.618542572672556,503.36408259808496,1
15.616666666666667,2.7002020779610185,6.618542574134945,503.36408263253594,1
15.633333333333333,2.7002020457483193,6.6185425755714,503.36408266631315,1
15.65,2.700202014168424,6.618542576982413,503.3640826994299,1
15.666666666666666,2.7002019832088795,6.618542578368433,503.36408273189903,1
15.683333333333334,2.700201952857477,6.6185425797298905,503.36408276373334,1
15.7,2.7002019231022505,6.618542581067203,503.36408279494515,1
15.716666666666667,2.7002018939314696,6.618542582380851,503.3640828255467,1
15.733333333333333,2.700201865333633,6.618542583671191,503.36408285555,1
15.75,2.7002018372974677,6.618542584938681,503.3640828849667,1
15.766666666666667,2.700201809811923,6.618542586183727,503.3640829138083,1
15.783333333333333,2.7002017828661646,6.618542587406687,503.3640829420862,1
15.8,2.7002017564495744,6.6185425886079745,503.3640829698112,1
15.816666666666666,2.7002017305517407,6.61854258978801,503.3640829969943,1
15.833333333333334,2.7002017051624585,6.618542590947093,503.3640830236459,1
15.85,2.7002016802717232,6.618542592085685,503.36408304977675,1
15.866666666666667,2.700201655869728,6.618542593204068,503.36408307539705,1
15.883333333333333,2.7002016319468582,6.618542594302662,503.3640831005165,1
15.9,2.7002016084936904,6.618542595381757,503.36408312514493,1
15.916666666666666,2.700201585500985,6.618542596441746,503.3640831492921,1
15.933333333333334,2.700201562959685,6.61854259748297,503.3640831729675,1
15.95,2.700201540860913,6.618542598505754,503.36408319618033,1
15.966666666666667,2.7002015191959647,6.618542599510421,503.3640832189394,1
15.983333333333333,2.700201497956308,6.618542600497298,503.36408324125404,1
16.0,2.7002014771335787,6.61854260146664,503.36408326313256,1
16.016666666666666,2.7002014567195793,6.618542602418908,503.3640832845837,1
16.033333333333335,2.70020143670627,6.618542603354207,503.3640833056158,1
16.05,2.7002014170857733,6.618542604273004,503.36408332623705,1
16.066666666666666,2.700201397850363,6.618542605175467,503.36408334645546,1
16.083333333333332,2.700201378992469,6.618542606062026,503.3640833662788,1
16.1,2.700201360504667,6.618542606932838,503.36408338571516,1
16.116666666666667,2.7002013423796813,6.618542607788217,503.3640834047717,1
16.133333333333333,2.7002013246103784,6.618542608628466,503.3640834234562,1
16.15,2.7002013071897655,6.618542609453826,503.36408344177573,1
16.166666666666668,2.700201290110987,6.618542610264586,503.3640834597375,1
16.183333333333334,2.700201273367323,6.618542611060988,503.3640834773485,1
16.2,2.7002012569521856,6.618542611843274,503.3640834946156,1
16.216666666666665,2.7002012408591174,6.618542612611703,503.3640835115456,1
16.233333333333334,2.7002012250817873,6.618542613366515,503.3640835281451,1
16.25,2.7002012096139882,6.618542614107994,503.3640835444205,1
16.266666666666666,2.7002011944496362,6.61854261483633,503.3640835603782,1
16.283333333333335,2.7002011795827667,6.618542615551764,503.36408357602437,1
16.3,2.7002011650075337,6.618542616254521,503.3640835913651,1
16.316666666666666,2.7002011507182053,6.618542616944849,503.36408360640615,1
16.333333333333332,2.700201136709163,6.618542617622927,503.36408362115384,1
16.35,2.700201122974897,6.6185426182890055,503.36408363561355,1
16.366666666666667,2.7002011095100094,6.6185426189433265,503.36408364979116,1
16.383333333333333,2.7002010963092054,6.618542619586051,503.3640836636919,1
16.4,2.700201083367296,6.618542620217342,503.36408367732145,1
16.416666666666668,2.7002010706791943,6.618542620837522,503.364083690685,1
16.433333333333334,2.7002010582399136,6.618542621446717,503.3640837037878,1
16.45,2.7002010460445636,6.61854262204511,503.364083716635,1
16.466666666666665,2.7002010340883524,6.618542622632913,503.36408372923137,1
16.483333333333334,2.7002010223665818,6.618542623210292,503.364083741582,1
16.5,2.700201010874646,6.618542623777471,503.36408375369166,1
16.516666666666666,2.7002009996080294,6.6185426243346015,503.36408376556506,1
16.533333333333335,2.700200988562306,6.618542624881882,503.3640837772069,1
16.55,2.7002009777331364,6.618542625419454,503.36408378862154,1
16.566666666666666,2.7002009671162672,6.6185426259475255,503.36408379981344,1
16.583333333333332,2.7002009567075267,6.618542626466295,503.3640838107871,1
16.6,2.700200946502828,6.618542626975848,503.36408382154684,1
16.616666666666667,2.700200936498163,6.6185426274763435,503.36408383209675,1
16.633333333333333,2.7002009266896048,6.618542627968027,503.3640838424408,1
16.65,2.7002009170732992,6.618542628450976,503.3640838525831,1
16.666666666666668,2.700200907645472,6.618542628925416,503.3640838625277,1
16.683333333333334,2.7002008984024215,6.61854262939143,503.3640838722785,1
16.7,2.7002008893405187,6.618542629849195,503.36408388183895,1
16.716666666666665,2.700200880456207,6.618542630298861,503.3640838912131,1
16.733333333333334,2.700200871745999,6.618542630740584,503.3640839004044,1
16.75,2.700200863206476,6.618542631174477,503.3640839094164,1
16.766666666666666,2.700200854834286,6.618542631600688,503.36408391825296,1
16.783333333333335,2.7002008466261445,6.618542632019386,503.3640839269171,1
16.8,2.7002008385788296,6.618542632430626,503.36408393541234,1
16.816666666666666,2.7002008306891843,6.6185426328346,503.364083943742,1
16.833333333333332,2.7002008229541135,6.618542633231468,503.3640839519093,1
16.85,2.7002008153705823,6.618542633621306,503.36408395991737,1
16.866666666666667,2.700200807935616,6.6185426340042275,503.36408396776955,1
16.883333333333333,2.7002008006462987,6.618542634380359,503.3640839754686,1
16.9,2.7002007934997714,6.618542634749851,503.36408398301757,1
16.916666666666668,2.700200786493231,6.618542635112818,503.36408399041943,1
16.933333333333334,2.70020077962393,6.618542635469329,503.36408399767697,1
16.95,2.700200772889174,6.618542635819595,503.36408400479326,1
16.966666666666665,2.700200766286324,6.618542636163622,503.3640840117709,1
16.983333333333334,2.700200759812789,6.618542636501577,503.3640840186126,1
17.0,2.7002007534660324,6.618542636833542,503.3640840253207,1
17.016666666666666,2.7002007472435667,6.618542637159625,503.36408403189847,1
17.033333333333335,2.7002007411429525,6.618542637479948,503.36408403834787,1
17.05,2.7002007351617987,6.618542637794618,503.3640840446717,1
17.066666666666666,2.700200729297762,6.618542638103715,503.3640840508724,1
17.083333333333332,2.7002007235485435,6.618542638407333,503.3640840569523,1
17.1,2.7002007179118905,6.6185426387055974,503.3640840629138,1
17.116666666666667,2.7002007123855942,6.618542638998553,503.3640840687591,1
17.133333333333333,2.700200706967491,6.618542639286364,503.3640840744906,1
17.15,2.7002007016554566,6.618542639569091,503.36408408011056,1
17.166666666666668,2.700200696447411,6.618542639846777,503.3640840856211,1
17.183333333333334,2.7002006913413132,6.618542640119552,503.36408409102415,1
17.2,2.7002006863351657,6.618542640387531,503.3640840963222,1
17.216666666666665,2.7002006814270056,6.618542640650735,503.364084101517,1
17.233333333333334,2.7002006766149127,6.618542640909311,503.36408410661085,1
17.25,2.700200671897002,6.618542641163331,503.3640841116053,1
17.266666666666666,2.700200667271426,6.618542641412835,503.36408411650257,1
17.283333333333335,2.7002006627363735,6.618542641657931,503.36408412130464,1
17.3,2.7002006582900697,6.6185426418986655,503.364084126013,1
17.316666666666666,2.700200653930775,6.618542642135179,503.3640841306299,1
17.333333333333332,2.7002006496567823,6.6185426423675136,503.3640841351569,1
17.35,2.7002006454664182,6.618542642595735,503.3640841395959,1
17.366666666666667,2.700200641358044,6.618542642819909,503.3640841439485,1
17.383333333333333,2.700200637330052,6.6185426430401595,503.3640841482164,1
17.4,2.700200633380865,6.618542643256434,503.3640841524012,1
17.416666666666668,2.7002006295089394,6.61854264346895,503.3640841565045,1
17.433333333333334,2.700200625712759,6.6185426436777055,503.364084160528,1
17.45,2.7002006219908394,6.618542643882721,503.36408416447307,1
17.466666666666665,2.7002006183417255,6.618542644084158,503.36408416834155,1
17.483333333333334,2.70020061476399,6.618542644282024,503.36408417213477,1
17.5,2.700200611256233,6.618542644476368,503.3640841758542,1
17.516666666666666,2.700200607817083,6.618542644667299,503.3640841795013,1
17.533333333333335,2.700200604445195,6.618542644854855,503.3640841830774,1
17.55,2.700200601139251,6.618542645039085,503.36408418658397,1
17.566666666666666,2.700200597897959,6.618542645220051,503.3640841900224,1
17.583333333333332,2.700200594720051,6.618542645397834,503.364084193394,1
17.6,2.7002005916042857,6.61854264557247,503.3640841966999,1
17.616666666666667,2.700200588549445,6.618542645744009,503.3640841999416,1
17.633333333333333,2.7002005855543345,6.6185426459125365,503.3640842031203,1
17.65,2.7002005826177835,6.618542646078057,503.3640842062371,1
17.666666666666668,2.7002005797386457,6.618542646240687,503.3640842092935,1
17.683333333333334,2.7002005769157953,6.61854264640042,503.36408421229015,1
17.7,2.7002005741481296,6.618542646557329,503.36408421522873,1
17.716666666666665,2.7002005714345674,6.618542646711468,503.3640842181102,1
17.733333333333334,2.700200568774049,6.618542646862888,503.3640842209356,1
17.75,2.7002005661655355,6.61854264701164,503.364084223706,1
17.766666666666666,2.700200563608007,6.618542647157718,503.36408422642273,1
17.783333333333335,2.7002005611004662,6.618542647301236,503.36408422908664,1
17.8,2.7002005586419333,6.61854264744223,503.36408423169877,1
17.816666666666666,2.7002005562314477,6.618542647580756,503.36408423426,1
17.833333333333332,2.7002005538680693,6.618542647716802,503.3640842367716,1
17.85,2.7002005515508745,6.618542647850446,503.3640842392344,1
17.866666666666667,2.7002005492789594,6.618542647981724,503.36408424164927,1
17.883333333333333,2.700200547051437,6.618542648110715,503.36408424401736,1
17.9,2.7002005448674384,6.618542648237404,503.36408424633925,1
17.916666666666668,2.7002005427261104,6.618542648361822,503.3640842486161,1
17.933333333333334,2.7002005406266174,6.618542648484064,503.3640842508487,1
17.95,2.700200538568142,6.618542648604144,503.3640842530379,1
17.966666666666665,2.7002005365498785,6.6185426487221,503.36408425518476,1
17.983333333333334,2.7002005345710423,6.618542648837993,503.36408425728973,1
18.0,2.7002005326308596,6.618542648951841,503.36408425935394,1
18.016666666666666,2.7002005307285737,6.6185426490636745,503.364084261378,1
18.033333333333335,2.7002005288634434,6.618542649173508,503.36408426336277,1
18.05,2.700200527034741,6.618542649281408,503.3640842653091,1
18.066666666666666,2.700200525241753,6.618542649387396,503.3640842672173,1
18.083333333333332,2.7002005234837805,6.618542649491536,503.3640842690887,1
18.1,2.7002005217601384,6.618542649593803,503.36408427092374,1
18.116666666666667,2.7002005200701547,6.618542649694284,503.3640842727232,1
18.133333333333333,2.7002005184131708,6.6185426497929845,503.36408427448765,1
18.15,2.7002005167885406,6.618542649889936,503.3640842762178,1
18.166666666666668,2.7002005151956308,6.618542649889936,503.3640842778192,1
18.183333333333334,2.700200513634577,6.618542649889936,503.3640842793863,1
18.2,2.700200512104742,6.618542649889936,503.3640842809205,1
18.216666666666665,2.700200510605501,6.618542649889936,503.3640842824229,1
18.233333333333334,2.7002005091362435,6.618542649889936,503.36408428389433,1
18.25,2.700200507696368,6.618542649889936,503.36408428533576,1
18.266666666666666,2.7002005062852885,6.618542649889936,503.3640842867479,1
18.283333333333335,2.700200504902429,6.618542649889936,503.3640842881316,1
18.3,2.7002005035472236,6.618542649889936,503.3640842894873,1
18.316666666666666,2.700200502219121,6.618542649889936,503.3640842908158,1
18.333333333333332,2.7002005009175782,6.618542649889936,503.36408429211764,1
18.35,2.7002004996420643,6.618542649889936,503.36408429339343,1
18.366666666666667,2.7002004983920593,6.618542649889936,503.36408429464353,1
18.383333333333333,2.700200497167052,6.618542649889936,503.3640842958687,1
18.4,2.700200495966543,6.618542649889936,503.36408429706927,1
18.416666666666668,2.700200494790043,6.618542649889936,503.36408429824587,1
18.433333333333334,2.700200493637071,6.618542649889936,503.3640842993987,1
18.45,2.7002004925071565,6.618542649889936,503.3640843005287,1
18.466666666666665,2.700200491399839,6.618542649889936,503.364084301636,1
18.483333333333334,2.7002004903146664,6.618542649889936,503.36408430272115,1
18.5,2.700200489251195,6.618542649889936,503.3640843037845,1
18.516666666666666,2.700200488208992,6.618542649889936,503.3640843048268,1
18.533333333333335,2.7002004871876317,6.618542649889936,503.3640843058481,1
18.55,2.7002004861866973,6.618542649889936,503.36408430684907,1
18.566666666666666,2.700200485205779,6.618542649889936,503.36408430782996,1
18.583333333333332,2.7002004842444784,6.618542649889936,503.3640843087912,1
18.6,2.7002004833024023,6.618542649889936,503.36408430973336,1
18.616666666666667,2.700200482379166,6.618542649889936,503.3640843106566,1
18.633333333333333,2.700200481474393,6.618542649889936,503.3640843115613,1
18.65,2.7002004805877147,6.618542649889936,503.3640843124481,1
18.666666666666668,2.7002004797187684,6.618542649889936,503.36408431331694,1
18.683333333333334,2.7002004788672,6.618542649889936,503.36408431416845,1
18.7,2.700200478032661,6.618542649889936,503.364084315003,1
18.716666666666665,2.7002004772148123,6.618542649889936,503.3640843158209,1
18.733333333333334,2.7002004764133196,6.618542649889936,503.3640843166224,1
18.75,2.700200475627855,6.618542649889936,503.36408431740784,1
18.766666666666666,2.7002004748580988,6.618542649889936,503.36408431817756,1
18.783333333333335,2.7002004741037364,6.618542649889936,503.364084318932,1
18.8,2.7002004733644602,6.618542649889936,503.3640843196712,1
18.816666666666666,2.700200472639969,6.618542649889936,503.3640843203957,1
18.833333333333332,2.7002004719299664,6.618542649889936,503.3640843211057,1
18.85,2.700200471234162,6.618542649889936,503.36408432180144,1
18.866666666666667,2.7002004705522733,6.618542649889936,503.36408432248334,1
18.883333333333333,2.7002004698840216,6.618542649889936,503.3640843231516,1
18.9,2.7002004692291335,6.618542649889936,503.3640843238064,1
18.916666666666668,2.7002004685873424,6.618542649889936,503.36408432444824,1
18.933333333333334,2.700200467958386,6.618542649889936,503.36408432507716,1
18.95,2.700200467342008,6.618542649889936,503.36408432569357,1
18.966666666666665,2.7002004667379564,6.618542649889936,503.36408432629753,1
18.983333333333334,2.700200466145985,6.618542649889936,503.3640843268895,1
19.0,2.7002004655658522,6.618542649889936,503.3640843274696,1
19.016666666666666,2.7002004649973212,6.618542649889936,503.36408432803813,1
19.033333333333335,2.7002004644401603,6.618542649889936,503.36408432859537,1
19.05,2.7002004638941415,6.618542649889936,503.36408432914135,1
19.066666666666666,2.7002004633590424,6.618542649889936,503.3640843296765,1
19.083333333333332,2.7002004628346445,6.618542649889936,503.36408433020085,1
19.1,2.7002004623207334,6.618542649889936,503.3640843307148,1
19.116666666666667,2.7002004618171003,6.618542649889936,503.36408433121835,1
19.133333333333333,2.700200461323539,6.618542649889936,503.364084331712,1
19.15,2.700200460839848,6.618542649889936,503.3640843321956,1
19.166666666666668,2.700200460365831,6.618542649889936,503.3640843326697,1
19.183333333333334,2.7002004599012928,6.618542649889936,503.3640843331342,1
19.2,2.700200459446045,6.618542649889936,503.36408433358935,1
19.216666666666665,2.7002004589999014,6.618542649889936,503.36408433403557,1
19.233333333333334,2.7002004585626795,6.618542649889936,503.36408433447275,1
19.25,2.700200458134202,6.618542649889936,503.36408433490124,1
19.266666666666666,2.700200457714293,6.618542649889936,503.3640843353211,1
19.283333333333335,2.700200457302782,6.618542649889936,503.3640843357325,1
19.3,2.7002004568995,6.618542649889936,503.3640843361359,1
19.316666666666666,2.700200456504284,6.618542649889936,503.3640843365311,1
19.333333333333332,2.7002004561169715,6.618542649889936,503.3640843369184,1
19.35,2.7002004557374044,6.618542649889936,503.364084337298,1
19.366666666666667,2.7002004553654277,6.618542649889936,503.3640843376699,1
19.383333333333333,2.7002004550008905,6.618542649889936,503.3640843380345,1
19.4,2.700200454643643,6.618542649889936,503.36408433839176,1
19.416666666666668,2.7002004542935403,6.618542649889936,503.3640843387418,1
19.433333333333334,2.700200453950439,6.618542649889936,503.36408433908485,1
19.45,2.7002004536141992,6.618542649889936,503.36408433942114,1
19.466666666666665,2.700200453284684,6.618542649889936,503.36408433975066,1
19.483333333333334,2.700200452961759,6.618542649889936,503.36408434007353,1
19.5,2.7002004526452916,6.618542649889936,503.3640843403899,1
19.516666666666666,2.700200452335153,6.618542649889936,503.3640843407001,1
19.533333333333335,2.7002004520312166,6.618542649889936,503.364084341004,1
19.55,2.700200451733358,6.618542649889936,503.36408434130186,1
19.566666666666666,2.700200451441457,6.618542649889936,503.36408434159375,1
19.583333333333332,2.700200451155393,6.618542649889936,503.36408434187985,1
19.6,2.700200450875051,6.618542649889936,503.3640843421602,1
19.616666666666667,2.7002004506003137,6.618542649889936,503.36408434243486,1
19.633333333333333,2.7002004503310713,6.618542649889936,503.3640843427041,1
19.65,2.700200450067214,6.618542649889936,503.364084342968,1
19.666666666666668,2.7002004498086327,6.618542649889936,503.3640843432265,1
19.683333333333334,2.700200449555223,6.618542649889936,503.3640843434799,1
19.7,2.700200449306881,6.618542649889936,503.3640843437283,1
19.716666666666665,2.7002004490635056,6.618542649889936,503.3640843439716,1
19.733333333333334,2.7002004488249978,6.618542649889936,503.3640843442101,1
19.75,2.7002004485912594,6.618542649889936,503.36408434444377,1
19.766666666666666,2.7002004483621955,6.618542649889936,503.36408434467296,1
19.783333333333335,2.700200448137713,6.618542649889936,503.36408434489744,1
19.8,2.700200447917719,6.618542649889936,503.36408434511736,1
19.816666666666666,2.7002004477021253,6.618542649889936,503.36408434533297,1
19.833333333333332,2.7002004474908428,6.618542649889936,503.36408434554426,1
19.85,2.7002004472837853,6.618542649889936,503.3640843457513,1
19.866666666666667,2.7002004470808685,6.618542649889936,503.36408434595415,1
19.883333333333333,2.70020044688201,6.618542649889936,503.3640843461531,1
19.9,2.7002004466871288,6.618542649889936,503.36408434634797,1
19.916666666666668,2.7002004464961447,6.618542649889936,503.3640843465389,1
19.933333333333334,2.70020044630898,6.618542649889936,503.3640843467261,1
19.95,2.7002004461255584,6.618542649889936,503.36408434690946,1
19.966666666666665,2.7002004459458053,6.618542649889936,503.36408434708926,1
19.983333333333334,2.7002004457696462,6.618542649889936,503.3640843472653,1
20.0,2.7002004455970106,6.618542649889936,503.36408434743794,1
20.016666666666666,2.700200445427827,6.618542649889936,503.36408434760716,1
20.033333333333335,2.7002004452620265,6.618542649889936,503.3640843477729,1
20.05,2.700200445099543,6.618542649889936,503.36408434793543,1
20.066666666666666,2.700200444940308,6.618542649889936,503.36408434809465,1
20.083333333333332,2.700200444784258,6.618542649889936,503.36408434825074,1
20.1,2.7002004446313284,6.618542649889936,503.36408434840365,1
20.116666666666667,2.700200444481457,6.618542649889936,503.3640843485535,1
20.133333333333333,2.700200444334583,6.618542649889936,503.3640843487004,1
20.15,2.700200444190646,6.618542649889936,503.3640843488443,1
20.166666666666668,2.7002004440495884,6.618542649889936,503.3640843489854,1
20.183333333333334,2.7002004439113505,6.618542649889936,503.36408434912363,1
20.2,2.700200443775878,6.618542649889936,503.36408434925903,1
20.216666666666665,2.7002004436431144,6.618542649889936,503.3640843493918,1
20.233333333333334,2.700200443513006,6.618542649889936,503.3640843495218,1
20.25,2.7002004433854996,6.618542649889936,503.36408434964943,1
20.266666666666666,2.700200443260543,6.618542649889936,503.3640843497743,1
20.283333333333335,2.700200443138086,6.618542649889936,503.36408434989676,1
20.3,2.7002004430180775,6.618542649889936,503.3640843500168,1
20.316666666666666,2.7002004429004693,6.618542649889936,503.36408435013436,1
20.333333333333332,2.700200442785212,6.618542649889936,503.3640843502497,1
20.35,2.7002004426722612,6.618542649889936,503.36408435036265,1
20.366666666666667,2.7002004425615684,6.618542649889936,503.3640843504733,1
20.383333333333333,2.700200442453089,6.618542649889936,503.3640843505818,1
20.4,2.70020044234678,6.618542649889936,503.36408435068813,1
20.416666666666668,2.7002004422425965,6.618542649889936,503.36408435079227,1
20.433333333333334,2.7002004421404964,6.618542649889936,503.3640843508943,1
20.45,2.7002004420404377,6.618542649889936,503.36408435099435,1
20.466666666666665,2.7002004419423806,6.618542649889936,503.36408435109246,1
20.483333333333334,2.700200441846284,6.618542649889936,503.3640843511885,1
20.5,2.7002004417521097,6.618542649889936,503.36408435128266,1
20.516666666666666,2.700200441659818,6.618542649889936,503.3640843513749,1
20.533333333333335,2.7002004415693728,6.618542649889936,503.3640843514654,1
20.55,2.700200441480736,6.618542649889936,503.36408435155397,1
20.566666666666666,2.7002004413938723,6.618542649889936,503.36408435164094,1
20.583333333333332,2.7002004413087453,6.618542649889936,503.364084351726,1
20.6,2.700200441225321,6.618542649889936,503.36408435180937,1
20.616666666666667,2.7002004411435645,6.618542649889936,503.36408435189117,1
20.633333333333333,2.7002004410634433,6.618542649889936,503.3640843519712,1
20.65,2.7002004409849247,6.618542649889936,503.3640843520497,1
20.666666666666668,2.700200440907976,6.618542649889936,503.36408435212667,1
20.683333333333334,2.700200440832566,6.618542649889936,503.36408435220204,1
20.7,2.7002004407586644,6.618542649889936,503.364084352276,1
20.716666666666665,2.7002004406862405,6.618542649889936,503.36408435234836,1
20.733333333333334,2.700200440615265,6.618542649889936,503.3640843524194,1
20.75,2.700200440545709,6.618542649889936,503.36408435248893,1
20.766666666666666,2.700200440477544,6.618542649889936,503.3640843525571,1
20.783333333333335,2.7002004404107423,6.618542649889936,503.36408435262393,1
20.8,2.7002004403452764,6.618542649889936,503.3640843526893,1
20.816666666666666,2.70020044028112,6.618542649889936,503.3640843527535,1
20.833333333333332,2.7002004402182465,6.618542649889936,503.36408435281635,1
20.85,2.7002004401566304,6.618542649889936,503.36408435287797,1
20.866666666666667,2.7002004400962467,6.618542649889936,503.36408435293833,1
20.883333333333333,2.7002004400370705,6.618542649889936,503.3640843529975,1
20.9,2.7002004399790778,6.618542649889936,503.3640843530555,1
20.916666666666668,2.7002004399222446,6.618542649889936,503.36408435311233,1
20.933333333333334,2.7002004398665482,6.618542649889936,503.3640843531679,1
20.95,2.7002004398119657,6.618542649889936,503.36408435322255,1
20.966666666666665,2.7002004397584747,6.618542649889936,503.36408435327604,1
20.983333333333334,2.7002004397060535,6.618542649889936,503.36408435332845,1
21.0,2.70020043965468,6.618542649889936,503.3640843533798,1
21.016666666666666,2.7002004396043344,6.618542649889936,503.36408435343014,1
21.033333333333335,2.700200439554996,6.618542649889936,503.3640843534795,1
21.05,2.7002004395066437,6.618542649889936,503.36408435352786,1
21.066666666666666,2.7002004394592585,6.618542649889936,503.36408435357515,1
21.083333333333332,2.700200439412821,6.618542649889936,503.36408435362165,1
21.1,2.7002004393673125,6.618542649889936,503.3640843536672,1
21.116666666666667,2.7002004393227135,6.618542649889936,503.3640843537117,1
21.133333333333333,2.700200439279006,6.618542649889936,503.36408435375546,1
21.15,2.700200439236174,6.618542649889936,503.3640843537983,1
21.166666666666668,2.700200439194197,6.618542649889936,503.36408435384027,1
21.183333333333334,2.7002004391530607,6.618542649889936,503.36408435388137,1
21.2,2.7002004391127463,6.618542649889936,503.36408435392167,1
21.216666666666665,2.7002004390732384,6.618542649889936,503.3640843539612,1
21.233333333333334,2.7002004390345204,6.618542649889936,503.36408435399994,1
21.25,2.700200438996577,6.618542649889936,503.3640843540378,1
21.266666666666666,2.7002004389593925,6.618542649889936,503.364084354075,1
21.283333333333335,2.7002004389229515,6.618542649889936,503.3640843541114,1
21.3,2.700200438887239,6.618542649889936,503.36408435414717,1
21.316666666666666,2.7002004388522414,6.618542649889936,503.3640843541821,1
21.333333333333332,2.700200438817943,6.618542649889936,503.3640843542164,1
21.35,2.7002004387843312,6.618542649889936,503.36408435425005,1
21.366666666666667,2.700200438751391,6.618542649889936,503.3640843542829,1
21.383333333333333,2.7002004387191096,6.618542649889936,503.36408435431525,1
21.4,2.700200438687473,6.618542649889936,503.36408435434686,1
21.416666666666668,2.70020043865647,6.618542649889936,503.36408435437784,1
21.433333333333334,2.700200438626087,6.618542649889936,503.36408435440825,1
21.45,2.7002004385963114,6.618542649889936,503.36408435443803,1
21.466666666666665,2.700200438567131,6.618542649889936,503.36408435446714,1
21.483333333333334,2.7002004385385345,6.618542649889936,503.36408435449573,1
21.5,2.7002004385105103,6.618542649889936,503.36408435452375,1
21.516666666666666,2.700200438483046,6.618542649889936,503.36408435455127,1
21.533333333333335,2.700200438456131,6.618542649889936,503.36408435457815,1
21.55,2.700200438429754,6.618542649889936,503.3640843546045,1
21.566666666666666,2.7002004384039053,6.618542649889936,503.36408435463034,1
21.583333333333332,2.7002004383785736,6.618542649889936,503.36408435465563,1
21.6,2.7002004383537486,6.618542649889936,503.3640843546805,1
21.616666666666667,2.700200438329419,6.618542649889936,503.3640843547047,1
21.633333333333333,2.700200438305576,6.618542649889936,503.36408435472856,1
21.65,2.7002004382822102,6.618542649889936,503.364084354752,1
21.666666666666668,2.7002004382593117,6.618542649889936,503.3640843547749,1
21.683333333333334,2.703734356456167,6.173968199603916,502.9051921421404,0
21.7,2.7118250671415463,5.594886352503706,502.2952571524353,0
21.716666666666665,2.7241056994231125,5.056138938751428,501.71220020132546,0
21.733333333333334,2.7399186101417663,4.596168037855648,501.19791885595845,0
21.75,2.758668055967576,4.208856337629997,500.74892654934854,0
21.766666666666666,2.77987868768047,3.8802219868694157,500.3530621706743,0
21.783333333333335,2.80318037937099,3.597787207661863,499.99908333996734,0
21.8,2.8282833545348884,3.351929633283214,499.67821089486154,0
21.816666666666666,2.8549575025650418,3.135452376644976,499.3838320422131,0
21.833333333333332,2.883017151952256,2.9429570965464436,499.11096026405755,0
21.85,2.9123101887220733,2.770338962958919,498.85578628845616,0
21.866666666666667,2.9427102511971075,2.6144246452601605,498.6153525456799,0
21.883333333333333,2.974111062619496,2.472719959498775,498.3873248900722,0
21.9,3.0064222503689604,2.3432338402237747,498.16983272621616,0
21.916666666666668,3.0395662110590598,2.224354162829978,497.9613558527394,0
21.933333333333334,3.073475722699922,2.114758811952386,497.7606431729339,0
21.95,3.1080920990990832,2.0133509590779752,497.5666533540073,0
21.966666666666665,3.143363744053931,1.9192112067588893,497.3785108169515,0
21.983333333333334,3.1792450047268517,1.831561666677504,497.195472600978,0
22.0,3.215695252041292,1.7497386129232628,497.01690306227357,0
22.016666666666666,3.2526781355693233,1.6731713896049103,496.84225430195596,0
22.033333333333335,3.2901609741346567,1.6013659448689617,496.6710508435349,0
22.05,3.328114253131042,1.533891832677746,496.5028775043935,0
22.066666666666666,3.3665112066017104,1.4703718461305826,496.33736969776186,0
22.083333333333332,3.405327467270383,1.4104736708084624,496.1742056054662,0
22.1,3.4445407715176164,1.3539031053660087,496.01309980599973,0
22.116666666666667,3.484130709140201,1.3003985102123834,495.85379804593543,0
22.133333333333333,3.5240785098809524,1.2497262274516052,495.69607291782125,0
22.15,3.564366860357453,1.201676775606738,495.5397202629085,0
22.166666666666668,3.6049797462832034,1.1560616673832023,495.3845561580647,0
22.183333333333334,3.6459023158581134,1.112710732222643,495.23041437699914,0
22.2,3.6871207609763044,1.0714698507253488,495.077144239259,0
22.216666666666665,3.7286222135083307,1.0321990273446924,494.9246087782888,0
22.233333333333334,3.770394654399755,0.9947707426309323,494.77268317361523,0
22.25,3.812426833716443,0.9590685378421717,494.62125340291504,0
22.266666666666666,3.8547082000802986,0.9249857937633266,494.47021507811843,0
22.283333333333335,3.8972288381933287,0.8924246726801536,494.3194724363134,0
22.3,3.9399794133554504,0.8612951980899429,494.1689374614812,0
22.316666666666666,3.9829511220516727,0.8315144512273589,494.01852911729713,0
22.333333333333332,4.0261356478247015,0.8030058670951156,493.86817267461777,0
22.35,4.069525121765411,0.7756986156055466,493.7177991200115,0
22.366666666666667,4.113112087050526,0.7495270558078166,493.56734463392115,0
22.383333333333333,4.156889467037923,0.7244302531094827,493.4167501288679,0
22.4,4.200850536497995,0.7003515509876725,493.26596083960345,0
22.416666666666668,4.244988895616974,0.6772381899933969,493.11492595835637,0
22.433333333333334,4.289298446456649,0.6550409679358312,492.96359830934176,0
22.45,4.333773371596202,0.6337139360344112,492.8119340575598,0
22.466666666666665,4.378408114717075,0.613214126579277,492.6598924476225,0
22.483333333333334,4.423197362921857,0.5935013082714593,492.5074355689482,0
22.5,4.468136030604007,0.5745377659454488,492.35452814416936,0
22.516666666666666,4.513219244707454,0.5562881018253482,492.2011373380258,0
22.533333333333335,4.5584423312342714,0.5387190558460649,492.0472325843804,0
22.55,4.60380080287524,0.5217993428944926,491.89278542930106,0
22.566666666666666,4.649290347652518,0.5054995051014792,491.7377693884173,0
22.583333333333332,4.69490681847616,0.4897917775515139,491.58215981698817,0
22.6,4.74064622352717,0.4746499659798535,491.4259337913082,0
22.616666666666667,4.786504717389332,0.46004933520112445,491.26907000024875,0
22.633333333333333,4.8324785928604355,0.4459665071641438,491.1115486458764,0
22.65,4.878564273380885,0.4323793676579231,490.95335135221313,0
22.666666666666668,4.924758306024131,0.419266980806953,490.794461081315,0
22.683333333333334,4.97105735499913,0.40660951059215394,490.6348620559375,0
22.7,5.017458195620025,0.3943881487196272,490.47453968814006,0
22.716666666666665,5.063957708702761,0.382585048234238,490.3134805132554,0
22.733333333333334,5.11055287535231,0.3711832623406797,490.1516721287097,0
22.75,5.157240772107682,0.36016668795223244,489.98910313723854,0
22.766666666666666,5.204018566415079,0.34952001353806894,489.82576309408967,0
22.783333333333335,5.250883512402328,0.3392286708845906,489.6616424578493,0
22.8,5.297832946930236,0.32927879042567315,489.49673254456405,0
22.816666666666666,5.3448642858987725,0.3196571598315575,489.331025484867,0
22.833333333333332,5.391975020787955,0.31035118557701685,489.1645141838444,0
22.85,5.4391627154151685,0.30134885723688354,488.99719228340626,0
22.866666666666667,5.486425002892231,0.2926387142813765,488.82905412694976,0
22.883333333333333,5.5337595827669945,0.2842098151654678,488.66009472612234,0
22.9,5.581164218335602,0.2760517085258455,488.49030972951124,0
22.916666666666668,5.628636734112683,0.2681544063164885,488.31969539310506,0
22.933333333333334,5.676175013447867,0.2605083587292586,488.1482485523848,0
22.95,5.723776996277968,0.2531044307599567,487.97596659591727,0
22.966666666666665,5.771440677005074,0.24593388029272126,487.80284744033406,0
22.983333333333334,5.819164102491554,0.23898833758690716,487.62888950659334,0
23.0,5.866945370163768,0.23225978606070435,487.4540916974266,0
23.016666666666666,5.914782626216908,0.22574054427488977,487.2784533758869,0
23.033333333333335,5.962674063913965,0.21942324902835003,487.10197434491636,0
23.05,6.010617921972442,0.2133008394844416,486.9246548278659,0
23.066666666666666,6.058612483032874,0.20736654225403411,486.7464954498976,0
23.083333333333332,6.106656072203686,0.2016138573671736,486.56749722021317,0
23.1,6.154747055677373,0.1960365450708507,486.3876615150544,0
23.116666666666667,6.202883839413333,0.19062861339541545,486.20699006142445,0
23.133333333333333,6.25106486788304,0.1853843064367406,486.02548492148645,0
23.15,6.299288622873597,0.18029809330543153,485.8431484775981,0
23.166666666666668,6.347553622345967,0.17536466040382248,485.6599834206482,0
23.183333333333334,6.395858419332573,0.17057889123228034,485.4759927262241,0
23.2,6.4442016009259175,0.16593587151236824,485.2911796549396,0
23.216666666666665,6.492581787257256,0.1614308720099978,485.1055477319274,0
23.233333333333334,6.540997630545641,0.15705934159906387,484.91910073582983,0
23.25,6.589447814183821,0.15281689954369637,484.7318426870968,0
23.266666666666666,6.637931051861194,0.14869932806178687,484.5437778365906,0
23.283333333333335,6.686446086722031,0.14470256525789654,484.3549106545813,0
23.3,6.734991690557003,0.1408226984173931,484.1652458201279,0
23.316666666666666,6.783566663026167,0.13705595764255082,483.9747882108266,0
23.333333333333332,6.832169830911671,0.13339870981067595,483.78354289291536,0
23.35,6.880800047398522,0.12984745283516266,483.59151511171484,0
23.366666666666667,6.929456191381912,0.1263988102115829,483.39871028239395,0
23.383333333333333,6.978137166799672,0.12304952583207035,483.2051339810474,0
23.4,7.026841901988528,0.11979645905238198,483.0107919360713,0
23.416666666666668,7.075569349062928,0.11663657999706445,482.81569001982575,0
23.433333333333334,7.124318483315258,0.1135669650891186,482.6198342405752,0
23.45,7.173088302636408,0.11058479279145604,482.4232307346945,0
23.466666666666665,7.221877826955638,0.10768733954828805,482.22588575913227,0
23.483333333333334,7.270686097698807,0.10487197591533196,482.02780568412294,0
23.5,7.319512177264098,0.10213616286846115,481.82899698613863,0
23.516666666666666,7.368355148514389,0.09947744828108428,481.6294662410732,0
23.533333333333335,7.417214114285506,0.0968934635611395,481.42922011765086,0
23.55,7.4660881969096105,0.09438192043918325,481.22826537105345,0
23.566666666666666,7.51497653775307,0.09194060789957043,481.02660883675696,0
23.583333333333332,7.563878296768137,0.08956738924722252,480.8242574245748,0
23.6,7.612792652057852,0.08726019930293355,480.6212181128985,0
23.616666666666667,7.661718799453598,0.08501704172060241,480.4174979431316,0
23.633333333333333,7.710655952104771,0.08283598642016488,480.2131040143105,0
23.65,7.759603340080082,0.08071516713037762,480.0080434779088,0
23.666666666666668,7.808560209979983,0.07865277903595275,479.80232353281707,0
23.683333333333334,7.8575258245598185,0.07664707652385676,479.5959514204955,0
23.7,7.906499462363229,0.07469637102389676,479.38893442029365,0
23.716666666666665,7.955480417365461,0.0727990289389919,479.1812798449342,0
23.733333333333334,8.004467998626179,0.07095346966078976,478.9729950361532,0
23.75,8.053461529951434,0.0691581636665436,478.7640873604966,0
23.766666666666666,8.10246034956444,0.06741163069337802,478.55456420526605,0
23.783333333333335,8.151463809784877,0.06571243798629824,478.3444329746106,0
23.8,8.200471276716385,0.0640591986164982,478.13370108576163,0
23.816666666666666,8.249482129941976,0.06245056986670421,477.9223759654051,0
23.833333333333332,8.298495762227102,0.060885251680473304,477.71046504619005,0
23.85,8.347511579230112,0.05936198517252735,477.4979757633674,0
23.866666666666667,8.396528999219864,0.05787955119736452,477.2849155515575,0
23.883333333333333,8.445547452800241,0.05643676897352563,477.07129184164114,0
23.9,8.494566382641386,0.05503249476104083,476.8571120577726,0
23.916666666666668,8.543585243217402,0.053665620589703346,476.64238361450975,0
23.933333333333334,8.59260350055036,0.05233507303593846,476.4271139140602,0
23.95,8.641620631960382,0.05103981204615661,476.21131034363765,0
23.966666666666665,8.690636125821658,0.049778829804572565,475.9949802729281,0
23.983333333333334,8.739649481324182,0.048551149643589676,475.778131051661,0
24.0,8.78866020824107,0.047355824994930976,475.56077000728357,0
24.016666666666666,8.837667826701301,0.04619193837979317,475.3429044427348,0
24.033333333333335,8.886671866967689,0.04505860043638497,475.1245416343175,0
24.05,8.935671869219995,0.04395494898328568,474.9056888296634,0
24.066666666666666,8.984667383343,0.04288014811714302,474.6863532457911,0
24.083333333333332,9.0336579687194,0.04183338734329093,474.46654206725316,0
24.1,9.082643194027437,0.04081388073794312,474.2462624443698,0
24.116666666666667,9.131622626916064,0.03982086614067574,474.02552187528494,0
24.133333333333333,9.180595864554329,0.03885360448570183,473.804327040465,0
24.15,9.229562502324695,0.037911378736619095,473.58268497810843,0
24.166666666666668,9.278522144141112,0.036993493447793235,473.3606026859838,0
24.183333333333334,9.327474402268058,0.036099273997121054,473.13808712000287,0
24.2,9.376418897143832,0.035228065904199836,472.9151451929177,0
24.216666666666665,9.425355257207823,0.03437923417910235,472.6917837730943,0
24.233333333333334,9.474283118731595,0.03355216269509306,472.46800968335333,0
24.25,9.523202125653736,0.03274625358355172,472.24382969987886,0
24.266666666666666,9.572111929418313,0.031960926650071206,472.01925055118943,0
24.283333333333335,9.621012188816913,0.031195618810864363,471.79427891717165,0
24.3,9.669902569834136,0.030449783548683596,471.5689214281739,0
24.316666666666666,9.718782745496457,0.029722890387500138,471.34318466415726,0
24.333333333333332,9.767652395724419,0.02901442438523218,471.1170751539035,0
24.35,9.816511207188023,0.02832388564383605,470.8905993742766,0
24.366666666666667,9.8653588731653,0.027650788836110524,470.6637637495372,0
24.383333333333333,9.914195093403922,0.026994662748589304,470.4365746507077,0
24.4,9.963019573985838,0.026355049839922522,470.2090383949857,0
24.416666666666668,10.011832027194854,0.0257315058141755,469.981161245206,0
24.433333333333334,10.060632171387056,0.02512359920849447,469.75294940934714,0
24.45,10.109419730864055,0.02453091099461224,469.52440904008296,0
24.466666666666665,10.158194435748968,0.023953034193688924,469.29554623437593,0
24.483333333333334,10.20695602186506,0.023389573504002302,469.066367033112,0
24.5,10.25570423061703,0.022840144941021878,468.8368774207751,0
24.516666666666666,10.30443880887481,0.02230437548942167,468.6070833251592,0
24.533333333333335,10.35315950885992,0.021781902766600036,468.3769906171178,0
24.55,10.401866088034225,0.021272374697296474,468.1466051103488,0
24.566666666666666,10.450558308991077,0.02077544919890899,467.91593256121183,0
24.583333333333332,10.499235939348841,0.020290793877131633,467.6849786685808,0
24.6,10.547898751646636,0.01981808573154639,467.4537490737263,0
24.616666666666667,10.596546523242377,0.019357010870818633,467.2222493602282,0
24.633333333333333,10.645179036212944,0.018907264237158574,466.9904850539182,0
24.65,10.693796077256525,0.018468549339722803,466.7584616228495,0
24.666666666666668,10.742397437597024,0.0180405779966451,466.526184477294,0
24.683333333333334,10.790982912890529,0.01762307008539436,466.2936589697643,0
24.7,10.839552303133772,0.017215753301172063,466.06089039506094,0
24.716666666666665,10.888105412574522,0.01681836292307014,465.82788399034297,0
24.733333333333334,10.936642049623918,0.016430641587722217,465.5946449352213,0
24.75,10.985162026770666,0.01605233907018928,465.3611783518732,0
24.766666666666666,11.033665160497048,0.015683212071833815,465.1274893051784,0
24.783333333333335,11.082151271196723,0.015323024014940395,464.89358280287354,0
24.8,11.130620183094292,0.014971544843856351,464.6594637957268,0
24.816666666666666,11.179071724166556,0.014628550832427903,464.4251371777299,0
24.833333333333332,11.227505726065461,0.014293824397519247,464.19060778630717,0
24.85,11.275922024042675,0.013967153918409865,463.9558804025412,0
24.866666666666667,11.324320456875755,0.013648333561870469,463.7209597514137,0
24.883333333333333,11.372700866795899,0.013337163112727458,463.48585050206214,0
24.9,11.421063099417225,0.013033447809731402,463.2505572680491,0
24.916666666666668,11.469407003667538,0.012736998186552656,463.01508460764603,0
24.933333333333334,11.517732431720578,0.012447629917731903,462.77943702412875,0
24.95,11.566039238929696,0.01216516366942203,462.543618966086,0
24.966666666666665,11.614327283762924,0.011889424954761507,462.3076348277384,0
24.983333333333334,11.662596427739443,0.011620243993725807,462.0714889492689,0
25.0,11.710846535367372,0.011357455577309118,461.83518561716255,0
25.016666666666666,11.759077474082874,0.011100898935893786,461.5987290645569,0
25.033333333333335,11.807289114190556,0.01085041761166948,461.3621234716001,0
25.05,11.855481328805126,0.010605859334969195,461.1253729658182,0
25.066666666666666,11.90365399379427,0.010367075904394035,460.8884816224903,0
25.083333333333332,11.95180698772274,0.010133923070603124,460.6514534650311,0
25.1,11.99994019179762,0.009906260423649012,460.41429246538,0
25.116666666666667,12.048053489814748,0.009683951283743494,460.1770025443975,0
25.133333333333333,12.096146768106252,0.009466862595342216,459.9395875722662,0
25.15,12.144219915489199,0.009254864824441305,459.70205136889876,0
25.166666666666668,12.192272823215337,0.009047831858981528,459.4643977043501,0
25.183333333333334,12.240305384921845,0.008845640912260415,459.2266302992347,0
25.2,12.28831749658317,0.008648172429255299,458.9887528251482,0
25.216666666666665,12.336309056463854,0.008455309995763887,458.75076890509257,0
25.233333333333334,12.384279965072333,0.008266940250272336,458.5126821139057,0
25.25,12.432230125115717,0.008082952798463583,458.2744959786931,0
25.266666666666666,12.480159441455536,0.007903240130281389,458.0362139792635,0
25.283333333333335,12.528067821064369,0.007727697539469427,457.79783954856634,0
25.3,12.575955172983413,0.007556223045506256,457.5593760731321,0
25.316666666666666,12.623821408280925,0.007388717317860501,457.3208268935141,0
25.333333333333332,12.671666440011535,0.007225083602492718,457.08219530473247,0
25.35,12.719490183176395,0.0070652276505332534,456.84348455671886,0
25.366666666666667,12.767292554684191,0.006909057649067218,456.6046978547628,0
25.383333333333333,12.815073473312916,0.006756484153960667,456.3658383599591,0
25.4,12.862832859672483,0.006607420024663671,456.1269091896556,0
25.416666666666668,12.910570636168094,0.006461780360928434,455.88791341790073,0
25.433333333333334,12.958286726964374,0.006319482441382721,455.64885407589304,0
25.45,13.00598105795025,0.006180445663900725,455.4097341524287,0
25.466666666666665,13.053653556704553,0.006044591487715125,455.17055659434993,0
25.483333333333334,13.101304152462347,0.005911843377216503,454.9313243069927,0
25.5,13.148932776081935,0.005782126747387799,454.6920401546341,0
25.516666666666666,13.196539360012554,0.005655368910823101,454.45270696093854,0
25.533333333333335,13.244123838262754,0.005531499026281652,454.21332750940326,0
25.55,13.291686146369408,0.005410448048730211,453.9739045438024,0
25.566666666666666,13.339226221367369,0.005292148680827425,453.7344407686305,0
25.583333333333332,13.386744001759766,0.005176535325806283,453.49493884954364,0
25.6,13.434239427488878,0.005063544041711567,453.2554014137998,0
25.616666666666667,13.48171243990765,0.004953112496951112,453.0158310506975,0
25.633333333333333,13.529162981751757,0.004845179927120233,452.7762303120115,0
25.65,13.576590997112268,0.0047396870930611935,452.5366017124287,0
25.666666666666668,13.623996431408854,0.004636576240119528,452.29694772997993,0
25.683333333333334,13.671379231363561,0.00453579105856108,452.0572708064705,0
25.7,13.718739344975102,0.004437276645114867,451.8175733479087,0
25.716666666666665,13.766076721493686,0.004340979465607014,451.5778577249315,0
25.733333333333334,13.813391311396371,0.004246847318653686,451.3381262732279,0
25.75,13.860683066362895,0.004154829300380081,451.09838129395973,0
25.766666666666666,13.907951939252023,0.004064875770135644,450.8586250541803,0
25.783333333333335,13.955197884078368,0.00397693831717471,450.6188597872499,0
25.8,14.002420855989682,0.003890969728274231,450.3790876932481,0
25.816666666666666,14.049620811244612,0.0038069239562601638,450.1393109393845,0
25.833333333333332,14.096797707190907,0.0037247560894155705,449.8995316604053,0
25.85,14.143951502244079,0.003644422321744107,449.6597519589975,0
25.866666666666667,14.19108215586646,0.0035658799240634036,449.41997390619065,0
25.883333333333333,14.238189628546747,0.0034890872159036813,449.18019954175423,0
25.9,14.28527388177989,0.0034140035381878104,448.9404308745931,0
25.916666666666668,14.332334878047444,0.0033405892266695643,448.70066988313914,0
25.933333333333334,14.379372580798282,0.003268805586107755,448.46091851574016,0
25.95,14.426386954429725,0.0031986148651544687,448.2211786910446,0
25.966666666666665,14.473377964269021,0.003129980231936514,447.98145229838474,0
25.983333333333334,14.52034557655523,0.0030628657503095633,447.74174119815524,0
26.0,14.56728975842145,0.002997236356765316,447.5020472221881,0
26.016666666666666,14.614210477877421,0.0029330578379726706,447.26237217412563,0
26.033333333333335,14.661107703792448,0.0028702968089340804,447.022717829789,0
26.05,14.707981405878702,0.0028089206917395995,446.7830859375439,0
26.066666666666666,14.754831554674833,0.0027488976949007577,446.54347821866224,0
26.083333333333332,14.801658121529925,0.0026901967932477498,446.30389636768103,0
26.1,14.848461078587754,0.0026327877083733467,446.06434205275747,0
26.116666666666667,14.895240398771378,0.00257664088960797,445.82481691602095,0
26.133333333333333,14.941996055768033,0.0025217274955102154,445.5853225739209,0
26.15,14.988728024014327,0.002468019375858399,445.3458606175718,0
26.166666666666668,15.035436278681718,0.002415489054128247,445.1064326130949,0
26.183333333333334,15.0821207956623,0.0023641097104430664,444.8670401019555,0
26.2,15.128781551554873,0.0023138551649826947,444.62768460129803,0
26.216666666666665,15.175418523651258,0.0022646998618381436,444.3883676042763,0
26.233333333333334,15.222031689922927,0.0022166188532991658,444.1490905803812,0
26.25,15.268621029007875,0.002169587784562365,443.9098549757652,0
26.266666666666666,15.315186520197747,0.002123582878847961,443.6706622135619,0
26.283333333333335,15.36172814342524,0.00207858092291346,443.43151369420406,0
26.3,15.408245879251728,0.0020345592529530314,443.1924107957367,0
26.316666666666666,15.45473970885516,0.0019914957408717023,442.95335487412734,0
26.333333333333332,15.501209614018176,0.0019493687809236566,442.71434726357285,0
26.35,15.54765557711647,0.0019081572767044959,442.47538927680245,0
26.366666666666667,15.594077581107374,0.0018678406284873277,442.23648220537797,0
26.383333333333333,15.640475609518665,0.0018283987208931617,441.9976273199904,0
26.4,15.686849646437608,0.001789811910886107,441.75882587075245,0
26.416666666666668,15.733199676500192,0.001752061016084319,441.52007908748925,0
26.433333333333334,15.779525684880603,0.001715127303377905,441.28138818002367,0
26.45,15.825827657280879,0.0016789924778450739,441.04275433846,0
26.466666666666665,15.872105579920776,0.00164363867195837,440.80417873346374,0
26.483333333333334,15.91835943952784,0.0016090484350728279,440.56566251653777,0
26.5,15.964589223327676,0.0015752047231882252,440.3272068202957,0
26.516666666666666,16.01079491903438,0.0015420908889778645,440.08881275873154,0
26.533333333333335,16.0569765148412,0.0015096906720764402,439.85048142748633,0
26.55,16.103133999411323,0.0014779881896199154,439.6122139041122,0
26.566666666666666,16.14926736186892,0.0014469679270303995,439.3740112483315,0
26.583333333333332,16.19537659179028,0.001416614729039283,439.13587450229477,0
26.6,16.24146167919517,0.0013869137909420925,438.89780469083405,0
26.616666666666667,16.287522614538364,0.0013578506500787014,438.659802821714,0
26.633333333333333,16.333559388701303,0.001329411177532758,438.4218698858794,0
26.65,16.379571992983948,0.0013015815700442262,438.18400685769967,0
26.666666666666668,16.42556041909677,0.001274348342129382,437.94621469521036,0
26.683333333333334,16.471524659152905,0.0012476983184025049,437.70849434035125,0
26.7,16.51746470566047,0.0012216186260937433,437.4708467192027,0
26.716666666666665,16.56338055151501,0.0011960966877579797,437.2332727422171,0
26.733333333333334,16.609272189992097,0.00117112021416937,436.9957733044487,0
26.75,16.655139614740072,0.0011466771973965906,436.75834928578035,0
26.766666666666666,16.700982819772936,0.001122755904053911,436.5210015511469,0
26.783333333333335,16.746801799463377,0.0010993448687233569,436.28373095075585,0
26.8,16.79259654853589,0.0010764328875433526,436.0465383203052,0
26.816666666666666,16.838367062060115,0.001054009011959351,435.80942448119885,0
26.833333333333332,16.8841133354442,0.0010320625426321424,435.57239024075835,0
26.85,16.929835364428403,0.001010583023499552,435.3354363924324,0
26.866666666666667,16.975533145078682,0.0009895602359875429,435.09856371600387,0
26.883333333333333,17.021206673780558,0.0009689841933666146,434.8617729777933,0
26.9,17.06685594723297,0.0009488451352496941,434.62506493086016,0
26.916666666666668,17.112480962442316,0.0009291335222277343,434.3884403152018,0
26.933333333333334,17.15808171671661,0.0009098400306393759,434.15189985794876,0
26.95,17.203658207659693,0.0008909555474711176,433.9154442735589,0
26.966666666666665,17.249210433165615,0.0008724711653845335,433.6790742640067,0
26.983333333333334,17.294738391413112,0.00085437817786718,433.442790518973,0
27.0,17.340242080860147,0.0008366680745039359,433.20659371602943,0
27.016666666666666,17.385721500238628,0.0008193325363656249,432.9704845208216,0
27.033333333333335,17.431176648549144,0.0008023634315117806,432.7344635872499,0
27.05,17.476607525055872,0.0007857528106046497,432.49853155764754,0
27.066666666666666,17.522014129281537,0.0007694929026314157,432.26268906295604,0
27.083333333333332,17.56739646100248,0.0007535761107318925,432.0269367228986,0
27.1,17.612754520243847,0.0007379950081289171,431.7912751461508,0
27.116666666666667,17.658088307274795,0.0007227423341587251,431.5557049305092,0
27.133333333333333,17.70339782260389,0.0007078109903987585,431.32022666305744,0
27.15,17.74868306697451,0.0006931940368903461,431.08484092033007,0
27.166666666666668,17.793944041360373,0.0006788846884538115,430.84954826847417,0
27.183333333333334,17.839180746961134,0.0006648763110936007,430.61434926340866,0
27.2,17.884393185198096,0.0006511624184911082,430.3792444509812,0
27.216666666666665,17.92958135770995,0.0006377366685829493,430.1442343671233,0
27.233333333333334,17.974745266348638,0.0006245928602224649,429.909319538003,0
27.25,18.019884913175293,0.0006117249299223154,429.67450048017497,0
27.266666666666666,18.065000300456212,0.000599126948676088,429.4397777007296,0
27.283333333333335,18.110091430658976,0.0005867931188569138,429.2051516974388,0
27.3,18.15515830644857,0.0005747177711910597,428.97062295890044,0
27.316666666666666,18.20020093068362,0.0005628953618046494,428.73619196468087,0
27.333333333333332,18.245219306412697,0.000551320469341619,428.5018591854541,0
27.35,18.29021343687068,0.0005399877921510774,428.267625083141,0
27.366666666666667,18.335183325475178,0.0005288921455423235,428.0334901110451,0
27.383333333333333,18.38012897582306,0.0005180284591058105,427.7994547139865,0
27.4,18.425050391686998,0.0005073917740983641,427.5655193284347,0
27.416666666666668,18.4699475770121,0.0004969772408910317,427.33168438263834,0
27.433333333333334,18.514820535912616,0.00048678011647801525,427.09795029675433,0
27.45,18.559669272668696,0.00047679576204508103,426.8643174829743,0
27.466666666666665,18.604493791723204,0.00046701964059600413,426.63078634564914,0
27.483333333333334,18.649294097678588,0.0004574473146355655,426.3973572814124,0
27.5,18.69407019529382,0.0004480744439076838,426.1640306793009,0
27.516666666666666,18.738822089481395,0.00043889678318729614,425.93080692087494,0
27.533333333333335,18.78354978530438,0.0004299101801246392,425.69768638033554,0
27.55,18.828253287973514,0.0004211105731406404,425.4646694246405,0
27.566666666666666,18.872932602844354,0.00041249398937211776,425.23175641361826,0
27.583333333333332,18.917587735414514,0.0004040565426655596,424.99894770008126,0
27.6,18.96221869132091,0.0003957944316182727,424.7662436299363,0
27.616666666666667,19.006825476337074,0.0003877039376657328,424.533644542294,0
27.633333333333333,19.05140809637053,0.00037978142321396066,424.3011507695765,0
27.65,19.095966557460187,0.00037202332981584475,424.06876263762376,0
27.666666666666668,19.14050086577383,0.0003644261763903057,423.8364804657976,0
27.683333333333334,19.185011027605604,0.00035698655748322815,423.6043045670851,0
27.7,19.22949704937358,0.0003497011415691754,423.3722352481997,0
27.716666666666665,19.273958937617348,0.00034256666939281883,423.14027280968133,0
27.733333333333334,19.318396698995677,0.000335579952349176,422.90841754599484,0
27.75,19.36281034028419,0.0003287378709016375,422.6766697456269,0
27.766666666666666,19.407199868373095,0.00032203737303690357,422.44502969118173,0
27.783333333333335,19.451565290264977,0.00031547547275590686,422.2134976594747,0
27.8,19.495906613072588,0.00030904924859984263,421.98207392162544,0
27.816666666666666,19.54022384401673,0.0003027558422104439,421.7507587431492,0
27.833333333333332,19.58451699042412,0.0002965924569236908,421.51955238404616,0
27.85,19.628786059725353,0.0002905563563961021,421.28845509889055,0
27.866666666666667,19.67303105945285,0.00028464486326285006,421.05746713691786,0
27.883333333333333,19.717251997238886,0.00027885535782690694,420.82658874211006,0
27.9,19.761448880813635,0.00027318527677847704,420.5958201532811,0
27.916666666666668,19.80562171800324,0.0002676321119439861,420.3651616041598,0
27.933333333333334,19.84977051672795,0.0002621934090638962,420.13461332347157,0
27.95,19.893895285000262,0.0002568667665986702,419.9041755350198,0
27.966666666666665,19.9379960309231,0.00025164983456219594,419.67384845776525,0
27.983333333333334,19.982072762688066,0.00024654031338200964,419.4436323059041,0
28.0,20.026125488573655,0.00024153595278567723,419.21352728894556,0
28.016666666666666,20.070154216943568,0.00023663455071269902,418.98353361178766,0
28.033333333333335,20.11415895624502,0.0002318339522513415,418.7536514747918,0
28.05,20.158139715007092,0.00022713204859976856,418.52388107385707,0
28.066666666666666,20.202096501839115,0.00022252677605092653,418.294222600492,0
28.083333333333332,20.246029325429053,0.0002180161150005962,418.0646762418866,0
28.1,20.289938194541982,0.00021359808897804833,417.83524218098256,0
28.116666666666667,20.33382311801852,0.00020927076369879914,417.60592059654215,0
28.133333333333333,20.377684104773344,0.00020503224613889855,417.3767116632172,0
28.15,20.4215211637937,0.00020088068363026897,417.14761555161516,0
28.166666666666668,20.465334304137972,0.00019681426297658437,416.9186324283661,0
28.183333333333334,20.50912353493424,0.00019283120958920143,416.68976245618717,0
28.2,20.55288886537889,0.00018892978664266787,416.4610057939471,0
28.216666666666665,20.596630304735235,0.000185108294249354,416.23236259672905,0
28.233333333333334,20.640347862332188,0.00018136506865273902,416.0038330158927,0
28.25,20.68404154756292,0.0001776984814389321,415.7754171991354,0
28.266666666666666,20.727711369883572,0.00017410693876597833,415.5471152905524,0
28.283333333333335,20.771357338811985,0.00017058888061055082,415.3189274306962,0
28.3,20.81497946392645,0.00016714278003160377,415.09085375663426,0
28.316666666666666,20.858577754864466,0.00016376714245059902,414.86289440200716,0
28.333333333333332,20.902152221321547,0.0001604605049479087,414.63504949708476,0
28.35,20.945702873050053,0.00015722143557503105,414.4073191688219,0
28.366666666666667,20.989229719858006,0.00015404853268222488,414.1797035409129,0
28.383333333333333,21.03273277160796,0.0001509404242612269,413.9522027338458,0
28.4,21.076212038215882,0.00014789576730268753,413.7248168649554,0
28.416666666666668,21.119667529650062,0.00014491324716797867,413.4975460484751,0
28.433333333333334,21.16309925593002,0.00014199157697505218,413.2703903955886,0
28.45,21.206507227125467,0.00013912949699800944,413.0433500144803,0
28.466666666666665,21.249891453355243,0.00013632577408007006,412.81642501038556,0
28.483333333333334,21.293251944786313,0.0001335792010596269,412.5896154856389,0
28.5,21.33658871163278,0.00013088859620908868,412.36292153972283,0
28.516666666666666,21.379901764154855,0.00012825280268620524,412.13634326931526,0
28.533333333333335,21.42319111265794,0.0001256706879975916,411.90988076833605,0
28.55,21.466456767491668,0.00012314114347417753,411.68353412799297,0
28.566666666666666,21.509698739048957,0.00012066308375828963,411.45730343682715,0
28.583333333333332,21.552917037765116,0.00011823544630211265,411.2311887807572,0
28.6,21.59611167411694,0.00011585719087726525,411.0051902431236,0
28.616666666666667,21.63928265862184,0.00011352729909522711,410.7793079047314,0
28.633333333333333,21.682430001836963,0.00011124477393837738,410.5535418438929,0
28.65,21.725553714358355,0.000109008639301398,410.3278921364691,0
28.666666666666668,21.768653806820133,0.00010681793954280027,410.10235885591106,0
28.683333333333334,21.811730289893664,0.0001046717390463503,409.87694207330054,0
28.7,21.854783174286748,0.0001025691217921599,409.65164185738917,0
28.716666666666665,21.897812470742856,0.00010050919093722688,409.4264582746383,0
28.733333333333334,21.940818190040357,9.849106840520693e-05,409.201391389257,0
28.75,21.98380034299172,9.651389448520608e-05,408.97644126324025,0
28.766666666666666,22.02675894044282,9.457682743939292e-05,408.75160795640636,0
28.783333333333335,22.06969399327218,9.267904311922038e-05,408.52689152643313,0
28.8,22.112605512390243,9.081973459007497e-05,408.3022920288948,0
28.816666666666666,22.155493508738697,8.899811176414667e-05,408.0778095172968,0
28.833333333333332,22.198357993289758,8.7213401041347e-05,407.85344404311155,0
28.85,22.241198977045503,8.546484495808254e-05,407.6291956558117,0
28.866666666666667,22.2840164710372,8.375170184371348e-05,407.40506440290557,0
28.883333333333333,22.32681048632466,8.20732454845184e-05,407.1810503299686,0
28.9,22.369581033995573,8.042876479499704e-05,406.957153480678,0
28.916666666666668,22.412328125164905,7.8817563496349e-05,406.7333738968433,0
28.933333333333334,22.455051770974254,7.723895980195925e-05,406.5097116184394,0
28.95,22.497751982591264,7.569228610973847e-05,406.2861666836372,0
28.966666666666665,22.54042877120901,7.417688870116408e-05,406.06273912883415,0
28.983333333333334,22.583082148045428,7.269212744686784e-05,405.83942898868463,0
29.0,22.625712124342716,7.123737551862373e-05,405.61623629612984,0
29.016666666666666,22.668318711366794,6.981201910759528e-05,405.393161082427,0
29.033333333333335,22.71090192040674,6.84154571486989e-05,405.1702033771777,0
29.05,22.75346176277425,6.704710105094693e-05,404.9473632083567,0
29.066666666666666,22.79599824980308,6.57063744336389e-05,404.7246406023399,0
29.083333333333332,22.838511392848556,6.439271286826576e-05,404.5020355839306,0
29.1,22.881001203287035,6.31055636260042e-05,404.27954817638795,0
29.116666666666667,22.92346769251541,6.184438543067362e-05,404.05717840145246,0
29.133333333333333,22.965910871950616,6.0608648217031944e-05,403.8349262793722,0
29.15,23.008330753029117,5.9397832894298616e-05,403.6127918289289,0
29.166666666666668,23.050727347206475,5.821143111477839e-05,403.39077506746264,0
29.183333333333334,23.093100665956833,5.704894504748083e-05,403.168876010897,0
29.2,23.135450720772482,5.5909887156620474e-05,402.9470946737632,0
29.216666666666665,23.1777775231634,5.479377998489042e-05,402.72543106922444,0
29.233333333333334,23.2200810846568,5.370015806622661e-05,402.50388520910127,0
29.25,23.262361416796693,5.262855950113487e-05,402.2824571038886,0
29.266666666666666,23.304618531143486,5.1578537410947286e-05,402.0611467627856,0
29.283333333333335,23.346852439273544,5.054965276435645e-05,401.8399541937147,0
29.3,23.38906315277878,4.954147544079645e-05,401.61887940334447,0
29.316666666666666,23.431250683266228,4.855358416824055e-05,401.39792239711136,0
29.333333333333332,23.473415042357683,4.7585566354784664e-05,401.17708317924115,0
29.35,23.515556241689275,4.6637017910419784e-05,400.9563617527695,0
29.366666666666667,23.557674292911113,4.5707543070051034e-05,400.7357581195633,0
29.383333333333333,23.59976920768688,4.4796754219583546e-05,400.51527228034064,0
29.4,23.641840997693496,4.390427172546777e-05,400.2949042346906,0
29.416666666666668,23.683889674620733,4.30297237677789e-05,400.0746539810937,0
29.433333333333334,23.72591525017086,4.217274617680872e-05,399.8545215169403,0
29.45,23.76791773605831,4.133298227312073e-05,399.63450683855035,0
29.466666666666665,23.80989714400931,4.051008271100578e-05,399.4146099411917,0
29.483333333333334,23.85185348576158,3.9703705325266206e-05,399.1948308190989,0
29.5,23.89378677306396,3.8913514981264695e-05,398.9751694654909,0
29.516666666666666,23.935697017676123,3.813918342816241e-05,398.75562587258935,0
29.533333333333335,23.977584231368223,3.738038915528389e-05,398.5362000316352,0
29.55,24.019448425920622,3.663681725153578e-05,398.31689193290697,0
29.566666666666666,24.061289613123535,3.590815926781679e-05,398.0977015657373,0
29.583333333333332,24.10310780477677,3.519411308235213e-05,397.8786289185293,0
29.6,24.1449030126894,3.449438276889047e-05,397.65967397877336,0
29.616666666666667,24.186675248679514,3.380867846769844e-05,397.4408367330629,0
29.633333333333333,24.22842452457387,3.313671625929471e-05,397.22211716711075,0
29.65,24.270150852207678,3.2478218040863505e-05,397.00351526576395,0
29.666666666666668,24.311854243424282,3.183291140528702e-05,396.7850310130198,0
29.683333333333334,24.35353471007491,3.120052952274371e-05,396.5666643920405,0
29.7,24.39519226401841,3.0580811024812624e-05,396.34841538516804,0
29.716666666666665,24.436826917120964,2.997349989103362e-05,396.1302839739389,0
29.733333333333334,24.478438681255877,2.9378345337866768e-05,395.91227013909827,0
29.75,24.520027568303277,2.879510171000048e-05,395.6943738606141,0
29.766666666666666,24.56159359014992,2.822352837395738e-05,395.4765951176911,0
29.783333333333335,24.603136758688905,2.766338961394912e-05,395.258933888784,0
29.8,24.64465708581946,2.7114454529928637e-05,395.04139015161144,0
29.816666666666666,24.686154583446697,2.6576496937796523e-05,394.8239638831688,0
29.833333333333332,24.727629263481408,2.604929527171077e-05,394.60665505974134,0
29.85,24.769081137839798,2.5532632488458054e-05,394.38946365691663,0
29.866666666666667,24.81051021844331,2.5026295973839174e-05,394.17238964959745,0
29.883333333333333,24.851916517218367,2.4530077451027644e-05,393.95543301201377,0
29.9,24.893300046096204,2.404377289085727e-05,393.73859371773506,0
29.916666666666668,24.934660817012624,2.3567182423998155e-05,393.5218717396821,0
29.933333333333334,24.97599884190782,2.3100110254979956e-05,393.3052670501389,0
29.95,25.017314132726142,2.264236457802235e-05,393.0887796207638,0
29.966666666666665,25.058606701415933,2.219375749463535e-05,392.8724094226008,0
29.983333333333334,25.099876559929317,2.175410493294981e-05,392.6561564260913,0
30.0,25.141123720222016,2.1323226568741974e-05,392.4400206010842,0
30.016666666666666,25.182348194253155,2.090094574811517e-05,392.2240019168471,0
30.033333333333335,25.223549993985102,2.048708941180352e-05,392.0081003420771,0
30.05,25.264729131383255,2.008148802106299e-05,391.7923158449106,0
30.066666666666666,25.305885618415893,1.9683975485115127e-05,391.57664839293403,0
30.083333333333332,25.347019467053997,1.9294389090111095e-05,391.3610979531934,0
30.1,25.388130689271065,1.8912569429583206e-05,391.1456644922045,0
30.116666666666667,25.429219297042973,1.8538360336351307e-05,390.9303479759628,0
30.133333333333333,25.470285302347783,1.8171608815854927e-05,390.7151483699526,0
30.15,25.511328717165604,1.7812164980878485e-05,390.5000656391563,0
30.166666666666668,25.552349553478418,1.745988198764137e-05,390.2850997480644,0
30.183333333333334,25.593347823269944,1.7114615973223138e-05,390.0702506606835,0
30.2,25.634323538525468,1.6776225994295834e-05,389.8555183405459,0
30.216666666666665,25.675276711231707,1.644457396713473e-05,389.6409027507187,0
30.233333333333334,25.716207353376653,1.6119524608881322e-05,389.42640385381105,0
30.25,25.75711547694944,1.5800945380031286e-05,389.21202161198437,0
30.266666666666666,25.79800109394019,1.5488706428121547e-05,388.9977559869592,0
30.283333333333335,25.83886421633989,1.51826805325908e-05,388.78360694002413,0
30.3,25.87970485614025,1.4882743050788658e-05,388.56957443204385,0
30.316666666666666,25.920523025333562,1.4588771865109678e-05,388.3556584234668,0
30.333333333333332,25.961318735912577,1.4300647331226767e-05,388.14185887433314,0
30.35,26.002091999870387,1.401825222740246e-05,387.92817574428204,0
30.366666666666667,26.042842829200275,1.3741471704854242e-05,387.7146089925598,0
30.383333333333333,26.083571235895615,1.3470193239151583e-05,387.5011585780267,0
30.4,26.12427723194973,1.3204306582623312e-05,387.28782445916437,0
30.416666666666668,26.16496082935579,1.2943703717753493e-05,387.0746065940832,0
30.433333333333334,26.20562204010669,1.2688278811544918e-05,386.8615049405291,0
30.45,26.246260876194935,1.2437928170830525e-05,386.6485194558902,0
30.466666666666665,26.28687734961253,1.219255019851102e-05,386.43565009720425,0
30.483333333333334,26.327471472350854,1.1952045350701583e-05,386.2228968211646,0
30.5,26.36804325640059,1.1716316094765559e-05,386.0102595841273,0
30.516666666666666,26.408592713751567,1.1485266868219346e-05,385.7977383421171,0
30.533333333333335,26.44911985639269,1.1258804038487843e-05,385.585333050834,0
30.55,26.48962469631185,1.1036835863493426e-05,385.37304366565957,0
30.566666666666666,26.530107245495774,1.0819272453061647e-05,385.1608701416627,0
30.583333333333332,26.570567515929977,1.0606025731124303e-05,384.9488124336061,0
30.6,26.61100551959863,1.0397009398705884e-05,384.7368704959517,0
30.616666666666667,26.65142126848451,1.0192138897674385e-05,384.52504428286676,0
30.633333333333333,26.691814774568837,9.991331375242198e-06,384.31333374822964,0
30.65,26.73218604983125,9.794505649199949e-06,384.101738845635,0
30.666666666666668,26.772535106249684,9.601582173869378e-06,383.8902595283996,0
30.683333333333334,26.812861955800276,9.412483006758698e-06,383.6788957495681,0
30.7,26.853166610457315,9.227131775906246e-06,383.4676474619176,0
30.716666666666665,26.89344908219311,9.045453647898833e-06,383.25651461796326,0
30.733333333333334,26.93370938297795,8.867375296548785e-06,383.04549716996354,0
30.75,26.973947524779994,8.6928248722179e-06,382.8345950699252,0
30.766666666666666,27.0141635195652,8.521731971773184e-06,382.62380826960793,0
30.783333333333335,27.054357379297247,8.354027609161952e-06,382.4131367205301,0
30.8,27.094529115937462,8.189644186593251e-06,382.20258037397224,0
30.816666666666666,27.13467874144474,8.028515466312534e-06,381.9921391809831,0
30.833333333333332,27.174806267775466,7.870576542957746e-06,381.7818130923831,0
30.85,27.21491170688344,7.715763816483925e-06,381.57160205877005,0
30.866666666666667,27.25499507071984,7.564014965645413e-06,381.3615060305227,0
30.883333333333333,27.295056371233102,7.415268922022913e-06,381.15152495780535,0
30.9,27.335095620368882,7.269465844584964e-06,380.94165879057255,0
30.916666666666668,27.375112830069977,7.126547094772086e-06,380.7319074785731,0
30.933333333333334,27.415108012276267,6.986455212093015e-06,380.52227097135386,0
30.95,27.455081178924647,6.849133890222113e-06,380.3127492182647,0
30.966666666666665,27.495032341948967,6.714527953587614e-06,380.1033421684618,0
30.983333333333334,27.534961513279956,6.582583334440653e-06,379.8940497709117,0
31.0,27.574868704845173,6.453247050394595e-06,379.6848719743956,0
31.016666666666666,27.614753928568955,6.32646718242536e-06,379.475808727513,0
31.033333333333335,27.654617196372335,6.202192853322873e-06,379.26685997868503,0
31.05,27.694458520173004,6.080374206584293e-06,379.05802567615876,0
31.066666666666666,27.734277911885247,5.960962385740043e-06,378.8493057680107,0
31.083333333333332,27.77407538341989,5.843909514103128e-06,378.64070020214996,0
31.1,27.813850946684255,5.7291686749335944e-06,378.4322089263223,0
31.116666666666667,27.85360461358208,5.616693892008983e-06,378.22383188811307,0
31.133333333333333,27.89333639601348,5.506440110592531e-06,378.01556903495117,0
31.15,27.933046305874914,5.3983631787912295e-06,377.80742031411177,0
31.166666666666668,27.97273435505911,5.292419829294713e-06,377.59938567272013,0
31.183333333333334,28.012400555455027,5.188567661488191e-06,377.39146505775443,0
31.2,28.05204491894781,5.086765123930777e-06,377.1836584160491,0
31.216666666666665,28.09166745741873,4.986971497192275e-06,376.9759656942978,0
31.233333333333334,28.131268182745142,4.889146877040509e-06,376.7683868390566,0
31.25,28.170847106800455,4.793252157972222e-06,376.56092179674675,0
31.266666666666666,28.210404241454068,4.699249017080375e-06,376.35357051365816,0
31.283333333333335,28.24993959857132,4.607099898250888e-06,376.1463329359517,0
31.3,28.289453190013475,4.516767996681804e-06,375.93920900966225,0
31.316666666666666,28.328945027637676,4.42821724371865e-06,375.73219868070174,0
31.333333333333332,28.36841512329686,4.3414122919989825e-06,375.5253018948613,0
31.35,28.407863488839777,4.256318500899938e-06,375.31851859781455,0
31.366666666666667,28.44729013611091,4.1729019222826925e-06,375.11184873512,0
31.383333333333333,28.486695076950454,4.091129286527283e-06,374.9052922522238,0
31.4,28.52607832319428,4.0109679888522224e-06,374.6988490944619,0
31.416666666666668,28.56543988667388,3.932386075912791e-06,374.4925192070631,0
31.433333333333334,28.60477977921634,3.855352232672275e-06,374.2863025351511,0
31.45,28.64409801264431,3.7798357695405343e-06,374.08019902374735,0
31.466666666666665,28.683394598775976,3.70580660977451e-06,373.87420861777264,0
31.483333333333334,28.722669549424992,3.633235277135017e-06,373.66833126205063,0
31.5,28.761922876400487,3.5620928837948217e-06,373.4625669013089,0
31.516666666666666,28.801154591506997,3.4923511184926235e-06,373.2569154801824,0
31.533333333333335,28.840364706544456,3.4239822349279677e-06,373.0513769432144,0
31.55,28.87955323330816,3.3569590403920973e-06,372.84595123485997,0
31.566666666666666,28.918720183588736,3.2912548846299003e-06,372.64063829948714,0
31.583333333333332,28.95786556917209,3.2268436489282292e-06,372.43543808137946,0
31.6,28.996989401839414,3.163699735425856e-06,372.23035052473807,0
31.616666666666667,29.03609169336712,3.1017980566405554e-06,372.0253755736837,0
31.633333333333333,29.075172455526843,3.041114025208936e-06,371.8205131722582,0
31.65,29.11423170008539,2.981623543834416e-06,371.61576326442747,0
31.666666666666668,29.153269438804738,2.9233029954393776e-06,371.4111257940824,0
31.683333333333334,29.192285683441973,2.8661292335169785e-06,371.2066007050414,0
31.7,29.231280445749274,2.810079572678849e-06,371.00218794105206,0
31.716666666666665,29.27025373747392,2.7551317793943276e-06,370.797887445793,0
31.733333333333334,29.309205570358216,2.701264062917657e-06,370.5936991628757,0
31.75,29.348135956139508,2.648455066398881e-06,370.3896230358459,0
31.766666666666666,29.38704490655012,2.596683858175084e-06,370.1856590081859,0
31.783333333333335,29.425932433317374,2.545929923237982e-06,369.98180702331604,0
31.8,29.46479854816353,2.496173154874377e-06,369.7780670245963,0
31.816666666666666,29.503643262805774,2.447393846475896e-06,369.5744389553278,0
31.833333333333332,29.542466588956213,2.399572683514584e-06,369.37092275875517,0
31.85,29.581268538321844,2.3526907356809475e-06,369.16751837806675,0
31.866666666666667,29.6200491226045,2.3067294491810214e-06,368.9642257563975,0
31.883333333333333,29.658808353500874,2.261670639189403e-06,368.76104483683014,0
31.9,29.697546242702487,2.2174964824548644e-06,368.5579755623959,0
31.916666666666668,29.73626280189565,2.1741895100555867e-06,368.35501787607706,0
31.933333333333334,29.774958042761465,2.131732600300782e-06,368.1521717208079,0
31.95,29.813631976975792,2.090108971775894e-06,367.9494370394761,0
31.966666666666665,29.852284616209236,2.0493021765283384e-06,367.74681377492425,0
31.983333333333334,29.89091597212713,2.0092960933908562e-06,367.54430186995114,0
32.0,29.929526056389502,1.970074921439887e-06,367.34190126731323,0
32.016666666666666,29.968114880651093,1.9316231735859392e-06,367.1396119097259,0
32.03333333333333,30.00668245656131,1.8939256702934007e-06,366.93743373986484,0
32.05,30.0452287957642,1.8569675334272047e-06,366.73536670036697,0
32.06666666666667,30.083753909898455,1.8207341802236367e-06,366.5334107338324,0
32.083333333333336,30.1222578105974,1.7852113173828171e-06,366.3315657828247,0
32.1,30.160740509488974,1.7503849352803356e-06,366.1298317898734,0
32.11666666666667,30.199202018195678,1.7162413022957226e-06,365.9282086974737,0
32.13333333333333,30.237642348334614,1.682766959255219e-06,365.7266964480888,0
32.15,30.27606151151744,1.6499487139865995e-06,365.52529498415066,0
32.166666666666664,30.31445951935037,1.617773635983795e-06,365.32400424806093,0
32.18333333333333,30.35283638343413,1.5862290511790056e-06,365.1228241821923,0
32.2,30.39119211536399,1.5553025368201816e-06,364.9217547288894,0
32.21666666666667,30.429526726729705,1.5249819164516484e-06,364.72079583047025,0
32.233333333333334,30.467840229115534,1.4952552549958884e-06,364.5199474292268,0
32.25,30.506132634100222,1.4661108539343274e-06,364.3192094674266,0
32.266666666666666,30.544403953256968,1.4375372465851342e-06,364.1185818873128,0
32.28333333333333,30.582654198153435,1.4095231934760717e-06,363.9180646311065,0
32.3,30.620883380351724,1.3820576778105233e-06,363.7176576410065,0
32.31666666666667,30.65909151140837,1.355129901024638e-06,363.51736085919083,0
32.333333333333336,30.697278602874317,1.3287292784339544e-06,363.3171742278178,0
32.35,30.735444666294946,1.3028454349675237e-06,363.11709768902676,0
32.36666666666667,30.773589713210004,1.2774682009878055e-06,362.9171311849389,0
32.38333333333333,30.811713755153647,1.2525876081946465e-06,362.71727465765815,0
32.4,30.849816803654402,1.228193885611537e-06,362.5175280492724,0
32.416666666666664,30.887898870235148,1.2042774556525803e-06,362.317891301854,0
32.43333333333333,30.925959966413135,1.1808289302684517e-06,362.1183643574608,0
32.45,30.964000103699966,1.157839107169769e-06,361.9189471581367,0
32.46666666666667,31.002019293601567,1.1352989661263439e-06,361.71963964591293,0
32.483333333333334,31.040017547618206,1.113199665340756e-06,361.5204417628084,0
32.5,31.077994877244453,1.0915325378946898e-06,361.32135345083094,0
32.516666666666666,31.115951293969204,1.0702890882666345e-06,361.12237465197745,0
32.53333333333333,31.153886809275647,1.0494609889194712e-06,360.92350530823535,0
32.55,31.191801434641274,1.0290400769565074e-06,360.7247453615829,0
32.56666666666667,31.229695181537846,1.00901835084464e-06,360.52609475399004,0
32.583333333333336,31.267568061431426,9.89387967203191e-07,360.32755342741916,0
32.6,31.305420085782327,9.70141237657183e-07,360.1291213238255,0
32.61666666666667,31.343251266045133,9.512706257536905e-07,359.9307983851583,0
32.63333333333333,31.38106161366868,9.32768743939999e-07,359.7325845533613,0
32.65,31.418851140096056,9.146283506023444e-07,359.53447977037325,0
32.666666666666664,31.456619856764593,8.968423471639876e-07,359.336483978129,0
32.68333333333333,31.494367775105836,8.794037752414444e-07,359.1385971185595,0
32.7,31.532094906545584,8.623058138576498e-07,358.9408191335928,0
32.71666666666667,31.56980126250386,8.45541776710968e-07,358.7431499651549,0
32.733333333333334,31.607486854394878,8.291051094988741e-07,358.5455895551698,0
32.75,31.645151693627074,8.129893872952225e-07,358.34813784556064,0
32.766666666666666,31.682795791603095,7.97188311980026e-07,358.1507947782501,0
32.78333333333333,31.72041915971978,7.816957097206447e-07,357.9535602951606,0
32.8,31.758021809368145,7.665055285034155e-07,357.7564343382157,0
32.81666666666667,31.79560375193343,7.51611835714641e-07,357.55941684933975,0
32.833333333333336,31.833164998795016,7.370088157699644e-07,357.3625077704589,0
32.85,31.8707055613265,7.226907677911756e-07,357.16570704350164,0
32.86666666666667,31.908225450895618,7.086521033294658e-07,356.9690146103994,0
32.88333333333333,31.945724678864288,6.948873441341749e-07,356.7724304130867,0
32.9,31.98320325658859,6.81391119966189e-07,356.5759543935022,0
32.916666666666664,32.02066119541877,6.681581664549836e-07,356.37958649358836,0
32.93333333333333,32.058098506699196,6.551833229985464e-07,356.18332665529306,0
32.95,32.095515201768436,6.424615307052008e-07,355.9871748205692,0
32.96666666666667,32.13291129195917,6.299878303765838e-07,355.7911309313754,0
32.983333333333334,32.17028678859822,6.177573605308942e-07,355.59519492967655,0
33.0,32.20764170300656,6.057653554656065e-07,355.39936675744434,0
33.016666666666666,32.24497604649928,5.940071433588857e-07,355.2036463566576,0
33.03333333333333,32.28228983038565,5.824781444088665e-07,355.00803366930234,0
33.05,32.319583065969,5.711738690101237e-07,354.81252863737313,0
33.06666666666667,32.35685576454683,5.600899159664608e-07,354.6171312028728,0
33.083333333333336,32.39410793741073,5.492219707394297e-07,354.4218413078128,0
33.1,32.431339595846445,5.385658037317468e-07,354.22665889421404,0
33.11666666666667,32.4685507511338,5.281172686049557e-07,354.0315839041069,0
33.13333333333333,32.50574141454677,5.178723006306454e-07,353.836616279532,0
33.15,32.5429115973534,5.07826915074543e-07,353.6417559625402,0
33.166666666666664,32.580061310815886,4.979772056128197e-07,353.44700289519324,0
33.18333333333333,32.61719056619048,4.883193427799588e-07,353.2523570195643,0
33.2,32.65429937472757,4.788495724475726e-07,353.05781827773734,0
33.21666666666667,32.691387747671634,4.6956421433350844e-07,352.86338661180906,0
33.233333333333334,32.728455696261264,4.6045966054068153e-07,352.669061963888,0
33.25,32.765503231729106,4.515323741249949e-07,352.4748442760951,0
33.266666666666666,32.80253036530195,4.42778887691801e-07,352.28073349056467,0
33.28333333333333,32.839537108200645,4.3419580202028234e-07,352.0867295494439,0
33.3,32.87652347164016,4.2577978471526215e-07,351.8928323948938,0
33.31666666666667,32.91348946682953,4.1752756888582375e-07,351.69904196908897,0
33.333333333333336,32.95043510497189,4.0943595185024015e-07,351.5053582142186,0
33.35,32.987360397264425,4.0150179386668033e-07,351.31178107248616,0
33.36666666666667,33.02426535489846,3.937220168891676e-07,351.11831048611003,0
33.38333333333333,33.06114998905937,3.860936033482948e-07,350.9249463973235,0
33.4,33.09801431092663,3.786135949561868e-07,350.7316887483755,0
33.416666666666664,33.13485833167377,3.712790915352309e-07,350.5385374815305,0
33.43333333333333,33.17168206246841,3.640872498701078e-07,350.3454925390691,0
33.45,33.208485514472265,3.570352825826355e-07,350.15255386328795,0
33.46666666666667,33.245268698841116,3.5012045702899445e-07,349.95972139650047,0
33.483333333333334,33.28203162672481,3.433400942188599e-07,349.7669950810363,0
33.5,33.3187743092673,3.366915677560291e-07,349.57437485924277,0
33.516666666666666,33.35549675760658,3.301723028000855e-07,349.38186067348414,0
33.53333333333333,33.392198982874746,3.237797750486977e-07,349.18945246614214,0
33.55,33.42888099619795,3.175115097401417e-07,348.9971501796164,0
33.56666666666667,33.46554280869642,3.1136508067562954e-07,348.8049537563249,0
33.583333333333336,33.50218443148447,3.053381092610505e-07,348.61286313870323,0
33.6,33.53880587567047,2.994282635677483e-07,348.4208782692057,0
33.61666666666667,33.575407152356895,2.9363325741193745e-07,348.2289990903054,0
33.63333333333333,33.61198827264025,2.879508494523998e-07,348.03722554449445,0
33.65,33.64854924761114,2.8237884230608525e-07,347.845557574284,0
33.666666666666664,33.68509008835424,2.76915081681263e-07,347.65399512220455,0
33.68333333333333,33.72161080594828,2.715574555278803e-07,347.46253813080614,0
33.7,33.75811141146609,2.663038932047661e-07,347.2711865426587,0
33.71666666666667,33.79459191597454,2.611523646633646e-07,347.079940300352,0
33.733333333333334,33.831052330534625,2.561008796476496e-07,346.888799346496,0
33.75,33.86749266620135,2.511474869099141e-07,346.6977636237212,0
33.766666666666666,33.90391293402383,2.4629027344209805e-07,346.5068330746783,0
33.78333333333333,33.940313145045245,2.41527363722367e-07,346.31600764203915,0
33.8,33.97669331030285,2.3685691897661568e-07,346.1252872684963,0
33.81666666666667,34.01305344082797,2.3227713645461465e-07,345.9346718967634,0
33.833333333333336,34.04939354764601,2.2778624872049578e-07,345.7441614695755,0
33.85,34.08571364177646,2.2338252295730332e-07,345.553755929689,0
33.86666666666667,34.12201373423285,2.190642602853127e-07,345.36345521988176,0
33.88333333333333,34.158293836022835,2.1482979509386472e-07,345.17325928295384,0
33.9,34.19455395814811,2.1067749438641979e-07,344.983168061727,0
33.916666666666664,34.23079411160447,2.0660575713859482e-07,344.79318149904503,0
33.93333333333333,34.267014307381785,2.026130136689029e-07,344.60329953777415,0
33.95,34.303214556463985,1.986977250219514e-07,344.4135221208028,0
33.96666666666667,34.33939486982911,1.948583823638553e-07,344.22384919104223,0
33.983333333333334,34.37555525844925,1.9109350638961087e-07,344.0342806914261,0
34.0,34.41169573329061,1.8740164674219972e-07,343.8448165649113,0
34.016666666666666,34.447816305313445,1.8378138144318575e-07,343.6554567544775,0
34.03333333333333,34.48391698547213,1.8023131633457942e-07,343.4662012031274,0
34.05,34.5199977847151,1.7675008453174127e-07,343.27704985388715,0
34.06666666666667,34.55605871398488,1.7333634588710692e-07,343.0880026498062,0
34.083333333333336,34.59209978421808,1.6998878646451667e-07,342.89905953395765,0
34.1,34.62812100634542,1.6670611802394095e-07,342.7102204494382,0
34.11666666666667,34.66412239129166,1.6348707751639425e-07,342.52148533936816,0
34.13333333333333,34.70010394997573,1.6033042658883035e-07,342.3328541468921,0
34.15,34.73606569331057,1.5723495109882926e-07,342.14432681517826,0
34.166666666666664,34.77200763220326,1.5419946063886887e-07,341.9559032874193,0
34.18333333333333,34.80792977755499,1.51222788070003e-07,341.7675835068321,0
34.2,34.843832140261,1.4830378906474884e-07,341.57936741665765,0
34.21666666666667,34.87971473121067,1.4544134165901226e-07,341.39125496016163,0
34.233333333333334,34.915577561287435,1.4263434581285237e-07,341.20324608063436,0
34.25,34.951420641368884,1.3988172297993428e-07,341.01534072139077,0
34.266666666666666,34.98724398232666,1.371824156854729e-07,340.8275388257706,0
34.28333333333333,35.02304759502654,1.3453538711251923e-07,340.6398403371385,0
34.3,35.058831490328394,1.319396206964092e-07,340.45224519888404,0
34.31666666666667,35.094595679086204,1.293941197272205e-07,340.26475335442206,0
34.333333333333336,35.13034017214806,1.2689790696007628e-07,340.07736474719246,0
34.35,35.16606498035616,1.2445002423313858e-07,339.8900793206604,0
34.36666666666667,35.20177011454683,1.2204953209314348e-07,339.7028970183166,0
34.38333333333333,35.23745558555048,1.1969550942831683e-07,339.515817783677,0
34.4,35.273121404191656,1.173870531085416e-07,339.3288415602833,0
34.416666666666664,35.30876758128902,1.1512327763261719e-07,339.14196829170265,0
34.43333333333333,35.34439412765534,1.1290331478247633e-07,338.9551979215282,0
34.45,35.38000105409753,1.1072631328422429e-07,338.7685303933786,0
34.46666666666667,35.415588371416604,1.0859143847585722e-07,338.5819656508986,0
34.483333333333334,35.451156090407714,1.0649787198153728e-07,338.39550363775885,0
34.5,35.486704221860144,1.0444481139228382e-07,338.20914429765594,0
34.516666666666666,35.522232776557274,1.0243146995296187e-07,338.0228875743126,0
34.53333333333333,35.55774176527666,1.0045707625543801e-07,337.83673341147795,0
34.55,35.59323119878996,9.852087393778428e-08,337.6506817529272,0
34.56666666666667,35.62870108786296,9.662212138940903e-08,337.46473254246183,0
34.583333333333336,35.66415144325562,9.476009146199424e-08,337.27888572391004,0
34.6,35.699582275721994,9.293407118613165e-08,337.093141241126,0
34.61666666666667,35.73499359601032,9.114336149353682e-08,336.9074990379908,0
34.63333333333333,35.77038541486294,8.938727694473795e-08,336.72195905841204,0
34.65,35.80575774301637,8.766514546212002e-08,336.53652124632396,0
34.666666666666664,35.84111059120125,8.597630806823452e-08,336.35118554568743,0
34.68333333333333,35.87644397014238,8.432011862925378e-08,336.16595190049026,0
34.7,35.911757890558725,8.269594360347854e-08,335.9808202547469,0
34.71666666666667,35.94705236316338,8.110316179479677e-08,335.795790552499,0
34.733333333333334,35.982327398663614,7.954116411099118e-08,335.6108627378149,0
34.75,36.01758300776083,7.800935332680584e-08,335.42603675479,0
34.766666666666666,36.052819201150605,7.65071438516742e-08,335.2413125475469,0
34.78333333333333,36.088035989522695,7.503396150201484e-08,335.05669006023504,0
34.8,36.123233383561,7.358924327800945e-08,334.87216923703124,0
34.81666666666667,36.15841139394358,7.217243714476834e-08,334.68775002213954,0
34.833333333333336,36.19357003134268,7.078300181780264e-08,334.5034323597911,0
34.85,36.22870930642472,6.942040655271299e-08,334.3192161942445,0
34.86666666666667,36.26382922985027,6.80841309390144e-08,334.13510146978575,0
34.88333333333333,36.298929812274125,6.677366469801399e-08,333.9510881307281,0
34.9,36.334011064345184,6.548850748466369e-08,333.76717612141226,0
34.916666666666664,36.36907299670659,6.422816869330476e-08,333.58336538620654,0
34.93333333333333,36.40411561999565,6.299216726723341e-08,333.3996558695066,0
34.95,36.43913894484385,6.178003151200546e-08,333.21604751573585,0
34.96666666666667,36.474142981876845,6.059129891241211e-08,333.03254026934525,0
34.983333333333334,36.50912774171452,5.942551595304991e-08,332.84913407481343,0
35.0,36.54409323497095,5.82822379424165e-08,332.6658288766466,0
35.016666666666666,36.57903947225437,5.716102884046047e-08,332.4826246193787,0
35.03333333333333,36.61396646416724,5.60614610895193e-08,332.29952124757176,0
35.05,36.648874221306215,5.4983115448576695e-08,332.11651870581517,0
35.06666666666667,36.68376275426215,5.3925580830775415e-08,331.9336169387263,0
35.083333333333336,36.71863207362009,5.2888454144117973e-08,331.75081589095043,0
35.1,36.75348218995933,5.187134013529784e-08,331.56811550716066,0
35.11666666666667,36.78831311385334,5.0873851236593036e-08,331.3855157320581,0
35.13333333333333,36.82312485586981,4.989560741576766e-08,331.2030165103717,0
35.15,36.85791742657064,4.89362360289172e-08,331.0206177868587,0
35.166666666666664,36.89269083651196,4.799537167620109e-08,330.83831950630383,0
35.18333333333333,36.92744509624411,4.707265606040873e-08,330.6561216135203,0
35.2,36.96218021631165,4.6167737848296316e-08,330.4740240533492,0
35.21666666666667,36.9968962072534,4.528027253464726e-08,330.29202677065973,0
35.233333333333334,37.03159307960237,4.440992230899668e-08,330.1101297103493,0
35.25,37.066270843885796,4.3556355924971645e-08,329.92833281734323,0
35.266666666666666,37.100929510625164,4.271924857219121e-08,329.7466360365955,0
35.28333333333333,37.13556909033621,4.189828175068116e-08,329.56503931308765,0
35.3,37.170189593528875,4.109314314774865e-08,329.3835425918299,0
35.31666666666667,37.20479103070739,4.03035265172717e-08,329.20214581786047,0
35.333333333333336,37.23937341237016,3.952913156135499e-08,329.02084893624584,0
35.35,37.27393674900991,3.876966381430443e-08,328.83965189208106,0
35.36666666666667,37.30848105111355,3.8024834528876346e-08,328.6585546304892,0
35.38333333333333,37.34300632916229,3.7294360564755266e-08,328.47755709662164,0
35.4,37.37751259363158,3.6577964279216656e-08,328.2966592356582,0
35.416666666666664,37.411999854991095,3.587537341993243e-08,328.11586099280714,0
35.43333333333333,37.44646812370481,3.518632101987574e-08,327.93516231330483,0
35.45,37.480917410230965,3.451054529428486e-08,327.75456314241626,0
35.46666666666667,37.51534772502203,3.384778953964445e-08,327.57406342543476,0
35.483333333333334,37.54975907852477,3.319780203464566e-08,327.393663107682,0
35.5,37.58415148118021,3.2560335943085126e-08,327.21336213450826,0
35.516666666666666,37.61852494342366,3.1935149218665816e-08,327.0331604512921,0
35.53333333333333,37.652879475684685,3.1322004511661054e-08,326.8530580034405,0
35.55,37.68721508838715,3.072066907740583e-08,326.6730547363893,0
35.56666666666667,37.72153179194918,3.013091468657924e-08,326.4931505956024,0
35.583333333333336,37.75582959678321,2.955251753724285e-08,326.3133455265724,0
35.6,37.790108513295934,2.8985258168600374e-08,326.13363947482026,0
35.61666666666667,37.82436855188837,2.8428921376445424e-08,325.9540323858958,0
35.63333333333333,37.8586097229558,2.7883296130262104e-08,325.774524205377,0
35.65,37.8928320368878,2.7348175491949378e-08,325.59511487887073,0
35.666666666666664,37.92703550406827,2.6823356536133464e-08,325.41580435201206,0
35.68333333333333,37.96122013487538,2.6308640272040588e-08,325.2365925704649,0
35.7,37.99538593968163,2.580383156689625e-08,325.05747947992177,0
35.71666666666667,38.029532928853804,2.5308739070823344e-08,324.8784650261034,0
35.733333333333334,38.06366111275302,2.482317514320854e-08,324.6995491547596,0
35.75,38.09777050173468,2.434695578050858e-08,324.5207318116684,0
35.766666666666666,38.13186110614851,2.3879900545467365e-08,324.3420129426367,0
35.78333333333333,38.165932936338585,2.3421832497717558e-08,324.1633924934999,0
35.8,38.19998600264324,2.297257812573795e-08,323.9848704101221,0
35.81666666666667,38.234020315395206,2.253196728014096e-08,323.8064466383958,0
35.833333333333336,38.26803588492146,2.209983310826362e-08,323.6281211242423,0
35.85,38.302032721543384,2.167601199003724e-08,323.44989381361165,0
35.86666666666667,38.33601083557662,2.126034347510952e-08,323.2717646524823,0
35.88333333333333,38.36997023733122,2.0852670221195106e-08,323.09373358686156,0
35.9,38.40391093711151,2.045283793363087e-08,322.91580056278525,0
35.916666666666664,38.437832945216186,2.006069530611134e-08,322.73796552631796,0
35.93333333333333,38.47173627193829,1.9676093962582002e-08,322.56022842355276,0
35.95,38.50562092756519,1.9298888400267226e-08,322.3825892006117,0
35.96666666666667,38.53948692237861,1.8928935933810767e-08,322.2050478036451,0
35.983333333333334,38.57333426665464,1.8566096640506313e-08,322.0276041788322,0
36.0,38.60716297066372,1.821023330659892e-08,321.850258272381,0
36.016666666666666,38.6409730446302,1.7861211374632553e-08,321.6730100334919,0
36.03333333333333,38.674764498854415,1.7518898892218863e-08,321.49585940541056,0
36.05,38.70853734358989,1.7183166460277428e-08,321.3188063344317,0
36.06666666666667,38.74229158908447,1.6853887184480458e-08,321.14185076687903,0
36.083333333333336,38.776027245580416,1.65309366263038e-08,320.9649926491047,0
36.1,38.80974432331431,1.6214192755289972e-08,320.7882319274895,0
36.11666666666667,38.843442832517155,1.5903535902265516e-08,320.6115685484431,0
36.13333333333333,38.87712278341431,1.559884871347288e-08,320.43500245840346,0
36.15,38.9107841862255,1.5300016105598228e-08,320.25853360383746,0
36.166666666666664,38.94442705116486,1.500692522167637e-08,320.0821619312408,0
36.18333333333333,38.978051388440896,1.47194653878557e-08,319.9058873871375,0
36.2,39.01165720825652,1.4437528071006408e-08,319.72970991808035,0
36.21666666666667,39.045244520809014,1.4161006837155334e-08,319.5536294706508,0
36.233333333333334,39.078813336290054,1.388979731073114e-08,319.3776459914589,0
36.25,39.11236366488574,1.36237971346041e-08,319.20175942714354,0
36.266666666666666,39.145895516776555,1.3362905930905183e-08,319.025969724372,0
36.28333333333333,39.179408902137375,1.3107025262608082e-08,318.8502768298404,0
36.3,39.21290383113751,1.285605859586123e-08,318.6746806902734,0
36.31666666666667,39.24638031394067,1.2609911263052663e-08,318.4991812524244,0
36.333333333333336,39.27983836070495,1.2368490426595532e-08,318.3237784630753,0
36.35,39.31327798158289,1.2131705043418892e-08,318.1484722690367,0
36.36666666666667,39.34669918672145,1.1899465830150455e-08,317.97326261714784,0
36.38333333333333,39.380101986261984,1.1671685228977589e-08,317.79814945427665,0
36.4,39.4134863903403,1.1448277374173224e-08,317.6231327273195,0
36.416666666666664,39.44685240908663,1.1229158059274148e-08,317.4482123832015,0
36.43333333333333,39.480200052625605,1.1014244704898177e-08,317.27338836887645,0
36.45,39.51352933107632,1.0803456327188157e-08,317.09866063132665,0
36.46666666666667,39.546840254552286,1.0596713506870769e-08,316.92402911756307,0
36.483333333333334,39.58013283316147,1.039393835891738e-08,316.7494937746251,0
36.5,39.61340707700628,1.0195054502795778e-08,316.57505454958084,0
36.516666666666666,39.646662996183544,9.999987033301022e-09,316.4007113895272,0
36.53333333333333,39.67990060078456,9.808662491954309e-09,316.2264642415893,0
36.55,39.713119900895066,9.62100883895802e-09,316.0523130529211,0
36.56666666666667,39.74632090659526,9.436955425697197e-09,315.8782577707049,0
36.583333333333336,39.77950362795979,9.256432967775777e-09,315.70429834215184,0
36.6,39.812668075057765,9.079373518577758e-09,315.5304347145015,0
36.61666666666667,39.84581425795276,8.905710443342488e-09,315.35666683502194,0
36.63333333333333,39.87894218670281,8.73537839374484e-09,315.18299465100966,0
36.65,39.912051871360404,8.568313282969294e-09,315.00941810979015,0
36.666666666666664,39.94514332197254,8.404452261269553e-09,314.83593715871694,0
36.68333333333333,39.97821654858064,8.243733692002908e-09,314.6625517451723,0
36.7,40.01127156122065,8.086097128131208e-09,314.48926181656714,0
36.71666666666667,40.044308369922966,7.931483289178592e-09,314.31606732034055,0
36.733333333333334,40.07732698471248,7.779834038637296e-09,314.14296820396044,0
36.75,40.110327415608545,7.631092361812898e-09,313.96996441492297,0
36.766666666666666,40.14330967262503,7.485202344100228e-09,313.797055900753,0
36.78333333333333,40.176273765770276,7.342109149681577e-09,313.62424260900366,0
36.8,40.20921970504715,7.201759000639101e-09,313.45152448725696,0
36.81666666666667,40.24214750045298,7.0640991564731835e-09,313.2789014831228,0
36.833333333333336,40.27505716197959,6.929077894018808e-09,313.10637354423994,0
36.85,40.30794869961335,6.7966444877522895e-09,312.93394061827547,0
36.86666666666667,40.34082212333509,6.666749190480839e-09,312.7616026529248,0
36.88333333333333,40.37367744312018,6.539343214407115e-09,312.589359595912,0
36.9,40.40651466893848,6.414378712561767e-09,312.4172113949893,0
36.916666666666664,40.43933381075438,6.291808760596729e-09,312.24515799793755,0
36.93333333333333,40.472134878526774,6.1715873389322926e-09,312.07319935256595,0
36.95,40.504917882209085,6.053669315250659e-09,311.9013354067122,0
36.96666666666667,40.537682831749265,5.938010427329893e-09,311.72956610824195,0
36.983333333333334,40.57042973708978,5.824567266210979e-09,311.55789140504976,0
37.0,40.60315860816763,5.713297259691978e-09,311.38631124505827,0
37.016666666666666,40.635869454914356,5.60415865614244e-09,311.2148255762186,0
37.03333333333333,40.66856228725601,5.497110508632342e-09,311.0434343465099,0
37.05,40.7012371151132,5.392112659369024e-09,310.8721375039401,0
37.06666666666667,40.73389394840109,5.289125724436272e-09,310.70093499654524,0
37.083333333333336,40.76653279702934,5.188111078829648e-09,310.52982677238964,0
37.1,40.7991536709022,5.089030841782314e-09,310.35881277956616,0
37.11666666666667,40.83175657991846,4.991847862375548e-09,310.18789296619553,0
37.13333333333333,40.864341533971455,4.896525705428684e-09,310.0170672804271,0
37.15,40.89690854294907,4.8030286376627485e-09,309.84633567043835,0
37.166666666666664,40.92945761673378,4.711321614132566e-09,309.6756980844351,0
37.18333333333333,40.96198876520257,4.621370264922206e-09,309.5051544706514,0
37.2,40.99450199822704,4.533140882098432e-09,309.3347047773496,0
37.21666666666667,41.026997325673314,4.446600406917313e-09,309.1643489528201,0
37.233333333333334,41.05947475740213,4.36171641727899e-09,308.99408694538175,0
37.25,41.09193430326875,4.278457115425704e-09,308.82391870338154,0
37.266666666666666,41.124375973123065,4.19679131587855e-09,308.6538441751945,0
37.28333333333333,41.15679977680949,4.116688433607979e-09,308.4838633092239,0
37.3,41.18920572416709,4.0381184724338645e-09,308.3139760539015,0
37.31666666666667,41.22159382502944,3.9610520136504206e-09,308.1441823576869,0
37.333333333333336,41.25396408922474,3.885460204871614e-09,307.9744821690678,0
37.35,41.28631652657579,3.811314749092877e-09,307.80487543656034,0
37.36666666666667,41.31865114689995,3.738587893964893e-09,307.6353621087085,0
37.38333333333333,41.350967960009235,3.667252421275262e-09,307.46594213408457,0
37.4,41.38326697571019,3.5972816366339176e-09,307.2966154612889,0
37.416666666666664,41.41554820380401,3.528649359358703e-09,307.12738203895,0
37.43333333333333,41.447811654086465,3.461329912556707e-09,306.95824181572425,0
37.45,41.48005733634795,3.3952981133979534e-09,306.78919474029635,0
37.46666666666667,41.512285260373474,3.3305292635774475e-09,306.62024076137897,0
37.483333333333334,41.54449543594266,3.2669991399620823e-09,306.4513798277127,0
37.5,41.57668787282972,3.204683985418736e-09,306.28261188806636,0
37.516666666666666,41.608862580803546,3.1435604998199836e-09,306.1139368912368,0
37.53333333333333,41.64101956962758,3.083605831224104e-09,305.9453547860486,0
37.55,41.67315884905994,3.0247975672259144e-09,305.7768655213548,0
37.56666666666667,41.70528042885335,2.967113726474988e-09,305.608469046036,0
37.583333333333336,41.73738431875517,2.9105327503582837e-09,305.44016530900103,0
37.6,41.769470528507405,2.855033494843802e-09,305.2719542591866,0
37.61666666666667,41.80153906784669,2.8005952224820334e-09,305.1038358455574,0
37.63333333333333,41.83358994650429,2.7471975945624896e-09,304.935810017106,0
37.65,41.86562317420613,2.694820663421846e-09,304.767876722853,0
37.666666666666664,41.897638760672756,2.643444864901182e-09,304.6000359118469,0
37.68333333333333,41.92963671561939,2.5930510109490934e-09,304.4322875331638,0
37.7,41.9616170487559,2.5436202823680543e-09,304.2646315359083,0
37.71666666666667,41.99357976978679,2.4951342217010965e-09,304.09706786921237,0
37.733333333333334,42.025524888411255,2.447574726256206e-09,303.9295964822359,0
37.75,42.05745241432312,2.400924041265631e-09,303.76221732416695,0
37.766666666666666,42.089362357210895,2.355164753177671e-09,303.5949303442211,0
37.78333333333333,42.12125472675773,2.310279783078119e-09,303.4277354916419,0
37.8,42.15312953264148,2.2662523802390647e-09,303.2606327157007,0
37.81666666666667,42.184986784534615,2.2230661157924804e-09,303.0936219656966,0
37.833333333333336,42.21682649210436,2.1807048765261396e-09,302.9267031909565,0
37.85,42.24864866501255,2.139152858799601e-09,302.75987634083515,0
37.86666666666667,42.280453312915746,2.098394562577816e-09,302.59314136471505,0
37.88333333333333,42.31224044546514,2.058414785580113e-09,302.4264982120064,0
37.9,42.34401007230668,2.0191986175423946e-09,302.25994683214714,0
37.916666666666664,42.375762203080946,1.98073143459019e-09,302.0934871746029,0
37.93333333333333,42.40749684742323,1.942998893720584e-09,301.92711918886704,0
37.95,42.43921401496353,1.9059869273907706e-09,301.7608428244608,0
37.96666666666667,42.47091371532653,1.8696817382112728e-09,301.5946580309328,0
37.983333333333334,42.502595958131614,1.8340697937416948e-09,301.42856475785965,0
38.0,42.53426075299288,1.799137821387133e-09,301.26256295484535,0
38.016666666666666,42.56590810951912,1.7648728033931213e-09,301.09665257152164,0
38.03333333333333,42.59753803731385,1.7312619719374737e-09,300.9308335575479,0
38.05,42.629150545975286,1.6982928043167779e-09,300.76510586261116,0
38.06666666666667,42.66074564509635,1.6659530182260825e-09,300.59946943642603,0
38.083333333333336,42.69232334426472,1.6342305671296666e-09,300.4339242287346,0
38.1,42.723883653062764,1.6031136357213147e-09,300.2684701893068,0
38.11666666666667,42.75542658106756,1.572590635472281e-09,300.10310726793983,0
38.13333333333333,42.78695213785097,1.5426502002652498e-09,299.9378354144586,0
38.15,42.818460332979534,1.5132811821126431e-09,299.7726545787158,0
38.166666666666664,42.84995117601456,1.4844726469576324e-09,299.6075647105911,0
38.18333333333333,42.88142467651204,1.4562138705562365e-09,299.442565759992,0
38.2,42.912880844022766,1.428494334438953e-09,299.27765767685355,0
38.21666666666667,42.94431968809223,1.4013037219503851e-09,299.1128404111381,0
38.233333333333334,42.975741218260694,1.3746319143653405e-09,298.94811391283577,0
38.25,43.00714544406314,1.3484689870799123e-09,298.78347813196376,0
38.266666666666666,43.03853237502933,1.3228052058760853e-09,298.618933018567,0
38.28333333333333,43.06990202068375,1.2976310232584983e-09,298.45447852271764,0
38.3,43.101254390545655,1.2729370748618969e-09,298.29011459451544,0
38.31666666666667,43.13258949412908,1.248714175927924e-09,298.1258411840874,0
38.333333333333336,43.163907340942785,1.2249533178499335e-09,297.96165824158805,0
38.35,43.19520794049031,1.2016456647844933e-09,297.7975657171992,0
38.36666666666667,43.22649130226996,1.1787825503282537e-09,297.6335635611301,0
38.38333333333333,43.257757435774835,1.1563554742589725e-09,297.46965172361723,0
38.4,43.289006350492755,1.1343560993394109e-09,297.30583015492454,0
38.416666666666664,43.320238055906366,1.11277624818292e-09,297.1420988053431,0
38.43333333333333,43.351452561493076,1.091607900179463e-09,296.9784576251915,0
38.45,43.382649876725054,1.0708431884809822e-09,296.8149065648156,0
38.46666666666667,43.41383001106929,1.0504743970448898e-09,296.6514455745884,0
38.483333333333334,43.44499297398753,1.0304939577346183e-09,296.48807460491037,0
38.5,43.47613877493634,1.010894447476049e-09,296.324793606209,0
38.516666666666666,43.507267423367026,9.916685854688401e-10,296.16160252893917,0
38.53333333333333,43.53837892872575,9.728092304515093e-10,295.99850132358296,0
38.55,43.56947330045345,9.54309378019246e-10,295.83548994064955,0
38.56666666666667,43.60055054798587,9.361621579934692e-10,295.6725683306756,0
38.583333333333336,43.63161068075353,9.18360831842081e-10,295.5097364442245,0
38.6,43.6626537081818,9.008987901494727e-10,295.3469942318872,0
38.61666666666667,43.69367963969083,8.837695501353113e-10,295.18434164428163,0
38.63333333333333,43.72468848469558,8.669667532211533e-10,295.02177863205304,0
38.65,43.755680252605856,8.504841626439312e-10,294.8593051458736,0
38.666666666666664,43.78665495282626,8.343156611155211e-10,294.69692113644254,0
38.68333333333333,43.81761259475621,8.184552485273399e-10,294.5346265544864,0
38.7,43.848553187789975,8.028970396992099e-10,294.3724213507589,0
38.71666666666667,43.87947674131663,7.8763526217162e-10,294.2103054760404,0
38.733333333333334,43.91038326472007,7.726642540405139e-10,294.04827888113863,0
38.75,43.941272767379054,7.579784618337935e-10,293.8863415168882,0
38.766666666666666,43.97214525866714,7.435724384287621e-10,293.72449333415096,0
38.78333333333333,44.00300074795277,7.294408410096506e-10,293.5627342838157,0
38.8,44.033839244599186,7.155784290645395e-10,293.4010643167981,0
38.81666666666667,44.06466075796449,7.019800624208281e-10,293.23948338404097,0
38.833333333333336,44.09546529740163,6.886406993185585e-10,293.0779914365139,0
38.85,44.12625287225841,6.755553945208523e-10,292.91658842521366,0
38.86666666666667,44.15702349187748,6.627192974607432e-10,292.7552743011638,0
38.88333333333333,44.187777165596344,6.501276504236831e-10,292.59404901541484,0
38.9,44.21851390274737,6.377757867650732e-10,292.43291251904435,0
38.916666666666664,44.249233712657784,6.256591291620862e-10,292.2718647631566,0
38.93333333333333,44.27993660464966,6.137731878991764e-10,292.1109056988828,0
38.95,44.31062258803997,6.021135591865845e-10,291.9500352773812,0
38.96666666666667,44.341291672140535,5.90675923511233e-10,291.7892534498366,0
38.983333333333334,44.37194386625806,5.794560440193251e-10,291.6285601674611,0
39.0,44.4025791796941,5.68449764930143e-10,291.4679553814931,0
39.016666666666666,44.43319762174512,5.57653009980318e-10,291.3074390431981,0
39.03333333333333,44.46379920170245,5.470617808980812e-10,291.14701110386864,0
39.05,44.49438392885231,5.36672155906861e-10,290.98667151482357,0
39.06666666666667,44.5249518124758,5.264802882576903e-10,290.8264202274087,0
39.083333333333336,44.55550286184889,5.164824047898392e-10,290.6662571929967,0
39.1,44.58603708624249,5.066748045191604e-10,290.506182362987,0
39.11666666666667,44.616554494922376,4.970538572535901e-10,290.3461956888056,0
39.13333333333333,44.64705509714922,4.876160022352813e-10,290.18629712190534,0
39.15,44.677538902178576,4.783577468088696e-10,290.02648661376566,0
39.166666666666664,44.70800591926095,4.692756651153554e-10,289.86676411589286,0
39.18333333333333,44.738456157641714,4.60366396811098e-10,289.70712957981976,0
39.2,44.76888962656117,4.5162664581147004e-10,289.5475829571059,0
39.21666666666667,44.79930633525452,4.4305317905866467e-10,289.38812419933754,0
39.233333333333334,44.82970629295188,4.346428253132025e-10,289.2287532581273,0
39.25,44.86008950887829,4.2639247396867496e-10,289.0694700851148,0
39.266666666666666,44.890455992253706,4.1829907388928923e-10,288.91027463196605,0
39.28333333333333,44.92080575229301,4.1035963226975783e-10,288.75116685037364,0
39.3,44.95113879820602,4.025712135171142e-10,288.59214669205693,0
39.31666666666667,44.98145513919744,3.9493093815402544e-10,288.43321410876155,0
39.333333333333336,45.011754784466966,3.874359817431919e-10,288.27436905225983,0
39.35,45.04203774320918,3.800835738324127e-10,288.1156114743507,0
39.36666666666667,45.07230402461361,3.7287099691994634e-10,287.9569413268596,0
39.38333333333333,45.10255363786475,3.6579558543975005e-10,287.7983585616382,0
39.4,45.132786592142004,3.58854724766221e-10,287.63986313056506,0
39.416666666666664,45.16300289661974,3.5204585023807133e-10,287.4814549855449,0
39.43333333333333,45.19320256046726,3.4536644620095624e-10,287.3231340785091,0
39.45,45.22338559284884,3.3881404506850505e-10,287.16490036141556,0
39.46666666666667,45.25355200292369,3.323862264013954e-10,287.0067537862484,0
39.483333333333334,45.28370179984598,3.260806160041168e-10,286.84869430501817,0
39.5,45.313834992764825,3.198948850390929e-10,286.69072186976194,0
39.516666666666666,45.343951590824325,3.138267491578194e-10,286.5328364325433,0
39.53333333333333,45.37405160316354,3.078739676487037e-10,286.3750379454518,0
39.55,45.40413503891649,3.0203434260125745e-10,286.2173263606038,0
39.56666666666667,45.43420190721218,2.963057180863596e-10,286.05970163014183,0
39.583333333333336,45.46425221717455,2.9068597935225486e-10,285.90216370623466,0
39.6,45.49428597792255,2.85173052035999e-10,285.7447125410775,0
39.61666666666667,45.52430319857011,2.797649013900431e-10,285.5873480868918,0
39.63333333333333,45.55430388822612,2.744595315236799e-10,285.4300702959254,0
39.65,45.58428805599447,2.6925498465904406e-10,285.2728791204524,0
39.666666666666664,45.614255710974035,2.641493404014074e-10,285.1157745127731,0
39.68333333333333,45.64420686225867,2.5914071502348126e-10,284.958756425214,0
39.7,45.67414151893722,2.542272607634601e-10,284.80182481012804,0
39.71666666666667,45.704059690093544,2.494071651365429e-10,284.64497961989423,0
39.733333333333334,45.733961384806484,2.446786502596673e-10,284.4882208069178,0
39.75,45.76384661214988,2.4003997218921275e-10,284.3315483236302,0
39.766666666666666,45.79371538119257,2.354894202714077e-10,284.17496212248915,0
39.78333333333333,45.82356770099843,2.3102531650521055e-10,284.01846215597834,0
39.8,45.853403580626306,2.2664601491741976e-10,283.86204837660773,0
39.81666666666667,45.88322302913008,2.223499009497682e-10,283.70572073691335,0
39.833333333333336,45.91302605555864,2.1813539085778952e-10,283.54947918945754,0
39.85,45.94281266895588,2.1400093112121328e-10,283.3933236868287,0
39.86666666666667,45.97258287836074,2.0994499786567027e-10,283.237254181641,0
39.88333333333333,46.00233669280716,2.059660962955061e-10,283.08127062653506,0
39.9,46.03207412132412,2.0206276013746055e-10,282.92537297417744,0
39.916666666666664,46.061795172935604,1.9823355109503278e-10,282.7695611772608,0
39.93333333333333,46.091499856660654,1.9447705831330523e-10,282.6138351885038,0
39.95,46.121188181513325,1.9079189785403526e-10,282.45819496065116,0
39.96666666666667,46.15086015650272,1.8717671218082014e-10,282.3026404464734,0
39.983333333333334,46.180515790632974,1.836301696541285e-10,282.1471715987674,0
40.0,46.210155092903264,1.801509640360232e-10,281.99178837035583,0
40.016666666666666,46.23977807230782,1.7673781400437749e-10,281.83649071408735,0
40.03333333333333,46.26938473783592,1.7338946267641058e-10,281.68127858283634,0
40.05,46.29897509847187,1.7010467714135885e-10,281.52615192950367,0
40.06666666666667,46.328549163195035,1.6688224800210368e-10,281.37111070701553,0
40.083333333333336,46.358106940979866,1.6372098892559596e-10,281.2161548683245,0
40.1,46.38764844079583,1.6061973620188973e-10,281.0612843664088,0
40.11666666666667,46.41717367160748,1.5757734831164116e-10,280.90649915427264,0
40.13333333333333,46.44668264237441,1.5459270550188494e-10,280.751799184946,0
40.15,46.47617536205133,1.5166470936995844e-10,280.5971844114848,0
40.166666666666664,46.50565183958795,1.487922824553851e-10,280.44265478697076,0
40.18333333333333,46.53511208392909,1.4597436783959164e-10,280.2882102645115,0
40.2,46.564556104014656,1.4320992875329276e-10,280.1338507972404,0
40.21666666666667,46.593983908779606,1.4049794819139758e-10,279.9795763383167,0
40.233333333333334,46.62339550715398,1.3783742853530262e-10,279.82538684092526,0
40.25,46.6527909080629,1.3522739118241337e-10,279.67128225827685,0
40.266666666666666,46.68217012042658,1.3266687618277256e-10,279.51726254360807,0
40.28333333333333,46.71153315316033,1.301549418826487e-10,279.3633276501811,0
40.3,46.74088001517454,1.276906645749479e-10,279.20947753128377,0
40.31666666666667,46.77021071537469,1.252731381563315e-10,279.05571214022996,0
40.333333333333336,46.799525262661355,1.2290147379089636e-10,278.902031430359,0
40.35,46.828823665930216,1.2057479958029857e-10,278.74843535503595,0
40.36666666666667,46.858105934072036,1.1829226024019766e-10,278.5949238676517,0
40.38333333333333,46.88737207597273,1.1605301678289591e-10,278.44149692162244,0
40.4,46.91662210051326,1.1385624620605798e-10,278.2881544703905,0
40.416666666666664,46.94585601656973,1.1170114118739161e-10,278.1348964674235,0
40.43333333333333,46.97507383301335,1.0958690978517199e-10,277.9817228662146,0
40.45,47.00427555871045,1.0751277514450748e-10,277.82863362028286,0
40.46666666666667,47.03346120252246,1.0547797520922238e-10,277.6756286831729,0
40.483333333333334,47.062630773305955,1.0348176243926222e-10,277.5227080084546,0
40.5,47.09178427991261,1.0152340353350736e-10,277.3698715497237,0
40.516666666666666,47.12092173118925,9.960217915789224e-11,277.21711926060135,0
40.53333333333333,47.150043135977796,9.771738367873167e-11,277.06445109473435,0
40.55,47.17914850311531,9.586832490115115e-11,276.911867005795,0
40.56666666666667,47.208237841434006,9.40543238125233e-11,276.759366947481,0
40.583333333333336,47.23731115976123,9.227471433081727e-11,276.6069508735155,0
40.6,47.266368466919445,9.05288430577621e-11,276.4546187376474,0
40.61666666666667,47.29540977172626,8.881606903673595e-11,276.30237049365087,0
40.63333333333333,47.32443508299445,8.71357635152885e-11,276.1502060953256,0
40.65,47.353444409531924,8.548730971220906e-11,275.9981254964965,0
40.666666666666664,47.382437760141734,8.387010258904764e-11,275.8461286510143,0
40.68333333333333,47.4114151436221,8.228354862601439e-11,275.6942155127547,0
40.7,47.44037656876638,8.072706560216114e-11,275.54238603561913,0
40.71666666666667,47.469322044363096,7.920008237977174e-11,275.39064017353445,0
40.733333333333334,47.49825157919593,7.770203869287622e-11,275.23897788045247,0
40.75,47.52716518204374,7.623238493981233e-11,275.08739911035076,0
40.766666666666666,47.55606286168051,7.479058197975249e-11,274.935903817232,0
40.78333333333333,47.58494462687544,7.337610093312555e-11,274.78449195512445,0
40.8,47.61381048639287,7.198842298585443e-11,274.63316347808126,0
40.81666666666667,47.64266044899233,7.062703919733783e-11,274.48191834018127,0
40.833333333333336,47.671494523428514,6.929145031210664e-11,274.3307564955285,0
40.85,47.700312718451286,6.798116657507887e-11,274.17967789825207,0
40.86666666666667,47.729115042805724,6.669570755035012e-11,274.0286825025067,0
40.88333333333333,47.75790150523206,6.543460194344838e-11,273.87777026247187,0
40.9,47.78667211446573,6.419738742698688e-11,273.72694113235275,0
40.916666666666664,47.81542687923736,6.298361046965206e-11,273.57619506637946,0
40.93333333333333,47.84416580827274,6.179282616845959e-11,273.42553201880753,0
40.95,47.87288891029291,6.062459808421804e-11,273.2749519439174,0
40.96666666666667,47.901596194014026,5.947849808013857e-11,273.124454796015,0
40.983333333333334,47.93028766814752,5.835410616352865e-11,272.9740405294311,0
41.0,47.95896334139999,5.725101033051245e-11,272.8237090985218,0
41.016666666666666,47.987623222473246,5.616880641371959e-11,272.67346045766834,0
41.03333333333333,48.0162673200643,5.510709793288493e-11,272.5232945612771,0
41.05,48.044895642865406,5.406549594830248e-11,272.37321136377943,0
41.06666666666667,48.073508199563975,5.304361891708252e-11,272.22321081963184,0
41.083333333333336,48.102104998842684,5.204109255215281e-11,272.0732928833159,0
41.1,48.130686049379385,5.1057549683956587e-11,271.9234575093384,0
41.11666666666667,48.15925135984721,5.009263012479164e-11,271.77370465223095,0
41.13333333333333,48.18780093891445,4.914598053574214e-11,271.6240342665503,0
41.15,48.216334795244656,4.8217254296153175e-11,271.47444630687835,0
41.166666666666664,48.24485293749661,4.730611137559858e-11,271.3249407278216,0
41.18333333333333,48.27335537432432,4.641221820829501e-11,271.17551748401223,0
41.2,48.30184211437702,4.553524756991396e-11,271.0261765301066,0
41.21666666666667,48.3303131662992,4.467487845674979e-11,270.87691782078673,0
41.233333333333334,48.358768538730565,4.383079596719205e-11,270.72774131075914,0
41.25,48.38720824030607,4.30026911854649e-11,270.5786469547556,0
41.266666666666666,48.41563227965594,4.219026106758577e-11,270.42963470753244,0
41.28333333333333,48.44404066540561,4.139320832950109e-11,270.28070452387124,0
41.3,48.472433406175774,4.061124133735983e-11,270.1318563585784,0
41.31666666666667,48.50081051058241,3.984407399988235e-11,269.98309016648517,0
41.333333333333336,48.52917198723671,3.9091425662783396e-11,269.83440590244766,0
41.35,48.557517844745135,3.8353021005212047e-11,269.68580352134677,0
41.36666666666667,48.58584809170942,3.762858993816815e-11,269.5372829780884,0
41.38333333333333,48.61416273672656,3.691786750485916e-11,269.38884422760316,0
41.4,48.64246178838881,3.62205937829592e-11,269.2404872248466,0
41.416666666666664,48.67074525528368,3.5536513788732816e-11,269.0922119247989,0
41.43333333333333,48.69901314599396,3.486537738299073e-11,268.94401828246515,0
41.45,48.72726546909772,3.420693917883942e-11,268.7959062528753,0
41.46666666666667,48.75550223316832,3.356095845119254e-11,268.64787579108383,0
41.483333333333334,48.783723446774374,3.292719904800891e-11,268.4999268521702,0
41.5,48.81192911847979,3.230542930322433e-11,268.35205939123836,0
41.516666666666666,48.840119256843735,3.16954219513459e-11,268.2042733634173,0
41.53333333333333,48.8682938704207,3.109695404367573e-11,268.0565687238605,0
41.55,48.89645296776043,3.0509806866132985e-11,267.90894542774606,0
41.56666666666667,48.92459655740801,2.993376585864529e-11,267.761403430277,0
41.583333333333336,48.95272464790376,2.9368620536076635e-11,267.6139426866809,0
41.6,48.98083724778332,2.8814164410664938e-11,267.4665631522101,0
41.61666666666667,49.00893436557765,2.8270194915939715e-11,267.31926478214115,0
41.63333333333333,49.03701600981298,2.7736513332090268e-11,267.1720475317757,0
41.65,49.06508218901088,2.7212924712758512e-11,267.02491135644004,0
41.666666666666664,49.093132911688194,2.669923781322764e-11,266.8778562114846,0
41.68333333333333,49.12116818635709,2.6195265019981605e-11,266.73088205228487,0
41.7,49.14918802152504,2.5700822281606927e-11,266.58398883424064,0
41.71666666666667,49.17719242569485,2.5215729041013658e-11,266.4371765127764,0
41.733333333333334,49.20518140736463,2.473980816894822e-11,266.29044504334104,0
41.75,49.233154975027794,2.427288589877449e-11,266.1437943814081,0
41.766666666666666,49.26111313717311,2.3814791762499056e-11,265.99722448247564,0
41.78333333333333,49.289055902284666,2.336535852801605e-11,265.8507353020662,0
41.8,49.31698327884187,2.2924422137548714e-11,265.70432679572684,0
41.81666666666667,49.34489527531942,2.2491821647264298e-11,265.5579989190291,0
41.833333333333336,49.372791900187416,2.206739916804193e-11,265.41175162756883,0
41.85,49.400673161911264,2.165099980736771e-11,265.2655848769665,0
41.86666666666667,49.42853906895169,2.1242471612338935e-11,265.11949862286696,0
41.88333333333333,49.45638962976479,2.084166551375443e-11,264.97349282093955,0
41.9,49.484224852801994,2.044843527127098e-11,264.8275674268781,0
41.916666666666664,49.512044746510064,2.0062637419605092e-11,264.68172239640046,0
41.93333333333333,49.53984931933113,1.968413121575977e-11,264.53595768524923,0
41.95,49.56763857970266,1.9312778587258278e-11,264.39027324919135,0
41.96666666666667,49.59541253605747,1.8948444081362994e-11,264.244669044018,0
41.983333333333334,49.62317119682375,1.8590994815263795e-11,264.09914502554466,0
42.0,49.65091457042503,1.8240300427214503e-11,263.9537011496114,0
42.016666666666666,49.67864266528022,1.7896233028600898e-11,263.80833737208224,0
42.03333333333333,49.70635548980359,1.7558667156922403e-11,263.66305364884585,0
42.05,49.734053052404754,1.722747972966904e-11,263.517849935815,0
42.06666666666667,49.76173536148872,1.6902549999078207e-11,263.3727261889267,0
42.083333333333336,49.78940242545584,1.6583759507752506e-11,263.2276823641424,0
42.1,49.81705425270187,1.6270992045123736e-11,263.0827184174476,0
42.11666666666667,49.84469085161795,1.5964133604745946e-11,262.93783430485234,0
42.13333333333333,49.87231223059055,1.5663072342402826e-11,262.7930299823906,0
42.15,49.89991839800156,1.5367698535011993e-11,262.64830540612047,0
42.166666666666664,49.927509362228236,1.5077904540313057e-11,262.50366053212474,0
42.18333333333333,49.955085131643244,1.4793584757323044e-11,262.35909531650987,0
42.2,49.98264571461461,1.4514635587545496e-11,262.21460971540677,0
42.21666666666667,50.01019111950577,1.4240955396917553e-11,262.0702036849704,0
42.233333333333334,50.03772135467555,1.3972444478482642e-11,261.9258771813799,0
42.25,50.06523642847817,1.3709005015773793e-11,261.7816301608387,0
42.266666666666666,50.092736349263255,1.3450541046893808e-11,261.63746257957393,0
42.28333333333333,50.12022112537583,1.3196958429279987e-11,261.4933743938373,0
42.3,50.147690765156305,1.2948164805139441e-11,261.34936555990424,0
42.31666666666667,50.17514527694054,1.2704069567543062e-11,261.2054360340745,0
42.333333333333336,50.20258466905976,1.2464583827164217e-11,261.0615857726719,0
42.35,50.23000894984063,1.2229620379651381e-11,260.91781473204406,0
42.36666666666667,50.257418127605206,1.199909367362188e-11,260.7741228685629,0
42.38333333333333,50.284812210671,1.1772919779264525e-11,260.6305101386243,0
42.4,50.312191207350885,1.1551016357540367e-11,260.48697649864795,0
42.416666666666664,50.339555125953204,1.1333302629969685e-11,260.34352190507786,0
42.43333333333333,50.36690397478173,1.1119699348993545e-11,260.20014631438187,0
42.45,50.3942377621356,1.0910128768900517e-11,260.05684968305184,0
42.46666666666667,50.421556496309464,1.0704514617305676e-11,259.91363196760335,0
42.483333333333334,50.44886018559335,1.0502782067172972e-11,259.77049312457643,0
42.5,50.47614883827271,1.030485770936995e-11,259.6274331105345,0
42.516666666666666,50.50342246262848,1.011066952574484e-11,259.4844518820653,0
42.53333333333333,50.530681066937014,9.920146862715831e-12,259.34154939578025,0
42.55,50.55792465947009,9.733220405362952e-12,259.1987256083147,0
42.56666666666667,50.585153248494954,9.549822152013015e-12,259.05598047632793,0
42.583333333333336,50.61236684227429,9.369885389307884e-12,258.9133139565032,0
42.6,50.63956544906625,9.193344667747465e-12,258.7707260055473,0
42.61666666666667,50.66674907712439,9.020135777697625e-12,258.6282165801911,0
42.63333333333333,50.69391773469779,8.850195725854789e-12,258.48578563718945,0
42.65,50.721071430030925,8.683462712158224e-12,258.34343313332056,0
42.666666666666664,50.74821017136376,8.519876107141302e-12,258.20115902538686,0
42.68333333333333,50.7753339669317,8.35937642971388e-12,258.05896327021435,0
42.7,50.802442824965645,8.201905325367159e-12,257.9168458246529,0
42.71666666666667,50.82953675369196,8.047405544792968e-12,257.7748066455762,0
42.733333333333334,50.856615761332456,7.895820922909843e-12,257.63284568988144,0
42.75,50.88367985610442,7.747096358287933e-12,257.4909629144898,0
42.766666666666666,50.91072904622064,7.601177792965257e-12,257.3491582763461,0
42.78333333333333,50.937763339889344,7.458012192647631e-12,257.2074317324188,0
42.8,50.96478274531426,7.317547527285262e-12,257.06578323970007,0
42.81666666666667,50.99178727069461,7.179732752018692e-12,256.924212755206,0
42.833333333333336,51.018776924225065,7.044517788486847e-12,256.78272023597606,0
42.85,51.04575171409582,6.911853506490687e-12,256.6413056390735,0
42.86666666666667,51.072711648492536,6.7816917060052954e-12,256.4999689215852,0
42.88333333333333,51.09965673559638,6.6539850995342295e-12,256.3587100406217,0
42.9,51.126586983584005,6.5286872947989385e-12,256.2175289533171,0
42.916666666666664,51.15350240062756,6.405752777757533e-12,256.07642561682906,0
42.93333333333333,51.1804029948947,6.285136895946304e-12,255.93539998833913,0
42.95,51.20728877454857,6.166795842137809e-12,255.79445202505195,0
42.96666666666667,51.23415974774786,6.050686638309625e-12,255.6535816841962,0
42.983333333333334,51.2610159226467,5.936767119917848e-12,255.51278892302386,0
43.0,51.28785730739477,5.824995920469429e-12,255.37207369881054,0
43.016666666666666,51.314683910137276,5.715332456387659e-12,255.2314359688553,0
43.03333333333333,51.3414957390149,5.607736912165359e-12,255.09087569048071,0
43.05,51.36829280216388,5.502170225800215e-12,254.95039282103298,0
43.06666666666667,51.395075107715925,5.398594074506829e-12,254.80998731788173,0
43.083333333333336,51.4218426637983,5.2969708607002726e-12,254.66965913842012,0
43.1,51.44859547853381,5.197263698245963e-12,254.5294082400644,0
43.11666666666667,51.47533356004074,5.0994363989707796e-12,254.3892345802549,0
43.13333333333333,51.50205691643295,5.00345345943046e-12,254.24913811645493,0
43.15,51.52876555581979,4.909280047928517e-12,254.1091188061514,0
43.166666666666664,51.55545948630618,4.816881991781534e-12,253.96917660685457,0
43.18333333333333,51.582138715992535,4.726225764826528e-12,253.8293114760981,0
43.2,51.608803252974866,4.637278475165617e-12,253.68952337143907,0
43.21666666666667,51.63545310534467,4.55000785314344e-12,253.5498122504579,0
43.233333333333334,51.662088281189035,4.464382239552942e-12,253.41017807075843,0
43.25,51.688708788590546,4.380370574065187e-12,253.27062078996786,0
43.266666666666666,51.71531463562738,4.297942383878861e-12,253.1311403657366,0
43.28333333333333,51.741905830373256,4.217067772585479e-12,252.99173675573843,0
43.3,51.76848238089741,4.13771740924588e-12,252.85240991767054,0
43.31666666666667,51.79504429526468,4.059862517674332e-12,252.71315980925334,0
43.333333333333336,51.82159158153546,3.983474865925933e-12,252.57398638823048,0
43.35,51.848124247765675,3.9085267559838054e-12,252.43488961236892,0
43.36666666666667,51.87464230200682,3.834991013642067e-12,252.29586943945898,0
43.38333333333333,51.901145752305986,3.762840978580768e-12,252.15692582731398,0
43.4,51.927634606705794,3.6920504946294775e-12,252.0180587337708,0
43.416666666666664,51.95410887324446,3.622593900215504e-12,251.87926811668925,0
43.43333333333333,51.980568559955756,3.5544460189936507e-12,251.74055393395244,0
43.45,52.00701367486905,3.4875821506536815e-12,251.60191614346678,0
43.46666666666667,52.03344422600927,3.4219780619023895e-12,251.4633547031617,0
43.483333333333334,52.059860221396946,3.35760997761689e-12,251.32486957099,0
43.5,52.08626166904818,3.294454572165615e-12,251.18646070492738,0
43.516666666666666,52.11264857697465,3.232488960894388e-12,251.04812806297284,0
43.53333333333333,52.13902095318362,3.1716906917737112e-12,250.90987160314847,0
43.55,52.16537880567796,3.11203773720492e-12,250.77169128349956,0
43.56666666666667,52.19172214245612,3.0535084859815508e-12,250.63358706209442,0
43.583333333333336,52.218050971512156,2.9960817354035383e-12,250.49555889702447,0
43.6,52.244365300835724,2.9397366835408097e-12,250.35760674640423,0
43.61666666666667,52.27066513841208,2.8844529216438435e-12,250.21973056837115,0
43.63333333333333,52.29695049222203,2.8302104266981705e-12,250.081930321086,0
43.65,52.323221370242074,2.776989554120172e-12,249.94420596273238,0
43.666666666666664,52.34947778044425,2.724771030591481e-12,249.8065574515169,0
43.68333333333333,52.375719730796256,2.6735359470292786e-12,249.66898474566938,0
43.7,52.40194722926135,2.6232657516900055e-12,249.53148780344245,0
43.71666666666667,52.42816028379845,2.573942243403905e-12,249.3940665831119,0
43.733333333333334,52.45435890236205,2.525547564937863e-12,249.2567210429764,0
43.75,52.4805430929023,2.478064196484227e-12,249.1194511413575,0
43.766666666666666,52.50671286336496,2.431474949273049e-12,248.98225683659987,0
43.78333333333333,52.53286822169141,2.385762959305585e-12,248.845138087071,0
43.8,52.55900917581865,2.340911681206544e-12,248.7080948511614,0
43.81666666666667,52.58513573367932,2.2969048821930572e-12,248.57112708728448,0
43.833333333333336,52.611247903201686,2.2537266361579245e-12,248.4342347538764,0
43.85,52.63734569230966,2.211361317865172e-12,248.29741780939636,0
43.86666666666667,52.66342910892277,2.1697935972555644e-12,248.16067621232654,0
43.88333333333333,52.6894981609562,2.129008433860254e-12,248.02400992117168,0
43.9,52.71555285632076,2.088991071320208e-12,247.88741889445964,0
43.916666666666664,52.741593202922914,2.04972703200969e-12,247.75090309074105,0
43.93333333333333,52.76761920866476,2.011202111761604e-12,247.61446246858938,0
43.95,52.79363088144406,1.9734023746928787e-12,247.47809698660066,0
43.96666666666667,52.819628229154226,1.9363141481279407e-12,247.34180660339416,0
43.983333333333334,52.8456112596843,1.8999240176184762e-12,247.20559127761155,0
44.0,52.87157998091901,1.8642188220575663e-12,247.0694509679176,0
44.016666666666666,52.897534400738714,1.8291856488864474e-12,246.93338563299966,0
44.03333333333333,52.92347452701946,1.794811829392169e-12,246.79739523156778,0
44.05,52.94940036763293,1.7610849340943658e-12,246.6614797223548,0
44.06666666666667,52.975311930446495,1.7279927682194573e-12,246.52563906411646,0
44.083333333333336,53.001209223323166,1.6955233672606588e-12,246.38987321563087,0
44.1,53.027092254121655,1.6636649926221657e-12,246.2541821356992,0
44.11666666666667,53.052961030696316,1.6324061273458005e-12,246.11856578314513,0
44.13333333333333,53.0788155608972,1.6017354719187773e-12,245.98302411681493,0
44.15,53.10465585257002,1.5716419401608125e-12,245.8475570955778,0
44.166666666666664,53.13048191355618,1.5421146551892251e-12,245.71216467832528,0
44.18333333333333,53.15629375169277,1.5131429454604995e-12,245.57684682397175,0
44.2,53.182091374812536,1.4847163408868218e-12,245.44160349145417,0
44.21666666666667,53.20787479074393,1.4568245690262436e-12,245.306434639732,0
44.233333333333334,53.233644007311106,1.4294575513450133e-12,245.17134022778765,0
44.25,53.25939903233388,1.4026053995507058e-12,245.03632021462568,0
44.266666666666666,53.285139873627784,1.3762584119948771e-12,244.90137455927345,0
44.28333333333333,53.31086653900404,1.3504070701438236e-12,244.7665032207809,0
44.3,53.33657903626956,1.3250420351162118e-12,244.63170615822042,0
44.31666666666667,53.36227737322696,1.3001541442863245e-12,244.4969833306871,0
44.333333333333336,53.38796155767457,1.2757344079516092e-12,244.36233469729842,0
44.35,53.41363159740642,1.2517740060634067e-12,244.2277602171945,0
44.36666666666667,53.439287500212224,1.2282642850195446e-12,244.09325984953765,0
44.38333333333333,53.46492927387745,1.2051967545177302e-12,243.95883355351305,0
44.4,53.490556926183245,1.1825630844685177e-12,243.82448128832823,0
44.416666666666664,53.516170464906466,1.1603551019667464e-12,243.69020301321308,0
44.43333333333333,53.54176989781974,1.1385647883203369e-12,243.55599868742007,0
44.45,53.56735523269134,1.1171842761353627e-12,243.421868270224,0
44.46666666666667,53.59292647728532,1.096205846456305e-12,243.28781172092212,0
44.483333333333334,53.61848363936143,1.0756219259604816e-12,243.15382899883423,0
44.5,53.644026726675136,1.0554250842055976e-12,243.01992006330246,0
44.516666666666666,53.66955574697766,1.0356080309293972e-12,242.88608487369117,0
44.53333333333333,53.695070708015926,1.0161636134004661e-12,242.7523233893874,0
44.55,53.72057161753264,9.970848138191721e-13,242.6186355698003,0
44.56666666666667,53.7460584832662,9.78364746767855e-13,242.48502137436145,0
44.583333333333336,53.77153131295074,9.599966567092272e-13,242.3514807625248,0
44.6,53.796990114316166,9.419739155321894e-13,242.2180136937666,0
44.61666666666667,53.822434895088115,9.242900201440664e-13,242.08462012758557,0
44.63333333333333,53.84786566298796,9.069385901084695e-13,241.95130002350248,0
44.65,53.87328242573282,8.899133653278049e-13,241.81805334106048,0
44.666666666666664,53.89868519103557,8.732082037697169e-13,241.6848800398251,0
44.68333333333333,53.92407396660486,8.568170792365131e-13,241.55178007938397,0
44.7,53.94944876014505,8.407340791768583e-13,241.41875341934727,0
44.71666666666667,53.974809579356304,8.249534025388244e-13,241.28580001934708,0
44.733333333333334,54.00015643193449,8.094693576636331e-13,241.1529198390378,0
44.75,54.02548932557129,7.9427636021921e-13,241.02011283809628,0
44.766666666666666,54.05080826795414,7.793689311728929e-13,240.88737897622136,0
44.78333333333333,54.07611326676621,7.647416948024544e-13,240.75471821313405,0
44.8,54.10140432968647,7.503893767447968e-13,240.62213050857767,0
44.81666666666667,54.12668146438965,7.363068020815666e-13,240.48961582231763,0
44.833333333333336,54.15194467854625,7.224888934609739e-13,240.35717411414143,0
44.85,54.17719397982256,7.089306692551579e-13,240.22480534385892,0
44.86666666666667,54.20242937588064,6.956272417524253e-13,240.092509471302,0
44.88333333333333,54.22765087437833,6.825738153836817e-13,239.9602864563245,0
44.9,54.25285848296924,6.697656849824117e-13,239.82813625880266,0
44.916666666666664,54.27805220930278,6.571982340775885e-13,239.69605883863466,0
44.93333333333333,54.30323206102416,6.448669332188585e-13,239.56405415574076,0
44.95,54.32839804577436,6.32767338333436e-13,239.43212217006328,0
44.96666666666667,54.35355017119013,6.208950891140574e-13,239.30026284156665,0
44.983333333333334,54.378688444904064,6.092459074374255e-13,239.1684761302374,0
45.0,54.40381287454453,5.978155958125838e-13,239.03676199608392,0
45.016666666666666,54.428923467735686,5.866000358586303e-13,238.90512039913682,0
45.03333333333333,54.45402023209749,5.75595186811218e-13,238.7735512994486,0
45.05,54.47910317524575,5.647970840573041e-13,238.64205465709375,0
45.06666666666667,54.504172304792,5.542018376976166e-13,238.5106304321689,0
45.083333333333336,54.52922762834365,5.438056311362989e-13,238.37927858479244,0
45.1,54.55426915350388,5.33604719697224e-13,238.24799907510481,0
45.11666666666667,54.5792968878717,5.235954292664755e-13,238.1167918632685,0
45.13333333333333,54.60431083904194,5.137741549605046e-13,237.9856569094678,0
45.15,54.62931101460525,5.041373598194555e-13,237.85459417390905,0
45.166666666666664,54.65429742214807,4.946815735252104e-13,237.7236036168204,0
45.18333333333333,54.679270069252695,4.854033911436676e-13,237.592685198452,0
45.2,54.704228963497236,4.762994718907966e-13,237.4618388790758,0
45.21666666666667,54.72917411245561,4.673665379220232e-13,237.33106461898564,0
45.233333333333334,54.75410552369758,4.586013731444973e-13,237.20036237849726,0
45.25,54.77902320478875,4.5000082205182926e-13,237.06973211794823,0
45.266666666666666,54.80392716329054,4.4156178858082654e-13,236.93917379769806,0
45.28333333333333,54.8288174067602,4.3328123498986833e-13,236.80868737812793,0
45.3,54.85369394275087,4.2515618075846695e-13,236.67827281964097,0
45.31666666666667,54.87855677881147,4.171837015076271e-13,236.547930082662,0
45.333333333333336,54.903405922486776,4.093609279406217e-13,236.41765912763782,0
45.35,54.92824138131742,4.016850448037814e-13,236.2874599150368,0
45.36666666666667,54.95306316283987,3.941532898669215e-13,236.1573324053492,0
45.38333333333333,54.97787127458647,3.867629529230443e-13,236.02727655908694,0
45.4,55.00266572408538,3.795113748069391e-13,235.89729233678386,0
45.416666666666664,55.02744651886064,3.72395946432329e-13,235.76737969899537,0
45.43333333333333,55.05221366643214,3.654141078472202e-13,235.63753860629868,0
45.45,55.07696717431563,3.5856334730709105e-13,235.5077690192927,0
45.46666666666667,55.10170705002271,3.518412003656007e-13,235.37807089859805,0
45.483333333333334,55.12643330106086,3.4524524898246814e-13,235.24844420485695,0
45.5,55.1511459349334,3.387731206482297e-13,235.11888889873345,0
45.516666666666666,55.17584495913954,3.3242248752550026e-13,234.98940494091323,0
45.53333333333333,55.20053038117435,3.2619106560649204e-13,234.85999229210347,0
45.55,55.225202208528785,3.200766138864198e-13,234.7306509130331,0
45.56666666666667,55.24986044868967,3.1407693355254746e-13,234.60138076445267,0
45.583333333333336,55.27450510913969,3.08189867188533e-13,234.4721818071344,0
45.6,55.29913619735743,3.024132979938174e-13,234.343054001872,0
45.61666666666667,55.32375372081733,2.96745149017752e-13,234.21399730948087,0
45.63333333333333,55.34835768698976,2.9118338240819514e-13,234.08501169079787,0
45.65,55.37294810334093,2.8572599867429893e-13,233.9560971066816,0
45.666666666666664,55.39752497733298,2.8037103596322246e-13,233.82725351801207,0
45.68333333333333,55.422088316423896,2.7511656935050594e-13,233.69848088569094,0
45.7,55.446638128067576,2.699607101438423e-13,233.56977917064123,0
45.71666666666667,55.47117441971382,2.6490160520000446e-13,233.44114833380763,0
45.733333333333334,55.495697198808315,2.599374362546641e-13,233.31258833615644,0
45.75,55.52020647279266,2.550664192648756e-13,233.1840991386752,0
45.766666666666666,55.54470224910435,2.5028680376396866e-13,233.0556807023731,0
45.78333333333333,55.569184535176774,2.4559687222862163e-13,232.92733298828074,0
45.8,55.59365333843923,2.409949394578955e-13,232.7990559574502,0
45.81666666666667,55.618108666316935,2.3647935196398163e-13,232.67084957095503,0
45.833333333333336,55.64255052623102,2.320484873744591e-13,232.54271378989012,0
45.85,55.66697892559851,2.27700753845837e-13,232.41464857537198,0
45.86666666666667,55.69139387183236,2.2343458948816416e-13,232.28665388853835,0
45.88333333333333,55.71579537234144,2.192484618005074e-13,232.15872969054845,0
45.9,55.74018343453054,2.1514086711708557e-13,232.03087594258292,0
45.916666666666664,55.76455806580037,2.1111033006385537e-13,231.90309260584365,0
45.93333333333333,55.78891927354757,2.071554030253616e-13,231.7753796415541,0
45.95,55.8132670651647,2.0327466562164606e-13,231.64773701095893,0
45.96666666666667,55.837601448040246,1.9946672419503014e-13,231.5201646753241,0
45.983333333333334,55.861922429558625,1.9573021130659104e-13,231.39266259593708,0
46.0,55.8862300171002,1.92063785242132e-13,231.2652307341065,0
46.016666666666666,55.91052421804126,1.884661295274842e-13,231.1378690511624,0
46.03333333333333,55.934805039754025,1.8493595245295453e-13,231.0105775084561,0
46.05,55.95907248960667,1.8147198660674505e-13,230.88335606736013,0
46.06666666666667,55.9833265749633,1.7807298841718308e-13,230.75620468926837,0
46.083333333333336,56.00756730318397,1.7473773770358307e-13,230.62912333559595,0
46.1,56.031794681624675,1.7146503723559262e-13,230.50211196777923,0
46.11666666666667,56.05600871763738,1.682537123008463e-13,230.3751705472758,0
46.13333333333333,56.080209418569986,1.6510261028078008e-13,230.24829903556451,0
46.15,56.104396791766334,1.620106002344504e-13,230.1214973941454,0
46.166666666666664,56.12857084456625,1.5897657249020476e-13,229.99476558453975,0
46.18333333333333,56.152731584305485,1.5599943824505786e-13,229.86810356828985,0
46.2,56.17687901831578,1.530781291716217e-13,229.74151130695947,0
46.21666666666667,56.20101315392481,1.5021159703245814e-13,229.61498876213335,0
46.233333333333334,56.22513399845625,1.4739881330170205e-13,229.48853589541744,0
46.25,56.24924155922971,1.4463876879382507e-13,229.3621526684388,0
46.266666666666666,56.27333584356079,1.419304732993978e-13,229.2358390428456,0
46.28333333333333,56.29741685876104,1.3927295522773132e-13,229.1095949803073,0
46.3,56.321484612138,1.3666526125625047e-13,228.98342044251424,0
46.31666666666667,56.3455391109952,1.3410645598648794e-13,228.85731539117802,0
46.333333333333336,56.3695803626321,1.315956216065597e-13,228.73127978803123,0
46.35,56.39360837434418,1.2913185756001565e-13,228.60531359482763,0
46.36666666666667,56.4176231534229,1.26714280220927e-13,228.47941677334197,0
46.38333333333333,56.441624707155675,1.2434202257510737e-13,228.35358928537005,0
46.4,56.46561304282594,1.220142339073433e-13,228.22783109272876,0
46.416666666666664,56.48958816771311,1.1973007949452267e-13,228.10214215725597,0
46.43333333333333,56.513550089092575,1.17488740304553e-13,227.97652244081056,0
46.45,56.53749881423574,1.1528941270095293e-13,227.85097190527247,0
46.46666666666667,56.561434350409996,1.1313130815301941e-13,227.7254905125426,0
46.483333333333334,56.58535670487873,1.1101365295145554e-13,227.6000782245428,0
46.5,56.60926588490132,1.0893568792936141e-13,227.47473500321595,0
46.516666666666666,56.63316189773317,1.0689666818848838e-13,227.34946081052584,0
46.53333333333333,56.65704475062567,1.048958628306514e-13,227.22425560845727,0
46.55,56.68091445082623,1.0293255469420587e-13,227.09911935901593,0
46.56666666666667,56.704771005578245,1.0100604009549392e-13,226.97405202422843,0
46.583333333333336,56.728614422121154,9.91156285751643e-14,226.84905356614226,0
46.6,56.75244470769037,9.726064264927451e-14,226.72412394682593,0
46.61666666666667,56.776261869517356,9.544041756508557e-14,226.59926312836873,0
46.63333333333333,56.80006591482958,9.36543010614584e-14,226.47447107288085,0
46.65,56.823856850850525,9.190165313376885e-14,226.34974774249335,0
46.666666666666664,56.84763468479971,9.018184580325434e-14,226.2250930993582,0
46.68333333333333,56.871399423892655,8.849426289070434e-14,226.10050710564812,0
46.7,56.89515107534092,8.683829979442025e-14,225.9759897235567,0
46.71666666666667,56.9188896463521,8.521336327235948e-14,225.8515409152984,0
46.733333333333334,56.94261514412981,8.361887122838281e-14,225.72716064310842,0
46.75,56.9663275758737,8.20542525025342e-14,225.60284886924282,0
46.766666666666666,56.990026948779466,8.051894666526934e-14,225.47860555597833,0
46.78333333333333,57.01371327003883,7.901240381556396e-14,225.35443066561268,0
46.8,57.037386546839535,7.753408438282742e-14,225.23032416046405,0
46.81666666666667,57.0610467863654,7.60834589325453e-14,225.1062860028716,0
46.833333333333336,57.08469399579628,7.466000797558928e-14,224.98231615519532,0
46.85,57.10832818230806,7.326322178111704e-14,224.85841457981553,0
46.86666666666667,57.131949353072685,7.189260019299753e-14,224.73458123913375,0
46.88333333333333,57.15555751525814,7.05476524496964e-14,224.61081609557186,0
46.9,57.17915267602848,6.922789700755447e-14,224.48711911157255,0
46.916666666666664,57.2027348425438,6.793286136739497e-14,224.36349024959924,0
46.93333333333333,57.22630402196026,6.666208190439818e-14,224.23992947213588,0
46.95,57.249860221430076,6.541510370118125e-14,224.1164367416872,0
46.96666666666667,57.27340344810151,6.419148038402216e-14,223.9930120207787,0
46.983333333333334,57.29693370911894,6.299077396216842e-14,223.86965527195625,0
47.0,57.32045101162274,6.181255467017354e-14,223.74636645778645,0
47.016666666666666,57.34395536274939,6.065640081320381e-14,223.62314554085663,0
47.03333333333333,57.36744676963143,5.952189861525687e-14,223.49999248377455,0
47.05,57.390925239397475,5.840864207024162e-14,223.37690724916862,0
47.06666666666667,57.414390779172216,5.731623279586126e-14,223.25388979968795,0
47.083333333333336,57.437843396076424,5.624427989024985e-14,223.13094009800204,0
47.1,57.46128309722693,5.519239979130674e-14,223.00805810680112,0
47.11666666666667,57.48470988973667,5.416021613868298e-14,222.88524378879575,0
47.13333333333333,57.50812378071464,5.31473596383644e-14,222.76249710671732,0
47.15,57.531524777265936,5.2153467929806454e-14,222.6398180233174,0
47.166666666666664,57.554912886491756,5.117818545557019e-14,222.51720650136832,0
47.18333333333333,57.57828811548934,5.022116333341407e-14,222.39466250366291,0
47.2,57.60165047135208,4.9282059230793035e-14,222.2721859930144,0
47.21666666666667,57.624999961169394,4.8360537241721856e-14,222.14977693225646,0
47.233333333333334,57.64833659202685,4.745626776595643e-14,222.02743528424335,0
47.25,57.67166037100609,4.6568927390450026e-14,221.9051610118497,0
47.266666666666666,57.694971305184865,4.5698198773041297e-14,221.78295407797066,0
47.28333333333333,57.71826940163702,4.4843770528333064e-14,221.66081444552168,0
47.3,57.741554667432524,4.400533711571817e-14,221.5387420774388,0
47.31666666666667,57.76482710963742,4.31825987295144e-14,221.41673693667835,0
47.333333333333336,57.78808673531388,4.237526119116738e-14,221.2947989862172,0
47.35,57.811333551520185,4.1583035843482594e-14,221.17292818905236,0
47.36666666666667,57.834567565310735,4.0805639446849106e-14,221.05112450820144,0
47.38333333333333,57.85778878373602,4.004279407741545e-14,220.9293879067024,0
47.4,57.880997213842676,3.9294227027184044e-14,220.80771834761345,0
47.416666666666664,57.904192862673455,3.8559670705983896e-14,220.68611579401326,0
47.43333333333333,57.927375737267205,3.78388625452907e-14,220.5645802090006,0
47.45,57.950545844658926,3.713154490385469e-14,220.4431115556949,0
47.46666666666667,57.973703191879736,3.643746497510751e-14,220.32170979723568,0
47.483333333333334,57.99684778595686,3.575637469630865e-14,220.20037489678285,0
47.5,58.01997963391369,3.5088030659404754e-14,220.0791068175166,0
47.516666666666666,58.043098742769715,3.4432194023564096e-14,219.95790552263722,0
47.53333333333333,58.066205119540584,3.3788630429358154e-14,219.83677097536554,0
47.55,58.08929877123806,3.315710991455848e-14,219.71570313894247,0
47.56666666666667,58.11237970487007,3.253740683151676e-14,219.59470197662927,0
47.583333333333336,58.13544792744067,3.192929976610082e-14,219.47376745170735,0
47.6,58.158503445950046,3.133257145815551e-14,219.35289952747837,0
47.61666666666667,58.181546267394545,3.074700872345972e-14,219.23209816726413,0
47.63333333333333,58.204576398766655,3.017240237715284e-14,219.1113633344068,0
47.65,58.22759384705501,2.960854715860046e-14,218.9906949922686,0
47.666666666666664,58.25059861924441,2.905524165767555e-14,218.87009310423198,0
47.68333333333333,58.27359072231578,2.8512288242424486e-14,218.7495576336995,0
47.7,58.296570163246244,2.797949298809561e-14,218.62908854409403,0
47.71666666666667,58.31953694900903,2.7456665607502046e-14,218.5086857988583,0
47.733333333333334,58.34249108657358,2.6943619382694615e-14,218.3883493614554,0
47.75,58.36543258290545,2.644017109792032e-14,218.2680791953685,0
47.766666666666666,58.388361444966385,2.594614097384194e-14,218.14787526410086,0
47.78333333333333,58.4112776797143,2.546135260299438e-14,218.0277375311759,0
47.8,58.43418129410326,2.4985632886455978e-14,217.90766596013694,0
47.81666666666667,58.457072295083535,2.45188119717102e-14,217.78766051454767,0
47.833333333333336,58.4799506896015,2.4060723191676504e-14,217.6677211579916,0
47.85,58.50281648459979,2.361120300488782e-14,217.54784785407236,0
47.86666666666667,58.52566968701716,2.3170090936793075e-14,217.42804056641359,0
47.88333333333333,58.54851030378853,2.2737229522163444e-14,217.3082992586591,0
47.9,58.57133834184506,2.23124642485822e-14,217.18862389447264,0
47.916666666666664,58.594153808114065,2.189564350099685e-14,217.06901443753793,0
47.93333333333333,58.61695670951902,2.1486618507314288e-14,216.9494708515588,0
47.95,58.63974705297963,2.1085243285018758e-14,216.82999310025895,0
47.96666666666667,58.662524845411745,2.06913745887937e-14,216.7105811473821,0
47.983333333333334,58.68529009372745,2.0304871859128677e-14,216.59123495669195,0
48.0,58.70804280483499,1.992559717189221e-14,216.47195449197216,0
48.016666666666666,58.730782985638825,1.9553415188853465e-14,216.35273971702628,0
48.03333333333333,58.7535106430396,1.918819310913337e-14,216.23359059567792,0
48.05,58.77622578393416,1.882980062156926e-14,216.11450709177043,0
48.06666666666667,58.79892841521557,1.8478109857974533e-14,215.99548916916729,0
48.083333333333336,58.82161854377309,1.813299534727759e-14,215.87653679175162,0
48.1,58.84429617649217,1.7794333970522443e-14,215.7576499234267,0
48.11666666666667,58.866961320254475,1.7462004916715623e-14,215.63882852811557,0
48.13333333333333,58.889613981937906,1.7135889639502764e-14,215.52007256976106,0
48.15,58.91225416841654,1.6815871814660143e-14,215.40138201232594,0
48.166666666666664,58.934881886560675,1.6501837298384564e-14,215.28275681979284,0
48.18333333333333,58.95749714323685,1.619367408636769e-14,215.16419695616415,0
48.2,58.980099945307806,1.5891272273639812e-14,215.0457023854622,0
48.21666666666667,59.0026902996325,1.559452401516785e-14,214.92727307172902,0
48.233333333333334,59.02526821306611,1.530332348719434e-14,214.80890897902648,0
48.25,59.04783369246006,1.501756684930294e-14,214.6906100714363,0
48.266666666666666,59.07038674466198,1.4737152207196908e-14,214.57237631305992,0
48.28333333333333,59.092927376515746,1.4461979576176826e-14,214.45420766801854,0
48.3,59.11545559486144,1.4191950845305339e-14,214.33610410045318,0
48.31666666666667,59.137971406535385,1.3926969742244576e-14,214.2180655745246,0
48.333333333333336,59.16047481837016,1.3666941798754925e-14,214.10009205441318,0
48.35,59.18296583719456,1.3411774316841828e-14,213.9821835043192,0
48.36666666666667,59.20544446983364,1.3161376335538835e-14,213.86433988846255,0
48.38333333333333,59.22791072310866,1.2915658598314803e-14,213.74656117108273,0
48.4,59.25036460383716,1.2674533521093534e-14,213.62884731643913,0
48.416666666666664,59.27280611883291,1.2437915160874172e-14,213.51119828881073,0
48.43333333333333,59.29523527490593,1.2205719184941362e-14,213.39361405249625,0
48.45,59.31765207886247,1.197786284065388e-14,213.27609457181393,0
48.46666666666667,59.34005653750507,1.1754264925800688e-14,213.15863981110184,0
48.483333333333334,59.3624486576325,1.1534845759514115e-14,213.04124973471755,0
48.5,59.38482844603979,1.1319527153729505e-14,212.9239243070383,0
48.516666666666666,59.407195909518215,1.1108232385180704e-14,212.80666349246096,0
48.53333333333333,59.42955105485534,1.0900886167922086e-14,212.68946725540198,0
48.55,59.45189388883496,1.0697414626366513e-14,212.57233556029743,0
48.56666666666667,59.474224418237156,1.0497745268829685e-14,212.45526837160298,0
48.583333333333336,59.49654264983827,1.0301806961571673e-14,212.33826565379388,0
48.6,59.5188485904109,1.0109529903325762e-14,212.22132737136494,0
48.61666666666667,59.541142246723936,9.920845600306041e-15,212.10445348883042,0
48.63333333333333,59.56342362554252,9.735686841684097e-15,211.98764397072424,0
48.65,59.58569273362807,9.55398767552655e-15,211.8708987815998,0
48.666666666666664,59.607949577738296,9.375683385184425e-15,211.75421788603012,0
48.68333333333333,59.63019416462717,9.200710466125905e-15,211.63760124860758,0
48.7,59.65242650104497,9.029006603204173e-15,211.52104883394412,0
48.71666666666667,59.67464659373822,8.86051064835234e-15,211.40456060667114,0
48.733333333333334,59.696854449449745,8.695162598697018e-15,211.28813653143965,0
48.75,59.71905007491867,8.532903575083024e-15,211.17177657291998,0
48.766666666666666,59.74123347688039,8.373675801001253e-15,211.05548069580198,0
48.78333333333333,59.763404662066606,8.217422581912483e-15,210.93924886479496,0
48.8,59.78556363720528,8.06408828495906e-15,210.8230810446276,0
48.81666666666667,59.80771040902073,7.913618319057822e-15,210.70697720004807,0
48.833333333333336,59.829844984233496,7.765959115366638e-15,210.59093729582395,0
48.85,59.85196736956048,7.621058108117863e-15,210.47496129674218,0
48.86666666666667,59.87407757171484,7.478863715811465e-15,210.3590491676091,0
48.88333333333333,59.896175597406064,7.339325322761351e-15,210.2432008732505,0
48.9,59.91826145333994,7.202393260988121e-15,210.1274163785114,0
48.916666666666664,59.94033514621856,7.068018792451831e-15,210.01169564825634,0
48.93333333333333,59.96239668274031,6.936154091618127e-15,209.8960386473691,0
48.95,59.98444606959992,6.806752228351891e-15,209.78044534075292,0
48.96666666666667,60.00648331348841,6.6797671511317746e-15,209.66491569333016,0
48.983333333333334,60.028508421093115,6.555153670579983e-15,209.5494496700427,0
49.0,60.05052139909769,6.4328674433012216e-15,209.43404723585164,0
49.016666666666666,60.072522254182125,6.3128649560248255e-15,209.31870835573736,0
49.03333333333333,60.09451099302271,6.1951035100448785e-15,209.20343299469957,0
49.05,60.11648762229206,6.0795412059519145e-15,209.08822111775723,0
49.06666666666667,60.13845214865913,5.966136928651634e-15,208.9730726899486,0
49.083333333333336,60.16040457878918,5.854850332664522e-15,208.85798767633116,0
49.1,60.18234491934383,5.745641827701463e-15,208.74296604198162,0
49.11666666666667,60.20427317698101,5.6384725645101046e-15,208.6280077519959,0
49.13333333333333,60.22618935835498,5.533304420986709e-15,208.51311277148932,0
49.15,60.24809347011634,5.4300999885487796e-15,208.39828106559605,0
49.166666666666664,60.269985518912044,5.32882255876334e-15,208.2835125994699,0
49.18333333333333,60.29186551138537,5.229436110226164e-15,208.16880733828356,0
49.2,60.313733454175924,5.131905295687176e-15,208.05416524722904,0
49.21666666666667,60.33558935391969,5.036195429417534e-15,207.93958629151743,0
49.233333333333334,60.35743321724895,4.942272474813633e-15,207.82507043637906,0
49.25,60.3792650507924,4.850103032233745e-15,207.7106176470634,0
49.266666666666666,60.401084861175015,4.7596543270629564e-15,207.59622788883894,0
49.28333333333333,60.422892655018174,4.670894198001977e-15,207.48190112699348,0
49.3,60.44468843893958,4.5837910855756224e-15,207.36763732683383,0
49.31666666666667,60.466472219553296,4.498314020856932e-15,207.25343645368588,0
49.333333333333336,60.48824400346975,4.414432614402889e-15,207.13929847289475,0
49.35,60.51000379729574,4.332117045397666e-15,207.02522334982442,0
49.36666666666667,60.53175160763439,4.251338050999492e-15,206.91121104985822,0
49.38333333333333,60.55348744108522,4.172066915887456e-15,206.79726153839832,0
49.4,60.57521130424411,4.094275462004374e-15,206.68337478086602,0
49.416666666666664,60.596923203703284,4.017936038492001e-15,206.5695507427017,0
49.43333333333333,60.61862314605139,3.943021511815153e-15,206.45578938936472,0
49.45,60.640311137873375,3.869505256070941e-15,206.34209068633353,0
49.46666666666667,60.66198718575062,3.797361143479913e-15,206.22845459910548,0
49.483333333333334,60.68365129626085,3.726563535055437e-15,206.114881093197,0
49.5,60.70530347597816,3.657087271448115e-15,206.0013701341435,0
49.516666666666666,60.72694373147307,3.588907663961977e-15,205.88792168749941,0
49.53333333333333,60.74857206931243,3.522000485739108e-15,205.77453571883805,0
49.55,60.77018849605951,3.456341963109587e-15,205.6612121937517,0
49.56666666666667,60.79179301827393,3.3919087671037017e-15,205.54795107785168,0
49.583333333333336,60.813385642511726,3.3286780051233122e-15,205.43475233676818,0
49.6,60.83496637532532,3.2666272127693823e-15,205.32161593615032,0
49.61666666666667,60.85653522326352,3.205734345822811e-15,205.2085418416662,0
49.63333333333333,60.87809219287154,3.1459777723755977e-15,205.09553001900275,0
49.65,60.899637290690954,3.0873362651095823e-15,204.98258043386576,0
49.666666666666664,60.921170523259775,3.029788993719949e-15,204.86969305198005,0
49.68333333333333,60.94269189711238,2.9733155174808646e-15,204.75686783908918,0
49.7,60.96420141877959,2.9178957779503555e-15,204.64410476095568,0
49.71666666666667,60.985699094788586,2.8635100918121143e-15,204.5314037833608,0
49.733333333333334,61.00718493166298,2.8101391438514967e-15,204.4187648721048,0
49.75,61.02865893592277,2.7577639800631295e-15,204.30618799300663,0
49.766666666666666,61.0501211140844,2.7063660008877807e-15,204.1936731119042,0
49.78333333333333,61.07157147266069,2.6559269545760507e-15,204.08122019465412,0
49.8,61.093010018160896,2.606428930676445e-15,203.96882920713185,0
49.81666666666667,61.114436757090665,2.5578543536455246e-15,203.85650011523168,0
49.833333333333336,61.135851695952084,2.510185976577834e-15,203.7442328848666,0
49.85,61.15725484124364,2.463406875053422e-15,203.6320274819684,0
49.86666666666667,61.17864619946027,2.4175004411005823e-15,203.51988387248767,0
49.88333333333333,61.200025777093295,2.3724503772718828e-15,203.40780202239375,0
49.9,61.221393580630505,2.32824069083116e-15,203.29578189767466,0
49.916666666666664,61.242749616556075,2.284855688049478e-15,203.18382346433722,0
49.93333333333333,61.26409389135065,2.242279968608033e-15,203.0719266884069,0
49.95,61.28542641149125,2.2004984201059125e-15,202.96009153592794,0
49.96666666666667,61.30674718345139,2.1594962126708598e-15,202.8483179729633,0
49.983333333333334,61.32805621370099,2.1192587936709724e-15,202.73660596559455,0
50.0,61.34935350870639,2.079771882525553e-15,202.624955479922,0
50.016666666666666,61.37063907493041,2.0410214656132253e-15,202.51336648206453,0
50.03333333333333,61.39191291883228,2.0029937912753837e-15,202.40183893815987,0
50.05,61.41317504686768,1.965675364913405e-15,202.29037281436425,0
50.06666666666667,61.43442546548874,1.929052944177643e-15,202.17896807685253,0
50.083333333333336,61.45566418114403,1.893113534246601e-15,202.0676246918183,0
50.1,61.47689120027858,1.8578443831945907e-15,201.9563426254737,0
50.11666666666667,61.498106529333846,1.8232329774461473e-15,201.84512184404946,0
50.13333333333333,61.51931017474776,1.7892670373156567e-15,201.73396231379493,0
50.15,61.5405021429547,1.7559345126305495e-15,201.62286400097807,0
50.166666666666664,61.5616824403855,1.7232235784364747e-15,201.5118268718854,0
50.18333333333333,61.582851073467474,1.691122630782968e-15,201.40085089282204,0
50.2,61.604008048624365,1.659620282588082e-15,201.28993603011156,0
50.21666666666667,61.62515337227637,1.628705359580466e-15,201.1790822500962,0
50.233333333333334,61.6462870508402,1.5983668963175073e-15,201.0682895191367,0
50.25,61.66740909072898,1.5685941322780212e-15,200.95755780361225,0
50.266666666666666,61.68851949835234,1.5393765080281949e-15,200.84688706992068,0
50.28333333333333,61.70961828011636,1.5107036614593233e-15,200.73627728447823,0
50.3,61.73070544242359,1.4825654240959967e-15,200.62572841371966,0
50.31666666666667,61.75178099167309,1.4549518174735177e-15,200.5152404240982,0
50.333333333333336,61.772844934260334,1.4278530495831229e-15,200.40481328208566,0
50.35,61.793897276577326,1.401259511383779e-15,200.29444695417212,0
50.36666666666667,61.814938025012516,1.3751617733793633e-15,200.1841414068663,0
50.38333333333333,61.83596718595087,1.3495505822599334e-15,200.07389660669529,0
50.4,61.85698476577381,1.3244168576058806e-15,199.96371252020455,0
50.416666666666664,61.877990770859256,1.299751688653864e-15,199.85358911395812,0
50.43333333333333,61.89898520758161,1.2755463311232538e-15,199.7435263545383,0
50.45,61.91996808231177,1.251792204102095e-15,199.63352420854585,0
50.46666666666667,61.94093940141712,1.2284808869912897e-15,199.52358264259993,0
50.483333333333334,61.96189917126152,1.2056041165060894e-15,199.4137016233381,0
50.5,61.98284739820537,1.1831537837337089e-15,199.30388111741627,0
50.516666666666666,62.00378408860553,1.1611219312460313e-15,199.19412109150872,0
50.53333333333333,62.02470924881537,1.139500750266416e-15,199.0844215123081,0
50.55,62.045622885184756,1.1182825778895121e-15,198.9747823465253,0
50.56666666666667,62.066525004060075,1.0974598943531774e-15,198.8652035608897,0
50.583333333333336,62.087415611784195,1.0770253203614643e-15,198.75568512214895,0
50.6,62.10829471469651,1.056971614457709e-15,198.64622699706894,0
50.61666666666667,62.12916231913291,1.0372916704468463e-15,198.53682915243394,0
50.63333333333333,62.1500184314258,1.0179785148659624e-15,198.42749155504646,0
50.65,62.1708630579041,9.99025304502211e-16,198.31821417172733,0
50.666666666666664,62.19169620489324,9.804253239572056e-16,198.2089969693157,0
50.68333333333333,62.212517878715175,9.621719832570056e-16,198.09983991466885,0
50.7,62.23332808568836,9.442588155068456e-16,197.99074297466237,0
50.71666666666667,62.2541268321278,9.266794745897927e-16,197.88170611619017,0
50.733333333333334,62.274914124345,9.094277329084559e-16,197.7727293061643,0
50.75,62.29568996864799,8.9249747916899e-16,197.66381251151503,0
50.766666666666666,62.31645437134133,8.758827162065755e-16,197.55495569919103,0
50.78333333333333,62.33720733872612,8.595775588516147e-16,197.44615883615882,0
50.8,62.35794887709996,8.435762318358584e-16,197.3374218894034,0
50.81666666666667,62.37867899275701,8.278730677377383e-16,197.2287448259279,0
50.833333333333336,62.399397691987964,8.124625049661304e-16,197.1201276127535,0
50.85,62.42010498108002,7.973390857819119e-16,197.01157021691967,0
50.86666666666667,62.44080086631695,7.824974543564959e-16,196.90307260548397,0
50.88333333333333,62.461485353979036,7.679323548667251e-16,196.79463474552213,0
50.9,62.48215845034314,7.536386296254336e-16,196.686256604128,0
50.916666666666664,62.50282016168263,7.396112172469674e-16,196.57793814841355,0
50.93333333333333,62.523470494267414,7.258451508470731e-16,196.46967934550887,0
50.95,62.544109454363976,7.123355562764446e-16,196.36148016256215,0
50.96666666666667,62.56473704823537,6.990776503873517e-16,196.25334056673967,0
50.983333333333334,62.58535328214113,6.860667393326877e-16,196.14526052522572,0
51.0,62.60595816233738,6.732982168968623e-16,196.03724000522283,0
51.016666666666666,62.626551695076834,6.607675628579211e-16,195.92927897395145,0
51.03333333333333,62.647133886608714,6.484703413803195e-16,195.82137739865013,0
51.05,62.66770474317879,6.364021994377636e-16,195.71353524657547,0
51.06666666666667,62.68826427102945,6.245588652655747e-16,195.60575248500209,0
51.083333333333336,62.708812476399586,6.129361468419923e-16,195.49802908122263,0
51.1,62.72934936552471,6.015299303979244e-16,195.39036500254775,0
51.11666666666667,62.74987494463685,5.903361789545483e-16,195.28276021630612,0
51.13333333333333,62.77038921996463,5.793509308882915e-16,195.17521468984432,0
51.15,62.790892197733235,5.685702985226562e-16,195.0677283905271,0
51.166666666666664,62.81138388416441,5.579904667463975e-16,194.960301285737,0
51.18333333333333,62.83186428547648,5.476076916575328e-16,194.85293334287456,0
51.2,62.85233340788439,5.374182992327485e-16,194.74562452935837,0
51.21666666666667,62.87279125759958,5.274186840216735e-16,194.63837481262485,0
51.233333333333334,62.893237840830146,5.176053078655902e-16,194.53118416012848,0
51.25,62.91367316378073,5.079746986401245e-16,194.42405253934146,0
51.266666666666666,62.93409723265253,4.985234490214332e-16,194.3169799177541,0
51.28333333333333,62.954510053643375,4.89248215275489e-16,194.20996626287456,0
51.3,62.97491163294767,4.80145716070008e-16,194.10301154222884,0
51.31666666666667,62.9953019767564,4.712127313085941e-16,193.99611572336084,0
51.333333333333336,63.01568109125714,4.624461009867061e-16,193.8892787738324,0
51.35,63.03604898263407,4.538427240690007e-16,193.7825006612231,0
51.36666666666667,63.05640565706794,4.453995573876936e-16,193.67578135313056,0
51.38333333333333,63.076751120736105,4.3711361456151197e-16,193.5691208171701,0
51.4,63.097085379812526,4.2898196493487545e-16,193.46251902097484,0
51.416666666666664,63.117408440467784,4.2100173253691176e-16,193.35597593219583,0
51.43333333333333,63.13772030886901,4.131700950599374e-16,193.24949151850197,0
51.45,63.158020991179995,4.054842828570526e-16,193.1430657475798,0
51.46666666666667,63.1783104935611,3.979415779584727e-16,193.0366985871338,0
51.483333333333334,63.19858882216929,3.9053931310625933e-16,192.93039000488622,0
51.5,63.21885598315817,3.8327487080710723e-16,192.824139968577,0
51.516666666666666,63.239111982677926,3.7614568240283196e-16,192.71794844596386,0
51.53333333333333,63.25935682687536,3.6914922715824897e-16,192.6118154048224,0
51.55,63.279590521893915,3.622830313661076e-16,192.50574081294587,0
51.56666666666667,63.29981307387363,3.555446674687523e-16,192.39972463814527,0
51.583333333333336,63.320024488951134,3.4893175319623026e-16,192.29376684824928,0
51.6,63.34022477325975,3.4244195072047864e-16,192.18786741110438,0
51.61666666666667,63.36041393292936,3.360729658253571e-16,192.08202629457472,0
51.63333333333333,63.38059197408651,3.298225470921909e-16,191.9762434665421,0
51.65,63.40075890285432,3.2368848510053013e-16,191.8705188949061,0
51.666666666666664,63.4209147253526,3.1766861164386415e-16,191.76485254758396,0
51.68333333333333,63.44105944769775,3.1176079895999415e-16,191.65924439251054,0
51.7,63.4611930760028,3.059629589757904e-16,191.55369439763837,0
51.71666666666667,63.48131561637746,3.0027304256607883e-16,191.44820253093764,0
51.733333333333334,63.50142707492801,2.9468903882636966e-16,191.34276876039615,0
51.75,63.521527457757394,2.892089743591925e-16,191.23739305401944,0
51.766666666666666,63.541616770965234,2.838309125737615e-16,191.13207537983052,0
51.78333333333333,63.56169502064773,2.785529529987461e-16,191.02681570587015,0
51.8,63.581762212897786,2.733732306078752e-16,190.92161400019654,0
51.81666666666667,63.601818353804866,2.6828991515814934e-16,190.81647023088567,0
51.833333333333336,63.621863449455155,2.633012105404332e-16,190.7113843660309,0
51.85,63.64189750593148,2.584053541421734e-16,190.6063563737433,0
51.86666666666667,63.6619205293133,2.5360061622203193e-16,190.5013862221515,0
51.88333333333333,63.68193252567669,2.488852992962142e-16,190.3964738794016,0
51.9,63.70193350109446,2.4425773753625744e-16,190.29161931365735,0
51.916666666666664,63.72192346163601,2.3971629617808315e-16,190.1868224930999,0
51.93333333333333,63.74190241336743,2.352593709420849e-16,190.08208338592806,0
51.95,63.761870362351424,2.3088538746405904e-16,189.97740196035804,0
51.96666666666667,63.781827314647444,2.2659280073677315e-16,189.87277818462366,0
51.983333333333334,63.80177327631151,2.223800945619676e-16,189.7682120269761,0
52.0,63.82170825339638,2.182457810125901e-16,189.66370345568419,0
52.016666666666666,63.841632251951424,2.1418839990509673e-16,189.5592524390341,0
52.03333333333333,63.861545278022724,2.102065182815973e-16,189.45485894532948,0
52.05,63.881447337653,2.0629872990168846e-16,189.35052294289156,0
52.06666666666667,63.90133843688166,2.0246365474377726e-16,189.24624440005886,0
52.083333333333336,63.92121858174478,1.986999385157235e-16,189.14202328518743,0
52.1,63.94108777827512,1.9500625217462724e-16,189.0378595666507,0
52.11666666666667,63.960946032502115,1.913812914555859e-16,188.93375321283952,0
52.13333333333333,63.980793350451854,1.8782377640926192e-16,188.82970419216218,0
52.15,64.00062973814717,1.8433245094808206e-16,188.72571247304438,0
52.166666666666664,64.0204552016075,1.8090608240092418e-16,188.62177802392915,0
52.18333333333333,64.04026974684903,1.775434610761172e-16,188.5179008132769,0
52.2,64.06007337988461,1.742433998326069e-16,188.4140808095655,0
52.21666666666667,64.07986610672378,1.7100473365913883e-16,188.31031798129004,0
52.233333333333334,64.09964793337274,1.6782631926129313e-16,188.20661229696316,0
52.25,64.11941886583442,1.6470703465624063e-16,188.10296372511462,0
52.266666666666666,64.13917891010843,1.616457787750693e-16,187.9993722342916,0
52.28333333333333,64.1589280721911,1.5864147107253638e-16,187.8958377930587,0
52.3,64.17866635807543,1.5569305114411242e-16,187.79236036999762,0
52.31666666666667,64.1983937737511,1.5279947835017897e-16,187.68893993370762,0
52.333333333333336,64.21811032520456,1.4995973144724513e-16,187.58557645280501,0
52.35,64.2378160184189,1.47172808226053e-16,187.4822698959236,0
52.36666666666667,64.25751085937394,1.4443772515644229e-16,187.37902023171426,0
52.38333333333333,64.2771948540462,1.4175351703884882e-16,187.27582742884528,0
52.4,64.29686800840892,1.3911923666231215e-16,187.17269145600216,0
52.416666666666664,64.31653032843202,1.3653395446887102e-16,187.06961228188763,0
52.43333333333333,64.33618182008219,1.3399675822422544e-16,186.9665898752217,0
52.45,64.35582248932278,1.3150675269455034e-16,186.8636242047415,0
52.46666666666667,64.37545234211385,1.2906305932934688e-16,186.76071523920152,0
52.483333333333334,64.39507138441223,1.26664815950214e-16,186.65786294737336,0
52.5,64.41467962217146,1.2431117644543307e-16,186.55506729804586,0
52.516666666666666,64.43427706134175,1.2200131047025716e-16,186.452328260025,0
52.53333333333333,64.45386370787006,1.1973440315279733e-16,186.349645802134,0
52.55,64.4734395677001,1.1750965480539743e-16,186.24701989321323,0
52.56666666666667,64.49300464677229,1.1532628064140478e-16,186.14445050212024,0
52.583333333333336,64.51255895102378,1.1318351049722488e-16,186.0419375977296,0
52.6,64.53210248638842,1.1108058855956847e-16,185.93948114893325,0
52.61666666666667,64.55163525879682,1.0901677309778897e-16,185.8370811246401,0
52.63333333333333,64.57115727417637,1.0699133620122157e-16,185.73473749377615,0
52.65,64.59066853845111,1.0500356352142453e-16,185.63245022528463,0
52.666666666666664,64.61016905754184,1.0305275401923048e-16,185.53021928812586,0
52.68333333333333,64.62965883736615,1.0113821971652655e-16,185.4280446512772,0
52.7,64.64913788383834,9.925928545266428e-17,185.32592628373305,0
52.71666666666667,64.6686062028694,9.741528864541763e-17,185.22386415450507,0
52.733333333333334,64.68806380036716,9.560557905640628e-17,185.12185823262175,0
52.75,64.70751068223613,9.382951856089417e-17,185.01990848712884,0
52.766666666666666,64.7269468543776,9.208648092189303e-17,184.91801488708904,0
52.78333333333333,64.7463723226896,9.037585156847249e-17,184.81617740158202,0
52.8,64.76578709306689,8.869702737821963e-17,184.7143959997046,0
52.81666666666667,64.78519117140101,8.704941646374959e-17,184.6126706505706,0
52.833333333333336,64.80458456358026,8.543243796321001e-17,184.5110013233108,0
52.85,64.8239672754897,8.384552183469055e-17,184.40938798707302,0
52.86666666666667,64.84333931301109,8.228810865447176e-17,184.30783061102204,0
52.88333333333333,64.86270068202305,8.075964941903949e-17,184.20632916433962,0
52.9,64.88205138840087,7.925960535079606e-17,184.10488361622455,0
52.916666666666664,64.90139143801665,7.778744770739648e-17,184.00349393589252,0
52.93333333333333,64.92072083673926,7.634265759464412e-17,183.90216009257617,0
52.95,64.94003959043432,7.492472578287763e-17,183.80088205552516,0
52.96666666666667,64.95934770496424,7.353315252678601e-17,183.699659794006,0
52.983333333333334,64.97864518618817,7.216744738858655e-17,183.5984932773022,0
53.0,64.99793203996208,7.082712906450104e-17,183.49738247471407,0
53.016666666666666,65.01720827213866,6.951172521447368e-17,183.39632735555892,0
53.03333333333333,65.03647388856743,6.822077229506327e-17,183.29532788917098,0
53.05,65.05572889509462,6.695381539545693e-17,183.1943840449013,0
53.06666666666667,65.0749732975633,6.57104080765415e-17,183.09349579211792,0
53.083333333333336,65.09420710181331,6.449011221298129e-17,182.99266310020553,0
53.1,65.11343031368129,6.329249783823891e-17,182.8918859385659,0
53.11666666666667,65.1326429390006,6.211714299249186e-17,182.79116427661756,0
53.13333333333333,65.15184498360148,6.096363357338369e-17,182.69049808379583,0
53.15,65.17103645331089,5.983156318956329e-17,182.58988732955302,0
53.166666666666664,65.19021735395259,5.872053301695418e-17,182.48933198335808,0
53.18333333333333,65.20938769134716,5.76301516577075e-17,182.3888320146969,0
53.2,65.22854747131194,5.656003500178604e-17,182.28838739307213,0
53.21666666666667,65.24769669966112,5.550980609113144e-17,182.18799808800324,0
53.233333333333334,65.26683538220563,5.447909498636408e-17,182.08766406902637,0
53.25,65.2859635247532,5.346753863597243e-17,181.98738530569463,0
53.266666666666666,65.30508113310843,5.2474780747941545e-17,181.8871617675778,0
53.28333333333333,65.32418821307266,5.150047166377566e-17,181.78699342426236,0
53.3,65.34328477044404,5.054426823487339e-17,181.68688024535163,0
53.31666666666667,65.36237081101757,4.9605833701207214e-17,181.58682220046566,0
53.333333333333336,65.381446340585,4.8684837572267283e-17,181.48681925924114,0
53.35,65.40051136493494,4.7780955510226147e-17,181.38687139133165,0
53.36666666666667,65.41956588985278,4.6893869215281633e-17,181.28697856640727,0
53.38333333333333,65.43860992112073,4.6023266313142e-17,181.18714075415497,0
53.4,65.45764346451784,4.5168840244605196e-17,181.0873579242783,0
53.416666666666664,65.47666652581995,4.433029015720204e-17,180.9876300464976,0
53.43333333333333,65.4956791107997,4.350732079885848e-17,180.88795709054972,0
53.45,65.51468122522661,4.269964241354155e-17,180.7883390261883,0
53.46666666666667,65.53367287486698,4.190697063885204e-17,180.68877582318368,0
53.483333333333334,65.55265406548396,4.1129026405527815e-17,180.58926745132277,0
53.5,65.57162480283752,4.036553583881993e-17,180.48981388040906,0
53.516666666666666,65.5905850926844,3.961623016171032e-17,180.39041508026276,0
53.53333333333333,65.60953494077827,3.888084559993307e-17,180.29107102072072,0
53.55,65.62847435286956,3.815912328876715e-17,180.19178167163633,0
53.56666666666667,65.64740333470553,3.745080918156876e-17,180.09254700287963,0
53.583333333333336,65.66632189203033,3.6755653960008114e-17,179.99336698433723,0
53.6,65.6852300305849,3.607341294598033e-17,179.89424158591234,0
53.61666666666667,65.70412775610706,3.540384601516027e-17,179.7951707775247,0
53.63333333333333,65.72301507433141,3.4746717512168195e-17,179.6961545291107,0
53.65,65.74189199098943,3.410179616731867e-17,179.5971928106232,0
53.666666666666664,65.76075851180946,3.3468855014919943e-17,179.4982855920317,0
53.68333333333333,65.77961464251663,3.2847671313099425e-17,179.39943284332205,0
53.7,65.79846038883299,3.223802646512195e-17,179.3006345344969,0
53.71666666666667,65.81729575647739,3.1639705942176687e-17,179.20189063557527,0
53.733333333333334,65.83612075116552,3.10524992076027e-17,179.10320111659263,0
53.75,65.85493537860998,3.047619964252838e-17,179.00456594760112,0
53.766666666666666,65.87373964452013,2.991060447289665e-17,178.90598509866916,0
53.78333333333333,65.8925335546023,2.935551469785095e-17,178.80745853988185,0
53.8,65.91131711455958,2.8810735019457e-17,178.70898624134068,0
53.81666666666667,65.93009033009197,2.8276073773733526e-17,178.6105681731636,0
53.833333333333336,65.94885320689635,2.7751342862971052e-17,178.51220430548508,0
53.85,65.9676057506664,2.723635768931007e-17,178.4138946084559,0
53.86666666666667,65.98634796709268,2.6730937089559458e-17,178.31563905224345,0
53.88333333333333,66.00507986186268,2.6234903271228602e-17,178.2174376070314,0
53.9,66.02380144066068,2.5748081749753352e-17,178.11929024301992,0
53.916666666666664,66.04251270916788,2.5270301286891385e-17,178.02119693042556,0
53.93333333333333,66.06121367306233,2.4801393830266245e-17,177.92315763948136,0
53.95,66.0799043380189,2.4341194454038198e-17,177.8251723404366,0
53.96666666666667,66.09858470970948,2.3889541300681723e-17,177.72724100355705,0
53.983333333333334,66.1172547938027,2.3446275523847225e-17,177.62936359912487,0
54.0,66.13591459596411,2.3011241232288617e-17,177.5315400974385,0
54.016666666666666,66.15456412185617,2.2584285434835875e-17,177.4337704688128,0
54.03333333333333,66.17320337713814,2.2165257986393625e-17,177.336054683579,0
54.05,66.19183236746628,2.175401153494524e-17,177.23839271208456,0
54.06666666666667,66.21045109849364,2.1350401469546097e-17,177.1407845246934,0
54.083333333333336,66.22905957587021,2.0954285869285055e-17,177.04323009178563,0
54.1,66.24765780524282,2.056552545319791e-17,176.94572938375785,0
54.11666666666667,66.26624579225525,2.0183983531113957e-17,176.8482823710228,0
54.13333333333333,66.28482354254814,1.9809525955418736e-17,176.75088902400955,0
54.15,66.30339106175902,1.944202107371589e-17,176.6535493131635,0
54.166666666666664,66.3219483555223,1.9081339682371045e-17,176.5562632089463,0
54.18333333333333,66.34049542946931,1.872735498092191e-17,176.45903068183588,0
54.2,66.35903228922831,1.8379942527337195e-17,176.36185170232642,0
54.21666666666667,66.37755894042441,1.803898019411011e-17,176.26472624092838,0
54.233333333333334,66.39607538867962,1.770434812516971e-17,176.16765426816832,0
54.25,66.41458163961289,1.7375928693595103e-17,176.07063575458926,0
54.266666666666666,66.43307769884007,1.705360646011775e-17,175.97367067075027,0
54.28333333333333,66.45156357197388,1.6737268132397347e-17,175.87675898722665,0
54.3,66.47003926462398,1.642680252505572e-17,175.77990067461002,0
54.31666666666667,66.48850478239696,1.612210052045648e-17,175.6830957035081,0
54.333333333333336,66.50696013089627,1.582305503021444e-17,175.58634404454477,0
54.35,66.5254053157223,1.5529560957423273e-17,175.4896456683601,0
54.36666666666667,66.54384034247236,1.5241515159585942e-17,175.3930005456105,0
54.38333333333333,66.56226521674068,1.4958816412236537e-17,175.29640864696827,0
54.4,66.58067994411843,1.46813653732395e-17,175.19986994312202,0
54.416666666666664,66.59908453019362,1.4409064547754186e-17,175.10338440477653,0
54.43333333333333,66.61747898055128,1.4141818253852065e-17,175.00695200265258,0
54.45,66.63586330077331,1.3879532588774654e-17,174.91057270748723,0
54.46666666666667,66.65423749643855,1.3622115395819843e-17,174.81424649003353,0
54.483333333333334,66.67260157312276,1.3369476231845256e-17,174.71797332106067,0
54.5,66.69095553639862,1.3121526335377045e-17,174.621753171354,0
54.516666666666666,66.70929939183576,1.287817859531258e-17,174.52558601171486,0
54.53333333333333,66.72763314500077,1.2639347520206571e-17,174.42947181296077,0
54.55,66.7459568014571,1.2404949208128903e-17,174.3334105459252,0
54.56666666666667,66.7642703667652,1.2174901317084056e-17,174.2374021814579,0
54.583333333333336,66.78257384648245,1.19491230359819e-17,174.14144669042437,0
54.6,66.80086724616315,1.1727535056148767e-17,174.0455440437064,0
54.61666666666667,66.8191505713585,1.1510059543369359e-17,173.94969421220168,0
54.63333333333333,66.83742382761677,1.1296620110449603e-17,173.85389716682403,0
54.65,66.85568702048303,1.1087141790290278e-17,173.7581528785032,0
54.666666666666664,66.8739401554994,1.088155100946212e-17,173.66246131818502,0
54.68333333333333,66.89218323820486,1.0679775562273622e-17,173.56682245683126,0
54.7,66.91041627413546,1.0481744585321141e-17,173.47123626541966,0
54.71666666666667,66.92863926882406,1.0287388532513562e-17,173.37570271494405,0
54.733333333333334,66.94685222780059,1.0096639150561777e-17,173.2802217764142,0
54.75,66.96505515659184,9.909429454924698e-18,173.18479342085578,0
54.766666666666666,66.98324806072165,9.725693706203503e-18,173.0894176193104,0
54.78333333333333,67.00143094571075,9.545367386975048e-18,172.99409434283578,0
54.8,67.01960381707684,9.368387179057212e-18,172.8988235625054,0
54.81666666666667,67.03776668033464,9.19469094119723e-18,172.80360524940878,0
54.833333333333336,67.05591954099572,9.024217687175706e-18,172.7084393746513,0
54.85,67.07406240456872,8.856907564318455e-18,172.6133259093543,0
54.86666666666667,67.09219527655917,8.6927018324081e-18,172.51826482465498,0
54.88333333333333,67.11031816246965,8.531542842988897e-18,172.42325609170646,0
54.9,67.12843106779964,8.373374019056568e-18,172.32829968167778,0
54.916666666666664,67.14653399804563,8.218139835126393e-18,172.2333955657538,0
54.93333333333333,67.16462695870102,8.065785797672493e-18,172.13854371513523,0
54.95,67.1827099552563,7.916258425931336e-18,172.04374410103873,0
54.96666666666667,67.20078299319883,7.769505233062498e-18,171.94899669469672,0
54.983333333333334,67.21884607801299,7.625474707660574e-18,171.85430146735754,0
55.0,67.23689921518013,7.484116295610818e-18,171.75965839028535,0
55.016666666666666,67.2549424101786,7.345380382283032e-18,171.66506743476003,0
55.03333333333333,67.27297566848371,7.209218275056727e-18,171.57052857207745,0
55.05,67.29099899556779,7.075582186171801e-18,171.47604177354913,0
55.06666666666667,67.30901239690012,6.94442521589824e-18,171.38160701050253,0
55.083333333333336,67.32701587794696,6.815701336019452e-18,171.28722425428077,0
55.1,67.3450094441716,6.689365373622865e-18,171.19289347624283,0
55.11666666666667,67.3629931010343,6.565372995192402e-18,171.09861464776344,0
55.13333333333333,67.3809668539923,6.443680690997018e-18,171.0043877402331,0
55.15,67.39893070849988,6.3242457597698584e-18,170.91021272505807,0
55.166666666666664,67.41688467000824,6.207026293672823e-18,170.81608957366035,0
55.18333333333333,67.43482874396564,6.091981163540635e-18,170.72201825747763,0
55.2,67.45276293581733,5.979070004399946e-18,170.6279987479634,0
55.21666666666667,67.47068725100556,5.868253201257759e-18,170.53403101658694,0
55.233333333333334,67.48860169496955,5.759491875154533e-18,170.44011503483304,0
55.25,67.50650627314559,5.652747869476786e-18,170.34625077420233,0
55.266666666666666,67.52440099096688,5.547983736524502e-18,170.25243820621114,0
55.28333333333333,67.54228585386373,5.44516272432865e-18,170.15867730239142,0
55.3,67.56016086726339,5.344248763713913e-18,170.0649680342909,0
55.31666666666667,67.57802603659017,5.2452064556022545e-18,169.97131037347282,0
55.333333333333336,67.59588136726536,5.148001058552896e-18,169.87770429151627,0
55.35,67.61372686470725,5.052598476533996e-18,169.78414976001582,0
55.36666666666667,67.6315625343312,4.958965246922156e-18,169.6906467505818,0
55.38333333333333,67.64938838154953,4.867068528725071e-18,169.59719523484014,0
55.4,67.66720441177162,4.776876091023434e-18,169.5037951844324,0
55.416666666666664,67.68501063040385,4.688356301627967e-18,169.4104465710157,0
55.43333333333333,67.70280704284964,4.601478115947487e-18,169.31714936626287,0
55.45,67.7205936545094,4.516211066064163e-18,169.2239035418622,0
55.46666666666667,67.7383704707806,4.432525250012136e-18,169.13070906951776,0
55.483333333333334,67.75613749705772,4.3503913212554856e-18,169.03756592094908,0
55.5,67.7738947387323,4.269780478362161e-18,168.94447406789124,0
55.516666666666666,67.79164220119287,4.190664454870013e-18,168.85143348209496,0
55.53333333333333,67.80937988982501,4.113015509341331e-18,168.75844413532647,0
55.55,67.82710781001133,4.036806415602551e-18,168.66550599936764,0
55.56666666666667,67.8448259671315,3.962010453165493e-18,168.57261904601575,0
55.583333333333336,67.86253436656216,3.888601397826836e-18,168.47978324708365,0
55.6,67.88023301367707,3.816553512442559e-18,168.38699857439983,0
55.61666666666667,67.897921913847,3.745841537873979e-18,168.29426499980806,0
55.63333333333333,67.91560107243974,3.676440684102276e-18,168.20158249516786,0
55.65,67.93327049482015,3.608326621508321e-18,168.1089510323541,0
55.666666666666664,67.95093018635012,3.541475472314748e-18,168.01637058325718,0
55.68333333333333,67.9685801523886,3.475863802187243e-18,167.923841119783,0
55.7,67.9862203982916,3.411468611992104e-18,167.8313626138529,0
55.71666666666667,68.00385092941211,3.348267329707124e-18,167.7389350374037,0
55.733333333333334,68.02147175110028,3.2862378024829926e-18,167.64655836238768,0
55.75,68.03908286870325,3.2253582888523172e-18,167.5542325607725,0
55.766666666666666,68.0566842875652,3.1656074510836645e-18,167.46195760454145,0
55.78333333333333,68.0742760130274,3.1069643476777613e-18,167.369733465693,0
55.8,68.0918580504282,3.0494084260033894e-18,167.27756011624118,0
55.81666666666667,68.10943040510293,2.992919515070149e-18,167.1854375282154,0
55.833333333333336,68.12699308238408,2.9374778184357216e-18,167.09336567366051,0
55.85,68.1445460876011,2.883063907245066e-18,167.00134452463672,0
55.86666666666667,68.16208942608061,2.82965871339911e-18,166.90937405321964,0
55.88333333333333,68.17962310314621,2.7772435228504913e-18,166.8174542315002,0
55.9,68.19714712411863,2.725799969023978e-18,166.7255850315848,0
55.916666666666664,68.21466149431565,2.6753100263592915e-18,166.63376642559518,0
55.93333333333333,68.23216621905209,2.6257560039740665e-18,166.5419983856684,0
55.95,68.24966130363988,2.5771205394446268e-18,166.4502808839568,0
55.96666666666667,68.267146753388,2.529386592702443e-18,166.35861389262817,0
55.983333333333334,68.28462257360256,2.482537440044129e-18,166.26699738386563,0
56.0,68.30208876958667,2.43655666825285e-18,166.17543132986754,0
56.016666666666666,68.31954534664057,2.3914281688290073e-18,166.08391570284758,0
56.03333333333333,68.33699231006155,2.3471361323282816e-18,165.99245047503481,0
56.05,68.35442966514401,2.3036650428049644e-18,165.9010356186735,0
56.06666666666667,68.37185741717946,2.260999672358584e-18,165.8096711060232,0
56.083333333333336,68.38927557145641,2.2191250757820135e-18,165.71835690935885,0
56.1,68.40668413326054,2.1780265853090273e-18,165.62709300097052,0
56.11666666666667,68.42408310787457,2.1376898054596304e-18,165.53587935316366,0
56.13333333333333,68.44147250057833,2.0981006079811498e-18,165.4447159382589,0
56.15,68.45885231664874,2.059245126883448e-18,165.3536027285921,0
56.166666666666664,68.47622256135983,2.021109753566462e-18,165.2625396965144,0
56.18333333333333,68.49358323998271,1.983681132038338e-18,165.17152681439217,0
56.2,68.51093435778557,1.9469461542224694e-18,165.08056405460698,0
56.21666666666667,68.52827592003372,1.910891955351788e-18,164.98965138955558,0
56.233333333333334,68.54560793198955,1.87550590944874e-18,164.89878879164993,0
56.25,68.5629303989126,1.8407756248892825e-18,164.80797623331728,0
56.266666666666666,68.58024332605947,1.806688940049329e-18,164.71721368699994,0
56.28333333333333,68.59754671868387,1.7732339190321944e-18,164.62650112515544,0
56.3,68.61484058203663,1.740398847475428e-18,164.53583852025653,0
56.31666666666667,68.63212492136567,1.7081722284356557e-18,164.44522584479103,0
56.333333333333336,68.64939974191604,1.6765427783498935e-18,164.35466307126194,0
56.35,68.6666650489299,1.6454994230719488e-18,164.26415017218747,0
56.36666666666667,68.68392084764652,1.6150312939825488e-18,164.17368712010085,0
56.38333333333333,68.70116714330224,1.5851277241717407e-18,164.08327388755058,0
56.4,68.7184039411306,1.5557782446922854e-18,163.99291044710006,0
56.416666666666664,68.7356312463622,1.5269725808827094e-18,163.90259677132812,0
56.43333333333333,68.75284906422478,1.4987006487586865e-18,163.81233283282836,0
56.45,68.77005739994317,1.4709525514715318e-18,163.7221186042097,0
56.46666666666667,68.78725625873938,1.4437185758325067e-18,163.63195405809606,0
56.483333333333334,68.8044456458325,1.4169891889017648e-18,163.5418391671264,0
56.5,68.82162556643874,1.3907550346406455e-18,163.45177390395483,0
56.516666666666666,68.83879602577149,1.3650069306262829e-18,163.36175824125044,0
56.53333333333333,68.85595702904119,1.339735864827206e-18,163.27179215169747,0
56.55,68.8731085814555,1.314932992438913e-18,163.18187560799507,0
56.56666666666667,68.89025068821914,1.2905896327782532e-18,163.09200858285755,0
56.583333333333336,68.90738335453399,1.266697266235561e-18,163.0021910490142,0
56.6,68.92450658559906,1.2432475312833833e-18,162.91242297920934,0
56.61666666666667,68.94162038661052,1.2202322215408488e-18,162.82270434620222,0
56.63333333333333,68.95872476276168,1.1976432828926087e-18,162.7330351227672,0
56.65,68.97581971924289,1.1754728106612757e-18,162.6434152816936,0
56.666666666666664,68.99290526124182,1.1537130468324653e-18,162.5538447957857,0
56.68333333333333,69.0099813939431,1.1323563773313819e-18,162.46432363786278,0
56.7,69.02704812252865,1.111395329350031e-18,162.37485178075912,0
56.71666666666667,69.04410545217746,1.0908225687240974e-18,162.28542919732382,0
56.733333333333334,69.06115338806566,1.0706308973585738e-18,162.19605586042113,0
56.75,69.07819193536658,1.0508132507012416e-18,162.10673174293012,0
56.766666666666666,69.09522109925067,1.0313626952630917e-18,162.0174568177448,0
56.78333333333333,69.11224088488554,1.0122724261848348e-18,161.92823105777418,0
56.8,69.12925129743591,9.935357648486195e-19,161.83905443594213,0
56.81666666666667,69.14625234206376,9.75146156534152e-19,161.74992692518742,0
56.833333333333336,69.16324402392813,9.570971681183385e-19,161.66084849846374,0
56.85,69.18022634818526,9.393824858177233e-19,161.57181912873972,0
56.86666666666667,69.19719931998853,9.219959129728241e-19,161.48283878899883,0
56.88333333333333,69.21416294448848,9.049313678736648e-19,161.39390745223943,0
56.9,69.23111722683288,8.881828816257199e-19,161.30502509147473,0
56.916666666666664,69.24806217216658,8.717445960554942e-19,161.21619167973284,0
56.93333333333333,69.26499778563165,8.556107616550175e-19,161.12740719005663,0
56.95,69.28192407236729,8.397757355645507e-19,161.038671595504,0
56.96666666666667,69.29884103750989,8.24233979592755e-19,160.94998486914753,0
56.983333333333334,69.315748686193,8.089800582736549e-19,160.86134698407466,0
57.0,69.33264702354738,7.940086369596931e-19,160.7727579133877,0
57.016666666666666,69.34953605470092,7.793144799502307e-19,160.68421763020368,0
57.03333333333333,69.36641578477867,7.648924486547923e-19,160.59572610765457,0
57.05,69.38328621890294,7.507374997904646e-19,160.507283318887,0
57.06666666666667,69.40014736219317,7.368446836127651e-19,160.4188892370625,0
57.083333333333336,69.41699921976596,7.232091421793763e-19,160.3305438353573,0
57.1,69.43384179673511,7.098261076461467e-19,160.2422470869624,0
57.11666666666667,69.45067509821159,6.966909005947432e-19,160.15399896508367,0
57.13333333333333,69.4674991293036,6.83798928391362e-19,160.06579944294162,0
57.15,69.4843138951165,6.7114568357595055e-19,159.9776484937716,0
57.166666666666664,69.5011194007528,6.587267422813174e-19,159.8895460908236,0
57.18333333333333,69.5179156513123,6.465377626816508e-19,159.80149220736237,0
57.2,69.53470265189185,6.3457448346981455e-19,159.71348681666748,0
57.21666666666667,69.55148040758563,6.228327223629655e-19,159.62552989203306,0
57.233333333333334,69.56824892348494,6.11308374635907e-19,159.5376214067681,0
57.25,69.58500820467829,5.999974116816905e-19,159.44976133419615,0
57.266666666666666,69.60175825625137,5.888958795989531e-19,159.3619496476556,0
57.28333333333333,69.61849908328712,5.7799989780550355e-19,159.27418632049938,0
57.3,69.63523069086563,5.673056576776371e-19,159.18647132609522,0
57.31666666666667,69.6519530840642,5.5680942121475115e-19,159.09880463782537,0
57.333333333333336,69.66866626795736,5.465075197287387e-19,159.01118622908686,0
57.35,69.68537024761686,5.363963525577351e-19,158.92361607329136,0
57.36666666666667,69.70206502811156,5.264723858037601e-19,158.83609414386515,0
57.38333333333333,69.71875061450764,5.167321510937928e-19,158.74862041424913,0
57.4,69.73542701186845,5.071722443638568e-19,158.66119485789883,0
57.416666666666664,69.75209422525452,4.977893246656986e-19,158.57381744828447,0
57.43333333333333,69.76875225972367,4.885801129956151e-19,158.4864881588908,0
57.45,69.78540112033085,4.7954139114504025e-19,158.39920696321715,0
57.46666666666667,69.80204081212824,4.706700005724663e-19,158.31197383477758,0
57.483333333333334,69.81867134016528,4.61962841296331e-19,158.2247887471006,0
57.5,69.83529270948861,4.534168708084406e-19,158.13765167372938,0
57.516666666666666,69.85190492514211,4.450291030075987e-19,158.05056258822157,0
57.53333333333333,69.86850799216683,4.367966071530122e-19,157.96352146414947,0
57.55,69.8851019156011,4.2871650683714535e-19,157.8765282750999,0
57.56666666666667,69.90168670048041,4.207859789776422e-19,157.78958299467425,0
57.583333333333336,69.91826235183757,4.1300225282797515e-19,157.70268559648844,0
57.6,69.93482887470253,4.0536260900644765e-19,157.61583605417283,0
57.61666666666667,69.9513862741025,3.9786437854324876e-19,157.52903434137247,0
57.63333333333333,69.96793455506196,3.9050494194518075e-19,157.44228043174678,0
57.65,69.98447372260259,3.832817282777655e-19,157.35557429896983,0
57.666666666666664,70.00100378174325,3.761922142643924e-19,157.26891591672998,0
57.68333333333333,70.01752473750014,3.692339234021862e-19,157.18230525873022,0
57.7,70.03403659488662,3.624044250942955e-19,157.0957422986881,0
57.71666666666667,70.05053935891335,3.5570133379828966e-19,157.00922701033545,0
57.733333333333334,70.06703303458816,3.491223081903673e-19,156.9227593674187,0
57.75,70.08351762691619,3.4266505034507775e-19,156.8363393436987,0
57.766666666666666,70.09999314089978,3.363273049302824e-19,156.74996691295073,0
57.78333333333333,70.11645958153852,3.301068584170456e-19,156.66364204896456,0
57.8,70.13291695382925,3.240015383042111e-19,156.57736472554438,0
57.81666666666667,70.14936526276611,3.180092123573597e-19,156.49113491650874,0
57.833333333333336,70.16580451334039,3.1212778786189957e-19,156.40495259569067,0
57.85,70.18223471054071,3.0635521089002757e-19,156.3188177369377,0
57.86666666666667,70.1986558593529,3.006894655812931e-19,156.23273031411154,0
57.88333333333333,70.21506796476005,2.9512857343651615e-19,156.14669030108846,0
57.9,70.23147103174257,2.896705926248147e-19,156.0606976717591,0
57.916666666666664,70.24786506527803,2.8431361730349783e-19,155.97475240002845,0
57.93333333333333,70.26425007034132,2.7905577695057873e-19,155.88885445981586,0
57.95,70.28062605190455,2.7389523570968003e-19,155.80300382505513,0
57.96666666666667,70.29699301493713,2.688301917470987e-19,155.71720046969426,0
57.983333333333334,70.31335096440571,2.638588766208034e-19,155.6314443676957,0
58.0,70.32969990527424,2.5897955466115215e-19,155.54573549303626,0
58.016666666666666,70.34603984250388,2.5419052236308715e-19,155.46007381970702,0
58.03333333333333,70.3623707810531,2.4949010778963166e-19,155.37445932171343,0
58.05,70.37869272587763,2.448766699864413e-19,155.28889197307515,0
58.06666666666667,70.39500568193046,2.4034859840723203e-19,155.20337174782637,0
58.083333333333336,70.41130965416183,2.3590431234986755e-19,155.11789862001532,0
58.1,70.4276046475193,2.315422604029124e-19,155.03247256370466,0
58.11666666666667,70.44389066694772,2.2726091990245665e-19,154.9470935529714,0
58.13333333333333,70.46016771738917,2.230587963990292e-19,154.86176156190666,0
58.15,70.476435803783,2.1893442313438684e-19,154.77647656461593,0
58.166666666666664,70.49269493106588,2.1488636052803391e-19,154.691238535219,0
58.18333333333333,70.50894510417176,2.1091319567325462e-19,154.60604744784973,0
58.2,70.52518632803181,2.070135418425092e-19,154.52090327665647,0
58.21666666666667,70.54141860757458,2.0318603800199914e-19,154.43580599580162,0
58.233333333333334,70.55764194772584,1.99429348335253e-19,154.3507555794619,0
58.25,70.57385635340866,1.957421617755389e-19,154.26575200182825,0
58.266666666666666,70.5900618295434,1.9212319154696296e-19,154.18079523710574,0
58.28333333333333,70.60625838104772,1.8857117471408184e-19,154.09588525951372,0
58.3,70.62244601283658,1.850848717398718e-19,154.01102204328578,0
58.31666666666667,70.63862472982218,1.8166306605189863e-19,153.92620556266962,0
58.333333333333336,70.6547945369141,1.7830456361654102e-19,153.8414357919271,0
58.35,70.67095543901912,1.7500819252111026e-19,153.75671270533437,0
58.36666666666667,70.6871074410414,1.717728025637275e-19,153.67203627718163,0
58.38333333333333,70.70325054788238,1.6859726485080534e-19,153.58740648177326,0
58.4,70.71938476444075,1.6548047140200763e-19,153.5028232934279,0
58.416666666666664,70.73551009561255,1.624213347625254e-19,153.41828668647818,0
58.43333333333333,70.75162654629112,1.594187876225598e-19,153.333796635271,0
58.45,70.76773412136711,1.5647178244385456e-19,153.24935311416726,0
58.46666666666667,70.78383282572845,1.5357929109316472e-19,153.16495609754207,0
58.483333333333334,70.7999226642604,1.507403044825206e-19,153.08060555978466,0
58.5,70.8160036418455,1.4795383221616902e-19,152.99630147529822,0
58.516666666666666,70.83207576336365,1.4521890224406482e-19,152.91204381850025,0
58.53333333333333,70.84813903369202,1.4253456052178567e-19,152.8278325638222,0
58.55,70.86419345770511,1.3989987067676277e-19,152.74366768570968,0
58.56666666666667,70.88023904027477,1.3731391368070138e-19,152.65954915862227,0
58.583333333333336,70.8962757862701,1.3477578752807448e-19,152.57547695703366,0
58.6,70.91230370055754,1.3228460692058586e-19,152.49145105543167,0
58.61666666666667,70.92832278800088,1.2983950295748388e-19,152.4074714283181,0
58.63333333333333,70.94433305346124,1.2743962283162037e-19,152.32353805020878,0
58.65,70.96033450179698,1.2508412953114945e-19,152.23965089563362,0
58.666666666666664,70.97632713786388,1.2277220154675516e-19,152.15580993913656,0
58.68333333333333,70.99231096651496,1.2050303258431553e-19,152.07201515527547,0
58.7,71.00828599260069,1.1827583128289344e-19,151.9882665186223,0
58.71666666666667,71.0242522209687,1.1608982093795858e-19,151.90456400376308,0
58.733333333333334,71.04020965646414,1.139442392297432e-19,151.8209075852977,0
58.75,71.05615830392931,1.118383379566381e-19,151.7372972378401,0
58.766666666666666,71.07209816820398,1.0977138277353033e-19,151.65373293601823,0
58.78333333333333,71.08802925412516,1.0774265293499864e-19,151.5702146544739,0
58.8,71.10395156652729,1.0575144104326726e-19,151.48674236786303,0
58.81666666666667,71.11986511024206,1.0379705280083897e-19,151.40331605085538,0
58.833333333333336,71.13576989009853,1.0187880676771188e-19,151.31993567813475,0
58.85,71.15166591092311,9.999603412310167e-20,151.23660122439887,0
58.86666666666667,71.16755317753957,9.814807843158316e-20,151.1533126643593,0
58.88333333333333,71.183431694769,9.633429541356697e-20,151.07006997274166,0
58.9,71.19930146742979,9.455405272003572e-20,150.9868731242854,0
58.916666666666664,71.21516250033777,9.28067297114544e-20,150.90372209374394,0
58.93333333333333,71.23101479830603,9.109171724078419e-20,150.82061685588454,0
58.95,71.2468583661451,8.940841744051922e-20,150.73755738548843,0
58.96666666666667,71.2626932086628,8.775624351367078e-20,150.6545436573507,0
58.983333333333334,71.27851933066425,8.613461952863117e-20,150.57157564628028,0
59.0,71.29433673695206,8.454298021783784e-20,150.48865332710005,0
59.016666666666666,71.31014543232608,8.29807707801749e-20,150.40577667464666,0
59.03333333333333,71.32594542158358,8.144744668703494e-20,150.3229456637707,0
59.05,71.34173670951915,7.994247349198034e-20,150.24016026933657,0
59.06666666666667,71.35751930092476,7.846532664393214e-20,150.15742046622253,0
59.083333333333336,71.37329320058974,7.70154913038241e-20,150.07472622932062,0
59.1,71.38905841330077,7.559246216465482e-20,149.99207753353681,0
59.11666666666667,71.40481494384193,7.419574327487877e-20,149.90947435379084,0
59.13333333333333,71.4205627969946,7.28248478650697e-20,149.82691666501623,0
59.15,71.4363019775376,7.147929817779984e-20,149.74440444216035,0
59.166666666666664,71.45203249024705,7.015862530067204e-20,149.6619376601843,0
59.18333333333333,71.46775433989649,6.886236900244921e-20,149.57951629406307,0
59.2,71.4834675312568,6.759007757221962e-20,149.49714031878537,0
59.21666666666667,71.4991720690963,6.634130766154712e-20,149.41480970935368,0
59.233333333333334,71.51486795818056,6.511562412954529e-20,149.33252444078423,0
59.25,71.53055520327264,6.391259989082643e-20,149.2502844881071,0
59.266666666666666,71.54623380913291,6.273181576626645e-20,149.16808982636604,0
59.28333333333333,71.56190378051915,6.157286033654048e-20,149.0859404306185,0
59.3,71.57756512218653,6.043532979836968e-20,149.00383627593587,0
59.31666666666667,71.59321783888753,5.931882782343601e-20,148.92177733740297,0
59.333333333333336,71.60886193537212,5.822296541991163e-20,148.8397635901186,0
59.35,71.62449741638758,5.714736079655403e-20,148.75779500919518,0
59.36666666666667,71.64012428667861,5.609163922932414e-20,148.67587156975875,0
59.38333333333333,71.65574255098724,5.505543293047206e-20,148.5939932469492,0
59.4,71.67135221405296,5.403838092005401e-20,148.51216001592002,0
59.416666666666664,71.68695328061263,5.3040128899828825e-20,148.43037185183837,0
59.43333333333333,71.70254575540046,5.2060329129491996e-20,148.34862872988515,0
59.45,71.71812964314812,5.1098640305205466e-20,148.2669306252549,0
59.46666666666667,71.73370494858462,5.0154727440376943e-20,148.1852775131558,0
59.483333333333334,71.74927167643638,4.9228261748650435e-20,148.10366936880973,0
59.5,71.76482983142724,4.831892052906624e-20,148.0221061674521,0
59.516666666666666,71.78037941827839,4.7426387053347756e-20,147.9405878843322,0
59.53333333333333,71.79592044170847,4.6550350455278754e-20,147.85911449471263,0
59.55,71.81145290643352,4.5690505622130985e-20,147.77768597386986,0
59.56666666666667,71.82697681716691,4.4846553088104086e-20,147.6963022970939,0
59.583333333333336,71.8424921786195,4.4018198929739605e-20,147.61496343968835,0
59.6,71.85799899549953,4.3205154663275436e-20,147.5336693769704,0
59.61666666666667,71.87349727251264,4.2407137143900624e-20,147.4524200842709,0
59.63333333333333,71.88898701436186,4.162386846687826e-20,147.37121553693422,0
59.65,71.90446822574768,4.0855075870501607e-20,147.2900557103183,0
59.666666666666664,71.91994091136795,4.010049164084763e-20,147.20894057979473,0
59.68333333333333,71.93540507591794,3.935985301829603e-20,147.1278701207486,0
59.7,71.95086072409039,3.8632902105781236e-20,147.04684430857853,0
59.71666666666667,71.96630786057538,3.79193857787442e-20,146.9658631186968,0
59.733333333333334,71.98174649006044,3.721905559675292e-20,146.88492652652909,0
59.75,71.99717661723055,3.653166771676141e-20,146.80403450751476,0
59.766666666666666,72.01259824676806,3.5856982807975516e-20,146.72318703710656,0
59.78333333333333,72.02801138335275,3.519476596829656e-20,146.6423840907708,0
59.8,72.0434160316618,3.454478664231377e-20,146.56162564398736,0
59.81666666666667,72.05881219636993,3.3906818540815773e-20,146.4809116722496,0
59.833333333333336,72.07419988214916,3.328063956179361e-20,146.40024215106428,0
59.85,72.08957909366899,3.2666031712908515e-20,146.31961705595182,0
59.86666666666667,72.1049498355963,3.2062781035395083e-20,146.23903636244594,0
59.88333333333333,72.1203121125955,3.1470677529375416e-20,146.15850004609402,0
59.9,72.13566592932831,3.088951508055676e-20,146.0780080824567,0
59.916666666666664,72.15101129045397,3.0319091388287584e-20,145.9975604471083,0
59.93333333333333,72.16634820062913,2.9759207894946436e-20,145.9171571156364,0
59.95,72.18167666450788,2.920966971663934e-20,145.83679806364214,0
59.96666666666667,72.1969966867417,2.8670285575181613e-20,145.75648326674005,0
59.983333333333334,72.2123082719796,2.814086773133886e-20,145.6762127005581,0
60.0,72.22761142486794,2.762123191930599e-20,145.59598634073768,0
60.016666666666666,72.24290615005056,2.7111197282399944e-20,145.5158041629336,0
60.03333333333333,72.25819245216874,2.6610586309943305e-20,145.43566614281406,0
60.05,72.27347033586123,2.6119224775317807e-20,145.35557225606073,0
60.06666666666667,72.28873980576418,2.5636941675165508e-20,145.27552247836854,0
60.083333333333336,72.30400086651122,2.5163569169716092e-20,145.19551678544593,0
60.1,72.31925352273338,2.4698942524219842e-20,145.11555515301467,0
60.11666666666667,72.3344977790592,2.424290005146564e-20,145.03563755680986,0
60.13333333333333,72.34973364011464,2.3795283055363766e-20,144.9557639725801,0
60.15,72.36496111052314,2.335593577557429e-20,144.87593437608712,0
60.166666666666664,72.38018019490552,2.2924705333160386e-20,144.7961487431062,0
60.18333333333333,72.39539089788016,2.250144167724925e-20,144.7164070494259,0
60.2,72.41059322406284,2.208599753268093e-20,144.63670927084806,0
60.21666666666667,72.42578717806674,2.1678228348626153e-20,144.55705538318793,0
60.233333333333334,72.44097276450263,2.1277992248157697e-20,144.47744536227404,0
60.25,72.45614998797865,2.0885149978753656e-20,144.39787918394816,0
60.266666666666666,72.4713188531004,2.0499564863719623e-20,144.3183568240655,0
60.28333333333333,72.486479364471,2.0121102754509295e-20,144.23887825849445,0
60.3,72.501631526691,1.974963198392928e-20,144.15944346311682,0
60.31666666666667,72.5167753443584,1.938502332020953e-20,144.08005241382756,0
60.333333333333336,72.53191082206868,1.902714992192597e-20,144.000705086535,0
60.35,72.54703796441483,1.867588729375675e-20,143.92140145716058,0
60.36666666666667,72.56215677598723,1.833111324305852e-20,143.84214150163928,0
60.38333333333333,72.57726726137382,1.799270783724725e-20,143.76292519591908,0
60.4,72.59236942515997,1.766055336196821e-20,143.68375251596126,0
60.416666666666664,72.60746327192851,1.7334534280040327e-20,143.60462343774046,0
60.43333333333333,72.62254880625973,1.701453719116165e-20,143.52553793724442,0
60.45,72.63762603273149,1.6700450792360598e-20,143.44649599047415,0
60.46666666666667,72.65269495591906,1.6392165839179772e-20,143.36749757344387,0
60.483333333333334,72.66775558039517,1.608957510757889e-20,143.28854266218102,0
60.5,72.68280791073008,1.5792573356542806e-20,143.20963123272622,0
60.516666666666666,72.69785195149149,1.5501057291382788e-20,143.13076326113335,0
60.53333333333333,72.71288770724465,1.521492552771649e-20,143.0519387234694,0
60.55,72.72791518255221,1.4934078556115885e-20,142.97315759581454,0
60.56666666666667,72.7429343819744,1.4658418707409188e-20,142.8944198542622,0
60.583333333333336,72.75794531006885,1.438785011862592e-20,142.81572547491885,0
60.6,72.77294797139074,1.4122278699572074e-20,142.73707443390424,0
60.61666666666667,72.78794237049271,1.3861612100024776e-20,142.65846670735118,0
60.63333333333333,72.80292851192492,1.3605759677534038e-20,142.5799022714057,0
60.65,72.817906400235,1.3354632465821016e-20,142.50138110222693,0
60.666666666666664,72.83287603996808,1.3108143143761388e-20,142.42290317598707,0
60.68333333333333,72.84783743566679,1.2866206004942811e-20,142.34446846887158,0
60.7,72.86279059187127,1.2628736927786586e-20,142.26607695707887,0
60.71666666666667,72.87773551311915,1.239565334622212e-20,142.1877286168206,0
60.733333333333334,72.89267220394555,1.2166874220904754e-20,142.10942342432148,0
60.75,72.9076006688831,1.1942320010966206e-20,142.03116135581928,0
60.766666666666666,72.92252091246196,1.1721912646288346e-20,141.95294238756492,0
60.78333333333333,72.93743293920974,1.1505575500290109e-20,141.8747664958223,0
60.8,72.95233675365161,1.1293233363218681e-20,141.79663365686852,0
60.81666666666667,72.96723236031022,1.108481241593456e-20,141.7185438469936,0
60.833333333333336,72.98211976370573,1.0880240204182613e-20,141.6404970425008,0
60.85,72.99699896835581,1.0679445613339245e-20,141.56249321970625,0
60.86666666666667,73.01186997877565,1.0482358843627042e-20,141.48453235493923,0
60.88333333333333,73.02673279947798,1.02889113857883e-20,141.40661442454206,0
60.9,73.04158743497301,1.0099035997209215e-20,141.32873940486996,0
60.916666666666664,73.05643388976843,9.912666678485682e-21,141.25090727229133,0
60.93333333333333,73.07127216836953,9.729738650423276e-21,141.17311800318754,0
60.95,73.08610227527907,9.550188331462996e-21,141.09537157395292,0
60.96666666666667,73.10092421499735,9.37395331552472e-21,141.0176679609948,0
60.983333333333334,73.11573799202216,9.200972350260965e-21,140.94000714073357,0
61.0,73.13054361084883,9.031185315713363e-21,140.86238908960254,0
61.016666666666666,73.14534107597025,8.864533203364104e-21,140.78481378404805,0
61.03333333333333,73.16013039187678,8.700958095575158e-21,140.7072812005294,0
61.05,73.1749115630563,8.540403145408098e-21,140.6297913155188,0
61.06666666666667,73.1896845939943,8.382812556817712e-21,140.55234410550148,0
61.083333333333336,73.20444948917374,8.228131565211964e-21,140.47493954697558,0
61.1,73.2192062530751,8.076306418372113e-21,140.39757761645222,0
61.11666666666667,73.23395489017642,7.927284357725606e-21,140.3202582904554,0
61.13333333333333,73.24869540495328,7.781013599966109e-21,140.24298154552218,0
61.15,73.26342780187876,7.63744331901336e-21,140.1657473582023,0
61.166666666666664,73.27815208542353,7.49652362830714e-21,140.0885557050587,0
61.18333333333333,73.29286826005576,7.358205563428984e-21,140.01140656266702,0
61.2,73.30757633024112,7.222441065045418e-21,139.93429990761587,0
61.21666666666667,73.32227630044291,7.089182962167144e-21,139.85723571650678,0
61.233333333333334,73.33696817512194,6.958384955717746e-21,139.7802139659541,0
61.25,73.35165195873651,6.830001602406887e-21,139.70323463258507,0
61.266666666666666,73.36632765574254,6.7039882989017374e-21,139.62629769303993,0
61.28333333333333,73.38099527059343,6.5803012662914454e-21,139.5494031239716,0
61.3,73.39565480774019,6.458897534839163e-21,139.47255090204595,0
61.31666666666667,73.41030627163134,6.3397349290162034e-21,139.39574100394177,0
61.333333333333336,73.42494966671293,6.2227720528133275e-21,139.3189734063505,0
61.35,73.43958499742863,6.107968275323635e-21,139.24224808597657,0
61.36666666666667,73.45421226821962,5.9952837165925765e-21,139.1655650195372,0
61.38333333333333,73.46883148352461,5.88467923372962e-21,139.0889241837625,0
61.4,73.48344264777992,5.77611640727698e-21,139.01232555539522,0
61.416666666666664,73.49804576541938,5.6695575278307e-21,138.93576911119106,0
61.43333333333333,73.51264084087441,5.564965582909201e-21,138.85925482791856,0
61.45,73.52722787857397,5.4623042440649835e-21,138.78278268235886,0
61.46666666666667,73.5418068829446,5.361537854234748e-21,138.7063526513061,0
61.483333333333334,73.55637785841037,5.262631415323479e-21,138.62996471156706,0
61.5,73.57094080939294,5.165550576018645e-21,138.55361883996133,0
61.516666666666666,73.58549574031154,5.0702616198295306e-21,138.47731501332134,0
61.53333333333333,73.60004265558297,4.976731453348088e-21,138.40105320849216,0
61.55,73.61458155962154,4.884927594726962e-21,138.32483340233168,0
61.56666666666667,73.6291124568392,4.7948181623707415e-21,138.24865557171054,0
61.583333333333336,73.64363535164544,4.7063718638364354e-21,138.17251969351204,0
61.6,73.65815024844731,4.619557984939357e-21,138.0964257446323,0
61.61666666666667,73.67265715164947,4.534346379060623e-21,138.02037370198022,0
61.63333333333333,73.68715606565411,4.450707456652368e-21,137.9443635424772,0
61.65,73.70164699486101,4.368612174937316e-21,137.86839524305756,0
61.666666666666664,73.71612994366757,4.288032027798803e-21,137.79246878066817,0
61.68333333333333,73.73060491646869,4.208939035857939e-21,137.71658413226876,0
61.7,73.74507191765693,4.131305736734318e-21,137.64074127483158,0
61.71666666666667,73.75953095162237,4.055105175486936e-21,137.5649401853417,0
61.733333333333334,73.77398202275269,3.98031089523202e-21,137.48918084079676,0
61.75,73.78842513543317,3.90689692793434e-21,137.41346321820714,0
61.766666666666666,73.80286029404667,3.834837785369003e-21,137.3377872945958,0
61.78333333333333,73.8172875029736,3.7641084502503655e-21,137.26215304699846,0
61.8,73.831706766592,3.69468436752518e-21,137.18656045246343,0
61.81666666666667,73.84611808927751,3.626541435826639e-21,137.1110094880516,0
61.833333333333336,73.8605214754033,3.559655999086808e-21,137.03550013083665,0
61.85,73.87491692934019,3.4940048383039e-21,136.96003235790474,0
61.86666666666667,73.88930445545657,3.429565163462134e-21,136.88460614635468,0
61.88333333333333,73.90368405811842,3.3663146056009076e-21,136.80922147329795,0
61.9,73.91805574168932,3.3042312090307265e-21,136.73387831585862,0
61.916666666666664,73.93241951053047,3.243293423693154e-21,136.65857665117326,0
61.93333333333333,73.9467753690006,3.183480097662082e-21,136.58331645639115,0
61.95,73.96112332145613,3.124770469783705e-21,136.50809770867411,0
61.96666666666667,73.97546337225101,3.067144162452677e-21,136.43292038519652,0
61.983333333333334,73.98979552573684,3.01058117452182e-21,136.3577844631454,0
62.0,74.00411978626278,2.9550618743431092e-21,136.28268991972027,0
62.016666666666666,74.0184361581756,2.9005669929372744e-21,136.20763673213315,0
62.03333333333333,74.03274464581976,2.847077617289802e-21,136.13262487760875,0
62.05,74.04704525353718,2.7945751837709208e-21,136.05765433338422,0
62.06666666666667,74.06133798566754,2.7430414716773135e-21,135.98272507670927,0
62.083333333333336,74.075622846548,2.6924585968932674e-21,135.9078370848462,0
62.1,74.08989984051343,2.6428090056691145e-21,135.8329903350697,0
62.11666666666667,74.10416897189626,2.5940754685146746e-21,135.7581848046671,0
62.13333333333333,74.11843024502656,2.54624107420572e-21,135.68342047093824,0
62.15,74.13268366423198,2.4992892239012614e-21,135.60869731119533,0
62.166666666666664,74.14692923383782,2.4532036253696184e-21,135.53401530276315,0
62.18333333333333,74.161166958167,2.40796828732132e-21,135.45937442297907,0
62.2,74.17539684154004,2.3635675138467828e-21,135.38477464919274,0
62.21666666666667,74.18961888827508,2.3199858989569105e-21,135.31021595876646,0
62.233333333333334,74.20383310268787,2.277208321224618e-21,135.23569832907492,0
62.25,74.21803948909185,2.235219938525488e-21,135.1612217375053,0
62.266666666666666,74.23223805179799,2.194006182875644e-21,135.0867861614571,0
62.28333333333333,74.24642879511498,2.1535527553651785e-21,135.0123915783425,0
62.3,74.26061172334904,2.1138456211851907e-21,134.93803796558592,0
62.31666666666667,74.27478684080411,2.0748710047468687e-21,134.86372530062434,0
62.333333333333336,74.28895415178171,2.0366153848907657e-21,134.7894535609071,0
62.35,74.30311366058096,1.99906549018472e-21,134.71522272389598,0
62.36666666666667,74.3172653714987,1.962208294308723e-21,134.64103276706513,0
62.38333333333333,74.33140928882935,1.9260310115251016e-21,134.56688366790115,0
62.4,74.34554541686497,1.890521092232519e-21,134.4927754039031,0
62.416666666666664,74.35967375989523,1.855666218602137e-21,134.41870795258225,0
62.43333333333333,74.37379432220747,1.8214543002944955e-21,134.34468129146245,0
62.45,74.3879071080867,1.7878734702556432e-21,134.27069539807985,0
62.46666666666667,74.40201212181549,1.7549120805908994e-21,134.1967502499829,0
62.483333333333334,74.41610936767412,1.7225586985150093e-21,134.1228458247325,0
62.5,74.43019884994048,1.690802102377133e-21,134.04898209990196,0
62.516666666666666,74.44428057289012,1.6596312777593567e-21,133.97515905307677,0
62.53333333333333,74.45835454079621,1.6290354136473602e-21,133.90137666185493,0
62.55,74.4724207579296,1.5990038986718078e-21,133.82763490384667,0
62.56666666666667,74.48647922855876,1.569526317419372e-21,133.7539337566746,0
62.583333333333336,74.50052995694982,1.5405924468118284e-21,133.6802731979737,0
62.6,74.51457294736659,1.5121922525521952e-21,133.60665320539113,0
62.61666666666667,74.52860820407047,1.4843158856365436e-21,133.53307375658648,0
62.63333333333333,74.54263573132054,1.4569536789302808e-21,133.45953482923156,0
62.65,74.55665553337359,1.430096143807795e-21,133.38603640101059,0
62.666666666666664,74.57066761448397,1.4037339668541548e-21,133.31257844961993,0
62.68333333333333,74.58467197890377,1.3778580066278563e-21,133.2391609527684,0
62.7,74.59866863088266,1.352459290483364e-21,133.16578388817695,0
62.71666666666667,74.61265757466805,1.3275290114524446e-21,133.09244723357887,0
62.733333333333334,74.62663881450496,1.303058525183125e-21,133.01915096671962,0
62.75,74.64061235463608,1.279039346935246e-21,132.9458950653571,0
62.766666666666666,74.65457819930177,1.2554631486315894e-21,132.87267950726124,0
62.78333333333333,74.66853635274005,1.2323217559634627e-21,132.79950427021436,0
62.8,74.68248681918662,1.2096071455498672e-21,132.726369332011,0
62.81666666666667,74.69642960287484,1.1873114421491096e-21,132.65327467045788,0
62.833333333333336,74.71036470803573,1.1654269159220136e-21,132.58022026337397,0
62.85,74.72429213889797,1.1439459797457084e-21,132.50720608859046,0
62.86666666666667,74.73821189968794,1.1228611865770403e-21,132.43423212395072,0
62.88333333333333,74.75212399462967,1.1021652268647989e-21,132.36129834731034,0
62.9,74.76602842794489,1.0818509260097076e-21,132.28840473653713,0
62.916666666666664,74.77992520385297,1.061911241871386e-21,132.21555126951105,0
62.93333333333333,74.793814326571,1.0423392623214333e-21,132.14273792412428,0
62.95,74.80769580031367,1.023128202841685e-21,132.06996467828114,0
62.96666666666667,74.82156962929345,1.0042714041669064e-21,131.99723150989814,0
62.983333333333334,74.83543581772041,9.857623299710404e-22,131.9245383969039,0
63.0,74.84929436980237,9.675945645962327e-22,131.8518853172393,0
63.016666666666666,74.86314528974475,9.49761810823821e-22,131.77927224885727,0
63.03333333333333,74.87698858175071,9.322578876865471e-22,131.70669916972292,0
63.05,74.89082425002111,9.150767283211659e-22,131.63416605781347,0
63.06666666666667,74.90465229875446,8.982123778607987e-22,131.56167289111838,0
63.083333333333336,74.91847273214695,8.816589913662011e-22,131.48921964763903,0
63.1,74.93228555439248,8.654108317952717e-22,131.41680630538912,0
63.11666666666667,74.94609076968266,8.494622680101154e-22,131.34443284239433,0
63.13333333333333,74.95988838220676,8.338077728209098e-22,131.27209923669247,0
63.15,74.97367839615174,8.184419210659363e-22,131.19980546633346,0
63.166666666666664,74.98746081570228,8.0335938772710835e-22,131.1275515093793,0
63.18333333333333,75.00123564504072,7.885549460803116e-22,131.05533734390406,0
63.2,75.01500288834715,7.740234658799313e-22,130.98316294799395,0
63.21666666666667,75.0287625497993,7.597599115769364e-22,130.91102829974713,0
63.233333333333334,75.04251463357262,7.457593405698905e-22,130.83893337727392,0
63.25,75.05625914384032,7.320169014882903e-22,130.76687815869667,0
63.266666666666666,75.06999608477321,7.185278325076246e-22,130.69486262214974,0
63.28333333333333,75.08372546053984,7.0528745969557525e-22,130.62288674577962,0
63.3,75.09744727530651,6.922911953887708e-22,130.55095050774474,0
63.31666666666667,75.11116153323717,6.795345365995574e-22,130.47905388621558,0
63.333333333333336,75.1248682384935,6.670130634521866e-22,130.4071968593747,0
63.35,75.1385673952349,6.5472243764792235e-22,130.3353794054166,0
63.36666666666667,75.15225900761845,6.426584009584981e-22,130.26360150254786,0
63.38333333333333,75.16594307979899,6.308167737474262e-22,130.19186312898694,0
63.4,75.17961961592898,6.191934535186172e-22,130.12016426296447,0
63.416666666666664,75.19328862015868,6.077844134918193e-22,130.04850488272297,0
63.43333333333333,75.20695009663605,5.965857012044067e-22,129.9768849665169,0
63.45,75.22060404950675,5.855934371389628e-22,129.9053044926128,0
63.46666666666667,75.23425048291412,5.748038133762592e-22,129.8337634392891,0
63.483333333333334,75.24788940099927,5.642130922731076e-22,129.76226178483626,0
63.5,75.26152080790104,5.538176051646347e-22,129.69079950755653,0
63.516666666666666,75.27514470775594,5.436137510905539e-22,129.61937658576437,0
63.53333333333333,75.28876110469825,5.335979955449584e-22,129.547992997786,0
63.55,75.30237000285994,5.237668692492196e-22,129.47664872195958,0
63.56666666666667,75.31597140637072,5.141169669475533e-22,129.40534373663527,0
63.583333333333336,75.32956531935803,5.046449462248418e-22,129.33407802017518,0
63.6,75.34315174594698,4.953475263463118e-22,129.26285155095323,0
63.61666666666667,75.3567306902605,4.862214871186126e-22,129.1916643073553,0
63.63333333333333,75.37030215641923,4.772636677719805e-22,129.12051626777915,0
63.65,75.38386614854146,4.684709658630319e-22,129.0494074106345,0
63.666666666666664,75.39742267074328,4.598403361978295e-22,128.97833771434293,0
63.68333333333333,75.41097172713853,4.513687897748443e-22,128.90730715733784,0
63.7,75.42451332183875,4.43053392747456e-22,128.8363157180646,0
63.71666666666667,75.4380474589532,4.34891265405609e-22,128.76536337498044,0
63.733333333333334,75.45157414258892,4.268795811762881e-22,128.69445010655437,0
63.75,75.46509337685066,4.19015565642459e-22,128.62357589126734,0
63.766666666666666,75.47860516584092,4.1129649558012655e-22,128.55274070761212,0
63.78333333333333,75.49210951365993,4.0371969801319685e-22,128.48194453409332,0
63.8,75.50560642440567,3.962825492857775e-22,128.41118734922742,0
63.81666666666667,75.51909590217385,3.8898247415163763e-22,128.34046913154265,0
63.833333333333336,75.53257795105796,3.8181694488047092e-22,128.26978985957922,0
63.85,75.5460525751492,3.7478348038068297e-22,128.19914951188895,0
63.86666666666667,75.55951977853654,3.678796453383714e-22,128.1285480670357,0
63.88333333333333,75.5729795653067,3.611030493722164e-22,128.05798550359492,0
63.9,75.58643193954408,3.5445134620398137e-22,127.98746180015402,0
63.916666666666664,75.59987690533094,3.479222328443363e-22,127.91697693531209,0
63.93333333333333,75.61331446674723,3.415134487937226e-22,127.84653088768009,0
63.95,75.62674462787064,3.352227752579748e-22,127.7761236358807,0
63.96666666666667,75.64016739277665,3.2904803437843157e-22,127.70575515854846,0
63.983333333333334,75.6535827655385,3.2298708847627175e-22,127.63542543432952,0
64.0,75.66699075022716,3.1703783931080215e-22,127.56513444188194,0
64.01666666666667,75.68039135091135,3.111982273514499e-22,127.49488215987547,0
64.03333333333333,75.6937845716576,3.0546623106320054e-22,127.42466856699161,0
64.05,75.7071704165301,2.998398662052314e-22,127.35449364192361,0
64.06666666666666,75.72054888959096,2.9431718514250453e-22,127.28435736337646,0
64.08333333333333,75.73391999489988,2.888962761700629e-22,127.21425971006681,0
64.1,75.74728373651445,2.8357526284982794e-22,127.14420066072313,0
64.11666666666666,75.76064011848997,2.783523033596217e-22,127.07418019408556,0
64.13333333333334,75.77398914487954,2.732255898542299e-22,127.00419828890594,0
64.15,75.78733081973397,2.681933478382534e-22,126.93425492394783,0
64.16666666666667,75.8006651471019,2.632538355505528e-22,126.86435007798649,0
64.18333333333334,75.81399213102969,2.584053433600539e-22,126.7944837298088,0
64.2,75.82731177556153,2.5364619317271283e-22,126.72465585821347,0
64.21666666666667,75.8406240847393,2.4897473784943805e-22,126.65486644201071,0
64.23333333333333,75.85392906260277,2.4438936063475573e-22,126.58511546002252,0
64.25,75.86722671318938,2.3988847459602974e-22,126.51540289108254,0
64.26666666666667,75.88051704053439,2.3547052207304075e-22,126.44572871403601,0
64.28333333333333,75.89380004867084,2.3113397413772305e-22,126.3760929077399,0
64.3,75.90707574162954,2.26877330063881e-22,126.30649545106276,0
64.31666666666666,75.92034412343908,2.2269911680670567e-22,126.23693632288486,0
64.33333333333333,75.93360519812583,2.1859788849188974e-22,126.16741550209798,0
64.35,75.94685896971394,2.145722259141881e-22,126.0979329676056,0
64.36666666666666,75.96010544222537,2.1062073604523025e-22,126.02848869832283,0
64.38333333333334,75.97334461967984,2.067420515504291e-22,125.95908267317638,0
64.4,75.98657650609485,2.029348303148014e-22,125.88971487110453,0
64.41666666666667,75.99980110548572,1.9919775497755272e-22,125.8203852710572,0
64.43333333333334,76.01301842186548,1.9552953247524836e-22,125.7510938519959,0
64.45,76.02622845924509,1.9192889359343003e-22,125.68184059289366,0
64.46666666666667,76.03943122163318,1.8839459252649945e-22,125.61262547273522,0
64.48333333333333,76.05262671303619,1.849254064457394e-22,125.54344847051674,0
64.5,76.06581493745841,1.8152013507530453e-22,125.4743095652461,0
64.51666666666667,76.07899589890187,1.7817760027604344e-22,125.40520873594264,0
64.53333333333333,76.09216960136644,1.7489664563700688e-22,125.33614596163723,0
64.55,76.10533604884971,1.716761360744934e-22,125.26712122137238,0
64.56666666666666,76.11849524534716,1.685149574385032e-22,125.19813449420208,0
64.58333333333333,76.13164719485204,1.6541201612645515e-22,125.12918575919191,0
64.6,76.14479190135538,1.6236623870403649e-22,125.06027499541891,0
64.61666666666666,76.15792936884601,1.5937657153305634e-22,124.9914021819717,0
64.63333333333334,76.1710596013106,1.564419804061608e-22,124.92256729795037,0
64.65,76.18418260273359,1.5356145018830448e-22,124.85377032246654,0
64.66666666666667,76.19729837709724,1.5073398446483068e-22,124.78501123464336,0
64.68333333333334,76.21040692838159,1.479586051960555e-22,124.71629001361542,0
64.7,76.22350826056456,1.4523435237822637e-22,124.64760663852887,0
64.71666666666667,76.23660237762176,1.4256028371073867e-22,124.5789610885413,0
64.73333333333333,76.24968928352676,1.3993547426950109e-22,124.51035334282177,0
64.75,76.26276898225083,1.3735901618632439e-22,124.44178338055086,0
64.76666666666667,76.2758414777631,1.3483001833423369e-22,124.37325118092053,0
64.78333333333333,76.28890677403047,1.323476060185886e-22,124.3047567231343,0
64.8,76.3019648750177,1.2991092067390679e-22,124.2362999864071,0
64.81666666666666,76.31501578468736,1.2751911956628136e-22,124.16788094996528,0
64.83333333333333,76.32805950699982,1.2517137550129643e-22,124.09949959304664,0
64.85,76.34109604591329,1.2286687653732724e-22,124.03115589490046,0
64.86666666666666,76.3541254053838,1.2060482570414487e-22,123.9628498347874,0
64.88333333333334,76.36714758936516,1.183844407266992e-22,123.89458139197956,0
64.9,76.38016260180908,1.1620495375401648e-22,123.82635054576046,0
64.91666666666667,76.393170446665,1.1406561109309094e-22,123.75815727542502,0
64.93333333333334,76.40617112788023,1.1196567294769284e-22,123.69000156027954,0
64.95,76.41916464939995,1.0990441316199554e-22,123.62188337964176,0
64.96666666666667,76.43215101516711,1.0788111896893786e-22,123.5538027128408,0
64.98333333333333,76.4451302291225,1.0589509074323035e-22,123.48575953921713,0
65.0,76.45810229520472,1.0394564175891604e-22,123.41775383812265,0
65.01666666666667,76.47106721735027,1.020320979514141e-22,123.34978558892058,0
65.03333333333333,76.4840249994934,1.0015379768395065e-22,123.28185477098553,0
65.05,76.49697564556627,9.831009151830022e-23,123.21396136370348,0
65.06666666666666,76.50991915949876,9.650034198976205e-23,123.14610534647174,0
65.08333333333333,76.52285554521876,9.472392338628697e-23,123.078286698699,0
65.1,76.53578480665182,9.298022153168229e-23,123.01050539980521,0
65.11666666666666,76.54870694772144,9.126863357281627e-23,122.94276142922175,0
65.13333333333334,76.56162197234892,8.958856777075426e-23,122.87505476639129,0
65.15,76.57452988445341,8.793944329574488e-23,122.80738539076779,0
65.16666666666667,76.5874306879519,8.632069002599217e-23,122.73975328181658,0
65.18333333333334,76.60032438675918,8.473174835014235e-23,122.67215841901425,0
65.2,76.61321098478795,8.31720689734146e-23,122.60460078184873,0
65.21666666666667,76.62609048594878,8.164111272730993e-23,122.53708034981923,0
65.23333333333333,76.63896289414996,8.013835038283278e-23,122.46959710243624,0
65.25,76.65182821329772,7.866326246715935e-23,122.40215101922155,0
65.26666666666667,76.66468644729615,7.721533908368846e-23,122.33474207970825,0
65.28333333333333,76.67753760004715,7.579407973541473e-23,122.26737026344063,0
65.3,76.69038167545048,7.439899315156001e-23,122.20003554997432,0
65.31666666666666,76.70321867740374,7.302959711740525e-23,122.13273791887615,0
65.33333333333333,76.71604860980243,7.168541830726241e-23,122.06547734972426,0
65.35,76.72887147653984,7.03659921205286e-23,121.99825382210797,0
65.36666666666666,76.74168728150717,6.907086252076529e-23,121.93106731562791,0
65.38333333333334,76.75449602859344,6.779958187774816e-23,121.86391780989592,0
65.4,76.76729772168557,6.655171081243054e-23,121.79680528453504,0
65.41666666666667,76.7800923646683,6.532681804476849e-23,121.72972971917957,0
65.43333333333334,76.79287996142425,6.41244802443532e-23,121.66269109347499,0
65.45,76.8056605158339,6.294428188380139e-23,121.59568938707801,0
65.46666666666667,76.81843403177558,6.178581509484848e-23,121.52872457965657,0
65.48333333333333,76.8312005131255,6.064867952709926e-23,121.46179665088972,0
65.5,76.8439599637577,5.953248220938438e-23,121.39490558046784,0
65.51666666666667,76.85671238754416,5.843683741367446e-23,121.32805134809236,0
65.53333333333333,76.86945778835467,5.736136652150638e-23,121.26123393347594,0
65.55,76.88219617005689,5.630569789287228e-23,121.19445331634243,0
65.56666666666666,76.89492753651635,5.526946673753078e-23,121.12770947642684,0
65.58333333333333,76.9076518915965,5.42523149886899e-23,121.06100239347533,0
65.6,76.92036923915859,5.325389117902162e-23,120.9943320472452,0
65.61666666666666,76.9330795830618,5.2273850318964464e-23,120.92769841750491,0
65.63333333333334,76.94578292716315,5.131185377727145e-23,120.86110148403412,0
65.65,76.95847927531759,5.036756916376115e-23,120.79454122662352,0
65.66666666666667,76.97116863137784,4.9440670214232827e-23,120.728017625075,0
65.68333333333334,76.98385099919462,4.853083667750421e-23,120.66153065920155,0
65.7,76.99652638261644,4.763775420453531e-23,120.59508030882728,0
65.71666666666667,77.00919478548974,4.676111423959473e-23,120.52866655378742,0
65.73333333333333,77.02185621165883,4.590061391343622e-23,120.4622893739283,0
65.75,77.03451066496588,4.5055955938445865e-23,120.39594874910736,0
65.76666666666667,77.04715814925099,4.422684850572231e-23,120.32964465919311,0
65.78333333333333,77.0597986683521,4.341300518405776e-23,120.26337708406514,0
65.8,77.07243222610506,4.261414482078055e-23,120.19714600361415,0
65.81666666666666,77.08505882634361,4.182999144442872e-23,120.13095139774191,0
65.83333333333333,77.09767847289936,4.10602741692186e-23,120.06479324636125,0
65.85,77.11029116960182,4.0304727101274653e-23,119.99867152939606,0
65.86666666666666,77.12289692027841,3.95630892465911e-23,119.93258622678131,0
65.88333333333334,77.13549572875439,3.883510442068989e-23,119.86653731846296,0
65.9,77.14808759885298,3.8120521159946037e-23,119.80052478439808,0
65.91666666666667,77.16067253439526,3.7419092634548504e-23,119.73454860455473,0
65.93333333333334,77.1732505392002,3.673057656306671e-23,119.66860875891206,0
65.95,77.18582161708466,3.605473512859359e-23,119.60270522746019,0
65.96666666666667,77.19838577186344,3.539133489643421e-23,119.53683799020027,0
65.98333333333333,77.21094300734919,3.4740146733314e-23,119.47100702714447,0
66.0,77.22349332735249,3.410094572807698e-23,119.40521231831599,0
66.01666666666667,77.23603673568181,3.3473511113846346e-23,119.33945384374903,0
66.03333333333333,77.24857323614353,3.2857626191621497e-23,119.27373158348874,0
66.05,77.26110283254192,3.225307825528402e-23,119.20804551759127,0
66.06666666666666,77.27362552867918,3.165965851798712e-23,119.1423956261238,0
66.08333333333333,77.2861413283554,3.1077162039902274e-23,119.07678188916445,0
66.1,77.29865023536857,3.050538765729989e-23,119.01120428680233,0
66.11666666666666,77.31115225351459,2.994413791293674e-23,118.94566279913748,0
66.13333333333334,77.3236473865873,2.9393218987728e-23,118.88015740628096,0
66.15,77.3361356383784,2.88524406336795e-23,118.8146880883547,0
66.16666666666667,77.34861701267752,2.8321616108057226e-23,118.74925482549168,0
66.18333333333334,77.36109151327226,2.780056210877044e-23,118.6838575978357,0
66.2,77.37355914394804,2.728909871094733e-23,118.61849638554163,0
66.21666666666667,77.38601990848825,2.678704930467932e-23,118.55317116877515,0
66.23333333333333,77.3984738106742,2.6294240533915194e-23,118.48788192771293,0
66.25,77.41092085428511,2.5810502236481005e-23,118.42262864254255,0
66.26666666666667,77.42336104309811,2.533566738520639e-23,118.35741129346246,0
66.28333333333333,77.43579438088821,2.4869572030137152e-23,118.29222986068208,0
66.3,77.44822087142846,2.4412055241813184e-23,118.22708432442167,0
66.31666666666666,77.4606405184897,2.3962959055592532e-23,118.16197466491242,0
66.33333333333333,77.47305332584075,2.3522128417002876e-23,118.0969008623964,0
66.35,77.48545929724838,2.3089411128099624e-23,118.03186289712654,0
66.36666666666666,77.49785843647727,2.2664657794814613e-23,117.96686074936669,0
66.38333333333334,77.51025074728999,2.2247721775275038e-23,117.9018943993915,0
66.4,77.52263623344707,2.183845912907522e-23,117.83696382748654,0
66.41666666666667,77.53501489870696,2.143672856748497e-23,117.77206901394824,0
66.43333333333334,77.54738674682605,2.1042391404575e-23,117.70720993908382,0
66.45,77.55975178155867,2.0655311509244244e-23,117.64238658321145,0
66.46666666666667,77.57211000665704,2.0275355258131776e-23,117.57759892666002,0
66.48333333333333,77.58446142587135,1.9902391489397015e-23,117.51284694976931,0
66.5,77.59680604294974,1.9536291457352153e-23,117.44813063288996,0
66.51666666666667,77.60914386163822,1.917692878793154e-23,117.38344995638336,0
66.53333333333333,77.62147488568078,1.8824179434981533e-23,117.3188049006218,0
66.55,77.63379911881938,1.8477921637357227e-23,117.25419544598827,0
66.56666666666666,77.6461165647939,1.8138035876809638e-23,117.18962157287669,0
66.58333333333333,77.65842722734209,1.7804404836649648e-23,117.12508326169166,0
66.6,77.67073111019974,1.7476913361174397e-23,117.06058049284866,0
66.61666666666666,77.68302821710051,1.7155448415841277e-23,116.99611324677389,0
66.63333333333334,77.69531855177608,1.683989904817697e-23,116.93168150390439,0
66.65,77.70760211795599,1.6530156349406643e-23,116.8672852446879,0
66.66666666666667,77.71987891936774,1.6226113416790984e-23,116.80292444958303,0
66.68333333333334,77.73214895973688,1.5927665316657788e-23,116.73859909905903,0
66.7,77.74441224278677,1.563470904811499e-23,116.67430917359603,0
66.71666666666667,77.75666877223878,1.5347143507432496e-23,116.61005465368481,0
66.73333333333333,77.76891855181226,1.5064869453081443e-23,116.54583551982695,0
66.75,77.7811615852245,1.4787789471417334e-23,116.48165175253472,0
66.76666666666667,77.79339787619068,1.4515807942996374e-23,116.41750333233117,0
66.78333333333333,77.80562742842399,1.42488310095127e-23,116.35339023975007,0
66.8,77.81785024563558,1.3986766541344948e-23,116.2893124553359,0
66.81666666666666,77.83006633153452,1.3729524105701734e-23,116.22526995964382,0
66.83333333333333,77.84227568982789,1.3477014935353793e-23,116.16126273323981,0
66.85,77.85447832422066,1.322915189794295e-23,116.09729075670039,0
66.86666666666666,77.86667423841583,1.2985849465856905e-23,116.03335401061291,0
66.88333333333334,77.8788634361143,1.2747023686659416e-23,115.96945247557532,0
66.9,77.89104592101496,1.2512592154065488e-23,115.90558613219636,0
66.91666666666667,77.90322169681467,1.2282473979451659e-23,115.84175496109533,0
66.93333333333334,77.91539076720825,1.2056589763891867e-23,115.77795894290229,0
66.95,77.92755313588847,1.1834861570708433e-23,115.71419805825794,0
66.96666666666667,77.9397088065461,1.1617212898529146e-23,115.65047228781361,0
66.98333333333333,77.95185778286981,1.1403568654841358e-23,115.58678161223136,0
67.0,77.96400006854631,1.1193855130033167e-23,115.52312601218382,0
67.01666666666667,77.97613566726028,1.0987999971913478e-23,115.45950546835432,0
67.03333333333333,77.98826458269431,1.0785932160701587e-23,115.39591996143677,0
67.05,78.00038681852898,1.058758198447797e-23,115.3323694721358,0
67.06666666666666,78.01250237844292,1.0392881015087419e-23,115.26885398116657,0
67.08333333333333,78.0246112661126,1.0201762084486607e-23,115.20537346925492,0
67.1,78.03671348521259,1.0014159261527418e-23,115.14192791713731,0
67.11666666666666,78.04880903941536,9.830007829168549e-24,115.07851730556078,0
67.13333333333334,78.06089793239138,9.649244262106795e-24,115.01514161528296,0
67.15,78.07298016780913,9.471806204820972e-24,114.9518008270721,0
67.16666666666667,78.08505574933501,9.297632450020496e-24,114.88849492170708,0
67.18333333333334,78.09712468063344,9.126662917491092e-24,114.82522387997729,0
67.2,78.10918696536682,8.958838633330613e-24,114.76198768268274,0
67.21666666666667,78.12124260719551,8.79410170956736e-24,114.69878631063402,0
67.23333333333333,78.13329160977787,8.632395324154385e-24,114.63561974465225,0
67.25,78.14533397677026,8.473663701332264e-24,114.57248796556918,0
67.26666666666667,78.15736971182702,8.317852092354022e-24,114.50939095422704,0
67.28333333333333,78.16939881860044,8.16490675656522e-24,114.44632869147867,0
67.3,78.18142130074084,8.0147749428328e-24,114.38330115818741,0
67.31666666666666,78.19343716189653,7.867404871316202e-24,114.32030833522718,0
67.33333333333333,78.2054464057138,7.722745715574472e-24,114.25735020348239,0
67.35,78.2174490358369,7.58074758500331e-24,114.19442674384803,0
67.36666666666666,78.22944505590813,7.441361507595443e-24,114.13153793722955,0
67.38333333333334,78.24143446956776,7.304539413019134e-24,114.06868376454297,0
67.4,78.25341728045404,7.170234116008379e-24,114.00586420671475,0
67.41666666666667,78.26539349220324,7.038399300059161e-24,113.94307924468195,0
67.43333333333334,78.2773631084496,6.908989501426358e-24,113.88032885939208,0
67.45,78.2893261328254,6.781960093415495e-24,113.81761303180313,0
67.46666666666667,78.30128256896086,6.657267270963915e-24,113.75493174288357,0
67.48333333333333,78.31323242048427,6.534868035506292e-24,113.69228497361239,0
67.5,78.32517569102187,6.414720180118911e-24,113.62967270497901,0
67.51666666666667,78.33711238419794,6.296782274937886e-24,113.5670949179834,0
67.53333333333333,78.34904250363469,6.181013652845841e-24,113.50455159363587,0
67.55,78.36096605295246,6.067374395422706e-24,113.44204271295729,0
67.56666666666666,78.37288303576948,5.955825319155105e-24,113.37956825697894,0
67.58333333333333,78.38479345570205,5.846327961900136e-24,113.31712820674255,0
67.6,78.39669731636447,5.738844569598511e-24,113.25472254330032,0
67.61666666666666,78.40859462136902,5.6333380832324265e-24,113.19235124771484,0
67.63333333333334,78.420485374326,5.52977212602398e-24,113.13001430105913,0
67.65,78.43236957884379,5.428110990869323e-24,113.0677116844167,0
67.66666666666667,78.44424723852869,5.3283196280045445e-24,113.00544337888138,0
67.68333333333334,78.45611835698506,5.230363632898597e-24,112.94320936555751,0
67.7,78.46798293781524,5.1342092343696066e-24,112.88100962555974,0
67.71666666666667,78.47984098461963,5.039823282919911e-24,112.8188441400132,0
67.73333333333333,78.49169250099663,4.947173239286245e-24,112.75671289005336,0
67.75,78.50353749054266,4.8562271632007846e-24,112.6946158568261,0
67.76666666666667,78.51537595685215,4.766953702359335e-24,112.63255302148772,0
67.78333333333333,78.52720790351756,4.679322081592734e-24,112.57052436520486,0
67.8,78.53903333412937,4.593302092237942e-24,112.50852986915451,0
67.81666666666666,78.55085225227606,4.508864081704765e-24,112.44656951452404,0
67.83333333333333,78.5626646615442,4.425978943235012e-24,112.38464328251122,0
67.85,78.57447056551831,4.344618105850195e-24,112.32275115432412,0
67.86666666666666,78.58626996778096,4.264753524484606e-24,112.26089311118122,0
67.88333333333334,78.59806287191276,4.186357670299951e-24,112.19906913431129,0
67.9,78.60984928149236,4.109403521178819e-24,112.13727920495343,0
67.91666666666667,78.62162920009638,4.033864552392839e-24,112.07552330435715,0
67.93333333333334,78.63340263129955,3.959714727443173e-24,112.0138014137822,0
67.95,78.64516957867457,3.886928489069588e-24,111.95211351449869,0
67.96666666666667,78.65693004579221,3.815480750425167e-24,111.89045958778703,0
67.98333333333333,78.66868403622121,3.7453468864136534e-24,111.82883961493799,0
68.0,78.68043155352845,3.676502725186447e-24,111.76725357725255,0
68.01666666666667,78.69217260127878,3.6089245397962095e-24,111.70570145604206,0
68.03333333333333,78.70390718303506,3.5425890400041814e-24,111.64418323262818,0
68.05,78.71563530235824,3.47747336423856e-24,111.58269888834275,0
68.06666666666666,78.72735696280732,3.4135550717009476e-24,111.521248404528,0
68.08333333333333,78.73907216793927,3.35081213461823e-24,111.4598317625364,0
68.1,78.75078092130914,3.2892229306372618e-24,111.39844894373064,0
68.11666666666666,78.76248322647007,3.2287662353595866e-24,111.33709992948377,0
68.13333333333334,78.77417908697318,3.1694212150136817e-24,111.27578470117905,0
68.15,78.78586850636762,3.11116741926232e-24,111.21450324020994,0
68.16666666666667,78.79755148820064,3.0539847741422915e-24,111.15325552798024,0
68.18333333333334,78.80922803601753,2.9978535751342224e-24,111.09204154590391,0
68.2,78.8208981533616,2.9427544803601613e-24,111.0308612754052,0
68.21666666666667,78.83256184377423,2.8886685039063567e-24,110.96971469791859,0
68.23333333333333,78.8442191107948,2.8355770092690928e-24,110.90860179488875,0
68.25,78.85586995796082,2.7834617029212838e-24,110.84752254777058,0
68.26666666666667,78.8675143888078,2.732304627997493e-24,110.78647693802921,0
68.28333333333333,78.87915240686932,2.6820881580954105e-24,110.72546494713994,0
68.3,78.89078401567703,2.6327949911914105e-24,110.66448655658836,0
68.31666666666666,78.90240921876055,2.5844081436682136e-24,110.60354174787012,0
68.33333333333333,78.91402801964769,2.5369109444525686e-24,110.54263050249119,0
68.35,78.92564042186422,2.4902870292609484e-24,110.48175280196764,0
68.36666666666666,78.93724642893397,2.444520334951189e-24,110.42090862782578,0
68.38333333333334,78.94884604437891,2.3995950939781995e-24,110.36009796160202,0
68.4,78.96043927171898,2.355495828951807e-24,110.29932078484303,0
68.41666666666667,78.97202611447223,2.3122073472948263e-24,110.23857707910555,0
68.43333333333334,78.98360657615476,2.2697147359995273e-24,110.17786682595656,0
68.45,78.99518066028072,2.228003356480676e-24,110.1171900069731,0
68.46666666666667,79.00674837036236,2.187058839523436e-24,110.05654660374246,0
68.48333333333333,79.01830970990996,2.146867080324205e-24,109.995936597862,0
68.5,79.02986468243189,2.1074142336229463e-24,109.93535997093923,0
68.51666666666667,79.04141329143457,2.0686867089250232e-24,109.8748167045918,0
68.53333333333333,79.05295554042249,2.0306711658111868e-24,109.81430678044745,0
68.55,79.06449143289825,1.993354509333806e-24,109.7538301801441,0
68.56666666666666,79.07602097236247,1.9567238854979836e-24,109.69338688532973,0
68.58333333333333,79.08754416231383,1.920766676825892e-24,109.63297687766243,0
68.6,79.09906100624917,1.885470498002748e-24,109.57260013881043,0
68.61666666666666,79.11057150766331,1.8508231916030413e-24,109.51225665045202,0
68.63333333333334,79.12207567004918,1.8168128238954533e-24,109.45194639427557,0
68.65,79.13357349689784,1.78342768072502e-24,109.39166935197956,0
68.66666666666667,79.14506499169832,1.7506562634711306e-24,109.33142550527256,0
68.68333333333334,79.15655015793783,1.7184872850800384e-24,109.2712148358732,0
68.7,79.16802899910158,1.6869096661703262e-24,109.21103732551016,0
68.71666666666667,79.17950151867292,1.655912531210185e-24,109.15089295592217,0
68.73333333333333,79.19096772013326,1.6254852047650642e-24,109.0907817088581,0
68.75,79.20242760696209,1.5956172078144155e-24,109.0307035660768,0
68.76666666666667,79.21388118263695,1.5662982541362792e-24,108.97065850934713,0
68.78333333333333,79.22532845063354,1.5375182467584461e-24,108.9106465204481,0
68.8,79.23676941442561,1.5092672744749969e-24,108.85066758116868,0
68.81666666666666,79.24820407748494,1.481535608426945e-24,108.79072167330787,0
68.83333333333333,79.2596324432815,1.4543136987458833e-24,108.73080877867471,0
68.85,79.27105451528328,1.4275921712594478e-24,108.67092887908828,0
68.86666666666666,79.28247029695639,1.4013618242574023e-24,108.61108195637762,0
68.88333333333334,79.293879791765,1.3756136253173322e-24,108.5512679923818,0
68.9,79.30528300317141,1.350338708188756e-24,108.49148696894991,0
68.91666666666667,79.316679934636,1.3255283697346094e-24,108.43173886794104,0
68.93333333333334,79.32807058961721,1.3011740669290912e-24,108.37202367122423,0
68.95,79.33945497157166,1.2772674139107435e-24,108.31234136067854,0
68.96666666666667,79.35083308395397,1.2538001790898278e-24,108.25269191819301,0
68.98333333333333,79.3622049302169,1.230764282308963e-24,108.1930753256666,0
69.0,79.37357051381134,1.2081517920560055e-24,108.13349156500831,0
69.01666666666667,79.38492983818622,1.1859549227283193e-24,108.07394061813709,0
69.03333333333333,79.3962829067886,1.1641660319473746e-24,108.01442246698181,0
69.05,79.40762972306366,1.1427776179227868e-24,107.95493709348132,0
69.06666666666666,79.41897029045462,1.121782316864932e-24,107.8954844795844,0
69.08333333333333,79.43030461240289,1.1011729004451487e-24,107.83606460724978,0
69.1,79.44163269234792,1.0809422733027558e-24,107.77667745844614,0
69.11666666666666,79.4529545337273,1.0610834705979533e-24,107.71732301515206,0
69.13333333333334,79.4642701399767,1.0415896556097579e-24,107.6580012593561,0
69.15,79.47557951452991,1.0224541173781936e-24,107.59871217305664,0
69.16666666666667,79.48688266081885,1.0036702683898929e-24,107.53945573826206,0
69.18333333333334,79.49817958227351,9.852316423062921e-25,107.48023193699066,0
69.2,79.50947028232203,9.671318917336703e-25,107.42104075127057,0
69.21666666666667,79.52075476439063,9.493647860342424e-25,107.36188216313984,0
69.23333333333333,79.53203303190368,9.319242091775435e-25,107.30275615464646,0
69.25,79.5433050882836,9.148041576313863e-25,107.24366270784824,0
69.26666666666667,79.55457093695098,8.979987382916271e-25,107.18460180481293,0
69.28333333333333,79.56583058132453,8.815021664500786e-25,107.12557342761811,0
69.3,79.57708402482106,8.65308763799802e-25,107.06657755835126,0
69.31666666666666,79.5883312708555,8.494129564771384e-25,107.0076141791097,0
69.33333333333333,79.59957232284087,8.338092731397943e-25,106.94868327200062,0
69.35,79.61080718418835,8.184923430802841e-25,106.88978481914107,0
69.36666666666666,79.62203585830726,8.034568943741362e-25,106.83091880265798,0
69.38333333333334,79.63325834860495,7.886977520621636e-25,106.77208520468804,0
69.4,79.64447465848701,7.7420983636622e-25,106.71328400737784,0
69.41666666666667,79.65568479135707,7.599881609377764e-25,106.65451519288378,0
69.43333333333334,79.66688875061695,7.460278311387767e-25,106.59577874337212,0
69.45,79.67808653966652,7.323240423541029e-25,106.53707464101889,0
69.46666666666667,79.68927816190384,7.188720783351327e-25,106.47840286800998,0
69.48333333333333,79.70046362072509,7.056673095737773e-25,106.41976340654105,0
69.5,79.71164291952451,6.927051917064547e-25,106.36115623881761,0
69.51666666666667,79.7228160616946,6.799812639474515e-25,106.30258134705495,0
69.53333333333333,79.73398305062588,6.67491147551103e-25,106.24403871347812,0
69.55,79.74514388970708,6.552305443023059e-25,106.185528320322,0
69.56666666666666,79.75629858232497,6.431952350348038e-25,106.12705014983129,0
69.58333333333333,79.76744713186456,6.313810781767404e-25,106.06860418426035,0
69.6,79.77858954170893,6.197840083230191e-25,106.01019040587343,0
69.61666666666666,79.7897258152393,6.084000348338874e-25,105.95180879694449,0
69.63333333333334,79.80085595583505,5.972252404593777e-25,105.89345933975727,0
69.65,79.81197996687372,5.862557799890203e-25,105.83514201660525,0
69.66666666666667,79.82309785173094,5.754878789264386e-25,105.7768568097917,0
69.68333333333334,79.83420961378047,5.649178321883308e-25,105.71860370162955,0
69.7,79.8453152563943,5.545420028274019e-25,105.66038267444159,0
69.71666666666667,79.85641478294247,5.443568207787956e-25,105.60219371056026,0
69.73333333333333,79.86750819679321,5.343587816296093e-25,105.54403679232774,0
69.75,79.8785955013129,5.245444454110555e-25,105.48591190209596,0
69.76666666666667,79.88967669986603,5.14910435412844e-25,105.42781902222656,0
69.78333333333333,79.90075179581527,5.054534370194069e-25,105.36975813509089,0
69.8,79.91182079252143,4.961701965675218e-25,105.31172922307,0
69.81666666666666,79.92288369334346,4.870575202249721e-25,105.25373226855467,0
69.83333333333333,79.93394050163849,4.781122728898487e-25,105.19576725394535,0
69.85,79.94499122076174,4.693313771101076e-25,105.13783416165218,0
69.86666666666666,79.95603585406664,4.60711812023004e-25,105.07993297409502,0
69.88333333333334,79.96707440490475,4.522506123140633e-25,105.02206367370337,0
69.9,79.97810687662579,4.439448671951932e-25,104.96422624291645,0
69.91666666666667,79.98913327257765,4.357917194016201e-25,104.90642066418313,0
69.93333333333334,80.0001535961063,4.277883642072765e-25,104.84864691996192,0
69.95,80.011167850556,4.199320484583106e-25,104.79090499272104,0
69.96666666666667,80.02217603926906,4.1222006962438056e-25,104.73319486493828,0
69.98333333333333,80.03317816558597,4.0464977486741846e-25,104.67551651910122,0
70.0,80.04417423284544,3.972185601275297e-25,104.61786993770697,0
