time_hours,I2_center_nM,S2_free_center_nM,S2_total_center_nM,I1O2_active
0.0,100.0,0.0,0.0,1
0.016666666666666666,99.98588280552114,0.047074332610321436,1.1875459022824097,1
0.03333333333333333,99.9562617259301,0.09881228892540948,3.6190224475751065,1
0.05,99.91346963950558,0.1428274606282817,7.073527885452104,1
0.06666666666666667,99.85953551119198,0.1801366699502434,11.366232985472987,1
0.08333333333333333,99.79566914269213,0.21347423012730146,16.37886353019571,1
0.1,99.72245828060164,0.24491989571883263,22.04064038258003,1
0.11666666666666667,99.64007446824981,0.27587010074425566,28.310676032977604,1
0.13333333333333333,99.54840441945395,0.307286342131018,35.16666741475373,1
0.15,99.44712650679575,0.3398783758821076,42.597943705900555,1
0.16666666666666666,99.33575443443301,0.37421400950266714,50.601041801939665,1
0.18333333333333332,99.2136618631097,0.410783160269737,59.17669695718062,1
0.2,99.08009579870736,0.45003603332523495,68.32761916426671,1
0.21666666666666667,98.9341831723475,0.492406705880827,78.05669916266034,1
0.23333333333333334,98.77493320548932,0.5383282481128068,88.36543940031251,1
0.25,98.60123716181769,0.5882427061720195,99.25249192149205,1
0.26666666666666666,98.41186655221874,0.6426077547622279,110.71223812662184,1
0.2833333333333333,98.20547053368858,0.7019009837062743,122.7333835440576,1
0.3,97.98057337182942,0.7666222468189196,135.297553141904,1
0.31666666666666665,97.73557217615374,0.8372942449318692,148.37793196478188,1
0.3333333333333333,97.46873596548643,0.9144611754476575,161.9379699357927,1
0.35,97.17820662532802,0.9986851293119742,175.93022512154218,1
0.36666666666666664,96.86200269613218,1.0905396825280773,190.29542562498733,1
0.38333333333333336,96.51802709168814,1.190599912502722,204.96185004070287,1
0.4,96.14408008849358,1.2994278440980276,219.84514003347186,1
0.4166666666666667,95.73787919825799,1.417552123152688,234.8486657144934,1
0.43333333333333335,95.29708780377935,1.5454405823693071,249.86456179402137,1
0.45,94.81935464098486,1.68346440646344,264.7755361767328,1
0.4666666666666667,94.30236624184583,1.831852976759541,279.45751875045715,1
0.48333333333333334,93.74391415704127,1.9906393897337733,293.78316304946435,1
0.5,93.14197794887484,2.159598326645589,307.62613519344,1
0.5166666666666667,92.49482336596532,2.3381805527885113,320.8660241288958,1
0.5333333333333333,91.80111263229874,2.525451748662013,333.3935913517414,1
0.55,91.06002045965529,2.720047057440195,345.1159616354855,1
0.5666666666666667,90.27134564499792,2.920155477846125,355.9612629816497,1
0.5833333333333334,89.43560482999101,3.1235483094864787,365.88218573806176,1
0.6,88.5540934999735,3.3276615699514367,374.85797862495104,1
0.6166666666666667,87.62890034316929,3.5297330954435826,382.89455553125055,1
0.6333333333333333,86.66286709341408,3.72698219734411,390.0226239822345,1
0.65,85.65949263433066,3.9168075370136277,396.29405340946806,1
0.6666666666666666,84.62279040688678,4.09697156543181,401.77695814596115,1
0.6833333333333333,83.55711543557732,4.265741327450527,406.55014521398493,1
0.7,82.46698144349759,4.421965395139564,410.6976054985189,1
0.7166666666666667,81.35688812265715,4.565081559122855,414.30362034189244,1
0.7333333333333333,80.2311738031145,4.695064340090799,417.4488611404283,1
0.75,79.09390359153622,4.812330888039432,420.2076346815227,1
0.7666666666666667,77.94879458008062,4.917626985949854,422.64624237237626,1
0.7833333333333333,76.79917603197225,5.011912296560188,424.8222880036036,1
0.8,75.64797848271698,5.096258394550796,426.7847099139912,1
0.8166666666666667,74.49774449761537,5.171766824130767,428.57430634508205,1
0.8333333333333334,73.35065395603408,5.239509183227097,430.2245510331776,1
0.85,72.20855773484017,5.300487541262044,431.7625401531205,1
0.8666666666666667,71.07301511278095,5.3556118413081455,433.2099583065795,1
0.8833333333333333,69.94533110298107,5.405690123345308,434.58399244634643,1
0.9,68.82659242128803,5.451427768610214,435.89815303518236,1
0.9166666666666666,67.71769988302964,5.49343253255895,437.1629868004591,1
0.9333333333333333,66.61939719570337,5.532222898595992,438.3866784015431,1
0.95,65.53229591824267,5.568237972352944,439.57554798444056,1
0.9666666666666667,64.45689675843865,5.601847726457528,440.7344559447623,1
0.9833333333333333,63.39360753405522,5.6333628547493335,441.86712789204137,1
1.0,62.34275819120148,5.663043819612957,442.9764127549864,1
1.0166666666666666,61.30461328672438,5.691108897991089,444.06448596362225,1
1.0333333333333334,60.279382322214076,5.717741174954204,445.13300820071066,1
1.05,59.26722828101956,5.743094520276719,446.1832486463602,1
1.0666666666666667,58.26827467640828,5.767298630960741,447.21618012636117,1
1.0833333333333333,57.28261137476131,5.7904632444111,448.2325522082591,1
1.1,56.3102994159328,5.81268163259842,449.2329471063164,1
1.1166666666666667,55.351375015347564,5.834033483688483,450.2178222620968,1
1.1333333333333333,54.4058528997156,5.854587268673396,451.1875426489818,1
1.15,53.47372910042233,5.874402179344558,452.1424051860559,1
1.1666666666666667,52.55498330537389,5.893529712227366,453.0826571165991,1
1.1833333333333333,51.64958085084097,5.912014961848551,454.0085097865128,1
1.2,50.757474419102024,5.9298976764514535,454.92014892813813,1
1.2166666666666666,49.878605494896114,5.94721312023075,455.81774229749544,1
1.2333333333333334,49.01290562336337,5.9639927783695725,456.70144531322893,1
1.25,48.160297503838706,5.9802649345665,457.5714051912619,1
1.2666666666666666,47.320695947198665,5.9960551452297155,458.4277639505317,1
1.2833333333333334,46.494008719126434,6.011386629953536,459.27066057425094,1
1.3,45.68013728739733,6.026280581591349,460.1002325291449,1
1.3166666666666667,44.87897748827943,6.040756481579937,460.9166168771921,1
1.3333333333333333,44.09042012218265,6.0548322567366215,461.71995092970343,1
1.35,43.31435149167106,6.0685245038197975,462.5103727495993,1
1.3666666666666667,42.55065388708053,6.08184864019834,463.28802142510654,1
1.3833333333333333,41.799206027459974,6.094819035705499,464.05303721452395,1
1.4,41.05988346229214,6.107449125190121,464.80556159537247,1
1.4166666666666667,40.33255893861603,6.119751504767751,465.54573724568814,1
1.4333333333333333,39.61710273745078,6.131738014540319,466.2737079782758,1
1.45,38.9133829828269,6.143419810070955,466.9896186432934,1
1.4666666666666666,38.22126592624545,6.154807424478801,467.69361501043784,1
1.4833333333333334,37.54061620898704,6.165910822673462,468.3858436389367,1
1.5,36.8712971043639,6.176739448970368,469.0664517412804,1
1.5166666666666666,36.21317074173578,6.187302269104618,469.7355870449347,1
1.5333333333333334,35.5660983138833,6.197607807479607,470.39339765503286,1
1.55,34.92994026914147,6.207664180341694,471.04003192012345,1
1.5666666666666667,34.30455648953563,6.217479125453456,471.6756383023749,1
1.5833333333333333,33.689806456025295,6.227060028742147,472.3003652531501,1
1.6,33.08554940184475,6.236413948323068,472.91436109450103,1
1.6166666666666667,32.491644454829,6.245547636232767,473.51777390688056,1
1.6333333333333333,31.90795076952717,6.254467558155581,474.1107514231816,1
1.65,31.33432764982983,6.26317991138399,474.6934409290861,1
1.6666666666666667,30.770634662771336,6.271690641217726,475.2659891696158,1
1.6833333333333333,30.216731744109794,6.280005455977683,475.8285422617171,1
1.7,29.672479296236865,6.288129840785239,476.38124561267017,1
1.7166666666666666,29.137738278923692,6.296069070238853,476.9242438440936,1
1.7333333333333334,28.612370293369267,6.303828220100623,477.4576807212976,1
1.75,28.096237659981103,6.311412178092858,477.98169908773593,1
1.7666666666666666,27.589203490285882,6.318825653890957,478.4964408043066,1
1.7833333333333334,27.091131753338143,6.326073188389241,479.0020466932558,1
1.8,26.601887336968954,6.3331591623075045,479.49865648644504,1
1.8166666666666667,26.121336104192117,6.340087804197657,479.98640877774966,1
1.8333333333333333,25.64934494506385,6.346863197903853,480.4654409793676,1
1.85,25.185781824271743,6.353489289523361,480.9358892818242,1
1.8666666666666667,24.73051582471061,6.359969893910804,481.3978886174705,1
1.8833333333333333,24.28341718728603,6.3663087007633745,481.8515726272822,1
1.9,23.84435734717097,6.372509280321653,482.2970736307755,1
1.9166666666666667,23.41320896672677,6.378575088716415,482.7345225988647,1
1.9333333333333333,22.98984596528651,6.384509472989554,483.16404912949866,1
1.95,22.57414354598679,6.3903156758141355,483.5857814259149,1
1.9666666666666666,22.165978219822655,6.395996839936354,483.9998462773685,1
1.9833333333333334,21.765227827090047,6.401556012360546,484.40636904219025,1
2.0,21.371771556370355,6.406996148295652,484.80547363304305,1
2.0166666666666666,20.985489961202777,6.412320114880635,485.19728250425004,1
2.033333333333333,20.606264974581716,6.41753069470465,485.5819166410739,1
2.05,20.23397992140861,6.422630589136072,485.9594955508352,1
2.066666666666667,19.868519529020272,6.427622421474018,486.33013725576006,1
2.0833333333333335,19.509769935908988,6.432508739934076,486.6939582874589,1
2.1,19.157618698743157,6.437292020479645,487.05107368293494,1
2.1166666666666667,18.811954797791334,6.441974669508676,487.40159698203513,1
2.1333333333333333,18.472668640846763,6.446559026405865,487.74564022625384,1
2.15,18.139652065744293,6.45104736596848,488.08331395880816,1
2.1666666666666665,17.812798341556583,6.455441900714094,488.414727225907,1
2.183333333333333,17.49200216855168,6.459744783077227,488.7399875791377,1
2.2,17.177159676989856,6.463958107502466,489.05920107890336,1
2.216666666666667,16.868168424833254,6.4680839124397185,489.37247229884116,1
2.2333333333333334,16.56492739443799,6.472124182247783,489.67990433115904,1
2.25,16.267336988294772,6.4760808490115584,489.98159879283173,1
2.2666666666666666,15.975299023880483,6.479955794278019,490.27765583259793,1
2.283333333333333,15.68871672767987,6.483750850715903,490.5681741387061,1
2.3,15.407494728433482,6.487467803702926,490.85325094735504,1
2.316666666666667,15.131539049664877,6.4911083928449615,491.13298205178234,1
2.3333333333333335,14.860757101537441,6.494674313431135,491.4074618119555,1
2.35,14.595057672088505,6.498167217827722,491.67678316481846,1
2.3666666666666667,14.334350917885844,6.501588716814989,491.9410376350557,1
2.3833333333333333,14.07854835414941,6.504940380869392,492.200315346332,1
2.4,13.82756284437875,6.508223741394319,492.4547050329711,1
2.4166666666666665,13.581308589524566,6.51144029190203,492.70429405203896,1
2.433333333333333,13.339701116740713,6.51459148914912,492.9491683957953,1
2.45,13.102657267751093,6.517678754228316,493.1894127044847,1
2.466666666666667,12.87009518686409,6.520703473618275,493.4251102794345,1
2.4833333333333334,12.641934308665352,6.523667000193763,493.6563430964321,1
2.5,12.41809534541822,6.526570654198254,493.88319181935503,1
2.5166666666666666,12.19850027419939,6.529415724180482,494.105735814026,1
2.533333333333333,11.98307232379608,6.532203467896779,494.3240531622712,1
2.55,11.771735961389377,6.534935113181084,494.53822067615675,1
2.566666666666667,11.564416879047227,6.537611858783701,494.748313912383,1
2.5833333333333335,11.361041980049233,6.540234875180463,494.95440718681493,1
2.6,11.161539365064128,6.542805305353776,495.1565735891299,1
2.6166666666666667,10.965838318199758,6.545324265546612,495.35488499756434,1
2.6333333333333333,10.773869292944235,6.547792845990666,495.54941209374107,1
2.65,10.585563898015865,6.5502121116099,495.7402243775624,1
2.6666666666666665,10.400854883138527,6.5525831027006785,495.92739018215246,1
2.683333333333333,10.219676124758186,6.554906835589013,496.1109766888339,1
2.7,10.041962611715302,6.557184303266511,496.29104994212577,1
2.716666666666667,9.867650430887144,6.559416476005549,496.4676748647503,1
2.7333333333333334,9.69667675281305,6.561604301954474,496.6409152726345,1
2.75,9.528979817315046,6.563748707714107,496.8108338898973,1
2.7666666666666666,9.364498919125424,6.565850598895524,496.9774923638091,1
2.783333333333333,9.203174393532159,6.5679108606608745,497.1409512797156,1
2.8,9.044947602052455,6.56993035824699,497.3012701759158,1
2.816666666666667,8.88976091814402,6.571909937472949,497.45850755848477,1
2.8333333333333335,8.737557712963051,6.573850425232212,497.6127209160331,1
2.85,8.588282341177399,6.575752629969726,497.76396673439575,1
2.8666666666666667,8.441880126842781,6.577617342144737,497.91230051124234,1
2.8833333333333333,8.298297349349426,6.579445334679672,498.0577767706022,1
2.9,8.157481229446008,6.581237363395893,498.20044907729846,1
2.9166666666666665,8.019379915347304,6.582994167436567,498.3403700512844,1
2.933333333333333,7.8839424689314885,6.5847164696770815,498.47759138187774,1
2.95,7.7511188520326755,6.586404977123683,498.612163841886,1
2.966666666666667,7.620859912833766,6.588060381300829,498.7441373016204,1
2.9833333333333334,7.493117372364398,6.589683358626937,498.8735607427926,1
3.0,7.36784381110838,6.591274570780178,499.0004822722904,1
3.0166666666666666,7.244992655724636,6.5928346650533625,499.1249491358297,1
3.033333333333333,7.1245181658853936,6.594364274699179,499.247007731478,1
3.05,7.006375421235004,6.595864019265869,499.36670362304756,1
3.066666666666667,6.890520308472518,6.597334504923395,499.4840815533545,1
3.0833333333333335,6.7769095085608315,6.5987763247808715,499.59918545734257,1
3.1,6.665500484064965,6.600190059195294,499.71205847506815,1
3.1166666666666667,6.556251466621799,6.601576276071745,499.8227429645455,1
3.1333333333333333,6.449121444543326,6.602935531155559,499.93128051444836,1
3.15,6.34407015055526,6.604268368316784,500.03771195667014,1
3.1666666666666665,6.241058049672656,6.605575319826958,500.1420773787377,1
3.183333333333333,6.140046327213927,6.606856906628362,500.24441613607905,1
3.2,6.040996876954549,6.608113638596579,500.3447668641445,1
3.216666666666667,5.943872289421457,6.6093460147956105,500.4431674903791,1
3.2333333333333334,5.848635840329057,6.610554523726944,500.53965524604695,1
3.25,5.755251479157527,6.611739643571575,500.6342666779062,1
3.2666666666666666,5.663683817874027,6.612901842426245,500.72703765973523,1
3.283333333333333,5.573898119797207,6.6140415785331,500.81800340370717,1
3.3,5.485860288605297,6.615159300503992,500.9071984716172,1
3.316666666666667,5.399536857487963,6.616255447538803,500.99465678595845,1
3.3333333333333335,5.314894978441932,6.617330449637982,501.08041164084824,1
3.35,5.231902411710341,6.618384727810323,501.1644957128064,1
3.3666666666666667,5.150527515365599,6.619418694274831,501.2469410713825,1
3.3833333333333333,5.070739235035487,6.620432752658029,501.3277791896361,1
3.4,4.992507093772116,6.621427298186214,501.40704095446864,1
3.4166666666666665,4.915801182063277,6.622402717872754,501.4847566768077,1
3.433333333333333,4.840592147985613,6.623359390700981,501.5609561016441,1
3.45,4.766851187499006,6.624297687802332,501.6356684179241,1
3.466666666666667,4.694550034881461,6.625217972630598,501.708922268296,1
3.4833333333333334,4.623660953303717,6.626120601131262,501.78074575871244,1
3.5,4.554156725542754,6.62700592190715,501.8511664678893,1
3.5166666666666666,4.486010644833296,6.627874276379963,501.9202114566229,1
3.533333333333333,4.419196505856373,6.628725998947818,501.98790727696564,1
3.55,4.353688595863925,6.629561417139211,502.05427998126197,1
3.566666666666667,4.289461685938411,6.630380851762837,502.1193551310451,1
3.5833333333333335,4.226491022386339,6.631184617054475,502.1831578057964,1
3.6,4.164752318264566,6.631973020819669,502.2457126115678,1
3.6166666666666667,4.1042217450382195,6.632746364573696,502.30704368946965,1
3.6333333333333333,4.044875924369031,6.633504943677525,502.3671747240247,1
3.65,3.9866919200328454,6.634249047471195,502.42612895138825,1
3.6666666666666665,3.9296472299650476,6.63497895940366,502.48392916743944,1
3.683333333333333,3.873719778432624,6.635694957159722,502.54059773574045,1
3.7,3.8188879083315403,6.636397312783957,502.5961565953685,1
3.716666666666667,3.7651303784518317,6.637086292801784,502.6506272596224,1
3.7333333333333334,3.7124263412346443,6.637762158161975,502.7040308519405,1
3.75,3.6607553504911103,6.638425164886102,502.756388083482,1
3.7666666666666666,3.6100973490765305,6.639075563662091,502.8077192709348,1
3.783333333333333,3.5604326617943256,6.6397136000933505,502.8580443438365,1
3.8,3.5117419884168752,6.640339514824872,502.90738285166157,1
3.816666666666667,3.464006396822007,6.640953543652009,502.95575397078386,1
3.8333333333333335,3.4172073162437444,6.641555917623962,503.00317651132275,1
3.85,3.3713265306358955,6.642146863144419,503.04966892387625,1
3.8666666666666667,3.3263461721470637,6.64272660206958,503.09524930614293,1
3.8833333333333333,3.282248714705633,6.643295351804154,503.13993540943227,1
3.9,3.2390169677133027,6.643853325394927,503.1837446450661,1
3.9166666666666665,3.196634069845747,6.644400731622281,503.22669409067123,1
3.933333333333333,3.1550834829589385,6.644937775089756,503.26880049636435,1
3.95,3.1143489860997264,6.645464656311561,503.3100802908318,1
3.966666666666667,3.0744146696192356,6.64598157179812,503.350549587304,1
3.9833333333333334,3.0352649293876475,6.646488714139669,503.39022418942756,1
4.0,2.9968844611089573,6.646986272088163,503.4291195970352,1
4.016666666666667,2.9592582547342836,6.64747443063714,503.46725101181454,1
4.033333333333333,2.9223715889723185,6.647953371099966,503.50463334287974,1
4.05,2.8862100258955214,6.648423271186405,503.5412812122442,1
4.066666666666666,2.8507594056406584,6.648884305077185,503.57720896019697,1
4.083333333333333,2.816005841202294,6.649336643497322,503.6124306505867,1
4.1,2.781935713317872,6.649780453787639,503.64696007600975,1
4.116666666666666,2.748535665443001,6.650215899974571,503.6808107629073,1
4.133333333333334,2.7157925988155878,6.650643142838696,503.7139959765731,1
4.15,2.683693667607485,6.651062339981518,503.7465287260707,1
4.166666666666667,2.652226274162297,6.651473645891165,503.77842176906427,1
4.183333333333334,2.621378064318019,6.651877212006279,503.809687616562,1
4.2,2.5911369228132113,6.652273186778506,503.8403385375745,1
4.216666666666667,2.561490968775385,6.652661715734057,503.870386563691,1
4.233333333333333,2.532428551290321,6.653042941533352,503.89984349357155,1
4.25,2.5039382450510344,6.653417004029917,503.92872089735977,1
4.266666666666667,2.476008846085132,6.6537840403275865,503.9570301210139,1
4.283333333333333,2.448629367559293,6.654144184836669,503.98478229056144,1
4.3,2.421789035659651,6.6544975693289965,504.0119883162758,1
4.316666666666666,2.395477285546836,6.654844322991557,504.03865889677644,1
4.333333333333333,2.3696837573844736,6.655184572478996,504.0648045230558,1
4.35,2.3443982924399402,6.6555184419653335,504.09043548243125,1
4.366666666666666,2.319610929256188,6.6558460531940815,504.1155618624257,1
4.383333333333334,2.295311899893468,6.656167525527731,504.1401935545772,1
4.4,2.2714916262398015,6.656482975995787,504.1643402581786,1
4.416666666666667,2.2481407163890426,6.656792519342144,504.1880114839485,1
4.433333333333334,2.2252499610854217,6.657096268071253,504.21121655763403,1
4.45,2.2028103302334374,6.657394332493206,504.23396462354873,1
4.466666666666667,2.180812969472013,6.657686820768254,504.2562646480437,1
4.483333333333333,2.1592491968118206,6.657973838949869,504.2781254229158,1
4.5,2.138110499334703,6.658255491027375,504.2995555687515,1
4.516666666666667,2.1173885299541437,6.658531878967332,504.32056353820997,1
4.533333333333333,2.0970751042357305,6.658803102754227,504.34115761924517,1
4.55,2.0771621972765955,6.659069260430264,504.36134593826665,1
4.566666666666666,2.057641940642808,6.659330448134312,504.3811364632435,1
4.583333333333333,2.0385066193637265,6.659586760140001,504.400537006749,1
4.6,2.019748668982318,6.65983828889308,504.4195552289491,1
4.616666666666666,2.0013606726604785,6.660085125048109,504.4381986405355,1
4.633333333333334,1.9833353583383908,6.660327357503896,504.4564746056025,1
4.65,1.9656655959469815,6.660565073439046,504.47439034447194,1
4.666666666666667,1.94834439467254,6.660798358345758,504.4919529364633,1
4.683333333333334,1.9313649002725874,6.661027296063788,504.5091693226134,1
4.7,1.9147203924420948,6.66125196881323,504.5260463083432,1
4.716666666666667,1.898404282229155,6.661472457226636,504.54259056607674,1
4.733333333333333,1.8824101094992354,6.661688840380778,504.5588086378092,1
4.75,1.8667315404471516,6.661901195827391,504.57470693762696,1
4.766666666666667,1.8513623651559075,6.662109599623459,504.5902917541796,1
4.783333333333333,1.8362964952015715,6.662314126360814,504.6055692531064,1
4.8,1.8215279613033588,6.662514849195269,504.62054547941625,1
4.816666666666666,1.8070509110181185,6.662711839875009,504.6352263598225,1
4.833333333333333,1.792859606478419,6.662905168768315,504.64961770503345,1
4.85,1.7789484221734515,6.663094904890907,504.66372521200043,1
4.866666666666666,1.7653118427719814,6.663281115932768,504.6775544661218,1
4.883333333333334,1.7519444609865833,6.663463868284106,504.69111094340633,1
4.9,1.7388409754784127,6.663643227061102,504.70440001259476,1
4.916666666666667,1.7259961888017825,6.6638192561308855,504.717426937241,1
4.933333333333334,1.7134050053878163,6.663992018136462,504.73019687775513,1
4.95,1.70106242956647,6.664161574520236,504.7427148934043,1
4.966666666666667,1.68896356362622,6.6643279855481135,504.7549859442794,1
4.983333333333333,1.6771036059107292,6.664491310332275,504.7670148932213,1
5.0,1.6654778489518172,6.664651606854134,504.7788065077117,1
5.016666666666667,1.6540816776380618,6.664808931986195,504.7903654617274,1
5.033333333333333,1.6429105674183875,6.664963341514015,504.8016963375596,1
5.05,1.631960082539988,6.665114890157362,504.8128036275972,1
5.066666666666666,1.6212258743199552,6.665263631591156,504.82369173607754,1
5.083333333333333,1.6107036794499898,6.665409618465891,504.83436498080283,1
5.1,1.6003893183335849,6.665552902427595,504.8448275948232,1
5.116666666666666,1.590278693455082,6.665693534137521,504.8550837280884,1
5.133333333333334,1.5803677877800015,6.665831563291368,504.86513744906745,1
5.15,1.5706526631860789,6.665967038638079,504.8749927463367,1
5.166666666666667,1.5611294589244253,6.66610000799825,504.8846535301381,1
5.183333333333334,1.5517943901102587,6.66623051828241,504.89412363390716,1
5.2,1.5426437462426503,6.666358615508498,504.90340681577163,1
5.216666666666667,1.5336738897527489,6.666484344819333,504.91250676002085,1
5.233333333333333,1.5248812545799466,6.6666077504997405,504.92142707854794,1
5.25,1.5162623447754688,6.666728875993011,504.9301713122628,1
5.266666666666667,1.507813733132868,6.666847763917351,504.9387429324791,1
5.283333333333333,1.4995320598449262,6.666964456082005,504.9471453422735,1
5.3,1.4914140311864597,6.667078993502758,504.955381877819,1
5.316666666666666,1.4834564182225483,6.667191416417386,504.96345580969347,1
5.333333333333333,1.475656055541707,6.667301764300782,504.9713703441612,1
5.35,1.4680098400135315,6.667410075879642,504.9791286244308,1
5.366666666666666,1.4605147295703524,6.667516389146984,504.98673373188916,1
5.383333333333334,1.4531677420124538,6.667620741376482,504.99418868731016,1
5.4,1.4459659538364018,6.667723169135987,505.0014964520406,1
5.416666666666667,1.438906499086053,6.66782370830159,505.0086599291643,1
5.433333333333334,1.4319865682258088,6.667922394070657,505.01568196464166,1
5.45,1.4252034070356994,6.668019260975206,505.02256534842894,1
5.466666666666667,1.418554315527878,6.668114342894481,505.02931281557414,1
5.483333333333333,1.4120366468841234,6.6682076730676405,505.03592704729374,1
5.5,1.4056478064139517,6.668299284106092,505.04241067202616,1
5.516666666666667,1.3993852505329418,6.668389208005671,505.04876626646666,1
5.533333333333333,1.3932464857608948,6.668477476158308,505.0549963565812,1
5.55,1.387229067739447,6.668564119363723,505.0611034186012,1
5.566666666666666,1.3813306002687662,6.668649167840896,505.0670898799978,1
5.583333333333333,1.37554873436297,6.668732651239014,505.0729581204392,1
5.6,1.3698811673239046,6.668814598648712,505.07871047272704,1
5.616666666666666,1.3643256418329357,6.668895038612473,505.08434922371634,1
5.633333333333334,1.35887994506041,6.668973999135387,505.0898766152172,1
5.65,1.3535419077924442,6.6690515076953725,505.095294844878,1
5.666666666666667,1.3483094035747143,6.6691275912531705,505.10060606705207,1
5.683333333333334,1.343180347872917,6.669202276262459,505.10581239364836,1
5.7,1.338152697249585,6.669275588679464,505.1109158949639,1
5.716666666666667,1.3332244485569427,6.669347553972411,505.1159186005009,1
5.733333333333333,1.3283936381454955,6.6694181971309074,505.1208224997679,1
5.75,1.3236583410880465,6.669487542675199,505.12562954306526,1
5.766666666666667,1.3190166704188504,6.669555614664987,505.1303416422557,1
5.783333333333333,1.3144667763876088,6.669622436708301,505.1349606715184,1
5.8,1.310006845728023,6.6696880319700815,505.1394884680905,1
5.816666666666666,1.305635100940627,6.6697524231806655,505.14392683299224,1
5.833333333333333,1.3013497995896193,6.669815632644131,505.14827753173887,1
5.85,1.29714923361343,6.669877682246304,505.1525422950389,1
5.866666666666666,1.2930317286487583,6.669938593462889,505.15672281947775,1
5.883333333333334,1.2889956433678134,6.669998387367038,505.160820768189,1
5.9,1.2850393688285127,6.670057084637275,505.1648377715121,1
5.916666666666667,1.2811613278373841,6.670114705564831,505.16877542763694,1
5.933333333333334,1.277359974324925,6.670171270061144,505.1726353032364,1
5.95,1.2736337927331796,6.670226797664961,505.17641893408614,1
5.966666666666667,1.269981297415296,6.670281307549505,505.18012782567246,1
5.983333333333333,1.2664010320468375,6.670334818529341,505.1837634537879,1
6.0,1.2628915690486109,6.670387349067348,505.1873272651159,1
6.016666666666667,1.2594515090207976,6.6704389172812,505.1908206778035,1
6.033333333333333,1.2560794801881636,6.670489540949993,505.1942450820226,1
6.05,1.2527741378561361,6.670539237520734,505.1976018405204,1
6.066666666666666,1.2495341638775352,6.67058802411456,505.2008922891601,1
6.083333333333333,1.2463582661297536,6.670635917532904,505.2041177374492,1
6.1,1.243245178002182,6.670682934263722,505.2072794690585,1
6.116666666666666,1.2401936578936836,6.6707290904871055,505.21037874233144,1
6.133333333333334,1.2372024887199176,6.670774402081358,505.2134167907817,1
6.15,1.2342704774303255,6.670818884628745,505.21639482358285,1
6.166666666666667,1.2313964545345895,6.670862553420932,505.21931402604804,1
6.183333333333334,1.2285792736383794,6.670905423464528,505.2221755600987,1
6.2,1.225817810988209,6.6709475094865285,505.22498056472665,1
6.216666666666667,1.2231109650252223,6.670988825939517,505.22773015644486,1
6.233333333333333,1.2204576559477378,6.671029387006975,505.23042542973093,1
6.25,1.2178568252823787,6.671069206608183,505.2330674574602,1
6.266666666666667,1.2153074354636242,6.671108298403386,505.2356572913328,1
6.283333333333333,1.2128084694216155,6.671146675798546,505.23819596228935,1
6.3,1.2103589301780564,6.671184351950244,505.2406844809214,1
6.316666666666666,1.2079578404500528,6.671221339770346,505.2431238378714,1
6.333333333333333,1.2056042422617321,6.671257651930539,505.24551500422655,1
6.35,1.2032971965634949,6.671293300866997,505.2478589319039,1
6.366666666666666,1.2010357828587481,6.671328298784652,505.2501565540288,1
6.383333333333334,1.1988190988379746,6.671362657661727,505.252408785304,1
6.4,1.196646260019993,6.671396389253846,505.254616522374,1
6.416666666666667,1.1945163994002737,6.6714295050983505,505.256780644181,1
6.433333333333334,1.1924286671061648,6.671462016518332,505.2589020123133,1
6.45,1.1903822300589026,6.671493934626651,505.2609814713479,1
6.466666666666667,1.188376271642265,6.671525270329886,505.26301984918564,1
6.483333333333333,1.1864099913777428,6.671556034332336,505.2650179573807,1
6.5,1.184482604606102,6.671586237139619,505.2669765914619,1
6.516666666666667,1.182593342175212,6.671615889062563,505.2688965312497,1
6.533333333333333,1.1807414501340119,6.671645000220819,505.2707785411658,1
6.55,1.178926189432502,6.67167358054637,505.2726233705362,1
6.566666666666666,1.177146835627641,6.67170163978722,505.2744317538901,1
6.583333333333333,1.175402678595027,6.671729187510645,505.27620441125066,1
6.6,1.1736930222462587,6.671756233106697,505.2779420484218,1
6.616666666666666,1.1720171842518594,6.671782785791616,505.27964535726863,1
6.633333333333334,1.1703744957696554,6.671808854610869,505.2813150159924,1
6.65,1.1687643011785032,6.671834432651496,505.2829516736089,1
6.666666666666667,1.167185957831231,6.67185955642621,505.2845560095416,1
6.683333333333334,1.1656388357627692,6.671884224728969,505.2861286528779,1
6.7,1.1641223174667388,6.6719084444256005,505.2876702282897,1
6.716666666666667,1.1626357976454815,6.671932223375477,505.2891813492221,1
6.733333333333333,1.1611786829681539,6.671955569522982,505.2906626172308,1
6.75,1.1597503918341532,6.671978490736134,505.29211462205916,1
6.766666666666667,1.158350354141353,6.6720009947662495,505.2935379418302,1
6.783333333333333,1.156978011058958,6.672023089235483,505.2949331432608,1
6.8,1.1556328148048618,6.672044781632645,505.29630078188126,1
6.816666666666666,1.1543142284273977,6.672066079312836,505.2976414022532,1
6.833333333333333,1.1530217255914044,6.672086989498119,505.29895553818346,1
6.85,1.1517547903685075,6.672107519279115,505.3002437129369,1
6.866666666666666,1.1505129170315398,6.672127675616823,505.3015064394423,1
6.883333333333334,1.1492956098530158,6.672147465344749,505.30274422049735,1
6.9,1.1481023829075807,6.6721668951709665,505.3039575489675,1
6.916666666666667,1.1469327598783552,6.672185971680244,505.30514690798265,1
6.933333333333334,1.1457862738671003,6.672204701336277,505.30631277112826,1
6.95,1.144662467208126,6.672223090483783,505.3074556026343,1
6.966666666666667,1.143560891285871,6.672241145350891,505.3085758575605,1
6.983333333333333,1.14248110635608,6.672258872050855,505.30967398197555,1
7.0,1.1414226813705084,6.6722762765846015,505.31075041313665,1
7.016666666666667,1.1403851938050866,6.672293364842465,505.31180557966206,1
7.033333333333333,1.139368229491474,6.672310142606349,505.31283990170215,1
7.05,1.138371382451935,6.672326615551805,505.31385379110674,1
7.066666666666666,1.137394254737475,6.672342789249771,505.31484765158854,1
7.083333333333333,1.1364364562691707,6.672358669168697,505.3158218788844,1
7.1,1.1354976046826282,6.672374260676522,505.3167768609122,1
7.116666666666666,1.1345773251755156,6.6723895690422275,505.317712977926,1
7.133333333333334,1.1336752503581002,6.672404599437957,505.3186306026665,1
7.15,1.132791020106739,6.672419356940657,505.3195301005101,1
7.166666666666667,1.1319242814202601,6.672433846533903,505.32041182961416,1
7.183333333333334,1.1310746882791771,6.672448073109616,505.3212761410592,1
7.2,1.1302419015076852,6.672462041469719,505.3221233789892,1
7.216666666666667,1.1294255886383815,6.6724757563279145,505.32295388074846,1
7.233333333333333,1.128625423779654,6.672489222311219,505.32376797701573,1
7.25,1.127841087485691,6.67250244396154,505.32456599193597,1
7.266666666666667,1.127072266629057,6.67251542573741,505.3253482432495,1
7.283333333333333,1.1263186542757824,6.6725281720153555,505.3261150424181,1
7.3,1.125579949562922,6.672540687091597,505.3268666947498,1
7.316666666666666,1.1248558575785312,6.672552975183339,505.32760349951957,1
7.333333333333333,1.1241460892440116,6.672565040430357,505.3283257500891,1
7.35,1.1234503611987794,6.672576886896426,505.32903373402337,1
7.366666666666666,1.1227683956872148,6.672588518570722,505.3297277332053,1
7.383333333333334,1.1220999204478401,6.672599939369103,505.3304080239476,1
7.4,1.1214446686046915,6.672611153135684,505.3310748771034,1
7.416666666666667,1.1208023785608303,6.672622163643915,505.3317285581738,1
7.433333333333334,1.1201727938939656,6.672632974598052,505.33236932741323,1
7.45,1.11955566325413,6.672643589634468,505.3329974399341,1
7.466666666666667,1.118950740263385,6.672654012322662,505.33361314580713,1
7.483333333333333,1.118357783417502,6.672664246166793,505.3342166901623,1
7.5,1.1177765559895885,6.672674294606795,505.3348083132851,1
7.516666666666667,1.117206825935617,6.672684161019393,505.3353882507133,1
7.533333333333333,1.1166483658018223,6.672693848719531,505.3359567333302,1
7.55,1.1161009526339267,6.67270336096129,505.33651398745684,1
7.566666666666666,1.115564367888159,6.672712700939222,505.337060234942,1
7.583333333333333,1.1150383973440334,6.672721871789279,505.33759569325053,1
7.6,1.1145228310188497,6.67273087658997,505.33812057555036,1
7.616666666666666,1.114017463083886,6.672739718363394,505.3386350907966,1
7.633333333333334,1.1135220917822426,6.6727484000763395,505.3391394438156,1
7.65,1.113036519348316,6.6727569246412655,505.3396338353864,1
7.666666666666667,1.11256055192886,6.6727652949171885,505.3401184623199,1
7.683333333333334,1.1120939995056074,6.672773513710969,505.34059351753837,1
7.7,1.1116366758194225,6.6727815837779545,505.3410591901517,1
7.716666666666667,1.1111883982959507,6.6727895078231025,505.34151566553277,1
7.733333333333333,1.1107489879727415,6.6727972885018945,505.34196312539126,1
7.75,1.1103182694278058,6.67280492842118,505.34240174784617,1
7.766666666666667,1.1098960707095917,6.6728124301401195,505.34283170749694,1
7.783333333333333,1.1094822232683414,6.672819796171098,505.34325317549246,1
7.8,1.1090765618888043,6.672827028980583,505.34366631959983,1
7.816666666666666,1.1086789246242814,6.6728341309898385,505.3440713042704,1
7.833333333333333,1.1082891527319747,6.672841104575913,505.3444682907066,1
7.85,1.107907090609613,6.6728479520724315,505.34485743692494,1
7.866666666666666,1.1075325857333298,6.67285467577027,505.34523889781934,1
7.883333333333334,1.1071654885967723,6.672861277918575,505.34561282522327,1
7.9,1.1068056526514123,6.672867760725207,505.3459793679692,1
7.916666666666667,1.1064529342480365,6.6728741263578195,505.3463386719491,1
7.933333333333334,1.1061071925793957,6.6728803769444935,505.34669088017193,1
7.95,1.1057682896239858,6.672886514574305,505.3470361328205,1
7.966666666666667,1.105436090090943,6.67289254129831,505.3473745673077,1
7.983333333333333,1.105110461366025,6.672898459130033,505.3477063183307,1
8.0,1.1047912734586647,6.67290427004621,505.3480315179254,1
8.016666666666667,1.1044783989500666,6.672909975987533,505.3483502955183,1
8.033333333333333,1.1041717129423323,6.672915578859261,505.3486627779784,1
8.05,1.1038710930085909,6.6729210805318875,505.3489690896679,1
8.066666666666666,1.1035764191441158,6.672926482841737,505.34926935249115,1
8.083333333333334,1.1032875737184082,6.672931787591667,505.34956368594396,1
8.1,1.1030044414282285,6.672936996551615,505.3498522071608,1
8.116666666666667,1.102726909251556,6.67294211145925,505.35013503096127,1
8.133333333333333,1.102454866402458,6.672947134020478,505.3504122698962,1
8.15,1.1021882042868556,6.6729520659102235,505.3506840342925,1
8.166666666666666,1.1019268164591582,6.67295690877273,505.35095043229694,1
8.183333333333334,1.1016705985797617,6.672961664222352,505.35121156991926,1
8.2,1.1014194483733817,6.672966333843982,505.3514675510746,1
8.216666666666667,1.1011732655882163,6.672970919193562,505.35171847762416,1
8.233333333333333,1.1009319519559118,6.6729754217987844,505.351964449417,1
8.25,1.1006954111523228,6.672979843159477,505.35220556432904,1
8.266666666666667,1.1004635487590484,6.6729841847480165,505.3524419183016,1
8.283333333333333,1.100236272225728,6.672988448010145,505.35267360538126,1
8.3,1.1000134908330828,6.672992634365059,505.3529007177552,1
8.316666666666666,1.0997951156566905,6.672996745206281,505.3531233457895,1
8.333333333333334,1.0995810595314746,6.6730007819019095,505.353341578065,1
8.35,1.0993712370168947,6.673004745795001,505.35355550141156,1
8.366666666666667,1.09916556436283,6.673008638204331,505.35376520094354,1
8.383333333333333,1.0989639594761322,6.673012460424546,505.3539707600935,1
8.4,1.098766341887845,6.673016213726824,505.3541722606457,1
8.416666666666666,1.0985726327210668,6.673019899359092,505.35436978276806,1
8.433333333333334,1.0983827546594551,6.673023518546576,505.35456340504436,1
8.45,1.0981966319163479,6.673027072492285,505.35475320450587,1
8.466666666666667,1.0980141902045002,6.6730305623773605,505.35493925666196,1
8.483333333333333,1.0978353567064179,6.673033989361325,505.35512163552966,1
8.5,1.0976600600452773,6.6730373545826795,505.3553004136636,1
8.516666666666667,1.0974882302564224,6.673040659159186,505.355475662185,1
8.533333333333333,1.0973197987594234,6.673043904188331,505.3556474508094,1
8.55,1.0971546983306901,6.673047090747607,505.3558158478755,1
8.566666666666666,1.0969928630766248,6.673050219894888,505.35598092037094,1
8.583333333333334,1.0968342284073096,6.673053292668893,505.35614273396067,1
8.6,1.0966787310107107,6.6730563100893345,505.35630135301136,1
8.616666666666667,1.096526308827395,6.673059273157459,505.35645684061836,1
8.633333333333333,1.0963769010257474,6.67306218285639,505.35660925863056,1
8.65,1.096230447977676,6.673065040151251,505.3567586676745,1
8.666666666666666,1.0960868912348012,6.673067845989663,505.35690512717866,1
8.683333333333334,1.0959461735051124,6.673070601302104,505.357048695398,1
8.7,1.0958082386300894,6.673073307002039,505.35718942943595,1
8.716666666666667,1.095673031562275,6.673075963986451,505.35732738526804,1
8.733333333333333,1.095540498343291,6.673078573135887,505.3574626177635,1
8.75,1.0954105860822911,6.673081135315026,505.3575951807079,1
8.766666666666667,1.0952832429348378,6.673083651372828,505.35772512682377,1
8.783333333333333,1.0951584180821976,6.673086122142776,505.3578525077923,1
8.8,1.0950360617110482,6.673088548443231,505.35797737427333,1
8.816666666666666,1.0949161249935828,6.6730909310777795,505.3580997759262,1
8.833333333333334,1.0947985600680132,6.673093270835308,505.3582197614288,1
8.85,1.0946833200194543,6.673095568490442,505.3583373784973,1
8.866666666666667,1.0945703588611897,6.67309782480375,505.35845267390533,1
8.883333333333333,1.0944596315163062,6.6731000405220025,505.3585656935023,1
8.9,1.094351093799692,6.673102216378436,505.3586764822321,1
8.916666666666666,1.0942447024003934,6.673104353092859,505.3587850841501,1
8.933333333333334,1.094140414864315,6.673106451372207,505.35889154244205,1
8.95,1.0940381895772693,6.673108511910412,505.3589958994399,1
8.966666666666667,1.0939379857483564,6.673110535388954,505.3590981966396,1
8.983333333333333,1.0938397633936743,6.673112522476964,505.35919847471735,1
9.0,1.0937434833203517,6.673114473831272,505.3592967735454,1
9.016666666666667,1.0936491071108974,6.673116390096982,505.35939313220877,1
9.033333333333333,1.0935565971078565,6.673118271907416,505.35948758902003,1
9.05,1.0934659163987748,6.673120119884432,505.35958018153514,1
9.066666666666666,1.0933770288014557,6.673121934638611,505.359670946568,1
9.083333333333334,1.0932898988495132,6.673123716769375,505.35975992020474,1
9.1,1.0932044917782069,6.673125466865496,505.35984713781966,1
9.116666666666667,1.0931207735105604,6.673127185504889,505.3599326340874,1
9.133333333333333,1.0930387106437531,6.673128873255026,505.3600164429979,1
9.15,1.092958270435781,6.673130530673202,505.3600985978699,1
9.166666666666666,1.0928794207923813,6.673132158306467,505.3601791313632,1
9.183333333333334,1.0928021302542166,6.673133756692139,505.36025807549345,1
9.2,1.0927263679843124,6.673135326357601,505.36033546164316,1
9.216666666666667,1.092652103755743,6.673136867820794,505.3604113205748,1
9.233333333333333,1.0925793079395603,6.673138381590343,505.36048568244377,1
9.25,1.092507951492963,6.673139868165553,505.3605585768094,1
9.266666666666667,1.0924380059476984,6.673141328036727,505.3606300326472,1
9.283333333333333,1.0923694433986957,6.673142761685232,505.3607000783602,1
9.3,1.0923022364929218,6.673144169583857,505.3607687417906,1
9.316666666666666,1.092236358418459,6.673145552196687,505.3608360502302,1
9.333333333333334,1.092171782893798,6.673146909979476,505.36090203043227,1
9.35,1.0921084841573447,6.673148243379754,505.3609667086214,1
9.366666666666667,1.092046436957132,6.673149552836918,505.3610301105039,1
9.383333333333333,1.0919856165407373,6.6731508387824405,505.361092261279,1
9.4,1.0919259986453973,6.673152101639893,505.3611531856474,1
9.416666666666666,1.0918675594883216,6.67315334182534,505.3612129078222,1
9.433333333333334,1.0918102757571946,6.673154559747166,505.3612714515385,1
9.45,1.0917541246008673,6.673155755806464,505.36132884006213,1
9.466666666666667,1.0916990836202334,6.673156930397047,505.36138509619985,1
9.483333333333333,1.091645130859284,6.6731580839056335,505.36144024230765,1
9.5,1.0915922447963424,6.6731592167118645,505.36149430029997,1
9.516666666666667,1.0915404043354695,6.673160329188661,505.3615472916584,1
9.533333333333333,1.0914895887980405,6.673161421701988,505.3615992374404,1
9.55,1.0914397779144882,6.673162494611386,505.3616501582874,1
9.566666666666666,1.0913909518162104,6.673163548269808,505.36170007443326,1
9.583333333333334,1.091343091027635,6.67316458302384,505.36174900571194,1
9.6,1.0912961764584455,6.673165599213868,505.36179697156604,1
9.616666666666667,1.0912501893959574,6.673166597173987,505.3618439910539,1
9.633333333333333,1.091205111497648,6.6731675772323715,505.36189008285737,1
9.65,1.091160924783831,6.6731685397112095,505.3619352652896,1
9.666666666666666,1.0911176116304788,6.673169484926941,505.3619795563019,1
9.683333333333334,1.0910751547621862,6.673170413190178,505.3620229734912,1
9.7,1.0910335372452715,6.673171324805989,505.3620655341066,1
9.716666666666667,1.0909927424810157,6.673172220073975,505.3621072550568,1
9.733333333333333,1.090952754199038,6.673173099288147,505.36214815291646,1
9.75,1.090913556450796,6.673173962737422,505.36218824393296,1
9.766666666666667,1.0908751336032194,6.673174810705401,505.3622275440328,1
9.783333333333333,1.0908374703324701,6.673175643470525,505.36226606882786,1
9.8,1.0908005516178219,6.673176461306313,505.3623038336217,1
9.816666666666666,1.0907643627356642,6.673177264481237,505.3623408534158,1
9.833333333333334,1.0907288892536255,6.673178053258984,505.3623771429153,1
9.85,1.0906941170248083,6.673178827898484,505.3624127165352,1
9.866666666666667,1.0906600321821436,6.673179588653896,505.3624475884051,1
9.883333333333333,1.0906266211328526,6.6731803357750135,505.36248177237644,1
9.9,1.0905938705530223,6.673181069506851,505.3625152820265,1
9.916666666666666,1.0905617673822843,6.673181790090184,505.36254813066495,1
9.933333333333334,1.0905302988186023,6.67318249776139,505.3625803313383,1
9.95,1.0904994523131606,6.673183192752556,505.3626118968353,1
9.966666666666667,1.090469215565353,6.67318387529168,505.36264283969246,1
9.983333333333333,1.0904395765178745,6.673184545602406,505.36267317219864,1
10.0,1.0904105233519064,6.673185203904685,505.36270290640016,1
10.016666666666667,1.090382044482398,6.673185850414217,505.3627320541051,1
10.033333333333333,1.090354128553443,6.673186485342997,505.36276062688876,1
10.05,1.0903267644337453,6.673187108899026,505.3627886360976,1
10.066666666666666,1.0902999412121748,6.673187721286746,505.36281609285425,1
10.083333333333334,1.090273648193413,6.673188322706738,505.36284300806153,1
10.1,1.0902478748936826,6.673188913356085,505.3628693924073,1
10.116666666666667,1.0902226110365627,6.673189493428265,505.3628952563678,1
10.133333333333333,1.0901978465488873,6.673190063113234,505.36292061021305,1
10.15,1.0901735715567222,6.673190622597677,505.36294546400984,1
10.166666666666666,1.0901497763814259,6.673191172064718,505.3629698276264,1
10.183333333333334,1.0901264515357847,6.673191711694208,505.362993710736,1
10.2,1.0901035877202265,6.673192241662907,505.3630171228211,1
10.216666666666667,1.0900811758191074,6.673192762144251,505.36304007317653,1
10.233333333333333,1.090059206897074,6.673193273308653,505.36306257091434,1
10.25,1.0900376721954967,6.673193775323391,505.36308462496606,1
10.266666666666667,1.090016563128974,6.6731942683526775,505.36310624408685,1
10.283333333333333,1.089995871281904,6.673194752557891,505.36312743685954,1
10.3,1.0899755884051272,6.6731952280973745,505.3631482116967,1
10.316666666666666,1.089955706412632,6.6731956951267115,505.3631685768456,1
10.333333333333334,1.089936217378329,6.673196153798667,505.3631885403903,1
10.35,1.0899171135328865,6.673196604263183,505.36320811025536,1
10.366666666666667,1.0898983872606287,6.673197046667644,505.3632272942087,1
10.383333333333333,1.0898800310964973,6.673197481156667,505.363246099865,1
10.4,1.0898620377230719,6.673197907872234,505.36326453468894,1
10.416666666666666,1.089844399967648,6.67319832695389,505.36328260599714,1
10.433333333333334,1.0898271107993758,6.6731987385386,505.3633003209623,1
10.45,1.0898101633264532,6.6731991427608515,505.3633176866156,1
10.466666666666667,1.0897935507933754,6.673199539752732,505.36333470984886,1
10.483333333333333,1.0897772665782388,6.673199929643967,505.3633513974183,1
10.5,1.0897613041900975,6.673200312561943,505.36336775594657,1
10.516666666666667,1.0897456572663735,6.6732006886317174,505.3633837919258,1
10.533333333333333,1.0897303195703172,6.673201057976095,505.3633995117196,1
10.55,1.0897152849885183,6.673201420715743,505.36341492156635,1
10.566666666666666,1.0897005475284656,6.6732017769690515,505.3634300275811,1
10.583333333333334,1.0896861013161558,6.6732021268524155,505.363444835758,1
10.6,1.0896719405937496,6.673202470480016,505.36345935197323,1
10.616666666666667,1.089658059717273,6.673202807964001,505.36347358198685,1
10.633333333333333,1.0896444531543654,6.6732031394145395,505.363487531445,1
10.65,1.089631115482072,6.673203464939838,505.3635012058829,1
10.666666666666666,1.0896180413846794,6.673203784646096,505.3635146107257,1
10.683333333333334,1.0896052256515942,6.673204098637601,505.3635277512921,1
10.7,1.089592663175264,6.6732044070168195,505.36354063279566,1
10.716666666666667,1.0895803489491382,6.673204709884341,505.363553260347,1
10.733333333333333,1.0895682780656715,6.673205007338989,505.3635656389559,1
10.75,1.0895564457143647,6.673205299477717,505.3635777735331,1
10.766666666666667,1.0895448471798452,6.673205586395817,505.3635896688925,1
10.783333333333333,1.0895334778399854,6.673205868186835,505.36360132975324,1
10.8,1.0895223331640587,6.673206144942649,505.3636127607409,1
10.816666666666666,1.089511408710931,6.67320641675349,505.3636239663901,1
10.833333333333334,1.0895007001272885,6.673206683707949,505.3636349511457,1
10.85,1.0894902031459015,6.673206945893037,505.3636457193651,1
10.866666666666667,1.0894799135839202,6.673207203394176,505.3636562753192,1
10.883333333333333,1.0894698273412071,6.673207456295322,505.36366662319534,1
10.9,1.0894599403987006,6.673207704678816,505.3636767670974,1
10.916666666666666,1.0894502488168112,6.673207948625591,505.363686711049,1
10.933333333333334,1.0894407487338489,6.6732081882151535,505.3636964589939,1
10.95,1.089431436364484,6.673208423525526,505.3637060147984,1
10.966666666666667,1.0894223079982353,6.673208654633286,505.3637153822521,1
10.983333333333333,1.08941335999799,6.673208881613783,505.36372456506996,1
11.0,1.0894045887985533,6.673209104540833,505.3637335668935,1
11.016666666666667,1.089395990905225,6.673209323487109,505.36374239129276,1
11.033333333333333,1.089387562892406,6.673209538523813,505.3637510417669,1
11.05,1.0893793014022306,6.673209749720955,505.36375952174626,1
11.066666666666666,1.0893712031432274,6.673209957147272,505.3637678345934,1
11.083333333333334,1.0893632648890066,6.673210160870328,505.3637759836046,1
11.1,1.0893554834769716,6.673210360956337,505.3637839720111,1
11.116666666666667,1.0893478558070584,6.6732105574704415,505.3637918029801,1
11.133333333333333,1.0893403788404978,6.673210750476604,505.3637994796167,1
11.15,1.0893330495986049,6.673210940037542,505.3638070049644,1
11.166666666666666,1.0893258651615876,6.6732111262149365,505.3638143820069,1
11.183333333333334,1.0893188226673853,6.673211309069345,505.3638216136689,1
11.2,1.0893119193105252,6.673211488660223,505.3638287028173,1
11.216666666666667,1.0893051523410027,6.67321166504602,505.3638356522626,1
11.233333333333333,1.0892985190631856,6.673211838284025,505.3638424647596,1
11.25,1.0892920168347386,6.673212008430599,505.36384914300913,1
11.266666666666667,1.0892856430655682,6.673212175541027,505.36385568965846,1
11.283333333333333,1.0892793952167905,6.673212339669626,505.3638621073027,1
11.3,1.0892732707997184,6.673212500869725,505.36386839848535,1
11.316666666666666,1.0892672673748678,6.6732126591937435,505.3638745657004,1
11.333333333333334,1.0892613825509856,6.673212814693113,505.36388061139246,1
11.35,1.0892556139840959,6.673212967418374,505.3638865379575,1
11.366666666666667,1.0892499593765639,6.673213117419077,505.3638923477446,1
11.383333333333333,1.0892444164761805,6.673213264744008,505.3638980430564,1
11.4,1.089238983075263,6.673213409441071,505.36390362615015,1
11.416666666666666,1.0892336570097756,6.6732135515571445,505.36390909923836,1
11.433333333333334,1.0892284361584659,6.673213691138472,505.36391446449005,1
11.45,1.0892233184420184,6.673213828230313,505.3639197240314,1
11.466666666666667,1.089218301822225,6.6732139628771865,505.36392487994686,1
11.483333333333333,1.089213384301173,6.673214095122839,505.3639299342794,1
11.5,1.0892085639204465,6.673214225010186,505.3639348890317,1
11.516666666666667,1.0892038387603473,6.673214352581402,505.36393974616743,1
11.533333333333333,1.0891992069391288,6.673214477877817,505.3639445076109,1
11.55,1.0891946666122438,6.67321460094023,505.3639491752489,1
11.566666666666666,1.089190215971611,6.673214721808478,505.3639537509307,1
11.583333333333334,1.0891858532448928,6.673214840521756,505.36395823646916,1
11.6,1.0891815766947885,6.673214957118655,505.36396263364156,1
11.616666666666667,1.0891773846183415,6.673215071636918,505.36396694419005,1
11.633333333333333,1.0891732753462604,6.673215184113777,505.36397116982215,1
11.65,1.0891692472422532,6.673215294585634,505.363975312212,1
11.666666666666666,1.0891652987023746,6.673215403088372,505.36397937300046,1
11.683333333333334,1.0891614281543855,6.673215509657158,505.3639833537965,1
11.7,1.0891576340571283,6.673215614326532,505.3639872561767,1
11.716666666666667,1.08915391489991,6.673215717130417,505.36399108168706,1
11.733333333333333,1.0891502692019006,6.673215818102186,505.3639948318428,1
11.75,1.0891466955115432,6.673215917274576,505.3639985081294,1
11.766666666666667,1.089143192405974,6.673216014679652,505.3640021120027,1
11.783333333333333,1.089139758490456,6.673216110349053,505.3640056448906,1
11.8,1.0891363923978221,6.673216204313733,505.3640091081919,1
11.816666666666666,1.0891330927879297,6.6732162966041875,505.36401250327845,1
11.833333333333334,1.0891298583471274,6.673216387250329,505.36401583149484,1
11.85,1.0891266877877306,6.673216476281477,505.36401909415906,1
11.866666666666667,1.0891235798475076,6.673216563726468,505.3640222925633,1
11.883333333333333,1.0891205332891771,6.673216649613672,505.3640254279739,1
11.9,1.089117546899914,6.673216733970882,505.36402850163273,1
11.916666666666666,1.0891146194908665,6.673216816825385,505.36403151475673,1
11.933333333333334,1.0891117498966822,6.67321689820406,505.36403446853905,1
11.95,1.0891089369750429,6.673216978133222,505.3640373641492,1
11.966666666666667,1.089106179606209,6.673217056638778,505.36404020273375,1
11.983333333333333,1.0891034766925738,6.673217133746116,505.3640429854167,1
12.0,1.0891008271582254,6.673217209480219,505.3640457132996,1
12.016666666666667,1.0890982299485177,6.67321728386561,505.3640483874626,1
12.033333333333333,1.0890956840296504,6.673217356926342,505.3640510089646,1
12.05,1.0890931883882562,6.673217428686057,505.3640535788431,1
12.066666666666666,1.089090742030997,6.673217499168019,505.3640560981155,1
12.083333333333334,1.0890883439841683,6.673217568394955,505.3640585677791,1
12.1,1.0890859932933106,6.673217636389343,505.3640609888116,1
12.116666666666667,1.0890836890228286,6.673217703173098,505.3640633621714,1
12.133333333333333,1.0890814302556193,6.6732177687678735,505.364065688798,1
12.15,1.0890792160927052,6.673217833194864,505.364067969612,1
12.166666666666666,1.0890770456528764,6.673217896474944,505.36407020551644,1
12.183333333333334,1.0890749180723396,6.673217958628548,505.3640723973962,1
12.2,1.089072832504373,6.67321801967575,505.36407454611884,1
12.216666666666667,1.08907078811899,6.673218079636354,505.36407665253466,1
12.233333333333333,1.0890687841026072,6.673218138529649,505.36407871747747,1
12.25,1.0890668196577198,6.673218196374793,505.36408074176444,1
12.266666666666667,1.0890648940025858,6.673218253190386,505.3640827261965,1
12.283333333333333,1.0890630063709117,6.673218308994815,505.364084671559,1
12.3,1.0890611560115495,6.67321836380618,505.364086578622,1
12.316666666666666,1.089059342188195,6.673218417642113,505.36408844813985,1
12.333333333333334,1.089057564179096,6.673218470520059,505.3640902808523,1
12.35,1.089055821276764,6.6732185224570815,505.36409207748443,1
12.366666666666667,1.0890541127876927,6.673218573469935,505.36409383874735,1
12.383333333333333,1.08905243803208,6.673218623575153,505.3640955653378,1
12.4,1.0890507963435594,6.673218672788882,505.36409725793897,1
12.416666666666666,1.0890491870689327,6.673218721127056,505.3640989172205,1
12.433333333333334,1.0890476095679102,6.673218768605244,505.3641005438385,1
12.45,1.0890460632128554,6.673218815238793,505.364102138437,1
12.466666666666667,1.089044547388535,6.673218861042757,505.3641037016465,1
12.483333333333333,1.089043061491874,6.673218906031963,505.36410523408546,1
12.5,1.0890416049317144,6.673218950220856,505.36410673636,1
12.516666666666667,1.0890401771285803,6.673218993623762,505.3641082090644,1
12.533333333333333,1.0890387775144474,6.673219036254721,505.3641096527811,1
12.55,1.0890374055325156,6.67321907812745,505.3641110680811,1
12.566666666666666,1.0890360606369875,6.673219119255427,505.3641124555244,1
12.583333333333334,1.0890347422928508,6.673219159652028,505.3641138156596,1
12.6,1.0890334499756666,6.673219199330188,505.3641151490246,1
12.616666666666667,1.0890321831713576,6.673219238302766,505.36411645614675,1
12.633333333333333,1.0890309413760055,6.673219276582313,505.364117737543,1
12.65,1.0890297240956495,6.673219314181166,505.36411899372,1
12.666666666666666,1.0890285308460885,6.673219351111464,505.36412022517464,1
12.683333333333334,1.0890273611526906,6.673219387385163,505.36412143239386,1
12.7,1.0890262145502012,6.67321942301391,505.3641226158551,1
12.716666666666667,1.0890250905825594,6.6732194580091955,505.36412377602613,1
12.733333333333333,1.0890239888027153,6.67321949238236,505.3641249133656,1
12.75,1.0890229087724528,6.6732195261444245,505.36412602832337,1
12.766666666666667,1.0890218500622137,6.673219559306328,505.3641271213403,1
12.783333333333333,1.0890208122509286,6.673219591878711,505.3641281928484,1
12.8,1.089019794925847,6.67321962387211,505.36412924327135,1
12.816666666666666,1.0890187976823738,6.673219655296823,505.36413027302416,1
12.833333333333334,1.089017820123908,6.673219686162949,505.36413128251434,1
12.85,1.0890168618616856,6.673219716480493,505.3641322721405,1
12.866666666666667,1.089015922514622,6.673219746259233,505.3641332422944,1
12.883333333333333,1.0890150017091638,6.673219775508733,505.3641341933589,1
12.9,1.089014099079137,6.673219804238386,505.3641351257102,1
12.916666666666666,1.089013214265603,6.673219832457473,505.364136039717,1
12.933333333333334,1.0890123469167148,6.6732198601751005,505.36413693574025,1
12.95,1.0890114966875766,6.6732198874002275,505.36413781413415,1
12.966666666666667,1.089010663240107,6.673219914141575,505.3641386752461,1
12.983333333333333,1.0890098462429036,6.673219940407779,505.364139519416,1
13.0,1.0890090453711119,6.673219966207279,505.364140346978,1
13.016666666666667,1.0890082603062956,6.673219991548407,505.3641411582588,1
13.033333333333333,1.0890074907363094,6.6732200164392985,505.36414195357884,1
13.05,1.0890067363551743,6.673220040887965,505.3641427332526,1
13.066666666666666,1.0890059968629568,6.673220064902322,505.364143497588,1
13.083333333333334,1.089005271965649,6.67322008849007,505.36414424688724,1
13.1,1.0890045613750508,6.673220111658784,505.3641449814462,1
13.116666666666667,1.0890038648086564,6.673220134415944,505.3641457015554,1
13.133333333333333,1.0890031819895405,6.673220156768895,505.36414640749905,1
13.15,1.0890025126462486,6.6732201787248275,505.364147099556,1
13.166666666666666,1.0890018565126887,6.673220200290773,505.3641477780001,1
13.183333333333334,1.0890012133280258,6.673220221473697,505.3641484430987,1
13.2,1.0890005828365779,6.673220242280384,505.36414909511507,1
13.216666666666667,1.0889999647877133,6.673220262717587,505.3641497343065,1
13.233333333333333,1.0889993589357518,6.673220282791806,505.36415036092575,1
13.25,1.088998765039866,6.673220302509562,505.36415097522,1
13.266666666666667,1.0889981828639863,6.6732203218771975,505.3641515774321,1
13.283333333333333,1.0889976121767067,6.673220340900888,505.3641521677996,1
13.3,1.0889970527511912,6.673220359586783,505.364152746556,1
13.316666666666666,1.0889965043650858,6.673220377940924,505.3641533139297,1
13.333333333333334,1.0889959668004279,6.673220395969191,505.364153870145,1
13.35,1.0889954398435613,6.673220413677365,505.3641544154211,1
13.366666666666667,1.0889949232850495,6.673220431071148,505.3641549499739,1
13.383333333333333,1.0889944169195938,6.673220448156122,505.3641554740139,1
13.4,1.0889939205459496,6.673220464937796,505.3641559877485,1
13.416666666666666,1.088993433966848,6.67322048142156,505.36415649138036,1
13.433333333333334,1.0889929569889167,6.673220497612674,505.36415698510837,1
13.45,1.088992489422603,6.673220513516424,505.36415746912735,1
13.466666666666667,1.0889920310820982,6.673220529137912,505.3641579436285,1
13.483333333333333,1.0889915817852636,6.673220544482092,505.3641584087991,1
13.5,1.0889911413535582,6.673220559553913,505.3641588648229,1
13.516666666666667,1.0889907096119675,6.673220574358226,505.36415931187975,1
13.533333333333333,1.0889902863889336,6.673220588899806,505.36415975014637,1
13.55,1.0889898715162871,6.6732206031833154,505.3641601797955,1
13.566666666666666,1.088989464829181,6.67322061721331,505.36416060099685,1
13.583333333333334,1.0889890661660226,6.6732206309943765,505.36416101391666,1
13.6,1.088988675368412,6.673220644530882,505.3641614187181,1
13.616666666666667,1.0889882922810776,6.673220657827143,505.36416181556064,1
13.633333333333333,1.088987916751814,6.673220670887505,505.36416220460114,1
13.65,1.0889875486314224,6.673220683716105,505.3641625859929,1
13.666666666666666,1.0889871877736506,6.673220696317096,505.36416295988676,1
13.683333333333334,1.0889868340351345,6.673220708694505,505.3641633264299,1
13.7,1.0889864872753419,6.673220720852305,505.3641636857671,1
13.716666666666667,1.088986147356516,6.673220732794441,505.3641640380403,1
13.733333333333333,1.0889858141436204,6.673220744524686,505.36416438338824,1
13.75,1.0889854875042855,6.673220756046885,505.3641647219475,1
13.766666666666667,1.0889851673087558,6.67322076736463,505.3641650538513,1
13.783333333333333,1.0889848534298388,6.6732207784816495,505.3641653792309,1
13.8,1.0889845457428535,6.673220789401437,505.3641656982146,1
13.816666666666666,1.0889842441255817,6.673220800127513,505.36416601092816,1
13.833333333333334,1.0889839484582178,6.673220810663409,505.3641663174951,1
13.85,1.088983658623323,6.673220821012362,505.36416661803605,1
13.866666666666667,1.0889833745057775,6.6732208311778045,505.36416691267004,1
13.883333333333333,1.0889830959927347,6.673220841162916,505.36416720151277,1
13.9,1.0889828229735767,6.6732208509709645,505.3641674846785,1
13.916666666666666,1.0889825553398698,6.673220860605068,505.3641677622789,1
13.933333333333334,1.0889822929853217,6.673220870068313,505.3641680344232,1
13.95,1.0889820358057387,6.67322087936375,505.3641683012191,1
13.966666666666667,1.088981783698985,6.67322088849436,505.36416856277157,1
13.983333333333333,1.0889815365649416,6.673220897463061,505.36416881918376,1
14.0,1.088981294305466,6.673220906272736,505.364169070557,1
14.016666666666667,1.088981056824355,6.6732209149262,505.36416931699034,1
14.033333333333333,1.0889808240273038,6.673220923426224,505.3641695585808,1
14.05,1.0889805958218701,6.673220931775571,505.3641697954238,1
14.066666666666666,1.0889803721174365,6.67322093997689,505.3641700276126,1
14.083333333333334,1.0889801528251755,6.673220948032811,505.36417025523883,1
14.1,1.0889799378580136,6.673220955945886,505.3641704783921,1
14.116666666666667,1.0889797271305963,6.673220963718705,505.36417069716055,1
14.133333333333333,1.0889795205592547,6.673220971353699,505.3641709116304,1
14.15,1.0889793180619716,6.673220978853339,505.36417112188616,1
14.166666666666666,1.0889791195583494,6.673220986220067,505.3641713280107,1
14.183333333333334,1.0889789249695776,6.673220993456237,505.3641715300854,1
14.2,1.0889787342184023,6.6732210005641415,505.36417172818983,1
14.216666666666667,1.0889785472290943,6.673221007546029,505.36417192240214,1
14.233333333333333,1.0889783639274202,6.6732210144041595,505.3641721127986,1
14.25,1.0889781842406119,6.673221021140752,505.36417229945454,1
14.266666666666667,1.088978008097338,6.673221027757998,505.36417248244334,1
14.283333333333333,1.0889778354276753,6.673221034257956,505.3641726618374,1
14.3,1.0889776661630814,6.673221040642705,505.3641728377071,1
14.316666666666666,1.088977500236367,6.673221046914304,505.3641730101218,1
14.333333333333334,1.08897733758167,6.673221053074766,505.3641731791496,1
14.35,1.0889771781344273,6.673221059126072,505.3641733448571,1
14.366666666666667,1.0889770218313508,6.67322106507017,505.36417350730943,1
14.383333333333333,1.0889768686104024,6.673221070908909,505.3641736665706,1
14.4,1.0889767184107686,6.673221076644226,505.3641738227035,1
14.416666666666666,1.0889765711728363,6.673221082277915,505.36417397576963,1
14.433333333333334,1.088976426838169,6.67322108781177,505.3641741258292,1
14.45,1.0889762853494842,6.673221093247619,505.3641742729412,1
14.466666666666667,1.0889761466506303,6.673221098587177,505.36417441716384,1
14.483333333333333,1.088976010686564,6.673221103832087,505.3641745585539,1
14.5,1.088975877403329,6.673221108984062,505.364174697167,1
14.516666666666667,1.088975746748033,6.673221114044822,505.36417483305775,1
14.533333333333333,1.0889756186688293,6.673221119015884,505.3641749662796,1
14.55,1.0889754931148938,6.673221123898924,505.36417509688516,1
14.566666666666666,1.0889753700364055,6.673221128695488,505.3641752249258,1
14.583333333333334,1.088975249384528,6.673221133407052,505.3641753504519,1
14.6,1.0889751311113869,6.673221138035181,505.364175473513,1
14.616666666666667,1.0889750151700552,6.673221142581375,505.36417559415725,1
14.633333333333333,1.0889749015145302,6.673221147046993,505.36417571243254,1
14.65,1.0889747900997186,6.673221151433551,505.3641758283853,1
14.666666666666666,1.0889746808814167,6.673221155742412,505.3641759420612,1
14.683333333333334,1.0889745738162928,6.673221159975002,505.36417605350493,1
14.7,1.0889744688618717,6.673221164132599,505.36417616276054,1
14.716666666666667,1.088974365976515,6.6732211682165765,505.3641762698707,1
14.733333333333333,1.0889742651194079,6.673221172228223,505.36417637487796,1
14.75,1.0889741662505399,6.673221176168858,505.3641764778235,1
14.766666666666667,1.0889740693306909,6.673221180039681,505.3641765787477,1
14.783333333333333,1.0889739743214149,6.673221183841988,505.3641766776904,1
14.8,1.0889738811850238,6.673221187576971,505.3641767746906,1
14.816666666666666,1.0889737898845746,6.673221191245821,505.36417686978643,1
14.833333333333334,1.0889737003838529,6.6732211948497335,505.3641769630155,1
14.85,1.0889736126473588,6.673221198389834,505.36417705441414,1
14.866666666666667,1.0889735266402936,6.673221201867235,505.36417714401847,1
14.883333333333333,1.0889734423285449,6.673221205283057,505.3641772318641,1
14.9,1.0889733596786737,6.673221208638446,505.3641773179851,1
14.916666666666666,1.0889732786579014,6.673221211934414,505.3641774024157,1
14.933333333333334,1.0889731992340954,6.673221215172043,505.3641774851888,1
14.95,1.0889731213757576,6.673221218352374,505.3641775663372,1
14.966666666666667,1.0889730450520123,6.6732212214763935,505.3641776458927,1
14.983333333333333,1.088972970232592,6.673221224545134,505.3641777238869,1
15.0,1.0889728968878274,6.6732212275595595,505.36417780035003,1
15.016666666666667,1.088972824988634,6.673221230520588,505.3641778753124,1
15.033333333333333,1.0889727545158152,6.673221233429245,505.3641779487669,1
15.05,1.0889726854317605,6.673221236285065,505.36417802078626,1
15.066666666666666,1.0889726177090877,6.673221239090397,505.364178091398,1
15.083333333333334,1.088972551320951,6.673221241846276,505.36417816062817,1
15.1,1.0889724862410335,6.673221244553587,505.36417822850296,1
15.116666666666667,1.0889724224435369,6.6732212472131645,505.3641782950481,1
15.133333333333333,1.0889723599031733,6.673221249825809,505.36417836028903,1
15.15,1.0889722985951533,6.673221252392318,505.36417842425095,1
15.166666666666666,1.0889722384951763,6.673221254913491,505.3641784869587,1
15.183333333333334,1.0889721795794223,6.673221257390171,505.3641785484366,1
15.2,1.0889721218245396,6.673221259823001,505.36417860870887,1
15.216666666666667,1.0889720652076398,6.673221262212904,505.3641786677989,1
15.233333333333333,1.0889720097062834,6.673221264560472,505.3641787257298,1
15.25,1.088971955298476,6.673221266866604,505.3641787825244,1
15.266666666666667,1.0889719019626551,6.673221269131932,505.36417883820474,1
15.283333333333333,1.0889718496776855,6.673221271357183,505.36417889279295,1
15.3,1.0889717984228473,6.673221273543098,505.36417894631023,1
15.316666666666666,1.0889717481778312,6.673221275690339,505.36417899877796,1
15.333333333333334,1.0889716989227267,6.673221277799584,505.36417905021614,1
15.35,1.0889716506380178,6.6732212798715524,505.3641791006456,1
15.366666666666667,1.0889716033045722,6.6732212819068915,505.3641791500858,1
15.383333333333333,1.0889715569036358,6.673221283906218,505.36417919855626,1
15.4,1.0889715114168237,6.673221285870184,505.3641792460759,1
15.416666666666666,1.0889714668261146,6.67322128779942,505.36417929266366,1
15.433333333333334,1.0889714231138428,6.673221289694525,505.3641793383375,1
15.45,1.0889713802626904,6.673221291556086,505.36417938311587,1
15.466666666666667,1.088971338255681,6.673221293384751,505.3641794270157,1
15.483333333333333,1.0889712970761736,6.673221295181069,505.36417947005475,1
15.5,1.0889712567078556,6.673221296945634,505.36417951224956,1
15.516666666666667,1.0889712171347352,6.673221298678988,505.3641795536169,1
15.533333333333333,1.0889711783411378,6.673221300381683,505.36417959417315,1
15.55,1.0889711403116966,6.67322130205428,505.36417963393376,1
15.566666666666666,1.088971103031348,6.673221303697295,505.3641796729148,1
15.583333333333334,1.0889710664853256,6.673221305311288,505.36417971113167,1
15.6,1.0889710306591551,6.673221306896698,505.36417974859893,1
15.616666666666667,1.0889709955386464,6.673221308454105,505.36417978533166,1
15.633333333333333,1.0889709611098908,6.673221309983972,505.36417982134407,1
15.65,1.0889709273592525,6.67322131148677,505.36417985665037,1
15.666666666666666,1.0889708942733654,6.673221312963032,505.36417989126437,1
15.683333333333334,1.0889708618391267,6.67322131441315,505.3641799251998,1
15.7,1.0889708300436924,6.673221315837654,505.3641799584696,1
15.716666666666667,1.088970798874472,6.67322131723696,505.36417999108727,1
15.733333333333333,1.0889707683191223,6.6732213186115645,505.3641800230655,1
15.75,1.0889707383655445,6.673221319961863,505.36418005441686,1
15.766666666666667,1.0889707090018783,6.673221321288238,505.36418008515346,1
15.783333333333333,1.0889706802164971,6.673221322591223,505.3641801152877,1
15.8,1.0889706519980036,6.673221323871116,505.3641801448311,1
15.816666666666666,1.0889706243352255,6.673221325128444,505.3641801737954,1
15.833333333333334,1.0889705972172101,6.673221326363531,505.36418020219173,1
15.85,1.088970570633222,6.673221327576759,505.3641802300316,1
15.866666666666667,1.0889705445727362,6.673221328768565,505.36418025732564,1
15.883333333333333,1.0889705190254357,6.673221329939299,505.3641802840849,1
15.9,1.088970493981208,6.673221331089361,505.3641803103196,1
15.916666666666666,1.0889704694301383,6.673221332219101,505.36418033604014,1
15.933333333333334,1.0889704453625084,6.673221333328812,505.3641803612565,1
15.95,1.088970421768792,6.673221334418934,505.3641803859786,1
15.966666666666667,1.0889703986396497,6.673221335489804,505.36418041021636,1
15.983333333333333,1.0889703759659268,6.673221336541769,505.364180433979,1
16.0,1.0889703537386488,6.673221337575158,505.36418045727606,1
16.016666666666666,1.0889703319490183,6.6732213385902215,505.36418048011643,1
16.033333333333335,1.0889703105884123,6.673221339587404,505.3641805025092,1
16.05,1.0889702896483764,6.673221340566944,505.36418052446317,1
16.066666666666666,1.0889702691206236,6.673221341529174,505.364180545987,1
16.083333333333332,1.0889702489970303,6.673221342474398,505.3641805670891,1
16.1,1.0889702292696326,6.673221343402914,505.3641805877775,1
16.116666666666667,1.0889702099306244,6.673221344315048,505.3641806080607,1
16.133333333333333,1.0889701909723535,6.673221345211051,505.36418062794644,1
16.15,1.0889701723873177,6.673221346091243,505.3641806474425,1
16.166666666666668,1.0889701541681638,6.673221346955862,505.36418066655665,1
16.183333333333334,1.0889701363076822,6.673221347805196,505.36418068529633,1
16.2,1.088970118798807,6.673221348639572,505.364180703669,1
16.216666666666665,1.0889701016346105,6.673221349459178,505.3641807216815,1
16.233333333333334,1.088970084808302,6.673221350264305,505.3641807393413,1
16.25,1.0889700683132246,6.673221351055191,505.364180756655,1
16.266666666666666,1.0889700521428536,6.673221351832133,505.3641807736295,1
16.283333333333335,1.0889700362907908,6.67322135259534,505.3641807902717,1
16.3,1.0889700207507658,6.673221353345069,505.36418080658785,1
16.316666666666666,1.0889700055166318,6.673221354081517,505.36418082258416,1
16.333333333333332,1.0889699905823624,6.6732213548050066,505.3641808382674,1
16.35,1.0889699759420504,6.673221355515698,505.36418085364335,1
16.366666666666667,1.0889699615899053,6.673221356213808,505.36418086871817,1
16.383333333333333,1.0889699475202503,6.673221356899603,505.3641808834977,1
16.4,1.0889699337275205,6.6732213575732855,505.36418089798775,1
16.416666666666668,1.0889699202062613,6.673221358235134,505.36418091219406,1
16.433333333333334,1.0889699069511247,6.673221358885272,505.36418092612223,1
16.45,1.0889698939568688,6.673221359523891,505.36418093977744,1
16.466666666666665,1.0889698812183553,6.673221360151245,505.3641809531654,1
16.483333333333334,1.0889698687305462,6.67322136076749,505.3641809662911,1
16.5,1.0889698564885038,6.6732213613728835,505.3641809791598,1
16.516666666666666,1.0889698444873872,6.673221361967555,505.3641809917765,1
16.533333333333335,1.0889698327224508,6.673221362551768,505.36418100414613,1
16.55,1.088969821189043,6.673221363125643,505.36418101627356,1
16.566666666666666,1.088969809882604,6.673221363689374,505.3641810281636,1
16.583333333333332,1.0889697987986626,6.673221364243195,505.36418103982083,1
16.6,1.0889697879328373,6.6732213647872,505.3641810512497,1
16.616666666666667,1.088969777280832,6.673221365321608,505.364181062455,1
16.633333333333333,1.0889697668384353,6.673221365846585,505.3641810734407,1
16.65,1.0889697566015197,6.673221366362303,505.36418108421145,1
16.666666666666668,1.0889697465660382,6.673221366868924,505.3641810947713,1
16.683333333333334,1.0889697367280238,6.673221367366529,505.3641811051244,1
16.7,1.0889697270835879,6.673221367855435,505.3641811152749,1
16.716666666666665,1.088969717628918,6.673221368335678,505.36418112522676,1
16.733333333333334,1.0889697083602772,6.673221368807439,505.3641811349838,1
16.75,1.0889696992740017,6.673221369270875,505.3641811445497,1
16.766666666666666,1.0889696903665012,6.673221369726124,505.3641811539284,1
16.783333333333335,1.0889696816342544,6.673221370173361,505.36418116312365,1
16.8,1.0889696730738105,6.673221370612673,505.3641811721389,1
16.816666666666666,1.0889696646817866,6.673221371044237,505.3641811809776,1
16.833333333333332,1.0889696564548663,6.673221371468149,505.36418118964343,1
16.85,1.0889696483897988,6.673221371884639,505.36418119813965,1
16.866666666666667,1.0889696404833968,6.673221372293767,505.36418120646954,1
16.883333333333333,1.088969632732536,6.673221372695655,505.36418121463646,1
16.9,1.088969625134154,6.67322137309046,505.36418122264337,1
16.916666666666668,1.0889696176852488,6.6732213734782855,505.36418123049384,1
16.933333333333334,1.0889696103828772,6.673221373859282,505.3641812381907,1
16.95,1.0889696032241538,6.673221374233537,505.3641812457368,1
16.966666666666665,1.0889695962062507,6.6732213746011695,505.3641812531352,1
16.983333333333334,1.088969589326395,6.673221374962329,505.36418126038893,1
17.0,1.0889695825818695,6.673221375317118,505.3641812675007,1
17.016666666666666,1.0889695759700093,6.673221375665685,505.36418127447337,1
17.033333333333335,1.088969569488203,6.673221376008056,505.3641812813095,1
17.05,1.0889695631338894,6.673221376344397,505.364181288012,1
17.066666666666666,1.0889695569045594,6.67322137667478,505.3641812945835,1
17.083333333333332,1.0889695507977522,6.673221376999369,505.36418130102635,1
17.1,1.088969544811056,6.673221377318213,505.3641813073431,1
17.116666666666667,1.088969538942106,6.673221377631446,505.36418131353633,1
17.133333333333333,1.0889695331885845,6.673221377939167,505.36418131960835,1
17.15,1.0889695275482187,6.6732213782414345,505.3641813255615,1
17.166666666666668,1.0889695220187818,6.673221378538364,505.36418133139824,1
17.183333333333334,1.0889695165980902,6.673221378830043,505.364181337121,1
17.2,1.0889695112840034,6.6732213791165895,505.3641813427316,1
17.216666666666665,1.0889695060744227,6.67322137939806,505.3641813482326,1
17.233333333333334,1.0889695009672908,6.6732213796746,505.36418135362595,1
17.25,1.0889694959605918,6.673221379946265,505.3641813589138,1
17.266666666666666,1.0889694910523482,6.673221380213129,505.36418136409833,1
17.283333333333335,1.0889694862406225,6.673221380475266,505.3641813691814,1
17.3,1.0889694815235154,6.673221380732776,505.36418137416496,1
17.316666666666666,1.0889694768991636,6.673221380985781,505.3641813790513,1
17.333333333333332,1.0889694723657424,6.67322138123427,505.364181383842,1
17.35,1.088969467921462,6.673221381478411,505.364181388539,1
17.366666666666667,1.088969463564568,6.673221381718271,505.36418139314424,1
17.383333333333333,1.08896945929334,6.673221381953857,505.36418139765925,1
17.4,1.0889694551060927,6.673221382185265,505.36418140208616,1
17.416666666666668,1.0889694510011734,6.6732213824126205,505.3641814064264,1
17.433333333333334,1.0889694469769617,6.673221382636008,505.36418141068174,1
17.45,1.0889694430318693,6.673221382855409,505.36418141485393,1
17.466666666666665,1.088969439164339,6.673221383070928,505.36418141894455,1
17.483333333333334,1.0889694353728447,6.673221383282674,505.36418142295526,1
17.5,1.08896943165589,6.6732213834907,505.36418142688746,1
17.516666666666666,1.0889694280120081,6.673221383695028,505.3641814307427,1
17.533333333333335,1.0889694244397614,6.673221383895709,505.36418143452266,1
17.55,1.08896942093774,6.673221384092906,505.3641814382288,1
17.566666666666666,1.0889694175045626,6.6732213842866335,505.36418144186257,1
17.583333333333332,1.088969414138874,6.673221384476924,505.3641814454252,1
17.6,1.0889694108393462,6.673221384663865,505.36418144891826,1
17.616666666666667,1.0889694076046776,6.673221384847528,505.36418145234296,1
17.633333333333333,1.088969404433592,6.673221385027954,505.3641814557007,1
17.65,1.0889694013248385,6.673221385205167,505.36418145899296,1
17.666666666666668,1.0889693982771904,6.673221385379273,505.36418146222076,1
17.683333333333334,1.088969395289446,6.673221385550312,505.3641814653855,1
17.7,1.088969392360426,6.67322138571835,505.3641814684885,1
17.716666666666665,1.0889693894889758,6.6732213858833855,505.36418147153074,1
17.733333333333334,1.0889693866739623,6.673221386045518,505.36418147451354,1
17.75,1.0889693839142756,6.673221386204807,505.36418147743814,1
17.766666666666666,1.0889693812088268,6.673221386361297,505.3641814803055,1
17.783333333333335,1.088969378556549,6.673221386515012,505.3641814831169,1
17.8,1.0889693759563963,6.673221386666014,505.36418148587336,1
17.816666666666666,1.0889693734073431,6.673221386814362,505.364181488576,1
17.833333333333332,1.0889693709083847,6.673221386960062,505.36418149122574,1
17.85,1.088969368458535,6.673221387103221,505.36418149382376,1
17.866666666666667,1.088969366056829,6.673221387243865,505.3641814963711,1
17.883333333333333,1.0889693637023186,6.673221387382052,505.3641814988686,1
17.9,1.0889693613940759,6.673221387517776,505.36418150131726,1
17.916666666666668,1.0889693591311906,6.67322138765109,505.3641815037182,1
17.933333333333334,1.0889693569127707,6.673221387782064,505.3641815060721,1
17.95,1.0889693547379422,6.673221387910705,505.3641815083801,1
17.966666666666665,1.0889693526058468,6.673221388037122,505.364181510643,1
17.983333333333334,1.0889693505156444,6.673221388161298,505.36418151286165,1
18.0,1.088969348466511,6.673221388283284,505.36418151503693,1
18.016666666666666,1.0889693464576389,6.673221388403124,505.36418151716987,1
18.033333333333335,1.0889693444882358,6.6732213885208465,505.3641815192611,1
18.05,1.088969342557526,6.673221388636515,505.3641815213115,1
18.066666666666666,1.088969340664748,6.673221388750109,505.36418152332186,1
18.083333333333332,1.0889693388091566,6.67322138886175,505.3641815252931,1
18.1,1.0889693369900197,6.673221388971369,505.36418152722564,1
18.116666666666667,1.088969335206621,6.673221389079086,505.3641815291206,1
18.133333333333333,1.0889693334582573,6.673221389184859,505.3641815309784,1
18.15,1.08896933174424,6.673221389288812,505.36418153280005,1
18.166666666666668,1.088969330063893,6.673221389390914,505.36418153458607,1
18.183333333333334,1.088969328416555,6.673221389390914,505.36418153623697,1
18.2,1.0889693268018976,6.673221389390914,505.364181537854,1
18.216666666666665,1.088969325219273,6.673221389390914,505.3641815394384,1
18.233333333333334,1.088969323668045,6.673221389390914,505.36418154099084,1
18.25,1.0889693221475913,6.673221389390914,505.3641815425121,1
18.266666666666666,1.0889693206573012,6.673221389390914,505.364181544003,1
18.283333333333335,1.0889693191965764,6.673221389390914,505.36418154546413,1
18.3,1.08896931776483,6.673221389390914,505.36418154689613,1
18.316666666666666,1.0889693163614873,6.673221389390914,505.36418154829965,1
18.333333333333332,1.088969314985985,6.673221389390914,505.3641815496751,1
18.35,1.0889693136377707,6.673221389390914,505.3641815510235,1
18.366666666666667,1.0889693123163027,6.673221389390914,505.364181552345,1
18.383333333333333,1.0889693110210512,6.673221389390914,505.36418155364015,1
18.4,1.0889693097514952,6.673221389390914,505.3641815549097,1
18.416666666666668,1.0889693085071257,6.673221389390914,505.36418155615416,1
18.433333333333334,1.0889693072874422,6.673221389390914,505.36418155737385,1
18.45,1.0889693060919559,6.673221389390914,505.3641815585692,1
18.466666666666665,1.088969304920186,6.673221389390914,505.3641815597409,1
18.483333333333334,1.0889693037716623,6.673221389390914,505.3641815608892,1
18.5,1.0889693026459237,6.673221389390914,505.364181562015,1
18.516666666666666,1.0889693015425181,6.673221389390914,505.3641815631182,1
18.533333333333335,1.0889693004610026,6.673221389390914,505.3641815641997,1
18.55,1.0889692994009428,6.673221389390914,505.36418156525974,1
18.566666666666666,1.0889692983619128,6.673221389390914,505.3641815662987,1
18.583333333333332,1.0889692973434957,6.673221389390914,505.36418156731713,1
18.6,1.0889692963452826,6.673221389390914,505.3641815683152,1
18.616666666666667,1.0889692953668724,6.673221389390914,505.3641815692935,1
18.633333333333333,1.0889692944078726,6.673221389390914,505.3641815702524,1
18.65,1.088969293467898,6.673221389390914,505.3641815711923,1
18.666666666666668,1.088969292546571,6.673221389390914,505.3641815721136,1
18.683333333333334,1.088969291643522,6.673221389390914,505.36418157301654,1
18.7,1.088969290758388,6.673221389390914,505.3641815739016,1
18.716666666666665,1.0889692898908139,6.673221389390914,505.36418157476913,1
18.733333333333334,1.088969289040451,6.673221389390914,505.36418157561945,1
18.75,1.0889692882069582,6.673221389390914,505.3641815764528,1
18.766666666666666,1.0889692873900005,6.673221389390914,505.3641815772697,1
18.783333333333335,1.0889692865892504,6.673221389390914,505.3641815780704,1
18.8,1.0889692858043858,6.673221389390914,505.3641815788552,1
18.816666666666666,1.0889692850350918,6.673221389390914,505.36418157962436,1
18.833333333333332,1.0889692842810597,6.673221389390914,505.36418158037833,1
18.85,1.088969283541986,6.673221389390914,505.3641815811174,1
18.866666666666667,1.0889692828175748,6.673221389390914,505.3641815818417,1
18.883333333333333,1.0889692821075345,6.673221389390914,505.3641815825517,1
18.9,1.0889692814115806,6.673221389390914,505.36418158324756,1
18.916666666666668,1.0889692807294333,6.673221389390914,505.3641815839296,1
18.933333333333334,1.0889692800608188,6.673221389390914,505.36418158459816,1
18.95,1.0889692794054688,6.673221389390914,505.36418158525345,1
18.966666666666665,1.08896927876312,6.673221389390914,505.36418158589566,1
18.983333333333334,1.0889692781335145,6.673221389390914,505.3641815865252,1
19.0,1.0889692775163993,6.673221389390914,505.36418158714224,1
19.016666666666666,1.088969276911527,6.673221389390914,505.3641815877471,1
19.033333333333335,1.088969276318654,6.673221389390914,505.3641815883398,1
19.05,1.0889692757375433,6.673221389390914,505.3641815889209,1
19.066666666666666,1.0889692751679607,6.673221389390914,505.3641815894904,1
19.083333333333332,1.0889692746096777,6.673221389390914,505.3641815900486,1
19.1,1.0889692740624703,6.673221389390914,505.3641815905957,1
19.116666666666667,1.0889692735261187,6.673221389390914,505.3641815911321,1
19.133333333333333,1.0889692730004077,6.673221389390914,505.36418159165765,1
19.15,1.088969272485126,6.673221389390914,505.3641815921729,1
19.166666666666668,1.0889692719800668,6.673221389390914,505.3641815926778,1
19.183333333333334,1.088969271485027,6.673221389390914,505.36418159317276,1
19.2,1.088969270999808,6.673221389390914,505.3641815936579,1
19.216666666666665,1.088969270524215,6.673221389390914,505.3641815941335,1
19.233333333333334,1.0889692700580578,6.673221389390914,505.36418159459953,1
19.25,1.0889692696011477,6.673221389390914,505.3641815950564,1
19.266666666666666,1.0889692691533022,6.673221389390914,505.36418159550414,1
19.283333333333335,1.0889692687143413,6.673221389390914,505.36418159594297,1
19.3,1.0889692682840888,6.673221389390914,505.3641815963732,1
19.316666666666666,1.0889692678623717,6.673221389390914,505.3641815967949,1
19.333333333333332,1.088969267449021,6.673221389390914,505.3641815972081,1
19.35,1.0889692670438706,6.673221389390914,505.3641815976132,1
19.366666666666667,1.0889692666467579,6.673221389390914,505.36418159801025,1
19.383333333333333,1.0889692662575232,6.673221389390914,505.36418159839934,1
19.4,1.0889692658760104,6.673221389390914,505.3641815987808,1
19.416666666666668,1.0889692655020662,6.673221389390914,505.3641815991546,1
19.433333333333334,1.0889692651355407,6.673221389390914,505.36418159952115,1
19.45,1.0889692647762863,6.673221389390914,505.3641815998803,1
19.466666666666665,1.088969264424159,6.673221389390914,505.3641816002323,1
19.483333333333334,1.0889692640790176,6.673221389390914,505.3641816005774,1
19.5,1.0889692637407231,6.673221389390914,505.3641816009156,1
19.516666666666666,1.0889692634091397,6.673221389390914,505.3641816012471,1
19.533333333333335,1.0889692630841348,6.673221389390914,505.36418160157194,1
19.55,1.0889692627655774,6.673221389390914,505.36418160189044,1
19.566666666666666,1.0889692624533396,6.673221389390914,505.3641816022026,1
19.583333333333332,1.0889692621472962,6.673221389390914,505.3641816025086,1
19.6,1.0889692618473243,6.673221389390914,505.3641816028085,1
19.616666666666667,1.0889692615533035,6.673221389390914,505.36418160310245,1
19.633333333333333,1.0889692612651154,6.673221389390914,505.3641816033906,1
19.65,1.0889692609826447,6.673221389390914,505.36418160367293,1
19.666666666666668,1.088969260705778,6.673221389390914,505.3641816039498,1
19.683333333333334,1.0889692604344037,6.673221389390914,505.36418160422113,1
19.7,1.0889692601684131,6.673221389390914,505.36418160448693,1
19.716666666666665,1.0889692599076992,6.673221389390914,505.3641816047476,1
19.733333333333334,1.0889692596521576,6.673221389390914,505.36418160500307,1
19.75,1.0889692594016855,6.673221389390914,505.3641816052535,1
19.766666666666666,1.0889692591561826,6.673221389390914,505.3641816054989,1
19.783333333333335,1.0889692589155502,6.673221389390914,505.3641816057395,1
19.8,1.0889692586796913,6.673221389390914,505.3641816059753,1
19.816666666666666,1.0889692584485118,6.673221389390914,505.36418160620633,1
19.833333333333332,1.0889692582219181,6.673221389390914,505.3641816064329,1
19.85,1.08896925799982,6.673221389390914,505.3641816066549,1
19.866666666666667,1.0889692577821282,6.673221389390914,505.3641816068726,1
19.883333333333333,1.0889692575687546,6.673221389390914,505.36418160708575,1
19.9,1.0889692573596144,6.673221389390914,505.3641816072949,1
19.916666666666668,1.0889692571546228,6.673221389390914,505.36418160749986,1
19.933333333333334,1.0889692569536984,6.673221389390914,505.3641816077006,1
19.95,1.0889692567567597,6.673221389390914,505.36418160789754,1
19.966666666666665,1.0889692565637283,6.673221389390914,505.3641816080904,1
19.983333333333334,1.0889692563745261,6.673221389390914,505.3641816082796,1
20.0,1.0889692561890776,6.673221389390914,505.36418160846483,1
20.016666666666666,1.088969256007308,6.673221389390914,505.3641816086466,1
20.033333333333335,1.0889692558291446,6.673221389390914,505.3641816088247,1
20.05,1.0889692556545159,6.673221389390914,505.3641816089992,1
20.066666666666666,1.088969255483351,6.673221389390914,505.3641816091703,1
20.083333333333332,1.088969255315582,6.673221389390914,505.36418160933795,1
20.1,1.0889692551511412,6.673221389390914,505.36418160950234,1
20.116666666666667,1.0889692549899632,6.673221389390914,505.36418160966343,1
20.133333333333333,1.0889692548319823,6.673221389390914,505.36418160982134,1
20.15,1.0889692546771355,6.673221389390914,505.3641816099762,1
20.166666666666668,1.0889692545253606,6.673221389390914,505.36418161012784,1
20.183333333333334,1.0889692543765968,6.673221389390914,505.36418161027655,1
20.2,1.0889692542307843,6.673221389390914,505.3641816104222,1
20.216666666666665,1.0889692540878642,6.673221389390914,505.3641816105651,1
20.233333333333334,1.0889692539477795,6.673221389390914,505.3641816107051,1
20.25,1.088969253810474,6.673221389390914,505.3641816108423,1
20.266666666666666,1.0889692536758926,6.673221389390914,505.36418161097686,1
20.283333333333335,1.088969253543981,6.673221389390914,505.3641816111086,1
20.3,1.0889692534146862,6.673221389390914,505.3641816112379,1
20.316666666666666,1.0889692532879565,6.673221389390914,505.36418161136453,1
20.333333333333332,1.088969253163741,6.673221389390914,505.3641816114887,1
20.35,1.0889692530419897,6.673221389390914,505.3641816116103,1
20.366666666666667,1.0889692529226538,6.673221389390914,505.3641816117296,1
20.383333333333333,1.0889692528056851,6.673221389390914,505.3641816118465,1
20.4,1.0889692526910373,6.673221389390914,505.36418161196104,1
20.416666666666668,1.0889692525786636,6.673221389390914,505.3641816120733,1
20.433333333333334,1.0889692524685193,6.673221389390914,505.3641816121833,1
20.45,1.08896925236056,6.673221389390914,505.36418161229125,1
20.466666666666665,1.0889692522547427,6.673221389390914,505.3641816123969,1
20.483333333333334,1.0889692521510248,6.673221389390914,505.3641816125006,1
20.5,1.0889692520493643,6.673221389390914,505.36418161260224,1
20.516666666666666,1.0889692519497205,6.673221389390914,505.3641816127018,1
20.533333333333335,1.0889692518520537,6.673221389390914,505.36418161279937,1
20.55,1.0889692517563243,6.673221389390914,505.364181612895,1
20.566666666666666,1.088969251662494,6.673221389390914,505.3641816129888,1
20.583333333333332,1.0889692515705254,6.673221389390914,505.36418161308063,1
20.6,1.0889692514803813,6.673221389390914,505.3641816131708,1
20.616666666666667,1.0889692513920253,6.673221389390914,505.364181613259,1
20.633333333333333,1.0889692513054223,6.673221389390914,505.3641816133455,1
20.65,1.0889692512205376,6.673221389390914,505.36418161343033,1
20.666666666666668,1.0889692511373366,6.673221389390914,505.3641816135135,1
20.683333333333334,1.0889692510557862,6.673221389390914,505.36418161359495,1
20.7,1.0889692509758535,6.673221389390914,505.3641816136748,1
20.716666666666665,1.0889692508975068,6.673221389390914,505.3641816137531,1
20.733333333333334,1.0889692508207145,6.673221389390914,505.36418161382977,1
20.75,1.0889692507454454,6.673221389390914,505.364181613905,1
20.766666666666666,1.0889692506716695,6.673221389390914,505.36418161397864,1
20.783333333333335,1.0889692505993573,6.673221389390914,505.36418161405084,1
20.8,1.0889692505284796,6.673221389390914,505.36418161412166,1
20.816666666666666,1.088969250459008,6.673221389390914,505.36418161419107,1
20.833333333333332,1.0889692503909147,6.673221389390914,505.3641816142591,1
20.85,1.0889692503241724,6.673221389390914,505.36418161432584,1
20.866666666666667,1.088969250258754,6.673221389390914,505.3641816143911,1
20.883333333333333,1.0889692501946333,6.673221389390914,505.36418161445516,1
20.9,1.0889692501317851,6.673221389390914,505.3641816145179,1
20.916666666666668,1.0889692500701835,6.673221389390914,505.36418161457954,1
20.933333333333334,1.0889692500098038,6.673221389390914,505.3641816146397,1
20.95,1.088969249950622,6.673221389390914,505.36418161469885,1
20.966666666666665,1.0889692498926145,6.673221389390914,505.36418161475683,1
20.983333333333334,1.0889692498357577,6.673221389390914,505.36418161481356,1
21.0,1.0889692497800287,6.673221389390914,505.36418161486915,1
21.016666666666666,1.0889692497254053,6.673221389390914,505.36418161492367,1
21.033333333333335,1.0889692496718657,6.673221389390914,505.3641816149772,1
21.05,1.0889692496193881,6.673221389390914,505.3641816150296,1
21.066666666666666,1.0889692495679515,6.673221389390914,505.364181615081,1
21.083333333333332,1.0889692495175358,6.673221389390914,505.3641816151313,1
21.1,1.0889692494681198,6.673221389390914,505.3641816151806,1
21.116666666666667,1.088969249419684,6.673221389390914,505.36418161522903,1
21.133333333333333,1.0889692493722094,6.673221389390914,505.36418161527644,1
21.15,1.0889692493256768,6.673221389390914,505.3641816153228,1
21.166666666666668,1.088969249280067,6.673221389390914,505.36418161536835,1
21.183333333333334,1.0889692492353622,6.673221389390914,505.364181615413,1
21.2,1.0889692491915441,6.673221389390914,505.3641816154568,1
21.216666666666665,1.0889692491485954,6.673221389390914,505.36418161549966,1
21.233333333333334,1.0889692491064986,6.673221389390914,505.36418161554167,1
21.25,1.0889692490652372,6.673221389390914,505.3641816155828,1
21.266666666666666,1.0889692490247944,6.673221389390914,505.3641816156231,1
21.283333333333335,1.088969248985154,6.673221389390914,505.36418161566274,1
21.3,1.0889692489462994,6.673221389390914,505.3641816157015,1
21.316666666666666,1.0889692489082161,6.673221389390914,505.3641816157395,1
21.333333333333332,1.088969248870888,6.673221389390914,505.3641816157768,1
21.35,1.0889692488343006,6.673221389390914,505.3641816158133,1
21.366666666666667,1.088969248798439,6.673221389390914,505.3641816158491,1
21.383333333333333,1.088969248763289,6.673221389390914,505.36418161588415,1
21.4,1.0889692487288365,6.673221389390914,505.3641816159184,1
21.416666666666668,1.0889692486950675,6.673221389390914,505.3641816159522,1
21.433333333333334,1.0889692486619682,6.673221389390914,505.3641816159853,1
21.45,1.0889692486295255,6.673221389390914,505.3641816160176,1
21.466666666666665,1.0889692485977263,6.673221389390914,505.36418161604934,1
21.483333333333334,1.088969248566558,6.673221389390914,505.3641816160803,1
21.5,1.088969248536008,6.673221389390914,505.36418161611084,1
21.516666666666666,1.0889692485060645,6.673221389390914,505.36418161614074,1
21.533333333333335,1.0889692484767146,6.673221389390914,505.36418161617,1
21.55,1.0889692484479472,6.673221389390914,505.36418161619866,1
21.566666666666666,1.0889692484197502,6.673221389390914,505.36418161622674,1
21.583333333333332,1.0889692483921127,6.673221389390914,505.3641816162544,1
21.6,1.0889692483650235,6.673221389390914,505.36418161628126,1
21.616666666666667,1.0889692483384719,6.673221389390914,505.3641816163078,1
21.633333333333333,1.088969248312447,6.673221389390914,505.3641816163338,1
21.65,1.0889692482869382,6.673221389390914,505.3641816163592,1
21.666666666666668,1.0889692482619355,6.673221389390914,505.3641816163842,1
21.683333333333334,1.088969248237429,6.673221389390914,505.36418161640853,1
21.7,1.0889692482134083,6.673221389390914,505.36418161643246,1
21.716666666666665,1.0889692481898645,6.673221389390914,505.36418161645594,1
21.733333333333334,1.0889692481667876,6.673221389390914,505.364181616479,1
21.75,1.0889692481441686,6.673221389390914,505.3641816165015,1
21.766666666666666,1.0889692481219981,6.673221389390914,505.36418161652364,1
21.783333333333335,1.0889692481002677,6.673221389390914,505.3641816165453,1
21.8,1.0889692480789683,6.673221389390914,505.3641816165665,1
21.816666666666666,1.0889692480580915,6.673221389390914,505.36418161658725,1
21.833333333333332,1.0889692480376285,6.673221389390914,505.36418161660765,1
21.85,1.088969248017572,6.673221389390914,505.36418161662766,1
21.866666666666667,1.0889692479979134,6.673221389390914,505.3641816166472,1
21.883333333333333,1.0889692479786448,6.673221389390914,505.36418161666643,1
21.9,1.0889692479597581,6.673221389390914,505.3641816166853,1
21.916666666666668,1.0889692479412463,6.673221389390914,505.3641816167036,1
21.933333333333334,1.0889692479231017,6.673221389390914,505.3641816167217,1
21.95,1.0889692479053172,6.673221389390914,505.36418161673936,1
21.966666666666665,1.0889692478878858,6.673221389390914,505.36418161675675,1
21.983333333333334,1.0889692478707995,6.673221389390914,505.36418161677375,1
22.0,1.0889692478540525,6.673221389390914,505.3641816167904,1
22.016666666666666,1.0889692478376378,6.673221389390914,505.36418161680683,1
22.033333333333335,1.0889692478215487,6.673221389390914,505.36418161682286,1
22.05,1.0889692478057786,6.673221389390914,505.3641816168385,1
22.066666666666666,1.0889692477903214,6.673221389390914,505.36418161685384,1
22.083333333333332,1.088969247775171,6.673221389390914,505.3641816168689,1
22.1,1.0889692477603212,6.673221389390914,505.3641816168837,1
22.116666666666667,1.0889692477457658,6.673221389390914,505.36418161689824,1
22.133333333333333,1.0889692477314992,6.673221389390914,505.36418161691233,1
22.15,1.0889692477175155,6.673221389390914,505.3641816169263,1
22.166666666666668,1.0889692477038095,6.673221389390914,505.36418161693985,1
22.183333333333334,1.0889692476903752,6.673221389390914,505.3641816169532,1
22.2,1.0889692476772075,6.673221389390914,505.3641816169664,1
22.216666666666665,1.088969247664301,6.673221389390914,505.3641816169792,1
22.233333333333334,1.0889692476516506,6.673221389390914,505.3641816169917,1
22.25,1.0889692476392512,6.673221389390914,505.36418161700414,1
22.266666666666666,1.0889692476270976,6.673221389390914,505.36418161701613,1
22.283333333333335,1.0889692476151853,6.673221389390914,505.364181617028,1
22.3,1.0889692476035095,6.673221389390914,505.36418161703955,1
22.316666666666666,1.0889692475920651,6.673221389390914,505.364181617051,1
22.333333333333332,1.0889692475808477,6.673221389390914,505.3641816170621,1
22.35,1.088969247569853,6.673221389390914,505.364181617073,1
22.366666666666667,1.0889692475590762,6.673221389390914,505.3641816170837,1
22.383333333333333,1.0889692475485135,6.673221389390914,505.3641816170942,1
22.4,1.08896924753816,6.673221389390914,505.3641816171045,1
22.416666666666668,1.0889692475280122,6.673221389390914,505.36418161711447,1
22.433333333333334,1.0889692475180655,6.673221389390914,505.36418161712436,1
22.45,1.0889692475083161,6.673221389390914,505.364181617134,1
22.466666666666665,1.0889692474987602,6.673221389390914,505.3641816171436,1
22.483333333333334,1.0889692474893937,6.673221389390914,505.3641816171529,1
22.5,1.088969247480213,6.673221389390914,505.3641816171619,1
22.516666666666666,1.0903993201187816,6.227201950075142,504.91244536996703,0
22.533333333333335,1.093674109679895,5.646097361678445,504.3190224063989,0
22.55,1.0986456746007995,5.1054071486035095,503.7606435455535,0
22.566666666666666,1.1050481390309443,4.643776535679172,503.27733575800846,0
22.583333333333332,1.1126405567788513,4.255091813340503,502.86403732857576,0
22.6,1.1212306740350386,3.925320836716693,502.5074441909683,0
22.616666666666667,1.1306688232795432,3.6419323775378305,502.19551910687466,0
22.633333333333333,1.140837865128935,3.3952602227623245,501.91893300924596,0
22.65,1.1516448114368139,3.178074173922841,501.67068926336157,0
22.666666666666668,1.1630146636738554,2.9849511806060214,501.44552950936003,0
22.683333333333334,1.1748860042354277,2.811768147618635,501.23944888052677,0
22.7,1.1872078352636453,2.6553381711590087,501.0493468229592,0
22.716666666666665,1.1999372835291708,2.5131568875912635,500.8727830693166,0
22.733333333333334,1.2130379075960036,2.3832255135243536,500.7078071353711,0
22.75,1.2264784287114243,2.263926005710887,500.55283788332315,0
22.766666666666666,1.2402317643367589,2.1539316579652543,500.4065771707996,0
22.783333333333335,1.2542742813135086,2.052142041200924,500.26794693921016,0
22.8,1.2685852109401177,1.9576349039049226,500.1360426486502,0
22.816666666666666,1.283146185191682,1.8696300725335424,500.01009828949174,0
22.833333333333332,1.2979408648451436,1.7874619739838062,499.88945972013335,0
22.85,1.312954638229826,1.7105584459328855,499.77356408295225,0
22.866666666666667,1.3281743748972916,1.638424197800994,499.66192372045396,0
22.883333333333333,1.3435882224662261,1.5706277571303995,499.55411346763066,0
22.9,1.35918543775303,1.5067910605024526,499.44976050867996,0
22.916666666666668,1.3749562453832247,1.4465810741310208,499.3485362039056,0
22.933333333333334,1.3908917186194223,1.389702988938188,499.250149446505,0
22.95,1.4069836782934697,1.3358946491888375,499.1543412191609,0
22.966666666666665,1.4232246066008771,1.2849219565553633,499.0608801002762,0
22.983333333333334,1.4396075731801383,1.2365750521713257,498.969558528322,0
23.0,1.4561261714116043,1.1906651242073516,498.8801896762543,0
23.016666666666666,1.4727744632686266,1.1470217221750354,498.7926048205433,0
23.033333333333335,1.489546931365708,1.105490484622286,498.706651114021,0
23.05,1.5064384370948567,1.065931206306156,498.62218969057915,0
23.066666666666666,1.5234441839374766,1.0282161858752636,498.53909404425775,0
23.083333333333332,1.540559685196239,0.9922288066893071,498.4572486365213,0
23.1,1.5577807355180933,0.9578623124678644,498.37654769433465,0
23.116666666666667,1.5751033856823702,0.9250187465983024,498.29689416859344,0
23.133333333333333,1.5925239202118107,0.893608037467184,498.2181988358486,0
23.15,1.610038837423929,0.8635471630699825,498.1403794771707,0
23.166666666666668,1.6276448316484824,0.8347594870266184,498.063360226051,0
23.183333333333334,1.6453387772661625,0.8071741143433715,497.98707093505277,0
23.2,1.6631177144014053,0.780725348308589,497.91144664193865,0
23.216666666666665,1.6809788360483549,0.7553522071292248,497.83642709441347,0
23.233333333333334,1.698919476461652,0.7309979948059737,497.76195632812147,0
23.25,1.7169371006653644,0.7076099193549988,497.6879822911349,0
23.266666666666666,1.7350292949527775,0.6851387522926969,497.61445650896405,0
23.283333333333335,1.7531937582663852,0.6635385241666493,497.54133378496465,0
23.3,1.771428294361625,0.6427662516638863,497.46857193175487,0
23.316666666666666,1.7897308046700244,0.6227816924588832,497.39613152987,0
23.333333333333332,1.808099281787876,0.6035471244958813,497.3239757104057,0
23.35,1.826531803525505,0.5850271468498262,497.25206995884463,0
23.366666666666667,1.8450265274599387,0.5671884996916037,497.1803819376314,0
23.383333333333333,1.8635816859404986,0.5499999012073753,497.10888132538327,0
23.4,1.8821955815026323,0.5334318995986885,497.03753967089324,0
23.416666666666668,1.9008665826503712,0.5174567385265908,496.9663302603157,0
23.433333333333334,1.9195931199722094,0.5020482345663028,496.8952279961253,0
23.45,1.9383736825590545,0.48718166541390284,496.82420928661065,0
23.466666666666665,1.9572068146962873,0.4728336677374051,496.75325194481366,0
23.483333333333334,1.976091112804923,0.4589821436952291,496.68233509595416,0
23.5,1.9950252226094964,0.445606175258433,496.6114390924892,0
23.516666666666666,2.014007836512589,0.4326859455716345,496.540545436057,0
23.533333333333335,2.0330376911579453,0.42020266667342887,496.46963670563616,0
23.55,2.0521135651659543,0.4081385129722492,496.3986964913278,0
23.566666666666666,2.0712342770268415,0.3964765599393038,496.32770933323116,0
23.583333333333332,2.0903986831383614,0.38520072753798035,496.25666066494114,0
23.6,2.109605675976043,0.37429572795978977,496.18553676124634,0
23.616666666666667,2.1288541823851634,0.36374701728170233,496.114324689649,0
23.633333333333333,2.1481431619846383,0.35354075069913876,496.04301226536876,0
23.65,2.1674716056739256,0.3436637410238716,495.9715880095252,0
23.666666666666668,2.1868385342348455,0.3341034201669951,495.90004111022625,0
23.683333333333334,2.2062429970209387,0.324847803354657,495.82836138631524,0
23.7,2.225684070727661,0.315885455848607,495.75653925355357,0
23.716666666666665,2.2451608582372673,0.3072054619654988,495.6845656930385,0
23.733333333333334,2.2646724875328057,0.2987973962082374,495.6124322216738,0
23.75,2.284218110676091,0.290651296340052,495.54013086452875,0
23.766666666666666,2.3037969028449776,0.2827576382475584,495.4676541289349,0
23.783333333333335,2.323408061425642,0.27510731245297654,495.3949949801868,0
23.8,2.3430508051559307,0.26769160214821147,495.32214681872034,0
23.816666666666666,2.3627243733161607,0.2605021626347532,495.2491034586596,0
23.833333333333332,2.3824280249640575,0.2535310020635019,495.1758591076267,0
23.85,2.402161038210767,0.2467704633777473,495.10240834772384,0
23.866666666666667,2.4219227095351332,0.2402132073708002,495.02874611759995,0
23.883333333333333,2.441712353133652,0.23385219677721858,494.95486769552576,0
23.9,2.461529300303707,0.22768068132335417,494.88076868340437,0
23.916666666666668,2.4813728988578894,0.22169218366902252,494.8064449916532,0
23.933333333333334,2.5012425125673605,0.21588048617769445,494.7318928248966,0
23.95,2.5211375206323785,0.210239618457643,494.65710866841385,0
23.966666666666665,2.541057317178251,0.20476384562103042,494.5820892752928,0
23.983333333333334,2.5610013107750995,0.19944765721216937,494.506831654242,0
24.0,2.580968923979943,0.19428575675992965,494.4313330580184,0
24.016666666666666,2.6009595928997253,0.18927305191278157,494.3555909724321,0
24.033333333333335,2.6209727667739995,0.18440464511811724,494.2796031058897,0
24.05,2.6410079075760784,0.17967582481040364,494.20336737944604,0
24.066666666666666,2.661064489631554,0.175082057075364,494.12688191732946,0
24.083333333333332,2.6811419992531507,0.17061897775983167,494.05014503791466,0
24.1,2.7012399343909674,0.16628238499912865,493.97315524511566,0
24.116666666666667,2.7213578042972104,0.1620682321358886,493.8959112201741,0
24.133333333333333,2.7414951292046053,0.15797262100609058,493.81841181382015,0
24.15,2.7616514400177037,0.15399179556984188,493.7406560387851,0
24.166666666666668,2.781826278016382,0.15012213586599224,493.66264306264617,0
24.183333333333334,2.8020191945708506,0.14636015227113974,493.58437220098426,0
24.2,2.8222297508675633,0.14270248004494795,493.5058429108386,0
24.216666666666665,2.842457517645432,0.13914587414491975,493.4270547844428,0
24.233333333333334,2.862702074941814,0.13568720429492276,493.3480075432256,0
24.25,2.882963011847759,0.13232345029282264,493.26870103206517,0
24.266666666666666,2.9032399262720365,0.12905169754356055,493.1891352137817,0
24.283333333333335,2.923532424713512,0.1258691328049046,493.1093101638583,0
24.3,2.943840122041443,0.1227730401339578,493.0292260653769,0
24.316666666666666,2.964162641283308,0.11976079702326532,492.948883204161,0
24.333333333333332,2.984499613419815,0.11682987071609294,492.8682819641126,0
24.35,3.0048506771867243,0.11397781469110484,492.7874228227369,0
24.366666666666667,3.0252154788831893,0.11120226530730115,492.706306346844,0
24.383333333333333,3.045593672186296,0.10850093860062286,492.62493318841996,0
24.4,3.065984917971526,0.10587162722420569,492.5433040806603,0
24.416666666666668,3.0863888841388727,0.10331219752471328,492.46141983415805,0
24.433333333333334,3.106805245444363,0.10082058674767785,492.3792813332385,0
24.45,3.1272336833367462,0.09839480036518426,492.296889532437,0
24.466666666666665,3.1476738857991324,0.0960329095196461,492.21424545311055,0
24.483333333333334,3.1681255471953644,0.09373304857777626,492.13135018017954,0
24.5,3.1885883681209304,0.09149341278923091,492.0482048589937,0
24.516666666666666,3.209062055258229,0.0893122560446958,491.96481069231646,0
24.533333333333335,3.2295463212360174,0.08718788872850844,491.881168937424,0
24.55,3.2500408844928614,0.08511867566118828,491.7972809033132,0
24.566666666666666,3.2705454691444484,0.08310303412750554,491.71314794801475,0
24.583333333333332,3.2910598048546014,0.0811394319859646,491.6287714760076,0
24.6,3.3115836267098584,0.07922638585581905,491.54415293572964,0
24.616666666666667,3.3321166750974855,0.07736245937793901,491.45929381718173,0
24.633333333333333,3.352658695586792,0.07554626154606144,491.3741956496219,0
24.65,3.3732094346398243,0.07377644510514315,491.28886013688054,0
24.666666666666668,3.393768652152558,0.07205170509068234,491.2032887385238,0
24.683333333333334,3.4143361085552795,0.07037077713335634,491.1174830886591,0
24.7,3.434911569016571,0.06873243623623453,491.03144485230075,0
24.716666666666665,3.455494803339386,0.06713549536618654,490.9451757234202,0
24.733333333333334,3.476085585859852,0.06557880413840665,490.8586774231052,0
24.75,3.49668369534867,0.06406124755646186,490.77195169779225,0
24.766666666666666,3.5172889149150066,0.06258174480169804,490.6850003175661,0
24.783333333333335,3.5379010319128072,0.06113924806925447,490.59782507452303,0
24.8,3.5585198378494494,0.05973274144853363,490.5104277811952,0
24.816666666666666,3.5791451282966515,0.058361239846156224,490.4228102690351,0
24.833333333333332,3.5997767028035863,0.05702378794956083,490.33497438695684,0
24.85,3.6204143648121105,0.05571945922950567,490.24692199993245,0
24.866666666666667,3.641057921574063,0.05444735497981865,490.15865498764214,0
24.883333333333333,3.661707184070559,0.05320660339281973,490.0701752431748,0
24.9,3.6823619669332257,0.051996358668925775,489.98148467177936,0
24.916666666666668,3.70302208836732,0.050815800159011715,489.89258518966307,0
24.933333333333334,3.7236873700766733,0.04966413153817129,489.80347872283636,0
24.95,3.7443576371904173,0.04854058000958928,489.7141672060028,0
24.966666666666665,3.7650327181914283,0.04744439553729145,489.62465258149126,0
24.983333333333334,3.7857124448464536,0.04637485010660246,489.53493679823004,0
25.0,3.806396652137866,0.045331237011187214,489.4450218107619,0
25.016666666666666,3.827085178197003,0.04431287016561448,489.35490957829654,0
25.033333333333335,3.8477778642390477,0.04331908344241918,489.26460206380193,0
25.05,3.8684745544994117,0.04234923003268983,489.17410123313107,0
25.066666666666666,3.889175096171575,0.04140268182925704,489.0834090541835,0
25.083333333333332,3.9098793393463476,0.04047882883158753,488.9925274961018,0
25.1,3.930587136952512,0.039577078571543065,488.90145852849923,0
25.116666666666667,3.951298344698819,0.03869685555918601,488.8102041207203,0
25.133333333333333,3.9720128210172834,0.03783760074786287,488.7187662411306,0
25.15,3.9927304270077726,0.03699877101781647,488.6271468564369,0
25.166666666666668,4.013451026383825,0.036179838677623394,488.53534793103563,0
25.183333333333334,4.034174485419692,0.03538029098277294,488.4433714263882,0
25.2,4.0549006728985555,0.034599629670739686,488.35121930042345,0
25.216666666666665,4.075629460061905,0.03383737051192406,488.2588935069658,0
25.233333333333334,4.096360720560029,0.03309304287586787,488.1663959951877,0
25.25,4.117094330403613,0.0323661893121693,488.0737287090865,0
25.266666666666666,4.137830167916389,0.031656365145552826,487.98089358698405,0
25.283333333333335,4.158568113688854,0.030963138084566515,487.8878925610489,0
25.3,4.179308050532971,0.030286087843404554,487.79472755684,0
25.316666666666666,4.200049863437893,0.02962480577637161,487.7014004928711,0
25.333333333333332,4.220793439526627,0.028978894524526122,487.60791328019576,0
25.35,4.241538668013671,0.02834796767405727,487.5142678220111,0
25.366666666666667,4.262285440163548,0.027731649425969875,487.42046601328076,0
25.383333333333333,4.2830336492502425,0.02712957427666885,487.3265097403761,0
25.4,4.303783190517533,0.02654138670904652,487.23240088073436,0
25.416666666666668,4.324533961140161,0.025966740893699915,487.1381413025348,0
25.433333333333334,4.345285860185837,0.025405300399911783,487.0437328643896,0
25.45,4.3660387885780825,0.02485673791605038,486.94917741505225,0
25.466666666666665,4.3867926490598474,0.024320734979049043,486.8544767931395,0
25.483333333333334,4.407547346157916,0.023796981712649098,486.7596328268693,0
25.5,4.428302786148077,0.023285176574092473,486.6646473338127,0
25.516666666666666,4.449058877021021,0.02278502610896974,486.5695221206584,0
25.533333333333335,4.469815528448987,0.02229624471393612,486.47425898299207,0
25.55,4.490572651753089,0.021818554407022062,486.37885970508705,0
25.566666666666666,4.511330159871361,0.02135168460527303,486.2833260597082,0
25.583333333333332,4.532087967327458,0.02089537190946378,486.1876598079275,0
25.6,4.552845990200026,0.020449359895644236,486.0918626989506,0
25.616666666666667,4.573604146092722,0.02001339891327982,485.9959364699551,0
25.633333333333333,4.594362354104853,0.019587245889760286,485.8998828459389,0
25.65,4.615120534802639,0.019170664141058714,485.8037035395795,0
25.666666666666668,4.635878610191073,0.018763423188330717,485.7074002511019,0
25.683333333333334,4.656636503686374,0.01836529858025216,485.61097466815795,0
25.7,4.677394140089013,0.017976071720898688,485.51442846571314,0
25.716666666666665,4.698151445557295,0.017595529702982417,485.4177633059437,0
25.733333333333334,4.718908347581501,0.017223465146262378,485.3209808381407,0
25.75,4.7396647749585545,0.016859676040956173,485.22408269862393,0
25.766666666666666,4.76042065776722,0.0165039655959841,485.12707051066263,0
25.783333333333335,4.781175927343819,0.01615614209188562,485.0299458844045,0
25.8,4.801930516258425,0.015816018738249758,484.9327104168117,0
25.816666666666666,4.822684358291579,0.015483413535511862,484.835365691604,0
25.833333333333332,4.843437388411462,0.01515814914097083,484.7379132792091,0
25.85,4.864189542751538,0.014840052738886085,484.640354736719,0
25.866666666666667,4.884940758588668,0.01452895591452199,484.54269160785293,0
25.883333333333333,4.905690974321653,0.014224694532007693,484.44492542292636,0
25.9,4.926440129450226,0.013927108615888865,484.34705769882623,0
25.916666666666668,4.947188164554478,0.013636042236248886,484.24908993899066,0
25.933333333333334,4.96793502127468,0.01335134339728462,484.15102363339565,0
25.95,4.988680642291535,0.01307286392922313,484.05286025854576,0
25.966666666666665,5.0094249713068235,0.012800459383471444,483.95460127747003,0
25.983333333333334,5.030167953024437,0.012533988930894278,483.85624813972345,0
26.0,5.050909533131794,0.01227331526311923,483.75780228139166,0
26.016666666666666,5.0716496582816415,0.012018304496771331,483.6592651251014,0
26.033333333333335,5.0923882760742,0.011768826080543358,483.5606380800345,0
26.05,5.11312533503969,0.011524752705010285,483.46192254194614,0
26.066666666666666,5.133860784621197,0.011285960215101061,483.36311989318705,0
26.083333333333332,5.154594575157874,0.011052327525142227,483.2642315027291,0
26.1,5.175326657868491,0.010823736536391872,483.16525872619513,0
26.116666666666667,5.196056984835304,0.010600072056984907,483.06620290589166,0
26.133333333333333,5.216785508988248,0.010381221724213146,482.96706537084486,0
26.15,5.237512184089439,0.010167075929066871,482.86784743684046,0
26.166666666666668,5.258236964717989,0.009957527742965915,482.7685504064657,0
26.183333333333334,5.278959806255113,0.00975247284661229,482.6691755691546,0
26.2,5.299680664869543,0.009551809460897669,482.56972420123617,0
26.216666666666665,5.320399497503216,0.00935543827980046,482.4701975659847,0
26.233333333333334,5.341116261857244,0.009163262405212307,482.37059691367335,0
26.25,5.361830916378171,0.008975187283632117,482.2709234816295,0
26.266666666666666,5.382543420244486,0.00879112064467079,482.1711784942924,0
26.283333333333335,5.403253733353405,0.008610972441310176,482.0713631632737,0
26.3,5.42396181630791,0.008434654791862138,481.9714786874187,0
26.316666666666666,5.444667630404046,0.00826208192357509,481.8715262528713,0
26.333333333333332,5.465371137618449,0.008093170117837854,481.77150703313964,0
26.35,5.486072300596136,0.00792783765693138,481.6714221891634,0
26.366666666666667,5.506771082638514,0.007766004772281211,481.57127286938385,0
26.383333333333333,5.5274674476916354,0.007607593594164581,481.47106020981465,0
26.4,5.548161360334666,0.007452528102828373,481.37078533411415,0
26.416666666666668,5.568852785768579,0.007300734080974564,481.2704493536598,0
26.433333333333334,5.589541689805081,0.007152139067571883,481.170053367623,0
26.45,5.610228038855726,0.007006672312953683,481.06959846304625,0
26.466666666666665,5.630911799921252,0.006864264735162958,480.9690857149207,0
26.483333333333334,5.651592940581122,0.006724848877507384,480.868516186265,0
26.5,5.672271428983258,0.00658835886728755,480.7678909282056,0
26.516666666666666,5.692947233833974,0.006454730375663515,480.6672109800575,0
26.533333333333335,5.713620324388101,0.006323900578625649,480.5664773694066,0
26.55,5.734290670439297,0.0061958081190370325,480.4656911121921,0
26.566666666666666,5.754958242310542,0.006070393069714784,480.3648532127904,0
26.583333333333332,5.775623010844807,0.00594759689752046,480.2639646640996,0
26.6,5.796284947395912,0.005827362428428948,480.1630264476245,0
26.616666666666667,5.8169440238195405,0.005709633813547272,480.06203953356214,0
26.633333333333333,5.837600212464434,0.00559435649605516,479.96100488088854,0
26.65,5.8582534861637425,0.005481477179040365,479.85992343744533,0
26.666666666666668,5.878903818226549,0.005370943794202373,479.75879614002724,0
26.683333333333334,5.899551182429539,0.005262705471399243,479.65762391446987,0
26.7,5.920195553008836,0.005156712509012868,479.5564076757378,0
26.716666666666665,5.94083690465198,0.005052916345108579,479.45514832801337,0
26.733333333333334,5.961475212490064,0.004951269529366625,479.35384676478594,0
26.75,5.982110452090008,0.00485172569576238,479.25250386894004,0
26.766666666666666,6.002742599446982,0.0047542395359741274,479.1511205128457,0
26.783333333333335,6.02337163097697,0.004658766773497402,479.0496975584478,0
26.8,6.043997523509459,0.00456526413844501,478.9482358573557,0
26.816666666666666,6.064620254280281,0.004473689343013938,478.84673625093325,0
26.833333333333332,6.0852398009245725,0.00438400105759902,478.7451995703891,0
26.85,6.105856141469868,0.0042961588875357485,478.6436266368661,0
26.866666666666667,6.126469254329325,0.004210123350453568,478.54201826153195,0
26.883333333333333,6.14707911829506,0.004125855854222791,478.44037524566886,0
26.9,6.167685712531623,0.004043318675477931,478.33869838076396,0
26.916666666666668,6.188289016569571,0.003962474938701306,478.23698844859916,0
26.933333333333334,6.208889010299183,0.003883288595850981,478.13524622134105,0
26.95,6.229485673964264,0.003805724406517768,478.03347246163077,0
26.966666666666665,6.25007898815608,0.0037297479185962185,477.93166792267345,0
26.983333333333334,6.270668933807389,0.0036553254494554378,477.82983334832795,0
27.0,6.291255492186599,0.003582424067595435,477.7279694731964,0
27.016666666666666,6.311838644892005,0.0035110115747757076,477.6260770227129,0
27.033333333333335,6.332418373846154,0.0034410564886026827,477.5241567132323,0
27.05,6.352994661290296,0.0033725280255632356,477.42220925211944,0
27.066666666666666,6.373567489778943,0.003305396084492089,477.32023533783706,0
27.083333333333332,6.39413684217452,0.0032396312304609817,477.2182356600343,0
27.1,6.414702701642117,0.0031752046790777737,477.11621089963427,0
27.116666666666667,6.435265051644333,0.0031120882811845343,477.0141617289212,0
27.133333333333333,6.455823875936206,0.003050254507943251,476.9120888116284,0
27.15,6.476379158560243,0.002989676436298844,476.8099928030243,0
27.166666666666668,6.496930883841533,0.002930327734808885,476.70787434999914,0
27.183333333333334,6.51747903638295,0.002872182649830307,476.6057340911515,0
27.2,6.5380236010604325,0.002815215992052964,476.503572656873,0
27.216666666666665,6.558564563018358,0.0027594031233710236,476.40139066943476,0
27.233333333333334,6.579101907664997,0.0027047199440826558,476.29918874307106,0
27.25,6.59963562066804,0.0026511428804094597,476.1969674840644,0
27.266666666666666,6.620165687950206,0.0025986488723267302,476.09472749082937,0
27.283333333333335,6.640692095684938,0.0025472153616962214,475.9924693539963,0
27.3,6.661214830292159,0.002496820280693512,475.8901936564938,0
27.316666666666666,6.681733878434118,0.0024474420405216878,475.787900973632,0
27.333333333333332,6.7022492270112926,0.0023990595204039784,475.6855918731842,0
27.35,6.722760863158379,0.0023516520568476903,475.5832669154686,0
27.366666666666667,6.743268774240337,0.002305199433172396,475.48092665342944,0
27.383333333333333,6.763772947848524,0.002259681869295149,475.3785716327176,0
27.4,6.78427337179687,0.002215080011766078,475.2762023917704,0
27.416666666666668,6.80477003411815,0.0021713749240475644,475.17381946189187,0
27.433333333333334,6.825262923060287,0.002128548077030667,475.0714233673309,0
27.45,6.845752027082756,0.002086581339782648,474.96901462536044,0
27.466666666666665,6.866237334853013,0.002045456970519162,474.8665937463551,0
27.483333333333334,6.886718835243021,0.002005157607795621,474.7641612338686,0
27.5,6.907196517325808,0.001965666261911759,474.6617175847107,0
27.516666666666666,6.927670370372105,0.0019269663065238504,474.55926328902365,0
27.533333333333335,6.948140383847027,0.0018890414704592034,474.45679883035757,0
27.55,6.96860654740682,0.001851875829727684,474.35432468574606,0
27.566666666666666,6.989068850895661,0.0018154537997250955,474.25184132578033,0
27.583333333333332,7.00952728434252,0.0017797601276234379,474.1493492146838,0
27.6,7.029981837958056,0.0017447798849433316,474.0468488103851,0
27.616666666666667,7.0504325021315974,0.001710498460303746,473.94434056459124,0
27.633333333333333,7.07087926742814,0.001676901552344556,473.8418249228599,0
27.65,7.091322124585425,0.0016439751628175123,473.7393023246709,0
27.666666666666668,7.111761064511052,0.0016117055898412405,473.63677320349797,0
27.683333333333334,7.132196078279643,0.0015800794213160893,473.53423798687834,0
27.7,7.152627157130058,0.0015490835284947852,473.43169709648384,0
27.716666666666665,7.173054292462659,0.0015187050597049027,473.3291509481894,0
27.733333333333334,7.193477475836613,0.0014889314342192803,473.2265999521423,0
27.75,7.2138966989672495,0.0014597503362706224,473.12404451283015,0
27.766666666666666,7.234311953723463,0.0014311497092067038,473.02148502914866,0
27.783333333333335,7.254723232125147,0.0014031177497825114,472.9189218944688,0
27.8,7.275130526340692,0.0013756429025860073,472.8163554967028,0
27.816666666666666,7.29553382868451,0.0013487138545940104,472.7137862183704,0
27.833333333333332,7.315933131614602,0.0013223195298550825,472.6112144366639,0
27.85,7.336328427730179,0.0012964490842960756,472.5086405235127,0
27.866666666666667,7.3567197097693064,0.0012710919006493973,472.40606484564785,0
27.883333333333333,7.377106970606602,0.0012462375834978866,472.3034877646651,0
27.9,7.397490203250967,0.0012218759544344166,472.2009096370877,0
27.916666666666668,7.4178694008433546,0.0011979970473333565,472.0983308144291,0
27.933333333333334,7.4382445566545785,0.0011745911037311068,471.99575164325444,0
27.95,7.458615664083157,0.001151648568313077,471.8931724652414,0
27.966666666666665,7.478982716653194,0.0011291600845043717,471.7905936172413,0
27.983333333333334,7.499345708012294,0.0011071164901617333,471.6880154313387,0
28.0,7.519704631929514,0.0010855088133641766,471.58543823491084,0
28.016666666666666,7.540059482293354,0.001064328268299911,471.4828623506865,0
28.033333333333335,7.560410253109769,0.001043566251247257,471.3802880968038,0
28.05,7.580756938500226,0.001023214336647135,471.27771578686855,0
28.066666666666666,7.601099532699794,0.0010032642732649979,471.17514573001085,0
28.083333333333332,7.621438030055251,0.0009837079804400077,471.0725782309415,0
28.1,7.64177242502324,0.0009645375444192916,470.970013590008,0
28.116666666666667,7.66210271216845,0.0009457452147752535,470.8674521032504,0
28.133333333333333,7.682428886161824,0.0009273234009039409,470.7648940624552,0
28.15,7.702750941778797,0.0009092646686024656,470.66233975521027,0
28.166666666666668,7.723068873897573,0.0008915617367235907,470.55978946495816,0
28.183333333333334,7.743382677497416,0.0008742074739056852,470.4572434710492,0
28.2,7.763692347656983,0.0008571948953761048,470.35470204879437,0
28.216666666666665,7.783997879552675,0.0008405171598263834,470.25216546951685,0
28.233333333333334,7.804299268457021,0.0008241675663574127,470.14963400060384,0
28.25,7.824596509737087,0.0008081395514929839,470.04710790555714,0
28.266666666666666,7.844889598852914,0.0007924266862600729,469.9445874440438,0
28.283333333333335,7.865178531355974,0.0007770226733342312,469.8420728719458,0
28.3,7.885463302887657,0.0007619213442485786,469.73956444140924,0
28.316666666666666,7.905743909177794,0.0007471166566648905,469.6370624008931,0
28.333333333333332,7.926020346043185,0.000732602691705283,469.53456699521774,0
28.35,7.94629260938616,0.000718373651343087,469.4320784656121,0
28.366666666666667,7.966560695193172,0.0007044238558514916,469.32959704976145,0
28.383333333333333,7.986824599533395,0.0006907477413086448,469.22712298185337,0
28.4,8.007084318557366,0.0006773398571578233,469.12465649262447,0
28.416666666666668,8.027339848495629,0.0006641948638214216,469.02219780940555,0
28.433333333333334,8.047591185657424,0.0006513075303674915,468.91974715616715,0
28.45,8.067838326429378,0.0006386727322276065,468.81730475356363,0
28.466666666666665,8.08808126727422,0.0006262854489648328,468.7148708189778,0
28.483333333333334,8.108320004729533,0.0006141407620906723,468.6124455665638,0
28.5,8.128554535406513,0.0006022338529298156,468.51002920729104,0
28.516666666666666,8.14878485598875,0.0005905600005316012,468.40762194898645,0
28.533333333333335,8.169010963231027,0.0005791145796271056,468.30522399637607,0
28.55,8.189232853958151,0.0005678930586308066,468.20283555112775,0
28.566666666666666,8.209450525063787,0.0005568909976857752,468.10045681189126,0
28.583333333333332,8.229663973509325,0.0005461040467514187,467.9980879743396,0
28.6,8.249873196322756,0.0005355279437327834,467.89572923120915,0
28.616666666666667,8.270078190597571,0.0005251585126504466,467.793380772339,0
28.633333333333333,8.29027895349168,0.0005149916618501003,467.6910427847107,0
28.65,8.31047548222634,0.0005050233822508893,467.5887154524867,0
28.666666666666668,8.330667774085116,0.0004952497456316273,467.4863989570491,0
28.683333333333334,8.35085582641284,0.0004856669029540357,467.384093477037,0
28.7,8.371039636614606,0.0004762710827221373,467.2817991883845,0
28.716666666666665,8.39121920215477,0.0004670585893770254,467.1795162643573,0
28.733333333333334,8.411394520555964,0.0004580258017261372,467.07724487558943,0
28.75,8.43156558939814,0.00044916917140633956,466.97498519011936,0
28.766666666666666,8.451732406317612,0.00044048522137995393,466.8727373734255,0
28.783333333333335,8.47189496900613,0.00043197054446309435,466.7705015884618,0
28.8,8.492053275209964,0.0004236218018854729,466.6682779956922,0
28.816666666666666,8.512207322728992,0.0004154357218810561,466.5660667531254,0
28.833333333333332,8.532357109415818,0.000407409098308822,466.46386801634856,0
28.85,8.552502633174896,0.00039953878930296387,466.3616819385609,0
28.866666666666667,8.57264389196168,0.00039182171595188316,466.2595086706069,0
28.883333333333333,8.592780883781767,0.0003842548610053119,466.1573483610092,0
28.9,8.612913606690073,0.0003768352676089395,466.0552011560006,0
28.916666666666668,8.63304205879001,0.0003695600380659424,465.9530671995561,0
28.933333333333334,8.653166238232691,0.0003624263326248084,465.8509466334249,0
28.95,8.673286143216131,0.00035543136829285776,465.74883959716084,0
28.966666666666665,8.693401771984476,0.00034857241767491116,465.6467462281537,0
28.983333333333334,8.713513122827232,0.000341846807836528,465.5446666616592,0
29.0,8.733620194078515,0.0003352519191912903,465.4426010308295,0
29.016666666666666,8.753722984116315,0.0003287851844115735,465.34054946674223,0
29.033333333333335,8.773821491361764,0.00032244408736230247,465.23851209843014,0
29.05,8.793915714278414,0.00031622616205719,465.1364890529097,0
29.066666666666666,8.814005651371547,0.000310128991636946,465.03448045521014,0
29.083333333333332,8.83409130118747,0.0003041502073689767,464.93248642840064,0
29.1,8.854172662312845,0.0002982874876681156,464.8305070936192,0
29.116666666666667,8.874249733374002,0.00029253855713791096,464.72854257009914,0
29.133333333333333,8.894322513036299,0.00028690118563201843,464.626592975197,0
29.15,8.914391000003462,0.0002813731873352612,464.52465842441893,0
29.166666666666668,8.934455193016948,0.0002759524198639376,464.4227390314465,0
29.183333333333334,8.954515090855326,0.0002706367833849374,464.32083490816376,0
29.2,8.974570692333648,0.0002654242197532684,464.21894616468245,0
29.216666666666665,8.994621996302854,0.00026031271166759265,464.1170729093671,0
29.233333333333334,9.014669001649166,0.0002553002818433684,464.0152152488608,0
29.25,9.034711707293507,0.0002503849922032339,463.9133732881092,0
29.266666666666666,9.054750112190922,0.00024556494308424154,463.8115471303854,0
29.283333333333335,9.074784215330004,0.00024083827246158295,463.70973687731384,0
29.3,9.094814015732346,0.00023620315518845731,463.607942628894,0
29.316666666666666,9.11483951245198,0.00023165780225171677,463.5061644835241,0
29.333333333333332,9.134860704574853,0.00022720046004295435,463.40440253802393,0
29.35,9.154877591218277,0.00022282940964472197,463.3026568876579,0
29.366666666666667,9.174890171530416,0.00021854296613150727,463.20092762615764,0
29.383333333333333,9.194898444689771,0.0002143394778851992,463.0992148457439,0
29.4,9.214902409904672,0.00021021732592469932,462.9975186371489,0
29.416666666666668,9.234902066412788,0.0002061749232493894,462.8958390896378,0
29.433333333333334,9.25489741348062,0.0002022107141961564,462.79417629102994,0
29.45,9.274888450403035,0.00019832317380967196,462.6925303277201,0
29.466666666666665,9.294875176502796,0.00019451080722567138,462.59090128469927,0
29.483333333333334,9.314857591130078,0.00019077214906691433,462.48928924557515,0
29.5,9.33483569366203,0.00018710576285159444,462.3876942925923,0
29.516666666666666,9.354809483502306,0.0001835102404139093,462.2861165066522,0
29.533333333333335,9.374778960080638,0.00017998420133653675,462.18455596733304,0
29.55,9.39474412285239,0.00017652629239476789,462.0830127529089,0
29.566666666666666,9.414704971298141,0.000173135187012046,461.9814869403692,0
29.583333333333332,9.434661504923236,0.00016980958472667017,461.8799786054372,0
29.6,9.454613723257404,0.00016654821066942595,461.77848782258934,0
29.616666666666667,9.474561625854335,0.000163349815051908,461.67701466507293,0
29.633333333333333,9.494505212291276,0.0001602131726653201,461.57555920492456,0
29.65,9.514444482168647,0.00015713708238951403,461.4741215129883,0
29.666666666666668,9.534379435109638,0.00015412036671206625,461.3727016589327,0
29.683333333333334,9.554310070759835,0.00015116187125716898,461.271299711269,0
29.7,9.57423638878685,0.0001482604643241387,461.1699157373676,0
29.716666666666665,9.594158388879947,0.00014541503643533167,461.0685498034754,0
29.733333333333334,9.614076070749674,0.00014262449989326797,460.96720197473223,0
29.75,9.633989434127509,0.00013988778834678352,460.86587231518774,0
29.766666666666666,9.653898478765514,0.00013720385636599834,460.76456088781714,0
29.783333333333335,9.673803204435982,0.00013457167902593945,460.66326775453757,0
29.8,9.693703610931097,0.0001319902514986167,460.5619929762237,0
29.816666666666666,9.713599698062607,0.00012945858865339225,460.46073661272345,0
29.833333333333332,9.733491465661485,0.00012697572466545154,460.3594987228734,0
29.85,9.75337891357762,0.00012454071263222696,460.25827936451356,0
29.866666666666667,9.773262041679478,0.00012215262419758928,460.1570785945028,0
29.883333333333333,9.79314084985381,0.00011981054918365746,460.05589646873335,0
29.9,9.813015338005329,0.00011751359523006024,459.95473304214494,0
29.916666666666668,9.832885506056416,0.00011526088744050032,459.8535883687399,0
29.933333333333334,9.852751353946822,0.00011305156803646372,459.7524625015967,0
29.95,9.872612881633367,0.00011088479601793056,459.651355492884,0
29.966666666666665,9.892470089089667,0.00010875974683093674,459.5502673938746,0
29.983333333333334,9.912322976305825,0.00010667561204184901,459.44919825495833,0
30.0,9.932171543288186,0.00010463159901821317,459.34814812565617,0
30.016666666666666,9.952015790059038,0.00010262693061603229,459.24711705463284,0
30.033333333333335,9.97185571665635,0.00010066084487335598,459.1461050897102,0
30.05,9.99169132313351,9.873259471003403e-05,459.0451122778794,0
30.066666666666666,10.011522609559059,9.684145069733015e-05,458.94413866531715,0
30.083333333333332,10.031349576016419,9.498668905184957e-05,458.84318429738727,0
30.1,10.051172222603691,9.316760771902942e-05,458.74224921866636,0
30.116666666666667,10.070990549433363,9.138351655516732e-05,458.6413334729484,0
30.133333333333333,10.090804556632083,8.963373865694819e-05,458.5404371032587,0
30.15,10.110614244340404,8.791761028220828e-05,458.4395601518645,0
30.166666666666668,10.130419612712569,8.623448061935305e-05,458.3387026602873,0
30.183333333333334,10.15022066191626,8.458371153937762e-05,458.2378646693144,0
30.2,10.17001739213238,8.296467734820095e-05,458.13704621900945,0
30.216666666666665,10.189809803554828,8.13767645425911e-05,458.0362473487242,0
30.233333333333334,10.209597896390273,7.981937157046472e-05,457.9354680971089,0
30.25,10.229381670857947,7.829190859576537e-05,457.83470850212325,0
30.266666666666666,10.24916112718942,7.67937972679343e-05,457.73396860104697,0
30.283333333333335,10.268936265628394,7.53244704959359e-05,457.63324843049014,0
30.3,10.288707086430502,7.388337222677039e-05,457.5325480264035,0
30.316666666666666,10.308473589863102,7.246995722839063e-05,457.431867424089,0
30.333333333333332,10.328235776205071,7.108369087694391e-05,457.331206658209,0
30.35,10.347993645746614,6.972404894825143e-05,457.23056576279663,0
30.366666666666667,10.367747198789074,6.839051741344748e-05,457.12994477126557,0
30.383333333333333,10.387496435644735,6.70825922386875e-05,457.0293437164192,0
30.4,10.407241356636641,6.579977918884838e-05,456.92876263046026,0
30.416666666666668,10.42698196209841,6.454159363513732e-05,456.82820154500024,0
30.433333333333334,10.446718252374044,6.330756036653485e-05,456.7276604910684,0
30.45,10.466450227817774,6.209721340498783e-05,456.62713949912046,0
30.466666666666665,10.486177888793861,6.091009582428045e-05,456.5266385990481,0
30.483333333333334,10.505901235676442,5.9745759572508825e-05,456.4261578201872,0
30.5,10.525620268849346,5.86037652980845e-05,456.3256971913267,0
30.516666666666666,10.545334988705944,5.748368217919689e-05,456.2252567407169,0
30.533333333333335,10.565045395648967,5.638508775666251e-05,456.1248364960782,0
30.55,10.584751490090365,5.530756777009509e-05,456.0244364846088,0
30.566666666666666,10.604453272451135,5.42507159973265e-05,455.9240567329934,0
30.583333333333332,10.624150743161161,5.3214134097015836e-05,455.82369726741064,0
30.6,10.643843902659086,5.21974314543792e-05,455.72335811354134,0
30.616666666666667,10.663532751392134,5.120022502997944e-05,455.6230392965761,0
30.633333333333333,10.683217289815977,5.022213921151208e-05,455.52274084122314,0
30.65,10.702897518394579,4.926280566852855e-05,455.42246277171574,0
30.666666666666668,10.72257343760007,4.83218632100377e-05,455.3222051118195,0
30.683333333333334,10.74224504791259,4.7398957644923744e-05,455.2219678848398,0
30.7,10.761912349820156,4.6493741645130824e-05,455.12175111362893,0
30.716666666666665,10.781575343818528,4.5605874611551044e-05,455.0215548205935,0
30.733333333333334,10.801234030411072,4.4735022542566546e-05,454.92137902770094,0
30.75,10.82088841010863,4.388085790519056e-05,454.82122375648646,0
30.766666666666666,10.840538483429393,4.30430595087545e-05,454.7210890280604,0
30.783333333333335,10.860184250898763,4.222131238109139e-05,454.62097486311427,0
30.8,10.879825713049248,4.1415307647163606e-05,454.5208812819275,0
30.816666666666666,10.899462870420319,4.062474241008833e-05,454.420808304374,0
30.833333333333332,10.919095723558295,3.9849319634509464e-05,454.32075594992864,0
30.85,10.938724273016234,3.908874803227278e-05,454.2207242376733,0
30.866666666666667,10.958348519353805,3.834274195035309e-05,454.1207131863033,0
30.883333333333333,10.977968463137174,3.761102126099424e-05,454.02072281413325,0
30.9,10.997584104938898,3.689331125401216e-05,453.9207531391031,0
30.916666666666668,11.017195445337807,3.618934253122051e-05,453.82080417878456,0
30.933333333333334,11.036802484918896,3.5498850902937565e-05,453.72087595038596,0
30.95,11.05640522427322,3.482157728652875e-05,453.62096847075895,0
30.966666666666665,11.076003663997785,3.4157267606947634e-05,453.5210817564035,0
30.983333333333334,11.095597804695448,3.350567269923444e-05,453.42121582347386,0
31.0,11.115187646974805,3.286654821293145e-05,453.32137068778377,0
31.016666666666666,11.13477319145011,3.223965451838074e-05,453.2215463648122,0
31.033333333333335,11.154354438741157,3.162475661486152e-05,453.12174286970804,0
31.05,11.173931389473184,3.102162404053502e-05,453.0219602172961,0
31.066666666666666,11.193504044276795,3.0430030784158e-05,452.9221984220819,0
31.083333333333332,11.213072403787848,2.9849755198531445e-05,452.8224574982565,0
31.1,11.232636468647367,2.9280579915648028e-05,452.722737459702,0
31.116666666666667,11.25219623950146,2.8722291763506367e-05,452.62303831999606,0
31.133333333333333,11.271751717001212,2.817468168455742e-05,452.523360092417,0
31.15,11.29130290180262,2.7637544655751723e-05,452.4237027899484,0
31.166666666666668,11.310849794566485,2.711067961015448e-05,452.32406642528395,0
31.183333333333334,11.330392395958343,2.6593889360098324e-05,452.22445101083196,0
31.2,11.349930706648367,2.6086980521842435e-05,452.12485655872007,0
31.216666666666665,11.369464727311303,2.558976344170858e-05,452.02528308079957,0
31.233333333333334,11.388994458626371,2.510205212366486e-05,451.9257305886498,0
31.25,11.408519901277199,2.4623664158327328e-05,451.82619909358266,0
31.266666666666666,11.428041055951732,2.4154420653352953e-05,451.726688606647,0
31.283333333333335,11.447557923342172,2.369414616519541e-05,451.62719913863225,0
31.3,11.467070504144893,2.3242668632196236e-05,451.52773070007333,0
31.316666666666666,11.486578799060359,2.2799819308985876e-05,451.4282833012544,0
31.333333333333332,11.506082808793062,2.2365432702168316e-05,451.3288569522126,0
31.35,11.525582534051455,2.1939346507263286e-05,451.22945166274263,0
31.366666666666667,11.545077975547864,2.152140154688221e-05,451.13006744240005,0
31.383333333333333,11.564569133998434,2.111144171011236e-05,451.0307043005054,0
31.4,11.584056010123055,2.070931389308649e-05,450.9313622461482,0
31.416666666666668,11.603538604645292,2.0314867940712813e-05,450.83204128819017,0
31.433333333333334,11.62301691829233,1.9927956589544715e-05,450.7327414352693,0
31.45,11.642490951794898,1.9548435411765084e-05,450.6334626958035,0
31.466666666666665,11.661960705887203,1.917616276026593e-05,450.53420507799365,0
31.483333333333334,11.681426181306879,1.881099971479874e-05,450.43496858982775,0
31.5,11.70088737879492,1.84528100291772e-05,450.3357532390838,0
31.516666666666666,11.720344299095617,1.8101460079509573e-05,450.23655903333355,0
31.533333333333335,11.7397969429565,1.775681881344121e-05,450.1373859799456,0
31.55,11.759245311128284,1.741875770038737e-05,450.0382340860892,0
31.566666666666666,11.778689404364805,1.7087150682736282e-05,449.93910335873665,0
31.583333333333332,11.798129223422961,1.6761874128003875e-05,449.8399938046672,0
31.6,11.817564769062672,1.6442806781921224e-05,449.7409054304695,0
31.616666666666667,11.836996042046806,1.612982972243603e-05,449.6418382425457,0
31.633333333333333,11.856423043141133,1.5822826314610803e-05,449.5427922471136,0
31.65,11.87584577311428,1.5521682166399123e-05,449.44376745020963,0
31.666666666666668,11.895264232737665,1.5226285085283954e-05,449.3447638576927,0
31.683333333333334,11.914678422785455,1.493652503575968e-05,449.245781475246,0
31.7,11.934088344034516,1.465229409764253e-05,449.1468203083805,0
31.716666666666665,11.953493997264355,1.4373486425192198e-05,449.04788036243747,0
31.733333333333334,11.972895383257082,1.409999820702892e-05,448.9489616425916,0
31.75,11.992292502797362,1.3831727626830746e-05,448.85006415385334,0
31.766666666666666,12.011685356672352,1.356857482479541e-05,448.7511879010715,0
31.783333333333335,12.031073945671677,1.331044185985151e-05,448.6523328889366,0
31.8,12.050458270587368,1.3057232672604737e-05,448.5534991219824,0
31.816666666666666,12.069838332213829,1.2808853049004644e-05,448.4546866045895,0
31.833333333333332,12.089214131347784,1.2565210584717447e-05,448.3558953409871,0
31.85,12.108585668788239,1.2326214650191402e-05,448.2571253352556,0
31.866666666666667,12.127952945336434,1.2091776356401145e-05,448.1583765913295,0
31.883333333333333,12.147315961795815,1.1861808521257246e-05,448.05964911299935,0
31.9,12.166674718971974,1.1636225636668685e-05,447.960942903914,0
31.916666666666668,12.186029217672624,1.141494383624472e-05,447.86225796758345,0
31.933333333333334,12.20537945870755,1.1197880863623845e-05,447.76359430738063,0
31.95,12.224725442888575,1.098495604141812e-05,447.6649519265439,0
31.966666666666665,12.244067171029524,1.0776090240759692e-05,447.5663308281792,0
31.983333333333334,12.26340464394618,1.0571205851438811e-05,447.46773101526213,0
32.0,12.282737862456248,1.0370226752621033e-05,447.36915249064015,0
32.016666666666666,12.302066827379322,1.0173078284132939e-05,447.27059525703504,0
32.03333333333333,12.32139153953685,9.979687218304263e-06,447.1720593170443,0
32.05,12.340711999752095,9.789981732356583e-06,447.07354467314366,0
32.06666666666667,12.3600282088501,9.603891381327462e-06,446.97505132768896,0
32.083333333333336,12.379340167657658,9.421347071519004e-06,446.8765792829181,0
32.1,12.398647877003283,9.242281034462016e-06,446.7781285409531,0
32.11666666666667,12.41795133771716,9.066626801383752e-06,446.6796991038019,0
32.13333333333333,12.437250550631127,8.894319178171438e-06,446.5812909733603,0
32.15,12.456545516578645,8.725294220820164e-06,446.4829041514136,0
32.166666666666664,12.475836236394759,8.559489211356768e-06,446.384538639639,0
32.18333333333333,12.495122710916062,8.39684263423007e-06,446.2861944396066,0
32.2,12.51440494098069,8.237294153158155e-06,446.18787155278187,0
32.21666666666667,12.53368292742826,8.080784588424246e-06,446.0895699805269,0
32.233333333333334,12.552956671099867,7.927255894611907e-06,445.9912897241023,0
32.25,12.572226172838036,7.776651138771436e-06,445.893030784669,0
32.266666666666666,12.591491433486706,7.628914479008691e-06,445.79479316328974,0
32.28333333333333,12.610752453891202,7.483991143488493e-06,445.69657686093075,0
32.3,12.630009234898202,7.341827409844e-06,445.5983818784632,0
32.31666666666667,12.64926177735571,7.20237058498466e-06,445.5002082166652,0
32.333333333333336,12.668510082113038,7.065568985294693e-06,445.4020558762229,0
32.35,12.687754150020771,6.931371917214587e-06,445.30392485773217,0
32.36666666666667,12.706993981930749,6.799729658198132e-06,445.2058151617002,0
32.38333333333333,12.726229578696035,6.670593438037346e-06,445.1077267885467,0
32.4,12.7454609411709,6.543915420549171e-06,445.00965973860593,0
32.416666666666664,12.764688070210783,6.419648685615223e-06,444.91161401212753,0
32.43333333333333,12.783910966672282,6.29774721156951e-06,444.8135896092782,0
32.45,12.803129631413132,6.178165857925983e-06,444.7155865301429,0
32.46666666666667,12.822344065292166,6.060860348440051e-06,444.61760477472654,0
32.483333333333334,12.841554269169306,5.945787254497252e-06,444.5196443429551,0
32.5,12.860760243905542,5.832903978822898e-06,444.42170523467684,0
32.516666666666666,12.8799619903629,5.722168739506318e-06,444.32378744966394,0
32.53333333333333,12.899159509404434,5.613540554333516e-06,444.22589098761335,0
32.55,12.918352801894182,5.506979225422584e-06,444.1280158481485,0
32.56666666666667,12.937541868697178,5.402445324155559e-06,444.0301620308202,0
32.583333333333336,12.956726710679403,5.299900176401295e-06,443.9323295351079,0
32.6,12.975907328707779,5.19930584802345e-06,443.8345183604211,0
32.61666666666667,12.995083723650147,5.100625130668313e-06,443.7367285061003,0
32.63333333333333,13.014255896375252,5.003821527826693e-06,443.6389599714181,0
32.65,13.033423847752713,4.908859241164961e-06,443.54121275558083,0
32.666666666666664,13.052587578653014,4.8157031571196195e-06,443.44348685772894,0
32.68333333333333,13.071747089947479,4.724318833750533e-06,443.3457822769387,0
32.7,13.09090238250826,4.634672487847859e-06,443.24809901222284,0
32.71666666666667,13.110053457208316,4.546730982287296e-06,443.15043706253203,0
32.733333333333334,13.129200314921402,4.460461813629577e-06,443.05279642675595,0
32.75,13.14834295652204,4.375833099958767e-06,442.95517710372354,0
32.766666666666666,13.167481382885509,4.292813568955071e-06,442.8575790922052,0
32.78333333333333,13.186615594887831,4.211372546197672e-06,442.7600023909125,0
32.8,13.205745593405751,4.131479943692884e-06,442.66244699850057,0
32.81666666666667,13.22487137931672,4.053106248623494e-06,442.56491291356764,0
32.833333333333336,13.243992953498884,3.976222512314858e-06,442.4674001346572,0
32.85,13.26311031683106,3.900800339413581e-06,442.3699086602585,0
32.86666666666667,13.282223470192733,3.82681187727465e-06,442.27243848880676,0
32.88333333333333,13.301332414464035,3.7542298055531616e-06,442.1749896186852,0
32.9,13.320437150525724,3.6830273259963073e-06,442.0775620482253,0
32.916666666666664,13.339537679259182,3.61317815243208e-06,441.9801557757079,0
32.93333333333333,13.358634001546392,3.5446565009508007e-06,441.88277079936375,0
32.95,13.377726118269926,3.477437080275571e-06,441.78540711737503,0
32.96666666666667,13.396814030312933,3.411495082318241e-06,441.6880647278752,0
32.983333333333334,13.415897738559122,3.346806172917152e-06,441.5907436289507,0
33.0,13.434977243892758,3.283346482753104e-06,441.4934438186412,0
33.016666666666666,13.454052547198641,3.2210925984402217e-06,441.3961652949409,0
33.03333333333333,13.473123649362087,3.1600215537883085e-06,441.29890805579873,0
33.05,13.492190551268928,3.1001108212332296e-06,441.2016720991196,0
33.06666666666667,13.511253253805497,3.041338303432269e-06,441.1044574227648,0
33.083333333333336,13.530311757858618,2.983682325021142e-06,441.0072640245531,0
33.1,13.549366064315574,2.9271216245296073e-06,440.91009190226106,0
33.11666666666667,13.568416174064128,2.8716353464524937e-06,440.812941053624,0
33.13333333333333,13.587462087992488,2.817203033473423e-06,440.7158114763369,0
33.15,13.606503806989304,2.763804618837808e-06,440.61870316805476,0
33.166666666666664,13.625541331943653,2.711420418872728e-06,440.52161612639316,0
33.18333333333333,13.64457466374503,2.6600311256505332e-06,440.4245503489296,0
33.2,13.663603803283344,2.6096177997934914e-06,440.3275058332035,0
33.21666666666667,13.682628751448895,2.5601618634167833e-06,440.23048257671695,0
33.233333333333334,13.701649509132372,2.511645093207159e-06,440.13348057693577,0
33.25,13.720666077224838,2.4640496136345487e-06,440.0364998312897,0
33.266666666666666,13.739678456617728,2.4173578902942087e-06,439.9395403371731,0
33.28333333333333,13.758686648202833,2.371552723376781e-06,439.84260209194576,0
33.3,13.777690652872286,2.326617241263798e-06,439.7456850929334,0
33.31666666666667,13.796690471518566,2.2825348942462743e-06,439.64878933742807,0
33.333333333333336,13.815686105034478,2.23928944836393e-06,439.551914822689,0
33.35,13.834677554313139,2.1968649793628043e-06,439.455061545943,0
33.36666666666667,13.853664820247984,2.1552458667688296e-06,439.35822950438506,0
33.38333333333333,13.872647903732746,2.1144167880753876e-06,439.2614186951791,0
33.4,13.891626805661458,2.0743627130423205e-06,439.1646291154579,0
33.416666666666664,13.910601526928426,2.0350688981045254e-06,439.06786076232464,0
33.43333333333333,13.929572068428238,1.996520880887849e-06,438.9711136328525,0
33.45,13.94853843105575,1.958704474830287e-06,438.87438772408547,0
33.46666666666667,13.967500615706077,1.921605763906424e-06,438.77768303303924,0
33.483333333333334,13.986458623274583,1.8852110974531869e-06,438.68099955670084,0
33.5,14.00541245465688,1.8495070850948787e-06,438.5843372920302,0
33.516666666666666,14.024362110748818,1.8144805917655663e-06,438.48769623595973,0
33.53333333333333,14.043307592446466,1.7801187328270683e-06,438.3910763853953,0
33.55,14.062248900646116,1.7464088692806097e-06,438.29447773721665,0
33.56666666666667,14.081186036244285,1.7133386030702757e-06,438.1979002882775,0
33.583333333333336,14.100119000137681,1.68089577247667e-06,438.10134403540627,0
33.6,14.119047793223226,1.6490684475988775e-06,438.00480897540706,0
33.61666666666667,14.137972416398023,1.6178449259231145e-06,437.9082951050588,0
33.63333333333333,14.156892870559362,1.5872137279763685e-06,437.81180242111697,0
33.65,14.175809156604725,1.5571635930634056e-06,437.715330920313,0
33.666666666666664,14.194721275431752,1.5276834750855311e-06,437.61888059935563,0
33.68333333333333,14.213629227938254,1.4987625384395015e-06,437.52245145493043,0
33.7,14.2325330150222,1.4703901539951232e-06,437.4260434837009,0
33.71666666666667,14.251432637581718,1.4425558951499184e-06,437.3296566823085,0
33.733333333333334,14.270328096515076,1.415249533959483e-06,437.2332910473731,0
33.75,14.28921939272069,1.3884610373419742e-06,437.13694657549325,0
33.766666666666666,14.308106527097104,1.362180563355372e-06,437.04062326324686,0
33.78333333333333,14.326989500543,1.3363984575461163e-06,436.94432110719134,0
33.8,14.345868313957178,1.3111052493676726e-06,436.8480401038641,0
33.81666666666667,14.364742968238552,1.286291648667786e-06,436.7517802497826,0
33.833333333333336,14.383613464286162,1.261948542243009e-06,436.65554154144513,0
33.85,14.402479802999142,1.2380669904592553e-06,436.5593239753309,0
33.86666666666667,14.421341985276738,1.2146382239371137e-06,436.4631275479003,0
33.88333333333333,14.440200012018282,1.1916536403006689e-06,436.36695225559544,0
33.9,14.459053884123211,1.1691048009885791e-06,436.2707980948404,0
33.916666666666664,14.477903602491041,1.1469834281262403e-06,436.17466506204164,0
33.93333333333333,14.496749168021363,1.1252814014578933e-06,436.07855315358813,0
33.95,14.515590581613855,1.1039907553374551e-06,435.98246236585163,0
33.96666666666667,14.534427844168263,1.0831036757769735e-06,435.88639269518745,0
33.983333333333334,14.5532609565844,1.0626124975516318e-06,435.7903441379341,0
34.0,14.572089919762144,1.0425097013601628e-06,435.69431669041415,0
34.016666666666666,14.590914734601425,1.022787911039643e-06,435.5983103489341,0
34.03333333333333,14.609735402002233,1.003439890833603e-06,435.5023251097849,0
34.05,14.628551922864604,9.8445854271243e-07,435.4063609692424,0
34.06666666666667,14.647364298088622,9.658369037450956e-07,435.31041792356706,0
34.083333333333336,14.666172528574402,9.475681435211427e-07,435.2144959690049,0
34.1,14.684976615222107,9.296455616220602e-07,435.1185951017869,0
34.11666666666667,14.703776558931926,9.1206258514102e-07,435.0227153181305,0
34.13333333333333,14.722572360604081,8.948127662500966e-07,434.9268566142387,0
34.15,14.74136402113881,8.778897798140267e-07,434.831018986301,0
34.166666666666664,14.760151541436377,8.612874210496571e-07,434.73520243049325,0
34.18333333333333,14.778934922397061,8.449996032301102e-07,434.6394069429782,0
34.2,14.79771416492116,8.290203554329534e-07,434.5436325199055,0
34.21666666666667,14.81648926990897,8.13343820331393e-07,434.44787915741205,0
34.233333333333334,14.8352602382608,7.979642520277345e-07,434.35214685162236,0
34.25,14.854027070876962,7.828760139282741e-07,434.2564355986487,0
34.266666666666666,14.872789768657759,7.680735766588731e-07,434.1607453945912,0
34.28333333333333,14.891548332503499,7.535515160203391e-07,434.06507623553796,0
34.3,14.910302763314474,7.393045109829657e-07,433.96942811756577,0
34.31666666666667,14.929053061990968,7.25327341719372e-07,433.8738010367398,0
34.333333333333336,14.947799229433253,7.116148876750078e-07,433.77819498911407,0
34.35,14.966541266541574,6.981621256754951e-07,433.68260997073173,0
34.36666666666667,14.985279174216162,6.849641280702043e-07,433.5870459776251,0
34.38333333333333,15.00401295335722,6.720160609112878e-07,433.49150300581573,0
34.4,15.022742604864929,6.593131821675409e-07,433.3959810513152,0
34.416666666666664,15.041468129639432,6.468508399724037e-07,433.30048011012434,0
34.43333333333333,15.060189528580844,6.346244709054333e-07,433.2050001782345,0
34.45,15.078906802589247,6.226295983066476e-07,433.10954125162704,0
34.46666666666667,15.097619952564678,6.108618306230641e-07,433.01410332627347,0
34.483333333333334,15.11632897940713,5.993168597868475e-07,432.9186863981363,0
34.5,15.13503388401656,5.879904596244459e-07,432.82329046316846,0
34.516666666666666,15.15373466729287,5.768784842961201e-07,432.7279155173137,0
34.53333333333333,15.17243133013592,5.659768667652983e-07,432.6325615565072,0
34.55,15.191123873445514,5.552816172971635e-07,432.5372285766751,0
34.56666666666667,15.209812298121399,5.447888219859355e-07,432.44191657373506,0
34.583333333333336,15.228496605063265,5.344946413102761e-07,432.34662554359625,0
34.6,15.247176795170745,5.243953087162854e-07,432.25135548215974,0
34.61666666666667,15.265852869343412,5.144871292275899e-07,432.1561063853185,0
34.63333333333333,15.284524828480768,5.047664780819379e-07,432.0608782489573,0
34.65,15.30319267348225,4.952297993938716e-07,431.9656710689533,0
34.666666666666664,15.321856405247228,4.85873604842902e-07,431.8704848411763,0
34.68333333333333,15.340516024675,4.7669447238677164e-07,431.77531956148795,0
34.7,15.35917153266479,4.6768904499925816e-07,431.6801752257431,0
34.71666666666667,15.377822930115746,4.588540294320931e-07,431.58505182978905,0
34.733333333333334,15.39647021792694,4.501861950005063e-07,431.48994936946644,0
34.75,15.41511339699736,4.416823723919787e-07,431.3948678406085,0
34.766666666666666,15.433752468225917,4.333394524977061e-07,431.2998072390421,0
34.78333333333333,15.452387432511433,4.2515438526639873e-07,431.20476756058713,0
34.8,15.471018290752648,4.171241785799382e-07,431.10974880105704,0
34.81666666666667,15.48964504384821,4.0924589715049645e-07,431.0147509562591,0
34.833333333333336,15.508267692696682,4.015166614387253e-07,430.9197740219939,0
34.85,15.526886238196534,3.9393364659257025e-07,430.8248179940564,0
34.86666666666667,15.545500681246137,3.8649408140633255e-07,430.72988286823505,0
34.88333333333333,15.564111022743775,3.7919524729961797e-07,430.63496864031265,0
34.9,15.582717263587632,3.7203447731575066e-07,430.54007530606617,0
34.916666666666664,15.60131940467579,3.6500915513929734e-07,430.445202861267,0
34.93333333333333,15.619917446906232,3.581167141323475e-07,430.3503513016807,0
34.95,15.638511391176838,3.5135463638917253e-07,430.2555206230678,0
34.96666666666667,15.657101238385387,3.4472045180891903e-07,430.16071082118305,0
34.983333333333334,15.675686989429554,3.3821173718598907e-07,430.0659218917763,0
35.0,15.694268645206899,3.3182611531778073e-07,429.97115383059224,0
35.016666666666666,15.712846206614874,3.2556125412943903e-07,429.8764066333704,0
35.03333333333333,15.731419674550832,3.194148658153016e-07,429.78168029584543,0
35.05,15.749989049912008,3.1338470599672075e-07,429.6869748137473,0
35.06666666666667,15.768554333595516,3.074685728959476e-07,429.59229018280126,0
35.083333333333336,15.787115526498363,3.0166430652576803e-07,429.4976263987278,0
35.1,15.805672629517446,2.95969787894584e-07,429.402983457243,0
35.11666666666667,15.824225643549527,2.903829382266664e-07,429.30836135405855,0
35.13333333333333,15.84277456949127,2.8490171819726815e-07,429.21376008488176,0
35.15,15.861319408239202,2.795241271823178e-07,429.1191796454158,0
35.166666666666664,15.879860160689734,2.7424820252241514e-07,429.0246200313596,0
35.18333333333333,15.89839682773916,2.690720188008706e-07,428.93008123840787,0
35.2,15.916929410283636,2.639936871354901e-07,428.83556326225175,0
35.21666666666667,15.93545790921921,2.590113544838732e-07,428.7410660985782,0
35.233333333333334,15.953982325441787,2.541232029619437e-07,428.64658974307054,0
35.25,15.972502659847162,2.493274491754755e-07,428.55213419140813,0
35.266666666666666,15.991018913330986,2.4462234356435016e-07,428.457699439267,0
35.28333333333333,16.009531086788783,2.400061697593213e-07,428.3632854823195,0
35.3,16.028039181115943,2.354772439510282e-07,428.2688923162344,0
35.31666666666667,16.046543197207733,2.31033914271035e-07,428.1745199366772,0
35.333333333333336,16.065043135959282,2.2667456018467007e-07,428.08016833931003,0
35.35,16.083538998265578,2.2239759189542643e-07,427.98583751979174,0
35.36666666666667,16.102030785021483,2.1820144976070957e-07,427.8915274737781,0
35.38333333333333,16.120518497121715,2.1408460371872378e-07,427.79723819692157,0
35.4,16.13900213546086,2.1004555272627177e-07,427.70296968487185,0
35.416666666666664,16.157481700933356,2.0608282420725809e-07,427.6087219332756,0
35.43333333333333,16.17595719443351,2.0219497351170938e-07,427.51449493777625,0
35.45,16.194428616855486,1.9838058338509e-07,427.4202886940149,0
35.46666666666667,16.21289596909331,1.9463826344773127e-07,427.3261031976296,0
35.483333333333334,16.231359252040853,1.9096664968416954e-07,427.23193844425566,0
35.5,16.249818466591854,1.8736440394221517e-07,427.1377944295259,0
35.516666666666666,16.268273613639902,1.8383021344155725e-07,427.04367114907063,0
35.53333333333333,16.28672469407845,1.8036279029172634e-07,426.9495685985175,0
35.55,16.305171708800785,1.7696087101924102e-07,426.85548677349163,0
35.56666666666667,16.323614658700063,1.7362321610374815e-07,426.7614256696159,0
35.583333333333336,16.342053544669287,1.7034860952300446e-07,426.6673852825108,0
35.6,16.360488367601317,1.6713585830651826e-07,426.57336560779464,0
35.61666666666667,16.37891912838886,1.6398379209768414e-07,426.47936664108335,0
35.63333333333333,16.397345827924457,1.608912627242622e-07,426.3853883779908,0
35.65,16.41576846710053,1.578571437770242e-07,426.29143081412866,0
35.666666666666664,16.43418704680932,1.54880330196429e-07,426.19749394510677,0
35.68333333333333,16.452601567942924,1.5195973786715958e-07,426.1035777665326,0
35.7,16.47101203139329,1.4909430322037885e-07,426.00968227401205,0
35.71666666666667,16.489418438052212,1.462829828435561e-07,425.9158074631488,0
35.733333333333334,16.507820788811326,1.4352475309771966e-07,425.82195332954484,0
35.75,16.526219084562108,1.4081860974199138e-07,425.72811986880055,0
35.766666666666666,16.544613326195893,1.3816356756526737e-07,425.634307076514,0
35.78333333333333,16.563003514603835,1.355586600249092e-07,425.5405149482822,0
35.8,16.581389650676954,1.330029388923062e-07,425.44674347970005,0
35.81666666666667,16.599771735306096,1.3049547390518464e-07,425.35299266636105,0
35.833333333333336,16.618149769381954,1.2803535242653067e-07,425.25926250385703,0
35.85,16.63652375379507,1.2562167911000437e-07,425.1655529877783,0
35.86666666666667,16.65489368943581,1.2325357557171425e-07,425.07186411371373,0
35.88333333333333,16.673259577194386,1.2093018006824277e-07,424.9781958772508,0
35.9,16.69162141796085,1.186506471807912e-07,424.8845482739755,0
35.916666666666664,16.70997921262509,1.1641414750533336e-07,424.7909212994725,0
35.93333333333333,16.728332962076838,1.1421986734866537e-07,424.6973149493252,0
35.95,16.74668266720565,1.1206700843023389e-07,424.6037292191155,0
35.96666666666667,16.76502832890093,1.0995478758963658e-07,424.51016410442446,0
35.983333333333334,16.78336994805191,1.0788243649968548e-07,424.41661960083155,0
36.0,16.801707525547673,1.0584920138492441e-07,424.3230957039154,0
36.016666666666666,16.820041062277117,1.0385434274550452e-07,424.2295924092533,0
36.03333333333333,16.838370559128983,1.0189713508630623e-07,424.13610971242167,0
36.05,16.85669601699185,9.997686665121243e-08,424.04264760899565,0
36.06666666666667,16.875017436754117,9.809283916243452e-08,423.9492060945493,0
36.083333333333336,16.893334819304037,9.624436756479677e-08,423.85578516465597,0
36.1,16.911648165529673,9.443077977487814e-08,423.762384814888,0
36.11666666666667,16.929957476318933,9.265141643492609e-08,423.6690050408167,0
36.13333333333333,16.948262752559554,9.09056306714484e-08,423.57564583801263,0
36.15,16.96656399513911,8.919278785839297e-08,423.48230720204543,0
36.166666666666664,16.984861204944988,8.751226538483123e-08,423.388989128484,0
36.18333333333333,17.003154382864427,8.586345242705426e-08,423.2956916128963,0
36.2,17.02144352978448,8.424574972500315e-08,423.2024146508496,0
36.21666666666667,17.039728646592042,8.265856936294791e-08,423.10915823791066,0
36.233333333333334,17.05800973417382,8.110133455433363e-08,423.0159223696452,0
36.25,17.07628679341636,7.957347943071837e-08,422.92270704161837,0
36.266666666666666,17.094559825206044,7.807444883471848e-08,422.8295122493949,0
36.28333333333333,17.11282883042907,7.660369811688927e-08,422.7363379885388,0
36.3,17.131093809971464,7.516069293646907e-08,422.64318425461346,0
36.31666666666667,17.149354764719085,7.37449090659026e-08,422.55005104318155,0
36.333333333333336,17.167611695557618,7.235583219908566e-08,422.4569383498055,0
36.35,17.185864603372565,7.099295776324784e-08,422.36384617004705,0
36.36666666666667,17.20411348904927,6.965579073441129e-08,422.27077449946773,0
36.38333333333333,17.222358353472888,6.834384545635504e-08,422.1777233336284,0
36.4,17.240599197528404,6.70566454630193e-08,422.0846926680894,0
36.416666666666664,17.25883602210064,6.579372330428159e-08,421.99168249841097,0
36.43333333333333,17.277068828074217,6.455462037504387e-08,421.8986928201526,0
36.45,17.29529761633361,6.333888674756521e-08,421.80572362887375,0
36.46666666666667,17.3135223877631,6.214608100697985e-08,421.7127749201334,0
36.483333333333334,17.331743143246797,6.097577008993828e-08,421.61984668949043,0
36.5,17.349959883668625,5.982752912631322e-08,421.5269389325031,0
36.516666666666666,17.368172609912346,5.870094128391317e-08,421.4340516447296,0
36.53333333333333,17.38638132286154,5.759559761614216e-08,421.3411848217278,0
36.55,17.404586023399606,5.651109691255487e-08,421.2483384590555,0
36.56666666666667,17.422786712409764,5.544704555224885e-08,421.15551255227024,0
36.583333333333336,17.44098339077506,5.440305736003941e-08,421.0627070969293,0
36.6,17.459176059378365,5.337875346536691e-08,420.9699220885897,0
36.61666666666667,17.477364719102372,5.2373762163881824e-08,420.87715752280883,0
36.63333333333333,17.495549370829593,5.1387718781658725e-08,420.78441339514336,0
36.65,17.513730015442352,5.0420265541986974e-08,420.69168970115004,0
36.666666666666664,17.531906653822812,4.947105143469148e-08,420.59898643638576,0
36.68333333333333,17.550079286852935,4.853973208793257e-08,420.50630359640724,0
36.7,17.568247915414524,4.7625969642441826e-08,420.4136411767709,0
36.71666666666667,17.586412540389194,4.6729432628142163e-08,420.3209991730336,0
36.733333333333334,17.604573162658376,4.584979584311311e-08,420.2283775807519,0
36.75,17.62272978310332,4.498674023484997e-08,420.13577639548214,0
36.766666666666666,17.64088240260511,4.413995278377964e-08,420.04319561278123,0
36.78333333333333,17.65903102204464,4.3309126388984695e-08,419.95063522820584,0
36.8,17.677175642302615,4.2493959756097846e-08,419.8580952373127,0
36.81666666666667,17.695316264259564,4.169415728732323e-08,419.7655756356584,0
36.833333333333336,17.71345288879585,4.090942897354443e-08,419.67307641880024,0
36.85,17.73158551679163,4.013949028848063e-08,419.5805975822949,0
36.86666666666667,17.7497141491269,3.938406208484978e-08,419.4881391216997,0
36.88333333333333,17.76783878668146,3.864287049250373e-08,419.3957010325717,0
36.9,17.785959430334938,3.791564681849449e-08,419.30328331046843,0
36.916666666666664,17.804076080928674,3.720212744903736e-08,419.21088595368155,0
36.93333333333333,17.822188739380717,3.650205375415823e-08,419.1185089549857,0
36.95,17.840297406570137,3.58151719909699e-08,419.0261523099399,0
36.96666666666667,17.85840208337581,3.514123321327812e-08,418.93381601410306,0
36.983333333333334,17.876502770676446,3.447999318022809e-08,418.8415000630343,0
37.0,17.894599469350553,3.383121226716115e-08,418.7492044522931,0
37.016666666666666,17.91269218027647,3.319465537820766e-08,418.6569291774391,0
37.03333333333333,17.93078090433234,3.25700918605491e-08,418.56467423403245,0
37.05,17.948865642396147,3.195729542030559e-08,418.47243961763303,0
37.06666666666667,17.96694639534567,3.1356044040019574e-08,418.3802253238014,0
37.083333333333336,17.985023164058514,3.0766119897705403e-08,418.2880313480983,0
37.1,18.003095949412085,3.01873092874336e-08,418.1958576860847,0
37.11666666666667,18.02116475228363,2.9619402541421267e-08,418.10370433332196,0
37.13333333333333,18.0392295735502,2.9062193953599192e-08,418.01157128537164,0
37.15,18.05729041408866,2.851548170463049e-08,417.91945853779583,0
37.166666666666664,18.075347274775694,2.7979067788348427e-08,417.82736608615664,0
37.18333333333333,18.093400156487796,2.745275793959032e-08,417.735293926017,0
37.2,18.11144906010129,2.6936361563400064e-08,417.64324205293974,0
37.21666666666667,18.129493986492296,2.6429691665571785e-08,417.5512104624883,0
37.233333333333334,18.147534936536772,2.5932564784511184e-08,417.45919915022654,0
37.25,18.16557191111047,2.5444800924388565e-08,417.3672081117186,0
37.266666666666666,18.18360491108897,2.496622348955844e-08,417.275237342529,0
37.28333333333333,18.201633937347662,2.4496659220222897e-08,417.1832868382227,0
37.3,18.21965899076176,2.403593812931448e-08,417.09135659436527,0
37.31666666666667,18.237680072206278,2.3583893440575023e-08,416.99944660652244,0
37.333333333333336,18.25569718255605,2.3140361527808772e-08,416.9075568702606,0
37.35,18.273710322685737,2.27051818552861e-08,416.8156873811465,0
37.36666666666667,18.291719493469802,2.227819691927744e-08,416.72383813474727,0
37.38333333333333,18.30972469578252,2.1859252190694898e-08,416.63200912663063,0
37.4,18.327725930497987,2.1448196058820867e-08,416.5402003523647,0
37.416666666666664,18.345723198490113,2.1044879776103168e-08,416.44841180751814,0
37.43333333333333,18.36371650063263,2.0649157403996178e-08,416.3566434876601,0
37.45,18.381705837799068,2.0260885759828442e-08,416.2648953883602,0
37.46666666666667,18.399691210862777,1.9879924364676608e-08,416.17316750518864,0
37.483333333333334,18.417672620696933,1.950613539222762e-08,416.08145983371605,0
37.5,18.43565006817451,1.9139383618609377e-08,415.9897723695135,0
37.516666666666666,18.453623554168306,1.8779536373172224e-08,415.898105108153,0
37.53333333333333,18.471593079550928,1.8426463490202393e-08,415.8064580452068,0
37.55,18.489558645194794,1.8080037261550932e-08,415.71483117624757,0
37.56666666666667,18.50752025197214,1.7740132390159834e-08,415.6232244968488,0
37.583333333333336,18.525477900755018,1.7406625944467595e-08,415.53163800258443,0
37.6,18.543431592415295,1.707939731368029e-08,415.44007168902897,0
37.61666666666667,18.561381327824645,1.6758328163888572e-08,415.34852555175763,0
37.63333333333333,18.579327107854557,1.6443302395015778e-08,415.256999586346,0
37.65,18.597268933376327,1.6134206098582247e-08,415.1654937883703,0
37.666666666666664,18.61520680526108,1.5830927516269177e-08,415.0740081534076,0
37.68333333333333,18.633140724379746,1.553335699926755e-08,414.98254267703527,0
37.7,18.651070691603067,1.5241386968396137e-08,414.8910973548315,0
37.71666666666667,18.668996707801607,1.4954911874976007e-08,414.799672182375,0
37.733333333333334,18.686918773845722,1.4673828162444636e-08,414.708267155245,0
37.75,18.704836890605602,1.4398034228698049e-08,414.61688226902163,0
37.766666666666666,18.722751058951246,1.4127430389145588e-08,414.5255175192855,0
37.78333333333333,18.740661279752455,1.3861918840463837e-08,414.4341729016178,0
37.8,18.75856755387886,1.3601403625037899e-08,414.3428484116004,0
37.81666666666667,18.77646988219989,1.3345790596074532e-08,414.25154404481594,0
37.833333333333336,18.794368265584797,1.3094987383377275e-08,414.1602597968477,0
37.85,18.812262704902633,1.2848903359768318e-08,414.0689956632794,0
37.86666666666667,18.830153201022277,1.2607449608147063e-08,413.97775163969555,0
37.88333333333333,18.84803975481242,1.237053888917121e-08,413.88652772168155,0
37.9,18.865922367141557,1.2138085609550976e-08,413.7953239048233,0
37.916666666666664,18.883801038878005,1.19100057909424e-08,413.7041401847073,0
37.93333333333333,18.90167577088988,1.1686217039429806e-08,413.6129765569209,0
37.95,18.91954656404512,1.1466638515586316e-08,413.521833017052,0
37.96666666666667,18.937413419211484,1.1251190905100368e-08,413.43070956068937,0
37.983333333333334,18.955276337256524,1.1039796389958904e-08,413.33960618342235,0
38.0,18.97313531904762,1.0832378620175384e-08,413.2485228808409,0
38.016666666666666,18.99099036545196,1.0628862686053136e-08,413.157459648536,0
38.03333333333333,19.00884147733654,1.0429175090973625e-08,413.06641648209916,0
38.05,19.026688655568176,1.0233243724699585e-08,412.9753933771225,0
38.06666666666667,19.044531901013496,1.0040997837183598e-08,412.88439032919905,0
38.083333333333336,19.062371214538935,9.852368012871975e-09,412.79340733392246,0
38.1,19.08020659701074,9.667286145495137e-09,412.70244438688724,0
38.11666666666667,19.09803804929497,9.485685413334718e-09,412.6115014836884,0
38.13333333333333,19.115865572257512,9.30750025495919e-09,412.52057861992205,0
38.15,19.133689166764047,9.132666345417906e-09,412.4296757911847,0
38.166666666666664,19.151508833680072,8.961120572886029e-09,412.33879299307387,0
38.18333333333333,19.169324573870906,8.79280101575122e-09,412.2479302211876,0
38.2,19.18713638820167,8.627646920133599e-09,412.15708747112467,0
38.21666666666667,19.204944277537294,8.465598677831377e-09,412.0662647384851,0
38.233333333333334,19.222748242742536,8.306597804683265e-09,411.97546201886905,0
38.25,19.24054828468195,8.150586919340575e-09,411.8846793078779,0
38.266666666666666,19.258344404219915,7.997509722440627e-09,411.79391660111344,0
38.28333333333333,19.276136602220614,7.847310976174143e-09,411.7031738941785,0
38.3,19.293924879548047,7.699936484239335e-09,411.61245118267675,0
38.31666666666667,19.311709237066022,7.555333072174753e-09,411.5217484622123,0
38.333333333333336,19.329489675638168,7.413448568064557e-09,411.43106572839025,0
38.35,19.347266196127915,7.274231783608135e-09,411.3404029768167,0
38.36666666666667,19.365038799398512,7.137632495548457e-09,411.249760203098,0
38.38333333333333,19.382807486313016,7.003601427451044e-09,411.15913740284185,0
38.4,19.400572257734304,6.872090231827816e-09,411.06853457165636,0
38.416666666666664,19.418333114525055,6.74305147259891e-09,410.9779517051507,0
38.43333333333333,19.43609005754777,6.61643860788616e-09,410.8873887989346,0
38.45,19.45384308766475,6.49220597313188e-09,410.7968458486189,0
38.46666666666667,19.471592205738123,6.370308764536871e-09,410.7063228498148,0
38.483333333333334,19.489337412629823,6.250703022811734e-09,410.6158197981348,0
38.5,19.507078709201586,6.133345617235133e-09,410.5253366891918,0
38.516666666666666,19.52481609631498,6.018194230013583e-09,410.4348735186,0
38.53333333333333,19.542549574831362,5.905207340937028e-09,410.34443028197376,0
38.55,19.560279145611933,5.794344212324422e-09,410.2540069749288,0
38.56666666666667,19.578004809517676,5.685564874253835e-09,410.16360359308146,0
38.583333333333336,19.59572656740939,5.578830110071927e-09,410.07322013204885,0
38.6,19.61344442014771,5.474101442177232e-09,409.982856587449,0
38.61666666666667,19.631158368593063,5.3713411180722024e-09,409.89251295490095,0
38.63333333333333,19.648868413605683,5.270512096678967e-09,409.8021892300242,0
38.65,19.666574556045635,5.171578034913644e-09,409.71188540843923,0
38.666666666666664,19.68427679677279,5.074503274514482e-09,409.6216014857673,0
38.68333333333333,19.701975136646816,4.9792528291189345e-09,409.5313374576308,0
38.7,19.719669576527213,4.885792371584992e-09,409.4410933196527,0
38.71666666666667,19.73736011727329,4.794088221552014e-09,409.3508690674567,0
38.733333333333334,19.755046759744165,4.704107333236921e-09,409.2606646966677,0
38.75,19.77272950479876,4.615817283460687e-09,409.1704802029111,0
38.766666666666666,19.790408353295827,4.529186259901288e-09,409.08031558181324,0
38.78333333333333,19.808083306093913,4.444183049568657e-09,408.99017082900144,0
38.8,19.825754364051384,4.360777027497291e-09,408.90004594010395,0
38.81666666666667,19.843421528026422,4.2789381456525884e-09,408.8099409107495,0
38.833333333333336,19.86108479887702,4.198636922046808e-09,408.719855736568,0
38.85,19.878744177460984,4.119844430060665e-09,408.6297904131901,0
38.86666666666667,19.896399664635933,4.042532287966658e-09,408.53974493624725,0
38.88333333333333,19.91405126125929,3.9666726486504084e-09,408.4497193013718,0
38.9,19.931698968188293,3.8922381895260505e-09,408.3597135041971,0
38.916666666666664,19.949342786280013,3.819202102642278e-09,408.26972754035717,0
38.93333333333333,19.966982716391296,3.7475380849752864e-09,408.1797614054869,0
38.95,19.984618759378836,3.6772203289049517e-09,408.08981509522226,0
38.96666666666667,20.002250916099122,3.6082235128711086e-09,407.9998886052,0
38.983333333333334,20.019879187408456,3.540522792206157e-09,407.9099819310575,0
39.0,20.037503574162955,3.4740937901409835e-09,407.8200950684333,0
39.016666666666666,20.055124077218547,3.4089125889806183e-09,407.7302280129666,0
39.03333333333333,20.07274069743098,3.344955721446676e-09,407.6403807602977,0
39.05,20.0903534356558,3.282200162183301e-09,407.55055330606757,0
39.06666666666667,20.107962292748386,3.220623319423429e-09,407.46074564591817,0
39.083333333333336,20.12556726956391,3.160203026812595e-09,407.37095777549234,0
39.1,20.143168366957365,3.100917535387055e-09,407.2811896904338,0
39.11666666666667,20.16076558578356,3.042745505703413e-09,407.19144138638694,0
39.13333333333333,20.178358926897115,2.9856660001168894e-09,407.1017128589974,0
39.15,20.195948391152456,2.9296584752054228e-09,407.0120041039115,0
39.166666666666664,20.213533979403827,2.8747027743367795e-09,406.92231511677636,0
39.18333333333333,20.231115692505288,2.8207791203760012e-09,406.8326458932401,0
39.2,20.24869353131071,2.7678681085306745e-09,406.74299642895164,0
39.21666666666667,20.26626749667377,2.7159506993311473e-09,406.6533667195609,0
39.233333333333334,20.28383758944797,2.665008211743345e-09,406.5637567607186,0
39.25,20.301403810486615,2.6150223164116334e-09,406.4741665480764,0
39.266666666666666,20.318966160642827,2.5659750290292393e-09,406.384596077287,0
39.28333333333333,20.336524640769536,2.5178487038337852e-09,406.2950453440036,0
39.3,20.354079251719497,2.470626027225729e-09,406.20551434388057,0
39.31666666666667,20.371629994345263,2.4242900115071205e-09,406.1160030725732,0
39.333333333333336,20.389176869499202,2.3788239887387167e-09,406.0265115257375,0
39.35,20.406719878033513,2.334211604712935e-09,405.9370396990306,0
39.36666666666667,20.424259020800193,2.29043681304062e-09,405.84758758811023,0
39.38333333333333,20.441794298651047,2.2474838693494074e-09,405.7581551886352,0
39.4,20.459325712437707,2.2053373255916804e-09,405.6687424962654,0
39.416666666666664,20.476853263011606,2.163982024459768e-09,405.5793495066611,0
39.43333333333333,20.494376951224005,2.1234030939067606e-09,405.489976215484,0
39.45,20.511896777925962,2.08358594177062e-09,405.40062261839637,0
39.46666666666667,20.529412743968358,2.0445162504997494e-09,405.3112887110616,0
39.483333333333334,20.546924850201876,2.0061799719781874e-09,405.2219744891438,0
39.5,20.564433097477032,1.9685633224483065e-09,405.1326799483081,0
39.516666666666666,20.581937486644144,1.9316527775295122e-09,405.0434050842205,0
39.53333333333333,20.599438018553336,1.895435067330769e-09,404.9541498925479,0
39.55,20.616934694054557,1.8598971716554682e-09,404.86491436895807,0
39.56666666666667,20.63442751399756,1.8250263152967565e-09,404.77569850911965,0
39.583333333333336,20.651916479231925,1.7908099634215697e-09,404.68650230870236,0
39.6,20.66940159060703,1.7572358170418363e-09,404.5973257633766,0
39.61666666666667,20.686882848972072,1.724291808571116e-09,404.5081688688139,0
39.63333333333333,20.704360255176073,1.691966097465032e-09,404.4190316206866,0
39.65,20.721833810067857,1.660247065944001e-09,404.32991401466785,0
39.666666666666664,20.73930351449606,1.629123314796624e-09,404.2408160464318,0
39.68333333333333,20.75676936930913,1.5985836592622585e-09,404.1517377116536,0
39.7,20.774231375355342,1.5686171249912919e-09,404.06267900600903,0
39.71666666666667,20.791689533482774,1.539212944081575e-09,403.97363992517523,0
39.733333333333334,20.80914384453932,1.5103605511896502e-09,403.88462046482977,0
39.75,20.82659430937268,1.4820495797153354e-09,403.79562062065133,0
39.766666666666666,20.844040928830385,1.4542698580582648e-09,403.7066403883197,0
39.78333333333333,20.86148370375977,1.4270114059450735e-09,403.61767976351535,0
39.8,20.878922635007974,1.4002644308257948e-09,403.5287387419197,0
39.81666666666667,20.896357723421964,1.3740193243382735e-09,403.4398173192151,0
39.833333333333336,20.913788969848525,1.348266658839279e-09,403.35091549108483,0
39.85,20.931216375134237,1.3229971840009654e-09,403.2620332532129,0
39.86666666666667,20.948639940125513,1.2982018234716044e-09,403.1731706012847,0
39.88333333333333,20.966059665668563,1.273871671599225e-09,403.08432753098606,0
39.9,20.98347555260943,1.249997990217097e-09,402.9955040380039,0
39.916666666666664,21.000887601793956,1.2265722054898095e-09,402.906700118026,0
39.93333333333333,21.0182958140678,1.203585904818792e-09,402.81791576674135,0
39.95,21.035700190276437,1.1810308338062428e-09,402.7291509798394,0
39.96666666666667,21.053100731265157,1.158898893276272e-09,402.64040575301095,0
39.983333333333334,21.070497437879062,1.13718213635221e-09,402.5516800819473,0
40.0,21.087890310963072,1.115872765589059e-09,402.4629739623411,0
40.016666666666666,21.10527935136192,1.0949631301599565e-09,402.37428738988547,0
40.03333333333333,21.122664559920143,1.0744457230957368e-09,402.2856203602749,0
40.05,21.14004593748211,1.054313178576502e-09,402.19697286920433,0
40.06666666666667,21.157423484891986,1.0345582692742656e-09,402.1083449123701,0
40.083333333333336,21.17479720299377,1.015173903745713e-09,402.0197364854691,0
40.1,21.19216709263126,9.961531238740772e-10,401.9311475841992,0
40.11666666666667,21.209533154648074,9.774891023592569e-10,401.84257820425944,0
40.13333333333333,21.22689538988765,9.591751402552506e-10,401.75402834134957,0
40.15,21.244253799193228,9.41204664554023e-10,401.66549799117024,0
40.166666666666664,21.26160838340787,9.235712258148827e-10,401.5769871494231,0
40.18333333333333,21.278959143374458,9.06268495838556e-10,401.48849581181076,0
40.2,21.296306079935675,8.892902653851267e-10,401.40002397403657,0
40.21666666666667,21.313649193934033,8.726304419349486e-10,401.31157163180495,0
40.233333333333334,21.330988486211844,8.562830474918062e-10,401.22313878082133,0
40.25,21.348323957611246,8.402422164274114e-10,401.1347254167919,0
40.266666666666666,21.36565560897419,8.2450219336661e-10,401.04633153542375,0
40.28333333333333,21.382983441142436,8.090573311123692e-10,400.957957132425,0
40.3,21.400307454957566,7.939020886099079e-10,400.86960220350466,0
40.31666666666667,21.417627651260972,7.790310289491901e-10,400.7812667443727,0
40.333333333333336,21.434944030893863,7.644388174050471e-10,400.69295075073995,0
40.35,21.452256594697268,7.501202195142443e-10,400.60465421831816,0
40.36666666666667,21.469565343512013,7.360700991887808e-10,400.51637714282003,0
40.38333333333333,21.486870278178763,7.222834168647273e-10,400.4281195199592,0
40.4,21.50417139953798,7.087552276859566e-10,400.33988134545024,0
40.416666666666664,21.521468708429957,6.954806797221036e-10,400.2516626150086,0
40.43333333333333,21.538762205694777,6.824550122200877e-10,400.16346332435074,0
40.45,21.556051892172363,6.696735538885672e-10,400.07528346919395,0
40.46666666666667,21.57333776870245,6.571317212147415e-10,399.98712304525634,0
40.483333333333334,21.590619836124578,6.448250168128603e-10,399.89898204825727,0
40.5,21.607898095278106,6.327490278038195e-10,399.81086047391676,0
40.516666666666666,21.625172547002204,6.208994242253157e-10,399.722758317956,0
40.53333333333333,21.64244319213587,6.092719574719357e-10,399.63467557609664,0
40.55,21.6597100315179,5.978624587646212e-10,399.54661224406186,0
40.56666666666667,21.676973065986928,5.866668376489934e-10,399.4585683175752,0
40.583333333333336,21.69423229638138,5.756810805219324e-10,399.37054379236156,0
40.6,21.71148772353951,5.649012491859307e-10,399.28253866414644,0
40.61666666666667,21.72873934829938,5.543234794306693e-10,399.19455292865655,0
40.63333333333333,21.74598717149889,5.439439796413145e-10,399.10658658161947,0
40.65,21.76323119397572,5.337590294330163e-10,399.01863961876325,0
40.666666666666664,21.780471416567398,5.237649783111432e-10,398.93071203581763,0
40.68333333333333,21.79770784011124,5.139582443567299e-10,398.84280382851273,0
40.7,21.814940465444405,5.043353129366933e-10,398.75491499257976,0
40.71666666666667,21.83216929340384,4.948927354383443e-10,398.66704552375086,0
40.733333333333334,21.849394324826342,4.856271280277104e-10,398.5791954177591,0
40.75,21.866615560548485,4.765351704312666e-10,398.4913646703385,0
40.766666666666666,21.883833001406686,4.676136047405891e-10,398.403553277224,0
40.78333333333333,21.901046648237163,4.5885923423953027e-10,398.31576123415124,0
40.8,21.918256501875966,4.502689222534692e-10,398.2279885368572,0
40.81666666666667,21.93546256315894,4.4183959102023193e-10,398.14023518107945,0
40.833333333333336,21.952664832921766,4.335682205822772e-10,398.0525011625566,0
40.85,21.96986331199993,4.2545184769973767e-10,397.9647864770284,0
40.86666666666667,21.98705800122874,4.1748756478392665e-10,397.877091120235,0
40.88333333333333,22.004248901443308,4.096725188509166e-10,397.78941508791803,0
40.9,22.02143601347858,4.020039104948392e-10,397.70175837581974,0
40.916666666666664,22.03861933816931,3.9447899288048863e-10,397.6141209796834,0
40.93333333333333,22.05579887635005,3.870950707549087e-10,397.52650289525315,0
40.95,22.0729746288552,3.7984949947758616e-10,397.4389041182742,0
40.96666666666667,22.090146596518952,3.7273968406889277e-10,397.3513246444925,0
40.983333333333334,22.107314780175333,3.657630782764453e-10,397.2637644696549,0
41.0,22.124479180658174,3.589171836590369e-10,397.17622358950945,0
41.016666666666666,22.14163979880113,3.521995486878219e-10,397.08870199980487,0
41.03333333333333,22.15879663543766,3.4560776786440557e-10,397.0011996962909,0
41.05,22.17594969140105,3.3913948085554354e-10,396.9137166747182,0
41.06666666666667,22.193098967524403,3.3279237164412606e-10,396.8262529308384,0
41.083333333333336,22.210244464640635,3.265641676961415e-10,396.738808460404,0
41.1,22.22738618358248,3.2045263914331607e-10,396.6513832591684,0
41.11666666666667,22.244524125182483,3.1445559798114423e-10,396.56397732288605,0
41.13333333333333,22.261658290273015,3.085708972820024e-10,396.4765906473122,0
41.15,22.27878867968625,3.0279643042308267e-10,396.38922322820315,0
41.166666666666664,22.295915294254204,2.97130130328845e-10,396.3018750613158,0
41.18333333333333,22.313038134808682,2.9156996872773876e-10,396.2145461424085,0
41.2,22.330157202181322,2.861139554228937e-10,396.12723646724004,0
41.21666666666667,22.347272497203573,2.8076013757655615e-10,396.0399460315704,0
41.233333333333334,22.364384020706705,2.755065990079737e-10,395.9526748311606,0
41.25,22.381491773521795,2.703514595044989e-10,395.8654228617722,0
41.266666666666666,22.398595756479747,2.6529287414565675e-10,395.77819011916796,0
41.28333333333333,22.415695970411285,2.603290326399198e-10,395.6909765991116,0
41.3,22.43279241614694,2.554581586739806e-10,395.60378229736756,0
41.31666666666667,22.449885094517068,2.506785092742499e-10,395.5166072097013,0
41.333333333333336,22.466974006351833,2.459883741803807e-10,395.42945133187936,0
41.35,22.484059152481223,2.4138607523056695e-10,395.34231465966906,0
41.36666666666667,22.501140533735047,2.3686996575842094e-10,395.25519718883857,0
41.38333333333333,22.518218150942918,2.3243843000118505e-10,395.16809891515715,0
41.4,22.535292004934284,2.2808988251908229e-10,395.08101983439474,0
41.416666666666664,22.552362096538392,2.2382276762559022e-10,394.99395994232253,0
41.43333333333333,22.56942842658432,2.1963555882843261e-10,394.90691923471246,0
41.45,22.586490995900952,2.1552675828108234e-10,394.8198977073375,0
41.46666666666667,22.603549805317,2.1149489624458913e-10,394.7328953559713,0
41.483333333333334,22.620604855660993,2.0753853055952214e-10,394.6459121763887,0
41.5,22.63765614776127,2.036562461278534e-10,394.5589481643653,0
41.516666666666666,22.65470368244599,1.998466544045807e-10,394.4720033156777,0
41.53333333333333,22.671747460543134,1.9610839289891597e-10,394.3850776261032,0
41.55,22.688787482880496,1.9244012468485445e-10,394.2981710914206,0
41.56666666666667,22.70582375028569,1.888405379209481e-10,394.2112837074091,0
41.583333333333336,22.72285626358615,1.8530834537910884e-10,394.12441546984894,0
41.6,22.73988502360912,1.8184228398228235e-10,394.03756637452136,0
41.61666666666667,22.75691003118167,1.784411143508053e-10,393.9507364172084,0
41.63333333333333,22.773931287130683,1.7510362035730172e-10,393.86392559369324,0
41.65,22.790948792282858,1.7182860868994774e-10,393.77713389975975,0
41.666666666666664,22.80796254746472,1.686149084239449e-10,393.69036133119295,0
41.68333333333333,22.824972553502604,1.6546137060106047e-10,393.6036078837786,0
41.7,22.841978811222667,1.6236686781706552e-10,393.51687355330347,0
41.71666666666667,22.858981321450887,1.5933029381693685e-10,393.4301583355552,0
41.733333333333334,22.87598008501305,1.5635056309766483e-10,393.34346222632234,0
41.75,22.892975102734766,1.5342661051853722e-10,393.2567852213946,0
41.766666666666666,22.909966375441474,1.5055739091874292e-10,393.1701273165622,0
41.78333333333333,22.92695390395841,1.4774187874216964e-10,393.08348850761655,0
41.8,22.94393768911064,1.4497906766925517e-10,392.99686879035,0
41.81666666666667,22.960917731723047,1.4226797025575928e-10,392.91026816055574,0
41.833333333333336,22.977894032620334,1.39607617578328e-10,392.823686614028,0
41.85,22.994866592627027,1.3699705888672142e-10,392.73712414656165,0
41.86666666666667,23.011835412567454,1.3443536126257895e-10,392.65058075395274,0
41.88333333333333,23.02880049326577,1.3192160928460068e-10,392.56405643199827,0
41.9,23.04576183554596,1.2945490470001712e-10,392.47755117649604,0
41.916666666666664,23.06271944023181,1.2703436610224516e-10,392.3910649832446,0
41.93333333333333,23.079673308146933,1.2465912861459468e-10,392.3045978480437,0
41.95,23.096623440114765,1.2232834357992414e-10,392.2181497666941,0
41.96666666666667,23.113569836958543,1.2004117825612914e-10,392.13172073499715,0
41.983333333333334,23.130512499501346,1.1779681551735474e-10,392.04531074875524,0
42.0,23.14745142856605,1.1559445356082368e-10,391.9589198037718,0
42.016666666666666,23.164386624975368,1.1343330561917486e-10,391.87254789585114,0
42.03333333333333,23.181318089551823,1.1131259967820908e-10,391.78619502079835,0
42.05,23.19824582311776,1.0923157819993856e-10,391.69986117441977,0
42.06666666666667,23.21516982649533,1.0718949785084226e-10,391.61354635252223,0
42.083333333333336,23.232090100506525,1.0518562923522932e-10,391.5272505509137,0
42.1,23.24900664597314,1.0321925663360847e-10,391.4409737654031,0
42.11666666666667,23.265919463716788,1.012896777459844e-10,391.35471599180016,0
42.13333333333333,23.28282855455891,9.93962034399661e-11,391.26847722591566,0
42.15,23.299733919320765,9.753815750361693e-11,391.18225746356126,0
42.166666666666664,23.316635558823428,9.571487640294711e-11,391.0960567005495,0
42.18333333333333,23.333533473887787,9.392570904396079e-11,391.0098749326938,0
42.2,23.35042766533456,9.217001653917841e-11,390.9237121558087,0
42.21666666666667,23.367318133984284,9.044717197854218e-11,390.8375683657093,0
42.233333333333334,23.384204880657304,8.875656020462868e-11,390.75144355821203,0
42.25,23.40108790617379,8.709757759208583e-11,390.6653377291339,0
42.266666666666666,23.41796721135374,8.546963183120935e-11,390.5792508742931,0
42.28333333333333,23.434842797016955,8.38721417155914e-11,390.49318298950857,0
42.3,23.451714663983076,8.230453693375623e-11,390.40713407060025,0
42.31666666666667,23.468582813071542,8.076625786470743e-11,390.3211041133889,0
42.333333333333336,23.48544724510162,7.925675537732259e-11,390.2350931136964,0
42.35,23.50230796089241,7.77754906335113e-11,390.1491010673452,0
42.36666666666667,23.519164961262803,7.632193489507351e-11,390.0631279701592,0
42.38333333333333,23.53601824703154,7.489556933418628e-11,389.9771738179626,0
42.4,23.55286781901716,7.349588484744908e-11,389.891238606581,0
42.416666666666664,23.569713678038024,7.212238187342399e-11,389.8053223318406,0
42.43333333333333,23.586555824912327,7.077457021360224e-11,389.7194249895688,0
42.45,23.603394260458074,6.945196885673414e-11,389.6335465755937,0
42.46666666666667,23.62022898549309,6.815410580645836e-11,389.5476870857443,0
42.483333333333334,23.637060000835007,6.688051791216854e-11,389.4618465158508,0
42.5,23.6538873073013,6.563075070305962e-11,389.376024861744,0
42.516666666666666,23.67071090570926,6.440435822528555e-11,389.2902221192557,0
42.53333333333333,23.687530796875983,6.320090288218121e-11,389.2044382842187,0
42.55,23.7043469816184,6.201995527748097e-11,389.11867335246677,0
42.56666666666667,23.721159460753245,6.086109406148518e-11,389.0329273198344,0
42.583333333333336,23.737968235097092,5.972390578011274e-11,388.9472001821571,0
42.6,23.754773305466326,5.860798472679015e-11,388.8614919352712,0
42.61666666666667,23.771574672677147,5.7512932797122184e-11,388.7758025750144,0
42.63333333333333,23.788372337545585,5.643835934629052e-11,388.69013209722453,0
42.65,23.80516630088748,5.538388104913162e-11,388.6044804977409,0
42.666666666666664,23.8219565635185,5.4349121762841104e-11,388.51884777240366,0
42.68333333333333,23.838743126254133,5.3333712392256816e-11,388.4332339170537,0
42.7,23.855525989909683,5.233729075767137e-11,388.34763892753307,0
42.71666666666667,23.872305155300275,5.135950146512619e-11,388.2620627996845,0
42.733333333333334,23.88908062324086,5.0399995779143655e-11,388.17650552935174,0
42.75,23.905852394546205,4.945843149784406e-11,388.0909671123794,0
42.766666666666666,23.922620470030896,4.853447283041219e-11,388.00544754461305,0
42.78333333333333,23.939384850509335,4.762779027686145e-11,387.9199468218993,0
42.8,23.95614553679576,4.673806051005705e-11,387.8344649400856,0
42.81666666666667,23.972902529704214,4.586496625995295e-11,387.74900189501994,0
42.833333333333336,23.989655830048576,4.500819620000324e-11,387.6635576825518,0
42.85,24.00640543864253,4.416744483570569e-11,387.5781322985313,0
42.86666666666667,24.02315135629959,4.3342412395236453e-11,387.4927257388093,0
42.88333333333333,24.039893583833088,4.253280472214046e-11,387.40733799923805,0
42.9,24.05663212205618,4.173833317003372e-11,387.3219690756702,0
42.916666666666664,24.073366971781834,4.095871449928335e-11,387.23661896395964,0
42.93333333333333,24.09009813382285,4.019367077562849e-11,387.15128765996104,0
42.95,24.10682560899184,3.944292927070046e-11,387.06597515953007,0
42.96666666666667,24.123549398101243,3.870622236441462e-11,386.9806814585232,0
42.983333333333334,24.14026950196331,3.798328744919138e-11,386.8954065527977,0
43.0,24.156985921390127,3.727386683597655e-11,386.8101504382122,0
43.016666666666666,24.17369865719359,3.657770766202417e-11,386.72491311062583,0
43.03333333333333,24.190407710185426,3.5894561800412196e-11,386.6396945658989,0
43.05,24.207113081177173,3.5224185771254176e-11,386.5544947998922,0
43.06666666666667,24.22381477098019,3.456634065457946e-11,386.469313808468,0
43.083333333333336,24.24051278040567,3.3920792004846874e-11,386.38415158748893,0
43.1,24.257207110264616,3.3287309767063555e-11,386.2990081328191,0
43.11666666666667,24.273897761367845,3.2665668194478074e-11,386.2138834403231,0
43.13333333333333,24.290584734526025,3.205564576781745e-11,386.1287775058664,0
43.15,24.307268030549608,3.1457025116040666e-11,386.0436903253159,0
43.166666666666664,24.323947650248886,3.086959293857864e-11,385.95862189453874,0
43.18333333333333,24.34062359443398,3.029313992903403e-11,385.8735722094033,0
43.2,24.357295863914825,2.972746070031168e-11,385.7885412657791,0
43.21666666666667,24.37396445950117,2.917235371115579e-11,385.70352905953615,0
43.233333333333334,24.390629382002594,2.8627621194063543e-11,385.61853558654553,0
43.25,24.4072906322285,2.8093069084553166e-11,385.5335608426794,0
43.266666666666666,24.423948210988097,2.7568506951757375e-11,385.44860482381046,0
43.28333333333333,24.44060211909044,2.7053747930320814e-11,385.3636675258126,0
43.3,24.45725235734438,2.6548608653574013e-11,385.2787489445606,0
43.31666666666667,24.47389892655862,2.6052909187961852e-11,385.19384907593,0
43.333333333333336,24.490541827541655,2.5566472968702166e-11,385.10896791579745,0
43.35,24.50718106110182,2.508912673665081e-11,385.02410546004023,0
43.36666666666667,24.523816628047264,2.462070047635195e-11,384.9392617045368,0
43.38333333333333,24.540448529185955,2.4161027355250966e-11,384.8544366451665,0
43.4,24.5570767653257,2.3709943664046017e-11,384.7696302778095,0
43.416666666666664,24.57370133727411,2.3267288758160645e-11,384.6848425983468,0
43.43333333333333,24.590322245838614,2.283290500031274e-11,384.6000736026604,0
43.45,24.606939491826484,2.2406637704161925e-11,384.5153232866332,0
43.46666666666667,24.6235530760448,2.1988335079013247e-11,384.430591646149,0
43.483333333333334,24.64016299930047,2.1577848175558364e-11,384.3458786770925,0
43.5,24.65676926240022,2.117503083263516e-11,384.2611843753494,0
43.516666666666666,24.673371866150607,2.0779739624984748e-11,384.17650873680606,0
43.53333333333333,24.689970811357995,2.0391833811989853e-11,384.0918517573499,0
43.55,24.706566098828574,2.0011175287372895e-11,384.00721343286943,0
43.56666666666667,24.723157729368374,1.963762852983955e-11,383.92259375925363,0
43.583333333333336,24.73974570378323,1.927106055464642e-11,383.83799273239293,0
43.6,24.756330022878796,1.8911340866078226e-11,383.75341034817814,0
43.61666666666667,24.772910687460563,1.8558341410815206e-11,383.6688466025013,0
43.63333333333333,24.789487698333833,1.8211936532175944e-11,383.58430149125525,0
43.65,24.80606105630374,1.787200292521788e-11,383.4997750103338,0
43.666666666666664,24.82263076217523,1.7538419592680324e-11,383.4152671556315,0
43.68333333333333,24.83919681675309,1.7211067801752938e-11,383.330777923044,0
43.7,24.8557592208419,1.6889831041655564e-11,383.24630730846786,0
43.71666666666667,24.872317975246098,1.6574594982013446e-11,383.1618553078003,0
43.733333333333334,24.888873080769912,1.6265247432012612e-11,383.07742191693967,0
43.75,24.905424538217414,1.5961678300321817e-11,382.9930071317851,0
43.766666666666666,24.92197234839249,1.5663779555765468e-11,382.9086109482367,0
43.78333333333333,24.93851651209885,1.5371445188733963e-11,382.8242333621954,0
43.8,24.955057030140036,1.5084571173318175e-11,382.7398743695632,0
43.81666666666667,24.9715939033194,1.4803055430153205e-11,382.65553396624284,0
43.833333333333336,24.98812713244012,1.4526797789959367e-11,382.57121214813804,0
43.85,25.0046567183052,1.4255699957766418e-11,382.4869089111533,0
43.86666666666667,25.021182661717464,1.3989665477808705e-11,382.4026242511943,0
43.88333333333333,25.03770496347957,1.3728599699078574e-11,382.3183581641673,0
43.9,25.05422362439397,1.3472409741525158e-11,382.2341106459796,0
43.916666666666664,25.070738645262985,1.322100446288759e-11,382.14988169253945,0
43.93333333333333,25.08725002688871,1.2974294426149091e-11,382.065671299756,0
43.95,25.10375777007311,1.2732191867602283e-11,381.98147946353913,0
43.96666666666667,25.120261875617935,1.2494610665512051e-11,381.89730617979984,0
43.983333333333334,25.13676234432477,1.2261466309366757e-11,381.81315144444994,0
44.0,25.153259176995032,1.2032675869705444e-11,381.72901525340205,0
44.016666666666666,25.16975237442996,1.1808157968510564e-11,381.64489760256987,0
44.03333333333333,25.186241937430612,1.1587832750156151e-11,381.5607984878678,0
44.05,25.202727866797872,1.1371621852899856e-11,381.47671790521144,0
44.06666666666667,25.219210163332438,1.115944838091017e-11,381.3926558505169,0
44.083333333333336,25.235688827834846,1.095123687681745e-11,381.3086123197014,0
44.1,25.25216386110544,1.0746913294779297e-11,381.2245873086831,0
44.11666666666667,25.268635263944407,1.0546404974051253e-11,381.1405808133812,0
44.13333333333333,25.285103037151742,1.0349640613052746e-11,381.0565928297153,0
44.15,25.301567181527272,1.015655024391866e-11,380.97262335360637,0
44.166666666666664,25.318027697870647,9.967065207528535e-12,380.888672380976,0
44.18333333333333,25.33448458698133,9.781118129003211e-12,380.8047399077469,0
44.2,25.35093784965862,9.598642893660953e-12,380.7208259298426,0
44.21666666666667,25.367387486701638,9.419574623424154e-12,380.6369304431873,0
44.233333333333334,25.383833498909325,9.243849653668243e-12,380.5530534437065,0
44.25,25.400275887080447,9.071405510504318e-12,380.46919492732627,0
44.266666666666666,25.416714652013592,8.902180888487484e-12,380.38535488997377,0
44.28333333333333,25.433149794507187,8.736115628743213e-12,380.3015333275769,0
44.3,25.449581315359463,8.573150697503201e-12,380.2177302360646,0
44.31666666666667,25.46600921536848,8.413228165043687e-12,380.1339456113666,0
44.333333333333336,25.48243349533213,8.256291185018436e-12,380.0501794494137,0
44.35,25.498854156048125,8.102283974178782e-12,379.9664317461374,0
44.36666666666667,25.515271198313997,7.951151792473938e-12,379.8827024974702,0
44.38333333333333,25.53168462292711,7.80284092352391e-12,379.7989916993454,0
44.4,25.54809443068465,7.657298655458519e-12,379.71529934769717,0
44.416666666666664,25.564500622383612,7.514473262115245e-12,379.63162543846073,0
44.43333333333333,25.58090319882084,7.374313984589451e-12,379.5479699675723,0
44.45,25.597302160792992,7.236771013130256e-12,379.4643329309687,0
44.46666666666667,25.613697509096554,7.101795469375625e-12,379.38071432458776,0
44.483333333333334,25.630089244527827,6.969339388920179e-12,379.29711414436827,0
44.5,25.64647736788294,6.839355704209706e-12,379.2135323862499,0
44.516666666666666,25.662861879957855,6.711798227756138e-12,379.1299690461731,0
44.53333333333333,25.679242781548346,6.586621635666848e-12,379.0464241200793,0
44.55,25.695620073450016,6.463781451482578e-12,378.9628976039108,0
44.56666666666667,25.7119937564583,6.343234030318179e-12,378.8793894936108,0
44.583333333333336,25.728363831368444,6.224936543300408e-12,378.7958997851234,0
44.6,25.744730298975536,6.108846962297114e-12,378.7124284743936,0
44.61666666666667,25.76109316007447,5.994924044932806e-12,378.6289755573675,0
44.63333333333333,25.77745241545999,5.883127319884392e-12,378.5455410299915,0
44.65,25.793808065926633,5.7734170724529394e-12,378.4621248882135,0
44.666666666666664,25.81016011226879,5.6657543304051615e-12,378.3787271279821,0
44.68333333333333,25.826508555280654,5.560100850080515e-12,378.2953477452467,0
44.7,25.84285339575626,5.456419102758207e-12,378.2119867359576,0
44.71666666666667,25.85919463448946,5.3546722612797324e-12,378.1286440960662,0
44.733333333333334,25.875532272273933,5.254824186921848e-12,378.0453198215245,0
44.75,25.891866309903175,5.156839416515572e-12,377.96201390828554,0
44.766666666666666,25.90819674817052,5.060683149806135e-12,377.87872635230326,0
44.78333333333333,25.92452358786913,4.96632123705008e-12,377.7954571495324,0
44.8,25.940846829791976,4.873720166844112e-12,377.71220629592875,0
44.81666666666667,25.95716647473186,4.782847054182393e-12,377.628973787449,0
44.833333333333336,25.973482523481408,4.693669628737234e-12,377.54575962005055,0
44.85,25.98979497683309,4.606156223359214e-12,377.46256378969167,0
44.86666666666667,26.006103835579175,4.52027576279281e-12,377.3793862923318,0
44.88333333333333,26.022409100511773,4.435997752603176e-12,377.29622712393103,0
44.9,26.03871077242281,4.353292268310471e-12,377.21308628045034,0
44.916666666666664,26.05500885210405,4.272129944727456e-12,377.12996375785167,0
44.93333333333333,26.071303340347068,4.192481965496814e-12,377.046859552098,0
44.95,26.08759423794327,4.114320052824517e-12,376.9637736591529,0
44.96666666666667,26.103881545683898,4.037616457405203e-12,376.880706074981,0
44.983333333333334,26.120165264360008,3.962343948536299e-12,376.7976567955477,0
45.0,26.13644539476248,3.888475804417333e-12,376.71462581681965,0
45.016666666666666,26.152721937682028,3.815985802630644e-12,376.6316131347638,0
45.03333333333333,26.16899489390919,3.744848210800585e-12,376.5486187453486,0
45.05,26.185264264234327,3.6750377774274645e-12,376.465642644543,0
45.06666666666667,26.201530049447626,3.6065297228930803e-12,376.3826848283168,0
45.083333333333336,26.2177922503391,3.5392997306346702e-12,376.299745292641,0
45.1,26.234050867698592,3.4733239384841977e-12,376.2168240334872,0
45.11666666666667,26.25030590231577,3.4085789301696028e-12,376.13392104682805,0
45.13333333333333,26.266557354980115,3.3450417269753184e-12,376.051036328637,0
45.15,26.282805226480953,3.282689779558761e-12,375.9681698748885,0
45.166666666666664,26.299049517607422,3.221500959920205e-12,375.8853216815577,0
45.18333333333333,26.3152902291485,3.161453553522739e-12,375.8024917446209,0
45.2,26.331527361892967,3.1025262515599047e-12,375.71968006005494,0
45.21666666666667,26.347760916629465,3.044698143368077e-12,375.6368866238379,0
45.233333333333334,26.363990894146433,2.9879487089807666e-12,375.5541114319485,0
45.25,26.38021729523215,2.9322578118223798e-12,375.47135448036664,0
45.266666666666666,26.396440120674708,2.8776056915387346e-12,375.3886157650726,0
45.28333333333333,26.412659371262038,2.8239729569616787e-12,375.3058952820479,0
45.3,26.428875047781894,2.771340579205562e-12,375.2231930272751,0
45.31666666666667,26.44508715102186,2.7196898848927356e-12,375.14050899673725,0
45.333333333333336,26.46129568176933,2.6690025495059974e-12,375.05784318641855,0
45.35,26.477500640811552,2.6192605908653256e-12,374.9751955923039,0
45.36666666666667,26.49370202893558,2.5704463627268274e-12,374.8925662103793,0
45.38333333333333,26.5098998469283,2.5225425485013847e-12,374.80995503663155,0
45.4,26.526094095576422,2.4755321550909256e-12,374.7273620670482,0
45.416666666666664,26.542284775666484,2.429398506839994e-12,374.6447872976178,0
45.43333333333333,26.558471887984858,2.384125239600551e-12,374.5622307243298,0
45.45,26.57465543331773,2.339696294907835e-12,374.4796923431746,0
45.46666666666667,26.590835412451124,2.2960959142652066e-12,374.39717215014326,0
45.483333333333334,26.607011826170886,2.253308633535994e-12,374.31467014122796,0
45.5,26.623184675262692,2.211319277440172e-12,374.2321863124217,0
45.516666666666666,26.639353960512036,2.1701129541541568e-12,374.1497206597181,0
45.53333333333333,26.655519682704245,2.129675050011529e-12,374.06727317911214,0
45.55,26.671681842624476,2.0899912243030676e-12,373.98484386659925,0
45.56666666666667,26.68784044105771,2.0510474041738766e-12,373.902432718176,0
45.583333333333336,26.703995478788745,2.0128297796162114e-12,373.82003972983966,0
45.6,26.720146956602235,1.975324798555839e-12,373.7376648975887,0
45.61666666666667,26.73629487528262,1.938519162030392e-12,373.6553082174221,0
45.63333333333333,26.752439235614208,1.902399819457964e-12,373.57296968533996,0
45.65,26.768580038381103,1.8669539639941896e-12,373.49064929734305,0
45.666666666666664,26.784717284367257,1.832169027976174e-12,373.40834704943313,0
45.68333333333333,26.800850974356436,1.7980326784517386e-12,373.32606293761313,0
45.7,26.81698110913224,1.7645328127922268e-12,373.2437969578863,0
45.71666666666667,26.833107689478087,1.7316575543874723e-12,373.16154910625727,0
45.733333333333334,26.849230716177242,1.6993952484211962e-12,373.0793193787312,0
45.75,26.865350190012776,1.6677344577255627e-12,372.99710777131446,0
45.766666666666666,26.881466111767597,1.636663958713185e-12,372.9149142800139,0
45.78333333333333,26.897578482224446,1.6061727373853072e-12,372.83273890083757,0
45.8,26.913687302165883,1.5762499854145824e-12,372.7505816297942,0
45.81666666666667,26.929792572374296,1.5468850963012256e-12,372.66844246289367,0
45.833333333333336,26.945894293631902,1.5180676616009854e-12,372.58632139614645,0
45.85,26.961992466720744,1.4897874672236993e-12,372.5042184255639,0
45.86666666666667,26.978087092422705,1.4620344898011455e-12,372.4221335471586,0
45.88333333333333,26.994178171519476,1.434798893122714e-12,372.34006675694354,0
45.9,27.01026570479259,1.4080710246378917e-12,372.2580180509329,0
45.916666666666664,27.026349693023406,1.3818414120240237e-12,372.1759874251416,0
45.93333333333333,27.042430136993094,1.3561007598184134e-12,372.0939748755857,0
45.95,27.058507037482684,1.3308399461132875e-12,372.01198039828165,0
45.96666666666667,27.074580395273003,1.3060500193126638e-12,371.9300039892473,0
45.983333333333334,27.090650211144723,1.2817221949498398e-12,371.84804564450104,0
46.0,27.106716485878348,1.2578478525644193e-12,371.7661053600622,0
46.016666666666666,27.122779220254188,1.2344185326377074e-12,371.684183131951,0
46.03333333333333,27.138838415052398,1.2114259335855054e-12,371.6022789561886,0
46.05,27.15489407105297,1.1888619088070408e-12,371.5203928287971,0
46.06666666666667,27.170946189035696,1.1667184637891505e-12,371.43852474579927,0
46.083333333333336,27.186994769780213,1.1449877532646232e-12,371.35667470321874,0
46.1,27.203039814065995,1.123662078423667e-12,371.2748426970803,0
46.11666666666667,27.219081322672338,1.102733884177502e-12,371.19302872340944,0
46.13333333333333,27.235119296378354,1.0821957564731564e-12,371.1112327782324,0
46.15,27.25115373596299,1.0620404196584838e-12,371.0294548575766,0
46.166666666666664,27.267184642205034,1.042260733896403e-12,370.94769495747005,0
46.18333333333333,27.283212015883084,1.0228496926275545e-12,370.86595307394185,0
46.2,27.29923585777557,1.003800420080355e-12,370.78422920302177,0
46.21666666666667,27.315256168660763,9.851061688276132e-13,370.70252334074064,0
46.233333333333334,27.331272949316755,9.667603173888826e-13,370.62083548313007,0
46.25,27.347286200521456,9.487563678775727e-13,370.5391656262226,0
46.266666666666666,27.36329592305262,9.310879436921016e-13,370.4575137660515,0
46.28333333333333,27.37930211768782,9.13748787250208e-13,370.375879898651,0
46.3,27.39530478520448,8.967327577656155e-13,370.29426402005635,0
46.31666666666667,27.41130392637982,8.80033829066289e-13,370.2126661263034,0
46.333333333333336,27.427299541990898,8.63646087453435e-13,370.13108621342917,0
46.35,27.443291632814613,8.475637296005896e-13,370.0495242774713,0
46.36666666666667,27.459280199627692,8.317810604919425e-13,369.96798031446855,0
46.38333333333333,27.475265243206675,8.162924913992068e-13,369.88645432046025,0
46.4,27.49124676432794,8.01092537896346e-13,369.8049462914869,0
46.416666666666664,27.5072247637677,7.861758179113735e-13,369.7234562235895,0
46.43333333333333,27.52319924230198,7.715370498145822e-13,369.64198411281035,0
46.45,27.539170200706664,7.571710505425404e-13,369.5605299551923,0
46.46666666666667,27.555137639757433,7.43072733757125e-13,369.47909374677937,0
46.483333333333334,27.57110156022981,7.29237108038982e-13,369.3976754836163,0
46.5,27.58706196289915,7.156592751147558e-13,369.3162751617484,0
46.516666666666666,27.60301884854063,7.02334428117455e-13,369.23489277722246,0
46.53333333333333,27.61897221792927,6.892578498793383e-13,369.15352832608556,0
46.55,27.634922071839913,6.764249112567096e-13,369.07218180438605,0
46.56666666666667,27.65086841104722,6.638310694860241e-13,368.99085320817306,0
46.583333333333336,27.666811236325685,6.514718665707216e-13,368.9095425334963,0
46.6,27.682750548449647,6.393429276982097e-13,368.82824977640684,0
46.61666666666667,27.698686348193252,6.274399596864338e-13,368.74697493295616,0
46.63333333333333,27.714618636330492,6.157587494595078e-13,368.66571799919706,0
46.65,27.730547413635193,6.042951625517785e-13,368.5844789711828,0
46.666666666666664,27.74647268088099,5.930451416399067e-13,368.5032578449677,0
46.68333333333333,27.762394438841362,5.820047051023499e-13,368.42205461660706,0
46.7,27.77831268828961,5.711699456057776e-13,368.3408692821567,0
46.71666666666667,27.794227429998866,5.60537028717909e-13,368.25970183767356,0
46.733333333333334,27.810138664742098,5.501021915462663e-13,368.1785522792155,0
46.75,27.826046393292103,5.39861741402362e-13,368.09742060284117,0
46.766666666666666,27.841950616421503,5.298120544908734e-13,368.0163068046101,0
46.78333333333333,27.857851334902747,5.199495746232873e-13,367.9352108805827,0
46.8,27.873748549508118,5.102708119556034e-13,367.85413282682,0
46.81666666666667,27.889642261009733,5.007723417496066e-13,367.7730726393844,0
46.833333333333336,27.90553247017953,4.91450803157307e-13,367.69203031433875,0
46.85,27.921419177789282,4.823028980280789e-13,367.61100584774675,0
46.86666666666667,27.93730238461059,4.73325389738098e-13,367.52999923567336,0
46.88333333333333,27.95318209141489,4.645151020416509e-13,367.4490104741841,0
46.9,27.969058298973447,4.558689179438993e-13,367.3680395593454,0
46.916666666666664,27.98493100805735,4.4738377859472567e-13,367.2870864872246,0
46.93333333333333,28.000800219437515,4.3905668220322226e-13,367.2061512538899,0
46.95,28.016665933884706,4.3088468297248887e-13,367.1252338554103,0
46.96666666666667,28.032528152169494,4.2286489005430573e-13,367.0443342878557,0
46.983333333333334,28.048386875062302,4.149944665233658e-13,366.963452547297,0
47.0,28.06424210333337,4.0727062837064477e-13,366.8825886298057,0
47.016666666666666,28.080093837752766,3.9969064351559886e-13,366.80174253145447,0
47.03333333333333,28.095942079090406,3.922518308368046e-13,366.72091424831655,0
47.05,28.111786828116017,3.8495155922071575e-13,366.6401037764663,0
47.06666666666667,28.127628085599163,3.777872466281902e-13,366.5593111119788,0
47.083333333333336,28.14346585230923,3.7075635917845685e-13,366.47853625092995,0
47.1,28.159300129015453,3.638564102501884e-13,366.3977791893968,0
47.11666666666667,28.17513091648689,3.570849595993813e-13,366.3170399234567,0
47.13333333333333,28.190958215492426,3.504396124936956e-13,366.23631844918845,0
47.15,28.206782026800774,3.4391801886298894e-13,366.15561476267163,0
47.166666666666664,28.222602351180484,3.375178724656981e-13,366.07492885998624,0
47.18333333333333,28.238419189399934,3.3123691007080363e-13,365.9942607372137,0
47.2,28.254232542227328,3.2507291065507236e-13,365.91361039043596,0
47.21666666666667,28.270042410430715,3.190236946152971e-13,365.83297781573583,0
47.233333333333334,28.285848794777962,3.1308712299525224e-13,365.7523630091971,0
47.25,28.301651696036767,3.072610967270787e-13,365.67176596690445,0
47.266666666666666,28.317451114974666,3.015435558868514e-13,365.5911866849432,0
47.28333333333333,28.333247052359017,2.959324789640483e-13,365.5106251593997,0
47.3,28.349039508957016,2.9042588214465536e-13,365.43008138636134,0
47.31666666666667,28.36482848553569,2.8502181860767467e-13,365.34955536191603,0
47.333333333333336,28.38061398286189,2.797183778347652e-13,365.2690470821528,0
47.35,28.39639600170231,2.7451368493277526e-13,365.1885565431614,0
47.36666666666667,28.412174542823458,2.694058999689322e-13,365.10808374103254,0
47.38333333333333,28.42794960699169,2.6439321731844494e-13,365.02762867185766,0
47.4,28.44372119497318,2.5947386502429735e-13,364.94719133172913,0
47.416666666666664,28.45948930753394,2.546461041689871e-13,364.8667717167402,0
47.43333333333333,28.475253945439825,2.4990822825800804e-13,364.78636982298497,0
47.45,28.4910151094565,2.4525856261484117e-13,364.70598564655836,0
47.46666666666667,28.506772800349466,2.406954637872452e-13,364.62561918355624,0
47.483333333333334,28.52252701888406,2.362173189646297e-13,364.5452704300752,0
47.5,28.538277765825452,2.3182254540632287e-13,364.4649393822129,0
47.516666666666666,28.55402504193864,2.275095898804943e-13,364.38462603606763,0
47.53333333333333,28.569768847988453,2.2327692811357505e-13,364.3043303877387,0
47.55,28.58550918473955,2.1912306424994563e-13,364.2240524333262,0
47.56666666666667,28.60124605295643,2.1504653032172258e-13,364.14379216893116,0
47.583333333333336,28.61697945340342,2.1104588572843643e-13,364.06354959065544,0
47.6,28.63270938684467,2.0711971672643604e-13,363.98332469460166,0
47.61666666666667,28.64843585404417,2.032666359278145e-13,363.90311747687343,0
47.63333333333333,28.664158855765734,1.994852818087029e-13,363.82292793357504,0
47.65,28.679878392773023,1.9577431822673811e-13,363.7427560608119,0
47.666666666666664,28.69559446582952,1.9213243394754185e-13,363.66260185469014,0
47.68333333333333,28.711307075698528,1.885583421800393e-13,363.58246531131664,0
47.7,28.727016223143206,1.8505078012045814e-13,363.50234642679936,0
47.71666666666667,28.742721908926523,1.816085085048363e-13,363.42224519724687,0
47.733333333333334,28.758424133811292,1.7823031116988663e-13,363.3421616187688,0
47.75,28.77412289856017,1.7491499462206164e-13,363.2620956874756,0
47.766666666666666,28.789818203935614,1.7166138761465998e-13,363.1820473994784,0
47.78333333333333,28.805510050699937,1.684683407328313e-13,363.10201675088956,0
47.8,28.82119843961527,1.6533472598632661e-13,363.0220037378219,0
47.81666666666667,28.836883371443594,1.6225943640985376e-13,362.94200835638935,0
47.833333333333336,28.852564846946706,1.592413856708902e-13,362.8620306027065,0
47.85,28.868242866886234,1.5627950768481953e-13,362.782070472889,0
47.86666666666667,28.883917432023654,1.5337275623725335e-13,362.7021279630533,0
47.88333333333333,28.899588543120256,1.5052010461339997e-13,362.6222030693166,0
47.9,28.915256200937183,1.4772054523435724e-13,362.54229578779706,0
47.916666666666664,28.93092040623539,1.4497308930018647e-13,362.4624061146136,0
47.93333333333333,28.946581159775675,1.4227676643965855e-13,362.3825340458861,0
47.95,28.962238462318656,1.3963062436653105e-13,362.30267957773515,0
47.96666666666667,28.97789231462481,1.3703372854224252e-13,362.22284270628245,0
47.983333333333334,28.993542717454424,1.3448516184490665e-13,362.1430234276503,0
48.0,29.009189671567615,1.3198402424447967e-13,362.063221737962,0
48.016666666666666,29.02483317772435,1.295294324839926e-13,361.9834376333417,0
48.03333333333333,29.040473236684416,1.271205197667366e-13,361.9036711099142,0
48.05,29.056109849207434,1.2475643544928085e-13,361.82392216380555,0
48.06666666666667,29.071743016052864,1.2243634474022606e-13,361.7441907911422,0
48.083333333333336,29.087372737979994,1.201594284045741e-13,361.6644769880518,0
48.1,29.10299901574794,1.1792488247362122e-13,361.5847807506625,0
48.11666666666667,29.118621850115655,1.1573191796026193e-13,361.5051020751039,0
48.13333333333333,29.134241241841934,1.1357976057960876e-13,361.42544095750594,0
48.15,29.14985719168539,1.1146765047482169e-13,361.3457973939994,0
48.166666666666664,29.165469700404465,1.0939484194805997e-13,361.2661713807163,0
48.18333333333333,29.18107876875746,1.0736060319645053e-13,361.18656291378903,0
48.2,29.19668439750249,1.0536421605298617e-13,361.1069719893513,0
48.21666666666667,29.212286587397507,1.0340497573225764e-13,361.0273986035373,0
48.233333333333334,29.227885339200288,1.0148219058093103e-13,360.9478427524823,0
48.25,29.243480653668456,9.959518183288349e-14,360.86830443232236,0
48.266666666666666,29.25907253155945,9.77432833689039e-14,360.78878363919443,0
48.28333333333333,29.27466097363056,9.592584148088225e-14,360.7092803692362,0
48.3,29.290245980638904,9.414221464039722e-14,360.6297946185862,0
48.31666666666667,29.305827553341423,9.239177327162172e-14,360.5503263833839,0
48.333333333333336,29.321405692494906,9.067389952846455e-14,360.4708756597697,0
48.35,29.336980398855967,8.898798707587614e-14,360.3914424438848,0
48.36666666666667,29.352551673181054,8.733344087522666e-14,360.312026731871,0
48.38333333333333,29.368119516226454,8.570967697369528e-14,360.23262851987135,0
48.4,29.38368392874827,8.411612229758696e-14,360.1532478040294,0
48.416666666666664,29.399244911502464,8.255221444950428e-14,360.07388458048985,0
48.43333333333333,29.41480246524481,8.101740150930541e-14,359.99453884539787,0
48.45,29.430356590730927,7.951114183877497e-14,359.91521059490003,0
48.46666666666667,29.445907288716267,7.803290388993927e-14,359.83589982514314,0
48.483333333333334,29.461454559956103,7.6582166016958e-14,359.75660653227527,0
48.5,29.476998405205563,7.515841629152505e-14,359.6773307124452,0
48.516666666666666,29.49253882521959,7.376115232171351e-14,359.59807236180274,0
48.53333333333333,29.508075820752968,7.238988107420087e-14,359.51883147649824,0
48.55,29.523609392560317,7.104411869981046e-14,359.43960805268307,0
48.56666666666667,29.539139541396082,6.972339036230564e-14,359.3604020865094,0
48.583333333333336,29.55466626801455,6.842723007038174e-14,359.2812135741302,0
48.6,29.57018957316985,6.715518051278891e-14,359.20204251169946,0
48.61666666666667,29.585709457615916,6.590679289653197e-14,359.12288889537194,0
48.63333333333333,29.60122592210655,6.468162678808866e-14,359.04375272130324,0
48.65,29.61673896739536,6.347924995758944e-14,358.96463398564964,0
48.666666666666664,29.632248594235808,6.22992382259047e-14,358.88553268456866,0
48.68333333333333,29.64775480338118,6.114117531458333e-14,358.8064488142182,0
48.7,29.663257595584593,6.000465269859094e-14,358.7273823707573,0
48.71666666666667,29.678756971599007,5.88892694617951e-14,358.64833335034575,0
48.733333333333334,29.694252932177214,5.779463215514564e-14,358.56930174914424,0
48.75,29.709745478071838,5.672035465750226e-14,358.4902875633144,0
48.766666666666666,29.725234610035333,5.566605803905386e-14,358.4112907890183,0
48.78333333333333,29.740720328819997,5.4631370427290046e-14,358.3323114224195,0
48.8,29.756202635177953,5.3615926875469854e-14,358.25334945968183,0
48.81666666666667,29.771681529861162,5.261936923354371e-14,358.1744048969701,0
48.833333333333336,29.78715701362142,5.164134602148399e-14,358.0954777304503,0
48.85,29.802629087210356,5.068151230497738e-14,358.0165679562888,0
48.86666666666667,29.818097751379433,4.973952957343544e-14,357.93767557065314,0
48.88333333333333,29.83356300687995,4.8815065620280976e-14,357.8588005697116,0
48.9,29.849024854463035,4.7907794425467e-14,357.7799429496332,0
48.916666666666664,29.86448329487967,4.701739604018553e-14,357.701102706588,0
48.93333333333333,29.879938328880648,4.6143556473728256e-14,357.62227983674677,0
48.95,29.895389957216597,4.528596758245575e-14,357.54347433628107,0
48.96666666666667,29.910838180638,4.444432696083859e-14,357.46468620136363,0
48.983333333333334,29.92628299989516,4.3618337834528976e-14,357.3859154281675,0
49.0,29.941724415738214,4.280770895542708e-14,357.307162012867,0
49.016666666666666,29.95716242891714,4.201215449870482e-14,357.2284259516372,0
49.03333333333333,29.972597040181746,4.1231393961748595e-14,357.1497072406538,0
49.05,29.98802825028168,4.0465152064988184e-14,357.07100587609364,0
49.06666666666667,30.003456059966414,3.9713158654573266e-14,356.9923218541343,0
49.083333333333336,30.018880469985266,3.8975148606865315e-14,356.913655170954,0
49.1,30.034301481087386,3.825086173471114e-14,356.8350058227321,0
49.11666666666667,30.049719094021757,3.754004269546269e-14,356.7563738056486,0
49.13333333333333,30.0651333095372,3.6842440900713966e-14,356.67775911588456,0
49.15,30.080544128382364,3.615781042771832e-14,356.5991617496216,0
49.166666666666664,30.095951551305742,3.548590993245976e-14,356.52058170304235,0
49.18333333333333,30.11135557905566,3.482650256434437e-14,356.4420189723303,0
49.2,30.126756212380275,3.4179355882480856e-14,356.3634735536697,0
49.21666666666667,30.14215345202757,3.354424177352483e-14,356.28494544324565,0
49.233333333333334,30.157547298745396,3.292093637105257e-14,356.20643463724423,0
49.25,30.172937753281406,3.2309219976438585e-14,356.1279411318521,0
49.266666666666666,30.188324816383098,3.1708876981209067e-14,356.04946492325695,0
49.28333333333333,30.203708488797815,3.111969579084191e-14,355.9710060076473,0
49.3,30.219088771272716,3.054146874998837e-14,355.8925643812125,0
49.31666666666667,30.234465664554815,2.99739920690877e-14,355.81414004014266,0
49.333333333333336,30.249839169390953,2.9417065752351155e-14,355.73573298062877,0
49.35,30.2652092865278,2.887049352708753e-14,355.6573431988627,0
49.36666666666667,30.28057601671187,2.833408277434697e-14,355.5789706910371,0
49.38333333333333,30.295939360689513,2.780764446085725e-14,355.5006154533456,0
49.4,30.31129931920691,2.7290993072228878e-14,355.4222774819823,0
49.416666666666664,30.326655893010088,2.678394654740618e-14,355.3439567731427,0
49.43333333333333,30.342009082844886,2.628632621433901e-14,355.2656533230227,0
49.45,30.357358889457007,2.5797956726854614e-14,355.1873671278192,0
49.46666666666667,30.37270531359197,2.531866600270571e-14,355.10909818372994,0
49.483333333333334,30.388048355995135,2.4848285162773975e-14,355.03084648695335,0
49.5,30.403388017411704,2.4386648471405987e-14,354.952612033689,0
49.516666666666666,30.418724298586714,2.3933593277861984e-14,354.874394820137,0
49.53333333333333,30.43405720026502,2.3488959958855663e-14,354.7961948424984,0
49.55,30.449386723191335,2.3052591862165178e-14,354.71801209697514,0
49.56666666666667,30.464712868110205,2.2624335251295095e-14,354.63984657977,0
49.583333333333336,30.48003563576599,2.2204039251169448e-14,354.5616982870865,0
49.6,30.49535502690292,2.1791555794838062e-14,354.483567215129,0
49.61666666666667,30.510671042265034,2.13867395711749e-14,354.40545336010285,0
49.63333333333333,30.525983682596216,2.0989447973551888e-14,354.32735671821416,0
49.65,30.541292948640187,2.0599541049469697e-14,354.2492772856697,0
49.666666666666664,30.55659884114051,2.0216881451126155e-14,354.1712150586773,0
49.68333333333333,30.57190136084057,1.9841334386907213e-14,354.0931700334456,0
49.7,30.587200508483598,1.947276757378118e-14,354.01514220618395,0
49.71666666666667,30.60249628481266,1.9111051190580392e-14,353.9371315731027,0
49.733333333333334,30.617788690570656,1.8756057832153377e-14,353.8591381304128,0
49.75,30.63307772650033,1.8407662464372197e-14,353.7811618743264,0
49.766666666666666,30.648363393344244,1.806574237997701e-14,353.703202801056,0
49.78333333333333,30.663645691844817,1.7730177155244832e-14,353.6252609068155,0
49.8,30.678924622744297,1.7400848607464614e-14,353.54733618781916,0
49.81666666666667,30.69420018678476,1.707764075320586e-14,353.4694286402823,0
49.833333333333336,30.70947238470813,1.6760439767363987e-14,353.39153826042093,0
49.85,30.72474121725616,1.644913394296964e-14,353.3136650444521,0
49.86666666666667,30.74000668517045,1.6143613651746184e-14,353.2358089885935,0
49.88333333333333,30.755268789192417,1.584377130540272e-14,353.1579700890638,0
49.9,30.770527530063347,1.5549501317648465e-14,353.0801483420824,0
49.916666666666664,30.78578290852432,1.5260700066914233e-14,353.00234374386963,0
49.93333333333333,30.80103492531629,1.4977265859769308e-14,352.92455629064654,0
49.95,30.81628358118003,1.469909889501964e-14,352.84678597863507,0
49.96666666666667,30.831528876856154,1.4426101228475042e-14,352.76903280405804,0
49.983333333333334,30.846770813085108,1.4158176738372406e-14,352.69129676313895,0
50.0,30.862009390607177,1.3895231091444538e-14,352.6135778521023,0
50.016666666666666,30.87724461016249,1.3637171709619265e-14,352.5358760671734,0
50.03333333333333,30.892476472491,1.3383907737340738e-14,352.45819140457826,0
50.05,30.907704978332507,1.3135350009498564e-14,352.3805238605438,0
50.06666666666667,30.92293012842665,1.2891411019954728e-14,352.3028734312978,0
50.083333333333336,30.938151923512894,1.265200489065702e-14,352.2252401130689,0
50.1,30.953370364330553,1.2417047341327878e-14,352.1476239020865,0
50.11666666666667,30.96858545161877,1.218645565971788e-14,352.07002479458083,0
50.13333333333333,30.983797186116522,1.1960148672413192e-14,351.992442786783,0
50.15,30.999005568562637,1.1738046716187418e-14,351.9148778749249,0
50.166666666666664,31.01421059969576,1.152007160988668e-14,351.8373300552393,0
50.18333333333333,31.0294122802544,1.1306146626838704e-14,351.7597993239597,0
50.2,31.044610610976882,1.1096196467775824e-14,351.68228567732075,0
50.21666666666667,31.059805592601368,1.089014723426245e-14,351.6047891115574,0
50.233333333333334,31.074997225865868,1.0687926402617489e-14,351.5273096229059,0
50.25,31.09018551150823,1.0489462798322628e-14,351.449847207603,0
50.266666666666666,31.10537045026613,1.0294686570907236e-14,351.37240186188654,0
50.28333333333333,31.120552042877087,1.0103529169301257e-14,351.294973581995,0
50.3,31.135730290078456,9.915923317647258e-15,351.2175623641679,0
50.31666666666667,31.150905192607432,9.731802991562645e-15,351.14016820464525,0
50.333333333333336,31.166076751201043,9.551103394844625e-15,351.06279109966823,0
50.35,31.18124496659616,9.373760936608558e-15,350.98543104547866,0
50.36666666666667,31.19640983952949,9.199713208852614e-15,350.90808803831925,0
50.38333333333333,31.211571370737573,9.02889896443994e-15,350.8307620744335,0
50.4,31.22672956095679,8.861258095491127e-15,350.75345315006575,0
50.416666666666664,31.241884410923358,8.696731612179224e-15,350.67616126146123,0
50.43333333333333,31.25703592137334,8.535261621919356e-15,350.59888640486594,0
50.45,31.272184093042636,8.376791308946356e-15,350.52162857652667,0
50.46666666666667,31.287328926666962,8.22126491427256e-15,350.44438777269113,0
50.483333333333334,31.30247042298189,8.068627716019007e-15,350.3671639896078,0
50.5,31.317608582722848,7.91882601011267e-15,350.28995722352585,0
50.516666666666666,31.332743406625056,7.771807091343541e-15,350.2127674706956,0
50.53333333333333,31.347874895423615,7.627519234774498e-15,350.135594727368,0
50.55,31.36300304985344,7.485911677497e-15,350.0584389897947,0
50.56666666666667,31.378127870649294,7.346934600727045e-15,349.9813002542286,0
50.583333333333336,31.39324935854578,7.210539112234228e-15,349.90417851692285,0
50.6,31.408367514277337,7.0766772290982114e-15,349.8270737741319,0
50.61666666666667,31.423482338578218,6.9453018607863665e-15,349.7499860221107,0
50.63333333333333,31.43859383218256,6.816366792546208e-15,349.6729152571153,0
50.65,31.453701995824293,6.689826669107518e-15,349.59586147540244,0
50.666666666666664,31.46880683023722,6.56563697868775e-15,349.5188246732296,0
50.68333333333333,31.48390833615497,6.443754037295361e-15,349.4418048468553,0
50.7,31.499006514311006,6.324134973325408e-15,349.3648019925386,0
50.71666666666667,31.51410136543862,6.206737712441982e-15,349.2878161065397,0
50.733333333333334,31.529192890270973,6.0915209627422034e-15,349.2108471851193,0
50.75,31.544281089541027,5.9784442001964944e-15,349.13389522453923,0
50.766666666666666,31.559365963981623,5.8674676543597466e-15,349.056960221062,0
50.78333333333333,31.574447514325406,5.75855229434897e-15,348.9800421709509,0
50.8,31.58952574130488,5.651659815081623e-15,348.9031410704701,0
50.81666666666667,31.60460064565237,5.546752623770432e-15,348.8262569158846,0
50.833333333333336,31.619672228100047,5.443793826669634e-15,348.74938970346017,0
50.85,31.63474048937994,5.342747216067849e-15,348.6725394294634,0
50.86666666666667,31.649805430223893,5.243577257523443e-15,348.59570609016197,0
50.88333333333333,31.6648670513636,5.14624907733722e-15,348.51888968182396,0
50.9,31.679925353530578,5.050728450258514e-15,348.4420902007186,0
50.916666666666664,31.6949803374562,4.956981787420245e-15,348.36530764311567,0
50.93333333333333,31.710032003871675,4.864976124498489e-15,348.28854200528605,0
50.95,31.725080353508037,4.774679110092559e-15,348.21179328350115,0
50.96666666666667,31.740125387096196,4.6860589943213316e-15,348.1350614740334,0
50.983333333333334,31.755167105366848,4.5990846176320105e-15,348.05834657315614,0
51.0,31.77020550905057,4.5137253998171445e-15,347.98164857714323,0
51.016666666666666,31.785240598877753,4.429951329236162e-15,347.90496748226974,0
51.03333333333333,31.800272375578643,4.347732952237539e-15,347.82830328481106,0
51.05,31.81530083988332,4.267041362777968e-15,347.7516559810438,0
51.06666666666667,31.830325992521704,4.187848192234622e-15,347.67502556724537,0
51.083333333333336,31.845347834223546,4.110125599407271e-15,347.59841203969387,0
51.1,31.86036636571845,4.03384626070629e-15,347.5218153946682,0
51.11666666666667,31.87538158773585,3.9589833605236006e-15,347.4452356284481,0
51.13333333333333,31.89039350100501,3.8855105817825915e-15,347.3686727373142,0
51.15,31.90540210625506,3.813402096664153e-15,347.292126717548,0
51.166666666666664,31.920407404214945,3.742632557505191e-15,347.2155975654315,0
51.18333333333333,31.935409395613455,3.67317708786673e-15,347.13908527724794,0
51.2,31.950408081179244,3.605011273768076e-15,347.06258984928115,0
51.21666666666667,31.965403461640758,3.5381111550843336e-15,346.9861112778159,0
51.233333333333334,31.980395537726316,3.4724532171039816e-15,346.9096495591375,0
51.25,31.995384310164077,3.4080143822435188e-15,346.83320468953247,0
51.266666666666666,32.01036977968202,3.3447720019164517e-15,346.7567766652878,0
51.28333333333333,32.025351947007984,3.2827038485535277e-15,346.6803654826916,0
51.3,32.04033081286964,3.221788107771571e-15,346.6039711380326,0
51.31666666666667,32.05530637799449,3.1620033706880345e-15,346.5275936276004,0
51.333333333333336,32.07027864310989,3.1033286263785843e-15,346.45123294768536,0
51.35,32.085247608943014,3.045743254475134e-15,346.3748890945788,0
51.36666666666667,32.10021327622091,2.9892270179015267e-15,346.29856206457276,0
51.38333333333333,32.11517564567043,2.933760055744553e-15,346.2222518539601,0
51.4,32.130134718018304,2.879322876257579e-15,346.1459584590344,0
51.416666666666664,32.14509049399105,2.8258963499943623e-15,346.06968187609027,0
51.43333333333333,32.16004297431509,2.7734617030707188e-15,345.99342210142305,0
51.45,32.174992159716616,2.722000510551533e-15,345.9171791313288,0
51.46666666666667,32.18993805092172,2.671494689960901e-15,345.8409529621045,0
51.483333333333334,32.20488064865631,2.6219264949129885e-15,345.7647435900479,0
51.5,32.219819953646116,2.573278508861506e-15,345.6885510114576,0
51.516666666666666,32.23475596661673,2.5255336389653813e-15,345.612375222633,0
51.53333333333333,32.24968868829361,2.47867511006872e-15,345.53621621987435,0
51.55,32.26461811940198,2.43268645879269e-15,345.46007399948263,0
51.56666666666667,32.279544260666974,2.3875515277374286e-15,345.38394855775965,0
51.583333333333336,32.29446711281354,2.3432544597917888e-15,345.3078398910082,0
51.6,32.30938667656646,2.299779692549021e-15,345.2317479955317,0
51.61666666666667,32.32430295265037,2.25711195282633e-15,345.1556728676343,0
51.63333333333333,32.339215941789725,2.215236251286434e-15,345.07961450362126,0
51.65,32.35412564470885,2.1741378771592147e-15,345.0035728997984,0
51.666666666666664,32.369032062131886,2.133802393061552e-15,344.9275480524726,0
51.68333333333333,32.383935194782836,2.094215629913588e-15,344.8515399579513,0
51.7,32.39883504338552,2.0553636819495448e-15,344.7755486125428,0
51.71666666666667,32.4137316086636,2.017232901821429e-15,344.6995740125564,0
51.733333333333334,32.42862489134062,1.979809895793797e-15,344.623616154302,0
51.75,32.443514892139895,1.9430815190279302e-15,344.5476750340904,0
51.766666666666666,32.458401611784645,1.9070348709537818e-15,344.4717506482332,0
51.78333333333333,32.473285050997895,1.8716572907280064e-15,344.39584299304295,0
51.8,32.488165210502515,1.8369363527765333e-15,344.3199520648328,0
51.81666666666667,32.503042091021236,1.8028598624200062e-15,344.2440778599166,0
51.833333333333336,32.51791569327659,1.7694158515807023e-15,344.1682203746095,0
51.85,32.532786017991,1.7365925745692378e-15,344.0923796052271,0
51.86666666666667,32.54765306588668,1.7043785039497427e-15,344.0165555480859,0
51.88333333333333,32.56251683768572,1.6727623264818937e-15,343.94074819950305,0
51.9,32.57737733411004,1.6417329391384663e-15,343.8649575557968,0
51.916666666666664,32.59223455588139,1.6112794451970183e-15,343.7891836132861,0
51.93333333333333,32.60708850372139,1.581391150404202e-15,343.71342636829064,0
51.95,32.62193917835147,1.5520575592115328e-15,343.63768581713094,0
51.96666666666667,32.63678658049291,1.5232683710810821e-15,343.5619619561284,0
51.983333333333334,32.65163071086684,1.4950134768599823e-15,343.4862547816051,0
52.0,32.666471570194226,1.4672829552223425e-15,343.410564289884,0
52.016666666666666,32.68130915919588,1.440067069177332e-15,343.3348904772891,0
52.03333333333333,32.69614347859244,1.4133562626422762e-15,343.25923334014476,0
52.05,32.71097452910439,1.3871411570794479e-15,343.1835928747765,0
52.06666666666667,32.72580231145207,1.361412548195456e-15,343.1079690775104,0
52.083333333333336,32.74062682635565,1.336161402702025e-15,343.03236194467365,0
52.1,32.755448074535146,1.3113788551370118e-15,342.95677147259397,0
52.11666666666667,32.7702660567104,1.2870562047445786e-15,342.8811976576,0
52.13333333333333,32.78508077360112,1.2631849124133812e-15,342.8056404960213,0
52.15,32.79989222592684,1.2397565976717412e-15,342.73009998418803,0
52.166666666666664,32.81470041440693,1.21676303573866e-15,342.6545761184313,0
52.18333333333333,32.82950533976061,1.1941961546297306e-15,342.579068895083,0
52.2,32.84430700270695,1.1720480323168542e-15,342.50357831047586,0
52.21666666666667,32.859105403964854,1.1503108939408006e-15,342.4281043609433,0
52.233333333333334,32.873900544253054,1.1289771090756075e-15,342.3526470428195,0
52.25,32.88869242429015,1.108039189043866e-15,342.2772063524398,0
52.266666666666666,32.90348104479456,1.0874897842819304e-15,342.20178228614003,0
52.28333333333333,32.91826640648456,1.0673216817541405e-15,342.12637484025686,0
52.3,32.93304851007826,1.0475278024151447e-15,342.05098401112787,0
52.31666666666667,32.94782735629361,1.0281011987194076e-15,341.97560979509143,0
52.333333333333336,32.962602945848396,1.0090350521770234e-15,341.9002521884866,0
52.35,32.97737527946027,9.90322670955046e-16,341.82491118765347,0
52.36666666666667,32.99214435784671,9.719574875233357e-16,341.7495867889326,0
52.38333333333333,33.006910181725026,9.539330563442862e-16,341.6742789886658,0
52.4,33.021672751812375,9.362430516054507e-16,341.5989877831952,0
52.416666666666664,33.036432068825775,9.188812649943526e-16,341.5237131688641,0
52.43333333333333,33.05118813348207,9.01841603514697e-16,341.4484551420164,0
52.45,33.065940946497946,8.851180873431702e-16,341.3732136989971,0
52.46666666666667,33.08069050858994,8.687048477260937e-16,341.29798883615155,0
52.483333333333334,33.095436820474404,8.525961249152299e-16,341.22278054982627,0
52.5,33.11017988286757,8.367862661419251e-16,341.14758883636847,0
52.516666666666666,33.124919696485485,8.212697236289592e-16,341.0724136921261,0
52.53333333333333,33.13965626204405,8.060410526393543e-16,340.99725511344803,0
52.55,33.154389580259014,7.910949095614651e-16,340.92211309668386,0
52.56666666666667,33.169119651845946,7.764260500296821e-16,340.84698763818403,0
52.583333333333336,33.1838464775203,7.620293270800838e-16,340.7718787342998,0
52.6,33.19857005799731,7.47899689340369e-16,340.69678638138305,0
52.61666666666667,33.213290393992104,7.340321792534749e-16,340.6217105757868,0
52.63333333333333,33.228007486219624,7.204219313341955e-16,340.5466513138645,0
52.65,33.242721335394684,7.070641704582334e-16,340.47160859197083,0
52.666666666666664,33.25743194223191,6.939542101830609e-16,340.3965824064609,0
52.68333333333333,33.27213930744578,6.810874510999993e-16,340.3215727536907,0
52.7,33.28684343175061,6.684593792169678e-16,340.24657963001715,0
52.71666666666667,33.30154431586059,6.5606556437124e-16,340.1716030317979,0
52.733333333333334,33.316241960489705,6.439016586717783e-16,340.09664295539136,0
52.75,33.330936366351814,6.319633949704932e-16,340.0216993971569,0
52.766666666666666,33.345627534160606,6.202465853619281e-16,339.94677235345455,0
52.78333333333333,33.360315464629636,6.087471197108606e-16,339.8718618206451,0
52.8,33.37500015847226,5.974609642072481e-16,339.79696779509027,0
52.81666666666667,33.3896816164017,5.863841599480571e-16,339.72209027315256,0
52.833333333333336,33.40435983913104,5.755128215454695e-16,339.64722925119514,0
52.85,33.41903482737316,5.648431357609386e-16,339.5723847255821,0
52.86666666666667,33.433706581840845,5.543713601646573e-16,339.4975566926784,0
52.88333333333333,33.448375103246654,5.440938218199544e-16,339.4227451488497,0
52.9,33.46304039230305,5.340069159921166e-16,339.34795009046235,0
52.916666666666664,33.477702449722294,5.241071048812614e-16,339.2731715138838,0
52.93333333333333,33.49236127621651,5.143909163787251e-16,339.19840941548205,0
52.95,33.50701687249767,5.048549428465956e-16,339.123663791626,0
52.96666666666667,33.521669239277585,4.954958399199188e-16,339.0489346386851,0
52.983333333333334,33.536318377267904,4.863103253311845e-16,338.97422195303017,0
53.0,33.55096428718012,4.772951777566537e-16,338.8995257310323,0
53.016666666666666,33.56560696972558,4.684472356841393e-16,338.8248459690636,0
53.03333333333333,33.58024642561544,4.597633963018248e-16,338.750182663497,0
53.05,33.594882655560745,4.512406144077501e-16,338.6755358107061,0
53.06666666666667,33.60951566027236,4.4287590133956496e-16,338.60090540706534,0
53.083333333333336,33.624145440460985,4.3466632392416835e-16,338.52629144895,0
53.1,33.63877199683719,4.2660900344688673e-16,338.45169393273625,0
53.11666666666667,33.65339533011137,4.1870111463979815e-16,338.37711285480094,0
53.13333333333333,33.66801544099376,4.109398846888732e-16,338.30254821152164,0
53.15,33.68263233019445,4.033225922595615e-16,338.2279999992769,0
53.166666666666664,33.69724599842338,3.9584656654050196e-16,338.153468214446,0
53.18333333333333,33.7118564463903,3.885091863049968e-16,338.0789528534089,0
53.2,33.726463674804826,3.813078789899306e-16,338.0044539125466,0
53.21666666666667,33.74106768437643,3.7424011979181864e-16,337.9299713882406,0
53.233333333333334,33.75566847581442,3.6730343077964735e-16,337.85550527687343,0
53.25,33.770266049827924,3.604953800242034e-16,337.7810555748284,0
53.266666666666666,33.78486040712595,3.538135807435967e-16,337.70662227848936,0
53.28333333333333,33.799451548417316,3.4725569046464803e-16,337.63220538424144,0
53.3,33.81403947441071,3.408194101998766e-16,337.5578048884701,0
53.31666666666667,33.828624185814654,3.3450248363978184e-16,337.4834207875618,0
53.333333333333336,33.843205683337516,3.283026963601219e-16,337.4090530779038,0
53.35,33.85778396768749,3.222178750439486e-16,337.33470175588417,0
53.36666666666667,33.87235903957265,3.1624588671808306e-16,337.2603668178916,0
53.38333333333333,33.88693089970088,3.1038463800378563e-16,337.1860482603159,0
53.4,33.90149954877992,3.046320743813595e-16,337.1117460795473,0
53.416666666666664,33.916064987517366,2.989861794684052e-16,337.0374602719771,0
53.43333333333333,33.93062721662064,2.9344497431150324e-16,336.96319083399743,0
53.45,33.94518623679702,2.88006516691055e-16,336.8889377620009,0
53.46666666666667,33.95974204875362,2.8266890043903607e-16,336.8147010523812,0
53.483333333333334,33.974294653197404,2.774302547694377e-16,336.7404807015327,0
53.5,33.98884405083518,2.7228874362114156e-16,336.66627670585063,0
53.516666666666666,34.0033902423736,2.672425650130154e-16,336.59208906173086,0
53.53333333333333,34.01793322851914,2.6228995041098547e-16,336.5179177655703,0
53.55,34.03247300997817,2.5742916410686985e-16,336.44376281376645,0
53.56666666666667,34.04700958745685,2.526585026087621e-16,336.3696242027177,0
53.583333333333336,34.061542961661225,2.4797629404273427e-16,336.29550192882317,0
53.6,34.07607313329715,2.433808975656635e-16,336.2213959884828,0
53.61666666666667,34.09060010307035,2.3887070278896463e-16,336.1473063780974,0
53.63333333333333,34.10512387168638,2.3444412921303474e-16,336.07323309406854,0
53.65,34.11964443985066,2.3009962567220366e-16,335.9991761327984,0
53.666666666666664,34.13416180826843,2.258356697899995e-16,335.92513549069037,0
53.68333333333333,34.14867597764478,2.2165076744453164e-16,335.85111116414805,0
53.7,34.16318694868466,2.1754345224381772e-16,335.7771031495763,0
53.71666666666667,34.17769472209285,2.1351228501084457e-16,335.70311144338064,0
53.733333333333334,34.192199298573975,2.0955585327820833e-16,335.6291360419673,0
53.75,34.206700678832526,2.0567277079214014e-16,335.5551769417434,0
53.766666666666666,34.221198863572795,2.018616770257461e-16,335.48123413911685,0
53.78333333333333,34.235693853498965,1.9812123670129244e-16,335.40730763049623,0
53.8,34.25018564931503,1.944501393213644e-16,335.33339741229105,0
53.81666666666667,34.264674251724855,1.9084709870873958e-16,335.2595034809116,0
53.833333333333336,34.27915966143213,1.873108525548043e-16,335.1856258327689,0
53.85,34.29364187914041,1.8384016197636714e-16,335.1117644642747,0
53.86666666666667,34.30812090555306,1.804338110806967e-16,335.0379193718418,0
53.88333333333333,34.322596741373324,1.7709060653864953e-16,334.9640905518834,0
53.9,34.33706938730428,1.7380937716572524e-16,334.8902780008138,0
53.916666666666664,34.35153884404887,1.7058897351090017e-16,334.81648171504804,0
53.93333333333333,34.36600511230983,1.6742826745310548e-16,334.74270169100186,0
53.95,34.380468192789785,1.6432615180520083e-16,334.66893792509177,0
53.96666666666667,34.39492808619119,1.6128153992530286e-16,334.5951904137353,0
53.983333333333334,34.409384793216354,1.582933653353339e-16,334.52145915335046,0
54.0,34.42383831456743,1.5536058134665934e-16,334.4477441403563,0
54.016666666666666,34.43828865094641,1.5248216069267812e-16,334.37404537117243,0
54.03333333333333,34.45273580305513,1.4965709516823855e-16,334.30036284221944,0
54.05,34.46717977159526,1.4688439527575006e-16,334.22669654991864,0
54.06666666666667,34.48162055726836,1.441630898778739e-16,334.15304649069213,0
54.083333333333336,34.496058160775775,1.4149222585666084e-16,334.0794126609628,0
54.1,34.510492582818756,1.3887086777902249e-16,334.0057950571543,0
54.11666666666667,34.52492382409834,1.3629809756841508e-16,333.93219367569105,0
54.13333333333333,34.539351885315455,1.337730141826246e-16,333.85860851299844,0
54.15,34.55377676717086,1.3129473329753455e-16,333.7850395655023,0
54.166666666666664,34.56819847036515,1.288623869967701e-16,333.7114868296297,0
54.18333333333333,34.58261699559877,1.2647512346710265e-16,333.6379503018081,0
54.2,34.59703234357202,1.2413210669951698e-16,333.5644299784659,0
54.21666666666667,34.61144451498504,1.2183251619582687e-16,333.49092585603233,0
54.233333333333334,34.625853510537816,1.1957554668074473e-16,333.41743793093735,0
54.25,34.640259330930185,1.173604078192924e-16,333.3439661996117,0
54.266666666666666,34.65466197686182,1.1518632393946792e-16,333.270510658487,0
54.28333333333333,34.66906144903223,1.1305253376005713e-16,333.19707130399553,0
54.3,34.68345774814081,1.109582901235061e-16,333.1236481325704,0
54.31666666666667,34.69785087488675,1.0890285973374897e-16,333.05024114064554,0
54.333333333333336,34.71224082996912,1.0688552289891094e-16,332.9768503246556,0
54.35,34.72662761408682,1.0490557327878654e-16,332.9034756810361,0
54.36666666666667,34.741011227938635,1.0296231763700712e-16,332.8301172062233,0
54.38333333333333,34.75539167222312,1.0105507559781465e-16,332.75677489665424,0
54.4,34.76976894763875,9.918317940734931e-17,332.68344874876675,0
54.416666666666664,34.78414305488379,9.734597369937128e-17,332.6101387589994,0
54.43333333333333,34.7985139946564,9.554281526533438e-17,332.53684492379176,0
54.45,34.812881767654545,9.377307282872944e-17,332.4635672395838,0
54.46666666666667,34.82724637457608,9.203612682361653e-17,332.3903057028167,0
54.483333333333334,34.841607816118646,9.033136917727358e-17,332.317060309932,0
54.5,34.855966092979784,8.865820309687771e-17,332.2438310573724,0
54.516666666666666,34.87032120585686,8.701604286015067e-17,332.17061794158127,0
54.53333333333333,34.88467315544709,8.540431360988994e-17,332.0974209590026,0
54.55,34.89902194244753,8.382245115231713e-17,332.0242401060812,0
54.56666666666667,34.913367567555085,8.226990175917042e-17,331.95107537926293,0
54.583333333333336,34.927710031466525,8.074612197347216e-17,331.8779267749942,0
54.6,34.942049334878426,7.92505784189025e-17,331.8047942897221,0
54.61666666666667,34.95638547848725,7.778274761271318e-17,331.7316779198949,0
54.63333333333333,34.97071846298928,7.634211578211702e-17,331.6585776619612,0
54.65,34.985048289080666,7.49281786840841e-17,331.5854935123707,0
54.666666666666664,34.99937495745739,7.35404414284859e-17,331.5124254675738,0
54.68333333333333,35.01369846881528,7.21784183045229e-17,331.4393735240215,0
54.7,35.02801882385003,7.084163261037521e-17,331.3663376781659,0
54.71666666666667,35.04233602325715,6.95296164860151e-17,331.29331792645974,0
54.733333333333334,35.05665006773201,6.824191074912717e-17,331.2203142653563,0
54.75,35.070960957969845,6.697806473407083e-17,331.14732669131007,0
54.766666666666666,35.08526869466572,6.573763613383484e-17,331.074355200776,0
54.78333333333333,35.09957327851454,6.452019084492805e-17,331.00139979021003,0
54.8,35.11387471021106,6.33253028151467e-17,330.92846045606865,0
54.81666666666667,35.128172990449904,6.215255389417018e-17,330.8555371948094,0
54.833333333333336,35.14246811992552,6.100153368693161e-17,330.78263000289036,0
54.85,35.15676009933219,5.987183940970749e-17,330.70973887677064,0
54.86666666666667,35.17104892936409,5.876307574888347e-17,330.6368638129098,0
54.88333333333333,35.1853346107152,5.767485472233865e-17,330.5640048077685,0
54.9,35.19961714407937,5.660679554340549e-17,330.49116185780804,0
54.916666666666664,35.21389653015027,5.555852448735496e-17,330.41833495949044,0
54.93333333333333,35.22817276962146,5.4529674760360246e-17,330.34552410927853,0
54.95,35.242445863186305,5.351988637089294e-17,330.2727293036361,0
54.96666666666667,35.256715811538044,5.252880600350764e-17,330.1999505390275,0
54.983333333333334,35.27098261536976,5.155608689496841e-17,330.12718781191796,0
55.0,35.28524627537437,5.0601388712676515e-17,330.0544411187734,0
55.016666666666666,35.29950679224466,4.966437743535387e-17,329.9817104560607,0
55.03333333333333,35.313764166673224,4.8744725235941595e-17,329.90899582024724,0
55.05,35.328018399352544,4.784211036667378e-17,329.8362972078014,0
55.06666666666667,35.34226949097494,4.695621704628201e-17,329.7636146151923,0
55.083333333333336,35.35651744223257,4.608673534929753e-17,329.6909480388899,0
55.1,35.370762253817446,4.523336109740456e-17,329.6182974753647,0
55.11666666666667,35.38500392642142,4.439579575281313e-17,329.54566292108825,0
55.13333333333333,35.39924246073619,4.357374631361042e-17,329.4730443725327,0
55.15,35.41347785745333,4.276692521105398e-17,329.40044182617095,0
55.166666666666664,35.42771011726421,4.197505020877258e-17,329.32785527847693,0
55.18333333333333,35.44193924086011,4.119784430383736e-17,329.2552847259251,0
55.2,35.4561652289321,4.043503562966982e-17,329.1827301649908,0
55.21666666666667,35.470388082171134,3.9686357360752085e-17,329.11019159215004,0
55.233333333333334,35.484607801268,3.895154761910485e-17,329.0376690038799,0
55.25,35.49882438691333,3.8230349382503114e-17,328.9651623966577,0
55.266666666666666,35.51303783979762,3.75225103943939e-17,328.89267176696217,0
55.28333333333333,35.5272481606112,3.6827783075487174e-17,328.8201971112723,0
55.3,35.54145535004425,3.6145924436986576e-17,328.7477384260682,0
55.31666666666667,35.55565940878681,3.547669599543231e-17,328.67529570783057,0
55.333333333333336,35.569860337528745,3.48198636891227e-17,328.6028689530409,0
55.35,35.584058136959776,3.4175197796088806e-17,328.5304581581816,0
55.36666666666667,35.59825280776949,3.3542472853589864e-17,328.45806331973563,0
55.38333333333333,35.61244435064731,3.292146757910461e-17,328.38568443418694,0
55.4,35.62663276628249,3.2311964792787125e-17,328.31332149802,0
55.416666666666664,35.64081805536417,3.171375134136348e-17,328.2409745077204,0
55.43333333333333,35.6550002185813,3.112661802343989e-17,328.16864345977416,0
55.45,35.66917925662269,3.0550359516197525e-17,328.0963283506683,0
55.46666666666667,35.68335517017702,2.9984774303447764e-17,328.02402917689056,0
55.483333333333334,35.69752795993279,2.9429664605022395e-17,327.95174593492936,0
55.5,35.711697626578356,2.888483630747468e-17,327.8794786212741,0
55.516666666666666,35.72586417080195,2.8350098896066103e-17,327.80722723241473,0
55.53333333333333,35.740027593291586,2.7825265388015623e-17,327.73499176484205,0
55.55,35.754187894735196,2.7310152266987958e-17,327.6627722150477,0
55.56666666666667,35.768345075820534,2.6804579418796467e-17,327.5905685795241,0
55.583333333333336,35.78249913723518,2.6308370068300807e-17,327.51838085476425,0
55.6,35.7966500796666,2.5821350717474956e-17,327.4462090372622,0
55.61666666666667,35.8107979038021,2.5343351084623804e-17,327.37405312351245,0
55.63333333333333,35.82494261032879,2.487420404472903e-17,327.3019131100107,0
55.65,35.83908419993371,2.4413745570901324e-17,327.229788993253,0
55.666666666666664,35.853222673303684,2.3961814676918746e-17,327.15768076973643,0
55.68333333333333,35.86735803112539,2.3518253360831987e-17,327.0855884359587,0
55.7,35.88149027408538,2.308290654961597e-17,327.0135119884184,0
55.71666666666667,35.89561940287006,2.2655622044848496e-17,326.9414514236148,0
55.733333333333334,35.90974541816565,2.2236250469396276e-17,326.86940673804804,0
55.75,35.92386832065824,2.1824645215091694e-17,326.79737792821896,0
55.766666666666666,35.93798811103376,2.142066239137888e-17,326.7253649906292,0
55.78333333333333,35.952104789978016,2.102416077491378e-17,326.6533679217812,0
55.8,35.96621835817662,2.0635001760098725e-17,326.581386718178,0
55.81666666666667,35.98032881631507,2.025304931053571e-17,326.50942137632364,0
55.833333333333336,35.99443616507868,1.987816991137903e-17,326.4374718927228,0
55.85,36.008540405152644,1.9510232522573763e-17,326.365538263881,0
55.86666666666667,36.022641537222,1.9149108532960527e-17,326.2936204863044,0
55.88333333333333,36.0367395619716,1.879467171523223e-17,326.2217185565001,0
55.9,36.050834480086195,1.8446798181727157e-17,326.1498324709759,0
55.916666666666664,36.064926292250355,1.8105366341040908e-17,326.0779622262403,0
55.93333333333333,36.0790149991485,1.7770256855445017e-17,326.00610781880266,0
55.95,36.09310060146491,1.744135259909413e-17,325.9342692451732,0
55.96666666666667,36.107183099883706,1.711853861700983e-17,325.86244650186256,0
55.983333333333334,36.121262495088864,1.6801702084824467e-17,325.79063958538256,0
56.0,36.135338787764226,1.6490732269272195e-17,325.71884849224546,0
56.016666666666666,36.14941197859343,1.6185520489413336e-17,325.6470732189646,0
56.03333333333333,36.163482068260016,1.588596007857795e-17,325.5753137620538,0
56.05,36.17754905744736,1.5591946347015185e-17,325.50357011802777,0
56.06666666666667,36.19161294683866,1.53033765452357e-17,325.431842283402,0
56.083333333333336,36.20567373711702,1.5020149828034593e-17,325.3601302546928,0
56.1,36.219731428965325,1.4742167219181096e-17,325.28843402841716,0
56.11666666666667,36.23378602306637,1.446933157676389e-17,325.2167536010929,0
56.13333333333333,36.247837520102756,1.420154755917898e-17,325.14508896923843,0
56.15,36.26188592075696,1.393872159174873e-17,325.0734401293732,0
56.166666666666664,36.27593122571129,1.3680761833960177e-17,325.0018070780172,0
56.18333333333333,36.289973435647916,1.3427578147310886e-17,324.9301898116914,0
56.2,36.30401255124886,1.3179082063751497e-17,324.8585883269173,0
56.21666666666667,36.318048573195995,1.2935186754713709e-17,324.7870026202173,0
56.233333333333334,36.33208150217103,1.269580700071264e-17,324.7154326881146,0
56.25,36.34611133885553,1.246085916151321e-17,324.64387852713304,0
56.266666666666666,36.360138083930906,1.2230261146849917e-17,324.57234013379747,0
56.28333333333333,36.37416173807843,1.200393238768977e-17,324.5008175046332,0
56.3,36.388182301979214,1.1781793808028136e-17,324.4293106361664,0
56.31666666666667,36.402199776314234,1.1563767797208145e-17,324.35781952492414,0
56.333333333333336,36.416214161764294,1.1349778182753036e-17,324.2863441674342,0
56.35,36.43022545901005,1.1139750203702816e-17,324.214884560225,0
56.36666666666667,36.44423366873205,1.0933610484445518e-17,324.1434406998259,0
56.38333333333333,36.45823879161063,1.073128700903356e-17,324.0720125827668,0
56.4,36.47224082832603,1.0532709095976678e-17,324.00060020557856,0
56.416666666666664,36.48623977955829,1.033780737350265e-17,323.92920356479294,0
56.43333333333333,36.50023564598733,1.014651375527634e-17,323.85782265694195,0
56.45,36.51422842829294,9.958761416569679e-18,323.78645747855893,0
56.46666666666667,36.5282181271547,9.774484770873214e-18,323.71510802617763,0
56.483333333333334,36.542204743252114,9.593619446941809e-18,323.6437742963327,0
56.5,36.556188277264475,9.416102266265686e-18,323.57245628555967,0
56.516666666666666,36.57016872987095,9.241871220959844e-18,323.5011539903944,0
56.53333333333333,36.584146101750555,9.070865452063096e-18,323.429867407374,0
56.55,36.59812039358218,8.903025228239785e-18,323.3585965330362,0
56.56666666666667,36.61209160604453,8.738291924876582e-18,323.2873413639192,0
56.583333333333336,36.62605973981616,8.576608003566864e-18,323.2161018965624,0
56.6,36.6400247955755,8.417916991975583e-18,323.14487812750576,0
56.61666666666667,36.65398677400082,8.262163464077731e-18,323.0736700532899,0
56.63333333333333,36.66794567577024,8.109293020763057e-18,323.0024776704564,0
56.65,36.68190150156174,7.959252270800622e-18,322.9313009755476,0
56.666666666666664,36.695854252053124,7.811988812156411e-18,322.8601399651062,0
56.68333333333333,36.70980392792207,7.66745121365739e-18,322.7889946356763,0
56.7,36.72375052984611,7.525588996995619e-18,322.7178649838023,0
56.71666666666667,36.73769405850259,7.38635261906589e-18,322.6467510060296,0
56.733333333333334,36.75163451456878,7.249693454631479e-18,322.57565269890415,0
56.75,36.7655718987217,7.115563779310593e-18,322.5045700589728,0
56.766666666666666,36.77950621163833,6.983916752879029e-18,322.4335030827831,0
56.78333333333333,36.7934374539954,6.854706402881989e-18,322.36245176688345,0
56.8,36.807365626469576,6.727887608550059e-18,322.2914161078229,0
56.81666666666667,36.821290729737306,6.6034160850134364e-18,322.2203961021515,0
56.833333333333336,36.835212764474925,6.4812483678087316e-18,322.1493917464196,0
56.85,36.84913173135863,6.3613417976731874e-18,322.07840303717876,0
56.86666666666667,36.86304763106444,6.243654505620922e-18,322.0074299709811,0
56.88333333333333,36.87696046426823,6.1281453982957895e-18,321.93647254437946,0
56.9,36.89087023164575,6.014774143595905e-18,321.86553075392754,0
56.916666666666664,36.90477693387257,5.903501156564774e-18,321.7946045961798,0
56.93333333333333,36.91868057162412,5.794287585543887e-18,321.72369406769144,0
56.95,36.93258114557572,5.687095298582368e-18,321.65279916501834,0
56.96666666666667,36.94647865640246,5.5818868700982675e-18,321.5819198847172,0
56.983333333333334,36.96037310477938,5.478625567787466e-18,321.5110562233455,0
57.0,36.97426449138128,5.377275339775184e-18,321.4402081774615,0
57.016666666666666,36.98815281688286,5.277800802005805e-18,321.3693757436241,0
57.03333333333333,37.00203808195867,5.1801672258664005e-18,321.2985589183931,0
57.05,37.01592028728311,5.084340526039828e-18,321.227757698329,0
57.06666666666667,37.029799433530414,4.9902872485830656e-18,321.15697207999307,0
57.083333333333336,37.04367552137469,4.897974559226513e-18,321.08620205994714,0
57.1,37.057548551489866,4.807370231890232e-18,321.0154476347542,0
57.11666666666667,37.071418524549756,4.718442637413257e-18,320.9447088009777,0
57.13333333333333,37.08528544122802,4.631160732491685e-18,320.8739855551819,0
57.15,37.09914930219815,4.54549404882195e-18,320.8032778939317,0
57.166666666666664,37.113010108133494,4.4614126824453436e-18,320.73258581379315,0
57.18333333333333,37.126867859707275,4.378887283290226e-18,320.6619093113327,0
57.2,37.14072255759254,4.2978890449079085e-18,320.59124838311766,0
57.21666666666667,37.1545742024622,4.218389694398983e-18,320.52060302571607,0
57.233333333333334,37.16842279498902,4.140361482526389e-18,320.4499732356968,0
57.25,37.182268335845606,4.063777174011762e-18,320.3793590096294,0
57.266666666666666,37.19611082570442,3.9886100380116605e-18,320.3087603440842,0
57.28333333333333,37.20995026523781,3.914833838770391e-18,320.2381772356322,0
57.3,37.223786655117905,3.842422826446116e-18,320.16760968084543,0
57.31666666666667,37.23761999601674,3.7713517281070205e-18,320.0970576762964,0
57.333333333333336,37.251450288606186,3.701595738894364e-18,320.02652121855846,0
57.35,37.26527753355798,3.633130513349522e-18,319.9560003042057,0
57.36666666666667,37.27910173154368,3.565932156901531e-18,319.885494929813,0
57.38333333333333,37.29292288323472,3.499977217512681e-18,319.815005091956,0
57.4,37.306740989302384,3.4352426774788433e-18,319.74453078721103,0
57.416666666666664,37.32055605041781,3.3717059453818945e-18,319.6740720121553,0
57.43333333333333,37.33436806725196,3.3093448481912517e-18,319.60362876336666,0
57.45,37.34817704047569,3.2481376235118497e-18,319.5332010374237,0
57.46666666666667,37.36198297075969,3.188062911975849e-18,319.4627888309058,0
57.483333333333334,37.37578585877449,3.1290997497752947e-18,319.39239214039327,0
57.5,37.389585705190484,3.0712275613332994e-18,319.3220109624669,0
57.516666666666666,37.40338251067793,3.014426152111026e-18,319.25164529370824,0
57.53333333333333,37.41717627590692,2.9586757015480062e-18,319.1812951306999,0
57.55,37.43096700154739,2.9039567561332865e-18,319.11096047002485,0
57.56666666666667,37.444754688269164,2.8502502226051046e-18,319.0406413082671,0
57.583333333333336,37.458539336741886,2.7975373612765327e-18,318.97033764201126,0
57.6,37.472320947635055,2.7457997794848386e-18,318.90004946784285,0
57.61666666666667,37.486099521618044,2.6950194251623275e-18,318.82977678234795,0
57.63333333333333,37.499875059360065,2.6451785805262726e-18,318.75951958211357,0
57.65,37.51364756153017,2.596259855885895e-18,318.6892778637273,0
57.666666666666664,37.527417028797295,2.548246183564031e-18,318.6190516237775,0
57.68333333333333,37.54118346183021,2.5011208119315268e-18,318.5488408588536,0
57.7,37.55494686129751,2.4548672995522286e-18,318.4786455655452,0
57.71666666666667,37.5687072278677,2.4094695094363846e-18,318.40846574044326,0
57.733333333333334,37.58246456220909,2.364911603400699e-18,318.33830138013906,0
57.75,37.596218864989865,2.3211780365327933e-18,318.2681524812249,0
57.766666666666666,37.60997013687806,2.2782535517583415e-18,318.1980190402935,0
57.78333333333333,37.62371837854157,2.2361231745088693e-18,318.12790105393873,0
57.8,37.63746359064812,2.1947722074883838e-18,318.057798518755,0
57.81666666666667,37.65120577386531,2.1541862255369802e-18,317.9877114313375,0
57.833333333333336,37.66494492886058,2.114351070589676e-18,317.91763978828214,0
57.85,37.67868105630123,2.0752528467286755e-18,317.8475835861856,0
57.86666666666667,37.692414156854404,2.0368779153272533e-18,317.77754282164534,0
57.88333333333333,37.70614423118713,1.999212890283736e-18,317.70751749125947,0
57.9,37.71987127996624,1.9622446333437766e-18,317.637507591627,0
57.916666666666664,37.73359530385845,1.9259602495092932e-18,317.56751311934767,0
57.93333333333333,37.74731630353032,1.8903470825325242e-18,317.49753407102185,0
57.95,37.76103427964828,1.8553927104935503e-18,317.42757044325066,0
57.96666666666667,37.774749232878584,1.821084941459829e-18,317.3576222326361,0
57.983333333333334,37.788461163887355,1.7874118092261143e-18,317.2876894357809,0
58.0,37.80217007334058,1.754361569133362e-18,317.21777204928844,0
58.016666666666666,37.81587596190408,1.7219226939650759e-18,317.14787006976286,0
58.03333333333333,37.82957883024353,1.6900838699197473e-18,317.0779834938091,0
58.05,37.84327867902448,1.658833992657893e-18,317.00811231803294,0
58.06666666666667,37.856975508912306,1.6281621634223697e-18,316.9382565390406,0
58.083333333333336,37.87066932057227,1.5980576852305507e-18,316.86841615343945,0
58.1,37.88436011466944,1.5685100591371021e-18,316.7985911578374,0
58.11666666666667,37.89804789186878,1.539508980565999e-18,316.7287815488429,0
58.13333333333333,37.9117326528351,1.511044335710496e-18,316.65898732306556,0
58.15,37.92541439823304,1.4831061979998243e-18,316.58920847711556,0
58.166666666666664,37.93909312872711,1.4556848246313429e-18,316.5194450076036,0
58.18333333333333,37.952768844981684,1.4287706531669694e-18,316.4496969111416,0
58.2,37.96644154766098,1.4023542981926767e-18,316.3799641843418,0
58.21666666666667,37.98011123742905,1.376426548039849e-18,316.31024682381735,0
58.233333333333334,37.99377791494984,1.3509783615674457e-18,316.24054482618226,0
58.25,38.00744158088711,1.3260008650037627e-18,316.17085818805094,0
58.266666666666666,38.02110223590451,1.3014853488466933e-18,316.101186906039,0
58.28333333333333,38.0347598806655,1.277423264821448e-18,316.0315309767625,0
58.3,38.048414515833436,1.2538062228946587e-18,315.9618903968383,0
58.31666666666667,38.062066142071515,1.2306259883437572e-18,315.89226516288403,0
58.333333333333336,38.07571476004277,1.2078744788806991e-18,315.8226552715181,0
58.35,38.0893603704101,1.1855437618289583e-18,315.7530607193595,0
58.36666666666667,38.10300297383628,1.163626051352835e-18,315.68348150302825,0
58.38333333333333,38.116642570983906,1.1421137057380923e-18,315.6139176191448,0
58.4,38.13027916251543,1.1209992247229628e-18,315.5443690643307,0
58.416666666666664,38.14391274909318,1.1002752468786584e-18,315.4748358352078,0
58.43333333333333,38.15754333137933,1.0799345470383381e-18,315.4053179283991,0
58.45,38.17117091003589,1.0599700337737565e-18,315.3358153405282,0
58.46666666666667,38.184795485724756,1.0403747469186614e-18,315.26632806821925,0
58.483333333333334,38.19841705910764,1.021141855138055e-18,315.1968561080975,0
58.5,38.212035630846145,1.0022646535424953e-18,315.1273994567886,0
58.516666666666666,38.225651201601714,9.83736561346615e-19,315.0579581109193,0
58.53333333333333,38.239263772035635,9.655511195709921e-19,314.98853206711675,0
58.55,38.25287334280905,9.477019887866178e-19,314.91912132200906,0
58.56666666666667,38.26647991458298,9.301829469011164e-19,314.849725872225,0
58.583333333333336,38.28008348801827,9.129878869860347e-19,314.780345714394,0
58.6,38.293684063775636,8.961108151443298e-19,314.71098084514654,0
58.61666666666667,38.30728164251566,8.795458484173762e-19,314.64163126111345,0
58.63333333333333,38.32087622489875,8.632872127307727e-19,314.5722969589266,0
58.65,38.33446781158517,8.473292408781617e-19,314.50297793521844,0
58.666666666666664,38.34805640323508,8.316663705424374e-19,314.43367418662217,0
58.68333333333333,38.361642000508425,8.162931423535685e-19,314.3643857097718,0
58.7,38.37522460406509,8.012041979824527e-19,314.2951125013021,0
58.71666666666667,38.388804214564736,7.863942782700344e-19,314.2258545578486,0
58.733333333333334,38.40238083266692,7.718582213910914e-19,314.15661187604735,0
58.75,38.41595445903105,7.575909610520595e-19,314.08738445253545,0
58.766666666666666,38.42952509431639,7.435875247222117e-19,314.0181722839504,0
58.78333333333333,38.443092739182035,7.298430318976094e-19,313.9489753669307,0
58.8,38.45665739428697,7.163526923972244e-19,313.87979369811563,0
58.81666666666667,38.47021906029,7.031118046906088e-19,313.8106272741451,0
58.833333333333336,38.48377773784983,6.901157542565548e-19,313.74147609165954,0
58.85,38.49733342762496,6.773600119721349e-19,313.67234014730053,0
58.86666666666667,38.510886130273796,6.648401325316142e-19,313.6032194377102,0
58.88333333333333,38.52443584645457,6.5255175289461595e-19,313.53411395953134,0
58.9,38.53798257682541,6.404905907630575e-19,313.46502370940766,0
58.916666666666664,38.55152632204422,6.286524430862853e-19,313.3959486839834,0
58.93333333333333,38.565067082768834,6.170331845938962e-19,313.3268888799037,0
58.95,38.57860485965691,6.056287663557272e-19,313.25784429381446,0
58.96666666666667,38.59213965336596,5.944352143685607e-19,313.18881492236216,0
58.983333333333334,38.60567146455336,5.834486281689313e-19,313.11980076219425,0
59.0,38.61920029387635,5.726651794716956e-19,313.0508018099586,0
59.016666666666666,38.632726141991995,5.620811108337841e-19,312.981818062304,0
59.03333333333333,38.64624900955723,5.516927343426999e-19,312.91284951588005,0
59.05,38.659768897228865,5.41496430329329e-19,312.84389616733705,0
59.06666666666667,38.67328580566354,5.314886461045639e-19,312.77495801332594,0
59.083333333333336,38.68679973551775,5.216658947193547e-19,312.7060350504985,0
59.1,38.700310687447875,5.1202475374769395e-19,312.63712727550717,0
59.11666666666667,38.7138186621101,5.02561864092175e-19,312.56823468500517,0
59.13333333333333,38.72732366016051,4.932739288116406e-19,312.49935727564645,0
59.15,38.74082568225503,4.841577119705645e-19,312.4304950440857,0
59.166666666666664,38.75432472904944,4.752100375097347e-19,312.36164798697837,0
59.18333333333333,38.76782080119939,4.664277881378527e-19,312.2928161009806,0
59.2,38.78131389936035,4.578079042436579e-19,312.2239993827493,0
59.21666666666667,38.79480402418767,4.493473828282001e-19,312.1551978289421,0
59.233333333333334,38.80829117633656,4.410432764568964e-19,312.0864114362174,0
59.25,38.82177535646207,4.328926922309721e-19,312.01764020123426,0
59.266666666666666,38.83525656521912,4.2489279077797084e-19,311.9488841206525,0
59.28333333333333,38.84873480326249,4.170407852609495e-19,311.8801431911329,0
59.3,38.86221007124678,4.0933394040602674e-19,311.8114174093365,0
59.31666666666667,38.87568236982649,4.017695715479293e-19,311.74270677192555,0
59.333333333333336,38.889151699655955,3.943450436932311e-19,311.67401127556275,0
59.35,38.90261806138936,3.8705777060092e-19,311.6053309169117,0
59.36666666666667,38.91608145568076,3.799052138800093e-19,311.53666569263663,0
59.38333333333333,38.929541883184065,3.728848821038406e-19,311.46801559940246,0
59.4,38.942999344553016,3.6599432994080534e-19,311.39938063387496,0
59.416666666666664,38.956453840441256,3.592311573011585e-19,311.3307607927207,0
59.43333333333333,38.96990537150222,3.52593008499615e-19,311.26215607260673,0
59.45,38.98335393838927,3.460775714334784e-19,311.19356647020106,0
59.46666666666667,38.996799541755585,3.396825767759724e-19,311.12499198217233,0
59.483333333333334,39.01024218225419,3.3340579718451503e-19,311.05643260518997,0
59.5,39.023681860538,3.272450465236448e-19,310.9878883359241,0
59.516666666666666,39.03711857725974,3.2119817910235027e-19,310.9193591710456,0
59.53333333333333,39.05055233307205,3.152630889255068e-19,310.850845107226,0
59.55,39.06398312862737,3.0943770895918215e-19,310.78234614113774,0
59.56666666666667,39.077410964578036,3.0372001040955075e-19,310.7138622694539,0
59.583333333333336,39.09083584157622,2.981080020151425e-19,310.6453934888482,0
59.6,39.10425776027396,2.9259972935221524e-19,310.5769397959952,0
59.61666666666667,39.117676721323136,2.871932741529767e-19,310.5085011875702,0
59.63333333333333,39.1310927253755,2.81886753636434e-19,310.4400776602492,0
59.65,39.144505773082656,2.766783198516371e-19,310.37166921070883,0
59.666666666666664,39.15791586509606,2.715661590330665e-19,310.3032758356267,0
59.68333333333333,39.171323002067034,2.665484909679812e-19,310.234897531681,0
59.7,39.18472718464675,2.616235683754574e-19,310.16653429555055,0
59.71666666666667,39.198128413486224,2.5678967629693367e-19,310.09818612391507,0
59.733333333333334,39.21152668923636,2.5204513149804094e-19,310.02985301345495,0
59.75,39.22492201254787,2.4738828188150696e-19,309.96153496085134,0
59.766666666666666,39.23831438407139,2.428175059109279e-19,309.89323196278605,0
59.78333333333333,39.25170380445735,2.383312120452051e-19,309.82494401594175,0
59.8,39.26509027435606,2.339278381834663e-19,309.75667111700164,0
59.81666666666667,39.2784737944177,2.2960585112024573e-19,309.6884132626498,0
59.833333333333336,39.29185436529228,2.253637460107621e-19,309.62017044957116,0
59.85,39.30523198762971,2.2120004584609887e-19,309.55194267445114,0
59.86666666666667,39.318606662079695,2.171133009380887e-19,309.4837299339759,0
59.88333333333333,39.33197838929186,2.1310208841374018e-19,309.4155322248324,0
59.9,39.345347169915634,2.0916501171903195e-19,309.34734954370856,0
59.916666666666664,39.35871300460033,2.0530070013187934e-19,309.27918188729257,0
59.93333333333333,39.372075893995124,2.015078082841307e-19,309.2110292522737,0
59.95,39.385435838749025,1.977850156923997e-19,309.14289163534187,0
59.96666666666667,39.39879283951093,1.941310262975946e-19,309.07476903318764,0
59.983333333333334,39.41214689692957,1.9054456801296433e-19,309.0066614425023,0
60.0,39.42549801165353,1.870243922805153e-19,308.9385688599781,0
60.016666666666666,39.43884618433127,1.8356927363563822e-19,308.87049128230774,0
60.03333333333333,39.45219141561108,1.8017800927979337e-19,308.80242870618474,0
60.05,39.465533706141166,1.7684941866110883e-19,308.7343811283034,0
60.06666666666667,39.47887305656951,1.7358234306273993e-19,308.66634854535874,0
60.083333333333336,39.49220946754401,1.7037564519885277e-19,308.5983309540464,0
60.1,39.5055429397124,1.672282088180785e-19,308.53032835106285,0
60.11666666666667,39.51887347372227,1.6413893831431832e-19,308.4623407331054,0
60.13333333333333,39.53220107022109,1.611067583447444e-19,308.3943680968718,0
60.15,39.54552572985614,1.5813061345487731e-19,308.32641043906074,0
60.166666666666664,39.5588474532746,1.5520946771060108e-19,308.25846775637154,0
60.18333333333333,39.5721662411235,1.523423043369876e-19,308.1905400455044,0
60.2,39.5854820940497,1.4952812536381336e-19,308.12262730316,0
60.21666666666667,39.598795012699966,1.467659512776305e-19,308.05472952604003,0
60.233333333333334,39.61210499772087,1.4405482068028151e-19,307.9868467108466,0
60.25,39.625412049758886,1.4139378995373466e-19,307.91897885428284,0
60.266666666666666,39.6387161694603,1.3878193293112098e-19,307.8511259530523,0
60.28333333333333,39.652017357471316,1.3621834057386503e-19,307.7832880038597,0
60.3,39.66531561443792,1.3370212065478574e-19,307.71546500341,0
60.31666666666667,39.678610941006035,1.3123239744706692e-19,307.64765694840906,0
60.333333333333336,39.691903337821365,1.28808311418984e-19,307.5798638355637,0
60.35,39.705192805529535,1.264290189342793e-19,307.5120856615811,0
60.36666666666667,39.71847934477599,1.2409369195808445e-19,307.44432242316947,0
60.38333333333333,39.73176295620605,1.218015177682864e-19,307.37657411703753,0
60.4,39.74504364046489,1.1955169867223337e-19,307.3088407398949,0
60.416666666666664,39.75832139819753,1.1734345172868484e-19,307.2411222884517,0
60.43333333333333,39.771596230048864,1.1517600847491142e-19,307.17341875941906,0
60.45,39.78486813666364,1.1304861465883845e-19,307.10573014950853,0
60.46666666666667,39.79813711868647,1.1096052997615342e-19,307.0380564554327,0
60.483333333333334,39.81140317676179,1.0891102781227604e-19,306.97039767390453,0
60.5,39.824666311533946,1.0689939498910286e-19,306.9027538016381,0
60.516666666666666,39.8379265236471,1.0492493151644285e-19,306.83512483534787,0
60.53333333333333,39.851183813745294,1.0298695034804756e-19,306.7675107717492,0
60.55,39.864438182472426,1.0108477714216316e-19,306.6999116075581,0
60.56666666666667,39.87768963047224,9.921775002650649e-20,306.6323273394915,0
60.583333333333336,39.89093815838835,9.738521936759736e-20,306.5647579642667,0
60.6,39.90418376686423,9.55865475443562e-20,306.49720347860205,0
60.61666666666667,39.91742645654319,9.38211087258911e-20,306.42966387921643,0
60.63333333333333,39.93066622806843,9.208828865339947e-20,306.3621391628295,0
60.65,39.943903082083,9.038748442610531e-20,306.29462932616167,0
60.666666666666664,39.957137019229776,8.87181042911554e-20,306.22713436593415,0
60.68333333333333,39.97036804015154,8.707956743740708e-20,306.1596542788685,0
60.7,39.9835961454909,8.547130379303058e-20,306.09218906168763,0
60.71666666666667,39.99682133589033,8.389275382685609e-20,306.0247387111146,0
60.733333333333334,40.01004361199218,8.234336835339837e-20,305.9573032238734,0
60.75,40.02326297443864,8.082260834148832e-20,305.88988259668884,0
60.766666666666666,40.03647942387175,7.932994472644745e-20,305.8224768262863,0
60.78333333333333,40.04969296093341,7.786485822573633e-20,305.755085909392,0
60.8,40.06290358626542,7.642683915801389e-20,305.6877098427328,0
60.81666666666667,40.076111300509396,7.5015387265548e-20,305.62034862303625,0
60.833333333333336,40.0893161043068,7.363001153990906e-20,305.5530022470308,0
60.85,40.10251799829902,7.227023005089117e-20,305.48567071144544,0
60.86666666666667,40.11571698312723,7.093556977859691e-20,305.41835401300995,0
60.88333333333333,40.128913059432506,6.962556644863201e-20,305.35105214845476,0
60.9,40.14210622785575,6.833976437034714e-20,305.28376511451114,0
60.916666666666664,40.15529648903775,6.707771627807319e-20,305.216492907911,0
60.93333333333333,40.168483843619164,6.583898317529584e-20,305.1492355253871,0
60.95,40.18166829224047,6.462313418171177e-20,305.0819929636727,0
60.96666666666667,40.194849835542016,6.342974638311475e-20,305.01476521950184,0
60.983333333333334,40.20802847416403,6.225840468406172e-20,304.9475522896094,0
61.0,40.22120420874659,6.110870166326113e-20,304.880354170731,0
61.016666666666666,40.234377039929626,5.998023743164095e-20,304.81317085960274,0
61.03333333333333,40.24754696835293,5.887261949303967e-20,304.7460023529617,0
61.05,40.26071399465615,5.778546260747672e-20,304.6788486475455,0
61.06666666666667,40.273878119478795,5.671838865695195e-20,304.6117097400926,0
61.083333333333336,40.28703934346024,5.567102651372882e-20,304.54458562734203,0
61.1,40.3001976672397,5.464301191105339e-20,304.4774763060338,0
61.11666666666667,40.313353091456285,5.363398731626658e-20,304.41038177290835,0
61.13333333333333,40.326505616748925,5.264360180626304e-20,304.34330202470693,0
61.15,40.339655243756425,5.1671510945255253e-20,304.2762370581717,0
61.166666666666664,40.35280197311746,5.0717376664797637e-20,304.20918687004524,0
61.18333333333333,40.36594580547053,4.97808671460329e-20,304.142151457071,0
61.2,40.37908674145405,4.88616567041139e-20,304.0751308159932,0
61.21666666666667,40.39222478170625,4.7959425674765995e-20,304.00812494355665,0
61.233333333333334,40.405359926865216,4.707386030294789e-20,303.941133836507,0
61.25,40.41849217756894,4.620465263357096e-20,303.8741574915905,0
61.266666666666666,40.431621534455225,4.535150040424213e-20,303.8071959055542,0
61.28333333333333,40.44474799816176,4.4514106939989764e-20,303.74024907514575,0
61.3,40.457871569326066,4.3692181049937247e-20,303.6733169971138,0
61.31666666666667,40.47099224858557,4.288543692588932e-20,303.6063996682073,0
61.333333333333336,40.484110036577505,4.2093594042793435e-20,303.53949708517627,0
61.35,40.497224933939,4.1316377061042016e-20,303.47260924477126,0
61.36666666666667,40.51033694130704,4.055351573058464e-20,303.40573614374364,0
61.38333333333333,40.52344605931845,3.980474479681048e-20,303.3388777788455,0
61.4,40.53655228860995,3.9069803908175e-20,303.27203414682947,0
61.416666666666664,40.54965562981806,3.834843752553383e-20,303.2052052444491,0
61.43333333333333,40.56275608357924,3.76403948331549e-20,303.1383910684585,0
61.45,40.57585365052973,3.6945429651375444e-20,303.0715916156126,0
61.46666666666667,40.588948331305694,3.626330035087554e-20,303.004806882667,0
61.483333333333334,40.6020401265431,3.559376976853819e-20,302.9380368663781,0
61.5,40.61512903687783,3.4936605124864317e-20,302.87128156350286,0
61.516666666666666,40.628215062945586,3.429157794291662e-20,302.8045409707991,0
61.53333333333333,40.64129820538196,3.3658463968762356e-20,302.73781508502526,0
61.55,40.654378464822365,3.3037043093387654e-20,302.67110390294056,0
61.56666666666667,40.66745584190211,3.242709927605727e-20,302.60440742130487,0
61.583333333333336,40.68053033725635,3.1828420469090165e-20,302.53772563687875,0
61.6,40.693601951520094,3.124079854402831e-20,302.4710585464236,0
61.61666666666667,40.70667068532823,3.066402921917026e-20,302.4044061467015,0
61.63333333333333,40.71973653931548,3.009791198844566e-20,302.33776843447515,0
61.65,40.73279951411645,2.9542250051604526e-20,302.27114540650797,0
61.666666666666664,40.74585961036559,2.899685024569923e-20,302.20453705956425,0
61.68333333333333,40.75891682869723,2.8461522977832036e-20,302.1379433904088,0
61.7,40.77197116974553,2.793608215914889e-20,302.0713643958073,0
61.71666666666667,40.78502263414453,2.742034514005165e-20,302.004800072526,0
61.733333333333334,40.79807122252814,2.691413264661036e-20,301.93825041733203,0
61.75,40.81111693553011,2.6417268718151187e-20,301.871715426993,0
61.766666666666666,40.82415977378404,2.5929580645998297e-20,301.80519509827747,0
61.78333333333333,40.83719973792344,2.5450898913349713e-20,301.73868942795457,0
61.8,40.850236828581636,2.4981057136264305e-20,301.6721984127943,0
61.81666666666667,40.86327104639182,2.4519892005740655e-20,301.60572204956696,0
61.833333333333336,40.87630239198706,2.4067243230867125e-20,301.5392603350442,0
61.85,40.889330866000265,2.362295348302409e-20,301.4728132659978,0
61.86666666666667,40.90235646906422,2.3186868341116628e-20,301.40638083920055,0
61.88333333333333,40.915379201811575,2.2758836237821558e-20,301.33996305142597,0
61.9,40.92839906487483,2.233870840682824e-20,301.2735598994482,0
61.916666666666664,40.94141605888634,2.1926338831054843e-20,301.2071713800419,0
61.93333333333333,40.95443018447833,2.152158419182253e-20,301.14079748998296,0
61.95,40.96744144228289,2.1124303818969818e-20,301.0744382260474,0
61.96666666666667,40.98044983293195,2.0734359641889465e-20,301.0080935850124,0
61.983333333333334,40.99345535705734,2.035161614147056e-20,300.94176356365546,0
62.0,41.00645801529071,1.9975940302929918e-20,300.87544815875515,0
62.016666666666666,41.019457808263574,1.9607201569515478e-20,300.8091473670906,0
62.03333333333333,41.03245473660735,1.9245271797066086e-20,300.74286118544154,0
62.05,41.04544880095327,1.889002520941156e-20,300.67658961058856,0
62.06666666666667,41.058440001932425,1.854133835459738e-20,300.61033263931296,0
62.083333333333336,41.07142834017583,1.8199090061919403e-20,300.5440902683967,0
62.1,41.08441381631427,1.786316139975285e-20,300.4778624946224,0
62.11666666666667,41.09739643097846,1.7533435634160877e-20,300.41164931477346,0
62.13333333333333,41.11037618479895,1.7209798188269166e-20,300.3454507256339,0
62.15,41.12335307840616,1.689213660239186e-20,300.27926672398866,0
62.166666666666664,41.136327112430365,1.658034049489384e-20,300.21309730662307,0
62.18333333333333,41.14929828750169,1.627430152377822e-20,300.1469424703235,0
62.2,41.16226660425014,1.5973913348982875e-20,300.08080221187686,0
62.21666666666667,41.17523206330557,1.5679071595375245e-20,300.0146765280706,0
62.233333333333334,41.18819466529771,1.5389673816430763e-20,299.9485654156933,0
62.25,41.20115441085614,1.5105619458583157e-20,299.88246887153383,0
62.266666666666666,41.214111300610284,1.482680982623395e-20,299.81638689238207,0
62.28333333333333,41.22706533518947,1.4553148047409323e-20,299.75031947502833,0
62.3,41.24001651522285,1.4284539040051312e-20,299.684266616264,0
62.31666666666667,41.252964841339455,1.402088947893313e-20,299.6182283128807,0
62.333333333333336,41.265910314168174,1.3762107763185818e-20,299.5522045616712,0
62.35,41.27885293433774,1.3508103984425235e-20,299.48619535942873,0
62.36666666666667,41.29179270247679,1.3258789895469195e-20,299.4202007029473,0
62.38333333333333,41.30472961921379,1.301407887963186e-20,299.3542205890215,0
62.4,41.31766368517705,1.2773885920586972e-20,299.2882550144469,0
62.416666666666664,41.3305949009948,1.2538127572787722e-20,299.22230397601953,0
62.43333333333333,41.34352326729507,1.2306721932433766e-20,299.1563674705363,0
62.45,41.35644878470578,1.207958860897525e-20,299.0904454947945,0
62.46666666666667,41.369371453854725,1.1856648697143218e-20,299.02453804559264,0
62.483333333333334,41.38229127536954,1.1637824749497931e-20,298.9586451197295,0
62.5,41.39520824987773,1.1423040749483804e-20,298.89276671400484,0
62.516666666666666,41.40812237800666,1.121222208498367e-20,298.82690282521884,0
62.53333333333333,41.42103366038355,1.1005295522360995e-20,298.76105345017265,0
62.55,41.43394209763551,1.080218918098269e-20,298.6952185856681,0
62.56666666666667,41.446847690389454,1.0602832508212754e-20,298.6293982285075,0
62.583333333333336,41.459750439272234,1.0407156254868275e-20,298.5635923754942,0
62.6,41.4726503449105,1.0215092451129209e-20,298.4978010234319,0
62.61666666666667,41.48554740793078,1.0026574382893579e-20,298.4320241691252,0
62.63333333333333,41.498441628959505,9.841536568570029e-21,298.36626180937947,0
62.65,41.51133300862292,9.659914736299053e-21,298.30051394100064,0
62.666666666666664,41.524221547547135,9.481645801595665e-21,298.23478056079546,0
62.68333333333333,41.53710724635814,9.3066678454054e-21,298.1690616655712,0
62.7,41.549990105681786,9.134920092565973e-21,298.10335725213605,0
62.71666666666667,41.56287012614378,8.966342890667104e-21,298.03766731729877,0
62.733333333333334,41.575747308369685,8.800877689301212e-21,297.9719918578689,0
62.75,41.58862165298494,8.638467019697795e-21,297.9063308706565,0
62.766666666666666,41.60149316061485,8.479054474734216e-21,297.84068435247275,0
62.78333333333333,41.614361831884565,8.322584689316021e-21,297.775052300129,0
62.8,41.627227667419085,8.169003321120123e-21,297.70943471043773,0
62.81666666666667,41.64009066784332,8.01825703169395e-21,297.6438315802119,0
62.833333333333336,41.652950833782,7.870293467903822e-21,297.57824290626525,0
62.85,41.66580816585973,7.725061243726614e-21,297.51266868541217,0
62.86666666666667,41.67866266470098,7.582509922377646e-21,297.4471089144677,0
62.88333333333333,41.69151433093009,7.442589998769467e-21,297.3815635902479,0
62.9,41.70436316517123,7.305252882294393e-21,297.316032709569,0
62.916666666666664,41.71720916804848,7.170450879925761e-21,297.25051626924846,0
62.93333333333333,41.730052340185736,7.038137179631228e-21,297.18501426610413,0
62.95,41.74289268220681,6.908265834093058e-21,297.11952669695455,0
62.96666666666667,41.755730194735314,6.780791744729005e-21,297.0540535586192,0
62.983333333333334,41.76856487839477,6.655670646008782e-21,296.9885948479181,0
63.0,41.78139673380855,6.532859090060508e-21,296.92315056167183,0
63.016666666666666,41.79422576159986,6.412314431561533e-21,296.8577206967019,0
63.03333333333333,41.80705196239183,6.29399481290865e-21,296.7923052498305,0
63.05,41.819875336807385,6.177859149662443e-21,296.72690421788053,0
63.06666666666667,41.83269588546937,6.063867116260845e-21,296.6615175976753,0
63.083333333333336,41.84551360900045,5.951979131996378e-21,296.59614538603915,0
63.1,41.85832850802317,5.8421563472531074e-21,296.5307875797971,0
63.11666666666667,41.87114058315995,5.734360629997647e-21,296.4654441757747,0
63.13333333333333,41.88394983503304,5.628554552519986e-21,296.4001151707983,0
63.15,41.896756264264596,5.5247013784193984e-21,296.33480056169486,0
63.166666666666664,41.909559871476596,5.42276504983102e-21,296.2695003452923,0
63.18333333333333,41.92236065729091,5.322710174888305e-21,296.2042145184188,0
63.2,41.935158622329254,5.224502015417427e-21,296.13894307790366,0
63.21666666666667,41.947953767213214,5.128106474859048e-21,296.07368602057664,0
63.233333333333334,41.960746092564236,5.033490086413391e-21,296.00844334326837,0
63.25,41.97353559900365,4.9406200014043294e-21,295.94321504281,0
63.266666666666666,41.9863222871526,4.849463977858673e-21,295.8780011160334,0
63.28333333333333,41.99910615763214,4.759990369296552e-21,295.81280155977123,0
63.3,42.01188721106317,4.67216811372882e-21,295.74761637085686,0
63.31666666666667,42.024665448066465,4.5859667228580195e-21,295.6824455461242,0
63.333333333333336,42.037440869262625,4.501356271478844e-21,295.61728908240815,0
63.35,42.05021347527215,4.418307387074606e-21,295.5521469765439,0
63.36666666666667,42.062983266715406,4.336791239605752e-21,295.48701922536776,0
63.38333333333333,42.0757502442126,4.256779531487452e-21,295.42190582571635,0
63.4,42.08851440838381,4.178244487752124e-21,295.35680677442735,0
63.416666666666664,42.10127575984899,4.101158846394069e-21,295.29172206833874,0
63.43333333333333,42.11403429922794,4.0254958488921905e-21,295.2266517042896,0
63.45,42.12679002714032,3.951229230908284e-21,295.1615956791196,0
63.46666666666667,42.13954294420568,3.878333213156905e-21,295.09655398966885,0
63.483333333333334,42.15229305104341,3.806782492444192e-21,295.0315266327783,0
63.5,42.165040348272775,3.736552232872196e-21,294.9665136052898,0
63.516666666666666,42.177784836512885,3.6676180572057944e-21,294.90151490404565,0
63.53333333333333,42.19052651638275,3.599956038399204e-21,294.8365305258889,0
63.55,42.2032653885012,3.53354269127903e-21,294.77156046766345,0
63.56666666666667,42.21600145348696,3.4683549643810016e-21,294.7066047262136,0
63.583333333333336,42.22873471195861,3.4043702319377405e-21,294.6416632983845,0
63.6,42.24146516453459,3.341566286014356e-21,294.5767361810222,0
63.61666666666667,42.2541928118332,3.2799213287895695e-21,294.5118233709731,0
63.63333333333333,42.26691765447262,3.2194139649794416e-21,294.4469248650845,0
63.65,42.279639693070884,3.16002319440101e-21,294.3820406602042,0
63.666666666666664,42.29235892824588,3.1017284046735463e-21,294.3171707531811,0
63.68333333333333,42.30507536061538,3.0445093640545385e-21,294.25231514086437,0
63.7,42.317788990797006,2.988346214408098e-21,294.187473820104,0
63.71666666666667,42.33049981940823,2.933219464303371e-21,294.1226467877508,0
63.733333333333334,42.34320784706643,2.8791099822404187e-21,294.05783404065613,0
63.75,42.35591307438881,2.825998990001314e-21,293.9930355756721,0
63.766666666666666,42.36861550199245,2.7738680561241215e-21,293.9282513896515,0
63.78333333333333,42.3813151304943,2.7226990894974133e-21,293.86348147944784,0
63.8,42.39401196051117,2.6724743330732573e-21,293.79872584191537,0
63.81666666666667,42.40670599265973,2.6231763576962903e-21,293.7339844739089,0
63.833333333333336,42.419397227556516,2.5747880560468364e-21,293.669257372284,0
63.85,42.43208566581792,2.527292636696024e-21,293.60454453389696,0
63.86666666666667,42.44477130806023,2.4806736182706413e-21,293.5398459556047,0
63.88333333333333,42.45745415489956,2.4349148237259476e-21,293.4751616342649,0
63.9,42.4701342069519,2.3900003747241874e-21,293.4104915667359,0
63.916666666666664,42.48281146483312,2.345914686117077e-21,293.34583574987676,0
63.93333333333333,42.49548592915894,2.302642460530194e-21,293.28119418054723,0
63.95,42.50815760054494,2.2601686830474536e-21,293.2165668556076,0
63.96666666666667,42.520826479606576,2.2184786159938047e-21,293.1519537719191,0
63.983333333333334,42.53349256695916,2.1775577938143075e-21,293.0873549263435,0
64.0,42.546155863217884,2.1373920180479012e-21,293.0227703157433,0
64.01666666666667,42.55881636899778,2.097967352393945e-21,292.95819993698166,0
64.03333333333333,42.57147408491376,2.059270117870011e-21,292.8936437869225,0
64.05,42.58412901158059,2.0212868880590984e-21,292.8291018624304,0
64.06666666666666,42.59678114961292,1.9840044844446388e-21,292.76457416037056,0
64.08333333333333,42.609430499625255,1.9474099718317883e-21,292.700060677609,0
64.1,42.622077062231945,1.9114906538532162e-21,292.6355614110122,0
64.11666666666666,42.63472083804723,1.8762340685580114e-21,292.57107635744774,0
64.13333333333334,42.64736182768521,1.8416279840820487e-21,292.5066055137835,0
64.15,42.660000031759836,1.807660394398361e-21,292.4421488768882,0
64.16666666666667,42.67263545088495,1.774319515146047e-21,292.3777064436312,0
64.18333333333334,42.68526808567423,1.741593779536195e-21,292.3132782108827,0
64.2,42.69789793674124,1.7094718343335283e-21,292.2488641755134,0
64.21666666666667,42.710525004699385,1.6779425359122031e-21,292.18446433439476,0
64.23333333333333,42.723149290161956,1.6469949463845651e-21,292.12007868439906,0
64.25,42.73577079374212,1.6166183298013783e-21,292.055707222399,0
64.26666666666667,42.74838951605287,1.5868021484222543e-21,291.9913499452682,0
64.28333333333333,42.761005457707085,1.5575360590550132e-21,291.92700684988085,0
64.3,42.77361861931752,1.5288099094626788e-21,291.8626779331119,0
64.31666666666666,42.78622900149678,1.5006137348368048e-21,291.798363191837,0
64.33333333333333,42.79883660485734,1.4729377543360263e-21,291.73406262293236,0
64.35,42.81144143001155,1.4457723676885265e-21,291.669776223275,0
64.36666666666666,42.82404347757159,1.4191081518572544e-21,291.60550398974254,0
64.38333333333334,42.83664274814955,1.3929358577667904e-21,291.54124591921345,0
64.4,42.849239242357356,1.3672464070906431e-21,291.4770020085666,0
64.41666666666667,42.86183296080681,1.3420308890979374e-21,291.41277225468195,0
64.43333333333334,42.87442390410959,1.3172805575583324e-21,291.34855665443973,0
64.45,42.8870120728772,1.2929868277041162e-21,291.2843552047212,0
64.46666666666667,42.899597467721044,1.2691412732484559e-21,291.220167902408,0
64.48333333333333,42.91218008925239,1.245735623458676e-21,291.1559947443827,0
64.5,42.92475993808237,1.2227617602836646e-21,291.09183572752846,0
64.51666666666667,42.937337014821956,1.2002117155342978e-21,291.02769084872915,0
64.53333333333333,42.94991132008202,1.1780776681159887e-21,290.9635601048693,0
64.55,42.96248285447328,1.1563519413123405e-21,290.89944349283417,0
64.56666666666666,42.97505161860632,1.1350270001189759e-21,290.8353410095096,0
64.58333333333333,42.987617613091594,1.1140954486266374e-21,290.7712526517823,0
64.6,43.00018083853942,1.0935500274526171e-21,290.7071784165394,0
64.61666666666666,43.01274129556,1.0733836112196308e-21,290.6431183006691,0
64.63333333333334,43.02529898476336,1.0535892060812728e-21,290.57907230105985,0
64.65,43.037853906759416,1.0341599472931953e-21,290.5150404146011,0
64.66666666666667,43.05040606215796,1.0150890968291162e-21,290.4510226381829,0
64.68333333333334,43.062955451568634,9.963700410408995e-22,290.38701896869594,0
64.7,43.07550207560096,9.77996288361857e-22,290.3230294030316,0
64.71666666666667,43.08804593486429,9.599614670524343e-22,290.259053938082,0
64.73333333333333,43.10058702996789,9.422593229876173e-22,290.19509257073986,0
64.75,43.113125361520865,9.248837174851152e-22,290.1311452978987,0
64.76666666666667,43.125660930132184,9.078286251737334e-22,290.0672121164526,0
64.78333333333333,43.138193736410685,8.910881319010914e-22,290.00329302329646,0
64.8,43.15072378096509,8.746564326799854e-22,289.93938801532573,0
64.81666666666666,43.163251064403944,8.585278296726974e-22,289.87549708943664,0
64.83333333333333,43.17577558733572,8.426967302125242e-22,289.81162024252603,0
64.85,43.18829735036871,8.27157644861866e-22,289.7477574714915,0
64.86666666666666,43.20081635411106,8.119051855061627e-22,289.68390877323134,0
64.88333333333334,43.21333259917084,7.969340634830544e-22,289.6200741446444,0
64.9,43.225846086155926,7.822390877460885e-22,289.55625358263023,0
64.91666666666667,43.2383568156741,7.678151630623605e-22,289.4924470840893,0
64.93333333333334,43.250864788333,7.536572882434179e-22,289.4286546459224,0
64.95,43.26337000474012,7.39760554408859e-22,289.36487626503134,0
64.96666666666667,43.27587246550282,7.261201432820001e-22,289.3011119383184,0
64.98333333333333,43.288372171228346,7.127313255170187e-22,289.2373616626867,0
65.0,43.300869122523785,6.995894590569987e-22,289.17362543503975,0
65.01666666666667,43.31336331999612,6.866899875222935e-22,289.10990325228215,0
65.03333333333333,43.325854764252156,6.74028438628674e-22,289.0461951113188,0
65.05,43.33834345589862,6.61600422634664e-22,288.98250100905557,0
65.06666666666666,43.35082939554205,6.494016308175833e-22,288.9188209423989,0
65.08333333333333,43.36331258378889,6.374278339777155e-22,288.8551549082559,0
65.1,43.37579302124543,6.256748809701109e-22,288.7915029035343,0
65.11666666666666,43.38827070851784,6.141386972635037e-22,288.72786492514257,0
65.13333333333334,43.40074564621214,6.0281528352585035e-22,288.66424096999003,0
65.15,43.41321783493423,5.91700714235979e-22,288.6006310349864,0
65.16666666666667,43.42568727528988,5.807911363208947e-22,288.5370351170422,0
65.18333333333334,43.43815396788471,5.700827678182356e-22,288.4734532130687,0
65.2,43.450617913324216,5.595718965634509e-22,288.4098853199778,0
65.21666666666667,43.46307911221378,5.492548789012045e-22,288.34633143468204,0
65.23333333333333,43.475537565158604,5.391281384205937e-22,288.28279155409456,0
65.25,43.48799327276379,5.291881647137076e-22,288.21926567512946,0
65.26666666666667,43.50044623563429,5.194315121571344e-22,288.15575379470124,0
65.28333333333333,43.51289645437497,5.0985479871595e-22,288.0922559097253,0
65.3,43.52534392959049,5.004547047698142e-22,288.02877201711743,0
65.31666666666666,43.537788661885415,4.912279719607229e-22,287.96530211379434,0
65.33333333333333,43.55023065186419,4.821714020620685e-22,287.9018461966735,0
65.35,43.562669900131105,4.732818558685569e-22,287.8384042626727,0
65.36666666666666,43.57510640729031,4.645562521066434e-22,287.77497630871073,0
65.38333333333334,43.587540173945854,4.559915663650817e-22,287.711562331707,0
65.4,43.59997120070162,4.475848300452245e-22,287.6481623285815,0
65.41666666666667,43.612399488161365,4.393331293307071e-22,287.58477629625503,0
65.43333333333334,43.62482503692873,4.312336041761653e-22,287.5214042316489,0
65.45,43.63724784760723,4.2328344731461384e-22,287.45804613168514,0
65.46666666666667,43.64966792080019,4.1547990328316304e-22,287.3947019932867,0
65.48333333333333,43.66208525711087,4.0782026746673877e-22,287.33137181337673,0
65.5,43.67449985714235,4.0030188515942943e-22,287.26805558887963,0
65.51666666666667,43.68691172149761,3.929221506432076e-22,287.20475331672003,0
65.53333333333333,43.69932085077948,3.856785062836239e-22,287.14146499382343,0
65.55,43.71172724559066,3.785684416422304e-22,287.078190617116,0
65.56666666666666,43.7241309065337,3.7158949260537675e-22,287.01493018352454,0
65.58333333333333,43.736531834211064,3.6473924052909374e-22,286.95168368997656,0
65.6,43.74893002922503,3.5801531139978354e-22,286.8884511334002,0
65.61666666666666,43.761325492177775,3.5141537501038365e-22,286.8252325107244,0
65.63333333333334,43.77371822367133,3.449371441517612e-22,286.7620278188786,0
65.65,43.786108224307604,3.385783738190339e-22,286.6988370547931,0
65.66666666666667,43.798495494688375,3.3233686043253994e-22,286.6356602153987,0
65.68333333333334,43.81088003541526,3.262104410732e-22,286.57249729762697,0
65.7,43.82326184708978,3.2019699273199637e-22,286.5093482984102,0
65.71666666666667,43.8356409303133,3.1429443157331006e-22,286.4462132146812,0
65.73333333333333,43.84801728568707,3.0850071221185287e-22,286.3830920433737,0
65.75,43.86039091381219,3.0281382700296422e-22,286.3199847814219,0
65.76666666666667,43.872761815289635,2.972318053460013e-22,286.2568914257607,0
65.78333333333333,43.88512999072025,2.917527130005919e-22,286.19381197332575,0
65.8,43.89749544070475,2.863746514155233e-22,286.1307464210534,0
65.81666666666666,43.90985816584371,2.810957570700024e-22,286.0676947658805,0
65.83333333333333,43.922218166737565,2.7591420082709715e-22,286.00465700474473,0
65.85,43.93457544398665,2.708281872991097e-22,285.9416331345845,0
65.86666666666666,43.94692999819114,2.6583595422466027e-22,285.87862315233866,0
65.88333333333334,43.95928182995106,2.6093577185728543e-22,285.81562705494696,0
65.9,43.971630939866365,2.56125942365309e-22,285.7526448393497,0
65.91666666666667,43.98397732853681,2.5140479924280645e-22,285.68967650248794,0
65.93333333333334,43.996320996562055,2.467707067314403e-22,285.62672204130337,0
65.95,44.00866194454162,2.422220592529643e-22,285.5637814527382,0
65.96666666666667,44.0210001730749,2.377572808522168e-22,285.5008547337357,0
65.98333333333333,44.033335682761155,2.3337482465038496e-22,285.43794188123945,0
66.0,44.04566847419949,2.290731723083768e-22,285.3750428921938,0
66.01666666666667,44.057998547988916,2.248508335000839e-22,285.3121577635439,0
66.03333333333333,44.070325904728286,2.2070634539538745e-22,285.24928649223534,0
66.05,44.08265054501632,2.1663827215269364e-22,285.18642907521473,0
66.06666666666666,44.094972469451626,2.1264520442084723e-22,285.12358550942895,0
66.08333333333333,44.10729167863266,2.0872575885023537e-22,285.0607557918259,0
66.1,44.119608173157765,2.0487857761292257e-22,284.9979399193539,0
66.11666666666666,44.13192195362513,2.0110232793163815e-22,284.935137888962,0
66.13333333333334,44.14423302063282,1.9739570161746655e-22,284.8723496976001,0
66.15,44.15654137477879,1.9375741461606656e-22,284.8095753422186,0
66.16666666666667,44.16884701666083,1.9018620656226936e-22,284.7468148197685,0
66.18333333333334,44.18114994687662,1.8668084034290335e-22,284.68406812720167,0
66.2,44.1934501660237,1.8324010166768284e-22,284.62133526147056,0
66.21666666666667,44.20574767469949,1.7986279864802515e-22,284.5586162195283,0
66.23333333333333,44.21804247350125,1.7654776138363521e-22,284.49591099832867,0
66.25,44.23033456302613,1.7329384155673377e-22,284.43321959482614,0
66.26666666666667,44.24262394387116,1.70099912033764e-22,284.37054200597584,0
66.28333333333333,44.25491061663321,1.6696486647445706e-22,284.3078782287336,0
66.3,44.26719458190903,1.6388761894811587e-22,284.24522826005585,0
66.31666666666666,44.279475840295255,1.6086710355697783e-22,284.18259209689984,0
66.33333333333333,44.29175439238836,1.5790227406653333e-22,284.11996973622325,0
66.35,44.304030238784705,1.549921035426676e-22,284.0573611749847,0
66.36666666666666,44.31630338008053,1.5213558399550186e-22,283.99476641014326,0
66.38333333333334,44.328573816871916,1.4933172602980584e-22,283.93218543865885,0
66.4,44.34084154975482,1.4657955850186884e-22,283.8696182574919,0
66.41666666666667,44.35310657932509,1.438781281826992e-22,283.80706486360356,0
66.43333333333334,44.365368906178425,1.4122649942744565e-22,283.74452525395577,0
66.45,44.37762853091039,1.3862375385091709e-22,283.681999425511,0
66.46666666666667,44.389885454116424,1.3606899000909343e-22,283.6194873752323,0
66.48333333333333,44.40213967639183,1.335613230865189e-22,283.55698910008374,0
66.5,44.41439119833179,1.3109988458945675e-22,283.4945045970297,0
66.51666666666667,44.42664002053135,1.2868382204471906e-22,283.4320338630354,0
66.53333333333333,44.43888614358543,1.2631229870404682e-22,283.3695768950667,0
66.55,44.45112956808878,1.2398449325395145e-22,283.3071336900901,0
66.56666666666666,44.463370294636086,1.2169959953091058e-22,283.2447042450728,0
66.58333333333333,44.47560832382186,1.1945682624182104e-22,283.1822885569827,0
66.6,44.48784365624048,1.1725539668961212e-22,283.11988662278833,0
66.61666666666666,44.50007629248622,1.1509454850392381e-22,283.05749843945875,0
66.63333333333334,44.5123062331532,1.1297353337675265e-22,282.99512400396407,0
66.65,44.524533478835416,1.1089161680298397e-22,282.9327633132746,0
66.66666666666667,44.53675803012673,1.0884807782570623e-22,282.87041636436163,0
66.68333333333334,44.54897988762088,1.0684220878623007e-22,282.80808315419705,0
66.7,44.56119905191149,1.0487331507872065e-22,282.74576367975334,0
66.71666666666667,44.573415523592,1.0294071490935846e-22,282.68345793800376,0
66.73333333333333,44.58562930325577,1.0104373905994486e-22,282.6211659259221,0
66.75,44.597840391496014,9.918173065587305e-23,282.55888764048296,0
66.76666666666667,44.61004878890581,9.735404493837835e-23,282.49662307866157,0
66.78333333333333,44.6222544960781,9.55600490409937e-23,282.4343722374337,0
66.8,44.63445751360572,9.379912177013245e-23,282.37213511377604,0
66.81666666666666,44.64665784208133,9.207065338971803e-23,282.30991170466564,0
66.83333333333333,44.658855482097536,9.037404540979006e-23,282.24770200708036,0
66.85,44.671050434246716,8.870871037901255e-23,282.1855060179989,0
66.86666666666666,44.683242699121195,8.707407168101008e-23,282.12332373440023,0
66.88333333333334,44.69543227731313,8.546956333446482e-23,282.0611551532644,0
66.9,44.70761916941457,8.389462979690072e-23,281.99900027157196,0
66.91666666666667,44.71980337601742,8.23487257720907e-23,281.93685908630397,0
66.93333333333334,44.731984897713424,8.083131602101799e-23,281.8747315944423,0
66.95,44.74416373509426,7.934187517632524e-23,281.81261779296955,0
66.96666666666667,44.75633988875144,7.787988756018996e-23,281.75051767886896,0
66.98333333333333,44.768513359276334,7.64448470055595e-23,281.6884312491242,0
67.0,44.780684147260196,7.503625668068569e-23,281.62635850071996,0
67.01666666666667,44.79285225329417,7.365362891689754e-23,281.5642994306414,0
67.03333333333333,44.80501767796923,7.229648503955315e-23,281.50225403587433,0
67.05,44.817180421876245,7.096435520211112e-23,281.44022231340523,0
67.06666666666666,44.82934048560595,6.965677822326361e-23,281.37820426022137,0
67.08333333333333,44.84149786974895,6.837330142707476e-23,281.3161998733105,0
67.1,44.853652574895705,6.711348048607111e-23,281.2542091496612,0
67.11666666666666,44.86580460163657,6.587687926722548e-23,281.1922320862626,0
67.13333333333334,44.87795395056175,6.466306968078476e-23,281.13026868010456,0
67.15,44.890100622261336,6.347163153188645e-23,281.0683189281775,0
67.16666666666667,44.902244617325266,6.230215237491359e-23,281.0063828274727,0
67.18333333333334,44.91438593634338,6.115422737053923e-23,280.9444603749819,0
67.2,44.926524579905355,6.002745914540557e-23,280.8825515676976,0
67.21666666666667,44.938660548600765,5.892145765439555e-23,280.82065640261294,0
67.23333333333333,44.95079384301905,5.783584004544492e-23,280.75877487672176,0
67.25,44.96292446374949,5.677023052684783e-23,280.6969069870185,0
67.26666666666667,44.975052411381256,5.572426023701479e-23,280.6350527304983,0
67.28333333333333,44.98717768650342,5.469756711662801e-23,280.573212104157,0
67.3,44.99930028970487,5.368979578316251e-23,280.51138510499095,0
67.31666666666666,45.011420221574404,5.2700597407718274e-23,280.4495717299974,0
67.33333333333333,45.02353748270066,5.172962959412596e-23,280.3877719761741,0
67.35,45.03565207367218,5.077655626028518e-23,280.3259858405195,0
67.36666666666666,45.04776399507735,4.9841047521690267e-23,280.2642133200326,0
67.38333333333334,45.05987324750443,4.8922779577106786e-23,280.2024544117133,0
67.4,45.07197983154156,4.8021434596357114e-23,280.1407091125619,0
67.41666666666667,45.084083747776745,4.713670061017625e-23,280.07897741957964,0
67.43333333333334,45.09618499679786,4.626827140210046e-23,280.0172593297682,0
67.45,45.10828357919265,4.541584640235102e-23,279.95555484012993,0
67.46666666666667,45.12037949554873,4.4579130583675065e-23,279.893863947668,0
67.48333333333333,45.1324727464536,4.3757834359110243e-23,279.83218664938613,0
67.5,45.1445633324946,4.295167348163342e-23,279.77052294228866,0
67.51666666666667,45.15665125425897,4.216036894566265e-23,279.70887282338066,0
67.53333333333333,45.168736512333794,4.1383646890376264e-23,279.64723628966783,0
67.55,45.180819107306064,4.062123850481554e-23,279.5856133381566,0
67.56666666666666,45.19289903976261,3.987287993473864e-23,279.5240039658539,0
67.58333333333333,45.204976310290135,3.913831219119312e-23,279.46240816976746,0
67.6,45.217050919475234,3.841728106077513e-23,279.40082594690574,0
67.61666666666666,45.22912286790435,3.7709537017545296e-23,279.3392572942776,0
67.63333333333334,45.241192156163805,3.701483513656887e-23,279.27770220889283,0
67.65,45.253258784839794,3.633293500905081e-23,279.2161606877616,0
67.66666666666667,45.26532275451839,3.5663600659038683e-23,279.1546327278951,0
67.68333333333334,45.27738406578552,3.5006600461659665e-23,279.09311832630476,0
67.7,45.289442719227,3.4361707062868736e-23,279.03161748000304,0
67.71666666666667,45.30149871542849,3.372869730067535e-23,278.97013018600285,0
67.73333333333333,45.31355205497556,3.3107352127825337e-23,278.9086564413179,0
67.75,45.32560273845362,3.249745653590788e-23,278.8471962429623,0
67.76666666666667,45.33765076644795,3.1898799480863356e-23,278.78574958795105,0
67.78333333333333,45.34969613954373,3.131117380986564e-23,278.72431647329984,0
67.8,45.36173885832598,3.073437618955306e-23,278.6628968960248,0
67.81666666666666,45.3737789233796,3.016820703558427e-23,278.6014908531429,0
67.83333333333333,45.38581633528937,2.96124704434923e-23,278.54009834167164,0
67.85,45.39785109463994,2.90669741208158e-23,278.47871935862935,0
67.86666666666666,45.40988320201582,2.8531529320481506e-23,278.41735390103486,0
67.88333333333334,45.421912658001396,2.8005950775416163e-23,278.35600196590764,0
67.9,45.43393946318094,2.7490056634364496e-23,278.294663550268,0
67.91666666666667,45.44596361813858,2.698366839889182e-23,278.23333865113676,0
67.93333333333334,45.457985123458315,2.6486610861547987e-23,278.17202726553535,0
67.95,45.470003979724005,2.5998712045172964e-23,278.11072939048603,0
67.96666666666667,45.48202018751941,2.551980314332171e-23,278.0494450230116,0
67.98333333333333,45.49403374742813,2.504971846178831e-23,277.9881741601355,0
68.0,45.50604466003367,2.4588295361208744e-23,277.9269167988818,0
68.01666666666667,45.5180529259194,2.4135374200722457e-23,277.8656729362755,0
68.03333333333333,45.53005854566852,2.3690798282673633e-23,277.80444256934186,0
68.05,45.542061519864134,2.3254413798332323e-23,277.743225695107,0
68.06666666666666,45.55406184908924,2.282606977461693e-23,277.68202231059774,0
68.08333333333333,45.566059533926655,2.240561802179968e-23,277.6208324128414,0
68.1,45.57805457495911,2.1992913082176428e-23,277.55965599886616,0
68.11666666666666,45.590046972769194,2.1587812179684196e-23,277.4984930657007,0
68.13333333333334,45.602036727939364,2.1190175170447127e-23,277.4373436103743,0
68.15,45.614023841051946,2.079986449423552e-23,277.3762076299171,0
68.16666666666667,45.62600831268915,2.041674512681986e-23,277.31508512135974,0
68.18333333333334,45.63799014343304,2.0040684533204047e-23,277.2539760817336,0
68.2,45.649969333865585,1.9671552621721222e-23,277.1928805080706,0
68.21666666666667,45.66194588456858,1.9309221698976082e-23,277.1317983974034,0
68.23333333333333,45.67391979612371,1.8953566425619145e-23,277.0707297467653,0
68.25,45.68589106911257,1.8604463772935909e-23,277.00967455319034,0
68.26666666666667,45.69785970411656,1.8261792980237672e-23,276.94863281371306,0
68.28333333333333,45.709825701716994,1.792543551303744e-23,276.8876045253687,0
68.3,45.72178906249505,1.7595275021998167e-23,276.82658968519314,0
68.31666666666666,45.73374978703179,1.7271197302637522e-23,276.7655882902231,0
68.33333333333333,45.74570787590812,1.6953090255776687e-23,276.70460033749566,0
68.35,45.75766332970484,1.664084384871803e-23,276.64362582404874,0
68.36666666666666,45.76961614900261,1.633435007713943e-23,276.58266474692084,0
68.38333333333334,45.78156633438197,1.603350292769092e-23,276.52171710315116,0
68.4,45.79351388642333,1.573819834128184e-23,276.4607828897795,0
68.41666666666667,45.80545880570697,1.544833417704497e-23,276.39986210384643,0
68.43333333333334,45.81740109281304,1.51638101769651e-23,276.338954742393,0
68.45,45.829340748321584,1.4884527931160437e-23,276.278060802461,0
68.46666666666667,45.84127777281247,1.4610390843804116e-23,276.21718028109296,0
68.48333333333333,45.85321216686549,1.434130409967436e-23,276.15631317533183,0
68.5,45.865143931060274,1.4077174631321884e-23,276.0954594822215,0
68.51666666666667,45.87707306597634,1.3817911086842444e-23,276.03461919880624,0
68.53333333333333,45.888999572193086,1.3563423798244054e-23,275.97379232213115,0
68.55,45.90092345028976,1.3313624750397835e-23,275.91297884924194,0
68.56666666666666,45.91284470084549,1.3068427550561065e-23,275.8521787771849,0
68.58333333333333,45.92476332443929,1.2827747398462881e-23,275.7913921030071,0
68.6,45.936679321650026,1.259150105694145e-23,275.7306188237562,0
68.61666666666666,45.948592693056455,1.2359606823122723e-23,275.6698589364804,0
68.63333333333334,45.96050343923719,1.2131984500130844e-23,275.6091124382287,0
68.65,45.97241156077074,1.1908555369320327e-23,275.5483793260507,0
68.66666666666667,45.984317058235455,1.1689242163020204e-23,275.48765959699665,0
68.68333333333334,45.99621993220958,1.1473969037781356e-23,275.4269532481175,0
68.7,46.008120183271224,1.1262661548116492e-23,275.3662602764647,0
68.71666666666667,46.02001781199837,1.1055246620725278e-23,275.30558067909055,0
68.73333333333333,46.031912818968884,1.0851652529194242e-23,275.24491445304784,0
68.75,46.04380520476049,1.0651808869163593e-23,275.18426159539007,0
68.76666666666667,46.055694969950785,1.045564653395193e-23,275.1236221031714,0
68.78333333333333,46.067582115117254,1.0263097690630581e-23,275.0629959734466,0
68.8,46.07946664083723,1.0074095756539085e-23,275.0023832032712,0
68.81666666666666,46.09134854768794,9.888575376233985e-24,274.9417837897012,0
68.83333333333333,46.103227836246475,9.706472398862607e-24,274.8811977297935,0
68.85,46.11510450708982,9.52772385595406e-24,274.8206250206053,0
68.86666666666666,46.12697856079478,9.352267939620035e-24,274.7600656591947,0
68.88333333333334,46.138849997938095,9.180043981157508e-24,274.69951964262043,0
68.9,46.15071881909633,9.010992430046022e-24,274.6389869679418,0
68.91666666666667,46.16258502484596,8.845054833332491e-24,274.5784676322187,0
68.93333333333334,46.174448615763296,8.682173815395862e-24,274.51796163251197,0
68.95,46.186309592424564,8.522293058085358e-24,274.4574689658828,0
68.96666666666667,46.198167955405815,8.365357281224634e-24,274.39698962939303,0
68.98333333333333,46.21002370528302,8.211312223475824e-24,274.33652362010537,0
69.0,46.22187684263199,8.060104623556097e-24,274.27607093508294,0
69.01666666666667,46.23372736802843,7.911682201801055e-24,274.2156315713896,0
69.03333333333333,46.245575282047895,7.765993642067667e-24,274.15520552609,0
69.05,46.257420585265834,7.622988573971347e-24,274.09479279624924,0
69.06666666666666,46.26926327825757,7.482617555450406e-24,274.03439337893303,0
69.08333333333333,46.28110336159828,7.344832055651801e-24,273.97400727120794,0
69.1,46.29294083586302,7.20958443813318e-24,273.9136344701411,0
69.11666666666666,46.304775701626745,7.07682794437379e-24,273.85327497280014,0
69.13333333333334,46.31660795946425,6.946516677590225e-24,273.7929287762536,0
69.15,46.328437609950214,6.818605586850266e-24,273.73259587757036,0
69.16666666666667,46.340264653659204,6.693050451479607e-24,273.67227627382016,0
69.18333333333334,46.35208909116564,6.569807865756398e-24,273.61196996207343,0
69.2,46.363910923043825,6.4488352238877715e-24,273.5516769394011,0
69.21666666666667,46.375730149867934,6.330090705263519e-24,273.49139720287474,0
69.23333333333333,46.38754677221202,6.2135332599817595e-24,273.4311307495667,0
69.25,46.39936079065,6.0991225946413284e-24,273.37087757654984,0
69.26666666666667,46.41117220575566,5.986819158396326e-24,273.3106376808977,0
69.28333333333333,46.422981018102696,5.876584129267744e-24,273.2504110596845,0
69.3,46.43478722826463,5.7683794007075554e-24,273.1901977099852,0
69.31666666666666,46.446590836814885,5.662167568410361e-24,273.1299976288752,0
69.33333333333333,46.45839184432675,5.5579119173686285e-24,273.0698108134306,0
69.35,46.47019025137339,5.455576409166126e-24,273.0096372607282,0
69.36666666666666,46.48198605852783,5.35512566950607e-24,272.9494769678455,0
69.38333333333334,46.493779266363006,5.256524975968944e-24,272.8893299318606,0
69.4,46.50556987545168,5.1597402459963044e-24,272.829196149852,0
69.41666666666667,46.51735788636652,5.0647380250959815e-24,272.7690756188993,0
69.43333333333334,46.52914329968006,4.971485475264789e-24,272.7089683360823,0
69.45,46.540926115964716,4.879950363624779e-24,272.64887429848187,0
69.46666666666667,46.55270633579274,4.7901010512689245e-24,272.58879350317915,0
69.48333333333333,46.56448395973631,4.701906482312558e-24,272.5287259472561,0
69.5,46.57625898836744,4.615336173146696e-24,272.46867162779523,0
69.51666666666667,46.58803142225805,4.530360201889391e-24,272.4086305418799,0
69.53333333333333,46.5998012619799,4.4469491980316405e-24,272.3486026865939,0
69.55,46.61156850810464,4.365074332274387e-24,272.28858805902166,0
69.56666666666666,46.6233331612038,4.284707306552547e-24,272.22858665624847,0
69.58333333333333,46.635095221848786,4.2058203442433e-24,272.16859847536,0
69.6,46.64685469061085,4.1283861805547694e-24,272.1086235134428,0
69.61666666666666,46.658611568061154,4.052378053091862e-24,272.0486617675838,0
69.63333333333334,46.670365854770715,3.977769692596183e-24,271.9887132348708,0
69.65,46.68211755131043,3.904535313856623e-24,271.9287779123921,0
69.66666666666667,46.69386665825106,3.832649606787484e-24,271.86885579723685,0
69.68333333333334,46.70561317616325,3.7620877276711694e-24,271.8089468864945,0
69.7,46.71735710561752,3.692825290562317e-24,271.74905117725547,0
69.71666666666667,46.72909844718426,3.6248383588503986e-24,271.6891686666105,0
69.73333333333333,46.74083720143374,3.558103436977855e-24,271.6292993516514,0
69.75,46.752573368936105,3.492597462310992e-24,271.56944322947027,0
69.76666666666667,46.76430695026135,3.428297797160717e-24,271.50960029715986,0
69.78333333333333,46.77603794597938,3.3651822209503144e-24,271.44977055181374,0
69.8,46.78776635665995,3.303228922527778e-24,271.389953990526,0
69.81666666666666,46.79949218287271,3.242416492619706e-24,271.3301506103915,0
69.83333333333333,46.81121542518716,3.182723916424451e-24,271.2703604085055,0
69.85,46.82293608417269,3.1241305663417242e-24,271.21058338196417,0
69.86666666666666,46.834654160398564,3.0666161948363405e-24,271.15081952786414,0
69.88333333333334,46.84636965443392,3.010160927433391e-24,271.09106884330276,0
69.9,46.858082566847756,2.9547452558426994e-24,271.031331325378,0
69.91666666666667,46.86979289820896,2.900350031209969e-24,270.97160697118846,0
69.93333333333334,46.88150064908631,2.8469564574922725e-24,270.9118957778333,0
69.95,46.89320582004843,2.7945460849558574e-24,270.85219774241256,0
69.96666666666667,46.90490841166382,2.743100803793598e-24,270.7925128620266,0
69.98333333333333,46.91660842450087,2.6926028378603282e-24,270.73284113377673,0
70.0,46.92830585912783,2.643034738523469e-24,270.67318255476465,0
70.01666666666667,46.940000716112856,2.5943793786271634e-24,270.61353712209285,0
70.03333333333333,46.95169299602394,2.5466199465676396e-24,270.5539048328644,0
70.05,46.963382699428955,2.4997399404777343e-24,270.494285684183,0
70.06666666666666,46.97506982689568,2.4537231625187197e-24,270.43467967315297,0
70.08333333333333,46.98675437899174,2.4085537132773055e-24,270.3750867968794,0
70.1,46.99843635628464,2.364215986265914e-24,270.3155070524678,0
70.11666666666666,47.010115759341765,2.320694662524411e-24,270.25594043702455,0
70.13333333333334,47.02179258873037,2.2779747053212547e-24,270.1963869476565,0
70.15,47.03346684501759,2.2360413549523957e-24,270.1368465814712,0
70.16666666666667,47.045138528770444,2.1948801236360477e-24,270.0773193355769,0
70.18333333333334,47.05680764055579,2.154476790501525e-24,270.01780520708223,0
70.2,47.06847418094039,2.1148173966704943e-24,269.95830419309686,0
70.21666666666667,47.0801381504909,2.0758882404289146e-24,269.89881629073074,0
70.23333333333333,47.09179954977381,2.037675872487915e-24,269.83934149709467,0
70.25,47.10345837935551,2.000167091332076e-24,269.7798798093,0
70.26666666666667,47.115114639802236,1.9633489386534728e-24,269.72043122445865,0
70.28333333333333,47.12676833168016,1.9272086948698232e-24,269.66099573968336,0
70.3,47.13841945555526,1.891733874725331e-24,269.60157335208737,0
70.31666666666666,47.15006801199343,1.8569122229725393e-24,269.5421640587847,0
70.33333333333333,47.16171400156044,1.8227317101338518e-24,269.48276785688967,0
70.35,47.17335742482191,1.7891805283411317e-24,269.42338474351766,0
70.36666666666666,47.18499828234335,1.756247087252006e-24,269.3640147157844,0
70.38333333333334,47.19663657469015,1.723920010041484e-24,269.30465777080633,0
70.4,47.208272302427574,1.6921881294673487e-24,269.2453139057006,0
70.41666666666667,47.21990546612075,1.66104048400822e-24,269.18598311758484,0
70.43333333333334,47.2315360663347,1.6304663140727017e-24,269.12666540357753,0
70.45,47.243164103634314,1.6004550582784097e-24,269.0673607607976,0
70.46666666666667,47.25478957858434,1.5709963497996465e-24,269.0080691863647,0
70.48333333333333,47.26641249174942,1.5420800127823451e-24,268.9487906773991,0
70.5,47.27803284369407,1.5136960588250895e-24,268.8895252310216,0
70.51666666666667,47.28965063498269,1.485834683525034e-24,268.8302728443539,0
70.53333333333333,47.301265866179534,1.4584862630874574e-24,268.771033514518,0
70.55,47.31287853784874,1.4316413509978246e-24,268.7118072386369,0
70.56666666666666,47.32448865055433,1.4052906747551672e-24,268.65259401383383,0
70.58333333333333,47.3360962048602,1.3794251326657059e-24,268.59339383723295,0
70.6,47.34770120133011,1.3540357906955482e-24,268.53420670595904,0
70.61666666666666,47.359303640527706,1.3291138793813853e-24,268.4750326171373,0
70.63333333333334,47.370903523016516,1.3046507907981677e-24,268.41587156789376,0
70.65,47.38250084935992,1.280638075582635e-24,268.3567235553551,0
70.66666666666667,47.3940956201212,1.2570674400117054e-24,268.29758857664837,0
70.68333333333334,47.405687835863496,1.2339307431347395e-24,268.2384666289016,0
70.7,47.41727749714983,1.2112199939586272e-24,268.1793577092432,0
70.71666666666667,47.42886460454312,1.1889273486847944e-24,268.1202618148024,0
70.73333333333333,47.44044915860612,1.167045107997092e-24,268.0611789427089,0
70.75,47.452031159901495,1.1455657143996939e-24,268.00210909009314,0
70.76666666666667,47.46361060899176,1.1244817496040568e-24,267.9430522540861,0
70.78333333333333,47.47518750643932,1.1037859319640353e-24,267.8840084318195,0
70.8,47.48676185280645,1.0834711139582734e-24,267.8249776204256,0
70.81666666666666,47.49833364865532,1.0635302797189731e-24,267.76595981703736,0
70.83333333333333,47.50990289454795,1.0439565426062708e-24,267.7069550187884,0
