time_hours,I2_center_nM,S2_free_center_nM,S2_total_center_nM,I1O2_active
0.0,100.0,0.0,0.0,1
0.016666666666666666,99.98590480870335,0.0470734515754296,1.1857721612756107,1
0.03333333333333333,99.9563531844626,0.09880507969130528,3.611693319839112,1
0.05,99.9137016913014,0.14280211243134355,7.055070533660058,1
0.06666666666666667,99.86000178343909,0.1800746565216015,11.329471069869204,1
0.08333333333333333,99.79648599083781,0.21334968976692947,16.315108021730058,1
0.1,99.72376628829863,0.24469855152582723,21.93970569314606,1
0.11666666666666667,99.64204099334778,0.27550780775504335,28.160848355198638,1
0.13333333333333333,99.55122707486561,0.3067272927459347,34.95464514948533,1
0.15,99.45103754994975,0.3390529541398643,42.308764888583305,1
0.16666666666666666,99.34102609376014,0.37303626876427587,50.218011332220534,1
0.18333333333333332,99.22061266432452,0.4091478927843773,58.68132628844132,1
0.2,99.08909797524268,0.44781539843856066,67.69959217638592,1
0.21666666666666667,98.94567125721525,0.489446385135722,77.27387972584012,1
0.23333333333333334,98.78941390761074,0.5344431004643747,87.40393826549803,1
0.25,98.6193006284111,0.5832119059751169,98.08681268997798,1
0.26666666666666666,98.43419910888986,0.6361694106995041,109.31552376118461,1
0.2833333333333333,98.23286897475111,0.6937462605784422,121.07778563268536,1
0.3,98.0139608307521,0.7563890488504921,133.35474586423769,1
0.31666666666666665,97.77601556612458,0.8245605700372349,146.11978925266703,1
0.3333333333333333,97.51746488700486,0.8987383268312586,159.33741940338473,1
0.35,97.23663353020429,0.9794110771948481,172.96228286181545,1
0.36666666666666664,96.9317439374762,1.0670730178706014,186.9384027071535,1
0.38333333333333336,96.60092427332975,1.162215037056256,201.1987036977704,1
0.4,96.24222083987833,1.2653123072575985,215.6649202676223,1
0.4166666666666667,95.85361613020586,1.3768073495529398,230.2479821698168,1
0.43333333333333335,95.43305394182222,1.4970876224781684,244.8489680144893,1
0.45,94.97847309842122,1.626456741686251,259.3607017736802,1
0.4666666666666667,94.48785132777803,1.765098724816326,273.67003896950433,1
0.48333333333333334,93.95926060932894,1.9130353159426288,287.66084562680516,1
0.5,93.39093470009422,2.070077620413363,301.21761321037934,1
0.5166666666666667,92.78134842742791,2.235775069453493,314.2295779124743,1
0.5333333333333333,92.12930659895663,2.4093670798918514,326.59512759811247,1
0.55,91.43403804574281,2.5897453412321623,338.2261942781068,1
0.5666666666666667,90.69528763011478,2.7754367266474538,349.0522598938094,1
0.5833333333333334,89.91339655675739,2.9646173074843305,359.02356913098043,1
0.6,89.08935990746927,3.1551657001219784,368.11316561534176,1
0.6166666666666667,88.2248502376769,3.344758444107427,376.317467822193,1
0.6333333333333333,87.32220012177939,3.5310015779519754,383.65525305081803,1
0.65,86.38434004754075,3.7115836812174514,390.16514667763255,1
0.6666666666666666,85.41469592746935,3.8844287305222207,395.9019089119818,1
0.6833333333333333,84.41705625765765,4.047825517696652,400.9319770352393,1
0.7,83.39542339615686,4.200514840330562,405.32878835345883,1
0.7166666666666667,82.35386474929311,4.341724869143086,409.16837554815095,1
0.7333333333333333,81.29637787306852,4.4711558405156575,412.5256099645457,1
0.75,80.22677954814215,4.588924185397103,415.4713093941271,1
0.7666666666666667,79.14862353261458,4.695480968781447,418.0702697187685,1
0.7833333333333333,78.06514827794726,4.791520368412104,420.3801511056433,1
0.8,76.97925081542317,4.877890928462062,422.4510759203709,1
0.8166666666666667,75.89348238801533,4.955518309126446,424.32575925020143,1
0.8333333333333334,74.81006012267491,5.025343819372691,426.03999784783633,1
0.85,73.73088940331861,5.088279575283816,427.6233673820107,1
0.8666666666666667,72.65759240524416,5.1451788375777925,429.10001145494624,1
0.8833333333333333,71.59153926708548,5.196818905236654,430.4894398843286,1
0.9,70.53387938153813,5.243893599409481,431.8072833375352,1
0.9166666666666666,69.4855711566141,5.287012542290503,433.06597457639356,1
0.9333333333333333,68.44740928716787,5.326704932344277,434.27534331537174,1
0.95,67.4200490783937,5.363425868804673,435.44312262254033,1
0.9666666666666667,66.4040277130995,5.39756404686186,436.5753717893478,1
0.9833333333333333,65.39978256692534,5.429449800122702,437.6768239295757,1
1.0,64.40766680527186,5.459362941624952,438.7511681767491,1
1.0166666666666666,63.42796255481518,5.487540054359985,439.80127644942434,1
1.0333333333333334,62.460891960202616,5.5141810553515525,440.8293841335358,1
1.05,61.50662642786696,5.539454970594281,441.83723302598406,1
1.0666666666666667,60.56529433550113,5.563504929195362,442.82618374038105,1
1.0833333333333333,59.6369874553517,5.586452426403227,443.79730364006656,1
1.1,58.721766307052576,5.608400926394008,444.75143531436663,1
1.1166666666666667,57.81966462417682,5.629438883763715,445.68924968815435,1
1.1333333333333333,56.93069308964767,5.649642262645427,446.61128706263645,1
1.15,56.05484246936057,5.669076627673734,447.51798872266005,1
1.1666666666666667,55.19208625102815,5.687798873932202,448.40972120080426,1
1.1833333333333333,54.34238287625903,5.705858655000901,449.28679484604385,1
1.2,53.50567770532876,5.723299560159113,450.14947788238516,1
1.2166666666666666,52.681904431932246,5.740160082749711,450.99800751551516,1
1.2333333333333334,51.87098668841932,5.756474423590726,451.8325977425188,1
1.25,51.07283917804917,5.772273145438271,452.6534456357553,1
1.2666666666666666,50.28736872241788,5.78758371789253,453.46073597363255,1
1.2833333333333334,49.51447517745504,5.8024309672063135,454.2546447021257,1
1.3,48.75405223904642,5.816837449004655,455.0353415066615,1
1.3166666666666667,48.00598815545813,5.830823758035287,455.802991708392,1
1.3333333333333333,47.27016636061399,5.8444087864138865,456.55775764871834,1
1.35,46.54646603975796,5.857609939697732,457.2997996873054,1
1.3666666666666667,45.83476263699872,5.870443318383031,458.02927690914873,1
1.3833333333333333,45.13492831259017,5.88292387100369,458.7463476134693,1
1.4,44.44683235647111,5.895065523854962,459.45116963976693,1
1.4166666666666667,43.77034156350958,5.90688129142885,460.14390057301995,1
1.4333333333333333,43.105320575020734,5.918383370886936,460.824697859828,1
1.45,42.451632190414045,5.929583223280651,461.4937188595322,1
1.4666666666666666,41.80913765224141,5.940491643729815,462.15112084843184,1
1.4833333333333334,41.17769690743939,5.95111882236695,462.79706099072416,1
1.5,40.557168847164306,5.961474397526471,463.4316962863798,1
1.5166666666666666,39.94741152729254,5.971567502394906,464.055183503581,1
1.5333333333333334,39.34828237138711,5.981406806121525,464.6676791013927,1
1.55,38.759638357704915,5.991000550215493,465.26933914685293,1
1.5666666666666667,38.18133619162878,6.000356580914099,465.8603192295566,1
1.5833333333333333,37.61323246474736,6.009482378090439,466.4407743759637,1
1.6,37.05518380166981,6.018385081174985,467.01085896503014,1
1.6166666666666667,36.50704699554526,6.02707151248923,467.57072664628595,1
1.6333333333333333,35.968679133157366,6.035548198325479,468.12053026113443,1
1.65,35.43993771037748,6.043821388055007,468.66042176787755,1
1.6666666666666667,34.92068073868527,6.051897071504934,469.19055217078073,1
1.6833333333333333,34.410766843399955,6.05978099480738,469.71107145334616,1
1.7,33.9100553542081,6.067478674895982,470.2221285158556,1
1.7166666666666666,33.41840638852304,6.0749954128001145,470.7238711171733,1
1.7333333333333334,32.93568092816664,6.08233630586608,471.2164458207376,1
1.75,32.46174088982369,6.089506259018066,471.6999979446405,1
1.7666666666666666,31.996449189683993,6.096509995156498,472.1746715156594,1
1.7833333333333334,31.539669802655247,6.103352064779358,472.64060922709825,1
1.8,31.091267816500785,6.110036854901785,473.09795240027535,1
1.8166666666666667,30.65110948123073,6.116568597339385,473.54684094949835,1
1.8333333333333333,30.219062254051003,6.122951376414495,473.9874133503582,1
1.85,29.794994840153826,6.129189136136597,474.419806611182,1
1.8666666666666667,29.378777229613267,6.135285686902972,474.8441562474794,1
1.8833333333333333,28.970280730632066,6.141244711761223,475.26059625922755,1
1.9,28.569377999369213,6.147069772269678,475.66925911084206,1
1.9166666666666667,28.175943066563004,6.152764313989655,476.07027571368684,1
1.9333333333333333,27.78985136115031,6.158331671637961,476.46377541098013,1
1.95,27.410979731070213,6.163775073928126,476.8498859649638,1
1.9666666666666666,27.03920646142814,6.169097648123029,477.2287335462048,1
1.9833333333333334,26.67441129018602,6.174302424321509,477.60044272490455,1
2.0,26.31647542153356,6.179392339499128,477.96513646410057,1
2.0166666666666666,25.965281537086664,6.184370241320676,478.32293611464644,1
2.033333333333333,25.620713805049952,6.1892388917413195,478.6739614118637,1
2.05,25.282657887472492,6.194000970410738,479.0183304737642,1
2.066666666666667,24.951000945718008,6.198659077895307,479.3561598007466,1
2.0833333333333335,24.625631644264008,6.203215738729435,479.68756427667495,1
2.1,24.30644015293747,6.207673404308615,480.01265717125284,1
2.1166666666666667,23.993318147688445,6.212034455634425,480.3315501436094,1
2.1333333333333333,23.686158809997472,6.216301205921203,480.64435324702,1
2.15,23.3848568250069,6.220475903073527,480.95117493468587,1
2.1666666666666665,23.08930837846123,6.224560732042592,481.2521220665035,1
2.183333333333333,22.799411152536937,6.228557817069064,481.5472999167546,1
2.2,22.515064320637414,6.2324692238199315,481.83681218265616,1
2.216666666666667,22.236168541224774,6.236296961425178,482.1207609937062,1
2.2333333333333334,21.962625950756006,6.2400429844207395,482.39924692177243,1
2.25,21.69434015578729,6.243709194603413,482.6723689918663,1
2.2666666666666666,21.431216224306837,6.247297442802433,482.94022469355235,1
2.283333333333333,21.17316067635306,6.250809530573112,483.2029099929449,1
2.3,20.92008147397198,6.254247211816585,483.4605193452437,1
2.316666666666667,20.671888010564558,6.257612194330003,483.71314570776764,1
2.3333333333333335,20.428491099671962,6.260906141291038,483.96088055344296,1
2.35,20.189802963244134,6.264130672680318,484.2038138847075,1
2.3666666666666667,19.955737219434397,6.267287366645081,484.4420342477941,1
2.3833333333333333,19.72620886996058,6.270377760807257,484.67562874735813,1
2.4,19.501134287070816,6.273403353518942,484.9046830614149,1
2.4166666666666665,19.28043120015004,6.276365605067897,485.12928145655655,1
2.433333333333333,19.06401868200126,6.279265938835884,485.3495068034187,1
2.45,18.851817134833727,6.28210574241194,485.56544059236785,1
2.466666666666667,18.64374827598822,6.284886368662837,485.7771629493837,1
2.4833333333333334,18.439735123428193,6.287609136763409,485.9847526521113,1
2.5,18.23970198102365,6.2902753331879016,486.1882871460596,1
2.5166666666666666,18.04357442365319,6.292886212664899,486.3878425609229,1
2.533333333333333,17.851279282148255,6.2954429990969265,486.5834937270051,1
2.55,17.66274462810212,6.297946886447313,486.7753141917275,1
2.566666666666667,17.477899758564895,6.300399039594846,486.9633762361994,1
2.5833333333333335,17.29667518064463,6.302800595158117,487.1477508918362,1
2.6,17.119002596033265,6.305152662291272,487.3285079570062,1
2.6166666666666667,16.944814885475267,6.307456323451945,487.5057160136935,1
2.6333333333333333,16.774046093195565,6.309712635142838,487.67944244415764,1
2.65,16.60663141130239,6.311922628627856,487.84975344758175,1
2.6666666666666665,16.442507164179823,6.314087310624613,488.0167140566926,1
2.683333333333333,16.28161079288371,6.316207663973181,488.1803881543405,1
2.7,16.123880839554023,6.318284648283229,488.34083849003025,1
2.716666666666667,15.969256931855604,6.3203192005596565,488.4981266963898,1
2.7333333333333334,15.817679767458747,6.322312235808094,488.65231330556855,1
2.75,15.669091098570169,6.3242646476207725,488.803457765555,1
2.7666666666666666,15.523433716524247,6.326177308743694,488.95161845640564,1
2.783333333333333,15.38065143644377,6.328051071625981,489.09685270637635,1
2.8,15.240689081978816,6.329886768951776,489.23921680795087,1
2.816666666666667,15.103492470131723,6.331685214155711,489.37876603375594,1
2.8333333333333335,14.96900839617563,6.333447201922551,489.51555465236055,1
2.85,14.83718461867347,6.3351735086711995,489.6496359439503,1
2.8666666666666667,14.707969844603793,6.336864893024275,489.7810622158732,1
2.8833333333333333,14.581313714599355,6.338522096263338,489.90988481805124,1
2.9,14.457166788303914,6.34014584277063,490.0361541582535,1
2.9166666666666665,14.335480529852225,6.341736840457438,490.15991971722553,1
2.933333333333333,14.216207293477895,6.34329578117995,490.281230063673,1
2.95,14.09930030925325,6.344823341142911,490.4001328690937,1
2.966666666666667,13.984713668965117,6.346320181291448,490.51667492245775,1
2.9833333333333334,13.872402312129983,6.347786947691451,490.6309021447298,1
3.0,13.762322012151722,6.349224271899268,490.74285960323385,1
3.0166666666666666,13.654429362624732,6.350632771320543,490.85259152585564,1
3.033333333333333,13.54868176378507,6.352013049558934,490.9601413150832,1
3.05,13.445037409111816,6.353365696755108,491.06555156188165,1
3.066666666666667,13.343455272080739,6.3546912899161105,491.16886405940215,1
3.0833333333333335,13.243895093071995,6.355990393235365,491.27011981652305,1
3.1,13.146317366433388,6.357263558404132,491.3693590712229,1
3.1166666666666667,13.050683327700543,6.358511324914099,491.4666213037827,1
3.1333333333333333,12.956954940975045,6.359734220351626,491.56194524981964,1
3.15,12.865094886461454,6.360932760684273,491.65536891314906,1
3.1666666666666665,12.775066548163927,6.362107450539129,491.7469295784757,1
3.183333333333333,12.68683400174298,6.363258783473835,491.83666382391425,1
3.2,12.600362002532753,6.3643872422404,491.92460753333836,1
3.216666666666667,12.515615973718996,6.3654932990416215,492.0107959085588,1
3.2333333333333334,12.432561994677851,6.366577415780947,492.0952634813306,1
3.25,12.351166789475384,6.367640044305707,492.1780441251907,1
3.2666666666666666,12.271397715527614,6.368681626643777,492.2591710671251,1
3.283333333333333,12.193222752420796,6.369702595233999,492.3386768990669,1
3.3,12.116610490891455,6.37070337315077,492.4165935892261,1
3.316666666666667,12.041530121965698,6.37168437432256,492.49295249325166,1
3.3333333333333335,11.967951426257118,6.372646003744995,492.5677843652268,1
3.35,11.895844763422595,6.373588657688071,492.6411193684984,1
3.3666666666666667,11.825181061775163,6.374512723898406,492.71298708634174,1
3.3833333333333333,11.755931808053049,6.37541858179613,492.7834165324623,1
3.4,11.688069037343915,6.376306602666704,492.8524361613337,1
3.4166666666666665,11.62156532316327,6.377177149847978,492.92007387837634,1
3.433333333333333,11.55639376768594,6.378030578912418,492.98635704997514,1
3.45,11.492527992129418,6.378867237844729,493.05131251333853,1
3.466666666666667,11.429942127287916,6.379687467215072,493.1149665862018,1
3.4833333333333334,11.368610804215807,6.380491600347917,493.17734507637357,1
3.5,11.308509145059155,6.38127996348664,493.2384732911292,1
3.5166666666666666,11.249612754033985,6.382052860254487,493.2983760307508,1
3.533333333333333,11.191897708674633,6.3828106311262,493.35707765650653,1
3.55,11.135340550778055,6.383553571961285,493.4146020191505,1
3.566666666666667,11.079918278062557,6.3842819807773985,493.4709725133488,1
3.5833333333333335,11.025608335680484,6.384996150391,493.52621207899995,1
3.6,10.972388607900884,6.38569636766477,493.5803432088816,1
3.6166666666666667,10.920237409935336,6.386382913491006,493.6333879568657,1
3.6333333333333333,10.869133479901464,6.387056062886753,493.68536794610304,1
3.65,10.819055970921655,6.387716085111356,493.7363043770892,1
3.6666666666666665,10.769984443355122,6.388363243789008,493.7862180356019,1
3.683333333333333,10.72189885716159,6.388997797031146,493.83512930050347,1
3.7,10.674779564394917,6.389619997557031,493.8830581514113,1
3.716666666666667,10.62860730182503,6.390230092812278,493.93002417623563,1
3.7333333333333334,10.583363183686494,6.39082832508487,493.97604657858795,1
3.75,10.53902869455206,6.391414931618296,494.02114418506005,1
3.7666666666666666,10.495585682329592,6.391990144722519,494.065335452376,1
3.783333333333333,10.453016351380628,6.39255419188203,494.10863847442,1
3.8,10.411303255759009,6.393107295861587,494.1510709891388,1
3.816666666666667,10.370429292567882,6.393649674809572,494.1926503853248,1
3.8333333333333335,10.330377695433429,6.394181542358507,494.2333937092764,1
3.85,10.291132028093667,6.394703107723831,494.2733176713424,1
3.8666666666666667,10.252676178100721,6.395214575799862,494.312438652348,1
3.8833333333333333,10.214994350634864,6.395716147253814,494.3507727099071,1
3.9,10.17807106242878,6.396208018617459,494.38833558462096,1
3.9166666666666665,10.141891135800334,6.396690382376773,494.42514270616516,1
3.933333333333333,10.10643969279232,6.397163427059393,494.4612091992674,1
3.95,10.071702149417511,6.3976273373203485,494.4965498895766,1
3.966666666666667,10.037664210007478,6.398082294025305,494.53117930942574,1
3.9833333333333334,10.004311861663558,6.3985284743322595,494.56511170349006,1
4.0,9.971631368808387,6.398966051771447,494.5983610343421,1
4.016666666666667,9.93960926783648,6.399395196322983,494.6309409879048,1
4.033333333333333,9.908232361862273,6.399816074493098,494.66286497880543,1
4.05,9.877487715564108,6.400228849388494,494.69414615563056,1
4.066666666666666,9.847362650122626,6.400633680789117,494.7247974060846,1
4.083333333333333,9.817844738252068,6.4010307252190115,494.7548313620532,1
4.1,9.788921799323004,6.401420136015885,494.7842604045729,1
4.116666666666666,9.760581894574985,6.401802063398846,494.8130966687086,1
4.133333333333334,9.732813322417659,6.4021766545347525,494.84135204834126,1
4.15,9.705604613818926,6.402544053603053,494.8690382008653,1
4.166666666666667,9.67894452777866,6.402904401859073,494.89616655179947,1
4.183333333333334,9.652822046886623,6.403257837695819,494.9227482993108,1
4.2,9.627226372963126,6.403604496704897,494.9487944186551,1
4.216666666666667,9.60214692278108,6.403944511735235,494.9743156665326,1
4.233333333333333,9.57757332386807,6.404278012951242,494.99932258536353,1
4.25,9.553495410387084,6.404605127889165,495.02382550748155,1
4.266666666666667,9.529903219094553,6.4049259815126,495.0478345592496,1
4.283333333333333,9.506786985374418,6.405240696266339,495.07135966509765,1
4.3,9.484137139346899,6.405549392129361,495.0944105514834,1
4.316666666666666,9.461944302050647,6.405852186666528,495.11699675077915,1
4.333333333333333,9.4401992816971,6.406149195079104,495.1391276050838,1
4.35,9.41889306999569,6.406440530254162,495.16081226996397,1
4.366666666666666,9.398016838548736,6.406726302812916,495.18205971812216,1
4.383333333333334,9.377561935314773,6.407006621158222,495.2028787429965,1
4.4,9.357519881139124,6.407281591520418,495.22327796229115,1
4.416666666666667,9.337882366350534,6.4075513180028425,495.2432658214393,1
4.433333333333334,9.318641247422688,6.407815902626002,495.2628505970005,1
4.45,9.299788543699487,6.408075445370805,495.28204039999224,1
4.466666666666667,9.281316434182903,6.408330044220922,495.300843179158,1
4.483333333333333,9.263217254382356,6.408579795204066,495.3192667241725,1
4.5,9.245483493224457,6.408824792432634,495.3373186687856,1
4.516666666666667,9.228107790022062,6.409065128143251,495.3550064939056,1
4.533333333333333,9.211082931501565,6.4093008927355335,495.37233753062225,1
4.55,9.194401848887388,6.409532174809986,495.38931896317354,1
4.566666666666666,9.178057615042588,6.409759061205056,495.4059578318527,1
4.583333333333333,9.162043441664634,6.409981637033565,495.42226103586097,1
4.6,9.146352676535287,6.410199985718002,495.4382353361049,1
4.616666666666666,9.130978800823623,6.410414189025443,495.4538873579381,1
4.633333333333334,9.115915426441244,6.410624327101525,495.46922359385127,1
4.65,9.101156293448653,6.4108304785035966,495.4842504061097,1
4.666666666666667,9.08669526751196,6.41103272023331,495.4989740293394,1
4.683333333333334,9.072526337408878,6.4112311277685246,495.5134005730627,1
4.7,9.058643612583195,6.4114257750944255,495.5275360241852,1
4.716666666666667,9.045041320746737,6.411616734734055,495.54138624943346,1
4.733333333333333,9.031713805528033,6.411804077778185,495.55495699774616,1
4.75,9.01865552416674,6.411987873914398,495.5682539026176,1
4.766666666666667,9.005861045252999,6.412168191455854,495.58128248439607,1
4.783333333333333,8.993325046510922,6.412345097369104,495.5940481525372,1
4.8,8.981042312625318,6.412518657301654,495.6065562078131,1
4.816666666666666,8.969007733110898,6.412688935608654,495.6188118444786,1
4.833333333333333,8.95721630022314,6.412855995379124,495.6308201523942,1
4.85,8.945663106910063,6.4130198984617,495.6425861191092,1
4.866666666666666,8.93434334480407,6.4131807054897765,495.6541146319013,1
4.883333333333334,8.9232523022532,6.413338475906035,495.66541047977927,1
4.9,8.912385362390953,6.413493267986663,495.6764783554434,1
4.916666666666667,8.901738001244029,6.413645138864825,495.6873228572095,1
4.933333333333334,8.891305785877218,6.413794144553797,495.69794849089396,1
4.95,8.88108437257476,6.413940339969615,495.7083596716619,1
4.966666666666667,8.87106950505747,6.414083778953036,495.7185607258397,1
4.983333333333333,8.86125701273496,6.414224514291377,495.7285558926902,1
5.0,8.851642808992265,6.414362597739685,495.7383493261548,1
5.016666666666667,8.842222889510245,6.4144980800414935,495.7479450965596,1
5.033333333333333,8.832993330619109,6.4146310109490745,495.757347192289,1
5.05,8.823950287684411,6.414761439243439,495.76655952142545,1
5.066666666666666,8.815089993524916,6.414889412753848,495.7755859133572,1
5.083333333333333,8.806408756861721,6.415014978376824,495.7844301203543,1
5.1,8.797902960798014,6.415138182094835,495.79309581911303,1
5.116666666666666,8.789569061328912,6.415259068994685,495.8015866122704,1
5.133333333333334,8.781403585880767,6.415377683285366,495.8099060298879,1
5.15,8.773403131879395,6.41549406831569,495.81805753090674,1
5.166666666666667,8.765564365346671,6.415608266591281,495.826044504573,1
5.183333333333334,8.757884019524909,6.41572031979165,495.8338702718362,1
5.2,8.750358893528535,6.415830268786488,495.84153808671823,1
5.216666666666667,8.742985851022508,6.415938153651926,495.84905113765683,1
5.233333333333333,8.735761818926942,6.416044013686293,495.85641254882114,1
5.25,8.728683786147469,6.416147887425617,495.86362538140196,1
5.266666666666667,8.721748802330813,6.416249812658695,495.8706926348753,1
5.283333333333333,8.714953976645086,6.416349826442134,495.87761724824276,1
5.3,8.708296476584355,6.4164479651147035,495.88440210124446,1
5.316666666666666,8.70177352679693,6.416544264311843,495.8910500155506,1
5.333333333333333,8.695382407937046,6.416638758979172,495.89756375592737,1
5.35,8.689120455539323,6.416731483386675,495.90394603138054,1
5.366666666666666,8.682985058915687,6.41682247114167,495.9101994962758,1
5.383333333333334,8.676973671114247,6.416911755202297,495.9163267062323,1
5.4,8.671083774332532,6.4169993665717495,495.922330263967,1
5.416666666666667,8.66531291282468,6.417085338325972,495.928212664981,1
5.433333333333334,8.65965868042072,6.417169701711238,495.93397635398384,1
5.45,8.65411871953356,6.417252487208283,495.9396237267175,1
5.466666666666667,8.648690720182179,6.417333724682735,495.9451571309293,1
5.483333333333333,8.64337241903362,6.417413443422555,495.9505788672574,1
5.5,8.638161598463993,6.417491672155347,495.9558911901102,1
5.516666666666667,8.633056085638186,6.417568439060562,495.96109630854426,1
5.533333333333333,8.628053751607988,6.417643771779767,495.96619638713764,1
5.55,8.623152510428259,6.417717697426894,495.971193546857,1
5.566666666666666,8.618350318290798,6.417790242597624,495.97608986591445,1
5.583333333333333,8.61364517267554,6.417861433378948,495.98088738061307,1
5.6,8.60903511151876,6.41793129535874,495.98558808618,1
5.616666666666666,8.604518212397934,6.417999853634898,495.99019393758476,1
5.633333333333334,8.600092591732938,6.418067132825052,495.9947068503459,1
5.65,8.595756404003225,6.418133157075105,495.9991287013198,1
5.666666666666667,8.591507840980709,6.418197950068815,496.0034613294773,1
5.683333333333334,8.587345130978024,6.418261535036368,496.00770653666467,1
5.7,8.583266538111825,6.4183239347631895,496.01186608835,1
5.716666666666667,8.5792703615809,6.418385171598749,496.0159417143552,1
5.733333333333333,8.57535493495871,6.4184452674646275,496.01993510957357,1
5.75,8.57151862550017,6.418504243863188,496.0238479346731,1
5.766666666666667,8.567759833462292,6.418562121885582,496.0276818167866,1
5.783333333333333,8.564076991438487,6.418618922219674,496.0314383501867,1
5.8,8.56046856370622,6.418674665157958,496.0351190969483,1
5.816666666666666,8.556933045587757,6.4187293706053,496.0387255875984,1
5.833333333333333,8.553468962823752,6.418783058086358,496.0422593217514,1
5.85,8.55007487095941,6.418835746753022,496.0457217687326,1
5.866666666666666,8.54674935474299,6.41888745539169,496.04911436818963,1
5.883333333333334,8.543491027536382,6.418938202430354,496.05243853069044,1
5.9,8.54029853073752,6.418988005945529,496.05569563831,1
5.916666666666667,8.537170533214432,6.419036883669135,496.0588870452056,1
5.933333333333334,8.534105730750653,6.419084852995181,496.06201407817974,1
5.95,8.531102845501762,6.419131930986276,496.065078037232,1
5.966666666666667,8.528160625462894,6.41917813438013,496.06808019610037,1
5.983333333333333,8.525277843946935,6.419223479595733,496.07102180279077,1
6.0,8.522453299073216,6.4192679827396875,496.07390408009655,1
6.016666666666667,8.519685813266507,6.4193116596121165,496.0767282261076,1
6.033333333333333,8.516974232766072,6.419354525712744,496.0794954147086,1
6.05,8.514317427144634,6.419396596246525,496.08220679606796,1
6.066666666666666,8.511714288836991,6.419437886129589,496.0848634971167,1
6.083333333333333,8.509163732678148,6.41947840999457,496.08746662201696,1
6.1,8.506664695450745,6.419518182196284,496.09001725262266,1
6.116666666666666,8.504216135441588,6.419557216816948,496.0925164489289,1
6.133333333333334,8.501817032007125,6.419595527671607,496.09496524951436,1
6.15,8.499466385147663,6.419633128313176,496.097364671973,1
6.166666666666667,8.497163215090184,6.419670032037454,496.09971571333836,1
6.183333333333334,8.494906561879548,6.419706251888232,496.1020193504984,1
6.2,8.492695484977945,6.419741800662012,496.10427654060237,1
6.216666666666667,8.490529062872419,6.419776690912889,496.10648822146004,1
6.233333333333333,8.488406392690301,6.4198109349571375,496.1086553119319,1
6.25,8.486326589822404,6.419844544877827,496.1107787123119,1
6.266666666666667,8.484288787553803,6.419877532529217,496.1128593047027,1
6.283333333333333,8.482292136702071,6.419909909541405,496.1148979533828,1
6.3,8.480335805262804,6.419941687324348,496.1168955051671,1
6.316666666666666,8.478418978062322,6.419972877072239,496.1188527897595,1
6.333333333333333,8.476540856417325,6.42000348976764,496.1207706200984,1
6.35,8.474700657801467,6.420033536185545,496.1226497926959,1
6.366666666666666,8.472897615518633,6.4200630268973145,496.1244910879693,1
6.383333333333334,8.471130978382803,6.420091972274731,496.1262952705665,1
6.4,8.469400010404403,6.420120382493656,496.1280630896845,1
6.416666666666667,8.467703990482965,6.420148267537785,496.1297952793816,1
6.433333333333334,8.466042212105995,6.420175637202524,496.1314925588838,1
6.45,8.464413983053923,6.420202501098427,496.13315563288364,1
6.466666666666667,8.46281862511102,6.420228868654766,496.1347851918351,1
6.483333333333333,8.461255473782124,6.420254749122941,496.1363819122399,1
6.5,8.459723878015124,6.420280151580134,496.1379464569309,1
6.516666666666667,8.45822319992902,6.420305084932318,496.13947947534723,1
6.533333333333333,8.45675281454748,6.420329557917744,496.140981603806,1
6.55,8.455312109537797,6.4203535791100546,496.1424534657664,1
6.566666666666666,8.4539004849551,6.420377156921518,496.1438956720903,1
6.583333333333333,8.452517352991727,6.420400299605982,496.1453088212972,1
6.6,8.451162137731698,6.420423015261925,496.14669349981256,1
6.616666666666666,8.449834274910097,6.420445311835624,496.14805028221343,1
6.633333333333334,8.448533211677368,6.420467197123734,496.1493797314672,1
6.65,8.447258406368329,6.420488678776373,496.1506823991667,1
6.666666666666667,8.446009328275892,6.420509764299861,496.1519588257598,1
6.683333333333334,8.444785457429326,6.4205304610594025,496.1532095407748,1
6.7,8.443586284377032,6.420550776281898,496.1544350630413,1
6.716666666666667,8.442411309973666,6.420570717058376,496.1556359009064,1
6.733333333333333,8.441260045171623,6.42059029034683,496.1568125524468,1
6.75,8.440132010816676,6.42060950297449,496.15796550567575,1
6.766666666666667,8.439026737447792,6.420628361640627,496.1590952387473,1
6.783333333333333,8.437943765100982,6.4206468729185735,496.1602022201551,1
6.8,8.436882643117102,6.420665043258574,496.1612869089279,1
6.816666666666666,8.43584292995356,6.4206828789897745,496.162349754821,1
6.833333333333333,8.434824192999828,6.420700386322565,496.16339119850323,1
6.85,8.433826008396668,6.420717571351157,496.16441167174145,1
6.866666666666666,8.432847960859041,6.420734440055324,496.1654115975797,1
6.883333333333334,8.43188964350257,6.420750998302916,496.1663913905161,1
6.9,8.430950657673542,6.420767251851841,496.1673514566754,1
6.916666666666667,8.430030612782312,6.42078320635219,496.1682921939783,1
6.933333333333334,8.429129126140118,6.42079886734822,496.1692139923072,1
6.95,8.428245822799166,6.4208142402804205,496.17011723366886,1
6.966666666666667,8.427380335395966,6.420829330487531,496.17100229235376,1
6.983333333333333,8.426532303997826,6.420844143208279,496.17186953509156,1
7.0,8.425701375952464,6.420858683583567,496.1727193212048,1
7.016666666666667,8.424887205740662,6.420872956658053,496.1735520027579,1
7.033333333333333,8.424089454831881,6.420886967382016,496.17436792470414,1
7.05,8.423307791542829,6.420900720613365,496.17516742502943,1
7.066666666666666,8.42254189089886,6.42091422111907,496.1759508348933,1
7.083333333333333,8.421791434498209,6.420927473577126,496.1767184787669,1
7.1,8.42105611037894,6.420940482578161,496.177470674568,1
7.116666666666666,8.420335612888616,6.420953252626985,496.1782077337935,1
7.133333333333334,8.419629642556592,6.420965788144321,496.1789299616496,1
7.15,8.41893790596889,6.420978093468423,496.1796376571785,1
7.166666666666667,8.418260115645626,6.420990172856531,496.1803311133834,1
7.183333333333334,8.417595989920887,6.4210020304864965,496.1810106173503,1
7.2,8.41694525282506,6.421013670458156,496.18167645036783,1
7.216666666666667,8.416307633969545,6.421025096794928,496.18232888804425,1
7.233333333333333,8.415682868433793,6.421036313445204,496.1829682004225,1
7.25,8.41507069665463,6.421047324283745,496.1835946520929,1
7.266666666666667,8.414470864317817,6.421058133113116,496.1842085023025,1
7.283333333333333,8.413883122251832,6.4210687436650575,496.1848100050641,1
7.3,8.413307226323756,6.421079159601666,496.18539940926155,1
7.316666666666666,8.412742937337319,6.421089384516929,496.1859769587536,1
7.333333333333333,8.41219002093296,6.421099421937822,496.1865428924753,1
7.35,8.411648247489948,6.421109275325726,496.187097444538,1
7.366666666666666,8.41111739203047,6.421118948077498,496.18764084432587,1
7.383333333333334,8.410597234125655,6.421128443526844,496.18817331659267,1
7.4,8.410087557803507,6.421137764945401,496.18869508155444,1
7.416666666666667,8.40958815145871,6.421146915543959,496.1892063549818,1
7.433333333333334,8.409098807764234,6.42115589847354,496.1897073482895,1
7.45,8.408619323584773,6.421164716826651,496.19019826862444,1
7.466666666666667,8.40814949989188,6.421173373638183,496.19067931895216,1
7.483333333333333,8.407689141680871,6.421181871886639,496.1911506981411,1
7.5,8.407238057889385,6.42119021449526,496.1916126010456,1
7.516666666666667,8.406796061317591,6.42119840433289,496.1920652185872,1
7.533333333333333,8.40636296855003,6.421206444215001,496.19250873783346,1
7.55,8.40593859987902,6.42121433690489,496.1929433420767,1
7.566666666666666,8.405522779229623,6.4212220851144135,496.1933692109096,1
7.583333333333333,8.405115334086119,6.421229691505204,496.19378652030053,1
7.6,8.404716095419994,6.42123715868934,496.19419544266646,1
7.616666666666666,8.404324897619356,6.421244489230561,496.1945961469449,1
7.633333333333334,8.403941578419792,6.421251685644888,496.19498879866387,1
7.65,8.403565978836637,6.421258750401749,496.1953735600114,1
7.666666666666667,8.403197943098602,6.4212656859247215,496.1957505899023,1
7.683333333333334,8.402837318582742,6.42127249459242,496.19612004404524,1
7.7,8.402483955750752,6.421279178739366,496.19648207500677,1
7.716666666666667,8.402137708086547,6.421285740656841,496.19683683227487,1
7.733333333333333,8.401798432035102,6.421292182593544,496.1971844623216,1
7.75,8.401465986942547,6.421298506756539,496.1975251086637,1
7.766666666666667,8.401140234997452,6.421304715312023,496.1978589119223,1
7.783333333333333,8.40082104117332,6.421310810386044,496.1981860098817,1
7.8,8.40050827317223,6.421316794065277,496.19850653754656,1
7.816666666666666,8.400201801369635,6.421322668397633,496.19882062719773,1
7.833333333333333,8.399901498760261,6.421328435393258,496.19912840844773,1
7.85,8.399607240905125,6.421334097024972,496.19943000829477,1
7.866666666666666,8.399318905879598,6.4213396552290885,496.1997255511749,1
7.883333333333334,8.399036374222547,6.421345111906197,496.2000151590145,1
7.9,8.39875952888648,6.4213504689215375,496.2002989512805,1
7.916666666666667,8.398488255188726,6.421355728105913,496.2005770450302,1
7.933333333333334,8.398222440763584,6.421360891256281,496.2008495549601,1
7.95,8.397961975515456,6.421365960136325,496.20111659345343,1
7.966666666666667,8.397706751572906,6.421370936477174,496.20137827062706,1
7.983333333333333,8.39745666324369,6.421375821977795,496.2016346943768,1
8.0,8.397211606970645,6.421380618305891,496.2018859704231,1
8.016666666666667,8.396971481288519,6.42138532709835,496.2021322023542,1
8.033333333333333,8.396736186781638,6.421389949961659,496.2023734916695,1
8.05,8.396505626042456,6.421394488472764,496.20260993782193,1
8.066666666666666,8.396279703630931,6.421398944179387,496.20284163825914,1
8.083333333333334,8.396058326034725,6.421403318600703,496.20306868846365,1
8.1,8.395841401630214,6.421407613227814,496.2032911819932,1
8.116666666666667,8.395628840644287,6.421411829524289,496.2035092105192,1
8.133333333333333,8.395420555116909,6.42141596892664,496.2037228638649,1
8.15,8.395216458864455,6.421420032844918,496.20393223004277,1
8.166666666666666,8.395016467443781,6.421424022663161,496.20413739529096,1
8.183333333333334,8.394820498117026,6.421427939739716,496.2043384441092,1
8.2,8.39462846981711,6.4214317854080125,496.204535459294,1
8.216666666666667,8.394440303113962,6.421435560976847,496.2047285219731,1
8.233333333333333,8.394255920181399,6.421439267730817,496.20491771163864,1
8.25,8.394075244764695,6.421442906930926,496.20510310618107,1
8.266666666666667,8.393898202148804,6.421446479814823,496.2052847819204,1
8.283333333333333,8.393724719127214,6.42144998759734,496.20546281363886,1
8.3,8.393554723971457,6.421453431470977,496.2056372746117,1
8.316666666666666,8.393388146401206,6.421456812606247,496.20580823663715,1
8.333333333333334,8.393224917555006,6.421460132152016,496.2059757700669,1
8.35,8.393064969961568,6.421463391236049,496.2061399438349,1
8.366666666666667,8.392908237511673,6.421466590965299,496.206300825486,1
8.383333333333333,8.392754655430625,6.421469717015729,496.20645846579356,1
8.4,8.392604160349235,6.421472797582053,496.20661295632493,1
8.416666666666666,8.392456690025096,6.421475824192068,496.2067643514226,1
8.433333333333334,8.392312183509127,6.421478796374586,496.20691271193937,1
8.45,8.392170581091564,6.421481714768932,496.20705809854536,1
8.466666666666667,8.392031824271173,6.421484580228052,496.2072005708934,1
8.483333333333333,8.391895855729063,6.421487393657481,496.20734018749476,1
8.5,8.391762619304078,6.421490155973841,496.207477005706,1
8.516666666666667,8.391632059969044,6.421492868090222,496.2076110817403,1
8.533333333333333,8.39150412380766,6.4214955309100965,496.2077424706859,1
8.55,8.391378757991914,6.421498145324746,496.2078712265254,1
8.566666666666666,8.391255910760027,6.421500712211794,496.2079974021576,1
8.583333333333334,8.391135531394841,6.421503232434607,496.2081210494179,1
8.6,8.391017570202681,6.421505706841838,496.20824221909936,1
8.616666666666667,8.390901978492632,6.421508136267505,496.2083609609733,1
8.633333333333333,8.39078870855626,6.421510521531022,496.20847732381,1
8.65,8.390677713647737,6.421512863437204,496.2085913553981,1
8.666666666666666,8.390568947964383,6.421515162776369,496.2087031025647,1
8.683333333333334,8.390462366627588,6.421517420324763,496.2088126111946,1
8.7,8.39035792566414,6.421519636844535,496.20891992624894,1
8.716666666666667,8.390255581987908,6.421521813083999,496.2090250917839,1
8.733333333333333,8.39015529338193,6.42152394977785,496.20912815096904,1
8.75,8.390057018480828,6.421526047647551,496.209229146105,1
8.766666666666667,8.38996071675361,6.421528107401278,496.20932811864117,1
8.783333333333333,8.389866348486803,6.421530129734383,496.2094251091925,1
8.8,8.389773874767931,6.421532115329485,496.20952015755677,1
8.816666666666666,8.389683257469327,6.421534064856733,496.2096133027304,1
8.833333333333334,8.389594459232287,6.421535978974013,496.2097045829253,1
8.85,8.389507443451507,6.421537858327249,496.2097940355844,1
8.866666666666667,8.389422174259893,6.421539703550443,496.20988169739684,1
8.883333333333333,8.389338616513621,6.421541515266076,496.2099676043137,1
8.9,8.389256735777536,6.421543294085227,496.21005179156265,1
8.916666666666666,8.389176498310833,6.421545040607762,496.21013429366224,1
8.933333333333334,8.389097871053032,6.421546755422606,496.2102151444368,1
8.95,8.389020821610227,6.421548439107826,496.21029437702987,1
8.966666666666667,8.388945318241628,6.421550092231041,496.21037202391824,1
8.983333333333333,8.388871329846365,6.421551715349359,496.21044811692514,1
9.0,8.38879882595057,6.421553309009712,496.210522687234,1
9.016666666666667,8.388727776694699,6.421554873749031,496.2105957654004,1
9.033333333333333,8.388658152821131,6.421556410094451,496.21066738136557,1
9.05,8.388589925662018,6.421557918563395,496.2107375644684,1
9.066666666666666,8.388523067127359,6.4215593996638916,496.21080634345765,1
9.083333333333334,8.388457549693344,6.421560853894536,496.2108737465038,1
9.1,8.388393346390915,6.421562281744928,496.21093980121077,1
9.116666666666667,8.388330430794557,6.421563683695677,496.2110045346273,1
9.133333333333333,8.38826877701133,6.421565060218577,496.2110679732583,1
9.15,8.388208359670113,6.421566411776688,496.2111301430752,1
9.166666666666666,8.388149153911064,6.42156773882481,496.21119106952773,1
9.183333333333334,8.388091135375303,6.42156904180924,496.2112507775534,1
9.2,8.388034280194788,6.421570321168238,496.21130929158875,1
9.216666666666667,8.387978564982415,6.421571577331914,496.21136663557854,1
9.233333333333333,8.387923966822301,6.421572810722606,496.21142283298633,1
9.25,8.387870463260274,6.421574021754883,496.21147790680396,1
9.266666666666667,8.387818032294552,6.42157521083574,496.2115318795609,1
9.283333333333333,8.387766652366608,6.421576378364743,496.2115847733339,1
9.3,8.38771630235222,6.421577524734118,496.21163660975594,1
9.316666666666666,8.387666961552716,6.42157865032901,496.2116874100249,1
9.333333333333334,8.387618609686372,6.421579755527344,496.21173719491276,1
9.35,8.38757122688,6.421580840700284,496.21178598477394,1
9.366666666666667,8.387524793660704,6.421581906212214,496.21183379955386,1
9.383333333333333,8.3874792909478,6.4215829524207315,496.21188065879693,1
9.4,8.387434700044897,6.421583979677047,496.211926581655,1
9.416666666666666,8.38739100263215,6.4215849883258524,496.21197158689495,1
9.433333333333334,8.387348180758647,6.421585978705557,496.2120156929064,1
9.45,8.387306216834977,6.421586951148411,496.21205891770967,1
9.466666666666667,8.387265093625935,6.421587905980553,496.21210127896296,1
9.483333333333333,8.387224794243359,6.421588843522258,496.21214279396963,1
9.5,8.387185302139146,6.421589764087807,496.21218347968545,1
9.516666666666667,8.38714660109838,6.421590667985898,496.2122233527256,1
9.533333333333333,8.387108675232612,6.4215915555194325,496.2122624293711,1
9.55,8.387071508973277,6.421592426985909,496.21230072557665,1
9.566666666666666,8.387035087065232,6.421593282677297,496.2123382569758,1
9.583333333333334,8.386999394560448,6.421594122880311,496.21237503888847,1
9.6,8.386964416811786,6.421594947876452,496.2124110863269,1
9.616666666666667,8.386930139466964,6.421595757941933,496.2124464140013,1
9.633333333333333,8.38689654846258,6.421596553348079,496.2124810363272,1
9.65,8.3868636300183,6.421597334361193,496.2125149674299,1
9.666666666666666,8.386831370631146,6.421598101242743,496.2125482211518,1
9.683333333333334,8.386799757069891,6.4215988542494244,496.21258081105685,1
9.7,8.386768776369598,6.421599593633193,496.21261275043673,1
9.716666666666667,8.38673841582623,6.421600319641513,496.21264405231625,1
9.733333333333333,8.386708662991403,6.421601032517244,496.21267472945885,1
9.75,8.38667950566722,6.42160173249884,496.2127047943714,1
9.766666666666667,8.386650931901224,6.421602419820416,496.21273425931037,1
9.783333333333333,8.386622929981447,6.421603094711829,496.21276313628545,1
9.8,8.386595488431567,6.421603757398795,496.21279143706573,1
9.816666666666666,8.386568596006146,6.421604408102702,496.21281917318396,1
9.833333333333334,8.38654224168599,6.421605047041132,496.2128463559411,1
9.85,8.386516414673569,6.421605674427634,496.21287299641176,1
9.866666666666667,8.386491104388554,6.421606290471815,496.2128991054481,1
9.883333333333333,8.386466300463452,6.421606895379531,496.21292469368456,1
9.9,8.386441992739297,6.421607489352816,496.21294977154207,1
9.916666666666666,8.386418171261452,6.421608072590086,496.2129743492324,1
9.933333333333334,8.386394826275499,6.421608645286028,496.2129984367627,1
9.95,8.38637194822319,6.421609207631994,496.2130220439391,1
9.966666666666667,8.386349527738501,6.421609759815631,496.21304518037107,1
9.983333333333333,8.386327555643758,6.4216103020212625,496.21306785547523,1
10.0,8.386306022945831,6.421610834429881,496.2130900784796,1
10.016666666666667,8.386284920832432,6.421611357219101,496.21311185842654,1
10.033333333333333,8.386264240668451,6.421611870563452,496.21313320417767,1
10.05,8.386243973992402,6.4216123746340985,496.21315412441623,1
10.066666666666666,8.386224112512915,6.421612869599202,496.21317462765177,1
10.083333333333334,8.386204648105307,6.421613355623832,496.21319472222297,1
10.1,8.386185572808229,6.421613832870072,496.21321441630135,1
10.116666666666667,8.386166878820372,6.421614301497035,496.2132337178946,1
10.133333333333333,8.386148558497247,6.421614761660924,496.21325263484965,1
10.15,8.38613060434801,6.421615213515137,496.21327117485635,1
10.166666666666666,8.38611300903239,6.4216156572103,496.2132893454502,1
10.183333333333334,8.386095765357638,6.4216160928941814,496.2133071540157,1
10.2,8.386078866275563,6.421616520711969,496.2133246077891,1
10.216666666666667,8.386062304879614,6.421616940806204,496.213341713862,1
10.233333333333333,8.386046074402035,6.4216173533167895,496.21335847918334,1
10.25,8.386030168211063,6.42161775838113,496.21337491056335,1
10.266666666666667,8.386014579808187,6.421618156134049,496.2133910146752,1
10.283333333333333,8.385999302825475,6.421618546708023,496.2134067980585,1
10.3,8.385984331022932,6.421618930233063,496.2134222671218,1
10.316666666666666,8.385969658285934,6.42161930683682,496.2134374281456,1
10.333333333333334,8.385955278622692,6.421619676644587,496.2134522872837,1
10.35,8.385941186161784,6.421620039779486,496.21346685056744,1
10.366666666666667,8.38592737514974,6.421620396362297,496.21348112390694,1
10.383333333333333,8.385913839948648,6.421620746511643,496.21349511309376,1
10.4,8.385900575033844,6.4216210903439945,496.21350882380364,1
10.416666666666666,8.385887574991624,6.421621427973722,496.21352226159877,1
10.433333333333334,8.385874834517015,6.421621759513036,496.2135354319293,1
10.45,8.385862348411575,6.42162208507225,496.213548340137,1
10.466666666666667,8.385850111581265,6.421622404759528,496.21356099145584,1
10.483333333333333,8.385838119034334,6.421622718681183,496.2135733910157,1
10.5,8.385826365879264,6.421623026941496,496.2135855438432,1
10.516666666666667,8.385814847322754,6.421623329642919,496.2135974548646,1
10.533333333333333,8.38580355866774,6.42162362688603,496.21360912890725,1
10.55,8.385792495311467,6.421623918769586,496.2136205707021,1
10.566666666666666,8.385781652743574,6.421624205390505,496.213631784885,1
10.583333333333334,8.385771026544253,6.421624486844025,496.21364277599935,1
10.6,8.385760612382413,6.421624763223604,496.21365354849735,1
10.616666666666667,8.385750406013901,6.421625034621002,496.2136641067422,1
10.633333333333333,8.385740403279755,6.42162530112636,496.2136744550098,1
10.65,8.385730600104482,6.421625562828075,496.21368459749016,1
10.666666666666666,8.385720992494385,6.421625819813091,496.2136945382897,1
10.683333333333334,8.385711576535915,6.42162607216662,496.2137042814324,1
10.7,8.385702348394059,6.421626319972402,496.2137138308621,1
10.716666666666667,8.38569330431076,6.42162656331269,496.2137231904434,1
10.733333333333333,8.385684440603368,6.421626802268193,496.2137323639635,1
10.75,8.38567575366313,6.421627036918171,496.21374135513395,1
10.766666666666667,8.38566723995368,6.421627267340477,496.21375016759214,1
10.783333333333333,8.385658896009621,6.421627493611494,496.21375880490245,1
10.8,8.385650718435066,6.42162771580625,496.2137672705582,1
10.816666666666666,8.385642703902251,6.421627933998388,496.2137755679824,1
10.833333333333334,8.38563484915017,6.421628148260283,496.21378370053003,1
10.85,8.38562715098322,6.421628358662908,496.21379167148876,1
10.866666666666667,8.3856196062699,6.421628565276034,496.2137994840806,1
10.883333333333333,8.385612211941512,6.421628768168119,496.2138071414629,1
10.9,8.3856049649909,6.421628967406329,496.21381464672993,1
10.916666666666666,8.385597862471219,6.421629163056727,496.21382200291407,1
10.933333333333334,8.385590901494709,6.421629355184081,496.2138292129872,1
10.95,8.385584079231522,6.421629543852078,496.21383627986177,1
10.966666666666667,8.385577392908552,6.421629729123152,496.21384320639174,1
10.983333333333333,8.385570839808286,6.421629911058639,496.2138499953743,1
11.0,8.385564417267702,6.4216300897187715,496.2138566495504,1
11.016666666666667,8.38555812267716,6.421630265162737,496.2138631716064,1
11.033333333333333,8.385551953479338,6.421630437448605,496.2138695641752,1
11.05,8.385545907168172,6.421630606633376,496.21387582983647,1
11.066666666666666,8.385539981287836,6.421630772773028,496.2138819711187,1
11.083333333333334,8.38553417343173,6.421630935922541,496.2138879904999,1
11.1,8.385528481241476,6.421631096135892,496.2138938904083,1
11.116666666666667,8.38552290240597,6.421631253466103,496.2138996732238,1
11.133333333333333,8.385517434660429,6.421631407965172,496.2139053412787,1
11.15,8.385512075785437,6.421631559684193,496.2139108968585,1
11.166666666666666,8.385506823606063,6.421631708673369,496.2139163422034,1
11.183333333333334,8.385501675990954,6.421631854981943,496.2139216795085,1
11.2,8.385496630851456,6.4216319986583,496.213926910925,1
11.216666666666667,8.385491686140767,6.421632139749914,496.21393203856155,1
11.233333333333333,8.385486839853082,6.421632278303451,496.21393706448424,1
11.25,8.38548209002278,6.4216324143646935,496.21394199071835,1
11.266666666666667,8.385477434723619,6.421632547978573,496.2139468192481,1
11.283333333333333,8.385472872067933,6.42163267918927,496.21395155201856,1
11.3,8.385468400205868,6.421632808040106,496.2139561909357,1
11.316666666666666,8.38546401732462,6.421632934573665,496.21396073786764,1
11.333333333333334,8.38545972164769,6.421633058831738,496.213965194645,1
11.35,8.38545551143415,6.421633180855384,496.2139695630618,1
11.366666666666667,8.38545138497794,6.421633300684841,496.21397384487653,1
11.383333333333333,8.38544734060716,6.421633418359697,496.21397804181225,1
11.4,8.385443376683378,6.421633533918805,496.2139821555579,1
11.416666666666666,8.385439491600978,6.421633647400319,496.21398618776834,1
11.433333333333334,8.38543568378648,6.421633758841727,496.21399014006596,1
11.45,8.385431951697907,6.421633868279763,496.21399401404017,1
11.466666666666667,8.385428293824148,6.4216339757505665,496.213997811249,1
11.483333333333333,8.38542470868434,6.421634081289589,496.21400153321906,1
11.5,8.38542119482726,6.421634184931683,496.2140051814471,1
11.516666666666667,8.38541775083073,6.421634286710925,496.2140087573994,1
11.533333333333333,8.385414375301039,6.421634386661044,496.2140122625133,1
11.55,8.385411066872363,6.421634484814903,496.2140156981973,1
11.566666666666666,8.385407824206208,6.421634581204917,496.21401906583185,1
11.583333333333334,8.385404645990867,6.421634675862808,496.21402236676994,1
11.6,8.38540153094088,6.421634768819849,496.2140256023375,1
11.616666666666667,8.385398477796501,6.421634860106709,496.2140287738339,1
11.633333333333333,8.38539548532319,6.421634949753396,496.21403188253277,1
11.65,8.385392552311103,6.421635037789528,496.2140349296822,1
11.666666666666666,8.3853896775746,6.421635124244036,496.2140379165055,1
11.683333333333334,8.385386859951758,6.421635209145476,496.2140408442015,1
11.7,8.385384098303891,6.42163529252184,496.21404371394516,1
11.716666666666667,8.38538139151509,6.421635374400545,496.2140465268882,1
11.733333333333333,8.385378738491763,6.421635454808578,496.2140492841588,1
11.75,8.385376138162185,6.421635533772474,496.21405198686335,1
11.766666666666667,8.385373589476071,6.421635611318172,496.2140546360858,1
11.783333333333333,8.385371091404126,6.421635687471222,496.2140572328884,1
11.8,8.385368642937644,6.4216357622567735,496.2140597783126,1
11.816666666666666,8.385366243088086,6.421635835699316,496.21406227337866,1
11.833333333333334,8.385363890886673,6.421635907823133,496.21406471908693,1
11.85,8.385361585383992,6.421635978651964,496.21406711641737,1
11.866666666666667,8.385359325649612,6.421636048209074,496.2140694663308,1
11.883333333333333,8.385357110771702,6.421636116517343,496.2140717697685,1
11.9,8.385354939856652,6.421636183599297,496.2140740276535,1
11.916666666666666,8.385352812028716,6.421636249477022,496.21407624089,1
11.933333333333334,8.385350726429646,6.421636314172134,496.2140784103645,1
11.95,8.385348682218345,6.421636377705959,496.2140805369454,1
11.966666666666667,8.38534667857053,6.421636440099401,496.2140826214844,1
11.983333333333333,8.38534471467838,6.4216365013729675,496.21408466481586,1
12.0,8.385342789750224,6.4216365615468,496.2140866677574,1
12.016666666666667,8.3853409030102,6.421636620640663,496.2140886311107,1
12.033333333333333,8.385339053697948,6.421636678674043,496.2140905556613,1
12.05,8.3853372410683,6.421636735666011,496.2140924421791,1
12.066666666666666,8.385335464390971,6.421636791635251,496.2140942914187,1
12.083333333333334,8.385333722950266,6.421636846600213,496.21409610411956,1
12.1,8.385332016044782,6.421636900578915,496.2140978810064,1
12.116666666666667,8.385330342987121,6.421636953589158,496.2140996227899,1
12.133333333333333,8.385328703103621,6.421637005648374,496.2141013301662,1
12.15,8.385327095734068,6.421637056773571,496.2141030038177,1
12.166666666666666,8.38532552023143,6.421637106981634,496.21410464441306,1
12.183333333333334,8.385323975961592,6.421637156288991,496.214106252608,1
12.2,8.385322462303108,6.421637204711916,496.2141078290449,1
12.216666666666667,8.385320978646936,6.421637252266234,496.21410937435326,1
12.233333333333333,8.385319524396186,6.421637298967632,496.21411088915045,1
12.25,8.385318098965891,6.421637344831402,496.21411237404124,1
12.266666666666667,8.385316701782758,6.4216373898726085,496.2141138296183,1
12.283333333333333,8.38531533228493,6.421637434106018,496.2141152564629,1
12.3,8.385313989921778,6.421637477546246,496.2141166551445,1
12.316666666666666,8.385312674153646,6.421637520207464,496.214118026221,1
12.333333333333334,8.38531138445166,6.421637562103673,496.2141193702396,1
12.35,8.385310120297492,6.4216376032486835,496.2141206877363,1
12.366666666666667,8.385308881183157,6.421637643655927,496.2141219792368,1
12.383333333333333,8.38530766661081,6.4216376833387026,496.214123245256,1
12.4,8.385306476092534,6.421637722310034,496.21412448629866,1
12.416666666666666,8.385305309150144,6.421637760582737,496.21412570285975,1
12.433333333333334,8.385304165315,6.421637798169303,496.214126895424,1
12.45,8.38530304412781,6.42163783508207,496.21412806446676,1
12.466666666666667,8.385301945138433,6.421637871333164,496.21412921045385,1
12.483333333333333,8.385300867905718,6.421637906934473,496.2141303338417,1
12.5,8.385299811997303,6.421637941897695,496.2141314350781,1
12.516666666666667,8.38529877698945,6.42163797623425,496.21413251460154,1
12.533333333333333,8.385297762466875,6.421638009955404,496.21413357284183,1
12.55,8.385296768022569,6.421638043072247,496.21413461022036,1
12.566666666666666,8.385295793257638,6.4216380755955855,496.21413562715003,1
12.583333333333334,8.385294837781148,6.421638107536121,496.2141366240357,1
12.6,8.38529390120995,6.421638138904286,496.214137601274,1
12.616666666666667,8.385292983168538,6.421638169710405,496.21413855925374,1
12.633333333333333,8.38529208328889,6.421638199964517,496.21413949835613,1
12.65,8.385291201210315,6.42163822967659,496.2141404189546,1
12.666666666666666,8.385290336579315,6.421638258856322,496.2141413214154,1
12.683333333333334,8.385289489049436,6.4216382875132805,496.21414220609734,1
12.7,8.385288658281125,6.421638315656848,496.21414307335215,1
12.716666666666667,8.3852878439416,6.4216383432962445,496.21414392352443,1
12.733333333333333,8.385287045704704,6.421638370440557,496.21414475695224,1
12.75,8.385286263250785,6.421638397098618,496.2141455739667,1
12.766666666666667,8.385285496266556,6.421638423279205,496.21414637489244,1
12.783333333333333,8.385284744444965,6.421638448990886,496.2141471600475,1
12.8,8.385284007485087,6.421638474242021,496.21414792974394,1
12.816666666666666,8.385283285091983,6.42163849904092,496.2141486842871,1
12.833333333333334,8.385282576976596,6.421638523395689,496.21414942397695,1
12.85,8.385281882855613,6.421638547314327,496.21415014910684,1
12.866666666666667,8.385281202451377,6.421638570804614,496.2141508599647,1
12.883333333333333,8.385280535491756,6.421638593874288,496.2141515568327,1
12.9,8.385279881710023,6.421638616530867,496.21415223998724,1
12.916666666666666,8.385279240844785,6.421638638781776,496.21415290969924,1
12.933333333333334,8.385278612639832,6.421638660634281,496.2141535662344,1
12.95,8.38527799684407,6.421638682095532,496.2141542098533,1
12.966666666666667,8.385277393211398,6.421638703172547,496.21415484081086,1
12.983333333333333,8.385276801500606,6.421638723872265,496.2141554593574,1
13.0,8.385276221475296,6.421638744201431,496.21415606573805,1
13.016666666666667,8.385275652903768,6.421638764166661,496.21415666019305,1
13.033333333333333,8.38527509555894,6.4216387837744735,496.214157242958,1
13.05,8.38527454921824,6.4216388030313345,496.21415781426384,1
13.066666666666666,8.385274013663532,6.421638821943508,496.21415837433693,1
13.083333333333334,8.385273488681012,6.4216388405172085,496.2141589233989,1
13.1,8.385272974061142,6.421638858758459,496.2141594616672,1
13.116666666666667,8.385272469598542,6.421638876673221,496.2141599893549,1
13.133333333333333,8.38527197509192,6.421638894267394,496.214160506671,1
13.15,8.385271490343989,6.42163891154675,496.2141610138202,1
13.166666666666666,8.385271015161392,6.421638928516824,496.2141615110032,1
13.183333333333334,8.385270549354605,6.4216389451832905,496.21416199841684,1
13.2,8.385270092737883,6.421638961551465,496.21416247625365,1
13.216666666666667,8.385269645129167,6.421638977626845,496.2141629447029,1
13.233333333333333,8.385269206350028,6.4216389934145415,496.2141634039495,1
13.25,8.385268776225578,6.421639008919802,496.2141638541753,1
13.266666666666667,8.385268354584404,6.421639024147674,496.21416429555813,1
13.283333333333333,8.385267941258508,6.421639039103091,496.2141647282726,1
13.3,8.385267536083227,6.421639053790951,496.2141651524895,1
13.316666666666666,8.385267138897172,6.421639068216065,496.2141655683765,1
13.333333333333334,8.38526674954216,6.421639082383167,496.21416597609795,1
13.35,8.385266367863153,6.421639096296851,496.21416637581484,1
13.366666666666667,8.385265993708197,6.4216391099616565,496.214166767685,1
13.383333333333333,8.385265626928353,6.421639123382025,496.21416715186325,1
13.4,8.385265267377646,6.421639136562353,496.2141675285011,1
13.416666666666666,8.385264914912996,6.421639149506995,496.21416789774736,1
13.433333333333334,8.385264569394172,6.421639162220091,496.2141682597477,1
13.45,8.385264230683726,6.421639174705857,496.2141686146448,1
13.466666666666667,8.385263898646937,6.421639186968333,496.214168962579,1
13.483333333333333,8.385263573151763,6.42163919901152,496.2141693036871,1
13.5,8.385263254068786,6.421639210839319,496.2141696381037,1
13.516666666666667,8.385262941271156,6.421639222455683,496.2141699659609,1
13.533333333333333,8.385262634634543,6.421639233864307,496.21417028738784,1
13.55,8.385262334037087,6.421639245068971,496.2141706025111,1
13.566666666666666,8.385262039359347,6.421639256073322,496.214170911455,1
13.583333333333334,8.385261750484252,6.421639266880919,496.2141712143411,1
13.6,8.385261467297056,6.421639277495265,496.2141715112889,1
13.616666666666667,8.385261189685293,6.421639287919876,496.2141718024153,1
13.633333333333333,8.385260917538726,6.421639298158158,496.2141720878349,1
13.65,8.385260650749307,6.42163930821339,496.21417236766007,1
13.666666666666666,8.385260389211133,6.421639318088877,496.21417264200085,1
13.683333333333334,8.38526013282041,6.421639327787839,496.2141729109654,1
13.7,8.385259881475388,6.421639337313444,496.21417317465944,1
13.716666666666667,8.38525963507635,6.421639346668792,496.2141734331868,1
13.733333333333333,8.38525939352555,6.42163935585696,496.21417368664913,1
13.75,8.385259156727185,6.421639364880897,496.21417393514616,1
13.766666666666667,8.385258924587355,6.421639373743579,496.2141741787756,1
13.783333333333333,8.385258697014013,6.4216393824478475,496.21417441763316,1
13.8,8.385258473916949,6.421639390996557,496.2141746518128,1
13.816666666666666,8.385258255207734,6.421639399392517,496.2141748814066,1
13.833333333333334,8.3852580407997,6.421639407638467,496.21417510650474,1
13.85,8.385257830607891,6.42163941573708,496.2141753271956,1
13.866666666666667,8.38525762454904,6.421639423690982,496.21417554356594,1
13.883333333333333,8.385257422541525,6.4216394315027365,496.2141757557006,1
13.9,8.385257224505352,6.421639439174959,496.214175963683,1
13.916666666666666,8.385257030362109,6.421639446710061,496.21417616759476,1
13.933333333333334,8.385256840034934,6.42163945411056,496.214176367516,1
13.95,8.385256653448494,6.421639461378854,496.2141765635251,1
13.966666666666667,8.385256470528946,6.42163946851732,496.2141767556988,1
13.983333333333333,8.385256291203914,6.421639475528227,496.21417694411275,1
14.0,8.38525611540245,6.421639482413949,496.21417712884084,1
14.016666666666667,8.385255943055022,6.421639489176657,496.21417730995546,1
14.033333333333333,8.385255774093462,6.421639495818549,496.2141774875275,1
14.05,8.385255608450969,6.421639502341802,496.21417766162676,1
14.066666666666666,8.38525544606205,6.421639508748585,496.21417783232135,1
14.083333333333334,8.385255286862519,6.421639515040911,496.2141779996783,1
14.1,8.385255130789462,6.421639521220856,496.214178163763,1
14.116666666666667,8.385254977781205,6.421639527290463,496.2141783246398,1
14.133333333333333,8.385254827777299,6.42163953325165,496.21417848237184,1
14.15,8.385254680718493,6.421639539106405,496.21417863702067,1
14.166666666666666,8.385254536546705,6.421639544856584,496.21417878864685,1
14.183333333333334,8.385254395205012,6.421639550504086,496.2141789373099,1
14.2,8.385254256637607,6.42163955605072,496.21417908306796,1
14.216666666666667,8.385254120789796,6.421639561498347,496.214179225978,1
14.233333333333333,8.385253987607966,6.421639566848677,496.21417936609595,1
14.25,8.385253857039563,6.42163957210352,496.21417950347666,1
14.266666666666667,8.385253729033074,6.421639577264545,496.21417963817396,1
14.283333333333333,8.38525360353801,6.421639582333401,496.2141797702402,1
14.3,8.385253480504874,6.421639587311774,496.21417989972724,1
14.316666666666666,8.385253359885152,6.421639592201273,496.21418002668565,1
14.333333333333334,8.385253241631288,6.421639597003509,496.21418015116507,1
14.35,8.385253125696673,6.421639601719987,496.21418027321414,1
14.366666666666667,8.385253012035612,6.421639606352297,496.21418039288045,1
14.383333333333333,8.385252900603323,6.421639610901916,496.21418051021084,1
14.4,8.385252791355903,6.421639615370296,496.214180625251,1
14.416666666666666,8.385252684250322,6.421639619758934,496.2141807380461,1
14.433333333333334,8.385252579244394,6.421639624069247,496.2141808486399,1
14.45,8.385252476296774,6.421639628302628,496.21418095707565,1
14.466666666666667,8.385252375366933,6.421639632460461,496.21418106339564,1
14.483333333333333,8.385252276415141,6.42163963654408,496.2141811676414,1
14.5,8.385252179402455,6.421639640554831,496.2141812698535,1
14.516666666666667,8.385252084290704,6.421639644494019,496.214181370072,1
14.533333333333333,8.38525199104247,6.421639648362883,496.2141814683357,1
14.55,8.385251899621071,6.421639652162752,496.2141815646832,1
14.566666666666666,8.385251809990562,6.421639655894773,496.2141816591519,1
14.583333333333334,8.385251722115694,6.421639659560217,496.21418175177854,1
14.6,8.38525163596192,6.421639663160233,496.2141818425993,1
14.616666666666667,8.385251551495381,6.421639666696026,496.2141819316496,1
14.633333333333333,8.385251468682876,6.421639670168791,496.21418201896404,1
14.65,8.385251387491868,6.421639673579542,496.21418210457654,1
14.666666666666666,8.385251307890465,6.421639676929449,496.2141821885206,1
14.683333333333334,8.3852512298474,6.421639680219615,496.21418227082904,1
14.7,8.385251153332025,6.421639683451068,496.21418235153357,1
14.716666666666667,8.385251078314296,6.421639686624887,496.21418243066574,1
14.733333333333333,8.385251004764767,6.4216396897420776,496.21418250825633,1
14.75,8.385250932654566,6.421639692803656,496.21418258433545,1
14.766666666666667,8.385250861955402,6.421639695810602,496.2141826589329,1
14.783333333333333,8.385250792639527,6.421639698763953,496.21418273207746,1
14.8,8.385250724679754,6.421639701664621,496.2141828037976,1
14.816666666666666,8.38525065804943,6.421639704513537,496.21418287412115,1
14.833333333333334,8.385250592722427,6.421639707311647,496.21418294307557,1
14.85,8.38525052867313,6.421639710059853,496.21418301068763,1
14.866666666666667,8.385250465876434,6.421639712759053,496.21418307698343,1
14.883333333333333,8.385250404307724,6.421639715410098,496.214183141989,1
14.9,8.385250343942884,6.421639718013841,496.2141832057293,1
14.916666666666666,8.385250284758254,6.421639720571207,496.21418326822925,1
14.933333333333334,8.385250226730653,6.421639723082946,496.214183329513,1
14.95,8.385250169898137,6.421639725549913,496.2141833893492,1
14.966666666666667,8.385250114175314,6.421639727963911,496.21418344806744,1
14.983333333333333,8.385250059540633,6.42163973033499,496.21418350568257,1
15.0,8.38525000597274,6.421639732665092,496.21418356220687,1
15.016666666666667,8.385249953450675,6.421639734954928,496.214183617654,1
15.033333333333333,8.385249901953895,6.42163973720511,496.21418367203927,1
15.05,8.385249851462254,6.421639739416112,496.21418372537954,1
15.066666666666666,8.38524980195602,6.421639741588414,496.21418377769197,1
15.083333333333334,8.38524975341585,6.421639743722598,496.21418382899463,1
15.1,8.385249705822794,6.421639745819212,496.2141838793056,1
15.116666666666667,8.385249659158264,6.421639747878779,496.2141839286428,1
15.133333333333333,8.385249613404051,6.421639749901981,496.21418397702456,1
15.15,8.385249568542303,6.421639751889294,496.21418402446875,1
15.166666666666666,8.385249524555524,6.421639753841393,496.2141840709933,1
15.183333333333334,8.385249481426568,6.421639755758863,496.2141841166159,1
15.2,8.385249439138612,6.4216397576422315,496.2141841613538,1
15.216666666666667,8.385249397675178,6.421639759492134,496.214184205224,1
15.233333333333333,8.385249357020115,6.4216397613091685,496.2141842482435,1
15.25,8.385249317157575,6.421639763093883,496.21418429042853,1
15.266666666666667,8.385249278072038,6.421639764846827,496.21418433179554,1
15.283333333333333,8.385249239748285,6.421639766568577,496.21418437236014,1
15.3,8.385249202171392,6.4216397682597,496.21418441213814,1
15.316666666666666,8.385249165326734,6.4216397699207555,496.2141844511449,1
15.333333333333334,8.385249129199973,6.421639771552197,496.2141844893952,1
15.35,8.385249093777052,6.421639773154645,496.214184526904,1
15.366666666666667,8.385249059044186,6.421639774728507,496.21418456368554,1
15.383333333333333,8.385249024987873,6.421639776274347,496.2141845997541,1
15.4,8.385248991594871,6.4216397777926755,496.2141846351235,1
15.416666666666666,8.385248958852188,6.421639779283993,496.2141846698075,1
15.433333333333334,8.385248926747105,6.421639780748727,496.2141847038193,1
15.45,8.385248895267138,6.421639782187378,496.214184737172,1
15.466666666666667,8.385248864400062,6.421639783600397,496.21418476987844,1
15.483333333333333,8.385248834133883,6.421639784988297,496.2141848019513,1
15.5,8.385248804456843,6.4216397863514585,496.21418483340284,1
15.516666666666667,8.38524877535742,6.42163978769034,496.21418486424517,1
15.533333333333333,8.385248746824315,6.4216397890054155,496.2141848944901,1
15.55,8.385248718846455,6.421639790297028,496.2141849241493,1
15.566666666666666,8.385248691412977,6.421639791565658,496.2141849532341,1
15.583333333333334,8.38524866451324,6.421639792811684,496.21418498175586,1
15.6,8.385248638136805,6.421639794035537,496.2141850097255,1
15.616666666666667,8.385248612273447,6.421639795237593,496.2141850371535,1
15.633333333333333,8.38524858691313,6.421639796418248,496.21418506405075,1
15.65,8.385248562046021,6.421639797577889,496.21418509042735,1
15.666666666666666,8.385248537662484,6.4216397987168845,496.21418511629355,1
15.683333333333334,8.385248513753064,6.421639799835577,496.2141851416592,1
15.7,8.385248490308499,6.421639800934368,496.2141851665341,1
15.716666666666667,8.385248467319705,6.421639802013579,496.21418519092776,1
15.733333333333333,8.38524844477778,6.4216398030735915,496.2141852148495,1
15.75,8.38524842267399,6.421639804114747,496.2141852383085,1
15.766666666666667,8.385248400999782,6.421639805137382,496.2141852613139,1
15.783333333333333,8.38524837974676,6.421639806141776,496.2141852838744,1
15.8,8.385248358906699,6.421639807128283,496.2141853059987,1
15.816666666666666,8.385248338471538,6.421639808097245,496.2141853276952,1
15.833333333333334,8.385248318433367,6.4216398090489175,496.2141853489722,1
15.85,8.385248298784438,6.42163980998369,496.214185369838,1
15.866666666666667,8.38524827951715,6.421639810901832,496.2141853903004,1
15.883333333333333,8.385248260624053,6.4216398118035976,496.2141854103674,1
15.9,8.385248242097843,6.42163981268933,496.2141854300465,1
15.916666666666666,8.385248223931361,6.421639813559281,496.2141854493454,1
15.933333333333334,8.385248206117584,6.421639814413761,496.21418546827147,1
15.95,8.385248188649634,6.421639815253001,496.2141854868317,1
15.966666666666667,8.385248171520761,6.421639816077334,496.2141855050337,1
15.983333333333333,8.385248154724348,6.421639816887025,496.21418552288407,1
16.0,8.38524813825391,6.421639817682276,496.2141855403897,1
16.016666666666666,8.38524812210309,6.421639818463352,496.2141855575572,1
16.033333333333335,8.385248106265653,6.421639819230551,496.2141855743933,1
16.05,8.385248090735487,6.421639819984087,496.2141855909043,1
16.066666666666666,8.385248075506606,6.42163982072422,496.2141856070966,1
16.083333333333332,8.385248060573126,6.4216398214511825,496.21418562297634,1
16.1,8.385248045929293,6.421639822165204,496.21418563854957,1
16.116666666666667,8.385248031569459,6.4216398228665,496.21418565382237,1
16.133333333333333,8.385248017488088,6.421639823555348,496.2141856688003,1
16.15,8.385248003679754,6.421639824231923,496.2141856834894,1
16.166666666666668,8.385247990139137,6.421639824896475,496.2141856978951,1
16.183333333333334,8.385247976861015,6.421639825549175,496.2141857120228,1
16.2,8.385247963840277,6.421639826190284,496.2141857258781,1
16.216666666666665,8.385247951071907,6.421639826819979,496.2141857394662,1
16.233333333333334,8.38524793855099,6.4216398274384625,496.2141857527922,1
16.25,8.3852479262727,6.421639828045926,496.2141857658613,1
16.266666666666666,8.38524791423232,6.421639828642615,496.21418577867837,1
16.283333333333335,8.385247902425212,6.4216398292286625,496.2141857912484,1
16.3,8.385247890846832,6.421639829804292,496.214185803576,1
16.316666666666666,8.385247879492729,6.421639830369667,496.2141858156661,1
16.333333333333332,8.385247868358537,6.421639830925001,496.2141858275233,1
16.35,8.385247857439971,6.421639831470454,496.214185839152,1
16.366666666666667,8.385247846732838,6.421639832006211,496.21418585055653,1
16.383333333333333,8.385247836233019,6.421639832532433,496.2141858617414,1
16.4,8.38524782593648,6.421639833049257,496.21418587271063,1
16.416666666666668,8.385247815839262,6.421639833556937,496.21418588346876,1
16.433333333333334,8.385247805937494,6.4216398340555605,496.2141858940196,1
16.45,8.385247796227366,6.421639834545346,496.2141859043672,1
16.466666666666665,8.385247786705154,6.4216398350263955,496.2141859145156,1
16.483333333333334,8.385247777367198,6.421639835498903,496.2141859244686,1
16.5,8.385247768209918,6.421639835962954,496.2141859342299,1
16.516666666666666,8.385247759229802,6.421639836418806,496.2141859438034,1
16.533333333333335,8.385247750423403,6.421639836866532,496.21418595319255,1
16.55,8.385247741787339,6.421639837306293,496.2141859624011,1
16.566666666666666,8.3852477333183,6.421639837738224,496.2141859714323,1
16.583333333333332,8.38524772501304,6.421639838162494,496.21418598028987,1
16.6,8.385247716868374,6.421639838579222,496.21418598897685,1
16.616666666666667,8.385247708881183,6.421639838988511,496.2141859974969,1
16.633333333333333,8.385247701048405,6.4216398393905525,496.214186005853,1
16.65,8.385247693367038,6.421639839785428,496.2141860140484,1
16.666666666666668,8.38524768583414,6.421639840173305,496.21418602208615,1
16.683333333333334,8.385247678446829,6.421639840554254,496.21418602996937,1
16.7,8.385247671202274,6.421639840928439,496.214186037701,1
16.716666666666665,8.385247664097703,6.421639841295976,496.214186045284,1
16.733333333333334,8.385247657130394,6.421639841656959,496.21418605272123,1
16.75,8.385247650297684,6.421639842011538,496.2141860600155,1
16.766666666666666,8.385247643596959,6.421639842359783,496.2141860671696,1
16.783333333333335,8.385247637025655,6.42163984270187,496.21418607418616,1
16.8,8.385247630581262,6.421639843037897,496.21418608106796,1
16.816666666666666,8.38524762426131,6.421639843367922,496.21418608781755,1
16.833333333333332,8.38524761806339,6.42163984369205,496.21418609443737,1
16.85,8.38524761198513,6.42163984401047,496.2141861009301,1
16.866666666666667,8.385247606024206,6.421639844323171,496.214186107298,1
16.883333333333333,8.385247600178346,6.421639844630345,496.21418611354375,1
16.9,8.385247594445312,6.421639844932034,496.2141861196694,1
16.916666666666668,8.385247588822917,6.4216398452283885,496.2141861256775,1
16.933333333333334,8.385247583309015,6.42163984551951,496.2141861315704,1
16.95,8.3852475779015,6.421639845805402,496.21418613735005,1
16.966666666666665,8.385247572598312,6.421639846086223,496.2141861430188,1
16.983333333333334,8.385247567397421,6.421639846362028,496.21418614857873,1
17.0,8.38524756229685,6.4216398466329565,496.214186154032,1
17.016666666666666,8.38524755729465,6.4216398468990485,496.2141861593805,1
17.033333333333335,8.385247552388915,6.421639847160443,496.2141861646265,1
17.05,8.385247547577775,6.421639847417171,496.2141861697718,1
17.066666666666666,8.385247542859394,6.4216398476693515,496.2141861748184,1
17.083333333333332,8.385247538231976,6.421639847917048,496.2141861797682,1
17.1,8.385247533693757,6.421639848160343,496.21418618462303,1
17.116666666666667,8.38524752924301,6.421639848399288,496.21418618938486,1
17.133333333333333,8.385247524878041,6.421639848634005,496.2141861940553,1
17.15,8.385247520597185,6.421639848864594,496.21418619863636,1
17.166666666666668,8.385247516398811,6.421639849091012,496.2141862031294,1
17.183333333333334,8.385247512281325,6.421639849313441,496.21418620753633,1
17.2,8.38524750824316,6.421639849531911,496.21418621185893,1
17.216666666666665,8.385247504282777,6.4216398497465,496.2141862160986,1
17.233333333333334,8.385247500398672,6.4216398499572325,496.21418622025715,1
17.25,8.38524749658937,6.421639850164267,496.2141862243359,1
17.266666666666666,8.385247492853422,6.421639850367632,496.2141862283366,1
17.283333333333335,8.385247489189403,6.421639850567359,496.21418623226054,1
17.3,8.385247485595924,6.421639850763525,496.2141862361094,1
17.316666666666666,8.385247482071621,6.421639850956231,496.21418623988444,1
17.333333333333332,8.385247478615153,6.421639851145517,496.2141862435873,1
17.35,8.385247475225206,6.42163985133143,496.2141862472192,1
17.366666666666667,8.385247471900497,6.421639851514038,496.2141862507816,1
17.383333333333333,8.385247468639761,6.421639851693392,496.2141862542759,1
17.4,8.385247465441761,6.421639851869553,496.21418625770315,1
17.416666666666668,8.385247462305287,6.421639852042614,496.2141862610649,1
17.433333333333334,8.385247459229143,6.421639852212571,496.21418626436235,1
17.45,8.385247456212163,6.421639852379513,496.21418626759663,1
17.466666666666665,8.385247453253207,6.421639852543506,496.21418627076906,1
17.483333333333334,8.38524745035115,6.421639852704605,496.2141862738809,1
17.5,8.385247447504895,6.421639852862832,496.21418627693316,1
17.516666666666666,8.38524744471336,6.421639853018192,496.21418627992693,1
17.533333333333335,8.385247441975485,6.421639853170826,496.21418628286347,1
17.55,8.38524743929024,6.421639853320768,496.2141862857439,1
17.566666666666666,8.385247436656604,6.421639853468054,496.21418628856924,1
17.583333333333332,8.385247434073577,6.4216398536127,496.2141862913405,1
17.6,8.385247431540188,6.421639853754774,496.21418629405883,1
17.616666666666667,8.38524742905547,6.4216398538942965,496.2141862967252,1
17.633333333333333,8.38524742661849,6.4216398540314055,496.2141862993407,1
17.65,8.38524742422832,6.421639854166029,496.2141863019062,1
17.666666666666668,8.38524742188406,6.421639854298277,496.2141863044226,1
17.683333333333334,8.38524741958482,6.421639854428161,496.21418630689095,1
17.7,8.385247417329733,6.421639854555774,496.21418630931214,1
17.716666666666665,8.385247415117947,6.421639854681117,496.214186311687,1
17.733333333333334,8.385247412948623,6.4216398548042095,496.2141863140167,1
17.75,8.385247410820945,6.421639854925125,496.21418631630166,1
17.766666666666666,8.38524740873411,6.421639855043895,496.21418631854317,1
17.783333333333335,8.385247406687325,6.4216398551605565,496.2141863207419,1
17.8,8.38524740467982,6.421639855275174,496.2141863228985,1
17.816666666666666,8.385247402710835,6.421639855387713,496.214186325014,1
17.833333333333332,8.38524740077963,6.421639855498265,496.2141863270891,1
17.85,8.385247398885474,6.421639855606846,496.21418632912463,1
17.866666666666667,8.385247397027653,6.421639855713534,496.21418633112137,1
17.883333333333333,8.385247395205466,6.421639855818283,496.2141863330799,1
17.9,8.385247393418226,6.421639855921217,496.21418633500116,1
17.916666666666668,8.385247391665258,6.421639856022274,496.2141863368857,1
17.933333333333334,8.385247389945903,6.421639856121518,496.2141863387342,1
17.95,8.385247388259511,6.421639856219048,496.2141863405476,1
17.966666666666665,8.385247386605451,6.421639856314839,496.2141863423264,1
17.983333333333334,8.385247384983096,6.421639856408937,496.21418634407115,1
18.0,8.385247383391834,6.421639856501354,496.21418634578276,1
18.016666666666666,8.38524738183107,6.42163985659213,496.21418634746175,1
18.033333333333335,8.38524738030021,6.421639856681263,496.2141863491085,1
18.05,8.385247378798683,6.421639856768843,496.214186350724,1
18.066666666666666,8.385247377325925,6.421639856854885,496.21418635230873,1
18.083333333333332,8.385247375881377,6.421639856854885,496.2141863537788,1
18.1,8.38524737446658,6.421639856854885,496.214186355212,1
18.116666666666667,8.38524737308092,6.421639856854885,496.2141863566109,1
18.133333333333333,8.385247371723798,6.421639856854885,496.2141863579776,1
18.15,8.385247370394627,6.421639856854885,496.21418635931366,1
18.166666666666668,8.385247369092829,6.421639856854885,496.21418636062043,1
18.183333333333334,8.385247367817842,6.421639856854885,496.214186361899,1
18.2,8.385247366569114,6.421639856854885,496.2141863631504,1
18.216666666666665,8.385247365346103,6.421639856854885,496.21418636437534,1
18.233333333333334,8.38524736414828,6.421639856854885,496.2141863655744,1
18.25,8.385247362975125,6.421639856854885,496.21418636674855,1
18.266666666666666,8.385247361826133,6.421639856854885,496.21418636789826,1
18.283333333333335,8.385247360700804,6.421639856854885,496.2141863690242,1
18.3,8.385247359598655,6.421639856854885,496.21418637012675,1
18.316666666666666,8.385247358519202,6.421639856854885,496.21418637120655,1
18.333333333333332,8.38524735746198,6.421639856854885,496.214186372264,1
18.35,8.385247356426532,6.421639856854885,496.21418637329964,1
18.366666666666667,8.38524735541241,6.421639856854885,496.2141863743139,1
18.383333333333333,8.385247354419173,6.421639856854885,496.2141863753073,1
18.4,8.385247353446394,6.421639856854885,496.2141863762801,1
18.416666666666668,8.385247352493648,6.421639856854885,496.2141863772329,1
18.433333333333334,8.385247351560523,6.421639856854885,496.21418637816606,1
18.45,8.385247350646614,6.421639856854885,496.21418637907993,1
18.466666666666665,8.38524734975153,6.421639856854885,496.21418637997505,1
18.483333333333334,8.385247348874879,6.421639856854885,496.2141863808517,1
18.5,8.385247348016282,6.421639856854885,496.2141863817103,1
18.516666666666666,8.38524734717537,6.421639856854885,496.2141863825512,1
18.533333333333335,8.385247346351777,6.421639856854885,496.21418638337485,1
18.55,8.385247345545144,6.421639856854885,496.21418638418146,1
18.566666666666666,8.385247344755127,6.421639856854885,496.2141863849715,1
18.583333333333332,8.38524734398138,6.421639856854885,496.2141863857452,1
18.6,8.385247343223567,6.421639856854885,496.21418638650306,1
18.616666666666667,8.38524734248136,6.421639856854885,496.2141863872453,1
18.633333333333333,8.385247341754441,6.421639856854885,496.21418638797223,1
18.65,8.385247341042492,6.421639856854885,496.2141863886842,1
18.666666666666668,8.385247340345206,6.421639856854885,496.2141863893815,1
18.683333333333334,8.38524733966228,6.421639856854885,496.21418639006436,1
18.7,8.385247338993418,6.421639856854885,496.21418639073323,1
18.716666666666665,8.385247338338333,6.421639856854885,496.21418639138835,1
18.733333333333334,8.38524733769674,6.421639856854885,496.21418639202994,1
18.75,8.385247337068357,6.421639856854885,496.21418639265835,1
18.766666666666666,8.385247336452919,6.421639856854885,496.21418639327374,1
18.783333333333335,8.385247335850154,6.421639856854885,496.21418639387656,1
18.8,8.385247335259805,6.421639856854885,496.2141863944669,1
18.816666666666666,8.385247334681612,6.421639856854885,496.2141863950451,1
18.833333333333332,8.385247334115327,6.421639856854885,496.21418639561136,1
18.85,8.38524733356071,6.421639856854885,496.214186396166,1
18.866666666666667,8.38524733301751,6.421639856854885,496.21418639670924,1
18.883333333333333,8.3852473324855,6.421639856854885,496.21418639724124,1
18.9,8.385247331964443,6.421639856854885,496.21418639776226,1
18.916666666666668,8.385247331454119,6.421639856854885,496.21418639827266,1
18.933333333333334,8.385247330954307,6.421639856854885,496.2141863987725,1
18.95,8.38524733046479,6.421639856854885,496.21418639926196,1
18.966666666666665,8.385247329985352,6.421639856854885,496.21418639974144,1
18.983333333333334,8.38524732951579,6.421639856854885,496.21418640021096,1
19.0,8.385247329055897,6.421639856854885,496.2141864006709,1
19.016666666666666,8.385247328605475,6.421639856854885,496.2141864011213,1
19.033333333333335,8.38524732816433,6.421639856854885,496.2141864015625,1
19.05,8.38524732773227,6.421639856854885,496.21418640199454,1
19.066666666666666,8.385247327309111,6.421639856854885,496.21418640241774,1
19.083333333333332,8.385247326894664,6.421639856854885,496.2141864028322,1
19.1,8.385247326488752,6.421639856854885,496.21418640323805,1
19.116666666666667,8.385247326091203,6.421639856854885,496.2141864036356,1
19.133333333333333,8.38524732570184,6.421639856854885,496.214186404025,1
19.15,8.385247325320497,6.421639856854885,496.21418640440635,1
19.166666666666668,8.385247324947008,6.421639856854885,496.2141864047798,1
19.183333333333334,8.385247324581208,6.421639856854885,496.21418640514565,1
19.2,8.385247324222943,6.421639856854885,496.21418640550394,1
19.216666666666665,8.38524732387206,6.421639856854885,496.2141864058548,1
19.233333333333334,8.3852473235284,6.421639856854885,496.21418640619845,1
19.25,8.38524732319182,6.421639856854885,496.214186406535,1
19.266666666666666,8.385247322862167,6.421639856854885,496.2141864068647,1
19.283333333333335,8.385247322539307,6.421639856854885,496.2141864071876,1
19.3,8.385247322223094,6.421639856854885,496.2141864075038,1
19.316666666666666,8.385247321913395,6.421639856854885,496.21418640781343,1
19.333333333333332,8.385247321610075,6.421639856854885,496.2141864081168,1
19.35,8.385247321313003,6.421639856854885,496.21418640841387,1
19.366666666666667,8.385247321022048,6.421639856854885,496.21418640870485,1
19.383333333333333,8.385247320737086,6.421639856854885,496.2141864089898,1
19.4,8.385247320457992,6.421639856854885,496.2141864092689,1
19.416666666666668,8.385247320184646,6.421639856854885,496.2141864095422,1
19.433333333333334,8.38524731991693,6.421639856854885,496.21418640980994,1
19.45,8.385247319654729,6.421639856854885,496.2141864100722,1
19.466666666666665,8.385247319397925,6.421639856854885,496.214186410329,1
19.483333333333334,8.38524731914641,6.421639856854885,496.2141864105805,1
19.5,8.385247318900076,6.421639856854885,496.21418641082687,1
19.516666666666666,8.385247318658816,6.421639856854885,496.2141864110681,1
19.533333333333335,8.385247318422525,6.421639856854885,496.2141864113044,1
19.55,8.3852473181911,6.421639856854885,496.2141864115358,1
19.566666666666666,8.38524731796444,6.421639856854885,496.2141864117625,1
19.583333333333332,8.385247317742449,6.421639856854885,496.2141864119845,1
19.6,8.385247317525028,6.421639856854885,496.21418641220197,1
19.616666666666667,8.385247317312087,6.421639856854885,496.2141864124149,1
19.633333333333333,8.38524731710353,6.421639856854885,496.21418641262346,1
19.65,8.385247316899271,6.421639856854885,496.2141864128277,1
19.666666666666668,8.385247316699216,6.421639856854885,496.2141864130278,1
19.683333333333334,8.385247316503282,6.421639856854885,496.21418641322373,1
19.7,8.385247316311386,6.421639856854885,496.21418641341563,1
19.716666666666665,8.38524731612344,6.421639856854885,496.2141864136036,1
19.733333333333334,8.385247315939365,6.421639856854885,496.2141864137877,1
19.75,8.38524731575908,6.421639856854885,496.2141864139679,1
19.766666666666666,8.385247315582507,6.421639856854885,496.2141864141445,1
19.783333333333335,8.385247315409574,6.421639856854885,496.21418641431745,1
19.8,8.3852473152402,6.421639856854885,496.21418641448685,1
19.816666666666666,8.385247315074317,6.421639856854885,496.2141864146528,1
19.833333333333332,8.385247314911847,6.421639856854885,496.2141864148152,1
19.85,8.385247314752725,6.421639856854885,496.21418641497434,1
19.866666666666667,8.385247314596878,6.421639856854885,496.21418641513014,1
19.883333333333333,8.385247314444243,6.421639856854885,496.2141864152828,1
19.9,8.385247314294752,6.421639856854885,496.2141864154323,1
19.916666666666668,8.385247314148339,6.421639856854885,496.21418641557875,1
19.933333333333334,8.385247314004943,6.421639856854885,496.2141864157221,1
19.95,8.385247313864497,6.421639856854885,496.21418641586257,1
19.966666666666665,8.385247313726946,6.421639856854885,496.21418641600013,1
19.983333333333334,8.385247313592227,6.421639856854885,496.21418641613485,1
20.0,8.385247313460281,6.421639856854885,496.2141864162668,1
20.016666666666666,8.396082992287983,5.982405892079588,495.7288244843712,0
20.033333333333335,8.420870180244767,5.410807138458624,495.0578034089107,0
20.05,8.45846889879778,4.879263136726095,494.3834046293454,0
20.066666666666666,8.506855144969634,4.42546782531573,493.7543938837791,0
20.083333333333332,8.564198131325709,4.043289231864004,493.17306753176183,0
20.1,8.629037058431981,3.7189287250622294,492.63146063189447,0
20.116666666666667,8.700233656622002,3.4401034651425197,492.12124947019174,0
20.133333333333333,8.776895741706218,3.197351024355704,491.63567444176687,0
20.15,8.858313825997378,2.983595991984359,491.16953270740635,0
20.166666666666668,8.943914576604534,2.7935301740360425,490.71883604093557,0
20.183333333333334,9.033227536292186,2.6231153786374035,490.28049297826635,0
20.2,9.12586126139449,2.469227799360736,489.85207001873147,0
20.216666666666665,9.221485989719701,2.3294103951830025,489.43162119635264,0
20.233333333333334,9.31982084769024,2.2017002575377815,489.01756730336155,0
20.25,9.420624251142623,2.084506846725517,488.6086095541251,0
20.266666666666666,9.523686588026615,1.97652477883222,488.20366697494336,0
20.283333333333335,9.628824558152035,1.8766703342066846,487.8018302672851,0
20.3,9.735876735410557,1.7840344907670531,487.40232726576085,0
20.316666666666666,9.8447000454582,1.6978476504689215,487.00449668523953,0
20.333333333333332,9.955166938562995,1.6174527702092405,486.6077678885072,0
20.35,10.067163097173705,1.5422846248276056,486.2116450940526,0
20.366666666666667,10.180585559703701,1.4718536081964335,485.81569490581614,0
20.383333333333333,10.295341171844049,1.4057329376523238,485.41953636167943,0
20.4,10.41134529822143,1.3435484425378221,485.0228329152995,0
20.416666666666668,10.528520742925092,1.2849703375175294,484.6252859187945,0
20.433333333333334,10.646796839045711,1.2297065367102238,484.2266292826781,0
20.45,10.76610867606242,1.1774971759186115,483.8266250680333,0
20.466666666666665,10.886396440489216,1.128110090871685,483.4250598234,0
20.483333333333334,11.007604850215033,1.0813370585288093,483.0217415213714,0
20.5,11.129682666845532,1.0369906523416748,482.616496981735,0
20.516666666666666,11.252582273368533,0.9949015952190046,482.20916969205143,0
20.533333333333335,11.376259306829246,0.9549165187887133,481.7996179549576,0
20.55,11.500672337570505,0.9168960565235302,481.3877133056378,0
20.566666666666666,11.62578258808163,0.8807132129042592,480.9733391539171,0
20.583333333333332,11.75155368569288,0.8462519621355635,480.55638961405754,0
20.6,11.877951429880717,0.8134060388001153,480.1367687109927,0
20.616666666666667,12.004943643133878,0.7820778909819773,479.7143888285473,0
20.633333333333333,12.132499954422165,0.7521777650906882,479.2891706303807,0
20.65,12.260591661694617,0.723622912780517,478.86104215404356,0
20.666666666666668,12.38919159545031,0.6963368924498721,478.4299382202429,0
20.683333333333334,12.518273996616994,0.670248955690991,477.9957999125033,0
20.7,12.64781440696907,0.6452935062045164,477.5585741167786,0
20.716666666666665,12.777789570568821,0.621409621136468,477.1182131126071,0
20.733333333333334,12.908177344925157,0.5985406264162152,476.67467420874027,0
20.75,13.038956620741455,0.5766337189730577,476.2279194172332,0
20.766666666666666,13.170107249274222,0.5556396297804984,475.777915160881,0
20.783333333333335,13.301609976451784,0.5355123225677514,475.32463200961774,0
20.8,13.433446383011038,0.5162087237819349,474.86804444212567,0
20.816666666666666,13.565598830003333,0.49768848000815574,474.40813062942175,0
20.833333333333332,13.698050409100508,0.47991373957993705,473.9448722376381,0
20.85,13.830784897200799,0.4628489555561852,473.47825424759094,0
20.866666666666667,13.963786714893857,0.44646070761712825,473.00826478905236,0
20.883333333333333,14.097040888395435,0.4307175407517782,472.5348949879206,0
20.9,14.23053301460707,0.4155898188825833,472.0581388247175,0
20.916666666666668,14.364249228994902,0.4010495918068212,471.5779930030475,0
20.933333333333334,14.49817617601578,0.3870704740349891,471.0944568268295,0
20.95,14.63230098184841,0.37362753427933865,470.60753208526467,0
20.966666666666665,14.76661122921346,0.36069719449493015,470.1172229446344,0
20.983333333333334,14.901094934089327,0.34825713750475357,469.6235358461407,0
21.0,15.035740524150494,0.3362862223525695,469.12647940910074,0
21.016666666666666,15.170536818773185,0.3247644066246751,468.6260643388912,0
21.033333333333335,15.305473010468784,0.3136726750668473,468.1223033391225,0
21.05,15.440538647619467,0.3029929738970564,467.61521102758246,0
21.066666666666666,15.575723618402842,0.2927081502796591,467.1048038555535,0
21.083333333333332,15.711018135803455,0.2828018964840057,466.5911000301555,0
21.1,15.846412723618874,0.273258698300631,466.07411943941634,0
21.116666666666667,15.981898203376813,0.26406378733259706,465.55388357980814,0
21.133333333333333,16.117465682087623,0.25520309681871506,465.030415486025,0
21.15,16.25310654076351,0.24666322068001184,464.5037396628089,0
21.166666666666668,16.388812423642207,0.23843137551157179,463.97388201865823,0
21.183333333333334,16.524575228058378,0.23049536526919207,463.44086980127497,0
21.2,16.660387094911307,0.22284354842455043,462.90473153463256,0
21.216666666666665,16.796240399681928,0.2154648073842622,462.3654969575608,0
21.233333333333334,16.93212774395636,0.20834851998753093,461.8231969637621,0
21.25,17.06804194741708,0.2014845329143789,461.2778635431879,0
21.266666666666666,17.203976040265943,0.19486313685193524,460.729529724717,0
21.283333333333335,17.33992325604671,0.18847504328013423,460.17822952008584,0
21.3,17.475877024837178,0.18231136275066118,459.62399786903427,0
21.316666666666666,17.611830966783838,0.17636358454421366,459.0668705856332,0
21.333333333333332,17.74777888595409,0.17062355760122042,458.5068843057731,0
21.35,17.883714764483262,0.16508347263032885,457.9440764357929,0
21.366666666666667,18.019632756995524,0.15973584530715396,457.37848510223756,0
21.383333333333333,18.155527185279517,0.1545735004832743,456.810149102734,0
21.4,18.291392533201243,0.1495895573321616,456.23910785798034,0
21.416666666666668,18.42722344183792,0.14477741536487654,455.66540136484537,0
21.433333333333334,18.56301470481821,0.14013074125387184,455.08907015057554,0
21.45,18.69876126385508,0.13564345640832243,454.51015522811235,0
21.466666666666665,18.83445820445887,0.1313097252489303,453.9286980525191,0
21.483333333333334,18.970100751819142,0.12712394413436953,453.34474047852143,0
21.5,19.10568426684467,0.12308073089530093,452.7583247191617,0
21.516666666666666,19.241204242351913,0.11917491493536538,452.16949330557225,0
21.533333333333335,19.37665629939307,0.11540152786171289,451.57828904786834,0
21.55,19.512036183715423,0.11175579461052855,450.98475499716295,0
21.566666666666666,19.647339762344508,0.1082331250356415,450.38893440870396,0
21.583333333333332,19.782563020283966,0.10482910593072296,449.7908707061368,0
21.6,19.917702057325837,0.1015394934577974,449.19060744688755,0
21.616666666666667,20.052753084965218,0.09836020595680581,448.58818828866976,0
21.633333333333333,20.18771242341388,0.09528731711282773,447.98365695710874,0
21.65,20.32257649870776,0.09231704945927947,447.37705721448094,0
21.666666666666668,20.457341839903663,0.08944576819694607,446.76843282956435,0
21.683333333333334,20.592005076360852,0.08666997531018508,446.1578275485911,0
21.7,20.72656293510355,0.08398630396292117,445.5452850672975,0
21.716666666666665,20.86101223826061,0.08139151315830136,444.93084900406063,0
21.733333333333334,20.99534990057894,0.07888248264697972,444.3145628741133,0
21.75,21.129572927007512,0.0764562080700454,443.69647006482467,0
21.766666666666666,21.263678410348987,0.07410979632355527,443.07661381203536,0
21.783333333333335,21.397663528976206,0.07184046113250858,442.4550371774329,0
21.8,21.531525544610968,0.06964551882291563,441.83178302695404,0
21.816666666666666,21.665261800162746,0.06752238428135653,441.2068940101962,0
21.833333333333332,21.798869717625106,0.06546856709211935,440.5804125408257,0
21.85,21.932346796027733,0.06348166784264617,439.9523807779604,0
21.866666666666667,22.065690609442093,0.06155937458860293,439.32284060851265,0
21.883333333333333,22.198898805039008,0.05969945947044296,438.691833630472,0
21.9,22.33196910119628,0.05789977547383288,438.0594011371076,0
21.916666666666668,22.464899285654905,0.05615825332678391,437.4255841020712,0
21.933333333333334,22.597687213722253,0.05447289852676719,436.7904231653794,0
21.95,22.730330806520794,0.052841788491492486,436.1539586202542,0
21.966666666666665,22.86282804928111,0.05126306982740528,435.51623040079915,0
21.983333333333334,22.995176989677784,0.04973495571031011,434.87727807049106,0
22.0,23.127375736207007,0.04825572337284376,434.2371408114627,0
22.016666666666666,23.25942245660478,0.04682371169383304,433.5958574145558,0
22.033333333333335,23.391315376304554,0.04543731998485881,432.95346627122035,0
22.05,23.52305277691935,0.04409500149102319,432.31000536129574,0
22.066666666666666,23.654632994812705,0.04279526736184557,431.665512249898,0
22.083333333333332,23.786054419637875,0.041536680934880374,431.020024077829,0
22.1,23.917315492948934,0.04031785643244624,430.3735775555817,0
22.116666666666667,24.04841470684175,0.03913745713970956,429.72620895756165,0
22.133333333333333,24.179350602628105,0.03799419359928438,429.0779541168872,0
22.15,24.31012176954252,0.03688682186899548,428.4288484207755,0
22.166666666666668,24.440726843481272,0.035814141845857364,427.7789268064948,0
22.183333333333334,24.571164505772717,0.034774995654478044,427.1282237578595,0
22.2,24.70143348197827,0.03376826609744166,426.4767733022475,0
22.216666666666665,24.8315325407233,0.03279287516516604,425.82460900811856,0
22.233333333333334,24.961460492557226,0.03184778260280003,425.1717639830096,0
22.25,25.091216188842154,0.03093198453182647,424.5182708719905,0
22.266666666666666,25.220798520669387,0.03004451212413559,423.8641618565564,0
22.283333333333335,25.35020641780319,0.029184430326439317,423.2094686539397,0
22.3,25.47943884765109,0.028350836632987684,422.5542225168188,0
22.316666666666666,25.60849481426022,0.02754285990464943,421.8984542334073,0
22.333333333333332,25.737373357339,0.026759659232497464,421.24219412790393,0
22.35,25.866073551303664,0.026000422844128762,420.58547206128594,0
22.366666666666667,25.994594504348964,0.025264367051025683,419.92831743242584,0
22.383333333333333,26.122935357542573,0.02455073523533776,419.27075917951765,0
22.4,26.251095283942586,0.023858796874536625,418.61282578179345,0
22.416666666666668,26.3790734877376,0.023187846602461665,417.95454526151474,0
22.433333333333334,26.506869203408872,0.022537203305337285,417.2959451862238,0
22.45,26.634481694913983,0.021906209251405608,416.6370526712377,0
22.466666666666665,26.76191025489157,0.021294229252870122,415.97789438237226,0
22.483333333333334,26.889154203886598,0.020700649858906954,415.31849653888077,0
22.5,27.01621288959563,0.020124878578547608,414.65888491659354,0
22.516666666666666,27.143085686131794,0.019566343132285974,413.9990848512456,0
22.533333333333335,27.26977199330877,0.019024490731314,413.3391212419785,0
22.55,27.396271235943487,0.018498787383328476,412.6790185550059,0
22.566666666666666,27.522582841206535,0.017988717223899938,412.0188018139463,0
22.583333333333332,27.648706304883728,0.017493781980724713,411.3584936018809,0
22.6,27.77464112275081,0.017013500035253204,410.69811711140585,0
22.616666666666667,27.900386812978542,0.01654740612370867,410.03769511821,0
22.633333333333333,28.025942915521227,0.016095050682436628,409.3772499853453,0
22.65,28.151308991522097,0.015655999285160427,408.71680366763394,0
22.666666666666668,28.27648462273446,0.015229832107331934,408.0563777161683,0
22.683333333333334,28.401469410958263,0.01481614341095576,407.3959932828883,0
22.7,28.52626297749156,0.014414541048418645,406.7356711252314,0
22.716666666666665,28.650864962596653,0.01402464598447782,406.075431610844,0
22.733333333333334,28.775275024980374,0.013646091835689057,405.4152947223498,0
22.75,28.89949284128829,0.013278524426608831,404.755280062165,0
22.766666666666666,29.023518105612354,0.01292160136213806,404.0954068573554,0
22.783333333333335,29.14735052901183,0.01257499161540238,403.43569396452773,0
22.8,29.270989839046965,0.012238375130589148,402.77615987474917,0
22.816666666666666,29.39443577932518,0.011911442440182834,402.1168227184896,0
22.833333333333332,29.517688109059492,0.011593894296063844,401.45770027057995,0
22.85,29.640746602638817,0.01128544131395486,400.79880995518175,0
22.866666666666667,29.76361104920978,0.010985803630719207,400.1401688507637,0
22.883333333333333,29.88628125226984,0.010694710574034655,399.4817936950787,0
22.9,30.00875702927142,0.010411900343983949,398.8237008901385,0
22.916666666666668,30.131038211236675,0.010137119706120839,398.1659065071804,0
22.933333333333334,30.253124642382687,0.009870123695586564,397.5084262916233,0
22.95,30.37501617975684,0.009610675331869083,396.85127566800764,0
22.966666666666665,30.496712692882017,0.009358545343810571,396.19446974491825,0
22.983333333333334,30.618214063411443,0.00911351190448615,395.53802331988345,0
23.0,30.739520184792877,0.008875360375588857,394.88195088425056,0
23.016666666666666,30.860630961941904,0.008643883060970196,394.226266628033,0
23.033333333333335,30.98154631092413,0.008418878968999498,393.5709844447265,0
23.05,31.102266158645968,0.008200153583417379,392.9161179360927,0
23.066666666666666,31.22279044255385,0.007987518642369915,392.2616804169069,0
23.083333333333332,31.34311911034163,0.007780791925323898,391.6076849196689,0
23.1,31.46325211966587,0.0075797970475727,390.9541441992734,0
23.116666666666667,31.58318943786901,0.0073843632620542434,390.3010707376395,0
23.133333333333333,31.70293104170991,0.007194325268213141,389.64847674829764,0
23.15,31.822476917101827,0.007009523027648105,388.9963741809308,0
23.166666666666668,31.941827058857502,0.006829801586296315,388.3447747258707,0
23.183333333333334,32.06098147044116,0.006655010902915458,387.6936898185465,0
23.2,32.17994016372733,0.006485005683632647,387.0431306438844,0
23.216666666666665,32.298703158766095,0.006319645222338679,386.3931081406591,0
23.233333333333334,32.41727048355491,0.0061587932467141,385.74363300579364,0
23.25,32.53564217381647,0.006002317769681063,385.0947156986086,0
23.266666666666666,32.65381827278272,0.005850090946083432,384.4463664450198,0
23.283333333333335,32.771798830984714,0.005701988934404469,383.7985952416825,0
23.3,32.88958390604818,0.005557891763338313,383.15141186008356,0
23.316666666666666,33.00717356249466,0.005417683203039116,382.50482585057927,0
23.333333333333332,33.124567871548024,0.005281250640877375,381.85884654637994,0
23.35,33.24176691094632,0.0051484849615395034,381.21348306747973,0
23.366666666666667,33.358770764758646,0.005019280431313638,380.5687443245327,0
23.383333333333333,33.47557952320706,0.004893534586409276,379.9246390226738,0
23.4,33.59219328249324,0.004771148125164727,379.28117566528533,0
23.416666666666668,33.70861214463001,0.0046520248040017075,378.63836255770934,0
23.433333333333334,33.82483621727723,0.004536071336991518,377.9962078109037,0
23.45,33.9408656135823,0.004423197298902257,377.35471934504574,0
23.466666666666665,34.05670045202488,0.004313315031601337,376.71390489307976,0
23.483333333333334,34.1723408562659,0.004206339553692571,376.07377200421087,0
23.5,34.287786955000534,0.004102188473271035,375.43432804734493,0
23.516666666666666,34.403038881815334,0.004000781903683523,374.79558021447366,0
23.533333333333335,34.51809677504901,0.0039020423821867715,374.15753552400776,0
23.55,34.63296077765713,0.0038058947913990693,373.520200824055,0
23.566666666666666,34.747631037080396,0.0037122662834453354,372.8835827956468,0
23.583333333333332,34.8621077051165,0.0036210862066988984,372.2476879559113,0
23.6,34.97639093779543,0.003532286035027274,371.6125226611949,0
23.616666666666667,35.09048089525808,0.003445799299452225,370.9780931101317,0
23.633333333333333,35.20437774163825,0.0033615615221380306,370.3444053466621,0
23.65,35.31808164494763,0.003279510152624794,369.71146526300015,0
23.666666666666668,35.43159277696408,0.0031995845062269537,369.07927860255086,0
23.683333333333334,35.54491131312273,0.0031217257045198844,368.44785096277747,0
23.7,35.65803743241015,0.0030458766178403634,367.8171877980202,0
23.716666666666665,35.77097131726114,0.0029719818097295203,367.18729442226504,0
23.733333333333334,35.8837131534586,0.0028999874832492576,366.5581760118656,0
23.75,35.99626313003575,0.0028298414291060576,365.92983760821653,0
23.766666666666666,36.10862143918115,0.002761492975518061,365.30228412038,0
23.783333333333335,36.220788276146244,0.0026948929397640174,364.6755203276666,0
23.8,36.33276383915526,0.002629993581354707,364.04955088216866,0
23.816666666666666,36.44454832931765,0.002566748556769777,363.42438031124993,0
23.833333333333332,36.55614195054272,0.002505112875704941,362.8000130199901,0
23.85,36.66754490945663,0.0024450428587764923,362.1764532935845,0
23.866666666666667,36.77875741532158,0.002386496096632029,361.55370529970145,0
23.883333333333333,36.889779679957044,0.002329431410418219,360.93177309079584,0
23.9,37.00061191766327,0.002273808813558089,360.31066060638125,0
23.916666666666668,37.111254345146584,0.00221958947479216,359.6903716752599,0
23.933333333333334,37.22170718144687,0.002166735682439366,359.07091001771175,0
23.95,37.33197064786682,0.0021152108098353357,358.4522792476432,0
23.966666666666665,37.442044967903115,0.0020649792819070647,357.8344828746963,0
23.983333333333334,37.551930367179416,0.002016006542844576,357.217524306318,0
24.0,37.66162707338109,0.001968259024831625,356.6014068497919,0
24.016666666666666,37.77113531619169,0.0019217041177986374,355.98613371423136,0
24.033333333333335,37.88045532723104,0.0018763101401628435,355.3717080125352,0
24.05,37.98958733999503,0.0018320463105212619,354.75813276330734,0
24.066666666666666,38.0985315897969,0.0017888827202640137,354.1454108927394,0
24.083333333333332,38.20728831371011,0.0017467903070761523,353.5335452364582,0
24.1,38.315857750512706,0.001705740829297534,352.92253854133907,0
24.116666666666667,38.424240140633096,0.001665706841111469,352.31239346728273,0
24.133333333333333,38.53243572609726,0.001626661668533606,351.7031125889606,0
24.15,38.64044475047741,0.0015885793861738899,351.09469839752563,0
24.166666666666668,38.748267458841795,0.0015514347947451594,350.4871533022908,0
24.183333333333334,38.85590409770604,0.0015152033992929955,349.88047963237557,0
24.2,38.963354914985565,0.0014798613881223258,349.2746796383205,0
24.216666666666665,39.07062015994935,0.00144538561239711,348.66975549367146,0
24.233333333333334,39.17770008317484,0.0014117535663903768,348.0657092965329,0
24.25,39.28459493650399,0.001378943368362595,347.4625430710913,0
24.266666666666666,39.39130497300057,0.0013469337420472065,346.8602587691096,0
24.283333333333335,39.49783044690842,0.0013157039987228092,346.25885827139217,0
24.3,39.60417161361087,0.0012852340198523503,345.6583433892222,0
24.316666666666666,39.71032872959119,0.001255504240270246,345.0587158657706,0
24.333333333333332,39.81630205239402,0.00122649563189905,344.4599773774778,0
24.35,39.92209184058786,0.001198189687978055,343.8621295354094,0
24.366666666666667,40.02769835372845,0.001170568407786607,343.2651738865843,0
24.383333333333333,40.13312185232315,0.0011436142818457638,342.66911191527765,0
24.4,40.23836259779617,0.0011173102775823274,342.0739450442991,0
24.416666666666668,40.34342085245472,0.001091639825439881,341.47967463624445,0
24.433333333333334,40.44829687945611,0.0010665868054220782,340.8863019947248,0
24.45,40.55299094277546,0.001042135534053848,340.2938283655705,0
24.466666666666665,40.65750330717452,0.0010182707517466907,339.7022549380115,0
24.483333333333334,40.76183423817106,0.0009949776105548183,339.11158284583587,0
24.5,40.86598400200916,0.0009722416623091917,338.5218131685239,0
24.516666666666666,40.969952865630184,0.0009500488471171367,337.93294693236163,0
24.533333333333335,41.07374109664457,0.0009283854822154889,337.34498511153174,0
24.55,41.17734896330426,0.0009072382511657312,336.75792862918286,0
24.566666666666666,41.280776734475864,0.0008865941933799626,336.17177835847826,0
24.583333333333332,41.38402467961453,0.0008664406939668986,335.5865351236247,0
24.6,41.48709306873838,0.0008467654738874968,335.0021997008791,0
24.616666666666667,41.58998217240372,0.0008275565804101993,334.4187728195377,0
24.633333333333333,41.692692261680804,0.0008088023778559916,333.8362551629043,0
24.65,41.795223608130186,0.0007904915386239797,333.25464736923976,0
24.666666666666668,41.89757648377973,0.0007726130344884431,332.6739500326935,0
24.683333333333334,41.99975116110217,0.0007551561281585314,332.09416370421565,0
24.7,42.101747912993225,0.0007381103650922402,331.51528889245196,0
24.716666666666665,42.203567012750284,0.000721465565556466,330.93732606462095,0
24.733333333333334,42.30520873405163,0.000705211816925285,330.3602756473737,0
24.75,42.40667335093614,0.0006893394662087887,329.78413802763686,0
24.766666666666666,42.50796113778358,0.0006738391128052005,329.2089135534385,0
24.783333333333335,42.6090723692953,0.0006587016014690733,328.63460253471845,0
24.8,42.7100073204755,0.0006439180154887697,328.06120524412256,0
24.816666666666666,42.810766266612866,0.0006294796700665502,327.4887219177806,0
24.833333333333332,42.91134948326279,0.0006153781058948708,326.9171527560697,0
24.85,43.01175724622993,0.0006016050829226704,326.34649792436204,0
24.866666666666667,43.11198983155123,0.0005881525743056946,325.77675755375844,0
24.883333333333333,43.21204751547943,0.0005750127605350093,325.2079317418068,0
24.9,43.31193057446691,0.0005621780237381651,324.6400205532069,0
24.916666666666668,43.411639285149946,0.0005496409421475482,324.0730240205012,0
24.933333333333334,43.511173924333434,0.0005373942847307325,323.50694214475163,0
24.95,43.61053476897589,0.000525431005977732,322.9417748962036,0
24.966666666666665,43.709722096174886,0.0005137442408403018,322.3775222149364,0
24.983333333333334,43.80873618315287,0.0005023272998185167,321.81418401150114,0
25.0,43.90757730724327,0.0004911736641901135,321.2517601675462,0
25.016666666666666,44.00624574587702,0.00048027698137810196,320.69025053642963,0
25.033333333333335,44.10474177656934,0.00046963106045243936,320.12965494382007,0
25.05,44.203065676906945,0.000459229867761582,319.5699731882858,0
25.066666666666666,44.301217724535476,0.0004490675226899302,319.01120504187224,0
25.083333333333332,44.39919819714733,0.00043913829353730785,318.4533502506674,0
25.1,44.49700737246968,0.00042943659351672286,317.89640853535684,0
25.116666666666667,44.594645528252975,0.00041995697686677587,317.3403795917676,0
25.133333333333333,44.6921129422595,0.00041069413507523986,316.78526309140125,0
25.15,44.78940989225243,0.0004016428932104003,316.2310586819563,0
25.166666666666668,44.88653665598501,0.00039279820635688766,315.6777659878407,0
25.183333333333334,44.983493511190105,0.0003841551561528171,315.1253846106735,0
25.2,45.0802807355699,0.0003757089474251783,314.5739141297778,0
25.216666666666665,45.176898606786004,0.00036745490492049045,314.02335410266284,0
25.233333333333334,45.273347402449666,0.00035938847012785676,313.4737040654971,0
25.25,45.36962740011232,0.00035150519819162127,312.9249635335718,0
25.266666666666666,45.46573887725629,0.0003438007549109504,312.37713200175625,0
25.283333333333335,45.56168211128584,0.00033627091382371283,311.8302089449423,0
25.3,45.65745737951834,0.0003289115533721389,311.28419381848187,0
25.316666666666666,45.75306495917569,0.00032171865414782594,310.7390860586153,0
25.333333333333332,45.84850512737599,0.000314688296213703,310.1948850828903,0
25.35,45.943778161125366,0.0003078166565006678,309.65159029057446,0
25.366666666666667,46.03888433731007,0.0003011000062766935,309.1092010630578,0
25.383333333333333,46.133823932688664,0.00029453470868623345,308.56771676424853,0
25.4,46.22859722388456,0.00028811721635785,308.0271367409606,0
25.416666666666668,46.32320448737858,0.0002818440690780614,307.4874603232938,0
25.433333333333334,46.417645999501836,0.0002757118915294426,306.94868682500646,0
25.45,46.511922036428714,0.00026971739109108627,306.41081554388006,0
25.466666666666665,46.606032874170054,0.0002638573556996052,305.8738457620778,0
25.483333333333334,46.69997878856653,0.000258128651768894,305.3377767464951,0
25.5,46.79376005528216,0.0002525282221669263,304.8026077491039,0
25.516666666666666,46.88737694979796,0.0002470530842479298,304.2683380072897,0
25.533333333333335,46.98082974740587,0.00024170032793831801,303.7349667441824,0
25.55,47.074118723202666,0.00023646711387482247,303.20249316898014,0
25.566666666666666,47.16724415208419,0.00023135067159330602,302.67091647726716,0
25.583333333333332,47.26020630873962,0.00022634829776677656,302.14023585132543,0
25.6,47.353005467645914,0.00022145735449121125,301.6104504604393,0
25.616666666666667,47.44564190306244,0.00021667526761776532,301.0815594611958,0
25.633333333333333,47.538115889025676,0.00021199952513007098,300.55356199777725,0
25.65,47.63042769934407,0.00020742767556530166,300.0264572022494,0
25.666666666666668,47.72257760759305,0.0002029573264777625,299.500244194843,0
25.683333333333334,47.814565887110184,0.00019858614294377105,298.97492208423074,0
25.7,47.906392810990354,0.000194311846106673,298.450489967798,0
25.716666666666665,47.99805865208122,0.0001901322117608204,297.9269469319082,0
25.733333333333334,48.08956368297865,0.00018604506897341902,297.40429205216384,0
25.75,48.180908176022356,0.000182048298743164,296.88252439366136,0
25.766666666666666,48.27209240329164,0.00017813983269462138,296.3616430112416,0
25.783333333333335,48.363116636601184,0.00017431765180733513,295.8416469497352,0
25.8,48.45398114749706,0.0001705797851786893,295.32253524420304,0
25.816666666666666,48.54468620725274,0.00016692430881956862,294.8043069201721,0
25.833333333333332,48.63523208686525,0.00016334934448188274,294.2869609938666,0
25.85,48.72561905705148,0.0001598530585170813,293.7704964724345,0
25.866666666666667,48.81584738824448,0.00015643366076476426,293.2549123541701,0
25.883333333333333,48.905917350589945,0.00015308940347056585,292.740207628731,0
25.9,48.995829213942784,0.00014981858023248022,292.2263812773524,0
25.916666666666668,49.08558324786374,0.00014661952497483795,291.71343227305607,0
25.933333333333334,49.17517972161611,0.00014349061094916878,291.2013595808554,0
25.95,49.26461890416261,0.00014043024976119557,290.6901621579567,0
25.966666666666665,49.353901064162216,0.00013743689042324054,290.1798389539564,0
25.983333333333334,49.44302646996725,0.00013450901843133206,289.67038891103414,0
26.0,49.53199538962037,0.00013164515486633357,289.1618109641425,0
26.016666666666666,49.62080809085173,0.00012884385551843752,288.6541040411926,0
26.033333333333335,49.70946484107629,0.00012610371003436658,288.1472670632363,0
26.05,49.797965907391024,0.0001234233410866669,287.6412989446445,0
26.066666666666666,49.88631155657237,0.00012080140356448947,287.13619859328253,0
26.083333333333332,49.97450205507369,0.00011823658378525767,286.6319649106812,0
26.1,50.06253766902273,0.00011572759872666602,286.1285967922052,0
26.116666666666667,50.150418664219316,0.00011327319527844126,285.6260931272183,0
26.133333333333333,50.23814530613293,0.00011087214951333402,285.1244527992443,0
26.15,50.325717859900514,0.00010852326597681668,284.6236746861259,0
26.166666666666668,50.41313659032421,0.00010622537699497722,284.1237576601799,0
26.183333333333334,50.50040176186928,0.00010397734200011797,283.6247005883492,0
26.2,50.58751363866197,0.00010177804687357623,283.12650233235235,0
26.216666666666665,50.674472484487566,9.962640330530754e-05,282.6291617488298,0
26.233333333333334,50.761278562788355,9.752134816977212e-05,282.1326776894871,0
26.25,50.8479321366618,9.546184291769055e-05,281.63704900123537,0
26.266666666666666,50.934433468858664,9.344687298323845e-05,281.1422745263296,0
26.283333333333335,51.02078282178122,9.147544720627009e-05,280.64835310250317,0
26.3,51.10698045748155,8.954659726916208e-05,280.15528356310074,0
26.316666666666666,51.19302663765983,8.76593771478919e-05,279.66306473720743,0
26.333333333333332,51.27892162366271,8.581286257696776e-05,279.1716954497766,0
26.35,51.36466567648178,8.400615052784074e-05,278.6811745217542,0
26.366666666666667,51.450259056751975,8.22383587004424e-05,278.19150077020146,0
26.383333333333333,51.53570202475016,8.050862502749376e-05,277.70267300841385,0
26.4,51.62099484039366,7.881610719125567e-05,277.2146900460395,0
26.416666666666668,51.70613776323889,7.715998215238203e-05,276.72755068919366,0
26.433333333333334,51.79113105248002,7.553944569056122e-05,276.2412537405719,0
26.45,51.875974966947645,7.39537119566318e-05,275.75579799956046,0
26.466666666666665,51.96066976510758,7.240201303587335e-05,275.2711822623447,0
26.483333333333334,52.04521570505962,7.088359852217417e-05,274.7874053220156,0
26.5,52.12961304453637,6.939773510279236e-05,274.30446596867364,0
26.516666666666666,52.213862040902136,6.794370615343334e-05,273.822362989531,0
26.533333333333335,52.29796295115182,6.652081134337112e-05,273.3410951690116,0
26.55,52.381916031909846,6.51283662503532e-05,272.86066128884914,0
26.566666666666666,52.46572153942918,6.376570198503187e-05,272.38106012818326,0
26.583333333333332,52.54937972959035,6.243216482467462e-05,271.9022904636536,0
26.6,52.6328908579005,6.112711585591148e-05,271.4243510694925,0
26.616666666666667,52.71625517949245,5.9849930626284485e-05,270.94724071761505,0
26.633333333333333,52.79947294912389,5.859999880437246e-05,270.4709581777081,0
26.65,52.882544421176476,5.7376723848267886e-05,269.99550221731687,0
26.666666666666668,52.965469849655065,5.617952268218755e-05,269.52087160193054,0
26.683333333333334,53.04824948818692,5.500782538101202e-05,269.04706509506536,0
26.7,53.13088359002097,5.3861074862545015e-05,268.57408145834665,0
26.716666666666665,53.21337240802713,5.273872658729597e-05,268.10191945158897,0
26.733333333333334,53.29571619469556,5.1640248265592566e-05,267.63057783287474,0
26.75,53.377915202136045,5.0565119571833223e-05,267.1600553586311,0
26.766666666666666,53.45996968207739,4.951283186569975e-05,266.69035078370547,0
26.783333333333335,53.54187988586678,4.848288792014877e-05,266.2214628614395,0
26.8,53.623646064469256,4.747480165601087e-05,265.75339034374156,0
26.816666666666666,53.70526846846712,4.648809788302787e-05,265.28613198115767,0
26.833333333333332,53.7867473480595,4.552231204716488e-05,264.8196865229413,0
26.85,53.86808295306176,4.457698998403662e-05,264.354052717121,0
26.866666666666667,53.949275532905084,4.3651687678293906e-05,263.8892293105681,0
26.883333333333333,54.03032533663605,4.2745971028817844e-05,263.4252150490614,0
26.9,54.111232612916204,4.1859415619575045e-05,262.96200867735166,0
26.916666666666668,54.19199761002163,4.099160649599223e-05,262.4996089392241,0
26.933333333333334,54.272620575842616,4.0142137946707466e-05,262.03801457756094,0
26.95,54.353101757883316,3.93106132905659e-05,261.57722433440057,0
26.966666666666665,54.43344140326137,3.849664466872614e-05,261.11723695099727,0
26.983333333333334,54.51363975870763,3.769985284174889e-05,260.6580511678789,0
27.0,54.593697070565895,3.691986699154237e-05,260.1996657249042,0
27.016666666666666,54.6736135847926,3.615632452804459e-05,259.7420793613177,0
27.033333333333335,54.75338954695662,3.54088709005207e-05,259.28529081580433,0
27.05,54.83302520223901,3.4677159413363634e-05,258.8292988265431,0
27.066666666666666,54.91252079543278,3.396085104628237e-05,258.3741021312591,0
27.083333333333332,54.99187657094278,3.325961427876984e-05,257.9196994672747,0
27.1,55.07109277278546,3.257312491874516e-05,257.46608957156,0
27.116666666666667,55.15016964458874,3.190106593526274e-05,257.0132711807814,0
27.133333333333333,55.22910742959188,3.1243127295191375e-05,256.5612430313504,0
27.15,55.30790637064537,3.0599005803761954e-05,256.11000385947005,0
27.166666666666668,55.386566710210815,2.9968404948889266e-05,255.65955240118194,0
27.183333333333334,55.46508869036085,2.9351034749174266e-05,255.20988739241056,0
27.2,55.543472552779065,2.8746611605494886e-05,254.76100756900837,0
27.216666666666665,55.62171853875998,2.8154858156099467e-05,254.3129116667984,0
27.233333333333334,55.69982688920898,2.757550313511292e-05,253.86559842161748,0
27.25,55.77779784464227,2.70082825204887e-05,253.41906656935882,0
27.266666666666666,55.85563164518692,2.6452934360110083e-05,252.97331484600932,0
27.283333333333335,55.93332853058085,2.5909205924909163e-05,252.52834198769207,0
27.3,56.010888740172845,2.5376849077600945e-05,252.0841467307052,0
27.316666666666666,56.08831251292258,2.485562103703428e-05,251.64072781155988,0
27.333333333333332,56.16560008740064,2.4345284326210892e-05,251.19808396701794,0
27.35,56.24275170178865,2.3845606660042012e-05,250.7562139341285,0
27.366666666666667,56.31976759387927,2.335636082980207e-05,250.31511645026384,0
27.383333333333333,56.39664800107635,2.287732458929471e-05,249.87479025315437,0
27.4,56.473393160394934,2.2408280543409883e-05,249.43523408092358,0
27.416666666666668,56.550003308461456,2.1949016039180986e-05,248.9964466721212,0
27.433333333333334,56.626478681513824,2.149932305933905e-05,248.55842676575668,0
27.45,56.702819515401515,2.1058998118321562e-05,248.12117310133104,0
27.466666666666665,56.77902604558579,2.0627842160687243e-05,247.68468441886867,0
27.483333333333334,56.855098507139765,2.0205660461882065e-05,247.2489594589485,0
27.5,56.931037134748635,1.9792262531303134e-05,246.81399696273385,0
27.516666666666666,57.0068421627098,1.9387462017604184e-05,246.3797956720026,0
27.533333333333335,57.082513824933095,1.899107661619206e-05,245.94635432917573,0
27.55,57.158052354940935,1.8602927978859265e-05,245.5136716773461,0
27.566666666666666,57.23345798586854,1.822284162550274e-05,245.08174646030594,0
27.583333333333332,57.30873095046417,1.785064685787943e-05,244.6505774225744,0
27.6,57.38387148108926,1.7486176675348347e-05,244.22016330942375,0
27.616666666666667,57.45887980971875,1.7129267692552937e-05,243.7905028669058,0
27.633333333333333,57.53375616794128,1.6779760058996704e-05,243.36159484187698,0
27.65,57.60850078695939,1.643749738046716e-05,242.9334379820237,0
27.666666666666668,57.68311389758987,1.6102326642263557e-05,242.5060310358865,0
27.683333333333334,57.757595730263944,1.5774098134186004e-05,242.0793727528838,0
27.7,57.83194651502755,1.5452665377243517e-05,241.6534618833357,0
27.716666666666665,57.906166481541646,1.5137885052040019e-05,241.2282971784861,0
27.733333333333334,57.98025585908251,1.4829616928799231e-05,240.80387739052557,0
27.75,58.05421487654197,1.452772379898814e-05,240.38020127261316,0
27.766666666666666,58.128043762427744,1.423207140850272e-05,239.9572675788975,0
27.783333333333335,58.20174274486376,1.3942528392377136e-05,239.53507506453772,0
27.8,58.275312051590404,1.3658966210982347e-05,239.11362248572414,0
27.816666666666666,58.348751909964946,1.3381259087677056e-05,238.69290859969792,0
27.833333333333332,58.4220625469618,1.3109283947877527e-05,238.27293216477076,0
27.85,58.49524418917282,1.284292035951351e-05,237.853691940344,0
27.866666666666667,58.56829706280772,1.2582050474835595e-05,237.43518668692698,0
27.883333333333333,58.64122139369439,1.23265589735445e-05,237.01741516615576,0
27.9,58.71401740727922,1.2076333007209443e-05,236.60037614081054,0
27.916666666666668,58.7866853286275,1.1831262144946127e-05,236.18406837483315,0
27.933333333333334,58.859225382423745,1.1591238320324775e-05,235.76849063334438,0
27.95,58.93163779297208,1.1356155779478795e-05,235.35364168266017,0
27.966666666666665,59.00392278419663,1.1125911030386594e-05,234.93952029030817,0
27.983333333333334,59.076080579641875,1.0900402793298765e-05,234.52612522504347,0
28.0,59.14811140247301,1.0679531952283928e-05,234.11345525686414,0
28.016666666666666,59.220015475476444,1.0463201507866838e-05,233.70150915702644,0
28.033333333333335,59.291793021060045,1.0251316530734068e-05,233.29028569805945,0
28.05,59.36344426125362,1.0043784116481184e-05,232.8797836537798,0
28.066666666666666,59.43496941770933,9.840513341378158e-06,232.47000179930563,0
28.083333333333332,59.50636871170206,9.641415219128735e-06,232.06093891107014,0
28.1,59.57764236412985,9.446402658601261e-06,231.65259376683548,0
28.116666666666667,59.64879059551432,9.255390422507517e-06,231.24496514570552,0
28.133333333333333,59.71981362600104,9.068295087008343e-06,230.83805182813887,0
28.15,59.79071167536005,8.885035002224383e-06,230.4318525959615,0
28.166666666666668,59.861484962986175,8.705530253630588e-06,230.02636623237842,0
28.183333333333334,59.932133707899546,8.529702624314608e-06,229.62159152198635,0
28.2,60.002658128745985,8.357475558078764e-06,229.21752725078463,0
28.216666666666665,60.07305844379749,8.188774123366165e-06,228.81417220618692,0
28.233333333333334,60.143334870952614,8.023524977991941e-06,228.41152517703244,0
28.25,60.21348762773698,7.861656334661143e-06,228.00958495359623,0
28.266666666666666,60.2835169313037,7.70309792725518e-06,227.60835032760014,0
28.283333333333335,60.35342299843382,7.547780977868864e-06,227.20782009222276,0
28.3,60.42320604553676,7.395638164581256e-06,226.80799304210964,0
28.316666666666666,60.49286628865085,7.246603589942954e-06,226.4088679733829,0
28.333333333333332,60.56240394344371,7.100612750163764e-06,226.01044368365072,0
28.35,60.631819225212745,6.957602504984548e-06,225.61271897201667,0
28.366666666666667,60.70111234888564,6.817511048217671e-06,225.2156926390886,0
28.383333333333333,60.770283529020794,6.680277878940401e-06,224.8193634869875,0
28.4,60.8393329798078,6.545843773326876e-06,224.42373031935605,0
28.416666666666668,60.908260915067935,6.41415075710369e-06,224.02879194136685,0
28.433333333333334,60.977067548254645,6.285142078614842e-06,223.63454715973057,0
28.45,61.04575309245401,6.158762182482351e-06,223.24099478270384,0
28.466666666666665,61.114317760385234,6.034956683848837e-06,222.84813362009692,0
28.483333333333334,61.182761764401135,5.913672343188832e-06,222.45596248328124,0
28.5,61.25108531648861,5.794857041675818e-06,222.06448018519626,0
28.516666666666666,61.31928862826917,5.678459757092621e-06,221.6736855403571,0
28.533333333333335,61.387371910999406,5.5644305402724e-06,221.28357736486086,0
28.55,61.45533537557148,5.4527204920585695e-06,220.89415447639382,0
28.566666666666666,61.52317923251364,5.343281740771721e-06,220.50541569423743,0
28.583333333333332,61.59090369199068,5.236067420172017e-06,220.1173598392748,0
28.6,61.658508963804515,5.131031647905915e-06,219.72998573399687,0
28.616666666666667,61.725995257394615,5.028129504426343e-06,219.34329220250822,0
28.633333333333333,61.79336278183853,4.927317012375399e-06,218.95727807053288,0
28.65,61.86061174585242,4.828551116419275e-06,218.57194216541996,0
28.666666666666668,61.92774235779152,4.731789663525355e-06,218.18728331614884,0
28.683333333333334,61.994754825650695,4.636991383671082e-06,217.80330035333478,0
28.7,62.0616493570649,4.544115870975395e-06,217.41999210923373,0
28.716666666666665,62.12842615930977,4.453123565242752e-06,217.03735741774733,0
28.733333333333334,62.19508543930203,4.3639757339108095e-06,216.65539511442768,0
28.75,62.26162740360011,4.2766344543924605e-06,216.27410403648207,0
28.766666666666666,62.32805225840462,4.191062596803469e-06,215.89348302277725,0
28.783333333333335,62.394360209558826,4.107223807067087e-06,215.51353091384388,0
28.8,62.460551462549255,4.0250824903870284e-06,215.13424655188075,0
28.816666666666666,62.52662622250615,3.944603795080786e-06,214.75562878075877,0
28.833333333333332,62.592584694204035,3.865753596765059e-06,214.37767644602482,0
28.85,62.65842708206219,3.7884984828853633e-06,214.00038839490557,0
28.866666666666667,62.72415359014524,3.7128057375823112e-06,213.6237634763112,0
28.883333333333333,62.78976442216361,3.6386433268869502e-06,213.2478005408388,0
28.9,62.85525978147409,3.5659798842377377e-06,212.87249844077562,0
28.916666666666668,62.92063987108036,3.4947846963120477e-06,212.49785603010258,0
28.933333333333334,62.985904893633524,3.4250276891652745e-06,212.1238721644973,0
28.95,63.051055051432606,3.3566794146705007e-06,211.75054570133713,0
28.966666666666665,63.11609054642514,3.2897110372521915e-06,211.377875499702,0
28.983333333333334,63.18101158020767,3.224094320907294e-06,211.00586042037713,0
29.0,63.245818354026206,3.159801616507384e-06,210.63449932585587,0
29.016666666666666,63.31051106877691,3.096805849375602e-06,210.263791080342,0
29.033333333333335,63.375089925006485,3.035080507132307e-06,209.8937345497525,0
29.05,63.439555122912815,2.9745996278034183e-06,209.52432860171987,0
29.066666666666666,63.50390686234542,2.91533778818571e-06,209.1555721055938,0
29.083333333333332,63.56814534280604,2.857270092463314e-06,208.78746393244396,0
29.1,63.632270763449185,2.800372161069845e-06,208.4200029550618,0
29.116666666666667,63.69628332308258,2.7446201197907516e-06,208.05318804796244,0
29.133333333333333,63.76018322016781,2.6899905891006577e-06,207.68701808738658,0
29.15,63.82397065282079,2.6364606737303017e-06,207.32149195130194,0
29.166666666666668,63.88764581881233,2.5840079524581925e-06,206.95660851940562,0
29.183333333333334,63.95120891556866,2.5326104681219304e-06,206.59236667312481,0
29.2,64.01466014017197,2.4822467178444174e-06,206.22876529561879,0
29.216666666666665,64.07799968936098,2.4328956434701084e-06,205.8658032717802,0
29.233333333333334,64.1412277595314,2.3845366222068004e-06,205.50347948823634,0
29.25,64.20434454673659,2.337149457468323e-06,205.1417928333501,0
29.266666666666666,64.267350246688,2.2907143699138663e-06,204.78074219722174,0
29.283333333333335,64.3302450547557,2.24521198867944e-06,204.42032647168932,0
29.3,64.39302916596904,2.2006233427973633e-06,204.06054455032984,0
29.316666666666666,64.45570277501706,2.156929852799658e-06,203.7013953284603,0
29.333333333333332,64.51826607624908,2.1141133225011945e-06,203.3428777031384,0
29.35,64.58071926367529,2.072155930958861e-06,202.98499057316332,0
29.366666666666667,64.64306253096719,2.0310402246026452e-06,202.6277328390763,0
29.383333333333333,64.70529607145819,1.990749109535079e-06,202.2711034031613,0
29.4,64.76742007814421,1.9512658439952456e-06,201.91510116944562,0
29.416666666666668,64.8294347436841,1.9125740309837654e-06,201.55972504370013,0
29.433333333333334,64.89134026040026,1.8746576110452772e-06,201.20497393344,0
29.45,64.95313682027913,1.8375008552049536e-06,200.8508467479247,0
29.466666666666665,65.01482461497183,1.801088358055676e-06,200.49734239815842,0
29.483333333333334,65.07640383579454,1.7654050309925984e-06,200.1444597968904,0
29.5,65.13787467372926,1.7304360955918937e-06,199.79219785861486,0
29.516666666666666,65.1992373194241,1.6961670771304963e-06,199.44055549957108,0
29.533333333333335,65.26049196319404,1.6625837982438693e-06,199.0895316377436,0
29.55,65.32163879502134,1.6296723727186426e-06,198.73912519286202,0
29.566666666666666,65.38267800455613,1.5974191994173427e-06,198.38933508640105,0
29.583333333333332,65.44360978111695,1.565810956332229e-06,198.04016024158022,0
29.6,65.50443431369126,1.5348345947654946e-06,197.69159958336368,0
29.616666666666667,65.56515179093604,1.504477333633064e-06,197.34365203846016,0
29.633333333333333,65.62576240117826,1.4747266538893084e-06,196.9963165353223,0
29.65,65.68626633241547,1.4455702930700408e-06,196.64959200414668,0
29.666666666666668,65.74666377231637,1.4169962399512914e-06,196.30347737687313,0
29.683333333333334,65.80695490822121,1.388992729321245e-06,195.95797158718426,0
29.7,65.86713992714255,1.3615482368629748e-06,195.61307357050538,0
29.716666666666665,65.92721901576557,1.3346514741455824e-06,195.26878226400333,0
29.733333333333334,65.98719236044877,1.3082913837213197e-06,194.9250966065862,0
29.75,66.04706014722443,1.2824571343264754e-06,194.5820155389028,0
29.766666666666666,66.10682256179923,1.2571381161837803e-06,194.2395380033417,0
29.783333333333335,66.16647978955469,1.2323239364040602e-06,193.89766294403069,0
29.8,66.22603201554772,1.2080044144851164e-06,193.556389306836,0
29.816666666666666,66.28547942451127,1.1841695779056124e-06,193.21571603936124,0
29.833333333333332,66.34482220085475,1.1608096578120445e-06,192.87564209094694,0
29.85,66.4040605286646,1.1379150847966758e-06,192.5361664126693,0
29.866666666666667,66.46319459170483,1.1154764847645285e-06,192.19728795733948,0
29.883333333333333,66.52222457341757,1.0934846748875415e-06,191.85900567950242,0
29.9,66.5811506569236,1.0719306596439742e-06,191.52131853543614,0
29.916666666666668,66.6399730250229,1.0508056269412199e-06,191.18422548315033,0
29.933333333333334,66.69869186019514,1.0301009443203012e-06,190.8477254823856,0
29.95,66.75730734460026,1.0098081552401917e-06,190.51181749461213,0
29.966666666666665,66.815819660079,9.89918975440348e-07,190.17650048302855,0
29.983333333333334,66.8742289881534,9.704252893797405e-07,189.84177341256083,0
30.0,66.93253551002739,9.513191467506782e-07,189.50763524986112,0
30.016666666666666,66.99073940658725,9.325927590659423e-07,189.17408496330629,0
30.033333333333335,67.04884085840224,9.142384963175467e-07,188.8411215229969,0
30.05,67.10684004572505,8.962488837056934e-07,188.50874390075558,0
30.066666666666666,67.16473714849236,8.786165984363092e-07,188.1769510701261,0
30.083333333333332,67.22253234632537,8.613344665858031e-07,187.84574200637164,0
30.1,67.28022581853035,8.443954600315349e-07,187.51511568647345,0
30.116666666666667,67.33781774409917,8.277926934466236e-07,187.18507108912962,0
30.133333333333333,67.39530830170978,8.115194213577098e-07,186.85560719475347,0
30.15,67.45269766972677,7.955690352643376e-07,186.52672298547205,0
30.166666666666668,67.50998602620199,7.799350608186212e-07,186.1984174451248,0
30.183333333333334,67.5671735488749,7.646111550639447e-07,185.87068955926165,0
30.2,67.62426041517323,7.495911037314003e-07,185.54353831514206,0
30.216666666666665,67.68124680221348,7.348688185927532e-07,185.2169627017328,0
30.233333333333334,67.73813288680145,7.204383348687255e-07,184.89096170970674,0
30.25,67.79491884543275,7.06293808691444e-07,184.56553433144117,0
30.266666666666666,67.85160485429333,6.924295146198339e-07,184.240679561016,0
30.283333333333335,67.90819108925997,6.788398432069132e-07,183.91639639421226,0
30.3,67.96467772590091,6.655192986178377e-07,183.59268382851016,0
30.316666666666666,68.02106493947628,6.524624962976296e-07,183.26954086308766,0
30.333333333333332,68.07735290493866,6.396641606875207e-07,182.94696649881868,0
30.35,68.13354179693359,6.271191229889012e-07,182.6249597382711,0
30.366666666666667,68.18963178980007,6.148223189738645e-07,182.30351958570517,0
30.383333333333333,68.2456230575712,6.027687868413231e-07,181.98264504707188,0
30.4,68.30151577397449,5.90953665117775e-07,181.66233513001063,0
30.416666666666668,68.35731011243263,5.793721906017444e-07,181.342588843848,0
30.433333333333334,68.41300624606383,5.680196963509883e-07,181.02340519959554,0
30.45,68.46860434768239,5.568916097115561e-07,180.7047832099479,0
30.466666666666665,68.52410458979922,5.459834503878074e-07,180.386721889281,0
30.483333333333334,68.57950714462243,5.352908285525554e-07,180.0692202536503,0
30.5,68.63481218405768,5.248094429964297e-07,179.75227732078855,0
30.516666666666666,68.69001987970888,5.145350793157002e-07,179.43589211010405,0
30.533333333333335,68.7451304028786,5.044636081376888e-07,179.1200636426788,0
30.55,68.80014392456862,4.945909833830055e-07,178.80479094126628,0
30.566666666666666,68.85506061548041,4.849132405638342e-07,178.49007303028958,0
30.583333333333332,68.90988064601575,4.75426495117493e-07,178.17590893583946,0
30.6,68.96460418627706,4.6612694077452584e-07,177.86229768567236,0
30.616666666666667,69.01923140606814,4.570108479606151e-07,177.54923830920816,0
30.633333333333333,69.07376247489445,4.480745622315927e-07,177.23672983752837,0
30.65,69.12819756196386,4.3931450274083006e-07,176.92477130337392,0
30.666666666666668,69.18253683618691,4.307271607383684e-07,176.61336174114334,0
30.683333333333334,69.23678046617755,4.22309098101096e-07,176.3025001868903,0
30.7,69.29092862025351,4.1405694589331035e-07,175.9921856783219,0
30.716666666666665,69.34498146643688,4.059674029570491e-07,175.68241725479638,0
30.733333333333334,69.39893917245455,3.980372345315495e-07,175.37319395732098,0
30.75,69.45280190573877,3.902632709012353e-07,175.0645148285499,0
30.766666666666666,69.50656983342765,3.8264240607161365e-07,174.75637891278217,0
30.783333333333335,69.56024312236569,3.751715964725218e-07,174.44878525595945,0
30.8,69.61382193910421,3.6784785968811926e-07,174.14173290566387,0
30.816666666666666,69.66730644990197,3.606682732131026e-07,173.83522091111595,0
30.833333333333332,69.72069682072555,3.536299732345474e-07,173.52924832317234,0
30.85,69.77399321724994,3.467301534388844e-07,173.22381419432364,0
30.866666666666667,69.827195804859,3.3996606384345577e-07,172.91891757869234,0
30.883333333333333,69.88030474864604,3.333350096521402e-07,172.6145575320305,0
30.9,69.93332021341416,3.2683435013455433e-07,172.31073311171735,0
30.916666666666668,69.98624236367696,3.2046149752832693e-07,172.00744337675758,0
30.933333333333334,70.03907136365889,3.142139159639687e-07,171.70468738777862,0
30.95,70.09180737729574,3.0808912041185774e-07,171.40246420702866,0
30.966666666666665,70.14445056823527,3.020846756508928e-07,171.1007728983743,0
30.983333333333334,70.19700109983765,2.9619819525834376e-07,170.79961252729836,0
31.0,70.24945913517587,2.9042734062046924e-07,170.49898216089767,0
31.016666666666666,70.30182483703635,2.847698199634687e-07,170.19888086788066,0
31.033333333333335,70.35409836791939,2.7922338740433153e-07,169.89930771856518,0
31.05,70.40627989003964,2.737858420211852e-07,169.6002617848762,0
31.066666666666666,70.45836956532668,2.6845502694272164e-07,169.30174214034372,0
31.083333333333332,70.51036755542542,2.63228828456312e-07,169.00374786010002,0
31.1,70.56227402169664,2.581051751344222e-07,168.70627802087785,0
31.116666666666667,70.61408912521746,2.530820369789378e-07,168.40933170100783,0
31.133333333333333,70.6658130267819,2.4815742458303686e-07,168.11290798041628,0
31.15,70.71744588690126,2.4332938831024064e-07,167.81700594062286,0
31.166666666666668,70.76898786580473,2.3859601749027996e-07,167.52162466473828,0
31.183333333333334,70.82043912343978,2.3395543963144052e-07,167.22676323746188,0
31.2,70.87179981947268,2.2940581964902938e-07,166.93242074507938,0
31.216666666666665,70.92307011328901,2.249453591096375e-07,166.63859627546066,0
31.233333333333334,70.97425016399417,2.205722954908692e-07,166.34528891805718,0
31.25,71.02534013041377,2.1628490145621056e-07,166.05249776389982,0
31.266666666666666,71.07634017109423,2.1208148414473272e-07,165.76022190559655,0
31.283333333333335,71.1272504443032,2.0796038447531615e-07,165.4684604373299,0
31.3,71.17807110803004,2.0391997646509145e-07,165.17721245485475,0
31.316666666666666,71.22880231998634,1.999586665618112e-07,164.886477055496,0
31.333333333333332,71.27944423760638,1.960748929898572e-07,164.59625333814603,0
31.35,71.32999701804762,1.9226712510959538e-07,164.30654040326263,0
31.366666666666667,71.38046081819121,1.8853386278982632e-07,164.0173373528663,0
31.383333333333333,71.43083579464239,1.8487363579302122e-07,163.72864329053814,0
31.4,71.48112210373104,1.8128500317311433e-07,163.44045732141743,0
31.416666666666668,71.53131990151216,1.7776655268557475e-07,163.15277855219907,0
31.433333333333334,71.58142934376632,1.7431690020950195e-07,162.86560609113144,0
31.45,71.63145058600014,1.7093468918150794e-07,162.57893904801378,0
31.466666666666665,71.68138378344678,1.6761859004113148e-07,162.2927765341942,0
31.483333333333334,71.7312290910664,1.6436729968754755e-07,162.0071176625668,0
31.5,71.78098666354667,1.6117954094735025e-07,161.72196154756955,0
31.516666666666666,71.83065665530323,1.5805406205316138e-07,161.437307305182,0
31.533333333333335,71.88023922048014,1.5498963613285674e-07,161.15315405292264,0
31.55,71.92973451295035,1.5198506070918572e-07,160.8695009098467,0
31.566666666666666,71.97914268631622,1.4903915720956863e-07,160.58634699654365,0
31.583333333333332,72.02846389390999,1.461507704858617e-07,160.30369143513477,0
31.6,72.07769828879417,1.4331876834388812e-07,160.02153334927095,0
31.616666666666667,72.12684602376208,1.4054204108252992e-07,159.73987186413004,0
31.633333333333333,72.17590725133836,1.3781950104218408e-07,159.45870610641464,0
31.65,72.22488212377937,1.3515008216239366e-07,159.1780352043496,0
31.666666666666668,72.2737707930736,1.3253273954845848e-07,158.8978582876797,0
31.683333333333334,72.3225734109423,1.2996644904684947e-07,158.61817448766703,0
31.7,72.37129012883982,1.2745020682923676e-07,158.33898293708893,0
31.716666666666665,72.41992109795413,1.2498302898495733e-07,158.06028277023523,0
31.733333333333334,72.46846646920724,1.225639511217535e-07,157.78207312290624,0
31.75,72.51692639325573,1.2019202797460597e-07,157.50435313240985,0
31.766666666666666,72.56530102049118,1.1786633302249494e-07,157.22712193755962,0
31.783333333333335,72.61359050104062,1.1558595811293425e-07,156.95037867867197,0
31.8,72.66179498476698,1.1335001309410727e-07,156.67412249756404,0
31.816666666666666,72.7099146212696,1.1115762545446143e-07,156.39835253755118,0
31.833333333333332,72.7579495598847,1.0900793996959583e-07,156.12306794344454,0
31.85,72.80589994968574,1.069001183562997e-07,155.8482678615487,0
31.866666666666667,72.853765939484,1.0483333893359555e-07,155.57395143965906,0
31.883333333333333,72.90154767782899,1.0280679629063948e-07,155.30011782705995,0
31.9,72.9492453130088,1.0081970096133977e-07,155.02676617452153,0
31.916666666666668,72.99685899305082,9.887127910555552e-08,154.7538956342979,0
31.933333333333334,73.04438886572188,9.696077219674595e-08,154.4815053601246,0
31.95,73.09183507852897,9.508743671592399e-08,154.209594507216,0
31.966666666666665,73.13919777871955,9.32505438518069e-08,153.938162232263,0
31.983333333333334,73.18647711328204,9.144937920701337e-08,153.66720769343075,0
32.0,73.23367322894626,8.968324251020381e-08,153.39673005035615,0
32.016666666666666,73.28078627218393,8.795144733402605e-08,153.12672846414532,0
32.03333333333333,73.32781638920905,8.625332081876128e-08,152.8572020973714,0
32.05,73.3747637259784,8.458820340154317e-08,152.5881501140721,0
32.06666666666667,73.42162842819201,8.295544855104303e-08,152.31957167974718,0
32.083333333333336,73.46841064129354,8.135442250750455e-08,152.05146596135617,0
32.1,73.51511051047082,7.978450402802383e-08,151.7838321273159,0
32.11666666666667,73.56172818065615,7.824508413696384e-08,151.51666934749815,0
32.13333333333333,73.60826379652694,7.673556588139814e-08,151.24997679322726,0
32.15,73.65471750250602,7.525536409148572e-08,150.9837536372777,0
32.166666666666664,73.70108944276213,7.380390514567122e-08,150.71799905387158,0
32.18333333333333,73.74737976121034,7.238062674061436e-08,150.4527122186766,0
32.2,73.79358860151255,7.098497766575406e-08,150.18789230880316,0
32.21666666666667,73.83971610707786,6.961641758240858e-08,149.92353850280236,0
32.233333333333334,73.8857624210631,6.827441680732245e-08,149.65964998066346,0
32.25,73.9317276863732,6.695845610056897e-08,149.39622592381156,0
32.266666666666666,73.97761204566164,6.566802645771897e-08,149.133265515105,0
32.28333333333333,74.02341564133094,6.440262890618938e-08,148.87076793883327,0
32.3,74.06913861553302,6.316177430568627e-08,148.60873238071454,0
32.31666666666667,74.1147811101697,6.194498315266013e-08,148.34715802789304,0
32.333333333333336,74.16034326689315,6.075178538868907e-08,148.0860440689371,0
32.35,74.2058252271063,5.958172021271447e-08,147.82538969383637,0
32.36666666666667,74.25122713196326,5.843433589704539e-08,147.56519409399965,0
32.38333333333333,74.29654912236978,5.730918960706056e-08,147.3054564622526,0
32.4,74.34179133898367,5.620584722452826e-08,147.0461759928351,0
32.416666666666664,74.38695392221524,5.512388317447405e-08,146.78735188139908,0
32.43333333333333,74.43203701222777,5.406288025552085e-08,146.52898332500612,0
32.45,74.47704074893785,5.3022429473635894e-08,146.27106952212506,0
32.46666666666667,74.52196527201596,5.200212987920869e-08,146.0136096726296,0
32.483333333333334,74.56681072088678,5.1001588407399233e-08,145.7566029777961,0
32.5,74.61157723472962,5.0020419721685344e-08,145.5000486403009,0
32.516666666666666,74.65626495247896,4.905824606054583e-08,145.24394586421832,0
32.53333333333333,74.70087401282473,4.8114697087216875e-08,144.98829385501804,0
32.55,74.74540455421284,4.718940974245766e-08,144.73309181956293,0
32.56666666666667,74.78985671484563,4.6282028100265665e-08,144.47833896610652,0
32.583333333333336,74.8342306326822,4.539220322648021e-08,144.22403450429087,0
32.6,74.87852644543895,4.451959304021853e-08,143.9701776451439,0
32.61666666666667,74.92274429058985,4.366386217808319e-08,143.71676760107752,0
32.63333333333333,74.96688430536702,4.282468186108859e-08,143.46380358588476,0
32.65,75.01094662676111,4.200172976424903e-08,143.2112848147378,0
32.666666666666664,75.05493139152166,4.11946898887755e-08,142.95921050418548,0
32.68333333333333,75.09883873615762,4.040325243682793e-08,142.70757987215103,0
32.7,75.14266879693771,3.9627113688771784e-08,142.45639213792967,0
32.71666666666667,75.18642170989081,3.8865975882888045e-08,142.20564652218636,0
32.733333333333334,75.23009761080647,3.811954709748658e-08,141.95534224695334,0
32.75,75.27369663523531,3.7387541135375743e-08,141.70547853562798,0
32.766666666666666,75.31721891848936,3.666967741063898e-08,141.45605461297032,0
32.78333333333333,75.36066459564258,3.596568083767279e-08,141.20706970510076,0
32.8,75.40403380153118,3.5275281722439864e-08,140.95852303949795,0
32.81666666666667,75.44732667075415,3.459821565589326e-08,140.71041384499605,0
32.833333333333336,75.4905433376736,3.393422340952754e-08,140.46274135178285,0
32.85,75.53368393641516,3.3283050833014046e-08,140.21550479139728,0
32.86666666666667,75.57674860086846,3.2644448753877516e-08,139.96870339672705,0
32.88333333333333,75.6197374646875,3.201817287917456e-08,139.72233640200642,0
32.9,75.66265066129111,3.140398369913172e-08,139.4764030428139,0
32.916666666666664,75.70548832386325,3.080164639270512e-08,139.23090255606994,0
32.93333333333333,75.74825058535359,3.021093073502182e-08,138.98583418003452,0
32.95,75.79093757847778,2.9631611006666737e-08,138.74119715430515,0
32.96666666666667,75.83354943571793,2.9063465904774683e-08,138.4969907198143,0
32.983333333333334,75.876086289323,2.8506278455895936e-08,138.25321411882715,0
33.0,75.91854827130925,2.7959835930594442e-08,138.00986659493944,0
33.016666666666666,75.96093551346054,2.742392975974826e-08,137.76694739307513,0
33.03333333333333,76.00324814732889,2.6898355452514883e-08,137.52445575948403,0
33.05,76.04548630423476,2.6382912515929717e-08,137.2823909417396,0
33.06666666666667,76.0876501152675,2.5877404376103914e-08,137.04075218873677,0
33.083333333333336,76.12973971128578,2.5381638300990192e-08,136.79953875068952,0
33.1,76.17175522291801,2.489542532468446e-08,136.55874987912867,0
33.11666666666667,76.21369678056266,2.44185801732326e-08,136.31838482689957,0
33.13333333333333,76.25556451438871,2.3950921191912588e-08,136.07844284815994,0
33.15,76.29735855433609,2.3492270273961252e-08,135.8389231983775,0
33.166666666666664,76.33907903011605,2.3042452790718346e-08,135.59982513432786,0
33.18333333333333,76.38072607121155,2.260129752315737e-08,135.36114791409213,0
33.2,76.42229980687772,2.2168636594777663e-08,135.12289079705468,0
33.21666666666667,76.46380036614211,2.1744305405827803e-08,134.88505304390097,0
33.233333333333334,76.50522787780527,2.1328142568836625e-08,134.64763391661526,0
33.25,76.54658247044107,2.0919989845422484e-08,134.4106326784785,0
33.266666666666666,76.58786427239707,2.0519692084357936e-08,134.17404859406574,0
33.28333333333333,76.629073411795,2.012709716086268e-08,133.9378809292443,0
33.3,76.67021001653109,1.9742055917101098e-08,133.7021289511714,0
33.31666666666667,76.71127421427643,1.936442210386032e-08,133.4667919282917,0
33.333333333333336,76.75226613247749,1.8994052323384038e-08,133.23186913033558,0
33.35,76.79318589835637,1.8630805973340982e-08,132.99735982831632,0
33.36666666666667,76.83403363891135,1.8274545191903027e-08,132.7632632945284,0
33.38333333333333,76.87480948091712,1.792513480391252e-08,132.52957880254496,0
33.4,76.91551355092534,1.7582442268115902e-08,132.29630562721573,0
33.416666666666664,76.95614597526486,1.724633762544324e-08,132.06344304466472,0
33.43333333333333,76.99670688004224,1.6916693448311302e-08,131.83099033228814,0
33.45,77.03719639114212,1.65933847909316e-08,131.59894676875223,0
33.46666666666667,77.07761463422752,1.6276289140601777e-08,131.3673116339907,0
33.483333333333334,77.11796173474036,1.5965286369961197e-08,131.13608420920312,0
33.5,77.15823781790178,1.5660258690191912e-08,130.9052637768522,0
33.516666666666666,77.19844300871252,1.5361090605144974e-08,130.67484962066186,0
33.53333333333333,77.2385774319533,1.5067668866375282e-08,130.44484102561506,0
33.55,77.2786412121853,1.4779882429064903e-08,130.2152372779515,0
33.56666666666667,77.3186344737504,1.4497622408818523e-08,129.98603766516544,0
33.583333333333336,77.35855734077167,1.422078203931362e-08,129.75724147600374,0
33.6,77.39840993715373,1.3949256630786715e-08,129.52884800046334,0
33.61666666666667,77.43819238658311,1.3682943529341307e-08,129.30085652978943,0
33.63333333333333,77.47790481252868,1.3421742077059282e-08,129.0732663564729,0
33.65,77.51754733824201,1.3165553572900596e-08,128.84607677424873,0
33.666666666666664,77.5571200867577,1.2914281234375276e-08,128.61928707809324,0
33.68333333333333,77.59662318089386,1.2667830159972643e-08,128.3928965642223,0
33.7,77.63605674325242,1.2426107292332033e-08,128.16690453008906,0
33.71666666666667,77.67542089621953,1.218902138214101e-08,127.94131027438176,0
33.733333333333334,77.71471576196595,1.1956482952745933e-08,127.7161130970218,0
33.75,77.75394146244739,1.1728404265461112e-08,127.4913122991612,0
33.766666666666666,77.79309811940493,1.1504699285562207e-08,127.2669071831809,0
33.78333333333333,77.83218585436539,1.128528364895089e-08,127.04289705268829,0
33.8,77.87120478864173,1.1070074629476763e-08,126.81928121251521,0
33.81666666666667,77.91015504333336,1.0858991106903742e-08,126.59605896871584,0
33.833333333333336,77.94903673932653,1.0651953535508012e-08,126.37322962856456,0
33.85,77.9878499972948,1.0448883913295227e-08,126.15079250055372,0
33.86666666666667,78.02659493769927,1.0249705751824129e-08,125.92874689439176,0
33.88333333333333,78.06527168078904,1.0054344046625067e-08,125.70709212100076,0
33.9,78.10388034660161,9.86272524820131e-09,125.48582749251466,0
33.916666666666664,78.1424210549632,9.674777233601336e-09,125.26495232227691,0
33.93333333333333,78.18089392548906,9.490429278551526e-09,125.04446592483845,0
33.95,78.219299077584,9.309612030137114e-09,124.82436761595562,0
33.96666666666667,78.25763663044263,9.132257480021242e-09,124.60465671258807,0
33.983333333333334,78.29590670304978,8.95829893819123e-09,124.38533253289657,0
34.0,78.33410941418087,8.78767100722135e-09,124.16639439624103,0
34.016666666666666,78.37224488240224,8.62030955704239e-09,123.94784162317829,0
34.03333333333333,78.41031322607161,8.456151700207091e-09,123.7296735354602,0
34.05,78.4483145633383,8.295135767642679e-09,123.5118894560314,0
34.06666666666667,78.48624901214377,8.137201284879896e-09,123.29448870902728,0
34.083333333333336,78.52411669022182,7.982288948749689e-09,123.07747061977183,0
34.1,78.56191771509907,7.830340604537766e-09,122.8608345147757,0
34.11666666666667,78.59965220409528,7.681299223588553e-09,122.64457972173409,0
34.13333333333333,78.63732027432371,7.5351088813491e-09,122.42870556952458,0
34.15,78.67492204269156,7.39171473584453e-09,122.21321138820518,0
34.166666666666664,78.71245762590017,7.251063006576128e-09,121.99809650901224,0
34.18333333333333,78.7499271404455,7.113100953834309e-09,121.78336026435836,0
34.2,78.78733070261853,6.977776858417612e-09,121.56900198783033,0
34.21666666666667,78.8246684285055,6.8450400017499905e-09,121.35502101418719,0
34.233333333333334,78.86194043398837,6.714840646388508e-09,121.14141667935799,0
34.25,78.8991468347149,6.5871300169135446e-09,120.92818832276619,0
34.266666666666666,78.93628774619029,6.461860281307772e-09,120.71533528030155,0
34.28333333333333,78.97336328368564,6.3389845322534485e-09,120.50285689139214,0
34.3,79.01037356226921,6.218456769447325e-09,120.29075249662799,0
34.31666666666667,79.04731869680668,6.100231881855296e-09,120.07902143775902,0
34.333333333333336,79.08419880196165,5.9842656303985206e-09,119.86766305769308,0
34.35,79.12101399219574,5.8705146309848135e-09,119.65667670049388,0
34.36666666666667,79.15776438176928,5.7589363378733635e-09,119.44606171137893,0
34.38333333333333,79.19445008474142,5.649489027365511e-09,119.23581743671762,0
34.4,79.23107121497056,5.542131781815368e-09,119.02594322402908,0
34.416666666666664,79.26762788611464,5.4368244739536356e-09,118.81643842198027,0
34.43333333333333,79.30412021163164,5.333527751518676e-09,118.60730238038393,0
34.45,79.34054830477983,5.232203022188615e-09,118.39853445019655,0
34.46666666666667,79.37691227861808,5.132812438808552e-09,118.19013398351649,0
34.483333333333334,79.41321224600634,5.035318884907122e-09,117.98210033358185,0
34.5,79.44944831960586,4.939685960496653e-09,117.77443285476848,0
34.516666666666666,79.48562061187965,4.8458779681512055e-09,117.56713090258809,0
34.53333333333333,79.52172923509272,4.75385989935722e-09,117.3601938336862,0
34.55,79.5577743013125,4.663597421131281e-09,117.15362100584004,0
34.56666666666667,79.59375592240919,4.575056862899671e-09,116.94741177795687,0
34.583333333333336,79.62967421005607,4.488205203634666e-09,116.74156551007167,0
34.6,79.66552927572984,4.403010059242431e-09,116.53608156334538,0
34.61666666666667,79.70132123071106,4.319439670197599e-09,116.33095930006283,0
34.63333333333333,79.73705018608437,4.237462889419592e-09,116.12619808363085,0
34.65,79.77271625273889,4.157049170386073e-09,115.92179727857618,0
34.666666666666664,79.8083195413686,4.078168555478694e-09,115.71775625054366,0
34.68333333333333,79.84386016247261,4.00079166455664e-09,115.51407436629415,0
34.7,79.87933822635556,3.9248896837534275e-09,115.31075099370267,0
34.71666666666667,79.91475384312791,3.850434354492698e-09,115.10778550175633,0
34.733333333333334,79.95010712270637,3.777397962718509e-09,114.90517726055246,0
34.75,79.98539817481416,3.7057533283360204e-09,114.70292564129672,0
34.766666666666666,80.02062710898134,3.635473794858368e-09,114.5010300163011,0
34.78333333333333,80.05579403454524,3.566533219255779e-09,114.29948975898185,0
34.8,80.09089906065074,3.4989059620027747e-09,114.09830424385778,0
34.81666666666667,80.12594229625059,3.432566877319691e-09,113.8974728465482,0
34.833333333333336,80.16092385010575,3.367491303604682e-09,113.69699494377099,0
34.85,80.19584383078576,3.3036550540523804e-09,113.4968699133407,0
34.86666666666667,80.23070234666912,3.24103440745565e-09,113.2970971341666,0
34.88333333333333,80.26549950594351,3.1796060991867797e-09,113.09767598625078,0
34.9,80.3002354166062,3.119347312354556e-09,112.89860585068628,0
34.916666666666664,80.33491018646441,3.0602356691337828e-09,112.69988610965508,0
34.93333333333333,80.36952392313553,3.002249222263922e-09,112.50151614642628,0
34.95,80.40407673404765,2.9453664467134706e-09,112.30349534535415,0
34.96666666666667,80.43856872643961,2.8895662315067644e-09,112.10582309187616,0
34.983333333333334,80.47300000736169,2.834827871710139e-09,111.90849877251127,0
35.0,80.50737068367557,2.781131060574232e-09,111.7115217748578,0
35.016666666666666,80.54168086205495,2.7284558818294122e-09,111.51489148759173,0
35.03333333333333,80.57593064898576,2.6767828021312557e-09,111.31860730046463,0
35.05,80.61012015076646,2.6260926636532174e-09,111.12266860430205,0
35.06666666666667,80.64424947350844,2.57636667682357e-09,110.9270747910013,0
35.083333333333336,80.67831872313631,2.527586413203722e-09,110.73182525352983,0
35.1,80.71232800538824,2.4797337985052355e-09,110.53691938592316,0
35.11666666666667,80.74627742581629,2.432791105742753e-09,110.34235658328316,0
35.13333333333333,80.78016708978676,2.3867409485202337e-09,110.14813624177613,0
35.15,80.81399710248046,2.3415662744478014e-09,109.95425775863087,0
35.166666666666664,80.84776756889306,2.297250358686699e-09,109.76072053213687,0
35.18333333333333,80.88147859383547,2.25377679761985e-09,109.56752396164246,0
35.2,80.9151302819341,2.2111295026455286e-09,109.37466744755291,0
35.21666666666667,80.94872273763117,2.169292694091717e-09,109.18215039132865,0
35.233333333333334,80.98225606518513,2.1282508952488473e-09,108.98997219548329,0
35.25,81.01573036867083,2.0879889265185287e-09,108.79813226358189,0
35.266666666666666,81.04914575198002,2.0484918996760666e-09,108.60663000023914,0
35.28333333333333,81.0825023188216,2.0097452122444913e-09,108.41546481111727,0
35.3,81.11580017272182,1.9717345419779193e-09,108.22463610292458,0
35.31666666666667,81.14903941702484,1.934445841452107e-09,108.03414328341329,0
35.333333333333336,81.18222015489282,1.8978653327601605e-09,107.84398576137788,0
35.35,81.2153424893064,1.8619795023112324e-09,107.65416294665324,0
35.36666666666667,81.24840652306492,1.8267750957302743e-09,107.46467425011275,0
35.38333333333333,81.28141235878681,1.7922391128568452e-09,107.27551908366651,0
35.4,81.31436009890989,1.7583588028410243e-09,107.08669686025956,0
35.416666666666664,81.34724984569162,1.7251216593345546e-09,106.89820699387009,0
35.43333333333333,81.38008170120955,1.6925154157753203e-09,106.71004889950744,0
35.45,81.41285576736145,1.6605280407633585e-09,106.52222199321054,0
35.46666666666667,81.44557214586585,1.629147733526659e-09,106.33472569204588,0
35.483333333333334,81.47823093826221,1.5983629194748468e-09,106.14755941410591,0
35.5,81.51083224591122,1.5681622458392315e-09,105.960722578507,0
35.516666666666666,81.54337616999517,1.5385345773973837e-09,105.77421460538785,0
35.53333333333333,81.57586281151833,1.509468992280658e-09,105.58803491590766,0
35.55,81.60829227130712,1.4809547778630121e-09,105.40218293224422,0
35.56666666666667,81.64066465001049,1.4529814267295568e-09,105.21665807759217,0
35.583333333333336,81.67298004810029,1.425538632723263e-09,105.03145977616133,0
35.6,81.70523856587143,1.3986162870683105e-09,104.84658745317469,0
35.61666666666667,81.7374403034424,1.3722044745685813e-09,104.66204053486695,0
35.63333333333333,81.76958536075536,1.3462934698798053e-09,104.47781844848244,0
35.65,81.80167383757667,1.3208737338539824e-09,104.29392062227343,0
35.666666666666664,81.83370583349699,1.2959359099545898e-09,104.11034648549848,0
35.68333333333333,81.86568144793172,1.2714708207412701e-09,103.92709546842055,0
35.7,81.89760078012131,1.2474694644225847e-09,103.74416700230526,0
35.71666666666667,81.92946392913146,1.2239230114755449e-09,103.56156051941909,0
35.733333333333334,81.96127099385357,1.2008228013306038e-09,103.37927545302779,0
35.75,81.99302207300498,1.1781603391208121e-09,103.19731123739443,0
35.766666666666666,82.0247172651292,1.1559272924939521e-09,103.01566730777768,0
35.78333333333333,82.05635666859631,1.1341154884863198e-09,102.83434310043015,0
35.8,82.08794038160332,1.1127169104570636e-09,102.65333805259658,0
35.81666666666667,82.11946850217431,1.0917236950818186e-09,102.47265160251214,0
35.833333333333336,82.15094112816092,1.0711281294045209e-09,102.29228318940062,0
35.85,82.1823583572424,1.0509226479462569e-09,102.11223225347275,0
35.86666666666667,82.21372028692625,1.031099829870029e-09,101.93249823592443,0
35.88333333333333,82.24502701454823,1.0116523962003736e-09,101.75308057893504,0
35.9,82.27627863727277,9.925732070967462e-10,101.57397872566565,0
35.916666666666664,82.30747525209335,9.738552591796066e-10,101.39519212025732,0
35.93333333333333,82.33861695583269,9.554916829082254e-10,101.21672020782952,0
35.95,82.36970384514309,9.374757400091662e-10,101.0385624344781,0
35.96666666666667,82.40073601650674,9.19800820954479e-10,100.86071824727387,0
35.983333333333334,82.43171356623594,9.024604424886234e-10,100.68318709426072,0
36.0,82.46263659047355,8.854482452031812e-10,100.50596842445393,0
36.016666666666666,82.49350518519317,8.687579911584235e-10,100.32906168783856,0
36.03333333333333,82.52431944619947,8.523835615508425e-10,100.15246633536763,0
36.05,82.55507946912849,8.363189544257082e-10,99.97618181896048,0
36.06666666666667,82.58578534944795,8.205582824338312e-10,99.80020759150108,0
36.083333333333336,82.61643718245753,8.050957706316244e-10,99.6245431068362,0
36.1,82.64703506328915,7.899257543236562e-10,99.44918781977394,0
36.11666666666667,82.67757908690731,7.750426769468348e-10,99.2741411860819,0
36.13333333333333,82.70806934810935,7.604410879954688e-10,99.09940266248552,0
36.15,82.7385059415257,7.461156409863312e-10,98.9249717066663,0
36.166666666666664,82.76888896162033,7.320610914630403e-10,98.75084777726035,0
36.18333333333333,82.79921850269088,7.182722950389136e-10,98.57703033385654,0
36.2,82.829494658869,7.047442054775993e-10,98.4035188369948,0
36.21666666666667,82.85971752412065,6.914718728107254e-10,98.23031274816452,0
36.233333333333334,82.88988719224643,6.784504414918675e-10,98.05741152980293,0
36.25,82.92000375688183,6.656751485861095e-10,97.8848146452933,0
36.266666666666666,82.9500673114975,6.531413219945264e-10,97.71252155896343,0
36.28333333333333,82.98007794939964,6.408443787128836e-10,97.54053173608379,0
36.3,83.0100357637301,6.28779823123933e-10,97.36884464286605,0
36.31666666666667,83.03994084746688,6.169432453226046e-10,97.19745974646139,0
36.333333333333336,83.0697932934243,6.053303194734927e-10,97.02637651495873,0
36.35,83.0995931942533,5.939368021999858e-10,96.85559441738323,0
36.36666666666667,83.12934064244176,5.827585310044541e-10,96.6851129236945,0
36.38333333333333,83.15903573031474,5.717914227188524e-10,96.51493150478511,0
36.4,83.18867855003482,5.610314719851866e-10,96.34504963247883,0
36.416666666666664,83.21826919360235,5.504747497652496e-10,96.17546677952907,0
36.43333333333333,83.24780775285573,5.401174018790556e-10,96.00618241961712,0
36.45,83.27729431947174,5.299556475714223e-10,95.83719602735067,0
36.46666666666667,83.30672898496577,5.199857781061523e-10,95.66850707826218,0
36.483333333333334,83.33611184069215,5.102041553872801e-10,95.50011504880703,0
36.5,83.36544297784442,5.006072106068693e-10,95.33201941636224,0
36.516666666666666,83.39472248745557,4.911914429188241e-10,95.16421965922456,0
36.53333333333333,83.42395046039836,4.819534181382335e-10,94.99671525660897,0
36.55,83.45312698738563,4.728897674657463e-10,94.82950568864702,0
36.56666666666667,83.48225215897054,4.6399718623647994e-10,94.66259043638533,0
36.583333333333336,83.51132606554687,4.552724326930158e-10,94.49596898178386,0
36.6,83.54034879734927,4.4671232678197484e-10,94.32964080771438,0
36.61666666666667,83.56932044445357,4.3831374897377173e-10,94.16360539795878,0
36.63333333333333,83.59824109677706,4.300736391050332e-10,93.9978622372075,0
36.65,83.62711084407877,4.2198899524331066e-10,93.83241081105807,0
36.666666666666664,83.65592977595973,4.140568725735856e-10,93.66725060601325,0
36.68333333333333,83.68469798186325,4.0627438230621693e-10,93.50238110947974,0
36.7,83.71341555107523,3.986386906058566e-10,93.3378018097663,0
36.71666666666667,83.74208257272437,3.911470175409651e-10,93.17351219608236,0
36.733333333333334,83.77069913578255,3.8379663605350727e-10,93.00951175853635,0
36.75,83.799265329065,3.765848709484554e-10,92.84579998813419,0
36.766666666666666,83.82778124123064,3.69509097902702e-10,92.6823763767776,0
36.78333333333333,83.85624696078233,3.62566742493014e-10,92.51924041726262,0
36.8,83.88466257606714,3.55755279242661e-10,92.356391603278,0
36.81666666666667,83.91302817527668,3.4907223068635376e-10,92.19382942940365,0
36.833333333333336,83.94134384644728,3.425151664531455e-10,92.03155339110903,0
36.85,83.96960967746031,3.360817023669351e-10,91.86956298475161,0
36.86666666666667,83.9978257560425,3.297694995642505e-10,91.70785770757536,0
36.88333333333333,84.02599216976614,3.2357626362896374e-10,91.5464370577091,0
36.9,84.05410900604937,3.1749974374361707e-10,91.3853005341649,0
36.916666666666664,84.08217635215648,3.1153773185704236e-10,91.22444763683676,0
36.93333333333333,84.11019429519814,3.0568806186794825e-10,91.0638778664988,0
36.95,84.13816292213176,2.9994860882418467e-10,90.90359072480389,0
36.96666666666667,84.16608231976156,2.9431728813735945e-10,90.743585714282,0
36.983333333333334,84.19395257473907,2.8879205481253507e-10,90.58386233833868,0
37.0,84.22177377356333,2.8337090269268626e-10,90.42442010125352,0
37.016666666666666,84.24954600258101,2.780518637176714e-10,90.26525850817862,0
37.03333333333333,84.27726934798689,2.728330071973951e-10,90.10637706513717,0
37.05,84.30494389582401,2.6771243909892384e-10,89.94777527902158,0
37.06666666666667,84.33256973198394,2.62688301347264e-10,89.7894526575924,0
37.083333333333336,84.36014694220708,2.577587711395438e-10,89.63140870947643,0
37.1,84.38767561208294,2.529220602723544e-10,89.47364294416538,0
37.11666666666667,84.41515582705036,2.4817641448196384e-10,89.31615487201428,0
37.13333333333333,84.44258767239778,2.4352011279720334e-10,89.15894400423997,0
37.15,84.46997123326351,2.38951466904728e-10,89.00200985291968,0
37.166666666666664,84.49730659463604,2.344688205264624e-10,88.84535193098935,0
37.18333333333333,84.52459384135427,2.3007054880895864e-10,88.6889697522422,0
37.2,84.55183305810772,2.2575505772446353e-10,88.5328628313273,0
37.21666666666667,84.57902432943686,2.215207834834504e-10,88.37703068374786,0
37.233333333333334,84.60616773973342,2.1736619195840902e-10,88.22147282585999,0
37.25,84.63326337324051,2.1328977811866874e-10,88.06618877487098,0
37.266666666666666,84.66031131405296,2.0929006547604396e-10,87.91117804883785,0
37.28333333333333,84.68731164611765,2.053656055410932e-10,87.75644016666604,0
37.3,84.71426445323361,2.0151497728979123e-10,87.60197464810763,0
37.31666666666667,84.74116981905244,1.977367866404065e-10,87.44778101376001,0
37.333333333333336,84.76802782707847,1.940296659403978e-10,87.2938587850644,0
37.35,84.79483856066905,1.9039227346312417e-10,87.14020748430433,0
37.36666666666667,84.8216021030348,1.8682329291419016e-10,86.98682663460417,0
37.38333333333333,84.84831853723993,1.833214329472384e-10,86.83371575992763,0
37.4,84.87498794620241,1.7988542668900355e-10,86.68087438507625,0
37.416666666666664,84.90161041269418,1.765140312734527e-10,86.5283020356881,0
37.43333333333333,84.92818601934162,1.7320602738483896e-10,86.37599823823606,0
37.45,84.95471484862558,1.6996021880949524e-10,86.22396252002652,0
37.46666666666667,84.9811969828818,1.667754319961959e-10,86.07219440919788,0
37.483333333333334,85.00763250430104,1.6365051562493156e-10,85.920693434719,0
37.5,85.03402149492945,1.6058434018392206e-10,85.76945912638791,0
37.516666666666666,85.0603640366687,1.575757975547233e-10,85.61849101483018,0
37.53333333333333,85.08666021127634,1.546238006052619e-10,85.46778863149754,0
37.55,85.112910100366,1.5172728279064986e-10,85.31735150866646,0
37.56666666666667,85.13911378540764,1.4888519776162696e-10,85.16717917943662,0
37.583333333333336,85.16527134772788,1.4609651898048984e-10,85.0172711777295,0
37.6,85.19138286851013,1.4336023934435622e-10,84.86762703828701,0
37.61666666666667,85.21744842879494,1.4067537081562942e-10,84.71824629666983,0
37.63333333333333,85.24346810948019,1.3804094405952456e-10,84.56912848925627,0
37.65,85.2694419913214,1.354560080885146e-10,84.42027315324052,0
37.666666666666664,85.2953701549319,1.3291962991357092e-10,84.27167982663146,0
37.68333333333333,85.32125268078316,1.3043089420206512e-10,84.12334804825113,0
37.7,85.34708964920502,1.2798890294220353e-10,83.97527735773323,0
37.71666666666667,85.37288114038591,1.2559277511386584e-10,83.82746729552184,0
37.733333333333334,85.39862723437311,1.2324164636573415e-10,83.67991740286988,0
37.75,85.42432801107302,1.2093466869858344e-10,83.53262722183776,0
37.766666666666666,85.44998355025135,1.186710101546156e-10,83.38559629529183,0
37.78333333333333,85.47559393153347,1.1644985451272783e-10,83.23882416690317,0
37.8,85.50115923440453,1.1427040098959199e-10,83.09231038114596,0
37.81666666666667,85.52667953820986,1.1213186394644315e-10,82.94605448329624,0
37.833333333333336,85.55215492215507,1.1003347260146022e-10,82.80005601943037,0
37.85,85.57758546530633,1.0797447074763326e-10,82.65431453642367,0
37.86666666666667,85.60297124659073,1.0595411647601784e-10,82.50882958194907,0
37.88333333333333,85.62831234479634,1.0397168190426247e-10,82.36360070447564,0
37.9,85.65360883857262,1.0202645291031958e-10,82.21862745326716,0
37.916666666666664,85.67886080643055,1.0011772887123235e-10,82.07390937838079,0
37.93333333333333,85.70406832674293,9.82448224069027e-11,81.92944603066569,0
37.95,85.72923147774465,9.640705912874694e-11,81.78523696176147,0
37.96666666666667,85.75435033753283,9.460377739314105e-11,81.6412817240971,0
37.983333333333334,85.77942498406715,9.283432805957067e-11,81.49757987088915,0
38.0,85.80445549517012,9.109807425338599e-11,81.3541309561407,0
38.016666666666666,85.82944194852719,8.939439113308361e-11,81.2109345346398,0
38.03333333333333,85.85438442168713,8.77226656620201e-11,81.06799016195818,0
38.05,85.87928299206219,8.6082296384479e-11,80.92529739444976,0
38.06666666666667,85.90413773692835,8.447269320600215e-11,80.78285578924935,0
38.083333333333336,85.92894873342557,8.289327717790973e-11,80.6406649042713,0
38.1,85.95371605855807,8.134348028592138e-11,80.49872429820805,0
38.11666666666667,85.97843978919452,7.982274524280855e-11,80.35703353052882,0
38.13333333333333,86.00312000206821,7.833052528499177e-11,80.21559216147826,0
38.15,86.02775677377747,7.686628397301711e-11,80.07439975207498,0
38.166666666666664,86.05235018078578,7.542949499582745e-11,79.93345586411033,0
38.18333333333333,86.076900299422,7.401964197876381e-11,79.7927600601469,0
38.2,86.10140720588068,7.26362182952215e-11,79.65231190351729,0
38.21666666666667,86.12587097622219,7.127872688189336e-11,79.51211095832267,0
38.233333333333334,86.15029168637308,6.99466800575278e-11,79.37215678943144,0
38.25,86.17466941212626,6.863959934513941e-11,79.2324489624779,0
38.266666666666666,86.19900422914118,6.735701529760095e-11,79.09298704386092,0
38.28333333333333,86.22329621294419,6.609846732655794e-11,78.95377060074252,0
38.3,86.24754543892864,6.48635035345948e-11,78.81479920104663,0
38.31666666666667,86.27175198235518,6.36516805505986e-11,78.67607241345765,0
38.333333333333336,86.29591591835204,6.246256336825208e-11,78.5375898074192,0
38.35,86.32003732191517,6.129572518760097e-11,78.39935095313268,0
38.36666666666667,86.3441162679085,6.015074725963511e-11,78.26135542155608,0
38.38333333333333,86.36815283106425,5.902721873382484e-11,78.1236027844025,0
38.4,86.39214708598303,5.792473650855789e-11,77.98609261413885,0
38.416666666666664,86.41609910713419,5.684290508441981e-11,77.8488244839847,0
38.43333333333333,86.44000896885598,5.578133642026587e-11,77.71179796791071,0
38.45,86.4638767453558,5.473964979202758e-11,77.5750126406374,0
38.46666666666667,86.48770251071045,5.371747165420501e-11,77.43846807763391,0
38.483333333333334,86.51148633886632,5.271443550399202e-11,77.30216385511656,0
38.5,86.53522830363966,5.173018174798365e-11,77.16609955004762,0
38.516666666666666,86.55892847871681,5.076435757141814e-11,77.03027474013396,0
38.53333333333333,86.58258693765436,4.98166168099021e-11,76.89468900382577,0
38.55,86.60620375387947,4.888661982357573e-11,76.75934192031517,0
38.56666666666667,86.62977900069001,4.797403337366715e-11,76.62423306953504,0
38.583333333333336,86.6533127512549,4.707853050139309e-11,76.48936203215757,0
38.6,86.67680507861424,4.619979040916083e-11,76.35472838959309,0
38.61666666666667,86.70025605567952,4.5337498344024945e-11,76.22033172398865,0
38.63333333333333,86.72366575523398,4.4491345483360025e-11,76.08617161822684,0
38.65,86.74703424993271,4.3661028822703846e-11,75.95224765592437,0
38.666666666666664,86.7703616123029,4.284625106572965e-11,75.8185594214309,0
38.68333333333333,86.7936479147441,4.204672051630983e-11,75.68510649982771,0
38.7,86.81689322952842,4.126215097262734e-11,75.55188847692632,0
38.71666666666667,86.84009762880073,4.049226162329832e-11,75.41890493926738,0
38.733333333333334,86.863261184579,3.9736776945466985e-11,75.28615547411923,0
38.75,86.88638396875434,3.899542660483415e-11,75.15363966947666,0
38.766666666666666,86.90946605309135,3.8267945357584424e-11,75.02135711405971,0
38.78333333333333,86.93250750922836,3.7554072954174467e-11,74.88930739731232,0
38.8,86.95550840867752,3.685355404494581e-11,74.75749010940103,0
38.81666666666667,86.9784688228252,3.616613808753107e-11,74.62590484121377,0
38.833333333333336,87.00138882293204,3.5491579256015526e-11,74.4945511843586,0
38.85,87.0242684801333,3.482963635182265e-11,74.36342873116236,0
38.86666666666667,87.047107865439,3.418007271629014e-11,74.23253707466951,0
38.88333333333333,87.0699070497342,3.35426561449044e-11,74.10187580864077,0
38.9,87.09266610377914,3.2917158803162404e-11,73.9714445275519,0
38.916666666666664,87.1153850982096,3.230335714402801e-11,73.84124282659248,0
38.93333333333333,87.13806410353693,3.1701031826954765e-11,73.71127030166458,0
38.95,87.16070319014842,3.1109967638444677e-11,73.58152654938158,0
38.96666666666667,87.1833024283075,3.052995341411147e-11,73.45201116706681,0
38.983333333333334,87.20586188815385,2.996078196222378e-11,73.32272375275251,0
39.0,87.22838163970374,2.9402249988696153e-11,73.19366390517828,0
39.016666666666666,87.25086175285018,2.8854158023503034e-11,73.06483122379015,0
39.03333333333333,87.27330229736319,2.831631034848628e-11,72.93622530873905,0
39.05,87.29570334288992,2.778851492653297e-11,72.8078457608798,0
39.06666666666667,87.318064958955,2.7270583332093277e-11,72.67969218176971,0
39.083333333333336,87.34038721496064,2.6762330683016423e-11,72.55176417366751,0
39.1,87.36267018018691,2.6263575573677805e-11,72.42406133953189,0
39.11666666666667,87.38491392379194,2.577414000937322e-11,72.29658328302047,0
39.13333333333333,87.4071185148121,2.5293849341955977e-11,72.16932960848848,0
39.15,87.42928402216229,2.4822532206693073e-11,72.04229992098755,0
39.166666666666664,87.45141051463608,2.436002046031802e-11,71.91549382626442,0
39.18333333333333,87.47349806090592,2.3906149120256595e-11,71.7889109307599,0
39.2,87.49554672952351,2.3460756305003318e-11,71.66255084160743,0
39.21666666666667,87.51755658891973,2.3023683175628007e-11,71.53641316663195,0
39.233333333333334,87.5395277074051,2.2594773878388503e-11,71.41049751434875,0
39.25,87.56146015316988,2.2173875488431444e-11,71.28480349396212,0
39.266666666666666,87.58335399428431,2.176083795455831e-11,71.1593307153643,0
39.28333333333333,87.60520929869884,2.1355514045036627e-11,71.03407878913409,0
39.3,87.62702613424425,2.0957759294437925e-11,70.90904732653578,0
39.31666666666667,87.64880456863199,2.0567431951481315e-11,70.78423593951791,0
39.333333333333336,87.6705446694543,2.0184392927864155e-11,70.65964424071201,0
39.35,87.69224650418444,1.980850574806152e-11,70.53527184343145,0
39.36666666666667,87.71391014017695,1.943963650007539e-11,70.41111836167025,0
39.38333333333333,87.73553564466773,1.9077653787115634e-11,70.28718341010182,0
39.4,87.75712308477445,1.8722428680195507e-11,70.16346660407785,0
39.416666666666664,87.77867252749652,1.8373834671623647e-11,70.03996755962702,0
39.43333333333333,87.8001840397155,1.8031747629376242e-11,69.91668589345392,0
39.45,87.82165768819522,1.7696045752332098e-11,69.79362122293772,0
39.46666666666667,87.84309353958197,1.7366609526354176e-11,69.67077316613116,0
39.483333333333334,87.86449166040475,1.70433216812023e-11,69.5481413417592,0
39.5,87.88585211707542,1.6726067148260164e-11,69.4257253692179,0
39.516666666666666,87.907174975889,1.6414733019061918e-11,69.3035248685733,0
39.53333333333333,87.92846030302383,1.6109208504602958e-11,69.18153946056012,0
39.55,87.94970816454168,1.5809384895420142e-11,69.05976876658067,0
39.56666666666667,87.97091862638808,1.5515155522426424e-11,68.93821240870365,0
39.583333333333336,87.99209175439256,1.5226415718485778e-11,68.81687000966296,0
39.6,88.01322761426866,1.494306278071528e-11,68.69574119285663,0
39.61666666666667,88.03432627161435,1.466499593349828e-11,68.57482558234545,0
39.63333333333333,88.05538779191207,1.4392116292198005e-11,68.454122802852,0
39.65,88.07641224052902,1.4124326827556054e-11,68.33363247975937,0
39.666666666666664,88.09739968271738,1.386153233076374e-11,68.21335423911007,0
39.68333333333333,88.11835018361441,1.3603639379193696e-11,68.0932877076048,0
39.7,88.1392638082428,1.3350556302778686e-11,67.97343251260133,0
39.71666666666667,88.1601406215107,1.3102193151025571e-11,67.85378828211336,0
39.733333333333334,88.18098068821209,1.2858461660652594e-11,67.7343546448093,0
39.75,88.20178407302684,1.2619275223837585e-11,67.61513123001124,0
39.766666666666666,88.22255084052101,1.2384548857066425e-11,67.49611766769364,0
39.78333333333333,88.24328105514701,1.2154199170569289e-11,67.37731358848231,0
39.8,88.26397478124377,1.1928144338334409e-11,67.25871862365318,0
39.81666666666667,88.28463208303702,1.1706304068687982e-11,67.14033240513125,0
39.833333333333336,88.30525302463943,1.1488599575429375e-11,67.02215456548932,0
39.85,88.3258376700508,1.127495354951178e-11,66.90418473794699,0
39.86666666666667,88.3463860831583,1.1065290131257017e-11,66.7864225563694,0
39.88333333333333,88.36689832773665,1.0859534883095016e-11,66.6688676552662,0
39.9,88.38737446744828,1.0657614762818052e-11,66.55151966979025,0
39.916666666666664,88.40781456584362,1.0459458097339418e-11,66.43437823573673,0
39.93333333333333,88.42821868636119,1.0264994556947763e-11,66.31744298954176,0
39.95,88.4485868923279,1.0074155130046856e-11,66.20071356828153,0
39.96666666666667,88.46891924695916,9.886872098372496e-12,66.08418960967087,0
39.983333333333334,88.48921581335907,9.703079012676505e-12,65.96787075206245,0
40.0,88.50947665452077,9.522710668870023e-12,65.85175663444535,0
40.016666666666666,88.52970183332638,9.345703084616571e-12,65.73584689644419,0
40.03333333333333,88.54989141254747,9.171993476366622e-12,65.62014117831784,0
40.05,88.57004545484503,9.00152023682568e-12,65.50463912095843,0
40.06666666666667,88.59016402276983,8.834222912846973e-12,65.38934036589013,0
40.083333333333336,88.61024717876245,8.670042183741445e-12,65.27424455526813,0
40.1,88.63029498515364,8.508919839996572e-12,65.15935133187745,0
40.11666666666667,88.65030750416443,8.350798762396426e-12,65.04466033913185,0
40.13333333333333,88.6702847979063,8.195622901535777e-12,64.93017122107278,0
40.15,88.6902269283814,8.043337257720118e-12,64.81588362236822,0
40.166666666666664,88.7101339574828,7.893887861244742e-12,64.70179718831156,0
40.18333333333333,88.73000594699455,7.747221753045751e-12,64.58791156482059,0
40.2,88.74984295859203,7.603286965715563e-12,64.47422639843626,0
40.21666666666667,88.76964505384198,7.462032504876396e-12,64.36074133632175,0
40.233333333333334,88.78941229420286,7.32340833090477e-12,64.2474560262612,0
40.25,88.80914474102487,7.187365341000539e-12,64.13437011665881,0
40.266666666666666,88.8288424555503,7.053855351593669e-12,64.02148325653756,0
40.28333333333333,88.84850549891357,6.922831081082688e-12,63.908795095538245,0
40.3,88.86813393214155,6.794246132898216e-12,63.796305283918315,0
40.31666666666667,88.88772781615369,6.66805497888588e-12,63.68401347255087,0
40.333333333333336,88.90728721176218,6.544212943001869e-12,63.571919312923484,0
40.35,88.92681217967217,6.42267618531607e-12,63.46002245713718,0
40.36666666666667,88.946302780482,6.303401686316162e-12,63.34832255790538,0
40.38333333333333,88.9657590746833,6.186347231507702e-12,63.23681926855269,0
40.4,88.98518112266126,6.071471396303916e-12,63.12551224301408,0
40.416666666666664,89.00456898469479,5.958733531200326e-12,63.01440113583345,0
40.43333333333333,89.02392272095663,5.8480937472283804e-12,62.903485602162924,0
40.45,89.04324239151369,5.739512901683143e-12,62.79276529776151,0
40.46666666666667,89.0625280563271,5.632952584119552e-12,62.68223987899421,0
40.483333333333334,89.08177977525247,5.528375102612491e-12,62.571909002830814,0
40.5,89.10099760804006,5.42574347027543e-12,62.46177232684494,0
40.516666666666666,89.12018161433495,5.325021392032875e-12,62.35182950921289,0
40.53333333333333,89.13933185367723,5.226173251641844e-12,62.24208020871271,0
40.55,89.15844838550218,5.1291640989576e-12,62.13252408472294,0
40.56666666666667,89.17753126914049,5.033959637438933e-12,62.023160797221784,0
40.583333333333336,89.19658056381844,4.940526211888879e-12,61.91399000678584,0
40.6,89.215596328658,4.8488307964259005e-12,61.80501137458921,0
40.61666666666667,89.2345786226771,4.7588409826813895e-12,61.696224562402364,0
40.63333333333333,89.2535275047898,4.6705249682194586e-12,61.58762923259109,0
40.65,89.27244303380648,4.583851545174391e-12,61.47922504811551,0
40.666666666666664,89.29132526843397,4.4987900891020054e-12,61.37101167252894,0
40.68333333333333,89.31017426727576,4.415310548040606e-12,61.26298876997692,0
40.7,89.3289900888322,4.33338343177785e-12,61.15515600519616,0
40.71666666666667,89.3477727915007,4.252979801319381e-12,61.04751304351347,0
40.733333333333334,89.36652243357585,4.1740712585555975e-12,60.94005955084473,0
40.75,89.38523907324962,4.096629936122737e-12,60.83279519369388,0
40.766666666666666,89.40392276861161,4.020628487454644e-12,60.725719639151876,0
40.78333333333333,89.42257357764909,3.9460400770215115e-12,60.618832554895604,0
40.8,89.44119155824734,3.87283837075232e-12,60.51213360918695,0
40.81666666666667,89.45977676818971,3.800997526637261e-12,60.40562247087167,0
40.833333333333336,89.47832926515787,3.7304921855067555e-12,60.299298809378406,0
40.85,89.4968491067319,3.661297461984032e-12,60.19316229471768,0
40.86666666666667,89.51533635039063,3.593388935607535e-12,60.08721259748083,0
40.88333333333333,89.53379105351159,3.5267426421203695e-12,59.981449388839025,0
40.9,89.55221327337146,3.4613350649234173e-12,59.875872340542195,0
40.916666666666664,89.57060306714601,3.3971431266890325e-12,59.77048112491808,0
40.93333333333333,89.58896049191037,3.334144181132402e-12,59.665275414871154,0
40.95,89.60728560463923,3.27231600493751e-12,59.560254883881626,0
40.96666666666667,89.625578462207,3.211636789834805e-12,59.45541920600442,0
40.983333333333334,89.643839121388,3.152085134827745e-12,59.35076805586824,0
41.0,89.66206763885657,3.09364003856537e-12,59.24630110867443,0
41.016666666666666,89.68026407118734,3.0362808918581123e-12,59.14201804019606,0
41.03333333333333,89.69842847485535,2.9799874703343567e-12,59.03791852677686,0
41.05,89.71656090623617,2.9247399272347773e-12,58.934002245330284,0
41.06666666666667,89.73466142160625,2.87051878634207e-12,58.830268873338476,0
41.083333333333336,89.7527300771429,2.817304935043541e-12,58.72671808885124,0
41.1,89.77076692892459,2.7650796175238434e-12,58.62334957048506,0
41.11666666666667,89.78877203293106,2.713824428085703e-12,58.52016299742212,0
41.13333333333333,89.80674544504352,2.663521304595962e-12,58.41715804940928,0
41.15,89.82468722104485,2.614152522054708e-12,58.31433440675713,0
41.166666666666664,89.84259741661971,2.565700686285183e-12,58.21169175033893,0
41.18333333333333,89.86047608735475,2.5181487277420845e-12,58.10922976158966,0
41.2,89.87832328873883,2.4714798954361847e-12,58.00694812250503,0
41.21666666666667,89.89613907616302,2.4256777509729576e-12,57.904846515640514,0
41.233333333333334,89.91392350492102,2.3807261627030885e-12,57.80292462411028,0
41.25,89.93167663020913,2.3366092999827953e-12,57.70118213158634,0
41.266666666666666,89.94939850712652,2.2933116275418963e-12,57.59961872229742,0
41.28333333333333,89.9670891906754,2.25081789995751e-12,57.49823408102813,0
41.3,89.98474873576109,2.20911315623151e-12,57.39702789311782,0
41.31666666666667,90.00237719719237,2.1681827144697466e-12,57.29599984445981,0
41.333333333333336,90.01997462968146,2.1280121666610367e-12,57.19514962150017,0
41.35,90.03754108784435,2.0885873735541725e-12,57.09447691123698,0
41.36666666666667,90.05507662620082,2.0498944596310157e-12,56.99398140121918,0
41.38333333333333,90.07258129917476,2.0119198081739206e-12,56.893662779545714,0
41.4,90.0900551610942,1.9746500564256306e-12,56.79352073486453,0
41.416666666666664,90.10749826619161,1.93807209084004e-12,56.693554956371564,0
41.43333333333333,90.12491066860397,1.9021730424219564e-12,56.593765133809846,0
41.45,90.14229242237299,1.866940282154357e-12,56.49415095746851,0
41.46666666666667,90.15964358144517,1.832361416511283e-12,56.394712118181815,0
41.483333333333334,90.17696419967217,1.798424283054993e-12,56.29544830732822,0
41.5,90.1942543308108,1.7651169461156228e-12,56.19635921682941,0
41.516666666666666,90.21151402852327,1.73242769255185e-12,56.097444539149315,0
41.53333333333333,90.22874334637733,1.7003450275910622e-12,55.99870396729317,0
41.55,90.24594233784646,1.668857670747507e-12,55.900137194806604,0
41.56666666666667,90.26311105630997,1.6379545518169754e-12,55.80174391577465,0
41.583333333333336,90.28024955505323,1.607624806946527e-12,55.7035238248208,0
41.6,90.29735788726788,1.5778577747779485e-12,55.60547661710601,0
41.61666666666667,90.31443610605186,1.5486429926634596e-12,55.507601988327856,0
41.63333333333333,90.33148426440968,1.5199701929523539e-12,55.40989963471954,0
41.65,90.34850241525255,1.491829299347216e-12,55.31236925304891,0
41.666666666666664,90.36549061139854,1.4642104233284583e-12,55.21501054061755,0
41.68333333333333,90.38244890557279,1.4371038606458466e-12,55.11782319525988,0
41.7,90.39937735040756,1.410500087875736e-12,55.02080691534213,0
41.71666666666667,90.41627599844257,1.3843897590428544e-12,54.92396139976149,0
41.733333333333334,90.43314490212497,1.3587637023053734e-12,54.82728634794514,0
41.75,90.4499841138096,1.3336129167020344e-12,54.73078145984929,0
41.766666666666666,90.46679368575924,1.3089285689602997e-12,54.634446435958296,0
41.78333333333333,90.48357367014458,1.2847019903642022e-12,54.538280977283705,0
41.8,90.5003241190445,1.260924673680922e-12,54.44228478536333,0
41.81666666666667,90.51704508444628,1.2375882701449222e-12,54.34645756226032,0
41.833333333333336,90.53373661824558,1.2146845864985327e-12,54.25079901056227,0
41.85,90.55039877224681,1.1922055820880116e-12,54.15530883338022,0
41.86666666666667,90.5670315981632,1.170143366013924e-12,54.059986734347824,0
41.88333333333333,90.58363514761686,1.1484901943349609e-12,53.964832417620364,0
41.9,90.60020947213913,1.1272384673240358e-12,53.86984558787388,0
41.916666666666664,90.61675462317058,1.1063807267758003e-12,53.77502595030421,0
41.93333333333333,90.63327065206131,1.0859096533645678e-12,53.680373210626115,0
41.95,90.64975761007099,1.0658180640516875e-12,53.58588707507229,0
41.96666666666667,90.66621554836907,1.0460989095414475e-12,53.49156725039259,0
41.983333333333334,90.6826445180349,1.0267452717846285e-12,53.39741344385298,0
42.0,90.69904457005799,1.0077503615287504e-12,53.303425363234695,0
42.016666666666666,90.71541575533807,9.891075159142055e-13,53.209602716833324,0
42.03333333333333,90.73175812468527,9.70810196115347e-13,53.1159452134579,0
42.05,90.74807172882028,9.5285198502575e-13,53.02245256243005,0
42.06666666666667,90.76435661837455,9.352265849867788e-13,52.929124473582945,0
42.083333333333336,90.78061284389034,9.179278155586557e-13,52.835960657260586,0
42.1,90.79684045582103,9.009496113332431e-13,52.74296082431677,0
42.11666666666667,90.81303950453112,8.842860197877507e-13,52.65012468611421,0
42.13333333333333,90.82921004029654,8.679311991785783e-13,52.557451954523756,0
42.15,90.84535211330467,8.518794164745921e-13,52.464942341923326,0
42.166666666666664,90.86146577365454,8.361250453290409e-13,52.37259556119712,0
42.18333333333333,90.87755107135705,8.206625640894135e-13,52.28041132573476,0
42.2,90.89360805633504,8.054865538445304e-13,52.188389349430295,0
42.21666666666667,90.90963677842343,7.905916965081456e-13,52.096529346681365,0
42.233333333333334,90.92563728736957,7.759727729384164e-13,52.004831032388346,0
42.25,90.94160963283305,7.616246610925088e-13,51.9132941219534,0
42.266666666666666,90.95755386438623,7.475423342157478e-13,51.821918331279655,0
42.28333333333333,90.97347003151411,7.337208590646086e-13,51.730703376770315,0
42.3,90.98935818361463,7.201553941629305e-13,51.639648975327695,0
42.31666666666667,91.00521836999874,7.0684118809076e-13,51.54875484435247,0
42.333333333333336,91.02105063989063,6.937735778051649e-13,51.45802070174271,0
42.35,91.03685504242786,6.809479869924453e-13,51.367446265893015,0
42.36666666666667,91.05263162666142,6.683599244511602e-13,51.27703125569368,0
42.38333333333333,91.06838044155612,6.560049825053604e-13,51.1867753905298,0
42.4,91.0841015359904,6.438788354475136e-13,51.09667839028036,0
42.416666666666664,91.0997949587568,6.319772380104916e-13,51.006739975317466,0
42.43333333333333,91.11546075856194,6.202960238681566e-13,50.916959866505366,0
42.45,91.13109898402664,6.088311041639403e-13,50.82733778519964,0
42.46666666666667,91.14670968368623,5.975784660669448e-13,50.737873453246344,0
42.483333333333334,91.1622929059906,5.865341713550049e-13,50.6485665929811,0
42.5,91.1778486993043,5.756943550242409e-13,50.55941692722829,0
42.516666666666666,91.1933771119068,5.650552239245896e-13,50.470424179300174,0
42.53333333333333,91.20887819199258,5.546130554208297e-13,50.381588072996,0
42.55,91.22435198767128,5.443641960786152e-13,50.29290833260121,0
42.56666666666667,91.23979854696789,5.34305060375067e-13,50.2043846828865,0
42.583333333333336,91.25521791782282,5.244321294334516e-13,50.11601684910705,0
42.6,91.27061014809213,5.147419497814898e-13,50.027804557001645,0
42.61666666666667,91.28597528554768,5.052311321328552e-13,49.93974753279178,0
42.63333333333333,91.30131337787714,4.958963501914523e-13,49.851845503180854,0
42.65,91.31662447268434,4.86734339477999e-13,49.76409819535333,0
42.666666666666664,91.33190861748926,4.777418961785458e-13,49.67650533697386,0
42.68333333333333,91.34716585972826,4.689158760144924e-13,49.589066656186425,0
42.7,91.36239624675424,4.602531931337045e-13,49.50178188161356,0
42.71666666666667,91.37759982583668,4.5175081902232855e-13,49.41465074235544,0
42.733333333333334,91.39277664416194,4.4340578143694314e-13,49.32767296798908,0
42.75,91.40792674883325,4.3521516335663683e-13,49.24084828856749,0
42.766666666666666,91.42305018687095,4.2717610195465023e-13,49.154176434618805,0
42.78333333333333,91.43814700521264,4.1928578758921567e-13,49.06765713714549,0
42.8,91.4532172507133,4.1154146281324767e-13,48.98129012762348,0
42.81666666666667,91.46826097014541,4.0394042140250436e-13,48.89507513800137,0
42.833333333333336,91.4832782101991,3.964800074018999e-13,48.809011900699566,0
42.85,91.49826901748244,3.8915761418960936e-13,48.72310014860945,0
42.86666666666667,91.51323343852131,3.8197068355864925e-13,48.63733961509256,0
42.88333333333333,91.52817151975981,3.749167048155934e-13,48.55173003397976,0
42.9,91.54308330756024,3.6799321389611575e-13,48.466271139570416,0
42.916666666666664,91.55796884820327,3.6119779249702115e-13,48.380962666631575,0
42.93333333333333,91.57282818788818,3.5452806722449735e-13,48.29580435039714,0
42.95,91.58766137273285,3.4798170875823823e-13,48.21079592656703,0
42.96666666666667,91.60246844877409,3.4155643103117753e-13,48.12593713130639,0
42.983333333333334,91.61724946196757,3.3524999042451816e-13,48.04122770124472,0
43.0,91.63200445818813,3.290601849777801e-13,47.956667373475156,0
43.016666666666666,91.64673348322982,3.2298485361359447e-13,47.87225588555354,0
43.03333333333333,91.66143658280615,3.1702187537694376e-13,47.787992975497694,0
43.05,91.67611380255012,3.111691686886057e-13,47.703878381786545,0
43.06666666666667,91.69076518801441,3.054246906125136e-13,47.619911843359354,0
43.083333333333336,91.70539078467152,2.9978643613678706e-13,47.53609309961489,0
43.1,91.71999063791395,2.9425243746817326e-13,47.45242189041061,0
43.11666666666667,91.73456479305428,2.8882076333963963e-13,47.36889795606188,0
43.13333333333333,91.74911329532527,2.8348951833088056e-13,47.28552103734115,0
43.15,91.76363618988016,2.782568422015036e-13,47.20229087547714,0
43.166666666666664,91.77813352179267,2.7312090923664114e-13,47.11920721215405,0
43.18333333333333,91.79260533605715,2.680799276047656e-13,47.03626978951079,0
43.2,91.80705167758882,2.6313213872747916e-13,46.95347835014008,0
43.21666666666667,91.8214725912238,2.582758166610536e-13,46.870832637087815,0
43.233333333333334,91.83586812171927,2.535092674895004e-13,46.78833239385208,0
43.25,91.8502383137537,2.488308287289485e-13,46.705977364382484,0
43.266666666666666,91.86458321192687,2.44238868743142e-13,46.62376729307933,0
43.28333333333333,91.87890286076005,2.3973178616980957e-13,46.54170192479281,0
43.3,91.89319730469617,2.353080093577486e-13,46.45978100482223,0
43.31666666666667,91.90746658809991,2.3096599581438743e-13,46.37800427891519,0
43.333333333333336,91.92171075525789,2.2670423166364577e-13,46.296371493266825,0
43.35,91.93592985037878,2.2252123111390463e-13,46.214882394519016,0
43.36666666666667,91.9501239175934,2.1841553593588226e-13,46.13353672975959,0
43.38333333333333,91.9642930009549,2.143857149502516e-13,46.05233424652155,0
43.4,91.9784371444389,2.1043036352478853e-13,45.97127469278226,0
43.416666666666664,91.99255639194365,2.0654810308090717e-13,45.8903578169627,0
43.43333333333333,92.00665078729006,2.0273758060937794e-13,45.80958336792666,0
43.45,92.02072037422197,1.989974681950748e-13,45.728951094979976,0
43.46666666666667,92.0347651964062,1.953264625505711e-13,45.64846074786975,0
43.483333333333334,92.0487852974327,1.9172328455842856e-13,45.56811207678355,0
43.5,92.0627807208147,1.8818667882201004e-13,45.4879048323487,0
43.516666666666666,92.07675150998882,1.8471541322466338e-13,45.407838765631396,0
43.53333333333333,92.09069770831532,1.813082784971091e-13,45.32791362813606,0
43.55,92.10461935907801,1.7796408779289392e-13,45.248129171804464,0
43.56666666666667,92.11851650548458,1.7468167627174458e-13,45.16848514901502,0
43.583333333333336,92.13238919066667,1.714599006906874e-13,45.08898131258197,0
43.6,92.14623745768,1.6829763900277684e-13,45.009617415754704,0
43.61666666666667,92.16006134950447,1.6519378996329907e-13,44.93039321221687,0
43.63333333333333,92.17386090904435,1.6214727274331014e-13,44.85130845608569,0
43.65,92.1876361791284,1.59157026550367e-13,44.7723629019112,0
43.666666666666664,92.20138720251002,1.5622201025632344e-13,44.693556304675454,0
43.68333333333333,92.21511402186731,1.5334120203205144e-13,44.61488841979175,0
43.7,92.22881667980329,1.5051359898896935e-13,44.53635900310394,0
43.71666666666667,92.24249521884592,1.477382168272381e-13,44.45796781088562,0
43.733333333333334,92.25614968144838,1.4501408949051098e-13,44.37971459983937,0
43.75,92.26978010998907,1.4234026882710696e-13,44.30159912709601,0
43.766666666666666,92.28338654677185,1.3971582425748998e-13,44.22362115021387,0
43.78333333333333,92.29696903402608,1.3713984244794468e-13,44.14578042717801,0
43.8,92.31052761390681,1.3461142699031655e-13,44.068076716399474,0
43.81666666666667,92.32406232849488,1.3212969808771982e-13,43.99050977671452,0
43.833333333333336,92.33757321979705,1.2969379224608992e-13,43.91307936738393,0
43.85,92.35106032974618,1.273028619714785e-13,43.83578524809221,0
43.86666666666667,92.36452370020127,1.249560754729809e-13,43.75862717894683,0
43.88333333333333,92.37796337294769,1.226526163711927e-13,43.68160492047757,0
43.9,92.39137938969725,1.2039168341208732e-13,43.60471823363566,0
43.916666666666664,92.40477179208827,1.1817249018622288e-13,43.52796687979314,0
43.93333333333333,92.4181406216859,1.159942648531672e-13,43.45135062074204,0
43.95,92.43148591998202,1.138562498710572e-13,43.374869218693675,0
43.96666666666667,92.44480772839559,1.1175770173118128e-13,43.29852243627795,0
43.983333333333334,92.45810608827253,1.0969789069750519e-13,43.22231003654252,0
44.0,92.47138104088607,1.0767610055104222e-13,43.14623178295215,0
44.016666666666666,92.48463262743684,1.0569162833897598e-13,43.07028743938793,0
44.03333333333333,92.4978608890528,1.0374378412845177e-13,42.99447677014659,0
44.05,92.51106586678966,1.0183189076494786e-13,42.91879953993969,0
44.06666666666667,92.52424760163082,9.995528363513773e-14,42.84325551389297,0
44.083333333333336,92.53740613448751,9.811331043416632e-14,42.76784445754555,0
44.1,92.55054150619897,9.630533093725144e-14,42.69256613684928,0
44.11666666666667,92.56365375753258,9.453071677553399e-14,42.61742031816795,0
44.13333333333333,92.57674292918391,9.278885121609556e-14,42.54240676827659,0
44.15,92.58980906177696,9.107912894606731e-14,42.46752525436076,0
44.166666666666664,92.60285219586422,8.940095586075212e-14,42.39277554401577,0
44.18333333333333,92.61587237192671,8.775374885568744e-14,42.31815740524605,0
44.2,92.62886963037431,8.613693562257172e-14,42.243670606464356,0
44.21666666666667,92.64184401154574,8.454995444898859e-14,42.16931491649106,0
44.233333333333334,92.65479555570869,8.299225402184981e-14,42.09509010455348,0
44.25,92.66772430305996,8.146329323449579e-14,42.02099594028509,0
44.266666666666666,92.68063029372568,7.996254099738063e-14,41.9470321937249,0
44.28333333333333,92.69351356776126,7.848947605227495e-14,41.87319863531665,0
44.3,92.70637416515164,7.704358678992381e-14,41.79949503590813,0
44.31666666666667,92.7192121258114,7.562437107109274e-14,41.72592116675051,0
44.333333333333336,92.73202748958484,7.423133605094042e-14,41.652476799497556,0
44.35,92.74482029624612,7.286399800665434e-14,41.579161706205,0
44.36666666666667,92.7575905854994,7.152188216829124e-14,41.50597565932976,0
44.38333333333333,92.77033839697899,7.020452255275828e-14,41.43291843172928,0
44.4,92.78306377024937,6.891146180088301e-14,41.359989796660805,0
44.416666666666664,92.79576674480545,6.764225101750728e-14,41.28718952778071,0
44.43333333333333,92.80844736007253,6.639644961455516e-14,41.21451739914372,0
44.45,92.82110565540661,6.517362515701274e-14,41.14197318520232,0
44.46666666666667,92.83374167009441,6.397335321177543e-14,41.069556660805944,0
44.483333333333334,92.84635544335345,6.279521719929645e-14,40.99726760120035,0
44.5,92.85894701433223,6.163880824799773e-14,40.92510578202691,0
44.516666666666666,92.87151642211035,6.050372505138126e-14,40.853070979321885,0
44.53333333333333,92.88406370569862,5.938957372779529e-14,40.781162969515755,0
44.55,92.89658890403923,5.829596768280625e-14,40.70938152943253,0
44.56666666666667,92.90909205600576,5.722252747412772e-14,40.637726436289014,0
44.583333333333336,92.92157320040337,5.616888067905624e-14,40.56619746769419,0
44.6,92.93403237596898,5.513466176436941e-14,40.49479440164844,0
44.61666666666667,92.94646962137126,5.411951195864257e-14,40.42351701654295,0
44.63333333333333,92.95888497521086,5.3123079126933917e-14,40.352365091158944,0
44.65,92.97127847602046,5.2145017647797604e-14,40.28133840466699,0
44.666666666666664,92.98365016226492,5.1184988292581436e-14,40.21043673662642,0
44.68333333333333,92.9960000723414,5.0242658106965484e-14,40.13965986698456,0
44.7,93.0083282445795,4.9317700294699213e-14,40.069007576076025,0
44.71666666666667,93.02063471724131,4.8409794103499e-14,39.998479644622115,0
44.733333333333334,93.0329195285216,4.751862471306262e-14,39.92807585373009,0
44.75,93.04518271654791,4.6643883125163674e-14,39.8577959848925,0
44.766666666666666,93.05742431938064,4.578526605578661e-14,39.78763981998646,0
44.78333333333333,93.06964437501325,4.4942475829262774e-14,39.71760714127307,0
44.8,93.08184292137227,4.4115220274373416e-14,39.64769773139667,0
44.81666666666667,93.0940199963175,4.330321262238006e-14,39.577911373384175,0
44.833333333333336,93.10617563764211,4.250617140694768e-14,39.50824785064442,0
44.85,93.11830988307274,4.1723820365926596e-14,39.43870694696744,0
44.86666666666667,93.13042277026962,4.095588834495561e-14,39.369288446523896,0
44.88333333333333,93.1425143368267,4.0202109202855096e-14,39.29999213386428,0
44.9,93.1545846202717,3.9462221718775846e-14,39.23081779391835,0
44.916666666666664,93.16663365806643,3.87359695010716e-14,39.16176521199441,0
44.93333333333333,93.17866148760662,3.802310089786084e-14,39.09283417377864,0
44.95,93.19066814622222,3.732336890925065e-14,39.02402446533449,0
44.96666666666667,93.2026536711775,3.663653110118702e-14,38.95533587310194,0
44.983333333333334,93.2146180996711,3.59623495209055e-14,38.88676818389687,0
45.0,93.22656146883621,3.530059061394898e-14,38.8183211849104,0
45.016666666666666,93.23848381574066,3.4651025142726856e-14,38.749994663708236,0
45.03333333333333,93.25038517738705,3.401342810658345e-14,38.68178840823,0
45.05,93.26226559071277,3.338757866335009e-14,38.61370220678859,0
45.06666666666667,93.27412509259028,3.27732600523527e-14,38.54573584806948,0
45.083333333333336,93.28596371982712,3.217025951884719e-14,38.47788912113008,0
45.1,93.29778150916604,3.1578368239856566e-14,38.41016181539916,0
45.11666666666667,93.30957849728507,3.099738125138392e-14,38.342553720676065,0
45.13333333333333,93.32135472079776,3.0427097376975455e-14,38.275064627130135,0
45.15,93.33311021625313,2.9867319157608155e-14,38.20769432530008,0
45.166666666666664,93.34484502013596,2.931785278287855e-14,38.14044260609326,0
45.18333333333333,93.35655916886675,2.877850802346631e-14,38.07330926078511,0
45.2,93.3682526988019,2.8249098164851773e-14,38.00629408101841,0
45.21666666666667,93.3799256462338,2.772943994226194e-14,37.93939685880271,0
45.233333333333334,93.39157804739102,2.721935347682261e-14,37.87261738651363,0
45.25,93.4032099384383,2.6718662212894897e-14,37.80595545689229,0
45.266666666666666,93.41482135547676,2.6227192856573737e-14,37.739410863044576,0
45.28333333333333,93.42641233454398,2.5744775315325912e-14,37.672983398440564,0
45.3,93.43798291161409,2.527124263874845e-14,37.60667285691385,0
45.31666666666667,93.44953312259788,2.4806430960424044e-14,37.54047903266091,0
45.333333333333336,93.46106300334297,2.4350179440855707e-14,37.47440172024047,0
45.35,93.47257258963387,2.390233021145849e-14,37.40844071457287,0
45.36666666666667,93.48406191719208,2.3462728319589568e-14,37.34259581093942,0
45.38333333333333,93.49553102167627,2.3031221674597882e-14,37.276866804981765,0
45.4,93.50697993868232,2.2607660994872883e-14,37.211253492701275,0
45.416666666666664,93.51840870374343,2.219189975587582e-14,37.14575567045836,0
45.43333333333333,93.52981735233031,2.178379413913362e-14,37.080373134971886,0
45.45,93.54120591985118,2.1383202982178074e-14,37.015105683318524,0
45.46666666666667,93.55257444165198,2.0989987729413117e-14,36.94995311293212,0
45.483333333333334,93.56392295301642,2.0604012383892677e-14,36.88491522160307,0
45.5,93.57525148916609,2.0225143459992165e-14,36.819991807477706,0
45.516666666666666,93.58656008526061,1.985324993695656e-14,36.75518266905761,0
45.53333333333333,93.59784877639771,1.9488203213310096e-14,36.690487605199095,0
45.55,93.60911759761329,1.9129877062110414e-14,36.625906415112475,0
45.56666666666667,93.62036658388168,1.8778147587031167e-14,36.5614388983615,0
45.583333333333336,93.63159577011557,1.8432893179259622e-14,36.497084854862734,0
45.6,93.64280519116622,1.809399447519171e-14,36.43284408488491,0
45.61666666666667,93.65399488182354,1.7761334314911447e-14,36.3687163890483,0
45.63333333333333,93.6651648768162,1.7434797701439613e-14,36.30470156832415,0
45.65,93.67631521081181,1.7114271760737036e-14,36.24079942403401,0
45.666666666666664,93.68744591841684,1.6799645702449273e-14,36.17700975784913,0
45.68333333333333,93.69855703417694,1.6490810781377954e-14,36.11333237178986,0
45.7,93.70964859257694,1.618766025966633e-14,36.04976706822503,0
45.71666666666667,93.72072062804094,1.589008936968495e-14,35.986313649871335,0
45.733333333333334,93.73177317493244,1.5597995277604882e-14,35.92297191979271,0
45.75,93.74280626755451,1.5311277047645517e-14,35.859741681399726,0
45.766666666666666,93.7538199401498,1.5029835606984803e-14,35.79662273844901,0
45.78333333333333,93.7648142269007,1.4753573711319075e-14,35.733614895042585,0
45.8,93.77578916192941,1.4482395911060836e-14,35.67071795562728,0
45.81666666666667,93.78674477929813,1.4216208518162455e-14,35.60793172499415,0
45.833333333333336,93.79768111300903,1.3954919573554296e-14,35.54525600827783,0
45.85,93.80859819700449,1.3698438815185851e-14,35.48269061095598,0
45.86666666666667,93.81949606516709,1.3446677646658507e-14,35.420235338848606,0
45.88333333333333,93.83037475131981,1.3199549106439316e-14,35.35788999811753,0
45.9,93.8412342892261,1.2956967837644497e-14,35.29565439526577,0
45.916666666666664,93.85207471258998,1.2718850058382712e-14,35.23352833713691,0
45.93333333333333,93.86289605505614,1.2485113532647258e-14,35.171511630914516,0
45.95,93.87369835021002,1.225567754174726e-14,35.10960408412157,0
45.96666666666667,93.88448163157796,1.2030462856267406e-14,35.04780550461982,0
45.983333333333334,93.89524593262732,1.1809391708547211e-14,34.98611570060922,0
46.0,93.90599128676655,1.159238776566953e-14,34.924534480627315,0
46.016666666666666,93.91671772734523,1.1379376102949076e-14,34.86306165354866,0
46.03333333333333,93.92742528765432,1.1170283177911692e-14,34.801697028584236,0
46.05,93.9381140009261,1.0965036804755195e-14,34.740440415280816,0
46.06666666666667,93.94878390033445,1.0763566129283064e-14,34.679291623520406,0
46.083333333333336,93.9594350189948,1.0565801604301884e-14,34.618250463519665,0
46.1,93.97006738996429,1.0371674965474318e-14,34.5573167458293,0
46.11666666666667,93.9806810462419,1.018111920761872e-14,34.496490281333465,0
46.13333333333333,93.9912760207685,9.99406856144769e-15,34.435770881249205,0
46.15,94.00185234642701,9.810458470736721e-15,34.37515835712585,0
46.166666666666664,94.01241005604243,9.630225569915547e-15,34.31465252084441,0
46.18333333333333,94.02294918238202,9.453307662074229e-15,34.25425318461706,0
46.2,94.03346975815536,9.279643697375937e-15,34.19396016098648,0
46.21666666666667,94.04397181601443,9.109173751869514e-15,34.133773262825294,0
46.233333333333334,94.05445538855375,8.941839006693606e-15,34.07369230333554,0
46.25,94.0649205083105,8.77758172766604e-15,34.01371709604802,0
46.266666666666666,94.07536720776451,8.616345245250435e-15,33.95384745482175,0
46.28333333333333,94.08579551933856,8.45807393489375e-15,33.89408319384341,0
46.3,94.09620547539825,8.30271319772717e-15,33.83442412762672,0
46.31666666666667,94.10659710825226,8.150209441624499e-15,33.77487007101189,0
46.333333333333336,94.11697045015238,8.00051006261057e-15,33.715420839165056,0
46.35,94.12732553329367,7.853563426613772e-15,33.656076247577666,0
46.36666666666667,94.13766238981445,7.709318851555953e-15,33.59683611206596,0
46.38333333333333,94.14798105179658,7.567726589773643e-15,33.53770024877035,0
46.4,94.15828155126533,7.428737810764587e-15,33.47866847415487,0
46.416666666666664,94.16856392018973,7.29230458425309e-15,33.41974060500662,0
46.43333333333333,94.1788281904824,7.158379863568697e-15,33.360916458435184,0
46.45,94.18907439399992,7.02691746933243e-15,33.30219585187205,0
46.46666666666667,94.19930256254267,6.897872073444414e-15,33.24357860307006,0
46.483333333333334,94.20951272785517,6.771199183367826e-15,33.185064530102856,0
46.5,94.219704921626,6.646855126703459e-15,33.12665345136428,0
46.516666666666666,94.22987917548798,6.524797036049368e-15,33.06834518556784,0
46.53333333333333,94.24003552101823,6.404982834140685e-15,33.010139551746136,0
46.55,94.25017398973836,6.287371219264041e-15,32.9520363692503,0
46.56666666666667,94.26029461311438,6.171921650941755e-15,32.89403545774943,0
46.583333333333336,94.27039742255705,6.058594335880632e-15,32.83613663723005,0
46.6,94.28048244942173,5.947350214180689e-15,32.778339727995515,0
46.61666666666667,94.29054972500862,5.838150945798655e-15,32.7206445506655,0
46.63333333333333,94.30059928056288,5.730958897261817e-15,32.6630509261754,0
46.65,94.3106311472746,5.62573712862762e-15,32.6055586757758,0
46.666666666666664,94.32064535627902,5.522449380683984e-15,32.548167621031894,0
46.68333333333333,94.33064193865656,5.421060062386647e-15,32.490877583823,0
46.7,94.3406209254329,5.321534238528338e-15,32.43368838634189,0
46.71666666666667,94.35058234757919,5.223837617636173e-15,32.37659985109437,0
46.733333333333334,94.360526236012,5.127936540092506e-15,32.31961180089861,0
46.75,94.3704526215935,5.033797966475584e-15,32.26272405888469,0
46.766666666666666,94.38036153513154,4.9413894661154806e-15,32.20593644849399,0
46.78333333333333,94.39025300737974,4.8506792058615784e-15,32.14924879347867,0
46.8,94.4001270690376,4.7616359390578324e-15,32.092660917901085,0
46.81666666666667,94.40998375075053,4.674228994721465e-15,32.03617264613332,0
46.833333333333336,94.41982308311009,4.588428266921845e-15,31.97978380285655,0
46.85,94.42964509665393,4.5042042043556325e-15,31.923494213060557,0
46.86666666666667,94.43944982186596,4.421527800114414e-15,31.86730370204318,0
46.88333333333333,94.44923728917645,4.340370581641567e-15,31.81121209540974,0
46.9,94.45900752896209,4.260704600874646e-15,31.755219219072533,0
46.916666666666664,94.46876057154611,4.182502424569835e-15,31.69932489925028,0
46.93333333333333,94.47849644719838,4.105737124805298e-15,31.643528962467567,0
46.95,94.48821518613546,4.030382269659832e-15,31.587831235554365,0
46.96666666666667,94.49791681852075,3.9564119140638726e-15,31.532231545645406,0
46.983333333333334,94.50760137446454,3.883800590819418e-15,31.47672972017971,0
47.0,94.51726888402412,3.812523301785959e-15,31.42132558690005,0
47.016666666666666,94.5269193772039,3.742555509229036e-15,31.36601897385237,0
47.03333333333333,94.53655288395544,3.6738731273288745e-15,31.310809709385296,0
47.05,94.54616943417761,3.606452513845684e-15,31.255697622149594,0
47.06666666666667,94.55576905771663,3.5402704619389138e-15,31.200682541097617,0
47.083333333333336,94.56535178436621,3.4753041921377392e-15,31.14576429548281,0
47.1,94.57491764386764,3.4115313444597527e-15,31.090942714859143,0
47.11666666666667,94.58446666590976,3.3489299706752154e-15,31.036217629080596,0
47.13333333333333,94.59399888012926,3.287478526714264e-15,30.981588868300655,0
47.15,94.60351431611063,3.227155865214252e-15,30.927056262971735,0
47.166666666666664,94.61301300338627,3.167941228204739e-15,30.87261964384471,0
47.18333333333333,94.62249497143662,3.109814239927678e-15,30.818278841968336,0
47.2,94.63196024969021,3.052754899790059e-15,30.764033688688766,0
47.21666666666667,94.64140886752378,2.996743575446711e-15,30.709884015649003,0
47.233333333333334,94.65084085426237,2.9417609960109258e-15,30.655829654788384,0
47.25,94.66025623917939,2.8877882453903203e-15,30.601870438342075,0
47.266666666666666,94.66965505149672,2.8348067557458256e-15,30.548006198840515,0
47.28333333333333,94.67903732038484,2.7827983010714625e-15,30.49423676910893,0
47.3,94.68840307496285,2.7317449908926186e-15,30.440561982266797,0
47.31666666666667,94.69775234429859,2.681629264080635e-15,30.38698167172733,0
47.333333333333336,94.70708515740878,2.6324338827816846e-15,30.333495671196957,0
47.35,94.71640154325901,2.5841419264576638e-15,30.280103814674817,0
47.36666666666667,94.72570153076394,2.5367367860370934e-15,30.226805936452237,0
47.38333333333333,94.73498514878729,2.490202158174063e-15,30.17360187111222,0
47.4,94.74425242614198,2.4445220396130386e-15,30.12049145352891,0
47.416666666666664,94.75350339159026,2.3996807216578202e-15,30.06747451886713,0
47.43333333333333,94.7627380738437,2.355662784742505e-15,30.01455090258182,0
47.45,94.77195650156338,2.3124530931027013e-15,29.96172044041755,0
47.46666666666667,94.78115870335988,2.2700367895450713e-15,29.908982968408004,0
47.483333333333334,94.79034470779347,2.2283992903134486e-15,29.856338322875484,0
47.5,94.79951454337412,2.1875262800496802e-15,29.80378634043037,0
47.516666666666666,94.80866823856161,2.1474037068474825e-15,29.751326857970653,0
47.53333333333333,94.81780582176567,2.1080177773975837e-15,29.698959712681404,0
47.55,94.82692732134596,2.0693549522224404e-15,29.64668474203428,0
47.56666666666667,94.83603276561232,2.0314019409989214e-15,29.594501783787,0
47.583333333333336,94.84512218282461,1.9941456979672777e-15,29.542410675982865,0
47.6,94.8541956011931,1.9575734174248824e-15,29.490411256950253,0
47.61666666666667,94.86325304887832,1.921672529303025e-15,29.4385033653021,0
47.63333333333333,94.87229455399128,1.8864306948254606e-15,29.3866868399354,0
47.65,94.88132014459345,1.851835802246914e-15,29.334961520030742,0
47.666666666666664,94.89032984869695,1.8178759626703504e-15,29.28332724505176,0
47.68333333333333,94.8993236942646,1.7845395059413163e-15,29.23178385474466,0
47.7,94.90830170920997,1.7518149766180628e-15,29.18033118913773,0
47.71666666666667,94.91726392139752,1.7196911300160736e-15,29.128969088540824,0
47.733333333333334,94.92621035864266,1.6881569283254593e-15,29.0776973935449,0
47.75,94.93514104871187,1.657201536800067e-15,29.026515945021465,0
47.766666666666666,94.94405601932267,1.6268143200168496e-15,28.975424584122152,0
47.78333333333333,94.95295529814389,1.5969848382042476e-15,28.924423152278166,0
47.8,94.96183891279559,1.5677028436383189e-15,28.873511491199842,0
47.81666666666667,94.97070689084926,1.5389582771052936e-15,28.822689442876108,0
47.833333333333336,94.97955925982782,1.5107412644294535e-15,28.77195684957404,0
47.85,94.9883960472058,1.4830421130649902e-15,28.72131355383832,0
47.86666666666667,94.9972172804093,1.455851308750749e-15,28.67075939849081,0
47.88333333333333,95.00602298681619,1.4291595122266717e-15,28.620294226630005,0
47.9,95.01481319375617,1.4029575560108184e-15,28.569917881630584,0
47.916666666666664,95.02358792851078,1.3772364412357858e-15,28.519630207142914,0
47.93333333333333,95.03234721831357,1.3519873345435055e-15,28.469431047092563,0
47.95,95.04109109035016,1.3272015650373006e-15,28.4193202456798,0
47.96666666666667,95.0498195717583,1.3028706212901314e-15,28.369297647379142,0
47.983333333333334,95.05853268962801,1.278986148408043e-15,28.31936309693885,0
48.0,95.06723047100157,1.2555399451477338e-15,28.269516439380457,0
48.016666666666666,95.07591294287371,1.2325239610872914e-15,28.21975751999828,0
48.03333333333333,95.08458013219162,1.2099302938490966e-15,28.170086184358944,0
48.05,95.09323206585508,1.1877511863739166e-15,28.120502278300908,0
48.06666666666667,95.10186877071648,1.16597902424528e-15,28.07100564793396,0
48.083333333333336,95.110490273581,1.1446063330631845e-15,28.021596139638785,0
48.1,95.1190966012066,1.1236257758662005e-15,27.972273600066448,0
48.11666666666667,95.12768778030419,1.1030301506011255e-15,27.92303787613793,0
48.13333333333333,95.13626383753758,1.082812387639274e-15,27.87388881504367,0
48.15,95.1448247995237,1.0629655473385764e-15,27.824826264243068,0
48.166666666666664,95.15337069283265,1.0434828176505898e-15,27.77585007146402,0
48.18333333333333,95.16190154398772,1.0243575117716428e-15,27.726960084702444,0
48.2,95.17041737946553,1.0055830658372795e-15,27.678156152221813,0
48.21666666666667,95.17891822569612,9.871530366591884e-16,27.62943812255268,0
48.233333333333334,95.187404109063,9.690610995038617e-16,27.580805844492208,0
48.25,95.19587505590317,9.513010459121994e-16,27.532259167103703,0
48.266666666666666,95.20433109250739,9.338667815592728e-16,27.48379793971614,0
48.28333333333333,95.21277224512005,9.16752324153576e-16,27.435422011923706,0
48.3,95.22119853993941,8.999518013749763e-16,27.38713123358532,0
48.31666666666667,95.22961000311757,8.83459448850665e-16,27.338925454824178,0
48.333333333333336,95.23800666076063,8.672696081684108e-16,27.290804526027287,0
48.35,95.2463885389287,8.513767249264494e-16,27.242768297844982,0
48.36666666666667,95.25475566363606,8.357753468192777e-16,27.19481662119049,0
48.38333333333333,95.26310806085118,8.204601217587478e-16,27.146949347239456,0
48.4,95.27144575649686,8.054257960297799e-16,27.099166327429472,0
48.416666666666664,95.2797687764502,7.906672124800524e-16,27.05146741345963,0
48.43333333333333,95.28807714654282,7.761793087430605e-16,27.003852457290055,0
48.45,95.2963708925608,7.619571154939095e-16,26.956321311141448,0
48.46666666666667,95.30465004024492,7.479957547372493e-16,26.908873827494613,0
48.483333333333334,95.3129146152906,7.342904381267541e-16,26.86150985909003,0
48.5,95.32116464334801,7.208364653155697e-16,26.814229258927366,0
48.516666666666666,95.32940015002224,7.076292223371426e-16,26.76703188026503,0
48.53333333333333,95.33762116087324,6.946641800158889e-16,26.719917576619743,0
48.55,95.34582770141604,6.8193689240714e-16,26.67288620176603,0
48.56666666666667,95.35401979712069,6.694429952658283e-16,26.625937609735814,0
48.583333333333336,95.36219747341246,6.571782045433925e-16,26.57907165481794,0
48.6,95.37036075567181,6.451383149123507e-16,26.53228819155774,0
48.61666666666667,95.37850966923463,6.333191983180783e-16,26.485587074756545,0
48.63333333333333,95.38664423939208,6.217168025572477e-16,26.438968159471283,0
48.65,95.3947644913909,6.103271498824602e-16,26.392431301014,0
48.666666666666664,95.4028704504334,5.991463356325716e-16,26.3459763549514,0
48.68333333333333,95.41096214167743,5.8817052688826e-16,26.299603177104434,0
48.7,95.41903959023668,5.773959611523413e-16,26.253311623547827,0
48.71666666666667,95.42710282118054,5.668189450544065e-16,26.207101550609618,0
48.733333333333334,95.43515185953433,5.56435853079301e-16,26.160972814870757,0
48.75,95.4431867302793,5.462431263190418e-16,26.114925273164612,0
48.766666666666666,95.4512074583527,5.362372712476956e-16,26.068958782576573,0
48.78333333333333,95.45921406864797,5.264148585188352e-16,26.023073200443555,0
48.8,95.46720658601465,5.167725217851535e-16,25.9772683843536,0
48.81666666666667,95.47518503525858,5.073069565397755e-16,25.931544192145417,0
48.833333333333336,95.48314944114195,4.980149189789546e-16,25.885900481907935,0
48.85,95.4910998283833,4.888932248856803e-16,25.84033711197988,0
48.86666666666667,95.49903622165775,4.799387485338476e-16,25.794853940949313,0
48.88333333333333,95.50695864559691,4.711484216126232e-16,25.749450827653217,0
48.9,95.5148671247891,4.625192321705863e-16,25.704127631177027,0
48.916666666666664,95.52276168377931,4.540482235793436e-16,25.658884210854225,0
48.93333333333333,95.53064234706935,4.457324935162e-16,25.613720426265875,0
48.95,95.5385091391179,4.3756919296557774e-16,25.568636137240222,0
48.96666666666667,95.54636208434061,4.295555252388072e-16,25.52363120385221,0
48.983333333333334,95.5542012071101,4.2168874501197154e-16,25.478705486423095,0
49.0,95.56202653175612,4.1396615738147035e-16,25.433858845519993,0
49.016666666666666,95.56983808256561,4.06385116936951e-16,25.38909114195541,0
49.03333333333333,95.57763588378275,3.9894302685132966e-16,25.344402236786884,0
49.05,95.58541995960907,3.9163733798755107e-16,25.299791991316493,0
49.06666666666667,95.59319033420343,3.844655480217882e-16,25.255260267090456,0
49.083333333333336,95.60094703168224,3.774252005827952e-16,25.21080692589868,0
49.1,95.60869007611942,3.7051388440708176e-16,25.166431829774353,0
49.11666666666667,95.61641949154655,3.6372923250967177e-16,25.122134840993507,0
49.13333333333333,95.62413530195289,3.5706892137008376e-16,25.077915822074594,0
49.15,95.63183753128546,3.505306701333308e-16,25.03377463577805,0
49.166666666666664,95.63952620344915,3.441122398255983e-16,24.989711145105872,0
49.18333333333333,95.64720134230677,3.3781143258438056e-16,24.945725213301206,0
49.2,95.65486297167915,3.3162609090277e-16,24.901816703847896,0
49.21666666666667,95.66251111534513,3.2555409688765795e-16,24.8579854804701,0
49.233333333333334,95.67014579704176,3.195933715315985e-16,24.814231407131818,0
49.25,95.67776704046426,3.1374187399805603e-16,24.770554348036512,0
49.266666666666666,95.68537486926617,3.0799760091981385e-16,24.726954167626666,0
49.28333333333333,95.69296930705943,3.023585857103e-16,24.68343073058336,0
49.3,95.70055037741432,2.968228978875728e-16,24.639983901825865,0
49.31666666666667,95.70811810385975,2.9138864241075615e-16,24.596613546511207,0
49.333333333333336,95.7156725098831,2.860539590286835e-16,24.55331953003377,0
49.35,95.72321361893053,2.8081702164051907e-16,24.510101718024853,0
49.36666666666667,95.73074145440684,2.756760376681569e-16,24.466959976352275,0
49.38333333333333,95.73825603967563,2.706292474401595e-16,24.42389417111994,0
49.4,95.74575739805944,2.656749235870288e-16,24.380904168667442,0
49.416666666666664,95.75324555283972,2.6081137044761224e-16,24.337989835569633,0
49.43333333333333,95.76072052725695,2.560369234864199e-16,24.295151038636206,0
49.45,95.76818234451069,2.513499487216732e-16,24.252387644911312,0
49.46666666666667,95.77563102775969,2.467488421638624e-16,24.209699521673105,0
49.483333333333334,95.7830666001219,2.4223202926464597e-16,24.16708653643336,0
49.5,95.7904890846746,2.3779796437588033e-16,24.124548556937057,0
49.516666666666666,95.7978985044545,2.33445130218604e-16,24.08208545116196,0
49.53333333333333,95.80529488245764,2.29172037361788e-16,24.039697087318203,0
49.55,95.81267824163972,2.24977223710679e-16,23.997383333847917,0
49.56666666666667,95.82004860491594,2.208592540045487e-16,23.955144059424775,0
49.583333333333336,95.82740599516119,2.1681671932368742e-16,23.912979132953613,0
49.6,95.8347504352101,2.1284823660546133e-16,23.87088842357002,0
49.61666666666667,95.84208194785714,2.0895244816927285e-16,23.828871800639917,0
49.63333333333333,95.84940055585659,2.05128021250261e-16,23.786929133759173,0
49.65,95.85670628192273,2.0137364754157289e-16,23.74506029275318,0
49.666666666666664,95.86399914872985,1.9768804274505695e-16,23.703265147676465,0
49.68333333333333,95.8712791789123,1.9406994613022153e-16,23.66154356881228,0
49.7,95.87854639506466,1.9051812010129988e-16,23.619895426672198,0
49.71666666666667,95.88580081974166,1.8703134977228155e-16,23.578320591995702,0
49.733333333333334,95.89304247545839,1.8360844254975708e-16,23.53681893574981,0
49.75,95.90027138469026,1.8024822772343346e-16,23.495390329128664,0
49.766666666666666,95.90748756987315,1.7694955606418285e-16,23.454034643553097,0
49.78333333333333,95.91469105340346,1.7371129942947975e-16,23.412751750670285,0
49.8,95.92188185763814,1.705323503760934e-16,23.37154152235333,0
49.81666666666667,95.92906000489481,1.6741162177990506e-16,23.330403830700835,0
49.833333333333336,95.93622551745177,1.6434804646271465e-16,23.289338548036547,0
49.85,95.94337841754816,1.6134057682590837e-16,23.248345546908947,0
49.86666666666667,95.95051872738392,1.583881844908618e-16,23.20742470009083,0
49.88333333333333,95.95764646912001,1.5548985994595656e-16,23.166575880578954,0
49.9,95.96476166487822,1.5264461220008784e-16,23.12579896159362,0
49.916666666666664,95.97186433674159,1.498514684425368e-16,23.085093816578272,0
49.93333333333333,95.97895450675416,1.471094737091043e-16,23.044460319199118,0
49.95,95.9860321969212,1.4441769055437588e-16,23.003898343344737,0
49.96666666666667,95.99309742920927,1.417751987300153e-16,22.96340776312568,0
49.983333333333334,96.00015022554624,1.391810948689726e-16,22.922988452874087,0
50.0,96.00719060782141,1.3663449217549543e-16,22.882640287143296,0
50.016666666666666,96.01421859788552,1.341345201208395e-16,22.84236314070744,0
50.03333333333333,96.0212342175509,1.3168032414457653e-16,22.802156888561083,0
50.05,96.02823748859139,1.2927106536138594e-16,22.762021405918816,0
50.06666666666667,96.0352284327426,1.2690592027324048e-16,22.721956568214864,0
50.083333333333336,96.04220707170188,1.2458408048688618e-16,22.68196225110272,0
50.1,96.04917342712831,1.22304752436504e-16,22.642038330454742,0
50.11666666666667,96.05612752064292,1.2006715711148084e-16,22.60218468236177,0
50.13333333333333,96.06306937382864,1.178705297891786e-16,22.562401183132742,0
50.15,96.06999900823044,1.1571411977261408e-16,22.522687709294317,0
50.166666666666664,96.07691644535535,1.1359719013296327e-16,22.48304413759049,0
50.18333333333333,96.08382170667254,1.1151901745679681e-16,22.443470344982202,0
50.2,96.0907148136134,1.0947889159795899e-16,22.40396620864696,0
50.21666666666667,96.09759578757163,1.0747611543401057e-16,22.364531605978463,0
50.233333333333334,96.10446464990322,1.0551000462714346e-16,22.32516641458622,0
50.25,96.11132142192656,1.0357988738949354e-16,22.28587051229516,0
50.266666666666666,96.11816612492261,1.0168510425276211e-16,22.24664377714526,0
50.28333333333333,96.12499878013476,9.982500784207404e-17,22.207486087391167,0
50.3,96.13181940876906,9.799896265398905e-17,22.168397321501832,0
50.31666666666667,96.13862803199427,9.620634483859521e-17,22.129377358160102,0
50.333333333333336,96.14542467094182,9.444654198560306e-17,22.09042607626237,0
50.35,96.15220934670599,9.271895291437227e-17,22.051543354918195,0
50.36666666666667,96.1589820803439,9.102298746779771e-17,22.012729073449915,0
50.38333333333333,96.16574289287561,8.935806630997925e-17,21.97398311139228,0
50.4,96.17249180528425,8.772362072761111e-17,21.935305348492086,0
50.416666666666664,96.1792288385159,8.611909243502122e-17,21.896695664707792,0
50.43333333333333,96.18595401347987,8.454393338279119e-17,21.858153940209146,0
50.45,96.19266735104863,8.299760556989186e-17,21.81968005537681,0
50.46666666666667,96.19936887205787,8.147958085927249e-17,21.781273890802016,0
50.483333333333334,96.2060585973067,7.998934079683593e-17,21.742935327286155,0
50.5,96.2127365475575,7.852637643374073e-17,21.704664245840434,0
50.516666666666666,96.21940274353622,7.709018815196602e-17,21.666460527685498,0
50.53333333333333,96.22605720593228,7.568028549308272e-17,21.628324054251067,0
50.55,96.23269995539866,7.429618699017016e-17,21.590254707175564,0
50.56666666666667,96.23933101255201,7.293742000281798e-17,21.552252368305737,0
50.583333333333336,96.2459503979727,7.160352055516237e-17,21.514316919696316,0
50.6,96.25255813220487,7.029403317689447e-17,21.476448243609628,0
50.61666666666667,96.25915423575651,6.900851074719152e-17,21.438646222515235,0
50.63333333333333,96.26573872909947,6.774651434151241e-17,21.400910739089575,0
50.65,96.27231163266958,6.650761308120907e-17,21.363241676215598,0
50.666666666666664,96.27887296686677,6.529138398589979e-17,21.325638916982392,0
50.68333333333333,96.28542275205497,6.409741182855294e-17,21.288102344684827,0
50.7,96.29196100856231,6.292528899323413e-17,21.250631842823196,0
50.71666666666667,96.29848775668113,6.177461533546384e-17,21.213227295102854,0
50.733333333333334,96.30500301666802,6.064499804514117e-17,21.175888585433846,0
50.75,96.31150680874403,5.953605151198581e-17,21.13861559793056,0
50.766666666666666,96.31799915309446,5.844739719344807e-17,21.101408216911356,0
50.78333333333333,96.32448006986922,5.737866348504841e-17,21.064266326898213,0
50.8,96.33094957918264,5.632948559309537e-17,21.027189812616378,0
50.81666666666667,96.33740770111372,5.529950540974267e-17,20.99017855899399,0
50.833333333333336,96.3438544557061,5.428837139033941e-17,20.95323245116174,0
50.85,96.3502898629681,5.329573843303281e-17,20.916351374452503,0
50.86666666666667,96.35671394287289,5.2321267760582825e-17,20.879535214400992,0
50.88333333333333,96.36312671535845,5.1364626804345596e-17,20.842783856743385,0
50.9,96.36952820032765,5.0425489090387483e-17,20.806097187417002,0
50.916666666666664,96.37591841764835,4.95035341276911e-17,20.76947509255992,0
50.93333333333333,96.38229738715343,4.8598447298413103e-17,20.732917458510624,0
50.95,96.38866512864088,4.770991975015695e-17,20.696424171807685,0
50.96666666666667,96.39502166187378,4.683764829022397e-17,20.65999511918936,0
50.983333333333334,96.40136700658054,4.598133528180607e-17,20.62363018759328,0
51.0,96.40770118245472,4.514068854208401e-17,20.587329264156075,0
51.016666666666666,96.41402420915529,4.431542124219715e-17,20.55109223621304,0
51.03333333333333,96.4203361063066,4.3505251809047723e-17,20.514918991297776,0
51.05,96.42663689349845,4.2709903828911285e-17,20.47880941714184,0
51.06666666666667,96.43292659028619,4.1929105952812904e-17,20.442763401674398,0
51.083333333333336,96.43920521619067,4.1162591803643336e-17,20.406780833021887,0
51.1,96.44547279069849,4.041009988497874e-17,20.370861599507652,0
51.11666666666667,96.45172933326185,3.9671373491574885e-17,20.335005589651615,0
51.13333333333333,96.4579748632988,3.894616062150418e-17,20.299212692169913,0
51.15,96.46420940019314,3.82342138899054e-17,20.263482795974568,0
51.166666666666664,96.47043296329457,3.753529044431676e-17,20.227815790173118,0
51.18333333333333,96.47664557191877,3.6849151881563664e-17,20.192211564068316,0
51.2,96.48284724534734,3.617556416617065e-17,20.156670007157736,0
51.21666666666667,96.48903800282805,3.5514297550272305e-17,20.12119100913347,0
51.233333333333334,96.49521786357471,3.4865126494993397e-17,20.085774459881762,0
51.25,96.50138684676733,3.422782959327241e-17,20.050420249482677,0
51.266666666666666,96.50754497155218,3.3602189494100506e-17,20.015128268209754,0
51.28333333333333,96.51369225704178,3.2987992828153366e-17,19.97989840652967,0
51.3,96.51982872231507,3.238503013478478e-17,19.944730555101902,0
51.31666666666667,96.52595438641737,3.179309579036247e-17,19.909624604778372,0
51.333333333333336,96.53206926836049,3.1211987937918215e-17,19.87458044660314,0
51.35,96.53817338712275,3.064150841808908e-17,19.839597971812026,0
51.36666666666667,96.54426676164914,3.00814627013266e-17,19.80467707183231,0
51.38333333333333,96.55034941085123,2.9531659821348383e-17,19.76981763828236,0
51.4,96.55642135360729,2.8991912309813184e-17,19.735019562971328,0
51.416666666666664,96.56248260876242,2.846203613219276e-17,19.700282737898785,0
51.43333333333333,96.56853319512855,2.7941850624822066e-17,19.66560705525442,0
51.45,96.57457313148443,2.7431178433102852e-17,19.630992407417672,0
51.46666666666667,96.58060243657584,2.6929845450843317e-17,19.596438686957406,0
51.483333333333334,96.58662112911551,2.643768076070848e-17,19.56194578663159,0
51.5,96.59262922778322,2.5954516575765826e-17,19.52751359938696,0
51.516666666666666,96.59862675122595,2.5480188182100615e-17,19.493142018358675,0
51.53333333333333,96.60461371805776,2.5014533882486606e-17,19.458830936869987,0
51.55,96.61059014686,2.4557394941088835e-17,19.424580248431937,0
51.56666666666667,96.61655605618132,2.4108615529181418e-17,19.390389846742988,0
51.583333333333336,96.62251146453771,2.3668042671861402e-17,19.356259625688715,0
51.6,96.62845639041257,2.323552619573978e-17,19.322189479341464,0
51.61666666666667,96.63439085225673,2.2810918677592777e-17,19.288179301960053,0
51.63333333333333,96.64031486848859,2.2394075393954753e-17,19.254228987989396,0
51.65,96.64622845749413,2.1984854271635743e-17,19.220338432060213,0
51.666666666666664,96.65213163762695,2.158311583914767e-17,19.18650752898869,0
51.68333333333333,96.65802442720835,2.1188723179020274e-17,19.152736173776155,0
51.7,96.66390684452736,2.0801541880992785e-17,19.11902426160875,0
51.71666666666667,96.66977890784086,2.042143999606409e-17,19.085371687857105,0
51.733333333333334,96.67564063537358,2.004828799138544e-17,19.051778348076006,0
51.75,96.68149204531814,1.96819587059811e-17,19.018244138004096,0
51.766666666666666,96.68733315583518,1.9322327307280586e-17,18.98476895356353,0
51.78333333333333,96.69316398505335,1.896927124844905e-17,18.951352690859647,0
51.8,96.6989845510694,1.8622670226499485e-17,18.91799524618067,0
51.81666666666667,96.70479487194824,1.8282406141173812e-17,18.884696515997362,0
51.833333333333336,96.71059496572295,1.794836305457805e-17,18.851456396962718,0
51.85,96.71638485039489,1.762042715155766e-17,18.818274785911644,0
51.86666666666667,96.72216454393373,1.7298486700799677e-17,18.785151579860624,0
51.88333333333333,96.72793406427752,1.6982432016648743e-17,18.752086676007423,0
51.9,96.7336934293327,1.6672155421622505e-17,18.71907997173074,0
51.916666666666664,96.73944265697428,1.636755120961579e-17,18.686131364589915,0
51.93333333333333,96.74518176504569,1.6068515609777996e-17,18.653240752324592,0
51.95,96.75091077135903,1.5774946751054546e-17,18.620408032854417,0
51.96666666666667,96.75662969369502,1.5486744627377484e-17,18.587633104278712,0
51.983333333333334,96.7623385498031,1.5203811063495123e-17,18.554915864876154,0
52.0,96.76803735740145,1.492604968142774e-17,18.52225621310448,0
52.016666666666666,96.77372613417711,1.4653365867539066e-17,18.48965404760014,0
52.03333333333333,96.77940489778588,1.4385666740211015e-17,18.457109267178016,0
52.05,96.78507366585261,1.4122861118111616e-17,18.424621770831084,0
52.06666666666667,96.79073245597102,1.3864859489044492e-17,18.39219145773011,0
52.083333333333336,96.79638128570397,1.3611573979369746e-17,18.359818227223332,0
52.1,96.80202017258333,1.3362918323985604e-17,18.327501978836164,0
52.11666666666667,96.80764913411011,1.311880783686021e-17,18.295242612270854,0
52.13333333333333,96.81326818775453,1.2879159382104011e-17,18.263040027406202,0
52.15,96.8188773509561,1.2643891345572376e-17,18.23089412429724,0
52.166666666666664,96.82447664112358,1.2412923606989184e-17,18.198804803174912,0
52.18333333333333,96.83006607563509,1.2186177512580888e-17,18.166771964445765,0
52.2,96.8356456718382,1.1963575848213116e-17,18.134795508691667,0
52.21666666666667,96.8412154470499,1.1745042813019202e-17,18.10287533666946,0
52.233333333333334,96.84677541855676,1.1530503993512388e-17,18.071011349310677,0
52.25,96.85232560361484,1.1319886338172774e-17,18.039203447721224,0
52.266666666666666,96.85786601944993,1.1113118132500101e-17,18.007451533181086,0
52.28333333333333,96.86339668325739,1.0910128974523555e-17,17.975755507144004,0
52.3,96.86891761220237,1.0710849750761072e-17,17.94411527123717,0
52.31666666666667,96.87442882341985,1.051521261261921e-17,17.91253072726094,0
52.333333333333336,96.87993033401455,1.0323150953225268e-17,17.881001777188512,0
52.35,96.88542216106113,1.0134599384684627e-17,17.849528323165625,0
52.36666666666667,96.89090432160424,9.94949371575469e-18,17.818110267510264,0
52.38333333333333,96.89637683265846,9.76777092992819e-18,17.78674751271234,0
52.4,96.90183971120848,9.589369163918217e-18,17.755439961433407,0
52.416666666666664,96.90729297420904,9.414227686537561e-18,17.724187516506344,0
52.43333333333333,96.91273663858506,9.24228687796544e-18,17.69299008093506,0
52.45,96.9181707212317,9.073488209393784e-18,17.661847557894205,0
52.46666666666667,96.9235952390143,8.90777422304715e-18,17.63075985072884,0
52.483333333333334,96.92901020876862,8.745088512568482e-18,17.599726862954164,0
52.5,96.93441564730071,8.585375703764409e-18,17.5687484982552,0
52.516666666666666,96.93981157138705,8.428581435703712e-18,17.53782466048651,0
52.53333333333333,96.94519799777464,8.274652342161916e-18,17.506955253671872,0
52.55,96.95057494318092,8.123536033405952e-18,17.476140182004013,0
52.56666666666667,96.955942424294,7.975181078313051e-18,17.445379349844288,0
52.583333333333336,96.9613004577725,7.829536986816868e-18,17.4146726617224,0
52.6,96.96664906024586,7.686554192675573e-18,17.384020022336074,0
52.61666666666667,96.9719882483141,7.546184036555772e-18,17.353421336550813,0
52.63333333333333,96.97731803854816,7.408378749426318e-18,17.322876509399546,0
52.65,96.98263844748972,7.273091436256423e-18,17.292385446082374,0
52.666666666666664,96.98794949165136,7.140276060012661e-18,17.261948051966254,0
52.68333333333333,96.99325118751662,7.00988742594911e-18,17.231564232584716,0
52.7,96.99854355154,6.881881166185378e-18,17.20123389363757,0
52.71666666666667,97.00382660014706,6.756213724567359e-18,17.170956940990603,0
52.733333333333334,97.00910034973445,6.6328423418051936e-18,17.140733280675292,0
52.75,97.01436481666994,6.511725040883773e-18,17.110562818888514,0
52.766666666666666,97.01962001729248,6.392820612740416e-18,17.08044546199227,0
52.78333333333333,97.02486596791232,6.2760886022050934e-18,17.050381116513357,0
52.8,97.03010268481091,6.161489294198213e-18,17.020369689143113,0
52.81666666666667,97.03533018424113,6.0489837001812966e-18,16.990411086737115,0
52.833333333333336,97.0405484824272,5.9385335448559625e-18,16.96050521631488,0
52.85,97.04575759556481,5.830101253106532e-18,16.93065198505959,0
52.86666666666667,97.05095753982111,5.7236499371819965e-18,16.90085130031781,0
52.88333333333333,97.05614833133481,5.6191433841126575e-18,16.871103069599172,0
52.9,97.06132998621624,5.5165460433574776e-18,16.841407200576118,0
52.916666666666664,97.06650252054735,5.4158230146776666e-18,16.811763601083598,0
52.93333333333333,97.07166595038176,5.316940036232409e-18,16.782172179118785,0
52.95,97.07682029174485,5.21986347289276e-18,16.752632842840796,0
52.96666666666667,97.08196556063385,5.124560304769508e-18,16.723145500570403,0
52.983333333333334,97.08710177301774,5.0309981159513594e-18,16.693710060789744,0
53.0,97.09222894483744,4.939145083449342e-18,16.66432643214205,0
53.016666666666666,97.0973470920058,4.848969966343711e-18,16.63499452343135,0
53.03333333333333,97.10245623040767,4.760442095129727e-18,16.605714243622188,0
53.05,97.10755637589995,4.673531361258629e-18,16.576485501839354,0
53.06666666666667,97.1126475443116,4.5882082068701095e-18,16.547308207367593,0
53.083333333333336,97.11772975144373,4.504443614712967e-18,16.51818226965131,0
53.1,97.12280301306966,4.422209098250266e-18,16.48910759829432,0
53.11666666666667,97.12786734493488,4.341476691945901e-18,16.460084103059536,0
53.13333333333333,97.13292276275727,4.2622189417289676e-18,16.43111169386872,0
53.15,97.13796928222696,4.1844088956328526e-18,16.402190280802163,0
53.166666666666664,97.14300691900648,4.1080200946057236e-18,16.373319774098444,0
53.18333333333333,97.14803568873083,4.0330265634894025e-18,16.344500084154145,0
53.2,97.15305560700745,3.9594028021634124e-18,16.31573112152354,0
53.21666666666667,97.15806668941629,3.887123776851302e-18,16.28701279691836,0
53.233333333333334,97.16306895150993,3.8161649115861275e-18,16.2583450212075,0
53.25,97.16806240881355,3.746502079832222e-18,16.229727705416725,0
53.266666666666666,97.173047076825,3.67811159626055e-18,16.201160760728424,0
53.28333333333333,97.17802297101487,3.6109702086745275e-18,16.172644098481307,0
53.3,97.18299010682648,3.54505509008379e-18,16.144177630170148,0
53.31666666666667,97.18794849967603,3.48034383092317e-18,16.115761267445514,0
53.333333333333336,97.19289816495248,3.4168144314140224e-18,16.08739492211346,0
53.35,97.19783911801784,3.354445294065636e-18,16.059078506135297,0
53.36666666666667,97.20277137420697,3.2932152163138373e-18,16.030811931627287,0
53.38333333333333,97.20769494882781,3.2331033832943684e-18,16.002595110860383,0
53.4,97.2126098571613,3.1740893607487508e-18,15.974427956259959,0
53.416666666666664,97.21751611446149,3.1161530880599264e-18,15.946310380405532,0
53.43333333333333,97.22241373595561,3.05927487141549e-18,15.91824229603049,0
53.45,97.2273027368441,3.0034353770960678e-18,15.890223616021833,0
53.46666666666667,97.2321831323006,2.9486156248866853e-18,15.862254253419884,0
53.483333333333334,97.23705493747207,2.894796981608658e-18,15.83433412141804,0
53.5,97.24191816747877,2.8419611547700327e-18,15.806463133362481,0
53.516666666666666,97.24677283741443,2.7900901863322162e-18,15.778641202751915,0
53.53333333333333,97.25161896234611,2.7391664465907292e-18,15.75086824323731,0
53.55,97.25645655731442,2.6891726281681124e-18,15.723144168621618,0
53.56666666666667,97.26128563733347,2.6400917401166804e-18,15.695468892859516,0
53.583333333333336,97.26610621739094,2.5919071021293037e-18,15.667842330057132,0
53.6,97.27091831244815,2.544602338856274e-18,15.64026439447178,0
53.61666666666667,97.27572193744008,2.4981613743260587e-18,15.612735000511694,0
53.63333333333333,97.2805171072754,2.452568426468344e-18,15.58525406273577,0
53.65,97.28530383683653,2.4078080017372492e-18,15.557821495853286,0
53.666666666666664,97.29008214097976,2.3638648898330508e-18,15.530437214723653,0
53.68333333333333,97.2948520345352,2.320724158520517e-18,15.503101134356136,0
53.7,97.29961353230678,2.278371148542078e-18,15.475813169909603,0
53.71666666666667,97.30436664907248,2.2367914686241663e-18,15.448573236692255,0
53.733333333333334,97.30911139958421,2.1959709905749422e-18,15.421381250161359,0
53.75,97.31384779856796,2.155895844471782e-18,15.394237125922997,0
53.766666666666666,97.31857586072371,2.1165524139368187e-18,15.3671407797318,0
53.78333333333333,97.32329560072569,2.0779273314990707e-18,15.340092127490674,0
53.8,97.32800703322218,2.0400074740413684e-18,15.31309108525056,0
53.81666666666667,97.33271017283577,2.0027799583306517e-18,15.28613756921016,0
53.833333333333336,97.33740503416327,1.9662321366301493e-18,15.259231495715674,0
53.85,97.34209163177579,1.9303515923917743e-18,15.232372781260555,0
53.86666666666667,97.34676998021881,1.8951261360274506e-18,15.205561342485234,0
53.88333333333333,97.3514400940122,1.860543800757806e-18,15.178797096176876,0
53.9,97.35610198765029,1.8265928385368693e-18,15.152079959269104,0
53.916666666666664,97.36075567560187,1.7932617160513325e-18,15.12540984884176,0
53.93333333333333,97.36540117231027,1.7605391107930723e-18,15.098786682120634,0
53.95,97.37003849219339,1.7284139072035377e-18,15.072210376477214,0
53.96666666666667,97.3746676496438,1.696875192888728e-18,15.045680849428429,0
53.983333333333334,97.37928865902869,1.6659122549034054e-18,15.019198018636384,0
54.0,97.38390153468994,1.6355145761033701e-18,14.992761801908124,0
54.016666666666666,97.38850629094426,1.6056718315644566e-18,14.966372117195355,0
54.03333333333333,97.3931029420831,1.5763738850670852e-18,14.940028882594213,0
54.05,97.39769150237277,1.5476107856451404e-18,14.913732016344985,0
54.06666666666667,97.40227198605449,1.5193727641980387e-18,14.887481436831878,0
54.083333333333336,97.40684440734438,1.4916502301647544e-18,14.861277062582754,0
54.1,97.41140878043355,1.4644337682587673e-18,14.83511881226888,0
54.11666666666667,97.41596511948815,1.4377141352627194e-18,14.809006604704665,0
54.13333333333333,97.42051343864937,1.4114822568817303e-18,14.782940358847432,0
54.15,97.42505375203352,1.3857292246543363e-18,14.756919993797148,0
54.166666666666664,97.42958607373205,1.360446292919938e-18,14.730945428796169,0
54.18333333333333,97.43411041781165,1.335624875841713e-18,14.705016583229009,0
54.2,97.43862679831419,1.311256544484062e-18,14.679133376622067,0
54.21666666666667,97.44313522925687,1.287333023943483e-18,14.6532957286434,0
54.233333333333334,97.44763572463219,1.2638461905319927e-18,14.627503559102454,0
54.25,97.45212829840804,1.240788069012041e-18,14.601756787949824,0
54.266666666666666,97.45661296452772,1.2181508298820694e-18,14.57605533527701,0
54.28333333333333,97.46108973690998,1.195926786711695e-18,14.550399121316161,0
54.3,97.46555862944905,1.1741083935256998e-18,14.524788066439827,0
54.31666666666667,97.47001965601474,1.1526882422358234e-18,14.499222091160723,0
54.333333333333336,97.47447283045247,1.1316590601196187e-18,14.473701116131462,0
54.35,97.47891816658321,1.1110137073453839e-18,14.448225062144337,0
54.36666666666667,97.48335567820367,1.090745174542405e-18,14.422793850131045,0
54.38333333333333,97.48778537908623,1.0708465804156504e-18,14.397407401162464,0
54.4,97.49220728297908,1.0513111694040988e-18,14.372065636448403,0
54.416666666666664,97.49662140360618,1.0321323093819192e-18,14.346768477337342,0
54.43333333333333,97.50102775466732,1.0133034894017044e-18,14.321515845316217,0
54.45,97.50542634983819,9.948183174790095e-19,14.296307662010141,0
54.46666666666667,97.50981720277042,9.76670518417384e-19,14.271143849182199,0
54.483333333333334,97.51420032709163,9.588539316732386e-19,14.246024328733169,0
54.5,97.51857573640537,9.413625092597536e-19,14.220949022701305,0
54.516666666666666,97.52294344429134,9.241903136891197e-19,14.195917853262085,0
54.53333333333333,97.52730346430528,9.073315159524556e-19,14.17093074272797,0
54.55,97.5316558099791,8.907803935366498e-19,14.145987613548165,0
54.56666666666667,97.53600049482085,8.745313284775132e-19,14.121088388308372,0
54.583333333333336,97.54033753231488,8.585788054485135e-19,14.096232989730563,0
54.6,97.54466693592173,8.429174098844983e-19,14.071421340672725,0
54.61666666666667,97.54898871907827,8.275418261397185e-19,14.04665336412863,0
54.63333333333333,97.55330289519773,8.124468356795724e-19,14.021928983227594,0
54.65,97.55760947766974,7.976273153054069e-19,13.997248121234234,0
54.666666666666664,97.56190847986035,7.830782354117938e-19,13.972610701548241,0
54.68333333333333,97.56619991511205,7.687946582756894e-19,13.948016647704128,0
54.7,97.57048379674389,7.5477173637689635e-19,13.923465883371001,0
54.71666666666667,97.57476013805147,7.410047107492192e-19,13.898958332352324,0
54.733333333333334,97.57902895230697,7.2748890936181e-19,13.874493918585676,0
54.75,97.58329025275923,7.142197455300962e-19,13.85007256614252,0
54.766666666666666,97.58754405263376,7.011927163557971e-19,13.825694199227964,0
54.78333333333333,97.59179036513278,6.88403401195448e-19,13.801358742180529,0
54.8,97.59602920343526,6.758474601569573e-19,13.777066119471911,0
54.81666666666667,97.60026058069705,6.635206326236472e-19,13.752816255706747,0
54.833333333333336,97.60448451005072,6.514187358052974e-19,13.728609075622385,0
54.85,97.60870100460586,6.395376633156811e-19,13.704444504088647,0
54.86666666666667,97.61291007744886,6.278733837761281e-19,13.680322466107596,0
54.88333333333333,97.61711174164319,6.164219394446156e-19,13.656242886813295,0
54.9,97.62130601022919,6.05179444869941e-19,13.6322056914716,0
54.916666666666664,97.62549289622442,5.941420855705007e-19,13.608210805479898,0
54.93333333333333,97.62967241262336,5.83306116737234e-19,13.584258154366893,0
54.95,97.63384457239772,5.726678619602906e-19,13.56034766379237,0
54.96666666666667,97.63800938849636,5.622237119789798e-19,13.536479259546965,0
54.983333333333334,97.64216687384531,5.519701234545834e-19,13.512652867551937,0
55.0,97.64631704134791,5.419036177656093e-19,13.48886841385893,0
55.016666666666666,97.65045990388472,5.320207798250733e-19,13.465125824649753,0
55.03333333333333,97.65459547431367,5.223182569194182e-19,13.441425026236145,0
55.05,97.65872376547004,5.127927575686504e-19,13.417765945059553,0
55.06666666666667,97.66284479016655,5.03441050407336e-19,13.394148507690891,0
55.083333333333336,97.66695856119333,4.942599630860527e-19,13.370572640830325,0
55.1,97.671065091318,4.852463811929204e-19,13.347038271307042,0
55.11666666666667,97.67516439328574,4.7639724719487015e-19,13.323545326079019,0
55.13333333333333,97.67925647981926,4.677095593982602e-19,13.300093732232797,0
55.15,97.68334136361891,4.591803709284921e-19,13.27668341698326,0
55.166666666666664,97.68741905736265,4.508067887283088e-19,13.253314307673405,0
55.18333333333333,97.69148957370614,4.425859725743774e-19,13.229986331774114,0
55.2,97.69555292528275,4.345151341118718e-19,13.206699416883936,0
55.21666666666667,97.69960912470367,4.2659153590671285e-19,13.183453490728855,0
55.233333333333334,97.70365818455782,4.188124905151115e-19,13.160248481162073,0
55.25,97.707700117412,4.1117535957015553e-19,13.137084316163778,0
55.266666666666666,97.7117349358109,4.0367755288506847e-19,13.113960923840924,0
55.28333333333333,97.71576265227706,3.9631652757289017e-19,13.090878232427013,0
55.3,97.71978327931106,3.890897871822287e-19,13.067836170281867,0
55.31666666666667,97.72379682939147,3.8199488084883153e-19,13.044834665891399,0
55.333333333333336,97.72780331497484,3.7502940246265146e-19,13.021873647867405,0
55.35,97.73180274849582,3.6819098985015786e-19,12.998953044947337,0
55.36666666666667,97.73579514236722,3.6147732397158323e-19,12.976072785994075,0
55.38333333333333,97.73978050897995,3.5488612813285214e-19,12.953232799995716,0
55.4,97.74375886070311,3.4841516721191805e-19,12.930433016065349,0
55.416666666666664,97.74773020988403,3.4206224689923934e-19,12.907673363440834,0
55.43333333333333,97.75169456884835,3.358252129521419e-19,12.884953771484586,0
55.45,97.75565194989993,3.297019504628154e-19,12.862274169683351,0
55.46666666666667,97.75960236532106,3.236903831396928e-19,12.839634487647986,0
55.483333333333334,97.76354582737237,3.177884726019562e-19,12.81703465511326,0
55.5,97.76748234829292,3.1199421768694795e-19,12.7944746019376,0
55.516666666666666,97.77141194030018,3.0630565377024674e-19,12.771954258102904,0
55.53333333333333,97.77533461559024,3.0072085209816097e-19,12.749473553714315,0
55.55,97.77925038633758,2.9523791913242783e-19,12.727032418999997,0
55.56666666666667,97.78315926469531,2.898549959068968e-19,12.704630784310929,0
55.583333333333336,97.78706126279519,2.8457025739596753e-19,12.682268580120676,0
55.6,97.79095639274756,2.7938191189456806e-19,12.659945737025186,0
55.61666666666667,97.79484466664145,2.742882004094762e-19,12.637662185742574,0
55.63333333333333,97.79872609654467,2.692873960617607e-19,12.615417857112888,0
55.65,97.80260069450374,2.643778035001376e-19,12.593212682097924,0
55.666666666666664,97.80646847254395,2.595577583250699e-19,12.57104659178099,0
55.68333333333333,97.81032944266953,2.5482562652336676e-19,12.548919517366693,0
55.7,97.81418361686343,2.5017980391314024e-19,12.526831390180744,0
55.71666666666667,97.81803100708767,2.4561871559889297e-19,12.504782141669718,0
55.733333333333334,97.82187162528305,2.4114081543657003e-19,12.482771703400866,0
55.75,97.8257054833695,2.367445855083873e-19,12.460800007061883,0
55.766666666666666,97.82953259324589,2.3242853560725693e-19,12.438866984460713,0
55.78333333333333,97.83335296679014,2.2819120273064004e-19,12.416972567525322,0
55.8,97.8371666158593,2.240311505836432e-19,12.3951166883035,0
55.81666666666667,97.84097355228953,2.1994696909120316e-19,12.373299278962635,0
55.833333333333336,97.84477378789617,2.1593727391918248e-19,12.351520271789521,0
55.85,97.84856733447373,2.1200070600421782e-19,12.329779599190132,0
55.86666666666667,97.852354203796,2.0813593109216167e-19,12.308077193689424,0
55.88333333333333,97.85613440761603,2.0434163928495907e-19,12.286412987931113,0
55.9,97.85990795766617,2.006165445958044e-19,12.26478691467748,0
55.916666666666664,97.86367486565814,1.9695938451242832e-19,12.243198906809146,0
55.93333333333333,97.86743514328302,1.9336891956836424e-19,12.221648897324885,0
55.95,97.87118880221135,1.898439329220509e-19,12.200136819341393,0
55.96666666666667,97.87493585409308,1.8638322994362683e-19,12.178662606093098,0
55.983333333333334,97.87867631055772,1.8298563780927233e-19,12.157226190931947,0
56.0,97.88241018321423,1.7965000510296918e-19,12.13582750732719,0
56.016666666666666,97.88613748365121,1.7637520142553453e-19,12.114466488865192,0
56.03333333333333,97.88985822343682,1.7316011701079802e-19,12.09314306924921,0
56.05,97.89357241411884,1.700036623487969e-19,12.0718571822992,0
56.06666666666667,97.89728006722478,1.6690476781585125e-19,12.050608761951596,0
56.083333333333336,97.90098119426182,1.6386238331140236e-19,12.029397742259123,0
56.1,97.9046758067169,1.6087547790148415e-19,12.008224057390581,0
56.11666666666667,97.90836391605673,1.5794303946871371e-19,11.987087641630646,0
56.13333333333333,97.91204553372785,1.5506407436867058e-19,11.965988429379658,0
56.15,97.91572067115665,1.5223760709256042e-19,11.94492635515343,0
56.166666666666664,97.9193893397494,1.4946267993603884e-19,11.923901353583034,0
56.18333333333333,97.9230515508923,1.4673835267408867e-19,11.902913359414596,0
56.2,97.9267073159515,1.4406370224183477e-19,11.881962307509111,0
56.21666666666667,97.93035664627315,1.4143782242119356e-19,11.861048132842223,0
56.233333333333334,97.93399955318344,1.3885982353324475e-19,11.840170770504029,0
56.25,97.93763604798859,1.363288321362277e-19,11.819330155698879,0
56.266666666666666,97.94126614197496,1.3384399072905098e-19,11.798526223745174,0
56.28333333333333,97.94488984640904,1.314044574602207e-19,11.777758910075166,0
56.3,97.94850717253745,1.2900940584208893e-19,11.757028150234753,0
56.31666666666667,97.95211813158704,1.2665802447031825e-19,11.736333879883286,0
56.333333333333336,97.95572273476489,1.2434951674847345e-19,11.715676034793365,0
56.35,97.9593209932584,1.2208310061764786e-19,11.695054550850642,0
56.36666666666667,97.96291291823519,1.1985800829102386e-19,11.67446936405362,0
56.38333333333333,97.96649852084333,1.1767348599328666e-19,11.65392041051345,0
56.4,97.97007781221117,1.1552879370479592e-19,11.633407626453744,0
56.416666666666664,97.97365080344753,1.1342320491043393e-19,11.612930948210371,0
56.43333333333333,97.97721750564163,1.1135600635303833e-19,11.592490312231256,0
56.45,97.98077792986325,1.0932649779134124e-19,11.572085655076183,0
56.46666666666667,97.9843320871626,1.0733399176233114e-19,11.551716913416609,0
56.483333333333334,97.9878799885705,1.0537781334795369e-19,11.531384024035454,0
56.5,97.9914216450983,1.0345729994607544e-19,11.51108692382691,0
56.516666666666666,97.99495706773803,1.0157180104563166e-19,11.49082554979625,0
56.53333333333333,97.99848626746233,9.972067800588035e-20,11.470599839059625,0
56.55,98.00200925522454,9.790330383969058e-20,11.450409728843868,0
56.56666666666667,98.0055260419587,9.611906300078645e-20,11.43025515648631,0
56.583333333333336,98.00903663857963,9.436735117488062e-20,11.410136059434572,0
56.6,98.01254105598294,9.264757507462074e-20,11.390052375246384,0
56.61666666666667,98.01603930504503,9.095915223828292e-20,11.370004041589377,0
56.63333333333333,98.01953139662321,8.930151083213969e-20,11.349990996240903,0
56.65,98.02301734155564,8.76740894564415e-20,11.330013177087835,0
56.666666666666664,98.02649715066138,8.607633695493893e-20,11.310070522126374,0
56.68333333333333,98.02997083474054,8.450771222788514e-20,11.290162969461853,0
56.7,98.03343840457408,8.296768404845453e-20,11.270290457308558,0
56.71666666666667,98.0368998709241,8.14557308825135e-20,11.250452923989524,0
56.733333333333334,98.04035524453373,7.997134071168322e-20,11.230650307936349,0
56.75,98.04380453612714,7.851401085963401e-20,11.210882547688996,0
56.766666666666666,98.04724775640969,7.708324782155323e-20,11.191149581895612,0
56.78333333333333,98.05068491606788,7.567856709672507e-20,11.171451349312337,0
56.8,98.05411602576937,7.429949302417283e-20,11.151787788803102,0
56.81666666666667,98.05754109616305,7.294555862129748e-20,11.13215883933945,0
56.833333333333336,98.06096013787909,7.16163054254679e-20,11.112564440000346,0
56.85,98.06437316152896,7.031128333850055e-20,11.093004529971989,0
56.86666666666667,98.0677801777054,6.903005047398177e-20,11.073479048547611,0
56.88333333333333,98.07118119698254,6.777217300737769e-20,11.053987935127305,0
56.9,98.07457622991589,6.653722502888121e-20,11.034531129217827,0
56.916666666666664,98.07796528704237,6.532478839894717e-20,11.015108570432412,0
56.93333333333333,98.08134837888042,6.413445260646381e-20,10.995720198490586,0
56.95,98.08472551592986,6.296581462951773e-20,10.976365953217972,0
56.96666666666667,98.08809670867211,6.181847879869828e-20,10.95704577454612,0
56.983333333333334,98.09146196757008,6.069205666289947e-20,10.937759602512303,0
57.0,98.09482130306831,5.958616685757274e-20,10.91850737725934,0
57.016666666666666,98.09817472559297,5.850043497538551e-20,10.89928903903541,0
57.03333333333333,98.10152224555182,5.743449343924148e-20,10.88010452819386,0
57.05,98.10486387333434,5.638798137761951e-20,10.86095378519303,0
57.06666666666667,98.10819961931169,5.536054450218997e-20,10.84183675059606,0
57.083333333333336,98.11152949383683,5.435183498766388e-20,10.822753365070714,0
57.1,98.11485350724443,5.3361511353837556e-20,10.80370356938918,0
57.11666666666667,98.11817166985105,5.238923834979141e-20,10.784687304427905,0
57.13333333333333,98.12148399195502,5.1434686840202244e-20,10.765704511167398,0
57.15,98.12479048383655,5.049753369373118e-20,10.746755130692057,0
57.166666666666664,98.12809115575782,4.95774616734517e-20,10.727839104189975,0
57.18333333333333,98.13138601796284,4.8674159329275396e-20,10.70895637295277,0
57.2,98.13467508067772,4.778732089234447e-20,10.69010687837539,0
57.21666666666667,98.13795835411045,4.6916646171351307e-20,10.671290561955942,0
57.233333333333334,98.1412358484511,4.6061840450751255e-20,10.652507365295502,0
57.25,98.14450757387186,4.522261439083385e-20,10.633757230097943,0
57.266666666666666,98.14777354052693,4.4398683929619235e-20,10.615040098169743,0
57.28333333333333,98.15103375855264,4.358977018654477e-20,10.596355911419812,0
57.3,98.15428823806754,4.2795599367911025e-20,10.577704611859309,0
57.31666666666667,98.15753698917231,4.201590267405311e-20,10.559086141601465,0
57.333333333333336,98.16078002194992,4.125041620820828e-20,10.5405004428614,0
57.35,98.16401734646551,4.049888088704603e-20,10.521947457955944,0
57.36666666666667,98.16724897276657,3.9761042352832407e-20,10.503427129303459,0
57.38333333333333,98.17047491088287,3.903665088719776e-20,10.484939399423661,0
57.4,98.17369517082653,3.832546132647872e-20,10.466484210937438,0
57.416666666666664,98.17690976259206,3.762723297860602e-20,10.448061506566676,0
57.43333333333333,98.18011869615637,3.694172954150937e-20,10.42967122913408,0
57.45,98.1833219814788,3.626871902301214e-20,10.411313321562998,0
57.46666666666667,98.1865196285012,3.56079736621884e-20,10.39298772687724,0
57.483333333333334,98.18971164714783,3.495926985215586e-20,10.374694388200904,0
57.5,98.19289804732558,3.4322388064277756e-20,10.356433248758195,0
57.516666666666666,98.19607883892387,3.3697112773749176e-20,10.338204251873261,0
57.53333333333333,98.1992540318147,3.308323238654136e-20,10.32000734097,0
57.55,98.20242363585268,3.2480539167679806e-20,10.3018424595719,0
57.56666666666667,98.20558766087511,3.188882917083144e-20,10.28370955130185,0
57.583333333333336,98.20874611670197,3.13079021691782e-20,10.265608559881976,0
57.6,98.21189901313595,3.0737561587550464e-20,10.247539429133464,0
57.61666666666667,98.21504635996243,3.0177614435801773e-20,10.229502102976381,0
57.63333333333333,98.21818816694966,2.962787124339737e-20,10.211496525429503,0
57.65,98.22132444384866,2.90881459951992e-20,10.19352264061014,0
57.666666666666664,98.22445520039325,2.8558256068421035e-20,10.175580392733975,0
57.68333333333333,98.22758044630017,2.803802217073555e-20,10.157669726114868,0
57.7,98.23070019126901,2.752726827951047e-20,10.1397905851647,0
57.71666666666667,98.23381444498233,2.702582158215508e-20,10.121942914393198,0
57.733333333333334,98.23692321710561,2.653351241755388e-20,10.104126658407763,0
57.75,98.24002651728735,2.605017421857065e-20,10.086341761913289,0
57.766666666666666,98.24312435515905,2.5575643455601703e-20,10.068588169712001,0
57.78333333333333,98.24621674033526,2.5109759581158472e-20,10.050865826703285,0
57.8,98.2493036824136,2.4652364975463195e-20,10.033174677883506,0
57.81666666666667,98.25238519097479,2.4203304893036447e-20,10.015514668345855,0
57.833333333333336,98.25546127558272,2.3762427410259813e-20,9.99788574328015,0
57.85,98.25853194578441,2.3329583373896178e-20,9.980287847972706,0
57.86666666666667,98.26159721111011,2.2904626350548682e-20,9.962720927806124,0
57.88333333333333,98.26465708107327,2.2487412577042864e-20,9.945184928259154,0
57.9,98.26771156517059,2.207780091171448e-20,9.927679794906503,0
57.916666666666664,98.27076067288206,2.1675652786585793e-20,9.910205473418682,0
57.93333333333333,98.27380441367099,2.128083216041508e-20,9.89276190956182,0
57.95,98.27684279698406,2.089320547260293e-20,9.875349049197522,0
57.96666666666667,98.27987583225125,2.0512641597939888e-20,9.857966838282675,0
57.983333333333334,98.28290352888601,2.0139011802180223e-20,9.840615222869289,0
58.0,98.28592589628519,1.9772189698425627e-20,9.82329414910434,0
58.016666666666666,98.28894294382913,1.9412051204305877e-20,9.806003563229584,0
58.03333333333333,98.29195468088159,1.9058474499940685e-20,9.78874341158141,0
58.05,98.29496111678992,1.8711339986668274e-20,9.771513640590655,0
58.06666666666667,98.29796226088501,1.837053024652783e-20,9.75431419678245,0
58.083333333333336,98.30095812248126,1.8035930002480958e-20,9.737145026776055,0
58.1,98.30394871087677,1.77074260793592e-20,9.72000607728468,0
58.11666666666667,98.30693403535318,1.7384907365524307e-20,9.702897295115335,0
58.13333333333333,98.30991410517586,1.706826477522804e-20,9.685818627168656,0
58.15,98.31288892959387,1.6757391211658775e-20,9.66877002043874,0
58.166666666666664,98.31585851783994,1.645218153066296e-20,9.651751422012987,0
58.18333333333333,98.31882287913061,1.6152532505127935e-20,9.634762779071933,0
58.2,98.32178202266613,1.5858342790015152e-20,9.617804038889075,0
58.21666666666667,98.32473595763062,1.5569512888031578e-20,9.600875148830731,0
58.233333333333334,98.32768469319198,1.528594511592691e-20,9.58397605635585,0
58.25,98.33062823850204,1.500754357140652e-20,9.567106709015873,0
58.266666666666666,98.33356660269646,1.473421410064767e-20,9.55026705445455,0
58.28333333333333,98.33649979489482,1.4465864266408787e-20,9.533457040407791,0
58.3,98.3394278242007,1.4202403316720407e-20,9.516676614703497,0
58.31666666666667,98.34235069970161,1.3943742154147727e-20,9.499925725261406,0
58.333333333333336,98.34526843046909,1.368979330561371e-20,9.483204320092916,0
58.35,98.34818102555869,1.3440470892772931e-20,9.466512347300942,0
58.36666666666667,98.35108849401006,1.3195690602926162e-20,9.44984975507974,0
58.38333333333333,98.35399084484688,1.2955369660465584e-20,9.43321649171476,0
58.4,98.35688808707698,1.271942679884075e-20,9.416612505582465,0
58.416666666666664,98.35978022969236,1.2487782233036622e-20,9.400037745150204,0
58.43333333333333,98.36266728166916,1.2260357632553141e-20,9.38349215897601,0
58.45,98.3655492519677,1.2037076094878361e-20,9.366975695708474,0
58.46666666666667,98.3684261495326,1.1817862119445306e-20,9.350488304086577,0
58.483333333333334,98.37129798329264,1.1602641582063913e-20,9.334029932939517,0
58.5,98.37416476216096,1.1391341709819776e-20,9.317600531186567,0
58.516666666666666,98.37702649503501,1.1183891056430672e-20,9.301200047836915,0
58.53333333333333,98.37988319079653,1.098021947805265e-20,9.284828431989487,0
58.55,98.38273485831165,1.0780258109527722e-20,9.268485632832821,0
58.56666666666667,98.38558150643091,1.0583939341064787e-20,9.252171599644875,0
58.583333333333336,98.38842314398924,1.0391196795346096e-20,9.235886281792899,0
58.6,98.39125977980605,1.0201965305051248e-20,9.219629628733257,0
58.61666666666667,98.39409142268521,1.0016180890791406e-20,9.203401590011278,0
58.63333333333333,98.3969180814151,9.833780739446024e-21,9.187202115261105,0
58.65,98.39973976476863,9.654703182894605e-21,9.171031154205526,0
58.666666666666664,98.40255648150325,9.47888767713696e-21,9.154888656655833,0
58.68333333333333,98.40536824036104,9.306274781793965e-21,9.13877457251165,0
58.7,98.40817505006866,9.136806139982342e-21,9.12268885176079,0
58.71666666666667,98.4109769193374,8.970424458556721e-21,9.106631444479097,0
58.733333333333334,98.41377385686323,8.807073488712197e-21,9.090602300830287,0
58.75,98.41656587132682,8.646698006940523e-21,9.074601371065798,0
58.766666666666666,98.41935297139356,8.489243796333903e-21,9.058628605524628,0
58.78333333333333,98.4221351657136,8.334657628229912e-21,9.042683954633194,0
58.8,98.42491246292181,8.18288724419089e-21,9.026767368905166,0
58.81666666666667,98.42768487163792,8.033881338312676e-21,9.01087879894132,0
58.833333333333336,98.43045240046646,7.88758953985554e-21,8.995018195429378,0
58.85,98.43321505799685,7.743962396192148e-21,8.979185509143868,0
58.86666666666667,98.43597285280332,7.60295135606669e-21,8.963380690945957,0
58.88333333333333,98.43872579344504,7.464508753159168e-21,8.947603691783304,0
58.9,98.44147388846618,7.328587789949843e-21,8.931854462689907,0
58.916666666666664,98.44421714639579,7.195142521877643e-21,8.916132954785958,0
58.93333333333333,98.44695557574792,7.06412784178769e-21,8.900439119277681,0
58.95,98.44968918502165,6.935499464662676e-21,8.884772907457187,0
58.96666666666667,98.45241798270112,6.809213912632547e-21,8.869134270702315,0
58.983333333333334,98.45514197725548,6.685228500257608e-21,8.853523160476497,0
59.0,98.45786117713904,6.563501320080344e-21,8.837939528328588,0
59.016666666666666,98.46057559079117,6.443991228440422e-21,8.822383325892728,0
59.03333333333333,98.46328522663643,6.3266578315487336e-21,8.806854504888193,0
59.05,98.46599009308451,6.211461471815265e-21,8.791353017119231,0
59.06666666666667,98.46869019853035,6.098363214426427e-21,8.775878814474934,0
59.083333333333336,98.47138555135408,5.987324834167253e-21,8.760431848929068,0
59.1,98.47407615992105,5.878308802483747e-21,8.745012072539938,0
59.11666666666667,98.47676203258195,5.7712782747815555e-21,8.72961943745023,0
59.13333333333333,98.47944317767274,5.666197077956024e-21,8.71425389588687,0
59.15,98.48211960351468,5.5630296981497096e-21,8.698915400160873,0
59.166666666666664,98.48479131841444,5.4617412687334204e-21,8.683603902667192,0
59.18333333333333,98.48745833066403,5.362297558506221e-21,8.66831935588457,0
59.2,98.49012064854088,5.264664960110734e-21,8.653061712375404,0
59.21666666666667,98.49277828030782,5.168810478659827e-21,8.637830924785579,0
59.233333333333334,98.49543123421319,5.074701720570494e-21,8.622626945844335,0
59.25,98.49807951849077,4.982306882601796e-21,8.607449728364118,0
59.266666666666666,98.50072314135986,4.8915947410922004e-21,8.592299225240431,0
59.28333333333333,98.5033621110253,4.802534641393699e-21,8.577175389451684,0
59.3,98.50599643567747,4.715096487498328e-21,8.56207817405906,0
59.31666666666667,98.50862612349236,4.629250731853969e-21,8.547007532206353,0
59.333333333333336,98.51125118263153,4.5449683653659305e-21,8.531963417119838,0
59.35,98.51387162124222,4.462220907580738e-21,8.516945782108122,0
59.36666666666667,98.51648744745728,4.380980397049177e-21,8.50195458056199,0
59.38333333333333,98.51909866939532,4.301219381864824e-21,8.486989765954267,0
59.4,98.52170529516056,4.22291091037531e-21,8.472051291839676,0
59.416666666666664,98.52430733284304,4.146028522062909e-21,8.457139111854692,0
59.43333333333333,98.52690479051851,4.070546238591437e-21,8.442253179717396,0
59.45,98.52949767624852,3.996438555016486e-21,8.427393449227331,0
59.46666666666667,98.53208599808048,3.923680431155862e-21,8.412559874265362,0
59.483333333333334,98.5346697640475,3.852247283117419e-21,8.397752408793531,0
59.5,98.53724898216875,3.7821149749814756e-21,8.382971006854914,0
59.516666666666666,98.53982366044907,3.713259810634768e-21,8.368215622573478,0
59.53333333333333,98.54239380687936,3.6456585257534745e-21,8.353486210153942,0
59.55,98.54495942943642,3.579288279932293e-21,8.338782723881629,0
59.56666666666667,98.54752053608298,3.51412664895717e-21,8.324105118122327,0
59.583333333333336,98.55007713476779,3.45015161721882e-21,8.309453347322153,0
59.6,98.55262923342556,3.387341570264708e-21,8.294827366007397,0
59.61666666666667,98.5551768399771,3.3256752874867883e-21,8.2802271287844,0
59.63333333333333,98.55771996232922,3.2651319349425345e-21,8.265652590339394,0
59.65,98.56025860837485,3.2056910583069755e-21,8.251103705438377,0
59.666666666666664,98.56279278599298,3.147332575953177e-21,8.236580428926963,0
59.68333333333333,98.56532250304882,3.09003677215894e-21,8.222082715730249,0
59.7,98.56784776739364,3.033784290437333e-21,8.207610520852663,0
59.71666666666667,98.57036858686496,2.9785561269888767e-21,8.193163799377844,0
59.733333333333334,98.57288496928645,2.9243336242731008e-21,8.17874250646848,0
59.75,98.57539692246804,2.871098464697295e-21,8.164346597366185,0
59.766666666666666,98.5779044542059,2.818832664420415e-21,8.149976027391356,0
59.78333333333333,98.58040757228252,2.7675185672698398e-21,8.135630751943033,0
59.8,98.58290628446662,2.717138838769213e-21,8.121310726498761,0
59.81666666666667,98.58540059851332,2.667676460275003e-21,8.107015906614444,0
59.833333333333336,98.587890522164,2.6191147232201157e-21,8.092746247924227,0
59.85,98.59037606314651,2.5714372234623862e-21,8.078501706140338,0
59.86666666666667,98.59285722917507,2.524627855736126e-21,8.064282237052964,0
59.88333333333333,98.59533402795024,2.47867080820486e-21,8.050087796530105,0
59.9,98.59780646715916,2.4335505571133548e-21,8.035918340517439,0
59.916666666666664,98.60027455447532,2.389251861537162e-21,8.021773825038188,0
59.93333333333333,98.60273829755879,2.3457597582279046e-21,8.007654206192981,0
59.95,98.60519770405611,2.303059556552536e-21,7.993559440159722,0
59.96666666666667,98.60765278160036,2.26113683352485e-21,7.979489483193439,0
59.983333333333334,98.61010353781123,2.219977428927592e-21,7.965444291626165,0
60.0,98.61254998029493,2.1795674405235224e-21,7.9514238218667925,0
60.016666666666666,98.61499211664433,2.139893219353772e-21,7.937428030400942,0
60.03333333333333,98.61742995443893,2.1009413651218847e-21,7.923456873790831,0
60.05,98.6198635012449,2.0626987216620784e-21,7.9095103086751255,0
60.06666666666667,98.62229276461503,2.0251523724900902e-21,7.8955882917688225,0
60.083333333333336,98.62471775208887,1.988289636435126e-21,7.881690779863106,0
60.1,98.62713847119271,1.9520980633514706e-21,7.867817729825211,0
60.11666666666667,98.62955492943955,1.9165654299082652e-21,7.853969098598295,0
60.13333333333333,98.63196713432922,1.881679735456032e-21,7.840144843201304,0
60.15,98.63437509334827,1.8474291979685746e-21,7.826344920728836,0
60.166666666666664,98.63677881397014,1.8138022500588493e-21,7.81256928835101,0
60.18333333333333,98.63917830365511,1.78078753506746e-21,7.798817903313331,0
60.2,98.6415735698503,1.7483739032224754e-21,7.7850907229365625,0
60.21666666666667,98.64396461998972,1.7165504078692695e-21,7.771387704616586,0
60.233333333333334,98.64635146149432,1.6853063017690262e-21,7.757708805824276,0
60.25,98.64873410177199,1.654631033464802e-21,7.7440539841053635,0
60.266666666666666,98.65111254821757,1.6245142437137701e-21,7.730423197080309,0
60.28333333333333,98.65348680821286,1.5949457619845753e-21,7.716816402444165,0
60.3,98.65585688912671,1.5659156030184378e-21,7.703233557966445,0
60.31666666666667,98.65822279831497,1.5374139634530616e-21,7.689674621491,0
60.333333333333336,98.66058454312055,1.5094312185079714e-21,7.676139550935881,0
60.35,98.66294213087345,1.4819579187303772e-21,7.66262830429321,0
60.36666666666667,98.66529556889073,1.4549847868003038e-21,7.649140839629048,0
60.38333333333333,98.66764486447661,1.4285027143939254e-21,7.635677115083269,0
60.4,98.66999002492246,1.402502759104179e-21,7.6222370888694275,0
60.416666666666664,98.67233105750675,1.3769761414173955e-21,7.6088207192746244,0
60.43333333333333,98.67466796949523,1.3519142417451368e-21,7.59542796465939,0
60.45,98.67700076814076,1.327308597510066e-21,7.582058783457539,0
60.46666666666667,98.67932946068355,1.3031509002849868e-21,7.568713134176053,0
60.483333333333334,98.68165405435096,1.2794329929839984e-21,7.555390975394949,0
60.5,98.6839745563577,1.2561468671048853e-21,7.542092265767149,0
60.516666666666666,98.68629097390571,1.2332846600217272e-21,7.52881696401835,0
60.53333333333333,98.68860331418438,1.2108386523268826e-21,7.515565028946901,0
60.55,98.69091158437028,1.1888012652214521e-21,7.502336419423674,0
60.56666666666667,98.69321579162747,1.1671650579532333e-21,7.489131094391929,0
60.583333333333336,98.69551594310735,1.145922725301435e-21,7.4759490128672015,0
60.6,98.69781204594877,1.125067095107226e-21,7.462790133937158,0
60.61666666666667,98.70010410727797,1.1045911258492755e-21,7.449654416761482,0
60.63333333333333,98.70239213420865,1.0844879042634964e-21,7.4365418205717395,0
60.65,98.70467613384203,1.0647506430061788e-21,7.423452304671259,0
60.666666666666664,98.70695611326677,1.0453726783597075e-21,7.410385828434999,0
60.68333333333333,98.70923207955913,1.026347467980085e-21,7.397342351309425,0
60.7,98.71150403978284,1.007668588685541e-21,7.384321832812385,0
60.71666666666667,98.71377200098924,9.893297342854187e-22,7.371324232532981,0
60.733333333333334,98.71603597021726,9.713247134486378e-22,7.358349510131443,0
60.75,98.7182959544934,9.536474476110167e-22,7.34539762533901,0
60.766666666666666,98.72055196083183,9.362919689207248e-22,7.332468537957794,0
60.78333333333333,98.72280399623438,9.19252418221181e-22,7.31956220786067,0
60.8,98.7250520676905,9.025230430707268e-22,7.306678594991136,0
60.81666666666667,98.7272961821774,8.860981957983807e-22,7.293817659363198,0
60.833333333333336,98.72953634666001,8.699723315950148e-22,7.280979361061246,0
60.85,98.73177256809096,8.541400066393564e-22,7.268163660239926,0
60.86666666666667,98.73400485341065,8.385958762581039e-22,7.2553705171240175,0
60.88333333333333,98.73623320954727,8.233346931196061e-22,7.2425998920083146,0
60.9,98.73845764341681,8.083513054604294e-22,7.229851745257494,0
60.916666666666664,98.74067816192311,7.936406553442815e-22,7.2171260373059996,0
60.93333333333333,98.74289477195784,7.791977769526287e-22,7.204422728657916,0
60.95,98.74510748040053,7.650177949064956e-22,7.191741779886851,0
60.96666666666667,98.74731629411865,7.510959226188361e-22,7.179083151635804,0
60.983333333333334,98.7495212199675,7.374274606769241e-22,7.166446804617052,0
61.0,98.7517222647904,7.240077952542367e-22,7.153832699612022,0
61.016666666666666,98.75391943541852,7.1083239655127e-22,7.141240797471176,0
61.03333333333333,98.75611273867115,6.978968172647743e-22,7.1286710591138815,0
61.05,98.75830218135543,6.85196691084885e-22,7.116123445528298,0
61.06666666666667,98.76048777026662,6.727277312196384e-22,7.103597917771248,0
61.083333333333336,98.76266951218798,6.604857289463688e-22,7.091094436968106,0
61.1,98.76484741389082,6.484665521895277e-22,7.078612964312665,0
61.11666666666667,98.76702148213454,6.366661441243937e-22,7.06615346106703,0
61.13333333333333,98.76919172366667,6.250805218062383e-22,7.053715888561484,0
61.15,98.7713581452228,6.137057748244726e-22,7.041300208194383,0
61.166666666666664,98.77352075352678,6.025380639813143e-22,7.028906381432022,0
61.18333333333333,98.7756795552905,5.915736199945452e-22,7.016534369808523,0
61.2,98.77783455721408,5.8080874222389205e-22,7.004184134925716,0
61.21666666666667,98.77998576598587,5.702397974206184e-22,6.991855638453016,0
61.233333333333334,98.78213318828244,5.598632184999165e-22,6.979548842127307,0
61.25,98.78427683076859,5.496755033356563e-22,6.967263707752821,0
61.266666666666666,98.78641670009738,5.396732135770867e-22,6.955000197201022,0
61.28333333333333,98.78855280291017,5.298529734871312e-22,6.942758272410487,0
61.3,98.79068514583668,5.202114688018126e-22,6.930537895386785,0
61.31666666666667,98.79281373549489,5.107454456104905e-22,6.918339028202363,0
61.333333333333336,98.79493857849117,5.014517092564902e-22,6.906161632996427,0
61.35,98.79705968142025,4.923271232577638e-22,6.894005671974823,0
61.36666666666667,98.79917705086524,4.833686082472165e-22,6.881871107409921,0
61.38333333333333,98.80129069339768,4.745731409323568e-22,6.869757901640499,0
61.4,98.80340061557754,4.65937753073875e-22,6.857666017071622,0
61.416666666666664,98.80550682395324,4.574595304828649e-22,6.845595416174532,0
61.43333333333333,98.80760932506169,4.491356120362895e-22,6.8335460614865235,0
61.45,98.80970812542827,4.409631887103998e-22,6.821517915610834,0
61.46666666666667,98.81180323156688,4.329395026317679e-22,6.809510941216527,0
61.483333333333334,98.81389464997996,4.250618461456003e-22,6.797525101038369,0
61.5,98.8159823871585,4.173275609010362e-22,6.785560357876726,0
61.516666666666666,98.81806644958206,4.097340369531027e-22,6.773616674597436,0
61.53333333333333,98.82014684371885,4.0227871188104076e-22,6.761694014131703,0
61.55,98.82222357602558,3.949590699226939e-22,6.749792339475975,0
61.56666666666667,98.82429665294771,3.877726411246651e-22,6.737911613691834,0
61.583333333333336,98.8263660809193,3.807170005079577e-22,6.7260517999058775,0
61.6,98.82843186636308,3.737897672488206e-22,6.71421286130961,0
61.61666666666667,98.83049401569049,3.669886038745182e-22,6.702394761159321,0
61.63333333333333,98.83255253530172,3.6031121547374803e-22,6.690597462775979,0
61.65,98.83460743158558,3.5375534892145224e-22,6.6788209295451075,0
61.666666666666664,98.83665871091978,3.473187921177465e-22,6.667065124916683,0
61.68333333333333,98.83870637967071,3.4099937324071325e-22,6.655330012405015,0
61.7,98.84075044419359,3.347949600128157e-22,6.643615555588631,0
61.71666666666667,98.84279091083242,3.2870345898066997e-22,6.631921718110167,0
61.733333333333334,98.84482778592007,3.2272281480794176e-22,6.6202484636762575,0
61.75,98.84686107577828,3.1685100958112653e-22,6.608595756057414,0
61.766666666666666,98.8488907867176,3.1108606212797535e-22,6.5969635590879205,0
61.78333333333333,98.85091692503752,3.054260273483367e-22,6.585351836665719,0
61.8,98.85293949702643,2.9986899555719423e-22,6.573760552752295,0
61.81666666666667,98.85495850896163,2.944130918396666e-22,6.562189671372569,0
61.833333333333336,98.8569739671094,2.8905647541776687e-22,6.550639156614784,0
61.85,98.85898587772499,2.8379733902868467e-22,6.539108972630391,0
61.86666666666667,98.8609942470526,2.786339083144116e-22,6.527599083633944,0
61.88333333333333,98.86299908132551,2.735644412224691e-22,6.516109453902981,0
61.9,98.86500038676597,2.6858722741756743e-22,6.50464004777792,0
61.916666666666664,98.8669981695853,2.6370058770397674e-22,6.493190829661946,0
61.93333333333333,98.86899243598387,2.5890287345842057e-22,6.481761764020897,0
61.95,98.87098319215119,2.541924660732997e-22,6.470352815383161,0
61.96666666666667,98.87297044426576,2.4956777641006423e-22,6.458963948339559,0
61.983333333333334,98.87495419849533,2.450272442625367e-22,6.447595127543238,0
62.0,98.87693446099674,2.405693378300182e-22,6.436246317709563,0
62.016666666666666,98.87891123791599,2.3619255319998684e-22,6.424917483616005,0
62.03333333333333,98.88088453538828,2.318954138402256e-22,6.413608590102029,0
62.05,98.88285435953796,2.276764701001955e-22,6.402319602068994,0
62.06666666666667,98.8848207164787,2.235342987214984e-22,6.391050484480033,0
62.083333333333336,98.8867836123133,2.1946750235725327e-22,6.379801202359954,0
62.1,98.88874305313387,2.154747091002266e-22,6.368571720795125,0
62.11666666666667,98.8906990450218,2.1155457201956688e-22,6.357362004933364,0
62.13333333333333,98.89265159404779,2.0770576870596368e-22,6.346172019983843,0
62.15,98.89460070627183,2.039270008251047e-22,6.3350017312169635,0
62.166666666666664,98.89654638774321,2.0021699367926383e-22,6.323851103964259,0
62.18333333333333,98.89848864450065,1.9657449577686964e-22,6.312720103618289,0
62.2,98.90042748257217,1.929982784099202e-22,6.30160869563252,0
62.21666666666667,98.90236290797523,1.8948713523909395e-22,6.290516845521234,0
62.233333333333334,98.90429492671667,1.8603988188641915e-22,6.2794445188594095,0
62.25,98.90622354479278,1.8265535553535788e-22,6.268391681282619,0
62.266666666666666,98.90814876818926,1.7933241453818252e-22,6.25735829848692,0
62.28333333333333,98.91007060288132,1.760699380304977e-22,6.246344336228754,0
62.3,98.91198905483358,1.7286682555278385e-22,6.2353497603248345,0
62.31666666666667,98.91390413000026,1.6972199667884098e-22,6.224374536652045,0
62.333333333333336,98.91581583432502,1.6663439065098924e-22,6.213418631147328,0
62.35,98.91772417374109,1.6360296602192538e-22,6.202482009807587,0
62.36666666666667,98.91962915417126,1.6062670030309602e-22,6.191564638689571,0
62.38333333333333,98.92153078152789,1.577045896194745e-22,6.18066648390978,0
62.4,98.92342906171295,1.548356483706325e-22,6.16978751164435,0
62.416666666666664,98.92532400061796,1.5201890889797736e-22,6.158927688128957,0
62.43333333333333,98.92721560412413,1.4925342115805658e-22,6.148086979658702,0
62.45,98.92910387810231,1.465382524018081e-22,6.137265352588017,0
62.46666666666667,98.930988828413,1.4387248685965428e-22,6.1264627733305534,0
62.483333333333334,98.93287046090641,1.4125522543233413e-22,6.1156792083590785,0
62.5,98.93474878142241,1.386855853873612e-22,6.10491462420538,0
62.516666666666666,98.93662379579062,1.3616270006101532e-22,6.094168987460144,0
62.53333333333333,98.93849550983042,1.336857185657602e-22,6.083442264772872,0
62.55,98.94036392935088,1.3125380550298626e-22,6.072734422851762,0
62.56666666666667,98.94222906015094,1.2886614068099265e-22,6.062045428463614,0
62.583333333333336,98.94409090801922,1.2652191883810039e-22,6.0513752484337235,0
62.6,98.94594947873425,1.242203493708088e-22,6.040723849645777,0
62.61666666666667,98.94780477806434,1.219606560669049e-22,6.0300911990417525,0
62.63333333333333,98.94965681176764,1.197420768434326e-22,6.019477263621816,0
62.65,98.95150558559222,1.1756386348943492e-22,6.008882010444217,0
62.666666666666664,98.95335110527596,1.1542528141337965e-22,5.998305406625188,0
62.68333333333333,98.95519337654667,1.1332560939518809e-22,5.987747419338845,0
62.7,98.95703240512213,1.1126413934277598e-22,5.977208015817078,0
62.71666666666667,98.95886819670994,1.092401760530329e-22,5.966687163349458,0
62.733333333333334,98.96070075700779,1.072530369771508e-22,5.9561848292831305,0
62.75,98.9625300917032,1.0530205199022847e-22,5.945700981022716,0
62.766666666666666,98.96435620647382,1.0338656316507243e-22,5.935235586030206,0
62.78333333333333,98.9661791069872,1.0150592455011475e-22,5.924788611824866,0
62.8,98.96799879890095,9.965950195137862e-23,5.914360025983133,0
62.81666666666667,98.96981528786274,9.784667271841237e-23,5.903949796138514,0
62.833333333333336,98.97162857951028,9.606682553412224e-23,5.893557889981486,0
62.85,98.97343867947137,9.431936020843474e-23,5.883184275259396,0
62.86666666666667,98.97524559336387,9.260368747571354e-23,5.872828919776362,0
62.88333333333333,98.97704932679576,9.091922879586741e-23,5.862491791393172,0
62.9,98.97884988536524,8.926541615908088e-23,5.852172858027181,0
62.916666666666664,98.98064727466051,8.764169189409942e-23,5.841872087652219,0
62.93333333333333,98.98244150026004,8.604750848000602e-23,5.831589448298485,0
62.95,98.98423256773242,8.448232836142745e-23,5.82132490805245,0
62.96666666666667,98.98602048263649,8.294562376710326e-23,5.811078435056759,0
62.983333333333334,98.98780525052128,8.14368765317598e-23,5.800849997510128,0
63.0,98.98958687692603,7.995557792122923e-23,5.790639563667256,0
63.016666666666666,98.99136536738027,7.850122846075074e-23,5.780447101838707,0
63.03333333333333,98.99314072740376,7.707333776640052e-23,5.770272580390834,0
63.05,98.99491296250658,7.567142437958963e-23,5.7601159677456675,0
63.06666666666667,98.9966820781891,7.429501560457852e-23,5.749977232380817,0
63.083333333333336,98.99844807994198,7.294364734894733e-23,5.73985634282938,0
63.1,99.0002109732463,7.161686396697251e-23,5.729753267679839,0
63.11666666666667,99.00197076357335,7.03142181058565e-23,5.719667975575966,0
63.13333333333333,99.00372745638494,6.903527055475475e-23,5.709600435216727,0
63.15,99.00548105713315,6.77795900965563e-23,5.6995506153561815,0
63.166666666666664,99.00723157126055,6.654675336235856e-23,5.6895184848033855,0
63.18333333333333,99.00897900420007,6.533634468859567e-23,5.679504012422298,0
63.2,99.01072336137509,6.414795597676605e-23,5.669507167131683,0
63.21666666666667,99.01246464819945,6.2981186555716e-23,5.65952791790501,0
63.233333333333334,99.01420287007753,6.183564304643e-23,5.649566233770362,0
63.25,99.01593803240404,6.071093922928326e-23,5.639622083810338,0
63.266666666666666,99.01767014056432,5.960669591371082e-23,5.629695437161955,0
63.28333333333333,99.01939919993421,5.852254081025192e-23,5.619786263016556,0
63.3,99.02112521588006,5.745810840492184e-23,5.609894530619709,0
63.31666666666667,99.0228481937588,5.641303983587255e-23,5.600020209271117,0
63.333333333333336,99.02456813891793,5.538698277229865e-23,5.59016326832452,0
63.35,99.0262850566955,5.437959129554927e-23,5.580323677187603,0
63.36666666666667,99.02799895242019,5.339052578240314e-23,5.570501405321893,0
63.38333333333333,99.02970983141131,5.24194527904701e-23,5.560696422242674,0
63.4,99.03141769897881,5.146604494567989e-23,5.550908697518886,0
63.416666666666664,99.03312256042327,5.052998083181762e-23,5.541138200773034,0
63.43333333333333,99.03482442103596,4.96109448820716e-23,5.531384901681091,0
63.45,99.03652328609881,4.8708627272556897e-23,5.521648769972405,0
63.46666666666667,99.03821916088451,4.782272381777586e-23,5.511929775429607,0
63.483333333333334,99.03991205065638,4.695293586798301e-23,5.502227887888513,0
63.5,99.04160196066857,4.6098970208418256e-23,5.492543077238038,0
63.516666666666666,99.04328889616593,4.526053896037538e-23,5.482875313420089,0
63.53333333333333,99.04497286238407,4.4437359484071744e-23,5.473224566429487,0
63.55,99.04665386454943,4.362915428328522e-23,5.463590806313865,0
63.56666666666667,99.04833190787919,4.283565091172924e-23,5.453974003173576,0
63.583333333333336,99.05000699758139,4.205658188113164e-23,5.444374127161601,0
63.6,99.05167913885491,4.129168457098677e-23,5.43479114848346,0
63.61666666666667,99.05334833688943,4.05407011399513e-23,5.425225037397111,0
63.63333333333333,99.05501459686555,3.980337843885332e-23,5.415675764212867,0
63.65,99.05667792395472,3.907946792528429e-23,5.406143299293296,0
63.666666666666664,99.0583383233193,3.8368725579747646e-23,5.396627613053138,0
63.68333333333333,99.05999580011257,3.767091182333247e-23,5.387128675959202,0
63.7,99.06165035947869,3.698579143688658e-23,5.377646458530284,0
63.71666666666667,99.06330200655283,3.6313133481661664e-23,5.36818093133707,0
63.733333333333334,99.06495074646108,3.5652711221402483e-23,5.358732065002047,0
63.75,99.06659658432056,3.500430204585528e-23,5.349299830199409,0
63.766666666666666,99.0682395252393,3.436768739566788e-23,5.339884197654974,0
63.78333333333333,99.06987957431642,3.3742652688657764e-23,5.33048513814608,0
63.8,99.07151673664198,3.3128987247422005e-23,5.321102622501506,0
63.81666666666667,99.07315101729719,3.2526484228266126e-23,5.311736621601377,0
63.833333333333336,99.0747824213542,3.193494055142517e-23,5.302387106377072,0
63.85,99.07641095387633,3.135415683255696e-23,5.293054047811135,0
63.86666666666667,99.07803661991792,3.0783937315481256e-23,5.28373741693719,0
63.88333333333333,99.07965942452446,3.022408980614395e-23,5.274437184839839,0
63.9,99.08127937273254,2.9674425607783214e-23,5.265153322654588,0
63.916666666666664,99.08289646956986,2.9134759457276876e-23,5.255885801567742,0
63.93333333333333,99.08451072005529,2.860490946264725e-23,5.246634592816327,0
63.95,99.08612212919888,2.8084697041704307e-23,5.237399667687996,0
63.96666666666667,99.08773070200186,2.7573946861806215e-23,5.228180997520939,0
63.983333333333334,99.08933644345665,2.707248678071625e-23,5.2189785537037965,0
64.0,99.09093935854688,2.6580147788535747e-23,5.209792307675569,0
64.01666666666667,99.09253945224737,2.6096763950695574e-23,5.2006222309255286,0
64.03333333333333,99.0941367295243,2.562217235198414e-23,5.1914682949931334,0
64.05,99.09573119533493,2.515621304159461e-23,5.1823304714679335,0
64.06666666666666,99.09732285462799,2.4698728979173342e-23,5.173208731989487,0
64.08333333333333,99.09891171234335,2.4249565981849162e-23,5.164103048247272,0
64.1,99.10049777341224,2.3808572672228254e-23,5.155013391980597,0
64.11666666666666,99.10208104275723,2.3375600427334623e-23,5.145939734978512,0
64.13333333333334,99.10366152529222,2.2950503328480756e-23,5.136882049079727,0
64.15,99.1052392259224,2.2533138112050874e-23,5.127840306172517,0
64.16666666666667,99.10681414954442,2.2123364121179453e-23,5.11881447819464,0
64.18333333333334,99.10838630104622,2.172104325831021e-23,5.109804537133247,0
64.2,99.10995568530723,2.1326039938617932e-23,5.100810455024795,0
64.21666666666667,99.11152230719817,2.0938221044279062e-23,5.091832203954964,0
64.23333333333333,99.11308617158133,2.0557455879573784e-23,5.082869756058567,0
64.25,99.11464728331035,2.0183616126806185e-23,5.073923083519464,0
64.26666666666667,99.11620564723032,1.981657580302626e-23,5.064992158570475,0
64.28333333333333,99.11776126817783,1.945621121754007e-23,5.056076953493295,0
64.3,99.11931415098097,1.9102400930193377e-23,5.04717744061841,0
64.31666666666666,99.12086430045933,1.8755025710414246e-23,5.0382935923250045,0
64.33333333333333,99.12241172142397,1.84139684970016e-23,5.029425381040883,0
64.35,99.12395641867755,1.807911435864577e-23,5.020572779242383,0
64.36666666666666,99.12549839701424,1.7750350455167314e-23,5.011735759454284,0
64.38333333333334,99.12703766121973,1.7427565999461636e-23,5.00291429424973,0
64.4,99.12857421607137,1.7110652220136333e-23,4.9941083562501385,0
64.41666666666667,99.13010806633805,1.6799502324828725e-23,4.985317918125118,0
64.43333333333334,99.1316392167803,1.6494011464190702e-23,4.976542952592385,0
64.45,99.1331676721502,1.6194076696529652e-23,4.967783432417673,0
64.46666666666667,99.13469343719154,1.5899596953092708e-23,4.959039330414657,0
64.48333333333333,99.13621651663973,1.5610473003982886e-23,4.950310619444861,0
64.5,99.13773691522185,1.532660742469583e-23,4.941597272417578,0
64.51666666666667,99.13925463765665,1.504790456326541e-23,4.932899262289785,0
64.53333333333333,99.1407696886546,1.4774270508007453e-23,4.924216562066062,0
64.55,99.14228207291785,1.4505613055850678e-23,4.915549144798499,0
64.56666666666666,99.14379179514027,1.4241841681244085e-23,4.906896983586623,0
64.58333333333333,99.1452988600075,1.3982867505629908e-23,4.898260051577313,0
64.6,99.14680327219692,1.3728603267472785e-23,4.889638321964706,0
64.61666666666666,99.14830503637765,1.3478963292834026e-23,4.881031767990128,0
64.63333333333334,99.14980415721062,1.3233863466481612e-23,4.872440362942002,0
64.65,99.15130063934859,1.299322120352609e-23,4.863864080155768,0
64.66666666666667,99.15279448743603,1.2756955421572596e-23,4.855302893013802,0
64.68333333333334,99.1542857061093,1.2524986513379918e-23,4.8467567749453275,0
64.7,99.15577429999664,1.2297236320017018e-23,4.8382256994263395,0
64.71666666666667,99.15726027371807,1.2073628104508294e-23,4.8297096399795185,0
64.73333333333333,99.15874363188551,1.1854086525958349e-23,4.821208570174151,0
64.75,99.16022437910276,1.1638537614147952e-23,4.812722463626042,0
64.76666666666667,99.16170251996547,1.1426908744592168e-23,4.804251293997443,0
64.78333333333333,99.16317805906132,1.1219128614052529e-23,4.79579503499696,0
64.8,99.1646510009698,1.1015127216494892e-23,4.787353660379474,0
64.81666666666666,99.16612135026237,1.081483581948488e-23,4.778927143946068,0
64.83333333333333,99.1675891115025,1.0618186941013015e-23,4.770515459543933,0
64.85,99.16905428924551,1.0425114326741356e-23,4.762118581066298,0
64.86666666666666,99.17051688803882,1.0235552927664831e-23,4.753736482452343,0
64.88333333333334,99.1719769124218,1.0049438878178346e-23,4.745369137687115,0
64.9,99.17343436692582,9.866709474543903e-24,4.737016520801458,0
64.91666666666667,99.17488925607427,9.687303153748966e-24,4.72867860587192,0
64.93333333333334,99.1763415843826,9.511159472749978e-24,4.720355367020685,0
64.95,99.17779135635831,9.338219088093452e-24,4.712046778415479,0
64.96666666666667,99.17923857650095,9.168423735908176e-24,4.703752814269502,0
64.98333333333333,99.18068324930216,9.001716212261332e-24,4.695473448841341,0
65.0,99.18212537924568,8.838040353872114e-24,4.687208656434893,0
65.01666666666667,99.18356497080734,8.677341019176649e-24,4.678958411399284,0
65.03333333333333,99.1850020284551,8.519564069737217e-24,4.670722688128788,0
65.05,99.18643655664908,8.364656351989867e-24,4.66250146106275,0
65.06666666666666,99.1878685598415,8.212565679324424e-24,4.654294704685509,0
65.08333333333333,99.18929804247679,8.06324081449039e-24,4.646102393526313,0
65.1,99.19072500899154,7.916631452323122e-24,4.63792450215924,0
65.11666666666666,99.1921494638145,7.772688202784396e-24,4.629761005203127,0
65.13333333333334,99.1935714113667,7.631362574311668e-24,4.621611877321483,0
65.15,99.19499085606128,7.492606957470194e-24,4.613477093222413,0
65.16666666666667,99.19640780230375,7.356374608902908e-24,4.6053566276585425,0
65.18333333333334,99.19782225449173,7.222619635572169e-24,4.597250455426933,0
65.2,99.19923421701517,7.09129697928838e-24,4.589158551369009,0
65.21666666666667,99.20064369425631,6.962362401520187e-24,4.581080890370479,0
65.23333333333333,99.20205069058962,6.835772468481094e-24,4.573017447361254,0
65.25,99.20345521038189,6.711484536487519e-24,4.564968197315377,0
65.26666666666667,99.20485725799227,6.589456737583117e-24,4.556933115250935,0
65.28333333333333,99.20625683777219,6.469647965425044e-24,4.548912176229991,0
65.3,99.2076539540654,6.352017861426763e-24,4.540905355358502,0
65.31666666666666,99.20904861120808,6.23652680115322e-24,4.532912627786242,0
65.33333333333333,99.21044081352869,6.1231358809635044e-24,4.524933968706727,0
65.35,99.21183056534814,6.011806904896608e-24,4.516969353357134,0
65.36666666666666,99.21321787097969,5.902502371795879e-24,4.50901875701823,0
65.38333333333334,99.21460273472906,5.795185462667734e-24,4.501082155014286,0
65.4,99.2159851608943,5.68982002827039e-24,4.493159522713013,0
65.41666666666667,99.21736515376601,5.586370576928622e-24,4.485250835525475,0
65.43333333333334,99.21874271762717,5.484802262569927e-24,4.477356068906016,0
65.45,99.2201178567532,5.385080872978806e-24,4.469475198352187,0
65.46666666666667,99.22149057541205,5.287172818264514e-24,4.461608199404666,0
65.48333333333333,99.22286087786411,5.19104511953868e-24,4.453755047647182,0
65.5,99.22422876836232,5.096665397799152e-24,4.445915718706443,0
65.51666666666667,99.22559425115213,5.004001863015919e-24,4.438090188252056,0
65.53333333333333,99.22695733047144,4.913023303415748e-24,4.430278431996454,0
65.55,99.22831801055078,4.823699074961806e-24,4.422480425694821,0
65.56666666666666,99.22967629561317,4.735999091024643e-24,4.414696145145015,0
65.58333333333333,99.23103218987428,4.649893812241269e-24,4.406925566187493,0
65.6,99.23238569754228,4.565354236558606e-24,4.399168664705237,0
65.61666666666666,99.23373682281795,4.48235188945825e-24,4.391425416623681,0
65.63333333333334,99.23508556989468,4.400858814359038e-24,4.38369579791063,0
65.65,99.23643194295849,4.320847563194255e-24,4.375979784576195,0
65.66666666666667,99.23777594618807,4.242291187160392e-24,4.368277352672707,0
65.68333333333334,99.23911758375465,4.1651632276341e-24,4.360588478294654,0
65.7,99.2404568598222,4.089437707254514e-24,4.3529131375785965,0
65.71666666666667,99.24179377854735,4.015089121167881e-24,4.345251306703104,0
65.73333333333333,99.24312834407941,3.942092428431388e-24,4.337602961888673,0
65.75,99.24446056056037,3.870423043573549e-24,4.329968079397654,0
65.76666666666667,99.24579043212492,3.800056828307977e-24,4.322346635534182,0
65.78333333333333,99.24711796290053,3.730970083398204e-24,4.314738606644099,0
65.8,99.24844315700733,3.663139540670159e-24,4.307143969114885,0
65.81666666666666,99.24976601855828,3.5965423551703824e-24,4.299562699375578,0
65.83333333333333,99.251086551659,3.531156097466616e-24,4.2919947738967075,0
65.85,99.25240476040797,3.4669587460886956e-24,4.284440169190217,0
65.86666666666666,99.25372064889643,3.403928680106822e-24,4.276898861809394,0
65.88333333333334,99.25503422120839,3.342044671845046e-24,4.269370828348795,0
65.9,99.25634548142074,3.2812858797271635e-24,4.261856045444175,0
65.91666666666667,99.25765443360308,3.2216318412529304e-24,4.254354489772415,0
65.93333333333334,99.25896108181799,3.1630624661019592e-24,4.246866138051443,0
65.95,99.26026543012078,3.1055580293632055e-24,4.239390967040173,0
65.96666666666667,99.26156748255968,3.0490991648875442e-24,4.231928953538423,0
65.98333333333333,99.26286724317578,2.993666858761345e-24,4.224480074386852,0
66.0,99.26416471600304,2.9392424428988195e-24,4.217044306466877,0
66.01666666666667,99.26545990506837,2.8858075887508906e-24,4.209621626700614,0
66.03333333333333,99.26675281439155,2.8333443011286008e-24,4.202212012050794,0
66.05,99.26804344798529,2.781834912138832e-24,4.194815439520701,0
66.06666666666666,99.26933180985523,2.7312620752304483e-24,4.187431886154095,0
66.08333333333333,99.270617904,2.6816087593486874e-24,4.180061329035143,0
66.1,99.27190173441114,2.632858243195915e-24,4.1727037452883495,0
66.11666666666666,99.2731833050732,2.584994109596914e-24,4.16535911207848,0
66.13333333333334,99.27446261996369,2.5380002399665315e-24,4.158027406610499,0
66.15,99.27573968305315,2.4918608088781088e-24,4.150708606129487,0
66.16666666666667,99.2770144983051,2.4465602787306657e-24,4.143402687920583,0
66.18333333333334,99.2782870696761,2.402083394513156e-24,4.136109629308903,0
66.2,99.27955740111574,2.358415178663967e-24,4.12882940765948,0
66.21666666666667,99.28082549656668,2.315540926023917e-24,4.121562000377183,0
66.23333333333333,99.2820913599646,2.273446198881133e-24,4.114307384906653,0
66.25,99.2833549952383,2.2321168221060404e-24,4.107065538732236,0
66.26666666666667,99.28461640630961,2.191538878374881e-24,4.0998364393779045,0
66.28333333333333,99.28587559709348,2.151698703480121e-24,4.092620064407194,0
66.3,99.287132571498,2.1125828817262442e-24,4.085416391423135,0
66.31666666666666,99.28838733342435,2.0741782414091885e-24,4.078225398068175,0
66.33333333333333,99.28963988676684,2.036471850378148e-24,4.071047062024117,0
66.35,99.29089023541296,1.999451011678066e-24,4.0638813610120454,0
66.36666666666666,99.2921383832433,1.9631032592714148e-24,4.056728272792266,0
66.38333333333334,99.29338433413166,1.9274163538378022e-24,4.0495877751642215,0
66.4,99.29462809194503,1.892378278650025e-24,4.042459845966436,0
66.41666666666667,99.29586966054356,1.8579772355251125e-24,4.035344463076441,0
66.43333333333334,99.29710904378062,1.824201640849077e-24,4.028241604410705,0
66.45,99.29834624550283,1.791040121673942e-24,4.021151247924569,0
66.46666666666667,99.29958126954996,1.758481511885813e-24,4.014073371612175,0
66.48333333333333,99.3008141197551,1.7265148484426466e-24,4.007007953506402,0
66.5,99.30204479994457,1.695129367680475e-24,3.9999549716787888,0
66.51666666666667,99.30327331393792,1.6643145016868153e-24,3.9929144042394773,0
66.53333333333333,99.30449966554805,1.6340598747400583e-24,3.9858862293371353,0
66.55,99.30572385858108,1.6043552998136686e-24,3.9788704251588967,0
66.56666666666666,99.30694589683644,1.575190775143927e-24,3.9718669699302853,0
66.58333333333333,99.30816578410688,1.546556480860178e-24,3.9648758419151537,0
66.6,99.30938352417851,1.5184427756763183e-24,3.9578970194156127,0
66.61666666666666,99.31059912083074,1.4908401936425216e-24,3.9509304807719667,0
66.63333333333334,99.31181257783633,1.4637394409560325e-24,3.9439762043626416,0
66.65,99.3130238989614,1.4371313928300021e-24,3.9370341686041237,0
66.66666666666667,99.31423308796546,1.4110070904192586e-24,3.930104351950888,0
66.68333333333334,99.31544014860138,1.3853577378020245e-24,3.923186732895334,0
66.7,99.31664508461542,1.3601746990165404e-24,3.916281289967718,0
66.71666666666667,99.31784789974728,1.335449495151599e-24,3.909388001736086,0
66.73333333333333,99.31904859773005,1.3111738014899993e-24,3.9025068468062076,0
66.75,99.32024718229025,1.2873394447039724e-24,3.8956378038215105,0
66.76666666666667,99.32144365714782,1.2639384001016354e-24,3.8887808514630127,0
66.78333333333333,99.32263802601621,1.2409627889235278e-24,3.881935968449258,0
66.8,99.3238302926023,1.2184048756883251e-24,3.8751031335362476,0
66.81666666666666,99.32502046060642,1.1962570655868542e-24,3.868282325517376,0
66.83333333333333,99.32620853372245,1.174511901923509e-24,3.8614735232233666,0
66.85,99.3273945156377,1.1531620636041972e-24,3.854676705522201,0
66.86666666666666,99.32857841003306,1.1322003626699979e-24,3.8478918513190594,0
66.88333333333334,99.32976022058287,1.1116197418756913e-24,3.841118939556251,0
66.9,99.33093995095504,1.0914132723123294e-24,3.8343579492131483,0
66.91666666666667,99.33211760481103,1.0715741510730449e-24,3.8276088593061273,0
66.93333333333334,99.33329318580583,1.0520956989613474e-24,3.8208716488884957,0
66.95,99.33446669758803,1.0329713582410962e-24,3.8141462970504314,0
66.96666666666667,99.33563814379976,1.014194690427382e-24,3.8074327829189176,0
66.98333333333333,99.33680752807675,9.957593741176373e-25,3.8007310856576773,0
67.0,99.33797485404837,9.776592028621637e-25,3.7940411844671065,0
67.01666666666667,99.33914012533755,9.598880830734157e-25,3.7873630585842153,0
67.03333333333333,99.34030334556087,9.42440031973318e-25,3.7806966872825583,0
67.05,99.34146451832855,9.253091755779056e-25,3.774042049872172,0
67.06666666666666,99.34262364724441,9.084897467186414e-25,3.76739912569951,0
67.08333333333333,99.34378073590598,8.919760830997213e-25,3.760767894147381,0
67.1,99.34493578790443,8.757626253907121e-25,3.7541483346348823,0
67.11666666666666,99.34608880682462,8.598439153538973e-25,3.747540426617337,0
67.13333333333334,99.34723979624509,8.442145940056865e-25,3.74094414958623,0
67.15,99.34838875973811,8.288693998114467e-25,3.7343594830691456,0
67.16666666666667,99.34953570086961,8.138031669132117e-25,3.7277864066297006,0
67.18333333333334,99.35068062319931,7.990108233895821e-25,3.7212248998674857,0
67.2,99.3518235302806,7.8448738954731885e-25,3.714674942417998,0
67.21666666666667,99.35296442566063,7.702279762439929e-25,3.70813651395258,0
67.23333333333333,99.35410331288035,7.562277832411406e-25,3.7016095941783558,0
67.25,99.35524019547444,7.424820975873892e-25,3.695094162838168,0
67.26666666666667,99.35637507697135,7.28986292030998e-25,3.6885901997105153,0
67.28333333333333,99.35750796089334,7.1573582346124665e-25,3.68209768460949,0
67.3,99.35863885075648,7.027262313782019e-25,3.6756165973847144,0
67.31666666666666,99.35976775007063,6.899531363903132e-25,3.669146917921278,0
67.33333333333333,99.36089466233946,6.774122387393259e-25,3.6626886261396763,0
67.35,99.36201959106052,6.650993168520407e-25,3.6562417019957496,0
67.36666666666666,99.36314253972515,6.530102259183927e-25,3.6498061254806164,0
67.38333333333334,99.36426351181856,6.411408964954303e-25,3.6433818766206167,0
67.4,99.36538251081987,6.294873331366527e-25,3.636968935477245,0
67.41666666666667,99.36649954020201,6.180456130462981e-25,3.6305672821470916,0
67.43333333333334,99.36761460343187,6.0681188475810245e-25,3.624176896761782,0
67.45,99.36872770397017,5.957823668380867e-25,3.617797759487909,0
67.46666666666667,99.36983884527153,5.849533466109618e-25,3.6114298505269806,0
67.48333333333333,99.37094803078459,5.743211789096608e-25,3.6050731501153495,0
67.5,99.37205526395181,5.638822848476486e-25,3.5987276385241556,0
67.51666666666667,99.37316054820964,5.536331506135589e-25,3.592393296059268,0
67.53333333333333,99.37426388698849,5.43570326287727e-25,3.586070103061217,0
67.55,99.37536528371268,5.336904246802853e-25,3.5797580399051396,0
67.56666666666666,99.3764647418006,5.239901201903692e-25,3.5734570870007145,0
67.58333333333333,99.37756226466452,5.144661476860813e-25,3.5671672247921022,0
67.6,99.37865785571076,5.051153014048256e-25,3.5608884337578846,0
67.61666666666666,99.37975151833962,4.959344338736445e-25,3.554620694411005,0
67.63333333333334,99.38084325594544,4.8692045484919025e-25,3.548363987298707,0
67.65,99.38193307191656,4.780703302769758e-25,3.5421182930024737,0
67.66666666666667,99.3830209696354,4.6938108126956945e-25,3.53588359213797,0
67.68333333333334,99.38410695247836,4.60849783103347e-25,3.5296598653549767,0
67.7,99.38519102381593,4.524735642335178e-25,3.5234470933373374,0
67.71666666666667,99.38627318701268,4.442496053270564e-25,3.517245256802893,0
67.73333333333333,99.38735344542727,4.36175138313217e-25,3.511054336503426,0
67.75,99.38843180241237,4.282474454513238e-25,3.504874313224598,0
67.76666666666667,99.38950826131484,4.204638584155165e-25,3.4987051677858902,0
67.78333333333333,99.3905828254756,4.1282175739614615e-25,3.492546881040546,0
67.8,99.39165549822974,4.05318570217498e-25,3.4863994338755084,0
67.81666666666666,99.3927262829064,3.9795177147158474e-25,3.4802628072113646,0
67.83333333333333,99.39379518282888,3.907188816676773e-25,3.474136982002283,0
67.85,99.39486220131471,3.8361746639730866e-25,3.4680219392359573,0
67.86666666666666,99.3959273416755,3.7664513551446614e-25,3.461917659933544,0
67.88333333333334,99.39699060721705,3.6979954233069367e-25,3.455824125149607,0
67.9,99.39805200123934,3.630783828248306e-25,3.4497413159720565,0
67.91666666666667,99.39911152703654,3.5647939486712345e-25,3.4436692135220914,0
67.93333333333334,99.40016918789705,3.500003574574522e-25,3.43760779895414,0
67.95,99.40122498710345,3.4363908997741254e-25,3.4315570534558018,0
67.96666666666667,99.40227892793254,3.373934514559952e-25,3.4255169582477896,0
67.98333333333333,99.40333101365538,3.3126133984862416e-25,3.4194874945838705,0
68.0,99.40438124753727,3.252406913293025e-25,3.413468643750808,0
68.01666666666667,99.40542963283771,3.193294795956439e-25,3.407460387068304,0
68.03333333333333,99.40647617281054,3.1352571518652937e-25,3.401462705888941,0
68.05,99.4075208707038,3.0782744481218253e-25,3.3954755815981232,0
68.06666666666666,99.40856372975988,3.022327506964273e-25,3.3894989956140202,0
68.08333333333333,99.40960475321543,2.967397499309067e-25,3.383532929387509,0
68.1,99.41064394430138,2.9134659384104396e-25,3.3775773644021143,0
68.11666666666666,99.41168130624301,2.8605146736354215e-25,3.371632282173955,0
68.13333333333334,99.4127168422599,2.80852588435197e-25,3.365697664251683,0
68.15,99.41375055556598,2.7574820739283294e-25,3.3597734922164286,0
68.16666666666667,99.41478244936953,2.707366063841438e-25,3.353859747681741,0
68.18333333333334,99.41581252687315,2.658160987892549e-25,3.3479564122935335,0
68.2,99.41684079127381,2.609850286528029e-25,3.3420634677300263,0
68.21666666666667,99.41786724576289,2.5624177012634304e-25,3.336180895701687,0
68.23333333333333,99.41889189352612,2.515847269209005e-25,3.3303086779511775,0
68.25,99.41991473774364,2.470123317694711e-25,3.324446796253295,0
68.26666666666667,99.42093578158996,2.425230458993051e-25,3.318595232414914,0
68.28333333333333,99.42195502823404,2.3811535851378072e-25,3.3127539682749356,0
68.3,99.42297248083923,2.3378778628371044e-25,3.306922985704225,0
68.31666666666666,99.42398814256335,2.2953887284788426e-25,3.301102266605558,0
68.33333333333333,99.42500201655861,2.2536718832271174e-25,3.2952917929135634,0
