time_hours,I2_center_nM,S2_free_center_nM,S2_total_center_nM,I1O2_active
0.0,100.0,0.0,0.0,1
0.016666666666666666,99.98589171984055,0.04707397567230955,1.18682729463213,1
0.03333333333333333,99.9562987880988,0.09880936749300749,3.6160524479386,1
0.05,99.91356369899674,0.14281718582545566,7.066046492548443,1
0.06666666666666667,99.85972456023687,0.1801115252853484,11.351328210770353,1
0.08333333333333333,99.79600042571809,0.2134237153230273,16.35300738853222,1
0.1,99.72298891669736,0.24483008243110288,21.999694588736038,1
0.11666666666666667,99.64087250078042,0.2757230346998327,28.249878264292896,1
0.13333333333333333,99.54955024908602,0.3070593036878629,35.08060617428174,1
0.15,99.4487146987603,0.33954299435141383,42.48052782596259,1
0.16666666666666666,99.33789591327293,0.3737352199453509,50.4454697958792,1
0.18333333333333332,99.21648652235355,0.4101179888609276,58.97543139495624,1
0.2,99.08375556198882,0.4491321965366365,68.0723717156757,1
0.21666666666666667,98.93885554806975,0.491201009200382,77.73843272050388,1
0.23333333333333334,98.780825379812,0.5367447719383786,87.97439461305832,1
0.25,98.60859067445739,0.5861907703102391,98.77824638601912,1
0.26666666666666666,98.42096259573763,0.6399796593336948,110.14380725161901,1
0.2833333333333333,98.21663590925895,0.6985695341530297,122.05937246143912,1
0.3,97.99418711693343,0.7624380861595323,134.50636898773604,1
0.31666666666666665,97.75207286294153,0.8320830379909749,147.45806446336934,1
0.3333333333333333,97.48862962946991,0.9080207226479637,160.87834619369892,1
0.35,97.20207523835019,0.9907825334141386,174.7206405789806,1
0.36666666666666664,96.89051302927412,1.080908756216776,188.92704751335393,1
0.38333333333333336,96.55193972083693,1.1789391028170393,203.42778210658122,1
0.4,96.18425817104323,1.285399066112621,218.14102776411403,1
0.4166666666666667,95.78529648839611,1.4007810418782682,232.97331016704288,1
0.43333333333333335,95.35283517372775,1.5255190532394594,247.8204981440819,1
0.45,94.88464414162324,1.6599559615845692,262.5695215616919,1
0.4666666666666667,94.3785314876999,1.8043023833143317,277.1008648328249,1
0.48333333333333334,93.8324055996983,1.9585873321048675,291.2918445698819,1
0.5,93.24435148237434,2.1226020609268317,305.020609736848,1
0.5166666666666667,92.6127207935856,2.295840812726162,318.170713565027,1
0.5333333333333333,91.93623294285796,2.4774451276699603,330.6360042707326,1
0.55,91.21408172226056,2.6661615415498168,342.3254786924736,1
0.5666666666666667,90.44603866067435,2.8603249691150157,353.16765963379646,1
0.5833333333333334,89.63254134321353,3.0578803671067507,363.114020626565,1
0.6,88.77475343920841,3.256451955728228,372.1410174722401,1
0.6166666666666667,87.87458368070841,3.4534617656388042,380.2504160079922,1
0.6333333333333333,86.93465611937707,3.646288361629324,387.4678045407583,1
0.65,85.95822924689328,3.8324457650171952,393.8394522759468,1
0.6666666666666666,84.94907080255011,4.0097552768249525,399.4279067387169,1
0.6833333333333333,83.91130179025544,4.17648280267432,404.30689709272724,1
0.7,82.84922762069193,4.331421693060577,408.55615873257443,1
0.7166666666666667,81.76717469645655,4.473913503793433,412.25672181114965,1
0.7333333333333333,80.66934763240296,4.603812096809257,415.4870452160204,1
0.75,79.5597164871094,4.7214058572378885,418.3201829589486,1
0.7666666666666667,78.44193853041581,4.827317120358318,420.8219883898698,1
0.7833333333333333,77.3193124657782,4.9223965132776115,423.0502365740405,1
0.8,76.19476092201552,5.007625782968414,425.0544713511597,1
0.8166666666666667,75.07083479925363,5.084037097737012,426.8763670990225,1
0.8333333333333334,73.9497329271122,5.152651882981999,428.55041227977813,1
0.85,72.83333117960387,5.214438646425475,430.10475797566403,1
0.8666666666666667,71.72321633045647,5.270287195605285,431.5621161573288,1
0.8833333333333333,70.62072117166394,5.3209956549749,432.94063072028416,1
0.9,69.52695855276528,5.367266897764748,434.25467586066196,1
0.9166666666666666,68.44285291376742,5.40971122077642,435.5155593376805,1
0.9333333333333333,67.36916866226291,5.448852846838253,436.7321239828869,1
0.95,66.3065347078964,5.485138432640283,437.9112513039243,1
0.9666666666666667,65.2554661100148,5.518946324035175,439.05827472645404,1
0.9833333333333333,64.21638213944637,5.550595728016872,440.17731495603437,1
1.0,63.18962157663259,5.580355321416241,441.27154856705397,1
1.0166666666666666,62.17545550571729,5.608451033526351,442.34342119013644,1
1.0333333333333334,61.1740979637336,5.6350729011470895,443.39481540149677,1
1.05,60.185714778631116,5.660380992077321,444.42718206195707,1
1.0666666666666667,59.21043089427013,5.684510450506483,445.4416424762859,1
1.0833333333333333,58.24833644149307,5.707575747629167,446.4390674590063,1
1.1,57.29949177604763,5.729674232756809,447.4201382548868,1
1.1166666666666667,56.363931668720866,5.7508890811064655,448.3853932884732,1
1.1333333333333333,55.44166880158886,5.771291729006984,449.3352639038074,1
1.15,54.5326966970966,5.790943878576642,450.27010158868643,1
1.1666666666666667,53.63699218363619,5.809899143969721,451.1901986387065,1
1.1833333333333333,52.754517482037784,5.828204401244794,452.0958037852366,1
1.2,51.885221981479106,5.845900894451665,452.98713396978746,1
1.2166666666666666,51.02904376028711,5.86302514200472,453.86438317839804,1
1.2333333333333334,50.18591089649604,5.8796096799306,454.7277290394073,1
1.25,49.35574260443468,5.89568367215799,455.57733772437774,1
1.2666666666666666,48.53845022668198,5.911273412585073,456.41336756519996,1
1.2833333333333334,47.733938105151275,5.926402739120377,457.2359717025961,1
1.3,46.94210435058133,5.9410933761311835,458.0453000060063,1
1.3166666666666667,46.16284152611612,5.95536521863878,458.8415004471448,1
1.3333333333333333,45.39603725777008,5.969236569069316,459.6247200653812,1
1.35,44.64157478226105,5.982724335307014,460.39510562942843,1
1.3666666666666667,43.899333440833296,5.99584419712461,461.1528040741876,1
1.3833333333333333,43.16918912619817,6.008610746711241,461.89796277211667,1
1.4,42.451014688514356,6.021037607925302,462.63072968372535,1
1.4166666666666667,41.7446803053561,6.033137538018776,463.3512534206203,1
1.4333333333333333,41.05005381982853,6.0449225148683,464.059683246077,1
1.45,40.3670010503475,6.056403812177634,464.7561690317474,1
1.4666666666666666,39.69538607507734,6.0675920646558374,465.440861184315,1
1.4833333333333334,39.035071493590216,6.078497324804521,466.1139105523078,1
1.5,38.38591866795657,6.08912911264973,466.7754683205737,1
1.5166666666666666,37.74778794518332,6.099496459513068,467.42568589790034,1
1.5333333333333334,37.12053886267206,6.109607946721907,468.06471480174895,1
1.55,36.50403033816524,6.119471740002485,468.6927065429462,1
1.5666666666666667,35.898120845476264,6.129095620170687,469.3098125123386,1
1.5833333333333333,35.30266857715368,6.1384870106336775,469.9161838707971,1
1.6,34.71753159510549,6.147653002129428,470.5119714434975,1
1.6166666666666667,34.14256797010307,6.156600375063832,471.0973256190702,1
1.6333333333333333,33.57763591099276,6.165335619748129,471.6723962539651,1
1.65,33.02259388436335,6.173864954792792,472.23733258220034,1
1.6666666666666667,32.47730072534866,6.182194343876212,472.7922831305359,1
1.6833333333333333,31.941615740183455,6.190329511074613,473.33739563902293,1
1.7,31.415398801077707,6.198275954913287,473.8728169868162,1
1.7166666666666666,30.898510433926827,6.206038961277503,474.3986931230966,1
1.7333333333333334,30.390811899333116,6.2136236153022475,474.9151690029186,1
1.75,29.892165267376757,6.221034812345872,475.4223885277863,1
1.7666666666666666,29.40243348654036,6.228277268137502,475.9204944907494,1
1.7833333333333334,28.92148044716119,6.235355528179201,476.40962852580543,1
1.8,28.449171039757758,6.242273976472353,476.8899310614015,1
1.8166666666666667,27.985371208552515,6.249036843630774,477.3615412778239,1
1.8333333333333333,27.529948000490165,6.255648214435705,477.8245970682776,1
1.85,27.08276961003033,6.262112034881583,478.2792350034566,1
1.8666666666666667,26.643705419974644,6.268432118756427,478.72559029941965,1
1.8833333333333333,26.212626038571265,6.274612153795947,479.16379678858976,1
1.9,25.7894033331238,6.280655707446535,479.5939868937051,1
1.9166666666666667,25.373910460317365,6.28656623226899,480.01629160455764,1
1.9333333333333333,24.966021893460915,6.292347071011043,480.4308404573615,1
1.95,24.565613446832764,6.298001461374976,480.83776151660385,1
1.9666666666666666,24.172562297304644,6.30353254050326,481.23718135923497,1
1.9833333333333334,23.786747003409115,6.308943349203734,481.6292250610644,1
2.0,23.408047522005273,6.314236835933503,482.014016185235,1
2.0166666666666666,23.036345222688535,6.319415860558844,482.39167677265283,1
2.033333333333333,22.671522900081676,6.324483197907704,482.7623273342605,1
2.05,22.31346478413651,6.329441541128936,483.12608684504204,1
2.066666666666667,21.96205654856792,6.334293504871843,483.48307273965787,1
2.0833333333333335,21.61718531753528,6.339041628298486,483.8334009096106,1
2.1,21.27873967067956,6.34368837793976,484.1771857018502,1
2.1166666666666667,20.946609646618466,6.348236150405732,484.51453991872796,1
2.1333333333333333,20.62068674499625,6.352687274959895,484.84557481921763,1
2.15,20.300863927179336,6.357044015965922,485.1704001213234,1
2.1666666666666665,19.98703561568409,6.36130857521514,485.48912400559993,1
2.183333333333333,19.679097692418065,6.365483094142114,485.8018531197122,1
2.2,19.376947495811855,6.369569655935639,486.10869258396815,1
2.216666666666667,19.080483816914313,6.373570287550809,486.40974599775944,1
2.2333333333333334,18.789606894519984,6.377486961628897,486.7051154468504,1
2.25,18.504218409393935,6.381321598330064,486.99490151145505,1
2.2666666666666666,18.22422147765557,6.385076067084033,487.2792032750506,1
2.283333333333333,17.949520643379714,6.388752188263681,487.55811833387196,1
2.3,17.680021870470146,6.3923517347857315,487.8317428070413,1
2.316666666666667,17.415632533857746,6.395876433643108,488.1001713472828,1
2.3333333333333335,17.15626141007269,6.3993279673716845,488.3634971521806,1
2.35,16.90181866723733,6.402707975456667,488.62181197593736,1
2.3666666666666667,16.65221585452407,6.40601805568021,488.87520614159195,1
2.3833333333333333,16.407365891120048,6.409259765414603,489.12376855366114,1
2.4,16.167183054738164,6.412434622863413,489.36758671116786,1
2.4166666666666665,15.931582969711984,6.415544108253185,489.60674672102203,1
2.433333333333333,15.700482594709877,6.418589664978649,489.84133331172313,1
2.45,15.473800210101937,6.421572685451536,490.07142983210116,1
2.466666666666667,15.251455405177364,6.424494569804342,490.2971183229091,1
2.4833333333333334,15.033369064477686,6.427356647569598,490.51847945280576,1
2.5,14.819463354640465,6.430160223976389,490.7355925776868,1
2.5166666666666666,14.609661710625483,6.4329065736140585,490.94853574840505,1
2.533333333333333,14.403888821777102,6.435596940470584,491.1573857249667,1
2.55,14.202070617712554,6.438232538658102,491.3622179915719,1
2.566666666666667,14.004134254053318,6.440814553219078,491.56310677188065,1
2.5833333333333335,13.810008098019713,6.443344140928413,491.7601250444027,1
2.6,13.619621713908357,6.445822431074804,491.95334455797615,1
2.6166666666666667,13.43290584847133,6.44825052621773,492.1428358473123,1
2.6333333333333333,13.24979241621483,6.450629502919895,492.32866824859013,1
2.65,13.070214484634107,6.452960412455368,492.51090991508295,1
2.6666666666666665,12.894106259400488,6.455244281494252,492.68962783280386,1
2.683333333333333,12.721403069515468,6.4574821127647954,492.86488783615596,1
2.7,12.55204135244581,6.459674885693842,493.03675462357376,1
2.716666666666667,12.385958639252905,6.46182355702638,493.2052917731446,1
2.7333333333333334,12.223093539728733,6.463929061425196,493.37056175819816,1
2.75,12.063385727550106,6.465992312051218,493.5326259628542,1
2.7666666666666666,11.906775925462068,6.468014201125531,493.6915446975179,1
2.783333333333333,11.753205890500684,6.469995600473733,493.84737721431327,1
2.8,11.602618399264777,6.471937362053402,494.00018172244785,1
2.816666666666667,11.454957233245613,6.473840318464832,494.15001540349755,1
2.8333333333333335,11.31016716422284,6.47570528344655,494.2969344266068,1
2.85,11.168193939734515,6.477533052355643,494.440993963596,1
2.8666666666666667,11.028984268628495,6.479324402633408,494.58224820396833,1
2.8833333333333333,10.892485806701966,6.481080094256967,494.720750369813,1
2.9,10.758647142435358,6.4828008701780435,494.85655273059626,1
2.9166666666666665,10.627417782826551,6.484487456747847,494.9897066178363,1
2.933333333333333,10.498748139330715,6.486140564130332,495.1202624396573,1
2.95,10.372589513910805,6.487760886702886,495.24826969521837,1
2.966666666666667,10.248894085203322,6.489349103445727,495.3737769890121,1
2.9833333333333334,10.127614894803552,6.490905878319917,495.4968320450308,1
3.0,10.008705833674176,6.492431860634796,495.61748172079547,1
3.0166666666666666,9.89212162868083,6.493927685404742,495.73577202124534,1
3.033333333333333,9.777817829257813,6.495393973696086,495.8517481124849,1
3.05,9.665750794206899,6.496831332964203,495.96545433538614,1
3.066666666666667,9.555877678631925,6.498240357381383,496.0769342190429,1
3.0833333333333335,9.448156421011529,6.499621628155334,496.18623049407705,1
3.1,9.34254573041217,6.500975713839188,496.2933851057927,1
3.1166666666666667,9.239005073843321,6.502303170633106,496.39843922717847,1
3.1333333333333333,9.137494663756542,6.5036045426772295,496.50143327175607,1
3.15,9.037975445689835,6.504880362337213,496.602406906273,1
3.1666666666666665,8.940409086058557,6.506131150481781,496.70139906324073,1
3.183333333333333,8.84475796009396,6.507357416753078,496.7984479533151,1
3.2,8.7509851399302,6.508559659829594,496.8935910775201,1
3.216666666666667,8.659054382840573,6.509738367682218,496.9868652393142,1
3.2333333333333334,8.568930119623472,6.510894017823553,497.07830655649815,1
3.25,8.480577443138479,6.512027077550813,497.1679504729647,1
3.2666666666666666,8.393962096992864,6.513138004182239,497.25583177029176,1
3.283333333333333,8.309050464378558,6.51422724528736,497.3419845791755,1
3.3,8.22580955705963,6.515295238911289,497.4264423907075,1
3.316666666666667,8.144207004510108,6.5163424137934385,497.5092380674933,1
3.3333333333333335,8.06421104320193,6.517369189580488,497.5904038546155,1
3.35,7.985790506042634,6.518375977033816,497.6699713904393,1
3.3666666666666667,7.908914811962378,6.519363178231899,497.7479717172631,1
3.3833333333333333,7.833553955649718,6.52033118676749,497.8244352918138,1
3.4,7.75967849743555,6.521280387939626,497.8993919955886,1
3.4166666666666665,7.687259553324487,6.522211158941212,497.97287114504246,1
3.433333333333333,7.616268785172877,6.523123869041556,498.04490150162496,1
3.45,7.546678391012627,6.524018879764677,498.1155112816645,1
3.466666666666667,7.478461095519921,6.524896545062844,498.1847281661028,1
3.4833333333333334,7.4115901406278235,6.525757211486085,498.25257931008014,1
3.5,7.346039276281752,6.526601218347471,498.31909135237373,1
3.5166666666666666,7.281782751336729,6.527428897884178,498.3842904246881,1
3.533333333333333,7.218795304595258,6.528240575414969,498.4482021608013,1
3.55,7.157052155984675,6.529036569493571,498.5108517055665,1
3.566666666666667,7.096528997872707,6.529817192058118,498.5722637237704,1
3.5833333333333335,7.037201986520031,6.530582748577656,498.6324624088525,1
3.6,6.979047733668473,6.531333538194311,498.6914714914815,1
3.6166666666666667,6.922043298263597,6.532069853862681,498.74931424799536,1
3.6333333333333333,6.86616617831026,6.532791982485503,498.80601350870415,1
3.65,6.81139430285979,6.533500205046298,498.86159166605694,1
3.6666666666666665,6.757706024127382,6.534194796738668,498.9160706826747,1
3.683333333333333,6.705080109738277,6.534876027092655,498.9694720992511,1
3.7,6.653495735101284,6.535544160098125,499.02181704232294,1
3.716666666666667,6.602932475908199,6.53619945432516,499.0731262319098,1
3.7333333333333334,6.553370300757631,6.536842163041576,499.1234199890273,1
3.75,6.504789563901769,6.537472534327859,499.1727182430737,1
3.7666666666666666,6.45717099811458,6.538090811189194,499.2210405390914,1
3.783333333333333,6.410495707679949,6.538697231665111,499.2684060449062,1
3.8,6.364745161498253,6.53929202893636,499.31483355814515,1
3.816666666666667,6.319901186309838,6.539875431429399,499.3603415131334,1
3.8333333333333335,6.275945960033907,6.540447662918509,499.40494798767406,1
3.85,6.232862005221281,6.541008942625466,499.4486707097109,1
3.8666666666666667,6.190632182619527,6.541559485316993,499.4915270638764,1
3.8833333333333333,6.1492396848489195,6.542099501399902,499.53353409792516,1
3.9,6.108668030187734,6.542629197014037,499.574708529057,1
3.9166666666666665,6.068901056465348,6.543148774123267,499.6150667501287,1
3.933333333333333,6.029922915061636,6.5436584306041485,499.6546248357571,1
3.95,5.991718065011174,6.544158360332777,499.6933985483155,1
3.966666666666667,5.954271267210713,6.544648753269489,499.7314033438241,1
3.9833333333333334,5.9175675787284785,6.545129795541878,499.7686543777367,1
4.0,5.88159234721376,6.545601669525695,499.80516651062425,1
4.016666666666667,5.846331205405359,6.546064553924039,499.84095431375846,1
4.033333333333333,5.811770065737382,6.546518623844702,499.87603207459455,1
4.05,5.777895115040958,6.546964050876029,499.9104138021575,1
4.066666666666666,5.744692809340404,6.5474010031605685,499.94411323233084,1
4.083333333333333,5.7121498687424035,6.547829645467606,499.97714383305157,1
4.1,5.680253272416789,6.548250139263837,500.00951880941,1
4.116666666666666,5.648990253667484,6.548662642782283,500.0412511086589,1
4.133333333333334,5.618348295092224,6.549067311090103,500.0723534251319,1
4.15,5.588315123829644,6.549464296154608,500.1028382050724,1
4.166666666666667,5.558878706892373,6.549853746907819,500.13271765137466,1
4.183333333333334,5.53002724658476,6.550235809309619,500.16200372823926,1
4.2,5.501749176003867,6.550610626409751,500.19070816574305,1
4.216666666666667,5.474033154622416,6.550978338407951,500.21884246432546,1
4.233333333333333,5.446868063952346,6.551339082713302,500.2464178991941,1
4.25,5.420243003287673,6.551692994001977,500.27344552464695,1
4.266666666666667,5.394147285525357,6.552040204273662,500.29993617831747,1
4.283333333333333,5.368570433062903,6.552380842907011,500.32590048534087,1
4.3,5.343502173771405,6.552715036713722,500.351348862442,1
4.316666666666666,5.318932437042821,6.553042909991307,500.37629152195063,1
4.333333333333333,5.294851349910196,6.553364584575086,500.40073847573916,1
4.35,5.271249233239644,6.5536801798886755,500.42469953909006,1
4.366666666666666,5.248116597992866,6.55398981299356,500.44818433448967,1
4.383333333333334,5.225444141559029,6.554293598637536,500.4712022953517,1
4.4,5.203222744154792,6.554591649302374,500.4937626696727,1
4.416666666666667,5.181443465291374,6.5548840752498165,500.51587452361747,1
4.433333333333334,5.160097540307464,6.555170984567382,500.5375467450386,1
4.45,5.139176376966884,6.5554524832125125,500.5587880469295,1
4.466666666666667,5.118671552119856,6.555728675056182,500.5796069708138,1
4.483333333333333,5.098574808426796,6.555999661925428,500.6000118900694,1
4.5,5.0788780511435485,6.556265543644958,500.6200110131915,1
4.516666666666667,5.059573344966978,6.556526418077886,500.63961238699414,1
4.533333333333333,5.040652910939875,6.556782381165622,500.65882389975,1
4.55,5.022109123414134,6.557033526966924,500.6776532842733,1
4.566666666666666,5.0039345070711825,6.557279947696088,500.6961081209418,1
4.583333333333333,4.986121733998644,6.557521733760238,500.7141958406641,1
4.6,4.968663620822246,6.55775897379604,500.7319237277893,1
4.616666666666666,4.951553125892001,6.557991754705412,500.7492989229616,1
4.633333333333334,4.934783346521678,6.558220161690671,500.7663284259212,1
4.65,4.918347516280626,6.558444278288788,500.78301909825205,1
4.666666666666667,4.902239002337013,6.5586641864050215,500.7993776660766,1
4.683333333333334,4.886451302851558,6.558879966345786,500.8154107227003,1
4.7,4.870978044420857,6.5590916968508015,500.83112473120474,1
4.716666666666667,4.8558129795693805,6.5592994551246075,500.84652602699185,1
4.733333333333333,4.8409499842893045,6.55950331686757,500.8616208202792,1
4.75,4.826383055627286,6.559703356305882,500.8764151985482,1
4.766666666666667,4.812106309317328,6.5598996462212344,500.8909151289452,1
4.783333333333333,4.798113977458911,6.560092257979827,500.905126460636,1
4.8,4.784400406239563,6.5602812615605615,500.91905492711584,1
4.816666666666666,4.7709600597885045,6.56046672558299,500.93270612638617,1
4.833333333333333,4.757787499479268,6.5606487166995615,500.94608559385614,1
4.85,4.74487740053873,6.560827301556997,500.95919872872406,1
4.866666666666666,4.732224543599082,6.561002544934473,500.9720508231247,1
4.883333333333334,4.719823812631844,6.5611745102767225,500.98464706461823,1
4.9,4.707670192920653,6.561343259786118,500.9969925382357,1
4.916666666666667,4.695758769072911,6.561508854459914,501.0090922284514,1
4.933333333333334,4.684084723069687,6.56167135411706,501.02095102112344,1
4.95,4.672643332353234,6.561830817422024,501.03257370540575,1
4.966666666666667,4.661429967951392,6.561987301907634,501.04396497562817,1
4.983333333333333,4.650440092638226,6.562140863997211,501.0551294331469,1
5.0,4.639669259130206,6.56229155902609,501.06607158816206,1
5.016666666666667,4.629113108317279,6.562439441262923,501.0767958615042,1
5.033333333333333,4.618767367528165,6.562584563930601,501.08730658638655,1
5.05,4.608627848829253,6.562726979226696,501.09760801012635,1
5.066666666666666,4.598690447356449,6.5628667383435895,501.1077042958326,1
5.083333333333333,4.588951139679379,6.563003891488009,501.11759952406265,1
5.1,4.579405982197318,6.563138487900795,501.1272976944472,1
5.116666666666666,4.570051109566263,6.563270575875524,501.1368027272832,1
5.133333333333334,4.560882733156558,6.5634002027772995,501.14611846509763,1
5.15,4.551897139540492,6.563527415060942,501.1552486741793,1
5.166666666666667,4.543090689009311,6.563652258289019,501.16419704608285,1
5.183333333333334,4.534459814119077,6.563774777149172,501.17296719910155,1
5.2,4.526001018264845,6.563895015471476,501.1815626797136,1
5.216666666666667,4.517710874282606,6.564013016245131,501.18998696399854,1
5.233333333333333,4.509586023078479,6.564128821635088,501.1982434590271,1
5.25,4.501623172284625,6.564242472998252,501.20633550422366,1
5.266666666666667,4.493819094941392,6.564354010899219,501.2142663727022,1
5.283333333333333,4.486170628205163,6.564463475125756,501.22203927257556,1
5.3,4.478674672081458,6.564570904704181,501.2296573482408,1
5.316666666666666,4.471328188182776,6.564676337914225,501.2371236816373,1
5.333333333333333,4.464128198510705,6.56477981230337,501.24444129348166,1
5.35,4.45707178426187,6.56488136470167,501.2516131444782,1
5.366666666666666,4.450156084657213,6.5649810312353605,501.25864213650596,1
5.383333333333334,4.4433782957942105,6.56507884734072,501.26553111378104,1
5.4,4.436735669521547,6.565174847777576,501.2722828639984,1
5.416666666666667,4.430225512335839,6.565269066642501,501.27890011944976,1
5.433333333333334,4.423845184299979,6.565361537381637,501.2853855581202,1
5.45,4.417592097982675,6.5654522928034496,501.29174180476264,1
5.466666666666667,4.4114637174188,6.56554136509126,501.2979714319521,1
5.483333333333333,4.4054575570901315,6.565628785815107,501.30407696111877,1
5.5,4.399571180926092,6.565714585943978,501.3100608635601,1
5.516666666666667,4.393802201324114,6.5657987958573365,501.31592556143534,1
5.533333333333333,4.388148278189249,6.56588144535655,501.32167342873754,1
5.55,4.382607117992629,6.56596256367631,501.32730679224835,1
5.566666666666666,4.377176472848462,6.566042179495296,501.3328279324738,1
5.583333333333333,4.37185413960914,6.566120320947292,501.3382390845612,1
5.6,4.366637958978172,6.566197015631587,501.34354243919853,1
5.616666666666666,4.36152581464056,6.566272290623347,501.3487401434955,1
5.633333333333334,4.3565156324102805,6.566346172483703,501.35383430184777,1
5.65,4.351605379394565,6.566418687269839,501.3588269767845,1
5.666666666666667,4.346793063174626,6.566489860544647,501.3637201897977,1
5.683333333333334,4.342076731002524,6.56655971738625,501.36851592215726,1
5.7,4.337454469013859,6.566628282397551,501.3732161157084,1
5.716666666666667,4.332924401455987,6.566695579715079,501.37782267365384,1
5.733333333333333,4.328484689931444,6.566761633018413,501.38233746132124,1
5.75,4.3241335326562895,6.56682646553861,501.38676230691425,1
5.766666666666667,4.319869163733088,6.566890100067096,501.39109900224963,1
5.783333333333333,4.315689852438227,6.566952558964026,501.39534930347963,1
5.8,4.311593902523306,6.567013864166688,501.3995149317998,1
5.816666666666666,4.307579651530317,6.567074037197523,501.40359757414376,1
5.833333333333333,4.3036454701203475,6.56713309917224,501.40759888386265,1
5.85,4.2997897614155365,6.5671910708075165,501.4115204813929,1
5.866666666666666,4.296010960354041,6.567247972428749,501.4153639549097,1
5.883333333333334,4.292307533057739,6.567303823977527,501.41913086096747,1
5.9,4.28867797621244,6.567358645019133,501.4228227251289,1
5.916666666666667,4.285120816460336,6.567412454749536,501.42644104257994,1
5.933333333333334,4.281634609804481,6.567465272002713,501.4299872787337,1
5.95,4.27821794102503,6.567517115257393,501.4334628698223,1
5.966666666666667,4.2748694231070505,6.567568002644067,501.43686922347655,1
5.983333333333333,4.271587696679629,6.567617951951496,501.44020771929434,1
6.0,4.268371429466099,6.567666980633318,501.4434797093985,1
6.016666666666667,4.265219315745139,6.56771510581451,501.4466865189822,1
6.033333333333333,4.262130075822551,6.5677623442976305,501.44982944684466,1
6.05,4.259102455513482,6.567808712568989,501.4529097659165,1
6.066666666666666,4.256135225634922,6.567854226804655,501.45592872377296,1
6.083333333333333,4.2532271815082305,6.567898902876579,501.45888754313916,1
6.1,4.250377142471545,6.567942756358098,501.461787422384,1
6.116666666666666,4.247583951401835,6.5679858025298055,501.4646295360042,1
6.133333333333334,4.244846474246432,6.56802805638527,501.4674150351,1
6.15,4.242163599563849,6.568069532636267,501.4701450478395,1
6.166666666666667,4.239534238073704,6.568110245718352,501.4728206799156,1
6.183333333333334,4.236957322215564,6.56815020979596,501.47544301499323,1
6.2,4.234431805716544,6.568189438767663,501.47801311514695,1
6.216666666666667,4.231956663167481,6.568227946271294,501.4805320212912,1
6.233333333333333,4.229530889607513,6.568265745688759,501.48300075360095,1
6.25,4.2271535001169,6.568302850151101,501.48542031192477,1
6.266666666666667,4.224823529417943,6.568339272543071,501.48779167618926,1
6.283333333333333,4.222540031483795,6.568375025507922,501.490115806795,1
6.3,4.220302079155059,6.568410121452088,501.4923936450063,1
6.316666666666666,4.218108763763988,6.568444572549484,501.49462611333104,1
6.333333333333333,4.215959194766151,6.5684783907461055,501.4968141158948,1
6.35,4.213852499379417,6.568511587764184,501.498958538806,1
6.366666666666666,4.211787822230094,6.5685441751066715,501.50106025051565,1
6.383333333333334,4.209764325006116,6.56857616406117,501.5031201021681,1
6.4,4.207781186117112,6.568607565704106,501.5051389279458,1
6.416666666666667,4.20583760036122,6.568638390904809,501.5071175454071,1
6.433333333333334,4.203932778598538,6.5686686503293,501.50905675581737,1
6.45,4.20206594743105,6.568698354444231,501.5109573444731,1
6.466666666666667,4.200236348888926,6.568727513520738,501.5128200810206,1
6.483333333333333,4.198443240123048,6.568756137637958,501.5146457197669,1
6.5,4.196685893103652,6.568784236686735,501.51643499998545,1
6.516666666666667,4.194963594324967,6.568811820373346,501.51818864621623,1
6.533333333333333,4.193275644515713,6.568838898222694,501.519907368558,1
6.55,4.191621358355371,6.568865479582012,501.5215918629571,1
6.566666666666666,4.190000064196091,6.568891573624073,501.5232428114887,1
6.583333333333333,4.1884111037901235,6.56891718935054,501.52486088263305,1
6.6,4.186853832022687,6.568942335595099,501.5264467315468,1
6.616666666666666,4.18532761665014,6.568967021026866,501.5280010003281,1
6.633333333333334,4.183831838043358,6.568991254153265,501.5295243182769,1
6.65,4.18236588893623,6.5690150433231675,501.5310173021497,1
6.666666666666667,4.180929174179157,6.569038396729826,501.53248055640944,1
6.683333333333334,4.179521110497439,6.569061322413986,501.5339146734712,1
6.7,4.178141126254495,6.569083828266508,501.535320233941,1
6.716666666666667,4.176788661219784,6.5691059220313965,501.5366978068521,1
6.733333333333333,4.175463166341338,6.5691276113085015,501.5380479498953,1
6.75,4.174164103522842,6.569148903556139,501.53937120964486,1
6.766666666666667,4.172890945405139,6.56916980609399,501.54066812178,1
6.783333333333333,4.1716431751520835,6.569190326105417,501.5419392113023,1
6.8,4.170420286240671,6.569210470640252,501.54318499274797,1
6.816666666666666,4.169221782255335,6.569230246617268,501.54440597039695,1
6.833333333333333,4.168047176686347,6.569249660826552,501.54560263847713,1
6.85,4.1668959927322335,6.569268719932022,501.54677548136493,1
6.866666666666666,4.16576776310612,6.569287430473696,501.54792497378065,1
6.883333333333334,4.164662029845941,6.569305798870196,501.54905158098217,1
6.9,4.163578344128425,6.569323831420807,501.550155758953,1
6.916666666666667,4.162516266086787,6.569341534307942,501.551237954587,1
6.933333333333334,4.161475364632061,6.56935891359912,501.5522986058699,1
6.95,4.1604552172779705,6.569375975249302,501.5533381420565,1
6.966666666666667,4.159455409969318,6.569392725102935,501.55435698384485,1
6.983333333333333,4.15847553691377,6.569409168895976,501.55535554354725,1
7.0,4.157515200417004,6.569425312257983,501.5563342252566,1
7.016666666666667,4.156574010721146,6.569441160714146,501.55729342501064,1
7.033333333333333,4.1556515858464165,6.569456719687098,501.55823353095286,1
7.05,4.154747551435938,6.569471994499093,501.55915492348925,1
7.066666666666666,4.153861540603639,6.569486990373533,501.56005797544276,1
7.083333333333333,4.1529931937851865,6.569501712437181,501.5609430522051,1
7.1,4.152142158591888,6.569516165721749,501.5618105118839,1
7.116666666666666,4.151308089667506,6.569530355165726,501.5626607054482,1
7.133333333333334,4.150490648547938,6.569544285616157,501.5634939768716,1
7.15,4.1496895035236765,6.569557961830256,501.56431066327036,1
7.166666666666667,4.148904329505027,6.569571388477327,501.5651110950413,1
7.183333333333334,4.14813480789,6.569584570140087,501.56589559599496,1
7.2,4.147380626434847,6.5695975113164575,501.5666644834872,1
7.216666666666667,4.1466414791271795,6.569610216421179,501.5674180685483,1
7.233333333333333,4.145917066061602,6.569622689787305,501.5681566560085,1
7.25,4.145207093317848,6.5696349356677395,501.56888054462155,1
7.266666666666667,4.144511272841327,6.569646958236728,501.5695900271864,1
7.283333333333333,4.143829322326068,6.569658761591362,501.5702853906655,1
7.3,4.143160965099989,6.569670349752952,501.57096691630164,1
7.316666666666666,4.142505930012455,6.569681726668524,501.5716348797312,1
7.333333333333333,4.1418639513240825,6.56969289621209,501.5722895510968,1
7.35,4.141234768598743,6.569703862186222,501.572931195156,1
7.366666666666666,4.140618126597713,6.5697146283231,501.5735600713895,1
7.383333333333334,4.140013775175946,6.569725198286022,501.5741764341058,1
7.4,4.139421469180407,6.569735575670714,501.57478053254465,1
7.416666666666667,4.138840968350433,6.569745764006379,501.57537261097764,1
7.433333333333334,4.138272037220093,6.569755766757179,501.57595290880784,1
7.45,4.137714445022481,6.569765587323307,501.5765216606667,1
7.466666666666667,4.137167965595927,6.569775229042129,501.5770790965086,1
7.483333333333333,4.136632377292076,6.569784695189659,501.5776254417056,1
7.5,4.136107462885808,6.56979398898117,501.5781609171366,1
7.516666666666667,4.135593009486946,6.569803113572894,501.57868573927897,1
7.533333333333333,4.135088808453733,6.569812072062694,501.57920012029547,1
7.55,4.134594655308025,6.569820867491398,501.5797042681198,1
7.566666666666666,4.134110349652191,6.569829502843734,501.580198386542,1
7.583333333333333,4.133635695087664,6.569837981049468,501.5806826752901,1
7.6,4.1331704991351055,6.569846304984364,501.58115733011186,1
7.616666666666666,4.132714573156192,6.569854477471139,501.58162254285367,1
7.633333333333334,4.132267732276931,6.569862501280521,501.5820785015384,1
7.65,4.13182979531253,6.569870379132259,501.58252539044156,1
7.666666666666667,4.131400584693754,6.569878113695955,501.5829633901667,1
7.683333333333334,4.130979926394749,6.569885707592063,501.58339267771765,1
7.7,4.130567649862322,6.569893163392912,501.583813426571,1
7.716666666666667,4.1301635879466145,6.56990048362328,501.5842258067459,1
7.733333333333333,4.1297675768331725,6.569907670761586,501.58462998487374,1
7.75,4.129379455976367,6.5699147272406355,501.5850261242646,1
7.766666666666667,4.128999068034139,6.569921655448452,501.58541438497474,1
7.783333333333333,4.128626258804056,6.569928457729176,501.58579492387054,1
7.8,4.128260877160643,6.569935120609736,501.5861678789184,1
7.816666666666666,4.127902775043317,6.56994167411455,501.58653342836203,1
7.833333333333333,4.127551807269121,6.56994811071811,501.5868917102866,1
7.85,4.127207831570588,6.5699544310667175,501.5872428679362,1
7.866666666666666,4.126870708523561,6.5699606369178465,501.5875870427945,1
7.883333333333334,4.1265403014875695,6.569966730227116,501.5879243737456,1
7.9,4.126216476549362,6.5699727129845344,501.58825499697247,1
7.916666666666667,4.125899102468112,6.569978587172135,501.58857904597176,1
7.933333333333334,4.1255880506218965,6.569984354749336,501.5888966515929,1
7.95,4.125283194955322,6.569990017647152,501.58920794208564,1
7.966666666666667,4.124984411928226,6.569995577765637,501.5895130431487,1
7.983333333333333,4.124691580465444,6.570001036972824,501.5898120779796,1
8.0,4.124404581907572,6.5700063971043425,501.59010516732326,1
8.016666666666667,4.124123299962734,6.570011659963442,501.59039242951997,1
8.033333333333333,4.123847620659302,6.570016827321185,501.5906739805537,1
8.05,4.123577432299582,6.570021900916745,501.59094993409803,1
8.066666666666666,4.123312625414407,6.570026882458086,501.5912204015628,1
8.083333333333334,4.123053092718654,6.570031773622089,501.5914854921385,1
8.1,4.122798729067642,6.570036576055145,501.59174531284054,1
8.116666666666667,4.122549431414408,6.570041291373834,501.5919999685527,1
8.133333333333333,4.122305098767822,6.570045921165089,501.5922495620696,1
8.15,4.122065632151558,6.570050466987074,501.5924941941379,1
8.166666666666666,4.12183093456387,6.570054930369504,501.59273396349766,1
8.183333333333334,4.12160091093818,6.570059312813959,501.59296896692183,1
8.2,4.12137546810445,6.5700636157947665,501.59319929925596,1
8.216666666666667,4.121154514751321,6.570067840759266,501.59342505345603,1
8.233333333333333,4.120937961389017,6.570071989128324,501.5936463206264,1
8.25,4.120725720312979,6.570076062296816,501.59386319005694,1
8.266666666666667,4.120517705568239,6.570080061634103,501.5940757492584,1
8.283333333333333,4.120313832914492,6.570083988484566,501.59428408399907,1
8.3,4.120114019791873,6.570087844167927,501.59448827833853,1
8.316666666666666,4.119918185287414,6.570091629979712,501.5946884146618,1
8.333333333333334,4.119726250102173,6.570095347191899,501.5948845737134,1
8.35,4.119538136519019,6.570098997053115,501.59507683462937,1
8.366666666666667,4.11935376837106,6.5701025807891495,501.59526527496956,1
8.383333333333333,4.119173071010699,6.570106099603409,501.59544997074914,1
8.4,4.118995971279309,6.5701095546772486,501.5956309964692,1
8.416666666666666,4.11882239747752,6.570112947170387,501.59580842514686,1
8.433333333333334,4.118652279336091,6.570116278221438,501.59598232834554,1
8.45,4.118485547987361,6.5701195489481306,501.5961527762028,1
8.466666666666667,4.118322135937283,6.570122760447772,501.59631983745976,1
8.483333333333333,4.118161977038005,6.570125913797608,501.5964835794885,1
8.5,4.118005006461001,6.570129010055155,501.59664406831916,1
8.516666666666667,4.117851160670742,6.570132050258684,501.59680136866723,1
8.533333333333333,4.117700377398894,6.570135035427372,501.5969555439592,1
8.55,4.117552595619017,6.570137966561897,501.59710665635873,1
8.566666666666666,4.117407755521787,6.570140844644546,501.5972547667913,1
8.583333333333334,4.11726579849071,6.570143670639678,501.5973999349692,1
8.6,4.117126667078301,6.570146445494153,501.5975422194161,1
8.616666666666667,4.116990304982772,6.570149170137344,501.5976816774896,1
8.633333333333333,4.116856657025154,6.570151845481776,501.59781836540594,1
8.65,4.116725669126896,6.570154472423321,501.5979523382618,1
8.666666666666666,4.116597288287901,6.570157051841352,501.5980836500563,1
8.683333333333334,4.116471462565007,6.570159584599316,501.59821235371373,1
8.7,4.116348141050892,6.57016207154486,501.59833850110505,1
8.716666666666667,4.1162272738534025,6.570164513510114,501.5984621430676,1
8.733333333333333,4.1161088120753,6.570166911312094,501.5985833294272,1
8.75,4.115992707794397,6.570169265752816,501.5987021090175,1
8.766666666666667,4.11587891404411,6.570171577619702,501.59881852969977,1
8.783333333333333,4.1157673847943865,6.57017384768584,501.5989326383826,1
8.8,4.115658074933015,6.5701760767101804,501.5990444810409,1
8.816666666666666,4.1155509402473065,6.570178265437802,501.5991541027335,1
8.833333333333334,4.115445937406153,6.570180414600192,501.59926154762314,1
8.85,4.115343023942434,6.570182524915549,501.599366858993,1
8.866666666666667,4.115242158235766,6.570184597088949,501.5994700792645,1
8.883333333333333,4.115143299495626,6.570186631812519,501.59957125001495,1
8.9,4.115046407744774,6.570188629765902,501.5996704119937,1
8.916666666666666,4.114951443803037,6.570190591616269,501.5997676051392,1
8.933333333333334,4.1148583692713965,6.570192518018668,501.5998628685947,1
8.95,4.114767146516414,6.570194409616167,501.5999562407245,1
8.966666666666667,4.114677738654943,6.570196267040109,501.60004775912927,1
8.983333333333333,4.114590109539165,6.570198090910381,501.6001374606609,1
9.0,4.114504223741918,6.570199881835543,501.60022538143835,1
9.016666666666667,4.114420046542317,6.57020164041305,501.60031155686136,1
9.033333333333333,4.11433754391166,6.570203367229453,501.60039602162533,1
9.05,4.114256682499623,6.570205062860735,501.6004788097347,1
9.066666666666666,4.114177429620722,6.5702067278722796,501.6005599545177,1
9.083333333333334,4.114099753241049,6.570208362819146,501.6006394886389,1
9.1,4.114023621965274,6.570209968246357,501.60071744411295,1
9.116666666666667,4.113949005023902,6.5702115446889975,501.6007938523175,1
9.133333333333333,4.113875872260792,6.570213092672391,501.6008687440054,1
9.15,4.113804194120915,6.570214612712277,501.60094214931803,1
9.166666666666666,4.113733941638368,6.570216105315015,501.60101409779656,1
9.183333333333334,4.113665086424615,6.570217570977847,501.60108461839457,1
9.2,4.113597600656974,6.570219010188856,501.60115373948935,1
9.216666666666667,4.113531457067327,6.570220423427189,501.60122148889343,1
9.233333333333333,4.113466628931055,6.570221811163434,501.60128789386624,1
9.25,4.113403090056198,6.570223173859479,501.60135298112476,1
9.266666666666667,4.1133408147728305,6.570224511968885,501.60141677685385,1
9.283333333333333,4.113279777922647,6.570225825936892,501.60147930671826,1
9.3,4.113219954848754,6.570227116200809,501.6015405958716,1
9.316666666666666,4.113161321385671,6.570228383189743,501.60160066896674,1
9.333333333333334,4.113103853849529,6.570229627325162,501.6016595501669,1
9.35,4.113047529028459,6.5702308490208665,501.60171726315394,1
9.366666666666667,4.112992324173185,6.570232048682992,501.6017738311385,1
9.383333333333333,4.112938216987789,6.570233226710514,501.60182927687003,1
9.4,4.112885185620673,6.570234383494955,501.601883622645,1
9.416666666666666,4.112833208655695,6.570235519420821,501.6019368903164,1
9.433333333333334,4.112782265103484,6.570236634865621,501.6019891013028,1
9.45,4.11273233439293,6.570237730199937,501.60204027659614,1
9.466666666666667,4.112683396362837,6.570238805787711,501.6020904367714,1
9.483333333333333,4.112635431253752,6.5702398619861775,501.60213960199394,1
9.5,4.11258841969995,6.570240899146223,501.60218779202813,1
9.516666666666667,4.112542342721583,6.570241917612165,501.602235026245,1
9.533333333333333,4.112497181716985,6.570242917722177,501.6022813236306,1
9.55,4.1124529184551255,6.5702438998083155,501.60232670279316,1
9.566666666666666,4.112409535068222,6.57024486419656,501.602371181971,1
9.583333333333334,4.112367014044495,6.570245811206962,501.60241477903946,1
9.6,4.112325338221067,6.570246741153808,501.60245751151865,1
9.616666666666667,4.112284490777007,6.570247654345623,501.6024993965801,1
9.633333333333333,4.1122444552265085,6.570248551085329,501.6025404510538,1
9.65,4.112205215412208,6.5702494316704145,501.60258069143515,1
9.666666666666666,4.112166755498637,6.570250296392885,501.60262013389143,1
9.683333333333334,4.1121290599658,6.570251145539514,501.60265879426856,1
9.7,4.112092113602887,6.570251979391829,501.60269668809707,1
9.716666666666667,4.1120559015021065,6.57025279822625,501.60273383059905,1
9.733333333333333,4.112020409052641,6.570253602314218,501.6027702366935,1
9.75,4.111985621934731,6.5702543919222105,501.6028059210034,1
9.766666666666667,4.1119515261138675,6.570255167311881,501.60284089786,1
9.783333333333333,4.111918107835104,6.570255928740108,501.60287518131065,1
9.8,4.111885353617484,6.570256676459152,501.6029087851227,1
9.816666666666666,4.111853250248578,6.570257410716732,501.6029417227902,1
9.833333333333334,4.1118217847791305,6.570258131755957,501.6029740075385,1
9.85,4.111790944517809,6.570258839815621,501.6030056523305,1
9.866666666666667,4.111760717026067,6.570259535130183,501.60303666987096,1
9.883333333333333,4.111731090113101,6.570260217929784,501.60306707261213,1
9.9,4.111702051830911,6.570260888440468,501.6030968727592,1
9.916666666666666,4.11167359046946,6.570261546884186,501.60312608227406,1
9.933333333333334,4.111645694551932,6.570262193478773,501.6031547128813,1
9.95,4.11161835283008,6.570262828438171,501.60318277607206,1
9.966666666666667,4.1115915542796735,6.570263451972475,501.6032102831095,1
9.983333333333333,4.111565288096027,6.570264064287915,501.6032372450325,1
10.0,4.1115395436896245,6.570264665587061,501.60326367266083,1
10.016666666666667,4.111514310681836,6.5702652560686925,501.60328957659897,1
10.033333333333333,4.111489578900709,6.5702658359280885,501.60331496724075,1
10.05,4.111465338376847,6.570266405356978,501.60333985477337,1
10.066666666666666,4.111441579339377,6.570266964543583,501.6033642491816,1
10.083333333333334,4.111418292211982,6.570267513672747,501.60338816025194,1
10.1,4.111395467609042,6.570268052925896,501.60341159757604,1
10.116666666666667,4.111373096331813,6.570268582481251,501.60343457055524,1
10.133333333333333,4.111351169364715,6.570269102513778,501.60345708840384,1
10.15,4.111329677871672,6.570269613195294,501.60347916015314,1
10.166666666666666,4.111308613192546,6.57027011469444,501.60350079465496,1
10.183333333333334,4.111287966839615,6.570270607176889,501.6035220005853,1
10.2,4.111267730494152,6.570271090805269,501.6035427864477,1
10.216666666666667,4.111247896003048,6.570271565739243,501.6035631605764,1
10.233333333333333,4.111228455375509,6.570272032135597,501.60358313114074,1
10.25,4.111209400779832,6.570272490148351,501.6036027061471,1
10.266666666666667,4.111190724540226,6.570272939928604,501.6036218934434,1
10.283333333333333,4.111172419133704,6.570273381624827,501.60364070072103,1
10.3,4.111154477187039,6.570273815382798,501.60365913551885,1
10.316666666666666,4.111136891473789,6.570274241345585,501.6036772052258,1
10.333333333333334,4.111119654911358,6.570274659653761,501.60369491708457,1
10.35,4.111102760558134,6.570275070445315,501.60371227819314,1
10.366666666666667,4.111086201610687,6.570275473855628,501.603729295509,1
10.383333333333333,4.111069971401004,6.57027587001782,501.6037459758513,1
10.4,4.1110540633938015,6.5702762590624975,501.603762325904,1
10.416666666666666,4.111038471183872,6.570276641117961,501.60377835221783,1
10.433333333333334,4.111023188493495,6.570277016310096,501.6037940612136,1
10.45,4.111008209169902,6.57027738476258,501.6038094591846,1
10.466666666666667,4.110993527182777,6.570277746596923,501.6038245522991,1
10.483333333333333,4.110979136621825,6.570278101932303,501.60383934660314,1
10.5,4.11096503169438,6.570278450885777,501.6038538480222,1
10.516666666666667,4.110951206723056,6.570278793572372,501.60386806236426,1
10.533333333333333,4.1109376561434505,6.570279130104911,501.6038819953221,1
10.55,4.110924374501906,6.570279460594289,501.60389565247533,1
10.566666666666666,4.1109113564532835,6.570279785149313,501.60390903929294,1
10.583333333333334,4.11089859675882,6.570280103876865,501.6039221611347,1
10.6,4.110886090283995,6.570280416881894,501.6039350232546,1
10.616666666666667,4.110873831996461,6.570280724267488,501.60394763080217,1
10.633333333333333,4.110861816964008,6.570281026134789,501.60395998882444,1
10.65,4.110850040352566,6.570281322583126,501.6039721022687,1
10.666666666666666,4.110838497424252,6.57028161371014,501.60398397598317,1
10.683333333333334,4.110827183535452,6.570281899611561,501.6039956147207,1
10.7,4.110816094134946,6.570282180381499,501.60400702313933,1
10.716666666666667,4.110805224762063,6.570282456112307,501.6040182058046,1
10.733333333333333,4.110794571044886,6.570282726894683,501.60402916719147,1
10.75,4.110784128698475,6.570282992817693,501.60403991168624,1
10.766666666666667,4.110773893523138,6.5702832539687925,501.6040504435878,1
10.783333333333333,4.110763861402735,6.570283510433873,501.60406076710996,1
10.8,4.110754028303013,6.570283762297239,501.60407088638283,1
10.816666666666666,4.110744390269971,6.570284009641726,501.6040808054544,1
10.833333333333334,4.110734943428267,6.570284252548597,501.6040905282924,1
10.85,4.110725683979652,6.570284491097716,501.60410005878595,1
10.866666666666667,4.110716608201427,6.570284725367503,501.60410940074684,1
10.883333333333333,4.110707712444948,6.57028495543493,501.60411855791097,1
10.9,4.110698993134145,6.570285181375561,501.60412753394047,1
10.916666666666666,4.110690446764077,6.570285403263671,501.6041363324244,1
10.933333333333334,4.110682069899522,6.570285621172098,501.604144956881,1
10.95,4.110673859173578,6.570285835172508,501.6041534107586,1
10.966666666666667,4.110665811286313,6.5702860453351,501.60416169743684,1
10.983333333333333,4.110657923003423,6.570286251728911,501.6041698202285,1
11.0,4.1106501911549325,6.570286454421733,501.6041777823804,1
11.016666666666667,4.110642612633907,6.570286653480117,501.60418558707534,1
11.033333333333333,4.1106351843952025,6.570286848969407,501.60419323743264,1
11.05,4.110627903454233,6.570287040953712,501.6042007365096,1
11.066666666666666,4.110620766885768,6.5702872294961345,501.60420808730345,1
11.083333333333334,4.110613771822744,6.570287414658483,501.6042152927511,1
11.1,4.110606915455114,6.570287596501552,501.60422235573196,1
11.116666666666667,4.110600195028705,6.5702877750850375,501.604229279068,1
11.133333333333333,4.110593607844112,6.570287950467486,501.6042360655251,1
11.15,4.110587151255604,6.5702881227063985,501.60424271781426,1
11.166666666666666,4.11058082267006,6.570288291858339,501.6042492385929,1
11.183333333333334,4.110574619545912,6.5702884579787195,501.6042556304656,1
11.2,4.110568539392132,6.5702886211220015,501.6042618959853,1
11.216666666666667,4.1105625797672145,6.570288781341805,501.6042680376543,1
11.233333333333333,4.110556738278196,6.570288938690546,501.6042740579253,1
11.25,4.110551012579686,6.57028909321985,501.6042799592022,1
11.266666666666667,4.110545400372926,6.570289244980337,501.6042857438414,1
11.283333333333333,4.110539899404854,6.570289394021802,501.60429141415244,1
11.3,4.110534507467199,6.570289540393058,501.6042969723991,1
11.316666666666666,4.11052922239559,6.570289684142063,501.60430242080014,1
11.333333333333334,4.110524042068677,6.570289825315958,501.60430776153066,1
11.35,4.110518964407284,6.57028996396091,501.60431299672206,1
11.366666666666667,4.110513987373558,6.570290100122426,501.6043181284642,1
11.383333333333333,4.110509108970158,6.570290233845071,501.6043231588048,1
11.4,4.11050432723944,6.570290365172654,501.6043280897514,1
11.416666666666666,4.110499640262673,6.57029049414817,501.60433292327156,1
11.433333333333334,4.110495046159261,6.570290620813854,501.604337661294,1
11.45,4.110490543085985,6.570290745211178,501.6043423057088,1
11.466666666666667,4.110486129236259,6.570290867380868,501.60434685836896,1
11.483333333333333,4.110481802839401,6.570290987362951,501.6043513210907,1
11.5,4.11047756215992,6.570291105196657,501.60435569565396,1
11.516666666666667,4.110473405496815,6.570291220920563,501.6043599838035,1
11.533333333333333,4.1104693311828875,6.570291334572528,501.60436418724987,1
11.55,4.110465337584071,6.570291446189775,501.60436830766906,1
11.566666666666666,4.110461423098769,6.570291555808772,501.6043723467044,1
11.583333333333334,4.110457586157211,6.570291663465443,501.6043763059663,1
11.6,4.110453825220818,6.570291769194959,501.60438018703337,1
11.616666666666667,4.110450138781585,6.570291873031938,501.6043839914528,1
11.633333333333333,4.110446525361466,6.570291975010312,501.60438772074144,1
11.65,4.110442983511788,6.570292075163433,501.6043913763858,1
11.666666666666666,4.1104395118126575,6.570292173524079,501.60439495984286,1
11.683333333333334,4.110436108872392,6.570292270124412,501.604398472541,1
11.7,4.110432773326956,6.570292364995978,501.60440191588,1
11.716666666666667,4.110429503839417,6.570292458169833,501.60440529123207,1
11.733333333333333,4.110426299099401,6.57029254967638,501.60440859994236,1
11.75,4.110423157822566,6.570292639545528,501.6044118433288,1
11.766666666666667,4.110420078750083,6.570292727806719,501.60441502268407,1
11.783333333333333,4.110417060648131,6.570292814488744,501.60441813927446,1
11.8,4.110414102307396,6.57029289961993,501.6044211943417,1
11.816666666666666,4.110411202542588,6.570292983228065,501.60442418910225,1
11.833333333333334,4.1104083601919585,6.570293065340524,501.6044271247493,1
11.85,4.110405574116834,6.570293145984045,501.6044300024517,1
11.866666666666667,4.110402843201161,6.570293225185049,501.60443282335575,1
11.883333333333333,4.11040016635105,6.5702933029693815,501.6044355885846,1
11.9,4.1103975424943355,6.570293379362416,501.6044382992393,1
11.916666666666666,4.110394970580152,6.570293454389117,501.6044409563989,1
11.933333333333334,4.110392449578498,6.57029352807396,501.60444356112134,1
11.95,4.110389978479831,6.570293600441007,501.60444611444353,1
11.966666666666667,4.110387556294655,6.57029367151392,501.60444861738176,1
11.983333333333333,4.1103851820531245,6.570293741315858,501.6044510709322,1
12.0,4.110382854804652,6.570293809869592,501.6044534760713,1
12.016666666666667,4.11038057361753,6.570293877197532,501.60445583375645,1
12.033333333333333,4.110378337578545,6.570293943321646,501.60445814492573,1
12.05,4.110376145792626,6.570294008263521,501.6044604104986,1
12.066666666666666,4.110373997382463,6.57029407204428,501.60446263137624,1
12.083333333333334,4.110371891488173,6.5702941346847785,501.6044648084427,1
12.1,4.110369827266943,6.570294196205407,501.60446694256353,1
12.116666666666667,4.110367803892694,6.570294256626282,501.6044690345879,1
12.133333333333333,4.110365820555748,6.570294315967081,501.60447108534765,1
12.15,4.1103638764624995,6.570294374247158,501.6044730956586,1
12.166666666666666,4.1103619708351,6.5702944314855545,501.6044750663201,1
12.183333333333334,4.11036010291114,6.570294487700881,501.60447699811584,1
12.2,4.110358271943348,6.570294542911466,501.6044788918137,1
12.216666666666667,4.110356477199285,6.5702945971353435,501.6044807481668,1
12.233333333333333,4.110354717961051,6.570294650390183,501.604482567913,1
12.25,4.110352993524995,6.570294702693306,501.60448435177574,1
12.266666666666667,4.110351303201433,6.570294754061786,501.60448610046393,1
12.283333333333333,4.110349646314374,6.570294804512374,501.6044878146726,1
12.3,4.110348022201238,6.570294854061488,501.60448949508316,1
12.316666666666666,4.110346430212599,6.570294902725248,501.6044911423634,1
12.333333333333334,4.110344869711921,6.57029495051957,501.6044927571677,1
12.35,4.110343340075295,6.5702949974599765,501.60449434013776,1
12.366666666666667,4.110341840691202,6.570295043561766,501.6044958919025,1
12.383333333333333,4.110340370960253,6.570295088840001,501.6044974130782,1
12.4,4.1103389302949545,6.570295133309375,501.6044989042693,1
12.416666666666666,4.110337518119473,6.570295176984355,501.60450036606795,1
12.433333333333334,4.110336133869401,6.570295219879119,501.6045017990548,1
12.45,4.110334776991527,6.5702952620078126,501.6045032037989,1
12.466666666666667,4.110333446943621,6.5702953033839755,501.60450458085825,1
12.483333333333333,4.110332143194209,6.570295344021142,501.6045059307792,1
12.5,4.1103308652223625,6.570295383932576,501.6045072540981,1
12.516666666666667,4.110329612517489,6.570295423131193,501.6045085513401,1
12.533333333333333,4.110328384579127,6.570295461629797,501.6045098230204,1
12.55,4.110327180916741,6.570295499440906,501.6045110696434,1
12.566666666666666,4.110326001049529,6.570295536576814,501.6045122917041,1
12.583333333333334,4.110324844506226,6.570295573049647,501.60451348968735,1
12.6,4.110323710824917,6.5702956088712074,501.60451466406886,1
12.616666666666667,4.110322599552852,6.570295644053176,501.6045158153143,1
12.633333333333333,4.110321510246254,6.570295678607031,501.6045169438805,1
12.65,4.110320442470159,6.57029571254394,501.60451805021535,1
12.666666666666666,4.110319395798221,6.5702957458750095,501.60451913475765,1
12.683333333333334,4.1103183698125605,6.5702957786110145,501.6045201979377,1
12.7,4.110317364103577,6.570295810762646,501.60452124017695,1
12.716666666666667,4.110316378269797,6.57029584234035,501.6045222618889,1
12.733333333333333,4.1103154119177105,6.570295873354421,501.6045232634788,1
12.75,4.110314464661612,6.570295903814843,501.6045242453436,1
12.766666666666667,4.110313536123443,6.570295933731653,501.6045252078729,1
12.783333333333333,4.110312625932643,6.570295963114492,501.6045261514481,1
12.8,4.110311733726,6.570295991972903,501.60452707644333,1
12.816666666666666,4.110310859147504,6.5702960203163165,501.6045279832253,1
12.833333333333334,4.110310001848208,6.570296048153868,501.60452887215337,1
12.85,4.110309161486079,6.570296075494632,501.60452974357975,1
12.866666666666667,4.110308337725867,6.570296102347548,501.6045305978498,1
12.883333333333333,4.110307530238969,6.570296128721276,501.604531435302,1
12.9,4.110306738703299,6.570296154624436,501.60453225626856,1
12.916666666666666,4.110305962803158,6.5702961800654025,501.60453306107433,1
12.933333333333334,4.110305202229101,6.570296205052453,501.60453385003837,1
12.95,4.110304456677822,6.570296229593718,501.604534623473,1
12.966666666666667,4.110303725852024,6.570296253697102,501.60453538168457,1
12.983333333333333,4.110303009460306,6.570296277370504,501.6045361249738,1
13.0,4.110302307217045,6.570296300621581,501.6045368536345,1
13.016666666666667,4.110301618842276,6.570296323457891,501.60453756795556,1
13.033333333333333,4.110300944061588,6.570296345886845,501.6045382682197,1
13.05,4.110300282606003,6.57029636791571,501.60453895470414,1
13.066666666666666,4.11029963421188,6.5702963895516655,501.6045396276806,1
13.083333333333334,4.110298998620797,6.570296410801708,501.60454028741566,1
13.1,4.110298375579462,6.570296431672736,501.6045409341702,1
13.116666666666667,4.110297764839597,6.5702964521715455,501.60454156820043,1
13.133333333333333,4.110297166157847,6.570296472304763,501.60454218975724,1
13.15,4.110296579295677,6.570296492078922,501.60454279908663,1
13.166666666666666,4.110296004019282,6.570296511500446,501.60454339642934,1
13.183333333333334,4.110295440099488,6.570296530575658,501.60454398202205,1
13.2,4.110294887311663,6.570296549310717,501.60454455609636,1
13.216666666666667,4.110294345435626,6.570296567711738,501.6045451188793,1
13.233333333333333,4.11029381425556,6.570296585784601,501.6045456705933,1
13.25,4.110293293559923,6.570296603535265,501.60454621145686,1
13.266666666666667,4.110292783141362,6.570296620969439,501.60454674168375,1
13.283333333333333,4.110292282796634,6.570296638092789,501.60454726148373,1
13.3,4.1102917923265245,6.570296654910866,501.60454777106236,1
13.316666666666666,4.1102913115357635,6.570296671429095,501.60454827062074,1
13.333333333333334,4.11029084023295,6.570296687652867,501.6045487603565,1
13.35,4.110290378230474,6.570296703587448,501.6045492404636,1
13.366666666666667,4.110289925344442,6.570296719237969,501.6045497111314,1
13.383333333333333,4.110289481394606,6.570296734609531,501.6045501725461,1
13.4,4.110289046204284,6.5702967497070865,501.60455062489007,1
13.416666666666666,4.110288619600294,6.57029676453557,501.6045510683419,1
13.433333333333334,4.110288201412888,6.570296779099764,501.60455150307683,1
13.45,4.110287791475676,6.570296793404389,501.60455192926656,1
13.466666666666667,4.110287389625564,6.570296807454058,501.6045523470797,1
13.483333333333333,4.11028699570269,6.570296821253356,501.604552756681,1
13.5,4.110286609550357,6.570296834806785,501.60455315823236,1
13.516666666666667,4.110286231014971,6.570296848118621,501.60455355189237,1
13.533333333333333,4.1102858599459795,6.570296861193249,501.60455393781655,1
13.55,4.110285496195812,6.570296874034914,501.60455431615713,1
13.566666666666666,4.1102851396198155,6.570296886647768,501.60455468706357,1
13.583333333333334,4.110284790076207,6.570296899035912,501.6045550506822,1
13.6,4.110284447426011,6.570296911203309,501.60455540715674,1
13.616666666666667,4.110284111533,6.570296923153933,501.60455575662775,1
13.633333333333333,4.110283782263642,6.5702969348916325,501.60455609923304,1
13.65,4.1102834594870545,6.570296946420239,501.60455643510824,1
13.666666666666666,4.110283143074943,6.57029695774345,501.60455676438545,1
13.683333333333334,4.110282832901552,6.570296968864943,501.60455708719485,1
13.7,4.110282528843618,6.5702969797883455,501.6045574036636,1
13.716666666666667,4.1102822307803155,6.570296990517144,501.6045577139167,1
13.733333333333333,4.110281938593211,6.570297001054824,501.6045580180765,1
13.75,4.110281652166213,6.57029701140486,501.60455831626285,1
13.766666666666667,4.110281371385533,6.570297021570503,501.60455860859355,1
13.783333333333333,4.110281096139631,6.570297031555113,501.60455889518374,1
13.8,4.110280826319175,6.57029704136192,501.60455917614644,1
13.816666666666666,4.1102805618169995,6.570297050994053,501.6045594515924,1
13.833333333333334,4.110280302528054,6.570297060454637,501.6045597216301,1
13.85,4.110280048349373,6.570297069746738,501.6045599863662,1
13.866666666666667,4.110279799180026,6.570297078873364,501.60456024590496,1
13.883333333333333,4.110279554921079,6.570297087837483,501.6045605003487,1
13.9,4.110279315475559,6.570297096641975,501.60456074979766,1
13.916666666666666,4.110279080748404,6.57029710528967,501.60456099435004,1
13.933333333333334,4.110278850646444,6.570297113783432,501.60456123410233,1
13.95,4.110278625078344,6.570297122125952,501.60456146914913,1
13.966666666666667,4.110278403954578,6.5702971303199025,501.6045616995826,1
13.983333333333333,4.110278187187394,6.570297138367966,501.6045619254937,1
14.0,4.110277974690772,6.570297146272806,501.6045621469716,1
14.016666666666667,4.110277766380397,6.570297154036878,501.60456236410334,1
14.033333333333333,4.11027756217362,6.570297161662715,501.6045625769744,1
14.05,4.110277361989428,6.570297169152838,501.6045627856687,1
14.066666666666666,4.1102771657484105,6.570297176509601,501.6045629902682,1
14.083333333333334,4.110276973372726,6.570297183735417,501.6045631908537,1
14.1,4.110276784786076,6.57029719083263,501.604563387504,1
14.116666666666667,4.110276599913665,6.570297197803519,501.6045635802965,1
14.133333333333333,4.110276418682186,6.570297204650321,501.60456376930705,1
14.15,4.110276241019772,6.570297211375241,501.60456395461006,1
14.166666666666666,4.1102760668559855,6.570297217980506,501.6045641362785,1
14.183333333333334,4.1102758961217765,6.570297224468193,501.60456431438394,1
14.2,4.110275728749462,6.570297230840435,501.6045644889963,1
14.216666666666667,4.110275564672699,6.570297237099247,501.604564660184,1
14.233333333333333,4.1102754038264555,6.570297243246669,501.60456482801476,1
14.25,4.110275246146983,6.570297249284752,501.60456499255446,1
14.266666666666667,4.110275091571796,6.570297255215348,501.60456515386784,1
14.283333333333333,4.110274940039644,6.570297261040409,501.6045653120182,1
14.3,4.110274791490489,6.570297266761823,501.6045654670679,1
14.316666666666666,4.110274645865474,6.570297272381481,501.60456561907773,1
14.333333333333334,4.110274503106914,6.570297277901093,501.60456576810765,1
14.35,4.110274363158257,6.570297283322575,501.604565914216,1
14.366666666666667,4.110274225964074,6.5702972886475175,501.6045660574602,1
14.383333333333333,4.110274091470028,6.570297293877763,501.60456619789653,1
14.4,4.110273959622861,6.570297299014935,501.6045663355804,1
14.416666666666666,4.110273830370361,6.570297304060742,501.6045664705656,1
14.433333333333334,4.110273703661354,6.570297309016807,501.60456660290555,1
14.45,4.110273579445672,6.570297313884673,501.60456673265196,1
14.466666666666667,4.110273457674144,6.570297318665965,501.6045668598559,1
14.483333333333333,4.110273338298566,6.5702973233622055,501.6045669845671,1
14.5,4.11027322127169,6.570297327974921,501.6045671068348,1
14.516666666666667,4.110273106547199,6.5702973325055725,501.6045672267069,1
14.533333333333333,4.110272994079693,6.57029733695566,501.6045673442304,1
14.55,4.11027288382467,6.570297341326585,501.6045674594516,1
14.566666666666666,4.110272775738506,6.570297345619768,501.6045675724155,1
14.583333333333334,4.110272669778436,6.570297349836613,501.60456768316664,1
14.6,4.110272565902545,6.570297353978465,501.6045677917483,1
14.616666666666667,4.110272464069745,6.570297358046647,501.6045678982033,1
14.633333333333333,4.110272364239756,6.570297362042487,501.6045680025733,1
14.65,4.110272266373098,6.5702973659672645,501.60456810489916,1
14.666666666666666,4.110272170431069,6.570297369822274,501.60456820522114,1
14.683333333333334,4.110272076375732,6.5702973736087,501.60456830357845,1
14.7,4.110271984169899,6.570297377327798,501.6045684000098,1
14.716666666666667,4.110271893777117,6.570297380980783,501.60456849455295,1
14.733333333333333,4.110271805161652,6.570297384568843,501.604568587245,1
14.75,4.110271718288478,6.570297388093083,501.6045686781223,1
14.766666666666667,4.110271633123256,6.57029739155467,501.60456876722037,1
14.783333333333333,4.110271549632332,6.570297394954702,501.60456885457427,1
14.8,4.110271467782711,6.5702973982942785,501.6045689402182,1
14.816666666666666,4.110271387542054,6.570297401574519,501.6045690241856,1
14.833333333333334,4.110271308878655,6.5702974047964195,501.60456910650976,1
14.85,4.1102712317614385,6.570297407961052,501.6045691872225,1
14.866666666666667,4.110271156159942,6.570297411069449,501.60456926635555,1
14.883333333333333,4.110271082044304,6.570297414122544,501.60456934394017,1
14.9,4.110271009385253,6.570297417121407,501.60456942000644,1
14.916666666666666,4.110270938154091,6.570297420066986,501.6045694945841,1
14.933333333333334,4.1102708683226945,6.570297422960171,501.6045695677027,1
14.95,4.110270799863489,6.57029742580195,501.6045696393907,1
14.966666666666667,4.110270732749447,6.570297428593226,501.6045697096761,1
14.983333333333333,4.110270666954074,6.570297431334873,501.6045697785865,1
15.0,4.110270602483937,6.570297434027813,501.6045698460172,1
15.016666666666667,4.110270539279803,6.570297436668139,501.6045699121524,1
15.033333333333333,4.11027047731681,6.570297439261684,501.60456997701465,1
15.05,4.110270416570526,6.5702974418098234,501.6045700406236,1
15.066666666666666,4.110270357016992,6.570297444313359,501.60457010299984,1
15.083333333333334,4.110270298632721,6.570297446772998,501.6045701641647,1
15.1,4.110270241394694,6.570297449189452,501.6045702241398,1
15.116666666666667,4.110270185280346,6.570297451563327,501.6045702829468,1
15.133333333333333,4.1102701302675575,6.570297453895322,501.6045703406073,1
15.15,4.110270076334645,6.570297456186139,501.6045703971432,1
15.166666666666666,4.11027002346036,6.570297458436457,501.604570452576,1
15.183333333333334,4.1102699716238655,6.570297460646962,501.6045705069265,1
15.2,4.110269920804741,6.570297462818298,501.604570560216,1
15.216666666666667,4.110269870982968,6.570297464951124,501.6045706124648,1
15.233333333333333,4.110269822138924,6.570297467046163,501.60457066369327,1
15.25,4.110269774253371,6.57029746910401,501.6045707139212,1
15.266666666666667,4.110269727307454,6.570297471125369,501.604570763168,1
15.283333333333333,4.110269681282686,6.570297473110849,501.60457081145313,1
15.3,4.110269636160949,6.570297475061128,501.6045708587953,1
15.316666666666666,4.110269591924479,6.570297476976754,501.6045709052126,1
15.333333333333334,4.1102695485558645,6.570297478858386,501.60457095072354,1
15.35,4.110269506038036,6.570297480706628,501.6045709953456,1
15.366666666666667,4.110269464354259,6.570297482522018,501.6045710390963,1
15.383333333333333,4.110269423488132,6.570297484305215,501.60457108199273,1
15.4,4.110269383423576,6.570297486056781,501.6045711240515,1
15.416666666666666,4.110269344144828,6.570297487777182,501.6045711652891,1
15.433333333333334,4.110269305636436,6.570297489467086,501.60457120572164,1
15.45,4.110269267883253,6.570297491126989,501.60457124536487,1
15.466666666666667,4.11026923087043,6.570297492757412,501.60457128423417,1
15.483333333333333,4.1102691945834104,6.570297494358887,501.6045713223446,1
15.5,4.110269159007926,6.570297495931937,501.60457135971114,1
15.516666666666667,4.110269124129988,6.570297497477038,501.6045713963484,1
15.533333333333333,4.110269089935885,6.570297498994718,501.6045714322707,1
15.55,4.110269056412174,6.570297500485449,501.6045714674917,1
15.566666666666666,4.110269023545678,6.570297501949715,501.6045715020255,1
15.583333333333334,4.110268991323479,6.570297503387982,501.6045715358853,1
15.6,4.110268959732914,6.570297504800752,501.60457156908444,1
15.616666666666667,4.110268928761569,6.570297506188424,501.6045716016357,1
15.633333333333333,4.110268898397275,6.570297507551443,501.604571633552,1
15.65,4.110268868628103,6.570297508890317,501.6045716648456,1
15.666666666666666,4.110268839442357,6.570297510205385,501.60457169552876,1
15.683333333333334,4.110268810828575,6.570297511497109,501.60457172561325,1
15.7,4.110268782775517,6.570297512765903,501.60457175511095,1
15.716666666666667,4.110268755272167,6.570297514012171,501.6045717840334,1
15.733333333333333,4.110268728307726,6.570297515236337,501.6045718123916,1
15.75,4.110268701871604,6.570297516438759,501.6045718401968,1
15.766666666666667,4.110268675953424,6.570297517619848,501.60457186745987,1
15.783333333333333,4.110268650543011,6.570297518779985,501.6045718941913,1
15.8,4.110268625630392,6.570297519919521,501.6045719204013,1
15.816666666666666,4.110268601205789,6.570297521038846,501.6045719461004,1
15.833333333333334,4.110268577259615,6.570297522138297,501.60457197129836,1
15.85,4.110268553782474,6.570297523218238,501.6045719960052,1
15.866666666666667,4.110268530765157,6.570297524278968,501.60457202023025,1
15.883333333333333,4.110268508198634,6.570297525320917,501.6045720439831,1
15.9,4.110268486074051,6.570297526344378,501.6045720672732,1
15.916666666666666,4.110268464382729,6.570297527349666,501.604572090109,1
15.933333333333334,4.110268443116164,6.570297528337095,501.60457211249985,1
15.95,4.110268422266014,6.570297529307019,501.6045721344543,1
15.966666666666667,4.110268401824103,6.570297530259778,501.6045721559811,1
15.983333333333333,4.110268381782417,6.570297531195608,501.6045721770884,1
16.0,4.110268362133098,6.570297532114822,501.6045721977843,1
16.016666666666666,4.110268342868445,6.570297533017712,501.60457221807695,1
16.033333333333335,4.1102683239809075,6.570297533904579,501.60457223797425,1
16.05,4.110268305463081,6.570297534775741,501.604572257484,1
16.066666666666666,4.110268287307711,6.570297535631423,501.6045722766138,1
16.083333333333332,4.110268269507685,6.570297536471891,501.6045722953707,1
16.1,4.110268252056026,6.570297537297509,501.60457231376233,1
16.116666666666667,4.110268234945899,6.570297538108467,501.6045723317959,1
16.133333333333333,4.110268218170602,6.5702975389050025,501.6045723494782,1
16.15,4.1102682017235646,6.570297539687471,501.6045723668162,1
16.166666666666668,4.110268185598345,6.570297540456028,501.6045723838165,1
16.183333333333334,4.110268169788631,6.570297541210912,501.6045724004857,1
16.2,4.11026815428823,6.570297541952466,501.60457241683054,1
16.216666666666665,4.110268139091075,6.570297542680847,501.60457243285697,1
16.233333333333334,4.110268124191218,6.570297543396282,501.6045724485715,1
16.25,4.110268109582826,6.570297544099055,501.60457246398016,1
16.266666666666666,4.110268095260181,6.570297544789348,501.60457247908874,1
16.283333333333335,4.110268081217678,6.57029754546739,501.60457249390333,1
16.3,4.110268067449825,6.570297546133375,501.6045725084295,1
16.316666666666666,4.110268053951233,6.570297546787613,501.604572522673,1
16.333333333333332,4.1102680407166226,6.570297547430218,501.6045725366391,1
16.35,4.110268027740815,6.570297548061446,501.6045725503337,1
16.366666666666667,4.110268015018736,6.570297548681498,501.6045725637618,1
16.383333333333333,4.1102680025454115,6.570297549290506,501.6045725769286,1
16.4,4.110267990315963,6.5702975498887115,501.60457258983917,1
16.416666666666668,4.110267978325609,6.57029755047634,501.6045726024985,1
16.433333333333334,4.110267966569663,6.570297551053552,501.60457261491166,1
16.45,4.110267955043527,6.570297551620528,501.6045726270835,1
16.466666666666665,4.110267943742699,6.570297552177389,501.6045726390184,1
16.483333333333334,4.110267932662762,6.570297552724425,501.60457265072114,1
16.5,4.110267921799382,6.570297553261728,501.6045726621963,1
16.516666666666666,4.11026791114832,6.570297553789565,501.6045726734483,1
16.533333333333335,4.11026790070541,6.570297554308027,501.60457268448147,1
16.55,4.1102678904665755,6.570297554817279,501.60457269530013,1
16.566666666666666,4.1102678804278145,6.5702975553174765,501.60457270590854,1
16.583333333333332,4.11026787058521,6.570297555808845,501.60457271631054,1
16.6,4.110267860934915,6.570297556291476,501.60457272651024,1
16.616666666666667,4.1102678514731625,6.5702975567655555,501.60457273651184,1
16.633333333333333,4.110267842196259,6.570297557231183,501.60457274631887,1
16.65,4.110267833100582,6.570297557688628,501.6045727559354,1
16.666666666666668,4.11026782418258,6.570297558137961,501.604572765365,1
16.683333333333334,4.110267815438775,6.570297558579306,501.60457277461126,1
16.7,4.110267806865752,6.570297559012851,501.6045727836779,1
16.716666666666665,4.110267798460168,6.570297559438703,501.60457279256843,1
16.733333333333334,4.1102677902187414,6.57029755985699,501.6045728012861,1
16.75,4.110267782138258,6.570297560267826,501.6045728098344,1
16.766666666666666,4.110267774215566,6.5702975606714435,501.6045728182167,1
16.783333333333335,4.110267766447572,6.570297561067864,501.60457282643614,1
16.8,4.1102677588312515,6.570297561457276,501.6045728344958,1
16.816666666666666,4.110267751363631,6.570297561839809,501.604572842399,1
16.833333333333332,4.110267744041799,6.570297562215548,501.6045728501486,1
16.85,4.110267736862904,6.57029756258461,501.6045728577477,1
16.866666666666667,4.110267729824144,6.570297562947129,501.6045728651993,1
16.883333333333333,4.110267722922777,6.570297563303219,501.604572872506,1
16.9,4.110267716156113,6.570297563653007,501.6045728796711,1
16.916666666666668,4.110267709521516,6.570297563996612,501.60457288669693,1
16.933333333333334,4.110267703016398,6.570297564334095,501.6045728935863,1
16.95,4.110267696638228,6.5702975646656165,501.6045729003419,1
16.966666666666665,4.11026769038452,6.570297564991266,501.6045729069665,1
16.983333333333334,4.110267684252837,6.570297565311148,501.6045729134624,1
17.0,4.110267678240793,6.570297565625372,501.6045729198322,1
17.016666666666666,4.110267672346044,6.570297565933995,501.6045729260783,1
17.033333333333335,4.110267666566298,6.570297566237142,501.60457293220315,1
17.05,4.110267660899304,6.57029756653495,501.60457293820923,1
17.066666666666666,4.110267655342855,6.57029756682748,501.60457294409866,1
17.083333333333332,4.110267649894788,6.57029756711482,501.604572949874,1
17.1,4.110267644552983,6.570297567397063,501.60457295553726,1
17.116666666666667,4.110267639315361,6.570297567674276,501.6045729610905,1
17.133333333333333,4.110267634179886,6.570297567946595,501.60457296653607,1
17.15,4.110267629144556,6.570297568214149,501.604572971876,1
17.166666666666668,4.110267624207415,6.57029756847688,501.60457297711235,1
17.183333333333334,4.1102676193665415,6.570297568735008,501.60457298224713,1
17.2,4.110267614620055,6.57029756898857,501.60457298728244,1
17.216666666666665,4.1102676099661055,6.570297569237604,501.60457299221997,1
17.233333333333334,4.110267605402886,6.570297569482235,501.6045729970617,1
17.25,4.110267600928624,6.570297569722539,501.6045730018096,1
17.266666666666666,4.110267596541576,6.5702975699585675,501.60457300646533,1
17.283333333333335,4.110267592240039,6.570297570190419,501.60457301103077,1
17.3,4.110267588022342,6.570297570418179,501.60457301550787,1
17.316666666666666,4.110267583886845,6.570297570641903,501.6045730198982,1
17.333333333333332,4.110267579831941,6.57029757086163,501.6045730242034,1
17.35,4.110267575856055,6.570297571077504,501.60457302842497,1
17.366666666666667,4.110267571957641,6.570297571289565,501.6045730325649,1
17.383333333333333,4.110267568135186,6.57029757149783,501.6045730366244,1
17.4,4.110267564387206,6.570297571702424,501.6045730406055,1
17.416666666666668,4.110267560712244,6.570297571903377,501.6045730445092,1
17.433333333333334,4.110267557108875,6.570297572100823,501.6045730483374,1
17.45,4.1102675535756985,6.57029757229474,501.6045730520914,1
17.466666666666665,4.1102675501113435,6.570297572485166,501.60457305577256,1
17.483333333333334,4.110267546714465,6.5702975726722865,501.6045730593826,1
17.5,4.110267543383746,6.570297572856098,501.6045730629226,1
17.516666666666666,4.110267540117892,6.570297573036633,501.6045730663939,1
17.533333333333335,4.110267536915637,6.570297573213969,501.6045730697981,1
17.55,4.110267533775738,6.570297573388186,501.60457307313635,1
17.566666666666666,4.110267530696977,6.570297573559301,501.6045730764098,1
17.583333333333332,4.110267527678162,6.570297573727398,501.60457307962014,1
17.6,4.11026752471812,6.570297573892493,501.60457308276807,1
17.616666666666667,4.110267521815702,6.570297574054684,501.6045730858553,1
17.633333333333333,4.110267518969785,6.570297574213983,501.6045730888825,1
17.65,4.110267516179264,6.570297574370484,501.60457309185136,1
17.666666666666668,4.11026751344306,6.57029757452419,501.6045730947626,1
17.683333333333334,4.110267510760109,6.570297574675172,501.6045730976174,1
17.7,4.1102675081293745,6.570297574823489,501.60457310041704,1
17.716666666666665,4.110267505549834,6.570297574969172,501.6045731031624,1
17.733333333333334,4.110267503020491,6.5702975751122805,501.6045731058547,1
17.75,4.110267500540365,6.570297575252898,501.60457310849495,1
17.766666666666666,4.110267498108494,6.570297575390989,501.6045731110841,1
17.783333333333335,4.110267495723936,6.570297575526615,501.6045731136231,1
17.8,4.110267493385768,6.57029757565989,501.60457311611293,1
17.816666666666666,4.110267491093086,6.5702975757907645,501.60457311855464,1
17.833333333333332,4.110267488845,6.570297575919361,501.60457312094917,1
17.85,4.110267486640641,6.5702975760456575,501.6045731232973,1
17.866666666666667,4.110267484479156,6.57029757616972,501.60457312560004,1
17.883333333333333,4.110267482359708,6.570297576291592,501.6045731278582,1
17.9,4.110267480281477,6.570297576411283,501.60457313007277,1
17.916666666666668,4.110267478243659,6.570297576528839,501.60457313224447,1
17.933333333333334,4.1102674762454665,6.5702975766443705,501.60457313437433,1
17.95,4.1102674742861245,6.570297576757826,501.6045731364629,1
17.966666666666665,4.110267472364876,6.57029757686926,501.60457313851106,1
17.983333333333334,4.110267470480978,6.570297576978723,501.60457314051945,1
18.0,4.110267468633703,6.5702975770862695,501.6045731424892,1
18.016666666666666,4.110267466822336,6.57029757719192,501.60457314442095,1
18.033333333333335,4.110267465046176,6.57029757729569,501.60457314631515,1
18.05,4.110267463304538,6.570297577397636,501.60457314817285,1
18.066666666666666,4.110267461596749,6.570297577497724,501.6045731499946,1
18.083333333333332,4.110267459922147,6.570297577596073,501.6045731517812,1
18.1,4.110267458280086,6.57029757769269,501.60457315353324,1
18.116666666666667,4.1102674566699315,6.570297577787607,501.60457315525144,1
18.133333333333333,4.110267455091063,6.570297577787607,501.6045731568432,1
18.15,4.110267453543996,6.570297577787607,501.6045731583994,1
18.166666666666668,4.110267452028088,6.570297577787607,501.6045731599218,1
18.183333333333334,4.110267450542715,6.570297577787607,501.6045731614121,1
18.2,4.110267449087258,6.570297577787607,501.6045731628709,1
18.216666666666665,4.110267447661117,6.570297577787607,501.6045731642995,1
18.233333333333334,4.110267446263701,6.570297577787607,501.60457316569875,1
18.25,4.110267444894432,6.570297577787607,501.6045731670693,1
18.266666666666666,4.1102674435527415,6.570297577787607,501.6045731684118,1
18.283333333333335,4.110267442238075,6.570297577787607,501.6045731697271,1
18.3,4.110267440949889,6.570297577787607,501.6045731710157,1
18.316666666666666,4.11026743968765,6.570297577787607,501.60457317227815,1
18.333333333333332,4.110267438450833,6.570297577787607,501.60457317351523,1
18.35,4.110267437238929,6.570297577787607,501.6045731747273,1
18.366666666666667,4.110267436051434,6.570297577787607,501.604573175915,1
18.383333333333333,4.1102674348878585,6.570297577787607,501.60457317707863,1
18.4,4.110267433747719,6.570297577787607,501.6045731782188,1
18.416666666666668,4.110267432630544,6.570297577787607,501.60457317933594,1
18.433333333333334,4.110267431535871,6.570297577787607,501.60457318043063,1
18.45,4.110267430463247,6.570297577787607,501.6045731815032,1
18.466666666666665,4.110267429412227,6.570297577787607,501.60457318255425,1
18.483333333333334,4.110267428382376,6.570297577787607,501.6045731835841,1
18.5,4.110267427373269,6.570297577787607,501.6045731845933,1
18.516666666666666,4.110267426384486,6.570297577787607,501.60457318558207,1
18.533333333333335,4.11026742541562,6.570297577787607,501.60457318655097,1
18.55,4.110267424466269,6.570297577787607,501.6045731875003,1
18.566666666666666,4.110267423536039,6.570297577787607,501.60457318843055,1
18.583333333333332,4.110267422624545,6.570297577787607,501.60457318934215,1
18.6,4.11026742173141,6.570297577787607,501.6045731902352,1
18.616666666666667,4.110267420856265,6.570297577787607,501.6045731911104,1
18.633333333333333,4.110267419998746,6.570297577787607,501.6045731919679,1
18.65,4.1102674191585,6.570297577787607,501.6045731928082,1
18.666666666666668,4.110267418335178,6.570297577787607,501.6045731936315,1
18.683333333333334,4.110267417528439,6.570297577787607,501.6045731944383,1
18.7,4.1102674167379485,6.570297577787607,501.6045731952288,1
18.716666666666665,4.1102674159633805,6.570297577787607,501.6045731960034,1
18.733333333333334,4.110267415204413,6.570297577787607,501.6045731967623,1
18.75,4.110267414460733,6.570297577787607,501.60457319750606,1
18.766666666666666,4.110267413732032,6.570297577787607,501.6045731982348,1
18.783333333333335,4.110267413018009,6.570297577787607,501.6045731989488,1
18.8,4.1102674123183665,6.570297577787607,501.6045731996485,1
18.816666666666666,4.110267411632817,6.570297577787607,501.604573200334,1
18.833333333333332,4.110267410961075,6.570297577787607,501.60457320100573,1
18.85,4.110267410302864,6.570297577787607,501.604573201664,1
18.866666666666667,4.11026740965791,6.570297577787607,501.60457320230887,1
18.883333333333333,4.110267409025946,6.570297577787607,501.6045732029409,1
18.9,4.110267408406712,6.570297577787607,501.6045732035602,1
18.916666666666668,4.110267407799949,6.570297577787607,501.60457320416697,1
18.933333333333334,4.110267407205408,6.570297577787607,501.6045732047615,1
18.95,4.110267406622842,6.570297577787607,501.60457320534414,1
18.966666666666665,4.110267406052009,6.570297577787607,501.6045732059149,1
18.983333333333334,4.110267405492676,6.570297577787607,501.60457320647424,1
19.0,4.110267404944607,6.570297577787607,501.6045732070223,1
19.016666666666666,4.110267404407578,6.570297577787607,501.6045732075594,1
19.033333333333335,4.110267403881365,6.570297577787607,501.6045732080856,1
19.05,4.11026740336575,6.570297577787607,501.6045732086013,1
19.066666666666666,4.110267402860522,6.570297577787607,501.60457320910655,1
19.083333333333332,4.110267402365469,6.570297577787607,501.6045732096016,1
19.1,4.110267401880388,6.570297577787607,501.60457321008664,1
19.116666666666667,4.1102674014050775,6.570297577787607,501.60457321056197,1
19.133333333333333,4.110267400939341,6.570297577787607,501.6045732110277,1
19.15,4.110267400482985,6.570297577787607,501.6045732114841,1
19.166666666666668,4.11026740003582,6.570297577787607,501.6045732119313,1
19.183333333333334,4.110267399597662,6.570297577787607,501.60457321236953,1
19.2,4.11026739916833,6.570297577787607,501.6045732127988,1
19.216666666666665,4.110267398747645,6.570297577787607,501.6045732132195,1
19.233333333333334,4.110267398335434,6.570297577787607,501.60457321363174,1
19.25,4.1102673979315245,6.570297577787607,501.6045732140357,1
19.266666666666666,4.110267397535751,6.570297577787607,501.6045732144314,1
19.283333333333335,4.1102673971479495,6.570297577787607,501.6045732148193,1
19.3,4.110267396767958,6.570297577787607,501.60457321519925,1
19.316666666666666,4.110267396395621,6.570297577787607,501.60457321557163,1
19.333333333333332,4.110267396030783,6.570297577787607,501.60457321593645,1
19.35,4.1102673956732945,6.570297577787607,501.60457321629406,1
19.366666666666667,4.110267395323006,6.570297577787607,501.6045732166443,1
19.383333333333333,4.110267394979774,6.570297577787607,501.6045732169876,1
19.4,4.110267394643453,6.570297577787607,501.6045732173239,1
19.416666666666668,4.110267394313908,6.570297577787607,501.6045732176535,1
19.433333333333334,4.110267393991,6.570297577787607,501.60457321797634,1
19.45,4.110267393674596,6.570297577787607,501.6045732182928,1
19.466666666666665,4.110267393364565,6.570297577787607,501.60457321860287,1
19.483333333333334,4.110267393060779,6.570297577787607,501.60457321890675,1
19.5,4.110267392763112,6.570297577787607,501.6045732192044,1
19.516666666666666,4.11026739247144,6.570297577787607,501.60457321949605,1
19.533333333333335,4.1102673921856425,6.570297577787607,501.6045732197819,1
19.55,4.110267391905602,6.570297577787607,501.6045732200619,1
19.566666666666666,4.110267391631202,6.570297577787607,501.60457322033636,1
19.583333333333332,4.110267391362327,6.570297577787607,501.60457322060523,1
19.6,4.110267391098869,6.570297577787607,501.6045732208687,1
19.616666666666667,4.110267390840718,6.570297577787607,501.6045732211268,1
19.633333333333333,4.110267390587766,6.570297577787607,501.60457322137984,1
19.65,4.110267390339909,6.570297577787607,501.6045732216277,1
19.666666666666668,4.110267390097045,6.570297577787607,501.60457322187057,1
19.683333333333334,4.110267389859072,6.570297577787607,501.6045732221086,1
19.7,4.110267389625892,6.570297577787607,501.60457322234174,1
19.716666666666665,4.110267389397409,6.570297577787607,501.60457322257025,1
19.733333333333334,4.110267389173528,6.570297577787607,501.60457322279416,1
19.75,4.110267388954157,6.570297577787607,501.6045732230136,1
19.766666666666666,4.110267388739204,6.570297577787607,501.6045732232285,1
19.783333333333335,4.11026738852858,6.570297577787607,501.6045732234391,1
19.8,4.1102673883222,6.570297577787607,501.6045732236455,1
19.816666666666666,4.110267388119976,6.570297577787607,501.60457322384775,1
19.833333333333332,4.110267387921824,6.570297577787607,501.60457322404596,1
19.85,4.1102673877276645,6.570297577787607,501.60457322424014,1
19.866666666666667,4.110267387537415,6.570297577787607,501.6045732244303,1
19.883333333333333,4.110267387350999,6.570297577787607,501.60457322461684,1
19.9,4.110267387168335,6.570297577787607,501.6045732247995,1
19.916666666666668,4.110267386989352,6.570297577787607,501.6045732249784,1
19.933333333333334,4.110267386813974,6.570297577787607,501.60457322515384,1
19.95,4.1102673866421275,6.570297577787607,501.6045732253257,1
19.966666666666665,4.110267386473744,6.570297577787607,501.6045732254941,1
19.983333333333334,4.110267386308752,6.570297577787607,501.6045732256591,1
20.0,4.110267386147082,6.570297577787607,501.60457322582073,1
20.016666666666666,4.110267385988669,6.570297577787607,501.60457322597927,1
20.033333333333335,4.1102673858334455,6.570297577787607,501.6045732261345,1
20.05,4.110267385681349,6.570297577787607,501.6045732262866,1
20.066666666666666,4.1102673855323175,6.570297577787607,501.6045732264356,1
20.083333333333332,4.110267385386288,6.570297577787607,501.6045732265817,1
20.1,4.110267385243199,6.570297577787607,501.6045732267248,1
20.116666666666667,4.110267385102991,6.570297577787607,501.604573226865,1
20.133333333333333,4.110267384965607,6.570297577787607,501.60457322700233,1
20.15,4.1102673848309905,6.570297577787607,501.60457322713705,1
20.166666666666668,4.110267384699086,6.570297577787607,501.60457322726893,1
20.183333333333334,4.110267384569838,6.570297577787607,501.60457322739813,1
20.2,4.110267384443192,6.570297577787607,501.60457322752484,1
20.216666666666665,4.110267384319099,6.570297577787607,501.6045732276489,1
20.233333333333334,4.110267384197505,6.570297577787607,501.6045732277705,1
20.25,4.11026738407836,6.570297577787607,501.6045732278898,1
20.266666666666666,4.110267383961613,6.570297577787607,501.6045732280065,1
20.283333333333335,4.110267383847218,6.570297577787607,501.6045732281209,1
20.3,4.1102673837351285,6.570297577787607,501.60457322823294,1
20.316666666666666,4.110267383625297,6.570297577787607,501.6045732283428,1
20.333333333333332,4.1102673835176775,6.570297577787607,501.6045732284504,1
20.35,4.110267383412225,6.570297577787607,501.6045732285559,1
20.366666666666667,4.110267383308896,6.570297577787607,501.60457322865926,1
20.383333333333333,4.11026738320765,6.570297577787607,501.6045732287605,1
20.4,4.110267383108441,6.570297577787607,501.60457322885975,1
20.416666666666668,4.110267383011232,6.570297577787607,501.604573228957,1
20.433333333333334,4.110267382915981,6.570297577787607,501.6045732290523,1
20.45,4.110267382822649,6.570297577787607,501.60457322914567,1
20.466666666666665,4.1102673827311955,6.570297577787607,501.604573229237,1
20.483333333333334,4.110267382641585,6.570297577787607,501.6045732293267,1
20.5,4.110267382553779,6.570297577787607,501.60457322941454,1
20.516666666666666,4.110267382467741,6.570297577787607,501.6045732295006,1
20.533333333333335,4.110267382383436,6.570297577787607,501.60457322958484,1
20.55,4.1102673823008296,6.570297577787607,501.60457322966744,1
20.566666666666666,4.110267382219887,6.570297577787607,501.6045732297485,1
20.583333333333332,4.1102673821405755,6.570297577787607,501.6045732298278,1
20.6,4.110267382062861,6.570297577787607,501.6045732299055,1
20.616666666666667,4.110267381986711,6.570297577787607,501.60457322998167,1
20.633333333333333,4.110267381912095,6.570297577787607,501.60457323005625,1
20.65,4.110267381838983,6.570297577787607,501.6045732301294,1
20.666666666666668,4.110267381767343,6.570297577787607,501.604573230201,1
20.683333333333334,4.110267381697146,6.570297577787607,501.60457323027117,1
20.7,4.110267381628362,6.570297577787607,501.60457323034,1
20.716666666666665,4.110267381560965,6.570297577787607,501.6045732304074,1
20.733333333333334,4.110267381494925,6.570297577787607,501.6045732304735,1
20.75,4.110267381430215,6.570297577787607,501.6045732305382,1
20.766666666666666,4.110267381366808,6.570297577787607,501.6045732306017,1
20.783333333333335,4.110267381304679,6.570297577787607,501.6045732306638,1
20.8,4.1102673812437995,6.570297577787607,501.6045732307247,1
20.816666666666666,4.110267381184148,6.570297577787607,501.60457323078435,1
20.833333333333332,4.110267381125697,6.570297577787607,501.60457323084285,1
20.85,4.115630344653984,6.127011609889986,501.13929784988386,0
20.866666666666667,4.127906136541964,5.549734117541199,500.51463324396195,0
20.883333333333333,4.146536240858247,5.012721298970016,499.90955775370077,0
20.9,4.170521770836038,4.554234357127611,499.36763257261265,0
20.916666666666668,4.198958179670648,4.168152641708786,498.8867719391594,0
20.933333333333334,4.231123722152196,3.840538892280004,498.4558311760306,0
20.95,4.266456320596683,3.5589627404017183,498.0642748055283,0
20.966666666666665,4.304515800788357,3.3138407114607817,497.703812706759,0
20.983333333333334,4.34495249547201,3.0980054657770904,497.36817351235743,0
21.0,4.387484167347273,2.9060805817329567,497.0526124342989,0
21.016666666666666,4.431879501688008,2.7339774330857556,496.7534940618207,0
21.033333333333335,4.477946269993986,2.578534731397966,496.46798783426726,0
21.05,4.525522734922747,2.4372673246698273,496.1938537709808,0
21.066666666666666,4.574471308917533,2.3081909952875885,495.9292920574377,0
21.083333333333332,4.6246737984139425,2.189698869731417,495.6728363724028,0
21.1,4.676027774738576,2.0804729050450415,495.42327716028854,0
21.116666666666667,4.728443791474581,1.9794194664635072,495.1796053157383,0
21.133333333333333,4.781843171051987,1.8856216859302393,494.94097061968057,0
21.15,4.836156270331742,1.7983036995760118,494.7066502019297,0
21.166666666666668,4.891321084156613,1.716803416609177,494.47602445674204,0
21.183333333333334,4.947282113663791,1.6405515132029942,494.248558376822,0
21.2,5.003989440560851,1.5690550313579958,494.02378691322644,0
21.216666666666665,5.06139796338418,1.5018844298694118,493.80130336665593,0
21.233333333333334,5.119466762439046,1.4386632553096916,493.5807500896412,0
21.25,5.178158567920062,1.3790598244689583,493.36181097062763,0
21.266666666666666,5.237439311477309,1.3227804676209478,493.144205306669,0
21.283333333333335,5.29727774580597,1.2695639950218451,492.9276827688931,0
21.3,5.357645120097558,1.2191771309654988,492.7120192357699,0
21.316666666666666,5.41851490168033,1.171410719775826,492.4970133213533,0
21.333333333333332,5.479862536095464,1.1260765526332452,492.28248346446054,0
21.35,5.541665239347851,1.0830046974705807,492.06826547391444,0
21.366666666666667,5.6039018172404464,1.0420412393846485,491.854210447106,0
21.383333333333333,5.666552507625683,1.0030463582492706,491.6401829960945,0
21.4,5.729598842143395,0.9658926850245493,491.4260597285584,0
21.416666666666668,5.793023524604497,0.9304638897494851,491.21172794111834,0
21.433333333333334,5.856810323655362,0.8966534631909225,490.9970844905561,0
21.45,5.92094397774397,0.8643636612000128,490.782034814787,0
21.466666666666665,5.98541011072397,0.8335045864401015,490.5664920804757,0
21.483333333333334,6.050195156691458,0.8039933866302511,490.3503764382223,0
21.5,6.115286292862544,0.775753552046502,490.13361436949066,0
21.516666666666666,6.180671379476655,0.7487142979292917,489.91613811208737,0
21.533333333333335,6.246338905857762,0.7228100198060158,489.697885153143,0
21.55,6.312277941888901,0.6979798116652489,489.4787977803022,0
21.566666666666666,6.3784780942588055,0.6741670385006822,489.2588226832756,0
21.583333333333332,6.444929466926741,0.6513189560469678,489.0379105991002,0
21.6,6.511622625325453,0.6293863716096625,488.8160159954469,0
21.616666666666667,6.5785485638849375,0.6083233407899701,488.59309678713925,0
21.633333333333333,6.645698676513182,0.5880868956552936,488.3691140817433,0
21.65,6.713064729715813,0.5686368005359358,488.1440319506634,0
21.666666666666668,6.780638838075865,0.5499353321579816,487.9178172226778,0
21.683333333333334,6.8484134418486144,0.5319470812697005,487.6904392972564,0
21.7,6.916381286455679,0.5146387732983438,487.4618699753588,0
21.716666666666665,6.984535403687744,0.49797910589654104,487.2320833057119,0
21.733333333333334,7.0528690944472645,0.4819386015129555,487.00105544482057,0
21.75,7.121375912881523,0.4664894733573644,486.7687645291884,0
21.766666666666666,7.190049651773054,0.4516055033324942,486.53519055841235,0
21.783333333333335,7.2588843290690335,0.43726193067909325,486.30031528798065,0
21.8,7.327874175443937,0.42343535023091344,486.0641221307419,0
21.816666666666666,7.3970136228010075,0.41010361930630806,485.8265960661392,0
21.833333333333332,7.466297293627911,0.3972457723760175,485.5877235564056,0
21.85,7.535719991130658,0.38484194274478534,485.3474924690144,0
21.866666666666667,7.605276690077611,0.37287329057005664,485.1058920047533,0
21.883333333333333,7.6749625282921095,0.36132193661572004,484.8629126308677,0
21.9,7.744772798738402,0.35017090120439737,484.61854601877707,0
21.916666666666668,7.814702942150867,0.3394040478891815,484.37278498592303,0
21.933333333333334,7.8847485401613255,0.3290060314163225,484.12562344135847,0
21.95,7.954905308883528,0.31896224959488845,483.8770563347265,0
21.966666666666665,8.0251690929177,0.3092587987287467,483.62707960831654,0
21.983333333333334,8.095535859741437,0.29988243230104367,483.3756901519188,0
22.0,8.166001694456343,0.29082052263218133,483.1228857602269,0
22.016666666666666,8.236562794862516,0.2820610252596778,482.8686650925646,0
22.033333333333335,8.307215466835503,0.27359244581270364,482.613027634736,0
22.05,8.377956119982503,0.26540380917570955,482.35597366281957,0
22.066666666666666,8.448781263556725,0.25748463075505335,482.0975042087441,0
22.083333333333332,8.519687502610491,0.2498248896797227,481.83762102750177,0
22.1,8.590671534369427,0.24241500378286998,481.5763265658681,0
22.116666666666667,8.661730144811495,0.23524580622471195,481.31362393251067,0
22.133333333333333,8.732860205436022,0.22830852362986132,481.0495168693828,0
22.15,8.804058670209061,0.22159475562337272,480.7840097243059,0
22.166666666666668,8.87532257267259,0.2150964556599134,480.5171074246559,0
22.183333333333334,8.946649023205996,0.20880591304957544,480.24881545207586,0
22.2,9.018035206429259,0.20271573609209306,479.9791398181473,0
22.216666666666665,9.089478378738118,0.19681883623865926,479.70808704095555,0
22.233333333333334,9.160975865962175,0.1911084132072969,479.43566412249425,0
22.25,9.232525061137721,0.18557794098382754,479.16187852685783,0
22.266666666666666,9.304123422387567,0.18022115464603863,478.886738159176,0
22.283333333333335,9.375768470900901,0.17503203795368694,478.6102513452484,0
22.3,9.447457789006606,0.17000481165155157,478.33242681184333,0
22.316666666666666,9.519189018334037,0.1651339224369189,478.05327366762435,0
22.333333333333332,9.59095985805567,0.16041403254669723,477.7728013846772,0
22.35,9.662768063206515,0.1558400099228085,477.49101978060634,0
22.366666666666667,9.734611443075444,0.15140691891768987,477.20793900117803,0
22.383333333333333,9.806487859664086,0.14711001150462857,476.92356950348557,0
22.4,9.878395226209163,0.1429447189602895,476.6379220396176,0
22.416666666666668,9.950331505764458,0.1389066439892572,476.3510076408084,0
22.433333333333334,10.022294709838913,0.1349915532625947,476.06283760205565,0
22.45,10.09428289708756,0.13119537034450043,475.77342346718694,0
22.466666666666665,10.166294172052282,0.12751416898300372,475.4827770143627,0
22.483333333333334,10.238326683949527,0.12394416674235491,475.19091024200156,0
22.5,10.310378625502418,0.12048171895637316,474.8978353551154,0
22.516666666666666,10.382448231814756,0.11712331298344739,474.6035647520439,0
22.533333333333335,10.454533779284676,0.11386556274525572,474.308111011577,0
22.55,10.526633584555855,0.11070520353248331,474.0114868804558,0
22.566666666666666,10.598746003504253,0.10763908706198351,473.71370526124326,0
22.583333333333332,10.670869430258612,0.10466417677086168,473.41477920055576,0
22.6,10.74300229625295,0.10177754333395961,473.1147218776464,0
22.616666666666667,10.815143069309498,0.09897636223898798,472.8135465951821,0
22.633333333333333,10.887290252737582,0.0962579026162344,472.5112667618211,0
22.65,10.959442384507133,0.09361953331707593,472.2078958907012,0
22.666666666666668,11.031598036387411,0.09105871336364482,471.9034475843635,0
22.683333333333334,11.103755813142115,0.08857298940166672,471.59793552584534,0
22.7,11.175914351744778,0.08615999243216195,471.2913734693174,0
22.716666666666665,11.248072320616384,0.08381743459994917,470.9837752309508,0
22.733333333333334,11.320228418884664,0.0815431061108773,470.6751546800757,0
22.75,11.392381375664247,0.07933487228112537,470.3655257306312,0
22.766666666666666,11.464529949356779,0.07719067071368277,470.0549023329039,0
22.783333333333335,11.536672926970267,0.07510850859601899,469.74329846555,0
22.8,11.608809123456794,0.07308646011295783,469.4307281278929,0
22.816666666666666,11.68093738106796,0.07112266396904553,469.1172053324936,0
22.833333333333332,11.753056568727306,0.06921532101498695,468.8027440979886,0
22.85,11.825165581419153,0.06736269197304133,468.48735844218794,0
22.866666666666667,11.897263339593152,0.06556309525654104,468.1710623754295,0
22.883333333333333,11.96934878858407,0.06381490487899073,467.85386989418475,0
22.9,12.041420898046203,0.06211654844845107,467.5357949749097,0
22.916666666666668,12.113478661401965,0.06046650524315278,467.2168515681365,0
22.933333333333334,12.185521095304104,0.058863304364520704,466.8970535928009,0
22.95,12.257547239111174,0.05730552296399263,466.57641493079944,0
22.966666666666665,12.329556154375746,0.05579178454022087,466.25494942177255,0
22.983333333333334,12.401546924345025,0.054320757303428314,465.9326708581078,0
23.0,12.473518653473413,0.05289115260386588,465.60959298015837,0
23.016666666666666,12.545470466946718,0.0515017234214821,465.2857294716715,0
23.033333333333335,12.61740151021761,0.05015126291406574,464.96109395542254,0
23.05,12.689310948552013,0.048838603021276045,464.6356999890497,0
23.066666666666666,12.7611979665861,0.0475626131220941,464.3095610610841,0
23.083333333333332,12.8330617678936,0.04632219874337039,463.98269058716926,0
23.1,12.90490157456315,0.045116300317256795,463.65510190646864,0
23.116666666666667,12.976716626785327,0.0439438919854222,463.32680827825243,0
23.133333333333333,13.048506182449222,0.042803980448058825,462.99782287866094,0
23.15,13.1202695167482,0.041695603855784705,462.66815879763925,0
23.166666666666668,13.192005921794648,0.04061783074263966,462.3378290360396,0
23.183333333333334,13.263714706243466,0.03956975899846574,462.00684650288485,0
23.2,13.335395194924098,0.0385505148790375,461.67522401279035,0
23.216666666666665,13.407046728480836,0.03755925205239175,461.3429742835378,0
23.233333333333334,13.478668663021244,0.03659515067988297,461.01010993379913,0
23.25,13.550260369772479,0.03565741653054921,460.6766434810037,0
23.266666666666666,13.62182123474531,0.03474528012745182,460.3425873393446,0
23.283333333333335,13.693350658405642,0.03385799592470754,460.00795381792216,0
23.3,13.764848055353422,0.03299484151399071,459.67275511901704,0
23.316666666666666,13.836312854008643,0.032155116859341824,459.3370033364917,0
23.333333333333332,13.907744496304412,0.031338143559168995,459.00071045431355,0
23.35,13.979142437386784,0.030543264134380473,458.6638883451982,0
23.366666666666667,14.050506131084758,0.029769841341631208,458.3265493430329,0
23.383333333333333,14.12183507288665,0.029017257627649614,457.98870450008485,0
23.4,14.193128755820567,0.028284914151998092,457.6503653489618,0
23.416666666666668,14.264386684993715,0.027572230479544255,457.311543306738,0
23.433333333333334,14.335608377323648,0.026878643907777507,456.9722496740755,0
23.45,14.406793361275799,0.02620360888287733,456.63249563449614,0
23.466666666666665,14.477941176606937,0.025546596443049064,456.29229225374934,0
23.483333333333334,14.54905137411431,0.02490709368216567,455.9516504792706,0
23.5,14.620123515390354,0.02428460323212246,455.6105811397245,0
23.516666666666666,14.691157172582852,0.023678642763034333,455.26909494463126,0
23.533333333333335,14.762151928160412,0.02308874450056091,454.92720248407113,0
23.55,14.833107374683134,0.02251445475971246,454.58491422846606,0
23.566666666666666,14.904023114578388,0.021955333494521233,454.24224052843306,0
23.583333333333332,14.974898759921535,0.02141095386299489,453.89919161470823,0
23.6,15.045733932221555,0.020880901806795304,453.55577759813747,0
23.616666666666667,15.11652826221139,0.02036477564510489,453.2120084697314,0
23.633333333333333,15.187281389642964,0.019862185682170352,452.8678941007817,0
23.65,15.257992963086783,0.01937275382802914,452.52344424303595,0
23.666666666666668,15.328662639735938,0.018896113231947075,452.17866852892814,0
23.683333333333334,15.399290085214503,0.018431907928111408,451.83357647186324,0
23.7,15.46987497339018,0.017979792493144443,451.48817746655243,0
23.716666666666665,15.540416986191124,0.01753943171501613,451.14248078939676,0
23.733333333333334,15.610915813426836,0.017110500272953754,450.7964955989171,0
23.75,15.681371152613057,0.016692682427959748,450.4502309362279,0
23.766666666666666,15.751782708800572,0.016285671723565015,450.10369572555294,0
23.783333333333335,15.822150194407795,0.01588917069645905,449.7568987747801,0
23.8,15.892473329057136,0.015502890596650052,449.4098487760543,0
23.816666666666666,15.962751839415,0.01512655111682419,449.0625543064052,0
23.833333333333332,16.032985459035356,0.01475988013058402,448.7150238284092,0
23.85,16.10317392820679,0.014402613439256475,448.3672656908818,0
23.866666666666667,16.17331699380303,0.01405449452697575,448.01928812960176,0
23.883333333333333,16.24341440913675,0.013715274323754188,447.6710992680615,0
23.9,16.313465933816683,0.01338471097626721,447.32270711824475,0
23.916666666666668,16.383471333607925,0.013062569626086255,446.9741195814287,0
23.933333333333334,16.453430380295366,0.01274862219510516,446.6253444490094,0
23.95,16.523342851550176,0.012442647177914084,446.27638940334873,0
23.966666666666665,16.59320853079928,0.01214442944088356,445.9272620186417,0
23.983333333333334,16.663027207097812,0.011853760027730764,445.5779697618022,0
24.0,16.732798675004325,0.011570435971346866,445.22851999336586,0
24.016666666666666,16.802522734458922,0.011294260111674927,444.8789199684099,0
24.033333333333335,16.872199190664002,0.011025040919431872,444.5291768374866,0
24.05,16.9418278539678,0.010762592325478392,444.1792976475714,0
24.066666666666666,17.011408539750462,0.010506733555645924,443.8292893430225,0
24.083333333333332,17.080941068312686,0.01025728897083774,443.47915876655213,0
24.1,17.150425264766913,0.010014087912226709,443.12891266020847,0
24.116666666666667,17.219860958930916,0.009776964551378678,442.7785576663652,0
24.133333333333333,17.289247985223803,0.009545757745137938,442.42810032872126,0
24.15,17.358586182564334,0.009320310895114647,442.0775470933061,0
24.166666666666668,17.427875394271574,0.009100471811621297,441.7269043094923,0
24.183333333333334,17.4971154679677,0.008886092581910431,441.37617823101266,0
24.2,17.56630625548309,0.008677029442570804,441.0253750169829,0
24.216666666666665,17.63544761276346,0.00847314265594346,440.6745007329269,0
24.233333333333334,17.704539399779144,0.008274296390426162,440.3235613518066,0
24.25,17.773581480436363,0.008080358604535876,439.9725627550522,0
24.266666666666666,17.84257372249057,0.00789120093460716,439.62151073359536,0
24.283333333333335,17.911515997461642,0.007706698586005382,439.2704109889028,0
24.3,17.98040818055106,0.007526730227739911,438.9192691340105,0
24.316666666666666,18.049250150560923,0.0073511778903660166,438.56809069455664,0
24.333333333333332,18.118041789814754,0.007179926867066394,438.2168811098145,0
24.35,18.186782984080132,0.007012865617810206,437.865645733724,0
24.366666666666667,18.255473622493028,0.006849885676487236,437.51438983592027,0
24.383333333333333,18.324113597483862,0.00669088156092162,437.163118602761,0
24.4,18.3927028047052,0.006535750685670296,436.8118371383496,0
24.416666666666668,18.461241142961104,0.006384393277516361,436.4605504655557,0
24.433333333333334,18.529728514138032,0.006236712293569767,436.1092635270321,0
24.45,18.598164823137306,0.006092613341890294,435.7579811862263,0
24.466666666666665,18.6665499778091,0.005952004604551722,435.40670822838865,0
24.483333333333334,18.73488388888791,0.005814796763068402,435.05544936157503,0
24.5,18.803166469929447,0.005680902926107323,434.70420921764395,0
24.516666666666666,18.871397637248975,0.005550238559412866,434.35299235324885,0
24.533333333333335,18.939577309860983,0.005422721417872463,434.0018032508237,0
24.55,19.007705409420286,0.005298271479654553,433.65064631956244,0
24.566666666666666,19.07578186016435,0.005176810882352721,433.2995258963931,0
24.583333333333332,19.143806588856993,0.005058263861071103,432.948446246943,0
24.6,19.21177952473327,0.00494255668838963,432.59741156649943,0
24.616666666666667,19.27970059944564,0.004829617616148575,432.2464259809621,0
24.633333333333333,19.34756974701133,0.004719376818994823,431.89549354778734,0
24.65,19.41538690376084,0.0046117663396334435,431.5446182569268,0
24.666666666666668,19.483152008287636,0.004506720035730571,431.1938040317565,0
24.683333333333334,19.55086500139894,0.00440417352841494,430.84305472999915,0
24.7,19.618525826067618,0.004304064152327733,430.4923741446385,0
24.716666666666665,19.68613442738516,0.00420633090717149,430.1417660048245,0
24.733333333333334,19.753690752515684,0.0041109144107107105,429.7912339767717,0
24.75,19.821194750650953,0.004017756853178477,429.44078166464783,0
24.766666666666666,19.888646372966427,0.003926801953044662,429.09041261145495,0
24.783333333333335,19.95604557257829,0.0038379949141030367,428.7401302999018,0
24.8,20.02339230450136,0.003751282383835615,428.3899381532669,0
24.816666666666666,20.090686525608028,0.0036666124130143667,428.03983953625345,0
24.833333333333332,20.157928194588038,0.003583934416501566,427.6898377558358,0
24.85,20.225117271909212,0.0035031991352109317,427.3399360620964,0
24.866666666666667,20.292253719778977,0.0034243585991939017,426.9901376490543,0
24.883333333333333,20.359337502106804,0.0033473660918154637,426.6404456554841,0
24.9,20.426368584467458,0.0032721761149856277,426.2908631657271,0
24.916666666666668,20.493346934065016,0.0031987443554142613,425.9413932104924,0
24.933333333333334,20.560272519697765,0.003127027651856787,425.5920387676495,0
24.95,20.62714531172379,0.003056983963320536,425.2428027630115,0
24.966666666666665,20.69396528202736,0.002988572338201867,424.89368807111043,0
24.983333333333334,20.760732403986065,0.0029217528843252087,424.5446975159617,0
25.0,20.82744665243862,0.0028564867398564162,424.19583387182126,0
25.016666666666666,20.89410800365346,0.002792736045063252,423.84709986393256,0
25.033333333333335,20.96071643529794,0.0027304639148971036,423.4984981692657,0
25.05,21.02727192640826,0.0026696344123706677,423.1500314172466,0
25.066666666666666,21.093774457360045,0.0026102125227071547,422.8017021904774,0
25.083333333333332,21.160224009839542,0.0025521641282374467,422.45351302544833,0
25.1,21.226620566815466,0.002495455984022368,422.1054664132406,0
25.116666666666667,21.292964112511488,0.0024400556941777504,421.7575648002205,0
25.133333333333333,21.359254632379248,0.0023859316888811973,421.4098105887245,0
25.15,21.425492113072043,0.0023330532020394206,421.0622061377352,0
25.166666666666668,21.491676542419018,0.00228139024959644,420.71475376354977,0
25.183333333333334,21.557807909399976,0.0022309136084629404,420.36745574043863,0
25.2,21.623886204120673,0.0021815947960481127,420.02031430129585,0
25.216666666666665,21.689911417788718,0.002133406050375719,419.6733316382811,0
25.233333333333334,21.755883542689944,0.0020863203107667227,419.32650990345326,0
25.25,21.8218025721653,0.0020403111990714468,418.97985120939495,0
25.266666666666666,21.88766850058828,0.0019953530014347656,418.6333576298297,0
25.283333333333335,21.953481323342785,0.0019514206505780616,418.28703120022936,0
25.3,22.01924103680151,0.0019084897085828857,417.9408739184149,0
25.316666666666666,22.084947638304765,0.001866536350160809,417.5948877451479,0
25.333333333333332,22.150601126139772,0.0018255373463953093,417.24907460471394,0
25.35,22.216201499520402,0.0017854700489413648,416.9034363854987,0
25.366666666666667,22.28174875856735,0.001746312374669254,416.5579749405554,0
25.383333333333333,22.34724290428873,0.0017080427907392314,416.21269208816483,0
25.4,22.4126839385611,0.0016706403000943271,415.86758961238655,0
25.416666666666668,22.478071864110866,0.0016340844273588686,415.52266926360375,0
25.433333333333334,22.54340668449613,0.0015983552051307525,415.1779327590596,0
25.45,22.608688404088884,0.0015634331606557109,414.83338178338585,0
25.466666666666665,22.673917028057613,0.0015292993028723622,414.48901798912397,0
25.483333333333334,22.739092562350233,0.0014959351098171598,414.14484299723955,0
25.5,22.804215013677457,0.001463322516378544,413.8008583976285,0
25.516666666666666,22.869284389496446,0.001431443902390162,413.45706574961594,0
25.533333333333335,22.93430069799486,0.0014002820810530856,413.1134665824486,0
25.55,22.99926394807522,0.0013698202876774859,412.77006239577923,0
25.566666666666666,23.06417414933961,0.0013400421687344017,412.42685466014416,0
25.583333333333332,23.1290313120747,0.001310931771208497,412.08384481743474,0
25.6,23.193835447237106,0.0012824735322431548,411.7410342813603,0
25.616666666666667,23.25858656643904,0.001254652269069263,411.3984244379055,0
25.633333333333333,23.323284681934258,0.0012274531692095636,411.05601664578035,0
25.65,23.387929806604337,0.0012008617809505418,410.71381223686404,0
25.666666666666668,23.4525219539452,0.001174864004074061,410.37181251664157,0
25.683333333333334,23.517061138053982,0.0011494460808413047,410.0300187646343,0
25.7,23.581547373616097,0.0011245945872217483,409.6884322348235,0
25.716666666666665,23.64598067589265,0.0011002964243600438,409.34705415606845,0
25.733333333333334,23.710361060708067,0.0010765388102739965,409.0058857325177,0
25.75,23.774688544438007,0.0010533092717770595,408.6649281440136,0
25.766666666666666,23.83896314399753,0.0010305956366188258,408.32418254649195,0
25.783333333333335,23.90318487682948,0.0010083860258373483,407.9836500723745,0
25.8,23.96735376089318,0.00098666884631718,407.64333183095596,0
25.816666666666666,24.03146981465327,0.0009654327835473098,407.3032289087851,0
25.833333333333332,24.095533057068884,0.0009446667945732951,406.9633423700397,0
25.85,24.15954350758294,0.0009243601011380713,406.6236732568963,0
25.866666666666667,24.223501186111765,0.0009045021830060625,406.28422258989383,0
25.883333333333333,24.28740611303485,0.0008850827714654184,405.944991368292,0
25.9,24.351258309184875,0.0008660918430033752,405.6059805704235,0
25.916666666666668,24.415057795837892,0.0008475196131497699,405.26719115404154,0
25.933333333333334,24.47880459470377,0.000829356530484046,404.92862405666176,0
25.95,24.542498727916797,0.0008115932708011202,404.5902801958984,0
25.966666666666665,24.606140218026457,0.0007942207314316274,404.25216046979585,0
25.983333333333334,24.66972908798849,0.0007772300257122723,403.91426575715457,0
26.0,24.73326536115602,0.0007606124776020018,403.57659691785227,0
26.016666666666666,24.79674906127097,0.0007443596164400136,403.2391547931601,0
26.033333333333335,24.860180212455564,0.0007284631718415642,402.90194020605315,0
26.05,24.923558839204084,0.0007129150687277814,402.5649539615171,0
26.066666666666666,24.986884966374742,0.0006977074224857616,402.22819684684947,0
26.083333333333332,25.05015861918175,0.000682832534255291,401.8916696319561,0
26.1,25.113379823187532,0.0006682828863387261,401.55537306964294,0
26.116666666666667,25.176548604295117,0.0006540511377305944,401.219307895904,0
26.133333333333333,25.239664988740678,0.0006401301197636212,400.8834748302034,0
26.15,25.30272900308622,0.0006265128318679782,400.54787457575395,0
26.166666666666668,25.36574067421244,0.0006131924374406287,400.21250781979114,0
26.183333333333334,25.42870002931168,0.000600162259821724,399.87737523384214,0
26.2,25.4916070958811,0.0005874157783751411,399.54247747399177,0
26.216666666666665,25.554461901715936,0.0005749466246703147,399.2078151811428,0
26.233333333333334,25.617264474902914,0.0005627485787625416,398.87338898127325,0
26.25,25.680014843813794,0.00055081556556914,398.5391994856886,0
26.266666666666666,25.742713037099062,0.0005391416513387832,398.205247291271,0
26.283333333333335,25.805359083681704,0.0005277210402115161,397.8715329807234,0
26.3,25.867953012751194,0.0005165480708669781,397.5380571228107,0
26.316666666666666,25.93049485375751,0.0005056172132584279,397.20482027259646,0
26.333333333333332,25.992984636405303,0.0004949230654302627,396.8718229716758,0
26.35,26.055422390648253,0.0004844603504167516,396.53906574840494,0
26.366666666666667,26.117808146683426,0.0004742239132198401,396.20654911812653,0
26.383333333333333,26.180141934945816,0.00046420871786381654,395.87427358339204,0
26.4,26.242423786103004,0.00045440984452484016,395.54223963417957,0
26.416666666666668,26.304653731049875,0.00044482248673330534,395.2104477481088,0
26.433333333333334,26.36683180090349,0.0004354419486470464,394.8788983906527,0
26.45,26.42895802699803,0.0004262636423935503,394.54759201534506,0
26.466666666666665,26.491032440879874,0.00041728308547927086,394.21652906398486,0
26.483333333333334,26.55305507430274,0.00040849589826430835,393.8857099668381,0
26.5,26.61502595922296,0.0003998978015006707,393.555135142835,0
26.516666666666666,26.676945127794824,0.0003914846139324458,393.2248049997653,0
26.533333333333335,26.738812612366004,0.00038325224995622623,392.89471993446904,0
26.55,26.80062844547316,0.00037519671734021056,392.5648803330257,0
26.566666666666666,26.862392659837468,0.0003673141150004151,392.23528657093897,0
26.583333333333332,26.924105288360444,0.00035960063083246023,391.9059390133192,0
26.6,26.985766364119662,0.00035205253959752123,391.57683801506266,0
26.616666666666667,27.04737592036469,0.0003446662008609612,391.24798392102804,0
26.633333333333333,27.10893399051304,0.00033743805698229894,390.9193770662095,0
26.65,27.17044060814624,0.0003303646311551381,390.5910177759074,0
26.666666666666668,27.231895807005916,0.00032344252549575445,390.2629063658964,0
26.683333333333334,27.293299620990062,0.000316668419179078,389.93504314258996,0
26.7,27.35465208414929,0.00031003906662081126,389.607428403203,0
26.716666666666665,27.41595323068318,0.000303551295704502,389.28006243591153,0
26.733333333333334,27.477203094936737,0.00029720200605236823,388.95294552000934,0
26.75,27.538401711396876,0.00029098816733877814,388.6260779260626,0
26.766666666666666,27.599549114689,0.0002849068176452284,388.29945991606144,0
26.783333333333335,27.660645339573644,0.00027895506185578894,387.97309174356997,0
26.8,27.721690420943176,0.00027313007009193384,387.6469736538721,0
26.816666666666666,27.78268439381858,0.0002674290761857582,387.32110588411683,0
26.833333333333332,27.843627293346284,0.000261849376190576,386.9954886634595,0
26.85,27.904519154795075,0.0002563883269279498,386.6701222132023,0
26.866666666666667,27.965360013553052,0.0002510433445702009,386.34500674693106,0
26.883333333333333,28.02614990512465,0.000245811903257495,386.0201424706503,0
26.9,28.086888865127733,0.00024069153374861387,385.6955295829161,0
26.916666666666668,28.14757692929072,0.00023567982210454948,385.3711682749667,0
26.933333333333334,28.208214133449797,0.00023077440840407927,385.047058730851,0
26.95,28.268800513546168,0.00022597298549051334,384.72320112755483,0
26.966666666666665,28.32933610562335,0.00022127329774879884,384.3995956351249,0
26.983333333333334,28.38982094582455,0.00021667313991223093,384.07624241679116,0
27.0,28.45025507039008,0.00021217035589800757,383.75314162908654,0
27.016666666666666,28.510638515654804,0.00020776283767088557,383.4302934219653,0
27.033333333333335,28.57097131804568,0.0002034485241342387,383.1076979389191,0
27.05,28.6312535140793,0.00019922540004782424,382.78535531709053,0
27.066666666666666,28.691485140359532,0.00019509149497156573,382.463265687386,0
27.083333333333332,28.75166623357515,0.00019104488223471873,382.1414291745861,0
27.1,28.81179683049756,0.0001870836779297516,381.8198458974532,0
27.116666666666667,28.871876967978544,0.0001832060399303523,381.4985159688391,0
27.133333333333333,28.931906682948068,0.0001794101669329208,381.1774394957893,0
27.15,28.991886012412106,0.00017569429752097712,380.8566165796463,0
27.166666666666668,29.051814993450545,0.00017205670925191037,380.5360473161509,0
27.183333333333334,29.11169366321509,0.00016849571776549898,380.21573179554184,0
27.2,29.171522058927227,0.00016500967591366646,379.8956701026536,0
27.216666666666665,29.231300217876264,0.00016159697291093664,379.57586231701316,0
27.233333333333334,29.291028177417335,0.00015825603350507755,379.2563085129344,0
27.25,29.3507059749695,0.0001549853171674274,378.937008759611,0
27.266666666666666,29.41033364801388,0.0001517833173024109,378.6179631212084,0
27.283333333333335,29.469911234091807,0.0001486485604757788,378.2991716569534,0
27.3,29.52943877080301,0.00014557960566109523,377.9806344212228,0
27.316666666666666,29.588916295803855,0.0001425750435040267,377.6623514636305,0
27.333333333333332,29.64834384680562,0.0001396334956039916,377.34432282911234,0
27.35,29.707721461572767,0.00013675361381274272,377.02654855801103,0
27.366666666666667,29.76704917792131,0.00013393407954945968,376.70902868615804,0
27.383333333333333,29.826327033717163,0.00013117360313195215,376.3917632449551,0
27.4,29.885555066874538,0.00012847092312357275,376.07475226145414,0
27.416666666666668,29.944733315354394,0.00012582480569545232,375.75799575843564,0
27.433333333333334,30.003861817162853,0.00012323404400369002,375.44149375448546,0
27.45,30.062940610349756,0.0001206974575811154,375.1252462640713,0
27.466666666666665,30.121969733007127,0.0001182138917432862,374.8092532976166,0
27.483333333333334,30.180949223267756,0.00011578221700835955,374.4935148615743,0
27.5,30.23987911930377,0.0001134013285305008,374.17803095849854,0
27.516666666666666,30.298759459325236,0.0001110701455465033,373.8628015871158,0
27.533333333333335,30.357590281578794,0.00010878761083529624,373.54782674239397,0
27.55,30.416371624346333,0.00010655269019002309,373.23310641561113,0
27.566666666666666,30.475103525943663,0.00010436437190239277,372.9186405944228,0
27.583333333333332,30.533786024719234,0.00010222166625899918,372.604429262928,0
27.6,30.592419159052874,0.00010012360504932225,372.29047240173384,0
27.616666666666667,30.65100296735455,9.806924108512724e-05,371.97676998801967,0
27.633333333333333,30.709537488063166,9.605764773098737e-05,371.66332199560003,0
27.65,30.768022759645362,9.408791844566236e-05,371.350128394986,0
27.666666666666668,30.826458820594365,9.215916633406655e-05,371.037189153446,0
27.683333333333334,30.88484570942882,9.027052370957691e-05,370.72450423506524,0
27.7,30.943183464691693,8.842114166643105e-05,370.41207360080443,0
27.716666666666665,31.001472124949192,8.66101896619703e-05,370.099897208557,0
27.733333333333334,31.059711728789637,8.483685510849423e-05,369.78797501320645,0
27.75,31.117902314822448,8.310034297449588e-05,369.4763069666809,0
27.766666666666666,31.176043921677103,8.139987539505387e-05,369.1648930180087,0
27.783333333333335,31.234136588002116,7.973469129115791e-05,368.85373311337145,0
27.8,31.292180352464033,7.810404599776354e-05,368.5428271961571,0
27.816666666666666,31.35017525374651,7.650721090035751e-05,368.2321752070118,0
27.833333333333332,31.408121330549307,7.494347307983822e-05,367.92177708389096,0
27.85,31.46601862158735,7.341213496551308e-05,367.6116327621091,0
27.866666666666667,31.523867165589845,7.191251399601362e-05,367.3017421743895,0
27.883333333333333,31.58166700129935,7.04439422879486e-05,366.99210525091206,0
27.9,31.63941816747093,6.900576631210684e-05,366.68272191936154,0
27.916666666666668,31.697120702871256,6.759734657703021e-05,366.37359210497357,0
27.933333333333334,31.754774646277774,6.621805731978701e-05,366.06471573058116,0
27.95,31.81238003647787,6.486728620377134e-05,365.75609271665945,0
27.966666666666665,31.869936912268063,6.35444340233637e-05,365.4477229813704,0
27.983333333333334,31.927445312453195,6.224891441529255e-05,365.1396064406063,0
28.0,31.98490527584565,6.09801535765367e-05,364.83174300803245,0
28.016666666666666,32.04231684126462,5.973758998861605e-05,364.52413259512923,0
28.033333333333335,32.0996800475353,5.852067414812176e-05,364.21677511123397,0
28.05,32.15699493348819,5.732886830333634e-05,363.9096704635809,0
28.066666666666666,32.21426153795835,5.616164619680245e-05,363.6028185573416,0
28.083333333333332,32.27147989978471,5.50184928137019e-05,363.2962192956643,0
28.1,32.32865005780936,5.389890413590808e-05,362.989872579712,0
28.116666666666667,32.38577205087689,5.280238690157787e-05,362.6837783087009,0
28.133333333333333,32.442845917833694,5.172845837015614e-05,362.37793637993724,0
28.15,32.499871697527354,5.067664609266596e-05,362.0723466888544,0
28.166666666666668,32.55684942880596,4.9646487687158823e-05,361.7670091290481,0
28.183333333333334,32.61377915051751,4.863753061920818e-05,361.46192359231264,0
28.2,32.67066090150929,4.7649331987327966e-05,361.1570899686752,0
28.216666666666665,32.72749472062725,4.6681458313199555e-05,360.8525081464298,0
28.233333333333334,32.784280646715445,4.573348533659933e-05,360.54817801217104,0
28.25,32.84101871861542,4.4804997814914075e-05,360.2440994508272,0
28.266666666666666,32.89770897516569,4.3895589327140886e-05,359.94027234569245,0
28.283333333333335,32.954351455201135,4.300486208226629e-05,359.63669657845855,0
28.3,33.01094619755248,4.2132426731923265e-05,359.33337202924656,0
28.316666666666666,33.067493241045746,4.127790395317886e-05,359.03029857663876,0
28.333333333333332,33.12399262450172,4.0440917403356535e-05,358.7274760977039,0
28.35,33.18044438673548,3.962110336081217e-05,358.4249044680322,0
28.366666666666667,33.23684856655588,3.881810460333758e-05,358.1225835617624,0
28.383333333333333,33.29320520276502,3.803157135400572e-05,357.8205132516103,0
28.4,33.34951433415781,3.7261161221414604e-05,357.51869340889743,0
28.416666666666668,33.40577599952144,3.650653905279318e-05,357.2171239035783,0
28.433333333333334,33.46199023763497,3.5767376780288554e-05,356.91580460426775,0
28.45,33.518157087268854,3.504335326883524e-05,356.6147353782676,0
28.466666666666665,33.574276587184485,3.4334154166892956e-05,356.31391609159283,0
28.483333333333334,33.63034877613376,3.3639471760309075e-05,356.01334660899727,0
28.5,33.68637369285868,3.2959004829337296e-05,355.7130267939988,0
28.516666666666666,33.742351376090895,3.229245850878159e-05,355.4129565089048,0
28.533333333333335,33.7982818645513,3.163954415120962e-05,355.1131356148357,0
28.55,33.85416519694965,3.099997919317782e-05,354.8135639717499,0
28.566666666666666,33.910001411984155,3.037348702439972e-05,354.51424143846634,0
28.583333333333332,33.9657905483411,2.9759796859795923e-05,354.2151678726886,0
28.6,34.02153264469443,2.9158643614361067e-05,353.916343131027,0
28.616666666666667,34.07722773970544,2.8569767780782725e-05,353.61776706902157,0
28.633333333333333,34.13287587202236,2.7992915309753452e-05,353.3194395411634,0
28.65,34.18847708028002,2.7427837492912104e-05,353.02136040091636,0
28.666666666666668,34.24403140309952,2.6874290848357653e-05,352.7235295007386,0
28.683333333333334,34.29953887908783,2.6332037008675697e-05,352.42594669210325,0
28.7,34.35499954683752,2.580084261142151e-05,352.1286118255188,0
28.716666666666665,34.41041344492638,2.5280479192004777e-05,351.83152475054897,0
28.733333333333334,34.46578061191715,2.4770723078920427e-05,351.5346853158331,0
28.75,34.521101086357156,2.42713552912743e-05,351.23809336910494,0
28.766666666666666,34.576374906778035,2.3782161438550997e-05,350.9417487572119,0
28.783333333333335,34.63160211169541,2.3302931622573477e-05,350.6456513261339,0
28.8,34.6867827396086,2.2833460341605225e-05,350.3498009210014,0
28.816666666666666,34.74191682900037,2.2373546396547284e-05,350.0541973861143,0
28.833333333333332,34.79700441833655,2.1922992799182255e-05,349.7588405649586,0
28.85,34.852045546065874,2.1481606682420006e-05,349.4637303002245,0
28.866666666666667,34.90704025061962,2.104919921249958e-05,349.16886643382344,0
28.883333333333333,34.9619885704114,2.0625585503104482e-05,348.8742488069046,0
28.9,35.016890543836844,2.0210584531347436e-05,348.57987725987186,0
28.916666666666668,35.07174620927341,1.980401905558296e-05,348.28575163240004,0
28.933333333333334,35.12655560508006,1.9405715535007714e-05,347.9918717634504,0
28.95,35.18131876959708,1.901550405100759e-05,347.6982374912865,0
28.966666666666665,35.2360357411458,1.8633218230213508e-05,347.40484865348986,0
28.983333333333334,35.290706558028376,1.8258695169227064e-05,347.1117050869747,0
29.0,35.34533125852757,1.7891775360979152e-05,346.8188066280029,0
29.016666666666666,35.399909880906485,1.7532302622684962e-05,346.5261531121989,0
29.033333333333335,35.45444246340838,1.7180124025360808e-05,346.23374437456357,0
29.05,35.50892904425643,1.6835089824865913e-05,345.94158024948825,0
29.066666666666666,35.56336966165355,1.649705339443782e-05,345.649660570769,0
29.083333333333332,35.61776435378216,1.6165871158686443e-05,345.3579851716202,0
29.1,35.67211315880398,1.584140252901501e-05,345.06655388468715,0
29.116666666666667,35.726416114859845,1.552350984043623e-05,344.7753665420597,0
29.133333333333333,35.780673260069506,1.521205828975309e-05,344.4844229752855,0
29.15,35.83488463253144,1.4906915875073157e-05,344.19372301538175,0
29.166666666666668,35.88905027032266,1.4607953336628052e-05,343.9032664928482,0
29.183333333333334,35.94317021149856,1.4315044098868223e-05,343.61305323767914,0
29.2,35.99724449409267,1.4028064213805407e-05,343.32308307937546,0
29.216666666666665,36.05127315611655,1.3746892305575095e-05,343.03335584695657,0
29.233333333333334,36.10525623555962,1.347140951619194e-05,342.74387136897127,0
29.25,36.15919377038893,1.320149945247225e-05,342.45462947350984,0
29.266666666666666,36.213085798549066,1.2937048134097003e-05,342.165629988215,0
29.283333333333335,36.266932357961934,1.267794394279127e-05,341.8768727402925,0
29.3,36.320733486526656,1.2424077572594788e-05,341.5883575565224,0
29.316666666666666,36.374489222119365,1.2175341981199731e-05,341.30008426326896,0
29.333333333333332,36.42819960259312,1.1931632342332977e-05,341.0120526864917,0
29.35,36.481864665777685,1.1692845999158285e-05,340.72426265175505,0
29.366666666666667,36.53548444947945,1.1458882418678307e-05,340.43671398423857,0
29.383333333333333,36.58905899148124,1.1229643147112336e-05,340.149406508747,0
29.4,36.64258832954222,1.100503176622968e-05,339.8623400497194,0
29.416666666666668,36.696072501397765,1.0784953850617336e-05,339.57551443123884,0
29.433333333333334,36.74951154475927,1.0569316925861607e-05,339.28892947704173,0
29.45,36.802905497314086,1.0358030427623293e-05,339.0025850105271,0
29.466666666666665,36.85625439672537,1.015100566158762e-05,338.7164808547652,0
29.483333333333334,36.90955828063196,9.948155764269252e-06,338.43061683250687,0
29.5,36.962817186648266,9.749395664653702e-06,338.1449927661913,0
29.516666666666666,37.01603115236415,9.554642046657355e-06,337.85960847795553,0
29.533333333333335,37.06920021534479,9.363813312387708e-06,337.57446378964204,0
29.55,37.122324413130634,9.176829546186634e-06,337.2895585228073,0
29.566666666666666,37.17540378323719,8.993612479439773e-06,337.00489249872965,0
29.583333333333332,37.22843836315503,8.814085456135063e-06,336.7204655384174,0
29.6,37.2814281903496,8.638173399154279e-06,336.4362774626163,0
29.616666666666667,37.33437330226117,8.465802777281647e-06,336.1523280918175,0
29.633333333333333,37.387273736304714,8.296901572913837e-06,335.86861724626465,0
29.65,37.44012952986979,8.131399250456188e-06,335.58514474596154,0
29.666666666666668,37.49294072032054,7.969226725390487e-06,335.3019104106792,0
29.683333333333334,37.54570734499547,7.810316333999122e-06,335.01891405996287,0
29.7,37.598429441207436,7.654601803732075e-06,334.7361555131392,0
29.716666666666665,37.65110704624356,7.502018224202475e-06,334.4536345893228,0
29.733333333333334,37.70374019736511,7.352502018796943e-06,334.1713511074231,0
29.75,37.75632893180744,7.2059909168878775e-06,333.88930488615097,0
29.766666666666666,37.80887328677991,7.062423926634287e-06,333.607495744025,0
29.783333333333335,37.861373299465775,6.921741308358404e-06,333.32592349937835,0
29.8,37.913829007022166,6.7838845484862975e-06,333.04458797036386,0
29.816666666666666,37.966240446579945,6.648796334039061e-06,332.76348897496155,0
29.833333333333332,38.01860765524369,6.516420527664159e-06,332.48262633098375,0
29.85,38.0709306700916,6.386702143194179e-06,332.201999856081,0
29.866666666666667,38.1232095281754,6.259587321721919e-06,331.92160936774843,0
29.883333333333333,38.175444266520344,6.13502330818112e-06,331.6414546833308,0
29.9,38.227634922125056,6.012958428421219e-06,331.36153562002835,0
29.916666666666668,38.27978153196154,5.893342066766099e-06,331.0818519949024,0
29.933333333333334,38.33188413297507,5.77612464404617e-06,330.80240362488075,0
29.95,38.383942762084175,5.661257596093544e-06,330.52319032676223,0
29.966666666666665,38.435957456180525,5.5486933526904135e-06,330.24421191722314,0
29.983333333333334,38.48792825212891,5.438385316961054e-06,329.96546821282124,0
30.0,38.539855186767184,5.330287845197646e-06,329.68695903000133,0
30.016666666666666,38.591738296906186,5.224356227110841e-06,329.40868418509984,0
30.033333333333335,38.643577619329704,5.120546666495872e-06,329.13064349435007,0
30.05,38.69537319079442,5.018816262305178e-06,328.8528367738863,0
30.066666666666666,38.74712504802986,4.919122990119167e-06,328.57526383974897,0
30.083333333333332,38.79883322773834,4.8214256840061364e-06,328.29792450788915,0
30.1,38.85049776659492,4.725684018763467e-06,328.02081859417257,0
30.116666666666667,38.90211870124736,4.631858492531649e-06,327.7439459143847,0
30.133333333333333,38.95369606831608,4.539910409773229e-06,327.46730628423455,0
30.15,39.005229904394106,4.449801864608921e-06,327.1908995193588,0
30.166666666666668,39.056720246047036,4.361495724503216e-06,326.9147254353265,0
30.183333333333334,39.108167129812976,4.274955614292131e-06,326.6387838476429,0
30.2,39.15957059220255,4.190145900545554e-06,326.3630745717531,0
30.216666666666665,39.2109306696988,4.107031676257323e-06,326.0875974230463,0
30.233333333333334,39.26224739875718,4.025578745855848e-06,325.81235221686,0
30.25,39.31352081580555,3.945753610528659e-06,325.5373387684829,0
30.266666666666666,39.364750957244084,3.867523453853754e-06,325.2625568931594,0
30.283333333333335,39.415937859445265,3.7908561277320196e-06,324.98800640609295,0
30.3,39.46708155875382,3.7157201386132547e-06,324.71368712244947,0
30.316666666666666,39.51818209148676,3.642084634010533e-06,324.43959885736126,0
30.333333333333332,39.56923949393326,3.5699193892961873e-06,324.16574142593,0
30.35,39.62025380235473,3.4991947947735552e-06,323.89211464323034,0
30.366666666666667,39.67122505298468,3.4298818430188095e-06,323.6187183243134,0
30.383333333333333,39.722153282028756,3.3619521164868725e-06,323.3455522842098,0
30.4,39.7730385256647,3.2953777753759765e-06,323.07261633793274,0
30.416666666666668,39.82388082004233,3.2301315457453955e-06,322.7999103004814,0
30.433333333333334,39.87468020128348,3.1661867078808647e-06,322.5274339868439,0
30.45,39.925436705482056,3.1035170849024947e-06,322.25518721200035,0
30.466666666666665,39.976150368703905,3.04209703161009e-06,321.9831697909258,0
30.483333333333334,40.026821226986876,2.9819014235608103e-06,321.71138153859306,0
30.5,40.07744931634078,2.922905646374175e-06,321.43982226997593,0
30.516666666666666,40.12803467274734,2.865085585259759e-06,321.16849180005124,0
30.533333333333335,40.178577332160195,2.8084176147627555e-06,320.89738994380235,0
30.55,40.229077330504886,2.7528785887227603e-06,320.62651651622167,0
30.566666666666666,40.27953470367881,2.6984458304414904e-06,320.3558713323129,0
30.583333333333332,40.329949487551275,2.6450971230547265e-06,320.08545420709424,0
30.6,40.38032171796337,2.5928107001043683e-06,319.8152649556004,0
30.616666666666667,40.43065143072804,2.5415652363063697e-06,319.54530339288544,0
30.633333333333333,40.480938661630034,2.491339838510298e-06,319.27556933402514,0
30.65,40.53118344642591,2.4421140368466365e-06,319.0060625941191,0
30.666666666666668,40.58138582084399,2.3938677760576915e-06,318.7367829882938,0
30.683333333333334,40.63154582058439,2.346581407008421e-06,318.467730331704,0
30.7,40.681663481318964,2.3002356783732887e-06,318.198904439536,0
30.716666666666665,40.73173883869132,2.2548117284953955e-06,317.93030512700915,0
30.733333333333334,40.78177192831681,2.210291077414454e-06,317.661932209378,0
30.75,40.831762785782495,2.1666556190597497e-06,317.3937855019351,0
30.766666666666666,40.88171144664718,2.1238876136049653e-06,317.1258648200125,0
30.783333333333335,40.93161794644136,2.0819696799811576e-06,316.8581699789841,0
30.8,40.98148232066722,2.0408847885447808e-06,316.59070079426755,0
30.816666666666666,41.03130460479867,2.000616253897409e-06,316.3234570813261,0
30.833333333333332,41.081084834281285,1.9611477278539394e-06,316.0564386556714,0
30.85,41.13082304453231,1.9224631925562356e-06,315.7896453328637,0
30.866666666666667,41.18051927094067,1.8845469537291263e-06,315.52307692851565,0
30.883333333333333,41.23017354886698,1.8473836340757559e-06,315.25673325829285,0
30.9,41.27978591364349,1.8109581668094103e-06,314.99061413791605,0
30.916666666666668,41.3293564005741,1.7752557893188865e-06,314.724719383163,0
30.933333333333334,41.3788850449344,1.740262036964693e-06,314.45904880987007,0
30.95,41.42837188197163,1.7059627370032847e-06,314.193602233934,0
30.966666666666665,41.47781694690463,1.6723440026366505e-06,313.92837947131363,0
30.983333333333334,41.52722027492395,1.6393922271847019e-06,313.66338033803135,0
31.0,41.57658190119173,1.6070940783777343e-06,313.3986046501749,0
31.016666666666666,41.62590186084181,1.5754364927666972e-06,313.1340522238986,0
31.033333333333335,41.67518018897962,1.5444066702485193e-06,312.86972287542557,0
31.05,41.724416920682266,1.5139920687043738e-06,312.6056164210485,0
31.066666666666666,41.773612090998505,1.484180398748238e-06,312.3417326771316,0
31.083333333333332,41.8227657349487,1.4549596185837384e-06,312.0780714601119,0
31.1,41.87187788752489,1.4263179289667363e-06,311.8146325865006,0
31.116666666666667,41.92094858369074,1.3982437682716974e-06,311.5514158728845,0
31.133333333333333,41.9699778583816,1.3707258076594833e-06,311.2884211359274,0
31.15,42.01896574650441,1.3437529463445882e-06,311.02564819237176,0
31.166666666666668,42.067912282937826,1.3173143069596342e-06,310.7630968590395,0
31.183333333333334,42.11681750253212,1.2913992310152361e-06,310.50076695283343,0
31.2,42.165681440109246,1.265997274453095e-06,310.23865829073856,0
31.216666666666665,42.2145041304628,1.2410982032904902e-06,309.9767706898236,0
31.233333333333334,42.263285608358075,1.2166919893542476e-06,309.7151039672419,0
31.25,42.312025908532014,1.1927688061022392e-06,309.4536579402324,0
31.266666666666666,42.36072506569324,1.16931902453075e-06,309.1924324261214,0
31.283333333333335,42.40938311452206,1.1463332091657512e-06,308.93142724232325,0
31.3,42.458000089670485,1.1238021141364792e-06,308.6706422063416,0
31.316666666666666,42.50657602576219,1.1017166793295348e-06,308.4100771357705,0
31.333333333333332,42.55511095739258,1.0800680266218201e-06,308.14973184829574,0
31.35,42.603604919128756,1.0588474561907212e-06,307.88960616169516,0
31.366666666666667,42.65205794550954,1.038046442899927e-06,307.6296998938403,0
31.383333333333333,42.70047007104546,1.0176566327592727e-06,307.3700128626977,0
31.4,42.74884133021878,9.97669839457124e-07,307.1105448863291,0
31.416666666666668,42.797171757483504,9.78078040963738e-07,306.85129578289275,0
31.433333333333334,42.845461387265374,9.588733762042089e-07,306.5922653706446,0
31.45,42.893710253961906,9.400481417994722e-07,306.3334534679389,0
31.466666666666665,42.94191839194235,9.215947888740222e-07,306.07485989322913,0
31.483333333333334,42.99008583554775,9.035059199289116e-07,305.8164844650694,0
31.5,43.03821261909091,8.857742857787273e-07,305.5583270021145,0
31.516666666666666,43.08629877685645,8.68392782551169e-07,305.30038732312147,0
31.533333333333335,43.13434434310077,8.51354448747983e-07,305.04266524695,0
31.55,43.18234935205208,8.346524623659496e-07,304.7851605925634,0
31.566666666666666,43.23031383791041,8.182801380766834e-07,304.5278731790296,0
31.583333333333332,43.27823783484763,8.022309244640638e-07,304.2708028255217,0
31.6,43.32612137700745,7.864984013180303e-07,304.0139493513186,0
31.616666666666667,43.37396449850543,7.710762769836962e-07,303.75731257580617,0
31.633333333333333,43.421767233428994,7.559583857644932e-07,303.50089231847784,0
31.65,43.46952961583742,7.411386853783685e-07,303.244688398935,0
31.666666666666668,43.51725167976192,7.266112544658304e-07,302.98870063688827,0
31.683333333333334,43.564933459205555,7.123702901488571e-07,302.73292885215756,0
31.7,43.61257498814331,6.984101056395399e-07,302.4773728646734,0
31.716666666666665,43.660176300522124,6.847251278975027e-07,302.2220324944771,0
31.733333333333334,43.70773743026081,6.713098953350621e-07,301.9669075617218,0
31.75,43.75525841125022,6.581590555691396e-07,301.7119978866727,0
31.766666666666666,43.80273927735307,6.45267363218963e-07,301.4573032897078,0
31.783333333333335,43.85018006240411,6.326296777486337e-07,301.20282359131886,0
31.8,43.897580800210044,6.202409613536057e-07,300.9485586121116,0
31.816666666666666,43.94494152454962,6.080962768902023e-07,300.69450817280637,0
31.833333333333332,43.99226226917356,5.961907858472595e-07,300.4406720942388,0
31.85,44.039543067804615,5.845197463590401e-07,300.18705019736046,0
31.866666666666667,44.08678395413761,5.73078511258574e-07,299.93364230323897,0
31.883333333333333,44.13398496183939,5.618625261705798e-07,299.6804482330591,0
31.9,44.18114612454889,5.50867327643169e-07,299.4274678081229,0
31.916666666666668,44.228267475877125,5.400885413175189e-07,299.1747008498503,0
31.933333333333334,44.27534904940721,5.295218801347585e-07,298.92214717977976,0
31.95,44.322390878694385,5.191631425792606e-07,298.66980661956853,0
31.966666666666665,44.36939299726599,5.090082109576509e-07,298.41767899099324,0
31.983333333333334,44.41635543862155,4.990530497127382e-07,298.1657641159506,0
32.0,44.46327823623271,4.892937037717082e-07,297.91406181645715,0
32.016666666666666,44.51016142354331,4.797262969278129e-07,297.6625719146505,0
32.03333333333333,44.55700503396938,4.7034703025494215e-07,297.41129423278943,0
32.05,44.60380910089915,4.6115218055433684e-07,297.1602285932542,0
32.06666666666667,44.65057365769308,4.521380988328192e-07,296.9093748185471,0
32.083333333333336,44.69729873768386,4.433012088118943e-07,296.658732731293,0
32.1,44.74398437417644,4.3463800546707053e-07,296.4083021542394,0
32.11666666666667,44.790630600448026,4.2614505359680733e-07,296.1580829102569,0
32.13333333333333,44.83723744974812,4.1781898642044433e-07,295.9080748223399,0
32.15,44.883804955298544,4.0965650420456666e-07,295.6582777136069,0
32.166666666666664,44.9303331502934,4.0165437291717953e-07,295.40869140730007,0
32.18333333333333,44.97682206789914,3.9380942290915876e-07,295.15931572678676,0
32.2,45.0232717412546,3.8611854762238386e-07,294.9101504955594,0
32.21666666666667,45.06968220347094,3.7857870232404394e-07,294.6611955372352,0
32.233333333333334,45.11605348763173,3.7118690286655506e-07,294.4124506755574,0
32.25,45.16238562679293,3.6394022447256723e-07,294.1639157343954,0
32.266666666666666,45.20867865398294,3.568358005445687e-07,293.9155905377444,0
32.28333333333333,45.25493260220259,3.4987082149856117e-07,293.6674749097262,0
32.3,45.30114750442513,3.43042533621327e-07,293.41956867459004,0
32.31666666666667,45.34732339359634,3.3634823795079483e-07,293.17187165671163,0
32.333333333333336,45.39346030263445,3.297852891790565e-07,292.92438368059453,0
32.35,45.439558264430204,3.233510945775357e-07,292.67710457086986,0
32.36666666666667,45.48561731184689,3.170431129438931e-07,292.4300341522968,0
32.38333333333333,45.53163747772031,3.10858853570196e-07,292.18317224976255,0
32.4,45.57761879485884,3.0479587523193863e-07,291.93651868828294,0
32.416666666666664,45.623561296043455,2.988517851974743e-07,291.6900732930027,0
32.43333333333333,45.669465014027686,2.930242382574477e-07,291.4438358891951,0
32.45,45.715329981537714,2.8731093577382394e-07,291.1978063022629,0
32.46666666666667,45.76115623127232,2.8170962474810533e-07,290.95198435773824,0
32.483333333333334,45.806943795902974,2.7621809690835935e-07,290.7063698812827,0
32.5,45.85269270807379,2.708341878146515e-07,290.4609626986878,0
32.516666666666666,45.89840300040158,2.6555577598253527e-07,290.2157626358754,0
32.53333333333333,45.944074705475856,2.6038078202420946e-07,289.9707695188971,0
32.55,45.98970785585886,2.5530716780699896e-07,289.7259831739353,0
32.56666666666667,46.03530248408557,2.5033293562879184e-07,289.4814034273028,0
32.583333333333336,46.08085862266373,2.4545612741010165e-07,289.2370301054434,0
32.6,46.12637630407389,2.4067482390240695e-07,288.9928630349318,0
32.61666666666667,46.171855560769345,2.3598714391243718e-07,288.74890204247396,0
32.63333333333333,46.217296425176265,2.313912435420882e-07,288.50514695490693,0
32.65,46.26269892969363,2.2688531544364668e-07,288.26159759919955,0
32.666666666666664,46.30806310669327,2.224675880900003e-07,288.0182538024521,0
32.68333333333333,46.35338898851992,2.1813632505955222e-07,287.77511539189663,0
32.7,46.39867660749118,2.138898243355158e-07,287.5321821948973,0
32.71666666666667,46.443925995897594,2.0972641761931914e-07,287.2894540389502,0
32.733333333333334,46.489137186002594,2.0564446965781925e-07,287.04693075168393,0
32.75,46.53431021004262,2.016423775840463e-07,286.80461216085905,0
32.766666666666666,46.57944510022703,1.9771857027121722e-07,286.56249809436883,0
32.78333333333333,46.62454188873822,1.9387150769972456e-07,286.32058838023914,0
32.8,46.66960060773159,1.900996803368615e-07,286.07888284662846,0
32.81666666666667,46.71462128933553,1.8640160852901184e-07,285.8373813218283,0
32.833333333333336,46.759603965651515,1.8277584190605317e-07,285.5960836342629,0
32.85,46.80454866875407,1.7922095879772715e-07,285.3549896124898,0
32.86666666666667,46.849455430690846,1.7573556566173934e-07,285.11409908519954,0
32.88333333333333,46.894324283482554,1.7231829652333712e-07,284.87341188121576,0
32.9,46.939155259123076,1.689678124261468e-07,284.6329278294958,0
32.916666666666664,46.98394838957941,1.656828008940393e-07,284.39264675913034,0
32.93333333333333,47.028703706791724,1.6246197540379287e-07,284.1525684993435,0
32.95,47.073421242673405,1.593040748683427e-07,283.91269287949297,0
32.96666666666667,47.11810102911102,1.562078631303975e-07,283.67301972907023,0
32.983333333333334,47.16274309796435,1.531721284662203e-07,283.43354887770056,0
33.0,47.207347481066485,1.5019568309935839e-07,283.1942801551431,0
33.016666666666666,47.251914210223696,1.4727736272412825e-07,282.9552133912908,0
33.03333333333333,47.29644331721562,1.44416026038654e-07,282.7163484161705,0
33.05,47.34093483379516,1.4161055428727083e-07,282.4776850599433,0
33.06666666666667,47.38538879168853,1.3885985081209758e-07,282.2392231529043,0
33.083333333333336,47.42980522259532,1.3616284061359734e-07,282.00096252548275,0
33.1,47.4741841581885,1.3351846991994578e-07,281.76290300824195,0
33.11666666666667,47.518525630114375,1.3092570576502388e-07,281.52504443187996,0
33.13333333333333,47.562829669992716,1.2838353557486382e-07,281.2873866272285,0
33.15,47.6070963094167,1.2589096676238122e-07,281.0499294252541,0
33.166666666666664,47.65132557995292,1.2344702633021688e-07,280.8126726570574,0
33.18333333333333,47.695517513141496,1.210507604815345e-07,280.5756161538737,0
33.2,47.73967214049599,1.18701234238606e-07,280.33875974707246,0
33.21666666666667,47.783789493503505,1.1639753106902985e-07,280.102103268158,0
33.233333333333334,47.827869603624634,1.14138752519432e-07,279.8656465487689,0
33.25,47.87191250229355,1.1192401785649376e-07,279.62938942067825,0
33.266666666666666,47.91591822091799,1.0975246371515463e-07,279.393331715794,0
33.28333333333333,47.959886790879274,1.0762324375386264e-07,279.1574732661585,0
33.3,48.003818243532336,1.0553552831670581e-07,278.92181390394865,0
33.31666666666667,48.04771261020575,1.0348850410230871e-07,278.6863534614762,0
33.333333333333336,48.09156992220173,1.0148137383933953e-07,278.4510917711874,0
33.35,48.13539021079614,9.951335596850851e-08,278.21602866566326,0
33.36666666666667,48.17917350723859,9.758368433091674e-08,277.9811639776193,0
33.38333333333333,48.222919842752354,9.569160786263484e-08,277.74649753990565,0
33.4,48.26662924853447,9.38363902953782e-08,277.5120291855077,0
33.416666666666664,48.31030175575572,9.201730986316852e-08,277.2777587475446,0
33.43333333333333,48.35393739556062,9.023365901484153e-08,277.0436860592712,0
33.45,48.39753619906755,8.848474413230624e-08,276.8098109540762,0
33.46666666666667,48.44109819736867,8.676988525442134e-08,276.5761332654835,0
33.483333333333334,48.48462342152996,8.508841580638438e-08,276.3426528271515,0
33.5,48.52811190259129,8.343968233452381e-08,276.1093694728732,0
33.516666666666666,48.57156367156638,8.182304424637834e-08,275.8762830365764,0
33.53333333333333,48.61497875944286,8.023787355596667e-08,275.6433933523236,0
33.55,48.658357197182276,7.868355463413228e-08,275.4107002543117,0
33.56666666666667,48.7016990157201,7.715948396387356e-08,275.1782035768724,0
33.583333333333336,48.74500424596578,7.566506990054647e-08,274.94590315447203,0
33.6,48.78827291880273,7.419973243685322e-08,274.71379882171146,0
33.61666666666667,48.831505065088386,7.276290297251142e-08,274.4818904133262,0
33.63333333333333,48.874700715654164,7.135402408851677e-08,274.2501777641862,0
33.65,48.91785990130557,6.997254932590222e-08,274.01866070929606,0
33.666666666666664,48.960982652822146,6.861794296890558e-08,273.78733908379473,0
33.68333333333333,49.004069000957514,6.72896798324568e-08,273.5562127229558,0
33.7,49.0471189764394,6.598724505389836e-08,273.32528146218726,0
33.71666666666667,49.09013260996968,6.471013388885292e-08,273.0945451370314,0
33.733333333333334,49.133109932224336,6.345785151115495e-08,272.8640035831651,0
33.75,49.17605097385352,6.222991281676623e-08,272.63365663639956,0
33.766666666666666,49.218955765481596,6.102584223159516e-08,272.40350413268015,0
33.78333333333333,49.26182433770713,5.984517352313864e-08,272.1735459080866,0
33.8,49.304656721102894,5.8687449615873615e-08,271.94378179883313,0
33.81666666666667,49.34745294621593,5.755222241032302e-08,271.7142116412677,0
33.833333333333336,49.39021304356754,5.643905260571577e-08,271.4848352718729,0
33.85,49.432937043653304,5.534750952618116e-08,271.2556525272651,0
33.86666666666667,49.475624976943124,5.427717095039402e-08,271.02666324419516,0
33.88333333333333,49.518276873881256,5.3227622944609194e-08,270.79786725954756,0
33.9,49.56089276488624,5.219845969901622e-08,270.56926441034113,0
33.916666666666664,49.60347268035106,5.118928336734572e-08,270.3408545337284,0
33.93333333333333,49.64601665064306,5.019970390966245e-08,270.11263746699603,0
33.95,49.688524706104005,4.922933893828658e-08,269.88461304756447,0
33.96666666666667,49.730996877050075,4.827781356677055e-08,269.65678111298786,0
33.983333333333334,49.773433193771936,4.734476026188026e-08,269.42914150095424,0
34.0,49.815833686534695,4.6429818698515296e-08,269.2016940492853,0
34.016666666666666,49.85819838557799,4.553263561750923e-08,268.97443859593653,0
34.03333333333333,49.90052732111595,4.465286468625478e-08,268.7473749789968,0
34.05,49.94282052333727,4.379016636209565e-08,268.5205030366888,0
34.06666666666667,49.985078022405176,4.294420775843031e-08,268.2938226073683,0
34.083333333333336,50.027299848457474,4.2114662513472976e-08,268.0673335295252,0
34.1,50.06948603160658,4.1301210661619276e-08,267.84103564178196,0
34.11666666666667,50.11163660193954,4.0503538507364836e-08,267.61492878289494,0
34.13333333333333,50.153751589517995,3.972133850172329e-08,267.38901279175366,0
34.15,50.1958310243783,3.895430912109862e-08,267.1632875073808,0
34.166666666666664,50.23787493653149,3.820215474855691e-08,266.9377527689321,0
34.18333333333333,50.279883355963285,3.746458555745516e-08,266.7124084156965,0
34.2,50.321856312634104,3.6741317397375134e-08,266.48725428709577,0
34.21666666666667,50.36379383647916,3.6032071682320417e-08,266.2622902226849,0
34.233333333333334,50.4056959574084,3.5336575281128e-08,266.03751606215155,0
34.25,50.44756270530656,3.465456041005345e-08,265.8129316453165,0
34.266666666666666,50.48939411003318,3.3985764527483404e-08,265.588536812133,0
34.28333333333333,50.531190201422646,3.332993023073467e-08,265.36433140268707,0
34.3,50.57295100928417,3.268680515489736e-08,265.1403152571973,0
34.31666666666667,50.614676563401844,3.205614187368277e-08,264.916488216015,0
34.333333333333336,50.65636689353465,3.1437697802233374e-08,264.6928501196238,0
34.35,50.698022029416485,3.083123510185915e-08,264.4694008086399,0
34.36666666666667,50.73964200075615,3.0236520586658295e-08,264.24614012381164,0
34.38333333333333,50.7812268372374,2.9653325631988344e-08,264.02306790601995,0
34.4,50.82277656851898,2.9081426084747384e-08,263.80018399627755,0
34.416666666666664,50.86429122423463,2.852060217543183e-08,263.5774882357296,0
34.43333333333333,50.9057708339931,2.7970638431934373e-08,263.35498046565334,0
34.45,50.94721542737814,2.7431323595047e-08,263.1326605274577,0
34.46666666666667,50.988625033948594,2.690245053563607e-08,262.9105282626838,0
34.483333333333334,51.02999968323836,2.6383816173455603e-08,262.68858351300446,0
34.5,51.07133940475643,2.5875221397566067e-08,262.4668261202242,0
34.516666666666666,51.11264422798692,2.537647098832695e-08,262.24525592627947,0
34.53333333333333,51.15391418238908,2.488737354093178e-08,262.02387277323794,0
34.55,51.19514929739729,2.4407741390454537e-08,261.8026765032992,0
34.56666666666667,51.23634960242117,2.3937390538377992e-08,261.581666958794,0
34.583333333333336,51.277515126845465,2.34761405805741e-08,261.3608439821846,0
34.6,51.31864590003018,2.302381463670688e-08,261.1402074160645,0
34.61666666666667,51.359741951310546,2.2580239281031716e-08,260.9197571031584,0
34.63333333333333,51.400803309997045,2.2145244474559767e-08,260.69949288632216,0
34.65,51.44183000537546,2.1718663498564307e-08,260.47941460854275,0
34.666666666666664,51.48282206670685,2.130033288939904e-08,260.25952211293793,0
34.68333333333333,51.5237795232276,2.089009237460429e-08,260.0398152427565,0
34.7,51.56470240414946,2.0487784810274078e-08,259.820293841378,0
34.71666666666667,51.6055907386595,2.009325611966105e-08,259.6009577523127,0
34.733333333333334,51.6464445559202,1.9706355232991803e-08,259.3818068192014,0
34.75,51.68726388506943,1.9326934028471292e-08,259.1628408858158,0
34.766666666666666,51.72804875522046,1.8954847274450806e-08,258.9440597960577,0
34.78333333333333,51.76879919546206,1.8589952572737528e-08,258.7254633939594,0
34.8,51.80951523485842,1.8232110303022324e-08,258.5070515236836,0
34.81666666666667,51.85019690244921,1.788118356840405e-08,258.288824029523,0
34.833333333333336,51.890844227249644,1.7537038141987976e-08,258.0707807559007,0
34.85,51.931457238250395,1.7199542414538088e-08,257.85292154736965,0
34.86666666666667,51.97203596441773,1.6868567343160617e-08,257.6352462486129,0
34.88333333333333,52.01258043469347,1.6543986401000685e-08,257.4177547044432,0
34.9,52.05309067799501,1.6225675527929168e-08,257.20044675980336,0
34.916666666666664,52.09356672321536,1.591351308220333e-08,256.98332225976554,0
34.93333333333333,52.13400859922316,1.5607379793078428e-08,256.76638104953173,0
34.95,52.17441633486268,1.5307158714354474e-08,256.5496229744334,0
34.96666666666667,52.214789958953865,1.501273517883768e-08,256.3330478799315,0
34.983333333333334,52.25512950029235,1.472399675369949e-08,256.1166556116162,0
35.0,52.29543498764947,1.4440833196714572e-08,255.900446015207,0
35.016666666666666,52.33570644977229,1.416313641336118e-08,255.6844189365527,0
35.03333333333333,52.37594391538361,1.389080041476636e-08,255.4685742216309,0
35.05,52.41614741318201,1.3623721276478736e-08,255.2529117165484,0
35.06666666666667,52.45631697184185,1.3361797098053906e-08,255.03743126754085,0
35.083333333333336,52.4964526200133,1.3104927963434785e-08,254.82213272097272,0
35.1,52.536554386322386,1.285301590211227e-08,254.60701592333712,0
35.11666666666667,52.57662229937092,1.2605964851049959e-08,254.39208072125595,0
35.13333333333333,52.61665638769842,1.2363680617358587e-08,254.17732696432392,0
35.15,52.656656679897424,1.2126070841959617e-08,253.9627544965206,0
35.166666666666664,52.696623204497435,1.1893044962964888e-08,253.74836316485417,0
35.18333333333333,52.736555990003886,1.1664514181220507e-08,253.53415281646096,0
35.2,52.77645506489815,1.144039142563637e-08,253.32012329860555,0
35.21666666666667,52.81632045763755,1.1220591319373821e-08,253.10627445868056,0
35.233333333333334,52.85615219665544,1.1005030146712207e-08,252.89260614420644,0
35.25,52.895950310361144,1.0793625820568397e-08,252.67911820283175,0
35.266666666666666,52.93571482714003,1.0586297850655378e-08,252.4658104823327,0
35.28333333333333,52.97544577535352,1.0382967312266477e-08,252.25268283061314,0
35.3,53.01514318333909,1.0183556815673633e-08,252.0397350957047,0
35.31666666666667,53.05480707941034,9.987990476126716e-09,251.82696712576634,0
35.333333333333336,53.09443749185692,9.796193884442676e-09,251.61437876908448,0
35.35,53.134034448944654,9.608094078172417e-09,251.40196987407282,0
35.36666666666667,53.173597978915495,9.423619513334125e-09,251.1897402892725,0
35.38333333333333,53.213128109987586,9.242700036701923e-09,250.97768986335151,0
35.4,53.25262487035524,9.065266858638774e-09,250.7658184451049,0
35.416666666666664,53.29208828818896,8.891252526463026e-09,250.55412588345493,0
35.43333333333333,53.33151839163552,8.720590898337682e-09,250.34261202745046,0
35.45,53.37091520881792,8.553217117672607e-09,250.13127672626712,0
35.46666666666667,53.410278767835436,8.389067588029191e-09,249.9201198292074,0
35.483333333333334,53.44960909676361,8.228079948517548e-09,249.70914118570008,0
35.5,53.488906223654304,8.070193049676632e-09,249.4983406453007,0
35.516666666666666,53.528170176535745,7.915346929827764e-09,249.2877180576908,0
35.53333333333333,53.56740098341245,7.763482791892252e-09,249.07727327267853,0
35.55,53.60659867226533,7.614542980663492e-09,248.8670061401981,0
35.56666666666667,53.64576327105167,7.46847096052534e-09,248.65691651030983,0
35.583333333333336,53.6848948077052,7.325211293607444e-09,248.44700423319995,0
35.6,53.72399331013603,7.184709618368902e-09,248.23726915918076,0
35.61666666666667,53.76305880623073,7.0469126286021425e-09,248.0277111386902,0
35.63333333333333,53.80209132385235,6.911768052848255e-09,247.81833002229195,0
35.65,53.841090890840434,6.779224634216133e-09,247.60912566067537,0
35.666666666666664,53.880057535010984,6.64923211059716e-09,247.40009790465533,0
35.68333333333333,53.918991284156576,6.521741195267785e-09,247.191246605172,0
35.7,53.9578921660463,6.396703557872221e-09,246.98257161329096,0
35.71666666666667,53.99676020842585,6.274071805777873e-09,246.77407278020303,0
35.733333333333334,54.035595439017456,6.153799465796168e-09,246.56574995722406,0
35.75,54.07439788551998,6.035840966261455e-09,246.35760299579505,0
35.766666666666666,54.113167575608905,5.920151619460996e-09,246.1496317474819,0
35.78333333333333,54.15190453693634,5.8066876044092614e-09,245.9418360639753,0
35.8,54.19060879713109,5.695405949959438e-09,245.73421579709074,0
35.81666666666667,54.22928038379863,5.586264518245851e-09,245.52677079876833,0
35.833333333333336,54.26791932452111,5.479221988450543e-09,245.31950092107263,0
35.85,54.30652564685743,5.374237840887683e-09,245.1124060161929,0
35.86666666666667,54.34509937834323,5.271272341399683e-09,244.90548593644246,0
35.88333333333333,54.38364054649088,5.170286526058547e-09,244.69874053425917,0
35.9,54.42214917878958,5.071242186167013e-09,244.49216966220473,0
35.916666666666664,54.46062530270529,4.974101853552873e-09,244.2857731729653,0
35.93333333333333,54.499068945680804,4.878828786151423e-09,244.0795509193506,0
35.95,54.537480135135745,4.78538695386963e-09,243.87350275429446,0
35.96666666666667,54.57585889846661,4.693741024727288e-09,243.6676285308544,0
35.983333333333334,54.61420526304676,4.603856351268997e-09,243.4619281022117,0
36.0,54.652519256226476,4.515698957242015e-09,243.25640132167106,0
36.016666666666666,54.690800905332914,4.429235524534712e-09,243.05104804266077,0
36.03333333333333,54.7290502376702,4.344433380370429e-09,242.84586811873245,0
36.05,54.767267280519405,4.2612604847517124e-09,242.64086140356105,0
36.06666666666667,54.80545206113857,4.179685418150189e-09,242.43602775094473,0
36.083333333333336,54.84360460676271,4.0996773694368634e-09,242.23136701480462,0
36.1,54.881724944603924,4.021206124048555e-09,242.0268790491848,0
36.11666666666667,54.91981310185127,3.944242052385571e-09,241.8225637082525,0
36.13333333333333,54.95786910567087,3.86875609843612e-09,241.61842084629745,0
36.15,54.99589298320595,3.794719768622982e-09,241.41445031773236,0
36.166666666666664,55.033884761576815,3.7221051208682334e-09,241.21065197709228,0
36.18333333333333,55.07184446788085,3.650884753871489e-09,241.00702567903494,0
36.2,55.10977212919259,3.5810317965976727e-09,240.80357127834026,0
36.21666666666667,55.14766777256375,3.5125198979700853e-09,240.60028862991075,0
36.233333333333334,55.18553142502312,3.4453232167648186e-09,240.39717758877092,0
36.25,55.22336311357679,3.379416411702483e-09,240.1942380100674,0
36.266666666666666,55.26116286520799,3.3147746317334404e-09,239.99146974906893,0
36.28333333333333,55.29893070687717,3.251373506512739e-09,239.78887266116604,0
36.3,55.33666666552207,3.1891891370609538e-09,239.58644660187124,0
36.31666666666667,55.37437076805763,3.1281980866073667e-09,239.38419142681855,0
36.333333333333336,55.41204304137613,3.0683773716118708e-09,239.18210699176376,0
36.35,55.44968351234713,3.009704452962111e-09,238.98019315258412,0
36.36666666666667,55.48729220781749,2.9521572273424074e-09,238.77844976527828,0
36.38333333333333,55.52486915461144,2.8957140187710522e-09,238.57687668596625,0
36.4,55.56241437953055,2.8403535703028283e-09,238.3754737708893,0
36.416666666666664,55.59992790935378,2.786055035893251e-09,238.17424087640978,0
36.43333333333333,55.63740977083748,2.7327979724216583e-09,237.9731778590111,0
36.45,55.67485999071542,2.680562331869779e-09,237.77228457529753,0
36.46666666666667,55.7122785956988,2.62932845365291e-09,237.5715608819942,0
36.483333333333334,55.74966561247628,2.5790770571006065e-09,237.37100663594705,0
36.5,55.78702106771397,2.5297892340840085e-09,237.1706216941225,0
36.516666666666666,55.82434498805551,2.481446441786867e-09,236.97040591360775,0
36.53333333333333,55.861637400122014,2.4340304956175755e-09,236.7703591516102,0
36.55,55.89889833051214,2.387523562259309e-09,236.57048126545774,0
36.56666666666667,55.93612780580211,2.34190815285562e-09,236.37077211259847,0
36.583333333333336,55.973325852545685,2.297167116328845e-09,236.1712315506006,0
36.6,56.01049249727424,2.2532836328287788e-09,235.97185943715243,0
36.61666666666667,56.04762776649675,2.2102412073088653e-09,235.77265563006225,0
36.63333333333333,56.084731686699776,2.168023663227696e-09,235.5736199872581,0
36.65,56.12180428434759,2.126615136373098e-09,235.3747523667879,0
36.666666666666664,56.158845585882055,2.0860000688065535e-09,235.17605262681903,0
36.68333333333333,56.19585561772276,2.046163202925615e-09,234.97752062563873,0
36.7,56.23283440626699,2.0070895756418767e-09,234.7791562216534,0
36.71666666666667,56.26978197788973,1.968764512672371e-09,234.580959273389,0
36.733333333333334,56.3066983589437,1.931173622942107e-09,234.3829296394907,0
36.75,56.3435835757594,1.8943027930955818e-09,234.18506717872282,0
36.766666666666666,56.38043765464508,1.858138182115152e-09,233.98737174996873,0
36.78333333333333,56.4172606218868,1.8226662160441512e-09,233.7898432122309,0
36.8,56.45405250374842,1.7878735828127009e-09,233.5924814246305,0
36.81666666666667,56.49081332647165,1.7537472271642598e-09,233.3952862464076,0
36.833333333333336,56.527543116276014,1.7202743456808684e-09,233.19825753692098,0
36.85,56.564241899358926,1.6874423819051917e-09,233.00139515564783,0
36.86666666666667,56.60090970189571,1.6552390215574985e-09,232.80469896218398,0
36.88333333333333,56.63754655003954,1.6236521878456632e-09,232.60816881624365,0
36.9,56.674152469921545,1.5926700368663934e-09,232.4118045776593,0
36.916666666666664,56.71072748765082,1.5622809530959075e-09,232.21560610638156,0
36.93333333333333,56.74727162931439,1.5324735449683764e-09,232.01957326247924,0
36.95,56.78378492097723,1.5032366405402226e-09,231.82370590613903,0
36.96666666666667,56.820267388682396,1.4745592832388576e-09,231.62800389766568,0
36.983333333333334,56.85671905845089,1.4464307276939698e-09,231.43246709748155,0
37.0,56.89313995628178,1.4188404356499462e-09,231.23709536612694,0
37.016666666666666,56.92953010815218,1.3917780719576675e-09,231.04188856425958,0
37.03333333333333,56.96588954001725,1.3652335006442942e-09,230.8468465526548,0
37.05,57.0022182778103,1.3391967810593713e-09,230.65196919220523,0
37.06666666666667,57.03851634744271,1.3136581640958626e-09,230.457256343921,0
37.083333333333336,57.074783774803976,1.2886080884846276e-09,230.26270786892934,0
37.1,57.11102058576176,1.2640371771608483e-09,230.06832362847462,0
37.11666666666667,57.14722680616189,1.239936233701107e-09,229.87410348391828,0
37.13333333333333,57.18340246182838,1.216296238829641e-09,229.6800472967387,0
37.15,57.21954757856343,1.1931083469924616e-09,229.48615492853108,0
37.166666666666664,57.255662182147454,1.1703638829980464e-09,229.2924262410072,0
37.18333333333333,57.29174629833915,1.148054338723231e-09,229.09886109599574,0
37.2,57.32779995287541,1.126171369883095e-09,228.9054593554418,0
37.21666666666667,57.36382317147144,1.104706792863556e-09,228.71222088140692,0
37.233333333333334,57.39981597982071,1.0836525816154668e-09,228.519145536069,0
37.25,57.43577840359504,1.0630008646090072e-09,228.3262331817222,0
37.266666666666666,57.47171046844455,1.0427439218471943e-09,228.13348368077683,0
37.28333333333333,57.507612199997716,1.0228741819373581e-09,227.94089689575927,0
37.3,57.543483623861384,1.003384219219468e-09,227.74847268931197,0
37.31666666666667,57.5793247656208,9.842667509501726e-10,227.5562109241931,0
37.333333333333336,57.61513565083956,9.655146345414805e-10,227.36411146327666,0
37.35,57.650916305059724,9.471208648530462e-10,227.17217416955225,0
37.36666666666667,57.6866667538018,9.290785715369572e-10,226.98039890612517,0
37.38333333333333,57.72238702256472,9.113810164340362e-10,226.7887855362162,0
37.4,57.758077136825904,8.94021591020672e-10,226.59733392316144,0
37.416666666666664,57.793737122041264,8.769938139051374e-10,226.4060439304123,0
37.43333333333333,57.82936700364523,8.602913283724896e-10,226.21491542153544,0
37.45,57.86496680705075,8.439078999770651e-10,226.0239482602125,0
37.46666666666667,57.90053655764934,8.278374141816763e-10,225.83314231024028,0
37.483333333333334,57.936076280811065,8.120738740425506e-10,225.64249743553037,0
37.5,57.97158600188458,7.966113979391861e-10,225.4520135001093,0
37.516666666666666,58.00706574619713,7.814442173481834e-10,225.26169036811817,0
37.53333333333333,58.0425155390546,7.665666746602563e-10,225.07152790381284,0
37.55,58.07793540574149,7.51973221039534e-10,224.88152597156352,0
37.56666666666667,58.11332537152099,7.376584143243536e-10,224.69168443585508,0
37.583333333333336,58.14868546163495,7.236169169687472e-10,224.50200316128647,0
37.6,58.18401570130388,7.09843494023786e-10,224.31248201257108,0
37.61666666666667,58.21931611572703,6.963330111580651e-10,224.12312085453647,0
37.63333333333333,58.25458673008238,6.830804327165221e-10,223.93391955212405,0
37.65,58.289827569526636,6.700808198168635e-10,223.74487797038933,0
37.666666666666664,58.3250386591953,6.573293284828686e-10,223.5559959745017,0
37.68333333333333,58.360220024202626,6.448212078138288e-10,223.36727342974424,0
37.7,58.395371689641685,6.325517981894695e-10,223.1787102015137,0
37.71666666666667,58.43049368058436,6.205165295095995e-10,222.9903061553205,0
37.733333333333334,58.46558602208137,6.087109194678724e-10,222.80206115678837,0
37.75,58.50064873916227,5.971305718589504e-10,222.61397507165458,0
37.766666666666666,58.53568185683553,5.85771174918463e-10,222.42604776576968,0
37.78333333333333,58.57068540008846,5.746284996950814e-10,222.2382791050973,0
37.8,58.6056593938873,5.636983984541037e-10,222.05066895571431,0
37.81666666666667,58.64060386317722,5.529768031119531e-10,221.86321718381046,0
37.833333333333336,58.67551883288231,5.424597237009705e-10,221.67592365568854,0
37.85,58.71040432790565,5.321432468638915e-10,221.48878823776403,0
37.86666666666667,58.74526037312927,5.220235343774899e-10,221.3018107965653,0
37.88333333333333,58.78008699341422,5.120968217047607e-10,221.11499119873312,0
37.9,58.814884213600536,5.023594165751261e-10,220.92832931102103,0
37.916666666666664,58.84965205850732,4.928076975920917e-10,220.7418250002948,0
37.93333333333333,58.884390552932686,4.834381128678581e-10,220.55547813353272,0
37.95,58.91909972165385,4.742471786843196e-10,220.36928857782527,0
37.96666666666667,58.953779589427086,4.6523147817997175e-10,220.183256200375,0
37.983333333333334,58.98843018098778,4.563876600622014e-10,219.99738086849672,0
38.0,59.02305152105041,4.4771243734448746e-10,219.81166244961696,0
38.016666666666666,59.05764363430864,4.392025861080091e-10,219.6261008112744,0
38.03333333333333,59.092206545435246,4.3085494428720375e-10,219.44069582111933,0
38.05,59.12674027908222,4.226664104787907e-10,219.2554473469137,0
38.06666666666667,59.1612448598807,4.1463394277382845e-10,219.07035525653117,0
38.083333333333336,59.195720312441054,4.0675455761233857e-10,218.88541941795694,0
38.1,59.230166661352875,3.9902532866007085e-10,218.70063969928742,0
38.11666666666667,59.26458393118497,3.914433857069729e-10,218.51601596873041,0
38.13333333333333,59.29897214648547,3.8400591358694173e-10,218.33154809460513,0
38.15,59.33333133178169,3.7671015111845363e-10,218.1472359453417,0
38.166666666666664,59.367661511580344,3.6955339006565595e-10,217.9630793894813,0
38.18333333333333,59.401962710367364,3.6253297411953733e-10,217.7790782956761,0
38.2,59.43623495260808,3.5564629789876837e-10,217.59523253268924,0
38.21666666666667,59.47047826274713,3.4889080596985065e-10,217.41154196939436,0
38.233333333333334,59.50469266520854,3.4226399188618273e-10,217.22800647477598,0
38.25,59.5388781843957,3.3576339724569074e-10,217.0446259179291,0
38.266666666666666,59.573034844691406,3.293866107666527e-10,216.86140016805925,0
38.28333333333333,59.60716267045788,3.2313126738136985e-10,216.67832909448225,0
38.3,59.64126168603678,3.169950473473343e-10,216.49541256662425,0
38.31666666666667,59.675331915749176,3.1097567537555924e-10,216.31265045402165,0
38.333333333333336,59.70937338389565,3.050709197757391e-10,216.130042626321,0
38.35,59.743386114756284,2.9927859161790107e-10,215.94758895327868,0
38.36666666666667,59.777370132590605,2.9359654391024963e-10,215.76528930476115,0
38.38333333333333,59.81132546163769,2.880226707928645e-10,215.5831435507447,0
38.4,59.845252126116165,2.8255490674697516e-10,215.40115156131523,0
38.416666666666664,59.87915015022421,2.771912258194804e-10,215.21931320666843,0
38.43333333333333,59.91301955813957,2.71929640862438e-10,215.0376283571095,0
38.45,59.94686037401956,2.667682027872241e-10,214.8560968830531,0
38.46666666666667,59.98067262200113,2.617049998330817e-10,214.67471865502318,0
38.483333333333334,60.01445632620085,2.567381568497811e-10,214.49349354365307,0
38.5,60.04821151071496,2.518658345941173e-10,214.3124214196853,0
38.516666666666666,60.08193819961927,2.4708622903996863e-10,214.13150215397135,0
38.53333333333333,60.115636416969366,2.423975707016741e-10,213.95073561747193,0
38.55,60.149306186800466,2.377981239704507e-10,213.77012168125648,0
38.56666666666667,60.18294753312751,2.3328618646360504e-10,213.5896602165032,0
38.583333333333336,60.21656047994517,2.2886008838629776e-10,213.40935109449927,0
38.6,60.25014505122788,2.2451819190561252e-10,213.2291941866403,0
38.61666666666667,60.283701270929804,2.2025889053668876e-10,213.04918936443053,0
38.63333333333333,60.317229162984894,2.1608060854069044e-10,212.86933649948264,0
38.65,60.350728751306924,2.1198180033437756e-10,212.68963546351765,0
38.666666666666664,60.384200059789435,2.0796094991105928e-10,212.51008612836495,0
38.68333333333333,60.417643112305846,2.0401657027270336e-10,212.33068836596198,0
38.7,60.45105793270938,2.0014720287299207e-10,212.1514420483543,0
38.71666666666667,60.48444454483315,1.963514170711101e-10,211.97234704769554,0
38.733333333333334,60.51780297249013,1.926278095960542e-10,211.79340323624717,0
38.75,60.551133239473224,1.889750040212664e-10,211.61461048637852,0
38.766666666666666,60.584435369555216,1.8539165024938415e-10,211.43596867056658,0
38.78333333333333,60.61770938648886,1.818764240069217e-10,211.25747766139614,0
38.8,60.6509553140068,1.7842802634868132e-10,211.07913733155925,0
38.81666666666667,60.6841731758217,1.7504518317170723e-10,210.9009475538557,0
38.833333333333336,60.71736299562617,1.7172664473860553e-10,210.72290820119244,0
38.85,60.75052479709285,1.6847118521004155e-10,210.54501914658383,0
38.86666666666667,60.78365860387437,1.652776021862376e-10,210.36728026315143,0
38.88333333333333,60.81676443960341,1.6214471625729906e-10,210.18969142412374,0
38.9,60.84984232789271,1.5907137056220215e-10,210.0122525028364,0
38.916666666666664,60.882892292335036,1.5605643035626656e-10,209.8349633727319,0
38.93333333333333,60.91591435650328,1.530987825869573e-10,209.65782390735956,0
38.95,60.94890854395041,1.5019733547785157e-10,209.48083398037548,0
38.96666666666667,60.98187487820951,1.4735101812061073e-10,209.30399346554236,0
38.983333333333334,61.01481338279382,1.4455878007480829e-10,209.12730223672943,0
39.0,61.047724081196705,1.4181959097545627e-10,208.95076016791248,0
39.016666666666666,61.08060699689172,1.391324401480852e-10,208.7743671331735,0
39.03333333333333,61.11346215333259,1.364963362312297e-10,208.5981230067011,0
39.05,61.14628957395325,1.3391030680617913e-10,208.42202766278965,0
39.06666666666667,61.17908928216782,1.3137339803384693e-10,208.2460809758399,0
39.083333333333336,61.21186130137071,1.2888467429863143e-10,208.07028282035856,0
39.1,61.24460565493654,1.2644321785912216e-10,207.8946330709583,0
39.11666666666667,61.27732236622022,1.2404812850552746e-10,207.71913160235755,0
39.13333333333333,61.31001145855691,1.2169852322368947e-10,207.54377828938058,0
39.15,61.34267295526212,1.1939353586556026e-10,207.36857300695718,0
39.166666666666664,61.37530687963164,1.171323168260155e-10,207.19351563012293,0
39.18333333333333,61.407913254941604,1.1491403272588226e-10,207.01860603401866,0
39.2,61.44049210444851,1.1273786610106088e-10,206.84384409389082,0
39.21666666666667,61.47304345138921,1.1060301509762357e-10,206.66922968509093,0
39.233333333333334,61.505567318980944,1.0850869317277481e-10,206.49476268307592,0
39.25,61.538063730421335,1.064541288015599e-10,206.32044296340774,0
39.266666666666666,61.57053270888846,1.044385651892124e-10,206.14627040175338,0
39.28333333333333,61.60297427754079,1.0246125998902619e-10,205.9722448738848,0
39.3,61.63538845951728,1.0052148502565498e-10,205.7983662556789,0
39.31666666666667,61.66777527793733,9.861852602372543e-11,205.62463442311724,0
39.333333333333336,61.70013475590085,9.675168234166529e-11,205.45104925228608,0
39.35,61.73246691648819,9.492026671064925e-11,205.27761061937636,0
39.36666666666667,61.764771782760285,9.312360497855535e-11,205.10431840068347,0
39.38333333333333,61.797049377758555,9.13610358588455e-11,204.93117247260716,0
39.4,61.82929972450499,8.96319106842655e-11,204.7581727116517,0
39.416666666666664,61.861522846002146,8.793559316527941e-11,204.58531899442542,0
39.43333333333333,61.89371876523315,8.627145915314258e-11,204.4126111976409,0
39.45,61.92588750516176,8.463889640752489e-11,204.24004919811466,0
39.46666666666667,61.958029088732296,8.303730436859703e-11,204.06763287276746,0
39.483333333333334,61.99014353886974,8.14660939334937e-11,203.89536209862365,0
39.5,62.02223087847972,7.992468723706768e-11,203.72323675281163,0
39.516666666666666,62.054291130448505,7.841251743685727e-11,203.55125671256334,0
39.53333333333333,62.08632431764308,7.6929028502176e-11,203.37942185521453,0
39.55,62.11833046291111,7.547367500725892e-11,203.20773205820433,0
39.56666666666667,62.150309589080976,7.404592192837274e-11,203.03618719907544,0
39.583333333333336,62.182261718961776,7.264524444482477e-11,202.8647871554738,0
39.6,62.21418687534335,7.127112774379043e-11,202.69353180514887,0
39.61666666666667,62.2460850809963,6.992306682888529e-11,202.52242102595307,0
39.63333333333333,62.277956358672036,6.86005663324124e-11,202.35145469584197,0
39.65,62.30980073110273,6.730314033121132e-11,202.1806326928742,0
39.666666666666664,62.34161822100139,6.603031216604163e-11,202.0099548952114,0
39.68333333333333,62.37340885106182,6.478161426443143e-11,201.83942118111798,0
39.7,62.40517264395868,6.355658796692426e-11,201.66903142896103,0
39.71666666666667,62.4369096223475,6.235478335666074e-11,201.49878551721048,0
39.733333333333334,62.46861980886466,6.117575909222751e-11,201.32868332443877,0
39.75,62.50030322612746,6.001908224371335e-11,201.15872472932088,0
39.766666666666666,62.53195989673406,5.888432813191133e-11,200.98890961063407,0
39.78333333333333,62.563589843263614,5.77710801706007e-11,200.81923784725808,0
39.8,62.595193088276154,5.667892971185853e-11,200.64970931817484,0
39.81666666666667,62.6267696543127,5.560747589433372e-11,200.48032390246843,0
39.833333333333336,62.6583195638952,5.455632549443246e-11,200.3110814793249,0
39.85,62.689842839526655,5.352509278035731e-11,200.14198192803258,0
39.86666666666667,62.72133950369102,5.251339936894203e-11,199.97302512798134,0
39.88333333333333,62.7528095788533,5.152087408523449e-11,199.80421095866313,0
39.9,62.7842530874595,5.0547152824769336e-11,199.63553929967154,0
39.916666666666664,62.815670051936706,4.959187841848059e-11,199.46701003070172,0
39.93333333333333,62.847060494693075,4.865470050020484e-11,199.29862303155048,0
39.95,62.878424438117825,4.77352753767225e-11,199.13037818211595,0
39.96666666666667,62.90976190458128,4.6833265900290085e-11,198.96227536239792,0
39.983333333333334,62.9410729164349,4.594834134361596e-11,198.7943144524972,0
40.0,62.97235749601124,4.508017727723036e-11,198.62649533261595,0
40.016666666666666,63.00361566562401,4.422845544920633e-11,198.4588178830574,0
40.03333333333333,63.034847447568126,4.339286366718456e-11,198.29128198422598,0
40.05,63.066052864119634,4.257309568265896e-11,198.12388751662678,0
40.06666666666667,63.09723193753579,4.176885107747764e-11,197.95663436086608,0
40.083333333333336,63.12838469005505,4.097983515251979e-11,197.78952239765073,0
40.1,63.15951114389716,4.020575881850359e-11,197.62255150778836,0
40.11666666666667,63.19061132126301,3.9446338488885904e-11,197.45572157218717,0
40.13333333333333,63.221685244334815,3.870129597481311e-11,197.28903247185596,0
40.15,63.25273293527604,3.797035838208393e-11,197.12248408790396,0
40.166666666666664,63.28375441623145,3.7253258010084864e-11,196.95607630154072,0
40.18333333333333,63.31474970932712,3.654973225266081e-11,196.78980899407608,0
40.2,63.34571883667042,3.5859523500884714e-11,196.62368204692012,0
40.21666666666667,63.376661820350094,3.518237904768686e-11,196.45769534158296,0
40.233333333333334,63.40757868243621,3.451805099431157e-11,196.29184875967488,0
40.25,63.438469444980214,3.386629615856399e-11,196.12614218290585,0
40.266666666666666,63.46933413001496,3.322687598481341e-11,195.96057549308594,0
40.28333333333333,63.50017275955465,3.2599556455718225e-11,195.79514857212487,0
40.3,63.53098535559494,3.1984108005642065e-11,195.6298613020321,0
40.31666666666667,63.56177194011292,3.138030543572529e-11,195.46471356491668,0
40.333333333333336,63.59253253506711,3.078792783058293e-11,195.29970524298707,0
40.35,63.6232671623975,3.020675847659573e-11,195.13483621855133,0
40.36666666666667,63.65397584402556,2.9636584781765404e-11,194.97010637401678,0
40.38333333333333,63.68465860185425,2.9077198197102967e-11,194.80551559189,0
40.4,63.71531545776806,2.852839413952069e-11,194.6410637547769,0
40.416666666666664,63.74594643363297,2.7989971916199497e-11,194.4767507453822,0
40.43333333333333,63.776551551296535,2.746173465040372e-11,194.31257644650992,0
40.45,63.80713083258782,2.694348920871359e-11,194.1485407410629,0
40.46666666666667,63.83768429931754,2.643504612965061e-11,193.98464351204285,0
40.483333333333334,63.868211973277894,2.593621955366728e-11,193.82088464255008,0
40.5,63.89871387624281,2.544682715447635e-11,193.65726401578385,0
40.516666666666666,63.92919002996772,2.4966690071692895e-11,193.49378151504186,0
40.53333333333333,63.95964045618975,2.4495632844764315e-11,193.33043702372032,0
40.55,63.99006517662765,2.403348334816391e-11,193.16723042531396,0
40.56666666666667,64.02046421298188,2.3580072727823184e-11,193.00416160341587,0
40.583333333333336,64.05083758693453,2.3135235338779904e-11,192.84123044171724,0
40.6,64.0811853201494,2.2698808684017837e-11,192.67843682400766,0
40.61666666666667,64.11150743427201,2.227063335447523e-11,192.51578063417463,0
40.63333333333333,64.14180395092961,2.1850552970200812e-11,192.35326175620375,0
40.65,64.17207489173117,2.1438414122634106e-11,192.1908800741786,0
40.666666666666664,64.20232027826746,2.103406631798862e-11,192.02863547228054,0
40.68333333333333,64.23254013211098,2.0637361921717238e-11,191.86652783478874,0
40.7,64.26273447481604,2.0248156104039368e-11,191.70455704608014,0
40.71666666666667,64.29290332791876,1.9866306786508066e-11,191.54272299062902,0
40.733333333333334,64.32304671293707,1.949167458959882e-11,191.38102555300748,0
40.75,64.35316465137072,1.9124122781299058e-11,191.2194646178849,0
40.766666666666666,64.38325716470136,1.8763517226680914e-11,191.0580400700281,0
40.78333333333333,64.41332427439245,1.8409726338436105e-11,190.89675179430108,0
40.8,64.44336600188934,1.806262102835665e-11,190.73559967566513,0
40.81666666666667,64.47338236861931,1.7722074659741663e-11,190.57458359917857,0
40.833333333333336,64.50337339599153,1.7387963000713868e-11,190.41370344999675,0
40.85,64.53333910539709,1.706016417842718e-11,190.25295911337216,0
40.86666666666667,64.56327951820903,1.6738558634149108e-11,190.0923504746538,0
40.88333333333333,64.59319465578234,1.6423029079200802e-11,189.9318774192878,0
40.9,64.623084539454,1.611346045173855e-11,189.77153983281684,0
40.916666666666664,64.65294919054296,1.5809739874360312e-11,189.61133760088018,0
40.93333333333333,64.68278863035017,1.5511756612521924e-11,189.45127060921368,0
40.95,64.71260288015864,1.521940203374711e-11,189.29133874364973,0
40.96666666666667,64.74239196123335,1.4932569567616103e-11,189.131541890117,0
40.983333333333334,64.77215589482138,1.465115466651816e-11,188.97187993464036,0
41.0,64.80189470215183,1.4375054767153314e-11,188.8123527633411,0
41.016666666666666,64.83160840443588,1.4104169252768845e-11,188.65296026243652,0
41.03333333333333,64.8612970228669,1.3838399416116536e-11,188.49370231824008,0
41.05,64.89096057862024,1.3577648423116912e-11,188.33457881716103,0
41.06666666666667,64.92059909285342,1.3321821277216877e-11,188.17558964570472,0
41.083333333333336,64.95021258670613,1.3070824784427557e-11,188.01673469047213,0
41.1,64.97980108130022,1.282456751902921e-11,187.8580138381601,0
41.11666666666667,65.00936459773963,1.2582959789930431e-11,187.69942697556107,0
41.13333333333333,65.03890315711057,1.2345913607669449e-11,187.54097398956299,0
41.15,65.0684167804814,1.2113342652044588e-11,187.38265476714938,0
41.166666666666664,65.09790548890273,1.1885162240362832e-11,187.22446919539908,0
41.18333333333333,65.12736930340732,1.1661289296293219e-11,187.06641716148638,0
41.2,65.15680824501028,1.1441642319315163e-11,186.90849855268073,0
41.21666666666667,65.18622233470894,1.1226141354749057e-11,186.75071325634664,0
41.233333333333334,65.21561159348288,1.1014707964358648e-11,186.59306115994394,0
41.25,65.24497604229397,1.0807265197513714e-11,186.4355421510273,0
41.266666666666666,65.27431570208643,1.0603737562903408e-11,186.2781561172463,0
41.28333333333333,65.30363059378676,1.0404051000788064e-11,186.12090294634555,0
41.3,65.3329207383038,1.0208132855780924e-11,185.96378252616424,0
41.31666666666667,65.36218615652872,1.0015911850148182e-11,185.80679474463625,0
41.333333333333336,65.39142686933513,9.827318057618577e-12,185.64993948979014,0
41.35,65.42064289757894,9.642282877691961e-12,185.493216649749,0
41.36666666666667,65.44983426209846,9.4607390104378e-12,185.33662611273022,0
41.38333333333333,65.47900098371444,9.282620431774104e-12,185.18016776704576,0
41.4,65.50814308323007,9.107862369217328e-12,185.02384150110174,0
41.416666666666664,65.53726058143091,8.936401278094668e-12,184.86764720339855,0
41.43333333333333,65.56635349908504,8.768174818209892e-12,184.71158476253063,0
41.45,65.59542185694298,8.603121830953346e-12,184.55565406718642,0
41.46666666666667,65.62446567573771,8.44118231684876e-12,184.3998550061486,0
41.483333333333334,65.65348497618474,8.282297413527506e-12,184.24418746829335,0
41.5,65.6824797789821,8.126409374122778e-12,184.08865134259094,0
41.516666666666666,65.71145010481033,7.97346154607517e-12,183.9332465181053,0
41.53333333333333,65.74039597433251,7.823398350342408e-12,183.777972883994,0
41.55,65.76931740819427,7.676165261004852e-12,183.62283032950808,0
41.56666666666667,65.7982144270238,7.531708785259748e-12,183.46781874399227,0
41.583333333333336,65.82708705143193,7.389976443796264e-12,183.31293801688452,0
41.6,65.85593530201203,7.250916751544766e-12,183.15818803771631,0
41.61666666666667,65.88475919934014,7.114479198792335e-12,183.00356869611215,0
41.63333333333333,65.91355876397489,6.980614232658227e-12,182.84907988178992,0
41.65,65.94233401645758,6.84927323892209e-12,182.69472148456055,0
41.666666666666664,65.97108497731215,6.720408524198027e-12,182.54049339432788,0
41.68333333333333,65.99981166704521,6.593973298448378e-12,182.38639550108883,0
41.7,66.02851410614605,6.469921657830365e-12,182.23242769493308,0
41.71666666666667,66.05719231508672,6.348208567869233e-12,182.07858986604316,0
41.733333333333334,66.08584631432194,6.2287898469519324e-12,181.92488190469425,0
41.75,66.11447612428918,6.111622150134882e-12,181.77130370125425,0
41.766666666666666,66.14308176540865,5.9966629532601956e-12,181.6178551461835,0
41.78333333333333,66.17166325808329,5.883870537374009e-12,181.46453613003487,0
41.8,66.20022062269886,5.77320397344165e-12,181.31134654345368,0
41.81666666666667,66.22875387962394,5.6646231073535374e-12,181.1582862771774,0
41.833333333333336,66.25726304920981,5.558088545216603e-12,181.00535522203594,0
41.85,66.28574815179066,5.453561638925564e-12,180.8525532689512,0
41.86666666666667,66.3142092076835,5.351004472008821e-12,180.69988030893722,0
41.88333333333333,66.34264623718818,5.25037984574367e-12,180.54733623310003,0
41.9,66.37105926058737,5.151651265535699e-12,180.39492093263766,0
41.916666666666664,66.3994482981467,5.054782927557487e-12,180.2426342988399,0
41.93333333333333,66.42781337011463,4.959739705641281e-12,180.0904762230884,0
41.95,66.45615449672255,4.866487138421325e-12,179.93844659685638,0
41.96666666666667,66.48447169818473,4.774991416720516e-12,179.78654531170878,0
41.983333333333334,66.51276499469846,4.685219371177262e-12,179.63477225930208,0
42.0,66.54103440644393,4.597138460107505e-12,179.48312733138414,0
42.016666666666666,66.56927995358427,4.510716757597712e-12,179.33161041979423,0
42.03333333333333,66.59750165626565,4.425922941824355e-12,179.18022141646304,0
42.05,66.62569953461717,4.342726283595485e-12,179.02896021341226,0
42.06666666666667,66.65387360875096,4.26109663511028e-12,178.87782670275502,0
42.083333333333336,66.68202389876218,4.181004418932281e-12,178.72682077669523,0
42.1,66.71015042472904,4.1024206171723815e-12,178.57594232752808,0
42.11666666666667,66.73825320671277,4.0253167608774596e-12,178.4251912476395,0
42.13333333333333,66.76633226475766,3.949664919620779e-12,178.27456742950625,0
42.15,66.79438761889114,3.875437691290353e-12,178.124070765696,0
42.166666666666664,66.82241928912363,3.802608192071321e-12,177.973701148867,0
42.18333333333333,66.85042729544877,3.731150046618944e-12,177.82345847176822,0
42.2,66.87841165784323,3.661037378418262e-12,177.67334262723898,0
42.21666666666667,66.9063723962669,3.5922448003270695e-12,177.52335350820928,0
42.233333333333334,66.93430953066273,3.5247474052986064e-12,177.37349100769939,0
42.25,66.96222308095689,3.4585207572806803e-12,177.22375501881987,0
42.266666666666666,66.99011306705876,3.3935408822875567e-12,177.07414543477162,0
42.28333333333333,67.01797950886079,3.329784259641771e-12,176.92466214884556,0
42.3,67.04582242623877,3.2672278133821994e-12,176.7753050544228,0
42.31666666666667,67.07364183905166,3.2058489038354183e-12,176.62607404497442,0
42.333333333333336,67.10143776714166,3.145625319347311e-12,176.4769690140614,0
42.35,67.12921023033418,3.086535268171669e-12,176.32798985533466,0
42.36666666666667,67.15695924843794,3.0285573705130273e-12,176.1791364625348,0
42.38333333333333,67.18468484124494,2.9716706507205094e-12,176.0304087294922,0
42.4,67.21238702853044,2.9158545296301513e-12,175.8818065501268,0
42.416666666666664,67.24006583005304,2.8610888170525093e-12,175.73332981844814,0
42.43333333333333,67.26772126555466,2.807353704403171e-12,175.58497842855522,0
42.45,67.29535335476046,2.7546297574730524e-12,175.43675227463646,0
42.46666666666667,67.3229621173791,2.7028979093361345e-12,175.28865125096948,0
42.483333333333334,67.35054757310252,2.652139453391854e-12,175.14067525192135,0
42.5,67.37810974160602,2.6023360365396354e-12,174.99282417194817,0
42.516666666666666,67.40564864254833,2.5534696524830736e-12,174.84509790559517,0
42.53333333333333,67.43316429557157,2.5055226351611544e-12,174.6974963474966,0
42.55,67.46065672030127,2.458477652304384e-12,174.55001939237576,0
42.56666666666667,67.48812593634639,2.4123176991131067e-12,174.4026669350447,0
42.583333333333336,67.51557196329938,2.3670260920559364e-12,174.25543887040422,0
42.6,67.54299482073608,2.3225864627858972e-12,174.10833509344403,0
42.61666666666667,67.57039452821587,2.278982752172091e-12,173.9613554992424,0
42.63333333333333,67.59777110528158,2.236199204444633e-12,173.814499982966,0
42.65,67.62512457145952,2.1942203614507365e-12,173.66776843987026,0
42.666666666666664,67.65245494625961,2.153031057019837e-12,173.52116076529893,0
42.68333333333333,67.67976224917518,2.112616411435663e-12,173.37467685468417,0
42.7,67.70704649968319,2.07296182601323e-12,173.22831660354626,0
42.71666666666667,67.73430771724414,2.0340529777787423e-12,173.08207990749372,0
42.733333333333334,67.76154592130207,1.995875814250488e-12,172.93596666222342,0
42.75,67.78876113128463,1.9584165483186953e-12,172.78997676351995,0
42.766666666666666,67.81595336660307,1.9216616532226826e-12,172.6441101072561,0
42.78333333333333,67.84312264665223,1.885597857623172e-12,172.4983665893925,0
42.8,67.87026899081066,1.8502121407681826e-12,172.3527461059776,0
42.81666666666667,67.89739241844042,1.8154917277506368e-12,172.20724855314756,0
42.833333333333336,67.92449294888733,1.7814240848558938e-12,172.0618738271264,0
42.85,67.95157060148082,1.747996914997597e-12,171.91662182422544,0
42.86666666666667,67.97862539553405,1.7151981532400502e-12,171.7714924408439,0
42.88333333333333,68.00565735034384,1.6830159624055826e-12,171.62648557346813,0
42.9,68.0326664851907,1.6514387287651779e-12,171.48160111867202,0
42.916666666666664,68.05965281933892,1.6204550578109039e-12,171.3368389731168,0
42.93333333333333,68.08661637203652,1.5900537701084392e-12,171.19219903355082,0
42.95,68.11355716251524,1.5602238972283325e-12,171.04768119680975,0
42.96666666666667,68.14047520999056,1.5309546777543831e-12,170.90328535981618,0
42.983333333333334,68.16737053366182,1.502235553367703e-12,170.75901141957988,0
43.0,68.19424315271209,1.474056165005106e-12,170.61485927319737,0
43.016666666666666,68.22109308630826,1.44640634909023e-12,170.47082881785218,0
43.03333333333333,68.24792035360107,1.4192761338361945e-12,170.32691995081467,0
43.05,68.27472497372503,1.392655735618335e-12,170.18313256944182,0
43.06666666666667,68.30150696579854,1.3665355554157025e-12,170.03946657117726,0
43.083333333333336,68.32826634892388,1.3409061753200385e-12,169.89592185355124,0
43.1,68.35500314218714,1.3157583551108894e-12,169.75249831418057,0
43.11666666666667,68.3817173646584,1.2910830288956894e-12,169.60919585076843,0
43.13333333333333,68.40840903539151,1.2668713018134806e-12,169.46601436110424,0
43.15,68.43507817342433,1.243114446801165e-12,169.32295374306395,0
43.166666666666664,68.46172479777863,1.219803901420988e-12,169.18001389460952,0
43.18333333333333,68.48834892746008,1.19693126474818e-12,169.03719471378915,0
43.2,68.51495058145838,1.1744882943175818e-12,168.89449609873705,0
43.21666666666667,68.5415297787471,1.1524669031281086e-12,168.75191794767343,0
43.233333333333334,68.56808653828392,1.1308591567039899e-12,168.60946015890448,0
43.25,68.5946208790104,1.1096572702116984e-12,168.46712263082222,0
43.266666666666666,68.62113281985219,1.088853605631498e-12,168.32490526190438,0
43.28333333333333,68.64762237971891,1.0684406689825743e-12,168.18280795071445,0
43.3,68.67408957750425,1.0484111076007413e-12,168.04083059590153,0
43.31666666666667,68.70053443208592,1.0287577074677266e-12,167.89897309620028,0
43.333333333333336,68.72695696232572,1.0094733905910298e-12,167.75723535043088,0
43.35,68.7533571870695,9.905512124334456e-13,167.6156172574989,0
43.36666666666667,68.77973512514725,9.719843593912353e-13,167.4741187163952,0
43.38333333333333,68.80609079537301,9.537661463200862e-13,167.33273962619603,0
43.4,68.83242421654494,9.358900141079464e-13,167.1914798860627,0
43.416666666666664,68.85873540744541,9.183495272937696e-13,167.0503393952417,0
43.43333333333333,68.88502438684085,9.0113837173142e-13,166.90931805306465,0
43.45,68.91129117348186,8.842503522977828e-13,166.7684157589481,0
43.46666666666667,68.93753578610321,8.676793906442788e-13,166.6276324123934,0
43.483333333333334,68.96375824342391,8.514195229909375e-13,166.486967912987,0
43.5,68.98995856414709,8.354648979622768e-13,166.34642216039987,0
43.516666666666666,69.01613676696016,8.198097744641318e-13,166.20599505438776,0
43.53333333333333,69.04229287053468,8.044485196006672e-13,166.0656864947911,0
43.55,69.06842689352652,7.893756066308518e-13,165.9254963815347,0
43.56666666666667,69.09453885457577,7.745856129636019e-13,165.7854246146281,0
43.583333333333336,69.12062877230677,7.600732181908842e-13,165.64547109416512,0
43.6,69.14669666532818,7.458332021580357e-13,165.50563572032388,0
43.61666666666667,69.17274255223288,7.31860443070628e-13,165.36591839336683,0
43.63333333333333,69.19876645159812,7.181499156371427e-13,165.2263190136406,0
43.65,69.22476838198546,7.046966892468169e-13,165.08683748157594,0
43.666666666666664,69.25074836194074,6.914959261819602e-13,164.94747369768763,0
43.68333333333333,69.27670640999422,6.785428798641036e-13,164.80822756257447,0
43.7,69.30264254466043,6.658328931333522e-13,164.6690989769192,0
43.71666666666667,69.32855678443835,6.53361396560273e-13,164.53008784148838,0
43.733333333333334,69.35444914781128,6.411239067897407e-13,164.39119405713234,0
43.75,69.380319653247,6.291160249161165e-13,164.25241752478505,0
43.766666666666666,69.4061683191976,6.173334348891678e-13,164.11375814546412,0
43.78333333333333,69.43199516409966,6.057719019501375e-13,163.97521582027088,0
43.8,69.45780020637415,5.944272710974196e-13,163.83679045039,0
43.81666666666667,69.48358346442653,5.832954655812372e-13,163.69848193708953,0
43.833333333333336,69.5093449566467,5.723724854268089e-13,163.56029018172094,0
43.85,69.53508470140909,5.616544059854504e-13,163.42221508571905,0
43.86666666666667,69.56080271707253,5.511373765130722e-13,163.28425655060175,0
43.88333333333333,69.58649902198037,5.408176187755765e-13,163.14641447797013,0
43.9,69.61217363446053,5.30691425680621e-13,163.0086887695083,0
43.916666666666664,69.63782657282545,5.207551599352508e-13,162.87107932698353,0
43.93333333333333,69.66345785537202,5.110052527289349e-13,162.7335860522458,0
43.95,69.6890675003818,5.014382024414967e-13,162.59620884722807,0
43.96666666666667,69.71465552612086,4.920505733754705e-13,162.4589476139461,0
43.983333333333334,69.74022195083987,4.828389945124416e-13,162.32180225449827,0
44.0,69.76576679277404,4.738001582928837e-13,162.18477267106567,0
44.016666666666666,69.79129007014328,4.649308194190789e-13,162.047858765912,0
44.03333333333333,69.816791801152,4.562277936806679e-13,161.91106044138343,0
44.05,69.84227200398936,4.4768795680239723e-13,161.7743775999085,0
44.06666666666667,69.8677306968291,4.3930824331365366e-13,161.6378101439982,0
44.083333333333336,69.89316789782963,4.31085645439359e-13,161.50135797624588,0
44.1,69.91858362513402,4.2301721201184616e-13,161.36502099932693,0
44.11666666666667,69.94397789687007,4.1510004740329093e-13,161.2287991159991,0
44.13333333333333,69.96935073115021,4.0733131047831973e-13,161.0926922291021,0
44.15,69.99470214607162,3.997082135664172e-13,160.9567002415577,0
44.166666666666664,70.0200321597162,3.922280214537568e-13,160.82082305636965,0
44.18333333333333,70.04534079015056,3.848880503940785e-13,160.68506057662358,0
44.2,70.07062805542611,3.776856671382604e-13,160.54941270548684,0
44.21666666666667,70.09589397357897,3.706182879822293e-13,160.4138793462087,0
44.233333333333334,70.12113856263007,3.636833778328565e-13,160.2784604021199,0
44.25,70.14636184058509,3.568784492915094e-13,160.1431557766329,0
44.266666666666666,70.17156382543455,3.502010617549161e-13,160.00796537324175,0
44.28333333333333,70.19674453515377,3.4364882053301354e-13,159.87288909552188,0
44.3,70.22190398770287,3.372193759834682e-13,159.73792684713018,0
44.31666666666667,70.24704220102686,3.3091042266254056e-13,159.60307853180475,0
44.333333333333336,70.27215919305553,3.247196984919927e-13,159.46834405336506,0
44.35,70.29725498170359,3.186449839417344e-13,159.33372331571184,0
44.36666666666667,70.3223295848706,3.126841012279053e-13,159.1992162228267,0
44.38333333333333,70.34738302044103,3.0683491352610465e-13,159.06482267877263,0
44.4,70.37241530628422,3.0109532419948175e-13,158.93054258769337,0
44.416666666666664,70.39742646025448,2.9546327604140243e-13,158.79637585381366,0
44.43333333333333,70.422416500191,2.8993675053241817e-13,158.66232238143908,0
44.45,70.44738544391792,2.845137671112715e-13,158.52838207495603,0
44.46666666666667,70.47233330924433,2.791923824596657e-13,158.39455483883154,0
44.483333333333334,70.49726011396433,2.7397068980053195e-13,158.26084057761344,0
44.5,70.52216587585694,2.6884681820956146e-13,158.12723919592997,0
44.516666666666666,70.54705061268618,2.6381893193972274e-13,157.99375059849,0
44.53333333333333,70.57191434220108,2.5888522975854407e-13,157.86037469008275,0
44.55,70.59675708213574,2.5404394429789573e-13,157.72711137557786,0
44.56666666666667,70.6215788502092,2.4929334141605715e-13,157.5939605599253,0
44.583333333333336,70.6463796641256,2.4463171957182577e-13,157.46092214815525,0
44.6,70.6711595415741,2.4005740921043484e-13,157.3279960453781,0
44.61666666666667,70.69591850022897,2.355687721610688e-13,157.19518215678428,0
44.63333333333333,70.72065655774952,2.3116420104574754e-13,157.06248038764434,0
44.65,70.74537373178016,2.2684211869937107e-13,156.9298906433087,0
44.666666666666664,70.77007003995044,2.2260097760070635e-13,156.7974128292078,0
44.68333333333333,70.79474549987498,2.1843925931411347e-13,156.66504685085172,0
44.7,70.81940012915358,2.143554739418145e-13,156.5327926138306,0
44.71666666666667,70.84403394537112,2.1034815958648677e-13,156.400650023814,0
44.733333333333334,70.8686469660977,2.0641588182400795e-13,156.2686189865513,0
44.75,70.89323920888853,2.0255723318614647e-13,156.1366994078714,0
44.766666666666666,70.91781069128403,1.9877083265300812e-13,156.00489119368254,0
44.78333333333333,70.9423614308098,1.9505532515507158e-13,155.87319424997264,0
44.8,70.96689144497667,1.9140938108460344e-13,155.7416084828088,0
44.81666666666667,70.99140075128068,1.878316958163057e-13,155.6101337983375,0
44.833333333333336,71.01588936720306,1.8432098923699705e-13,155.47877010278444,0
44.85,71.04035731021033,1.8087600528416856e-13,155.34751730245443,0
44.86666666666667,71.06480459775425,1.774955114932492e-13,155.21637530373144,0
44.88333333333333,71.08923124727183,1.7417829855340343e-13,155.08534401307844,0
44.9,71.1136372761854,1.7092317987171542e-13,154.95442333703735,0
44.916666666666664,71.13802270190254,1.6772899114558608e-13,154.82361318222905,0
44.93333333333333,71.16238754181617,1.645945899432007e-13,154.69291345535322,0
44.95,71.18673181330449,1.615188552919071e-13,154.5623240631883,0
44.96666666666667,71.21105553373107,1.585006872743552e-13,154.43184491259137,0
44.983333333333334,71.23535872044478,1.5553900663225796e-13,154.3014759104982,0
45.0,71.25964139077989,1.5263275437761423e-13,154.1712169639231,0
45.016666666666666,71.28390356205601,1.497808914112759e-13,154.04106797995888,0
45.03333333333333,71.30814525157813,1.4698239814869582e-13,153.91102886577679,0
45.05,71.33236647663661,1.4423627415274064e-13,153.7810995286265,0
45.06666666666667,71.35656725450727,1.415415377734209e-13,153.65127987583585,0
45.083333333333336,71.38074760245131,1.3889722579441788e-13,153.521569814811,0
45.1,71.40490753771533,1.3630239308627243e-13,153.39196925303628,0
45.11666666666667,71.42904707753144,1.3375611226611065e-13,153.26247809807407,0
45.13333333333333,71.45316623911715,1.3125747336378764e-13,153.13309625756477,0
45.15,71.47726503967546,1.2880558349432246e-13,153.0038236392269,0
45.166666666666664,71.50134349639482,1.263995665365063e-13,152.8746601508567,0
45.18333333333333,71.5254016264492,1.240385628175728e-13,152.74560570032835,0
45.2,71.54943944699805,1.2172172880380693e-13,152.6166601955938,0
45.21666666666667,71.57345697518636,1.194482367969891e-13,152.48782354468258,0
45.233333333333334,71.5974542281446,1.1721727463655782e-13,152.35909565570202,0
45.25,71.62143122298885,1.1502804540738583e-13,152.23047643683697,0
45.266666666666666,71.64538797682067,1.1287976715306401e-13,152.1019657963497,0
45.28333333333333,71.66932450672722,1.1077167259458873e-13,151.97356364258013,0
45.3,71.69324082978123,1.0870300885434684e-13,151.84526988394535,0
45.31666666666667,71.71713696304103,1.0667303718530756e-13,151.71708442893987,0
45.333333333333336,71.7410129235505,1.0468103270530986e-13,151.58900718613538,0
45.35,71.76486872833921,1.0272628413636142e-13,151.46103806418088,0
45.36666666666667,71.78870439442228,1.0080809354884813e-13,151.33317697180235,0
45.38333333333333,71.81251993880052,9.892577611056107e-14,151.20542381780288,0
45.4,71.83631537846034,9.707865984045309e-14,151.07777851106255,0
45.416666666666664,71.86009073037386,9.52660853670338e-14,150.9502409605383,0
45.43333333333333,71.88384601149883,9.348740569131528e-14,150.82281107526407,0
45.45,71.90758123877872,9.174198595422461e-14,150.69548876435047,0
45.46666666666667,71.93129642914266,9.002920320839484e-14,150.56827393698487,0
45.483333333333334,71.9549915995055,8.834844619425686e-14,150.44116650243126,0
45.5,71.97866676676786,8.669911512034738e-14,150.3141663700303,0
45.516666666666666,72.00232194781601,8.508062144775406e-14,150.18727344919915,0
45.53333333333333,72.02595715952204,8.349238767862113e-14,150.06048764943148,0
45.55,72.04957241874374,8.193384714863709e-14,149.93380888029728,0
45.56666666666667,72.07316774232471,8.040444382343022e-14,149.80723705144294,0
45.583333333333336,72.0967431470943,7.890363209879845e-14,149.68077207259117,0
45.6,72.12029864986768,7.743087660470144e-14,149.55441385354072,0
45.61666666666667,72.14383426744578,7.598565201294251e-14,149.42816230416668,0
45.63333333333333,72.16735001661542,7.456744284847051e-14,149.3020173344201,0
45.65,72.19084591414916,7.317574330423715e-14,149.17597885432812,0
45.666666666666664,72.21432197680548,7.18100570595372e-14,149.0500467739938,0
45.68333333333333,72.23777822132868,7.046989710177186e-14,148.92422100359607,0
45.7,72.26121466444891,6.915478555156286e-14,148.7985014533897,0
45.71666666666667,72.28463132288222,6.786425349116383e-14,148.67288803370528,0
45.733333333333334,72.30802821333053,6.659784079609771e-14,148.54738065494894,0
45.75,72.33140535248168,6.535509596996602e-14,148.42197922760266,0
45.766666666666666,72.35476275700942,6.413557598236488e-14,148.29668366222387,0
45.78333333333333,72.37810044357343,6.293884610985394e-14,148.17149386944544,0
45.8,72.40141842881928,6.176447977991728e-14,148.04640975997583,0
45.81666666666667,72.42471672937853,6.061205841786145e-14,147.92143124459884,0
45.833333333333336,72.4479953618687,5.948117129659336e-14,147.79655823417343,0
45.85,72.47125434289329,5.837141538922813e-14,147.671790639634,0
45.86666666666667,72.49449368904173,5.728239522446811e-14,147.54712837199014,0
45.88333333333333,72.5177134168895,5.6213722744703e-14,147.42257134232634,0
45.9,72.54091354299808,5.516501716678214e-14,147.29811946180243,0
45.916666666666664,72.56409408391494,5.4135904845405227e-14,147.17377264165307,0
45.93333333333333,72.58725505617362,5.312601913908225e-14,147.04953079318796,0
45.95,72.61039647629364,5.213500027861839e-14,146.92539382779148,0
45.96666666666667,72.63351836078068,5.116249523806943e-14,146.80136165692304,0
45.983333333333334,72.65662072612638,5.020815760812764e-14,146.67743419211672,0
46.0,72.67970358880848,4.92716474718882e-14,146.55361134498122,0
46.016666666666666,72.70276696529086,4.8352631282953164e-14,146.42989302719988,0
46.03333333333333,72.72581087202349,4.745078174582854e-14,146.30627915053068,0
46.05,72.7488353254424,4.6565777698569837e-14,146.182769626806,0
46.06666666666667,72.77184034196982,4.569730399763702e-14,146.05936436793272,0
46.083333333333336,72.79482593801401,4.4845051404913077e-14,145.93606328589192,0
46.1,72.81779212996953,4.400871647684897e-14,145.81286629273927,0
46.11666666666667,72.84073893421696,4.318800145569284e-14,145.6897733006044,0
46.13333333333333,72.8636663671231,4.2382614162764403e-14,145.56678422169134,0
46.15,72.88657444504098,4.1592267893737815e-14,145.44389896827803,0
46.166666666666664,72.90946318430974,4.081668131589183e-14,145.32111745271666,0
46.18333333333333,72.93233260125481,4.005557836729341e-14,145.19843958743328,0
46.2,72.95518271218779,3.930868815787698e-14,145.07586528492794,0
46.21666666666667,72.97801353340651,3.8575744872382444e-14,144.95339445777452,0
46.233333333333334,73.00082508119506,3.785648767511978e-14,144.83102701862066,0
46.25,73.02361737182376,3.715066061652328e-14,144.70876288018786,0
46.266666666666666,73.04639042154925,3.645801254146243e-14,144.58660195527116,0
46.28333333333333,73.06914424661436,3.577829699927742e-14,144.46454415673938,0
46.3,73.09187886324828,3.511127215550488e-14,144.34258939753474,0
46.31666666666667,73.11459428766646,3.4456700705263826e-14,144.22073759067302,0
46.333333333333336,73.1372905360707,3.38143497882694e-14,144.0989886492434,0
46.35,73.15996762464906,3.318399090544416e-14,143.97734248640853,0
46.36666666666667,73.182625569576,3.2565399837096356e-14,143.85579901540424,0
46.38333333333333,73.20526438701229,3.195835656263739e-14,143.73435814953973,0
46.4,73.22788409310506,3.1362645181806465e-14,143.61301980219721,0
46.416666666666664,73.25048470398782,3.0778053837376765e-14,143.4917838868321,0
46.43333333333333,73.27306623578045,3.020437463931459e-14,143.37065031697298,0
46.45,73.29562870458923,2.964140359036244e-14,143.2496190062213,0
46.46666666666667,73.31817212650685,2.9088940513021926e-14,143.1286898682515,0
46.483333333333334,73.34069651761239,2.854678897790794e-14,143.00786281681084,0
46.5,73.36320189397136,2.801475623344947e-14,142.8871377657195,0
46.516666666666666,73.38568827163573,2.749265313691118e-14,142.7665146288703,0
46.53333333333333,73.40815566664392,2.6980294086710988e-14,142.6459933202288,0
46.55,73.4306040950208,2.6477496956009538e-14,142.52557375383316,0
46.56666666666667,73.45303357277767,2.5984083027547168e-14,142.40525584379415,0
46.583333333333336,73.47544411591241,2.5499876929705247e-14,142.28503950429504,0
46.6,73.49783574040929,2.5024706573768562e-14,142.16492464959154,0
46.61666666666667,73.52020846223915,2.4558403092366574e-14,142.04491119401175,0
46.63333333333333,73.54256229735935,2.4100800779070473e-14,141.924999051956,0
46.65,73.56489726171375,2.3651737029125778e-14,141.80518813789712,0
46.666666666666664,73.58721337123276,2.321105228129702e-14,141.68547836637978,0
46.68333333333333,73.60951064183334,2.2778589960806184e-14,141.56586965202112,0
46.7,73.63178908941902,2.235419642334136e-14,141.44636190951022,0
46.71666666666667,73.6540487298799,2.19377209001183e-14,141.32695505360815,0
46.733333333333334,73.67628957909268,2.1529015443973263e-14,141.207648999148,0
46.75,73.69851165292063,2.1127934876467885e-14,141.08844366103477,0
46.766666666666666,73.72071496721365,2.0734336735988152e-14,140.96933895424525,0
46.78333333333333,73.74289953780824,2.0348081226817123e-14,140.85033479382798,0
46.8,73.76506538052756,1.9969031169165295e-14,140.7314310949032,0
46.81666666666667,73.78721251118138,1.9597051950137784e-14,140.612627772663,0
46.833333333333336,73.80934094556615,1.9232011475622994e-14,140.49392474237078,0
46.85,73.83145069946498,1.8873780123084872e-14,140.37532191936168,0
46.86666666666667,73.85354178864765,1.8522230695240877e-14,140.2568192190422,0
46.88333333333333,73.8756142288706,1.8177238374609966e-14,140.13841655689038,0
46.9,73.89766803587703,1.7838680678913815e-14,140.02011384845545,0
46.916666666666664,73.91970322539682,1.750643741731565e-14,139.90191100935806,0
46.93333333333333,73.94171981314652,1.7180390647480078e-14,139.78380795529003,0
46.95,73.96371781482951,1.6860424633439296e-14,139.66580460201433,0
46.96666666666667,73.98569724613584,1.6546425804250164e-14,139.54790086536514,0
46.983333333333334,74.00765812274234,1.6238282713427323e-14,139.43009666124755,0
47.0,74.02960046031262,1.5935885999137928e-14,139.31239190563772,0
47.016666666666666,74.05152427449703,1.5639128345142946e-14,139.1947865145828,0
47.03333333333333,74.07342958093274,1.5347904442472502e-14,139.07728040420076,0
47.05,74.09531639524371,1.5062110951819253e-14,138.9598734906803,0
47.06666666666667,74.1171847330407,1.4781646466638887e-14,138.842565690281,0
47.083333333333336,74.1390346099213,1.4506411476942036e-14,138.72535691933308,0
47.1,74.16086604146994,1.4236308333766304e-14,138.60824709423738,0
47.11666666666667,74.18267904325789,1.397124121431462e-14,138.49123613146534,0
47.13333333333333,74.20447363084327,1.371111608774813e-14,138.37432394755885,0
47.15,74.22624981977107,1.34558406816206e-14,138.25751045913037,0
47.166666666666664,74.24800762557314,1.3205324448942854e-14,138.14079558286267,0
47.18333333333333,74.26974706376825,1.2959478535865107e-14,138.0241792355088,0
47.2,74.29146814986206,1.2718215749965695e-14,137.90766133389226,0
47.21666666666667,74.3131708993471,1.2481450529134582e-14,137.79124179490657,0
47.233333333333334,74.33485532770288,1.224909891104094e-14,137.67492053551555,0
47.25,74.35652145039583,1.2021078503173266e-14,137.55869747275304,0
47.266666666666666,74.37816928287928,1.1797308453441686e-14,137.442572523723,0
47.28333333333333,74.39979884059358,1.1577709421331593e-14,137.32654560559928,0
47.3,74.42141013896595,1.1362203549598537e-14,137.2106166356257,0
47.31666666666667,74.44300319341072,1.1150714436493934e-14,137.09478553111592,0
47.333333333333336,74.46457801932908,1.0943167108511842e-14,136.9790522094534,0
47.35,74.4861346321093,1.0739487993646805e-14,136.8634165880914,0
47.36666666666667,74.50767304712663,1.053960489515333e-14,136.7478785845528,0
47.38333333333333,74.52919327974335,1.0343446965797576e-14,136.63243811643014,0
47.4,74.55069534530874,1.0150944682591604e-14,136.51709510138548,0
47.416666666666664,74.57217925915917,9.962029822001971e-15,136.40184945715046,0
47.43333333333333,74.59364503661803,9.776635435622843e-15,136.28670110152606,0
47.45,74.61509269299579,9.594695826305328e-15,136.1716499523828,0
47.46666666666667,74.63652224359,9.416146524734714e-15,136.05669592766043,0
47.483333333333334,74.65793370368526,9.24092426644659e-15,135.94183894536798,0
47.5,74.67932708855331,9.068966969274031e-15,135.82707892358374,0
47.516666666666666,74.70070241345297,8.900213711217752e-15,135.71241578045513,0
47.53333333333333,74.7220596936302,8.734604708731029e-15,135.59784943419862,0
47.55,74.74339894431807,8.572081295411847e-15,135.48337980309984,0
47.56666666666667,74.7647201807368,8.412585901094422e-15,135.3690068055133,0
47.583333333333336,74.78602341809378,8.256062031332831e-15,135.25473035986244,0
47.6,74.8073086715835,8.102454247269164e-15,135.14055038463965,0
47.61666666666667,74.8285759563877,7.9517081458791e-15,135.02646679840603,0
47.63333333333333,74.84982528767527,7.803770340587788e-15,134.9124795197915,0
47.65,74.87105668060228,7.65858844224903e-15,134.7985884674946,0
47.666666666666664,74.89227015031203,7.516111040481123e-15,134.68479356028257,0
47.68333333333333,74.913465711935,7.376287685352368e-15,134.57109471699118,0
47.7,74.93464338058897,7.239068869409913e-15,134.4574918565248,0
47.71666666666667,74.95580317137888,7.104406010045483e-15,134.34398489785613,0
47.733333333333334,74.97694509939694,6.972251432191499e-15,134.23057376002635,0
47.75,74.99806917972265,6.842558351341521e-15,134.11725836214495,0
47.766666666666666,75.01917542742275,6.7152808568889436e-15,134.0040386233898,0
47.78333333333333,75.04026385755128,6.590373895777885e-15,133.89091446300688,0
47.8,75.06133448514954,6.467793256460384e-15,133.7778858003104,0
47.81666666666667,75.08238732524617,6.347495553154297e-15,133.66495255468266,0
47.833333333333336,75.10342239285713,6.2294382103961494e-15,133.5521146455741,0
47.85,75.12443970298563,6.113579447883421e-15,133.439371992503,0
47.86666666666667,75.14543927062229,5.999878265600796e-15,133.32672451505567,0
47.88333333333333,75.16642111074506,5.888294429225114e-15,133.21417213288638,0
47.9,75.18738523831922,5.7787884558037905e-15,133.10171476571708,0
47.916666666666664,75.20833166829745,5.671321599701529e-15,132.9893523333376,0
47.93333333333333,75.22926041561976,5.565855838810261e-15,132.8770847556054,0
47.95,75.2501714952136,5.46235386101751e-15,132.7649119524457,0
47.96666666666667,75.27106492199381,5.360779050928174e-15,132.65283384385117,0
47.983333333333334,75.2919407108626,5.261095476835048e-15,132.5408503498822,0
48.0,75.31279887670964,5.163267877933399e-15,132.42896139066647,0
48.016666666666666,75.333639434412,5.067261651775159e-15,132.31716688639926,0
48.03333333333333,75.35446239883422,4.973042841957837e-15,132.20546675734315,0
48.05,75.37526778482827,4.880578126044301e-15,132.093860923828,0
48.06666666666667,75.39605560723359,4.78983480370852e-15,131.98234930625097,0
48.083333333333336,75.4168258808771,4.700780785103694e-15,131.87093182507638,0
48.1,75.43757862057319,4.6133845794478305e-15,131.75960840083576,0
48.11666666666667,75.45831384112377,4.52761528382334e-15,131.64837895412765,0
48.13333333333333,75.47903155731821,4.443442572186289e-15,131.5372434056177,0
48.15,75.49973178393341,4.36083668458143e-15,131.4262016760384,0
48.166666666666664,75.52041453573383,4.279768416559338e-15,131.31525368618935,0
48.18333333333333,75.54107982747145,4.20020910879148e-15,131.20439935693682,0
48.2,75.56172767388576,4.1221306368799404e-15,131.093638609214,0
48.21666666666667,75.58235808970386,4.045505401357815e-15,130.98297136402078,0
48.233333333333334,75.60297108964036,3.970306317876903e-15,130.87239754242378,0
48.25,75.62356668839752,3.896506807579076e-15,130.76191706555622,0
48.266666666666666,75.64414490066514,3.824080787647893e-15,130.6515298546179,0
48.28333333333333,75.66470574112061,3.7530026620371516e-15,130.54123583087514,0
48.3,75.68524922442896,3.683247312372961e-15,130.43103491566075,0
48.31666666666667,75.70577536524283,3.614790089026167e-15,130.3209270303739,0
48.333333333333336,75.72628417820248,3.5476068023518648e-15,130.21091209648023,0
48.35,75.74677567793582,3.481673714092888e-15,130.1009900355115,0
48.36666666666667,75.76724987905841,3.4169675289442497e-15,129.99116076906586,0
48.38333333333333,75.7877067961735,3.353465386275482e-15,129.88142421880755,0
48.4,75.80814644387195,3.2911448520078076e-15,129.77178030646704,0
48.416666666666664,75.82856883673234,3.2299839106434874e-15,129.66222895384078,0
48.43333333333333,75.84897398932097,3.1699609574442494e-15,129.55277008279128,0
48.45,75.86936191619179,3.1110547907561017e-15,129.44340361524704,0
48.46666666666667,75.88973263188649,3.0532446044778623e-15,129.33412947320238,0
48.483333333333334,75.91008615093449,2.99650998067051e-15,129.22494757871755,0
48.5,75.93042248785292,2.940830882304941e-15,129.1158578539186,0
48.516666666666666,75.9507416571467,2.8861876461454107e-15,129.00686022099725,0
48.53333333333333,75.97104367330843,2.832560975766143e-15,128.89795460221094,0
48.55,75.99132855081855,2.779931934698529e-15,128.7891409198828,0
48.56666666666667,76.01159630414527,2.728281939706711e-15,128.68041909640144,0
48.583333333333336,76.03184694774453,2.6775927541888255e-15,128.57178905422097,0
48.6,76.0520804960601,2.627846481701805e-15,128.4632507158611,0
48.61666666666667,76.07229696352358,2.579025559607287e-15,128.35480400390685,0
48.63333333333333,76.09249636455435,2.5311127528364185e-15,128.24644884100857,0
48.65,76.11267871355965,2.484091147771287e-15,128.13818514988202,0
48.666666666666664,76.1328440249345,2.4379441462408514e-15,128.03001285330802,0
48.68333333333333,76.15299231306184,2.392655459629112e-15,127.92193187413281,0
48.7,76.17312359231244,2.3482091030936132e-15,127.8139421352676,0
48.71666666666667,76.1932378770449,2.3045893898919864e-15,127.70604355968862,0
48.733333333333334,76.21333518160576,2.2617809258146824e-15,127.59823607043735,0
48.75,76.2334155203294,2.2197686037218067e-15,127.49051959062002,0
48.766666666666666,76.25347890753814,2.178537598182138e-15,127.38289404340792,0
48.78333333333333,76.27352535754218,2.1380733602124353e-15,127.27535935203704,0
48.8,76.29355488463966,2.0983616121151173e-15,127.16791543980838,0
48.81666666666667,76.31356750311663,2.059388342412483e-15,127.0605622300875,0
48.833333333333336,76.33356322724708,2.0211398008757172e-15,126.95329964630476,0
48.85,76.35354207129298,1.9836024936467703e-15,126.84612761195513,0
48.86666666666667,76.37350404950423,1.946763178451571e-15,126.73904605059816,0
48.88333333333333,76.39344917611871,1.9106088599026608e-15,126.63205488585791,0
48.9,76.41337746536227,1.8751267848897168e-15,126.52515404142295,0
48.916666666666664,76.43328893144877,1.840304438056242e-15,126.41834344104628,0
48.93333333333333,76.45318358858006,1.8061295373608407e-15,126.3116230085452,0
48.95,76.47306145094599,1.7725900297215156e-15,126.20499266780142,0
48.96666666666667,76.49292253272448,1.7396740867413444e-15,126.09845234276082,0
48.983333333333334,76.51276684808143,1.7073701005141255e-15,125.99200195743352,0
49.0,76.53259441117076,1.6756666795084094e-15,125.88564143589382,0
49.016666666666666,76.55240523613452,1.644552644528506e-15,125.77937070228006,0
49.03333333333333,76.57219933710277,1.6140170247509754e-15,125.67318968079469,0
49.05,76.59197672819366,1.5840490538352184e-15,125.56709829570406,0
49.06666666666667,76.61173742351338,1.554638166106792e-15,125.4610964713385,0
49.083333333333336,76.63148143715627,1.5257739928120476e-15,125.3551841320922,0
49.1,76.65120878320475,1.4974463584427848e-15,125.24936120242324,0
49.11666666666667,76.67091947572935,1.469645277129642e-15,125.14362760685339,0
49.13333333333333,76.69061352878872,1.4423609491028136e-15,125.03798326996818,0
49.15,76.71029095642962,1.4155837572190315e-15,124.93242811641676,0
49.166666666666664,76.72995177268699,1.389304263553349e-15,124.82696207091197,0
49.18333333333333,76.7495959915839,1.3635132060547013e-15,124.72158505823013,0
49.2,76.7692236271316,1.3382014952639577e-15,124.61629700321112,0
49.21666666666667,76.78883469332948,1.3133602110932447e-15,124.51109783075822,0
49.233333333333334,76.80842920416515,1.288980599665562e-15,124.40598746583811,0
49.25,76.8280071736144,1.2650540702133697e-15,124.30096583348087,0
49.266666666666666,76.84756861564118,1.241572192035176e-15,124.1960328587798,0
49.28333333333333,76.86711354419774,1.2185266915089841e-15,124.09118846689147,0
49.3,76.88664197322444,1.1959094491615383e-15,123.98643258303561,0
49.31666666666667,76.90615391664997,1.1737124967923492e-15,123.88176513249512,0
49.333333333333336,76.92564938839121,1.1519280146514411e-15,123.77718604061592,0
49.35,76.9451284023533,1.1305483286698317e-15,123.67269523280699,0
49.36666666666667,76.96459097242966,1.109565907741759e-15,123.56829263454027,0
49.38333333333333,76.98403711250197,1.0889733610576887e-15,123.46397817135059,0
49.4,77.00346683644017,1.0687634354871443e-15,123.3597517688357,0
49.416666666666664,77.02288015810252,1.0489290130104258e-15,123.25561335265611,0
49.43333333333333,77.04227709133556,1.0294631081983208e-15,123.15156284853512,0
49.45,77.06165764997417,1.0103588657388703e-15,123.04760018225869,0
49.46666666666667,77.0810218478415,9.91609558010367e-16,122.94372527967545,0
49.483333333333334,77.1003696987491,9.732085826996804e-16,122.83993806669666,0
49.5,77.11970121649681,9.55149460465035e-16,122.73623846929607,0
49.516666666666666,77.13901641487283,9.374258326425123e-16,122.63262641350997,0
49.53333333333333,77.15831530765371,9.200314589953216e-16,122.52910182543705,0
49.55,77.17759790860441,9.029602155051525e-16,122.42566463123842,0
49.56666666666667,77.19686423147823,8.862060922047669e-16,122.32231475713749,0
49.583333333333336,77.21611429001688,8.69763191051059e-16,122.21905212941999,0
49.6,77.23534809795045,8.536257238378559e-16,122.11587667443385,0
49.61666666666667,77.25456566899747,8.377880101476797e-16,122.01278831858916,0
49.63333333333333,77.27376701686485,8.222444753417847e-16,121.90978698835819,0
49.65,77.29295215524797,8.06989648587693e-16,121.80687261027524,0
49.666666666666664,77.31212109783063,7.920181609236009e-16,121.70404511093662,0
49.68333333333333,77.33127385828506,7.77324743358899e-16,121.60130441700062,0
49.7,77.35041045027198,7.629042250101844e-16,121.49865045518747,0
49.71666666666667,77.36953088744056,7.48751531272054e-16,121.39608315227923,0
49.733333333333334,77.38863518342845,7.348616820220764e-16,121.29360243511978,0
49.75,77.40772335186178,7.212297898592568e-16,121.19120823061473,0
49.766666666666666,77.4267954063552,7.078510583754048e-16,121.08890046573144,0
49.78333333333333,77.44585136051182,6.947207804587708e-16,120.98667906749891,0
49.8,77.46489122792335,6.8183433662935e-16,120.88454396300772,0
49.81666666666667,77.48391502216992,6.691871934052736e-16,120.78249507941003,0
49.833333333333336,77.50292275682028,6.567749016996791e-16,120.68053234391945,0
49.85,77.5219144454317,6.445930952475303e-16,120.57865568381109,0
49.86666666666667,77.54089010154999,6.326374890617849e-16,120.47686502642142,0
49.88333333333333,77.55984973870954,6.2090387791838755e-16,120.37516029914828,0
49.9,77.5787933704333,6.093881348695482e-16,120.27354142945073,0
49.916666666666664,77.59772101023282,5.980862097847594e-16,120.17200834484919,0
49.93333333333333,77.61663267160824,5.869941279190534e-16,120.07056097292512,0
49.95,77.63552836804831,5.761079885079869e-16,119.96919924132123,0
49.96666666666667,77.65440811303037,5.654239633888284e-16,119.86792307774127,0
49.983333333333334,77.6732719200204,5.549382956475055e-16,119.76673240995002,0
50.0,77.692119802473,5.446472982907887e-16,119.66562716577323,0
50.016666666666666,77.71095177383145,5.345473529432561e-16,119.5646072730976,0
50.03333333333333,77.72976784752764,5.246349085685771e-16,119.46367265987068,0
50.05,77.74856803698212,5.149064802146662e-16,119.36282325410089,0
50.06666666666667,77.76735235560413,5.053586477822409e-16,119.26205898385739,0
50.083333333333336,77.78612081679158,4.959880548163607e-16,119.16137977727007,0
50.1,77.80487343393108,4.867914073205319e-16,119.06078556252949,0
50.11666666666667,77.82361022039794,4.777654725929111e-16,118.96027626788683,0
50.13333333333333,77.84233118955616,4.689070780842578e-16,118.85985182165386,0
50.15,77.86103635475848,4.602131102771644e-16,118.75951215220282,0
50.166666666666664,77.87972572934635,4.516805135862201e-16,118.65925718796646,0
50.18333333333333,77.89839932664995,4.433062892786816e-16,118.55908685743793,0
50.2,77.91705715998826,4.350874944152825e-16,118.45900108917077,0
50.21666666666667,77.93569924266895,4.270212408108144e-16,118.35899981177879,0
50.233333333333334,77.95432558798849,4.1910469401407803e-16,118.25908295393609,0
50.25,77.97293620923215,4.1133507230688083e-16,118.15925044437697,0
50.266666666666666,77.99153111967388,4.03709645721705e-16,118.0595022118959,0
50.28333333333333,78.01011033257657,3.9622573507769453e-16,117.95983818534745,0
50.3,78.02867386119182,3.888807110346271e-16,117.8602582936463,0
50.31666666666667,78.04722171876006,3.816719931645318e-16,117.76076246576707,0
50.333333333333336,78.06575391851055,3.745970490406283e-16,117.66135063074435,0
50.35,78.08427047366139,3.6765339334324744e-16,117.56202271767268,0
50.36666666666667,78.10277139741949,3.6083858698244815e-16,117.46277865570643,0
50.38333333333333,78.12125670298065,3.541502362369718e-16,117.36361837405975,0
50.4,78.13972640352951,3.475859919092766e-16,117.26454180200663,0
50.416666666666664,78.15818051223958,3.411435484963253e-16,117.16554886888068,0
50.43333333333333,78.17661904227326,3.348206433758293e-16,117.06663950407518,0
50.45,78.19504200678182,3.286150560076781e-16,116.96781363704307,0
50.46666666666667,78.21344941890544,3.225246071502588e-16,116.86907119729675,0
50.483333333333334,78.23184129177321,3.1654715809138403e-16,116.77041211440824,0
50.5,78.25021763850313,3.106806098935674e-16,116.67183631800896,0
50.516666666666666,78.26857847220214,3.049229026533698e-16,116.57334373778967,0
50.53333333333333,78.2869238059661,2.9927201477455476e-16,116.47493430350059,0
50.55,78.3052536528798,2.937259622548017e-16,116.37660794495117,0
50.56666666666667,78.32356802601699,2.882827979857092e-16,116.27836459201018,0
50.583333333333336,78.34186693844043,2.82940611065862e-16,116.18020417460549,0
50.6,78.36015040320183,2.776975261266942e-16,116.08212662272425,0
50.61666666666667,78.37841843334182,2.725517026709259e-16,115.98413186641262,0
50.63333333333333,78.39667104189012,2.675013344233369e-16,115.88621983577586,0
50.65,78.41490824186536,2.625446486936364e-16,115.78839046097822,0
50.666666666666664,78.43313004627525,2.576799057512154e-16,115.69064367224289,0
50.68333333333333,78.45133646811648,2.5290539821155425e-16,115.59297939985198,0
50.7,78.4695275203748,2.48219450434067e-16,115.49539757414647,0
50.71666666666667,78.48770321602494,2.4362041793117404e-16,115.39789812552611,0
50.733333333333334,78.50586356803073,2.3910668678837864e-16,115.30048098444946,0
50.75,78.52400858934504,2.346766730951736e-16,115.20314608143372,0
50.766666666666666,78.54213829290981,2.303288223865352e-16,115.10589334705477,0
50.78333333333333,78.56025269165605,2.260616090948356e-16,115.00872271194712,0
50.8,78.57835179850385,2.2187353601197332e-16,114.91163410680382,0
50.81666666666667,78.59643562636239,2.1776313376152424e-16,114.81462746237642,0
50.833333333333336,78.61450418812998,2.137289602807296e-16,114.71770270947493,0
50.85,78.632557496694,2.0976960031214324e-16,114.62085977896781,0
50.86666666666667,78.650595564931,2.0588366490474745e-16,114.52409860178182,0
50.88333333333333,78.6686184057066,2.0206979092436742e-16,114.42741910890204,0
50.9,78.68662603187558,1.9832664057321259e-16,114.33082123137184,0
50.916666666666664,78.70461845628192,1.9465290091836575e-16,114.23430490029283,0
50.93333333333333,78.72259569175868,1.9104728342906103e-16,114.13787004682469,0
50.95,78.74055775112815,1.8750852352258768e-16,114.04151660218528,0
50.96666666666667,78.75850464720175,1.8403538011864884e-16,113.94524449765052,0
50.983333333333334,78.77643639278008,1.8062663520202753e-16,113.84905366455435,0
51.0,78.79435300065302,1.7728109339340048e-16,113.75294403428863,0
51.016666666666666,78.81225448359953,1.739975815281528e-16,113.65691553830321,0
51.03333333333333,78.83014085438788,1.7077494824302777e-16,113.56096810810573,0
51.05,78.8480121257755,1.6761206357049337e-16,113.46510167526174,0
51.06666666666667,78.86586831050907,1.645078185406543e-16,113.36931617139444,0
51.083333333333336,78.88370942132453,1.614611247905865e-16,113.27361152818493,0
51.1,78.90153547094704,1.584709141809469e-16,113.17798767737179,0
51.11666666666667,78.91934647209104,1.5553613841972387e-16,113.08244455075135,0
51.13333333333333,78.93714243746021,1.5265576869300317e-16,112.98698208017747,0
51.15,78.95492337974754,1.4982879530260293e-16,112.89160019756156,0
51.166666666666664,78.97268931163526,1.4705422731046657e-16,112.79629883487249,0
51.18333333333333,78.99044024579493,1.4433109218967489e-16,112.70107792413658,0
51.2,79.00817619488743,1.4165843548195928e-16,112.60593739743751,0
51.21666666666667,79.02589717156289,1.390353204615967e-16,112.51087718691633,0
51.233333333333334,79.0436031884608,1.3646082780556259e-16,112.41589722477131,0
51.25,79.06129425821,1.3393405526982482e-16,112.32099744325802,0
51.266666666666666,79.07897039342862,1.3145411737167397e-16,112.2261777746892,0
51.28333333333333,79.09663160672417,1.2902014507796157e-16,112.13143815143471,0
51.3,79.11427791069352,1.2663128549914956e-16,112.03677850592153,0
51.31666666666667,79.13190931792288,1.2428670158905685e-16,111.9421987706337,0
51.333333333333336,79.14952584098783,1.2198557185019564e-16,111.84769887811215,0
51.35,79.1671274924534,1.1972709004459594e-16,111.75327876095494,0
51.36666666666667,79.18471428487395,1.1751046491001723e-16,111.65893835181687,0
51.38333333333333,79.20228623079325,1.1533491988143923e-16,111.56467758340966,0
51.4,79.21984334274448,1.1319969281774686e-16,111.47049638850181,0
51.416666666666664,79.23738563325028,1.1110403573349488e-16,111.3763946999186,0
51.43333333333333,79.25491311482266,1.0904721453567518e-16,111.28237245054204,0
51.45,79.2724257999631,1.0702850876538038e-16,111.1884295733107,0
51.46666666666667,79.28992370116254,1.0504721134427969e-16,111.09456600121986,0
51.483333333333334,79.30740683090134,1.031026283258133e-16,111.00078166732135,0
51.5,79.32487520164933,1.0119407865102197e-16,110.90707650472346,0
51.516666666666666,79.34232882586586,9.932089390891838e-17,110.81345044659102,0
51.53333333333333,79.3597677159997,9.748241810132269e-17,110.71990342614527,0
51.55,79.37719188448914,9.567800741207529e-17,110.62643537666375,0
51.56666666666667,79.39460134376196,9.390702998054521e-17,110.53304623148041,0
51.583333333333336,79.41199610623548,9.216886567935584e-17,110.43973592398544,0
51.6,79.42937618431648,9.046290589624725e-17,110.34650438762527,0
51.61666666666667,79.44674159040134,8.878855331999988e-17,110.25335155590251,0
51.63333333333333,79.46409233687591,8.714522173034346e-17,110.16027736237594,0
51.65,79.48142843611559,8.553233579177486e-17,110.06728174066035,0
51.666666666666664,79.49874990048541,8.394933085121517e-17,109.97436462442664,0
51.68333333333333,79.51605674233984,8.239565273943123e-17,109.88152594740168,0
51.7,79.53334897402301,8.087075757615759e-17,109.7887656433683,0
51.71666666666667,79.55062660786862,7.937411157883876e-17,109.6960836461652,0
51.733333333333334,79.56788965619991,7.790519087493671e-17,109.60347988968697,0
51.75,79.58513813132978,7.646348131772809e-17,109.51095430788398,0
51.766666666666666,79.60237204556068,7.504847830553194e-17,109.41850683476237,0
51.78333333333333,79.61959141118471,7.36596866043001e-17,109.32613740438396,0
51.8,79.63679624048358,7.229662017350878e-17,109.23384595086627,0
51.81666666666667,79.65398654572861,7.095880199529186e-17,109.14163240838245,0
51.833333333333336,79.67116233918082,6.964576390675234e-17,109.04949671116118,0
51.85,79.68832363309083,6.835704643539453e-17,108.95743879348669,0
51.86666666666667,79.70547043969893,6.709219863761804e-17,108.86545858969865,0
51.88333333333333,79.72260277123507,6.585077794021863e-17,108.7735560341922,0
51.9,79.73972063991891,6.463234998483618e-17,108.68173106141785,0
51.916666666666664,79.75682405795973,6.343648847529776e-17,108.58998360588143,0
51.93333333333333,79.77391303755658,6.226277502780129e-17,108.4983136021441,0
51.95,79.79098759089815,6.111079902388602e-17,108.40672098482221,0
51.96666666666667,79.80804773016288,5.998015746613887e-17,108.31520568858735,0
51.983333333333334,79.8250934675189,5.887045483658537e-17,108.22376764816624,0
52.0,79.84212481512408,5.778130295771493e-17,108.13240679834068,0
52.016666666666666,79.85914178512604,5.67123208560906e-17,108.04112307394759,0
52.03333333333333,79.87614438966213,5.566313462849843e-17,107.94991640987882,0
52.05,79.89313264085945,5.463337731058428e-17,107.85878674108125,0
52.06666666666667,79.91010655083487,5.362268874793639e-17,107.76773400255664,0
52.083333333333336,79.92706613169503,5.263071546956371e-17,107.67675812936162,0
52.1,79.94401139553636,5.1657110563730074e-17,107.58585905660766,0
52.11666666666667,79.96094235444507,5.070153355609722e-17,107.49503671946101,0
52.13333333333333,79.97785902049715,4.9763650290132474e-17,107.40429105314263,0
52.15,79.99476140575841,4.8843132809744286e-17,107.31362199292818,0
52.166666666666664,80.01164952228449,4.793965924409787e-17,107.22302947414798,0
52.18333333333333,80.02852338212082,4.7052913694574104e-17,107.1325134321869,0
52.2,80.0453829973027,4.6182586123831376e-17,107.04207380248438,0
52.21666666666667,80.06222837985523,4.532837224693004e-17,106.95171052053438,0
52.233333333333334,80.0790595417934,4.44899734244816e-17,106.86142352188526,0
52.25,80.09587649512201,4.366709655778558e-17,106.77121274213985,0
52.266666666666666,80.11267925183577,4.2859453985916004e-17,106.6810781169553,0
52.28333333333333,80.12946782391923,4.206676338472165e-17,106.59101958204313,0
52.3,80.14624222334686,4.128874766770549e-17,106.50103707316906,0
52.31666666666667,80.16300246208299,4.0525134888745976e-17,106.41113052615307,0
52.333333333333336,80.17974855208183,3.9775658146627807e-17,106.32129987686935,0
52.35,80.19648050528758,3.90400554913481e-17,106.23154506124615,0
52.36666666666667,80.21319833363427,3.831806983216453e-17,106.14186601526592,0
52.38333333333333,80.2299020490459,3.760944884735291e-17,106.05226267496501,0
52.4,80.24659166343639,3.691394489564357e-17,105.9627349764339,0
52.416666666666664,80.26326718870962,3.6231314929302757e-17,105.87328285581692,0
52.43333333333333,80.27992863675938,3.556132040883209e-17,105.7839062493124,0
52.45,80.29657601946947,3.490372721925224e-17,105.69460509317244,0
52.46666666666667,80.31320934871364,3.425830558794376e-17,105.60537932370302,0
52.483333333333334,80.32982863635559,3.362483000401559e-17,105.51622887726384,0
52.5,80.34643389424902,3.3003079139171524e-17,105.4271536902684,0
52.516666666666666,80.36302513423766,3.239283577004907e-17,105.33815369918376,0
52.53333333333333,80.37960236815518,3.179388670200119e-17,105.24922884053075,0
52.55,80.39616560782531,3.120602269429482e-17,105.16037905088368,0
52.56666666666667,80.41271486506177,3.062903838670066e-17,105.07160426687042,0
52.583333333333336,80.42925015166833,3.0062732227446335e-17,104.9829044251724,0
52.6,80.44577147943876,2.950690640250998e-17,104.89427946252448,0
52.61666666666667,80.46227886015693,2.8961366766227304e-17,104.80572931571487,0
52.63333333333333,80.4787723055967,2.842592277318881e-17,104.71725392158521,0
52.65,80.49525182752203,2.790038741140227e-17,104.62885321703038,0
52.666666666666664,80.51171743768693,2.7384577136698457e-17,104.54052713899866,0
52.68333333333333,80.52816914783548,2.6878311808355065e-17,104.45227562449143,0
52.7,80.5446069697019,2.6381414625917698e-17,104.36409861056332,0
52.71666666666667,80.56103091501046,2.5893712067194432e-17,104.27599603432205,0
52.733333333333334,80.57744099547553,2.5415033827403253e-17,104.18796783292852,0
52.75,80.59383722280157,2.494521275945028e-17,104.10001394359658,0
52.766666666666666,80.61021960868322,2.4484084815317564e-17,104.01213430359313,0
52.78333333333333,80.62658816480521,2.4031488988540197e-17,103.92432885023803,0
52.8,80.6429429028424,2.3587267257752936e-17,103.83659752090404,0
52.81666666666667,80.65928383445983,2.315126453128469e-17,103.74894025301678,0
52.833333333333336,80.67561097131265,2.2723328592783326e-17,103.66135698405473,0
52.85,80.69192432504619,2.2303310047851263e-17,103.57384765154914,0
52.86666666666667,80.70822390729595,2.1891062271671545e-17,103.48641219308395,0
52.88333333333333,80.7245097296876,2.1486441357607575e-17,103.39905054629585,0
52.9,80.74078180383702,2.1089306066758242e-17,103.31176264887414,0
52.916666666666664,80.75704014135026,2.0699517778449814e-17,103.22454843856075,0
52.93333333333333,80.77328475382356,2.0316940441647774e-17,103.13740785315012,0
52.95,80.7895156528434,1.9941440527271165e-17,103.05034083048925,0
52.96666666666667,80.80573284998648,1.9572886981393656e-17,102.9633473084776,0
52.983333333333334,80.8219363568197,1.921115117931298e-17,102.876427225067,0
53.0,80.83812618490023,1.8856106880474252e-17,102.78958051826177,0
53.016666666666666,80.85430234577544,1.850763018423076e-17,102.70280712611847,0
53.03333333333333,80.87046485098298,1.8165599486426312e-17,102.61610698674599,0
53.05,80.88661371205076,1.782989543678397e-17,102.52948003830545,0
53.06666666666667,80.90274894049695,1.750040089708691e-17,102.4429262190102,0
53.083333333333336,80.91887054783002,1.7177000900135773e-17,102.35644546712574,0
53.1,80.93497854554867,1.6859582609467873e-17,102.27003772096965,0
53.11666666666667,80.95107294514197,1.6548035279825737e-17,102.18370291891164,0
53.13333333333333,80.96715375808922,1.6242250218358802e-17,102.09744099937336,0
53.15,80.98322099586008,1.5942120746546453e-17,102.01125190082857,0
53.166666666666664,80.9992746699145,1.564754216282789e-17,101.92513556180288,0
53.18333333333333,81.01531479170274,1.535841170592645e-17,101.83909192087381,0
53.2,81.03134137266544,1.507462851885465e-17,101.75312091667074,0
53.21666666666667,81.04735442423353,1.4796093613587974e-17,101.66722248787485,0
53.233333333333334,81.06335395782837,1.4522709836394703e-17,101.5813965732191,0
53.25,81.07933998486156,1.4254381833809696e-17,101.49564311148816,0
53.266666666666666,81.09531251673519,1.399101601924e-17,101.4099620415184,0
53.28333333333333,81.11127156484163,1.373252054019037e-17,101.32435330219775,0
53.3,81.12721714056369,1.34788052460979e-17,101.23881683246583,0
53.31666666666667,81.14314925527455,1.322978165676356e-17,101.15335257131372,0
53.333333333333336,81.15906792033778,1.2985362931369955e-17,101.06796045778407,0
53.35,81.17497314710738,1.2745463838074774e-17,100.98264043097095,0
53.36666666666667,81.19086494692773,1.2510000724168304e-17,100.89739243001986,0
53.38333333333333,81.20674333113368,1.2278891486785445e-17,100.81221639412767,0
53.4,81.22260831105046,1.2052055544161343e-17,100.72711226254258,0
53.416666666666664,81.2384598979938,1.1829413807420793e-17,100.64207997456407,0
53.43333333333333,81.25429810326983,1.1610888652891492e-17,100.55711946954285,0
53.45,81.27012293817513,1.1396403894931083e-17,100.47223068688088,0
53.46666666666667,81.28593441399678,1.1185884759259077e-17,100.3874135660312,0
53.483333333333334,81.30173254201232,1.0979257856783414e-17,100.30266804649803,0
53.5,81.31751733348975,1.0776451157913409e-17,100.21799406783661,0
53.516666666666666,81.33328879968757,1.057739396734917e-17,100.13339156965328,0
53.53333333333333,81.34904695185479,1.0382016899339412e-17,100.04886049160525,0
53.55,81.3647918012309,1.019025185339809e-17,99.96440077340078,0
53.56666666666667,81.38052335904591,1.0002031990472342e-17,99.88001235479896,0
53.583333333333336,81.39624163652037,9.81729170955257e-18,99.79569517560977,0
53.6,81.41194664486532,9.635966624716601e-18,99.71144917569397,0
53.61666666666667,81.42763839528239,9.457993542600103e-18,99.62727429496312,0
53.63333333333333,81.44331689896369,9.283310440285281e-18,99.54317047337949,0
53.65,81.45898216709189,9.111856443599752e-18,99.45913765095601,0
53.666666666666664,81.47463421084029,8.943571805818311e-18,99.37517576775632,0
53.68333333333333,81.49027304137269,8.778397886760236e-18,99.29128476389457,0
53.7,81.50589866984348,8.616277132274106e-18,99.20746457953553,0
53.71666666666667,81.52151110739766,8.45715305410375e-18,99.12371515489446,0
53.733333333333334,81.53711036517076,8.300970210127739e-18,99.04003643023707,0
53.75,81.55269645428899,8.14767418496554e-18,98.95642834587953,0
53.766666666666666,81.5682693858691,7.997211570943769e-18,98.87289084218837,0
53.78333333333333,81.5838291710185,7.84952994941549e-18,98.78942385958047,0
53.8,81.59937582083518,7.704577872426266e-18,98.706027338523,0
53.81666666666667,81.61490934640781,7.562304844720554e-18,98.62270121953343,0
53.833333333333336,81.63042975881568,7.422661306081768e-18,98.53944544317939,0
53.85,81.6459370691287,7.285598614000205e-18,98.4562599500787,0
53.86666666666667,81.66143128840748,7.15106902666272e-18,98.37314468089932,0
53.88333333333333,81.67691242770327,7.01902568625761e-18,98.29009957635928,0
53.9,81.69238049805797,6.889422602589787e-18,98.20712457722668,0
53.916666666666664,81.70783551050421,6.762214636999635e-18,98.1242196243196,0
53.93333333333333,81.72327747606525,6.6373574865803834e-18,98.04138465850606,0
53.95,81.7387064057551,6.514807668688263e-18,97.95861962070408,0
53.96666666666667,81.75412231057841,6.394522505740102e-18,97.87592445188146,0
53.983333333333334,81.7695252015306,6.276460110292959e-18,97.7932990930559,0
54.0,81.78491508959776,6.160579370400461e-18,97.71074348529484,0
54.016666666666666,81.80029198575674,6.04683993524114e-18,97.62825756971553,0
54.03333333333333,81.8156559009751,5.935202201012992e-18,97.54584128748488,0
54.05,81.83100684621117,5.825627297089981e-18,97.46349457981947,0
54.06666666666667,81.84634483241399,5.718077072435324e-18,97.38121738798553,0
54.083333333333336,81.86166987052339,5.612514082266661e-18,97.29900965329885,0
54.1,81.87698197146995,5.508901574968911e-18,97.21687131712478,0
54.11666666666667,81.89228114617502,5.4072034792495414e-18,97.13480232087815,0
54.13333333333333,81.90756740555075,5.307384391532322e-18,97.05280260602326,0
54.15,81.92284076050005,5.209409563584925e-18,96.97087211407381,0
54.166666666666664,81.93810122191664,5.113244890375886e-18,96.8890107865929,0
54.18333333333333,81.95334880068503,5.018856898156909e-18,96.80721856519293,0
54.2,81.9685835076806,4.926212732766226e-18,96.72549539153557,0
54.21666666666667,81.98380535376947,4.835280148148829e-18,96.64384120733183,0
54.233333333333334,81.9990143498086,4.746027495089663e-18,96.56225595434181,0
54.25,82.01421050664585,4.658423710155853e-18,96.4807395743749,0
54.266666666666666,82.02939383511986,4.572438304843888e-18,96.39929200928948,0
54.28333333333333,82.04456434606014,4.488041354928192e-18,96.31791320099313,0
54.3,82.05972205028704,4.405203490007191e-18,96.23660309144239,0
54.31666666666667,82.0748669586118,4.3238958832432406e-18,96.15536162264284,0
54.333333333333336,82.08999908183655,4.244090241292844e-18,96.074188736649,0
54.35,82.10511843075425,4.1657587944236676e-18,95.99308437556435,0
54.36666666666667,82.12022501614877,4.0888742868146914e-18,95.91204848154116,0
54.38333333333333,82.1353188487949,4.0134099670364066e-18,95.83108099678061,0
54.4,82.1503999394583,3.939339578707385e-18,95.75018186353263,0
54.416666666666664,82.16546829889556,3.866637351324241e-18,95.66935102409593,0
54.43333333333333,82.1805239378542,3.795277991261527e-18,95.58858842081794,0
54.45,82.19556686707264,3.7252366729386e-18,95.5078939960947,0
54.46666666666667,82.21059709728026,3.65648903015015e-18,95.42726769237092,0
54.483333333333334,82.22561463919735,3.589011147557678e-18,95.3467094521399,0
54.5,82.24061950353519,3.5227795523384885e-18,95.26621921794354,0
54.516666666666666,82.25561170099598,3.4577712059897155e-18,95.1857969323721,0
54.53333333333333,82.27059124227293,3.3939634962841977e-18,95.10544253806441,0
54.55,82.28555813805018,3.331334229375548e-18,95.02515597770773,0
54.56666666666667,82.30051239900287,3.269861622049546e-18,94.94493719403765,0
54.583333333333336,82.31545403579712,3.209524294119246e-18,94.86478612983817,0
54.6,82.33038305909004,3.150301260961005e-18,94.78470272794148,0
54.61666666666667,82.3452994795298,3.092171926188923e-18,94.70468693122817,0
54.63333333333333,82.3602033077555,3.0351160744651114e-18,94.62473868262691,0
54.65,82.37509455439731,2.9791138644431377e-18,94.54485792511466,0
54.666666666666664,82.3899732300764,2.9241458218424367e-18,94.46504460171649,0
54.68333333333333,82.40483934540498,2.8701928326509835e-18,94.38529865550551,0
54.7,82.41969291098631,2.817236136453992e-18,94.30562002960293,0
54.71666666666667,82.4345339374147,2.7652573198863107e-18,94.22600866717801,0
54.733333333333334,82.44936243527552,2.7142383102061593e-18,94.14646451144793,0
54.75,82.46417841514518,2.6641613689879857e-18,94.06698750567782,0
54.766666666666666,82.47898188759119,2.615009085932185e-18,93.98757759318072,0
54.78333333333333,82.49377286317211,2.566764372789653e-18,93.9082347173175,0
54.8,82.5085513524376,2.519410457398865e-18,93.82895882149688,0
54.81666666666667,82.52331736592843,2.472930877833459e-18,93.74974984917532,0
54.833333333333336,82.53807091417646,2.4273094766583918e-18,93.67060774385705,0
54.85,82.55281200770466,2.3825303952924124e-18,93.59153244909392,0
54.86666666666667,82.5675406570271,2.3385780684751126e-18,93.51252390848552,0
54.88333333333333,82.58225687264898,2.2954372188364864e-18,93.433582065679,0
54.9,82.59696066506667,2.2530928515671135e-18,93.35470686436912,0
54.916666666666664,82.61165204476764,2.2115302491871347e-18,93.27589824829809,0
54.93333333333333,82.62633102223049,2.170734966412185e-18,93.1971561612557,0
54.95,82.64099760792503,2.1306928251143842e-18,93.11848054707919,0
54.96666666666667,82.65565181231217,2.0913899093768307e-18,93.03987134965315,0
54.983333333333334,82.67029364584407,2.052812560639616e-18,92.96132851290959,0
55.0,82.68492311896397,2.0149473729358662e-18,92.88285198082781,0
55.016666666666666,82.69954024210637,1.9777811882160124e-18,92.80444169743446,0
55.03333333333333,82.71414502569691,1.9413010917587264e-18,92.72609760680339,0
55.05,82.72873748015246,1.9054944076668786e-18,92.6478196530557,0
55.06666666666667,82.74331761588108,1.8703486944469425e-18,92.56960778035963,0
55.083333333333336,82.75788544328206,1.835851740670297e-18,92.49146193293058,0
55.1,82.77244097274591,1.80199156071496e-18,92.41338205503102,0
55.11666666666667,82.78698421465435,1.7687563905861436e-18,92.33536809097048,0
55.13333333333333,82.80151517938036,1.7361346838143204e-18,92.2574199851055,0
55.15,82.81603387728813,1.7041151074292184e-18,92.17953768183962,0
55.166666666666664,82.83054031873311,1.6726865380084644e-18,92.10172112562327,0
55.18333333333333,82.84503451406205,1.6418380577993687e-18,92.0239702609538,0
55.2,82.85951647361293,1.6115589509126159e-18,91.94628503237543,0
55.21666666666667,82.87398620771498,1.5818386995864072e-18,91.86866538447914,0
55.233333333333334,82.88844372668878,1.552666980519871e-18,91.79111126190274,0
55.25,82.90288904084609,1.5240336612743448e-18,91.71362260933077,0
55.266666666666666,82.9173221604901,1.4959287967413634e-18,91.63619937149443,0
55.28333333333333,82.93174309591518,1.4683426256760233e-18,91.55884149317163,0
55.3,82.9461518574071,1.4412655672946243e-18,91.48154891918684,0
55.31666666666667,82.96054845524289,1.4146882179352519e-18,91.40432159441114,0
55.333333333333336,82.97493289969091,1.388601347780318e-18,91.32715946376216,0
55.35,82.98930520101088,1.362995897639707e-18,91.25006247220401,0
55.36666666666667,83.00366536945383,1.3378629757935722e-18,91.17303056474725,0
55.38333333333333,83.01801341526217,1.3131938548935672e-18,91.0960636864489,0
55.4,83.03234934866963,1.2889799689215167e-18,91.01916178241231,0
55.416666666666664,83.0466731799013,1.2652129102043592e-18,90.94232479778725,0
55.43333333333333,83.06098491917369,1.2418844264844244e-18,90.86555267776968,0
55.45,83.07528457669461,1.2189864180439408e-18,90.78884536760195,0
55.46666666666667,83.0895721626633,1.1965109348827994e-18,90.71220281257256,0
55.483333333333334,83.10384768727039,1.1744501739485993e-18,90.6356249580162,0
55.5,83.11811116069788,1.1527964764179767e-18,90.55911174931369,0
55.516666666666666,83.13236259311921,1.1315423250282846e-18,90.48266313189204,0
55.53333333333333,83.1466019946992,1.110680341458689e-18,90.40627905122426,0
55.55,83.16082937559412,1.0902032837597502e-18,90.32995945282943,0
55.56666666666667,83.17504474595162,1.0701040438306204e-18,90.25370428227255,0
55.583333333333336,83.18924811591084,1.0503756449429421e-18,90.17751348516467,0
55.6,83.20343949560232,1.0310112393105997e-18,90.1013870071627,0
55.61666666666667,83.21761889514806,1.012004105704482e-18,90.02532479396942,0
55.63333333333333,83.23178632466153,9.93347647111398e-19,89.94932679133346,0
55.65,83.24594179424761,9.750353884363357e-19,89.87339294504929,0
55.666666666666664,83.26008531400272,9.570609742472807e-19,89.79752320095703,0
55.68333333333333,83.27421689401473,9.394181665617966e-19,89.72171750494265,0
55.7,83.28833654436296,9.221008426745397e-19,89.6459758029377,0
55.71666666666667,83.30244427511828,9.051029930250573e-19,89.57029804091945,0
55.733333333333334,83.316540096343,8.884187191050235e-19,89.49468416491072,0
55.75,83.33062401809099,8.720422314042353e-19,89.41913412097993,0
55.766666666666666,83.34469605040759,8.559678473946185e-19,89.34364785524102,0
55.78333333333333,83.35875620332968,8.401899895515834e-19,89.26822531385339,0
55.8,83.37280448688567,8.247031834119843e-19,89.19286644302193,0
55.81666666666667,83.38684091109548,8.095020556680494e-19,89.11757118899693,0
55.833333333333336,83.4008654859706,7.945813322965836e-19,89.04233949807406,0
55.85,83.41487822151407,7.799358367228124e-19,88.9671713165943,0
55.86666666666667,83.42887912772045,7.655604880182118e-19,88.89206659094398,0
55.88333333333333,83.4428682145759,7.514502991316914e-19,88.81702526755465,0
55.9,83.45684549205814,7.37600375153529e-19,88.74204729290311,0
55.916666666666664,83.47081097013644,7.240059116114359e-19,88.66713261351128,0
55.93333333333333,83.48476465877168,7.106621927981768e-19,88.59228117594628,0
55.95,83.49870656791634,6.975645901301113e-19,88.51749292682035,0
55.96666666666667,83.51263670751449,6.847085605361475e-19,88.44276781279076,0
55.983333333333334,83.5265550875018,6.720896448765029e-19,88.36810578055984,0
56.0,83.54046171780553,6.597034663907452e-19,88.29350677687488,0
56.016666666666666,83.5543566083446,6.475457291745201e-19,88.21897074852816,0
56.03333333333333,83.56823976902955,6.356122166845269e-19,88.14449764235685,0
56.05,83.58211120976253,6.238987902711094e-19,88.07008740524303,0
56.06666666666667,83.59597094043734,6.124013877380433e-19,87.99573998411358,0
56.083333333333336,83.60981897093946,6.011160219289578e-19,87.92145532594023,0
56.1,83.62365531114597,5.900387793399268e-19,87.84723337773944,0
56.11666666666667,83.63747997092563,5.791658187577249e-19,87.77307408657242,0
56.13333333333333,83.65129296013892,5.684933699232971e-19,87.69897739954504,0
56.15,83.66509428863792,5.580177322199496e-19,87.62494326380786,0
56.166666666666664,83.67888396626643,5.477352733858277e-19,87.55097162655603,0
56.18333333333333,83.69266200285993,5.376424282502083e-19,87.47706243502928,0
56.2,83.70642840824563,5.277356974931816e-19,87.4032156365119,0
56.21666666666667,83.72018319224239,5.180116464282855e-19,87.32943117833264,0
56.233333333333334,83.73392636466083,5.084669038076646e-19,87.25570900786477,0
56.25,83.74765793530325,4.990981606493335e-19,87.18204907252593,0
56.266666666666666,83.76137791396371,4.899021690861445e-19,87.1084513197782,0
56.28333333333333,83.77508631042797,4.808757412360527e-19,87.03491569712797,0
56.3,83.78878313447353,4.720157480932803e-19,86.96144215212597,0
56.31666666666667,83.8024683958697,4.6331911844000015e-19,86.88803063236718,0
56.333333333333336,83.81614210437742,4.547828377781556e-19,86.81468108549088,0
56.35,83.82980426974952,4.464039472810392e-19,86.74139345918044,0
56.36666666666667,83.84345490173052,4.381795427642673e-19,86.66816770116354,0
56.38333333333333,83.85709401005673,4.3010677367580685e-19,86.59500375921186,0
56.4,83.87072160445624,4.221828421046592e-19,86.52190158114126,0
56.416666666666664,83.88433769464892,4.1440500180791734e-19,86.44886111481159,0
56.43333333333333,83.89794229034648,4.0677055725579493e-19,86.37588230812676,0
56.45,83.91153540125237,3.9927686269433436e-19,86.30296510903464,0
56.46666666666667,83.92511703706188,3.919213212254498e-19,86.23010946552702,0
56.483333333333334,83.9386872074621,3.8470138390399665e-19,86.15731532563964,0
56.5,83.95224592213198,3.776145488515271e-19,86.08458263745206,0
56.516666666666666,83.96579319074225,3.706583603864575e-19,86.01191134908773,0
56.53333333333333,83.97932902295551,3.638304081703167e-19,85.93930140871382,0
56.55,83.9928534284262,3.571283263697836e-19,85.86675276454132,0
56.56666666666667,84.00636641680059,3.505497928342299e-19,85.79426536482492,0
56.583333333333336,84.01986799771682,3.4409252828848024e-19,85.72183915786297,0
56.6,84.03335818080487,3.3775429554048707e-19,85.64947409199748,0
56.61666666666667,84.04683697568665,3.315328987036794e-19,85.57717011561408,0
56.63333333333333,84.06030439197588,3.254261824336848e-19,85.50492717714195,0
56.65,84.0737604392782,3.194320311791667e-19,85.43274522505384,0
56.666666666666664,84.08720512719115,3.135483684465224e-19,85.36062420786595,0
56.68333333333333,84.10063846530414,3.077731560781816e-19,85.28856407413801,0
56.7,84.11406046319851,3.021043935442441e-19,85.2165647724731,0
56.71666666666667,84.12747113044747,2.9654011724722917e-19,85.14462625151772,0
56.733333333333334,84.14087047661623,2.9107839983967274e-19,85.07274845996176,0
56.75,84.15425851126182,2.8571734955435125e-19,85.00093134653834,0
56.766666666666666,84.16763524393328,2.8045510954689e-19,84.92917486002395,0
56.78333333333333,84.18100068417156,2.752898572505243e-19,84.85747894923826,0
56.8,84.19435484150955,2.7021980374280205e-19,84.78584356304417,0
56.81666666666667,84.20769772547213,2.652431931239847e-19,84.71426865034775,0
56.833333333333336,84.22102934557607,2.60358301906956e-19,84.64275416009818,0
56.85,84.23434971133018,2.5556343841840064e-19,84.5713000412878,0
56.86666666666667,84.24765883223519,2.5085694221106575e-19,84.4999062429519,0
56.88333333333333,84.26095671778384,2.462371834868814e-19,84.4285727141689,0
56.9,84.27424337746085,2.4170256253075516e-19,84.35729940406016,0
56.916666666666664,84.28751882074292,2.3725150915482924e-19,84.28608626178999,0
56.93333333333333,84.30078305709877,2.3288248215302004e-19,84.21493323656561,0
56.95,84.31403609598911,2.2859396876563753e-19,84.14384027763717,0
56.96666666666667,84.32727794686666,2.243844841539062e-19,84.07280733429758,0
56.983333333333334,84.34050861917618,2.202525708841994e-19,84.0018343558826,0
57.0,84.35372812235444,2.1619679842181603e-19,83.93092129177077,0
57.016666666666666,84.36693646583025,2.1221576263410263e-19,83.86006809138334,0
57.03333333333333,84.38013365902447,2.0830808530277894e-19,83.7892747041843,0
57.05,84.39331971134999,2.0447241364526552e-19,83.71854107968022,0
57.06666666666667,84.40649463221176,2.00707419844867e-19,83.6478671674204,0
57.083333333333336,84.41965843100678,1.970118005896405e-19,83.57725291699666,0
57.1,84.43281111712416,1.9338427661978986e-19,83.50669827804336,0
57.11666666666667,84.44595269994502,1.8982359228342032e-19,83.43620320023744,0
57.13333333333333,84.45908318884263,1.8632851510051416e-19,83.36576763329826,0
57.15,84.47220259318227,1.828978353349633e-19,83.2953915269877,0
57.166666666666664,84.48531092232137,1.79530365574509e-19,83.22507483110998,0
57.18333333333333,84.49840818560946,1.7622494031845343e-19,83.15481749551172,0
57.2,84.51149439238816,1.7298041557298447e-19,83.0846194700819,0
57.21666666666667,84.52456955199116,1.6979566845399e-19,83.01448070475176,0
57.233333333333334,84.53763367374438,1.6666959679720466e-19,82.94440114949484,0
57.25,84.55068676696577,1.6360111877556917e-19,82.87438075432689,0
57.266666666666666,84.56372884096545,1.6058917252365699e-19,82.80441946930588,0
57.28333333333333,84.57675990504569,1.5763271576904763e-19,82.73451724453193,0
57.3,84.58977996850088,1.547307254705109e-19,82.66467403014725,0
57.31666666666667,84.6027890406176,1.5188219746287633e-19,82.59488977633622,0
57.333333333333336,84.61578713067453,1.4908614610847013e-19,82.5251644333252,0
57.35,84.62877424794262,1.4634160395499306e-19,82.45549795138261,0
57.36666666666667,84.64175040168487,1.4364762139971693e-19,82.3858902808188,0
57.38333333333333,84.65471560115655,1.4100326635989541e-19,82.31634137198614,0
57.4,84.66766985560508,1.3840762394925914e-19,82.24685117527886,0
57.416666666666664,84.6806131742701,1.358597961604908e-19,82.17741964113308,0
57.43333333333333,84.6935455663834,1.3335890155357092e-19,82.10804672002676,0
57.45,84.70646704116903,1.309040749498797e-19,82.03873236247969,0
57.46666666666667,84.71937760784323,1.2849446713195308e-19,81.96947651905339,0
57.483333333333334,84.73227727561445,1.2612924454878851e-19,81.90027914035113,0
57.5,84.74516605368339,1.2380758902659284e-19,81.83114017701787,0
57.516666666666666,84.75804395124295,1.2152869748487936e-19,81.7620595797403,0
57.53333333333333,84.77091097747831,1.192917816578084e-19,81.69303729924664,0
57.55,84.78376714156687,1.1709606782067684e-19,81.62407328630677,0
57.56666666666667,84.79661245267827,1.149407965214639e-19,81.5551674917321,0
57.583333333333336,84.80944691997446,1.1282522231733215e-19,81.48631986637561,0
57.6,84.82227055260961,1.10748613516005e-19,81.41753036113171,0
57.61666666666667,84.83508335973018,1.0871025192191563e-19,81.3487989269363,0
57.63333333333333,84.84788535047488,1.0670943258705017e-19,81.28012551476665,0
57.65,84.86067653397475,1.0474546356639205e-19,81.21151007564153,0
57.666666666666664,84.87345691935309,1.0281766567788718e-19,81.1429525606209,0
57.68333333333333,84.88622651572553,1.0092537226684111e-19,81.07445292080617,0
57.7,84.89898533219996,9.906792897467227e-20,81.00601110733997,0
57.71666666666667,84.91173337787662,9.724469351193453e-20,80.93762707140617,0
57.733333333333334,84.92447066184805,9.54550354355344e-20,80.86930076422985,0
57.75,84.93719719319911,9.369833593006379e-20,80.80103213707729,0
57.766666666666666,84.949912981007,9.197398759317352e-20,80.73282114125591,0
57.78333333333333,84.96261803434126,9.028139422490998e-20,80.66466772811418,0
57.8,84.97531236226376,8.861997062094393e-20,80.59657184904174,0
57.81666666666667,84.98799597382873,8.698914236962042e-20,80.52853345546914,0
57.833333333333336,85.00066887808278,8.538834565275633e-20,80.46055249886805,0
57.85,85.01333108406482,8.381702705011755e-20,80.39262893075104,0
57.86666666666667,85.02598260080619,8.227464334750937e-20,80.32476270267163,0
57.88333333333333,85.03862343733057,8.076066134841046e-20,80.25695376622426,0
57.9,85.05125360265404,7.927455768908636e-20,80.18920207304416,0
57.916666666666664,85.06387310578509,7.781581865711898e-20,80.12150757480748,0
57.93333333333333,85.07648195572453,7.638394001328753e-20,80.05387022323112,0
57.95,85.08908016146567,7.49784268167388e-20,79.98628997007272,0
57.96666666666667,85.10166773199416,7.359879325338743e-20,79.91876676713069,0
57.983333333333334,85.11424467628807,7.224456246748594e-20,79.8513005662441,0
58.0,85.12681100331793,7.091526639630437e-20,79.78389131929269,0
58.016666666666666,85.13936672204666,6.961044560786457e-20,79.71653897819684,0
58.03333333333333,85.15191184142962,6.832964914167035e-20,79.64924349491744,0
58.05,85.16444637041462,6.707243435237995e-20,79.58200482145605,0
58.06666666666667,85.17697031794191,6.583836675636572e-20,79.51482290985464,0
58.083333333333336,85.18948369294421,6.462701988110709e-20,79.44769771219576,0
58.1,85.20198650434666,6.34379751173645e-20,79.38062918060234,0
58.11666666666667,85.21447876106691,6.227082157408492e-20,79.31361726723777,0
58.13333333333333,85.22696047201505,6.112515593598496e-20,79.24666192430581,0
58.15,85.23943164609366,6.000058232376606e-20,79.17976310405055,0
58.166666666666664,85.25189229219782,5.889671215690893e-20,79.1129207587564,0
58.18333333333333,85.26434241921505,5.781316401900311e-20,79.0461348407481,0
58.2,85.27678203602544,5.674956352556345e-20,78.97940530239057,0
58.21666666666667,85.28921115150152,5.570554319428587e-20,78.91273209608897,0
58.233333333333334,85.30162977450838,5.468074231770167e-20,78.84611517428866,0
58.25,85.31403791390358,5.367480683818013e-20,78.77955448947509,0
58.266666666666666,85.32643557853723,5.268738922524179e-20,78.71304999417387,0
58.28333333333333,85.33882277725196,5.171814835513591e-20,78.6466016409507,0
58.3,85.35119951888295,5.076674939264114e-20,78.58020938241127,0
58.31666666666667,85.3635658122579,4.9832863675050066e-20,78.51387317120131,0
58.333333333333336,85.37592166619707,4.891616859829388e-20,78.44759296000652,0
58.35,85.38826708951329,4.8016347505171254e-20,78.38136870155255,0
58.36666666666667,85.40060209101192,4.713308957564018e-20,78.31520034860493,0
58.38333333333333,85.41292667949088,4.626608971913492e-20,78.24908785396913,0
58.4,85.4252408637407,4.5415048468872556e-20,78.18303117049038,0
58.416666666666664,85.43754465254447,4.4579671878108426e-20,78.11703025105378,0
58.43333333333333,85.44983805467788,4.375967141830982e-20,78.05108504858416,0
58.45,85.46212107890919,4.295476387920718e-20,77.9851955160461,0
58.46666666666667,85.47439373399925,4.216467127069168e-20,77.91936160644391,0
58.483333333333334,85.48665602870153,4.138912072652332e-20,77.85358327282157,0
58.5,85.49890797176212,4.062784440981767e-20,77.78786046826266,0
58.516666666666666,85.51114957191974,3.988057942027601e-20,77.72219314589042,0
58.53333333333333,85.52338083790569,3.914706770312883e-20,77.6565812588676,0
58.55,85.5356017784439,3.8427055959760295e-20,77.59102476039658,0
58.56666666666667,85.547812402251,3.772029555998212e-20,77.52552360371914,0
58.583333333333336,85.56001271803618,3.702654245592711e-20,77.46007774211662,0
58.6,85.57220273450132,3.6345557097531954e-20,77.39468712890974,0
58.61666666666667,85.58438246034096,3.5677104349580614e-20,77.32935171745865,0
58.63333333333333,85.59655190424229,3.502095341027837e-20,77.26407146116289,0
58.65,85.60871107488515,3.4376877731328536e-20,77.19884631346132,0
58.666666666666664,85.62085998094207,3.3744654939486023e-20,77.13367622783207,0
58.68333333333333,85.63299863107828,3.3124066759556735e-20,77.06856115779262,0
58.7,85.64512703395164,3.2514898938819834e-20,77.00350105689964,0
58.71666666666667,85.65724519821275,3.191694117284377e-20,76.93849587874901,0
58.733333333333334,85.66935313250488,3.1329987032672694e-20,76.87354557697581,0
58.75,85.68145084546403,3.0753833893355606e-20,76.80865010525423,0
58.766666666666666,85.69353834571886,3.018828286379518e-20,76.74380941729756,0
58.78333333333333,85.70561564189083,2.9633138717891357e-20,76.6790234668582,0
58.8,85.71768274259404,2.908820982695558e-20,76.6142922077276,0
58.81666666666667,85.72973965643534,2.855330809337211e-20,76.54961559373615,0
58.833333333333336,85.74178639201433,2.802824888548404e-20,76.48499357875326,0
58.85,85.75382295792336,2.751285097368079e-20,76.42042611668732,0
58.86666666666667,85.76584936274749,2.700693646766498e-20,76.35591316148559,0
58.88333333333333,85.77786561506457,2.6510330754877368e-20,76.29145466713416,0
58.9,85.78987172344517,2.6022862440057133e-20,76.22705058765806,0
58.916666666666664,85.80186769645266,2.554436328591913e-20,76.16270087712105,0
58.93333333333333,85.81385354264317,2.5074668154924148e-20,76.09840548962573,0
58.95,85.8258292705656,2.4613614952124567e-20,76.03416437931341,0
58.96666666666667,85.83779488876164,2.416104456906481e-20,75.96997750036412,0
58.983333333333334,85.84975040576576,2.37168008287163e-20,75.90584480699657,0
59.0,85.86169583010522,2.328073043142925e-20,75.84176625346812,0
59.016666666666666,85.87363117030011,2.2852682901881147e-20,75.77774179407476,0
59.03333333333333,85.88555643486332,2.243251053700427e-20,75.71377138315104,0
59.05,85.89747163230052,2.2020068354874367e-20,75.64985497507006,0
59.06666666666667,85.90937677111025,2.1615214044541946e-20,75.58599252424345,0
59.083333333333336,85.92127185978381,2.1217807916789355e-20,75.52218398512132,0
59.1,85.93315690680542,2.0827712855796605e-20,75.45842931219224,0
59.11666666666667,85.94503192065206,2.0444794271698646e-20,75.39472845998318,0
59.13333333333333,85.9568969097936,2.006892005401832e-20,75.33108138305954,0
59.15,85.9687518826927,1.9699960525958237e-20,75.26748803602501,0
59.166666666666664,85.98059684780497,1.93377883995358e-20,75.20394837352165,0
59.18333333333333,85.9924318135788,1.8982278731546324e-20,75.14046235022983,0
59.2,86.0042567884555,1.8633308880338133e-20,75.07702992086811,0
59.21666666666667,86.01607178086923,1.8290758463385765e-20,75.01365104019332,0
59.233333333333334,86.02787679924703,1.795450931564516e-20,74.9503256630005,0
59.25,86.0396718520088,1.7624445448677362e-20,74.8870537441228,0
59.266666666666666,86.05145694756739,1.730045301052644e-20,74.82383523843156,0
59.28333333333333,86.06323209432851,1.6982420246337533e-20,74.76067010083615,0
59.3,86.0749973006908,1.6670237459701217e-20,74.69755828628405,0
59.31666666666667,86.08675257504576,1.6363796974711057e-20,74.63449974976079,0
59.333333333333336,86.09849792577786,1.606299309872102e-20,74.57149444628983,0
59.35,86.11023336126449,1.5767722085789953e-20,74.50854233093267,0
59.36666666666667,86.12195888987591,1.5477882100800262e-20,74.44564335878871,0
59.38333333333333,86.13367451997536,1.5193373184238516e-20,74.38279748499525,0
59.4,86.14538025991902,1.4914097217625767e-20,74.3200046647275,0
59.416666666666664,86.15707611805603,1.4639957889585292e-20,74.25726485319848,0
59.43333333333333,86.16876210272842,1.4370860662536395e-20,74.19457800565898,0
59.45,86.18043822227123,1.4106712740002676e-20,74.13194407739768,0
59.46666666666667,86.19210448501248,1.384742303452265e-20,74.06936302374086,0
59.483333333333334,86.2037608992731,1.3592902136153083e-20,74.00683480005266,0
59.5,86.21540747336705,1.3343062281552596e-20,73.94435936173478,0
59.516666666666666,86.22704421560123,1.3097817323635825e-20,73.88193666422664,0
59.53333333333333,86.23867113427553,1.2857082701787095e-20,73.81956666300523,0
59.55,86.2502882376829,1.2620775412623384e-20,73.75724931358518,0
59.56666666666667,86.26189553410917,1.2388813981296758e-20,73.69498457151863,0
59.583333333333336,86.27349303183331,1.216111843332588e-20,73.63277239239525,0
59.6,86.2850807391272,1.1937610266946909e-20,73.57061273184222,0
59.61666666666667,86.29665866425576,1.1718212425974628e-20,73.50850554552416,0
59.63333333333333,86.30822681547698,1.150284927316359e-20,73.44645078914313,0
59.65,86.31978520104182,1.1291446564061098e-20,73.38444841843855,0
59.666666666666664,86.3313338291943,1.1083931421341706e-20,73.32249838918727,0
59.68333333333333,86.3428727081715,1.0880232309615643e-20,73.26060065720344,0
59.7,86.35440184620347,1.0680279010701403e-20,73.19875517833847,0
59.71666666666667,86.36592125151343,1.0484002599354215e-20,73.1369619084811,0
59.733333333333334,86.37743093231757,1.0291335419442736e-20,73.07522080355727,0
59.75,86.38893089682514,1.0102211060564115e-20,73.01353181953014,0
59.766666666666666,86.40042115323854,9.916564335090902e-21,72.95189491240008,0
59.78333333333333,86.41190170975315,9.73433125564113e-21,72.89031003820452,0
59.8,86.42337257455752,9.555449012963514e-21,72.82877715301808,0
59.81666666666667,86.43483375583322,9.379855954230787e-21,72.76729621295244,0
59.833333333333336,86.44628526175492,9.20749156173302e-21,72.70586717415632,0
59.85,86.45772710049043,9.038296431963824e-21,72.64448999281545,0
59.86666666666667,86.46915928020064,8.872212255092349e-21,72.58316462515256,0
59.88333333333333,86.48058180903955,8.709181794813507e-21,72.52189102742734,0
59.9,86.49199469515426,8.549148868569894e-21,72.46066915593642,0
59.916666666666664,86.50339794668501,8.392058328138352e-21,72.39949896701326,0
59.93333333333333,86.51479157176522,8.23785604057423e-21,72.33838041702825,0
59.95,86.52617557852132,8.086488869507292e-21,72.27731346238858,0
59.96666666666667,86.537549975073,7.937904656782213e-21,72.21629805953827,0
59.983333333333334,86.54891476953304,7.792052204437703e-21,72.15533416495809,0
60.0,86.56026997000735,7.648881257017711e-21,72.09442173516551,0
60.016666666666666,86.57161558459507,7.50834248420887e-21,72.03356072671477,0
60.03333333333333,86.58295162138843,7.370387463797948e-21,71.97275109619675,0
60.05,86.59427808847288,7.234968664943517e-21,71.91199280023899,0
60.06666666666667,86.60559499392697,7.102039431755897e-21,71.85128579550563,0
60.083333333333336,86.61690234582255,6.971553967180043e-21,71.79063003869743,0
60.1,86.62820015222455,6.84346731717517e-21,71.73002548655164,0
60.11666666666667,86.63948842119115,6.717735355186339e-21,71.66947209584208,0
60.13333333333333,86.65076716077368,6.594314766902121e-21,71.60896982337907,0
60.15,86.66203637901673,6.473163035293306e-21,71.54851862600934,0
60.166666666666664,86.67329608395805,6.3542384259272905e-21,71.48811846061608,0
60.18333333333333,86.68454628362862,6.23749997255321e-21,71.42776928411887,0
60.2,86.69578698605265,6.1229074629528765e-21,71.36747105347368,0
60.21666666666667,86.70701819924759,6.0104214250523755e-21,71.30722372567281,0
60.233333333333334,86.71823993122408,5.900003113289721e-21,71.24702725774483,0
60.25,86.729452189986,5.791614495233744e-21,71.18688160675462,0
60.266666666666666,86.74065498353055,5.685218238449609e-21,71.12678672980333,0
60.28333333333333,86.75184831984807,5.580777697606545e-21,71.06674258402825,0
60.3,86.76303220692223,5.478256901822956e-21,71.0067491266029,0
60.31666666666667,86.77420665272993,5.377620542245024e-21,70.94680631473697,0
60.333333333333336,86.78537166524134,5.278833959854052e-21,70.88691410567625,0
60.35,86.79652725241992,5.181863133498576e-21,70.82707245670262,0
60.36666666666667,86.80767342222236,5.0866746681471506e-21,70.76728132513405,0
60.38333333333333,86.81881018259871,4.993235783357447e-21,70.70754066832447,0
60.4,86.82993754149224,4.901514301957986e-21,70.6478504436639,0
60.416666666666664,86.84105550683952,4.811478638938423e-21,70.58821060857827,0
60.43333333333333,86.85216408657047,4.723097790544586e-21,70.5286211205295,0
60.45,86.86326328860825,4.6363413235744746e-21,70.46908193701536,0
60.46666666666667,86.87435312086942,4.551179364871445e-21,70.40959301556954,0
60.483333333333334,86.88543359126375,4.467582591011134e-21,70.35015431376158,0
60.5,86.89650470769439,4.385522218178368e-21,70.29076578919683,0
60.516666666666666,86.90756647805783,4.304969992230565e-21,70.23142739951642,0
60.53333333333333,86.91861891024388,4.225898178944415e-21,70.17213910239725,0
60.55,86.92966201213567,4.148279554442047e-21,70.11290085555194,0
60.56666666666667,86.94069579160971,4.0720873957938006e-21,70.05371261672883,0
60.583333333333336,86.95172025653584,3.9972954717940524e-21,69.99457434371189,0
60.6,86.96273541477723,3.923878033907088e-21,69.93548599432076,0
60.61666666666667,86.97374127419047,3.8518098073797335e-21,69.87644752641069,0
60.63333333333333,86.98473784262548,3.7810659825177744e-21,69.81745889787247,0
60.65,86.99572512792555,3.71162220612314e-21,69.7585200666325,0
60.666666666666664,87.0067031379274,3.643454573088768e-21,69.69963099065264,0
60.68333333333333,87.01767188046105,3.576539618148479e-21,69.64079162793027,0
60.7,87.02863136334999,3.510854307778715e-21,69.5820019364982,0
60.71666666666667,87.03958159441103,3.446376032249604e-21,69.5232618744247,0
60.733333333333334,87.05052258145447,3.3830825978223452e-21,69.46457139981342,0
60.75,87.06145433228393,3.3209522190904717e-21,69.40593047080338,0
60.766666666666666,87.0723768546965,3.2599635114621524e-21,69.34733904556896,0
60.78333333333333,87.08329015648266,3.2000954837810347e-21,69.28879708231982,0
60.8,87.09419424542634,3.141327531082959e-21,69.23030453930089,0
60.81666666666667,87.10508912930484,3.0836394274862534e-21,69.1718613747924,0
60.833333333333336,87.11597481588898,3.027011319212855e-21,69.11346754710974,0
60.85,87.12685131294296,2.9714237177380885e-21,69.0551230146035,0
60.86666666666667,87.13771862822442,2.9168574930666294e-21,68.9968277356595,0
60.88333333333333,87.14857676948449,2.863293867132332e-21,68.93858166869857,0
60.9,87.15942574446775,2.810714407319617e-21,68.88038477217678,0
60.916666666666664,87.17026556091221,2.7591010201042736e-21,68.82223700458515,0
60.93333333333333,87.18109622654937,2.708435944811322e-21,68.76413832444979,0
60.95,87.19191774910422,2.658701747487944e-21,68.70608869033182,0
60.96666666666667,87.20273013629519,2.6098813148891746e-21,68.64808806082736,0
60.983333333333334,87.21353339583422,2.561957848574506e-21,68.59013639456745,0
61.0,87.22432753542675,2.5149148591131504e-21,68.5322336502181,0
61.016666666666666,87.23511256277168,2.468736160396031e-21,68.47437978648013,0
61.03333333333333,87.24588848556144,2.4234058640526212e-21,68.4165747620893,0
61.05,87.25665531148194,2.3789083739705464e-21,68.35881853581618,0
61.06666666666667,87.26741304821265,2.335228380916156e-21,68.30111106646613,0
61.083333333333336,87.27816170342649,2.292350857254224e-21,68.24345231287933,0
61.1,87.28890128478996,2.250261051764823e-21,68.18584223393066,0
61.11666666666667,87.29963179996305,2.208944484555722e-21,68.12828078852974,0
61.13333333333333,87.31035325659931,2.1683869420684773e-21,68.07076793562086,0
61.15,87.32106566234583,2.1285744721765092e-21,68.01330363418299,0
61.166666666666664,87.33176902484321,2.089493379373389e-21,67.95588784322973,0
61.18333333333333,87.34246335172564,2.051130220049901e-21,67.89852052180925,0
61.2,87.35314865062084,2.0134717978579085e-21,67.84120162900435,0
61.21666666666667,87.3638249291501,1.9765051591597382e-21,67.78393112393228,0
61.233333333333334,87.37449219492827,1.9402175885612945e-21,67.72670896574488,0
61.25,87.38515045556377,1.9045966045274674e-21,67.66953511362847,0
61.266666666666666,87.39579971865862,1.869629955078322e-21,67.61240952680377,0
61.28333333333333,87.40643999180841,1.8353056135644585e-21,67.55533216452599,0
61.3,87.41707128260231,1.801611774520254e-21,67.49830298608468,0
61.31666666666667,87.42769359862307,1.768536849593452e-21,67.4413219508038,0
61.333333333333336,87.43830694744707,1.7360694635496595e-21,67.38438901804162,0
61.35,87.44891133664429,1.704198450350491e-21,67.32750414719071,0
61.36666666666667,87.45950677377829,1.6729128493039011e-21,67.27066729767797,0
61.38333333333333,87.47009326640627,1.6422019012853842e-21,67.21387842896452,0
61.4,87.48067082207905,1.6120550450288078e-21,67.15713750054567,0
61.416666666666664,87.49123944834108,1.5824619134855009e-21,67.10044447195102,0
61.43333333333333,87.5017991527304,1.5534123302504035e-21,67.0437993027442,0
61.45,87.51234994277876,1.524896306054042e-21,66.98720195252308,0
61.46666666666667,87.52289182601149,1.4969040353190718e-21,66.93065238091961,0
61.483333333333334,87.53342480994758,1.4694258927802318e-21,66.8741505475998,0
61.5,87.54394890209969,1.4424524301665422e-21,66.8176964122637,0
61.516666666666666,87.55446410997412,1.4159743729445805e-21,66.76128993464546,0
61.53333333333333,87.56497044107087,1.389982617121734e-21,66.70493107451311,0
61.55,87.57546790288353,1.3644682261083086e-21,66.64861979166872,0
61.56666666666667,87.58595650289946,1.3394224276373998e-21,66.59235604594825,0
61.583333333333336,87.59643624859964,1.3148366107414877e-21,66.53613979722162,0
61.6,87.60690714745874,1.2907023227846984e-21,66.47997100539256,0
61.61666666666667,87.61736920694511,1.2670112665496843e-21,66.4238496303987,0
61.63333333333333,87.62782243452085,1.2437552973781644e-21,66.36777563221149,0
61.65,87.63826683764171,1.2209264203640924e-21,66.31174897083612,0
61.666666666666664,87.64870242375716,1.1985167875985056e-21,66.2557696063116,0
61.68333333333333,87.65912920031039,1.1765186954650927e-21,66.19983749871065,0
61.7,87.66954717473827,1.1549245819855621e-21,66.14395260813968,0
61.71666666666667,87.67995635447143,1.1337270242138516e-21,66.08811489473881,0
61.733333333333334,87.69035674693423,1.112918735678356e-21,66.0323243186818,0
61.75,87.70074835954475,1.0924925638711928e-21,65.97658084017601,0
61.766666666666666,87.7111311997148,1.072441487783724e-21,65.92088441946244,0
61.78333333333333,87.72150527484993,1.0527586154874227e-21,65.86523501681557,0
61.8,87.73187059234945,1.0334371817592939e-21,65.8096325925435,0
61.81666666666667,87.74222715960644,1.0144705457509768e-21,65.7540771069878,0
61.833333333333336,87.75257498400772,9.958521887007895e-22,65.69856852052351,0
61.85,87.76291407293387,9.775757116878678e-22,65.64310679355914,0
61.86666666666667,87.77324443375922,9.596348334276468e-22,65.58769188653665,0
61.88333333333333,87.78356607385193,9.420233881079294e-22,65.5323237599313,0
61.9,87.79387900057391,9.247353232647779e-22,65.47700237425182,0
61.916666666666664,87.80418322128084,9.077646976975107e-22,65.42172769004024,0
61.93333333333333,87.8144787433222,8.911056794220776e-22,65.36649966787186,0
61.95,87.82476557404127,8.747525436621024e-22,65.31131826835535,0
61.96666666666667,87.83504372077515,8.586996708768854e-22,65.2561834521325,0
61.983333333333334,87.84531319085471,8.429415448257566e-22,65.2010951798785,0
62.0,87.85557399160467,8.274727506679826e-22,65.14605341230155,0
62.016666666666666,87.86582613034352,8.122879730977004e-22,65.09105811014318,0
62.03333333333333,87.87606961438361,7.973819945131583e-22,65.03610923417796,0
62.05,87.88630445103111,7.8274969321965395e-22,64.98120674521364,0
62.06666666666667,87.89653064758602,7.68386041665538e-22,64.926350604091,0
62.083333333333336,87.90674821134215,7.542861047107071e-22,64.87154077168388,0
62.1,87.91695714958719,7.404450379269306e-22,64.81677720889923,0
62.11666666666667,87.92715746960268,7.268580859294969e-22,64.76205987667689,0
62.13333333333333,87.93734917866398,7.13520580739523e-22,64.70738873598975,0
62.15,87.94753228404032,7.004279401764339e-22,64.6527637478436,0
62.166666666666664,87.95770679299481,6.875756662800168e-22,64.59818487327719,0
62.18333333333333,87.96787271278443,6.749593437615078e-22,64.54365207336214,0
62.2,87.97803005066,6.62574638483191e-22,64.48916530920295,0
62.21666666666667,87.98817881386626,6.504172959659764e-22,64.4347245419369,0
62.233333333333334,87.99831900964179,6.384831399244339e-22,64.38032973273414,0
62.25,88.0084506452191,6.267680708288e-22,64.32598084279756,0
62.266666666666666,88.01857372782459,6.152680644934299e-22,64.27167783336283,0
62.28333333333333,88.02868826467851,6.0397917069124e-22,64.21742066569834,0
62.3,88.03879426299508,5.928975117936337e-22,64.16320930110517,0
62.31666666666667,88.04889172998242,5.820192814354673e-22,64.10904370091704,0
62.333333333333336,88.05898067284251,5.713407432045694e-22,64.05492382650036,0
62.35,88.06906109877131,5.608582293553777e-22,64.00084963925411,0
62.36666666666667,88.07913301495867,5.5056813954625525e-22,63.946821100609924,0
62.38333333333333,88.08919642858841,5.404669396000241e-22,63.89283817203192,0
62.4,88.09925134683823,5.305511602873243e-22,63.83890081501678,0
62.416666666666664,88.10929777687981,5.208173961323353e-22,63.7850089910937,0
62.43333333333333,88.11933572587877,5.112623042405006e-22,63.731162661824314,0
62.45,88.12936520099467,5.018826031477906e-22,63.67736178880275,0
62.46666666666667,88.13938620938103,4.926750716911678e-22,63.62360633365553,0
62.483333333333334,88.14939875818534,4.836365478998071e-22,63.56989625804159,0
62.5,88.15940285454906,4.747639279067366e-22,63.51623152365221,0
62.516666666666666,88.16939850560759,4.660541648804975e-22,63.46261209221103,0
62.53333333333333,88.17938571849035,4.575042679764499e-22,63.40903792547399,0
62.55,88.18936450032069,4.49111301307383e-22,63.35550898522932,0
62.56666666666667,88.199334858216,4.408723829330647e-22,63.30202523329752,0
62.583333333333336,88.20929679928763,4.327846838683686e-22,63.24858663153127,0
62.6,88.21925033064093,4.248454271096697e-22,63.195193141815544,0
62.61666666666667,88.22919545937526,4.1705188667912684e-22,63.14184472606739,0
62.63333333333333,88.23913219258398,4.0940138668656697e-22,63.08854134623606,0
62.65,88.24906053735445,4.018913004086191e-22,63.03528296430297,0
62.666666666666664,88.25898050076809,3.945190493847903e-22,62.98206954228153,0
62.68333333333333,88.2688920899003,3.8728210253017185e-22,62.928901042217284,0
62.7,88.27879531182053,3.801779752644636e-22,62.8757774261878,0
62.71666666666667,88.28869017359224,3.7320422865702877e-22,62.82269865630268,0
62.733333333333334,88.29857668227294,3.6635846858766547e-22,62.769664694703465,0
62.75,88.30845484491418,3.5963834492282824e-22,62.71667550356372,0
62.766666666666666,88.31832466856156,3.530415507069918e-22,62.66373104508888,0
62.78333333333333,88.32818616025473,3.465658213688958e-22,62.61083128151634,0
62.8,88.33803932702742,3.40208933942389e-22,62.557976175115314,0
62.81666666666667,88.34788417590735,3.339687063016042e-22,62.50516568818693,0
62.833333333333336,88.35772071391642,3.278429964102089e-22,62.45239978306408,0
62.85,88.36754894807052,3.2182970158445115e-22,62.39967842211152,0
62.86666666666667,88.37736888537961,3.1592675776977467e-22,62.34700156772573,0
62.88333333333333,88.3871805328478,3.101321388307317e-22,62.29436918233493,0
62.9,88.39698389747319,3.044438558539604e-22,62.24178122839909,0
62.916666666666664,88.40677898624809,2.988599564639784e-22,62.189237668409866,0
62.93333333333333,88.41656580615881,2.933785241515672e-22,62.13673846489054,0
62.95,88.42634436418581,2.8799767761450453e-22,62.08428358039608,0
62.96666666666667,88.43611466730364,2.827155701104204e-22,62.03187297751303,0
62.983333333333334,88.44587672248099,2.775303888215671e-22,61.979506618859546,0
63.0,88.45563053668062,2.7244035423125243e-22,61.92718446708531,0
63.016666666666666,88.46537611685943,2.6744371951176427e-22,61.87490648487155,0
63.03333333333333,88.47511346996849,2.6253876992353226e-22,61.82267263493102,0
63.05,88.48484260295295,2.5772382222535644e-22,61.77048288000791,0
63.06666666666667,88.49456352275209,2.529972240954669e-22,61.718337182877875,0
63.083333333333336,88.50427623629939,2.4835735356324212e-22,61.666235506348016,0
63.1,88.51398075052242,2.4380261845137407e-22,61.614177813256816,0
63.11666666666667,88.52367707234295,2.393314558282929e-22,61.56216406647411,0
63.13333333333333,88.53336520867684,2.349423314706605e-22,61.51019422890112,0
63.15,88.54304516643418,2.3063373933574887e-22,61.458268263470345,0
63.166666666666664,88.5527169525192,2.264042010435249e-22,61.4063861331456,0
63.18333333333333,88.5623805738303,2.222522653682556e-22,61.354547800921964,0
63.2,88.57203603726005,2.181765077394603e-22,61.30275322982574,0
63.21666666666667,88.58168334969521,2.14175529752047e-22,61.25100238291446,0
63.233333333333334,88.59132251801672,2.1024795868545254e-22,61.19929522327683,0
63.25,88.60095354909973,2.0639244703162357e-22,61.14763171403272,0
63.266666666666666,88.61057644981358,2.0260767203167948e-22,61.09601181833315,0
63.28333333333333,88.62019122702176,1.9889233522109677e-22,61.04443549936021,0
63.3,88.62979788758206,1.9524516198325367e-22,60.992902720327116,0
63.31666666666667,88.6393964383464,1.916649011111843e-22,60.94141344447811,0
63.333333333333336,88.64898688616096,1.8815032437739418e-22,60.88996763508846,0
63.35,88.6585692378661,1.8470022611158217e-22,60.838565255464445,0
63.36666666666667,88.66814350029648,1.8131342278612855e-22,60.787206268943336,0
63.38333333333333,88.6777096802809,1.7798875260920568e-22,60.73589063889333,0
63.4,88.68726778464244,1.7472507512536717e-22,60.684618328713555,0
63.416666666666664,88.69681782019845,1.715212708234843e-22,60.63338930183404,0
63.43333333333333,88.70635979376046,1.6837624075188866e-22,60.582203521715684,0
63.45,88.7158937121343,1.652889061405905e-22,60.53106095185024,0
63.46666666666667,88.72541958212003,1.6225820803044753e-22,60.47996155576027,0
63.483333333333334,88.73493741051196,1.5928310690914306e-22,60.428905296999126,0
63.5,88.7444472040987,1.5636258235386623e-22,60.377892139150944,0
63.516666666666666,88.75394896966311,1.534956326805554e-22,60.32692204583058,0
63.53333333333333,88.76344271398233,1.5068127459959256e-22,60.275994980683635,0
63.55,88.77292844382775,1.4791854287782728e-22,60.22511090738637,0
63.56666666666667,88.78240616596509,1.4520649000681472e-22,60.17426978964573,0
63.583333333333336,88.79187588715432,1.4254418587715218e-22,60.123471591199284,0
63.6,88.80133761414972,1.3993071745880313e-22,60.07271627581522,0
63.61666666666667,88.81079135369986,1.3736518848729889e-22,60.02200380729232,0
63.63333333333333,88.82023711254763,1.3484671915570646e-22,59.97133414945992,0
63.65,88.82967489743022,1.3237444581226296e-22,59.92070726617788,0
63.666666666666664,88.83910471507912,1.299475206635646e-22,59.870123121336576,0
63.68333333333333,88.84852657222015,1.2756511148321546e-22,59.819581678856885,0
63.7,88.85794047557346,1.2522640132582983e-22,59.76908290269011,0
63.71666666666667,88.86734643185348,1.2293058824629345e-22,59.71862675681802,0
63.733333333333334,88.87674444776906,1.20676885024183e-22,59.66821320525277,0
63.75,88.88613453002328,1.1846451889325477e-22,59.61784221203688,0
63.766666666666666,88.89551668531367,1.1629273127590448e-22,59.56751374124325,0
63.78333333333333,88.90489092033201,1.1416077752250573e-22,59.51722775697511,0
63.8,88.91425724176447,1.1206792665554422e-22,59.46698422336598,0
63.81666666666667,88.92361565629162,1.1001346111845242e-22,59.41678310457965,0
63.833333333333336,88.93296617058832,1.0799667652906108e-22,59.36662436481019,0
63.85,88.94230879132381,1.06016881437584e-22,59.31650796828189,0
63.86666666666667,88.95164352516174,1.0407339708904883e-22,59.266433879249206,0
63.88333333333333,88.96097037876011,1.0216555719009766e-22,59.216402061996824,0
63.9,88.97028935877127,1.0029270768007046e-22,59.16641248083954,0
63.916666666666664,88.979600471842,9.845420650629932e-23,59.116465100122284,0
63.93333333333333,88.98890372461346,9.664942340353077e-23,59.066559884220105,0
63.95,88.9981991237212,9.487773967740283e-23,59.016696797538096,0
63.96666666666667,89.0074866757951,9.313854799190076e-23,58.96687580451142,0
63.983333333333334,89.01676638745958,9.14312521607214e-23,58.91709686960526,0
64.0,89.02603826533338,8.975526694247041e-23,58.86735995731479,0
64.01666666666667,89.03530231602964,8.811001783962312e-23,58.81766503216516,0
64.03333333333333,89.04455854615597,8.649494090118173e-23,58.76801205871147,0
64.05,89.05380696231434,8.49094825289583e-23,58.71840100153873,0
64.06666666666666,89.06304757110121,8.335309928741893e-23,58.668831825261876,0
64.08333333333333,89.07228037910744,8.18252577170211e-23,58.61930449452568,0
64.1,89.08150539291833,8.032543415098286e-23,58.56981897400478,0
64.11666666666666,89.09072261911362,7.885311453541871e-23,58.520375228403644,0
64.13333333333334,89.09993206426749,7.740779425278179e-23,58.4709732224565,0
64.15,89.10913373494859,7.598897794854922e-23,58.42161292092739,0
64.16666666666667,89.11832763771999,7.45961793610934e-23,58.372294288610064,0
64.18333333333334,89.12751377913925,7.322892115468009e-23,58.323017290328025,0
64.2,89.13669216575838,7.188673475553486e-23,58.27378189093445,0
64.21666666666667,89.14586280412388,7.056916019092212e-23,58.2245880553122,0
64.23333333333333,89.1550257007767,6.927574593118062e-23,58.17543574837378,0
64.25,89.16418086225227,6.800604873466417e-23,58.12632493506129,0
64.26666666666667,89.17332829508051,6.675963349552788e-23,58.07725558034647,0
64.28333333333333,89.18246800578584,6.553607309431518e-23,58.02822764923059,0
64.3,89.19160000088714,6.433494825128784e-23,57.979241106744475,0
64.31666666666666,89.20072428689781,6.315584738245185e-23,57.930295917948484,0
64.33333333333333,89.20984087032573,6.199836645823007e-23,57.88139204793247,0
64.35,89.21894975767334,6.086210886472905e-23,57.83252946181575,0
64.36666666666666,89.22805095543754,5.974668526755753e-23,57.78370812474709,0
64.38333333333334,89.23714447010974,5.865171347814556e-23,57.73492800190466,0
64.4,89.2462303081759,5.757681832252222e-23,57.686189058496055,0
64.41666666666667,89.25530847611648,5.652163151250018e-23,57.637491259758214,0
64.43333333333334,89.2643789804065,5.548579151923253e-23,57.58883457095744,0
64.45,89.27344182751551,5.446894344908709e-23,57.54021895738935,0
64.46666666666667,89.28249702390755,5.3470738921807e-23,57.49164438437887,0
64.48333333333333,89.29154457604128,5.249083595090528e-23,57.44311081728019,0
64.5,89.30058449036981,5.1528898826259e-23,57.39461822147673,0
64.51666666666667,89.30961677334092,5.0584597998861363e-23,57.346166562381164,0
64.53333333333333,89.31864143139684,4.965760996768888e-23,57.29775580543535,0
64.55,89.32765847097443,4.874761716864886e-23,57.2493859161103,0
64.56666666666666,89.33666789850508,4.7854307865566243e-23,57.20105685990622,0
64.58333333333333,89.34566972041479,4.697737604317409e-23,57.15276860235238,0
64.6,89.35466394312407,4.611652130206939e-23,57.10452110900722,0
64.61666666666666,89.36365057304808,4.527144875559843e-23,57.0563143454582,0
64.63333333333334,89.3726296165965,4.44418689286372e-23,57.00814827732185,0
64.65,89.38160108017367,4.3627497658231415e-23,56.96002287024372,0
64.66666666666667,89.39056497017846,4.282805599606103e-23,56.91193808989837,0
64.68333333333334,89.39952129300438,4.2043270112696917e-23,56.863893901989336,0
64.7,89.40847005503952,4.127287120361724e-23,56.815890272249106,0
64.71666666666667,89.41741126266658,4.0516595396948965e-23,56.76792716643909,0
64.73333333333333,89.42634492226287,3.977418366290503e-23,56.72000455034961,0
64.75,89.43527104020033,3.9045381724885327e-23,56.67212238979985,0
64.76666666666667,89.44418962284553,3.8329939972209956e-23,56.624280650637886,0
64.78333333333333,89.45310067655963,3.762761337445604e-23,56.57647929874057,0
64.8,89.46200420769844,3.693816139736832e-23,56.52871830001362,0
64.81666666666666,89.4709002226124,3.626134792031384e-23,56.480997620391484,0
64.83333333333333,89.4797887276466,3.5596941155253575e-23,56.43331722583741,0
64.85,89.48866972914075,3.4944713567201543e-23,56.38567708234335,0
64.86666666666666,89.49754323342924,3.4304441796145875e-23,56.338077155929966,0
64.88333333333334,89.50640924684112,3.367590658040387e-23,56.29051741264662,0
64.9,89.51526777570001,3.3058892681384225e-23,56.24299781857133,0
64.91666666666667,89.52411882632431,3.245318880973248e-23,56.195518339810754,0
64.93333333333334,89.532962405027,3.185858755283126e-23,56.14807894250015,0
64.95,89.5417985181158,3.1274885303633957e-23,56.10067959280337,0
64.96666666666667,89.55062717189303,3.070188219080466e-23,56.05332025691283,0
64.98333333333333,89.55944837265572,3.013938201014104e-23,56.00600090104949,0
65.0,89.56826212669563,2.958719215725736e-23,55.95872149146283,0
65.01666666666667,89.57706844029913,2.9045123561503427e-23,55.911481994430794,0
65.03333333333333,89.58586731974734,2.8512990621097586e-23,55.86428237625983,0
65.05,89.59465877131608,2.7990611139450575e-23,55.8171226032848,0
65.06666666666666,89.60344280127582,2.74778062626598e-23,55.77000264186901,0
65.08333333333333,89.61221941589179,2.697440041815028e-23,55.72292245840415,0
65.1,89.62098862142389,2.648022125444414e-23,55.67588201931028,0
65.11666666666666,89.62975042412678,2.5995099582034465e-23,55.62888129103581,0
65.13333333333334,89.6385048302498,2.551886931534639e-23,55.581920240057464,0
65.15,89.64725184603704,2.5051367415763905e-23,55.534998832880305,0
65.16666666666667,89.6559914777273,2.459243383570214e-23,55.48811703603761,0
65.18333333333334,89.6647237315541,2.4141911463707626e-23,55.441274816090946,0
65.2,89.67344861374576,2.3699646070566755e-23,55.3944721396301,0
65.21666666666667,89.68216613052529,2.3265486256402895e-23,55.34770897327309,0
65.23333333333333,89.69087628811045,2.283928339874684e-23,55.30098528366607,0
65.25,89.69957909271375,2.2420891601558788e-23,55.25430103748337,0
65.26666666666667,89.70827455054248,2.2010167645188523e-23,55.207656201427476,0
65.28333333333333,89.71696266779867,2.1606970937252797e-23,55.16105074222893,0
65.3,89.72564345067913,2.121116346441582e-23,55.114484626646416,0
65.31666666666666,89.73431690537541,2.0822609745054958e-23,55.067957821466635,0
65.33333333333333,89.74298303807386,2.044117678279554e-23,55.021470293504365,0
65.35,89.7516418549556,2.0066734020898987e-23,54.97502200960237,0
65.36666666666666,89.76029336219652,1.9699153297488478e-23,54.92861293663142,0
65.38333333333334,89.76893756596733,1.9338308801596765e-23,54.88224304149024,0
65.4,89.7775744724335,1.898407703002105e-23,54.8359122911055,0
65.41666666666667,89.78620408775527,1.8636336744970207e-23,54.78962065243181,0
65.43333333333334,89.79482641808775,1.8294968932489588e-23,54.743368092451654,0
65.45,89.8034414695808,1.795985676164939e-23,54.69715457817539,0
65.46666666666667,89.81204924837911,1.7630885544481977e-23,54.650980076641254,0
65.48333333333333,89.82064976062219,1.7307942696655212e-23,54.60484455491525,0
65.5,89.82924301244434,1.6990917698867808e-23,54.55874798009125,0
65.51666666666667,89.8378290099747,1.6679702058953404e-23,54.512690319290876,0
65.53333333333333,89.84640775933723,1.637418927468061e-23,54.46667153966347,0
65.55,89.85497926665072,1.6074274797235553e-23,54.42069160838618,0
65.56666666666666,89.8635435380288,1.5779855995375772e-23,54.374750492663814,0
65.58333333333333,89.87210057957992,1.5490832120241452e-23,54.32884815972886,0
65.6,89.88065039740742,1.520710427081321e-23,54.28298457684147,0
65.61666666666666,89.88919299760944,1.4928575360003844e-23,54.23715971128948,0
65.63333333333334,89.897728386279,1.4655150081372755e-23,54.19137353038829,0
65.65,89.90625656950397,1.438673487645135e-23,54.14562600148091,0
65.66666666666667,89.91477755336705,1.4123237902668465e-23,54.099917091937925,0
65.68333333333334,89.92329134394585,1.3864569001864652e-23,54.05424676915745,0
65.7,89.93179794731282,1.3610639669384253e-23,54.008615000565136,0
65.71666666666667,89.94029736953529,1.3361363023735288e-23,53.963021753614115,0
65.73333333333333,89.94878961667548,1.3116653776806158e-23,53.91746699578502,0
65.75,89.95727469479051,1.2876428204628883e-23,53.87195069458592,0
65.76666666666667,89.96575260993232,1.264060411867972e-23,53.82647281755231,0
65.78333333333333,89.9742233681478,1.2409100837705931e-23,53.7810333322471,0
65.8,89.98268697547873,1.2181839160070153e-23,53.73563220626058,0
65.81666666666666,89.99114343796175,1.1958741336602388e-23,53.6902694072104,0
65.83333333333333,89.99959276162848,1.173973104395036e-23,53.64494490274155,0
65.85,90.00803495250534,1.1524733358419073e-23,53.59965866052633,0
65.86666666666666,90.01647001661375,1.1313674730290544e-23,53.55441064826433,0
65.88333333333334,90.02489795997003,1.1106482958615045e-23,53.50920083368239,0
65.9,90.03331878858539,1.0903087166465083e-23,53.46402918453464,0
65.91666666666667,90.041732508466,1.0703417776643628e-23,53.41889566860239,0
65.93333333333334,90.05013912561294,1.0507406487838044e-23,53.373800253694164,0
65.95,90.05853864602223,1.0314986251212227e-23,53.328742907645655,0
65.96666666666667,90.06693107568482,1.0126091247427807e-23,53.283723598319725,0
65.98333333333333,90.07531642058662,9.940656864087711e-24,53.23874229360634,0
66.0,90.08369468670847,9.758619673593379e-24,53.19379896142261,0
66.01666666666667,90.09206588002617,9.579917411408451e-24,53.14889356971269,0
66.03333333333333,90.10043000651048,9.404488954721779e-24,53.1040260864478,0
66.05,90.1087870721271,9.232274301501608e-24,53.059196479626245,0
66.06666666666666,90.1171370828367,9.06321454993464e-24,53.01440471727328,0
66.08333333333333,90.12548004459497,8.897251878242057e-24,52.969650767441195,0
66.1,90.13381596335246,8.734329524866384e-24,52.92493459820924,0
66.11666666666666,90.14214484505482,8.574391769021924e-24,52.8802561776836,0
66.13333333333334,90.15046669564258,8.417383911601897e-24,52.8356154739974,0
66.15,90.15878152105134,8.263252256436458e-24,52.791012455310664,0
66.16666666666667,90.16708932721161,8.111944091894383e-24,52.74644708981029,0
66.18333333333334,90.17539012004896,7.963407672822463e-24,52.70191934571003,0
66.2,90.18368390548392,7.817592202816542e-24,52.657429191250486,0
66.21666666666667,90.19197068943205,7.674447816817688e-24,52.61297659469905,0
66.23333333333333,90.20025047780388,7.53392556402808e-24,52.56856152434989,0
66.25,90.20852327650496,7.395977391140135e-24,52.52418394852399,0
66.26666666666667,90.21678909143588,7.260556125873664e-24,52.479843835569035,0
66.28333333333333,90.22504792849222,7.127615460814971e-24,52.43554115385944,0
66.3,90.2332997935646,6.997109937552711e-24,52.39127587179633,0
66.31666666666666,90.24154469253865,6.868994931104766e-24,52.34704795780749,0
66.33333333333333,90.24978263129509,6.74322663463105e-24,52.302857380347355,0
66.35,90.25801361570957,6.619762044426679e-24,52.258704107897,0
66.36666666666666,90.26623765165289,6.4985589451906306e-24,52.21458810896412,0
66.38333333333334,90.27445474499079,6.379575895564885e-24,52.170509352082966,0
66.4,90.28266490158416,6.262772213938696e-24,52.12646780581437,0
66.41666666666667,90.29086812728886,6.1481079645135414e-24,52.08246343874571,0
66.43333333333334,90.29906442795586,6.035543943623655e-24,52.038496219490874,0
66.45,90.30725380943115,5.9250416663077605e-24,51.99456611669024,0
66.46666666666667,90.31543627755583,5.8165633531271066e-24,51.95067309901067,0
66.48333333333333,90.32361183816604,5.7100719172254474e-24,51.90681713514546,0
66.5,90.331780497093,5.6055309516262935e-24,51.86299819381435,0
66.51666666666667,90.339942260163,5.502904716763643e-24,51.81921624376349,0
66.53333333333333,90.3480971331974,5.4021581282410915e-24,51.77547125376541,0
66.55,90.35624512201268,5.30325674481589e-24,51.73176319261899,0
66.56666666666666,90.36438623242039,5.206166756603284e-24,51.68809202914946,0
66.58333333333333,90.37252047022719,5.1108549734973626e-24,51.64445773220836,0
66.6,90.3806478412348,5.017288813804453e-24,51.60086027067354,0
66.61666666666666,90.38876835124009,4.925436293084923e-24,51.55729961344912,0
66.63333333333334,90.39688200603499,4.8352660131998275e-24,51.51377572946544,0
66.65,90.40498881140658,4.746747151558526e-24,51.470288587679114,0
66.66666666666667,90.41308877313705,4.659849450563611e-24,51.42683815707293,0
66.68333333333334,90.42118189700366,4.574543207249339e-24,51.38342440665587,0
66.7,90.42926818877888,4.4907992631104714e-24,51.34004730546309,0
66.71666666666667,90.4373476542302,4.4085889941174746e-24,51.29670682255587,0
66.73333333333333,90.44542029912034,4.327884300914993e-24,51.253402927021604,0
66.75,90.45348612920709,4.248657599200195e-24,51.210135587973795,0
66.76666666666667,90.46154515024342,4.1708818102776894e-24,51.16690477455203,0
66.78333333333333,90.46959736797743,4.094530351787569e-24,51.12371045592192,0
66.8,90.47764278815235,4.0195771286037456e-24,51.08055260127513,0
66.81666666666666,90.48568141650657,3.9459965238991595e-24,51.037431179829305,0
66.83333333333333,90.49371325877364,3.873763390375006e-24,50.994346160828115,0
66.85,90.50173832068229,3.802853041650704e-24,50.951297513541164,0
66.86666666666666,90.5097566079564,3.7332412438120744e-24,50.908285207264,0
66.88333333333334,90.517768126315,3.664904207114337e-24,50.86530921131811,0
66.9,90.52577288147229,3.597818577837466e-24,50.822369495050864,0
66.91666666666667,90.53377087913768,3.5319614302909576e-24,50.779466027835504,0
66.93333333333334,90.54176212501574,3.467310258965239e-24,50.73659877907115,0
66.95,90.5497466248062,3.4038429708270104e-24,50.69376771818271,0
66.96666666666667,90.55772438420405,3.3415378777560435e-24,50.65097281462097,0
66.98333333333333,90.56569540889939,3.280373689120688e-24,50.608214037862446,0
67.0,90.57365970457757,3.2203295044895202e-24,50.565491357409456,0
67.01666666666667,90.58161727691912,3.1613848064767673e-24,50.52280474279003,0
67.03333333333333,90.58956813159976,3.1035194537189493e-24,50.480154163557955,0
67.05,90.59751227429047,3.0467136739803557e-24,50.43753958929272,0
67.06666666666666,90.60544971065738,2.99094805738502e-24,50.39496098959946,0
67.08333333333333,90.6133804463619,2.936203549772817e-24,50.352418334109004,0
67.1,90.62130448706058,2.8824614461774343e-24,50.3099115924778,0
67.11666666666666,90.62922183840529,2.82970338442405e-24,50.26744073438793,0
67.13333333333334,90.63713250604305,2.777911338844316e-24,50.22500572954704,0
67.15,90.64503649561614,2.727067614106796e-24,50.18260654768839,0
67.16666666666667,90.6529338127621,2.67715483916044e-24,50.140243158570726,0
67.18333333333334,90.66082446311367,2.628155961289195e-24,50.0979155319784,0
67.2,90.66870845229887,2.580054240275718e-24,50.05562363772122,0
67.21666666666667,90.67658578594097,2.5328332426720617e-24,50.01336744563449,0
67.23333333333333,90.68445646965844,2.4864768361755185e-24,49.971146925579,0
67.25,90.69232050906507,2.4409691841075687e-24,49.92896204744095,0
67.26666666666667,90.70017790976989,2.3962947399941542e-24,49.88681278113198,0
67.28333333333333,90.70802867737717,2.3524382422453306e-24,49.84469909658915,0
67.3,90.7158728174865,2.309384708932432e-24,49.80262096377486,0
67.31666666666666,90.72371033569269,2.2671194326612193e-24,49.76057835267688,0
67.33333333333333,90.73154123758583,2.225627975538865e-24,49.718571233308325,0
67.35,90.73936552875134,2.184896164233341e-24,49.67659957570762,0
67.36666666666666,90.74718321476988,2.1449100851234444e-24,49.63466334993849,0
67.38333333333334,90.75499430121744,2.105656079537714e-24,49.59276252608991,0
67.4,90.76279879366524,2.0671207390807154e-24,49.55089707427613,0
67.41666666666667,90.77059669767985,2.029290901045011e-24,49.50906696463662,0
67.43333333333334,90.77838801882314,1.9921536439073145e-24,49.46727216733604,0
67.45,90.78617276265224,1.955696282907239e-24,49.42551265256429,0
67.46666666666667,90.79395093471965,1.919906365707067e-24,49.38378839053636,0
67.48333333333333,90.80172254057312,1.8847716681312205e-24,49.342099351492436,0
67.5,90.80948758575579,1.850280189983814e-24,49.30044550569782,0
67.51666666666667,90.81724607580603,1.8164201509428957e-24,49.25882682344292,0
67.53333333333333,90.82499801625761,1.7831799865300215e-24,49.21724327504318,0
67.55,90.8327434126396,1.7505483441537294e-24,49.17569483083917,0
67.56666666666666,90.84048227047637,1.7185140792255865e-24,49.13418146119644,0
67.58333333333333,90.84821459528771,1.687066251347422e-24,49.092703136505584,0
67.6,90.85594039258868,1.656194120568541e-24,49.051259827182214,0
67.61666666666666,90.86365966788969,1.6258871437115143e-24,49.009851503666866,0
67.63333333333334,90.87137242669652,1.5961349707654146e-24,48.96847813642507,0
67.65,90.87907867451032,1.56692744134513e-24,48.92713969594727,0
67.66666666666667,90.88677841682754,1.5382545812156471e-24,48.885836152748816,0
67.68333333333334,90.89447165914004,1.5101065988800475e-24,48.84456747736997,0
67.7,90.902158406935,1.4824738822301117e-24,48.80333364037586,0
67.71666666666667,90.909838665695,1.4553469952582801e-24,48.76213461235644,0
67.73333333333333,90.91751244089801,1.4287166748299653e-24,48.72097036392651,0
67.75,90.92517973801732,1.4025738275150405e-24,48.679840865725666,0
67.76666666666667,90.93284056252165,1.3769095264773893e-24,48.6387460884183,0
67.78333333333333,90.94049491987506,1.3517150084215386e-24,48.597686002693585,0
67.8,90.94814281553704,1.3269816705952604e-24,48.556660579265376,0
67.81666666666666,90.95578425496244,1.3027010678471368e-24,48.51566978887232,0
67.83333333333333,90.96341924360152,1.2788649097380842e-24,48.474713602277745,0
67.85,90.97104778689993,1.25546505770582e-24,48.43379199026963,0
67.86666666666666,90.97866989029875,1.2324935222813629e-24,48.392904923660666,0
67.88333333333334,90.98628555923442,1.2099424603565226e-24,48.35205237328813,0
67.9,90.99389479913883,1.1878041725015423e-24,48.31123431001395,0
67.91666666666667,91.00149761543926,1.1660711003318666e-24,48.27045070472465,0
67.93333333333334,91.00909401355841,1.1447358239232594e-24,48.22970152833133,0
67.95,91.01668399891444,1.1237910592742334e-24,48.18898675176962,0
67.96666666666667,91.02426757692088,1.1032296558151025e-24,48.14830634599973,0
67.98333333333333,91.03184475298673,1.0830445939626187e-24,48.10766028200636,0
68.0,91.0394155325164,1.0632289827194907e-24,48.06704853079871,0
68.01666666666667,91.04697992090976,1.0437760573179005e-24,48.02647106341043,0
68.03333333333333,91.05453792356211,1.0246791769062448e-24,47.98592785089967,0
68.05,91.06208954586417,1.005931822278247e-24,47.94541886434897,0
68.06666666666666,91.06963479320217,9.875275936437465e-25,47.904944074865305,0
68.08333333333333,91.07717367095773,9.69460208440336e-25,47.864503453580035,0
68.1,91.08470618450797,9.517234991851193e-25,47.824096971648885,0
68.11666666666666,91.09223233922545,9.34311411365868e-25,47.78372460025193,0
68.13333333333334,91.09975214047819,9.172180013708256e-25,47.74338631059359,0
68.15,91.1072655936297,9.004374344564685e-25,47.70308207390257,0
68.16666666666667,91.11477270403896,8.839639827525352e-25,47.66281186143189,0
68.18333333333334,91.12227347706038,8.677920233036158e-25,47.62257564445882,0
68.2,91.12976791804392,8.519160361466494e-25,47.582373394284865,0
68.21666666666667,91.13725603233497,8.363306024236738e-25,47.54220508223579,0
68.23333333333333,91.14473782527443,8.210304025291494e-25,47.50207067966154,0
68.25,91.1522133021987,8.060102142912832e-25,47.46197015793626,0
68.26666666666667,91.15968246843967,7.912649111866667e-25,47.42190348845825,0
68.28333333333333,91.1671453293247,7.767894605876374e-25,47.381870642649965,0
68.3,91.17460189017667,7.625789220418022e-25,47.34187159195798,0
68.31666666666666,91.182052156314,7.486284455830684e-25,47.301906307852974,0
68.33333333333333,91.18949613305058,7.349332700736383e-25,47.261974761829705,0
68.35,91.19693382569581,7.214887215764304e-25,47.222076925407016,0
68.36666666666666,91.20436523955465,7.0829021175728775e-25,47.18221277012776,0
68.38333333333334,91.21179037992754,6.953332363165182e-25,47.14238226755884,0
68.4,91.21920925211046,6.826133734491509e-25,47.10258538929115,0
68.41666666666667,91.2266218613949,6.701262823334456e-25,47.062822106939564,0
68.43333333333334,91.23402821306796,6.578677016470969e-25,47.023092392142935,0
68.45,91.24142831241218,6.458334481106263e-25,46.983396216564046,0
68.46666666666667,91.24882216470567,6.340194150574941e-25,46.94373355188959,0
68.48333333333333,91.25620977522213,6.224215710304085e-25,46.90410436983017,0
68.5,91.26359114923075,6.110359584033724e-25,46.8645086421203,0
68.51666666666667,91.27096629199629,5.998586920289759e-25,46.824946340518316,0
68.53333333333333,91.27833520877908,5.888859579104911e-25,46.78541743680639,0
68.55,91.285697904835,5.781140118983135e-25,46.74592190279056,0
68.56666666666666,91.29305438541549,5.675391784102794e-25,46.70645971030063,0
68.58333333333333,91.30040465576757,5.571578491754624e-25,46.66703083119019,0
68.6,91.3077487211338,5.469664820009595e-25,46.627635237336605,0
68.61666666666666,91.31508658675234,5.369615995613241e-25,46.58827290064096,0
68.63333333333334,91.32241825785694,5.271397882101546e-25,46.548943793028066,0
68.65,91.32974373967689,5.174976968134723e-25,46.50964788644646,0
68.66666666666667,91.33706303743709,5.080320356044933e-25,46.47038515286831,0
68.68333333333334,91.34437615635805,4.987395750593743e-25,46.431155564289504,0
68.7,91.35168310165585,4.896171447935705e-25,46.391959092729515,0
68.71666666666667,91.35898387854215,4.806616324784316e-25,46.35279571023149,0
68.73333333333333,91.36627849222423,4.718699827776294e-25,46.31366538886211,0
68.75,91.37356694790498,4.632391963031034e-25,46.27456810071171,0
68.76666666666667,91.3808492507829,4.547663285901263e-25,46.23550381789415,0
68.78333333333333,91.38812540605207,4.464484890911558e-25,46.196472512546805,0
68.8,91.39539541890223,4.382828401881332e-25,46.157474156830624,0
68.81666666666666,91.4026592945187,4.302665962228748e-25,46.118508722930024,0
68.83333333333333,91.40991703808244,4.223970225452353e-25,46.07957618305291,0
68.85,91.41716865477005,4.146714345787204e-25,46.040676509430654,0
68.86666666666666,91.42441414975373,4.070871969032192e-25,46.00180967431807,0
68.88333333333334,91.43165352820135,3.9964172235454517e-25,45.96297564999337,0
68.9,91.43888679527637,3.9233247114048063e-25,45.92417440875821,0
68.91666666666667,91.44611395613792,3.851569499730201e-25,45.885405922937615,0
68.93333333333334,91.45333501594078,3.7811271121652367e-25,45.84667016487994,0
68.95,91.46054997983538,3.711973520514653e-25,45.807967106956916,0
68.96666666666667,91.46775885296778,3.644085136535208e-25,45.769296721563585,0
68.98333333333333,91.4749616404797,3.5774388038768784e-25,45.73065898111832,0
69.0,91.48215834750854,3.512011790171871e-25,45.69205385806273,0
69.01666666666667,91.48934897918735,3.447781779268453e-25,45.653481324861716,0
69.03333333333333,91.49653354064485,3.384726863607202e-25,45.61494135400343,0
69.05,91.50371203700543,3.322825536736924e-25,45.576433917999246,0
69.06666666666666,91.51088447338915,3.262056685967735e-25,45.53795898938372,0
69.08333333333333,91.51805085491175,3.2023995851587e-25,45.49951654071462,0
69.1,91.52521118668463,3.1438338876377397e-25,45.46110654457287,0
69.11666666666666,91.53236547381492,3.0863396192512043e-25,45.422728973562556,0
69.13333333333334,91.53951372140541,3.0298971715407978e-25,45.38438380031086,0
69.15,91.5466559345546,2.9744872950456068e-25,45.3460709974681,0
69.16666666666667,91.55379211835664,2.920091092726736e-25,45.30779053770766,0
