time_hours,I2_center_nM,S2_free_center_nM,S2_total_center_nM,I1O2_active
0.0,100.0,0.0,0.0,1
0.016666666666666666,99.98590323932217,0.04707351441609086,1.1858986741782884,1
0.03333333333333333,99.95634666360199,0.09880559369902825,3.6122158806983626,1
0.05,99.91368515295483,0.14280391894229194,7.056386012173999,1
0.06666666666666667,99.85996856619936,0.18007907395884962,11.33209006110136,1
0.08333333333333333,99.79642782430983,0.21335855648178273,16.31964814926052,1
0.1,99.72367319016355,0.2447143009430405,21.946890229039845,1
0.11666666666666667,99.64190109273335,0.27553356946677476,28.17150822909682,1
0.13333333333333333,99.55102637030612,0.306767017123987,34.969722923865696,1
0.15,99.45075960421205,0.3391115609134388,42.329319636371814,1
0.16666666666666666,99.34065166397414,0.37311982111308206,50.24522350906052,1
0.18333333333333332,99.22011926348637,0.40926379889096587,58.716501710016246,1
0.2,99.08845935970697,0.4479726425264746,67.74416414488189,1
0.21666666666666667,98.94485683396292,0.4896557898791512,77.32940823468063,1
0.23333333333333334,98.78838805475804,0.5347176222759419,87.47210507462373,1
0.25,98.61802192260801,0.583566963999574,98.16941092996805,1
0.26666666666666666,98.43261945401963,0.6366232492602687,109.41444062058902,1
0.2833333333333333,98.2309326277188,0.6943203432045857,121.19497664643569,1
0.3,98.01160332311792,0.7571084795461869,133.49219935278717,1
0.31666666666666665,97.773162523029,0.8254545341028876,146.27947971150795,1
0.3333333333333333,97.51403075111021,0.8998405385115752,159.5212489834947,1
0.35,97.23252020546543,0.9807602145522261,173.1720107254747,1
0.36666666666666664,96.92683937800717,1.0687131157396612,187.17556292906949,1
0.38333333333333336,96.5951010566223,1.1641957960977876,201.46451355858426,1
0.4,96.2353347820584,1.2676892604067629,215.96018224003998,1
0.4166666666666667,95.84550502458652,1.3796418063793614,230.57298457134866,1
0.43333333333333335,95.42353653096983,1.5004462879671305,245.20339107976224,1
0.45,94.96734842351225,1.6304108814156275,259.74353759334235,1
0.4666666666666667,94.47489863450879,1.7697227292223598,274.0795350763007,1
0.48333333333333334,93.94424002139348,1.918404512408409,288.0944826217433,1
0.5,93.37358888958615,2.076265208149621,301.67212628885545,1
0.5166666666666667,92.76140550241227,2.2428481267200504,314.7010300426774,1
0.5333333333333333,92.10648437495159,2.4173817321061515,327.079038099749,1
0.55,91.40804975453474,2.5987413855871115,338.7177206048518,1
0.5666666666666667,90.66584894029165,2.7854322613341482,349.5464229787225,1
0.5833333333333334,89.88023354907668,2.9756041514463436,359.51550479484683,1
0.6,89.05221740367033,3.1671065185862166,368.5983779832698,1
0.6166666666666667,88.18349969483168,3.3575864150924297,376.79205730215784,1
0.6333333333333333,87.27644622501035,3.5446230953603517,384.1160931571396,1
0.65,86.33402524542714,3.725884027887492,390.6099905904769,1
0.6666666666666666,85.35970242092992,3.899280025876302,396.3294175957994,1
0.6833333333333333,84.35730533465325,4.06309575364226,401.3416729530491,1
0.7,83.33087239590044,4.2160766354163535,405.72094935073955,1
0.7166666666666667,82.28450224270757,4.357462742487784,409.5438899266199,1
0.7333333333333333,81.22221779916632,4.486971245079596,412.8858152402518,1
0.75,80.14785503601104,4.604738069790247,415.8178344353841,1
0.7666666666666667,79.06498103706853,4.7112341069052555,418.40489445938886,1
0.7833333333333333,77.9768424145854,4.807171973918942,420.70469205196184,1
0.8,76.88634014104703,4.8934161842605075,422.7672999918684,1
0.8166666666666667,75.79602617619892,4.970905390406423,424.63532461009686,1
0.8333333333333334,74.70811607362691,5.04059086263845,426.3444179591832,1
0.85,73.62451215888701,5.103391893274281,427.92399350794295,1
0.8666666666666667,72.54683271180375,5.160166541983516,429.39802877977246,1
0.8833333333333333,71.47644362892206,5.211694993814482,430.7858729644429,1
0.9,70.41449006369925,5.258672485830391,432.1030073712171,1
0.9166666666666666,69.3619264205059,5.301709028535751,433.3617298737667,1
0.9333333333333333,68.3195437652594,5.341333429585822,434.57175093153086,1
0.95,67.28799422339934,5.377999957319433,435.7407000194416,1
0.9666666666666667,66.26781227027786,5.412096198812185,436.8745476141231,1
0.9833333333333333,65.25943303833863,5.443951249541685,437.977951494839,1
1.0,64.26320788566125,5.473843653986564,439.05453743535406,1
1.0166666666666666,63.279417527675854,5.502008761665372,440.107124423093,1
1.0333333333333334,62.308283048855024,5.528645331616242,441.1379038566822,1
1.05,61.34997510048606,5.553921329669819,442.14858112365755,1
1.0666666666666667,60.40462156571516,5.577978932345744,443.1404867868204,1
1.0833333333333333,59.472313941581945,5.600938791206687,444.1146634523513,1
1.1,58.553112654568835,5.622903631594674,445.0719333315662,1
1.1166666666666667,57.64705149413704,5.643961266888192,446.01295057540887,1
1.1333333333333333,56.75414131935783,5.66418710872719,446.93824166522575,1
1.15,55.87437323884401,5.683646248463692,447.84823637064875,1
1.1666666666666667,55.00772101006797,5.702395176247884,448.74329190940944,1
1.1833333333333333,54.15414347761994,5.7204832043273015,449.62371079055504,1
1.2,53.31358637888532,5.737953631833798,450.4897548064054,1
1.2166666666666666,52.48598395314582,5.754844708226868,451.34165556121303,1
1.2333333333333334,51.67126032485332,5.771190425817289,452.1796224355429,1
1.25,50.86933069977426,5.787021172725975,453.00384858726227,1
1.2666666666666666,50.080102405449495,5.80236427162858,453.81451545249786,1
1.2833333333333334,49.30347580154309,5.817244425099758,454.61179610328685,1
1.3,48.53934508090567,5.831684084618141,455.3958577359376,1
1.3166666666666667,47.7875989783437,5.845703757180866,456.1668635001286,1
1.3333333333333333,47.048121400992805,5.859322260903244,456.9249738293978,1
1.35,46.32079199169779,5.872556938866752,457.67034739567384,1
1.3666666666666667,45.605486634788974,5.885423838748849,458.40314178131155,1
1.3833333333333333,44.90207791201863,5.897937864358716,459.1235139397193,1
1.4,44.21043551510612,5.910112904055055,459.83162049855343,1
1.4166666666666667,43.53042662027523,5.9219619400918,460.52761794637513,1
1.4333333333333333,42.86191622930177,5.93349714218278,461.21166273370164,1
1.45,42.20476748088424,5.94472994796548,461.8839113117866,1
1.4666666666666666,41.55884193557466,5.955671132549487,462.5445201266989,1
1.4833333333333334,40.92399983703373,5.966330868935934,463.1936455818816,1
1.5,40.300100351985144,5.976718780769661,463.8314439790561,1
1.5166666666666666,39.68700179092172,5.986843988624391,464.45807144481864,1
1.5333333333333334,39.084561811348344,5.996715150809186,465.07368384837645,1
1.55,38.49263760512236,6.006340499510951,465.6784367144348,1
1.5666666666666667,37.911086071264414,6.015727872949668,466.27248513417044,1
1.5833333333333333,37.339763975453806,6.02488474410691,466.8559836764074,1
1.6,36.77852809728726,6.033818246497408,467.42908630050897,1
1.6166666666666667,36.2272353662649,6.042535197375772,467.99194627203707,1
1.6333333333333333,35.68574298736827,6.051042118708911,468.544716081897,1
1.65,35.153908557009636,6.059345256193509,469.0875473694279,1
1.6666666666666667,34.63159017005737,6.067450596555579,469.62059084971656,1
1.6833333333333333,34.1186465185778,6.075363883333553,470.1439962452719,1
1.7,33.6149369828764,6.083090631318359,470.65791222210254,1
1.7166666666666666,33.12032171537177,6.090636139799002,471.1624863301635,1
1.7333333333333334,32.63466171779046,6.098005504741766,471.65786494808975,1
1.75,32.1578189121321,6.10520363001489,472.1441932320999,1
1.7666666666666666,31.689656205818213,6.112235237755226,472.62161506892744,1
1.7833333333333334,31.230037551406518,6.119104877961889,473.09027303262377,1
1.8,30.778828001224355,6.125816937391604,473.55030834506806,1
1.8166666666666667,30.335893757248407,6.132375647820739,474.0018608400141,1
1.8333333333333333,29.901102216535016,6.138785093732503,474.44506893050567,1
1.85,29.474322012483743,6.145049219480419,474.88006957949,1
1.8666666666666667,29.055423052197664,6.151171835974395,475.3069982734671,1
1.8833333333333333,28.64427655018591,6.1571566269292255,475.725988999013,1
1.9,28.240755058637863,6.1630071547133936,476.1371742220213,1
1.9166666666666667,27.84473249448335,6.168726865829955,476.5406848695158,1
1.9333333333333333,27.45608416343948,6.174319096059609,476.936650313889,1
1.95,27.074686781232053,6.17978707529242,477.32519835942946,1
1.9666666666666666,26.700418492167614,6.185133932072342,477.70645523100893,1
1.9833333333333334,26.333158885221632,6.1903626978766155,478.0805455648014,1
2.0,25.97278900779782,6.195476311149065,478.44759240091696,1
2.0166666666666666,25.619191377304666,6.200477621106627,478.807717177836,1
2.033333333333333,25.272249990686063,6.205369391334225,479.161039728537,1
2.05,24.931850332035314,6.210154303183745,479.5076782782139,1
2.066666666666667,24.59787937841376,6.214834958990879,479.84774944348766,1
2.0833333333333335,24.270225603988575,6.219413885121716,480.18136823301734,1
2.1,23.948778982597368,6.2238935348614906,480.50864804942444,1
2.1166666666666667,23.633430988841315,6.228276291155355,480.829700692446,1
2.1333333333333333,23.32407459780245,6.23256446921104,481.1446363632387,1
2.15,23.02060428347569,6.236760318972802,481.45356366975733,1
2.1666666666666665,22.722916016000635,6.2408660274741825,481.7565896331376,1
2.183333333333333,22.430907257773757,6.244883721077889,482.0538196950147,1
2.2,22.144476958516936,6.248815467609337,482.34535772571445,1
2.216666666666667,21.863525549373975,6.252663278390407,482.63130603325556,1
2.2333333333333334,21.587954936102964,6.256429110179775,482.9117653731056,1
2.25,21.31766849142834,6.260114867025032,483.1868349586358,1
2.2666666666666666,21.052571046613235,6.263722402032032,483.4566124722236,1
2.283333333333333,20.79256888230905,6.2672535190559335,483.721194076953,1
2.3,20.53756971873634,6.270709974318849,483.9806744288667,1
2.316666666666667,20.287482705247825,6.274093477957876,484.23514668972473,1
2.3333333333333335,20.04221840932187,6.27740569550762,484.4847025402306,1
2.35,19.801688805031713,6.280648249320572,484.7294321936824,1
2.3666666666666667,19.565807261033598,6.283822719929001,484.96942441001227,1
2.3833333333333333,19.334488528114292,6.2869306473514195,485.2047665101806,1
2.4,19.107648726336393,6.289973532346042,485.4355443908887,1
2.4166666666666665,18.88520533181763,6.29295283761515,485.66184253957994,1
2.433333333333333,18.667077163178387,6.295869988961486,485.8837440496986,1
2.45,18.453184367689637,6.298726376400313,486.10133063617906,1
2.466666666666667,18.2434484071519,6.3015233552284515,486.31468265113693,1
2.4833333333333334,18.037792043533898,6.30426224705328,486.52387909973794,1
2.5,17.83613932439809,6.306944340782817,486.72899765622003,1
2.5166666666666666,17.638415568138615,6.3095708935792985,486.93011468004727,1
2.533333333333333,17.444547349055874,6.312143131778023,487.1273052321726,1
2.55,17.25446248229039,6.314662251772683,487.3206430913899,1
2.566666666666667,17.068090008637448,6.317129420869164,487.5102007707576,1
2.5833333333333335,16.885360179262687,6.319545778109014,487.69604953407384,1
2.6,16.70620444033759,6.3219124350640685,487.8782594123889,1
2.6166666666666667,16.530555417612828,6.324230476603558,488.0568992205363,1
2.6333333333333333,16.358346900946152,6.326500961634703,488.2320365736708,1
2.65,16.189513828800767,6.328724923818282,488.403737903796,1
2.6666666666666665,16.023992272728876,6.330903372260055,488.5720684762717,1
2.683333333333333,15.861719421854458,6.333037292179007,488.73709240628625,1
2.7,15.702633567368192,6.3351276455537375,488.89887267528417,1
2.716666666666667,15.546674087046895,6.337175371747356,489.05747114733623,1
2.7333333333333334,15.39378142980884,6.3391813881123,489.21294858544445,1
2.75,15.243897100315708,6.3411465905757645,489.36536466777056,1
2.7666666666666666,15.096963643631188,6.3430718542061495,489.51477800378007,1
2.783333333333333,14.952924629945562,6.344958033761932,489.6612461502933,1
2.8,14.811724639375004,6.3468059642231545,489.8048256274369,1
2.816666666666667,14.673309246843678,6.348616461306208,489.94557193448685,1
2.8333333333333335,14.53762500705625,6.350390321963127,490.08353956559813,1
2.85,14.404619439567721,6.352128324865214,490.21878202541444,1
2.8666666666666667,14.274241013957193,6.353831230872109,490.35135184455214,1
2.8833333333333333,14.146439135111464,6.355499783486718,490.4813005949533,1
2.9,14.021164128624099,6.357134709296539,490.60867890510355,1
2.9166666666666665,13.898367226315026,6.358736718401723,490.7335364751101,1
2.933333333333333,13.77800055187539,6.360306504830685,490.8559220916354,1
2.95,13.660017106641961,6.361844746943246,490.97588364268415,1
2.966666666666667,13.544370755505028,6.3633521078225055,491.0934681322395,1
2.9833333333333334,13.431016212953402,6.364829235654687,491.208721694745,1
3.0,13.319909029259717,6.366276764098741,491.3216896094317,1
3.0166666666666666,13.211005576809033,6.367695312644985,491.4324163144846,1
3.033333333333333,13.104263036573338,6.369085486963668,491.54094542105065,1
3.05,12.999639384734325,6.370447879243501,491.64731972708256,1
3.066666666666667,12.897093379456543,6.371783068521264,491.7515812310197,1
3.0833333333333335,12.796584547812735,6.373091621001364,491.8537711453022,1
3.1,12.698073172863005,6.374374090367271,491.95392990971976,1
3.1166666666666667,12.601520280889149,6.375631018083984,492.05209720459277,1
3.1333333333333333,12.506887628785366,6.376862933692232,492.1483119637843,1
3.15,12.414137691606248,6.378070355094782,492.24261238754394,1
3.1666666666666665,12.3232336502729,6.379253788834746,492.33503595518295,1
3.183333333333333,12.234139379437737,6.380413730366674,492.4256194375784,1
3.2,12.146819435508398,6.381550664320041,492.51439890950934,1
3.216666666666667,12.061239044831083,6.382665064755841,492.6014097618232,1
3.2333333333333334,11.97736409203339,6.383757395416416,492.6866867134326,1
3.25,11.895161108526693,6.384828109968408,492.7702638231431,1
3.2666666666666666,11.814597261167856,6.385877652239795,492.8521745013136,1
3.283333333333333,11.735640341080082,6.3869064564501,492.93245152134733,1
3.3,11.658258752632454,6.387914947434924,493.011127031017,1
3.316666666666667,11.582421502577741,6.388903540864645,493.08823256362246,1
3.3333333333333335,11.5080981893478,6.389872643457399,493.1637990489838,1
3.35,11.435258992505979,6.3908226531863175,493.2378568242685,1
3.3666666666666667,11.363874662355686,6.391753959482077,493.31043564465597,1
3.3833333333333333,11.293916509704278,6.392666943429456,493.3815646938395,1
3.4,11.225356395781374,6.393561977959449,493.45127259436543,1
3.4166666666666665,11.158166722310545,6.394439412308796,493.51958740208676,1
3.433333333333333,11.092320421857334,6.395299631621642,493.58653667519616,1
3.45,11.027790947883187,6.3961429753684484,493.6521474034554,1
3.466666666666667,10.964552265518142,6.396969784218268,493.71644606365794,1
3.4833333333333334,10.902578842196926,6.3977803926937975,493.7794586218378,1
3.5,10.841845638472874,6.398575128440396,493.84121054180895,1
3.5166666666666666,10.78232809898333,6.399354312231466,493.90172679426837,1
3.533333333333333,10.724002143561194,6.400118258085093,493.9610318658586,1
3.55,10.666844158490386,6.400867273402965,494.0191497681032,1
3.566666666666667,10.610830987903451,6.401601659113171,494.0761040462032,1
3.5833333333333335,10.555939925319779,6.402321709812824,494.13191778768993,1
3.6,10.502148705322858,6.4030277139083145,494.1866136309357,1
3.6166666666666667,10.449435495375077,6.403719953752515,494.2402137735219,1
3.6333333333333333,10.397778887768457,6.4043987057793474,494.2927399804677,1
3.65,10.347157891709788,6.405064240635107,494.3442135923191,1
3.6666666666666665,10.297551925538599,6.405716823306689,494.39465553310237,1
3.683333333333333,10.248940809076313,6.406356713247004,494.44408631814053,1
3.7,10.201304756105054,6.406984164496957,494.4925260617371,1
3.716666666666667,10.154624366974453,6.407599425805203,494.53999448472763,1
3.7333333333333334,10.108880621334814,6.408202740744607,494.5865109219012,1
3.75,10.064054870995085,6.408794347825909,494.6320943292932,1
3.7666666666666666,10.020128832903913,6.409374480608958,494.6767632913509,1
3.783333333333333,9.977084582252218,6.409943367811241,494.72053602797484,1
3.8,9.934904545695613,6.410501233413669,494.7634304014365,1
3.816666666666667,9.893571494695054,6.411048296764236,494.8054639231742,1
3.8333333333333335,9.853068538974075,6.411584772678834,494.84665376046894,1
3.85,9.813379120090982,6.412110871539906,494.88701674300296,1
3.8666666666666667,9.774487005124374,6.412626799392931,494.9265693693008,1
3.8833333333333333,9.736376280470386,6.413132758040477,494.96532781305655,1
3.9,9.699031345750004,6.413628945133967,495.0033079293472,1
3.9166666666666665,9.662436907824867,6.414115554263592,495.04052526073525,1
3.933333333333333,9.626577974919964,6.4145927750459535,495.0769950432615,1
3.95,9.591439850851595,6.415060793209706,495.11273221232966,1
3.966666666666667,9.557008129359039,6.415519790679355,495.1477514084846,1
3.9833333333333334,9.523268688538366,6.415969945656896,495.1820669830865,1
4.0,9.490207685376797,6.416411432701718,495.2156930038805,1
4.016666666666667,9.457811550386088,6.416844422808747,495.24864326046696,1
4.033333333333333,9.426066982333378,6.417269083484691,495.2809312696698,1
4.05,9.394960943067995,6.417685578822449,495.3125702808073,1
4.066666666666666,9.364480652442682,6.418094069574152,495.3435732808673,1
4.083333333333333,9.334613583327782,6.418494713222233,495.3739529995858,1
4.1,9.305347456716829,6.418887664048974,495.4037219144321,1
4.116666666666666,9.276670236922158,6.419273073204496,495.4328922555028,1
4.133333333333334,9.248570126858992,6.419651088773352,495.4614760103243,1
4.15,9.221035563416626,6.420021855839317,495.489484928567,1
4.166666666666667,9.19405521291526,6.420385516549043,495.5169305266708,1
4.183333333333334,9.167617966647038,6.420742210173987,495.54382409238605,1
4.2,9.141712936499975,6.421092073171191,495.5701766892283,1
4.216666666666667,9.116329450663285,6.421435239242569,495.5959991608504,1
4.233333333333333,9.091457049412858,6.4217718393929655,495.6213021353334,1
4.25,9.06708548097543,6.422102001986773,495.64609602939555,1
4.266666666666667,9.04320469747022,6.422425852803468,495.6703910525237,1
4.283333333333333,9.019804850926622,6.422743515091726,495.6941972110256,1
4.3,8.996876289376733,6.4230551096226,495.71752431200736,1
4.316666666666666,8.974409553021367,6.423360754741129,495.74038196727395,1
4.333333333333333,8.95239537046836,6.4236605664173245,495.7627795971579,1
4.35,8.930824655041842,6.4239546582954254,495.78472643427386,1
4.366666666666666,8.909688501161321,6.424243141742692,495.80623152720324,1
4.383333333333334,8.888978180789286,6.424526125896619,495.8273037441078,1
4.4,8.868685139946198,6.424803717711379,495.8479517762752,1
4.416666666666667,8.848800995291654,6.425076022003245,495.86818414159694,1
4.433333333333334,8.82931753077056,6.425343141494816,495.88800918797955,1
4.45,8.810226694323166,6.425605176858584,495.90743509669124,1
4.466666666666667,8.791520594657847,6.425862226759309,495.9264698856443,1
4.483333333333333,8.773191498085488,6.426114387895559,495.9451214126145,1
4.5,8.75523182541439,6.4263617550403165,495.96339737839907,1
4.516666666666667,8.737634148904627,6.426604421080782,495.98130532991394,1
4.533333333333333,8.720391189280749,6.4268424770572325,495.99885266323105,1
4.55,8.703495812801824,6.427076012201017,496.01604662655853,1
4.566666666666666,8.686941028387762,6.427305113971871,496.0328943231619,1
4.583333333333333,8.670719984800888,6.42752986809431,496.04940271423004,1
4.6,8.654825967881813,6.427750358593218,496.06557862168546,1
4.616666666666666,8.639252397838549,6.427966667828687,496.08142873094056,1
4.633333333333334,8.623992826587953,6.428178876530281,496.09695959359993,1
4.65,8.609040935148512,6.428387063830304,496.1121776301114,1
4.666666666666667,8.594390531083532,6.42859130729647,496.1270891323646,1
4.683333333333334,8.580035545993827,6.4287916829639205,496.14170026624004,1
4.7,8.565970033058962,6.428988265366547,496.15601707410815,1
4.716666666666667,8.552188164626196,6.4291811275674675,496.1700454772802,1
4.733333333333333,8.538684229846195,6.429370341189182,496.18379127841126,1
4.75,8.525452632354698,6.429555976442732,496.19726016385647,1
4.766666666666667,8.51248788799924,6.429738102156602,496.2104577059811,1
4.783333333333333,8.499784622610138,6.429916785804591,496.2233893654265,1
4.8,8.487337569814851,6.430092093533504,496.23606049333097,1
4.816666666666666,8.475141568895006,6.4302640901899215,496.2484763335075,1
4.833333333333333,8.463191562685163,6.430432839346692,496.26064202457917,1
4.85,8.451482595512658,6.430598403328657,496.27256260207247,1
4.866666666666666,8.440009811177674,6.430760843237863,496.2842430004702,1
4.883333333333334,8.428768450972806,6.4309202189783266,496.2956880552233,1
4.9,8.4177538517414,6.431076589280232,496.306902504724,1
4.916666666666667,8.406961443973902,6.431230011723636,496.3178909922402,1
4.933333333333334,8.39638674994151,6.431380542761593,496.3286580678118,1
4.95,8.38602538186643,6.431528237742897,496.3392081901092,1
4.966666666666667,8.375873040128045,6.431673150934401,496.34954572825666,1
4.983333333333333,8.365925511504289,6.431815335542539,496.359674963618,1
5.0,8.35617866744759,6.431954843734932,496.3696000915488,1
5.016666666666667,8.346628462394715,6.432091726661056,496.3793252231137,1
5.033333333333333,8.337270932109849,6.432226034472757,496.3888543867689,1
5.05,8.32810219206031,6.4323578163441475,496.39819153001275,1
5.066666666666666,8.319118435824247,6.432487120491362,496.407340521003,1
5.083333333333333,8.310315933529719,6.4326139941916,496.4163051501431,1
5.1,8.301691030324566,6.432738483801955,496.4250891316355,1
5.116666666666666,8.293240144876462,6.432860634777863,496.4336961050061,1
5.133333333333334,8.284959767902581,6.432980491690875,496.4421296365973,1
5.15,8.276846460728303,6.433098098246683,496.4503932210326,1
5.166666666666667,8.268896853874406,6.433213497302092,496.4584902826508,1
5.183333333333334,8.261107645672196,6.433326730882098,496.4664241769136,1
5.2,8.25347560090603,6.433437840196244,496.4741981917835,1
5.216666666666667,8.2459975494827,6.433546865655121,496.4818155490761,1
5.233333333333333,8.238670385127175,6.433653846886089,496.48927940578426,1
5.25,8.231491064104175,6.433758822748852,496.4965928553766,1
5.266666666666667,8.224456603965084,6.4338618313507645,496.50375892907095,1
5.283333333333333,8.217564082319718,6.433962910061773,496.51078059708044,1
5.3,8.210810635632443,6.434062095528883,496.5176607698373,1
5.316666666666666,8.204193458042187,6.4341594236907635,496.52440229919097,1
5.333333333333333,8.19770981067395,6.434254929791478,496.5310079370686,1
5.35,8.191356988712606,6.434348647154052,496.5374804727772,1
5.366666666666666,8.185132352483727,6.434440610971896,496.54382258800814,1
5.383333333333334,8.179033315493264,6.434530854637928,496.55003691004003,1
5.4,8.17305734336414,6.434619410747564,496.5561260135863,1
5.416666666666667,8.167201952790819,6.434706311241934,496.5620924218382,1
5.433333333333334,8.161464710514052,6.434791587444685,496.56793860742334,1
5.45,8.155843232315918,6.434875270079661,496.5736669933559,1
5.466666666666667,8.150335182034839,6.434957389283834,496.5792799539835,1
5.483333333333333,8.144938270600237,6.435037974618455,496.58477981592677,1
5.5,8.139650255086456,6.435117055079864,496.59016885901144,1
5.516666666666667,8.134468937785538,6.435194659109785,496.595449317188,1
5.533333333333333,8.129392165298528,6.435270814605765,496.6006233794394,1
5.55,8.124417827644912,6.435345548931205,496.60569319067383,1
5.566666666666666,8.119543857389834,6.435418888925512,496.6106608526026,1
5.583333333333333,8.114768228788742,6.435490860914068,496.61552842460287,1
5.6,8.11008895694913,6.435561490718012,496.62029792456474,1
5.616666666666666,8.105504097009009,6.435630803663961,496.62497132972186,1
5.633333333333334,8.101011743331803,6.435698824593551,496.62955057746683,1
5.65,8.096610028717345,6.435765577872794,496.6340375661512,1
5.666666666666667,8.092297123628638,6.4358310874013025,496.6384341558686,1
5.683333333333334,8.088071235434072,6.435895376621368,496.64274216922405,1
5.7,8.083930607664806,6.435958468526796,496.64696339208695,1
5.716666666666667,8.079873519287014,6.4360203856717195,496.6510995743299,1
5.733333333333333,8.07589828398867,6.436081150178995,496.65515243055233,1
5.75,8.072003249480641,6.4361407837487095,496.65912364079037,1
5.766666666666667,8.068186796811743,6.436199307666367,496.6630148512114,1
5.783333333333333,8.064447339697526,6.436256742811074,496.6668276747965,1
5.8,8.060783323862509,6.436313109663203,496.6705636920073,1
5.816666666666666,8.057193226395581,6.436368428312357,496.67422445144143,1
5.833333333333333,8.053675555118318,6.436422718464905,496.6778114704731,1
5.85,8.050228847965968,6.436475999451341,496.68132623588195,1
5.866666666666666,8.046851672380848,6.436528290233673,496.684770204469,1
5.883333333333334,8.04354262471789,6.436579609412689,496.6881448036602,1
5.9,8.040300329662125,6.436629975234707,496.6914514320981,1
5.916666666666667,8.037123439657835,6.436679405598689,496.6946914602215,1
5.933333333333334,8.034010634349173,6.436727918062746,496.6978662308328,1
5.95,8.030960620031998,6.436775529851042,496.7009770596555,1
5.966666666666667,8.027972129116714,6.436822257859988,496.70402523587944,1
5.983333333333333,8.025043919601892,6.4368681186647345,496.70701202269487,1
6.0,8.022174774558469,6.436913128525374,496.70993865781696,1
6.016666666666667,8.019363501624287,6.436957303393015,496.71280635399813,1
6.033333333333333,8.016608932508802,6.437000658915808,496.7156162995319,1
6.05,8.013909922507725,6.437043210444649,496.71836965874525,1
6.066666666666666,8.011265350027434,6.43708497303909,496.72106757248145,1
6.083333333333333,8.008674116118927,6.437125961472934,496.7237111585741,1
6.1,8.006135144021144,6.437166190239731,496.7263015123097,1
6.116666666666666,8.003647378713474,6.43720567355813,496.7288397068832,1
6.133333333333334,8.001209786477263,6.437244425377244,496.7313267938426,1
6.15,7.9988213544661155,6.437282459381884,496.7337638035252,1
6.166666666666667,7.996481090284868,6.437319788997543,496.736151745486,1
6.183333333333334,7.994188021577002,6.437356427395505,496.7384916089156,1
6.2,7.991941195620378,6.4373923874975905,496.74078436305155,1
6.216666666666667,7.989739678931095,6.437427681981149,496.74303095758034,1
6.233333333333333,7.9875825568753065,6.4374623232836194,496.7452323230314,1
6.25,7.985468933288877,6.4374963236072125,496.74738937116393,1
6.266666666666667,7.98339793010467,6.437529694923412,496.7495029953445,1
6.283333333333333,7.981368686987338,6.437562448977327,496.7515740709191,1
6.3,7.97938036097548,6.4375945972922315,496.75360345557544,1
6.316666666666666,7.977432126130992,6.437626151173577,496.75559198969984,1
6.333333333333333,7.975523173195484,6.437657121713479,496.7575404967257,1
6.35,7.973652709253599,6.43768751979439,496.75944978347553,1
6.366666666666666,7.971819957403151,6.437717356093632,496.761320640496,1
6.383333333333334,7.970024156431855,6.437746641086817,496.76315384238666,1
6.4,7.968264560500617,6.437775385052108,496.7649501481206,1
6.416666666666667,7.966540438833173,6.437803598073772,496.7667103013605,1
6.433333333333334,7.964851075411991,6.437831290045999,496.7684350307674,1
6.45,7.963195768680311,6.437858470676446,496.77012505030285,1
6.466666666666667,7.9615738312501705,6.437885149489948,496.7717810595258,1
6.483333333333333,7.959984589616328,6.437911335831827,496.77340374388325,1
6.5,7.958427383875951,6.437937038871546,496.7749937749946,1
6.516666666666667,7.956901567453947,6.437962267605857,496.7765518109309,1
6.533333333333333,7.955406506833841,6.437987030862196,496.7780784964883,1
6.55,7.953941581294071,6.4380113373019245,496.7795744634551,1
6.566666666666666,7.952506182649609,6.438035195423474,496.7810403308754,1
6.583333333333333,7.951099714998786,6.438058613565503,496.78247670530527,1
6.6,7.949721594475217,6.43808159990984,496.78388418106545,1
6.616666666666666,7.948371249004745,6.438104162484564,496.7852633404873,1
6.633333333333334,7.947048118067273,6.438126309166939,496.7866147541558,1
6.65,7.945751652463413,6.438148047686204,496.7879389811457,1
6.666666666666667,7.9444813140858175,6.438169385626486,496.7892365692545,1
6.683333333333334,7.943236575695161,6.438190330429514,496.79050805522945,1
6.7,7.942016920700609,6.438210889397267,496.7917539649907,1
6.716666666666667,7.940821842944729,6.438231069694791,496.79297481385,1
6.733333333333333,7.9396508464927456,6.438250878352722,496.7941711067246,1
6.75,7.938503445426039,6.438270322269752,496.795343338347,1
6.766666666666667,7.93737916363982,6.438289408215175,496.79649199347034,1
6.783333333333333,7.936277534644883,6.438308142831536,496.79761754707044,1
6.8,7.935198101373351,6.438326532636823,496.79872046454216,1
6.816666666666666,7.93414041598837,6.438344584026876,496.7998012018936,1
6.833333333333333,7.9331040396976045,6.438362303277714,496.80086020593507,1
6.85,7.932088542570537,6.438379696547808,496.80189791446475,1
6.866666666666666,7.9310935033594285,6.438396769880424,496.8029147564509,1
6.883333333333334,7.930118509323901,6.438413529205583,496.80391115220976,1
6.9,7.929163156059068,6.43842998034243,496.80488751357996,1
6.916666666666667,7.928227047327135,6.438446129001131,496.80584424409454,1
6.933333333333334,7.92730979489238,6.438461980785143,496.806781739147,1
6.95,7.926411018359502,6.438477541193045,496.8077003861576,1
6.966666666666667,7.925530345015202,6.438492815620688,496.80860056473233,1
6.983333333333333,7.924667409672969,6.438507809362997,496.8094826468218,1
7.0,7.923821854521023,6.438522527616027,496.8103469968758,1
7.016666666666667,7.922993328973295,6.438536975478628,496.8111939719939,1
7.033333333333333,7.922181489523445,6.438551157954507,496.81202392207405,1
7.05,7.921385999601812,6.438565079953888,496.81283718995854,1
7.066666666666666,7.9206065294352594,6.438578746295311,496.81363411157605,1
7.083333333333333,7.919842755909854,6.438592161707389,496.8144150160806,1
7.1,7.919094362436306,6.438605330830484,496.81518022598925,1
7.116666666666666,7.9183610388181505,6.4386182582184,496.8159300573155,1
7.133333333333334,7.9176424811225665,6.4386309483398785,496.8166648197006,1
7.15,7.916938391553817,6.438643405580443,496.8173848165421,1
7.166666666666667,7.9162484783292575,6.4386556342437515,496.81809034512,1
7.183333333333334,7.915572455557818,6.438667638553296,496.81878169672046,1
7.2,7.914910043120983,6.43867942265386,496.81945915675624,1
7.216666666666667,7.914260966556137,6.438690990612949,496.82012300488566,1
7.233333333333333,7.913624956942281,6.438702346422232,496.8207735151285,1
7.25,7.91300175078808,6.438713493999095,496.82141095597984,1
7.266666666666667,7.912391089922125,6.438724437188011,496.82203559052186,1
7.283333333333333,7.911792721385463,6.438735179761796,496.82264767653226,1
7.3,7.911206397326266,6.438745725423083,496.8232474665927,1
7.316666666666666,7.9106318748966356,6.43875607780554,496.8238352081922,1
7.333333333333333,7.910068916151503,6.438766240475296,496.82441114383084,1
7.35,7.909517287949556,6.438776216932034,496.8249755111201,1
7.366666666666666,7.908976761856185,6.438786010610394,496.82552854288167,1
7.383333333333334,7.908447114048376,6.438795624881235,496.82607046724394,1
7.4,7.907928125221533,6.4388050630525635,496.82660150773694,1
7.416666666666667,7.907419580498183,6.438814328371058,496.82712188338485,1
7.433333333333334,7.906921269338526,6.43882342402296,496.8276318087972,1
7.45,7.906432985452788,6.438832353135237,496.8281314942577,1
7.466666666666667,7.905954526715357,6.438841118776992,496.82862114581184,1
7.483333333333333,7.905485695080635,6.4388497239601135,496.8291009653524,1
7.5,7.905026296500615,6.438858171640571,496.8295711507026,1
7.516666666666667,7.9045761408441,6.438866464719596,496.8300318956993,1
7.533333333333333,7.904135041817575,6.4388746060444175,496.83048339027255,1
7.55,7.903702816887665,6.438882598409431,496.8309258205248,1
7.566666666666666,7.903279287205167,6.438890444557234,496.8313593688081,1
7.583333333333333,7.90286427753061,6.438898147179527,496.8317842137998,1
7.6,7.902457616161334,6.438905708918032,496.83220053057653,1
7.616666666666666,7.902059134860024,6.438913132365531,496.8326084906871,1
7.633333333333334,7.901668668784704,6.438920420066686,496.8330082622235,1
7.65,7.9012860564201395,6.438927574519022,496.83340000989085,1
7.666666666666667,7.900911139510627,6.438934598173697,496.83378389507527,1
7.683333333333334,7.90054376299414,6.438941493436509,496.83416007591154,1
7.7,7.900183774937817,6.438948262668614,496.83452870734806,1
7.716666666666667,7.899831026474733,6.438954908187464,496.83488994121143,1
7.733333333333333,7.8994853717419735,6.438961432267621,496.8352439262698,1
7.75,7.899146667819935,6.438967837141429,496.8355908082936,1
7.766666666666667,7.89881477467288,6.4389741249999535,496.835930730117,1
7.783333333333333,7.898489555090665,6.438980297993684,496.83626383169656,1
7.8,7.898170874631669,6.438986358233317,496.83659025016954,1
7.816666666666666,7.897858601566869,6.438992307790427,496.8369101199106,1
7.833333333333333,7.897552606825035,6.438998148698289,496.8372235725879,1
7.85,7.897252763939057,6.439003882952614,496.83753073721715,1
7.866666666666666,7.896958948993319,6.439009512512134,496.83783174021545,1
7.883333333333334,7.896671040572185,6.439015039299333,496.8381267054539,1
7.9,7.8963889197094845,6.439020465201212,496.8384157543083,1
7.916666666666667,7.896112469839043,6.439025792069801,496.83869900571045,1
7.933333333333334,7.895841576746198,6.439031021722972,496.8389765761963,1
7.95,7.895576128520314,6.439036155944957,496.8392485799552,1
7.966666666666667,7.895316015508231,6.43904119648702,496.8395151288769,1
7.983333333333333,7.895061130268687,6.4390461450680645,496.83977633259764,1
8.0,7.8948113675276215,6.439051003375248,496.8400322985464,1
8.016666666666667,7.8945666241344234,6.439055773064497,496.8402831319885,1
8.033333333333333,7.894326799019037,6.439060455761291,496.84052893606975,1
8.05,7.894091793149937,6.439065053060985,496.8407698118591,1
8.066666666666666,7.893861509492965,6.439069566529528,496.8410058583905,1
8.083333333333334,7.893635852970996,6.439073997703946,496.84123717270404,1
8.1,7.893414730424401,6.439078348092842,496.8414638498858,1
8.116666666666667,7.893198050572338,6.439082619177104,496.84168598310794,1
8.133333333333333,7.892985723974804,6.439086812410238,496.8419036636666,1
8.15,7.892777662995459,6.439090929218843,496.8421169810199,1
8.166666666666666,7.892573781765211,6.439094971003363,496.8423260228254,1
8.183333333333334,7.892373996146519,6.439098939138321,496.8425308749759,1
8.2,7.892178223698438,6.439102834972863,496.84273162163544,1
8.216666666666667,7.8919863836423545,6.439106659831328,496.84292834527383,1
8.233333333333333,7.891798396828423,6.439110415013615,496.8431211267008,1
8.25,7.891614185702677,6.439114101795672,496.84331004509966,1
8.266666666666667,7.891433674274804,6.439117721429985,496.8434951780604,1
8.283333333333333,7.891256788086579,6.43912127514581,496.8436766016109,1
8.3,7.891083454180929,6.439124764149916,496.84385439024936,1
8.316666666666666,7.890913601071626,6.439128189626756,496.8440286169745,1
8.333333333333334,7.890747158713586,6.4391315372619164,496.844199337839,1
8.35,7.89058405856629,6.439134835441523,496.8443666497919,1
8.366666666666667,7.890424233327047,6.439138075725753,496.8445306122514,1
8.383333333333333,7.890267617084758,6.4391412577094735,496.8446912910938,1
8.4,7.890114145265534,6.439144382100952,496.8448487519205,1
8.416666666666666,7.889963754600291,6.43914744982179,496.8450030592198,1
8.433333333333334,7.889816383096755,6.4391504618452995,496.8451542762435,1
8.45,7.889671970013007,6.439153419154747,496.8453024649955,1
8.466666666666667,7.88953045583193,6.439156322728583,496.8454476862441,1
8.483333333333333,7.889391782236298,6.4391591735347395,496.84558999954265,1
8.5,7.889255892084446,6.439161972527635,496.84572946325034,1
8.516666666666667,7.889122729386475,6.43916472064697,496.8458661345558,1
8.533333333333333,7.888992239280966,6.439167418816969,496.8460000694993,1
8.55,7.888864368012153,6.439170067946156,496.8461313229957,1
8.566666666666666,7.888739062907598,6.4391726689273066,496.84625994885613,1
8.583333333333334,7.888616272356314,6.439175222637353,496.8463859998106,1
8.6,7.888495945787315,6.439177729937731,496.84650952752935,1
8.616666666666667,7.888378033648624,6.439180191674412,496.8466305826441,1
8.633333333333333,7.888262487386701,6.439182608678092,496.84674921476847,1
8.65,7.888149259426291,6.439184981764452,496.84686547251886,1
8.666666666666666,7.888038303150673,6.439187311734447,496.84697940353453,1
8.683333333333334,7.887929572882311,6.439189599374338,496.84709105449673,1
8.7,7.887823023863906,6.439191845456213,496.8472004711483,1
8.716666666666667,7.887718612239813,6.439194050738075,496.8473076983127,1
8.733333333333333,7.88761629503786,6.439196215964003,496.84741277991213,1
8.75,7.88751603015151,6.439198341864587,496.84751575898576,1
8.766666666666667,7.887417776322392,6.439200429157017,496.8476166777079,1
8.783333333333333,7.887321493123194,6.439202478545413,496.8477155774046,1
8.8,7.887227140940893,6.439204490720959,496.84781249857133,1
8.816666666666666,7.887134680960318,6.43920646636228,496.84790748089,1
8.833333333333334,7.887044075148066,6.4392084061354975,496.8480005632445,1
8.85,7.886955286236714,6.439210310694628,496.84809178373723,1
8.866666666666667,7.8868682777093815,6.439212180681634,496.84818117970474,1
8.883333333333333,7.886783013784576,6.439214016726825,496.84826878773333,1
8.9,7.886699459401366,6.439215819448877,496.8483546436739,1
8.916666666666666,7.886617580204844,6.439217589455225,496.84843878265707,1
8.933333333333334,7.886537342531882,6.439219327342131,496.8485212391071,1
8.95,7.886458713397182,6.439221033694968,496.84860204675687,1
8.966666666666667,7.886381660479601,6.4392227090883685,496.8486812386612,1
8.983333333333333,7.886306152108753,6.439224354086448,496.8487588472108,1
9.0,7.8862321572518885,6.439225969243006,496.8488349041455,1
9.016666666666667,7.88615964550103,6.439227555101753,496.8489094405675,1
9.033333333333333,7.886088587060372,6.439229112196383,496.8489824869541,1
9.05,7.886018952733941,6.439230641050802,496.8490540731703,1
9.066666666666666,7.885950713913487,6.43923214217944,496.8491242284811,1
9.083333333333334,7.885883842566648,6.439233616087162,496.8491929815635,1
9.1,7.885818311225319,6.439235063269706,496.8492603605186,1
9.116666666666667,7.885754092974288,6.439236484213715,496.8493263928829,1
9.133333333333333,7.885691161440079,6.439237879396955,496.8493911056401,1
9.15,7.885629490780026,6.439239249288385,496.8494545252314,1
9.166666666666666,7.885569055671584,6.4392405943484,496.8495166775675,1
9.183333333333334,7.885509831301828,6.43924191502899,496.84957758803824,1
9.2,7.885451793357189,6.439243211773915,496.8496372815237,1
9.216666666666667,7.885394918013373,6.439244485018785,496.8496957824046,1
9.233333333333333,7.885339181925511,6.439245735191228,496.84975311457174,1
9.25,7.885284562218483,6.439246962711092,496.8498093014363,1
9.266666666666667,7.885231036477458,6.439248167990528,496.8498643659394,1
9.283333333333333,7.88517858273861,6.439249351434077,496.84991833056137,1
9.3,7.8851271794800235,6.439250513439063,496.8499712173313,1
9.316666666666666,7.885076805612788,6.439251654395409,496.8500230478362,1
9.333333333333334,7.885027440472279,6.439252774685904,496.8500738432294,1
9.35,7.88497906380959,6.439253874686456,496.85012362423964,1
9.366666666666667,7.884931655783162,6.439254954765995,496.8501724111798,1
9.383333333333333,7.88488519695058,6.43925601528679,496.8502202239545,1
9.4,7.884839668260516,6.439257056604358,496.85026708206925,1
9.416666666666666,7.884795051044858,6.439258079067928,496.8503130046379,1
9.433333333333334,7.88475132701098,6.439259083020168,496.85035801039066,1
9.45,7.884708478234175,6.439260068797589,496.850402117682,1
9.466666666666667,7.884666487150247,6.439261036730476,496.85044534449776,1
9.483333333333333,7.884625336548243,6.439261987143236,496.85048770846294,1
9.5,7.884585009563334,6.4392629203541505,496.8505292268491,1
9.516666666666667,7.884545489669843,6.43926383667584,496.8505699165808,1
9.533333333333333,7.88450676067441,6.439264736415159,496.8506097942433,1
9.55,7.8844688067092985,6.43926561987333,496.8506488760888,1
9.566666666666666,7.8844316122258284,6.439266487346187,496.85068717804387,1
9.583333333333334,7.88439516198796,6.439267339124033,496.8507247157151,1
9.6,7.8843594410659845,6.439268175492005,496.85076150439636,1
9.616666666666667,7.884324434830359,6.439268996729938,496.85079755907435,1
9.633333333333333,7.884290128945659,6.439269803112549,496.85083289443537,1
9.65,7.8842565093646435,6.43927059490967,496.85086752487115,1
9.666666666666666,7.884223562322476,6.439271372386072,496.85090146448454,1
9.683333333333334,7.8841912743310045,6.439272135801753,496.85093472709576,1
9.7,7.884159632173211,6.43927288541204,496.8509673262476,1
9.716666666666667,7.884128622897743,6.4392736214674136,496.8509992752115,1
9.733333333333333,7.884098233813561,6.439274344214053,496.8510305869926,1
9.75,7.884068452484697,6.439275053893392,496.8510612743353,1
9.766666666666667,7.88403926672512,6.4392757507426595,496.8510913497284,1
9.783333333333333,7.884010664593704,6.439276434994614,496.8511208254103,1
9.8,7.883982634389287,6.4392771068778485,496.85114971337396,1
9.816666666666666,7.883955164645852,6.439277766616777,496.8511780253719,1
9.833333333333334,7.883928244127782,6.4392784144317625,496.8512057729211,1
9.85,7.883901861825223,6.4392790505390645,496.8512329673076,1
9.866666666666667,7.883876006949543,6.4392796751511145,496.8512596195913,1
9.883333333333333,7.883850668928874,6.439280288476307,496.8512857406099,1
9.9,7.883825837403746,6.439280890719459,496.85131134098464,1
9.916666666666666,7.883801502222816,6.439281482081495,496.85133643112334,1
9.933333333333334,7.883777653438678,6.439282062759717,496.85136102122505,1
9.95,7.883754281303744,6.439282632947859,496.8513851212851,1
9.966666666666667,7.883731376266246,6.439283192836099,496.85140874109777,1
9.983333333333333,7.883708928966273,6.4392837426111695,496.85143189026155,1
10.0,7.88368693023192,6.439284282456418,496.85145457818237,1
10.016666666666667,7.8836653710755,6.43928481255184,496.85147681407784,1
10.033333333333333,7.883644242689836,6.439285333074147,496.8514986069806,1
10.05,7.883623536444629,6.439285844196808,496.85151996574257,1
10.066666666666666,7.8836032438829,6.439286346090236,496.8515408990381,1
10.083333333333334,7.883583356717501,6.439286838921617,496.8515614153679,1
10.1,7.883563866827689,6.439287322855169,496.85158152306235,1
10.116666666666667,7.8835447662558,6.439287798052024,496.8516012302849,1
10.133333333333333,7.883526047203936,6.439288264670613,496.85162054503587,1
10.15,7.8835077020307756,6.439288722866223,496.85163947515457,1
10.166666666666666,7.88348972324841,6.439289172791452,496.85165802832375,1
10.183333333333334,7.883472103519265,6.439289614596152,496.8516762120725,1
10.2,7.883454835653069,6.439290048427341,496.8516940337787,1
10.216666666666667,7.883437912603894,6.439290474429426,496.85171150067265,1
10.233333333333333,7.883421327467244,6.439290892744184,496.8517286198399,1
10.25,7.883405073477228,6.439291303510829,496.85174539822395,1
10.266666666666667,7.883389144003748,6.439291706866005,496.8517618426294,1
10.283333333333333,7.8833735325497845,6.439292102943916,496.8517779597247,1
10.3,7.883358232748716,6.439292491876297,496.85179375604463,1
10.316666666666666,7.883343238361688,6.439292873792473,496.851809237993,1
10.333333333333334,7.883328543275054,6.439293248819461,496.8518244118458,1
10.35,7.883314141497856,6.4392936170819475,496.8518392837532,1
10.366666666666667,7.883300027159343,6.439293978702334,496.85185385974205,1
10.383333333333333,7.883286194506577,6.439294333800895,496.85186814571927,1
10.4,7.88327263790204,6.439294682495583,496.85188214747245,1
10.416666666666666,7.8832593518213345,6.4392950249023,496.85189587067424,1
10.433333333333334,7.88324633085089,6.4392953611347705,496.85190932088335,1
10.45,7.883233569685746,6.439295691304736,496.85192250354737,1
10.466666666666667,7.883221063127367,6.439296015521837,496.85193542400475,1
10.483333333333333,7.8832088060814955,6.439296333893784,496.85194808748753,1
10.5,7.883196793556069,6.43929664652629,496.8519604991224,1
10.516666666666667,7.883185020659147,6.439296953523172,496.8519726639341,1
10.533333333333333,7.883173482596917,6.439297254986327,496.8519845868463,1
10.55,7.883162174671709,6.439297551015849,496.85199627268474,1
10.566666666666666,7.883151092280065,6.439297841710032,496.8520077261781,1
10.583333333333334,7.883140230910853,6.439298127165245,496.8520189519609,1
10.6,7.883129586143403,6.4392984074762705,496.8520299545745,1
10.616666666666667,7.883119153645692,6.439298682736119,496.8520407384697,1
10.633333333333333,7.8831089291725585,6.439298953036086,496.85205130800847,1
10.65,7.883098908563959,6.439299218465837,496.8520616674651,1
10.666666666666666,7.883089087743263,6.439299479113398,496.8520718210285,1
10.683333333333334,7.883079462715567,6.439299735065197,496.8520817728041,1
10.7,7.8830700295660625,6.439299986406102,496.85209152681523,1
10.716666666666667,7.883060784458418,6.43930023321946,496.85210108700437,1
10.733333333333333,7.883051723633208,6.439300475587047,496.8521104572353,1
10.75,7.883042843406359,6.4393007135892155,496.8521196412949,1
10.766666666666667,7.883034140167642,6.439300947304859,496.8521286428939,1
10.783333333333333,7.883025610379195,6.439301176811384,496.8521374656692,1
10.8,7.883017250574059,6.439301402184832,496.8521461131848,1
10.816666666666666,7.883009057354758,6.439301623499889,496.85215458893333,1
10.833333333333334,7.883001027391899,6.439301840829846,496.85216289633786,1
10.85,7.882993157422807,6.439302054246694,496.85217103875317,1
10.866666666666667,7.882985444250193,6.439302263821062,496.85217901946646,1
10.883333333333333,7.882977884740823,6.439302469622421,496.8521868416997,1
10.9,7.88297047582425,6.439302671718862,496.8521945086103,1
10.916666666666666,7.882963214491542,6.439302870177272,496.8522020232927,1
10.933333333333334,7.882956097794047,6.439303065063369,496.8522093887794,1
10.95,7.882949122842188,6.439303256441641,496.85221660804217,1
10.966666666666667,7.882942286804265,6.439303444375407,496.85222368399366,1
10.983333333333333,7.882935586905312,6.439303628926845,496.85223061948824,1
11.0,7.882929020425941,6.4393038101570275,496.8522374173232,1
11.016666666666667,7.882922584701234,6.439303988125873,496.85224408024,1
11.033333333333333,7.8829162771196435,6.439304162892304,496.8522506109253,1
11.05,7.88291009512193,6.439304334514089,496.8522570120123,1
11.066666666666666,7.882904036200098,6.439304503047916,496.8522632860812,1
11.083333333333334,7.882898097896385,6.439304668549638,496.85226943566107,1
11.1,7.882892277802238,6.439304831073837,496.8522754632303,1
11.116666666666667,7.882886573557338,6.4393049906743265,496.8522813712177,1
11.133333333333333,7.882880982848615,6.4393051474038145,496.85228716200385,1
11.15,7.882875503409321,6.439305301314098,496.8522928379215,1
11.166666666666666,7.882870133018078,6.439305452456068,496.8522984012569,1
11.183333333333334,7.882864869497991,6.439305600879622,496.8523038542509,1
11.2,7.88285971071573,6.43930574663385,496.8523091990994,1
11.216666666666667,7.882854654580681,6.439305889766825,496.8523144379543,1
11.233333333333333,7.882849699044068,6.439306030325859,496.85231957292484,1
11.25,7.882844842098128,6.439306168357383,496.85232460607807,1
11.266666666666667,7.882840081775274,6.439306303906959,496.8523295394398,1
11.283333333333333,7.8828354161473015,6.439306437019364,496.8523343749951,1
11.3,7.882830843324594,6.439306567738491,496.85233911469004,1
11.316666666666666,7.882826361455349,6.439306696107569,496.8523437604313,1
11.333333333333334,7.8828219687248176,6.439306822168888,496.8523483140878,1
11.35,7.882817663354561,6.439306945964093,496.8523527774911,1
11.366666666666667,7.882813443601726,6.43930706753405,496.85235715243624,1
11.383333333333333,7.8828093077583254,6.439307186918848,496.8523614406823,1
11.4,7.8828052541505444,6.439307304157883,496.8523656439534,1
11.416666666666666,7.882801281138056,6.439307419289808,496.85236976393924,1
11.433333333333334,7.882797387113343,6.439307532352627,496.852373802296,1
11.45,7.8827935705010415,6.439307643383612,496.85237776064633,1
11.466666666666667,7.882789829757301,6.439307752419374,496.85238164058114,1
11.483333333333333,7.882786163369145,6.439307859495878,496.8523854436591,1
11.5,7.882782569853862,6.439307964648415,496.85238917140805,1
11.516666666666667,7.882779047758385,6.439308067911674,496.85239282532535,1
11.533333333333333,7.8827755956587096,6.439308169319666,496.8523964068783,1
11.55,7.882772212159309,6.439308268905787,496.85239991750535,1
11.566666666666666,7.882768895892553,6.439308366702927,496.8524033586158,1
11.583333333333334,7.882765645518163,6.439308462743274,496.8524067315913,1
11.6,7.882762459722655,6.4393085570584825,496.8524100377856,1
11.616666666666667,7.882759337218807,6.439308649679592,496.8524132785257,1
11.633333333333333,7.882756276745124,6.439308740637145,496.8524164551118,1
11.65,7.882753277065332,6.439308829961105,496.85241956881856,1
11.666666666666666,7.882750336967869,6.439308917680869,496.852422620895,1
11.683333333333334,7.8827474552653864,6.439309003825334,496.8524256125656,1
11.7,7.8827446307942735,6.43930908842285,496.85242854502985,1
11.716666666666667,7.88274186241417,6.439309171501302,496.852431419464,1
11.733333333333333,7.882739149007506,6.439309253088018,496.85243423702036,1
11.75,7.882736489479047,6.439309333209839,496.85243699882847,1
11.766666666666667,7.882733882755443,6.439309411893144,496.8524397059954,1
11.783333333333333,7.8827313277847875,6.439309489163843,496.85244235960596,1
11.8,7.882728823536196,6.4393095650473775,496.8524449607235,1
11.816666666666666,7.882726368999378,6.439309639568709,496.8524475103904,1
11.833333333333334,7.882723963184228,6.439309712752277,496.85245000962783,1
11.85,7.88272160512042,6.439309784622265,496.8524524594371,1
11.866666666666667,7.882719293857006,6.43930985520229,496.8524548607992,1
11.883333333333333,7.882717028462043,6.439309924515467,496.8524572146756,1
11.9,7.88271480802219,6.439309992584718,496.852459522009,1
11.916666666666666,7.882712631642359,6.439310059432369,496.8524617837228,1
11.933333333333334,7.88271049844533,6.439310125080375,496.85246400072236,1
11.95,7.882708407571408,6.439310189550351,496.85246617389487,1
11.966666666666667,7.88270635817806,6.439310252863499,496.85246830411023,1
11.983333333333333,7.882704349439581,6.439310315040595,496.85247039222037,1
12.0,7.882702380546747,6.4393103761021235,496.8524724390608,1
12.016666666666667,7.882700450706496,6.439310436068161,496.8524744454502,1
12.033333333333333,7.882698559141598,6.439310494958304,496.85247641219064,1
12.05,7.882696705090338,6.439310552791993,496.85247834006896,1
12.066666666666666,7.88269488780621,6.43931060958822,496.85248022985564,1
12.083333333333334,7.882693106557606,6.439310665365603,496.85248208230627,1
12.1,7.882691360627522,6.439310720142513,496.85248389816104,1
12.116666666666667,7.882689649313261,6.439310773936921,496.8524856781459,1
12.133333333333333,7.882687971926159,6.439310826766497,496.8524874229718,1
12.15,7.882686327791287,6.439310878648526,496.85248913333595,1
12.166666666666666,7.882684716247191,6.439310929600128,496.85249080992156,1
12.183333333333334,7.882683136645615,6.439310979637992,496.8524924533981,1
12.2,7.882681588351232,6.4393110287785795,496.8524940644221,1
12.216666666666667,7.882680070741395,6.439311077037973,496.85249564363676,1
12.233333333333333,7.88267858320588,6.439311124432032,496.85249719167234,1
12.25,7.882677125146639,6.4393111709763025,496.8524987091468,1
12.266666666666667,7.88267569597755,6.43931121668608,496.8525001966658,1
12.283333333333333,7.882674295124184,6.43931126157634,496.85250165482285,1
12.3,7.882672922023569,6.439311305661832,496.8525030842,1
12.316666666666666,7.882671576123962,6.43931134895699,496.8525044853671,1
12.333333333333334,7.882670256884627,6.439311391476047,496.8525058588832,1
12.35,7.88266896377561,6.439311433232942,496.85250720529604,1
12.366666666666667,7.882667696277523,6.439311474241324,496.85250852514247,1
12.383333333333333,7.882666453881334,6.43931151451469,496.85250981894865,1
12.4,7.882665236088165,6.439311554066221,496.85251108723037,1
12.416666666666666,7.882664042409086,6.43931159290891,496.8525123304931,1
12.433333333333334,7.882662872364906,6.4393116310554825,496.85251354923236,1
12.45,7.882661725485999,6.4393116685184255,496.8525147439337,1
12.466666666666667,7.88266060131209,6.439311705309999,496.85251591507284,1
12.483333333333333,7.882659499392085,6.43931174144233,496.8525170631166,1
12.5,7.882658419283879,6.43931177692724,496.85251818852197,1
12.516666666666667,7.882657360554179,6.439311811776326,496.85251929173734,1
12.533333333333333,7.88265632277833,6.439311846001026,496.8525203732017,1
12.55,7.882655305540137,6.4393118796125215,496.8525214333457,1
12.566666666666666,7.882654308431698,6.43931191262184,496.85252247259126,1
12.583333333333334,7.882653331053242,6.439311945039811,496.8525234913518,1
12.6,7.882652373012958,6.439311976877095,496.852524490033,1
12.616666666666667,7.882651433926848,6.43931200814402,496.85252546903183,1
12.633333333333333,7.882650513418559,6.439312038850896,496.8525264287379,1
12.65,7.882649611119239,6.439312069007746,496.852527369533,1
12.666666666666666,7.882648726667384,6.439312098624458,496.85252829179103,1
12.683333333333334,7.882647859708684,6.439312127710707,496.8525291958789,1
12.7,7.882647009895898,6.439312156276041,496.8525300821558,1
12.716666666666667,7.882646176888688,6.4393121843298236,496.852530950974,1
12.733333333333333,7.8826453603535045,6.439312211881211,496.852531802679,1
12.75,7.882644559963435,6.439312238939199,496.85253263760893,1
12.766666666666667,7.882643775398074,6.439312265512662,496.8525334560957,1
12.783333333333333,7.882643006343399,6.439312291610336,496.85253425846435,1
12.8,7.882642252491646,6.439312317240711,496.85253504503356,1
12.816666666666666,7.882641513541169,6.439312342412193,496.85253581611573,1
12.833333333333334,7.88264078919633,6.439312367132986,496.85253657201685,1
12.85,7.882640079167375,6.439312391411202,496.85253731303703,1
12.866666666666667,7.882639383170324,6.4393124152547845,496.8525380394707,1
12.883333333333333,7.882638700926844,6.439312438671487,496.85253875160583,1
12.9,7.88263803216414,6.439312461669059,496.8525394497251,1
12.916666666666666,7.882637376614854,6.439312484254963,496.8525401341054,1
12.933333333333334,7.882636734016934,6.439312506436573,496.8525408050184,1
12.95,7.88263610411356,6.439312528221171,496.85254146272996,1
12.966666666666667,7.88263548665301,6.439312549615835,496.8525421075008,1
12.983333333333333,7.882634881388576,6.439312570627654,496.852542739587,1
13.0,7.882634288078455,6.439312591263369,496.8525433592388,1
13.016666666666667,7.882633706485657,6.439312611529802,496.85254396670183,1
13.033333333333333,7.882633136377907,6.439312631433563,496.85254456221685,1
13.05,7.882632577527547,6.439312650981155,496.85254514601985,1
13.066666666666666,7.882632029711453,6.439312670178939,496.85254571834196,1
13.083333333333334,7.882631492710932,6.439312689033203,496.85254627941003,1
13.1,7.882630966311645,6.439312707550118,496.8525468294462,1
13.116666666666667,7.882630450303512,6.439312725735737,496.85254736866847,1
13.133333333333333,7.882629944480631,6.4393127435960285,496.85254789729004,1
13.15,7.882629448641199,6.439312761136737,496.8525484155202,1
13.166666666666666,7.88262896258742,6.439312778363651,496.8525489235642,1
13.183333333333334,7.882628486125433,6.439312795282379,496.8525494216228,1
13.2,7.88262801906523,6.439312811898476,496.85254990989347,1
13.216666666666667,7.882627561220579,6.439312828217354,496.8525503885691,1
13.233333333333333,7.8826271124089535,6.439312844244308,496.8525508578391,1
13.25,7.882626672451452,6.439312859984622,496.852551317889,1
13.266666666666667,7.882626241172728,6.439312875443389,496.8525517689007,1
13.283333333333333,7.882625818400922,6.439312890625665,496.85255221105274,1
13.3,7.882625403967591,6.439312905536424,496.85255264451956,1
13.316666666666666,7.882624997707636,6.439312920180518,496.85255306947266,1
13.333333333333334,7.8826245994592385,6.439312934562726,496.85255348607984,1
13.35,7.882624209063797,6.439312948687707,496.8525538945057,1
13.366666666666667,7.882623826365864,6.439312962560142,496.85255429491184,1
13.383333333333333,7.882623451213074,6.439312976184507,496.852554687456,1
13.4,7.882623083456086,6.439312989565258,496.8525550722934,1
13.416666666666666,7.8826227229485335,6.439313002706761,496.852555449576,1
13.433333333333334,7.882622369546954,6.439313015613308,496.8525558194526,1
13.45,7.8826220231107325,6.439313028289051,496.85255618206935,1
13.466666666666667,7.882621683502051,6.439313040738232,496.85255653756917,1
13.483333333333333,7.882621350585822,6.439313052964834,496.85255688609254,1
13.5,7.882621024229645,6.439313064972876,496.85255722777686,1
13.516666666666667,7.882620704303745,6.439313076766248,496.8525575627569,1
13.533333333333333,7.882620390680927,6.4393130883488245,496.8525578911648,1
13.55,7.882620083236518,6.439313099724354,496.85255821312984,1
13.566666666666666,7.882619781848321,6.439313110896568,496.8525585287792,1
13.583333333333334,7.882619486396569,6.43931312186905,496.8525588382371,1
13.6,7.882619196763866,6.439313132645472,496.85255914162593,1
13.616666666666667,7.882618912835147,6.439313143229251,496.85255943906475,1
13.633333333333333,7.882618634497634,6.439313153623886,496.85255973067086,1
13.65,7.882618361640786,6.439313163832769,496.85256001655927,1
13.666666666666666,7.882618094156252,6.439313173859175,496.8525602968423,1
13.683333333333334,7.882617831937831,6.439313183706469,496.85256057163053,1
13.7,7.8826175748814356,6.439313193377775,496.8525608410322,1
13.716666666666667,7.882617322885038,6.439313202876231,496.8525611051532,1
13.733333333333333,7.8826170758486365,6.439313212205043,496.85256136409754,1
13.75,7.882616833674208,6.439313221367122,496.85256161796724,1
13.766666666666667,7.882616596265683,6.439313230365485,496.852561866862,1
13.783333333333333,7.882616363528893,6.439313239203122,496.85256211087983,1
13.8,7.882616135371532,6.439313247882842,496.8525623501167,1
13.816666666666666,7.882615911703132,6.439313256407497,496.85256258466666,1
13.833333333333334,7.882615692435015,6.439313264779891,496.8525628146219,1
13.85,7.882615477480263,6.4393132730026945,496.8525630400729,1
13.866666666666667,7.882615266753679,6.439313281078634,496.8525632611083,1
13.883333333333333,7.882615060171759,6.439313289010276,496.8525634778148,1
13.9,7.882614857652651,6.439313296800278,496.85256369027763,1
13.916666666666666,7.8826146591161255,6.439313304451143,496.85256389858023,1
13.933333333333334,7.882614464483547,6.439313311965326,496.8525641028045,1
13.95,7.882614273677835,6.439313319345313,496.8525643030306,1
13.966666666666667,7.882614086623436,6.439313326593506,496.8525644993371,1
13.983333333333333,7.882613903246296,6.4393133337122475,496.8525646918011,1
14.0,7.882613723473829,6.439313340703857,496.8525648804982,1
14.016666666666667,7.882613547234888,6.439313347570608,496.8525650655024,1
14.033333333333333,7.882613374459729,6.439313354314753,496.8525652468863,1
14.05,7.882613205079995,6.43931336093844,496.85256542472104,1
14.066666666666666,7.882613039028685,6.439313367443881,496.8525655990763,1
14.083333333333334,7.8826128762401195,6.439313373833164,496.85256577002065,1
14.1,7.882612716649928,6.439313380108363,496.85256593762097,1
14.116666666666667,7.882612560195006,6.439313386271506,496.85256610194295,1
14.133333333333333,7.8826124068135055,6.439313392324607,496.852566263051,1
14.15,7.8826122564448005,6.439313398269667,496.8525664210085,1
14.166666666666666,7.882612109029463,6.439313404108558,496.8525665758769,1
14.183333333333334,7.88261196450925,6.4393134098432245,496.8525667277172,1
14.2,7.882611822827061,6.439313415475511,496.8525668765889,1
14.216666666666667,7.882611683926932,6.43931342100725,496.85256702255015,1
14.233333333333333,7.882611547754006,6.4393134264402825,496.8525671656582,1
14.25,7.882611414254512,6.4393134317763066,496.85256730596893,1
14.266666666666667,7.882611283375744,6.439313437017101,496.85256744353734,1
14.283333333333333,7.882611155066041,6.4393134421643365,496.85256757841734,1
14.3,7.882611029274756,6.439313447219705,496.85256771066156,1
14.316666666666666,7.8826109059522524,6.4393134521848685,496.85256784032197,1
14.333333333333334,7.882610785049874,6.4393134570614,496.85256796744903,1
14.35,7.882610666519928,6.439313461850882,496.85256809209267,1
14.366666666666667,7.882610550315658,6.439313466554938,496.85256821430147,1
14.383333333333333,7.882610436391243,6.4393134711750335,496.8525683341233,1
14.4,7.882610324701762,6.439313475712678,496.8525684516049,1
14.416666666666666,7.8826102152031865,6.439313480169336,496.8525685667923,1
14.433333333333334,7.882610107852355,6.439313484546498,496.8525686797304,1
14.45,7.882610002606963,6.4393134888455315,496.8525687904632,1
14.466666666666667,7.882609899425538,6.439313493067887,496.8525688990343,1
14.483333333333333,7.882609798267432,6.439313497214865,496.85256900548586,1
14.5,7.882609699092802,6.4393135012878595,496.8525691098595,1
14.516666666666667,7.882609601862588,6.439313505288209,496.852569212196,1
14.533333333333333,7.882609506538502,6.439313509217195,496.85256931253537,1
14.55,7.882609413083018,6.439313513076049,496.8525694109165,1
14.566666666666666,7.882609321459346,6.4393135168661315,496.8525695073779,1
14.583333333333334,7.88260923163143,6.439313520588533,496.8525696019573,1
14.6,7.88260914356392,6.4393135242445485,496.8525696946916,1
14.616666666666667,7.8826090572221705,6.4393135278353695,496.85256978561694,1
14.633333333333333,7.882608972572213,6.439313531362152,496.8525698747687,1
14.65,7.882608889580754,6.439313534826024,496.8525699621815,1
14.666666666666666,7.882608808215164,6.439313538228062,496.85257004788974,1
14.683333333333334,7.882608728443451,6.439313541569464,496.85257013192665,1
14.7,7.8826086502342525,6.4393135448512675,496.85257021432506,1
14.716666666666667,7.882608573556837,6.439313548074513,496.85257029511683,1
14.733333333333333,7.8826084983810665,6.4393135512403195,496.85257037433354,1
14.75,7.882608424677409,6.439313554349637,496.8525704520061,1
14.766666666666667,7.8826083524169075,6.43931355740351,496.8525705281648,1
14.783333333333333,7.882608281571183,6.439313560402928,496.852570602839,1
14.8,7.882608212112412,6.439313563348858,496.8525706760582,1
14.816666666666666,7.882608144013325,6.439313566242246,496.8525707478506,1
14.833333333333334,7.882608077247187,6.43931356908403,496.8525708182442,1
14.85,7.882608011787798,6.439313571875165,496.8525708872663,1
14.866666666666667,7.882607947609465,6.439313574616549,496.85257095494393,1
14.883333333333333,7.882607884687006,6.439313577309025,496.8525710213032,1
14.9,7.882607822995739,6.439313579953521,496.85257108637,1
14.916666666666666,7.882607762511466,6.439313582550831,496.85257115016964,1
14.933333333333334,7.882607703210467,6.439313585101861,496.8525712127269,1
14.95,7.882607645127529,6.439313587607412,496.8525712738235,1
14.966666666666667,7.882607588179593,6.4393135900597676,496.8525713337745,1
14.983333333333333,7.88260753234458,6.439313592468523,496.85257139259556,1
15.0,7.882607477600641,6.439313594835556,496.85257145029993,1
15.016666666666667,7.882607423926333,6.4393135971616555,496.8525715069023,1
15.033333333333333,7.882607371300629,6.439313599447402,496.8525715624187,1
15.05,7.882607319702929,6.439313601693286,496.85257161686656,1
15.066666666666666,7.882607269113039,6.439313603899818,496.85257167026367,1
15.083333333333334,7.882607219511169,6.439313606067596,496.8525717226287,1
15.1,7.882607170877926,6.439313608197205,496.8525717739802,1
15.116666666666667,7.882607123194295,6.439313610289184,496.8525718243368,1
15.133333333333333,7.882607076441641,6.4393136123441606,496.8525718737171,1
15.15,7.8826070306017,6.439313614362735,496.85257192213965,1
15.166666666666666,7.882606985656571,6.439313616345506,496.8525719696225,1
15.183333333333334,7.882606941588701,6.439313618293111,496.85257201618396,1
15.2,7.882606898380885,6.439313620206122,496.85257206184144,1
15.216666666666667,7.882606856016261,6.439313622085124,496.85257210661274,1
15.233333333333333,7.8826068144782955,6.43931362393072,496.8525721505149,1
15.25,7.882606773750783,6.439313625743483,496.85257219356475,1
15.266666666666667,7.882606733817835,6.439313627524028,496.8525722357788,1
15.283333333333333,7.882606694663878,6.439313629272891,496.85257227717346,1
15.3,7.882606656273649,6.43931363099063,496.85257231776467,1
15.316666666666666,7.8826066186321775,6.4393136326777585,496.8525723575679,1
15.333333333333334,7.88260658172479,6.43931363433489,496.8525723965986,1
15.35,7.882606545537109,6.439313635962512,496.85257243487183,1
15.366666666666667,7.882606510055033,6.439313637561177,496.8525724724025,1
15.383333333333333,7.882606475264738,6.43931363913138,496.8525725092049,1
15.4,7.882606441152677,6.439313640673604,496.8525725452932,1
15.416666666666666,7.882606407705566,6.439313642188408,496.8525725806814,1
15.433333333333334,7.882606374910379,6.43931364367618,496.85257261538305,1
15.45,7.8826063427543565,6.439313645137563,496.85257264941174,1
15.466666666666667,7.882606311224975,6.439313646572875,496.8525726827804,1
15.483333333333333,7.88260628030997,6.439313647982624,496.852572715502,1
15.5,7.882606249997316,6.439313649367276,496.8525727475889,1
15.516666666666667,7.882606220275222,6.439313650727304,496.8525727790538,1
15.533333333333333,7.882606191132124,6.439313652063107,496.85257280990857,1
15.55,7.882606162556694,6.439313653375124,496.85257284016535,1
15.566666666666666,7.882606134537821,6.439313654663792,496.85257286983557,1
15.583333333333334,7.882606107064612,6.439313655929535,496.8525728989308,1
15.6,7.882606080126395,6.439313657172719,496.8525729274621,1
15.616666666666667,7.882606053712701,6.439313658393744,496.8525729554405,1
15.633333333333333,7.882606027813267,6.439313659593062,496.8525729828768,1
15.65,7.882606002418036,6.439313660771035,496.85257300978145,1
15.666666666666666,7.882605977517148,6.439313661928032,496.852573036165,1
15.683333333333334,7.8826059531009305,6.439313663064412,496.85257306203744,1
15.7,7.882605929159908,6.4393136641806,496.8525730874088,1
15.716666666666667,7.882605905684787,6.439313665276888,496.8525731122889,1
15.733333333333333,7.882605882666458,6.439313666353695,496.8525731366871,1
15.75,7.882605860095988,6.439313667411317,496.8525731606128,1
15.766666666666667,7.8826058379646256,6.439313668450131,496.85257318407537,1
15.783333333333333,7.882605816263786,6.439313669470402,496.8525732070836,1
15.8,7.882605794985056,6.439313670472552,496.8525732296465,1
15.816666666666666,7.882605774120182,6.439313671456862,496.8525732517727,1
15.833333333333334,7.882605753661083,6.439313672423654,496.8525732734706,1
15.85,7.882605733599824,6.439313673373218,496.85257329474877,1
15.866666666666667,7.882605713928636,6.439313674305896,496.8525733156151,1
15.883333333333333,7.882605694639897,6.439313675221969,496.8525733360776,1
15.9,7.882605675726134,6.439313676121774,496.85257335614443,1
15.916666666666666,7.882605657180023,6.439313677005539,496.85257337582306,1
15.933333333333334,7.882605638994384,6.439313677873595,496.85257339512106,1
15.95,7.882605621162177,6.439313678726197,496.85257341404576,1
15.966666666666667,7.882605603676499,6.439313679563628,496.8525734326045,1
15.983333333333333,7.882605586530586,6.439313680386162,496.8525734508046,1
16.0,7.8826055697178035,6.43931368119403,496.8525734686527,1
16.016666666666666,7.882605553231647,6.439313681987542,496.8525734861556,1
16.033333333333335,7.882605537065742,6.439313682766927,496.85257350332023,1
16.05,7.8826055212138355,6.43931368353244,496.8525735201531,1
16.066666666666666,7.8826055056698,6.439313684284346,496.85257353666066,1
16.083333333333332,7.882605490427628,6.439313685022846,496.8525735528492,1
16.1,7.882605475481427,6.439313685748257,496.852573568725,1
16.116666666666667,7.882605460825424,6.439313686460712,496.8525735842939,1
16.133333333333333,7.882605446453956,6.439313687160515,496.85257359956216,1
16.15,7.882605432361474,6.439313687847859,496.8525736145354,1
16.166666666666668,7.882605418542533,6.439313688522985,496.8525736292195,1
16.183333333333334,7.882605404991802,6.439313689186087,496.8525736436199,1
16.2,7.882605391704045,6.439313689837395,496.8525736577422,1
16.216666666666665,7.882605378674138,6.439313690477147,496.852573671592,1
16.233333333333334,7.882605365897048,6.439313691105512,496.85257368517426,1
16.25,7.882605353367851,6.4393136917226625,496.85257369849427,1
16.266666666666666,7.88260534108171,6.439313692328878,496.8525737115572,1
16.283333333333335,7.8826053290338916,6.439313692924286,496.852573724368,1
16.3,7.882605317219745,6.439313693509095,496.85257373693156,1
16.316666666666666,7.882605305634718,6.4393136940835,496.8525737492526,1
16.333333333333332,7.882605294274347,6.439313694647699,496.8525737613359,1
16.35,7.882605283134255,6.439313695201871,496.85257377318607,1
16.366666666666667,7.882605272210146,6.4393136957461925,496.8525737848077,1
16.383333333333333,7.882605261497812,6.439313696280817,496.8525737962051,1
16.4,7.88260525099313,6.439313696805932,496.8525738073826,1
16.416666666666668,7.882605240692054,6.43931369732171,496.8525738183447,1
16.433333333333334,7.8826052305906185,6.43931369782832,496.8525738290953,1
16.45,7.882605220684935,6.439313698325919,496.8525738396385,1
16.466666666666665,7.882605210971191,6.439313698814634,496.8525738499786,1
16.483333333333334,7.882605201445651,6.4393136992947095,496.85257386011926,1
16.5,7.882605192104648,6.439313699766224,496.8525738700645,1
16.516666666666666,7.882605182944589,6.439313700229382,496.852573879818,1
16.533333333333335,7.882605173961953,6.439313700684264,496.8525738893835,1
16.55,7.882605165153287,6.43931370113106,496.8525738987648,1
16.566666666666666,7.882605156515204,6.439313701569942,496.8525739079652,1
16.583333333333332,7.882605148044385,6.439313702000964,496.8525739169883,1
16.6,7.882605139737575,6.439313702424371,496.8525739258376,1
16.616666666666667,7.882605131591582,6.439313702840235,496.85257393451644,1
16.633333333333333,7.882605123603276,6.439313703248701,496.85257394302806,1
16.65,7.882605115769591,6.4393137036499,496.8525739513758,1
16.666666666666668,7.882605108087521,6.439313704044012,496.8525739595629,1
16.683333333333334,7.8826051005541125,6.439313704431079,496.8525739675923,1
16.7,7.882605093166479,6.43931370481128,496.8525739754671,1
16.716666666666665,7.882605085921782,6.439313705184691,496.8525739831902,1
16.733333333333334,7.882605078817243,6.439313705551504,496.85257399076477,1
16.75,7.882605071850138,6.439313705911781,496.8525739981935,1
16.766666666666666,7.882605065017794,6.43931370626566,496.85257400547937,1
16.783333333333335,7.8826050583175915,6.439313706613226,496.8525740126249,1
16.8,7.882605051746962,6.439313706954617,496.85257401963304,1
16.816666666666666,7.882605045303387,6.4393137072899576,496.85257402650626,1
16.833333333333332,7.8826050389844,6.4393137076193305,496.8525740332473,1
16.85,7.882605032787577,6.439313707942834,496.85257403985867,1
16.866666666666667,7.8826050267105465,6.4393137082606,496.8525740463428,1
16.883333333333333,7.882605020750979,6.439313708572692,496.8525740527023,1
16.9,7.882605014906592,6.4393137088792605,496.8525740589396,1
16.916666666666668,7.882605009175151,6.439313709180406,496.85257406505696,1
16.933333333333334,7.882605003554458,6.43931370947619,496.85257407105655,1
16.95,7.882604998042366,6.439313709766695,496.8525740769408,1
16.966666666666665,7.8826049926367645,6.439313710052006,496.85257408271207,1
16.983333333333334,7.882604987335586,6.4393137103323035,496.8525740883723,1
17.0,7.882604982136804,6.43931371060759,496.8525740939238,1
17.016666666666666,7.88260497703843,6.4393137108779985,496.85257409936867,1
17.033333333333335,7.882604972038517,6.439313711143591,496.85257410470894,1
17.05,7.8826049671351495,6.439313711404475,496.85257410994666,1
17.066666666666666,7.882604962326456,6.439313711660694,496.8525741150836,1
17.083333333333332,7.8826049576105985,6.439313711912386,496.852574120122,1
17.1,7.882604952985775,6.439313712159619,496.85257412506354,1
17.116666666666667,7.882604948450221,6.439313712402448,496.85257412991024,1
17.133333333333333,7.882604944002204,6.439313712640933,496.85257413466394,1
17.15,7.882604939640029,6.439313712875214,496.85257413932624,1
17.166666666666668,7.882604935362027,6.439313713105321,496.8525741438992,1
17.183333333333334,7.882604931166567,6.439313713331348,496.85257414838424,1
17.2,7.882604927052047,6.439313713553358,496.8525741527832,1
17.216666666666665,7.882604923016897,6.4393137137713925,496.85257415709776,1
17.233333333333334,7.88260491905958,6.439313713985569,496.85257416132947,1
17.25,7.882604915178587,6.439313714195959,496.85257416548006,1
17.266666666666666,7.882604911372438,6.43931371440259,496.852574169551,1
17.283333333333335,7.8826049076396805,6.439313714605551,496.85257417354387,1
17.3,7.882604903978895,6.439313714804941,496.8525741774602,1
17.316666666666666,7.882604900388683,6.439313715000786,496.85257418130135,1
17.333333333333332,7.88260489686768,6.439313715193132,496.8525741850688,1
17.35,7.882604893414545,6.439313715382026,496.8525741887641,1
17.366666666666667,7.88260489002796,6.439313715567578,496.85257419238843,1
17.383333333333333,7.882604886706644,6.439313715749836,496.8525741959433,1
17.4,7.882604883449324,6.439313715928857,496.85257419942997,1
17.416666666666668,7.882604880254763,6.4393137161047385,496.85257420285,1
17.433333333333334,7.8826048771217465,6.439313716277479,496.85257420620445,1
17.45,7.882604874049081,6.439313716447142,496.85257420949443,1
17.466666666666665,7.882604871035601,6.439313716613799,496.8525742127214,1
17.483333333333334,7.882604868080158,6.439313716777481,496.8525742158866,1
17.5,7.882604865181629,6.439313716938258,496.85257421899115,1
17.516666666666666,7.882604862338914,6.439313717096205,496.85257422203625,1
17.533333333333335,7.88260485955093,6.439313717251313,496.8525742250231,1
17.55,7.882604856816619,6.439313717403681,496.8525742279526,1
17.566666666666666,7.882604854134939,6.439313717553351,496.85257423082606,1
17.583333333333332,7.882604851504879,6.439313717700332,496.8525742336445,1
17.6,7.882604848925435,6.439313717844727,496.8525742364089,1
17.616666666666667,7.882604846395629,6.4393137179865425,496.85257423912043,1
17.633333333333333,7.882604843914501,6.439313718125849,496.85257424178,1
17.65,7.8826048414811085,6.439313718262686,496.85257424438873,1
17.666666666666668,7.88260483909453,6.4393137183971,496.8525742469475,1
17.683333333333334,7.882604836753859,6.439313718529121,496.85257424945735,1
17.7,7.882604834458209,6.439313718658766,496.8525742519191,1
17.716666666666665,7.882604832206708,6.439313718786147,496.85257425433383,1
17.733333333333334,7.882604829998503,6.439313718911263,496.8525742567024,1
17.75,7.8826048278327585,6.439313719034151,496.85257425902563,1
17.766666666666666,7.882604825708652,6.439313719154845,496.8525742613045,1
17.783333333333335,7.882604823625381,6.439313719273417,496.8525742635396,1
17.8,7.882604821582154,6.4393137193898795,496.85257426573213,1
17.816666666666666,7.882604819578197,6.439313719504284,496.85257426788263,1
17.833333333333332,7.882604817612753,6.4393137196166235,496.8525742699921,1
17.85,7.882604815685078,6.439313719726993,496.8525742720612,1
17.866666666666667,7.882604813794441,6.439313719835383,496.8525742740906,1
17.883333333333333,7.8826048119401255,6.439313719941852,496.85257427608144,1
17.9,7.882604810121433,6.439313720046435,496.85257427803407,1
17.916666666666668,7.882604808337674,6.439313720149154,496.8525742799495,1
17.933333333333334,7.882604806588176,6.439313720250054,496.8525742818283,1
17.95,7.882604804872274,6.439313720349186,496.85257428367134,1
17.966666666666665,7.882604803189322,6.439313720446514,496.852574285479,1
17.983333333333334,7.882604801538684,6.439313720542154,496.85257428725214,1
18.0,7.882604799919736,6.439313720636098,496.8525742889915,1
18.016666666666666,7.882604798331865,6.439313720728361,496.85257429069765,1
18.033333333333335,7.882604796774473,6.439313720818968,496.8525742923711,1
18.05,7.88260479524697,6.439313720907995,496.8525742940128,1
18.066666666666666,7.882604793748782,6.439313720995452,496.852574295623,1
18.083333333333332,7.882604792279339,6.439313720995452,496.8525742971166,1
18.1,7.882604790840082,6.439313720995452,496.8525742985732,1
18.116666666666667,7.8826047894303874,6.439313720995452,496.85257429999547,1
18.133333333333333,7.882604788049646,6.439313720995452,496.85257430138523,1
18.15,7.882604786697268,6.439313720995452,496.852574302744,1
18.166666666666668,7.882604785372668,6.439313720995452,496.8525743040733,1
18.183333333333334,7.882604784075275,6.439313720995452,496.85257430537416,1
18.2,7.882604782804531,6.439313720995452,496.8525743066474,1
18.216666666666665,7.882604781559888,6.439313720995452,496.85257430789375,1
18.233333333333334,7.882604780340809,6.439313720995452,496.85257430911406,1
18.25,7.882604779146773,6.439313720995452,496.852574310309,1
18.266666666666666,7.882604777977262,6.439313720995452,496.8525743114792,1
18.283333333333335,7.882604776831772,6.439313720995452,496.85257431262517,1
18.3,7.882604775709812,6.439313720995452,496.8525743137474,1
18.316666666666666,7.882604774610898,6.439313720995452,496.85257431484655,1
18.333333333333332,7.8826047735345535,6.439313720995452,496.852574315923,1
18.35,7.8826047724803185,6.439313720995452,496.85257431697727,1
18.366666666666667,7.882604771447738,6.439313720995452,496.85257431801,1
18.383333333333333,7.882604770436367,6.439313720995452,496.8525743190214,1
18.4,7.882604769445769,6.439313720995452,496.852574320012,1
18.416666666666668,7.882604768475519,6.439313720995452,496.8525743209822,1
18.433333333333334,7.882604767525198,6.439313720995452,496.8525743219326,1
18.45,7.882604766594396,6.439313720995452,496.85257432286335,1
18.466666666666665,7.882604765682712,6.439313720995452,496.85257432377506,1
18.483333333333334,7.882604764789756,6.439313720995452,496.852574324668,1
18.5,7.882604763915141,6.439313720995452,496.8525743255426,1
18.516666666666666,7.882604763058491,6.439313720995452,496.8525743263992,1
18.533333333333335,7.882604762219437,6.439313720995452,496.8525743272383,1
18.55,7.882604761397615,6.439313720995452,496.8525743280601,1
18.566666666666666,7.882604760592676,6.439313720995452,496.852574328865,1
18.583333333333332,7.88260475980427,6.439313720995452,496.8525743296534,1
18.6,7.882604759032059,6.439313720995452,496.8525743304256,1
18.616666666666667,7.8826047582757095,6.439313720995452,496.852574331182,1
18.633333333333333,7.882604757534896,6.439313720995452,496.85257433192277,1
18.65,7.882604756809296,6.439313720995452,496.8525743326484,1
18.666666666666668,7.882604756098602,6.439313720995452,496.85257433335903,1
18.683333333333334,7.882604755402506,6.439313720995452,496.8525743340552,1
18.7,7.882604754720706,6.439313720995452,496.85257433473697,1
18.716666666666665,7.882604754052911,6.439313720995452,496.85257433540477,1
18.733333333333334,7.882604753398833,6.439313720995452,496.85257433605886,1
18.75,7.882604752758191,6.439313720995452,496.8525743366995,1
18.766666666666666,7.882604752130708,6.439313720995452,496.8525743373269,1
18.783333333333335,7.882604751516113,6.439313720995452,496.8525743379416,1
18.8,7.882604750914143,6.439313720995452,496.8525743385435,1
18.816666666666666,7.882604750324535,6.439313720995452,496.8525743391331,1
18.833333333333332,7.882604749747038,6.439313720995452,496.8525743397106,1
18.85,7.8826047491814055,6.439313720995452,496.85257434027625,1
18.866666666666667,7.882604748627391,6.439313720995452,496.85257434083024,1
18.883333333333333,7.882604748084756,6.439313720995452,496.8525743413729,1
18.9,7.882604747553265,6.439313720995452,496.85257434190436,1
18.916666666666668,7.882604747032692,6.439313720995452,496.852574342425,1
18.933333333333334,7.882604746522812,6.439313720995452,496.8525743429348,1
18.95,7.882604746023406,6.439313720995452,496.85257434343424,1
18.966666666666665,7.882604745534257,6.439313720995452,496.8525743439234,1
18.983333333333334,7.882604745055156,6.439313720995452,496.8525743444025,1
19.0,7.882604744585896,6.439313720995452,496.85257434487175,1
19.016666666666666,7.882604744126274,6.439313720995452,496.8525743453314,1
19.033333333333335,7.882604743676093,6.439313720995452,496.85257434578153,1
19.05,7.8826047432351585,6.439313720995452,496.85257434622247,1
19.066666666666666,7.882604742803282,6.439313720995452,496.85257434665436,1
19.083333333333332,7.882604742380275,6.439313720995452,496.85257434707734,1
19.1,7.882604741965957,6.439313720995452,496.85257434749167,1
19.116666666666667,7.882604741560148,6.439313720995452,496.8525743478975,1
19.133333333333333,7.882604741162676,6.439313720995452,496.852574348295,1
19.15,7.882604740773368,6.439313720995452,496.85257434868424,1
19.166666666666668,7.882604740392057,6.439313720995452,496.8525743490656,1
19.183333333333334,7.882604740018578,6.439313720995452,496.85257434943907,1
19.2,7.882604739652769,6.439313720995452,496.8525743498049,1
19.216666666666665,7.882604739294474,6.439313720995452,496.8525743501632,1
19.233333333333334,7.88260473894354,6.439313720995452,496.8525743505141,1
19.25,7.882604738599813,6.439313720995452,496.8525743508578,1
19.266666666666666,7.882604738263146,6.439313720995452,496.8525743511945,1
19.283333333333335,7.882604737933395,6.439313720995452,496.85257435152425,1
19.3,7.882604737610417,6.439313720995452,496.85257435184724,1
19.316666666666666,7.882604737294073,6.439313720995452,496.8525743521636,1
19.333333333333332,7.882604736984225,6.439313720995452,496.8525743524734,1
19.35,7.882604736680744,6.439313720995452,496.8525743527769,1
19.366666666666667,7.882604736383495,6.439313720995452,496.85257435307415,1
19.383333333333333,7.882604736092353,6.439313720995452,496.8525743533653,1
19.4,7.882604735807191,6.439313720995452,496.8525743536505,1
19.416666666666668,7.8826047355278845,6.439313720995452,496.85257435392975,1
19.433333333333334,7.882604735254316,6.439313720995452,496.85257435420334,1
19.45,7.882604734986367,6.439313720995452,496.8525743544713,1
19.466666666666665,7.8826047347239205,6.439313720995452,496.85257435473375,1
19.483333333333334,7.882604734466866,6.439313720995452,496.85257435499074,1
19.5,7.882604734215091,6.439313720995452,496.85257435524255,1
19.516666666666666,7.882604733968487,6.439313720995452,496.85257435548914,1
19.533333333333335,7.8826047337269465,6.439313720995452,496.8525743557307,1
19.55,7.88260473349037,6.439313720995452,496.8525743559673,1
19.566666666666666,7.8826047332586535,6.439313720995452,496.852574356199,1
19.583333333333332,7.8826047330316955,6.439313720995452,496.8525743564259,1
19.6,7.8826047328093996,6.439313720995452,496.85257435664823,1
19.616666666666667,7.88260473259167,6.439313720995452,496.852574356866,1
19.633333333333333,7.882604732378409,6.439313720995452,496.8525743570792,1
19.65,7.882604732169533,6.439313720995452,496.8525743572881,1
19.666666666666668,7.882604731964947,6.439313720995452,496.8525743574927,1
19.683333333333334,7.882604731764562,6.439313720995452,496.8525743576931,1
19.7,7.882604731568294,6.439313720995452,496.8525743578893,1
19.716666666666665,7.882604731376056,6.439313720995452,496.85257435808154,1
19.733333333333334,7.882604731187768,6.439313720995452,496.85257435826986,1
19.75,7.8826047310033465,6.439313720995452,496.85257435845426,1
19.766666666666666,7.882604730822713,6.439313720995452,496.8525743586349,1
19.783333333333335,7.88260473064579,6.439313720995452,496.8525743588118,1
19.8,7.882604730472502,6.439313720995452,496.8525743589851,1
19.816666666666666,7.882604730302773,6.439313720995452,496.85257435915486,1
19.833333333333332,7.882604730136529,6.439313720995452,496.85257435932107,1
19.85,7.882604729973701,6.439313720995452,496.8525743594839,1
19.866666666666667,7.882604729814218,6.439313720995452,496.85257435964337,1
19.883333333333333,7.882604729658009,6.439313720995452,496.8525743597996,1
19.9,7.88260472950501,6.439313720995452,496.8525743599526,1
19.916666666666668,7.882604729355152,6.439313720995452,496.85257436010244,1
19.933333333333334,7.882604729208374,6.439313720995452,496.8525743602492,1
19.95,7.882604729064608,6.439313720995452,496.85257436039296,1
19.966666666666665,7.882604728923796,6.439313720995452,496.85257436053377,1
19.983333333333334,7.882604728785877,6.439313720995452,496.8525743606717,1
20.0,7.88260472865079,6.439313720995452,496.8525743608068,1
20.016666666666666,7.892802788512769,5.999591420722611,496.36963416040265,0
20.033333333333335,7.916133180439355,5.427307921742935,495.70420250336434,0
20.05,7.951524336828922,4.895103710371005,495.03816459371865,0
20.066666666666666,7.99707203284558,4.440740968498849,494.41966113830944,0
20.083333333333332,8.051053590511358,4.058089157069023,493.85046223959546,0
20.1,8.112094472141234,3.73333306778234,493.32222108373287,0
20.116666666666667,8.179123696758676,3.454172221070151,492.8263483095543,0
20.133333333333333,8.251301910883376,3.211129667468877,492.355900405506,0
20.15,8.327961725064492,2.9971190283675893,491.90554617144625,0
20.166666666666668,8.408563901252618,2.8068239378149586,491.47120645695384,0
20.183333333333334,8.492666024012205,2.636200167793923,491.0497244321089,0
20.2,8.579900036721915,2.4821194266103292,490.63861889169095,0
20.216666666666665,8.669955925626038,2.3421213098332276,490.23590855927216,0
20.233333333333334,8.76256967760287,2.214240359955497,489.8399877478865,0
20.25,8.857514244770137,2.0968840842758873,489.44953757718,0
20.266666666666666,8.954592657443953,1.9887455862338683,489.0634616569175,0
20.283333333333335,9.053632697100134,1.8887399624271013,488.6808387423137,0
20.3,9.154482720152574,1.795957255382414,488.3008873244581,0
20.316666666666666,9.257008343476691,1.7096271212696605,487.9229387456616,0
20.333333333333332,9.361089784264493,1.6290919175083263,487.5464165009286,0
20.35,9.466619703156434,1.55378593353812,487.17082009738044,0
20.366666666666667,9.573501439085183,1.4832191676762847,486.795712320526,0
20.383333333333333,9.68164755234468,1.416964513151091,486.4207090811604,0
20.4,9.790978612642878,1.3546475325435945,486.0454712412393,0
20.416666666666668,9.90142218368622,1.2959382201984797,485.6696979746156,0
20.433333333333334,10.012911966782589,1.24054430784696,485.29312133063934,0
20.45,10.125387074133448,1.1882057801400383,484.91550174948617,0
20.466666666666665,10.238791408675365,1.1386903475770884,484.53662433716846,0
20.483333333333334,10.353073132059277,1.0917896835593373,484.15629575187063,0
20.5,10.4681842060021,1.0473162762249544,483.77434158591836,0
20.516666666666666,10.584079995081906,1.0051007786296715,483.39060415237697,0
20.533333333333335,10.700718921273012,0.9649897657302161,483.004940604106,0
20.55,10.818062162276226,0.9268438256308716,482.61722132760127,0
20.566666666666666,10.93607337345878,0.8905359271860595,482.2273287623542,0
20.583333333333332,11.054718496936635,0.8559500185484414,481.83515560810764,0
20.6,11.17396551383234,0.8229798133925825,481.4406044186635,0
20.616666666666667,11.293784276983907,0.7915277450357526,481.0435864986241,0
20.633333333333333,11.414146349558688,0.7615040530778134,480.64402112520514,0
20.65,11.53502486134146,0.7328259864055775,480.241834867827,0
20.666666666666668,11.65639438041549,0.7054171048573021,479.83696099064935,0
20.683333333333334,11.778230798294706,0.6792066652470771,479.4293389260455,0
20.7,11.9005112268466,0.6541290798419843,479.01891380897723,0
20.716666666666665,12.023213905580656,0.630123437302283,478.6056360638047,0
20.733333333333334,12.14631811807475,0.6071330776642886,478.18946103637074,0
20.75,12.26980411647865,0.5851052142386949,477.77034866527185,0
20.766666666666666,12.393653053174877,0.563990596368368,477.34826318712925,0
20.783333333333335,12.517846918797167,0.5437432078808134,476.9231728714223,0
20.8,12.64236848590901,0.524319996814964,476.49504978107916,0
20.816666666666666,12.767201257732324,0.5056806326264442,476.06386955555087,0
20.833333333333332,12.89232942139138,0.48778728760116874,475.6296112135471,0
20.85,13.01773780520183,0.47060443965126625,475.1922569729925,0
20.866666666666667,13.143411839590506,0.4540986940440119,474.7517920860905,0
20.883333333333333,13.26933752128002,0.43823862193475993,474.30820468766,0
20.9,13.395501380414181,0.4229946138483405,473.86148565514884,0
20.916666666666668,13.521890450336828,0.4083387464873556,473.4116284789352,0
20.933333333333334,13.64849223976853,0.3942446614467851,472.9586291417044,0
20.95,13.775294707153567,0.3806874545872941,472.50248600584405,0
20.966666666666665,13.902286236974033,0.3676435749689676,472.0431997079312,0
20.983333333333334,14.029455617849433,0.35509073237649663,471.5807730595041,0
21.0,14.156792022259106,0.3430078125790164,471.11521095341027,0
21.016666666666666,14.284284987741506,0.33137479956541044,470.6465202751105,0
21.033333333333335,14.41192439943919,0.3201727040809763,470.1747098183987,0
21.05,14.539700473871429,0.30938349786577346,469.6997902050603,0
21.066666666666666,14.667603743828105,0.2989900530601063,469.2217738080568,0
21.083333333333332,14.795625044288753,0.28897608629982113,468.74067467787177,0
21.1,14.923755499280023,0.2793261070744111,468.25650847170334,0
21.116666666666667,15.051986509592938,0.27002536996528975,467.7692923852251,0
21.133333333333333,15.180309741288756,0.26105983042078756,467.2790450866772,0
21.15,15.308717114928902,0.252416103759066,466.78578665307725,0
21.166666666666668,15.43720079547023,0.24408142712095768,466.28953850837127,0
21.183333333333334,15.565753182772344,0.23604362412195826,465.79032336336826,0
21.2,15.694366902668403,0.22829107197697487,465.28816515732274,0
21.216666666666665,15.823034798555222,0.2208126708930324,464.78308900105117,0
21.233333333333334,15.951749923462346,0.2135978155445175,464.27512112148327,0
21.25,16.080505532563286,0.206636368462778,463.764288807564,0
21.266666666666666,16.209295076095348,0.1999186351874241,463.25062035743554,0
21.283333333333335,16.338112192657327,0.19343534104054183,462.73414502683926,0
21.3,16.466950702857,0.1871776093975042,462.21489297868976,0
21.316666666666666,16.595804603282687,0.18113694133928543,461.692895233778,0
21.333333333333332,16.72466806077532,0.17530519658130095,461.1681836225712,0
21.35,16.853535406979535,0.16967457558290344,460.6407907380816,0
21.366666666666667,16.982401133153925,0.16423760274989982,460.1107498897842,0
21.383333333333333,17.111259885222264,0.15898711064989762,459.57809505856363,0
21.4,17.24010645904921,0.15391622516705192,459.04286085268035,0
21.416666666666668,17.368935795925037,0.14901835152884982,458.5050824647442,0
21.433333333333334,17.497742978245398,0.14428716114316256,457.96479562968915,0
21.45,17.626523225373248,0.1397165791887982,457.42203658374456,0
21.466666666666665,17.755271889670976,0.13530077290739012,456.8768420243986,0
21.483333333333334,17.883984452691884,0.13103414054861087,456.3292490713533,0
21.5,18.012656521520917,0.1269113009245066,455.77929522846927,0
21.516666666666666,18.141283825255467,0.12292708353222356,455.2270183467002,0
21.533333333333335,18.26986221161757,0.11907651920753591,454.6724565880157,0
21.55,18.398387643689862,0.11535483127450857,454.11564839031445,0
21.566666666666666,18.526856196767845,0.11175742715923992,453.5566324333256,0
21.583333333333332,18.65526405532197,0.10827989043807068,452.99544760549924,0
21.6,18.783607510063206,0.10491797329285385,452.43213297188333,0
21.616666666666667,18.911882955106552,0.10166758934790822,451.8667277429873,0
21.633333333333333,19.040086885227186,0.09852480686514856,451.2992712446282,0
21.65,19.168215893204408,0.09548584227559039,450.7298028887584,0
21.666666666666668,19.29626666724886,0.09254705402700242,450.15836214526814,0
21.683333333333334,19.42423598850895,0.08970493672891974,449.58498851476116,0
21.7,19.55212072865256,0.08695611557756705,449.00972150229444,0
21.716666666666665,19.679917847520574,0.08429734104445223,448.4326005920786,0
21.733333333333334,19.807624390848833,0.08172548381353352,447.8536652231281,0
21.75,19.935237488055527,0.07923752995287954,447.2729547658556,0
21.766666666666666,20.06275435009116,0.07683057630772143,446.6905084995978,0
21.783333333333335,20.190172267348466,0.07450182610266574,446.1063655910656,0
21.8,20.317488607629766,0.07224858474165095,445.52056507370423,0
21.816666666666666,20.444700814169604,0.07006825579499294,444.93314582795347,0
21.833333333333332,20.571806403710358,0.06795833716355598,444.3441465623922,0
21.85,20.698802964629007,0.06591641741072295,443.75360579575704,0
21.866666666666667,20.825688155113074,0.06394017225344932,443.1615618398174,0
21.883333333333333,20.952459701384036,0.06202736120422149,442.56805278309275,0
21.9,21.07911539596663,0.06017582435626194,441.9731164753964,0
21.916666666666668,21.205653096002404,0.058383479304790875,441.37679051319003,0
21.933333333333334,21.332070721606225,0.056648318197597636,440.7791122257301,0
21.95,21.458366254264217,0.05496840490857993,440.18011866199043,0
21.966666666666665,21.58453773527202,0.05334187232829026,439.579846578341,0
21.983333333333334,21.710583264212005,0.05176691976587776,438.9783324269685,0
22.0,21.836500997468445,0.050241810457142155,438.3756123450153,0
22.016666666666666,21.96228914677945,0.04876487034862807,437.77172214559647,0
22.033333333333335,22.087945977810403,0.04733448123896507,437.1666973042989,0
22.05,22.213469808814786,0.04594908507650421,436.5605729554243,0
22.066666666666666,22.338859009259323,0.044607177947221514,435.9533838810988,0
22.083333333333332,22.464111998519005,0.04330730874411723,435.3451645042169,0
22.1,22.589227244599535,0.04204807728866286,434.7359488815389,0
22.116666666666667,22.714203262890315,0.04082813246757503,434.1257706973394,0
22.133333333333333,22.839038614947828,0.03964617043460663,433.51466325762084,0
22.15,22.96373190730869,0.03850093288071146,432.90265948487337,0
22.166666666666668,23.088281790331738,0.03739120537075798,432.289791913364,0
22.183333333333334,23.21268695706838,0.036315815744234196,431.67609268493453,0
22.2,23.33694614216066,0.035273632577331654,431.06159354528904,0
22.216666666666665,23.461058120766253,0.03426356370386538,430.44632584075373,0
22.233333333333334,23.585021707509874,0.03328455479259303,429.8303205154887,0
22.25,23.70883575546038,0.03233558797860703,429.2136081091353,0
22.266666666666666,23.83249915513307,0.03141568054657954,428.59621875487915,0
22.283333333333335,23.956010833516512,0.030523883663744086,427.9781821779138,0
22.3,24.079369753123416,0.0296592811605962,427.3595276942858,0
22.316666666666666,24.202574911064918,0.02882098835738964,426.74028421010377,0
22.333333333333332,24.32562533814779,0.028008150934589617,426.12048022109764,0
22.35,24.4485200979941,0.027219943845531523,425.50014381250907,0
22.366666666666667,24.57125828618266,0.02645557026960912,424.8793026592984,0
22.383333333333333,24.693839029411947,0.025714260604393045,424.2579840266528,0
22.4,24.816261484683878,0.024995271495149126,423.63621477078004,0
22.416666666666668,24.93852483850802,0.02429788490029414,423.0140213399734,0
22.433333333333334,25.06062830612572,0.02362140719138974,422.39142977593394,0
22.45,25.182571130753793,0.02296516828633357,421.7684657153352,0
22.466666666666665,25.304352582847226,0.02232852081446606,421.14515439161806,0
22.483333333333334,25.425971959380476,0.021710839312364436,420.5215206370016,0
22.5,25.54742858314701,0.021111519449146167,419.89758888469845,0
22.516666666666666,25.66872180207654,0.02052997728015357,419.2733831713213,0
22.533333333333335,25.789850988569665,0.019965648527938914,418.6489271394692,0
22.55,25.91081553884944,0.01941798788951107,418.0242440404827,0
22.566666666666666,26.031614850842633,0.01888646836884975,417.3993576920089,0
22.583333333333332,26.152248388998967,0.018370580745035885,416.7742895767686,0
22.6,26.272715617237154,0.01786983262614279,416.14906179199045,0
22.616666666666667,26.393016020869332,0.017383748157718787,415.5236960561084,0
22.633333333333333,26.513149106030692,0.016911867366843622,414.89821371215874,0
22.65,26.633114399124466,0.016453745599023673,414.2726357313287,0
22.666666666666668,26.75291144628132,0.016008952982179275,413.6469827166056,0
22.683333333333334,26.872539812832844,0.015577073910952961,413.02127490651696,0
22.7,26.991999082798625,0.015157706549854957,412.39553217895315,0
22.716666666666665,27.111288858386725,0.01475046235440248,411.76977405506375,0
22.733333333333334,27.23040875950714,0.014354965609543418,411.14401970322297,0
22.75,27.34935842329795,0.013970852984709832,410.51828794305425,0
22.766666666666666,27.468137503663815,0.013597773104877888,409.8925972495089,0
22.783333333333335,27.586745670826616,0.013235386137040644,409.2669657569928,0
22.8,27.705182610887782,0.012883363391521553,408.64141126353303,0
22.816666666666666,27.823448025402165,0.012541386937581797,408.0159512349811,0
22.833333333333332,27.941541630963087,0.012209149232793546,407.39060280924554,0
22.85,28.0594631587983,0.011886352765672884,406.7653828005488,0
22.866666666666667,28.177212354376593,0.011572709711084442,406.14030770370414,0
22.883333333333333,28.294788977024776,0.011267941597948859,405.5153936984076,0
22.9,28.41219279955475,0.010971778988801589,404.8906566535391,0
22.916666666666668,28.529423607900487,0.01068396117076908,404.2661121314713,0
22.933333333333334,28.646481200764576,0.010404235857543407,403.641775392379,0
22.95,28.763365389274114,0.010132358901953834,403.01766139854783,0
22.966666666666665,28.880075996645765,0.009868094018747565,402.3937848186771,0
22.983333333333334,28.996612857859656,0.00961121251720678,401.77016003217375,0
23.0,29.112975819341987,0.00936149304324289,401.1468011334348,0
23.016666666666666,29.229164738656003,0.009118721330622956,400.5237219361147,0
23.033333333333335,29.34517948420125,0.008882689960994792,399.90093597737507,0
23.05,29.461019934920788,0.008653198132391115,399.2784565221137,0
23.066666666666666,29.576685980016205,0.00843005143590367,398.6562965671713,0
23.083333333333332,29.692177518670242,0.008213061640230647,398.0344688455128,0
23.1,29.807494459776784,0.00800204648381136,397.4129858303817,0
23.116666666666667,29.92263672167807,0.007796829474272901,396.7918597394245,0
23.133333333333333,30.037604231908883,0.007597239694922861,396.17110253878536,0
23.15,30.152396926947574,0.007403111618033782,395.55072594716614,0
23.166666666666668,30.267014751973758,0.007214284924672493,394.9307414398539,0
23.183333333333334,30.381457660632417,0.007030604330837815,394.3111602527114,0
23.2,30.495725614804375,0.006851919419678456,393.6919933861312,0
23.216666666666665,30.609818584382822,0.006678084479571356,393.0732516089504,0
23.233333333333334,30.72373654705584,0.006508958347848789,392.4549454623269,0
23.25,30.837479488094754,0.006344404259970648,391.8370852635744,0
23.266666666666666,30.951047400148113,0.006184289703945186,391.219681109957,0
23.283333333333335,31.06444028304114,0.006028486279809537,390.6027428824396,0
23.3,31.177658143580597,0.005876869563987675,389.9862802493981,0
23.316666666666666,31.290700995364794,0.005729318978350312,389.37030267028314,0
23.333333333333332,31.403568858598746,0.0055857176638080715,388.75481939924185,0
23.35,31.516261759914148,0.005445952358274748,388.13983948869344,0
23.366666666666667,31.628779732194275,0.005309913278844435,387.5253717928607,0
23.383333333333333,31.741122814403443,0.005177494008030649,386.9114249712553,0
23.4,31.853291051421095,0.005048591383922902,386.2980074921176,0
23.416666666666668,31.965284493880265,0.0049231053941198874,385.6851276358108,0
23.433333333333334,32.077103198010334,0.004800939073304607,385.07279349816815,0
23.45,32.188747225484015,0.004681998404331223,384.46101299379495,0
23.466666666666665,32.30021664326838,0.004566192222698428,383.8497938593229,0
23.483333333333334,32.411511523479824,0.004453432124288594,383.23914365661955,0
23.5,32.52263194324297,0.004343632376256364,382.62906977594946,0
23.516666666666666,32.63357798455321,0.004236709830954697,382.0195794390914,0
23.533333333333335,32.74434973414298,0.004132583842790438,381.4106797024073,0
23.55,32.854947283351514,0.004031176187905365,380.80237745986653,0
23.566666666666666,32.965370727998106,0.0039324109865825135,380.1946794460236,0
23.583333333333332,33.07562016825875,0.0038362146282812843,379.5875922389499,0
23.6,33.18569570854595,0.003742515699208288,378.98112226312134,0
23.616666666666667,33.2955974573918,0.0036512449123343033,378.37527579225895,0
23.633333333333333,33.4053255273341,0.003562335039770863,377.7700589521262,0
23.65,33.51488003480551,0.0034757208474235912,377.1654777232808,0
23.666666666666668,33.62426110002563,0.0033913390318416003,376.56153794378275,0
23.683333333333334,33.7334688468959,0.003309128159186155,375.9582453118581,0
23.7,33.8425034028973,0.00322902860624379,375.35560538851945,0
23.716666666666665,33.9513648989907,0.0031509825034123137,374.75362360014293,0
23.733333333333334,34.0600534695199,0.003074933679590487,374.1523052410033,0
23.75,34.16856925211713,0.003000827608904562,373.55165547576576,0
23.766666666666666,34.27691238761112,0.002928611359207894,372.9516793419368,0
23.783333333333335,34.3850830199375,0.0028582335422911434,372.35238175227255,0
23.8,34.49308129605162,0.0027896442657437937,371.75376749714707,0
23.816666666666666,34.60090736584358,0.0027227950864093667,371.1558412468801,0
23.833333333333332,34.708561382055564,0.0026576389653788224,370.55860755402387,0
23.85,34.81604350020124,0.002594130224468836,369.9620708556114,0
23.866666666666667,34.92335387848733,0.002532224504133319,369.3662354753654,0
23.883333333333333,35.030492677737236,0.002471878722758645,368.7711056258681,0
23.9,35.137460061316574,0.0024130510372946134,368.17668541069355,0
23.916666666666668,35.244256195060736,0.0023557008051750756,367.58297882650237,0
23.933333333333334,35.350881247204256,0.002299788547483729,366.989989765099,0
23.95,35.4573353883121,0.00224527591332213,366.39772201545276,0
23.966666666666665,35.563618791212626,0.0021921256453386086,365.8061792656826,0
23.983333333333334,35.66973163093237,0.0021403015463783135,365.21536510500624,0
24.0,35.77567408463249,0.002089768447215697,364.625283025655,0
24.016666666666666,35.881446331546854,0.002040492175332667,364.035936424753,0
24.033333333333335,35.987048552921706,0.001992439524706426,363.4473286061629,0
24.05,36.09248093195691,0.0019455782265725998,362.8594627822984,0
24.066666666666666,36.197743653748695,0.0018998769211304907,362.27234207590305,0
24.083333333333332,36.302836905233896,0.0018553051301582579,361.6859695217971,0
24.1,36.40776087513559,0.0018118332305072035,361.1003480685924,0
24.116666666666667,36.512515753910165,0.001769432428445303,360.51548058037497,0
24.133333333333333,36.61710173369574,0.0017280747348212163,359.9313698383579,0
24.15,36.72151900826183,0.0016877329410210213,359.34801854250253,0
24.166666666666668,36.82576777296043,0.001648380595690957,358.7654293131104,0
24.183333333333334,36.92984822467827,0.0016099919822002552,358.1836046923851,0
24.2,37.03376056179027,0.0015725420968192838,357.60254714596573,0
24.216666666666665,37.13750498411422,0.001536006627588852,357.0222590644312,0
24.233333333333334,37.24108169286664,0.0015003619338575665,356.4427427647767,0
24.25,37.34449089061967,0.0014655850264648437,355.86400049186267,0
24.266666666666666,37.44773278125916,0.0014316535485479809,355.2860344198364,0
24.283333333333335,37.55080756994373,0.0013985457569525102,354.7088466535271,0
24.3,37.65371546306494,0.0013662405042256754,354.1324392298145,0
24.316666666666666,37.756456668208436,0.001334717221173645,353.5568141189723,0
24.333333333333332,37.85903139411608,0.001303955899963829,352.98197322598503,0
24.35,37.96143985064904,0.001273937077754107,352.4079183918418,0
24.366666666666667,38.06368224875179,0.00124464182083162,351.8346513948039,0
24.383333333333333,38.16575880041705,0.0012160517092442622,351.2621739516496,0
24.4,38.26766971865161,0.0011881488219086542,350.69048771889413,0
24.416666666666668,38.369415217442956,0.0011609157221788892,350.11959429398814,0
24.433333333333334,38.47099551172683,0.0011343354438609066,349.54949521649166,0
24.45,38.57241081735548,0.0011083914776579332,348.98019196922706,0
24.466666666666665,38.673661351066855,0.0010830677580328043,348.4116859794089,0
24.483333333333334,38.77474733045439,0.0010583486504736088,347.8439786197534,0
24.5,38.875668973937756,0.0010342189391494676,347.2770712095657,0
24.516666666666666,38.97642650073415,0.0010106638149437464,346.7109650158068,0
24.533333333333335,39.077020130830405,0.0009876688638524476,346.1456612541401,0
24.55,39.17745008495577,0.0009652200557359131,345.58116108995824,0
24.566666666666666,39.2777165845554,0.0009433037334124441,345.0174656393892,0
24.583333333333332,39.37781985176441,0.000921906602082714,344.4545759702843,0
24.6,39.47776010938269,0.0009010157190743632,343.89249310318655,0
24.616666666666667,39.57753758085029,0.0008806184838964674,343.3312180122807,0
24.633333333333333,39.677152490223385,0.000860702628593859,342.7707516263248,0
24.65,39.776605062150885,0.0008412562083917321,342.21109482956416,0
24.666666666666668,39.875895521851646,0.0008222675926212441,341.65224846262697,0
24.683333333333334,39.97502409509214,0.0008037254559170968,341.09421332340423,0
24.7,40.07399100816478,0.0007856187696784148,340.53699016791103,0
24.716666666666665,40.172796487866734,0.0007679367937845992,339.9805797111322,0
24.733333333333334,40.271440761479276,0.0007506690685579917,339.42498262785114,0
24.75,40.36992405674762,0.0007338054069655187,338.87019955346364,0
24.766666666666666,40.468246601861296,0.0007173358870518185,338.31623108477453,0
24.783333333333335,40.56640862543496,0.0007012508445964399,337.7630777807801,0
24.8,40.66441035648972,0.0006855408659881189,337.2107401634353,0
24.816666666666666,40.762252024434844,0.0006701967813092605,336.6592187184051,0
24.833333333333332,40.85993385905007,0.0006552096576240554,336.10851389580296,0
24.85,40.95745609046812,0.0006405707924637855,335.55862611091374,0
24.866666666666667,41.05481894915791,0.0006262717075032126,335.0095557449029,0
24.883333333333333,41.15202266590794,0.0006123041424220536,334.4613031455127,0
24.9,41.24906747181019,0.0005986600489457363,333.9138686277436,0
24.916666666666668,41.34595359824447,0.0005853315850599339,333.36725247452415,0
24.933333333333334,41.44268127686299,0.000572311109393385,332.8214549373663,0
24.95,41.53925073957551,0.0005595911757638959,332.27647623700915,0
24.966666666666665,41.63566221853462,0.0005471645278823251,331.7323165640495,0
24.983333333333334,41.73191594612163,0.0005350240942098576,331.18897607956114,0
25.0,41.82801215493261,0.0005231629829636622,330.64645491570104,0
25.016666666666666,41.92395107776484,0.0005115744772664967,330.10475317630426,0
25.033333333333335,42.01973294760359,0.0005002520304357739,329.56387093746775,0
25.05,42.115357997609266,0.0004891892614078468,329.0238082481223,0
25.066666666666666,42.210826461104745,0.0004783799502933551,328.48456513059347,0
25.083333333333332,42.30613857156315,0.00046781803405965044,327.94614158115183,0
25.1,42.401294562595865,0.00045749760233642175,327.40853757055265,0
25.116666666666667,42.49629466794081,0.00044741289334076145,326.8717530445649,0
25.133333333333333,42.59113912145108,0.0004375582899180769,326.3357879244899,0
25.15,42.68582815708376,0.0004279283156953088,325.80064210767,0
25.166666666666668,42.78036200888916,0.0004185176313430828,325.2663154679881,0
25.183333333333334,42.8747409110001,0.0004093210309434912,324.7328078563558,0
25.2,42.96896509762166,0.0004003334384603309,324.20011910119445,0
25.216666666666665,43.06303480302107,0.00039154990430872956,323.66824900890447,0
25.233333333333334,43.15695026151784,0.0003829656020211509,323.1371973643273,0
25.25,43.25071170747419,0.0003745758250069269,322.6069639311975,0
25.266666666666666,43.34431937528567,0.00036637598340249025,322.07754845258677,0
25.283333333333335,43.43777349937201,0.0003583616010096266,321.54895065133854,0
25.3,43.5310743141682,0.00035052831231911373,321.0211702304947,0
25.316666666666666,43.62422205411579,0.0003428718596172182,320.4942068737141,0
25.333333333333332,43.71721695365441,0.0003353880901725789,319.9680602456825,0
25.35,43.81005924721345,0.00032807295350112246,319.44272999251507,0
25.366666666666667,43.90274916920399,0.00032092249870667563,318.9182157421505,0
25.383333333333333,43.995286954010936,0.00031393287189507345,318.3945171047385,0
25.4,44.08767283598526,0.000307100313659576,317.8716336730184,0
25.416666666666668,44.17990704943656,0.00030042115663551585,317.34956502269165,0
25.433333333333334,44.27198982862569,0.0002938918231221326,316.8283107127863,0
25.45,44.36392140775762,0.0002875088227696489,316.3078702860147,0
25.466666666666665,44.455702020974456,0.0002812687503296589,315.78824326912445,0
25.483333333333334,44.54733190234866,0.00027516828346700687,315.2694291732425,0
25.5,44.638811285876365,0.0002692041806313456,314.75142749421184,0
25.516666666666666,44.73014040547093,0.0002633732789866656,314.23423771292323,0
25.533333333333335,44.82131949495661,0.0002576724923970913,313.71785929563856,0
25.55,44.912348788062374,0.0002520988094673311,313.2022916943095,0
25.566666666666666,45.00322851841595,0.00024664929163621083,312.6875343468896,0
25.583333333333332,45.09395891953786,0.00024132107132173155,312.1735866776396,0
25.6,45.184540224835786,0.0002361113501162083,311.66044809742795,0
25.616666666666667,45.27497266759894,0.00023101739703002022,311.14811800402424,0
25.633333333333333,45.36525648099262,0.00022603654678260077,310.6365957823888,0
25.65,45.455391898052916,0.00022116619813930107,310.1258808049541,0
25.666666666666668,45.54537915168148,0.0002164038122928298,309.61597243190323,0
25.683333333333334,45.63521847464054,0.00021174691128799338,309.10687001144174,0
25.7,45.724910099547934,0.00020719307648850725,308.5985728800639,0
25.716666666666665,45.81445425887228,0.00020273994708467735,308.09108036281464,0
25.733333333333334,45.90385118492832,0.000198385218640807,307.58439177354614,0
25.75,45.993101109872335,0.00019412664168119543,307.07850641516893,0
25.766666666666666,46.08220426569767,0.00018996202031363856,306.5734235798991,0
25.783333333333335,46.171160884230396,0.00018588921088938154,306.06914254949976,0
25.8,46.259971197125076,0.0001819061206984945,305.5656625955184,0
25.816666666666666,46.348635435860636,0.00017801070669967996,305.06298297951975,0
25.833333333333332,46.43715383173629,0.00017420097428353653,304.5611029533132,0
25.85,46.52552661586763,0.00017047497606835987,304.0600217591772,0
25.866666666666667,46.61375401918283,0.00016683081072756155,303.5597386300784,0
25.883333333333333,46.701836272418845,0.00016326662184782114,303.0602527898865,0
25.9,46.78977360611782,0.00015978059681713444,302.5615634535855,0
25.916666666666668,46.87756625062352,0.00015637096574190213,302.0636698274803,0
25.933333333333334,46.96521443607782,0.00015303600039227877,301.56657110939983,0
25.95,47.05271839241743,0.00014977401317498295,301.07026648889564,0
25.966666666666665,47.140078349370526,0.00014658335613281965,300.5747551474371,0
25.983333333333334,47.227294536453556,0.00014346241997017102,300.0800362586028,0
26.0,47.31436718296817,0.00014040963310375215,299.586108988268,0
26.016666666666666,47.40129651799811,0.0001374234607379214,299.09297249478857,0
26.033333333333335,47.488082770406294,0.00013450240396389046,298.6006259291813,0
26.05,47.57472616883189,0.00013164499888216363,298.10906843530097,0
26.066666666666666,47.6612269416875,0.00012884981574758268,297.6182991500136,0
26.083333333333332,47.7475853171565,0.00012611545813635686,297.12831720336675,0
26.1,47.83380152319025,0.00012344056213447484,296.6391217187559,0
26.116666666666667,47.91987578750558,0.00012082379554692751,296.15071181308855,0
26.133333333333333,48.00580833758224,0.00011826385712716715,295.6630865969442,0
26.15,48.09159940066038,0.00011575947582625947,295.17624517473183,0
26.166666666666668,48.17724920373824,0.00011330941006119611,294.69018664484395,0
26.183333333333334,48.26275797356974,0.00011091244700184962,294.20491009980776,0
26.2,48.34812593666225,0.00010856740187606657,293.7204146264341,0
26.216666666666665,48.43335331927432,0.00010627311729241568,293.236699305962,0
26.233333333333334,48.518440347413616,0.0001040284625801098,292.75376321420174,0
26.25,48.60338724683473,0.000101832333145648,292.2716054216744,0
26.266666666666666,48.6881942430372,9.96836498457277e-05,291.79022499374963,0
26.283333333333335,48.77286156126348,9.75813583759884e-05,291.309620990779,0
26.3,48.85738942649705,9.552442867517159e-05,290.8297924682289,0
26.316666666666666,48.94177806346051,9.351185434428007e-05,290.3507384768092,0
26.333333333333332,49.026027696613774,9.154265208034233e-05,289.8724580626003,0
26.35,49.1101385501523,8.961586112439041e-05,289.39495026717714,0
26.366666666666667,49.19411084800531,8.773054272327828e-05,288.91821412773123,0
26.383333333333333,49.27794481383419,8.588577960497e-05,288.4422486771903,0
26.4,49.36164067103081,8.408067546694885e-05,287.9670529443354,0
26.416666666666668,49.445198642715944,8.231435447739172e-05,287.4926259539157,0
26.433333333333334,49.52861895173774,8.058596078878194e-05,287.0189667267612,0
26.45,49.61190182067026,7.889465806362953e-05,286.54607427989333,0
26.466666666666665,49.69504747181193,7.723962901197713e-05,286.073947626633,0
26.483333333333334,49.77805612718426,7.562007494039213e-05,285.6025857767071,0
26.5,49.86092800853035,7.403521531213542e-05,285.1319877363526,0
26.516666666666666,49.94366333731368,7.248428731822007e-05,284.66215250841844,0
26.533333333333335,50.02626233471675,7.096654545907383e-05,284.19307909246595,0
26.55,50.10872522163983,6.948126113653051e-05,283.7247664848666,0
26.566666666666666,50.19105221869977,6.802772225588049e-05,283.25721367889895,0
26.583333333333332,50.273243546228805,6.660523283772011e-05,282.79041966484215,0
26.6,50.3552994242735,6.521311263934513e-05,282.3243834300692,0
26.616666666666667,50.437220072593504,6.385069678544401e-05,281.8591039591373,0
26.633333333333333,50.51900571066061,6.251733540784466e-05,281.39458023387687,0
26.65,50.60065655765763,6.121239329408877e-05,280.9308112334787,0
26.666666666666668,50.68217283247747,5.993524954460067e-05,280.4677959345797,0
26.683333333333334,50.763554753722076,5.8685297238231876e-05,280.0055333113463,0
26.7,50.844802539701575,5.7461943105964876e-05,279.54402233555703,0
26.716666666666665,50.92591640843335,5.626460721256997e-05,279.083261976683,0
26.733333333333334,51.00689657764112,5.5092722646008334e-05,278.62325120196664,0
26.75,51.08774326475411,5.394573521438318e-05,278.1639889764994,0
26.766666666666666,51.1684566869063,5.2823103150249564e-05,277.70547426329784,0
26.783333333333335,51.249037060935535,5.172429682209237e-05,277.2477060233776,0
26.8,51.32948460338282,5.0648798452790186e-05,276.7906832158267,0
26.816666666666666,51.409799530491576,4.959610184488912e-05,276.33440479787686,0
26.833333333333332,51.48998205820694,4.856571211251212e-05,275.87886972497404,0
26.85,51.57003240217505,4.755714541973633e-05,275.42407695084677,0
26.866666666666667,51.64995077774242,4.6569928725274705e-05,274.97002542757355,0
26.883333333333333,51.72973739995528,4.560359953330333e-05,274.51671410564927,0
26.9,51.809392483559016,4.4657705650276916e-05,274.06414193404964,0
26.916666666666668,51.88891624299753,4.3731804947584396e-05,273.6123078602949,0
26.933333333333334,51.96830889241269,4.282546512989679e-05,273.16121083051183,0
26.95,52.04757064564382,4.1938263509062536e-05,272.71084978949494,0
26.966666666666665,52.12670171622715,4.1069786783414416e-05,272.2612236807662,0
26.983333333333334,52.20570231739535,4.02196308223485e-05,271.8123314466337,0
27.0,52.28457266207704,3.93874004560471e-05,271.3641720282489,0
27.016666666666666,52.36331296289631,3.857270927021403e-05,270.91674436566325,0
27.033333333333335,52.44192343217233,3.77751794056986e-05,270.47004739788326,0
27.05,52.52040428191895,3.699444136288722e-05,270.02408006292444,0
27.066666666666666,52.59875572384421,3.623013381074137e-05,269.57884129786464,0
27.083333333333332,52.676977969350084,3.5481903400369535e-05,269.13433003889554,0
27.1,52.755071229532064,3.47494045830181e-05,268.6905452213741,0
27.116666666666667,52.833035715178816,3.403229943237301e-05,268.2474857798725,0
27.133333333333333,52.91087163677189,3.333025747106486e-05,267.80515064822623,0
27.15,52.98857920448533,3.264295550127441e-05,267.36353875958326,0
27.166666666666668,53.06615862818557,3.1970077439335706e-05,266.92264904645003,0
27.183333333333334,53.14361011743095,3.131131415423941e-05,266.4824804407381,0
27.2,53.220933881471616,3.066636330994041e-05,266.0430318738089,0
27.216666666666665,53.298130129249195,3.0034929211374848e-05,265.6043022765183,0
27.233333333333334,53.37519906939662,2.941672265409695e-05,265.1662905792597,0
27.25,53.45214091023791,2.8811460777446017e-05,264.72899571200634,0
27.266666666666666,53.52895585978798,2.821886826451272e-05,264.29241660435486,0
27.283333333333335,53.60564412575244,2.76386719418389e-05,263.85655218556207,0
27.3,53.682205915527504,2.7070608241074044e-05,263.4214013845877,0
27.316666666666666,53.758641436199724,2.6514418375921693e-05,262.9869631301331,0
27.333333333333332,53.83495089454595,2.596984913474679e-05,262.55323635067975,0
27.35,53.9111344970332,2.5436652827556125e-05,262.1202199745265,0
27.366666666666667,53.9871924498185,2.4914587169664844e-05,261.6879129298266,0
27.383333333333333,54.06312495874877,2.4403415161758002e-05,261.2563141446237,0
27.4,54.13893222936085,2.3902904971688813e-05,260.82542254688724,0
27.416666666666668,54.214614466881336,2.3412829818738628e-05,260.39523706454696,0
27.433333333333334,54.290171876226545,2.2932967860463612e-05,259.96575662552704,0
27.45,54.365604662002454,2.246310208212251e-05,259.5369801577788,0
27.466666666666665,54.440913028504674,2.200302018864625e-05,259.1089065893141,0
27.483333333333334,54.51609717971842,2.155251449909858e-05,258.6815348482363,0
27.5,54.59115731931851,2.1111381843570992e-05,258.2548638627723,0
27.516666666666666,54.666093650669346,2.0679423462456357e-05,257.8288925613025,0
27.533333333333335,54.74090637682491,2.0256444908046687e-05,257.40361987239106,0
27.55,54.81559570052881,1.9842255948397765e-05,256.97904472481537,0
27.566666666666666,54.89016182421425,1.9436670473408125e-05,256.55516604759435,0
27.583333333333332,54.96460495000413,1.9039506403059485e-05,256.13198277001726,0
27.6,55.038925279711066,1.865058559776707e-05,255.70949382167046,0
27.616666666666667,55.113123014837434,1.8269733770788855e-05,255.28769813246515,0
27.633333333333333,55.187198356575415,1.7896780402645507e-05,254.86659463266326,0
27.65,55.26115150580713,1.7531558657502988e-05,254.44618225290372,0
27.666666666666668,55.33498266310467,1.717390530147016e-05,254.02645992422762,0
27.683333333333334,55.408692028730165,1.682366062276778e-05,253.60742657810297,0
27.7,55.482279802635965,1.648066835372203e-05,253.18908114644915,0
27.716666666666665,55.55574618446464,1.6144775594541794e-05,252.7714225616606,0
27.733333333333334,55.629091373549194,1.581583273883454e-05,252.35444975663012,0
27.75,55.70231556891313,1.5493693400822785e-05,251.9381616647719,0
27.766666666666666,55.77541896927054,1.5178214344218318e-05,251.5225572200433,0
27.783333333333335,55.84840177302635,1.4869255412716345e-05,251.10763535696734,0
27.8,55.921264178276395,1.4566679462070767e-05,250.69339501065363,0
27.816666666666666,55.99400638280753,1.427035229371382e-05,250.2798351168195,0
27.833333333333332,56.066628584097884,1.3980142589882952e-05,249.8669546118106,0
27.85,56.13913097931695,1.3695921850220327e-05,249.45475243262052,0
27.866666666666667,56.21151376532578,1.3417564329809266e-05,249.0432275169109,0
27.883333333333333,56.283777138677195,1.3144946978615075e-05,248.63237880303035,0
27.9,56.35592129561589,1.2877949382296078e-05,248.2222052300334,0
27.916666666666668,56.42794643207871,1.2616453704354159e-05,247.81270573769885,0
27.933333333333334,56.49985274369475,1.2360344629591612e-05,247.40387926654762,0
27.95,56.57164042578567,1.2109509308845575e-05,246.99572475786047,0
27.966666666666665,56.64330967336581,1.1863837304968994e-05,246.58824115369535,0
27.983333333333334,56.71486068114245,1.1623220540029525e-05,246.181427396904,0
28.0,56.78629364351602,1.138755324369763e-05,245.7752824311486,0
28.016666666666666,56.857608754580305,1.1156731902796439e-05,245.3698052009177,0
28.033333333333335,56.92880620812269,1.09306552119863e-05,244.96499465154233,0
28.05,56.999886197624384,1.0709224025557496e-05,244.5608497292111,0
28.066666666666666,57.07084891626071,1.0492341310305275e-05,244.15736938098536,0
28.083333333333332,57.14169455690125,1.0279912099462636e-05,243.7545525548141,0
28.1,57.212423312110175,1.0071843447665415e-05,243.35239819954805,0
28.116666666666667,57.28303537414647,9.868044386926668e-06,242.95090526495417,0
28.133333333333333,57.35353093496421,9.66842588359637e-06,242.55007270172914,0
28.15,57.42391018621277,9.472900796283926e-06,242.1498994615129,0
28.166666666666668,57.494173319237156,9.281383834721163e-06,241.75038449690186,0
28.183333333333334,57.56432052507823,9.093791519544136e-06,241.35152676146188,0
28.2,57.634351994473036,8.91004214297241e-06,240.9533252097405,0
28.216666666666665,57.70426791785503,8.730055730365441e-06,240.5557787972798,0
28.233333333333334,57.77406848535434,8.553754002635443e-06,240.15888648062779,0
28.25,57.84375388679814,8.381060339497526e-06,239.76264721735055,0
28.266666666666666,57.91332431171088,8.211899743537382e-06,239.36705996604363,0
28.283333333333335,57.9827799493146,8.046198805078018e-06,238.9721236863432,0
28.3,58.0521209885292,7.883885667827365e-06,238.57783733893694,0
28.316666666666666,58.121347617972766,7.724889995288326e-06,238.18419988557494,0
28.333333333333332,58.19046002596187,7.569142937914451e-06,237.79121028907986,0
28.35,58.259458400511896,7.416577100993641e-06,237.3988675133574,0
28.366666666666667,58.3283429293373,7.267126513243659e-06,237.00717052340602,0
28.383333333333333,58.39711379985198,7.1207265961026915e-06,236.61611828532685,0
28.4,58.46577119916956,6.977314133699801e-06,236.22570976633295,0
28.416666666666668,58.53431531410373,6.836827243489043e-06,235.8359439347589,0
28.433333333333334,58.602746331168554,6.699205347532641e-06,235.44681976006945,0
28.45,58.67106443657879,6.5643891444180326e-06,235.0583362128687,0
28.466666666666665,58.73926981625023,6.432320581794942e-06,234.67049226490846,0
28.483333333333334,58.80736265580006,6.302942829517692e-06,234.2832868890966,0
28.5,58.875343140547145,6.176200253379506e-06,233.89671905950553,0
28.516666666666666,58.9432114555124,6.0520383894253385e-06,233.51078775138,0
28.533333333333335,59.01096778541906,5.93040391882966e-06,233.1254919411448,0
28.55,59.07861231469316,5.811244643327158e-06,232.74083060641257,0
28.566666666666666,59.14614522746373,5.694509461183093e-06,232.35680272599095,0
28.583333333333332,59.21356670756323,5.580148343691601e-06,231.97340727988995,0
28.6,59.2808769385279,5.468112312189803e-06,231.59064324932913,0
28.616666666666667,59.34807610359807,5.3583534155760615e-06,231.20850961674404,0
28.633333333333333,59.41516438571849,5.250824708321195e-06,230.82700536579335,0
28.65,59.48214196753878,5.145480228961322e-06,230.446129481365,0
28.666666666666668,59.54900903141371,5.042274979061468e-06,230.06588094958266,0
28.683333333333334,59.615765759403565,4.941164902639599e-06,229.6862587578119,0
28.7,59.68241233327454,4.842106866040652e-06,229.30726189466628,0
28.716666666666665,59.74894893449908,4.745058638249965e-06,228.92888935001295,0
28.733333333333334,59.81537574425626,4.649978871637141e-06,228.5511401149787,0
28.75,59.88169294343209,4.556827083119797e-06,228.17401318195496,0
28.766666666666666,59.947900712619976,4.465563635738356e-06,227.79750754460386,0
28.783333333333335,60.01399923212104,4.376149720632442e-06,227.42162219786277,0
28.8,60.079988681944485,4.288547339409951e-06,227.04635613794989,0
28.816666666666666,60.14586924180799,4.202719286899902e-06,226.67170836236886,0
28.833333333333332,60.21164109113806,4.1186291342806905e-06,226.2976778699138,0
28.85,60.277304409070425,4.036241212575171e-06,225.9242636606739,0
28.866666666666667,60.3428593744504,3.9555205965044854e-06,225.55146473603787,0
28.883333333333333,60.40830616583327,3.8764330886925735e-06,225.17928009869834,0
28.9,60.47364496148467,3.798945204213561e-06,224.80770875265628,0
28.916666666666668,60.538875939380986,3.7230241554744776e-06,224.43674970322502,0
28.933333333333334,60.603999277209674,3.648637837425597e-06,224.0664019570342,0
28.95,60.66901515236972,3.5757548130915245e-06,223.69666452203393,0
28.966666666666665,60.73392374197198,3.504344299415387e-06,223.3275364074982,0
28.983333333333334,60.79872522283961,3.4343761534096216e-06,222.95901662402878,0
29.0,60.86341977150836,3.365820858606314e-06,222.59110418355874,0
29.016666666666666,60.928007564227066,3.2986495118004095e-06,222.22379809935583,0
29.033333333333335,60.99248877695799,3.2328338100795794e-06,221.8570973860259,0
29.05,61.05686358537721,3.168346038134012e-06,221.4910010595158,0
29.066666666666666,61.12113216487502,3.1051590558402763e-06,221.12550813711687,0
29.083333333333332,61.185294690556304,3.0432462861129124e-06,220.76061763746773,0
29.1,61.249351337240974,2.982581703018082e-06,220.39632858055725,0
29.116666666666667,61.31330227946428,2.923139820143253e-06,220.03263998772718,0
29.133333333333333,61.377147691477326,2.8648956792175e-06,219.6695508816752,0
29.15,61.440887747247345,2.807824838976646e-06,219.30706028645713,0
29.166666666666668,61.50452262045818,2.751903364268031e-06,218.9451672274897,0
29.183333333333334,61.568052484510645,2.697107815389597e-06,218.58387073155282,0
29.2,61.631477512522906,2.6434152376580024e-06,218.22316982679203,0
29.216666666666665,61.694797877330906,2.5908031512009623e-06,217.86306354272054,0
29.233333333333334,61.75801375148876,2.5392495409685973e-06,217.50355091022155,0
29.25,61.82112530726918,2.4887328469592e-06,217.14463096155032,0
29.266666666666666,61.88413271666381,2.4392319546545896e-06,216.786302730336,0
29.283333333333335,61.94703615138366,2.3907261856605797e-06,216.42856525158365,0
29.3,62.00983578285955,2.343195288547864e-06,216.07141756167596,0
29.316666666666666,62.07253178224244,2.296619429889093e-06,215.71485869837502,0
29.333333333333332,62.135124320403904,2.250979185487783e-06,215.35888770082406,0
29.35,62.19761356793644,2.2062555317948673e-06,215.00350360954891,0
29.366666666666667,62.25999969515398,2.1624298375087347e-06,214.64870546645963,0
29.383333333333333,62.3222828720922,2.119483855354848e-06,214.29449231485165,0
29.4,62.38446326850901,2.0773997140408865e-06,213.94086319940754,0
29.416666666666668,62.44654105388488,2.0361599103836815e-06,213.58781716619814,0
29.433333333333334,62.508516397423286,1.9957473016041676e-06,213.23535326268353,0
29.45,62.57038946805113,1.9561450977866266e-06,212.8834705377146,0
29.466666666666665,62.63216043441912,1.9173368544987172e-06,212.5321680415339,0
29.483333333333334,62.69382946490214,1.8793064655687894e-06,212.18144482577654,0
29.5,62.75539672759975,1.8420381560169602e-06,211.83129994347144,0
29.516666666666666,62.81686239033652,1.805516475136701e-06,211.4817324490421,0
29.533333333333335,62.87822662066243,1.7697262897236568e-06,211.13274139830745,0
29.55,62.93948958585338,1.7346527774484089e-06,210.78432584848244,0
29.566666666666666,63.00065145291145,1.7002814203701909e-06,210.43648485817906,0
29.583333333333332,63.06171238856541,1.6665979985883326e-06,210.08921748740696,0
29.6,63.12267255927107,1.6335885840286206e-06,209.74252279757363,0
29.616666666666667,63.18353213121172,1.601239534361486e-06,209.3963998514856,0
29.633333333333333,63.24429127029857,1.5695374870492566e-06,209.05084771334836,0
29.65,63.30495014217108,1.538469353519667e-06,208.70586544876718,0
29.666666666666668,63.36550891219744,1.5080223134628871e-06,208.36145212474727,0
29.683333333333334,63.425967745474935,1.4781838092493404e-06,208.01760680969434,0
29.7,63.48632680683032,1.4489415404657937e-06,207.6743285734146,0
29.716666666666665,63.546586260820355,1.420283458567081e-06,207.33161648711524,0
29.733333333333334,63.60674627173206,1.3921977616410346e-06,206.9894696234045,0
29.75,63.66680700358324,1.3646728892840784e-06,206.64788705629178,0
29.766666666666666,63.72676862012285,1.337697517585216e-06,206.306867861188,0
29.783333333333335,63.78663128483138,1.3112605542159846e-06,205.96641111490527,0
29.8,63.846395160921276,1.2853511336241202e-06,205.6265158956571,0
29.816666666666666,63.90606041133741,1.2599586123287047e-06,205.28718128305835,0
29.833333333333332,63.96562719875738,1.2350725643145894e-06,204.94840635812528,0
29.85,64.02509568559202,1.2106827765239956e-06,204.6101902032751,0
29.866666666666667,64.08446603398573,1.1867792444431565e-06,204.2725319023261,0
29.883333333333333,64.14373840581699,1.1633521677819782e-06,203.93543054049746,0
29.9,64.20291296269859,1.1403919462447224e-06,203.59888520440873,0
29.916666666666668,64.26198986597821,1.1178891753897505e-06,203.26289498207976,0
29.933333333333334,64.3209692767388,1.095834642576433e-06,202.92745896293047,0
29.95,64.37985135579885,1.0742193229972907e-06,202.59257623778035,0
29.966666666666665,64.438636263713,1.053034375793651e-06,202.25824589884797,0
29.983333333333334,64.49732416077227,1.0322711402529162e-06,201.92446703975085,0
30.0,64.55591520700462,1.0119211320857566e-06,201.59123875550475,0
30.016666666666666,64.61440956217523,9.919760397815103e-07,201.25856014252335,0
30.033333333333335,64.67280738578697,9.724277210400948e-07,200.9264302986176,0
30.05,64.73110883708081,9.532681992788245e-07,200.5948483229952,0
30.066666666666666,64.78931407503623,9.344896602124966e-07,200.26381331626015,0
30.083333333333332,64.84742325837156,9.160844485052022e-07,199.9333243804118,0
30.1,64.90543654554449,8.98045064492318e-07,199.6033806188446,0
30.116666666666667,64.96335409475242,8.803641609712013e-07,199.27398113634706,0
30.133333333333333,65.02117606393283,8.630345400591013e-07,198.94512503910136,0
30.15,65.07890261076376,8.460491501168337e-07,198.61681143468235,0
30.166666666666668,65.13653389266419,8.294010827368834e-07,198.28903943205697,0
30.183333333333334,65.1940700667944,8.130835697944744e-07,197.96180814158336,0
30.2,65.25151129005647,7.970899805603462e-07,197.63511667501004,0
30.216666666666665,65.30885771909456,7.814138188738608e-07,197.3089641454751,0
30.233333333333334,65.36610951029544,7.660487203751883e-07,196.98334966750534,0
30.25,65.42326681978884,7.509884497953152e-07,196.6582723570153,0
30.266666666666666,65.48032980344782,7.362268983026291e-07,196.3337313313065,0
30.283333333333335,65.53729861688919,7.217580809048877e-07,196.00972570906623,0
30.3,65.59417341547396,7.075761339053923e-07,195.68625461036686,0
30.316666666666666,65.65095435430776,6.936753124122134e-07,195.3633171566647,0
30.333333333333332,65.7076415882411,6.800499878993588e-07,195.04091247079901,0
30.35,65.76423527186994,6.666946458187468e-07,194.71903967699095,0
30.366666666666667,65.82073555953599,6.536038832619438e-07,194.39769790084256,0
30.383333333333333,65.87714260532717,6.407724066705879e-07,194.0768862693356,0
30.4,65.93345656307794,6.28195029594476e-07,193.75660391083065,0
30.416666666666668,65.98967758636977,6.15866670496308e-07,193.43684995506572,0
30.433333333333334,66.04580582853153,6.037823506020886e-07,193.11762353315538,0
30.45,66.10184144263991,5.919371917962272e-07,192.79892377758932,0
30.466666666666665,66.1577845815197,5.803264145604076e-07,192.4807498222314,0
30.483333333333334,66.21363539774435,5.689453359552636e-07,192.16310080231835,0
30.5,66.26939404363627,5.57789367643979e-07,191.8459758544587,0
30.516666666666666,66.32506067126728,5.468540139569525e-07,191.52937411663117,0
30.533333333333335,66.38063543245896,5.361348699965983e-07,191.21329472818394,0
30.55,66.43611847878307,5.256276197814888e-07,190.89773682983298,0
30.566666666666666,66.49150996156202,5.153280344289876e-07,190.5826995636611,0
30.583333333333332,66.5468100318691,5.052319703755568e-07,190.26818207311612,0
30.6,66.60201884052907,4.953353676339683e-07,189.95418350301034,0
30.616666666666667,66.6571365381184,4.856342480866024e-07,189.64070299951842,0
30.633333333333333,66.71216327496576,4.761247138141177e-07,189.32773971017662,0
30.65,66.76709920115242,4.6680294545870335e-07,189.01529278388102,0
30.666666666666668,66.82194446651258,4.5766520062123196e-07,188.7033613708866,0
30.683333333333334,66.87669922063377,4.487078122915597e-07,188.39194462280537,0
30.7,66.93136361285733,4.3992718731129637e-07,188.08104169260528,0
30.716666666666665,66.98593779227872,4.313198048683656e-07,187.77065173460872,0
30.733333333333334,67.04042190774798,4.2288221502267626e-07,187.46077390449113,0
30.75,67.09481610787002,4.1461103726225795e-07,187.1514073592795,0
30.766666666666666,67.14912054100512,4.0650295908922087e-07,186.8425512573509,0
30.783333333333335,67.2033353552693,3.985547346349124e-07,186.5342047584311,0
30.8,67.25746069853466,3.9076318330366104e-07,186.22636702359307,0
30.816666666666666,67.31149671842984,3.831251884444976e-07,185.91903721525549,0
30.833333333333332,67.36544356234036,3.756376960502949e-07,185.61221449718118,0
30.85,67.41930137740906,3.682977134837038e-07,185.30589803447572,0
30.866666666666667,67.47307031053636,3.611023082293825e-07,185.0000869935858,0
30.883333333333333,67.52675050838089,3.5404860667191285e-07,184.69478054229776,0
30.9,67.58034211735965,3.471337928989136e-07,184.38997784973614,0
30.916666666666668,67.63384528364853,3.4035510752878816e-07,184.0856780863619,0
30.933333333333334,67.68726015318262,3.3370984656260946e-07,183.781880423971,0
30.95,67.74058687165666,3.2719536025963526e-07,183.4785840356929,0
30.966666666666665,67.79382558452544,3.208090520359559e-07,183.17578809598882,0
30.983333333333334,67.84697643700406,3.1454837738579557e-07,182.87349178065028,0
31.0,67.9000395740685,3.0841084282499424e-07,182.57169426679746,0
31.016666666666666,67.95301514045588,3.0239400485619564e-07,182.2703947328775,0
31.033333333333335,68.00590328066485,2.9649546895530913e-07,181.96959235866302,0
31.05,68.05870413895607,2.907128885787871e-07,181.6692863252506,0
31.066666666666666,68.1114178593525,2.850439641912845e-07,181.36947581505873,0
31.083333333333332,68.1640445856398,2.7948644231328285e-07,181.07016001182672,0
31.1,68.21658446136672,2.740381145882575e-07,180.77133810061252,0
31.116666666666667,68.26903762984554,2.686968168689773e-07,180.47300926779158,0
31.133333333333333,68.32140423415238,2.634604283225501e-07,180.17517270105478,0
31.15,68.37368441712763,2.5832687055381676e-07,179.87782758940696,0
31.166666666666668,68.42587832137627,2.5329410674670516e-07,179.58097312316522,0
31.183333333333334,68.47798608926831,2.483601408231901e-07,179.28460849395728,0
31.2,68.53000786293919,2.435230166194661e-07,178.98873289471967,0
31.216666666666665,68.58194378429008,2.387808170790038e-07,178.69334551969615,0
31.233333333333334,68.63379399498828,2.3413166346211745e-07,178.39844556443597,0
31.25,68.6855586364677,2.2957371457171162e-07,178.10403222579225,0
31.266666666666666,68.73723784992912,2.2510516599486669e-07,177.8101047019201,0
31.283333333333335,68.7888317763406,2.207242493599399e-07,177.51666219227502,0
31.3,68.84034055643785,2.1642923160885266e-07,177.22370389761116,0
31.316666666666666,68.89176433072474,2.122184142842566e-07,176.9312290199797,0
31.333333333333332,68.9431032394734,2.080901328312593e-07,176.63923676272688,0
31.35,68.9943574227249,2.0404275591342395e-07,176.3477263304925,0
31.366666666666667,69.04552702028938,2.0007468474273168e-07,176.0566969292081,0
31.383333333333333,69.09661217174663,1.9618435242322934e-07,175.76614776609512,0
31.4,69.14761301644629,1.923702233080648e-07,175.47607804966322,0
31.416666666666668,69.1985296935083,1.8863079236965384e-07,175.18648698970867,0
31.433333333333334,69.24936234182334,1.8496458458268745e-07,174.8973737973124,0
31.45,69.30011110005307,1.8137015431972335e-07,174.6087376848383,0
31.466666666666665,69.3507761066306,1.7784608475909767e-07,174.32057786593145,0
31.483333333333334,69.40135749976088,1.7439098730491147e-07,174.0328935555164,0
31.5,69.45185541742093,1.7100350101882528e-07,173.7456839697954,0
31.516666666666666,69.50226999736036,1.6768229206343576e-07,173.4589483262465,0
31.533333333333335,69.55260137710168,1.644260531569885e-07,173.17268584362193,0
31.55,69.6028496939407,1.6123350303918202e-07,172.88689574194623,0
31.566666666666666,69.65301508494682,1.5810338594785548e-07,172.6015772425145,0
31.583333333333332,69.7030976869635,1.5503447110631796e-07,172.31672956789063,0
31.6,69.7530976366086,1.5202555222110877e-07,172.0323519419054,0
31.616666666666667,69.8030150702747,1.4907544698997035e-07,171.74844358965484,0
31.633333333333333,69.85285012412949,1.4618299661982284e-07,171.4650037374984,0
31.65,69.90260293411619,1.433470653545395e-07,171.18203161305695,0
31.666666666666668,69.95227363595384,1.40566540012313e-07,170.89952644521134,0
31.683333333333334,70.00186236513771,1.378403295324213e-07,170.6174874641003,0
31.7,70.05136925693965,1.3516736453119875e-07,170.33591390111886,0
31.716666666666665,70.10079444640849,1.3254659686702144e-07,170.05480498891615,0
31.733333333333334,70.15013806837032,1.2997699921411995e-07,169.77415996139416,0
31.75,70.19940025742899,1.2745756464504456e-07,169.49397805370555,0
31.766666666666666,70.2485811479663,1.2498730622159491e-07,169.21425850225182,0
31.783333333333335,70.29768087414253,1.2256525659405133e-07,168.93500054468183,0
31.8,70.34669956989667,1.201904676085292e-07,168.6562034198894,0
31.816666666666666,70.39563736894688,1.1786200992229096e-07,168.3778663680122,0
31.833333333333332,70.44449440479082,1.1557897262685733e-07,168.0999886304294,0
31.85,70.49327081070595,1.1334046287874944e-07,167.82256944976,0
31.866666666666667,70.54196671974998,1.1114560553771552e-07,167.54560806986123,0
31.883333333333333,70.59058226476117,1.0899354281227656e-07,167.26910373582635,0
31.9,70.63911757835875,1.0688343391245204e-07,166.99305569398308,0
31.916666666666668,70.68757279294319,1.0481445470951345e-07,166.71746319189168,0
31.933333333333334,70.73594804069661,1.0278579740261757e-07,166.44232547834318,0
31.95,70.7842434535832,1.0079667019219031e-07,166.1676418033575,0
31.966666666666665,70.83245916334941,9.884629695990825e-08,165.89341141818173,0
31.983333333333334,70.8805953015245,9.693391695515445e-08,165.61963357528816,0
32.0,70.92865199942072,9.505878448781055e-08,165.3463075283725,0
32.016666666666666,70.97662938813384,9.32201686272571e-08,165.07343253235214,0
32.03333333333333,71.02452759854336,9.141735290745231e-08,164.8010078433642,0
32.05,71.0723467613129,8.964963503797035e-08,164.5290327187637,0
32.06666666666667,71.1200870068906,8.791632662087303e-08,164.25750641712185,0
32.083333333333336,71.16774846550943,8.621675287329614e-08,163.98642819822408,0
32.1,71.21533126718762,8.455025235563535e-08,163.71579732306836,0
32.11666666666667,71.26283554172885,8.29161767052154e-08,163.44561305386324,0
32.13333333333333,71.31026141872277,8.131389037533338e-08,163.17587465402602,0
32.15,71.35760902754528,7.974277037956294e-08,162.90658138818108,0
32.166666666666664,71.40487849735881,7.820220604121341e-08,162.63773252215785,0
32.18333333333333,71.45206995711284,7.669159874784188e-08,162.36932732298897,0
32.2,71.4991835355441,7.521036171070824e-08,162.1013650589087,0
32.21666666666667,71.54621936117698,7.375791972907853e-08,161.83384499935087,0
32.233333333333334,71.59317756232387,7.233370895927772e-08,161.56676641494712,0
32.25,71.6400582670855,7.093717668838771e-08,161.30012857752516,0
32.266666666666666,71.68686160335133,6.9567781112507e-08,161.0339307601066,0
32.28333333333333,71.73358769879982,6.822499111946963e-08,160.76817223690566,0
32.3,71.78023668089885,6.690828607593685e-08,160.50285228332683,0
32.31666666666667,71.82680867690597,6.5617155618775e-08,160.23797017596337,0
32.333333333333336,71.87330381386889,6.435109945062446e-08,159.9735251925953,0
32.35,71.9197222186257,6.310962713958368e-08,159.70951661218774,0
32.36666666666667,71.96606401780527,6.189225792291762e-08,159.4459437148889,0
32.38333333333333,72.01232933782758,6.069852051471235e-08,159.1828057820283,0
32.4,72.05851830490406,5.9527952917394915e-08,158.9201020961151,0
32.416666666666664,72.10463104503792,5.8380102237038316e-08,158.65783194083605,0
32.43333333333333,72.15066768402454,5.7254524502377464e-08,158.39599460105387,0
32.45,72.19662834745176,5.6150784487458423e-08,158.13458936280517,0
32.46666666666667,72.24251316070023,5.506845553784792e-08,157.87361551329897,0
32.483333333333334,72.28832224894381,5.4007119400331855e-08,157.61307234091458,0
32.5,72.33405573714981,5.296636605602963e-08,157.35295913519982,0
32.516666666666666,72.3797137500794,5.19457935568571e-08,157.0932751868695,0
32.53333333333333,72.42529641228792,5.0945007865270304e-08,156.83401978780316,0
32.55,72.47080384812527,4.9963622697221236e-08,156.5751922310435,0
32.56666666666667,72.51623618173612,4.900125936826301e-08,156.3167918107946,0
32.583333333333336,72.5615935370604,4.805754664273871e-08,156.05881782241997,0
32.6,72.60687603783357,4.7132120585993453e-08,155.80126956244087,0
32.61666666666667,72.65208380758689,4.6224624419545396e-08,155.54414632853428,0
32.63333333333333,72.69721696964791,4.533470837916004e-08,155.2874474195314,0
32.65,72.74227564714066,4.4462029575764145e-08,155.03117213541543,0
32.666666666666664,72.78725996298603,4.360625185914545e-08,154.77531977732025,0
32.68333333333333,72.83217003990215,4.2767045684380704e-08,154.51988964752826,0
32.7,72.87700600040469,4.1944087980936044e-08,154.26488104946856,0
32.71666666666667,72.92176796680715,4.113706202438712e-08,154.01029328771543,0
32.733333333333334,72.96645606122124,4.0345657310703824e-08,153.75612566798625,0
32.75,73.01107040555723,3.956956943305114e-08,153.50237749713978,0
32.766666666666666,73.05561112152428,3.88084999610508e-08,153.24904808317447,0
32.78333333333333,73.10007833063071,3.806215632245865e-08,152.99613673522643,0
32.8,73.14447215418433,3.7330251687205256e-08,152.74364276356795,0
32.81666666666667,73.18879271329288,3.661250485375459e-08,152.49156547960524,0
32.833333333333336,73.23304012886425,3.5908640137731414e-08,152.23990419587722,0
32.85,73.27721452160682,3.521838726277485e-08,151.98865822605316,0
32.86666666666667,73.32131601202987,3.4541481253569566e-08,151.73782688493128,0
32.88333333333333,73.36534472044383,3.387766233101456e-08,151.48740948843678,0
32.9,73.4093007669606,3.322667580948139e-08,151.23740535362012,0
32.916666666666664,73.45318427149394,3.258827199612603e-08,150.9878137986552,0
32.93333333333333,73.49699535375974,3.196220609220703e-08,150.73863414283753,0
32.95,73.54073413327637,3.1348238096372815e-08,150.48986570658252,0
32.96666666666667,73.584400729365,3.0746132709878274e-08,150.2415078114237,0
32.983333333333334,73.62799526114996,3.015565924369024e-08,149.9935597800109,0
33.0,73.67151784755899,2.9576591527445358e-08,149.74602093610847,0
33.016666666666666,73.71496860732358,2.900870782022223e-08,149.49889060459347,0
33.03333333333333,73.75834765897942,2.8451790723091587e-08,149.25216811145398,0
33.05,73.80165512086649,2.790562709340854e-08,149.0058527837873,0
33.06666666666667,73.84489111112958,2.7370007960811626e-08,148.7599439497981,0
33.083333333333336,73.88805574771855,2.684472844489557e-08,148.51444093879678,0
33.1,73.93114914838863,2.6329587674521647e-08,148.2693430811976,0
33.11666666666667,73.97417143070075,2.582438870873587e-08,148.0246497085169,0
33.13333333333333,74.01712271202186,2.5328938459259465e-08,147.78036015337142,0
33.15,74.06000310952528,2.484304761452275e-08,147.5364737494765,0
33.166666666666664,74.10281274019094,2.4366530565209367e-08,147.29298983164438,0
33.18333333333333,74.14555172080581,2.389920533128221e-08,147.0499077357822,0
33.2,74.1882201679641,2.3440893490459384e-08,146.80722679889058,0
33.21666666666667,74.2308181980677,2.2991420108113514e-08,146.56494635906165,0
33.233333333333334,74.27334592732636,2.2550613668562897e-08,146.32306575547733,0
33.25,74.31580347175816,2.2118306007729346e-08,146.08158432840764,0
33.266666666666666,74.35819094718968,2.169433224713363e-08,145.84050141920886,0
33.28333333333333,74.40050846925641,2.1278530729201883e-08,145.59981637032195,0
33.3,74.44275615340302,2.0870742953857446e-08,145.3595285252705,0
33.31666666666667,74.48493411488371,2.0470813516371235e-08,145.11963722865931,0
33.333333333333336,74.52704246876249,2.0078590046446247e-08,144.88014182617255,0
33.35,74.5690813299135,1.969392314851161e-08,144.64104166457184,0
33.36666666666667,74.61105081302134,1.9316666343200822e-08,144.4023360916948,0
33.38333333333333,74.65295103258134,1.894667600999151e-08,144.16402445645306,0
33.4,74.69478210289996,1.8583811330983384e-08,143.9261061088307,0
33.416666666666664,74.73654413809501,1.8227934235790495e-08,143.68858039988254,0
33.43333333333333,74.77823725209599,1.7878909347527465e-08,143.45144668173216,0
33.45,74.81986155864443,1.7536603929865404e-08,143.21470430757046,0
33.46666666666667,74.86141717129415,1.720088783513814e-08,142.97835263165382,0
33.483333333333334,74.9029042034116,1.6871633453476673e-08,142.7423910093023,0
33.5,74.94432276817616,1.6548715662951158e-08,142.50681879689813,0
33.516666666666666,74.9856729785805,1.6232011780701506e-08,142.2716353518838,0
33.53333333333333,75.02695494743074,1.5921401515034965e-08,142.03684003276035,0
33.55,75.06816878734695,1.56167669184732e-08,141.80243219908579,0
33.56666666666667,75.10931461076329,1.5317992341728173e-08,141.5684112114733,0
33.583333333333336,75.15039252992847,1.5024964388590194e-08,141.33477643158952,0
33.6,75.1914026569059,1.4737571871707745e-08,141.10152722215287,0
33.61666666666667,75.23234510357412,1.4455705769243197e-08,140.8686629469318,0
33.63333333333333,75.27321998162704,1.4179259182385565e-08,140.63618297074322,0
33.65,75.31402740257421,1.3908127293704003e-08,140.4040866594506,0
33.666666666666664,75.35476747774128,1.3642207326324986e-08,140.17237337996238,0
33.68333333333333,75.39544031827012,1.3381398503916525e-08,139.9410425002303,0
33.7,75.43604603511918,1.312560201146361e-08,139.71009338924773,0
33.71666666666667,75.47658473906388,1.2874720956819106e-08,139.47952541704782,0
33.733333333333334,75.51705654069679,1.2628660333014222e-08,139.24933795470196,0
33.75,75.55746155042802,1.2387326981314091e-08,139.01953037431807,0
33.766666666666666,75.59779987848545,1.2150629555003006e-08,138.79010204903892,0
33.78333333333333,75.6380716349151,1.1918478483884846e-08,138.56105235304034,0
33.8,75.67827692958137,1.1690785939484757e-08,138.33238066152964,0
33.81666666666667,75.7184158721674,1.1467465800938096e-08,138.104086350744,0
33.833333333333336,75.75848857217528,1.1248433621552346e-08,137.87616879794865,0
33.85,75.79849513892643,1.1033606596029354e-08,137.64862738143526,0
33.86666666666667,75.83843568156189,1.0822903528334319e-08,137.42146148052032,0
33.88333333333333,75.87831030904256,1.0616244800198759e-08,137.1946704755433,0
33.9,75.91811913014956,1.0413552340244841e-08,136.96825374786522,0
33.916666666666664,75.9578622534845,1.0214749593718664e-08,136.74221067986693,0
33.93333333333333,75.99753978746978,1.0019761492820403e-08,136.51654065494714,0
33.95,76.03715184034884,9.828514427619659e-09,136.2912430575213,0
33.96666666666667,76.07669852018654,9.640936217543753e-09,136.06631727301954,0
33.983333333333334,76.11617993486942,9.45695608342831e-09,135.84176268788505,0
34.0,76.15559619210596,9.276504620118682e-09,135.61757868957264,0
34.016666666666666,76.1949473994269,9.099513769610743e-09,135.3937646665469,0
34.03333333333333,76.23423366418554,8.925916794721408e-09,135.1703200082806,0
34.05,76.27345509355803,8.755648253277313e-09,134.94724410525313,0
34.06666666666667,76.31261179454366,8.588643972811932e-09,134.7245363489487,0
34.083333333333336,76.35170387396512,8.424841025760935e-09,134.50219613185487,0
34.1,76.39073143846882,8.264177705145552e-09,134.28022284746083,0
34.11666666666667,76.42969459452526,8.106593500735225e-09,134.05861589025565,0
34.13333333333333,76.46859344842913,7.952029075678501e-09,133.8373746557269,0
34.15,76.50742810629977,7.800426243594356e-09,133.61649854035883,0
34.166666666666664,76.54619867408141,7.651727946113981e-09,133.39598694163075,0
34.18333333333333,76.58490525754343,7.505878230864192e-09,133.17583925801554,0
34.2,76.62354796228064,7.362822229884001e-09,132.95605488897786,0
34.21666666666667,76.66212689371363,7.222506138465435e-09,132.73663323497271,0
34.233333333333334,76.70064215708902,7.084877194410478e-09,132.51757369744348,0
34.25,76.73909385744872,6.949883657695505e-09,132.29887568120466,0
34.266666666666666,76.77748209972391,6.817474790657705e-09,132.08053858724023,0
34.28333333333333,76.81580698864103,6.687600838090022e-09,131.8625618199507,0
34.3,76.85406862875362,6.5602130084266665e-09,131.64494478471892,0
34.31666666666667,76.89226712444278,6.435263454860804e-09,131.4276868879081,0
34.333333333333336,76.93040257991731,6.312705256922542e-09,131.21078753686052,0
34.35,76.96847509921403,6.192492402424794e-09,130.99424613989578,0
34.36666666666667,77.00648478619809,6.074579769764315e-09,130.77806210630914,0
34.38333333333333,77.04443174456325,5.958923110570176e-09,130.5622348463701,0
34.4,77.08231607783213,5.845479032692917e-09,130.34676377132064,0
34.416666666666664,77.1201378893565,5.734204983527439e-09,130.13164829337376,0
34.43333333333333,77.15789728231759,5.625059233663125e-09,129.91688782571177,0
34.45,77.19559435972639,5.518000860854719e-09,129.7024817824847,0
34.46666666666667,77.23322922442382,5.412989734307565e-09,129.48842957880896,0
34.483333333333334,77.27080197908117,5.309986499271077e-09,129.27473063076542,0
34.5,77.30831272620021,5.208952561934201e-09,129.061384355398,0
34.516666666666666,77.34576156811366,5.109850074617051e-09,128.84839017071212,0
34.53333333333333,77.38314860698526,5.012641921252762e-09,128.63574749567306,0
34.55,77.42047394481021,4.917291703153931e-09,128.42345575020437,0
34.56666666666667,77.45773768341539,4.823763725057844e-09,128.2115143551864,0
34.583333333333336,77.49493992445963,4.732022981445275e-09,127.9999227324546,0
34.6,77.532080769434,4.642035143127043e-09,127.78868030479809,0
34.61666666666667,77.5691603196621,4.553766544093513e-09,127.57778649595797,0
34.63333333333333,77.60617867630026,4.46718416862142e-09,127.36724073062585,0
34.65,77.64313594033793,4.382255638633259e-09,127.15704243444229,0
34.666666666666664,77.68003221259791,4.298949201304043e-09,126.94719103399507,0
34.68333333333333,77.71686759373657,4.217233716910684e-09,126.73768595681791,0
34.7,77.75364218424421,4.137078646919159e-09,126.52852663138883,0
34.71666666666667,77.79035608444528,4.058454042304727e-09,126.31971248712843,0
34.733333333333334,77.82700939449863,3.981330532100664e-09,126.11124295439846,0
34.75,77.86360221439789,3.90567931217106e-09,125.90311746450047,0
34.766666666666666,77.90013464397164,3.831472134203055e-09,125.69533544967393,0
34.78333333333333,77.9366067828837,3.7586812949144755e-09,125.48789634309485,0
34.8,77.97301873063341,3.687279625472371e-09,125.28079957887431,0
34.81666666666667,78.00937058655599,3.617240481118471e-09,125.07404459205682,0
34.833333333333336,78.04566244982263,3.548537730997372e-09,124.86763081861876,0
34.85,78.08189441944091,3.4811457481835097e-09,124.66155769546708,0
34.86666666666667,78.11806659425501,3.4150393999031066e-09,124.45582466043737,0
34.88333333333333,78.15417907294598,3.350194037946935e-09,124.25043115229278,0
34.9,78.19023195403201,3.28658548927059e-09,124.04537661072214,0
34.916666666666664,78.22622533586879,3.2241900467781487e-09,123.84066047633867,0
34.93333333333333,78.26215931664957,3.1629844602859665e-09,123.63628219067834,0
34.95,78.29803399440567,3.1029459276627948e-09,123.43224119619845,0
34.96666666666667,78.33384946700652,3.0440520861428982e-09,123.22853693627597,0
34.983333333333334,78.36960583216013,2.9862810038087304e-09,123.02516885520619,0
35.0,78.40530318741321,2.9296111712398385e-09,122.82213639820105,0
35.016666666666666,78.44094163015151,2.87402149332469e-09,122.61943901138781,0
35.03333333333333,78.47652125760008,2.819491281232329e-09,122.41707614180744,0
35.05,78.5120421668235,2.7660002445405495e-09,122.21504723741313,0
35.06666666666667,78.54750445472615,2.7135284835176973e-09,122.01335174706873,0
35.083333333333336,78.58290821805251,2.6620564815549e-09,121.81198912054741,0
35.1,78.61825355338743,2.61156509774593e-09,121.61095880853011,0
35.11666666666667,78.65354055715632,2.562035559611691e-09,121.41026026260391,0
35.13333333333333,78.68876932562547,2.5134494559665324e-09,121.20989293526067,0
35.15,78.72393995490233,2.4657887299236413e-09,121.00985627989553,0
35.166666666666664,78.75905254093573,2.4190356720366584e-09,120.81014975080548,0
35.18333333333333,78.79410717951615,2.373172913574982e-09,120.61077280318769,0
35.2,78.82910396627598,2.3281834199301e-09,120.41172489313819,0
35.21666666666667,78.8640429966898,2.284050484150302e-09,120.21300547765041,0
35.233333333333334,78.89892436607467,2.2407577206013493e-09,120.01461401461358,0
35.25,78.93374816959026,2.198289058750589e-09,119.81654996281137,0
35.266666666666666,78.96851450223924,2.1566287370720776e-09,119.61881278192028,0
35.28333333333333,79.00322345886752,2.115761297070367e-09,119.4214019325084,0
35.3,79.0378751341645,2.0756715774206186e-09,119.2243168760337,0
35.31666666666667,79.0724696226632,2.0363447082227583e-09,119.02755707484268,0
35.333333333333336,79.10700701874079,1.997766105367471e-09,118.83112199216892,0
35.35,79.14148741661862,1.9599214650117383e-09,118.63501109213162,0
35.36666666666667,79.17591091036248,1.9227967581619522e-09,118.4392238397341,0
35.38333333333333,79.21027759388303,1.8863782253623122e-09,118.2437597008624,0
35.4,79.2445875609359,1.8506523714865493e-09,118.04861814228376,0
35.416666666666664,79.27884090512198,1.8156059606309472e-09,117.8537986316452,0
35.43333333333333,79.31303771988772,1.7812260111066499e-09,117.6593006374721,0
35.45,79.34717809852533,1.747499790529285e-09,117.46512362916675,0
35.46666666666667,79.38126213417308,1.7144148110040753e-09,117.27126707700681,0
35.483333333333334,79.41528991981556,1.681958824404527e-09,117.0777304521441,0
35.5,79.44926154828384,1.650119817742826e-09,116.88451322660288,0
35.516666666666666,79.48317711225583,1.618886008630227e-09,116.69161487327855,0
35.53333333333333,79.5170367042565,1.588245840825599e-09,116.49903486593627,0
35.55,79.55084041665809,1.5581879798704638e-09,116.30677267920946,0
35.56666666666667,79.58458834168044,1.528701308808792e-09,116.11482778859833,0
35.583333333333336,79.61828057139117,1.4997749239899171e-09,115.92319967046855,0
35.6,79.65191719770598,1.4713981309529539e-09,115.73188780204974,0
35.61666666666667,79.68549831238886,1.4435604403910823e-09,115.54089166143413,0
35.63333333333333,79.71902400705237,1.4162515641942272e-09,115.35021072757507,0
35.65,79.75249437315789,1.3894614115684622e-09,115.15984448028566,0
35.666666666666664,79.78590950201584,1.3631800852308048e-09,114.96979240023722,0
35.68333333333333,79.819269484786,1.3373978776777738e-09,114.78005396895811,0
35.7,79.85257441247767,1.312105267526394e-09,114.59062866883207,0
35.71666666666667,79.88582437594992,1.2872929159261071e-09,114.40151598309694,0
35.733333333333334,79.91901946591193,1.262951663040378e-09,114.21271539584329,0
35.75,79.95215977292317,1.23907252459642e-09,114.02422639201288,0
35.766666666666666,79.98524538739363,1.2156466885019025e-09,113.83604845739737,0
35.78333333333333,80.01827639958412,1.1926655115272139e-09,113.64818107863687,0
35.8,80.05125289960652,1.1701205160520526e-09,113.4606237432186,0
35.81666666666667,80.08417497742394,1.1480033868750688e-09,113.27337593947541,0
35.833333333333336,80.11704272285107,1.1263059680853412e-09,113.08643715658445,0
35.85,80.14985622555434,1.1050202599944745e-09,112.89980688456576,0
35.86666666666667,80.18261557505222,1.084138416128128e-09,112.71348461428084,0
35.88333333333333,80.21532086071547,1.0636527402758459e-09,112.5274698374314,0
35.9,80.2479721717673,1.0435556835980126e-09,112.34176204655772,0
35.916666666666664,80.28056959728372,1.0238398417888417e-09,112.1563607350376,0
35.93333333333333,80.31311322619374,1.0044979522943057e-09,111.97126539708471,0
35.95,80.34560314727959,9.855228915839338e-10,111.78647552774734,0
35.96666666666667,80.37803944917698,9.669076724754299e-10,111.601990622907,0
35.983333333333334,80.41042222037537,9.486454415110683e-10,111.41781017927704,0
36.0,80.44275154921813,9.307294763848717e-10,111.23393369440129,0
36.016666666666666,80.4750275239029,9.131531834195902e-10,111.05036066665267,0
36.03333333333333,80.50725023248174,8.959100950924761e-10,110.86709059523187,0
36.05,80.53941976286136,8.789938676089652e-10,110.68412298016585,0
36.06666666666667,80.57153620280344,8.623982785232477e-10,110.5014573223067,0
36.083333333333336,80.60359963992482,8.461172244049132e-10,110.31909312333019,0
36.1,80.63561016169774,8.301447185506782e-10,110.13702988573422,0
36.11666666666667,80.66756785545009,8.144748887403896e-10,109.9552671128378,0
36.13333333333333,80.6994728083656,7.991019750364058e-10,109.77380430877946,0
36.15,80.7313251074842,7.84020327625531e-10,109.59264097851596,0
36.166666666666664,80.76312483970207,7.692244047026538e-10,109.41177662782096,0
36.18333333333333,80.79487209177209,7.547087703952875e-10,109.23121076328364,0
36.2,80.8265669503039,7.404680927282436e-10,109.05094289230742,0
36.21666666666667,80.85820950176422,7.264971416276068e-10,108.87097252310856,0
36.233333333333334,80.88979983247711,7.127907869632788e-10,108.69129916471483,0
36.25,80.9213380286241,6.993439966293571e-10,108.51192232696417,0
36.266666666666666,80.95282417624455,6.861518346615667e-10,108.33284152050338,0
36.28333333333333,80.98425836123582,6.732094593910655e-10,108.15405625678679,0
36.3,81.01564066935349,6.605121216339004e-10,107.97556604807482,0
36.31666666666667,81.04697118621161,6.480551629154095e-10,107.79737040743287,0
36.333333333333336,81.07824999728295,6.358340137289333e-10,107.61946884872978,0
36.35,81.10947718789927,6.238441918281077e-10,107.44186088663662,0
36.36666666666667,81.14065284325144,6.120813005521282e-10,107.26454603662529,0
36.38333333333333,81.17177704838976,6.005410271833534e-10,107.08752381496728,0
36.4,81.20284988822414,5.892191413365787e-10,106.91079373873232,0
36.416666666666664,81.23387144752444,5.781114933793977e-10,106.73435532578709,0
36.43333333333333,81.26484181092054,5.672140128830356e-10,106.55820809479384,0
36.45,81.29576106290273,5.565227071030715e-10,106.38235156520912,0
36.46666666666667,81.32662928782177,5.460336594894573e-10,106.20678525728246,0
36.483333333333334,81.35744656988932,5.357430282252764e-10,106.0315086920551,0
36.5,81.38821299317796,5.256470447936725e-10,105.85652139135864,0
36.516666666666666,81.41892864162158,5.157420125724222e-10,105.68182287781374,0
36.53333333333333,81.44959359901556,5.060243054555815e-10,105.50741267482886,0
36.55,81.48020794901696,4.964903665017262e-10,105.33329030659884,0
36.56666666666667,81.5107717751448,4.871367066082202e-10,105.15945529810386,0
36.583333333333336,81.54128516078028,4.779599032110554e-10,104.98590717510783,0
36.6,81.57174818916695,4.689565990097316e-10,104.8126454641573,0
36.61666666666667,81.60216094341101,4.6012350071671027e-10,104.63966969258017,0
36.63333333333333,81.6325235064815,4.514573778309441e-10,104.46697938848423,0
36.65,81.66283596121055,4.4295506143506366e-10,104.2945740807561,0
36.666666666666664,81.69309839029354,4.346134430156968e-10,104.12245329905981,0
36.68333333333333,81.72331087628945,4.2642947330652226e-10,103.95061657383549,0
36.7,81.75347350162097,4.1840016115360765e-10,103.77906343629823,0
36.71666666666667,81.78358634857476,4.105225724025771e-10,103.60779341843664,0
36.733333333333334,81.8136494993017,4.0279382880721327e-10,103.43680605301172,0
36.75,81.84366303581707,3.952111069590686e-10,103.26610087355552,0
36.766666666666666,81.87362704000083,3.877716372376659e-10,103.09567741436982,0
36.78333333333333,81.90354159359777,3.804727027809195e-10,102.9255352105249,0
36.8,81.93340677821782,3.7331163847536095e-10,102.75567379785834,0
36.81666666666667,81.96322267533618,3.662858299657801e-10,102.58609271297367,0
36.833333333333336,81.99298936629364,3.5939271268394126e-10,102.4167914932391,0
36.85,82.02270693229671,3.526297708959682e-10,102.24776967678636,0
36.86666666666667,82.05237545441791,3.459945367680507e-10,102.0790268025093,0
36.88333333333333,82.08199501359594,3.3948458945013006e-10,101.91056241006272,0
36.9,82.11156569063596,3.3309755417719454e-10,101.74237603986117,0
36.916666666666664,82.14108756620975,3.268311013878558e-10,101.57446723307753,0
36.93333333333333,82.17056072085592,3.2068294585987763e-10,101.4068355316419,0
36.95,82.19998523498023,3.146508458623118e-10,101.23948047824031,0
36.96666666666667,82.22936118885573,3.0873260232394075e-10,101.07240161631351,0
36.983333333333334,82.25868866262299,3.029260580176933e-10,100.9055984900556,0
37.0,82.28796773629026,2.9722909676073874e-10,100.73907064441292,0
37.016666666666666,82.31719848973381,2.9163964262994444e-10,100.57281762508275,0
37.03333333333333,82.34638100269812,2.861556591924162e-10,100.40683897851211,0
37.05,82.37551535479602,2.8077514875081034e-10,100.2411342518965,0
37.06666666666667,82.40460162550895,2.7549615160314106e-10,100.07570299317858,0
37.083333333333336,82.43363989418715,2.7031674531681703e-10,99.91054475104714,0
37.1,82.46263024005,2.65235044016604e-10,99.74565907493569,0
37.11666666666667,82.49157274218608,2.602491976862626e-10,99.58104551502126,0
37.13333333333333,82.52046747955342,2.5535739148360617e-10,99.41670362222325,0
37.15,82.54931453097979,2.505578450686935e-10,99.25263294820216,0
37.166666666666664,82.57811397516286,2.458488119449222e-10,99.08883304535834,0
37.18333333333333,82.60686589067043,2.4122857881277076e-10,98.92530346683084,0
37.2,82.6355703559406,2.366954649359401e-10,98.7620437664961,0
37.21666666666667,82.66422744928208,2.3224782151965994e-10,98.59905349896681,0
37.233333333333334,82.69283724887428,2.2788403110092314e-10,98.43633221959065,0
37.25,82.72139983276764,2.2360250695041746e-10,98.27387948444911,0
37.266666666666666,82.74991527888379,2.1940169248593245e-10,98.11169485035629,0
37.28333333333333,82.77838366501571,2.152800606970142e-10,97.94977787485762,0
37.3,82.80680506882806,2.112361135806561e-10,97.7881281162287,0
37.31666666666667,82.83517956785727,2.0726838158781343e-10,97.62674513347415,0
37.333333333333336,82.86350723951188,2.0337542308052813e-10,97.4656284863263,0
37.35,82.89178816107258,1.9955582379945916e-10,97.30477773524407,0
37.36666666666667,82.92002240969263,1.9580819634163114e-10,97.14419244141173,0
37.38333333333333,82.94821006239792,1.9213117964817982e-10,96.98387216673771,0
37.4,82.97635119608717,1.8852343850192696e-10,96.82381647385341,0
37.416666666666664,83.00444588753227,1.8498366303457733e-10,96.66402492611203,0
37.43333333333333,83.03249421337837,1.8151056824336232e-10,96.50449708758741,0
37.45,83.06049625014414,1.781028935169439e-10,96.34523252307264,0
37.46666666666667,83.08845207422196,1.7475940217040229e-10,96.1862307980792,0
37.483333333333334,83.11636176187814,1.7147888098912894e-10,96.02749147883543,0
37.5,83.14422538925314,1.6826013978146147e-10,95.86901413228566,0
37.516666666666666,83.17204303236174,1.6510201093988099e-10,95.71079832608883,0
37.53333333333333,83.19981476709329,1.6200334901061464e-10,95.55284362861732,0
37.55,83.22754066921189,1.5896303027148294e-10,95.39514960895589,0
37.56666666666667,83.25522081435663,1.5597995231782488e-10,95.23771583690036,0
37.583333333333336,83.28285527804172,1.53053033656353e-10,95.08054188295658,0
37.6,83.31044413565677,1.501812133067838e-10,94.9236273183392,0
37.61666666666667,83.33798746246698,1.4736345041109228e-10,94.76697171497038,0
37.63333333333333,83.36548533361335,1.4459872385024395e-10,94.61057464547883,0
37.65,83.39293782411282,1.4188603186826218e-10,94.45443568319854,0
37.666666666666664,83.42034500885859,1.392243917034896e-10,94.2985544021676,0
37.68333333333333,83.44770696262022,1.3661283922690495e-10,94.14293037712704,0
37.7,83.47502376004388,1.340504285873584e-10,93.98756318351971,0
37.71666666666667,83.5022954756526,1.315362318635902e-10,93.83245239748915,0
37.733333333333334,83.52952218384635,1.2906933872291177e-10,93.67759759587828,0
37.75,83.55670395890235,1.2664885608641035e-10,93.52299835622847,0
37.766666666666666,83.58384087497522,1.2427390780055487e-10,93.3686542567782,0
37.78333333333333,83.61093300609724,1.2194363431508564e-10,93.21456487646202,0
37.8,83.6379804261785,1.1965719236705784e-10,93.0607297949093,0
37.81666666666667,83.66498320900705,1.1741375467092952e-10,92.90714859244324,0
37.833333333333336,83.69194142824925,1.1521250961457063e-10,92.75382085007952,0
37.85,83.71885515744985,1.1305266096108306e-10,92.60074614952542,0
37.86666666666667,83.74572447003223,1.1093342755632261e-10,92.44792407317838,0
37.88333333333333,83.77254943929857,1.0885404304200448e-10,92.29535420412508,0
37.9,83.79933013843012,1.0681375557429671e-10,92.14303612614019,0
37.916666666666664,83.82606664048737,1.0481182754778635e-10,91.99096942368533,0
37.93333333333333,83.85275901841015,1.0284753532471964e-10,91.83915368190785,0
37.95,83.87940734501805,1.0092016896941643e-10,91.68758848663975,0
37.96666666666667,83.90601169301033,9.902903198775505e-11,91.53627342439651,0
37.983333333333334,83.93257213496636,9.717344107163409e-11,91.38520808237604,0
38.0,83.95908874334575,9.535272584831399e-11,91.23439204845741,0
38.016666666666666,83.98556159048847,9.356622863454475e-11,91.08382491119984,0
38.03333333333333,84.01199074861515,9.181330419538754e-11,90.93350625984164,0
38.05,84.0383762898272,9.009331950764155e-11,90.7834356842989,0
38.06666666666667,84.06471828610705,8.84056535277885e-11,90.63361277516447,0
38.083333333333336,84.09101680931833,8.67496969643615e-11,90.48403712370694,0
38.1,84.11727193120609,8.512485205466562e-11,90.33470832186934,0
38.11666666666667,84.14348372339695,8.353053234575209e-11,90.18562596226818,0
38.13333333333333,84.16965225739936,8.196616247957816e-11,90.03678963819222,0
38.15,84.19577760460372,8.043117798226249e-11,89.8881989436015,0
38.166666666666664,84.22185983628259,7.89250250573628e-11,89.73985347312603,0
38.18333333333333,84.247899023591,7.744716038309653e-11,89.59175282206495,0
38.2,84.27389523756648,7.599705091343039e-11,89.44389658638515,0
38.21666666666667,84.29984854912931,7.45741736829617e-11,89.2962843627204,0
38.233333333333334,84.32575902908279,7.317801561552392e-11,89.1489157483701,0
38.25,84.3516267481133,7.180807333643942e-11,89.00179034129818,0
38.266666666666666,84.37745177679065,7.046385298835357e-11,88.85490774013218,0
38.28333333333333,84.4032341855681,6.914487005058009e-11,88.70826754416193,0
38.3,84.42897404478268,6.785064916188878e-11,88.5618693533386,0
38.31666666666667,84.45467142465534,6.658072394667457e-11,88.41571276827351,0
38.333333333333336,84.48032639529117,6.533463684443644e-11,88.26979739023719,0
38.35,84.50593902667948,6.411193894250865e-11,88.12412282115811,0
38.36666666666667,84.53150938869416,6.291218981197964e-11,87.97868866362174,0
38.38333333333333,84.55703755109374,6.173495734673438e-11,87.8334945208694,0
38.4,84.58252358352165,6.05798176055687e-11,87.68853999679712,0
38.416666666666664,84.60796755550636,5.944635465730739e-11,87.54382469595471,0
38.43333333333333,84.63336953646164,5.833416042887488e-11,87.39934822354455,0
38.45,84.65872959568661,5.724283455625908e-11,87.25511018542056,0
38.46666666666667,84.68404780236612,5.6171984238314786e-11,87.1111101880872,0
38.483333333333334,84.70932422557081,5.512122409335018e-11,86.96734783869819,0
38.5,84.73455893425731,5.409017601844515e-11,86.8238227450557,0
38.516666666666666,84.75975199726848,5.3078469051448716e-11,86.68053451560901,0
38.53333333333333,84.78490348333357,5.208573923560324e-11,86.53748275945377,0
38.55,84.81001346106834,5.1111629486745884e-11,86.39466708633053,0
38.56666666666667,84.83508199897541,5.0155789463039244e-11,86.25208710662409,0
38.583333333333336,84.86010916544424,4.9217875437179934e-11,86.10974243136208,0
38.6,84.88509502875154,4.829755017104103e-11,85.96763267221415,0
38.61666666666667,84.91003965706125,4.739448279269853e-11,85.8257574414908,0
38.63333333333333,84.93494311842484,4.6508348675800065e-11,85.6841163521423,0
38.65,84.9598054807815,4.563882932122643e-11,85.54270901775776,0
38.666666666666664,84.98462681195828,4.4785612241006963e-11,85.40153505256393,0
38.68333333333333,85.00940717967026,4.394839084444219e-11,85.26059407142418,0
38.7,85.03414665152081,4.312686432639258e-11,85.11988568983756,0
38.71666666666667,85.05884529500175,4.232073755769257e-11,84.97940952393758,0
38.733333333333334,85.08350317749344,4.152972097764914e-11,84.83916519049131,0
38.75,85.10812036626514,4.075353048858397e-11,84.69915230689828,0
38.766666666666666,85.13269692847503,3.999188735238195e-11,84.55937049118941,0
38.78333333333333,85.15723293117043,3.924451808900583e-11,84.41981936202599,0
38.8,85.18172844128807,3.851115437694101e-11,84.28049853869868,0
38.81666666666667,85.2061835256542,3.7791532955532934e-11,84.14140764112635,0
38.833333333333336,85.23059825098476,3.708539552918096e-11,84.0025462898552,0
38.85,85.25497268388558,3.6392488673352385e-11,83.86391410605765,0
38.86666666666667,85.27930689085261,3.5712563742384814e-11,83.72551071153123,0
38.88333333333333,85.30360093827206,3.504537677903839e-11,83.58733572869772,0
38.9,85.32785489242052,3.4390688425768247e-11,83.44938878060196,0
38.916666666666664,85.35206881946525,3.374826383768305e-11,83.31166949091093,0
38.93333333333333,85.37624278546431,3.311787259715576e-11,83.17417748391266,0
38.95,85.40037685636675,3.249928863005807e-11,83.03691238451522,0
38.96666666666667,85.42447109801273,3.189229012358557e-11,82.8998738182457,0
38.983333333333334,85.4485255761338,3.129665944564408e-11,82.7630614112492,0
39.0,85.47254035635304,3.0712183065766335e-11,82.62647479028783,0
39.016666666666666,85.49651550418517,3.013865147753115e-11,82.4901135827396,0
39.03333333333333,85.52045108503688,2.957585912245634e-11,82.35397741659752,0
39.05,85.54434716420684,2.9023604315335328e-11,82.2180659204685,0
39.06666666666667,85.56820380688598,2.8481689170992987e-11,82.08237872357238,0
39.083333333333336,85.59202107815763,2.794991953243038e-11,81.9469154557409,0
39.1,85.61579904299775,2.742810490033546e-11,81.81167574741677,0
39.11666666666667,85.63953776627504,2.6916058363929948e-11,81.67665922965244,0
39.13333333333333,85.66323731275114,2.6413596533129822e-11,81.54186553410936,0
39.15,85.6868977470808,2.5920539471993206e-11,81.40729429305681,0
39.166666666666664,85.71051913381214,2.54367106334308e-11,81.27294513937098,0
39.18333333333333,85.73410153738665,2.496193679515581e-11,81.13881770653387,0
39.2,85.75764502213956,2.4496047996848254e-11,81.00491162863246,0
39.21666666666667,85.78114965229989,2.4038877478512517e-11,80.87122654035747,0
39.233333333333334,85.8046154919906,2.3590261620003804e-11,80.73776207700263,0
39.25,85.82804260522894,2.3150039881701103e-11,80.60451787446347,0
39.266666666666666,85.85143105592645,2.2718054746306513e-11,80.47149356923646,0
39.28333333333333,85.87478090788919,2.2294151661747912e-11,80.33868879841788,0
39.3,85.89809222481794,2.1878178985164246e-11,80.20610319970304,0
39.31666666666667,85.92136507030833,2.146998792795355e-11,80.07373641138507,0
39.333333333333336,85.94459950785105,2.1069432501862384e-11,79.94158807235411,0
39.35,85.96779560083199,2.067636946609751e-11,79.80965782209617,0
39.36666666666667,85.99095341253249,2.0290658275440934e-11,79.67794530069231,0
39.38333333333333,86.01407300612937,1.991216102934749e-11,79.54645014881753,0
39.4,86.03715444469525,1.9540742422007867e-11,79.41517200773986,0
39.416666666666664,86.06019779119863,1.917626969335831e-11,79.28411051931927,0
39.43333333333333,86.08320310850411,1.881861258101811e-11,79.15326532600692,0
39.45,86.10617045937254,1.8467643273138617e-11,79.02263607084389,0
39.46666666666667,86.12909990646118,1.8123236362145474e-11,78.89222239746046,0
39.483333333333334,86.15199151232389,1.778526879935702e-11,78.76202395007499,0
39.5,86.17484533941129,1.7453619850462975e-11,78.63204037349304,0
39.516666666666666,86.19766145007095,1.7128171051846383e-11,78.50227131310633,0
39.53333333333333,86.22043990654754,1.6808806167732787e-11,78.37271641489177,0
39.55,86.243180770983,1.64954111481513e-11,78.24337532541057,0
39.56666666666667,86.26588410541672,1.6187874087691687e-11,78.11424769180722,0
39.583333333333336,86.2885499717857,1.5886085185042886e-11,77.98533316180851,0
39.6,86.31117843192474,1.55899367032973e-11,77.85663138372264,0
39.61666666666667,86.33376954756658,1.529932293100701e-11,77.72814200643816,0
39.63333333333333,86.35632338034205,1.5014140143977378e-11,77.59986467942312,0
39.65,86.37883999178032,1.4734286567783977e-11,77.47179905272407,0
39.666666666666664,86.401319443309,1.4459662340998884e-11,77.34394477696502,0
39.68333333333333,86.42376179625431,1.419016947911352e-11,77.21630150334664,0
39.7,86.44616711184126,1.3925711839143867e-11,77.08886888364523,0
39.71666666666667,86.46853545119386,1.3666195084906168e-11,76.96164657021173,0
39.733333333333334,86.49086687533517,1.341152665294916e-11,76.83463421597081,0
39.75,86.5131614451876,1.316161571913155e-11,76.70783147442,0
39.766666666666666,86.53541922157301,1.2916373165831564e-11,76.58123799962863,0
39.78333333333333,86.55764026521288,1.2675711549777212e-11,76.4548534462369,0
39.8,86.57982463672847,1.243954507048476e-11,76.328677469455,0
39.81666666666667,86.60197239664102,1.2207789539294814e-11,76.20270972506215,0
39.833333333333336,86.62408360537181,1.1980362348993611e-11,76.0769498694056,0
39.85,86.64615832324252,1.1757182444009473e-11,75.9513975593998,0
39.86666666666667,86.6681966104752,1.153817029117246e-11,75.82605245252535,0
39.88333333333333,86.69019852719256,1.132324785102726e-11,75.70091420682812,0
39.9,86.71216413341804,1.1112338549688517e-11,75.57598248091838,0
39.916666666666664,86.73409348907609,1.090536725122854e-11,75.45125693396977,0
39.93333333333333,86.75598665399215,1.0702260230586705e-11,75.32673722571835,0
39.95,86.77784368789307,1.0502945146991444e-11,75.20242301646181,0
39.96666666666667,86.79966465040701,1.0307351017884479e-11,75.07831396705842,0
39.983333333333334,86.82144960106379,1.011540819333809e-11,74.95440973892617,0
40.0,86.84319859929496,9.927048330955799e-12,74.83070999404177,0
40.016666666666666,86.86491170443404,9.742204371247602e-12,74.70721439493985,0
40.03333333333333,86.88658897571656,9.56081051347051e-12,74.5839226047119,0
40.05,86.90823047228031,9.382802191925814e-12,74.46083428700548,0
40.06666666666667,86.92983625316549,9.208116052703932e-12,74.33794910602319,0
40.083333333333336,86.95140637731488,9.036689930868935e-12,74.21526672652185,0
40.1,86.97294090357397,8.868462828074176e-12,74.09278681381153,0
40.11666666666667,86.99443989069113,8.703374890600554e-12,73.97050903375461,0
40.13333333333333,87.0159033973178,8.54136738780986e-12,73.84843305276497,0
40.15,87.03733148200858,8.38238269100503e-12,73.72655853780698,0
40.166666666666664,87.05872420322149,8.226364252689851e-12,73.60488515639463,0
40.18333333333333,87.08008161931802,8.073256586220173e-12,73.48341257659062,0
40.2,87.10140378856339,7.923005245839427e-12,73.3621404670055,0
40.21666666666667,87.12269076912663,7.775556807091526e-12,73.24106849679664,0
40.233333333333334,87.14394261908083,7.630858847603033e-12,73.12019633566744,0
40.25,87.16515939640315,7.488859928228648e-12,72.99952365386648,0
40.266666666666666,87.18634115897514,7.349509574552469e-12,72.87905012218643,0
40.28333333333333,87.20748796458278,7.212758258738492e-12,72.7587754119633,0
40.3,87.22859987091674,7.078557381723834e-12,72.6386991950755,0
40.31666666666667,87.24967693557244,6.94685925574794e-12,72.51882114394297,0
40.333333333333336,87.27071921605021,6.817617087211535e-12,72.39914093152625,0
40.35,87.29172676975558,6.690784959859262e-12,72.27965823132558,0
40.36666666666667,87.31269965399926,6.56631781827952e-12,72.1603727173801,0
40.38333333333333,87.33363792599742,6.4441714517156526e-12,72.0412840642668,0
40.4,87.35454164287181,6.324302478182749e-12,71.92239194709981,0
40.416666666666664,87.37541086164988,6.206668328884068e-12,71.80369604152939,0
40.43333333333333,87.39624563926498,6.091227232921366e-12,71.68519602374107,0
40.45,87.4170460325565,5.977938202293793e-12,71.56689157045481,0
40.46666666666667,87.43781209827003,5.866761017179728e-12,71.44878235892408,0
40.483333333333334,87.45854389305752,5.7576562114961785e-12,71.33086806693498,0
40.5,87.47924147347742,5.650585058730637e-12,71.21314837280536,0
40.516666666666666,87.4999048959948,5.5455095580400716e-12,71.095622955384,0
40.53333333333333,87.5205342169816,5.442392420612092e-12,70.97829149404964,0
40.55,87.5411294927167,5.341197056283336e-12,70.86115366871019,0
40.56666666666667,87.56169077938613,5.241887560410122e-12,70.74420915980174,0
40.583333333333336,87.58221813308312,5.144428700986654e-12,70.62745764828784,0
40.6,87.60271160980842,5.0487859060061705e-12,70.51089881565856,0
40.61666666666667,87.62317126547032,4.9549252510602204e-12,70.39453234392954,0
40.63333333333333,87.64359715588479,4.862813447171818e-12,70.2783579156413,0
40.65,87.66398933677578,4.7724178288579e-12,70.16237521385821,0
40.666666666666664,87.68434786377524,4.683706342416725e-12,70.04658392216768,0
40.68333333333333,87.70467279242328,4.5966475344361065e-12,69.93098372467938,0
40.7,87.72496417816838,4.511210540518138e-12,69.81557430602417,0
40.71666666666667,87.74522207636748,4.427365074216424e-12,69.70035535135352,0
40.733333333333334,87.76544654228621,4.3450814161817546e-12,69.58532654633842,0
40.75,87.78563763109896,4.2643304035123136e-12,69.47048757716864,0
40.766666666666666,87.8057953978891,4.18508341930446e-12,69.3558381305518,0
40.78333333333333,87.82591989764904,4.1073123824005e-12,69.24137789371261,0
40.8,87.84601118528047,4.030989737329395e-12,69.12710655439191,0
40.81666666666667,87.86606931559446,3.956088444437127e-12,69.01302380084591,0
40.833333333333336,87.88609434331163,3.88258197020283e-12,68.89912932184531,0
40.85,87.90608632306231,3.810444277737437e-12,68.78542280667439,0
40.86666666666667,87.92604530938661,3.7396498174611e-12,68.67190394513025,0
40.88333333333333,87.9459713567347,3.670173517956269e-12,68.55857242752197,0
40.9,87.96586451946688,3.6019907769930458e-12,68.44542794466958,0
40.916666666666664,87.98572485185367,3.5350774527233856e-12,68.33247018790351,0
40.93333333333333,88.00555240807611,3.4694098550411914e-12,68.21969884906353,0
40.95,88.0253472422258,3.4049647371050758e-12,68.107113620498,0
40.96666666666667,88.04510940830507,3.341719287020596e-12,67.994714195063,0
40.983333333333334,88.06483896022708,3.279651119679175e-12,67.88250026612145,0
41.0,88.08453595181608,3.218738268750606e-12,67.77047152754241,0
41.016666666666666,88.10420043680747,3.158959178826239e-12,67.6586276737001,0
41.03333333333333,88.12383246884794,3.100292697709989e-12,67.54696839947314,0
41.05,88.14343210149566,3.0427180688545706e-12,67.4354934002437,0
41.06666666666667,88.16299938822046,2.9862149239399035e-12,67.32420237189666,0
41.083333333333336,88.18253438240387,2.9307632755912485e-12,67.21309501081882,0
41.1,88.20203713733935,2.8763435102343174e-12,67.102171013898,0
41.11666666666667,88.22150770623237,2.8229363810848537e-12,66.99143007852228,0
41.13333333333333,88.24094614220064,2.77052300127e-12,66.88087190257917,0
41.15,88.2603524982742,2.7190848370792087e-12,66.77049618445474,0
41.166666666666664,88.27972682739555,2.6686037013419296e-12,66.6603026230328,0
41.18333333333333,88.29906918241983,2.6190617469300393e-12,66.55029091769418,0
41.2,88.31837961611495,2.57044146038228e-12,66.44046076831573,0
41.21666666666667,88.33765818116174,2.5227256556487776e-12,66.3308118752697,0
41.233333333333334,88.35690493015407,2.4758974679530918e-12,66.22134393942275,0
41.25,88.37611991559909,2.42994034776973e-12,66.11205666213523,0
41.266666666666666,88.39530318991714,2.3848380549148086e-12,66.00294974526041,0
41.28333333333333,88.41445480544222,2.3405746527480134e-12,65.89402289114348,0
41.3,88.43357481442185,2.2971345024833506e-12,65.78527580262093,0
41.31666666666667,88.45266326901736,2.2545022576069725e-12,65.67670818301968,0
41.333333333333336,88.47172022130403,2.212662858399936e-12,65.56831973615625,0
41.35,88.49074572327109,2.171601526563858e-12,65.46011016633595,0
41.36666666666667,88.5097398268221,2.1313037599476088e-12,65.35207917835206,0
41.38333333333333,88.52870258377489,2.091755327373175e-12,65.2442264774851,0
41.4,88.5476340458618,2.0529422635586575e-12,65.13655176950195,0
41.416666666666664,88.56653426472975,2.014850864136749e-12,65.02905476065506,0
41.43333333333333,88.58540329194051,1.9774676807668055e-12,64.92173515768168,0
41.45,88.60424117897065,1.9407795163387294e-12,64.81459266780305,0
41.46666666666667,88.62304797721191,1.904773420267007e-12,64.70762699872357,0
41.483333333333334,88.64182373797108,1.869436683873152e-12,64.60083785863003,0
41.5,88.66056851247038,1.8347568358548464e-12,64.49422495619078,0
41.516666666666666,88.67928235184745,1.800721637840253e-12,64.38778800055505,0
41.53333333333333,88.69796530715557,1.767319080025822e-12,64.28152670135199,0
41.55,88.7166174293637,1.7345373768960105e-12,64.17544076868998,0
41.56666666666667,88.73523876935676,1.7023649630233855e-12,64.06952991315582,0
41.583333333333336,88.75382937793563,1.6707904889476617e-12,63.96379384581394,0
41.6,88.77238930581743,1.63980281713204e-12,63.85823227820561,0
41.61666666666667,88.79091860363549,1.6093910179955716e-12,63.75284492234816,0
41.63333333333333,88.8094173219396,1.5795443660199314e-12,63.64763149073417,0
41.65,88.82788551119619,1.550252335929354e-12,63.542591696330724,0
41.666666666666664,88.84632322178832,1.5215045989422656e-12,63.437725252578566,0
41.68333333333333,88.864730504016,1.4932910190932991e-12,63.33303187339143,0
41.7,88.8831074080961,1.4656016496243357e-12,63.228511273155114,0
41.71666666666667,88.90145398416271,1.4384267294432807e-12,63.124163166726795,0
41.733333333333334,88.91977028226717,1.4117566796493544e-12,63.01998726943425,0
41.75,88.93805635237817,1.3855821001235494e-12,62.91598329707504,0
41.766666666666666,88.95631224438198,1.359893766183113e-12,62.81215096591579,0
41.78333333333333,88.97453800808256,1.3346826252988019e-12,62.70848999269133,0
41.8,88.9927336932016,1.3099397938737142e-12,62.60500009460399,0
41.81666666666667,89.0108993493788,1.2856565540826091e-12,62.50168098932282,0
41.833333333333336,89.02903502617194,1.261824350770495e-12,62.39853239498281,0
41.85,89.04714077305697,1.2384347884094362e-12,62.295554030184114,0
41.86666666666667,89.0652166394282,1.215479628112426e-12,62.192745613991285,0
41.88333333333333,89.08326267459844,1.192950784703292e-12,62.09010686593252,0
41.9,89.10127892779911,1.170840323841565e-12,61.98763750599889,0
41.916666666666664,89.11926544818039,1.1491404592012826e-12,61.88533725464357,0
41.93333333333333,89.13722228481132,1.1278435497027043e-12,61.7832058327811,0
41.95,89.15514948667997,1.1069420967959455e-12,61.68124296178655,0
41.96666666666667,89.1730471026936,1.086428741795549e-12,61.579448363494855,0
41.983333333333334,89.19091518167869,1.0662962632650668e-12,61.47782176020002,0
42.0,89.20875377238121,1.0465375744506544e-12,61.37636287465433,0
42.016666666666666,89.22656292346664,1.0271457207628163e-12,61.27507143006765,0
42.03333333333333,89.24434268352014,1.0081138773053403e-12,61.17394715010663,0
42.05,89.26209310104673,9.89435346450593e-13,61.07298975889394,0
42.06666666666667,89.27981422447132,9.711035554602324e-13,60.97219898100759,0
42.083333333333336,89.29750610213897,9.531120541505743e-13,60.871574541480044,0
42.1,89.31516878231488,9.354545126016828e-13,60.77111616579766,0
42.11666666666667,89.33280231318466,9.181247189094241e-13,60.67082357989974,0
42.13333333333333,89.3504067428544,9.011165769796271e-13,60.57069651017794,0
42.15,89.36798211935076,8.844241043636305e-13,60.47073468347544,0
42.166666666666664,89.38552849062111,8.6804143013435e-13,60.3709378270862,0
42.18333333333333,89.4030459045338,8.519627928021899e-13,60.27130566875429,0
42.2,89.4205344088781,8.361825382699629e-13,60.171837936673015,0
42.21666666666667,89.4379940513644,8.206951178261713e-13,60.072534359484315,0
42.233333333333334,89.4554248796244,8.054950861758606e-13,59.97339466627793,0
42.25,89.47282694121118,7.905770995083881e-13,59.87441858659073,0
42.266666666666666,89.49020028359931,7.759359136013695e-13,59.77560585040588,0
42.28333333333333,89.50754495418505,7.615663819601637e-13,59.67695618815218,0
42.3,89.52486100028642,7.474634539921976e-13,59.57846933070336,0
42.31666666666667,89.54214846914336,7.336221732154992e-13,59.48014500937726,0
42.333333333333336,89.55940740791782,7.20037675500783e-13,59.38198295593512,0
42.35,89.57663786369396,7.067051873464465e-13,59.28398290258091,0
42.36666666666667,89.59383988347824,6.936200241859003e-13,59.186144581960505,0
42.38333333333333,89.6110135141995,6.80777588726563e-13,59.08846772716101,0
42.4,89.62815880270912,6.681733693199972e-13,58.99095207171006,0
42.416666666666664,89.64527579578123,6.558029383625401e-13,58.893597349575025,0
42.43333333333333,89.6623645401127,6.436619507258884e-13,58.796403295162335,0
42.45,89.67942508232338,6.317461422170661e-13,58.69936964331672,0
42.46666666666667,89.69645746895617,6.200513280672271e-13,58.60249612932052,0
42.483333333333334,89.71346174647715,6.085734014487543e-13,58.50578248889296,0
42.5,89.73043796127571,5.973083320201047e-13,58.40922845818936,0
42.516666666666666,89.74738615966469,5.862521644979132e-13,58.312833773800534,0
42.53333333333333,89.76430638788048,5.754010172557919e-13,58.21659817275198,0
42.55,89.78119869208322,5.647510809494012e-13,58.1205213925032,0
42.56666666666667,89.79806311835682,5.542986171672127e-13,58.02460317094699,0
42.583333333333336,89.81489971270915,5.440399571065455e-13,57.92884324640866,0
42.6,89.83170852107214,5.339715002743691e-13,57.83324135764541,0
42.61666666666667,89.84848958930193,5.240897132124248e-13,57.73779724384559,0
42.63333333333333,89.86524296317899,5.143911282461994e-13,57.64251064462793,0
42.65,89.88196868840822,5.048723422573038e-13,57.54738130004092,0
42.666666666666664,89.8986668106191,4.955300154788251e-13,57.45240895056202,0
42.68333333333333,89.91533737536582,4.863608703132127e-13,57.357593337097015,0
42.7,89.93198042812737,4.773616901722844e-13,57.262934200979274,0
42.71666666666667,89.94859601430768,4.685293183389234e-13,57.16843128396906,0
42.733333333333334,89.96518417923576,4.598606568500738e-13,57.074084328252816,0
42.75,89.98174496816583,4.5135266540063586e-13,56.97989307644244,0
42.766666666666666,89.99827842627738,4.430023602678387e-13,56.885857271574615,0
42.78333333333333,90.01478459867538,4.34806813255771e-13,56.79197665711011,0
42.8,90.03126353039033,4.2676315065960403e-13,56.698250976933075,0
42.81666666666667,90.04771526637846,4.1886855224922226e-13,56.60467997535032,0
42.833333333333336,90.06413985152174,4.1112025027183643e-13,56.51126339709066,0
42.85,90.08053733062816,4.035155284732582e-13,56.41800098730414,0
42.86666666666667,90.09690774843168,3.9605172113747296e-13,56.324892491561435,0
42.88333333333333,90.11325114959247,3.887262121441643e-13,56.231937655853116,0
42.9,90.12956757869698,3.815364340438635e-13,56.13913622658894,0
42.916666666666664,90.14585708025808,3.744798671503951e-13,56.04648795059717,0
42.93333333333333,90.16211969871523,3.675540386502703e-13,55.953992575123884,0
42.95,90.17835547843444,3.6075652172874244e-13,55.861649847832304,0
42.96666666666667,90.19456446370864,3.5408493471220127e-13,55.76945951680207,0
42.983333333333334,90.21074669875755,3.475369402265819e-13,55.67742133052861,0
43.0,90.22690222772795,3.4111024437151676e-13,55.58553503792236,0
43.016666666666666,90.24303109469378,3.348025959099136e-13,55.493800388308216,0
43.03333333333333,90.25913334365623,3.286117854726798e-13,55.40221713142469,0
43.05,90.27520901854388,3.2253564477831754e-13,55.31078501742338,0
43.06666666666667,90.29125816321276,3.165720458670824e-13,55.219503796868146,0
43.083333333333336,90.30728082144662,3.1071890034947077e-13,55.12837322073457,0
43.1,90.32327703695688,3.049741586687406e-13,55.03739304040914,0
43.11666666666667,90.33924685338283,2.9933580937720737e-13,54.94656300768872,0
43.13333333333333,90.35519031429179,2.938018784260644e-13,54.8558828747797,0
43.15,90.37110746317911,2.883704284684741e-13,54.7653523942975,0
43.166666666666664,90.3869983434684,2.8303955817566705e-13,54.674971319265744,0
43.18333333333333,90.40286299851161,2.7780740156582697e-13,54.58473940311567,0
43.2,90.41870147158912,2.7267212734550405e-13,54.494656399685454,0
43.21666666666667,90.43451380590989,2.676319382633302e-13,54.404722063219474,0
43.233333333333334,90.4503000446116,2.626850704758074e-13,54.31493614836774,0
43.25,90.46606023076069,2.578297929249376e-13,54.22529841018514,0
43.266666666666666,90.48179440735255,2.530644067274769e-13,54.135808604130816,0
43.28333333333333,90.49750261731165,2.483872445755885e-13,54.04646648606747,0
43.3,90.51318490349155,2.437966701487e-13,53.95727181226073,0
43.31666666666667,90.5288413086751,2.3929107753632746e-13,53.86822433937845,0
43.333333333333336,90.5444718755746,2.348688906716881e-13,53.77932382449006,0
43.35,90.56007664683185,2.3052856277587726e-13,53.690570025065945,0
43.36666666666667,90.57565566501819,2.26268575812432e-13,53.6019626989767,0
43.38333333333333,90.5912089726348,2.2208743995206545e-13,53.513501604492525,0
43.4,90.60673661211267,2.1798369304740512e-13,53.42518650028257,0
43.416666666666664,90.6222386258128,2.1395590011752582e-13,53.33701714541425,0
43.43333333333333,90.63771505602625,2.1000265284211022e-13,53.248993299352605,0
43.45,90.6531659449743,2.0612256906504606e-13,53.16111472195963,0
43.46666666666667,90.66859133480854,2.0231429230729468e-13,53.073381173493615,0
43.483333333333334,90.68399126761099,1.9857649128884068e-13,52.98579241460853,0
43.5,90.69936578539426,1.9490785945957064e-13,52.89834820635335,0
43.516666666666666,90.71471493010161,1.9130711453890382e-13,52.81104831017137,0
43.53333333333333,90.73003874360704,1.8777299806401198e-13,52.7238924878996,0
43.55,90.74533726771547,1.8430427494647098e-13,52.6368805017681,0
43.56666666666667,90.76061054416283,1.8089973303718063e-13,52.550012114399294,0
43.583333333333336,90.77585861461618,1.7755818269940604e-13,52.463287088807434,0
43.6,90.7910815206738,1.7427845638978222e-13,52.37670518839779,0
43.61666666666667,90.80627930386534,1.7105940824713453e-13,52.29026617696618,0
43.63333333333333,90.82145200565188,1.6789991368897252e-13,52.203969818698155,0
43.65,90.83659966742609,1.6479886901550475e-13,52.117815878168486,0
43.666666666666664,90.85172233051235,1.6175519102104582e-13,52.03180412034049,0
43.68333333333333,90.8668200361668,1.5876781661266722e-13,51.9459343105653,0
43.7,90.88189282557754,1.5583570243596258e-13,51.860206214581375,0
43.71666666666667,90.89694073986468,1.5295782450779148e-13,51.77461959851373,0
43.733333333333334,90.91196382008043,1.5013317785587295e-13,51.689174228873405,0
43.75,90.92696210720929,1.4736077616509736e-13,51.60386987255673,0
43.766666666666666,90.94193564216812,1.4463965143043762e-13,51.51870629684473,0
43.78333333333333,90.95688446580624,1.4196885361632809e-13,51.43368326940253,0
43.8,90.97180861890557,1.3934745032239824e-13,51.34880055827866,0
43.81666666666667,90.9867081421807,1.3677452645543478e-13,51.26405793190446,0
43.833333333333336,91.00158307627905,1.3424918390746326e-13,51.179455159093415,0
43.85,91.01643346178096,1.3177054123982813e-13,51.094992009040574,0
43.86666666666667,91.0312593391998,1.2933773337316264e-13,51.010668251321874,0
43.88333333333333,91.04606074898207,1.2694991128314046e-13,50.92648365589351,0
43.9,91.0608377315075,1.2460624170189567e-13,50.842437993091366,0
43.916666666666664,91.07559032708922,1.2230590682500795e-13,50.75853103363033,0
43.93333333333333,91.09031857597378,1.2004810402395153e-13,50.67476254860366,0
43.95,91.1050225183414,1.1783204556390114e-13,50.59113230948244,0
43.96666666666667,91.1197021943059,1.156569583267976e-13,50.507640088114854,0
43.983333333333334,91.13435764391492,1.1352208353957455e-13,50.42428565672563,0
44.0,91.14898890715003,1.1142667650745062e-13,50.34106878791543,0
44.016666666666666,91.16359602392677,1.0937000635218895e-13,50.25798925466015,0
44.03333333333333,91.1781790340949,1.0735135575523393e-13,50.17504683031039,0
44.05,91.1927379774383,1.0537002070563875e-13,50.09224128859077,0
44.06666666666667,91.20727289367528,1.0342531025268186e-13,50.009572403599364,0
44.083333333333336,91.22178382245855,1.0151654626309798e-13,49.92703994980704,0
44.1,91.2362708033754,9.964306318283015e-14,49.844643702056864,0
44.11666666666667,91.2507338759478,9.780420780321829e-14,49.76238343556351,0
44.13333333333333,91.26517307963248,9.599933903154601e-14,49.68025892591261,0
44.15,91.27958845382103,9.42278276658593e-14,49.59826994906013,0
44.166666666666664,91.29398003784009,9.248905617398056e-14,49.51641628133183,0
44.18333333333333,91.30834787095135,9.078241847663885e-14,49.43469769942255,0
44.2,91.32269199235172,8.910731973463833e-14,49.353113980395726,0
44.21666666666667,91.33701244117344,8.746317613998974e-14,49.27166490168264,0
44.233333333333334,91.35130925648413,8.584941471093411e-14,49.19035024108195,0
44.25,91.36558247728696,8.426547309078203e-14,49.10916977675898,0
44.266666666666666,91.37983214252074,8.271079935049762e-14,49.02812328724517,0
44.28333333333333,91.39405829105999,8.118485179496028e-14,48.94721055143745,0
44.3,91.4082609617151,7.968709877283278e-14,48.86643134859766,0
44.31666666666667,91.42244019323239,7.821701848997004e-14,48.785785458351924,0
44.333333333333336,91.43659602429426,7.677409882630194e-14,48.705272660690035,0
44.35,91.45072849351924,7.535783715612279e-14,48.62489273596492,0
44.36666666666667,91.46483763946215,7.396774017172973e-14,48.54464546489195,0
44.38333333333333,91.47892350061417,7.260332371034257e-14,48.46453062854842,0
44.4,91.49298611540299,7.126411258424461e-14,48.38454800837291,0
44.416666666666664,91.50702552219282,6.994964041408739e-14,48.304697386164676,0
44.43333333333333,91.5210417592846,6.865944946529532e-14,48.22497854408313,0
44.45,91.53503486491606,6.739309048751706e-14,48.14539126464716,0
44.46666666666667,91.5490048772618,6.615012255706516e-14,48.06593533073456,0
44.483333333333334,91.56295183443343,6.493011292228624e-14,47.986610525581476,0
44.5,91.57687577447969,6.373263685181027e-14,47.907416632781775,0
44.516666666666666,91.59077673538648,6.255727748562258e-14,47.82835343628644,0
44.53333333333333,91.60465475507705,6.140362568890873e-14,47.74942072040306,0
44.55,91.61850987141204,6.027127990861693e-14,47.670618269795156,0
44.56666666666667,91.63234212218963,5.915984603269077e-14,47.59194586948162,0
44.583333333333336,91.64615154514559,5.80689372519207e-14,47.513403304836146,0
44.6,91.65993817795344,5.699817392436437e-14,47.43499036158663,0
44.61666666666667,91.67370205822452,5.594718344229178e-14,47.3567068258146,0
44.63333333333333,91.6874432235081,5.491560010160367e-14,47.27855248395459,0
44.65,91.70116171129145,5.3903064973679757e-14,47.20052712279363,0
44.666666666666664,91.71485755900002,5.290922577961029e-14,47.12263052947059,0
44.68333333333333,91.72853080399749,5.193373676676798e-14,47.044862491475634,0
44.7,91.74218148358581,5.0976258587674344e-14,46.96722279664965,0
44.71666666666667,91.75580963500549,5.003645818112073e-14,46.88971123318367,0
44.733333333333334,91.76941529543546,4.911400865549786e-14,46.812327589618256,0
44.75,91.78299850199336,4.820858917429783e-14,46.73507165484296,0
44.766666666666666,91.79655929173558,4.731988484374352e-14,46.65794321809574,0
44.78333333333333,91.81009770165731,4.644758660250841e-14,46.580942068962365,0
44.8,91.82361376869274,4.559139111348686e-14,46.50406799737589,0
44.81666666666667,91.83710752971506,4.4751000657576674e-14,46.427320793616026,0
44.833333333333336,91.8505790215366,4.392612302943706e-14,46.350700248308584,0
44.85,91.864028280909,4.31164714351849e-14,46.27420615242493,0
44.86666666666667,91.87745534452314,4.232176439199173e-14,46.19783829728139,0
44.88333333333333,91.89086024900948,4.154172562954879e-14,46.12159647453869,0
44.9,91.90424303093796,4.077608399336344e-14,46.0454804762014,0
44.916666666666664,91.91760372681811,4.0024573349852945e-14,45.969490094617306,0
44.93333333333333,91.93094237309933,3.928693249320283e-14,45.89362512247695,0
44.95,91.94425900617077,3.8562905053955993e-14,45.817885352812965,0
44.96666666666667,91.95755366236156,3.785223940930186e-14,45.74227057899955,0
44.983333333333334,91.9708263779409,3.715468859503192e-14,45.66678059475192,0
45.0,91.98407718911807,3.647001021913226e-14,45.59141519412571,0
45.016666666666666,91.99730613204265,3.579796637698226e-14,45.516174171516454,0
45.03333333333333,92.01051324280455,3.513832356812794e-14,45.44105732165899,0
45.05,92.02369855743412,3.4490852614603094e-14,45.36606443962691,0
45.06666666666667,92.0368621119022,3.3855328580768886e-14,45.291195320832,0
45.083333333333336,92.05000394212031,3.323153069464071e-14,45.21644976102371,0
45.1,92.06312408394075,3.2619242270678985e-14,45.14182755628853,0
45.11666666666667,92.07622257315657,3.201825063401368e-14,45.06732850304951,0
45.13333333333333,92.08929944550178,3.142834704607658e-14,44.992952398065654,0
45.15,92.10235473665139,3.084932663161574e-14,44.91869903843139,0
45.166666666666664,92.1153884822216,3.0280988307065436e-14,44.84456822157599,0
45.18333333333333,92.1284007177698,2.972313471024681e-14,44.77055974526306,0
45.2,92.14139147879465,2.917557213137482e-14,44.69667340758993,0
45.21666666666667,92.15436080073628,2.863811044534651e-14,44.622909006987186,0
45.233333333333334,92.16730871897636,2.8110563045287122e-14,44.54926634221802,0
45.25,92.18023526883808,2.759274677733015e-14,44.47574521237778,0
45.266666666666666,92.1931404855864,2.7084481876609685e-14,44.40234541689331,0
45.28333333333333,92.20602440442806,2.6585591904440497e-14,44.32906675552254,0
45.3,92.2188870605117,2.6095903686665628e-14,44.2559090283538,0
45.31666666666667,92.23172848892797,2.5615247253148594e-14,44.182872035805396,0
45.333333333333336,92.24454872470956,2.5143455778389055e-14,44.10995557862497,0
45.35,92.25734780283143,2.468036552324183e-14,44.03715945788901,0
45.36666666666667,92.27012575821071,2.4225815777717655e-14,43.964483475002304,0
45.38333333333333,92.28288262570702,2.3779648804846062e-14,43.89192743169739,0
45.4,92.29561844012233,2.3341709785580815e-14,43.81949113003399,0
45.416666666666664,92.30833323620126,2.2911846764728438e-14,43.74717437239849,0
45.43333333333333,92.32102704863107,2.2489910597880076e-14,43.67497696150345,0
45.45,92.3336999120418,2.2075754899328673e-14,43.60289870038697,0
45.46666666666667,92.34635186100626,2.1669235990954128e-14,43.53093939241224,0
45.483333333333334,92.35898293004027,2.1270212852055546e-14,43.45909884126695,0
45.5,92.37159315360269,2.0878547070116414e-14,43.387376850962774,0
45.516666666666666,92.38418256609548,2.0494102792482748e-14,43.31577322583482,0
45.53333333333333,92.39675120186382,2.0116746678938278e-14,43.24428777054111,0
45.55,92.40929909519627,1.9746347855160473e-14,43.172920290062066,0
45.56666666666667,92.42182628032472,1.9382777867039634e-14,43.101670589699935,0
45.583333333333336,92.43433279142461,1.902591063584645e-14,43.0305384750783,0
45.6,92.44681866261499,1.8675622414231226e-14,42.959523752141514,0
45.61666666666667,92.45928392795858,1.8331791743039874e-14,42.888626227154184,0
45.63333333333333,92.47172862146188,1.7994299408931262e-14,42.81784570670066,0
45.65,92.48415277707528,1.76630284027808e-14,42.74718199768448,0
45.666666666666664,92.49655642869315,1.7337863878856317e-14,42.676634907327866,0
45.68333333333333,92.50893961015393,1.701869311475129e-14,42.60620424317117,0
45.7,92.52130235524017,1.6705405472061077e-14,42.5358898130724,0
45.71666666666667,92.53364469767871,1.639789235778967e-14,42.46569142520662,0
45.733333333333334,92.5459666711407,1.6096047186471374e-14,42.39560888806548,0
45.75,92.55826830924175,1.579976534299615e-14,42.32564201045672,0
45.766666666666666,92.57054964554199,1.5508944146124128e-14,42.255790601503556,0
45.78333333333333,92.58281071354612,1.5223482812676996e-14,42.18605447064426,0
45.8,92.59505154670363,1.4943282422394054e-14,42.11643342763156,0
45.81666666666667,92.6072721784087,1.4668245883439344e-14,42.046927282532195,0
45.833333333333336,92.6194726420005,1.439827789854969e-14,41.977535845726315,0
45.85,92.63165297076311,1.4133284931809596e-14,41.90825892790703,0
45.86666666666667,92.64381319792574,1.387317517604315e-14,41.83909634007986,0
45.88333333333333,92.65595335666268,1.3617858520810086e-14,41.770047893562236,0
45.9,92.66807348009355,1.336724652099625e-14,41.701113399982965,0
45.916666666666664,92.68017360128326,1.3121252365985443e-14,41.63229267128176,0
45.93333333333333,92.69225375324221,1.2879790849403876e-14,41.56358551970866,0
45.95,92.70431396892623,1.2642778339425328e-14,41.49499175782356,0
45.96666666666667,92.71635428123685,1.2410132749627138e-14,41.42651119849571,0
45.983333333333334,92.72837472302125,1.2181773510386098e-14,41.35814365490319,0
46.0,92.74037532707241,1.1957621540805477e-14,41.28988894053237,0
46.016666666666666,92.75235612612923,1.1737599221161956e-14,41.221746869177466,0
46.03333333333333,92.76431715287652,1.1521630365863662e-14,41.153717254939956,0
46.05,92.77625843994518,1.1309640196909665e-14,41.085799912228154,0
46.06666666666667,92.78818001991226,1.1101555317841134e-14,41.017994655756645,0
46.083333333333336,92.80008192530106,1.0897303688175866e-14,40.95030130054578,0
46.1,92.81196418858116,1.0696814598316503e-14,40.882719661921215,0
46.11666666666667,92.82382684216861,1.0500018644923823e-14,40.815249555513354,0
46.13333333333333,92.83566991842592,1.0306847706746653e-14,40.74789079725689,0
46.15,92.84749344966218,1.0117234920899809e-14,40.6806432033903,0
46.166666666666664,92.85929746813324,9.931114659581643e-15,40.61350659045527,0
46.18333333333333,92.87108200604162,9.748422507223163e-15,40.546480775296324,0
46.2,92.88284709553675,9.569095238060681e-15,40.47956557506023,0
46.21666666666667,92.894592768715,9.393070794124057e-15,40.41276080719548,0
46.233333333333334,92.90631905761977,9.220288263633021e-15,40.34606628945191,0
46.25,92.91802599424153,9.050687859793568e-15,40.27948183988007,0
46.266666666666666,92.92971361051804,8.884210899987705e-15,40.21300727683081,0
46.28333333333333,92.94138193833426,8.720799785348378e-15,40.14664241895478,0
46.3,92.9530310095226,8.56039798071315e-15,40.080387085201885,0
46.31666666666667,92.96466085586293,8.402949994949321e-15,40.01424109482084,0
46.333333333333336,92.97627150908261,8.248401361643377e-15,39.948204267358655,0
46.35,92.9878630008567,8.096698620148533e-15,39.88227642266015,0
46.36666666666667,92.99943536280799,7.9477892969831e-15,39.81645738086747,0
46.38333333333333,93.01098862650703,7.801621887573816e-15,39.75074696241956,0
46.4,93.02252282347231,7.658145838336996e-15,39.68514498805174,0
46.416666666666664,93.0340379851703,7.517311529091996e-15,39.61965127879512,0
46.43333333333333,93.04553414301553,7.379070255800317e-15,39.554265655976224,0
46.45,93.05701132837068,7.24337421362432e-15,39.488987941216415,0
46.46666666666667,93.06846957254666,7.110176480300061e-15,39.423817956431456,0
46.483333333333334,93.07990890680279,6.979430999817761e-15,39.358755523830986,0
46.5,93.09132936234667,6.851092566404798e-15,39.29380046591809,0
46.516666666666666,93.10273097033449,6.7251168088052564e-15,39.228952605488765,0
46.53333333333333,93.114113761871,6.601460174850622e-15,39.164211765631435,0
46.55,93.1254777680096,6.480079916316219e-15,39.09957776972653,0
46.56666666666667,93.13682301975246,6.360934074058197e-15,39.03505044144592,0
46.583333333333336,93.14814954805058,6.2439814634256915e-15,38.97062960475248,0
46.6,93.15945738380388,6.129181659943008e-15,38.90631508389965,0
46.61666666666667,93.1707465578613,6.0164949852572215e-15,38.84210670343085,0
46.63333333333333,93.18201710102085,5.905882493345695e-15,38.7780042881791,0
46.65,93.1932690440297,5.797305956979068e-15,38.71400766326649,0
46.666666666666664,93.20450241758431,5.690727854435143e-15,38.65011665410372,0
46.68333333333333,93.21571725233048,5.586111356458259e-15,38.58633108638962,0
46.7,93.22691357886339,5.4834203134606565e-15,38.52265078611066,0
46.71666666666667,93.23809142772775,5.382619242960282e-15,38.459075579540524,0
46.733333333333334,93.2492508294179,5.283673317251617e-15,38.39560529323957,0
46.75,93.26039181437781,5.186548351304379e-15,38.33223975405441,0
46.766666666666666,93.27151441300121,5.091210790886482e-15,38.26897878911742,0
46.78333333333333,93.28261865563171,4.997627700906726e-15,38.20582222584624,0
46.8,93.29370457256279,4.905766753973349e-15,38.14276989194334,0
46.81666666666667,93.30477219403798,4.8155962191642976e-15,38.07982161539555,0
46.833333333333336,93.31582155025083,4.727084951005338e-15,38.016977224473564,0
46.85,93.32685267134514,4.6402023786523356e-15,37.954236547731504,0
46.86666666666667,93.33786558741491,4.554918495273439e-15,37.89159941400641,0
46.88333333333333,93.34886032850454,4.4712038476280695e-15,37.829065652417825,0
46.9,93.35983692460877,4.389029525838677e-15,37.766635092367274,0
46.916666666666664,93.37079540567287,4.308367153351649e-15,37.704307563537846,0
46.93333333333333,93.38173580159268,4.229188877084195e-15,37.64208289589371,0
46.95,93.39265814221474,4.151467357753447e-15,37.579960919679635,0
46.96666666666667,93.40356245733629,4.0751757603845406e-15,37.51794146542056,0
46.983333333333334,93.4144487767054,4.000287744994314e-15,37.45602436392111,0
47.0,93.4253171300211,3.926777457447445e-15,37.39420944626513,0
47.016666666666666,93.43616754693332,3.854619520481736e-15,37.33249654381524,0
47.03333333333333,93.44700005704311,3.783789024899381e-15,37.27088548821236,0
47.05,93.45781468990266,3.714261520921315e-15,37.20937611137526,0
47.06666666666667,93.4686114750154,3.646013009701461e-15,37.14796824550014,0
47.083333333333336,93.47939044183603,3.579019934998015e-15,37.086661723060054,0
47.1,93.4901516197707,3.5132591749986703e-15,37.0254563768046,0
47.11666666666667,93.50089503817698,3.448708034297219e-15,36.96435203975936,0
47.13333333333333,93.51162072636403,3.3853442360185243e-15,36.90334854522549,0
47.15,93.52232871359257,3.3231459140891078e-15,36.84244572677926,0
47.166666666666664,93.53301902907513,3.2620916056507446e-15,36.78164341827158,0
47.18333333333333,93.54369170197596,3.2021602436144486e-15,36.720941453827564,0
47.2,93.55434676141118,3.1433311493520327e-15,36.660339667846095,0
47.21666666666667,93.5649842364489,3.0855840255229706e-15,36.599837894999325,0
47.233333333333334,93.57560415610921,3.0288989490338656e-15,36.539435970232276,0
47.25,93.58620654936433,2.9732563641281363e-15,36.479133728762356,0
47.266666666666666,93.5967914451387,2.918637075603493e-15,36.4189310060789,0
47.28333333333333,93.60735887230898,2.8650222421548135e-15,36.358827637942774,0
47.3,93.61790885970417,2.8123933698401974e-15,36.29882346038587,0
47.31666666666667,93.62844143610572,2.7607323056678116e-15,36.2389183097107,0
47.333333333333336,93.63895663024756,2.7100212313012505e-15,36.17911202248991,0
47.35,93.64945447081621,2.660242656881436e-15,36.11940443556587,0
47.36666666666667,93.65993498645085,2.6113794149625677e-15,36.05979538605022,0
47.38333333333333,93.67039820574341,2.5634146545603658e-15,36.000284711323395,0
47.4,93.68084415723861,2.5163318353102212e-15,35.94087224903423,0
47.416666666666664,93.69127286943404,2.4701147217334565e-15,35.881557837099486,0
47.43333333333333,93.7016843707803,2.4247473776094835e-15,35.822341313703426,0
47.45,93.71207868968105,2.3802141604521058e-15,35.76322251729734,0
47.46666666666667,93.72245585449302,2.3364997160878337e-15,35.70420128659914,0
47.483333333333334,93.73281589352617,2.2935889733345447e-15,35.64527746059291,0
47.5,93.74315883504374,2.2514671387783834e-15,35.58645087852847,0
47.516666666666666,93.75348470726236,2.2101196916472715e-15,35.52772137992089,0
47.53333333333333,93.76379353835203,2.169532378779205e-15,35.46908880455016,0
47.55,93.77408535643629,2.129691209683467e-15,35.41055299246064,0
47.56666666666667,93.78436018959226,2.0905824516932427e-15,35.352113783960675,0
47.583333333333336,93.79461806585077,2.0521926252076888e-15,35.29377101962217,0
47.6,93.80485901319629,2.014508499022062e-15,35.23552454028013,0
47.61666666666667,93.81508305956723,1.977517085744051e-15,35.17737418703223,0
47.63333333333333,93.82529023285578,1.941205637294922e-15,35.1193198012384,0
47.65,93.83548056090817,1.905561640493677e-15,35.06136122452036,0
47.666666666666664,93.84565407152463,1.8705728127229402e-15,35.00349829876123,0
47.68333333333333,93.85581079245955,1.8362270976748443e-15,34.94573086610507,0
47.7,93.8659507514215,1.802512661175574e-15,34.88805876895643,0
47.71666666666667,93.8760739760733,1.7694178870870296e-15,34.830481849979975,0
47.733333333333334,93.88618049403215,1.7369313732842381e-15,34.77299995210001,0
47.75,93.89627033286965,1.7050419277070977e-15,34.71561291850008,0
47.766666666666666,93.90634352011192,1.6737385644850292e-15,34.658320592622516,0
47.78333333333333,93.91640008323964,1.6430105001332778e-15,34.60112281816803,0
47.8,93.92644004968811,1.6128471498194492e-15,34.54401943909528,0
47.81666666666667,93.9364634468474,1.583238123699025e-15,34.48701029962043,0
47.833333333333336,93.94647030206238,1.5541732233186084e-15,34.43009524421676,0
47.85,93.95646064263273,1.5256424380855565e-15,34.37327411761421,0
47.86666666666667,93.96643449581313,1.4976359418028757e-15,34.316546764798964,0
47.88333333333333,93.97639188881325,1.470144089268111e-15,34.259913031013035,0
47.9,93.98633284879791,1.4431574129350592e-15,34.20337276175384,0
47.916666666666664,93.99625740288701,1.416666619637114e-15,34.14692580277377,0
47.93333333333333,94.00616557815579,1.3906625873711931e-15,34.090572000079796,0
47.95,94.01605740163474,1.365136362141019e-15,34.034311199933,0
47.96666666666667,94.02593290030974,1.3400791548587016e-15,33.97814324884819,0
47.983333333333334,94.03579210112218,1.3154823383035895e-15,33.922067993593515,0
48.0,94.04563503096895,1.2913374441372284e-15,33.86608528118994,0
48.016666666666666,94.05546171670257,1.2676361599734816e-15,33.81019495891095,0
48.03333333333333,94.06527218513124,1.2443703265027533e-15,33.75439687428206,0
48.05,94.0750664630189,1.221531934669307e-15,33.69869087508042,0
48.06666666666667,94.08484457708535,1.199113122900717e-15,33.6430768093344,0
48.083333333333336,94.09460655400628,1.177106174388483e-15,33.58755452532318,0
48.1,94.10435242041336,1.1555035144188254e-15,33.53212387157632,0
48.11666666666667,94.11408220289428,1.1342977077528375e-15,33.476784696873345,0
48.13333333333333,94.12379592799293,1.1134814560549264e-15,33.42153685024338,0
48.15,94.13349362220929,1.093047595368781e-15,33.36638018096466,0
48.166666666666664,94.14317531199966,1.0729890936399396e-15,33.311314538564204,0
48.18333333333333,94.15284102377667,1.0532990482840853e-15,33.25633977281733,0
48.2,94.1624907839094,1.0339706838002404e-15,33.201455733747274,0
48.21666666666667,94.17212461872336,1.0149973494280155e-15,33.14666227162481,0
48.233333333333334,94.18174255450062,9.96372516848119e-16,33.09195923696781,0
48.25,94.1913446174799,9.780897779253094e-16,33.03734648054081,0
48.266666666666666,94.20093083385659,9.601428424930187e-16,32.982823853354674,0
48.28333333333333,94.21050122978286,9.425255361788518e-16,32.92839120666612,0
48.3,94.22005583136774,9.252317982702417e-16,32.87404839197736,0
48.31666666666667,94.22959466467717,9.082556796194966e-16,32.81979526103567,0
48.333333333333336,94.23911775573401,8.915913405875185e-16,32.76563166583299,0
48.35,94.24862513051826,8.752330490254522e-16,32.71155745860552,0
48.36666666666667,94.258116814967,8.591751782936233e-16,32.65757249183332,0
48.38333333333333,94.2675928349745,8.434122053169917e-16,32.60367661823992,0
48.4,94.27705321639229,8.279387086765431e-16,32.5498696907919,0
48.416666666666664,94.28649798502929,8.12749366735862e-16,32.49615156269847,0
48.43333333333333,94.29592716665177,7.978389558023095e-16,32.442522087411135,0
48.45,94.3053407869835,7.83202348322101e-16,32.38898111862322,0
48.46666666666667,94.31473887170579,7.688345111087237e-16,32.335528510269526,0
48.483333333333334,94.32412144645758,7.547305036040203e-16,32.2821641165259,0
48.5,94.33348853683546,7.408854761713769e-16,32.228887791808845,0
48.516666666666666,94.34284016839383,7.272946684203854e-16,32.17569939077513,0
48.53333333333333,94.35217636664491,7.13953407562444e-16,32.12259876832139,0
48.55,94.36149715705876,7.008571067966697e-16,32.069585779583726,0
48.56666666666667,94.37080256506347,6.880012637256108e-16,32.01666027993732,0
48.583333333333336,94.38009261604512,6.753814588001849e-16,31.96382212499601,0
48.6,94.38936733534791,6.629933537932969e-16,31.911071170611955,0
48.61666666666667,94.39862674827425,6.508326903016334e-16,31.858407272875173,0
48.63333333333333,94.40787088008472,6.388952882750769e-16,31.805830288113206,0
48.65,94.41709975599828,6.271770445732616e-16,31.753340072890683,0
48.666666666666664,94.42631340119225,6.156739315487598e-16,31.700936484008963,0
48.68333333333333,94.43551184080235,6.043819956563856e-16,31.648619378505735,0
48.7,94.4446950999229,5.932973560881763e-16,31.596388613654604,0
48.71666666666667,94.45386320360674,5.824162034335306e-16,31.544244046964735,0
48.733333333333334,94.4630161768654,5.717347983640683e-16,31.492185536180454,0
48.75,94.47215404466911,5.612494703427549e-16,31.440212939280837,0
48.766666666666666,94.4812768319469,5.509566163568265e-16,31.388326114479366,0
48.78333333333333,94.4903845635867,5.408526996740781e-16,31.336524920223493,0
48.8,94.49947726443528,5.309342486221098e-16,31.284809215194304,0
48.81666666666667,94.5085549592985,5.211978553900688e-16,31.233178858306093,0
48.833333333333336,94.51761767294118,5.116401748524899e-16,31.181633708706,0
48.85,94.52666543008738,5.022579234148443e-16,31.130173625773608,0
48.86666666666667,94.53569825542026,4.930478778803546e-16,31.07879846912058,0
48.88333333333333,94.5447161735823,4.840068743377209e-16,31.027508098590268,0
48.9,94.5537192091753,4.751318070693536e-16,30.976302374257315,0
48.916666666666664,94.56270738676047,4.664196274797387e-16,30.925181156427314,0
48.93333333333333,94.57168073085843,4.578673430435583e-16,30.874144305636374,0
48.95,94.58063926594943,4.494720162732127e-16,30.82319168265078,0
48.96666666666667,94.58958301647321,4.412307637053777e-16,30.772323148466587,0
48.983333333333334,94.59851200682928,4.3314075490624283e-16,30.72153856430927,0
49.0,94.6074262613768,4.251992114950955e-16,30.67083779163331,0
49.016666666666666,94.61632580443478,4.174034061859038e-16,30.620220692121855,0
49.03333333333333,94.62521066028208,4.097506618465732e-16,30.569687127686297,0
49.05,94.63408085315747,4.0223835057553774e-16,30.519236960465946,0
49.06666666666667,94.64293640725978,3.9486389279538395e-16,30.468870052827604,0
49.083333333333336,94.65177734674782,3.8762475636317655e-16,30.418586267365235,0
49.1,94.66060369574058,3.805184556971903e-16,30.36838546689955,0
49.11666666666667,94.66941547831723,3.735425509197323e-16,30.318267514477668,0
49.13333333333333,94.67821271851724,3.6669464701577267e-16,30.268232273372714,0
49.15,94.68699544034035,3.5997239300707695e-16,30.218279607083456,0
49.166666666666664,94.69576366774673,3.533734811415673e-16,30.168409379333955,0
49.18333333333333,94.704517424657,3.4689564609761995e-16,30.118621454073146,0
49.2,94.7132567349523,3.405366642030279e-16,30.06891569547451,0
49.21666666666667,94.72198162247432,3.3429435266836797e-16,30.019291967935683,0
49.233333333333334,94.7306921110255,3.281665688344865e-16,29.96975013607809,0
49.25,94.7393882243689,3.221512094338565e-16,29.920290064746577,0
49.266666666666666,94.7480699862284,3.1624620986555064e-16,29.87091161900904,0
49.28333333333333,94.75673742028874,3.1044954348357493e-16,29.821614664156048,0
49.3,94.76539055019556,3.047592208983124e-16,29.772399065700508,0
49.31666666666667,94.77402939955549,2.991732892908468e-16,29.72326468937726,0
49.333333333333336,94.78265399193617,2.9368983173991775e-16,29.674211401142724,0
49.35,94.79126435086637,2.883069665612761e-16,29.625239067174544,0
49.36666666666667,94.79986049983603,2.830228466592165e-16,29.576347553871216,0
49.38333333333333,94.80844246229633,2.778356588900567e-16,29.52753672785171,0
49.4,94.81701026165972,2.7274362343734815e-16,29.478806455955134,0
49.416666666666664,94.82556392130003,2.677449931985902e-16,29.430156605240356,0
49.43333333333333,94.8341034645525,2.6283805318325477e-16,29.381587042985633,0
49.45,94.8426289147139,2.580211199218926e-16,29.333097636688258,0
49.46666666666667,94.85114029504251,2.532925408861328e-16,29.284688254064196,0
49.483333333333334,94.85963762875825,2.4865069391936255e-16,29.23635876304774,0
49.5,94.8681209390427,2.440939866778982e-16,29.188109031791107,0
49.516666666666666,94.87659024903917,2.3962085608245263e-16,29.13993892866414,0
49.53333333333333,94.88504558185286,2.3522976777970135e-16,29.091848322253888,0
49.55,94.89348696055073,2.3091921561377595e-16,29.043837081364295,0
49.56666666666667,94.90191440816174,2.2668772110748445e-16,28.995905075015802,0
49.583333333333336,94.91032794767683,2.2253383295309497e-16,28.948052172445028,0
49.6,94.91872760204896,2.184561265124957e-16,28.90027824310439,0
49.61666666666667,94.92711339419326,2.144532033265612e-16,28.852583156661748,0
49.63333333333333,94.93548534698701,2.1052369063355726e-16,28.804966783000054,0
49.65,94.94384348326979,2.0666624089641255e-16,28.757428992217005,0
49.666666666666664,94.95218782584338,2.028795313387065e-16,28.70996965462467,0
49.68333333333333,94.96051839747207,1.9916226348918947e-16,28.66258864074915,0
49.7,94.96883522088245,1.9551316273470093e-16,28.615285821330218,0
49.71666666666667,94.97713831876369,1.9193097788132224e-16,28.568061067320976,0
49.733333333333334,94.98542771376748,1.8841448072360305e-16,28.52091424988749,0
49.75,94.9937034285081,1.8496246562173148e-16,28.473845240408448,0
49.766666666666666,95.00196548556258,1.815737490864803e-16,28.42685391047481,0
49.78333333333333,95.01021390747066,1.782471693718056e-16,28.379940131889445,0
49.8,95.01844871673482,1.7498158607494022e-16,28.333103776666793,0
49.81666666666667,95.02666993582051,1.7177587974385613e-16,28.286344717032517,0
49.833333333333336,95.03487758715605,1.6862895149195067e-16,28.23966282542315,0
49.85,95.04307169313272,1.6553972261983337e-16,28.193057974485736,0
49.86666666666667,95.05125227610486,1.6250713424407068e-16,28.146530037077508,0
49.88333333333333,95.05941935838997,1.5953014693276848e-16,28.10007888626552,0
49.9,95.06757296226868,1.566077403478656e-16,28.05370439532631,0
49.916666666666664,95.07571310998483,1.537389128940118e-16,28.00740643774555,0
49.93333333333333,95.08383982374559,1.509226813739113e-16,27.9611848872177,0
49.95,95.09195312572145,1.4815808065000884e-16,27.915039617645675,0
49.96666666666667,95.10005303804631,1.454441633124081e-16,27.86897050314049,0
49.983333333333334,95.10813958281757,1.4277999935290065e-16,27.82297741802091,0
50.0,95.11621278209614,1.401646758449974e-16,27.777060236813117,0
50.016666666666666,95.12427265790654,1.375972966298485e-16,27.731218834250377,0
50.03333333333333,95.13231923223694,1.3507698200794544e-16,27.685453085272687,0
50.05,95.14035252703917,1.3260286843650133e-16,27.639762865026423,0
50.06666666666667,95.14837256422892,1.3017410823239755e-16,27.59414804886402,0
50.083333333333336,95.15637936568565,1.277898692805988e-16,27.548608512343613,0
50.1,95.16437295325272,1.2544933474793665e-16,27.50314413122873,0
50.11666666666667,95.17235334873747,1.2315170280216206e-16,27.457754781487903,0
50.13333333333333,95.1803205739112,1.208961863361662e-16,27.41244033929438,0
50.15,95.18827465050934,1.186820126972783e-16,27.367200681025746,0
50.166666666666664,95.19621560023143,1.1650842342154692e-16,27.32203568326362,0
50.18333333333333,95.20414344474115,1.1437467397290886e-16,27.276945222793294,0
50.2,95.21205820566648,1.1228003348716164e-16,27.2319291766034,0
50.21666666666667,95.2199599045997,1.1022378452064557e-16,27.186987421885593,0
50.233333333333334,95.22784856309745,1.0820522280355083e-16,27.14211983603419,0
50.25,95.23572420268077,1.0622365699776473e-16,27.097326296645857,0
50.266666666666666,95.24358684483525,1.0427840845917693e-16,27.05260668151927,0
50.28333333333333,95.25143651101092,1.0236881100435611e-16,27.00796086865476,0
50.3,95.25927322262253,1.0049421068151933e-16,26.963388736254018,0
50.31666666666667,95.26709700104936,9.865396554572058e-17,26.91889016271973,0
50.333333333333336,95.27490786763552,9.684744543817054e-17,26.874465026655262,0
50.35,95.28270584368984,9.507403176961963e-17,26.830113206864326,0
50.36666666666667,95.29049095048597,9.333311730772712e-17,26.78583458235065,0
50.38333333333333,95.2982632092625,9.162410596834018e-17,26.741629032317636,0
50.4,95.30602264122294,8.99464126106163e-17,26.69749643616806,0
50.416666666666664,95.31376926753579,8.829946283591157e-17,26.653436673503695,0
50.43333333333333,95.32150310933466,8.668269279037208e-17,26.609449624125045,0
50.45,95.32922418771822,8.509554897115529e-17,26.56553516803095,0
50.46666666666667,95.3369325237504,8.353748803621772e-17,26.521693185418325,0
50.483333333333334,95.3446281384603,8.200797661760003e-17,26.47792355668177,0
50.5,95.35231105284234,8.050649113814903e-17,26.434226162413296,0
50.516666666666666,95.35998128785629,7.903251763161003e-17,26.390600883401962,0
50.53333333333333,95.36763886442733,7.75855515660286e-17,26.347047600633573,0
50.55,95.37528380344614,7.616509767040154e-17,26.30356619529034,0
50.56666666666667,95.38291612576886,7.477066976451639e-17,26.260156548750565,0
50.583333333333336,95.39053585221723,7.340179059192018e-17,26.21681854258833,0
50.6,95.39814300357867,7.205799165596169e-17,26.173552058573136,0
50.61666666666667,95.40573760060623,7.0738813058848e-17,26.13035697866962,0
50.63333333333333,95.4133196640188,6.944380334366245e-17,26.08723318503721,0
50.65,95.42088921450096,6.817251933928842e-17,26.044180560029815,0
50.666666666666664,95.42844627270323,6.692452600818349e-17,26.00119898619549,0
50.68333333333333,95.43599085924203,6.56993962969563e-17,25.958288346276134,0
50.7,95.44352299469979,6.449671098968803e-17,25.915448523207157,0
50.71666666666667,95.4510426996249,6.331605856395454e-17,25.872679400117164,0
50.733333333333334,95.45854999453191,6.21570350494937e-17,25.829980860327645,0
50.75,95.46604489990146,6.101924388947432e-17,25.78735278735263,0
50.766666666666666,95.47352743618043,5.990229580431435e-17,25.744795064898412,0
50.78333333333333,95.48099762378193,5.880580865800443e-17,25.702307576863188,0
50.8,95.4884554830854,5.77294073268888e-17,25.65989020733677,0
50.81666666666667,95.49590103443664,5.667272357086016e-17,25.61754284060027,0
50.833333333333336,95.50333429814788,5.563539590692215e-17,25.575265361125755,0
50.85,95.51075529449778,5.461706948507678e-17,25.533057653575963,0
50.86666666666667,95.51816404373162,5.361739596649456e-17,25.49091960280398,0
50.88333333333333,95.5255605660612,5.263603340392454e-17,25.448851093852916,0
50.9,95.53294488166499,5.1672646124301746e-17,25.4068520119556,0
50.916666666666664,95.54031701068813,5.0726904613515654e-17,25.36492224253427,0
50.93333333333333,95.54767697324259,4.979848540329514e-17,25.323061671200243,0
50.95,95.55502478940703,4.888707096017395e-17,25.281270183753627,0
50.96666666666667,95.5623604792271,4.7992349576496954e-17,25.239547666183,0
50.983333333333334,95.56968406271527,4.711401526343088e-17,25.197894004665084,0
51.0,95.57699555985103,4.625176764594179e-17,25.156309085564452,0
51.016666666666666,95.58429499058089,4.5405311859702774e-17,25.114792795433228,0
51.03333333333333,95.59158237481843,4.457435844989758e-17,25.073345021010738,0
51.05,95.59885773244439,4.3758623271883617e-17,25.031965649223245,0
51.06666666666667,95.6061210833067,4.295782739368179e-17,24.990654567183615,0
51.083333333333336,95.61337244722048,4.217169700025833e-17,24.94941166219101,0
51.1,95.6206118439682,4.139996329956623e-17,24.9082368217306,0
51.11666666666667,95.62783929329971,4.064236243031421e-17,24.867129933473223,0
51.13333333333333,95.63505481493218,3.989863537143006e-17,24.826090885275114,0
51.15,95.64225842855029,3.916852785318854e-17,24.785119565177578,0
51.166666666666664,95.64945015380624,3.845179026997329e-17,24.74421586140668,0
51.18333333333333,95.65663001031979,3.7748177594641016e-17,24.70337966237296,0
51.2,95.66379801767835,3.7057449294460724e-17,24.662610856671115,0
51.21666666666667,95.6709541954369,3.637936924859722e-17,24.621909333079696,0
51.233333333333334,95.67809856311828,3.5713705667111586e-17,24.581274980560814,0
51.25,95.68523114021305,3.506023101144981e-17,24.540707688259808,0
51.266666666666666,95.69235194617957,3.441872191639272e-17,24.500207345504993,0
51.28333333333333,95.69946100044415,3.3788959113441234e-17,24.459773841807312,0
51.3,95.70655832240101,3.317072735560797e-17,24.419407066860053,0
51.31666666666667,95.71364393141235,3.256381534359204e-17,24.379106910538553,0
51.333333333333336,95.72071784680844,3.196801565331052e-17,24.33887326289988,0
51.35,95.72778008788767,3.1383124664760896e-17,24.298706014182553,0
51.36666666666667,95.7348306739165,3.080894249219103e-17,24.258605054806246,0
51.38333333333333,95.74186962412968,3.0245272915552683e-17,24.218570275371444,0
51.4,95.74889695773015,2.969192331321382e-17,24.17860156665921,0
51.416666666666664,95.75591269388924,2.91487045959079e-17,24.138698819630843,0
51.43333333333333,95.76291685174657,2.861543114189635e-17,24.09886192542758,0
51.45,95.7699094504102,2.8091920733323e-17,24.059090775370336,0
51.46666666666667,95.77689050895661,2.7577994493736447e-17,24.019385260959364,0
51.483333333333334,95.78386004643089,2.7073476826762466e-17,23.97974527387398,0
51.5,95.79081808184661,2.6578195355901124e-17,23.94017070597227,0
51.516666666666666,95.79776463418602,2.609198086543106e-17,23.900661449290787,0
51.53333333333333,95.80469972240002,2.5614667242399548e-17,23.861217396044264,0
51.55,95.81162336540822,2.5146091419677436e-17,23.82183843862531,0
51.56666666666667,95.81853558209905,2.4686093320061073e-17,23.782524469604127,0
51.583333333333336,95.8254363913297,2.4234515801400452e-17,23.74327538172821,0
51.6,95.83232581192631,2.3791204602736168e-17,23.704091067922054,0
51.61666666666667,95.83920386268393,2.3356008291424786e-17,23.664971421286864,0
51.63333333333333,95.84607056236656,2.2928778211236726e-17,23.625916335100268,0
51.65,95.85292592970725,2.2509368431406143e-17,23.58692570281602,0
51.666666666666664,95.85976998340816,2.209763569661811e-17,23.54799941806371,0
51.68333333333333,95.86660274214054,2.16934393779133e-17,23.50913737464848,0
51.7,95.87342422454486,2.129664142449514e-17,23.47033946655071,0
51.71666666666667,95.88023444923084,2.0907106316422027e-17,23.431605587925773,0
51.733333333333334,95.88703343477744,2.052470101816826e-17,23.392935633103697,0
51.75,95.89382119973298,2.0149294933037935e-17,23.354329496588928,0
51.766666666666666,95.90059776261519,1.9780759858416542e-17,23.315787073059994,0
51.78333333333333,95.90736314191123,1.9418969941843896e-17,23.277308257369242,0
51.8,95.91411735607771,1.9063801637893916e-17,23.238892944542545,0
51.81666666666667,95.92086042354086,1.8715133665846682e-17,23.200541029779032,0
51.833333333333336,95.92759236269639,1.8372846968137373e-17,23.162252408450776,0
51.85,95.93431319190978,1.8036824669568567e-17,23.12402697610252,0
51.86666666666667,95.94102292951611,1.7706952037271652e-17,23.085864628451407,0
51.88333333333333,95.9477215938202,1.7383116441403353e-17,23.04776526138667,0
51.9,95.95440920309673,1.7065207316563797e-17,23.009728770969346,0
51.916666666666664,95.96108577559013,1.6753116123923678e-17,22.97175505343204,0
51.93333333333333,95.96775132951483,1.6446736314046233e-17,22.93384400517858,0
51.95,95.97440588305508,1.6145963290392335e-17,22.895995522783775,0
51.96666666666667,95.98104945436522,1.5850694373495608e-17,22.858209502993112,0
51.983333333333334,95.98768206156957,1.556082876579521e-17,22.82048584272249,0
52.0,95.99430372276257,1.5276267517114444e-17,22.782824439057922,0
52.016666666666666,96.00091445600876,1.4996913490773362e-17,22.745225189255272,0
52.03333333333333,96.0075142793429,1.472267133032334e-17,22.707687990739966,0
52.05,96.01410321077,1.445344742689246e-17,22.670212741106706,0
52.06666666666667,96.02068126826532,1.4189149887130658e-17,22.632799338119202,0
52.083333333333336,96.02724846977448,1.3929688501743103e-17,22.59544767970989,0
52.1,96.03380483321345,1.3674974714601387e-17,22.55815766397963,0
52.11666666666667,96.04035037646868,1.3424921592421943e-17,22.52092918919749,0
52.13333333333333,96.04688511739708,1.3179443795000995e-17,22.48376215380039,0
52.15,96.05340907382606,1.2938457545995829e-17,22.446656456392883,0
52.166666666666664,96.05992226355366,1.2701880604242773e-17,22.409611995746854,0
52.18333333333333,96.0664247043485,1.2469632235601428e-17,22.372628670801245,0
52.2,96.07291641394995,1.2241633185315856e-17,22.33570638066178,0
52.21666666666667,96.079397410068,1.2017805650883318e-17,22.298845024600706,0
52.233333333333334,96.0858677103835,1.1798073255420684e-17,22.26204450205649,0
52.25,96.09232733254807,1.1582361021519959e-17,22.225304712633562,0
52.266666666666666,96.09877629418422,1.1370595345583857e-17,22.188625556102043,0
52.28333333333333,96.10521461288536,1.1162703972632162e-17,22.152006932397466,0
52.3,96.11164230621593,1.095861597157066e-17,22.115448741620504,0
52.31666666666667,96.11805939171127,1.0758261710913981e-17,22.078950884036686,0
52.333333333333336,96.12446588687786,1.0561572834954163e-17,22.042513260076152,0
52.35,96.13086180919328,1.0368482240366534e-17,22.006135770333355,0
52.36666666666667,96.13724717610624,1.0178924053244814e-17,21.969818315566805,0
52.38333333333333,96.1436220050367,9.992833606557924e-18,21.933560796698792,0
52.4,96.14998631337582,9.810147418020497e-18,21.897363114815118,0
52.416666666666664,96.15634011848607,9.630803168369388e-18,21.861225171164822,0
52.43333333333333,96.1626834377013,9.454739680039112e-18,21.825146867159923,0
52.45,96.16901628832672,9.281896896228363e-18,21.78912810437514,0
52.46666666666667,96.175338687639,9.1122158603508e-18,21.753168784547622,0
52.483333333333334,96.18165065288628,8.945638695863147e-18,21.717268809576684,0
52.5,96.18795220128824,8.782108586463073e-18,21.681428081523553,0
52.516666666666666,96.19424335003616,8.621569756650838e-18,21.645646502611076,0
52.53333333333333,96.20052411629291,8.463967452647387e-18,21.60992397522346,0
52.55,96.20679451719306,8.309247923662739e-18,21.574260401906024,0
52.56666666666667,96.21305456984291,8.157358403508004e-18,21.53865568536491,0
52.583333333333336,96.21930429132053,8.0082470925449e-18,21.50310972846683,0
52.6,96.22554369867578,7.861863139966443e-18,21.4676224342388,0
52.61666666666667,96.2317728089304,7.718156626402703e-18,21.432193705867874,0
52.63333333333333,96.23799163907806,7.577078546845881e-18,21.39682344670088,0
52.65,96.24420020608433,7.438580793888392e-18,21.36151156024415,0
52.666666666666664,96.25039852688683,7.302616141268906e-18,21.326257950163267,0
52.68333333333333,96.2565866183952,7.169138227719878e-18,21.291062520282804,0
52.7,96.26276449749119,7.03810154111163e-18,21.255925174586036,0
52.71666666666667,96.26893218102867,6.909461402887366e-18,21.220845817214723,0
52.733333333333334,96.27508968583373,6.7831739527835986e-18,21.185824352468803,0
52.75,96.28123702870465,6.659196133831112e-18,21.150860684806165,0
52.766666666666666,96.28737422641203,6.5374856776308386e-18,21.115954718842364,0
52.78333333333333,96.29350129569873,6.418001089900064e-18,21.081106359350375,0
52.8,96.29961825328006,6.300701636283738e-18,21.04631551126033,0
52.81666666666667,96.30572511584366,6.185547328426009e-18,21.01158207965926,0
52.833333333333336,96.31182190004971,6.07249891029731e-18,20.97690596979083,0
52.85,96.31790862253082,5.961517844772322e-18,20.942287087055085,0
52.86666666666667,96.32398529989226,5.852566300454079e-18,20.907725337008195,0
52.88333333333333,96.33005194871173,5.745607138739686e-18,20.873220625362187,0
52.9,96.33610858553972,5.6406039011235434e-18,20.838772857984704,0
52.916666666666664,96.34215522689935,5.537520796733212e-18,20.80438194089873,0
52.93333333333333,96.34819188928647,5.436322690094041e-18,20.770047780282344,0
52.95,96.35421858916968,5.3369750891182e-18,20.735770282468465,0
52.96666666666667,96.36023534299045,5.239444133313928e-18,20.701549353944596,0
52.983333333333334,96.36624216716311,5.143696582211235e-18,20.667384901352566,0
53.0,96.37223907807487,5.049699803999654e-18,20.633276831488267,0
53.016666666666666,96.37822609208591,4.957421764374574e-18,20.59922505130142,0
53.03333333333333,96.38420322552942,4.866831015588066e-18,20.565229467895307,0
53.05,96.39017049471164,4.7778966857004995e-18,20.53128998852652,0
53.06666666666667,96.39612791591188,4.6905884680293585e-18,20.497406520604706,0
53.083333333333336,96.40207550538257,4.604876610791467e-18,20.463578971692314,0
53.1,96.40801327934936,4.520731906935222e-18,20.429807249504357,0
53.11666666666667,96.4139412540111,4.438125684159346e-18,20.39609126190814,0
53.13333333333333,96.41985944553991,4.357029795114568e-18,20.36243091692302,0
53.15,96.42576787008122,4.277416607785081e-18,20.328826122720155,0
53.166666666666664,96.43166654375378,4.1992589960463474e-18,20.295276787622246,0
53.18333333333333,96.43755548264981,4.122530330396068e-18,20.2617828201033,0
53.2,96.44343470283494,4.0472044688551225e-18,20.228344128788365,0
53.21666666666667,96.44930422034825,3.97325574803534e-18,20.194960622453287,0
53.233333333333334,96.45516405120239,3.9006589743710736e-18,20.161632210024468,0
53.25,96.46101421138358,3.829389415511574e-18,20.128358800578617,0
53.266666666666666,96.46685471685166,3.759422791871158e-18,20.095140303342475,0
53.28333333333333,96.4726855835401,3.6907352683343855e-18,20.061976627692616,0
53.3,96.4785068273561,3.623303446113189e-18,20.028867683155152,0
53.31666666666667,96.48431846418062,3.557104354753491e-18,19.995813379405526,0
53.333333333333336,96.49012050986839,3.492115444288185e-18,19.962813626268225,0
53.35,96.49591298024798,3.4283145775341674e-18,19.92986833371657,0
53.36666666666667,96.50169589112186,3.3656800225304632e-18,19.896977411872456,0
53.38333333333333,96.50746925826637,3.304190445115105e-18,19.864140771006095,0
53.4,96.51323309743186,3.243824901637961e-18,19.831358321535802,0
53.416666666666664,96.51898742434264,3.184562831807321e-18,19.798629974027715,0
53.43333333333333,96.52473225469713,3.126384051667536e-18,19.765955639195578,0
53.45,96.5304676041678,3.0692687467054127e-18,19.733335227900476,0
53.46666666666667,96.53619348840125,3.0131974650829914e-18,19.70076865115061,0
53.483333333333334,96.54190992301831,2.9581511109943697e-18,19.668255820101056,0
53.5,96.54761692361397,2.904110938144341e-18,19.6357966460535,0
53.516666666666666,96.55331450575753,2.851058543346536e-18,19.60339104045601,0
53.53333333333333,96.55900268499255,2.7989758602389837e-18,19.5710389149028,0
53.55,96.56468147683697,2.7478451531147695e-18,19.53874018113399,0
53.56666666666667,96.57035089678311,2.697649010865902e-18,19.506494751035337,0
53.583333333333336,96.57601096029772,2.648370341038105e-18,19.47430253663804,0
53.6,96.58166168282203,2.5999923639945978e-18,19.442163450118453,0
53.61666666666667,96.5873030797718,2.55249860718694e-18,19.410077403797892,0
53.63333333333333,96.59293516653732,2.505872899530713e-18,19.37804431014235,0
53.65,96.59855795848351,2.4600993658845045e-18,19.346064081762293,0
53.666666666666664,96.60417147094991,2.41516242162989e-18,19.314136631412406,0
53.68333333333333,96.60977571925073,2.37104676735092e-18,19.28226187199136,0
53.7,96.61537071867497,2.3277373836109884e-18,19.250439716541567,0
53.71666666666667,96.62095648448633,2.2852195258255485e-18,19.21867007824895,0
53.733333333333334,96.62653303192337,2.2434787192286893e-18,19.18695287044271,0
53.75,96.63210037619945,2.2025007539320553e-18,19.155288006595075,0
53.766666666666666,96.63765853250287,2.162271680074275e-18,19.123675400321073,0
53.78333333333333,96.64320751599682,2.1227778030592853e-18,19.092114965378304,0
53.8,96.64874734181956,2.0840056788819258e-18,19.060606615666693,0
53.81666666666667,96.65427802508421,2.0459421095392196e-18,19.02915026522825,0
53.833333333333336,96.65979958087908,2.0085741385257397e-18,18.99774582824686,0
53.85,96.66531202426755,1.9718890464114683e-18,18.966393219048026,0
53.86666666666667,96.6708153702881,1.93587434650079e-18,18.935092352098636,0
53.88333333333333,96.67630963395442,1.9005177805709537e-18,18.903843142006746,0
53.9,96.68179483025543,1.8658073146886935e-18,18.872645503521337,0
53.916666666666664,96.6872709741553,1.83173113510342e-18,18.841499351532068,0
53.93333333333333,96.6927380805935,1.798277644215776e-18,18.810404601069077,0
53.95,96.69819616448488,1.765435456619961e-18,18.779361167302717,0
53.96666666666667,96.70364524071961,1.7331933952186678e-18,18.748368965543353,0
53.983333333333334,96.70908532416335,1.7015404874091084e-18,18.717427911241096,0
54.0,96.71451642965718,1.6704659613390213e-18,18.686537919985607,0
54.016666666666666,96.71993857201772,1.6399592422312011e-18,18.655698907505855,0
54.03333333333333,96.72535176603714,1.6100099487754244e-18,18.624910789669865,0
54.05,96.73075602648316,1.580607889586449e-18,18.594173482484532,0
54.06666666666667,96.73615136809917,1.5517430597269435e-18,18.563486902095356,0
54.083333333333336,96.7415378056042,1.5234056372940818e-18,18.53285096478622,0
54.1,96.746915353693,1.4955859800687155e-18,18.50226558697917,0
54.11666666666667,96.75228402703607,1.4682746222259153e-18,18.471730685234196,0
54.13333333333333,96.75764384027968,1.4414622711057683e-18,18.441246176248963,0
54.15,96.76299480804599,1.415139804043369e-18,18.41081197685865,0
54.166666666666664,96.76833694493294,1.3892982652568544e-18,18.38042800403565,0
54.18333333333333,96.77367026551444,1.3639288627924613e-18,18.350094174889403,0
54.2,96.77899478434033,1.3390229655255667e-18,18.319810406666136,0
54.21666666666667,96.78431051593643,1.3145721002166284e-18,18.289576616748654,0
54.233333333333334,96.78961747480461,1.2905679486211017e-18,18.259392722656102,0
54.25,96.7949156754228,1.2670023446522553e-18,18.229258642043742,0
54.266666666666666,96.80020513224503,1.2438672715960048e-18,18.199174292702743,0
54.28333333333333,96.80548585970143,1.2211548593767365e-18,18.16913959255994,0
54.3,96.81075787219841,1.1988573818732182e-18,18.139154459677613,0
54.31666666666667,96.81602118411855,1.1769672542836934e-18,18.10921881225328,0
54.333333333333336,96.82127580982069,1.1554770305392092e-18,18.07933256861944,0
54.35,96.82652176363999,1.1343794007643628e-18,18.049495647243383,0
54.36666666666667,96.83175905988793,1.1136671887845381e-18,18.019707966726955,0
54.38333333333333,96.8369877128524,1.0933333496787899e-18,17.989969445806334,0
54.4,96.84220773679769,1.0733709673775857e-18,17.960280003351812,0
54.416666666666664,96.84741914596458,1.0537732523045041e-18,17.930639558367574,0
54.43333333333333,96.85262195457031,1.0345335390611705e-18,17.901048029991465,0
54.45,96.85781617680865,1.0156452841545526e-18,17.87150533749479,0
54.46666666666667,96.86300182684998,9.971020637659164e-19,17.84201140028208,0
54.483333333333334,96.8681789188413,9.788975715606235e-19,17.812566137890872,0
54.5,96.87334746690621,9.61025616538045e-19,17.783169469991496,0
54.516666666666666,96.87850748514505,9.43480120920867e-19,17.75382131638686,0
54.53333333333333,96.88365898763489,9.262551180830149e-19,17.724521597012203,0
54.55,96.88880198842953,9.093447505155772e-19,17.69527023193492,0
54.56666666666667,96.89393650155961,8.927432678299402e-19,17.666067141354315,0
54.583333333333336,96.8990625410326,8.764450247974959e-19,17.63691224560138,0
54.6,96.90418012083286,8.604444794252806e-19,17.607805465138597,0
54.61666666666667,96.90928925492167,8.447361910668151e-19,17.578746720559714,0
54.63333333333333,96.91438995723726,8.293148185675611e-19,17.549735932589517,0
54.65,96.91948224169488,8.141751184443338e-19,17.520773022083624,0
54.666666666666664,96.92456612218677,7.993119430980553e-19,17.49185791002827,0
54.68333333333333,96.92964161258232,7.84720239059231e-19,17.462990517540092,0
54.7,96.93470872672793,7.703950452655626e-19,17.434170765865904,0
54.71666666666667,96.93976747844724,7.5633149137108245e-19,17.405398576382495,0
54.733333333333334,96.94481788154103,7.4252479608627025e-19,17.376673870596406,0
54.75,96.9498599497873,7.289702655485531e-19,17.34799657014372,0
54.766666666666666,96.95489369694134,7.15663291722638e-19,17.31936659678984,0
54.78333333333333,96.9599191367357,7.02599350830142e-19,17.290783872429294,0
54.8,96.96493628288036,6.897740018079837e-19,17.2622483190855,0
54.81666666666667,96.96994514906253,6.771828847949717e-19,17.233759858910567,0
54.833333333333336,96.97494574894692,6.648217196461277e-19,17.205318414185076,0
54.85,96.9799380961757,6.5268630447421865e-19,17.176923907317878,0
54.86666666666667,96.9849222043685,6.40772514217955e-19,17.148576260845864,0
54.88333333333333,96.98989808712244,6.290762992364449e-19,17.12027539743378,0
54.9,96.99486575801227,6.17593683929352e-19,17.092021239873986,0
54.916666666666664,96.99982523059026,6.06320765382332e-19,17.063813711086272,0
54.93333333333333,97.00477651838641,5.952537120372575e-19,17.03565273411763,0
54.95,97.0097196349083,5.843887623867938e-19,17.007538232142043,0
54.96666666666667,97.01465459364127,5.737222236928697e-19,16.979470128460306,0
54.983333333333334,97.01958140804838,5.632504707286213e-19,16.951448346499763,0
55.0,97.0245000915705,5.529699445433451e-19,16.92347280981415,0
55.016666666666666,97.02941065762627,5.428771512500779e-19,16.895543442083362,0
55.03333333333333,97.03431311961222,5.329686608353642e-19,16.867660167113236,0
55.05,97.03920749090277,5.232411059908227e-19,16.839822908835366,0
55.06666666666667,97.04409378485028,5.136911809660722e-19,16.812031591306877,0
55.083333333333336,97.04897201478504,5.043156404426981e-19,16.784286138710232,0
55.1,97.05384219401533,4.951112984287961e-19,16.756586475353014,0
55.11666666666667,97.05870433582754,4.860750271737681e-19,16.728932525667727,0
55.13333333333333,97.06355845348607,4.7720375610297545e-19,16.70132421421158,0
55.15,97.06840456023346,4.684944707718965e-19,16.673761465666296,0
55.166666666666664,97.07324266929035,4.599442118394291e-19,16.646244204837892,0
55.18333333333333,97.07807279385561,4.515500740599792e-19,16.618772356656475,0
55.2,97.08289494710631,4.43309205294007e-19,16.591345846176065,0
55.21666666666667,97.0877091421978,4.352188055366686e-19,16.563964598574337,0
55.233333333333334,97.09251539226364,4.27276125964258e-19,16.53662853915247,0
55.25,97.09731371041582,4.1947846799808087e-19,16.50933759333492,0
55.266666666666666,97.10210410974462,4.118231823854757e-19,16.482091686669197,0
55.28333333333333,97.10688660331871,4.0430766829764885e-19,16.45489074482571,0
55.3,97.11166120418527,3.969293724440223e-19,16.427734693597518,0
55.31666666666667,97.11642792536986,3.8968578820278827e-19,16.400623458900153,0
55.333333333333336,97.12118677987661,3.8257445476738305e-19,16.37355696677141,0
55.35,97.12593778068812,3.7559295630856927e-19,16.346535143371142,0
55.36666666666667,97.13068094076563,3.6873892115186984e-19,16.31955791498107,0
55.38333333333333,97.13541627304897,3.62010020970039e-19,16.29262520800457,0
55.4,97.14014379045659,3.554039699903217e-19,16.265736948966484,0
55.416666666666664,97.14486350588564,3.4891852421621773e-19,16.2388930645129,0
55.43333333333333,97.14957543221198,3.425514806634854e-19,16.212093481410978,0
55.45,97.15427958229026,3.3630067661012986e-19,16.185338126548725,0
55.46666666666667,97.15897596895383,3.3016398886011785e-19,16.158626926934808,0
55.483333333333334,97.16366460501493,3.241393330205583e-19,16.131959809698365,0
55.5,97.16834550326465,3.182246627921171e-19,16.105336702088792,0
55.516666666666666,97.17301867647294,3.124179692724136e-19,16.078757531475535,0
55.53333333333333,97.1776841373887,3.0671728027216445e-19,16.05222222534792,0
55.55,97.18234189873976,3.0112065964384434e-19,16.025730711314928,0
55.56666666666667,97.18699197323299,2.956262066226202e-19,15.99928291710502,0
55.583333333333336,97.19163437355427,2.9023205517936204e-19,15.97287877056592,0
55.6,97.19626911236853,2.8493637338547317e-19,15.946518199664434,0
55.61666666666667,97.2008962023198,2.79737362789361e-19,15.920201132486243,0
55.63333333333333,97.20551565603125,2.746332578042973e-19,15.89392749723571,0
55.65,97.21012748610526,2.696223251074998e-19,15.867697222235687,0
55.666666666666664,97.21473170512331,2.647028630501904e-19,15.841510235927316,0
55.68333333333333,97.21932832564626,2.598732010784571e-19,15.815366466869838,0
55.7,97.22391736021406,2.5513169916470963e-19,15.78926584374039,0
55.71666666666667,97.22849882134614,2.504767472495363e-19,15.763208295333817,0
55.733333333333334,97.23307272154115,2.4590676469377515e-19,15.737193750562481,0
55.75,97.23763907327717,2.414201997406055e-19,15.711222138456053,0
55.766666666666666,97.24219788901166,2.37015528987483e-19,15.685293388161336,0
55.78333333333333,97.24674918118156,2.3269125686773864e-19,15.659407428942062,0
55.8,97.25129296220322,2.2844591514165595e-19,15.633564190178708,0
55.81666666666667,97.25582924447257,2.2427806239686304e-19,15.607763601368282,0
55.833333333333336,97.26035804036503,2.2018628355786337e-19,15.582005592124156,0
55.85,97.26487936223563,2.1616918940453683e-19,15.556290092175866,0
55.86666666666667,97.26939322241898,2.1222541609945551e-19,15.530617031368909,0
55.88333333333333,97.27389963322935,2.0835362472383688e-19,15.504986339664566,0
55.9,97.27839860696072,2.0455250082199955e-19,15.479397947139702,0
55.916666666666664,97.2828901558867,2.0082075395413715e-19,15.45385178398658,0
55.93333333333333,97.28737429226072,1.9715711725728292e-19,15.428347780512672,0
55.95,97.29185102831596,1.935603470143062e-19,15.40288586714046,0
55.96666666666667,97.2963203762654,1.9002922223078335e-19,15.377465974407256,0
55.983333333333334,97.3007823483019,1.865625442196229e-19,15.352088032965007,0
56.0,97.30523695659812,1.8315913619327646e-19,15.326751973580109,0
56.016666666666666,97.30968421330675,1.7981784286341243e-19,15.301457727133213,0
56.03333333333333,97.31412413056032,1.7653753004791673e-19,15.276205224619048,0
56.05,97.31855672047139,1.7331708428507582e-19,15.250994397146213,0
56.06666666666667,97.32298199513251,1.70155412454821e-19,15.22582517593701,0
56.083333333333336,97.32739996661627,1.6705144140689722e-19,15.200697492327244,0
56.1,97.33181064697536,1.6400411759583656e-19,15.17561127776604,0
56.11666666666667,97.33621404824255,1.6101240672260463e-19,15.15056646381565,0
56.13333333333333,97.3406101824308,1.5807529338280235e-19,15.125562982151278,0
56.15,97.34499906153316,1.5519178072130396e-19,15.10060076456088,0
56.166666666666664,97.34938069752297,1.523608900932093e-19,15.075679742944992,0
56.18333333333333,97.35375510235377,1.4958166073099842e-19,15.050799849316528,0
56.2,97.3581222879594,1.4685314941777177e-19,15.025961015800613,0
56.21666666666667,97.36248226625396,1.44174430166471e-19,15.00116317463438,0
56.233333333333334,97.36683504913194,1.4154459390495815e-19,14.976406258166797,0
56.25,97.37118064846814,1.3896274816686567e-19,14.95169019885848,0
56.266666666666666,97.37551907611783,1.3642801678808854e-19,14.927014929281503,0
56.28333333333333,97.37985034391666,1.3393953960883633e-19,14.902380382119224,0
56.3,97.3841744636808,1.3149647218112699e-19,14.877786490166093,0
56.31666666666667,97.38849144720683,1.290979854816355e-19,14.85323318632747,0
56.333333333333336,97.39280130627199,1.2674326562979088e-19,14.828720403619446,0
56.35,97.39710405263396,1.2443151361102721e-19,14.804248075168655,0
56.36666666666667,97.40139969803111,1.2216194500509945e-19,14.7798161342121,0
56.38333333333333,97.40568825418238,1.19933789719364e-19,14.755424514096958,0
56.4,97.40996973278736,1.1774629172693756e-19,14.731073148280412,0
56.416666666666664,97.4142441455264,1.1559870880964514e-19,14.706761970329461,0
56.43333333333333,97.4185115040605,1.1349031230566743e-19,14.682490913920736,0
56.45,97.42277182003149,1.1142038686180275e-19,14.658259912840325,0
56.46666666666667,97.42702510506189,1.0938823019025936e-19,14.634068900983596,0
56.483333333333334,97.43127137075514,1.0739315282989507e-19,14.609917812355008,0
56.5,97.43551062869545,1.0543447791182205e-19,14.585806581067937,0
56.516666666666666,97.43974289044799,1.0351154092929758e-19,14.561735141344489,0
56.53333333333333,97.44396816755877,1.0162368951182306e-19,14.537703427515332,0
56.55,97.44818647155478,9.977028320337339e-20,14.513711374019502,0
56.56666666666667,97.45239781394397,9.795069324467961e-20,14.48975891540424,0
56.583333333333336,97.45660220621534,9.616430235949378e-20,14.465845986324805,0
56.6,97.46079965983888,9.441050454476295e-20,14.441972521544294,0
56.61666666666667,97.46499018626567,9.268870486463609e-20,14.418138455933464,0
56.63333333333333,97.46917379692789,9.099831924824106e-20,14.394343724470565,0
56.65,97.47335050323886,8.933877429115484e-20,14.370588262241144,0
56.666666666666664,97.47752031659307,8.770950706050793e-20,14.34687200443789,0
56.68333333333333,97.48168324836618,8.610996490364877e-20,14.323194886360435,0
56.7,97.48583930991512,8.453960526030698e-20,14.299556843415196,0
56.71666666666667,97.48998851257801,8.29978954781907e-20,14.27595781111519,0
56.733333333333334,97.4941308676743,8.148431263195682e-20,14.252397725079854,0
56.75,97.49826638650478,7.99983433454874e-20,14.228876521034879,0
56.766666666666666,97.50239508035155,7.853948361741869e-20,14.205394134812025,0
56.78333333333333,97.50651696047812,7.710723864985775e-20,14.181950502348958,0
56.8,97.51063203812939,7.570112268022982e-20,14.158545559689063,0
56.81666666666667,97.5147403245317,7.432065881620189e-20,14.135179242981279,0
56.833333333333336,97.51884183089288,7.296537887362221e-20,14.111851488479912,0
56.85,97.52293656840226,7.16348232174228e-20,14.088562232544483,0
56.86666666666667,97.5270245482307,7.032854060543108e-20,14.065311411639527,0
56.88333333333333,97.53110578153063,6.904608803503442e-20,14.042098962334444,0
56.9,97.53518027943605,6.778703059265102e-20,14.018924821303308,0
56.916666666666664,97.53924805306264,6.655094130594905e-20,13.99578892532471,0
56.93333333333333,97.54330911350766,6.533740099877039e-20,13.972691211281571,0
56.95,97.54736347185012,6.414599814870307e-20,13.949631616160977,0
56.96666666666667,97.55141113915072,6.29763287472589e-20,13.926610077054011,0
56.983333333333334,97.55545212645188,6.182799616260771e-20,13.903626531155568,0
57.0,97.55948644477787,6.070061100481861e-20,13.880680915764202,0
57.016666666666666,97.5635141051347,5.95937909935651e-20,13.857773168281941,0
57.03333333333333,97.56753511851024,5.850716082824992e-20,13.834903226214118,0
57.05,97.57154949587421,5.74403520605016e-20,13.812071027169205,0
57.06666666666667,97.57555724817824,5.639300296900187e-20,13.789276508858642,0
57.083333333333336,97.5795583863559,5.536475843660232e-20,13.766519609096665,0
57.1,97.58355292132272,5.435526982968565e-20,13.743800265800138,0
57.11666666666667,97.58754086397614,5.336419487973277e-20,13.72111841698838,0
57.13333333333333,97.59152222519573,5.2391197567053436e-20,13.698474000783005,0
57.15,97.59549701584302,5.1435948006642496e-20,13.675866955407738,0
57.166666666666664,97.59946524676165,5.049812233612337e-20,13.653297219188264,0
57.18333333333333,97.60342692877734,4.957740260573743e-20,13.630764730552045,0
57.2,97.60738207269799,4.8673476670345625e-20,13.60826942802816,0
57.21666666666667,97.61133068931363,4.778603808340294e-20,13.585811250247138,0
57.233333333333334,97.61527278939647,4.691478599287062e-20,13.563390135940788,0
57.25,97.61920838370096,4.605942503903187e-20,13.541006023942026,0
57.266666666666666,97.62313748296384,4.5219665254173265e-20,13.51865885318472,0
57.28333333333333,97.62706009790404,4.439522196410022e-20,13.496348562703513,0
57.3,97.63097623922287,4.3585815691453024e-20,13.474075091633672,0
57.31666666666667,97.63488591760398,4.27911720607884e-20,13.451838379210892,0
57.333333333333336,97.63878914371337,4.201102170539647e-20,13.429638364771169,0
57.35,97.6426859281994,4.124510017582054e-20,13.407474987750598,0
57.36666666666667,97.64657628169294,4.049314785004871e-20,13.385348187685242,0
57.38333333333333,97.65046021480725,3.975490984534561e-20,13.363257904210933,0
57.4,97.65433773813808,3.903013593169698e-20,13.341204077063136,0
57.416666666666664,97.65820886226373,3.831858044683454e-20,13.319186646076762,0
57.43333333333333,97.66207359774502,3.762000221281424e-20,13.297205551186027,0
57.45,97.66593195512533,3.6934164454118904e-20,13.275260732424263,0
57.46666666666667,97.66978394493066,3.626083471725707e-20,13.253352129923776,0
57.483333333333334,97.67362957766962,3.559978479183124e-20,13.23147968391567,0
57.5,97.6774688638335,3.4950790633048346e-20,13.209643334729689,0
57.516666666666666,97.68130181389624,3.4313632285646326e-20,13.187843022794048,0
57.53333333333333,97.68512843831454,3.368809380920978e-20,13.166078688635285,0
57.55,97.68894874752782,3.3073963204852075e-20,13.144350272878079,0
57.56666666666667,97.69276275195826,3.2471032343235145e-20,13.1226577162451,0
57.583333333333336,97.69657046201087,3.18790968939057e-20,13.101000959556854,0
57.6,97.70037188807345,3.1297956255922276e-20,13.079379943731501,0
57.61666666666667,97.70416704051667,3.072741348974938e-20,13.057794609784715,0
57.63333333333333,97.70795592969412,3.0167275250396636e-20,13.036244898829507,0
57.65,97.71173856594227,2.961735172177928e-20,13.014730752076074,0
57.666666666666664,97.71551495958052,2.90774565522775e-20,12.993252110831635,0
57.68333333333333,97.71928512091125,2.854740679147401e-20,12.971808916500278,0
57.7,97.72304906021988,2.802702282804654e-20,12.950401110582783,0
57.71666666666667,97.72680678777479,2.7516128328795635e-20,12.929028634676481,0
57.733333333333334,97.73055831382744,2.7014550178786018e-20,12.907691430475083,0
57.75,97.7343036486124,2.6522118422581884e-20,12.886389439768527,0
57.766666666666666,97.7380428023473,2.6038666206555673e-20,12.865122604442815,0
57.78333333333333,97.74177578523293,2.556402972225034e-20,12.843890866479857,0
57.8,97.74550260745326,2.5098048150777312e-20,12.822694167957316,0
57.81666666666667,97.74922327917545,2.4640563608229415e-20,12.80153245104844,0
57.833333333333336,97.75293781054988,2.4191421092090972e-20,12.780405658021913,0
57.85,97.7566462117101,2.3750468428628002e-20,12.759313731241697,0
57.86666666666667,97.76034849277308,2.331755622123781e-20,12.73825661316687,0
57.88333333333333,97.76404466383897,2.289253779974378e-20,12.717234246351472,0
57.9,97.76773473499135,2.2475269170615216e-20,12.69624657344435,0
57.916666666666664,97.77141871629708,2.2065608968097415e-20,12.675293537188995,0
57.93333333333333,97.77509661780643,2.1663418406233717e-20,12.654375080423398,0
57.95,97.77876844955308,2.1268561231764654e-20,12.633491146079878,0
57.96666666666667,97.7824342215542,2.0880903677886967e-20,12.61264167718494,0
57.983333333333334,97.78609394381036,2.0500314418857678e-20,12.59182661685911,0
58.0,97.78974762630565,2.0126664525427105e-20,12.571045908316789,0
58.016666666666666,97.79339527900773,1.9759827421086383e-20,12.550299494866094,0
58.03333333333333,97.79703691186769,1.9399678839113472e-20,12.529587319908693,0
58.05,97.80067253482036,1.9046096780404385e-20,12.508909326939671,0
58.06666666666667,97.80430215778404,1.8698961472074696e-20,12.488265459547355,0
58.083333333333336,97.80792579066069,1.8358155326816607e-20,12.467655661413183,0
58.1,97.81154344333599,1.802356290299896e-20,12.447079876311525,0
58.11666666666667,97.81515512567927,1.7695070865495783e-20,12.426538048109547,0
58.13333333333333,97.81876084754354,1.7372567947230714e-20,12.406030120767054,0
58.15,97.82236061876557,1.705594491142295e-20,12.385556038336334,0
58.166666666666664,97.82595444916595,1.6745094514523502e-20,12.36511574496201,0
58.18333333333333,97.82954234854897,1.6439911469828278e-20,12.34470918488088,0
58.2,97.8331243267028,1.614029241175571e-20,12.324336302421775,0
58.21666666666667,97.83670039339943,1.5846135860776538e-20,12.303997042005399,0
58.233333333333334,97.84027055839472,1.5557342188984525e-20,12.28369134814418,0
58.25,97.8438348314285,1.5273813586295794e-20,12.263419165442123,0
58.266666666666666,97.84739322222444,1.499545402726568e-20,12.24318043859465,0
58.28333333333333,97.85094574049016,1.472216923851109e-20,12.222975112388456,0
58.3,97.85449239591733,1.4453866666728435e-20,12.202803131701357,0
58.31666666666667,97.85803319818156,1.4190455447295603e-20,12.182664441502139,0
58.333333333333336,97.86156815694254,1.393184637344676e-20,12.162558986850405,0
58.35,97.86509728184397,1.3677951866010856e-20,12.142486712896433,0
58.36666666666667,97.86862058251373,1.3428685943702306e-20,12.122447564881016,0
58.38333333333333,97.87213806856366,1.3183964193954428e-20,12.102441488135325,0
58.4,97.87564974958984,1.294370374428543e-20,12.08246842808074,0
58.416666666666664,97.87915563517252,1.2707823234187343e-20,12.06252833022873,0
58.43333333333333,97.8826557348761,1.2476242787528477e-20,12.042621140180676,0
58.45,97.8861500582492,1.2248883985459509e-20,12.022746803627738,0
58.46666666666667,97.88963861482469,1.2025669839814683e-20,12.00290526635071,0
58.483333333333334,97.89312141411973,1.1806524766998561e-20,11.983096474219856,0
58.5,97.89659846563572,1.1591374562349619e-20,11.963320373194778,0
58.516666666666666,97.90006977885844,1.1380146374972137e-20,11.943576909324262,0
58.53333333333333,97.90353536325794,1.11727686830275e-20,11.923866028746133,0
58.55,97.90699522828876,1.0969171269476792e-20,11.904187677687098,0
58.56666666666667,97.91044938338969,1.0769285198266432e-20,11.88454180246262,0
58.583333333333336,97.91389783798404,1.0573042790948368e-20,11.86492834947675,0
58.6,97.91734060147958,1.0380377603727477e-20,11.845347265221994,0
58.61666666666667,97.92077768326847,1.0191224404928055e-20,11.825798496279166,0
58.63333333333333,97.92420909272744,1.0005519152871585e-20,11.806281989317233,0
58.65,97.9276348392177,9.823198974158445e-21,11.786797691093179,0
58.666666666666664,97.93105493208508,9.644202142346595e-21,11.76734554845186,0
58.68333333333333,97.93446938065992,9.468468057018944e-21,11.747925508325853,0
58.7,97.93787819425717,9.295937223233379e-21,11.72853751773531,0
58.71666666666667,97.94128138217643,9.126551231347848e-21,11.709181523787825,0
58.733333333333334,97.94467895370194,8.960252737213874e-21,11.689857473678275,0
58.75,97.94807091810264,8.7969854427316e-21,11.670565314688686,0
58.766666666666666,97.95145728463214,8.636694076759937e-21,11.651304994188092,0
58.78333333333333,97.95483806252878,8.479324376375323e-21,11.632076459632373,0
58.8,97.95821326101569,8.324823068472507e-21,11.612879658564133,0
58.81666666666667,97.96158288930071,8.173137851701372e-21,11.593714538612549,0
58.833333333333336,97.9649469565766,8.024217378733494e-21,11.574581047493222,0
58.85,97.9683054720208,7.878011238852569e-21,11.555479133008046,0
58.86666666666667,97.97165844479574,7.734469940862473e-21,11.536408743045051,0
58.88333333333333,97.97500588404864,7.593544896307621e-21,11.517369825578278,0
58.9,97.97834779891167,7.455188402999573e-21,11.498362328667625,0
58.916666666666664,97.9816841985019,7.319353628844214e-21,11.479386200458704,0
58.93333333333333,97.98501509192138,7.185994595964596e-21,11.460441389182705,0
58.95,97.98834048825714,7.055066165113155e-21,11.441527843156264,0
58.96666666666667,97.99166039658115,6.926524020368964e-21,11.422645510781297,0
58.983333333333334,97.99497482595052,6.800324654113978e-21,11.403794340544888,0
59.0,97.9982837854073,6.676425352283799e-21,11.38497428101912,0
59.016666666666666,98.0015872839787,6.5547841798875225e-21,11.366185280860963,0
59.03333333333333,98.00488533067696,6.4353599667921204e-21,11.34742728881211,0
59.05,98.00817793449953,6.318112293766128e-21,11.32870025369885,0
59.06666666666667,98.01146510442895,6.203001478778261e-21,11.310004124431932,0
59.083333333333336,98.01474684943294,6.0899885635460735e-21,11.291338850006412,0
59.1,98.01802317846447,5.979035300330201e-21,11.272704379501523,0
59.11666666666667,98.02129410046167,5.8701041389696574e-21,11.25410066208053,0
59.13333333333333,98.02455962434796,5.763158214153749e-21,11.235527646990608,0
59.15,98.027819759032,5.6581613329264814e-21,11.216985283562677,0
59.166666666666664,98.03107451340782,5.5550779624188566e-21,11.198473521211286,0
59.18333333333333,98.03432389635468,5.4538732178052835e-21,11.179992309434466,0
59.2,98.03756791673722,5.3545128504797334e-21,11.161541597813589,0
59.21666666666667,98.04080658340547,5.256963236447695e-21,11.143121336013241,0
59.233333333333334,98.04403990519485,5.161191364930164e-21,11.124731473781072,0
59.25,98.04726789092618,5.0671648271754545e-21,11.106371960947667,0
59.266666666666666,98.05049054940575,4.974851805475403e-21,11.08804274742641,0
59.28333333333333,98.05370788942527,4.8842210623819854e-21,11.069743783213342,0
59.3,98.056919919762,4.7952419301206935e-21,11.051475018387029,0
59.31666666666667,98.06012664917867,4.707884300197209e-21,11.03323640310842,0
59.333333333333336,98.06332808642357,4.622118613193901e-21,11.01502788762072,0
59.35,98.06652424023054,4.53791584875235e-21,10.996849422249248,0
59.36666666666667,98.06971511931901,4.455247515738803e-21,10.978700957401296,0
59.38333333333333,98.07290073239405,4.374085642589174e-21,10.960582443566015,0
59.4,98.07608108814631,4.294402767830207e-21,10.94249383131425,0
59.416666666666664,98.07925619525211,4.216171930773669e-21,10.924435071298431,0
59.43333333333333,98.08242606237351,4.139366662380387e-21,10.90640611425242,0
59.45,98.08559069815819,4.063960976290981e-21,10.888406910991394,0
59.46666666666667,98.08875011123962,3.989929360020393e-21,10.870437412411693,0
59.483333333333334,98.091904310237,3.9172467663130476e-21,10.852497569490696,0
59.5,98.0950533037553,3.8458886046558055e-21,10.834587333286693,0
59.516666666666666,98.09819710038526,3.77583073294582e-21,10.816706654938733,0
59.53333333333333,98.10133570870354,3.707049449310481e-21,10.798855485666506,0
59.55,98.10446913727255,3.639521484076573e-21,10.781033776770213,0
59.56666666666667,98.10759739464059,3.573223991886076e-21,10.763241479630416,0
59.583333333333336,98.11072048934189,3.508134543955861e-21,10.745478545707918,0
59.6,98.11383842989655,3.444231120478542e-21,10.72774492654363,0
59.61666666666667,98.11695122481065,3.3814921031621326e-21,10.71004057375844,0
59.63333333333333,98.12005888257619,3.319896267905768e-21,10.692365439053065,0
59.65,98.12316141167118,3.259422777609135e-21,10.674719474207947,0
59.666666666666664,98.12625882055966,3.2000511751130893e-21,10.657102631083093,0
59.68333333333333,98.12935111769164,3.1417613762691367e-21,10.63951486161797,0
59.7,98.13243831150324,3.0845336631353834e-21,10.62195611783135,0
59.71666666666667,98.13552041041663,3.0283486772966067e-21,10.604426351821198,0
59.733333333333334,98.1385974228401,2.9731874133062635e-21,10.586925515764525,0
59.75,98.14166935716806,2.9190312122481927e-21,10.569453561917273,0
59.766666666666666,98.14473622178103,2.8658617554157597e-21,10.552010442614176,0
59.78333333333333,98.14779802504574,2.813661058106381e-21,10.53459611026863,0
59.8,98.15085477531514,2.762411463529243e-21,10.517210517372565,0
59.81666666666667,98.15390648092833,2.712095636824238e-21,10.499853616496313,0
59.833333333333336,98.15695315021063,2.6626965591900306e-21,10.48252536028849,0
59.85,98.15999479147372,2.6141975221192237e-21,10.465225701475847,0
59.86666666666667,98.16303141301546,2.566582121738812e-21,10.447954592863155,0
59.88333333333333,98.16606302312013,2.5198342532537995e-21,10.430711987333073,0
59.9,98.1690896300582,2.473938105492291e-21,10.413497837846023,0
59.916666666666664,98.17211124208659,2.428878155550066e-21,10.396312097440049,0
59.93333333333333,98.17512786744857,2.3846391635328794e-21,10.379154719230709,0
59.95,98.1781395143738,2.3412061673947453e-21,10.362025656410927,0
59.96666666666667,98.18114619107834,2.2985644778703136e-21,10.344924862250878,0
59.983333333333334,98.18414790576475,2.256699673499812e-21,10.327852290097857,0
60.0,98.18714466662196,2.21559759574468e-21,10.310807893376154,0
60.016666666666666,98.19013648182546,2.1752443441923838e-21,10.29379162558692,0
60.03333333333333,98.19312335953727,2.135626271848665e-21,10.276803440308042,0
60.05,98.19610530790582,2.09672998051575e-21,10.259843291194027,0
60.06666666666667,98.19908233506624,2.0585423162548367e-21,10.24291113197586,0
60.083333333333336,98.2020544491401,2.0210503649313826e-21,10.226006916460896,0
60.1,98.20502165823568,1.984241447841685e-21,10.20913059853271,0
60.11666666666667,98.20798397044781,1.9481031174192302e-21,10.192282132150991,0
60.13333333333333,98.21094139385796,1.9126231530194064e-21,10.17546147135141,0
60.15,98.21389393653433,1.877789556781103e-21,10.158668570245494,0
60.166666666666664,98.2168416065317,1.843590549563819e-21,10.141903383020502,0
60.18333333333333,98.21978441189164,1.810014566958902e-21,10.125165863939296,0
60.2,98.22272236064242,1.777050255373536e-21,10.108455967340223,0
60.21666666666667,98.22565546079906,1.7446864681862263e-21,10.091773647636986,0
60.233333333333334,98.22858372036336,1.7129122619723635e-21,10.07511885931852,0
60.25,98.23150714732391,1.681716892798667e-21,10.05849155694887,0
60.266666666666666,98.23442574965611,1.651089812585259e-21,10.041891695167061,0
60.28333333333333,98.23733953532222,1.6210206655340854e-21,10.025319228686987,0
60.3,98.24024851227132,1.5914992846224802e-21,10.00877411229727,0
60.31666666666667,98.24315268843944,1.5625156881607104e-21,9.992256300861154,0
60.333333333333336,98.2460520717494,1.534060076412346e-21,9.975765749316365,0
60.35,98.24894667011105,1.5061228282762449e-21,9.959302412675004,0
60.36666666666667,98.25183649142116,1.4786944980290862e-21,9.942866246023415,0
60.38333333333333,98.25472154356343,1.451765812127344e-21,9.926457204522062,0
60.4,98.25760183440862,1.4253276660675661e-21,9.91007524340541,0
60.416666666666664,98.2604773718144,1.399371121303951e-21,9.893720317981808,0
60.43333333333333,98.26334816362555,1.3738874022221575e-21,9.877392383633353,0
60.45,98.26621421767389,1.3488678931683115e-21,9.86109139581578,0
60.46666666666667,98.26907554177832,1.324304135532201e-21,9.844817310058337,0
60.483333333333334,98.27193214374479,1.3001878248836948e-21,9.828570081963662,0
60.5,98.27478403136641,1.2765108081613852e-21,9.812349667207664,0
60.516666666666666,98.27763121242343,1.2532650809125225e-21,9.796156021539405,0
60.53333333333333,98.28047369468325,1.2304427845832924e-21,9.77998910078097,0
60.55,98.28331148590044,1.2080362038585201e-21,9.763848860827355,0
60.56666666666667,98.2861445938168,1.1860377640499017e-21,9.74773525764635,0
60.583333333333336,98.28897302616132,1.164440028531884e-21,9.731648247278399,0
60.6,98.29179679065024,1.1432356962242966e-21,9.715587785836505,0
60.61666666666667,98.2946158949871,1.1224175991209366e-21,9.699553829506097,0
60.63333333333333,98.2974303468627,1.1019786998631775e-21,9.68354633454491,0
60.65,98.30024015395514,1.0819120893579166e-21,9.66756525728287,0
60.666666666666664,98.30304532392988,1.0622109844388782e-21,9.651610554121973,0
60.68333333333333,98.30584586443968,1.0428687255706554e-21,9.635682181536168,0
60.7,98.30864178312473,1.0238787745945704e-21,9.619780096071235,0
60.71666666666667,98.31143308761256,1.0052347125156966e-21,9.603904254344664,0
60.733333333333334,98.31421978551813,9.869302373302009e-22,9.588054613045548,0
60.75,98.31700188444385,9.689591618923555e-22,9.572231128934455,0
60.766666666666666,98.31977939197955,9.513154118204275e-22,9.556433758843303,0
60.78333333333333,98.3225523157026,9.33993023440761e-22,9.540662459675268,0
60.8,98.32532066317776,9.169861417693776e-22,9.52491718840464,0
60.81666666666667,98.32808444195739,9.002890185303683e-22,9.509197902076718,0
60.833333333333336,98.33084365958135,8.838960102104511e-22,9.493504557807688,0
60.85,98.33359832357708,8.678015761489802e-22,9.477837112784512,0
60.86666666666667,98.33634844145956,8.52000276662823e-22,9.462195524264809,0
60.88333333333333,98.33909402073142,8.364867712054075e-22,9.446579749576735,0
60.9,98.34183506888286,8.212558165593668e-22,9.430989746118861,0
60.916666666666664,98.34457159339175,8.063022650621332e-22,9.415425471360084,0
60.93333333333333,98.3473036017236,7.916210628638968e-22,9.399886882839471,0
60.95,98.3500311013316,7.772072482173467e-22,9.384373938166176,0
60.96666666666667,98.35275409965666,7.630559497985727e-22,9.368886595019307,0
60.983333333333334,98.35547260412739,7.491623850586249e-22,9.353424811147818,0
61.0,98.35818662216015,7.355218586051196e-22,9.33798854437039,0
61.016666666666666,98.36089616115905,7.221297606133574e-22,9.322577752575317,0
61.03333333333333,98.36360122851599,7.089815652664193e-22,9.30719239372039,0
61.05,98.36630183161068,6.9607282922372105e-22,9.291832425832789,0
61.06666666666667,98.36899797781064,6.833991901174734e-22,9.276497807008958,0
61.083333333333336,98.37168967447121,6.709563650765916e-22,9.261188495414496,0
61.1,98.37437692893562,6.587401492775058e-22,9.245904449284046,0
61.11666666666667,98.377059748535,6.467464145213926e-22,9.230645626921177,0
61.13333333333333,98.37973814058832,6.349711078373701e-22,9.215411986698268,0
61.15,98.3824121124025,6.234102501111528e-22,9.200203487056399,0
61.166666666666664,98.38508167127246,6.120599347387128e-22,9.185020086505236,0
61.18333333333333,98.38774682448097,6.009163263045223e-22,9.16986174362292,0
61.2,98.39040757929885,5.899756592838378e-22,9.15472841705595,0
61.21666666666667,98.39306394298495,5.792342367687143e-22,9.13962006551907,0
61.233333333333334,98.39571592278608,5.686884292172127e-22,9.124536647795164,0
61.25,98.39836352593709,5.583346732254219e-22,9.109478122735132,0
61.266666666666666,98.40100675966092,5.481694703218835e-22,9.094444449257788,0
61.28333333333333,98.40364563116857,5.381893857839907e-22,9.07943558634974,0
61.3,98.40628014765919,5.28391047475974e-22,9.064451493065285,0
61.31666666666667,98.40891031631999,5.187711447080705e-22,9.04949212852629,0
61.333333333333336,98.4115361443263,5.093264271165051e-22,9.034557451922094,0
61.35,98.41415763884169,5.000537035638836e-22,9.019647422509376,0
61.36666666666667,98.41677480701787,4.909498410596488e-22,9.004761999612056,0
61.38333333333333,98.4193876559947,4.820117637002083e-22,8.989901142621193,0
61.4,98.42199619290032,4.732364516283988e-22,8.975064810994853,0
61.416666666666664,98.42460042485108,4.646209400119131e-22,8.960252964258018,0
61.43333333333333,98.4272003589516,4.561623180403671e-22,8.945465562002461,0
61.45,98.42979600229475,4.47857727940639e-22,8.93070256388665,0
61.46666666666667,98.4323873619617,4.397043640101774e-22,8.91596392963562,0
61.483333333333334,98.434974445022,4.316994716679211e-22,8.901249619040877,0
61.5,98.43755725853342,4.238403465225351e-22,8.88655959196029,0
61.516666666666666,98.44013580954213,4.1612433345762894e-22,8.871893808317969,0
61.53333333333333,98.44271010508272,4.085488257336567e-22,8.857252228104164,0
61.55,98.4452801521781,4.011112641061919e-22,8.842634811375154,0
61.56666666666667,98.44784595783965,3.9380913596027775e-22,8.828041518253144,0
61.583333333333336,98.4504075290671,3.866399744605585e-22,8.813472308926142,0
61.6,98.45296487284872,3.796013577169121e-22,8.798927143647868,0
61.61666666666667,98.45551799616122,3.726909079652907e-22,8.784405982737628,0
61.63333333333333,98.45806690596972,3.6590629076349372e-22,8.769908786580219,0
61.65,98.46061160922795,3.5924521420161053e-22,8.755435515625816,0
61.666666666666664,98.46315211287809,3.527054281268503e-22,8.740986130389865,0
61.68333333333333,98.4656884238509,3.462847233825151e-22,8.726560591452975,0
61.7,98.46822054906573,3.3998093106083407e-22,8.712158859460803,0
61.71666666666667,98.47074849543043,3.3379192176943626e-22,8.697780895123966,0
61.733333333333334,98.47327226984152,3.2771560491117426e-22,8.683426659217913,0
61.75,98.4757918791841,3.217499279771034e-22,8.669096112582826,0
61.766666666666666,98.47830733033192,3.1589287585233382e-22,8.65478921612352,0
61.78333333333333,98.4808186301474,3.101424701345367e-22,8.640505930809326,0
61.8,98.4833257854816,3.0449676846488412e-22,8.626246217673986,0
61.81666666666667,98.48582880317431,2.989538638711856e-22,8.612010037815557,0
61.833333333333336,98.48832769005404,2.9351188412298866e-22,8.597797352396288,0
61.85,98.49082245293798,2.8816899109844726e-22,8.58360812264253,0
61.86666666666667,98.49331309863207,2.8292338016273067e-22,8.569442309844625,0
61.88333333333333,98.49579963393109,2.777732795577561e-22,8.55529987535679,0
61.9,98.49828206561854,2.7271694980306126e-22,8.541180780597028,0
61.916666666666664,98.50076040046675,2.677526831075815e-22,8.527084987047012,0
61.93333333333333,98.50323464523689,2.6287880279216805e-22,8.513012456251984,0
61.95,98.5057048066789,2.5809366272261437e-22,8.498963149820645,0
61.96666666666667,98.50817089153169,2.5339564675303797e-22,8.484937029425065,0
61.983333333333334,98.51063290652297,2.4878316817939514e-22,8.470934056800559,0
62.0,98.51309085836934,2.4425466920295896e-22,8.456954193745592,0
62.016666666666666,98.51554475377637,2.398086204035895e-22,8.442997402121675,0
62.03333333333333,98.51799459943852,2.3544352022258864e-22,8.429063643853265,0
62.05,98.52044040203924,2.3115789445499524e-22,8.415152880927648,0
62.06666666666667,98.5228821682509,2.2695029575112826e-22,8.401265075394853,0
62.083333333333336,98.52531990473491,2.228193031272199e-22,8.387400189367531,0
62.1,98.52775361814167,2.18763521484967e-22,8.373558185020864,0
62.11666666666667,98.53018331511058,2.1478158113983817e-22,8.359739024592455,0
62.13333333333333,98.53260900227009,2.1087213735798652e-22,8.34594267038223,0
62.15,98.53503068623776,2.0703386990159555e-22,8.332169084752335,0
62.166666666666664,98.53744837362015,2.0326548258251682e-22,8.318418230127023,0
62.18333333333333,98.53986207101296,1.9956570282404233e-22,8.304690068992565,0
62.2,98.54227178500102,1.9593328123066656e-22,8.290984563897144,0
62.21666666666667,98.54467752215828,1.923669911656891e-22,8.277301677450746,0
62.233333333333334,98.54707928904783,1.8886562833651602e-22,8.263641372325065,0
62.25,98.5494770922219,1.8542801038752356e-22,8.250003611253401,0
62.266666666666666,98.55187093822198,1.820529765003378e-22,8.236388357030554,0
62.28333333333333,98.55426083357874,1.7873938700140534e-22,8.222795572512727,0
62.3,98.556646784812,1.7548612297671232e-22,8.20922522061742,0
62.31666666666667,98.55902879843094,1.7229208589352874e-22,8.195677264323333,0
62.333333333333336,98.56140688093389,1.6915619722904738e-22,8.182151666670267,0
62.35,98.56378103880851,1.6607739810578844e-22,8.16864839075901,0
62.36666666666667,98.56615127853176,1.6305464893365284e-22,8.155167399751258,0
62.38333333333333,98.56851760656988,1.6008692905849892e-22,8.141708656869493,0
62.4,98.57088002937847,1.5717323641712225e-22,8.1282721253969,0
62.416666666666664,98.57323855340245,1.5431258719852468e-22,8.114857768677249,0
62.43333333333333,98.5755931850761,1.5150401551136133e-22,8.101465550114813,0
62.45,98.5779439308231,1.4874657305744122e-22,8.08809543317426,0
62.46666666666667,98.58029079705656,1.4603932881118506e-22,8.074747381380549,0
62.483333333333334,98.58263379017893,1.4338136870492108e-22,8.061421358318837,0
62.5,98.58497291658212,1.4077179531991974e-22,8.04811732763438,0
62.516666666666666,98.58730818264756,1.38209727583057e-22,8.034835253032428,0
62.53333333333333,98.58963959474605,1.3569430046900688e-22,8.02157509827813,0
62.55,98.59196715923792,1.3322466470786032e-22,8.00833682719644,0
62.56666666666667,98.59429088247303,1.3079998649807925e-22,7.995120403672002,0
62.583333333333336,98.59661077079069,1.2841944722467054e-22,7.981925791649072,0
62.6,98.59892683051984,1.2608224318250524e-22,7.968752955131405,0
62.61666666666667,98.60123906797891,1.2378758530468023e-22,7.955601858182164,0
62.63333333333333,98.6035474894759,1.2153469889582368e-22,7.942472464923821,0
62.65,98.60585210130844,1.1932282337026795e-22,7.9293647395380535,0
62.666666666666664,98.60815290976373,1.171512119949895e-22,7.9162786462656545,0
62.68333333333333,98.61044992111863,1.150191316372368e-22,7.903214149406432,0
62.7,98.6127431416396,1.1292586251675487e-22,7.890171213319109,0
62.71666666666667,98.61503257758278,1.108706979625267e-22,7.877149802421228,0
62.733333333333334,98.61731823519399,1.088529441739489e-22,7.864149881189058,0
62.75,98.61960012070875,1.0687191998635626e-22,7.851171414157492,0
62.766666666666666,98.62187824035225,1.0492695664082267e-22,7.83821436591995,0
62.78333333333333,98.62415260033947,1.0301739755815616e-22,7.825278701128289,0
62.8,98.62642320687503,1.0114259811701148e-22,7.812364384492699,0
62.81666666666667,98.62869006615345,9.930192543604742e-23,7.799471380781611,0
62.833333333333336,98.6309531843589,9.749475816005305e-23,7.786599654821599,0
62.85,98.63321256766541,9.572048624997257e-23,7.773749171497287,0
62.86666666666667,98.63546822223681,9.397851077675589e-23,7.760919895751249,0
62.88333333333333,98.63772015422677,9.226824371896504e-23,7.748111792583916,0
62.9,98.63996836977877,9.058910776406969e-23,7.73532482705348,0
62.916666666666664,98.64221287502619,8.894053611336533e-23,7.7225589642758,0
62.93333333333333,98.64445367609224,8.732197229044125e-23,7.709814169424302,0
62.95,98.64669077909008,8.573286995314513e-23,7.697090407729891,0
62.96666666666667,98.64892419012274,8.417269270896909e-23,7.684387644480851,0
62.983333333333334,98.65115391528319,8.264091393380156e-23,7.671705845022752,0
63.0,98.65337996065435,8.113701659398402e-23,7.659044974758355,0
63.016666666666666,98.65560233230912,7.966049307160503e-23,7.646404999147519,0
63.03333333333333,98.65782103631032,7.821084499298372e-23,7.633785883707104,0
63.05,98.66003607871082,7.678758306027428e-23,7.621187594010883,0
63.06666666666667,98.66224746555348,7.539022688614101e-23,7.6086100956894365,0
63.083333333333336,98.6644552028712,7.401830483144484e-23,7.596053354430072,0
63.1,98.66665929668687,7.267135384588813e-23,7.583517335976722,0
63.11666666666667,98.66885975301352,7.134891931156307e-23,7.571002006129854,0
63.13333333333333,98.67105657785422,7.005055488935019e-23,7.558507330746376,0
63.15,98.67324977720212,6.877582236811632e-23,7.54603327573954,0
63.166666666666664,98.67543935704047,6.752429151666018e-23,7.533579807078859,0
63.18333333333333,98.67762532334271,6.629553993835575e-23,7.521146890790002,0
63.2,98.67980768207234,6.508915292844274e-23,7.5087344929547095,0
63.21666666666667,98.68198643918309,6.390472333392072e-23,7.4963425797106975,0
63.233333333333334,98.68416160061881,6.27418514159916e-23,7.483971117251568,0
63.25,98.68633317231357,6.160014471501291e-23,7.471620071826711,0
63.266666666666666,98.68850116019162,6.047921791790804e-23,7.459289409741221,0
63.28333333333333,98.69066557016747,5.937869272799418e-23,7.446979097355795,0
63.3,98.69282640814585,5.829819773718203e-23,7.4346891010866525,0
63.31666666666667,98.69498368002175,5.723736830050302e-23,7.42241938740543,0
63.333333333333336,98.6971373916804,5.619584641292356e-23,7.4101699228391045,0
63.35,98.69928754899738,5.517328058840403e-23,7.397940673969889,0
63.36666666666667,98.70143415783849,5.416932574115968e-23,7.385731607435148,0
63.38333333333333,98.70357722405996,5.31836430690858e-23,7.3735426899273095,0
63.4,98.70571675350824,5.221589993930803e-23,7.361373888193764,0
63.416666666666664,98.70785275202022,5.126576977581592e-23,7.349225169036785,0
63.43333333333333,98.70998522542308,5.033293194914434e-23,7.33709649931343,0
63.45,98.71211417953448,4.941707166806533e-23,7.324987845935455,0
63.46666666666667,98.71423962016237,4.851787987325355e-23,7.312899175869222,0
63.483333333333334,98.7163615531052,4.7635053132887225e-23,7.30083045613561,0
63.5,98.71847998415181,4.6768293540152544e-23,7.288781653809924,0
63.516666666666666,98.7205949190815,4.591730861261607e-23,7.276752736021806,0
63.53333333333333,98.72270636366402,4.508181119342811e-23,7.264743669955145,0
63.55,98.7248143236596,4.426151935432873e-23,7.252754422847988,0
63.56666666666667,98.72691880481898,4.345615630041808e-23,7.240784961992449,0
63.583333333333336,98.72901981288341,4.266545027666475e-23,7.228835254734623,0
63.6,98.73111735358465,4.1889134476114066e-23,7.216905268474491,0
63.61666666666667,98.73321143264498,4.112694694977137e-23,7.204994970665839,0
63.63333333333333,98.73530205577727,4.037863051812542e-23,7.193104328816164,0
63.65,98.73738922868496,3.964393268428468e-23,7.181233310486584,0
63.666666666666664,98.73947295706206,3.8922605548695125e-23,7.169381883291754,0
63.68333333333333,98.74155324659321,3.821440572541208e-23,7.157550014899776,0
63.7,98.74363010295365,3.751909425989774e-23,7.145737673032111,0
63.71666666666667,98.74570353180923,3.683643654831593e-23,7.133944825463487,0
63.733333333333334,98.74777353881649,3.616620225829689e-23,7.122171440021818,0
63.75,98.74984012962263,3.550816525114565e-23,7.110417484588111,0
63.766666666666666,98.7519033098655,3.486210350546764e-23,7.09868292709638,0
63.78333333333333,98.7539630851737,3.4227799042185763e-23,7.086967735533559,0
63.8,98.75601946116646,3.3605037850922695e-23,7.0752718779394135,0
63.81666666666667,98.75807244345381,3.299360981772557e-23,7.063595322406456,0
63.833333333333336,98.76012203763649,3.239330865410573e-23,7.051938037079854,0
63.85,98.76216824930603,3.18039318273723e-23,7.040299990157349,0
63.86666666666667,98.76421108404465,3.122528049223438e-23,7.028681149889165,0
63.88333333333333,98.76625054742544,3.06571594236492e-23,7.017081484577925,0
63.9,98.76828664501227,3.009937695089368e-23,7.005500962578559,0
63.916666666666664,98.77031938235979,2.955174489283668e-23,6.9939395522982295,0
63.93333333333333,98.77234876501355,2.9014078494390624e-23,6.982397222196232,0
63.95,98.7743747985099,2.8486196364120743e-23,6.970873940783915,0
63.96666666666667,98.77639748837605,2.7967920412990694e-23,6.959369676624597,0
63.983333333333334,98.77841684013012,2.745907579422334e-23,6.947884398333474,0
64.0,98.78043285928112,2.6959490844258735e-23,6.936418074577539,0
64.01666666666667,98.78244555132892,2.6468997024785365e-23,6.924970674075495,0
64.03333333333333,98.78445492176438,2.5987428865829295e-23,6.91354216559767,0
64.05,98.78646097606925,2.551462390987866e-23,6.90213251796593,0
64.06666666666666,98.78846371971625,2.505042265702658e-23,6.890741700053597,0
64.08333333333333,98.79046315816909,2.4594668511112985e-23,6.879369680785358,0
64.1,98.79245929688241,2.4147207726847646e-23,6.868016429137192,0
64.11666666666666,98.79445214130189,2.370788935789663e-23,6.856681914136273,0
64.13333333333334,98.79644169686422,2.3276565205913323e-23,6.845366104860891,0
64.15,98.7984279689971,2.285308977049939e-23,6.834068970440367,0
64.16666666666667,98.8004109631193,2.2437320200075598e-23,6.82279048005497,0
64.18333333333334,98.80239068464061,2.2029116243648848e-23,6.811530602935831,0
64.2,98.80436713896194,2.1628340203456857e-23,6.80028930836486,0
64.21666666666667,98.80634033147521,2.123485688847559e-23,6.789066565674664,0
64.23333333333333,98.80831026756356,2.0848533568773883e-23,6.777862344248457,0
64.25,98.8102769526011,2.0469239930698732e-23,6.7666766135199845,0
64.26666666666667,98.81224039195317,2.0096848032877997e-23,6.755509342973437,0
64.28333333333333,98.81420059097627,1.9731232263022996e-23,6.744360502143363,0
64.3,98.81615755501798,1.9372269295519025e-23,6.733230060614591,0
64.31666666666666,98.8181112894171,1.9019838049787956e-23,6.722117988022147,0
64.33333333333333,98.82006179950366,1.8673819649409065e-23,6.711024254051164,0
64.35,98.8220090905988,1.8334097381984718e-23,6.699948828436809,0
64.36666666666666,98.82395316801494,1.8000556659736482e-23,6.688891680964194,0
64.38333333333334,98.82589403705573,1.767308498081979e-23,6.677852781468298,0
64.4,98.82783170301606,1.735157189134228e-23,6.666832099833878,0
64.41666666666667,98.82976617118206,1.7035908948074533e-23,6.655829605995397,0
64.43333333333334,98.8316974468312,1.672598968183956e-23,6.644845269936929,0
64.45,98.83362553523214,1.6421709561569506e-23,6.63387906169209,0
64.46666666666667,98.83555044164494,1.6122965959016505e-23,6.6229309513439505,0
64.48333333333333,98.83747217132093,1.5829658114106492e-23,6.6120009090249505,0
64.5,98.83939072950278,1.5541687100924147e-23,6.601088904916822,0
64.51666666666667,98.84130612142451,1.5258955794317043e-23,6.590194909250511,0
64.53333333333333,98.84321835231151,1.4981368837108192e-23,6.579318892306086,0
64.55,98.84512742738053,1.4708832607905684e-23,6.568460824412668,0
64.56666666666666,98.84703335183974,1.4441255189498705e-23,6.557620675948346,0
64.58333333333333,98.8489361308887,1.4178546337828832e-23,6.5467984173400895,0
64.6,98.85083576971836,1.392061745152685e-23,6.535994019063677,0
64.61666666666666,98.85273227351112,1.36673815420038e-23,6.525207451643613,0
64.63333333333334,98.85462564744087,1.341875320408748e-23,6.514438685653044,0
64.65,98.8565158966729,1.3174648587192868e-23,6.50368769171368,0
64.66666666666667,98.85840302636403,1.2934985367018187e-23,6.492954440495717,0
64.68333333333334,98.86028704166253,1.2699682717756371e-23,6.482238902717756,0
64.7,98.86216794770814,1.2468661284812198e-23,6.471541049146717,0
64.71666666666667,98.86404574963224,1.2241843158016685e-23,6.46086085059777,0
64.73333333333333,98.86592045255762,1.2019151845329193e-23,6.450198277934246,0
64.75,98.86779206159865,1.1800512247018279e-23,6.439553302067562,0
64.76666666666667,98.8696605818613,1.158585063031303e-23,6.428925893957143,0
64.78333333333333,98.87152601844305,1.1375094604515702e-23,6.4183160246103395,0
64.8,98.87338837643303,1.1168173096567797e-23,6.4077236650823455,0
64.81666666666666,98.87524766091195,1.0965016327061114e-23,6.39714878647613,0
64.83333333333333,98.87710387695209,1.07655557866855e-23,6.386591359942347,0
64.85,98.87895702961744,1.0569724213105624e-23,6.376051356679265,0
64.86666666666666,98.88080712396354,1.0377455568258763e-23,6.365528747932682,0
64.88333333333334,98.88265416503768,1.0188685016066096e-23,6.355023504995852,0
64.9,98.88449815787874,1.0003348900549858e-23,6.3445355992094035,0
64.91666666666667,98.88633910751733,9.821384724348891e-24,6.334065001961264,0
64.93333333333334,98.88817701897575,9.642731127625478e-24,6.323611684686578,0
64.95,98.89001189726804,9.467327867356453e-24,6.313175618867633,0
64.96666666666667,98.89184374739989,9.295115797001114e-24,6.302756776033782,0
64.98333333333333,98.89367257436881,9.126036846539539e-24,6.29235512776136,0
65.0,98.89549838316398,8.960034002874576e-24,6.2819706456736135,0
65.01666666666667,98.89732117876643,8.797051290590338e-24,6.27160330144062,0
65.03333333333333,98.89914096614893,8.637033753061466e-24,6.261253066779209,0
65.05,98.90095775027604,8.47992743390595e-24,6.250919913452888,0
65.06666666666666,98.90277153610411,8.325679358776141e-24,6.240603813271765,0
65.08333333333333,98.90458232858134,8.174237517480954e-24,6.23030473809247,0
65.1,98.9063901326478,8.025550846433904e-24,6.220022659818076,0
65.11666666666666,98.90819495323531,7.87956921142059e-24,6.20975755039803,0
65.13333333333334,98.90999679526763,7.736243390679906e-24,6.1995093818280695,0
65.15,98.91179566366036,7.595525058293527e-24,6.189278126150148,0
65.16666666666667,98.91359156332099,7.457366767877703e-24,6.1790637554523595,0
65.18333333333334,98.91538449914894,7.321721936572057e-24,6.168866241868862,0
65.2,98.9171744760355,7.188544829319895e-24,6.1586855575798,0
65.21666666666667,98.91896149886391,7.057790543434776e-24,6.148521674811235,0
65.23333333333333,98.92074557250935,6.929414993448127e-24,6.138374565835058,0
65.25,98.92252670183899,6.803374896232636e-24,6.128244202968926,0
65.26666666666667,98.92430489171187,6.679627756396748e-24,6.118130558576178,0
65.28333333333333,98.92608014697912,6.55813185194488e-24,6.108033605065763,0
65.3,98.92785247248379,6.4388462201988395e-24,6.097953314892165,0
65.31666666666666,98.92962187306098,6.3217306439755656e-24,6.087889660555328,0
65.33333333333333,98.9313883535378,6.2067456380166155e-24,6.077842614600581,0
65.35,98.93315191873337,6.093852435664552e-24,6.0678121496185575,0
65.36666666666666,98.93491257345889,5.983012975782187e-24,6.057798238245131,0
65.38333333333334,98.93667032251759,5.874189889909742e-24,6.047800853161334,0
65.4,98.93842517070479,5.767346489656071e-24,6.037819967093281,0
65.41666666666667,98.94017712280791,5.662446754319244e-24,6.027855552812102,0
65.43333333333334,98.94192618360644,5.559455318732735e-24,6.01790758313386,0
65.45,98.94367235787199,5.458337461332672e-24,6.007976030919483,0
65.46666666666667,98.94541565036833,5.35905909244262e-24,5.998060869074685,0
65.48333333333333,98.94715606585132,5.261586742771399e-24,5.988162070549898,0
65.5,98.94889360906899,5.165887552120528e-24,5.978279608340193,0
65.51666666666667,98.95062828476154,5.071929258297107e-24,5.968413455485208,0
65.53333333333333,98.95236009766134,4.979680186228724e-24,5.958563585069072,0
65.55,98.95408905249293,4.889109237276377e-24,5.948729970220342,0
65.56666666666666,98.9558151539731,4.800185878742147e-24,5.938912584111911,0
65.58333333333333,98.95753840681083,4.71288013356778e-24,5.929111399960954,0
65.6,98.95925881570733,4.627162570220802e-24,5.919326391028846,0
65.61666666666666,98.96097638535603,4.543004292764877e-24,5.9095575306210835,0
65.63333333333334,98.96269112044264,4.460376931110865e-24,5.899804792087226,0
65.65,98.96440302564515,4.379252631445489e-24,5.890068148820807,0
65.66666666666667,98.9661121056338,4.2996040468340424e-24,5.880347574259276,0
65.68333333333334,98.96781836507115,4.22140432799439e-24,5.870643041883916,0
65.7,98.96952180861201,4.1446271142388605e-24,5.8609545252197774,0
65.71666666666667,98.9712224409036,4.069246524581027e-24,5.851281997835599,0
65.73333333333333,98.97292026658538,3.995237149004444e-24,5.841625433343746,0
65.75,98.97461529028918,3.922574039890317e-24,5.8319848054001255,0
65.76666666666667,98.97630751663922,3.851232703601233e-24,5.822360087704124,0
65.78333333333333,98.97799695025208,3.78118909221813e-24,5.812751253998534,0
65.8,98.97968359573669,3.7124195954276845e-24,5.80315827806948,0
65.81666666666666,98.98136745769439,3.644901032557392e-24,5.793581133746348,0
65.83333333333333,98.98304854071891,3.578610644755735e-24,5.784019794901714,0
65.85,98.98472684939645,3.513526087314476e-24,5.774474235451275,0
65.86666666666666,98.98640238830558,3.449625422131036e-24,5.76494442935377,0
65.88333333333334,98.98807516201735,3.386887110307917e-24,5.755430350610924,0
65.9,98.98974517509527,3.325290004886821e-24,5.745931973267359,0
65.91666666666667,98.99141243209527,3.26481334371515e-24,5.736449271410537,0
65.93333333333334,98.99307693756583,3.205436742442323e-24,5.726982219170685,0
65.95,98.99473869604789,3.1471401876435504e-24,5.7175307907207165,0
65.96666666666667,98.99639771207488,3.0899040300689113e-24,5.708094960276179,0
65.98333333333333,98.99805399017276,3.0337089780151698e-24,5.698674702095164,0
66.0,98.99970753486004,2.9785360908183795e-24,5.68926999047825,0
66.01666666666667,99.00135835064775,2.9243667724648966e-24,5.679880799768428,0
66.03333333333333,99.00300644203948,2.8711827653186783e-24,5.6705071043510324,0
66.05,99.0046518135314,2.818966143962846e-24,5.661148878653665,0
66.06666666666666,99.00629446961226,2.767699309153264e-24,5.651806097146138,0
66.08333333333333,99.00793441476337,2.7173649818823e-24,5.642478734340392,0
66.1,99.00957165345868,2.667946197550499e-24,5.633166764790432,0
66.11666666666666,99.01120619016474,2.619426300244533e-24,5.623870163092259,0
66.13333333333334,99.01283802934073,2.5717889371191307e-24,5.6145889038837975,0
66.15,99.01446717543848,2.525018052881472e-24,5.605322961844831,0
66.16666666666667,99.01609363290245,2.4790978843757717e-24,5.596072311696923,0
66.18333333333334,99.01771740616982,2.4340129552666427e-24,5.586836928203362,0
66.2,99.01933849967037,2.3897480708190917e-24,5.577616786169083,0
66.21666666666667,99.02095691782662,2.3462883127736535e-24,5.568411860440599,0
66.23333333333333,99.02257266505379,2.3036190343147182e-24,5.559222125905937,0
66.25,99.0241857457598,2.261725855130499e-24,5.55004755749457,0
66.26666666666667,99.02579616434525,2.2205946565629174e-24,5.540888130177336,0
66.28333333333333,99.0274039252036,2.1802115768457876e-24,5.531743818966391,0
66.3,99.02900903272095,2.1405630064296626e-24,5.5226145989151245,0
66.31666666666666,99.03061149127619,2.1016355833917774e-24,5.513500445118093,0
66.33333333333333,99.03221130524099,2.063416188929558e-24,5.504401332710958,0
66.35,99.03380847897984,2.0258919429361646e-24,5.495317236870417,0
66.36666666666666,99.03540301684994,1.9890501996565465e-24,5.486248132814132,0
66.38333333333334,99.0369949232014,1.952878543422609e-24,5.477193995800665,0
66.4,99.03858420237707,1.917364784465971e-24,5.46815480112941,0
66.41666666666667,99.04017085871267,1.8824969548069658e-24,5.459130524140525,0
66.43333333333334,99.04175489653677,1.848263304218441e-24,5.450121140214863,0
66.45,99.0433363201708,1.8146522962630843e-24,5.4411266247739105,0
66.46666666666667,99.044915133929,1.7816526044028122e-24,5.432146953279712,0
66.48333333333333,99.04649134211856,1.749253108179024e-24,5.423182101234814,0
66.5,99.04806494903953,1.7174428894623606e-24,5.414232044182187,0
66.51666666666667,99.0496359589849,1.686211228770725e-24,5.405296757705163,0
66.53333333333333,99.05120437624049,1.6555476016543274e-24,5.396376217427376,0
66.55,99.05277020508515,1.62544167514654e-24,5.38747039901268,0
66.56666666666666,99.0543334497906,1.5958833042793222e-24,5.378579278165102,0
66.58333333333333,99.05589411462155,1.5668625286621045e-24,5.369702830628755,0
66.6,99.05745220383562,1.538369569122922e-24,5.360841032187793,0
66.61666666666666,99.05900772168347,1.510394824410682e-24,5.351993858666323,0
66.63333333333334,99.06056067240867,1.4829288679574696e-24,5.3431612859283595,0
66.65,99.06211106024786,1.4559624446997775e-24,5.334343289877745,0
66.66666666666667,99.06365888943066,1.4294864679575777e-24,5.325539846458089,0
66.68333333333334,99.06520416417966,1.4034920163702326e-24,5.316750931652704,0
66.7,99.06674688871058,1.3779703308881336e-24,5.307976521484536,0
66.71666666666667,99.0682870672321,1.3529128118191285e-24,5.2992165920161005,0
66.73333333333333,99.069824703946,1.3283110159286925e-24,5.290471119349421,0
66.75,99.07135980304709,1.3041566535928816e-24,5.2817400796259575,0
66.76666666666667,99.07289236872329,1.2804415860031022e-24,5.273023449026547,0
66.78333333333333,99.07442240515559,1.2571578224217487e-24,5.264321203771332,0
66.8,99.07594991651808,1.23429751748781e-24,5.255633320119706,0
66.81666666666666,99.07747490697798,1.2118529685715034e-24,5.246959774370237,0
66.83333333333333,99.0789973806956,1.1898166131770477e-24,5.23830054286061,0
66.85,99.08051734182443,1.1681810263927118e-24,5.229655601967561,0
66.86666666666666,99.08203479451107,1.1469389183872933e-24,5.2210249281068135,0
66.88333333333334,99.08354974289527,1.1260831319521289e-24,5.212408497733009,0
66.9,99.08506219110997,1.105606640087865e-24,5.203806287339651,0
66.91666666666667,99.08657214328127,1.0855025436351307e-24,5.1952182734590355,0
66.93333333333334,99.0880796035285,1.0657640689483618e-24,5.186644432662186,0
66.95,99.08958457596417,1.0463845656119158e-24,5.178084741558792,0
66.96666666666667,99.09108706469397,1.027357504197799e-24,5.169539176797148,0
66.98333333333333,99.09258707381684,1.008676474064177e-24,5.161007715064083,0
67.0,99.09408460742499,9.903351811939527e-25,5.152490333084902,0
67.01666666666667,99.09557966960382,9.723274460726893e-25,5.14398700762332,0
67.03333333333333,99.09707226443201,9.546472016051582e-25,5.135497715481401,0
67.05,99.09856239598152,9.372884910697807e-25,5.127022433499493,0
67.06666666666666,99.10005006831756,9.20245466110328e-25,5.118561138556165,0
67.08333333333333,99.10153528549868,9.035123847641517e-25,5.110113807568145,0
67.1,99.10301805157668,8.870836095263072e-25,5.101680417490252,0
67.11666666666666,99.10449837059673,8.709536054488984e-25,5.093260945315344,0
67.13333333333334,99.10597624659727,8.551169382750247e-25,5.0848553680742405,0
67.15,99.10745168361008,8.395682726066882e-25,5.076463662835676,0
67.16666666666667,99.10892468566033,8.243023701060296e-25,5.068085806706223,0
67.18333333333334,99.11039525676648,8.093140877293114e-25,5.059721776830238,0
67.2,99.11186340094044,7.945983759930405e-25,5.051371550389797,0
67.21666666666667,99.11332912218744,7.8015027727163e-25,5.043035104604635,0
67.23333333333333,99.11479242450612,7.659649241260719e-25,5.034712416732078,0
67.25,99.1162533118885,7.520375376629961e-25,5.026403464066988,0
67.26666666666667,99.11771178832008,7.383634259235972e-25,5.018108223941696,0
67.28333333333333,99.11916785777966,7.249379823018973e-25,5.009826673725945,0
67.3,99.12062152423958,7.117566839917761e-25,5.001558790826823,0
67.31666666666666,99.12207279166563,6.9881509046226615e-25,4.993304552688704,0
67.33333333333333,99.12352166401695,6.861088419606047e-25,4.98506393679319,0
67.35,99.12496814524626,6.736336580425179e-25,4.976836920659038,0
67.36666666666666,99.12641223929965,6.613853361292493e-25,4.968623481842116,0
67.38333333333334,99.12785395011682,6.493597500908504e-25,4.960423597935326,0
67.4,99.12929328163086,6.3755284885526e-25,4.952237246568549,0
67.41666666666667,99.13073023776843,6.259606550426824e-25,4.9440644054085885,0
67.43333333333334,99.13216482244968,6.145792636248285e-25,4.9359050521591,0
67.45,99.13359703958832,6.0340484060853925e-25,4.927759164560541,0
67.46666666666667,99.1350268930916,5.924336217433915e-25,4.9196267203901,0
67.48333333333333,99.13645438686027,5.816619112527895e-25,4.911507697461643,0
67.5,99.13787952478869,5.710860805881733e-25,4.903402073625649,0
67.51666666666667,99.13930231076478,5.607025672058847e-25,4.895309826769153,0
67.53333333333333,99.14072274867003,5.505078733662914e-25,4.887230934815682,0
67.55,99.14214084237959,5.404985649547671e-25,4.879165375725197,0
67.56666666666666,99.1435565957621,5.306712703241309e-25,4.871113127494034,0
67.58333333333333,99.14497001267992,5.210226791581363e-25,4.8630741681548395,0
67.6,99.146381096989,5.115495413556591e-25,4.855048475776515,0
67.61666666666666,99.14778985253889,5.022486659351739e-25,4.847036028464156,0
67.63333333333334,99.14919628317284,4.93116919959178e-25,4.83903680435899,0
67.65,99.15060039272771,4.841512274781802e-25,4.831050781638323,0
67.66666666666667,99.1520021850341,4.753485684939072e-25,4.823077938515471,0
67.68333333333334,99.1534016639162,4.6670597794137985e-25,4.815118253239707,0
67.7,99.15479883319195,4.582205446895048e-25,4.807171704096202,0
67.71666666666667,99.15619369667296,4.4988941055985915e-25,4.799238269405959,0
67.73333333333333,99.15758625816457,4.417097693633263e-25,4.791317927525762,0
67.75,99.15897652146583,4.336788659542599e-25,4.783410656848116,0
67.76666666666667,99.1603644903695,4.257939953018642e-25,4.77551643580118,0
67.78333333333333,99.16175016866214,4.180525015784642e-25,4.767635242848715,0
67.8,99.16313356012398,4.1045177726437495e-25,4.759767056490028,0
67.81666666666666,99.16451466852907,4.0298926226905077e-25,4.751911855259904,0
67.83333333333333,99.16589349764521,3.9566244306822475e-25,4.744069617728558,0
67.85,99.16727005123398,3.884688518567614e-25,4.736240322501565,0
67.86666666666666,99.16864433305078,3.814060657169129e-25,4.728423948219813,0
67.88333333333334,99.17001634684479,3.744717058017092e-25,4.72062047355944,0
67.9,99.17138609635897,3.676634365332112e-25,4.712829877231771,0
67.91666666666667,99.17275358533016,3.6097896481535245e-25,4.705052137983268,0
67.93333333333334,99.17411881748903,3.544160392611052e-25,4.697287234595467,0
67.95,99.17548179656002,3.479724494337008e-25,4.689535145884922,0
67.96666666666667,99.17684252626151,3.416460251016617e-25,4.681795850703147,0
67.98333333333333,99.1782010103057,3.3543463550739294e-25,4.674069327936558,0
68.0,99.17955725239868,3.293361886490755e-25,4.666355556506415,0
68.01666666666667,99.18091125624042,3.2334863057562143e-25,4.658654515368765,0
68.03333333333333,99.18226302552476,3.1746994469447387e-25,4.650966183514384,0
68.05,99.18361256393946,3.116981510919843e-25,4.643290539968721,0
68.06666666666666,99.18495987516623,3.0603130586616415e-25,4.63562756379184,0
68.08333333333333,99.18630496288066,3.0046750047157716e-25,4.627977234078363,0
68.1,99.1876478307523,2.9500486107614633e-25,4.6203395299574135,0
68.11666666666666,99.18898848244457,2.896415479296745e-25,4.612714430592556,0
68.13333333333334,99.19032692161497,2.8437575474383624e-25,4.605101915181745,0
68.15,99.19166315191487,2.792057080834724e-25,4.597501962957264,0
68.16666666666667,99.19299717698965,2.7412966676894105e-25,4.589914553185673,0
68.18333333333334,99.19432900047866,2.6914592128935608e-25,4.5823396651677415,0
68.2,99.19565862601524,2.642527932264929e-25,4.574777278238408,0
68.21666666666667,99.19698605722677,2.5944863468917915e-25,4.5672273717667125,0
68.23333333333333,99.1983112977346,2.547318277579784e-25,4.559689925155741,0
68.25,99.19963435115415,2.5010078393997347e-25,4.552164917842572,0
68.26666666666667,99.20095522109479,2.455539436334693e-25,4.544652329298221,0
68.28333333333333,99.20227391116002,2.4108977560244376e-25,4.537152139027584,0
68.3,99.20359042494735,2.3670677646054574e-25,4.529664326569377,0
68.31666666666666,99.20490476604837,2.324034701644952e-25,4.522188871496088,0
68.33333333333333,99.20621693804875,2.281784075166916e-25,4.514725753413914,0
