time_hours,I2_center_nM,S2_free_center_nM,S2_total_center_nM,I1O2_active
0.0,100.0,0.0,0.0,1
0.016666666666666666,99.98590533175279,0.047073430631628,1.185729996550532,1
0.03333333333333333,99.9563553576771,0.09880490838738915,3.6115191652431777,1
0.05,99.91370720282902,0.1428015104000039,7.054632139871666,1
0.06666666666666667,99.8600128528545,0.18007318445481862,11.328598306705228,1
0.08333333333333333,99.79650537355322,0.21334673518436525,16.313595117550026,1
0.1,99.72379730973343,0.24469330379351523,21.937311702568973,1
0.11666666666666667,99.64208760762833,0.2754992244780341,28.15729649792592,1
0.13333333333333333,99.55129394528277,0.30671405835133286,34.94962149464877,1
0.15,99.45113015040167,0.33903343050863616,42.301916739177884,1
0.16666666666666666,99.34115083168558,0.37300843740401124,50.20894561194983,1
0.18333333333333332,99.22077702641886,0.40910928790509626,58.669608227020994,1
0.2,99.08931069773018,0.4477630302673214,67.68474461112558,1
0.21666666666666667,98.94594252272438,0.48937665285378107,77.25538337522802,1
0.23333333333333334,98.78975557080413,0.53435169427771,87.38123337563582,1
0.25,98.61972647245763,0.5830936980553866,98.05930249881013,1
0.26666666666666666,98.43472513461104,0.6360183350918139,109.28258025951888,1
0.2833333333333333,98.2335137238145,0.6935551827093931,121.03875811262593,1
0.3,98.01474574329826,0.7561496260865864,133.30897273464387,1
0.31666666666666665,97.7769653723224,0.8242631058523151,146.06661351784336,1
0.3333333333333333,97.5186080299494,0.8983716228048244,159.27620808792466,1
0.35,97.23800261522854,0.9789622893321276,172.8924504509819,1
0.36666666666666664,96.93337619949321,1.0665275268811951,186.8594383790207,1
0.38333333333333336,96.60286204920591,1.1615563464561929,201.110201734108,1
0.4,96.24451202676063,1.2645219886626995,215.56661255048752,1
0.4166666666666667,95.85631460296057,1.3758650613625711,230.1397711184594,1
0.43333333333333335,95.4362198932082,1.4959712360357815,244.73095773057003,1
0.45,94.98217325457921,1.625142617058187,259.23322460461526,1
0.4666666666666667,94.49215897994532,1.7635621846584861,273.53367426059646,1
0.48333333333333334,93.96425539224202,1.911251367230523,287.516427231144,1
0.5,93.3967020414911,2.0680219652287315,301.0662225004189,1
0.5166666666666667,92.78797859600039,2.2334254216149594,314.07251972937297,1
0.5333333333333333,92.13689329558713,2.406704758716458,326.43388789005854,1
0.55,91.44267651994885,2.5867570458826483,338.06238013173146,1
0.5666666666666667,90.70507236229875,2.772116311687436,348.88752511009255,1
0.5833333333333334,89.92441862278339,2.9609673019426936,358.8595310852506,1
0.6,89.10170422259975,3.151198269173886,367.95132130804245,1
0.6166666666666667,88.23859293871548,3.3404955174915707,376.1591181647559,1
0.6333333333333333,87.33740637328091,3.526473979238486,383.5014438910713,1
0.65,86.40106252245513,3.7068292756116965,390.01663292704353,1
0.6666666666666666,85.43297412603448,3.8794898155189763,395.7591445601265,1
0.6833333333333333,84.43691670337385,4.042745843874078,400.7951298175473,1
0.7,83.41688061861845,4.195336712776102,405.19777434645835,1
0.7166666666666667,82.37692286282646,4.336486726636089,409.0429068029504,1
0.7333333333333333,81.32103250823495,4.465890567594375,412.4052477577729,1
0.75,80.25301989499097,4.583658238745368,415.35551655935814,1
0.7666666666666667,79.17643428658272,4.69023424351015,417.958457313646,1
0.7833333333333333,78.09451135931621,4.7863066367268265,420.27171663252574,1
0.8,77.01014677860445,4.872718643741203,422.3454322039597,1
0.8166666666666667,75.92589150238285,4.950391584047271,424.2223543710284,1
0.8333333333333334,74.8439631436501,5.020263427321129,425.9383273477629,1
0.85,73.76626807552078,5.083243874317762,427.52298030914784,1
0.8666666666666667,72.69442974928049,5.140184561851166,429.0005118407202,1
0.8833333333333333,71.62981970194832,5.191861803882088,430.3904850768004,1
0.9,70.57358872939845,5.238968926224725,431.70858035808385,1
0.9166666666666666,69.52669656902141,5.282115412358476,432.96727539243807,1
0.9333333333333333,68.48993912332193,5.321830569930366,434.176439674096,1
0.95,67.46397275828355,5.358569765620127,435.3438408767192,1
0.9666666666666667,66.44933556185559,5.392722055717721,436.4755679923156,1
0.9833333333333333,65.446465661272,5.42461818032926,437.57637935232725,1
1.0,64.45571682897479,5.454538370913109,438.64998531878194,1
1.0166666666666666,63.47737166704538,5.4827196186026494,439.6992755594683,1
1.0333333333333334,62.51165267864861,5.509362224493484,440.7265002217759,1
1.05,61.558731527018615,5.534635566863826,441.733413329639,1
1.0666666666666667,60.61873675962748,5.558683091842683,442.7213855948705,1
1.0833333333333333,59.69176024516029,5.581626575821751,443.6914927049984,1
1.1,58.77786253873782,5.60356972945691,444.64458410467995,1
1.1166666666666667,57.87707735945753,5.624601221469514,445.5813363642273,1
1.1333333333333333,56.98941533539768,5.644797200651976,446.50229443782575,1
1.15,56.114867145507425,5.664223389948745,447.4079034518244,1
1.1666666666666667,55.25340616550413,5.6829368195192895,448.2985331184072,1
1.1833333333333333,54.40499070591496,5.700987257757602,449.1744964271511,1
1.2,53.56956591446064,5.718418391241925,450.036063910993,1
1.2166666666666666,52.747065468055,5.735268797031663,450.8834743929297,1
1.2333333333333334,51.937412766435756,5.751572742410454,451.71694354819203,1
1.25,51.14052234775499,5.767360850014237,452.53666976809274,1
1.2666666666666666,50.356300867189574,5.782660638942992,453.34283895592165,1
1.2833333333333334,49.584648014858004,5.797496977020371,454.13562802437235,1
1.3,48.82545732298051,5.811892454865983,454.91520749568195,1
1.3166666666666667,48.078616879534366,5.825867696713614,455.68174342058126,1
1.3333333333333333,47.34400996251,5.839441619546522,456.43539878105935,1
1.35,46.6215156063431,5.852631649918286,457.17633450306545,1
1.3666666666666667,45.91100911005627,5.86545390607648,457.90471017541165,1
1.3833333333333333,45.212362494993975,5.877923351585625,458.62068454822503,1
1.4,44.525444918699264,5.890053925489459,459.32441586673235,1
1.4166666666666667,43.85012305039831,5.90185865311217,460.01606208273205,1
1.4333333333333333,43.18626141267908,5.913349740836186,460.6957809758454,1
1.45,42.533722693234004,5.924538657576789,461.3637302088131,1
1.4666666666666666,41.89236802994992,5.935436205172523,462.02006733514366,1
1.4833333333333334,41.26205727214852,5.946052579505886,462.66494977289057,1
1.5,40.64264922038355,5.956397423839802,463.2985347548866,1
1.5166666666666666,40.03400184687432,5.9664798755904815,463.92097926316006,1
1.5333333333333334,39.4359724983816,5.976308607540489,464.5324399532741,1
1.55,38.84841808310511,5.985891864321833,465.1330730728391,1
1.5666666666666667,38.2711952429903,5.995237494855712,465.7230343773172,1
1.5833333333333333,37.70416051267087,6.004352981320476,466.30247904538714,1
1.6,37.147170466136096,6.013245465124137,466.87156159550005,1
1.6166666666666667,36.6000818520957,6.021921770280443,467.43043580477405,1
1.6333333333333333,36.06275171891381,6.0303884245247845,467.97925463101865,1
1.65,35.535037529897494,6.038651678453123,468.51817013841196,1
1.6666666666666667,35.01679726964958,6.04671752292483,469.04733342715525,1
1.6833333333333333,34.50788954213037,6.054591704933961,469.5668945672825,1
1.7,34.008173661014624,6.062279742125104,470.07700253669657,1
1.7166666666666666,33.51750973288018,6.069786936103647,470.5778051634269,1
1.7333333333333334,33.035758733719014,6.077118384671291,471.06944907204354,1
1.75,32.56278257922186,6.084278993099185,471.55207963413,1
1.7666666666666666,32.098444189251964,6.09127348453677,472.02584092268506,1
1.7833333333333334,31.642607546891114,6.098106409642768,472.4908756703104,1
1.8,31.19513775241274,6.104782155512519,472.94732523102664,1
1.8166666666666667,30.755901072510547,6.111304953968872,473.39532954555773,1
1.8333333333333333,30.324764985087597,6.117678889274469,473.8350271099203,1
1.85,29.901598219889507,6.123907905317986,474.26655494715527,1
1.8666666666666667,29.486270795245556,6.129995812319927,474.69004858204147,1
1.8833333333333333,29.07865405116403,6.135946293099356,475.10564201863525,1
1.9,28.678620679011395,6.14176290893879,475.51346772048487,1
1.9166666666666667,28.28604474799001,6.147449105079502,475.9136565933721,1
1.9333333333333333,27.900801728615413,6.153008215878179,476.3063379704431,1
1.95,27.522768513381052,6.158443469650425,476.69163959958945,1
1.9666666666666666,27.15182343478693,6.163757993226529,477.06968763295595,1
1.9833333333333334,26.787846280897515,6.168954816240517,477.4406066184467,1
2.0,26.430718308584137,6.17403687517343,477.80451949311606,1
2.0166666666666666,26.080322254597785,6.179007017167537,478.16154757833,1
2.033333333333333,25.736542344609358,6.183868003629797,478.51181057659295,1
2.05,25.399264300346402,6.188622513637858,478.8554265699388,1
2.066666666666667,25.068375344947658,6.193273147163705,479.192512019788,1
2.0833333333333335,24.743764206649722,6.19782242812683,479.52318176818324,1
2.1,24.425321120913466,6.202272807288563,479.84754904031206,1
2.1166666666666667,24.112937831091656,6.206626664998603,480.1657254482375,1
2.1333333333333333,23.80650758773344,6.210886313802915,480.4778209957576,1
2.15,23.50592514661588,6.215054000922511,480.7839440843186,1
2.1666666666666665,23.21108676558757,6.219131910610891,481.0842015199124,1
2.183333333333333,22.92189020030472,6.223122166398119,481.3786985208914,1
2.2,22.638234698935367,6.227026833228453,481.66753872663605,1
2.216666666666667,22.360020995903323,6.230847919498245,481.95082420701664,1
2.2333333333333334,22.087151304739308,6.234587378999716,482.2286554725917,1
2.25,21.819529310103153,6.2382471127766514,482.50113148548826,1
2.2666666666666666,21.557060159037118,6.2418289708969175,482.76834967091355,1
2.283333333333333,21.299650451507382,6.245334754146862,483.0304059292497,1
2.3,21.04720823028734,6.248766215651747,483.28739464868465,1
2.316666666666667,20.799642970233357,6.252125062426701,483.5394087183358,1
2.3333333333333335,20.55686556700109,6.255412956861883,483.78653954182647,1
2.35,20.31878832524749,6.258631518145509,484.02887705127426,1
2.3666666666666667,20.085324946361283,6.261782323628187,484.26650972165464,1
2.3833333333333333,19.85639051576231,6.264866910131623,484.4995245855068,1
2.4,19.63190148980784,6.267886775204388,484.72800724794496,1
2.4166666666666665,19.411775682341833,6.27084337832837,484.952041901948,1
2.433333333333333,19.195932250921132,6.273738142077256,485.17171134389406,1
2.45,18.984291682750676,6.276572453230338,485.3870969893141,1
2.466666666666667,18.77677578035794,6.279347663843624,485.59827888883797,1
2.4833333333333334,18.573307647035204,6.2820650922804395,485.8053357443074,1
2.5,18.373811672076528,6.284726024203233,486.00834492503253,1
2.5166666666666666,18.178213515834816,6.2873317135288405,486.2073824841693,1
2.533333333333333,17.986440094622925,6.289883383348666,486.40252317519764,1
2.55,17.79841956548131,6.292382226815661,486.59384046848027,1
2.566666666666667,17.614081310833477,6.294829407999384,486.7814065678827,1
2.5833333333333335,17.433355923049138,6.297226062710866,486.96529242743816,1
2.6,17.256175188934026,6.29957329929846,487.14556776803977,1
2.6166666666666667,17.082472074163828,6.30187219941615,487.32230109414553,1
2.6333333333333333,16.912180707679088,6.30412381876532,487.4955597104807,1
2.65,16.745236366056474,6.306329187811398,487.66540973872384,1
2.6666666666666665,16.581575457871224,6.308489312476336,487.83191613416477,1
2.683333333333333,16.421135508064417,6.310605174807854,487.9951427023209,1
2.7,16.263855142327955,6.312677733626547,488.15515211550127,1
2.716666666666667,16.109674071519404,6.314707925152045,488.31200592930867,1
2.7333333333333334,15.958533076117849,6.316696663608483,488.4657645990686,1
2.75,15.810373990731447,6.318644841810595,488.6164874961762,1
2.7666666666666666,15.665139688666416,6.32055333173126,488.76423292435356,1
2.783333333333333,15.52277406656675,6.322422985050758,488.909058135808,1
2.8,15.383222029133126,6.324254633689042,489.0510193472848,1
2.816666666666667,15.24642947392906,6.32604909032136,489.19017175600777,1
2.8333333333333335,15.112343276281656,6.3278071488778025,489.3265695555003,1
2.85,14.980911274283837,6.329529585027806,489.4602659512819,1
2.8666666666666667,14.852082253904381,6.331217156649626,489.591313176434,1
2.8833333333333333,14.725805934211683,6.33287060428584,489.71976250703113,1
2.9,14.602032952716643,6.3344906515848765,489.8456642774318,1
2.9166666666666665,14.480714850839638,6.3360780057299255,489.9690678954257,1
2.933333333333333,14.36180405950619,6.337633357854693,490.09002185723295,1
2.95,14.245253884875504,6.339157383447072,490.2085737623518,1
2.966666666666667,14.131018494205696,6.340650742741131,490.3247703282525,1
2.9833333333333334,14.01905290185915,6.342114081097686,490.4386574049135,1
3.0,13.909312955451215,6.343548029373886,490.5502799891983,1
3.0166666666666666,13.801755322144999,6.344953204282132,490.65968223907,1
3.033333333333333,13.696337475094836,6.346330208739129,490.766907487642,1
3.05,13.593017680040667,6.347679632204605,490.87199825706404,1
3.066666666666667,13.491754982055333,6.349002051010831,490.9749962722393,1
3.0833333333333335,13.39250919244652,6.35029802868282,491.07594247437527,1
3.1,13.295240875814857,6.351568116249582,491.17487703436336,1
3.1166666666666667,13.199911337269466,6.352812852546969,491.2718393659904,1
3.1333333333333333,13.106482609802041,6.354032764511903,491.3668681389776,1
3.15,13.014917441820305,6.355228367468759,491.460001291849,1
3.1666666666666665,12.925179284841594,6.356400165407934,491.55127604462814,1
3.183333333333333,12.837232281347024,6.357548651256838,491.6407289113639,1
3.2,12.751041252796655,6.35867430714364,491.7283957124835,1
3.216666666666667,12.666571687805783,6.359777604653813,491.8143115869747,1
3.2333333333333334,12.583789730482472,6.360859005079894,491.89851100439665,1
3.25,12.502662168926218,6.361918959664872,491.98102777672017,1
3.2666666666666666,12.423156423887516,6.362957909838616,492.06189506999687,1
3.283333333333333,12.34524053758803,6.363976287448574,492.14114541586065,1
3.3,12.268883162700885,6.364974514984138,492.21881072285754,1
3.316666666666667,12.194053551490544,6.365953005795343,492.29492228761035,1
3.3333333333333335,12.120721545111637,6.366912164305692,492.36951080581343,1
3.35,12.048857563065956,6.367852386219593,492.44260638306395,1
3.3666666666666667,11.978432592816834,6.3687740587246005,492.51423854552615,1
3.3833333333333333,11.909418179559966,6.369677560688017,492.5844362504325,1
3.4,11.841786416149692,6.370563262849029,492.65322789642227,1
3.4166666666666665,11.775509933179707,6.371431528005426,492.72064133371833,1
3.433333333333333,11.710561889217079,6.37228271119608,492.78670387414417,1
3.45,11.64691596118836,6.37311715987841,492.851442300982,1
3.466666666666667,11.58454633491662,6.373935214101624,492.9148828786735,1
3.4833333333333334,11.523427695808072,6.374737206675414,492.9770513623656,1
3.5,11.463535219686996,6.3755234633346785,493.0379730073005,1
3.5166666666666666,11.404844563777573,6.376294302899938,493.09767257805413,1
3.533333333333333,11.347331857831213,6.377050037433812,493.1561743576233,1
3.55,11.290973695397964,6.377790956729285,493.2135021406984,1
3.566666666666667,11.235747125365444,6.3785173876415495,493.26967930120367,1
3.5833333333333335,11.1816296431903,6.379229612793979,493.3247287206981,1
3.6,11.128599182841915,6.379927917243222,493.3786728423914,1
3.6166666666666667,11.076634108596846,6.380612581128086,493.4315336721929,1
3.6333333333333333,11.025713207000235,6.381283878911927,493.4833327860722,1
3.65,10.975815678967393,6.3819420793599475,493.53409133799215,1
3.6666666666666665,10.926921132019968,6.382587445627848,493.58383006781185,1
3.683333333333333,10.879009572654242,6.383220235373032,493.632569309076,1
3.7,10.832061398839587,6.383840700871153,493.6803289966776,1
3.716666666666667,10.78605739264541,6.384449089132457,493.7271286743904,1
3.7333333333333334,10.74097871299482,6.385045642016503,493.7729875022719,1
3.75,10.696806888543412,6.385630596345088,493.8179242639371,1
3.7666666666666666,10.653523810681435,6.386204184012552,493.86195737370633,1
3.783333333333333,10.611111726657741,6.386766632093752,493.9051048836278,1
3.8,10.569553232823825,6.3873181629496285,493.947384490376,1
3.816666666666667,10.528831267996267,6.387858994330271,493.98881354202877,1
3.8333333333333335,10.488929106935988,6.388389339475585,494.02940904472393,1
3.85,10.449830353942616,6.388909407213729,494.06918766919785,1
3.8666666666666667,10.411518936562333,6.389419402057182,494.10816575720696,1
3.8833333333333333,10.373979099407556,6.389919524296506,494.1463593278354,1
3.9,10.337195398086827,6.390409970092141,494.1837840836876,1
3.9166666666666665,10.30115269324328,6.390890931563876,494.2204554169711,1
3.933333333333333,10.265836144700069,6.391362596878322,494.2563884154689,1
3.95,10.231231205711138,6.391825150334402,494.2915978684031,1
3.966666666666667,10.197323617315757,6.392278772446774,494.32609827219324,1
3.9833333333333334,10.164099402795214,6.392723640027429,494.35990383610886,1
4.0,10.131544862230097,6.393159926265258,494.3930284878188,1
4.016666666666667,10.0996465671566,6.393587800804043,494.4254858788405,1
4.033333333333333,10.068391355320312,6.394007429818376,494.45728938988753,1
4.05,10.037766325525922,6.39441897608815,494.4884521361196,1
4.066666666666666,10.007758832581349,6.394822599070985,494.5189869722957,1
4.083333333333333,9.978356482334759,6.395218454973307,494.54890649783255,1
4.1,9.949547126802996,6.395606696819856,494.57822306176905,1
4.116666666666666,9.92131885938993,6.3959874745211165,494.60694876763824,1
4.133333333333334,9.893660010193253,6.396360934939884,494.6350954782493,1
4.15,9.866559141398275,6.396727221955923,494.66267482038074,1
4.166666666666667,9.840005042757308,6.397086476529178,494.68969818938524,1
4.183333333333334,9.813986727153171,6.397438836761706,494.71617675370885,1
4.2,9.788493426245463,6.397784437958248,494.7421214593255,1
4.216666666666667,9.763514586198166,6.398123412685194,494.76754303408865,1
4.233333333333333,9.739039863487262,6.398455890828437,494.7924519920004,1
4.25,9.715059120786965,6.39878199965002,494.8168586374009,1
4.266666666666667,9.691562422933258,6.399101863843076,494.84077306907835,1
4.283333333333333,9.668540032963381,6.399415605586209,494.8642051843015,1
4.3,9.645982408230035,6.399723344595966,494.88716468277596,1
4.316666666666666,9.623880196588905,6.40002519817883,494.9096610705251,1
4.333333333333333,9.602224232658363,6.400321281281386,494.9317036636982,1
4.35,9.58100553414998,6.400611706539911,494.95330159230537,1
4.366666666666666,9.560215298268696,6.400896584328632,494.9744638038814,1
4.383333333333334,9.539844898181366,6.401176022806868,494.99519906708014,1
4.4,9.51988587955254,6.401450127965434,495.0155159752006,1
4.416666666666667,9.500329957146237,6.4017190036715075,495.0354229496445,1
4.433333333333334,9.481169011492593,6.4019827517131525,495.0549282433089,1
4.45,9.462395085618182,6.40224147184217,495.0740399439128,1
4.466666666666667,9.444000381838915,6.402495261816697,495.0927659772608,1
4.483333333333333,9.4259772586144,6.4027442174423514,495.11111411044357,1
4.5,9.408318227462619,6.402988432612827,495.12909195497645,1
4.516666666666667,9.391015949933882,6.403227999349268,495.1467069698785,1
4.533333333333333,9.374063234642978,6.403463007839199,495.16396646469127,1
4.55,9.357453034358462,6.40369354647428,495.1808776024402,1
4.566666666666666,9.341178443148037,6.403919701887262,495.1974474025377,1
4.583333333333333,9.325232693579036,6.404141558988423,495.2136827436311,1
4.6,9.309609153972977,6.404359201000925,495.22959036639526,1
4.616666666666666,9.29430132571322,6.404572709495467,495.2451768762702,1
4.633333333333334,9.279302840604743,6.404782164424347,495.2604487461469,1
4.65,9.264607458285052,6.40498764415466,495.2754123190004,1
4.666666666666667,9.250209063685382,6.405189225500628,495.290073810471,1
4.683333333333334,9.236101664541122,6.40538698375572,495.3044393113962,1
4.7,9.222279388950668,6.405580992723523,495.31851479029365,1
4.716666666666667,9.208736482981758,6.405771324748287,495.3323060957939,1
4.733333333333333,9.195467308324412,6.405958050744766,495.3458189590277,1
4.75,9.182466339989611,6.406141240227347,495.3590589959659,1
4.766666666666667,9.169728164052868,6.406320961338638,495.372031709713,1
4.783333333333333,9.157247475441856,6.406497280877353,495.3847424927571,1
4.8,9.145019075767246,6.406670264325725,495.3971966291749,1
4.816666666666666,9.133037871195983,6.406839975876257,495.4093992967937,1
4.833333333333333,9.121298870366166,6.407006478457923,495.42135556931123,1
4.85,9.109797182342767,6.4071698337618015,495.4330704183735,1
4.866666666666666,9.09852801461343,6.407330102266203,495.4445487156128,1
4.883333333333334,9.087486671123571,6.4074873432611845,495.4557952346444,1
4.9,9.076668550350053,6.407641614872691,495.4668146530246,1
4.916666666666667,9.066069143412696,6.407792974086082,495.4776115541707,1
4.933333333333334,9.055684032222905,6.407941476769092,495.48819042924225,1
4.95,9.045508887668728,6.4080871776945445,495.49855567898635,1
4.966666666666667,9.035539467835617,6.408230130562279,495.5087116155457,1
4.983333333333333,9.02577161626226,6.4083703880210265,495.518662464231,1
5.0,9.016201260230757,6.408508001689304,495.52841236525916,1
5.016666666666667,9.00682440909054,6.408643022176307,495.5379653754564,1
5.033333333333333,8.997637152615354,6.408775499102214,495.547325469928,1
5.05,8.988635659392685,6.408905481117973,495.5564965436952,1
5.066666666666666,8.979816175245,6.409033015924888,495.56548241329955,1
5.083333333333333,8.971175021682201,6.409158150293578,495.57428681837536,1
5.1,8.962708594384676,6.4092809300826685,495.5829134231915,1
5.116666666666666,8.95441336171639,6.4094014002569795,495.59136581816205,1
5.133333333333334,8.946285863267404,6.409519604905588,495.5996475213276,1
5.15,8.938322708425247,6.409635587259304,495.60776197980675,1
5.166666666666667,8.930520574974649,6.409749389707588,495.61571257121903,1
5.183333333333334,8.922876207724997,6.409861053815764,495.6235026050796,1
5.2,8.91538641716505,6.409970620341125,495.6311353241656,1
5.216666666666667,8.908048078144354,6.410078129249167,495.63861390585697,1
5.233333333333333,8.900858128580815,6.410183619729466,495.6459414634489,1
5.25,8.893813568194002,6.410287130210915,495.65312104743873,1
5.266666666666667,8.886911457263567,6.410388698377115,495.66015564678816,1
5.283333333333333,8.880148915412407,6.410488361181051,495.66704819015865,1
5.3,8.873523120414006,6.4105861548595575,495.67380154712384,1
5.316666666666666,8.867031307023511,6.410682114947763,495.68041852935687,1
5.333333333333333,8.860670765832106,6.410776276292699,495.6869018917942,1
5.35,8.854438842144168,6.41086867306736,495.6932543337771,1
5.366666666666666,8.848332934876845,6.410959338783603,495.69947850016837,1
5.383333333333334,8.842350495481528,6.4110483063055606,495.7055769824491,1
5.4,8.836489038106262,6.41113560786244,495.71155227373214,1
5.416666666666667,8.8307461044886,6.411221273718116,495.71740691731924,1
5.433333333333334,8.825119297435982,6.411305336273073,495.72314334942934,1
5.45,8.819606268182277,6.411387826089143,495.7287639566446,1
5.466666666666667,8.81420471541726,6.411468772972825,495.73427107772693,1
5.483333333333333,8.80891238433174,6.411548206128085,495.7396670045684,1
5.5,8.803727065681045,6.41162615419383,495.7449539830535,1
5.516666666666667,8.798646594867119,6.411702645261152,495.750134213916,1
5.533333333333333,8.79366885103888,6.411777706885436,495.75520985359475,1
5.55,8.788791756210639,6.41185136609623,495.76018301508594,1
5.566666666666666,8.784013274398145,6.4119236494072736,495.76505576878947,1
5.583333333333333,8.779331410771977,6.411994582825578,495.76983014334536,1
5.6,8.774744210827874,6.4120641918609635,495.7745081264599,1
5.616666666666666,8.770249759573709,6.412132501535218,495.7790916657194,1
5.633333333333334,8.765846180732767,6.412199536391059,495.7835826693903,1
5.65,8.761531635962994,6.412265320501504,495.7879830072058,1
5.666666666666667,8.757304324091896,6.412329877478481,495.7922945111386,1
5.683333333333334,8.753162480366793,6.4123932304818805,495.79651897615844,1
5.7,8.74910437572011,6.412455402228148,495.8006581609765,1
5.716666666666667,8.7451283160494,6.412516414998841,495.8047137887749,1
5.733333333333333,8.741232641511832,6.412576290649037,495.80868754792147,1
5.75,8.73741572583282,6.412635050615681,495.8125810926717,1
5.766666666666667,8.733675975628556,6.412692715925548,495.81639604385555,1
5.783333333333333,8.730011829742118,6.412749307203395,495.82013398955235,1
5.8,8.72642175859294,6.412804844679546,495.82379648575005,1
5.816666666666666,8.72290426353932,6.412859348197826,495.8273850569933,1
5.833333333333333,8.719457876253768,6.412912837222806,495.8309011970177,1
5.85,8.716081158110882,6.412965330847444,495.83434636937073,1
5.866666666666666,8.712772699587541,6.413016847800017,495.83772200802196,1
5.883333333333334,8.709531119675153,6.413067406451483,495.8410295179593,1
5.9,8.706355065303727,6.413117024822296,495.8442702757743,1
5.916666666666667,8.703243210777512,6.413165720589162,495.8474456302352,1
5.933333333333334,8.700194257222014,6.4132135110918735,495.85055690284867,1
5.95,8.697206932042116,6.413260413339694,495.85360538841053,1
5.966666666666667,8.694279988391113,6.4133064440178735,495.85659235554465,1
5.983333333333333,8.691412204650431,6.413351619493913,495.8595190472317,1
6.0,8.688602383919822,6.413395955823673,495.8623866813269,1
6.016666666666667,8.685849353517824,6.413439468757409,495.8651964510673,1
6.033333333333333,8.683151964492273,6.413482173745846,495.86794952556977,1
6.05,8.68050909114068,6.413524085945765,495.87064705031736,1
6.066666666666666,8.677919630540272,6.413565220225896,495.8732901476369,1
6.083333333333333,8.675382502087492,6.4136055911723,495.87587991716714,1
6.1,8.672896647046784,6.413645213093937,495.87841743631657,1
6.116666666666666,8.670461028108472,6.4136841000280524,495.88090376071307,1
6.133333333333334,8.668074628955546,6.413722265745352,495.88333992464385,1
6.15,8.665736453839195,6.413759723755224,495.88572694148627,1
6.166666666666667,8.66344552716286,6.413796487310657,495.88806580413103,1
6.183333333333334,8.661200893074737,6.413832569413366,495.8903574853955,1
6.2,8.659001615068428,6.413867982818458,495.89260293843,1
6.216666666666667,8.65684677559171,6.413902740039369,495.89480309711456,1
6.233333333333333,8.654735475663141,6.413936853352361,495.8969588764491,1
6.25,8.652666834496445,6.413970334801157,495.8990711729346,1
6.266666666666667,8.650639989132456,6.414003196201406,495.90114086494725,1
6.283333333333333,8.648654094078479,6.414035449145127,495.9031688131044,1
6.3,8.64670832095495,6.414067105004935,495.9051558606243,1
6.316666666666666,8.644801858149222,6.414098174938233,495.9071028336767,1
6.333333333333333,8.642933910476334,6.414128669891526,495.9090105417288,1
6.35,8.641103698846626,6.4141586006042735,495.91087977788175,1
6.366666666666666,8.639310459940079,6.4141879776129365,495.9127113192025,1
6.383333333333334,8.637553445887233,6.414216811254981,495.9145059270473,1
6.4,8.63583192395651,6.414245111672474,495.91626434737947,1
6.416666666666667,8.634145176247905,6.4142728888159795,495.9179873110807,1
6.433333333333334,8.632492499392841,6.414300152448302,495.9196755342563,1
6.45,8.630873204260078,6.414326912147873,495.9213297185335,1
6.466666666666667,8.629286615667574,6.414353177312458,495.9229505513546,1
6.483333333333333,8.627732072100168,6.414378957162567,495.9245387062629,1
6.5,8.626208925432966,6.414404260744846,495.9260948431856,1
6.516666666666667,8.624716540660321,6.414429096935335,495.92761960870735,1
6.533333333333333,8.623254295630275,6.41445347444287,495.9291136363407,1
6.55,8.621821580784395,6.414477401812151,495.93057754679074,1
6.566666666666666,8.620417798902837,6.414500887426946,495.9320119482139,1
6.583333333333333,8.619042364854593,6.414523939513216,495.9334174364717,1
6.6,8.617694705352767,6.414546566141976,495.93479459537934,1
6.616666666666666,8.616374258714803,6.414568775232367,495.9361439969493,1
6.633333333333334,8.615080474627566,6.414590574554599,495.9374662016304,1
6.65,8.613812813917177,6.414611971732592,495.93876175854155,1
6.666666666666667,8.61257074832348,6.414632974247032,495.9400312057005,1
6.683333333333334,8.611353760279101,6.414653589437937,495.9412750702489,1
6.7,8.610161342692955,6.414673824507279,495.94249386867205,1
6.716666666666667,8.60899299873814,6.414693686521856,495.9436881070144,1
6.733333333333333,8.607848241644113,6.414713182415572,495.94485828109083,1
6.75,8.606726594493088,6.414732318992211,495.9460048766934,1
6.766666666666667,8.605627590020525,6.414751102927809,495.9471283697945,1
6.783333333333333,8.604550770419689,6.414769540772991,495.94822922674496,1
6.8,8.603495687150131,6.414787638955596,495.94930790446904,1
6.816666666666666,8.602461900750068,6.414805403782783,495.9503648506549,1
6.833333333333333,8.601448980652547,6.414822841443329,495.9514005039415,1
6.85,8.600456505005333,6.414839958010228,495.9524152941017,1
6.866666666666666,8.599484060494442,6.41485675944234,495.95340964222135,1
6.883333333333334,8.59853124217124,6.4148732515870055,495.95438396087553,1
6.9,8.597597653283056,6.4148894401818595,495.9553386543003,1
6.916666666666667,8.596682905107201,6.414905330857263,495.95627411856134,1
6.933333333333334,8.595786616788367,6.414920929137931,495.9571907417195,1
6.95,8.594908415179304,6.4149362404452654,495.95808890399263,1
6.966666666666667,8.594047934684736,6.414951270099086,495.958968977914,1
6.983333333333333,8.593204817108418,6.414966023319661,495.95983132848824,1
7.0,8.5923787115033,6.414980505229649,495.96067631334313,1
7.016666666666667,8.591569274024733,6.41499472085581,495.9615042828789,1
7.033333333333333,8.590776167786624,6.4150086751309745,495.9623155804149,1
7.05,8.58999906272053,6.415022372895614,495.9631105423322,1
7.066666666666666,8.589237635437579,6.415035818899821,495.9638894982144,1
7.083333333333333,8.588491569093206,6.415049017804876,495.964652770985,1
7.1,8.58776055325462,6.415061974184957,495.9654006770422,1
7.116666666666666,8.587044283770963,6.41507469252877,495.9661335263904,1
7.133333333333334,8.586342462646078,6.415087177241232,495.9668516227704,1
7.15,8.585654797913874,6.4150994326450155,495.9675552637852,1
7.166666666666667,8.584981003516207,6.4151114629819945,495.9682447410247,1
7.183333333333334,8.584320799183239,6.415123272415034,495.9689203401876,1
7.2,8.583673910316206,6.41513486502915,495.9695823411997,1
7.216666666666667,8.583040067872581,6.4151462448332355,495.9702310183314,1
7.233333333333333,8.58241900825354,6.415157415761391,495.97086664031167,1
7.25,8.58181047319373,6.415168381674344,495.9714894704404,1
7.266666666666667,8.581214209653254,6.4151791463609324,495.9720997666983,1
7.283333333333333,8.580629969711843,6.415189713539144,495.9726977818539,1
7.3,8.580057510465192,6.415200086857922,495.9732837635699,1
7.316666666666666,8.579496593923365,6.415210269898069,495.9738579545056,1
7.333333333333333,8.578946986911278,6.41522026617375,495.9744205924186,1
7.35,8.578408460971202,6.415230079133638,495.9749719102635,1
7.366666666666666,8.577880792267216,6.4152397121621885,495.9755121362895,1
7.383333333333334,8.577363761491625,6.415249168580876,495.97604149413564,1
7.4,8.576857153773261,6.415258451649323,495.9765602029232,1
7.416666666666667,8.576360758587636,6.415267564566483,495.9770684773484,1
7.433333333333334,8.575874369668922,6.4152765104718705,495.9775665277706,1
7.45,8.575397784923704,6.415285292446453,495.9780545603005,1
7.466666666666667,8.574930806346504,6.415293913514016,495.9785327768869,1
7.483333333333333,8.574473239936992,6.415302376642081,495.9790013753991,1
7.5,8.574024895618885,6.415310684742949,495.979460549711,1
7.516666666666667,8.573585587160489,6.415318840674851,495.97991048978116,1
7.533333333333333,8.57315513209684,6.415326847242895,495.9803513817322,1
7.55,8.57273335165344,6.415334707200019,495.9807834079282,1
7.566666666666666,8.572320070671534,6.415342423248057,495.98120674705086,1
7.583333333333333,8.571915117534886,6.41534999803864,495.9816215741739,1
7.6,8.571518324098047,6.415357434174146,495.9820280608358,1
7.616666666666666,8.571129525616094,6.415364734208739,495.9824263751119,1
7.633333333333334,8.570748560675758,6.415371900649002,495.9828166816838,1
7.65,8.570375271127979,6.415378935955094,495.98319914190836,1
7.666666666666667,8.57000950202181,6.41538584254153,495.9835739138845,1
7.683333333333334,8.569651101539659,6.415392622777973,495.9839411525198,1
7.7,8.569299920933867,6.415399278990158,495.984301009594,1
7.716666666666667,8.568955814464525,6.415405813460699,495.98465363382354,1
7.733333333333333,8.568618639338606,6.41541222842983,495.9849991709222,1
7.75,8.568288255650282,6.415418526096329,495.98533776366264,1
7.766666666666667,8.567964526322484,6.4154247086182,495.9856695519358,1
7.783333333333333,8.567647317049623,6.415430778113368,495.9859946728083,1
7.8,8.567336496241492,6.4154367366606015,495.986313260581,1
7.816666666666666,8.567031934968284,6.415442586300134,495.9866254468436,1
7.833333333333333,8.566733506906745,6.415448329034434,495.9869313605303,1
7.85,8.566441088287396,6.415453966828713,495.98723112797285,1
7.866666666666666,8.566154557842843,6.415459501612048,495.9875248729536,1
7.883333333333334,8.565873796757126,6.415464935277653,495.9878127167571,1
7.9,8.565598688616086,6.4154702696836905,495.98809477822005,1
7.916666666666667,8.565329119358767,6.415475506654019,495.98837117378133,1
7.933333333333334,8.565064977229753,6.415480647978637,495.98864201753014,1
7.95,8.564806152732528,6.4154856954144766,495.9889074212536,1
7.966666666666667,8.564552538583737,6.415490650686018,495.9891674944834,1
7.983333333333333,8.564304029668389,6.415495515485761,495.9894223445412,1
8.0,8.56406052299598,6.415500291474967,495.9896720765833,1
8.016666666666667,8.563821917657478,6.415504980284138,495.9899167936447,1
8.033333333333333,8.563588114783204,6.415509583513696,495.99015659668146,1
8.05,8.563359017501554,6.4155141027343685,495.99039158461306,1
8.066666666666666,8.563134530898566,6.415518539488,495.99062185436355,1
8.083333333333334,8.56291456197829,6.415522895287821,495.9908475009018,1
8.1,8.562699019623972,6.415527171619181,495.99106861728103,1
8.116666666666667,8.562487814560036,6.415531369939959,495.9912852946776,1
8.133333333333333,8.562280859314807,6.4155354916811,495.9914976224288,1
8.15,8.562078068184025,6.415539538247176,495.99170568806994,1
8.166666666666666,8.561879357195059,6.415543511016725,495.99190957737073,1
8.183333333333334,8.561684644071875,6.4155474113430095,495.99210937437164,1
8.2,8.561493848200708,6.4155512405541115,495.99230516141796,1
8.216666666666667,8.561306890596427,6.4155549999537875,495.9924970191944,1
8.233333333333333,8.56112369386957,6.415558690821545,495.99268502675864,1
8.25,8.560944182194065,6.415562314413478,495.99286926157407,1
8.266666666666667,8.560768281275596,6.415565871962391,495.99304979954235,1
8.283333333333333,8.56059591832062,6.4155693646783725,495.9932267150345,1
8.3,8.56042702200598,6.415572793749225,495.99340008092247,1
8.316666666666666,8.56026152244918,6.415576160340825,495.9935699686084,1
8.333333333333334,8.56009935117922,6.41557946559757,495.9937364480555,1
8.35,8.559940441108054,6.415582710642712,495.9938995878158,1
8.366666666666667,8.559784726502608,6.415585896578902,495.99405945506015,1
8.383333333333333,8.559632142957357,6.41558902448841,495.9942161156049,1
8.4,8.55948262736749,6.415592080058336,495.99436961856463,1
8.416666666666666,8.55933611800226,6.415595091397448,495.99452005377617,1
8.433333333333334,8.55919255422251,6.4155980500318925,495.99466747398156,1
8.45,8.55905187665123,6.415600955470964,495.9948119384439,1
8.466666666666667,8.558914027119684,6.415603808332258,495.9949535062708,1
8.483333333333333,8.558778948637121,6.415606609447018,495.9950922355828,1
8.5,8.558646585365182,6.415609359699355,495.99522818338903,1
8.516666666666667,8.558516882593862,6.415612059984641,495.99536140557353,1
8.533333333333333,8.558389786718333,6.415614711195106,495.9954919569064,1
8.55,8.558265245216411,6.415617314213791,495.9956198910607,1
8.566666666666666,8.558143206626529,6.415619869911895,495.9957452606329,1
8.583333333333334,8.558023620526226,6.415622379147269,495.99586811716205,1
8.6,8.55790643751107,6.4156248427638705,495.99598851115155,1
8.616666666666667,8.557791609174053,6.41562726159133,495.9961064920886,1
8.633333333333333,8.557679088085381,6.415629636445022,495.9962221084645,1
8.65,8.557568827772702,6.415631968125933,495.9963354077952,1
8.666666666666666,8.557460782701732,6.415634257420845,495.99644643663953,1
8.683333333333334,8.557354908257269,6.415636505102482,495.9965552406194,1
8.7,8.557251160724618,6.415638711929642,495.996661864438,1
8.716666666666667,8.557149497271356,6.415640878647459,495.9967663518988,1
8.733333333333333,8.557049875929504,6.415643005987487,495.99686874592294,1
8.75,8.556952255578041,6.415645094668067,495.9969690885676,1
8.766666666666667,8.556856595925774,6.415647145394439,495.99706742104297,1
8.783333333333333,8.556762857494558,6.415649158859074,495.9971637837299,1
8.8,8.556671001602872,6.415651135741627,495.99725821619546,1
8.816666666666666,8.55658099034969,6.415653076709532,495.99735075721077,1
8.833333333333334,8.556492786598717,6.415654982417976,495.99744144476585,1
8.85,8.556406353962927,6.415656853510093,495.99753031608617,1
8.866666666666667,8.556321656789411,6.415658690617388,495.99761740764757,1
8.883333333333333,8.556238660144542,6.415660494359683,495.9977027551919,1
8.9,8.55615732979944,6.415662265345594,495.997786393741,1
8.916666666666666,8.556077632215716,6.415664004172508,495.9978683576122,1
8.933333333333334,8.555999534531527,6.415665711426851,495.9979486804317,1
8.95,8.555923004547893,6.415667387684397,495.9980273951489,1
8.966666666666667,8.555848010715305,6.415669033510321,495.99810453404996,1
8.983333333333333,8.555774522120599,6.415670649459497,495.9981801287713,1
9.0,8.555702508474102,6.415672236076637,495.9982542103128,1
9.016666666666667,8.555631940097019,6.415673793896394,495.99832680905007,1
9.033333333333333,8.555562787909098,6.4156753234437405,495.9983979547476,1
9.05,8.555495023416535,6.415676825234,495.9984676765709,1
9.066666666666666,8.555428618700123,6.41567829977301,495.99853600309865,1
9.083333333333334,8.555363546403639,6.415679747557428,495.99860296233436,1
9.1,8.555299779722475,6.415681169074754,495.99866858171816,1
9.116666666666667,8.555237292392489,6.41568256480359,495.998732888138,1
9.133333333333333,8.555176058679088,6.415683935213807,495.99879590794103,1
9.15,8.555116053366525,6.415685280766647,495.99885766694405,1
9.166666666666666,8.55505725174743,6.415686601914866,495.9989181904447,1
9.183333333333334,8.55499962961252,6.415687899103001,495.99897750323174,1
9.2,8.554943163240559,6.415689172767434,495.99903562959514,1
9.216666666666667,8.554887829388484,6.415690423336499,495.9990925933363,1
9.233333333333333,8.55483360528175,6.415691651230844,495.99914841777814,1
9.25,8.554780468604877,6.4156928568632665,495.9992031257743,1
9.266666666666667,8.554728397492163,6.415694040639088,495.9992567397186,1
9.283333333333333,8.554677370518606,6.415695202956213,495.99930928155464,1
9.3,8.554627366691012,6.415696344205213,495.999360772785,1
9.316666666666666,8.554578365439259,6.41569746476958,495.99941123447945,1
9.333333333333334,8.554530346607764,6.415698565025759,495.99946068728434,1
9.35,8.554483290447108,6.415699645343331,495.99950915143086,1
9.366666666666667,8.554437177605838,6.415700706085129,495.9995566467433,1
9.383333333333333,8.554391989122426,6.415701747607326,495.9996031926476,1
9.4,8.5543477064174,6.415702770259548,495.99964880817885,1
9.416666666666666,8.554304311285623,6.415703774385106,495.9996935119897,1
9.433333333333334,8.554261785888748,6.415704760320989,495.9997373223577,1
9.45,8.554220112747801,6.415705728398074,495.9997802571932,1
9.466666666666667,8.55417927473593,6.415706678941137,495.9998223340463,1
9.483333333333333,8.55413925507129,6.415707612269046,495.99986357011454,1
9.5,8.554100037310095,6.415708528694823,495.9999039822497,1
9.516666666666667,8.554061605339777,6.415709428525851,495.999943586965,1
9.533333333333333,8.554023943372307,6.415710312063706,495.9999824004415,1
9.55,8.553987035937643,6.415711179604694,496.0000204385356,1
9.566666666666666,8.553950867877315,6.415712031439553,496.00005771678457,1
9.583333333333334,8.553915424338129,6.415712867853781,496.0000942504138,1
9.6,8.553880690766016,6.4157136891276005,496.0001300543426,1
9.616666666666667,8.553846652899987,6.415714495536241,496.0001651431907,1
9.633333333333333,8.553813296766215,6.415715287349722,496.00019953128395,1
9.65,8.55378060867225,6.415716064833284,496.0002332326604,1
9.666666666666666,8.553748575201343,6.415716828247296,496.0002662610763,1
9.683333333333334,8.553717183206867,6.415717577847328,496.00029863001134,1
9.7,8.553686419806878,6.415718313884333,496.0003303526745,1
9.716666666666667,8.55365627237878,6.415719036604592,496.0003614420095,1
9.733333333333333,8.553626728554073,6.41571974625005,496.00039191070016,1
9.75,8.553597776213246,6.415720443058146,496.00042177117535,1
9.766666666666667,8.55356940348074,6.41572112726198,496.0004510356147,1
9.783333333333333,8.553541598720042,6.415721799090396,496.0004797159528,1
9.8,8.55351435052884,6.415722458768113,496.00050782388496,1
9.816666666666666,8.553487647734324,6.4157231065157205,496.00053537087143,1
9.833333333333334,8.553461479388531,6.415723742549783,496.0005623681424,1
9.85,8.553435834763832,6.4157243670829445,496.00058882670294,1
9.866666666666667,8.55341070334848,6.415724980323872,496.00061475733656,1
9.883333333333333,8.553386074842244,6.415725582477567,496.0006401706108,1
9.9,8.553361939152165,6.41572617374527,496.00066507688075,1
9.916666666666666,8.553338286388358,6.415726754324457,496.0006894862937,1
9.933333333333334,8.553315106859925,6.415727324409104,496.00071340879356,1
9.95,8.553292391070938,6.415727884189543,496.0007368541242,1
9.966666666666667,8.55327012971651,6.415728433852761,496.00075983183433,1
9.983333333333333,8.553248313678946,6.415728973582343,496.00078235128086,1
10.0,8.55322693402396,6.415729503558336,496.0008044216326,1
10.016666666666667,8.55320598199699,6.415730023957725,496.00082605187504,1
10.033333333333333,8.553185449019555,6.415730534954187,496.0008472508129,1
10.05,8.553165326685724,6.4157310367182,496.00086802707426,1
10.066666666666666,8.553145606758624,6.415731529417252,496.0008883891145,1
10.083333333333334,8.553126281167046,6.415732013215661,496.00090834521876,1
10.1,8.553107342002091,6.415732488274767,496.00092790350647,1
10.116666666666667,8.553088781513907,6.415732954753036,496.00094707193387,1
10.133333333333333,8.553070592108476,6.4157334128059835,496.00096585829766,1
10.15,8.553052766344484,6.4157338625863725,496.0009842702384,1
10.166666666666666,8.553035296930233,6.415734304244118,496.001002315243,1
10.183333333333334,8.553018176720629,6.415734737926422,496.0010200006485,1
10.2,8.553001398714228,6.415735163777826,496.00103733364466,1
10.216666666666667,8.552984956050343,6.415735581940208,496.0010543212772,1
10.233333333333333,8.552968842006203,6.415735992552872,496.00107097045054,1
10.25,8.552953049994182,6.415736395752618,496.00108728793043,1
10.266666666666667,8.55293757355906,6.415736791673818,496.00110328034725,1
10.283333333333333,8.552922406375371,6.415737180448238,496.00111895419826,1
10.3,8.552907542244785,6.4157375622053205,496.00113431585044,1
10.316666666666666,8.55289297509354,6.415737937072169,496.00114937154314,1
10.333333333333334,8.552878698969941,6.4157383051736145,496.00116412739106,1
10.35,8.552864708041893,6.415738666632153,496.0011785893857,1
10.366666666666667,8.552850996594497,6.4157390215680925,496.0011927633988,1
10.383333333333333,8.55283755902769,6.415739370099512,496.00120665518443,1
10.4,8.552824389853924,6.415739712342382,496.00122027038117,1
10.416666666666666,8.552811483695912,6.415740048410546,496.0012336145148,1
10.433333333333334,8.552798835284394,6.415740378415828,496.00124669300016,1
10.45,8.552786439455975,6.4157407024678905,496.00125951114364,1
10.466666666666667,8.55277429115098,6.415741020674523,496.0012720741454,1
10.483333333333333,8.552762385411377,6.415741333141517,496.0012843871016,1
10.5,8.552750717378714,6.415741639972787,496.0012964550057,1
10.516666666666667,8.552739282292134,6.415741941270308,496.00130828275167,1
10.533333333333333,8.552728075486394,6.415742237134188,496.00131987513527,1
10.55,8.55271709238995,6.415742527662737,496.00133123685623,1
10.566666666666666,8.552706328523065,6.415742812952512,496.00134237252,1
10.583333333333334,8.552695779495956,6.415743093098258,496.00135328663987,1
10.6,8.552685441006998,6.415743368193071,496.00136398363884,1
10.616666666666667,8.552675308840932,6.4157436383282995,496.00137446785124,1
10.633333333333333,8.552665378867145,6.4157439035936275,496.0013847435246,1
10.65,8.55265564703794,6.415744164077164,496.0013948148213,1
10.666666666666666,8.552646109386897,6.4157444198653595,496.00140468582055,1
10.683333333333334,8.55263676202722,6.41574467104311,496.0014143605198,1
10.7,8.552627601150128,6.415744917693866,496.0014238428365,1
10.716666666666667,8.552618623023307,6.415745159899388,496.0014331366096,1
10.733333333333333,8.552609823989348,6.4157453977400625,496.0014422456013,1
10.75,8.552601200464254,6.415745631294858,496.0014511734985,1
10.766666666666667,8.552592748935965,6.415745860641199,496.00145992391407,1
10.783333333333333,8.552584465962891,6.415746085855176,496.001468500389,1
10.8,8.55257634817252,6.415746307011473,496.00147690639307,1
10.816666666666666,8.552568392260003,6.415746524183425,496.0014851453266,1
10.833333333333334,8.552560594986817,6.41574673744308,496.00149322052187,1
10.85,8.55255295317941,6.415746946861087,496.00150113524484,1
10.866666666666667,8.552545463727906,6.415747152506897,496.00150889269565,1
10.883333333333333,8.552538123584824,6.415747354448635,496.00151649601077,1
10.9,8.552530929763815,6.415747552753283,496.0015239482638,1
10.916666666666666,8.552523879338436,6.415747747486485,496.0015312524666,1
10.933333333333334,8.552516969440953,6.415747938712783,496.0015384115711,1
10.95,8.552510197261146,6.4157481264955445,496.00154542847014,1
10.966666666666667,8.552503560045166,6.4157483108969435,496.00155230599864,1
10.983333333333333,8.55249705509439,6.4157484919781025,496.0015590469347,1
11.0,8.552490679764317,6.415748669798935,496.0015656540011,1
11.016666666666667,8.552484431463482,6.415748844418331,496.00157212986596,1
11.033333333333333,8.552478307652379,6.415749015894119,496.0015784771442,1
11.05,8.55247230584243,6.41574918428308,496.00158469839846,1
11.066666666666666,8.552466423594943,6.41574934964089,496.0015907961398,1
11.083333333333334,8.552460658520136,6.415749512022346,496.00159677282954,1
11.1,8.552455008276127,6.415749671481119,496.0016026308796,1
11.116666666666667,8.552449470567986,6.415749828069952,496.00160837265355,1
11.133333333333333,8.552444043146783,6.4157499818407775,496.0016140004682,1
11.15,8.552438723808674,6.415750132844337,496.00161951659305,1
11.166666666666666,8.55243351039398,6.415750281130647,496.00162492325336,1
11.183333333333334,8.55242840078632,6.4157504267486924,496.00163022262933,1
11.2,8.552423392911715,6.415750569746687,496.0016354168577,1
11.216666666666667,8.552418484737759,6.415750710171886,496.00164050803244,1
11.233333333333333,8.552413674272769,6.415750848070691,496.00164549820556,1
11.25,8.552408959564973,6.415750983488705,496.0016503893887,1
11.266666666666667,8.552404338701708,6.4157511164706955,496.00165518355243,1
11.283333333333333,8.552399809808632,6.415751247060581,496.0016598826286,1
11.3,8.552395371048954,6.415751375301574,496.00166448851013,1
11.316666666666666,8.552391020622684,6.415751501235997,496.00166900305226,1
11.333333333333334,8.552386756765882,6.415751624905461,496.00167342807316,1
11.35,8.552382577749956,6.415751746350814,496.0016777653547,1
11.366666666666667,8.552378481880924,6.415751865612176,496.00168201664314,1
11.383333333333333,8.55237446749874,6.415751982728971,496.0016861836497,1
11.4,8.552370532976603,6.415752097739836,496.0016902680518,1
11.416666666666666,8.552366676720297,6.415752210682719,496.00169427149314,1
11.433333333333334,8.552362897167521,6.415752321594956,496.0016981955844,1
11.45,8.552359192787266,6.415752430513162,496.0017020419046,1
11.466666666666667,8.552355562079178,6.415752537473235,496.00170581200064,1
11.483333333333333,8.552352003572938,6.4157526425105065,496.00170950738914,1
11.5,8.55234851582767,6.415752745659663,496.00171312955587,1
11.516666666666667,8.552345097431342,6.415752846954717,496.0017166799574,1
11.533333333333333,8.552341747000188,6.4157529464290795,496.0017201600211,1
11.55,8.552338463178144,6.415753044115587,496.0017235711456,1
11.566666666666666,8.552335244636282,6.415753140046449,496.001726914702,1
11.583333333333334,8.552332090072284,6.415753234253328,496.00173019203373,1
11.6,8.552328998209886,6.415753326767277,496.0017334044577,1
11.616666666666667,8.552325967798375,6.415753417618767,496.00173655326427,1
11.633333333333333,8.552322997612057,6.415753506837796,496.001739639718,1
11.65,8.55232008644977,6.415753594453766,496.0017426650586,1
11.666666666666666,8.552317233134387,6.415753680495536,496.0017456305009,1
11.683333333333334,8.55231443651233,6.415753764991458,496.00174853723536,1
11.7,8.552311695453103,6.415753847969464,496.0017513864287,1
11.716666666666667,8.552309008848825,6.415753929456804,496.0017541792244,1
11.733333333333333,8.552306375613773,6.415754009480403,496.00175691674343,1
11.75,8.552303794683949,6.415754088066542,496.0017596000839,1
11.766666666666667,8.55230126501664,6.415754165241129,496.0017622303224,1
11.783333333333333,8.552298785589972,6.415754241029698,496.001764808514,1
11.8,8.552296355402524,6.415754315457081,496.0017673356924,1
11.816666666666666,8.552293973472898,6.41575438854781,496.00176981287103,1
11.833333333333334,8.55229163883931,6.415754460325973,496.001772241043,1
11.85,8.552289350559226,6.415754530815244,496.00177462118194,1
11.866666666666667,8.552287107708946,6.4157546000387216,496.00177695424145,1
11.883333333333333,8.552284909383236,6.4157546680192965,496.0017792411567,1
11.9,8.55228275469497,6.415754734779264,496.0017814828437,1
11.916666666666666,8.552280642774747,6.415754800340689,496.00178368020084,1
11.933333333333334,8.552278572770552,6.4157548647250735,496.001785834108,1
11.95,8.552276543847393,6.415754927953647,496.00178794542774,1
11.966666666666667,8.552274555186976,6.415754990047177,496.00179001500567,1
11.983333333333333,8.552272605987353,6.415755051026077,496.00179204367015,1
12.0,8.55227069546261,6.41575511091045,496.0017940322334,1
12.016666666666667,8.552268822842533,6.415755169719981,496.0017959814913,1
12.033333333333333,8.552266987372304,6.415755227473991,496.00179789222375,1
12.05,8.552265188312182,6.4157552841915155,496.0017997651954,1
12.066666666666666,8.552263424937205,6.415755339891125,496.00180160115536,1
12.083333333333334,8.552261696536902,6.415755394591239,496.001803400838,1
12.1,8.552260002414991,6.415755448309767,496.0018051649632,1
12.116666666666667,8.552258341889095,6.415755501064349,496.00180689423604,1
12.133333333333333,8.552256714290476,6.415755552872399,496.00180858934823,1
12.15,8.552255118963744,6.415755603750902,496.00181025097714,1
12.166666666666666,8.552253555266608,6.415755653716589,496.00181187978694,1
12.183333333333334,8.552252022569597,6.415755702785846,496.00181347642837,1
12.2,8.55225052025581,6.415755750974807,496.00181504153926,1
12.216666666666667,8.552249047720672,6.415755798299328,496.0018165757452,1
12.233333333333333,8.552247604371676,6.415755844774915,496.0018180796585,1
12.25,8.55224618962814,6.415755890416867,496.00181955388,1
12.266666666666667,8.55224480292098,6.415755935240203,496.00182099899837,1
12.283333333333333,8.552243443692474,6.415755979259587,496.0018224155903,1
12.3,8.55224211139603,6.415756022489489,496.0018238042214,1
12.316666666666666,8.55224080549597,6.415756064944081,496.00182516544567,1
12.333333333333334,8.552239525467302,6.415756106637335,496.0018264998065,1
12.35,8.55223827079552,6.415756147582942,496.00182780783604,1
12.366666666666667,8.552237040976381,6.415756187794301,496.0018290900561,1
12.383333333333333,8.552235835515702,6.415756227284647,496.001830346978,1
12.4,8.552234653929169,6.41575626606694,496.0018315791033,1
12.416666666666666,8.552233495742124,6.4157563041538745,496.00183278692265,1
12.433333333333334,8.552232360489382,6.415756341557972,496.001833970918,1
12.45,8.552231247715044,6.415756378291479,496.00183513156105,1
12.466666666666667,8.552230156972293,6.415756414366472,496.0018362693143,1
12.483333333333333,8.552229087823237,6.415756449794766,496.00183738463124,1
12.5,8.552228039838718,6.415756484588005,496.0018384779559,1
12.516666666666667,8.55222701259813,6.415756518757589,496.00183954972397,1
12.533333333333333,8.55222600568926,6.415756552314721,496.0018406003623,1
12.55,8.552225018708114,6.41575658527037,496.00184163028894,1
12.566666666666666,8.552224051258756,6.4157566176354015,496.0018426399141,1
12.583333333333334,8.552223102953148,6.415756649420406,496.0018436296398,1
12.6,8.55222217341098,6.415756680635802,496.00184459985957,1
12.616666666666667,8.552221262259533,6.415756711291794,496.0018455509596,1
12.633333333333333,8.552220369133513,6.415756741398462,496.00184648331856,1
12.65,8.552219493674913,6.415756770965594,496.0018473973069,1
12.666666666666666,8.552218635532858,6.415756800003041,496.00184829328833,1
12.683333333333334,8.552217794363468,6.415756828520159,496.00184917161914,1
12.7,8.552216969829717,6.415756856526381,496.0018500326484,1
12.716666666666667,8.552216161601292,6.415756884030833,496.0018508767186,1
12.733333333333333,8.552215369354474,6.415756911042545,496.0018517041651,1
12.75,8.552214592771984,6.4157569375704,496.0018525153167,1
12.766666666666667,8.552213831542865,6.415756963622997,496.0018533104956,1
12.783333333333333,8.55221308536236,6.415756989208932,496.0018540900177,1
12.8,8.552212353931782,6.415757014336583,496.0018548541927,1
12.816666666666666,8.552211636958397,6.415757039014166,496.00185560332386,1
12.833333333333334,8.55221093415529,6.4157570632497585,496.00185633770883,1
12.85,8.552210245241278,6.415757087051262,496.0018570576389,1
12.866666666666667,8.55220956994077,6.415757110426543,496.00185776340027,1
12.883333333333333,8.55220890798366,6.415757133383203,496.0018584552727,1
12.9,8.552208259105232,6.415757155928721,496.0018591335307,1
12.916666666666666,8.552207623046026,6.4157571780705975,496.0018597984434,1
12.933333333333334,8.552206999551764,6.415757199815984,496.00186045027436,1
12.95,8.552206388373216,6.415757221171963,496.0018610892821,1
12.966666666666667,8.552205789266129,6.415757242145581,496.00186171572017,1
12.983333333333333,8.552205201991098,6.415757262743669,496.0018623298369,1
13.0,8.552204626313497,6.415757282973007,496.00186293187556,1
13.016666666666667,8.55220406200336,6.415757302840154,496.00186352207487,1
13.033333333333333,8.552203508835303,6.415757322351665,496.0018641006686,1
13.05,8.552202966588423,6.415757341513907,496.0018646678861,1
13.066666666666666,8.55220243504622,6.415757360333093,496.0018652239517,1
13.083333333333334,8.5522019139965,6.415757378815457,496.001865769086,1
13.1,8.552201403231287,6.415757396966976,496.00186630350464,1
13.116666666666667,8.552200902546751,6.415757414793578,496.0018668274191,1
13.133333333333333,8.552200411743105,6.415757432301176,496.0018673410371,1
13.15,8.552199930624546,6.41575744949542,496.0018678445615,1
13.166666666666666,8.552199458999166,6.415757466381934,496.0018683381919,1
13.183333333333334,8.552198996678866,6.415757482966299,496.00186882212347,1
13.2,8.552198543479298,6.4157574992538455,496.0018692965474,1
13.216666666666667,8.552198099219778,6.415757515249945,496.0018697616515,1
13.233333333333333,8.552197663723211,6.415757530959772,496.0018702176196,1
13.25,8.552197236816026,6.415757546388549,496.00187066463207,1
13.266666666666667,8.552196818328103,6.4157575615412465,496.0018711028656,1
13.283333333333333,8.552196408092707,6.415757576422858,496.0018715324933,1
13.3,8.552196005946412,6.415757591038215,496.0018719536848,1
13.316666666666666,8.552195611729045,6.415757605392131,496.0018723666069,1
13.333333333333334,8.552195225283619,6.415757619489197,496.00187277142226,1
13.35,8.552194846456262,6.415757633334098,496.001873168291,1
13.366666666666667,8.552194475096163,6.41575764693134,496.0018735573698,1
13.383333333333333,8.55219411105551,6.415757660285356,496.001873938812,1
13.4,8.552193754189423,6.4157576734005115,496.00187431276845,1
13.416666666666666,8.552193404355908,6.415757686281063,496.0018746793866,1
13.433333333333334,8.552193061415787,6.415757698931241,496.00187503881125,1
13.45,8.552192725232649,6.415757711355176,496.001875391184,1
13.466666666666667,8.552192395672792,6.415757723556907,496.0018757366439,1
13.483333333333333,8.55219207260517,6.415757735540423,496.0018760753273,1
13.5,8.552191755901342,6.415757747309663,496.00187640736755,1
13.516666666666667,8.552191445435417,6.415757758868431,496.0018767328956,1
13.533333333333333,8.552191141084004,6.41575777022049,496.00187705203984,1
13.55,8.552190842726164,6.41575778136959,496.001877364926,1
13.566666666666666,8.55219055024336,6.415757792319296,496.0018776716773,1
13.583333333333334,8.5521902635194,6.41575780307325,496.00187797241466,1
13.6,8.55218998244041,6.415757813634929,496.0018782672565,1
13.616666666666667,8.552189706894776,6.415757824007786,496.00187855631884,1
13.633333333333333,8.552189436773089,6.4157578341951815,496.00187883971574,1
13.65,8.552189171968127,6.415757844200453,496.00187911755853,1
13.666666666666666,8.552188912374785,6.415757854026876,496.00187938995657,1
13.683333333333334,8.552188657890046,6.415757863677629,496.0018796570171,1
13.7,8.552188408412942,6.415757873155835,496.0018799188452,1
13.716666666666667,8.552188163844505,6.415757882464656,496.0018801755439,1
13.733333333333333,8.552187924087729,6.415757891607081,496.0018804272141,1
13.75,8.552187689047539,6.415757900586113,496.00188067395476,1
13.766666666666667,8.55218745863074,6.415757909404648,496.00188091586284,1
13.783333333333333,8.55218723274599,6.4157579180655535,496.00188115303354,1
13.8,8.552187011303756,6.415757926571725,496.0018813855602,1
13.816666666666666,8.552186794216283,6.4157579349258445,496.0018816135337,1
13.833333333333334,8.552186581397557,6.415757943130674,496.0018818370441,1
13.85,8.55218637276327,6.4157579511888665,496.0018820561788,1
13.866666666666667,8.552186168230781,6.415757959103091,496.00188227102404,1
13.883333333333333,8.552185967719094,6.415757966875896,496.0018824816644,1
13.9,8.552185771148814,6.415757974509818,496.00188268818226,1
13.916666666666666,8.552185578442126,6.415757982007315,496.0018828906588,1
13.933333333333334,8.552185389522752,6.415757989370874,496.0018830891735,1
13.95,8.55218520431593,6.41575799660284,496.00188328380415,1
13.966666666666667,8.552185022748375,6.415758003705626,496.00188347462716,1
13.983333333333333,8.552184844748261,6.415758010681508,496.00188366171744,1
14.0,8.55218467024518,6.41575801753279,496.0018838451482,1
14.016666666666667,8.552184499170126,6.415758024261679,496.0018840249916,1
14.033333333333333,8.55218433145545,6.4157580308703475,496.0018842013179,1
14.05,8.552184167034854,6.4157580373609635,496.0018843741962,1
14.066666666666666,8.552184005843348,6.415758043735663,496.00188454369453,1
14.083333333333334,8.552183847817226,6.415758049996508,496.00188470987905,1
14.1,8.552183692894054,6.415758056145509,496.00188487281486,1
14.116666666666667,8.552183541012626,6.415758062184697,496.00188503256584,1
14.133333333333333,8.552183392112955,6.415758068116013,496.00188518919447,1
14.15,8.552183246136236,6.415758073941413,496.0018853427622,1
14.166666666666666,8.552183103024833,6.415758079662751,496.001885493329,1
14.183333333333334,8.552182962722245,6.4157580852819365,496.00188564095373,1
14.2,8.5521828251731,6.415758090800774,496.00188578569424,1
14.216666666666667,8.552182690323113,6.415758096221063,496.0018859276073,1
14.233333333333333,8.552182558119078,6.415758101544539,496.0018860667483,1
14.25,8.552182428508843,6.4157581067729925,496.00188620317164,1
14.266666666666667,8.552182301441283,6.415758111908101,496.0018863369306,1
14.283333333333333,8.552182176866292,6.415758116951508,496.00188646807754,1
14.3,8.55218205473475,6.415758121904876,496.0018865966636,1
14.316666666666666,8.552181934998512,6.415758126769799,496.0018867227392,1
14.333333333333334,8.552181817610386,6.41575813154786,496.00188684635356,1
14.35,8.552181702524113,6.415758136240616,496.0018869675548,1
14.366666666666667,8.552181589694348,6.415758140849585,496.00188708639035,1
14.383333333333333,8.552181479076644,6.41575814537629,496.0018872029067,1
14.4,8.552181370627432,6.415758149822216,496.0018873171492,1
14.416666666666666,8.55218126430401,6.415758154188768,496.0018874291627,1
14.433333333333334,8.552181160064514,6.415758158477363,496.00188753899045,1
14.45,8.55218105786791,6.415758162689433,496.00188764667564,1
14.466666666666667,8.55218095767398,6.415758166826297,496.0018877522603,1
14.483333333333333,8.552180859443292,6.41575817088936,496.00188785578547,1
14.5,8.552180763137203,6.4157581748798815,496.00188795729144,1
14.516666666666667,8.552180668717828,6.415758178799208,496.00188805681796,1
14.533333333333333,8.552180576148032,6.415758182648584,496.00188815440373,1
14.55,8.55218048539142,6.4157581864292155,496.0018882500868,1
14.566666666666666,8.552180396412306,6.415758190142435,496.0018883439044,1
14.583333333333334,8.552180309175716,6.4157581937893475,496.00188843589314,1
14.6,8.552180223647365,6.415758197371227,496.0018885260889,1
14.616666666666667,8.55218013979365,6.4157582008891625,496.00188861452665,1
14.633333333333333,8.552180057581626,6.415758204344333,496.001888701241,1
14.65,8.552179976979003,6.415758207737853,496.0018887862657,1
14.666666666666666,8.552179897954122,6.41575821107087,496.0018888696337,1
14.683333333333334,8.552179820475962,6.415758214344351,496.0018889513774,1
14.7,8.5521797445141,6.415758217559469,496.00188903152883,1
14.716666666666667,8.552179670038727,6.415758220717232,496.001889110119,1
14.733333333333333,8.552179597020615,6.415758223818637,496.00188918717845,1
14.75,8.552179525431114,6.415758226864737,496.0018892627372,1
14.766666666666667,8.552179455242142,6.415758229856499,496.00188933682466,1
14.783333333333333,8.552179386426168,6.415758232794875,496.0018894094696,1
14.8,8.552179318956211,6.415758235680813,496.00188948070013,1
14.816666666666666,8.552179252805818,6.415758238515304,496.00188955054404,1
14.833333333333334,8.552179187949056,6.415758241299241,496.00188961902836,1
14.85,8.552179124360508,6.415758244033517,496.0018896861799,1
14.866666666666667,8.552179062015256,6.415758246719035,496.0018897520245,1
14.883333333333333,8.552179000888875,6.415758249356635,496.00188981658795,1
14.9,8.552178940957424,6.415758251947193,496.00188987989515,1
14.916666666666666,8.55217888219743,6.4157582544915766,496.0018899419706,1
14.933333333333334,8.552178824648681,6.415758256990572,496.0018900025743,1
14.95,8.552178768223413,6.415758259435702,496.001890062047,1
14.966666666666667,8.552178712899824,6.41575826183737,496.00189012040346,1
14.983333333333333,8.552178658656295,6.415758264197579,496.0018901776559,1
15.0,8.552178605471603,6.415758266517038,496.001890233818,1
15.016666666666667,8.552178553324946,6.415758268796304,496.00189028890514,1
15.033333333333333,8.552178502195938,6.415758271035886,496.0018903429342,1
15.05,8.552178452064599,6.415758273236334,496.0018903959226,1
15.066666666666666,8.552178402911343,6.4157582753981375,496.00189044788834,1
15.083333333333334,8.552178354716986,6.415758277521886,496.0018904988499,1
15.1,8.552178307462714,6.41575827960815,496.00189054882543,1
15.116666666666667,8.552178261130088,6.415758281657528,496.0018905978334,1
15.133333333333333,8.552178215701042,6.415758283670602,496.00189064589193,1
15.15,8.55217817115786,6.415758285647994,496.0018906930192,1
15.166666666666666,8.552178127483181,6.4157582875903065,496.001890739233,1
15.183333333333334,8.552178084659976,6.41575828949812,496.0018907845507,1
15.2,8.552178042671567,6.415758291371999,496.0018908289898,1
15.216666666666667,8.552178001501597,6.415758293212575,496.0018908725672,1
15.233333333333333,8.55217796113403,6.415758295020372,496.00189091529967,1
15.25,8.55217792155315,6.415758296796083,496.00189095720356,1
15.266666666666667,8.55217788274355,6.415758298540128,496.0018909982949,1
15.283333333333333,8.552177844690123,6.415758300253192,496.0018910385896,1
15.3,8.552177807378063,6.415758301935709,496.00189107810303,1
15.316666666666666,8.552177770792854,6.415758303588283,496.0018911168506,1
15.333333333333334,8.552177734920267,6.415758305211442,496.00189115484693,1
15.35,8.552177699746348,6.415758306805679,496.00189119210694,1
15.366666666666667,8.552177665257426,6.415758308371548,496.0018912286447,1
15.383333333333333,8.55217763144009,6.41575830990954,496.00189126447447,1
15.4,8.552177598281201,6.415758311420172,496.00189129961,1
15.416666666666666,8.55217756576787,6.415758312903865,496.00189133406474,1
15.433333333333334,8.55217753388747,6.41575831436111,496.00189136785195,1
15.45,8.552177502627618,6.415758315792461,496.00189140098473,1
15.466666666666667,8.552177471976169,6.415758317198262,496.00189143347575,1
15.483333333333333,8.552177441921229,6.415758318579051,496.00189146533745,1
15.5,8.552177412451126,6.415758319935257,496.0018914965822,1
15.516666666666667,8.552177383554426,6.415758321267321,496.0018915272219,1
15.533333333333333,8.552177355219913,6.4157583225756385,496.0018915572684,1
15.55,8.552177327436596,6.41575832386067,496.00189158673317,1
15.566666666666666,8.5521773001937,6.4157583251228365,496.0018916156277,1
15.583333333333334,8.552177273480655,6.4157583263624876,496.0018916439629,1
15.6,8.55217724728711,6.415758327580068,496.0018916717497,1
15.616666666666667,8.552177221602909,6.4157583287759765,496.00189169899875,1
15.633333333333333,8.552177196418093,6.4157583299506085,496.0018917257205,1
15.65,8.55217717172291,6.415758331104295,496.00189175192537,1
15.666666666666666,8.552177147507788,6.415758332237457,496.0018917776233,1
15.683333333333334,8.55217712376335,6.415758333350425,496.00189180282416,1
15.7,8.5521771004804,6.415758334443577,496.0018918275376,1
15.716666666666667,8.55217707764992,6.415758335517284,496.001891851773,1
15.733333333333333,8.552177055263078,6.41575833657189,496.00189187553985,1
15.75,8.552177033311203,6.415758337607683,496.0018918988471,1
15.766666666666667,8.552177011785805,6.415758338625023,496.00189192170365,1
15.783333333333333,8.552176990678557,6.415758339624279,496.0018919441185,1
15.8,8.552176969981291,6.415758340605723,496.0018919661,1
15.816666666666666,8.552176949686006,6.415758341569708,496.0018919876567,1
15.833333333333334,8.552176929784853,6.415758342516539,496.00189200879663,1
15.85,8.552176910270138,6.415758343446523,496.0018920295283,1
15.866666666666667,8.552176891134318,6.415758344359945,496.00189204985924,1
15.883333333333333,8.552176872370003,6.415758345257098,496.0018920697975,1
15.9,8.552176853969941,6.415758346138258,496.0018920893505,1
15.916666666666666,8.552176835927026,6.415758347003724,496.0018921085259,1
15.933333333333334,8.552176818234292,6.415758347853838,496.001892127331,1
15.95,8.5521768008849,6.415758348688799,496.00189214577307,1
15.966666666666667,8.552176783872161,6.415758349508876,496.00189216385905,1
15.983333333333333,8.552176767189506,6.415758350314364,496.00189218159574,1
16.0,8.552176750830496,6.4157583511055245,496.00189219898994,1
16.016666666666666,8.552176734788821,6.415758351882585,496.0018922160484,1
16.033333333333335,8.552176719058295,6.415758352645861,496.00189223277766,1
16.05,8.552176703632847,6.415758353395504,496.00189224918404,1
16.066666666666666,8.552176688506538,6.415758354131826,496.00189226527385,1
16.083333333333332,8.55217667367353,6.415758354855031,496.0018922810532,1
16.1,8.552176659128108,6.415758355565393,496.0018922965281,1
16.116666666666667,8.552176644864668,6.415758356263049,496.00189231170447,1
16.133333333333333,8.552176630877716,6.4157583569483565,496.00189232658806,1
16.15,8.552176617161862,6.41575835762146,496.00189234118466,1
16.166666666666668,8.552176603711827,6.4157583582825835,496.0018923554998,1
16.183333333333334,8.552176590522429,6.415758358931919,496.00189236953895,1
16.2,8.552176577588591,6.415758359569693,496.00189238330734,1
16.216666666666665,8.55217656490534,6.41575836019617,496.0018923968103,1
16.233333333333334,8.552176552467792,6.415758360811475,496.001892410053,1
16.25,8.552176540271164,6.415758361415825,496.00189242304043,1
16.266666666666666,8.552176528310765,6.415758362009406,496.00189243577745,1
16.283333333333335,8.552176516581994,6.415758362592433,496.00189244826913,1
16.3,8.552176505080343,6.4157583631651045,496.0018924605203,1
16.316666666666666,8.552176493801392,6.4157583637275435,496.00189247253513,1
16.333333333333332,8.552176482740805,6.415758364280006,496.0018924843186,1
16.35,8.552176471894331,6.41575836482262,496.001892495875,1
16.366666666666667,8.552176461257806,6.415758365355627,496.00189250720905,1
16.383333333333333,8.552176450827144,6.4157583658791255,496.00189251832467,1
16.4,8.55217644059834,6.4157583663933115,496.0018925292262,1
16.416666666666668,8.552176430567464,6.415758366898345,496.001892539918,1
16.433333333333334,8.552176420730671,6.415758367394374,496.00189255040397,1
16.45,8.552176411084183,6.415758367881614,496.00189256068796,1
16.466666666666665,8.552176401624296,6.415758368360163,496.001892570774,1
16.483333333333334,8.552176392347388,6.415758368830222,496.001892580666,1
16.5,8.552176383249895,6.415758369291925,496.0018925903676,1
16.516666666666666,8.552176374328331,6.415758369745351,496.00189259988264,1
16.533333333333335,8.552176365579278,6.415758370190769,496.00189260921445,1
16.55,8.55217635699938,6.415758370628275,496.0018926183668,1
16.566666666666666,8.55217634858535,6.415758371057975,496.00189262734307,1
16.583333333333332,8.552176340333967,6.415758371480034,496.0018926361468,1
16.6,8.552176332242066,6.4157583718945945,496.00189264478115,1
16.616666666666667,8.552176324306549,6.415758372301746,496.0018926532494,1
16.633333333333333,8.552176316524378,6.41575837270171,496.0018926615549,1
16.65,8.552176308892575,6.415758373094536,496.00189266970074,1
16.666666666666668,8.552176301408217,6.415758373480368,496.00189267768997,1
16.683333333333334,8.552176294068445,6.4157583738593384,496.0018926855258,1
16.7,8.552176286870447,6.415758374231551,496.00189269321083,1
16.716666666666665,8.552176279811473,6.415758374597219,496.0018927007483,1
16.733333333333334,8.55217627288882,6.415758374956341,496.0018927081408,1
16.75,8.552176266099845,6.415758375309079,496.00189271539136,1
16.766666666666666,8.552176259441946,6.415758375655528,496.0018927225026,1
16.783333333333335,8.552176252912586,6.41575837599583,496.0018927294773,1
16.8,8.552176246509267,6.415758376330079,496.001892736318,1
16.816666666666666,8.552176240229544,6.415758376658393,496.0018927430273,1
16.833333333333332,8.55217623407102,6.415758376980853,496.0018927496078,1
16.85,8.552176228031337,6.4157583772975935,496.0018927560619,1
16.866666666666667,8.552176222108193,6.415758377608717,496.0018927623922,1
16.883333333333333,8.55217621629933,6.415758377914295,496.00189276860084,1
16.9,8.552176210602529,6.415758378214448,496.0018927746905,1
16.916666666666668,8.552176205015616,6.415758378509205,496.00189278066307,1
16.933333333333334,8.552176199536463,6.41575837879875,496.0018927865212,1
16.95,8.552176194162978,6.41575837908315,496.0018927922668,1
16.966666666666665,8.552176188893112,6.415758379362532,496.0018927979022,1
16.983333333333334,8.552176183724855,6.4157583796369355,496.0018928034295,1
17.0,8.55217617865624,6.415758379906435,496.00189280885076,1
17.016666666666666,8.552176173685332,6.415758380171179,496.0018928141681,1
17.033333333333335,8.55217616881024,6.4157583804312015,496.00189281938356,1
17.05,8.552176164029108,6.415758380686574,496.0018928244988,1
17.066666666666666,8.552176159340116,6.415758380937445,496.0018928295161,1
17.083333333333332,8.552176154741472,6.415758381183846,496.0018928344372,1
17.1,8.552176150231436,6.4157583814258485,496.00189283926375,1
17.116666666666667,8.552176145808282,6.415758381663558,496.00189284399806,1
17.133333333333333,8.552176141470332,6.415758381897047,496.0018928486415,1
17.15,8.552176137215934,6.415758382126378,496.0018928531959,1
17.166666666666668,8.552176133043474,6.415758382351664,496.0018928576632,1
17.183333333333334,8.55217612895136,6.415758382572919,496.0018928620449,1
17.2,8.552176124938041,6.4157583827902505,496.00189286634253,1
17.216666666666665,8.552176121001986,6.415758383003696,496.0018928705578,1
17.233333333333334,8.552176117141704,6.415758383213389,496.0018928746925,1
17.25,8.552176113355728,6.415758383419301,496.001892878748,1
17.266666666666666,8.552176109642618,6.415758383621603,496.00189288272566,1
17.283333333333335,8.552176106000966,6.415758383820317,496.00189288662733,1
17.3,8.552176102429385,6.4157583840154615,496.00189289045426,1
17.316666666666666,8.552176098926527,6.415758384207113,496.0018928942079,1
17.333333333333332,8.552176095491054,6.415758384395408,496.0018928978898,1
17.35,8.55217609212167,6.415758384580366,496.0018929015012,1
17.366666666666667,8.552176088817092,6.415758384762043,496.00189290504346,1
17.383333333333333,8.552176085576068,6.415758384940444,496.0018929085179,1
17.4,8.55217608239737,6.415758385115725,496.001892911926,1
17.416666666666668,8.55217607927979,6.41575838528786,496.00189291526874,1
17.433333333333334,8.552176076222146,6.415758385456909,496.00189291854764,1
17.45,8.552176073223286,6.415758385622976,496.0018929217637,1
17.466666666666665,8.552176070282071,6.415758385786106,496.0018929249184,1
17.483333333333334,8.552176067397387,6.415758385946306,496.0018929280127,1
17.5,8.552176064568137,6.415758386103707,496.00189293104785,1
17.516666666666666,8.552176061793254,6.415758386258308,496.001892934025,1
17.533333333333335,8.552176059071687,6.4157583864101495,496.0018929369452,1
17.55,8.552176056402404,6.415758386559297,496.0018929398097,1
17.566666666666666,8.552176053784395,6.4157583867057895,496.0018929426193,1
17.583333333333332,8.552176051216673,6.4157583868496575,496.00189294537535,1
17.6,8.552176048698264,6.415758386990997,496.0018929480787,1
17.616666666666667,8.552176046228219,6.415758387129833,496.0018929507305,1
17.633333333333333,8.552176043805602,6.415758387266209,496.0018929533315,1
17.65,8.552176041429492,6.415758387400139,496.00189295588285,1
17.666666666666668,8.552176039099,6.415758387531695,496.0018929583855,1
17.683333333333334,8.55217603681324,6.41575838766092,496.00189296084034,1
17.7,8.552176034571353,6.41575838778783,496.0018929632483,1
17.716666666666665,8.552176032372488,6.415758387912478,496.00189296561024,1
17.733333333333334,8.552176030215817,6.415758388034952,496.0018929679272,1
17.75,8.552176028100526,6.415758388155222,496.00189297019983,1
17.766666666666666,8.552176026025814,6.415758388273347,496.0018929724291,1
17.783333333333335,8.552176023990901,6.415758388389414,496.00189297461594,1
17.8,8.552176021995018,6.415758388503381,496.00189297676087,1
17.816666666666666,8.552176020037415,6.415758388615345,496.00189297886504,1
17.833333333333332,8.55217601811735,6.415758388725304,496.00189298092903,1
17.85,8.552176016234105,6.415758388833329,496.0018929829535,1
17.866666666666667,8.55217601438696,6.4157583889394365,496.00189298493945,1
17.883333333333333,8.552176012575229,6.415758389043658,496.0018929868876,1
17.9,8.552176010798226,6.415758389146006,496.00189298879855,1
17.916666666666668,8.552176009055279,6.415758389246558,496.0018929906731,1
17.933333333333334,8.552176007345732,6.415758389345301,496.00189299251196,1
17.95,8.552176005668944,6.41575838944231,496.00189299431565,1
17.966666666666665,8.552176004024284,6.415758389537604,496.001892996085,1
17.983333333333334,8.552176002411132,6.415758389631193,496.00189299782056,1
18.0,8.552176000828878,6.415758389723133,496.00189299952314,1
18.016666666666666,8.55217599927693,6.415758389813455,496.00189300119325,1
18.033333333333335,8.552175997754704,6.415758389902112,496.0018930028315,1
18.05,8.55217599626163,6.41575838998922,496.00189300443856,1
18.066666666666666,8.55217599479714,6.415758390074796,496.00189300601494,1
18.083333333333332,8.552175993360693,6.415758390074796,496.0018930074773,1
18.1,8.552175991953852,6.415758390074796,496.00189300890275,1
18.116666666666667,8.552175990576014,6.415758390074796,496.001893010294,1
18.133333333333333,8.552175989226578,6.415758390074796,496.0018930116531,1
18.15,8.552175987904958,6.415758390074796,496.0018930129818,1
18.166666666666668,8.552175986610578,6.415758390074796,496.00189301428134,1
18.183333333333334,8.552175985342883,6.415758390074796,496.00189301555264,1
18.2,8.552175984101318,6.415758390074796,496.0018930167968,1
18.216666666666665,8.552175982885345,6.415758390074796,496.00189301801464,1
18.233333333333334,8.55217598169444,6.415758390074796,496.0018930192068,1
18.25,8.552175980528082,6.415758390074796,496.0018930203742,1
18.266666666666666,8.552175979385769,6.415758390074796,496.0018930215173,1
18.283333333333335,8.552175978267,6.415758390074796,496.0018930226364,1
18.3,8.552175977171293,6.415758390074796,496.00189302373246,1
18.316666666666666,8.552175976098175,6.415758390074796,496.0018930248058,1
18.333333333333332,8.552175975047174,6.415758390074796,496.001893025857,1
18.35,8.552175974017839,6.415758390074796,496.0018930268865,1
18.366666666666667,8.552175973009724,6.415758390074796,496.00189302789465,1
18.383333333333333,8.552175972022388,6.415758390074796,496.0018930288821,1
18.4,8.552175971055405,6.415758390074796,496.00189302984916,1
18.416666666666668,8.552175970108355,6.415758390074796,496.0018930307962,1
18.433333333333334,8.552175969180826,6.415758390074796,496.0018930317237,1
18.45,8.552175968272417,6.415758390074796,496.00189303263215,1
18.466666666666665,8.552175967382734,6.415758390074796,496.0018930335218,1
18.483333333333334,8.552175966511388,6.415758390074796,496.0018930343931,1
18.5,8.552175965658005,6.415758390074796,496.00189303524655,1
18.516666666666666,8.552175964822212,6.415758390074796,496.0018930360823,1
18.533333333333335,8.55217596400365,6.415758390074796,496.0018930369009,1
18.55,8.552175963201961,6.415758390074796,496.0018930377026,1
18.566666666666666,8.552175962416797,6.415758390074796,496.00189303848776,1
18.583333333333332,8.55217596164782,6.415758390074796,496.00189303925674,1
18.6,8.55217596089469,6.415758390074796,496.00189304000986,1
18.616666666666667,8.552175960157088,6.415758390074796,496.0018930407474,1
18.633333333333333,8.552175959434688,6.415758390074796,496.0018930414698,1
18.65,8.552175958727181,6.415758390074796,496.00189304217736,1
18.666666666666668,8.552175958034258,6.415758390074796,496.0018930428703,1
18.683333333333334,8.552175957355619,6.415758390074796,496.001893043549,1
18.7,8.552175956690967,6.415758390074796,496.0018930442136,1
18.716666666666665,8.552175956040017,6.415758390074796,496.0018930448645,1
18.733333333333334,8.552175955402483,6.415758390074796,496.0018930455021,1
18.75,8.552175954778093,6.415758390074796,496.00189304612644,1
18.766666666666666,8.552175954166575,6.415758390074796,496.001893046738,1
18.783333333333335,8.552175953567659,6.415758390074796,496.00189304733686,1
18.8,8.552175952981091,6.415758390074796,496.0018930479235,1
18.816666666666666,8.552175952406614,6.415758390074796,496.00189304849795,1
18.833333333333332,8.55217595184398,6.415758390074796,496.00189304906064,1
18.85,8.552175951292941,6.415758390074796,496.0018930496116,1
18.866666666666667,8.552175950753263,6.415758390074796,496.0018930501513,1
18.883333333333333,8.55217595022471,6.415758390074796,496.0018930506799,1
18.9,8.55217594970705,6.415758390074796,496.0018930511975,1
18.916666666666668,8.552175949200064,6.415758390074796,496.0018930517045,1
18.933333333333334,8.552175948703528,6.415758390074796,496.00189305220107,1
18.95,8.552175948217226,6.415758390074796,496.0018930526873,1
18.966666666666665,8.552175947740949,6.415758390074796,496.0018930531636,1
18.983333333333334,8.552175947274488,6.415758390074796,496.00189305363006,1
19.0,8.552175946817643,6.415758390074796,496.0018930540869,1
19.016666666666666,8.552175946370218,6.415758390074796,496.0018930545343,1
19.033333333333335,8.552175945932014,6.415758390074796,496.0018930549725,1
19.05,8.552175945502842,6.415758390074796,496.0018930554017,1
19.066666666666666,8.552175945082517,6.415758390074796,496.00189305582205,1
19.083333333333332,8.552175944670855,6.415758390074796,496.0018930562337,1
19.1,8.55217594426768,6.415758390074796,496.0018930566369,1
19.116666666666667,8.552175943872816,6.415758390074796,496.0018930570318,1
19.133333333333333,8.552175943486091,6.415758390074796,496.0018930574185,1
19.15,8.55217594310734,6.415758390074796,496.00189305779725,1
19.166666666666668,8.552175942736394,6.415758390074796,496.0018930581682,1
19.183333333333334,8.552175942373097,6.415758390074796,496.0018930585315,1
19.2,8.552175942017287,6.415758390074796,496.00189305888733,1
19.216666666666665,8.552175941668812,6.415758390074796,496.0018930592358,1
19.233333333333334,8.55217594132752,6.415758390074796,496.00189305957707,1
19.25,8.552175940993262,6.415758390074796,496.0018930599113,1
19.266666666666666,8.552175940665894,6.415758390074796,496.0018930602387,1
19.283333333333335,8.552175940345276,6.415758390074796,496.0018930605593,1
19.3,8.552175940031267,6.415758390074796,496.0018930608733,1
19.316666666666666,8.55217593972373,6.415758390074796,496.0018930611808,1
19.333333333333332,8.552175939422533,6.415758390074796,496.001893061482,1
19.35,8.552175939127544,6.415758390074796,496.001893061777,1
19.366666666666667,8.552175938838634,6.415758390074796,496.00189306206596,1
19.383333333333333,8.552175938555681,6.415758390074796,496.00189306234887,1
19.4,8.55217593827856,6.415758390074796,496.001893062626,1
19.416666666666668,8.552175938007151,6.415758390074796,496.0018930628974,1
19.433333333333334,8.552175937741339,6.415758390074796,496.0018930631632,1
19.45,8.552175937481005,6.415758390074796,496.0018930634235,1
19.466666666666665,8.552175937226039,6.415758390074796,496.0018930636785,1
19.483333333333334,8.552175936976326,6.415758390074796,496.00189306392815,1
19.5,8.55217593673176,6.415758390074796,496.00189306417275,1
19.516666666666666,8.552175936492237,6.415758390074796,496.00189306441223,1
19.533333333333335,8.552175936257651,6.415758390074796,496.0018930646468,1
19.55,8.552175936027899,6.415758390074796,496.0018930648766,1
19.566666666666666,8.552175935802886,6.415758390074796,496.0018930651016,1
19.583333333333332,8.55217593558251,6.415758390074796,496.001893065322,1
19.6,8.552175935366677,6.415758390074796,496.00189306553784,1
19.616666666666667,8.552175935155294,6.415758390074796,496.0018930657492,1
19.633333333333333,8.552175934948268,6.415758390074796,496.0018930659562,1
19.65,8.552175934745511,6.415758390074796,496.0018930661589,1
19.666666666666668,8.55217593454693,6.415758390074796,496.0018930663576,1
19.683333333333334,8.552175934352443,6.415758390074796,496.00189306655204,1
19.7,8.552175934161967,6.415758390074796,496.0018930667425,1
19.716666666666665,8.552175933975416,6.415758390074796,496.0018930669291,1
19.733333333333334,8.55217593379271,6.415758390074796,496.0018930671118,1
19.75,8.552175933613771,6.415758390074796,496.0018930672907,1
19.766666666666666,8.55217593343852,6.415758390074796,496.00189306746597,1
19.783333333333335,8.55217593326688,6.415758390074796,496.0018930676376,1
19.8,8.552175933098779,6.415758390074796,496.00189306780567,1
19.816666666666666,8.552175932934146,6.415758390074796,496.00189306797034,1
19.833333333333332,8.552175932772904,6.415758390074796,496.00189306813155,1
19.85,8.552175932614988,6.415758390074796,496.00189306828946,1
19.866666666666667,8.552175932460326,6.415758390074796,496.00189306844413,1
19.883333333333333,8.55217593230885,6.415758390074796,496.0018930685956,1
19.9,8.552175932160496,6.415758390074796,496.0018930687439,1
19.916666666666668,8.552175932015201,6.415758390074796,496.0018930688892,1
19.933333333333334,8.552175931872902,6.415758390074796,496.00189306903155,1
19.95,8.552175931733538,6.415758390074796,496.0018930691709,1
19.966666666666665,8.552175931597045,6.415758390074796,496.00189306930736,1
19.983333333333334,8.552175931463367,6.415758390074796,496.00189306944105,1
20.0,8.552175931332444,6.415758390074796,496.00189306957196,1
20.016666666666666,8.563223009512734,5.9766873335277335,495.51572319502236,0
20.033333333333335,8.588493136120327,5.405317032532677,494.8428373380183,0
20.05,8.626823610126305,4.8739933450001,494.1656490082811,0
20.066666666666666,8.676150695177858,4.420387450609589,493.5331323188127,0
20.083333333333332,8.734607748317567,4.0383668945167805,492.94775907457193,0
20.1,8.800705360550891,3.7141385674673986,492.4016916453637,0
20.116666666666667,8.873282943044549,3.435425510901366,491.88669488763566,0
20.133333333333333,8.951430785318387,3.1927701231560173,491.39607050150295,0
20.15,9.034425431303482,2.9791006579044956,490.92465845713974,0
20.166666666666668,9.121682232968665,2.7891116414036765,490.4685008442873,0
20.183333333333334,9.212721424833331,2.61876689246735,490.02452799513463,0
20.2,9.307143798445876,2.4649440988812037,489.5903223165622,0
20.216666666666665,9.404613033493861,2.325187340088247,489.16394961730305,0
20.233333333333334,9.504842656136695,2.1975345566141886,488.7438395194495,0
20.25,9.607586252907028,2.080395859271838,488.32869993836107,0
20.266666666666666,9.712630010767061,1.9724663679104244,487.9174550416014,0
20.283333333333335,9.819786946374359,1.8726627570263958,487.5091995151561,0
20.3,9.928892381572798,1.7800763159019222,487.1031643109022,0
20.316666666666666,10.039800352149145,1.6939376946495721,486.6986906045926,0
20.333333333333332,10.152380725291106,1.6135900495433095,486.29520971915775,0
20.35,10.266516862191269,1.5384683167601083,485.8922274488299,0
20.366666666666667,10.382103704990602,1.468083021546133,485.48931167690864,0
20.383333333333333,10.499046197652369,1.402007488779741,485.0860824916146,0
20.4,10.617257972275143,1.3398676362131772,484.6822042200566,0
20.416666666666668,10.736660248366666,1.2813337514240584,484.2773789516954,0
20.433333333333334,10.857180904444435,1.2261138087845291,483.8713412304999,0
20.45,10.978753690190935,1.17394799392403,483.46385367283284,0
20.466666666666665,11.101317554094353,1.124604183743915,483.05470332504564,0
20.483333333333334,11.22481606662626,1.077874189139569,482.64369861689966,0
20.5,11.349196922957058,1.0335706114058982,482.23066679848733,0
20.516666666666666,11.474411512282561,0.9915241961313511,481.8154517721874,0
20.533333333333335,11.600414543245458,0.9515815932211052,481.3979122494201,0
20.55,11.727163716841,0.9136034506504196,480.97792017602177,0
20.566666666666666,11.854619439713696,0.8774627841496655,480.55535938098177,0
20.583333333333332,11.982744571968585,0.8430435763567989,480.13012441184395,0
20.6,12.111504189388269,0.8102395678397731,479.70211975813993,0
20.616666666666667,12.24086543287042,0.7789532105922595,479.27125826536616,0
20.633333333333333,12.37079728607625,0.7490947529496133,478.83746109855497,0
20.65,12.501270435745596,0.7205814469021444,478.4006568258515,0
20.666666666666668,12.632257132578266,0.6933368497528841,477.9607808301836,0
20.683333333333334,12.763731066706688,0.6672902107364681,477.51777479096745,0
20.7,12.89566725595619,0.6423759300858786,477.07158622542005,0
20.716666666666665,13.02804194534674,0.6185330805046028,476.6221680811096,0
20.733333333333334,13.160832516504438,0.5957049826250095,476.1694783727027,0
20.75,13.29401740583203,0.5738388273328183,475.71347985692853,0
20.766666666666666,13.427576030440566,0.5528853389084669,475.2541397406608,0
20.783333333333335,13.561488720974614,0.53279847382651,474.7914294177593,0
20.8,13.695736660574209,0.5135351507977256,474.32532423093215,0
20.816666666666666,13.830301829311713,0.49505500826220006,473.85580325540235,0
20.833333333333332,13.965166953523223,0.477320186066686,473.38284910160723,0
20.85,14.100315459524316,0.4602951285031543,472.9064477345369,0
20.866666666666667,14.235731431260486,0.4439464062615748,472.4265883076386,0
20.883333333333333,14.371399571495168,0.4282425551699807,471.94326300948893,0
20.9,14.507305166183652,0.4131539298678822,471.45646692167463,0
20.916666666666668,14.64343405172105,0.3986525707929357,470.96619788652407,0
20.933333333333334,14.779772584786897,0.3847120830614267,470.47245638350665,0
20.95,14.916307614539445,0.3713075259959626,469.9752454132726,0
20.966666666666665,15.053026456939106,0.3584153122029281,469.4745703884355,0
20.983333333333334,15.189916871003998,0.34601311523146855,468.970439030314,0
21.0,15.326967036821005,0.33407978495777524,468.46286127095345,0
21.016666666666666,15.464165535153999,0.32259526993602455,467.95184915982946,0
21.033333333333335,15.601501328506915,0.3115405460423241,467.43741677471826,0
21.05,15.738963743513573,0.30089755081236635,466.9195801362821,0
21.066666666666666,15.876542454538885,0.29064912293858397,466.3983571259771,0
21.083333333333332,16.01422746838726,0.28077894644980483,465.8737674069452,0
21.1,16.152009110024053,0.27127149914668125,465.3458323475942,0
21.116666666666667,16.28987800922494,0.2621120049104958,464.81457494761236,0
21.133333333333333,16.427825088076,0.25328638954212973,464.2800197661978,0
21.15,16.56584154925469,0.24478123982265687,463.7421928523152,0
21.166666666666668,16.703918865027937,0.2365837655177103,463.2011216768186,0
21.183333333333334,16.84204876690988,0.2286817640751241,462.65683506630273,0
21.2,16.98022323592657,0.22106358778961274,462.1093631385692,0
21.216666666666665,17.118434493439878,0.2137181132299176,461.5587372396075,0
21.233333333333334,17.256674992487092,0.20663471274316436,461.0049898820116,0
21.25,17.394937409596327,0.19980322786848817,460.4481546847646,0
21.266666666666666,17.533214637041638,0.19321394450743845,459.8882663143358,0
21.283333333333335,17.671499775504575,0.1868575697125949,459.32536042704646,0
21.3,17.809786127112023,0.18072520996826824,458.75947361267026,0
21.316666666666666,17.94806718882254,0.17480835084839966,458.190643339238,0
21.333333333333332,18.086336646135933,0.16909883794689717,457.6189078990297,0
21.35,18.224588367102832,0.16358885898471787,457.0443063557362,0
21.366666666666667,18.362816396613027,0.15827092700629855,456.46687849278067,0
21.383333333333333,18.5010149509431,0.15313786458534023,455.886664762794,0
21.4,18.639178412545494,0.1481827889666992,455.30370623823956,0
21.416666666666668,18.777301325062616,0.14339909807728152,454.7180445631873,0
21.433333333333334,18.915378388550984,0.13878045734433037,454.1297219062363,0
21.45,19.05340445490157,0.13432078726456803,453.53878091459046,0
21.466666666666665,19.191374523443713,0.13001425167222294,452.9452646692869,0
21.483333333333334,19.32928373672086,0.12585524665812645,452.3492166415837,0
21.5,19.467127376427594,0.12183839009589352,451.7506806505086,0
21.516666666666666,19.604900859497885,0.117958511734617,451.14970082157225,0
21.533333333333335,19.74259973433568,0.11421064382070892,450.54632154665006,0
21.55,19.88021967717945,0.11059001221437666,449.9405874450335,0
21.566666666666666,20.01775648859289,0.10709202796887825,449.33254332565383,0
21.583333333333332,20.15520609007496,0.10371227934311064,448.72223415047716,0
21.6,20.292564520782456,0.1004465242202847,448.1097049990726,0
21.616666666666667,20.42982793435928,0.0972906829074836,447.4950010343492,0
21.633333333333333,20.566992595866846,0.09424083129274151,446.8781674694605,0
21.65,20.704054878810425,0.0912931943379928,446.25924953587247,0
21.666666666666668,20.841011262256732,0.0884441398878074,445.63829245258756,0
21.683333333333334,20.977858328038426,0.08569017277525419,445.0153413965197,0
21.7,21.114592758041386,0.08302792920756993,444.39044147401216,0
21.716666666666665,21.25121133157108,0.08045417141551282,443.76363769348643,0
21.733333333333334,21.38771092279455,0.07796578255141595,443.1349749392131,0
21.75,21.524088498254695,0.07555976182196715,442.5044979461932,0
21.766666666666666,21.66034111445401,0.07323321984270462,441.87225127613414,0
21.783333333333335,21.796465915504832,0.07098337420208962,441.23827929450755,0
21.8,21.932460130843662,0.068807545223831,440.60262614867355,0
21.816666666666666,22.06832107300697,0.0667031519168663,439.9653357470531,0
21.833333333333332,22.204046135466367,0.064667708103118,439.3264517393319,0
21.85,22.339632790520973,0.06269881871375536,438.6860174976776,0
21.866666666666667,22.47507858724501,0.060794176245307724,438.04407609894946,0
21.883333333333333,22.61038114948875,0.058951557367489964,437.400670307881,0
21.9,22.7455381739311,0.05716881967513976,436.75584256121476,0
21.916666666666668,22.880547428182215,0.05544389857710335,436.10963495276786,0
21.933333333333334,23.015406748934506,0.053774804315361614,435.4620892194048,0
21.95,23.150114040160663,0.052159619108082055,434.81324672789657,0
21.966666666666665,23.28466727135729,0.05059649441065708,434.1631484626425,0
21.983333333333334,23.419064475832826,0.049083648289134064,433.5118350142303,0
22.0,23.553303749038523,0.04761936290077328,432.85934656881255,0
22.016666666666666,23.68738324694133,0.046201982076759525,432.20572289827436,0
22.033333333333335,23.821301184437466,0.04482991010262887,431.551003352269,0
22.05,23.95505583379161,0.043501605210535844,430.895226846161,0
22.066666666666666,24.0886455231668,0.042215583550603154,430.2384318580685,0
22.083333333333332,24.222068635122884,0.04097041346253083,429.5806564194784,0
22.1,24.355323605188552,0.03976471416943796,428.9219381094563,0
22.116666666666667,24.488408920464366,0.03859715395092701,428.2623140490883,0
22.133333333333333,24.621323118260005,0.03746644833288205,427.60182089651676,0
22.15,24.754064784765404,0.036371358340713374,426.94049484257346,0
22.166666666666668,24.886632553755064,0.035310688819068556,426.278371606991,0
22.183333333333334,25.019025105324832,0.034283286816222815,425.61548643516784,0
22.2,25.151241164660313,0.03328804003068538,424.95187409546486,0
22.216666666666665,25.283279500836205,0.03232387531751429,424.28756887701036,0
22.233333333333334,25.41513892564584,0.03138975725189981,423.62260458799216,0
22.25,25.54681829246028,0.030484686747672504,422.957014554415,0
22.266666666666666,25.67831649511611,0.029607699728496494,422.29083161930134,0
22.283333333333335,25.809632466831484,0.028757865849609605,421.62408814231617,0
22.3,25.94076517914961,0.027934287268066998,420.9568159997944,0
22.316666666666666,26.071713640909085,0.027136097459540626,420.28904658515177,0
22.333333333333332,26.202476897240466,0.02636246007980975,419.6208108096594,0
22.35,26.333054028588478,0.025612567869166113,418.95213910356404,0
22.366666666666667,26.46344414975923,0.02488564159802988,418.28306141753484,0
22.383333333333333,26.59364640899188,0.024180929052153716,417.6136072244191,0
22.4,26.723659987054184,0.02349770405585595,416.94380552129064,0
22.416666666666668,26.853484096361353,0.022835265531796264,416.27368483177213,0
22.433333333333334,26.98311798011767,0.022192936595867397,415.6032732086174,0
22.45,27.112560911480365,0.021570063685838557,414.93259823653653,0
22.466666666666665,27.2418121927452,0.020966015722442978,414.26168703524877,0
22.483333333333334,27.37087115455324,0.020380183301656432,413.5905662627491,0
22.5,27.49973715511831,0.019811977916964697,412.9192621187742,0
22.516666666666666,27.62840957947469,0.019260831210469627,412.2478003484532,0
22.533333333333335,27.756887838744476,0.01872619425172771,411.5762062461317,0
22.55,27.885171369424242,0.01820753684326202,410.90450465935544,0
22.566666666666666,28.01325961058522,0.01770434685173006,410.2327209890052,0
22.583333333333332,28.141152070535195,0.017216129670975692,409.56087816258446,0
22.6,28.268848257751703,0.01674240728667096,408.88899971432215,0
22.616666666666667,28.3963477034198,0.016282717974755546,408.2171087489074,0
22.633333333333333,28.523649960807166,0.01583661564746174,407.5452279460611,0
22.65,28.650754604656544,0.015403669290857945,406.87337956524203,0
22.666666666666668,28.77766123059445,0.014983462429478818,406.2015854504383,0
22.683333333333334,28.904369454555653,0.014575592611474753,405.5298670350346,0
22.7,29.030878912223123,0.014179670912819164,404.8582453467462,0
22.716666666666665,29.157189258482948,0.01379532145972388,404.1867410126105,0
22.733333333333334,29.283300166893873,0.013422180968543234,403.51537426403064,0
22.75,29.409211329171114,0.013059898302494728,402.8441649418608,0
22.766666666666666,29.534922454684068,0.0127081340445628,402.17313250153023,0
22.783333333333335,29.66043326996753,0.012366560085975796,401.5022960181948,0
22.8,29.785743518246118,0.012034859229673843,400.8316741919133,0
22.816666666666666,29.910852958971592,0.011712724808206064,400.16128535284093,0
22.833333333333332,30.03576136737259,0.011399860315519234,399.49114746643454,0
22.85,30.160468534016687,0.011095979052118838,398.8212781386639,0
22.866666666666667,30.28497426438422,0.010800803783105585,398.1516946212248,0
22.883333333333333,30.409278378453756,0.01051406640860683,397.4824138167486,0
22.9,30.533380710298772,0.010235507646142705,396.8134522840038,0
22.916666666666668,30.657281107695358,0.009964876724483204,396.1448262430853,0
22.933333333333334,30.78097943174054,0.009701931088569682,395.47655158058757,0
22.95,30.90447555648106,0.009446436115089584,394.80864385475866,0
22.966666666666665,31.027769368552228,0.00919816483831013,394.14111830062944,0
22.983333333333334,31.150860766826668,0.008956897685790373,393.4739898351174,0
23.0,31.273749662072607,0.008722422223605713,392.80727306210053,0
23.016666666666666,31.396435976621568,0.008494532910733033,392.1409822774586,0
23.033333333333335,31.518919644045052,0.008273030862257618,391.47513147407886,0
23.05,31.641200608840148,0.008057723621075772,390.80973434682534,0
23.066666666666666,31.763278826123695,0.007848424937779278,390.14480429746703,0
23.083333333333332,31.885154261334822,0.007644954558419804,389.48035443956485,0
23.1,32.00682688994562,0.007447138019862542,388.81639760331484,0
23.116666666666667,32.12829669717978,0.007254806452449199,388.1529463403452,0
23.133333333333333,32.24956367773888,0.007067796389701458,387.49001292846697,0
23.15,32.37062783553617,0.00688594958480517,386.827609376375,0
23.166666666666668,32.49148918343773,0.006709112833626199,386.16574742829965,0
23.183333333333334,32.61214774301061,0.006537137804017977,385.5044385686071,0
23.2,32.73260354427796,0.0063698808711890285,384.8436940263473,0
23.216666666666665,32.852856625480754,0.006207202958908732,384.1835247797485,0
23.233333333333334,32.97290703284623,0.006048969386336421,383.52394156065833,0
23.25,33.09275482036242,0.005895049720268632,382.86495485892925,0
23.266666666666666,33.2124000495591,0.005745317632605056,382.20657492674894,0
23.283333333333335,33.331842789294555,0.00559965076284294,381.54881178291447,0
23.3,33.45108311554829,0.005457930585415784,380.8916752170501,0
23.316666666666666,33.570121111219365,0.005320042281699287,380.2351747937687,0
23.333333333333332,33.68895686593024,0.005185874616514297,379.5793198567746,0
23.35,33.807590475836015,0.005055319818962814,378.9241195329104,0
23.366666666666667,33.92602204343887,0.00492827346743876,378.2695827361463,0
23.383333333333333,34.04425167740756,0.004804634378661922,377.61571817150997,0
23.4,34.16227949240182,0.0046843045005885145,376.9625343389611,0
23.416666666666668,34.280105608901685,0.004567188809057605,376.31003953720693,0
23.433333333333334,34.39773015304125,0.004453195208037545,375.6582418674606,0
23.45,34.515153256447235,0.004342234433342033,375.007149237142,0
23.466666666666665,34.63237505608163,0.0042342199596899594,374.35676936352155,0
23.483333333333334,34.74939569408895,0.0041290679109881835,373.7071097773067,0
23.5,34.866215317647416,0.004026696973720256,373.0581778261725,0
23.516666666666666,34.98283407882423,0.003927028313329496,372.40998067823483,0
23.533333333333335,35.09925213443491,0.0038299854934877855,371.7625253254675,0
23.55,35.21546964590625,0.0037354943981465225,371.1158185870651,0
23.566666666666666,35.33148677914315,0.0036434831562691824,370.4698671127487,0
23.583333333333332,35.447303704398976,0.003553882069149287,369.8246773860179,0
23.6,35.56292059614946,0.0034666235402209564,369.1802557273488,0
23.616666666666667,35.67833763297003,0.003381642007272265,368.53660829733616,0
23.633333333333333,35.79355499741641,0.003298873876975566,367.89374109978456,0
23.65,35.9085728759085,0.0032182574616518704,367.2516599847457,0
23.666666666666668,36.02339145861736,0.003139732918189237,366.61037065150265,0
23.683333333333334,36.13801093935525,0.003063242189038269,365.9698786515035,0
23.7,36.2524315154686,0.0029887289452108787,365.3301893912433,0
23.716666666666665,36.36665338773394,0.0029161385312106093,364.69130813509577,0
23.733333333333334,36.48067676025654,0.002845417911826123,364.05324000809406,0
23.75,36.594501840371855,0.0027765156207214896,363.4159899986638,0
23.766666666666666,36.708128838549555,0.0027093817107595925,362.7795629613059,0
23.783333333333335,36.821557968300134,0.0026439677059972057,362.1439636192317,0
23.8,36.93478944608405,0.002580226555292702,361.50919656695135,0
23.816666666666666,37.04782349122329,0.0025181125874692537,360.87526627281403,0
23.833333333333332,37.16066032581529,0.002457581467978829,360.2421770815031,0
23.85,37.27330017464918,0.0023985901570139734,359.60993321648493,0
23.866666666666667,37.38574326512414,0.002341096869016447,358.9785387824138,0
23.883333333333333,37.497989827170166,0.0022850610335338195,358.34799776749134,0
23.9,37.6100400931707,0.00223044325737645,357.71831404578273,0
23.916666666666668,37.72189429788749,0.002177205288029604,357.08949137949105,0
23.933333333333334,37.833552678387356,0.0021253099782765667,356.46153342118765,0
23.95,37.94501547397093,0.0020747212519906587,355.83444371600206,0
23.966666666666665,38.05628292610327,0.002025404071055251,355.20822570377044,0
23.983333333333334,38.16735527834636,0.0019773244033726117,354.58288272114373,0
24.0,38.278232776293294,0.0019304491919236687,353.95841800365633,0
24.016666666666666,38.38891566750431,0.0018847463248423122,353.3348346877552,0
24.033333333333335,38.499404201444406,0.001840184606468931,352.712135812791,0
24.05,38.60969862942273,0.0017967337293495079,352.09032432297147,0
24.066666666666666,38.71979920453345,0.0017543642471474243,351.4694030692771,0
24.083333333333332,38.829706181598176,0.0017130475484366371,350.8493748113412,0
24.1,38.93941981711003,0.0016727558313458686,350.23024221929273,0
24.116666666666667,39.04894036917901,0.001633462079024465,349.6120078755652,0
24.133333333333333,39.158268097478874,0.0015951400359018658,348.9946742766699,0
24.15,39.26740326319548,0.0015577641847134521,348.3782438349355,0
24.166666666666668,39.376346128976344,0.0015213097242664964,347.7627188802138,0
24.183333333333334,39.48509695888152,0.0014857525479210823,347.148101661553,0
24.2,39.59365601833592,0.0014510692227615214,346.5343943488384,0
24.216666666666665,39.70202357408274,0.0014172369694348474,345.9215990344009,0
24.233333333333334,39.810199894138066,0.0013842336426336465,345.309717734595,0
24.25,39.91818524774683,0.0013520377122015362,344.69875239134615,0
24.266666666666666,40.0259799053397,0.0013206282448400574,344.08870487366744,0
24.283333333333335,40.13358413849127,0.0012899848863967423,343.4795769791471,0
24.3,40.2409982198792,0.0012600878447147814,342.87137043540696,0
24.316666666666666,40.348222423244536,0.001230917873025315,342.2640869015323,0
24.333333333333332,40.45525702335287,0.0012024562538642174,341.6577279694744,0
24.35,40.56210229595678,0.0011746847834956642,341.0522951654247,0
24.366666666666667,40.66875851775895,0.0011475857568256228,340.4477899511626,0
24.383333333333333,40.77522596637646,0.001121141952788827,339.8442137253768,0
24.4,40.881504920305844,0.0010953366201934926,339.2415678249606,0
24.416666666666668,40.98759565888915,0.0010701534640084668,338.6398535262824,0
24.433333333333334,41.093498462280806,0.0010455766320781646,338.03907204642945,0
24.45,41.199213611415395,0.0010215907022511177,337.43922454442963,0
24.466666666666665,41.304741387976215,0.000998180669908362,336.84031212244736,0
24.483333333333334,41.41008207436462,0.0009753319358785173,336.24233582695615,0
24.5,41.51523595367025,0.0009530302947267917,335.6452966498893,0
24.516666666666666,41.62020330964188,0.0009312619234055809,335.049195529766,0
24.533333333333335,41.72498442665914,0.0009100133702547964,334.454033352797,0
24.55,41.82957958970486,0.0008892715443404451,333.8598109539674,0
24.566666666666666,41.93398908433823,0.0008690237051203899,333.26652911809816,0
24.583333333333332,42.038213196668515,0.0008492574524265988,332.6741885808872,0
24.6,42.14225221332953,0.0008299607167535622,332.08279002992884,0
24.616666666666667,42.246106421454726,0.0008111217498429122,331.4923341057147,0
24.633333333333333,42.34977610865295,0.000792729115554625,330.90282140261303,0
24.65,42.45326156298475,0.0007747716810155214,330.3142524698296,0
24.666666666666668,42.55656307293938,0.0007572386080360403,329.72662781235005,0
24.683333333333334,42.659680927412275,0.0007401193447867246,329.1399478918622,0
24.7,42.76261541568318,0.0007234036177259321,328.5542131276612,0
24.716666666666665,42.865366827394816,0.0007070814237707677,327.96942389753656,0
24.733333333333334,42.96793545253205,0.000691143022703387,327.38558053864114,0
24.75,43.07032158140168,0.000675578929805161,326.8026833483433,0
24.766666666666666,43.17252550461258,0.0006603799087113743,326.2207325850622,0
24.783333333333335,43.274547513056525,0.0006455369644794451,325.63972846908604,0
24.8,43.37638789788936,0.0006310413368638521,325.0596711833751,0
24.816666666666666,43.478046950512706,0.0006168844937912203,324.4805608743473,0
24.833333333333332,43.57952496255614,0.0006030581250291551,323.90239765264977,0
24.85,43.68082222585979,0.0005895541360427709,323.325181593914,0
24.866666666666667,43.78193903245737,0.0005763646420329011,322.7489127394966,0
24.883333333333333,43.88287567455971,0.0005634819621503148,322.173591097205,0
24.9,43.98363244453858,0.0005508986138803675,321.59921664200914,0
24.916666666666668,44.084209634911,0.0005386073075927546,321.0257893167383,0
24.933333333333334,44.18460753832397,0.0005266009412511644,320.4533090327654,0
24.95,44.28482644753953,0.0005148725952778356,319.8817756706759,0
24.966666666666665,44.3848666554202,0.0005034155275682039,319.3111890809254,0
24.983333333333334,44.48472845491481,0.0004922231686509161,318.7415490844827,0
25.0,44.58441213904469,0.0004812891169887231,318.1728554734609,0
25.016666666666666,44.68391800089017,0.00047060713441587394,317.6051080117352,0
25.033333333333335,44.78324633357747,0.00046017114170775566,317.03830643554954,0
25.05,44.882397430265875,0.00044997521427871524,316.4724504541104,0
25.066666666666666,44.98137158413526,0.000440013578004118,315.9075397501687,0
25.083333333333332,45.08016908837389,0.00043028060516276,315.343573980591,0
25.1,45.178790236166634,0.0004207708104960092,314.78055277691817,0
25.116666666666667,45.27723532068332,0.00041147884738002407,314.2184757459146,0
25.133333333333333,45.37550463506749,0.00040239950410765374,313.6573424701044,0
25.15,45.47359847242545,0.00039352770027660256,313.0971525082991,0
25.166666666666668,45.571517125815475,0.0003848584832806636,312.5379053961133,0
25.183333333333334,45.66926088823745,0.00037638702490088366,311.97960064647083,0
25.2,45.76683005262265,0.00036810861799358655,311.42223775010103,0
25.216666666666665,45.86422491182378,0.00036001867327235934,310.8658161760243,0
25.233333333333334,45.96144575860541,0.0003521127161811335,310.3103353720292,0
25.25,46.058492885634415,0.0003443863838556328,309.7557947651393,0
25.266666666666666,46.155366585470894,0.0003368354221704917,309.2021937620705,0
25.283333333333335,46.25206715055918,0.00032945568286950376,308.64953174968076,0
25.3,46.34859487321904,0.00032224312077647617,308.0978080954089,0
25.316666666666666,46.4449500456373,0.0003151937910843024,307.5470221477062,0
25.333333333333332,46.54113295985941,0.00030830384671988464,306.99717323645916,0
25.35,46.63714390778147,0.0003015695357826647,306.4482606734032,0
25.366666666666667,46.73298318114228,0.0002949871990545697,305.9002837525291,0
25.383333333333333,46.82865107151569,0.00028855326757923626,305.3532417504803,0
25.4,46.92414787030312,0.0002822642603084759,304.807133926944,0
25.416666666666668,47.01947386872629,0.0002761167818139711,304.26195952503247,0
25.433333333333334,47.11462935782003,0.00027010752006230036,303.7177177716582,0
25.45,47.209614628425456,0.0002642332442513965,303.1744078779016,0
25.466666666666665,47.30442997118317,0.00025849080270665586,302.6320290393704,0
25.483333333333334,47.399075676526664,0.00025287712083492565,302.090580436553,0
25.5,47.493552034675965,0.0002473891991346879,301.5500612351645,0
25.516666666666666,47.587859335631364,0.00024202411126078474,301.01047058648527,0
25.533333333333335,47.68199786916736,0.0002367790021421,300.47180762769403,0
25.55,47.77596792482665,0.00023165108615065484,299.9340714821933,0
25.566666666666666,47.869769791914514,0.0002266376453206106,299.3972612599286,0
25.583333333333332,47.96340375949301,0.00022173602761573952,298.8613760577017,0
25.6,48.056870116375656,0.0002169436452439634,298.3264149594776,0
25.616666666666667,48.150169151121965,0.00021225797301758172,297.792377036685,0
25.633333333333333,48.24330115203236,0.00020767654675789252,297.2592613485114,0
25.65,48.33626640714307,0.00020319696174290694,296.72706694219187,0
25.666666666666668,48.42906520422116,0.00019881687119693175,296.19579285329235,0
25.683333333333334,48.52169783075979,0.00019453398482081356,295.6654381059874,0
25.7,48.61416457397351,0.00019034606736168002,295.13600171333246,0
25.716666666666665,48.70646572079373,0.0001862509372210479,294.6074826775306,0
25.733333333333334,48.79860155786428,0.0001822464651002063,294.07987999019355,0
25.75,48.890572371537104,0.00017833057268181097,293.5531926325989,0
25.766666666666666,48.982378447868065,0.00017450123134666036,293.0274195759407,0
25.783333333333335,49.07402007261282,0.00017075646092465572,292.502559781576,0
25.8,49.16549753122293,0.00016709432847898165,291.97861220126634,0
25.816666666666666,49.2568111088419,0.00016351294712255336,291.45557577741425,0
25.833333333333332,49.34796109030146,0.00016001047486584335,290.9334494432952,0
25.85,49.438947760117905,0.00015658511349518083,290.41223212328526,0
25.866666666666667,49.5297714024885,0.00015323510748068277,289.8919227330836,0
25.883333333333333,49.62043230128805,0.00014995874291297805,289.3725201799313,0
25.9,49.71093074006549,0.00014675434646792116,288.85402336282516,0
25.916666666666668,49.80126700204064,0.00014362028439851216,288.3364311727281,0
25.933333333333334,49.891441370100985,0.00014055496155326158,287.81974249277425,0
25.95,49.981454126798596,0.00013755682042026931,287.3039561984713,0
25.966666666666665,50.07130555434709,0.00013462434019629682,286.7890711578978,0
25.983333333333334,50.160995934618754,0.00013175603588014243,286.275086231897,0
26.0,50.2505255491416,0.00012895045738964446,285.76200027426677,0
26.016666666666666,50.33989467909671,0.00012620618870166366,285.2498121319462,0
26.033333333333335,50.42910360531544,0.00012352184701440176,284.73852064519735,0
26.05,50.51815260827691,0.00012089608193145008,284.2281246477848,0
26.066666666666666,50.607041968105335,0.00011832757466696631,283.7186229671506,0
26.083333333333332,50.695771964567726,0.00011581503727139798,283.21001442458635,0
26.1,50.78434287707134,0.00011335721187719331,282.70229783540157,0
26.116666666666667,50.872754984661455,0.00011095286996395033,282.1954720090889,0
26.133333333333333,50.96100856601908,0.00010860081164247305,281.68953574948574,0
26.15,51.04910389945874,0.00010629986495722343,281.18448785493325,0
26.166666666666668,51.1370412629264,0.00010404888520666135,280.68032711843153,0
26.183333333333334,51.22482093399741,0.00010184675428099336,280.17705232779224,0
26.2,51.312443189874415,9.969238001685652e-05,279.67466226578784,0
26.216666666666665,51.399908307385545,9.758469556847445e-05,279.1731557102981,0
26.233333333333334,51.48721656298244,9.552265879485019e-05,278.6725314344536,0
26.25,51.574368232738486,9.350525166254952e-05,278.17278820677654,0
26.266666666666666,51.66136359234701,9.153147966367093e-05,277.67392479131837,0
26.283333333333335,51.7482029171196,8.960037124857725e-05,277.17593994779503,0
26.3,51.834886481984434,8.771097727301064e-05,276.67883243171957,0
26.316666666666666,51.921414561484696,8.586237045918754e-05,276.1826009945318,0
26.333333333333332,52.00778742977701,8.405364487051355e-05,275.6872443837254,0
26.35,52.09400536062998,8.228391539954844e-05,275.19276134297286,0
26.366666666666667,52.18006862742263,8.055231726886889e-05,274.69915061224793,0
26.383333333333333,52.26597750314314,7.885800554448434e-05,274.2064109279446,0
26.4,52.35173226038743,7.720015466147757e-05,273.7145410229956,0
26.416666666666668,52.43733317135783,7.5577957961539e-05,273.22353962698634,0
26.433333333333334,52.522780507861825,7.399062724208453e-05,272.7334054662687,0
26.45,52.608074541310906,7.24373923166492e-05,272.2441372640709,0
26.466666666666665,52.693215542719265,7.091750058625917e-05,271.7557337406063,0
26.483333333333334,52.778203782702775,6.94302166214916e-05,271.2681936131788,0
26.5,52.86303953147783,6.797482175494444e-05,270.7815155962878,0
26.516666666666666,52.94772305886033,6.655061368383828e-05,270.29569840172957,0
26.533333333333335,53.03225463426463,6.515690608248852e-05,269.81074073869735,0
26.55,53.1166345267026,6.379302822438742e-05,269.3266413138794,0
26.566666666666666,53.20086300478263,6.245832461364517e-05,268.8433988315547,0
26.583333333333332,53.28494033670882,6.115215462554601e-05,268.36101199368704,0
26.6,53.36886679028004,5.987389215598149e-05,267.8794795000176,0
26.616666666666667,53.45264263288909,5.862292527953098e-05,267.39880004815467,0
26.633333333333333,53.536268131521965,5.7398655915962944e-05,266.91897233366257,0
26.65,53.61974355275703,5.62004995049396e-05,266.439995050148,0
26.666666666666668,53.70306916276434,5.502788468871493e-05,265.9618668893456,0
26.683333333333334,53.78624522730491,5.388025300261387e-05,265.4845865412005,0
26.7,53.86927201173001,5.2757058573097696e-05,265.0081526939505,0
26.716666666666665,53.952149780980626,5.165776782321578e-05,264.5325640342058,0
26.733333333333334,54.03487879958677,5.058185918525579e-05,264.0578192470274,0
26.75,54.11745933166694,4.952882282040719e-05,263.5839170160037,0
26.766666666666666,54.19989164092751,4.8498160345257575e-05,263.110856023326,0
26.783333333333335,54.282175990662296,4.748938456494625e-05,262.63863494986197,0
26.8,54.36431264375201,4.6502019212807096e-05,262.1672524752279,0
26.816666666666666,54.44630186266377,4.55355986963312e-05,261.69670727785956,0
26.833333333333332,54.528143909450726,4.4589667849292696e-05,261.2269980350814,0
26.85,54.60983904575156,4.3663781689875574e-05,260.75812342317465,0
26.866666666666667,54.69138753279016,4.2757505184654564e-05,260.29008211744355,0
26.883333333333333,54.772789631375225,4.187041301827592e-05,259.82287279228075,0
26.9,54.85404560189989,4.1002089368698244e-05,259.3564941212311,0
26.916666666666668,54.93515570434146,4.0152127687848824e-05,258.8909447770542,0
26.933333333333334,55.01612019826108,3.932013048756186e-05,258.4262234317859,0
26.95,55.096939342803445,3.850570913066201e-05,257.96232875679783,0
26.966666666666665,55.17761339669658,3.7708483627066555e-05,257.49925942285677,0
26.983333333333334,55.25814261825159,3.6928082434777296e-05,257.0370141001821,0
27.0,55.33852726536244,3.616414226564125e-05,256.57559145850195,0
27.016666666666666,55.418767595505756,3.541630789575873e-05,256.1149901671088,0
27.033333333333335,55.49886386574066,3.468423198042334e-05,255.65520889491333,0
27.05,55.57881633270864,3.396757487348162e-05,255.19624631049803,0
27.066666666666666,55.65862525263335,3.3266004450997543e-05,254.73810108216838,0
27.083333333333332,55.73829088132056,3.257919593911955e-05,254.28077187800412,0
27.1,55.81781347415803,3.190683174604267e-05,253.82425736590923,0
27.116666666666667,55.89719328611542,3.124860129796324e-05,253.3685562136605,0
27.133333333333333,55.976430571744224,3.060420087892878e-05,252.91366708895524,0
27.15,56.055525585177755,2.9973333474484726e-05,252.45958865945835,0
27.166666666666668,56.134478580131066,2.9355708619024972e-05,252.0063195928478,0
27.183333333333334,56.21328980990099,2.875104224675374e-05,251.55385855686006,0
27.2,56.29195952736608,2.815905654616978e-05,251.10220421933354,0
27.216666666666665,56.370487984986674,2.7579479817985245e-05,250.65135524825155,0
27.233333333333334,56.44887543480489,2.701204633639668e-05,250.2013103117851,0
27.25,56.5271221284447,2.645649746569878e-05,249.75206807833473,0
27.266666666666666,56.60522831711196,2.5912576621491087e-05,249.30362721656806,0
27.283333333333335,56.683194251594514,2.5380036236784163e-05,248.85598639546166,0
27.3,56.7610201822623,2.4858633248351944e-05,248.40914428433928,0
27.316666666666666,56.83870635906738,2.4348129841977788e-05,247.9630995529099,0
27.333333333333332,56.9162530315441,2.3848293400852583e-05,247.51785087130486,0
27.35,56.99366044880922,2.3358896395433764e-05,247.07339691011387,0
27.366666666666667,57.070928859562024,2.287971627014952e-05,246.62973634042095,0
27.383333333333333,57.14805851208452,2.2410535331798093e-05,246.18686783383885,0
27.4,57.22504965424155,2.1951140640296572e-05,245.74479006254342,0
27.416666666666668,57.301902533480984,2.1501323901885683e-05,245.30350169930674,0
27.433333333333334,57.37861739683393,2.1060881364782957e-05,244.86300141752992,0
27.45,57.45519449091488,2.0629613717244832e-05,244.42328789127484,0
27.466666666666665,57.53163406192198,2.020732598798893e-05,243.98435979529566,0
27.483333333333334,57.60793635563718,1.979382744892298e-05,243.54621580506907,0
27.5,57.68410161742652,1.9388931520126766e-05,243.10885459682464,0
27.516666666666666,57.76013009224035,1.8992455677034883e-05,242.6722748475736,0
27.533333333333335,57.83602202461359,1.860422135976552e-05,242.23647523513787,0
27.55,57.91177765866592,1.8224053884546846e-05,241.80145443817796,0
27.566666666666666,57.98739723810216,1.7851782357188866e-05,241.3672111362205,0
27.583333333333332,58.06288100621244,1.7487239588552032e-05,240.9337440096848,0
27.6,58.13822920587258,1.7130262011965425e-05,240.50105173990934,0
27.616666666666667,58.21344207954429,1.6780689602546855e-05,240.06913300917734,0
27.633333333333333,58.288519869275575,1.643836579838031e-05,239.6379865007419,0
27.65,58.36346281670092,1.6103137423505753e-05,239.20761089885048,0
27.666666666666668,58.43827116304175,1.5774854612678092e-05,238.77800488876903,0
27.683333333333334,58.51294514910666,1.545337073785313e-05,238.34916715680538,0
27.7,58.58748501529177,1.513854233635916e-05,237.9210963903322,0
27.716666666666665,58.66189100158108,1.4830229040714628e-05,237.49379127780952,0
27.733333333333334,58.736163347546835,1.4528293510051931e-05,237.06725050880658,0
27.75,58.810302292349846,1.4232601363109539e-05,236.6414727740235,0
27.766666666666666,58.88430807473986,1.3943021112755324e-05,236.21645676531193,0
27.783333333333335,58.958180933055964,1.36594241020046e-05,235.79220117569588,0
27.8,59.03192110522694,1.3381684441497557e-05,235.36870469939151,0
27.816666666666666,59.105528828771625,1.3109678948401341e-05,234.9459660318269,0
27.833333333333332,59.17900434079936,1.2843287086703515e-05,234.52398386966118,0
27.85,59.252347878010326,1.2582390908863548e-05,234.102756910803,0
27.866666666666667,59.325559676695995,1.2326874998790656e-05,233.68228385442922,0
27.883333333333333,59.39863997273952,1.2076626416116467e-05,233.26256340100238,0
27.9,59.47158900161612,1.1831534641732503e-05,232.84359425228837,0
27.916666666666668,59.544406998393534,1.1591491524561935e-05,232.42537511137343,0
27.933333333333334,59.61709419773248,1.1356391229537554e-05,232.00790468268082,0
27.95,59.68965083388701,1.1126130186756686e-05,231.59118167198693,0
27.966666666666665,59.76207714070499,1.09006070417864e-05,231.1752047864374,0
27.983333333333334,59.83437335162853,1.067972260709113e-05,230.7599727345624,0
28.0,59.90653969969445,1.0463379814557417e-05,230.34548422629192,0
28.016666666666666,59.978576417534704,1.0251483669089254e-05,229.93173797297044,0
28.033333333333335,60.05048373737685,1.0043941203249487e-05,229.51873268737148,0
28.05,60.122261891044495,9.840661432922883e-06,229.10646708371158,0
28.066666666666666,60.193911109957796,9.641555313976777e-06,228.69493987766404,0
28.083333333333332,60.2654316251339,9.446535699896605e-06,228.28414978637244,0
28.1,60.33682366718741,9.255517300372762e-06,227.8740955284635,0
28.116666666666667,60.408087466330905,9.0684166408176e-06,227.46477582406013,0
28.133333333333333,60.479223252375355,8.885152022790456e-06,227.05618939479365,0
28.15,60.55023125473066,8.705643485309739e-06,226.6483349638161,0
28.166666666666668,60.62111170240613,8.52981276703158e-06,226.24121125581186,0
28.183333333333334,60.69186482401097,8.357583269274808e-06,225.83481699700945,0
28.2,60.76249084775476,8.188880019873095e-06,225.42915091519265,0
28.216666666666665,60.83299000144802,8.023629637834656e-06,225.0242117397115,0
28.233333333333334,60.90336251250261,7.8617602987911e-06,224.6199982014929,0
28.25,60.97360860793232,7.703201701217325e-06,224.21650903305124,0
28.266666666666666,61.04372851435335,7.547885033404358e-06,223.8137429684983,0
28.283333333333335,61.11372245798485,7.395742941168432e-06,223.41169874355327,0
28.3,61.183590664649365,7.24670949627842e-06,223.01037509555246,0
28.316666666666666,61.253333359773436,7.1007201655860645e-06,222.6097707634585,0
28.333333333333332,61.3229507683881,6.957711780842254e-06,222.20988448786954,0
28.35,61.39244311512936,6.817622509183851e-06,221.81071501102824,0
28.366666666666667,61.461810624238815,6.680391824275744e-06,221.4122610768302,0
28.383333333333333,61.531053519564075,6.545960478092925e-06,221.0145214308325,0
28.4,61.600172024559384,6.41427047332801e-06,220.61749482026198,0
28.416666666666668,61.6691663622861,6.285265036410114e-06,220.22117999402312,0
28.433333333333334,61.73803675541328,6.158888591120838e-06,219.82557570270566,0
28.45,61.806783426218196,6.035086732793903e-06,219.43068069859228,0
28.466666666666665,61.875406596586856,5.913806203085033e-06,219.03649373566577,0
28.483333333333334,61.943906488014576,5.794994865299145e-06,218.6430135696163,0
28.5,62.01228332160651,5.6786016802623035e-06,218.2502389578482,0
28.516666666666666,62.08053731807824,5.564576682725555e-06,217.8581686594867,0
28.533333333333335,62.148668697756264,5.452870958289327e-06,217.4668014353844,0
28.55,62.216677680578606,5.3434366208358045e-06,217.07613604812767,0
28.566666666666666,62.28456448609533,5.23622679045829e-06,216.68617126204262,0
28.583333333333332,62.35232933346911,5.131195571876017e-06,216.29690584320122,0
28.6,62.419972441475785,5.0282980333234986e-06,215.90833855942688,0
28.616666666666667,62.487494028504926,4.927490185903741e-06,215.5204681803002,0
28.633333333333333,62.55489431256042,4.828728963394576e-06,215.13329347716427,0
28.65,62.622173511260996,4.731972202498313e-06,214.7468132231299,0
28.666666666666668,62.68933184184079,4.637178623524248e-06,214.3610261930807,0
28.683333333333334,62.756369521149935,4.544307811494551e-06,213.975931163678,0
28.7,62.82328676565514,4.453320197663861e-06,213.59152691336575,0
28.716666666666665,62.890083791440176,4.36417704144333e-06,213.20781222237468,0
28.733333333333334,62.95676081420653,4.276840412720056e-06,212.82478587272712,0
28.75,63.023318049274025,4.1912731745627165e-06,212.4424466482413,0
28.766666666666666,63.089755711581205,4.107438966305335e-06,212.06079333453505,0
28.783333333333335,63.15607401568612,4.02530218699993e-06,211.6798247190303,0
28.8,63.22227317576677,3.9448279792304165e-06,211.29953959095664,0
28.816666666666666,63.288353405621706,3.865982213279243e-06,210.9199367413551,0
28.833333333333332,63.35431491867063,3.788731471639075e-06,210.5410149630816,0
28.85,63.42015792795498,3.7130430338618056e-06,210.1627730508106,0
28.866666666666667,63.485882646138485,3.6388848617370707e-06,209.78520980103815,0
28.883333333333333,63.55148928550772,3.56622558479337e-06,209.40832401208527,0
28.9,63.61697805797279,3.495034486114119e-06,209.03211448410096,0
28.916666666666668,63.68234917506775,3.425281488461984e-06,208.65658001906485,0
28.933333333333334,63.74760284795138,3.3569371407043075e-06,208.2817194207904,0
28.95,63.81273928740755,3.289972604533103e-06,207.90753149492744,0
28.966666666666665,63.87775870384601,3.22435964147314e-06,207.53401504896445,0
28.983333333333334,63.942661307302906,3.1600706001713362e-06,207.16116889223153,0
29.0,64.00744730744128,3.0970784039616713e-06,206.78899183590215,0
29.016666666666666,64.07211691355174,3.0353565386991637e-06,206.41748269299592,0
29.033333333333335,64.13667033455303,2.9748790408570587e-06,206.04664027838032,0
29.05,64.20110777899264,2.915620485881374e-06,205.67646340877283,0
29.066666666666666,64.26542945504737,2.8575559767971088e-06,205.30695090274298,0
29.083333333333332,64.3296355705239,2.8006611330604642e-06,204.93810158071386,0
29.1,64.39372633285942,2.7449120796517953e-06,204.5699142649641,0
29.116666666666667,64.45770194912215,2.690285436403704e-06,204.2023877796294,0
29.133333333333333,64.52156262601203,2.636758307559373e-06,203.83552095070397,0
29.15,64.58530856986124,2.5843082715557896e-06,203.4693126060419,0
29.166666666666668,64.64893998663482,2.5329133710270926e-06,203.10376157535873,0
29.183333333333334,64.7124570819312,2.482552103022974e-06,202.73886669023247,0
29.2,64.7758600609829,2.433203409437677e-06,202.3746267841048,0
29.216666666666665,64.83914912865703,2.384846667644633e-06,202.01104069228217,0
29.233333333333334,64.90232448945592,2.337461681332423e-06,201.64810725193678,0
29.25,64.9653863475177,2.2910286715375844e-06,201.28582530210736,0
29.266666666666666,65.02833490661689,2.245528267869888e-06,200.92419368370022,0
29.283333333333335,65.09117037016502,2.2009414999258725e-06,200.5632112394898,0
29.3,65.15389294121118,2.1572497888865217e-06,200.20287681411918,0
29.316666666666666,65.21650282244264,2.114434939294988e-06,199.84318925410108,0
29.333333333333332,65.27900021618541,2.072479131010541e-06,199.48414740781809,0
29.35,65.3413853244049,2.0313649113346653e-06,199.125750125523,0
29.366666666666667,65.40365834870643,1.9910751873057685e-06,198.76799625933947,0
29.383333333333333,65.46581949033589,1.9515932181585636e-06,198.410884663262,0
29.4,65.52786895018028,1.912902607944789e-06,198.0544141931565,0
29.416666666666668,65.58980692876833,1.8749872983114878e-06,197.69858370676002,0
29.433333333333334,65.65163362627112,1.837831561433548e-06,197.34339206368125,0
29.45,65.7133492425026,1.801419993097124e-06,196.9888381254002,0
29.466666666666665,65.77495397692023,1.765737505930554e-06,196.63492075526838,0
29.483333333333334,65.8364480286256,1.7307693227796795e-06,196.28163881850867,0
29.5,65.89783159636495,1.6965009702243048e-06,195.92899118221496,0
29.516666666666666,65.9591048785298,1.6629182722328055e-06,195.5769767153523,0
29.533333333333335,66.02026807315755,1.6300073439518314e-06,195.2255942887562,0
29.55,66.08132137793207,1.597754585628145e-06,194.8748427751326,0
29.566666666666666,66.14226499018429,1.5661466766597885e-06,194.52472104905735,0
29.583333333333332,66.20309910689274,1.535170569773704e-06,194.17522798697567,0
29.6,66.26382392468422,1.5048134853270736e-06,193.82636246720188,0
29.616666666666667,66.32443963983435,1.4750629057297317e-06,193.4781233699186,0
29.633333333333333,66.38494644826818,1.4459065699849663e-06,193.13050957717633,0
29.65,66.44534454556074,1.4173324683461339e-06,192.78351997289263,0
29.666666666666668,66.50563412693768,1.389328837086687e-06,192.43715344285155,0
29.683333333333334,66.56581538727579,1.361884153381004e-06,192.09140887470284,0
29.7,66.62588852110369,1.3349871302937106e-06,191.74628515796098,0
29.716666666666665,66.68585372260235,1.3086267118751676e-06,191.40178118400465,0
29.733333333333334,66.74571118560564,1.2827920683607128e-06,191.0578958460755,0
29.75,66.80546110360106,1.2574725914715801e-06,190.7146280392775,0
29.766666666666666,66.86510366973015,1.2326578898151312e-06,190.37197666057574,0
29.783333333333335,66.9246390767892,1.208337784382373e-06,190.02994060879547,0
29.8,66.98406751722985,1.1845023041406008e-06,189.68851878462115,0
29.816666666666666,67.04338918315953,1.1611416817191624e-06,189.34771009059514,0
29.833333333333332,67.10260426634227,1.1382463491862622e-06,189.0075134311167,0
29.85,67.16171295819899,1.1158069339149136e-06,188.6679277124408,0
29.866666666666667,67.22071544980841,1.0938142545361124e-06,188.32895184267667,0
29.883333333333333,67.27961193190741,1.072259316977284e-06,187.9905847317869,0
29.9,67.33840259489169,1.0511333105842686e-06,187.65282529158597,0
29.916666666666668,67.39708762881638,1.0304276043249653e-06,187.3156724357388,0
29.933333333333334,67.45566722339652,1.010133743072951e-06,186.97912507975954,0
29.95,67.51414156800779,9.90243443969269e-07,186.6431821410101,0
29.966666666666665,67.572510851687,9.707485928608065e-07,186.3078425386988,0
29.983333333333334,67.63077526313266,9.51641240813536e-07,185.9731051938787,0
30.0,67.6889349907056,9.329136006990776e-07,185.6389690294463,0
30.016666666666666,67.74699022242957,9.145580438529527e-07,185.30543297013995,0
30.033333333333335,67.80494114599173,8.965670968030479e-07,184.97249594253833,0
30.05,67.86278794874339,8.789334380667391e-07,184.64015687505855,0
30.066666666666666,67.92053081770038,8.616498950152328e-07,184.30841469795507,0
30.083333333333332,67.9781699395438,8.447094408036881e-07,183.97726834331755,0
30.1,68.03570550062052,8.281051913656971e-07,183.64671674506945,0
30.116666666666667,68.09313768694379,8.118304024707525e-07,183.31675883896634,0
30.133333333333333,68.15046668419377,7.95878466843362e-07,182.98739356259392,0
30.15,68.20769267771817,7.80242911342502e-07,182.6586198553665,0
30.166666666666668,68.26481585253279,7.649173942000948e-07,182.33043665852517,0
30.183333333333334,68.32183639332206,7.498957023172829e-07,182.00284291513583,0
30.2,68.37875448443967,7.35171748617242e-07,181.6758375700876,0
30.216666666666665,68.43557030990917,7.207395694533372e-07,181.34941957009082,0
30.233333333333334,68.49228405342443,7.065933220714535e-07,181.02358786367517,0
30.25,68.54889589835032,6.927272821253475e-07,180.6983414011878,0
30.266666666666666,68.60540602772325,6.791358412438488e-07,180.37367913479136,0
30.283333333333335,68.6618146242517,6.658135046488702e-07,180.0496000184622,0
30.3,68.71812187031686,6.527548888231257e-07,179.7261030079882,0
30.316666666666666,68.77432794797315,6.399547192264645e-07,179.40318706096687,0
30.333333333333332,68.8304330389488,6.274078280598391e-07,179.08085113680332,0
30.35,68.88643732464641,6.151091520758661e-07,178.75909419670845,0
30.366666666666667,68.94234098614353,6.030537304350022e-07,178.4379152036964,0
30.383333333333333,68.99814420419328,5.912367026063582e-07,178.11731312258308,0
30.4,69.05384715922482,5.796533063122194e-07,177.79728691998358,0
30.416666666666668,69.10945003134391,5.682988755153326e-07,177.47783556431045,0
30.433333333333334,69.16495300033367,5.571688384480611e-07,177.1589580257713,0
30.45,69.22035624565481,5.462587156825187e-07,176.8406532763669,0
30.466666666666665,69.27565994644654,5.355641182408109e-07,176.5229202898888,0
30.483333333333334,69.33086428152689,5.250807457445535e-07,176.20575804191722,0
30.5,69.3859694293934,5.148043846028094e-07,175.88916550981907,0
30.516666666666666,69.44097556822356,5.047309062376547e-07,175.57314167274555,0
30.533333333333335,69.49588287587558,4.948562653465728e-07,175.25768551162992,0
30.55,69.55069152988868,4.851764982008954e-07,174.94279600918534,0
30.566666666666666,69.60540170748392,4.7568772097952434e-07,174.62847214990265,0
30.583333333333332,69.66001358556451,4.6638612813721004e-07,174.31471292004807,0
30.6,69.71452734071656,4.5726799080663946e-07,174.00151730766086,0
30.616666666666667,69.76894314920952,4.483296552336203e-07,173.68888430255126,0
30.633333333333333,69.8232611869968,4.3956754124467964e-07,173.37681289629788,0
30.65,69.87748162971631,4.309781407463801e-07,173.06530208224567,0
30.666666666666668,69.931604652691,4.225580162556907e-07,172.75435085550347,0
30.683333333333334,69.98563043092938,4.143037994607577e-07,172.44395821294165,0
30.7,70.03955913912618,4.062121898114442e-07,172.1341231531898,0
30.716666666666665,70.09339095166283,3.982799531389927e-07,171.82484467663448,0
30.733333333333334,70.14712604260795,3.905039203042278e-07,171.51612178541666,0
30.75,70.20076458571805,3.828809858736597e-07,171.2079534834295,0
30.766666666666666,70.25430675443795,3.7540810682295573e-07,170.90033877631578,0
30.783333333333335,70.3077527219014,3.680823012671512e-07,170.5932766714657,0
30.8,70.36110266093162,3.609006472170713e-07,170.28676617801446,0
30.816666666666666,70.41435674404181,3.5386028136140946e-07,169.98080630683967,0
30.833333333333332,70.46751514343575,3.469583978739142e-07,169.67539607055917,0
30.85,70.52057803100827,3.401922472451737e-07,169.37053448352833,0
30.866666666666667,70.5735455783459,3.3355913513845814e-07,169.0662205618377,0
30.883333333333333,70.62641795672734,3.270564212691528e-07,168.76245332331078,0
30.9,70.67919533712399,3.2068151830725055e-07,168.45923178750127,0
30.916666666666668,70.73187789020055,3.1443189080244245e-07,168.15655497569065,0
30.933333333333334,70.78446578631556,3.0830505413133695e-07,167.8544219108859,0
30.95,70.8369591955219,3.02298573466323e-07,167.55283161781685,0
30.966666666666665,70.88935828756732,2.964100627656521e-07,167.2517831229336,0
30.983333333333334,70.94166323189508,2.90637183784277e-07,166.95127545440428,0
31.0,70.9938741976443,2.8497764510501873e-07,166.65130764211239,0
31.016666666666666,71.04599135365076,2.7942920118964276e-07,166.35187871765427,0
31.033333333333335,71.09801486844721,2.73989651449421e-07,166.0529877143368,0
31.05,71.14994491026398,2.686568393347769e-07,165.7546336671745,0
31.066666666666666,71.20178164702958,2.634286514436193e-07,165.45681561288734,0
31.083333333333332,71.2535252463711,2.583030166479693e-07,165.159532589898,0
31.1,71.3051758756149,2.532779052384991e-07,164.86278363832946,0
31.116666666666667,71.35673370178709,2.4835132808661846e-07,164.5665678000025,0
31.133333333333333,71.40819889161392,2.435213358237322e-07,164.2708841184329,0
31.15,71.45957161152253,2.387860180373187e-07,163.97573163882916,0
31.166666666666668,71.51085202764138,2.341435024834784e-07,163.68110940808984,0
31.183333333333334,71.56204030580074,2.2959195431560387e-07,163.38701647480096,0
31.2,71.61313661153328,2.251295753288477e-07,163.09345188923345,0
31.216666666666665,71.66414111007458,2.2075460322005245e-07,162.8004147033407,0
31.233333333333334,71.71505396636366,2.1646531086281324e-07,162.5079039707558,0
31.25,71.76587534504351,2.1226000559738009e-07,162.215918746789,0
31.266666666666666,71.81660541046162,2.0813702853507516e-07,161.9244580884252,0
31.283333333333335,71.86724432667043,2.040947538769276e-07,161.63352105432148,0
31.3,71.917792257428,2.001315882462288e-07,161.34310670480414,0
31.316666666666666,71.96824936619842,1.962459700347307e-07,161.05321410186653,0
31.333333333333332,72.01861581615233,1.924363687621893e-07,160.76384230916628,0
31.35,72.06889177016755,1.8870128444898658e-07,160.47499039202245,0
31.366666666666667,72.1190773908295,1.850392470015566e-07,160.18665741741347,0
31.383333333333333,72.16917284043168,1.814488156103506e-07,159.898842453974,0
31.4,72.21917828097637,1.7792857816008312e-07,159.6115445719927,0
31.416666666666668,72.26909387417491,1.7447715065200279e-07,159.32476284340942,0
31.433333333333334,72.31891978144851,1.710931766379424e-07,159.0384963418128,0
31.45,72.36865616392843,1.6777532666590088e-07,158.75274414243722,0
31.466666666666665,72.41830318245673,1.645222977369208e-07,158.4675053221609,0
31.483333333333334,72.46786099758673,1.6133281277302854e-07,158.18277895950246,0
31.5,72.51732976958354,1.5820562009600767e-07,157.89856413461888,0
31.516666666666666,72.56670965842449,1.5513949291678075e-07,157.61485992930287,0
31.533333333333335,72.61600082379974,1.5213322883518447e-07,157.33166542697978,0
31.55,72.66520342511274,1.491856493499199e-07,157.0489797127056,0
31.566666666666666,72.71431762148073,1.462955993784677e-07,156.7668018731638,0
31.583333333333332,72.7633435717353,1.4346194678676627e-07,156.48513099666317,0
31.6,72.81228143442289,1.406835819284484e-07,156.20396617313475,0
31.616666666666667,72.8611313678052,1.3795941719344253e-07,155.92330649412955,0
31.633333333333333,72.90989352985987,1.3528838656574202e-07,155.6431510528158,0
31.65,72.95856807828085,1.3266944519015562e-07,155.36349894397625,0
31.666666666666668,73.00715517047894,1.3010156894785528e-07,155.08434926400568,0
31.683333333333334,73.05565496358236,1.2758375404053748e-07,154.80570111090822,0
31.7,73.10406761443711,1.2511501658302474e-07,154.5275535842947,0
31.716666666666665,73.15239327960765,1.2269439220412892e-07,154.24990578537998,0
31.733333333333334,73.20063211537726,1.2032093565561135e-07,153.97275681698045,0
31.75,73.24878427774863,1.1799372042906872e-07,153.6961057835113,0
31.766666666666666,73.29684992244428,1.1571183838058684e-07,153.419951790984,0
31.783333333333335,73.34482920490716,1.1347439936299838e-07,153.1442939470034,0
31.8,73.39272228030107,1.1128053086559065e-07,152.86913136076564,0
31.816666666666666,73.4405293035112,1.0912937766110965e-07,152.5944631430548,0
31.833333333333332,73.48825042914457,1.0702010145991129e-07,152.32028840624096,0
31.85,73.53588581153063,1.0495188057111423e-07,152.04660626427716,0
31.866666666666667,73.58343560472166,1.0292390957060801e-07,151.77341583269688,0
31.883333333333333,73.63089996249326,1.009353989757768e-07,151.50071622861145,0
31.9,73.67827903834498,9.898557492680438e-08,151.22850657070737,0
31.916666666666668,73.72557298550065,9.707367887441973e-08,150.95678597924376,0
31.933333333333334,73.77278195690893,9.519896727395734e-08,150.6855535760497,0
31.95,73.81990610524385,9.336071128559787e-08,150.4148084845216,0
31.966666666666665,73.86694558290525,9.155819648066654e-08,150.14454982962053,0
31.983333333333334,73.91390054201928,8.9790722553862e-08,149.8747767378697,0
32.0,73.96077113443887,8.805760304129793e-08,149.60548833735186,0
32.016666666666666,74.00755751174427,8.6358165044235e-08,149.33668375770645,0
32.03333333333333,74.05425982524348,8.469174895838946e-08,149.06836213012738,0
32.05,74.10087822597278,8.305770820870319e-08,148.80052258736,0
32.06666666666667,74.14741286469719,8.145540898946121e-08,148.5331642636988,0
32.083333333333336,74.193863891911,7.988423000965622e-08,148.2662862949846,0
32.1,74.24023145783816,7.834356224347945e-08,147.99988781860213,0
32.11666666666667,74.28651571243284,7.683280868584676e-08,147.73396797347718,0
32.13333333333333,74.33271680537996,7.535138411284681e-08,147.46852590007418,0
32.15,74.37883488609548,7.389871484701732e-08,147.20356074039347,0
32.166666666666664,74.42487010372713,7.247423852734751e-08,146.93907163796896,0
32.18333333333333,74.47082260715467,7.107740388391329e-08,146.6750577378651,0
32.2,74.51669254499056,6.970767051704754e-08,146.41151818667464,0
32.21666666666667,74.56248006558023,6.836450868095425e-08,146.1484521325159,0
32.233333333333334,74.60818531700278,6.70473990716784e-08,145.8858587250301,0
32.25,74.65380844707127,6.575583261933929e-08,145.62373711537896,0
32.266666666666666,74.69934960333335,6.448931028454244e-08,145.3620864562419,0
32.28333333333333,74.74480893307157,6.324734285888378e-08,145.10090590181363,0
32.3,74.79018658330405,6.202945076946562e-08,144.84019460780135,0
32.31666666666667,74.83548270078474,6.083516388733966e-08,144.57995173142237,0
32.333333333333336,74.8806974320041,5.966402133979774e-08,144.32017643140148,0
32.35,74.92583092318937,5.851557132643482e-08,144.0608678679682,0
32.36666666666667,74.97088332030523,5.73893709389027e-08,143.80202520285454,0
32.38333333333333,75.01585476905413,5.6284985984285566e-08,143.54364759929203,0
32.4,75.06074541487683,5.5201990812017125e-08,143.28573422200938,0
32.416666666666664,75.10555540295289,5.41399681442736e-08,143.02828423722994,0
32.43333333333333,75.15028487820102,5.309850890976706e-08,142.77129681266896,0
32.45,75.19493398527969,5.2077212080873864e-08,142.51477111753115,0
32.46666666666667,75.23950286858752,5.1075684514027707e-08,142.25870632250812,0
32.483333333333334,75.28399167226371,5.009354079331276e-08,142.0031015997757,0
32.5,75.32840054018864,4.913040307719134e-08,141.74795612299152,0
32.516666666666666,75.37272961598417,4.818590094830255e-08,141.49326906729235,0
32.53333333333333,75.41697904301421,4.7259671266270497e-08,141.2390396092916,0
32.55,75.46114896438513,4.6351358023459475e-08,140.9852669270768,0
32.56666666666667,75.50523952294628,4.54606122036174e-08,140.7319502002069,0
32.583333333333336,75.5492508612904,4.458709164335023e-08,140.47908860970998,0
32.6,75.59318312175408,4.373046089636658e-08,140.22668133808043,0
32.61666666666667,75.63703644641824,4.2890391100441085e-08,139.9747275692765,0
32.63333333333333,75.68081097710855,4.2066559847036663e-08,139.723226488718,0
32.65,75.72450685539596,4.1258651053536516e-08,139.47217728328337,0
32.666666666666664,75.7681242225971,4.046635483802891e-08,139.22157914130742,0
32.68333333333333,75.81166321977476,3.968936739659656e-08,138.9714312525787,0
32.7,75.85512398773831,3.89273908830573e-08,138.72173280833698,0
32.71666666666667,75.89850666704417,3.818013329110883e-08,138.47248300127083,0
32.733333333333334,75.94181139799633,3.744730833882665e-08,138.2236810255149,0
32.75,75.98503832064668,3.6728635355470066e-08,137.97532607664758,0
32.766666666666666,76.02818757479555,3.602383917054672e-08,137.7274173516884,0
32.78333333333333,76.07125929999218,3.533265000509411e-08,137.47995404909554,0
32.8,76.11425363553504,3.465480336512868e-08,137.2329353687633,0
32.81666666666667,76.15717072047244,3.39900399372225e-08,136.98636051201962,0
32.833333333333336,76.20001069360286,3.333810548616256e-08,136.74022868162356,0
32.85,76.24277369347548,3.269875075465145e-08,136.49453908176287,0
32.86666666666667,76.28545985839055,3.207173136500796e-08,136.2492909180514,0
32.88333333333333,76.32806932639994,3.1456807722828115e-08,136.00448339752666,0
32.9,76.37060223530743,3.085374492256542e-08,135.76011572864724,0
32.916666666666664,76.41305872266932,3.0262312654993284e-08,135.5161871212905,0
32.93333333333333,76.45543892579478,2.9682285116510962e-08,135.2726967867499,0
32.95,76.49774298174628,2.9113440920256357e-08,135.02964393773271,0
32.96666666666667,76.53997102734017,2.855556300898856e-08,134.7870277883573,0
32.983333333333334,76.58212319914686,2.8008438569704986e-08,134.54484755415092,0
33.0,76.62419963349156,2.747185894995845e-08,134.303102452047,0
33.016666666666666,76.66620046645447,2.6945619575839563e-08,134.06179170038283,0
33.03333333333333,76.70812583387143,2.6429519871590737e-08,133.82091451889707,0
33.05,76.74997587133419,2.592336318082e-08,133.58047012872726,0
33.06666666666667,76.79175071419091,2.54269566892814e-08,133.3404577524074,0
33.083333333333336,76.83345049754661,2.4940111349190695e-08,133.1008766138654,0
33.1,76.87507535626364,2.4462641805046037e-08,132.8617259384208,0
33.11666666666667,76.91662542496199,2.3994366320923374e-08,132.6230049527821,0
33.13333333333333,76.9581008380199,2.353510670921569e-08,132.38471288504468,0
33.15,76.99950172957415,2.308468826078932e-08,132.14684896468788,0
33.166666666666664,77.04082823352051,2.2642939676526158e-08,131.90941242257287,0
33.18333333333333,77.08208048351426,2.2209693000227233e-08,131.67240249094021,0
33.2,77.12325861297057,2.1784783552846682e-08,131.4358184034074,0
33.21666666666667,77.16436275506491,2.1368049868032547e-08,131.1996593949663,0
33.233333333333334,77.20539304273348,2.095933362894656e-08,130.96392470198086,0
33.25,77.24634960867368,2.0558479606337545e-08,130.7286135621847,0
33.266666666666666,77.28723258534451,2.01653355978432e-08,130.49372521467873,0
33.28333333333333,77.328042104967,1.9779752368496515e-08,130.25925889992848,0
33.3,77.36877829952462,1.9401583592411373e-08,130.0252138597621,0
33.31666666666667,77.40944130076379,1.903068579562457e-08,129.79158933736755,0
33.333333333333336,77.45003124019418,1.866691830007097e-08,129.55838457729055,0
33.35,77.49054824908922,1.8310143168668866e-08,129.32559882543185,0
33.36666666666667,77.53099245848652,1.796022515149388e-08,129.0932313290451,0
33.38333333333333,77.57136399918825,1.7617031633018276e-08,128.86128133673435,0
33.4,77.6116630017616,1.728043258039677e-08,128.62974809845164,0
33.416666666666664,77.65188959653916,1.6950300492774903e-08,128.3986308654947,0
33.43333333333333,77.69204391361941,1.6626510351602126e-08,128.16792889050456,0
33.45,77.73212608286707,1.6308939571928085e-08,127.93764142746292,0
33.46666666666667,77.77213623391356,1.5997467954662907e-08,127.70776773169021,0
33.483333333333334,77.81207449615742,1.5691977639782006e-08,127.47830705984295,0
33.5,77.85194099876468,1.539235306045654e-08,127.24925866991136,0
33.516666666666666,77.89173587066934,1.5098480898091724e-08,127.02062182121712,0
33.53333333333333,77.93145924057374,1.481025003825373e-08,126.79239577441098,0
33.55,77.97111123694906,1.4527551527468164e-08,126.56457979147036,0
33.56666666666667,78.01069198803556,1.4250278530872574e-08,126.33717313569703,0
33.583333333333336,78.05020162184321,1.3978326290706149e-08,126.11017507171474,0
33.6,78.08964026615195,1.3711592085619175e-08,125.88358486546694,0
33.61666666666667,78.12900804851212,1.3449975190786866e-08,125.65740178421436,0
33.63333333333333,78.16830509624498,1.3193376838810805e-08,125.43162509653274,0
33.65,78.20753153644297,1.2941700181392714e-08,125.2062540723104,0
33.666666666666664,78.24668749597026,1.2694850251764927e-08,124.98128798274604,0
33.68333333333333,78.28577310146302,1.2452733927862166e-08,124.75672610034627,0
33.7,78.32478847932995,1.221525989622104e-08,124.53256769892347,0
33.71666666666667,78.36373375575266,1.198233861659118e-08,124.30881205359327,0
33.733333333333334,78.40260905668603,1.1753882287245075e-08,124.08545844077241,0
33.75,78.44141450785862,1.1529804810971881e-08,123.86250613817626,0
33.766666666666666,78.48015023477323,1.1310021761742194e-08,123.63995442481671,0
33.78333333333333,78.51881636270699,1.1094450352030143e-08,123.41780258099963,0
33.8,78.55741301671209,1.0883009400779588e-08,123.1960498883228,0
33.81666666666667,78.59594032161601,1.0675619302001746e-08,122.9746956296735,0
33.833333333333336,78.63439840202196,1.0472201993992129e-08,122.75373908922617,0
33.85,78.67278738230925,1.0272680929153335e-08,122.53317955244026,0
33.86666666666667,78.7111073866338,1.0076981044412979e-08,122.31301630605773,0
33.88333333333333,78.74935853892839,9.885028732224071e-09,122.09324863810109,0
33.9,78.78754096290324,9.696751812136304e-09,121.87387583787074,0
33.916666666666664,78.82565478204616,9.512079502927554e-09,121.65489719594304,0
33.93333333333333,78.86370011962322,9.330942395283554e-09,121.43631200416779,0
33.95,78.90167709867897,9.153272425015626e-09,121.21811955566615,0
33.96666666666667,78.93958584203692,8.979002846805284e-09,121.0003191448282,0
33.983333333333334,78.97742647229985,8.808068208465526e-09,120.78291006731075,0
34.0,79.01519911185034,8.640404325708437e-09,120.56589162003517,0
34.016666666666666,79.05290388285107,8.475948257409062e-09,120.34926310118507,0
34.03333333333333,79.0905409072452,8.314638281355706e-09,120.13302381020404,0
34.05,79.12811030675681,8.156413870477079e-09,119.91717304779333,0
34.06666666666667,79.16561220289134,8.001215669536746e-09,119.7017101159098,0
34.083333333333336,79.20304671693586,7.848985472285522e-09,119.48663431776352,0
34.1,79.24041396995955,7.699666199063048e-09,119.27194495781562,0
34.11666666666667,79.27771408281409,7.553201874839326e-09,119.05764134177599,0
34.13333333333333,79.31494717613398,7.40953760768755e-09,118.84372277660111,0
34.15,79.35211337033704,7.2686195676798845e-09,118.63018857049182,0
34.166666666666664,79.38921278562471,7.130394966197587e-09,118.41703803289111,0
34.18333333333333,79.42624554198242,6.994812035647317e-09,118.20427047448183,0
34.2,79.4632117591801,6.86182000957571e-09,117.99188520718457,0
34.21666666666667,79.50011155677247,6.7313691031742975e-09,117.77988154415539,0
34.233333333333334,79.53694505406897,6.603410494166662e-09,117.56825880213543,0
34.25,79.5737123702262,6.477896304186177e-09,117.35701629434558,0
34.266666666666666,79.61041362415561,6.354779580065456e-09,117.14615333763608,0
34.28333333333333,79.64704893455499,6.234014276152822e-09,116.93566925008378,0
34.3,79.68361841990891,6.1155552365625465e-09,116.72556335099016,0
34.31666666666667,79.72012219848904,5.999358177857672e-09,116.51583496087892,0
34.333333333333336,79.75656038835453,5.885379672078267e-09,116.3064834014939,0
34.35,79.79293310735247,5.773577130102796e-09,116.0975079957969,0
34.36666666666667,79.82924047311815,5.66390878533575e-09,115.88890806796547,0
34.38333333333333,79.86548260307558,5.556333677714751e-09,115.68068294339078,0
34.4,79.9016596144377,5.450811638031179e-09,115.47283194867539,0
34.416666666666664,79.93777162420696,5.3473032725578735e-09,115.26535441163117,0
34.43333333333333,79.97381874917552,5.245769947977625e-09,115.05824966127706,0
34.45,80.00980110592572,5.146173776607165e-09,114.851517027837,0
34.46666666666667,80.04571881083044,5.0484776019101494e-09,114.64515584273768,0
34.483333333333334,80.08157198005345,4.952644984293761e-09,114.43916543860645,0
34.5,80.11736072954989,4.858640187183336e-09,114.23354514926916,0
34.516666666666666,80.15308517506647,4.766428163369476e-09,114.02829430974805,0
34.53333333333333,80.18874543214197,4.675974541622146e-09,113.82341225625953,0
34.55,80.22434161610758,4.587245613566727e-09,113.61889832621212,0
34.56666666666667,80.25987384208732,4.500208320816724e-09,113.41475185820431,0
34.583333333333336,80.2953422249983,4.414830242358052e-09,113.2109721920224,0
34.6,80.33074687955114,4.3310795821799204e-09,113.0075586686384,0
34.61666666666667,80.36608792025051,4.24892515714768e-09,112.80451063020789,0
34.63333333333333,80.40136546139513,4.168336385112543e-09,112.60182742006792,0
34.65,80.43657961707854,4.0892832732536166e-09,112.39950838273492,0
34.666666666666664,80.4717305011892,4.011736406647906e-09,112.19755286390253,0
34.68333333333333,80.50681822741096,3.935666937063445e-09,111.99596021043952,0
34.7,80.54184290922339,3.86104657197138e-09,111.79472977038776,0
34.71666666666667,80.57680465990224,3.787847563772619e-09,111.59386089295997,0
34.733333333333334,80.61170359251965,3.716042699234851e-09,111.3933529285378,0
34.75,80.64653981994468,3.64560528913576e-09,111.19320522866957,0
34.766666666666666,80.68131345484359,3.5765091581085077e-09,110.99341714606832,0
34.78333333333333,80.71602460968012,3.5087286346851796e-09,110.79398803460963,0
34.8,80.75067339671604,3.442238541534732e-09,110.59491724932961,0
34.81666666666667,80.78525992801138,3.3770141858913306e-09,110.39620414642279,0
34.833333333333336,80.81978431542483,3.313031350169302e-09,110.19784808323999,0
34.85,80.8542466706141,3.25026628276134e-09,109.99984841828636,0
34.86666666666667,80.88864710503631,3.188695689015964e-09,109.80220451121929,0
34.88333333333333,80.9229857299483,3.1282967223910105e-09,109.60491572284627,0
34.9,80.95726265640698,3.069046975779537e-09,109.40798141512285,0
34.916666666666664,80.9914779952698,3.010924473004856e-09,109.21140095115071,0
34.93333333333333,81.02563185719497,2.9539076604812525e-09,109.01517369517542,0
34.95,81.05972435264188,2.897975399037294e-09,108.8192990125845,0
34.96666666666667,81.09375559187148,2.8431069558983176e-09,108.62377626990539,0
34.983333333333334,81.12772568494661,2.7892819968252423e-09,108.42860483480338,0
35.0,81.16163474173236,2.736480578406399e-09,108.23378407607956,0
35.016666666666666,81.19548287189637,2.6846831404994874e-09,108.03931336366871,0
35.03333333333333,81.22927018490931,2.633870498820731e-09,107.84519206863752,0
35.05,81.26299679004514,2.584023837678284e-09,107.65141956318224,0
35.06666666666667,81.29666279638144,2.5351247028470718e-09,107.45799522062696,0
35.083333333333336,81.33026831279986,2.4871549945823417e-09,107.26491841542125,0
35.1,81.36381344798639,2.440096960769102e-09,107.0721885231385,0
35.11666666666667,81.39729831043175,2.3939331902049536e-09,106.87980492047367,0
35.13333333333333,81.43072300843176,2.3486466060134458e-09,106.68776698524142,0
35.15,81.4640876500876,2.304220459185714e-09,106.49607409637393,0
35.166666666666664,81.49739234330627,2.2606383222476058e-09,106.3047256339191,0
35.18333333333333,81.53063719580089,2.217884083049943e-09,106.11372097903842,0
35.2,81.56382231509104,2.1759419386796152e-09,105.92305951400492,0
35.21666666666667,81.5969478085031,2.134796389488908e-09,105.73274062220145,0
35.233333333333334,81.63001378317061,2.0944322332409796e-09,105.54276368811837,0
35.25,81.66302034603464,2.0548345593690676e-09,105.35312809735176,0
35.266666666666666,81.69596760384412,2.0159887433472483e-09,105.16383323660135,0
35.28333333333333,81.72885566315614,1.977880441170544e-09,104.97487849366858,0
35.3,81.76168463033638,1.940495583942274e-09,104.78626325745466,0
35.31666666666667,81.7944546115594,1.9038203725665284e-09,104.59798691795851,0
35.333333333333336,81.827165712809,1.86784127254371e-09,104.41004886627483,0
35.35,81.85981803987852,1.83254500886711e-09,104.2224484945922,0
35.36666666666667,81.89241169837123,1.7979185610185852e-09,104.03518519619098,0
35.38333333333333,81.9249467937007,1.7639491580613549e-09,103.84825836544152,0
35.4,81.95742343109104,1.7306242738280603e-09,103.66166739780208,0
35.416666666666664,81.98984171557731,1.6979316222021326e-09,103.47541168981694,0
35.43333333333333,82.0222017520059,1.665859152490838e-09,103.2894906391144,0
35.45,82.05450364503477,1.6343950448879572e-09,103.10390364440494,0
35.46666666666667,82.08674749913385,1.6035277060245403e-09,102.91865010547913,0
35.483333333333334,82.11893341858536,1.5732457646059624e-09,102.7337294232058,0
35.5,82.15106150748414,1.5435380671335308e-09,102.54914099953011,0
35.516666666666666,82.18313186973806,1.5143936737090954e-09,102.3648842374715,0
35.53333333333333,82.21514460906822,1.4858018539209512e-09,102.180958541122,0
35.55,82.2470998290094,1.4577520828095312e-09,101.99736331564404,0
35.56666666666667,82.27899763291035,1.4302340369112221e-09,101.81409796726868,0
35.583333333333336,82.31083812393409,1.4032375903789172e-09,101.63116190329366,0
35.6,82.34262140505835,1.3767528111776692e-09,101.44855453208152,0
35.61666666666667,82.37434757907579,1.3507699573540783e-09,101.26627526305762,0
35.63333333333333,82.40601674859438,1.325279473377943e-09,101.08432350670826,0
35.65,82.43762901603776,1.3002719865547266e-09,100.90269867457886,0
35.666666666666664,82.46918448364552,1.2757383035075428e-09,100.72140017927195,0
35.68333333333333,82.50068325347351,1.2516694067272243e-09,100.54042743444525,0
35.7,82.53212542739429,1.2280564511891868e-09,100.35977985480997,0
35.71666666666667,82.56351110709733,1.2048907610357718e-09,100.1794568561287,0
35.733333333333334,82.5948403940894,1.1821638263228208e-09,99.99945785521362,0
35.75,82.62611338969494,1.159867299829185e-09,99.81978226992466,0
35.766666666666666,82.65733019505622,1.1379929939279689e-09,99.64042951916748,0
35.78333333333333,82.68849091113388,1.1165328775183069e-09,99.46139902289181,0
35.8,82.71959563870713,1.0954790730164936e-09,99.28269020208933,0
35.81666666666667,82.7506444783741,1.074823853405312e-09,99.10430247879201,0
35.833333333333336,82.78163753055217,1.0545596393403956e-09,98.92623527607014,0
35.85,82.81257489547833,1.0346789963125658e-09,98.74848801803043,0
35.86666666666667,82.84345667320942,1.0151746318650212e-09,98.57106012981426,0
35.88333333333333,82.87428296362249,9.96039392864333e-10,98.39395103759576,0
35.9,82.90505386641523,9.772662628241511e-10,98.21716016857991,0
35.916666666666664,82.93576948110608,9.588483592806637e-10,98.04068695100082,0
35.93333333333333,82.96642990703475,9.407789312187627e-10,97.86453081411976,0
35.95,82.99703524336243,9.230513565479237e-10,97.68869118822337,0
35.96666666666667,83.02758558907219,9.056591396268613e-10,97.51316750462185,0
35.983333333333334,83.05808104296919,8.885959088359754e-10,97.33795919564703,0
36.0,83.08852170368107,8.718554141967019e-10,97.16306569465061,0
36.016666666666666,83.1189076696583,8.554315250368228e-10,96.98848643600233,0
36.03333333333333,83.1492390391744,8.393182277008506e-10,96.81422085508811,0
36.05,83.17951591032637,8.235096233046197e-10,96.64026838830824,0
36.06666666666667,83.20973838103494,8.07999925533216e-10,96.4666284730756,0
36.083333333333336,83.23990654904487,7.927834584814037e-10,96.29330054781374,0
36.1,83.27002051192538,7.778546545357335e-10,96.12028405195517,0
36.11666666666667,83.30008036707028,7.632080522975118e-10,95.94757842593951,0
36.13333333333333,83.33008621169843,7.488382945458322e-10,95.77518311121166,0
36.15,83.36003814285405,7.347401262399237e-10,95.60309755022004,0
36.166666666666664,83.3899362574069,7.209083925599924e-10,95.43132118641478,0
36.18333333333333,83.41978065205278,7.073380369858889e-10,95.2598534642458,0
36.2,83.44957142331374,6.940240994127798e-10,95.08869382916126,0
36.21666666666667,83.47930866753838,6.809617143031849e-10,94.91784172760553,0
36.233333333333334,83.50899248090215,6.681461088746252e-10,94.74729660701759,0
36.25,83.53862295940779,6.555726013221921e-10,94.57705791582907,0
36.266666666666666,83.56820019888544,6.432365990753993e-10,94.40712510346265,0
36.28333333333333,83.59772429499311,6.311335970885983e-10,94.2374976203301,0
36.3,83.62719534321698,6.192591761643587e-10,94.0681749178306,0
36.31666666666667,83.6566134388716,6.076090013091263e-10,93.89915644834902,0
36.333333333333336,83.68597867710027,5.961788201205784e-10,93.73044166525405,0
36.35,83.71529115287537,5.84964461206023e-10,93.56203002289641,0
36.36666666666667,83.74455096099861,5.739618326312686e-10,93.39392097660728,0
36.38333333333333,83.77375819610137,5.631669203993515e-10,93.22611398269626,0
36.4,83.80291295264503,5.52575786958564e-10,93.0586084984499,0
36.416666666666664,83.8320153249212,5.421845697392003e-10,92.89140398212969,0
36.43333333333333,83.8610654070521,5.319894797184669e-10,92.72449989297051,0
36.45,83.89006329299085,5.219868000130114e-10,92.5578956911788,0
36.46666666666667,83.91900907652169,5.121728844985499e-10,92.39159083793075,0
36.483333333333334,83.94790285126042,5.025441564560351e-10,92.22558479537065,0
36.5,83.97674471065464,4.930971072438873e-10,92.05987702660917,0
36.516666666666666,84.005534747984,4.838282949957658e-10,91.89446699572152,0
36.53333333333333,84.03427305636058,4.747343433433808e-10,91.7293541677458,0
36.55,84.06295972872914,4.658119401638715e-10,91.56453800868125,0
36.56666666666667,84.09159485786748,4.5705783635128235e-10,91.40001798548656,0
36.583333333333336,84.12017853638663,4.4846884461164364e-10,91.23579356607804,0
36.6,84.1487108567313,4.400418382812335e-10,91.07186421932803,0
36.61666666666667,84.17719191118006,4.31773750167548e-10,90.90822941506312,0
36.63333333333333,84.2056217918457,4.236615714125499e-10,90.74488862406241,0
36.65,84.23400059067544,4.157023503777666e-10,90.58184131805582,0
36.666666666666664,84.26232839945135,4.078931915508102e-10,90.41908696972249,0
36.68333333333333,84.29060530979058,4.0023125447291057e-10,90.25662505268885,0
36.7,84.3188314131457,3.927137526870501e-10,90.09445504152711,0
36.71666666666667,84.34700680080486,3.8533795270630175e-10,89.93257641175354,0
36.733333333333334,84.37513156389232,3.7810117300199107e-10,89.77098863982665,0
36.75,84.40320579336853,3.7100078301128197e-10,89.60969120314569,0
36.766666666666666,84.4312295800305,3.640342021638225e-10,89.44868358004871,0
36.78333333333333,84.45920301451216,3.5719889892708463e-10,89.28796524981112,0
36.8,84.4871261872845,3.5049238987002366e-10,89.12753569264387,0
36.81666666666667,84.51499918865606,3.4391223874471393e-10,88.96739438969186,0
36.833333333333336,84.54282210877307,3.374560555856179e-10,88.80754082303214,0
36.85,84.57059503761975,3.31121495826132e-10,88.64797447567227,0
36.86666666666667,84.59831806501867,3.2490625943209455e-10,88.48869483154877,0
36.88333333333333,84.62599128063104,3.188080900519148e-10,88.3297013755253,0
36.9,84.65361477395697,3.128247741830017e-10,88.17099359339112,0
36.916666666666664,84.6811886343357,3.069541403541984e-10,88.01257097185929,0
36.93333333333333,84.708712950946,3.011940583238756e-10,87.85443299856514,0
36.95,84.73618781280638,2.955424382934291e-10,87.69657916206455,0
36.96666666666667,84.76361330877543,2.899972301358369e-10,87.53900895183232,0
36.983333333333334,84.79098952755207,2.845564226390275e-10,87.38172185826042,0
37.0,84.81831655767586,2.792180427637369e-10,87.22471737265654,0
37.016666666666666,84.84559448752724,2.7398015491560595e-10,87.06799498724227,0
37.03333333333333,84.87282340532788,2.688408602312239e-10,86.9115541951516,0
37.05,84.90000339914096,2.6379829587785407e-10,86.75539449042905,0
37.06666666666667,84.92713455687138,2.588506343665812e-10,86.5995153680284,0
37.083333333333336,84.95421696626613,2.5399608287861977e-10,86.44391632381065,0
37.1,84.98125071491454,2.492328826045317e-10,86.28859685454267,0
37.11666666666667,85.00823589024853,2.4455930809609483e-10,86.13355645789552,0
37.13333333333333,85.03517257954296,2.399736666305956e-10,85.97879463244276,0
37.15,85.06206086991587,2.354742975872923e-10,85.82431087765883,0
37.166666666666664,85.08890084832878,2.310595718358191e-10,85.67010469391757,0
37.18333333333333,85.11569260158691,2.2672789113630355e-10,85.51617558249038,0
37.2,85.14243621633959,2.2247768755096904e-10,85.3625230455448,0
37.21666666666667,85.16913177908039,2.1830742286699575e-10,85.20914658614281,0
37.233333333333334,85.19577937614756,2.1421558803044254e-10,85.05604570823927,0
37.25,85.2223790937241,2.1020070259098957e-10,84.90321991668021,0
37.266666666666666,85.24893101783825,2.0626131415731602e-10,84.75066871720144,0
37.28333333333333,85.27543523436363,2.0239599786289522e-10,84.59839161642667,0
37.3,85.3018918290196,1.9860335584201537e-10,84.44638812186618,0
37.31666666666667,85.3283008873715,1.9488201671581913e-10,84.29465774191505,0
37.333333333333336,85.35466249483089,1.9123063508818348e-10,84.14319998585168,0
37.35,85.38097673665594,1.8764789105122995e-10,83.99201436383609,0
37.36666666666667,85.40724369795156,1.8413248970030677e-10,83.84110038690845,0
37.38333333333333,85.43346346366974,1.806831606582342e-10,83.69045756698745,0
37.4,85.45963611860992,1.772986576086532e-10,83.5400854168687,0
37.416666666666664,85.4857617474191,1.7397775783829458e-10,83.38998345022324,0
37.43333333333333,85.51184043459223,1.7071926178799897e-10,83.24015118159586,0
37.45,85.53787226447238,1.6752199261231799e-10,83.09058812640355,0
37.46666666666667,85.56385732125115,1.643847957475362e-10,82.94129380093399,0
37.483333333333334,85.58979568896879,1.6130653848794605e-10,82.79226772234396,0
37.5,85.61568745151465,1.582861095702171e-10,82.64350940865782,0
37.516666666666666,85.64153269262725,1.5532241876571585e-10,82.49501837876578,0
37.53333333333333,85.66733149589473,1.5241439648060287e-10,82.34679415242259,0
37.55,85.69308394475499,1.4956099336357958e-10,82.19883625024582,0
37.56666666666667,85.71879012249605,1.4676117992112153e-10,82.05114419371438,0
37.583333333333336,85.74445011225625,1.4401394614006062e-10,81.90371750516692,0
37.6,85.77006399702454,1.4131830111737996e-10,81.75655570780036,0
37.61666666666667,85.79563185964082,1.386732726970716e-10,81.60965832566824,0
37.63333333333333,85.8211537827961,1.360779071139313e-10,81.4630248836793,0
37.65,85.84662984903281,1.3353126864415422e-10,81.31665490759586,0
37.666666666666664,85.87206014074508,1.310324392625986e-10,81.17054792403235,0
37.68333333333333,85.89744474017901,1.285805183065922e-10,81.02470346045371,0
37.7,85.92278372943288,1.2617462214615615e-10,80.87912104517393,0
37.71666666666667,85.94807719045752,1.2381388386051962e-10,80.73380020735448,0
37.733333333333334,85.97332520505647,1.2149745292081128e-10,80.58874047700276,0
37.75,85.99852785488635,1.1922449487879953e-10,80.4439413849707,0
37.766666666666666,86.02368522145696,1.1699419106157563e-10,80.29940246295307,0
37.78333333333333,86.04879738613172,1.148057382720572e-10,80.15512324348614,0
37.8,86.07386443012786,1.126583484952092e-10,80.01110325994607,0
37.81666666666667,86.09888643451661,1.1055124860986187e-10,79.86734204654736,0
37.833333333333336,86.12386348022365,1.0848368010602711e-10,79.72383913834149,0
37.85,86.14879564802916,1.0645489880760818e-10,79.58059407121529,0
37.86666666666667,86.17368301856821,1.0446417460038952e-10,79.43760638188944,0
37.88333333333333,86.198525672331,1.0251079116521963e-10,79.29487560791706,0
37.9,86.2233236896631,1.0059404571627341e-10,79.15240128768218,0
37.916666666666664,86.2480771507657,9.871324874430841e-11,79.01018296039818,0
37.93333333333333,86.2727861356959,9.686772376481215e-11,78.86822016610637,0
37.95,86.29745072436695,9.50568070709476e-11,78.72651244567449,0
37.96666666666667,86.32207099654855,9.32798474912098e-11,78.58505934079523,0
37.983333333333334,86.34664703186705,9.153620615169722e-11,78.44386039398474,0
38.0,86.37117890980568,8.982525624291102e-11,78.30291514858114,0
38.016666666666666,86.39566670970491,8.814638279100066e-11,78.16222314874302,0
38.03333333333333,86.4201105107627,8.649898243336258e-11,78.02178393944808,0
38.05,86.44451039203459,8.488246319851614e-11,77.88159706649148,0
38.06666666666667,86.46886643243418,8.329624429016788e-11,77.74166207648454,0
38.083333333333336,86.49317871073325,8.173975587539007e-11,77.6019785168532,0
38.1,86.51744730556203,8.021243887683391e-11,77.4625459358365,0
38.11666666666667,86.54167229540947,7.871374476889255e-11,77.32336388248521,0
38.13333333333333,86.56585375862352,7.724313537775246e-11,77.1844319066604,0
38.15,86.58999177341131,7.580008268524345e-11,77.0457495590318,0
38.166666666666664,86.6140864178395,7.43840686364271e-11,76.90731639107659,0
38.18333333333333,86.63813776983446,7.299458495084386e-11,76.76913195507775,0
38.2,86.66214590718258,7.16311329373534e-11,76.63119580412273,0
38.21666666666667,86.68611090753038,7.029322331249748e-11,76.49350749210197,0
38.233333333333334,86.710032848385,6.898037602231912e-11,76.35606657370744,0
38.25,86.73391180711424,6.769212006756995e-11,76.21887260443125,0
38.266666666666666,86.75774786094692,6.642799333224455e-11,76.08192514056411,0
38.28333333333333,86.78154108697308,6.518754241537469e-11,75.945223739194,0
38.3,86.80529156214425,6.397032246602165e-11,75.80876795820471,0
38.31666666666667,86.82899936327371,6.27758970214094e-11,75.6725573562744,0
38.333333333333336,86.85266456703668,6.160383784813237e-11,75.53659149287414,0
38.35,86.87628724997067,6.045372478638388e-11,75.40086992826657,0
38.36666666666667,86.89986748847566,5.932514559714647e-11,75.26539222350442,0
38.38333333333333,86.92340535881434,5.821769581228533e-11,75.13015794042906,0
38.4,86.94690093711236,5.7130978587492464e-11,74.99516664166912,0
38.416666666666664,86.9703542993586,5.6064604558025864e-11,74.86041789063908,0
38.43333333333333,86.99376552140545,5.5018191697188504e-11,74.72591125153797,0
38.45,87.01713467896894,5.399136517749933e-11,74.59164628934762,0
38.46666666666667,87.04046184762913,5.29837572344986e-11,74.4576225698317,0
38.483333333333334,87.06374710283022,5.199500703314424e-11,74.32383965953393,0
38.5,87.08699051988086,5.102476053674373e-11,74.19029712577695,0
38.516666666666666,87.1101921739544,5.0072670378376696e-11,74.05699453666077,0
38.53333333333333,87.13335214008917,4.913839573475982e-11,73.92393146106141,0
38.55,87.15647049318859,4.822160220250696e-11,73.79110746862952,0
38.56666666666667,87.17954730802155,4.7321961676738714e-11,73.658522129789,0
38.583333333333336,87.20258265922257,4.643915223199738e-11,73.52617501573555,0
38.6,87.2255766212921,4.5572858005423616e-11,73.39406569843538,0
38.61666666666667,87.2485292685967,4.4722769082149753e-11,73.26219375062372,0
38.63333333333333,87.27144067536932,4.388858138286924e-11,73.1305587458035,0
38.65,87.29431091570956,4.3069996553540074e-11,72.99916025824396,0
38.666666666666664,87.31714006358382,4.2266721857182305e-11,72.86799786297931,0
38.68333333333333,87.33992819282565,4.147847006772802e-11,72.73707113580726,0
38.7,87.36267537713594,4.070495936588617e-11,72.60637965328775,0
38.71666666666667,87.38538169008312,3.994591323698344e-11,72.47592299274152,0
38.733333333333334,87.40804720510346,3.9201060370743044e-11,72.34570073224874,0
38.75,87.43067199550127,3.847013456296518e-11,72.21571245064774,0
38.766666666666666,87.45325613444915,3.775287461907228e-11,72.08595772753348,0
38.78333333333333,87.47579969498827,3.704902425948393e-11,71.95643614325634,0
38.8,87.4983027500285,3.6358332026786736e-11,71.82714727892068,0
38.81666666666667,87.52076537234872,3.5680551194664124e-11,71.69809071638355,0
38.833333333333336,87.54318763459707,3.501543967855357e-11,71.56926603825325,0
38.85,87.56556960929116,3.436275994799795e-11,71.44067282788805,0
38.86666666666667,87.58791136881825,3.3722278940657744e-11,71.31231066939485,0
38.88333333333333,87.6102129854356,3.3093767977955174e-11,71.18417914762777,0
38.9,87.63247453127063,3.2477002682315265e-11,71.0562778481869,0
38.916666666666664,87.65469607832111,3.187176289597749e-11,70.92860635741684,0
38.93333333333333,87.67687769845548,3.127783260134481e-11,70.80116426240545,0
38.95,87.69901946341314,3.0694999842843306e-11,70.6739511509825,0
38.96666666666667,87.7211214448044,3.012305665026135e-11,70.54696661171835,0
38.983333333333334,87.74318371411107,2.956179896354265e-11,70.42021023392253,0
39.0,87.76520634268644,2.901102655900343e-11,70.29368160764255,0
39.016666666666666,87.78718940175564,2.8470542976947087e-11,70.16738032366251,0
39.03333333333333,87.80913296241579,2.794015545065127e-11,70.0413059735017,0
39.05,87.83103709563628,2.741967483669874e-11,69.9154581494134,0
39.06666666666667,87.852901872259,2.6908915546628916e-11,69.78983644438351,0
39.083333333333336,87.87472736299851,2.640769547988289e-11,69.66444045212923,0
39.1,87.89651363844234,2.591583595801865e-11,69.53926976709776,0
39.11666666666667,87.91826076905124,2.543316166017226e-11,69.41432398446494,0
39.13333333333333,87.93996882515924,2.4959500559740702e-11,69.28960270013405,0
39.15,87.96163787697411,2.449468386226309e-11,69.16510551073438,0
39.166666666666664,87.98326799457742,2.4038545944478412e-11,69.04083201361998,0
39.18333333333333,88.00485924792481,2.3590924294536653e-11,68.91678180686839,0
39.2,88.02641170684626,2.3151659453341427e-11,68.79295448927927,0
39.21666666666667,88.04792544104627,2.2720594957002962e-11,68.66934966037319,0
39.233333333333334,88.06940052010408,2.229757728037983e-11,68.54596692039023,0
39.25,88.09083701347394,2.188245578168917e-11,68.42280587028874,0
39.266666666666666,88.11223499048529,2.1475082648165278e-11,68.29986611174412,0
39.28333333333333,88.133594520343,2.10753128427456e-11,68.17714724714743,0
39.3,88.1549156721276,2.0683004051765925e-11,68.05464887960407,0
39.31666666666667,88.17619851479552,2.029801663364468e-11,67.9323706129327,0
39.333333333333336,88.19744311717922,1.9920213568537912e-11,67.81031205166366,0
39.35,88.21864954798758,1.954946040894662e-11,67.68847280103799,0
39.36666666666667,88.23981787580597,1.918562523125811e-11,67.56685246700596,0
39.38333333333333,88.26094816909652,1.8828578588203398e-11,67.44545065622584,0
39.4,88.28204049619839,1.8478193462214116e-11,67.32426697606266,0
39.416666666666664,88.3030949253279,1.8134345219660772e-11,67.20330103458693,0
39.43333333333333,88.32411152457887,1.779691156595673e-11,67.08255244057332,0
39.45,88.34509036192269,1.746577250151048e-11,66.9620208034995,0
39.46666666666667,88.36603150520868,1.714081027851057e-11,66.8417057335448,0
39.483333333333334,88.38693502216424,1.6821909358527475e-11,66.72160684158888,0
39.5,88.40780098039508,1.650895637091676e-11,66.60172373921071,0
39.516666666666666,88.4286294473854,1.620184007200838e-11,66.48205603868699,0
39.53333333333333,88.4494204904982,1.590045130506678e-11,66.3626033529912,0
39.55,88.47017417697542,1.5604682961008265e-11,66.24336529579216,0
39.56666666666667,88.49089057393817,1.5314429939859825e-11,66.1243414814528,0
39.583333333333336,88.511569748387,1.502958911294655e-11,66.005531525029,0
39.6,88.53221176720206,1.475005928579316e-11,65.88693504226829,0
39.61666666666667,88.5528166971433,1.4475741161726197e-11,65.7685516496086,0
39.63333333333333,88.57338460485073,1.4206537306163972e-11,65.650380964177,0
39.65,88.59391555684464,1.3942352111580769e-11,65.53242260378855,0
39.666666666666664,88.61440961952579,1.3683091763132527e-11,65.41467618694493,0
39.68333333333333,88.63486685917563,1.342866420493185e-11,65.29714133283336,0
39.7,88.65528734195655,1.3178979106959798e-11,65.17981766132523,0
39.71666666666667,88.675671133912,1.2933947832602203e-11,65.06270479297497,0
39.733333333333334,88.69601830096681,1.2693483406798928e-11,64.94580234901873,0
39.75,88.71632890892738,1.2457500484794422e-11,64.8291099513733,0
39.766666666666666,88.7366030234818,1.22259153214783e-11,64.71262722263468,0
39.78333333333333,88.75684071020021,1.1998645741304203e-11,64.59635378607707,0
39.8,88.77704203453486,1.1775611108776554e-11,64.48028926565152,0
39.81666666666667,88.79720706182046,1.1556732299494542e-11,64.36443328598473,0
39.833333333333336,88.81733585727429,1.1341931671742106e-11,64.24878547237792,0
39.85,88.83742848599647,1.1131133038614118e-11,64.13334545080545,0
39.86666666666667,88.85748501297017,1.092426164066845e-11,64.01811284791383,0
39.88333333333333,88.87750550306177,1.0721244119094084e-11,63.903087291020306,0
39.9,88.89749002102107,1.0522008489385331e-11,63.788268408111804,0
39.916666666666664,88.91743863148159,1.0326484115512386e-11,63.67365582784364,0
39.93333333333333,88.93735139896073,1.0134601684579575e-11,63.55924917953837,0
39.95,88.95722838785987,9.946293181960956e-12,63.445048093184546,0
39.96666666666667,88.97706966246479,9.761491866905255e-12,63.33105219943554,0
39.983333333333334,88.99687528694567,9.580132248600636e-12,63.217261129608374,0
40.0,89.01664532535749,9.402150062690817e-12,63.103674515682506,0
40.016666666666666,89.03637984164003,9.227482248233912e-12,62.99029199029862,0
40.03333333333333,89.05607889961824,9.05606692509581e-12,62.877113186757484,0
40.05,89.07574256300242,8.887843371769539e-12,62.76413773901869,0
40.06666666666667,89.09537089538834,8.722752003612844e-12,62.65136528169957,0
40.083333333333336,89.11496396025754,8.560734351495891e-12,62.53879545007394,0
40.1,89.13452182097748,8.401733040851499e-12,62.42642788007093,0
40.11666666666667,89.15404454080182,8.24569177112003e-12,62.314262208273846,0
40.13333333333333,89.17353218287046,8.092555295581833e-12,62.202298071918925,0
40.15,89.19298481020994,7.942269401569508e-12,62.090535108894265,0
40.166666666666664,89.21240248573349,7.794780891053152e-12,61.97897295773854,0
40.18333333333333,89.2317852722414,7.65003756159129e-12,61.86761125763993,0
40.2,89.251133232421,7.507988187640673e-12,61.756449648434845,0
40.21666666666667,89.27044642884707,7.36858250221824e-12,61.6454877706069,0
40.233333333333334,89.28972492398194,7.231771178908369e-12,61.5347252652856,0
40.25,89.30896878017568,7.0975058142091726e-12,61.424161774245334,0
40.266666666666666,89.32817805966637,6.965738910211053e-12,61.31379693990406,0
40.28333333333333,89.34735282458027,6.8364238576017675e-12,61.20363040532228,0
40.3,89.36649313693196,6.7095149189911764e-12,61.0936618142018,0
40.31666666666667,89.38559905862465,6.584967212550222e-12,60.983890810884645,0
40.333333333333336,89.40467065145026,6.462736695957846e-12,60.87431704035184,0
40.35,89.42370797708978,6.34278015065015e-12,60.76494014822231,0
40.36666666666667,89.44271109711326,6.225055166366074e-12,60.65575978075171,0
40.38333333333333,89.46168007298023,6.109520125984e-12,60.54677558483131,0
40.4,89.48061496603975,5.996134190643745e-12,60.43798720798681,0
40.416666666666664,89.4995158375306,5.884857285148562e-12,60.32939429837721,0
40.43333333333333,89.51838274858157,5.775650083641912e-12,60.22099650479374,0
40.45,89.53721576021167,5.668473995553837e-12,60.11279347665862,0
40.46666666666667,89.55601493333015,5.563291151811533e-12,60.00478486402399,0
40.483333333333334,89.57478032873694,5.460064391309763e-12,59.89697031757077,0
40.5,89.59351200712265,5.358757247635484e-12,59.78934948860751,0
40.516666666666666,89.6122100290689,5.259333936042428e-12,59.68192202906929,0
40.53333333333333,89.6308744550484,5.161759340670604e-12,59.574687591516586,0
40.55,89.64950534542525,5.065999002006308e-12,59.46764582913412,0
40.56666666666667,89.66810276045507,4.972019104577942e-12,59.36079639572977,0
40.583333333333336,89.68666676028522,4.879786464883205e-12,59.254138945733445,0
40.6,89.705197404955,4.789268519543498e-12,59.14767313419595,0
40.61666666666667,89.7236947543958,4.700433313680828e-12,59.04139861678788,0
40.63333333333333,89.74215886843137,4.6132494895136e-12,58.935315049798504,0
40.65,89.76058980677796,4.527686275166478e-12,58.8294220901347,0
40.666666666666664,89.77898762904447,4.443713473691008e-12,58.723719395319755,0
40.68333333333333,89.79735239473275,4.3613014522923235e-12,58.618206623492334,0
40.7,89.81568416323775,4.28042113175865e-12,58.51288343340533,0
40.71666666666667,89.83398299384767,4.201043976089273e-12,58.40774948442478,0
40.733333333333334,89.85224894574421,4.123141982317659e-12,58.30280443652878,0
40.75,89.87048207800268,4.046687670525739e-12,58.19804795030634,0
40.766666666666666,89.88868244959231,3.971654074045866e-12,58.0934796869563,0
40.78333333333333,89.90685011937637,3.89801472984698e-12,57.9890993082863,0
40.8,89.92498514611232,3.825743669101316e-12,57.88490647671157,0
40.81666666666667,89.94308758845207,3.754815407928505e-12,57.780900855253954,0
40.833333333333336,89.96115750494216,3.685204938313403e-12,57.67708210754072,0
40.85,89.97919495402392,3.6168877191947e-12,57.57344989780353,0
40.86666666666667,89.99719999403369,3.549839667720902e-12,57.47000389087737,0
40.88333333333333,90.01517268320298,3.4840371506705177e-12,57.36674375219942,0
40.9,90.03311307965865,3.419456976033445e-12,57.263669147807974,0
40.916666666666664,90.05102124142317,3.3560763847505243e-12,57.160779744341404,0
40.93333333333333,90.06889722641473,3.2938730426081243e-12,57.05807520903704,0
40.95,90.08674109244744,3.232825032285043e-12,56.955555209730115,0
40.96666666666667,90.10455289723154,3.1729108455487005e-12,56.853219414852695,0
40.983333333333334,90.12233269837361,3.1141093755979167e-12,56.751067493432544,0
41.0,90.14008055337669,3.056399909549378e-12,56.64909911509216,0
41.016666666666666,90.15779651964053,2.999762121065316e-12,56.547313950047645,0
41.03333333333333,90.17548065446171,2.9441760631194244e-12,56.445711669107624,0
41.05,90.19313301503385,2.889622160898685e-12,56.34429194367222,0
41.06666666666667,90.21075365844787,2.836081204838397e-12,56.24305444573192,0
41.083333333333336,90.22834264169207,2.783534343787968e-12,56.14199884786667,0
41.1,90.24590002165235,2.7319630783049454e-12,56.04112482324461,0
41.11666666666667,90.2634258551124,2.6813492540748917e-12,55.94043204562118,0
41.13333333333333,90.28092019875395,2.631675055454825e-12,55.83992018933799,0
41.15,90.29838310915676,2.5829229991376583e-12,55.739588929321776,0
41.166666666666664,90.31581464279903,2.5350759279357224e-12,55.639437941083344,0
41.18333333333333,90.33321485605744,2.4881170046807748e-12,55.53946690071656,0
41.2,90.35058380520739,2.4420297062385046e-12,55.43967548489726,0
41.21666666666667,90.36792154642318,2.3967978176353315e-12,55.34006337088219,0
41.233333333333334,90.38522813577812,2.352405426295368e-12,55.24063023650805,0
41.25,90.40250362924483,2.3088369163854906e-12,55.141375760190336,0
41.266666666666666,90.41974808269536,2.2660769632665143e-12,55.042299620922364,0
41.28333333333333,90.43696155190132,2.2241105280483583e-12,54.943401498274255,0
41.3,90.45414409253415,2.1829228522473873e-12,54.84468107239186,0
41.31666666666667,90.47129576016529,2.1424994525439276e-12,54.746138023995684,0
41.333333333333336,90.48841661026621,2.102826115638123e-12,54.64777203437997,0
41.35,90.50550669820889,2.0638888932021382e-12,54.54958278541154,0
41.36666666666667,90.52256607926566,2.025674096927173e-12,54.451569959528875,0
41.38333333333333,90.53959480860962,1.9881682936632006e-12,54.35373323974102,0
41.4,90.55659294131472,1.9513583006498672e-12,54.25607230962656,0
41.416666666666664,90.57356053235596,1.9152311808368158e-12,54.158586853332665,0
41.43333333333333,90.59049763660956,1.879774238291703e-12,54.061276555573954,0
41.45,90.6074043088531,1.8449750136942905e-12,53.96414110163158,0
41.46666666666667,90.62428060376583,1.8108212799149843e-12,53.86718017735219,0
41.483333333333334,90.64112657592867,1.7773010376762837e-12,53.770393469146825,0
41.5,90.65794227982451,1.7444025112954689e-12,53.67378066399003,0
41.516666666666666,90.67472776983834,1.7121141445070821e-12,53.57734144941875,0
41.53333333333333,90.69148310025743,1.6804245963637478e-12,53.48107551353139,0
41.55,90.70820832527149,1.6493227372137132e-12,53.38498254498672,0
41.56666666666667,90.7249034989729,1.6187976447538162e-12,53.289062233002966,0
41.583333333333336,90.74156867535682,1.5888386001563518e-12,53.19331426735672,0
41.6,90.75820390832143,1.5594350842685326e-12,53.09773833838199,0
41.61666666666667,90.774809251668,1.530576773883135e-12,53.00233413696917,0
41.63333333333333,90.79138475910122,1.5022535380789648e-12,52.90710135456408,0
41.65,90.80793048422919,1.474455434629918e-12,52.81203968316687,0
41.666666666666664,90.8244464805638,1.447172706481255e-12,52.71714881533121,0
41.68333333333333,90.84093280152067,1.4203957782918927e-12,52.62242844416305,0
41.7,90.85738950041953,1.3941152530414256e-12,52.52787826331983,0
41.71666666666667,90.87381663048427,1.3683219087007082e-12,52.4334979670094,0
41.733333333333334,90.89021424484318,1.3430066949647318e-12,52.339287249989056,0
41.75,90.90658239652907,1.318160730046743e-12,52.24524580756453,0
41.766666666666666,90.92292113847944,1.2937752975323022e-12,52.15137333558904,0
41.78333333333333,90.93923052353674,1.2698418432923076e-12,52.057669530462256,0
41.8,90.95551060444838,1.2463519724537668e-12,51.96413408912936,0
41.81666666666667,90.97176143386707,1.2232974464272738e-12,51.870766709080044,0
41.833333333333336,90.98798306435093,1.20067017999014e-12,51.77756708834757,0
41.85,91.00417554836356,1.1784622384241153e-12,51.6845349255077,0
41.86666666666667,91.02033893827435,1.1566658347066504e-12,51.59166991967784,0
41.88333333333333,91.03647328635859,1.1352733267547703e-12,51.49897177051602,0
41.9,91.05257864479765,1.1142772147204967e-12,51.40644017821988,0
41.916666666666664,91.06865506567912,1.0936701383368531e-12,51.314074843525724,0
41.93333333333333,91.08470260099703,1.0734448743135896e-12,51.22187546770761,0
41.95,91.10072130265198,1.0535943337815705e-12,51.12984175257629,0
41.96666666666667,91.11671122245129,1.0341115597850408e-12,51.037973400478315,0
41.983333333333334,91.1326724121092,1.0149897248207245e-12,50.946270114295054,0
42.0,91.14860492324706,9.962221284230297e-13,50.85473159744172,0
42.016666666666666,91.16450880739349,9.778021947943918e-13,50.76335755386642,0
42.03333333333333,91.18038411598447,9.597234704799427e-13,50.672147688049186,0
42.05,91.19623090036355,9.419796220856712e-13,50.58110170500106,0
42.06666666666667,91.2120492117821,9.245644340392702e-13,50.49021931026309,0
42.083333333333336,91.22783910139933,9.074718063928359e-13,50.399500209905376,0
42.1,91.24360062028256,8.906957526666771e-13,50.30894411052617,0
42.11666666666667,91.25933381940739,8.742303977334385e-13,50.218550719250906,0
42.13333333333333,91.27503874965775,8.580699757417807e-13,50.128319743731225,0
42.15,91.29071546182624,8.42208828078889e-13,50.03825089214405,0
42.166666666666664,91.30636400661413,8.266414013710679e-13,49.948343873190666,0
42.18333333333333,91.32198443463156,8.113622455217112e-13,49.858598396095694,0
42.2,91.33757679639784,7.963660117859618e-13,49.769014170606276,0
42.21666666666667,91.3531411423414,7.816474508813574e-13,49.67959090699105,0
42.233333333333334,91.36867752280016,7.672014111337846e-13,49.590328316039226,0
42.25,91.38418598802153,7.530228366580884e-13,49.50122610905964,0
42.266666666666666,91.39966658816265,7.391067655726849e-13,49.412283997879875,0
42.28333333333333,91.41511937329051,7.254483282475517e-13,49.32350169484528,0
42.3,91.43054439338223,7.120427455849422e-13,49.23487891281804,0
42.31666666666667,91.44594169832504,6.988853273322325e-13,49.14641536517625,0
42.333333333333336,91.4613113379166,6.859714704262949e-13,49.05811076581305,0
42.35,91.47665336186508,6.732966573688149e-13,48.96996482913558,0
42.36666666666667,91.49196781978927,6.608564546319439e-13,48.88197727006416,0
42.38333333333333,91.50725476121889,6.486465110937472e-13,48.794147804031354,0
42.4,91.52251423559466,6.366625565028841e-13,48.706476146980954,0
42.416666666666664,91.53774629226841,6.249003999719621e-13,48.6189620153672,0
42.43333333333333,91.55295098050334,6.133559284990315e-13,48.53160512615377,0
42.45,91.56812834947412,6.020251055167053e-13,48.44440519681292,0
42.46666666666667,91.5832784482671,5.909039694683685e-13,48.3573619453245,0
42.483333333333334,91.59840132588035,5.799886324109796e-13,48.2704750901751,0
42.5,91.61349703122399,5.692752786439709e-13,48.18374435035713,0
42.516666666666666,91.62856561312022,5.587601633637423e-13,48.097169445367925,0
42.53333333333333,91.64360712030351,5.484396113432862e-13,48.010750095208785,0
42.55,91.6586216014208,5.383100156364735e-13,47.924486020384094,0
42.56666666666667,91.67360910503162,5.283678363065165e-13,47.838376941900464,0
42.583333333333336,91.6885696796082,5.186095991781781e-13,47.75242258126575,0
42.6,91.7035033735357,5.090318946132829e-13,47.66662266048822,0
42.61666666666667,91.71841023511234,4.996313763090758e-13,47.58097690207565,0
42.63333333333333,91.73329031254963,4.904047601190175e-13,47.49548502903433,0
42.65,91.74814365397232,4.813488228955905e-13,47.41014676486832,0
42.666666666666664,91.76297030741885,4.724604013547057e-13,47.32496183357843,0
42.68333333333333,91.77777032084123,4.637363909613006e-13,47.23992995966138,0
42.7,91.79254374210532,4.551737448357301e-13,47.15505086810895,0
42.71666666666667,91.807290618991,4.4676947268058473e-13,47.07032428440699,0
42.733333333333334,91.82201099919234,4.3852063972750767e-13,46.98574993453463,0
42.75,91.83670493031767,4.3042436570369726e-13,46.901327544963316,0
42.766666666666666,91.85137245988975,4.224778238176646e-13,46.81705684265598,0
42.78333333333333,91.86601363534601,4.146782397639257e-13,46.73293755506614,0
42.8,91.88062850403864,4.0702289074626897e-13,46.648969410136985,0
42.81666666666667,91.89521711323472,3.9950910451923904e-13,46.56515213630058,0
42.833333333333336,91.90977951011642,3.9213425844749845e-13,46.48148546247688,0
42.85,91.9243157417811,3.848957785827418e-13,46.397969118072965,0
42.86666666666667,91.93882585524156,3.7779113875782935e-13,46.314602832982054,0
42.88333333333333,91.95330989742611,3.7081785969780613e-13,46.23138633758271,0
42.9,91.96776791517868,3.6397350814751695e-13,46.14831936273793,0
42.916666666666664,91.98219995525913,3.5725569601548394e-13,46.06540163979431,0
42.93333333333333,91.99660606434323,3.506620795337423e-13,45.98263290058111,0
42.95,92.01098628902288,3.4419035843336e-13,45.90001287740948,0
42.96666666666667,92.02534067580632,3.3783827513531806e-13,45.81754130307153,0
42.983333333333334,92.03966927111824,3.316036139564892e-13,45.735217910839445,0
43.0,92.05397212129982,3.2548420033040685e-13,45.653042434464716,0
43.016666666666666,92.06824927260905,3.1947790004257907e-13,45.57101460817716,0
43.03333333333333,92.08250077122077,3.135826184800461e-13,45.48913416668417,0
43.05,92.09672666322687,3.077962998949362e-13,45.40740084516976,0
43.06666666666667,92.11092699463647,3.0211692668174217e-13,45.32581437929381,0
43.083333333333336,92.12510181137591,2.9654251866807964e-13,45.24437450519112,0
43.1,92.13925115928912,2.91071132418656e-13,45.1630809594706,0
43.11666666666667,92.1533750841376,2.8570086055221794e-13,45.08193347921441,0
43.13333333333333,92.16747363160063,2.8042983107122887e-13,45.000931801977146,0
43.15,92.18154684727544,2.7525620670403957e-13,44.92007566578491,0
43.166666666666664,92.19559477667735,2.7017818425931344e-13,44.83936480913454,0
43.18333333333333,92.20961746523986,2.6519399399248775e-13,44.75879897099271,0
43.2,92.22361495831483,2.6030189898403833e-13,44.67837789079512,0
43.21666666666667,92.23758730117267,2.555001945293278e-13,44.59810130844565,0
43.233333333333334,92.2515345390024,2.507872075398267e-13,44.51796896431552,0
43.25,92.2654567169119,2.461612959554811e-13,44.437980599242415,0
43.266666666666666,92.27935387992797,2.4162084816804245e-13,44.3581359545297,0
43.28333333333333,92.29322607299652,2.3716428245512286e-13,44.27843477194553,0
43.3,92.3070733409827,2.3279004642481133e-13,44.19887679372206,0
43.31666666666667,92.32089572867103,2.2849661647062143e-13,44.1194617625546,0
43.333333333333336,92.33469328076559,2.2428249723659605e-13,44.040189421600765,0
43.35,92.34846604189013,2.2014622109238093e-13,43.96105951447966,0
43.36666666666667,92.36221405658823,2.160863476180636e-13,43.88207178527103,0
43.38333333333333,92.37593736932338,2.1210146309861553e-13,43.803225978514476,0
43.4,92.38963602447924,2.0819018002774565e-13,43.724521839208585,0
43.416666666666664,92.40331006635974,2.04351136620995e-13,43.64595911281013,0
43.43333333333333,92.41695953918915,2.005829963378954e-13,43.56753754523322,0
43.45,92.43058448711227,1.9688444741302809e-13,43.48925688284852,0
43.46666666666667,92.44418495419467,1.932542023958115e-13,43.4111168724824,0
43.483333333333334,92.45776098442265,1.8969099769886014e-13,43.333117261416135,0
43.5,92.47131262170355,1.8619359315475302e-13,43.255257797385035,0
43.516666666666666,92.48483990986576,1.8276077158104633e-13,43.17753822857771,0
43.53333333333333,92.49834289265891,1.793913383533928e-13,43.099958303635205,0
43.55,92.51182161375412,1.7608412098660118e-13,43.022517771650215,0
43.56666666666667,92.52527611674395,1.7283796872349666e-13,42.94521638216621,0
43.583333333333336,92.53870644514267,1.6965175213143284e-13,42.86805388517672,0
43.6,92.55211264238633,1.665243627063156e-13,42.79103003112445,0
43.61666666666667,92.565494751833,1.6345471248399245e-13,42.714144570900515,0
43.63333333333333,92.5788528167628,1.6044173365887895e-13,42.63739725584362,0
43.65,92.59218688037807,1.5748437820967704e-13,42.560787837739234,0
43.666666666666664,92.60549698580358,1.5458161753206587e-13,42.48431606881886,0
43.68333333333333,92.6187831760866,1.517324420782165e-13,42.40798170175911,0
43.7,92.63204549419702,1.489358610030274e-13,42.331784489681056,0
43.71666666666667,92.64528398302753,1.4619090181692864e-13,42.255724186149294,0
43.733333333333334,92.6584986853938,1.4349661004515678e-13,42.17980054517124,0
43.75,92.6716896440345,1.408520488933622e-13,42.10401332119626,0
43.766666666666666,92.68485690161155,1.382562989194396e-13,42.02836226911497,0
43.78333333333333,92.69800050071025,1.3570845771146378e-13,41.95284714425837,0
43.8,92.7111204838393,1.332076395716145e-13,41.87746770239706,0
43.81666666666667,92.72421689343109,1.307529752059808e-13,41.802223699740495,0
43.833333333333336,92.73728977184173,1.283436114201384e-13,41.72711489293611,0
43.85,92.75033916135126,1.259787108203852e-13,41.65214103906863,0
43.86666666666667,92.76336510416374,1.2365745152053375e-13,41.57730189565924,0
43.88333333333333,92.77636764240737,1.2137902685415937e-13,41.50259722066479,0
43.9,92.78934681813467,1.1914264509219558e-13,41.42802677247702,0
43.916666666666664,92.80230267332266,1.1694752916578406e-13,41.353590309921806,0
43.93333333333333,92.81523524987287,1.1479291639427777e-13,41.27928759225835,0
43.95,92.82814458961154,1.1267805821830081e-13,41.20511837917838,0
43.96666666666667,92.8410307342898,1.1060221993776951e-13,41.13108243080544,0
43.983333333333334,92.85389372558375,1.0856468045478985e-13,41.05717950769405,0
44.0,92.86673360509455,1.0656473202132876e-13,40.98340937082897,0
44.016666666666666,92.87955041434871,1.0460167999158117e-13,40.90977178162441,0
44.03333333333333,92.89234419479806,1.0267484257893711e-13,40.83626650192327,0
44.05,92.90511498781997,1.0078355061746835e-13,40.762893293996356,0
44.06666666666667,92.91786283471747,9.892714732784735e-14,40.68965192054162,0
44.083333333333336,92.93058777671936,9.710498808761874e-14,40.616542144683386,0
44.1,92.94328985498039,9.531644020573937e-14,40.5435637299716,0
44.11666666666667,92.95596911058134,9.35608827013085e-14,40.47071644038104,0
44.13333333333333,92.96862558452918,9.18377060864122e-14,40.39800004031057,0
44.15,92.9812593177572,9.014631215300041e-14,40.325414294582366,0
44.166666666666664,92.99387035112518,8.848611376372657e-14,40.252958968441185,0
44.18333333333333,93.00645872541942,8.685653464667332e-14,40.180633827553564,0
44.2,93.01902448135296,8.525700919389305e-14,40.10843863800707,0
44.21666666666667,93.03156765956574,8.36869822636907e-14,40.03637316630961,0
44.233333333333334,93.04408830062458,8.214590898658016e-14,39.964437179388575,0
44.25,93.05658644502351,8.063325457484735e-14,39.89263044459014,0
44.266666666666666,93.06906213318378,7.914849413564934e-14,39.82095272967851,0
44.28333333333333,93.08151540545396,7.769111248758662e-14,39.749403802835175,0
44.3,93.09394630211014,7.626060398068287e-14,39.677983432658124,0
44.31666666666667,93.10635486335607,7.485647231970807e-14,39.60669138816114,0
44.333333333333336,93.11874112932327,7.347823039078431e-14,39.535527438773016,0
44.35,93.13110514007113,7.212540009121186e-14,39.46449135433685,0
44.36666666666667,93.14344693558704,7.079751216245515e-14,39.39358290510926,0
44.38333333333333,93.1557665557866,6.949410602623141e-14,39.32280186175967,0
44.4,93.16806404051366,6.821472962364441e-14,39.25214799536957,0
44.416666666666664,93.18033942954045,6.695893925730278e-14,39.181621077431714,0
44.43333333333333,93.19259276256781,6.572629943637317e-14,39.11122087984948,0
44.45,93.2048240792252,6.451638272450953e-14,39.040947174936065,0
44.46666666666667,93.21703341907086,6.332876959060535e-14,38.97079973541376,0
44.483333333333334,93.22922082159198,6.216304826231844e-14,38.90077833441324,0
44.5,93.24138632620478,6.101881458231407e-14,38.83088274547276,0
44.516666666666666,93.2535299722547,5.989567186717823e-14,38.76111274253756,0
44.53333333333333,93.26565179901644,5.879323076894919e-14,38.691468099958975,0
44.55,93.27775184569417,5.77111091392208e-14,38.6219485924938,0
44.56666666666667,93.2898301514216,5.664893189576717e-14,38.552553995303555,0
44.583333333333336,93.3018867552621,5.5606330891644875e-14,38.48328408395369,0
44.6,93.31392169620891,5.458294478672251e-14,38.41413863441299,0
44.61666666666667,93.32593501318516,5.357841892159823e-14,38.34511742305271,0
44.63333333333333,93.33792674504406,5.2592405193853785e-14,38.276220226645954,0
44.65,93.34989693056902,5.1624561936607943e-14,38.20744682236687,0
44.666666666666664,93.36184560847376,5.0674553799322666e-14,38.138796987789995,0
44.68333333333333,93.3737728174024,4.974205163082173e-14,38.07027050088953,0
44.7,93.3856785959297,4.8826732364479575e-14,38.00186714003857,0
44.71666666666667,93.3975629825611,4.7928278905541705e-14,37.93358668400846,0
44.733333333333334,93.40942601573276,4.7046380020535306e-14,37.86542891196799,0
44.75,93.42126773381189,4.6180730228731885e-14,37.79739360348277,0
44.766666666666666,93.43308817509669,4.533102969562377e-14,37.72948053851448,0
44.78333333333333,93.44488737781658,4.449698412837733e-14,37.66168949742014,0
44.8,93.45666538013235,4.3678304673225527e-14,37.59402026095142,0
44.81666666666667,93.4684222201361,4.287470781476423e-14,37.52647261025395,0
44.833333333333336,93.48015793585157,4.208591527711652e-14,37.459046326866556,0
44.85,93.49187256523416,4.131165392693076e-14,37.39174119272061,0
44.86666666666667,93.50356614617105,4.055165567817746e-14,37.324556990139286,0
44.88333333333333,93.51523871648139,3.980565739871316e-14,37.25749350183689,0
44.9,93.52689031391634,3.907340081857593e-14,37.19055051091813,0
44.916666666666664,93.53852097615925,3.835463243998304e-14,37.12372780087743,0
44.93333333333333,93.55013074082575,3.764910344899764e-14,37.057025155598225,0
44.95,93.56171964546394,3.695656962883251e-14,36.99044235935224,0
44.96666666666667,93.57328772755433,3.627679127476368e-14,36.92397919679883,0
44.983333333333334,93.58483502451021,3.560953311061987e-14,36.857635452984276,0
45.0,93.59636157367761,3.4954564206822155e-14,36.79141091334106,0
45.016666666666666,93.60786741233541,3.4311657899942213e-14,36.725305363687205,0
45.03333333333333,93.61935257769558,3.36805917137533e-14,36.65931859022556,0
45.05,93.63081710690314,3.3061147281743637e-14,36.593450379543135,0
45.06666666666667,93.64226103703649,3.245311027106823e-14,36.527700518610374,0
45.083333333333336,93.6536844051073,3.185627030790879e-14,36.4620687947805,0
45.1,93.66508724806079,3.127042090421914e-14,36.39655499578879,0
45.11666666666667,93.67646960277578,3.069535938582728e-14,36.33115890975194,0
45.13333333333333,93.68783150606488,3.013088682187115e-14,36.26588032516732,0
45.15,93.69917299467447,2.9576807955542045e-14,36.20071903091236,0
45.166666666666664,93.71049410528497,2.9032931136112e-14,36.13567481624378,0
45.18333333333333,93.72179487451085,2.849906825222118e-14,36.070747470797,0
45.2,93.73307533890082,2.7975034666401122e-14,36.00593678458539,0
45.21666666666667,93.74433553493795,2.7460649150812803e-14,35.941242547999614,0
45.233333333333334,93.75557549903968,2.6955733824174444e-14,35.87666455180698,0
45.25,93.76679526755808,2.6460114089858726e-14,35.812202587150715,0
45.266666666666666,93.77799487677987,2.597361857513739e-14,35.74785644554933,0
45.28333333333333,93.78917436292662,2.5496079071551673e-14,35.68362591889589,0
45.3,93.80033376215474,2.5027330476387326e-14,35.619510799457444,0
45.31666666666667,93.81147311055574,2.4567210735234406e-14,35.555510879874234,0
45.333333333333336,93.82259244415626,2.4115560785611297e-14,35.4916259531591,0
45.35,93.83369179891822,2.3672224501633502e-14,35.42785581269679,0
45.36666666666667,93.84477121073891,2.3237048639707237e-14,35.364200252243286,0
45.38333333333333,93.85583071545109,2.2809882785229575e-14,35.300659065925146,0
45.4,93.86687034882321,2.2390579300275542e-14,35.23723204823882,0
45.416666666666664,93.87789014655941,2.1978993272254998e-14,35.17391899405004,0
45.43333333333333,93.88889014429968,2.1574982463519925e-14,35.110719698593066,0
45.45,93.89987037761998,2.117840726190563e-14,35.047633957470104,0
45.46666666666667,93.91083088203231,2.07891306321882e-14,34.98466156665061,0
45.483333333333334,93.92177169298495,2.0407018068440807e-14,34.921802322470626,0
45.5,93.93269284586239,2.0031937547272558e-14,34.859056021632156,0
45.516666666666666,93.94359437598563,1.966375948193343e-14,34.79642246120245,0
45.53333333333333,93.95447631861214,1.930235667726958e-14,34.73390143861338,0
45.55,93.96533870893606,1.894760428551214e-14,34.67149275166082,0
45.56666666666667,93.9761815820883,1.859937976288532e-14,34.609196198503945,0
45.583333333333336,93.98700497313665,1.8257562827017943e-14,34.54701157766456,0
45.6,93.99780891708589,1.7922035415143744e-14,34.484938688026524,0
45.61666666666667,94.00859344887792,1.7592681643075403e-14,34.422977328835024,0
45.63333333333333,94.01935860339184,1.7269387764938634e-14,34.36112729969596,0
45.65,94.03010441544403,1.695204213365111e-14,34.29938840057532,0
45.666666666666664,94.04083091978842,1.6640535162134264e-14,34.23776043179847,0
45.68333333333333,94.05153815111642,1.6334759285242104e-14,34.176243194049555,0
45.7,94.06222614405712,1.6034608922395467e-14,34.114836488370855,0
45.71666666666667,94.0728949331774,1.5739980440908024e-14,34.053540116162125,0
45.733333333333334,94.08354455298203,1.5450772119991136e-14,33.99235387917995,0
45.75,94.09417503791381,1.5166884115424792e-14,33.93127757953713,0
45.766666666666666,94.10478642235358,1.4888218424882818e-14,33.87031101970201,0
45.78333333333333,94.11537874062046,1.4614678853899985e-14,33.80945400249785,0
45.8,94.12595202697192,1.4346170982468884e-14,33.74870633110219,0
45.81666666666667,94.13650631560382,1.4082602132254905e-14,33.68806780904624,0
45.833333333333336,94.14704164065067,1.3823881334418523e-14,33.627538240214164,0
45.85,94.15755803618553,1.3569919298032582e-14,33.56711742884256,0
45.86666666666667,94.16805553622035,1.3320628379084354e-14,33.50680517951973,0
45.88333333333333,94.17853417470587,1.3075922550051338e-14,33.446601297185104,0
45.9,94.18899398553192,1.2835717370039699e-14,33.386505587128575,0
45.916666666666664,94.19943500252738,1.2599929955475758e-14,33.32651785498989,0
45.93333333333333,94.20985725946036,1.2368478951339657e-14,33.266637906758,0
45.95,94.2202607900383,1.2141284502930984e-14,33.20686554877049,0
45.96666666666667,94.23064562790806,1.1918268228157299e-14,33.14720058771288,0
45.983333333333334,94.24101180665609,1.1699353190335191e-14,33.08764283061803,0
46.0,94.25135935980845,1.1484463871494434e-14,33.028192084865545,0
46.016666666666666,94.26168832083096,1.1273526146176194e-14,32.968848158181075,0
46.03333333333333,94.27199872312933,1.1066467255716123e-14,32.90961085863579,0
46.05,94.28229060004925,1.0863215783002681e-14,32.85047999464567,0
46.06666666666667,94.29256398487648,1.0663701627703167e-14,32.791455374970965,0
46.083333333333336,94.30281891083699,1.0467855981947224e-14,32.732536808715516,0
46.1,94.31305541109703,1.0275611306460863e-14,32.673724105326166,0
46.11666666666667,94.32327351876326,1.008690130714136e-14,32.615017074592124,0
46.13333333333333,94.33347326688286,9.901660912065848e-15,32.55641552664439,0
46.15,94.34365468844366,9.719826248925057e-15,32.4979192719551,0
46.166666666666664,94.3538178163742,9.541334622874009e-15,32.439528121336906,0
46.18333333333333,94.36396268354383,9.366124494793143e-15,32.38124188594244,0
46.2,94.37408932276287,9.194135459950743e-15,32.32306037726357,0
46.21666666666667,94.38419776678266,9.02530822706036e-15,32.26498340713094,0
46.233333333333334,94.39428804829575,8.859584597725392e-15,32.207010787713266,0
46.25,94.40436019993587,8.69690744626382e-15,32.14914233151673,0
46.266666666666666,94.41441425427816,8.537220699905948e-15,32.09137785138443,0
46.28333333333333,94.42445024383926,8.380469319358306e-15,32.03371716049573,0
46.3,94.43446820107731,8.226599279727102e-15,31.97616007236566,0
46.31666666666667,94.44446815839223,8.075557551794105e-15,31.91870640084432,0
46.333333333333336,94.4544501481256,7.927292083638814e-15,31.861355960116292,0
46.35,94.464414202561,7.781751782600634e-15,31.804108564700012,0
46.36666666666667,94.47436035392394,7.638886497574151e-15,31.746964029447184,0
46.38333333333333,94.48428863438205,7.498647001631898e-15,31.689922169542175,0
46.4,94.49419907604519,7.360984974968493e-15,31.63298280050144,0
46.416666666666664,94.50409171096545,7.225852988159733e-15,31.576145738172897,0
46.43333333333333,94.51396657113742,7.093204485731491e-15,31.51941079873534,0
46.45,94.52382368849813,6.962993770032038e-15,31.462777798697843,0
46.46666666666667,94.53366309492725,6.835175985402715e-15,31.406246554899173,0
46.483333333333334,94.54348482224721,6.7097071026409655e-15,31.349816884507213,0
46.5,94.55328890222323,6.5865439037506755e-15,31.293488605018336,0
46.516666666666666,94.56307536656341,6.4656439669743034e-15,31.237261534256817,0
46.53333333333333,94.57284424691896,6.346965652101672e-15,31.181135490374288,0
46.55,94.58259557488417,6.230468086050119e-15,31.1251102918491,0
46.56666666666667,94.59232938199658,6.116111148711319e-15,31.069185757485766,0
46.583333333333336,94.60204569973706,6.003855459059542e-15,31.013361706414358,0
46.6,94.61174455952991,5.893662361516628e-15,30.95763795808993,0
46.61666666666667,94.62142599274297,5.785493912568962e-15,30.90201433229194,0
46.63333333333333,94.63109003068774,5.679312867631608e-15,30.846490649123655,0
46.65,94.64073670461943,5.575082668155301e-15,30.791066729011565,0
46.666666666666664,94.6503660457371,5.4727674289715025e-15,30.735742392704825,0
46.68333333333333,94.65997808518377,5.3723319258714995e-15,30.680517461274654,0
46.7,94.66957285404649,5.2737415834146855e-15,30.625391756113775,0
46.71666666666667,94.67915038335646,5.1769624629622594e-15,30.57036509893581,0
46.733333333333334,94.68871070408912,5.081961250932042e-15,30.515437311774736,0
46.75,94.69825384716422,4.988705247270016e-15,30.46060821698428,0
46.766666666666666,94.70777984344602,4.8971623541350894e-15,30.405877637237367,0
46.78333333333333,94.71728872374328,4.807301064792797e-15,30.351245395525535,0
46.8,94.72678051880943,4.7190904527139985e-15,30.296711315158362,0
46.81666666666667,94.73625525934264,4.632500160875186e-15,30.2422752197629,0
46.833333333333336,94.74571297598585,4.54750039125621e-15,30.187936933283094,0
46.85,94.75515369932708,4.464061894532099e-15,30.133696279979233,0
46.86666666666667,94.76457745989927,4.3821559599552094e-15,30.079553084427364,0
46.88333333333333,94.77398428818054,4.301754405424228e-15,30.02550717151873,0
46.9,94.78337421459428,4.222829567736632e-15,29.9715583664592,0
46.916666666666664,94.79274726950918,4.1453542930211056e-15,29.91770649476871,0
46.93333333333333,94.80210348323934,4.0693019273466755e-15,29.8639513822807,0
46.95,94.81144288604447,3.994646307505204e-15,29.810292855141537,0
46.96666666666667,94.82076550812982,3.921361751964173e-15,29.756730739809967,0
46.983333333333334,94.83007137964648,3.849423051986469e-15,29.703264863056553,0
47.0,94.83936053069124,3.7788054629141054e-15,29.64989505196311,0
47.016666666666666,94.84863299130689,3.709484695612966e-15,29.59662113392214,0
47.03333333333333,94.85788879148221,3.641436908075438e-15,29.54344293663628,0
47.05,94.86712796115215,3.574638697178084e-15,29.490360288117753,0
47.06666666666667,94.8763505301978,3.5090670905915583e-15,29.437373016687793,0
47.083333333333336,94.88555652844659,3.444699538839749e-15,29.38448095097612,0
47.1,94.89474598567239,3.381513907505643e-15,29.331683919920337,0
47.11666666666667,94.90391893159551,3.3194884695809694e-15,29.278981752765443,0
47.13333333333333,94.91307539588294,3.2586018979571565e-15,29.226374279063204,0
47.15,94.92221540814828,3.1988332580548403e-15,29.173861328671673,0
47.166666666666664,94.93133899795195,3.140162000589428e-15,29.12144273175459,0
47.18333333333333,94.94044619480131,3.0825679544702285e-15,29.069118318780856,0
47.2,94.94953702815064,3.0260313198305844e-15,29.01688792052398,0
47.21666666666667,94.95861152740135,2.9705326611867052e-15,28.964751368061542,0
47.233333333333334,94.96766972190191,2.916052900722747e-15,28.912708492774616,0
47.25,94.9767116409482,2.8625733116997954e-15,28.860759126347258,0
47.266666666666666,94.9857373137834,2.810075511986511e-15,28.808903100765946,0
47.28333333333333,94.99474676959814,2.7585414577091643e-15,28.757140248319036,0
47.3,95.00374003753058,2.7079534370188354e-15,28.705470401596227,0
47.31666666666667,95.01271714666659,2.6582940639736416e-15,28.653893393488012,0
47.333333333333336,95.02167812603972,2.609546272533864e-15,28.60240905718514,0
47.35,95.03062300463138,2.5616933106678538e-15,28.551017226178082,0
47.36666666666667,95.03955181137091,2.514718734566715e-15,28.499717734256482,0
47.38333333333333,95.04846457513568,2.4686064029657237e-15,28.448510415508625,0
47.4,95.05736132475114,2.4233404715705376e-15,28.397395104320903,0
47.416666666666664,95.06624208899095,2.3789053875861963e-15,28.34637163537728,0
47.43333333333333,95.07510689657713,2.33528588434712e-15,28.295439843658745,0
47.45,95.08395577617999,2.2924669760461326e-15,28.2445995644428,0
47.46666666666667,95.09278875641846,2.250433952560749e-15,28.193850633302905,0
47.483333333333334,95.10160586585991,2.2091723743749026e-15,28.14319288610796,0
47.5,95.11040713302046,2.1686680675943286e-15,28.092626159021773,0
47.516666666666666,95.11919258636502,2.1289071190539395e-15,28.042150288502523,0
47.53333333333333,95.12796225430728,2.0898758715154356e-15,27.991765111302232,0
47.55,95.1367161652099,2.0515609189534656e-15,27.941470464466242,0
47.56666666666667,95.14545434738461,2.0139491019287745e-15,27.891266185332697,0
47.583333333333336,95.15417682909226,1.9770275030466764e-15,27.841152111531986,0
47.6,95.16288363854288,1.9407834424993107e-15,27.791128080986258,0
47.61666666666667,95.17157480389588,1.9052044736900423e-15,27.74119393190887,0
47.63333333333333,95.18025035325999,1.870278378938678e-15,27.691349502803867,0
47.65,95.18891031469356,1.835993165265794e-15,27.641594632465477,0
47.666666666666664,95.1975547162044,1.802337060254831e-15,27.59192915997756,0
47.68333333333333,95.20618358575004,1.7692985079905256e-15,27.542352924713118,0
47.7,95.21479695123783,1.7368661650721909e-15,27.49286576633376,0
47.71666666666667,95.22339484052489,1.7050288967005907e-15,27.44346752478918,0
47.733333333333334,95.23197728141834,1.6737757728368603e-15,27.394158040316647,0
47.75,95.24054430167533,1.6430960644323652e-15,27.344937153440494,0
47.766666666666666,95.24909592900315,1.6129792397279788e-15,27.29580470497158,0
47.78333333333333,95.25763219105923,1.5834149606216795e-15,27.24676053600681,0
47.8,95.26615311545143,1.554393079103066e-15,27.197804487928572,0
47.81666666666667,95.27465872973791,1.525903633753618e-15,27.148936402404278,0
47.833333333333336,95.28314906142734,1.4979368463114832e-15,27.10015612138582,0
47.85,95.29162413797899,1.470483118299616e-15,27.05146348710906,0
47.86666666666667,95.30008398680275,1.443533027716042e-15,27.002858342093322,0
47.88333333333333,95.3085286352593,1.4170773257851598e-15,26.9543405291409,0
47.9,95.3169581106601,1.3911069337689232e-15,26.905909891336528,0
47.916666666666664,95.32537244026763,1.365612939836802e-15,26.857566272046874,0
47.93333333333333,95.3337716512953,1.3405865959934677e-15,26.80930951492005,0
47.95,95.34215577090767,1.3160193150630534e-15,26.761139463885083,0
47.96666666666667,95.3505248262205,1.2919026677290612e-15,26.71305596315144,0
47.983333333333334,95.35887884430075,1.2682283796287922e-15,26.66505885720849,0
48.0,95.36721785216685,1.2449883285013331e-15,26.617147990825035,0
48.016666666666666,95.37554187678863,1.2221745413881255e-15,26.569323209048772,0
48.03333333333333,95.38385094508747,1.199779191885102e-15,26.52158435720583,0
48.05,95.3921450839364,1.177794597445499e-15,26.473931280900235,0
48.06666666666667,95.40042432016011,1.1562132167323452e-15,26.42636382601344,0
48.083333333333336,95.40868868053516,1.135027647019747e-15,26.3788818387038,0
48.1,95.41693819178995,1.1142306216420827e-15,26.331485165406093,0
48.11666666666667,95.42517288060486,1.0938150074901684e-15,26.28417365283102,0
48.13333333333333,95.43339277361235,1.0737738025535909e-15,26.236947147964706,0
48.15,95.44159789739706,1.054100133508317e-15,26.189805498068203,0
48.166666666666664,95.44978827849576,1.0347872533487576e-15,26.142748550677013,0
48.18333333333333,95.45796394339766,1.0158285390634435e-15,26.095776153600553,0
48.2,95.46612491854428,9.972174893535406e-16,26.048888154921716,0
48.21666666666667,95.47427123032969,9.789477223934236e-16,26.00208440299635,0
48.233333333333334,95.48240290510051,9.610129736324614e-16,25.955364746452755,0
48.25,95.49051996915603,9.434070936373377e-16,25.908729034191232,0
48.266666666666666,95.49862244874829,9.261240459741018e-16,25.86217711538356,0
48.28333333333333,95.50671037008216,9.091579051292591e-16,25.815708839472528,0
48.3,95.51478375931539,8.925028544691332e-16,25.76932405617144,0
48.31666666666667,95.5228426425588,8.761531842368349e-16,25.723022615463627,0
48.333333333333336,95.53088704587623,8.601032895861293e-16,25.67680436760196,0
48.35,95.53891699528474,8.443476686515202e-16,25.63066916310839,0
48.36666666666667,95.54693251675457,8.2888092065387e-16,25.58461685277342,0
48.38333333333333,95.5549336362094,8.136977440409317e-16,25.538647287655653,0
48.4,95.56292037952626,7.987929346621154e-16,25.492760319081324,0
48.416666666666664,95.5708927725357,7.841613839768805e-16,25.446955798643785,0
48.43333333333333,95.57885084102188,7.697980772961387e-16,25.401233578203033,0
48.45,95.58679461072258,7.556980920560043e-16,25.355593509885253,0
48.46666666666667,95.59472410732937,7.418565961233889e-16,25.310035446082324,0
48.483333333333334,95.6026393564877,7.282688461327598e-16,25.26455923945133,0
48.5,95.61054038379687,7.14930185853556e-16,25.2191647429141,0
48.516666666666666,95.61842721481023,7.018360445876516e-16,25.173851809656735,0
48.53333333333333,95.62629987503517,6.889819355963411e-16,25.128620293129124,0
48.55,95.63415838993329,6.763634545562767e-16,25.083470047044457,0
48.56666666666667,95.64200278492044,6.639762780438658e-16,25.038400925378788,0
48.583333333333336,95.64983308536678,6.51816162047537e-16,24.993412782370537,0
48.6,95.65764931659692,6.398789405074385e-16,24.948505472520015,0
48.61666666666667,95.66545150388991,6.281605238819935e-16,24.903678850588967,0
48.63333333333333,95.67323967247945,6.166568977408719e-16,24.8589327716001,0
48.65,95.68101384755386,6.053641213838487e-16,24.814267090836605,0
48.666666666666664,95.68877405425619,5.942783264851086e-16,24.769681663841705,0
48.68333333333333,95.69652031768437,5.833957157624889e-16,24.725176346418163,0
48.7,95.70425266289116,5.727125616712482e-16,24.680750994627846,0
48.71666666666667,95.71197111488439,5.622252051218538e-16,24.636405464791235,0
48.733333333333334,95.71967569862686,5.519300542213974e-16,24.59213961348697,0
48.75,95.7273664390366,5.418235830381654e-16,24.547953297551395,0
48.766666666666666,95.73504336098684,5.319023303889589e-16,24.503846374078066,0
48.78333333333333,95.74270648930607,5.221628986487274e-16,24.459818700417323,0
48.8,95.75035584877828,5.126019525821272e-16,24.415870134175815,0
48.81666666666667,95.75799146414282,5.032162181965762e-16,24.37200053321604,0
48.833333333333336,95.76561336009465,4.94002481616427e-16,24.328209755655866,0
48.85,95.77322156128434,4.849575879778497e-16,24.284497659868112,0
48.86666666666667,95.78081609231819,4.760784403440763e-16,24.24086410448006,0
48.88333333333333,95.78839697775823,4.67361998640585e-16,24.197308948373,0
48.9,95.79596424212241,4.588052786099023e-16,24.153832050681782,0
48.916666666666664,95.8035179098846,4.504053507856288e-16,24.11043327079436,0
48.93333333333333,95.81105800547476,4.4215933948535113e-16,24.06711246835134,0
48.95,95.81858455327887,4.3406442182208852e-16,24.023869503245503,0
48.96666666666667,95.82609757763912,4.2611782673392397e-16,23.980704235621396,0
48.983333333333334,95.83359710285399,4.1831683403150643e-16,23.937616525874827,0
49.0,95.84108315317826,4.1065877346306484e-16,23.894606234652464,0
49.016666666666666,95.84855575282317,4.0314102379663853e-16,23.851673222851343,0
49.03333333333333,95.85601492595647,3.9576101191918524e-16,23.808817351618437,0
49.05,95.86346069670242,3.885162119522816e-16,23.76603848235022,0
49.06666666666667,95.87089308914196,3.8140414438407075e-16,23.723336476692182,0
49.083333333333336,95.87831212731281,3.7442237521721053e-16,23.68071119653842,0
49.1,95.88571783520942,3.6756851513246843e-16,23.638162504031172,0
49.11666666666667,95.89311023678322,3.6084021866773307e-16,23.59569026156037,0
49.13333333333333,95.90048935594253,3.5423518341210656e-16,23.5532943317632,0
49.15,95.90785521655275,3.477511492148433e-16,23.510974577523665,0
49.166666666666664,95.91520784243636,3.4138589740882223e-16,23.46873086197212,0
49.18333333333333,95.9225472573731,3.3513725004832933e-16,23.42656304848485,0
49.2,95.92987348509992,3.290030691608324e-16,23.384471000683632,0
49.21666666666667,95.93718654931118,3.229812560125468e-16,23.342454582435252,0
49.233333333333334,95.94448647365859,3.1706975038749833e-16,23.300513657851127,0
49.25,95.95177328175143,3.112665298798412e-16,23.25864809128682,0
49.266666666666666,95.95904699715656,3.0556960919921307e-16,23.21685774734161,0
49.28333333333333,95.96630764339845,2.9997703948884746e-16,23.175142490858068,0
49.3,95.97355524395932,2.944869076562412e-16,23.133502186921618,0
49.31666666666667,95.98078982227923,2.8909733571612664e-16,23.091936700860078,0
49.333333333333336,95.98801140175608,2.8380648014552883e-16,23.050445898243243,0
49.35,95.99522000574575,2.7861253125069094e-16,23.00902964488246,0
49.36666666666667,96.00241565756212,2.735137125456314e-16,22.967687806830174,0
49.38333333333333,96.00959838047727,2.6850828014214284e-16,22.926420250379493,0
49.4,96.01676819772138,2.635945221509984e-16,22.885226842063787,0
49.416666666666664,96.02392513248292,2.5877075809417844e-16,22.84410744865621,0
49.43333333333333,96.03106920790869,2.540353383279024e-16,22.803061937169314,0
49.45,96.0382004471039,2.4938664347626907e-16,22.76209017485458,0
49.46666666666667,96.04531887313226,2.4482308387531725e-16,22.721192029202022,0
49.483333333333334,96.05242450901603,2.403430990273056e-16,22.68036736793974,0
49.5,96.0595173777361,2.359451570650249e-16,22.639616059033486,0
49.516666666666666,96.0665975022321,2.3162775422596755e-16,22.598937970686258,0
49.53333333333333,96.07366490540238,2.2738941433615816e-16,22.558332971337855,0
49.55,96.08071961010418,2.232286883034795e-16,22.51780092966446,0
49.56666666666667,96.08776163915373,2.1914415362031283e-16,22.47734171457822,0
49.583333333333336,96.09479101532612,2.1513441387532476e-16,22.43695519522682,0
49.6,96.1018077613557,2.111980982742253e-16,22.396641240993034,0
49.61666666666667,96.10881189993582,2.0733386116934122e-16,22.35639972149435,0
49.63333333333333,96.11580345371914,2.0354038159783873e-16,22.3162305065825,0
49.65,96.12278244531757,1.9981636282842932e-16,22.276133466343087,0
49.666666666666664,96.12974889730243,1.9616053191641872e-16,22.23610847109512,0
49.68333333333333,96.13670283220448,1.9257163926692519e-16,22.196155391390615,0
49.7,96.14364427251394,1.8904845820613458e-16,22.156274098014194,0
49.71666666666667,96.15057324068073,1.8558978456043432e-16,22.116464461982627,0
49.733333333333334,96.15748975911434,1.8219443624328322e-16,22.076726354544455,0
49.75,96.16439385018401,1.7886125284967547e-16,22.037059647179532,0
49.766666666666666,96.17128553621882,1.7558909525806105e-16,21.99746421159866,0
49.78333333333333,96.1781648395077,1.7237684523958054e-16,21.957939919743126,0
49.8,96.18503178229956,1.6922340507448195e-16,21.918486643784316,0
49.81666666666667,96.19188638680333,1.6612769717559214e-16,21.8791042561233,0
49.833333333333336,96.19872867518798,1.6308866371870327e-16,21.839792629390402,0
49.85,96.20555866958274,1.601052662797565e-16,21.8005516364448,0
49.86666666666667,96.21237639207703,1.5717648547869188e-16,21.761381150374135,0
49.88333333333333,96.21918186472053,1.543013206298441e-16,21.722281044494043,0
49.9,96.22597510952338,1.514787893987628e-16,21.68325119234782,0
49.916666666666664,96.23275614845616,1.4870792746534e-16,21.644291467705955,0
49.93333333333333,96.23952500344997,1.4598778819312988e-16,21.60540174456574,0
49.95,96.24628169639645,1.4331744230474203e-16,21.56658189715087,0
49.96666666666667,96.25302624914798,1.4069597756320238e-16,21.52783179991103,0
49.983333333333334,96.25975868351766,1.3812249845917031e-16,21.489151327521498,0
50.0,96.26647902127937,1.3559612590389727e-16,21.450540354882712,0
50.016666666666666,96.27318728416786,1.3311599692783602e-16,21.411998757119896,0
50.03333333333333,96.27988349387888,1.306812643847817e-16,21.37352640958265,0
50.05,96.28656767206917,1.2829109666145014e-16,21.335123187844534,0
50.06666666666667,96.29323984035652,1.2594467739239454e-16,21.29678896770267,0
50.083333333333336,96.29990002031997,1.2364120518015653e-16,21.258523625177357,0
50.1,96.30654823349965,1.2137989332056383e-16,21.220327036511634,0
50.11666666666667,96.31318450139716,1.1915996953306815e-16,21.18219907817093,0
50.13333333333333,96.3198088454753,1.1698067569604521e-16,21.14413962684262,0
50.15,96.32642128715841,1.1484126758695012e-16,21.10614855943564,0
50.166666666666664,96.33302184783234,1.1274101462725348e-16,21.068225753080096,0
50.18333333333333,96.33961054884442,1.1067919963205671e-16,21.03037108512687,0
50.2,96.3461874115037,1.0865511856431264e-16,20.99258443314721,0
50.21666666666667,96.35275245708097,1.0666808029355776e-16,20.954865674932336,0
50.233333333333334,96.35930570680873,1.0471740635907686e-16,20.91721468849305,0
50.25,96.36584718188134,1.0280243073742012e-16,20.879631352059345,0
50.266666666666666,96.37237690345512,1.0092249961418869e-16,20.842115544080006,0
50.28333333333333,96.37889489264836,9.907697116001238e-17,20.804667143222208,0
50.3,96.3854011705414,9.726521531064361e-17,20.767286028371146,0
50.31666666666667,96.39189575817669,9.548661355108893e-17,20.729972078629615,0
50.333333333333336,96.39837867655889,9.374055870370649e-17,20.692725173317648,0
50.35,96.4048499466549,9.202645472019516e-17,20.6555451919721,0
50.36666666666667,96.411309589394,9.034371647740496e-17,20.61843201434628,0
50.38333333333333,96.4177576256678,8.869176957689525e-17,20.581385520409544,0
50.4,96.42419407633042,8.70700501481769e-17,20.544405590346926,0
50.416666666666664,96.43061896219847,8.547800465556701e-17,20.50749210455872,0
50.43333333333333,96.43703230405119,8.391508970859038e-17,20.47064494366014,0
50.45,96.44343412263045,8.238077187586266e-17,20.433863988480876,0
50.46666666666667,96.4498244386409,8.087452750239315e-17,20.397149120064764,0
50.483333333333334,96.45620327274995,7.939584253024021e-17,20.360500219669362,0
50.5,96.4625706455879,7.794421232246059e-17,20.323917168765586,0
50.516666666666666,96.46892657774796,7.651914149029433e-17,20.287399849037325,0
50.53333333333333,96.47527108978635,7.512014372351946e-17,20.25094814238104,0
50.55,96.48160420222236,7.374674162392241e-17,20.21456193090541,0
50.56666666666667,96.48792593553839,7.239846654182886e-17,20.178241096930936,0
50.583333333333336,96.49423631018007,7.107485841563341e-17,20.141985522989554,0
50.6,96.50053534655626,6.977546561427532e-17,20.10579509182427,0
50.61666666666667,96.50682306503921,6.849984478260975e-17,20.06966968638877,0
50.63333333333333,96.51309948596449,6.724756068961442e-17,20.033609189847045,0
50.65,96.51936462963116,6.601818607938566e-17,19.997613485573012,0
50.666666666666664,96.5256185163018,6.481130152486876e-17,19.961682457150143,0
50.68333333333333,96.53186116620265,6.362649528427382e-17,19.92581598837107,0
50.7,96.53809259952352,6.246336316012877e-17,19.890013963237244,0
50.71666666666667,96.54431283641797,6.132150836091857e-17,19.854276265958518,0
50.733333333333334,96.55052189700336,6.020054136526572e-17,19.8186027809528,0
50.75,96.55671980136093,5.910007978860206e-17,19.78299339284568,0
50.766666666666666,96.56290656953577,5.801974825229058e-17,19.747447986470032,0
50.78333333333333,96.569082221537,5.695917825514836e-17,19.711966446865674,0
50.8,96.5752467773378,5.591800804732871e-17,19.67654865927897,0
50.81666666666667,96.58140025687544,5.489588250651638e-17,19.64119450916248,0
50.833333333333336,96.58754268005134,5.389245301639829e-17,19.605903882174562,0
50.85,96.59367406673123,5.290737734736221e-17,19.570676664179043,0
50.86666666666667,96.59979443674509,5.194031953938774e-17,19.5355127412448,0
50.88333333333333,96.60590380988731,5.0990949787084e-17,19.500411999645436,0
50.9,96.61200220591665,5.005894432684029e-17,19.46537432585889,0
50.916666666666664,96.61808964455645,4.914398532604557e-17,19.430399606567068,0
50.93333333333333,96.62416614549457,4.824576077434247e-17,19.395487728655493,0
50.95,96.63023172838349,4.736396437687692e-17,19.360638579212907,0
50.96666666666667,96.63628641284039,4.6498295449506795e-17,19.32585204553095,0
50.983333333333334,96.64233021844717,4.5648458815933746e-17,19.291128015103762,0
51.0,96.64836316475063,4.4814164706722935e-17,19.256466375627635,0
51.016666666666666,96.65438527126237,4.399512866017571e-17,19.221867015000637,0
51.03333333333333,96.66039655745895,4.3191071425022046e-17,19.18732982132225,0
51.05,96.66639704278197,4.2401718864897826e-17,19.152854682893043,0
51.06666666666667,96.67238674663801,4.162680186457566e-17,19.118441488214255,0
51.083333333333336,96.6783656883989,4.0866056237915884e-17,19.084090125987483,0
51.1,96.68433388740156,4.011922263750746e-17,19.049800485114275,0
51.11666666666667,96.69029136294827,3.938604646596596e-17,19.01557245469582,0
51.13333333333333,96.69623813430653,3.866627778885971e-17,18.981405924032558,0
51.15,96.70217422070924,3.795967124923317e-17,18.947300782623838,0
51.166666666666664,96.70809964135482,3.7265985983700004e-17,18.913256920167537,0
51.18333333333333,96.71401441540708,3.658498554007341e-17,18.879274226559726,0
51.2,96.71991856199551,3.5916437796510375e-17,18.84535259189432,0
51.21666666666667,96.72581210021512,3.5260114882136843e-17,18.811491906462685,0
51.233333333333334,96.7316950491267,3.4615793099131114e-17,18.777692060753328,0
51.25,96.73756742775673,3.3983252846236006e-17,18.743952945451518,0
51.266666666666666,96.74342925509757,3.3362278543674266e-17,18.710274451438927,0
51.28333333333333,96.74928055010739,3.275265855944146e-17,18.676656469793297,0
51.3,96.7551213317103,3.215418513695111e-17,18.643098891788078,0
51.31666666666667,96.76095161879647,3.15666543240075e-17,18.60960160889207,0
51.333333333333336,96.76677143022208,3.098986590308089e-17,18.57616451276909,0
51.35,96.77258078480943,3.0423623322862293e-17,18.542787495277587,0
51.36666666666667,96.778379701347,2.9867733631073765e-17,18.509470448470342,0
51.38333333333333,96.78416819858955,2.9322007408510806e-17,18.47621326459407,0
51.4,96.78994629525809,2.878625870429504e-17,18.44301583608911,0
51.416666666666664,96.79571401004004,2.8260304972314473e-17,18.40987805558905,0
51.43333333333333,96.80147136158918,2.7743967008829608e-17,18.376799815920393,0
51.45,96.80721836852584,2.7237068891224043e-17,18.343781010102212,0
51.46666666666667,96.81295504943687,2.6739437917878388e-17,18.310821531345784,0
51.483333333333334,96.81868142287568,2.625090454914709e-17,18.27792127305429,0
51.5,96.82439750736243,2.5771302349417834e-17,18.24508012882241,0
51.516666666666666,96.83010332138396,2.5300467930233732e-17,18.21229799243602,0
51.53333333333333,96.83579888339385,2.4838240894458263e-17,18.17957475787185,0
51.55,96.84148421181258,2.4384463781464995e-17,18.14691031929712,0
51.56666666666667,96.84715932502755,2.3938982013331532e-17,18.114304571069194,0
51.583333333333336,96.85282424139305,2.350164384202131e-17,18.08175740773527,0
51.6,96.85847897923044,2.3072300297533438e-17,18.049268724032007,0
51.61666666666667,96.86412355682816,2.2650805137003124e-17,18.016838414885218,0
51.63333333333333,96.86975799244178,2.2237014794736584e-17,17.98446637540948,0
51.65,96.87538230429405,2.183078833316069e-17,17.952152500907843,0
51.666666666666664,96.88099651057502,2.143198739467384e-17,17.919896686871475,0
51.68333333333333,96.88660062944203,2.104047615437842e-17,17.887698828979314,0
51.7,96.89219467901978,2.0656121273680564e-17,17.855558823097738,0
51.71666666666667,96.89777867740047,2.0278791854740753e-17,17.82347656528023,0
51.733333333333334,96.90335264264372,1.9908359395759536e-17,17.79145195176705,0
51.75,96.90891659277673,1.954469774708302e-17,17.75948487898488,0
51.766666666666666,96.9144705457943,1.9187683068113766e-17,17.72757524354649,0
51.78333333333333,96.9200145196589,1.8837193785010847e-17,17.69572294225044,0
51.8,96.92554853230078,1.849311054916647e-17,17.663927872080695,0
51.81666666666667,96.93107260161787,1.8155316196442983e-17,17.632189930206323,0
51.833333333333336,96.93658674547602,1.7823695707158048e-17,17.60050901398116,0
51.85,96.94209098170894,1.749813616680288e-17,17.568885020943462,0
51.86666666666667,96.94758532811832,1.7178526727481168e-17,17.53731784881559,0
51.88333333333333,96.95306980247388,1.6864758570054308e-17,17.505807395503684,0
51.9,96.95854442251337,1.6556724866981568e-17,17.47435355909731,0
51.916666666666664,96.96400920594269,1.6254320745840377e-17,17.442956237869144,0
51.93333333333333,96.9694641704359,1.595744325351641e-17,17.41161533027465,0
51.95,96.97490933363535,1.566599132104948e-17,17.380330734951734,0
51.96666666666667,96.98034471315168,1.5379865729124178e-17,17.349102350720436,0
51.983333333333334,96.98577032656388,1.5098969074192958e-17,17.317930076582588,0
52.0,96.99118619141933,1.4823205735220443e-17,17.28681381172149,0
52.016666666666666,96.9965923252339,1.455248184103715e-17,17.255753455501587,0
52.03333333333333,97.00198874549203,1.428670523829157e-17,17.224748907468143,0
52.05,97.00737546964668,1.4025785459990107e-17,17.193800067346917,0
52.06666666666667,97.01275251511946,1.3769633694613066e-17,17.16290683504384,0
52.083333333333336,97.01811989930073,1.3518162755797338e-17,17.132069110644682,0
52.1,97.02347763954954,1.3271287052574376e-17,17.101286794414737,0
52.11666666666667,97.0288257531938,1.3028922560153762e-17,17.070559786798498,0
52.13333333333333,97.03416425753024,1.279098679124245e-17,17.03988798841934,0
52.15,97.03949316982457,1.2557398767889537e-17,17.0092713000792,0
52.166666666666664,97.0448125073114,1.2328078993846901e-17,16.978709622758235,0
52.18333333333333,97.05012228719447,1.2102949427436716e-17,16.948202857614525,0
52.2,97.05542252664651,1.1881933454916188e-17,16.917750905983755,0
52.21666666666667,97.06071324280946,1.1664955864330123e-17,16.88735366937887,0
52.233333333333334,97.06599445279444,1.1451942819843056e-17,16.857011049489792,0
52.25,97.0712661736818,1.1242821836541588e-17,16.82672294818306,0
52.266666666666666,97.07652842252128,1.1037521755698662e-17,16.79648926750156,0
52.28333333333333,97.08178121633189,1.0835972720490785e-17,16.766309909664162,0
52.3,97.08702457210211,1.0638106152160826e-17,16.736184777065446,0
52.31666666666667,97.0922585067899,1.0443854726616875e-17,16.706113772275348,0
52.333333333333336,97.09748303732272,1.025315235146074e-17,16.67609679803888,0
52.35,97.10269818059766,1.0065934143436682e-17,16.646133757275784,0
52.36666666666667,97.10790395348138,9.882136406293973e-18,16.61622455308024,0
52.38333333333333,97.11310037281034,9.70169660905452e-18,16.58636908872054,0
52.4,97.11828745539063,9.524553364679216e-18,16.55656726763879,0
52.416666666666664,97.12346521799823,9.35064640912485e-18,16.52681899345058,0
52.43333333333333,97.12863367737897,9.179916580784972e-18,16.49712416994468,0
52.45,97.13379285024854,9.012305800307274e-18,16.46748270108273,0
52.46666666666667,97.1389427532926,8.847757050780967e-18,16.437894490998932,0
52.483333333333334,97.1440834031669,8.686214358286889e-18,16.40835944399973,0
52.5,97.14921481649723,8.527622772804328e-18,16.378877464563516,0
52.516666666666666,97.15433700987944,8.371928349467319e-18,16.349448457340305,0
52.53333333333333,97.15944999987966,8.21907813016446e-18,16.320072327151433,0
52.55,97.16455380303421,8.069020125476059e-18,16.290748978989253,0
52.56666666666667,97.16964843584968,7.921703296941856e-18,16.26147831801682,0
52.583333333333336,97.17473391480306,7.777077539653658e-18,16.2322602495676,0
52.6,97.17981025634165,7.635093665167175e-18,16.20309467914514,0
52.61666666666667,97.18487747688327,7.495703384726645e-18,16.173981512422774,0
52.63333333333333,97.1899355928162,7.358859292796738e-18,16.14492065524334,0
52.65,97.1949846204993,7.224514850896241e-18,16.11591201361882,0
52.666666666666664,97.20002457626205,7.092624371727923e-18,16.08695549373011,0
52.68333333333333,97.20505547640451,6.963143003599056e-18,16.05805100192664,0
52.7,97.21007733719756,6.8360267151272975e-18,16.02919844472613,0
52.71666666666667,97.21509017488279,6.711232280226745e-18,16.000397728814267,0
52.733333333333334,97.22009400567258,6.5887172633690575e-18,15.971648761044385,0
52.75,97.22508884575022,6.468440005114481e-18,15.942951448437197,0
52.766666666666666,97.23007471126995,6.350359607907999e-18,15.914305698180472,0
52.78333333333333,97.2350516183569,6.23443592213543e-18,15.885711417628741,0
52.8,97.24001958310733,6.12062953243521e-18,15.857168514302995,0
52.81666666666667,97.24497862158847,6.008901744260711e-18,15.828676895890393,0
52.833333333333336,97.24992874983877,5.899214570688717e-18,15.800236470243954,0
52.85,97.25486998386782,5.791530719469522e-18,15.771847145382264,0
52.86666666666667,97.25980233965643,5.6858135803141535e-18,15.743508829489182,0
52.88333333333333,97.26472583315675,5.582027212414482e-18,15.71522143091354,0
52.9,97.26964048029222,5.480136332191946e-18,15.686984858168833,0
52.916666666666664,97.27454629695771,5.380106301270463e-18,15.658799019932951,0
52.93333333333333,97.27944329901948,5.2819031146698285e-18,15.630663825047867,0
52.95,97.28433150231533,5.185493389215184e-18,15.602579182519332,0
52.96666666666667,97.28921092265455,5.090844352158731e-18,15.5745450015166,0
52.983333333333334,97.29408157581808,4.997923830009978e-18,15.546561191372131,0
53.0,97.29894347755847,4.906700237570373e-18,15.518627661581283,0
53.016666666666666,97.3037966436,4.817142567168809e-18,15.49074432180204,0
53.03333333333333,97.30864108963866,4.729220378094216e-18,15.4629110818547,0
53.05,97.31347683134224,4.642903786221726e-18,15.435127851721603,0
53.06666666666667,97.31830388435041,4.558163453828699e-18,15.407394541546818,0
53.083333333333336,97.32312226427473,4.474970579597328e-18,15.379711061635872,0
53.1,97.32793198669866,4.39329688880026e-18,15.352077322455454,0
53.11666666666667,97.33273306717776,4.313114623665915e-18,15.324493234633113,0
53.13333333333333,97.33752552123951,4.234396533920229e-18,15.296958708956991,0
53.15,97.34230936438364,4.15711586750161e-18,15.269473656375515,0
53.166666666666664,97.3470846120819,4.081246361445837e-18,15.24203798799712,0
53.18333333333333,97.35185127977832,4.006762232937883e-18,15.21465161508996,0
53.2,97.3566093828891,3.933638170527633e-18,15.187314449081612,0
53.21666666666667,97.36135893680287,3.86184932550633e-18,15.160026401558806,0
53.233333333333334,97.36609995688049,3.791371303440963e-18,15.132787384267123,0
53.25,97.37083245845528,3.722180155863624e-18,15.105597309110724,0
53.266666666666666,97.375556456833,3.654252372113081e-18,15.07845608815205,0
53.28333333333333,97.38027196729188,3.587564871325571e-18,15.051363633611551,0
53.3,97.38497900508274,3.52209499457242e-18,15.024319857867388,0
53.31666666666667,97.38967758542897,3.457820497141404e-18,14.99732467345517,0
53.333333333333336,97.39436772352663,3.394719540959549e-18,14.970377993067645,0
53.35,97.39904943454445,3.3327706871546038e-18,14.943479729554449,0
53.36666666666667,97.40372273362394,3.271952888752666e-18,14.91662979592179,0
53.38333333333333,97.40838763587935,3.2122454835094755e-18,14.889828105332192,0
53.4,97.41304415639785,3.1536281868730435e-18,14.863074571104203,0
53.416666666666664,97.41769231023942,3.096081085074923e-18,14.83636910671212,0
53.43333333333333,97.42233211243705,3.039584628348117e-18,14.809711625785708,0
53.45,97.42696357799666,2.984119624269055e-18,14.783102042109908,0
53.46666666666667,97.43158672189723,2.929667231221398e-18,14.756540269624583,0
53.483333333333334,97.43620155909089,2.8762089519796135e-18,14.730026222424218,0
53.5,97.44080810450278,2.8237266274098354e-18,14.703559814757655,0
53.516666666666666,97.44540637303135,2.7722024302861945e-18,14.677140961027805,0
53.53333333333333,97.44999637954817,2.721618859220173e-18,14.650769575791381,0
53.55,97.45457813889814,2.671958732701196e-18,14.624445573758614,0
53.56666666666667,97.45915166589954,2.6232051832461763e-18,14.598168869792985,0
53.583333333333336,97.46371697534393,2.5753416516563253e-18,14.571939378910947,0
53.6,97.46827408199633,2.528351881378846e-18,14.545757016281641,0
53.61666666666667,97.47282300059526,2.4822199129720064e-18,14.519621697226633,0
53.63333333333333,97.47736374585274,2.4369300786714172e-18,14.493533337219636,0
53.65,97.48189633245431,2.392466997055778e-18,14.46749185188624,0
53.666666666666664,97.48642077505922,2.348815567810267e-18,14.441497157003635,0
53.68333333333333,97.49093708830029,2.3059609665857338e-18,14.415549168500334,0
53.7,97.49544528678408,2.2638886399519963e-18,14.389647802455913,0
53.71666666666667,97.49994538509094,2.222584300443501e-18,14.363792975100731,0
53.733333333333334,97.50443739777494,2.182033921695621e-18,14.337984602815663,0
53.75,97.5089213393641,2.1422237336699857e-18,14.312222602131827,0
53.766666666666666,97.51339722436026,2.103140217967168e-18,14.286506889730312,0
53.78333333333333,97.51786506723923,2.064770103225167e-18,14.260837382441913,0
53.8,97.52232488245082,2.027100360602082e-18,14.23521399724687,0
53.81666666666667,97.52677668441886,1.9901181993414425e-18,14.209636651274577,0
53.833333333333336,97.53122048754129,1.9538110624187158e-18,14.18410526180333,0
53.85,97.53565630619015,1.9181666222674134e-18,14.158619746260062,0
53.86666666666667,97.54008415471169,1.8831727765835027e-18,14.133180022220065,0
53.88333333333333,97.54450404742632,1.848817644206489e-18,14.10778600740673,0
53.9,97.54891599862879,1.8150895610759264e-18,14.082437619691285,0
53.916666666666664,97.55332002258814,1.7819770762618845e-18,14.05713477709252,0
53.93333333333333,97.55771613354776,1.7494689480680628e-18,14.031877397776523,0
53.95,97.56210434572546,1.7175541402061988e-18,14.00666540005642,0
53.96666666666667,97.56648467331351,1.6862218180404648e-18,13.981498702392113,0
53.983333333333334,97.57085713047866,1.6554613449005952e-18,13.95637722339001,0
54.0,97.57522173136219,1.6252622784624536e-18,13.931300881802764,0
54.016666666666666,97.57957849008007,1.595614367194826e-18,13.906269596529013,0
54.03333333333333,97.58392742072277,1.5665075468712264e-18,13.88128328661311,0
54.05,97.58826853735555,1.5379319371455136e-18,13.856341871244869,0
54.06666666666667,97.5926018540183,1.509877838190162e-18,13.831445269759302,0
54.083333333333336,97.5969273847258,1.482335727396021e-18,13.806593401636356,0
54.1,97.60124514346758,1.4552962561324847e-18,13.781786186500652,0
54.11666666666667,97.60555514420801,1.4287502465668805e-18,13.757023544121234,0
54.13333333333333,97.60985740088641,1.402688688542097e-18,13.732305394411293,0
54.15,97.61415192741707,1.3771027365112862e-18,13.707631657427923,0
54.166666666666664,97.61843873768925,1.3519837065286863e-18,13.683002253371853,0
54.18333333333333,97.62271784556722,1.3273230732954481e-18,13.658417102587196,0
54.2,97.62698926489043,1.3031124672595217e-18,13.633876125561185,0
54.21666666666667,97.63125300947337,1.279343671768611e-18,13.609379242923922,0
54.233333333333334,97.63550909310578,1.2560086202751676e-18,13.584926375448115,0
54.25,97.6397575295526,1.2330993935925565e-18,13.560517444048827,0
54.266666666666666,97.643998332554,1.2106082172013693e-18,13.536152369783217,0
54.28333333333333,97.64823151582553,1.1885274586050513e-18,13.511831073850287,0
54.3,97.65245709305802,1.1668496247338656e-18,13.487553477590623,0
54.31666666666667,97.65667507791777,1.1455673593963527e-18,13.463319502486147,0
54.333333333333336,97.66088548404649,1.1246734407774128e-18,13.43912907015986,0
54.35,97.66508832506138,1.1041607789821254e-18,13.414982102375582,0
54.36666666666667,97.66928361455518,1.0840224136245474e-18,13.390878521037715,0
54.38333333333333,97.67347136609621,1.0642515114605325e-18,13.36681824819097,0
54.4,97.67765159322839,1.044841364063928e-18,13.342801206020134,0
54.416666666666664,97.68182430947135,1.0257853855452162e-18,13.318827316849806,0
54.43333333333333,97.68598952832038,1.007077110311895e-18,13.294896503144145,0
54.45,97.69014726324653,9.887101908698427e-19,13.271008687506633,0
54.46666666666667,97.69429752769668,9.706783956648602e-19,13.247163792679808,0
54.483333333333334,97.69844033509352,9.529756069637162e-19,13.223361741545029,0
54.5,97.70257569883563,9.355958187739149e-19,13.199602457122207,0
54.516666666666666,97.70670363229749,9.18533134801545e-19,13.175885862569581,0
54.53333333333333,97.7108241488296,9.017817664464402e-19,13.152211881183453,0
54.55,97.71493726175844,8.853360308340267e-19,13.128580436397936,0
54.56666666666667,97.71904298438653,8.69190348883149e-19,13.104991451784722,0
54.583333333333336,97.72314132999256,8.533392434092527e-19,13.081444851052826,0
54.6,97.72723231183129,8.377773372622105e-19,13.05794055804834,0
54.61666666666667,97.73131594313364,8.224993514982519e-19,13.034478496754181,0
54.63333333333333,97.73539223710684,8.075001035852918e-19,13.01105859128986,0
54.65,97.73946120693437,7.927745056410826e-19,12.98768076591122,0
54.666666666666664,97.74352286577597,7.783175627035831e-19,12.9643449450102,0
54.68333333333333,97.74757722676779,7.641243710329621e-19,12.941051053114595,0
54.7,97.75162430302235,7.501901164446379e-19,12.917799014887796,0
54.71666666666667,97.75566410762863,7.365100726728187e-19,12.894588755128567,0
54.733333333333334,97.75969665365206,7.230795997639369e-19,12.87142019877078,0
54.75,97.76372195413462,7.098941424994931e-19,12.848293270883188,0
54.766666666666666,97.76774002209486,6.969492288477028e-19,12.825207896669186,0
54.78333333333333,97.77175087052791,6.842404684434875e-19,12.802164001466545,0
54.8,97.77575451240558,6.717635510962291e-19,12.779161510747201,0
54.81666666666667,97.77975096067637,6.59514245324828e-19,12.75620035011699,0
54.833333333333336,97.7837402282655,6.474883969195321e-19,12.733280445315422,0
54.85,97.78772232807498,6.356819275300727e-19,12.710401722215435,0
54.86666666666667,97.79169727298361,6.240908332796061e-19,12.687564106823153,0
54.88333333333333,97.7956650758471,6.127111834039923e-19,12.664767525277654,0
54.9,97.79962574949799,6.015391189159694e-19,12.642011903850722,0
54.916666666666664,97.80357930674586,5.905708512937228e-19,12.619297168946618,0
54.93333333333333,97.80752576037719,5.798026611934562e-19,12.596623247101835,0
54.95,97.81146512315551,5.692308971854804e-19,12.573990064984862,0
54.96666666666667,97.81539740782144,5.588519745134296e-19,12.551397549395947,0
54.983333333333334,97.81932262709269,5.486623738761315e-19,12.528845627266868,0
55.0,97.8232407936641,5.386586402317696e-19,12.506334225660678,0
55.016666666666666,97.82715192020773,5.28837381623906e-19,12.483863271771488,0
55.03333333333333,97.83105601937287,5.191952680289474e-19,12.461432692924225,0
55.05,97.83495310378606,5.097290302247086e-19,12.43904241657439,0
55.06666666666667,97.83884318605116,5.00435458679623e-19,12.416692370307837,0
55.083333333333336,97.84272627874942,4.913114024622925e-19,12.394382481840523,0
55.1,97.84660239443946,4.823537681709483e-19,12.37211267901829,0
55.11666666666667,97.85047154565727,4.735595188824947e-19,12.34988288981662,0
55.13333333333333,97.85433374491642,4.649256731207543e-19,12.327693042340407,0
55.15,97.85818900470795,4.564493038435725e-19,12.305543064823723,0
55.166666666666664,97.86203733750047,4.4812753744844735e-19,12.283432885629589,0
55.18333333333333,97.86587875574014,4.399575527963268e-19,12.26136243324974,0
55.2,97.8697132718508,4.3193658025324664e-19,12.239331636304392,0
55.21666666666667,97.873540898234,4.2406190074949197e-19,12.217340423542018,0
55.233333333333334,97.87736164726891,4.163308448559574e-19,12.195388723839105,0
55.25,97.88117553131255,4.0874079187737693e-19,12.173476466199945,0
55.266666666666666,97.8849825626997,4.012891689621467e-19,12.151603579756383,0
55.28333333333333,97.88878275374297,3.939734502283964e-19,12.129769993767601,0
55.3,97.89257611673285,3.8679115590604925e-19,12.107975637619885,0
55.31666666666667,97.89636266393778,3.7973985149455916e-19,12.086220440826398,0
55.333333333333336,97.90014240760408,3.72817146936034e-19,12.06450433302695,0
55.35,97.90391535995617,3.660206958034836e-19,12.04282724398777,0
55.36666666666667,97.90768153319642,3.593481945038909e-19,12.021189103601287,0
55.38333333333333,97.91144093950533,3.5279738149585836e-19,11.999589841885893,0
55.4,97.91519359104146,3.4636603652154794e-19,11.978029388985718,0
55.416666666666664,97.91893949994157,3.4005197985265297e-19,11.95650767517041,0
55.43333333333333,97.9226786783206,3.3385307155016134e-19,11.935024630834908,0
55.45,97.9264111382717,3.2776721073763663e-19,11.913580186499209,0
55.46666666666667,97.93013689186634,3.2179233488778423e-19,11.892174272808155,0
55.483333333333334,97.93385595115427,3.1592641912205534e-19,11.8708068205312,0
55.5,97.93756832816356,3.1016747552305033e-19,11.849477760562186,0
55.516666666666666,97.94127403490076,3.0451355245948444e-19,11.828187023919131,0
55.53333333333333,97.94497308335073,2.9896273392349367e-19,11.806934541743992,0
55.55,97.94866548547688,2.93513138880047e-19,11.785720245302446,0
55.56666666666667,97.95235125322111,2.881629206282497e-19,11.764544065983674,0
55.583333333333336,97.9560303985038,2.8291026617431314e-19,11.743405935300135,0
55.6,97.959702933224,2.777533956159922e-19,11.722305784887336,0
55.61666666666667,97.96336886925933,2.726905615382577e-19,11.70124354650363,0
55.63333333333333,97.96702821846608,2.677200484200245e-19,11.680219152029977,0
55.65,97.97068099267926,2.6284017205170674e-19,11.65923253346973,0
55.666666666666664,97.97432720371259,2.5804927896343015e-19,11.638283622948423,0
55.68333333333333,97.97796686335855,2.53345745863682e-19,11.617372352713538,0
55.7,97.98159998338846,2.4872797908821663e-19,11.596498655134296,0
55.71666666666667,97.98522657555247,2.4419441405904205e-19,11.575662462701434,0
55.733333333333334,97.98884665157962,2.3974351475327887e-19,11.554863708026982,0
55.75,97.99246022317793,2.353737731817307e-19,11.534102323844063,0
55.766666666666666,97.99606730203426,2.3108370887697925e-19,11.51337824300665,0
55.78333333333333,97.9996678998146,2.2687186839083434e-19,11.49269139848937,0
55.8,98.0032620281639,2.227368248009629e-19,11.472041723387273,0
55.81666666666667,98.00684969870625,2.1867717722653506e-19,11.451429150915622,0
55.833333333333336,98.01043092304478,2.1469155035271483e-19,11.430853614409688,0
55.85,98.0140057127618,2.107785939638471e-19,11.410315047324502,0
55.86666666666667,98.01757407941885,2.0693698248516103e-19,11.38981338323468,0
55.88333333333333,98.02113603455666,2.0316541453285844e-19,11.36934855583418,0
55.9,98.02469158969521,1.994626124724107e-19,11.348920498936094,0
55.916666666666664,98.0282407563338,1.958273219849356e-19,11.328529146472444,0
55.93333333333333,98.03178354595109,1.9225831164148612e-19,11.308174432493955,0
55.95,98.03531997000509,1.8875437248512623e-19,11.287856291169847,0
55.96666666666667,98.03885003993322,1.8531431762063207e-19,11.26757465678763,0
55.983333333333334,98.04237376715234,1.8193698181169524e-19,11.247329463752873,0
56.0,98.04589116305885,1.7862122108548179e-19,11.227120646589013,0
56.016666666666666,98.0494022390286,1.7536591234441465e-19,11.206948139937127,0
56.03333333333333,98.05290700641706,1.7216995298504921e-19,11.186811878555726,0
56.05,98.05640547655926,1.6903226052390974e-19,11.166711797320547,0
56.06666666666667,98.05989766076988,1.659517722301631e-19,11.146647831224344,0
56.083333333333336,98.06338357034326,1.629274447649992e-19,11.126619915376665,0
56.1,98.06686321655347,1.599582538275994e-19,11.106627985003657,0
56.11666666666667,98.07033661065431,1.5704319380757507e-19,11.086671975447851,0
56.13333333333333,98.07380376387933,1.5418127744375165e-19,11.066751822167948,0
56.15,98.07726468744194,1.5137153548918662e-19,11.04686746073862,0
56.166666666666664,98.08071939253537,1.4861301638230334e-19,11.027018826850288,0
56.18333333333333,98.0841678903328,1.459047859240383e-19,11.00720585630893,0
56.2,98.08761019198721,1.4324592696087998e-19,10.987428485035867,0
56.21666666666667,98.09104630863168,1.4063553907369769e-19,10.967686649067545,0
56.233333333333334,98.0944762513792,1.3807273827225662e-19,10.947980284555344,0
56.25,98.09790003132282,1.3555665669531046e-19,10.928309327765367,0
56.266666666666666,98.10131765953567,1.3308644231617165e-19,10.908673715078226,0
56.28333333333333,98.10472914707094,1.3066125865366067e-19,10.889073382988846,0
56.3,98.108134504962,1.2828028448833415e-19,10.869508268106255,0
56.31666666666667,98.11153374422241,1.2594271358389446e-19,10.84997830715338,0
56.333333333333336,98.1149268758459,1.2364775441368962e-19,10.830483436966839,0
56.35,98.11831391080645,1.2139462989220496e-19,10.811023594496744,0
56.36666666666667,98.12169486005835,1.1918257711146542e-19,10.791598716806492,0
56.38333333333333,98.1250697345362,1.1701084708224301e-19,10.77220874107256,0
56.4,98.1284385451549,1.1487870447999707e-19,10.75285360458431,0
56.416666666666664,98.13180130280986,1.1278542739545387e-19,10.73353324474377,0
56.43333333333333,98.13515801837679,1.1073030708973735e-19,10.714247599065454,0
56.45,98.1385087027119,1.0871264775397627e-19,10.694996605176135,0
56.46666666666667,98.14185336665194,1.067317662732991e-19,10.675780200814668,0
56.483333333333334,98.14519202101411,1.0478699199513959e-19,10.656598323831771,0
56.5,98.14852467659625,1.0287766650177203e-19,10.63745091218983,0
56.516666666666666,98.15185134417673,1.010031433870046e-19,10.618337903962697,0
56.53333333333333,98.1551720345146,9.91627880369448e-20,10.599259237335492,0
56.55,98.1584867583496,9.735597741477281e-20,10.580214850604404,0
56.56666666666667,98.16179552640209,9.558209984944387e-20,10.561204682176486,0
56.583333333333336,98.16509834937322,9.384055482824863e-20,10.54222867056946,0
56.6,98.16839523794492,9.21307527931611e-20,10.523286754411519,0
56.61666666666667,98.17168620277991,9.045211494090766e-20,10.504378872441125,0
56.63333333333333,98.17497125452178,8.88040730266848e-20,10.485504963506813,0
56.65,98.17825040379496,8.718606917146031e-20,10.46666496656699,0
56.666666666666664,98.18152366120479,8.559755567279675e-20,10.447858820689747,0
56.68333333333333,98.1847910373376,8.403799481912533e-20,10.429086465052654,0
56.7,98.18805254276063,8.2506858707413e-20,10.410347838942556,0
56.71666666666667,98.1913081880222,8.100362906415843e-20,10.391642881755395,0
56.733333333333334,98.19455798365162,7.952779706965704e-20,10.372971532996003,0
56.75,98.19780194015934,7.807886318547382e-20,10.354333732277901,0
56.766666666666666,98.20104006803689,7.665633698506666e-20,10.335729419323119,0
56.78333333333333,98.20427237775694,7.52597369875029e-20,10.317158533961988,0
56.8,98.20749887977335,7.388859049421067e-20,10.29862101613295,0
56.81666666666667,98.21071958452121,7.25424334287119e-20,10.28011680588236,0
56.833333333333336,98.21393450241688,7.122081017928225e-20,10.261645843364306,0
56.85,98.21714364385794,6.992327344448013e-20,10.243208068840392,0
56.86666666666667,98.22034701922333,6.864938408150193e-20,10.22480342267957,0
56.88333333333333,98.22354463887335,6.739871095729921e-20,10.206431845357923,0
56.9,98.2267365131497,6.617083080242005e-20,10.188093277458497,0
56.916666666666664,98.22992265237542,6.49653280675145e-20,10.16978765967109,0
56.93333333333333,98.2331030668551,6.378179478246246e-20,10.151514932792065,0
56.95,98.23627776687471,6.26198304180718e-20,10.133275037724161,0
56.96666666666667,98.23944676270187,6.147904175030263e-20,10.115067915476304,0
56.983333333333334,98.2426100645856,6.035904272696937e-20,10.09689350716341,0
57.0,98.24576768275665,5.925945433687703e-20,10.078751754006198,0
57.016666666666666,98.2489196274273,5.817990448134599e-20,10.060642597331,0
57.03333333333333,98.25206590879148,5.712002784808274e-20,10.042565978569574,0
57.05,98.25520653702483,5.60794657873523e-20,10.02452183925891,0
57.06666666666667,98.25834152228474,5.505786619041269e-20,10.006510121041035,0
57.083333333333336,98.26147087471027,5.4054883370166774e-20,9.988530765662842,0
57.1,98.2645946044223,5.307017794399413e-20,9.970583714975886,0
57.11666666666667,98.26771272152357,5.210341671872186e-20,9.952668910936199,0
57.13333333333333,98.27082523609859,5.115427257769389e-20,9.93478629560411,0
57.15,98.2739321582138,5.022242436990302e-20,9.916935811144052,0
57.166666666666664,98.27703349791756,4.930755680114649e-20,9.899117399824368,0
57.18333333333333,98.28012926524013,4.840936032716847e-20,9.881331004017138,0
57.2,98.28321947019379,4.7527531048752856e-20,9.86357656619798,0
57.21666666666667,98.2863041227728,4.6661770608731083e-20,9.845854028945876,0
57.233333333333334,98.28938323295351,4.5811786090869585e-20,9.828163334942978,0
57.25,98.29245681069426,4.497728992060442e-20,9.810504426974425,0
57.266666666666666,98.29552486593556,4.4157999767585507e-20,9.792877247928153,0
57.28333333333333,98.2985874086001,4.3353638450001626e-20,9.775281740794725,0
57.3,98.30164444859263,4.2563933840650635e-20,9.757717848667124,0
57.31666666666667,98.3046959958002,4.178861877472518e-20,9.74018551474059,0
57.333333333333336,98.30774206009204,4.102743095928057e-20,9.722684682312426,0
57.35,98.31078265131967,4.028011288435479e-20,9.705215294781818,0
57.36666666666667,98.3138177793169,3.954641173571288e-20,9.68777729564965,0
57.38333333333333,98.31684745389988,3.8826079309181045e-20,9.670370628518317,0
57.4,98.31987168486714,3.811887192654695e-20,9.65299523709155,0
57.416666666666664,98.32289048199955,3.7424550352992314e-20,9.635651065174237,0
57.43333333333333,98.32590385506045,3.6742879716035456e-20,9.618338056672226,0
57.45,98.32891181379561,3.607362942595062e-20,9.601056155592161,0
57.46666666666667,98.33191436793335,3.5416573097641153e-20,9.583805306041285,0
57.483333333333334,98.33491152718442,3.4771488473938206e-20,9.566585452227276,0
57.5,98.33790330124219,3.4138157350299486e-20,9.549396538458051,0
57.516666666666666,98.3408896997826,3.3516365500882073e-20,9.532238509141596,0
57.53333333333333,98.34387073246415,3.2905902605963825e-20,9.51511130878578,0
57.55,98.34684640892809,3.230656218069113e-20,9.498014881998184,0
57.56666666666667,98.34981673879825,3.1718141505125317e-20,9.48094917348591,0
57.583333333333336,98.35278173168122,3.114044155556607e-20,9.46391412805541,0
57.6,98.35574139716633,3.05732669371287e-20,9.446909690612307,0
57.61666666666667,98.35869574482565,3.001642581755177e-20,9.429935806161216,0
57.63333333333333,98.36164478421406,2.946972986221183e-20,9.412992419805567,0
57.65,98.36458852486932,2.8932994170325425e-20,9.39607947674742,0
57.666666666666664,98.36752697631196,2.840603721231394e-20,9.379196922287305,0
57.68333333333333,98.37046014804547,2.788868076831274e-20,9.362344701824021,0
57.7,98.37338804955628,2.7380749867801434e-20,9.345522760854482,0
57.71666666666667,98.37631069031373,2.6882072730336585e-20,9.32873104497353,0
57.733333333333334,98.37922807977014,2.6392480707365384e-20,9.311969499873758,0
57.75,98.3821402273609,2.5911808225101012e-20,9.295238071345336,0
57.766666666666666,98.38504714250439,2.5439892728441357e-20,9.27853670527584,0
57.78333333333333,98.38794883460211,2.4976574625909673e-20,9.261865347650069,0
57.8,98.39084531303865,2.452169723560158e-20,9.24522394454988,0
57.81666666666667,98.39373658718173,2.4075106732116745e-20,9.228612442154002,0
57.833333333333336,98.39662266638224,2.3636652094460057e-20,9.212030786737872,0
57.85,98.39950355997429,2.320618505489296e-20,9.19547892467346,0
57.86666666666667,98.40237927727519,2.278356004871847e-20,9.178956802429086,0
57.88333333333333,98.40524982758554,2.2368634164981748e-20,9.162464366569262,0
57.9,98.40811522018922,2.196126709807119e-20,9.146001563754504,0
57.916666666666664,98.41097546435337,2.1561321100201668e-20,9.12956834074117,0
57.93333333333333,98.4138305693286,2.116866093476551e-20,9.113164644381282,0
57.95,98.41668054434878,2.0783153830534116e-20,9.096790421622362,0
57.96666666666667,98.41952539863125,2.0404669436695666e-20,9.080445619507248,0
57.983333333333334,98.42236514137677,2.0033079778712784e-20,9.064130185173935,0
58.0,98.42519978176958,1.966825921498588e-20,9.047844065855395,0
58.016666666666666,98.42802932897743,1.931008439430712e-20,9.031587208879412,0
58.03333333333333,98.43085379215155,1.8958434214090566e-20,9.015359561668408,0
58.05,98.4336731804268,1.8613189779364477e-20,8.999161071739278,0
58.06666666666667,98.43648750292154,1.827423436251186e-20,8.98299168670321,0
58.083333333333336,98.4392967687378,1.7941453363745557e-20,8.966851354265533,0
58.1,98.44210098696128,1.7614734272304125e-20,8.950740022225528,0
58.11666666666667,98.4449001666613,1.7293966628356084e-20,8.93465763847627,0
58.13333333333333,98.4476943168909,1.6979041985599162e-20,8.91860415100446,0
58.15,98.45048344668687,1.6669853874541488e-20,8.902579507890259,0
58.166666666666664,98.45326756506977,1.6366297766453046e-20,8.886583657307106,0
58.18333333333333,98.45604668104387,1.6068271037974832e-20,8.870616547521568,0
58.2,98.45882080359742,1.57756729363733e-20,8.85467812689316,0
58.21666666666667,98.46158994170236,1.5488404545429076e-20,8.838768343874186,0
58.233333333333334,98.46435410431461,1.520636875194779e-20,8.822887147009569,0
58.25,98.46711330037394,1.4929470212881685e-20,8.807034484936683,0
58.266666666666666,98.46986753880408,1.465761532305159e-20,8.791210306385189,0
58.28333333333333,98.47261682851277,1.4390712183457025e-20,8.77541456017687,0
58.3,98.47536117839168,1.412867057016484e-20,8.759647195225465,0
58.31666666666667,98.47810059731651,1.3871401903765345e-20,8.743908160536499,0
58.333333333333336,98.48083509414707,1.3618819219385668e-20,8.728197405207125,0
58.35,98.48356467772716,1.3370837137249915e-20,8.712514878425958,0
58.36666666666667,98.48628935688477,1.3127371833776558e-20,8.696860529472907,0
58.38333333333333,98.489009140432,1.2888341013203066e-20,8.681234307719013,0
58.4,98.49172403716511,1.2653663879728116e-20,8.665636162626285,0
58.416666666666664,98.49443405586456,1.2423261110161858e-20,8.650066043747538,0
58.43333333333333,98.49713920529501,1.2197054827075292e-20,8.634523900726231,0
58.45,98.49983949420546,1.1974968572439246e-20,8.619009683296298,0
58.46666666666667,98.50253493132905,1.1756927281744287e-20,8.60352334128199,0
58.483333333333334,98.50522552538338,1.1542857258592743e-20,8.588064824597714,0
58.5,98.50791128507026,1.1332686149754146e-20,8.572634083247868,0
58.516666666666666,98.51059221907593,1.112634292067552e-20,8.55723106732668,0
58.53333333333333,98.51326833607102,1.0923757831438704e-20,8.541855727018046,0
58.55,98.51593964471053,1.0724862413156009e-20,8.526508012595375,0
58.56666666666667,98.518606153634,1.0529589444796319e-20,8.511187874421415,0
58.583333333333336,98.52126787146537,1.0337872930434184e-20,8.495895262948107,0
58.6,98.5239248068131,1.0149648076913627e-20,8.480630128716419,0
58.61666666666667,98.52657696827023,9.964851271919397e-21,8.465392422356178,0
58.63333333333333,98.52922436441429,9.783420062448334e-21,8.450182094585923,0
58.65,98.53186700380743,9.605293133673217e-21,8.43499909621274,0
58.666666666666664,98.53450489499643,9.430410288192269e-21,8.419843378132102,0
58.68333333333333,98.53713804651272,9.258712425657008e-21,8.404714891327712,0
58.7,98.53976646687236,9.090141522771825e-21,8.389613586871343,0
58.71666666666667,98.54239016457613,8.924640613657999e-21,8.374539415922683,0
58.733333333333334,98.54500914810954,8.762153770576325e-21,8.359492329729171,0
58.75,98.54762342594283,8.60262608500104e-21,8.344472279625844,0
58.766666666666666,98.5502330065311,8.446003649038839e-21,8.32947921703518,0
58.78333333333333,98.55283789831412,8.292233537187024e-21,8.31451309346694,0
58.8,98.55543810971665,8.141263788424233e-21,8.299573860518008,0
58.81666666666667,98.55803364914819,7.993043388627704e-21,8.284661469872237,0
58.833333333333336,98.56062452500318,7.847522253311405e-21,8.269775873300297,0
58.85,98.563210745661,7.704651210678733e-21,8.254917022659509,0
58.86666666666667,98.56579231948591,7.564381984984536e-21,8.2400848698937,0
58.88333333333333,98.56836925482723,7.426667180200374e-21,8.225279367033039,0
58.9,98.57094156001921,7.291460263977774e-21,8.210500466193892,0
58.916666666666664,98.57350924338114,7.158715551903911e-21,8.195748119578647,0
58.93333333333333,98.57607231321734,7.028388192044382e-21,8.181022279475592,0
58.95,98.57863077781728,6.900434149768054e-21,8.166322898258727,0
58.96666666666667,98.58118464545545,6.774810192848275e-21,8.151649928387627,0
58.983333333333334,98.58373392439155,6.651473876836214e-21,8.137003322407296,0
59.0,98.58627862287041,6.5303835307006e-21,8.122383032947988,0
59.016666666666666,98.58881874912198,6.411498242729574e-21,8.107789012725084,0
59.03333333333333,98.59135431136154,6.2947778466894206e-21,8.093221214538914,0
59.05,98.59388531778953,6.180182908235888e-21,8.078679591274618,0
59.06666666666667,98.59641177659168,6.067674711573136e-21,8.064164095901996,0
59.083333333333336,98.59893369593898,5.957215246356224e-21,8.04967468147534,0
59.1,98.60145108398781,5.848767194832e-21,8.0352113011333,0
59.11666666666667,98.60396394887982,5.742293919215028e-21,8.020773908098722,0
59.13333333333333,98.60647229874209,5.637759449293175e-21,8.0063624556785,0
59.15,98.60897614168705,5.5351284702596426e-21,7.991976897263426,0
59.166666666666664,98.61147548581259,5.4343663107665714e-21,7.977617186328034,0
59.18333333333333,98.61397033920203,5.335438931196662e-21,7.9632832764304595,0
59.2,98.61646070992417,5.2383129121485694e-21,7.948975121212277,0
59.21666666666667,98.61894660603332,5.142955443132319e-21,7.93469267439836,0
59.233333333333334,98.6214280355693,5.0493343114707604e-21,7.9204358897967255,0
59.25,98.6239050065575,4.957417891403509e-21,7.906204721298389,0
59.266666666666666,98.62637752700888,4.867175133389435e-21,7.891999122877209,0
59.28333333333333,98.62884560492003,4.7785755536043244e-21,7.877819048589748,0
59.3,98.63130924827315,4.6915892236299395e-21,7.8636644525751125,0
59.31666666666667,98.6337684650361,4.606186760331174e-21,7.8495352890548125,0
59.333333333333336,98.6362232631624,4.522339315917672e-21,7.835431512332614,0
59.35,98.63867365059136,4.440018568186728e-21,7.821353076794384,0
59.36666666666667,98.6411196352479,4.359196710944118e-21,7.807299936907949,0
59.38333333333333,98.64356122504283,4.279846444599462e-21,7.793272047222948,0
59.4,98.64599842787267,4.20194096693321e-21,7.77926936237068,0
59.416666666666664,98.64843125161974,4.125453964031819e-21,7.765291837063965,0
59.43333333333333,98.65085970415228,4.05035960138831e-21,7.75133942609699,0
59.45,98.6532837933243,3.976632515165065e-21,7.737412084345169,0
59.46666666666667,98.65570352697574,3.9042478036158635e-21,7.723509766764992,0
59.483333333333334,98.65811891293247,3.8331810186643604e-21,7.709632428393883,0
59.5,98.66052995900627,3.763408157636127e-21,7.695780024350054,0
59.516666666666666,98.66293667299487,3.694905655141342e-21,7.681952509832354,0
59.53333333333333,98.66533906268207,3.627650375105566e-21,7.668149840120138,0
59.55,98.66773713583757,3.561619602945741e-21,7.654371970573106,0
59.56666666666667,98.67013090021717,3.496791037888887e-21,7.640618856631169,0
59.583333333333336,98.67252036356278,3.433142785430775e-21,7.626890453814303,0
59.6,98.6749055336023,3.3706533499321237e-21,7.613186717722402,0
59.61666666666667,98.6772864180498,3.3093016273497615e-21,7.599507604035139,0
59.63333333333333,98.67966302460552,3.249066898100324e-21,7.585853068511818,0
59.65,98.68203536095581,3.18992882005406e-21,7.572223066991233,0
59.666666666666664,98.6844034347732,3.1318674216562337e-21,7.558617555391528,0
59.68333333333333,98.68676725371652,3.0748630951741376e-21,7.54503648971005,0
59.7,98.68912682543076,3.018896590067051e-21,7.531479826023208,0
59.71666666666667,98.69148215754718,2.963949006477131e-21,7.517947520486333,0
59.733333333333334,98.69383325768334,2.9100017888389147e-21,7.504439529333532,0
59.75,98.69618013344315,2.857036719605427e-21,7.490955808877552,0
59.766666666666666,98.69852279241681,2.8050359130884986e-21,7.477496315509634,0
59.78333333333333,98.7008612421809,2.753981809411477e-21,7.464061005699376,0
59.8,98.70319549029837,2.7038571685722035e-21,7.450649835994585,0
59.81666666666667,98.70552554431859,2.6546450646141067e-21,7.437262763021146,0
59.833333333333336,98.70785141177738,2.6063288799036516e-21,7.4238997434828775,0
59.85,98.71017310019704,2.5588922995120223e-21,7.410560734161386,0
59.86666666666667,98.7124906170863,2.5123193056992956e-21,7.397245691915938,0
59.88333333333333,98.71480396994042,2.466594172499115e-21,7.383954573683308,0
59.9,98.71711316624118,2.42170146040207e-21,7.370687336477649,0
59.916666666666664,98.71941821345698,2.3776260111360355e-21,7.357443937390346,0
59.93333333333333,98.72171911904269,2.3343529425415994e-21,7.344224333589884,0
59.95,98.72401589043992,2.291867643540956e-21,7.331028482321705,0
59.96666666666667,98.72630853507677,2.2501557691984418e-21,7.31785634090807,0
59.983333333333334,98.72859706036813,2.209203235871179e-21,7.304707866747923,0
60.0,98.73088147371543,2.168996216448044e-21,7.291583017316753,0
60.016666666666666,98.73316178250694,2.1295211356754682e-21,7.278481750166453,0
60.03333333333333,98.73543799411752,2.0907646655684085e-21,7.265404022925188,0
60.05,98.7377101159089,2.0527137209049794e-21,7.252349793297253,0
60.06666666666667,98.7399781552295,2.015355454803184e-21,7.23931901906294,0
60.083333333333336,98.74224211941454,1.978677254378291e-21,7.226311658078398,0
60.1,98.74450201578613,1.9426667364793638e-21,7.213327668275501,0
60.11666666666667,98.74675785165316,1.9073117435034475e-21,7.2003670076617095,0
60.13333333333333,98.7490096343114,1.8726003392861454e-21,7.187429634319934,0
60.15,98.75125737104352,1.8385208050670012e-21,7.174515506408399,0
60.166666666666664,98.75350106911912,1.805061635528469e-21,7.161624582160509,0
60.18333333333333,98.7557407357947,1.7722115349070643e-21,7.148756819884716,0
60.2,98.75797637831374,1.7399594131753915e-21,7.135912177964381,0
60.21666666666667,98.76020800390673,1.7082943822937675e-21,7.123090614857637,0
60.233333333333334,98.7624356197911,1.6772057525301424e-21,7.110292089097262,0
60.25,98.76465923317139,1.6466830288471205e-21,7.097516559290539,0
60.266666666666666,98.76687885123917,1.6167159073547904e-21,7.084763984119125,0
60.28333333333333,98.76909448117306,1.5872942718282414e-21,7.072034322338914,0
60.3,98.77130613013883,1.5584081902885415e-21,7.0593275327799105,0
60.31666666666667,98.77351380528931,1.5300479116460046e-21,7.046643574346088,0
60.333333333333336,98.77571751376453,1.502203862404655e-21,7.033982406015259,0
60.35,98.77791726269169,1.4748666434267562e-21,7.021343986838949,0
60.36666666666667,98.78011305918517,1.4480270267562824e-21,7.008728275942253,0
60.38333333333333,98.78230491034655,1.4216759525003037e-21,6.99613523252371,0
60.4,98.78449282326467,1.395804525767193e-21,6.983564815855171,0
60.416666666666664,98.78667680501566,1.3704040136606489e-21,6.971016985281664,0
60.43333333333333,98.78885686266287,1.3454658423284564e-21,6.958491700221265,0
60.45,98.79103300325701,1.320981594065114e-21,6.945988920164968,0
60.46666666666667,98.7932052338361,1.2969430044671652e-21,6.9335086046765495,0
60.483333333333334,98.79537356142554,1.2733419596404375e-21,6.921050713392444,0
60.5,98.79753799303808,1.2501704934581528e-21,6.908615206021605,0
60.516666666666666,98.79969853567387,1.2274207848690092e-21,6.896202042345383,0
60.53333333333333,98.8018551963205,1.2050851552543144e-21,6.883811182217392,0
60.55,98.80400798195299,1.1831560658332843e-21,6.871442585563378,0
60.56666666666667,98.80615689953385,1.161626115115623e-21,6.859096212381092,0
60.583333333333336,98.80830195601303,1.1404880364005286e-21,6.84677202274016,0
60.6,98.81044315832803,1.1197346953212797e-21,6.8344699767819534,0
60.61666666666667,98.8125805134039,1.0993590874345368e-21,6.822190034719457,0
60.63333333333333,98.81471402815325,1.0793543358536226e-21,6.80993215683715,0
60.65,98.81684370947619,1.0597136889248841e-21,6.797696303490866,0
60.666666666666664,98.81896956426051,1.0404305179464309e-21,6.785482435107673,0
60.68333333333333,98.82109159938163,1.0214983149284094e-21,6.773290512185738,0
60.7,98.82320982170258,1.0029106903941242e-21,6.7611204952942074,0
60.71666666666667,98.82532423807403,9.84661371221212e-22,6.748972345073076,0
60.733333333333334,98.82743485533445,9.667441985221368e-22,6.736846022233056,0
60.75,98.8295416803099,9.49153125563352e-22,6.724741487555455,0
60.766666666666666,98.83164471981425,9.318822157223224e-22,6.71265870189205,0
60.78333333333333,98.83374398064907,9.149256404818179e-22,6.700597626164952,0
60.8,98.83583946960378,8.982776774607272e-22,6.688558221366493,0
60.81666666666667,98.83793119345557,8.819327084807761e-22,6.676540448559086,0
60.833333333333336,98.84001915896943,8.65885217668435e-22,6.664544268875111,0
60.85,98.84210337289821,8.501297895914594e-22,6.65256964351678,0
60.86666666666667,98.84418384198266,8.34661107429346e-22,6.6406165337560195,0
60.88333333333333,98.84626057295135,8.194739511771509e-22,6.628684900934338,0
60.9,98.84833357252081,8.04563195882002e-22,6.616774706462705,0
60.916666666666664,98.8504028473955,7.89923809911795e-22,6.604885911821425,0
60.93333333333333,98.85246840426784,7.755508532553823e-22,6.593018478560017,0
60.95,98.85453024981817,7.614394758537618e-22,6.581172368297082,0
60.96666666666667,98.85658839071489,7.475849159616707e-22,6.569347542720186,0
60.983333333333334,98.8586428336144,7.339824985390192e-22,6.557543963585731,0
61.0,98.8606935851611,7.206276336716433e-22,6.545761592718836,0
61.016666666666666,98.86274065198754,7.075158150208264e-22,6.534000392013212,0
61.03333333333333,98.86478404071426,6.946426183010715e-22,6.522260323431037,0
61.05,98.86682375794994,6.820036997856024e-22,6.510541349002831,0
61.06666666666667,98.86885981029144,6.695947948391092e-22,6.498843430827342,0
61.083333333333336,98.87089220432364,6.57411716477211e-22,6.487166531071413,0
61.1,98.87292094661974,6.4545035395216625e-22,6.475510611969867,0
61.11666666666667,98.874946043741,6.337066713643588e-22,6.4638756358253815,0
61.13333333333333,98.87696750223698,6.221767062990721e-22,6.4522615650083655,0
61.15,98.87898532864543,6.108565684881086e-22,6.440668361956843,0
61.166666666666664,98.88099952949236,5.997424384957844e-22,6.429095989176325,0
61.18333333333333,98.88301011129204,5.888305664288648e-22,6.417544409239694,0
61.2,98.88501708054704,5.781172706700193e-22,6.406013584787077,0
61.21666666666667,98.88702044374831,5.675989366343142e-22,6.39450347852573,0
61.233333333333334,98.88902020737504,5.572720155484044e-22,6.3830140532299176,0
61.25,98.89101637789484,5.471330232519345e-22,6.371545271740784,0
61.266666666666666,98.89300896176367,5.371785390207845e-22,6.3600970969662445,0
61.28333333333333,98.89499796542592,5.274052044117631e-22,6.348669491880859,0
61.3,98.89698339531436,5.178097221283351e-22,6.337262419525713,0
61.31666666666667,98.89896525785024,5.083888549070162e-22,6.325875843008297,0
61.333333333333336,98.90094355944325,4.991394244240686e-22,6.314509725502392,0
61.35,98.90291830649156,4.900583102220855e-22,6.303164030247945,0
61.36666666666667,98.90488950538187,4.811424486561635e-22,6.291838720550954,0
61.38333333333333,98.9068571624894,4.723888318592472e-22,6.280533759783343,0
61.4,98.90882128417789,4.637945067263342e-22,6.2692491113828535,0
61.416666666666664,98.91078187679965,4.553565739171835e-22,6.257984738852918,0
61.43333333333333,98.91273894669561,4.4707218687719225e-22,6.246740605762546,0
61.45,98.91469250019526,4.389385508761044e-22,6.235516675746203,0
61.46666666666667,98.91664254361675,4.30952922064234e-22,6.224312912503696,0
61.483333333333334,98.91858908326687,4.2311260654588752e-22,6.2131292798000555,0
61.5,98.92053212544107,4.154149594696485e-22,6.201965741465418,0
61.516666666666666,98.92247167642351,4.078573841352555e-22,6.190822261394906,0
61.53333333333333,98.92440774248705,4.004373311167268e-22,6.1796988035485185,0
61.55,98.92634032989324,3.931522974014798e-22,6.168595331951006,0
61.56666666666667,98.92826944489244,3.859998255451141e-22,6.157511810691761,0
61.583333333333336,98.93019509372375,3.7897750284160594e-22,6.146448203924697,0
61.6,98.93211728261505,3.720829605086058e-22,6.135404475868134,0
61.61666666666667,98.93403601778304,3.653138728875857e-22,6.1243805908046856,0
61.63333333333333,98.93595130543326,3.586679566585527e-22,6.113376513081139,0
61.65,98.93786315176013,3.5214297006906283e-22,6.102392207108344,0
61.666666666666664,98.93977156294682,3.457367121772886e-22,6.091427637361094,0
61.68333333333333,98.94167654516554,3.39447022108864e-22,6.080482768378014,0
61.7,98.94357810457728,3.33271778327271e-22,6.069557564761443,0
61.71666666666667,98.9454762473321,3.2720889791751968e-22,6.058651991177323,0
61.733333333333334,98.94737097956887,3.212563358828653e-22,6.047766012355083,0
61.75,98.94926230741554,3.1541208445434933e-22,6.036899593087526,0
61.766666666666666,98.95115023698895,3.0967417241290636e-22,6.0260526982307105,0
61.78333333333333,98.95303477439506,3.0404066442381977e-22,6.015225292703843,0
61.8,98.95491592572876,2.985096603833077e-22,6.004417341489163,0
61.81666666666667,98.95679369707402,2.930792947770031e-22,5.993628809631826,0
61.833333333333336,98.95866809450393,2.877477360501189e-22,5.982859662239794,0
61.85,98.96053912408058,2.8251318598909054e-22,5.972109864483724,0
61.86666666666667,98.96240679185524,2.7737387911447457e-22,5.961379381596849,0
61.88333333333333,98.9642711038683,2.7232808208490847e-22,5.950668178874874,0
61.9,98.96613206614924,2.6737409311193e-22,5.939976221675858,0
61.916666666666664,98.96798968471676,2.625102413854475e-22,5.9293034754201015,0
61.93333333333333,98.96984396557872,2.5773488650967774e-22,5.918649905590039,0
61.95,98.97169491473221,2.5304641794936074e-22,5.9080154777301255,0
61.96666666666667,98.97354253816353,2.4844325448605734e-22,5.897400157446721,0
61.983333333333334,98.9753868418482,2.4392384368434894e-22,5.886803910407987,0
62.0,98.97722783175104,2.3948666136775857e-22,5.876226702343767,0
62.016666666666666,98.97906551382617,2.3513021110422534e-22,5.865668499045485,0
62.03333333333333,98.98089989401694,2.3085302370093814e-22,5.855129266366027,0
62.05,98.98273097825609,2.2665365670837667e-22,5.844608970219632,0
62.06666666666667,98.98455877246565,2.2253069393338434e-22,5.834107576581784,0
62.083333333333336,98.98638328255706,2.1848274496110978e-22,5.8236250514891035,0
62.1,98.98820451443108,2.145084446856535e-22,5.813161361039233,0
62.11666666666667,98.99002247397792,2.1060645284926294e-22,5.802716471390729,0
62.13333333333333,98.9918371670772,2.0677545358992266e-22,5.792290348762957,0
62.15,98.99364859959792,2.0301415499717777e-22,5.781882959435972,0
62.166666666666664,98.99545677739862,1.9932128867605633e-22,5.77149426975042,0
62.18333333333333,98.99726170632722,1.9569560931892073e-22,5.7611242461074275,0
62.2,98.99906339222125,1.9213589428513025e-22,5.750772854968484,0
62.21666666666667,99.0008618409076,1.8864094318834655e-22,5.7404400628553445,0
62.233333333333334,99.00265705820286,1.8520957749136753e-22,5.730125836349915,0
62.25,99.004449049913,1.8184064010832623e-22,5.719830142094146,0
62.266666666666666,99.00623782183371,1.7853299501414374e-22,5.709552946789924,0
62.28333333333333,99.00802337975017,1.7528552686109495e-22,5.699294217198966,0
62.3,99.00980572943719,1.7209714060234784e-22,5.689053920142708,0
62.31666666666667,99.0115848766592,1.6896676112236996e-22,5.6788320225022035,0
62.333333333333336,99.01336082717032,1.6589333287405954e-22,5.668628491218011,0
62.35,99.01513358671423,1.6287581952248326e-22,5.658443293290088,0
62.36666666666667,99.01690316102439,1.5991320359510738e-22,5.648276395777689,0
62.38333333333333,99.01866955582392,1.5700448613839393e-22,5.638127765799251,0
62.4,99.02043277682564,1.5414868638065234e-22,5.6279973705322925,0
62.416666666666664,99.02219282973212,1.5134484140102955e-22,5.617885177213307,0
62.43333333333333,99.02394972023572,1.4859200580453097e-22,5.6077911531376605,0
62.45,99.02570345401848,1.4588925140295516e-22,5.597715265659473,0
62.46666666666667,99.02745403675233,1.4323566690164186e-22,5.587657482191529,0
62.483333333333334,99.02920147409897,1.4063035759192258e-22,5.577617770205158,0
62.5,99.0309457717099,1.3807244504917535e-22,5.567596097230144,0
62.516666666666666,99.03268693522651,1.3556106683637146e-22,5.557592430854606,0
62.53333333333333,99.03442497028,1.3309537621302583e-22,5.547606738724901,0
62.55,99.03615988249153,1.3067454184944746e-22,5.537638988545518,0
62.56666666666667,99.03789167747208,1.2829774754618773e-22,5.527689148078976,0
62.583333333333336,99.03962036082261,1.2596419195860394e-22,5.5177571851457134,0
62.6,99.04134593813397,1.2367308832643586e-22,5.50784306762399,0
62.61666666666667,99.043068414987,1.2142366420830533e-22,5.4979467634497805,0
62.63333333333333,99.04478779695249,1.1921516122105185e-22,5.48806824061667,0
62.65,99.04650408959122,1.1704683478381376e-22,5.4782074671757535,0
62.666666666666664,99.048217298454,1.1491795386677055e-22,5.46836441123553,0
62.68333333333333,99.04992742908166,1.1282780074446007e-22,5.458539040961799,0
62.7,99.05163448700507,1.1077567075358664e-22,5.448731324577559,0
62.71666666666667,99.05333847774513,1.0876087205523928e-22,5.438941230362907,0
62.733333333333334,99.05503940681287,1.0678272540144165e-22,5.429168726654927,0
62.75,99.0567372797094,1.0484056390594934e-22,5.419413781847602,0
62.766666666666666,99.05843210192594,1.0293373281922412e-22,5.409676364391696,0
62.78333333333333,99.06012387894384,1.0106158930750394e-22,5.399956442794666,0
62.8,99.06181261623463,9.922350223589352e-23,5.390253985620549,0
62.81666666666667,99.06349831925998,9.741885195540934e-23,5.3805689614898675,0
62.833333333333336,99.06518099347173,9.564703009389728e-23,5.370901339079524,0
62.85,99.06686064431197,9.390743935076141e-23,5.361251087122702,0
62.86666666666667,99.068537277213,9.219949329542627e-23,5.351618174408767,0
62.88333333333333,99.07021089759732,9.052261616947185e-23,5.3420025697831575,0
62.9,99.07188151087776,8.887624269236994e-23,5.332404242147293,0
62.916666666666664,99.07354912245734,8.725981787075727e-23,5.322823160458467,0
62.93333333333333,99.07521373772941,8.567279681118293e-23,5.313259293729753,0
62.95,99.07687536207769,8.411464453626223e-23,5.3037126110298995,0
62.96666666666667,99.07853400087612,8.258483580418172e-23,5.29418308148323,0
62.983333333333334,99.08018965948905,8.108285493148642e-23,5.284670674269544,0
63.0,99.08184234327116,7.960819561909744e-23,5.275175358624021,0
63.016666666666666,99.08349205756755,7.8160360781494e-23,5.265697103837114,0
63.03333333333333,99.08513880771366,7.673886237900808e-23,5.256235879254455,0
63.05,99.08678259903542,7.53432212531708e-23,5.246791654276756,0
63.06666666666667,99.08842343684908,7.397296696505798e-23,5.237364398359709,0
63.083333333333336,99.09006132646147,7.262763763657717e-23,5.227954081013885,0
63.1,99.09169627316976,7.130677979464533e-23,5.218560671804636,0
63.11666666666667,99.09332828226168,7.000994821820404e-23,5.209184140352003,0
63.13333333333333,99.09495735901547,6.873670578801884e-23,5.1998244563306075,0
63.15,99.09658350869981,6.748662333921371e-23,5.190481589469562,0
63.166666666666664,99.09820673657397,6.625927951649009e-23,5.181155509552368,0
63.18333333333333,99.09982704788777,6.505426063198283e-23,5.1718461864168175,0
63.2,99.10144444788159,6.387116052570195e-23,5.162553589954898,0
63.21666666666667,99.10305894178636,6.270958042851745e-23,5.153277690112696,0
63.233333333333334,99.1046705348237,6.156912882763685e-23,5.144018456890293,0
63.25,99.10627923220574,6.04494213345329e-23,5.134775860341677,0
63.266666666666666,99.1078850391353,5.935008055527472e-23,5.125549870574643,0
63.28333333333333,99.10948796080586,5.827073596322123e-23,5.116340457750691,0
63.3,99.11108800240154,5.721102377403057e-23,5.107147592084938,0
63.31666666666667,99.11268516909716,5.617058682294547e-23,5.097971243846015,0
63.333333333333336,99.11427946605826,5.514907444431372e-23,5.088811383355974,0
63.35,99.11587089844107,5.414614235330044e-23,5.079667980990191,0
63.36666666666667,99.11745947139256,5.316145252975507e-23,5.0705410071772725,0
63.38333333333333,99.11904519005049,5.219467310419132e-23,5.061430432398954,0
63.4,99.12062805954332,5.124547824584408e-23,5.052336227190012,0
63.416666666666664,99.12220808499033,5.031354805276367e-23,5.043258362138164,0
63.43333333333333,99.12378527150163,4.939856844391037e-23,5.034196807883972,0
63.45,99.1253596241781,4.8500231053214247e-23,5.025151535120753,0
63.46666666666667,99.12693114811152,4.761823312556327e-23,5.016122514594484,0
63.483333333333334,99.12849984838442,4.6752277414684067e-23,5.007109717103697,0
63.5,99.13006573007031,4.590207208288371e-23,4.9981131134993975,0
63.516666666666666,99.13162879823349,4.506733060261346e-23,4.9891326746849645,0
63.53333333333333,99.13318905792921,4.424777165982815e-23,4.980168371616056,0
63.55,99.13474651420366,4.3443119059102083e-23,4.971220175300514,0
63.56666666666667,99.1363011720939,4.265310163047308e-23,4.962288056798277,0
63.583333333333336,99.13785303662796,4.1877453137982515e-23,4.95337198722128,0
63.6,99.13940211282488,4.111591218987991e-23,4.9444719377333595,0
63.61666666666667,99.14094840569463,4.03682221504628e-23,4.935587879550169,0
63.63333333333333,99.1424919202382,3.9634131053520206e-23,4.926719783939079,0
63.65,99.14403266144761,3.89133915173534e-23,4.9178676222190845,0
63.666666666666664,99.14557063430586,3.820576066134165e-23,4.909031365760716,0
63.68333333333333,99.14710584378705,3.7511000024028284e-23,4.9002109859859395,0
63.7,99.1486382948563,3.6828875482697643e-23,4.891406454368078,0
63.71666666666667,99.15016799246986,3.615915717441511e-23,4.8826177424317,0
63.733333333333334,99.15169494157504,3.5501619418505216e-23,4.873844821752546,0
63.75,99.15321914711025,3.48560406404406e-23,4.865087663957422,0
63.766666666666666,99.15474061400505,3.422220329711662e-23,4.856346240724118,0
63.78333333333333,99.15625934718011,3.3599893803485907e-23,4.847620523781313,0
63.8,99.15777535154734,3.298890246052851e-23,4.838910484908477,0
63.81666666666667,99.15928863200973,3.23890233845332e-23,4.830216095935793,0
63.833333333333336,99.1607991934615,3.180005443766607e-23,4.8215373287440535,0
63.85,99.1623070407881,3.1221797159802486e-23,4.812874155264576,0
63.86666666666667,99.16381217886612,3.0654056701600706e-23,4.804226547479114,0
63.88333333333333,99.16531461256352,3.009664175879294e-23,4.795594477419758,0
63.9,99.16681434673939,2.954936450767297e-23,4.786977917168854,0
63.916666666666664,99.16831138624416,2.901204054175751e-23,4.778376838858908,0
63.93333333333333,99.16980573591951,2.848448880960118e-23,4.769791214672498,0
63.95,99.17129740059842,2.79665315537425e-23,4.761221016842182,0
63.96666666666667,99.17278638510524,2.745799425076219e-23,4.752666217650411,0
63.983333333333334,99.17427269425559,2.69587055524313e-23,4.744126789429438,0
64.0,99.17575633285644,2.6468497227931581e-23,4.735602704561228,0
64.01666666666667,99.17723730570619,2.5987204107127194e-23,4.7270939354773684,0
64.03333333333333,99.17871561759452,2.551466402486874e-23,4.718600454658982,0
64.05,99.18019127330257,2.505071776631114e-23,4.7101222346366365,0
64.06666666666666,99.18166427760289,2.4595209013227186e-23,4.7016592479902535,0
64.08333333333333,99.18313463525944,2.4147984291297623e-23,4.693211467349026,0
64.1,99.18460235102758,2.3708892918360884e-23,4.684778865391322,0
64.11666666666666,99.18606742965422,2.3277786953605253e-23,4.676361414844601,0
64.13333333333334,99.18752987587763,2.2854521147684536e-23,4.667959088485328,0
64.15,99.18898969442768,2.2438952893743187e-23,4.659571859138878,0
64.16666666666667,99.19044689002563,2.2030942179331544e-23,4.651199699679454,0
64.18333333333334,99.19190146738434,2.163035153919696e-23,4.642842583029999,0
64.2,99.19335343120818,2.1237046008933897e-23,4.634500482162108,0
64.21666666666667,99.19480278619302,2.0850893079477755e-23,4.626173370095936,0
64.23333333333333,99.19624953702639,2.0471762652426807e-23,4.6178612199001146,0
64.25,99.19769368838729,2.0099526996177376e-23,4.60956400469167,0
64.26666666666667,99.1991352449464,1.9734060702857196e-23,4.601281697635925,0
64.28333333333333,99.20057421136593,1.9375240646042953e-23,4.593014271946421,0
64.3,99.20201059229981,1.9022945939246956e-23,4.584761700884828,0
64.31666666666666,99.20344439239351,1.8677057895159616e-23,4.576523957760859,0
64.33333333333333,99.20487561628418,1.8337459985633695e-23,4.568301015932181,0
64.35,99.20630426860072,1.8004037802396666e-23,4.5600928488043335,0
64.36666666666666,99.20773035396358,1.7676679018478276e-23,4.551899429830638,0
64.38333333333334,99.20915387698501,1.7355273350340086e-23,4.543720732512116,0
64.4,99.21057484226893,1.7039712520694124e-23,4.5355567303974,0
64.41666666666667,99.211993254411,1.6729890221998435e-23,4.527407397082652,0
64.43333333333334,99.2134091179986,1.6425702080616696e-23,4.519272706211471,0
64.45,99.21482243761092,1.6127045621630274e-23,4.5111526314748165,0
64.46666666666667,99.21623321781884,1.5833820234290886e-23,4.503047146610917,0
64.48333333333333,99.21764146318512,1.554592713810161e-23,4.494956225405187,0
64.5,99.21904717826425,1.526326934951539e-23,4.486879841690144,0
64.51666666666667,99.22045036760257,1.4985751649239623e-23,4.478817969345323,0
64.53333333333333,99.22185103573824,1.4713280550135545e-23,4.470770582297188,0
64.55,99.22324918720128,1.4445764265702323e-23,4.462737654519054,0
64.56666666666666,99.22464482651355,1.4183112679133946e-23,4.454719160030998,0
64.58333333333333,99.22603795818883,1.3925237312940026e-23,4.446715072899779,0
64.6,99.22742858673271,1.367205129911881e-23,4.438725367238749,0
64.61666666666666,99.22881671664277,1.3423469349873472e-23,4.4307500172077745,0
64.63333333333334,99.23020235240844,1.3179407728861034e-23,4.422788997013151,0
64.65,99.23158549851112,1.2939784222964591e-23,4.414842280907517,0
64.66666666666667,99.23296615942415,1.2704518114579354e-23,4.4069098431897755,0
64.68333333333334,99.23434433961286,1.2473530154402884e-23,4.398991658205007,0
64.7,99.23572004353451,1.2246742534720469e-23,4.391087700344387,0
64.71666666666667,99.23709327563836,1.2024078863176838e-23,4.383197944045105,0
64.73333333333333,99.2384640403657,1.1805464137025005e-23,4.375322363790283,0
64.75,99.23983234214984,1.1590824717843903e-23,4.367460934108887,0
64.76666666666667,99.2411981854161,1.1380088306715866e-23,4.359613629575651,0
64.78333333333333,99.24256157458184,1.1173183919855947e-23,4.351780424810991,0
64.8,99.24392251405656,1.0970041864684885e-23,4.343961294480924,0
64.81666666666666,99.24528100824172,1.0770593716337286e-23,4.33615621329699,0
64.83333333333333,99.24663706153098,1.0574772294597211e-23,4.328365156016161,0
64.85,99.24799067831003,1.0382511641253842e-23,4.320588097440767,0
64.86666666666666,99.2493418629567,1.0193746997868778e-23,4.312825012418415,0
64.88333333333334,99.250690619841,1.0008414783948244e-23,4.305075875841898,0
64.9,99.25203695332502,9.826452575512285e-24,4.29734066264913,0
64.91666666666667,99.25338086776304,9.647799084054158e-24,4.289619347823049,0
64.93333333333334,99.25472236750153,9.472394135882436e-24,4.281911906391544,0
64.95,99.25606145687917,9.300178651838918e-24,4.274218313427375,0
64.96666666666667,99.25739814022675,9.131094627385983e-24,4.266538544048088,0
64.98333333333333,99.25873242186739,8.965085113055871e-24,4.258872573415939,0
65.0,99.26006430611639,8.802094195256049e-24,4.251220376737811,0
65.01666666666667,99.2613937972813,8.642066977423629e-24,4.243581929265134,0
65.03333333333333,99.2627208996619,8.484949561522834e-24,4.235957206293805,0
65.05,99.26404561755032,8.330689029879215e-24,4.228346183164109,0
65.06666666666666,99.2653679552309,8.179233427344167e-24,4.22074883526064,0
65.08333333333333,99.26668791698035,8.030531743784193e-24,4.213165138012218,0
65.1,99.26800550706763,7.884533896888793e-24,4.205595066891813,0
65.11666666666666,99.26932072975409,7.741190715291082e-24,4.198038597416463,0
65.13333333333334,99.27063358929337,7.600453921995685e-24,4.190495705147198,0
65.15,99.2719440899315,7.462276118107983e-24,4.182966365688957,0
65.16666666666667,99.27325223590687,7.326610766859605e-24,4.1754505546905145,0
65.18333333333334,99.27455803145027,7.193412177924565e-24,4.167948247844395,0
65.2,99.27586148078485,7.0626354920206e-24,4.160459420886799,0
65.21666666666667,99.27716258812623,6.934236665790912e-24,4.1529840495975225,0
65.23333333333333,99.2784613576824,6.80817245696105e-24,4.145522109799884,0
65.25,99.27975779365384,6.684400409765454e-24,4.138073577360634,0
65.26666666666667,99.28105190023342,6.5628788406397716e-24,4.130638428189892,0
65.28333333333333,99.28234368160655,6.443566824172951e-24,4.1232166382410576,0
65.3,99.28363314195104,6.326424179315299e-24,4.1158081835107385,0
65.31666666666666,99.28492028543725,6.2114114558373325e-24,4.108413040038669,0
65.33333333333333,99.28620511622805,6.098489921035151e-24,4.101031183907635,0
65.35,99.28748763847878,5.9876215466774835e-24,4.093662591243396,0
65.36666666666666,99.28876785633737,5.878768996190463e-24,4.08630723821461,0
65.38333333333334,99.29004577394429,5.771895612075392e-24,4.078965101032751,0
65.4,99.2913213954325,5.6669654035555955e-24,4.071636155952038,0
65.41666666666667,99.29259472492764,5.563943034447922e-24,4.064320379269352,0
65.43333333333334,99.29386576654787,5.462793811255023e-24,4.057017747324169,0
65.45,99.29513452440395,5.3634836714741386e-24,4.0497282364984715,0
65.46666666666667,99.29640100259927,5.265979172118773e-24,4.042451823216681,0
65.48333333333333,99.29766520522986,5.1702474784491e-24,4.035188483945579,0
65.5,99.29892713638438,5.076256352907446e-24,4.027938195194229,0
65.51666666666667,99.30018680014413,4.9839741442551155e-24,4.020700933513903,0
65.53333333333333,99.30144420058309,4.893369776906788e-24,4.013476675498008,0
65.55,99.30269934176792,4.8044127404590744e-24,4.006265397781999,0
65.56666666666666,99.30395222775795,4.717073079409471e-24,3.9990670770433216,0
65.58333333333333,99.30520286260526,4.63132138306246e-24,3.991881690001319,0
65.6,99.30645125035463,4.5471287756192704e-24,3.984709213417168,0
65.61666666666666,99.30769739504356,4.464466906447816e-24,3.9775496240937986,0
65.63333333333334,99.3089413007023,4.383307940529848e-24,3.970402898875822,0
65.65,99.31018297135387,4.303624549081753e-24,3.9632690146494536,0
65.66666666666667,99.31142241101404,4.2253899003460744e-24,3.9561479483424367,0
65.68333333333334,99.3126596236914,4.148577650550543e-24,3.9490396769239733,0
65.7,99.31389461338732,4.0731619350316e-24,3.941944177404645,0
65.71666666666667,99.31512738409596,3.999117359519433e-24,3.9348614268363393,0
65.73333333333333,99.31635793980429,3.9264189915815656e-24,3.9277914023121774,0
65.75,99.31758628449222,3.855042352222041e-24,3.920734080966437,0
65.76666666666667,99.3188124221324,3.7849634076335846e-24,3.9136894399744837,0
65.78333333333333,99.32003635669035,3.7161585610996924e-24,3.906657456552688,0
65.8,99.32125809212454,3.64860464504412e-24,3.899638107958363,0
65.81666666666666,99.32247763238627,3.5822789132249864e-24,3.8926313714896814,0
65.83333333333333,99.3236949814197,3.517159033070927e-24,3.8856372244856074,0
65.85,99.32491014316201,3.4532230781565766e-24,3.878655644325821,0
65.86666666666666,99.32612312154325,3.390449520815128e-24,3.871686608430646,0
65.88333333333334,99.32733392048637,3.328817224885061e-24,3.864730094260976,0
65.9,99.32854254390736,3.268305438589026e-24,3.8577860793182026,0
65.91666666666667,99.32974899571506,3.20889378754214e-24,3.8508545411441433,0
65.93333333333334,99.33095327981141,3.15056226788761e-24,3.8439354573209656,0
65.95,99.33215540009125,3.093291239557101e-24,3.8370288054711175,0
65.96666666666667,99.33335536044247,3.0370614196538044e-24,3.830134563257254,0
65.98333333333333,99.33455316474593,2.98185387595586e-24,3.8232527083821664,0
66.0,99.33574881687557,2.9276500205379894e-24,3.8163832185887068,0
66.01666666666667,99.33694232069831,2.8744316035090755e-24,3.8095260716597186,0
66.03333333333333,99.33813368007418,2.8221807068638064e-24,3.802681245417966,0
66.05,99.33932289885625,2.770879738446088e-24,3.79584871772606,0
66.06666666666666,99.34050998089064,2.7205114260222395e-24,3.7890284664863843,0
66.08333333333333,99.34169493001663,2.671058811462125e-24,3.78222046964103,0
66.1,99.3428777500665,2.6225052450260416e-24,3.7754247051717207,0
66.11666666666666,99.34405844486575,2.574834379755561e-24,3.768641151099741,0
66.13333333333334,99.34523701823295,2.52803016596645e-24,3.7618697854858665,0
66.15,99.3464134739798,2.4820768458417464e-24,3.755110586430292,0
66.16666666666667,99.34758781591114,2.436958948123155e-24,3.748363532072561,0
66.18333333333334,99.34876004782507,2.3926612828991396e-24,3.7416286005914965,0
66.2,99.34993017351276,2.3491689364876623e-24,3.734905770205127,0
66.21666666666667,99.3510981967586,2.3064672664121495e-24,3.72819501917062,0
66.23333333333333,99.3522641213402,2.2645418964687756e-24,3.721496325784208,0
66.25,99.35342795102835,2.2233787118835223e-24,3.7148096683811223,0
66.26666666666667,99.35458968958709,2.1829638545573094e-24,3.708135025335518,0
66.28333333333333,99.3557493407737,2.1432837183976185e-24,3.7014723750604093,0
66.3,99.35690690833869,2.1043249447350762e-24,3.6948216960075952,0
66.31666666666666,99.35806239602586,2.0660744178233874e-24,3.688182966667594,0
66.33333333333333,99.35921580757223,2.0285192604211096e-24,3.6815561655695683,0
66.35,99.36036714670816,1.9916468294538555e-24,3.6749412712812624,0
66.36666666666666,99.36151641715728,1.955444711755348e-24,3.668338262408926,0
66.38333333333334,99.36266362263655,1.9199007198859798e-24,3.6617471175972502,0
66.4,99.36380876685621,1.8850028880274168e-24,3.655167815529298,0
66.41666666666667,99.36495185351987,1.850739467951926e-24,3.64860033492643,0
66.43333333333334,99.36609288632451,1.817098925064943e-24,3.6420446545482434,0
66.45,99.36723186896037,1.784069934519715e-24,3.6355007531924968,0
66.46666666666667,99.36836880511117,1.751641377402573e-24,3.6289686096950455,0
66.48333333333333,99.36950369845395,1.719802336987564e-24,3.622448202929772,0
66.5,99.37063655265918,1.6885420950593176e-24,3.6159395118085165,0
66.51666666666667,99.37176737139067,1.6578501283026735e-24,3.609442515281011,0
66.53333333333333,99.37289615830575,1.6277161047580785e-24,3.6029571923348076,0
66.55,99.37402291705504,1.59812988034142e-24,3.5964835219952165,0
66.56666666666666,99.37514765128273,1.5690814954271554e-24,3.590021483325231,0
66.58333333333333,99.37627036462642,1.5405611714936323e-24,3.5835710554254647,0
66.6,99.37739106071713,1.5125593078293734e-24,3.5771322174340834,0
66.61666666666666,99.37850974317942,1.485066478299338e-24,3.5707049485267355,0
66.63333333333334,99.3796264156313,1.4580734281699578e-24,3.5642892279164857,0
66.65,99.38074108168425,1.4315710709919334e-24,3.557885034853749,0
66.66666666666667,99.38185374494336,1.4055504855397534e-24,3.5514923486262213,0
66.68333333333334,99.38296440900717,1.3800029128068575e-24,3.5451111485588154,0
66.7,99.38407307746772,1.3549197530554743e-24,3.5387414140135913,0
66.71666666666667,99.38517975391069,1.3302925629200935e-24,3.5323831243896895,0
66.73333333333333,99.38628444191525,1.306113052563667e-24,3.5260362591232677,0
66.75,99.38738714505416,1.2823730828855044e-24,3.5197007976874306,0
66.76666666666667,99.38848786689377,1.2590646627799549e-24,3.5133767195921646,0
66.78333333333333,99.38958661099396,1.2361799464449756e-24,3.5070640043842722,0
66.8,99.39068338090834,1.2137112307396343e-24,3.5007626316473073,0
66.81666666666666,99.39177818018402,1.191650952589668e-24,3.4944725810015047,0
66.83333333333333,99.39287101236178,1.1699916864402717e-24,3.488193832103718,0
66.85,99.39396188097604,1.1487261417551765e-24,3.481926364647352,0
66.86666666666666,99.39505078955483,1.1278471605612407e-24,3.4756701583623,0
66.88333333333334,99.39613774161991,1.1073477150376873e-24,3.469425193014873,0
66.9,99.39722274068669,1.0872209051492005e-24,3.463191448407739,0
66.91666666666667,99.39830579026422,1.0674599563220838e-24,3.4569689043798553,0
66.93333333333334,99.3993868938553,1.0480582171626427e-24,3.4507575408064035,0
66.95,99.40046605495638,1.0290091572171298e-24,3.444557337598726,0
66.96666666666667,99.40154327705768,1.0103063647723704e-24,3.4383682747042585,0
66.98333333333333,99.40261856364312,9.919435446964455e-25,3.432190332106467,0
67.0,99.40369191819039,9.739145163186131e-25,3.4260234898247823,0
67.01666666666667,99.40476334417087,9.56213211347791e-25,3.419867727914536,0
67.03333333333333,99.40583284504979,9.388336718289403e-25,3.4137230264668954,0
67.05,99.40690042428606,9.217700481365524e-25,3.4075893656088,0
67.06666666666666,99.40796608533248,9.050165970046885e-25,3.4014667255028943,0
67.08333333333333,99.40902983163555,8.885676795928276e-25,3.395355086347469,0
67.1,99.4100916666356,8.724177595868836e-25,3.3892544283763915,0
67.11666666666666,99.41115159376683,8.56561401334769e-25,3.383164731859045,0
67.13333333333334,99.41220961645722,8.409932680158803e-25,3.3770859771002644,0
67.15,99.41326573812859,8.257081198438551e-25,3.3710181444402716,0
67.16666666666667,99.41431996219663,8.107008123020331e-25,3.3649612142546137,0
67.18333333333334,99.41537229207091,7.959662944110058e-25,3.3589151669540964,0
67.2,99.41642273115485,7.814996070276706e-25,3.3528799829847236,0
67.21666666666667,99.41747128284572,7.672958811752323e-25,3.3468556428276344,0
67.23333333333333,99.41851795053476,7.533503364035589e-25,3.3408421269990356,0
67.25,99.41956273760708,7.396582791793843e-25,3.334839416050145,0
67.26666666666667,99.42060564744169,7.262151013057654e-25,3.3288474905671244,0
67.28333333333333,99.42164668341155,7.130162783702927e-25,3.3228663311710167,0
67.3,99.42268584888356,7.0005736822153695e-25,3.3168959185176847,0
67.31666666666666,99.42372314721858,6.8733400947318645e-25,3.3109362332977486,0
67.33333333333333,99.42475858177139,6.748419200353922e-25,3.304987256236523,0
67.35,99.42579215589079,6.625768956728404e-25,3.299048968093954,0
67.36666666666666,99.42682387291954,6.505348085890305e-25,3.2931213496645575,0
67.38333333333334,99.42785373619441,6.3871160603631e-25,3.287204381777358,0
67.4,99.42888174904613,6.271033089511869e-25,3.2812980452958254,0
67.41666666666667,99.42990791479949,6.157060106144656e-25,3.2754023211178134,0
67.43333333333334,99.43093223677332,6.045158753357321e-25,3.269517190175497,0
67.45,99.4319547182804,5.935291371618044e-25,3.263642633435314,0
67.46666666666667,99.43297536262769,5.827420986086209e-25,3.2577786318978976,0
67.48333333333333,99.43399417311608,5.721511294162305e-25,3.2519251665980207,0
67.5,99.43501115304059,5.617526653264108e-25,3.246082218604533,0
67.51666666666667,99.43602630569038,5.515432068825114e-25,3.240249769020296,0
67.53333333333333,99.43703963434854,5.415193182511405e-25,3.2344277989821286,0
67.55,99.43805114229242,5.316776260652612e-25,3.228616289660739,0
67.56666666666666,99.4390608327934,5.220148182883432e-25,3.22281522226067,0
67.58333333333333,99.44006870911699,5.125276430991629e-25,3.2170245780202333,0
67.6,99.44107477452285,5.032129077968926e-25,3.2112443382114524,0
67.61666666666666,99.44207903226477,4.94067477726087e-25,3.2054744841400007,0
67.63333333333334,99.44308148559071,4.850882752212395e-25,3.1997149971451386,0
67.65,99.44408213774278,4.76272278570518e-25,3.1939658585996593,0
67.66666666666667,99.44508099195727,4.676165209983535e-25,3.188227049909822,0
67.68333333333334,99.44607805146462,4.591180896665276e-25,3.1824985525152947,0
67.7,99.44707331948956,4.507741246934316e-25,3.176780347889094,0
67.71666666666667,99.44806679925092,4.425818181911505e-25,3.1710724175375264,0
67.73333333333333,99.44905849396179,4.345384133200738e-25,3.1653747430001262,0
67.75,99.4500484068295,4.266412033606814e-25,3.159687305849597,0
67.76666666666667,99.45103654105561,4.188875308022294e-25,3.1540100876917516,0
67.78333333333333,99.45202289983591,4.1127478644799107e-25,3.148343070165454,0
67.8,99.45300748636048,4.038004085367723e-25,3.1426862349425573,0
67.81666666666666,99.45399030381363,3.964618818804183e-25,3.1370395637278468,0
67.83333333333333,99.45497135537396,3.892567370169867e-25,3.1314030382589806,0
67.85,99.45595064421438,3.8218254937932754e-25,3.125776640306429,0
67.86666666666666,99.45692817350209,3.7523693847878574e-25,3.1201603516734164,0
67.88333333333334,99.45790394639857,3.684175671037441e-25,3.1145541541958637,0
67.9,99.45887796605966,3.6172214053274053e-25,3.108958029742327,0
67.91666666666667,99.45985023563551,3.5514840576190238e-25,3.1033719602139422,0
67.93333333333334,99.46082075827063,3.4869415074641635e-25,3.097795927544362,0
67.95,99.46178953710385,3.4235720365580537e-25,3.0922299136997027,0
67.96666666666667,99.46275657526839,3.3613543214274385e-25,3.0866739006784814,0
67.98333333333333,99.46372187589178,3.300267426251666e-25,3.08112787051156,0
68.0,99.46468544209603,3.240290795814337e-25,3.0755918052620888,0
68.01666666666667,99.46564727699743,3.18140424858316e-25,3.0700656870254424,0
68.03333333333333,99.46660738370676,3.1235879699156153e-25,3.06454949792917,0
68.05,99.46756576532917,3.0668225053881797e-25,3.0590432201329305,0
68.06666666666666,99.46852242496423,3.0110887542468693e-25,3.053546835828439,0
68.08333333333333,99.46947736570597,2.9563679629768584e-25,3.0480603272394085,0
68.1,99.4704305906428,2.9026417189890473e-25,3.0425836766214895,0
68.11666666666666,99.47138210285766,2.8498919444214324e-25,3.0371168662622177,0
68.13333333333334,99.47233190542791,2.798100890053216e-25,3.031659878480952,0
68.15,99.47328000142534,2.747251129329539e-25,3.02621269562882,0
68.16666666666667,99.47422639391628,2.6973255524949033e-25,3.020775300088661,0
68.18333333333334,99.47517108596158,2.648307360833277e-25,3.0153476742749654,0
68.2,99.47611408061647,2.6001800610129337e-25,3.0099298006338246,0
68.21666666666667,99.47705538093078,2.5529274595340797e-25,3.0045216616428676,0
68.23333333333333,99.47799498994888,2.5065336572775404e-25,2.9991232398112078,0
68.25,99.47893291070962,2.460983044152494e-25,2.993734517679384,0
68.26666666666667,99.47986914624636,2.416260293841556e-25,2.9883554778193098,0
68.28333333333333,99.48080369958711,2.3723503586414302e-25,2.982986102834208,0
68.3,99.48173657375435,2.3292384643973616e-25,2.9776263753585623,0
68.31666666666666,99.4826677717652,2.2869101055297015e-25,2.9722762780580583,0
68.33333333333333,99.48359729663126,2.2453510401509335e-25,2.966935793629525,0
