$MeshFormat
2.2 0 8
$EndMeshFormat
$PhysicalNames
3
2 1 "bath"
2 2 "sender_node"
2 3 "receiver_node"
$EndPhysicalNames
$Nodes
4001
1 0 0 0
2 10000 0 0
3 0 1000 0
4 10000 1000 0
5 4787.5 500 0
6 5287.5 500 0
7 4750 500 0
8 5250 500 0
9 99.22622034293767 0 0
10 198.4524406858753 0 0
11 297.678661028813 0 0
12 396.9048813717507 0 0
13 496.1311017146883 0 0
14 595.357322057626 0 0
15 694.5835424005636 0 0
16 793.8097627435013 0 0
17 893.035983086439 0 0
18 992.2622034293767 0 0
19 1091.488423772314 0 0
20 1190.714644115252 0 0
21 1289.94086445819 0 0
22 1389.167084801127 0 0
23 1488.393305144065 0 0
24 1587.619525487003 0 0
25 1686.84574582994 0 0
26 1786.071966172878 0 0
27 1885.298186515816 0 0
28 1984.524406858753 0 0
29 2083.750627201691 0 0
30 2182.976847544629 0 0
31 2282.203067887566 0 0
32 2381.429288230504 0 0
33 2480.655508573442 0 0
34 2579.881728916379 0 0
35 2679.107949259317 0 0
36 2778.334169602254 0 0
37 2877.560389945192 0 0
38 2976.78661028813 0 0
39 3076.012830631068 0 0
40 3175.239050974005 0 0
41 3274.465271316943 0 0
42 3373.691491659881 0 0
43 3472.917712002818 0 0
44 3572.143932345756 0 0
45 3671.370152688693 0 0
46 3770.596373031631 0 0
47 3869.822593374569 0 0
48 3969.048813717507 0 0
49 4068.275034060444 0 0
50 4165.14774659709 0 0
51 4250.126686720802 0 0
52 4334.895336677836 0 0
53 4419.66398663487 0 0
54 4504.432636591902 0 0
55 4586.671785344912 0 0
56 4652.636235830251 0 0
57 4709.14866913494 0 0
58 4765.661102439628 0 0
59 4822.173535744317 0 0
60 4880.862622906554 0 0
61 4957.711859755038 0 0
62 5042.287602570907 0 0
63 5119.134860630399 0 0
64 5177.822985086724 0 0
65 5234.335418391413 0 0
66 5290.847851696101 0 0
67 5347.36028500079 0 0
68 5413.326653839917 0 0
69 5495.567063972931 0 0
70 5580.335713929965 0 0
71 5665.104363886999 0 0
72 5749.873013844031 0 0
73 5834.852011784557 0 0
74 5931.724965939556 0 0
75 6030.951186282493 0 0
76 6130.177406625431 0 0
77 6229.403626968368 0 0
78 6328.629847311307 0 0
79 6427.856067654244 0 0
80 6527.082287997182 0 0
81 6626.308508340119 0 0
82 6725.534728683057 0 0
83 6824.760949025995 0 0
84 6923.987169368932 0 0
85 7023.21338971187 0 0
86 7122.439610054807 0 0
87 7221.665830397746 0 0
88 7320.892050740683 0 0
89 7420.118271083621 0 0
90 7519.344491426558 0 0
91 7618.570711769496 0 0
92 7717.796932112434 0 0
93 7817.023152455371 0 0
94 7916.249372798309 0 0
95 8015.475593141246 0 0
96 8114.701813484185 0 0
97 8213.928033827122 0 0
98 8313.15425417006 0 0
99 8412.380474512996 0 0
100 8511.606694855935 0 0
101 8610.832915198873 0 0
102 8710.059135541811 0 0
103 8809.285355884747 0 0
104 8908.511576227686 0 0
105 9007.737796570624 0 0
106 9106.964016913562 0 0
107 9206.190237256498 0 0
108 9305.416457599436 0 0
109 9404.642677942375 0 0
110 9503.868898285311 0 0
111 9603.095118628249 0 0
112 9702.321338971187 0 0
113 9801.547559314125 0 0
114 9900.773779657062 0 0
115 0 900 0
116 0 800 0
117 0 700 0
118 0 600 0
119 0 500 0
120 0 400 0
121 0 300 0
122 0 200 0
123 0 100 0
124 10000 100 0
125 10000 200 0
126 10000 300 0
127 10000 400 0
128 10000 500 0
129 10000 600 0
130 10000 700 0
131 10000 800 0
132 10000 900 0
133 9900.773779657062 1000 0
134 9801.547559314125 1000 0
135 9702.321338971187 1000 0
136 9603.095118628249 1000 0
137 9503.868898285311 1000 0
138 9404.642677942375 1000 0
139 9305.416457599436 1000 0
140 9206.190237256498 1000 0
141 9106.96401691356 1000 0
142 9007.737796570624 1000 0
143 8908.511576227686 1000 0
144 8809.285355884747 1000 0
145 8710.059135541811 1000 0
146 8610.832915198873 1000 0
147 8511.606694855935 1000 0
148 8412.380474512996 1000 0
149 8313.15425417006 1000 0
150 8213.928033827122 1000 0
151 8114.701813484185 1000 0
152 8015.475593141246 1000 0
153 7916.249372798309 1000 0
154 7817.023152455371 1000 0
155 7717.796932112434 1000 0
156 7618.570711769496 1000 0
157 7519.344491426558 1000 0
158 7420.11827108362 1000 0
159 7320.892050740683 1000 0
160 7221.665830397746 1000 0
161 7122.439610054807 1000 0
162 7023.21338971187 1000 0
163 6923.987169368933 1000 0
164 6824.760949025995 1000 0
165 6725.534728683057 1000 0
166 6626.308508340119 1000 0
167 6527.082287997182 1000 0
168 6427.856067654244 1000 0
169 6328.629847311307 1000 0
170 6229.403626968369 1000 0
171 6130.177406625431 1000 0
172 6030.951186282493 1000 0
173 5931.724965939556 1000 0
174 5834.852011784557 1000 0
175 5749.873013844032 1000 0
176 5665.104363886999 1000 0
177 5580.335713929966 1000 0
178 5495.567063972932 1000 0
179 5413.326653839918 1000 0
180 5347.36028500079 1000 0
181 5290.847851696101 1000 0
182 5234.335418391413 1000 0
183 5177.822985086725 1000 0
184 5119.1348606304 1000 0
185 5042.287602570907 1000 0
186 4957.711859755039 1000 0
187 4880.862622906554 1000 0
188 4822.173535744318 1000 0
189 4765.661102439629 1000 0
190 4709.14866913494 1000 0
191 4652.636235830251 1000 0
192 4586.671785344912 1000 0
193 4504.432636591903 1000 0
194 4419.66398663487 1000 0
195 4334.895336677837 1000 0
196 4250.126686720803 1000 0
197 4165.147746597089 1000 0
198 4068.275034060444 1000 0
199 3969.048813717507 1000 0
200 3869.822593374569 1000 0
201 3770.596373031632 1000 0
202 3671.370152688693 1000 0
203 3572.143932345756 1000 0
204 3472.917712002818 1000 0
205 3373.691491659881 1000 0
206 3274.465271316943 1000 0
207 3175.239050974005 1000 0
208 3076.012830631068 1000 0
209 2976.78661028813 1000 0
210 2877.560389945193 1000 0
211 2778.334169602254 1000 0
212 2679.107949259317 1000 0
213 2579.881728916379 1000 0
214 2480.655508573442 1000 0
215 2381.429288230504 1000 0
216 2282.203067887566 1000 0
217 2182.976847544629 1000 0
218 2083.750627201691 1000 0
219 1984.524406858754 1000 0
220 1885.298186515815 1000 0
221 1786.071966172878 1000 0
222 1686.84574582994 1000 0
223 1587.619525487004 1000 0
224 1488.393305144065 1000 0
225 1389.167084801127 1000 0
226 1289.940864458189 1000 0
227 1190.714644115253 1000 0
228 1091.488423772314 1000 0
229 992.2622034293763 1000 0
230 893.0359830864381 1000 0
231 793.8097627435018 1000 0
232 694.5835424005636 1000 0
233 595.3573220576254 1000 0
234 496.1311017146891 1000 0
235 396.9048813717509 1000 0
236 297.6786610288127 1000 0
237 198.4524406858745 1000 0
238 99.22622034293818 1000 0
239 4787.179182301518 504.8947322082519 0
240 4786.22221848584 509.7057141913445 0
241 4784.645482469174 514.3506287136909 0
242 4782.475952641917 518.75 0
243 4779.750750260921 522.8285535878269 0
244 4776.516504294495 526.5165042944955 0
245 4772.828553587827 529.7507502609213 0
246 4768.75 532.4759526419164 0
247 4764.350628713691 534.6454824691732 0
248 4759.705714191345 536.22221848584 0
249 4754.894732208252 537.1791823015179 0
250 4750 537.5 0
251 4745.105267791748 537.1791823015179 0
252 4740.294285808655 536.2222184858401 0
253 4735.649371286309 534.6454824691733 0
254 4731.25 532.4759526419165 0
255 4727.171446412173 529.7507502609213 0
256 4723.483495705505 526.5165042944956 0
257 4720.249249739079 522.8285535878272 0
258 4717.524047358083 518.7500000000001 0
259 4715.354517530827 514.3506287136911 0
260 4713.77778151416 509.7057141913447 0
261 4712.820817698482 504.8947322082522 0
262 4712.5 500.0000000000002 0
263 4712.820817698482 495.1052677917484 0
264 4713.77778151416 490.2942858086558 0
265 4715.354517530826 485.6493712863094 0
266 4717.524047358083 481.2500000000003 0
267 4720.249249739079 477.1714464121733 0
268 4723.483495705505 473.4834957055047 0
269 4727.171446412172 470.2492497390789 0
270 4731.25 467.5240473580837 0
271 4735.649371286308 465.3545175308269 0
272 4740.294285808655 463.77778151416 0
273 4745.105267791748 462.8208176984821 0
274 4750 462.5 0
275 4754.894732208251 462.8208176984821 0
276 4759.705714191345 463.7777815141599 0
277 4764.350628713691 465.3545175308267 0
278 4768.75 467.5240473580834 0
279 4772.828553587827 470.2492497390786 0
280 4776.516504294495 473.4834957055044 0
281 4779.750750260921 477.1714464121729 0
282 4782.475952641917 481.2499999999999 0
283 4784.645482469174 485.6493712863091 0
284 4786.22221848584 490.2942858086554 0
285 4787.179182301518 495.105267791748 0
286 5287.179182301518 504.8947322082519 0
287 5286.22221848584 509.7057141913445 0
288 5284.645482469174 514.3506287136909 0
289 5282.475952641917 518.75 0
290 5279.750750260921 522.8285535878269 0
291 5276.516504294495 526.5165042944955 0
292 5272.828553587827 529.7507502609213 0
293 5268.75 532.4759526419164 0
294 5264.350628713691 534.6454824691732 0
295 5259.705714191345 536.22221848584 0
296 5254.894732208252 537.1791823015179 0
297 5250 537.5 0
298 5245.105267791748 537.1791823015179 0
299 5240.294285808655 536.2222184858401 0
300 5235.649371286309 534.6454824691733 0
301 5231.25 532.4759526419165 0
302 5227.171446412173 529.7507502609213 0
303 5223.483495705505 526.5165042944956 0
304 5220.249249739079 522.8285535878272 0
305 5217.524047358083 518.7500000000001 0
306 5215.354517530827 514.3506287136911 0
307 5213.77778151416 509.7057141913447 0
308 5212.820817698482 504.8947322082522 0
309 5212.5 500.0000000000002 0
310 5212.820817698482 495.1052677917484 0
311 5213.77778151416 490.2942858086558 0
312 5215.354517530826 485.6493712863094 0
313 5217.524047358083 481.2500000000003 0
314 5220.249249739079 477.1714464121733 0
315 5223.483495705505 473.4834957055047 0
316 5227.171446412172 470.2492497390789 0
317 5231.25 467.5240473580837 0
318 5235.649371286308 465.3545175308269 0
319 5240.294285808655 463.77778151416 0
320 5245.105267791748 462.8208176984821 0
321 5250 462.5 0
322 5254.894732208251 462.8208176984821 0
323 5259.705714191345 463.7777815141599 0
324 5264.350628713691 465.3545175308267 0
325 5268.75 467.5240473580834 0
326 5272.828553587827 470.2492497390786 0
327 5276.516504294495 473.4834957055044 0
328 5279.750750260921 477.1714464121729 0
329 5282.475952641917 481.2499999999999 0
330 5284.645482469174 485.6493712863091 0
331 5286.22221848584 490.2942858086554 0
332 5287.179182301518 495.105267791748 0
333 4783.098661427522 498.2273515440446 0
334 4717.374647219382 502.1616145093103 0
335 4747.384849972484 466.5109416832422 0
336 4752.106864990152 534.0439629820218 0
337 4728.111081236996 524.4980131971419 0
338 4775.226620586907 522.1077221655669 0
339 4724.585255134402 478.3405032562414 0
340 4771.912814908726 475.0711506232842 0
341 4720.249249739079 514.6714464121733 0
342 4735.414803939669 470.0998373161734 0
343 4761.171892161726 468.5216365192467 0
344 4718.588763497252 489.3373219929779 0
345 4764.836671508099 530.0991020941317 0
346 4739.61318192186 532.0211971570296 0
347 4780.865257963497 510.7395112639129 0
348 4779.848524695227 484.7544430735042 0
349 4768.301681887991 471.9197697501662 0
350 4767.555066620693 476.6140463851868 0
351 4770.87340075777 479.9152843855409 0
352 4766.300205948728 481.4592770371136 0
353 4769.907711495072 484.7368053294624 0
354 4764.803271279879 486.7584499260042 0
355 4760.673196286058 482.4893983808457 0
356 4758.893180851719 488.7737181412979 0
357 4754.297700486784 484.7191835130626 0
358 4752.845690876431 490.4406802368759 0
359 4757.280248496808 494.2603807806892 0
360 4751.769747995866 495.7766000680591 0
361 4755.574078477376 499.318536759899 0
362 4750.704478270131 500.8482012431102 0
363 4746.856704174787 497.4282122029883 0
364 4745.937815612786 502.4976236801168 0
365 4749.419129644745 505.6546699716264 0
366 4742.219090542664 499.1478915581271 0
367 4741.188195140161 504.0623914295033 0
368 4760.269243677365 498.0178520068862 0
369 4758.880766352378 502.8611884527165 0
370 4737.478536907751 500.6848165364108 0
371 4738.61061030894 495.4840542015486 0
372 4763.918807802359 501.4360822806165 0
373 4762.382760915228 506.6914382888751 0
374 4736.248423024022 505.5351283087302 0
375 4740.380178306479 509.1658764576711 0
376 4733.454912547106 497.3083967734588 0
377 4734.945074027522 511.2612320104388 0
378 4768.294397199916 505.2990799143648 0
379 4748.761366325927 486.4110256478513 0
380 4739.402273481359 514.8460935163365 0
381 4734.184468306271 491.4654293333097 0
382 4769.598857010521 499.4995292410934 0
383 4730.30338037135 506.4999671585841 0
384 4766.737995239063 511.1665328040642 0
385 4760.66569231531 512.2382699458514 0
386 4749.859364574778 480.2538188806018 0
387 4743.588111312354 482.107098900643 0
388 4765.205941397372 517.4151798702882 0
389 4758.70254643055 518.3075272250076 0
390 4728.373491679916 493.9895367406681 0
391 4729.575473666978 487.8131858312273 0
392 4744.397707182278 512.7390485641528 0
393 4743.88460449286 518.9207210733317 0
394 4738.401017633549 521.6888624290652 0
395 4774.441683846927 504.2445549539931 0
396 4739.550862441481 490.1598644759263 0
397 4728.745639372072 513.2385279931309 0
398 4735.125312278446 486.4725802274554 0
399 4743.880769772637 524.814226444999 0
400 4748.857881019348 522.7705743064314 0
401 4770.656382421636 514.7608201248441 0
402 4775.256967503336 497.8257086008677 0
403 4770.550841033593 493.7524670122028 0
404 4745.457929959046 475.4397386185946 0
405 4751.79448406762 474.7181641525813 0
406 4740.133469693589 477.1579872114083 0
407 4732.164203719329 478.6583497113256 0
408 4753.71347287512 513.3183417876264 0
409 4724.861440695532 508.4902106680966 0
410 4725.542031326412 503.2164194979683 0
411 4763.638758890266 492.5615253347632 0
412 4724.285632929718 489.1982717624099 0
413 4722.611910872177 494.0539808817686 0
414 4725.71592497346 483.4733898726826 0
415 4762.642309588728 522.6418704080298 0
416 4767.733810409167 522.6871794585445 0
417 4747.990402849502 492.1926131545251 0
418 4777.216516959842 492.0609019380751 0
419 4740.437414704059 472.3730468144362 0
420 4779.147238615425 500.9660865120562 0
421 4774.970609012927 483.5754914894273 0
422 4721.004023210967 505.3842367115882 0
423 4763.497765018187 473.6110078411132 0
424 4733.902741373854 517.0394780357412 0
425 4728.895267016533 519.1258377108901 0
426 4748.281448267456 527.7192162975173 0
427 4753.320854114865 525.98205210473 0
428 4772.138629299381 509.7669083946923 0
429 4776.112633351512 513.796180000392 0
430 4773.377403352933 488.3208651981943 0
431 4756.608757143777 508.0895492393558 0
432 4744.938019902685 507.3392850493928 0
433 4717.518161460348 494.2024246650541 0
434 4720.211060483873 498.042696878027 0
435 4724.624301076673 498.58725885488 0
436 4724.651371518522 516.7224905913193 0
437 4732.794098198408 522.4464478017926 0
438 4735.421192709318 525.9742712001826 0
439 4779.658340561574 505.7278114514796 0
440 4743.293484405986 493.8512001912215 0
441 4724.498149853407 521.4447865217669 0
442 4719.528441414242 510.2019107389048 0
443 4743.734940995177 529.8188621413278 0
444 4744.70900297651 470.4129183080271 0
445 4775.379666890896 478.4056540743779 0
446 4754.099068828241 504.1530260669857 0
447 4747.77597024862 532.7709758199162 0
448 4748.840236844149 516.5540770804159 0
449 4731.257243718719 482.7447162862497 0
450 4755.781782392574 478.7962485636943 0
451 4757.619130900726 472.7306244903627 0
452 4753.441147120924 470.1720398039013 0
453 4760.354575737191 477.2103432790732 0
454 4721.985469527512 481.3630517726689 0
455 4731.438341375389 527.8284533785134 0
456 4731.25 471.9386419500223 0
457 4734.888862942035 474.9556884175306 0
458 4739.605147763738 468.0933356975336 0
459 4760.655257123807 531.837273078321 0
460 4772.150290292362 525.2553070731288 0
461 4768.717967238391 527.9655782562601 0
462 4727.733537451673 474.7840641464732 0
463 4778.011960938321 518.4070479197902 0
464 4756.067808662026 532.9660342450539 0
465 4781.515293926959 489.1038021837922 0
466 4782.445906917857 493.6075619164563 0
467 4783.30415654492 502.7380217384971 0
468 4780.386489757951 515.1321559067505 0
469 4720.874648818271 485.3821408955883 0
470 4716.901142211447 506.46964167188 0
471 4761.448444543096 527.2872338576346 0
472 4757.961758131473 524.1482397777413 0
473 4783.44583117147 506.7611581706972 0
474 4733.285658940229 502.096874945365 0
475 4735.108657775447 530.3637419721859 0
476 4778.485100700377 481.0314070098964 0
477 4739.69377169695 527.1909334585876 0
478 4752.429104404309 508.2263374517761 0
479 4756.640739387827 466.6147486186586 0
480 4744.533236118548 488.6945655542135 0
481 4716.144753270311 498.0375595563102 0
482 4743.419710862627 466.323158980289 0
483 4749.004992763596 470.8216110734771 0
484 4721.434413641634 518.8834554226173 0
485 4748.956278475548 510.6386266508317 0
486 4753.566124902584 520.1801353803254 0
487 4752.151439704632 465.9978624966752 0
488 4756.894344497995 528.6049424560777 0
489 4769.244412195672 518.8171128310667 0
490 4765.214393556319 469.3861957998872 0
491 4776.643309004578 508.854993212894 0
492 4743.298164094387 533.6633679139838 0
493 4765.075840657497 526.1361928149202 0
494 4773.418415711381 518.2689971198374 0
495 4768.455597210349 489.2260225601254 0
496 4723.594155383518 512.7626707942379 0
497 4779.433058284796 496.5375221023 0
498 4721.904546989967 501.6187267062821 0
499 4728.697651643968 479.0816996681693 0
500 4765.595301682821 497.0534911751124 0
501 4736.939592103397 481.1214080811108 0
502 4752.164973690328 529.8879248930026 0
503 4771.554709839098 521.4272637296289 0
504 4777.281588525752 487.7539790579181 0
505 4739.947422850845 485.7111034478698 0
506 4731.243509334316 475.5560654590209 0
507 4763.933227472983 478.3491194996136 0
508 4729.172270998081 500.3325014583409 0
509 5283.100628713691 502.1695298272568 0
510 5216.527640885199 498.2787772455738 0
511 5252.200616613447 466.5150772013306 0
512 5247.68106896551 533.1868984916468 0
513 5228.639658141207 475.2666814394738 0
514 5224.585675839228 521.6751163630298 0
515 5271.871589772149 524.9397682778288 0
516 5275.005846898671 477.4622388414917 0
517 5218.55852093226 510.6326093929891 0
518 5261.180066312429 531.4650468460798 0
519 5265.197382887195 469.4636307169958 0
520 5235.520257200157 530.3099502648886 0
521 5239.20696680289 468.2408406913571 0
522 5281.205366308705 489.7285576105303 0
523 5279.335191570099 514.4406633120567 0
524 5220.084386737698 485.0966245756287 0
525 5220.110163428101 515.167351796477 0
526 5223.103889533945 511.4752966118062 0
527 5221.880746873168 506.9571735710228 0
528 5226.61324608004 507.9066341160251 0
529 5225.127818778787 503.2644585800564 0
530 5230.559215975513 504.0658831096242 0
531 5232.001440067119 509.8280276947075 0
532 5236.685138532611 505.2756548538208 0
533 5238.637673957119 511.0847250248632 0
534 5242.755899528131 506.8557683195481 0
535 5240.825310246245 501.3305318035681 0
536 5246.355653311312 502.7726976334689 0
537 5244.831974815854 497.8031252389843 0
538 5249.814004543206 498.9131970408786 0
539 5251.436280137737 503.7988814779608 0
540 5254.766766714242 499.8680866375319 0
541 5253.330383469769 495.3933473321814 0
542 5256.312411033663 504.6284022861085 0
543 5259.662442576563 500.8877682518526 0
544 5240.115500101192 496.581968677414 0
545 5243.739624960124 493.0817549387435 0
546 5261.186313398643 505.6676630286604 0
547 5257.605527906833 509.605618629102 0
548 5238.663999993072 491.7969123618816 0
549 5242.621933622861 488.0136639963642 0
550 5264.676779157659 502.0822267594215 0
551 5262.913948195301 496.8720289864666 0
552 5262.98266442877 510.6035404975391 0
553 5268.668564349479 497.7749499872875 0
554 5236.806127235131 486.2636635775179 0
555 5244.278201051656 512.3877138373722 0
556 5266.600947145671 492.4417691272128 0
557 5259.429366887783 515.2989208546112 0
558 5232.776656564297 490.6339918858039 0
559 5270.307756546383 504.2191731312258 0
560 5241.087737316579 481.9605012999562 0
561 5246.882374478918 484.0685011708653 0
562 5240.248703291216 517.1710121897383 0
563 5246.606407940061 518.7016512432683 0
564 5245.538858396561 477.3150411221683 0
565 5251.617137326034 479.7939431273929 0
566 5265.723873970683 516.0184680311355 0
567 5261.594751580275 520.7663538278674 0
568 5261.221252181662 491.76880673226 0
569 5264.756448400038 486.6718726461444 0
570 5270.889444601927 487.0163853404686 0
571 5230.95515835429 484.1032656586194 0
572 5254.129150811279 513.7463761197886 0
573 5275.026080241547 499.1622787632 0
574 5256.118147553953 519.1524330314556 0
575 5267.706522051001 481.569864637052 0
576 5262.374391204605 480.8511636821946 0
577 5239.491458134998 476.8885635803736 0
578 5226.536847818574 489.1449914142391 0
579 5229.006850101672 495.1194565586211 0
580 5241.653417350532 523.5408453003599 0
581 5235.805013287045 520.9974700643622 0
582 5247.123659498265 524.7150285016942 0
583 5254.775427531448 527.4003094490105 0
584 5253.443209047694 486.609241238071 0
585 5276.015736306259 505.2165415301799 0
586 5272.789431945275 509.4434833423247 0
587 5234.458989135148 499.6202935513692 0
588 5266.868431006307 522.2117545936691 0
589 5270.745771386692 518.8434481716869 0
590 5262.767320816733 526.4545017219679 0
591 5250.372373937668 474.0704102430868 0
592 5245.985659409036 471.4854210441 0
593 5247.836668760966 507.7661939206021 0
594 5222.088053668122 493.5561606394108 0
595 5244.467965199358 528.7069359358316 0
596 5225.176667813594 484.4011275128717 0
597 5220.16256399155 501.7387371083664 0
598 5277.803370862642 509.8351026222919 0
599 5225.116096520494 516.1046550807707 0
600 5272.460373919401 493.292008466893 0
601 5277.840153759214 493.9889051654436 0
602 5265.347917606859 476.8537303796257 0
603 5260.115082026628 475.8384557774195 0
604 5235.710838819115 480.4722945640703 0
605 5234.283886158077 474.9958409687215 0
606 5223.845735994018 498.4528669506449 0
607 5248.321423045725 489.6898662816639 0
608 5258.053445882421 496.1749827502671 0
609 5275.23130966949 521.261766790243 0
610 5274.819326811778 516.5895439845983 0
611 5271.269629333826 513.911319182308 0
612 5280.313801511713 498.1922125741098 0
613 5276.123971956094 489.1637568797209 0
614 5275.612753070699 484.7950249411958 0
615 5227.168341640108 480.1789665411909 0
616 5252.733612970903 508.678274634193 0
617 5282.807643331336 494.1791951667118 0
618 5281.490099197624 506.4006654258454 0
619 5270.335131325049 477.3086373760747 0
620 5239.788596987703 528.2686628808384 0
621 5217.223390770087 506.0114187042498 0
622 5248.526615296375 494.3538395092905 0
623 5268.311554173425 472.7315173088363 0
624 5259.281422895547 486.2436302900784 0
625 5257.604061219655 524.3148921862556 0
626 5234.390953850724 515.4720962030842 0
627 5229.766951330394 519.8064064863197 0
628 5232.105899077071 524.1111977124302 0
629 5229.637846005719 514.5591337952535 0
630 5264.942820950602 530.1473358501278 0
631 5256.690913186088 467.1004841650481 0
632 5261.228140675908 468.4166725507421 0
633 5243.444939442178 467.0531173481123 0
634 5252.20729729597 533.6768489359719 0
635 5250.564472781031 529.2445785796932 0
636 5243.048873953955 532.8294079540887 0
637 5234.944454177491 470.0530484236235 0
638 5256.675354292502 532.9708723035162 0
639 5218.041952443109 489.1517046518555 0
640 5247.772553992478 466.4221151793614 0
641 5217.283332556312 493.8721304709248 0
642 5279.989094594544 485.1806817384816 0
643 5222.453461669174 480.9585196832003 0
644 5231.250605891153 471.7019236917516 0
645 5267.914364465315 527.222112924227 0
646 5281.899272517076 510.9465548530459 0
647 5253.728973120678 470.6443400087332 0
648 5255.179035088227 475.1061318300616 0
649 5224.398841379015 477.4118219563086 0
650 5265.523481437961 506.5412235586394 0
651 5278.078151649004 481.1498992104076 0
652 5222.289528194434 489.3103990254369 0
653 5215.846882669063 502.1847330532885 0
654 5272.520922256937 481.6050750237758 0
655 5252.009502603311 491.6612305845034 0
656 5227.556325299559 525.5921061140573 0
657 5249.081639174936 512.5241753715962 0
658 5278.338283497456 518.6271466424947 0
659 5238.860277047356 532.4551444109658 0
660 5236.272507080414 525.7667296700736 0
661 5284.180251171651 497.9292410719653 0
662 5256.223202680068 491.3085398212269 0
663 5257.001712931456 480.7404276575363 0
664 5231.135729809415 528.3709950085346 0
665 5258.331793750333 471.7802209102471 0
666 5242.742406573181 474.0816961645815 0
667 5221.517046576997 518.9051353656209 0
668 5231.351576622559 479.0034098344152 0
669 5272.635644103248 474.1975861623541 0
670 5250.012035414661 469.8274727353224 0
671 5238.853555637477 472.469376536865 0
672 5228.599721997028 500.1045917500632 0
673 5279.249467643377 502.1501251802926 0
674 5275.140739390661 512.6458680555909 0
675 5257.989224670674 528.7669536693732 0
676 5235.004399179076 494.750524607018 0
677 5251.871349062802 522.879544137739 0
678 5263.069040232152 473.0338109310936 0
679 5242.046705572952 470.6660903570032 0
680 5220.207890093207 497.0165600529372 0
681 5251.561338908607 517.4008359807696 0
682 5254.021630131839 530.5473136137737 0
683 5227.108030801496 511.7835987911441 0
684 5268.20359314797 510.1259097912396 0
685 4291.047252218263 934.768091507904 0
686 4300.388834113261 90.15726701249008 0
687 5708.197583512246 72.7166670049686 0
688 5707.488688865516 926.5881956926986 0
689 5149.809447278603 47.47799594636189 0
690 5148.478922858562 950.1166952244129 0
691 4850.912356543417 950.0050485833812 0
692 4841.081317974315 55.17483709379951 0
693 4680.892452482596 48.94120287153385 0
694 4689.024703981194 957.8476493490277 0
695 5319.104068348445 951.0587971284662 0
696 5319.104068348446 48.94120287153424 0
697 4002.010404861284 907.4345559600381 0
698 5980.606728985616 90.75671873111736 0
699 8376.742555786037 915.9596613573041 0
700 8761.157622990453 85.09915514110014 0
701 9443.609513890369 74.27848272416526 0
702 1238.65189913715 912.7905183993772 0
703 540.7742311007341 905.588877216113 0
704 1622.325523841587 913.866767759062 0
705 857.1003718967968 928.2577365745008 0
706 9058.092999829056 907.2553358960447 0
707 6273.454308670434 83.06853240335568 0
708 6675.884013704695 83.94594683684102 0
709 6969.172768003624 85.08436203249335 0
710 7377.751750836378 87.87778183517719 0
711 7861.748072335919 924.0895594560554 0
712 2714.255870206217 71.62812618469064 0
713 3625.877947541652 71.42865307427144 0
714 1934.911296687285 914.0675724615041 0
715 3312.875136354717 928.4155258296637 0
716 2431.767776568493 908.0315759181594 0
717 3026.399720459599 914.0675724615041 0
718 8163.413797206995 75.52826850321043 0
719 7172.910170349955 912.5307369894939 0
720 6483.112454058349 914.8487342665376 0
721 7669.950683382569 89.17051539686906 0
722 1437.657090838325 75.86319492270508 0
723 1038.745851896711 85.26256501232956 0
724 2133.363737373161 85.9324275384962 0
725 3930.93757615027 81.1301054890049 0
726 6063.324915956786 919.1018992684412 0
727 9156.577127085031 85.93242753849512 0
728 8462.952623467725 76.64887756168548 0
729 9356.398539416803 916.418114062054 0
730 8657.667558825351 916.2095136803007 0
731 3709.393151875182 916.3656986512376 0
732 1737.52938737974 75.57055292051905 0
733 737.35525126836 95.30700053047048 0
734 3130.208149718 90.60039642779691 0
735 7571.144762886624 917.6488313182181 0
736 6882.772472892319 925.2233928448846 0
737 2734.013542329832 905.950185622804 0
738 2432.861828795638 84.08500651449623 0
739 86.60254037844425 450 0
740 9918.508042537003 554.1545130136666 0
741 457.1384980919947 87.7974155768718 0
742 4993.883929395567 63.01773236768338 0
743 4999.826629230615 930.9808049614448 0
744 9653.312300584515 916.682894225277 0
745 5453.178804895726 941.968079183078 0
746 5453.234815112509 59.07810314867373 0
747 4546.763960557847 59.07730098572313 0
748 4543.191588293184 927.0254857270845 0
749 5897.961456942922 908.6884172096968 0
750 4117.142506272377 77.03366478070609 0
751 9912.591898752209 339.8275546414569 0
752 85.36318293807108 647.8533699445303 0
753 341.9214435939402 915.3431544562912 0
754 8168.547103915879 901.8506776631307 0
755 8960.427884457786 91.64126031583254 0
756 9642.70362818616 82.15194742661077 0
757 1438.780194972597 914.0675724615032 0
758 1934.911296687285 85.93242753849609 0
759 6281.816903858105 906.9340985472571 0
760 7378.701689320284 911.6436212042149 0
761 6682.803949701921 916.3673561747788 0
762 3512.160135499098 922.1012813375032 0
763 1237.749868767904 83.59204294233803 0
764 6472.096577602408 76.35509663682382 0
765 7169.060386129194 93.62239386838166 0
766 7866.636262626838 85.93242753849592 0
767 1039.027766765286 920.1395999238182 0
768 2234.758938865034 921.3915504125531 0
769 3329.265427266022 82.04280722020411 0
770 8840.649267327548 922.6268519754327 0
771 2923.765219860437 89.13567479604069 0
772 83.8508009178986 249.9999999999999 0
773 9916.529471022355 749.9295813980902 0
774 253.6032730390998 78.41443878889794 0
775 92.38475089533677 845.0680329310524 0
776 9922.740892407091 150.748580375277 0
777 9848.695529186924 905.7072636357688 0
778 4931.563409623723 61.18878994453212 0
779 4962.730817678703 115.2087752233692 0
780 5019.09285337062 120.4467647316744 0
781 4987.340801369667 166.6892056662072 0
782 5044.0423529754 172.6142655578979 0
783 5011.095179531983 222.887733146751 0
784 4956.015699937097 214.4661565847695 0
785 4973.049530063705 261.1220374030909 0
786 4930.415307852574 255.6948861456711 0
787 4946.477144728765 292.5036105131693 0
788 4983.540962417035 302.672946496009 0
789 4954.598560435515 332.8452183542843 0
790 4992.382917816441 340.6811981720255 0
791 4967.497906757704 369.6136033598183 0
792 5001.823015924157 378.4480999266459 0
793 5031.761492343428 351.6584015813243 0
794 4971.780309483243 405.5715304158194 0
795 4787.291146764912 481.3930127420143 0
796 4909.552869036658 286.3857124727355 0
797 5010.33075980276 414.881058180319 0
798 4983.461696516135 440.6895484278855 0
799 5023.042886082001 452.0158294442874 0
800 4994.475181899596 474.6371605754183 0
801 5209.170372418766 491.8391073255843 0
802 5025.376763525149 487.6679878746584 0
803 5000.864286272823 509.5986708065666 0
804 5029.794421130312 517.9373324797876 0
805 5208.971217812647 507.9686078958013 0
806 5008.16044200035 541.5255965752672 0
807 5038.89473936502 547.2178329727035 0
808 5013.311955014115 571.3716409034431 0
809 5042.983008781019 578.8185890641548 0
810 5063.28533278798 561.1115885423462 0
811 5069.42763050417 586.6470045307318 0
812 5215.692276677144 523.2948028871431 0
813 5050.820657370368 605.0650176435491 0
814 5076.598840600645 611.2881135958343 0
815 5048.494728398841 499.5940676634338 0
816 5058.66873346632 632.1364179640481 0
817 5084.117526651288 635.9423347624647 0
818 5101.417462884918 617.1473488013207 0
819 5108.95184069874 641.2856940192503 0
820 5126.191003000145 622.633551961781 0
821 5226.850628713691 534.6454824691731 0
822 5133.171421713323 647.7075648565269 0
823 4979.575984066112 560.8661385400574 0
824 4791.390179193403 502.781378975505 0
825 5116.399118219283 665.5513798449906 0
826 5141.076469669992 671.1657688991839 0
827 5155.855715350133 654.2523781568314 0
828 5165.426975565232 676.9254133468121 0
829 5183.05490203384 658.0108687664335 0
830 5242.111526776659 540.5029618170277 0
831 5190.475489410758 682.2448800884847 0
832 5209.076415994695 660.8282351970464 0
833 5215.444059210004 687.3341298250486 0
834 5232.425597530321 669.210201391123 0
835 5258.109612167005 540.774587654567 0
836 5239.953916264571 693.312443354536 0
837 5255.902062295479 675.1737152597001 0
838 5264.408535066624 699.0358587953035 0
839 5281.389140291376 679.6602795173183 0
840 5289.1890496984 704.4706329527853 0
841 5306.397037998339 685.8648458317335 0
842 5298.988420179348 661.8312289190204 0
843 5323.659667464774 667.4068361482678 0
844 5273.149371286309 534.645482469173 0
845 5331.239328699828 691.1893762205596 0
846 5348.36882229471 672.9566366256977 0
847 5340.865895080199 648.8525901352857 0
848 5365.552860598211 654.4399356274829 0
849 5358.339683529806 631.5406411780215 0
850 5382.609744344807 635.9156113004028 0
851 5284.110334452575 523.0711686441914 0
852 5373.90130041713 611.4570035448482 0
853 5399.507579218908 617.0954142434532 0
854 5392.727780320191 592.8642145751305 0
855 5417.110670222962 598.6633301743037 0
856 5409.544454941798 575.0819617173853 0
857 5434.301934303647 580.2204662283038 0
858 5423.235497722876 554.1143537286875 0
859 5450.910403549056 561.2665175089469 0
860 5443.300281944259 536.9626168962373 0
861 5463.502965975847 541.7196213868116 0
862 5460.972002337815 518.43318785227 0
863 5485.896132897087 524.4041207793838 0
864 5291.578553587827 502.7252023809951 0
865 5422.571401834609 624.7162871360464 0
866 5478.301957286149 497.6263188883472 0
867 5509.557454428594 503.9408461663243 0
868 5453.038516920185 493.4763494083742 0
869 5467.271915209818 472.6622308401772 0
870 5442.485061126827 470.4000257063494 0
871 5289.396099455977 486.2228841955216 0
872 5456.252381794864 449.625931963463 0
873 5431.452983331998 447.5935224063278 0
874 5372.606849905574 678.2091450085111 0
875 5480.912303893485 563.8642094465592 0
876 5444.498618901004 427.1578409697801 0
877 5420.267183600065 424.8780826277707 0
878 5468.139861272272 427.1934464623723 0
879 5433.284914738128 404.4571657958464 0
880 5407.842580487118 402.1482931718284 0
881 5281.358910053546 472.5853156357667 0
882 5422.748160741753 381.3283439995611 0
883 5396.625390483858 379.3345323857087 0
884 5411.796346714898 357.5894545414786 0
885 5386.504475134159 356.5590610798529 0
886 5442.300965045423 358.9781199266098 0
887 5370.378953063856 376.9729113072375 0
888 5360.576765765809 354.4678402482095 0
889 5267.988898389679 462.4407193976444 0
890 5375.45984337308 333.8721211934164 0
891 5350.183451898521 332.0377738808501 0
892 5335.54305157394 352.7340213081829 0
893 5324.921724434351 329.9137648789605 0
894 5310.349607846556 351.8068336864427 0
895 5252.115385395124 458.0982895705514 0
896 5300.168937217147 328.7906011864299 0
897 5285.801373439468 347.1139818821761 0
898 5226.146494646243 465.3495661122762 0
899 5276.538480845483 327.9888545839366 0
900 5265.817058182822 345.6975253447523 0
901 5272.657257932035 362.1537050009033 0
902 5255.922506603341 360.3492095183551 0
903 5247.81927176579 345.3938850174632 0
904 5239.708972992295 360.112127143259 0
905 5231.07948071326 344.1965782713319 0
906 5222.140578898288 363.0800864437527 0
907 5212.828934711394 342.6202574472026 0
908 4791.022173835131 492.3047154216759 0
909 5212.657515448644 481.9520629566593 0
910 5236.869754394614 460.6320789474063 0
911 5218.839046657785 472.4513847968694 0
912 5289.543939096684 513.1211422576763 0
913 5416.899293123602 468.737319150429 0
914 5124.588033207496 691.2635032950593 0
915 5364.564226269721 311.2290321186358 0
916 5223.221740542506 324.5284400997468 0
917 5203.547010363343 359.8121106370785 0
918 5190.637313379467 341.241833200666 0
919 5211.314298934586 376.0950497041222 0
920 5195.462723305723 375.8272207156946 0
921 4938.741994311271 393.5637406654963 0
922 5288.135119981968 306.7677272694955 0
923 5247.454739782876 717.3153688901643 0
924 5263.255082001322 375.7498874293315 0
925 5204.330658416076 390.5351684947149 0
926 5188.519711416828 391.5275126110774 0
927 5386.727895873592 573.2279865659528 0
928 5332.794874804385 626.8034436294721 0
929 5322.583646330633 372.6991622434066 0
930 5199.005994528944 641.035521533617 0
931 4890.013326834288 254.7104641364688 0
932 4871.698794608502 287.4537594847351 0
933 4772.841537909402 465.1845321262916 0
934 4780.874043270802 472.3629778676344 0
935 4852.53806087362 254.0894608375568 0
936 4834.011056612479 285.9790546520705 0
937 4817.198313565704 254.9630404666854 0
938 4801.610466384652 282.1720187619645 0
939 4758.544751673803 459.2798875934379 0
940 4813.002394974311 305.5645429463615 0
941 4787.437152185084 303.049101623663 0
942 4774.915988928039 282.0658524403216 0
943 4762.012046658235 302.4394242440931 0
944 4749.395818713156 281.9340866044621 0
945 4736.646797470964 303.7629235342547 0
946 4741.895081446123 459.3960641707444 0
947 4724.030802443211 282.1402299643313 0
948 4711.317474467251 303.9710779464447 0
949 4795.400879322538 326.7589681657141 0
950 4698.718368032953 282.0709450285182 0
951 4686.002577993331 303.948156208851 0
952 4698.598436688633 325.9022997923776 0
953 4673.959683361338 326.2165190431888 0
954 4727.005503857516 465.3441124578144 0
955 4660.8020770689 303.948606115822 0
956 4648.778204562958 326.2227004505504 0
957 4634.740383295771 303.4445852691896 0
958 4622.688962176198 325.7174957478651 0
959 4634.44188735886 347.247441883178 0
960 4608.400395640916 347.9538108543657 0
961 4593.781553331885 324.3918584799752 0
962 4581.261072832192 349.7634642777396 0
963 4596.298614542757 370.3093372506483 0
964 4571.542982867895 374.3715472858576 0
965 4714.882511902963 477.0929996560266 0
966 4586.906966145887 393.6633734592235 0
967 4562.284392690435 398.0850528537126 0
968 4577.629990743571 417.6169972194858 0
969 4552.975083903149 421.6123686039692 0
970 4568.373289613787 441.239427001204 0
971 4707.674656527612 496.9036068051556 0
972 4543.723002885125 445.1815587079997 0
973 4559.038719230679 464.7799104847287 0
974 4535.026882197272 468.9637970257161 0
975 4549.765100920756 488.5539240640844 0
976 4516.905791722847 446.3437390283203 0
977 4546.497042598854 349.5585427481889 0
978 4525.12762979322 491.8122507707175 0
979 4541.195287746097 513.2609584932068 0
980 4512.086685221739 514.3987826978541 0
981 4532.215736279463 537.9793720849511 0
982 4501.526535675473 543.6019772881617 0
983 4558.484294878856 532.9957186497029 0
984 4711.129476106209 513.5692811929546 0
985 4552.250803283958 557.4326133233947 0
986 4576.777159097895 550.7739053368042 0
987 4570.919344694883 574.8569080542027 0
988 4597.661489485217 568.6580995340609 0
989 4719.186823445696 527.3232344388471 0
990 4590.15208702621 592.8110710132281 0
991 4565.545467241987 599.7049532510888 0
992 4584.000533117407 616.7033501727622 0
993 4559.602762528259 626.0179091312104 0
994 4608.443926915085 609.8673245624207 0
995 4602.667630091688 633.9697908933965 0
996 4628.267280643137 624.4791695300379 0
997 4621.495891124257 650.7142841948746 0
998 4647.904050026732 641.3753913877747 0
999 4736.85099002793 539.398095210447 0
1000 4640.319931492847 667.7525195818009 0
1001 4664.306550938273 661.078544292051 0
1002 4615.819452908674 675.58387470564 0
1003 4711.2915321574 486.3440280479615 0
1004 4726.850628713691 534.6454824691732 0
1005 4603.269644801987 414.5301418382998 0
1006 4658.604223780533 685.3075338561047 0
1007 4682.708095454614 677.8238718421489 0
1008 4686.488580563459 652.6704882069647 0
1009 4706.649158912954 667.6224169888836 0
1010 4773.31527329332 534.543416639337 0
1011 4758.003228475052 541.3778155626555 0
1012 4747.286700617528 541.0606194778595 0
1013 4781.614553335778 527.2341948933274 0
1014 4787.686533554691 518.1879975227843 0
1015 4701.245747940415 694.4737640276244 0
1016 4725.391846318301 686.8392483337047 0
1017 4729.651590180668 662.7121205214655 0
1018 4747.425632734959 676.310265632114 0
1019 4758.052070732681 655.8053642870132 0
1020 4770.638217554632 673.1450757647738 0
1021 4775.684442688867 652.9988541990087 0
1022 4790.833214888575 667.1354535439364 0
1023 4794.295829821935 645.9814212213562 0
1024 4810.988046735229 661.9960486689276 0
1025 4762.729950756191 638.6555847387513 0
1026 4743.266077917004 704.2659269690055 0
1027 4600.124042998208 545.9902193668502 0
1028 4815.496335526722 642.0260837890953 0
1029 4831.730555580425 656.415051388414 0
1030 4802.977438157425 629.2154172645576 0
1031 4819.536128173543 624.0821155357642 0
1032 4827.421286346004 679.1151093134906 0
1033 4850.416543611867 672.8290534375415 0
1034 4845.118035784699 697.1629128822967 0
1035 4871.827300051955 688.6363693164445 0
1036 4807.417325858658 612.7977258508598 0
1037 4823.15644762276 607.4246163211901 0
1038 4863.754931736191 718.04676053939 0
1039 4896.353934011358 708.9827500660274 0
1040 4739.092760496625 255.973402547316 0
1041 4810.029541389275 596.8660109248249 0
1042 4826.605666659215 590.9268928070067 0
1043 4839.166801474039 602.1199990020335 0
1044 4842.694023868852 585.647541463865 0
1045 4829.90396850124 574.1431011068368 0
1046 4845.761310420101 569.3492497800407 0
1047 5199.538954888149 316.7316985583529 0
1048 4874.747117630143 665.1307586110433 0
1049 4855.687177166377 596.4418299003283 0
1050 5197.711697046325 406.4103205623271 0
1051 5180.98071989687 406.4057089022397 0
1052 5171.93963978162 393.162183409602 0
1053 5164.773629428862 408.5051599732165 0
1054 5175.546348865368 422.841111985237 0
1055 5158.570089680754 423.9291394004137 0
1056 5166.998579656956 437.1296882203631 0
1057 5152.758003734873 438.5949980636127 0
1058 5161.468049403233 449.3011835410966 0
1059 5173.294107269928 448.6862552778884 0
1060 5169.045379293573 458.8488636374269 0
1061 5157.320706428047 460.4279320148876 0
1062 5166.364102039349 470.3469057139959 0
1063 5153.378501982358 471.1349555277657 0
1064 5160.31948219276 480.5362435770892 0
1065 5148.871950746618 481.5571150995316 0
1066 5155.751774681559 490.4608382581732 0
1067 5141.821681177911 472.5469854488337 0
1068 5144.158698226354 491.7429480248147 0
1069 5151.512761511146 501.2243081696575 0
1070 5138.9572354321 503.864281235593 0
1071 5147.531259738772 512.9346217061624 0
1072 5158.529744771922 510.1151109148782 0
1073 5156.125179288142 521.6515198699909 0
1074 5144.803814889837 526.126425667106 0
1075 5154.969708162156 533.7430520645902 0
1076 5165.49940808849 529.6472048225269 0
1077 5164.58493611732 540.3187339635897 0
1078 4957.529511542432 465.8526235449733 0
1079 4834.995748565898 558.1844367498098 0
1080 4848.892473092917 554.3678846018275 0
1081 4838.970372915104 545.4766461150938 0
1082 4852.61863193798 541.2564436345515 0
1083 4841.011682393737 532.1953362891452 0
1084 4856.859278906479 528.2580349662925 0
1085 4844.589853387442 517.246096501921 0
1086 4860.654157738355 514.280580897155 0
1087 4849.185944206989 503.6643764310325 0
1088 4862.799603098315 500.1398154989236 0
1089 4852.580334012896 490.9801487665183 0
1090 4841.674050326827 494.2871794809357 0
1091 4844.022701953126 483.1897756276524 0
1092 4854.836436659335 479.1316663927617 0
1093 4845.595944559811 471.9267858372041 0
1094 4856.879898587466 467.071553807428 0
1095 4846.651464112279 459.8242022918885 0
1096 4836.372637164028 465.1905351315699 0
1097 4835.783291623446 453.2394446436924 0
1098 4847.275415260593 447.0779171880444 0
1099 4835.134313884183 441.2229861993735 0
1100 4846.555152656717 433.4090776230058 0
1101 4825.678877940337 447.9068066987796 0
1102 4823.628634570591 436.8452055020945 0
1103 4827.437513640546 548.7937095917538 0
1104 4814.700941223597 444.2215234691836 0
1105 4812.823572550598 433.1167014537622 0
1106 5142.012327911009 426.5434204953796 0
1107 4832.616363979548 522.6166908955379 0
1108 5173.977852076577 323.4205575038828 0
1109 5178.69541643893 298.5156291061742 0
1110 5202.213309831135 288.6851037569444 0
1111 5179.873533766916 270.2756291735935 0
1112 5212.18875768907 260.2730624255952 0
1113 4861.832598973344 563.9629996529929 0
1114 4871.252060506183 524.3692360786338 0
1115 5248.662682264318 652.7605795061862 0
1116 4629.762076751922 602.2608900495852 0
1117 5174.954138756271 535.9090348431718 0
1118 5174.076016981327 546.4723360374825 0
1119 5166.707262022652 489.1219886263413 0
1120 4479.348133399707 514.5629274954529 0
1121 4464.434861907554 548.5814716643963 0
1122 4441.850061240398 516.5889047137061 0
1123 4425.79762608583 554.985167638784 0
1124 4404.261309954781 522.008921529184 0
1125 4379.061088928858 562.364337996542 0
1126 4350.087611430875 522.5732972245468 0
1127 4411.198184754063 597.5644678322178 0
1128 4325.670543000697 568.9060820495332 0
1129 4293.937070461023 523.346023154557 0
1130 4269.698332912141 574.039449981007 0
1131 4225.459585868849 510.6193640297115 0
1132 4322.15780227722 470.7597083661086 0
1133 4302.357491998003 622.541934502968 0
1134 4240.211940644491 625.9173662169205 0
1135 5154.384021393286 546.0157806208215 0
1136 4804.335166015061 440.4833108679155 0
1137 4802.231278217946 429.4278474816907 0
1138 4810.697626610723 422.0467416249019 0
1139 4800.091411074701 418.3793102862134 0
1140 4791.615790486931 425.7600923306097 0
1141 4789.461880090053 414.7185193003128 0
1142 4780.976593313419 422.1027927809986 0
1143 4778.824510235766 411.0605623633978 0
1144 4770.337965415347 418.4452893832868 0
1145 4768.185921534093 407.4030451078866 0
1146 4759.433482917567 414.8396352277017 0
1147 4757.502820578517 403.7542425662745 0
1148 4748.742963233927 411.1922851867233 0
1149 4687.196197958418 347.9330333491519 0
1150 4808.378216163815 410.2385593532152 0
1151 4885.39077407013 742.3806411161345 0
1152 4922.102189501582 733.2242233057033 0
1153 4851.556174316845 749.4216480433715 0
1154 4746.847961364204 400.0999432083845 0
1155 4738.358446200736 407.4852998737167 0
1156 4740.244398301789 418.5794050910191 0
1157 4729.869197803675 414.8706046867809 0
1158 5154.867056158429 307.1600193492874 0
1159 4755.386190047581 391.8332127353819 0
1160 5179.765861099904 457.9764441636501 0
1161 5155.166664772052 395.0151250220083 0
1162 5184.672722726697 540.3348600327367 0
1163 5183.381086244487 552.3290148698661 0
1164 4732.086550730522 425.9001229552103 0
1165 4721.862949219177 423.1678606003789 0
1166 5198.064335828067 706.3004221237047 0
1167 4649.53742747281 277.5194501939735 0
1168 4787.190466140773 404.0273505131943 0
1169 5097.21284018989 685.6718617727822 0
1170 5105.37889525947 714.034960243148 0
1171 5393.898499837895 424.445483365474 0
1172 4585.145864340782 461.9830162085634 0
1173 4719.353962694688 411.3567763092328 0
1174 4710.887718215416 418.765544804607 0
1175 4712.960814495298 429.6275501457332 0
1176 4702.335086633761 426.0001798628548 0
1177 4704.606344214243 436.6386919520137 0
1178 4693.859334608846 433.297701391736 0
1179 4695.987109351907 444.3972263001122 0
1180 4685.352268413174 440.7302694226923 0
1181 4687.126731259676 451.8534013256768 0
1182 4683.200911108807 429.6864294603772 0
1183 4676.799792650727 448.1349519835721 0
1184 4679.049483351899 458.8646158242276 0
1185 4668.370270324559 455.4608268782704 0
1186 4670.640453265111 466.1773561078955 0
1187 4659.905943207937 462.8238214594581 0
1188 4662.061728542282 473.8624298406471 0
1189 4672.168046271515 476.1655623102403 0
1190 4665.327720615275 485.1460708266791 0
1191 4653.745849816009 481.3369324336821 0
1192 4655.926376548747 492.3941254835124 0
1193 4665.574813801543 496.7059956923111 0
1194 4657.765667263136 503.5251444453268 0
1195 4669.37773318179 506.6801927281886 0
1196 4660.140723006799 514.4041797541796 0
1197 4670.64782343246 518.1055744642953 0
1198 4662.182934733743 525.4830819042435 0
1199 4674.21820881986 528.5452431278927 0
1200 4664.55305498069 536.4310096824245 0
1201 4674.951885616128 540.1900723920076 0
1202 4647.233531864703 499.7663239253387 0
1203 4666.505041882448 547.5579684987113 0
1204 4676.932933253805 551.0253357517475 0
1205 4666.290142283216 444.5512057346933 0
1206 4700.44370308829 416.2803497890098 0
1207 4651.547711715711 521.8244492447036 0
1208 4655.872826358588 543.8977339502972 0
1209 4736.380784994773 396.0508908587997 0
1210 4668.595235033576 558.5798381706196 0
1211 4679.223812373653 562.2338525086279 0
1212 4688.553197516655 554.843067680128 0
1213 4689.894831463323 565.9319812063857 0
1214 4681.004170149038 573.3876877148631 0
1215 4691.979561098058 576.9860415754564 0
1216 4700.425578664954 569.8732857366766 0
1217 4702.65650656552 580.6809252317145 0
1218 4710.773062044295 573.8409854974896 0
1219 4713.253167149006 584.3962963923371 0
1220 4721.717972323207 575.8172445850802 0
1221 4723.936018068424 587.7831753581501 0
1222 4732.090361678175 580.6208602969426 0
1223 4793.548059244619 602.5393944967336 0
1224 4798.003754697185 584.9299165253151 0
1225 5212.196970833609 403.9335559960967 0
1226 5208.492295955012 415.8261004455344 0
1227 5220.240942537282 414.2177283360134 0
1228 5216.263658973141 424.5314720930044 0
1229 5227.183376964945 423.366769092174 0
1230 5192.990924327542 546.879629997245 0
1231 5192.809344532113 557.7544228462239 0
1232 5183.39146012447 563.1721456341575 0
1233 5193.501055404655 568.4054746856366 0
1234 5200.791261901495 553.1274905697529 0
1235 5183.596810534064 574.3942961533774 0
1236 5194.112388853971 579.3328837041493 0
1237 5184.570819984367 587.7025480490773 0
1238 5171.784333448469 581.9065150984666 0
1239 4987.313305162971 595.1172217942484 0
1240 5203.568925161017 573.1626277704887 0
1241 5204.317793384304 584.1703655353729 0
1242 5213.52528246452 577.9183854240551 0
1243 5214.451939460004 588.9887112661612 0
1244 5223.647588308004 582.7335175946893 0
1245 5224.428751540199 593.0567450407607 0
1246 5233.976105871572 587.0025766851061 0
1247 5233.074159427571 576.4973603325523 0
1248 5244.013350414313 580.1284903258254 0
1249 5244.341413992629 591.7119986650907 0
1250 5253.398457710839 586.2254164618473 0
1251 5254.19733388708 597.0527265465254 0
1252 5263.476474020397 590.7322868921132 0
1253 5261.70571775865 578.9976398618503 0
1254 5272.722508153776 584.2829215995046 0
1255 5271.824313977578 573.0688346004744 0
1256 5281.627065090319 578.6373316263468 0
1257 5282.823617763822 589.2353248749806 0
1258 5292.07625961389 582.8709588596923 0
1259 5290.004872592709 571.3706664885108 0
1260 5301.189725928174 576.3425186850818 0
1261 5300.510269553708 565.1282141786003 0
1262 5310.634594562928 569.9574349552385 0
1263 5309.354839934763 559.6100560886031 0
1264 5319.85789248777 563.7169596695085 0
1265 5317.291041600729 552.292659984975 0
1266 5244.064734361375 605.6932912330918 0
1267 5264.332031445824 601.8508128975056 0
1268 5328.892867175112 557.2007127888588 0
1269 5327.956737591252 545.964735055325 0
1270 5330.055362723699 568.9785322298668 0
1271 5318.211964761044 540.8031785350425 0
1272 5327.239234945458 534.9455309347358 0
1273 5337.50000842015 539.6515843453533 0
1274 5336.509383203216 528.6604629005993 0
1275 5347.041031679419 533.6295143956709 0
1276 5345.935808669333 522.108241178197 0
1277 5335.624350429771 517.4722893590695 0
1278 5357.627370390142 526.1802027891631 0
1279 5345.005303254611 510.8472753856755 0
1280 5333.476139544246 505.1248332887052 0
1281 5343.893387753771 499.4364804091736 0
1282 5334.193783550018 494.0741659378963 0
1283 5343.228879720461 488.2168453552676 0
1284 5330.947215388082 483.0854297729425 0
1285 5341.978237570454 477.0393921527701 0
1286 5331.569025395481 471.9306324841832 0
1287 5341.274636095886 465.8412924048731 0
1288 5331.273258853559 461.0899952908416 0
1289 5321.836749702445 466.882544944906 0
1290 5319.239333460947 456.0413395687985 0
1291 5330.062873996843 449.8393297590358 0
1292 5319.696464025502 444.7812255958935 0
1293 5329.271121604151 438.7533164786694 0
1294 5319.195494485092 433.8036362699445 0
1295 5309.793502835111 439.9456329140743 0
1296 5309.138795928366 428.9903974894364 0
1297 5300.282597408161 434.901181764007 0
1298 5298.994526572634 424.1742677165903 0
1299 5289.662623345414 431.7185768552431 0
1300 5327.560425031799 428.9984201919673 0
1301 5338.077923024427 443.1501044351218 0
1302 4683.48940974084 586.4268440722255 0
1303 5325.572564927253 512.8151888820822 0
1304 5353.672747066036 492.0261648093932 0
1305 5351.594821472578 470.7483643416343 0
1306 4784.946658653605 590.521183741997 0
1307 4787.393860695341 578.8283311184666 0
1308 4912.789022937427 771.2028011864334 0
1309 4948.968908364442 759.4290739124682 0
1310 4958.143755781563 722.4210787972461 0
1311 4805.992734785771 451.0670625446082 0
1312 5201.153929122303 545.0880298973698 0
1313 5207.46118727842 549.4004663787642 0
1314 4734.463612277405 591.8023735762408 0
1315 4683.030433905947 533.2722299563021 0
1316 5323.807060072646 489.9030717625392 0
1317 4725.689378397812 599.0722352584396 0
1318 4704.837777310519 591.673890020764 0
1319 4776.143114912823 582.6971963931177 0
1320 4778.308428344176 571.5711828717207 0
1321 4773.36086306248 593.2529157452835 0
1322 4761.851170623562 425.8301066534688 0
1323 5299.838467180613 554.7554628054011 0
1324 4782.660180678614 431.5951542315857 0
1325 5183.708394655468 530.0837621852323 0
1326 4833.531583196485 487.1137070442869 0
1327 4709.223482879836 563.9326886802434 0
1328 5293.022522659099 593.9857863100484 0
1329 4789.142830979573 567.7314586911796 0
1330 5182.322275550949 236.4500090571107 0
1331 5216.272755756688 222.5367010067038 0
1332 5300.790914925032 446.6024417146529 0
1333 4833.478038520234 222.0161613798559 0
1334 5289.313092984826 419.445350828804 0
1335 5280.071304502598 426.2322254612348 0
1336 4678.649279692183 511.8129140270694 0
1337 5086.037958889399 572.4103475271186 0
1338 5231.809357839225 413.1097204594873 0
1339 5238.715834732964 422.7396648123467 0
1340 5221.865809658194 433.3058085418635 0
1341 5212.631459014835 434.2022875163655 0
1342 5393.630345345688 314.1599255394292 0
1343 5381.284791991917 284.9800755024758 0
1344 5415.19080786407 287.7350115028574 0
1345 5399.152637344321 253.7323821233676 0
1346 5435.102786715123 254.2254552973195 0
1347 5359.789591528159 257.1118865866976 0
1348 5382.206153145342 219.3789415370053 0
1349 5345.795670810825 217.493772259318 0
1350 5311.315702353018 580.8654150003916 0
1351 4730.931141076583 570.1382409857274 0
1352 4739.343407336198 573.4874056084039 0
1353 4986.614840644647 748.787039520688 0
1354 5241.160139137036 570.0236651411392 0
1355 5232.686212177865 566.9543139929999 0
1356 4821.452530483504 328.692149765301 0
1357 4688.941183599465 461.8754023128433 0
1358 4867.294007614748 475.1029193317494 0
1359 4424.010135548171 484.8038565754262 0
1360 4535.404227859307 401.6593667918179 0
1361 5340.3876909636 562.3351847294369 0
1362 5239.869990360015 561.8004392161149 0
1363 5233.013445179627 557.7088648322944 0
1364 5217.893514118444 441.5534420411687 0
1365 5227.678860238829 440.9681664383182 0
1366 4955.436988891779 583.7205434435554 0
1367 4947.653712572752 555.3895634723489 0
1368 5148.847955114598 336.1315881610034 0
1369 5131.228324971972 315.8603326456021 0
1370 5126.733392801022 339.4705484063295 0
1371 5308.116315537128 418.1496373843055 0
1372 5203.512809482493 596.4524906537298 0
1373 5185.65752072916 199.2342086710523 0
1374 5223.501745703151 183.9787449218405 0
1375 5045.310419257296 420.1187966155765 0
1376 5280.006793327599 436.054494537247 0
1377 5272.444637513573 431.8631951794929 0
1378 5271.522701930508 423.1507632322295 0
1379 5272.914021551755 440.1517254201903 0
1380 5266.027659666266 436.7882126119693 0
1381 5279.16713336914 444.60614339607 0
1382 5242.907143485944 411.840326039888 0
1383 5419.621204360429 529.8108833841247 0
1384 4976.09671376868 791.0538711525658 0
1385 4738.183513080226 564.9676355646016 0
1386 5247.215081029971 564.0471125361897 0
1387 4714.533893002292 439.7575555659103 0
1388 5364.937188551307 185.5665281689043 0
1389 5406.156250689134 189.3026180946073 0
1390 5135.428509254917 287.2240187630874 0
1391 4736.6602697725 602.6931265680419 0
1392 5236.26246291227 402.7619785364351 0
1393 5209.370116126887 442.6831383231201 0
1394 5214.373492055858 448.7945450207375 0
1395 4746.082579041748 567.8404109360235 0
1396 4994.348623948646 711.5705775695795 0
1397 4927.579191419489 573.8577043993572 0
1398 4931.714059720422 603.3626462089372 0
1399 4860.472973011955 440.1373514147501 0
1400 4860.398677482151 424.631347094862 0
1401 4875.163575893598 432.5874851974056 0
1402 4872.447734249193 417.8068377674287 0
1403 4860.555729623495 407.7186925793384 0
1404 4875.664164039615 399.8488817263642 0
1405 5206.379856625182 449.8939782952467 0
1406 5200.47951040271 444.7815514513464 0
1407 4728.215727240102 611.6962251196951 0
1408 4730.642710826398 561.562299201481 0
1409 5207.926535800403 542.2248315952445 0
1410 5106.199622530733 296.7063530474834 0
1411 4781.027955594555 561.5935257253657 0
1412 4790.213339825958 558.3369769145046 0
1413 4784.452267752421 552.8375145761669 0
1414 4791.785514524423 550.4209419387317 0
1415 4776.892281990221 554.1219906468821 0
1416 4797.800840427978 555.3324414516065 0
1417 4798.781685648391 547.5456862340916 0
1418 4492.236083184996 578.9328609778497 0
1419 4809.560757829981 351.4541235722763 0
1420 4889.701777900427 418.3015909730898 0
1421 4285.386977708731 686.6758127276452 0
1422 4204.564632750491 683.8468338366903 0
1423 4752.831371083074 323.4155762900767 0
1424 5213.793711434673 546.3979016174521 0
1425 5213.764608065758 553.4232952585966 0
1426 5267.113806637089 443.7535005822573 0
1427 5260.037487706457 441.664135120057 0
1428 5327.018754186437 183.620782368371 0
1429 4792.965520778297 542.9685380276583 0
1430 4799.818374573386 540.1164360270817 0
1431 4748.046106482937 576.9952132674783 0
1432 4612.574573417881 276.8892885424417 0
1433 4634.816394109725 246.7004187891166 0
1434 4597.60502083285 244.0495793711951 0
1435 4617.680069018738 213.9150053796573 0
1436 4579.927941326433 211.9153967492472 0
1437 4559.196906506111 244.3294427037409 0
1438 4538.334357217614 209.2654780737941 0
1439 4518.882122889351 244.5039156704134 0
1440 4493.674163013529 203.6572979560049 0
1441 4472.542974124536 252.3948430296942 0
1442 4655.859421586552 215.1807113231163 0
1443 4636.893162231627 180.51130111208 0
1444 4678.406313381712 183.0057047477261 0
1445 5130.226379067095 493.2016685409261 0
1446 5124.268800981301 506.9069888170199 0
1447 5114.312560195206 494.5206434208396 0
1448 5108.363866691738 510.3186858038948 0
1449 4744.536240996956 559.9500419873025 0
1450 4752.017054730948 562.3375106195365 0
1451 4786.025760617871 689.6359814237128 0
1452 5211.241569456501 455.2769967679255 0
1453 5203.677533111651 456.8282191786274 0
1454 5019.889549688233 779.7435614895052 0
1455 4964.820451150118 685.7318728912912 0
1456 4819.935845029711 414.0769242706785 0
1457 4818.439152187461 400.7814043426293 0
1458 5279.468490476484 377.614825235514 0
1459 4670.371628926118 582.810973950069 0
1460 5202.592584201621 538.7455003524076 0
1461 4615.471350806764 558.4658468098844 0
1462 4860.148523230247 387.9622241904385 0
1463 4878.532339571005 378.4916376632486 0
1464 4889.769161045955 443.6005419069318 0
1465 4441.676152409786 198.3038782384997 0
1466 4412.963921725273 247.3305216373973 0
1467 4439.932441710279 297.3902601218348 0
1468 4383.348738551756 295.943260779114 0
1469 4355.390524491218 244.2026016477723 0
1470 4324.587837243375 298.8537380716213 0
1471 4288.046451458172 235.15932381124 0
1472 4253.537069490776 300.6667163669368 0
1473 4413.084586083307 343.1083015491807 0
1474 5173.111627250508 597.3970832606678 0
1475 4618.822743254569 541.0708589973551 0
1476 4606.814942453294 527.8344916385137 0
1477 5259.148262982138 433.7520736307076 0
1478 5253.060586885873 438.2090468902286 0
1479 5245.712861710916 556.7827473665576 0
1480 5252.469617563535 558.700373824278 0
1481 4917.999390409655 548.8230134491398 0
1482 4673.258053193107 597.4713043061463 0
1483 4851.761473501344 613.4272871760578 0
1484 4869.207192783587 608.5992862159331 0
1485 4938.269057063984 530.1743418794126 0
1486 5240.676350517809 242.4606450406483 0
1487 4910.685903875904 433.0189078324453 0
1488 5342.340957111636 575.532341030534 0
1489 5179.830624070325 437.7937756636554 0
1490 5189.019495477642 153.6757901832363 0
1491 5359.818175690381 539.6069429725522 0
1492 4793.586499271888 534.9114866698824 0
1493 4800.821285052357 532.6842773966936 0
1494 5451.891926816146 293.1220458012883 0
1495 5473.161597963466 256.0367847987326 0
1496 5490.785263401039 294.3435130547595 0
1497 5515.894505377402 260.7803769105465 0
1498 5532.206307816993 306.2426245213395 0
1499 5566.763811063639 262.6731399394909 0
1500 5591.218709806023 309.096520914973 0
1501 5623.3240117758 263.0815346665637 0
1502 5646.571454504223 313.0785141029413 0
1503 5680.05072759259 264.6928704769217 0
1504 5704.467283608692 317.7008066197631 0
1505 5670.831680288877 364.1922273484248 0
1506 5728.929710699374 369.3236980053642 0
1507 5697.014434720608 416.1324949495489 0
1508 5755.574072503035 419.9681515938025 0
1509 5721.635200676789 469.8837680430076 0
1510 5786.237675747721 482.2203380466257 0
1511 5827.655892863032 424.221690736233 0
1512 5860.288506222907 493.744203054463 0
1513 5907.780092143242 425.9385043348888 0
1514 5942.458318242067 502.3405235929059 0
1515 5992.274596382418 432.3324518927061 0
1516 6029.561321438994 513.8025616056248 0
1517 5745.527816153252 530.8255016291731 0
1518 6083.962821911169 439.3666448892668 0
1519 6123.311739700049 526.2581711443154 0
1520 6181.031413117307 447.7974650873842 0
1521 6222.363171812392 537.6033014555966 0
1522 6280.291479178811 457.2715489735338 0
1523 6321.825357454398 547.4347136449057 0
1524 6379.980418079603 464.7997490152214 0
1525 6421.448069546479 556.7138423135245 0
1526 6479.546343023715 474.1129083888618 0
1527 6521.012941987799 566.1309008056206 0
1528 6579.102138069376 483.5532372083542 0
1529 6620.612053630658 575.112587013259 0
1530 6678.661224557723 492.9417482224869 0
1531 5745.340798378721 270.1638113055027 0
1532 5891.761098747074 571.4177447082446 0
1533 6720.17168361386 584.4924626047764 0
1534 6778.214275407058 502.3879709838796 0
1535 6819.782195467694 593.334164803917 0
1536 6877.77997850895 511.6998747802759 0
1537 6919.344827593635 602.6779412024163 0
1538 6977.329448365018 521.1815874317174 0
1539 5687.030097578574 516.8440263542275 0
1540 5703.908800488804 572.0191474205826 0
1541 6836.209945240956 420.7761146344211 0
1542 7018.896774224416 612.1336981063224 0
1543 7076.879727489504 530.6548192290323 0
1544 7035.312293359691 439.7038431906663 0
1545 7134.862245667954 449.18049990996 0
1546 7176.429651936083 540.1317679292154 0
1547 7234.412154757823 458.6576095431987 0
1548 7275.979553822885 549.608953048164 0
1549 7333.962052884664 468.1348340652223 0
1550 7375.529450122555 559.0861967183191 0
1551 7433.511948253145 477.6120874939118 0
1552 7475.079345031313 568.563454964733 0
1553 7530.615082932918 488.2075879969676 0
1554 7574.221446260131 578.2270901529708 0
1555 7635.500013717059 481.5684179328993 0
1556 7674.59254789302 585.0493430703252 0
1557 7732.161631899256 506.0438735529239 0
1558 7773.797930826264 596.5838032232143 0
1559 7831.723010062446 515.4525634126505 0
1560 7873.292320639732 606.3925036219765 0
1561 7931.265567689283 524.9736371857248 0
1562 7972.831741510512 615.932308047275 0
1563 8030.812493736282 534.4686256154446 0
1564 7989.244806179196 443.5189937927508 0
1565 8088.794157403332 452.9995006533882 0
1566 8130.361463490779 543.951410362866 0
1567 8188.343807197167 462.4782246513861 0
1568 8229.911163046232 553.4298372170939 0
1569 8287.893628386111 471.9559251900823 0
1570 8329.461012801024 562.9073671792399 0
1571 8387.443503174132 481.4333056702076 0
1572 8429.010895522133 572.3847002881539 0
1573 8486.993392389719 490.9105999983757 0
1574 8528.560787713774 581.8619768452511 0
1575 8586.543285588315 500.3878705425928 0
1576 8628.110681960392 591.3392411313845 0
1577 8686.093179793246 509.8651350776471 0
1578 8727.660576372546 600.8165044290382 0
1579 8785.643074193487 519.3423984464247 0
1580 8827.210470806283 610.2937675978075 0
1581 8885.192968629879 528.8196615993382 0
1582 8843.625572005765 437.8682925155397 0
1583 8943.175466450295 447.3455556198568 0
1584 8984.742863074474 538.296924703282 0
1585 9042.72536089588 456.8228187178918 0
1586 9084.292757520232 547.7741878002688 0
1587 9142.275255341834 466.3000818137184 0
1588 9183.842651966239 557.2514508957739 0
1589 9241.825149787892 475.7773449089347 0
1590 9283.392546412315 566.7287139908667 0
1591 9341.375044233975 485.254608003986 0
1592 9382.942440858405 576.2059770858633 0
1593 9440.924938680064 494.7318710989879 0
1594 9482.492335304501 585.6832401808595 0
1595 9540.474833126158 504.2091341939787 0
1596 9582.042229750594 595.1605032758528 0
1597 9299.807647609547 394.3032389221108 0
1598 8644.525783170675 418.9137659846141 0
1599 7491.494446382632 396.1379782810739 0
1600 7793.784144849902 427.1474581562474 0
1601 5653.159406277849 557.725596797647 0
1602 5668.837639580641 612.2697974341677 0
1603 5722.570638639309 625.9087179371479 0
1604 5682.129821745388 667.700034043726 0
1605 5624.349032918762 649.0502779997295 0
1606 5740.869222615351 688.1848084964007 0
1607 5641.900899128255 708.3941266262621 0
1608 5586.526581613372 696.2392643481121 0
1609 5602.818791953361 750.641246563467 0
1610 5540.2666032608 739.4358884287269 0
1611 9498.90743650172 413.2577651121084 0
1612 5562.520998222554 792.4819849223222 0
1613 5508.304246884916 779.0396316902118 0
1614 8345.876105308271 390.4819440012937 0
1615 5640.211839284808 412.0202505277982 0
1616 9598.457330947815 422.7350282070952 0
1617 9225.410048590657 648.2028199777558 0
1618 6537.551718574385 392.4172539021069 0
1619 5497.621337172149 220.6768464292976 0
1620 6125.387126805848 363.0718473841678 0
1621 6066.084739897164 603.1597597197687 0
1622 8047.226621753124 362.0489617423225 0
1623 7287.375650612285 366.4870220980944 0
1624 6332.626647673843 359.1697289008431 0
1625 8271.47851294445 644.381485317338 0
1626 9524.059731928934 676.6346092627375 0
1627 9100.707858717389 375.3487127319017 0
1628 5961.473786912511 342.4452856662044 0
1629 7715.826916721702 677.9893359748316 0
1630 6362.562598354943 639.2063621524526 0
1631 5532.684098268511 689.8661880124769 0
1632 9026.310259698561 629.2482937872503 0
1633 7217.997056407956 631.0830547722924 0
1634 7093.294852436315 358.2290952727247 0
1635 8470.578290104015 663.336081566834 0
1636 5598.510170058315 211.150415632822 0
1637 8901.608069825648 356.39418653922 0
1638 6562.166779716566 657.7067970140388 0
1639 9623.609626375026 686.1118723577304 0
1640 9556.889934323375 331.7836591252266 0
1641 9656.439828769475 341.2609222202096 0
1642 7417.227864692807 648.6613433160683 0
1643 5660.039419110641 763.0955094466569 0
1644 6761.708715865586 675.0676768459678 0
1645 8769.227972986682 691.7678735723919 0
1646 5134.240989449674 719.175028217756 0
1647 5117.563885597534 747.5467720227387 0
1648 5154.65955045657 747.1492478532032 0
1649 5132.274143263099 781.8675359261372 0
1650 5169.853516533421 785.1978773890916 0
1651 5147.945217671771 816.9120665124493 0
1652 5185.7079948287 820.3237512907835 0
1653 5207.454192999164 789.2241089193045 0
1654 5223.468403468292 823.8326171176918 0
1655 5245.239737487331 792.6853523428488 0
1656 5261.293386404586 827.1269346567924 0
1657 5283.064649261529 796.0268006405015 0
1658 5298.879234458283 833.1735830245839 0
1659 5322.271567799491 798.8132056146313 0
1660 5342.737756428426 837.1760864137098 0
1661 5239.601703488074 855.1925403842097 0
1662 5363.826356574074 798.5035047874553 0
1663 4806.746771515325 537.2825096735231 0
1664 4807.76659778359 529.8530171108896 0
1665 4801.405918807135 524.8893226173127 0
1666 4808.714505677352 522.3621343132489 0
1667 4803.283702094577 517.6337067775515 0
1668 4809.865951804414 514.9509087460863 0
1669 4831.066430543829 497.7637609593182 0
1670 4822.487407794655 490.6919342089616 0
1671 5158.303077158545 590.3340131784613 0
1672 5312.516297020919 463.7574996767077 0
1673 5313.762800654532 472.0225045702494 0
1674 5306.299200625469 468.7085085373329 0
1675 5306.883246215136 476.233344327178 0
1676 5299.83936919929 473.0966997216354 0
1677 5299.36273939293 465.5563506497765 0
1678 5111.689820774383 263.3186762068383 0
1679 5104.896224181392 815.853411626859 0
1680 4804.031460481637 510.5220480041012 0
1681 4810.785198168546 507.6771523137967 0
1682 4804.681213421086 503.6677330857414 0
1683 9698.007225393914 432.212291302089 0
1684 5209.548318281783 462.8242981334728 0
1685 5201.050767393305 463.8378128588432 0
1686 4806.221856052442 553.6570863391108 0
1687 4804.361888318104 561.0601137157671 0
1688 5230.218165662824 135.8976974807974 0
1689 5343.524748724554 764.1732265203535 0
1690 5381.767060401613 762.3422450077285 0
1691 5404.945291396325 795.1332657641049 0
1692 4244.811999709097 749.2764178358613 0
1693 4312.214169912704 750.0525593078855 0
1694 6960.914264605473 693.6079276930581 0
1695 4165.067455339098 753.4834453745648 0
1696 4124.683346637123 679.3951686103603 0
1697 5161.945112986853 379.4161756756498 0
1698 5144.051900288619 378.595417375373 0
1699 5117.940436866788 599.3445541127624 0
1700 4860.599746455666 366.7257398748385 0
1701 5347.66305558869 151.7549589852284 0
1702 4750.632572066462 555.0740619305279 0
1703 4757.52505752537 557.305367836839 0
1704 4758.823125118809 564.6215677613591 0
1705 4825.345385950479 480.8315351467027 0
1706 4816.566625476741 482.8649922857643 0
1707 4818.657697405096 474.2155861397394 0
1708 4811.148232207906 477.0297329532356 0
1709 4808.609013978062 484.0497942922902 0
1710 4804.238440226459 478.1687700594732 0
1711 5419.611386526082 760.2842710888408 0
1712 5372.040413343321 530.4870244882287 0
1713 4779.229319480685 547.123636498826 0
1714 4771.739552813646 547.8808782367763 0
1715 4998.168893889984 675.1345541605709 0
1716 4815.151537112789 526.9748151745039 0
1717 4910.700232299699 454.1366745836268 0
1718 5101.143697918505 496.4632101755577 0
1719 5104.007821119124 481.1791552810335 0
1720 5088.932783781833 507.0347086429904 0
1721 4881.346674664858 355.197796041821 0
1722 5205.255992809812 469.7537646145787 0
1723 5198.038110391666 470.8021647704879 0
1724 5226.184610026891 562.5003353261135 0
1725 5526.198886328743 833.3455709724799 0
1726 5218.153627034683 454.2644970913134 0
1727 5517.92500402992 539.087552866396 0
1728 5518.220197777501 578.9802832499374 0
1729 5545.671133120564 512.6775182021664 0
1730 5534.526366052388 477.3523690691629 0
1731 5553.872467814242 345.4668920798504 0
1732 5489.091776135434 606.4579916589919 0
1733 5574.146517100605 486.3207964323165 0
1734 5563.163913739104 445.8071793967923 0
1735 7914.849039888322 697.4076309974374 0
1736 8014.396458920437 706.8996756430142 0
1737 5319.614717262449 248.5057435336477 0
1738 5270.604815377558 390.9614903649716 0
1739 4664.676259854769 140.456861250233 0
1740 4701.997284002366 152.9088731467448 0
1741 4907.252171197095 109.665574307638 0
1742 4914.052120942501 523.6231035924684 0
1743 5214.719035500103 538.5990276353185 0
1744 4816.424619071336 512.2456266708889 0
1745 4208.700842445637 228.9464996502931 0
1746 4172.110943125818 303.1539895278004 0
1747 4744.324067609881 552.4718017931716 0
1748 5119.432493418083 522.1997552554998 0
1749 4806.094411485653 471.6746157971179 0
1750 4798.711999802922 473.2286303362075 0
1751 4745.2412808728 595.261284603572 0
1752 4748.023689277773 606.1334153395765 0
1753 5087.326207099545 483.8021197918272 0
1754 5093.291953488892 462.1314643418849 0
1755 5301.317212012868 480.4763656591144 0
1756 5582.047995626716 846.1950213544321 0
1757 5137.363744505095 442.3747287823827 0
1758 5125.299620861521 430.6233773338423 0
1759 4799.675376342904 227.313233082872 0
1760 4813.009938472366 191.6965344129908 0
1761 5220.429028367659 550.2576059861343 0
1762 5250.136265418134 552.1894176900804 0
1763 5256.268407466961 553.2776119896592 0
1764 4218.290441107827 379.92278554642 0
1765 4132.412525960337 378.3160578791396 0
1766 4088.948529010964 304.3538343113345 0
1767 4046.396580557152 380.9594903997093 0
1768 3997.450613823894 303.6437528447021 0
1769 3952.732681743986 382.5708185740939 0
1770 4004.033971886299 459.9647879713734 0
1771 3911.179608476898 467.626980018453 0
1772 3856.503677249009 385.2870027480594 0
1773 3814.145943180977 473.3469916580601 0
1774 3870.657537698309 555.7131616366149 0
1775 3771.00589537635 563.517727723703 0
1776 3714.618217282602 480.965838904887 0
1777 3671.332894782754 571.2487408713198 0
1778 3614.784612134339 488.7627522852099 0
1779 3571.603939717245 578.9806409670606 0
1780 3515.054397126701 496.5035138944023 0
1781 3471.89339165894 586.7111659268401 0
1782 3415.348029457605 504.233431956974 0
1783 3372.189994636487 594.4405916890119 0
1784 3315.646785690986 511.9611376017652 0
1785 3272.488570432943 602.1684945924741 0
1786 3215.945697134218 519.6887827863585 0
1787 3172.787500704485 609.8961331604301 0
1788 3116.244724128795 527.416351500768 0
1789 3073.08650929856 617.6237147331643 0
1790 3016.543745107065 535.1439244193123 0
1791 2973.385530119222 625.3512877622693 0
1792 2916.84276880833 542.8714954356002 0
1793 3059.701960742767 444.936560626731 0
1794 3458.518366742128 414.0167728017748 0
1795 3259.103931883554 429.4814062678178 0
1796 2873.684553431476 633.0788590503463 0
1797 2817.141792499269 550.5990664591034 0
1798 2860.300007869254 460.3917028491566 0
1799 2760.599031685359 468.1192737852129 0
1800 2717.440816327646 558.3266373865868 0
1801 2660.898055518078 475.8468447096616 0
1802 2617.739840163134 566.0542083091007 0
1803 2561.197079354751 483.5744156313445 0
1804 2518.038864000465 573.7817792303247 0
1805 2461.496103192389 491.3019865523534 0
1806 2418.337887838265 581.5093501512224 0
1807 2361.795127030267 499.0295574731984 0
1808 2318.636911676183 589.2369210720387 0
1809 2262.094150868206 506.7571283940026 0
1810 2218.935935514131 596.9644919928345 0
1811 2162.393174706158 514.4846993147952 0
1812 2119.234959352086 604.692062913625 0
1813 2062.692198544114 522.2122702355862 0
1814 2305.252366222274 416.5497647951735 0
1815 2019.533983190043 612.4196338344157 0
1816 1962.991222382072 529.939841156375 0
1817 1919.833007027998 620.1472047552033 0
1818 1863.290246220028 537.6674120771586 0
1819 1906.448461574105 447.460048478332 0
1820 1806.747485412065 455.1876193991143 0
1821 1763.589270057985 545.3949829979407 0
1822 1707.046509250021 462.9151903198952 0
1823 1663.888293895943 553.1225539187225 0
1824 1607.345533087976 470.6427612406773 0
1825 1564.1873177339 560.8501248395039 0
1826 1507.644556925934 478.3703321614581 0
1827 1464.486341571857 568.577695760285 0
1828 1407.94358076389 486.0979030822418 0
1829 1364.785365409814 576.3052666810677 0
1830 1308.242604601849 493.825474003025 0
1831 1265.08438924777 584.0328376018516 0
1832 1208.541628439805 501.553044923807 0
1833 1165.383413085726 591.7604085226355 0
1834 1108.84065227776 509.2806158445904 0
1835 1065.682436923684 599.4879794434175 0
1836 1009.139676115715 517.0081867653751 0
1837 965.9814607616418 607.2155503642027 0
1838 909.4386999536719 524.7357576861615 0
1839 866.2804845995997 614.9431212849905 0
1840 809.7377237916298 532.4633286069511 0
1841 852.895939145702 442.2559650081201 0
1842 753.1949629836599 449.9835359289118 0
1843 710.0367476295878 540.1908995277431 0
1844 653.493986821617 457.7111068497042 0
1845 610.3357714675485 547.9184704485376 0
1846 553.7930106595759 465.4386777704988 0
1847 510.6347953055092 555.6460413693333 0
1848 454.092034497532 473.1662486912961 0
1849 1151.998867631836 419.0732522457672 0
1850 2604.355294708756 393.367052032565 0
1851 2105.850413898187 432.0049066367576 0
1852 410.9338191434708 563.3736122901303 0
1853 596.9512260136435 375.2313141716662 0
1854 1351.400819955926 403.6181104041988 0
1855 1550.802772280011 388.162968562631 0
1856 666.8785322755184 630.3982631265753 0
1857 2577.580079025475 654.1060312386743 0
1858 3658.138778299657 398.4087579068868 0
1859 3827.596010233661 645.9552200681712 0
1860 2803.757247038441 377.911910187075 0
1861 1849.905700766143 364.9802558002875 0
1862 1720.431054703913 635.6023465967742 0
1863 2076.076743998016 694.8994265124561 0
1864 1521.029102379823 651.057488438331 0
1865 467.4765799514453 645.8534049681668 0
1866 367.7756037894051 653.5809758889653 0
1867 796.3531783377321 359.7761723300792 0
1868 896.054154499775 352.048601409292 0
1869 354.39105833549 480.8938196120958 0
1870 397.5492736895512 390.6864560132619 0
1871 3628.142215077326 661.4690326206246 0
1872 1321.627150055737 666.5126302798969 0
1873 3428.7315387591 676.9188170556347 0
1874 1122.225197731647 681.9677721214621 0
1875 3129.629270145863 700.1035077119882 0
1876 2373.662532067138 669.2124571842902 0
1877 297.8482975275083 398.4140269340658 0
1878 341.0065128815659 308.2066633352276 0
1879 922.8232454075692 697.4229139630298 0
1880 2930.227314235689 715.5586517310544 0
1881 2830.526337985364 723.2862227134895 0
1882 3942.496182914937 644.1485615320065 0
1883 3888.60839555935 733.7069899305025 0
1884 839.4037510304315 268.1800051181129 0
1885 939.1944294102868 261.6097705416097 0
1886 5161.740006184848 858.7861423764059 0
1887 6993.744958555689 348.7518262518418 0
1888 5283.593688817316 600.7207911395933 0
1889 5295.290735297827 606.1659384394935 0
1890 5284.273969739316 614.5942735687247 0
1891 5298.350137420794 620.6376372331005 0
1892 7060.464499119194 703.0816270218145 0
1893 2903.458223200319 370.1843392663992 0
1894 2847.37932205917 293.6892554265713 0
1895 2946.616438548596 279.9769756716145 0
1896 440.7074890436179 300.479092414428 0
1897 9681.59212419669 604.6377663708541 0
1898 739.6848344248174 275.6761087700456 0
1899 8868.777867431061 701.2451366776337 0
1900 5351.819253164521 457.1543246192363 0
1901 5364.256808845191 463.8370046210133 0
1902 5363.825001880902 447.3073051452791 0
1903 5317.543223495775 531.3747723358731 0
1904 5310.172306770697 536.3561444954588 0
1905 5309.487506069285 528.1171325844076 0
1906 5302.958313227801 532.3403570382546 0
1907 5301.890984602551 524.5675094559663 0
1908 5308.543389400003 520.4408520236011 0
1909 5301.885061560522 517.33359917757 0
1910 5308.057255435465 513.0716620738561 0
1911 5296.237908654039 528.9866241837647 0
1912 5296.712460645685 536.2927411001893 0
1913 5290.369093789923 533.6941177936525 0
1914 5291.02067327007 539.9154179580762 0
1915 5284.753142732438 536.779367107906 0
1916 5285.76279401649 543.3227615871994 0
1917 7947.67670413607 352.5718370091382 0
1918 8005.659019810311 271.0988186872687 0
1919 8105.208948476132 280.5758774444471 0
1920 2747.29179617094 296.4295689848668 0
1921 8802.05817537952 346.9169234444404 0
1922 8860.04067320071 265.4428174603015 0
1923 8959.590567646888 274.920080554793 0
1924 823.6017891955871 704.8217573136054 0
1925 9457.340039877288 322.3063960302379 0
1926 1949.606676928182 357.2526848795035 0
1927 4741.325533924963 428.8942525248573 0
1928 4735.130065448502 435.1125580942804 0
1929 4742.5924004589 437.7159313811988 0
1930 4736.82580257055 442.3053718644511 0
1931 4743.643236487806 445.3617734949901 0
1932 4749.684889982474 440.3063909223676 0
1933 4751.330774258136 447.4015064973947 0
1934 4756.604714480303 442.6733785564936 0
1935 4714.891916920068 347.5632919728783 0
1936 4700.717688655383 368.9690961345867 0
1937 4677.971682635488 367.2429892584988 0
1938 4686.165112148465 383.3733376433928 0
1939 4669.11580343233 383.390505917247 0
1940 4678.002038820275 396.8742499516451 0
1941 4660.699796764653 398.2183520791021 0
1942 4700.642644192299 385.0525260550932 0
1943 4081.060938225673 752.0585128811588 0
1944 4795.970677224252 447.4968864752232 0
1945 5253.550533030678 444.7930985496854 0
1946 5246.995201165711 442.4734021263661 0
1947 4564.985447706704 163.0040228219871 0
1948 5285.93608988963 392.5725999048011 0
1949 4476.321422046786 155.3705454395738 0
1950 4416.715913880674 146.2263681223901 0
1951 7051.705006334337 267.5135374807381 0
1952 6952.151394313564 258.075601414905 0
1953 7145.932200989781 279.2353604149332 0
1954 5307.379600789378 483.7563484399442 0
1955 5300.739148086497 487.5369288333225 0
1956 5307.53791125873 491.0132923978612 0
1957 4651.74218376309 383.2829161185059 0
1958 4642.695892260747 399.5686369880762 0
1959 4652.154650804836 413.6083897527991 0
1960 5377.399611825494 454.9279133943368 0
1961 5377.457445813194 471.3996603044509 0
1962 4840.088245323954 374.0394382692397 0
1963 5286.241078989652 441.8002664271593 0
1964 5285.048200235002 449.2351918789156 0
1965 5278.313315184994 452.1818729841311 0
1966 5283.875224565684 456.5060168883612 0
1967 5554.171506692765 550.4346881988291 0
1968 5558.506939487005 596.4631378888655 0
1969 5157.757339903354 573.2267844118812 0
1970 5301.759669372758 494.5271074392161 0
1971 5307.941883351285 497.7827062215699 0
1972 5302.501404144889 501.5817672484475 0
1973 4774.02809373752 560.0849085843947 0
1974 4548.905984173498 280.7237642372231 0
1975 3784.518966143062 736.2050485667485 0
1976 424.2754070036972 735.5065304930311 0
1977 324.5672712427131 743.1417284015051 0
1978 523.4877347587153 727.9899119606093 0
1979 9723.159520821115 695.589135452735 0
1980 4903.109763430017 566.8219158832727 0
1981 5366.595535943117 513.8530937938245 0
1982 5203.743390327981 477.8339573641208 0
1983 5195.424202597135 477.9507730403254 0
1984 5199.009072371511 484.159323383402 0
1985 5192.339814752133 484.8377254742963 0
1986 5187.831150666825 478.8764969106142 0
1987 5196.406319059073 490.7070647609973 0
1988 5189.532273990309 491.7181313756373 0
1989 5194.40969106675 498.0309319152081 0
1990 5186.896596668362 498.7366979167311 0
1991 5191.111906836652 504.8606425030632 0
1992 5184.048002456743 505.6860343989138 0
1993 5188.647906302958 511.570805182356 0
1994 5181.31662053704 512.8619001121831 0
1995 5196.463445260444 510.4671593309251 0
1996 5193.072858990485 517.2816245910591 0
1997 5200.235470379987 516.7663975543762 0
1998 5197.000652486174 522.7092722870588 0
1999 5176.632120116149 506.5093565802657 0
2000 5203.608425355538 521.870392825482 0
2001 5206.238968320797 516.4462925037216 0
2002 5074.198253411443 707.7376914286154 0
2003 5292.966201095803 470.0338635948455 0
2004 5263.431285746073 308.2163273380352 0
2005 7003.716534207341 783.9909675369482 0
2006 8760.393423671305 256.9881795868652 0
2007 7905.979257344056 262.9858367861954 0
2008 5032.487170130372 627.449146904989 0
2009 4626.309566511113 525.4149247376693 0
2010 4614.280547250498 512.3457098112391 0
2011 4599.509035659164 513.5904829873814 0
2012 4605.027192674826 498.2602459472702 0
2013 4620.568117531759 497.136365329117 0
2014 1893.073305183255 274.8940297180117 0
2015 1793.364504802013 282.5206527083407 0
2016 1992.775846189136 267.1866483833189 0
2017 4801.194128903323 485.206851879595 0
2018 2885.988157848687 805.2488571620453 0
2019 5159.814496694845 606.9704248079383 0
2020 5175.156311720042 613.882710452213 0
2021 4729.634774239157 441.0642808517124 0
2022 4731.529857684993 447.1928907408087 0
2023 5077.627676020799 275.4816068570278 0
2024 5153.611103881317 171.8905730523272 0
2025 5071.62404305251 128.948098796696 0
2026 4786.819671987102 349.4655413737766 0
2027 4795.080401320334 366.4861674610736 0
2028 4776.87011948896 366.251601599312 0
2029 4810.90494904246 500.4947041541691 0
2030 4538.983653454684 607.5837633705714 0
2031 4530.00471648651 636.3007301739824 0
2032 4553.754487247652 655.0516873039991 0
2033 4523.648898108883 670.4020032754513 0
2034 4557.487995097727 689.3325370645952 0
2035 4520.483271628935 707.5780100737809 0
2036 4551.859688113758 729.8630624505693 0
2037 4514.342329822906 746.7979206698081 0
2038 4547.76295251362 768.3850228208412 0
2039 4506.592827127665 787.6451703526823 0
2040 4485.804215478321 725.1209518904291 0
2041 4582.503613168118 752.2219741515261 0
2042 4579.213655507986 790.1737979857452 0
2043 4613.483405797558 774.2641385969504 0
2044 4610.39186534188 811.942754025986 0
2045 4646.242708754919 795.9377652796695 0
2046 4646.724417020963 836.8420915008754 0
2047 4682.744817142406 815.9927694336893 0
2048 4680.408622489058 777.4280155035527 0
2049 4715.058774867007 795.1472630202397 0
2050 4717.980201199857 825.3996927467913 0
2051 4749.84953234773 811.0784476337004 0
2052 4752.438366255419 848.8938322397904 0
2053 4788.649469450723 827.5698565804494 0
2054 4578.416366154982 823.8225103453094 0
2055 4497.10827560482 644.6713683085861 0
2056 4780.808509952466 787.0453389255933 0
2057 4617.35281537081 736.0731692961533 0
2058 4712.562502260158 757.4744179695355 0
2059 5540.915186947368 879.6988568558401 0
2060 4849.419308759835 187.5747384405598 0
2061 4829.250514957359 148.0086518620251 0
2062 260.3918221385975 486.3044117708289 0
2063 4630.942894052139 384.9623510326742 0
2064 5174.017868426729 513.3314462822348 0
2065 5284.582297913652 630.3929614379018 0
2066 4633.260264630764 551.5100756909038 0
2067 4630.13541749721 568.8945504164044 0
2068 4798.798438430289 456.9570583313481 0
2069 4791.117875965662 454.3902878281391 0
2070 4792.535799824279 461.7614870741706 0
2071 4785.147059035211 459.8967557513353 0
2072 4784.554298822167 451.3677174133202 0
2073 5383.674930818619 519.0891926298926 0
2074 5070.871278339499 466.2923967292329 0
2075 5285.16701320664 530.8604839445019 0
2076 5269.54162668899 623.3168310293701 0
2077 4930.815729550058 506.5785863016009 0
2078 4907.590850802325 503.197486625434 0
2079 4468.770559751803 344.791403638484 0
2080 4440.391849986793 383.1845940924366 0
2081 4392.138010667009 388.4894302446982 0
2082 5379.672223786429 502.9767266683219 0
2083 5395.884072963913 507.5351816603228 0
2084 4041.250713148411 229.4083458403747 0
2085 4345.519653248239 661.8298096995317 0
2086 4586.787364007095 503.1726241936253 0
2087 257.8003878180125 652.5336943700275 0
2088 5188.620365889562 427.9783897319771 0
2089 4820.803847156257 704.6272170567062 0
2090 5310.629811931965 608.5183452287135 0
2091 4797.850379872111 513.6826073997127 0
2092 5279.725187736945 540.4659068446683 0
2093 5280.889238237295 547.1589682501839 0
2094 5274.666537655885 544.0321741034974 0
2095 5275.886423832853 551.1519415734629 0
2096 5270.166366364534 548.5108470773131 0
2097 5282.485437631584 553.8322108813828 0
2098 5270.294864559676 555.7127564548161 0
2099 5259.027548832746 559.697315054334 0
2100 4962.027322672224 617.9795923925881 0
2101 4934.776730559789 632.3020234237487 0
2102 5244.500737698585 550.3653893357767 0
2103 5248.2315526878 546.6054206689234 0
2104 4794.203606904247 872.6395354606831 0
2105 4833.316855989235 843.6579468853529 0
2106 4611.421611276006 482.828457859745 0
2107 4629.969727343233 482.0985998331396 0
2108 4618.48064326854 467.4078699401518 0
2109 4636.933287474581 465.4175758802258 0
2110 4625.244344914451 451.7150851798374 0
2111 4643.573757138119 448.5403647505467 0
2112 4632.004845521882 436.7781541369113 0
2113 5130.352213676075 413.4826509773889 0
2114 5110.382546717862 417.8149693736248 0
2115 5398.126321009482 729.0950517363876 0
2116 5434.880024063825 723.7061175087263 0
2117 5011.044268382253 830.5873285136612 0
2118 4955.844194850507 838.7818616868171 0
2119 4719.80351885087 364.8966743218711 0
2120 4678.583423020358 740.4619555683213 0
2121 4717.649629713875 188.6085049044926 0
2122 885.5051408878717 177.0813659107885 0
2123 9564.995549264419 765.2051823801612 0
2124 9466.71976855673 757.3701508402935 0
2125 5196.478175351821 457.4010422872151 0
2126 5290.660814091533 454.0333688074236 0
2127 5252.235630076412 430.7016231690382 0
2128 5353.221790321988 566.7540329949543 0
2129 4734.959645534188 642.6221365916756 0
2130 4646.181376778364 564.0479264144412 0
2131 4909.363257956901 616.620824440056 0
2132 5388.316997587226 535.6699268883013 0
2133 4783.132253192918 155.8591655922693 0
2134 3843.812206152253 820.4126736397814 0
2135 5248.342108331208 449.3463592514506 0
2136 5241.678472558891 446.4435222004318 0
2137 5240.72223030168 439.7583643962039 0
2138 995.7521405878902 344.2824526103648 0
2139 1038.998475996142 255.2120123100353 0
2140 4900.119520909591 369.6245114615747 0
2141 4905.012080565834 340.2116845495365 0
2142 5247.306151736354 401.6497037335471 0
2143 5241.123542673631 389.6998874429353 0
2144 5254.90989044295 410.444260783601 0
2145 4764.93472461478 586.036229263584 0
2146 9515.028246578702 243.9235464179853 0
2147 9415.169185263469 235.0803743001578 0
2148 5115.993601427466 397.4716648960388 0
2149 5093.982176574471 402.8293885059775 0
2150 5100.919115662997 379.4546209594421 0
2151 5077.668966716057 385.7758549811273 0
2152 5083.836057799203 361.5071146907147 0
2153 5077.531048743241 313.1819449947852 0
2154 4778.465393769103 457.2888330270486 0
2155 4777.586175128431 449.7648486325196 0
2156 4772.525956954455 454.1084153728241 0
2157 4770.883147616428 447.2417469025924 0
2158 4766.715436839594 451.7689792043453 0
2159 4767.931169454157 457.0952089277653 0
2160 4871.946276361511 590.5411955471425 0
2161 4782.803907786349 379.7955676797372 0
2162 4786.322581224543 538.224165636634 0
2163 228.1661144467498 755.0569716958476 0
2164 5013.453354357907 273.7871111478094 0
2165 5242.175801711489 452.6143871130644 0
2166 5236.645139233343 449.7891840860802 0
2167 4845.676652361392 399.5087199634306 0
2168 241.8942680997707 306.4148597968936 0
2169 5181.896278958706 493.3398190187721 0
2170 3952.848522543802 228.5098653885888 0
2171 5720.398964050613 208.2511754264553 0
2172 5797.465990301002 215.0712252955734 0
2173 5268.903331956443 542.6821294985486 0
2174 4823.036854742797 561.0859417066243 0
2175 5115.657088297281 463.9611521133276 0
2176 4715.329641044301 607.6603977407869 0
2177 4719.502760614938 621.8038545462625 0
2178 4706.330891851573 620.6782312368013 0
2179 5230.384552464126 434.6326474179306 0
2180 4908.70184237663 644.1226379215746 0
2181 5585.174910845317 910.8214389897976 0
2182 4481.559795074767 384.0688735025745 0
2183 4462.282909429635 417.1766076039572 0
2184 5274.743096255987 285.778602295279 0
2185 5253.450528453031 547.258017177174 0
2186 4762.671400568212 596.1763435822578 0
2187 4770.611062064136 604.1762118757173 0
2188 5069.028838868592 654.7071049014099 0
2189 4819.835329892567 801.2052924373552 0
2190 5295.929809558448 492.3896657212431 0
2191 5249.650331031377 571.2042235727513 0
2192 9752.53049564411 352.319152000241 0
2193 9713.717270067693 261.4002798043576 0
2194 4655.855744081748 591.6555303233704 0
2195 4661.159385232767 608.2620024863281 0
2196 4723.887755379736 565.3620846425231 0
2197 4724.022964221219 557.8319243362415 0
2198 4730.114412358817 553.9046234102373 0
2199 4724.198614905788 550.4683066332893 0
2200 5330.825367503764 582.2925471101727 0
2201 5342.80874799747 591.2468299692844 0
2202 4805.878807437141 397.2592390052159 0
2203 4816.948029744838 383.8258470673821 0
2204 5309.728781324779 544.7965402529617 0
2205 4680.093969847871 520.08988062652 0
2206 4686.133538559805 514.9151459241699 0
2207 4685.87161466109 507.3739973404569 0
2208 4692.456798126263 510.8249347811054 0
2209 4693.261223250569 518.7200063409753 0
2210 4693.313076059649 503.2178942684727 0
2211 4686.054747683058 499.7026951432874 0
2212 4692.373601894522 495.9345437417052 0
2213 4698.631111707463 507.7857997722652 0
2214 4685.833717805724 492.1403445092172 0
2215 4692.21419498067 488.5140484489317 0
2216 4699.011679034193 492.1500020161209 0
2217 4698.327244711317 485.5347059781135 0
2218 4692.510641192338 481.1383744155005 0
2219 4699.770371554483 478.9882923756841 0
2220 5310.192682425697 449.9945973765523 0
2221 5228.196418735316 648.2779107814667 0
2222 5240.685328787868 634.8431188517773 0
2223 5224.400163292816 630.5665271548271 0
2224 4954.74552206383 432.7349940309666 0
2225 4698.284379250565 498.4191881252823 0
2226 4860.53524479213 338.1386683299859 0
2227 5503.82535082502 714.9772540988067 0
2228 5489.947763459524 682.0444437552014 0
2229 7960.395616687487 786.5526754811806 0
2230 8057.188733292776 791.6511800910778 0
2231 8114.150336404437 715.344602808119 0
2232 4865.969864750496 627.8782095782783 0
2233 4676.458076910185 613.6538534921367 0
2234 7861.84372605619 773.2593888348141 0
2235 5083.598933305876 238.476359675097 0
2236 5268.295347062647 759.6152858119433 0
2237 9794.429910270981 442.0539050481204 0
2238 4471.102870885679 59.90830395009334 0
2239 4207.614171336039 822.1102695443009 0
2240 5107.469659936391 435.6704156252588 0
2241 5077.669440458467 444.8165957473735 0
2242 4698.83586309057 860.6217409711089 0
2243 5388.613612702779 839.1008552337347 0
2244 5436.712019186875 835.4829717799466 0
2245 5371.775803630972 587.1964028034261 0
2246 5295.700778903403 379.5876341191884 0
2247 5300.99886278762 392.3978816607219 0
2248 5143.104657609693 539.2499790783054 0
2249 5142.224490003653 552.9346323713012 0
2250 5129.487771443326 546.0927181104285 0
2251 5128.695120328844 561.3622534028036 0
2252 5143.935068821121 583.5292434793971 0
2253 4729.401020640155 547.0843946525467 0
2254 4724.182755263753 543.7546402532507 0
2255 4718.516687200721 547.0908819003484 0
2256 4719.176705845105 540.0061734126265 0
2257 4713.242317168284 543.4554341704576 0
2258 4713.650829397205 537.3617625571815 0
2259 4707.8289256697 540.1073390456672 0
2260 4709.035357345389 532.7191501036239 0
2261 4701.713665045379 536.482893457616 0
2262 4701.627326934461 543.7100100722164 0
2263 4695.028533045927 540.1641051621498 0
2264 4702.866329635845 529.2712594535825 0
2265 4708.669674439059 526.0707142128321 0
2266 4703.954804040061 522.9698570620546 0
2267 4718.493393927188 534.7988458216727 0
2268 4708.854139639855 520.8691693973933 0
2269 4705.199906342556 518.0804168983545 0
2270 6904.651348164822 771.1471976348764 0
2271 5818.04877597004 294.7938129333411 0
2272 5878.756842483989 230.0306885390889 0
2273 5843.085378997685 146.7950780935079 0
2274 5264.341202351477 546.2101823141859 0
2275 5184.465920204092 360.9182787014125 0
2276 5366.643649485167 880.9070741958682 0
2277 4833.191182900792 428.8248451875922 0
2278 5114.873588184993 553.3303127534166 0
2279 4788.358682411496 631.3672404998608 0
2280 5064.941099364407 536.441060414441 0
2281 4828.358121734245 531.7148072189818 0
2282 4894.341590198244 463.9367115470839 0
2283 5118.030389880033 227.2531108599956 0
2284 1836.774288679721 195.3536861650223 0
2285 5782.375219801885 638.9247658718936 0
2286 5800.107883791771 712.2845612046483 0
2287 4767.902490028878 351.4196323259077 0
2288 4760.028900903649 366.8443077161539 0
2289 5297.024863123926 497.4679891665662 0
2290 4755.391195180584 550.7297679468954 0
2291 4762.043621071588 551.5881536633958 0
2292 4693.623294905637 474.0303921376519 0
2293 4700.209184227046 470.9452459072393 0
2294 4705.252329030813 475.7768377612349 0
2295 4707.540938051345 469.3519810205719 0
2296 4701.62896692427 464.4646076307286 0
2297 4708.475629302045 461.7108465355487 0
2298 4713.690732983518 466.2543771415367 0
2299 4715.342336136997 459.7823820203721 0
2300 4710.897335903204 454.9667822083305 0
2301 4717.242076358462 453.2174809579419 0
2302 4918.116973945212 361.5880117573524 0
2303 4799.124641426502 506.7392712310643 0
2304 4799.450230225561 500.2767581672364 0
2305 4804.639174456356 497.0740707261515 0
2306 5276.934020958181 459.3831841763019 0
2307 5272.555822946014 454.9392000174772 0
2308 5283.068347171584 462.7771522048074 0
2309 4751.056740881326 353.2856330856209 0
2310 5391.771485250318 491.2145878851562 0
2311 5408.087525460124 492.4873036327692 0
2312 4921.764501308226 488.1823680677916 0
2313 9510.84586552602 841.2054209961552 0
2314 8063.641517631961 189.6247127003835 0
2315 4859.400255584763 812.4083027419 0
2316 4873.735137338987 852.8514766897783 0
2317 4794.299065584225 508.053883921212 0
2318 5519.424059887599 441.6623756177876 0
2319 5550.557835418555 413.4461096470195 0
2320 5515.297018285808 403.2102400770642 0
2321 4728.42902987581 540.8631801188316 0
2322 5201.341942256438 496.1590243364786 0
2323 5562.140999059369 644.4365951660903 0
2324 5279.985894708761 535.6157881035176 0
2325 5153.839573276297 131.4851805775169 0
2326 5277.199483017176 464.7661731605901 0
2327 374.1045001328339 222.5993551801076 0
2328 475.1367784438899 196.059595552025 0
2329 5413.647958218763 695.9824594107062 0
2330 4799.627694306767 494.4254511455505 0
2331 5258.516623682659 426.2642919828505 0
2332 4635.246102161409 413.3636719950491 0
2333 5250.364815255265 421.0050974303564 0
2334 5260.394834754085 167.7795079650343 0
2335 5277.865273203347 120.8864756203216 0
2336 5241.522028427698 87.50051809141667 0
2337 5200.769866196827 527.7087185272615 0
2338 5206.644374606303 526.1754578620536 0
2339 4744.263479440835 368.2181897457435 0
2340 9775.214836380383 608.8973398062185 0
2341 5507.866999284878 346.3400752373955 0
2342 4757.717156418637 449.5668456355638 0
2343 4763.675486155572 445.7817179086284 0
2344 4769.118484914913 440.4131380429749 0
2345 4752.545111972629 452.9145221690735 0
2346 4746.723112285454 451.5882712936879 0
2347 4955.383984677163 511.7338227469215 0
2348 5250.075010333824 287.5485630670151 0
2349 4698.55024770397 513.6318627741132 0
2350 4753.411965552722 901.4257007135359 0
2351 5202.732514625528 511.543226157176 0
2352 5201.093957819386 505.8700197492913 0
2353 5291.923132901949 560.7695914847976 0
2354 5283.50522794976 565.3266659567546 0
2355 5290.916263577969 552.9491213171889 0
2356 4935.341480929259 664.0942871785586 0
2357 5270.634506533354 640.6273353533277 0
2358 4685.700060701981 543.1799212296962 0
2359 4323.117046152985 176.9054211336649 0
2360 5212.733431419853 568.5256957688066 0
2361 4768.695045784251 569.7077374672047 0
2362 4705.68533274033 481.2193710550902 0
2363 4880.150192563405 457.0525231009926 0
2364 4686.925950042267 476.1231958989394 0
2365 8811.316386562712 777.2464408456036 0
2366 8911.988454787333 786.9116152139399 0
2367 8711.68229103428 768.6536323421761 0
2368 9819.208036563679 275.8638575516576 0
2369 9772.404824412793 178.3127102464535 0
2370 4740.283404395229 451.2363434385467 0
2371 5511.278530870024 649.6882505586711 0
2372 4716.838253089174 646.5815074568209 0
2373 7098.87160943053 790.1082535076283 0
2374 4780.006154378548 463.2093109594016 0
2375 5116.193819598985 567.6411873137487 0
2376 4749.736686851805 548.8646195736176 0
2377 4772.565521084302 334.5509376821081 0
2378 4937.219103239748 933.1462122366841 0
2379 5068.573334565136 927.7257865214233 0
2380 5247.080336197401 455.2875323333103 0
2381 5296.981463511733 542.9922655761043 0
2382 5189.29101570699 602.5159954785663 0
2383 5625.313075616591 506.521545848756 0
2384 4689.120338160716 600.1655690933967 0
2385 4673.3340409243 252.9722890725964 0
2386 5289.725339391634 527.9543289567125 0
2387 5293.276918327992 524.2559755321938 0
2388 5498.338125035521 474.1373513541951 0
2389 4524.914194166126 565.0698328729382 0
2390 4816.913232790215 572.9419820461796 0
2391 4714.61319316864 532.7678717644857 0
2392 4720.903320760594 432.6041722772342 0
2393 2802.103293136097 206.4680032058349 0
2394 2693.088388689695 219.1146319592239 0
2395 4611.806568529777 589.0228649141081 0
2396 4488.944287881759 303.7457354097826 0
2397 4509.18026319946 336.2275233063466 0
2398 4719.22738583972 464.2071450860914 0
2399 4718.454400119762 469.6350021263525 0
2400 4641.107578993298 887.3739137334267 0
2401 4813.287202980728 489.7249890781972 0
2402 5208.608155786211 520.7208848874307 0
2403 4913.340824654044 407.3094861362542 0
2404 4794.454463104369 497.3909476651115 0
2405 4679.431375577235 496.0025462021646 0
2406 4709.75144098218 479.3334269894513 0
2407 5161.671674046034 623.3741608208353 0
2408 5175.42499200023 627.9090354480518 0
2409 4724.274577103276 446.1898490050833 0
2410 5263.873108158652 540.5303592885792 0
2411 879.2935763631094 781.7518747903432 0
2412 780.9676289465979 791.4209463356021 0
2413 978.965232580993 774.550946973508 0
2414 4649.791201766051 431.6691572081107 0
2415 5235.455181720432 618.6361401790366 0
2416 5220.232955824858 613.4108813407283 0
2417 5192.606182911019 439.4920769734466 0
2418 3944.468540276165 823.0292603732188 0
2419 5228.073408104176 392.2096440169578 0
2420 5194.41915591742 528.470983288803 0
2421 4807.965329742658 101.7892467474837 0
2422 4807.550485413525 459.9788047867305 0
2423 4679.314899967376 488.5537808120135 0
2424 5302.866644434505 281.98376116968 0
2425 5286.461438215773 256.238826162266 0
2426 5331.419537779167 282.5123251230777 0
2427 5293.966560469267 227.75998300704 0
2428 4776.07899789465 443.084495955811 0
2429 5394.562052691894 554.9020962938946 0
2430 5610.88071463595 452.3081987639422 0
2431 5387.545870795815 58.69916359385604 0
2432 5417.451181302414 106.6004290516315 0
2433 5482.350586478659 115.3179379651195 0
2434 4612.444420831238 58.65362421099275 0
2435 5289.270569366668 460.4970794075875 0
2436 4613.606256366465 436.0019680684911 0
2437 4792.011106707004 514.1152733542216 0
2438 4795.015819561439 517.8713135640763 0
2439 5375.550753815234 545.7640403208773 0
2440 5651.17490928184 869.4779112855483 0
2441 5744.146309563125 843.370831583136 0
2442 5474.521568772524 644.8857506832147 0
2443 4895.284394625426 518.0885088558495 0
2444 4888.625867586096 500.183675800165 0
2445 4703.25198800476 510.5628898740487 0
2446 4703.827269792759 505.420291645278 0
2447 4762.745300832824 455.7168681217974 0
2448 5426.361002768892 325.4074707766702 0
2449 4815.681375066541 454.8346883574876 0
2450 2995.583847991433 811.1947768675482 0
2451 4836.946297009635 351.4317332198201 0
2452 4713.093668454486 522.6620173693894 0
2453 4703.734115994745 488.5128876468623 0
2454 5607.648432649326 361.1970209955426 0
2455 5276.361262185997 404.3968184816427 0
2456 7041.563612687929 860.9751898301761 0
2457 4787.031216194248 466.4917331931109 0
2458 5321.776809604045 476.1076884378094 0
2459 4660.572035974429 350.0661725244992 0
2460 5325.804609854816 525.0119152156885 0
2461 5318.6856655999 644.744312079259 0
2462 5346.332235387044 374.6551655683237 0
2463 5354.721794043789 394.859816149852 0
2464 5334.697467856686 391.6735144105195 0
2465 5341.894663025369 408.7460555971737 0
2466 5359.492779775597 413.1806996546566 0
2467 5379.628397165648 401.47509593245 0
2468 5324.427183756258 407.7033455292731 0
2469 5347.712984502297 423.5510708536443 0
2470 4749.61847561281 422.4833146972322 0
2471 5034.363158408881 387.6761926799503 0
2472 4792.523425935476 436.8464950077351 0
2473 4753.997389881832 545.3998892066624 0
2474 4773.523736510227 459.4553162707293 0
2475 4467.93963612239 928.4541379086013 0
2476 4501.329432778311 880.6437134267076 0
2477 4445.34590706824 857.3010523626103 0
2478 5208.413013558683 502.7842121908082 0
2479 5207.486443067098 497.0966879887216 0
2480 5231.455129285312 537.2292758858049 0
2481 5226.934203134803 539.6791349269333 0
2482 5231.444023630092 542.2585978503188 0
2483 5226.975250686146 544.6349863620229 0
2484 5231.187152806797 547.371269724562 0
2485 5235.578556974193 545.0293366822357 0
2486 5235.422743739288 550.0270232854836 0
2487 5222.746833999935 542.0195938204682 0
2488 4789.449580175887 486.2936642549694 0
2489 4792.287633502235 482.1480613472752 0
2490 4790.056938045756 477.2638361959275 0
2491 5222.36178460819 468.8256969058676 0
2492 5217.53766062764 467.5376606276407 0
2493 5221.275907824355 464.0295628539161 0
2494 5224.976647895995 460.4190441246801 0
2495 5229.435471604314 461.6842375083165 0
2496 5228.263874108406 456.627795953704 0
2497 5214.144993431357 471.2504995239405 0
2498 5216.354764048448 463.0824817972968 0
2499 4769.031798520613 537.3621653215386 0
2500 4773.597110760078 539.4787859322603 0
2501 4777.653542942156 536.8078112036343 0
2502 4764.529272114474 539.7247406153926 0
2503 4762.412039786679 545.0835979647243 0
2504 5290.88880262664 508.2306831281944 0
2505 5294.493702637968 511.834213527252 0
2506 5292.932344418375 516.517812784022 0
2507 5296.041885927172 507.173851613887 0
2508 4708.922338430027 491.2638075303504 0
2509 4731.270236531022 462.7925901452235 0
2510 4726.744535941316 460.4041106865616 0
2511 4730.631848741925 457.6061611274459 0
2512 4726.283118245141 455.5793898947799 0
2513 4784.696216757059 523.2079345146531 0
2514 4786.578063740912 527.9603905053258 0
2515 4790.071447008136 524.286470578654 0
2516 5210.700286047718 486.7140491717851 0
2517 5263.263473086252 460.5367776654897 0
2518 5258.128978174678 459.1328669918141 0
2519 5261.457445377841 455.5517244023115 0
2520 5255.992285269445 454.4840745199874 0
2521 5259.781928947493 450.8229222931011 0
2522 5284.264524471478 476.2968957053291 0
2523 5287.488439387707 480.409908693146 0
2524 5292.641999297811 482.1228714350745 0
2525 4736.433549443876 460.1903882257751 0
2526 4735.415410738108 454.7485124555342 0
2527 5287.370684850168 518.4291823015186 0
2528 5218.672513722412 527.4734681101733 0
2529 5214.241096690399 528.4589531151562 0
2530 4741.94381968331 540.6200702007653 0
2531 4738.674274356117 544.5862132607378 0
2532 5222.131549499355 531.98897900674 0
2533 4376.525306417325 918.9178810333506 0
2534 4374.824000313007 846.1702837546673 0
2535 4414.017336573103 792.9161579727537 0
2536 4039.816934132662 675.2570083279038 0
2537 4087.988322450043 604.0412390508022 0
2538 4746.963223052372 458.8437649061983 0
2539 5214.773780265884 476.8537965276496 0
2540 4769.854505631557 542.1553092287581 0
2541 5264.599341436007 452.040396689409 0
2542 4394.698267858446 78.66421836635453 0
2543 4663.880445721946 625.6861642006888 0
2544 5209.552740196995 474.0011304123612 0
2545 5468.816945192139 330.5050029003573 0
2546 5153.676625712362 360.9680840849514 0
2547 5485.491099178718 875.0111672021226 0
2548 4702.581205042043 496.0743711061268 0
2549 4563.224924925859 320.4684670062224 0
2550 5588.680667000337 569.9492692960893 0
2551 5326.250031436552 597.1271149160132 0
2552 5303.098693627674 454.3085495775807 0
2553 4713.051491461869 550.6365071840652 0
2554 5179.537783085474 520.9536357264113 0
2555 5527.408583486602 64.19899310591586 0
2556 5546.848301670268 127.8221431367874 0
2557 8007.184974507914 877.9239496171335 0
2558 4584.856089037053 526.2523451747888 0
2559 4897.612389781711 483.5369851881873 0
2560 4822.961500279243 500.9087930384081 0
2561 4829.177853408143 506.133059354971 0
2562 4899.233674927075 536.318381431502 0
2563 4881.030239140136 558.1390807812044 0
2564 4127.533567311255 826.9609393921971 0
2565 4883.080544679045 330.5800326728475 0
2566 5242.327305858511 458.55078348953 0
2567 4695.921945387056 532.4433036123102 0
2568 4777.316626471434 467.8515731433185 0
2569 4834.072643675591 636.4827481955824 0
2570 1737.129547707077 203.9996660277653 0
2571 1693.713786029579 290.8945649046415 0
2572 1637.559336975282 213.4244168052768 0
2573 5197.941599726269 430.0949844969603 0
2574 5193.043846348341 449.3698042909717 0
2575 4734.781867495903 549.0904915578536 0
2576 5047.788930525112 251.1947575487874 0
2577 4697.773619383765 524.8857301605409 0
2578 4690.139336977369 527.3186212604502 0
2579 4681.454646061505 468.8397969719041 0
2580 8162.929777136984 201.8502159023982 0
2581 8204.715208582274 290.5113508387652 0
2582 8262.22347649006 214.0185706838873 0
2583 4815.901725164485 464.8808584078772 0
2584 5291.910523704291 478.056464592796 0
2585 7109.801545141519 183.2210286864847 0
2586 7220.378052334885 203.4685332738661 0
2587 5207.585909622827 482.4315085300568 0
2588 5616.76844558043 80.54744998212067 0
2589 5036.57358924739 885.2512787383777 0
2590 5094.396796104186 883.1655026544672 0
2591 2785.288796992475 813.9192183545275 0
2592 2731.299710498848 730.5219748429892 0
2593 4733.924454254694 357.5564929201006 0
2594 4642.38730877977 579.7742529005883 0
2595 5473.712874633381 366.127336458844 0
2596 482.7533116091636 819.4847643629191 0
2597 582.0861757002003 809.7093917418684 0
2598 639.2691156648571 903.908112063752 0
2599 4175.315619630593 901.3712187537556 0
2600 5314.506766628114 516.558284402994 0
2601 5313.195843248892 509.1624944232552 0
2602 5322.967395339225 503.304861626571 0
2603 4755.435612327763 434.8590533441845 0
2604 4585.869601889994 105.5769297584518 0
2605 4768.465122914248 462.5261929602385 0
2606 4171.365548040458 448.7078542373876 0
2607 5267.206630335197 456.8954775470062 0
2608 4296.310861758392 359.7894894160472 0
2609 5362.879166025906 480.8905956823749 0
2610 5340.466084652835 609.1630599766129 0
2611 5356.732023000883 599.4292213172778 0
2612 4695.531481311005 454.6799269224238 0
2613 5390.634947164252 940.1988250230463 0
2614 5394.480434158304 463.0182981078252 0
2615 5236.545376152239 539.9546637715374 0
2616 5088.125153812541 201.3541922458517 0
2617 4708.542519155352 508.6932024704884 0
2618 5093.3826809003 46.99376406904827 0
2619 5206.054566130686 487.9746584829097 0
2620 5222.885798858464 448.3963489094753 0
2621 5230.181918337843 447.0173316957631 0
2622 4784.78444493379 476.1056923137515 0
2623 4788.711307734607 472.0575604915369 0
2624 4793.395897291256 468.6888185702002 0
2625 4778.098588279849 531.7209803969955 0
2626 4783.727128681366 532.1472804078588 0
2627 4706.126492789596 444.7929552670059 0
2628 4800.869588825137 465.5282998908002 0
2629 4794.713415147774 487.5410426349502 0
2630 5286.25963330628 471.4077865076222 0
2631 5281.302473686473 527.6498582226072 0
2632 5210.543535547735 513.3936648980134 0
2633 5252.680727044137 541.9009882488065 0
2634 5237.214895329749 455.4543924478612 0
2635 5232.534020557276 453.2522426393533 0
2636 5192.373227303696 538.6157670862785 0
2637 4850.873784980358 310.9279624051875 0
2638 4583.194419558814 294.6365917343836 0
2639 6162.630167355826 618.0085444580097 0
2640 6101.326103432517 698.9967806935913 0
2641 6199.810211589282 713.7103125795982 0
2642 5994.855441359704 674.3276729868488 0
2643 6040.099949761132 774.7442957352796 0
2644 5944.455140566906 762.9163379328776 0
2645 5988.484217687454 852.6817293111991 0
2646 5914.997917498789 687.3392077455901 0
2647 5222.899426794019 571.6426196482377 0
2648 5239.705868784903 554.3170792383501 0
2649 5450.071644934354 677.8809666498615 0
2650 5418.181468387534 658.4836856716307 0
2651 4608.145878099216 940.9797332002543 0
2652 4590.004822852881 893.2022326418921 0
2653 5377.057312094094 436.9315246097706 0
2654 2833.051878449803 901.710186633203 0
2655 4027.175101505065 77.84049861259973 0
2656 5275.098693750232 539.5013618975594 0
2657 5795.416752946512 916.2441064577567 0
2658 5846.328285502075 839.88850569551 0
2659 4722.389382635275 531.3369037875138 0
2660 5461.383322095049 760.6673349009277 0
2661 4680.653798108225 631.6219663434051 0
2662 5317.677173087004 883.897017792568 0
2663 4814.807638674481 759.5812530028259 0
2664 4775.137022943062 753.8775590624552 0
2665 4787.783287924315 443.6903395302412 0
2666 4713.851495736882 471.8582806644288 0
2667 5313.803963497753 305.6085619150917 0
2668 8154.483732062549 805.6356184582303 0
2669 4871.040138517706 219.1772313450514 0
2670 4887.100422417075 185.7730237319516 0
2671 5407.847900563535 445.0021341925732 0
2672 5219.931257655101 557.741208263259 0
2673 4753.720006133687 588.2034949030731 0
2674 5314.464500793621 494.1271496176101 0
2675 5300.192121534868 511.307060673602 0
2676 5233.533639187996 376.6249836685433 0
2677 4275.712761006007 423.9608701995101 0
2678 4343.352804176984 409.2965755527206 0
2679 4370.483697139271 449.6326927723607 0
2680 8812.808768095147 174.587337029201 0
2681 5070.2406929134 410.0621896997689 0
2682 4592.691944845232 437.4999374433426 0
2683 4900.522568808761 672.9469131631595 0
2684 4206.410546232715 78.47506515388699 0
2685 4164.536019156812 152.9795560867047 0
2686 4759.405868716426 606.6259298873752 0
2687 4768.024516431752 613.5626228476541 0
2688 4755.768595558136 619.238970557878 0
2689 4780.325614207517 612.8066583794794 0
2690 4906.781949386302 591.3402426488447 0
2691 8755.977067575668 857.0306945379873 0
2692 4995.884157030795 633.7077434116973 0
2693 4744.617456564296 545.8291829445703 0
2694 4843.373418660437 417.1792427045591 0
2695 7274.361529616346 99.95846901842452 0
2696 7338.177774146916 198.013224909304 0
2697 7441.420871142909 162.3117121656387 0
2698 7425.456417860103 242.195009299652 0
2699 7512.406241233883 224.7997379064408 0
2700 7524.337595129808 147.4505899907697 0
2701 7610.651237084481 182.9947130720636 0
2702 7571.706291789409 310.0832316315135 0
2703 7685.104983266871 270.7079639441924 0
2704 7651.937826136203 370.4513363819613 0
2705 7283.97522245554 271.0825093349343 0
2706 5294.419936606523 487.2173643476378 0
2707 5255.51650102152 327.7806616056479 0
2708 5147.944834147717 451.8947154273061 0
2709 4786.389599470969 257.1153281178477 0
2710 5035.700731862965 701.021635580629 0
2711 5222.748897903081 537.3422222695862 0
2712 4516.850845930911 117.5048790755185 0
2713 5248.03297192477 207.604286661579 0
2714 4795.237059850089 528.614074785212 0
2715 5145.059105825108 599.8574561068758 0
2716 5927.581198258551 164.0973968106347 0
2717 5960.387198257314 253.8518126348615 0
2718 6019.694699264201 183.2854487347435 0
2719 6091.718482439089 93.31101590220823 0
2720 6115.779483164563 193.8540661735641 0
2721 6049.769458753827 279.3451624186065 0
2722 5121.545529158272 479.9906321662788 0
2723 6185.756603329271 136.1580004440738 0
2724 6265.07510159135 185.4654360728343 0
2725 6352.506716892211 156.7471015688104 0
2726 6338.562861351991 249.458867321891 0
2727 6438.95238444932 218.7795335307737 0
2728 6254.705595672207 275.5076033389602 0
2729 5170.108998314977 347.9583771594711 0
2730 4724.200475977757 538.8759238513676 0
2731 4457.608579438331 482.4831590364815 0
2732 4492.241269417231 482.1513130552889 0
2733 5272.731497086508 448.49038288204 0
2734 4763.623781296678 460.6250761080376 0
2735 5121.024794783981 446.9044379988727 0
2736 5583.509347900625 526.2942419654328 0
2737 4449.773258498415 583.7738022036403 0
2738 4441.792075580269 628.4573473609144 0
2739 4396.856181270165 644.436499004634 0
2740 4428.57281712073 676.3426129902772 0
2741 5289.782822811112 405.98013557877 0
2742 4694.826199197 547.8988671968581 0
2743 4701.915237474789 551.4084024154165 0
2744 937.8157417682478 861.1595650128339 0
2745 284.5851913868592 832.9667459891958 0
2746 5252.234333851726 620.0581571306029 0
2747 5231.799897484222 607.360007738374 0
2748 4826.444777144448 470.1095915497345 0
2749 5610.206205474107 148.2044139248 0
2750 4787.568028981227 47.40242320268408 0
2751 4760.113030515889 99.47638873760866 0
2752 4789.989130787608 953.0676022392687 0
2753 5205.692567484699 952.2214391002174 0
2754 3965.781898297701 543.8089882263166 0
2755 5230.45631790846 552.1575452735555 0
2756 3906.572663002031 911.7801085688202 0
2757 5247.038801555743 541.4125219834383 0
2758 4823.677011735896 367.667624007801 0
2759 4693.573649304218 219.2259141346319 0
2760 5216.804971763062 532.6030533774117 0
2761 4708.225769618823 502.7417378976683 0
2762 5212.836547859489 533.2050165943381 0
2763 4822.515654238701 524.878222681228 0
2764 2684.646266753187 818.5047801598414 0
2765 2632.281015703893 905.5204703633365 0
2766 2586.762112408514 813.4115004394474 0
2767 4357.401090924121 348.2869013166524 0
2768 4763.502521686345 559.8844657052497 0
2769 4825.780882404328 459.26843622873 0
2770 5313.95961340918 487.0535573720317 0
2771 5173.679486177071 557.5825817806412 0
2772 5239.812376325981 547.7646999455845 0
2773 5147.030059797964 410.1672597320517 0
2774 5339.115041760875 309.0424378395664 0
2775 4685.937788097365 484.3090098624359 0
2776 5306.647393661749 763.3248015103378 0
2777 5327.042647489999 734.436670771652 0
2778 5436.561892584768 513.5132335782188 0
2779 5162.157283638566 499.2050032970479 0
2780 5173.190096868831 497.419140196839 0
2781 5058.584870208437 370.5279452053345 0
2782 5197.892620868117 420.3753152373556 0
2783 4909.31394935943 222.2427838181878 0
2784 754.177341166419 894.6376077193588 0
2785 5145.886474987025 616.3514647206443 0
2786 5655.312703057723 215.1460155221963 0
2787 5400.374809087506 523.8553630371805 0
2788 4601.285228090423 181.5841799745734 0
2789 5054.930110030182 217.305461634877 0
2790 4623.892500050475 421.9975932238809 0
2791 9827.964317761231 698.6460673305165 0
2792 9760.237485433112 779.0775433179467 0
2793 5268.429182301517 537.3706848501681 0
2794 4858.430543842422 579.9607886629626 0
2795 5809.938886722506 566.2968003026971 0
2796 5203.298426125492 562.8586122675947 0
2797 5246.151849746719 435.1261940435949 0
2798 5238.434100010812 432.2836000068584 0
2799 3757.945404847747 391.1547372061439 0
2800 3701.556326457116 308.316296623935 0
2801 3601.497785072534 316.0050107886137 0
2802 3643.390119025169 228.2668515797129 0
2803 3542.047705527485 235.7424244717744 0
2804 3745.833283211985 218.9505783913149 0
2805 3800.178187265235 302.1286872449099 0
2806 3848.159567242935 223.4060217986381 0
2807 3793.651124938548 147.0575148519283 0
2808 6261.345309591841 630.4603703283524 0
2809 6300.03339945468 724.7133550318869 0
2810 6401.568961668796 732.3142412920081 0
2811 6339.726244486856 816.9415566453619 0
2812 6236.943322587986 805.6427844133057 0
2813 6164.930901508107 896.1574630982826 0
2814 683.8953854621368 804.9469831549538 0
2815 4090.490282339192 453.6461781679055 0
2816 4144.095072820794 533.409716165197 0
2817 4424.744975897418 418.9644696367507 0
2818 6462.292975162196 651.9376543752001 0
2819 6502.967243623609 740.7938705297962 0
2820 6603.724074192984 748.5302960199625 0
2821 6543.736990827197 830.5148970876762 0
2822 5756.389291009701 142.9601448816134 0
2823 5190.815727073114 623.6013475361385 0
2824 5204.57831543249 610.3310111503811 0
2825 5191.249650602942 755.8895263657614 0
2826 4699.621214725092 637.0010059608373 0
2827 5229.146863734682 758.2760243673788 0
2828 6661.885264226563 668.3383046899022 0
2829 6703.460693958325 755.3922465672263 0
2830 6803.979422899066 761.184051426173 0
2831 4585.150778388735 715.1890312627662 0
2832 3501.22761327052 324.1556579756891 0
2833 3444.792434519953 241.8540670699012 0
2834 3484.118656059551 154.8310664386452 0
2835 4648.64785372198 619.6449089176149 0
2836 2531.21767687426 900.3568729222727 0
2837 2484.387270439248 815.9447036008764 0
2838 2382.142368344929 825.5026756401425 0
2839 3727.877474511964 653.7274380051214 0
2840 3684.643787583826 743.0218868323889 0
2841 3584.782068213371 749.183638926403 0
2842 3647.029012569975 830.1096287035825 0
2843 5195.160965482425 590.0348566841791 0
2844 5021.564479639 737.6126914561535 0
2845 5057.980682202708 761.5665408239563 0
2846 5094.003746309499 778.531097388641 0
2847 5060.414880459803 806.4703351281803 0
2848 6438.008595117697 382.836857638786 0
2849 6495.99516794737 301.364234903466 0
2850 6595.543564844687 310.859079454243 0
2851 6550.952936824586 229.4248532824664 0
2852 6657.607693992754 234.7269363137514 0
2853 6695.774994733368 321.2158255989568 0
2854 6756.063984974888 241.4489830660766 0
2855 3558.207758074474 406.298187952092 0
2856 5215.137263322658 600.7479392541258 0
2857 3358.80705895214 421.7522146695899 0
2858 3302.26249400898 339.2737808240756 0
2859 3202.561215852772 347.0015784505481 0
2860 3245.807853940765 257.934944163035 0
2861 3146.033149161341 264.7119393792398 0
2862 3187.630836355143 175.4113634788765 0
2863 3083.072085869273 181.0776365113435 0
2864 3025.265873511427 90.13468392597446 0
2865 2967.63764359886 185.2401047568131 0
2866 3345.684155320654 250.5944721703362 0
2867 3401.882020469063 331.9411609185611 0
2868 3329.031222395528 684.6479561743698 0
2869 3385.279865171113 763.349075983248 0
2870 3285.125108293008 770.2537396750381 0
2871 3229.20561639106 691.6088558078186 0
2872 3185.620537861712 781.4941795842685 0
2873 3159.402950877201 437.2089795125646 0
2874 5255.728963362933 607.7190801576485 0
2875 6894.190294027482 339.3249778339057 0
2876 6861.459955335222 683.789849910485 0
2877 7159.487790225525 711.9036026329985 0
2878 7194.354288505159 810.663609069702 0
2879 7270.486911172874 881.1353589832818 0
2880 7353.741125965711 815.6472845132411 0
2881 7439.511584045356 840.4318604960704 0
2882 7254.173847546421 718.7319841589182 0
2883 5273.577869451186 595.5888721668861 0
2884 5274.518896505976 606.7110955976195 0
2885 3003.159199450502 362.4567683220291 0
2886 8304.215132378748 300.5134920892502 0
2887 8359.225268978596 220.4815192774643 0
2888 8316.070120743241 125.9997858288137 0
2889 8403.332014723648 309.575849126571 0
2890 8458.034486730574 231.9483951936001 0
2891 8502.892635903074 319.0783018017532 0
2892 8560.426754707525 240.4068107150681 0
2893 8602.711704614665 328.6272222279848 0
2894 8445.252256694012 400.1527506403808 0
2895 8968.601626998912 709.841584682983 0
2896 9009.895158501233 801.673768856573 0
2897 9067.495929979163 719.7487145085806 0
2898 9111.908516224848 812.0090732338676 0
2899 9160.101581254838 903.3576031533113 0
2900 9211.990288117877 820.7059840293218 0
2901 8941.766303028071 894.1859103970029 0
2902 275.810326092118 223.0932623384585 0
2903 184.8041367957685 398.7333283573997 0
2904 7118.359249900446 621.4980949486126 0
2905 4653.729838021942 532.8523672015903 0
2906 4644.201227442563 540.9809255450117 0
2907 4657.437331404459 555.2313003673389 0
2908 4659.736670354826 565.2257371451676 0
2909 9424.616926557748 667.0342520995202 0
2910 9367.758238420145 747.6077010143116 0
2911 3031.397253730258 710.0238020262162 0
2912 9736.259038421542 521.0691296497072 0
2913 1976.375767835973 702.6269974332467 0
2914 1876.674791673928 710.3545683540356 0
2915 2032.590726796504 780.8774967779874 0
2916 2129.956795343647 775.4265463949124 0
2917 2081.519120248337 851.4053285082414 0
2918 1929.908612839106 804.3820586231845 0
2919 1833.51657631986 800.5619319528681 0
2920 1776.973815511884 718.0821392748229 0
2921 1738.235388728363 812.5631245607514 0
2922 1790.358360965779 890.7692955516975 0
2923 1677.996341160101 726.3525823877187 0
2924 9639.472130306118 513.3373088332629 0
2925 5354.651093888232 504.9622416001532 0
2926 5365.766349818467 497.1606040080737 0
2927 5350.670770371087 481.784272468288 0
2928 987.9493772029791 172.195800349767 0
2929 6935.761153009631 430.2397040204714 0
2930 9200.257753163463 384.8259758270278 0
2931 9258.240250985124 303.3518698402468 0
2932 9158.690356539018 293.874606745201 0
2933 9221.333814600415 215.7175560813346 0
2934 9124.819564528949 187.9968892598493 0
2935 9060.423229528657 281.9096189162142 0
2936 8660.625483873395 248.3581219476788 0
2937 8612.553347040357 163.3644355077226 0
2938 2274.283510175798 677.2798440287877 0
2939 4691.683047168241 422.3127283723998 0
2940 4681.30049203273 419.9634927363867 0
2941 4672.600818439731 426.2563286064964 0
2942 4670.761733606302 412.0119716414075 0
2943 4691.316897338168 408.2769815592583 0
2944 8926.806009439861 619.6242281747158 0
2945 1820.132030865956 627.8747756759892 0
2946 4674.719065209496 437.1306964746573 0
2947 4651.400815401597 470.2791677222043 0
2948 2404.953342384333 408.8221938743691 0
2949 2348.410581576341 326.3424011963428 0
2950 2448.111557738388 318.6148302755512 0
2951 2248.709605414293 334.0699721171407 0
2952 2291.867820768363 243.8626085183076 0
2953 2192.283577870096 253.0962698351783 0
2954 2220.242602205189 164.6303183529447 0
2955 2335.026036122429 153.655244919477 0
2956 2504.654318546432 401.0946229535407 0
2957 2547.812533900502 310.8872593547189 0
2958 2491.550134943824 232.0246900636337 0
2959 9316.222748806755 221.8777638533421 0
2960 9283.723580899055 137.4576035769729 0
2961 4644.394764958773 488.2251800525846 0
2962 5390.064568959084 658.2179270791413 0
2963 5440.971649381301 604.1679747086305 0
2964 8146.769158123161 371.6031048815673 0
2965 1221.926173893694 674.2402012006823 0
2966 1278.2402220936 753.7691480672453 0
2967 1378.011515263266 746.9488058698055 0
2968 1335.011695509629 839.1997865567701 0
2969 1178.501127163545 761.0049113527801 0
2970 5314.973958587139 709.694218620652 0
2971 5296.374297161574 732.4512366973499 0
2972 4663.562501404061 433.8903515664135 0
2973 1095.469796808253 336.7700874914274 0
2974 1138.73808455173 247.9828758115215 0
2975 9001.371758844125 365.4568288466463 0
2976 9614.577355609556 252.4436422528053 0
2977 9578.310741930294 166.178637773749 0
2978 4657.24070845333 451.9941857132641 0
2979 497.2502498515996 382.9588850924615 0
2980 7816.15397690978 686.8422300593033 0
2981 7758.634628887309 764.7043807989686 0
2982 7660.77787221867 755.3471789821787 0
2983 7712.201177229497 841.1930787218366 0
2984 4649.383668304322 510.8048383236663 0
2985 4640.328386757084 507.5334825184506 0
2986 2960.000984196373 452.6641318198714 0
2987 538.9536442133649 290.3828326163672 0
2988 582.8865585603589 200.267335233195 0
2989 639.917219760855 284.4911459452082 0
2990 683.670509548414 193.8593060365862 0
2991 624.6749043461632 94.93571708113188 0
2992 788.1737266791442 182.6727023174165 0
2993 8213.358414109178 725.4009936614228 0
2994 8255.063399556946 816.8070331784907 0
2995 8313.124533756085 734.1902815718825 0
2996 696.5992347237216 367.1448973326026 0
2997 4643.288888998839 477.4714911843673 0
2998 8171.939766976175 634.6558935477667 0
2999 2774.062635285479 640.7244602400408 0
3000 2675.895255432451 647.3794028352396 0
3001 4715.476660974048 595.3313009074304 0
3002 9916.236317798008 245.7625511002852 0
3003 9898.371358644017 447.2377570436647 0
3004 9919.828293430746 650.4550269570464 0
3005 8246.302173329288 381.2573402753908 0
3006 2391.895885756994 240.3551315489161 0
3007 1421.30172695104 658.4444565110906 0
3008 83.17157064544699 742.2215228334292 0
3009 84.79427485456654 549.6422283240885 0
3010 165.7430323911649 599.7375592198069 0
3011 85.32535368095614 349.7888880595674 0
3012 83.55117003392297 150.55701569079 0
3013 174.6170447754475 209.5669917255977 0
3014 7397.155365391016 388.428139955078 0
3015 5319.659217598959 421.0981338667082 0
3016 4649.535579220656 459.5298291393646 0
3017 8072.41537683977 625.2087526707476 0
3018 7316.801371146654 638.4043155224674 0
3019 5320.831832172727 574.7865832293933 0
3020 1451.101796117967 395.8905394834172 0
3021 1394.559035310003 313.4107468053703 0
3022 1294.85805914796 321.1383177261559 0
3023 1338.125852950536 232.3447332299523 0
3024 1441.090030249906 227.9603750522202 0
3025 1238.574284656271 241.9999616794155 0
3026 1494.822141403012 306.4760078588673 0
3027 7516.958077823418 655.561672034696 0
3028 7454.916788174887 745.3009530904011 0
3029 7523.584391616454 825.5502130479447 0
3030 5355.852336271207 697.208532949261 0
3031 7185.775975758465 368.7781272032023 0
3032 8570.12818415619 672.8133470140136 0
3033 8512.145686357688 754.2874528626569 0
3034 8544.819843060075 409.6784185326169 0
3035 2205.551390060229 424.2773357159692 0
3036 7617.122631938177 663.3519583406903 0
3037 2475.92364371001 659.9977845747064 0
3038 1620.850662176911 643.420396216238 0
3039 1577.636940376252 733.5047098881819 0
3040 1477.730657246864 739.310244056878 0
3041 1533.073345638427 830.3421072153271 0
3042 1251.699843793886 411.3456813249853 0
3043 1195.223156098323 329.7183627132122 0
3044 8916.339861932003 183.1487589790577 0
3045 9015.96432045057 191.0285555472693 0
3046 9059.07498774027 98.1639799858213 0
3047 1022.457425963853 688.8033830976516 0
3048 8669.750881204494 681.5258858275965 0
3049 2175.134737558617 686.4856700187195 0
3050 8371.041506158734 653.6683510350074 0
3051 2704.069155864009 385.8057230222292 0
3052 7890.303476743244 434.4600251892799 0
3053 9125.369162556541 638.3462529766584 0
3054 5302.212750308683 587.5367877888278 0
3055 5312.467439215614 592.3855727020592 0
3056 4707.643828045858 408.5971200973735 0
3057 4717.295137879573 399.1629900352316 0
3058 8412.712648954439 743.5211486979294 0
3059 8445.421707929807 834.0129873949786 0
3060 8555.249692583297 847.3129162239364 0
3061 7964.091623185871 180.1474496054007 0
3062 1078.605717588699 766.1887143381649 0
3063 1135.041770216712 852.4715843189828 0
3064 5271.388378611892 724.0395790915563 0
3065 9325.734696993066 657.2367738199628 0
3066 952.5964169620902 434.5219644409767 0
3067 8744.075677579276 428.3910293034753 0
3068 2049.309478741365 349.5486684758267 0
3069 7849.380199258661 344.2247819672564 0
3070 7795.082704599608 246.0913494130412 0
3071 8612.386598491572 759.5420063809549 0
3072 1541.267165533814 218.8394118273438 0
3073 2006.149742011337 439.7364033103968 0
3074 566.5645087116072 637.8177070931732 0
3075 9399.357542055634 403.7805020171128 0
3076 767.1389483792946 622.2871767071983 0
3077 2591.420253441934 222.3098175077632 0
3078 2519.439830654583 149.4633801636882 0
3079 2630.641402818681 133.7338533781203 0
3080 1052.299591730591 426.8227598997503 0
3081 1750.213622450312 372.8222801290223 0
3082 2648.006237129306 304.6523421435612 0
3083 2228.904936078652 762.7543155409371 0
3084 314.7382097987793 566.3270594908419 0
3085 8702.398374714805 338.0325404158431 0
3086 2149.02838907141 342.0524838567953 0
3087 4719.618349293084 711.4463196526485 0
3088 4736.640457015375 729.4856078499013 0
3089 1650.513868455329 380.5655616867798 0
3090 9357.689569099635 313.4500241605347 0
3091 9662.95476171816 769.958269714135 0
3092 2092.607480481556 261.1448262284155 0
3093 2035.923107636337 176.8379576818501 0
3094 1594.779845112838 299.7271552742567 0
3095 1585.145838817218 124.5683734381737 0
3096 4727.814664504744 403.6166563045743 0
3097 5186.270992333898 517.4579294148961 0
3098 4726.608551714103 392.7211756074452 0
3099 4734.909162711652 383.0851521063315 0
3100 5222.841706377835 711.547016396739 0
3101 4678.300105243571 704.6073935491385 0
3102 4655.630435120304 712.4337048161425 0
3103 4697.019253485219 718.2994650398654 0
3104 3102.862648462052 354.7608718778149 0
3105 5173.46014857824 700.0056505288945 0
3106 4635.076617114843 692.9619257521081 0
3107 3041.563527515104 271.3707160864758 0
3108 3086.471050590782 790.3108733512734 0
3109 3147.733889775132 869.3990863413604 0
3110 5399.364482592067 337.0162147971696 0
3111 5148.670648227589 695.1674788135863 0
3112 5184.933783120391 485.9192473627655 0
3113 5180.396352772501 479.8906880802624 0
3114 5183.187681824787 472.9372489874377 0
3115 5175.9060755061 474.2882505105217 0
3116 4815.73228795006 519.5918340375829 0
3117 4597.717490807455 657.8878081825435 0
3118 4776.652561496498 400.0768342841151 0
3119 4766.095042953377 396.0966363368508 0
3120 4766.886770803983 381.2172135899977 0
3121 4606.109296495902 453.9582864390603 0
3122 4772.922845355632 427.9842778254742 0
3123 5176.359097727709 487.8208847346924 0
3124 6736.769730062311 411.4855268491046 0
3125 5623.919209667207 805.987212374995 0
3126 5190.642668739078 471.9059646434339 0
3127 5185.718822866024 465.6268723831581 0
3128 4673.405977680142 282.0015842635551 0
3129 4601.48672523994 469.1418417939755 0
3130 4814.032460423126 534.4810493681078 0
3131 4812.956508154493 541.2442235550917 0
3132 6637.112782135737 401.7940819462024 0
3133 6853.120214446192 248.8113002300656 0
3134 6911.650671284114 167.8446479630799 0
3135 6814.472546430755 160.4764485301606 0
3136 6795.354860580866 330.5104547020884 0
3137 4578.460658463609 641.4021746289438 0
3138 4797.950568186074 407.3330110443557 0
3139 5260.502415831381 953.4833793418825 0
3140 3528.403510762684 668.7767521104304 0
3141 3485.005751200618 755.9492828974958 0
3142 3447.855034352754 839.289934378585 0
3143 5193.399462694013 464.9022865166878 0
3144 4725.89740973428 324.1437891585131 0
3145 5277.399629746973 531.5550440653416 0
3146 5188.561530216271 457.2656480142464 0
3147 5440.523448190994 794.0287952543989 0
3148 5290.779511727921 491.4179098987352 0
3149 5259.015456200596 548.1084782542989 0
3150 5263.572800762722 553.0568262825985 0
3151 4832.838761110436 390.0027073646522 0
3152 349.984809322038 76.18727170399461 0
3153 441.7893515208589 911.5621040077339 0
3154 1835.270576211879 79.7661523386966 0
3155 9751.934449142664 914.0675724615129 0
3156 6570.511611719822 79.41315472101155 0
3157 7068.868644289514 88.79849399627994 0
3158 6382.10060011413 910.900661129177 0
3159 1137.31658550088 84.40713353679143 0
3160 6785.242744634714 918.3855514295526 0
3161 2334.412453655628 914.7409460472541 0
3162 8061.441549527764 90.96821279550772 0
3163 841.0409348713283 88.63590026368342 0
3164 1336.614775303716 80.2028387744474 0
3165 2814.942147931133 98.58554483364901 0
3166 7763.463467145484 84.15460043745622 0
3167 7717.796932112436 172.5349679169386 0
3168 5292.193929857687 447.145542474937 0
3169 5203.63714234899 501.1555918758971 0
3170 5133.783094327615 458.5720563063969 0
3171 5164.114210500576 551.7578145373337 0
3172 1936.278465852529 185.2923537019365 0
3173 4922.923241149485 316.8211939530358 0
3174 1641.453388662981 821.1649906624509 0
3175 6136.49422705834 788.3625359430131 0
3176 8272.164542992257 911.9448826491339 0
3177 4878.827062026652 485.5174386564242 0
3178 5528.005446259308 615.8613407841076 0
3179 4963.498383334333 535.338631880855 0
3180 4780.558451446472 600.6592728478422 0
3181 8861.421844931303 89.0794185775319 0
3182 7010.558338227778 175.0896119289969 0
3183 4721.483680127087 458.5975846564884 0
3184 3386.095558290561 163.0509104764878 0
3185 4125.848754922707 228.3185733944634 0
3186 5178.616672627367 377.7431822612124 0
3187 5053.998569361214 447.9189088722322 0
3188 4798.803886742568 728.1412399576111 0
3189 4501.96509849933 414.9120154725532 0
3190 4838.084614823288 505.4109425491487 0
3191 5148.884827743997 255.9945493629805 0
3192 9380.957331830603 150.0098673336028 0
3193 5292.347245000575 497.3320085543816 0
3194 4703.047226272005 456.4973795177483 0
3195 5298.708176485305 414.8746336200165 0
3196 5303.270168892075 539.9124731538978 0
3197 4248.533289926597 160.4371888080467 0
3198 5093.309711940528 595.3930764509263 0
3199 5254.510641466552 565.6642203966935 0
3200 5262.839353667284 567.7951469333938 0
3201 5270.115281874842 564.4684605769144 0
3202 4703.304464724137 500.402224736348 0
3203 4961.413113117374 892.4043107777711 0
3204 4762.265093589878 437.7574419456907 0
3205 5282.474995938058 467.9153411217733 0
3206 9257.585213291883 913.7087691056096 0
3207 5313.418698156774 479.733342712653 0
3208 4679.542803379743 503.3919190190061 0
3209 5265.057929942228 429.3984580768866 0
3210 3231.036135062658 86.91431306279918 0
3211 5018.72874533789 313.8836353890328 0
3212 192.9255820042208 841.9038745075516 0
3213 5255.760743792147 390.9452077985248 0
3214 4723.126799508191 467.6718185814955 0
3215 5296.673302474424 502.3386251117931 0
3216 3249.477625690202 854.0580702303977 0
3217 5754.270001307019 586.4802915925762 0
3218 5256.104608806028 572.3997905702188 0
3219 4934.031169018042 448.213643996583 0
3220 9747.436277693716 84.64497343682706 0
3221 4732.231464876531 626.0114245168367 0
3222 5672.592595714087 151.2489402048075 0
3223 4041.121399885777 826.6080954407349 0
3224 4821.384559140253 539.5673216635715 0
3225 4697.800166720727 560.2386935857303 0
3226 7965.467584021613 78.93539502828946 0
3227 939.7565818957846 87.19593858942812 0
3228 9168.743654431368 729.4423372462738 0
3229 5264.225324883894 402.8688174761412 0
3230 383.3153293928735 826.3341712851127 0
3231 4764.545549184128 725.3500539749355 0
3232 5180.040412608588 725.7233703307403 0
3233 4590.442805414015 683.4661917156728 0
3234 4624.361958201722 403.6107032483502 0
3235 725.6591585697552 711.2328602701689 0
3236 624.7619159129899 720.3491862245581 0
3237 5267.014676394308 658.4903773926524 0
3238 5341.599818369503 108.8707843362203 0
3239 4565.576166353253 508.3922196321965 0
3240 9267.836702588727 738.5973211107553 0
3241 9312.358417351117 829.0950200111699 0
3242 4753.695766551275 570.5054256848991 0
3243 4761.114833000288 571.6849927211169 0
3244 5110.057501884127 353.3497733013144 0
3245 5207.314287652605 556.4194547774939 0
3246 5883.288488862057 71.10421824884094 0
3247 5251.51436133203 453.209591687734 0
3248 4731.643235813357 537.2238354401312 0
3249 7762.973474554195 922.5046485492906 0
3250 5663.68089375222 462.2850474145467 0
3251 4647.118234467156 759.2245007137816 0
3252 5496.419018102393 170.5121094184082 0
3253 4931.879285719843 420.7247580591549 0
3254 4466.472458068669 806.0201220281633 0
3255 4747.019654632819 775.9277957848283 0
3256 7747.3851753298 347.8048779048382 0
3257 4660.165338240327 369.9665998276705 0
3258 5304.821022463944 507.5483256844574 0
3259 4267.127513881239 475.273717988637 0
3260 5213.48029112692 466.8170340836635 0
3261 2034.494635151445 69.74056255176856 0
3262 4795.093356119954 477.6727848339297 0
3263 5382.909910770911 701.5026451421845 0
3264 5361.202282583765 728.8852401780561 0
3265 4752.809746753703 458.008173615111 0
3266 9411.730032242343 836.3113709563821 0
3267 4277.865950647227 810.2379750101018 0
3268 5271.638964476608 459.6635543813892 0
3269 5420.01585231415 887.8918718164396 0
3270 5169.558568093026 365.3062772132168 0
3271 1534.038379016736 931.6552894871785 0
3272 5734.021956281189 760.9702245760184 0
3273 4884.545234260996 643.023122835953 0
3274 4646.159161749859 97.60249339566178 0
3275 8562.792042177545 79.45309076574603 0
3276 4810.460119576091 583.6722844319746 0
3277 4805.005573326074 571.7878937845448 0
3278 5089.620520661286 339.2714110667123 0
3279 3746.611757325784 827.6531829722703 0
3280 4729.9732265866 224.8031817836902 0
3281 4753.592551895459 193.2525656487398 0
3282 6442.202082463155 824.3856601584262 0
3283 4079.405844446416 151.805685668586 0
3284 4929.547396697107 697.9001875669976 0
3285 5977.22525812978 580.3598868782055 0
3286 4700.22051589707 518.9200611214912 0
3287 4733.296736368212 543.0410350400913 0
3288 5362.451943329885 429.9465587064432 0
3289 5177.013359036501 904.1328267626889 0
3290 5314.888497756311 501.7658343732554 0
3291 4709.787141297984 252.864327088514 0
3292 9923.24557211007 847.0812243129155 0
3293 158.5075938909195 95.0802480041832 0
3294 9845.923371066714 97.85809939712749 0
3295 8711.330778506835 167.2793173597041 0
3296 4507.33817262147 611.2691969103444 0
3297 5374.505786440624 421.1958724537589 0
3298 4788.540223045756 532.5783212575396 0
3299 4737.554572272618 555.8165915622487 0
3300 6871.153533933555 80.99140182383968 0
3301 4166.530475994129 609.9956089853952 0
3302 4052.118565658089 530.9978580506291 0
3303 8348.54331456404 824.3042372295558 0
3304 4946.811477113618 489.1680654075866 0
3305 5205.090743248898 492.5067555786338 0
3306 4484.19880239798 452.2917989657112 0
3307 5151.707273639507 214.1444620720621 0
3308 5239.340566230653 310.7507303593314 0
3309 537.1161902657168 126.2384379645771 0
3310 5291.870451769015 364.2641459523506 0
3311 5355.970176238239 582.0840772201204 0
3312 5446.212761158544 634.0115116210284 0
3313 3287.5866610393 169.3248017619565 0
3314 1086.023057152152 169.2525678131514 0
3315 6040.480837040082 365.1060642667379 0
3316 5235.648364486896 443.9436859821116 0
3317 4769.308185079391 554.9634796658336 0
3318 5318.064796934298 389.5156894361425 0
3319 4712.615374684229 517.9840441648495 0
3320 4855.59001872912 647.2237593344372 0
3321 4782.149061750379 467.7940854474691 0
3322 4360.110523866671 609.6071885142378 0
3323 2933.865895063778 899.5909826080858 0
3324 5272.541468073922 464.8176615557936 0
3325 4793.088289036389 473.7219346584564 0
3326 5867.988948771439 359.0402204222551 0
3327 246.0255290945934 920.0229410603861 0
3328 5226.008373589997 288.5237586296647 0
3329 4737.404885787284 955.0661526470025 0
3330 2634.389259083695 733.8763205456482 0
3331 5548.156075187774 184.1356722399729 0
3332 4444.708677863768 450.8355551751303 0
3333 5208.919609213011 626.7570358160755 0
3334 4385.987234540156 695.6863090167269 0
3335 4429.309501922497 729.5347210770965 0
3336 4373.271414410133 748.9322736199136 0
3337 5210.27825900227 45.80510794406626 0
3338 4748.739209817678 432.0932649796478 0
3339 5316.181555848588 523.5065970434586 0
3340 5224.148709842892 403.0385288663626 0
3341 4689.654022534428 535.9066627847249 0
3342 3989.595398499094 742.4680714142542 0
3343 5045.715163081282 471.0177323020574 0
3344 4712.85697562146 447.9671629511329 0
3345 9678.191682983368 170.8553651568006 0
3346 6942.256051384623 852.6610995176945 0
3347 7864.673337587926 186.4893510231133 0
3348 6584.638184733312 915.2099436416169 0
3349 7352.52076166295 725.1375834841613 0
3350 5127.122079414476 579.6463808068449 0
3351 4743.451043980845 455.0031399553682 0
3352 4876.676875930217 778.9351015644738 0
3353 5212.970523394772 518.2609170162016 0
3354 5440.706620000969 156.2563254150527 0
3355 5450.841127798092 210.4955802446791 0
3356 4668.646685071727 642.4865108861768 0
3357 5284.796020720321 648.0109281029989 0
3358 5296.997588084025 458.9748877876094 0
3359 5520.896560651092 936.87061315315 0
3360 4757.584616465544 454.5119713047793 0
3361 5288.035059307129 466.1646120759674 0
3362 2134.884101113268 188.3283599273769 0
3363 5267.562900750638 413.2343860237114 0
3364 1432.521481726156 813.9737032320568 0
3365 5147.816397720301 633.8040704150136 0
3366 5471.601827175235 718.6687372168146 0
3367 4851.682735954316 893.7213435024087 0
3368 5204.974014427722 532.3650852649946 0
3369 5278.07568937822 469.7999150725426 0
3370 5297.428248032624 515.3227039786997 0
3371 5296.765459175948 520.1457490635295 0
3372 3899.497125012108 303.0028132758279 0
3373 9458.433921486441 918.9275901774384 0
3374 4786.371463321392 545.8386738829654 0
3375 5369.107284281921 570.9014939580572 0
3376 166.8179151052082 503.8854907045202 0
3377 3608.802886113647 916.0730027609486 0
3378 3683.674371961158 147.1829184857755 0
3379 5123.38653167165 377.349302093708 0
3380 4909.788130601932 472.6657038887442 0
3381 4925.646833303496 165.3646720780004 0
3382 5167.730946059317 507.1344793594267 0
3383 4816.655993855518 504.3680920966553 0
3384 150.1441649956087 922.4882599771332 0
3385 5046.833985217627 291.9822259145661 0
3386 5308.098832426681 405.9963130865958 0
3387 4763.49835129987 234.4597459790155 0
3388 1186.83210390089 165.0167020090234 0
3389 2877.9161840022 163.3732252088391 0
3390 4718.122231610939 554.1664403193848 0
3391 4717.422625395065 561.6091074791119 0
3392 5587.946643553796 411.4244139080319 0
3393 3426.732227600995 77.68349230510728 0
3394 4856.725697135684 103.2939271209822 0
3395 5260.163233524159 417.3780776240874 0
3396 5428.80022032236 491.3468540421221 0
3397 6226.976694344595 366.3633822145831 0
3398 5118.800146620506 94.52397349995141 0
3399 8661.454306909312 82.53266646237887 0
3400 4831.584826475851 406.6864754377906 0
3401 4491.421824732231 684.7245248364841 0
3402 5083.429544217606 550.7264944392058 0
3403 3989.996982742047 155.4042293501145 0
3404 5116.501006565803 537.4790678082699 0
3405 5100.979887709012 544.454238769446 0
3406 5103.049894680131 527.169990266779 0
3407 5189.123422840574 524.2231322972621 0
3408 6773.431968804168 78.87902409503147 0
3409 5110.380877222418 325.2043299049099 0
3410 8477.103488449246 921.2792279226766 0
3411 5243.670083146558 544.9920900280431 0
3412 6644.784917475106 829.5286743207088 0
3413 9557.671808472445 920.021666804611 0
3414 4572.813011474561 484.0884316856927 0
3415 5267.273335471426 45.33762281450021 0
3416 4858.636428786693 453.7016800287145 0
3417 4884.63538887653 530.4449423499912 0
3418 4871.796799525545 540.8188852246079 0
3419 3807.801457460242 912.7019439720182 0
3420 5527.245567867048 371.8223651742388 0
3421 4872.425499592438 574.2177004714803 0
3422 4887.753231619612 580.3842049358547 0
3423 4742.515644565561 585.2228066978987 0
3424 5255.714683471887 636.8059588707051 0
3425 4778.129986327981 541.6090590372761 0
3426 4917.057412825537 384.9003083327177 0
3427 5134.402863548033 517.0654650143217 0
3428 5173.41328566968 568.8234977266106 0
3429 5164.63906026014 561.6882514372965 0
3430 7474.401499512924 76.11258256923213 0
3431 4888.229863744606 602.7141909040876 0
3432 5314.117966276168 625.2810525310994 0
3433 5036.413192786007 664.7519505077697 0
3434 4908.105191141881 820.4066024340038 0
3435 4620.272248812425 367.2608634587649 0
3436 2280.016664716807 838.03390768857 0
3437 9540.596215878908 81.83958785563925 0
3438 4713.952768031508 527.9268451522614 0
3439 4647.274775060305 602.5929649247546 0
3440 5198.713954064711 500.5026761787261 0
3441 2247.604744865335 78.84490894598292 0
3442 5234.383700841473 898.6584841465897 0
3443 9828.677546935573 525.9618108352493 0
3444 4835.218838328063 476.3936550561917 0
3445 4683.772280283224 526.1620636177929 0
3446 4775.252852696733 436.0886179765546 0
3447 8081.36181655152 926.638914528402 0
3448 1338.310347775739 933.2115754835302 0
3449 4473.702716600969 613.325666702788 0
3450 5377.764692486176 487.0601745593958 0
3451 4785.159696626632 392.6333432744784 0
3452 5305.243024988581 462.00561098932 0
3453 4798.69491522658 384.181053094041 0
3454 5048.92030282676 78.54240733685111 0
3455 4805.076885479158 490.6897208836477 0
3456 4965.169839372028 651.4916789097424 0
3457 5248.151990894411 374.9284874914351 0
3458 2326.36748066925 751.4416900621961 0
3459 5348.965418023454 441.2774890306733 0
3460 3545.63870524251 833.2826366548338 0
3461 4949.286777894547 413.1487557928593 0
3462 4694.568134923922 467.2364915088395 0
3463 5232.963450336974 458.3449398875564 0
3464 5310.058006304764 457.2215194377918 0
3465 5401.723377906229 477.0559315880976 0
3466 4768.282089436144 433.6147164888326 0
3467 4765.904822069349 696.6407536180992 0
3468 5245.180445964434 428.3712358924389 0
3469 1284.711102393853 161.5781014886403 0
3470 7475.400865063149 915.8790876777414 0
3471 5305.819806542572 155.1897918742785 0
3472 4722.778665780332 439.8418619951796 0
3473 4694.431549210351 915.3102112204961 0
3474 4713.247206438798 481.8755279614217 0
3475 164.1654688932367 691.199243010582 0
3476 4385.839318083559 192.8871511906748 0
3477 5135.824052104117 395.9602927431915 0
3478 5296.870753271251 452.17120018386 0
3479 5793.282794148119 364.9923113830097 0
3480 5347.85963659003 544.6183297035118 0
3481 4820.387739338506 531.5512155295448 0
3482 5088.454164036182 426.3900676287521 0
3483 3524.782731304583 74.88696018713659 0
3484 5795.947628001712 72.26268470482182 0
3485 4710.255743140837 474.6827052183427 0
3486 2430.962227384875 743.3055436906257 0
3487 2531.667432008637 736.7736473483297 0
3488 4096.567295391073 910.395801591121 0
3489 4876.949813648155 512.0805969211742 0
3490 4752.567413952339 540.9748821269308 0
3491 4704.773515069901 104.8738088008099 0
3492 5168.397102730739 518.7330095707262 0
3493 5324.851753820381 613.3786032563822 0
3494 5279.102347527613 415.406613267732 0
3495 6408.874043165426 301.5580701534152 0
3496 4762.232581982576 451.1595072974062 0
3497 2036.061566695942 923.9668136588112 0
3498 8509.87479362828 156.0886489307679 0
3499 7458.988470296246 312.3220364424279 0
3500 5593.058242275058 612.2308201584957 0
3501 5299.920084685031 638.4830200505633 0
3502 5142.658834759883 567.9872422631137 0
3503 4734.692799770697 50.11563726877279 0
3504 4865.289111086355 487.9882346023131 0
3505 4796.537584417474 482.1748760848418 0
3506 4815.988122689347 496.8285504238195 0
3507 4758.041445581563 578.4426493750414 0
3508 4767.872932039647 576.6899980152975 0
3509 4791.701250508467 519.7831860031546 0
3510 4795.459094386007 522.6912361059655 0
3511 5227.617519220936 452.0256438177622 0
3512 5171.030812623172 481.234425123174 0
3513 4529.972659093092 312.1284070651026 0
3514 4518.041766858775 373.2872902382333 0
3515 4796.880051005446 564.805605294259 0
3516 4673.359880389053 499.0286751718975 0
3517 5293.666136288992 440.0626243363035 0
3518 7576.250732191644 409.2897104448831 0
3519 6721.980938755221 157.718992464473 0
3520 4795.860807437822 503.2810520005198 0
3521 5251.817000106276 578.3377220864049 0
3522 8244.987674140782 69.71713376664974 0
3523 4832.474085735174 726.1635052470335 0
3524 4792.021617249681 618.7977412151497 0
3525 155.3699893305329 301.4800069326 0
3526 5183.367535111034 448.3469128694292 0
3527 8562.49206998254 936.9603315653827 0
3528 4728.220844405025 434.3363509560506 0
3529 5361.408151220941 554.7606234978848 0
3530 5065.038241482651 343.3314832082423 0
3531 7666.16762496373 920.4853127770608 0
3532 4939.848914713131 796.1513626678586 0
3533 4815.766369256714 550.2669684897347 0
3534 5154.296326136815 558.9350842736246 0
3535 5131.288767912462 531.3689018223218 0
3536 5414.888287463184 509.7581365557897 0
3537 5760.229141224356 322.893682887796 0
3538 5203.652527974648 860.1543936797282 0
3539 4544.825382807246 809.6989434575878 0
3540 5271.77784317572 867.8577677602219 0
3541 5176.664653771622 466.6707642326984 0
3542 4670.769095228099 569.6594083969096 0
3543 5355.187598177373 515.6047123377598 0
3544 4639.694492774403 517.9375168818589 0
3545 5340.328499229426 453.5291378929855 0
3546 4635.009486198032 497.9315863988809 0
3547 5459.005099187245 585.7387023770935 0
3548 4641.242123445844 529.3525637743971 0
3549 4647.339296809208 551.3023376597212 0
3550 5338.496622845679 550.9035647909111 0
3551 4694.41671857513 587.1866539987114 0
3552 4702.91837956906 605.1600741954593 0
3553 4741.349105988767 616.1670277422511 0
3554 5303.204852082304 598.7704751756936 0
3555 5207.127608853821 731.3052092515479 0
3556 4745.205304026844 389.9584868380647 0
3557 4609.395978356109 305.015963954771 0
3558 4611.24919976262 701.8579751320169 0
3559 4775.234229504395 389.6816375324889 0
3560 5450.020714589565 386.3319699053267 0
3561 5476.958992947742 399.3225459667617 0
3562 5136.075965153445 481.5672698738288 0
3563 5695.897024753621 721.3036191965612 0
3564 5091.722032322687 660.2537714814729 0
3565 4593.780294835535 483.245769614812 0
3566 4529.574751186773 425.7982934139908 0
3567 6747.371376406839 833.5701548964502 0
3568 5021.135164387008 599.0335876111415 0
3569 5226.302059405992 549.4857397425774 0
3570 5390.381658540855 444.9854091862519 0
3571 1655.939505797706 69.4182660642881 0
3572 4805.720007462025 544.701441141828 0
3573 4716.604979604428 568.1124221768896 0
3574 4672.933133085195 491.5604485417592 0
3575 7615.309478402311 834.2760128632887 0
3576 9607.175445619352 843.9039189514582 0
3577 2183.171150371141 846.233539303003 0
3578 4758.369494879147 546.8358448688667 0
3579 4766.367137018242 548.6990008917164 0
3580 6378.78087368137 70.74736767492192 0
3581 5233.245766301549 427.7318967707134 0
3582 4972.478569039049 494.6587708880189 0
3583 5214.196346690699 641.5439261378249 0
3584 2334.679617431364 64.89829801570215 0
3585 5276.726399903015 557.2786804743635 0
3586 5277.110869892933 564.3225573149002 0
3587 5223.73532251996 455.1738467094856 0
3588 5220.514468001276 459.3097503599787 0
3589 5187.786075813629 416.6569915475939 0
3590 5234.254339167906 597.5501246564122 0
3591 5116.718056879762 144.765983157496 0
3592 1233.089342824127 823.8471897390311 0
3593 4699.472060306914 503.0490797095293 0
3594 4823.726666141627 516.979128666641 0
3595 5239.395512054746 330.5300590707042 0
3596 5146.513327918859 462.552609566195 0
3597 5204.962814245123 508.2206691740246 0
3598 4762.658503781732 262.3096831377926 0
3599 5159.549868672638 283.8339691510246 0
3600 3410.02640509674 920.7459115012089 0
3601 1389.632151082788 153.3168101774852 0
3602 5260.548651202181 544.3411245780961 0
3603 4547.139257896612 582.4949610685197 0
3604 4821.210448127164 425.7227051157267 0
3605 4739.990447659763 549.5588562237165 0
3606 5188.070499272733 96.10110310715271 0
3607 4707.540459464674 547.4559663040794 0
3608 9478.94520589539 158.5517494008833 0
3609 4912.124492545114 882.3093793622143 0
3610 4781.77642293945 445.6658917829956 0
3611 5279.426993037937 570.9702350940108 0
3612 4781.699068994746 538.9993088904052 0
3613 4835.814275001377 618.6235131725872 0
3614 5196.385570435704 504.385773278705 0
3615 5118.211415418361 187.2995143390321 0
3616 5180.532619013758 500.3382096223043 0
3617 3583.981921903267 152.0564790395528 0
3618 5982.489348561842 936.0944091578674 0
3619 5211.159130956248 524.5084445985866 0
3620 4805.401306099452 681.683340955509 0
3621 4680.065239766785 479.6528280668371 0
3622 4820.970746881691 580.4210650979994 0
3623 5288.408021564477 523.4051968935189 0
3624 4809.114521272579 370.7640369999015 0
3625 5259.119292120727 261.7854552066485 0
3626 4812.979373849077 562.4476786991731 0
3627 8410.462929646326 146.2692643710997 0
3628 4546.754082575054 379.392359983562 0
3629 5484.748356735094 448.8295702140859 0
3630 4610.124715883574 387.2418244121212 0
3631 4975.599960320196 518.0864113010692 0
3632 4705.075338391774 396.3634059307459 0
3633 4717.185581256878 382.6723278963436 0
3634 4364.151876017785 136.9680851651149 0
3635 4466.674242744606 764.7511341879646 0
3636 6161.305094108606 278.2564742108899 0
3637 5285.232412836329 559.3747970487393 0
3638 4895.736006650036 393.0794027155416 0
3639 4730.911394329398 452.7035737123784 0
3640 5265.706830568997 559.9497068034982 0
3641 5247.325659048557 459.4514846183748 0
3642 9846.415535488366 801.1769494323953 0
3643 4741.098461775689 340.2475654150461 0
3644 5225.930456418953 555.6759859749864 0
3645 4746.179276624616 631.0374017428837 0
3646 5306.577144713629 368.5248091965943 0
3647 4753.681120717028 599.239486785776 0
3648 7362.48069555371 300.95469450398 0
3649 5219.117755624398 564.101712654824 0
3650 5477.443994531765 814.5426417109173 0
3651 1490.53203969778 144.0036913738896 0
3652 5206.32836919589 426.5442713106947 0
3653 6844.378902730397 843.6952412916053 0
3654 4723.092740503314 634.141287931222 0
3655 5203.562008240385 436.8415069389504 0
3656 7813.286789183141 847.4471169741905 0
3657 6612.054494888582 158.2924963967472 0
3658 5084.255925307375 739.3582869214993 0
3659 4686.812246502604 521.3146289951011 0
3660 5296.209994208734 478.588502352923 0
3661 5296.945430232216 483.1608140753428 0
3662 5294.210802509173 474.6849224855036 0
3663 5870.590069403152 749.6913902209259 0
3664 4723.517581054766 463.2449542936903 0
3665 5251.037491701003 739.2436601281061 0
3666 5262.844906443221 447.1522543358809 0
3667 2434.154743254694 171.9166906420422 0
3668 2133.706375154462 923.8328719804347 0
3669 4718.184230640838 473.8482449128972 0
3670 4753.87318266794 428.6690669441799 0
3671 5320.790552587499 518.9682237982173 0
3672 4701.336952614292 450.0081370286521 0
3673 5106.155580436887 450.6409340509319 0
3674 5199.820884400709 451.5083121937506 0
3675 1138.984900801343 937.0803405284356 0
3676 4881.034595410148 471.3640726335214 0
3677 5084.728666737827 529.5876894790556 0
3678 5068.926303879023 513.4721676392437 0
3679 4727.025338123261 451.1092761857182 0
3680 8658.592641702033 829.7497526330711 0
3681 4707.050252533872 485.8694811142973 0
3682 4704.721903585193 492.6303806031016 0
3683 5402.586952548988 638.8857850861349 0
3684 9705.277177461612 846.2962985161196 0
3685 7712.153758386445 426.603192785774 0
3686 7563.515556414643 741.2425118987064 0
3687 4795.673409587886 492.2452511929024 0
3688 4798.91042661661 489.7975503472775 0
3689 4735.255477566989 450.5608765342386 0
3690 3348.439862493089 846.0187095996901 0
3691 4016.291866591734 601.8059016975791 0
3692 9834.784252232916 369.7012485204138 0
3693 4656.081288279648 441.9070311956519 0
3694 5256.571631618426 544.5515537553964 0
3695 1717.254893936024 925.1549851294685 0
3696 3731.301241137999 73.10878431451772 0
3697 4848.641655131586 628.7271034913886 0
3698 4862.072108849963 550.4106483100345 0
3699 4634.67169531007 715.6819669464913 0
3700 5799.038900908263 781.2411026560477 0
3701 5100.60431981701 560.3540419028272 0
3702 5231.521682090043 731.5374558067872 0
3703 5209.639780866493 478.7030748580955 0
3704 5190.221754079631 532.6071415030731 0
3705 5052.945250384106 729.444353923737 0
3706 6503.854258981983 157.1971179556169 0
3707 9350.26557992774 66.46943725622492 0
3708 4632.2604584541 537.3095250973271 0
3709 4379.455971544689 489.3626497280515 0
3710 5197.370168334567 534.4032299551749 0
3711 4706.618748234266 513.7225502481811 0
3712 4702.706839959515 514.8355289308676 0
3713 5269.074382104288 452.2170990332906 0
3714 4776.04428694667 462.5767505176151 0
3715 5414.691791138403 225.4269954593957 0
3716 4790.309199686884 497.5164619708081 0
3717 5208.873250753818 535.822035453467 0
3718 9855.302688449658 189.7091597341602 0
3719 4749.845043231219 544.4287138751454 0
3720 5338.334974275275 433.1279666377814 0
3721 4757.090916970654 340.583868959752 0
3722 5237.613556850285 268.1182968739143 0
3723 5288.480594548663 197.5109987822566 0
3724 8383.00408050807 69.78358555231983 0
3725 6985.279478153239 927.8990514834246 0
3726 4690.871833539279 618.7345470239172 0
3727 1866.369739732284 870.1073369302262 0
3728 4707.577458078939 555.4181049366539 0
3729 4713.165882254248 557.4547613353139 0
3730 4789.882636852219 508.7526869970071 0
3731 5126.077949524701 904.4494358471787 0
3732 4742.171531096546 154.5775381059369 0
3733 4889.43285685493 623.5703205778286 0
3734 4406.029275363927 453.3593175536662 0
3735 4656.644186133301 577.0381507159312 0
3736 312.8967872684434 149.5406662840782 0
3737 7575.483616071659 80.04090354994821 0
3738 5289.170599269417 475.0648326019777 0
3739 1998.654046811086 853.5108653500522 0
3740 4766.381138994218 544.5843793845316 0
3741 5094.244229958944 444.1034111064047 0
3742 5286.278486074028 548.6232252728894 0
3743 5291.3386969068 545.8530643284922 0
3744 5254.577540698332 449.8578361950903 0
3745 5338.062110726388 712.2828077480361 0
3746 3897.417283698081 154.9339829282243 0
3747 5258.158479365236 446.8580492987629 0
3748 1517.869559996878 68.88705194695365 0
3749 4768.804075759303 563.264240815451 0
3750 5320.762698433964 497.4432008887462 0
3751 5327.686038208019 498.1150870637551 0
3752 2541.145217123137 67.59348372103551 0
3753 4712.363788531913 733.5765226961208 0
3754 4843.452649050726 779.5268954614014 0
3755 5278.831860774895 909.0980465565881 0
3756 7908.010563732807 856.6308347717746 0
3757 4244.920010423699 881.2159369661219 0
3758 1033.891245783987 834.9020821134616 0
3759 4781.500182024532 535.5799093071056 0
3760 5217.847938197027 306.2281323827755 0
3761 5068.24639003933 489.4837957251059 0
3762 5289.472904764084 82.30732074679861 0
3763 4784.752934684102 470.8476181980819 0
3764 3217.269297816984 934.8852024428037 0
3765 5239.379070416211 543.7415579182783 0
3766 3835.244778134552 75.16560408618909 0
3767 9926.869925293675 73.33499504733106 0
3768 73.13007470633329 73.33499504732686 0
3769 4775.204049014037 624.9117106917111 0
3770 4739.495698000836 456.1148896491937 0
3771 4888.019817579967 924.0327580564531 0
3772 5302.586256384123 547.0624724422607 0
3773 5307.09529329116 552.2060749393356 0
3774 9927.494342677361 927.284590721678 0
3775 4871.368407545133 145.1834605617328 0
3776 4985.689021761998 536.9086214212418 0
3777 4511.849605632447 278.6993330824432 0
3778 4708.883529001423 516.8450923803466 0
3779 8757.14950658968 940.0611211152864 0
3780 5900.080088585915 295.1180817215023 0
3781 4930.104170313992 469.7031799148842 0
3782 4616.087283953999 143.3878755258444 0
3783 5291.750685667392 520.5507833149566 0
3784 71.85046695068195 927.9347113638098 0
3785 5297.042817690132 524.4889645588636 0
3786 4692.240406178196 393.9881002280271 0
3787 4809.7221613448 494.8295457679289 0
3788 4788.089595613786 513.0224601558097 0
3789 5209.788069215663 530.0891654814327 0
3790 4517.964035453988 169.5935774576168 0
3791 4464.686762565041 658.2125262284369 0
3792 5387.734029526942 148.4635607821112 0
3793 5183.358153637573 639.3140856797187 0
3794 5405.222112289986 539.6705246664378 0
3795 4875.163223830604 497.0898360146431 0
3796 4748.981192311586 455.184848627461 0
3797 5308.785045933917 380.5450353312107 0
3798 4695.806624379893 461.623946161863 0
3799 5067.134657205312 429.8613117127406 0
3800 5355.470025068651 615.4279543893746 0
3801 5333.069974245192 419.4378225010432 0
3802 4718.06261285612 531.114147628011 0
3803 5201.549754180789 489.4246718905104 0
3804 4751.793686478465 379.4729930231877 0
3805 5349.290153144636 916.1951241307419 0
3806 5166.794627158151 639.1758719075233 0
3807 5267.560167306077 448.7276727977027 0
3808 5556.55822226391 384.2392356860452 0
3809 4342.720466061129 710.1510562236595 0
3810 4341.728295685591 796.1734208300993 0
3811 5916.355111002396 828.9641923265692 0
3812 9252.28240902019 67.74042657552832 0
3813 4798.602982944254 519.3536372929237 0
3814 9854.589842224676 605.4449654203867 0
3815 4798.912499004729 703.0449994675187 0
3816 4783.527694407499 711.1372179440538 0
3817 4783.583372839596 464.3479713378292 0
3818 4841.544847516243 330.1526817833419 0
3819 1685.016880533803 143.7999525043107 0
3820 5234.613476982299 438.3206363220708 0
3821 4502.488059112331 833.6976054573749 0
3822 4642.007266483732 366.3171216441695 0
3823 5222.996153572885 546.1469360172829 0
3824 8215.808207201737 143.8284593267423 0
3825 395.7924153659505 144.4186219801433 0
3826 5389.041484222742 478.7188728079968 0
3827 5224.410559865326 602.3382774674254 0
3828 7083.777478116814 927.6064298133363 0
3829 4722.291248572764 535.5297975261777 0
3830 5133.342249465635 607.0377602484892 0
3831 4638.723680183768 425.0471635109269 0
3832 5219.5161090107 539.6653617020831 0
3833 5218.659280963567 544.2094591994839 0
3834 4673.961807941229 484.2157381115059 0
3835 4712.516065011475 632.8475476066952 0
3836 4774.51009500279 543.6495337867793 0
3837 4794.948756254747 574.231938853287 0
3838 4886.735910701647 543.7291576129924 0
3839 4897.309137101581 551.8233817235574 0
3840 5395.482151248373 678.4791724624348 0
3841 4789.99212067903 449.0938282231446 0
3842 4510.70007510571 468.3125797691508 0
3843 4688.880844372686 469.5460461839889 0
3844 7794.167870126821 156.7042189208548 0
3845 5495.925970993761 425.8325904654459 0
3846 5196.240576215056 542.3094136634058 0
3847 4832.06836500085 305.3294598236041 0
3848 4872.492174247069 315.3857840646391 0
3849 4895.713910756574 310.603659802667 0
3850 4883.497043767474 65.86462569339034 0
3851 5377.471227576717 559.9112481273334 0
3852 4812.160431158234 470.8418955275592 0
3853 4808.87390223143 466.4535121569313 0
3854 2629.006433664747 54.59109265676932 0
3855 5320.781879326145 483.1766180115952 0
3856 5264.309393611638 422.3846872391467 0
3857 4702.6306085465 651.1900188859649 0
3858 4777.362591655044 638.5142698585257 0
3859 4830.291773915114 540.6148289219323 0
3860 4628.706627273812 585.0529374037797 0
3861 4725.838518862086 428.8287768304191 0
3862 5119.281356915726 853.5863498603862 0
3863 4602.834566197977 852.3433555606647 0
3864 4661.865859461437 422.7852574600716 0
3865 5067.379314906931 679.0240026121132 0
3866 5210.230539191088 469.0610267771358 0
3867 5081.076514417008 164.38876464646 0
3868 942.6490932578986 944.3705006406136 0
3869 7942.268140538368 931.3812829113588 0
3870 5103.555677424468 957.6463402604109 0
3871 5255.550527713836 401.4769974479535 0
3872 4749.383703508361 643.9878286104072 0
3873 4742.60287309354 654.8462082306144 0
3874 5133.479788078625 593.8830789508739 0
3875 4773.901276446584 565.7889696904272 0
3876 236.0853664750921 561.4012595316938 0
3877 5683.763764712553 811.2503441345473 0
3878 4790.827940792837 529.083213914475 0
3879 7275.756542934949 794.9269811154356 0
3880 5050.756828760417 521.9897848962021 0
3881 5212.693294423868 560.5116631650958 0
3882 4799.274752434463 478.8080595806786 0
3883 4810.370938658279 911.908711491693 0
3884 5285.196051411746 526.7887204336972 0
3885 3122.381496363921 937.1662189745158 0
3886 9789.142200369153 851.6271501031025 0
3887 4654.049409181772 735.0830597360359 0
3888 5207.034865047928 511.4663312339087 0
3889 5614.817566647127 544.7050901330684 0
3890 4938.951800247101 365.8611286190479 0
3891 4629.365099503815 509.7165976128693 0
3892 4209.199081648081 570.7963010756462 0
3893 4455.137864120499 111.534862990786 0
3894 4737.687488582857 447.2147686744121 0
3895 5461.96057092701 615.0523862097918 0
3896 5857.097587132199 649.3753410726704 0
3897 4228.665918379808 446.4165881703612 0
3898 5316.043471460981 212.5295235221834 0
3899 5296.332229512248 548.7224772938894 0
3900 4709.405152970516 482.9283670336444 0
3901 5216.68124657826 391.5878031338431 0
3902 5281.54274921906 532.3759421849227 0
3903 5540.908303572999 226.8216954153979 0
3904 4310.753508724486 865.2053366152277 0
3905 5643.023323167803 940.5153772055157 0
3906 5233.403055534191 462.4941397508499 0
3907 4722.54174063171 451.6017897882311 0
3908 5348.274778388448 555.8743471433397 0
3909 4782.05005079882 543.2833354777014 0
3910 4615.275956502372 573.4549403044517 0
3911 4225.311463118089 943.4710494455563 0
3912 4828.704577727678 378.7311372376673 0
3913 5107.635999307426 582.2611451792429 0
3914 5300.188780381372 506.4930705350213 0
3915 8853.882045454679 844.2860976518069 0
3916 5219.18411273526 536.0397287982279 0
3917 6076.879643486812 842.8499659941516 0
3918 5308.669730193064 503.5682255901971 0
3919 5264.422873585201 612.511946626635 0
3920 4764.140405394752 566.2915699195132 0
3921 1785.768042197294 139.5391684449777 0
3922 4640.816088062257 592.2005113592811 0
3923 4551.870031170987 860.0619780880886 0
3924 4492.826123608959 358.6795136523701 0
3925 4719.010464011526 445.9972475635689 0
3926 4872.364297153666 446.2607999390983 0
3927 5355.234637865968 288.9751514340907 0
3928 5046.947904435176 323.5700335640541 0
3929 5494.912437941184 745.4659227300308 0
3930 5174.419365463288 527.0653294296137 0
3931 6192.350340923109 208.9856692032431 0
3932 1852.601910014808 934.9888409886855 0
3933 4638.812890475035 612.040661240361 0
3934 5500.865038920946 378.1236682591982 0
3935 5282.938935458611 662.3836229470056 0
3936 4695.876311450405 553.737383120107 0
3937 6429.238162321459 135.9652434733894 0
3938 5215.162549364539 458.9516048299974 0
3939 5630.893643383371 182.5097139938657 0
3940 155.5125539246201 773.2875144578054 0
3941 5271.474023732534 539.3435220963726 0
3942 8122.313258952034 141.622574248352 0
3943 4927.2650337504 342.2331597184796 0
3944 4387.349752648922 423.9484971520392 0
3945 4730.707344547668 371.2405775641824 0
3946 544.4101708544922 55.65333182603752 0
3947 9207.747299226729 138.968980606436 0
3948 4782.679194678206 439.4951657474872 0
3949 4716.851016194509 524.0150249735381 0
3950 4996.542449566174 871.6032799329159 0
3951 6180.969888638542 57.38995826050598 0
3952 4832.048262290864 513.0533299138367 0
3953 5067.833637717698 850.2933299946988 0
3954 4783.482415415919 200.396921286582 0
3955 4846.502470977025 385.6734476476466 0
3956 5129.792351886195 471.0523765476916 0
3957 4706.579914485626 450.9574706838841 0
3958 5133.904959916375 357.7305698024796 0
3959 4703.052208161753 484.6305778095385 0
3960 5276.422871638164 536.1505865150917 0
3961 5222.166900683616 381.348993661394 0
3962 5927.965910112569 628.8808126144208 0
3963 2732.582162941856 149.2123379995301 0
3964 5494.580998968236 321.4031310999634 0
3965 5315.509181999839 413.2700034467837 0
3966 4852.384868314543 378.1013370540926 0
3967 5204.940683537259 504.6976512835056 0
3968 839.5645436221766 849.0028049480366 0
3969 4524.116748676252 589.9772124947517 0
3970 4829.859144238791 418.4980385432694 0
3971 7218.778750086637 300.8791759803029 0
3972 5260.506637165967 647.1710627807179 0
3973 4868.702180485256 462.385341053337 0
3974 4822.257514543622 509.1712151478947 0
3975 4902.945152004945 961.4368037753036 0
3976 5293.739906150571 464.2997705803873 0
3977 5320.338074536335 585.4914465916061 0
3978 5158.214349864133 717.4441551488361 0
3979 4575.572687406091 665.4280797791509 0
3980 4795.047681146458 398.0585220572837 0
3981 5266.975041663516 230.6438790647513 0
3982 8098.295251628837 856.0876285650432 0
3983 4774.529430369149 317.1614845355796 0
3984 5319.305557816288 508.2538367264343 0
3985 5319.276329254582 513.6752947961855 0
3986 5209.590295762378 517.2054398263418 0
3987 7118.295431818078 860.3768438420673 0
3988 4748.701585426488 750.9437480974455 0
3989 3072.946188560298 860.2035438036305 0
3990 2891.6786132803 231.4125363938946 0
3991 4579.366956413907 265.8814091184011 0
3992 5346.236807520176 623.4943302343453 0
3993 5344.113369545203 634.5365519982457 0
3994 235.0870050132053 151.1391214282431 0
3995 5627.72856683903 593.5193669809477 0
3996 4459.316852967278 697.075631209319 0
3997 1882.887572671541 138.7450007135515 0
3998 4654.136363118341 937.2233896172791 0
3999 5057.582428325608 393.4362148570529 0
4000 5454.580620489742 408.8925938200175 0
4001 5203.942441121791 484.3655654859417 0
$EndNodes
$Elements
8100
1 15 2 0 1 1
2 15 2 0 2 2
3 15 2 0 3 3
4 15 2 0 4 4
5 15 2 0 5 5
6 15 2 0 6 6
7 15 2 0 7 7
8 15 2 0 8 8
9 1 2 0 1 1 9
10 1 2 0 1 9 10
11 1 2 0 1 10 11
12 1 2 0 1 11 12
13 1 2 0 1 12 13
14 1 2 0 1 13 14
15 1 2 0 1 14 15
16 1 2 0 1 15 16
17 1 2 0 1 16 17
18 1 2 0 1 17 18
19 1 2 0 1 18 19
20 1 2 0 1 19 20
21 1 2 0 1 20 21
22 1 2 0 1 21 22
23 1 2 0 1 22 23
24 1 2 0 1 23 24
25 1 2 0 1 24 25
26 1 2 0 1 25 26
27 1 2 0 1 26 27
28 1 2 0 1 27 28
29 1 2 0 1 28 29
30 1 2 0 1 29 30
31 1 2 0 1 30 31
32 1 2 0 1 31 32
33 1 2 0 1 32 33
34 1 2 0 1 33 34
35 1 2 0 1 34 35
36 1 2 0 1 35 36
37 1 2 0 1 36 37
38 1 2 0 1 37 38
39 1 2 0 1 38 39
40 1 2 0 1 39 40
41 1 2 0 1 40 41
42 1 2 0 1 41 42
43 1 2 0 1 42 43
44 1 2 0 1 43 44
45 1 2 0 1 44 45
46 1 2 0 1 45 46
47 1 2 0 1 46 47
48 1 2 0 1 47 48
49 1 2 0 1 48 49
50 1 2 0 1 49 50
51 1 2 0 1 50 51
52 1 2 0 1 51 52
53 1 2 0 1 52 53
54 1 2 0 1 53 54
55 1 2 0 1 54 55
56 1 2 0 1 55 56
57 1 2 0 1 56 57
58 1 2 0 1 57 58
59 1 2 0 1 58 59
60 1 2 0 1 59 60
61 1 2 0 1 60 61
62 1 2 0 1 61 62
63 1 2 0 1 62 63
64 1 2 0 1 63 64
65 1 2 0 1 64 65
66 1 2 0 1 65 66
67 1 2 0 1 66 67
68 1 2 0 1 67 68
69 1 2 0 1 68 69
70 1 2 0 1 69 70
71 1 2 0 1 70 71
72 1 2 0 1 71 72
73 1 2 0 1 72 73
74 1 2 0 1 73 74
75 1 2 0 1 74 75
76 1 2 0 1 75 76
77 1 2 0 1 76 77
78 1 2 0 1 77 78
79 1 2 0 1 78 79
80 1 2 0 1 79 80
81 1 2 0 1 80 81
82 1 2 0 1 81 82
83 1 2 0 1 82 83
84 1 2 0 1 83 84
85 1 2 0 1 84 85
86 1 2 0 1 85 86
87 1 2 0 1 86 87
88 1 2 0 1 87 88
89 1 2 0 1 88 89
90 1 2 0 1 89 90
91 1 2 0 1 90 91
92 1 2 0 1 91 92
93 1 2 0 1 92 93
94 1 2 0 1 93 94
95 1 2 0 1 94 95
96 1 2 0 1 95 96
97 1 2 0 1 96 97
98 1 2 0 1 97 98
99 1 2 0 1 98 99
100 1 2 0 1 99 100
101 1 2 0 1 100 101
102 1 2 0 1 101 102
103 1 2 0 1 102 103
104 1 2 0 1 103 104
105 1 2 0 1 104 105
106 1 2 0 1 105 106
107 1 2 0 1 106 107
108 1 2 0 1 107 108
109 1 2 0 1 108 109
110 1 2 0 1 109 110
111 1 2 0 1 110 111
112 1 2 0 1 111 112
113 1 2 0 1 112 113
114 1 2 0 1 113 114
115 1 2 0 1 114 2
116 1 2 0 2 3 115
117 1 2 0 2 115 116
118 1 2 0 2 116 117
119 1 2 0 2 117 118
120 1 2 0 2 118 119
121 1 2 0 2 119 120
122 1 2 0 2 120 121
123 1 2 0 2 121 122
124 1 2 0 2 122 123
125 1 2 0 2 123 1
126 1 2 0 3 2 124
127 1 2 0 3 124 125
128 1 2 0 3 125 126
129 1 2 0 3 126 127
130 1 2 0 3 127 128
131 1 2 0 3 128 129
132 1 2 0 3 129 130
133 1 2 0 3 130 131
134 1 2 0 3 131 132
135 1 2 0 3 132 4
136 1 2 0 4 4 133
137 1 2 0 4 133 134
138 1 2 0 4 134 135
139 1 2 0 4 135 136
140 1 2 0 4 136 137
141 1 2 0 4 137 138
142 1 2 0 4 138 139
143 1 2 0 4 139 140
144 1 2 0 4 140 141
145 1 2 0 4 141 142
146 1 2 0 4 142 143
147 1 2 0 4 143 144
148 1 2 0 4 144 145
149 1 2 0 4 145 146
150 1 2 0 4 146 147
151 1 2 0 4 147 148
152 1 2 0 4 148 149
153 1 2 0 4 149 150
154 1 2 0 4 150 151
155 1 2 0 4 151 152
156 1 2 0 4 152 153
157 1 2 0 4 153 154
158 1 2 0 4 154 155
159 1 2 0 4 155 156
160 1 2 0 4 156 157
161 1 2 0 4 157 158
162 1 2 0 4 158 159
163 1 2 0 4 159 160
164 1 2 0 4 160 161
165 1 2 0 4 161 162
166 1 2 0 4 162 163
167 1 2 0 4 163 164
168 1 2 0 4 164 165
169 1 2 0 4 165 166
170 1 2 0 4 166 167
171 1 2 0 4 167 168
172 1 2 0 4 168 169
173 1 2 0 4 169 170
174 1 2 0 4 170 171
175 1 2 0 4 171 172
176 1 2 0 4 172 173
177 1 2 0 4 173 174
178 1 2 0 4 174 175
179 1 2 0 4 175 176
180 1 2 0 4 176 177
181 1 2 0 4 177 178
182 1 2 0 4 178 179
183 1 2 0 4 179 180
184 1 2 0 4 180 181
185 1 2 0 4 181 182
186 1 2 0 4 182 183
187 1 2 0 4 183 184
188 1 2 0 4 184 185
189 1 2 0 4 185 186
190 1 2 0 4 186 187
191 1 2 0 4 187 188
192 1 2 0 4 188 189
193 1 2 0 4 189 190
194 1 2 0 4 190 191
195 1 2 0 4 191 192
196 1 2 0 4 192 193
197 1 2 0 4 193 194
198 1 2 0 4 194 195
199 1 2 0 4 195 196
200 1 2 0 4 196 197
201 1 2 0 4 197 198
202 1 2 0 4 198 199
203 1 2 0 4 199 200
204 1 2 0 4 200 201
205 1 2 0 4 201 202
206 1 2 0 4 202 203
207 1 2 0 4 203 204
208 1 2 0 4 204 205
209 1 2 0 4 205 206
210 1 2 0 4 206 207
211 1 2 0 4 207 208
212 1 2 0 4 208 209
213 1 2 0 4 209 210
214 1 2 0 4 210 211
215 1 2 0 4 211 212
216 1 2 0 4 212 213
217 1 2 0 4 213 214
218 1 2 0 4 214 215
219 1 2 0 4 215 216
220 1 2 0 4 216 217
221 1 2 0 4 217 218
222 1 2 0 4 218 219
223 1 2 0 4 219 220
224 1 2 0 4 220 221
225 1 2 0 4 221 222
226 1 2 0 4 222 223
227 1 2 0 4 223 224
228 1 2 0 4 224 225
229 1 2 0 4 225 226
230 1 2 0 4 226 227
231 1 2 0 4 227 228
232 1 2 0 4 228 229
233 1 2 0 4 229 230
234 1 2 0 4 230 231
235 1 2 0 4 231 232
236 1 2 0 4 232 233
237 1 2 0 4 233 234
238 1 2 0 4 234 235
239 1 2 0 4 235 236
240 1 2 0 4 236 237
241 1 2 0 4 237 238
242 1 2 0 4 238 3
243 1 2 0 5 5 239
244 1 2 0 5 239 240
245 1 2 0 5 240 241
246 1 2 0 5 241 242
247 1 2 0 5 242 243
248 1 2 0 5 243 244
249 1 2 0 5 244 245
250 1 2 0 5 245 246
251 1 2 0 5 246 247
252 1 2 0 5 247 248
253 1 2 0 5 248 249
254 1 2 0 5 249 250
255 1 2 0 5 250 251
256 1 2 0 5 251 252
257 1 2 0 5 252 253
258 1 2 0 5 253 254
259 1 2 0 5 254 255
260 1 2 0 5 255 256
261 1 2 0 5 256 257
262 1 2 0 5 257 258
263 1 2 0 5 258 259
264 1 2 0 5 259 260
265 1 2 0 5 260 261
266 1 2 0 5 261 262
267 1 2 0 5 262 263
268 1 2 0 5 263 264
269 1 2 0 5 264 265
270 1 2 0 5 265 266
271 1 2 0 5 266 267
272 1 2 0 5 267 268
273 1 2 0 5 268 269
274 1 2 0 5 269 270
275 1 2 0 5 270 271
276 1 2 0 5 271 272
277 1 2 0 5 272 273
278 1 2 0 5 273 274
279 1 2 0 5 274 275
280 1 2 0 5 275 276
281 1 2 0 5 276 277
282 1 2 0 5 277 278
283 1 2 0 5 278 279
284 1 2 0 5 279 280
285 1 2 0 5 280 281
286 1 2 0 5 281 282
287 1 2 0 5 282 283
288 1 2 0 5 283 284
289 1 2 0 5 284 285
290 1 2 0 5 285 5
291 1 2 0 6 6 286
292 1 2 0 6 286 287
293 1 2 0 6 287 288
294 1 2 0 6 288 289
295 1 2 0 6 289 290
296 1 2 0 6 290 291
297 1 2 0 6 291 292
298 1 2 0 6 292 293
299 1 2 0 6 293 294
300 1 2 0 6 294 295
301 1 2 0 6 295 296
302 1 2 0 6 296 297
303 1 2 0 6 297 298
304 1 2 0 6 298 299
305 1 2 0 6 299 300
306 1 2 0 6 300 301
307 1 2 0 6 301 302
308 1 2 0 6 302 303
309 1 2 0 6 303 304
310 1 2 0 6 304 305
311 1 2 0 6 305 306
312 1 2 0 6 306 307
313 1 2 0 6 307 308
314 1 2 0 6 308 309
315 1 2 0 6 309 310
316 1 2 0 6 310 311
317 1 2 0 6 311 312
318 1 2 0 6 312 313
319 1 2 0 6 313 314
320 1 2 0 6 314 315
321 1 2 0 6 315 316
322 1 2 0 6 316 317
323 1 2 0 6 317 318
324 1 2 0 6 318 319
325 1 2 0 6 319 320
326 1 2 0 6 320 321
327 1 2 0 6 321 322
328 1 2 0 6 322 323
329 1 2 0 6 323 324
330 1 2 0 6 324 325
331 1 2 0 6 325 326
332 1 2 0 6 326 327
333 1 2 0 6 327 328
334 1 2 0 6 328 329
335 1 2 0 6 329 330
336 1 2 0 6 330 331
337 1 2 0 6 331 332
338 1 2 0 6 332 6
339 2 2 0 2 423 451 343
340 2 2 0 2 407 501 449
341 2 2 0 2 356 411 359
342 2 2 0 2 359 411 368
343 2 2 0 2 401 489 388
344 2 2 0 2 260 442 259
345 2 2 0 2 373 431 369
346 2 2 0 2 423 453 451
347 2 2 0 2 451 479 343
348 2 2 0 2 406 419 404
349 2 2 0 2 390 412 391
350 2 2 0 2 427 502 426
351 2 2 0 2 402 420 395
352 2 2 0 2 387 406 404
353 2 2 0 2 404 405 386
354 2 2 0 2 393 399 394
355 2 2 0 2 384 401 388
356 2 2 0 2 377 424 397
357 2 2 0 2 452 479 451
358 2 2 0 2 395 428 378
359 2 2 0 2 382 402 395
360 2 2 0 2 390 391 381
361 2 2 0 2 397 409 383
362 2 2 0 2 412 413 344
363 2 2 0 2 388 416 415
364 2 2 0 2 356 359 358
365 2 2 0 2 358 417 379
366 2 2 0 2 399 477 394
367 2 2 0 2 363 417 360
368 2 2 0 2 404 483 405
369 2 2 0 2 285 466 284
370 2 2 0 2 409 422 410
371 2 2 0 2 387 501 406
372 2 2 0 2 397 496 409
373 2 2 0 2 266 469 265
374 2 2 0 2 389 486 408
375 2 2 0 2 360 417 358
376 2 2 0 2 406 457 419
377 2 2 0 2 339 499 414
378 2 2 0 2 394 424 380
379 2 2 0 2 259 442 341
380 2 2 0 2 419 457 342
381 2 2 0 2 408 486 448
382 2 2 0 2 408 431 385
383 2 2 0 2 424 425 397
384 2 2 0 2 437 455 337
385 2 2 0 2 428 429 401
386 2 2 0 2 396 440 371
387 2 2 0 2 420 467 439
388 2 2 0 2 467 473 439
389 2 2 0 2 375 432 392
390 2 2 0 2 425 437 337
391 2 2 0 2 413 433 344
392 2 2 0 2 418 497 402
393 2 2 0 2 388 415 389
394 2 2 0 2 409 410 383
395 2 2 0 2 356 358 357
396 2 2 0 2 438 455 437
397 2 2 0 2 395 491 428
398 2 2 0 2 405 452 451
399 2 2 0 2 403 418 402
400 2 2 0 2 358 379 357
401 2 2 0 2 408 485 478
402 2 2 0 2 483 487 452
403 2 2 0 2 406 501 457
404 2 2 0 2 394 437 424
405 2 2 0 2 335 487 483
406 2 2 0 2 260 470 442
407 2 2 0 2 385 431 373
408 2 2 0 2 414 454 339
409 2 2 0 2 457 501 407
410 2 2 0 2 333 466 285
411 2 2 0 2 414 499 449
412 2 2 0 2 384 428 401
413 2 2 0 2 389 408 385
414 2 2 0 2 390 508 435
415 2 2 0 2 426 443 399
416 2 2 0 2 337 441 425
417 2 2 0 2 431 446 369
418 2 2 0 2 363 440 417
419 2 2 0 2 464 502 488
420 2 2 0 2 381 396 371
421 2 2 0 2 375 392 380
422 2 2 0 2 400 427 426
423 2 2 0 2 396 480 440
424 2 2 0 2 429 491 347
425 2 2 0 2 460 461 416
426 2 2 0 2 419 458 444
427 2 2 0 2 265 469 344
428 2 2 0 2 400 426 399
429 2 2 0 2 412 414 391
430 2 2 0 2 390 413 412
431 2 2 0 2 347 468 429
432 2 2 0 2 264 433 263
433 2 2 0 2 447 502 336
434 2 2 0 2 387 404 386
435 2 2 0 2 393 394 380
436 2 2 0 2 426 502 447
437 2 2 0 2 359 360 358
438 2 2 0 2 344 433 264
439 2 2 0 2 384 388 385
440 2 2 0 2 336 502 464
441 2 2 0 2 458 482 444
442 2 2 0 2 448 485 408
443 2 2 0 2 449 501 398
444 2 2 0 2 440 480 417
445 2 2 0 2 344 469 412
446 2 2 0 2 284 466 465
447 2 2 0 2 250 447 336
448 2 2 0 2 439 491 395
449 2 2 0 2 382 395 378
450 2 2 0 2 376 390 381
451 2 2 0 2 377 397 383
452 2 2 0 2 354 356 355
453 2 2 0 2 454 469 266
454 2 2 0 2 364 432 367
455 2 2 0 2 413 435 434
456 2 2 0 2 408 478 431
457 2 2 0 2 388 389 385
458 2 2 0 2 394 477 438
459 2 2 0 2 425 436 397
460 2 2 0 2 257 441 256
461 2 2 0 2 356 357 355
462 2 2 0 2 354 411 356
463 2 2 0 2 365 432 364
464 2 2 0 2 367 432 375
465 2 2 0 2 379 480 387
466 2 2 0 2 359 361 360
467 2 2 0 2 405 451 450
468 2 2 0 2 420 439 395
469 2 2 0 2 251 447 250
470 2 2 0 2 424 437 425
471 2 2 0 2 376 508 390
472 2 2 0 2 475 477 346
473 2 2 0 2 256 441 337
474 2 2 0 2 361 362 360
475 2 2 0 2 359 368 361
476 2 2 0 2 348 504 421
477 2 2 0 2 390 435 413
478 2 2 0 2 387 505 501
479 2 2 0 2 368 369 361
480 2 2 0 2 362 363 360
481 2 2 0 2 438 477 475
482 2 2 0 2 368 372 369
483 2 2 0 2 362 364 363
484 2 2 0 2 372 373 369
485 2 2 0 2 364 366 363
486 2 2 0 2 362 365 364
487 2 2 0 2 423 507 453
488 2 2 0 2 364 367 366
489 2 2 0 2 367 370 366
490 2 2 0 2 370 371 366
491 2 2 0 2 367 374 370
492 2 2 0 2 367 375 374
493 2 2 0 2 421 430 353
494 2 2 0 2 351 421 353
495 2 2 0 2 446 478 365
496 2 2 0 2 351 353 352
497 2 2 0 2 351 352 350
498 2 2 0 2 391 449 398
499 2 2 0 2 419 444 404
500 2 2 0 2 413 434 433
501 2 2 0 2 277 343 276
502 2 2 0 2 274 335 273
503 2 2 0 2 250 336 249
504 2 2 0 2 253 346 252
505 2 2 0 2 259 341 258
506 2 2 0 2 241 347 240
507 2 2 0 2 271 342 270
508 2 2 0 2 265 344 264
509 2 2 0 2 5 333 285
510 2 2 0 2 262 334 261
511 2 2 0 2 283 348 282
512 2 2 0 2 268 339 267
513 2 2 0 2 247 345 246
514 2 2 0 2 244 338 243
515 2 2 0 2 256 337 255
516 2 2 0 2 280 340 279
517 2 2 0 2 444 483 404
518 2 2 0 2 394 438 437
519 2 2 0 2 366 440 363
520 2 2 0 2 436 496 397
521 2 2 0 2 463 494 429
522 2 2 0 2 340 351 350
523 2 2 0 2 350 423 349
524 2 2 0 2 425 441 436
525 2 2 0 2 351 445 421
526 2 2 0 2 342 458 419
527 2 2 0 2 429 468 463
528 2 2 0 2 431 478 446
529 2 2 0 2 281 445 280
530 2 2 0 2 381 398 396
531 2 2 0 2 409 442 422
532 2 2 0 2 362 446 365
533 2 2 0 2 371 440 366
534 2 2 0 2 369 446 361
535 2 2 0 2 403 430 418
536 2 2 0 2 461 493 416
537 2 2 0 2 466 497 418
538 2 2 0 2 415 472 389
539 2 2 0 2 350 507 423
540 2 2 0 2 421 476 348
541 2 2 0 2 280 445 340
542 2 2 0 2 405 483 452
543 2 2 0 2 435 498 434
544 2 2 0 2 334 498 422
545 2 2 0 2 412 469 414
546 2 2 0 2 421 504 430
547 2 2 0 2 414 449 391
548 2 2 0 2 361 446 362
549 2 2 0 2 393 400 399
550 2 2 0 2 380 424 377
551 2 2 0 2 465 466 418
552 2 2 0 2 382 403 402
553 2 2 0 2 391 398 381
554 2 2 0 2 333 467 420
555 2 2 0 2 429 494 401
556 2 2 0 2 343 490 423
557 2 2 0 2 378 428 384
558 2 2 0 2 392 485 448
559 2 2 0 2 340 445 351
560 2 2 0 2 434 498 334
561 2 2 0 2 451 453 450
562 2 2 0 2 422 470 334
563 2 2 0 2 340 350 349
564 2 2 0 2 402 497 420
565 2 2 0 2 420 497 333
566 2 2 0 2 417 480 379
567 2 2 0 2 418 504 465
568 2 2 0 2 267 454 266
569 2 2 0 2 410 498 435
570 2 2 0 2 379 386 357
571 2 2 0 2 272 458 271
572 2 2 0 2 379 387 386
573 2 2 0 2 416 503 460
574 2 2 0 2 339 454 267
575 2 2 0 2 494 503 489
576 2 2 0 2 405 450 386
577 2 2 0 2 388 489 416
578 2 2 0 2 271 458 342
579 2 2 0 2 347 491 439
580 2 2 0 2 392 393 380
581 2 2 0 2 416 493 415
582 2 2 0 2 248 459 247
583 2 2 0 2 245 460 244
584 2 2 0 2 269 462 268
585 2 2 0 2 270 456 269
586 2 2 0 2 246 461 245
587 2 2 0 2 243 463 242
588 2 2 0 2 255 455 254
589 2 2 0 2 279 349 278
590 2 2 0 2 284 465 283
591 2 2 0 2 249 464 248
592 2 2 0 2 426 447 443
593 2 2 0 2 239 467 5
594 2 2 0 2 242 468 241
595 2 2 0 2 346 477 443
596 2 2 0 2 443 477 399
597 2 2 0 2 342 457 456
598 2 2 0 2 345 461 246
599 2 2 0 2 338 463 243
600 2 2 0 2 336 464 249
601 2 2 0 2 268 462 339
602 2 2 0 2 244 460 338
603 2 2 0 2 340 349 279
604 2 2 0 2 337 455 255
605 2 2 0 2 247 459 345
606 2 2 0 2 342 456 270
607 2 2 0 2 283 465 348
608 2 2 0 2 5 467 333
609 2 2 0 2 241 468 347
610 2 2 0 2 261 470 260
611 2 2 0 2 334 470 261
612 2 2 0 2 501 505 398
613 2 2 0 2 347 473 240
614 2 2 0 2 240 473 239
615 2 2 0 2 253 475 346
616 2 2 0 2 263 481 262
617 2 2 0 2 428 491 429
618 2 2 0 2 398 505 396
619 2 2 0 2 384 385 373
620 2 2 0 2 343 479 276
621 2 2 0 2 445 476 421
622 2 2 0 2 355 507 352
623 2 2 0 2 282 476 281
624 2 2 0 2 433 481 263
625 2 2 0 2 471 488 472
626 2 2 0 2 472 488 427
627 2 2 0 2 335 482 273
628 2 2 0 2 436 484 341
629 2 2 0 2 439 473 347
630 2 2 0 2 341 484 258
631 2 2 0 2 348 476 282
632 2 2 0 2 401 494 489
633 2 2 0 2 382 500 403
634 2 2 0 2 274 487 335
635 2 2 0 2 442 470 422
636 2 2 0 2 403 500 411
637 2 2 0 2 277 490 343
638 2 2 0 2 254 475 253
639 2 2 0 2 488 502 427
640 2 2 0 2 346 492 252
641 2 2 0 2 276 479 275
642 2 2 0 2 423 490 349
643 2 2 0 2 365 485 432
644 2 2 0 2 422 498 410
645 2 2 0 2 334 481 434
646 2 2 0 2 441 484 436
647 2 2 0 2 430 504 418
648 2 2 0 2 262 481 334
649 2 2 0 2 273 482 272
650 2 2 0 2 434 481 433
651 2 2 0 2 432 485 392
652 2 2 0 2 258 484 257
653 2 2 0 2 471 493 345
654 2 2 0 2 415 493 471
655 2 2 0 2 444 482 335
656 2 2 0 2 471 472 415
657 2 2 0 2 414 469 454
658 2 2 0 2 410 508 383
659 2 2 0 2 442 496 341
660 2 2 0 2 409 496 442
661 2 2 0 2 438 475 455
662 2 2 0 2 245 461 460
663 2 2 0 2 248 464 459
664 2 2 0 2 456 462 269
665 2 2 0 2 275 487 274
666 2 2 0 2 463 468 242
667 2 2 0 2 281 476 445
668 2 2 0 2 443 492 346
669 2 2 0 2 465 504 348
670 2 2 0 2 411 500 368
671 2 2 0 2 278 490 277
672 2 2 0 2 335 483 444
673 2 2 0 2 239 473 467
674 2 2 0 2 459 471 345
675 2 2 0 2 464 488 459
676 2 2 0 2 252 492 251
677 2 2 0 2 459 488 471
678 2 2 0 2 257 484 441
679 2 2 0 2 453 507 355
680 2 2 0 2 455 475 254
681 2 2 0 2 272 482 458
682 2 2 0 2 480 505 387
683 2 2 0 2 341 496 436
684 2 2 0 2 349 490 278
685 2 2 0 2 352 507 350
686 2 2 0 2 462 499 339
687 2 2 0 2 392 448 393
688 2 2 0 2 372 378 373
689 2 2 0 2 370 376 371
690 2 2 0 2 375 377 374
691 2 2 0 2 374 474 370
692 2 2 0 2 353 354 352
693 2 2 0 2 378 384 373
694 2 2 0 2 372 382 378
695 2 2 0 2 376 381 371
696 2 2 0 2 375 380 377
697 2 2 0 2 377 383 374
698 2 2 0 2 354 355 352
699 2 2 0 2 462 506 499
700 2 2 0 2 448 486 400
701 2 2 0 2 479 487 275
702 2 2 0 2 450 453 355
703 2 2 0 2 452 487 479
704 2 2 0 2 251 492 447
705 2 2 0 2 338 503 494
706 2 2 0 2 478 485 365
707 2 2 0 2 357 450 355
708 2 2 0 2 447 492 443
709 2 2 0 2 472 486 389
710 2 2 0 2 407 506 457
711 2 2 0 2 457 506 456
712 2 2 0 2 386 450 357
713 2 2 0 2 345 493 461
714 2 2 0 2 449 499 407
715 2 2 0 2 338 494 463
716 2 2 0 2 333 497 466
717 2 2 0 2 400 486 427
718 2 2 0 2 383 474 374
719 2 2 0 2 393 448 400
720 2 2 0 2 411 495 403
721 2 2 0 2 427 486 472
722 2 2 0 2 430 495 353
723 2 2 0 2 460 503 338
724 2 2 0 2 372 500 382
725 2 2 0 2 499 506 407
726 2 2 0 2 456 506 462
727 2 2 0 2 368 500 372
728 2 2 0 2 354 495 411
729 2 2 0 2 435 508 410
730 2 2 0 2 383 508 474
731 2 2 0 2 489 503 416
732 2 2 0 2 370 474 376
733 2 2 0 2 403 495 430
734 2 2 0 2 396 505 480
735 2 2 0 2 353 495 354
736 2 2 0 2 474 508 376
737 2 2 0 3 599 627 514
738 2 2 0 3 583 677 625
739 2 2 0 3 532 587 535
740 2 2 0 3 535 587 544
741 2 2 0 3 577 666 564
742 2 2 0 3 287 618 286
743 2 2 0 3 549 607 545
744 2 2 0 3 599 629 627
745 2 2 0 3 627 656 514
746 2 2 0 3 582 595 580
747 2 2 0 3 566 588 567
748 2 2 0 3 603 678 602
749 2 2 0 3 578 596 571
750 2 2 0 3 580 581 562
751 2 2 0 3 563 582 580
752 2 2 0 3 569 575 570
753 2 2 0 3 560 577 564
754 2 2 0 3 553 600 573
755 2 2 0 3 628 656 627
756 2 2 0 3 571 604 554
757 2 2 0 3 558 578 571
758 2 2 0 3 566 567 557
759 2 2 0 3 573 585 559
760 2 2 0 3 588 589 515
761 2 2 0 3 564 592 591
762 2 2 0 3 532 535 534
763 2 2 0 3 534 593 555
764 2 2 0 3 575 654 570
765 2 2 0 3 539 593 536
766 2 2 0 3 580 660 581
767 2 2 0 3 585 598 586
768 2 2 0 3 563 677 582
769 2 2 0 3 573 673 585
770 2 2 0 3 293 645 292
771 2 2 0 3 565 663 584
772 2 2 0 3 536 593 534
773 2 2 0 3 582 635 595
774 2 2 0 3 518 675 590
775 2 2 0 3 570 600 556
776 2 2 0 3 286 618 509
777 2 2 0 3 595 635 512
778 2 2 0 3 584 663 624
779 2 2 0 3 584 607 561
780 2 2 0 3 600 601 573
781 2 2 0 3 613 642 522
782 2 2 0 3 604 605 577
783 2 2 0 3 572 616 547
784 2 2 0 3 596 643 615
785 2 2 0 3 643 649 615
786 2 2 0 3 551 608 568
787 2 2 0 3 601 613 522
788 2 2 0 3 589 609 515
789 2 2 0 3 564 591 565
790 2 2 0 3 596 652 524
791 2 2 0 3 585 586 559
792 2 2 0 3 532 534 533
793 2 2 0 3 614 642 613
794 2 2 0 3 594 652 578
795 2 2 0 3 571 668 604
796 2 2 0 3 578 652 596
797 2 2 0 3 581 628 627
798 2 2 0 3 579 594 578
799 2 2 0 3 534 555 533
800 2 2 0 3 584 662 655
801 2 2 0 3 660 664 628
802 2 2 0 3 582 677 635
803 2 2 0 3 570 613 600
804 2 2 0 3 520 664 660
805 2 2 0 3 287 646 618
806 2 2 0 3 561 607 549
807 2 2 0 3 590 630 518
808 2 2 0 3 594 641 639
809 2 2 0 3 635 677 583
810 2 2 0 3 590 675 625
811 2 2 0 3 560 604 577
812 2 2 0 3 565 584 561
813 2 2 0 3 566 684 611
814 2 2 0 3 602 619 575
815 2 2 0 3 522 617 601
816 2 2 0 3 607 622 545
817 2 2 0 3 539 616 593
818 2 2 0 3 632 678 665
819 2 2 0 3 557 572 547
820 2 2 0 3 551 568 556
821 2 2 0 3 576 603 602
822 2 2 0 3 572 657 616
823 2 2 0 3 605 668 513
824 2 2 0 3 633 640 592
825 2 2 0 3 595 636 620
826 2 2 0 3 292 645 515
827 2 2 0 3 576 602 575
828 2 2 0 3 566 589 588
829 2 2 0 3 588 590 567
830 2 2 0 3 513 644 605
831 2 2 0 3 291 609 290
832 2 2 0 3 623 678 519
833 2 2 0 3 563 580 562
834 2 2 0 3 569 570 556
835 2 2 0 3 602 678 623
836 2 2 0 3 535 536 534
837 2 2 0 3 639 652 594
838 2 2 0 3 515 609 291
839 2 2 0 3 560 564 561
840 2 2 0 3 519 678 632
841 2 2 0 3 636 659 620
842 2 2 0 3 624 662 584
843 2 2 0 3 625 677 574
844 2 2 0 3 616 657 593
845 2 2 0 3 515 645 588
846 2 2 0 3 325 623 519
847 2 2 0 3 615 668 571
848 2 2 0 3 558 571 554
849 2 2 0 3 552 566 557
850 2 2 0 3 553 573 559
851 2 2 0 3 530 532 531
852 2 2 0 3 630 645 293
853 2 2 0 3 540 608 543
854 2 2 0 3 589 611 610
855 2 2 0 3 584 655 607
856 2 2 0 3 564 565 561
857 2 2 0 3 570 654 614
858 2 2 0 3 601 612 573
859 2 2 0 3 332 617 331
860 2 2 0 3 532 533 531
861 2 2 0 3 530 587 532
862 2 2 0 3 541 608 540
863 2 2 0 3 543 608 551
864 2 2 0 3 555 657 563
865 2 2 0 3 535 537 536
866 2 2 0 3 581 627 626
867 2 2 0 3 596 615 571
868 2 2 0 3 326 623 325
869 2 2 0 3 600 613 601
870 2 2 0 3 552 684 566
871 2 2 0 3 651 654 516
872 2 2 0 3 331 617 522
873 2 2 0 3 535 544 537
874 2 2 0 3 537 538 536
875 2 2 0 3 510 680 597
876 2 2 0 3 566 611 589
877 2 2 0 3 563 681 677
878 2 2 0 3 538 539 536
879 2 2 0 3 544 545 537
880 2 2 0 3 614 654 651
881 2 2 0 3 538 540 539
882 2 2 0 3 544 548 545
883 2 2 0 3 538 541 540
884 2 2 0 3 548 549 545
885 2 2 0 3 540 542 539
886 2 2 0 3 599 683 629
887 2 2 0 3 540 543 542
888 2 2 0 3 543 546 542
889 2 2 0 3 543 550 546
890 2 2 0 3 546 547 542
891 2 2 0 3 543 551 550
892 2 2 0 3 597 606 529
893 2 2 0 3 527 597 529
894 2 2 0 3 622 655 541
895 2 2 0 3 527 529 528
896 2 2 0 3 527 528 526
897 2 2 0 3 567 625 574
898 2 2 0 3 595 620 580
899 2 2 0 3 589 610 609
900 2 2 0 3 328 516 327
901 2 2 0 3 310 510 309
902 2 2 0 3 298 512 297
903 2 2 0 3 331 522 330
904 2 2 0 3 313 524 312
905 2 2 0 3 292 515 291
906 2 2 0 3 286 509 6
907 2 2 0 3 289 523 288
908 2 2 0 3 316 513 315
909 2 2 0 3 295 518 294
910 2 2 0 3 319 521 318
911 2 2 0 3 322 511 321
912 2 2 0 3 304 514 303
913 2 2 0 3 325 519 324
914 2 2 0 3 301 520 300
915 2 2 0 3 307 517 306
916 2 2 0 3 620 660 580
917 2 2 0 3 570 614 613
918 2 2 0 3 542 616 539
919 2 2 0 3 612 673 573
920 2 2 0 3 637 671 605
921 2 2 0 3 526 599 525
922 2 2 0 3 517 527 526
923 2 2 0 3 601 617 612
924 2 2 0 3 527 621 597
925 2 2 0 3 512 636 595
926 2 2 0 3 605 644 637
927 2 2 0 3 607 655 622
928 2 2 0 3 308 621 307
929 2 2 0 3 557 574 572
930 2 2 0 3 585 618 598
931 2 2 0 3 538 622 541
932 2 2 0 3 547 616 542
933 2 2 0 3 545 622 537
934 2 2 0 3 579 606 594
935 2 2 0 3 640 670 592
936 2 2 0 3 591 648 565
937 2 2 0 3 526 683 599
938 2 2 0 3 597 653 510
939 2 2 0 3 307 621 517
940 2 2 0 3 581 660 628
941 2 2 0 3 611 674 610
942 2 2 0 3 523 674 598
943 2 2 0 3 588 645 590
944 2 2 0 3 597 680 606
945 2 2 0 3 590 625 567
946 2 2 0 3 537 622 538
947 2 2 0 3 569 576 575
948 2 2 0 3 556 600 553
949 2 2 0 3 558 579 578
950 2 2 0 3 567 574 557
951 2 2 0 3 524 643 596
952 2 2 0 3 605 671 577
953 2 2 0 3 514 667 599
954 2 2 0 3 554 604 560
955 2 2 0 3 568 662 624
956 2 2 0 3 517 621 527
957 2 2 0 3 610 674 523
958 2 2 0 3 627 629 626
959 2 2 0 3 598 646 523
960 2 2 0 3 517 526 525
961 2 2 0 3 593 657 555
962 2 2 0 3 594 680 641
963 2 2 0 3 294 630 293
964 2 2 0 3 586 674 611
965 2 2 0 3 555 562 533
966 2 2 0 3 299 636 298
967 2 2 0 3 555 563 562
968 2 2 0 3 592 679 633
969 2 2 0 3 518 630 294
970 2 2 0 3 671 679 666
971 2 2 0 3 581 626 562
972 2 2 0 3 564 666 592
973 2 2 0 3 298 636 512
974 2 2 0 3 513 668 615
975 2 2 0 3 568 569 556
976 2 2 0 3 592 670 591
977 2 2 0 3 297 634 296
978 2 2 0 3 323 631 322
979 2 2 0 3 306 525 305
980 2 2 0 3 330 642 329
981 2 2 0 3 311 641 310
982 2 2 0 3 324 632 323
983 2 2 0 3 321 640 320
984 2 2 0 3 312 639 311
985 2 2 0 3 318 637 317
986 2 2 0 3 296 638 295
987 2 2 0 3 320 633 319
988 2 2 0 3 602 623 619
989 2 2 0 3 314 643 313
990 2 2 0 3 317 644 316
991 2 2 0 3 516 654 619
992 2 2 0 3 619 654 575
993 2 2 0 3 512 635 634
994 2 2 0 3 310 641 510
995 2 2 0 3 512 634 297
996 2 2 0 3 522 642 330
997 2 2 0 3 295 638 518
998 2 2 0 3 519 632 324
999 2 2 0 3 322 631 511
1000 2 2 0 3 524 639 312
1001 2 2 0 3 319 633 521
1002 2 2 0 3 517 525 306
1003 2 2 0 3 511 640 321
1004 2 2 0 3 521 637 318
1005 2 2 0 3 313 643 524
1006 2 2 0 3 316 644 513
1007 2 2 0 3 288 646 287
1008 2 2 0 3 523 646 288
1009 2 2 0 3 677 681 574
1010 2 2 0 3 513 649 315
1011 2 2 0 3 315 649 314
1012 2 2 0 3 328 651 516
1013 2 2 0 3 290 658 289
1014 2 2 0 3 604 668 605
1015 2 2 0 3 574 681 572
1016 2 2 0 3 560 561 549
1017 2 2 0 3 514 656 303
1018 2 2 0 3 621 653 597
1019 2 2 0 3 531 683 528
1020 2 2 0 3 309 653 308
1021 2 2 0 3 609 658 290
1022 2 2 0 3 647 665 648
1023 2 2 0 3 648 665 603
1024 2 2 0 3 520 659 300
1025 2 2 0 3 612 661 509
1026 2 2 0 3 615 649 513
1027 2 2 0 3 509 661 6
1028 2 2 0 3 510 653 309
1029 2 2 0 3 577 671 666
1030 2 2 0 3 558 676 579
1031 2 2 0 3 301 664 520
1032 2 2 0 3 618 646 598
1033 2 2 0 3 579 676 587
1034 2 2 0 3 304 667 514
1035 2 2 0 3 329 651 328
1036 2 2 0 3 665 678 603
1037 2 2 0 3 516 669 327
1038 2 2 0 3 303 656 302
1039 2 2 0 3 599 667 525
1040 2 2 0 3 541 662 608
1041 2 2 0 3 598 674 586
1042 2 2 0 3 523 658 610
1043 2 2 0 3 617 661 612
1044 2 2 0 3 606 680 594
1045 2 2 0 3 289 658 523
1046 2 2 0 3 300 659 299
1047 2 2 0 3 610 658 609
1048 2 2 0 3 608 662 568
1049 2 2 0 3 6 661 332
1050 2 2 0 3 591 670 647
1051 2 2 0 3 647 670 511
1052 2 2 0 3 620 659 520
1053 2 2 0 3 647 648 591
1054 2 2 0 3 590 645 630
1055 2 2 0 3 586 684 559
1056 2 2 0 3 585 673 618
1057 2 2 0 3 618 673 509
1058 2 2 0 3 614 651 642
1059 2 2 0 3 323 632 631
1060 2 2 0 3 320 640 633
1061 2 2 0 3 634 638 296
1062 2 2 0 3 639 641 311
1063 2 2 0 3 302 664 301
1064 2 2 0 3 637 644 317
1065 2 2 0 3 308 653 621
1066 2 2 0 3 619 669 516
1067 2 2 0 3 641 680 510
1068 2 2 0 3 587 676 544
1069 2 2 0 3 305 667 304
1070 2 2 0 3 520 660 620
1071 2 2 0 3 314 649 643
1072 2 2 0 3 631 647 511
1073 2 2 0 3 632 665 631
1074 2 2 0 3 327 669 326
1075 2 2 0 3 631 665 647
1076 2 2 0 3 332 661 617
1077 2 2 0 3 629 683 531
1078 2 2 0 3 642 651 329
1079 2 2 0 3 524 652 639
1080 2 2 0 3 299 659 636
1081 2 2 0 3 657 681 563
1082 2 2 0 3 509 673 612
1083 2 2 0 3 525 667 305
1084 2 2 0 3 528 683 526
1085 2 2 0 3 638 675 518
1086 2 2 0 3 568 624 569
1087 2 2 0 3 548 554 549
1088 2 2 0 3 546 552 547
1089 2 2 0 3 551 553 550
1090 2 2 0 3 550 650 546
1091 2 2 0 3 529 530 528
1092 2 2 0 3 548 558 554
1093 2 2 0 3 554 560 549
1094 2 2 0 3 552 557 547
1095 2 2 0 3 551 556 553
1096 2 2 0 3 553 559 550
1097 2 2 0 3 530 531 528
1098 2 2 0 3 638 682 675
1099 2 2 0 3 624 663 576
1100 2 2 0 3 656 664 302
1101 2 2 0 3 626 629 531
1102 2 2 0 3 628 664 656
1103 2 2 0 3 326 669 623
1104 2 2 0 3 521 679 671
1105 2 2 0 3 655 662 541
1106 2 2 0 3 533 626 531
1107 2 2 0 3 623 669 619
1108 2 2 0 3 648 663 565
1109 2 2 0 3 583 682 635
1110 2 2 0 3 635 682 634
1111 2 2 0 3 562 626 533
1112 2 2 0 3 511 670 640
1113 2 2 0 3 625 675 583
1114 2 2 0 3 521 671 637
1115 2 2 0 3 576 663 603
1116 2 2 0 3 559 650 550
1117 2 2 0 3 569 624 576
1118 2 2 0 3 587 672 579
1119 2 2 0 3 603 663 648
1120 2 2 0 3 606 672 529
1121 2 2 0 3 633 679 521
1122 2 2 0 3 548 676 558
1123 2 2 0 3 675 682 583
1124 2 2 0 3 634 682 638
1125 2 2 0 3 544 676 548
1126 2 2 0 3 530 672 587
1127 2 2 0 3 611 684 586
1128 2 2 0 3 559 684 650
1129 2 2 0 3 666 679 592
1130 2 2 0 3 546 650 552
1131 2 2 0 3 579 672 606
1132 2 2 0 3 572 681 657
1133 2 2 0 3 529 672 530
1134 2 2 0 3 650 684 552
1135 2 2 0 4 778 3850 60
1136 2 2 0 4 1266 2746 2415
1137 2 2 0 4 2688 3769 1025
1138 2 2 0 4 735 3470 3029
1139 2 2 0 4 326 3324 2326
1140 2 2 0 4 1995 2352 2351
1141 2 2 0 4 1054 2088 1489
1142 2 2 0 4 1045 2390 2174
1143 2 2 0 4 2330 3688 3455
1144 2 2 0 4 2386 2387 1911
1145 2 2 0 4 2326 3369 326
1146 2 2 0 4 2489 3505 2629
1147 2 2 0 4 1322 3204 2603
1148 2 2 0 4 2921 3695 3174
1149 2 2 0 4 2453 3681 2508
1150 2 2 0 4 2943 3632 3056
1151 2 2 0 4 2008 3433 2692
1152 2 2 0 4 2321 2730 1004
1153 2 2 0 4 2584 3738 3662
1154 2 2 0 4 2161 3120 2028
1155 2 2 0 4 1284 3855 2458
1156 2 2 0 4 3029 3470 2881
1157 2 2 0 4 2382 2843 1372
1158 2 2 0 4 160 2879 159
1159 2 2 0 4 2463 2464 2462
1160 2 2 0 4 2326 3324 2306
1161 2 2 0 4 1687 3626 3277
1162 2 2 0 4 2383 2736 1733
1163 2 2 0 4 2306 3324 3268
1164 2 2 0 4 2384 3551 1318
1165 2 2 0 4 950 3128 2385
1166 2 2 0 4 3174 3695 704
1167 2 2 0 4 2158 2343 2157
1168 2 2 0 4 829 3793 930
1169 2 2 0 4 2153 3409 3278
1170 2 2 0 4 1113 3698 2563
1171 2 2 0 4 2263 2742 2358
1172 2 2 0 4 3193 3215 864
1173 2 2 0 4 2588 3222 2749
1174 2 2 0 4 2508 3681 1003
1175 2 2 0 4 2182 3514 3189
1176 2 2 0 4 2120 3102 3101
1177 2 2 0 4 2371 2442 1732
1178 2 2 0 4 930 3793 2823
1179 2 2 0 4 3277 3626 2390
1180 2 2 0 4 1316 3855 1284
1181 2 2 0 4 695 2613 180
1182 2 2 0 4 1727 1728 875
1183 2 2 0 4 1354 2191 1248
1184 2 2 0 4 1299 1963 1376
1185 2 2 0 4 783 2164 785
1186 2 2 0 4 1672 3464 1290
1187 2 2 0 4 2298 2666 2295
1188 2 2 0 4 1747 2693 2376
1189 2 2 0 4 1995 2351 1997
1190 2 2 0 4 1220 2196 1351
1191 2 2 0 4 1054 1489 1056
1192 2 2 0 4 1045 2174 1079
1193 2 2 0 4 1913 2386 1911
1194 2 2 0 4 2637 3848 2226
1195 2 2 0 4 1229 2179 1340
1196 2 2 0 4 2289 3215 3193
1197 2 2 0 4 1487 3253 3219
1198 2 2 0 4 1355 2647 1724
1199 2 2 0 4 2265 3438 2260
1200 2 2 0 4 1732 3178 2371
1201 2 2 0 4 2784 2814 2412
1202 2 2 0 4 2703 3167 3070
1203 2 2 0 4 2291 3578 2503
1204 2 2 0 4 3215 3914 2507
1205 2 2 0 4 2380 2566 2165
1206 2 2 0 4 2390 3626 2174
1207 2 2 0 4 2479 3305 801
1208 2 2 0 4 2761 3202 971
1209 2 2 0 4 2511 2525 2509
1210 2 2 0 4 887 2463 2462
1211 2 2 0 4 3061 3162 2314
1212 2 2 0 4 2386 3623 2387
1213 2 2 0 4 998 2835 2543
1214 2 2 0 4 2563 3421 1113
1215 2 2 0 4 2346 2370 1931
1216 2 2 0 4 67 2431 696
1217 2 2 0 4 693 2434 56
1218 2 2 0 4 2190 3193 3148
1219 2 2 0 4 2536 3342 1882
1220 2 2 0 4 2547 3269 2244
1221 2 2 0 4 1259 2354 2353
1222 2 2 0 4 2303 2304 1682
1223 2 2 0 4 1195 3208 1336
1224 2 2 0 4 2676 3961 906
1225 2 2 0 4 294 2410 295
1226 2 2 0 4 1935 3643 2593
1227 2 2 0 4 2289 3193 2190
1228 2 2 0 4 3061 3226 3162
1229 2 2 0 4 1967 1968 1728
1230 2 2 0 4 2578 3341 1315
1231 2 2 0 4 3189 3514 1360
1232 2 2 0 4 2666 3485 2295
1233 2 2 0 4 2429 3851 2439
1234 2 2 0 4 2741 3386 3195
1235 2 2 0 4 1900 3545 3459
1236 2 2 0 4 1018 3873 1019
1237 2 2 0 4 1624 2728 2726
1238 2 2 0 4 863 1727 875
1239 2 2 0 4 3238 3471 2335
1240 2 2 0 4 733 2991 15
1241 2 2 0 4 2692 3433 1715
1242 2 2 0 4 1004 3248 2321
1243 2 2 0 4 2333 3468 1339
1244 2 2 0 4 2511 2526 2525
1245 2 2 0 4 2359 3197 686
1246 2 2 0 4 2119 3633 1936
1247 2 2 0 4 2168 3013 2902
1248 2 2 0 4 2696 2705 2586
1249 2 2 0 4 3585 3637 3586
1250 2 2 0 4 2100 2101 1398
1251 2 2 0 4 2863 3107 2865
1252 2 2 0 4 295 2410 835
1253 2 2 0 4 2687 3769 2688
1254 2 2 0 4 2463 2465 2464
1255 2 2 0 4 2103 2633 2185
1256 2 2 0 4 1684 3938 2498
1257 2 2 0 4 210 3323 209
1258 2 2 0 4 2627 3672 1179
1259 2 2 0 4 697 2756 2418
1260 2 2 0 4 1229 3581 2179
1261 2 2 0 4 2701 3737 721
1262 2 2 0 4 2052 2350 2242
1263 2 2 0 4 2352 3597 2351
1264 2 2 0 4 1670 2401 1706
1265 2 2 0 4 61 778 60
1266 2 2 0 4 3299 3605 1747
1267 2 2 0 4 1411 1412 1329
1268 2 2 0 4 2071 2374 2154
1269 2 2 0 4 1479 2102 1762
1270 2 2 0 4 1702 2376 2290
1271 2 2 0 4 2942 2943 2940
1272 2 2 0 4 1742 2443 2078
1273 2 2 0 4 1419 2027 2026
1274 2 2 0 4 2199 2254 2253
1275 2 2 0 4 1225 1226 1050
1276 2 2 0 4 1027 1461 988
1277 2 2 0 4 2342 2345 1933
1278 2 2 0 4 2306 2307 1965
1279 2 2 0 4 1966 2308 2306
1280 2 2 0 4 1223 1306 1224
1281 2 2 0 4 785 786 784
1282 2 2 0 4 1311 2068 1944
1283 2 2 0 4 1970 2190 1955
1284 2 2 0 4 2216 2225 2212
1285 2 2 0 4 1078 2224 798
1286 2 2 0 4 1610 2227 1631
1287 2 2 0 4 1936 1937 1149
1288 2 2 0 4 1935 2119 1936
1289 2 2 0 4 2091 2303 1680
1290 2 2 0 4 1289 1673 1672
1291 2 2 0 4 1261 2353 1323
1292 2 2 0 4 854 2245 927
1293 2 2 0 4 1927 1928 1164
1294 2 2 0 4 1376 1377 1335
1295 2 2 0 4 1336 2205 1197
1296 2 2 0 4 1175 2392 1387
1297 2 2 0 4 834 2221 1115
1298 2 2 0 4 1271 1904 1903
1299 2 2 0 4 1247 1355 1354
1300 2 2 0 4 2079 2080 1473
1301 2 2 0 4 1467 2396 2079
1302 2 2 0 4 2294 2362 2219
1303 2 2 0 4 695 3805 2613
1304 2 2 0 4 2474 2605 2159
1305 2 2 0 4 2103 2757 2633
1306 2 2 0 4 2350 3473 2242
1307 2 2 0 4 1308 3434 3352
1308 2 2 0 4 1366 1367 823
1309 2 2 0 4 2264 2266 2265
1310 2 2 0 4 824 3520 2317
1311 2 2 0 4 2260 3438 2391
1312 2 2 0 4 783 2576 2164
1313 2 2 0 4 1731 2341 1498
1314 2 2 0 4 3041 3174 704
1315 2 2 0 4 2575 3605 3299
1316 2 2 0 4 2486 2648 1363
1317 2 2 0 4 1266 2874 2746
1318 2 2 0 4 330 2523 871
1319 2 2 0 4 310 2479 801
1320 2 2 0 4 248 2502 1011
1321 2 2 0 4 1494 2545 2448
1322 2 2 0 4 1494 2448 1344
1323 2 2 0 4 15 2991 14
1324 2 2 0 4 2323 3178 1968
1325 2 2 0 4 2299 3183 2398
1326 2 2 0 4 2397 3513 977
1327 2 2 0 4 704 3271 3041
1328 2 2 0 4 1320 3508 2361
1329 2 2 0 4 2000 2402 2338
1330 2 2 0 4 2544 3703 1982
1331 2 2 0 4 2476 3923 748
1332 2 2 0 4 2101 2131 1398
1333 2 2 0 4 1253 3218 3200
1334 2 2 0 4 2503 3579 2291
1335 2 2 0 4 1411 1413 1412
1336 2 2 0 4 2102 2103 1762
1337 2 2 0 4 2376 2473 2290
1338 2 2 0 4 2443 2444 2078
1339 2 2 0 4 2027 2028 2026
1340 2 2 0 4 2254 2321 2253
1341 2 2 0 4 1225 1227 1226
1342 2 2 0 4 1027 1475 1461
1343 2 2 0 4 2308 2326 2306
1344 2 2 0 4 1306 1307 1224
1345 2 2 0 4 785 787 786
1346 2 2 0 4 2068 2069 1944
1347 2 2 0 4 1970 2289 2190
1348 2 2 0 4 2216 2548 2225
1349 2 2 0 4 2227 2228 1631
1350 2 2 0 4 1936 1938 1937
1351 2 2 0 4 2091 2317 2303
1352 2 2 0 4 1927 1929 1928
1353 2 2 0 4 1673 1674 1672
1354 2 2 0 4 1376 1379 1377
1355 2 2 0 4 2353 2355 1323
1356 2 2 0 4 1336 2206 2205
1357 2 2 0 4 2221 2222 1115
1358 2 2 0 4 1904 1905 1903
1359 2 2 0 4 1355 1362 1354
1360 2 2 0 4 2079 2182 2080
1361 2 2 0 4 2396 2397 2079
1362 2 2 0 4 2294 2406 2362
1363 2 2 0 4 2583 2748 1707
1364 2 2 0 4 3183 3664 2398
1365 2 2 0 4 2587 4001 1982
1366 2 2 0 4 1366 1397 1367
1367 2 2 0 4 2266 2268 2265
1368 2 2 0 4 2717 2721 1628
1369 2 2 0 4 2322 3305 2479
1370 2 2 0 4 2354 3637 2353
1371 2 2 0 4 2335 3762 3238
1372 2 2 0 4 1909 2675 1910
1373 2 2 0 4 904 2676 906
1374 2 2 0 4 1322 3466 3204
1375 2 2 0 4 2358 2742 1212
1376 2 2 0 4 1363 2755 2486
1377 2 2 0 4 894 3310 897
1378 2 2 0 4 1720 3761 1753
1379 2 2 0 4 3093 3172 758
1380 2 2 0 4 3678 3761 1720
1381 2 2 0 4 1727 1967 1728
1382 2 2 0 4 2695 2696 2586
1383 2 2 0 4 2415 2747 1266
1384 2 2 0 4 1021 3858 1023
1385 2 2 0 4 1081 3859 1083
1386 2 2 0 4 2429 2439 2132
1387 2 2 0 4 1669 2560 1670
1388 2 2 0 4 758 3261 3093
1389 2 2 0 4 2345 3796 2346
1390 2 2 0 4 721 3167 2701
1391 2 2 0 4 2224 3461 794
1392 2 2 0 4 921 3253 2403
1393 2 2 0 4 686 3634 2359
1394 2 2 0 4 2823 3793 2408
1395 2 2 0 4 2205 3445 1199
1396 2 2 0 4 2475 2476 748
1397 2 2 0 4 766 3226 3061
1398 2 2 0 4 2226 3848 2565
1399 2 2 0 4 2457 3817 2071
1400 2 2 0 4 1945 3744 2135
1401 2 2 0 4 2477 3821 2476
1402 2 2 0 4 1005 2790 2436
1403 2 2 0 4 2441 2658 2657
1404 2 2 0 4 88 2695 87
1405 2 2 0 4 3061 3347 766
1406 2 2 0 4 2650 3312 2649
1407 2 2 0 4 804 3880 807
1408 2 2 0 4 3352 3434 2315
1409 2 2 0 4 2498 3260 1684
1410 2 2 0 4 2502 2503 1011
1411 2 2 0 4 2523 2524 871
1412 2 2 0 4 2880 3028 2881
1413 2 2 0 4 1060 3541 1062
1414 2 2 0 4 1404 3638 1420
1415 2 2 0 4 1199 3445 1315
1416 2 2 0 4 3586 3637 2354
1417 2 2 0 4 2668 2994 754
1418 2 2 0 4 2441 3700 2658
1419 2 2 0 4 2088 2417 1489
1420 2 2 0 4 2355 3637 2097
1421 2 2 0 4 816 3433 2008
1422 2 2 0 4 1023 3858 2279
1423 2 2 0 4 1083 3859 2281
1424 2 2 0 4 1420 3638 2403
1425 2 2 0 4 2749 3331 2556
1426 2 2 0 4 1636 3331 2749
1427 2 2 0 4 2374 3714 2154
1428 2 2 0 4 971 3202 2548
1429 2 2 0 4 2168 3525 3013
1430 2 2 0 4 749 3811 2645
1431 2 2 0 4 1382 2333 1339
1432 2 2 0 4 2161 3559 3120
1433 2 2 0 4 3533 3626 1686
1434 2 2 0 4 2990 2991 733
1435 2 2 0 4 2602 3984 3290
1436 2 2 0 4 2435 3361 2308
1437 2 2 0 4 2649 3312 2442
1438 2 2 0 4 746 2431 68
1439 2 2 0 4 55 2434 747
1440 2 2 0 4 1303 2602 1280
1441 2 2 0 4 1962 2451 1700
1442 2 2 0 4 739 3011 2903
1443 2 2 0 4 2780 3123 2169
1444 2 2 0 4 3254 3821 2477
1445 2 2 0 4 2303 3520 2304
1446 2 2 0 4 2437 3509 1014
1447 2 2 0 4 2542 3893 1950
1448 2 2 0 4 918 1047 907
1449 2 2 0 4 933 2605 2474
1450 2 2 0 4 907 1047 916
1451 2 2 0 4 807 3880 2280
1452 2 2 0 4 2133 3732 2751
1453 2 2 0 4 2011 2558 2086
1454 2 2 0 4 2880 3349 3028
1455 2 2 0 4 2460 3671 1303
1456 2 2 0 4 1322 3670 2470
1457 2 2 0 4 2329 2649 2116
1458 2 2 0 4 2133 2751 2421
1459 2 2 0 4 1481 3839 2562
1460 2 2 0 4 1181 2612 1357
1461 2 2 0 4 2678 2767 2081
1462 2 2 0 4 2994 3176 754
1463 2 2 0 4 2399 3214 268
1464 2 2 0 4 3093 3261 724
1465 2 2 0 4 2055 3791 3449
1466 2 2 0 4 2173 3941 2094
1467 2 2 0 4 759 2812 2811
1468 2 2 0 4 199 2756 697
1469 2 2 0 4 2454 3808 1731
1470 2 2 0 4 1974 2638 2549
1471 2 2 0 4 2598 2814 2784
1472 2 2 0 4 2702 3518 1599
1473 2 2 0 4 794 3461 921
1474 2 2 0 4 724 3362 3093
1475 2 2 0 4 2028 3120 2288
1476 2 2 0 4 2403 3426 921
1477 2 2 0 4 2693 3719 2376
1478 2 2 0 4 1090 3190 1669
1479 2 2 0 4 906 3961 919
1480 2 2 0 4 743 2379 185
1481 2 2 0 4 186 2378 743
1482 2 2 0 4 742 778 61
1483 2 2 0 4 3492 3930 1076
1484 2 2 0 4 852 2611 2245
1485 2 2 0 4 143 2901 142
1486 2 2 0 4 2567 3341 2578
1487 2 2 0 4 2559 3676 2282
1488 2 2 0 4 2370 3770 2526
1489 2 2 0 4 1613 3650 2660
1490 2 2 0 4 171 2813 170
1491 2 2 0 4 2144 2333 1382
1492 2 2 0 4 1387 2627 1177
1493 2 2 0 4 2308 3205 2326
1494 2 2 0 4 1882 3342 1883
1495 2 2 0 4 2364 3621 2579
1496 2 2 0 4 1365 3820 3316
1497 2 2 0 4 62 742 61
1498 2 2 0 4 186 743 185
1499 2 2 0 4 1253 3200 1255
1500 2 2 0 4 2464 3318 929
1501 2 2 0 4 2319 3392 1734
1502 2 2 0 4 2453 3682 2216
1503 2 2 0 4 233 2598 232
1504 2 2 0 4 2660 3650 3147
1505 2 2 0 4 2994 3303 3176
1506 2 2 0 4 1340 1365 1364
1507 2 2 0 4 2154 2474 2156
1508 2 2 0 4 2213 2446 2445
1509 2 2 0 4 936 940 938
1510 2 2 0 4 1915 2075 1913
1511 2 2 0 4 1230 1312 1234
1512 2 2 0 4 2135 2380 2165
1513 2 2 0 4 1079 1103 1081
1514 2 2 0 4 1056 1059 1058
1515 2 2 0 4 802 815 804
1516 2 2 0 4 1351 1408 1385
1517 2 2 0 4 897 901 900
1518 2 2 0 4 1019 1025 1021
1519 2 2 0 4 1997 2001 2000
1520 2 2 0 4 932 2637 936
1521 2 2 0 4 1162 2636 1230
1522 2 2 0 4 927 3851 2429
1523 2 2 0 4 2398 2399 2298
1524 2 2 0 4 2651 3998 191
1525 2 2 0 4 2675 3258 1910
1526 2 2 0 4 2098 3585 3201
1527 2 2 0 4 3290 3984 2601
1528 2 2 0 4 2934 3046 727
1529 2 2 0 4 179 2613 745
1530 2 2 0 4 2526 3689 2370
1531 2 2 0 4 2392 3472 1387
1532 2 2 0 4 68 2431 67
1533 2 2 0 4 56 2434 55
1534 2 2 0 4 2566 2634 2165
1535 2 2 0 4 76 2719 75
1536 2 2 0 4 2489 2629 2488
1537 2 2 0 4 2554 3930 3492
1538 2 2 0 4 2549 3513 1974
1539 2 2 0 4 3657 3706 3156
1540 2 2 0 4 748 3923 2652
1541 2 2 0 4 2380 3247 895
1542 2 2 0 4 1944 2665 2472
1543 2 2 0 4 3176 3303 699
1544 2 2 0 4 69 746 68
1545 2 2 0 4 179 745 178
1546 2 2 0 4 55 747 54
1547 2 2 0 4 193 748 192
1548 2 2 0 4 2308 3361 3205
1549 2 2 0 4 2371 3178 2323
1550 2 2 0 4 197 3488 2599
1551 2 2 0 4 2317 3730 824
1552 2 2 0 4 1982 3703 2587
1553 2 2 0 4 2654 3323 210
1554 2 2 0 4 2346 3351 2370
1555 2 2 0 4 159 2879 760
1556 2 2 0 4 1078 3219 2224
1557 2 2 0 4 175 2657 174
1558 2 2 0 4 1599 3499 2702
1559 2 2 0 4 737 2654 211
1560 2 2 0 4 2468 3386 3318
1561 2 2 0 4 1365 3316 2621
1562 2 2 0 4 2304 2404 2330
1563 2 2 0 4 3041 3271 757
1564 2 2 0 4 1364 1394 1393
1565 2 2 0 4 2422 2628 2068
1566 2 2 0 4 1706 1708 1707
1567 2 2 0 4 1385 1449 1395
1568 2 2 0 4 180 2613 179
1569 2 2 0 4 2421 2750 692
1570 2 2 0 4 687 3222 2588
1571 2 2 0 4 1731 3420 2341
1572 2 2 0 4 2236 3064 2971
1573 2 2 0 4 1686 3572 3533
1574 2 2 0 4 268 3669 2399
1575 2 2 0 4 2306 3268 2307
1576 2 2 0 4 757 3364 3041
1577 2 2 0 4 2563 3698 3418
1578 2 2 0 4 2156 2159 2158
1579 2 2 0 4 2092 2324 1915
1580 2 2 0 4 748 2651 192
1581 2 2 0 4 2851 3706 3657
1582 2 2 0 4 1441 3777 2396
1583 2 2 0 4 2245 3375 927
1584 2 2 0 4 2535 3810 3336
1585 2 2 0 4 2258 2267 2256
1586 2 2 0 4 2342 3360 2345
1587 2 2 0 4 1083 1107 1085
1588 2 2 0 4 807 810 809
1589 2 2 0 4 1023 1030 1028
1590 2 2 0 4 2362 3959 2219
1591 2 2 0 4 2274 2410 2173
1592 2 2 0 4 1087 1090 1089
1593 2 2 0 4 1962 2758 2451
1594 2 2 0 4 2282 2363 1464
1595 2 2 0 4 1987 3803 2322
1596 2 2 0 4 1179 3672 2612
1597 2 2 0 4 2447 2734 939
1598 2 2 0 4 685 2533 195
1599 2 2 0 4 1334 3494 2741
1600 2 2 0 4 2741 3494 2455
1601 2 2 0 4 2188 3433 816
1602 2 2 0 4 192 2651 191
1603 2 2 0 4 1366 2100 1398
1604 2 2 0 4 2603 3670 1322
1605 2 2 0 4 3200 3201 1255
1606 2 2 0 4 719 2879 160
1607 2 2 0 4 2432 3238 2431
1608 2 2 0 4 1948 2741 2455
1609 2 2 0 4 2607 3268 889
1610 2 2 0 4 1171 2467 880
1611 2 2 0 4 812 3619 3353
1612 2 2 0 4 1084 3418 1082
1613 2 2 0 4 1882 3691 2536
1614 2 2 0 4 988 3910 2395
1615 2 2 0 4 3433 3865 2710
1616 2 2 0 4 1631 2371 2323
1617 2 2 0 4 2078 2559 2312
1618 2 2 0 4 3351 3796 2538
1619 2 2 0 4 2434 3274 2604
1620 2 2 0 4 1762 2185 1763
1621 2 2 0 4 929 3646 894
1622 2 2 0 4 894 3646 3310
1623 2 2 0 4 2462 2464 929
1624 2 2 0 4 1304 2927 2609
1625 2 2 0 4 3070 3256 2703
1626 2 2 0 4 198 3488 197
1627 2 2 0 4 1532 3896 2795
1628 2 2 0 4 1722 2544 1982
1629 2 2 0 4 2165 2634 2166
1630 2 2 0 4 2579 3621 1189
1631 2 2 0 4 2346 3796 3351
1632 2 2 0 4 2896 2898 706
1633 2 2 0 4 745 3269 2547
1634 2 2 0 4 1701 3471 3238
1635 2 2 0 4 832 3583 2221
1636 2 2 0 4 1372 2856 2824
1637 2 2 0 4 1014 2515 2513
1638 2 2 0 4 864 2507 2504
1639 2 2 0 4 2225 3593 2210
1640 2 2 0 4 1421 3809 1693
1641 2 2 0 4 3358 3452 1677
1642 2 2 0 4 62 3454 742
1643 2 2 0 4 2343 2344 2157
1644 2 2 0 4 2432 3792 3238
1645 2 2 0 4 2097 3742 2355
1646 2 2 0 4 2189 2315 2105
1647 2 2 0 4 174 2657 749
1648 2 2 0 4 2700 3737 2701
1649 2 2 0 4 1643 3563 3272
1650 2 2 0 4 3290 3750 2602
1651 2 2 0 4 2290 3578 2291
1652 2 2 0 4 3353 3619 2402
1653 2 2 0 4 1375 3187 799
1654 2 2 0 4 2404 3716 908
1655 2 2 0 4 2094 3941 2656
1656 2 2 0 4 2552 3452 3358
1657 2 2 0 4 741 3309 2328
1658 2 2 0 4 3188 3523 2663
1659 2 2 0 4 2295 3485 2294
1660 2 2 0 4 977 3514 2397
1661 2 2 0 4 2185 3149 1763
1662 2 2 0 4 1411 3875 1973
1663 2 2 0 4 3449 3791 2738
1664 2 2 0 4 2156 2474 2159
1665 2 2 0 4 2710 3865 2002
1666 2 2 0 4 908 3687 2404
1667 2 2 0 4 2094 2656 2092
1668 2 2 0 4 2954 3441 2955
1669 2 2 0 4 2368 3002 751
1670 2 2 0 4 1972 2289 1970
1671 2 2 0 4 3205 3369 2326
1672 2 2 0 4 2158 3496 2343
1673 2 2 0 4 3585 3586 3201
1674 2 2 0 4 3441 3584 2955
1675 2 2 0 4 2418 3223 697
1676 2 2 0 4 3177 3676 2559
1677 2 2 0 4 1027 2558 1476
1678 2 2 0 4 742 779 778
1679 2 2 0 4 716 2838 2837
1680 2 2 0 4 743 2589 2379
1681 2 2 0 4 880 2467 883
1682 2 2 0 4 1229 1340 1228
1683 2 2 0 4 2380 3641 2566
1684 2 2 0 4 2706 3148 871
1685 2 2 0 4 2636 3846 1230
1686 2 2 0 4 2637 3847 936
1687 2 2 0 4 2605 2734 2159
1688 2 2 0 4 2070 2457 2071
1689 2 2 0 4 1062 3541 3115
1690 2 2 0 4 2863 2865 2864
1691 2 2 0 4 2696 3648 2705
1692 2 2 0 4 939 3360 2447
1693 2 2 0 4 2568 3714 2374
1694 2 2 0 4 2404 3520 824
1695 2 2 0 4 2560 3506 1670
1696 2 2 0 4 1320 3875 1411
1697 2 2 0 4 3219 3253 2224
1698 2 2 0 4 864 3215 2507
1699 2 2 0 4 2328 3825 741
1700 2 2 0 4 1476 2558 2011
1701 2 2 0 4 1320 1411 1329
1702 2 2 0 4 2071 2154 2072
1703 2 2 0 4 2210 2213 2208
1704 2 2 0 4 1479 1762 1480
1705 2 2 0 4 1702 2290 1703
1706 2 2 0 4 1669 1670 1326
1707 2 2 0 4 895 3641 2380
1708 2 2 0 4 930 3583 832
1709 2 2 0 4 2649 3366 2116
1710 2 2 0 4 2210 3593 2213
1711 2 2 0 4 932 936 935
1712 2 2 0 4 1912 1913 1911
1713 2 2 0 4 1742 2078 2077
1714 2 2 0 4 3129 3565 1172
1715 2 2 0 4 2583 2769 2748
1716 2 2 0 4 1419 2026 949
1717 2 2 0 4 2199 2253 2198
1718 2 2 0 4 692 3394 2421
1719 2 2 0 4 1117 1325 1162
1720 2 2 0 4 925 1225 1050
1721 2 2 0 4 986 1027 988
1722 2 2 0 4 211 2654 210
1723 2 2 0 4 1934 2342 1933
1724 2 2 0 4 1966 2306 1965
1725 2 2 0 4 1948 2455 1738
1726 2 2 0 4 1223 1224 1041
1727 2 2 0 4 783 785 784
1728 2 2 0 4 1311 1944 1136
1729 2 2 0 4 1162 1230 1163
1730 2 2 0 4 794 921 791
1731 2 2 0 4 1956 1970 1955
1732 2 2 0 4 1945 2135 1946
1733 2 2 0 4 2215 2216 2212
1734 2 2 0 4 797 1375 799
1735 2 2 0 4 1045 1079 1046
1736 2 2 0 4 1054 1056 1055
1737 2 2 0 4 799 802 800
1738 2 2 0 4 800 1078 798
1739 2 2 0 4 1610 1631 1608
1740 2 2 0 4 994 1116 996
1741 2 2 0 4 1935 1936 1149
1742 2 2 0 4 1667 2091 1680
1743 2 2 0 4 1987 2322 1989
1744 2 2 0 4 829 930 832
1745 2 2 0 4 892 929 894
1746 2 2 0 4 1299 1376 1335
1747 2 2 0 4 1289 1672 1290
1748 2 2 0 4 1271 1903 1272
1749 2 2 0 4 1181 1357 1184
1750 2 2 0 4 894 897 896
1751 2 2 0 4 1995 1997 1996
1752 2 2 0 4 847 2461 928
1753 2 2 0 4 1175 1387 1177
1754 2 2 0 4 1156 1927 1164
1755 2 2 0 4 1220 1351 1222
1756 2 2 0 4 1261 1323 1263
1757 2 2 0 4 854 927 856
1758 2 2 0 4 834 1115 837
1759 2 2 0 4 1295 1332 1297
1760 2 2 0 4 1195 1336 1197
1761 2 2 0 4 1199 1315 1201
1762 2 2 0 4 1247 1354 1248
1763 2 2 0 4 1324 3122 1142
1764 2 2 0 4 1142 3122 1144
1765 2 2 0 4 1144 3122 1322
1766 2 2 0 4 1730 2388 2318
1767 2 2 0 4 1467 2079 1473
1768 2 2 0 4 1944 2472 1136
1769 2 2 0 4 2293 2294 2219
1770 2 2 0 4 1048 2683 1035
1771 2 2 0 4 1325 3704 1162
1772 2 2 0 4 1014 3509 2515
1773 2 2 0 4 1624 3397 2728
1774 2 2 0 4 2698 3648 2696
1775 2 2 0 4 1087 3190 1090
1776 2 2 0 4 2751 3732 3491
1777 2 2 0 4 2482 2615 2485
1778 2 2 0 4 3122 3466 1322
1779 2 2 0 4 3274 3782 2604
1780 2 2 0 4 799 3343 802
1781 2 2 0 4 928 3993 847
1782 2 2 0 4 2455 3229 1738
1783 2 2 0 4 898 2495 317
1784 2 2 0 4 921 3890 791
1785 2 2 0 4 2760 2762 2529
1786 2 2 0 4 1935 2593 2119
1787 2 2 0 4 2256 2730 2254
1788 2 2 0 4 1372 2824 2382
1789 2 2 0 4 3014 3648 3499
1790 2 2 0 4 2436 2682 1005
1791 2 2 0 4 1375 3999 2681
1792 2 2 0 4 1737 2426 2424
1793 2 2 0 4 2297 2298 2295
1794 2 2 0 4 2096 3150 2274
1795 2 2 0 4 2506 2527 912
1796 2 2 0 4 2602 3751 1280
1797 2 2 0 4 800 3582 1078
1798 2 2 0 4 1915 3902 2075
1799 2 2 0 4 2324 3902 1915
1800 2 2 0 4 1239 1366 823
1801 2 2 0 4 2264 2265 2260
1802 2 2 0 4 3229 3871 3213
1803 2 2 0 4 2166 2635 2621
1804 2 2 0 4 2175 2722 1719
1805 2 2 0 4 3229 3363 2144
1806 2 2 0 4 1171 3297 2467
1807 2 2 0 4 2617 3711 2445
1808 2 2 0 4 977 3513 2549
1809 2 2 0 4 3446 3948 2428
1810 2 2 0 4 1394 2620 1726
1811 2 2 0 4 2125 3146 2574
1812 2 2 0 4 1998 3407 1996
1813 2 2 0 4 1500 1731 1498
1814 2 2 0 4 2782 3589 1050
1815 2 2 0 4 2003 3738 2630
1816 2 2 0 4 795 2622 2490
1817 2 2 0 4 1010 2625 2501
1818 2 2 0 4 1224 3276 1041
1819 2 2 0 4 1487 3219 1717
1820 2 2 0 4 765 2586 2585
1821 2 2 0 4 2352 3440 3169
1822 2 2 0 4 1247 2647 1355
1823 2 2 0 4 3101 3103 2120
1824 2 2 0 4 2608 2767 2678
1825 2 2 0 4 2663 3523 1153
1826 2 2 0 4 2189 3754 2315
1827 2 2 0 4 1936 3633 1942
1828 2 2 0 4 913 3465 2614
1829 2 2 0 4 2591 2654 737
1830 2 2 0 4 2446 2617 2445
1831 2 2 0 4 1131 2816 2606
1832 2 2 0 4 2674 2770 1316
1833 2 2 0 4 2463 2467 2466
1834 2 2 0 4 214 2836 213
1835 2 2 0 4 1972 3914 3215
1836 2 2 0 4 1428 3898 3723
1837 2 2 0 4 2029 3506 3383
1838 2 2 0 4 2968 3364 757
1839 2 2 0 4 1324 3446 3122
1840 2 2 0 4 2322 3440 1989
1841 2 2 0 4 3011 3525 2903
1842 2 2 0 4 2307 3268 2607
1843 2 2 0 4 1364 2620 1394
1844 2 2 0 4 1290 3464 2220
1845 2 2 0 4 2244 3269 2243
1846 2 2 0 4 3383 3506 2560
1847 2 2 0 4 2448 3110 1342
1848 2 2 0 4 2493 2494 898
1849 2 2 0 4 2539 2544 2497
1850 2 2 0 4 956 2459 959
1851 2 2 0 4 2311 3465 913
1852 2 2 0 4 2823 3333 930
1853 2 2 0 4 2417 3655 1406
1854 2 2 0 4 2461 3432 928
1855 2 2 0 4 2437 3788 3730
1856 2 2 0 4 3265 3360 939
1857 2 2 0 4 2608 2678 2677
1858 2 2 0 4 2677 2678 1132
1859 2 2 0 4 2437 3730 2317
1860 2 2 0 4 687 2588 71
1861 2 2 0 4 2608 2677 1764
1862 2 2 0 4 1981 3543 2925
1863 2 2 0 4 294 2793 2410
1864 2 2 0 4 984 3711 2617
1865 2 2 0 4 2353 3637 2355
1866 2 2 0 4 2334 2713 1374
1867 2 2 0 4 2865 3107 1895
1868 2 2 0 4 2645 3618 749
1869 2 2 0 4 3662 3738 2003
1870 2 2 0 4 2513 2514 1013
1871 2 2 0 4 2532 2760 2528
1872 2 2 0 4 2504 2505 912
1873 2 2 0 4 2488 2629 908
1874 2 2 0 4 757 3448 2968
1875 2 2 0 4 2822 3484 2273
1876 2 2 0 4 1745 3197 1471
1877 2 2 0 4 2528 2760 2529
1878 2 2 0 4 911 2539 2497
1879 2 2 0 4 2517 2607 889
1880 2 2 0 4 2480 2615 2482
1881 2 2 0 4 2491 2493 898
1882 2 2 0 4 2414 3831 1959
1883 2 2 0 4 755 3045 3044
1884 2 2 0 4 1400 2694 1403
1885 2 2 0 4 2025 3454 3398
1886 2 2 0 4 2424 2425 1737
1887 2 2 0 4 2238 3893 2542
1888 2 2 0 4 2807 3766 3746
1889 2 2 0 4 2509 2525 271
1890 2 2 0 4 282 2622 795
1891 2 2 0 4 243 2513 1013
1892 2 2 0 4 245 2625 1010
1893 2 2 0 4 303 2532 2528
1894 2 2 0 4 287 2504 912
1895 2 2 0 4 284 2488 908
1896 2 2 0 4 1234 2796 1231
1897 2 2 0 4 2520 2521 2519
1898 2 2 0 4 1403 2694 2167
1899 2 2 0 4 751 3692 2368
1900 2 2 0 4 2802 3617 3378
1901 2 2 0 4 999 3287 3248
1902 2 2 0 4 1972 3215 2289
1903 2 2 0 4 3146 3526 2574
1904 2 2 0 4 2727 2851 2849
1905 2 2 0 4 733 2992 2990
1906 2 2 0 4 1959 3864 2414
1907 2 2 0 4 1088 3489 1086
1908 2 2 0 4 2588 2749 2556
1909 2 2 0 4 87 2695 765
1910 2 2 0 4 710 2695 88
1911 2 2 0 4 1555 3518 2704
1912 2 2 0 4 2508 3682 2453
1913 2 2 0 4 2954 3362 724
1914 2 2 0 4 2888 3522 98
1915 2 2 0 4 98 3724 2888
1916 2 2 0 4 3639 3689 2526
1917 2 2 0 4 1114 3418 1084
1918 2 2 0 4 1947 2712 2604
1919 2 2 0 4 2479 3169 2322
1920 2 2 0 4 39 2864 38
1921 2 2 0 4 3600 3690 3142
1922 2 2 0 4 1014 3788 2437
1923 2 2 0 4 2317 3520 2303
1924 2 2 0 4 2121 2759 1444
1925 2 2 0 4 2372 3654 2129
1926 2 2 0 4 910 2634 2566
1927 2 2 0 4 195 2533 194
1928 2 2 0 4 3432 3501 1891
1929 2 2 0 4 3533 3572 3131
1930 2 2 0 4 2190 3148 2706
1931 2 2 0 4 2495 3906 317
1932 2 2 0 4 2704 3685 1555
1933 2 2 0 4 1944 3841 2665
1934 2 2 0 4 1097 1101 1099
1935 2 2 0 4 1073 1076 1075
1936 2 2 0 4 1171 3570 2653
1937 2 2 0 4 1615 3250 2430
1938 2 2 0 4 1470 2767 2608
1939 2 2 0 4 3632 3633 3057
1940 2 2 0 4 3575 3686 2982
1941 2 2 0 4 1093 1096 1095
1942 2 2 0 4 2051 2056 2053
1943 2 2 0 4 906 919 917
1944 2 2 0 4 1069 1072 1071
1945 2 2 0 4 979 983 981
1946 2 2 0 4 960 963 962
1947 2 2 0 4 862 868 866
1948 2 2 0 4 1659 1689 1662
1949 2 2 0 4 2045 2048 2047
1950 2 2 0 4 1517 1539 1509
1951 2 2 0 4 1403 2167 1462
1952 2 2 0 4 1437 1974 1439
1953 2 2 0 4 1133 2085 1421
1954 2 2 0 4 2661 2826 1008
1955 2 2 0 4 715 3690 3600
1956 2 2 0 4 2436 3121 2682
1957 2 2 0 4 2629 3505 2017
1958 2 2 0 4 1969 3429 3428
1959 2 2 0 4 2563 3422 3421
1960 2 2 0 4 1085 3190 1087
1961 2 2 0 4 1344 2448 1342
1962 2 2 0 4 724 3441 2954
1963 2 2 0 4 2653 3297 1171
1964 2 2 0 4 200 2756 199
1965 2 2 0 4 2267 3829 2256
1966 2 2 0 4 730 3527 3060
1967 2 2 0 4 706 2901 2896
1968 2 2 0 4 1717 3781 3380
1969 2 2 0 4 2661 3726 2826
1970 2 2 0 4 1471 3197 2359
1971 2 2 0 4 1670 3506 2401
1972 2 2 0 4 2783 3381 784
1973 2 2 0 4 2612 3798 1357
1974 2 2 0 4 3060 3680 730
1975 2 2 0 4 2134 3419 3279
1976 2 2 0 4 3219 3781 1717
1977 2 2 0 4 3231 3816 3188
1978 2 2 0 4 3398 3454 2618
1979 2 2 0 4 2393 3963 3165
1980 2 2 0 4 1340 1364 1341
1981 2 2 0 4 2554 3407 1325
1982 2 2 0 4 2256 3829 2730
1983 2 2 0 4 2154 2156 2155
1984 2 2 0 4 2213 2445 2349
1985 2 2 0 4 1670 1706 1705
1986 2 2 0 4 936 938 937
1987 2 2 0 4 1914 1915 1913
1988 2 2 0 4 1742 2562 2443
1989 2 2 0 4 2345 2346 1933
1990 2 2 0 4 1311 2422 2068
1991 2 2 0 4 1230 1234 1231
1992 2 2 0 4 2217 2453 2216
1993 2 2 0 4 2135 2165 2136
1994 2 2 0 4 1079 1081 1080
1995 2 2 0 4 1056 1058 1057
1996 2 2 0 4 802 804 803
1997 2 2 0 4 1997 2000 1998
1998 2 2 0 4 1351 1385 1352
1999 2 2 0 4 1017 2372 2129
2000 2 2 0 4 897 900 899
2001 2 2 0 4 1019 1021 1020
2002 2 2 0 4 2220 2552 1332
2003 2 2 0 4 2299 2398 2298
2004 2 2 0 4 1615 2454 1505
2005 2 2 0 4 2614 2671 913
2006 2 2 0 4 3360 3496 2447
2007 2 2 0 4 2273 3246 2716
2008 2 2 0 4 2846 2847 2845
2009 2 2 0 4 3029 3686 3575
2010 2 2 0 4 3258 3918 2601
2011 2 2 0 4 2556 3252 2433
2012 2 2 0 4 2807 3746 2806
2013 2 2 0 4 2961 3546 2107
2014 2 2 0 4 2301 3925 3907
2015 2 2 0 4 755 3046 3045
2016 2 2 0 4 3907 3925 2409
2017 2 2 0 4 2274 3150 3149
2018 2 2 0 4 2254 2730 2321
2019 2 2 0 4 1910 3258 2601
2020 2 2 0 4 2283 3307 3191
2021 2 2 0 4 2243 3269 2276
2022 2 2 0 4 2090 3055 2551
2023 2 2 0 4 2716 3246 698
2024 2 2 0 4 716 2837 2836
2025 2 2 0 4 2552 3478 1332
2026 2 2 0 4 3663 3811 2658
2027 2 2 0 4 2670 3381 2783
2028 2 2 0 4 2253 3287 2575
2029 2 2 0 4 2575 3287 2531
2030 2 2 0 4 2630 3361 2003
2031 2 2 0 4 3377 3460 2842
2032 2 2 0 4 2475 2477 2476
2033 2 2 0 4 2562 3417 2443
2034 2 2 0 4 1903 3339 2460
2035 2 2 0 4 2470 3338 1927
2036 2 2 0 4 60 3850 692
2037 2 2 0 4 933 3714 2568
2038 2 2 0 4 1689 3264 1690
2039 2 2 0 4 2535 3254 2477
2040 2 2 0 4 2226 3818 2637
2041 2 2 0 4 2743 3728 3225
2042 2 2 0 4 2546 3958 1368
2043 2 2 0 4 177 3359 2181
2044 2 2 0 4 2977 3608 3437
2045 2 2 0 4 2216 3682 2548
2046 2 2 0 4 2431 3238 696
2047 2 2 0 4 2506 3783 2527
2048 2 2 0 4 1346 3355 1495
2049 2 2 0 4 2721 3315 1628
2050 2 2 0 4 2620 3587 1726
2051 2 2 0 4 689 3606 3398
2052 2 2 0 4 2358 3341 2263
2053 2 2 0 4 24 3571 3095
2054 2 2 0 4 2530 2693 2531
2055 2 2 0 4 2518 2520 2519
2056 2 2 0 4 2516 2619 2587
2057 2 2 0 4 75 2719 698
2058 2 2 0 4 1316 3750 2674
2059 2 2 0 4 2682 3121 1172
2060 2 2 0 4 2826 3726 2178
2061 2 2 0 4 770 2901 143
2062 2 2 0 4 142 2901 706
2063 2 2 0 4 3095 3748 24
2064 2 2 0 4 1119 3123 2780
2065 2 2 0 4 106 3046 105
2066 2 2 0 4 170 2813 759
2067 2 2 0 4 726 2813 171
2068 2 2 0 4 2369 3345 3220
2069 2 2 0 4 1449 3299 1747
2070 2 2 0 4 703 2598 233
2071 2 2 0 4 1172 3565 3414
2072 2 2 0 4 247 2502 248
2073 2 2 0 4 309 2479 310
2074 2 2 0 4 329 2523 330
2075 2 2 0 4 2017 3688 2629
2076 2 2 0 4 2665 3948 2472
2077 2 2 0 4 762 3460 3377
2078 2 2 0 4 3277 3515 1687
2079 2 2 0 4 693 3274 2434
2080 2 2 0 4 2378 3203 743
2081 2 2 0 4 1025 3645 2688
2082 2 2 0 4 965 3474 2406
2083 2 2 0 4 2446 2761 2617
2084 2 2 0 4 1359 2731 1122
2085 2 2 0 4 1620 3636 3397
2086 2 2 0 4 2618 3454 62
2087 2 2 0 4 1441 2396 1467
2088 2 2 0 4 2240 3482 2114
2089 2 2 0 4 3437 3608 701
2090 2 2 0 4 2598 2784 232
2091 2 2 0 4 1062 3512 1064
2092 2 2 0 4 1277 2460 1303
2093 2 2 0 4 1322 2470 1146
2094 2 2 0 4 213 2836 2765
2095 2 2 0 4 2749 3939 1636
2096 2 2 0 4 193 2475 748
2097 2 2 0 4 2345 3360 3265
2098 2 2 0 4 1259 2353 1261
2099 2 2 0 4 1197 2205 1199
2100 2 2 0 4 852 2245 854
2101 2 2 0 4 1165 2392 1175
2102 2 2 0 4 832 2221 834
2103 2 2 0 4 1680 2303 1682
2104 2 2 0 4 798 2224 794
2105 2 2 0 4 2212 2225 2210
2106 2 2 0 4 1966 2435 2308
2107 2 2 0 4 2179 3581 2798
2108 2 2 0 4 3499 3648 2698
2109 2 2 0 4 2118 3609 3434
2110 2 2 0 4 2577 2578 2209
2111 2 2 0 4 3248 3287 2321
2112 2 2 0 4 3363 3395 2144
2113 2 2 0 4 3607 3728 2743
2114 2 2 0 4 2420 3407 1998
2115 2 2 0 4 1398 2690 1397
2116 2 2 0 4 1397 2690 1980
2117 2 2 0 4 3191 3307 1330
2118 2 2 0 4 2548 3682 971
2119 2 2 0 4 3497 3668 218
2120 2 2 0 4 2068 2628 2070
2121 2 2 0 4 2596 2597 703
2122 2 2 0 4 2585 3157 765
2123 2 2 0 4 2438 3509 2437
2124 2 2 0 4 3121 3129 1172
2125 2 2 0 4 3725 3828 162
2126 2 2 0 4 2330 3455 2305
2127 2 2 0 4 2660 3929 1613
2128 2 2 0 4 2467 3297 2466
2129 2 2 0 4 2402 3619 2338
2130 2 2 0 4 3078 3752 3079
2131 2 2 0 4 3379 3477 2148
2132 2 2 0 4 3752 3854 3079
2133 2 2 0 4 1747 2376 1702
2134 2 2 0 4 2388 3629 2318
2135 2 2 0 4 1940 2942 1941
2136 2 2 0 4 1048 3320 3273
2137 2 2 0 4 1510 2795 1517
2138 2 2 0 4 950 3291 947
2139 2 2 0 4 2795 3896 2285
2140 2 2 0 4 3294 3718 2369
2141 2 2 0 4 3491 3732 1740
2142 2 2 0 4 3298 3878 1492
2143 2 2 0 4 1758 2735 2240
2144 2 2 0 4 3397 3636 2728
2145 2 2 0 4 2470 3670 3338
2146 2 2 0 4 3339 3671 2460
2147 2 2 0 4 3165 3389 2393
2148 2 2 0 4 717 3323 2450
2149 2 2 0 4 2511 3639 2526
2150 2 2 0 4 802 3343 815
2151 2 2 0 4 1496 2545 1494
2152 2 2 0 4 2726 3495 1624
2153 2 2 0 4 1078 3582 3304
2154 2 2 0 4 2116 3366 2660
2155 2 2 0 4 2304 3520 2404
2156 2 2 0 4 3220 3345 756
2157 2 2 0 4 2773 3477 1161
2158 2 2 0 4 2898 2899 706
2159 2 2 0 4 63 2618 62
2160 2 2 0 4 759 2813 2812
2161 2 2 0 4 909 3703 2539
2162 2 2 0 4 2456 3828 3725
2163 2 2 0 4 1686 3626 1687
2164 2 2 0 4 3245 3881 2796
2165 2 2 0 4 2811 3158 759
2166 2 2 0 4 2273 3484 3246
2167 2 2 0 4 1319 3508 1320
2168 2 2 0 4 2412 3968 2784
2169 2 2 0 4 1049 2794 2160
2170 2 2 0 4 2701 3167 2703
2171 2 2 0 4 2611 3311 2245
2172 2 2 0 4 2247 3386 2741
2173 2 2 0 4 2302 3943 3890
2174 2 2 0 4 1410 3409 2153
2175 2 2 0 4 1733 2430 2383
2176 2 2 0 4 1009 2372 1017
2177 2 2 0 4 1933 2346 1931
2178 2 2 0 4 746 2432 2431
2179 2 2 0 4 2434 2604 747
2180 2 2 0 4 1481 2562 1742
2181 2 2 0 4 1302 3551 2384
2182 2 2 0 4 2385 3128 1167
2183 2 2 0 4 1237 2843 2382
2184 2 2 0 4 688 2657 175
2185 2 2 0 4 1048 3273 2683
2186 2 2 0 4 2085 3809 1421
2187 2 2 0 4 2651 2652 2400
2188 2 2 0 4 1160 3526 3146
2189 2 2 0 4 1179 2612 1181
2190 2 2 0 4 1226 2782 1050
2191 2 2 0 4 2341 2595 2545
2192 2 2 0 4 946 3351 2538
2193 2 2 0 4 2721 3636 1620
2194 2 2 0 4 2304 2330 2305
2195 2 2 0 4 2406 3485 965
2196 2 2 0 4 191 3998 694
2197 2 2 0 4 1364 1393 1341
2198 2 2 0 4 1706 1707 1705
2199 2 2 0 4 209 3323 717
2200 2 2 0 4 2255 2256 2254
2201 2 2 0 4 2165 2166 2136
2202 2 2 0 4 1385 1395 1352
2203 2 2 0 4 2410 3602 835
2204 2 2 0 4 2555 2556 2433
2205 2 2 0 4 1700 2451 2226
2206 2 2 0 4 1177 2627 1179
2207 2 2 0 4 2683 3273 2180
2208 2 2 0 4 3003 3443 2237
2209 2 2 0 4 3276 3277 2390
2210 2 2 0 4 2374 3321 2568
2211 2 2 0 4 1941 2942 1959
2212 2 2 0 4 2626 3298 2162
2213 2 2 0 4 3378 3617 713
2214 2 2 0 4 2878 2879 719
2215 2 2 0 4 2558 3239 2086
2216 2 2 0 4 2446 3202 2761
2217 2 2 0 4 2693 3605 2531
2218 2 2 0 4 2545 2595 886
2219 2 2 0 4 2332 3234 1958
2220 2 2 0 4 2385 3291 950
2221 2 2 0 4 3200 3640 3201
2222 2 2 0 4 2943 3786 3632
2223 2 2 0 4 765 2695 2586
2224 2 2 0 4 1714 3740 2540
2225 2 2 0 4 865 3312 2650
2226 2 2 0 4 2674 3750 3290
2227 2 2 0 4 2159 2734 2447
2228 2 2 0 4 1387 3344 2627
2229 2 2 0 4 185 3870 184
2230 2 2 0 4 3436 3577 3083
2231 2 2 0 4 65 3415 3337
2232 2 2 0 4 2234 3756 3656
2233 2 2 0 4 2247 2741 1948
2234 2 2 0 4 2650 3683 865
2235 2 2 0 4 3044 3181 755
2236 2 2 0 4 2539 3703 2544
2237 2 2 0 4 2097 3637 3585
2238 2 2 0 4 2154 3714 2474
2239 2 2 0 4 2100 3456 2101
2240 2 2 0 4 2940 2943 2939
2241 2 2 0 4 2939 2943 1206
2242 2 2 0 4 3579 3740 1714
2243 2 2 0 4 141 2899 140
2244 2 2 0 4 2741 3195 1334
2245 2 2 0 4 3115 3512 1062
2246 2 2 0 4 1455 3284 2356
2247 2 2 0 4 2430 3250 2383
2248 2 2 0 4 2557 3447 152
2249 2 2 0 4 2452 3319 258
2250 2 2 0 4 3045 3046 2934
2251 2 2 0 4 2156 2158 2157
2252 2 2 0 4 1916 2092 1915
2253 2 2 0 4 1081 1083 1082
2254 2 2 0 4 804 807 806
2255 2 2 0 4 1021 1023 1022
2256 2 2 0 4 2000 2338 2337
2257 2 2 0 4 2162 3759 2626
2258 2 2 0 4 2735 3170 2175
2259 2 2 0 4 698 2719 2718
2260 2 2 0 4 824 3716 2404
2261 2 2 0 4 2515 3510 2714
2262 2 2 0 4 699 3303 3059
2263 2 2 0 4 1041 3276 1042
2264 2 2 0 4 1962 3912 2758
2265 2 2 0 4 727 3947 2934
2266 2 2 0 4 996 2835 998
2267 2 2 0 4 1315 3445 2578
2268 2 2 0 4 1722 3866 2544
2269 2 2 0 4 1949 3893 2712
2270 2 2 0 4 2257 2258 2256
2271 2 2 0 4 2534 2535 2477
2272 2 2 0 4 737 2764 2591
2273 2 2 0 4 2296 3798 3194
2274 2 2 0 4 2093 2094 2092
2275 2 2 0 4 1083 1085 1084
2276 2 2 0 4 807 809 808
2277 2 2 0 4 1023 1028 1024
2278 2 2 0 4 3060 3410 3059
2279 2 2 0 4 1085 1087 1086
2280 2 2 0 4 2096 2173 2094
2281 2 2 0 4 2096 2274 2173
2282 2 2 0 4 1087 1089 1088
2283 2 2 0 4 3278 3409 3244
2284 2 2 0 4 971 3682 2508
2285 2 2 0 4 2107 2997 2961
2286 2 2 0 4 2423 3621 2775
2287 2 2 0 4 2567 2578 2577
2288 2 2 0 4 90 3737 3430
2289 2 2 0 4 3144 3643 1935
2290 2 2 0 4 2609 2926 1304
2291 2 2 0 4 1012 3719 2693
2292 2 2 0 4 768 3577 3436
2293 2 2 0 4 1385 3299 1449
2294 2 2 0 4 1421 1693 1692
2295 2 2 0 4 1717 2282 1464
2296 2 2 0 4 2181 3359 2059
2297 2 2 0 4 1101 2769 2449
2298 2 2 0 4 3273 3320 2232
2299 2 2 0 4 2560 3974 3383
2300 2 2 0 4 3660 3662 1676
2301 2 2 0 4 1132 3259 2677
2302 2 2 0 4 3194 3798 2612
2303 2 2 0 4 1101 2449 1104
2304 2 2 0 4 2291 3579 3317
2305 2 2 0 4 2644 2646 2642
2306 2 2 0 4 3357 3501 842
2307 2 2 0 4 695 3755 2662
2308 2 2 0 4 2457 2624 2623
2309 2 2 0 4 2641 3175 2640
2310 2 2 0 4 3276 3622 1042
2311 2 2 0 4 2085 3322 2739
2312 2 2 0 4 1728 3178 1732
2313 2 2 0 4 46 3766 3696
2314 2 2 0 4 2101 3456 2356
2315 2 2 0 4 1750 2628 1749
2316 2 2 0 4 258 3949 2452
2317 2 2 0 4 1505 2454 1502
2318 2 2 0 4 3220 3294 2369
2319 2 2 0 4 3057 3633 3098
2320 2 2 0 4 3277 3837 3515
2321 2 2 0 4 1464 3926 1401
2322 2 2 0 4 2468 3318 2464
2323 2 2 0 4 3656 3756 711
2324 2 2 0 4 3244 3409 1370
2325 2 2 0 4 76 3951 2719
2326 2 2 0 4 1284 2458 1286
2327 2 2 0 4 953 2459 956
2328 2 2 0 4 2624 2628 1750
2329 2 2 0 4 1698 3477 3379
2330 2 2 0 4 1259 3611 2354
2331 2 2 0 4 1186 2579 1189
2332 2 2 0 4 2622 2623 2490
2333 2 2 0 4 2450 3989 717
2334 2 2 0 4 2301 3183 2299
2335 2 2 0 4 3398 3606 2325
2336 2 2 0 4 1940 2943 2942
2337 2 2 0 4 1973 3749 3317
2338 2 2 0 4 2070 2628 2624
2339 2 2 0 4 2053 2189 2105
2340 2 2 0 4 3317 3749 2768
2341 2 2 0 4 698 2718 2716
2342 2 2 0 4 2658 3700 3663
2343 2 2 0 4 3037 3487 3486
2344 2 2 0 4 2903 3376 739
2345 2 2 0 4 2917 3668 3497
2346 2 2 0 4 2727 3706 2851
2347 2 2 0 4 2089 3523 3188
2348 2 2 0 4 3060 3527 3410
2349 2 2 0 4 2662 3805 695
2350 2 2 0 4 980 2732 978
2351 2 2 0 4 887 2467 2463
2352 2 2 0 4 3168 3517 1332
2353 2 2 0 4 3059 3410 699
2354 2 2 0 4 3343 3761 815
2355 2 2 0 4 2968 3448 702
2356 2 2 0 4 2824 2856 2416
2357 2 2 0 4 2039 3635 2037
2358 2 2 0 4 703 3153 2596
2359 2 2 0 4 2551 3493 2090
2360 2 2 0 4 2081 3944 2678
2361 2 2 0 4 3709 3734 1359
2362 2 2 0 4 2565 3849 2141
2363 2 2 0 4 2143 3457 3213
2364 2 2 0 4 3012 3293 3013
2365 2 2 0 4 2585 3182 3157
2366 2 2 0 4 3717 3789 2762
2367 2 2 0 4 2553 3728 3607
2368 2 2 0 4 1452 3938 1684
2369 2 2 0 4 3434 3609 2316
2370 2 2 0 4 1318 3552 2384
2371 2 2 0 4 3001 3552 1318
2372 2 2 0 4 716 2836 214
2373 2 2 0 4 702 3592 2968
2374 2 2 0 4 2747 3590 1266
2375 2 2 0 4 2845 2847 1454
2376 2 2 0 4 38 2864 771
2377 2 2 0 4 2356 3456 1455
2378 2 2 0 4 1716 3116 2763
2379 2 2 0 4 2609 2927 1305
2380 2 2 0 4 2236 2971 2776
2381 2 2 0 4 152 3869 2557
2382 2 2 0 4 2098 3150 2096
2383 2 2 0 4 734 2864 39
2384 2 2 0 4 714 3727 2918
2385 2 2 0 4 917 2275 918
2386 2 2 0 4 1224 3277 3276
2387 2 2 0 4 3629 3845 2318
2388 2 2 0 4 3063 3592 702
2389 2 2 0 4 2676 3457 2143
2390 2 2 0 4 2244 3650 2547
2391 2 2 0 4 1439 3777 1441
2392 2 2 0 4 2237 3692 3003
2393 2 2 0 4 2092 3960 2324
2394 2 2 0 4 3274 3491 1739
2395 2 2 0 4 2473 3490 1011
2396 2 2 0 4 706 2899 141
2397 2 2 0 4 213 2765 212
2398 2 2 0 4 720 3282 2821
2399 2 2 0 4 3279 3419 731
2400 2 2 0 4 2190 2706 1955
2401 2 2 0 4 1630 2810 2809
2402 2 2 0 4 2120 3887 3102
2403 2 2 0 4 2918 3739 714
2404 2 2 0 4 3696 3766 2807
2405 2 2 0 4 1368 2729 2546
2406 2 2 0 4 2026 2377 949
2407 2 2 0 4 2342 3496 3360
2408 2 2 0 4 1381 2733 1379
2409 2 2 0 4 2541 2607 2519
2410 2 2 0 4 2748 2769 1096
2411 2 2 0 4 2623 3763 2457
2412 2 2 0 4 2680 3181 3044
2413 2 2 0 4 1745 3185 2685
2414 2 2 0 4 3158 3282 720
2415 2 2 0 4 685 3904 2533
2416 2 2 0 4 2396 3513 2397
2417 2 2 0 4 1490 3606 1688
2418 2 2 0 4 2656 3960 2092
2419 2 2 0 4 3097 3407 2554
2420 2 2 0 4 174 749 173
2421 2 2 0 4 50 750 49
2422 2 2 0 4 2798 3820 2179
2423 2 2 0 4 1406 2574 2417
2424 2 2 0 4 2527 3623 851
2425 2 2 0 4 1373 3307 2024
2426 2 2 0 4 702 3675 3063
2427 2 2 0 4 748 2652 2651
2428 2 2 0 4 2665 3841 2072
2429 2 2 0 4 2072 3610 2665
2430 2 2 0 4 1368 3958 1370
2431 2 2 0 4 2426 2667 2424
2432 2 2 0 4 693 3503 3491
2433 2 2 0 4 1739 3491 1740
2434 2 2 0 4 3163 3227 2122
2435 2 2 0 4 1734 3392 2430
2436 2 2 0 4 2777 3264 1689
2437 2 2 0 4 1728 1732 875
2438 2 2 0 4 2535 3336 3335
2439 2 2 0 4 2643 2644 2642
2440 2 2 0 4 2275 2729 918
2441 2 2 0 4 2689 3180 1223
2442 2 2 0 4 1274 2460 1277
2443 2 2 0 4 1290 2220 1292
2444 2 2 0 4 1204 2358 1212
2445 2 2 0 4 1146 2470 1148
2446 2 2 0 4 887 2462 888
2447 2 2 0 4 988 2395 990
2448 2 2 0 4 793 2471 792
2449 2 2 0 4 3472 3528 2021
2450 2 2 0 4 2822 3222 687
2451 2 2 0 4 3153 3230 2596
2452 2 2 0 4 1086 3489 1114
2453 2 2 0 4 2576 3385 2164
2454 2 2 0 4 3860 3910 2067
2455 2 2 0 4 2238 2542 53
2456 2 2 0 4 1898 2992 1884
2457 2 2 0 4 2487 2711 2481
2458 2 2 0 4 105 3046 755
2459 2 2 0 4 727 3046 106
2460 2 2 0 4 2379 3870 185
2461 2 2 0 4 1472 2608 1764
2462 2 2 0 4 2772 3411 2102
2463 2 2 0 4 2499 2502 247
2464 2 2 0 4 2478 2479 309
2465 2 2 0 4 2522 2523 329
2466 2 2 0 4 2811 3282 3158
2467 2 2 0 4 2410 2793 2173
2468 2 2 0 4 910 3463 2634
2469 2 2 0 4 2178 3835 2826
2470 2 2 0 4 896 2667 893
2471 2 2 0 4 1055 2773 1053
2472 2 2 0 4 2214 2775 2215
2473 2 2 0 4 935 2669 931
2474 2 2 0 4 2739 3334 2085
2475 2 2 0 4 2076 3424 2746
2476 2 2 0 4 3381 3775 1741
2477 2 2 0 4 1017 3873 1018
2478 2 2 0 4 2463 2466 2465
2479 2 2 0 4 2465 2468 2464
2480 2 2 0 4 2657 2658 749
2481 2 2 0 4 1231 2796 1233
2482 2 2 0 4 829 3806 3793
2483 2 2 0 4 1470 2608 1472
2484 2 2 0 4 1740 2121 1444
2485 2 2 0 4 1754 2175 1719
2486 2 2 0 4 1688 2334 1374
2487 2 2 0 4 3601 3651 3024
2488 2 2 0 4 2480 2481 821
2489 2 2 0 4 895 2520 2518
2490 2 2 0 4 2528 2529 812
2491 2 2 0 4 1012 2693 2530
2492 2 2 0 4 801 2619 2516
2493 2 2 0 4 2516 2587 909
2494 2 2 0 4 911 2492 2491
2495 2 2 0 4 2518 2519 2517
2496 2 2 0 4 2530 2531 999
2497 2 2 0 4 1532 3962 3896
2498 2 2 0 4 2597 2598 703
2499 2 2 0 4 2992 3163 2122
2500 2 2 0 4 1638 2820 2819
2501 2 2 0 4 2459 3822 959
2502 2 2 0 4 2131 2690 1398
2503 2 2 0 4 2101 2180 2131
2504 2 2 0 4 1907 3371 1909
2505 2 2 0 4 1411 1415 1413
2506 2 2 0 4 1413 1414 1412
2507 2 2 0 4 2103 2185 1762
2508 2 2 0 4 2444 2559 2078
2509 2 2 0 4 2028 2287 2026
2510 2 2 0 4 2027 2161 2028
2511 2 2 0 4 1227 1228 1226
2512 2 2 0 4 1475 2066 1461
2513 2 2 0 4 1027 1476 1475
2514 2 2 0 4 1306 1319 1307
2515 2 2 0 4 787 796 786
2516 2 2 0 4 785 788 787
2517 2 2 0 4 2068 2070 2069
2518 2 2 0 4 2228 2371 1631
2519 2 2 0 4 1936 1942 1938
2520 2 2 0 4 1938 1939 1937
2521 2 2 0 4 2091 2437 2317
2522 2 2 0 4 1376 1381 1379
2523 2 2 0 4 2221 2223 2222
2524 2 2 0 4 1904 1906 1905
2525 2 2 0 4 1929 1930 1928
2526 2 2 0 4 1673 1675 1674
2527 2 2 0 4 1379 1380 1377
2528 2 2 0 4 1336 2207 2206
2529 2 2 0 4 1362 1386 1354
2530 2 2 0 4 1355 1363 1362
2531 2 2 0 4 2182 2183 2080
2532 2 2 0 4 71 2588 70
2533 2 2 0 4 1366 1398 1397
2534 2 2 0 4 1397 1481 1367
2535 2 2 0 4 2266 2269 2268
2536 2 2 0 4 2268 2452 2265
2537 2 2 0 4 2648 2772 2102
2538 2 2 0 4 2673 3423 1431
2539 2 2 0 4 1011 3578 2473
2540 2 2 0 4 918 1108 1047
2541 2 2 0 4 2091 3813 2438
2542 2 2 0 4 2670 3775 3381
2543 2 2 0 4 2448 2545 886
2544 2 2 0 4 2737 3449 2738
2545 2 2 0 4 2542 3634 686
2546 2 2 0 4 1303 3984 2602
2547 2 2 0 4 3430 3737 2700
2548 2 2 0 4 3418 3698 1082
2549 2 2 0 4 2890 3627 3498
2550 2 2 0 4 1035 2683 1039
2551 2 2 0 4 1097 2769 1101
2552 2 2 0 4 2628 3853 1749
2553 2 2 0 4 1131 3892 2816
2554 2 2 0 4 2499 2540 2502
2555 2 2 0 4 1096 2769 1097
2556 2 2 0 4 2590 3731 2379
2557 2 2 0 4 2685 3197 1745
2558 2 2 0 4 2925 2926 1981
2559 2 2 0 4 928 3493 2610
2560 2 2 0 4 50 2684 750
2561 2 2 0 4 1160 3146 3127
2562 2 2 0 4 2524 2706 871
2563 2 2 0 4 2523 2584 2524
2564 2 2 0 4 2440 2441 688
2565 2 2 0 4 1747 3605 2693
2566 2 2 0 4 2375 3913 3701
2567 2 2 0 4 2122 3227 2928
2568 2 2 0 4 1630 2809 2808
2569 2 2 0 4 2486 2772 2648
2570 2 2 0 4 716 3161 2838
2571 2 2 0 4 2090 3432 1891
2572 2 2 0 4 2844 3705 2845
2573 2 2 0 4 1619 3355 3252
2574 2 2 0 4 187 3975 186
2575 2 2 0 4 2619 4001 2587
2576 2 2 0 4 1620 3315 2721
2577 2 2 0 4 2320 3808 2319
2578 2 2 0 4 3014 3499 1599
2579 2 2 0 4 1100 2694 1400
2580 2 2 0 4 1340 1341 1228
2581 2 2 0 4 2543 3356 998
2582 2 2 0 4 1900 3459 1902
2583 2 2 0 4 2752 3329 2350
2584 2 2 0 4 2567 2577 2264
2585 2 2 0 4 2154 2155 2072
2586 2 2 0 4 2213 2349 2208
2587 2 2 0 4 1762 1763 1480
2588 2 2 0 4 2290 2291 1703
2589 2 2 0 4 1670 1705 1326
2590 2 2 0 4 3552 3726 2384
2591 2 2 0 4 936 937 935
2592 2 2 0 4 1912 1914 1913
2593 2 2 0 4 2078 2312 2077
2594 2 2 0 4 1934 2343 2342
2595 2 2 0 4 1230 1231 1163
2596 2 2 0 4 1956 1971 1970
2597 2 2 0 4 2215 2217 2216
2598 2 2 0 4 2135 2136 1946
2599 2 2 0 4 797 2471 1375
2600 2 2 0 4 1079 1080 1046
2601 2 2 0 4 1056 1057 1055
2602 2 2 0 4 802 803 800
2603 2 2 0 4 994 2395 1116
2604 2 2 0 4 1631 2323 1608
2605 2 2 0 4 1903 2460 1272
2606 2 2 0 4 1156 2470 1927
2607 2 2 0 4 1315 2358 1201
2608 2 2 0 4 892 2462 929
2609 2 2 0 4 1019 1020 1018
2610 2 2 0 4 897 899 896
2611 2 2 0 4 927 2429 856
2612 2 2 0 4 1295 2220 1332
2613 2 2 0 4 1351 1352 1222
2614 2 2 0 4 1997 1998 1996
2615 2 2 0 4 2862 2863 734
2616 2 2 0 4 2293 2295 2294
2617 2 2 0 4 1332 3478 3168
2618 2 2 0 4 1088 3795 3489
2619 2 2 0 4 1379 2733 1426
2620 2 2 0 4 733 3163 2992
2621 2 2 0 4 1969 3428 1238
2622 2 2 0 4 3187 3343 799
2623 2 2 0 4 1013 2626 2625
2624 2 2 0 4 2955 3584 738
2625 2 2 0 4 2555 2588 2556
2626 2 2 0 4 2642 3285 1621
2627 2 2 0 4 2811 2812 2809
2628 2 2 0 4 2169 3616 2780
2629 2 2 0 4 2481 2711 821
2630 2 2 0 4 2900 3206 2899
2631 2 2 0 4 2647 3649 1724
2632 2 2 0 4 2219 3959 2217
2633 2 2 0 4 2297 2299 2298
2634 2 2 0 4 1527 2818 1525
2635 2 2 0 4 2357 3424 2076
2636 2 2 0 4 2178 3726 3552
2637 2 2 0 4 1715 3456 2692
2638 2 2 0 4 1239 2100 1366
2639 2 2 0 4 2179 3820 1365
2640 2 2 0 4 738 3667 2955
2641 2 2 0 4 1500 2454 1731
2642 2 2 0 4 1743 2762 2760
2643 2 2 0 4 1958 3234 2063
2644 2 2 0 4 2714 3510 1665
2645 2 2 0 4 2102 3411 2103
2646 2 2 0 4 2896 2901 2366
2647 2 2 0 4 2236 3665 3064
2648 2 2 0 4 1365 2620 1364
2649 2 2 0 4 1340 2179 1365
2650 2 2 0 4 2900 3241 3206
2651 2 2 0 4 940 941 938
2652 2 2 0 4 2075 2386 1913
2653 2 2 0 4 1312 1313 1234
2654 2 2 0 4 1079 2174 1103
2655 2 2 0 4 1059 1060 1058
2656 2 2 0 4 1056 1489 1059
2657 2 2 0 4 901 902 900
2658 2 2 0 4 2001 2402 2000
2659 2 2 0 4 1997 2351 2001
2660 2 2 0 4 1351 2196 1408
2661 2 2 0 4 2399 2666 2298
2662 2 2 0 4 726 3618 2645
2663 2 2 0 4 2129 3873 1017
2664 2 2 0 4 3252 3355 3354
2665 2 2 0 4 3420 3808 2320
2666 2 2 0 4 281 2622 282
2667 2 2 0 4 286 2504 287
2668 2 2 0 4 244 2625 245
2669 2 2 0 4 246 2499 247
2670 2 2 0 4 283 2488 284
2671 2 2 0 4 242 2513 243
2672 2 2 0 4 308 2478 309
2673 2 2 0 4 328 2522 329
2674 2 2 0 4 270 2509 271
2675 2 2 0 4 302 2532 303
2676 2 2 0 4 1523 2808 1521
2677 2 2 0 4 3731 3870 2379
2678 2 2 0 4 2283 3191 1678
2679 2 2 0 4 2842 3279 731
2680 2 2 0 4 753 3230 3153
2681 2 2 0 4 3318 3386 2247
2682 2 2 0 4 3157 3182 709
2683 2 2 0 4 2642 3962 3285
2684 2 2 0 4 1394 1405 1393
2685 2 2 0 4 1706 1709 1708
2686 2 2 0 4 1449 1450 1395
2687 2 2 0 4 3243 3507 3242
2688 2 2 0 4 2922 3695 2921
2689 2 2 0 4 686 2684 51
2690 2 2 0 4 2159 2447 2158
2691 2 2 0 4 1748 3406 1448
2692 2 2 0 4 2258 2391 2267
2693 2 2 0 4 1083 2281 1107
2694 2 2 0 4 807 2280 810
2695 2 2 0 4 810 811 809
2696 2 2 0 4 1030 1031 1028
2697 2 2 0 4 1023 2279 1030
2698 2 2 0 4 1090 1091 1089
2699 2 2 0 4 2640 3175 2643
2700 2 2 0 4 2387 3783 3371
2701 2 2 0 4 2087 3475 3010
2702 2 2 0 4 895 3247 2520
2703 2 2 0 4 1356 3847 3818
2704 2 2 0 4 1053 2773 1161
2705 2 2 0 4 2423 2775 2214
2706 2 2 0 4 2667 2774 893
2707 2 2 0 4 3167 3844 3070
2708 2 2 0 4 1107 3952 1085
2709 2 2 0 4 1162 3704 2636
2710 2 2 0 4 2035 3401 2033
2711 2 2 0 4 2344 2428 2157
2712 2 2 0 4 1638 2819 2818
2713 2 2 0 4 1323 3773 1263
2714 2 2 0 4 3348 3412 761
2715 2 2 0 4 3201 3586 1255
2716 2 2 0 4 2544 3866 2497
2717 2 2 0 4 686 3197 2684
2718 2 2 0 4 1982 4001 1984
2719 2 2 0 4 3546 3891 2013
2720 2 2 0 4 1428 3723 3471
2721 2 2 0 4 3210 3313 2862
2722 2 2 0 4 779 1741 778
2723 2 2 0 4 742 780 779
2724 2 2 0 4 2589 2590 2379
2725 2 2 0 4 3818 3847 2637
2726 2 2 0 4 3337 3415 2336
2727 2 2 0 4 1225 3901 3340
2728 2 2 0 4 1695 2564 1943
2729 2 2 0 4 1465 3476 1950
2730 2 2 0 4 1721 2565 2141
2731 2 2 0 4 2350 3883 2752
2732 2 2 0 4 3486 3487 2837
2733 2 2 0 4 2669 2783 931
2734 2 2 0 4 2812 3175 2641
2735 2 2 0 4 2691 3915 770
2736 2 2 0 4 1339 3468 2798
2737 2 2 0 4 51 2684 50
2738 2 2 0 4 770 3779 2691
2739 2 2 0 4 2821 3412 3348
2740 2 2 0 4 212 2765 737
2741 2 2 0 4 2614 3570 2671
2742 2 2 0 4 2612 3672 3194
2743 2 2 0 4 3295 3399 700
2744 2 2 0 4 1767 2815 1770
2745 2 2 0 4 2181 3905 177
2746 2 2 0 4 1996 3407 3097
2747 2 2 0 4 986 2558 1027
2748 2 2 0 4 3293 3994 3013
2749 2 2 0 4 1054 3589 2088
2750 2 2 0 4 1669 3190 2561
2751 2 2 0 4 3289 3538 3442
2752 2 2 0 4 3350 3874 1699
2753 2 2 0 4 2261 2567 2264
2754 2 2 0 4 2084 3283 3185
2755 2 2 0 4 3078 3667 738
2756 2 2 0 4 1968 3500 2323
2757 2 2 0 4 1363 2648 1362
2758 2 2 0 4 2816 3301 2537
2759 2 2 0 4 3288 3297 2653
2760 2 2 0 4 2416 2747 2415
2761 2 2 0 4 2563 3839 1980
2762 2 2 0 4 2494 2495 898
2763 2 2 0 4 3511 3587 2620
2764 2 2 0 4 1112 3328 1110
2765 2 2 0 4 851 2631 290
2766 2 2 0 4 292 3145 844
2767 2 2 0 4 280 2568 934
2768 2 2 0 4 314 2539 911
2769 2 2 0 4 830 2615 299
2770 2 2 0 4 1012 2530 251
2771 2 2 0 4 316 2491 898
2772 2 2 0 4 844 2793 293
2773 2 2 0 4 262 2761 971
2774 2 2 0 4 301 2480 821
2775 2 2 0 4 256 2659 989
2776 2 2 0 4 871 3148 331
2777 2 2 0 4 312 2516 909
2778 2 2 0 4 801 2516 311
2779 2 2 0 4 2633 2757 297
2780 2 2 0 4 933 2568 279
2781 2 2 0 4 300 2615 2480
2782 2 2 0 4 324 2517 889
2783 2 2 0 4 298 2757 830
2784 2 2 0 4 835 2633 296
2785 2 2 0 4 304 2528 812
2786 2 2 0 4 252 2530 999
2787 2 2 0 4 2617 2761 261
2788 2 2 0 4 984 2617 260
2789 2 2 0 4 272 2525 946
2790 2 2 0 4 289 2527 851
2791 2 2 0 4 1004 2659 255
2792 2 2 0 4 971 2508 263
2793 2 2 0 4 912 2527 288
2794 2 2 0 4 323 2518 2517
2795 2 2 0 4 278 2605 933
2796 2 2 0 4 909 2539 313
2797 2 2 0 4 895 2518 322
2798 2 2 0 4 277 2734 2605
2799 2 2 0 4 939 2734 276
2800 2 2 0 4 910 2566 319
2801 2 2 0 4 911 2491 315
2802 2 2 0 4 264 2508 1003
2803 2 2 0 4 946 2538 273
2804 2 2 0 4 307 2632 805
2805 2 2 0 4 2631 3145 291
2806 2 2 0 4 2171 3222 2822
2807 2 2 0 4 2170 3372 2806
2808 2 2 0 4 3371 3783 2506
2809 2 2 0 4 2514 2626 1013
2810 2 2 0 4 2513 2515 2514
2811 2 2 0 4 2505 2506 912
2812 2 2 0 4 2504 2507 2505
2813 2 2 0 4 1968 3178 1728
2814 2 2 0 4 2203 3624 2758
2815 2 2 0 4 722 3651 3601
2816 2 2 0 4 2521 2541 2519
2817 2 2 0 4 2474 3714 933
2818 2 2 0 4 1237 2382 1474
2819 2 2 0 4 2171 2822 2172
2820 2 2 0 4 1302 2384 1482
2821 2 2 0 4 1712 2439 1491
2822 2 2 0 4 1433 2385 1167
2823 2 2 0 4 1884 2992 2122
2824 2 2 0 4 2990 2992 1898
2825 2 2 0 4 2634 2635 2166
2826 2 2 0 4 867 2388 1730
2827 2 2 0 4 982 2389 1418
2828 2 2 0 4 2879 2880 760
2829 2 2 0 4 3028 3029 2881
2830 2 2 0 4 1628 3780 2717
2831 2 2 0 4 3590 3827 1245
2832 2 2 0 4 1101 1102 1099
2833 2 2 0 4 1076 1077 1075
2834 2 2 0 4 2686 2688 1752
2835 2 2 0 4 2720 3636 2721
2836 2 2 0 4 1096 1097 1095
2837 2 2 0 4 2056 2189 2053
2838 2 2 0 4 919 920 917
2839 2 2 0 4 1072 1073 1071
2840 2 2 0 4 983 985 981
2841 2 2 0 4 963 964 962
2842 2 2 0 4 868 869 866
2843 2 2 0 4 1689 1690 1662
2844 2 2 0 4 2048 2049 2047
2845 2 2 0 4 1517 1540 1539
2846 2 2 0 4 2708 3170 1757
2847 2 2 0 4 2037 3635 2040
2848 2 2 0 4 2714 3878 2515
2849 2 2 0 4 989 3802 3438
2850 2 2 0 4 2396 3777 3513
2851 2 2 0 4 2055 3449 3296
2852 2 2 0 4 6 3193 864
2853 2 2 0 4 3148 3193 332
2854 2 2 0 4 707 2724 2723
2855 2 2 0 4 2325 3606 1490
2856 2 2 0 4 2791 3004 773
2857 2 2 0 4 731 3377 2842
2858 2 2 0 4 2758 3912 2203
2859 2 2 0 4 2425 2427 1737
2860 2 2 0 4 2534 3810 2535
2861 2 2 0 4 2253 2575 2198
2862 2 2 0 4 2503 3740 3579
2863 2 2 0 4 3185 3283 2685
2864 2 2 0 4 913 3396 2311
2865 2 2 0 4 1980 3422 2563
2866 2 2 0 4 2547 3359 745
2867 2 2 0 4 1357 2579 1184
2868 2 2 0 4 2639 2640 1621
2869 2 2 0 4 786 2783 784
2870 2 2 0 4 1999 3382 2780
2871 2 2 0 4 1610 3929 2227
2872 2 2 0 4 740 3443 3003
2873 2 2 0 4 2260 2391 2258
2874 2 2 0 4 738 3752 3078
2875 2 2 0 4 3498 3627 728
2876 2 2 0 4 2899 3206 140
2877 2 2 0 4 1459 3735 3542
2878 2 2 0 4 2276 3269 2613
2879 2 2 0 4 2613 3269 745
2880 2 2 0 4 1690 3264 2115
2881 2 2 0 4 1039 3284 1152
2882 2 2 0 4 1659 2776 1689
2883 2 2 0 4 862 2778 868
2884 2 2 0 4 1069 2779 1072
2885 2 2 0 4 1165 3861 2392
2886 2 2 0 4 1751 3423 2673
2887 2 2 0 4 734 3210 2862
2888 2 2 0 4 2498 3588 2493
2889 2 2 0 4 1223 3180 1306
2890 2 2 0 4 3594 3974 3952
2891 2 2 0 4 1367 3179 823
2892 2 2 0 4 1630 2808 1523
2893 2 2 0 4 268 3214 269
2894 2 2 0 4 1533 2828 1529
2895 2 2 0 4 3235 3236 1856
2896 2 2 0 4 1235 3428 1232
2897 2 2 0 4 2442 3895 1732
2898 2 2 0 4 2099 3640 3200
2899 2 2 0 4 2901 3915 2366
2900 2 2 0 4 1947 3790 2712
2901 2 2 0 4 2604 3782 1947
2902 2 2 0 4 2658 3811 749
2903 2 2 0 4 2548 3202 2225
2904 2 2 0 4 3890 3943 789
2905 2 2 0 4 2903 3525 2168
2906 2 2 0 4 1617 3240 3228
2907 2 2 0 4 1638 2818 1527
2908 2 2 0 4 1525 2818 1630
2909 2 2 0 4 1020 3467 1018
2910 2 2 0 4 769 3313 3210
2911 2 2 0 4 746 2555 2433
2912 2 2 0 4 747 2712 2238
2913 2 2 0 4 2898 2900 2899
2914 2 2 0 4 2937 3399 3295
2915 2 2 0 4 1300 3801 3720
2916 2 2 0 4 1308 3352 1151
2917 2 2 0 4 2084 3185 1766
2918 2 2 0 4 3252 3331 1619
2919 2 2 0 4 3417 3489 2443
2920 2 2 0 4 1114 3489 3417
2921 2 2 0 4 2471 3999 1375
2922 2 2 0 4 2213 3593 2446
2923 2 2 0 4 325 3324 326
2924 2 2 0 4 2991 3946 14
2925 2 2 0 4 746 2433 2432
2926 2 2 0 4 2604 2712 747
2927 2 2 0 4 2675 3914 3258
2928 2 2 0 4 3392 3808 2454
2929 2 2 0 4 1299 3517 1963
2930 2 2 0 4 858 3794 1383
2931 2 2 0 4 999 3248 253
2932 2 2 0 4 254 3248 1004
2933 2 2 0 4 966 3630 1005
2934 2 2 0 4 3491 3503 2751
2935 2 2 0 4 2363 3926 1464
2936 2 2 0 4 2797 3468 2127
2937 2 2 0 4 2191 3521 1248
2938 2 2 0 4 2302 3426 2140
2939 2 2 0 4 3260 3866 1684
2940 2 2 0 4 2780 3616 1999
2941 2 2 0 4 1769 3372 1768
2942 2 2 0 4 2343 3204 2344
2943 2 2 0 4 2554 3492 2064
2944 2 2 0 4 3088 3988 2058
2945 2 2 0 4 1085 3952 3190
2946 2 2 0 4 2070 2624 2457
2947 2 2 0 4 1901 2609 1305
2948 2 2 0 4 1521 2808 2639
2949 2 2 0 4 2744 3758 767
2950 2 2 0 4 2821 3282 2819
2951 2 2 0 4 2719 2720 2718
2952 2 2 0 4 1644 2830 2829
2953 2 2 0 4 2422 3853 2628
2954 2 2 0 4 2645 3917 726
2955 2 2 0 4 2910 3266 3241
2956 2 2 0 4 3225 3728 1327
2957 2 2 0 4 275 3265 939
2958 2 2 0 4 2538 3265 274
2959 2 2 0 4 2778 3536 3396
2960 2 2 0 4 3412 3567 761
2961 2 2 0 4 1160 3541 1060
2962 2 2 0 4 2392 3528 3472
2963 2 2 0 4 2451 2758 1419
2964 2 2 0 4 1767 1770 1769
2965 2 2 0 4 2770 3855 1316
2966 2 2 0 4 3015 3801 1300
2967 2 2 0 4 2201 3311 2611
2968 2 2 0 4 2704 3518 2702
2969 2 2 0 4 1374 2713 1331
2970 2 2 0 4 2678 2679 1132
2971 2 2 0 4 2747 3827 3590
2972 2 2 0 4 2826 3835 2372
2973 2 2 0 4 48 2655 725
2974 2 2 0 4 1770 2754 1771
2975 2 2 0 4 1738 3229 3213
2976 2 2 0 4 2058 3753 3088
2977 2 2 0 4 1331 2713 1486
2978 2 2 0 4 2417 3526 1489
2979 2 2 0 4 883 2467 887
2980 2 2 0 4 2731 3332 3306
2981 2 2 0 4 1050 3589 1051
2982 2 2 0 4 1220 3573 2196
2983 2 2 0 4 326 3369 327
2984 2 2 0 4 2321 3287 2253
2985 2 2 0 4 2329 2650 2649
2986 2 2 0 4 3170 3956 2175
2987 2 2 0 4 2688 3645 3553
2988 2 2 0 4 1122 2731 1120
2989 2 2 0 4 2985 3891 3546
2990 2 2 0 4 1395 3242 1431
2991 2 2 0 4 1644 2829 2828
2992 2 2 0 4 700 3181 2680
2993 2 2 0 4 2758 3624 1419
2994 2 2 0 4 710 2696 2695
2995 2 2 0 4 2429 3794 858
2996 2 2 0 4 1519 2639 1621
2997 2 2 0 4 3633 3945 3099
2998 2 2 0 4 1473 2767 1468
2999 2 2 0 4 2810 2811 2809
3000 2 2 0 4 2643 2645 2644
3001 2 2 0 4 3438 3802 2391
3002 2 2 0 4 1408 3299 1385
3003 2 2 0 4 1980 3839 1481
3004 2 2 0 4 3203 3609 2118
3005 2 2 0 4 983 3239 2558
3006 2 2 0 4 842 3501 2461
3007 2 2 0 4 922 2667 896
3008 2 2 0 4 1106 2773 1055
3009 2 2 0 4 2215 2775 2218
3010 2 2 0 4 1333 2669 935
3011 2 2 0 4 1539 3250 1509
3012 2 2 0 4 2045 3251 2048
3013 2 2 0 4 1928 3528 1164
3014 2 2 0 4 1461 3910 988
3015 2 2 0 4 2692 3568 2008
3016 2 2 0 4 2863 2864 734
3017 2 2 0 4 2527 3783 3623
3018 2 2 0 4 767 3868 2744
3019 2 2 0 4 3272 3877 1643
3020 2 2 0 4 60 692 59
3021 2 2 0 4 188 691 187
3022 2 2 0 4 184 690 183
3023 2 2 0 4 64 689 63
3024 2 2 0 4 1225 3340 1227
3025 2 2 0 4 1927 3338 1929
3026 2 2 0 4 1905 3339 1903
3027 2 2 0 4 2113 3477 2773
3028 2 2 0 4 1444 2759 1442
3029 2 2 0 4 1442 2759 2385
3030 2 2 0 4 1332 3517 1297
3031 2 2 0 4 2804 2805 2800
3032 2 2 0 4 2051 3255 2056
3033 2 2 0 4 2361 3875 1320
3034 2 2 0 4 2109 3016 2947
3035 2 2 0 4 2300 3957 3344
3036 2 2 0 4 259 3319 984
3037 2 2 0 4 2455 3363 3229
3038 2 2 0 4 3201 3640 2098
3039 2 2 0 4 2421 2751 2750
3040 2 2 0 4 1419 3624 2027
3041 2 2 0 4 1116 3933 996
3042 2 2 0 4 2088 2573 2417
3043 2 2 0 4 1468 2767 1470
3044 2 2 0 4 2466 2469 2465
3045 2 2 0 4 1046 2794 1044
3046 2 2 0 4 3542 3735 2908
3047 2 2 0 4 1755 3660 1676
3048 2 2 0 4 2480 2482 2481
3049 2 2 0 4 2492 2493 2491
3050 2 2 0 4 911 2497 2492
3051 2 2 0 4 2519 2607 2517
3052 2 2 0 4 3952 3974 2561
3053 2 2 0 4 2820 2821 2819
3054 2 2 0 4 1415 1713 1413
3055 2 2 0 4 1414 1416 1412
3056 2 2 0 4 1411 1973 1415
3057 2 2 0 4 2028 2288 2287
3058 2 2 0 4 1227 1229 1228
3059 2 2 0 4 1476 2009 1475
3060 2 2 0 4 2066 2067 1461
3061 2 2 0 4 1319 1320 1307
3062 2 2 0 4 1306 1321 1319
3063 2 2 0 4 788 789 787
3064 2 2 0 4 785 2164 788
3065 2 2 0 4 796 931 786
3066 2 2 0 4 2070 2071 2069
3067 2 2 0 4 2228 2442 2371
3068 2 2 0 4 1938 1940 1939
3069 2 2 0 4 2091 2438 2437
3070 2 2 0 4 2207 2208 2206
3071 2 2 0 4 2223 2415 2222
3072 2 2 0 4 1906 1907 1905
3073 2 2 0 4 1379 1426 1380
3074 2 2 0 4 1675 1676 1674
3075 2 2 0 4 1929 1931 1930
3076 2 2 0 4 1376 1963 1381
3077 2 2 0 4 1930 2021 1928
3078 2 2 0 4 1386 2191 1354
3079 2 2 0 4 1355 1724 1363
3080 2 2 0 4 1362 1479 1386
3081 2 2 0 4 2183 2817 2080
3082 2 2 0 4 1352 3423 1222
3083 2 2 0 4 1397 1980 1481
3084 2 2 0 4 1481 1485 1367
3085 2 2 0 4 3165 3963 712
3086 2 2 0 4 1108 1109 1047
3087 2 2 0 4 1644 2828 1533
3088 2 2 0 4 1529 2828 1638
3089 2 2 0 4 803 3631 3582
3090 2 2 0 4 3373 3413 137
3091 2 2 0 4 1630 2818 2810
3092 2 2 0 4 2595 3560 886
3093 2 2 0 4 756 3345 2977
3094 2 2 0 4 2441 2657 688
3095 2 2 0 4 1239 3568 2692
3096 2 2 0 4 2185 3694 3149
3097 2 2 0 4 904 3457 2676
3098 2 2 0 4 1682 2305 2029
3099 2 2 0 4 3326 3479 2271
3100 2 2 0 4 726 3917 2813
3101 2 2 0 4 1195 3516 3208
3102 2 2 0 4 2001 3888 2632
3103 2 2 0 4 3363 3494 1378
3104 2 2 0 4 2798 3581 1339
3105 2 2 0 4 2684 2685 750
3106 2 2 0 4 3149 3602 2274
3107 2 2 0 4 2703 3256 2704
3108 2 2 0 4 812 3353 305
3109 2 2 0 4 306 3353 2632
3110 2 2 0 4 2532 3916 2760
3111 2 2 0 4 2597 2814 2598
3112 2 2 0 4 3243 3920 2361
3113 2 2 0 4 940 949 941
3114 2 2 0 4 941 942 938
3115 2 2 0 4 1312 1409 1313
3116 2 2 0 4 1060 1061 1058
3117 2 2 0 4 1059 1160 1060
3118 2 2 0 4 902 903 900
3119 2 2 0 4 901 924 902
3120 2 2 0 4 2196 2197 1408
3121 2 2 0 4 188 2752 691
3122 2 2 0 4 897 3310 901
3123 2 2 0 4 2194 3922 2594
3124 2 2 0 4 1359 3332 2731
3125 2 2 0 4 1455 3456 1715
3126 2 2 0 4 2316 3609 3367
3127 2 2 0 4 891 2774 915
3128 2 2 0 4 893 2774 891
3129 2 2 0 4 2503 3578 1011
3130 2 2 0 4 2398 3214 2399
3131 2 2 0 4 1394 1452 1405
3132 2 2 0 4 1405 1406 1393
3133 2 2 0 4 1709 1710 1708
3134 2 2 0 4 1706 2401 1709
3135 2 2 0 4 1449 1702 1450
3136 2 2 0 4 1891 3501 2065
3137 2 2 0 4 2707 3308 2004
3138 2 2 0 4 692 2750 59
3139 2 2 0 4 690 2753 183
3140 2 2 0 4 1883 3342 2418
3141 2 2 0 4 811 813 809
3142 2 2 0 4 810 1337 811
3143 2 2 0 4 1030 1036 1031
3144 2 2 0 4 1091 1092 1089
3145 2 2 0 4 1090 1326 1091
3146 2 2 0 4 3317 3579 1714
3147 2 2 0 4 1478 2797 2127
3148 2 2 0 4 694 3473 3329
3149 2 2 0 4 2065 3501 3357
3150 2 2 0 4 1044 2794 1049
3151 2 2 0 4 232 2784 231
3152 2 2 0 4 2804 2806 2805
3153 2 2 0 4 2591 2764 2592
3154 2 2 0 4 2615 3765 2485
3155 2 2 0 4 2706 3661 1955
3156 2 2 0 4 1451 3467 1020
3157 2 2 0 4 1638 2828 2820
3158 2 2 0 4 3010 3876 2087
3159 2 2 0 4 777 3642 3292
3160 2 2 0 4 1724 3649 2672
3161 2 2 0 4 2800 2805 2799
3162 2 2 0 4 780 781 779
3163 2 2 0 4 1657 2776 1659
3164 2 2 0 4 2236 2776 1657
3165 2 2 0 4 860 2778 862
3166 2 2 0 4 1383 2778 860
3167 2 2 0 4 1119 2779 1066
3168 2 2 0 4 1066 2779 1069
3169 2 2 0 4 2634 3463 2635
3170 2 2 0 4 3238 3792 1701
3171 2 2 0 4 1671 2715 2252
3172 2 2 0 4 1960 3570 2614
3173 2 2 0 4 2416 3827 2747
3174 2 2 0 4 1133 3322 2085
3175 2 2 0 4 2680 3295 700
3176 2 2 0 4 2599 3911 197
3177 2 2 0 4 1719 2722 1447
3178 2 2 0 4 743 3950 2589
3179 2 2 0 4 2494 2496 2495
3180 2 2 0 4 2514 3298 2626
3181 2 2 0 4 2507 2675 2505
3182 2 2 0 4 1981 2926 2082
3183 2 2 0 4 59 2750 58
3184 2 2 0 4 183 2753 182
3185 2 2 0 4 2880 2881 760
3186 2 2 0 4 1121 2737 1123
3187 2 2 0 4 2472 3948 1324
3188 2 2 0 4 1101 1104 1102
3189 2 2 0 4 1077 1135 1075
3190 2 2 0 4 1076 1117 1077
3191 2 2 0 4 1324 3948 3446
3192 2 2 0 4 2056 2663 2189
3193 2 2 0 4 919 925 920
3194 2 2 0 4 920 2275 917
3195 2 2 0 4 983 986 985
3196 2 2 0 4 963 966 964
3197 2 2 0 4 868 870 869
3198 2 2 0 4 1690 1691 1662
3199 2 2 0 4 2048 2058 2049
3200 2 2 0 4 2049 2050 2047
3201 2 2 0 4 1540 1601 1539
3202 2 2 0 4 1858 2799 1776
3203 2 2 0 4 707 2725 2724
3204 2 2 0 4 2771 3429 3171
3205 2 2 0 4 737 2765 2764
3206 2 2 0 4 1729 2736 1967
3207 2 2 0 4 2639 2641 2640
3208 2 2 0 4 2640 2642 1621
3209 2 2 0 4 231 2784 705
3210 2 2 0 4 1469 3476 1466
3211 2 2 0 4 931 2783 786
3212 2 2 0 4 1732 3547 875
3213 2 2 0 4 1902 3288 2653
3214 2 2 0 4 3509 3510 2515
3215 2 2 0 4 3272 3700 2441
3216 2 2 0 4 2135 3247 2380
3217 2 2 0 4 2731 3306 2732
3218 2 2 0 4 689 2618 63
3219 2 2 0 4 2678 3944 2679
3220 2 2 0 4 2830 2876 2270
3221 2 2 0 4 1644 2876 2830
3222 2 2 0 4 1904 3196 1906
3223 2 2 0 4 1858 2800 2799
3224 2 2 0 4 2610 3493 2551
3225 2 2 0 4 1909 3370 2675
3226 2 2 0 4 709 3182 3134
3227 2 2 0 4 2523 3738 2584
3228 2 2 0 4 2753 3139 182
3229 2 2 0 4 1347 2426 1737
3230 2 2 0 4 2719 2723 2720
3231 2 2 0 4 3156 3706 764
3232 2 2 0 4 1077 3171 1135
3233 2 2 0 4 2947 2997 2109
3234 2 2 0 4 2864 2865 771
3235 2 2 0 4 776 3718 3294
3236 2 2 0 4 2813 3917 3175
3237 2 2 0 4 2117 3953 2589
3238 2 2 0 4 2537 3302 2816
3239 2 2 0 4 2776 2777 1689
3240 2 2 0 4 2745 3230 753
3241 2 2 0 4 1514 3285 1532
3242 2 2 0 4 710 2697 2696
3243 2 2 0 4 1118 3171 1077
3244 2 2 0 4 2522 3738 2523
3245 2 2 0 4 770 3915 2901
3246 2 2 0 4 2279 3769 3524
3247 2 2 0 4 2111 3693 2978
3248 2 2 0 4 3003 3692 751
3249 2 2 0 4 2928 3227 723
3250 2 2 0 4 2478 3169 2479
3251 2 2 0 4 2814 3236 3235
3252 2 2 0 4 921 3461 3253
3253 2 2 0 4 2088 2782 2573
3254 2 2 0 4 3228 3240 2900
3255 2 2 0 4 2492 2498 2493
3256 2 2 0 4 2482 2483 2481
3257 2 2 0 4 1414 1417 1416
3258 2 2 0 4 1415 1714 1713
3259 2 2 0 4 2288 2309 2287
3260 2 2 0 4 1227 1338 1229
3261 2 2 0 4 1476 2010 2009
3262 2 2 0 4 2066 2130 2067
3263 2 2 0 4 1321 2145 1319
3264 2 2 0 4 1320 1329 1307
3265 2 2 0 4 796 932 931
3266 2 2 0 4 788 790 789
3267 2 2 0 4 2071 2072 2069
3268 2 2 0 4 2228 2649 2442
3269 2 2 0 4 1940 1941 1939
3270 2 2 0 4 1907 1908 1905
3271 2 2 0 4 1930 2022 2021
3272 2 2 0 4 1675 1755 1676
3273 2 2 0 4 2208 2209 2206
3274 2 2 0 4 1676 1677 1674
3275 2 2 0 4 1929 1932 1931
3276 2 2 0 4 1963 1964 1381
3277 2 2 0 4 1906 1911 1907
3278 2 2 0 4 2223 2416 2415
3279 2 2 0 4 2415 2746 2222
3280 2 2 0 4 1426 1427 1380
3281 2 2 0 4 2207 2210 2208
3282 2 2 0 4 1479 1480 1386
3283 2 2 0 4 1481 1742 1485
3284 2 2 0 4 1109 1110 1047
3285 2 2 0 4 1108 1158 1109
3286 2 2 0 4 3731 3862 1886
3287 2 2 0 4 2157 2428 2155
3288 2 2 0 4 1776 2799 1773
3289 2 2 0 4 182 3139 181
3290 2 2 0 4 940 1356 949
3291 2 2 0 4 941 943 942
3292 2 2 0 4 1312 1460 1409
3293 2 2 0 4 1409 1424 1313
3294 2 2 0 4 1060 1062 1061
3295 2 2 0 4 2197 2198 1408
3296 2 2 0 4 902 904 903
3297 2 2 0 4 901 1458 924
3298 2 2 0 4 1394 1726 1452
3299 2 2 0 4 1452 1453 1405
3300 2 2 0 4 1709 2017 1710
3301 2 2 0 4 1710 1749 1708
3302 2 2 0 4 1702 1703 1450
3303 2 2 0 4 1449 1747 1702
3304 2 2 0 4 811 814 813
3305 2 2 0 4 1036 1037 1031
3306 2 2 0 4 1091 1093 1092
3307 2 2 0 4 1090 1669 1326
3308 2 2 0 4 2804 2807 2806
3309 2 2 0 4 780 782 781
3310 2 2 0 4 1765 2815 1767
3311 2 2 0 4 2594 3735 2194
3312 2 2 0 4 2606 2815 1765
3313 2 2 0 4 1501 2786 1503
3314 2 2 0 4 2791 3814 3004
3315 2 2 0 4 2019 2785 2715
3316 2 2 0 4 2073 2787 2132
3317 2 2 0 4 1104 1105 1102
3318 2 2 0 4 1117 1118 1077
3319 2 2 0 4 2056 2664 2663
3320 2 2 0 4 925 926 920
3321 2 2 0 4 986 987 985
3322 2 2 0 4 870 872 869
3323 2 2 0 4 966 967 964
3324 2 2 0 4 1690 1711 1691
3325 2 2 0 4 2048 2120 2058
3326 2 2 0 4 2049 2051 2050
3327 2 2 0 4 1540 1602 1601
3328 2 2 0 4 1601 2383 1539
3329 2 2 0 4 2725 2726 2724
3330 2 2 0 4 2765 2766 2764
3331 2 2 0 4 2639 2808 2641
3332 2 2 0 4 2640 2643 2642
3333 2 2 0 4 2625 3759 2501
3334 2 2 0 4 1858 2801 2800
3335 2 2 0 4 2813 3175 2812
3336 2 2 0 4 2606 2816 2815
3337 2 2 0 4 2404 3687 2330
3338 2 2 0 4 2080 2817 2081
3339 2 2 0 4 2821 3348 720
3340 2 2 0 4 2444 3177 2559
3341 2 2 0 4 2818 2819 2810
3342 2 2 0 4 3609 3771 3367
3343 2 2 0 4 2697 2698 2696
3344 2 2 0 4 2041 2831 2057
3345 2 2 0 4 2162 3298 1492
3346 2 2 0 4 3241 3266 729
3347 2 2 0 4 1655 2827 2236
3348 2 2 0 4 2227 3366 2228
3349 2 2 0 4 1946 2797 1478
3350 2 2 0 4 1163 2771 1118
3351 2 2 0 4 1673 3207 1675
3352 2 2 0 4 1336 3208 2207
3353 2 2 0 4 1380 3209 1377
3354 2 2 0 4 2483 2487 2481
3355 2 2 0 4 2482 2484 2483
3356 2 2 0 4 2664 3231 3188
3357 2 2 0 4 1414 1429 1417
3358 2 2 0 4 2288 2339 2309
3359 2 2 0 4 1338 1339 1229
3360 2 2 0 4 1476 2011 2010
3361 2 2 0 4 2130 2594 2067
3362 2 2 0 4 1321 2186 2145
3363 2 2 0 4 790 791 789
3364 2 2 0 4 932 935 931
3365 2 2 0 4 1941 1957 1939
3366 2 2 0 4 1964 1965 1381
3367 2 2 0 4 1675 1954 1755
3368 2 2 0 4 2207 2211 2210
3369 2 2 0 4 1907 1909 1908
3370 2 2 0 4 1427 1477 1380
3371 2 2 0 4 1906 1912 1911
3372 2 2 0 4 2022 2409 2021
3373 2 2 0 4 1932 1933 1931
3374 2 2 0 4 1676 2003 1677
3375 2 2 0 4 1742 2077 1485
3376 2 2 0 4 1108 1368 1158
3377 2 2 0 4 3344 3925 2301
3378 2 2 0 4 2296 3194 2297
3379 2 2 0 4 767 3758 3063
3380 2 2 0 4 3063 3675 767
3381 2 2 0 4 1858 2855 2801
3382 2 2 0 4 2180 3733 2131
3383 2 2 0 4 2825 2827 1653
3384 2 2 0 4 793 2781 2471
3385 2 2 0 4 1356 1419 949
3386 2 2 0 4 943 944 942
3387 2 2 0 4 1409 1743 1424
3388 2 2 0 4 1424 1425 1313
3389 2 2 0 4 1062 1063 1061
3390 2 2 0 4 904 905 903
3391 2 2 0 4 2197 2199 2198
3392 2 2 0 4 1458 1738 924
3393 2 2 0 4 1653 2827 1655
3394 2 2 0 4 1452 1684 1453
3395 2 2 0 4 1710 1750 1749
3396 2 2 0 4 1703 1704 1450
3397 2 2 0 4 1975 2840 2839
3398 2 2 0 4 814 816 813
3399 2 2 0 4 1036 1041 1037
3400 2 2 0 4 780 2025 782
3401 2 2 0 4 782 783 781
3402 2 2 0 4 1794 2867 2832
3403 2 2 0 4 2801 2855 2832
3404 2 2 0 4 2020 2823 2408
3405 2 2 0 4 1777 2839 1871
3406 2 2 0 4 1104 1136 1105
3407 2 2 0 4 1117 1162 1118
3408 2 2 0 4 925 1050 926
3409 2 2 0 4 986 988 987
3410 2 2 0 4 870 873 872
3411 2 2 0 4 966 968 967
3412 2 2 0 4 1690 2115 1711
3413 2 2 0 4 1540 1603 1602
3414 2 2 0 4 2725 2727 2726
3415 2 2 0 4 2726 2728 2724
3416 2 2 0 4 2765 2836 2766
3417 2 2 0 4 2808 2809 2641
3418 2 2 0 4 1650 2825 1653
3419 2 2 0 4 2036 2831 2041
3420 2 2 0 4 2828 2829 2820
3421 2 2 0 4 2801 2802 2800
3422 2 2 0 4 2832 2867 2833
3423 2 2 0 4 2839 2840 1871
3424 2 2 0 4 2832 2855 1794
3425 2 2 0 4 1775 2839 1777
3426 2 2 0 4 2697 2699 2698
3427 2 2 0 4 2482 2485 2484
3428 2 2 0 4 1429 1430 1417
3429 2 2 0 4 2339 2593 2309
3430 2 2 0 4 1338 1382 1339
3431 2 2 0 4 2011 2012 2010
3432 2 2 0 4 1321 2187 2186
3433 2 2 0 4 2186 2673 2145
3434 2 2 0 4 790 792 791
3435 2 2 0 4 2211 2212 2210
3436 2 2 0 4 1954 1955 1755
3437 2 2 0 4 1427 1478 1477
3438 2 2 0 4 1941 1958 1957
3439 2 2 0 4 1964 1966 1965
3440 2 2 0 4 1932 1934 1933
3441 2 2 0 4 1909 1910 1908
3442 2 2 0 4 2077 2347 1485
3443 2 2 0 4 1368 1369 1158
3444 2 2 0 4 943 945 944
3445 2 2 0 4 1356 2451 1419
3446 2 2 0 4 1424 1761 1425
3447 2 2 0 4 1062 1064 1063
3448 2 2 0 4 904 906 905
3449 2 2 0 4 1458 1948 1738
3450 2 2 0 4 1684 1685 1453
3451 2 2 0 4 1036 1223 1041
3452 2 2 0 4 814 817 816
3453 2 2 0 4 1041 1042 1037
3454 2 2 0 4 783 784 781
3455 2 2 0 4 1136 1137 1105
3456 2 2 0 4 1104 1311 1136
3457 2 2 0 4 1162 1163 1118
3458 2 2 0 4 1050 1051 926
3459 2 2 0 4 988 990 987
3460 2 2 0 4 968 969 967
3461 2 2 0 4 966 1005 968
3462 2 2 0 4 873 876 872
3463 2 2 0 4 870 913 873
3464 2 2 0 4 2115 2116 1711
3465 2 2 0 4 1603 1604 1602
3466 2 2 0 4 2784 3968 705
3467 2 2 0 4 2809 2812 2641
3468 2 2 0 4 2833 2867 2866
3469 2 2 0 4 3524 3769 2689
3470 2 2 0 4 2836 2837 2766
3471 2 2 0 4 2801 2803 2802
3472 2 2 0 4 2802 2804 2800
3473 2 2 0 4 2840 2841 1871
3474 2 2 0 4 1746 3185 1745
3475 2 2 0 4 2697 2700 2699
3476 2 2 0 4 2485 2486 2484
3477 2 2 0 4 1429 1492 1430
3478 2 2 0 4 1338 1392 1382
3479 2 2 0 4 2012 2013 2010
3480 2 2 0 4 2187 2686 2186
3481 2 2 0 4 790 793 792
3482 2 2 0 4 792 794 791
3483 2 2 0 4 1427 1945 1478
3484 2 2 0 4 2211 2214 2212
3485 2 2 0 4 1954 1956 1955
3486 2 2 0 4 1964 2126 1966
3487 2 2 0 4 1478 2127 1477
3488 2 2 0 4 1941 1959 1958
3489 2 2 0 4 1910 2600 1908
3490 2 2 0 4 1932 2603 1934
3491 2 2 0 4 1368 1370 1369
3492 2 2 0 4 945 947 944
3493 2 2 0 4 943 1423 945
3494 2 2 0 4 1761 2672 1425
3495 2 2 0 4 1064 1065 1063
3496 2 2 0 4 1458 2246 1948
3497 2 2 0 4 1685 2125 1453
3498 2 2 0 4 1684 1722 1685
3499 2 2 0 4 814 818 817
3500 2 2 0 4 1042 1043 1037
3501 2 2 0 4 1526 2848 1618
3502 2 2 0 4 1137 1138 1105
3503 2 2 0 4 1051 1052 926
3504 2 2 0 4 990 991 987
3505 2 2 0 4 873 877 876
3506 2 2 0 4 2116 2660 1711
3507 2 2 0 4 2115 2329 2116
3508 2 2 0 4 968 970 969
3509 2 2 0 4 1604 1605 1602
3510 2 2 0 4 1859 2839 1775
3511 2 2 0 4 2848 2849 1618
3512 2 2 0 4 2801 2832 2803
3513 2 2 0 4 2840 2842 2841
3514 2 2 0 4 2700 2701 2699
3515 2 2 0 4 1524 2848 1526
3516 2 2 0 4 2485 2772 2486
3517 2 2 0 4 1492 1493 1430
3518 2 2 0 4 1429 2162 1492
3519 2 2 0 4 2012 2106 2013
3520 2 2 0 4 1392 2142 1382
3521 2 2 0 4 792 797 794
3522 2 2 0 4 1910 2601 2600
3523 2 2 0 4 1954 2770 1956
3524 2 2 0 4 1959 2332 1958
3525 2 2 0 4 2214 2215 2212
3526 2 2 0 4 1945 1946 1478
3527 2 2 0 4 2211 2405 2214
3528 2 2 0 4 2126 2435 1966
3529 2 2 0 4 2127 2331 1477
3530 2 2 0 4 1241 2843 1236
3531 2 2 0 4 945 948 947
3532 2 2 0 4 1064 1066 1065
3533 2 2 0 4 2246 2247 1948
3534 2 2 0 4 1722 1723 1685
3535 2 2 0 4 1042 1044 1043
3536 2 2 0 4 818 819 817
3537 2 2 0 4 1137 1139 1138
3538 2 2 0 4 1051 1053 1052
3539 2 2 0 4 990 992 991
3540 2 2 0 4 877 879 876
3541 2 2 0 4 970 972 969
3542 2 2 0 4 1604 1607 1605
3543 2 2 0 4 1794 2855 1780
3544 2 2 0 4 2849 2850 1618
3545 2 2 0 4 2832 2833 2803
3546 2 2 0 4 1396 2844 1353
3547 2 2 0 4 2701 2702 2699
3548 2 2 0 4 1493 1663 1430
3549 2 2 0 4 2142 2144 1382
3550 2 2 0 4 2106 2107 2013
3551 2 2 0 4 797 798 794
3552 2 2 0 4 2405 2423 2214
3553 2 2 0 4 1780 2855 1778
3554 2 2 0 4 2850 3132 1618
3555 2 2 0 4 948 950 947
3556 2 2 0 4 1066 1068 1065
3557 2 2 0 4 1064 1119 1066
3558 2 2 0 4 1722 1982 1723
3559 2 2 0 4 818 820 819
3560 2 2 0 4 1044 1049 1043
3561 2 2 0 4 1042 1045 1044
3562 2 2 0 4 1139 1150 1138
3563 2 2 0 4 1137 1140 1139
3564 2 2 0 4 1051 1054 1053
3565 2 2 0 4 1053 1161 1052
3566 2 2 0 4 992 993 991
3567 2 2 0 4 877 880 879
3568 2 2 0 4 990 994 992
3569 2 2 0 4 970 973 972
3570 2 2 0 4 1607 1608 1605
3571 2 2 0 4 2849 2851 2850
3572 2 2 0 4 2853 3132 2850
3573 2 2 0 4 2833 2834 2803
3574 2 2 0 4 1243 2856 1372
3575 2 2 0 4 2701 2703 2702
3576 2 2 0 4 1493 1664 1663
3577 2 2 0 4 2106 2108 2107
3578 2 2 0 4 797 799 798
3579 2 2 0 4 948 951 950
3580 2 2 0 4 1066 1069 1068
3581 2 2 0 4 1982 1983 1723
3582 2 2 0 4 818 1699 820
3583 2 2 0 4 1049 1483 1043
3584 2 2 0 4 820 822 819
3585 2 2 0 4 1045 1046 1044
3586 2 2 0 4 1140 1141 1139
3587 2 2 0 4 1161 1697 1052
3588 2 2 0 4 1054 1055 1053
3589 2 2 0 4 994 995 992
3590 2 2 0 4 877 1171 880
3591 2 2 0 4 880 882 879
3592 2 2 0 4 970 1172 973
3593 2 2 0 4 1607 1609 1608
3594 2 2 0 4 973 974 972
3595 2 2 0 4 2851 2852 2850
3596 2 2 0 4 2875 3136 3133
3597 2 2 0 4 2703 2704 2702
3598 2 2 0 4 1493 1665 1664
3599 2 2 0 4 2108 2109 2107
3600 2 2 0 4 799 800 798
3601 2 2 0 4 948 952 951
3602 2 2 0 4 1982 1984 1983
3603 2 2 0 4 822 825 819
3604 2 2 0 4 1140 1142 1141
3605 2 2 0 4 880 883 882
3606 2 2 0 4 973 975 974
3607 2 2 0 4 994 996 995
3608 2 2 0 4 1607 1643 1609
3609 2 2 0 4 1609 1610 1608
3610 2 2 0 4 2852 2853 2850
3611 2 2 0 4 1665 1666 1664
3612 2 2 0 4 2108 2110 2109
3613 2 2 0 4 2866 2867 2858
3614 2 2 0 4 952 953 951
3615 2 2 0 4 1984 1985 1983
3616 2 2 0 4 822 826 825
3617 2 2 0 4 2858 2867 2857
3618 2 2 0 4 1140 1324 1142
3619 2 2 0 4 1142 1143 1141
3620 2 2 0 4 975 978 974
3621 2 2 0 4 996 997 995
3622 2 2 0 4 1609 1612 1610
3623 2 2 0 4 883 884 882
3624 2 2 0 4 1795 2857 1784
3625 2 2 0 4 2852 2854 2853
3626 2 2 0 4 1795 2858 2857
3627 2 2 0 4 1666 1716 1664
3628 2 2 0 4 1665 1667 1666
3629 2 2 0 4 2110 2111 2109
3630 2 2 0 4 1784 2857 1782
3631 2 2 0 4 2870 2872 2871
3632 2 2 0 4 1787 2871 1875
3633 2 2 0 4 1785 2871 1787
3634 2 2 0 4 953 955 951
3635 2 2 0 4 952 1149 953
3636 2 2 0 4 1985 1986 1983
3637 2 2 0 4 1984 1987 1985
3638 2 2 0 4 826 914 825
3639 2 2 0 4 822 827 826
3640 2 2 0 4 1142 1144 1143
3641 2 2 0 4 1143 1168 1141
3642 2 2 0 4 1612 1613 1610
3643 2 2 0 4 996 998 997
3644 2 2 0 4 975 979 978
3645 2 2 0 4 883 885 884
3646 2 2 0 4 2868 2871 1785
3647 2 2 0 4 2871 2872 1875
3648 2 2 0 4 1795 2859 2858
3649 2 2 0 4 1667 1668 1666
3650 2 2 0 4 2110 2112 2111
3651 2 2 0 4 1783 2868 1785
3652 2 2 0 4 953 956 955
3653 2 2 0 4 952 1935 1149
3654 2 2 0 4 1987 1988 1985
3655 2 2 0 4 827 828 826
3656 2 2 0 4 1795 2873 2859
3657 2 2 0 4 1144 1145 1143
3658 2 2 0 4 998 1000 997
3659 2 2 0 4 1612 1725 1613
3660 2 2 0 4 883 887 885
3661 2 2 0 4 2873 3104 2859
3662 2 2 0 4 2859 2860 2858
3663 2 2 0 4 1667 1680 1668
3664 2 2 0 4 2112 2414 2111
3665 2 2 0 4 2110 2436 2112
3666 2 2 0 4 956 957 955
3667 2 2 0 4 1987 1989 1988
3668 2 2 0 4 827 829 828
3669 2 2 0 4 2859 3104 2861
3670 2 2 0 4 1144 1146 1145
3671 2 2 0 4 887 888 885
3672 2 2 0 4 1000 1002 997
3673 2 2 0 4 1612 1756 1725
3674 2 2 0 4 998 1001 1000
3675 2 2 0 4 2859 2861 2860
3676 2 2 0 4 2860 2866 2858
3677 2 2 0 4 1680 1681 1668
3678 2 2 0 4 2436 2790 2112
3679 2 2 0 4 956 958 957
3680 2 2 0 4 1989 1990 1988
3681 2 2 0 4 829 831 828
3682 2 2 0 4 1694 2876 1537
3683 2 2 0 4 1144 1322 1146
3684 2 2 0 4 1146 1147 1145
3685 2 2 0 4 1756 2059 1725
3686 2 2 0 4 1001 1006 1000
3687 2 2 0 4 888 890 885
3688 2 2 0 4 1793 2873 1788
3689 2 2 0 4 2861 2862 2860
3690 2 2 0 4 2270 2876 1694
3691 2 2 0 4 1537 2876 1535
3692 2 2 0 4 1681 1744 1668
3693 2 2 0 4 1680 1682 1681
3694 2 2 0 4 1788 2873 1786
3695 2 2 0 4 956 959 958
3696 2 2 0 4 1990 2169 1988
3697 2 2 0 4 1989 1991 1990
3698 2 2 0 4 829 832 831
3699 2 2 0 4 2875 2929 1541
3700 2 2 0 4 1146 1148 1147
3701 2 2 0 4 1001 1007 1006
3702 2 2 0 4 888 891 890
3703 2 2 0 4 2059 2547 1725
3704 2 2 0 4 2861 2863 2862
3705 2 2 0 4 1541 2929 1536
3706 2 2 0 4 1682 2029 1681
3707 2 2 0 4 959 960 958
3708 2 2 0 4 1991 1992 1990
3709 2 2 0 4 832 833 831
3710 2 2 0 4 1148 1154 1147
3711 2 2 0 4 891 915 890
3712 2 2 0 4 888 892 891
3713 2 2 0 4 1001 1008 1007
3714 2 2 0 4 1252 2883 1267
3715 2 2 0 4 1991 1993 1992
3716 2 2 0 4 833 1166 831
3717 2 2 0 4 832 834 833
3718 2 2 0 4 1550 3018 1548
3719 2 2 0 4 1008 1009 1007
3720 2 2 0 4 892 893 891
3721 2 2 0 4 1148 1155 1154
3722 2 2 0 4 1791 2911 1880
3723 2 2 0 4 1633 2882 2877
3724 2 2 0 4 1548 3018 1633
3725 2 2 0 4 1642 3018 1550
3726 2 2 0 4 2877 2904 1633
3727 2 2 0 4 1880 2911 2450
3728 2 2 0 4 1888 2883 1257
3729 2 2 0 4 1789 2911 1791
3730 2 2 0 4 1598 3034 2893
3731 2 2 0 4 1633 3018 2882
3732 2 2 0 4 2893 3034 2891
3733 2 2 0 4 1991 1995 1993
3734 2 2 0 4 834 836 833
3735 2 2 0 4 1993 1994 1992
3736 2 2 0 4 1892 2904 2877
3737 2 2 0 4 1536 2929 1538
3738 2 2 0 4 1155 1209 1154
3739 2 2 0 4 1793 2986 2885
3740 2 2 0 4 1571 2894 1573
3741 2 2 0 4 892 894 893
3742 2 2 0 4 1148 1156 1155
3743 2 2 0 4 1009 1015 1007
3744 2 2 0 4 1632 3053 2897
3745 2 2 0 4 2006 3085 2936
3746 2 2 0 4 2936 3085 2893
3747 2 2 0 4 2886 2889 1614
3748 2 2 0 4 1257 2883 1254
3749 2 2 0 4 1632 2897 2895
3750 2 2 0 4 1995 1996 1993
3751 2 2 0 4 2893 3085 1598
3752 2 2 0 4 2891 3034 2894
3753 2 2 0 4 1614 2894 1571
3754 2 2 0 4 2889 2894 1614
3755 2 2 0 4 2912 2924 1683
3756 2 2 0 4 2935 3045 2934
3757 2 2 0 4 1542 2904 1892
3758 2 2 0 4 2895 2944 1632
3759 2 2 0 4 2910 3065 2909
3760 2 2 0 4 2932 2933 2931
3761 2 2 0 4 2894 3034 1573
3762 2 2 0 4 1156 1157 1155
3763 2 2 0 4 1923 3045 2935
3764 2 2 0 4 2989 2990 1898
3765 2 2 0 4 1640 2976 1641
3766 2 2 0 4 2237 2912 1683
3767 2 2 0 4 1614 3005 2886
3768 2 2 0 4 1790 2986 1793
3769 2 2 0 4 2146 2976 1640
3770 2 2 0 4 2930 2932 2931
3771 2 2 0 4 1994 1999 1992
3772 2 2 0 4 2147 3090 2959
3773 2 2 0 4 2920 2923 1862
3774 2 2 0 4 1899 2944 2895
3775 2 2 0 4 1633 2904 1546
3776 2 2 0 4 1878 2902 2327
3777 2 2 0 4 3067 3085 1921
3778 2 2 0 4 2959 3090 2931
3779 2 2 0 4 834 837 836
3780 2 2 0 4 2923 3039 3038
3781 2 2 0 4 2923 3038 1862
3782 2 2 0 4 1587 2930 1589
3783 2 2 0 4 1294 1300 1293
3784 2 2 0 4 1274 1276 1275
3785 2 2 0 4 1286 1287 1285
3786 2 2 0 4 894 896 893
3787 2 2 0 4 1263 1265 1264
3788 2 2 0 4 2935 2975 1923
3789 2 2 0 4 1259 1261 1260
3790 2 2 0 4 1288 3545 1287
3791 2 2 0 4 1898 2996 2989
3792 2 2 0 4 1595 2924 1596
3793 2 2 0 4 1594 2909 1592
3794 2 2 0 4 1627 2930 1587
3795 2 2 0 4 1897 2924 2912
3796 2 2 0 4 1567 3005 1569
3797 2 2 0 4 1009 1016 1015
3798 2 2 0 4 2914 2945 1817
3799 2 2 0 4 2974 3043 2973
3800 2 2 0 4 1822 3089 3081
3801 2 2 0 4 1896 2987 2979
3802 2 2 0 4 1263 1264 1262
3803 2 2 0 4 1262 3019 1350
3804 2 2 0 4 1274 1275 1273
3805 2 2 0 4 2234 2981 2980
3806 2 2 0 4 1281 2925 1279
3807 2 2 0 4 1299 1335 1334
3808 2 2 0 4 2146 2977 2976
3809 2 2 0 4 2988 2990 2989
3810 2 2 0 4 2231 3017 2998
3811 2 2 0 4 1596 2924 1897
3812 2 2 0 4 1851 3073 3068
3813 2 2 0 4 2328 2987 1896
3814 2 2 0 4 2933 2959 2931
3815 2 2 0 4 1264 3019 1262
3816 2 2 0 4 1274 1277 1276
3817 2 2 0 4 1834 3080 1849
3818 2 2 0 4 1259 1260 1258
3819 2 2 0 4 1269 3550 1268
3820 2 2 0 4 1371 3015 1296
3821 2 2 0 4 1627 2932 2930
3822 2 2 0 4 2965 2969 1874
3823 2 2 0 4 1598 3085 3067
3824 2 2 0 4 1867 2996 1898
3825 2 2 0 4 2950 2958 2957
3826 2 2 0 4 1616 2924 1595
3827 2 2 0 4 3025 3043 2974
3828 2 2 0 4 1626 2909 1594
3829 2 2 0 4 3020 3026 1855
3830 2 2 0 4 1286 1288 1287
3831 2 2 0 4 1569 3005 1614
3832 2 2 0 4 1546 2904 1543
3833 2 2 0 4 1580 2944 1899
3834 2 2 0 4 1803 2956 1850
3835 2 2 0 4 1872 2965 1831
3836 2 2 0 4 1870 2979 1848
3837 2 2 0 4 1625 3050 2995
3838 2 2 0 4 1805 2956 1803
3839 2 2 0 4 1625 2995 2993
3840 2 2 0 4 838 923 836
3841 2 2 0 4 2918 2919 2914
3842 2 2 0 4 1292 1294 1293
3843 2 2 0 4 1164 1165 1157
3844 2 2 0 4 2581 2964 1919
3845 2 2 0 4 3050 3058 2995
3846 2 2 0 4 2886 3005 2581
3847 2 2 0 4 1896 2979 1870
3848 2 2 0 4 3021 3026 3020
3849 2 2 0 4 2234 2980 1735
3850 2 2 0 4 2973 3043 1849
3851 2 2 0 4 2913 2918 2914
3852 2 2 0 4 2950 2957 2956
3853 2 2 0 4 1862 2945 2920
3854 2 2 0 4 1611 3075 1925
3855 2 2 0 4 1185 2978 1205
3856 2 2 0 4 1279 3543 1276
3857 2 2 0 4 1817 2945 1818
3858 2 2 0 4 1637 2975 1583
3859 2 2 0 4 1009 1017 1016
3860 2 2 0 4 1923 2975 1637
3861 2 2 0 4 1893 2986 1798
3862 2 2 0 4 837 839 838
3863 2 2 0 4 2988 2989 2987
3864 2 2 0 4 1183 2946 1180
3865 2 2 0 4 1197 1199 1198
3866 2 2 0 4 1201 1204 1203
3867 2 2 0 4 2964 3005 1567
3868 2 2 0 4 2920 2945 2914
3869 2 2 0 4 1273 3550 1269
3870 2 2 0 4 1284 1286 1285
3871 2 2 0 4 2913 2914 1817
3872 2 2 0 4 842 2461 843
3873 2 2 0 4 2950 3006 2958
3874 2 2 0 4 2124 2909 1626
3875 2 2 0 4 3077 3082 2957
3876 2 2 0 4 1807 2948 1805
3877 2 2 0 4 1831 2965 1833
3878 2 2 0 4 1175 1176 1174
3879 2 2 0 4 1177 1178 1176
3880 2 2 0 4 1176 2939 1206
3881 2 2 0 4 1181 1183 1180
3882 2 2 0 4 1182 2941 2940
3883 2 2 0 4 1186 1187 1185
3884 2 2 0 4 1188 2947 1187
3885 2 2 0 4 1823 3038 1825
3886 2 2 0 4 1258 3054 1328
3887 2 2 0 4 1295 1297 1296
3888 2 2 0 4 1802 3000 1857
3889 2 2 0 4 1815 2913 1817
3890 2 2 0 4 2948 2956 1805
3891 2 2 0 4 856 858 857
3892 2 2 0 4 858 860 859
3893 2 2 0 4 1260 3054 1258
3894 2 2 0 4 1825 3038 1864
3895 2 2 0 4 2087 3084 1866
3896 2 2 0 4 2581 3005 2964
3897 2 2 0 4 1872 2966 2965
3898 2 2 0 4 1570 1625 1568
3899 2 2 0 4 2231 2998 2993
3900 2 2 0 4 2969 3062 1874
3901 2 2 0 4 3068 3073 1926
3902 2 2 0 4 2895 2897 2896
3903 2 2 0 4 1800 3000 1802
3904 2 2 0 4 1569 1614 1571
3905 2 2 0 4 1641 2976 2193
3906 2 2 0 4 1872 3007 2967
3907 2 2 0 4 1176 1206 1174
3908 2 2 0 4 2952 3006 2949
3909 2 2 0 4 2925 3543 1279
3910 2 2 0 4 1180 2946 1182
3911 2 2 0 4 1196 2984 1194
3912 2 2 0 4 1210 2907 1203
3913 2 2 0 4 1214 3542 1211
3914 2 2 0 4 1213 1216 1215
3915 2 2 0 4 3075 3090 1925
3916 2 2 0 4 855 2963 865
3917 2 2 0 4 2998 3017 1566
3918 2 2 0 4 2955 3006 2952
3919 2 2 0 4 1845 3074 1847
3920 2 2 0 4 1635 3058 3050
3921 2 2 0 4 2956 2957 1850
3922 2 2 0 4 2394 3082 3077
3923 2 2 0 4 1208 2905 1200
3924 2 2 0 4 1219 3001 1318
3925 2 2 0 4 1887 2929 2875
3926 2 2 0 4 2885 2986 1893
3927 2 2 0 4 3007 3040 2967
3928 2 2 0 4 2932 2934 2933
3929 2 2 0 4 1798 2986 1792
3930 2 2 0 4 1589 1597 1591
3931 2 2 0 4 837 838 836
3932 2 2 0 4 1632 2944 1584
3933 2 2 0 4 1565 2964 1567
3934 2 2 0 4 1585 2975 1627
3935 2 2 0 4 1627 2975 2935
3936 2 2 0 4 1877 2903 2168
3937 2 2 0 4 1849 3080 2973
3938 2 2 0 4 842 843 841
3939 2 2 0 4 843 846 845
3940 2 2 0 4 849 850 848
3941 2 2 0 4 856 857 855
3942 2 2 0 4 1589 2930 1597
3943 2 2 0 4 1165 1173 1157
3944 2 2 0 4 1178 2939 1176
3945 2 2 0 4 1186 1189 1188
3946 2 2 0 4 1213 1215 1214
3947 2 2 0 4 1216 1217 1215
3948 2 2 0 4 2123 2124 1626
3949 2 2 0 4 2933 2960 2959
3950 2 2 0 4 1897 2912 2340
3951 2 2 0 4 2980 2981 1629
3952 2 2 0 4 1808 2938 1810
3953 2 2 0 4 840 3064 838
3954 2 2 0 4 1839 3076 1840
3955 2 2 0 4 3066 3080 1836
3956 2 2 0 4 2592 2999 1881
3957 2 2 0 4 1596 1639 1626
3958 2 2 0 4 1897 2340 1979
3959 2 2 0 4 1174 3056 1173
3960 2 2 0 4 2919 2921 2920
3961 2 2 0 4 2580 2581 1919
3962 2 2 0 4 2124 2910 2909
3963 2 2 0 4 3089 3094 2571
3964 2 2 0 4 1194 1202 1192
3965 2 2 0 4 1200 2905 1198
3966 2 2 0 4 1640 1641 1616
3967 2 2 0 4 1736 2231 2230
3968 2 2 0 4 1860 3051 1920
3969 2 2 0 4 2411 2412 1924
3970 2 2 0 4 2328 2988 2987
3971 2 2 0 4 1864 3040 3007
3972 2 2 0 4 2062 2903 1877
3973 2 2 0 4 1813 3073 1851
3974 2 2 0 4 2014 2016 1926
3975 2 2 0 4 2413 2744 2411
3976 2 2 0 4 1611 1640 1616
3977 2 2 0 4 2231 2668 2230
3978 2 2 0 4 1202 2961 1192
3979 2 2 0 4 1195 1197 1196
3980 2 2 0 4 1611 1616 1595
3981 2 2 0 4 1304 2925 1281
3982 2 2 0 4 1872 2967 2966
3983 2 2 0 4 1593 1594 1592
3984 2 2 0 4 857 3547 2963
3985 2 2 0 4 1877 2168 1878
3986 2 2 0 4 1878 2327 1896
3987 2 2 0 4 3038 3039 1864
3988 2 2 0 4 1867 1898 1884
3989 2 2 0 4 3081 3089 2571
3990 2 2 0 4 1548 1633 1546
3991 2 2 0 4 2229 2234 1735
3992 2 2 0 4 1804 3037 1806
3993 2 2 0 4 2979 2987 1853
3994 2 2 0 4 2887 2889 2886
3995 2 2 0 4 2887 2890 2889
3996 2 2 0 4 1561 1564 1563
3997 2 2 0 4 1899 2365 1645
3998 2 2 0 4 1585 1586 1584
3999 2 2 0 4 1925 2147 2146
4000 2 2 0 4 1017 1018 1016
4001 2 2 0 4 1558 1629 1556
4002 2 2 0 4 1641 2192 1683
4003 2 2 0 4 1818 1821 1820
4004 2 2 0 4 2139 2974 2973
4005 2 2 0 4 3023 3024 3021
4006 2 2 0 4 1557 1600 1559
4007 2 2 0 4 3039 3040 1864
4008 2 2 0 4 1547 1623 1549
4009 2 2 0 4 3027 3028 1642
4010 2 2 0 4 2018 2591 1881
4011 2 2 0 4 2592 3000 2999
4012 2 2 0 4 1018 1026 1016
4013 2 2 0 4 1191 2947 1188
4014 2 2 0 4 1207 2984 1196
4015 2 2 0 4 1199 1201 1200
4016 2 2 0 4 1220 1221 1219
4017 2 2 0 4 1222 1314 1221
4018 2 2 0 4 1314 1391 1317
4019 2 2 0 4 1589 1591 1590
4020 2 2 0 4 1951 2585 1953
4021 2 2 0 4 2571 2572 2570
4022 2 2 0 4 3033 3071 3060
4023 2 2 0 4 1552 1642 1550
4024 2 2 0 4 1806 3037 1876
4025 2 2 0 4 855 865 853
4026 2 2 0 4 859 3547 857
4027 2 2 0 4 858 1383 860
4028 2 2 0 4 1818 1820 1819
4029 2 2 0 4 2168 2902 1878
4030 2 2 0 4 1892 2877 2373
4031 2 2 0 4 1591 1593 1592
4032 2 2 0 4 1641 1683 1616
4033 2 2 0 4 1951 1953 1634
4034 2 2 0 4 1846 2979 1853
4035 2 2 0 4 3032 3033 1635
4036 2 2 0 4 1867 1884 1868
4037 2 2 0 4 1547 3031 1623
4038 2 2 0 4 1918 1919 1622
4039 2 2 0 4 2877 2882 2878
4040 2 2 0 4 1551 1599 1553
4041 2 2 0 4 1575 1577 1576
4042 2 2 0 4 1736 3017 2231
4043 2 2 0 4 1887 2875 1952
4044 2 2 0 4 1863 2913 1815
4045 2 2 0 4 1833 2965 1874
4046 2 2 0 4 1869 1870 1848
4047 2 2 0 4 1580 1899 1645
4048 2 2 0 4 1843 1844 1842
4049 2 2 0 4 2015 2284 2014
4050 2 2 0 4 2365 2691 2367
4051 2 2 0 4 1797 1800 1799
4052 2 2 0 4 1865 1978 1976
4053 2 2 0 4 1815 1816 1813
4054 2 2 0 4 1865 1976 1866
4055 2 2 0 4 1569 1571 1570
4056 2 2 0 4 1736 2229 1735
4057 2 2 0 4 1812 3049 1863
4058 2 2 0 4 1899 2895 2366
4059 2 2 0 4 1569 1570 1568
4060 2 2 0 4 1852 1869 1848
4061 2 2 0 4 2981 2983 2982
4062 2 2 0 4 3022 3023 3021
4063 2 2 0 4 1582 1583 1581
4064 2 2 0 4 1585 1587 1586
4065 2 2 0 4 1547 1548 1546
4066 2 2 0 4 1552 3027 1642
4067 2 2 0 4 1735 2980 1560
4068 2 2 0 4 1879 2411 1924
4069 2 2 0 4 2949 3006 2950
4070 2 2 0 4 2951 2952 2949
4071 2 2 0 4 125 3002 776
4072 2 2 0 4 127 3003 751
4073 2 2 0 4 129 3004 740
4074 2 2 0 4 1579 1582 1581
4075 2 2 0 4 1979 3091 1639
4076 2 2 0 4 1826 1855 1824
4077 2 2 0 4 1978 2596 1976
4078 2 2 0 4 1255 1256 1254
4079 2 2 0 4 2999 3000 1800
4080 2 2 0 4 1813 1851 1811
4081 2 2 0 4 1846 1853 1844
4082 2 2 0 4 1885 2139 2138
4083 2 2 0 4 1553 1555 1554
4084 2 2 0 4 1843 1856 1845
4085 2 2 0 4 1213 1214 1211
4086 2 2 0 4 1843 1845 1844
4087 2 2 0 4 1187 2978 1185
4088 2 2 0 4 1262 1350 1260
4089 2 2 0 4 1551 1552 1550
4090 2 2 0 4 1551 3014 1599
4091 2 2 0 4 1877 1878 1870
4092 2 2 0 4 3048 3071 3032
4093 2 2 0 4 1559 1561 1560
4094 2 2 0 4 1823 1825 1824
4095 2 2 0 4 1544 1887 1634
4096 2 2 0 4 1583 1584 1581
4097 2 2 0 4 1812 1813 1811
4098 2 2 0 4 1838 3066 1836
4099 2 2 0 4 1865 1866 1852
4100 2 2 0 4 1899 2366 2365
4101 2 2 0 4 1802 1804 1803
4102 2 2 0 4 1823 1824 1822
4103 2 2 0 4 1836 3080 1834
4104 2 2 0 4 1842 2996 1867
4105 2 2 0 4 1639 2123 1626
4106 2 2 0 4 3047 3062 2413
4107 2 2 0 4 1557 1558 1556
4108 2 2 0 4 1806 1807 1805
4109 2 2 0 4 1808 1809 1807
4110 2 2 0 4 1825 1826 1824
4111 2 2 0 4 1887 1952 1951
4112 2 2 0 4 1917 2007 1918
4113 2 2 0 4 1564 1622 1565
4114 2 2 0 4 1622 2964 1565
4115 2 2 0 4 1876 2938 1808
4116 2 2 0 4 1815 1817 1816
4117 2 2 0 4 1894 1895 1893
4118 2 2 0 4 1920 2393 1894
4119 2 2 0 4 2966 2969 2965
4120 2 2 0 4 116 775 115
4121 2 2 0 4 118 752 117
4122 2 2 0 4 120 739 119
4123 2 2 0 4 122 772 121
4124 2 2 0 4 3012 3013 772
4125 2 2 0 4 1565 1566 1563
4126 2 2 0 4 1581 2944 1580
4127 2 2 0 4 1797 1798 1792
4128 2 2 0 4 1835 1836 1834
4129 2 2 0 4 1837 1838 1836
4130 2 2 0 4 2919 2920 2914
4131 2 2 0 4 1814 2948 1807
4132 2 2 0 4 1555 1556 1554
4133 2 2 0 4 1641 2193 2192
4134 2 2 0 4 1804 1805 1803
4135 2 2 0 4 2993 2995 2994
4136 2 2 0 4 1551 1553 1552
4137 2 2 0 4 1842 1867 1841
4138 2 2 0 4 2989 2996 1853
4139 2 2 0 4 2919 2922 2921
4140 2 2 0 4 3009 3010 752
4141 2 2 0 4 839 840 838
4142 2 2 0 4 841 2970 840
4143 2 2 0 4 843 2461 847
4144 2 2 0 4 848 874 846
4145 2 2 0 4 1573 1575 1574
4146 2 2 0 4 1597 3090 3075
4147 2 2 0 4 1800 1801 1799
4148 2 2 0 4 1800 1802 1801
4149 2 2 0 4 1806 1808 1807
4150 2 2 0 4 1808 1810 1809
4151 2 2 0 4 1827 1828 1826
4152 2 2 0 4 1827 1829 1828
4153 2 2 0 4 1833 1874 1835
4154 2 2 0 4 1863 3049 2916
4155 2 2 0 4 2993 2994 2668
4156 2 2 0 4 125 776 124
4157 2 2 0 4 127 751 126
4158 2 2 0 4 129 740 128
4159 2 2 0 4 131 773 130
4160 2 2 0 4 1919 2964 1622
4161 2 2 0 4 1565 1567 1566
4162 2 2 0 4 1880 1881 1796
4163 2 2 0 4 1840 1841 1838
4164 2 2 0 4 2877 2878 2373
4165 2 2 0 4 2921 2923 2920
4166 2 2 0 4 2951 2953 2952
4167 2 2 0 4 1318 3551 1217
4168 2 2 0 4 1845 1846 1844
4169 2 2 0 4 1217 3551 1215
4170 2 2 0 4 1831 1832 1830
4171 2 2 0 4 1833 1834 1832
4172 2 2 0 4 2591 2592 1881
4173 2 2 0 4 2139 2973 2138
4174 2 2 0 4 1831 1833 1832
4175 2 2 0 4 1833 1835 1834
4176 2 2 0 4 1848 2979 1846
4177 2 2 0 4 1595 1596 1594
4178 2 2 0 4 1834 1849 1832
4179 2 2 0 4 1847 1848 1846
4180 2 2 0 4 2018 2654 2591
4181 2 2 0 4 1544 1634 1545
4182 2 2 0 4 1556 3036 1554
4183 2 2 0 4 1557 1559 1558
4184 2 2 0 4 1797 2999 1800
4185 2 2 0 4 1821 1862 1823
4186 2 2 0 4 2890 2891 2889
4187 2 2 0 4 1583 1585 1584
4188 2 2 0 4 1802 1857 1804
4189 2 2 0 4 1585 1627 1587
4190 2 2 0 4 1887 1951 1634
4191 2 2 0 4 1860 1893 1798
4192 2 2 0 4 1818 2945 1821
4193 2 2 0 4 1867 1868 1841
4194 2 2 0 4 1853 2996 1844
4195 2 2 0 4 2314 2580 1919
4196 2 2 0 4 3024 3026 3021
4197 2 2 0 4 1190 1193 1192
4198 2 2 0 4 1547 1549 1548
4199 2 2 0 4 1575 1576 1574
4200 2 2 0 4 1804 1806 1805
4201 2 2 0 4 1976 1977 1866
4202 2 2 0 4 1874 3062 3047
4203 2 2 0 4 1554 3036 3027
4204 2 2 0 4 1567 1568 1566
4205 2 2 0 4 1571 1572 1570
4206 2 2 0 4 1573 1574 1572
4207 2 2 0 4 1577 1578 1576
4208 2 2 0 4 1796 1797 1792
4209 2 2 0 4 1821 1823 1822
4210 2 2 0 4 1830 1854 1828
4211 2 2 0 4 1839 1840 1838
4212 2 2 0 4 1880 2450 2018
4213 2 2 0 4 2916 2917 2915
4214 2 2 0 4 1797 1799 1798
4215 2 2 0 4 1863 2916 2915
4216 2 2 0 4 1880 2018 1881
4217 2 2 0 4 1564 1565 1563
4218 2 2 0 4 1566 3017 1563
4219 2 2 0 4 1812 1815 1813
4220 2 2 0 4 1821 1822 1820
4221 2 2 0 4 1977 2087 1866
4222 2 2 0 4 2015 2571 2570
4223 2 2 0 4 1895 2885 1893
4224 2 2 0 4 1559 1560 1558
4225 2 2 0 4 1573 3034 1575
4226 2 2 0 4 1575 3034 1598
4227 2 2 0 4 1587 1588 1586
4228 2 2 0 4 1589 1590 1588
4229 2 2 0 4 1863 2915 2913
4230 2 2 0 4 1564 1917 1622
4231 2 2 0 4 1639 3091 2123
4232 2 2 0 4 1840 1843 1842
4233 2 2 0 4 2949 2950 2948
4234 2 2 0 4 3032 3071 3033
4235 2 2 0 4 1026 3231 3088
4236 2 2 0 4 1812 1863 1815
4237 2 2 0 4 1829 1830 1828
4238 2 2 0 4 1545 1546 1543
4239 2 2 0 4 1583 2975 1585
4240 2 2 0 4 1810 1812 1811
4241 2 2 0 4 1829 1831 1830
4242 2 2 0 4 1885 2138 1868
4243 2 2 0 4 1878 1896 1870
4244 2 2 0 4 1884 2122 1885
4245 2 2 0 4 1555 1557 1556
4246 2 2 0 4 1861 1926 1819
4247 2 2 0 4 3039 3041 3040
4248 2 2 0 4 1571 1573 1572
4249 2 2 0 4 1820 1861 1819
4250 2 2 0 4 739 3009 119
4251 2 2 0 4 772 3011 121
4252 2 2 0 4 1194 2984 1202
4253 2 2 0 4 1211 3542 1210
4254 2 2 0 4 1219 1318 1217
4255 2 2 0 4 1314 1317 1221
4256 2 2 0 4 1582 1921 1637
4257 2 2 0 4 1814 2949 2948
4258 2 2 0 4 1844 2996 1842
4259 2 2 0 4 1554 3027 1552
4260 2 2 0 4 1562 1735 1560
4261 2 2 0 4 116 3008 775
4262 2 2 0 4 118 3009 752
4263 2 2 0 4 120 3011 739
4264 2 2 0 4 122 3012 772
4265 2 2 0 4 2005 2270 1694
4266 2 2 0 4 1806 1876 1808
4267 2 2 0 4 1818 1819 1816
4268 2 2 0 4 1829 1872 1831
4269 2 2 0 4 1860 1894 1893
4270 2 2 0 4 1861 2014 1926
4271 2 2 0 4 2915 2918 2913
4272 2 2 0 4 2950 2956 2948
4273 2 2 0 4 3022 3025 3023
4274 2 2 0 4 1265 1268 1264
4275 2 2 0 4 1272 1273 1269
4276 2 2 0 4 1283 1304 1281
4277 2 2 0 4 1285 2927 1283
4278 2 2 0 4 1287 1305 1285
4279 2 2 0 4 1286 1289 1288
4280 2 2 0 4 1291 3545 1288
4281 2 2 0 4 1293 1301 1291
4282 2 2 0 4 1297 1299 1298
4283 2 2 0 4 1879 1924 1839
4284 2 2 0 4 1561 1563 1562
4285 2 2 0 4 752 3008 117
4286 2 2 0 4 1549 3014 1551
4287 2 2 0 4 1558 2980 1629
4288 2 2 0 4 1847 3074 1865
4289 2 2 0 4 1881 2999 1796
4290 2 2 0 4 1809 1814 1807
4291 2 2 0 4 1825 1864 1827
4292 2 2 0 4 1826 3020 1855
4293 2 2 0 4 1845 1847 1846
4294 2 2 0 4 2953 2954 2952
4295 2 2 0 4 1892 2373 2005
4296 2 2 0 4 1297 1298 1296
4297 2 2 0 4 1736 2230 2229
4298 2 2 0 4 1802 1803 1801
4299 2 2 0 4 1814 2951 2949
4300 2 2 0 4 1837 1839 1838
4301 2 2 0 4 1847 1852 1848
4302 2 2 0 4 1869 2062 1877
4303 2 2 0 4 1195 1196 1194
4304 2 2 0 4 1835 1837 1836
4305 2 2 0 4 1920 2394 2393
4306 2 2 0 4 2890 2892 2891
4307 2 2 0 4 1549 1550 1548
4308 2 2 0 4 1561 1562 1560
4309 2 2 0 4 1840 1842 1841
4310 2 2 0 4 843 845 841
4311 2 2 0 4 1917 1918 1622
4312 2 2 0 4 1799 1860 1798
4313 2 2 0 4 1817 1818 1816
4314 2 2 0 4 2582 2886 2581
4315 2 2 0 4 2967 2968 2966
4316 2 2 0 4 1580 1645 1578
4317 2 2 0 4 1857 3037 1804
4318 2 2 0 4 1810 1811 1809
4319 2 2 0 4 1549 1551 1550
4320 2 2 0 4 1567 1569 1568
4321 2 2 0 4 1563 3017 1562
4322 2 2 0 4 1803 1850 1801
4323 2 2 0 4 1810 3049 1812
4324 2 2 0 4 1837 1879 1839
4325 2 2 0 4 2954 2955 2952
4326 2 2 0 4 1544 2929 1887
4327 2 2 0 4 1825 1827 1826
4328 2 2 0 4 2988 2991 2990
4329 2 2 0 4 2909 3065 1592
4330 2 2 0 4 1892 2005 1694
4331 2 2 0 4 1197 1198 1196
4332 2 2 0 4 1203 2907 1208
4333 2 2 0 4 1221 3001 1219
4334 2 2 0 4 1590 1617 1588
4335 2 2 0 4 1593 1611 1595
4336 2 2 0 4 2006 2680 1922
4337 2 2 0 4 2340 2791 1979
4338 2 2 0 4 751 3002 126
4339 2 2 0 4 740 3003 128
4340 2 2 0 4 1553 1554 1552
4341 2 2 0 4 1562 1736 1735
4342 2 2 0 4 1792 2986 1790
4343 2 2 0 4 2231 2993 2668
4344 2 2 0 4 1799 3051 1860
4345 2 2 0 4 2987 2989 1853
4346 2 2 0 4 1869 1877 1870
4347 2 2 0 4 2585 2586 1953
4348 2 2 0 4 1600 3052 1559
4349 2 2 0 4 1860 1920 1894
4350 2 2 0 4 773 3004 130
4351 2 2 0 4 1683 2924 1616
4352 2 2 0 4 2582 2887 2886
4353 2 2 0 4 1591 1592 1590
4354 2 2 0 4 1924 3076 1839
4355 2 2 0 4 1538 2929 1544
4356 2 2 0 4 1577 1579 1578
4357 2 2 0 4 2938 3049 1810
4358 2 2 0 4 1879 2413 2411
4359 2 2 0 4 1182 2939 1178
4360 2 2 0 4 1856 3074 1845
4361 2 2 0 4 117 3008 116
4362 2 2 0 4 119 3009 118
4363 2 2 0 4 121 3011 120
4364 2 2 0 4 123 3012 122
4365 2 2 0 4 1587 1589 1588
4366 2 2 0 4 1796 2999 1797
4367 2 2 0 4 1847 1865 1852
4368 2 2 0 4 2015 2570 2284
4369 2 2 0 4 2791 2792 1979
4370 2 2 0 4 1791 1796 1792
4371 2 2 0 4 2007 3061 1918
4372 2 2 0 4 1978 2597 2596
4373 2 2 0 4 2981 2982 1629
4374 2 2 0 4 2138 3080 3066
4375 2 2 0 4 2571 3094 2572
4376 2 2 0 4 1165 1175 1174
4377 2 2 0 4 1179 1181 1180
4378 2 2 0 4 1205 2946 1183
4379 2 2 0 4 1184 1186 1185
4380 2 2 0 4 1201 1203 1200
4381 2 2 0 4 1623 3014 1549
4382 2 2 0 4 1629 3036 1556
4383 2 2 0 4 1579 1580 1578
4384 2 2 0 4 1611 1925 1640
4385 2 2 0 4 1918 2314 1919
4386 2 2 0 4 1791 1880 1796
4387 2 2 0 4 1829 3007 1872
4388 2 2 0 4 3069 3070 2007
4389 2 2 0 4 3033 3060 3059
4390 2 2 0 4 1884 1885 1868
4391 2 2 0 4 2892 2893 2891
4392 2 2 0 4 1562 3017 1736
4393 2 2 0 4 1593 1595 1594
4394 2 2 0 4 1862 3038 1823
4395 2 2 0 4 1186 1188 1187
4396 2 2 0 4 1189 1190 1188
4397 2 2 0 4 1193 1194 1192
4398 2 2 0 4 1545 1547 1546
4399 2 2 0 4 1579 1581 1580
4400 2 2 0 4 1854 3022 3021
4401 2 2 0 4 1861 2015 2014
4402 2 2 0 4 2373 2456 2005
4403 2 2 0 4 1289 1290 1288
4404 2 2 0 4 1977 2745 2163
4405 2 2 0 4 857 2963 855
4406 2 2 0 4 1921 2006 1922
4407 2 2 0 4 1574 1635 1572
4408 2 2 0 4 3033 3058 1635
4409 2 2 0 4 3022 3043 3025
4410 2 2 0 4 1199 1200 1198
4411 2 2 0 4 1204 1210 1203
4412 2 2 0 4 1854 3042 3022
4413 2 2 0 4 2895 2896 2366
4414 2 2 0 4 1635 3050 1572
4415 2 2 0 4 2367 3048 1645
4416 2 2 0 4 852 853 850
4417 2 2 0 4 846 3030 845
4418 2 2 0 4 2230 2557 2229
4419 2 2 0 4 1922 1923 1637
4420 2 2 0 4 2327 2328 1896
4421 2 2 0 4 1921 3085 2006
4422 2 2 0 4 1544 1545 1543
4423 2 2 0 4 2982 3036 1629
4424 2 2 0 4 126 3002 125
4425 2 2 0 4 128 3003 127
4426 2 2 0 4 130 3004 129
4427 2 2 0 4 3056 3057 1173
4428 2 2 0 4 1206 3056 1174
4429 2 2 0 4 1175 1177 1176
4430 2 2 0 4 1177 1179 1178
4431 2 2 0 4 1181 1184 1183
4432 2 2 0 4 1596 1897 1639
4433 2 2 0 4 2367 3071 3048
4434 2 2 0 4 1925 2146 1640
4435 2 2 0 4 3072 3095 2572
4436 2 2 0 4 2891 2894 2889
4437 2 2 0 4 1575 1598 1577
4438 2 2 0 4 1849 3042 1832
4439 2 2 0 4 1854 3021 3020
4440 2 2 0 4 1814 3035 2951
4441 2 2 0 4 2969 3063 3062
4442 2 2 0 4 2365 2367 1645
4443 2 2 0 4 1840 3076 1843
4444 2 2 0 4 1921 1922 1637
4445 2 2 0 4 2993 2998 1625
4446 2 2 0 4 2192 2237 1683
4447 2 2 0 4 1596 1626 1594
4448 2 2 0 4 1864 3007 1827
4449 2 2 0 4 1256 1258 1257
4450 2 2 0 4 1261 1262 1260
4451 2 2 0 4 1282 1316 1284
4452 2 2 0 4 1182 2946 2941
4453 2 2 0 4 1953 3031 1634
4454 2 2 0 4 2016 3068 1926
4455 2 2 0 4 839 841 840
4456 2 2 0 4 847 848 846
4457 2 2 0 4 854 855 853
4458 2 2 0 4 858 859 857
4459 2 2 0 4 3078 3079 3077
4460 2 2 0 4 1617 3053 1588
4461 2 2 0 4 3033 3059 3058
4462 2 2 0 4 1561 3052 1564
4463 2 2 0 4 852 854 853
4464 2 2 0 4 1576 3048 3032
4465 2 2 0 4 3052 3069 1917
4466 2 2 0 4 2123 2313 2124
4467 2 2 0 4 1586 1632 1584
4468 2 2 0 4 1809 3035 1814
4469 2 2 0 4 1851 3086 3035
4470 2 2 0 4 2897 2898 2896
4471 2 2 0 4 1574 3032 1635
4472 2 2 0 4 1897 1979 1639
4473 2 2 0 4 2957 3082 1850
4474 2 2 0 4 3077 3079 2394
4475 2 2 0 4 1578 3048 1576
4476 2 2 0 4 1917 3069 2007
4477 2 2 0 4 1918 3061 2314
4478 2 2 0 4 2193 2369 2368
4479 2 2 0 4 2892 2936 2893
4480 2 2 0 4 2892 2937 2936
4481 2 2 0 4 1822 3081 1820
4482 2 2 0 4 2138 3066 1868
4483 2 2 0 4 1582 1637 1583
4484 2 2 0 4 849 852 850
4485 2 2 0 4 860 862 861
4486 2 2 0 4 1564 3052 1917
4487 2 2 0 4 1572 3050 1570
4488 2 2 0 4 1824 3089 1822
4489 2 2 0 4 1827 3007 1829
4490 2 2 0 4 3035 3086 2951
4491 2 2 0 4 1828 3020 1826
4492 2 2 0 4 1977 2163 2087
4493 2 2 0 4 1854 3020 1828
4494 2 2 0 4 1026 3088 3087
4495 2 2 0 4 845 2970 841
4496 2 2 0 4 843 847 846
4497 2 2 0 4 874 3030 846
4498 2 2 0 4 854 856 855
4499 2 2 0 4 1570 3050 1625
4500 2 2 0 4 1645 3048 1578
4501 2 2 0 4 3042 3043 3022
4502 2 2 0 4 2958 3078 3077
4503 2 2 0 4 850 2962 848
4504 2 2 0 4 1156 1164 1157
4505 2 2 0 4 1265 1271 1269
4506 2 2 0 4 1538 1544 1543
4507 2 2 0 4 1598 3067 1577
4508 2 2 0 4 1837 3047 1879
4509 2 2 0 4 847 849 848
4510 2 2 0 4 1568 2998 1566
4511 2 2 0 4 1830 3042 1854
4512 2 2 0 4 1600 3069 3052
4513 2 2 0 4 1851 3035 1811
4514 2 2 0 4 1560 2980 1558
4515 2 2 0 4 1821 2945 1862
4516 2 2 0 4 2582 2888 2887
4517 2 2 0 4 2931 3090 1597
4518 2 2 0 4 2122 2928 1885
4519 2 2 0 4 3044 3045 1923
4520 2 2 0 4 1582 3067 1921
4521 2 2 0 4 2580 2582 2581
4522 2 2 0 4 839 842 841
4523 2 2 0 4 1811 3035 1809
4524 2 2 0 4 2930 2931 1597
4525 2 2 0 4 1874 3047 1835
4526 2 2 0 4 1879 3047 2413
4527 2 2 0 4 1290 1292 1291
4528 2 2 0 4 1295 1296 1294
4529 2 2 0 4 1182 2940 2939
4530 2 2 0 4 1185 1205 1183
4531 2 2 0 4 1791 1792 1790
4532 2 2 0 4 1545 3031 1547
4533 2 2 0 4 1835 3047 1837
4534 2 2 0 4 1868 3066 1841
4535 2 2 0 4 2193 2368 2192
4536 2 2 0 4 1256 1259 1258
4537 2 2 0 4 1271 1272 1269
4538 2 2 0 4 1272 1274 1273
4539 2 2 0 4 1283 2927 1304
4540 2 2 0 4 1292 1293 1291
4541 2 2 0 4 1841 3066 1838
4542 2 2 0 4 2958 3077 2957
4543 2 2 0 4 838 3064 923
4544 2 2 0 4 1284 1285 1283
4545 2 2 0 4 1290 1291 1288
4546 2 2 0 4 1584 2944 1581
4547 2 2 0 4 1328 1888 1257
4548 2 2 0 4 1270 3019 1264
4549 2 2 0 4 1280 1281 1279
4550 2 2 0 4 1282 1283 1281
4551 2 2 0 4 1843 3076 1856
4552 2 2 0 4 1296 3015 1294
4553 2 2 0 4 1298 1371 1296
4554 2 2 0 4 2572 3094 3072
4555 2 2 0 4 1265 1269 1268
4556 2 2 0 4 1832 3042 1830
4557 2 2 0 4 1016 3087 1015
4558 2 2 0 4 1193 1195 1194
4559 2 2 0 4 1204 1211 1210
4560 2 2 0 4 1212 1213 1211
4561 2 2 0 4 1218 1219 1217
4562 2 2 0 4 1559 3052 1561
4563 2 2 0 4 1261 1263 1262
4564 2 2 0 4 1634 3031 1545
4565 2 2 0 4 2951 3086 2953
4566 2 2 0 4 1576 3032 1574
4567 2 2 0 4 1542 1892 1694
4568 2 2 0 4 1277 1279 1276
4569 2 2 0 4 1258 1328 1257
4570 2 2 0 4 1543 2904 1542
4571 2 2 0 4 1350 3054 1260
4572 2 2 0 4 1180 1182 1178
4573 2 2 0 4 3049 3083 2916
4574 2 2 0 4 1850 3051 1801
4575 2 2 0 4 1922 3044 1923
4576 2 2 0 4 1627 2935 2932
4577 2 2 0 4 1165 1174 1173
4578 2 2 0 4 1179 1180 1178
4579 2 2 0 4 1184 1185 1183
4580 2 2 0 4 1192 2961 1191
4581 2 2 0 4 1865 3074 1978
4582 2 2 0 4 3024 3072 3026
4583 2 2 0 4 1816 3073 1813
4584 2 2 0 4 1849 3043 3042
4585 2 2 0 4 3051 3082 1920
4586 2 2 0 4 2973 3080 2138
4587 2 2 0 4 1885 2928 2139
4588 2 2 0 4 2792 3091 1979
4589 2 2 0 4 1869 3084 2062
4590 2 2 0 4 1801 3051 1799
4591 2 2 0 4 1852 3084 1869
4592 2 2 0 4 1301 3545 1291
4593 2 2 0 4 2938 3083 3049
4594 2 2 0 4 1920 3082 2394
4595 2 2 0 4 3072 3094 3026
4596 2 2 0 4 1190 1191 1188
4597 2 2 0 4 1198 1207 1196
4598 2 2 0 4 1203 1208 1200
4599 2 2 0 4 1216 1218 1217
4600 2 2 0 4 1586 3053 1632
4601 2 2 0 4 1625 2998 1568
4602 2 2 0 4 1820 3081 1861
4603 2 2 0 4 1751 1752 1391
4604 2 2 0 4 1926 3073 1819
4605 2 2 0 4 848 2962 874
4606 2 2 0 4 860 861 859
4607 2 2 0 4 1866 3084 1852
4608 2 2 0 4 2680 3044 1922
4609 2 2 0 4 2932 2935 2934
4610 2 2 0 4 2015 3081 2571
4611 2 2 0 4 1577 3067 1579
4612 2 2 0 4 1588 3053 1586
4613 2 2 0 4 1855 3089 1824
4614 2 2 0 4 1579 3067 1582
4615 2 2 0 4 3068 3086 1851
4616 2 2 0 4 2016 3093 3092
4617 2 2 0 4 1855 3094 3089
4618 2 2 0 4 1850 3082 3051
4619 2 2 0 4 1861 3081 2015
4620 2 2 0 4 1256 1257 1254
4621 2 2 0 4 1268 1270 1264
4622 2 2 0 4 1280 1282 1281
4623 2 2 0 4 1282 1284 1283
4624 2 2 0 4 1299 1334 1298
4625 2 2 0 4 1593 3075 1611
4626 2 2 0 4 1819 3073 1816
4627 2 2 0 4 1925 3090 2147
4628 2 2 0 4 1026 3087 1016
4629 2 2 0 4 1597 3075 1591
4630 2 2 0 4 1277 1280 1279
4631 2 2 0 4 1294 3015 1300
4632 2 2 0 4 1591 3075 1593
4633 2 2 0 4 1305 2927 1285
4634 2 2 0 4 1204 1212 1211
4635 2 2 0 4 1218 1220 1219
4636 2 2 0 4 1220 1222 1221
4637 2 2 0 4 1317 3001 1221
4638 2 2 0 4 1314 1751 1391
4639 2 2 0 4 3026 3094 1855
4640 2 2 0 4 1277 1303 1280
4641 2 2 0 4 1292 1295 1294
4642 2 2 0 4 3086 3092 2953
4643 2 2 0 4 1590 3065 1617
4644 2 2 0 4 2016 3092 3068
4645 2 2 0 4 1875 2911 1789
4646 2 2 0 4 1789 1791 1790
4647 2 2 0 4 1790 1793 1788
4648 2 2 0 4 1216 1327 1218
4649 2 2 0 4 1190 1192 1191
4650 2 2 0 4 1198 2905 1207
4651 2 2 0 4 1592 3065 1590
4652 2 2 0 4 3068 3092 3086
4653 2 2 0 4 1538 1543 1542
4654 2 2 0 4 1542 1694 1537
4655 2 2 0 4 1155 3096 1209
4656 2 2 0 4 3057 3096 1173
4657 2 2 0 4 1254 2883 1252
4658 2 2 0 4 1253 1255 1254
4659 2 2 0 4 3087 3103 1015
4660 2 2 0 4 1157 3096 1155
4661 2 2 0 4 1173 3096 1157
4662 2 2 0 4 1787 1875 1789
4663 2 2 0 4 1789 1790 1788
4664 2 2 0 4 1538 1542 1537
4665 2 2 0 4 1253 1254 1252
4666 2 2 0 4 833 3100 1166
4667 2 2 0 4 1996 3097 1993
4668 2 2 0 4 1993 3097 1994
4669 2 2 0 4 836 3100 833
4670 2 2 0 4 1787 1789 1788
4671 2 2 0 4 1536 1538 1537
4672 2 2 0 4 923 3100 836
4673 2 2 0 4 1250 1253 1252
4674 2 2 0 4 1252 1267 1251
4675 2 2 0 4 1787 1788 1786
4676 2 2 0 4 2870 2871 2868
4677 2 2 0 4 1786 2873 1795
4678 2 2 0 4 1015 3103 3101
4679 2 2 0 4 1534 1541 1536
4680 2 2 0 4 1536 1537 1535
4681 2 2 0 4 1535 2876 1644
4682 2 2 0 4 3101 3102 1006
4683 2 2 0 4 1007 3101 1006
4684 2 2 0 4 1251 1266 1249
4685 2 2 0 4 1250 1252 1251
4686 2 2 0 4 1015 3101 1007
4687 2 2 0 4 1793 3104 2873
4688 2 2 0 4 2869 2870 2868
4689 2 2 0 4 1786 1795 1784
4690 2 2 0 4 1785 1787 1786
4691 2 2 0 4 2885 3104 1793
4692 2 2 0 4 1535 1644 1533
4693 2 2 0 4 1534 1536 1535
4694 2 2 0 4 1250 1251 1249
4695 2 2 0 4 831 3105 828
4696 2 2 0 4 1166 3105 831
4697 2 2 0 4 1785 1786 1784
4698 2 2 0 4 1873 2869 2868
4699 2 2 0 4 1534 1535 1533
4700 2 2 0 4 1248 1250 1249
4701 2 2 0 4 1000 3106 1002
4702 2 2 0 4 1006 3106 1000
4703 2 2 0 4 1873 2868 1783
4704 2 2 0 4 2857 2867 1794
4705 2 2 0 4 1783 1785 1784
4706 2 2 0 4 3102 3106 1006
4707 2 2 0 4 1530 1534 1533
4708 2 2 0 4 2872 3108 1875
4709 2 2 0 4 1895 3107 2885
4710 2 2 0 4 1248 1249 1246
4711 2 2 0 4 1147 3119 1145
4712 2 2 0 4 2885 3107 3104
4713 2 2 0 4 3104 3107 2861
4714 2 2 0 4 2861 3107 2863
4715 2 2 0 4 1875 3108 2911
4716 2 2 0 4 1781 1873 1783
4717 2 2 0 4 1783 1784 1782
4718 2 2 0 4 1782 2857 1794
4719 2 2 0 4 3113 3114 1986
4720 2 2 0 4 2872 3109 3108
4721 2 2 0 4 1530 1533 1529
4722 2 2 0 4 2911 3108 2450
4723 2 2 0 4 885 3110 884
4724 2 2 0 4 1247 1248 1246
4725 2 2 0 4 890 3110 885
4726 2 2 0 4 1657 1659 1658
4727 2 2 0 4 826 3111 914
4728 2 2 0 4 1985 3112 1986
4729 2 2 0 4 828 3111 826
4730 2 2 0 4 1988 3112 1985
4731 2 2 0 4 1666 3116 1716
4732 2 2 0 4 1668 3116 1666
4733 2 2 0 4 1782 1794 1780
4734 2 2 0 4 1781 1783 1782
4735 2 2 0 4 3112 3113 1986
4736 2 2 0 4 1145 3119 3118
4737 2 2 0 4 1529 1638 1527
4738 2 2 0 4 1528 1530 1529
4739 2 2 0 4 3105 3111 828
4740 2 2 0 4 2169 3112 1988
4741 2 2 0 4 1983 3126 1723
4742 2 2 0 4 997 3117 995
4743 2 2 0 4 1244 1247 1246
4744 2 2 0 4 1744 3116 1668
4745 2 2 0 4 1143 3118 1168
4746 2 2 0 4 1145 3118 1143
4747 2 2 0 4 1002 3117 997
4748 2 2 0 4 1655 2236 1657
4749 2 2 0 4 1657 1658 1656
4750 2 2 0 4 2108 3121 2110
4751 2 2 0 4 2110 3121 2436
4752 2 2 0 4 1781 1782 1780
4753 2 2 0 4 2418 2756 2134
4754 2 2 0 4 1528 1529 1527
4755 2 2 0 4 1526 1618 1528
4756 2 2 0 4 3112 3123 3113
4757 2 2 0 4 2169 3123 3112
4758 2 2 0 4 1245 2856 1243
4759 2 2 0 4 1244 1246 1245
4760 2 2 0 4 1530 3124 1534
4761 2 2 0 4 1643 3125 1609
4762 2 2 0 4 1609 3125 1612
4763 2 2 0 4 1655 1657 1656
4764 2 2 0 4 2043 2045 2044
4765 2 2 0 4 1508 1509 1507
4766 2 2 0 4 2710 2844 1396
4767 2 2 0 4 1986 3126 1983
4768 2 2 0 4 1534 3124 1541
4769 2 2 0 4 1883 2418 2134
4770 2 2 0 4 1779 1781 1780
4771 2 2 0 4 1612 3125 1756
4772 2 2 0 4 3114 3127 3126
4773 2 2 0 4 1526 1528 1527
4774 2 2 0 4 3114 3126 1986
4775 2 2 0 4 3133 3135 3134
4776 2 2 0 4 882 3560 879
4777 2 2 0 4 1372 2843 1241
4778 2 2 0 4 1244 1245 1243
4779 2 2 0 4 1530 3132 3124
4780 2 2 0 4 1618 3132 1528
4781 2 2 0 4 951 3128 950
4782 2 2 0 4 3124 3132 2853
4783 2 2 0 4 2043 2044 2042
4784 2 2 0 4 1655 1656 1654
4785 2 2 0 4 2041 2057 2043
4786 2 2 0 4 2854 3136 2853
4787 2 2 0 4 2106 3129 2108
4788 2 2 0 4 1664 3130 1663
4789 2 2 0 4 1506 1508 1507
4790 2 2 0 4 1507 1615 1505
4791 2 2 0 4 1715 2710 1396
4792 2 2 0 4 955 3128 951
4793 2 2 0 4 2853 3136 3124
4794 2 2 0 4 1716 3130 1664
4795 2 2 0 4 2108 3129 3121
4796 2 2 0 4 2854 3135 3133
4797 2 2 0 4 3133 3136 2854
4798 2 2 0 4 1975 2839 1859
4799 2 2 0 4 1777 1871 1779
4800 2 2 0 4 1883 2134 1975
4801 2 2 0 4 1779 1780 1778
4802 2 2 0 4 1778 2855 1858
4803 2 2 0 4 1528 3132 1530
4804 2 2 0 4 1526 1527 1525
4805 2 2 0 4 3133 3134 1952
4806 2 2 0 4 1541 3136 2875
4807 2 2 0 4 1243 1372 1241
4808 2 2 0 4 1242 1244 1243
4809 2 2 0 4 992 3137 993
4810 2 2 0 4 1139 3138 1150
4811 2 2 0 4 2875 3133 1952
4812 2 2 0 4 995 3137 992
4813 2 2 0 4 1141 3138 1139
4814 2 2 0 4 2041 2043 2042
4815 2 2 0 4 1653 1655 1654
4816 2 2 0 4 1506 1507 1505
4817 2 2 0 4 1455 1715 1396
4818 2 2 0 4 3124 3136 1541
4819 2 2 0 4 1883 1975 1859
4820 2 2 0 4 1777 1779 1778
4821 2 2 0 4 1778 1858 1776
4822 2 2 0 4 1168 3138 1141
4823 2 2 0 4 3117 3137 995
4824 2 2 0 4 1525 1630 1523
4825 2 2 0 4 1524 1526 1525
4826 2 2 0 4 1624 2848 1524
4827 2 2 0 4 1242 1243 1241
4828 2 2 0 4 1240 2360 1242
4829 2 2 0 4 2841 3140 1871
4830 2 2 0 4 2041 2042 2038
4831 2 2 0 4 1653 1654 1652
4832 2 2 0 4 2318 2320 2319
4833 2 2 0 4 3140 3141 1873
4834 2 2 0 4 1504 1506 1505
4835 2 2 0 4 1310 1455 1396
4836 2 2 0 4 1882 1883 1859
4837 2 2 0 4 1777 1778 1776
4838 2 2 0 4 1524 1525 1523
4839 2 2 0 4 1522 1624 1524
4840 2 2 0 4 1240 1242 1241
4841 2 2 0 4 1871 3140 1779
4842 2 2 0 4 1781 3140 1873
4843 2 2 0 4 1604 3563 1607
4844 2 2 0 4 2036 2041 2038
4845 2 2 0 4 1650 1653 1652
4846 2 2 0 4 2318 2319 1734
4847 2 2 0 4 1685 3143 2125
4848 2 2 0 4 1349 1428 1388
4849 2 2 0 4 1504 1505 1502
4850 2 2 0 4 1310 1396 1353
4851 2 2 0 4 2841 3141 3140
4852 2 2 0 4 1423 3144 945
4853 2 2 0 4 3127 3143 3126
4854 2 2 0 4 819 3564 817
4855 2 2 0 4 952 3144 1935
4856 2 2 0 4 1723 3143 1685
4857 2 2 0 4 945 3144 948
4858 2 2 0 4 2012 3565 2106
4859 2 2 0 4 1779 3140 1781
4860 2 2 0 4 3141 3142 2869
4861 2 2 0 4 181 3139 695
4862 2 2 0 4 1774 1882 1859
4863 2 2 0 4 1775 1777 1776
4864 2 2 0 4 1607 3563 1643
4865 2 2 0 4 1522 1524 1523
4866 2 2 0 4 1873 3141 2869
4867 2 2 0 4 825 3564 819
4868 2 2 0 4 3126 3143 1723
4869 2 2 0 4 948 3144 952
4870 2 2 0 4 1240 1241 1236
4871 2 2 0 4 194 2475 193
4872 2 2 0 4 2106 3565 3129
4873 2 2 0 4 1468 1470 1469
4874 2 2 0 4 2036 2038 2037
4875 2 2 0 4 1650 1652 1651
4876 2 2 0 4 1730 2318 1734
4877 2 2 0 4 1140 2472 1324
4878 2 2 0 4 2543 2835 2195
4879 2 2 0 4 1443 1444 1442
4880 2 2 0 4 1347 1737 1349
4881 2 2 0 4 2082 2310 2083
4882 2 2 0 4 1495 1496 1494
4883 2 2 0 4 1349 1388 1348
4884 2 2 0 4 2233 2661 2543
4885 2 2 0 4 2083 2787 2073
4886 2 2 0 4 1765 1767 1766
4887 2 2 0 4 1503 1504 1502
4888 2 2 0 4 2716 2717 2272
4889 2 2 0 4 2020 2408 2407
4890 2 2 0 4 2382 2823 2020
4891 2 2 0 4 2407 2785 2019
4892 2 2 0 4 1310 1353 1309
4893 2 2 0 4 2510 3183 2512
4894 2 2 0 4 3262 3505 2489
4895 2 2 0 4 1136 2472 1137
4896 2 2 0 4 3368 3710 2337
4897 2 2 0 4 1775 1776 1773
4898 2 2 0 4 1774 1859 1775
4899 2 2 0 4 1454 2847 2117
4900 2 2 0 4 1522 1523 1521
4901 2 2 0 4 3127 3146 3143
4902 2 2 0 4 1137 2472 1140
4903 2 2 0 4 3143 3146 2125
4904 2 2 0 4 2060 2669 1333
4905 2 2 0 4 1233 1240 1236
4906 2 2 0 4 2218 2775 2364
4907 2 2 0 4 2113 2773 1106
4908 2 2 0 4 2424 2667 922
4909 2 2 0 4 2771 3171 1118
4910 2 2 0 4 2262 2743 2742
4911 2 2 0 4 1033 1048 1035
4912 2 2 0 4 1468 1469 1466
4913 2 2 0 4 1467 1473 1468
4914 2 2 0 4 2536 2537 1696
4915 2 2 0 4 1400 1403 1402
4916 2 2 0 4 2034 2831 2036
4917 2 2 0 4 2036 2037 2035
4918 2 2 0 4 1648 2825 1650
4919 2 2 0 4 1650 1651 1649
4920 2 2 0 4 1730 1734 1733
4921 2 2 0 4 1733 2736 1729
4922 2 2 0 4 2235 2616 2283
4923 2 2 0 4 1718 1719 1447
4924 2 2 0 4 2233 2543 2195
4925 2 2 0 4 1435 1443 1442
4926 2 2 0 4 2082 2083 2073
4927 2 2 0 4 1482 2384 2233
4928 2 2 0 4 1442 2385 1433
4929 2 2 0 4 1346 1495 1494
4930 2 2 0 4 1347 1349 1348
4931 2 2 0 4 1434 1437 1436
4932 2 2 0 4 2132 2439 1712
4933 2 2 0 4 2065 3357 2357
4934 2 2 0 4 1513 1628 1515
4935 2 2 0 4 1765 1766 1746
4936 2 2 0 4 1764 2606 1765
4937 2 2 0 4 1636 2786 1501
4938 2 2 0 4 1501 1503 1502
4939 2 2 0 4 2172 2822 2273
4940 2 2 0 4 2273 2716 2272
4941 2 2 0 4 1474 2382 2020
4942 2 2 0 4 2020 2407 2019
4943 2 2 0 4 1152 1310 1309
4944 2 2 0 4 1128 1133 1130
4945 2 2 0 4 2501 3425 2500
4946 2 2 0 4 2510 2512 2511
4947 2 2 0 4 2490 3262 2489
4948 2 2 0 4 3310 3646 2246
4949 2 2 0 4 3453 3980 3451
4950 2 2 0 4 1430 3572 1417
4951 2 2 0 4 1774 1775 1773
4952 2 2 0 4 2799 2805 1772
4953 2 2 0 4 2196 3391 2197
4954 2 2 0 4 199 697 198
4955 2 2 0 4 75 698 74
4956 2 2 0 4 1520 1522 1521
4957 2 2 0 4 1521 2639 1519
4958 2 2 0 4 791 3890 789
4959 2 2 0 4 2130 3735 2594
4960 2 2 0 4 1760 2060 1333
4961 2 2 0 4 1233 1236 1235
4962 2 2 0 4 3428 3429 2771
4963 2 2 0 4 2798 3468 2797
4964 2 2 0 4 2218 2364 2292
4965 2 2 0 4 2292 2293 2219
4966 2 2 0 4 1758 2113 1106
4967 2 2 0 4 1757 2735 1758
4968 2 2 0 4 2004 2348 2184
4969 2 2 0 4 2184 2424 922
4970 2 2 0 4 1663 3572 1430
4971 2 2 0 4 2568 3321 934
4972 2 2 0 4 2262 2742 2263
4973 2 2 0 4 2263 2567 2261
4974 2 2 0 4 1033 1035 1034
4975 2 2 0 4 1034 2089 1032
4976 2 2 0 4 2141 2302 2140
4977 2 2 0 4 1467 1468 1466
4978 2 2 0 4 1943 2536 1696
4979 2 2 0 4 2239 2599 2564
4980 2 2 0 4 979 3239 983
4981 2 2 0 4 1400 1402 1401
4982 2 2 0 4 2034 2036 2035
4983 2 2 0 4 1648 1650 1649
4984 2 2 0 4 1649 2846 1647
4985 2 2 0 4 1121 1123 1122
4986 2 2 0 4 1418 2737 1121
4987 2 2 0 4 1730 1733 1729
4988 2 2 0 4 2201 2611 2610
4989 2 2 0 4 779 3381 1741
4990 2 2 0 4 3553 3645 3221
4991 2 2 0 4 1963 3168 1964
4992 2 2 0 4 2251 2375 2278
4993 2 2 0 4 1373 1374 1331
4994 2 2 0 4 2235 2283 1678
4995 2 2 0 4 2023 2576 2235
4996 2 2 0 4 1448 1718 1447
4997 2 2 0 4 1446 1748 1448
4998 2 2 0 4 1435 1442 1433
4999 2 2 0 4 1434 1436 1435
5000 2 2 0 4 1981 2082 2073
5001 2 2 0 4 1960 2614 1961
5002 2 2 0 4 2065 2357 2076
5003 2 2 0 4 1347 1348 1345
5004 2 2 0 4 2073 2132 1712
5005 2 2 0 4 1346 1494 1344
5006 2 2 0 4 1482 2233 2195
5007 2 2 0 4 1513 1515 1514
5008 2 2 0 4 1514 1532 1512
5009 2 2 0 4 1764 1765 1746
5010 2 2 0 4 1499 1636 1501
5011 2 2 0 4 1501 1502 1500
5012 2 2 0 4 2172 2273 2272
5013 2 2 0 4 2019 2715 1671
5014 2 2 0 4 1671 2252 1969
5015 2 2 0 4 1474 2020 2019
5016 2 2 0 4 2151 2152 2150
5017 2 2 0 4 2149 2681 2151
5018 2 2 0 4 1152 1309 1308
5019 2 2 0 4 1129 1132 1126
5020 2 2 0 4 1128 1130 1129
5021 2 2 0 4 2182 3189 2183
5022 2 2 0 4 2500 2540 2499
5023 2 2 0 4 2510 2511 2509
5024 2 2 0 4 1010 2501 2500
5025 2 2 0 4 795 2490 2489
5026 2 2 0 4 2977 3437 756
5027 2 2 0 4 1386 3199 2191
5028 2 2 0 4 2653 3570 1960
5029 2 2 0 4 1003 3474 265
5030 2 2 0 4 266 3474 965
5031 2 2 0 4 723 3314 2928
5032 2 2 0 4 3169 3440 2322
5033 2 2 0 4 1964 3168 2126
5034 2 2 0 4 2284 3172 2014
5035 2 2 0 4 2016 3172 3093
5036 2 2 0 4 1773 2799 1772
5037 2 2 0 4 1771 1774 1773
5038 2 2 0 4 847 3993 849
5039 2 2 0 4 1113 2794 1046
5040 2 2 0 4 3289 3731 1886
5041 2 2 0 4 1011 3490 249
5042 2 2 0 4 250 3490 1012
5043 2 2 0 4 1906 3196 1912
5044 2 2 0 4 181 695 180
5045 2 2 0 4 67 696 66
5046 2 2 0 4 27 3154 26
5047 2 2 0 4 134 777 133
5048 2 2 0 4 142 706 141
5049 2 2 0 4 149 699 148
5050 2 2 0 4 103 700 102
5051 2 2 0 4 110 701 109
5052 2 2 0 4 96 3162 95
5053 2 2 0 4 72 687 71
5054 2 2 0 4 81 3156 80
5055 2 2 0 4 86 3157 85
5056 2 2 0 4 92 721 91
5057 2 2 0 4 97 718 96
5058 2 2 0 4 151 754 150
5059 2 2 0 4 159 760 158
5060 2 2 0 4 166 761 165
5061 2 2 0 4 170 759 169
5062 2 2 0 4 87 765 86
5063 2 2 0 4 78 707 77
5064 2 2 0 4 80 764 79
5065 2 2 0 4 82 708 81
5066 2 2 0 4 85 709 84
5067 2 2 0 4 89 710 88
5068 2 2 0 4 94 766 93
5069 2 2 0 4 100 728 99
5070 2 2 0 4 176 688 175
5071 2 2 0 4 196 685 195
5072 2 2 0 4 139 729 138
5073 2 2 0 4 144 770 143
5074 2 2 0 4 146 730 145
5075 2 2 0 4 154 711 153
5076 2 2 0 4 157 735 156
5077 2 2 0 4 161 719 160
5078 2 2 0 4 164 736 163
5079 2 2 0 4 168 720 167
5080 2 2 0 4 172 726 171
5081 2 2 0 4 202 731 201
5082 2 2 0 4 204 762 203
5083 2 2 0 4 206 715 205
5084 2 2 0 4 209 717 208
5085 2 2 0 4 215 716 214
5086 2 2 0 4 220 714 219
5087 2 2 0 4 136 744 135
5088 2 2 0 4 225 757 224
5089 2 2 0 4 229 767 228
5090 2 2 0 4 236 753 235
5091 2 2 0 4 52 686 51
5092 2 2 0 4 105 755 104
5093 2 2 0 4 112 756 111
5094 2 2 0 4 19 723 18
5095 2 2 0 4 16 733 15
5096 2 2 0 4 21 763 20
5097 2 2 0 4 23 722 22
5098 2 2 0 4 26 732 25
5099 2 2 0 4 28 758 27
5100 2 2 0 4 11 774 10
5101 2 2 0 4 13 741 12
5102 2 2 0 4 36 712 35
5103 2 2 0 4 45 713 44
5104 2 2 0 4 212 737 211
5105 2 2 0 4 217 768 216
5106 2 2 0 4 30 724 29
5107 2 2 0 4 33 738 32
5108 2 2 0 4 38 771 37
5109 2 2 0 4 40 734 39
5110 2 2 0 4 42 769 41
5111 2 2 0 4 48 725 47
5112 2 2 0 4 223 704 222
5113 2 2 0 4 227 702 226
5114 2 2 0 4 231 705 230
5115 2 2 0 4 234 703 233
5116 2 2 0 4 169 3158 168
5117 2 2 0 4 17 3163 16
5118 2 2 0 4 93 3166 92
5119 2 2 0 4 165 3160 164
5120 2 2 0 4 20 3159 19
5121 2 2 0 4 57 693 56
5122 2 2 0 4 189 2752 188
5123 2 2 0 4 191 694 190
5124 2 2 0 4 107 727 106
5125 2 2 0 4 235 3153 234
5126 2 2 0 4 216 3161 215
5127 2 2 0 4 12 3152 11
5128 2 2 0 4 37 3165 36
5129 2 2 0 4 22 3164 21
5130 2 2 0 4 135 3155 134
5131 2 2 0 4 1757 3170 2735
5132 2 2 0 4 1518 1620 1520
5133 2 2 0 4 1520 1521 1519
5134 2 2 0 4 2494 3587 2496
5135 2 2 0 4 2921 3174 2923
5136 2 2 0 4 3039 3174 3041
5137 2 2 0 4 719 3987 2878
5138 2 2 0 4 2760 3916 1743
5139 2 2 0 4 1480 3199 1386
5140 2 2 0 4 2655 3403 725
5141 2 2 0 4 1341 3655 3652
5142 2 2 0 4 1120 2732 980
5143 2 2 0 4 267 3669 268
5144 2 2 0 4 1512 2795 1510
5145 2 2 0 4 1750 3325 2624
5146 2 2 0 4 1759 1760 1333
5147 2 2 0 4 1232 3428 2771
5148 2 2 0 4 1233 1235 1232
5149 2 2 0 4 2137 2798 2797
5150 2 2 0 4 2218 2292 2219
5151 2 2 0 4 1757 1758 1106
5152 2 2 0 4 2004 2184 922
5153 2 2 0 4 1093 3444 1096
5154 2 2 0 4 2683 3284 1039
5155 2 2 0 4 2144 3395 2333
5156 2 2 0 4 920 3186 2275
5157 2 2 0 4 2088 3589 2782
5158 2 2 0 4 3166 3167 721
5159 2 2 0 4 1951 3182 2585
5160 2 2 0 4 3134 3182 1952
5161 2 2 0 4 975 3239 979
5162 2 2 0 4 975 3414 3239
5163 2 2 0 4 965 3485 2666
5164 2 2 0 4 2014 3172 2016
5165 2 2 0 4 2719 3951 2723
5166 2 2 0 4 2383 3250 1539
5167 2 2 0 4 2048 3251 2120
5168 2 2 0 4 2866 3184 2833
5169 2 2 0 4 1697 3186 1052
5170 2 2 0 4 1234 3245 2796
5171 2 2 0 4 2824 3333 2823
5172 2 2 0 4 2274 3602 2410
5173 2 2 0 4 2622 3763 2623
5174 2 2 0 4 1460 3846 3710
5175 2 2 0 4 2421 3394 2061
5176 2 2 0 4 1009 3857 2372
5177 2 2 0 4 777 3886 3642
5178 2 2 0 4 987 3603 985
5179 2 2 0 4 926 3186 920
5180 2 2 0 4 1105 3604 1102
5181 2 2 0 4 2291 3317 2768
5182 2 2 0 4 2711 3916 2532
5183 2 2 0 4 2357 3357 3237
5184 2 2 0 4 2262 2263 2261
5185 2 2 0 4 1033 1034 1032
5186 2 2 0 4 2902 3736 2327
5187 2 2 0 4 2959 3192 2147
5188 2 2 0 4 2226 2565 1721
5189 2 2 0 4 1721 2141 2140
5190 2 2 0 4 1441 1467 1466
5191 2 2 0 4 1465 1950 1949
5192 2 2 0 4 1466 3476 1465
5193 2 2 0 4 2239 2564 1695
5194 2 2 0 4 1695 1943 1696
5195 2 2 0 4 2433 3354 2432
5196 2 2 0 4 1337 3198 811
5197 2 2 0 4 2671 3570 1171
5198 2 2 0 4 2845 3658 2846
5199 2 2 0 4 1667 3813 2091
5200 2 2 0 4 1770 3302 2754
5201 2 2 0 4 53 2542 52
5202 2 2 0 4 1400 1401 1399
5203 2 2 0 4 2033 3401 2055
5204 2 2 0 4 2034 2035 2033
5205 2 2 0 4 1648 1649 1647
5206 2 2 0 4 982 1418 1121
5207 2 2 0 4 1121 1122 1120
5208 2 2 0 4 2201 2610 2551
5209 2 2 0 4 867 1730 1729
5210 2 2 0 4 1729 1967 1727
5211 2 2 0 4 2056 3255 2664
5212 2 2 0 4 2898 3228 2900
5213 2 2 0 4 744 3155 135
5214 2 2 0 4 26 3154 732
5215 2 2 0 4 19 3159 723
5216 2 2 0 4 761 3160 165
5217 2 2 0 4 765 3157 86
5218 2 2 0 4 722 3164 22
5219 2 2 0 4 718 3162 96
5220 2 2 0 4 234 3153 703
5221 2 2 0 4 92 3166 721
5222 2 2 0 4 708 3156 81
5223 2 2 0 4 768 3161 216
5224 2 2 0 4 759 3158 169
5225 2 2 0 4 168 3158 720
5226 2 2 0 4 11 3152 774
5227 2 2 0 4 80 3156 764
5228 2 2 0 4 758 3154 27
5229 2 2 0 4 85 3157 709
5230 2 2 0 4 16 3163 733
5231 2 2 0 4 741 3152 12
5232 2 2 0 4 36 3165 712
5233 2 2 0 4 164 3160 736
5234 2 2 0 4 753 3153 235
5235 2 2 0 4 763 3159 20
5236 2 2 0 4 771 3165 37
5237 2 2 0 4 215 3161 716
5238 2 2 0 4 766 3166 93
5239 2 2 0 4 21 3164 763
5240 2 2 0 4 134 3155 777
5241 2 2 0 4 3336 3810 1693
5242 2 2 0 4 221 3695 2922
5243 2 2 0 4 1485 3179 1367
5244 2 2 0 4 1306 3180 1321
5245 2 2 0 4 1334 3195 1298
5246 2 2 0 4 1483 3613 1043
5247 2 2 0 4 818 3198 1699
5248 2 2 0 4 1974 3991 2638
5249 2 2 0 4 1330 3307 1373
5250 2 2 0 4 2251 2278 2250
5251 2 2 0 4 1331 1486 1112
5252 2 2 0 4 1330 1373 1331
5253 2 2 0 4 2023 2235 1678
5254 2 2 0 4 1410 2153 2023
5255 2 2 0 4 1447 2722 1445
5256 2 2 0 4 1446 1448 1447
5257 2 2 0 4 1434 1435 1433
5258 2 2 0 4 1902 2653 1960
5259 2 2 0 4 1981 2073 1712
5260 2 2 0 4 1343 1347 1345
5261 2 2 0 4 1345 1346 1344
5262 2 2 0 4 1960 1961 1901
5263 2 2 0 4 1482 2195 2194
5264 2 2 0 4 2065 2076 1890
5265 2 2 0 4 1513 1514 1512
5266 2 2 0 4 1472 1764 1746
5267 2 2 0 4 1499 1501 1500
5268 2 2 0 4 2172 2272 2271
5269 2 2 0 4 1671 1969 1238
5270 2 2 0 4 1474 2019 1671
5271 2 2 0 4 2149 2151 2150
5272 2 2 0 4 1152 1308 1151
5273 2 2 0 4 1128 1129 1126
5274 2 2 0 4 3803 4001 2619
5275 2 2 0 4 2923 3174 3039
5276 2 2 0 4 881 2630 2522
5277 2 2 0 4 795 2489 2488
5278 2 2 0 4 954 2510 2509
5279 2 2 0 4 821 2711 2532
5280 2 2 0 4 1010 2500 2499
5281 2 2 0 4 1999 3616 1992
5282 2 2 0 4 1990 3616 2169
5283 2 2 0 4 1037 3613 1031
5284 2 2 0 4 811 3198 814
5285 2 2 0 4 3344 3957 2627
5286 2 2 0 4 2164 3211 788
5287 2 2 0 4 2621 3316 2166
5288 2 2 0 4 1956 2770 2674
5289 2 2 0 4 52 2542 686
5290 2 2 0 4 276 2734 277
5291 2 2 0 4 323 2517 324
5292 2 2 0 4 299 2615 300
5293 2 2 0 4 322 2518 323
5294 2 2 0 4 275 939 276
5295 2 2 0 4 252 999 253
5296 2 2 0 4 251 2530 252
5297 2 2 0 4 296 2633 297
5298 2 2 0 4 304 812 305
5299 2 2 0 4 271 2525 272
5300 2 2 0 4 278 933 279
5301 2 2 0 4 301 821 302
5302 2 2 0 4 254 1004 255
5303 2 2 0 4 245 1010 246
5304 2 2 0 4 292 844 293
5305 2 2 0 4 250 1012 251
5306 2 2 0 4 297 2757 298
5307 2 2 0 4 330 871 331
5308 2 2 0 4 248 1011 249
5309 2 2 0 4 295 835 296
5310 2 2 0 4 290 2631 291
5311 2 2 0 4 272 946 273
5312 2 2 0 4 266 965 267
5313 2 2 0 4 319 2566 320
5314 2 2 0 4 264 1003 265
5315 2 2 0 4 311 2516 312
5316 2 2 0 4 289 851 290
5317 2 2 0 4 312 909 313
5318 2 2 0 4 269 954 270
5319 2 2 0 4 316 898 317
5320 2 2 0 4 291 3145 292
5321 2 2 0 4 313 2539 314
5322 2 2 0 4 261 2761 262
5323 2 2 0 4 243 1013 244
5324 2 2 0 4 287 912 288
5325 2 2 0 4 5 824 239
5326 2 2 0 4 6 864 286
5327 2 2 0 4 241 1014 242
5328 2 2 0 4 282 795 283
5329 2 2 0 4 262 971 263
5330 2 2 0 4 284 908 285
5331 2 2 0 4 331 3148 332
5332 2 2 0 4 315 2491 316
5333 2 2 0 4 260 2617 261
5334 2 2 0 4 307 805 308
5335 2 2 0 4 288 2527 289
5336 2 2 0 4 263 2508 264
5337 2 2 0 4 310 801 311
5338 2 2 0 4 293 2793 294
5339 2 2 0 4 314 911 315
5340 2 2 0 4 318 910 319
5341 2 2 0 4 273 2538 274
5342 2 2 0 4 298 830 299
5343 2 2 0 4 280 934 281
5344 2 2 0 4 327 881 328
5345 2 2 0 4 321 895 322
5346 2 2 0 4 303 2528 304
5347 2 2 0 4 255 2659 256
5348 2 2 0 4 256 989 257
5349 2 2 0 4 279 2568 280
5350 2 2 0 4 259 984 260
5351 2 2 0 4 306 2632 307
5352 2 2 0 4 277 2605 278
5353 2 2 0 4 324 889 325
5354 2 2 0 4 300 2480 301
5355 2 2 0 4 2144 3871 3229
5356 2 2 0 4 761 3567 3160
5357 2 2 0 4 1223 3524 2689
5358 2 2 0 4 3351 3770 2370
5359 2 2 0 4 2343 3496 2342
5360 2 2 0 4 1703 2768 1704
5361 2 2 0 4 257 3949 258
5362 2 2 0 4 1675 3207 1954
5363 2 2 0 4 2207 3208 2211
5364 2 2 0 4 1477 3209 1380
5365 2 2 0 4 2300 3344 2301
5366 2 2 0 4 2089 3620 1032
5367 2 2 0 4 3329 3473 2350
5368 2 2 0 4 2347 3179 1485
5369 2 2 0 4 1321 3180 2187
5370 2 2 0 4 2644 3811 3663
5371 2 2 0 4 2846 3658 1647
5372 2 2 0 4 2737 2738 1127
5373 2 2 0 4 2870 3216 2872
5374 2 2 0 4 317 3906 318
5375 2 2 0 4 150 3176 149
5376 2 2 0 4 788 3211 790
5377 2 2 0 4 754 3176 150
5378 2 2 0 4 149 3176 699
5379 2 2 0 4 1117 3930 1325
5380 2 2 0 4 140 3206 139
5381 2 2 0 4 2114 3482 2149
5382 2 2 0 4 954 2509 270
5383 2 2 0 4 1010 2499 246
5384 2 2 0 4 1014 2513 242
5385 2 2 0 4 934 2622 281
5386 2 2 0 4 795 2488 283
5387 2 2 0 4 864 2504 286
5388 2 2 0 4 805 2478 308
5389 2 2 0 4 1013 2625 244
5390 2 2 0 4 881 2522 328
5391 2 2 0 4 821 2532 302
5392 2 2 0 4 2307 3713 2733
5393 2 2 0 4 2607 3713 2307
5394 2 2 0 4 1952 3182 1951
5395 2 2 0 4 3405 3677 3406
5396 2 2 0 4 103 3181 700
5397 2 2 0 4 755 3181 104
5398 2 2 0 4 1377 3209 1378
5399 2 2 0 4 2458 3207 1673
5400 2 2 0 4 2578 3659 2209
5401 2 2 0 4 186 3975 2378
5402 2 2 0 4 2626 3759 2625
5403 2 2 0 4 2833 3184 2834
5404 2 2 0 4 1132 3709 1126
5405 2 2 0 4 2897 3228 2898
5406 2 2 0 4 1617 3228 3053
5407 2 2 0 4 2814 3235 2412
5408 2 2 0 4 2597 3236 2814
5409 2 2 0 4 104 3181 103
5410 2 2 0 4 805 3967 2478
5411 2 2 0 4 991 3603 987
5412 2 2 0 4 1052 3186 926
5413 2 2 0 4 1766 3185 1746
5414 2 2 0 4 1138 3604 1105
5415 2 2 0 4 2099 3200 3199
5416 2 2 0 4 2566 3641 320
5417 2 2 0 4 321 3641 895
5418 2 2 0 4 1771 1773 1772
5419 2 2 0 4 2564 3223 1943
5420 2 2 0 4 2204 3196 1904
5421 2 2 0 4 2806 3372 2805
5422 2 2 0 4 2596 3230 1976
5423 2 2 0 4 1977 3230 2745
5424 2 2 0 4 2446 3593 3202
5425 2 2 0 4 2540 3740 2502
5426 2 2 0 4 2174 3626 3533
5427 2 2 0 4 2756 3419 2134
5428 2 2 0 4 2679 3709 1132
5429 2 2 0 4 753 3327 2745
5430 2 2 0 4 2412 3235 1924
5431 2 2 0 4 1856 3236 3074
5432 2 2 0 4 3076 3235 1856
5433 2 2 0 4 1978 3236 2597
5434 2 2 0 4 2684 3197 2685
5435 2 2 0 4 2720 2721 2718
5436 2 2 0 4 2960 3192 2959
5437 2 2 0 4 1705 3444 1326
5438 2 2 0 4 3065 3240 1617
5439 2 2 0 4 1771 2754 1774
5440 2 2 0 4 3159 3314 723
5441 2 2 0 4 3205 3361 2630
5442 2 2 0 4 3013 3994 2902
5443 2 2 0 4 1519 1621 1516
5444 2 2 0 4 1518 1520 1519
5445 2 2 0 4 269 3214 954
5446 2 2 0 4 1298 3195 1371
5447 2 2 0 4 3505 3882 2017
5448 2 2 0 4 1507 3250 1615
5449 2 2 0 4 2057 3251 2043
5450 2 2 0 4 3069 3256 3070
5451 2 2 0 4 769 3210 41
5452 2 2 0 4 40 3210 734
5453 2 2 0 4 3134 3300 709
5454 2 2 0 4 2501 3612 3425
5455 2 2 0 4 2141 3849 3173
5456 2 2 0 4 1033 3320 1048
5457 2 2 0 4 1043 3613 1037
5458 2 2 0 4 814 3198 818
5459 2 2 0 4 3123 3512 3113
5460 2 2 0 4 1265 3773 2204
5461 2 2 0 4 1768 2084 1766
5462 2 2 0 4 1768 3372 2170
5463 2 2 0 4 155 3249 154
5464 2 2 0 4 332 3193 6
5465 2 2 0 4 908 3716 285
5466 2 2 0 4 5 3716 824
5467 2 2 0 4 3582 3631 2347
5468 2 2 0 4 2360 3649 2647
5469 2 2 0 4 2182 3924 3514
5470 2 2 0 4 112 3220 756
5471 2 2 0 4 1992 3616 1990
5472 2 2 0 4 3736 3825 2327
5473 2 2 0 4 1345 3715 1346
5474 2 2 0 4 2573 3655 2417
5475 2 2 0 4 3335 3336 3334
5476 2 2 0 4 2638 3991 1432
5477 2 2 0 4 3029 3575 735
5478 2 2 0 4 2198 3299 1408
5479 2 2 0 4 2610 3992 928
5480 2 2 0 4 94 3226 766
5481 2 2 0 4 3162 3226 95
5482 2 2 0 4 17 3227 3163
5483 2 2 0 4 723 3227 18
5484 2 2 0 4 824 3730 239
5485 2 2 0 4 3440 3614 1989
5486 2 2 0 4 2074 3187 2241
5487 2 2 0 4 3203 3950 743
5488 2 2 0 4 1696 3301 1422
5489 2 2 0 4 2124 3266 2910
5490 2 2 0 4 3150 3640 2099
5491 2 2 0 4 2603 3204 1934
5492 2 2 0 4 1347 3927 2426
5493 2 2 0 4 1437 3991 1974
5494 2 2 0 4 1495 3355 1619
5495 2 2 0 4 2775 3621 2364
5496 2 2 0 4 2866 3313 3184
5497 2 2 0 4 830 3765 2615
5498 2 2 0 4 1676 3662 2003
5499 2 2 0 4 2609 3450 2926
5500 2 2 0 4 2430 3392 1615
5501 2 2 0 4 925 3901 1225
5502 2 2 0 4 241 3788 1014
5503 2 2 0 4 3382 3492 1072
5504 2 2 0 4 2395 3860 1116
5505 2 2 0 4 3262 3325 1750
5506 2 2 0 4 1684 3866 1722
5507 2 2 0 4 2134 3279 1975
5508 2 2 0 4 2764 3330 2592
5509 2 2 0 4 2211 3208 2405
5510 2 2 0 4 1954 3207 2770
5511 2 2 0 4 2331 3209 1477
5512 2 2 0 4 2606 3897 1131
5513 2 2 0 4 2840 3279 2842
5514 2 2 0 4 3405 3406 3404
5515 2 2 0 4 2633 3694 2185
5516 2 2 0 4 65 3337 64
5517 2 2 0 4 1125 3322 1128
5518 2 2 0 4 3206 3241 729
5519 2 2 0 4 1450 3242 1395
5520 2 2 0 4 937 1759 1333
5521 2 2 0 4 1232 2771 1163
5522 2 2 0 4 1231 1233 1232
5523 2 2 0 4 2137 2797 1946
5524 2 2 0 4 2218 2219 2217
5525 2 2 0 4 1057 1757 1106
5526 2 2 0 4 899 2004 922
5527 2 2 0 4 2296 2297 2295
5528 2 2 0 4 2526 3770 2525
5529 2 2 0 4 2300 2301 2299
5530 2 2 0 4 3346 3653 2270
5531 2 2 0 4 3862 3953 1679
5532 2 2 0 4 790 3211 793
5533 2 2 0 4 2409 3472 2021
5534 2 2 0 4 2177 3835 2178
5535 2 2 0 4 1511 3326 1513
5536 2 2 0 4 2745 3212 2163
5537 2 2 0 4 1152 3284 1310
5538 2 2 0 4 881 3205 2630
5539 2 2 0 4 2268 3319 2452
5540 2 2 0 4 1313 3245 1234
5541 2 2 0 4 2594 3860 2067
5542 2 2 0 4 41 3210 40
5543 2 2 0 4 2125 3674 1453
5544 2 2 0 4 1496 3964 2545
5545 2 2 0 4 2545 3964 2341
5546 2 2 0 4 101 3275 100
5547 2 2 0 4 132 3292 131
5548 2 2 0 4 850 3683 2962
5549 2 2 0 4 865 3683 853
5550 2 2 0 4 2872 3216 3109
5551 2 2 0 4 2652 3863 2400
5552 2 2 0 4 2163 3475 2087
5553 2 2 0 4 2525 3770 946
5554 2 2 0 4 2574 3674 2125
5555 2 2 0 4 1704 3243 3242
5556 2 2 0 4 2616 3867 3615
5557 2 2 0 4 2673 3647 1751
5558 2 2 0 4 139 3206 729
5559 2 2 0 4 101 3399 3275
5560 2 2 0 4 3331 3903 1619
5561 2 2 0 4 1959 3831 2332
5562 2 2 0 4 3268 3324 889
5563 2 2 0 4 2815 3302 1770
5564 2 2 0 4 2937 3295 2936
5565 2 2 0 4 2006 3295 2680
5566 2 2 0 4 3159 3388 3314
5567 2 2 0 4 2152 3278 3244
5568 2 2 0 4 3273 3733 2180
5569 2 2 0 4 2389 3969 1418
5570 2 2 0 4 2816 3302 2815
5571 2 2 0 4 2816 3892 3301
5572 2 2 0 4 1772 3372 1769
5573 2 2 0 4 2995 3303 2994
5574 2 2 0 4 3059 3303 3058
5575 2 2 0 4 3349 3879 2882
5576 2 2 0 4 2745 3327 3212
5577 2 2 0 4 2561 3974 2560
5578 2 2 0 4 2712 3893 2238
5579 2 2 0 4 2340 3814 2791
5580 2 2 0 4 113 3220 112
5581 2 2 0 4 2844 2845 1454
5582 2 2 0 4 813 3568 809
5583 2 2 0 4 10 3293 9
5584 2 2 0 4 1343 3927 1347
5585 2 2 0 4 114 3294 113
5586 2 2 0 4 724 3261 29
5587 2 2 0 4 28 3261 758
5588 2 2 0 4 2023 3385 2576
5589 2 2 0 4 1315 3341 2358
5590 2 2 0 4 934 3763 2622
5591 2 2 0 4 3200 3218 3199
5592 2 2 0 4 2328 3309 2988
5593 2 2 0 4 2908 3735 2130
5594 2 2 0 4 1406 3674 2574
5595 2 2 0 4 3366 3929 2660
5596 2 2 0 4 2862 3313 2860
5597 2 2 0 4 2341 3964 1498
5598 2 2 0 4 2574 3526 2417
5599 2 2 0 4 2928 3314 2139
5600 2 2 0 4 1615 3392 2454
5601 2 2 0 4 3184 3313 769
5602 2 2 0 4 3053 3228 2897
5603 2 2 0 4 757 3271 224
5604 2 2 0 4 223 3271 704
5605 2 2 0 4 95 3226 94
5606 2 2 0 4 18 3227 17
5607 2 2 0 4 901 3310 1458
5608 2 2 0 4 2059 3359 2547
5609 2 2 0 4 2635 3463 2496
5610 2 2 0 4 2766 3330 2764
5611 2 2 0 4 2058 3255 2049
5612 2 2 0 4 2313 3413 3373
5613 2 2 0 4 2631 3884 2075
5614 2 2 0 4 2450 3323 2018
5615 2 2 0 4 1115 3237 837
5616 2 2 0 4 3135 3300 3134
5617 2 2 0 4 1339 3581 1229
5618 2 2 0 4 3354 3792 2432
5619 2 2 0 4 3327 3384 3212
5620 2 2 0 4 2584 3660 2524
5621 2 2 0 4 1976 3230 1977
5622 2 2 0 4 3000 3330 1857
5623 2 2 0 4 200 3419 2756
5624 2 2 0 4 808 1239 823
5625 2 2 0 4 2261 2264 2260
5626 2 2 0 4 2259 2262 2261
5627 2 2 0 4 1029 1033 1032
5628 2 2 0 4 2910 3241 3240
5629 2 2 0 4 3597 3967 805
5630 2 2 0 4 1721 2140 1463
5631 2 2 0 4 1700 2226 1721
5632 2 2 0 4 1465 1949 1440
5633 2 2 0 4 1441 1466 1465
5634 2 2 0 4 1695 1696 1422
5635 2 2 0 4 1692 2239 1695
5636 2 2 0 4 2533 3904 2534
5637 2 2 0 4 2541 3713 2607
5638 2 2 0 4 2098 3640 3150
5639 2 2 0 4 2757 3411 830
5640 2 2 0 4 2360 2647 1242
5641 2 2 0 4 1244 2647 1247
5642 2 2 0 4 2327 3825 2328
5643 2 2 0 4 1924 3235 3076
5644 2 2 0 4 3074 3236 1978
5645 2 2 0 4 2512 3639 2511
5646 2 2 0 4 3239 3414 2086
5647 2 2 0 4 2024 3615 3591
5648 2 2 0 4 2694 3400 2167
5649 2 2 0 4 3567 3653 3160
5650 2 2 0 4 3188 3815 2089
5651 2 2 0 4 2347 3631 3179
5652 2 2 0 4 1100 1400 1399
5653 2 2 0 4 2297 3194 2300
5654 2 2 0 4 2203 3151 1457
5655 2 2 0 4 2032 2034 2033
5656 2 2 0 4 2033 2055 2031
5657 2 2 0 4 1646 1648 1647
5658 2 2 0 4 982 1121 1120
5659 2 2 0 4 2201 2551 2200
5660 2 2 0 4 867 1729 1727
5661 2 2 0 4 2856 3827 2416
5662 2 2 0 4 1688 3606 2336
5663 2 2 0 4 2502 3740 2503
5664 2 2 0 4 3142 3460 762
5665 2 2 0 4 1908 3339 1905
5666 2 2 0 4 1929 3338 1932
5667 2 2 0 4 1227 3340 1338
5668 2 2 0 4 2209 3286 2577
5669 2 2 0 4 1365 2621 2620
5670 2 2 0 4 2977 3345 2976
5671 2 2 0 4 2193 3345 2369
5672 2 2 0 4 2005 3346 2270
5673 2 2 0 4 2910 3240 3065
5674 2 2 0 4 1704 3242 1450
5675 2 2 0 4 2007 3347 3061
5676 2 2 0 4 2150 3379 2148
5677 2 2 0 4 709 3300 84
5678 2 2 0 4 3018 3349 2882
5679 2 2 0 4 3028 3349 1642
5680 2 2 0 4 1912 3196 2381
5681 2 2 0 4 2351 3888 2001
5682 2 2 0 4 2107 3546 2013
5683 2 2 0 4 749 3618 173
5684 2 2 0 4 2099 3199 1480
5685 2 2 0 4 1774 2754 1882
5686 2 2 0 4 1425 3245 1313
5687 2 2 0 4 852 3800 2611
5688 2 2 0 4 2152 3244 2150
5689 2 2 0 4 3199 3218 2191
5690 2 2 0 4 49 2655 48
5691 2 2 0 4 2128 3529 3375
5692 2 2 0 4 877 2671 1171
5693 2 2 0 4 913 2671 873
5694 2 2 0 4 2071 3817 2374
5695 2 2 0 4 1714 3836 1713
5696 2 2 0 4 2222 3424 1115
5697 2 2 0 4 2953 3362 2954
5698 2 2 0 4 3093 3362 3092
5699 2 2 0 4 2400 3998 2651
5700 2 2 0 4 1008 3356 2661
5701 2 2 0 4 3335 3635 2535
5702 2 2 0 4 2531 3287 999
5703 2 2 0 4 2705 3971 2586
5704 2 2 0 4 1623 3971 2705
5705 2 2 0 4 2455 3494 3363
5706 2 2 0 4 959 3435 960
5707 2 2 0 4 1620 3397 1520
5708 2 2 0 4 3256 3685 2704
5709 2 2 0 4 1051 3589 1054
5710 2 2 0 4 730 3680 2691
5711 2 2 0 4 1263 3773 1265
5712 2 2 0 4 1509 3250 1507
5713 2 2 0 4 2043 3251 2045
5714 2 2 0 4 2249 2251 2250
5715 2 2 0 4 1330 1331 1112
5716 2 2 0 4 1410 2023 1678
5717 2 2 0 4 1446 1447 1445
5718 2 2 0 4 1432 1434 1433
5719 2 2 0 4 1278 1981 1712
5720 2 2 0 4 2177 2178 2176
5721 2 2 0 4 1902 1960 1901
5722 2 2 0 4 1343 1345 1344
5723 2 2 0 4 1891 2065 1890
5724 2 2 0 4 1889 2090 1891
5725 2 2 0 4 1482 2194 1459
5726 2 2 0 4 1511 1513 1512
5727 2 2 0 4 1472 1746 1745
5728 2 2 0 4 1499 1500 1498
5729 2 2 0 4 2172 2271 1531
5730 2 2 0 4 2117 2118 1384
5731 2 2 0 4 2074 2241 1754
5732 2 2 0 4 1474 1671 1238
5733 2 2 0 4 2149 2150 2148
5734 2 2 0 4 1151 1153 1038
5735 2 2 0 4 1039 1152 1151
5736 2 2 0 4 1125 1128 1126
5737 2 2 0 4 2967 3364 2968
5738 2 2 0 4 3041 3364 3040
5739 2 2 0 4 2847 3953 2117
5740 2 2 0 4 236 3327 753
5741 2 2 0 4 2049 3255 2051
5742 2 2 0 4 189 3329 2752
5743 2 2 0 4 694 3329 190
5744 2 2 0 4 845 3745 2970
5745 2 2 0 4 1763 3150 2099
5746 2 2 0 4 2121 3281 3280
5747 2 2 0 4 2339 3804 3099
5748 2 2 0 4 3679 3907 2409
5749 2 2 0 4 1600 3256 3069
5750 2 2 0 4 3240 3241 2900
5751 2 2 0 4 3009 3376 3010
5752 2 2 0 4 835 3694 2633
5753 2 2 0 4 2632 3986 2001
5754 2 2 0 4 2161 3453 3451
5755 2 2 0 4 1405 3674 1406
5756 2 2 0 4 1429 3374 2162
5757 2 2 0 4 970 2682 1172
5758 2 2 0 4 2305 3787 2029
5759 2 2 0 4 1431 3423 1352
5760 2 2 0 4 1005 2682 968
5761 2 2 0 4 1097 1099 1098
5762 2 2 0 4 1073 1075 1074
5763 2 2 0 4 1111 3191 1330
5764 2 2 0 4 2559 3380 2312
5765 2 2 0 4 69 2555 746
5766 2 2 0 4 747 2238 54
5767 2 2 0 4 2466 3297 3288
5768 2 2 0 4 2497 3260 2492
5769 2 2 0 4 3612 3759 2162
5770 2 2 0 4 750 2655 49
5771 2 2 0 4 2613 3805 2276
5772 2 2 0 4 1502 2454 1500
5773 2 2 0 4 1955 3661 1755
5774 2 2 0 4 2320 3845 3561
5775 2 2 0 4 2029 3383 1681
5776 2 2 0 4 735 3575 3531
5777 2 2 0 4 154 3249 711
5778 2 2 0 4 2119 3945 3633
5779 2 2 0 4 1093 1095 1094
5780 2 2 0 4 2166 3316 2136
5781 2 2 0 4 2051 2053 2052
5782 2 2 0 4 906 917 907
5783 2 2 0 4 1069 1071 1070
5784 2 2 0 4 1049 2160 1484
5785 2 2 0 4 979 981 980
5786 2 2 0 4 960 962 961
5787 2 2 0 4 862 866 863
5788 2 2 0 4 1659 1662 1660
5789 2 2 0 4 2045 2047 2046
5790 2 2 0 4 1510 1517 1509
5791 2 2 0 4 1403 1462 1404
5792 2 2 0 4 1437 1439 1438
5793 2 2 0 4 1133 1421 1134
5794 2 2 0 4 1758 2240 2114
5795 2 2 0 4 1420 1464 1401
5796 2 2 0 4 1124 1359 1122
5797 2 2 0 4 1373 2024 1490
5798 2 2 0 4 1678 3191 1390
5799 2 2 0 4 720 3348 167
5800 2 2 0 4 166 3348 761
5801 2 2 0 4 2062 3376 2903
5802 2 2 0 4 253 3248 254
5803 2 2 0 4 1493 2714 1665
5804 2 2 0 4 3396 3536 2311
5805 2 2 0 4 2802 3378 2804
5806 2 2 0 4 3710 3846 2636
5807 2 2 0 4 1431 3507 2673
5808 2 2 0 4 781 3381 779
5809 2 2 0 4 194 2533 2475
5810 2 2 0 4 849 3800 852
5811 2 2 0 4 1984 3803 1987
5812 2 2 0 4 1522 3397 1624
5813 2 2 0 4 2492 3260 2498
5814 2 2 0 4 2593 3945 2119
5815 2 2 0 4 2121 3280 2759
5816 2 2 0 4 3160 3653 736
5817 2 2 0 4 2439 3529 1491
5818 2 2 0 4 1950 3634 2542
5819 2 2 0 4 1129 3259 1132
5820 2 2 0 4 70 2588 2555
5821 2 2 0 4 1127 3322 1125
5822 2 2 0 4 2128 3375 3311
5823 2 2 0 4 3455 3688 2017
5824 2 2 0 4 3304 3582 2347
5825 2 2 0 4 2750 3503 58
5826 2 2 0 4 2623 3325 2490
5827 2 2 0 4 801 3305 2619
5828 2 2 0 4 2493 3588 2494
5829 2 2 0 4 3213 3457 924
5830 2 2 0 4 2175 3956 2722
5831 2 2 0 4 2313 3266 2124
5832 2 2 0 4 1413 3374 1414
5833 2 2 0 4 29 3261 28
5834 2 2 0 4 1770 1771 1769
5835 2 2 0 4 729 3373 138
5836 2 2 0 4 2538 3796 3265
5837 2 2 0 4 2688 3553 1752
5838 2 2 0 4 1096 3444 2748
5839 2 2 0 4 202 3377 731
5840 2 2 0 4 762 3377 203
5841 2 2 0 4 870 3396 913
5842 2 2 0 4 2520 3744 2521
5843 2 2 0 4 1172 3414 973
5844 2 2 0 4 2133 3954 3281
5845 2 2 0 4 1674 3452 1672
5846 2 2 0 4 2835 3439 2195
5847 2 2 0 4 1761 3644 2672
5848 2 2 0 4 1222 3423 1314
5849 2 2 0 4 2810 3282 2811
5850 2 2 0 4 1724 3644 1363
5851 2 2 0 4 3311 3375 2245
5852 2 2 0 4 1967 2736 2550
5853 2 2 0 4 1072 3492 1073
5854 2 2 0 4 3540 3755 3442
5855 2 2 0 4 1233 2796 1240
5856 2 2 0 4 3281 3954 3387
5857 2 2 0 4 137 3413 136
5858 2 2 0 4 1973 3317 1415
5859 2 2 0 4 2708 3596 3170
5860 2 2 0 4 3746 3766 725
5861 2 2 0 4 224 3271 223
5862 2 2 0 4 918 2729 1108
5863 2 2 0 4 2685 3283 750
5864 2 2 0 4 155 3531 3249
5865 2 2 0 4 3594 3952 1107
5866 2 2 0 4 274 3265 275
5867 2 2 0 4 1119 3512 3123
5868 2 2 0 4 66 3415 65
5869 2 2 0 4 3652 3655 2573
5870 2 2 0 4 201 3419 200
5871 2 2 0 4 844 3941 2793
5872 2 2 0 4 2500 3836 2540
5873 2 2 0 4 1661 3540 3442
5874 2 2 0 4 2466 3288 2469
5875 2 2 0 4 712 3963 3079
5876 2 2 0 4 1975 3279 2840
5877 2 2 0 4 762 3600 3142
5878 2 2 0 4 2197 3391 3390
5879 2 2 0 4 1453 3674 1405
5880 2 2 0 4 42 3393 769
5881 2 2 0 4 2768 3920 1704
5882 2 2 0 4 3266 3373 729
5883 2 2 0 4 1660 2662 1658
5884 2 2 0 4 1492 3878 2714
5885 2 2 0 4 2912 3443 2340
5886 2 2 0 4 750 3283 2655
5887 2 2 0 4 768 3436 3161
5888 2 2 0 4 1738 3213 924
5889 2 2 0 4 700 3399 102
5890 2 2 0 4 2691 3779 730
5891 2 2 0 4 2223 3333 2416
5892 2 2 0 4 2819 3282 2810
5893 2 2 0 4 2364 3843 2292
5894 2 2 0 4 1310 3284 1455
5895 2 2 0 4 82 3408 708
5896 2 2 0 4 3275 3399 2937
5897 2 2 0 4 2751 3503 2750
5898 2 2 0 4 2646 3962 2642
5899 2 2 0 4 699 3410 148
5900 2 2 0 4 2262 3607 2743
5901 2 2 0 4 3141 3460 3142
5902 2 2 0 4 100 3275 728
5903 2 2 0 4 2842 3460 2841
5904 2 2 0 4 690 3289 2753
5905 2 2 0 4 2121 3732 3281
5906 2 2 0 4 3926 3973 3416
5907 2 2 0 4 1407 3221 2177
5908 2 2 0 4 1131 3897 3259
5909 2 2 0 4 2740 3335 3334
5910 2 2 0 4 1018 3467 1026
5911 2 2 0 4 2206 3659 2205
5912 2 2 0 4 1708 3852 1707
5913 2 2 0 4 2075 3902 2631
5914 2 2 0 4 2589 3950 2117
5915 2 2 0 4 152 3447 151
5916 2 2 0 4 1201 2358 1204
5917 2 2 0 4 856 2429 858
5918 2 2 0 4 1292 2220 1295
5919 2 2 0 4 1272 2460 1274
5920 2 2 0 4 1148 2470 1156
5921 2 2 0 4 888 2462 892
5922 2 2 0 4 1608 2323 1605
5923 2 2 0 4 990 2395 994
5924 2 2 0 4 792 2471 797
5925 2 2 0 4 131 3292 773
5926 2 2 0 4 2074 3761 3343
5927 2 2 0 4 853 3683 850
5928 2 2 0 4 763 3388 3159
5929 2 2 0 4 2723 3951 707
5930 2 2 0 4 2880 3879 3349
5931 2 2 0 4 2302 3890 3426
5932 2 2 0 4 3135 3408 3300
5933 2 2 0 4 3192 3608 2147
5934 2 2 0 4 976 3306 3189
5935 2 2 0 4 752 3475 3008
5936 2 2 0 4 710 3430 2697
5937 2 2 0 4 2406 3900 2362
5938 2 2 0 4 2294 3485 2406
5939 2 2 0 4 3145 3960 844
5940 2 2 0 4 1961 2609 1901
5941 2 2 0 4 1624 3495 2848
5942 2 2 0 4 3234 3630 2063
5943 2 2 0 4 2443 3489 2444
5944 2 2 0 4 2892 3498 2937
5945 2 2 0 4 3418 3838 2563
5946 2 2 0 4 3079 3854 712
5947 2 2 0 4 89 3430 710
5948 2 2 0 4 2870 3690 3216
5949 2 2 0 4 3387 3954 1759
5950 2 2 0 4 2702 3499 2699
5951 2 2 0 4 2936 3295 2006
5952 2 2 0 4 2081 2767 1473
5953 2 2 0 4 1713 3374 1413
5954 2 2 0 4 2428 3610 2155
5955 2 2 0 4 736 3653 3346
5956 2 2 0 4 1216 3225 1327
5957 2 2 0 4 1212 3225 1213
5958 2 2 0 4 769 3393 3184
5959 2 2 0 4 2468 3965 3386
5960 2 2 0 4 2549 2638 961
5961 2 2 0 4 110 3437 701
5962 2 2 0 4 756 3437 111
5963 2 2 0 4 1768 2170 2084
5964 2 2 0 4 30 3441 724
5965 2 2 0 4 1307 3837 1224
5966 2 2 0 4 1511 3479 3326
5967 2 2 0 4 2228 3366 2649
5968 2 2 0 4 1553 3518 1555
5969 2 2 0 4 2852 3519 2854
5970 2 2 0 4 2304 2305 1682
5971 2 2 0 4 1423 3983 2377
5972 2 2 0 4 2537 3301 1696
5973 2 2 0 4 3184 3393 2834
5974 2 2 0 4 225 3448 757
5975 2 2 0 4 702 3448 226
5976 2 2 0 4 1857 3487 3037
5977 2 2 0 4 2531 3605 2575
5978 2 2 0 4 3793 3806 2408
5979 2 2 0 4 3013 3525 772
5980 2 2 0 4 219 3497 218
5981 2 2 0 4 2208 2349 2209
5982 2 2 0 4 687 3484 2822
5983 2 2 0 4 2881 3470 760
5984 2 2 0 4 2105 3367 2104
5985 2 2 0 4 3168 3478 2126
5986 2 2 0 4 774 3293 10
5987 2 2 0 4 3169 3967 2352
5988 2 2 0 4 1771 1772 1769
5989 2 2 0 4 3058 3303 2995
5990 2 2 0 4 1707 3852 2583
5991 2 2 0 4 1499 3903 1636
5992 2 2 0 4 64 3337 689
5993 2 2 0 4 84 3300 83
5994 2 2 0 4 2315 3754 3352
5995 2 2 0 4 1962 3955 3151
5996 2 2 0 4 3404 3406 1748
5997 2 2 0 4 2077 3304 2347
5998 2 2 0 4 1754 3673 2175
5999 2 2 0 4 1256 3611 1259
6000 2 2 0 4 983 2558 986
6001 2 2 0 4 2363 3973 3926
6002 2 2 0 4 3247 3744 2520
6003 2 2 0 4 3083 3577 2916
6004 2 2 0 4 2199 2255 2254
6005 2 2 0 4 2307 2733 1965
6006 2 2 0 4 1971 1972 1970
6007 2 2 0 4 1937 2459 1149
6008 2 2 0 4 1271 2204 1904
6009 2 2 0 4 1289 2458 1673
6010 2 2 0 4 1377 1378 1335
6011 2 2 0 4 1076 3930 1117
6012 2 2 0 4 2080 2081 1473
6013 2 2 0 4 98 3522 97
6014 2 2 0 4 1278 3543 1981
6015 2 2 0 4 705 3968 2744
6016 2 2 0 4 2426 2774 2667
6017 2 2 0 4 1246 3590 1245
6018 2 2 0 4 1266 3590 1249
6019 2 2 0 4 3161 3436 2838
6020 2 2 0 4 760 3470 158
6021 2 2 0 4 157 3470 735
6022 2 2 0 4 688 3905 2440
6023 2 2 0 4 2969 3592 3063
6024 2 2 0 4 2968 3592 2966
6025 2 2 0 4 2264 2577 2266
6026 2 2 0 4 2104 3883 2350
6027 2 2 0 4 72 3484 687
6028 2 2 0 4 1184 2579 1186
6029 2 2 0 4 2644 3663 2646
6030 2 2 0 4 2445 3712 2349
6031 2 2 0 4 2403 3253 1487
6032 2 2 0 4 2988 3309 2991
6033 2 2 0 4 2004 3308 2348
6034 2 2 0 4 3028 3686 3029
6035 2 2 0 4 2849 3495 2727
6036 2 2 0 4 2666 3669 965
6037 2 2 0 4 1415 3317 1714
6038 2 2 0 4 2926 3450 2082
6039 2 2 0 4 713 3483 44
6040 2 2 0 4 1458 3310 2246
6041 2 2 0 4 2960 3707 3192
6042 2 2 0 4 2860 3313 2866
6043 2 2 0 4 2055 3296 2031
6044 2 2 0 4 25 3571 24
6045 2 2 0 4 2139 3314 2974
6046 2 2 0 4 701 3608 3192
6047 2 2 0 4 1036 3524 1223
6048 2 2 0 4 763 3469 3388
6049 2 2 0 4 2146 3608 2977
6050 2 2 0 4 3337 3606 689
6051 2 2 0 4 3896 3962 2646
6052 2 2 0 4 2277 2694 1100
6053 2 2 0 4 2865 3389 771
6054 2 2 0 4 2131 3431 2690
6055 2 2 0 4 2601 3918 3290
6056 2 2 0 4 2803 3617 2802
6057 2 2 0 4 3257 3822 2459
6058 2 2 0 4 2796 3881 2360
6059 2 2 0 4 3370 3371 2506
6060 2 2 0 4 2820 3412 2821
6061 2 2 0 4 2584 3662 3660
6062 2 2 0 4 1713 3836 3425
6063 2 2 0 4 57 3503 693
6064 2 2 0 4 2183 3332 2817
6065 2 2 0 4 919 3901 925
6066 2 2 0 4 1907 3785 3371
6067 2 2 0 4 2707 3595 3308
6068 2 2 0 4 3231 3988 3088
6069 2 2 0 4 54 2238 53
6070 2 2 0 4 70 2555 69
6071 2 2 0 4 2887 3627 2890
6072 2 2 0 4 1326 3444 1091
6073 2 2 0 4 1286 2458 1289
6074 2 2 0 4 1265 2204 1271
6075 2 2 0 4 1149 2459 953
6076 2 2 0 4 1621 3285 1516
6077 2 2 0 4 1965 2733 1381
6078 2 2 0 4 1128 3322 1133
6079 2 2 0 4 2537 3691 3302
6080 2 2 0 4 2510 3664 3183
6081 2 2 0 4 2377 3983 949
6082 2 2 0 4 2018 3323 2654
6083 2 2 0 4 881 3369 3205
6084 2 2 0 4 2449 2769 2583
6085 2 2 0 4 707 3580 2725
6086 2 2 0 4 3544 3548 2009
6087 2 2 0 4 2468 3801 3015
6088 2 2 0 4 2293 3462 2296
6089 2 2 0 4 2624 3325 2623
6090 2 2 0 4 2401 3455 1709
6091 2 2 0 4 2490 3325 3262
6092 2 2 0 4 146 3527 730
6093 2 2 0 4 780 3454 2025
6094 2 2 0 4 735 3531 156
6095 2 2 0 4 698 3246 74
6096 2 2 0 4 1238 3428 1235
6097 2 2 0 4 1513 3326 1628
6098 2 2 0 4 74 3246 73
6099 2 2 0 4 1693 3810 3267
6100 2 2 0 4 2186 3647 2673
6101 2 2 0 4 2473 3578 2290
6102 2 2 0 4 1934 3204 2343
6103 2 2 0 4 3024 3651 3072
6104 2 2 0 4 2763 3594 1107
6105 2 2 0 4 3560 4000 879
6106 2 2 0 4 2592 3330 3000
6107 2 2 0 4 1103 3533 3224
6108 2 2 0 4 2907 2908 2130
6109 2 2 0 4 2981 3656 2983
6110 2 2 0 4 1104 2449 1311
6111 2 2 0 4 764 3580 79
6112 2 2 0 4 78 3580 707
6113 2 2 0 4 258 3319 259
6114 2 2 0 4 237 3327 236
6115 2 2 0 4 738 3584 32
6116 2 2 0 4 2744 3868 705
6117 2 2 0 4 3214 3664 954
6118 2 2 0 4 2282 3380 2559
6119 2 2 0 4 2255 3390 2553
6120 2 2 0 4 190 3329 189
6121 2 2 0 4 2242 3473 2400
6122 2 2 0 4 2955 3667 3006
6123 2 2 0 4 2958 3667 3078
6124 2 2 0 4 3189 3306 2183
6125 2 2 0 4 3216 3690 715
6126 2 2 0 4 3249 3531 2983
6127 2 2 0 4 2691 3680 2367
6128 2 2 0 4 3071 3680 3060
6129 2 2 0 4 3216 3764 3109
6130 2 2 0 4 2382 2824 2823
6131 2 2 0 4 1123 2737 1127
6132 2 2 0 4 1432 3991 1434
6133 2 2 0 4 2242 2400 2046
6134 2 2 0 4 2243 2276 1660
6135 2 2 0 4 2427 3898 1737
6136 2 2 0 4 771 3389 3165
6137 2 2 0 4 715 3600 205
6138 2 2 0 4 204 3600 762
6139 2 2 0 4 902 3457 904
6140 2 2 0 4 1348 3715 1345
6141 2 2 0 4 2066 3708 2906
6142 2 2 0 4 1555 3685 1557
6143 2 2 0 4 2748 3444 1705
6144 2 2 0 4 3027 3686 3028
6145 2 2 0 4 2982 3686 3036
6146 2 2 0 4 1029 3320 1033
6147 2 2 0 4 3142 3690 2869
6148 2 2 0 4 3393 3483 2834
6149 2 2 0 4 2368 3692 2192
6150 2 2 0 4 1242 2647 1244
6151 2 2 0 4 3649 3881 2672
6152 2 2 0 4 1648 3232 2825
6153 2 2 0 4 2034 3233 2831
6154 2 2 0 4 2674 3290 1971
6155 2 2 0 4 1 3768 123
6156 2 2 0 4 124 3767 2
6157 2 2 0 4 1969 3534 3429
6158 2 2 0 4 2 3767 114
6159 2 2 0 4 9 3768 1
6160 2 2 0 4 1518 1519 1516
6161 2 2 0 4 3490 3719 1012
6162 2 2 0 4 2332 3831 2790
6163 2 2 0 4 1932 3338 2603
6164 2 2 0 4 2600 3339 1908
6165 2 2 0 4 1338 3340 1392
6166 2 2 0 4 113 3294 3220
6167 2 2 0 4 3769 3858 1025
6168 2 2 0 4 2960 3812 3707
6169 2 2 0 4 3764 3885 3109
6170 2 2 0 4 2384 3726 2233
6171 2 2 0 4 3242 3507 1431
6172 2 2 0 4 3015 3965 2468
6173 2 2 0 4 2263 3341 2567
6174 2 2 0 4 2337 3710 2420
6175 2 2 0 4 2918 3727 2919
6176 2 2 0 4 172 3618 726
6177 2 2 0 4 2631 3902 3145
6178 2 2 0 4 2917 3739 2915
6179 2 2 0 4 2976 3345 2193
6180 2 2 0 4 2456 3346 2005
6181 2 2 0 4 222 3695 221
6182 2 2 0 4 2806 3746 2170
6183 2 2 0 4 2272 3780 2271
6184 2 2 0 4 889 3324 325
6185 2 2 0 4 2286 3272 1606
6186 2 2 0 4 2229 3756 2234
6187 2 2 0 4 3070 3347 2007
6188 2 2 0 4 3063 3758 3062
6189 2 2 0 4 2413 3758 2744
6190 2 2 0 4 960 3435 963
6191 2 2 0 4 2167 3400 3151
6192 2 2 0 4 3353 3986 2632
6193 2 2 0 4 1153 3754 2663
6194 2 2 0 4 1642 3349 3018
6195 2 2 0 4 2278 3405 3404
6196 2 2 0 4 2393 3990 1894
6197 2 2 0 4 3108 3989 2450
6198 2 2 0 4 2731 2732 1120
6199 2 2 0 4 2251 3350 2375
6200 2 2 0 4 1362 2648 1479
6201 2 2 0 4 2230 3982 2557
6202 2 2 0 4 1004 3829 2659
6203 2 2 0 4 2505 3370 2506
6204 2 2 0 4 2586 3971 1953
6205 2 2 0 4 3031 3971 1623
6206 2 2 0 4 2672 3644 1724
6207 2 2 0 4 1605 3995 1602
6208 2 2 0 4 2744 3968 2411
6209 2 2 0 4 962 2549 961
6210 2 2 0 4 3079 3963 2394
6211 2 2 0 4 167 3348 166
6212 2 2 0 4 2934 3947 2933
6213 2 2 0 4 3312 3895 2442
6214 2 2 0 4 2282 3676 2363
6215 2 2 0 4 3095 3819 2572
6216 2 2 0 4 1071 3427 1070
6217 2 2 0 4 2582 3824 2888
6218 2 2 0 4 2790 3831 2112
6219 2 2 0 4 837 3237 839
6220 2 2 0 4 1737 3898 1349
6221 2 2 0 4 2280 3678 3677
6222 2 2 0 4 2365 3915 2691
6223 2 2 0 4 943 3983 1423
6224 2 2 0 4 2087 3876 3084
6225 2 2 0 4 1518 3315 1620
6226 2 2 0 4 767 3675 228
6227 2 2 0 4 227 3675 702
6228 2 2 0 4 91 3737 90
6229 2 2 0 4 3442 3538 1661
6230 2 2 0 4 1669 2561 2560
6231 2 2 0 4 3529 3851 3375
6232 2 2 0 4 919 3961 3901
6233 2 2 0 4 2126 3358 2435
6234 2 2 0 4 3314 3388 2974
6235 2 2 0 4 2013 3891 2010
6236 2 2 0 4 4 3774 132
6237 2 2 0 4 47 3766 46
6238 2 2 0 4 1484 3733 2232
6239 2 2 0 4 1425 3881 3245
6240 2 2 0 4 2838 3486 2837
6241 2 2 0 4 3407 3704 1325
6242 2 2 0 4 2420 3704 3407
6243 2 2 0 4 45 3696 713
6244 2 2 0 4 2377 3721 1423
6245 2 2 0 4 133 3774 4
6246 2 2 0 4 701 3707 109
6247 2 2 0 4 3212 3384 775
6248 2 2 0 4 3289 3442 2753
6249 2 2 0 4 2487 3832 2711
6250 2 2 0 4 1947 3782 2788
6251 2 2 0 4 2705 3648 1623
6252 2 2 0 4 873 2671 877
6253 2 2 0 4 1005 3630 3234
6254 2 2 0 4 162 3828 161
6255 2 2 0 4 2579 3843 2364
6256 2 2 0 4 305 3353 306
6257 2 2 0 4 3417 3418 1114
6258 2 2 0 4 177 3905 176
6259 2 2 0 4 736 3725 163
6260 2 2 0 4 3502 3534 1969
6261 2 2 0 4 2074 3343 3187
6262 2 2 0 4 2315 2316 2105
6263 2 2 0 4 3092 3362 2953
6264 2 2 0 4 1346 3715 3355
6265 2 2 0 4 2416 3333 2824
6266 2 2 0 4 2778 3396 868
6267 2 2 0 4 33 3752 738
6268 2 2 0 4 2002 3705 2710
6269 2 2 0 4 3426 3890 921
6270 2 2 0 4 2938 3458 3083
6271 2 2 0 4 2398 3664 3214
6272 2 2 0 4 206 3764 715
6273 2 2 0 4 947 3291 1040
6274 2 2 0 4 2852 3657 3519
6275 2 2 0 4 2675 3370 2505
6276 2 2 0 4 2200 3019 1270
6277 2 2 0 4 914 3111 1646
6278 2 2 0 4 993 3137 2032
6279 2 2 0 4 1150 3138 2202
6280 2 2 0 4 1516 3285 1514
6281 2 2 0 4 1151 3352 1153
6282 2 2 0 4 2937 3498 3275
6283 2 2 0 4 2785 3365 820
6284 2 2 0 4 144 3779 770
6285 2 2 0 4 730 3779 145
6286 2 2 0 4 2601 3985 2600
6287 2 2 0 4 2547 3650 1725
6288 2 2 0 4 3300 3408 83
6289 2 2 0 4 3281 3387 3280
6290 2 2 0 4 3040 3364 2967
6291 2 2 0 4 3151 3400 1457
6292 2 2 0 4 2922 3932 221
6293 2 2 0 4 1119 2780 2779
6294 2 2 0 4 2202 3453 2203
6295 2 2 0 4 2267 3802 2659
6296 2 2 0 4 107 3812 727
6297 2 2 0 4 2496 3587 3511
6298 2 2 0 4 237 3384 3327
6299 2 2 0 4 707 3951 77
6300 2 2 0 4 13 3946 741
6301 2 2 0 4 3350 3913 2375
6302 2 2 0 4 3139 3755 695
6303 2 2 0 4 712 3854 35
6304 2 2 0 4 2540 3836 1714
6305 2 2 0 4 229 3868 767
6306 2 2 0 4 705 3868 230
6307 2 2 0 4 2103 3411 2757
6308 2 2 0 4 717 3885 208
6309 2 2 0 4 2659 3802 989
6310 2 2 0 4 1389 3792 3354
6311 2 2 0 4 3030 3745 845
6312 2 2 0 4 2656 3941 844
6313 2 2 0 4 2805 3372 1772
6314 2 2 0 4 2341 3934 2595
6315 2 2 0 4 1414 3374 1429
6316 2 2 0 4 2851 3657 2852
6317 2 2 0 4 689 3398 2618
6318 2 2 0 4 1161 3477 1698
6319 2 2 0 4 3701 3913 1337
6320 2 2 0 4 115 3784 3
6321 2 2 0 4 739 3376 3009
6322 2 2 0 4 2804 3378 2807
6323 2 2 0 4 1636 3903 3331
6324 2 2 0 4 773 3642 2791
6325 2 2 0 4 2280 3402 810
6326 2 2 0 4 1357 3843 2579
6327 2 2 0 4 3 3784 238
6328 2 2 0 4 3098 3633 3099
6329 2 2 0 4 968 2682 970
6330 2 2 0 4 2772 3765 3411
6331 2 2 0 4 2079 3924 2182
6332 2 2 0 4 2397 3924 2079
6333 2 2 0 4 697 3488 198
6334 2 2 0 4 2223 3583 3333
6335 2 2 0 4 138 3373 137
6336 2 2 0 4 1488 3311 2201
6337 2 2 0 4 3408 3519 708
6338 2 2 0 4 2090 3493 3432
6339 2 2 0 4 3432 3493 928
6340 2 2 0 4 3192 3707 701
6341 2 2 0 4 3306 3332 2183
6342 2 2 0 4 2128 3311 1488
6343 2 2 0 4 766 3844 3166
6344 2 2 0 4 203 3377 202
6345 2 2 0 4 3280 3291 2759
6346 2 2 0 4 2251 3502 3350
6347 2 2 0 4 3350 3502 2252
6348 2 2 0 4 2632 3888 805
6349 2 2 0 4 3338 3670 2603
6350 2 2 0 4 2600 3671 3339
6351 2 2 0 4 2569 3320 1029
6352 2 2 0 4 178 3359 177
6353 2 2 0 4 2494 3588 3587
6354 2 2 0 4 3561 3934 2320
6355 2 2 0 4 2276 2662 1660
6356 2 2 0 4 1073 3492 1076
6357 2 2 0 4 851 3884 2631
6358 2 2 0 4 1767 1768 1766
6359 2 2 0 4 2716 2718 2717
6360 2 2 0 4 2983 3656 3249
6361 2 2 0 4 2556 3331 3252
6362 2 2 0 4 3164 3469 763
6363 2 2 0 4 1515 1516 1514
6364 2 2 0 4 784 3381 781
6365 2 2 0 4 2089 3815 3620
6366 2 2 0 4 3394 3775 2061
6367 2 2 0 4 2739 3322 1127
6368 2 2 0 4 2312 3304 2077
6369 2 2 0 4 2659 3829 2267
6370 2 2 0 4 1681 3383 1744
6371 2 2 0 4 1323 3899 3772
6372 2 2 0 4 2355 3899 1323
6373 2 2 0 4 2281 2763 1107
6374 2 2 0 4 2399 3669 2666
6375 2 2 0 4 3515 3837 1329
6376 2 2 0 4 949 3983 941
6377 2 2 0 4 2515 3878 2514
6378 2 2 0 4 1003 3900 3474
6379 2 2 0 4 2376 3719 2473
6380 2 2 0 4 3319 3778 984
6381 2 2 0 4 2759 3291 2385
6382 2 2 0 4 2156 2157 2155
6383 2 2 0 4 1914 1916 1915
6384 2 2 0 4 1311 2449 2422
6385 2 2 0 4 1081 1082 1080
6386 2 2 0 4 804 806 803
6387 2 2 0 4 1021 1022 1020
6388 2 2 0 4 2000 2337 1998
6389 2 2 0 4 1492 2714 1493
6390 2 2 0 4 2217 3959 2453
6391 2 2 0 4 1108 2729 1368
6392 2 2 0 4 3254 3635 2039
6393 2 2 0 4 2777 3745 3264
6394 2 2 0 4 238 3384 237
6395 2 2 0 4 327 3369 881
6396 2 2 0 4 827 3806 829
6397 2 2 0 4 713 3617 3483
6398 2 2 0 4 1479 2648 2102
6399 2 2 0 4 3380 3781 2312
6400 2 2 0 4 2123 3576 2313
6401 2 2 0 4 868 3396 870
6402 2 2 0 4 2475 2533 2477
6403 2 2 0 4 3330 3487 1857
6404 2 2 0 4 1253 3521 3218
6405 2 2 0 4 3151 3912 1962
6406 2 2 0 4 3403 3746 725
6407 2 2 0 4 2069 3841 1944
6408 2 2 0 4 2791 3642 2792
6409 2 2 0 4 1763 2099 1480
6410 2 2 0 4 2291 2768 1703
6411 2 2 0 4 937 1333 935
6412 2 2 0 4 1912 2381 1914
6413 2 2 0 4 1231 1232 1163
6414 2 2 0 4 1956 2674 1971
6415 2 2 0 4 2136 2137 1946
6416 2 2 0 4 2215 2218 2217
6417 2 2 0 4 1080 1113 1046
6418 2 2 0 4 1057 1106 1055
6419 2 2 0 4 899 922 896
6420 2 2 0 4 1876 3458 2938
6421 2 2 0 4 2974 3388 3025
6422 2 2 0 4 2293 2296 2295
6423 2 2 0 4 2153 3385 2023
6424 2 2 0 4 2064 3492 3382
6425 2 2 0 4 3008 3940 775
6426 2 2 0 4 1628 3315 1515
6427 2 2 0 4 2829 3567 3412
6428 2 2 0 4 2197 3390 2199
6429 2 2 0 4 3037 3486 1876
6430 2 2 0 4 2679 3734 3709
6431 2 2 0 4 2297 2300 2299
6432 2 2 0 4 1239 2692 2100
6433 2 2 0 4 717 3989 3885
6434 2 2 0 4 715 3764 3216
6435 2 2 0 4 2590 3953 3862
6436 2 2 0 4 810 3402 1337
6437 2 2 0 4 2313 3373 3266
6438 2 2 0 4 3391 3573 1327
6439 2 2 0 4 1047 3760 916
6440 2 2 0 4 1600 3685 3256
6441 2 2 0 4 2906 3549 2066
6442 2 2 0 4 2164 3385 3211
6443 2 2 0 4 976 3842 3306
6444 2 2 0 4 1520 3397 1522
6445 2 2 0 4 43 3393 42
6446 2 2 0 4 2524 3661 2706
6447 2 2 0 4 3164 3601 3469
6448 2 2 0 4 2220 3464 2552
6449 2 2 0 4 3548 3708 2009
6450 2 2 0 4 2452 3438 2265
6451 2 2 0 4 3401 3791 2055
6452 2 2 0 4 3246 3484 73
6453 2 2 0 4 2349 3286 2209
6454 2 2 0 4 1460 3710 3368
6455 2 2 0 4 1422 3301 1134
6456 2 2 0 4 3252 3354 2433
6457 2 2 0 4 102 3399 101
6458 2 2 0 4 2279 3524 1030
6459 2 2 0 4 1961 3450 2609
6460 2 2 0 4 2978 3016 2111
6461 2 2 0 4 3812 3947 727
6462 2 2 0 4 1446 3427 1748
6463 2 2 0 4 2338 3789 3368
6464 2 2 0 4 1383 3536 2778
6465 2 2 0 4 3465 3826 2614
6466 2 2 0 4 1707 2748 1705
6467 2 2 0 4 2255 2257 2256
6468 2 2 0 4 2449 2583 2422
6469 2 2 0 4 1395 1431 1352
6470 2 2 0 4 2027 3453 2161
6471 2 2 0 4 2533 2534 2477
6472 2 2 0 4 3308 3328 2348
6473 2 2 0 4 803 3582 800
6474 2 2 0 4 1370 3409 1369
6475 2 2 0 4 2278 3404 2250
6476 2 2 0 4 2359 3476 1469
6477 2 2 0 4 3749 3920 2768
6478 2 2 0 4 83 3408 82
6479 2 2 0 4 2829 3412 2820
6480 2 2 0 4 1916 2093 2092
6481 2 2 0 4 1083 1084 1082
6482 2 2 0 4 807 808 806
6483 2 2 0 4 1023 1024 1022
6484 2 2 0 4 1113 3421 2794
6485 2 2 0 4 2794 3421 2160
6486 2 2 0 4 1064 3512 1119
6487 2 2 0 4 1767 1769 1768
6488 2 2 0 4 2718 2721 2717
6489 2 2 0 4 148 3410 147
6490 2 2 0 4 1515 1518 1516
6491 2 2 0 4 2257 2259 2258
6492 2 2 0 4 2093 2095 2094
6493 2 2 0 4 2259 2260 2258
6494 2 2 0 4 1085 1086 1084
6495 2 2 0 4 1028 1029 1024
6496 2 2 0 4 2095 2096 2094
6497 2 2 0 4 1087 1088 1086
6498 2 2 0 4 3367 3883 2104
6499 2 2 0 4 2616 2789 782
6500 2 2 0 4 2075 3884 2386
6501 2 2 0 4 787 3173 796
6502 2 2 0 4 1693 3267 1692
6503 2 2 0 4 2137 3820 2798
6504 2 2 0 4 2438 3510 3509
6505 2 2 0 4 2746 3424 2222
6506 2 2 0 4 3333 3583 930
6507 2 2 0 4 2344 3446 2428
6508 2 2 0 4 3280 3387 1040
6509 2 2 0 4 2271 3780 3326
6510 2 2 0 4 2529 3789 3619
6511 2 2 0 4 3619 3789 2338
6512 2 2 0 4 3471 3723 2334
6513 2 2 0 4 1943 3342 2536
6514 2 2 0 4 973 3414 975
6515 2 2 0 4 1700 3966 1962
6516 2 2 0 4 3473 3998 2400
6517 2 2 0 4 742 3454 780
6518 2 2 0 4 1314 3423 1751
6519 2 2 0 4 3368 3789 3717
6520 2 2 0 4 3615 3867 3591
6521 2 2 0 4 3361 3976 2003
6522 2 2 0 4 2252 3502 1969
6523 2 2 0 4 153 3869 152
6524 2 2 0 4 136 3413 744
6525 2 2 0 4 1224 3837 3277
6526 2 2 0 4 3302 3691 2754
6527 2 2 0 4 775 3940 3212
6528 2 2 0 4 3224 3533 3131
6529 2 2 0 4 3249 3656 711
6530 2 2 0 4 3414 3565 2086
6531 2 2 0 4 1739 3782 3274
6532 2 2 0 4 3099 3804 3556
6533 2 2 0 4 2418 3342 3223
6534 2 2 0 4 963 3630 966
6535 2 2 0 4 1876 3486 3458
6536 2 2 0 4 2248 3535 1074
6537 2 2 0 4 3177 3795 3504
6538 2 2 0 4 2712 3790 1949
6539 2 2 0 4 3196 3772 2381
6540 2 2 0 4 3388 3469 3025
6541 2 2 0 4 782 3867 2616
6542 2 2 0 4 3244 3379 2150
6543 2 2 0 4 696 3415 66
6544 2 2 0 4 2461 3501 3432
6545 2 2 0 4 1752 3647 2686
6546 2 2 0 4 731 3419 201
6547 2 2 0 4 1240 2796 2360
6548 2 2 0 4 2361 3508 3243
6549 2 2 0 4 3237 3935 839
6550 2 2 0 4 2414 3864 2972
6551 2 2 0 4 1532 2795 1512
6552 2 2 0 4 1418 3969 3296
6553 2 2 0 4 3272 3563 1606
6554 2 2 0 4 2738 2740 2739
6555 2 2 0 4 2611 3800 2610
6556 2 2 0 4 2715 3874 2252
6557 2 2 0 4 3500 3995 1605
6558 2 2 0 4 2148 3477 2113
6559 2 2 0 4 2962 3683 2650
6560 2 2 0 4 754 3982 2668
6561 2 2 0 4 3223 3342 1943
6562 2 2 0 4 1432 3557 2638
6563 2 2 0 4 2752 3883 691
6564 2 2 0 4 3243 3508 3507
6565 2 2 0 4 1679 3953 2847
6566 2 2 0 4 2983 3575 2982
6567 2 2 0 4 1677 3452 1674
6568 2 2 0 4 1715 3433 2710
6569 2 2 0 4 3531 3575 2983
6570 2 2 0 4 2053 2105 2104
6571 2 2 0 4 1462 1700 1463
6572 2 2 0 4 1439 1441 1440
6573 2 2 0 4 1421 1692 1422
6574 2 2 0 4 1487 1717 1464
6575 2 2 0 4 1688 2335 2334
6576 2 2 0 4 1059 3526 1160
6577 2 2 0 4 1503 2786 2171
6578 2 2 0 4 1370 3958 3244
6579 2 2 0 4 2697 3430 2700
6580 2 2 0 4 3389 3990 2393
6581 2 2 0 4 741 3946 3309
6582 2 2 0 4 2227 3929 3366
6583 2 2 0 4 90 3430 89
6584 2 2 0 4 789 3173 787
6585 2 2 0 4 2356 3284 2683
6586 2 2 0 4 1337 3913 3198
6587 2 2 0 4 1418 3449 2737
6588 2 2 0 4 2176 3552 3001
6589 2 2 0 4 2583 3853 2422
6590 2 2 0 4 3569 3644 1761
6591 2 2 0 4 3238 3762 696
6592 2 2 0 4 2250 3535 2248
6593 2 2 0 4 1091 3444 1093
6594 2 2 0 4 2175 3673 2735
6595 2 2 0 4 2425 3981 2427
6596 2 2 0 4 1019 3872 1025
6597 2 2 0 4 2237 3443 2912
6598 2 2 0 4 3405 3701 3402
6599 2 2 0 4 1984 4001 3803
6600 2 2 0 4 1462 3966 1700
6601 2 2 0 4 2754 3691 1882
6602 2 2 0 4 111 3437 110
6603 2 2 0 4 899 2707 2004
6604 2 2 0 4 1057 2708 1757
6605 2 2 0 4 2319 3808 3392
6606 2 2 0 4 937 2709 1759
6607 2 2 0 4 924 3457 902
6608 2 2 0 4 1353 2844 1454
6609 2 2 0 4 2176 3001 1317
6610 2 2 0 4 1459 3542 1214
6611 2 2 0 4 1994 3097 2554
6612 2 2 0 4 884 3110 2448
6613 2 2 0 4 1756 3125 2440
6614 2 2 0 4 1103 3859 1081
6615 2 2 0 4 1025 3858 1021
6616 2 2 0 4 31 3441 30
6617 2 2 0 4 2195 3439 2194
6618 2 2 0 4 815 3880 804
6619 2 2 0 4 936 3847 940
6620 2 2 0 4 1230 3846 1312
6621 2 2 0 4 2753 3442 3139
6622 2 2 0 4 43 3483 3393
6623 2 2 0 4 2082 3450 2310
6624 2 2 0 4 1709 3455 2017
6625 2 2 0 4 2447 3496 2158
6626 2 2 0 4 3091 3576 2123
6627 2 2 0 4 3346 3725 736
6628 2 2 0 4 226 3448 225
6629 2 2 0 4 2614 3826 1961
6630 2 2 0 4 3347 3844 766
6631 2 2 0 4 2202 3980 3453
6632 2 2 0 4 2187 3180 2689
6633 2 2 0 4 2496 3463 2495
6634 2 2 0 4 2529 3619 812
6635 2 2 0 4 2942 3864 1959
6636 2 2 0 4 2352 3614 3440
6637 2 2 0 4 218 3668 217
6638 2 2 0 4 1475 3708 2066
6639 2 2 0 4 2776 2971 2777
6640 2 2 0 4 1613 3929 1610
6641 2 2 0 4 866 2388 867
6642 2 2 0 4 981 2389 982
6643 2 2 0 4 151 3447 754
6644 2 2 0 4 2557 3982 3447
6645 2 2 0 4 3425 3836 2500
6646 2 2 0 4 2727 3495 2726
6647 2 2 0 4 1099 2277 1100
6648 2 2 0 4 2841 3460 3141
6649 2 2 0 4 2681 3799 1375
6650 2 2 0 4 3306 3842 2732
6651 2 2 0 4 2738 3791 2740
6652 2 2 0 4 2292 3462 2293
6653 2 2 0 4 2040 3635 3335
6654 2 2 0 4 713 3696 3378
6655 2 2 0 4 722 3601 3164
6656 2 2 0 4 3151 3955 2167
6657 2 2 0 4 2109 2997 2107
6658 2 2 0 4 1448 3406 1720
6659 2 2 0 4 2338 3368 2337
6660 2 2 0 4 3296 3449 1418
6661 2 2 0 4 1026 3467 3231
6662 2 2 0 4 1942 3633 3632
6663 2 2 0 4 3025 3469 3023
6664 2 2 0 4 2337 2420 1998
6665 2 2 0 4 1022 1451 1020
6666 2 2 0 4 2664 3188 2663
6667 2 2 0 4 1749 3852 1708
6668 2 2 0 4 2629 3687 908
6669 2 2 0 4 2199 3390 2255
6670 2 2 0 4 1498 3964 1496
6671 2 2 0 4 1489 3526 1059
6672 2 2 0 4 1312 3846 1460
6673 2 2 0 4 940 3847 1356
6674 2 2 0 4 2117 3950 2118
6675 2 2 0 4 3410 3527 147
6676 2 2 0 4 2255 2553 2257
6677 2 2 0 4 2590 3862 3731
6678 2 2 0 4 1190 3574 1193
6679 2 2 0 4 808 823 806
6680 2 2 0 4 1743 3717 2762
6681 2 2 0 4 2093 2097 2095
6682 2 2 0 4 2259 2261 2260
6683 2 2 0 4 1086 1114 1084
6684 2 2 0 4 1029 1032 1024
6685 2 2 0 4 2095 2098 2096
6686 2 2 0 4 2673 3507 2145
6687 2 2 0 4 2174 3533 1103
6688 2 2 0 4 99 3724 98
6689 2 2 0 4 3730 3788 240
6690 2 2 0 4 3275 3498 728
6691 2 2 0 4 158 3470 157
6692 2 2 0 4 2221 3583 2223
6693 2 2 0 4 3010 3475 752
6694 2 2 0 4 3177 3504 1358
6695 2 2 0 4 1699 3913 3350
6696 2 2 0 4 2514 3878 3298
6697 2 2 0 4 2663 3754 2189
6698 2 2 0 4 2710 3705 2844
6699 2 2 0 4 2333 3395 2331
6700 2 2 0 4 1700 1721 1463
6701 2 2 0 4 1441 1465 1440
6702 2 2 0 4 1692 1695 1422
6703 2 2 0 4 1688 2336 2335
6704 2 2 0 4 820 3365 822
6705 2 2 0 4 2188 3865 3433
6706 2 2 0 4 2837 3487 2766
6707 2 2 0 4 1360 3566 3189
6708 2 2 0 4 2149 3482 2681
6709 2 2 0 4 2310 3465 2311
6710 2 2 0 4 1902 3459 3288
6711 2 2 0 4 73 3484 72
6712 2 2 0 4 2722 3562 1445
6713 2 2 0 4 2076 2884 1890
6714 2 2 0 4 1110 3760 1047
6715 2 2 0 4 2118 3950 3203
6716 2 2 0 4 3720 3801 2469
6717 2 2 0 4 1748 3535 3404
6718 2 2 0 4 3404 3535 2250
6719 2 2 0 4 1335 3494 1334
6720 2 2 0 4 44 3483 43
6721 2 2 0 4 1359 3734 3332
6722 2 2 0 4 2672 3881 1425
6723 2 2 0 4 2848 3495 2849
6724 2 2 0 4 2324 3960 3145
6725 2 2 0 4 2072 3841 2069
6726 2 2 0 4 265 3474 266
6727 2 2 0 4 1392 3340 2419
6728 2 2 0 4 2709 3387 1759
6729 2 2 0 4 2890 3498 2892
6730 2 2 0 4 3513 3777 1974
6731 2 2 0 4 1226 3652 2782
6732 2 2 0 4 2738 2739 1127
6733 2 2 0 4 3376 3876 3010
6734 2 2 0 4 2699 3499 2698
6735 2 2 0 4 1989 3614 1991
6736 2 2 0 4 1623 3648 3014
6737 2 2 0 4 3055 3977 2551
6738 2 2 0 4 1648 3978 3232
6739 2 2 0 4 2034 3979 3233
6740 2 2 0 4 1100 1399 1098
6741 2 2 0 4 2104 2350 2052
6742 2 2 0 4 2202 2203 1457
6743 2 2 0 4 2032 2033 2031
6744 2 2 0 4 1646 1647 1170
6745 2 2 0 4 982 1120 980
6746 2 2 0 4 867 1727 863
6747 2 2 0 4 1488 2201 2200
6748 2 2 0 4 1420 2403 1487
6749 2 2 0 4 1363 3644 2755
6750 2 2 0 4 693 3491 3274
6751 2 2 0 4 2469 3801 2465
6752 2 2 0 4 2435 3976 3361
6753 2 2 0 4 2831 3558 2057
6754 2 2 0 4 3264 3745 3030
6755 2 2 0 4 3379 3958 1698
6756 2 2 0 4 2762 3789 2529
6757 2 2 0 4 249 3490 250
6758 2 2 0 4 1190 3834 3574
6759 2 2 0 4 1938 3786 1940
6760 2 2 0 4 1213 3225 1216
6761 2 2 0 4 714 3497 219
6762 2 2 0 4 3458 3486 2838
6763 2 2 0 4 2825 3555 2827
6764 2 2 0 4 1515 3315 1518
6765 2 2 0 4 2564 3488 3223
6766 2 2 0 4 2780 3382 2779
6767 2 2 0 4 31 3584 3441
6768 2 2 0 4 1030 3524 1036
6769 2 2 0 4 3244 3958 3379
6770 2 2 0 4 2878 3987 2373
6771 2 2 0 4 2766 3487 3330
6772 2 2 0 4 3497 3739 2917
6773 2 2 0 4 1170 3658 2002
6774 2 2 0 4 1369 3409 1410
6775 2 2 0 4 2040 3401 2035
6776 2 2 0 4 2021 3528 1928
6777 2 2 0 4 58 3503 57
6778 2 2 0 4 2575 3299 2198
6779 2 2 0 4 1950 3893 1949
6780 2 2 0 4 2067 3910 1461
6781 2 2 0 4 1599 3518 1553
6782 2 2 0 4 2854 3519 3135
6783 2 2 0 4 2246 3797 2247
6784 2 2 0 4 2888 3824 3522
6785 2 2 0 4 3469 3601 3023
6786 2 2 0 4 3281 3732 2133
6787 2 2 0 4 2690 3422 1980
6788 2 2 0 4 3204 3466 2344
6789 2 2 0 4 1099 1100 1098
6790 2 2 0 4 2145 3508 1319
6791 2 2 0 4 3658 3705 2002
6792 2 2 0 4 2053 2104 2052
6793 2 2 0 4 917 918 907
6794 2 2 0 4 1150 2202 1457
6795 2 2 0 4 993 2032 2031
6796 2 2 0 4 914 1646 1170
6797 2 2 0 4 981 982 980
6798 2 2 0 4 866 867 863
6799 2 2 0 4 1488 2200 1270
6800 2 2 0 4 1462 1463 1404
6801 2 2 0 4 1439 1440 1438
6802 2 2 0 4 1421 1422 1134
6803 2 2 0 4 1420 1487 1464
6804 2 2 0 4 1123 1127 1125
6805 2 2 0 4 2024 2325 1490
6806 2 2 0 4 2830 3567 2829
6807 2 2 0 4 3335 3996 2040
6808 2 2 0 4 2782 3652 2573
6809 2 2 0 4 2692 3456 2100
6810 2 2 0 4 2063 3630 3435
6811 2 2 0 4 3571 3819 3095
6812 2 2 0 4 3431 3733 1484
6813 2 2 0 4 772 3525 3011
6814 2 2 0 4 3267 3757 2239
6815 2 2 0 4 774 3994 3293
6816 2 2 0 4 2323 3500 1605
6817 2 2 0 4 2730 3829 1004
6818 2 2 0 4 3660 3661 2524
6819 2 2 0 4 2746 3919 2076
6820 2 2 0 4 1760 3954 2133
6821 2 2 0 4 1098 3416 1095
6822 2 2 0 4 3207 3855 2770
6823 2 2 0 4 2115 3263 2329
6824 2 2 0 4 3091 3684 3576
6825 2 2 0 4 97 3522 718
6826 2 2 0 4 2249 3502 2251
6827 2 2 0 4 3438 3949 989
6828 2 2 0 4 24 3748 23
6829 2 2 0 4 1040 3291 3280
6830 2 2 0 4 217 3668 768
6831 2 2 0 4 147 3527 146
6832 2 2 0 4 2136 3316 2137
6833 2 2 0 4 2536 3691 2537
6834 2 2 0 4 2240 3741 3482
6835 2 2 0 4 1974 3777 1439
6836 2 2 0 4 156 3531 155
6837 2 2 0 4 3422 3431 2160
6838 2 2 0 4 2047 2242 2046
6839 2 2 0 4 1662 2243 1660
6840 2 2 0 4 1378 3494 1335
6841 2 2 0 4 2878 3879 2879
6842 2 2 0 4 3213 3871 2142
6843 2 2 0 4 1075 2248 1074
6844 2 2 0 4 959 3822 3435
6845 2 2 0 4 2535 3635 3254
6846 2 2 0 4 3135 3519 3408
6847 2 2 0 4 2670 2783 2669
6848 2 2 0 4 2339 3945 2593
6849 2 2 0 4 2916 3577 2917
6850 2 2 0 4 1643 3877 3125
6851 2 2 0 4 220 3932 714
6852 2 2 0 4 2232 3733 3273
6853 2 2 0 4 2451 3818 2226
6854 2 2 0 4 2167 3955 1462
6855 2 2 0 4 3103 3753 2120
6856 2 2 0 4 2203 3912 3151
6857 2 2 0 4 932 3848 2637
6858 2 2 0 4 815 3761 3678
6859 2 2 0 4 3309 3946 2991
6860 2 2 0 4 3083 3458 3436
6861 2 2 0 4 3253 3461 2224
6862 2 2 0 4 1001 3356 1008
6863 2 2 0 4 2792 3684 3091
6864 2 2 0 4 3402 3677 3405
6865 2 2 0 4 79 3580 78
6866 2 2 0 4 1249 3590 1246
6867 2 2 0 4 3355 3715 1389
6868 2 2 0 4 3984 3985 2601
6869 2 2 0 4 2662 3540 1658
6870 2 2 0 4 732 3571 25
6871 2 2 0 4 1228 3652 1226
6872 2 2 0 4 3265 3796 2345
6873 2 2 0 4 3539 3923 3821
6874 2 2 0 4 3305 3803 2619
6875 2 2 0 4 2966 3592 2969
6876 2 2 0 4 32 3584 31
6877 2 2 0 4 2057 3887 3251
6878 2 2 0 4 998 3356 1001
6879 2 2 0 4 3127 3541 1160
6880 2 2 0 4 2162 3909 3612
6881 2 2 0 4 2735 3673 2240
6882 2 2 0 4 2315 3434 2316
6883 2 2 0 4 2732 3842 978
6884 2 2 0 4 3427 3535 1748
6885 2 2 0 4 2645 3811 2644
6886 2 2 0 4 3023 3601 3024
6887 2 2 0 4 173 3618 172
6888 2 2 0 4 2249 2250 2248
6889 2 2 0 4 1111 1330 1112
6890 2 2 0 4 1410 1678 1390
6891 2 2 0 4 2285 2286 1606
6892 2 2 0 4 2419 2676 2143
6893 2 2 0 4 1070 1446 1445
6894 2 2 0 4 1170 2002 1169
6895 2 2 0 4 1432 1433 1167
6896 2 2 0 4 1278 1712 1491
6897 2 2 0 4 1900 1902 1901
6898 2 2 0 4 1343 1344 1342
6899 2 2 0 4 1889 1891 1890
6900 2 2 0 4 1302 1482 1459
6901 2 2 0 4 1361 2128 1488
6902 2 2 0 4 1407 2177 2176
6903 2 2 0 4 1511 1512 1510
6904 2 2 0 4 1472 1745 1471
6905 2 2 0 4 1497 1499 1498
6906 2 2 0 4 2171 2172 1531
6907 2 2 0 4 1454 2117 1384
6908 2 2 0 4 1753 2074 1754
6909 2 2 0 4 2133 2421 2061
6910 2 2 0 4 1237 1474 1238
6911 2 2 0 4 2114 2149 2148
6912 2 2 0 4 1039 1151 1038
6913 2 2 0 4 1125 1126 1124
6914 2 2 0 4 2170 3403 2084
6915 2 2 0 4 205 3600 204
6916 2 2 0 4 910 3906 3463
6917 2 2 0 4 844 3960 2656
6918 2 2 0 4 2140 3638 1463
6919 2 2 0 4 2147 3608 2146
6920 2 2 0 4 2313 3576 3413
6921 2 2 0 4 1375 3799 3187
6922 2 2 0 4 3187 3799 2241
6923 2 2 0 4 2414 3693 2111
6924 2 2 0 4 3510 3813 1665
6925 2 2 0 4 3149 3150 1763
6926 2 2 0 4 1250 3521 1253
6927 2 2 0 4 2336 3762 2335
6928 2 2 0 4 2834 3617 2803
6929 2 2 0 4 2616 3615 2283
6930 2 2 0 4 1725 3650 1613
6931 2 2 0 4 2497 3866 3260
6932 2 2 0 4 2779 3382 1072
6933 2 2 0 4 23 3748 722
6934 2 2 0 4 1327 3573 1218
6935 2 2 0 4 3832 3833 1743
6936 2 2 0 4 197 3911 196
6937 2 2 0 4 2650 3840 2962
6938 2 2 0 4 3267 3904 3757
6939 2 2 0 4 2742 3936 1212
6940 2 2 0 4 3340 3901 2419
6941 2 2 0 4 2587 3703 909
6942 2 2 0 4 2084 3403 3283
6943 2 2 0 4 2031 3296 2030
6944 2 2 0 4 2888 3627 2887
6945 2 2 0 4 803 3776 3631
6946 2 2 0 4 1325 3930 2554
6947 2 2 0 4 3354 3355 1389
6948 2 2 0 4 2066 3549 2130
6949 2 2 0 4 2740 3334 2739
6950 2 2 0 4 1751 3647 1752
6951 2 2 0 4 2259 3607 2262
6952 2 2 0 4 1692 3267 2239
6953 2 2 0 4 3202 3593 2225
6954 2 2 0 4 2728 3931 2724
6955 2 2 0 4 2194 3735 1459
6956 2 2 0 4 3401 3996 3791
6957 2 2 0 4 728 3724 99
6958 2 2 0 4 2270 3653 2830
6959 2 2 0 4 1491 3529 3480
6960 2 2 0 4 2017 3882 1710
6961 2 2 0 4 2022 3689 3639
6962 2 2 0 4 2830 3653 3567
6963 2 2 0 4 745 3359 178
6964 2 2 0 4 3374 3909 2162
6965 2 2 0 4 2275 3270 2729
6966 2 2 0 4 3411 3765 830
6967 2 2 0 4 2334 3723 2713
6968 2 2 0 4 2111 3016 2109
6969 2 2 0 4 2686 3647 2186
6970 2 2 0 4 3519 3657 708
6971 2 2 0 4 2440 3877 2441
6972 2 2 0 4 2269 3778 2268
6973 2 2 0 4 1698 3958 2546
6974 2 2 0 4 2131 3733 3431
6975 2 2 0 4 1967 2550 1968
6976 2 2 0 4 3072 3651 3095
6977 2 2 0 4 691 3883 3367
6978 2 2 0 4 3162 3942 2314
6979 2 2 0 4 2599 3488 2564
6980 2 2 0 4 1070 3427 1446
6981 2 2 0 4 2368 3718 3002
6982 2 2 0 4 3810 3904 3267
6983 2 2 0 4 1341 3652 1228
6984 2 2 0 4 2879 3879 2880
6985 2 2 0 4 879 4000 876
6986 2 2 0 4 3529 3908 3480
6987 2 2 0 4 2378 3609 3203
6988 2 2 0 4 3576 3684 744
6989 2 2 0 4 2280 3677 3402
6990 2 2 0 4 2681 3999 2151
6991 2 2 0 4 2276 3805 2662
6992 2 2 0 4 3307 3615 2024
6993 2 2 0 4 2283 3615 3307
6994 2 2 0 4 2209 3659 2206
6995 2 2 0 4 2288 3804 2339
6996 2 2 0 4 320 3641 321
6997 2 2 0 4 2234 3656 2981
6998 2 2 0 4 2281 3859 3224
6999 2 2 0 4 3483 3617 2834
7000 2 2 0 4 694 3998 3473
7001 2 2 0 4 2130 3549 2907
7002 2 2 0 4 2496 3511 2635
7003 2 2 0 4 1399 3416 1098
7004 2 2 0 4 2252 3874 3350
7005 2 2 0 4 1412 3515 1329
7006 2 2 0 4 1095 3416 1094
7007 2 2 0 4 2763 3481 1716
7008 2 2 0 4 3224 3481 2281
7009 2 2 0 4 932 3849 3848
7010 2 2 0 4 1741 3850 778
7011 2 2 0 4 3586 3611 1255
7012 2 2 0 4 2456 3725 3346
7013 2 2 0 4 3328 3760 1110
7014 2 2 0 4 3006 3667 2958
7015 2 2 0 4 2009 3891 3544
7016 2 2 0 4 1409 3717 1743
7017 2 2 0 4 1089 3504 1088
7018 2 2 0 4 3358 3478 2552
7019 2 2 0 4 2316 3367 2105
7020 2 2 0 4 3475 3940 3008
7021 2 2 0 4 2465 3801 2468
7022 2 2 0 4 954 3664 2510
7023 2 2 0 4 2129 3654 3221
7024 2 2 0 4 2009 3708 1475
7025 2 2 0 4 1028 2569 1029
7026 2 2 0 4 2367 3680 3071
7027 2 2 0 4 2724 3931 2723
7028 2 2 0 4 2097 3585 2095
7029 2 2 0 4 2095 3585 2098
7030 2 2 0 4 2635 3511 2621
7031 2 2 0 4 708 3657 3156
7032 2 2 0 4 1164 3861 1165
7033 2 2 0 4 1280 3751 1282
7034 2 2 0 4 3439 3922 2194
7035 2 2 0 4 1895 3990 2865
7036 2 2 0 4 1301 3720 3459
7037 2 2 0 4 228 3675 227
7038 2 2 0 4 3070 3844 3347
7039 2 2 0 4 2160 3431 1484
7040 2 2 0 4 2374 3817 3321
7041 2 2 0 4 1961 3826 3450
7042 2 2 0 4 2247 3797 3318
7043 2 2 0 4 822 3365 827
7044 2 2 0 4 1557 3685 1600
7045 2 2 0 4 2553 3729 3728
7046 2 2 0 4 3036 3686 3027
7047 2 2 0 4 1942 3786 1938
7048 2 2 0 4 2032 3979 2034
7049 2 2 0 4 1646 3978 1648
7050 2 2 0 4 2551 3977 2200
7051 2 2 0 4 2652 3923 3863
7052 2 2 0 4 2383 3889 2736
7053 2 2 0 4 1025 3872 3645
7054 2 2 0 4 2534 3904 3810
7055 2 2 0 4 900 2707 899
7056 2 2 0 4 1058 2708 1057
7057 2 2 0 4 938 2709 937
7058 2 2 0 4 2126 3478 3358
7059 2 2 0 4 2869 3690 2870
7060 2 2 0 4 2722 3956 3562
7061 2 2 0 4 2192 3692 2237
7062 2 2 0 4 3002 3718 776
7063 2 2 0 4 1909 3371 3370
7064 2 2 0 4 2310 3826 3465
7065 2 2 0 4 3561 4000 3560
7066 2 2 0 4 808 3568 1239
7067 2 2 0 4 2058 3988 3255
7068 2 2 0 4 3120 3804 2288
7069 2 2 0 4 3625 3981 2425
7070 2 2 0 4 2553 3607 2257
7071 2 2 0 4 132 3774 3292
7072 2 2 0 4 46 3696 45
7073 2 2 0 4 1212 3936 3225
7074 2 2 0 4 2400 3863 2046
7075 2 2 0 4 744 3684 3155
7076 2 2 0 4 2569 3697 3320
7077 2 2 0 4 2795 3217 1517
7078 2 2 0 4 764 3937 3580
7079 2 2 0 4 2595 3561 3560
7080 2 2 0 4 1358 3676 3177
7081 2 2 0 4 704 3695 222
7082 2 2 0 4 691 3975 187
7083 2 2 0 4 1393 3655 1341
7084 2 2 0 4 965 3669 267
7085 2 2 0 4 1022 3620 1451
7086 2 2 0 4 3221 3645 2129
7087 2 2 0 4 109 3707 108
7088 2 2 0 4 2643 3917 2645
7089 2 2 0 4 2713 3981 1486
7090 2 2 0 4 1080 3698 1113
7091 2 2 0 4 2723 3931 2720
7092 2 2 0 4 2120 3753 2058
7093 2 2 0 4 3723 3898 2427
7094 2 2 0 4 793 3530 2781
7095 2 2 0 4 1677 3976 3358
7096 2 2 0 4 1032 3620 1024
7097 2 2 0 4 196 3911 685
7098 2 2 0 4 2391 3802 2267
7099 2 2 0 4 3390 3729 2553
7100 2 2 0 4 3258 3914 1972
7101 2 2 0 4 2369 3718 2368
7102 2 2 0 4 809 3568 808
7103 2 2 0 4 3507 3508 2145
7104 2 2 0 4 3283 3403 2655
7105 2 2 0 4 2062 3876 3376
7106 2 2 0 4 2001 3986 2402
7107 2 2 0 4 1112 3722 3328
7108 2 2 0 4 1460 3717 1409
7109 2 2 0 4 3443 3814 2340
7110 2 2 0 4 3221 3654 2177
7111 2 2 0 4 3561 3845 878
7112 2 2 0 4 3462 3798 2296
7113 2 2 0 4 1886 3538 3289
7114 2 2 0 4 3099 3945 2339
7115 2 2 0 4 796 3849 932
7116 2 2 0 4 3326 3780 1628
7117 2 2 0 4 1995 3614 2352
7118 2 2 0 4 2233 3726 2661
7119 2 2 0 4 2370 3894 1931
7120 2 2 0 4 2919 3727 2922
7121 2 2 0 4 3446 3466 3122
7122 2 2 0 4 2344 3466 3446
7123 2 2 0 4 1743 3833 1424
7124 2 2 0 4 3436 3458 2838
7125 2 2 0 4 3293 3768 9
7126 2 2 0 4 285 3716 5
7127 2 2 0 4 3378 3696 2807
7128 2 2 0 4 114 3767 3294
7129 2 2 0 4 2915 3739 2918
7130 2 2 0 4 163 3725 162
7131 2 2 0 4 2127 3468 2333
7132 2 2 0 4 2390 3622 3276
7133 2 2 0 4 3462 3843 1357
7134 2 2 0 4 3391 3729 3390
7135 2 2 0 4 3415 3762 2336
7136 2 2 0 4 3398 3591 2025
7137 2 2 0 4 3863 3923 2054
7138 2 2 0 4 1189 3834 1190
7139 2 2 0 4 2507 3914 2675
7140 2 2 0 4 2630 3738 2522
7141 2 2 0 4 783 2789 2576
7142 2 2 0 4 3467 3816 3231
7143 2 2 0 4 2557 3756 2229
7144 2 2 0 4 3062 3758 2413
7145 2 2 0 4 3452 3464 1672
7146 2 2 0 4 2552 3464 3452
7147 2 2 0 4 239 3730 240
7148 2 2 0 4 2205 3659 3445
7149 2 2 0 4 2239 3757 2599
7150 2 2 0 4 2733 3807 1426
7151 2 2 0 4 3173 3943 2141
7152 2 2 0 4 775 3784 115
7153 2 2 0 4 2076 3919 2884
7154 2 2 0 4 721 3737 91
7155 2 2 0 4 3417 3838 3418
7156 2 2 0 4 2485 3765 2772
7157 2 2 0 4 2132 3794 2429
7158 2 2 0 4 34 3752 33
7159 2 2 0 4 996 3933 2835
7160 2 2 0 4 2589 3953 2590
7161 2 2 0 4 3152 3736 774
7162 2 2 0 4 3198 3913 1699
7163 2 2 0 4 2312 3781 3304
7164 2 2 0 4 2292 3843 3462
7165 2 2 0 4 123 3768 3012
7166 2 2 0 4 776 3767 124
7167 2 2 0 4 1426 3666 1427
7168 2 2 0 4 207 3764 206
7169 2 2 0 4 1423 3643 3144
7170 2 2 0 4 2204 3772 3196
7171 2 2 0 4 3453 3624 2203
7172 2 2 0 4 2423 3834 3621
7173 2 2 0 4 221 3932 220
7174 2 2 0 4 2024 3591 2325
7175 2 2 0 4 3707 3812 108
7176 2 2 0 4 732 3921 3819
7177 2 2 0 4 1693 3809 3336
7178 2 2 0 4 3336 3809 3334
7179 2 2 0 4 690 3870 3731
7180 2 2 0 4 2428 3948 3610
7181 2 2 0 4 3824 3942 718
7182 2 2 0 4 2093 3742 2097
7183 2 2 0 4 1911 3785 1907
7184 2 2 0 4 2717 3780 2272
7185 2 2 0 4 2381 3743 1914
7186 2 2 0 4 2787 3536 1383
7187 2 2 0 4 1699 3830 820
7188 2 2 0 4 793 3928 3530
7189 2 2 0 4 725 3766 47
7190 2 2 0 4 1647 3658 1170
7191 2 2 0 4 3223 3488 697
7192 2 2 0 4 3504 3795 1088
7193 2 2 0 4 145 3779 144
7194 2 2 0 4 3292 3642 773
7195 2 2 0 4 1255 3611 1256
7196 2 2 0 4 2336 3606 3337
7197 2 2 0 4 916 3760 3308
7198 2 2 0 4 2457 3763 3321
7199 2 2 0 4 2577 3286 2266
7200 2 2 0 4 2664 3988 3231
7201 2 2 0 4 1042 3622 1045
7202 2 2 0 4 2022 3894 3689
7203 2 2 0 4 777 3774 133
7204 2 2 0 4 3155 3886 777
7205 2 2 0 4 1308 3532 3434
7206 2 2 0 4 2458 3855 3207
7207 2 2 0 4 184 3870 690
7208 2 2 0 4 3704 3710 2636
7209 2 2 0 4 2420 3710 3704
7210 2 2 0 4 839 3935 842
7211 2 2 0 4 782 2789 783
7212 2 2 0 4 1930 3894 2022
7213 2 2 0 4 3004 3814 740
7214 2 2 0 4 3152 3825 3736
7215 2 2 0 4 2373 3987 2456
7216 2 2 0 4 3308 3760 3328
7217 2 2 0 4 1356 3818 2451
7218 2 2 0 4 2845 3705 3658
7219 2 2 0 4 1329 3837 1307
7220 2 2 0 4 2572 3819 2570
7221 2 2 0 4 1710 3882 1750
7222 2 2 0 4 2580 3824 2582
7223 2 2 0 4 2060 3775 2670
7224 2 2 0 4 2061 3775 2060
7225 2 2 0 4 1245 3827 2856
7226 2 2 0 4 2025 3867 782
7227 2 2 0 4 240 3788 241
7228 2 2 0 4 711 3869 153
7229 2 2 0 4 3154 3997 3921
7230 2 2 0 4 3476 3634 1950
7231 2 2 0 4 1457 3400 1456
7232 2 2 0 4 3772 3899 2381
7233 2 2 0 4 108 3812 107
7234 2 2 0 4 34 3854 3752
7235 2 2 0 4 2112 3831 2414
7236 2 2 0 4 929 3797 3646
7237 2 2 0 4 1297 3517 1299
7238 2 2 0 4 2372 3857 2826
7239 2 2 0 4 3663 3896 2646
7240 2 2 0 4 2286 3896 3663
7241 2 2 0 4 2318 3845 2320
7242 2 2 0 4 2403 3638 3426
7243 2 2 0 4 2793 3941 2173
7244 2 2 0 4 207 3885 3764
7245 2 2 0 4 2441 3877 3272
7246 2 2 0 4 2781 3999 2471
7247 2 2 0 4 2395 3910 3860
7248 2 2 0 4 2387 3785 1911
7249 2 2 0 4 3285 3962 1532
7250 2 2 0 4 1937 3257 2459
7251 2 2 0 4 2501 3759 3612
7252 2 2 0 4 1949 3790 1440
7253 2 2 0 4 2142 3871 2144
7254 2 2 0 4 1931 3894 1930
7255 2 2 0 4 3819 3921 2570
7256 2 2 0 4 2010 3891 2009
7257 2 2 0 4 3166 3844 3167
7258 2 2 0 4 3084 3876 2062
7259 2 2 0 4 1248 3521 1250
7260 2 2 0 4 2882 3879 2878
7261 2 2 0 4 1045 3622 2390
7262 2 2 0 4 2725 3937 2727
7263 2 2 0 4 2580 3942 3824
7264 2 2 0 4 2827 3665 2236
7265 2 2 0 4 3170 3596 1067
7266 2 2 0 4 2178 3552 2176
7267 2 2 0 4 3921 3997 2284
7268 2 2 0 4 1427 3747 1945
7269 2 2 0 4 1008 3857 1009
7270 2 2 0 4 2444 3795 3177
7271 2 2 0 4 2788 3782 1443
7272 2 2 0 4 35 3854 34
7273 2 2 0 4 161 3828 719
7274 2 2 0 4 3288 3459 2469
7275 2 2 0 4 3413 3576 744
7276 2 2 0 4 1349 3898 1428
7277 2 2 0 4 230 3868 229
7278 2 2 0 4 1443 3782 1739
7279 2 2 0 4 208 3885 207
7280 2 2 0 4 1726 3938 1452
7281 2 2 0 4 2155 3610 2072
7282 2 2 0 4 1218 3573 1220
7283 2 2 0 4 1378 3856 3363
7284 2 2 0 4 1424 3833 1761
7285 2 2 0 4 741 3825 3152
7286 2 2 0 4 2362 3900 3681
7287 2 2 0 4 2401 3787 3455
7288 2 2 0 4 2366 3915 2365
7289 2 2 0 4 2022 3679 2409
7290 2 2 0 4 2570 3921 2284
7291 2 2 0 4 1275 3480 1273
7292 2 2 0 4 2286 3700 3272
7293 2 2 0 4 3426 3638 2140
7294 2 2 0 4 3154 3921 732
7295 2 2 0 4 3278 3530 2153
7296 2 2 0 4 2452 3949 3438
7297 2 2 0 4 1282 3751 1316
7298 2 2 0 4 1636 3939 2786
7299 2 2 0 4 941 3983 943
7300 2 2 0 4 3623 3783 2387
7301 2 2 0 4 3463 3906 2495
7302 2 2 0 4 1601 3889 2383
7303 2 2 0 4 2314 3942 2580
7304 2 2 0 4 2101 2356 2180
7305 2 2 0 4 2287 2377 2026
7306 2 2 0 4 2792 3886 3684
7307 2 2 0 4 2266 3286 2269
7308 2 2 0 4 2933 3947 2960
7309 2 2 0 4 1602 3995 1601
7310 2 2 0 4 2003 3976 1677
7311 2 2 0 4 2394 3963 2393
7312 2 2 0 4 2411 3968 2412
7313 2 2 0 4 1193 3516 1195
7314 2 2 0 4 3506 3787 2401
7315 2 2 0 4 2029 3787 3506
7316 2 2 0 4 1486 3722 1112
7317 2 2 0 4 1953 3971 3031
7318 2 2 0 4 3479 3537 2271
7319 2 2 0 4 2668 3982 2230
7320 2 2 0 4 2325 3591 3398
7321 2 2 0 4 718 3942 3162
7322 2 2 0 4 3385 3928 3211
7323 2 2 0 4 2090 3554 3055
7324 2 2 0 4 3109 3989 3108
7325 2 2 0 4 1991 3614 1995
7326 2 2 0 4 1894 3990 1895
7327 2 2 0 4 2284 3997 3172
7328 2 2 0 4 1665 3813 1667
7329 2 2 0 4 1764 3897 2606
7330 2 2 0 4 1434 3991 1437
7331 2 2 0 4 1701 3792 1388
7332 2 2 0 4 1388 3792 1389
7333 2 2 0 4 1401 3926 1399
7334 2 2 0 4 3211 3928 793
7335 2 2 0 4 2638 3557 961
7336 2 2 0 4 1759 3954 1760
7337 2 2 0 4 176 3905 688
7338 2 2 0 4 3885 3989 3109
7339 2 2 0 4 3145 3902 2324
7340 2 2 0 4 3429 3534 3171
7341 2 2 0 4 3113 3512 3115
7342 2 2 0 4 14 3946 13
7343 2 2 0 4 77 3951 76
7344 2 2 0 4 1031 2569 1028
7345 2 2 0 4 1092 3504 1089
7346 2 2 0 4 3383 3974 1744
7347 2 2 0 4 1067 3956 3170
7348 2 2 0 4 1416 3515 1412
7349 2 2 0 4 1078 3781 3219
7350 2 2 0 4 2478 3967 3169
7351 2 2 0 4 2960 3947 3812
7352 2 2 0 4 3292 3774 777
7353 2 2 0 4 1102 2277 1099
7354 2 2 0 4 1097 1098 1095
7355 2 2 0 4 1073 1074 1071
7356 2 2 0 4 985 2389 981
7357 2 2 0 4 964 977 962
7358 2 2 0 4 869 2388 866
7359 2 2 0 4 3480 3550 1273
7360 2 2 0 4 2440 3905 2181
7361 2 2 0 4 3194 3957 2300
7362 2 2 0 4 1704 3920 3243
7363 2 2 0 4 3172 3997 758
7364 2 2 0 4 3445 3659 2578
7365 2 2 0 4 3384 3784 775
7366 2 2 0 4 1074 3535 3427
7367 2 2 0 4 1717 3380 2282
7368 2 2 0 4 3175 3917 2643
7369 2 2 0 4 758 3997 3154
7370 2 2 0 4 2790 3234 2332
7371 2 2 0 4 2280 3880 3678
7372 2 2 0 4 3237 3972 2357
7373 2 2 0 4 1115 3972 3237
7374 2 2 0 4 823 3776 806
7375 2 2 0 4 2115 3264 3263
7376 2 2 0 4 1034 3523 2089
7377 2 2 0 4 318 3906 910
7378 2 2 0 4 3188 3816 3815
7379 2 2 0 4 2008 3568 813
7380 2 2 0 4 1399 3926 3416
7381 2 2 0 4 3318 3797 929
7382 2 2 0 4 942 2709 938
7383 2 2 0 4 1061 2708 1058
7384 2 2 0 4 903 2707 900
7385 2 2 0 4 3171 3534 1135
7386 2 2 0 4 1435 2788 1443
7387 2 2 0 4 2235 2789 2616
7388 2 2 0 4 1135 2248 1075
7389 2 2 0 4 1691 2243 1662
7390 2 2 0 4 2050 2242 2047
7391 2 2 0 4 1679 2846 1649
7392 2 2 0 4 768 3668 3577
7393 2 2 0 4 2277 3970 2694
7394 2 2 0 4 3489 3795 2444
7395 2 2 0 4 3420 3934 2341
7396 2 2 0 4 1309 3532 1308
7397 2 2 0 4 1417 1686 1416
7398 2 2 0 4 1109 1111 1110
7399 2 2 0 4 1093 1094 1092
7400 2 2 0 4 2153 3928 3385
7401 2 2 0 4 690 3731 3289
7402 2 2 0 4 2051 2052 2050
7403 2 2 0 4 1236 2843 1237
7404 2 2 0 4 2083 3536 2787
7405 2 2 0 4 816 2008 813
7406 2 2 0 4 2011 2086 2012
7407 2 2 0 4 1958 2063 1957
7408 2 2 0 4 1369 1390 1158
7409 2 2 0 4 906 907 905
7410 2 2 0 4 817 2188 816
7411 2 2 0 4 969 1360 967
7412 2 2 0 4 876 878 872
7413 2 2 0 4 1603 1606 1604
7414 2 2 0 4 2486 2755 2484
7415 2 2 0 4 2187 2687 2686
7416 2 2 0 4 947 1040 944
7417 2 2 0 4 1065 1067 1063
7418 2 2 0 4 1392 2143 2142
7419 2 2 0 4 2127 2333 2331
7420 2 2 0 4 1654 3538 1652
7421 2 2 0 4 2042 3539 2038
7422 2 2 0 4 1150 1456 1138
7423 2 2 0 4 993 2030 991
7424 2 2 0 4 1069 1070 1068
7425 2 2 0 4 1049 1484 1483
7426 2 2 0 4 1161 1698 1697
7427 2 2 0 4 974 976 972
7428 2 2 0 4 884 886 882
7429 2 2 0 4 914 1169 825
7430 2 2 0 4 979 980 978
7431 2 2 0 4 957 1167 955
7432 2 2 0 4 1756 2181 2059
7433 2 2 0 4 1251 2874 1266
7434 2 2 0 4 1888 2884 2883
7435 2 2 0 4 2883 2884 1267
7436 2 2 0 4 960 961 958
7437 2 2 0 4 1154 1159 1147
7438 2 2 0 4 915 1342 890
7439 2 2 0 4 1994 2064 1999
7440 2 2 0 4 1268 1361 1270
7441 2 2 0 4 2961 2997 1191
7442 2 2 0 4 2941 2942 2940
7443 2 2 0 4 1202 3546 2961
7444 2 2 0 4 1287 3545 1900
7445 2 2 0 4 2984 2985 1202
7446 2 2 0 4 862 863 861
7447 2 2 0 4 1215 3551 1302
7448 2 2 0 4 1210 3542 2908
7449 2 2 0 4 1304 2926 2925
7450 2 2 0 4 2963 3312 865
7451 2 2 0 4 1191 2997 2947
7452 2 2 0 4 2907 3549 1208
7453 2 2 0 4 1752 3553 1391
7454 2 2 0 4 1205 2972 2946
7455 2 2 0 4 1328 1889 1888
7456 2 2 0 4 874 3263 3030
7457 2 2 0 4 1215 1302 1214
7458 2 2 0 4 1391 1407 1317
7459 2 2 0 4 1276 1278 1275
7460 2 2 0 4 861 875 859
7461 2 2 0 4 3054 3554 1328
7462 2 2 0 4 1210 2908 2907
7463 2 2 0 4 2971 3064 840
7464 2 2 0 4 2970 2971 840
7465 2 2 0 4 875 3547 859
7466 2 2 0 4 1287 1900 1305
7467 2 2 0 4 1268 3550 1361
7468 2 2 0 4 1276 3543 1278
7469 2 2 0 4 2947 3016 1187
7470 2 2 0 4 2946 2972 2941
7471 2 2 0 4 2905 3548 1207
7472 2 2 0 4 1208 2906 2905
7473 2 2 0 4 1187 3016 2978
7474 2 2 0 4 1350 3055 3054
7475 2 2 0 4 1207 3544 2984
7476 2 2 0 4 1267 2874 1251
7477 2 2 0 4 3057 3098 3096
7478 2 2 0 4 3096 3098 1209
7479 2 2 0 4 1209 3556 1154
7480 2 2 0 4 3100 3555 1166
7481 2 2 0 4 1166 3232 3105
7482 2 2 0 4 958 3557 957
7483 2 2 0 4 1159 3119 1147
7484 2 2 0 4 3113 3115 3114
7485 2 2 0 4 3106 3558 1002
7486 2 2 0 4 1659 1660 1658
7487 2 2 0 4 1342 3110 890
7488 2 2 0 4 1658 3540 1656
7489 2 2 0 4 1002 3233 3117
7490 2 2 0 4 3118 3451 1168
7491 2 2 0 4 2045 2046 2044
7492 2 2 0 4 1508 1510 1509
7493 2 2 0 4 3114 3541 3127
7494 2 2 0 4 3119 3559 3118
7495 2 2 0 4 1656 1661 1654
7496 2 2 0 4 2044 2054 2042
7497 2 2 0 4 1506 3479 1508
7498 2 2 0 4 1167 3128 955
7499 2 2 0 4 886 3560 882
7500 2 2 0 4 1716 3481 3130
7501 2 2 0 4 3130 3131 1663
7502 2 2 0 4 1504 3537 1506
7503 2 2 0 4 1428 1701 1388
7504 2 2 0 4 1606 3563 1604
7505 2 2 0 4 1470 1471 1469
7506 2 2 0 4 2038 2039 2037
7507 2 2 0 4 1652 1886 1651
7508 2 2 0 4 817 3564 2188
7509 2 2 0 4 2661 3356 2543
7510 2 2 0 4 1388 1389 1348
7511 2 2 0 4 1443 1739 1444
7512 2 2 0 4 1495 1497 1496
7513 2 2 0 4 2310 2311 2083
7514 2 2 0 4 1503 1531 1504
7515 2 2 0 4 2407 3365 2785
7516 2 2 0 4 1353 1384 1309
7517 2 2 0 4 1068 3562 1065
7518 2 2 0 4 1169 3564 825
7519 2 2 0 4 2086 3565 2012
7520 2 2 0 4 2629 3688 3687
7521 2 2 0 4 3687 3688 2330
7522 2 2 0 4 2060 2670 2669
7523 2 2 0 4 972 3566 969
7524 2 2 0 4 1403 1404 1402
7525 2 2 0 4 2037 2040 2035
7526 2 2 0 4 1651 1679 1649
7527 2 2 0 4 1734 2430 1733
7528 2 2 0 4 1718 1753 1719
7529 2 2 0 4 1437 1438 1436
7530 2 2 0 4 1133 1134 1130
7531 2 2 0 4 989 3949 257
7532 2 2 0 4 1760 2061 2060
7533 2 2 0 4 1236 1237 1235
7534 2 2 0 4 1758 2114 2113
7535 2 2 0 4 2184 2425 2424
7536 2 2 0 4 1035 1038 1034
7537 2 2 0 4 1402 1420 1401
7538 2 2 0 4 1123 1124 1122
7539 2 2 0 4 1373 1490 1374
7540 2 2 0 4 2576 2789 2235
7541 2 2 0 4 1448 1720 1718
7542 2 2 0 4 1436 2788 1435
7543 2 2 0 4 2151 2781 2152
7544 2 2 0 4 1130 1131 1129
7545 2 2 0 4 2484 3569 2483
7546 2 2 0 4 1417 3572 1686
7547 2 2 0 4 3131 3572 1663
7548 2 2 0 4 2329 3840 2650
7549 2 2 0 4 1711 3147 1691
7550 2 2 0 4 1940 3786 2943
7551 2 2 0 4 3646 3797 2246
7552 2 2 0 4 2660 3147 1711
7553 2 2 0 4 3012 3768 3293
7554 2 2 0 4 1111 3599 3191
7555 2 2 0 4 3189 3566 976
7556 2 2 0 4 2241 3741 1754
7557 2 2 0 4 1153 3523 1038
7558 2 2 0 4 3294 3767 776
7559 2 2 0 4 2118 3532 1384
7560 2 2 0 4 2271 3537 1531
7561 2 2 0 4 1889 3554 2090
7562 2 2 0 4 2152 3530 3278
7563 2 2 0 4 1963 3517 3168
7564 2 2 0 4 2405 3574 2423
7565 2 2 0 4 3225 3936 2743
7566 2 2 0 4 3450 3826 2310
7567 2 2 0 4 3190 3952 2561
7568 2 2 0 4 3435 3630 963
7569 2 2 0 4 2196 3573 3391
7570 2 2 0 4 2356 2683 2180
7571 2 2 0 4 3676 3973 2363
7572 2 2 0 4 1679 2847 2846
7573 2 2 0 4 3663 3700 2286
7574 2 2 0 4 1753 3761 2074
7575 2 2 0 4 977 2549 962
7576 2 2 0 4 2027 3624 3453
7577 2 2 0 4 985 3603 2389
7578 2 2 0 4 1102 3604 2277
7579 2 2 0 4 3191 3599 1390
7580 2 2 0 4 1074 3427 1071
7581 2 2 0 4 2030 3603 991
7582 2 2 0 4 1456 3604 1138
7583 2 2 0 4 1135 2249 2248
7584 2 2 0 4 1691 2244 2243
7585 2 2 0 4 3149 3694 3602
7586 2 2 0 4 1686 1687 1416
7587 2 2 0 4 1111 1112 1110
7588 2 2 0 4 1094 1358 1092
7589 2 2 0 4 1369 1410 1390
7590 2 2 0 4 907 916 905
7591 2 2 0 4 1603 2285 1606
7592 2 2 0 4 2687 2688 2686
7593 2 2 0 4 2187 2689 2687
7594 2 2 0 4 1392 2419 2143
7595 2 2 0 4 2143 3213 2142
7596 2 2 0 4 1150 1457 1456
7597 2 2 0 4 993 2031 2030
7598 2 2 0 4 1070 1445 1068
7599 2 2 0 4 1484 2232 1483
7600 2 2 0 4 1698 2546 1697
7601 2 2 0 4 884 2448 886
7602 2 2 0 4 914 1170 1169
7603 2 2 0 4 957 1432 1167
7604 2 2 0 4 1756 2440 2181
7605 2 2 0 4 915 1343 1342
7606 2 2 0 4 1994 2554 2064
7607 2 2 0 4 1361 1488 1270
7608 2 2 0 4 3263 3264 3030
7609 2 2 0 4 1278 1491 1275
7610 2 2 0 4 1407 2176 1317
7611 2 2 0 4 1900 1901 1305
7612 2 2 0 4 2064 3382 1999
7613 2 2 0 4 1889 1890 1888
7614 2 2 0 4 1302 1459 1214
7615 2 2 0 4 3098 3099 1209
7616 2 2 0 4 1159 3120 3119
7617 2 2 0 4 1508 1511 1510
7618 2 2 0 4 3130 3224 3131
7619 2 2 0 4 1471 2359 1469
7620 2 2 0 4 1470 1472 1471
7621 2 2 0 4 1739 1740 1444
7622 2 2 0 4 1497 1498 1496
7623 2 2 0 4 1495 1619 1497
7624 2 2 0 4 1503 2171 1531
7625 2 2 0 4 1353 1454 1384
7626 2 2 0 4 1753 1754 1719
7627 2 2 0 4 1438 1947 1436
7628 2 2 0 4 1760 2133 2061
7629 2 2 0 4 1237 1238 1235
7630 2 2 0 4 2114 2148 2113
7631 2 2 0 4 1035 1039 1038
7632 2 2 0 4 1123 1125 1124
7633 2 2 0 4 1490 1688 1374
7634 2 2 0 4 1031 3613 2569
7635 2 2 0 4 2786 3939 3222
7636 2 2 0 4 3222 3939 2749
7637 2 2 0 4 2740 3996 3335
7638 2 2 0 4 1451 3816 3467
7639 2 2 0 4 905 3595 903
7640 2 2 0 4 1063 3596 1061
7641 2 2 0 4 1744 3594 3116
7642 2 2 0 4 3699 3887 2057
7643 2 2 0 4 944 3598 942
7644 2 2 0 4 2063 3822 1957
7645 2 2 0 4 1158 3599 1109
7646 2 2 0 4 3402 3701 1337
7647 2 2 0 4 2039 3821 3254
7648 2 2 0 4 3212 3940 2163
7649 2 2 0 4 3332 3734 2817
7650 2 2 0 4 3195 3386 1371
7651 2 2 0 4 2473 3719 3490
7652 2 2 0 4 3363 3856 3395
7653 2 2 0 4 3308 3595 916
7654 2 2 0 4 3821 3923 2476
7655 2 2 0 4 2268 3778 3319
7656 2 2 0 4 3435 3822 2063
7657 2 2 0 4 1497 3903 1499
7658 2 2 0 4 3623 3884 851
7659 2 2 0 4 2386 3884 3623
7660 2 2 0 4 3116 3594 2763
7661 2 2 0 4 1131 3259 1129
7662 2 2 0 4 3208 3516 2405
7663 2 2 0 4 2285 3217 2795
7664 2 2 0 4 2249 3534 3502
7665 2 2 0 4 2690 3431 3422
7666 2 2 0 4 1517 3217 1540
7667 2 2 0 4 3320 3697 2232
7668 2 2 0 4 3514 3924 2397
7669 2 2 0 4 3218 3521 2191
7670 2 2 0 4 3321 3763 934
7671 2 2 0 4 714 3932 3727
7672 2 2 0 4 1740 3732 2121
7673 2 2 0 4 3684 3886 3155
7674 2 2 0 4 3304 3781 1078
7675 2 2 0 4 3255 3988 2664
7676 2 2 0 4 2281 3481 2763
7677 2 2 0 4 2170 3746 3403
7678 2 2 0 4 1407 3553 3221
7679 2 2 0 4 2375 3701 2278
7680 2 2 0 4 1957 3822 3257
7681 2 2 0 4 2621 3511 2620
7682 2 2 0 4 2729 3270 2546
7683 2 2 0 4 3357 3935 3237
7684 2 2 0 4 2348 3625 2184
7685 2 2 0 4 872 3629 869
7686 2 2 0 4 967 3628 964
7687 2 2 0 4 1540 3217 1603
7688 2 2 0 4 3610 3948 2665
7689 2 2 0 4 3672 3957 3194
7690 2 2 0 4 3056 3632 3057
7691 2 2 0 4 2677 3897 1764
7692 2 2 0 4 3352 3754 1153
7693 2 2 0 4 1732 3895 3547
7694 2 2 0 4 1939 3257 1937
7695 2 2 0 4 2865 3990 3389
7696 2 2 0 4 2257 3607 2259
7697 2 2 0 4 1005 3234 2790
7698 2 2 0 4 2736 3889 2550
7699 2 2 0 4 1389 3715 1348
7700 2 2 0 4 1754 3741 3673
7701 2 2 0 4 3394 3850 1741
7702 2 2 0 4 946 3770 3351
7703 2 2 0 4 2874 3919 2746
7704 2 2 0 4 2593 3643 2309
7705 2 2 0 4 1124 3709 1359
7706 2 2 0 4 722 3748 3651
7707 2 2 0 4 1024 3620 1022
7708 2 2 0 4 1300 3720 1293
7709 2 2 0 4 3367 3771 691
7710 2 2 0 4 2550 3500 1968
7711 2 2 0 4 3889 3995 2550
7712 2 2 0 4 3671 3985 1303
7713 2 2 0 4 3636 3931 2728
7714 2 2 0 4 2285 3896 2286
7715 2 2 0 4 2694 3970 3400
7716 2 2 0 4 3772 3773 1323
7717 2 2 0 4 2970 3745 2777
7718 2 2 0 4 2335 3471 2334
7719 2 2 0 4 3321 3817 2457
7720 2 2 0 4 3251 3887 2120
7721 2 2 0 4 3627 3724 728
7722 2 2 0 4 2521 3666 2541
7723 2 2 0 4 1406 3655 1393
7724 2 2 0 4 3088 3753 3087
7725 2 2 0 4 3558 3699 2057
7726 2 2 0 4 3334 3809 2085
7727 2 2 0 4 2498 3938 3588
7728 2 2 0 4 1957 3257 1939
7729 2 2 0 4 3286 3712 2269
7730 2 2 0 4 1327 3729 3391
7731 2 2 0 4 3224 3859 1103
7732 2 2 0 4 2600 3985 3671
7733 2 2 0 4 3358 3976 2435
7734 2 2 0 4 2419 3961 2676
7735 2 2 0 4 3555 3702 2827
7736 2 2 0 4 1082 3698 1080
7737 2 2 0 4 3447 3982 754
7738 2 2 0 4 2054 3923 3539
7739 2 2 0 4 3290 3918 1971
7740 2 2 0 4 3064 3665 923
7741 2 2 0 4 1697 3270 3186
7742 2 2 0 4 3482 3799 2681
7743 2 2 0 4 2241 3799 3482
7744 2 2 0 4 2627 3957 3672
7745 2 2 0 4 1357 3798 3462
7746 2 2 0 4 714 3739 3497
7747 2 2 0 4 1463 3638 1404
7748 2 2 0 4 1741 3775 3394
7749 2 2 0 4 1126 3709 1124
7750 2 2 0 4 2163 3940 3475
7751 2 2 0 4 1428 3471 1701
7752 2 2 0 4 2439 3851 3529
7753 2 2 0 4 3577 3668 2917
7754 2 2 0 4 3587 3588 1726
7755 2 2 0 4 3186 3270 2275
7756 2 2 0 4 2786 3222 2171
7757 2 2 0 4 1750 3882 3262
7758 2 2 0 4 238 3784 3384
7759 2 2 0 4 1440 3790 1438
7760 2 2 0 4 2427 3981 3723
7761 2 2 0 4 3723 3981 2713
7762 2 2 0 4 2002 3865 1169
7763 2 2 0 4 1387 3925 3344
7764 2 2 0 4 2978 3693 1205
7765 2 2 0 4 1361 3908 2128
7766 2 2 0 4 696 3762 3415
7767 2 2 0 4 1483 3697 3613
7768 2 2 0 4 3406 3677 1720
7769 2 2 0 4 3102 3699 3106
7770 2 2 0 4 923 3702 3100
7771 2 2 0 4 2902 3994 3736
7772 2 2 0 4 2151 3999 2781
7773 2 2 0 4 3713 3807 2733
7774 2 2 0 4 3442 3755 3139
7775 2 2 0 4 2402 3986 3353
7776 2 2 0 4 1383 3794 2787
7777 2 2 0 4 3602 3694 835
7778 2 2 0 4 3296 3969 2030
7779 2 2 0 4 876 4000 878
7780 2 2 0 4 3375 3851 927
7781 2 2 0 4 740 3814 3443
7782 2 2 0 4 1914 3743 1916
7783 2 2 0 4 2354 3611 3586
7784 2 2 0 4 2512 3679 3639
7785 2 2 0 4 1601 3995 3889
7786 2 2 0 4 2360 3881 3649
7787 2 2 0 4 3387 3598 1040
7788 2 2 0 4 3455 3787 2305
7789 2 2 0 4 3838 3839 2563
7790 2 2 0 4 2562 3839 3838
7791 2 2 0 4 2595 3934 3561
7792 2 2 0 4 2128 3908 3529
7793 2 2 0 4 1358 3973 3676
7794 2 2 0 4 3677 3678 1720
7795 2 2 0 4 3301 3892 1134
7796 2 2 0 4 806 3776 803
7797 2 2 0 4 1438 3790 1947
7798 2 2 0 4 2309 3721 2287
7799 2 2 0 4 2278 3701 3405
7800 2 2 0 4 1744 3974 3594
7801 2 2 0 4 1293 3720 1301
7802 2 2 0 4 1731 3808 3420
7803 2 2 0 4 692 3850 3394
7804 2 2 0 4 1491 3480 1275
7805 2 2 0 4 3514 3628 1360
7806 2 2 0 4 3580 3937 2725
7807 2 2 0 4 3421 3422 2160
7808 2 2 0 4 977 3628 3514
7809 2 2 0 4 3522 3824 718
7810 2 2 0 4 3815 3816 1451
7811 2 2 0 4 1947 2788 1436
7812 2 2 0 4 1508 3479 1511
7813 2 2 0 4 1890 2884 1888
7814 2 2 0 4 3099 3556 1209
7815 2 2 0 4 957 3557 1432
7816 2 2 0 4 3120 3559 3119
7817 2 2 0 4 3130 3481 3224
7818 2 2 0 4 1445 3562 1068
7819 2 2 0 4 1358 3504 1092
7820 2 2 0 4 2562 3838 3417
7821 2 2 0 4 2301 3907 3183
7822 2 2 0 4 3528 3861 1164
7823 2 2 0 4 3371 3785 2387
7824 2 2 0 4 1687 3515 1416
7825 2 2 0 4 916 3595 905
7826 2 2 0 4 2972 3693 2414
7827 2 2 0 4 1691 3147 2244
7828 2 2 0 4 732 3819 3571
7829 2 2 0 4 1135 3534 2249
7830 2 2 0 4 3459 3720 2469
7831 2 2 0 4 3087 3753 3103
7832 2 2 0 4 805 3888 3597
7833 2 2 0 4 3597 3888 2351
7834 2 2 0 4 2546 3270 1697
7835 2 2 0 4 2232 3697 1483
7836 2 2 0 4 1603 3217 2285
7837 2 2 0 4 3639 3679 2022
7838 2 2 0 4 2888 3724 3627
7839 2 2 0 4 2269 3712 3711
7840 2 2 0 4 3711 3712 2445
7841 2 2 0 4 3750 3751 2602
7842 2 2 0 4 3368 3717 1460
7843 2 2 0 4 1916 3742 2093
7844 2 2 0 4 3102 3887 3699
7845 2 2 0 4 3830 3874 2715
7846 2 2 0 4 1116 3922 3439
7847 2 2 0 4 1159 3804 3120
7848 2 2 0 4 2787 3794 2132
7849 2 2 0 4 1749 3853 3852
7850 2 2 0 4 3742 3743 2355
7851 2 2 0 4 3125 3877 2440
7852 2 2 0 4 1486 3981 3625
7853 2 2 0 4 2378 3771 3609
7854 2 2 0 4 820 3830 2785
7855 2 2 0 4 2372 3835 3654
7856 2 2 0 4 2320 3934 3420
7857 2 2 0 4 3743 3899 2355
7858 2 2 0 4 685 3911 3757
7859 2 2 0 4 2408 3806 2407
7860 2 2 0 4 3711 3778 2269
7861 2 2 0 4 3651 3748 3095
7862 2 2 0 4 3472 3925 1387
7863 2 2 0 4 3771 3975 691
7864 2 2 0 4 915 3927 1343
7865 2 2 0 4 2777 2971 2970
7866 2 2 0 4 3474 3900 2406
7867 2 2 0 4 3860 3922 1116
7868 2 2 0 4 1972 3918 3258
7869 2 2 0 4 3631 3776 3179
7870 2 2 0 4 3328 3722 2348
7871 2 2 0 4 2785 3830 2715
7872 2 2 0 4 1316 3751 3750
7873 2 2 0 4 789 3943 3173
7874 2 2 0 4 2483 3823 2487
7875 2 2 0 4 1713 3909 3374
7876 2 2 0 4 3848 3849 2565
7877 2 2 0 4 1916 3743 3742
7878 2 2 0 4 3424 3972 1115
7879 2 2 0 4 2357 3972 3424
7880 2 2 0 4 3832 3916 2711
7881 2 2 0 4 1971 3918 1972
7882 2 2 0 4 2962 3840 874
7883 2 2 0 4 978 3842 974
7884 2 2 0 4 3482 3741 2241
7885 2 2 0 4 3678 3880 815
7886 2 2 0 4 2381 3899 3743
7887 2 2 0 4 3400 3970 1456
7888 2 2 0 4 2594 3922 3860
7889 2 2 0 4 842 3935 3357
7890 2 2 0 4 2409 3925 3472
7891 2 2 0 4 3620 3815 1451
7892 2 2 0 4 3800 3992 2610
7893 2 2 0 4 1755 3661 3660
7894 2 2 0 4 3262 3882 3505
7895 2 2 0 4 2352 3967 3597
7896 2 2 0 4 2709 3598 3387
7897 2 2 0 4 3395 3856 2331
7898 2 2 0 4 3179 3776 823
7899 2 2 0 4 3316 3820 2137
7900 2 2 0 4 3547 3895 2963
7901 2 2 0 4 3791 3996 2740
7902 2 2 0 4 2438 3813 3510
7903 2 2 0 4 3744 3747 2521
7904 2 2 0 4 3757 3904 685
7905 2 2 0 4 2487 3833 3832
7906 2 2 0 4 2662 3755 3540
7907 2 2 0 4 3147 3650 2244
7908 2 2 0 4 2755 3644 3569
7909 2 2 0 4 984 3778 3711
7910 2 2 0 4 2774 3927 915
7911 2 2 0 4 2689 3769 2687
7912 2 2 0 4 3183 3907 2512
7913 2 2 0 4 2817 3944 2081
7914 2 2 0 4 2331 3856 3209
7915 2 2 0 4 3173 3849 796
7916 2 2 0 4 2349 3712 3286
7917 2 2 0 4 3654 3835 2177
7918 2 2 0 4 2743 3936 2742
7919 2 2 0 4 878 4000 3561
7920 2 2 0 4 1619 3903 1497
7921 2 2 0 4 3645 3872 2129
7922 2 2 0 4 2141 3943 2302
7923 2 2 0 4 3612 3909 3425
7924 2 2 0 4 3642 3886 2792
7925 2 2 0 4 3562 3956 1067
7926 2 2 0 4 1371 3965 3015
7927 2 2 0 4 3872 3873 2129
7928 2 2 0 4 1019 3873 3872
7929 2 2 0 4 2550 3995 3500
7930 2 2 0 4 3666 3747 1427
7931 2 2 0 4 3019 3977 1350
7932 2 2 0 4 3105 3978 3111
7933 2 2 0 4 3117 3979 3137
7934 2 2 0 4 1168 3980 3138
7935 2 2 0 4 3756 3869 711
7936 2 2 0 4 3574 3834 2423
7937 2 2 0 4 2279 3858 3769
7938 2 2 0 4 3259 3897 2677
7939 2 2 0 4 849 3992 3800
7940 2 2 0 4 2361 3920 3749
7941 2 2 0 4 2720 3931 3636
7942 2 2 0 4 3556 3804 1159
7943 2 2 0 4 2679 3944 3734
7944 2 2 0 4 3681 3900 1003
7945 2 2 0 4 2727 3937 3706
7946 2 2 0 4 3689 3894 2370
7947 2 2 0 4 3544 3891 2985
7948 2 2 0 4 2906 3708 3548
7949 2 2 0 4 3209 3856 1378
7950 2 2 0 4 3263 3840 2329
7951 2 2 0 4 2826 3857 1008
7952 2 2 0 4 3673 3741 2240
7953 2 2 0 4 3749 3875 2361
7954 2 2 0 4 1973 3875 3749
7955 2 2 0 4 2456 3987 3828
7956 2 2 0 4 3232 3555 2825
7957 2 2 0 4 3233 3558 2831
7958 2 2 0 4 3416 3973 1094
7959 2 2 0 4 2557 3869 3756
7960 2 2 0 4 1094 3973 1358
7961 2 2 0 4 3666 3807 2541
7962 2 2 0 4 3632 3786 1942
7963 2 2 0 4 2040 3996 3401
7964 2 2 0 4 3706 3937 764
7965 2 2 0 4 2453 3959 3681
7966 2 2 0 4 3681 3959 2362
7967 2 2 0 4 3530 3928 2153
7968 2 2 0 4 2835 3933 3439
7969 2 2 0 4 1743 3916 3832
7970 2 2 0 4 1038 3523 1034
7971 2 2 0 4 1699 3874 3830
7972 2 2 0 4 3757 3911 2599
7973 2 2 0 4 3727 3932 2922
7974 2 2 0 4 2781 3530 2152
7975 2 2 0 4 1384 3532 1309
7976 2 2 0 4 2311 3536 2083
7977 2 2 0 4 1886 3862 1651
7978 2 2 0 4 1651 3862 1679
7979 2 2 0 4 1531 3537 1504
7980 2 2 0 4 1652 3538 1886
7981 2 2 0 4 2038 3539 2039
7982 2 2 0 4 1661 3538 1654
7983 2 2 0 4 2054 3539 2042
7984 2 2 0 4 1506 3537 3479
7985 2 2 0 4 2046 3863 2044
7986 2 2 0 4 2044 3863 2054
7987 2 2 0 4 1656 3540 1661
7988 2 2 0 4 3115 3541 3114
7989 2 2 0 4 2985 3546 1202
7990 2 2 0 4 2906 3548 2905
7991 2 2 0 4 1208 3549 2906
7992 2 2 0 4 2984 3544 2985
7993 2 2 0 4 1207 3548 3544
7994 2 2 0 4 1391 3553 1407
7995 2 2 0 4 3055 3554 3054
7996 2 2 0 4 2941 3864 2942
7997 2 2 0 4 2972 3864 2941
7998 2 2 0 4 1328 3554 1889
7999 2 2 0 4 1154 3556 1159
8000 2 2 0 4 1166 3555 3232
8001 2 2 0 4 961 3557 958
8002 2 2 0 4 1002 3558 3233
8003 2 2 0 4 3118 3559 3451
8004 2 2 0 4 1065 3562 1067
8005 2 2 0 4 976 3566 972
8006 2 2 0 4 969 3566 1360
8007 2 2 0 4 1169 3865 3564
8008 2 2 0 4 3564 3865 2188
8009 2 2 0 4 2359 3634 3476
8010 2 2 0 4 2755 3569 2484
8011 2 2 0 4 3516 3574 2405
8012 2 2 0 4 1134 3892 1130
8013 2 2 0 4 1067 3596 1063
8014 2 2 0 4 1040 3598 944
8015 2 2 0 4 1390 3599 1158
8016 2 2 0 4 2392 3861 3528
8017 2 2 0 4 903 3595 2707
8018 2 2 0 4 1061 3596 2708
8019 2 2 0 4 942 3598 2709
8020 2 2 0 4 2184 3625 2425
8021 2 2 0 4 1130 3892 1131
8022 2 2 0 4 1109 3599 1111
8023 2 2 0 4 2884 3919 1267
8024 2 2 0 4 3451 3559 2161
8025 2 2 0 4 3852 3853 2583
8026 2 2 0 4 878 3629 872
8027 2 2 0 4 1360 3628 967
8028 2 2 0 4 2378 3975 3771
8029 2 2 0 4 3365 3806 827
8030 2 2 0 4 2541 3807 3713
8031 2 2 0 4 878 3845 3629
8032 2 2 0 4 3480 3908 3550
8033 2 2 0 4 3550 3908 1361
8034 2 2 0 4 3736 3994 774
8035 2 2 0 4 3434 3532 2118
8036 2 2 0 4 869 3629 2388
8037 2 2 0 4 964 3628 977
8038 2 2 0 4 1267 3919 2874
8039 2 2 0 4 1761 3823 3569
8040 2 2 0 4 1205 3693 2972
8041 2 2 0 4 3106 3699 3558
8042 2 2 0 4 3100 3702 3555
8043 2 2 0 4 3728 3729 1327
8044 2 2 0 4 3539 3821 2039
8045 2 2 0 4 2827 3702 3665
8046 2 2 0 4 2030 3969 3603
8047 2 2 0 4 1456 3970 3604
8048 2 2 0 4 2407 3806 3365
8049 2 2 0 4 3828 3987 719
8050 2 2 0 4 2348 3722 3625
8051 2 2 0 4 874 3840 3263
8052 2 2 0 4 974 3842 976
8053 2 2 0 4 3569 3823 2483
8054 2 2 0 4 2287 3721 2377
8055 2 2 0 4 3665 3702 923
8056 2 2 0 4 3603 3969 2389
8057 2 2 0 4 3604 3970 2277
8058 2 2 0 4 3643 3721 2309
8059 2 2 0 4 2963 3895 3312
8060 2 2 0 4 3425 3909 1713
8061 2 2 0 4 1761 3833 3823
8062 2 2 0 4 2204 3773 3772
8063 2 2 0 4 1350 3977 3055
8064 2 2 0 4 3232 3978 3105
8065 2 2 0 4 3451 3980 1168
8066 2 2 0 4 3233 3979 3117
8067 2 2 0 4 3386 3965 1371
8068 2 2 0 4 3613 3697 2569
8069 2 2 0 4 3591 3867 2025
8070 2 2 0 4 2426 3927 2774
8071 2 2 0 4 3734 3944 2817
8072 2 2 0 4 3901 3961 2419
8073 2 2 0 4 2512 3907 3679
8074 2 2 0 4 3992 3993 928
8075 2 2 0 4 3823 3833 2487
8076 2 2 0 4 2521 3747 3666
8077 2 2 0 4 849 3993 3992
8078 2 2 0 4 2200 3977 3019
8079 2 2 0 4 3111 3978 1646
8080 2 2 0 4 3137 3979 2032
8081 2 2 0 4 3138 3980 2202
8082 2 2 0 4 3621 3834 1189
8083 2 2 0 4 1945 3747 3744
8084 2 2 0 4 3439 3933 1116
8085 2 2 0 4 1426 3807 3666
8086 2 2 0 4 1303 3985 3984
8087 2 2 0 4 3588 3938 1726
8088 2 2 0 4 1193 3574 3516
8089 2 2 0 4 3625 3722 1486
8090 2 2 0 4 1423 3721 3643
8091 2 2 0 4 3955 3966 1462
8092 2 2 0 4 1962 3966 3955
8093 2 2 0 4 863 875 861
8094 2 2 0 4 2943 3056 1206
8095 2 2 0 4 3459 3545 1301
8096 2 2 0 4 1404 1420 1402
8097 2 2 0 4 1720 1753 1718
8098 2 2 0 4 2052 2242 2050
8099 2 2 0 4 2135 3744 3247
8100 2 2 0 4 2322 3803 3305
$EndElements
