$MeshFormat
2.2 0 8
$EndMeshFormat
$PhysicalNames
3
2 1 "bath"
2 2 "sender_node"
2 3 "receiver_node"
$EndPhysicalNames
$Nodes
3831
1 0 0 0
2 10000 0 0
3 0 1000 0
4 10000 1000 0
5 4887.5 500 0
6 5187.5 500 0
7 4850 500 0
8 5150 500 0
9 99.80618872996007 0 0
10 199.6123774599201 0 0
11 299.4185661898803 0 0
12 399.2247549198403 0 0
13 499.0309436498004 0 0
14 598.8371323797604 0 0
15 698.6433211097205 0 0
16 798.4495098396806 0 0
17 898.2556985696407 0 0
18 998.0618872996008 0 0
19 1097.868076029561 0 0
20 1197.674264759521 0 0
21 1297.480453489481 0 0
22 1397.286642219441 0 0
23 1497.092830949401 0 0
24 1596.899019679361 0 0
25 1696.705208409321 0 0
26 1796.511397139281 0 0
27 1896.317585869242 0 0
28 1996.123774599202 0 0
29 2095.929963329162 0 0
30 2195.736152059122 0 0
31 2295.542340789082 0 0
32 2395.348529519042 0 0
33 2495.154718249002 0 0
34 2594.960906978962 0 0
35 2694.767095708922 0 0
36 2794.573284438882 0 0
37 2894.379473168842 0 0
38 2994.185661898802 0 0
39 3093.991850628763 0 0
40 3193.798039358722 0 0
41 3293.604228088682 0 0
42 3393.410416818642 0 0
43 3493.216605548603 0 0
44 3593.022794278563 0 0
45 3692.828983008523 0 0
46 3792.635171738483 0 0
47 3892.441360468443 0 0
48 3992.247549198403 0 0
49 4092.053737928363 0 0
50 4191.859926658323 0 0
51 4286.241827695047 0 0
52 4371.505942832711 0 0
53 4456.770057970377 0 0
54 4542.034173108043 0 0
55 4626.414911035642 0 0
56 4705.680749829506 0 0
57 4767.008477829756 0 0
58 4823.851221254866 0 0
59 4880.693964679976 0 0
60 4937.536708105086 0 0
61 4999.998780337048 0 0
62 5062.459656157869 0 0
63 5119.302399582979 0 0
64 5176.145143008089 0 0
65 5232.987886433199 0 0
66 5294.316815777021 0 0
67 5373.584471091366 0 0
68 5457.965541874241 0 0
69 5543.229657011907 0 0
70 5628.493772149573 0 0
71 5713.757887287238 0 0
72 5808.140073341677 0 0
73 5907.946262071637 0 0
74 6007.752450801597 0 0
75 6107.558639531557 0 0
76 6207.364828261517 0 0
77 6307.171016991478 0 0
78 6406.977205721438 0 0
79 6506.783394451398 0 0
80 6606.589583181358 0 0
81 6706.395771911318 0 0
82 6806.201960641278 0 0
83 6906.008149371238 0 0
84 7005.814338101199 0 0
85 7105.620526831159 0 0
86 7205.426715561119 0 0
87 7305.232904291079 0 0
88 7405.039093021039 0 0
89 7504.845281750998 0 0
90 7604.651470480958 0 0
91 7704.457659210918 0 0
92 7804.263847940878 0 0
93 7904.070036670839 0 0
94 8003.876225400799 0 0
95 8103.682414130759 0 0
96 8203.48860286072 0 0
97 8303.294791590679 0 0
98 8403.100980320638 0 0
99 8502.907169050599 0 0
100 8602.71335778056 0 0
101 8702.519546510521 0 0
102 8802.32573524048 0 0
103 8902.131923970439 0 0
104 9001.9381127004 0 0
105 9101.744301430359 0 0
106 9201.55049016032 0 0
107 9301.356678890279 0 0
108 9401.16286762024 0 0
109 9500.969056350201 0 0
110 9600.77524508016 0 0
111 9700.581433810121 0 0
112 9800.38762254008 0 0
113 9900.193811270041 0 0
114 0 900 0
115 0 800 0
116 0 700 0
117 0 600 0
118 0 500 0
119 0 400 0
120 0 300 0
121 0 200 0
122 0 100 0
123 10000 100 0
124 10000 200 0
125 10000 300 0
126 10000 400 0
127 10000 500 0
128 10000 600 0
129 10000 700 0
130 10000 800 0
131 10000 900 0
132 9900.193800923062 1000 0
133 9800.387601846123 1000 0
134 9700.581402769185 1000 0
135 9600.775203692247 1000 0
136 9500.969004615308 1000 0
137 9401.16280553837 1000 0
138 9301.356606461432 1000 0
139 9201.550407384491 1000 0
140 9101.744208307553 1000 0
141 9001.938009230615 1000 0
142 8902.131810153676 1000 0
143 8802.325611076738 1000 0
144 8702.5194119998 1000 0
145 8602.713212922861 1000 0
146 8502.907013845923 1000 0
147 8403.100814768984 1000 0
148 8303.294615692046 1000 0
149 8203.488416615108 1000 0
150 8103.682217538169 1000 0
151 8003.87601846123 1000 0
152 7904.069819384292 1000 0
153 7804.263620307353 1000 0
154 7704.457421230414 1000 0
155 7604.651222153476 1000 0
156 7504.845023076537 1000 0
157 7405.038823999599 1000 0
158 7305.232624922661 1000 0
159 7205.426425845722 1000 0
160 7105.620226768784 1000 0
161 7005.814027691846 1000 0
162 6906.007828614907 1000 0
163 6806.201629537969 1000 0
164 6706.39543046103 1000 0
165 6606.589231384091 1000 0
166 6506.783032307154 1000 0
167 6406.976833230215 1000 0
168 6307.170634153275 1000 0
169 6207.364435076337 1000 0
170 6107.5582359994 1000 0
171 6007.75203692246 1000 0
172 5907.945837845522 1000 0
173 5808.139638768584 1000 0
174 5713.757507193412 1000 0
175 5628.493383216355 1000 0
176 5543.229259239298 1000 0
177 5457.965135262241 1000 0
178 5373.584076108104 1000 0
179 5294.316448646901 1000 0
180 5232.98759767975 1000 0
181 5176.144848361712 1000 0
182 5119.302099043674 1000 0
183 5062.459349725636 1000 0
184 4999.998780360896 1000 0
185 4937.537014537319 1000 0
186 4880.694265219281 1000 0
187 4823.851515901243 1000 0
188 4767.008766583205 1000 0
189 4705.681116944678 1000 0
190 4626.415306010865 1000 0
191 4542.034579720043 1000 0
192 4456.770455742986 1000 0
193 4371.50633176593 1000 0
194 4286.242207788873 1000 0
195 4191.860361231416 1000 0
196 4092.054162154477 1000 0
197 3992.247963077539 1000 0
198 3892.4417640006 1000 0
199 3792.635564923661 1000 0
200 3692.829365846724 1000 0
201 3593.023166769785 1000 0
202 3493.216967692847 1000 0
203 3393.410768615908 1000 0
204 3293.604569538969 1000 0
205 3193.798370462031 1000 0
206 3093.992171385092 1000 0
207 2994.185972308153 1000 0
208 2894.379773231215 1000 0
209 2794.573574154278 1000 0
210 2694.767375077339 1000 0
211 2594.9611760004 1000 0
212 2495.154976923462 1000 0
213 2395.348777846523 1000 0
214 2295.542578769584 1000 0
215 2195.736379692646 1000 0
216 2095.930180615707 1000 0
217 1996.123981538769 1000 0
218 1896.317782461831 1000 0
219 1796.511583384892 1000 0
220 1696.705384307954 1000 0
221 1596.899185231016 1000 0
222 1497.092986154077 1000 0
223 1397.286787077139 1000 0
224 1297.480588000199 1000 0
225 1197.67438892326 1000 0
226 1097.868189846322 1000 0
227 998.0619907693836 1000 0
228 898.255791692447 1000 0
229 798.4495926155068 1000 0
230 698.6433935385685 1000 0
231 598.8371944616301 1000 0
232 499.0309953846918 1000 0
233 399.2247963077534 1000 0
234 299.4185972308151 1000 0
235 199.6123981538767 1000 0
236 99.80619907693654 1000 0
237 4887.179182301518 504.8947322082519 0
238 4886.22221848584 509.7057141913445 0
239 4884.645482469174 514.3506287136909 0
240 4882.475952641917 518.75 0
241 4879.750750260921 522.8285535878269 0
242 4876.516504294495 526.5165042944955 0
243 4872.828553587827 529.7507502609213 0
244 4868.75 532.4759526419164 0
245 4864.350628713691 534.6454824691732 0
246 4859.705714191345 536.22221848584 0
247 4854.894732208252 537.1791823015179 0
248 4850 537.5 0
249 4845.105267791748 537.1791823015179 0
250 4840.294285808655 536.2222184858401 0
251 4835.649371286309 534.6454824691733 0
252 4831.25 532.4759526419165 0
253 4827.171446412173 529.7507502609213 0
254 4823.483495705505 526.5165042944956 0
255 4820.249249739079 522.8285535878272 0
256 4817.524047358083 518.7500000000001 0
257 4815.354517530827 514.3506287136911 0
258 4813.77778151416 509.7057141913447 0
259 4812.820817698482 504.8947322082522 0
260 4812.5 500.0000000000002 0
261 4812.820817698482 495.1052677917484 0
262 4813.77778151416 490.2942858086558 0
263 4815.354517530826 485.6493712863094 0
264 4817.524047358083 481.2500000000003 0
265 4820.249249739079 477.1714464121733 0
266 4823.483495705505 473.4834957055047 0
267 4827.171446412172 470.2492497390789 0
268 4831.25 467.5240473580837 0
269 4835.649371286308 465.3545175308269 0
270 4840.294285808655 463.77778151416 0
271 4845.105267791748 462.8208176984821 0
272 4850 462.5 0
273 4854.894732208251 462.8208176984821 0
274 4859.705714191345 463.7777815141599 0
275 4864.350628713691 465.3545175308267 0
276 4868.75 467.5240473580834 0
277 4872.828553587827 470.2492497390786 0
278 4876.516504294495 473.4834957055044 0
279 4879.750750260921 477.1714464121729 0
280 4882.475952641917 481.2499999999999 0
281 4884.645482469174 485.6493712863091 0
282 4886.22221848584 490.2942858086554 0
283 4887.179182301518 495.105267791748 0
284 5187.179182301518 504.8947322082519 0
285 5186.22221848584 509.7057141913445 0
286 5184.645482469174 514.3506287136909 0
287 5182.475952641917 518.75 0
288 5179.750750260921 522.8285535878269 0
289 5176.516504294495 526.5165042944955 0
290 5172.828553587827 529.7507502609213 0
291 5168.75 532.4759526419164 0
292 5164.350628713691 534.6454824691732 0
293 5159.705714191345 536.22221848584 0
294 5154.894732208252 537.1791823015179 0
295 5150 537.5 0
296 5145.105267791748 537.1791823015179 0
297 5140.294285808655 536.2222184858401 0
298 5135.649371286309 534.6454824691733 0
299 5131.25 532.4759526419165 0
300 5127.171446412173 529.7507502609213 0
301 5123.483495705505 526.5165042944956 0
302 5120.249249739079 522.8285535878272 0
303 5117.524047358083 518.7500000000001 0
304 5115.354517530827 514.3506287136911 0
305 5113.77778151416 509.7057141913447 0
306 5112.820817698482 504.8947322082522 0
307 5112.5 500.0000000000002 0
308 5112.820817698482 495.1052677917484 0
309 5113.77778151416 490.2942858086558 0
310 5115.354517530826 485.6493712863094 0
311 5117.524047358083 481.2500000000003 0
312 5120.249249739079 477.1714464121733 0
313 5123.483495705505 473.4834957055047 0
314 5127.171446412172 470.2492497390789 0
315 5131.25 467.5240473580837 0
316 5135.649371286308 465.3545175308269 0
317 5140.294285808655 463.77778151416 0
318 5145.105267791748 462.8208176984821 0
319 5150 462.5 0
320 5154.894732208251 462.8208176984821 0
321 5159.705714191345 463.7777815141599 0
322 5164.350628713691 465.3545175308267 0
323 5168.75 467.5240473580834 0
324 5172.828553587827 470.2492497390786 0
325 5176.516504294495 473.4834957055044 0
326 5179.750750260921 477.1714464121729 0
327 5182.475952641917 481.2499999999999 0
328 5184.645482469174 485.6493712863091 0
329 5186.22221848584 490.2942858086554 0
330 5187.179182301518 495.105267791748 0
331 4883.098661427522 498.2273515440446 0
332 4817.374647219382 502.1616145093103 0
333 4847.384849972484 466.5109416832422 0
334 4852.106864990152 534.0439629820218 0
335 4828.111081236996 524.4980131971419 0
336 4875.226620586907 522.1077221655669 0
337 4824.585255134402 478.3405032562414 0
338 4871.912814908726 475.0711506232842 0
339 4820.249249739079 514.6714464121733 0
340 4835.414803939669 470.0998373161734 0
341 4861.171892161726 468.5216365192467 0
342 4818.588763497252 489.3373219929779 0
343 4864.836671508099 530.0991020941317 0
344 4839.61318192186 532.0211971570296 0
345 4880.865257963497 510.7395112639129 0
346 4879.848524695227 484.7544430735042 0
347 4868.301681887991 471.9197697501662 0
348 4867.555066620693 476.6140463851868 0
349 4870.87340075777 479.9152843855409 0
350 4866.300205948728 481.4592770371136 0
351 4869.907711495072 484.7368053294624 0
352 4864.803271279879 486.7584499260042 0
353 4860.673196286058 482.4893983808457 0
354 4858.893180851719 488.7737181412979 0
355 4854.297700486784 484.7191835130626 0
356 4852.845690876431 490.4406802368759 0
357 4857.280248496808 494.2603807806892 0
358 4851.769747995866 495.7766000680591 0
359 4855.574078477376 499.318536759899 0
360 4850.704478270131 500.8482012431102 0
361 4846.856704174787 497.4282122029883 0
362 4845.937815612786 502.4976236801168 0
363 4849.419129644745 505.6546699716264 0
364 4842.219090542664 499.1478915581271 0
365 4841.188195140161 504.0623914295033 0
366 4860.269243677365 498.0178520068862 0
367 4858.880766352378 502.8611884527165 0
368 4837.478536907751 500.6848165364108 0
369 4838.61061030894 495.4840542015486 0
370 4863.918807802359 501.4360822806165 0
371 4862.382760915228 506.6914382888751 0
372 4836.248423024022 505.5351283087302 0
373 4840.380178306479 509.1658764576711 0
374 4833.454912547106 497.3083967734588 0
375 4834.945074027522 511.2612320104388 0
376 4868.294397199916 505.2990799143648 0
377 4848.761366325927 486.4110256478513 0
378 4839.402273481359 514.8460935163365 0
379 4834.184468306271 491.4654293333097 0
380 4869.598857010521 499.4995292410934 0
381 4830.30338037135 506.4999671585841 0
382 4866.737995239063 511.1665328040642 0
383 4860.66569231531 512.2382699458514 0
384 4849.859364574778 480.2538188806018 0
385 4843.588111312354 482.107098900643 0
386 4865.205941397372 517.4151798702882 0
387 4858.70254643055 518.3075272250076 0
388 4828.373491679916 493.9895367406681 0
389 4829.575473666978 487.8131858312273 0
390 4844.397707182278 512.7390485641528 0
391 4843.88460449286 518.9207210733317 0
392 4838.401017633549 521.6888624290652 0
393 4874.441683846927 504.2445549539931 0
394 4839.550862441481 490.1598644759263 0
395 4828.745639372072 513.2385279931309 0
396 4835.125312278446 486.4725802274554 0
397 4843.880769772637 524.814226444999 0
398 4848.857881019348 522.7705743064314 0
399 4870.656382421636 514.7608201248441 0
400 4875.256967503336 497.8257086008677 0
401 4870.550841033593 493.7524670122028 0
402 4845.457929959046 475.4397386185946 0
403 4851.79448406762 474.7181641525813 0
404 4840.133469693589 477.1579872114083 0
405 4832.164203719329 478.6583497113256 0
406 4853.71347287512 513.3183417876264 0
407 4824.861440695532 508.4902106680966 0
408 4825.542031326412 503.2164194979683 0
409 4863.638758890266 492.5615253347632 0
410 4824.285632929718 489.1982717624099 0
411 4822.611910872177 494.0539808817686 0
412 4825.71592497346 483.4733898726826 0
413 4862.642309588728 522.6418704080298 0
414 4867.733810409167 522.6871794585445 0
415 4847.990402849502 492.1926131545251 0
416 4877.216516959842 492.0609019380751 0
417 4840.437414704059 472.3730468144362 0
418 4879.147238615425 500.9660865120562 0
419 4874.970609012927 483.5754914894273 0
420 4821.004023210967 505.3842367115882 0
421 4863.497765018187 473.6110078411132 0
422 4833.902741373854 517.0394780357412 0
423 4828.895267016533 519.1258377108901 0
424 4848.281448267456 527.7192162975173 0
425 4853.320854114865 525.98205210473 0
426 4872.138629299381 509.7669083946923 0
427 4876.112633351512 513.796180000392 0
428 4873.377403352933 488.3208651981943 0
429 4856.608757143777 508.0895492393558 0
430 4844.938019902685 507.3392850493928 0
431 4817.518161460348 494.2024246650541 0
432 4820.211060483873 498.042696878027 0
433 4824.624301076673 498.58725885488 0
434 4824.651371518522 516.7224905913193 0
435 4832.794098198408 522.4464478017926 0
436 4835.421192709318 525.9742712001826 0
437 4879.658340561574 505.7278114514796 0
438 4843.293484405986 493.8512001912215 0
439 4824.498149853407 521.4447865217669 0
440 4819.528441414242 510.2019107389048 0
441 4843.734940995177 529.8188621413278 0
442 4844.70900297651 470.4129183080271 0
443 4875.379666890896 478.4056540743779 0
444 4854.099068828241 504.1530260669857 0
445 4847.77597024862 532.7709758199162 0
446 4848.840236844149 516.5540770804159 0
447 4831.257243718719 482.7447162862497 0
448 4855.781782392574 478.7962485636943 0
449 4857.619130900726 472.7306244903627 0
450 4853.441147120924 470.1720398039013 0
451 4860.354575737191 477.2103432790732 0
452 4821.985469527512 481.3630517726689 0
453 4831.438341375389 527.8284533785134 0
454 4831.25 471.9386419500223 0
455 4834.888862942035 474.9556884175306 0
456 4839.605147763738 468.0933356975336 0
457 4860.655257123807 531.837273078321 0
458 4872.150290292362 525.2553070731288 0
459 4868.717967238391 527.9655782562601 0
460 4827.733537451673 474.7840641464732 0
461 4878.011960938321 518.4070479197902 0
462 4856.067808662026 532.9660342450539 0
463 4881.515293926959 489.1038021837922 0
464 4882.445906917857 493.6075619164563 0
465 4883.30415654492 502.7380217384971 0
466 4880.386489757951 515.1321559067505 0
467 4820.874648818271 485.3821408955883 0
468 4816.901142211447 506.46964167188 0
469 4861.448444543096 527.2872338576346 0
470 4857.961758131473 524.1482397777413 0
471 4883.44583117147 506.7611581706972 0
472 4833.285658940229 502.096874945365 0
473 4835.108657775447 530.3637419721859 0
474 4878.485100700377 481.0314070098964 0
475 4839.69377169695 527.1909334585876 0
476 4852.429104404309 508.2263374517761 0
477 4856.640739387827 466.6147486186586 0
478 4844.533236118548 488.6945655542135 0
479 4816.144753270311 498.0375595563102 0
480 4843.419710862627 466.323158980289 0
481 4849.004992763596 470.8216110734771 0
482 4821.434413641634 518.8834554226173 0
483 4848.956278475548 510.6386266508317 0
484 4853.566124902584 520.1801353803254 0
485 4852.151439704632 465.9978624966752 0
486 4856.894344497995 528.6049424560777 0
487 4869.244412195672 518.8171128310667 0
488 4865.214393556319 469.3861957998872 0
489 4876.643309004578 508.854993212894 0
490 4843.298164094387 533.6633679139838 0
491 4865.075840657497 526.1361928149202 0
492 4873.418415711381 518.2689971198374 0
493 4868.455597210349 489.2260225601254 0
494 4823.594155383518 512.7626707942379 0
495 4879.433058284796 496.5375221023 0
496 4821.904546989967 501.6187267062821 0
497 4828.697651643968 479.0816996681693 0
498 4865.595301682821 497.0534911751124 0
499 4836.939592103397 481.1214080811108 0
500 4852.164973690328 529.8879248930026 0
501 4871.554709839098 521.4272637296289 0
502 4877.281588525752 487.7539790579181 0
503 4839.947422850845 485.7111034478698 0
504 4831.243509334316 475.5560654590209 0
505 4863.933227472983 478.3491194996136 0
506 4829.172270998081 500.3325014583409 0
507 5183.100628713691 502.1695298272568 0
508 5116.527640885199 498.2787772455738 0
509 5152.200616613447 466.5150772013306 0
510 5147.68106896551 533.1868984916468 0
511 5128.639658141207 475.2666814394737 0
512 5124.585675839228 521.6751163630298 0
513 5171.871589772149 524.9397682778288 0
514 5175.005846898671 477.4622388414916 0
515 5118.55852093226 510.6326093929891 0
516 5161.180066312429 531.4650468460796 0
517 5165.197382887195 469.4636307169957 0
518 5135.520257200157 530.3099502648886 0
519 5139.20696680289 468.2408406913571 0
520 5181.205366308705 489.7285576105302 0
521 5179.335191570099 514.4406633120567 0
522 5120.084386737698 485.0966245756287 0
523 5120.110163428101 515.167351796477 0
524 5123.103889533945 511.4752966118062 0
525 5121.880746873168 506.9571735710228 0
526 5126.61324608004 507.906634116025 0
527 5125.127818778787 503.2644585800564 0
528 5130.559215975513 504.0658831096241 0
529 5132.001440067119 509.8280276947074 0
530 5136.685138532611 505.2756548538208 0
531 5138.637673957119 511.0847250248631 0
532 5142.755899528131 506.855768319548 0
533 5140.825310246245 501.330531803568 0
534 5146.355653311312 502.7726976334687 0
535 5144.831974815854 497.8031252389842 0
536 5149.814004543206 498.9131970408785 0
537 5151.436280137737 503.7988814779607 0
538 5154.766766714242 499.8680866375317 0
539 5153.330383469769 495.3933473321813 0
540 5156.312411033663 504.6284022861083 0
541 5159.662442576563 500.8877682518524 0
542 5140.115500101192 496.5819686774138 0
543 5143.739624960124 493.0817549387434 0
544 5161.186313398643 505.6676630286602 0
545 5157.605527906833 509.6056186291019 0
546 5138.663999993072 491.7969123618815 0
547 5142.621933622861 488.0136639963641 0
548 5164.676779157659 502.0822267594213 0
549 5162.913948195301 496.8720289864664 0
550 5162.98266442877 510.6035404975389 0
551 5168.668564349479 497.7749499872873 0
552 5136.806127235131 486.2636635775179 0
553 5144.278201051656 512.3877138373721 0
554 5166.600947145671 492.4417691272126 0
555 5159.429366887783 515.298920854611 0
556 5132.776656564297 490.6339918858038 0
557 5170.307756546383 504.2191731312256 0
558 5141.087737316579 481.9605012999561 0
559 5146.882374478918 484.0685011708652 0
560 5140.248703291216 517.1710121897382 0
561 5146.606407940061 518.7016512432682 0
562 5145.538858396561 477.3150411221682 0
563 5151.617137326033 479.7939431273928 0
564 5165.723873970683 516.0184680311353 0
565 5161.594751580275 520.7663538278673 0
566 5161.221252181662 491.7688067322598 0
567 5164.756448400038 486.6718726461442 0
568 5170.889444601927 487.0163853404683 0
569 5130.95515835429 484.1032656586193 0
570 5154.129150811279 513.7463761197885 0
571 5175.026080241546 499.1622787631998 0
572 5156.118147553953 519.1524330314555 0
573 5167.706522051001 481.5698646370518 0
574 5162.374391204605 480.8511636821945 0
575 5139.491458134998 476.8885635803734 0
576 5126.536847818574 489.144991414239 0
577 5129.006850101672 495.119456558621 0
578 5141.653417350532 523.5408453003598 0
579 5135.805013287045 520.9974700643621 0
580 5147.123659498265 524.7150285016942 0
581 5154.775427531448 527.4003094490104 0
582 5153.443209047694 486.6092412380709 0
583 5176.015736306259 505.2165415301797 0
584 5172.789431945275 509.4434833423245 0
585 5134.458989135148 499.6202935513691 0
586 5166.868431006307 522.211754593669 0
587 5170.745771386692 518.8434481716866 0
588 5162.767320816733 526.4545017219677 0
589 5150.372373937668 474.0704102430867 0
590 5145.985659409036 471.4854210440999 0
591 5147.836668760966 507.7661939206019 0
592 5122.088053668122 493.5561606394107 0
593 5144.467965199358 528.7069359358314 0
594 5125.176667813594 484.4011275128716 0
595 5120.16256399155 501.7387371083664 0
596 5177.803370862642 509.8351026222917 0
597 5125.116096520494 516.1046550807707 0
598 5172.460373919401 493.2920084668927 0
599 5177.840153759214 493.9889051654434 0
600 5165.347917606859 476.8537303796255 0
601 5160.115082026628 475.8384557774193 0
602 5135.710838819115 480.4722945640702 0
603 5134.283886158077 474.9958409687214 0
604 5123.845735994018 498.4528669506449 0
605 5148.321423045725 489.6898662816638 0
606 5158.053445882421 496.1749827502669 0
607 5175.23130966949 521.261766790243 0
608 5174.819326811778 516.5895439845982 0
609 5171.269629333827 513.9113191823078 0
610 5180.313801511713 498.1922125741097 0
611 5176.123971956094 489.1637568797207 0
612 5175.612753070699 484.7950249411957 0
613 5127.168341640108 480.1789665411908 0
614 5152.733612970903 508.6782746341929 0
615 5182.807643331336 494.1791951667118 0
616 5181.490099197624 506.4006654258453 0
617 5170.335131325049 477.3086373760744 0
618 5139.788596987703 528.2686628808384 0
619 5117.223390770086 506.0114187042498 0
620 5148.526615296375 494.3538395092904 0
621 5168.311554173425 472.7315173088361 0
622 5159.281422895547 486.2436302900783 0
623 5157.604061219655 524.3148921862555 0
624 5134.390953850724 515.4720962030842 0
625 5129.766951330394 519.8064064863197 0
626 5132.105899077071 524.1111977124302 0
627 5129.637846005719 514.5591337952534 0
628 5164.942820950602 530.1473358501277 0
629 5156.690913186088 467.1004841650481 0
630 5161.228140675908 468.4166725507421 0
631 5143.444939442178 467.0531173481123 0
632 5152.20729729597 533.6768489359719 0
633 5150.564472781031 529.2445785796931 0
634 5143.048873953955 532.8294079540885 0
635 5134.944454177491 470.0530484236235 0
636 5156.675354292502 532.9708723035162 0
637 5118.041952443109 489.1517046518554 0
638 5147.772553992478 466.4221151793614 0
639 5117.283332556312 493.8721304709248 0
640 5179.989094594544 485.1806817384816 0
641 5122.453461669174 480.9585196832002 0
642 5131.250605891153 471.7019236917516 0
643 5167.914364465315 527.222112924227 0
644 5181.899272517076 510.9465548530458 0
645 5153.728973120678 470.6443400087331 0
646 5155.179035088227 475.1061318300617 0
647 5124.398841379015 477.4118219563086 0
648 5165.523481437961 506.5412235586392 0
649 5178.078151649004 481.1498992104076 0
650 5122.289528194434 489.3103990254369 0
651 5115.846882669063 502.1847330532885 0
652 5172.520922256937 481.6050750237756 0
653 5152.009502603311 491.6612305845032 0
654 5127.556325299559 525.5921061140573 0
655 5149.081639174936 512.5241753715961 0
656 5178.338283497456 518.6271466424948 0
657 5138.860277047356 532.4551444109658 0
658 5136.272507080414 525.7667296700736 0
659 5184.180251171651 497.9292410719652 0
660 5156.223202680068 491.3085398212267 0
661 5157.001712931456 480.7404276575362 0
662 5131.135729809415 528.3709950085345 0
663 5158.331793750333 471.7802209102471 0
664 5142.742406573181 474.0816961645814 0
665 5121.517046576997 518.9051353656209 0
666 5131.351576622559 479.0034098344151 0
667 5172.635644103248 474.197586162354 0
668 5150.012035414661 469.8274727353223 0
669 5138.853555637477 472.469376536865 0
670 5128.599721997028 500.1045917500631 0
671 5179.249467643377 502.1501251802924 0
672 5175.140739390661 512.6458680555908 0
673 5157.989224670674 528.766953669373 0
674 5135.004399179076 494.7505246070178 0
675 5151.871349062802 522.8795441377389 0
676 5163.069040232152 473.0338109310935 0
677 5142.046705572952 470.6660903570031 0
678 5120.207890093207 497.0165600529372 0
679 5151.561338908607 517.4008359807694 0
680 5154.021630131839 530.5473136137737 0
681 5127.108030801496 511.7835987911441 0
682 5168.20359314797 510.1259097912395 0
683 4331.9967257839 74.58327448001995 0
684 5675.866759331962 72.25904325441087 0
685 4409.804874614131 928.5517853299441 0
686 5584.516152667346 917.4334951527342 0
687 5090.034912152535 951.5992959788438 0
688 5092.374146951297 42.16841814516164 0
689 4907.390920131311 952.8596161023971 0
690 4909.115336392531 49.22725982694595 0
691 4737.918477605163 951.2398703449693 0
692 4739.894579712359 48.83268131231773 0
693 5262.753948680792 951.0856151784211 0
694 5258.865532310387 52.19233648279436 0
695 4142.974665467395 929.4629531751358 0
696 5861.967366065828 911.2531662358957 0
697 531.4317199978213 72.85212511384606 0
698 9441.52992969289 83.89288010551388 0
699 9151.647395795342 86.43469489504872 0
700 851.2388424291303 76.30706779714336 0
701 8854.961802318816 84.81064622548104 0
702 1161.536352104949 80.47098900855173 0
703 1442.637123815977 83.65560599710619 0
704 8547.114608569284 97.92946627797045 0
705 8255.672646564131 82.8713751428856 0
706 1742.730575179509 87.64876796924079 0
707 2041.04178496867 91.73540202094523 0
708 7955.345432902774 91.19191674936195 0
709 2345.445435154061 86.43469489504912 0
710 7650.738920930574 69.49711653162888 0
711 7355.135998656058 86.43469489504912 0
712 2641.378081015153 67.09084457968129 0
713 2944.282567533823 86.43469489504952 0
714 7063.091666255348 93.53534529015019 0
715 3252.183159774013 90.37728275781757 0
716 6750.689629725963 73.34770547664249 0
717 6456.880300086418 86.43469489504952 0
718 3546.576170013468 79.750680817827 0
719 3842.593706243078 80.06640241596659 0
720 6159.63303498096 85.52265210145794 0
721 3636.111882937268 912.2768480290417 0
722 6360.240719481928 928.4274255902747 0
723 6662.52489796005 909.0792424133103 0
724 3350.597569486853 903.4139853780816 0
725 6955.910928153377 913.5652961442045 0
726 3046.083791770037 920.5605802790302 0
727 2744.670474615809 913.5652961442048 0
728 7260.328953009831 925.9138254115931 0
729 2439.874443109447 925.4997381311509 0
730 7552.083537970303 906.0892862816314 0
731 7843.677027669366 915.7825236560601 0
732 2140.237195203052 903.9414798304786 0
733 1844.453149306435 917.8249752591366 0
734 8167.72678428116 918.4929654236546 0
735 1550.598002048913 912.493413093908 0
736 8453.946449896537 917.9761511290812 0
737 8751.342077282583 914.6368993264581 0
738 1257.158131906243 910.7939429512712 0
739 947.9235694806371 918.199049067179 0
740 9061.983608972085 904.6713714885572 0
741 9352.828362631779 919.4069676920917 0
742 641.193610038662 915.4887091555515 0
743 85.60585866977999 547.5917979043024 0
744 9913.397459621556 550 0
745 5411.916326009263 62.29538733103408 0
746 4580.385290470937 64.04131985221778 0
747 9655.191772985796 911.8840610762296 0
748 349.3216967692824 913.5652961442045 0
749 5852.133805575862 82.11430058922446 0
750 4138.777621712625 86.55013764744399 0
751 4580.45237146884 927.0629876853479 0
752 5425.285674690516 936.7995262589766 0
753 3945.774258864374 915.8853738441672 0
754 6061.987413378014 916.2131894620979 0
755 9912.568299899824 341.8931290182535 0
756 86.60254037844425 350 0
757 9659.964919176025 81.42020412792397 0
758 358.2177880858308 87.00527341102514 0
759 9917.898580613539 744.2791440918863 0
760 93.69749337527901 742.8064240430083 0
761 9919.207433945874 162.8066387718304 0
762 86.60254037844425 149.9999999999999 0
763 150.8876141968713 923.6340438673466 0
764 9849.381937796928 920.024739543052 0
765 5349.062131190421 68.45229435409476 0
766 5375.836942929501 118.1947504483745 0
767 5435.87830878658 121.6863382779784 0
768 5397.828136298022 170.4638159853279 0
769 5453.796278422197 179.1000567705571 0
770 5415.081507288362 227.8795134253508 0
771 5473.12708898326 233.4376290641921 0
772 5445.532601956141 277.1886431526226 0
773 5495.866243518092 285.835530190367 0
774 5465.534103007987 326.9329782207086 0
775 5516.65150090377 338.2848465912217 0
776 5478.805536368795 381.0537214247885 0
777 5358.645025188017 212.3587273110032 0
778 5535.989540827209 391.4721394132577 0
779 5494.159079679875 436.5235038450189 0
780 5555.516740297147 445.1775830748716 0
781 5518.463452594709 487.1213997089068 0
782 5468.70476833823 483.3445657738241 0
783 5487.843838130291 524.0643732601588 0
784 5445.66463523117 517.3386630864071 0
785 5426.280591798443 485.7009573695879 0
786 5407.103622955707 516.7777367159629 0
787 5459.384101249753 553.6645575491469 0
788 5387.78481107575 486.2124519283933 0
789 5191.120315147121 497.1517230021994 0
790 5372.155663005296 514.6430096655824 0
791 5355.855811119239 489.8572268004143 0
792 5342.241086491125 512.9151313420831 0
793 5354.515080063312 537.4313671136796 0
794 5328.539255878415 533.849896526656 0
795 5187.469441706603 518.1999232211183 0
796 5336.644481990681 557.1743716343793 0
797 5328.852345915207 491.012052434582 0
798 5309.924555870197 551.0370597580293 0
799 5319.602005797746 576.1515616042311 0
800 5292.0251279844 571.1205274961407 0
801 5303.177872012249 595.7905897613784 0
802 5279.111730575883 592.5684628178742 0
803 5173.213312168124 534.5643868638007 0
804 5288.06092393414 616.069549468439 0
805 5260.40243420641 610.8916677901286 0
806 5316.268732408626 617.9431864953547 0
807 5271.822740197089 635.6331872815049 0
808 5247.310305939005 631.9583124569037 0
809 5256.333880250532 655.5348480827556 0
810 5231.434395638509 651.5515666139746 0
811 5158.26974788631 540.8157740031503 0
812 5537.458216936874 533.2727471052235 0
813 5191.459967603006 507.5164005344066 0
814 5181.831538993319 528.2185169235614 0
815 5188.941955605054 486.7782675197359 0
816 5240.505942263068 675.2472816331389 0
817 5215.549944637158 671.2324622952247 0
818 5265.367141094163 679.0704061139697 0
819 5224.620067807723 694.9427842348889 0
820 5199.615881492681 691.0199192280138 0
821 5189.295177028064 663.8778124273495 0
822 5174.401616074816 686.5250255212106 0
823 5163.901070945855 662.5674793764863 0
824 5142.235433017113 540.6683959188316 0
825 5149.295781060951 682.9421798339141 0
826 5140.647092801439 659.7634941618087 0
827 5124.588183710855 679.2741917462326 0
828 5117.388191060242 657.624780472088 0
829 5115.435613136199 523.2133121681238 0
830 5126.850628713691 534.6454824691731 0
831 5099.899182824981 675.6793085986477 0
832 5093.782747647224 650.7687032913373 0
833 5075.179002344645 671.3221739829067 0
834 5066.562787589366 644.2463972444258 0
835 5049.945630038238 666.291725100021 0
836 4889.557835828055 512.8292814297013 0
837 5109.097231967813 508.6106848816575 0
838 5040.707475170937 643.0911613667522 0
839 5024.759742820245 662.6454697455761 0
840 4881.368259339544 527.3785866525715 0
841 5015.529502134346 639.6756049337141 0
842 4999.600235466814 659.4550940980691 0
843 4991.492766977236 636.7859964853764 0
844 4974.729755284538 655.8264555210767 0
845 4867.995932239408 537.5609751892696 0
846 5007.62582703009 617.3024367957894 0
847 5008.021792333785 688.5974335556698 0
848 5083.834442410221 695.0831489365905 0
849 4965.919599962986 630.3822384762742 0
850 4950.20883657849 651.1517405636084 0
851 5184.173317093697 711.517228577878 0
852 4940.22143119443 630.1490335142736 0
853 4926.735145669979 647.0437887154303 0
854 4933.374224221175 670.0525083491905 0
855 4908.166993050946 661.6978024147635 0
856 4852.725599500935 541.584360541195 0
857 4920.20850724716 627.4508803840833 0
858 4930.495014008771 613.0610410743984 0
859 4915.196346134147 687.6908751623095 0
860 4890.907762615563 680.6890985054437 0
861 4913.558670731594 610.3837354527271 0
862 4923.825462787077 597.4733304587968 0
863 4897.167508588935 705.5865641386854 0
864 4872.841746347127 698.5170607024395 0
865 4866.982257877666 670.861513425514 0
866 4848.592287222473 691.0011125707679 0
867 4842.378368115607 666.8365215384688 0
868 4836.746857220024 539.6616767216057 0
869 4824.264378672993 684.4873833228376 0
870 4818.025351760631 657.1185744533351 0
871 4799.921955297616 676.9725434472078 0
872 4792.120540841212 650.9205668662784 0
873 4775.340109161772 669.9871492948979 0
874 4767.896311244839 645.7510092487562 0
875 4751.161602062035 663.29883531546 0
876 4745.392101970008 639.1821365547789 0
877 4727.020589173258 656.2879530734433 0
878 4721.01743229173 633.5747506886391 0
879 4818.792229658592 527.5055675413316 0
880 4702.90376149765 648.9066146429707 0
881 4696.306536352179 626.2707708777469 0
882 4678.660258852401 641.7183801069747 0
883 4672.333339400107 617.7996849123751 0
884 4690.609406160337 600.0804416061272 0
885 4665.598962008153 593.2338533969636 0
886 4810.585693013131 513.6699009684809 0
887 4647.66411706233 611.5023894153245 0
888 4641.80867658039 586.1717438234524 0
889 4659.741113320496 567.6908972482286 0
890 4635.823049840877 561.3069256153181 0
891 4654.430746111404 542.7321597903924 0
892 4630.731511764542 535.9635117978514 0
893 4647.926982598797 520.3420960497197 0
894 4808.380721867524 497.7325190899745 0
895 4610.050452632549 555.9886517056416 0
896 4623.837157951364 512.2442455485264 0
897 4644.826549571138 493.8232209098222 0
898 4614.079306005582 488.5866293809866 0
899 4635.141654387394 464.3082591262336 0
900 4604.438274480591 458.1052816866897 0
901 4626.962282480347 436.9690796452475 0
902 4653.405429179362 443.2622369071166 0
903 4812.703721852459 481.691667298591 0
904 4647.692025647812 418.1712370745779 0
905 4618.842812790721 403.4303330422364 0
906 4671.575176146207 425.1476424757469 0
907 4666.235910164019 400.9018177531111 0
908 4694.297522757927 407.7640287871097 0
909 4685.344843845243 383.5111178475985 0
910 4710.041633794492 388.0482141853223 0
911 4822.513570682395 468.8689749009481 0
912 4703.464113713271 365.7855245357144 0
913 4727.568034115159 373.1321476734846 0
914 4721.677669597564 348.8830241452668 0
915 4748.975194647808 358.2012186483378 0
916 4836.091553006019 460.4578956939528 0
917 4697.468450570805 341.5353082679528 0
918 4740.629236272829 331.9558800141409 0
919 4764.330640226023 338.9884526645929 0
920 4675.587456155269 524.5238336127825 0
921 4705.108130184452 672.6790912851311 0
922 4781.698732876863 697.0013742348544 0
923 4855.681778053549 712.5098534507681 0
924 4826.437570531452 534.1577629877833 0
925 4758.657600838787 314.3906168036287 0
926 4781.765801181175 320.5691312028633 0
927 4697.332779407709 433.5044866251913 0
928 4777.143412582859 295.9770501991439 0
929 4801.152336288294 304.1058864896404 0
930 4749.449840884088 287.9037971297854 0
931 4805.439780714123 330.2057446848685 0
932 4852.554769098633 458.3999569352083 0
933 4825.206409545909 311.854361100704 0
934 4831.862853986678 335.8001002463665 0
935 4849.17720268326 319.1070038332389 0
936 4854.465907300511 343.485187318125 0
937 4870.6995821199 326.4193313526233 0
938 4876.687156694335 346.3548786745278 0
939 4884.739359792914 477.7932140479535 0
940 4891.308042965526 331.3320175444048 0
941 4873.122173542389 465.4417905824677 0
942 4896.664892066801 350.8714896374811 0
943 4912.513228664406 335.6656021162513 0
944 4917.381142343813 357.8184537653322 0
945 4935.516424143547 340.8133154110294 0
946 4940.188172434099 366.5643943754779 0
947 5110.973300323162 486.8722491663792 0
948 4890.588661023704 491.5349077969236 0
949 4959.53958526255 348.1409125245617 0
950 4965.585135854967 372.502750986765 0
951 4983.869687055136 355.5083284523358 0
952 5118.631740660456 472.621413347429 0
953 4988.105501545033 383.297047246718 0
954 5007.843435884006 363.3821582080401 0
955 4979.472365780209 331.4907621300484 0
956 4906.220107783306 313.311301477723 0
957 4883.317655068851 362.5635183043789 0
958 5015.276920000697 389.0248629115665 0
959 5030.234253118249 369.9237926398765 0
960 5131.149471262216 463.3672133724053 0
961 4997.071960902246 406.9218657383726 0
962 4863.116638633592 460.5911736025118 0
963 4843.82606383449 294.7013000557588 0
964 4836.479665532502 355.8367919935896 0
965 5020.50178736662 412.5829853071334 0
966 5001.174833626007 431.5097740751339 0
967 5339.617032514627 468.2693711733814 0
968 5314.151669276092 470.6810540656267 0
969 5324.620842347603 447.6250607775795 0
970 5299.475085078578 450.8297214975279 0
971 5163.062749463144 460.36988606411 0
972 5177.621588576178 468.9656400551305 0
973 5152.360618822603 458.3393611080814 0
974 5141.622022040498 459.3747704031877 0
975 5184.931430196431 476.6536649688069 0
976 4750.053389986788 380.7988309969792 0
977 4948.707337078327 389.2755264454073 0
978 4761.252982223806 624.8860644771105 0
979 5221.559076300227 629.0327672056653 0
980 5592.054899007584 400.662747922409 0
981 5083.202511972805 629.7555441557859 0
982 5308.633117109201 428.2170950764681 0
983 5285.269659506228 432.6046897017277 0
984 5277.699460416029 449.8773439851475 0
985 5267.29311333946 435.1076015734486 0
986 5271.625266905249 418.7724478662368 0
987 5252.61883816256 424.8346101921716 0
988 5258.85323557906 407.0815204926094 0
989 5241.62664888942 411.7579480105249 0
990 5247.136383459532 394.3610608684448 0
991 5230.91773763326 399.481398722475 0
992 5234.414972327376 384.8919932103853 0
993 5219.2508081559 387.5275018303975 0
994 5225.102054466509 372.4230465105829 0
995 5207.670254413908 375.633160579353 0
996 5210.913492472162 359.617002496156 0
997 5264.31756996401 387.88880161703 0
998 5232.385738979358 354.5912716305674 0
999 5215.725508401376 338.8640658111225 0
1000 5194.827411695381 364.1707712829612 0
1001 5191.697806144671 382.8134320322708 0
1002 5178.662577754992 369.200906860586 0
1003 5174.325789321954 385.2040963224896 0
1004 5162.410838841157 374.0301761347411 0
1005 5166.406356334363 357.2448111225083 0
1006 5258.22422347475 450.7774714771791 0
1007 5159.068801924218 390.2557962440467 0
1008 5150.308874903034 362.3404978234957 0
1009 5154.69728774741 345.0321856189893 0
1010 5287.536275001945 550.3065955735697 0
1011 5223.947326402531 415.3796166423729 0
1012 4838.02767995102 644.2915734955063 0
1013 4907.983140334339 594.662243872012 0
1014 4918.710094069324 582.2472744467436 0
1015 5022.892976987711 437.0437098567675 0
1016 5009.374253371848 450.4340178640379 0
1017 5026.378526110641 455.0549474055037 0
1018 5013.895168934358 466.8946677217668 0
1019 4997.844950417903 463.4889569433982 0
1020 5030.015410011378 471.1947810992391 0
1021 5002.307923824359 479.1788837815929 0
1022 4985.864599149 475.4967553117095 0
1023 4990.851871599652 491.5026076527471 0
1024 5040.335010882566 445.0860923474453 0
1025 4973.991745540301 487.4829379766427 0
1026 4978.993732448709 503.4978232710509 0
1027 4995.830224082008 507.4844761088393 0
1028 4984.417813718397 519.9122311594563 0
1029 4965.646488672056 517.0487686800436 0
1030 4932.438187034006 587.2153486251361 0
1031 5000.951495950366 523.6114533094025 0
1032 4771.120364448208 265.4312526793653 0
1033 5138.10450581851 350.0033555215422 0
1034 5142.902686611872 329.4694133515899 0
1035 5154.213725285888 642.3778069923831 0
1036 4969.215925275539 471.6959294148594 0
1037 4957.510218309203 483.353618612971 0
1038 4952.520243712789 469.0672333069453 0
1039 5257.546377939986 587.863926853199 0
1040 4903.068977142574 581.9106897806416 0
1041 4910.229515026183 572.3841213085284 0
1042 4894.324059687705 591.5399535282594 0
1043 4890.087237834537 578.4905833280819 0
1044 4882.398596918381 588.1068473096497 0
1045 4738.508883285655 256.21663863161 0
1046 5612.279398026462 456.0632793910586 0
1047 5650.287526263141 409.1505926676464 0
1048 5675.647979998724 471.6752486608503 0
1049 5720.610967202747 417.8415841335744 0
1050 5749.716261098729 488.6109097657753 0
1051 5799.933920522059 425.066037176008 0
1052 5830.152482739972 504.7055556883604 0
1053 5885.336989802862 435.4738117568854 0
1054 4885.858296663708 600.6930066565426 0
1055 4874.29001874089 595.4600833201482 0
1056 4871.700285958215 584.7557541660536 0
1057 4863.471821259001 591.6483688407443 0
1058 5268.60365313793 465.1199915633276 0
1059 5251.917045536667 465.5717251404134 0
1060 5168.978328764621 400.0124162293204 0
1061 5155.869382689448 403.7153907765508 0
1062 5164.763228002587 412.5995619379543 0
1063 5146.067820927558 395.4993650721007 0
1064 5144.253130669123 407.0226592667145 0
1065 5134.955138831842 400.5432787605941 0
1066 5133.419622994514 411.1733724033897 0
1067 5124.42911368009 404.9513178303512 0
1068 5122.95440201267 415.5031932274056 0
1069 5114.087001298645 409.4647141685393 0
1070 5113.148907592207 422.4453083440769 0
1071 5103.881325017153 414.4273332289073 0
1072 5102.51278249962 426.3062009360111 0
1073 5105.025773699537 402.9798866069578 0
1074 5916.251865011529 522.6268050566694 0
1075 5976.922703665155 451.0970268686389 0
1076 4861.039562021134 581.5339584784672 0
1077 4852.655387104779 588.4682763189491 0
1078 4580.348777309877 483.7140108044782 0
1079 4922.706114796641 712.8725809988618 0
1080 5093.558345307362 418.9534354515864 0
1081 4851.013409989586 576.414859752011 0
1082 4842.068912788142 584.70619493815 0
1083 5121.346419478567 339.3146186317744 0
1084 5127.812400689021 313.1243383172732 0
1085 5092.416255603798 429.9416400110368 0
1086 5101.522506040948 436.5476000126857 0
1087 5091.426709183764 440.9400949642888 0
1088 5262.154905280064 478.840457267199 0
1089 5246.285335117409 479.9705975731693 0
1090 5237.948032265559 467.8320875277293 0
1091 5230.360207921932 478.0836123271098 0
1092 5236.253910809161 488.8270921655753 0
1093 5226.629090250431 467.538991834363 0
1094 5238.052639331141 332.5839114387059 0
1095 5219.588889263472 315.3428093540622 0
1096 4840.152051428826 573.3139785970377 0
1097 4832.19050433334 579.7970699953372 0
1098 4827.716170934194 570.2222882610397 0
1099 4821.650508537168 578.4127628581257 0
1100 4819.146708109965 566.4770946206775 0
1101 4811.67293450932 575.1198641535625 0
1102 4807.899389362457 562.800264710444 0
1103 4800.823899321529 571.6780295653838 0
1104 4797.974427706952 560.9517864688015 0
1105 4790.099732160136 568.3099303278984 0
1106 4788.489481027966 557.7362593337881 0
1107 4779.612520612631 564.850931788522 0
1108 4777.834535333523 554.0304994997258 0
1109 4768.970008701502 561.2943869198685 0
1110 4766.705379433633 550.2736174712608 0
1111 4775.574649467807 542.9822238721649 0
1112 4764.437653249699 539.2497710592299 0
1113 4772.698917462427 532.460737856573 0
1114 4762.066770408245 528.3132104642452 0
1115 4771.459975587015 521.2656366245423 0
1116 4759.951493188352 517.2789282925553 0
1117 4768.189630348598 509.6885225139517 0
1118 4757.540249669086 506.1646904157958 0
1119 4765.777760843465 499.1135179392311 0
1120 4755.91639431162 546.6765974084076 0
1121 4755.222757722306 495.20414484413 0
1122 4763.475894158732 488.1785877518921 0
1123 4814.345460417599 586.0705203447893 0
1124 4746.698030120754 503.7194703698173 0
1125 4753.27715990674 484.2504563896325 0
1126 4761.715845111477 476.6795099664827 0
1127 4771.172148705793 480.6484846520261 0
1128 4769.673449850876 469.2205002137383 0
1129 6008.615498817662 543.0994382586163 0
1130 6073.137850028858 466.89422614578 0
1131 6106.973650640384 560.5531549681941 0
1132 6171.097203678197 483.8735298443796 0
1133 4759.520871053771 465.5553815416538 0
1134 4767.565069490162 458.1396153430416 0
1135 4777.540801044055 461.3705566806625 0
1136 4775.870807309691 450.6370096836332 0
1137 4764.846657006362 447.1980874639244 0
1138 4773.576672140242 439.6534596657281 0
1139 4784.308032482006 443.1849214274345 0
1140 4782.042597382202 432.1703205769269 0
1141 4792.714549481187 435.7713443471412 0
1142 4790.45938961332 424.7038481356758 0
1143 4801.426809240119 428.2450786373028 0
1144 4798.918950135923 417.2213720307589 0
1145 4809.908891072095 420.7006213648328 0
1146 4762.110788260223 434.2179723752429 0
1147 4807.279798746349 409.7428060742934 0
1148 4818.017108307135 413.2756687901206 0
1149 4820.601186352591 424.2299195898535 0
1150 4828.707067414358 416.814681030132 0
1151 4900.77660250894 734.0048447812997 0
1152 4932.016117062873 743.349957856808 0
1153 5026.668769515553 345.0534229951227 0
1154 4750.88944241345 523.9449466970763 0
1155 5133.644285204958 702.8495795583929 0
1156 5628.249725596355 356.3188821494522 0
1157 5341.839170137513 583.835540377861 0
1158 4570.079399559265 449.520146746405 0
1159 4544.04103721638 477.1428108771153 0
1160 4532.126765622762 436.3431443219114 0
1161 4500.502394214204 471.1874022395309 0
1162 4486.506769017679 423.2810730879452 0
1163 4450.4516296885 462.7727024629866 0
1164 4436.598512813656 410.3749198506528 0
1165 4398.592060268989 452.7880622586707 0
1166 4413.270502683276 504.577693613649 0
1167 4355.831263167044 489.2541465404681 0
1168 4375.921267545109 549.5370274402428 0
1169 4308.495177883126 530.3980304522098 0
1170 4342.550135002362 429.5318020373201 0
1171 4481.07027676429 364.3446651197851 0
1172 4329.261350929371 602.1931931306286 0
1173 4252.636949398308 582.3919973621336 0
1174 4408.744302279509 604.2966415783203 0
1175 5130.496620183929 421.6711325066831 0
1176 5124.575390391012 389.5167443450485 0
1177 4875.286733332961 609.0389783344044 0
1178 4942.151784956523 481.2270342066541 0
1179 4938.345802862807 467.1728181262551 0
1180 4930.2731337754 475.5453520930416 0
1181 4926.750856807474 464.6444318933643 0
1182 4931.231005794105 486.1384927315009 0
1183 4933.7709278989 455.8277830639455 0
1184 4922.716411345551 454.0246285759485 0
1185 4929.539235584492 445.1872075350781 0
1186 4918.428225072217 443.5729495772152 0
1187 4911.636525733489 452.0805016145111 0
1188 4905.707509762973 441.776500605052 0
1189 4913.980983536328 433.0930977157331 0
1190 4902.920996939265 431.0413432012846 0
1191 4909.998920722252 422.5901028111423 0
1192 4898.896427495922 420.9640647186986 0
1193 4891.178591489507 429.7102888061058 0
1194 4887.769998821384 419.4261944511987 0
1195 4880.369062834454 427.4790504432918 0
1196 4876.5887517643 417.6867084076536 0
1197 4870.239458874915 426.9442353309075 0
1198 4868.879713950002 573.9180209670312 0
1199 4989.562843565565 536.0636792716195 0
1200 5006.050015920892 539.7190770897195 0
1201 5017.447119819516 527.2743659277216 0
1202 5022.531505728453 543.3691037672191 0
1203 5035.336568077111 529.832852660949 0
1204 5038.588741678725 546.940091611546 0
1205 5050.248986923404 535.9345333272706 0
1206 5053.690132549786 549.0171224712207 0
1207 5063.254042581653 539.6636772645174 0
1208 5060.14571379087 527.7378962865339 0
1209 5066.566095051551 552.0465872686058 0
1210 5057.224368246034 562.6407407064671 0
1211 5074.763443442937 542.9986718172261 0
1212 5078.470456438436 554.3085849546055 0
1213 5085.372434326281 546.2693264775106 0
1214 5089.644007004489 556.7487004529091 0
1215 5082.235304592554 535.0268816839782 0
1216 4765.167211505342 230.4019060552019 0
1217 4728.839549469256 219.9132236706055 0
1218 4702.030063424021 248.9047573647761 0
1219 4905.66780921431 767.4796875957427 0
1220 4941.389058927401 778.0620716260264 0
1221 4784.347897165042 535.3271403912809 0
1222 4830.325244521503 427.7103556654495 0
1223 5774.011112927407 562.607313903289 0
1224 4795.930493888909 447.1605886811553 0
1225 5334.845887992141 424.7592084482188 0
1226 5224.85357880067 487.0672460224814 0
1227 5227.893451828286 498.7170609810891 0
1228 5239.887691412644 499.5920842398888 0
1229 5232.927311621678 508.087094255553 0
1230 5244.012068229566 509.9098416104018 0
1231 5236.956272891707 518.6366998520047 0
1232 5225.064633751897 517.1482189417968 0
1233 5229.837843853506 527.3262284517662 0
1234 5219.416067611319 526.2798015144554 0
1235 5223.249955827471 534.8555971864344 0
1236 5213.72150089254 533.6577504891075 0
1237 5217.697670217751 542.3664808028248 0
1238 5207.602771488683 541.2630367520667 0
1239 5212.208617981922 549.9308320973646 0
1240 5202.824168139654 549.3570381879979 0
1241 5206.872484150643 557.6309230940376 0
1242 5197.854602706749 556.6017162193183 0
1243 5201.527192191152 565.6307030705142 0
1244 5190.468451220752 563.0515441082772 0
1245 5195.162017733595 574.1556678462597 0
1246 5184.537971652667 572.5178206535352 0
1247 5188.494644380469 582.9689322666118 0
1248 5176.167095956906 579.9000263808882 0
1249 5233.510624942583 536.9303114469474 0
1250 5181.271374757703 591.511411535042 0
1251 5170.124759184593 589.7277436536946 0
1252 5164.749010994186 579.6361671142579 0
1253 5158.955684283334 588.2162642093683 0
1254 5154.936124267105 577.7948493344973 0
1255 5148.078824265085 586.4851037366932 0
1256 5144.622190614064 574.5279579835046 0
1257 5137.11049681841 584.483719769143 0
1258 5133.001831298144 574.2235790652423 0
1259 5126.410097727547 583.3114253380807 0
1260 5130.05416902142 593.4873106691509 0
1261 5119.102246294504 591.9017836120429 0
1262 5194.666810162018 549.1129529599982 0
1263 4919.077548593605 472.5763739839628 0
1264 4823.435296295354 434.243101079943 0
1265 5082.564064356375 423.7404865339307 0
1266 5084.175577752966 410.2007867143166 0
1267 4794.747266986915 405.101199441494 0
1268 5244.061033088305 308.7156795036196 0
1269 5224.678033642608 289.8229352214388 0
1270 5261.554885841833 326.9902953748173 0
1271 4420.547478243636 360.3747862208145 0
1272 4459.890861644755 312.7820941629651 0
1273 6205.416683805777 577.7471808844987 0
1274 6269.52752839049 500.9701320277018 0
1275 5176.545893591804 410.2303857919874 0
1276 5171.829643968083 421.5792251442126 0
1277 5210.663881358483 526.5057992533011 0
1278 4692.293557075018 210.108643295858 0
1279 4663.011562396344 240.7108414048289 0
1280 4792.91696568433 579.2989045647298 0
1281 4771.374816012565 573.0306509785203 0
1282 4758.478717456826 568.5821653955841 0
1283 5199.782558988379 584.1896600579162 0
1284 5211.831939592581 566.8096089303622 0
1285 5095.7560520175 548.1394404875293 0
1286 4864.79305815371 417.453551933716 0
1287 5082.971522964764 565.2180672824747 0
1288 6303.964901004227 594.8565659251776 0
1289 6368.051683292917 518.0875116353783 0
1290 6402.493697021597 611.969795711075 0
1291 6466.577138038077 535.2011717978164 0
1292 4774.937731382494 503.682114279622 0
1293 4401.348865613621 306.188582117322 0
1294 4445.227688000709 260.6475798332781 0
1295 4815.686876532741 402.2672764546902 0
1296 4895.776819412973 410.2801143935247 0
1297 6333.59728662594 424.1942688592818 0
1298 5100.467654433533 446.1010911295805 0
1299 5092.474818673265 452.2878728208117 0
1300 5108.551951424859 442.992981689826 0
1301 5107.808439548123 450.8570794271999 0
1302 5115.041917981887 448.0452172971571 0
1303 4777.871753904864 420.5618978597257 0
1304 4751.475361214487 443.1868014393756 0
1305 4619.088772203533 603.09161733182 0
1306 4625.738127755772 633.8159014805826 0
1307 4592.522497727522 623.822676581874 0
1308 4601.11261087987 659.8742276462774 0
1309 4565.362387272148 648.9818804154798 0
1310 4572.631244488981 686.1993867744034 0
1311 4611.369942480984 697.7935607407758 0
1312 4579.786565041695 726.6458148084598 0
1313 4628.991702786302 738.7732289478117 0
1314 4532.599985073616 713.0726004801107 0
1315 4556.777905607732 609.219990097578 0
1316 5099.713492917833 558.1068900461161 0
1317 5106.175700788268 551.2242119450675 0
1318 5103.304215627912 543.4244189533068 0
1319 4901.20644657201 451.3126084280266 0
1320 5316.953237604496 401.6242783187721 0
1321 5180.186382058743 562.9172296721873 0
1322 5182.722703089928 420.4515286963051 0
1323 5177.851369725729 431.9172714785144 0
1324 5167.267744088515 432.1194854268848 0
1325 5189.319357876181 429.6930105400321 0
1326 5185.495953586857 439.5206585418935 0
1327 5194.709938610447 438.0857864484365 0
1328 5191.528457246515 446.2620882239424 0
1329 5183.390699596428 447.8550976059659 0
1330 4359.913104233878 665.5851184337905 0
1331 5103.846839833857 320.5630927478708 0
1332 5110.317832877909 295.8583772716655 0
1333 5134.956852911019 289.5312288804712 0
1334 5119.040784747936 271.0150966447145 0
1335 5091.217123354861 278.4004440152222 0
1336 5099.737110324768 248.011838207732 0
1337 5132.649775785446 244.4154218206692 0
1338 5068.058225528568 256.622653298838 0
1339 5078.013585550213 222.6179622398048 0
1340 5042.254769476923 231.675102725211 0
1341 5097.382547600728 345.0852881556689 0
1342 5053.005936651454 195.9715513676599 0
1343 5017.150141732689 205.1440808645769 0
1344 5088.333932907119 185.2035817706906 0
1345 5199.804775266813 445.2853618441005 0
1346 5196.641572352096 452.6775245836224 0
1347 5027.866623995973 163.1974663523894 0
1348 5248.002894083549 520.8277317222794 0
1349 4844.203908937034 595.890587618673 0
1350 4921.523295022078 424.1232517135743 0
1351 5345.768954199305 401.5391605878297 0
1352 5330.390565855572 377.9485048516976 0
1353 4836.886745794384 564.5609599512577 0
1354 4501.407504217286 274.4778997605749 0
1355 5252.721216267399 281.7371325398518 0
1356 5232.522560881742 259.1085094108982 0
1357 5538.46208242326 230.9423051005456 0
1358 4941.080028575237 446.6428688217838 0
1359 4659.717641902338 376.7381250721735 0
1360 4916.703534858219 412.1699526906353 0
1361 6501.019521358304 629.0828094483807 0
1362 6565.102421573557 552.3142871273967 0
1363 6530.660064737081 458.4327396411742 0
1364 6629.185025353678 475.5456785680146 0
1365 6663.62728489334 569.427165891329 0
1366 6727.709907008091 492.6585686341338 0
1367 6762.152153377015 586.5400478239584 0
1368 6826.234776360685 509.771451099575 0
1369 6860.677020671775 603.6529290143096 0
1370 6924.759643507826 526.8843322002025 0
1371 6890.317399653708 433.0028545681737 0
1372 6988.842266288266 450.1157353519565 0
1373 7023.284510097994 543.9972129565282 0
1374 7087.367132762924 467.2286160369229 0
1375 7121.809376594387 561.110093654923 0
1376 7185.891999244346 484.3414967260705 0
1377 7220.334243076277 578.2229743443609 0
1378 7284.416865723235 501.4543774136533 0
1379 7318.859109555329 595.3358550320443 0
1380 7382.941732201799 518.5672581010348 0
1381 7417.383976033855 612.4487357194009 0
1382 7481.466598680177 535.6801387882992 0
1383 7447.024354848096 441.7986611699185 0
1384 7545.549221326479 458.9115418571863 0
1385 7579.991465158566 552.7930194755684 0
1386 7644.074087804864 476.0244225444542 0
1387 7678.516331636951 569.9059001628352 0
1388 7742.598954283248 493.1373032317197 0
1389 7777.041198115334 587.0187808501012 0
1390 7841.123820761632 510.2501839189847 0
1391 7875.566064593718 604.131661537368 0
1392 7939.648687240016 527.3630646062509 0
1393 7806.681576929548 416.3687063006 0
1394 7974.090931072101 621.2445422246358 0
1395 8038.173553718399 544.4759452935198 0
1396 8003.731309886315 450.5944676751348 0
1397 8102.256176364699 467.7073483624047 0
1398 8136.698420196781 561.5888259807905 0
1399 8200.781042843082 484.820229049675 0
1400 8235.223286675164 578.7017066680604 0
1401 8299.305909321465 501.9331097369453 0
1402 8333.748153153549 595.8145873553303 0
1403 8397.830775799848 519.0459904242155 0
1404 8363.388531967765 425.1645128058312 0
1405 8461.913398446148 442.2773934931004 0
1406 8496.355642278231 536.1588711114848 0
1407 8560.438264924527 459.3902741803677 0
1408 8594.880508756611 553.2717517987525 0
1409 8658.963131402912 476.5031548676362 0
1410 8693.405375234999 570.3846324860206 0
1411 8757.487997881301 493.6160355549061 0
1412 8791.93024171338 587.4975131732917 0
1413 8856.012864359684 510.728916242179 0
1414 8890.455108191762 604.6103938605655 0
1415 8954.537730838067 527.841796929456 0
1416 8920.09548700599 433.9603193110691 0
1417 9018.620353484373 451.0731999983481 0
1418 9053.062597316448 544.9546776167364 0
1419 9117.145219962757 468.186080685628 0
1420 9151.587463794829 562.0675583040194 0
1421 9215.670086441136 485.2989613729104 0
1422 9250.112330273208 579.1804389913002 0
1423 9314.194952919517 502.4118420601923 0
1424 9348.637196751588 596.293319678583 0
1425 9412.719819397898 519.5247227474755 0
1426 9279.752709087445 408.5303644418 0
1427 9447.162063229969 613.406200365869 0
1428 9511.24468587628 536.6376034347602 0
1429 9476.802442044209 442.756125816367 0
1430 9575.327308522592 459.8690065036543 0
1431 9609.769552354672 553.7504841220579 0
1432 6594.742778317215 381.6641990394783 0
1433 8723.045754049217 399.7345579365209 0
1434 7151.449755412949 390.4600191081095 0
1435 4831.716705300692 437.0932258827858 0
1436 4825.799972534369 442.8399046894106 0
1437 8067.813932532616 373.8258707440192 0
1438 4984.066691412993 177.604375264958 0
1439 4994.657570976688 552.1680768240647 0
1440 4978.181517090269 548.5230542215373 0
1441 4808.38876015584 553.1934146361868 0
1442 8984.178109652299 357.19172237996 0
1443 4756.062587212653 193.586587858426 0
1444 4792.476268873082 204.2924255038389 0
1445 5255.582206530892 511.0969414168893 0
1446 4913.651866320454 803.5194302323548 0
1447 4876.05888654429 790.6205807649831 0
1448 4949.482641424026 815.8095854250578 0
1449 4979.165247649453 788.1727195154426 0
1450 4988.009894938646 829.8138096159536 0
1451 5021.077362827462 800.7188066549713 0
1452 4653.098577056867 195.1257183015057 0
1453 4872.471080538909 407.4188322717701 0
1454 4861.196807928206 405.9628136491522 0
1455 8629.322752588694 647.1532294171458 0
1456 5174.100050184302 600.741406582143 0
1457 5187.037831620541 602.7509847586532 0
1458 4486.314958369983 219.5609720195002 0
1459 7511.106977494393 365.0300642388039 0
1460 5943.905962560738 357.8021434246743 0
1461 5152.180883812509 596.612124195261 0
1462 4588.4102496661 775.4660415048195 0
1463 4633.368763308267 788.0389653780105 0
1464 5151.47005796032 567.6411464316042 0
1465 4748.426122241718 428.0687152423898 0
1466 5218.04040002594 494.8105493092823 0
1467 5215.184656827653 486.7265282235622 0
1468 4983.169758005578 564.529801043045 0
1469 5943.123267254114 605.3513711977453 0
1470 5123.161748744968 602.7463242727121 0
1471 5112.283897847403 599.2540292323321 0
1472 4782.872806146734 164.6439943847915 0
1473 4819.824194234699 177.4063741665823 0
1474 4808.274497198188 136.9315775287156 0
1475 5230.709132903165 458.0268499525679 0
1476 7712.958575469038 663.7873777812189 0
1477 4874.454570286769 435.7913543738003 0
1478 4864.972008579225 434.8543069021896 0
1479 5010.381059689176 244.3416294385116 0
1480 5210.311710251096 493.1098010664807 0
1481 5211.772547998788 500.2427150853794 0
1482 5206.71975914579 486.6566132223382 0
1483 6136.760149656498 389.9764674962616 0
1484 5110.609826146459 545.5104832296151 0
1485 5113.54553704887 552.4665048399086 0
1486 5751.635695066834 342.2817877426072 0
1487 9540.885064690523 365.9875288852653 0
1488 7412.58211101601 347.9171835515353 0
1489 4867.600697752344 442.3237440022759 0
1490 4874.993498381742 444.5238053895561 0
1491 4860.037990060419 441.2455024798543 0
1492 4856.799116485734 434.4752540913404 0
1493 4852.648880656042 440.6479127437995 0
1494 7156.251620430817 654.9915712759939 0
1495 5204.712249096916 451.9516213547745 0
1496 5201.119776864232 458.8151622058969 0
1497 5207.794149692115 445.3484241094656 0
1498 9186.029707626903 655.9490359224023 0
1499 6239.818874385294 671.654419742212 0
1500 8427.471154614062 348.3959158747156 0
1501 5026.995563754868 559.3502684427676 0
1502 5081.990876425041 445.8944559775065 0
1503 5082.589874299168 456.9897128938322 0
1504 5090.915682353374 462.4943129621337 0
1505 5082.445614762655 467.0859005764844 0
1506 5090.49143637345 471.4204227498313 0
1507 5083.013783543905 475.7817311510369 0
1508 5090.266979717118 479.3960523328201 0
1509 5083.556824309705 484.0061839749434 0
1510 5108.401425936339 497.4685502708529 0
1511 5075.157268983457 480.6547559446431 0
1512 5077.038589672554 489.2314896805298 0
1513 5084.566356527786 491.6232453404967 0
1514 5079.071551242692 496.9011567638029 0
1515 5072.386746560327 494.8112635567775 0
1516 5086.187895185153 498.9754266900543 0
1517 5080.95452841356 504.2051095536907 0
1518 5088.019243651406 506.2511351928702 0
1519 5097.704583453428 467.3658189610437 0
1520 5073.63481621821 461.3826034269566 0
1521 4671.468570191068 760.6659374893668 0
1522 4677.57933533946 805.8877657452039 0
1523 4709.203514765624 773.3206713388156 0
1524 5358.950104851185 374.6300196862182 0
1525 5340.739061145789 352.436999841548 0
1526 5377.630961980713 399.6575717545715 0
1527 5193.578311510769 459.5300339149784 0
1528 5197.930490612222 465.6406825130626 0
1529 6954.400022430149 356.2342577174871 0
1530 6855.875155947428 339.1213770275402 0
1531 4886.37434159358 829.8029183030847 0
1532 4845.46992156839 815.0226491765513 0
1533 5164.00110066813 327.2565933046693 0
1534 4524.286826779658 640.0264806188474 0
1535 6796.594398102121 680.4215259956401 0
1536 5091.653140623181 494.2975877095016 0
1537 4856.675442943939 861.3712483480665 0
1538 4812.968308952626 846.5484476265738 0
1539 5114.163761821001 455.5393158073848 0
1540 9639.409931168906 383.1004095725517 0
1541 8328.946288135678 331.2830351874479 0
1542 5306.76229820876 491.8555668251393 0
1543 4532.831468272252 768.6023962997042 0
1544 4386.742917815614 239.000672796817 0
1545 4332.537321254504 290.8165166074892 0
1546 5261.042631142431 522.7447631282415 0
1547 4839.463115223989 421.0243682157209 0
1548 4836.318352394353 409.7292900884594 0
1549 8269.665530507245 672.5831842864446 0
1550 4519.547386233991 510.7362824264699 0
1551 4828.901891214644 214.8295057829807 0
1552 4856.36776243981 188.3292485083704 0
1553 4865.452047256864 225.2719364157117 0
1554 5071.4844143842 415.8016488851753 0
1555 5073.050318979857 400.1718219265115 0
1556 4868.341145714385 396.9201913990911 0
1557 4856.352610121146 395.272393949399 0
1558 5082.72465625414 511.7420749599997 0
1559 5090.006658960407 513.5250659135048 0
1560 5076.108613657513 509.2610569204272 0
1561 5189.092283652414 410.160623822047 0
1562 4761.145313760192 582.5363741907669 0
1563 4746.290805566332 577.3600340295304 0
1564 5027.42377542249 515.6263361451807 0
1565 4818.034773844732 440.8968773585556 0
1566 4820.835771848668 448.6038995971148 0
1567 5116.118344966513 440.5581608195174 0
1568 5122.143771912079 445.452253298558 0
1569 5109.239114811254 538.1317027481559 0
1570 4833.402529983199 446.0625529920807 0
1571 5269.884005293766 510.0112150493148 0
1572 5107.103877121058 588.2917372611294 0
1573 4966.650421104175 560.8868760911873 0
1574 4971.871011633629 577.0646118278963 0
1575 4745.448508242691 154.4649523035268 0
1576 8368.19039698563 689.6960649737161 0
1577 5223.474154226142 552.2312487663527 0
1578 7476.664733662308 271.1485866204195 0
1579 7575.189600140692 288.2614673076906 0
1580 8393.028910781975 254.5144382563315 0
1581 5200.709971242287 269.3700169701104 0
1582 5205.624350855279 235.1918674614832 0
1583 5241.944168910691 224.619109520764 0
1584 5213.176274798804 198.6286129489755 0
1585 5254.61267341388 185.9583073826642 0
1586 5228.691175846828 154.8845536048011 0
1587 5118.074098911774 546.1156465505327 0
1588 5120.948219870209 553.6572698376044 0
1589 5116.297217977183 559.3725308846675 0
1590 5125.899918017557 548.2201678457072 0
1591 5497.326017567269 136.587555012926 0
1592 7353.301353387551 689.2173326505138 0
1593 4963.198303669369 455.6399230092413 0
1594 4619.20714020518 224.2343855529235 0
1595 4633.00446903884 272.3980892515328 0
1596 8826.372485545462 681.3789907916785 0
1597 8924.897352023843 698.4918714789494 0
1598 4804.0269632667 801.6352869639416 0
1599 6895.119264732475 697.5344067743342 0
1600 7451.826219865958 706.3302133377954 0
1601 4905.375435081755 459.3528663504416 0
1602 4896.688426983349 458.103028868839 0
1603 4899.712275213775 465.1878655058305 0
1604 4893.002235903745 451.4843966092167 0
1605 4889.046952830488 458.1458488320096 0
1606 5034.317130825993 848.0838342809019 0
1607 5064.070760254291 813.8587067670375 0
1608 5051.285417715219 774.4744766794396 0
1609 5091.251696781545 787.7553712102814 0
1610 5102.955853916 822.8496968351864 0
1611 5128.743341779517 797.5312375239344 0
1612 5140.088663632995 831.9357155514815 0
1613 5166.225546165662 804.7674625636962 0
1614 5176.673145081865 842.4286534408765 0
1615 5204.655796696873 812.9922970294273 0
1616 5217.335870363999 857.7094632202065 0
1617 5245.528090730161 820.6727115025377 0
1618 5230.343583397469 783.6647025220204 0
1619 5268.604434121694 787.164665037626 0
1620 5289.228586850345 824.7333008513351 0
1621 5311.654120025645 782.2717597436326 0
1622 5334.441014458126 830.8187779539958 0
1623 5364.170390668109 793.1072701004942 0
1624 5345.177720140033 747.3013954057292 0
1625 5393.672928986849 755.5899561722449 0
1626 5372.797318585161 712.2279593518324 0
1627 5419.547626325307 713.2272839096454 0
1628 5444.286800522288 762.7546124507602 0
1629 5472.170813485232 706.617598653407 0
1630 5393.157840740135 672.9029483861716 0
1631 5499.790217808343 764.140842932651 0
1632 5530.591302900879 714.0329462346235 0
1633 5556.681165907083 768.709819370255 0
1634 5589.663119846056 714.6520861600796 0
1635 5620.227043496179 780.7746316271657 0
1636 5505.261598811859 668.332330252912 0
1637 5658.850129199642 721.2470576120847 0
1638 5620.4883944834 658.7747514787451 0
1639 5128.289667687697 554.9184256569625 0
1640 5078.467643175354 327.7718725931986 0
1641 5178.365632988568 614.274176501737 0
1642 6919.957778614693 262.3527801093811 0
1643 4560.076789090528 411.896821945035 0
1644 5331.464730070937 709.2489396292307 0
1645 5101.565161722746 536.268261733415 0
1646 5211.57306753622 479.7964660859884 0
1647 5205.136731227893 465.5489691934921 0
1648 8491.55377726036 271.6273189435987 0
1649 5097.883725670011 599.8269102375167 0
1650 4864.48765387842 385.0844158973318 0
1651 5472.607361154915 819.1065775757941 0
1652 8304.107774339329 766.4646619048284 0
1653 9383.079440583653 690.1747972969715 0
1654 9481.604307062036 707.2876779842632 0
1655 5145.042969188093 869.1144640118127 0
1656 6436.936843674757 705.8514835286002 0
1657 6535.462009519195 722.9643594554993 0
1658 4646.083358371538 704.2457142550529 0
1659 7910.0083084258 698.0131391557503 0
1660 8008.533174904183 715.1260198430225 0
1661 5095.397854977701 507.8920859928878 0
1662 5097.138262586379 515.7715663375554 0
1663 5695.108775046306 792.5798881623533 0
1664 6831.036642181263 774.3030037636313 0
1665 5184.322718985761 168.8059521066125 0
1666 5194.921018169338 125.28429815044 0
1667 5144.53164517094 138.104908712998 0
1668 4903.549094400916 622.7404765139588 0
1669 5113.166043390457 612.397720882132 0
1670 5128.094445604514 614.7607341825479 0
1671 5040.619266662418 428.1770347786581 0
1672 5177.470092672205 442.4972864000032 0
1673 5174.994458370685 449.8797478843362 0
1674 5180.891533011368 455.0051165540124 0
1675 5170.34108718456 444.1398416766797 0
1676 5250.570583395072 755.0100000500565 0
1677 4513.902287394199 595.788705776734 0
1678 5199.67080314255 429.6275388825101 0
1679 6496.216844041945 364.5504694258743 0
1680 6560.30037107209 287.7825890255432 0
1681 6658.825388337113 304.8955890631518 0
1682 8885.653243173916 340.0788416926815 0
1683 8949.735865820221 263.3102447615735 0
1684 9048.260732298606 280.4231254488499 0
1685 9442.360198212136 348.8746481979717 0
1686 7969.289066054233 356.7129900567481 0
1687 8033.371688700535 279.944393125635 0
1688 7934.82091879086 262.9806475931189 0
1689 7018.365600430911 279.5086009081468 0
1690 8131.896555178916 297.0572738129052 0
1691 4879.46828442698 398.5455049653949 0
1692 5001.202846129871 571.0986045103168 0
1693 4961.584303730965 545.3201484731886 0
1694 4950.653578286812 556.6931305745634 0
1695 4946.102536860422 543.1732269696313 0
1696 4936.619111117246 553.136297156851 0
1697 4932.900430094606 541.680634794968 0
1698 4940.328482051806 531.7957369675246 0
1699 4927.28321583322 530.1482451445048 0
1700 4921.731297944744 540.010634925407 0
1701 4916.704778405822 531.4817626919893 0
1702 4912.431640604145 539.0040720217443 0
1703 4908.592701853388 531.6902030352471 0
1704 4911.677073325576 524.7457732690808 0
1705 4904.424388611802 538.1237828209562 0
1706 4901.001953264016 531.3738449134275 0
1707 4896.864780403907 537.5563387341087 0
1708 4900.122695662576 544.3129745314457 0
1709 4892.655041596239 543.7540009149825 0
1710 4895.923854730989 550.5009831580765 0
1711 4888.445881596482 549.9532004858987 0
1712 4934.743053423106 521.7371480551175 0
1713 4884.827172792026 543.4911412993688 0
1714 4880.977181269049 549.9093638528486 0
1715 4884.236824247386 556.240778175061 0
1716 4903.412486623395 551.0858260509413 0
1717 4876.757114465875 555.7097912826957 0
1718 4899.690106688716 557.740111742678 0
1719 4920.829748593678 570.4226509952124 0
1720 5204.561541858314 497.9021221461743 0
1721 5206.197397801505 506.1583278385346 0
1722 4936.496328060257 436.3459951093703 0
1723 4873.82230539595 548.7010038485889 0
1724 4869.274967820877 555.0672331938702 0
1725 4866.759909583888 548.3221579667504 0
1726 4862.868299271725 554.2898611647388 0
1727 6461.676224723189 271.0728426449292 0
1728 5740.197632663629 722.4613626422953 0
1729 4950.000496034942 435.7914459925356 0
1730 4236.354581301301 501.360952755037 0
1731 4175.330894791195 553.7782879292479 0
1732 4164.84246037901 471.5170331313163 0
1733 4097.915307103981 522.7268582316161 0
1734 4085.831382637451 438.1599943196114 0
1735 4009.225238747362 493.1858668933071 0
1736 4110.038742457324 607.288066936658 0
1737 3998.58640973619 395.7462085262935 0
1738 3919.559080861412 455.8609493125527 0
1739 3932.835529791801 555.2130060173134 0
1740 3841.332253587572 518.8176770233366 0
1741 3826.668096969549 419.1718851198806 0
1742 3748.420493270433 482.5589447785594 0
1743 3733.129576271623 383.7072190199335 0
1744 3655.172719214623 446.5093958487978 0
1745 3670.532852504059 545.3849252653367 0
1746 3577.260081650858 509.2425284761644 0
1747 3561.916328414706 410.422944205543 0
1748 3484.006984159329 473.1218299383353 0
1749 3499.346251147292 571.9393601798822 0
1750 3406.097334661779 535.816828097284 0
1751 3390.758121885397 436.9999448413952 0
1752 3312.850034312434 499.6929263368786 0
1753 3856.685811966143 617.6619086595289 0
1754 3297.510527618957 400.8764225454574 0
1755 3219.602633178647 463.5691546547302 0
1756 3234.94215666957 562.3856367677732 0
1757 3141.694798923321 526.2618090657251 0
1758 3126.355282670666 427.4453176295133 0
1759 3048.447447053295 490.1379737948721 0
1760 3063.786962144975 588.9544667264666 0
1761 2970.539611148518 552.8306303304219 0
1762 2955.200096088796 454.0141373576664 0
1763 2877.292260383122 516.7067936367664 0
1764 2861.952745306161 417.8903006862137 0
1765 2784.044909643015 480.5829569105345 0
1766 2799.384424727063 579.3994498519571 0
1767 2706.137073985623 543.2756131274432 0
1768 2690.797558900438 444.4591201874848 0
1769 2612.889723243878 507.1517764033222 0
1770 2597.550208158732 408.3352834633131 0
1771 2519.642372502407 471.0279396788474 0
1772 2628.229238329112 605.9682693432154 0
1773 2504.302857417217 372.2114467388958 0
1774 2426.395021760922 434.9041029543915 0
1775 2441.734536846113 533.7205958943409 0
1776 2348.487186104635 497.596759169875 0
1777 2363.826701189825 596.4132521098256 0
1778 2270.579350448348 560.2894153853598 0
1779 2255.239835363158 461.4729224454091 0
1780 2177.331999706871 524.1655786608932 0
1781 2161.992484621681 425.3490857209427 0
1782 2084.084648965394 488.0417419364273 0
1783 2099.424164050583 586.8582348763772 0
1784 2006.176813309106 550.7343981519125 0
1785 1990.837298223915 451.9179052119624 0
1786 1912.929462567628 514.6105614274458 0
1787 1897.589947482441 415.7940684874966 0
1788 1819.682111826154 478.4867247029791 0
1789 1835.02162691134 577.303217642929 0
1790 1741.774276169861 541.1793809184597 0
1791 1726.434761084678 442.3628879785106 0
1792 1648.526925428385 505.0555441939903 0
1793 1633.187410343199 406.2390512540397 0
1794 1555.27957468691 468.9317074695219 0
1795 1570.619089772096 567.7482004094722 0
1796 1477.371739030621 531.6243636850057 0
1797 1462.032223945434 432.8078707450529 0
1798 1384.124388289144 495.500526960535 0
1799 1368.784873203959 396.6840340205824 0
1800 1290.877037547667 459.3766902360629 0
1801 1306.216552632856 558.1931831760199 0
1802 1212.969201891377 522.0693464515448 0
1803 1197.62968680619 423.2528535115922 0
1804 1119.721851149901 485.9455097270724 0
1805 1135.061366235087 584.7620026670248 0
1806 1041.81401549361 548.638165942554 0
1807 1026.474500408425 449.8216730026012 0
1808 948.5666647521357 512.5143292180832 0
1809 933.2271496669482 413.6978362781324 0
1810 855.3193140106596 476.3904924936153 0
1811 870.6588290958452 575.206985433567 0
1812 777.4114783543691 539.0831487091003 0
1813 762.071963269178 440.2666557691516 0
1814 684.1641276128921 502.9593119846392 0
1815 668.8246125276964 404.1428190446906 0
1816 590.9167768714133 466.8354752601807 0
1817 606.2562919566053 565.6519682001266 0
1818 513.0089412151337 529.5281314756704 0
1819 497.6694261299353 430.7116385357263 0
1820 528.3484563003231 628.3446244156156 0
1821 435.1011055588515 592.2207876911598 0
1822 1757.113791255047 639.9958738584101 0
1823 2021.516328394294 649.5508910918627 0
1824 1492.71125411581 630.4408566249533 0
1825 792.7509934395557 637.8996416490497 0
1826 3375.418364676374 338.1837645252555 0
1827 1011.134985323238 351.0051800626505 0
1828 2239.900320277969 362.6564295054591 0
1829 2985.879126260261 651.6471232361732 0
1830 2285.918865533538 659.1059083253105 0
1831 3421.437110789468 634.6331035938267 0
1832 1057.153530578797 647.4546588825056 0
1833 2939.860580963819 355.1976444689602 0
1834 2846.613230215708 319.0738077530374 0
1835 3514.68450835493 670.7569030739445 0
1836 1975.497783138726 353.1014122720122 0
1837 746.7324481839823 341.450162829203 0
1838 3079.126477006167 687.7709599549371 0
1839 1882.250432397253 316.9775755475461 0
1840 4074.057642854332 344.3539380359413 0
1841 3989.124619851031 296.636766476866 0
1842 1446.692708860248 333.9913778051023 0
1843 1353.445358118774 297.8675410806309 0
1844 1150.400881320272 683.578495606977 0
1845 653.4850974424962 305.3263261047426 0
1846 450.4406206440444 691.0372806311027 0
1847 357.1932699025638 654.9134439066452 0
1848 341.8537548173717 556.0969509667021 0
1849 2379.166216275015 695.2297450497758 0
1850 2582.210693073503 309.5187905234109 0
1851 2488.963342332017 273.3949537989535 0
1852 3282.170973578983 302.059979900808 0
1853 3359.325470650046 237.2783294060699 0
1854 3948.443822585983 653.9210612415193 0
1855 3872.148857069965 716.4530087656115 0
1856 2300.038071961496 761.0724141014313 0
1857 3810.977166146916 321.1718882786366 0
1858 3717.740603155904 285.0205922729085 0
1859 543.6879713855187 727.1611173555648 0
1860 1072.493045663981 746.2711518224564 0
1861 3779.247105113217 680.3726047652061 0
1862 3794.636181894072 779.1819601976757 0
1863 3701.370190196099 743.1135960975218 0
1864 3453.200598242257 275.1430031893849 0
1865 917.8876345817598 314.8813433381826 0
1866 995.7954702380512 252.1886871227006 0
1867 1850.361141996525 676.1197105828796 0
1868 1772.896673426884 737.667892401809 0
1869 1089.042820979529 288.3125238471697 0
1870 2146.652969536492 326.5325927809922 0
1871 2224.560805192778 263.839936565508 0
1872 2206.58733644381 725.4735795163249 0
1873 885.9983441810309 674.0234783735189 0
1874 808.0905085247423 736.7161345889976 0
1875 1679.279850113196 702.4977843411286 0
1876 1711.095245999491 343.5463950385599 0
1877 1617.847895258014 307.4225583140902 0
1878 5330.294254573307 112.9279586700136 0
1879 4769.878043891759 832.4975695432557 0
1880 9604.967687336833 289.2189319541607 0
1881 9703.49255381522 306.3318126414488 0
1882 9737.934797647296 400.2132902598429 0
1883 4813.515065045352 447.4592623178739 0
1884 4816.954507387882 455.2747508415361 0
1885 4823.451185281454 455.0689170509527 0
1886 5204.195509711474 479.0916311986941 0
1887 4893.83248909127 530.6107168047567 0
1888 4897.867697163128 524.6251349190624 0
1889 4930.435433165077 414.5546404823692 0
1890 4998.951360253676 123.896931426341 0
1891 4749.816881598577 592.7804643445055 0
1892 4733.939466641547 587.4857741621372 0
1893 4730.573444409134 571.8477633779129 0
1894 8097.454311346835 203.175796194521 0
1895 3436.77645980839 733.4497352743804 0
1896 3343.529014243237 697.3259773167255 0
1897 5149.180086045659 766.354623896788 0
1898 5315.980216302573 355.4773750676251 0
1899 5322.98620071532 326.3175617736912 0
1900 5054.700112859163 438.6431355127603 0
1901 4704.165513340648 736.1771315926599 0
1902 4735.854353200394 744.4022052211506 0
1903 264.5359141624485 619.5227908815175 0
1904 279.3837667465195 717.7282974053608 0
1905 250.3638553362061 523.2679347671799 0
1906 326.8071482755649 457.8295947809142 0
1907 4484.012679724668 734.4116803026996 0
1908 4471.937158702956 792.2894030847051 0
1909 4515.573747765065 829.8152419787723 0
1910 4869.22940887057 448.8346354877096 0
1911 5132.016773237233 549.2056458913953 0
1912 5135.106707229786 554.9743341481229 0
1913 5140.348688599269 550.9398296237986 0
1914 5142.022102868266 558.7384756621946 0
1915 5145.662166678975 552.5469820203994 0
1916 7388.874880830683 782.6837768995811 0
1917 5092.487866368878 587.8576856819349 0
1918 5084.497211863281 600.4076806403468 0
1919 5078.210949124124 586.6182119160601 0
1920 5068.073478788293 598.1232568537547 0
1921 5009.599327042113 761.7816342332519 0
1922 5040.661636797947 737.1564499521733 0
1923 4659.290089369187 469.6717426898726 0
1924 5189.629840440944 465.708665719259 0
1925 8205.767326217014 748.2900199489852 0
1926 731.3929330987803 242.6336698892533 0
1927 4736.139856373979 439.0405559206058 0
1928 5106.709059196037 530.9514021777135 0
1929 5099.502182825154 530.1013701178863 0
1930 4949.89072125551 860.8910883824982 0
1931 1690.748685813048 815.8488786510454 0
1932 5354.24069741496 318.5192844929079 0
1933 4874.883576535308 452.1525648395169 0
1934 6622.922722584972 211.5498926350089 0
1935 4892.863949111471 198.9298344928931 0
1936 4901.958744406818 235.801120363798 0
1937 4883.787625737789 162.0663411935547 0
1938 4606.724724790847 168.7401439528545 0
1939 4653.609646117933 147.4794801578954 0
1940 4915.233390074655 559.8081482269718 0
1941 6732.8122468806 755.4602012913033 0
1942 4851.129599421394 383.3443059255123 0
1943 4950.724863725642 717.8272455823228 0
1944 4809.035747191827 453.5994210524179 0
1945 4811.115851773676 460.2793387115995 0
1946 4804.232520019523 459.3903982026766 0
1947 4806.467503273604 466.0799628408436 0
1948 4799.573356498413 465.2579902369233 0
1949 4801.875867093408 472.4516717484512 0
1950 4794.947651684158 471.2335466777576 0
1951 4797.201923353577 478.1256392411262 0
1952 4789.970732393207 476.7351952185191 0
1953 4793.172102925389 483.9987841928532 0
1954 4800.1993108465 484.434413215521 0
1955 4795.992530385212 489.9008512429573 0
1956 4788.91574396663 489.9267156606416 0
1957 4793.012032862446 495.9545320262929 0
1958 5123.251218958963 438.0250766554905 0
1959 5128.993885319929 442.8651919100278 0
1960 5128.014175541563 450.1465186099834 0
1961 5134.572685668347 447.6472853656321 0
1962 5135.991183514902 440.3044744769355 0
1963 5142.070041218661 445.3672276359347 0
1964 5143.110183162791 437.8010512919832 0
1965 5148.786789561269 442.6028320898099 0
1966 5150.119494254181 435.226476841565 0
1967 5155.809426294425 440.0991001003913 0
1968 1960.158268053536 254.2849193320608 0
1969 5634.520040789121 519.039205368487 0
1970 5330.638960110711 291.771849961457 0
1971 4740.760359961207 455.4647838077914 0
1972 5058.057719132312 406.9963434894082 0
1973 4732.727210168461 423.0615963506769 0
1974 1601.29811994246 765.3811862893621 0
1975 9007.461211044325 182.4167031643296 0
1976 4744.187417704425 411.835561764454 0
1977 5155.135099635084 446.847690145625 0
1978 5099.970906438704 577.8058663007323 0
1979 4856.111752263718 446.4801890319008 0
1980 4848.980442364528 447.5224987020541 0
1981 7377.747536635607 256.2944907394374 0
1982 5074.014203923893 352.576013121755 0
1983 5092.870516627449 364.5288357150366 0
1984 3530.074613851353 769.6135818326562 0
1985 5174.810974717491 456.7617176006831 0
1986 8861.206215688642 773.0065441740653 0
1987 8762.890602240959 754.6889202710723 0
1988 4849.703644838836 434.0881914534078 0
1989 4853.479847580323 427.7636959141736 0
1990 4948.810044190228 492.0603725372696 0
1991 5384.36033250464 542.3074771786817 0
1992 5077.040258226954 518.3046628648219 0
1993 5193.297386283972 616.3776256850347 0
1994 5183.678976962464 629.3512362867892 0
1995 3967.175634296651 746.8790062212615 0
1996 5129.77496694482 543.9111540883642 0
1997 4859.674541531204 548.5226777910957 0
1998 4856.097413143433 554.4036004239268 0
1999 4859.204756811228 560.5508477642909 0
2000 4852.027371303655 559.9889020523899 0
2001 4849.346460019216 552.8053515276391 0
2002 2999.484663890621 748.3088115543961 0
2003 2907.682294327856 713.980645391375 0
2004 2922.178424619405 810.8478997817701 0
2005 2830.681458804369 774.3810765131836 0
2006 4862.699877268942 544.0919302963647 0
2007 8850.812603058712 248.4910714469868 0
2008 1866.948524621203 218.207817013776 0
2009 4639.3509193501 843.8998521857134 0
2010 4693.241493320861 853.7509378305206 0
2011 4880.023870452244 562.3777420848274 0
2012 6823.474305709696 246.9439536918826 0
2013 4950.835733604473 612.446026747661 0
2014 4966.917724674647 609.4200948496466 0
2015 5215.043841958012 519.1656091836345 0
2016 5206.830247995034 519.507054423345 0
2017 5203.086448403541 526.4526330435043 0
2018 5199.975164425039 519.5932876897324 0
2019 5195.891324457457 525.8865680295335 0
2020 4818.330482930997 902.9901905914404 0
2021 5113.32831270449 533.0634005677958 0
2022 5279.259033461713 213.8309198827683 0
2023 5135.133408663649 366.8611408289499 0
2024 5199.360291465808 532.3723409370043 0
2025 5191.606064196316 532.0938974721722 0
2026 5278.357431396651 478.8226287959563 0
2027 4996.030306981825 893.0509194269342 0
2028 5080.29899417517 748.9157543219412 0
2029 466.6961848419251 787.4891534018548 0
2030 2317.808155934255 299.9637732899739 0
2031 7314.087565671267 331.2606605978166 0
2032 7278.987994308288 240.4318823179017 0
2033 714.8431577832653 700.5922978645295 0
2034 4315.239823247864 214.8242292212408 0
2035 4256.037036140953 270.1397367445672 0
2036 4723.952834216808 450.5497012035358 0
2037 4727.614926636184 466.8791220714193 0
2038 4711.461896603155 462.0047059791327 0
2039 4715.162157518947 478.4694738203339 0
2040 4700.915250315027 472.945062364362 0
2041 4702.17345808042 488.9714540320156 0
2042 4718.982784771537 494.6075709915567 0
2043 4706.469394257728 506.417217174393 0
2044 4722.616755774214 511.2551415585835 0
2045 4710.194366810467 522.8487167240575 0
2046 4726.30340164543 527.8860089176778 0
2047 4712.605138973349 539.8467939278462 0
2048 4727.661230194107 542.93147723564 0
2049 2923.84697215576 258.1212062728459 0
2050 2830.48727246047 222.2873786723556 0
2051 3017.656067659892 292.7949973856922 0
2052 2753.234805693908 283.288315007671 0
2053 5199.99500046086 484.4905692326876 0
2054 5197.989362733558 478.9086057802045 0
2055 7288.242149256454 767.1612309117452 0
2056 5219.436993626419 459.7777906549355 0
2057 5224.285087196632 449.2577607028165 0
2058 5235.164699771753 447.8514803301076 0
2059 5106.898133045438 458.9449441195569 0
2060 5114.228286824666 462.7296625231322 0
2061 5119.912714373456 459.4712737633991 0
2062 5091.572929664796 520.8208465810344 0
2063 5252.038845523572 531.7800915600186 0
2064 4881.780540785079 440.7620490039732 0
2065 5445.515209433631 451.1654325393713 0
2066 5292.633475498711 411.8239005992428 0
2067 6889.561808123255 170.7767579384356 0
2068 4076.969063056263 245.805694205808 0
2069 3985.226034218318 184.6272857352447 0
2070 4923.88636480898 400.1136516121808 0
2071 6474.638586605278 798.5372413643588 0
2072 4826.159466579339 561.3212241577219 0
2073 5059.977527337025 390.2633710813905 0
2074 4588.684879428351 258.9796842029235 0
2075 4606.203339755915 305.4910862758064 0
2076 4650.310950848162 315.5316371230589 0
2077 4620.801210124097 343.2201764317918 0
2078 4582.224359492242 340.4471044891507 0
2079 5384.315545788424 840.1209197732118 0
2080 4919.039592696546 523.2753444111697 0
2081 4914.158413754011 517.5870843819757 0
2082 4891.598574063661 502.5314497291474 0
2083 4921.95473809772 515.9509939825538 0
2084 4916.722764477341 510.4604870729653 0
2085 4909.289862741094 511.866507940701 0
2086 4911.788905647842 504.7929874586511 0
2087 4923.157532855745 509.0442816484087 0
2088 4904.816700851784 506.9311810290801 0
2089 4906.145073791213 499.4735664342841 0
2090 4914.149009221665 497.7892894043885 0
2091 4909.305880311418 492.3988952535204 0
2092 4901.464156644696 493.4900259053863 0
2093 4904.508079441869 486.2317783567457 0
2094 4917.186611730014 489.4576490112038 0
2095 5049.699263619005 523.1309580947845 0
2096 5058.770457670856 516.3875704759437 0
2097 5048.422345440115 511.940278290122 0
2098 5345.505676781359 885.6715162226376 0
2099 236.8307821527778 426.7312562948981 0
2100 311.8175249312253 359.4845937112674 0
2101 4810.932326591782 441.1853829356895 0
2102 4945.424174147036 521.8651955622255 0
2103 4940.580053313681 512.5792241318934 0
2104 4902.647437408929 513.5054546547016 0
2105 1695.415925511264 245.7508612477424 0
2106 1602.074333226805 209.7504499752817 0
2107 5060.669230277199 286.4633883258562 0
2108 2129.708119066676 231.8599916654226 0
2109 2192.425299380854 169.3382760191479 0
2110 4887.446276989303 562.8842628524083 0
2111 4921.668185468373 496.1879427919187 0
2112 7537.186354079728 195.6864125339914 0
2113 5104.811468913717 523.601299556286 0
2114 8293.83010024219 241.2816903109965 0
2115 4220.458044276128 417.0219692335899 0
2116 4895.82916102904 444.7163516812867 0
2117 5218.135409396492 746.9761870435632 0
2118 5057.157465288175 505.2463059551038 0
2119 5047.060636143933 500.7718554324641 0
2120 5056.123508105974 494.0369007638921 0
2121 5045.10126704717 489.453447463444 0
2122 5055.341308572391 482.6447381199893 0
2123 5036.699715574417 496.2712593495517 0
2124 5144.4121653664 430.4527802792422 0
2125 5152.218069787385 426.705381046617 0
2126 5145.702442404007 423.0008728502888 0
2127 5392.470102017875 370.5368541980362 0
2128 5411.962559903825 397.8825125065933 0
2129 5218.744220535618 503.4414228126269 0
2130 4773.828813965373 587.3768863560351 0
2131 5165.416581310977 610.0798195096503 0
2132 5237.179878429098 612.894311327785 0
2133 5219.393114531821 609.9086957173595 0
2134 5230.172348902272 597.8912842521414 0
2135 5269.649046042461 573.1444702569886 0
2136 5251.606779701361 570.3296889943994 0
2137 5261.721101141801 557.4093133276624 0
2138 5266.889089293889 534.7621041338907 0
2139 5279.375493186457 524.2900396887738 0
2140 4941.204939849003 567.1065842708038 0
2141 4429.30223122839 751.8610601304093 0
2142 4413.357366747045 805.4399802240616 0
2143 4446.455876961216 706.5116432655936 0
2144 5228.619993680993 438.7502273954588 0
2145 5366.662173683466 283.0967783410252 0
2146 4838.912322936127 439.903543513009 0
2147 5199.315736110389 502.9088766308981 0
2148 5350.907606201668 676.0257204530178 0
2149 5369.017268316432 634.6203195372025 0
2150 5408.410537815153 633.0741626725785 0
2151 5312.929372952564 674.125873055175 0
2152 5389.827402694435 607.5976685059736 0
2153 5122.836208377727 574.3614103512066 0
2154 5190.687554883407 554.4277935306635 0
2155 5187.236724613781 547.6504328356501 0
2156 4889.73243842148 524.3218305876513 0
2157 5097.986160426796 476.065908729724 0
2158 5095.840417776922 483.2893629250094 0
2159 5104.493221969528 470.8524655634196 0
2160 5200.035904687317 509.230942286016 0
2161 4802.341399303009 490.5987261603074 0
2162 4805.873927681843 486.5716533492151 0
2163 4805.419075827263 481.1993659192075 0
2164 4684.182045347172 502.4356000280385 0
2165 7945.219545783859 787.4672508703843 0
2166 7854.285567179335 766.636698732275 0
2167 4718.00995010565 582.2479964071135 0
2168 4714.766419311559 566.3805119817798 0
2169 4721.560588685392 596.0946567568324 0
2170 4792.272354026085 464.2527498155283 0
2171 4854.8427033819 413.872762143666 0
2172 1167.953806533397 777.2916478773503 0
2173 1244.157446687707 718.4895823055726 0
2174 1104.750114788555 837.7901534659514 0
2175 4550.051001164704 568.4756001604634 0
2176 5775.948864219255 797.5595798555676 0
2177 5824.406795767944 728.5503362464547 0
2178 5725.020162571568 865.8935962243302 0
2179 4857.56049043613 372.433319643627 0
2180 4978.803836205074 422.830027128496 0
2181 4967.298397550226 395.9363153008878 0
2182 4361.919193254945 770.1119184895085 0
2183 8960.307117742783 786.8029856699621 0
2184 9023.583472150036 714.6763582616634 0
2185 3089.807462433534 779.8197912225455 0
2186 3171.597406100996 722.7668531155562 0
2187 3185.376368695082 825.6845706800473 0
2188 5421.378236956609 601.2960192976986 0
2189 5244.770235768992 554.8246925798845 0
2190 5236.688286641773 567.8081807450903 0
2191 8040.912826974608 809.8905403983933 0
2192 5123.777816358825 542.2398477040488 0
2193 5118.348584257592 539.7278051765387 0
2194 224.4299797134754 329.7535998080485 0
2195 297.0261105771551 261.053155491882 0
2196 390.1930613204304 294.087340838619 0
2197 1429.990856045433 238.6915208490927 0
2198 1336.516449015685 203.1537901219464 0
2199 1259.933108374315 262.4274946863735 0
2200 5135.529383467751 544.5162796471735 0
2201 898.6117371997279 769.4522336938536 0
2202 822.3507909627397 832.3202221011313 0
2203 1867.81241335496 769.4850749676231 0
2204 642.7780923686332 203.9439716332677 0
2205 563.0143662219871 268.1772916837284 0
2206 715.3611815361919 152.0610936074602 0
2207 4227.818480033991 195.3144754670735 0
2208 5446.3528800227 626.8717325776897 0
2209 5055.024154978944 453.1372592377435 0
2210 6376.451404798152 778.6794896508113 0
2211 4898.849852530647 571.9674453697038 0
2212 2564.494764943681 209.809554660598 0
2213 2472.10588852454 173.9505203543363 0
2214 5241.649026149615 437.1130660248533 0
2215 4877.710651734767 259.0020441468515 0
2216 5161.217696809558 423.5223045061927 0
2217 9418.262105934829 779.7934080935192 0
2218 9319.860643042972 761.9700496025789 0
2219 9516.362126679984 800.7188367205869 0
2220 9580.181769504732 724.325505524547 0
2221 4810.12934182696 473.8856060723778 0
2222 4883.913194311325 570.0340228268611 0
2223 4359.659684021032 852.2049387878646 0
2224 4285.471507172213 794.4802936382398 0
2225 4738.781586806688 620.6823698094294 0
2226 5307.746653624467 739.6261275800462 0
2227 4906.846719077142 466.8637688970084 0
2228 4901.846379960029 471.5815225560021 0
2229 4895.130798713428 469.8911963784776 0
2230 4896.814203241892 478.9539285131531 0
2231 5178.75188827385 459.8898312220321 0
2232 5173.689337363558 462.1226430529907 0
2233 8355.070385544037 157.2330980105888 0
2234 5170.333666349346 89.44319563698326 0
2235 3802.697992325646 225.2955707108082 0
2236 3703.425533745819 179.906488743773 0
2237 3623.741567856806 250.2244383234068 0
2238 4895.581997837572 519.6073739040979 0
2239 8398.204415851633 779.8810797044362 0
2240 8465.977225969664 706.1928685130461 0
2241 8329.99430377771 854.404819000436 0
2242 5284.229536152135 507.7041053212733 0
2243 5297.668362470562 520.3801957534336 0
2244 4264.491275678045 872.7551797248512 0
2245 4199.789799658184 813.1255969475176 0
2246 4216.853329558558 727.3543573015666 0
2247 4138.024282284577 761.2659840697772 0
2248 4653.341074543276 931.5075948684874 0
2249 4949.53059660305 138.8024637066782 0
2250 3437.986625066225 176.6746930711786 0
2251 905.4669969281799 219.6921241009388 0
2252 979.675426224946 159.5829560525833 0
2253 5054.695671678071 119.4090681583615 0
2254 5395.76656460357 430.6615868572041 0
2255 5288.111214610055 178.4015970045849 0
2256 5045.139216010902 396.8009666994968 0
2257 4954.36799226572 408.2181090349339 0
2258 4766.660080274435 791.2585210542462 0
2259 4797.057218759443 764.2562902978439 0
2260 3446.437188603064 832.3541298167899 0
2261 8492.338034810346 816.3743955271732 0
2262 5200.347514384517 631.5046115466741 0
2263 4815.775893718873 557.247130197193 0
2264 4814.139358845828 549.3610086470492 0
2265 4807.907812732232 545.6743877219698 0
2266 4813.100525866445 542.5069180800119 0
2267 4807.25405549789 538.2156952612628 0
2268 4820.26690954593 544.751616194752 0
2269 4801.329235354693 541.9015927992905 0
2270 4800.772467014735 534.5334163470721 0
2271 4807.272256488459 530.2957648697012 0
2272 4800.553917062438 527.0860282485402 0
2273 4806.304302500498 523.3383437476627 0
2274 4800.975248379885 520.5147350495237 0
2275 4794.439735787875 523.3948517159813 0
2276 4795.956369852031 515.7764544914103 0
2277 4789.17997460019 519.1912426858673 0
2278 4789.280659639915 511.261833818874 0
2279 4795.433112357042 507.4904657823715 0
2280 4776.984899165805 512.561531977488 0
2281 193.2783267170453 225.647520147435 0
2282 5133.819470986955 638.712972106283 0
2283 7635.211101483437 216.0611155526901 0
2284 7673.037613068485 306.1357221909784 0
2285 7737.100808086489 232.538106149836 0
2286 5298.609721105711 303.1341804522232 0
2287 5304.55850631985 265.7955570278496 0
2288 5199.668124594419 324.0322104070414 0
2289 4871.386169902974 457.558152893369 0
2290 4877.120876233391 458.3488175724201 0
2291 4912.574090680693 267.8699083036283 0
2292 4938.390391990531 245.6314592571338 0
2293 4947.712644148743 286.6728879673759 0
2294 4651.492782748703 69.11171411624048 0
2295 5298.285521828341 387.2108322283523 0
2296 4731.470185665959 709.9348495065829 0
2297 4784.580952938542 495.5541808421798 0
2298 4782.103745461384 489.230261751147 0
2299 4873.67896920177 754.5523064800429 0
2300 4745.554940789783 561.0601800098833 0
2301 4762.303721242073 418.7001711938642 0
2302 4983.403131954008 442.0650008592996 0
2303 5118.004116899851 431.8532469489514 0
2304 2738.342793840488 185.6693037143561 0
2305 5102.846308048235 632.8953612506635 0
2306 6753.118919689508 844.1703181990405 0
2307 4701.788610097389 577.271345358571 0
2308 4700.358506959305 555.9676189260657 0
2309 4915.747853743555 547.8386564722964 0
2310 4675.906307686915 280.146388692939 0
2311 7489.945661438369 820.0854101932298 0
2312 7548.44809242301 724.6552650615869 0
2313 5198.122067356243 542.4193210198895 0
2314 5074.843798231553 384.5677416105078 0
2315 5088.781901855255 396.7295468250624 0
2316 8898.08116945791 869.9020196441409 0
2317 5133.353278172702 455.0749741710596 0
2318 5127.090049828442 456.5382204167547 0
2319 5121.436400699991 453.423181562459 0
2320 5125.240992644185 462.2965630250861 0
2321 5139.342726358164 452.3389323532881 0
2322 5145.348536307622 450.3460489967113 0
2323 4867.12227038221 542.3873710644342 0
2324 4874.938035909967 542.9994201435179 0
2325 5147.082387700454 627.3231086202929 0
2326 2391.031457865157 789.7129843877501 0
2327 2472.042035927432 730.0957105602392 0
2328 2314.526367926084 852.6948013522758 0
2329 9116.557625807669 185.6821154844956 0
2330 9147.487977254114 294.5406039639191 0
2331 9210.86822142329 220.7674092050166 0
2332 4382.814950468446 158.4619592873455 0
2333 6580.122575569348 830.5476321671932 0
2334 5194.96293781997 483.7642838525955 0
2335 5196.460155877822 489.1128771486163 0
2336 5192.074209806797 479.2102129772813 0
2337 5195.117040704576 474.5621146229589 0
2338 5200.791160505389 490.1038124275127 0
2339 5197.039246215688 493.4196675039473 0
2340 4817.369212848187 350.6924977036708 0
2341 4824.273167763346 369.2265385939849 0
2342 4806.897067251054 365.433327296299 0
2343 4814.546193512427 384.2861081717712 0
2344 4797.059504831257 379.5681335011311 0
2345 4789.85170628291 361.6715469812947 0
2346 4779.594871234143 375.7746295457403 0
2347 4833.061310544322 385.5659584246324 0
2348 4844.46455970495 395.1189787030652 0
2349 5174.625173391491 569.5424971107799 0
2350 5171.795098061307 561.1232288845165 0
2351 5176.432684723687 555.1995910678805 0
2352 5168.8346056633 553.2595418686574 0
2353 5174.513613414626 549.1732094282032 0
2354 5163.718771474045 559.132911094091 0
2355 5161.715293841019 552.9521116310091 0
2356 5156.643233001725 557.9091310621214 0
2357 5160.396937289169 570.8155881892617 0
2358 5104.954653999512 478.0761229253729 0
2359 5109.563197869042 474.5575643805034 0
2360 5110.157908689045 479.0371156634876 0
2361 5103.637338313029 485.4053705974198 0
2362 5255.976363525585 349.7277486277978 0
2363 5277.544823177538 344.2211923373998 0
2364 4755.216888033176 399.7490493767523 0
2365 5388.086988146355 312.4083385866033 0
2366 5316.110990312871 512.6332752766023 0
2367 5154.255408422431 550.3037868490075 0
2368 5856.829329304212 809.2392691430457 0
2369 5914.797861064565 739.5008634055293 0
2370 5949.810279462159 822.2011378423239 0
2371 6011.869381267445 737.7014632386278 0
2372 6928.267758987675 796.2772721682301 0
2373 6994.259312602221 716.1510347132096 0
2374 7026.866312363006 816.8388148152762 0
2375 9668.587619025173 215.1142094278561 0
2376 9769.304452427041 239.8828442460915 0
2377 9570.525443504768 195.3374543357704 0
2378 4823.568851102691 553.2742033482282 0
2379 4827.353744393106 546.6416024927449 0
2380 4830.034201217205 553.8765195460142 0
2381 4834.083138871819 548.7130322703315 0
2382 4836.619396044353 554.0717283954193 0
2383 4840.436895096339 549.4461835387298 0
2384 4832.234452954633 543.3577062731505 0
2385 4828.061678868501 541.4512772486466 0
2386 4821.439569277824 538.7931795055036 0
2387 4815.635056716398 535.2811279561391 0
2388 2998.63369854244 177.244571921737 0
2389 3095.024993611206 227.1200130029706 0
2390 3087.057241025451 123.8522683593155 0
2391 4897.827163365907 487.9907206488926 0
2392 5130.810751026302 561.2986614755737 0
2393 5145.893829297771 380.0221240661549 0
2394 4960.260164565291 499.9737086465753 0
2395 4856.625669766557 650.594195697589 0
2396 4852.478561575032 632.6548504790433 0
2397 4836.555661188977 625.1218540843155 0
2398 4867.452020073407 637.2654321709797 0
2399 4821.901356923919 633.682494585074 0
2400 4821.340562816974 616.9228480962505 0
2401 4807.496529533131 625.2938955617994 0
2402 4808.405269848172 606.9183791060921 0
2403 4793.469733837582 617.4517590730584 0
2404 4849.520636985546 617.4300182656006 0
2405 4793.122914100896 600.1561601335659 0
2406 5051.276751353673 625.0190276421836 0
2407 5029.922473137724 621.8054478355282 0
2408 5021.838423824125 602.90330186117 0
2409 4814.793152485235 467.7722267590802 0
2410 4816.607888961612 462.7194098418613 0
2411 5063.505889265673 584.3415672983043 0
2412 5052.115338739247 595.7813138937991 0
2413 5049.28893341358 578.2178146511993 0
2414 5202.67003077039 603.017619072682 0
2415 5499.905410824475 932.7217139368099 0
2416 4496.663837199339 934.8521812580115 0
2417 4501.177247776892 65.63228914169963 0
2418 4551.092098094758 132.3996668464606 0
2419 5262.666201742453 499.9628305287968 0
2420 5111.751222145785 518.9185320143298 0
2421 5110.221598715418 513.4751661935755 0
2422 5105.412209469207 512.0721839780651 0
2423 5104.336466427851 507.3979501419794 0
2424 5106.443914293332 516.6804824426728 0
2425 4826.52277883458 465.6364598430854 0
2426 4830.791149539392 461.916819545236 0
2427 4832.933155152525 457.3791332597947 0
2428 4836.915349640121 455.4461036996219 0
2429 4840.503556143618 447.8284534856125 0
2430 4840.939669610912 459.0349179647092 0
2431 4846.359112720213 457.613115986171 0
2432 4815.660628683119 523.6841832920513 0
2433 4812.456779552307 519.3686400493012 0
2434 5189.456464452265 513.3936648980133 0
2435 5194.927034644436 512.2978775373227 0
2436 4887.270391386906 481.3127397527713 0
2437 4889.760037195657 485.7046517868283 0
2438 5169.027374967701 537.363075108453 0
2439 5163.744298279178 540.0865823013038 0
2440 5173.591124873621 539.4581467810006 0
2441 5177.707231149195 536.6866125221425 0
2442 5178.025990546679 541.5012934243558 0
2443 5182.165699980702 538.9124878020485 0
2444 5181.78726486495 533.9950245959542 0
2445 4873.27766121915 534.8821532659192 0
2446 4887.507053392605 517.4626964496514 0
2447 5153.258370182275 541.7914400368993 0
2448 5147.602087501713 542.5712265466196 0
2449 4858.101746085173 459.1733111674418 0
2450 4861.633066845019 455.7439279898571 0
2451 5108.863512337852 491.6356601661777 0
2452 5104.306696201966 494.5238843659591 0
2453 5103.963989714166 499.5318549170393 0
2454 5099.923790106687 496.7952985100559 0
2455 5100.072587754401 491.7977997833701 0
2456 5147.081208319346 458.6098908387856 0
2457 4890.800121214509 507.8752699235839 0
2458 4895.638638291683 505.566959097723 0
2459 4896.036010285834 500.4681450829611 0
2460 4847.769288225935 541.8608750358906 0
2461 4842.390403929852 541.6673554420991 0
2462 4808.984542325656 508.7171517477709 0
2463 4805.673712502435 512.461064354135 0
2464 4807.868394762255 503.7526797395311 0
2465 4803.830488870179 500.1453924304219 0
2466 4814.548458253566 476.597380376534 0
2467 4818.277182968253 471.7585335311856 0
2468 4877.774209855158 531.1072543076079 0
2469 4882.815754340649 532.2954817841978 0
2470 4879.328593701061 535.9123205305621 0
2471 5135.779865160843 460.2452057471899 0
2472 4822.453653739622 530.8047555683853 0
2473 5191.379971067222 502.083107902588 0
2474 4877.301706929119 468.298595554436 0
2475 4880.977432537917 471.3589947008272 0
2476 4881.998283504277 466.4791375198967 0
2477 4885.663344120776 469.2923785610112 0
2478 5121.704497802577 469.0490561203839 0
2479 5118.694166349199 527.1467685719065 0
2480 5181.233298041092 472.4674118948412 0
2481 5183.171474113014 467.2146080191868 0
2482 5185.095530467146 522.9132163110744 0
2483 5157.921673690174 458.3638262342611 0
2484 5161.856578015448 455.2626858759958 0
2485 5166.461643723213 456.9222035925179 0
2486 5164.704447985656 451.5668590103012 0
2487 5163.034328916551 444.965175601415 0
2488 5121.998630011477 531.4288588767572 0
2489 4885.883436137337 659.4051794824824 0
2490 4906.830639656121 400.8052541086811 0
2491 4916.191893220388 386.1272097240466 0
2492 4899.037675909467 385.5429082914724 0
2493 5322.917145458704 948.0875116887964 0
2494 2812.464495871153 121.3199016479817 0
2495 4804.36644283097 507.8639635286373 0
2496 5169.368151258076 542.3938388725549 0
2497 5164.940823812618 545.1997137860193 0
2498 570.5182557691578 834.2999628892594 0
2499 4474.124298506285 627.846970024064 0
2500 4466.335210705274 574.3376792871982 0
2501 1950.667793969053 157.4827404998377 0
2502 5189.906043634094 492.038078999549 0
2503 4830.827899680984 537.732338978071 0
2504 5036.512843946129 267.7136983300358 0
2505 5032.990555398937 298.5788409370768 0
2506 5002.523929399799 282.8135012201427 0
2507 7412.16601420507 884.2771652549491 0
2508 4808.27093327822 491.7769378484565 0
2509 5014.215105905694 67.26857446911174 0
2510 4845.749648079121 559.3606470861649 0
2511 5263.805920808324 862.6710102337677 0
2512 4695.557621667904 534.3315581928094 0
2513 1232.330578753466 158.0949496527601 0
2514 4888.11039901739 445.4418669506822 0
2515 5066.867426609659 487.6672902905747 0
2516 5064.682126001629 476.6038947051024 0
2517 5053.668215423709 471.4752246897504 0
2518 5082.045369700842 858.5981487320137 0
2519 4780.590405558512 473.5498525356247 0
2520 5055.565544019631 334.9933514126946 0
2521 4957.896396833277 592.5141782682418 0
2522 4795.75945765962 552.53261205362 0
2523 4787.30443246663 546.5964947635066 0
2524 4812.522937731446 432.7303164986488 0
2525 4956.024610059677 531.5135599421864 0
2526 5183.540397672562 396.7488656771566 0
2527 5196.716073492958 399.9376468019765 0
2528 5200.051310062702 411.8610122225159 0
2529 5215.836942778562 401.8496661460777 0
2530 5110.995594584183 359.3202819858176 0
2531 5107.745757675625 379.4385487287287 0
2532 5131.833881213117 536.8160208594699 0
2533 5184.912997790901 460.9293979763357 0
2534 4551.588081528203 295.9900100650809 0
2535 4533.417125129301 346.1780195980579 0
2536 184.0422647712876 682.9035235535346 0
2537 189.1849788682739 776.8636793901912 0
2538 5064.850796144769 445.7991247292472 0
2539 5072.487380815498 428.8482565134968 0
2540 5189.933064090525 474.7973880444993 0
2541 4868.587726670457 462.0429879093284 0
2542 5140.555725472565 566.8417521264425 0
2543 4855.240829218502 567.2824511073998 0
2544 4807.101471369405 517.4617989106907 0
2545 3266.285955892686 199.8300841887007 0
2546 5062.140447677347 373.5465110395131 0
2547 5114.929872647907 476.8764800019227 0
2548 4886.075481481598 528.0244597302019 0
2549 4728.364497103741 812.5808971505157 0
2550 4951.845847425284 512.6940928549362 0
2551 5210.512325747218 512.905318426533 0
2552 4894.340531603914 511.4439508302204 0
2553 4038.304854604209 675.0575996084506 0
2554 7978.89279608996 885.7760943925218 0
2555 4733.061698256413 394.9875286404535 0
2556 4845.05923999182 546.577603715434 0
2557 4850.603006498749 546.3308341891643 0
2558 5148.911694891503 454.1878467826135 0
2559 5154.750128011932 453.2721025083221 0
2560 5094.712606817351 534.6942706355906 0
2561 5110.131490328987 523.5124542014631 0
2562 4775.851423086292 606.6696823831062 0
2563 4470.706949929065 141.9715893826213 0
2564 4740.712168950895 470.3144001041458 0
2565 5523.756365514143 864.3045121007016 0
2566 4837.889548650755 544.8064240111793 0
2567 4858.267416580033 541.2562594807223 0
2568 4788.695743877145 502.8801849586649 0
2569 4822.768441818022 601.6346407142448 0
2570 4835.101222263166 608.1294698026078 0
2571 4695.453502327646 456.4485955947941 0
2572 5087.224483818739 576.4490956838972 0
2573 4898.780645070645 605.9248177277016 0
2574 5187.458124724169 481.5030174825675 0
2575 5098.727907088228 502.0212024859933 0
2576 4882.039266958265 454.7487986251593 0
2577 4794.264065955411 538.4513599054661 0
2578 5098.824679026984 459.7978466336341 0
2579 4902.593412884245 478.4365723886709 0
2580 373.9745651565918 191.0890682364426 0
2581 4902.559744577304 869.1690873315025 0
2582 5486.019640049941 64.6940453374404 0
2583 5549.516094211231 96.51307318991013 0
2584 5554.373894996299 165.8393196317977 0
2585 485.3754674034262 885.204771640387 0
2586 4715.395512988388 288.7823254784108 0
2587 4600.232587472127 371.9356233018614 0
2588 5696.749178446228 659.0296757584856 0
2589 5648.836241745937 589.6083699755471 0
2590 5582.723942986779 603.3313805799065 0
2591 5168.370014904937 247.1128101357218 0
2592 5156.817337463972 545.8431391097113 0
2593 5208.511300677146 472.8652617801299 0
2594 4773.00515581945 880.4774869410955 0
2595 5186.851024126719 527.8149982730683 0
2596 5071.061811268512 532.1144343188612 0
2597 4739.248294286849 515.9430487277833 0
2598 4850.000662688855 453.7590045398272 0
2599 5175.98689151266 211.3452784037264 0
2600 5145.852406596856 186.8211353114571 0
2601 5107.744979823753 503.0382317425788 0
2602 4892.218586825469 497.1348416853486 0
2603 4895.345978934894 492.5369732128074 0
2604 4888.926469135968 476.6848131929918 0
2605 4885.400787145183 522.7304935788246 0
2606 4771.442053916006 357.7508368140581 0
2607 5168.078825534323 462.1122661145948 0
2608 290.4171025667365 824.2964183509107 0
2609 5169.977849183982 453.7897338343133 0
2610 5148.953413323344 559.6882466899704 0
2611 1853.326538205422 102.1983470930132 0
2612 4774.370784349591 405.1273963075426 0
2613 5215.823636839394 473.4683965926219 0
2614 4914.919503575374 462.4794170302503 0
2615 4803.753052299651 582.6910457536254 0
2616 5151.538448884617 546.4244617758883 0
2617 5143.147673900407 546.4483797178989 0
2618 5094.85313250885 615.7010042192379 0
2619 4966.573658530126 438.0653388662366 0
2620 5108.97856760275 577.9834814671551 0
2621 4827.392863870797 450.2750202816202 0
2622 5192.268636338385 517.297361016961 0
2623 5190.562734497932 522.5411163776124 0
2624 5105.551285715173 568.0968785327858 0
2625 5007.326514160563 318.241429824778 0
2626 9441.340319854973 863.4908441699116 0
2627 4928.219800101674 562.2389467345953 0
2628 2840.595820738467 864.4657353437673 0
2629 3898.47536648447 255.6468990922757 0
2630 4785.503547380828 482.8200297634474 0
2631 5122.520193934604 536.9679845444817 0
2632 4891.842043112075 480.3707824690052 0
2633 5247.617013214053 110.7642318612793 0
2634 4962.223982961957 80.47844775530632 0
2635 5204.763358202102 951.9570760951042 0
2636 4795.730938014806 48.19344200219905 0
2637 3537.105612184982 864.5240919987176 0
2638 7062.668882507633 913.8290049674374 0
2639 7124.68240377453 831.5800336762145 0
2640 4174.785240862235 247.5121974925467 0
2641 4202.538080824846 330.2953036044889 0
2642 5186.911720597499 471.2401751347865 0
2643 4772.363868752085 106.676448435743 0
2644 4710.782859934507 100.4866791988806 0
2645 5043.358655117268 462.4058750858752 0
2646 4794.365272091613 954.4590514773311 0
2647 6505.821644813717 893.6144349204686 0
2648 5169.182901696338 283.502272959636 0
2649 4855.887744933464 454.9206645995187 0
2650 4813.779244786803 528.5041422243291 0
2651 4907.90042134398 639.7839621025273 0
2652 5201.582128442575 472.6612998554464 0
2653 4779.331252932913 519.9343009626826 0
2654 9056.420057775904 807.2775715257001 0
2655 5559.849127888522 658.8411213539243 0
2656 5530.537684791162 615.1557246192754 0
2657 5006.321819059392 725.3718400086174 0
2658 4589.437212341863 584.02497173008 0
2659 4719.126823912346 434.8639670193838 0
2660 4714.64147673455 418.4238292114239 0
2661 5199.726919307278 298.1627974206813 0
2662 4832.910237437675 771.2439132478589 0
2663 4817.238003041453 735.9159230534439 0
2664 5043.141439629509 476.9129733498812 0
2665 5029.496936600123 949.8237477629173 0
2666 4558.754791237646 512.6480094076175 0
2667 4591.489876049967 515.7550834733547 0
2668 4775.288577014456 492.6054508652993 0
2669 5196.210378432612 507.0853021343929 0
2670 5092.718799241179 501.4221170369108 0
2671 4825.735925469075 460.4166916033153 0
2672 5341.36503693753 255.0348904301161 0
2673 4638.610427679579 668.5574845184498 0
2674 4673.032099632459 680.905967248018 0
2675 4847.787547735426 566.7785148300261 0
2676 4887.199388463539 464.4923851107444 0
2677 4882.612668900044 460.924403747578 0
2678 1329.618412085135 98.55571529029464 0
2679 5331.853662112379 642.5822420708939 0
2680 5760.948980314457 76.47305008956346 0
2681 5723.442002682482 145.5034807334573 0
2682 4240.015959686799 71.49524822662073 0
2683 4967.998917649727 950.5434796327027 0
2684 5083.812433923322 303.1339108773966 0
2685 5136.81932694362 539.5293504555334 0
2686 6039.629837320182 643.8837048580617 0
2687 3717.30908886332 840.7499294014493 0
2688 3802.680158585064 880.5097624627924 0
2689 4845.352675817115 452.1454008069127 0
2690 4850.33264867565 404.2399296688295 0
2691 4801.198422039892 242.0246098370623 0
2692 4868.180674089374 301.720491423982 0
2693 5112.712567227662 527.9164302694743 0
2694 4957.122637713872 674.6621201880521 0
2695 5177.43197482599 531.4041417421231 0
2696 9615.854636827087 818.408057734658 0
2697 9678.876675921951 741.5219340751405 0
2698 4909.223055433752 474.1398604299125 0
2699 4914.993933158382 481.3310708456615 0
2700 5577.416262905735 499.1820477002474 0
2701 4789.420293888461 728.1129464360374 0
2702 4955.707677868052 573.0665108776866 0
2703 3907.231790008262 357.3724328010842 0
2704 4838.333930915313 431.2615472535329 0
2705 4845.83564520002 427.9873449295204 0
2706 5368.867645501365 465.5602804042543 0
2707 4191.33634851058 636.6114047201695 0
2708 4920.875417007399 837.1070425704947 0
2709 5046.516247909974 380.1775695299869 0
2710 7593.200755245864 810.977466807624 0
2711 7663.047642651756 903.817199530495 0
2712 7680.032218992136 813.0683871783422 0
2713 7750.072047992444 869.5673465468178 0
2714 5082.46435238813 434.7591601411048 0
2715 4469.374005757275 518.3188013516412 0
2716 5240.628336516887 529.1023401887929 0
2717 4954.114729997321 321.6770103903647 0
2718 4976.706847425104 304.3796202608742 0
2719 6852.223764033762 868.0153501046146 0
2720 4793.680723180244 530.9591901650632 0
2721 4787.706256095965 526.9623443820383 0
2722 5645.769673085341 855.8216480747565 0
2723 5123.630880167056 560.419648782001 0
2724 4939.844168888448 694.5715373532796 0
2725 5186.529136383968 536.0804638170954 0
2726 5501.139122908387 572.950100289881 0
2727 7091.938493502013 736.1608681657387 0
2728 4839.988516741311 251.3061195751941 0
2729 5313.769819858328 229.0641715996247 0
2730 6144.10383968504 654.4218295169769 0
2731 6179.538705929261 747.2373991814777 0
2732 3608.043782050921 706.9734758995477 0
2733 89.59735920735511 643.3944363590863 0
2734 4732.336624617779 483.2082443582821 0
2735 3621.669195013991 806.2085872098223 0
2736 6235.105810110911 407.0867245108149 0
2737 6200.572141724706 313.2114973931388 0
2738 6102.163861501923 296.1157916995841 0
2739 6165.593924201796 221.5254987974656 0
2740 6066.537885197081 207.6251103822803 0
2741 6263.886816265413 240.1635956602712 0
2742 6003.406422351036 279.1603296976131 0
2743 5973.312926288616 186.323333760565 0
2744 5912.075049288227 270.0002764018035 0
2745 6055.539257285358 102.1508795673674 0
2746 6298.987828397278 330.9075571643568 0
2747 6362.941466289208 254.7514399614353 0
2748 6315.750962000103 166.3900614936728 0
2749 9712.957316307165 833.2219073556809 0
2750 9768.689593497258 758.7943409262722 0
2751 9739.569117668791 665.4308719287202 0
2752 9540.222709961745 906.2383420783972 0
2753 3763.744688849629 581.5489990384352 0
2754 4782.223757126516 576.5958034768796 0
2755 6275.339146192977 762.1214516057571 0
2756 6215.098277861846 835.5135865091124 0
2757 6123.447840801822 829.8134181373075 0
2758 4877.820581247344 723.4679455925158 0
2759 5163.298663663622 598.737471825135 0
2760 3528.98119661175 218.4610857043397 0
2761 3891.747026474024 829.352672711492 0
2762 4830.314577192745 709.0662814902594 0
2763 3639.712382153937 347.9166021730985 0
2764 4806.003602155917 702.0164397005814 0
2765 6397.592450096888 347.7993870055037 0
2766 4847.316729285074 151.5068082182735 0
2767 4877.378274854247 111.3961790691528 0
2768 6338.41107368207 688.7389324011732 0
2769 4759.125088138672 557.5773894410008 0
2770 5141.088447169147 595.1278370587792 0
2771 5146.214084416822 605.1804089719509 0
2772 5134.798329007266 604.4650438910951 0
2773 6432.115911138808 441.3775913941715 0
2774 6635.453759534535 740.2668077475187 0
2775 4928.341105740925 209.6161418150407 0
2776 4961.22650173034 215.4650106629553 0
2777 4919.144801820137 172.5472556180971 0
2778 6599.789088121843 646.2273458555377 0
2779 4753.180957505241 536.2694986272472 0
2780 4740.015068957999 532.3820558229669 0
2781 3546.036288087221 312.7459587607177 0
2782 4694.074381410484 517.8683867496035 0
2783 3592.638791218014 608.1086772211311 0
2784 6722.908045421035 228.1270186440759 0
2785 4755.811019856352 689.6819195288099 0
2786 6757.690515922648 322.2925009415856 0
2787 4733.070707003076 680.8667799716472 0
2788 3266.44543390186 756.8590714947505 0
2789 3328.189552337171 598.5094354422598 0
2790 3468.556114244214 374.4362409101053 0
2791 4750.865501935698 513.4102169006056 0
2792 6693.32435804504 398.8244183706321 0
2793 3173.584087923069 167.1196758348654 0
2794 3350.433674170043 139.975734444067 0
2795 6521.29775331776 174.9530535703812 0
2796 6599.20369982073 111.6664492558078 0
2797 3358.868529437647 796.1424702407339 0
2798 3188.724149408565 264.9185399387389 0
2799 6698.404821818242 663.0571824342145 0
2800 4744.51904785236 491.3698620780007 0
2801 4734.066922903916 500.0172230140039 0
2802 811.6240746154763 167.9121046175087 0
2803 6959.304417594121 621.0164343745506 0
2804 8563.647211612377 726.4331421982424 0
2805 8604.041323469197 823.4857477741585 0
2806 7870.759882337302 339.6249652286056 0
2807 3204.229888967967 364.5830399432596 0
2808 9245.427528334891 314.1496531280384 0
2809 9309.412598414925 237.7970842763982 0
2810 9276.938029877543 145.7807945511873 0
2811 9376.416384214859 163.045803714922 0
2812 9408.31789218377 255.8395423780606 0
2813 8787.061977315005 323.3482455675232 0
2814 8752.210270636384 231.8241894155087 0
2815 1943.960452116876 711.3350258814801 0
2816 1958.948007823184 811.0600402473001 0
2817 280.4956944765872 160.830979206906 0
2818 456.1112928691537 133.7075410727715 0
2819 190.2164512707532 115.1376809863825 0
2820 99.5625723767389 251.5090136670618 0
2821 470.6973475284303 226.9257420517642 0
2822 8624.520887570827 382.6216772492529 0
2823 8688.51313328254 306.3734120832354 0
2824 8653.159450565625 217.7394083456173 0
2825 8708.396964531044 153.607045490104 0
2826 7432.422783548822 165.3273239551599 0
2827 7506.305112476521 100.4985120709188 0
2828 9181.364416201839 390.8350444432557 0
2829 9343.867918674743 331.7777983954835 0
2830 9643.729743998594 647.7352069188327 0
2831 9707.686152635642 570.9949105892459 0
2832 9818.575970841419 587.5214424075838 0
2833 9772.377041479367 494.0947678782653 0
2834 9673.750797301411 477.003811487603 0
2835 9833.431405267525 417.6630070695902 0
2836 9805.753970064472 326.410853681187 0
2837 9868.803085259344 250.8623651762758 0
2838 9545.615353671046 630.523779725055 0
2839 1399.463903374335 594.3170199004928 0
2840 1414.803418459529 693.1335128404407 0
2841 2036.914503375957 748.2159637941668 0
2842 2043.075143950114 848.8149236497503 0
2843 2127.363597292622 789.8112784428409 0
2844 2220.578679917129 830.0731501785085 0
2845 7836.174968671013 246.552157922503 0
2846 5108.757710579264 699.0228767598251 0
2847 5117.901400196561 721.9221975139544 0
2848 5142.800074130956 726.5099586218348 0
2849 5126.899359695226 746.2048802181082 0
2850 5171.523659519905 740.0734264102126 0
2851 5056.960542074726 689.4282073163422 0
2852 5064.222069523073 715.7983159496231 0
2853 9082.842801475665 373.7082961533268 0
2854 839.9797989254685 377.5739995536672 0
2855 825.2643532797993 277.7573119287711 0
2856 6791.8586854896 415.94519510694 0
2857 1539.940059601724 370.1152145295721 0
2858 2302.106675637084 184.3090055931923 0
2859 4979.927740031762 680.4632999997129 0
2860 5092.786754839394 718.6640349387794 0
2861 4786.852559572923 455.4841199419404 0
2862 1070.166277206357 194.8928513426579 0
2863 2192.434232553154 623.5945740967646 0
2864 3156.904910698594 624.8903110285881 0
2865 576.0400317063777 367.8481160374737 0
2866 483.672718049269 330.3896551597666 0
2867 2038.066103709821 191.5922631165744 0
2868 7905.205723868174 433.485729631054 0
2869 1928.327637549295 613.2756341297516 0
2870 2068.745133880204 389.2252489964766 0
2871 2721.476589070637 642.0921060676211 0
2872 2643.568753414281 704.7847622831938 0
2873 2737.774004921591 738.2599310522234 0
2874 2669.196539748786 819.420835797384 0
2875 8432.15001338287 612.8247885179438 0
2876 8530.388892431409 630.3391085927692 0
2877 3033.089206964742 391.3698159378356 0
2878 2534.981887587599 569.8444326187964 0
2879 7254.80550559925 674.0756713566127 0
2880 9913.399157889804 644.5996618373147 0
2881 6984.040401270389 185.5841831840743 0
2882 7086.026522451391 200.3057903189281 0
2883 7163.500441842055 136.7079218396455 0
2884 6950.770236354614 88.2180235529101 0
2885 7183.520812690247 225.7554586642771 0
2886 7052.788336818684 373.3972352113969 0
2887 7611.6006831257 644.776410097051 0
2888 83.82233183507378 449.6664721663648 0
2889 1104.382336064717 387.1290167871207 0
2890 2567.521222278135 769.3687077783976 0
2891 2581.091267038764 851.9568740856387 0
2892 4654.040866001272 636.4768219600244 0
2893 8166.338799011 390.9387514312879 0
2894 8457.111533428273 177.7458413252148 0
2895 8555.636399906656 194.8587220124833 0
2896 1321.640936822374 656.8075511116598 0
2897 1337.134909696249 755.2281633032742 0
2898 1429.519231122763 791.0256980410212 0
2899 1346.084672278093 849.9944229351407 0
2900 1441.05344415444 901.77801495723 0
2901 1228.407730931612 620.6500268864664 0
2902 8072.615797550481 638.3574229119074 0
2903 2053.138062897576 291.0994046939231 0
2904 2768.683548929034 381.8228546321379 0
2905 2675.432557247567 345.7084163536599 0
2906 2457.012130083127 632.3274436319564 0
2907 2550.559211269948 668.7315543692998 0
2908 3111.015767351983 328.6288249903093 0
2909 2333.147671019446 398.7802662299252 0
2910 1162.181687306845 231.1127469645572 0
2911 2814.723939812024 678.2159427922021 0
2912 978.7913412447574 709.5826921613859 0
2913 963.8304542243623 611.2367183352691 0
2914 2892.583609443141 615.4634308731493 0
2915 8663.948548524919 741.0243188790262 0
2916 1524.301147070596 272.0755583538013 0
2917 7348.504541891956 424.7618401048902 0
2918 9378.283006722657 425.645916943215 0
2919 8904.897479731415 171.075964551876 0
2920 1181.45119366568 325.4658055154877 0
2921 992.9793629482838 822.5824182480621 0
2922 4826.196783653511 406.0769193265731 0
2923 7515.119505881211 629.4472970799503 0
2924 8264.86366548938 408.0516321185619 0
2925 8171.171400421541 655.2933433877479 0
2926 2658.451666744189 250.3497789731531 0
2927 7250.076227225523 407.7415296204248 0
2928 9506.416050932752 272.7850008421234 0
2929 8589.896611613076 289.7882225326953 0
2930 8525.965682404832 365.6834670456218 0
2931 7057.807955136926 638.9045358568239 0
2932 8235.673198117036 840.494244639671 0
2933 1663.878756265977 603.8402461784793 0
2934 1502.226891084819 163.3113656773872 0
2935 1591.629525370554 111.0173570982963 0
2936 8821.559553964184 416.91115271748 0
2937 8106.934553569812 731.117859504547 0
2938 1275.353542952765 360.8457365084549 0
2939 8727.978334308067 663.6879341697058 0
2940 2114.394468871809 686.4788226224791 0
2941 1804.342596740966 379.6702317630279 0
2942 636.9353221269994 763.2849540800362 0
2943 2411.055506675732 336.0876100144383 0
2944 7609.519035047679 382.2698406254091 0
2945 7997.375596176345 186.0719863312169 0
2946 8067.550917492341 94.35002854194261 0
2947 8171.043449637893 136.8483424030862 0
2948 8196.777329027705 226.5556889373278 0
2949 1788.990322615937 281.0784221551446 0
2950 7814.986595216578 678.7687165615126 0
2951 7708.156710451165 399.2558256133408 0
2952 8230.442122847478 315.8613452997546 0
2953 699.5036426980778 601.7758049245845 0
2954 4756.347472300709 454.8368744108987 0
2955 8989.006850278114 621.5685422304166 0
2956 1585.972973235091 666.5276039013796 0
2957 732.1328908052401 797.2327235633662 0
2958 9284.698544956216 672.2330258387694 0
2959 404.9869115300189 394.3178529629187 0
2960 2395.715991590534 237.2711170744896 0
2961 7771.985259924 323.412580567644 0
2962 7797.413664919247 160.8274872731501 0
2963 5158.700788566684 706.8150370255623 0
2964 621.5958070417937 664.468461140072 0
2965 419.9045479211472 493.4508260688486 0
2966 1507.285623289513 728.2724765864093 0
2967 9087.536196024488 638.6556341981233 0
2968 372.9165899084801 752.3038837445413 0
2969 9121.947084980602 732.7176328535014 0
2970 9156.389328812689 826.5991104718811 0
2971 9220.639917451736 748.8634743080418 0
2972 9254.914195291029 843.7119911591175 0
2973 4819.408134182901 287.8557707325791 0
2974 5208.714107858181 714.6609607085774 0
2975 5237.471819912806 723.7407799175901 0
2976 4795.501707451194 279.7143169603311 0
2977 3250.268078991905 660.4562141942756 0
2978 5249.621481935818 698.8890009512778 0
2979 5276.011276150371 699.9629748139407 0
2980 5182.583886177049 352.5704041594851 0
2981 5170.812658354374 343.7090405607406 0
2982 4883.780396761745 408.9186716639796 0
2983 5282.244539912726 661.1014566992765 0
2984 4891.889209920349 398.9661528642303 0
2985 5158.22096289933 432.5711471077723 0
2986 5011.138208645409 555.8173389570812 0
2987 5198.80333936146 347.8649894599612 0
2988 5571.93868538821 347.402925435061 0
2989 5607.880387478849 301.1812275894437 0
2990 5673.795091982082 311.8186556284647 0
2991 5648.340347275915 254.0962753433261 0
2992 5725.678220864225 261.1789028006393 0
2993 4788.585672283322 469.8410225772462 0
2994 4872.745420021321 561.4356781353712 0
2995 5011.965998069709 511.3428164566415 0
2996 5137.429795724947 433.2014361118329 0
2997 4972.569596139489 533.063573624672 0
2998 5300.52999525292 641.242582511774 0
2999 5341.372820895057 612.4381556685789 0
3000 4716.861059748716 322.5239257616996 0
3001 4688.188844236463 313.8033269118545 0
3002 4734.343792108984 307.0047583410742 0
3003 4833.429169717706 592.9355302760677 0
3004 4796.730887704673 457.3319445142445 0
3005 5552.963612057424 292.2932975490845 0
3006 5095.084584726455 408.6581977653661 0
3007 4856.111114708074 598.7471783353938 0
3008 4802.415501179596 452.8074995248222 0
3009 5590.189756460625 254.7525280225353 0
3010 5084.701063301453 518.7363112292824 0
3011 5251.164233692821 500.5435849816019 0
3012 3685.947055641843 644.3015588414103 0
3013 4678.948433009151 358.942986590979 0
3014 4652.213870899441 350.1353977658035 0
3015 5130.370108532766 435.7153117625475 0
3016 5006.851815945377 495.2717660157185 0
3017 4033.958051788928 86.80711964348006 0
3018 3939.810911443145 85.57611042166639 0
3019 1744.279018587859 913.0001939022331 0
3020 743.307720353052 900.772561465837 0
3021 3142.824057282972 918.6390257813599 0
3022 3242.536759508928 914.2949998189764 0
3023 4043.190793833086 920.417372441353 0
3024 2935.436392601237 911.453699520891 0
3025 8652.616312461323 913.5652961442045 0
3026 5147.41629133903 952.6736452336063 0
3027 4849.155746563581 953.0697311964103 0
3028 1953.650326622487 908.3389608842353 0
3029 248.2116345119121 919.6265786861532 0
3030 1646.802284769487 913.5652961442066 0
3031 8552.810113384392 913.565296144223 0
3032 9761.717737841262 84.49618851884793 0
3033 9051.841207065369 86.43469489506083 0
3034 6262.235417318435 81.58164477866683 0
3035 2550.048624180192 100.2025097648726 0
3036 3744.507409186322 81.9457922063645 0
3037 4852.272592967422 49.22725982694595 0
3038 3647.335973431004 84.31168181093665 0
3039 9553.379244776297 99.44641002005369 0
3040 7255.329809926097 86.43469489505009 0
3041 2146.185728870046 82.3035717798316 0
3042 4907.056702906622 518.7854172530094 0
3043 4806.000176145993 446.7670939826834 0
3044 4803.254548846572 438.6433008471035 0
3045 4890.002196077583 537.7277396994882 0
3046 5086.525151497441 526.2359256237471 0
3047 5212.758757526392 466.2548847816855 0
3048 4760.151244434704 721.17498465145 0
3049 5817.269634613443 269.2696869474099 0
3050 5172.023548412685 437.3687665105136 0
3051 5361.152325990683 565.5053558677257 0
3052 1772.809786417712 181.8765115994916 0
3053 4785.773026880483 392.7619328903311 0
3054 5799.344150597795 139.994664665832 0
3055 5190.638414880557 642.8473083175413 0
3056 5208.137420478172 648.3410880677382 0
3057 5174.770244748293 644.6440507747244 0
3058 4981.098290591791 457.9511589465815 0
3059 5350.41115512625 445.1563858881738 0
3060 5360.273786826396 422.1098016672368 0
3061 4971.188926057763 746.0347587387542 0
3062 7215.737933149197 315.4142887423814 0
3063 7117.160473130439 297.161377730681 0
3064 4666.620186192206 491.0224455454386 0
3065 5165.257021219666 626.0932223632993 0
3066 7897.177707769952 171.5956027556005 0
3067 6039.382824960701 373.507664222092 0
3068 5209.284088225289 458.7319494513865 0
3069 5108.860709052143 558.8003846862809 0
3070 4536.887242020359 238.1070945402986 0
3071 5152.192576478472 416.0060437063456 0
3072 5270.376713936326 250.7733344319741 0
3073 5186.923839054796 541.4854044054098 0
3074 4861.316494898153 427.1696714084433 0
3075 4946.825373091105 457.1091901604813 0
3076 5285.498632446754 464.9095498818814 0
3077 5294.401105681314 479.1907304046933 0
3078 5241.502141766924 456.8915130005477 0
3079 5219.04593505001 480.1423602042379 0
3080 4810.722515516542 486.5212312994578 0
3081 5216.009594322025 440.3659383282206 0
3082 5459.05160402478 591.1861601655634 0
3083 4893.260245539147 632.4901940049867 0
3084 4878.842054895888 625.9356010605929 0
3085 4899.369385333399 367.8420809287082 0
3086 5782.480297683716 645.9756571897231 0
3087 4321.792609729693 932.6828621777095 0
3088 4799.256240400739 347.3313153586612 0
3089 4998.594746592704 594.0991183594565 0
3090 5221.346489722873 429.0643276177997 0
3091 4855.533441186247 545.5381080896891 0
3092 4893.152171229989 463.6014975863458 0
3093 5098.574614307106 523.4523905811126 0
3094 1259.266912757319 814.8917733803382 0
3095 5246.283767741093 491.85717689192 0
3096 4907.45311667737 544.9162349464547 0
3097 5159.445473771143 450.3220543351711 0
3098 5200.08080681415 44.7394316952354 0
3099 5210.866814787746 430.6061341307458 0
3100 5017.719267567906 482.6966885756786 0
3101 4283.896860041495 365.712862293462 0
3102 5459.738187304498 880.2294924799694 0
3103 6416.693022632882 173.6556849347728 0
3104 1056.399139800919 95.06103155508299 0
3105 7187.687852140964 751.0048214057269 0
3106 5964.427808781766 915.5407638975306 0
3107 4863.353698598574 539.3387275307333 0
3108 9476.097490884222 178.3911818994073 0
3109 4877.760938863184 463.3717239616734 0
3110 2480.837068962173 836.9314033137703 0
3111 4597.09601366578 428.2746703936513 0
3112 4022.793915881777 584.5654098214774 0
3113 5071.556323880846 562.819568357693 0
3114 5059.058870112205 901.6893994458424 0
3115 5076.252558691269 612.9002922330862 0
3116 5217.869194013304 511.3445879739646 0
3117 5435.069452063948 667.9544812558984 0
3118 4419.161979126899 73.44151871528118 0
3119 2444.021378992484 83.68587561572264 0
3120 5119.079933996083 626.8367293370713 0
3121 5190.466573655276 769.5296933350407 0
3122 5851.692875309027 349.9822905748981 0
3123 4767.743731636883 387.4436430275138 0
3124 5162.359312093362 437.9748578232567 0
3125 4782.570321626545 507.676721533742 0
3126 5206.178885295845 575.540500647886 0
3127 5217.180913437986 576.279122146296 0
3128 5211.203441109752 585.3994624698629 0
3129 4929.781628931873 315.9031834424137 0
3130 8436.417093811415 84.26061567587425 0
3131 5178.692086501909 312.2702406124914 0
3132 4805.129130991931 593.2999595290393 0
3133 5236.898533864239 906.1836603514978 0
3134 5629.286790818258 134.9436266647147 0
3135 4976.124431188106 253.5153973205917 0
3136 4524.812563594105 182.8394666677335 0
3137 4110.525110792965 844.6257795042382 0
3138 5116.973356628191 467.8804192581356 0
3139 5113.724353546467 471.5746033386243 0
3140 1149.82240173379 921.1333837270372 0
3141 5188.490595251346 453.7098764764762 0
3142 8705.653314762802 830.9844503866835 0
3143 3438.350583449112 85.30822676660057 0
3144 8953.871956138461 87.45633480612457 0
3145 5094.397508978614 567.24595460825 0
3146 4271.533540282006 661.2496108280761 0
3147 5851.591740442571 583.870024890505 0
3148 5271.534617724677 367.3124520982058 0
3149 174.238538427775 587.0648726536723 0
3150 4618.729325252681 114.4623658549455 0
3151 100.9160965524752 846.6407985482438 0
3152 9905.899185280639 845.5287985131861 0
3153 5090.060337709555 486.7908737838713 0
3154 9849.749136446242 83.573728825351 0
3155 5059.378315224249 423.0197955559174 0
3156 4491.608980420255 679.1540549952121 0
3157 5143.305898300975 455.1916996140365 0
3158 4940.600085140636 597.8151300577678 0
3159 4832.599809178735 452.8312058670998 0
3160 5206.364538023226 533.9204292459809 0
3161 4862.786508451953 567.2259936179012 0
3162 5118.300762329559 534.449532230278 0
3163 4764.604503557122 597.1609816920507 0
3164 1677.369106504328 151.4192593502094 0
3165 642.2276726668215 90.03235688280034 0
3166 1519.408742861421 823.1260018212989 0
3167 6157.79092305385 916.6126052899685 0
3168 4356.200548093759 363.8975802842955 0
3169 8136.696882915943 827.8784660220263 0
3170 4931.824367875284 385.4474234424222 0
3171 4881.479698463637 447.5519302693455 0
3172 4779.762013879927 630.2715298889786 0
3173 4511.021022542182 551.841123836849 0
3174 5056.907589801397 312.1362989054764 0
3175 5096.978405537749 540.4841383010157 0
3176 5287.845587887467 492.7839195322372 0
3177 9165.712951728721 918.3052986462237 0
3178 5063.017074265465 464.6421795196752 0
3179 5432.543744488894 360.1768963461378 0
3180 5338.611036687442 161.4319066961537 0
3181 6852.038445977973 81.48972455404305 0
3182 4899.317596275338 483.0882214525374 0
3183 7324.688693638212 856.7917283683162 0
3184 7161.488972031537 918.897069517217 0
3185 1801.79951344817 833.814043514873 0
3186 4624.288900117868 889.7882971572199 0
3187 4579.469302008263 856.9972883806879 0
3188 4925.841332427455 550.8421045047411 0
3189 2245.945892116758 83.10696992231016 0
3190 9752.319847433575 918.8367515596026 0
3191 5195.37022335756 498.6452254896496 0
3192 5043.343364625792 412.6507898289989 0
3193 5078.376115730705 371.3160169008608 0
3194 4889.387293766968 438.5733018703099 0
3195 5214.407924172608 422.1087618374036 0
3196 5420.07995129301 546.5468309287168 0
3197 5100.597805528893 510.7445066983923 0
3198 5294.242646509777 535.9376139215941 0
3199 5103.956507556783 489.6765977264864 0
3200 5031.904235996698 705.8324253508001 0
3201 4943.933142204823 422.5390268992584 0
3202 4805.991080598777 475.8614069619579 0
3203 4140.457851015148 175.918920398568 0
3204 6259.203889318361 920.774624990702 0
3205 4803.827873291275 495.3565315627103 0
3206 4798.817656893302 498.1784274974319 0
3207 4799.458383916877 502.5254295968228 0
3208 4525.877032775706 392.2913412235848 0
3209 5147.94816341811 266.3441383853812 0
3210 4800.650946785591 511.1830016676343 0
3211 5152.924671513048 309.1923479043552 0
3212 5120.233937775738 464.4913303480781 0
3213 4896.410441434538 436.6494309329295 0
3214 7853.81220752006 83.49824106390042 0
3215 9922.609243684332 450 0
3216 5485.519984092342 621.5882015402032 0
3217 5180.503283192133 549.5054333983818 0
3218 6688.421867252784 140.2154501802095 0
3219 5066.122352237181 455.3101214584615 0
3220 5042.361523569064 562.9348017151574 0
3221 5031.543268080049 574.2394457254162 0
3222 4862.98836701059 447.1017990714857 0
3223 4904.439771407163 525.0587919224594 0
3224 4842.298559316931 371.2500020161895 0
3225 4457.208883193587 863.790357857142 0
3226 3455.695411593509 923.7988909952242 0
3227 5109.644541597025 92.22692935436129 0
3228 5095.062915966715 140.4326312800172 0
3229 8647.72551387885 80.97219917418693 0
3230 5074.626417722953 574.3786514009952 0
3231 850.0952052605253 920.2114951433276 0
3232 5194.48541409787 420.5759272958229 0
3233 4701.859299142336 702.277912158461 0
3234 5247.266814349578 373.028053509002 0
3235 5292.74905081061 905.724067685507 0
3236 5199.040634407223 514.2347650950135 0
3237 5203.765279177223 513.6049492931958 0
3238 6670.902149890339 821.5814877174645 0
3239 5116.825996251965 900.0503049767308 0
3240 4900.855565408234 519.5011729798293 0
3241 4923.145385727203 482.3217524883888 0
3242 4937.53954728689 907.5265945039673 0
3243 5674.90553811985 931.3476980483961 0
3244 7752.433572289299 77.80193824300272 0
3245 4845.732235370087 440.7674585720694 0
3246 4809.585272340037 478.6921649975587 0
3247 8071.964587710178 907.006344372766 0
3248 5100.430992208859 506.2839190195045 0
3249 5214.044759352776 451.1582329311354 0
3250 3876.906530408857 162.7465725932266 0
3251 4866.416403123247 457.0655521522962 0
3252 2644.510903779145 918.6907269936894 0
3253 2899.188120337044 159.4835986066678 0
3254 2731.11269056725 83.37484053341484 0
3255 5074.25019989861 471.4904902977679 0
3256 5203.84579740542 437.3161803474939 0
3257 4873.478323132282 461.2045797658044 0
3258 4864.483221415005 621.9884199213943 0
3259 2250.19067023467 921.4701138059932 0
3260 5222.662227006108 586.3673690044128 0
3261 5324.452120250238 597.2318067814808 0
3262 9834.225418189888 697.5742361159975 0
3263 551.344192033026 169.765824897369 0
3264 4630.31420593711 372.0790852297525 0
3265 3999.806051778813 837.7637360907698 0
3266 4126.487195001578 682.4707343430886 0
3267 4834.357342953349 399.5828527609493 0
3268 4824.093954319133 394.7917468350874 0
3269 4802.515444581695 395.6212427556185 0
3270 4677.67549818629 550.2961708968842 0
3271 5024.302248882008 499.0005144571223 0
3272 5166.389706757494 565.8009532081588 0
3273 1048.12192980701 923.1520181322927 0
3274 6359.052279435709 79.69886893913315 0
3275 5946.865388501526 91.78164997557326 0
3276 9344.271539361158 75.76792386778766 0
3277 5243.450622299935 539.5386195597796 0
3278 5256.87696657441 544.1334431816961 0
3279 4825.556150178637 100.6552858468384 0
3280 5103.294814801743 464.3976362396221 0
3281 5050.599587276148 358.1493047319894 0
3282 5035.807432994194 322.4764242057996 0
3283 3160.122875742003 76.26984539039967 0
3284 5880.860457801404 664.1491383574948 0
3285 163.340032311371 491.7486344332816 0
3286 5139.335570917502 546.6694713034734 0
3287 4939.977424792041 403.4041458905861 0
3288 5115.415830493993 210.2572658143795 0
3289 5238.702505043658 583.6588416787338 0
3290 4795.910978497445 545.5829599947242 0
3291 4810.918132617847 524.586769506146 0
3292 5102.291724497645 515.0059659782958 0
3293 4958.876878162064 424.3192072773336 0
3294 4879.051373019538 577.6404351149575 0
3295 5589.300933551661 550.0555328144086 0
3296 5700.368886918369 538.8500785624835 0
3297 5183.482251867165 555.6536910736925 0
3298 5868.098470042222 179.323574045863 0
3299 4823.456063682658 589.4670146232418 0
3300 4865.197675904958 358.2221265269708 0
3301 4821.946211687519 464.1299745444989 0
3302 5396.564838147369 576.320460970835 0
3303 7751.439450719876 765.4428132569301 0
3304 5093.199217240274 527.9631966231127 0
3305 8802.198539830166 844.549694952064 0
3306 7328.457964019879 168.797610423808 0
3307 8350.71117956618 64.8730177658698 0
3308 4859.017873694205 573.3734560053822 0
3309 8807.247180552724 160.8038100580684 0
3310 4875.61305627576 539.0613168176606 0
3311 4879.912227355545 540.788087135582 0
3312 4862.386638456936 609.4512312265682 0
3313 2764.583659765804 822.0185749701527 0
3314 4884.068634235614 537.1703649810845 0
3315 5213.019137219287 506.8184744274077 0
3316 5224.656004704348 508.236528549142 0
3317 4945.744111243101 502.7042842515773 0
3318 4935.205316001795 503.2013518003847 0
3319 4282.591317828056 140.419457892145 0
3320 5100.971052418459 391.7837145651248 0
3321 5067.798770754641 521.1522331257695 0
3322 948.0873769486225 76.5103035461255 0
3323 4817.1087143164 531.6512828875119 0
3324 5059.846288786495 610.8083168673111 0
3325 4742.465101053866 547.0291900000591 0
3326 4865.903538121677 560.7787220837873 0
3327 4873.047005552701 374.5586689415547 0
3328 4675.599329451799 448.3225287523765 0
3329 4952.801544150296 447.4602486833592 0
3330 5101.294744945469 453.5977668261566 0
3331 4833.340002796752 559.6714203009358 0
3332 3595.494713402379 161.1104579271467 0
3333 558.9911046115139 926.9986887370396 0
3334 394.4614669833572 841.078928311581 0
3335 8972.666016502468 925.9319923040377 0
3336 4147.256000299166 383.8677371340254 0
3337 4906.888801289861 557.5535161339836 0
3338 9806.077994824012 843.5377489003336 0
3339 5137.529201888719 456.2927083096324 0
3340 4849.432091675948 420.8946903615698 0
3341 1243.72801223851 67.42433079032133 0
3342 5764.416389995098 929.3903099411536 0
3343 8259.601204656305 927.0997297255843 0
3344 4900.323395824093 503.3381410410748 0
3345 5127.980471118514 539.2199206323259 0
3346 5223.581567567118 564.9809733770576 0
3347 3728.313212231207 926.7073079786567 0
3348 5177.850880613041 897.1596096185478 0
3349 4683.46198015478 475.6882041438425 0
3350 265.5921754965939 72.59478672086277 0
3351 4564.829393236471 377.2469379845254 0
3352 5132.482076581238 379.87764330123 0
3353 4780.124343763471 527.3927477859588 0
3354 6791.103306448971 158.1784767285686 0
3355 4806.828374332347 640.150506976413 0
3356 4795.93543848484 632.8176516733056 0
3357 5207.453424454186 617.9682638454831 0
3358 9255.272504699489 936.2848514994866 0
3359 4537.791668582688 674.815828952524 0
3360 4562.127463252378 809.6824982205437 0
3361 5270.104304145447 303.2976969965135 0
3362 4900.42262056812 498.3518380708542 0
3363 5156.973750857569 564.3589432856148 0
3364 3008.32600656855 836.9050740331322 0
3365 4719.248557747122 182.7921748647918 0
3366 5067.241057536307 510.1017806606199 0
3367 5194.000608621119 592.8209990636345 0
3368 5127.698405373444 465.8129990040169 0
3369 4828.401629770571 456.4798533387805 0
3370 4821.145270441711 459.4783902541246 0
3371 1947.495495522317 70.28329792275923 0
3372 4708.609212420488 446.5361041901071 0
3373 4685.665182410304 176.2544224215154 0
3374 5182.128316315016 544.190339776967 0
3375 4926.41128603818 521.8909781258382 0
3376 5234.968053834666 426.1499659805302 0
3377 4431.208111592952 205.1720997475872 0
3378 4771.581106585921 429.0607643342976 0
3379 4786.706399841107 412.719181128122 0
3380 4618.083964245892 578.7189550904637 0
3381 4875.308293387857 388.0872217231557 0
3382 5684.915801222232 367.482300464349 0
3383 4875.607519482706 568.5799691263995 0
3384 4905.906596567249 412.2221296752712 0
3385 4891.787700335402 556.7950262565668 0
3386 4919.000758020999 503.3881864222404 0
3387 4856.772839138007 421.4308743523138 0
3388 5246.123869439843 445.7497063270523 0
3389 4895.417343994186 564.1592171495083 0
3390 5037.220610285547 507.0410846814921 0
3391 4673.426109912804 335.9897313319297 0
3392 4680.963534565301 575.8955705226034 0
3393 4926.518150455024 502.0541301571101 0
3394 4925.366361970527 434.7419061439051 0
3395 5124.54203079687 430.6404492297694 0
3396 5112.805681527228 396.3558210407917 0
3397 4932.318324974874 425.9203946714999 0
3398 5309.750519097849 531.7519462768406 0
3399 5039.620512568854 517.5143019745057 0
3400 5370.012338322926 928.7271511200018 0
3401 5095.599363140032 489.6173524248091 0
3402 5244.800708904285 598.6400063803976 0
3403 5276.496113335002 559.7178797238242 0
3404 6318.864274007891 849.1406398273505 0
3405 5109.812053445899 469.8843362289057 0
3406 5112.726037331122 467.4099419415247 0
3407 5114.501587507598 537.3033033317859 0
3408 5161.103839224956 543.9540159755817 0
3409 4840.919605168358 454.0039313208991 0
3410 4898.80255093802 509.3698469454267 0
3411 4979.528518610407 709.1425720286128 0
3412 5117.391770537979 856.509666021445 0
3413 4978.423724413085 595.1113870633829 0
3414 4578.469002349216 542.9222288952656 0
3415 5109.976434904 433.4505831251781 0
3416 2045.803365586026 932.2190728728929 0
3417 5414.656176831517 802.8561960028608 0
3418 4528.15222505462 882.3919929839855 0
3419 4783.600235598102 515.3214576738948 0
3420 4878.671776248263 545.2361158462832 0
3421 7220.430438158341 841.9394805483512 0
3422 4853.595944287334 549.967452876573 0
3423 4893.634823946731 488.4665446495854 0
3424 5215.141395588263 595.8453028678935 0
3425 5402.356796710695 340.4301958702897 0
3426 5215.715229375939 558.3113674140009 0
3427 4890.448665895296 467.9284848952642 0
3428 4889.397556587957 472.1416234838244 0
3429 5130.688622476432 458.999964937956 0
3430 5185.587458249361 531.8894552931069 0
3431 5112.935872615632 482.159482902563 0
3432 4239.051284510145 942.5852692235969 0
3433 5016.915565439621 568.7627430558839 0
3434 5402.290242792707 886.3344076332428 0
3435 5107.304033334136 482.9238285267982 0
3436 4818.827601357003 467.0498239155148 0
3437 9821.684965466191 168.5668272251586 0
3438 4943.34019915812 582.0175702451145 0
3439 5374.241735575369 442.614592858372 0
3440 4924.317808958012 489.7034099586178 0
3441 5191.686013478959 538.5893532287616 0
3442 5073.227915516971 502.3504519365546 0
3443 750.1417816887933 72.07099118542914 0
3444 7645.089723298345 734.5000471725405 0
3445 4643.402510449871 393.7089588534211 0
3446 5136.888562007461 562.0167163229752 0
3447 5470.777013995165 655.0331613358977 0
3448 5120.862640769896 372.6710799342564 0
3449 4062.008819888859 760.735461175999 0
3450 4749.98679584569 463.7743033837763 0
3451 4817.22666611187 265.8361884805825 0
3452 6768.057838423518 929.2137896844984 0
3453 5064.360322805993 160.8232842039746 0
3454 4813.613163148442 471.6570833940373 0
3455 155.7913192878314 394.8850719018427 0
3456 4908.708971921418 481.3759489617191 0
3457 4729.27886877717 556.9550799271625 0
3458 2393.151795782998 154.3304465166591 0
3459 4811.505437226997 532.7570246635265 0
3460 5204.88420490832 421.4352092589284 0
3461 7692.727005548446 147.0292822627695 0
3462 2346.161397161893 931.8273593001222 0
3463 4808.860902643629 482.935216572806 0
3464 5169.376742812108 547.2047304384395 0
3465 6420.338879106845 866.9380976217869 0
3466 5073.848257211444 450.7610075553956 0
3467 6215.567344459796 158.3897825313418 0
3468 5288.701497955713 683.4105240548071 0
3469 5302.207998844153 707.4495350747882 0
3470 4736.053865155935 856.3286469815753 0
3471 4714.932255994186 905.6927842667233 0
3472 6088.931303878589 742.0077376753328 0
3473 5063.240386505818 572.4796684829317 0
3474 5108.553456513337 465.0271059204563 0
3475 4921.567700034716 104.222894559231 0
3476 4859.211657298511 451.272932767415 0
3477 4986.652417354973 580.3807045608195 0
3478 8831.215841560215 925.8177227845326 0
3479 5276.004554458385 401.4028872215996 0
3480 9247.415684666086 72.66575983639331 0
3481 4314.464851806194 722.1601697414822 0
3482 5102.329000313281 519.491922349428 0
3483 1601.771167087066 846.0829551999642 0
3484 4794.42280284664 501.5931437046896 0
3485 5146.602420258707 39.85533716444615 0
3486 5125.287880066583 355.4478355951651 0
3487 2642.254785946174 158.5695206838775 0
3488 4785.15492210681 463.9679857202149 0
3489 4919.147465287491 294.4636876807262 0
3490 5279.287735686925 278.9875203943511 0
3491 4430.819331881288 658.5342865692155 0
3492 5376.723563809169 249.7064141875966 0
3493 5402.967018445215 275.3241024002944 0
3494 7341.491021955075 933.3965438069717 0
3495 5138.625845830701 425.6274163324507 0
3496 5580.618738696415 828.2974422645061 0
3497 4802.234115832362 515.7169992107041 0
3498 5271.959618069351 547.1137135058356 0
3499 5073.900827944301 439.1900268463693 0
3500 5298.738722739495 505.8534820449588 0
3501 5113.731713890116 541.2531128092041 0
3502 5282.806083582489 759.5193891097199 0
3503 1661.066687028615 70.01707688354924 0
3504 5078.442784105434 526.3322073614758 0
3505 4864.662024891591 452.3568236334021 0
3506 3280.764932206074 839.279019522518 0
3507 1347.690142641922 933.4542169231607 0
3508 4843.43137354525 553.7371261376119 0
3509 4845.377203688647 412.4139694652253 0
3510 5151.787756276572 554.103608615382 0
3511 5234.81656460081 547.4437386020257 0
3512 5231.909157085003 557.2579556353095 0
3513 4796.086351480173 588.4307173653065 0
3514 4870.302023107037 908.1095290072935 0
3515 5192.571216702989 470.5993121621256 0
3516 5197.065220699596 470.6739433109404 0
3517 5199.265964993611 497.2994544514012 0
3518 1407.839652312097 157.4582078288505 0
3519 4391.098436335562 714.1797197577112 0
3520 5796.836422431192 862.6671842799985 0
3521 4851.287122203888 361.0930975157908 0
3522 7588.579596141803 127.4862051059386 0
3523 4424.053106090863 551.3818348918445 0
3524 4884.950583186408 312.222728726897 0
3525 4890.032240914326 289.8417807904141 0
3526 5119.285918493633 566.3876610423563 0
3527 7241.959404557314 171.6255136281364 0
3528 5227.763099939329 575.8188973903182 0
3529 2530.45569555853 923.9459385017639 0
3530 8762.846221950909 77.57432090868485 0
3531 4886.086909767848 378.0498103252665 0
3532 4938.316208804975 493.4715249388541 0
3533 5112.607567204328 564.9565361792197 0
3534 5146.339189838928 218.8902088537603 0
3535 5090.067484071418 539.7006462610113 0
3536 9852.07822417884 499.8558434710879 0
3537 4897.517328739063 514.9758387000194 0
3538 124.9563061078143 67.85023245859878 0
3539 5364.543799837485 596.8766943208392 0
3540 4672.464070362596 724.1715829153013 0
3541 4540.171589245827 537.6109406354891 0
3542 4778.606886043287 483.6280665135365 0
3543 8254.478782203192 168.958038960977 0
3544 5153.452765306011 614.9075084500323 0
3545 5121.149055507956 424.082214546727 0
3546 5150.21138623863 449.2839244947353 0
3547 5226.408109055626 543.3035196487137 0
3548 4923.610013567279 373.2089132472079 0
3549 5127.24663650199 567.4034414570069 0
3550 5173.973950035058 466.457942266949 0
3551 4894.804921101188 484.2299972673741 0
3552 3023.500304507545 74.54794673138673 0
3553 5053.669542198583 462.6334133891586 0
3554 4871.710399572645 540.1961781452611 0
3555 4910.940695312621 486.1590684857701 0
3556 4825.236223225403 538.1908513124338 0
3557 5205.825709250521 390.8360627733521 0
3558 5001.036154479093 342.7352203220649 0
3559 4846.730857651606 606.069225619031 0
3560 5170.603726104513 458.34171283902 0
3561 5107.274555952582 520.7259797329853 0
3562 5371.588980369967 345.4577241281715 0
3563 5191.095172142481 526.8860667028817 0
3564 5426.349260563193 313.8237600379929 0
3565 8358.109219071208 929.3727630308265 0
3566 6666.326558140689 64.07034051194569 0
3567 6578.192000473981 925.9817151859452 0
3568 5503.417072478457 189.1813731160037 0
3569 4568.632706787249 198.6785954439937 0
3570 5403.402772989843 455.3171662468054 0
3571 5064.572184931973 498.9311815942361 0
3572 5526.315514174225 810.5615388729539 0
3573 5042.088690218717 608.8652057459086 0
3574 4889.262844983878 616.1371790496978 0
3575 4887.859941399773 532.3371386054838 0
3576 4886.790817303596 451.1146646600891 0
3577 5296.848345394335 86.41507912535297 0
3578 9357.441125351117 833.6746521434438 0
3579 5103.056312758014 503.5715511233764 0
3580 7434.703749997698 72.72261048306461 0
3581 5178.990820682521 464.7229102549259 0
3582 901.0755585770803 851.7757546855037 0
3583 5168.465584877849 573.1390464006693 0
3584 4912.516706669968 469.0148550852834 0
3585 5194.60261350471 736.5514992150544 0
3586 4205.932246055324 133.9396479263702 0
3587 9724.857437902789 160.0335748147443 0
3588 5281.650074437619 323.0471389408148 0
3589 5300.436637917566 337.5923295431198 0
3590 1890.607140199832 849.0572459073907 0
3591 5194.877667686156 520.6300367132496 0
3592 4869.184540005532 566.387676786098 0
3593 5032.111796833161 485.1292007199842 0
3594 5272.827144169335 492.5480964356985 0
3595 2107.160200731013 153.6596006714632 0
3596 4716.934032843098 552.4162963996989 0
3597 4765.226419304359 753.840117043358 0
3598 9926.8138722187 73.23790827355378 0
3599 5253.438226091225 437.9732081714075 0
3600 5117.739281502702 166.4715458930045 0
3601 6033.412337928299 827.2462850422035 0
3602 4967.95638433402 411.6036041946083 0
3603 4980.281860026664 406.0384484690063 0
3604 73.03019127301741 926.9177287827023 0
3605 9926.969808727001 926.9177287827326 0
3606 4803.075576347989 504.0928178270702 0
3607 4799.854987611228 506.794523640349 0
3608 4892.566720313238 516.1110782262599 0
3609 7893.262583293645 854.1856806698154 0
3610 4995.225471288266 449.8974815340996 0
3611 4728.437899919626 409.1604292743658 0
3612 662.7564179058991 838.2966394411251 0
3613 5196.229987658674 516.8634496642075 0
3614 5165.322890962349 549.2881936803698 0
3615 5772.375583422616 204.7848388833827 0
3616 5222.208861495576 473.3889057077853 0
3617 5425.362852940776 425.304861770455 0
3618 5458.521480015465 417.5723769496882 0
3619 5443.512461839278 392.7632777536843 0
3620 5168.681652031638 448.8723439383484 0
3621 5605.278614704586 60.74314862180705 0
3622 4068.690854049612 157.9369073175485 0
3623 5141.18289939775 415.9813366787871 0
3624 4754.697991108063 608.1036019946995 0
3625 5096.561375967004 494.2510237665016 0
3626 4785.671704240596 589.7546923799372 0
3627 5293.889916302889 364.5378706682083 0
3628 4744.252078517477 480.7042905295035 0
3629 5210.78244000261 413.0169251816139 0
3630 5136.794851205885 389.0918311090256 0
3631 4820.565294058834 535.1563664885177 0
3632 3792.635171738483 145.267167183398 0
3633 4588.215519251125 398.5568773334619 0
3634 899.2185434292705 140.0009112228599 0
3635 5123.496717687945 458.1714988496536 0
3636 5272.347985349311 726.3139724996313 0
3637 7479.504733829091 927.7466412777814 0
3638 4812.561106331632 537.4913747142502 0
3639 5308.001740837462 864.3894283430136 0
3640 5204.914441468597 492.7331691983117 0
3641 4954.735280076013 520.780404259848 0
3642 5190.885097779301 483.0648380008639 0
3643 5191.640695502521 544.0067193364422 0
3644 3867.566131530502 928.0149109932622 0
3645 5068.303205706722 624.2458150176204 0
3646 4831.757556246029 565.0689165350054 0
3647 4737.74394691966 602.3767065672785 0
3648 4697.304360624244 144.413263191769 0
3649 4802.41085755487 549.1389828714738 0
3650 4859.462140150252 278.356125551895 0
3651 4966.650518975861 35.73670757397713 0
3652 195.9234853392536 858.212303768569 0
3653 4847.94069102909 734.4593705524815 0
3654 9199.039014249771 145.7621746470369 0
3655 1521.576260035176 71.75864430339158 0
3656 4930.266841107848 512.6304127206258 0
3657 4834.439458698433 569.8352332839197 0
3658 5201.625282280124 537.4251879621233 0
3659 4741.061772929711 775.0804823616172 0
3660 1193.518494630511 852.7645969551202 0
3661 4911.118022074869 374.1079131913534 0
3662 6126.303911992068 155.1552423565163 0
3663 5065.764809259321 436.7856788728446 0
3664 3543.120067231317 943.6369464822042 0
3665 5607.267730506474 204.3119786558666 0
3666 4606.915600149528 532.574744284128 0
3667 4890.89557447822 520.3473280438692 0
3668 4893.045881693933 524.6177421487686 0
3669 6856.104729076437 943.693947488055 0
3670 4688.685507696691 43.26501329253631 0
3671 4689.26022881138 957.7166124976218 0
3672 4390.897746884481 403.3934301303507 0
3673 5219.233862689833 467.8086858890288 0
3674 4763.561848284326 371.9938318065258 0
3675 5034.23403562066 683.5888225493712 0
3676 5188.342931636826 477.9476453955175 0
3677 4665.030928665258 884.9278932617328 0
3678 6532.452263280189 72.15090009089931 0
3679 5033.011920228783 387.6390289031331 0
3680 4909.747129681768 552.2404763661295 0
3681 5035.666400664293 590.5307832054117 0
3682 4976.959644151764 281.8215537761579 0
3683 5298.381623120685 466.4027639624323 0
3684 5090.598190423174 381.3940673908869 0
3685 4929.542779247047 495.1261420630644 0
3686 5147.779534070128 547.4919874579864 0
3687 4886.441443354813 389.7044637623291 0
3688 4843.703555852077 434.8016171443079 0
3689 5133.700701261292 566.3568300894481 0
3690 7754.033321477281 942.586776481824 0
3691 4910.281799809988 137.8070268293427 0
3692 2871.136431887481 71.04250607061488 0
3693 9846.558154481067 777.9428537095351 0
3694 4884.682192002658 473.6060816197943 0
3695 5099.86874932889 487.3104834748562 0
3696 4986.130765260425 615.5809217590939 0
3697 5101.502748250823 481.9300063700395 0
3698 4814.820873351676 595.4781028634814 0
3699 4897.076809596634 496.5329969341867 0
3700 4839.761523775455 559.2853553760905 0
3701 4842.41846717009 564.4012647497308 0
3702 4503.727490856398 316.7851150081427 0
3703 4602.298375935171 816.3791081612794 0
3704 8996.773605635206 856.083711614841 0
3705 4835.982304204164 275.6111008792019 0
3706 4904.333314252175 565.3403340574253 0
3707 5049.579151139401 40.25473625767484 0
3708 4684.090522455989 660.7365203944416 0
3709 4859.043819141607 544.852243914468 0
3710 5132.933301434705 540.754525332123 0
3711 8614.274366798047 149.4369211629701 0
3712 5434.782367893125 573.8960549940391 0
3713 5106.738730015051 741.4087772763321 0
3714 5720.489143544331 599.2142190779057 0
3715 4135.457786106972 306.1994036707137 0
3716 4853.611979299593 450.9594720145628 0
3717 4949.585181047272 183.7139460578551 0
3718 5158.410545369718 550.1222336760807 0
3719 5156.562447382293 553.0781743667201 0
3720 3344.268652630935 57.53407799824663 0
3721 4781.214665367836 500.4797304959016 0
3722 5132.292880213842 429.3711491886567 0
3723 5117.058066348217 582.3732178772793 0
3724 5161.562362711479 547.85975025191 0
3725 4869.315516664738 453.5935458012588 0
3726 6445.413998574608 938.8585248315156 0
3727 4191.366427221346 880.5109557150679 0
3728 4821.162729877717 559.5799130809552 0
3729 4751.577486564342 473.5463903191991 0
3730 8157.004946067898 58.3026114400364 0
3731 4871.623691285243 651.5098984344361 0
3732 4882.410284703321 642.6560249289225 0
3733 3094.171240614298 858.5843050588543 0
3734 4706.771901643987 593.4964287446766 0
3735 4893.464547155721 475.1576906007477 0
3736 4897.901238453165 474.5156411642258 0
3737 5173.930893574672 544.1668755811571 0
3738 5177.820419408625 545.707430321813 0
3739 4836.943292022071 451.1950542887849 0
3740 420.6747948557768 929.9927016603133 0
3741 5182.42686594289 334.6172464173982 0
3742 5107.616006562787 526.7765720585934 0
3743 5103.472185549157 527.5519018048939 0
3744 5017.626875121777 583.6056661196092 0
3745 4662.033887105527 659.0056823200144 0
3746 5282.962418566563 140.3129897574428 0
3747 5312.020752167573 376.6635943473999 0
3748 5133.784287600737 624.9930861557597 0
3749 4798.766381367567 493.6991874226636 0
3750 4784.962479383525 403.8336975994903 0
3751 2391.786725045781 867.1343574766107 0
3752 5280.343495560674 538.304251397357 0
3753 4713.855702044589 613.4804935096779 0
3754 5031.600192478671 400.9253596624436 0
3755 5117.006887724478 530.8009981032424 0
3756 5140.571049939301 615.2716483786131 0
3757 4817.210321406345 539.2303275066749 0
3758 4666.383794935613 115.1907005039462 0
3759 5150.204662866545 550.1741653437327 0
3760 5548.231980234973 574.953097081739 0
3761 5114.811096921206 641.369963400776 0
3762 5114.483402020124 571.9862220647585 0
3763 4870.997686237629 544.453970850012 0
3764 7157.090055322167 58.07788681229044 0
3765 5124.409856001623 466.3798396473288 0
3766 1138.597168948237 156.7979670391901 0
3767 146.5707079491231 309.1346412728732 0
3768 5158.493463372174 454.3051672384375 0
3769 4663.941009669928 508.7327284444664 0
3770 5146.736626742259 446.7748098383119 0
3771 5195.024476769057 503.5618875889669 0
3772 5428.095939446467 846.1924167479966 0
3773 5114.809637893287 767.9482887863364 0
3774 5684.398445928328 200.8031838468978 0
3775 4842.014788106136 403.3501718439121 0
3776 5964.860953817829 680.3604004644578 0
3777 2843.177966231243 942.8210868598137 0
3778 8410.505534853319 855.2802428844889 0
3779 4282.294732226126 453.5064797094657 0
3780 5089.347952843807 532.7241841654879 0
3781 4895.524276154946 647.2066325867365 0
3782 3503.323270073144 146.4323613533766 0
3783 4802.486578487948 555.7234121481052 0
3784 4961.429585794026 695.3333550303961 0
3785 4841.444021917192 545.6243916768605 0
3786 5201.31447100832 494.2916451454694 0
3787 5106.703825105998 621.8051482107505 0
3788 4802.024704798026 478.7561517445502 0
3789 5192.426295804353 488.6319083013797 0
3790 5193.59161035651 493.9805676222656 0
3791 5146.0140988071 565.0213125441686 0
3792 5063.726937829433 74.18652400712051 0
3793 5320.062754563236 194.1972112865283 0
3794 4883.434011832555 434.4632088994962 0
3795 448.9622628662873 55.14064537622971 0
3796 5257.585389356348 490.4222703401514 0
3797 4715.493710427264 403.423950582078 0
3798 5136.467424690308 549.2611121227927 0
3799 5170.910002731059 464.545382389288 0
3800 5139.193645061884 543.2687045255841 0
3801 7923.540204404115 931.1356320637194 0
3802 4766.809498968811 921.7515128579489 0
3803 5280.80643605566 381.6705687666792 0
3804 5156.4505182765 605.2346704974536 0
3805 5205.63866311184 404.9552529235352 0
3806 4891.142781131999 569.5071063053127 0
3807 5314.535459152706 41.41194199244842 0
3808 5196.676743066662 537.1508118556752 0
3809 9944.515941475305 250.5675645884041 0
3810 9449.146892548055 943.3812050212139 0
3811 4973.387576529788 448.1285583155178 0
3812 5096.034074409869 498.1396796870399 0
3813 4809.109511256532 520.7526021295811 0
3814 4784.262913078072 522.3909140676176 0
3815 4810.305219275613 469.2159518691607 0
3816 4806.953802413672 471.4989198985583 0
3817 4811.857923153948 465.2133780045091 0
3818 5214.363607371454 84.48469876534648 0
3819 9630.275597909134 153.045739817452 0
3820 7818.547335370933 834.3230125723796 0
3821 4824.110345386151 541.742443035126 0
3822 7562.839040513743 57.45237620968129 0
3823 57.44470889879813 57.97310156927676 0
3824 4991.212808062049 218.5808587111841 0
3825 5167.464098267989 440.11938087982 0
3826 4930.790494800967 575.2080625529343 0
3827 4783.082737310587 340.4465495932307 0
3828 5204.559607015581 592.2546087063978 0
3829 4890.182345490271 528.0428607347443 0
3830 4866.309265299573 600.8691680114518 0
3831 5107.066213868987 487.2453129926975 0
$EndNodes
$Elements
7760
1 15 2 0 1 1
2 15 2 0 2 2
3 15 2 0 3 3
4 15 2 0 4 4
5 15 2 0 5 5
6 15 2 0 6 6
7 15 2 0 7 7
8 15 2 0 8 8
9 1 2 0 1 1 9
10 1 2 0 1 9 10
11 1 2 0 1 10 11
12 1 2 0 1 11 12
13 1 2 0 1 12 13
14 1 2 0 1 13 14
15 1 2 0 1 14 15
16 1 2 0 1 15 16
17 1 2 0 1 16 17
18 1 2 0 1 17 18
19 1 2 0 1 18 19
20 1 2 0 1 19 20
21 1 2 0 1 20 21
22 1 2 0 1 21 22
23 1 2 0 1 22 23
24 1 2 0 1 23 24
25 1 2 0 1 24 25
26 1 2 0 1 25 26
27 1 2 0 1 26 27
28 1 2 0 1 27 28
29 1 2 0 1 28 29
30 1 2 0 1 29 30
31 1 2 0 1 30 31
32 1 2 0 1 31 32
33 1 2 0 1 32 33
34 1 2 0 1 33 34
35 1 2 0 1 34 35
36 1 2 0 1 35 36
37 1 2 0 1 36 37
38 1 2 0 1 37 38
39 1 2 0 1 38 39
40 1 2 0 1 39 40
41 1 2 0 1 40 41
42 1 2 0 1 41 42
43 1 2 0 1 42 43
44 1 2 0 1 43 44
45 1 2 0 1 44 45
46 1 2 0 1 45 46
47 1 2 0 1 46 47
48 1 2 0 1 47 48
49 1 2 0 1 48 49
50 1 2 0 1 49 50
51 1 2 0 1 50 51
52 1 2 0 1 51 52
53 1 2 0 1 52 53
54 1 2 0 1 53 54
55 1 2 0 1 54 55
56 1 2 0 1 55 56
57 1 2 0 1 56 57
58 1 2 0 1 57 58
59 1 2 0 1 58 59
60 1 2 0 1 59 60
61 1 2 0 1 60 61
62 1 2 0 1 61 62
63 1 2 0 1 62 63
64 1 2 0 1 63 64
65 1 2 0 1 64 65
66 1 2 0 1 65 66
67 1 2 0 1 66 67
68 1 2 0 1 67 68
69 1 2 0 1 68 69
70 1 2 0 1 69 70
71 1 2 0 1 70 71
72 1 2 0 1 71 72
73 1 2 0 1 72 73
74 1 2 0 1 73 74
75 1 2 0 1 74 75
76 1 2 0 1 75 76
77 1 2 0 1 76 77
78 1 2 0 1 77 78
79 1 2 0 1 78 79
80 1 2 0 1 79 80
81 1 2 0 1 80 81
82 1 2 0 1 81 82
83 1 2 0 1 82 83
84 1 2 0 1 83 84
85 1 2 0 1 84 85
86 1 2 0 1 85 86
87 1 2 0 1 86 87
88 1 2 0 1 87 88
89 1 2 0 1 88 89
90 1 2 0 1 89 90
91 1 2 0 1 90 91
92 1 2 0 1 91 92
93 1 2 0 1 92 93
94 1 2 0 1 93 94
95 1 2 0 1 94 95
96 1 2 0 1 95 96
97 1 2 0 1 96 97
98 1 2 0 1 97 98
99 1 2 0 1 98 99
100 1 2 0 1 99 100
101 1 2 0 1 100 101
102 1 2 0 1 101 102
103 1 2 0 1 102 103
104 1 2 0 1 103 104
105 1 2 0 1 104 105
106 1 2 0 1 105 106
107 1 2 0 1 106 107
108 1 2 0 1 107 108
109 1 2 0 1 108 109
110 1 2 0 1 109 110
111 1 2 0 1 110 111
112 1 2 0 1 111 112
113 1 2 0 1 112 113
114 1 2 0 1 113 2
115 1 2 0 2 3 114
116 1 2 0 2 114 115
117 1 2 0 2 115 116
118 1 2 0 2 116 117
119 1 2 0 2 117 118
120 1 2 0 2 118 119
121 1 2 0 2 119 120
122 1 2 0 2 120 121
123 1 2 0 2 121 122
124 1 2 0 2 122 1
125 1 2 0 3 2 123
126 1 2 0 3 123 124
127 1 2 0 3 124 125
128 1 2 0 3 125 126
129 1 2 0 3 126 127
130 1 2 0 3 127 128
131 1 2 0 3 128 129
132 1 2 0 3 129 130
133 1 2 0 3 130 131
134 1 2 0 3 131 4
135 1 2 0 4 4 132
136 1 2 0 4 132 133
137 1 2 0 4 133 134
138 1 2 0 4 134 135
139 1 2 0 4 135 136
140 1 2 0 4 136 137
141 1 2 0 4 137 138
142 1 2 0 4 138 139
143 1 2 0 4 139 140
144 1 2 0 4 140 141
145 1 2 0 4 141 142
146 1 2 0 4 142 143
147 1 2 0 4 143 144
148 1 2 0 4 144 145
149 1 2 0 4 145 146
150 1 2 0 4 146 147
151 1 2 0 4 147 148
152 1 2 0 4 148 149
153 1 2 0 4 149 150
154 1 2 0 4 150 151
155 1 2 0 4 151 152
156 1 2 0 4 152 153
157 1 2 0 4 153 154
158 1 2 0 4 154 155
159 1 2 0 4 155 156
160 1 2 0 4 156 157
161 1 2 0 4 157 158
162 1 2 0 4 158 159
163 1 2 0 4 159 160
164 1 2 0 4 160 161
165 1 2 0 4 161 162
166 1 2 0 4 162 163
167 1 2 0 4 163 164
168 1 2 0 4 164 165
169 1 2 0 4 165 166
170 1 2 0 4 166 167
171 1 2 0 4 167 168
172 1 2 0 4 168 169
173 1 2 0 4 169 170
174 1 2 0 4 170 171
175 1 2 0 4 171 172
176 1 2 0 4 172 173
177 1 2 0 4 173 174
178 1 2 0 4 174 175
179 1 2 0 4 175 176
180 1 2 0 4 176 177
181 1 2 0 4 177 178
182 1 2 0 4 178 179
183 1 2 0 4 179 180
184 1 2 0 4 180 181
185 1 2 0 4 181 182
186 1 2 0 4 182 183
187 1 2 0 4 183 184
188 1 2 0 4 184 185
189 1 2 0 4 185 186
190 1 2 0 4 186 187
191 1 2 0 4 187 188
192 1 2 0 4 188 189
193 1 2 0 4 189 190
194 1 2 0 4 190 191
195 1 2 0 4 191 192
196 1 2 0 4 192 193
197 1 2 0 4 193 194
198 1 2 0 4 194 195
199 1 2 0 4 195 196
200 1 2 0 4 196 197
201 1 2 0 4 197 198
202 1 2 0 4 198 199
203 1 2 0 4 199 200
204 1 2 0 4 200 201
205 1 2 0 4 201 202
206 1 2 0 4 202 203
207 1 2 0 4 203 204
208 1 2 0 4 204 205
209 1 2 0 4 205 206
210 1 2 0 4 206 207
211 1 2 0 4 207 208
212 1 2 0 4 208 209
213 1 2 0 4 209 210
214 1 2 0 4 210 211
215 1 2 0 4 211 212
216 1 2 0 4 212 213
217 1 2 0 4 213 214
218 1 2 0 4 214 215
219 1 2 0 4 215 216
220 1 2 0 4 216 217
221 1 2 0 4 217 218
222 1 2 0 4 218 219
223 1 2 0 4 219 220
224 1 2 0 4 220 221
225 1 2 0 4 221 222
226 1 2 0 4 222 223
227 1 2 0 4 223 224
228 1 2 0 4 224 225
229 1 2 0 4 225 226
230 1 2 0 4 226 227
231 1 2 0 4 227 228
232 1 2 0 4 228 229
233 1 2 0 4 229 230
234 1 2 0 4 230 231
235 1 2 0 4 231 232
236 1 2 0 4 232 233
237 1 2 0 4 233 234
238 1 2 0 4 234 235
239 1 2 0 4 235 236
240 1 2 0 4 236 3
241 1 2 0 5 5 237
242 1 2 0 5 237 238
243 1 2 0 5 238 239
244 1 2 0 5 239 240
245 1 2 0 5 240 241
246 1 2 0 5 241 242
247 1 2 0 5 242 243
248 1 2 0 5 243 244
249 1 2 0 5 244 245
250 1 2 0 5 245 246
251 1 2 0 5 246 247
252 1 2 0 5 247 248
253 1 2 0 5 248 249
254 1 2 0 5 249 250
255 1 2 0 5 250 251
256 1 2 0 5 251 252
257 1 2 0 5 252 253
258 1 2 0 5 253 254
259 1 2 0 5 254 255
260 1 2 0 5 255 256
261 1 2 0 5 256 257
262 1 2 0 5 257 258
263 1 2 0 5 258 259
264 1 2 0 5 259 260
265 1 2 0 5 260 261
266 1 2 0 5 261 262
267 1 2 0 5 262 263
268 1 2 0 5 263 264
269 1 2 0 5 264 265
270 1 2 0 5 265 266
271 1 2 0 5 266 267
272 1 2 0 5 267 268
273 1 2 0 5 268 269
274 1 2 0 5 269 270
275 1 2 0 5 270 271
276 1 2 0 5 271 272
277 1 2 0 5 272 273
278 1 2 0 5 273 274
279 1 2 0 5 274 275
280 1 2 0 5 275 276
281 1 2 0 5 276 277
282 1 2 0 5 277 278
283 1 2 0 5 278 279
284 1 2 0 5 279 280
285 1 2 0 5 280 281
286 1 2 0 5 281 282
287 1 2 0 5 282 283
288 1 2 0 5 283 5
289 1 2 0 6 6 284
290 1 2 0 6 284 285
291 1 2 0 6 285 286
292 1 2 0 6 286 287
293 1 2 0 6 287 288
294 1 2 0 6 288 289
295 1 2 0 6 289 290
296 1 2 0 6 290 291
297 1 2 0 6 291 292
298 1 2 0 6 292 293
299 1 2 0 6 293 294
300 1 2 0 6 294 295
301 1 2 0 6 295 296
302 1 2 0 6 296 297
303 1 2 0 6 297 298
304 1 2 0 6 298 299
305 1 2 0 6 299 300
306 1 2 0 6 300 301
307 1 2 0 6 301 302
308 1 2 0 6 302 303
309 1 2 0 6 303 304
310 1 2 0 6 304 305
311 1 2 0 6 305 306
312 1 2 0 6 306 307
313 1 2 0 6 307 308
314 1 2 0 6 308 309
315 1 2 0 6 309 310
316 1 2 0 6 310 311
317 1 2 0 6 311 312
318 1 2 0 6 312 313
319 1 2 0 6 313 314
320 1 2 0 6 314 315
321 1 2 0 6 315 316
322 1 2 0 6 316 317
323 1 2 0 6 317 318
324 1 2 0 6 318 319
325 1 2 0 6 319 320
326 1 2 0 6 320 321
327 1 2 0 6 321 322
328 1 2 0 6 322 323
329 1 2 0 6 323 324
330 1 2 0 6 324 325
331 1 2 0 6 325 326
332 1 2 0 6 326 327
333 1 2 0 6 327 328
334 1 2 0 6 328 329
335 1 2 0 6 329 330
336 1 2 0 6 330 6
337 2 2 0 2 421 449 341
338 2 2 0 2 405 499 447
339 2 2 0 2 354 409 357
340 2 2 0 2 357 409 366
341 2 2 0 2 399 487 386
342 2 2 0 2 258 440 257
343 2 2 0 2 371 429 367
344 2 2 0 2 421 451 449
345 2 2 0 2 449 477 341
346 2 2 0 2 404 417 402
347 2 2 0 2 388 410 389
348 2 2 0 2 425 500 424
349 2 2 0 2 400 418 393
350 2 2 0 2 385 404 402
351 2 2 0 2 402 403 384
352 2 2 0 2 391 397 392
353 2 2 0 2 382 399 386
354 2 2 0 2 375 422 395
355 2 2 0 2 450 477 449
356 2 2 0 2 393 426 376
357 2 2 0 2 380 400 393
358 2 2 0 2 388 389 379
359 2 2 0 2 395 407 381
360 2 2 0 2 410 411 342
361 2 2 0 2 386 414 413
362 2 2 0 2 354 357 356
363 2 2 0 2 356 415 377
364 2 2 0 2 397 475 392
365 2 2 0 2 361 415 358
366 2 2 0 2 402 481 403
367 2 2 0 2 283 464 282
368 2 2 0 2 407 420 408
369 2 2 0 2 385 499 404
370 2 2 0 2 395 494 407
371 2 2 0 2 264 467 263
372 2 2 0 2 387 484 406
373 2 2 0 2 358 415 356
374 2 2 0 2 404 455 417
375 2 2 0 2 337 497 412
376 2 2 0 2 392 422 378
377 2 2 0 2 257 440 339
378 2 2 0 2 417 455 340
379 2 2 0 2 406 484 446
380 2 2 0 2 406 429 383
381 2 2 0 2 422 423 395
382 2 2 0 2 435 453 335
383 2 2 0 2 426 427 399
384 2 2 0 2 394 438 369
385 2 2 0 2 418 465 437
386 2 2 0 2 465 471 437
387 2 2 0 2 373 430 390
388 2 2 0 2 423 435 335
389 2 2 0 2 411 431 342
390 2 2 0 2 416 495 400
391 2 2 0 2 386 413 387
392 2 2 0 2 407 408 381
393 2 2 0 2 354 356 355
394 2 2 0 2 436 453 435
395 2 2 0 2 393 489 426
396 2 2 0 2 403 450 449
397 2 2 0 2 401 416 400
398 2 2 0 2 356 377 355
399 2 2 0 2 406 483 476
400 2 2 0 2 481 485 450
401 2 2 0 2 404 499 455
402 2 2 0 2 392 435 422
403 2 2 0 2 333 485 481
404 2 2 0 2 258 468 440
405 2 2 0 2 383 429 371
406 2 2 0 2 412 452 337
407 2 2 0 2 455 499 405
408 2 2 0 2 331 464 283
409 2 2 0 2 412 497 447
410 2 2 0 2 382 426 399
411 2 2 0 2 387 406 383
412 2 2 0 2 388 506 433
413 2 2 0 2 424 441 397
414 2 2 0 2 335 439 423
415 2 2 0 2 429 444 367
416 2 2 0 2 361 438 415
417 2 2 0 2 462 500 486
418 2 2 0 2 379 394 369
419 2 2 0 2 373 390 378
420 2 2 0 2 398 425 424
421 2 2 0 2 394 478 438
422 2 2 0 2 427 489 345
423 2 2 0 2 458 459 414
424 2 2 0 2 417 456 442
425 2 2 0 2 263 467 342
426 2 2 0 2 398 424 397
427 2 2 0 2 410 412 389
428 2 2 0 2 388 411 410
429 2 2 0 2 345 466 427
430 2 2 0 2 262 431 261
431 2 2 0 2 445 500 334
432 2 2 0 2 385 402 384
433 2 2 0 2 391 392 378
434 2 2 0 2 424 500 445
435 2 2 0 2 357 358 356
436 2 2 0 2 342 431 262
437 2 2 0 2 382 386 383
438 2 2 0 2 334 500 462
439 2 2 0 2 456 480 442
440 2 2 0 2 446 483 406
441 2 2 0 2 447 499 396
442 2 2 0 2 438 478 415
443 2 2 0 2 342 467 410
444 2 2 0 2 282 464 463
445 2 2 0 2 248 445 334
446 2 2 0 2 437 489 393
447 2 2 0 2 380 393 376
448 2 2 0 2 374 388 379
449 2 2 0 2 375 395 381
450 2 2 0 2 352 354 353
451 2 2 0 2 452 467 264
452 2 2 0 2 362 430 365
453 2 2 0 2 411 433 432
454 2 2 0 2 406 476 429
455 2 2 0 2 386 387 383
456 2 2 0 2 392 475 436
457 2 2 0 2 423 434 395
458 2 2 0 2 255 439 254
459 2 2 0 2 354 355 353
460 2 2 0 2 352 409 354
461 2 2 0 2 363 430 362
462 2 2 0 2 365 430 373
463 2 2 0 2 377 478 385
464 2 2 0 2 357 359 358
465 2 2 0 2 403 449 448
466 2 2 0 2 418 437 393
467 2 2 0 2 249 445 248
468 2 2 0 2 422 435 423
469 2 2 0 2 374 506 388
470 2 2 0 2 473 475 344
471 2 2 0 2 254 439 335
472 2 2 0 2 359 360 358
473 2 2 0 2 357 366 359
474 2 2 0 2 346 502 419
475 2 2 0 2 388 433 411
476 2 2 0 2 385 503 499
477 2 2 0 2 366 367 359
478 2 2 0 2 360 361 358
479 2 2 0 2 436 475 473
480 2 2 0 2 366 370 367
481 2 2 0 2 360 362 361
482 2 2 0 2 370 371 367
483 2 2 0 2 362 364 361
484 2 2 0 2 360 363 362
485 2 2 0 2 421 505 451
486 2 2 0 2 362 365 364
487 2 2 0 2 365 368 364
488 2 2 0 2 368 369 364
489 2 2 0 2 365 372 368
490 2 2 0 2 365 373 372
491 2 2 0 2 419 428 351
492 2 2 0 2 349 419 351
493 2 2 0 2 444 476 363
494 2 2 0 2 349 351 350
495 2 2 0 2 349 350 348
496 2 2 0 2 389 447 396
497 2 2 0 2 417 442 402
498 2 2 0 2 411 432 431
499 2 2 0 2 275 341 274
500 2 2 0 2 272 333 271
501 2 2 0 2 248 334 247
502 2 2 0 2 251 344 250
503 2 2 0 2 257 339 256
504 2 2 0 2 239 345 238
505 2 2 0 2 269 340 268
506 2 2 0 2 263 342 262
507 2 2 0 2 5 331 283
508 2 2 0 2 260 332 259
509 2 2 0 2 281 346 280
510 2 2 0 2 266 337 265
511 2 2 0 2 245 343 244
512 2 2 0 2 242 336 241
513 2 2 0 2 254 335 253
514 2 2 0 2 278 338 277
515 2 2 0 2 442 481 402
516 2 2 0 2 392 436 435
517 2 2 0 2 364 438 361
518 2 2 0 2 434 494 395
519 2 2 0 2 461 492 427
520 2 2 0 2 338 349 348
521 2 2 0 2 348 421 347
522 2 2 0 2 423 439 434
523 2 2 0 2 349 443 419
524 2 2 0 2 340 456 417
525 2 2 0 2 427 466 461
526 2 2 0 2 429 476 444
527 2 2 0 2 279 443 278
528 2 2 0 2 379 396 394
529 2 2 0 2 407 440 420
530 2 2 0 2 360 444 363
531 2 2 0 2 369 438 364
532 2 2 0 2 367 444 359
533 2 2 0 2 401 428 416
534 2 2 0 2 459 491 414
535 2 2 0 2 464 495 416
536 2 2 0 2 413 470 387
537 2 2 0 2 348 505 421
538 2 2 0 2 419 474 346
539 2 2 0 2 278 443 338
540 2 2 0 2 403 481 450
541 2 2 0 2 433 496 432
542 2 2 0 2 332 496 420
543 2 2 0 2 410 467 412
544 2 2 0 2 419 502 428
545 2 2 0 2 412 447 389
546 2 2 0 2 359 444 360
547 2 2 0 2 391 398 397
548 2 2 0 2 378 422 375
549 2 2 0 2 463 464 416
550 2 2 0 2 380 401 400
551 2 2 0 2 389 396 379
552 2 2 0 2 331 465 418
553 2 2 0 2 427 492 399
554 2 2 0 2 341 488 421
555 2 2 0 2 376 426 382
556 2 2 0 2 390 483 446
557 2 2 0 2 338 443 349
558 2 2 0 2 432 496 332
559 2 2 0 2 449 451 448
560 2 2 0 2 420 468 332
561 2 2 0 2 338 348 347
562 2 2 0 2 400 495 418
563 2 2 0 2 418 495 331
564 2 2 0 2 415 478 377
565 2 2 0 2 416 502 463
566 2 2 0 2 265 452 264
567 2 2 0 2 408 496 433
568 2 2 0 2 377 384 355
569 2 2 0 2 270 456 269
570 2 2 0 2 377 385 384
571 2 2 0 2 414 501 458
572 2 2 0 2 337 452 265
573 2 2 0 2 492 501 487
574 2 2 0 2 403 448 384
575 2 2 0 2 386 487 414
576 2 2 0 2 269 456 340
577 2 2 0 2 345 489 437
578 2 2 0 2 390 391 378
579 2 2 0 2 414 491 413
580 2 2 0 2 246 457 245
581 2 2 0 2 243 458 242
582 2 2 0 2 267 460 266
583 2 2 0 2 268 454 267
584 2 2 0 2 244 459 243
585 2 2 0 2 241 461 240
586 2 2 0 2 253 453 252
587 2 2 0 2 277 347 276
588 2 2 0 2 282 463 281
589 2 2 0 2 247 462 246
590 2 2 0 2 424 445 441
591 2 2 0 2 237 465 5
592 2 2 0 2 240 466 239
593 2 2 0 2 344 475 441
594 2 2 0 2 441 475 397
595 2 2 0 2 340 455 454
596 2 2 0 2 343 459 244
597 2 2 0 2 336 461 241
598 2 2 0 2 334 462 247
599 2 2 0 2 266 460 337
600 2 2 0 2 242 458 336
601 2 2 0 2 338 347 277
602 2 2 0 2 335 453 253
603 2 2 0 2 245 457 343
604 2 2 0 2 340 454 268
605 2 2 0 2 281 463 346
606 2 2 0 2 5 465 331
607 2 2 0 2 239 466 345
608 2 2 0 2 259 468 258
609 2 2 0 2 332 468 259
610 2 2 0 2 499 503 396
611 2 2 0 2 345 471 238
612 2 2 0 2 238 471 237
613 2 2 0 2 251 473 344
614 2 2 0 2 261 479 260
615 2 2 0 2 426 489 427
616 2 2 0 2 396 503 394
617 2 2 0 2 382 383 371
618 2 2 0 2 341 477 274
619 2 2 0 2 443 474 419
620 2 2 0 2 353 505 350
621 2 2 0 2 280 474 279
622 2 2 0 2 431 479 261
623 2 2 0 2 469 486 470
624 2 2 0 2 470 486 425
625 2 2 0 2 333 480 271
626 2 2 0 2 434 482 339
627 2 2 0 2 437 471 345
628 2 2 0 2 339 482 256
629 2 2 0 2 346 474 280
630 2 2 0 2 399 492 487
631 2 2 0 2 380 498 401
632 2 2 0 2 272 485 333
633 2 2 0 2 440 468 420
634 2 2 0 2 401 498 409
635 2 2 0 2 275 488 341
636 2 2 0 2 252 473 251
637 2 2 0 2 486 500 425
638 2 2 0 2 344 490 250
639 2 2 0 2 274 477 273
640 2 2 0 2 421 488 347
641 2 2 0 2 363 483 430
642 2 2 0 2 420 496 408
643 2 2 0 2 332 479 432
644 2 2 0 2 439 482 434
645 2 2 0 2 428 502 416
646 2 2 0 2 260 479 332
647 2 2 0 2 271 480 270
648 2 2 0 2 432 479 431
649 2 2 0 2 430 483 390
650 2 2 0 2 256 482 255
651 2 2 0 2 469 491 343
652 2 2 0 2 413 491 469
653 2 2 0 2 442 480 333
654 2 2 0 2 469 470 413
655 2 2 0 2 412 467 452
656 2 2 0 2 408 506 381
657 2 2 0 2 440 494 339
658 2 2 0 2 407 494 440
659 2 2 0 2 436 473 453
660 2 2 0 2 243 459 458
661 2 2 0 2 246 462 457
662 2 2 0 2 454 460 267
663 2 2 0 2 273 485 272
664 2 2 0 2 461 466 240
665 2 2 0 2 279 474 443
666 2 2 0 2 441 490 344
667 2 2 0 2 463 502 346
668 2 2 0 2 409 498 366
669 2 2 0 2 276 488 275
670 2 2 0 2 333 481 442
671 2 2 0 2 237 471 465
672 2 2 0 2 457 469 343
673 2 2 0 2 462 486 457
674 2 2 0 2 250 490 249
675 2 2 0 2 457 486 469
676 2 2 0 2 255 482 439
677 2 2 0 2 451 505 353
678 2 2 0 2 453 473 252
679 2 2 0 2 270 480 456
680 2 2 0 2 478 503 385
681 2 2 0 2 339 494 434
682 2 2 0 2 347 488 276
683 2 2 0 2 350 505 348
684 2 2 0 2 460 497 337
685 2 2 0 2 390 446 391
686 2 2 0 2 370 376 371
687 2 2 0 2 368 374 369
688 2 2 0 2 373 375 372
689 2 2 0 2 372 472 368
690 2 2 0 2 351 352 350
691 2 2 0 2 376 382 371
692 2 2 0 2 370 380 376
693 2 2 0 2 374 379 369
694 2 2 0 2 373 378 375
695 2 2 0 2 375 381 372
696 2 2 0 2 352 353 350
697 2 2 0 2 460 504 497
698 2 2 0 2 446 484 398
699 2 2 0 2 477 485 273
700 2 2 0 2 448 451 353
701 2 2 0 2 450 485 477
702 2 2 0 2 249 490 445
703 2 2 0 2 336 501 492
704 2 2 0 2 476 483 363
705 2 2 0 2 355 448 353
706 2 2 0 2 445 490 441
707 2 2 0 2 470 484 387
708 2 2 0 2 405 504 455
709 2 2 0 2 455 504 454
710 2 2 0 2 384 448 355
711 2 2 0 2 343 491 459
712 2 2 0 2 447 497 405
713 2 2 0 2 336 492 461
714 2 2 0 2 331 495 464
715 2 2 0 2 398 484 425
716 2 2 0 2 381 472 372
717 2 2 0 2 391 446 398
718 2 2 0 2 409 493 401
719 2 2 0 2 425 484 470
720 2 2 0 2 428 493 351
721 2 2 0 2 458 501 336
722 2 2 0 2 370 498 380
723 2 2 0 2 497 504 405
724 2 2 0 2 454 504 460
725 2 2 0 2 366 498 370
726 2 2 0 2 352 493 409
727 2 2 0 2 433 506 408
728 2 2 0 2 381 506 472
729 2 2 0 2 487 501 414
730 2 2 0 2 368 472 374
731 2 2 0 2 401 493 428
732 2 2 0 2 394 503 478
733 2 2 0 2 351 493 352
734 2 2 0 2 472 506 374
735 2 2 0 3 597 625 512
736 2 2 0 3 581 675 623
737 2 2 0 3 530 585 533
738 2 2 0 3 533 585 542
739 2 2 0 3 575 664 562
740 2 2 0 3 285 616 284
741 2 2 0 3 547 605 543
742 2 2 0 3 597 627 625
743 2 2 0 3 625 654 512
744 2 2 0 3 580 593 578
745 2 2 0 3 564 586 565
746 2 2 0 3 601 676 600
747 2 2 0 3 576 594 569
748 2 2 0 3 578 579 560
749 2 2 0 3 561 580 578
750 2 2 0 3 567 573 568
751 2 2 0 3 558 575 562
752 2 2 0 3 551 598 571
753 2 2 0 3 626 654 625
754 2 2 0 3 569 602 552
755 2 2 0 3 556 576 569
756 2 2 0 3 564 565 555
757 2 2 0 3 571 583 557
758 2 2 0 3 586 587 513
759 2 2 0 3 562 590 589
760 2 2 0 3 530 533 532
761 2 2 0 3 532 591 553
762 2 2 0 3 573 652 568
763 2 2 0 3 537 591 534
764 2 2 0 3 578 658 579
765 2 2 0 3 583 596 584
766 2 2 0 3 561 675 580
767 2 2 0 3 571 671 583
768 2 2 0 3 291 643 290
769 2 2 0 3 563 661 582
770 2 2 0 3 534 591 532
771 2 2 0 3 580 633 593
772 2 2 0 3 516 673 588
773 2 2 0 3 568 598 554
774 2 2 0 3 284 616 507
775 2 2 0 3 593 633 510
776 2 2 0 3 582 661 622
777 2 2 0 3 582 605 559
778 2 2 0 3 598 599 571
779 2 2 0 3 611 640 520
780 2 2 0 3 602 603 575
781 2 2 0 3 570 614 545
782 2 2 0 3 594 641 613
783 2 2 0 3 641 647 613
784 2 2 0 3 549 606 566
785 2 2 0 3 599 611 520
786 2 2 0 3 587 607 513
787 2 2 0 3 562 589 563
788 2 2 0 3 594 650 522
789 2 2 0 3 583 584 557
790 2 2 0 3 530 532 531
791 2 2 0 3 612 640 611
792 2 2 0 3 592 650 576
793 2 2 0 3 569 666 602
794 2 2 0 3 576 650 594
795 2 2 0 3 579 626 625
796 2 2 0 3 577 592 576
797 2 2 0 3 532 553 531
798 2 2 0 3 582 660 653
799 2 2 0 3 658 662 626
800 2 2 0 3 580 675 633
801 2 2 0 3 568 611 598
802 2 2 0 3 518 662 658
803 2 2 0 3 285 644 616
804 2 2 0 3 559 605 547
805 2 2 0 3 588 628 516
806 2 2 0 3 592 639 637
807 2 2 0 3 633 675 581
808 2 2 0 3 588 673 623
809 2 2 0 3 558 602 575
810 2 2 0 3 563 582 559
811 2 2 0 3 564 682 609
812 2 2 0 3 600 617 573
813 2 2 0 3 520 615 599
814 2 2 0 3 605 620 543
815 2 2 0 3 537 614 591
816 2 2 0 3 630 676 663
817 2 2 0 3 555 570 545
818 2 2 0 3 549 566 554
819 2 2 0 3 574 601 600
820 2 2 0 3 570 655 614
821 2 2 0 3 603 666 511
822 2 2 0 3 631 638 590
823 2 2 0 3 593 634 618
824 2 2 0 3 290 643 513
825 2 2 0 3 574 600 573
826 2 2 0 3 564 587 586
827 2 2 0 3 586 588 565
828 2 2 0 3 511 642 603
829 2 2 0 3 289 607 288
830 2 2 0 3 621 676 517
831 2 2 0 3 561 578 560
832 2 2 0 3 567 568 554
833 2 2 0 3 600 676 621
834 2 2 0 3 533 534 532
835 2 2 0 3 637 650 592
836 2 2 0 3 513 607 289
837 2 2 0 3 558 562 559
838 2 2 0 3 517 676 630
839 2 2 0 3 634 657 618
840 2 2 0 3 622 660 582
841 2 2 0 3 623 675 572
842 2 2 0 3 614 655 591
843 2 2 0 3 513 643 586
844 2 2 0 3 323 621 517
845 2 2 0 3 613 666 569
846 2 2 0 3 556 569 552
847 2 2 0 3 550 564 555
848 2 2 0 3 551 571 557
849 2 2 0 3 528 530 529
850 2 2 0 3 628 643 291
851 2 2 0 3 538 606 541
852 2 2 0 3 587 609 608
853 2 2 0 3 582 653 605
854 2 2 0 3 562 563 559
855 2 2 0 3 568 652 612
856 2 2 0 3 599 610 571
857 2 2 0 3 330 615 329
858 2 2 0 3 530 531 529
859 2 2 0 3 528 585 530
860 2 2 0 3 539 606 538
861 2 2 0 3 541 606 549
862 2 2 0 3 553 655 561
863 2 2 0 3 533 535 534
864 2 2 0 3 579 625 624
865 2 2 0 3 594 613 569
866 2 2 0 3 324 621 323
867 2 2 0 3 598 611 599
868 2 2 0 3 550 682 564
869 2 2 0 3 649 652 514
870 2 2 0 3 329 615 520
871 2 2 0 3 533 542 535
872 2 2 0 3 535 536 534
873 2 2 0 3 508 678 595
874 2 2 0 3 564 609 587
875 2 2 0 3 561 679 675
876 2 2 0 3 536 537 534
877 2 2 0 3 542 543 535
878 2 2 0 3 612 652 649
879 2 2 0 3 536 538 537
880 2 2 0 3 542 546 543
881 2 2 0 3 538 540 537
882 2 2 0 3 536 539 538
883 2 2 0 3 546 547 543
884 2 2 0 3 597 681 627
885 2 2 0 3 538 541 540
886 2 2 0 3 541 544 540
887 2 2 0 3 541 548 544
888 2 2 0 3 544 545 540
889 2 2 0 3 541 549 548
890 2 2 0 3 595 604 527
891 2 2 0 3 525 595 527
892 2 2 0 3 620 653 539
893 2 2 0 3 525 527 526
894 2 2 0 3 525 526 524
895 2 2 0 3 565 623 572
896 2 2 0 3 593 618 578
897 2 2 0 3 587 608 607
898 2 2 0 3 326 514 325
899 2 2 0 3 308 508 307
900 2 2 0 3 296 510 295
901 2 2 0 3 329 520 328
902 2 2 0 3 311 522 310
903 2 2 0 3 290 513 289
904 2 2 0 3 284 507 6
905 2 2 0 3 287 521 286
906 2 2 0 3 314 511 313
907 2 2 0 3 293 516 292
908 2 2 0 3 317 519 316
909 2 2 0 3 320 509 319
910 2 2 0 3 302 512 301
911 2 2 0 3 323 517 322
912 2 2 0 3 299 518 298
913 2 2 0 3 305 515 304
914 2 2 0 3 618 658 578
915 2 2 0 3 568 612 611
916 2 2 0 3 540 614 537
917 2 2 0 3 610 671 571
918 2 2 0 3 635 669 603
919 2 2 0 3 524 597 523
920 2 2 0 3 515 525 524
921 2 2 0 3 599 615 610
922 2 2 0 3 525 619 595
923 2 2 0 3 510 634 593
924 2 2 0 3 603 642 635
925 2 2 0 3 605 653 620
926 2 2 0 3 306 619 305
927 2 2 0 3 555 572 570
928 2 2 0 3 583 616 596
929 2 2 0 3 536 620 539
930 2 2 0 3 545 614 540
931 2 2 0 3 543 620 535
932 2 2 0 3 577 604 592
933 2 2 0 3 638 668 590
934 2 2 0 3 589 646 563
935 2 2 0 3 524 681 597
936 2 2 0 3 595 651 508
937 2 2 0 3 305 619 515
938 2 2 0 3 579 658 626
939 2 2 0 3 609 672 608
940 2 2 0 3 521 672 596
941 2 2 0 3 586 643 588
942 2 2 0 3 595 678 604
943 2 2 0 3 588 623 565
944 2 2 0 3 535 620 536
945 2 2 0 3 567 574 573
946 2 2 0 3 554 598 551
947 2 2 0 3 556 577 576
948 2 2 0 3 565 572 555
949 2 2 0 3 522 641 594
950 2 2 0 3 603 669 575
951 2 2 0 3 512 665 597
952 2 2 0 3 552 602 558
953 2 2 0 3 566 660 622
954 2 2 0 3 515 619 525
955 2 2 0 3 608 672 521
956 2 2 0 3 625 627 624
957 2 2 0 3 596 644 521
958 2 2 0 3 515 524 523
959 2 2 0 3 591 655 553
960 2 2 0 3 592 678 639
961 2 2 0 3 292 628 291
962 2 2 0 3 584 672 609
963 2 2 0 3 553 560 531
964 2 2 0 3 297 634 296
965 2 2 0 3 553 561 560
966 2 2 0 3 590 677 631
967 2 2 0 3 516 628 292
968 2 2 0 3 669 677 664
969 2 2 0 3 579 624 560
970 2 2 0 3 562 664 590
971 2 2 0 3 296 634 510
972 2 2 0 3 511 666 613
973 2 2 0 3 566 567 554
974 2 2 0 3 590 668 589
975 2 2 0 3 295 632 294
976 2 2 0 3 321 629 320
977 2 2 0 3 304 523 303
978 2 2 0 3 328 640 327
979 2 2 0 3 309 639 308
980 2 2 0 3 322 630 321
981 2 2 0 3 319 638 318
982 2 2 0 3 310 637 309
983 2 2 0 3 316 635 315
984 2 2 0 3 294 636 293
985 2 2 0 3 318 631 317
986 2 2 0 3 600 621 617
987 2 2 0 3 312 641 311
988 2 2 0 3 315 642 314
989 2 2 0 3 617 652 573
990 2 2 0 3 514 652 617
991 2 2 0 3 510 633 632
992 2 2 0 3 308 639 508
993 2 2 0 3 510 632 295
994 2 2 0 3 520 640 328
995 2 2 0 3 293 636 516
996 2 2 0 3 517 630 322
997 2 2 0 3 320 629 509
998 2 2 0 3 317 631 519
999 2 2 0 3 522 637 310
1000 2 2 0 3 515 523 304
1001 2 2 0 3 509 638 319
1002 2 2 0 3 519 635 316
1003 2 2 0 3 311 641 522
1004 2 2 0 3 314 642 511
1005 2 2 0 3 286 644 285
1006 2 2 0 3 521 644 286
1007 2 2 0 3 675 679 572
1008 2 2 0 3 511 647 313
1009 2 2 0 3 313 647 312
1010 2 2 0 3 326 649 514
1011 2 2 0 3 288 656 287
1012 2 2 0 3 602 666 603
1013 2 2 0 3 572 679 570
1014 2 2 0 3 558 559 547
1015 2 2 0 3 512 654 301
1016 2 2 0 3 619 651 595
1017 2 2 0 3 529 681 526
1018 2 2 0 3 307 651 306
1019 2 2 0 3 607 656 288
1020 2 2 0 3 645 663 646
1021 2 2 0 3 646 663 601
1022 2 2 0 3 518 657 298
1023 2 2 0 3 610 659 507
1024 2 2 0 3 613 647 511
1025 2 2 0 3 507 659 6
1026 2 2 0 3 508 651 307
1027 2 2 0 3 575 669 664
1028 2 2 0 3 556 674 577
1029 2 2 0 3 299 662 518
1030 2 2 0 3 616 644 596
1031 2 2 0 3 577 674 585
1032 2 2 0 3 302 665 512
1033 2 2 0 3 327 649 326
1034 2 2 0 3 663 676 601
1035 2 2 0 3 514 667 325
1036 2 2 0 3 301 654 300
1037 2 2 0 3 597 665 523
1038 2 2 0 3 539 660 606
1039 2 2 0 3 596 672 584
1040 2 2 0 3 521 656 608
1041 2 2 0 3 615 659 610
1042 2 2 0 3 604 678 592
1043 2 2 0 3 287 656 521
1044 2 2 0 3 298 657 297
1045 2 2 0 3 608 656 607
1046 2 2 0 3 606 660 566
1047 2 2 0 3 6 659 330
1048 2 2 0 3 589 668 645
1049 2 2 0 3 645 668 509
1050 2 2 0 3 618 657 518
1051 2 2 0 3 645 646 589
1052 2 2 0 3 588 643 628
1053 2 2 0 3 584 682 557
1054 2 2 0 3 583 671 616
1055 2 2 0 3 616 671 507
1056 2 2 0 3 612 649 640
1057 2 2 0 3 321 630 629
1058 2 2 0 3 318 638 631
1059 2 2 0 3 632 636 294
1060 2 2 0 3 637 639 309
1061 2 2 0 3 300 662 299
1062 2 2 0 3 635 642 315
1063 2 2 0 3 306 651 619
1064 2 2 0 3 617 667 514
1065 2 2 0 3 639 678 508
1066 2 2 0 3 585 674 542
1067 2 2 0 3 303 665 302
1068 2 2 0 3 518 658 618
1069 2 2 0 3 312 647 641
1070 2 2 0 3 629 645 509
1071 2 2 0 3 630 663 629
1072 2 2 0 3 325 667 324
1073 2 2 0 3 629 663 645
1074 2 2 0 3 330 659 615
1075 2 2 0 3 627 681 529
1076 2 2 0 3 640 649 327
1077 2 2 0 3 522 650 637
1078 2 2 0 3 297 657 634
1079 2 2 0 3 655 679 561
1080 2 2 0 3 507 671 610
1081 2 2 0 3 523 665 303
1082 2 2 0 3 526 681 524
1083 2 2 0 3 636 673 516
1084 2 2 0 3 566 622 567
1085 2 2 0 3 546 552 547
1086 2 2 0 3 544 550 545
1087 2 2 0 3 549 551 548
1088 2 2 0 3 548 648 544
1089 2 2 0 3 527 528 526
1090 2 2 0 3 546 556 552
1091 2 2 0 3 552 558 547
1092 2 2 0 3 550 555 545
1093 2 2 0 3 549 554 551
1094 2 2 0 3 551 557 548
1095 2 2 0 3 528 529 526
1096 2 2 0 3 636 680 673
1097 2 2 0 3 622 661 574
1098 2 2 0 3 654 662 300
1099 2 2 0 3 624 627 529
1100 2 2 0 3 626 662 654
1101 2 2 0 3 324 667 621
1102 2 2 0 3 519 677 669
1103 2 2 0 3 653 660 539
1104 2 2 0 3 531 624 529
1105 2 2 0 3 621 667 617
1106 2 2 0 3 646 661 563
1107 2 2 0 3 633 680 632
1108 2 2 0 3 581 680 633
1109 2 2 0 3 560 624 531
1110 2 2 0 3 509 668 638
1111 2 2 0 3 623 673 581
1112 2 2 0 3 519 669 635
1113 2 2 0 3 574 661 601
1114 2 2 0 3 557 648 548
1115 2 2 0 3 567 622 574
1116 2 2 0 3 585 670 577
1117 2 2 0 3 601 661 646
1118 2 2 0 3 604 670 527
1119 2 2 0 3 631 677 519
1120 2 2 0 3 546 674 556
1121 2 2 0 3 673 680 581
1122 2 2 0 3 632 680 636
1123 2 2 0 3 542 674 546
1124 2 2 0 3 528 670 585
1125 2 2 0 3 609 682 584
1126 2 2 0 3 557 682 648
1127 2 2 0 3 664 677 590
1128 2 2 0 3 544 648 550
1129 2 2 0 3 577 670 604
1130 2 2 0 3 570 679 655
1131 2 2 0 3 527 670 528
1132 2 2 0 3 648 682 550
1133 2 2 0 4 1354 3070 2534
1134 2 2 0 4 2162 2508 2161
1135 2 2 0 4 2481 2533 1924
1136 2 2 0 4 2482 2623 2595
1137 2 2 0 4 1081 2675 2543
1138 2 2 0 4 899 1923 897
1139 2 2 0 4 2556 2557 2001
1140 2 2 0 4 2368 2370 696
1141 2 2 0 4 2575 3248 1661
1142 2 2 0 4 1102 3783 1441
1143 2 2 0 4 2623 3563 2595
1144 2 2 0 4 1952 2630 2519
1145 2 2 0 4 2294 3150 746
1146 2 2 0 4 2767 3037 690
1147 2 2 0 4 2481 3581 2533
1148 2 2 0 4 27 2611 26
1149 2 2 0 4 2717 3129 2293
1150 2 2 0 4 2563 3136 1458
1151 2 2 0 4 2370 3106 696
1152 2 2 0 4 2264 2378 2263
1153 2 2 0 4 1942 2348 2347
1154 2 2 0 4 2858 3189 709
1155 2 2 0 4 2130 3626 2562
1156 2 2 0 4 1532 2662 1447
1157 2 2 0 4 720 2745 75
1158 2 2 0 4 727 3252 2874
1159 2 2 0 4 1303 3378 2301
1160 2 2 0 4 1098 3657 1097
1161 2 2 0 4 2874 3313 727
1162 2 2 0 4 1029 2550 2394
1163 2 2 0 4 1632 2655 1634
1164 2 2 0 4 1218 2310 1279
1165 2 2 0 4 724 2797 2260
1166 2 2 0 4 2514 3194 2116
1167 2 2 0 4 2289 3725 1933
1168 2 2 0 4 3323 3459 2650
1169 2 2 0 4 965 1671 1015
1170 2 2 0 4 870 2399 1012
1171 2 2 0 4 782 2065 779
1172 2 2 0 4 1319 2116 1188
1173 2 2 0 4 1701 2080 1699
1174 2 2 0 4 1227 2129 1466
1175 2 2 0 4 1482 2338 2053
1176 2 2 0 4 1299 2578 1504
1177 2 2 0 4 2508 3205 2161
1178 2 2 0 4 852 2013 849
1179 2 2 0 4 1203 2095 1205
1180 2 2 0 4 1234 2015 1232
1181 2 2 0 4 1326 1672 1323
1182 2 2 0 4 2531 3448 1176
1183 2 2 0 4 2359 2547 2360
1184 2 2 0 4 2320 3429 960
1185 2 2 0 4 1627 3117 1629
1186 2 2 0 4 2268 2379 2378
1187 2 2 0 4 1921 1922 1608
1188 2 2 0 4 1550 3173 2715
1189 2 2 0 4 1321 3297 1244
1190 2 2 0 4 1616 3348 1614
1191 2 2 0 4 2420 2424 2421
1192 2 2 0 4 957 3327 3300
1193 2 2 0 4 2356 3363 2610
1194 2 2 0 4 1669 2618 1649
1195 2 2 0 4 2329 3033 699
1196 2 2 0 4 2387 3459 3323
1197 2 2 0 4 2160 3236 2435
1198 2 2 0 4 2420 3561 2424
1199 2 2 0 4 1601 2614 2227
1200 2 2 0 4 2230 3551 2632
1201 2 2 0 4 987 3376 989
1202 2 2 0 4 1221 2720 2577
1203 2 2 0 4 1634 2655 1638
1204 2 2 0 4 2268 2378 2264
1205 2 2 0 4 2468 2470 2445
1206 2 2 0 4 2630 3542 2519
1207 2 2 0 4 1924 2642 2481
1208 2 2 0 4 978 3624 2562
1209 2 2 0 4 2610 3363 1464
1210 2 2 0 4 2521 2702 1574
1211 2 2 0 4 1887 3829 3668
1212 2 2 0 4 1587 2193 2192
1213 2 2 0 4 2066 2295 1320
1214 2 2 0 4 1471 1669 1649
1215 2 2 0 4 1279 2310 1595
1216 2 2 0 4 1938 3569 2418
1217 2 2 0 4 2612 3123 3053
1218 2 2 0 4 1963 2322 2321
1219 2 2 0 4 1577 3512 3346
1220 2 2 0 4 751 3418 3187
1221 2 2 0 4 1070 3415 1072
1222 2 2 0 4 1598 2662 1532
1223 2 2 0 4 2435 2669 2160
1224 2 2 0 4 2562 3624 3163
1225 2 2 0 4 956 3525 3489
1226 2 2 0 4 690 3475 2767
1227 2 2 0 4 1299 3330 2578
1228 2 2 0 4 823 3057 821
1229 2 2 0 4 1621 2226 1624
1230 2 2 0 4 1626 2148 1630
1231 2 2 0 4 1240 2313 1238
1232 2 2 0 4 3172 3356 872
1233 2 2 0 4 762 2819 2281
1234 2 2 0 4 2537 3151 760
1235 2 2 0 4 2281 2820 762
1236 2 2 0 4 3300 3327 2179
1237 2 2 0 4 1575 2643 1472
1238 2 2 0 4 2309 3188 1940
1239 2 2 0 4 2293 2718 2717
1240 2 2 0 4 2679 2998 806
1241 2 2 0 4 1472 2643 1474
1242 2 2 0 4 2486 3097 2487
1243 2 2 0 4 2429 3245 1980
1244 2 2 0 4 1451 1921 1608
1245 2 2 0 4 1922 2852 2028
1246 2 2 0 4 1127 3542 2668
1247 2 2 0 4 2372 2374 725
1248 2 2 0 4 2159 2359 2358
1249 2 2 0 4 2648 3211 1333
1250 2 2 0 4 1923 3064 897
1251 2 2 0 4 2446 3667 2605
1252 2 2 0 4 1721 2160 2147
1253 2 2 0 4 2053 2054 1886
1254 2 2 0 4 1466 1467 1226
1255 2 2 0 4 790 791 788
1256 2 2 0 4 1933 2290 2289
1257 2 2 0 4 1700 1702 1701
1258 2 2 0 4 2562 3172 978
1259 2 2 0 4 1674 2231 1985
1260 2 2 0 4 1013 1040 1014
1261 2 2 0 4 1089 1090 1059
1262 2 2 0 4 970 984 983
1263 2 2 0 4 1590 1996 1911
1264 2 2 0 4 2317 2318 1960
1265 2 2 0 4 1187 1601 1319
1266 2 2 0 4 1961 2321 2317
1267 2 2 0 4 1037 1990 1178
1268 2 2 0 4 1178 1179 1038
1269 2 2 0 4 1039 2135 802
1270 2 2 0 4 1086 1300 1298
1271 2 2 0 4 979 2132 808
1272 2 2 0 4 781 783 782
1273 2 2 0 4 1477 1478 1197
1274 2 2 0 4 1060 1061 1007
1275 2 2 0 4 1694 1696 1695
1276 2 2 0 4 981 2305 832
1277 2 2 0 4 826 2282 1035
1278 2 2 0 4 936 964 934
1279 2 2 0 4 1222 1435 1264
1280 2 2 0 4 1292 2280 1117
1281 2 2 0 4 1012 2395 867
1282 2 2 0 4 1015 1016 966
1283 2 2 0 4 966 2302 2180
1284 2 2 0 4 1464 2357 1254
1285 2 2 0 4 1441 2263 1102
1286 2 2 0 4 2861 3004 2170
1287 2 2 0 4 1244 3297 2154
1288 2 2 0 4 2614 3584 2227
1289 2 2 0 4 2204 3263 3165
1290 2 2 0 4 2562 3163 2130
1291 2 2 0 4 272 2431 932
1292 2 2 0 4 2223 3225 685
1293 2 2 0 4 1221 2577 2523
1294 2 2 0 4 2323 3107 845
1295 2 2 0 4 2661 3131 2648
1296 2 2 0 4 257 2433 886
1297 2 2 0 4 282 2437 948
1298 2 2 0 4 260 2464 894
1299 2 2 0 4 250 2461 868
1300 2 2 0 4 293 2439 811
1301 2 2 0 4 296 2448 824
1302 2 2 0 4 305 2421 837
1303 2 2 0 4 269 2426 916
1304 2 2 0 4 266 2467 911
1305 2 2 0 4 2605 3667 2156
1306 2 2 0 4 2715 3173 2500
1307 2 2 0 4 998 3234 994
1308 2 2 0 4 3195 3629 1011
1309 2 2 0 4 1218 2586 2310
1310 2 2 0 4 2654 2970 740
1311 2 2 0 4 2122 2515 2120
1312 2 2 0 4 3668 3829 2156
1313 2 2 0 4 2359 2360 2358
1314 2 2 0 4 2053 2334 2054
1315 2 2 0 4 1466 1480 1467
1316 2 2 0 4 790 792 791
1317 2 2 0 4 1702 1703 1701
1318 2 2 0 4 2231 2232 1985
1319 2 2 0 4 1040 1041 1014
1320 2 2 0 4 1089 1091 1090
1321 2 2 0 4 984 985 983
1322 2 2 0 4 1996 2200 1911
1323 2 2 0 4 1601 1602 1319
1324 2 2 0 4 1178 1180 1179
1325 2 2 0 4 1039 2136 2135
1326 2 2 0 4 1300 1301 1298
1327 2 2 0 4 979 2133 2132
1328 2 2 0 4 783 784 782
1329 2 2 0 4 1477 1489 1478
1330 2 2 0 4 1060 1062 1061
1331 2 2 0 4 1696 1697 1695
1332 2 2 0 4 2282 2325 1035
1333 2 2 0 4 1435 1436 1264
1334 2 2 0 4 1012 2396 2395
1335 2 2 0 4 1015 1017 1016
1336 2 2 0 4 1441 2264 2263
1337 2 2 0 4 2562 3626 2405
1338 2 2 0 4 2318 3429 2320
1339 2 2 0 4 1352 3747 1898
1340 2 2 0 4 2418 3150 1938
1341 2 2 0 4 2107 2505 2504
1342 2 2 0 4 703 2678 22
1343 2 2 0 4 2297 3721 2668
1344 2 2 0 4 1313 3540 1521
1345 2 2 0 4 745 765 67
1346 2 2 0 4 55 2294 746
1347 2 2 0 4 751 2248 190
1348 2 2 0 4 3346 3426 1577
1349 2 2 0 4 730 3637 2311
1350 2 2 0 4 2618 3115 1918
1351 2 2 0 4 2970 3177 740
1352 2 2 0 4 1341 2530 1983
1353 2 2 0 4 2125 3071 2216
1354 2 2 0 4 1213 3535 1285
1355 2 2 0 4 1176 3396 2531
1356 2 2 0 4 2214 3376 987
1357 2 2 0 4 1571 3594 2242
1358 2 2 0 4 3202 3246 2163
1359 2 2 0 4 1900 2538 2209
1360 2 2 0 4 1083 3486 2530
1361 2 2 0 4 965 3192 1671
1362 2 2 0 4 908 2660 927
1363 2 2 0 4 1614 3348 1655
1364 2 2 0 4 2461 2566 868
1365 2 2 0 4 2260 3226 724
1366 2 2 0 4 2268 3821 2379
1367 2 2 0 4 2065 3618 779
1368 2 2 0 4 2297 2668 2298
1369 2 2 0 4 2385 2503 2384
1370 2 2 0 4 3425 3564 3179
1371 2 2 0 4 1258 3689 2542
1372 2 2 0 4 982 2066 1320
1373 2 2 0 4 2426 2427 916
1374 2 2 0 4 2421 2422 837
1375 2 2 0 4 2448 2617 824
1376 2 2 0 4 2464 2465 894
1377 2 2 0 4 2287 3072 2729
1378 2 2 0 4 2143 3519 3491
1379 2 2 0 4 2729 3072 2022
1380 2 2 0 4 75 2745 74
1381 2 2 0 4 3246 3463 2163
1382 2 2 0 4 1256 3791 1464
1383 2 2 0 4 2384 2503 868
1384 2 2 0 4 2294 3758 3150
1385 2 2 0 4 2433 2544 886
1386 2 2 0 4 814 3430 2444
1387 2 2 0 4 2533 3581 2231
1388 2 2 0 4 2842 2843 732
1389 2 2 0 4 1928 2693 2021
1390 2 2 0 4 2542 3791 1256
1391 2 2 0 4 1640 3174 2684
1392 2 2 0 4 868 2566 2384
1393 2 2 0 4 1089 3796 3095
1394 2 2 0 4 2317 3429 2318
1395 2 2 0 4 2160 2669 2147
1396 2 2 0 4 2543 3308 1081
1397 2 2 0 4 2261 3031 736
1398 2 2 0 4 3117 3447 1629
1399 2 2 0 4 3344 3362 2089
1400 2 2 0 4 704 2895 2894
1401 2 2 0 4 927 2660 2659
1402 2 2 0 4 2146 3245 2429
1403 2 2 0 4 2787 3233 921
1404 2 2 0 4 2193 2631 2192
1405 2 2 0 4 2109 3189 2858
1406 2 2 0 4 26 2611 706
1407 2 2 0 4 2142 3225 2223
1408 2 2 0 4 981 2618 2305
1409 2 2 0 4 1224 3008 3004
1410 2 2 0 4 2358 3697 2157
1411 2 2 0 4 2302 2619 2180
1412 2 2 0 4 2530 2531 1983
1413 2 2 0 4 2323 3763 1725
1414 2 2 0 4 2431 2598 932
1415 2 2 0 4 2537 3652 3151
1416 2 2 0 4 2303 3415 1070
1417 2 2 0 4 870 3355 2399
1418 2 2 0 4 2470 3310 2445
1419 2 2 0 4 2534 3070 2074
1420 2 2 0 4 1913 2617 1915
1421 2 2 0 4 3310 3554 2445
1422 2 2 0 4 2544 3813 2273
1423 2 2 0 4 1975 3033 2329
1424 2 2 0 4 2305 3761 832
1425 2 2 0 4 2444 2695 814
1426 2 2 0 4 3019 3030 1931
1427 2 2 0 4 2151 2998 2679
1428 2 2 0 4 1547 2705 2704
1429 2 2 0 4 1295 3269 2343
1430 2 2 0 4 2364 2555 976
1431 2 2 0 4 2921 3273 739
1432 2 2 0 4 2015 3116 1232
1433 2 2 0 4 1672 3050 1323
1434 2 2 0 4 1546 2139 2138
1435 2 2 0 4 1462 1543 1312
1436 2 2 0 4 1606 2027 1450
1437 2 2 0 4 1210 3473 2413
1438 2 2 0 4 1990 3532 1178
1439 2 2 0 4 1174 2500 2499
1440 2 2 0 4 1571 2139 1546
1441 2 2 0 4 3089 3696 3413
1442 2 2 0 4 1312 1543 1314
1443 2 2 0 4 1450 2027 1930
1444 2 2 0 4 2343 3268 1295
1445 2 2 0 4 1010 3198 798
1446 2 2 0 4 2439 3408 811
1447 2 2 0 4 1539 2319 2061
1448 2 2 0 4 1221 2523 1111
1449 2 2 0 4 3047 3068 2056
1450 2 2 0 4 2101 3044 2524
1451 2 2 0 4 2556 3508 2383
1452 2 2 0 4 1464 3363 2357
1453 2 2 0 4 2569 3003 2570
1454 2 2 0 4 2467 3436 911
1455 2 2 0 4 2311 2710 730
1456 2 2 0 4 2304 3487 3254
1457 2 2 0 4 2403 3172 2562
1458 2 2 0 4 2148 2149 1630
1459 2 2 0 4 1983 3193 1982
1460 2 2 0 4 2061 3212 2060
1461 2 2 0 4 2092 2603 2391
1462 2 2 0 4 2409 3817 2410
1463 2 2 0 4 2379 2384 2381
1464 2 2 0 4 2550 3317 2394
1465 2 2 0 4 1658 3540 1313
1466 2 2 0 4 2321 3339 2317
1467 2 2 0 4 2469 3575 3314
1468 2 2 0 4 2699 3241 2094
1469 2 2 0 4 1111 2523 1108
1470 2 2 0 4 2558 3546 2559
1471 2 2 0 4 1042 1043 1040
1472 2 2 0 4 1285 1318 1317
1473 2 2 0 4 1328 1329 1326
1474 2 2 0 4 1236 1277 1234
1475 2 2 0 4 1997 2006 1725
1476 2 2 0 4 1954 2162 2161
1477 2 2 0 4 1205 1208 1207
1478 2 2 0 4 1061 1064 1063
1479 2 2 0 4 964 2341 2340
1480 2 2 0 4 857 858 852
1481 2 2 0 4 1504 1519 1506
1482 2 2 0 4 2350 2351 1321
1483 2 2 0 4 3254 3487 712
1484 2 2 0 4 2041 3349 2040
1485 2 2 0 4 975 2642 2540
1486 2 2 0 4 2216 2985 2125
1487 2 2 0 4 2999 3539 2149
1488 2 2 0 4 1669 3787 2618
1489 2 2 0 4 3435 3697 2358
1490 2 2 0 4 2894 3130 704
1491 2 2 0 4 714 2882 2881
1492 2 2 0 4 1221 2721 2720
1493 2 2 0 4 95 2946 94
1494 2 2 0 4 2069 3018 3017
1495 2 2 0 4 1277 3160 2017
1496 2 2 0 4 3049 3615 3298
1497 2 2 0 4 745 766 765
1498 2 2 0 4 2471 3429 2317
1499 2 2 0 4 2225 3753 3647
1500 2 2 0 4 2458 2552 2457
1501 2 2 0 4 3511 3512 1577
1502 2 2 0 4 3169 3247 2191
1503 2 2 0 4 1884 3370 2410
1504 2 2 0 4 2983 2998 2151
1505 2 2 0 4 1271 3168 1293
1506 2 2 0 4 2213 3035 2212
1507 2 2 0 4 751 3187 3186
1508 2 2 0 4 2990 2992 1486
1509 2 2 0 4 2280 2653 1115
1510 2 2 0 4 3165 3263 697
1511 2 2 0 4 1577 3547 3511
1512 2 2 0 4 3196 3712 3302
1513 2 2 0 4 1197 3074 1286
1514 2 2 0 4 1038 3075 1593
1515 2 2 0 4 2843 2844 732
1516 2 2 0 4 2558 3157 2322
1517 2 2 0 4 2286 3589 3588
1518 2 2 0 4 1059 3078 1006
1519 2 2 0 4 2437 3423 948
1520 2 2 0 4 1324 2985 2216
1521 2 2 0 4 223 2900 222
1522 2 2 0 4 2569 3299 3003
1523 2 2 0 4 2322 3157 2321
1524 2 2 0 4 3210 3497 2276
1525 2 2 0 4 1226 3079 1091
1526 2 2 0 4 1940 3188 2627
1527 2 2 0 4 1345 1346 1328
1528 2 2 0 4 1207 1211 1209
1529 2 2 0 4 2337 2652 2054
1530 2 2 0 4 1506 1508 1507
1531 2 2 0 4 3035 3487 2212
1532 2 2 0 4 1292 3125 2280
1533 2 2 0 4 2290 3257 2289
1534 2 2 0 4 2122 2516 2515
1535 2 2 0 4 2445 3554 845
1536 2 2 0 4 3270 3392 889
1537 2 2 0 4 2385 3556 2503
1538 2 2 0 4 2263 3728 1100
1539 2 2 0 4 1447 2662 2299
1540 2 2 0 4 2548 2605 2156
1541 2 2 0 4 39 3283 2390
1542 2 2 0 4 1997 3422 3091
1543 2 2 0 4 155 2711 154
1544 2 2 0 4 2390 3552 39
1545 2 2 0 4 1574 3413 2521
1546 2 2 0 4 2547 3431 2360
1547 2 2 0 4 2381 2566 2383
1548 2 2 0 4 2565 3102 1651
1549 2 2 0 4 2536 2537 760
1550 2 2 0 4 942 957 938
1551 2 2 0 4 1885 3370 1884
1552 2 2 0 4 936 3521 964
1553 2 2 0 4 2262 3357 979
1554 2 2 0 4 1242 1262 1240
1555 2 2 0 4 1624 1644 1626
1556 2 2 0 4 1521 1901 1523
1557 2 2 0 4 2410 3436 2409
1558 2 2 0 4 211 3529 3252
1559 2 2 0 4 1595 2076 2075
1560 2 2 0 4 717 3678 2795
1561 2 2 0 4 915 3674 976
1562 2 2 0 4 1224 3004 2861
1563 2 2 0 4 1914 3791 2542
1564 2 2 0 4 1324 3124 2985
1565 2 2 0 4 901 902 899
1566 2 2 0 4 1917 1978 1572
1567 2 2 0 4 1879 2258 1598
1568 2 2 0 4 1451 1608 1607
1569 2 2 0 4 1584 2599 1665
1570 2 2 0 4 2642 3515 2540
1571 2 2 0 4 2374 2638 725
1572 2 2 0 4 3074 3387 1286
1573 2 2 0 4 2273 3291 2271
1574 2 2 0 4 1725 3763 1723
1575 2 2 0 4 2458 3410 2552
1576 2 2 0 4 2107 3174 2505
1577 2 2 0 4 1035 3057 823
1578 2 2 0 4 2274 2544 2273
1579 2 2 0 4 3075 3329 1593
1580 2 2 0 4 2456 3157 2558
1581 2 2 0 4 1985 2609 1673
1582 2 2 0 4 1096 2675 1081
1583 2 2 0 4 790 1991 793
1584 2 2 0 4 2570 3003 1349
1585 2 2 0 4 3078 3388 1006
1586 2 2 0 4 3303 3444 1476
1587 2 2 0 4 2316 3335 142
1588 2 2 0 4 142 3478 2316
1589 2 2 0 4 2278 2568 2279
1590 2 2 0 4 2430 3409 2431
1591 2 2 0 4 3017 3622 2069
1592 2 2 0 4 2572 3230 1287
1593 2 2 0 4 2802 3443 700
1594 2 2 0 4 2132 3402 805
1595 2 2 0 4 2135 3403 800
1596 2 2 0 4 2395 3731 865
1597 2 2 0 4 101 3530 3229
1598 2 2 0 4 3079 3616 1091
1599 2 2 0 4 2473 3771 813
1600 2 2 0 4 2448 3686 2617
1601 2 2 0 4 744 2880 2832
1602 2 2 0 4 3681 3744 3221
1603 2 2 0 4 2484 3097 2486
1604 2 2 0 4 94 2946 708
1605 2 2 0 4 3556 3631 924
1606 2 2 0 4 2431 3409 2689
1607 2 2 0 4 3272 3363 2354
1608 2 2 0 4 2612 3379 1303
1609 2 2 0 4 3302 3712 2188
1610 2 2 0 4 1879 2549 2258
1611 2 2 0 4 828 3761 2282
1612 2 2 0 4 270 2430 271
1613 2 2 0 4 2064 3194 2514
1614 2 2 0 4 1298 3330 1299
1615 2 2 0 4 2406 3645 834
1616 2 2 0 4 834 3645 981
1617 2 2 0 4 1636 2655 1632
1618 2 2 0 4 2668 3542 2298
1619 2 2 0 4 3187 3418 1909
1620 2 2 0 4 55 746 54
1621 2 2 0 4 191 751 190
1622 2 2 0 4 68 745 67
1623 2 2 0 4 178 752 177
1624 2 2 0 4 3472 3601 2371
1625 2 2 0 4 1357 3665 3009
1626 2 2 0 4 2757 3601 3472
1627 2 2 0 4 2541 3251 2289
1628 2 2 0 4 2409 3436 2467
1629 2 2 0 4 3252 3529 2891
1630 2 2 0 4 2377 3108 3039
1631 2 2 0 4 2542 3446 1914
1632 2 2 0 4 3647 3753 2169
1633 2 2 0 4 2384 2566 2381
1634 2 2 0 4 1565 2524 1264
1635 2 2 0 4 1698 2525 1695
1636 2 2 0 4 1060 2526 1275
1637 2 2 0 4 2333 3238 723
1638 2 2 0 4 1856 2844 1872
1639 2 2 0 4 2413 3473 2411
1640 2 2 0 4 723 3567 2333
1641 2 2 0 4 977 3170 946
1642 2 2 0 4 1542 3077 968
1643 2 2 0 4 2677 3109 2290
1644 2 2 0 4 2159 2358 2157
1645 2 2 0 4 2308 2512 2047
1646 2 2 0 4 1649 2618 1918
1647 2 2 0 4 1170 3779 3101
1648 2 2 0 4 1991 3051 793
1649 2 2 0 4 2101 2524 1565
1650 2 2 0 4 2102 2525 1698
1651 2 2 0 4 1275 2526 1561
1652 2 2 0 4 1482 2053 1886
1653 2 2 0 4 1721 2147 1720
1654 2 2 0 4 797 1542 968
1655 2 2 0 4 1227 1466 1226
1656 2 2 0 4 786 790 788
1657 2 2 0 4 1700 1701 1699
1658 2 2 0 4 1900 2209 1024
1659 2 2 0 4 2427 3369 3159
1660 2 2 0 4 1674 1985 1673
1661 2 2 0 4 1013 1014 862
1662 2 2 0 4 1213 1285 1214
1663 2 2 0 4 800 3403 1010
1664 2 2 0 4 805 3402 1039
1665 2 2 0 4 2413 3220 1210
1666 2 2 0 4 1054 3574 1177
1667 2 2 0 4 1088 1089 1059
1668 2 2 0 4 1539 2061 2060
1669 2 2 0 4 1566 1885 1884
1670 2 2 0 4 1323 1324 1276
1671 2 2 0 4 1928 2021 1569
1672 2 2 0 4 1325 1326 1323
1673 2 2 0 4 1435 2704 2146
1674 2 2 0 4 800 1010 798
1675 2 2 0 4 970 983 982
1676 2 2 0 4 1590 1911 1639
1677 2 2 0 4 1187 1319 1188
1678 2 2 0 4 1961 2317 1960
1679 2 2 0 4 2272 2273 2271
1680 2 2 0 4 1233 1234 1232
1681 2 2 0 4 1037 1178 1038
1682 2 2 0 4 805 1039 802
1683 2 2 0 4 915 976 913
1684 2 2 0 4 1086 1298 1087
1685 2 2 0 4 1724 1725 1723
1686 2 2 0 4 2092 2391 2093
1687 2 2 0 4 810 979 808
1688 2 2 0 4 1951 1954 1953
1689 2 2 0 4 781 782 779
1690 2 2 0 4 1195 1477 1197
1691 2 2 0 4 1203 1205 1204
1692 2 2 0 4 1003 1060 1007
1693 2 2 0 4 1694 1695 1693
1694 2 2 0 4 826 1035 823
1695 2 2 0 4 935 936 934
1696 2 2 0 4 1222 1264 1149
1697 2 2 0 4 838 2407 2406
1698 2 2 0 4 850 852 849
1699 2 2 0 4 838 2406 834
1700 2 2 0 4 834 981 832
1701 2 2 0 4 1119 1292 1117
1702 2 2 0 4 876 978 874
1703 2 2 0 4 870 1012 867
1704 2 2 0 4 966 2180 961
1705 2 2 0 4 965 1015 966
1706 2 2 0 4 1256 1464 1254
1707 2 2 0 4 2616 3686 2448
1708 2 2 0 4 1341 1983 1982
1709 2 2 0 4 1175 3722 3395
1710 2 2 0 4 950 977 946
1711 2 2 0 4 2852 3200 2851
1712 2 2 0 4 2430 2431 271
1713 2 2 0 4 2576 2677 2290
1714 2 2 0 4 2157 2158 1508
1715 2 2 0 4 2712 3444 3303
1716 2 2 0 4 2245 3727 3137
1717 2 2 0 4 1980 2689 2429
1718 2 2 0 4 1976 2555 2364
1719 2 2 0 4 2972 3177 2970
1720 2 2 0 4 1486 3382 2990
1721 2 2 0 4 2361 3697 3435
1722 2 2 0 4 2645 3553 2517
1723 2 2 0 4 2795 3103 717
1724 2 2 0 4 1008 2393 2023
1725 2 2 0 4 1176 3448 3352
1726 2 2 0 4 1909 3360 3187
1727 2 2 0 4 1299 1504 1503
1728 2 2 0 4 2524 3044 1143
1729 2 2 0 4 2665 2683 2027
1730 2 2 0 4 2094 3555 2699
1731 2 2 0 4 2301 2612 1303
1732 2 2 0 4 1638 2655 2590
1733 2 2 0 4 1246 1321 1244
1734 2 2 0 4 2805 3031 2261
1735 2 2 0 4 1147 3269 1295
1736 2 2 0 4 3312 3559 3007
1737 2 2 0 4 813 3771 2669
1738 2 2 0 4 2567 3107 2006
1739 2 2 0 4 1211 2596 1215
1740 2 2 0 4 2082 2602 2459
1741 2 2 0 4 1510 2601 2453
1742 2 2 0 4 746 3150 2418
1743 2 2 0 4 705 3307 2233
1744 2 2 0 4 2852 2860 2028
1745 2 2 0 4 1606 3114 2027
1746 2 2 0 4 776 3619 3179
1747 2 2 0 4 3053 3750 2612
1748 2 2 0 4 2604 3735 2632
1749 2 2 0 4 2021 3407 1569
1750 2 2 0 4 3288 3600 2600
1751 2 2 0 4 806 2999 2679
1752 2 2 0 4 1647 3068 3047
1753 2 2 0 4 178 3400 752
1754 2 2 0 4 22 2678 21
1755 2 2 0 4 2499 3491 1174
1756 2 2 0 4 1323 3050 1324
1757 2 2 0 4 2842 3028 2816
1758 2 2 0 4 3229 3530 2825
1759 2 2 0 4 978 3172 874
1760 2 2 0 4 2402 3698 2569
1761 2 2 0 4 1187 2614 1601
1762 2 2 0 4 3344 3410 2458
1763 2 2 0 4 2475 3694 279
1764 2 2 0 4 979 3056 2262
1765 2 2 0 4 2972 3358 3177
1766 2 2 0 4 2538 3219 2209
1767 2 2 0 4 1506 2157 1508
1768 2 2 0 4 1207 2596 1211
1769 2 2 0 4 2233 3543 705
1770 2 2 0 4 27 3371 2611
1771 2 2 0 4 2325 3065 1035
1772 2 2 0 4 3129 3489 2293
1773 2 2 0 4 1029 2394 1026
1774 2 2 0 4 2407 3573 2406
1775 2 2 0 4 713 3552 2388
1776 2 2 0 4 3183 3421 2055
1777 2 2 0 4 810 3056 979
1778 2 2 0 4 3178 3255 2516
1779 2 2 0 4 1195 3794 1477
1780 2 2 0 4 2174 3273 2921
1781 2 2 0 4 2047 3596 2308
1782 2 2 0 4 2147 3517 1720
1783 2 2 0 4 2426 3369 2427
1784 2 2 0 4 2072 3646 1098
1785 2 2 0 4 3650 3705 2728
1786 2 2 0 4 2586 3002 3000
1787 2 2 0 4 2490 3384 1296
1788 2 2 0 4 2632 3735 2230
1789 2 2 0 4 1124 2791 2597
1790 2 2 0 4 960 3368 2320
1791 2 2 0 4 3101 3168 1170
1792 2 2 0 4 2509 3651 61
1793 2 2 0 4 2676 2677 1605
1794 2 2 0 4 2175 2658 1315
1795 2 2 0 4 2598 2649 932
1796 2 2 0 4 1096 3701 2675
1797 2 2 0 4 2246 3266 2707
1798 2 2 0 4 191 2416 751
1799 2 2 0 4 121 2820 120
1800 2 2 0 4 2456 2558 973
1801 2 2 0 4 2482 2595 814
1802 2 2 0 4 2457 2552 836
1803 2 2 0 4 2483 2484 971
1804 2 2 0 4 2767 3279 3037
1805 2 2 0 4 3103 3274 717
1806 2 2 0 4 2313 3658 1238
1807 2 2 0 4 2206 3443 2802
1808 2 2 0 4 2480 2642 975
1809 2 2 0 4 2684 3174 2107
1810 2 2 0 4 2549 3659 2258
1811 2 2 0 4 725 2719 2372
1812 2 2 0 4 987 3599 2214
1813 2 2 0 4 2416 3418 751
1814 2 2 0 4 254 2472 879
1815 2 2 0 4 307 2601 1510
1816 2 2 0 4 5 2602 2082
1817 2 2 0 4 301 2488 2479
1818 2 2 0 4 243 2468 2445
1819 2 2 0 4 319 2456 973
1820 2 2 0 4 321 2483 971
1821 2 2 0 4 288 2482 814
1822 2 2 0 4 2446 2605 240
1823 2 2 0 4 309 2451 947
1824 2 2 0 4 238 2457 836
1825 2 2 0 4 284 2473 813
1826 2 2 0 4 1621 3502 2226
1827 2 2 0 4 806 3261 2999
1828 2 2 0 4 2999 3261 1157
1829 2 2 0 4 1570 3739 3159
1830 2 2 0 4 2668 3721 1292
1831 2 2 0 4 1975 3144 3033
1832 2 2 0 4 1477 3794 2064
1833 2 2 0 4 271 2431 272
1834 2 2 0 4 2978 3636 2975
1835 2 2 0 4 3298 3615 3054
1836 2 2 0 4 2848 2850 1897
1837 2 2 0 4 2013 2521 2014
1838 2 2 0 4 2192 3345 1996
1839 2 2 0 4 2221 3454 2466
1840 2 2 0 4 894 3205 2508
1841 2 2 0 4 1236 3160 1277
1842 2 2 0 4 707 2867 2501
1843 2 2 0 4 2589 3295 1969
1844 2 2 0 4 2310 3001 2076
1845 2 2 0 4 1335 2684 2107
1846 2 2 0 4 683 3118 2332
1847 2 2 0 4 2379 2381 2380
1848 2 2 0 4 1520 3255 3178
1849 2 2 0 4 723 3238 2306
1850 2 2 0 4 2367 2616 2592
1851 2 2 0 4 1263 2699 2698
1852 2 2 0 4 1084 3211 1034
1853 2 2 0 4 2013 3158 2521
1854 2 2 0 4 2515 3571 2120
1855 2 2 0 4 1557 2690 2348
1856 2 2 0 4 1897 2849 2848
1857 2 2 0 4 2493 3235 2098
1858 2 2 0 4 2419 3594 1571
1859 2 2 0 4 2311 3637 2507
1860 2 2 0 4 2126 3071 2125
1861 2 2 0 4 1509 1513 1512
1862 2 2 0 4 891 3270 889
1863 2 2 0 4 714 2883 2882
1864 2 2 0 4 957 3300 938
1865 2 2 0 4 246 3107 2567
1866 2 2 0 4 3154 3437 3032
1867 2 2 0 4 1615 1618 1617
1868 2 2 0 4 1311 1658 1313
1869 2 2 0 4 1449 1921 1451
1870 2 2 0 4 136 2752 135
1871 2 2 0 4 1630 3117 1627
1872 2 2 0 4 2534 3702 1354
1873 2 2 0 4 924 3631 2472
1874 2 2 0 4 1922 2028 1608
1875 2 2 0 4 61 3707 2509
1876 2 2 0 4 2317 3339 2471
1877 2 2 0 4 2348 3267 2347
1878 2 2 0 4 2359 3139 2547
1879 2 2 0 4 715 2794 2545
1880 2 2 0 4 1224 3043 3008
1881 2 2 0 4 1942 3224 2179
1882 2 2 0 4 1265 2714 2539
1883 2 2 0 4 2598 2689 1980
1884 2 2 0 4 2671 3369 2426
1885 2 2 0 4 1661 2670 2575
1886 2 2 0 4 734 3247 3169
1887 2 2 0 4 1957 3749 3206
1888 2 2 0 4 3437 3587 3032
1889 2 2 0 4 2719 3452 2306
1890 2 2 0 4 1581 2661 2648
1891 2 2 0 4 1719 3826 1014
1892 2 2 0 4 2306 3452 723
1893 2 2 0 4 3224 3521 2179
1894 2 2 0 4 1013 1042 1040
1895 2 2 0 4 1285 1317 1316
1896 2 2 0 4 1327 1328 1326
1897 2 2 0 4 1590 2192 1996
1898 2 2 0 4 1235 1236 1234
1899 2 2 0 4 1726 1997 1725
1900 2 2 0 4 1954 2161 1955
1901 2 2 0 4 1205 1207 1206
1902 2 2 0 4 1061 1063 1007
1903 2 2 0 4 937 938 936
1904 2 2 0 4 964 2340 934
1905 2 2 0 4 853 857 852
1906 2 2 0 4 2181 2257 977
1907 2 2 0 4 2496 3737 3464
1908 2 2 0 4 2357 3363 3272
1909 2 2 0 4 685 3087 2223
1910 2 2 0 4 2719 3669 3452
1911 2 2 0 4 1504 1506 1505
1912 2 2 0 4 2349 2350 1321
1913 2 2 0 4 2819 3538 10
1914 2 2 0 4 1316 3069 2624
1915 2 2 0 4 2469 3314 2470
1916 2 2 0 4 1127 2668 1122
1917 2 2 0 4 2881 2884 714
1918 2 2 0 4 2748 3274 3103
1919 2 2 0 4 2271 3291 2650
1920 2 2 0 4 2519 2993 1952
1921 2 2 0 4 974 3339 3157
1922 2 2 0 4 2606 3674 915
1923 2 2 0 4 2335 3790 3789
1924 2 2 0 4 2116 3213 1188
1925 2 2 0 4 751 3186 2248
1926 2 2 0 4 1302 2319 1539
1927 2 2 0 4 3493 3564 2365
1928 2 2 0 4 2826 3306 711
1929 2 2 0 4 976 3123 2364
1930 2 2 0 4 2162 3080 2508
1931 2 2 0 4 938 3300 936
1932 2 2 0 4 2257 3287 977
1933 2 2 0 4 2528 3232 1561
1934 2 2 0 4 3039 3108 698
1935 2 2 0 4 222 2900 735
1936 2 2 0 4 2332 3319 683
1937 2 2 0 4 3131 3741 1533
1938 2 2 0 4 845 3554 2323
1939 2 2 0 4 3218 3354 2784
1940 2 2 0 4 2231 3581 2232
1941 2 2 0 4 720 3662 2745
1942 2 2 0 4 2545 2793 715
1943 2 2 0 4 1040 2211 1041
1944 2 2 0 4 947 3435 3431
1945 2 2 0 4 2001 3508 2556
1946 2 2 0 4 1586 3746 1585
1947 2 2 0 4 1605 2677 2576
1948 2 2 0 4 965 3754 3192
1949 2 2 0 4 2378 2380 2072
1950 2 2 0 4 2573 3574 1054
1951 2 2 0 4 2435 2622 2434
1952 2 2 0 4 2449 2649 2450
1953 2 2 0 4 2699 3456 2698
1954 2 2 0 4 1458 3377 2563
1955 2 2 0 4 2603 3423 2391
1956 2 2 0 4 2649 3716 3476
1957 2 2 0 4 2232 3581 3550
1958 2 2 0 4 3132 3698 2402
1959 2 2 0 4 2503 3556 924
1960 2 2 0 4 2663 2764 2762
1961 2 2 0 4 2570 3559 2404
1962 2 2 0 4 1198 3308 3161
1963 2 2 0 4 1168 3523 1174
1964 2 2 0 4 1238 3160 1236
1965 2 2 0 4 711 3580 2826
1966 2 2 0 4 2517 2664 2645
1967 2 2 0 4 3001 3391 2076
1968 2 2 0 4 1051 3122 1053
1969 2 2 0 4 2364 3123 2612
1970 2 2 0 4 256 2433 257
1971 2 2 0 4 295 2448 296
1972 2 2 0 4 292 2439 293
1973 2 2 0 4 249 2461 250
1974 2 2 0 4 268 2426 269
1975 2 2 0 4 265 2467 266
1976 2 2 0 4 281 2437 282
1977 2 2 0 4 259 2464 260
1978 2 2 0 4 304 2421 305
1979 2 2 0 4 278 2475 279
1980 2 2 0 4 2487 3620 2486
1981 2 2 0 4 1102 2263 1100
1982 2 2 0 4 3207 3607 2279
1983 2 2 0 4 746 2418 2417
1984 2 2 0 4 697 3263 2818
1985 2 2 0 4 962 3251 2541
1986 2 2 0 4 2402 2569 2400
1987 2 2 0 4 2025 3430 2595
1988 2 2 0 4 2577 3290 2523
1989 2 2 0 4 1982 3193 2546
1990 2 2 0 4 1931 3185 3019
1991 2 2 0 4 3410 3537 2552
1992 2 2 0 4 2233 3130 2894
1993 2 2 0 4 2506 3135 1479
1994 2 2 0 4 179 2493 178
1995 2 2 0 4 2418 3569 3136
1996 2 2 0 4 10 3350 2819
1997 2 2 0 4 1287 3145 2572
1998 2 2 0 4 2842 3416 3028
1999 2 2 0 4 2204 3165 2206
2000 2 2 0 4 1097 3299 1099
2001 2 2 0 4 2520 3281 1153
2002 2 2 0 4 1254 2357 1252
2003 2 2 0 4 867 2395 865
2004 2 2 0 4 1117 2280 1115
2005 2 2 0 4 828 2282 826
2006 2 2 0 4 808 2132 805
2007 2 2 0 4 802 2135 800
2008 2 2 0 4 1963 2321 1961
2009 2 2 0 4 1884 2410 1945
2010 2 2 0 4 3116 3315 2129
2011 2 2 0 4 703 3518 2678
2012 2 2 0 4 2498 3612 742
2013 2 2 0 4 3159 3369 2621
2014 2 2 0 4 742 3333 2498
2015 2 2 0 4 981 3115 2618
2016 2 2 0 4 2060 3212 3138
2017 2 2 0 4 2006 3107 2323
2018 2 2 0 4 760 2733 2536
2019 2 2 0 4 1911 3798 1912
2020 2 2 0 4 2595 3430 814
2021 2 2 0 4 1909 3225 1908
2022 2 2 0 4 1083 2530 1341
2023 2 2 0 4 2653 3353 1115
2024 2 2 0 4 1159 2666 1550
2025 2 2 0 4 1550 2715 1161
2026 2 2 0 4 1106 2522 1104
2027 2 2 0 4 2467 3454 2409
2028 2 2 0 4 2236 3038 3036
2029 2 2 0 4 3191 3790 2339
2030 2 2 0 4 1912 3798 1913
2031 2 2 0 4 2202 3020 2957
2032 2 2 0 4 2339 3790 2335
2033 2 2 0 4 960 3429 2471
2034 2 2 0 4 2278 3125 2568
2035 2 2 0 4 1924 2533 1527
2036 2 2 0 4 1671 3192 3155
2037 2 2 0 4 1214 3145 1287
2038 2 2 0 4 1258 2542 1256
2039 2 2 0 4 2494 3254 36
2040 2 2 0 4 2283 3522 3461
2041 2 2 0 4 190 3671 189
2042 2 2 0 4 56 3670 55
2043 2 2 0 4 2339 3517 3191
2044 2 2 0 4 1061 3071 1064
2045 2 2 0 4 2880 3262 2832
2046 2 2 0 4 2193 3162 2631
2047 2 2 0 4 2919 3144 1975
2048 2 2 0 4 3061 3411 2657
2049 2 2 0 4 2514 3171 2064
2050 2 2 0 4 1921 3061 2657
2051 2 2 0 4 2347 3224 1942
2052 2 2 0 4 1969 2700 1046
2053 2 2 0 4 2821 2866 2196
2054 2 2 0 4 3321 3366 1992
2055 2 2 0 4 2308 3392 3270
2056 2 2 0 4 1992 3366 1560
2057 2 2 0 4 1329 3141 1674
2058 2 2 0 4 1344 3600 3288
2059 2 2 0 4 908 3797 2660
2060 2 2 0 4 1928 3742 2693
2061 2 2 0 4 2595 3563 2025
2062 2 2 0 4 1227 3316 2129
2063 2 2 0 4 2063 2716 1348
2064 2 2 0 4 279 3694 939
2065 2 2 0 4 934 2340 931
2066 2 2 0 4 1587 2192 1590
2067 2 2 0 4 3431 3435 2360
2068 2 2 0 4 2098 3400 2493
2069 2 2 0 4 2301 3378 1146
2070 2 2 0 4 1206 3220 1204
2071 2 2 0 4 2299 2758 1151
2072 2 2 0 4 1575 2644 2643
2073 2 2 0 4 3461 3522 710
2074 2 2 0 4 2466 3246 2221
2075 2 2 0 4 2507 3637 157
2076 2 2 0 4 2245 3137 2247
2077 2 2 0 4 688 3485 3227
2078 2 2 0 4 2604 3694 3428
2079 2 2 0 4 1104 3783 1102
2080 2 2 0 4 3053 3123 2346
2081 2 2 0 4 1169 3779 1167
2082 2 2 0 4 1327 1345 1328
2083 2 2 0 4 1100 2072 1098
2084 2 2 0 4 1207 1209 1206
2085 2 2 0 4 745 2582 767
2086 2 2 0 4 1506 1507 1505
2087 2 2 0 4 2515 2516 1511
2088 2 2 0 4 3439 3570 2706
2089 2 2 0 4 738 3094 2899
2090 2 2 0 4 2711 3690 154
2091 2 2 0 4 1853 2794 2250
2092 2 2 0 4 157 3494 2507
2093 2 2 0 4 2836 2837 755
2094 2 2 0 4 2328 2844 1856
2095 2 2 0 4 1872 2844 2843
2096 2 2 0 4 2247 3266 2246
2097 2 2 0 4 2269 3649 3290
2098 2 2 0 4 2233 3307 3130
2099 2 2 0 4 3413 3696 2014
2100 2 2 0 4 1665 2600 1667
2101 2 2 0 4 730 2711 155
2102 2 2 0 4 2210 3465 3404
2103 2 2 0 4 2593 2652 1647
2104 2 2 0 4 767 2582 1591
2105 2 2 0 4 2488 3755 2479
2106 2 2 0 4 2527 2528 1561
2107 2 2 0 4 2107 2504 1338
2108 2 2 0 4 2388 3253 713
2109 2 2 0 4 2848 2963 2850
2110 2 2 0 4 2850 2963 851
2111 2 2 0 4 1349 3559 2570
2112 2 2 0 4 1940 3680 2309
2113 2 2 0 4 3030 3483 1931
2114 2 2 0 4 699 3654 2329
2115 2 2 0 4 2235 2629 1857
2116 2 2 0 4 711 3306 3040
2117 2 2 0 4 1034 3211 1533
2118 2 2 0 4 1647 2652 1528
2119 2 2 0 4 2381 2383 2382
2120 2 2 0 4 2513 3766 702
2121 2 2 0 4 55 3670 2294
2122 2 2 0 4 2248 3671 190
2123 2 2 0 4 1237 1238 1236
2124 2 2 0 4 940 942 938
2125 2 2 0 4 2501 3371 707
2126 2 2 0 4 3157 3339 2321
2127 2 2 0 4 1001 2527 2526
2128 2 2 0 4 874 3172 872
2129 2 2 0 4 2688 3644 199
2130 2 2 0 4 2394 3317 1990
2131 2 2 0 4 36 3692 2494
2132 2 2 0 4 708 2946 2945
2133 2 2 0 4 702 3341 2513
2134 2 2 0 4 1239 1240 1238
2135 2 2 0 4 3081 3256 3099
2136 2 2 0 4 1241 1242 1240
2137 2 2 0 4 1626 1630 1627
2138 2 2 0 4 1980 3716 2598
2139 2 2 0 4 1160 3208 1643
2140 2 2 0 4 1624 1626 1625
2141 2 2 0 4 1521 1523 1522
2142 2 2 0 4 184 2683 2665
2143 2 2 0 4 2074 3569 1594
2144 2 2 0 4 2289 3257 2541
2145 2 2 0 4 1004 2393 1008
2146 2 2 0 4 1638 2590 2589
2147 2 2 0 4 3236 3237 2018
2148 2 2 0 4 2706 3570 788
2149 2 2 0 4 992 3234 990
2150 2 2 0 4 709 3458 2858
2151 2 2 0 4 1328 3141 1329
2152 2 2 0 4 1001 3557 2527
2153 2 2 0 4 2992 3049 1486
2154 2 2 0 4 758 2818 2580
2155 2 2 0 4 1621 1624 1623
2156 2 2 0 4 1595 2075 2074
2157 2 2 0 4 1313 1521 1463
2158 2 2 0 4 712 3487 3035
2159 2 2 0 4 2013 2014 849
2160 2 2 0 4 2320 3212 2061
2161 2 2 0 4 199 3347 2688
2162 2 2 0 4 3214 3244 92
2163 2 2 0 4 1153 3281 959
2164 2 2 0 4 1593 3329 2619
2165 2 2 0 4 1547 2704 1222
2166 2 2 0 4 2683 3242 2027
2167 2 2 0 4 2610 3791 1914
2168 2 2 0 4 939 3694 2604
2169 2 2 0 4 1933 3725 1910
2170 2 2 0 4 1097 3657 1096
2171 2 2 0 4 3306 3527 3040
2172 2 2 0 4 2325 3544 3065
2173 2 2 0 4 1651 3572 2565
2174 2 2 0 4 1497 3256 3081
2175 2 2 0 4 3395 3545 1175
2176 2 2 0 4 2360 3435 2358
2177 2 2 0 4 1026 2394 1025
2178 2 2 0 4 736 3778 2261
2179 2 2 0 4 762 2820 121
2180 2 2 0 4 120 2820 756
2181 2 2 0 4 2794 3143 2250
2182 2 2 0 4 2406 3573 3324
2183 2 2 0 4 1099 3299 1123
2184 2 2 0 4 2164 3349 2041
2185 2 2 0 4 2531 3396 3320
2186 2 2 0 4 1568 2319 1302
2187 2 2 0 4 2417 3118 53
2188 2 2 0 4 2649 3476 2450
2189 2 2 0 4 1572 3723 1261
2190 2 2 0 4 900 901 899
2191 2 2 0 4 1649 1917 1572
2192 2 2 0 4 1538 1879 1598
2193 2 2 0 4 1451 1607 1606
2194 2 2 0 4 2379 2380 2378
2195 2 2 0 4 2545 2794 1853
2196 2 2 0 4 3290 3649 2522
2197 2 2 0 4 840 2605 2548
2198 2 2 0 4 803 2695 2441
2199 2 2 0 4 2479 2693 829
2200 2 2 0 4 2547 3139 952
2201 2 2 0 4 2506 3682 3135
2202 2 2 0 4 748 3029 2608
2203 2 2 0 4 2818 3263 2821
2204 2 2 0 4 3084 3258 1177
2205 2 2 0 4 2557 3422 2001
2206 2 2 0 4 2520 3174 1640
2207 2 2 0 4 2599 2600 1665
2208 2 2 0 4 920 3769 2164
2209 2 2 0 4 2362 3234 998
2210 2 2 0 4 2850 3585 3121
2211 2 2 0 4 2435 3613 2622
2212 2 2 0 4 2795 3678 2796
2213 2 2 0 4 2027 3242 1930
2214 2 2 0 4 3020 3612 2957
2215 2 2 0 4 2879 3105 1494
2216 2 2 0 4 1120 3325 2779
2217 2 2 0 4 1174 3523 2500
2218 2 2 0 4 2405 3513 3132
2219 2 2 0 4 223 3507 2900
2220 2 2 0 4 2154 3297 2155
2221 2 2 0 4 2835 2836 755
2222 2 2 0 4 2590 3295 2589
2223 2 2 0 4 896 2667 898
2224 2 2 0 4 2164 2782 920
2225 2 2 0 4 2497 3408 2439
2226 2 2 0 4 2315 3320 1073
2227 2 2 0 4 2300 3325 1120
2228 2 2 0 4 1120 2769 2300
2229 2 2 0 4 1073 3006 2315
2230 2 2 0 4 2274 3497 2544
2231 2 2 0 4 923 3653 2762
2232 2 2 0 4 1103 2615 1280
2233 2 2 0 4 2268 3757 2386
2234 2 2 0 4 2242 3594 3176
2235 2 2 0 4 1581 2648 2591
2236 2 2 0 4 1145 2524 1143
2237 2 2 0 4 1029 2997 2525
2238 2 2 0 4 2531 3684 1983
2239 2 2 0 4 2319 3635 2061
2240 2 2 0 4 1619 3502 1621
2241 2 2 0 4 2088 3344 2089
2242 2 2 0 4 2357 3583 1252
2243 2 2 0 4 968 3683 970
2244 2 2 0 4 3051 3539 1157
2245 2 2 0 4 2640 3203 2207
2246 2 2 0 4 2376 2837 2836
2247 2 2 0 4 3049 3298 2744
2248 2 2 0 4 2637 2735 721
2249 2 2 0 4 2209 3219 3178
2250 2 2 0 4 1460 2744 2742
2251 2 2 0 4 716 3354 3218
2252 2 2 0 4 941 3257 3109
2253 2 2 0 4 3170 3287 2070
2254 2 2 0 4 770 3493 3492
2255 2 2 0 4 2586 3001 2310
2256 2 2 0 4 862 3158 858
2257 2 2 0 4 1668 2573 861
2258 2 2 0 4 2743 3298 3275
2259 2 2 0 4 135 2752 747
2260 2 2 0 4 3404 3465 722
2261 2 2 0 4 2017 3160 2024
2262 2 2 0 4 3071 3623 1064
2263 2 2 0 4 2568 3484 2279
2264 2 2 0 4 955 2718 2625
2265 2 2 0 4 1736 3112 1733
2266 2 2 0 4 983 2066 982
2267 2 2 0 4 1887 3668 1888
2268 2 2 0 4 2597 2801 1124
2269 2 2 0 4 2235 3250 2629
2270 2 2 0 4 1482 3640 2338
2271 2 2 0 4 689 3514 3242
2272 2 2 0 4 3132 3513 2615
2273 2 2 0 4 1223 3147 3086
2274 2 2 0 4 2496 2497 2439
2275 2 2 0 4 2617 3686 1915
2276 2 2 0 4 1636 2656 2655
2277 2 2 0 4 3025 3031 2805
2278 2 2 0 4 3227 3485 2234
2279 2 2 0 4 2625 3282 1153
2280 2 2 0 4 2143 3491 3156
2281 2 2 0 4 2388 3552 2390
2282 2 2 0 4 2580 2817 758
2283 2 2 0 4 2133 3357 2414
2284 2 2 0 4 3178 3553 2209
2285 2 2 0 4 3121 3585 2117
2286 2 2 0 4 2571 3349 3328
2287 2 2 0 4 2899 3507 738
2288 2 2 0 4 3156 3491 2499
2289 2 2 0 4 3524 3525 956
2290 2 2 0 4 728 3421 3183
2291 2 2 0 4 3414 3541 2666
2292 2 2 0 4 1248 3583 2349
2293 2 2 0 4 1222 2704 1435
2294 2 2 0 4 2629 2703 1857
2295 2 2 0 4 2659 3372 927
2296 2 2 0 4 2157 3697 2158
2297 2 2 0 4 3070 3569 2074
2298 2 2 0 4 2332 3118 2563
2299 2 2 0 4 1178 3532 1182
2300 2 2 0 4 741 3358 2972
2301 2 2 0 4 2679 2999 2149
2302 2 2 0 4 2405 3132 2402
2303 2 2 0 4 2451 3831 947
2304 2 2 0 4 2758 3653 923
2305 2 2 0 4 2597 2791 1154
2306 2 2 0 4 1153 3282 2520
2307 2 2 0 4 1921 2657 1922
2308 2 2 0 4 176 2415 686
2309 2 2 0 4 3233 3540 2674
2310 2 2 0 4 2054 2652 1886
2311 2 2 0 4 1293 3168 1545
2312 2 2 0 4 2155 3297 3217
2313 2 2 0 4 1106 2523 2522
2314 2 2 0 4 3101 3779 2115
2315 2 2 0 4 1919 3230 2572
2316 2 2 0 4 2553 3112 1736
2317 2 2 0 4 2551 3237 1721
2318 2 2 0 4 2425 2426 268
2319 2 2 0 4 2447 2448 295
2320 2 2 0 4 2460 2461 249
2321 2 2 0 4 2420 2421 304
2322 2 2 0 4 2432 2433 256
2323 2 2 0 4 2438 2439 292
2324 2 2 0 4 2462 2464 259
2325 2 2 0 4 2436 2437 281
2326 2 2 0 4 2474 2475 278
2327 2 2 0 4 2466 2467 265
2328 2 2 0 4 1460 3122 2744
2329 2 2 0 4 3275 3298 749
2330 2 2 0 4 2042 2801 2044
2331 2 2 0 4 776 3179 774
2332 2 2 0 4 855 3781 2651
2333 2 2 0 4 1252 3583 1248
2334 2 2 0 4 1922 3200 2852
2335 2 2 0 4 1953 2630 1952
2336 2 2 0 4 2600 3600 1667
2337 2 2 0 4 2518 3114 1606
2338 2 2 0 4 2280 3419 2653
2339 2 2 0 4 3167 3204 169
2340 2 2 0 4 2979 3636 2978
2341 2 2 0 4 2554 3247 151
2342 2 2 0 4 3471 3671 2248
2343 2 2 0 4 1647 3047 2593
2344 2 2 0 4 1352 1898 1525
2345 2 2 0 4 1265 2539 1554
2346 2 2 0 4 1557 2348 1942
2347 2 2 0 4 1634 1638 1637
2348 2 2 0 4 1279 1595 1594
2349 2 2 0 4 1335 2107 1338
2350 2 2 0 4 1538 1598 1532
2351 2 2 0 4 1168 1174 1172
2352 2 2 0 4 1677 2175 1315
2353 2 2 0 4 2205 2866 2821
2354 2 2 0 4 2423 2601 837
2355 2 2 0 4 2449 2450 962
2356 2 2 0 4 972 2481 2480
2357 2 2 0 4 813 2435 2434
2358 2 2 0 4 2434 2622 795
2359 2 2 0 4 932 2649 2449
2360 2 2 0 4 2580 2821 2196
2361 2 2 0 4 3239 3348 3026
2362 2 2 0 4 2288 3741 3131
2363 2 2 0 4 205 3022 204
2364 2 2 0 4 3320 3684 2531
2365 2 2 0 4 3194 3213 2116
2366 2 2 0 4 1486 3122 1051
2367 2 2 0 4 2650 3459 2271
2368 2 2 0 4 916 2430 270
2369 2 2 0 4 855 2651 853
2370 2 2 0 4 2053 2335 2334
2371 2 2 0 4 2334 2336 2054
2372 2 2 0 4 1466 1481 1480
2373 2 2 0 4 1480 1482 1467
2374 2 2 0 4 1703 1704 1701
2375 2 2 0 4 1702 1705 1703
2376 2 2 0 4 792 797 791
2377 2 2 0 4 790 793 792
2378 2 2 0 4 1041 1719 1014
2379 2 2 0 4 1091 1093 1090
2380 2 2 0 4 1089 1092 1091
2381 2 2 0 4 984 1006 985
2382 2 2 0 4 985 986 983
2383 2 2 0 4 1601 1603 1602
2384 2 2 0 4 1602 1604 1319
2385 2 2 0 4 1178 1182 1180
2386 2 2 0 4 1180 1181 1179
2387 2 2 0 4 2136 2137 2135
2388 2 2 0 4 1300 1302 1301
2389 2 2 0 4 2133 2134 2132
2390 2 2 0 4 784 785 782
2391 2 2 0 4 783 787 784
2392 2 2 0 4 1477 1490 1489
2393 2 2 0 4 1489 1491 1478
2394 2 2 0 4 1060 1275 1062
2395 2 2 0 4 1697 1698 1695
2396 2 2 0 4 1435 1570 1436
2397 2 2 0 4 1436 1565 1264
2398 2 2 0 4 2396 2398 2395
2399 2 2 0 4 1012 2397 2396
2400 2 2 0 4 1017 1018 1016
2401 2 2 0 4 1015 1024 1017
2402 2 2 0 4 1441 2265 2264
2403 2 2 0 4 3491 3519 1330
2404 2 2 0 4 2255 3746 3180
2405 2 2 0 4 1495 3249 3068
2406 2 2 0 4 2598 3716 2649
2407 2 2 0 4 1543 1907 1314
2408 2 2 0 4 1571 2242 2139
2409 2 2 0 4 2625 2718 2506
2410 2 2 0 4 1909 3418 3225
2411 2 2 0 4 2972 3578 741
2412 2 2 0 4 67 3807 66
2413 2 2 0 4 2433 3813 2544
2414 2 2 0 4 2247 3449 3266
2415 2 2 0 4 1733 3112 1735
2416 2 2 0 4 2380 3331 2072
2417 2 2 0 4 2472 3323 879
2418 2 2 0 4 1153 3558 2625
2419 2 2 0 4 2193 3407 3162
2420 2 2 0 4 753 3644 2761
2421 2 2 0 4 2438 2496 2439
2422 2 2 0 4 2462 2495 2464
2423 2 2 0 4 3000 3001 2586
2424 2 2 0 4 1296 2984 2490
2425 2 2 0 4 721 2735 2687
2426 2 2 0 4 3258 3312 1177
2427 2 2 0 4 2427 2428 916
2428 2 2 0 4 2422 2423 837
2429 2 2 0 4 2421 2424 2422
2430 2 2 0 4 3207 3484 3206
2431 2 2 0 4 3133 3348 1616
2432 2 2 0 4 136 3810 2752
2433 2 2 0 4 1171 3702 2535
2434 2 2 0 4 2761 3265 753
2435 2 2 0 4 2521 3438 2702
2436 2 2 0 4 2637 3226 2260
2437 2 2 0 4 3196 3302 1991
2438 2 2 0 4 2712 3303 2713
2439 2 2 0 4 3180 3746 1878
2440 2 2 0 4 977 3287 3170
2441 2 2 0 4 2213 3119 3035
2442 2 2 0 4 2431 2689 2598
2443 2 2 0 4 2334 3789 3642
2444 2 2 0 4 2559 3546 1977
2445 2 2 0 4 2180 3603 961
2446 2 2 0 4 797 2366 1542
2447 2 2 0 4 786 1991 790
2448 2 2 0 4 2209 2645 1024
2449 2 2 0 4 1014 1030 862
2450 2 2 0 4 1285 1316 1214
2451 2 2 0 4 1566 2621 1885
2452 2 2 0 4 1324 2216 1276
2453 2 2 0 4 1325 1327 1326
2454 2 2 0 4 1911 1912 1639
2455 2 2 0 4 2272 2274 2273
2456 2 2 0 4 1233 1235 1234
2457 2 2 0 4 1097 1099 1098
2458 2 2 0 4 1298 1299 1087
2459 2 2 0 4 1724 1726 1725
2460 2 2 0 4 1954 1955 1953
2461 2 2 0 4 1205 1206 1204
2462 2 2 0 4 935 937 936
2463 2 2 0 4 850 853 852
2464 2 2 0 4 876 2225 978
2465 2 2 0 4 3695 3697 2361
2466 2 2 0 4 950 2181 977
2467 2 2 0 4 50 2682 750
2468 2 2 0 4 2386 3631 3556
2469 2 2 0 4 2680 3054 2681
2470 2 2 0 4 2485 2607 971
2471 2 2 0 4 973 2559 2483
2472 2 2 0 4 919 2606 915
2473 2 2 0 4 3182 3551 2230
2474 2 2 0 4 2441 2695 2444
2475 2 2 0 4 1311 2673 1658
2476 2 2 0 4 922 2764 2701
2477 2 2 0 4 2641 3101 2115
2478 2 2 0 4 1575 3648 2644
2479 2 2 0 4 1504 1505 1503
2480 2 2 0 4 832 3761 828
2481 2 2 0 4 1333 3209 2648
2482 2 2 0 4 1011 3629 2529
2483 2 2 0 4 2397 2570 2404
2484 2 2 0 4 2674 3540 1658
2485 2 2 0 4 2478 3765 314
2486 2 2 0 4 2592 2616 2447
2487 2 2 0 4 2604 2632 2436
2488 2 2 0 4 2460 2557 2556
2489 2 2 0 4 1246 2349 1321
2490 2 2 0 4 2149 2150 1630
2491 2 2 0 4 2796 3678 80
2492 2 2 0 4 2373 2931 2727
2493 2 2 0 4 2278 3419 3125
2494 2 2 0 4 2411 3230 1919
2495 2 2 0 4 2725 3430 2025
2496 2 2 0 4 2379 2385 2384
2497 2 2 0 4 2525 3641 1029
2498 2 2 0 4 2874 3252 2891
2499 2 2 0 4 1043 3294 2222
2500 2 2 0 4 1696 3188 1697
2501 2 2 0 4 2249 2634 1890
2502 2 2 0 4 1045 2586 1218
2503 2 2 0 4 2279 3210 2276
2504 2 2 0 4 2516 3255 1511
2505 2 2 0 4 2236 3332 3038
2506 2 2 0 4 1043 2211 1040
2507 2 2 0 4 1042 1044 1043
2508 2 2 0 4 1318 1484 1317
2509 2 2 0 4 1329 1672 1326
2510 2 2 0 4 1277 2015 1234
2511 2 2 0 4 2006 2323 1725
2512 2 2 0 4 1954 2163 2162
2513 2 2 0 4 1208 2596 1207
2514 2 2 0 4 1064 1065 1063
2515 2 2 0 4 1205 2095 1208
2516 2 2 0 4 858 2013 852
2517 2 2 0 4 857 861 858
2518 2 2 0 4 2341 2342 2340
2519 2 2 0 4 1519 2157 1506
2520 2 2 0 4 1504 2578 1519
2521 2 2 0 4 2350 2352 2351
2522 2 2 0 4 1721 3237 2160
2523 2 2 0 4 989 3376 1011
2524 2 2 0 4 750 3622 3017
2525 2 2 0 4 1330 3146 1172
2526 2 2 0 4 161 2638 160
2527 2 2 0 4 2211 3706 1041
2528 2 2 0 4 766 1878 765
2529 2 2 0 4 745 767 766
2530 2 2 0 4 2294 3670 2644
2531 2 2 0 4 248 2460 249
2532 2 2 0 4 258 2462 259
2533 2 2 0 4 246 2567 247
2534 2 2 0 4 255 2432 256
2535 2 2 0 4 303 2420 304
2536 2 2 0 4 283 2602 5
2537 2 2 0 4 306 2601 307
2538 2 2 0 4 308 2451 309
2539 2 2 0 4 267 2425 268
2540 2 2 0 4 237 2457 238
2541 2 2 0 4 294 2447 295
2542 2 2 0 4 320 2483 321
2543 2 2 0 4 242 2468 243
2544 2 2 0 4 291 2438 292
2545 2 2 0 4 239 2446 240
2546 2 2 0 4 322 2607 323
2547 2 2 0 4 264 2466 265
2548 2 2 0 4 313 2478 314
2549 2 2 0 4 287 2482 288
2550 2 2 0 4 6 2473 284
2551 2 2 0 4 318 2456 319
2552 2 2 0 4 280 2436 281
2553 2 2 0 4 300 2488 301
2554 2 2 0 4 253 2472 254
2555 2 2 0 4 277 2474 278
2556 2 2 0 4 2158 3153 1508
2557 2 2 0 4 1304 2954 1971
2558 2 2 0 4 2691 2976 1032
2559 2 2 0 4 2254 3060 1526
2560 2 2 0 4 3345 3710 1996
2561 2 2 0 4 1570 3159 2621
2562 2 2 0 4 1210 3220 1206
2563 2 2 0 4 725 2638 161
2564 2 2 0 4 1307 2658 1305
2565 2 2 0 4 2418 3136 2563
2566 2 2 0 4 1088 3796 1089
2567 2 2 0 4 2619 3811 1593
2568 2 2 0 4 1692 3744 3089
2569 2 2 0 4 948 3423 2603
2570 2 2 0 4 2611 3052 706
2571 2 2 0 4 2493 3400 178
2572 2 2 0 4 1345 1495 1346
2573 2 2 0 4 1211 1212 1209
2574 2 2 0 4 1508 1509 1507
2575 2 2 0 4 2588 3086 1728
2576 2 2 0 4 3789 3790 2502
2577 2 2 0 4 2408 3681 3573
2578 2 2 0 4 2122 2517 2516
2579 2 2 0 4 71 2680 684
2580 2 2 0 4 2189 3511 3277
2581 2 2 0 4 1262 2313 1240
2582 2 2 0 4 1242 2154 1262
2583 2 2 0 4 1644 2148 1626
2584 2 2 0 4 1624 2226 1644
2585 2 2 0 4 1901 1902 1523
2586 2 2 0 4 2088 3410 3344
2587 2 2 0 4 2076 2077 2075
2588 2 2 0 4 1595 2310 2076
2589 2 2 0 4 72 2680 71
2590 2 2 0 4 3137 3727 695
2591 2 2 0 4 686 3496 2722
2592 2 2 0 4 901 904 902
2593 2 2 0 4 1978 2620 1572
2594 2 2 0 4 902 1923 899
2595 2 2 0 4 1917 2572 1978
2596 2 2 0 4 2258 2259 1598
2597 2 2 0 4 1608 1609 1607
2598 2 2 0 4 2020 3027 2646
2599 2 2 0 4 920 2782 2512
2600 2 2 0 4 858 3158 2013
2601 2 2 0 4 1582 2599 1584
2602 2 2 0 4 1721 3315 2551
2603 2 2 0 4 2069 3250 3018
2604 2 2 0 4 1337 3534 2591
2605 2 2 0 4 2512 3270 920
2606 2 2 0 4 1494 3105 2727
2607 2 2 0 4 2248 3677 3471
2608 2 2 0 4 3328 3349 1923
2609 2 2 0 4 830 3345 2631
2610 2 2 0 4 2621 3369 1885
2611 2 2 0 4 2707 3146 2246
2612 2 2 0 4 2945 3066 708
2613 2 2 0 4 66 694 65
2614 2 2 0 4 180 693 179
2615 2 2 0 4 57 692 56
2616 2 2 0 4 189 691 188
2617 2 2 0 4 2540 3676 975
2618 2 2 0 4 3203 3622 750
2619 2 2 0 4 694 3577 2633
2620 2 2 0 4 2044 2801 2597
2621 2 2 0 4 3232 3460 1678
2622 2 2 0 4 795 2623 2482
2623 2 2 0 4 1741 2703 1738
2624 2 2 0 4 95 3730 2946
2625 2 2 0 4 1888 3668 2238
2626 2 2 0 4 2535 3208 1171
2627 2 2 0 4 3191 3517 2147
2628 2 2 0 4 3133 3235 693
2629 2 2 0 4 1264 2524 1149
2630 2 2 0 4 1695 2525 1693
2631 2 2 0 4 1003 2526 1060
2632 2 2 0 4 3150 3758 1939
2633 2 2 0 4 3476 3505 2450
2634 2 2 0 4 2500 3173 1677
2635 2 2 0 4 1053 3122 1460
2636 2 2 0 4 2694 2724 854
2637 2 2 0 4 2962 3244 3214
2638 2 2 0 4 724 3506 2797
2639 2 2 0 4 1998 3422 1997
2640 2 2 0 4 180 2635 693
2641 2 2 0 4 57 2636 692
2642 2 2 0 4 691 2646 188
2643 2 2 0 4 151 3801 2554
2644 2 2 0 4 2004 3024 2628
2645 2 2 0 4 1101 2615 1103
2646 2 2 0 4 830 2631 2488
2647 2 2 0 4 2295 3747 1320
2648 2 2 0 4 752 3102 2415
2649 2 2 0 4 2644 3758 2294
2650 2 2 0 4 734 3169 2932
2651 2 2 0 4 2631 3345 2192
2652 2 2 0 4 1076 3308 1198
2653 2 2 0 4 3203 3586 2207
2654 2 2 0 4 813 2434 285
2655 2 2 0 4 824 2685 297
2656 2 2 0 4 962 2541 275
2657 2 2 0 4 972 2480 325
2658 2 2 0 4 244 2445 845
2659 2 2 0 4 299 2532 830
2660 2 2 0 4 330 2502 789
2661 2 2 0 4 290 2695 803
2662 2 2 0 4 975 2574 327
2663 2 2 0 4 317 2471 974
2664 2 2 0 4 815 2502 329
2665 2 2 0 4 298 2685 2532
2666 2 2 0 4 326 2480 975
2667 2 2 0 4 302 2479 829
2668 2 2 0 4 894 2508 261
2669 2 2 0 4 241 2605 840
2670 2 2 0 4 274 2449 962
2671 2 2 0 4 868 2503 251
2672 2 2 0 4 312 2547 952
2673 2 2 0 4 252 2503 924
2674 2 2 0 4 276 2541 941
2675 2 2 0 4 932 2449 273
2676 2 2 0 4 960 2471 316
2677 2 2 0 4 286 2434 795
2678 2 2 0 4 328 2574 815
2679 2 2 0 4 814 2695 289
2680 2 2 0 4 2466 3454 2467
2681 2 2 0 4 2558 2559 973
2682 2 2 0 4 2484 2485 971
2683 2 2 0 4 1943 3411 3061
2684 2 2 0 4 1977 3097 2559
2685 2 2 0 4 2504 2506 1479
2686 2 2 0 4 2518 3239 3114
2687 2 2 0 4 3310 3311 2324
2688 2 2 0 4 1663 2722 1635
2689 2 2 0 4 1219 2299 1151
2690 2 2 0 4 1563 2300 1282
2691 2 2 0 4 1465 2301 1146
2692 2 2 0 4 1555 2315 1266
2693 2 2 0 4 1094 2362 998
2694 2 2 0 4 1108 2523 1106
2695 2 2 0 4 3206 3749 3205
2696 2 2 0 4 2704 3688 2146
2697 2 2 0 4 263 3080 903
2698 2 2 0 4 2508 3080 262
2699 2 2 0 4 2680 2681 684
2700 2 2 0 4 1513 1514 1512
2701 2 2 0 4 1671 3155 1900
2702 2 2 0 4 732 3416 2842
2703 2 2 0 4 1618 1619 1617
2704 2 2 0 4 2533 3141 1527
2705 2 2 0 4 1062 3071 1061
2706 2 2 0 4 749 3054 2680
2707 2 2 0 4 2140 2627 1696
2708 2 2 0 4 2415 2565 686
2709 2 2 0 4 2282 3761 3120
2710 2 2 0 4 764 3338 3152
2711 2 2 0 4 117 2733 116
2712 2 2 0 4 2156 3829 2548
2713 2 2 0 4 941 3109 2474
2714 2 2 0 4 1919 2572 1917
2715 2 2 0 4 2046 2780 2048
2716 2 2 0 4 80 3566 2796
2717 2 2 0 4 2689 3409 2429
2718 2 2 0 4 2744 3122 3049
2719 2 2 0 4 1538 2594 1879
2720 2 2 0 4 1198 3383 3294
2721 2 2 0 4 3242 3514 2581
2722 2 2 0 4 3577 3746 2633
2723 2 2 0 4 1464 3791 2610
2724 2 2 0 4 1924 3515 2642
2725 2 2 0 4 3104 3766 2862
2726 2 2 0 4 3021 3022 205
2727 2 2 0 4 204 3022 724
2728 2 2 0 4 3084 3574 3083
2729 2 2 0 4 3642 3789 815
2730 2 2 0 4 2742 3067 1460
2731 2 2 0 4 2027 3114 2665
2732 2 2 0 4 2296 3233 2787
2733 2 2 0 4 1244 2154 1242
2734 2 2 0 4 1697 3188 1700
2735 2 2 0 4 3179 3564 774
2736 2 2 0 4 791 2706 788
2737 2 2 0 4 1985 3560 2609
2738 2 2 0 4 2006 3709 2567
2739 2 2 0 4 3046 3780 1215
2740 2 2 0 4 3201 3287 2257
2741 2 2 0 4 1736 3266 2553
2742 2 2 0 4 2619 3293 2180
2743 2 2 0 4 2067 2884 2881
2744 2 2 0 4 2563 3118 2417
2745 2 2 0 4 2805 3142 3025
2746 2 2 0 4 2610 3510 2356
2747 2 2 0 4 1353 3701 1096
2748 2 2 0 4 2698 3584 1263
2749 2 2 0 4 1467 3079 1226
2750 2 2 0 4 1090 3078 1059
2751 2 2 0 4 970 3076 984
2752 2 2 0 4 1179 3075 1038
2753 2 2 0 4 1478 3074 1197
2754 2 2 0 4 2151 3468 2983
2755 2 2 0 4 2617 3800 824
2756 2 2 0 4 2532 3710 3345
2757 2 2 0 4 2149 3539 2152
2758 2 2 0 4 2275 2721 2277
2759 2 2 0 4 845 3107 245
2760 2 2 0 4 1346 3141 1328
2761 2 2 0 4 1096 3657 1353
2762 2 2 0 4 3155 3192 1972
2763 2 2 0 4 1585 3746 2255
2764 2 2 0 4 749 2680 72
2765 2 2 0 4 1574 2702 1573
2766 2 2 0 4 2727 2931 1494
2767 2 2 0 4 2373 2727 2374
2768 2 2 0 4 2055 3105 2879
2769 2 2 0 4 51 2682 50
2770 2 2 0 4 921 3233 2674
2771 2 2 0 4 2519 3542 1127
2772 2 2 0 4 2585 3333 232
2773 2 2 0 4 2191 3247 2554
2774 2 2 0 4 2354 3363 2356
2775 2 2 0 4 853 2651 857
2776 2 2 0 4 2634 3651 2509
2777 2 2 0 4 976 2555 913
2778 2 2 0 4 3109 3257 2290
2779 2 2 0 4 698 3108 2811
2780 2 2 0 4 752 2415 177
2781 2 2 0 4 1072 3415 1086
2782 2 2 0 4 746 2417 54
2783 2 2 0 4 879 3323 2650
2784 2 2 0 4 2080 3375 1699
2785 2 2 0 4 2636 2643 692
2786 2 2 0 4 3318 3532 3317
2787 2 2 0 4 1857 2703 1741
2788 2 2 0 4 2393 3352 2023
2789 2 2 0 4 2518 3412 3239
2790 2 2 0 4 944 3085 942
2791 2 2 0 4 3303 3820 2713
2792 2 2 0 4 2701 2764 2663
2793 2 2 0 4 2645 2664 1020
2794 2 2 0 4 185 2683 184
2795 2 2 0 4 184 2665 183
2796 2 2 0 4 739 3582 2921
2797 2 2 0 4 2637 3664 3226
2798 2 2 0 4 1070 3545 2303
2799 2 2 0 4 2374 2639 2638
2800 2 2 0 4 2484 3768 3097
2801 2 2 0 4 3097 3768 2559
2802 2 2 0 4 2883 2885 2882
2803 2 2 0 4 1317 3069 1316
2804 2 2 0 4 1152 3061 1220
2805 2 2 0 4 2745 3275 74
2806 2 2 0 4 2252 3104 2862
2807 2 2 0 4 3049 3122 1486
2808 2 2 0 4 2818 2821 2580
2809 2 2 0 4 1551 2691 1444
2810 2 2 0 4 2352 3614 3464
2811 2 2 0 4 3289 3402 2134
2812 2 2 0 4 1625 3417 1623
2813 2 2 0 4 1224 3044 3043
2814 2 2 0 4 3205 3749 2161
2815 2 2 0 4 1889 3287 3201
2816 2 2 0 4 693 2493 179
2817 2 2 0 4 2850 3121 1897
2818 2 2 0 4 3083 3574 1668
2819 2 2 0 4 2606 3827 2345
2820 2 2 0 4 1315 2658 1307
2821 2 2 0 4 2432 3291 2433
2822 2 2 0 4 1675 3620 2487
2823 2 2 0 4 2672 2729 777
2824 2 2 0 4 1204 3220 1501
2825 2 2 0 4 1087 2714 1085
2826 2 2 0 4 742 3612 3020
2827 2 2 0 4 2300 3457 3325
2828 2 2 0 4 942 3085 957
2829 2 2 0 4 3608 3667 2446
2830 2 2 0 4 1203 3399 2095
2831 2 2 0 4 1738 2703 1737
2832 2 2 0 4 1528 3515 1924
2833 2 2 0 4 2324 3554 3310
2834 2 2 0 4 2734 2801 2042
2835 2 2 0 4 2383 3785 2556
2836 2 2 0 4 69 2583 2582
2837 2 2 0 4 1209 3113 1210
2838 2 2 0 4 1129 2686 1469
2839 2 2 0 4 3260 3289 2134
2840 2 2 0 4 2539 3663 3155
2841 2 2 0 4 2222 3806 1043
2842 2 2 0 4 2276 3497 2274
2843 2 2 0 4 966 3610 2302
2844 2 2 0 4 1016 3610 966
2845 2 2 0 4 2528 3460 3232
2846 2 2 0 4 1449 3061 1921
2847 2 2 0 4 2693 3742 2561
2848 2 2 0 4 2608 3334 748
2849 2 2 0 4 821 3056 817
2850 2 2 0 4 2832 3536 744
2851 2 2 0 4 1956 2630 1953
2852 2 2 0 4 1615 3121 1618
2853 2 2 0 4 116 2733 760
2854 2 2 0 4 743 2733 117
2855 2 2 0 4 1332 2684 1335
2856 2 2 0 4 2756 3204 3167
2857 2 2 0 4 2766 3279 2767
2858 2 2 0 4 2410 3817 1945
2859 2 2 0 4 84 2884 83
2860 2 2 0 4 2487 3825 1675
2861 2 2 0 4 2403 3356 3172
2862 2 2 0 4 1655 3348 3239
2863 2 2 0 4 1454 2690 1557
2864 2 2 0 4 2171 2690 1454
2865 2 2 0 4 1331 2684 1332
2866 2 2 0 4 2655 2656 2590
2867 2 2 0 4 2932 3343 734
2868 2 2 0 4 1042 2573 1054
2869 2 2 0 4 2511 3235 3133
2870 2 2 0 4 314 3765 3368
2871 2 2 0 4 1172 3146 1173
2872 2 2 0 4 714 2884 84
2873 2 2 0 4 696 3520 2368
2874 2 2 0 4 3278 3498 2137
2875 2 2 0 4 2659 2660 1973
2876 2 2 0 4 2541 3257 941
2877 2 2 0 4 2619 3329 1729
2878 2 2 0 4 3151 3652 763
2879 2 2 0 4 2705 3688 2704
2880 2 2 0 4 1231 2716 1233
2881 2 2 0 4 2565 3496 686
2882 2 2 0 4 813 2669 2435
2883 2 2 0 4 2622 2623 795
2884 2 2 0 4 2481 2642 2480
2885 2 2 0 4 878 3753 2225
2886 2 2 0 4 2336 2337 2054
2887 2 2 0 4 2053 2338 2335
2888 2 2 0 4 1482 1646 1467
2889 2 2 0 4 1466 2129 1481
2890 2 2 0 4 1481 1720 1480
2891 2 2 0 4 1704 2080 1701
2892 2 2 0 4 797 967 791
2893 2 2 0 4 793 794 792
2894 2 2 0 4 1705 1706 1703
2895 2 2 0 4 1041 1940 1719
2896 2 2 0 4 1093 1475 1090
2897 2 2 0 4 1092 1226 1091
2898 2 2 0 4 984 1058 1006
2899 2 2 0 4 985 987 986
2900 2 2 0 4 1604 2116 1319
2901 2 2 0 4 1601 2227 1603
2902 2 2 0 4 1602 1605 1604
2903 2 2 0 4 1181 1183 1179
2904 2 2 0 4 1180 1263 1181
2905 2 2 0 4 2136 2189 2137
2906 2 2 0 4 1300 1567 1302
2907 2 2 0 4 1302 1539 1301
2908 2 2 0 4 784 786 785
2909 2 2 0 4 785 2065 782
2910 2 2 0 4 1477 2064 1490
2911 2 2 0 4 1490 1910 1489
2912 2 2 0 4 1491 1492 1478
2913 2 2 0 4 1275 1276 1062
2914 2 2 0 4 1697 1699 1698
2915 2 2 0 4 1435 2146 1570
2916 2 2 0 4 1436 1566 1565
2917 2 2 0 4 1012 2399 2397
2918 2 2 0 4 2397 2404 2396
2919 2 2 0 4 1018 1019 1016
2920 2 2 0 4 1015 1671 1024
2921 2 2 0 4 1017 1020 1018
2922 2 2 0 4 2265 2266 2264
2923 2 2 0 4 1523 3659 2549
2924 2 2 0 4 1543 1908 1907
2925 2 2 0 4 2242 2243 2139
2926 2 2 0 4 69 3621 2583
2927 2 2 0 4 3055 3056 821
2928 2 2 0 4 2219 2752 2626
2929 2 2 0 4 3147 3284 3086
2930 2 2 0 4 1143 3044 1141
2931 2 2 0 4 2776 3824 3135
2932 2 2 0 4 2471 3339 974
2933 2 2 0 4 1085 2714 1265
2934 2 2 0 4 2428 2430 916
2935 2 2 0 4 2422 3197 2423
2936 2 2 0 4 2427 3159 2428
2937 2 2 0 4 1551 2728 2691
2938 2 2 0 4 2667 3414 2666
2939 2 2 0 4 690 3651 2634
2940 2 2 0 4 780 2700 781
2941 2 2 0 4 2425 3301 2671
2942 2 2 0 4 2633 3818 694
2943 2 2 0 4 1640 2684 1331
2944 2 2 0 4 2455 3695 3199
2945 2 2 0 4 1994 3065 1641
2946 2 2 0 4 2215 3650 2728
2947 2 2 0 4 2018 3237 2016
2948 2 2 0 4 2149 2152 2150
2949 2 2 0 4 1046 2700 780
2950 2 2 0 4 2569 2570 2400
2951 2 2 0 4 2709 3281 2546
2952 2 2 0 4 747 2752 2696
2953 2 2 0 4 1042 1054 1044
2954 2 2 0 4 1484 1485 1317
2955 2 2 0 4 1318 1569 1484
2956 2 2 0 4 1329 1673 1672
2957 2 2 0 4 1277 2016 2015
2958 2 2 0 4 2341 2343 2342
2959 2 2 0 4 2095 2096 1208
2960 2 2 0 4 861 862 858
2961 2 2 0 4 857 1668 861
2962 2 2 0 4 1064 1066 1065
2963 2 2 0 4 1519 2159 2157
2964 2 2 0 4 2350 2354 2352
2965 2 2 0 4 2352 2353 2351
2966 2 2 0 4 1285 3175 1318
2967 2 2 0 4 767 768 766
2968 2 2 0 4 1605 3092 2676
2969 2 2 0 4 2859 3784 2694
2970 2 2 0 4 3338 3693 3152
2971 2 2 0 4 1495 1496 1346
2972 2 2 0 4 1211 1213 1212
2973 2 2 0 4 2349 3272 2350
2974 2 2 0 4 2235 3632 3250
2975 2 2 0 4 2154 2155 1262
2976 2 2 0 4 1644 2151 2148
2977 2 2 0 4 1901 2296 1902
2978 2 2 0 4 2077 2078 2075
2979 2 2 0 4 2577 2720 2270
2980 2 2 0 4 904 906 902
2981 2 2 0 4 1978 2624 2620
2982 2 2 0 4 2259 2662 1598
2983 2 2 0 4 1609 1610 1607
2984 2 2 0 4 1608 2028 1609
2985 2 2 0 4 1348 2716 1231
2986 2 2 0 4 2635 3133 693
2987 2 2 0 4 1588 2723 1589
2988 2 2 0 4 2470 3314 3311
2989 2 2 0 4 2761 3644 2688
2990 2 2 0 4 3433 3744 1692
2991 2 2 0 4 2320 3635 2318
2992 2 2 0 4 2061 3635 2320
2993 2 2 0 4 2460 2556 2461
2994 2 2 0 4 2474 2476 2475
2995 2 2 0 4 2436 2632 2437
2996 2 2 0 4 2425 2671 2426
2997 2 2 0 4 2447 2616 2448
2998 2 2 0 4 3317 3532 1990
2999 2 2 0 4 1284 3126 1243
3000 2 2 0 4 1243 3126 1245
3001 2 2 0 4 2713 3690 2711
3002 2 2 0 4 956 3129 943
3003 2 2 0 4 943 3129 945
3004 2 2 0 4 2696 2752 2219
3005 2 2 0 4 3115 3645 3324
3006 2 2 0 4 731 3690 2713
3007 2 2 0 4 1095 2661 1269
3008 2 2 0 4 1308 2673 1311
3009 2 2 0 4 1927 2659 1973
3010 2 2 0 4 1444 2691 1216
3011 2 2 0 4 2484 2486 2485
3012 2 2 0 4 2490 2984 2492
3013 2 2 0 4 1899 3589 2286
3014 2 2 0 4 1513 1516 1514
3015 2 2 0 4 1618 1676 1619
3016 2 2 0 4 3003 3299 1097
3017 2 2 0 4 2561 3742 2113
3018 2 2 0 4 2696 2749 747
3019 2 2 0 4 2202 3231 3020
3020 2 2 0 4 232 3740 2585
3021 2 2 0 4 65 3098 64
3022 2 2 0 4 1100 3728 2072
3023 2 2 0 4 1841 2703 2629
3024 2 2 0 4 2034 3319 2332
3025 2 2 0 4 2000 2675 2510
3026 2 2 0 4 2076 3014 2077
3027 2 2 0 4 1970 2672 2145
3028 2 2 0 4 3135 3824 1479
3029 2 2 0 4 1737 2703 1841
3030 2 2 0 4 2615 3513 1280
3031 2 2 0 4 3126 3128 1283
3032 2 2 0 4 702 3766 3104
3033 2 2 0 4 1075 3067 1130
3034 2 2 0 4 2643 2644 692
3035 2 2 0 4 1664 2719 2306
3036 2 2 0 4 2372 2719 1664
3037 2 2 0 4 2288 3131 2661
3038 2 2 0 4 2624 3145 1316
3039 2 2 0 4 2039 2734 2042
3040 2 2 0 4 1357 3568 2584
3041 2 2 0 4 2113 3561 2561
3042 2 2 0 4 2374 2727 2639
3043 2 2 0 4 2583 3621 3134
3044 2 2 0 4 1434 3063 3062
3045 2 2 0 4 817 3056 810
3046 2 2 0 4 1570 2621 1436
3047 2 2 0 4 1029 3641 2550
3048 2 2 0 4 1542 3500 3176
3049 2 2 0 4 2794 3720 3143
3050 2 2 0 4 196 695 195
3051 2 2 0 4 50 750 49
3052 2 2 0 4 173 696 172
3053 2 2 0 4 73 749 72
3054 2 2 0 4 2710 2711 730
3055 2 2 0 4 2138 3498 3278
3056 2 2 0 4 1320 3747 1352
3057 2 2 0 4 1840 3336 1734
3058 2 2 0 4 3319 3586 2682
3059 2 2 0 4 2414 3357 1993
3060 2 2 0 4 1052 3147 1223
3061 2 2 0 4 2187 3022 3021
3062 2 2 0 4 2718 3682 2506
3063 2 2 0 4 1723 3763 2324
3064 2 2 0 4 1220 3061 1449
3065 2 2 0 4 958 3754 965
3066 2 2 0 4 694 3098 65
3067 2 2 0 4 2413 3681 3221
3068 2 2 0 4 2620 3723 1572
3069 2 2 0 4 3162 3755 2488
3070 2 2 0 4 2338 2339 2335
3071 2 2 0 4 2336 2540 2337
3072 2 2 0 4 1481 1721 1720
3073 2 2 0 4 1482 1886 1646
3074 2 2 0 4 1705 1707 1706
3075 2 2 0 4 967 2706 791
3076 2 2 0 4 797 968 967
3077 2 2 0 4 793 796 794
3078 2 2 0 4 1704 2081 2080
3079 2 2 0 4 1940 2627 1719
3080 2 2 0 4 1093 2056 1475
3081 2 2 0 4 1092 1227 1226
3082 2 2 0 4 987 988 986
3083 2 2 0 4 1058 1059 1006
3084 2 2 0 4 2227 2228 1603
3085 2 2 0 4 1604 2514 2116
3086 2 2 0 4 1181 1184 1183
3087 2 2 0 4 2136 2190 2189
3088 2 2 0 4 1567 1568 1302
3089 2 2 0 4 1539 2059 1301
3090 2 2 0 4 786 788 785
3091 2 2 0 4 1491 1493 1492
3092 2 2 0 4 1699 1712 1698
3093 2 2 0 4 1490 1933 1910
3094 2 2 0 4 1566 1883 1565
3095 2 2 0 4 1697 1700 1699
3096 2 2 0 4 1275 1322 1276
3097 2 2 0 4 2146 2429 1570
3098 2 2 0 4 2399 2400 2397
3099 2 2 0 4 1671 1900 1024
3100 2 2 0 4 1018 1021 1019
3101 2 2 0 4 2266 2268 2264
3102 2 2 0 4 2265 2267 2266
3103 2 2 0 4 1543 1909 1908
3104 2 2 0 4 1908 2141 1907
3105 2 2 0 4 2322 3546 2558
3106 2 2 0 4 2587 3264 905
3107 2 2 0 4 2152 2188 2150
3108 2 2 0 4 2717 2718 955
3109 2 2 0 4 1054 1055 1044
3110 2 2 0 4 1484 1587 1485
3111 2 2 0 4 1318 1645 1569
3112 2 2 0 4 1329 1674 1673
3113 2 2 0 4 1673 1675 1672
3114 2 2 0 4 1277 2017 2016
3115 2 2 0 4 2016 2551 2015
3116 2 2 0 4 861 1013 862
3117 2 2 0 4 2341 2347 2343
3118 2 2 0 4 2095 2097 2096
3119 2 2 0 4 2343 2344 2342
3120 2 2 0 4 1066 1067 1065
3121 2 2 0 4 857 2651 1668
3122 2 2 0 4 2354 2355 2352
3123 2 2 0 4 767 769 768
3124 2 2 0 4 1496 1527 1346
3125 2 2 0 4 1211 1215 1213
3126 2 2 0 4 1213 1214 1212
3127 2 2 0 4 2077 2587 2078
3128 2 2 0 4 2732 2735 1984
3129 2 2 0 4 2601 3579 2453
3130 2 2 0 4 904 907 906
3131 2 2 0 4 1609 1611 1610
3132 2 2 0 4 2476 2477 2475
3133 2 2 0 4 2126 3623 3071
3134 2 2 0 4 2584 3665 1357
3135 2 2 0 4 2215 2728 1553
3136 2 2 0 4 1553 2728 1551
3137 2 2 0 4 2602 3699 2459
3138 2 2 0 4 3236 3613 2435
3139 2 2 0 4 1499 2730 1273
3140 2 2 0 4 1863 2735 2732
3141 2 2 0 4 2486 2609 2485
3142 2 2 0 4 2726 3082 787
3143 2 2 0 4 1731 2707 1736
3144 2 2 0 4 1217 3365 1443
3145 2 2 0 4 1513 1536 1516
3146 2 2 0 4 1516 1517 1514
3147 2 2 0 4 1618 2117 1676
3148 2 2 0 4 3208 3351 1643
3149 2 2 0 4 1984 2735 2637
3150 2 2 0 4 2607 3560 2232
3151 2 2 0 4 1247 3367 1250
3152 2 2 0 4 1840 3715 3336
3153 2 2 0 4 1727 2765 2747
3154 2 2 0 4 1499 2731 2730
3155 2 2 0 4 47 3018 719
3156 2 2 0 4 765 3807 67
3157 2 2 0 4 949 2717 955
3158 2 2 0 4 1338 2504 1340
3159 2 2 0 4 1745 3012 2783
3160 2 2 0 4 48 3018 47
3161 2 2 0 4 859 2724 1079
3162 2 2 0 4 2710 2712 2711
3163 2 2 0 4 2035 3101 2641
3164 2 2 0 4 1167 3779 1170
3165 2 2 0 4 2741 2746 2737
3166 2 2 0 4 2747 2765 2746
3167 2 2 0 4 2732 3012 1863
3168 2 2 0 4 1273 2730 1131
3169 2 2 0 4 2753 3012 1745
3170 2 2 0 4 2270 2720 2272
3171 2 2 0 4 1639 2723 1588
3172 2 2 0 4 1702 3096 1705
3173 2 2 0 4 1089 3095 1092
3174 2 2 0 4 2811 3276 698
3175 2 2 0 4 2733 3149 2536
3176 2 2 0 4 743 3149 2733
3177 2 2 0 4 1886 2593 1646
3178 2 2 0 4 2081 2083 2080
3179 2 2 0 4 1707 1887 1706
3180 2 2 0 4 968 969 967
3181 2 2 0 4 796 798 794
3182 2 2 0 4 1705 1708 1707
3183 2 2 0 4 1092 1228 1227
3184 2 2 0 4 2056 2057 1475
3185 2 2 0 4 1058 1088 1059
3186 2 2 0 4 987 989 988
3187 2 2 0 4 2228 2229 1603
3188 2 2 0 4 2227 2698 2228
3189 2 2 0 4 1184 1185 1183
3190 2 2 0 4 1567 1958 1568
3191 2 2 0 4 1539 2060 2059
3192 2 2 0 4 1566 1884 1883
3193 2 2 0 4 1712 2102 1698
3194 2 2 0 4 1493 1988 1492
3195 2 2 0 4 1883 2101 1565
3196 2 2 0 4 1322 1323 1276
3197 2 2 0 4 1275 1561 1322
3198 2 2 0 4 1491 1979 1493
3199 2 2 0 4 2399 2401 2400
3200 2 2 0 4 1021 1022 1019
3201 2 2 0 4 2265 2269 2267
3202 2 2 0 4 2141 2143 1907
3203 2 2 0 4 3489 3525 2291
3204 2 2 0 4 2741 2747 2746
3205 2 2 0 4 701 3144 2919
3206 2 2 0 4 2188 2208 2150
3207 2 2 0 4 1055 1056 1044
3208 2 2 0 4 1645 1928 1569
3209 2 2 0 4 1587 1588 1485
3210 2 2 0 4 2551 3116 2015
3211 2 2 0 4 2017 2018 2016
3212 2 2 0 4 1066 1068 1067
3213 2 2 0 4 2097 2118 2096
3214 2 2 0 4 2344 2345 2342
3215 2 2 0 4 2651 3083 1668
3216 2 2 0 4 2354 2356 2355
3217 2 2 0 4 767 1591 769
3218 2 2 0 4 769 770 768
3219 2 2 0 4 2783 3012 2732
3220 2 2 0 4 1496 1528 1527
3221 2 2 0 4 1214 1287 1212
3222 2 2 0 4 2737 2746 2736
3223 2 2 0 4 2587 3351 2078
3224 2 2 0 4 907 908 906
3225 2 2 0 4 1611 1612 1610
3226 2 2 0 4 1742 2753 1745
3227 2 2 0 4 2476 2676 2477
3228 2 2 0 4 1583 3072 1356
3229 2 2 0 4 1274 2736 1297
3230 2 2 0 4 2038 3372 2036
3231 2 2 0 4 2609 3560 2485
3232 2 2 0 4 1516 1518 1517
3233 2 2 0 4 2736 2746 1297
3234 2 2 0 4 1499 2755 2731
3235 2 2 0 4 3206 3484 1957
3236 2 2 0 4 1740 2753 1742
3237 2 2 0 4 2712 2713 2711
3238 2 2 0 4 2296 2787 2785
3239 2 2 0 4 1132 2736 1274
3240 2 2 0 4 1107 2754 1281
3241 2 2 0 4 2593 2613 1646
3242 2 2 0 4 1887 1888 1706
3243 2 2 0 4 2081 2084 2083
3244 2 2 0 4 1708 1709 1707
3245 2 2 0 4 968 970 969
3246 2 2 0 4 796 799 798
3247 2 2 0 4 1228 1229 1227
3248 2 2 0 4 2057 2058 1475
3249 2 2 0 4 1058 2026 1088
3250 2 2 0 4 989 990 988
3251 2 2 0 4 1184 1186 1185
3252 2 2 0 4 1185 1358 1183
3253 2 2 0 4 1958 1959 1568
3254 2 2 0 4 1988 1989 1492
3255 2 2 0 4 1884 1944 1883
3256 2 2 0 4 1979 1980 1493
3257 2 2 0 4 1712 2103 2102
3258 2 2 0 4 1322 1325 1323
3259 2 2 0 4 2399 3355 2401
3260 2 2 0 4 2401 2402 2400
3261 2 2 0 4 1021 1023 1022
3262 2 2 0 4 2269 2270 2267
3263 2 2 0 4 2741 2748 2747
3264 2 2 0 4 1055 1057 1056
3265 2 2 0 4 1588 1589 1485
3266 2 2 0 4 1645 1929 1928
3267 2 2 0 4 1587 1590 1588
3268 2 2 0 4 2017 2019 2018
3269 2 2 0 4 1066 1175 1068
3270 2 2 0 4 2344 2346 2345
3271 2 2 0 4 2097 2119 2118
3272 2 2 0 4 1068 1069 1067
3273 2 2 0 4 769 771 770
3274 2 2 0 4 770 777 768
3275 2 2 0 4 1496 1647 1528
3276 2 2 0 4 1528 1924 1527
3277 2 2 0 4 2755 2768 2210
3278 2 2 0 4 1499 2768 2755
3279 2 2 0 4 908 927 906
3280 2 2 0 4 907 909 908
3281 2 2 0 4 1611 1613 1612
3282 2 2 0 4 3062 3063 2885
3283 2 2 0 4 2476 2677 2676
3284 2 2 0 4 2241 3343 2932
3285 2 2 0 4 1518 1558 1517
3286 2 2 0 4 1105 2754 1107
3287 2 2 0 4 2755 2756 2731
3288 2 2 0 4 2746 2765 1297
3289 2 2 0 4 1253 2759 1461
3290 2 2 0 4 2081 2085 2084
3291 2 2 0 4 1708 1710 1709
3292 2 2 0 4 796 1157 799
3293 2 2 0 4 970 982 969
3294 2 2 0 4 799 800 798
3295 2 2 0 4 2057 2144 2058
3296 2 2 0 4 1228 1230 1229
3297 2 2 0 4 989 991 990
3298 2 2 0 4 1184 1187 1186
3299 2 2 0 4 1959 1960 1568
3300 2 2 0 4 1988 2705 1989
3301 2 2 0 4 2103 2550 2102
3302 2 2 0 4 1884 1945 1944
3303 2 2 0 4 2401 2403 2402
3304 2 2 0 4 1023 1025 1022
3305 2 2 0 4 2269 2577 2270
3306 2 2 0 4 2270 2271 2267
3307 2 2 0 4 1679 2773 2765
3308 2 2 0 4 1057 1076 1056
3309 2 2 0 4 1645 2560 1929
3310 2 2 0 4 1590 1639 1588
3311 2 2 0 4 2017 2024 2019
3312 2 2 0 4 2119 2120 2118
3313 2 2 0 4 1068 1070 1069
3314 2 2 0 4 771 772 770
3315 2 2 0 4 907 1359 909
3316 2 2 0 4 909 910 908
3317 2 2 0 4 1613 1614 1612
3318 2 2 0 4 1611 1897 1613
3319 2 2 0 4 2170 3488 2861
3320 2 2 0 4 1753 2753 1740
3321 2 2 0 4 1518 1559 1558
3322 2 2 0 4 1679 2765 1727
3323 2 2 0 4 1251 2759 1253
3324 2 2 0 4 2765 2773 1297
3325 2 2 0 4 2756 2757 2731
3326 2 2 0 4 864 2758 923
3327 2 2 0 4 2237 2781 2760
3328 2 2 0 4 2763 2781 2237
3329 2 2 0 4 2085 2086 2084
3330 2 2 0 4 799 801 800
3331 2 2 0 4 1708 1716 1710
3332 2 2 0 4 982 1225 969
3333 2 2 0 4 1710 1711 1709
3334 2 2 0 4 1230 1231 1229
3335 2 2 0 4 991 992 990
3336 2 2 0 4 989 1011 991
3337 2 2 0 4 1187 1188 1186
3338 2 2 0 4 1945 1946 1944
3339 2 2 0 4 1959 1961 1960
3340 2 2 0 4 2403 2405 2402
3341 2 2 0 4 1023 1026 1025
3342 2 2 0 4 1025 1036 1022
3343 2 2 0 4 2270 2272 2271
3344 2 2 0 4 1057 1077 1076
3345 2 2 0 4 1076 1198 1056
3346 2 2 0 4 2024 2025 2019
3347 2 2 0 4 2119 2121 2120
3348 2 2 0 4 1070 1071 1069
3349 2 2 0 4 771 773 772
3350 2 2 0 4 909 912 910
3351 2 2 0 4 1613 1615 1614
3352 2 2 0 4 1858 2763 2237
3353 2 2 0 4 1656 2768 1290
3354 2 2 0 4 1862 2761 2688
3355 2 2 0 4 1518 1661 1559
3356 2 2 0 4 1743 2763 1858
3357 2 2 0 4 2210 2768 1656
3358 2 2 0 4 1290 2768 1288
3359 2 2 0 4 1855 2761 1862
3360 2 2 0 4 982 1320 1225
3361 2 2 0 4 2085 2088 2086
3362 2 2 0 4 1711 1713 1709
3363 2 2 0 4 801 802 800
3364 2 2 0 4 1230 1348 1231
3365 2 2 0 4 1231 1232 1229
3366 2 2 0 4 991 993 992
3367 2 2 0 4 1188 1189 1186
3368 2 2 0 4 1959 1962 1961
3369 2 2 0 4 1023 1027 1026
3370 2 2 0 4 2403 2562 2405
3371 2 2 0 4 1025 1037 1036
3372 2 2 0 4 1945 1947 1946
3373 2 2 0 4 1077 1081 1076
3374 2 2 0 4 1071 1073 1069
3375 2 2 0 4 2121 2122 2120
3376 2 2 0 4 1070 1072 1071
3377 2 2 0 4 773 774 772
3378 2 2 0 4 771 1357 773
3379 2 2 0 4 871 2764 922
3380 2 2 0 4 912 913 910
3381 2 2 0 4 1291 2773 1363
3382 2 2 0 4 2762 2764 869
3383 2 2 0 4 1661 1662 1559
3384 2 2 0 4 869 2764 871
3385 2 2 0 4 866 2762 869
3386 2 2 0 4 1363 2773 1679
3387 2 2 0 4 1289 2773 1291
3388 2 2 0 4 1711 1714 1713
3389 2 2 0 4 2088 2089 2086
3390 2 2 0 4 2085 2104 2088
3391 2 2 0 4 1320 1351 1225
3392 2 2 0 4 801 804 802
3393 2 2 0 4 1231 1233 1232
3394 2 2 0 4 1230 1445 1348
3395 2 2 0 4 993 994 992
3396 2 2 0 4 1188 1190 1189
3397 2 2 0 4 1027 1028 1026
3398 2 2 0 4 1947 1948 1946
3399 2 2 0 4 1037 1038 1036
3400 2 2 0 4 1962 1963 1961
3401 2 2 0 4 1077 1082 1081
3402 2 2 0 4 1072 1080 1071
3403 2 2 0 4 773 775 774
3404 2 2 0 4 912 914 913
3405 2 2 0 4 1744 2763 1743
3406 2 2 0 4 1260 2772 1470
3407 2 2 0 4 1662 2062 1559
3408 2 2 0 4 2770 2772 1260
3409 2 2 0 4 1257 2770 1260
3410 2 2 0 4 1711 1715 1714
3411 2 2 0 4 2089 2090 2086
3412 2 2 0 4 801 806 804
3413 2 2 0 4 1351 3060 1225
3414 2 2 0 4 1320 1352 1351
3415 2 2 0 4 804 805 802
3416 2 2 0 4 993 995 994
3417 2 2 0 4 1947 1949 1948
3418 2 2 0 4 1190 1191 1189
3419 2 2 0 4 1027 1031 1028
3420 2 2 0 4 1962 1964 1963
3421 2 2 0 4 1028 1029 1026
3422 2 2 0 4 1038 1593 1036
3423 2 2 0 4 1077 1349 1082
3424 2 2 0 4 1082 1096 1081
3425 2 2 0 4 1072 1085 1080
3426 2 2 0 4 775 776 774
3427 2 2 0 4 912 917 914
3428 2 2 0 4 914 915 913
3429 2 2 0 4 1749 2783 1835
3430 2 2 0 4 1255 2770 1257
3431 2 2 0 4 1835 2783 2732
3432 2 2 0 4 2774 2799 1941
3433 2 2 0 4 2778 2799 2774
3434 2 2 0 4 1746 2783 1749
3435 2 2 0 4 1715 1717 1714
3436 2 2 0 4 2089 2091 2090
3437 2 2 0 4 804 807 805
3438 2 2 0 4 995 996 994
3439 2 2 0 4 1949 1950 1948
3440 2 2 0 4 1191 1350 1189
3441 2 2 0 4 1190 1192 1191
3442 2 2 0 4 1964 1965 1963
3443 2 2 0 4 1031 1199 1028
3444 2 2 0 4 2781 2790 1864
3445 2 2 0 4 1082 1097 1096
3446 2 2 0 4 1085 1265 1080
3447 2 2 0 4 1072 1086 1085
3448 2 2 0 4 775 778 776
3449 2 2 0 4 914 918 915
3450 2 2 0 4 1657 2778 2774
3451 2 2 0 4 2760 2781 1864
3452 2 2 0 4 1935 2777 2775
3453 2 2 0 4 1361 2778 1657
3454 2 2 0 4 1747 2790 2781
3455 2 2 0 4 1114 2779 1154
3456 2 2 0 4 2775 2776 2292
3457 2 2 0 4 1715 2011 1717
3458 2 2 0 4 2091 2094 2090
3459 2 2 0 4 807 808 805
3460 2 2 0 4 1717 1723 1714
3461 2 2 0 4 2089 2092 2091
3462 2 2 0 4 995 1000 996
3463 2 2 0 4 1964 1966 1965
3464 2 2 0 4 1950 2170 1948
3465 2 2 0 4 1949 1951 1950
3466 2 2 0 4 1031 1200 1199
3467 2 2 0 4 1190 1193 1192
3468 2 2 0 4 1086 1087 1085
3469 2 2 0 4 778 779 776
3470 2 2 0 4 918 919 915
3471 2 2 0 4 1936 2775 2292
3472 2 2 0 4 1112 2779 1114
3473 2 2 0 4 2094 2111 2090
3474 2 2 0 4 807 809 808
3475 2 2 0 4 1715 2110 2011
3476 2 2 0 4 1717 1724 1723
3477 2 2 0 4 2092 2093 2091
3478 2 2 0 4 1200 1439 1199
3479 2 2 0 4 1951 1952 1950
3480 2 2 0 4 1193 1194 1192
3481 2 2 0 4 1966 1967 1965
3482 2 2 0 4 1031 1201 1200
3483 2 2 0 4 1964 2124 1966
3484 2 2 0 4 995 1001 1000
3485 2 2 0 4 778 780 779
3486 2 2 0 4 918 925 919
3487 2 2 0 4 1362 2778 1361
3488 2 2 0 4 1748 2790 1747
3489 2 2 0 4 2012 2786 2784
3490 2 2 0 4 1896 2797 2788
3491 2 2 0 4 2784 2786 1681
3492 2 2 0 4 2788 2977 1896
3493 2 2 0 4 809 810 808
3494 2 2 0 4 2124 2125 1966
3495 2 2 0 4 1194 1296 1192
3496 2 2 0 4 1951 1953 1952
3497 2 2 0 4 1193 1195 1194
3498 2 2 0 4 1439 1440 1199
3499 2 2 0 4 1001 1002 1000
3500 2 2 0 4 1201 1202 1200
3501 2 2 0 4 1967 1977 1965
3502 2 2 0 4 2786 2792 1681
3503 2 2 0 4 778 980 780
3504 2 2 0 4 780 781 779
3505 2 2 0 4 877 2787 921
3506 2 2 0 4 1896 2977 2789
3507 2 2 0 4 925 926 919
3508 2 2 0 4 1752 2789 1756
3509 2 2 0 4 1196 2982 1194
3510 2 2 0 4 2792 2856 1366
3511 2 2 0 4 2785 2787 875
3512 2 2 0 4 875 2787 877
3513 2 2 0 4 1750 2789 1752
3514 2 2 0 4 873 2785 875
3515 2 2 0 4 2786 2856 2792
3516 2 2 0 4 2789 2977 1756
3517 2 2 0 4 1364 2792 1366
3518 2 2 0 4 809 816 810
3519 2 2 0 4 1201 1203 1202
3520 2 2 0 4 1001 1003 1002
3521 2 2 0 4 1195 1196 1194
3522 2 2 0 4 1439 1468 1440
3523 2 2 0 4 1967 2487 1977
3524 2 2 0 4 980 1046 780
3525 2 2 0 4 925 928 926
3526 2 2 0 4 1864 2790 1826
3527 2 2 0 4 1535 2799 1367
3528 2 2 0 4 1941 2799 1535
3529 2 2 0 4 1194 2982 1296
3530 2 2 0 4 1367 2799 1365
3531 2 2 0 4 1681 2792 1432
3532 2 2 0 4 1826 2790 1751
3533 2 2 0 4 1118 2791 1124
3534 2 2 0 4 1201 1564 1203
3535 2 2 0 4 1195 1197 1196
3536 2 2 0 4 1003 1004 1002
3537 2 2 0 4 809 818 816
3538 2 2 0 4 816 817 810
3539 2 2 0 4 1468 1573 1440
3540 2 2 0 4 1203 1204 1202
3541 2 2 0 4 980 1047 1046
3542 2 2 0 4 928 929 926
3543 2 2 0 4 1831 2789 1750
3544 2 2 0 4 1116 2791 1118
3545 2 2 0 4 1756 2977 2864
3546 2 2 0 4 2545 2798 2793
3547 2 2 0 4 1852 2798 2545
3548 2 2 0 4 1003 1007 1004
3549 2 2 0 4 1197 1286 1196
3550 2 2 0 4 816 819 817
3551 2 2 0 4 1468 1574 1573
3552 2 2 0 4 1004 1005 1002
3553 2 2 0 4 1204 1501 1202
3554 2 2 0 4 1573 1693 1440
3555 2 2 0 4 1852 2807 2798
3556 2 2 0 4 980 1156 1047
3557 2 2 0 4 929 931 926
3558 2 2 0 4 2795 2796 1934
3559 2 2 0 4 1754 2807 1852
3560 2 2 0 4 1680 2795 1934
3561 2 2 0 4 1895 2797 1896
3562 2 2 0 4 1286 1453 1196
3563 2 2 0 4 1573 1694 1693
3564 2 2 0 4 1004 1008 1005
3565 2 2 0 4 819 820 817
3566 2 2 0 4 929 933 931
3567 2 2 0 4 2803 2931 2373
3568 2 2 0 4 1286 1454 1453
3569 2 2 0 4 820 821 817
3570 2 2 0 4 1008 1009 1005
3571 2 2 0 4 1599 2803 2373
3572 2 2 0 4 933 934 931
3573 2 2 0 4 1755 2807 1754
3574 2 2 0 4 1366 2856 1368
3575 2 2 0 4 1369 2803 1599
3576 2 2 0 4 2824 2929 2895
3577 2 2 0 4 1431 2834 2831
3578 2 2 0 4 2251 2855 2802
3579 2 2 0 4 1431 2831 2830
3580 2 2 0 4 1882 2835 2833
3581 2 2 0 4 2804 2876 1455
3582 2 2 0 4 1286 2171 1454
3583 2 2 0 4 1455 2939 2915
3584 2 2 0 4 820 822 821
3585 2 2 0 4 1906 2965 1848
3586 2 2 0 4 1008 1033 1009
3587 2 2 0 4 1685 2829 2812
3588 2 2 0 4 2915 2939 1987
3589 2 2 0 4 1454 1556 1453
3590 2 2 0 4 2812 2928 1685
3591 2 2 0 4 2813 2823 2814
3592 2 2 0 4 1455 2915 2804
3593 2 2 0 4 2830 2838 1431
3594 2 2 0 4 1433 2823 2813
3595 2 2 0 4 2376 2836 1881
3596 2 2 0 4 2823 2929 2824
3597 2 2 0 4 1430 2834 1431
3598 2 2 0 4 2896 2901 1801
3599 2 2 0 4 933 935 934
3600 2 2 0 4 2942 2964 2033
3601 2 2 0 4 2839 2896 1801
3602 2 2 0 4 1428 2838 1427
3603 2 2 0 4 2833 2834 1882
3604 2 2 0 4 1760 2864 1838
3605 2 2 0 4 2802 2855 1926
3606 2 2 0 4 2896 2897 2173
3607 2 2 0 4 2806 2868 1393
3608 2 2 0 4 2866 2959 2196
3609 2 2 0 4 1926 2855 1837
3610 2 2 0 4 1881 2836 1882
3611 2 2 0 4 1442 2853 1417
3612 2 2 0 4 1433 2936 1411
3613 2 2 0 4 1423 2918 1425
3614 2 2 0 4 1431 2838 1428
3615 2 2 0 4 2831 2834 2833
3616 2 2 0 4 2196 2959 2100
3617 2 2 0 4 1540 2834 1430
3618 2 2 0 4 1798 2839 1801
3619 2 2 0 4 2823 2824 2814
3620 2 2 0 4 1455 2876 1408
3621 2 2 0 4 2845 2961 2285
3622 2 2 0 4 1426 2828 2808
3623 2 2 0 4 2809 2829 2808
3624 2 2 0 4 2808 2829 1426
3625 2 2 0 4 2812 2829 2809
3626 2 2 0 4 1418 2967 2955
3627 2 2 0 4 1876 2949 2941
3628 2 2 0 4 1838 2864 2186
3629 2 2 0 4 2173 2901 2896
3630 2 2 0 4 1419 2828 1421
3631 2 2 0 4 1789 2869 1867
3632 2 2 0 4 2807 2908 2798
3633 2 2 0 4 1865 2855 2251
3634 2 2 0 4 2916 2934 2106
3635 2 2 0 4 2806 2961 2845
3636 2 2 0 4 2240 2876 2804
3637 2 2 0 4 1796 2839 1798
3638 2 2 0 4 1876 2941 1791
3639 2 2 0 4 2813 2936 1433
3640 2 2 0 4 1877 2916 2106
3641 2 2 0 4 1409 2822 1433
3642 2 2 0 4 1684 2853 1442
3643 2 2 0 4 1987 2939 1596
3644 2 2 0 4 2822 2823 1433
3645 2 2 0 4 1837 2854 1813
3646 2 2 0 4 1427 2838 1654
3647 2 2 0 4 820 851 822
3648 2 2 0 4 1425 2918 1429
3649 2 2 0 4 1837 2855 2854
3650 2 2 0 4 1823 2940 2841
3651 2 2 0 4 2910 2920 1869
3652 2 2 0 4 1126 1133 1128
3653 2 2 0 4 1148 1149 1145
3654 2 2 0 4 1421 2828 1426
3655 2 2 0 4 1556 1691 1453
3656 2 2 0 4 851 2963 822
3657 2 2 0 4 2389 2908 2051
3658 2 2 0 4 1370 2803 1369
3659 2 2 0 4 1408 2876 1406
3660 2 2 0 4 1848 2965 1821
3661 2 2 0 4 825 1155 827
3662 2 2 0 4 831 848 833
3663 2 2 0 4 844 2694 850
3664 2 2 0 4 1155 2847 2846
3665 2 2 0 4 1823 2841 2815
3666 2 2 0 4 827 2846 831
3667 2 2 0 4 833 2851 835
3668 2 2 0 4 1549 2925 1400
3669 2 2 0 4 1772 2907 2878
3670 2 2 0 4 1757 2864 1760
3671 2 2 0 4 2872 2907 1772
3672 2 2 0 4 841 2407 838
3673 2 2 0 4 846 2408 2407
3674 2 2 0 4 2846 2860 848
3675 2 2 0 4 2285 2962 2845
3676 2 2 0 4 1121 2800 1125
3677 2 2 0 4 1686 2868 2806
3678 2 2 0 4 2284 2961 2951
3679 2 2 0 4 1859 2964 2942
3680 2 2 0 4 835 839 838
3681 2 2 0 4 1806 2913 1808
3682 2 2 0 4 1786 2869 1789
3683 2 2 0 4 1530 2856 2786
3684 2 2 0 4 1133 2954 1134
3685 2 2 0 4 1139 2861 1136
3686 2 2 0 4 2841 2940 2843
3687 2 2 0 4 1400 2925 1398
3688 2 2 0 4 1409 1411 1410
3689 2 2 0 4 1454 1557 1556
3690 2 2 0 4 2212 2926 1850
3691 2 2 0 4 1819 2865 1816
3692 2 2 0 4 1860 2921 2912
3693 2 2 0 4 2824 2825 2814
3694 2 2 0 4 2033 2964 2953
3695 2 2 0 4 963 2692 935
3696 2 2 0 4 2174 2921 1860
3697 2 2 0 4 822 823 821
3698 2 2 0 4 2312 2923 2887
3699 2 2 0 4 1429 1685 1487
3700 2 2 0 4 1411 2936 1413
3701 2 2 0 4 1833 2877 1762
3702 2 2 0 4 1819 2866 2865
3703 2 2 0 4 2902 2937 1660
3704 2 2 0 4 1867 2869 2815
3705 2 2 0 4 1393 2868 1390
3706 2 2 0 4 2955 2967 2184
3707 2 2 0 4 1121 1122 1119
3708 2 2 0 4 2798 2908 2389
3709 2 2 0 4 1869 2920 2889
3710 2 2 0 4 1766 2914 2911
3711 2 2 0 4 1685 2928 1487
3712 2 2 0 4 1381 2923 1600
3713 2 2 0 4 2195 2817 2580
3714 2 2 0 4 1808 2913 1811
3715 2 2 0 4 2815 2869 1823
3716 2 2 0 4 1423 1425 1424
3717 2 2 0 4 2195 2196 2100
3718 2 2 0 4 825 827 826
3719 2 2 0 4 827 831 828
3720 2 2 0 4 1155 2846 827
3721 2 2 0 4 831 833 832
3722 2 2 0 4 833 835 834
3723 2 2 0 4 848 2851 833
3724 2 2 0 4 839 842 841
3725 2 2 0 4 846 2407 841
3726 2 2 0 4 842 844 843
3727 2 2 0 4 844 850 849
3728 2 2 0 4 1397 2893 1399
3729 2 2 0 4 1487 2928 1880
3730 2 2 0 4 1578 2826 2112
3731 2 2 0 4 1975 2329 1684
3732 2 2 0 4 1827 2889 1807
3733 2 2 0 4 1437 2893 1397
3734 2 2 0 4 890 891 889
3735 2 2 0 4 1785 2870 1782
3736 2 2 0 4 1904 2536 1903
3737 2 2 0 4 1873 2912 2201
3738 2 2 0 4 2843 2940 1872
3739 2 2 0 4 1416 1442 1417
3740 2 2 0 4 2917 2927 2031
3741 2 2 0 4 1682 1683 1442
3742 2 2 0 4 1303 3379 1142
3743 2 2 0 4 2051 2877 1833
3744 2 2 0 4 1819 2959 2866
3745 2 2 0 4 2199 2920 2910
3746 2 2 0 4 887 888 885
3747 2 2 0 4 890 892 891
3748 2 2 0 4 2099 2194 2100
3749 2 2 0 4 1390 2868 1392
3750 2 2 0 4 2233 2894 1580
3751 2 2 0 4 2697 2750 2749
3752 2 2 0 4 1374 2886 1434
3753 2 2 0 4 1758 2908 2807
3754 2 2 0 4 1807 2889 1804
3755 2 2 0 4 2865 2866 2205
3756 2 2 0 4 1125 1126 1122
3757 2 2 0 4 1137 1138 1136
3758 2 2 0 4 1138 1140 1139
3759 2 2 0 4 1147 1295 1148
3760 2 2 0 4 1802 2901 1805
3761 2 2 0 4 1779 2909 1776
3762 2 2 0 4 1488 1578 1459
3763 2 2 0 4 1801 2901 1802
3764 2 2 0 4 1488 2917 2031
3765 2 2 0 4 2943 2960 1851
3766 2 2 0 4 888 890 889
3767 2 2 0 4 1389 1476 1387
3768 2 2 0 4 1811 2913 1873
3769 2 2 0 4 1871 2858 2030
3770 2 2 0 4 1660 2191 2165
3771 2 2 0 4 1411 1413 1412
3772 2 2 0 4 1427 1654 1653
3773 2 2 0 4 1126 1128 1127
3774 2 2 0 4 1133 1134 1128
3775 2 2 0 4 1142 1144 1143
3776 2 2 0 4 1144 1147 1145
3777 2 2 0 4 1150 1548 1547
3778 2 2 0 4 1576 2240 2239
3779 2 2 0 4 1763 2914 1766
3780 2 2 0 4 2051 2908 2877
3781 2 2 0 4 2826 2827 2112
3782 2 2 0 4 2331 2810 2809
3783 2 2 0 4 1683 1975 1684
3784 2 2 0 4 1811 1873 1825
3785 2 2 0 4 2252 2862 1866
3786 2 2 0 4 1772 2878 1769
3787 2 2 0 4 1844 2901 2173
3788 2 2 0 4 1881 1882 1540
3789 2 2 0 4 2925 2937 2902
3790 2 2 0 4 1426 2918 1423
3791 2 2 0 4 1579 2944 1459
3792 2 2 0 4 1576 2239 1652
3793 2 2 0 4 1155 2848 2847
3794 2 2 0 4 2912 2921 2201
3795 2 2 0 4 1859 2029 1846
3796 2 2 0 4 1580 1648 1500
3797 2 2 0 4 1762 2877 1759
3798 2 2 0 4 1845 2865 2205
3799 2 2 0 4 2911 2914 2003
3800 2 2 0 4 2285 2961 2284
3801 2 2 0 4 1488 1981 1578
3802 2 2 0 4 2206 2802 1926
3803 2 2 0 4 1487 1880 1540
3804 2 2 0 4 2055 2879 1592
3805 2 2 0 4 1134 1136 1135
3806 2 2 0 4 1925 2925 1549
3807 2 2 0 4 1576 2875 2240
3808 2 2 0 4 1877 2105 1876
3809 2 2 0 4 831 2846 848
3810 2 2 0 4 833 834 832
3811 2 2 0 4 844 2859 2694
3812 2 2 0 4 1824 2839 1796
3813 2 2 0 4 2854 2855 1865
3814 2 2 0 4 1393 2961 2806
3815 2 2 0 4 1421 1422 1420
3816 2 2 0 4 1765 2904 1764
3817 2 2 0 4 1814 1815 1813
3818 2 2 0 4 1399 1400 1398
3819 2 2 0 4 1404 1405 1403
3820 2 2 0 4 1685 2918 2829
3821 2 2 0 4 1811 1812 1810
3822 2 2 0 4 1846 1847 1821
3823 2 2 0 4 1836 2870 1785
3824 2 2 0 4 882 883 881
3825 2 2 0 4 892 896 893
3826 2 2 0 4 1809 2854 1865
3827 2 2 0 4 2199 2513 2198
3828 2 2 0 4 1401 1403 1402
3829 2 2 0 4 1429 2918 1685
3830 2 2 0 4 1793 1877 1876
3831 2 2 0 4 2219 2626 2217
3832 2 2 0 4 1148 2922 1150
3833 2 2 0 4 1769 2878 1771
3834 2 2 0 4 1429 1430 1428
3835 2 2 0 4 1981 2826 1578
3836 2 2 0 4 2934 2935 2106
3837 2 2 0 4 1392 2868 1396
3838 2 2 0 4 2194 2195 2100
3839 2 2 0 4 1880 1881 1540
3840 2 2 0 4 1654 2219 2217
3841 2 2 0 4 1654 2220 2219
3842 2 2 0 4 1804 2889 1803
3843 2 2 0 4 1815 1837 1813
3844 2 2 0 4 1916 2055 1592
3845 2 2 0 4 1839 1968 1836
3846 2 2 0 4 1880 2377 2375
3847 2 2 0 4 1813 2854 1810
3848 2 2 0 4 2813 2814 2007
3849 2 2 0 4 1382 2923 1381
3850 2 2 0 4 1776 2909 1774
3851 2 2 0 4 1865 2251 1866
3852 2 2 0 4 1224 2861 1139
3853 2 2 0 4 1140 1142 1141
3854 2 2 0 4 2513 2678 2198
3855 2 2 0 4 2331 2808 2330
3856 2 2 0 4 2871 2911 2873
3857 2 2 0 4 1395 2902 1394
3858 2 2 0 4 1770 2905 1768
3859 2 2 0 4 1422 1498 1420
3860 2 2 0 4 1844 2173 2172
3861 2 2 0 4 2870 2903 1870
3862 2 2 0 4 1376 1378 1377
3863 2 2 0 4 2887 2923 1385
3864 2 2 0 4 1399 1401 1400
3865 2 2 0 4 1402 2875 1576
3866 2 2 0 4 1789 1867 1822
3867 2 2 0 4 1818 1819 1816
3868 2 2 0 4 2029 2968 1846
3869 2 2 0 4 2841 2842 2816
3870 2 2 0 4 2840 2897 2896
3871 2 2 0 4 1786 1788 1787
3872 2 2 0 4 1664 2306 1941
3873 2 2 0 4 1771 1774 1773
3874 2 2 0 4 2108 2109 1871
3875 2 2 0 4 1378 1380 1379
3876 2 2 0 4 1396 1686 1437
3877 2 2 0 4 1405 1407 1406
3878 2 2 0 4 1773 1850 1770
3879 2 2 0 4 1407 1408 1406
3880 2 2 0 4 2239 2241 1652
3881 2 2 0 4 1682 2007 1683
3882 2 2 0 4 1763 1766 1765
3883 2 2 0 4 1780 2863 1783
3884 2 2 0 4 1784 1785 1782
3885 2 2 0 4 1822 2933 1790
3886 2 2 0 4 1865 1866 1827
3887 2 2 0 4 1834 2052 2050
3888 2 2 0 4 2830 2831 2751
3889 2 2 0 4 2867 2903 1968
3890 2 2 0 4 1416 1682 1442
3891 2 2 0 4 1578 2112 1579
3892 2 2 0 4 1766 2871 1767
3893 2 2 0 4 1805 2901 1844
3894 2 2 0 4 1809 1827 1807
3895 2 2 0 4 1141 1224 1139
3896 2 2 0 4 1805 1832 1806
3897 2 2 0 4 1868 1931 1875
3898 2 2 0 4 2862 2910 1869
3899 2 2 0 4 1778 2863 1780
3900 2 2 0 4 1828 2909 1779
3901 2 2 0 4 1781 1870 1828
3902 2 2 0 4 1859 2498 2029
3903 2 2 0 4 2191 2554 2165
3904 2 2 0 4 128 2880 744
3905 2 2 0 4 1763 1765 1764
3906 2 2 0 4 1766 1767 1765
3907 2 2 0 4 1786 1789 1788
3908 2 2 0 4 1795 1796 1794
3909 2 2 0 4 1880 2375 1881
3910 2 2 0 4 2959 2965 1906
3911 2 2 0 4 2240 2261 2239
3912 2 2 0 4 1008 2023 1033
3913 2 2 0 4 1803 2938 1800
3914 2 2 0 4 1847 1848 1821
3915 2 2 0 4 1856 1872 1830
3916 2 2 0 4 1806 1808 1807
3917 2 2 0 4 1811 1825 1812
3918 2 2 0 4 1849 1856 1830
3919 2 2 0 4 2857 2916 1877
3920 2 2 0 4 1371 2856 1530
3921 2 2 0 4 1830 2863 1778
3922 2 2 0 4 1783 1784 1782
3923 2 2 0 4 2874 2890 2872
3924 2 2 0 4 1377 2879 1494
3925 2 2 0 4 1397 1399 1398
3926 2 2 0 4 1407 2822 1409
3927 2 2 0 4 1427 1653 1424
3928 2 2 0 4 1530 2786 2012
3929 2 2 0 4 1986 1987 1596
3930 2 2 0 4 1597 2184 2183
3931 2 2 0 4 1600 2923 2312
3932 2 2 0 4 1764 2904 1834
3933 2 2 0 4 1771 1775 1774
3934 2 2 0 4 1816 2865 1815
3935 2 2 0 4 2501 2867 1968
3936 2 2 0 4 2108 2903 2867
3937 2 2 0 4 2871 2873 2872
3938 2 2 0 4 1600 1916 1592
3939 2 2 0 4 2329 2330 1684
3940 2 2 0 4 1850 2905 1770
3941 2 2 0 4 1796 1797 1794
3942 2 2 0 4 2109 2858 1871
3943 2 2 0 4 1877 2106 2105
3944 2 2 0 4 1789 1822 1790
3945 2 2 0 4 2388 2389 2051
3946 2 2 0 4 1390 1392 1391
3947 2 2 0 4 1425 1427 1424
3948 2 2 0 4 1488 2031 1981
3949 2 2 0 4 1796 1798 1797
3950 2 2 0 4 1798 1800 1799
3951 2 2 0 4 1405 1406 1403
3952 2 2 0 4 2283 2285 2284
3953 2 2 0 4 822 2963 825
3954 2 2 0 4 1374 1434 1376
3955 2 2 0 4 1377 1494 1375
3956 2 2 0 4 1398 2902 1395
3957 2 2 0 4 1769 1770 1768
3958 2 2 0 4 1769 1771 1770
3959 2 2 0 4 1871 2030 1828
3960 2 2 0 4 1905 2099 1906
3961 2 2 0 4 1687 1894 1690
3962 2 2 0 4 1798 1801 1800
3963 2 2 0 4 1812 1813 1810
3964 2 2 0 4 1845 1926 1837
3965 2 2 0 4 2220 2830 2697
3966 2 2 0 4 2898 2899 2897
3967 2 2 0 4 116 760 115
3968 2 2 0 4 118 743 117
3969 2 2 0 4 120 756 119
3970 2 2 0 4 122 762 121
3971 2 2 0 4 825 826 823
3972 2 2 0 4 1386 1387 1385
3973 2 2 0 4 1839 2008 1968
3974 2 2 0 4 2049 2388 2051
3975 2 2 0 4 1376 1377 1375
3976 2 2 0 4 2831 2833 2832
3977 2 2 0 4 1686 2806 1688
3978 2 2 0 4 1767 1769 1768
3979 2 2 0 4 1778 1780 1779
3980 2 2 0 4 1783 1823 1784
3981 2 2 0 4 1789 1790 1788
3982 2 2 0 4 1805 1806 1804
3983 2 2 0 4 1870 1871 1828
3984 2 2 0 4 2240 2804 2261
3985 2 2 0 4 2312 2710 2311
3986 2 2 0 4 1767 1768 1765
3987 2 2 0 4 1775 1776 1774
3988 2 2 0 4 1781 2870 1870
3989 2 2 0 4 1872 2863 1830
3990 2 2 0 4 1867 2203 1868
3991 2 2 0 4 2052 2304 2050
3992 2 2 0 4 880 882 881
3993 2 2 0 4 1396 1397 1395
3994 2 2 0 4 1411 1412 1410
3995 2 2 0 4 1686 1688 1687
3996 2 2 0 4 1780 1782 1781
3997 2 2 0 4 1801 1802 1800
3998 2 2 0 4 1870 2903 2108
3999 2 2 0 4 2304 2494 2050
4000 2 2 0 4 2220 2697 2696
4001 2 2 0 4 2793 2798 2389
4002 2 2 0 4 124 761 123
4003 2 2 0 4 126 755 125
4004 2 2 0 4 128 744 127
4005 2 2 0 4 130 759 129
4006 2 2 0 4 1374 1376 1375
4007 2 2 0 4 1799 2938 1843
4008 2 2 0 4 1802 1803 1800
4009 2 2 0 4 2002 2003 1829
4010 2 2 0 4 2004 2005 2003
4011 2 2 0 4 1126 1127 1122
4012 2 2 0 4 1134 1135 1128
4013 2 2 0 4 1140 1141 1139
4014 2 2 0 4 1140 3378 1303
4015 2 2 0 4 1144 1145 1143
4016 2 2 0 4 1147 1148 1145
4017 2 2 0 4 1148 1150 1149
4018 2 2 0 4 1295 2922 1148
4019 2 2 0 4 1371 1529 1372
4020 2 2 0 4 1394 1659 1391
4021 2 2 0 4 1780 1781 1779
4022 2 2 0 4 1795 1824 1796
4023 2 2 0 4 1817 1818 1816
4024 2 2 0 4 1874 2033 1825
4025 2 2 0 4 1838 2186 2185
4026 2 2 0 4 1851 2212 1850
4027 2 2 0 4 2697 2830 2751
4028 2 2 0 4 1396 1437 1397
4029 2 2 0 4 1760 1838 1829
4030 2 2 0 4 1771 1773 1770
4031 2 2 0 4 1869 2889 1827
4032 2 2 0 4 1849 2326 1856
4033 2 2 0 4 2890 2907 2872
4034 2 2 0 4 1404 2924 1541
4035 2 2 0 4 2012 2067 1642
4036 2 2 0 4 1763 1764 1762
4037 2 2 0 4 1792 1794 1793
4038 2 2 0 4 1842 2857 1797
4039 2 2 0 4 831 832 828
4040 2 2 0 4 844 849 843
4041 2 2 0 4 2895 2929 1648
4042 2 2 0 4 1790 1791 1788
4043 2 2 0 4 1381 1600 1592
4044 2 2 0 4 1430 1431 1428
4045 2 2 0 4 1814 1817 1816
4046 2 2 0 4 1843 2198 2197
4047 2 2 0 4 1379 2879 1377
4048 2 2 0 4 1384 1386 1385
4049 2 2 0 4 1390 1391 1389
4050 2 2 0 4 1766 2911 2871
4051 2 2 0 4 1771 2878 1775
4052 2 2 0 4 1775 2906 1777
4053 2 2 0 4 1782 2870 1781
4054 2 2 0 4 1834 2049 1833
4055 2 2 0 4 1849 2327 2326
4056 2 2 0 4 2831 2832 2751
4057 2 2 0 4 2815 2841 2816
4058 2 2 0 4 1764 1833 1762
4059 2 2 0 4 1838 2185 2002
4060 2 2 0 4 2840 2896 2839
4061 2 2 0 4 1761 1762 1759
4062 2 2 0 4 1810 2854 1809
4063 2 2 0 4 1834 2050 2049
4064 2 2 0 4 1847 1904 1903
4065 2 2 0 4 1374 1375 1373
4066 2 2 0 4 1384 1385 1382
4067 2 2 0 4 1394 1660 1659
4068 2 2 0 4 1798 1799 1797
4069 2 2 0 4 2004 2628 2005
4070 2 2 0 4 2873 2911 2005
4071 2 2 0 4 1388 1390 1389
4072 2 2 0 4 1760 1829 1761
4073 2 2 0 4 1784 2869 1786
4074 2 2 0 4 1799 1843 1842
4075 2 2 0 4 1808 1809 1807
4076 2 2 0 4 1868 1875 1822
4077 2 2 0 4 2005 2911 2003
4078 2 2 0 4 1401 1402 1400
4079 2 2 0 4 1402 1576 1549
4080 2 2 0 4 1759 2877 1758
4081 2 2 0 4 1814 1816 1815
4082 2 2 0 4 1845 2205 2204
4083 2 2 0 4 1778 1779 1776
4084 2 2 0 4 1805 1844 1832
4085 2 2 0 4 1882 2836 2835
4086 2 2 0 4 2186 2187 2185
4087 2 2 0 4 1392 1394 1391
4088 2 2 0 4 1378 1379 1377
4089 2 2 0 4 1768 2905 2904
4090 2 2 0 4 1792 1795 1794
4091 2 2 0 4 1838 2002 1829
4092 2 2 0 4 1968 2903 1836
4093 2 2 0 4 2099 2100 1906
4094 2 2 0 4 2815 2816 2203
4095 2 2 0 4 2329 2331 2330
4096 2 2 0 4 2373 2374 2372
4097 2 2 0 4 1392 1396 1395
4098 2 2 0 4 1429 1487 1430
4099 2 2 0 4 1882 2834 1540
4100 2 2 0 4 1580 2894 1648
4101 2 2 0 4 1774 2943 1773
4102 2 2 0 4 1784 1786 1785
4103 2 2 0 4 1844 2172 1860
4104 2 2 0 4 2311 2507 1916
4105 2 2 0 4 1760 1761 1759
4106 2 2 0 4 2186 2788 2187
4107 2 2 0 4 2811 2812 2809
4108 2 2 0 4 1371 1530 1529
4109 2 2 0 4 1383 1459 1384
4110 2 2 0 4 1388 1389 1387
4111 2 2 0 4 1396 2868 1686
4112 2 2 0 4 1417 2853 1419
4113 2 2 0 4 1541 1580 1500
4114 2 2 0 4 1648 2930 1500
4115 2 2 0 4 1786 1787 1785
4116 2 2 0 4 1802 1805 1804
4117 2 2 0 4 1860 2912 1832
4118 2 2 0 4 1834 2904 2052
4119 2 2 0 4 2220 2696 2219
4120 2 2 0 4 2808 2828 2330
4121 2 2 0 4 2390 2793 2389
4122 2 2 0 4 1686 1687 1437
4123 2 2 0 4 1767 1772 1769
4124 2 2 0 4 1836 2903 2870
4125 2 2 0 4 2326 2328 1856
4126 2 2 0 4 2002 2004 2003
4127 2 2 0 4 1690 2893 1437
4128 2 2 0 4 1683 1684 1442
4129 2 2 0 4 1642 1689 1529
4130 2 2 0 4 2806 2845 1688
4131 2 2 0 4 1777 1778 1776
4132 2 2 0 4 1809 1865 1827
4133 2 2 0 4 2250 2760 1864
4134 2 2 0 4 756 2888 119
4135 2 2 0 4 2114 2233 1580
4136 2 2 0 4 1394 2902 1660
4137 2 2 0 4 1401 2924 1404
4138 2 2 0 4 1777 1849 1830
4139 2 2 0 4 1793 1876 1791
4140 2 2 0 4 1806 1807 1804
4141 2 2 0 4 1817 1820 1818
4142 2 2 0 4 1872 2940 2863
4143 2 2 0 4 2199 2910 2513
4144 2 2 0 4 118 2888 743
4145 2 2 0 4 1383 1488 1459
4146 2 2 0 4 1660 2937 2191
4147 2 2 0 4 2049 2051 1833
4148 2 2 0 4 2388 2390 2389
4149 2 2 0 4 2874 2891 2890
4150 2 2 0 4 1419 1420 1418
4151 2 2 0 4 1530 2012 1642
4152 2 2 0 4 1790 1792 1791
4153 2 2 0 4 848 2860 2852
4154 2 2 0 4 1372 2886 1374
4155 2 2 0 4 1768 2904 1765
4156 2 2 0 4 1792 1793 1791
4157 2 2 0 4 1815 1845 1837
4158 2 2 0 4 1820 1846 1821
4159 2 2 0 4 1150 1222 1149
4160 2 2 0 4 1380 1381 1379
4161 2 2 0 4 1799 1842 1797
4162 2 2 0 4 1844 1860 1832
4163 2 2 0 4 1373 2803 1370
4164 2 2 0 4 2330 2853 1684
4165 2 2 0 4 1775 1777 1776
4166 2 2 0 4 1777 2906 1849
4167 2 2 0 4 2112 2283 1579
4168 2 2 0 4 1764 1834 1833
4169 2 2 0 4 1843 2199 2198
4170 2 2 0 4 1851 2213 2212
4171 2 2 0 4 1880 2928 2377
4172 2 2 0 4 1405 2930 1407
4173 2 2 0 4 1787 1839 1836
4174 2 2 0 4 2008 2501 1968
4175 2 2 0 4 1777 1830 1778
4176 2 2 0 4 1802 1804 1803
4177 2 2 0 4 2873 2874 2872
4178 2 2 0 4 1383 1384 1382
4179 2 2 0 4 1385 2923 1382
4180 2 2 0 4 1689 2886 1529
4181 2 2 0 4 1761 1763 1762
4182 2 2 0 4 1403 2875 1402
4183 2 2 0 4 1414 1597 1596
4184 2 2 0 4 1599 2373 2372
4185 2 2 0 4 1767 2871 1772
4186 2 2 0 4 1781 1828 1779
4187 2 2 0 4 1780 1783 1782
4188 2 2 0 4 1797 2857 1794
4189 2 2 0 4 1808 1811 1810
4190 2 2 0 4 1867 1868 1822
4191 2 2 0 4 1849 2906 2327
4192 2 2 0 4 2251 2252 1866
4193 2 2 0 4 1371 1372 1370
4194 2 2 0 4 1386 1388 1387
4195 2 2 0 4 1541 2114 1580
4196 2 2 0 4 2195 2580 2196
4197 2 2 0 4 1368 2856 1371
4198 2 2 0 4 1434 2927 1376
4199 2 2 0 4 1773 1851 1850
4200 2 2 0 4 1866 1869 1827
4201 2 2 0 4 1843 2197 1842
4202 2 2 0 4 2204 2206 1926
4203 2 2 0 4 1372 1373 1370
4204 2 2 0 4 1599 2372 1664
4205 2 2 0 4 2031 2032 1981
4206 2 2 0 4 2840 2898 2897
4207 2 2 0 4 1138 1139 1136
4208 2 2 0 4 1150 1547 1222
4209 2 2 0 4 2878 2906 1775
4210 2 2 0 4 2030 2909 1828
4211 2 2 0 4 1372 1374 1373
4212 2 2 0 4 2893 2924 1399
4213 2 2 0 4 2894 2895 1648
4214 2 2 0 4 1859 2942 2498
4215 2 2 0 4 1380 1383 1382
4216 2 2 0 4 1410 1455 1408
4217 2 2 0 4 1597 2183 1986
4218 2 2 0 4 1875 2933 1822
4219 2 2 0 4 2197 2934 2916
4220 2 2 0 4 1791 2941 1788
4221 2 2 0 4 1845 2204 1926
4222 2 2 0 4 2697 2751 2750
4223 2 2 0 4 1392 1395 1394
4224 2 2 0 4 1600 2311 1916
4225 2 2 0 4 1808 1810 1809
4226 2 2 0 4 2172 2174 1860
4227 2 2 0 4 2184 2654 2183
4228 2 2 0 4 1815 2865 1845
4229 2 2 0 4 1664 1941 1535
4230 2 2 0 4 1793 2857 1877
4231 2 2 0 4 1832 2913 1806
4232 2 2 0 4 2946 2947 1894
4233 2 2 0 4 1425 1429 1428
4234 2 2 0 4 2283 2284 1579
4235 2 2 0 4 1761 2914 1763
4236 2 2 0 4 1904 2537 2536
4237 2 2 0 4 1592 2879 1379
4238 2 2 0 4 759 2880 129
4239 2 2 0 4 1378 2927 2917
4240 2 2 0 4 1660 2165 1659
4241 2 2 0 4 1873 1874 1825
4242 2 2 0 4 2008 2611 2501
4243 2 2 0 4 827 828 826
4244 2 2 0 4 839 841 838
4245 2 2 0 4 842 843 841
4246 2 2 0 4 1413 1415 1414
4247 2 2 0 4 1682 2813 2007
4248 2 2 0 4 2878 2907 2906
4249 2 2 0 4 1870 2108 1871
4250 2 2 0 4 1406 2875 1403
4251 2 2 0 4 1404 1541 1500
4252 2 2 0 4 1409 1410 1408
4253 2 2 0 4 1413 1416 1415
4254 2 2 0 4 1825 2953 1812
4255 2 2 0 4 1867 2815 2203
4256 2 2 0 4 1417 1418 1415
4257 2 2 0 4 1812 1814 1813
4258 2 2 0 4 1873 2201 1874
4259 2 2 0 4 119 2888 118
4260 2 2 0 4 883 885 884
4261 2 2 0 4 1413 1414 1412
4262 2 2 0 4 1757 1760 1759
4263 2 2 0 4 1381 1592 1379
4264 2 2 0 4 1404 1500 1405
4265 2 2 0 4 2898 2900 2899
4266 2 2 0 4 2871 2872 1772
4267 2 2 0 4 1659 2950 1391
4268 2 2 0 4 1417 1419 1418
4269 2 2 0 4 1421 1423 1422
4270 2 2 0 4 1687 1690 1437
4271 2 2 0 4 2067 2881 1642
4272 2 2 0 4 2881 2882 1689
4273 2 2 0 4 1790 2933 1792
4274 2 2 0 4 2220 2838 2830
4275 2 2 0 4 2331 2809 2808
4276 2 2 0 4 877 921 880
4277 2 2 0 4 1654 2217 1653
4278 2 2 0 4 1142 3379 1144
4279 2 2 0 4 1642 2881 1689
4280 2 2 0 4 1787 1836 1785
4281 2 2 0 4 1529 2886 1372
4282 2 2 0 4 2281 2817 2195
4283 2 2 0 4 2281 2819 2817
4284 2 2 0 4 1416 1417 1415
4285 2 2 0 4 1654 2838 2220
4286 2 2 0 4 2201 2202 1874
4287 2 2 0 4 1757 1759 1758
4288 2 2 0 4 1800 2938 1799
4289 2 2 0 4 1397 1398 1395
4290 2 2 0 4 2284 2944 1579
4291 2 2 0 4 1843 2938 2199
4292 2 2 0 4 2375 2376 1881
4293 2 2 0 4 2810 2811 2809
4294 2 2 0 4 1576 1652 1549
4295 2 2 0 4 1820 1859 1846
4296 2 2 0 4 1903 1905 1848
4297 2 2 0 4 2183 2316 1986
4298 2 2 0 4 1758 2807 1755
4299 2 2 0 4 1931 1974 1875
4300 2 2 0 4 2030 2960 2943
4301 2 2 0 4 1596 2939 1412
4302 2 2 0 4 1380 1382 1381
4303 2 2 0 4 2947 2948 1894
4304 2 2 0 4 2284 2951 2944
4305 2 2 0 4 1423 1424 1422
4306 2 2 0 4 1652 1925 1549
4307 2 2 0 4 2165 2166 1659
4308 2 2 0 4 1853 2250 1864
4309 2 2 0 4 835 838 834
4310 2 2 0 4 1387 2887 1385
4311 2 2 0 4 1402 1549 1400
4312 2 2 0 4 1425 1428 1427
4313 2 2 0 4 883 887 885
4314 2 2 0 4 893 920 891
4315 2 2 0 4 1487 1540 1430
4316 2 2 0 4 1829 2914 1761
4317 2 2 0 4 2697 2749 2696
4318 2 2 0 4 1388 1393 1390
4319 2 2 0 4 1459 2944 1384
4320 2 2 0 4 2909 2943 1774
4321 2 2 0 4 1873 2913 2912
4322 2 2 0 4 1794 2857 1793
4323 2 2 0 4 1134 1137 1136
4324 2 2 0 4 1401 1404 1403
4325 2 2 0 4 1409 1433 1411
4326 2 2 0 4 2877 2908 1758
4327 2 2 0 4 1824 2840 2839
4328 2 2 0 4 129 2880 128
4329 2 2 0 4 1530 1642 1529
4330 2 2 0 4 1904 2608 2537
4331 2 2 0 4 2924 2952 1541
4332 2 2 0 4 1812 2953 1814
4333 2 2 0 4 1851 2960 2213
4334 2 2 0 4 1419 1421 1420
4335 2 2 0 4 2166 2950 1659
4336 2 2 0 4 1847 1903 1848
4337 2 2 0 4 1600 2312 2311
4338 2 2 0 4 1494 2931 1375
4339 2 2 0 4 2941 2949 1839
4340 2 2 0 4 2893 2952 2924
4341 2 2 0 4 1578 1579 1459
4342 2 2 0 4 2841 2843 2842
4343 2 2 0 4 848 2852 2851
4344 2 2 0 4 1413 2936 1416
4345 2 2 0 4 1653 2958 1424
4346 2 2 0 4 2217 2218 1653
4347 2 2 0 4 1599 1664 1535
4348 2 2 0 4 2944 2951 1386
4349 2 2 0 4 1974 2956 1875
4350 2 2 0 4 1597 1986 1596
4351 2 2 0 4 2003 2914 1829
4352 2 2 0 4 1773 2943 1851
4353 2 2 0 4 2904 2905 2052
4354 2 2 0 4 1823 2869 1784
4355 2 2 0 4 1820 1821 1818
4356 2 2 0 4 2194 2281 2195
4357 2 2 0 4 1875 2956 2933
4358 2 2 0 4 2804 2805 2261
4359 2 2 0 4 843 846 841
4360 2 2 0 4 842 2859 844
4361 2 2 0 4 1407 1409 1408
4362 2 2 0 4 1391 2950 1389
4363 2 2 0 4 1420 2967 1418
4364 2 2 0 4 1866 2862 1869
4365 2 2 0 4 1500 2930 1405
4366 2 2 0 4 1419 2853 2828
4367 2 2 0 4 1421 1426 1423
4368 2 2 0 4 1376 2927 1378
4369 2 2 0 4 1905 1906 1848
4370 2 2 0 4 1121 1125 1122
4371 2 2 0 4 1138 3378 1140
4372 2 2 0 4 1414 1596 1412
4373 2 2 0 4 2847 2860 2846
4374 2 2 0 4 1399 2924 1401
4375 2 2 0 4 2822 2929 2823
4376 2 2 0 4 1850 2926 2905
4377 2 2 0 4 2804 2915 2805
4378 2 2 0 4 1134 2954 1137
4379 2 2 0 4 1136 2861 1135
4380 2 2 0 4 1142 1143 1141
4381 2 2 0 4 1597 2955 2184
4382 2 2 0 4 1792 2933 1795
4383 2 2 0 4 2033 2953 1825
4384 2 2 0 4 2912 2913 1832
4385 2 2 0 4 2030 2943 2909
4386 2 2 0 4 2498 2585 2029
4387 2 2 0 4 1378 2917 1380
4388 2 2 0 4 825 2963 1155
4389 2 2 0 4 1375 2931 1373
4390 2 2 0 4 2105 2949 1876
4391 2 2 0 4 1373 2931 2803
4392 2 2 0 4 2889 2920 1803
4393 2 2 0 4 2829 2918 1426
4394 2 2 0 4 2241 2932 1652
4395 2 2 0 4 2948 2952 1690
4396 2 2 0 4 1925 2937 2925
4397 2 2 0 4 2920 2938 1803
4398 2 2 0 4 2945 2946 1894
4399 2 2 0 4 2007 2919 1683
4400 2 2 0 4 2199 2938 2920
4401 2 2 0 4 2929 2930 1648
4402 2 2 0 4 2218 2958 1653
4403 2 2 0 4 2951 2961 1393
4404 2 2 0 4 2052 2926 2304
4405 2 2 0 4 1783 2940 1823
4406 2 2 0 4 1842 2916 2857
4407 2 2 0 4 1690 2952 2893
4408 2 2 0 4 1386 2951 1388
4409 2 2 0 4 1416 2936 1682
4410 2 2 0 4 1412 2939 1410
4411 2 2 0 4 1541 2952 2114
4412 2 2 0 4 1476 2887 1387
4413 2 2 0 4 1389 2950 1476
4414 2 2 0 4 1398 2925 2902
4415 2 2 0 4 1839 2949 2008
4416 2 2 0 4 1383 2917 1488
4417 2 2 0 4 1756 2864 1757
4418 2 2 0 4 1894 2948 1690
4419 2 2 0 4 1688 2945 1687
4420 2 2 0 4 1150 2922 1548
4421 2 2 0 4 2327 2907 2890
4422 2 2 0 4 933 963 935
4423 2 2 0 4 1369 1599 1535
4424 2 2 0 4 880 881 878
4425 2 2 0 4 1852 2545 1853
4426 2 2 0 4 1757 1758 1755
4427 2 2 0 4 2863 2940 1783
4428 2 2 0 4 883 884 881
4429 2 2 0 4 888 889 885
4430 2 2 0 4 1418 2955 1415
4431 2 2 0 4 1388 2951 1393
4432 2 2 0 4 2858 2960 2030
4433 2 2 0 4 896 897 893
4434 2 2 0 4 1380 2917 1383
4435 2 2 0 4 2906 2907 2327
4436 2 2 0 4 892 893 891
4437 2 2 0 4 2840 2966 2898
4438 2 2 0 4 1155 2963 2848
4439 2 2 0 4 1384 2944 1386
4440 2 2 0 4 1853 1864 1826
4441 2 2 0 4 1407 2930 2822
4442 2 2 0 4 2905 2926 2052
4443 2 2 0 4 2197 2916 1842
4444 2 2 0 4 1424 2958 1422
4445 2 2 0 4 1652 2932 1925
4446 2 2 0 4 822 825 823
4447 2 2 0 4 1687 2945 1894
4448 2 2 0 4 2875 2876 2240
4449 2 2 0 4 1814 2953 1817
4450 2 2 0 4 1368 1371 1370
4451 2 2 0 4 1422 2958 1498
4452 2 2 0 4 2933 2956 1795
4453 2 2 0 4 2114 2952 2948
4454 2 2 0 4 1410 2939 1455
4455 2 2 0 4 1683 2919 1975
4456 2 2 0 4 1415 2955 1414
4457 2 2 0 4 1414 2955 1597
4458 2 2 0 4 1406 2876 2875
4459 2 2 0 4 1682 2936 2813
4460 2 2 0 4 1124 2800 1121
4461 2 2 0 4 1140 1303 1142
4462 2 2 0 4 2184 2969 2654
4463 2 2 0 4 1795 2956 1824
4464 2 2 0 4 2822 2930 2929
4465 2 2 0 4 2100 2959 1906
4466 2 2 0 4 1498 2967 1420
4467 2 2 0 4 2953 2964 1817
4468 2 2 0 4 2828 2853 2330
4469 2 2 0 4 2969 2970 2654
4470 2 2 0 4 1788 2941 1787
4471 2 2 0 4 2969 2971 2970
4472 2 2 0 4 2033 2957 2942
4473 2 2 0 4 1787 2941 1839
4474 2 2 0 4 2218 2971 2958
4475 2 2 0 4 1974 2966 2956
4476 2 2 0 4 1118 1124 1121
4477 2 2 0 4 1874 2957 2033
4478 2 2 0 4 2958 2971 1498
4479 2 2 0 4 2967 2969 2184
4480 2 2 0 4 1498 2971 2969
4481 2 2 0 4 1846 2968 1847
4482 2 2 0 4 1498 2969 2967
4483 2 2 0 4 2202 2957 1874
4484 2 2 0 4 1824 2966 2840
4485 2 2 0 4 1817 2964 1820
4486 2 2 0 4 1904 2968 2608
4487 2 2 0 4 1368 1370 1369
4488 2 2 0 4 2260 2797 1895
4489 2 2 0 4 1984 2637 2260
4490 2 2 0 4 1756 1757 1755
4491 2 2 0 4 1369 1535 1367
4492 2 2 0 4 1934 2784 1681
4493 2 2 0 4 1820 2964 1859
4494 2 2 0 4 1852 1853 1826
4495 2 2 0 4 1819 2965 2959
4496 2 2 0 4 1821 2965 1818
4497 2 2 0 4 2956 2966 1824
4498 2 2 0 4 1847 2968 1904
4499 2 2 0 4 1818 2965 1819
4500 2 2 0 4 877 880 878
4501 2 2 0 4 1118 1121 1119
4502 2 2 0 4 2218 2972 2971
4503 2 2 0 4 2971 2972 2970
4504 2 2 0 4 1896 2789 1831
4505 2 2 0 4 1835 2732 1984
4506 2 2 0 4 1680 1934 1681
4507 2 2 0 4 1754 1852 1826
4508 2 2 0 4 1368 1369 1367
4509 2 2 0 4 1984 2260 1895
4510 2 2 0 4 1752 1756 1755
4511 2 2 0 4 1727 2795 1680
4512 2 2 0 4 877 878 876
4513 2 2 0 4 929 2973 933
4514 2 2 0 4 1118 1119 1117
4515 2 2 0 4 819 2974 820
4516 2 2 0 4 933 2973 963
4517 2 2 0 4 820 2974 851
4518 2 2 0 4 1366 1368 1367
4519 2 2 0 4 1895 1896 1831
4520 2 2 0 4 1680 1681 1432
4521 2 2 0 4 1835 1984 1895
4522 2 2 0 4 1754 1826 1751
4523 2 2 0 4 1752 1755 1754
4524 2 2 0 4 1679 1727 1680
4525 2 2 0 4 875 877 876
4526 2 2 0 4 1116 1118 1117
4527 2 2 0 4 1154 2791 1116
4528 2 2 0 4 1679 1680 1432
4529 2 2 0 4 1835 1895 1831
4530 2 2 0 4 1366 1367 1365
4531 2 2 0 4 1752 1754 1751
4532 2 2 0 4 1365 2799 2778
4533 2 2 0 4 875 876 874
4534 2 2 0 4 928 2976 929
4535 2 2 0 4 1114 1154 1116
4536 2 2 0 4 1116 1117 1115
4537 2 2 0 4 1260 1470 1261
4538 2 2 0 4 2864 2977 2186
4539 2 2 0 4 929 2976 2973
4540 2 2 0 4 2186 2977 2788
4541 2 2 0 4 1749 1835 1831
4542 2 2 0 4 1751 2790 1748
4543 2 2 0 4 1365 2778 1362
4544 2 2 0 4 1750 1752 1751
4545 2 2 0 4 2333 2647 2071
4546 2 2 0 4 1657 2774 2333
4547 2 2 0 4 1432 2792 1364
4548 2 2 0 4 1364 1366 1365
4549 2 2 0 4 1363 1679 1432
4550 2 2 0 4 873 875 874
4551 2 2 0 4 922 2785 873
4552 2 2 0 4 1114 1116 1115
4553 2 2 0 4 1260 1261 1259
4554 2 2 0 4 2292 2293 2291
4555 2 2 0 4 2046 2048 2047
4556 2 2 0 4 2047 2512 2045
4557 2 2 0 4 818 2978 816
4558 2 2 0 4 816 2978 819
4559 2 2 0 4 1749 1831 1750
4560 2 2 0 4 1750 1751 1748
4561 2 2 0 4 1363 1432 1364
4562 2 2 0 4 2071 2210 1656
4563 2 2 0 4 1364 1365 1362
4564 2 2 0 4 1657 2333 2071
4565 2 2 0 4 871 922 873
4566 2 2 0 4 873 874 872
4567 2 2 0 4 1114 1115 1113
4568 2 2 0 4 775 2988 778
4569 2 2 0 4 1257 1260 1259
4570 2 2 0 4 1259 2153 1258
4571 2 2 0 4 1002 2980 1000
4572 2 2 0 4 2046 2047 2045
4573 2 2 0 4 1936 2292 2291
4574 2 2 0 4 1005 2980 1002
4575 2 2 0 4 1453 2982 1196
4576 2 2 0 4 1749 1750 1748
4577 2 2 0 4 1657 2071 1656
4578 2 2 0 4 1363 1364 1362
4579 2 2 0 4 871 873 872
4580 2 2 0 4 1691 2982 1453
4581 2 2 0 4 1112 1114 1113
4582 2 2 0 4 1120 2779 1112
4583 2 2 0 4 1113 1221 1111
4584 2 2 0 4 1257 1259 1258
4585 2 2 0 4 2771 2772 2770
4586 2 2 0 4 1027 2995 1031
4587 2 2 0 4 807 2983 809
4588 2 2 0 4 2044 2046 2045
4589 2 2 0 4 1936 2291 2215
4590 2 2 0 4 809 2983 818
4591 2 2 0 4 1747 2781 2763
4592 2 2 0 4 1746 1749 1748
4593 2 2 0 4 1361 1657 1656
4594 2 2 0 4 2742 2744 2743
4595 2 2 0 4 2743 2745 2740
4596 2 2 0 4 1291 1363 1362
4597 2 2 0 4 871 872 870
4598 2 2 0 4 1501 2986 1202
4599 2 2 0 4 1110 1120 1112
4600 2 2 0 4 1112 1113 1111
4601 2 2 0 4 1257 1258 1256
4602 2 2 0 4 1461 2771 2770
4603 2 2 0 4 1935 2775 1936
4604 2 2 0 4 1937 2777 1935
4605 2 2 0 4 1936 2215 1553
4606 2 2 0 4 2044 2045 2043
4607 2 2 0 4 778 2988 980
4608 2 2 0 4 1966 2985 1967
4609 2 2 0 4 1200 2986 1439
4610 2 2 0 4 1202 2986 1200
4611 2 2 0 4 2125 2985 1966
4612 2 2 0 4 2988 2989 1156
4613 2 2 0 4 1747 2763 1744
4614 2 2 0 4 1858 2237 2236
4615 2 2 0 4 1862 2688 2687
4616 2 2 0 4 1746 1748 1747
4617 2 2 0 4 2687 2735 1863
4618 2 2 0 4 1361 1656 1290
4619 2 2 0 4 1291 1362 1361
4620 2 2 0 4 2742 2743 2740
4621 2 2 0 4 980 2988 1156
4622 2 2 0 4 869 871 870
4623 2 2 0 4 1110 1112 1111
4624 2 2 0 4 1255 1257 1256
4625 2 2 0 4 1461 2770 1255
4626 2 2 0 4 2011 3383 2994
4627 2 2 0 4 1935 1936 1553
4628 2 2 0 4 1552 1937 1935
4629 2 2 0 4 2042 2044 2043
4630 2 2 0 4 1950 2993 2170
4631 2 2 0 4 2011 2994 1717
4632 2 2 0 4 1952 2993 1950
4633 2 2 0 4 1717 2994 1724
4634 2 2 0 4 1031 2995 1201
4635 2 2 0 4 1858 2236 2235
4636 2 2 0 4 1746 1747 1744
4637 2 2 0 4 1745 2783 1746
4638 2 2 0 4 1862 2687 1863
4639 2 2 0 4 1291 1361 1290
4640 2 2 0 4 2738 2742 2740
4641 2 2 0 4 1192 3384 1191
4642 2 2 0 4 869 870 867
4643 2 2 0 4 918 3002 925
4644 2 2 0 4 1201 2995 1564
4645 2 2 0 4 1110 1111 1108
4646 2 2 0 4 965 966 961
4647 2 2 0 4 1296 3384 1192
4648 2 2 0 4 1255 1256 1254
4649 2 2 0 4 1253 1461 1255
4650 2 2 0 4 1962 2996 1964
4651 2 2 0 4 1552 1935 1553
4652 2 2 0 4 2042 2043 2041
4653 2 2 0 4 1028 2997 1029
4654 2 2 0 4 806 2998 804
4655 2 2 0 4 1964 2996 2124
4656 2 2 0 4 1693 2997 1440
4657 2 2 0 4 1199 2997 1028
4658 2 2 0 4 804 2998 807
4659 2 2 0 4 1745 1746 1744
4660 2 2 0 4 1858 2235 1857
4661 2 2 0 4 1862 1863 1861
4662 2 2 0 4 1289 1291 1290
4663 2 2 0 4 2739 2741 2737
4664 2 2 0 4 2738 2740 2739
4665 2 2 0 4 1297 2773 1289
4666 2 2 0 4 923 2762 866
4667 2 2 0 4 866 869 867
4668 2 2 0 4 1440 2997 1199
4669 2 2 0 4 807 2998 2983
4670 2 2 0 4 3000 3002 918
4671 2 2 0 4 1107 1281 1109
4672 2 2 0 4 1109 1110 1108
4673 2 2 0 4 958 965 961
4674 2 2 0 4 954 1153 959
4675 2 2 0 4 1253 1255 1254
4676 2 2 0 4 917 3000 914
4677 2 2 0 4 914 3000 918
4678 2 2 0 4 1948 3004 1946
4679 2 2 0 4 1552 1553 1551
4680 2 2 0 4 2039 2042 2041
4681 2 2 0 4 1349 3003 1082
4682 2 2 0 4 1082 3003 1097
4683 2 2 0 4 2170 3004 1948
4684 2 2 0 4 1995 2761 1855
4685 2 2 0 4 1854 2553 1995
4686 2 2 0 4 1861 2753 1753
4687 2 2 0 4 1742 1745 1744
4688 2 2 0 4 1855 1862 1861
4689 2 2 0 4 1743 1858 1857
4690 2 2 0 4 1274 1297 1289
4691 2 2 0 4 1288 2768 1499
4692 2 2 0 4 1289 1290 1288
4693 2 2 0 4 2738 2739 2737
4694 2 2 0 4 866 867 865
4695 2 2 0 4 864 923 866
4696 2 2 0 4 1107 1109 1108
4697 2 2 0 4 958 961 953
4698 2 2 0 4 954 959 958
4699 2 2 0 4 1253 1254 1252
4700 2 2 0 4 1958 3015 1959
4701 2 2 0 4 2039 2041 2040
4702 2 2 0 4 1473 1552 1551
4703 2 2 0 4 1294 1458 1354
4704 2 2 0 4 1021 3016 1023
4705 2 2 0 4 1357 3005 773
4706 2 2 0 4 2988 3005 2989
4707 2 2 0 4 773 3005 775
4708 2 2 0 4 1854 1995 1855
4709 2 2 0 4 1743 1857 1741
4710 2 2 0 4 1742 1744 1743
4711 2 2 0 4 1855 1861 1753
4712 2 2 0 4 1288 1499 1273
4713 2 2 0 4 1483 2738 2737
4714 2 2 0 4 1274 1289 1288
4715 2 2 0 4 775 3005 2988
4716 2 2 0 4 864 866 865
4717 2 2 0 4 1107 1108 1106
4718 2 2 0 4 1057 3007 1077
4719 2 2 0 4 954 958 953
4720 2 2 0 4 1251 1253 1252
4721 2 2 0 4 1456 2759 1251
4722 2 2 0 4 2591 3209 1337
4723 2 2 0 4 1946 3008 1944
4724 2 2 0 4 2039 2040 2038
4725 2 2 0 4 1473 1551 1444
4726 2 2 0 4 1294 1354 1272
4727 2 2 0 4 2444 2725 2443
4728 2 2 0 4 1077 3007 1349
4729 2 2 0 4 3004 3008 1946
4730 2 2 0 4 1715 3385 2110
4731 2 2 0 4 1742 1743 1741
4732 2 2 0 4 1854 1855 1753
4733 2 2 0 4 1274 1288 1273
4734 2 2 0 4 1483 2737 2736
4735 2 2 0 4 3005 3009 2989
4736 2 2 0 4 1710 3385 1711
4737 2 2 0 4 1357 3009 3005
4738 2 2 0 4 1559 3010 1558
4739 2 2 0 4 2062 3046 3010
4740 2 2 0 4 864 865 860
4741 2 2 0 4 863 2758 864
4742 2 2 0 4 2062 3010 1559
4743 2 2 0 4 1704 3042 2081
4744 2 2 0 4 1280 2754 1105
4745 2 2 0 4 1105 1107 1106
4746 2 2 0 4 951 954 953
4747 2 2 0 4 1250 1456 1251
4748 2 2 0 4 1251 1252 1248
4749 2 2 0 4 1711 3385 1715
4750 2 2 0 4 1863 3012 1861
4751 2 2 0 4 1359 3013 909
4752 2 2 0 4 1228 3011 1230
4753 2 2 0 4 2037 2039 2038
4754 2 2 0 4 1472 1473 1444
4755 2 2 0 4 1293 1294 1272
4756 2 2 0 4 2441 2444 2443
4757 2 2 0 4 909 3013 912
4758 2 2 0 4 1230 3011 1445
4759 2 2 0 4 1959 3015 1962
4760 2 2 0 4 1023 3016 1027
4761 2 2 0 4 2111 3386 2090
4762 2 2 0 4 2086 3386 2084
4763 2 2 0 4 1861 3012 2753
4764 2 2 0 4 1739 1854 1753
4765 2 2 0 4 1740 1742 1741
4766 2 2 0 4 1841 2629 2069
4767 2 2 0 4 1483 2736 1132
4768 2 2 0 4 1132 1274 1273
4769 2 2 0 4 912 3013 917
4770 2 2 0 4 863 864 860
4771 2 2 0 4 859 1079 863
4772 2 2 0 4 1027 3016 2995
4773 2 2 0 4 1962 3015 2996
4774 2 2 0 4 2090 3386 2086
4775 2 2 0 4 1103 1280 1105
4776 2 2 0 4 1105 1106 1104
4777 2 2 0 4 2178 3342 3243
4778 2 2 0 4 949 955 951
4779 2 2 0 4 951 953 950
4780 2 2 0 4 1250 1251 1248
4781 2 2 0 4 1632 1634 1633
4782 2 2 0 4 2287 2729 2672
4783 2 2 0 4 2245 2247 2246
4784 2 2 0 4 1270 2363 2362
4785 2 2 0 4 2037 2038 2036
4786 2 2 0 4 2036 3372 2659
4787 2 2 0 4 1278 3365 1217
4788 2 2 0 4 1218 1279 1278
4789 2 2 0 4 1332 1335 1334
4790 2 2 0 4 1443 1472 1444
4791 2 2 0 4 1976 2364 2301
4792 2 2 0 4 1982 2520 1640
4793 2 2 0 4 2167 2168 1893
4794 2 2 0 4 1531 1532 1447
4795 2 2 0 4 1731 1736 1733
4796 2 2 0 4 1271 1293 1272
4797 2 2 0 4 1166 1168 1167
4798 2 2 0 4 2454 2455 2452
4799 2 2 0 4 2453 2575 2454
4800 2 2 0 4 2459 3362 3344
4801 2 2 0 4 2441 2443 2442
4802 2 2 0 4 1502 2714 1087
4803 2 2 0 4 2692 3650 3525
4804 2 2 0 4 2271 3459 2267
4805 2 2 0 4 1350 3394 1189
4806 2 2 0 4 1841 2069 2068
4807 2 2 0 4 1739 1753 1740
4808 2 2 0 4 1740 1741 1738
4809 2 2 0 4 1132 1273 1131
4810 2 2 0 4 1131 2730 2686
4811 2 2 0 4 1130 1483 1132
4812 2 2 0 4 1186 3394 1185
4813 2 2 0 4 2342 3088 2340
4814 2 2 0 4 774 3564 772
4815 2 2 0 4 2278 2279 2276
4816 2 2 0 4 859 863 860
4817 2 2 0 4 2298 2630 1956
4818 2 2 0 4 1103 1105 1104
4819 2 2 0 4 3161 3308 2543
4820 2 2 0 4 1189 3394 1186
4821 2 2 0 4 949 951 950
4822 2 2 0 4 1247 1250 1248
4823 2 2 0 4 1283 3367 1247
4824 2 2 0 4 1632 1633 1631
4825 2 2 0 4 1629 1636 1632
4826 2 2 0 4 2287 2672 1970
4827 2 2 0 4 2588 3714 3086
4828 2 2 0 4 1160 1643 1158
4829 2 2 0 4 1585 2022 1583
4830 2 2 0 4 192 2416 191
4831 2 2 0 4 2245 2246 2224
4832 2 2 0 4 1270 2362 1094
4833 2 2 0 4 1268 3361 1270
4834 2 2 0 4 2073 2546 2314
4835 2 2 0 4 2314 2315 1555
4836 2 2 0 4 1971 2037 2036
4837 2 2 0 4 1341 1982 1640
4838 2 2 0 4 1308 1311 1310
4839 2 2 0 4 2036 2659 1927
4840 2 2 0 4 1332 1334 1333
4841 2 2 0 4 1443 1444 1216
4842 2 2 0 4 1218 1278 1217
4843 2 2 0 4 1976 2301 1465
4844 2 2 0 4 1892 2167 1893
4845 2 2 0 4 1893 2300 1563
4846 2 2 0 4 3055 3057 1994
4847 2 2 0 4 2035 2641 2640
4848 2 2 0 4 1220 1449 1448
4849 2 2 0 4 1446 1531 1447
4850 2 2 0 4 1447 2299 1219
4851 2 2 0 4 2178 2722 1663
4852 2 2 0 4 1340 1479 1343
4853 2 2 0 4 1731 1733 1732
4854 2 2 0 4 1732 2115 1730
4855 2 2 0 4 1271 1272 1171
4856 2 2 0 4 1166 1167 1165
4857 2 2 0 4 2459 3344 2458
4858 2 2 0 4 2453 2454 2452
4859 2 2 0 4 2441 2442 2440
4860 2 2 0 4 2463 3210 2495
4861 2 2 0 4 865 2489 860
4862 2 2 0 4 1883 3043 2101
4863 2 2 0 4 1707 3045 1887
4864 2 2 0 4 1509 3153 1513
4865 2 2 0 4 2081 3042 2085
4866 2 2 0 4 1944 3043 1883
4867 2 2 0 4 1709 3045 1707
4868 2 2 0 4 1958 3395 3015
4869 2 2 0 4 1333 3211 1084
4870 2 2 0 4 176 686 175
4871 2 2 0 4 181 2635 180
4872 2 2 0 4 182 3026 181
4873 2 2 0 4 183 687 182
4874 2 2 0 4 186 689 185
4875 2 2 0 4 188 2646 187
4876 2 2 0 4 236 763 235
4877 2 2 0 4 197 3023 196
4878 2 2 0 4 206 3021 205
4879 2 2 0 4 219 733 218
4880 2 2 0 4 198 753 197
4881 2 2 0 4 193 685 192
4882 2 2 0 4 165 723 164
4883 2 2 0 4 201 721 200
4884 2 2 0 4 208 3024 207
4885 2 2 0 4 210 727 209
4886 2 2 0 4 133 764 132
4887 2 2 0 4 135 747 134
4888 2 2 0 4 138 741 137
4889 2 2 0 4 141 740 140
4890 2 2 0 4 144 737 143
4891 2 2 0 4 145 3025 144
4892 2 2 0 4 147 736 146
4893 2 2 0 4 153 731 152
4894 2 2 0 4 156 730 155
4895 2 2 0 4 159 728 158
4896 2 2 0 4 162 725 161
4897 2 2 0 4 204 724 203
4898 2 2 0 4 207 726 206
4899 2 2 0 4 213 729 212
4900 2 2 0 4 216 732 215
4901 2 2 0 4 220 3019 219
4902 2 2 0 4 222 735 221
4903 2 2 0 4 225 738 224
4904 2 2 0 4 231 742 230
4905 2 2 0 4 234 748 233
4906 2 2 0 4 171 754 170
4907 2 2 0 4 150 734 149
4908 2 2 0 4 168 722 167
4909 2 2 0 4 228 739 227
4910 2 2 0 4 187 3027 186
4911 2 2 0 4 221 3030 220
4912 2 2 0 4 218 3028 217
4913 2 2 0 4 230 3020 229
4914 2 2 0 4 235 3029 234
4915 2 2 0 4 146 3031 145
4916 2 2 0 4 105 3033 104
4917 2 2 0 4 106 699 105
4918 2 2 0 4 109 698 108
4919 2 2 0 4 46 3036 45
4920 2 2 0 4 71 684 70
4921 2 2 0 4 88 711 87
4922 2 2 0 4 76 720 75
4923 2 2 0 4 79 717 78
4924 2 2 0 4 91 710 90
4925 2 2 0 4 94 708 93
4926 2 2 0 4 77 3034 76
4927 2 2 0 4 26 706 25
4928 2 2 0 4 32 709 31
4929 2 2 0 4 17 700 16
4930 2 2 0 4 41 715 40
4931 2 2 0 4 12 758 11
4932 2 2 0 4 14 697 13
4933 2 2 0 4 20 702 19
4934 2 2 0 4 23 703 22
4935 2 2 0 4 29 707 28
4936 2 2 0 4 35 712 34
4937 2 2 0 4 38 713 37
4938 2 2 0 4 44 718 43
4939 2 2 0 4 47 719 46
4940 2 2 0 4 52 683 51
4941 2 2 0 4 58 2636 57
4942 2 2 0 4 60 690 59
4943 2 2 0 4 63 688 62
4944 2 2 0 4 97 705 96
4945 2 2 0 4 112 3032 111
4946 2 2 0 4 103 701 102
4947 2 2 0 4 87 3040 86
4948 2 2 0 4 45 3038 44
4949 2 2 0 4 59 3037 58
4950 2 2 0 4 34 3035 33
4951 2 2 0 4 82 716 81
4952 2 2 0 4 85 714 84
4953 2 2 0 4 111 757 110
4954 2 2 0 4 100 704 99
4955 2 2 0 4 110 3039 109
4956 2 2 0 4 30 3041 29
4957 2 2 0 4 1739 1740 1738
4958 2 2 0 4 1841 2068 1840
4959 2 2 0 4 1131 2686 1129
4960 2 2 0 4 1130 1132 1131
4961 2 2 0 4 3017 3018 48
4962 2 2 0 4 689 2683 185
4963 2 2 0 4 183 2665 687
4964 2 2 0 4 683 2682 51
4965 2 2 0 4 2277 2278 2276
4966 2 2 0 4 2297 2298 1956
4967 2 2 0 4 1957 2568 2297
4968 2 2 0 4 854 2724 859
4969 2 2 0 4 859 860 855
4970 2 2 0 4 2359 3405 3139
4971 2 2 0 4 2085 3042 2104
4972 2 2 0 4 3301 3370 2671
4973 2 2 0 4 1713 3045 1709
4974 2 2 0 4 3008 3043 1944
4975 2 2 0 4 2105 3052 2949
4976 2 2 0 4 2008 3052 2611
4977 2 2 0 4 3057 3065 1994
4978 2 2 0 4 1123 3132 2615
4979 2 2 0 4 1103 1104 1102
4980 2 2 0 4 2000 2510 2001
4981 2 2 0 4 1999 3161 2543
4982 2 2 0 4 2543 2675 2000
4983 2 2 0 4 949 950 946
4984 2 2 0 4 945 2717 949
4985 2 2 0 4 1247 1248 1246
4986 2 2 0 4 1245 1283 1247
4987 2 2 0 4 1631 1651 1628
4988 2 2 0 4 1629 1632 1631
4989 2 2 0 4 2412 2413 2411
4990 2 2 0 4 2286 2287 1970
4991 2 2 0 4 2145 2365 1932
4992 2 2 0 4 1159 1160 1158
4993 2 2 0 4 1078 2666 1159
4994 2 2 0 4 1584 1585 1583
4995 2 2 0 4 1675 3050 1672
4996 2 2 0 4 144 3025 737
4997 2 2 0 4 219 3019 733
4998 2 2 0 4 735 3030 221
4999 2 2 0 4 687 3026 182
5000 2 2 0 4 726 3021 206
5001 2 2 0 4 186 3027 689
5002 2 2 0 4 753 3023 197
5003 2 2 0 4 181 3026 2635
5004 2 2 0 4 207 3024 726
5005 2 2 0 4 763 3029 235
5006 2 2 0 4 2646 3027 187
5007 2 2 0 4 742 3020 230
5008 2 2 0 4 733 3028 218
5009 2 2 0 4 220 3030 3019
5010 2 2 0 4 736 3031 146
5011 2 2 0 4 234 3029 748
5012 2 2 0 4 145 3031 3025
5013 2 2 0 4 699 3033 105
5014 2 2 0 4 111 3032 757
5015 2 2 0 4 58 3037 2636
5016 2 2 0 4 76 3034 720
5017 2 2 0 4 711 3040 87
5018 2 2 0 4 3036 3038 45
5019 2 2 0 4 44 3038 718
5020 2 2 0 4 719 3036 46
5021 2 2 0 4 690 3037 59
5022 2 2 0 4 757 3039 110
5023 2 2 0 4 712 3035 34
5024 2 2 0 4 109 3039 698
5025 2 2 0 4 29 3041 707
5026 2 2 0 4 2415 3102 2565
5027 2 2 0 4 2593 3047 2613
5028 2 2 0 4 1593 3058 1036
5029 2 2 0 4 793 3051 796
5030 2 2 0 4 2244 2245 2224
5031 2 2 0 4 2288 2661 1095
5032 2 2 0 4 1268 1270 1094
5033 2 2 0 4 2490 2492 2491
5034 2 2 0 4 1095 1269 1268
5035 2 2 0 4 1972 2256 2073
5036 2 2 0 4 2073 2314 1555
5037 2 2 0 4 1973 1976 1465
5038 2 2 0 4 1309 1315 1307
5039 2 2 0 4 1308 1310 1309
5040 2 2 0 4 1217 1443 1216
5041 2 2 0 4 1332 1333 1084
5042 2 2 0 4 1341 1640 1331
5043 2 2 0 4 1045 1218 1217
5044 2 2 0 4 1051 1053 1052
5045 2 2 0 4 1971 2036 1927
5046 2 2 0 4 1052 1223 1050
5047 2 2 0 4 1892 1893 1563
5048 2 2 0 4 2262 3055 1994
5049 2 2 0 4 2035 2640 2207
5050 2 2 0 4 1220 1448 1446
5051 2 2 0 4 1446 1447 1219
5052 2 2 0 4 2176 2178 1663
5053 2 2 0 4 1728 2177 2176
5054 2 2 0 4 1342 1344 1339
5055 2 2 0 4 1340 1343 1342
5056 2 2 0 4 1731 1732 1730
5057 2 2 0 4 1173 2707 1731
5058 2 2 0 4 1164 1271 1171
5059 2 2 0 4 1163 1166 1165
5060 2 2 0 4 1890 2634 2509
5061 2 2 0 4 2440 2496 2438
5062 2 2 0 4 840 2548 2469
5063 2 2 0 4 2463 2495 2462
5064 2 2 0 4 886 2544 2463
5065 2 2 0 4 952 3139 3138
5066 2 2 0 4 803 2441 2440
5067 2 2 0 4 2469 2470 2468
5068 2 2 0 4 2082 2459 2458
5069 2 2 0 4 1510 2453 2452
5070 2 2 0 4 829 2693 2561
5071 2 2 0 4 860 2489 855
5072 2 2 0 4 1022 3058 1019
5073 2 2 0 4 1011 2529 991
5074 2 2 0 4 2691 3451 2976
5075 2 2 0 4 2954 3450 1971
5076 2 2 0 4 2423 3579 2601
5077 2 2 0 4 2583 3134 2584
5078 2 2 0 4 2627 3188 1696
5079 2 2 0 4 967 3059 2706
5080 2 2 0 4 2900 3166 735
5081 2 2 0 4 2098 3434 3400
5082 2 2 0 4 796 3051 1157
5083 2 2 0 4 1225 3060 3059
5084 2 2 0 4 49 3017 48
5085 2 2 0 4 2572 3145 1978
5086 2 2 0 4 1035 3065 3057
5087 2 2 0 4 2344 3053 2346
5088 2 2 0 4 2949 3052 2008
5089 2 2 0 4 969 3059 967
5090 2 2 0 4 2032 3062 2885
5091 2 2 0 4 2885 3063 2882
5092 2 2 0 4 727 3313 2628
5093 2 2 0 4 2886 3063 1434
5094 2 2 0 4 2031 3062 2032
5095 2 2 0 4 2882 3063 1689
5096 2 2 0 4 1434 3062 2927
5097 2 2 0 4 1233 2716 1249
5098 2 2 0 4 2752 3810 2626
5099 2 2 0 4 2962 3066 2845
5100 2 2 0 4 1688 3066 2945
5101 2 2 0 4 1735 1739 1738
5102 2 2 0 4 1737 1841 1840
5103 2 2 0 4 1130 1131 1129
5104 2 2 0 4 2067 3181 2884
5105 2 2 0 4 1036 3058 1022
5106 2 2 0 4 836 3608 2446
5107 2 2 0 4 1130 3067 1483
5108 2 2 0 4 2738 3067 2742
5109 2 2 0 4 685 2416 192
5110 2 2 0 4 1048 3296 1969
5111 2 2 0 4 1527 3141 1346
5112 2 2 0 4 991 2529 993
5113 2 2 0 4 2037 2734 2039
5114 2 2 0 4 1995 3265 2761
5115 2 2 0 4 1542 3176 3077
5116 2 2 0 4 2429 3739 1570
5117 2 2 0 4 3098 3485 64
5118 2 2 0 4 3046 3504 3010
5119 2 2 0 4 1161 2715 1163
5120 2 2 0 4 2743 3275 2745
5121 2 2 0 4 1339 3288 1336
5122 2 2 0 4 772 3493 770
5123 2 2 0 4 1119 2668 1292
5124 2 2 0 4 2720 2721 2275
5125 2 2 0 4 2275 2277 2276
5126 2 2 0 4 1957 2297 1956
5127 2 2 0 4 854 859 855
5128 2 2 0 4 3170 3548 946
5129 2 2 0 4 2345 3088 2342
5130 2 2 0 4 173 3342 696
5131 2 2 0 4 3266 3449 2553
5132 2 2 0 4 2356 3719 2355
5133 2 2 0 4 1225 3059 969
5134 2 2 0 4 68 2582 745
5135 2 2 0 4 2408 3573 2407
5136 2 2 0 4 1495 3068 1496
5137 2 2 0 4 2500 3523 2715
5138 2 2 0 4 1618 3121 2117
5139 2 2 0 4 2927 3062 2031
5140 2 2 0 4 1689 3063 2886
5141 2 2 0 4 1485 3069 1317
5142 2 2 0 4 898 2667 1078
5143 2 2 0 4 1101 1103 1102
5144 2 2 0 4 1123 2615 1101
5145 2 2 0 4 2145 3493 2365
5146 2 2 0 4 315 3368 960
5147 2 2 0 4 2000 2001 1998
5148 2 2 0 4 1999 2543 2000
5149 2 2 0 4 1128 2519 1127
5150 2 2 0 4 3127 3128 3126
5151 2 2 0 4 1284 3346 3127
5152 2 2 0 4 2254 3439 3060
5153 2 2 0 4 2367 3759 2616
5154 2 2 0 4 945 949 946
5155 2 2 0 4 1245 1247 1246
5156 2 2 0 4 1629 1631 1628
5157 2 2 0 4 1920 2412 2411
5158 2 2 0 4 2386 3821 2268
5159 2 2 0 4 1899 2286 1970
5160 2 2 0 4 1970 2145 1932
5161 2 2 0 4 2757 3167 754
5162 2 2 0 4 2935 3655 24
5163 2 2 0 4 1078 1159 1158
5164 2 2 0 4 1582 1584 1583
5165 2 2 0 4 2591 2599 1582
5166 2 2 0 4 2646 3802 2020
5167 2 2 0 4 323 3550 324
5168 2 2 0 4 2640 3715 2068
5169 2 2 0 4 2845 3066 1688
5170 2 2 0 4 2340 3088 931
5171 2 2 0 4 1492 3074 1478
5172 2 2 0 4 1183 3075 1179
5173 2 2 0 4 984 3076 1058
5174 2 2 0 4 1475 3078 1090
5175 2 2 0 4 1646 3079 1467
5176 2 2 0 4 3076 3077 2026
5177 2 2 0 4 3482 3561 2113
5178 2 2 0 4 3081 3090 2144
5179 2 2 0 4 1483 3067 2738
5180 2 2 0 4 1496 3068 1647
5181 2 2 0 4 695 3432 195
5182 2 2 0 4 2223 2244 2224
5183 2 2 0 4 2127 3179 2128
5184 2 2 0 4 2128 2254 1526
5185 2 2 0 4 999 2288 1095
5186 2 2 0 4 2490 2491 2070
5187 2 2 0 4 1095 1268 1094
5188 2 2 0 4 1972 2073 1555
5189 2 2 0 4 1045 1217 1216
5190 2 2 0 4 1216 2691 1032
5191 2 2 0 4 1083 1341 1331
5192 2 2 0 4 1049 1486 1051
5193 2 2 0 4 1051 1052 1050
5194 2 2 0 4 1308 1309 1307
5195 2 2 0 4 1306 2673 1308
5196 2 2 0 4 1304 1971 1927
5197 2 2 0 4 1331 1332 1084
5198 2 2 0 4 1927 1973 1465
5199 2 2 0 4 1891 1892 1563
5200 2 2 0 4 1993 2262 1994
5201 2 2 0 4 2035 2207 2034
5202 2 2 0 4 1220 1446 1219
5203 2 2 0 4 1728 2176 1663
5204 2 2 0 4 1340 1342 1339
5205 2 2 0 4 1173 1731 1730
5206 2 2 0 4 1163 1165 1164
5207 2 2 0 4 1164 1171 1162
5208 2 2 0 4 1890 2509 2253
5209 2 2 0 4 939 2604 2436
5210 2 2 0 4 948 2603 2602
5211 2 2 0 4 856 2557 2460
5212 2 2 0 4 879 2650 2432
5213 2 2 0 4 886 2463 2462
5214 2 2 0 4 840 2469 2468
5215 2 2 0 4 2082 2458 2457
5216 2 2 0 4 952 3138 2478
5217 2 2 0 4 1510 2452 2451
5218 2 2 0 4 803 2440 2438
5219 2 2 0 4 829 2561 2420
5220 2 2 0 4 811 2592 2447
5221 2 2 0 4 2352 3464 2353
5222 2 2 0 4 1174 3491 1330
5223 2 2 0 4 1589 3069 1485
5224 2 2 0 4 2748 3103 2747
5225 2 2 0 4 2345 3827 3088
5226 2 2 0 4 1154 2780 2597
5227 2 2 0 4 850 2694 854
5228 2 2 0 4 1020 3100 1018
5229 2 2 0 4 2216 3071 1062
5230 2 2 0 4 1458 3070 1354
5231 2 2 0 4 1340 2504 1479
5232 2 2 0 4 1587 3501 2193
5233 2 2 0 4 2066 3479 2295
5234 2 2 0 4 274 962 275
5235 2 2 0 4 321 971 322
5236 2 2 0 4 297 2685 298
5237 2 2 0 4 273 2449 274
5238 2 2 0 4 250 868 251
5239 2 2 0 4 247 856 248
5240 2 2 0 4 302 829 303
5241 2 2 0 4 326 975 327
5242 2 2 0 4 276 941 277
5243 2 2 0 4 289 2695 290
5244 2 2 0 4 252 924 253
5245 2 2 0 4 299 830 300
5246 2 2 0 4 243 2445 244
5247 2 2 0 4 290 803 291
5248 2 2 0 4 328 815 329
5249 2 2 0 4 293 811 294
5250 2 2 0 4 317 974 318
5251 2 2 0 4 311 2547 312
5252 2 2 0 4 330 789 6
5253 2 2 0 4 240 2605 241
5254 2 2 0 4 315 960 316
5255 2 2 0 4 241 840 242
5256 2 2 0 4 288 814 289
5257 2 2 0 4 238 836 239
5258 2 2 0 4 309 947 310
5259 2 2 0 4 5 2082 237
5260 2 2 0 4 263 903 264
5261 2 2 0 4 260 894 261
5262 2 2 0 4 307 1510 308
5263 2 2 0 4 282 948 283
5264 2 2 0 4 329 2502 330
5265 2 2 0 4 266 911 267
5266 2 2 0 4 305 837 306
5267 2 2 0 4 261 2508 262
5268 2 2 0 4 284 813 285
5269 2 2 0 4 327 2574 328
5270 2 2 0 4 244 845 245
5271 2 2 0 4 312 952 313
5272 2 2 0 4 269 916 270
5273 2 2 0 4 316 2471 317
5274 2 2 0 4 286 795 287
5275 2 2 0 4 296 824 297
5276 2 2 0 4 325 2480 326
5277 2 2 0 4 272 932 273
5278 2 2 0 4 319 973 320
5279 2 2 0 4 254 879 255
5280 2 2 0 4 301 2479 302
5281 2 2 0 4 285 2434 286
5282 2 2 0 4 324 972 325
5283 2 2 0 4 279 939 280
5284 2 2 0 4 257 886 258
5285 2 2 0 4 275 2541 276
5286 2 2 0 4 251 2503 252
5287 2 2 0 4 298 2532 299
5288 2 2 0 4 1978 3145 2624
5289 2 2 0 4 2899 3094 2897
5290 2 2 0 4 2173 3094 2172
5291 2 2 0 4 905 3633 2587
5292 2 2 0 4 193 3087 685
5293 2 2 0 4 3325 3457 2048
5294 2 2 0 4 2022 3072 1583
5295 2 2 0 4 2117 2975 1676
5296 2 2 0 4 979 3357 2133
5297 2 2 0 4 1092 3095 1228
5298 2 2 0 4 1705 3096 1708
5299 2 2 0 4 1977 3546 1965
5300 2 2 0 4 2424 3561 3482
5301 2 2 0 4 1989 3074 1492
5302 2 2 0 4 1358 3075 1183
5303 2 2 0 4 1058 3076 2026
5304 2 2 0 4 2058 3078 1475
5305 2 2 0 4 2613 3079 1646
5306 2 2 0 4 947 3431 310
5307 2 2 0 4 311 3431 2547
5308 2 2 0 4 3125 3419 2280
5309 2 2 0 4 2243 3500 2366
5310 2 2 0 4 1573 2702 1694
5311 2 2 0 4 2378 3728 2263
5312 2 2 0 4 2072 3728 2378
5313 2 2 0 4 1727 3103 2795
5314 2 2 0 4 2057 3081 2144
5315 2 2 0 4 1018 3100 1021
5316 2 2 0 4 2188 3082 2208
5317 2 2 0 4 3090 3195 1011
5318 2 2 0 4 19 3104 18
5319 2 2 0 4 196 3023 695
5320 2 2 0 4 1141 3044 1224
5321 2 2 0 4 803 2438 291
5322 2 2 0 4 971 2607 322
5323 2 2 0 4 811 2447 294
5324 2 2 0 4 924 2472 253
5325 2 2 0 4 911 2425 267
5326 2 2 0 4 856 2460 248
5327 2 2 0 4 247 2567 856
5328 2 2 0 4 836 2446 239
5329 2 2 0 4 879 2432 255
5330 2 2 0 4 829 2420 303
5331 2 2 0 4 886 2462 258
5332 2 2 0 4 939 2436 280
5333 2 2 0 4 952 2478 313
5334 2 2 0 4 941 2474 277
5335 2 2 0 4 837 2601 306
5336 2 2 0 4 948 2602 283
5337 2 2 0 4 2082 2457 237
5338 2 2 0 4 840 2468 242
5339 2 2 0 4 1510 2451 308
5340 2 2 0 4 974 2456 318
5341 2 2 0 4 830 2488 300
5342 2 2 0 4 789 2473 6
5343 2 2 0 4 795 2482 287
5344 2 2 0 4 903 2466 264
5345 2 2 0 4 973 2483 320
5346 2 2 0 4 2391 3182 2093
5347 2 2 0 4 2309 3096 1702
5348 2 2 0 4 3286 3800 2617
5349 2 2 0 4 2279 3484 3207
5350 2 2 0 4 2465 3207 3206
5351 2 2 0 4 171 3106 754
5352 2 2 0 4 2811 3108 2812
5353 2 2 0 4 2928 3108 2377
5354 2 2 0 4 2561 3561 2420
5355 2 2 0 4 2800 2801 2734
5356 2 2 0 4 3083 3732 3084
5357 2 2 0 4 3084 3732 2398
5358 2 2 0 4 2059 3280 2578
5359 2 2 0 4 2336 3642 2574
5360 2 2 0 4 2891 3110 2890
5361 2 2 0 4 2327 3110 2326
5362 2 2 0 4 1135 2519 1128
5363 2 2 0 4 752 3434 3102
5364 2 2 0 4 262 3080 263
5365 2 2 0 4 2574 3676 2336
5366 2 2 0 4 2344 3269 3053
5367 2 2 0 4 2223 3087 2244
5368 2 2 0 4 2673 2674 1658
5369 2 2 0 4 2259 2663 2662
5370 2 2 0 4 2055 3421 3105
5371 2 2 0 4 3199 3695 2361
5372 2 2 0 4 10 3538 9
5373 2 2 0 4 3318 3656 3393
5374 2 2 0 4 2975 3636 1676
5375 2 2 0 4 2676 3427 2477
5376 2 2 0 4 3627 3747 2295
5377 2 2 0 4 2232 3560 1985
5378 2 2 0 4 1737 1840 1734
5379 2 2 0 4 1735 1738 1737
5380 2 2 0 4 1075 1130 1129
5381 2 2 0 4 1129 1469 1074
5382 2 2 0 4 2369 2371 2370
5383 2 2 0 4 1533 3741 2981
5384 2 2 0 4 750 3017 49
5385 2 2 0 4 3099 3195 3090
5386 2 2 0 4 2266 3757 2268
5387 2 2 0 4 2465 3205 894
5388 2 2 0 4 759 3262 2880
5389 2 2 0 4 1897 3121 1613
5390 2 2 0 4 53 3118 52
5391 2 2 0 4 1905 3285 2099
5392 2 2 0 4 2232 3799 2607
5393 2 2 0 4 2643 3279 1474
5394 2 2 0 4 1728 3086 2177
5395 2 2 0 4 2985 3124 1967
5396 2 2 0 4 1643 3111 1158
5397 2 2 0 4 846 3089 2408
5398 2 2 0 4 194 3087 193
5399 2 2 0 4 62 3707 61
5400 2 2 0 4 2089 3362 2092
5401 2 2 0 4 2476 3109 2677
5402 2 2 0 4 3115 3324 1920
5403 2 2 0 4 2818 3795 697
5404 2 2 0 4 32 3119 709
5405 2 2 0 4 3035 3119 33
5406 2 2 0 4 2365 3562 1932
5407 2 2 0 4 2228 3736 2229
5408 2 2 0 4 3194 3794 1193
5409 2 2 0 4 3102 3772 1651
5410 2 2 0 4 2544 3497 2463
5411 2 2 0 4 3425 3562 2365
5412 2 2 0 4 2207 3586 3319
5413 2 2 0 4 3241 3440 2094
5414 2 2 0 4 3336 3715 2641
5415 2 2 0 4 2776 3135 2292
5416 2 2 0 4 2883 3764 3040
5417 2 2 0 4 1661 3197 1662
5418 2 2 0 4 1330 3519 3481
5419 2 2 0 4 2496 3464 2497
5420 2 2 0 4 1677 3173 2175
5421 2 2 0 4 1929 3743 1928
5422 2 2 0 4 2897 3094 2173
5423 2 2 0 4 2068 3203 2640
5424 2 2 0 4 2489 3781 855
5425 2 2 0 4 2915 3142 2805
5426 2 2 0 4 704 3130 99
5427 2 2 0 4 856 3091 2557
5428 2 2 0 4 2152 3302 2188
5429 2 2 0 4 2249 3717 2777
5430 2 2 0 4 953 3603 2181
5431 2 2 0 4 787 3196 784
5432 2 2 0 4 2611 3371 2501
5433 2 2 0 4 226 3140 225
5434 2 2 0 4 226 3273 3140
5435 2 2 0 4 2366 3500 1542
5436 2 2 0 4 2104 3410 2088
5437 2 2 0 4 2487 3097 1977
5438 2 2 0 4 1668 3574 2573
5439 2 2 0 4 761 3809 2837
5440 2 2 0 4 1708 3096 1716
5441 2 2 0 4 1228 3095 3011
5442 2 2 0 4 1515 3571 2515
5443 2 2 0 4 2578 3330 2059
5444 2 2 0 4 3302 3539 3051
5445 2 2 0 4 1212 3113 1209
5446 2 2 0 4 2392 2723 1639
5447 2 2 0 4 2275 2276 2274
5448 2 2 0 4 2272 2720 2275
5449 2 2 0 4 1299 1503 1502
5450 2 2 0 4 1955 1957 1956
5451 2 2 0 4 854 855 853
5452 2 2 0 4 766 3180 1878
5453 2 2 0 4 964 3224 2341
5454 2 2 0 4 2592 3718 2367
5455 2 2 0 4 2159 3405 2359
5456 2 2 0 4 2747 3103 1727
5457 2 2 0 4 2523 3290 2522
5458 2 2 0 4 865 3731 2489
5459 2 2 0 4 2414 3424 2133
5460 2 2 0 4 755 3215 2835
5461 2 2 0 4 3054 3615 2681
5462 2 2 0 4 3039 3819 2377
5463 2 2 0 4 2241 3565 3343
5464 2 2 0 4 1021 3100 3016
5465 2 2 0 4 3087 3432 2244
5466 2 2 0 4 718 3143 43
5467 2 2 0 4 103 3144 701
5468 2 2 0 4 3033 3144 104
5469 2 2 0 4 1903 3149 1905
5470 2 2 0 4 115 3151 114
5471 2 2 0 4 131 3152 130
5472 2 2 0 4 2333 3567 2647
5473 2 2 0 4 2727 3105 2639
5474 2 2 0 4 2105 3164 3052
5475 2 2 0 4 2150 3117 1630
5476 2 2 0 4 2638 3184 160
5477 2 2 0 4 3624 3647 1891
5478 2 2 0 4 113 3154 112
5479 2 2 0 4 1177 3574 3084
5480 2 2 0 4 2919 3309 701
5481 2 2 0 4 3081 3099 3090
5482 2 2 0 4 1287 3230 3113
5483 2 2 0 4 1973 3611 1976
5484 2 2 0 4 3091 3422 2557
5485 2 2 0 4 3366 3571 3442
5486 2 2 0 4 1469 3776 3284
5487 2 2 0 4 696 3106 172
5488 2 2 0 4 702 3104 19
5489 2 2 0 4 2702 3438 2140
5490 2 2 0 4 2563 3377 2332
5491 2 2 0 4 2935 3164 2106
5492 2 2 0 4 3052 3164 706
5493 2 2 0 4 172 3106 171
5494 2 2 0 4 2335 3789 2334
5495 2 2 0 4 2567 3091 856
5496 2 2 0 4 2898 3166 2900
5497 2 2 0 4 1974 3166 2966
5498 2 2 0 4 847 3411 2859
5499 2 2 0 4 1969 3296 2589
5500 2 2 0 4 15 3165 14
5501 2 2 0 4 1081 3308 1076
5502 2 2 0 4 2937 3169 2191
5503 2 2 0 4 2932 3169 1925
5504 2 2 0 4 3041 3189 2109
5505 2 2 0 4 1955 3749 1957
5506 2 2 0 4 2304 3254 2494
5507 2 2 0 4 170 3167 169
5508 2 2 0 4 1316 3145 1214
5509 2 2 0 4 2151 2679 2148
5510 2 2 0 4 194 3432 3087
5511 2 2 0 4 2178 3243 2722
5512 2 2 0 4 1330 3481 3146
5513 2 2 0 4 3025 3142 737
5514 2 2 0 4 24 3503 2935
5515 2 2 0 4 3176 3500 2242
5516 2 2 0 4 2474 3109 2476
5517 2 2 0 4 1017 2645 1020
5518 2 2 0 4 794 2366 792
5519 2 2 0 4 2756 3167 2757
5520 2 2 0 4 3291 3813 2433
5521 2 2 0 4 1099 1123 1101
5522 2 2 0 4 1101 1102 1100
5523 2 2 0 4 1318 3175 1645
5524 2 2 0 4 741 3578 2626
5525 2 2 0 4 3686 3759 1915
5526 2 2 0 4 872 3355 870
5527 2 2 0 4 2631 3162 2488
5528 2 2 0 4 721 3664 2637
5529 2 2 0 4 2884 3181 83
5530 2 2 0 4 2900 3507 2899
5531 2 2 0 4 3092 3427 2676
5532 2 2 0 4 1916 3183 2055
5533 2 2 0 4 2812 3108 2928
5534 2 2 0 4 2291 3525 2215
5535 2 2 0 4 2455 3199 2452
5536 2 2 0 4 2934 3518 703
5537 2 2 0 4 60 3651 690
5538 2 2 0 4 2404 3559 3312
5539 2 2 0 4 1545 3101 2035
5540 2 2 0 4 2644 3670 692
5541 2 2 0 4 1868 3185 1931
5542 2 2 0 4 770 3492 777
5543 2 2 0 4 1999 2000 1998
5544 2 2 0 4 1284 3127 3126
5545 2 2 0 4 740 3177 140
5546 2 2 0 4 2810 3276 2811
5547 2 2 0 4 1636 3216 2656
5548 2 2 0 4 2628 3777 727
5549 2 2 0 4 2522 3783 1104
5550 2 2 0 4 945 946 944
5551 2 2 0 4 3106 3601 754
5552 2 2 0 4 1245 1246 1244
5553 2 2 0 4 1627 1629 1628
5554 2 2 0 4 1920 2411 1919
5555 2 2 0 4 1522 2010 2009
5556 2 2 0 4 82 3181 716
5557 2 2 0 4 2079 2098 1622
5558 2 2 0 4 1899 1970 1932
5559 2 2 0 4 1628 3417 1625
5560 2 2 0 4 768 3180 766
5561 2 2 0 4 2057 3249 3081
5562 2 2 0 4 1115 3353 1113
5563 2 2 0 4 2890 3110 2327
5564 2 2 0 4 1513 3153 1536
5565 2 2 0 4 1460 3067 1075
5566 2 2 0 4 2647 3567 166
5567 2 2 0 4 159 3184 728
5568 2 2 0 4 784 3196 786
5569 2 2 0 4 2682 3586 750
5570 2 2 0 4 3284 3776 2369
5571 2 2 0 4 955 3558 951
5572 2 2 0 4 954 3558 1153
5573 2 2 0 4 1041 3706 1940
5574 2 2 0 4 1078 1158 900
5575 2 2 0 4 1582 1583 1356
5576 2 2 0 4 1581 2591 1582
5577 2 2 0 4 15 3443 3165
5578 2 2 0 4 2749 3190 747
5579 2 2 0 4 709 3189 31
5580 2 2 0 4 30 3189 3041
5581 2 2 0 4 133 3190 764
5582 2 2 0 4 747 3190 134
5583 2 2 0 4 2225 3624 978
5584 2 2 0 4 2844 3259 732
5585 2 2 0 4 2376 3437 2837
5586 2 2 0 4 1267 3269 1147
5587 2 2 0 4 2221 3246 3202
5588 2 2 0 4 1623 3417 2079
5589 2 2 0 4 3019 3185 733
5590 2 2 0 4 961 3603 953
5591 2 2 0 4 1287 3113 1212
5592 2 2 0 4 2713 3820 731
5593 2 2 0 4 245 3107 246
5594 2 2 0 4 1184 2614 1187
5595 2 2 0 4 1931 3483 1974
5596 2 2 0 4 2040 3349 2571
5597 2 2 0 4 2153 3549 1258
5598 2 2 0 4 789 3790 3191
5599 2 2 0 4 1979 3716 1980
5600 2 2 0 4 169 3204 168
5601 2 2 0 4 3053 3269 1267
5602 2 2 0 4 1474 3279 2766
5603 2 2 0 4 2665 3114 687
5604 2 2 0 4 1631 3572 1651
5605 2 2 0 4 2209 3553 2645
5606 2 2 0 4 1334 3209 1333
5607 2 2 0 4 1193 3794 1195
5608 2 2 0 4 3034 3274 2748
5609 2 2 0 4 2597 2780 2046
5610 2 2 0 4 2672 3492 2145
5611 2 2 0 4 1215 3535 1213
5612 2 2 0 4 3068 3249 2056
5613 2 2 0 4 771 3568 1357
5614 2 2 0 4 2564 2734 2037
5615 2 2 0 4 2626 3810 741
5616 2 2 0 4 2208 3117 2150
5617 2 2 0 4 2495 3606 2464
5618 2 2 0 4 2559 3768 2483
5619 2 2 0 4 1735 3112 1739
5620 2 2 0 4 2681 3134 684
5621 2 2 0 4 2600 3534 3288
5622 2 2 0 4 2234 3485 3098
5623 2 2 0 4 1591 3568 769
5624 2 2 0 4 3045 3575 1887
5625 2 2 0 4 1854 3112 2553
5626 2 2 0 4 126 3215 755
5627 2 2 0 4 744 3215 127
5628 2 2 0 4 2700 3295 812
5629 2 2 0 4 2019 3591 2018
5630 2 2 0 4 93 3214 92
5631 2 2 0 4 1613 3121 1615
5632 2 2 0 4 2223 2224 2182
5633 2 2 0 4 1934 3218 2784
5634 2 2 0 4 2127 2128 1526
5635 2 2 0 4 999 1095 1094
5636 2 2 0 4 1360 2490 2070
5637 2 2 0 4 1554 1972 1555
5638 2 2 0 4 1045 1216 1032
5639 2 2 0 4 930 2586 1045
5640 2 2 0 4 1049 1051 1050
5641 2 2 0 4 1306 1308 1307
5642 2 2 0 4 1083 1331 1084
5643 2 2 0 4 1304 1927 1465
5644 2 2 0 4 1562 1891 1563
5645 2 2 0 4 1457 2414 1993
5646 2 2 0 4 1993 1994 1641
5647 2 2 0 4 2034 2332 1544
5648 2 2 0 4 1545 2035 2034
5649 2 2 0 4 1152 1220 1219
5650 2 2 0 4 1637 1728 1663
5651 2 2 0 4 1938 1939 1452
5652 2 2 0 4 1338 1340 1339
5653 2 2 0 4 1173 1730 1169
5654 2 2 0 4 1163 1164 1162
5655 2 2 0 4 2499 2500 1677
5656 2 2 0 4 1890 2253 1347
5657 2 2 0 4 1438 2249 1890
5658 2 2 0 4 3029 3652 2608
5659 2 2 0 4 33 3119 32
5660 2 2 0 4 52 3118 683
5661 2 2 0 4 2190 3512 2189
5662 2 2 0 4 3032 3587 757
5663 2 2 0 4 2723 3549 3526
5664 2 2 0 4 2722 3243 686
5665 2 2 0 4 779 3618 776
5666 2 2 0 4 1951 3788 1954
5667 2 2 0 4 1509 1512 1511
5668 2 2 0 4 2129 3316 3116
5669 2 2 0 4 884 3392 2307
5670 2 2 0 4 1907 3156 1314
5671 2 2 0 4 1967 3124 2487
5672 2 2 0 4 1619 1621 1620
5673 2 2 0 4 2983 3468 818
5674 2 2 0 4 1164 3672 1271
5675 2 2 0 4 2092 3699 2603
5676 2 2 0 4 2592 3724 3718
5677 2 2 0 4 3408 3724 2592
5678 2 2 0 4 2623 3591 2019
5679 2 2 0 4 2001 3422 1998
5680 2 2 0 4 3361 3588 1270
5681 2 2 0 4 2974 2975 2117
5682 2 2 0 4 2115 3336 2641
5683 2 2 0 4 101 3229 100
5684 2 2 0 4 2355 3614 2352
5685 2 2 0 4 3342 3520 696
5686 2 2 0 4 2230 3736 2579
5687 2 2 0 4 1039 3289 2136
5688 2 2 0 4 1615 1617 1616
5689 2 2 0 4 1546 2063 1348
5690 2 2 0 4 1048 1969 1046
5691 2 2 0 4 898 899 897
5692 2 2 0 4 1471 1572 1261
5693 2 2 0 4 1311 1313 1312
5694 2 2 0 4 1449 1451 1450
5695 2 2 0 4 1159 1550 1161
5696 2 2 0 4 1584 1665 1586
5697 2 2 0 4 2293 3489 2291
5698 2 2 0 4 724 3226 203
5699 2 2 0 4 2505 3282 2625
5700 2 2 0 4 1561 3232 1322
5701 2 2 0 4 3481 3519 2182
5702 2 2 0 4 1245 3126 1283
5703 2 2 0 4 1508 3153 1509
5704 2 2 0 4 2774 3238 2333
5705 2 2 0 4 2306 3238 1941
5706 2 2 0 4 228 3231 739
5707 2 2 0 4 3020 3231 229
5708 2 2 0 4 2652 3516 1528
5709 2 2 0 4 945 3129 2717
5710 2 2 0 4 3104 3322 18
5711 2 2 0 4 2370 3601 3106
5712 2 2 0 4 3040 3527 2883
5713 2 2 0 4 2025 3563 2019
5714 2 2 0 4 2658 3414 895
5715 2 2 0 4 1248 2349 1246
5716 2 2 0 4 1713 3314 3045
5717 2 2 0 4 2148 2679 2149
5718 2 2 0 4 99 3130 98
5719 2 2 0 4 2546 3281 1982
5720 2 2 0 4 1518 2670 1661
5721 2 2 0 4 1014 3826 1030
5722 2 2 0 4 3024 3777 2628
5723 2 2 0 4 2639 3184 2638
5724 2 2 0 4 92 3244 91
5725 2 2 0 4 151 3247 150
5726 2 2 0 4 2494 3253 2050
5727 2 2 0 4 2049 3253 2388
5728 2 2 0 4 1674 3141 2533
5729 2 2 0 4 3093 3482 2113
5730 2 2 0 4 2479 3755 2693
5731 2 2 0 4 2249 3475 2634
5732 2 2 0 4 2701 3597 3048
5733 2 2 0 4 1980 3245 1493
5734 2 2 0 4 801 3261 806
5735 2 2 0 4 211 3252 210
5736 2 2 0 4 1157 3261 799
5737 2 2 0 4 36 3254 35
5738 2 2 0 4 686 3243 175
5739 2 2 0 4 2832 3262 2751
5740 2 2 0 4 2686 3472 2371
5741 2 2 0 4 2401 3356 2403
5742 2 2 0 4 3631 3757 2387
5743 2 2 0 4 2292 3135 2293
5744 2 2 0 4 3050 3825 1324
5745 2 2 0 4 687 3239 3026
5746 2 2 0 4 3120 3761 2305
5747 2 2 0 4 2995 3271 1564
5748 2 2 0 4 2328 3259 2844
5749 2 2 0 4 1489 3222 1491
5750 2 2 0 4 1536 2670 1516
5751 2 2 0 4 3140 3273 2174
5752 2 2 0 4 3570 3617 2065
5753 2 2 0 4 732 3259 215
5754 2 2 0 4 2591 3534 2599
5755 2 2 0 4 2636 3279 2643
5756 2 2 0 4 2143 3156 1907
5757 2 2 0 4 1987 3142 2915
5758 2 2 0 4 2313 3643 3441
5759 2 2 0 4 1878 3746 3577
5760 2 2 0 4 2164 3769 3064
5761 2 2 0 4 1703 3223 1704
5762 2 2 0 4 2064 3171 1490
5763 2 2 0 4 225 3140 738
5764 2 2 0 4 2723 3526 1589
5765 2 2 0 4 714 3764 2883
5766 2 2 0 4 43 3143 42
5767 2 2 0 4 715 3720 2794
5768 2 2 0 4 2383 3508 2382
5769 2 2 0 4 74 3275 73
5770 2 2 0 4 104 3144 103
5771 2 2 0 4 3260 3528 3289
5772 2 2 0 4 739 3273 227
5773 2 2 0 4 717 3274 78
5774 2 2 0 4 77 3274 3034
5775 2 2 0 4 1971 2564 2037
5776 2 2 0 4 698 3276 108
5777 2 2 0 4 2305 3787 3120
5778 2 2 0 4 3466 3499 1502
5779 2 2 0 4 2175 3541 3414
5780 2 2 0 4 1198 3294 1056
5781 2 2 0 4 2159 3474 3405
5782 2 2 0 4 2463 3497 3210
5783 2 2 0 4 1173 3146 2707
5784 2 2 0 4 3285 3455 2099
5785 2 2 0 4 1438 3717 2249
5786 2 2 0 4 2950 3303 1476
5787 2 2 0 4 3036 3632 2236
5788 2 2 0 4 1458 3136 3070
5789 2 2 0 4 3186 3187 2009
5790 2 2 0 4 1550 3541 3173
5791 2 2 0 4 2316 3305 1986
5792 2 2 0 4 1981 3306 2826
5793 2 2 0 4 1263 2614 1181
5794 2 2 0 4 2363 3148 2362
5795 2 2 0 4 2318 3635 2319
5796 2 2 0 4 2536 3149 1903
5797 2 2 0 4 2517 3178 2516
5798 2 2 0 4 2007 3309 2919
5799 2 2 0 4 2825 3309 2814
5800 2 2 0 4 3081 3249 1497
5801 2 2 0 4 760 3151 115
5802 2 2 0 4 130 3152 759
5803 2 2 0 4 1908 3225 2142
5804 2 2 0 4 896 3666 2667
5805 2 2 0 4 953 2181 950
5806 2 2 0 4 2873 3313 2874
5807 2 2 0 4 2628 3313 2005
5808 2 2 0 4 40 3283 39
5809 2 2 0 4 1162 3208 1160
5810 2 2 0 4 2793 3283 715
5811 2 2 0 4 878 2225 876
5812 2 2 0 4 935 2692 937
5813 2 2 0 4 2851 3675 835
5814 2 2 0 4 749 3298 3054
5815 2 2 0 4 1325 3232 1678
5816 2 2 0 4 3723 3762 2153
5817 2 2 0 4 694 3818 3098
5818 2 2 0 4 97 3307 705
5819 2 2 0 4 112 3154 3032
5820 2 2 0 4 3351 3633 1643
5821 2 2 0 4 2698 3456 2579
5822 2 2 0 4 2837 3809 755
5823 2 2 0 4 1954 3788 2163
5824 2 2 0 4 1943 3061 1152
5825 2 2 0 4 946 3548 944
5826 2 2 0 4 1188 3213 1190
5827 2 2 0 4 695 3727 3432
5828 2 2 0 4 3131 3211 2648
5829 2 2 0 4 2113 3743 3093
5830 2 2 0 4 2228 2698 2579
5831 2 2 0 4 2540 3515 2337
5832 2 2 0 4 703 3655 2934
5833 2 2 0 4 2748 3467 3034
5834 2 2 0 4 1044 3294 1043
5835 2 2 0 4 2246 3481 2224
5836 2 2 0 4 1301 3330 1298
5837 2 2 0 4 2237 3332 2236
5838 2 2 0 4 2726 3216 3082
5839 2 2 0 4 2585 3334 2029
5840 2 2 0 4 2968 3334 2608
5841 2 2 0 4 1436 2621 1566
5842 2 2 0 4 1276 2216 1062
5843 2 2 0 4 17 3322 700
5844 2 2 0 4 1030 3158 862
5845 2 2 0 4 2252 3322 3104
5846 2 2 0 4 3587 3819 757
5847 2 2 0 4 232 3333 231
5848 2 2 0 4 1263 3241 2699
5849 2 2 0 4 142 3335 141
5850 2 2 0 4 2141 3519 2143
5851 2 2 0 4 2532 3345 830
5852 2 2 0 4 3198 3398 798
5853 2 2 0 4 2351 3297 1321
5854 2 2 0 4 2535 3702 2534
5855 2 2 0 4 1910 3222 1489
5856 2 2 0 4 2004 3364 3024
5857 2 2 0 4 2020 3802 2594
5858 2 2 0 4 2891 3529 3110
5859 2 2 0 4 2784 3354 2012
5860 2 2 0 4 2464 3606 2465
5861 2 2 0 4 1900 3663 2538
5862 2 2 0 4 177 2415 176
5863 2 2 0 4 54 2417 53
5864 2 2 0 4 2440 3737 2496
5865 2 2 0 4 1053 1460 1075
5866 2 2 0 4 1918 3115 1920
5867 2 2 0 4 2106 3164 2105
5868 2 2 0 4 783 2726 787
5869 2 2 0 4 3110 3751 2326
5870 2 2 0 4 1336 3288 1337
5871 2 2 0 4 1706 3223 1703
5872 2 2 0 4 2779 3325 2780
5873 2 2 0 4 2775 3717 2776
5874 2 2 0 4 2607 3799 323
5875 2 2 0 4 1324 3825 3124
5876 2 2 0 4 734 3343 149
5877 2 2 0 4 1662 3482 3093
5878 2 2 0 4 2548 3829 3575
5879 2 2 0 4 2966 3166 2898
5880 2 2 0 4 2465 3206 3205
5881 2 2 0 4 2253 3792 3227
5882 2 2 0 4 758 3795 2818
5883 2 2 0 4 2408 3744 3681
5884 2 2 0 4 2525 2997 1693
5885 2 2 0 4 1149 2524 1145
5886 2 2 0 4 1001 2526 1003
5887 2 2 0 4 14 3165 697
5888 2 2 0 4 2185 3364 2002
5889 2 2 0 4 3065 3544 2131
5890 2 2 0 4 2658 3380 1305
5891 2 2 0 4 2295 3803 3627
5892 2 2 0 4 1938 3150 1939
5893 2 2 0 4 1490 3171 1933
5894 2 2 0 4 3100 3593 3271
5895 2 2 0 4 1925 3169 2937
5896 2 2 0 4 927 3328 906
5897 2 2 0 4 3395 3722 3015
5898 2 2 0 4 1024 2645 1017
5899 2 2 0 4 792 2366 797
5900 2 2 0 4 754 3167 170
5901 2 2 0 4 2551 3315 3116
5902 2 2 0 4 885 3392 884
5903 2 2 0 4 3142 3305 737
5904 2 2 0 4 3227 3228 2253
5905 2 2 0 4 2810 3480 3276
5906 2 2 0 4 138 3358 741
5907 2 2 0 4 2400 2570 2397
5908 2 2 0 4 1125 3729 1126
5909 2 2 0 4 3100 3271 3016
5910 2 2 0 4 1700 2309 1702
5911 2 2 0 4 1933 2576 2290
5912 2 2 0 4 1674 2533 2231
5913 2 2 0 4 2318 2319 1960
5914 2 2 0 4 1037 2394 1990
5915 2 2 0 4 1099 1100 1098
5916 2 2 0 4 781 812 783
5917 2 2 0 4 1694 2140 1696
5918 2 2 0 4 974 3157 2456
5919 2 2 0 4 2163 3463 2162
5920 2 2 0 4 1457 3367 2414
5921 2 2 0 4 930 3002 2586
5922 2 2 0 4 1360 3384 2490
5923 2 2 0 4 2044 2597 2046
5924 2 2 0 4 3165 3443 2206
5925 2 2 0 4 707 3371 28
5926 2 2 0 4 781 2700 812
5927 2 2 0 4 2062 3304 3046
5928 2 2 0 4 1729 3293 2619
5929 2 2 0 4 3243 3342 174
5930 2 2 0 4 2491 3170 2070
5931 2 2 0 4 3089 3744 2408
5932 2 2 0 4 3048 3597 1902
5933 2 2 0 4 2538 3499 3466
5934 2 2 0 4 3441 3808 2313
5935 2 2 0 4 2022 3793 2729
5936 2 2 0 4 1534 3156 2499
5937 2 2 0 4 3034 3467 720
5938 2 2 0 4 693 3235 2493
5939 2 2 0 4 2576 3576 1605
5940 2 2 0 4 1645 3175 2560
5941 2 2 0 4 1713 3420 3311
5942 2 2 0 4 1641 3065 2131
5943 2 2 0 4 3393 3656 2087
5944 2 2 0 4 3294 3383 2222
5945 2 2 0 4 2962 3214 3066
5946 2 2 0 4 2505 2506 2504
5947 2 2 0 4 2678 3341 21
5948 2 2 0 4 920 3270 891
5949 2 2 0 4 2633 3746 1586
5950 2 2 0 4 913 2555 910
5951 2 2 0 4 1462 3360 1543
5952 2 2 0 4 140 3177 139
5953 2 2 0 4 2079 3434 2098
5954 2 2 0 4 216 3416 732
5955 2 2 0 4 3028 3416 217
5956 2 2 0 4 1562 3163 1891
5957 2 2 0 4 777 3180 768
5958 2 2 0 4 2172 3660 2174
5959 2 2 0 4 3077 3176 2026
5960 2 2 0 4 2730 3472 2686
5961 2 2 0 4 3271 3390 1564
5962 2 2 0 4 2710 3444 2712
5963 2 2 0 4 3181 3354 716
5964 2 2 0 4 1476 3444 2887
5965 2 2 0 4 2312 3444 2710
5966 2 2 0 4 83 3181 82
5967 2 2 0 4 1025 2394 1037
5968 2 2 0 4 1960 2319 1568
5969 2 2 0 4 1469 3147 1074
5970 2 2 0 4 3438 3826 2140
5971 2 2 0 4 1461 3804 2771
5972 2 2 0 4 1893 3457 2300
5973 2 2 0 4 2300 2769 1282
5974 2 2 0 4 2315 3006 1266
5975 2 2 0 4 2298 3542 2630
5976 2 2 0 4 2507 3183 1916
5977 2 2 0 4 2722 3496 1635
5978 2 2 0 4 3123 3674 2346
5979 2 2 0 4 2858 3458 2960
5980 2 2 0 4 1547 3340 2705
5981 2 2 0 4 160 3184 159
5982 2 2 0 4 2203 3185 1868
5983 2 2 0 4 700 3443 16
5984 2 2 0 4 3093 3304 2062
5985 2 2 0 4 2071 3465 2210
5986 2 2 0 4 1269 2661 1581
5987 2 2 0 4 2741 3467 2748
5988 2 2 0 4 1945 3817 1947
5989 2 2 0 4 1947 3816 1949
5990 2 2 0 4 1057 3830 3007
5991 2 2 0 4 2521 3413 2014
5992 2 2 0 4 700 3634 2802
5993 2 2 0 4 723 3452 164
5994 2 2 0 4 1528 3516 3515
5995 2 2 0 4 1594 3569 1938
5996 2 2 0 4 1007 2393 1004
5997 2 2 0 4 69 2582 68
5998 2 2 0 4 3066 3214 708
5999 2 2 0 4 2826 3580 2827
6000 2 2 0 4 323 3799 3550
6001 2 2 0 4 2485 3560 2607
6002 2 2 0 4 2687 3347 721
6003 2 2 0 4 2629 3250 2069
6004 2 2 0 4 2926 3487 2304
6005 2 2 0 4 2757 3472 2731
6006 2 2 0 4 143 3478 142
6007 2 2 0 4 2946 3730 2947
6008 2 2 0 4 31 3189 30
6009 2 2 0 4 134 3190 133
6010 2 2 0 4 2187 3506 3022
6011 2 2 0 4 213 3462 729
6012 2 2 0 4 2109 3595 3041
6013 2 2 0 4 2243 3198 2139
6014 2 2 0 4 3479 3803 2295
6015 2 2 0 4 2788 3506 2187
6016 2 2 0 4 861 2573 1013
6017 2 2 0 4 2634 3475 690
6018 2 2 0 4 956 3489 3129
6019 2 2 0 4 2175 3414 2658
6020 2 2 0 4 2299 3653 2758
6021 2 2 0 4 106 3480 699
6022 2 2 0 4 2678 3518 2198
6023 2 2 0 4 2197 3518 2934
6024 2 2 0 4 2139 3752 2138
6025 2 2 0 4 1181 2614 1184
6026 2 2 0 4 2112 3522 2283
6027 2 2 0 4 1972 3192 2256
6028 2 2 0 4 63 3485 688
6029 2 2 0 4 705 3543 2947
6030 2 2 0 4 2364 2612 2301
6031 2 2 0 4 2396 3258 2398
6032 2 2 0 4 1730 3779 1169
6033 2 2 0 4 3419 3814 2653
6034 2 2 0 4 728 3494 158
6035 2 2 0 4 2833 3536 2832
6036 2 2 0 4 922 3048 2785
6037 2 2 0 4 1888 3223 1706
6038 2 2 0 4 2099 3455 2194
6039 2 2 0 4 729 3751 3110
6040 2 2 0 4 212 3529 211
6041 2 2 0 4 1735 1737 1734
6042 2 2 0 4 1075 1129 1074
6043 2 2 0 4 2369 2370 2368
6044 2 2 0 4 2546 3193 2314
6045 2 2 0 4 2114 3543 2233
6046 2 2 0 4 2947 3543 2948
6047 2 2 0 4 102 3530 101
6048 2 2 0 4 2181 3602 2257
6049 2 2 0 4 738 3507 224
6050 2 2 0 4 951 3558 954
6051 2 2 0 4 3007 3559 1349
6052 2 2 0 4 2827 3580 89
6053 2 2 0 4 3038 3332 718
6054 2 2 0 4 2392 3549 2723
6055 2 2 0 4 2093 3555 2091
6056 2 2 0 4 995 3557 1001
6057 2 2 0 4 3492 3493 2145
6058 2 2 0 4 39 3552 38
6059 2 2 0 4 1122 2668 1119
6060 2 2 0 4 1039 3402 3289
6061 2 2 0 4 3110 3529 729
6062 2 2 0 4 759 3693 3262
6063 2 2 0 4 3476 3716 1979
6064 2 2 0 4 2371 3601 2370
6065 2 2 0 4 123 3598 2
6066 2 2 0 4 2 3598 113
6067 2 2 0 4 166 3567 165
6068 2 2 0 4 2626 3578 2217
6069 2 2 0 4 2218 3578 2972
6070 2 2 0 4 1662 3093 2062
6071 2 2 0 4 2921 3582 2201
6072 2 2 0 4 2341 3224 2347
6073 2 2 0 4 1481 3315 1721
6074 2 2 0 4 2594 3802 3471
6075 2 2 0 4 2108 3595 2109
6076 2 2 0 4 3324 3645 2406
6077 2 2 0 4 2502 3790 789
6078 2 2 0 4 815 3789 2502
6079 2 2 0 4 3024 3364 726
6080 2 2 0 4 1520 3466 1503
6081 2 2 0 4 147 3565 736
6082 2 2 0 4 2554 3609 2165
6083 2 2 0 4 2942 3612 2498
6084 2 2 0 4 716 3566 81
6085 2 2 0 4 89 3580 88
6086 2 2 0 4 931 3827 926
6087 2 2 0 4 1996 3710 2200
6088 2 2 0 4 3173 3541 2175
6089 2 2 0 4 903 3246 2466
6090 2 2 0 4 755 3809 125
6091 2 2 0 4 124 3809 761
6092 2 2 0 4 3575 3829 1887
6093 2 2 0 4 2802 3634 2251
6094 2 2 0 4 114 3604 3
6095 2 2 0 4 4 3605 131
6096 2 2 0 4 2452 3199 2451
6097 2 2 0 4 2529 3557 993
6098 2 2 0 4 3 3604 236
6099 2 2 0 4 132 3605 4
6100 2 2 0 4 725 3669 2719
6101 2 2 0 4 1175 3545 1068
6102 2 2 0 4 2461 3785 2566
6103 2 2 0 4 174 3342 173
6104 2 2 0 4 1617 2511 1616
6105 2 2 0 4 2261 3778 2239
6106 2 2 0 4 70 3621 69
6107 2 2 0 4 897 3769 893
6108 2 2 0 4 2329 3654 2331
6109 2 2 0 4 2398 3258 3084
6110 2 2 0 4 2910 3766 2513
6111 2 2 0 4 2320 3765 3212
6112 2 2 0 4 168 3204 722
6113 2 2 0 4 2229 3092 1603
6114 2 2 0 4 3337 3680 1940
6115 2 2 0 4 884 3753 881
6116 2 2 0 4 2745 3662 2740
6117 2 2 0 4 1272 3702 1171
6118 2 2 0 4 1259 3723 2153
6119 2 2 0 4 849 3696 843
6120 2 2 0 4 2183 3704 2316
6121 2 2 0 4 2824 3711 2825
6122 2 2 0 4 152 3801 151
6123 2 2 0 4 789 3191 2473
6124 2 2 0 4 157 3637 156
6125 2 2 0 4 1512 2515 1511
6126 2 2 0 4 199 3644 198
6127 2 2 0 4 1611 3773 1897
6128 2 2 0 4 2596 3504 1215
6129 2 2 0 4 2526 2527 1561
6130 2 2 0 4 24 3655 23
6131 2 2 0 4 741 3810 137
6132 2 2 0 4 1940 3706 3337
6133 2 2 0 4 80 3678 79
6134 2 2 0 4 233 3740 232
6135 2 2 0 4 2947 3730 705
6136 2 2 0 4 37 3692 36
6137 2 2 0 4 683 3319 2682
6138 2 2 0 4 2048 3596 2047
6139 2 2 0 4 12 3795 758
6140 2 2 0 4 697 3795 13
6141 2 2 0 4 2229 3427 3092
6142 2 2 0 4 3083 3781 3732
6143 2 2 0 4 208 3777 3024
6144 2 2 0 4 727 3777 209
6145 2 2 0 4 2019 3563 2623
6146 2 2 0 4 3040 3764 86
6147 2 2 0 4 85 3764 714
6148 2 2 0 4 201 3664 721
6149 2 2 0 4 162 3669 725
6150 2 2 0 4 3064 3349 2164
6151 2 2 0 4 990 3234 997
6152 2 2 0 4 705 3730 96
6153 2 2 0 4 153 3690 731
6154 2 2 0 4 41 3720 715
6155 2 2 0 4 1930 3242 2581
6156 2 2 0 4 3027 3514 689
6157 2 2 0 4 3058 3610 1019
6158 2 2 0 4 3130 3307 98
6159 2 2 0 4 3080 3463 903
6160 2 2 0 4 2837 3437 761
6161 2 2 0 4 769 3568 771
6162 2 2 0 4 3146 3481 2246
6163 2 2 0 4 2825 3530 3309
6164 2 2 0 4 11 3350 10
6165 2 2 0 4 1987 3305 3142
6166 2 2 0 4 1066 3623 1175
6167 2 2 0 4 3064 3769 897
6168 2 2 0 4 2353 3217 2351
6169 2 2 0 4 2026 3594 1088
6170 2 2 0 4 1079 2724 1943
6171 2 2 0 4 3293 3602 2180
6172 2 2 0 4 3615 3774 2681
6173 2 2 0 4 2302 3610 3058
6174 2 2 0 4 3138 3212 2478
6175 2 2 0 4 2483 3768 2484
6176 2 2 0 4 1215 3504 3046
6177 2 2 0 4 2492 3661 2491
6178 2 2 0 4 2612 3750 3379
6179 2 2 0 4 3383 3592 2994
6180 2 2 0 4 2404 3258 2396
6181 2 2 0 4 1629 3447 1636
6182 2 2 0 4 3400 3434 752
6183 2 2 0 4 2450 3251 962
6184 2 2 0 4 1739 3112 1854
6185 2 2 0 4 959 3281 2709
6186 2 2 0 4 127 3215 126
6187 2 2 0 4 1281 2754 2130
6188 2 2 0 4 2131 2759 1456
6189 2 2 0 4 1470 2772 1670
6190 2 2 0 4 708 3214 93
6191 2 2 0 4 1445 3011 2419
6192 2 2 0 4 1074 3147 1052
6193 2 2 0 4 1999 3326 3161
6194 2 2 0 4 1976 3611 2555
6195 2 2 0 4 1726 3326 1999
6196 2 2 0 4 1633 3572 1631
6197 2 2 0 4 2411 3473 3230
6198 2 2 0 4 2796 3218 1934
6199 2 2 0 4 3467 3662 720
6200 2 2 0 4 1157 3539 2999
6201 2 2 0 4 2657 3411 847
6202 2 2 0 4 2511 3133 1616
6203 2 2 0 4 2608 3652 2537
6204 2 2 0 4 2571 3328 927
6205 2 2 0 4 944 3661 3085
6206 2 2 0 4 1356 3072 1355
6207 2 2 0 4 1491 3222 1979
6208 2 2 0 4 2548 3575 2469
6209 2 2 0 4 2174 3660 3140
6210 2 2 0 4 2674 3708 921
6211 2 2 0 4 2530 3448 2531
6212 2 2 0 4 2620 3762 3723
6213 2 2 0 4 3185 3590 733
6214 2 2 0 4 2755 3404 2756
6215 2 2 0 4 2162 3463 3080
6216 2 2 0 4 2632 3551 2437
6217 2 2 0 4 3077 3683 968
6218 2 2 0 4 2020 2594 1538
6219 2 2 0 4 2282 3748 2325
6220 2 2 0 4 21 3341 20
6221 2 2 0 4 3023 3265 3137
6222 2 2 0 4 1988 3688 2705
6223 2 2 0 4 1704 3223 3042
6224 2 2 0 4 2494 3692 3253
6225 2 2 0 4 1229 3316 1227
6226 2 2 0 4 2685 3710 2532
6227 2 2 0 4 824 3800 2685
6228 2 2 0 4 2603 3699 2602
6229 2 2 0 4 2785 3048 2296
6230 2 2 0 4 3679 3754 958
6231 2 2 0 4 203 3226 202
6232 2 2 0 4 2010 3677 2009
6233 2 2 0 4 2413 3221 3220
6234 2 2 0 4 3220 3221 1501
6235 2 2 0 4 721 3347 200
6236 2 2 0 4 2694 3784 2724
6237 2 2 0 4 2177 3284 2369
6238 2 2 0 4 1733 1734 1732
6239 2 2 0 4 3085 3661 2492
6240 2 2 0 4 1284 3426 3346
6241 2 2 0 4 3321 3504 2596
6242 2 2 0 4 229 3231 228
6243 2 2 0 4 1322 3232 1325
6244 2 2 0 4 1053 1074 1052
6245 2 2 0 4 2177 2368 2176
6246 2 2 0 4 100 3229 704
6247 2 2 0 4 2328 3462 3259
6248 2 2 0 4 2161 3749 1955
6249 2 2 0 4 2381 2382 2380
6250 2 2 0 4 704 3711 2895
6251 2 2 0 4 975 3676 2574
6252 2 2 0 4 2498 3333 2585
6253 2 2 0 4 846 3696 3089
6254 2 2 0 4 2308 3270 2512
6255 2 2 0 4 2083 3656 3375
6256 2 2 0 4 3134 3774 3665
6257 2 2 0 4 1886 2652 2593
6258 2 2 0 4 2594 3471 3470
6259 2 2 0 4 2028 3773 1609
6260 2 2 0 4 1270 3588 2363
6261 2 2 0 4 2281 3767 2820
6262 2 2 0 4 3617 3619 3618
6263 2 2 0 4 2578 3280 1519
6264 2 2 0 4 785 3570 2065
6265 2 2 0 4 2070 3287 1889
6266 2 2 0 4 2660 3611 1973
6267 2 2 0 4 2574 3642 815
6268 2 2 0 4 1605 3576 1604
6269 2 2 0 4 2285 3461 2962
6270 2 2 0 4 1271 3672 3168
6271 2 2 0 4 1438 3824 2776
6272 2 2 0 4 1913 1914 1912
6273 2 2 0 4 1235 1237 1236
6274 2 2 0 4 1726 1998 1997
6275 2 2 0 4 1063 2393 1007
6276 2 2 0 4 937 940 938
6277 2 2 0 4 3314 3575 3045
6278 2 2 0 4 2470 3311 3310
6279 2 2 0 4 3549 3689 1258
6280 2 2 0 4 3565 3778 736
6281 2 2 0 4 1078 2667 2666
6282 2 2 0 4 2376 3587 3437
6283 2 2 0 4 1941 3238 2774
6284 2 2 0 4 2103 3656 3318
6285 2 2 0 4 3197 3248 2423
6286 2 2 0 4 3210 3607 2495
6287 2 2 0 4 195 3432 194
6288 2 2 0 4 3023 3137 695
6289 2 2 0 4 2587 3633 3351
6290 2 2 0 4 2103 3318 3317
6291 2 2 0 4 3300 3521 936
6292 2 2 0 4 1325 1678 1327
6293 2 2 0 4 1912 2392 1639
6294 2 2 0 4 2272 2275 2274
6295 2 2 0 4 1233 1249 1235
6296 2 2 0 4 1299 1502 1087
6297 2 2 0 4 1955 1956 1953
6298 2 2 0 4 850 854 853
6299 2 2 0 4 2821 3263 2205
6300 2 2 0 4 903 3463 3246
6301 2 2 0 4 1505 1520 1503
6302 2 2 0 4 2200 3798 1911
6303 2 2 0 4 2424 3292 2422
6304 2 2 0 4 3292 3482 1662
6305 2 2 0 4 1888 3240 3223
6306 2 2 0 4 1493 3245 1988
6307 2 2 0 4 689 3242 2683
6308 2 2 0 4 902 3328 1923
6309 2 2 0 4 1516 2670 1518
6310 2 2 0 4 2418 2563 2417
6311 2 2 0 4 1992 3504 3321
6312 2 2 0 4 2265 3649 2269
6313 2 2 0 4 3223 3240 3042
6314 2 2 0 4 175 3243 174
6315 2 2 0 4 2934 3655 2935
6316 2 2 0 4 3175 3535 2560
6317 2 2 0 4 2627 3826 1719
6318 2 2 0 4 2296 3048 1902
6319 2 2 0 4 2158 3401 3153
6320 2 2 0 4 1013 2573 1042
6321 2 2 0 4 91 3244 710
6322 2 2 0 4 3199 3831 2451
6323 2 2 0 4 1208 3321 2596
6324 2 2 0 4 2076 3391 3014
6325 2 2 0 4 3184 3421 728
6326 2 2 0 4 3018 3250 719
6327 2 2 0 4 3573 3681 2412
6328 2 2 0 4 2670 3812 2575
6329 2 2 0 4 150 3247 734
6330 2 2 0 4 1263 3584 2614
6331 2 2 0 4 3177 3358 139
6332 2 2 0 4 2707 3266 1736
6333 2 2 0 4 2050 3253 2049
6334 2 2 0 4 3026 3348 2635
6335 2 2 0 4 3265 3449 3137
6336 2 2 0 4 210 3252 727
6337 2 2 0 4 2350 3272 2354
6338 2 2 0 4 35 3254 712
6339 2 2 0 4 2584 3568 1591
6340 2 2 0 4 772 3564 3493
6341 2 2 0 4 3219 3466 1520
6342 2 2 0 4 799 3261 801
6343 2 2 0 4 215 3259 214
6344 2 2 0 4 2104 3537 3410
6345 2 2 0 4 2609 3620 1673
6346 2 2 0 4 2491 3548 3170
6347 2 2 0 4 2888 3285 743
6348 2 2 0 4 1913 1915 1914
6349 2 2 0 4 1209 1210 1206
6350 2 2 0 4 3355 3356 2401
6351 2 2 0 4 2067 3354 3181
6352 2 2 0 4 2751 3262 2750
6353 2 2 0 4 2194 3767 2281
6354 2 2 0 4 2205 3263 2204
6355 2 2 0 4 1995 3449 3265
6356 2 2 0 4 2064 3794 3194
6357 2 2 0 4 2424 3482 3292
6358 2 2 0 4 3069 3533 2624
6359 2 2 0 4 1469 3284 3147
6360 2 2 0 4 2238 3240 1888
6361 2 2 0 4 757 3819 3039
6362 2 2 0 4 1237 1239 1238
6363 2 2 0 4 940 943 942
6364 2 2 0 4 3511 3547 1249
6365 2 2 0 4 2693 3755 2021
6366 2 2 0 4 2922 3267 1548
6367 2 2 0 4 2063 3277 2716
6368 2 2 0 4 2716 3277 1249
6369 2 2 0 4 1897 3773 2849
6370 2 2 0 4 1733 1735 1734
6371 2 2 0 4 1053 1075 1074
6372 2 2 0 4 2177 2369 2368
6373 2 2 0 4 3016 3271 2995
6374 2 2 0 4 943 944 942
6375 2 2 0 4 1239 1241 1240
6376 2 2 0 4 2776 3717 1438
6377 2 2 0 4 1241 1243 1242
6378 2 2 0 4 1243 1244 1242
6379 2 2 0 4 1626 1627 1625
6380 2 2 0 4 1523 2549 1522
6381 2 2 0 4 3021 3733 2187
6382 2 2 0 4 3190 3338 764
6383 2 2 0 4 1939 3758 3648
6384 2 2 0 4 753 3265 3023
6385 2 2 0 4 1624 1625 1623
6386 2 2 0 4 1918 1919 1917
6387 2 2 0 4 1521 1522 1463
6388 2 2 0 4 1533 3211 3131
6389 2 2 0 4 2671 3370 1885
6390 2 2 0 4 3163 3624 1891
6391 2 2 0 4 1519 3280 2159
6392 2 2 0 4 707 3595 2867
6393 2 2 0 4 3183 3494 728
6394 2 2 0 4 2016 3237 2551
6395 2 2 0 4 3517 3786 1720
6396 2 2 0 4 2583 2584 1591
6397 2 2 0 4 1933 3171 2576
6398 2 2 0 4 1649 1918 1917
6399 2 2 0 4 900 3111 901
6400 2 2 0 4 1638 2589 2588
6401 2 2 0 4 227 3273 226
6402 2 2 0 4 2780 3325 2048
6403 2 2 0 4 715 3283 40
6404 2 2 0 4 2450 3505 3251
6405 2 2 0 4 78 3274 77
6406 2 2 0 4 3535 3780 2560
6407 2 2 0 4 1969 3295 2700
6408 2 2 0 4 3271 3593 2123
6409 2 2 0 4 2236 3632 2235
6410 2 2 0 4 108 3276 107
6411 2 2 0 4 2817 3350 758
6412 2 2 0 4 2422 3292 3197
6413 2 2 0 4 3134 3621 684
6414 2 2 0 4 3149 3285 1905
6415 2 2 0 4 2277 3814 3419
6416 2 2 0 4 1885 3369 2671
6417 2 2 0 4 20 3341 702
6418 2 2 0 4 2123 3390 3271
6419 2 2 0 4 200 3347 199
6420 2 2 0 4 2343 3269 2344
6421 2 2 0 4 3037 3279 2636
6422 2 2 0 4 2392 3689 3549
6423 2 2 0 4 2187 3733 2185
6424 2 2 0 4 2390 3283 2793
6425 2 2 0 4 1223 3296 1050
6426 2 2 0 4 2594 3470 1879
6427 2 2 0 4 3448 3486 2023
6428 2 2 0 4 2136 3289 2190
6429 2 2 0 4 2254 3617 3570
6430 2 2 0 4 25 3503 24
6431 2 2 0 4 1163 2715 1166
6432 2 2 0 4 3413 3477 3089
6433 2 2 0 4 1344 3288 1339
6434 2 2 0 4 3235 3639 2098
6435 2 2 0 4 2582 2583 1591
6436 2 2 0 4 2269 3290 2577
6437 2 2 0 4 2554 3801 3609
6438 2 2 0 4 2883 3527 2885
6439 2 2 0 4 3546 3770 1965
6440 2 2 0 4 3277 3511 1249
6441 2 2 0 4 1621 1623 1622
6442 2 2 0 4 1898 1899 1525
6443 2 2 0 4 2539 3155 1554
6444 2 2 0 4 1638 2588 1637
6445 2 2 0 4 1595 2074 1594
6446 2 2 0 4 1174 1330 1172
6447 2 2 0 4 1313 1463 1462
6448 2 2 0 4 1665 1667 1666
6449 2 2 0 4 1056 3294 1044
6450 2 2 0 4 1603 3092 1602
6451 2 2 0 4 1521 3540 1901
6452 2 2 0 4 3143 3720 42
6453 2 2 0 4 2650 3291 2432
6454 2 2 0 4 1667 3227 2234
6455 2 2 0 4 2366 3398 2243
6456 2 2 0 4 3332 3782 718
6457 2 2 0 4 2762 3653 2663
6458 2 2 0 4 691 3671 3471
6459 2 2 0 4 3480 3654 699
6460 2 2 0 4 1637 2588 1728
6461 2 2 0 4 1554 3155 1972
6462 2 2 0 4 3114 3239 687
6463 2 2 0 4 3320 3396 1073
6464 2 2 0 4 2059 3330 1301
6465 2 2 0 4 927 3372 2571
6466 2 2 0 4 2666 3541 1550
6467 2 2 0 4 3200 3675 2851
6468 2 2 0 4 2566 3785 2383
6469 2 2 0 4 963 3650 2692
6470 2 2 0 4 2121 3593 2664
6471 2 2 0 4 1602 3092 1605
6472 2 2 0 4 2009 3677 3186
6473 2 2 0 4 1050 3296 1048
6474 2 2 0 4 1700 3188 2309
6475 2 2 0 4 2825 3711 3229
6476 2 2 0 4 3218 3566 716
6477 2 2 0 4 1137 2954 1304
6478 2 2 0 4 1032 2976 928
6479 2 2 0 4 1526 3060 1351
6480 2 2 0 4 2989 3009 2991
6481 2 2 0 4 1558 3010 1992
6482 2 2 0 4 1262 3643 2313
6483 2 2 0 4 1891 3647 1892
6484 2 2 0 4 1507 3255 1505
6485 2 2 0 4 2530 3486 3448
6486 2 2 0 4 1327 3256 1345
6487 2 2 0 4 2166 3303 2950
6488 2 2 0 4 1997 3709 2006
6489 2 2 0 4 2386 3757 3631
6490 2 2 0 4 758 3350 11
6491 2 2 0 4 1543 3360 1909
6492 2 2 0 4 2068 3715 1840
6493 2 2 0 4 2542 3689 3446
6494 2 2 0 4 2560 3304 1929
6495 2 2 0 4 2367 3719 3510
6496 2 2 0 4 2316 3478 3305
6497 2 2 0 4 1099 1101 1100
6498 2 2 0 4 1694 2702 2140
6499 2 2 0 4 1986 3305 1987
6500 2 2 0 4 2138 3278 2063
6501 2 2 0 4 1480 3640 1482
6502 2 2 0 4 2259 2701 2663
6503 2 2 0 4 2032 3306 1981
6504 2 2 0 4 122 3823 762
6505 2 2 0 4 2721 3814 2277
6506 2 2 0 4 2129 3315 1481
6507 2 2 0 4 2238 3667 3608
6508 2 2 0 4 2078 3351 2535
6509 2 2 0 4 3086 3284 2177
6510 2 2 0 4 1006 3599 985
6511 2 2 0 4 98 3307 97
6512 2 2 0 4 73 3275 749
6513 2 2 0 4 2814 3309 2007
6514 2 2 0 4 2203 3590 3185
6515 2 2 0 4 3138 3406 2060
6516 2 2 0 4 3178 3219 1520
6517 2 2 0 4 3428 3735 2604
6518 2 2 0 4 2505 2625 2506
6519 2 2 0 4 2096 3321 1208
6520 2 2 0 4 3464 3614 2497
6521 2 2 0 4 3550 3581 972
6522 2 2 0 4 2701 3048 922
6523 2 2 0 4 3099 3460 3195
6524 2 2 0 4 1337 3209 1334
6525 2 2 0 4 3086 3714 1223
6526 2 2 0 4 2005 3313 2873
6527 2 2 0 4 166 3726 2647
6528 2 2 0 4 911 3301 2425
6529 2 2 0 4 2625 3558 955
6530 2 2 0 4 1898 3589 1899
6531 2 2 0 4 2103 3317 2550
6532 2 2 0 4 1929 3304 3093
6533 2 2 0 4 835 3675 839
6534 2 2 0 4 3022 3506 724
6535 2 2 0 4 761 3437 3154
6536 2 2 0 4 1726 1999 1998
6537 2 2 0 4 963 3705 3650
6538 2 2 0 4 906 3328 902
6539 2 2 0 4 1643 3633 3111
6540 2 2 0 4 1724 3326 1726
6541 2 2 0 4 18 3322 17
6542 2 2 0 4 1165 3672 1164
6543 2 2 0 4 2398 3731 2395
6544 2 2 0 4 2014 3696 849
6545 2 2 0 4 1915 2610 1914
6546 2 2 0 4 2210 3404 2755
6547 2 2 0 4 2412 3681 2413
6548 2 2 0 4 1237 1577 1239
6549 2 2 0 4 940 956 943
6550 2 2 0 4 2207 3319 2034
6551 2 2 0 4 943 945 944
6552 2 2 0 4 3193 3684 2314
6553 2 2 0 4 1983 3684 3193
6554 2 2 0 4 1241 1284 1243
6555 2 2 0 4 1243 1245 1244
6556 2 2 0 4 1627 1628 1625
6557 2 2 0 4 1918 1920 1919
6558 2 2 0 4 1522 2009 1463
6559 2 2 0 4 1667 3600 3228
6560 2 2 0 4 2994 3326 1724
6561 2 2 0 4 2134 3402 2132
6562 2 2 0 4 2137 3403 2135
6563 2 2 0 4 1545 3168 3101
6564 2 2 0 4 3464 3737 2353
6565 2 2 0 4 3301 3436 2410
6566 2 2 0 4 2171 3509 2690
6567 2 2 0 4 3076 3683 3077
6568 2 2 0 4 1623 2079 1622
6569 2 2 0 4 1899 1932 1525
6570 2 2 0 4 1667 2234 1666
6571 2 2 0 4 3311 3314 1713
6572 2 2 0 4 1920 3324 2412
6573 2 2 0 4 1898 3747 3627
6574 2 2 0 4 2553 3449 1995
6575 2 2 0 4 2756 3404 3204
6576 2 2 0 4 3088 3827 931
6577 2 2 0 4 1306 2892 2673
6578 2 2 0 4 1049 3382 1486
6579 2 2 0 4 999 2987 2288
6580 2 2 0 4 2182 3519 2141
6581 2 2 0 4 3228 3600 1344
6582 2 2 0 4 2760 3332 2237
6583 2 2 0 4 2029 3334 2968
6584 2 2 0 4 895 3380 2658
6585 2 2 0 4 1180 3241 1263
6586 2 2 0 4 3734 3753 884
6587 2 2 0 4 1732 3336 2115
6588 2 2 0 4 231 3333 742
6589 2 2 0 4 61 3651 60
6590 2 2 0 4 2750 3338 2749
6591 2 2 0 4 141 3335 740
6592 2 2 0 4 2316 3704 3335
6593 2 2 0 4 3259 3462 214
6594 2 2 0 4 3180 3793 2255
6595 2 2 0 4 743 3285 3149
6596 2 2 0 4 2513 3341 2678
6597 2 2 0 4 3525 3650 2215
6598 2 2 0 4 149 3343 148
6599 2 2 0 4 2585 3740 3334
6600 2 2 0 4 1670 3120 1669
6601 2 2 0 4 898 1078 900
6602 2 2 0 4 1666 2633 1586
6603 2 2 0 4 1581 1582 1356
6604 2 2 0 4 1678 3460 3099
6605 2 2 0 4 2688 3347 2687
6606 2 2 0 4 2973 3705 963
6607 2 2 0 4 2307 3734 884
6608 2 2 0 4 2200 3710 2685
6609 2 2 0 4 2819 3350 2817
6610 2 2 0 4 2012 3354 2067
6611 2 2 0 4 3124 3825 2487
6612 2 2 0 4 1484 3501 1587
6613 2 2 0 4 3277 3278 2189
6614 2 2 0 4 2777 3717 2775
6615 2 2 0 4 2657 3200 1922
6616 2 2 0 4 3139 3406 3138
6617 2 2 0 4 2189 3278 2137
6618 2 2 0 4 3459 3638 2267
6619 2 2 0 4 3276 3480 107
6620 2 2 0 4 2639 3421 3184
6621 2 2 0 4 2293 3682 2718
6622 2 2 0 4 1497 3249 1495
6623 2 2 0 4 2096 3366 3321
6624 2 2 0 4 1537 3514 2020
6625 2 2 0 4 1621 1622 1620
6626 2 2 0 4 2032 3527 3306
6627 2 2 0 4 2681 3774 3134
6628 2 2 0 4 2020 3514 3027
6629 2 2 0 4 2552 3608 836
6630 2 2 0 4 139 3358 138
6631 2 2 0 4 1546 2138 2063
6632 2 2 0 4 1445 2419 1571
6633 2 2 0 4 898 900 899
6634 2 2 0 4 1471 1649 1572
6635 2 2 0 4 1470 1670 1669
6636 2 2 0 4 1281 2130 1562
6637 2 2 0 4 1641 2131 1456
6638 2 2 0 4 1079 1943 1152
6639 2 2 0 4 1313 1462 1312
6640 2 2 0 4 1451 1606 1450
6641 2 2 0 4 1665 1666 1586
6642 2 2 0 4 1269 1581 1356
6643 2 2 0 4 2410 3370 3301
6644 2 2 0 4 2520 3282 3174
6645 2 2 0 4 3174 3282 2505
6646 2 2 0 4 3253 3692 713
6647 2 2 0 4 1993 3357 2262
6648 2 2 0 4 1502 3499 2714
6649 2 2 0 4 2257 3293 3201
6650 2 2 0 4 3015 3722 2996
6651 2 2 0 4 3226 3664 202
6652 2 2 0 4 2002 3364 2004
6653 2 2 0 4 1343 3824 1438
6654 2 2 0 4 2118 3366 2096
6655 2 2 0 4 2715 3523 1166
6656 2 2 0 4 3159 3739 2428
6657 2 2 0 4 2686 3776 1469
6658 2 2 0 4 3405 3406 3139
6659 2 2 0 4 3201 3293 1729
6660 2 2 0 4 786 3196 1991
6661 2 2 0 4 2622 3591 2623
6662 2 2 0 4 1734 3336 1732
6663 2 2 0 4 3119 3458 709
6664 2 2 0 4 2662 3653 2299
6665 2 2 0 4 3225 3418 2416
6666 2 2 0 4 2692 3525 3524
6667 2 2 0 4 28 3371 27
6668 2 2 0 4 3155 3663 1900
6669 2 2 0 4 2368 3520 2176
6670 2 2 0 4 2176 3520 2178
6671 2 2 0 4 2238 3537 3240
6672 2 2 0 4 3222 3505 3476
6673 2 2 0 4 889 3392 885
6674 2 2 0 4 3028 3590 2816
6675 2 2 0 4 2428 3409 2430
6676 2 2 0 4 2158 3697 3695
6677 2 2 0 4 1126 3729 1133
6678 2 2 0 4 1033 3486 1083
6679 2 2 0 4 1175 3623 3495
6680 2 2 0 4 722 3726 167
6681 2 2 0 4 2178 3520 3342
6682 2 2 0 4 3427 3428 2477
6683 2 2 0 4 2442 3737 2440
6684 2 2 0 4 1912 3446 2392
6685 2 2 0 4 847 3200 2657
6686 2 2 0 4 3250 3632 719
6687 2 2 0 4 2888 3455 3285
6688 2 2 0 4 762 3538 2819
6689 2 2 0 4 3456 3555 2093
6690 2 2 0 4 710 3822 90
6691 2 2 0 4 3665 3774 2991
6692 2 2 0 4 314 3368 315
6693 2 2 0 4 1991 3302 3051
6694 2 2 0 4 2146 3688 3245
6695 2 2 0 4 1714 3420 1713
6696 2 2 0 4 2962 3461 3244
6697 2 2 0 4 3161 3592 1198
6698 2 2 0 4 2749 3338 3190
6699 2 2 0 4 2189 3512 3511
6700 2 2 0 4 2302 3811 2619
6701 2 2 0 4 2283 3461 2285
6702 2 2 0 4 2130 3163 1562
6703 2 2 0 4 777 3492 2672
6704 2 2 0 4 964 3521 3224
6705 2 2 0 4 3309 3530 701
6706 2 2 0 4 2308 3596 2168
6707 2 2 0 4 2347 3268 2343
6708 2 2 0 4 2618 3787 2305
6709 2 2 0 4 976 3674 3123
6710 2 2 0 4 2334 3642 2336
6711 2 2 0 4 811 3408 2592
6712 2 2 0 4 706 3503 25
6713 2 2 0 4 2648 3209 2591
6714 2 2 0 4 2579 3456 2093
6715 2 2 0 4 3346 3512 2190
6716 2 2 0 4 2599 3534 2600
6717 2 2 0 4 217 3416 216
6718 2 2 0 4 1651 3417 1628
6719 2 2 0 4 2123 3593 2121
6720 2 2 0 4 2277 3419 2278
6721 2 2 0 4 2087 3656 2083
6722 2 2 0 4 2142 2223 2182
6723 2 2 0 4 1524 2127 1526
6724 2 2 0 4 999 1094 998
6725 2 2 0 4 1360 2070 1889
6726 2 2 0 4 1554 1555 1266
6727 2 2 0 4 930 1045 1032
6728 2 2 0 4 1049 1050 1048
6729 2 2 0 4 1942 2179 1650
6730 2 2 0 4 1083 1084 1034
6731 2 2 0 4 1304 1465 1146
6732 2 2 0 4 1306 1307 1305
6733 2 2 0 4 2991 2992 2990
6734 2 2 0 4 1562 1563 1282
6735 2 2 0 4 1457 1993 1641
6736 2 2 0 4 1545 2034 1544
6737 2 2 0 4 1152 1219 1151
6738 2 2 0 4 1637 1663 1635
6739 2 2 0 4 1594 1938 1452
6740 2 2 0 4 1338 1339 1336
6741 2 2 0 4 1537 2020 1538
6742 2 2 0 4 1172 1173 1169
6743 2 2 0 4 1161 1163 1162
6744 2 2 0 4 1534 2499 1677
6745 2 2 0 4 1438 1890 1347
6746 2 2 0 4 2744 3298 2743
6747 2 2 0 4 3457 3596 2048
6748 2 2 0 4 3041 3595 707
6749 2 2 0 4 2185 3733 3364
6750 2 2 0 4 2568 3721 2297
6751 2 2 0 4 1158 3111 900
6752 2 2 0 4 3231 3582 739
6753 2 2 0 4 2444 3430 2725
6754 2 2 0 4 2127 3425 3179
6755 2 2 0 4 3324 3573 2412
6756 2 2 0 4 2651 3781 3083
6757 2 2 0 4 2771 3756 2772
6758 2 2 0 4 3455 3767 2194
6759 2 2 0 4 3217 3297 2351
6760 2 2 0 4 2025 3441 2725
6761 2 2 0 4 1501 3433 2986
6762 2 2 0 4 3362 3699 2092
6763 2 2 0 4 2371 3776 2686
6764 2 2 0 4 740 3704 2654
6765 2 2 0 4 910 3797 908
6766 2 2 0 4 2692 3524 937
6767 2 2 0 4 3311 3420 2324
6768 2 2 0 4 2685 3800 2200
6769 2 2 0 4 1043 3806 2211
6770 2 2 0 4 1182 3241 1180
6771 2 2 0 4 3713 3773 2028
6772 2 2 0 4 66 3807 694
6773 2 2 0 4 3179 3619 2128
6774 2 2 0 4 812 2726 783
6775 2 2 0 4 3262 3693 2750
6776 2 2 0 4 3343 3565 148
6777 2 2 0 4 2887 3444 2312
6778 2 2 0 4 16 3443 15
6779 2 2 0 4 754 3601 2757
6780 2 2 0 4 310 3431 311
6781 2 2 0 4 1644 3469 2151
6782 2 2 0 4 3411 3784 2859
6783 2 2 0 4 2759 3804 1461
6784 2 2 0 4 2056 3249 2057
6785 2 2 0 4 3171 3576 2576
6786 2 2 0 4 2179 3327 1650
6787 2 2 0 4 1574 3477 3413
6788 2 2 0 4 2128 3619 3617
6789 2 2 0 4 2365 3564 3425
6790 2 2 0 4 2669 3771 2147
6791 2 2 0 4 1522 2549 2010
6792 2 2 0 4 2992 3615 3049
6793 2 2 0 4 164 3452 163
6794 2 2 0 4 2635 3348 3133
6795 2 2 0 4 2273 3813 3291
6796 2 2 0 4 3222 3476 1979
6797 2 2 0 4 3508 3700 2382
6798 2 2 0 4 3594 3796 1088
6799 2 2 0 4 756 3455 2888
6800 2 2 0 4 1524 3562 2127
6801 2 2 0 4 2168 3457 1893
6802 2 2 0 4 2960 3458 2213
6803 2 2 0 4 2118 3571 3366
6804 2 2 0 4 2734 3628 2800
6805 2 2 0 4 2117 3585 2974
6806 2 2 0 4 2259 3597 2701
6807 2 2 0 4 3617 3618 2065
6808 2 2 0 4 2529 3805 3557
6809 2 2 0 4 691 3802 2646
6810 2 2 0 4 2226 3636 3469
6811 2 2 0 4 3589 3627 2363
6812 2 2 0 4 1898 3627 3589
6813 2 2 0 4 970 3683 3076
6814 2 2 0 4 1011 3376 3090
6815 2 2 0 4 2213 3458 3119
6816 2 2 0 4 2760 3782 3332
6817 2 2 0 4 744 3536 3215
6818 2 2 0 4 214 3462 213
6819 2 2 0 4 1667 3228 3227
6820 2 2 0 4 2647 3465 2071
6821 2 2 0 4 2437 3551 3423
6822 2 2 0 4 2739 3467 2741
6823 2 2 0 4 1055 3830 1057
6824 2 2 0 4 735 3483 3030
6825 2 2 0 4 2307 3392 2308
6826 2 2 0 4 3042 3240 2104
6827 2 2 0 4 2731 3472 2730
6828 2 2 0 4 1974 3483 3166
6829 2 2 0 4 1548 3509 1547
6830 2 2 0 4 2556 3785 2461
6831 2 2 0 4 1910 3505 3222
6832 2 2 0 4 2428 3739 3409
6833 2 2 0 4 2714 3499 2539
6834 2 2 0 4 3428 3694 2477
6835 2 2 0 4 2242 3500 2243
6836 2 2 0 4 107 3480 106
6837 2 2 0 4 737 3478 143
6838 2 2 0 4 2227 3584 2698
6839 2 2 0 4 3105 3421 2639
6840 2 2 0 4 972 3581 2481
6841 2 2 0 4 2238 3608 3537
6842 2 2 0 4 3537 3608 2552
6843 2 2 0 4 2023 3486 1033
6844 2 2 0 4 2212 3487 2926
6845 2 2 0 4 1171 3208 1162
6846 2 2 0 4 64 3485 63
6847 2 2 0 4 1676 3502 1619
6848 2 2 0 4 901 3111 905
6849 2 2 0 4 3409 3739 2429
6850 2 2 0 4 1503 3466 1502
6851 2 2 0 4 2166 3820 3303
6852 2 2 0 4 1901 3233 2296
6853 2 2 0 4 158 3494 157
6854 2 2 0 4 2935 3503 3164
6855 2 2 0 4 1086 3415 1300
6856 2 2 0 4 1607 2518 1606
6857 2 2 0 4 733 3590 3028
6858 2 2 0 4 2519 3488 2993
6859 2 2 0 4 2336 3676 2540
6860 2 2 0 4 2075 2534 2074
6861 2 2 0 4 1878 3577 765
6862 2 2 0 4 2133 3424 2134
6863 2 2 0 4 2797 3506 2788
6864 2 2 0 4 3295 3760 812
6865 2 2 0 4 2151 3469 3468
6866 2 2 0 4 224 3507 223
6867 2 2 0 4 685 3225 2416
6868 2 2 0 4 2198 3518 2197
6869 2 2 0 4 3099 3256 1678
6870 2 2 0 4 2827 3522 2112
6871 2 2 0 4 1166 3523 1168
6872 2 2 0 4 2885 3527 2032
6873 2 2 0 4 2324 3420 1723
6874 2 2 0 4 3414 3666 895
6875 2 2 0 4 2093 3182 2579
6876 2 2 0 4 2535 3351 3208
6877 2 2 0 4 2224 3481 2182
6878 2 2 0 4 3125 3721 2568
6879 2 2 0 4 3202 3816 2221
6880 2 2 0 4 718 3782 3143
6881 2 2 0 4 3098 3818 2234
6882 2 2 0 4 2258 3597 2259
6883 2 2 0 4 729 3529 212
6884 2 2 0 4 1238 3658 3160
6885 2 2 0 4 2835 3536 2833
6886 2 2 0 4 701 3530 102
6887 2 2 0 4 1722 3201 1729
6888 2 2 0 4 3007 3830 3312
6889 2 2 0 4 2267 3638 2266
6890 2 2 0 4 2579 3182 2230
6891 2 2 0 4 3628 3729 1125
6892 2 2 0 4 1441 3649 2265
6893 2 2 0 4 1673 3620 1675
6894 2 2 0 4 2337 3516 2652
6895 2 2 0 4 3588 3589 2363
6896 2 2 0 4 131 3605 3152
6897 2 2 0 4 3151 3604 114
6898 2 2 0 4 1091 3616 1093
6899 2 2 0 4 3120 3787 1669
6900 2 2 0 4 2948 3543 2114
6901 2 2 0 4 3111 3633 905
6902 2 2 0 4 2077 3264 2587
6903 2 2 0 4 1577 3426 1239
6904 2 2 0 4 1241 3426 1284
6905 2 2 0 4 2581 2708 1930
6906 2 2 0 4 3462 3751 729
6907 2 2 0 4 2226 3469 1644
6908 2 2 0 4 113 3598 3154
6909 2 2 0 4 3162 3407 2021
6910 2 2 0 4 3091 3709 1997
6911 2 2 0 4 2091 3555 2094
6912 2 2 0 4 38 3552 713
6913 2 2 0 4 3452 3669 163
6914 2 2 0 4 692 3670 56
6915 2 2 0 4 189 3671 691
6916 2 2 0 4 993 3557 995
6917 2 2 0 4 3322 3634 700
6918 2 2 0 4 3264 3445 905
6919 2 2 0 4 2739 3662 3467
6920 2 2 0 4 919 3827 2606
6921 2 2 0 4 2729 3793 777
6922 2 2 0 4 3221 3433 1501
6923 2 2 0 4 2160 3237 3236
6924 2 2 0 4 3164 3503 706
6925 2 2 0 4 1982 3281 2520
6926 2 2 0 4 1505 3255 1520
6927 2 2 0 4 1678 3256 1327
6928 2 2 0 4 2507 3494 3183
6929 2 2 0 4 1902 3659 1523
6930 2 2 0 4 2387 3757 3638
6931 2 2 0 4 2492 3531 3085
6932 2 2 0 4 3085 3531 957
6933 2 2 0 4 1198 3592 3383
6934 2 2 0 4 148 3565 147
6935 2 2 0 4 788 3570 785
6936 2 2 0 4 3323 3631 2387
6937 2 2 0 4 81 3566 80
6938 2 2 0 4 3158 3438 2521
6939 2 2 0 4 1030 3438 3158
6940 2 2 0 4 2675 3701 2510
6941 2 2 0 4 2060 3474 2059
6942 2 2 0 4 3095 3796 3011
6943 2 2 0 4 872 3356 3355
6944 2 2 0 4 165 3567 723
6945 2 2 0 4 167 3726 166
6946 2 2 0 4 985 3599 987
6947 2 2 0 4 2234 3818 1666
6948 2 2 0 4 2120 3571 2118
6949 2 2 0 4 1604 3576 2514
6950 2 2 0 4 1019 3610 1016
6951 2 2 0 4 3152 3693 759
6952 2 2 0 4 1249 3547 1235
6953 2 2 0 4 997 3234 3148
6954 2 2 0 4 2024 3808 2025
6955 2 2 0 4 1536 3812 2670
6956 2 2 0 4 3327 3531 3381
6957 2 2 0 4 2217 3578 2218
6958 2 2 0 4 2453 3579 2575
6959 2 2 0 4 3509 3775 2690
6960 2 2 0 4 3648 3758 2644
6961 2 2 0 4 2201 3582 2202
6962 2 2 0 4 3137 3449 2247
6963 2 2 0 4 3192 3754 2256
6964 2 2 0 4 2892 3745 2673
6965 2 2 0 4 324 3550 972
6966 2 2 0 4 3470 3471 2010
6967 2 2 0 4 2555 3797 910
6968 2 2 0 4 88 3580 711
6969 2 2 0 4 2375 3587 2376
6970 2 2 0 4 1064 3623 1066
6971 2 2 0 4 2641 3715 2640
6972 2 2 0 4 1593 3811 3058
6973 2 2 0 4 2987 3741 2288
6974 2 2 0 4 2816 3590 2203
6975 2 2 0 4 2069 3622 2068
6976 2 2 0 4 3204 3404 722
6977 2 2 0 4 2867 3595 2108
6978 2 2 0 4 2820 3767 756
6979 2 2 0 4 1965 3770 1963
6980 2 2 0 4 761 3598 123
6981 2 2 0 4 3305 3478 737
6982 2 2 0 4 1547 3509 3340
6983 2 2 0 4 2241 3778 3565
6984 2 2 0 4 1879 3470 2549
6985 2 2 0 4 3197 3292 1662
6986 2 2 0 4 2165 3609 2166
6987 2 2 0 4 89 3822 2827
6988 2 2 0 4 2957 3612 2942
6989 2 2 0 4 1661 3248 3197
6990 2 2 0 4 3267 3268 2347
6991 2 2 0 4 236 3604 763
6992 2 2 0 4 764 3605 132
6993 2 2 0 4 3058 3811 2302
6994 2 2 0 4 1135 3488 2519
6995 2 2 0 4 2244 3727 2245
6996 2 2 0 4 1063 3630 2393
6997 2 2 0 4 2127 3562 3425
6998 2 2 0 4 684 3621 70
6999 2 2 0 4 2155 3643 1262
7000 2 2 0 4 2690 3775 2348
7001 2 2 0 4 2251 3634 2252
7002 2 2 0 4 1286 3387 2171
7003 2 2 0 4 3531 3687 3381
7004 2 2 0 4 2465 3606 3207
7005 2 2 0 4 762 3823 3538
7006 2 2 0 4 798 3398 794
7007 2 2 0 4 2128 3617 2254
7008 2 2 0 4 2338 3786 2339
7009 2 2 0 4 719 3632 3036
7010 2 2 0 4 2663 3653 2662
7011 2 2 0 4 1359 3264 3014
7012 2 2 0 4 2514 3576 3171
7013 2 2 0 4 90 3822 89
7014 2 2 0 4 3010 3504 1992
7015 2 2 0 4 2624 3762 2620
7016 2 2 0 4 156 3637 730
7017 2 2 0 4 1569 3501 1484
7018 2 2 0 4 1720 3640 1480
7019 2 2 0 4 2375 3819 3587
7020 2 2 0 4 3153 3401 1536
7021 2 2 0 4 3304 3780 3046
7022 2 2 0 4 2331 3654 2810
7023 2 2 0 4 2664 3593 1020
7024 2 2 0 4 198 3644 753
7025 2 2 0 4 1712 3656 2103
7026 2 2 0 4 3166 3483 735
7027 2 2 0 4 3454 3815 2409
7028 2 2 0 4 3094 3660 2172
7029 2 2 0 4 3280 3474 2159
7030 2 2 0 4 3469 3636 2979
7031 2 2 0 4 2303 3545 3395
7032 2 2 0 4 23 3655 703
7033 2 2 0 4 763 3652 3029
7034 2 2 0 4 2056 3673 3047
7035 2 2 0 4 2740 3662 2739
7036 2 2 0 4 1923 3349 3064
7037 2 2 0 4 1699 3375 1712
7038 2 2 0 4 2656 3760 2590
7039 2 2 0 4 2667 3666 3414
7040 2 2 0 4 202 3664 201
7041 2 2 0 4 3496 3572 1633
7042 2 2 0 4 940 3524 956
7043 2 2 0 4 3471 3802 691
7044 2 2 0 4 163 3669 162
7045 2 2 0 4 2656 3216 2726
7046 2 2 0 4 3288 3534 1337
7047 2 2 0 4 2477 3694 2475
7048 2 2 0 4 2314 3684 2315
7049 2 2 0 4 2728 3451 2691
7050 2 2 0 4 1093 3673 2056
7051 2 2 0 4 79 3678 717
7052 2 2 0 4 154 3690 153
7053 2 2 0 4 843 3696 846
7054 2 2 0 4 959 3679 958
7055 2 2 0 4 738 3660 3094
7056 2 2 0 4 1123 3698 3132
7057 2 2 0 4 1 3823 122
7058 2 2 0 4 2459 3699 3362
7059 2 2 0 4 2098 3639 1622
7060 2 2 0 4 2581 3514 1537
7061 2 2 0 4 1354 3702 1272
7062 2 2 0 4 2575 3579 3248
7063 2 2 0 4 3248 3579 2423
7064 2 2 0 4 2405 3626 3513
7065 2 2 0 4 713 3692 37
7066 2 2 0 4 3082 3712 787
7067 2 2 0 4 2654 3704 2183
7068 2 2 0 4 1030 3826 3438
7069 2 2 0 4 2895 3711 2824
7070 2 2 0 4 2861 3488 1135
7071 2 2 0 4 9 3823 1
7072 2 2 0 4 2122 2664 2517
7073 2 2 0 4 2538 3466 3219
7074 2 2 0 4 688 3707 62
7075 2 2 0 4 1261 3723 1259
7076 2 2 0 4 1232 3316 1229
7077 2 2 0 4 1939 3648 3373
7078 2 2 0 4 42 3720 41
7079 2 2 0 4 2286 3490 2287
7080 2 2 0 4 3143 3782 2250
7081 2 2 0 4 1564 3399 1203
7082 2 2 0 4 1190 3213 1193
7083 2 2 0 4 3366 3442 1560
7084 2 2 0 4 1237 3547 1577
7085 2 2 0 4 1949 3788 1951
7086 2 2 0 4 3627 3803 3148
7087 2 2 0 4 3148 3234 2362
7088 2 2 0 4 2326 3751 2328
7089 2 2 0 4 1609 3773 1611
7090 2 2 0 4 3334 3740 748
7091 2 2 0 4 96 3730 95
7092 2 2 0 4 881 3753 878
7093 2 2 0 4 2202 3582 3231
7094 2 2 0 4 1957 3484 2568
7095 2 2 0 4 2984 3687 2492
7096 2 2 0 4 1020 3593 3100
7097 2 2 0 4 2862 3766 2910
7098 2 2 0 4 748 3740 233
7099 2 2 0 4 893 3769 920
7100 2 2 0 4 986 2066 983
7101 2 2 0 4 2579 3736 2228
7102 2 2 0 4 794 3398 2366
7103 2 2 0 4 2239 3778 2241
7104 2 2 0 4 86 3764 85
7105 2 2 0 4 726 3733 3021
7106 2 2 0 4 2250 3782 2760
7107 2 2 0 4 2115 3779 1730
7108 2 2 0 4 2510 3508 2001
7109 2 2 0 4 1723 3420 1714
7110 2 2 0 4 3072 3490 1355
7111 2 2 0 4 2140 3826 2627
7112 2 2 0 4 209 3777 208
7113 2 2 0 4 1068 3545 1070
7114 2 2 0 4 125 3809 124
7115 2 2 0 4 2279 3607 3210
7116 2 2 0 4 2377 3819 2375
7117 2 2 0 4 1113 3353 1221
7118 2 2 0 4 926 3827 919
7119 2 2 0 4 1479 3824 1343
7120 2 2 0 4 13 3795 12
7121 2 2 0 4 3227 3792 688
7122 2 2 0 4 137 3810 136
7123 2 2 0 4 1914 3446 1912
7124 2 2 0 4 731 3801 152
7125 2 2 0 4 2509 3792 2253
7126 2 2 0 4 1358 3329 3075
7127 2 2 0 4 1345 1497 1495
7128 2 2 0 4 1509 1511 1507
7129 2 2 0 4 1932 3562 1525
7130 2 2 0 4 2796 3566 3218
7131 2 2 0 4 901 905 904
7132 2 2 0 4 2564 3628 2734
7133 2 2 0 4 2287 3490 3072
7134 2 2 0 4 1675 3825 3050
7135 2 2 0 4 1267 3750 3053
7136 2 2 0 4 1514 1515 1512
7137 2 2 0 4 3152 3605 764
7138 2 2 0 4 763 3604 3151
7139 2 2 0 4 1619 1620 1617
7140 2 2 0 4 2369 3776 2371
7141 2 2 0 4 2810 3654 3480
7142 2 2 0 4 3407 3501 1569
7143 2 2 0 4 1963 3770 2322
7144 2 2 0 4 3446 3689 2392
7145 2 2 0 4 2188 3712 3082
7146 2 2 0 4 3154 3598 761
7147 2 2 0 4 3136 3569 3070
7148 2 2 0 4 2382 3331 2380
7149 2 2 0 4 1443 3365 1575
7150 2 2 0 4 3510 3719 2356
7151 2 2 0 4 1250 3367 1457
7152 2 2 0 4 3187 3703 2009
7153 2 2 0 4 3093 3743 1929
7154 2 2 0 4 3388 3599 1006
7155 2 2 0 4 3326 3592 3161
7156 2 2 0 4 1915 3759 3510
7157 2 2 0 4 3215 3536 2835
7158 2 2 0 4 2078 2534 2075
7159 2 2 0 4 1610 2518 1607
7160 2 2 0 4 1446 2708 1531
7161 2 2 0 4 2073 2709 2546
7162 2 2 0 4 1355 3361 1268
7163 2 2 0 4 3089 3477 1692
7164 2 2 0 4 2571 3372 2038
7165 2 2 0 4 1548 3775 3509
7166 2 2 0 4 1908 2142 2141
7167 2 2 0 4 1054 1177 1055
7168 2 2 0 4 1067 1176 1065
7169 2 2 0 4 3140 3660 738
7170 2 2 0 4 2992 3774 3615
7171 2 2 0 4 3244 3461 710
7172 2 2 0 4 1278 3373 3365
7173 2 2 0 4 1567 2303 1958
7174 2 2 0 4 2083 3375 2080
7175 2 2 0 4 2253 3453 1347
7176 2 2 0 4 1151 2758 863
7177 2 2 0 4 2443 3374 2442
7178 2 2 0 4 2084 2087 2083
7179 2 2 0 4 990 997 988
7180 2 2 0 4 1185 1722 1358
7181 2 2 0 4 2346 2606 2345
7182 2 2 0 4 1558 1560 1517
7183 2 2 0 4 1294 3377 1458
7184 2 2 0 4 2144 2214 2058
7185 2 2 0 4 2705 3340 1989
7186 2 2 0 4 1614 1655 1612
7187 2 2 0 4 1716 1718 1710
7188 2 2 0 4 2119 2123 2121
7189 2 2 0 4 1615 1616 1614
7190 2 2 0 4 2121 2664 2122
7191 2 2 0 4 1552 2766 1937
7192 2 2 0 4 1445 1546 1348
7193 2 2 0 4 1110 2769 1120
7194 2 2 0 4 1352 1524 1351
7195 2 2 0 4 925 3002 930
7196 2 2 0 4 996 998 994
7197 2 2 0 4 1191 1360 1350
7198 2 2 0 4 2779 2780 1154
7199 2 2 0 4 1265 1266 1080
7200 2 2 0 4 2045 2782 2043
7201 2 2 0 4 2110 2222 2011
7202 2 2 0 4 2124 2126 2125
7203 2 2 0 4 1439 1692 1468
7204 2 2 0 4 925 930 928
7205 2 2 0 4 1047 1048 1046
7206 2 2 0 4 1124 2801 2800
7207 2 2 0 4 1137 1146 1138
7208 2 2 0 4 839 847 842
7209 2 2 0 4 1144 1267 1147
7210 2 2 0 4 2848 2849 2847
7211 2 2 0 4 883 2892 887
7212 2 2 0 4 847 2859 842
7213 2 2 0 4 1146 3378 1138
7214 2 2 0 4 1033 1034 1009
7215 2 2 0 4 1295 3268 2922
7216 2 2 0 4 882 2892 883
7217 2 2 0 4 896 898 897
7218 2 2 0 4 887 1305 888
7219 2 2 0 4 890 895 892
7220 2 2 0 4 888 3380 890
7221 2 2 0 4 1557 1650 1556
7222 2 2 0 4 1556 3381 1691
7223 2 2 0 4 1144 3379 1267
7224 2 2 0 4 819 2975 2974
7225 2 2 0 4 1156 3382 1047
7226 2 2 0 4 1470 1471 1261
7227 2 2 0 4 1009 2981 1005
7228 2 2 0 4 2512 2782 2045
7229 2 2 0 4 819 2978 2975
7230 2 2 0 4 818 2979 2978
7231 2 2 0 4 1005 2981 2980
7232 2 2 0 4 2989 2990 1156
7233 2 2 0 4 2982 2984 1296
7234 2 2 0 4 1691 2984 2982
7235 2 2 0 4 1439 2986 1692
7236 2 2 0 4 1000 2987 996
7237 2 2 0 4 2222 3383 2011
7238 2 2 0 4 2980 2987 1000
7239 2 2 0 4 2043 2164 2041
7240 2 2 0 4 1191 3384 1360
7241 2 2 0 4 1281 1282 1109
7242 2 2 0 4 1109 2769 1110
7243 2 2 0 4 917 3001 3000
7244 2 2 0 4 1473 2766 1552
7245 2 2 0 4 2040 2571 2038
7246 2 2 0 4 2725 3073 2443
7247 2 2 0 4 1250 1457 1456
7248 2 2 0 4 1472 1474 1473
7249 2 2 0 4 1293 1544 1294
7250 2 2 0 4 1071 3006 1073
7251 2 2 0 4 1080 3006 1071
7252 2 2 0 4 1718 3385 1710
7253 2 2 0 4 1079 1151 863
7254 2 2 0 4 1634 1635 1633
7255 2 2 0 4 1335 1336 1334
7256 2 2 0 4 1279 1452 1278
7257 2 2 0 4 1443 1575 1472
7258 2 2 0 4 2167 2307 2168
7259 2 2 0 4 1531 1537 1532
7260 2 2 0 4 1168 1169 1167
7261 2 2 0 4 2084 3386 2087
7262 2 2 0 4 1359 3014 3013
7263 2 2 0 4 3385 3389 2110
7264 2 2 0 4 2097 3390 2119
7265 2 2 0 4 1585 2255 2022
7266 2 2 0 4 1311 1312 1310
7267 2 2 0 4 1892 2169 2167
7268 2 2 0 4 1449 1450 1448
7269 2 2 0 4 1167 1170 1165
7270 2 2 0 4 3013 3391 917
7271 2 2 0 4 1185 3394 1722
7272 2 2 0 4 2111 3393 3386
7273 2 2 0 4 1159 1161 1160
7274 2 2 0 4 1584 1586 1585
7275 2 2 0 4 1269 1355 1268
7276 2 2 0 4 2256 2709 2073
7277 2 2 0 4 1310 3359 1309
7278 2 2 0 4 1309 1534 1315
7279 2 2 0 4 2262 3056 3055
7280 2 2 0 4 1448 2708 1446
7281 2 2 0 4 1343 1347 1342
7282 2 2 0 4 1069 3396 1067
7283 2 2 0 4 2303 3395 1958
7284 2 2 0 4 2567 3709 3091
7285 2 2 0 4 2517 3553 3178
7286 2 2 0 4 3043 3044 2101
7287 2 2 0 4 1073 3396 1069
7288 2 2 0 4 2771 3804 3544
7289 2 2 0 4 2560 3780 3304
7290 2 2 0 4 1350 3397 3394
7291 2 2 0 4 2095 3399 2097
7292 2 2 0 4 3127 3260 3128
7293 2 2 0 4 1939 3373 1452
7294 2 2 0 4 2332 3377 1544
7295 2 2 0 4 1901 3540 3233
7296 2 2 0 4 3090 3376 2144
7297 2 2 0 4 1215 3780 3535
7298 2 2 0 4 911 3436 3301
7299 2 2 0 4 1345 3256 1497
7300 2 2 0 4 1511 3255 1507
7301 2 2 0 4 3401 3695 2455
7302 2 2 0 4 3229 3711 704
7303 2 2 0 4 1515 2515 1512
7304 2 2 0 4 1620 2511 1617
7305 2 2 0 4 1989 3387 3074
7306 2 2 0 4 2058 3388 3078
7307 2 2 0 4 981 3645 3115
7308 2 2 0 4 3120 3748 2282
7309 2 2 0 4 2349 3583 3272
7310 2 2 0 4 2078 2535 2534
7311 2 2 0 4 3014 3264 2077
7312 2 2 0 4 3352 3448 2023
7313 2 2 0 4 2142 2182 2141
7314 2 2 0 4 1722 1729 1358
7315 2 2 0 4 1558 1992 1560
7316 2 2 0 4 2766 2767 1937
7317 2 2 0 4 1445 1571 1546
7318 2 2 0 4 1352 1525 1524
7319 2 2 0 4 1524 1526 1351
7320 2 2 0 4 996 999 998
7321 2 2 0 4 1360 1889 1350
7322 2 2 0 4 1265 1554 1266
7323 2 2 0 4 930 1032 928
7324 2 2 0 4 1047 1049 1048
7325 2 2 0 4 1137 1304 1146
7326 2 2 0 4 1034 1533 1009
7327 2 2 0 4 1033 1083 1034
7328 2 2 0 4 1557 1942 1650
7329 2 2 0 4 887 1306 1305
7330 2 2 0 4 1470 1669 1471
7331 2 2 0 4 2989 2991 2990
7332 2 2 0 4 1281 1562 1282
7333 2 2 0 4 1457 1641 1456
7334 2 2 0 4 1293 1545 1544
7335 2 2 0 4 1079 1152 1151
7336 2 2 0 4 1634 1637 1635
7337 2 2 0 4 1336 1337 1334
7338 2 2 0 4 1335 1338 1336
7339 2 2 0 4 1279 1594 1452
7340 2 2 0 4 2307 2308 2168
7341 2 2 0 4 1531 2581 1537
7342 2 2 0 4 1537 1538 1532
7343 2 2 0 4 1168 1172 1169
7344 2 2 0 4 1312 1314 1310
7345 2 2 0 4 1450 1930 1448
7346 2 2 0 4 1534 3359 3156
7347 2 2 0 4 1161 1162 1160
7348 2 2 0 4 1269 1356 1355
7349 2 2 0 4 1534 1677 1315
7350 2 2 0 4 1343 1438 1347
7351 2 2 0 4 2315 3684 3320
7352 2 2 0 4 3465 3726 722
7353 2 2 0 4 3471 3677 2010
7354 2 2 0 4 1300 3415 1567
7355 2 2 0 4 1612 3412 1610
7356 2 2 0 4 3082 3216 2208
7357 2 2 0 4 3135 3682 2293
7358 2 2 0 4 2391 3551 3182
7359 2 2 0 4 3522 3822 710
7360 2 2 0 4 750 3586 3203
7361 2 2 0 4 2137 3498 3403
7362 2 2 0 4 3609 3801 731
7363 2 2 0 4 1525 3562 1524
7364 2 2 0 4 2138 3752 3498
7365 2 2 0 4 904 3445 907
7366 2 2 0 4 3202 3788 1949
7367 2 2 0 4 3221 3744 3433
7368 2 2 0 4 2363 3627 3148
7369 2 2 0 4 3331 3700 1353
7370 2 2 0 4 1670 3748 3120
7371 2 2 0 4 3116 3316 1232
7372 2 2 0 4 3176 3594 2026
7373 2 2 0 4 818 3468 2979
7374 2 2 0 4 2254 3570 3439
7375 2 2 0 4 3060 3439 3059
7376 2 2 0 4 2009 3703 1463
7377 2 2 0 4 2404 3312 3258
7378 2 2 0 4 1292 3721 3125
7379 2 2 0 4 1517 3442 1514
7380 2 2 0 4 2094 3440 2111
7381 2 2 0 4 1283 3828 3367
7382 2 2 0 4 3364 3733 726
7383 2 2 0 4 907 3445 1359
7384 2 2 0 4 3614 3724 2497
7385 2 2 0 4 2229 3735 3428
7386 2 2 0 4 3059 3439 2706
7387 2 2 0 4 2255 3793 2022
7388 2 2 0 4 1589 3533 3069
7389 2 2 0 4 1133 3450 2954
7390 2 2 0 4 2976 3451 2973
7391 2 2 0 4 3160 3658 2024
7392 2 2 0 4 2382 3700 3331
7393 2 2 0 4 3217 3374 2155
7394 2 2 0 4 1342 3453 1344
7395 2 2 0 4 1239 3426 1241
7396 2 2 0 4 2179 3521 3300
7397 2 2 0 4 2102 3641 2525
7398 2 2 0 4 3442 3571 1515
7399 2 2 0 4 1280 3626 2754
7400 2 2 0 4 2286 3588 3361
7401 2 2 0 4 1720 3786 3640
7402 2 2 0 4 787 3712 3196
7403 2 2 0 4 1915 3510 2610
7404 2 2 0 4 1223 3714 3296
7405 2 2 0 4 2147 3771 3191
7406 2 2 0 4 3191 3771 2473
7407 2 2 0 4 3526 3549 2153
7408 2 2 0 4 1716 3337 1718
7409 2 2 0 4 988 3479 986
7410 2 2 0 4 1468 3477 1574
7411 2 2 0 4 3432 3727 2244
7412 2 2 0 4 3505 3725 3251
7413 2 2 0 4 3495 3623 2126
7414 2 2 0 4 3510 3759 2367
7415 2 2 0 4 1666 3818 2633
7416 2 2 0 4 1221 3353 2721
7417 2 2 0 4 2673 3745 2674
7418 2 2 0 4 2229 3428 3427
7419 2 2 0 4 2491 3661 3548
7420 2 2 0 4 3113 3473 1210
7421 2 2 0 4 2922 3268 3267
7422 2 2 0 4 2495 3607 3606
7423 2 2 0 4 3606 3607 3207
7424 2 2 0 4 2346 3674 2606
7425 2 2 0 4 3230 3473 3113
7426 2 2 0 4 756 3767 3455
7427 2 2 0 4 1892 3647 2169
7428 2 2 0 4 2993 3488 2170
7429 2 2 0 4 2991 3774 2992
7430 2 2 0 4 2208 3447 3117
7431 2 2 0 4 3186 3677 2248
7432 2 2 0 4 957 3531 3327
7433 2 2 0 4 2510 3700 3508
7434 2 2 0 4 3732 3781 2489
7435 2 2 0 4 2996 3495 2124
7436 2 2 0 4 1651 3772 3417
7437 2 2 0 4 2225 3647 3624
7438 2 2 0 4 3156 3359 1314
7439 2 2 0 4 1170 3672 1165
7440 2 2 0 4 1718 3706 3389
7441 2 2 0 4 2221 3815 3454
7442 2 2 0 4 2021 3755 3162
7443 2 2 0 4 937 3524 940
7444 2 2 0 4 3403 3498 1010
7445 2 2 0 4 3134 3665 2584
7446 2 2 0 4 3148 3803 997
7447 2 2 0 4 1971 3450 2564
7448 2 2 0 4 839 3675 847
7449 2 2 0 4 3618 3619 776
7450 2 2 0 4 3331 3646 2072
7451 2 2 0 4 2243 3398 3198
7452 2 2 0 4 1235 3547 1237
7453 2 2 0 4 2059 3474 3280
7454 2 2 0 4 921 3708 880
7455 2 2 0 4 3557 3805 2527
7456 2 2 0 4 777 3793 3180
7457 2 2 0 4 1462 3703 3360
7458 2 2 0 4 2511 3639 3235
7459 2 2 0 4 2590 3760 3295
7460 2 2 0 4 3346 3528 3127
7461 2 2 0 4 2361 3831 3199
7462 2 2 0 4 2256 3754 3679
7463 2 2 0 4 3286 3798 2200
7464 2 2 0 4 1622 3639 1620
7465 2 2 0 4 3611 3797 2555
7466 2 2 0 4 3168 3672 1170
7467 2 2 0 4 3198 3752 2139
7468 2 2 0 4 1010 3752 3198
7469 2 2 0 4 3625 3812 1536
7470 2 2 0 4 2986 3433 1692
7471 2 2 0 4 694 3807 3577
7472 2 2 0 4 1355 3490 3361
7473 2 2 0 4 2257 3602 3293
7474 2 2 0 4 3337 3706 1718
7475 2 2 0 4 1177 3830 1055
7476 2 2 0 4 2497 3724 3408
7477 2 2 0 4 2339 3786 3517
7478 2 2 0 4 2068 3622 3203
7479 2 2 0 4 2252 3634 3322
7480 2 2 0 4 1193 3213 3194
7481 2 2 0 4 2549 3470 2010
7482 2 2 0 4 1344 3453 3228
7483 2 2 0 4 3451 3705 2973
7484 2 2 0 4 2860 3713 2028
7485 2 2 0 4 3423 3551 2391
7486 2 2 0 4 2994 3592 3326
7487 2 2 0 4 2849 3773 3713
7488 2 2 0 4 851 3585 2850
7489 2 2 0 4 2353 3738 3217
7490 2 2 0 4 2527 3805 2528
7491 2 2 0 4 3260 3424 3128
7492 2 2 0 4 3515 3516 2337
7493 2 2 0 4 1729 3329 1358
7494 2 2 0 4 1133 3729 3450
7495 2 2 0 4 3245 3688 1988
7496 2 2 0 4 2163 3788 3202
7497 2 2 0 4 1620 3639 2511
7498 2 2 0 4 1531 2708 2581
7499 2 2 0 4 1463 3703 1462
7500 2 2 0 4 3212 3765 2478
7501 2 2 0 4 2063 3278 3277
7502 2 2 0 4 1353 3646 3331
7503 2 2 0 4 2699 3555 3456
7504 2 2 0 4 847 3675 3200
7505 2 2 0 4 3318 3685 3532
7506 2 2 0 4 1930 2708 1448
7507 2 2 0 4 1314 3359 1310
7508 2 2 0 4 887 2892 1306
7509 2 2 0 4 1533 2981 1009
7510 2 2 0 4 1047 3382 1049
7511 2 2 0 4 996 2987 999
7512 2 2 0 4 3502 3636 2226
7513 2 2 0 4 1889 3397 1350
7514 2 2 0 4 3239 3412 1655
7515 2 2 0 4 2472 3631 3323
7516 2 2 0 4 2974 3585 851
7517 2 2 0 4 1065 3630 1063
7518 2 2 0 4 2996 3722 3495
7519 2 2 0 4 3201 3397 1889
7520 2 2 0 4 2725 3441 3073
7521 2 2 0 4 3544 3756 2771
7522 2 2 0 4 2455 3625 3401
7523 2 2 0 4 3526 3533 1589
7524 2 2 0 4 1636 3447 3216
7525 2 2 0 4 1722 3397 3201
7526 2 2 0 4 2726 3760 2656
7527 2 2 0 4 3361 3490 2286
7528 2 2 0 4 3251 3725 2289
7529 2 2 0 4 3640 3786 2338
7530 2 2 0 4 2724 3784 1943
7531 2 2 0 4 3335 3704 740
7532 2 2 0 4 2486 3620 2609
7533 2 2 0 4 2419 3796 3594
7534 2 2 0 4 3468 3469 2979
7535 2 2 0 4 3009 3665 2991
7536 2 2 0 4 2454 3625 2455
7537 2 2 0 4 3299 3698 1123
7538 2 2 0 4 1359 3445 3264
7539 2 2 0 4 3073 3643 2155
7540 2 2 0 4 3240 3537 2104
7541 2 2 0 4 2800 3628 1125
7542 2 2 0 4 2569 3698 3299
7543 2 2 0 4 3289 3528 2190
7544 2 2 0 4 3267 3775 1548
7545 2 2 0 4 2348 3775 3267
7546 2 2 0 4 2613 3616 3079
7547 2 2 0 4 2169 3753 3734
7548 2 2 0 4 2767 3691 1937
7549 2 2 0 4 2550 3641 2102
7550 2 2 0 4 2772 3756 1670
7551 2 2 0 4 3405 3474 3406
7552 2 2 0 4 2168 3596 3457
7553 2 2 0 4 1635 3496 1633
7554 2 2 0 4 2750 3693 3338
7555 2 2 0 4 3128 3828 1283
7556 2 2 0 4 2018 3613 3236
7557 2 2 0 4 1913 3798 3286
7558 2 2 0 4 2200 3800 3286
7559 2 2 0 4 3424 3828 3128
7560 2 2 0 4 2528 3629 3460
7561 2 2 0 4 3460 3629 3195
7562 2 2 0 4 2393 3630 3352
7563 2 2 0 4 3047 3673 2613
7564 2 2 0 4 3532 3685 1182
7565 2 2 0 4 1937 3691 2777
7566 2 2 0 4 3379 3750 1267
7567 2 2 0 4 2155 3374 3073
7568 2 2 0 4 2193 3501 3407
7569 2 2 0 4 3475 3691 2767
7570 2 2 0 4 3360 3703 3187
7571 2 2 0 4 812 3760 2726
7572 2 2 0 4 2387 3638 3459
7573 2 2 0 4 3638 3757 2266
7574 2 2 0 4 2328 3751 3462
7575 2 2 0 4 2398 3732 3731
7576 2 2 0 4 731 3820 3609
7577 2 2 0 4 3548 3661 944
7578 2 2 0 4 880 3708 882
7579 2 2 0 4 3513 3626 1280
7580 2 2 0 4 2131 3804 2759
7581 2 2 0 4 3375 3656 1712
7582 2 2 0 4 2847 3713 2860
7583 2 2 0 4 1716 3680 3337
7584 2 2 0 4 1676 3636 3502
7585 2 2 0 4 2492 3687 3531
7586 2 2 0 4 3011 3796 2419
7587 2 2 0 4 2589 3714 2588
7588 2 2 0 4 3096 3680 1716
7589 2 2 0 4 3417 3772 2079
7590 2 2 0 4 3296 3714 2589
7591 2 2 0 4 3272 3583 2357
7592 2 2 0 4 2622 3613 3591
7593 2 2 0 4 3435 3831 2361
7594 2 2 0 4 2152 3539 3302
7595 2 2 0 4 1949 3816 3202
7596 2 2 0 4 2079 3772 3434
7597 2 2 0 4 2214 3599 3388
7598 2 2 0 4 3312 3830 1177
7599 2 2 0 4 2653 3814 3353
7600 2 2 0 4 3353 3814 2721
7601 2 2 0 4 3389 3706 2211
7602 2 2 0 4 2181 3603 3602
7603 2 2 0 4 2025 3808 3441
7604 2 2 0 4 3401 3625 1536
7605 2 2 0 4 3340 3509 2171
7606 2 2 0 4 3368 3765 2320
7607 2 2 0 4 3499 3663 2539
7608 2 2 0 4 2538 3663 3499
7609 2 2 0 4 2414 3828 3424
7610 2 2 0 4 2510 3701 3700
7611 2 2 0 4 3700 3701 1353
7612 2 2 0 4 2158 3695 3401
7613 2 2 0 4 2575 3812 2454
7614 2 2 0 4 3327 3381 1650
7615 2 2 0 4 3550 3799 2232
7616 2 2 0 4 3434 3772 3102
7617 2 2 0 4 2647 3726 3465
7618 2 2 0 4 2258 3659 3597
7619 2 2 0 4 3597 3659 1902
7620 2 2 0 4 2616 3759 3686
7621 2 2 0 4 3667 3668 2156
7622 2 2 0 4 2238 3668 3667
7623 2 2 0 4 892 3666 896
7624 2 2 0 4 3367 3828 2414
7625 2 2 0 4 2134 3424 3260
7626 2 2 0 4 2309 3680 3096
7627 2 2 0 4 895 3666 892
7628 2 2 0 4 3498 3752 1010
7629 2 2 0 4 2565 3572 3496
7630 2 2 0 4 2249 3691 3475
7631 2 2 0 4 947 3831 3435
7632 2 2 0 4 3393 3685 3318
7633 2 2 0 4 1353 3657 3646
7634 2 2 0 4 3646 3657 1098
7635 2 2 0 4 3365 3648 1575
7636 2 2 0 4 3441 3643 3073
7637 2 2 0 4 3373 3648 3365
7638 2 2 0 4 3228 3453 2253
7639 2 2 0 4 2564 3729 3628
7640 2 2 0 4 2322 3770 3546
7641 2 2 0 4 2324 3763 3554
7642 2 2 0 4 3554 3763 2323
7643 2 2 0 4 3577 3807 765
7644 2 2 0 4 1309 3359 1534
7645 2 2 0 4 3352 3630 1176
7646 2 2 0 4 2256 3679 2709
7647 2 2 0 4 1452 3373 1278
7648 2 2 0 4 2111 3685 3393
7649 2 2 0 4 3073 3374 2443
7650 2 2 0 4 1544 3377 1294
7651 2 2 0 4 1474 2766 1473
7652 2 2 0 4 1282 2769 1109
7653 2 2 0 4 2043 2782 2164
7654 2 2 0 4 890 3380 895
7655 2 2 0 4 1305 3380 888
7656 2 2 0 4 1650 3381 1556
7657 2 2 0 4 3381 3687 1691
7658 2 2 0 4 2990 3382 1156
7659 2 2 0 4 1691 3687 2984
7660 2 2 0 4 1266 3006 1080
7661 2 2 0 4 3340 3387 1989
7662 2 2 0 4 2214 3388 2058
7663 2 2 0 4 1718 3389 3385
7664 2 2 0 4 917 3391 3001
7665 2 2 0 4 2119 3390 2123
7666 2 2 0 4 3014 3391 3013
7667 2 2 0 4 2144 3376 2214
7668 2 2 0 4 3386 3393 2087
7669 2 2 0 4 1067 3396 1176
7670 2 2 0 4 2827 3822 3522
7671 2 2 0 4 1910 3725 3505
7672 2 2 0 4 3394 3397 1722
7673 2 2 0 4 3602 3603 2180
7674 2 2 0 4 2097 3399 3390
7675 2 2 0 4 905 3445 904
7676 2 2 0 4 3815 3817 2409
7677 2 2 0 4 1655 3412 1612
7678 2 2 0 4 3538 3823 9
7679 2 2 0 4 2777 3691 2249
7680 2 2 0 4 1943 3784 3411
7681 2 2 0 4 1610 3412 2518
7682 2 2 0 4 2385 3821 3556
7683 2 2 0 4 3556 3821 2386
7684 2 2 0 4 2167 3734 2307
7685 2 2 0 4 1567 3415 2303
7686 2 2 0 4 1347 3453 1342
7687 2 2 0 4 3440 3685 2111
7688 2 2 0 4 2980 3741 2987
7689 2 2 0 4 1560 3442 1517
7690 2 2 0 4 882 3745 2892
7691 2 2 0 4 3216 3447 2208
7692 2 2 0 4 2754 3626 2130
7693 2 2 0 4 3127 3528 3260
7694 2 2 0 4 2728 3705 3451
7695 2 2 0 4 1692 3477 1468
7696 2 2 0 4 997 3479 988
7697 2 2 0 4 2124 3495 2126
7698 2 2 0 4 2660 3797 3611
7699 2 2 0 4 3718 3719 2367
7700 2 2 0 4 3389 3806 2110
7701 2 2 0 4 1514 3442 1515
7702 2 2 0 4 2169 3734 2167
7703 2 2 0 4 1182 3440 3241
7704 2 2 0 4 2981 3741 2980
7705 2 2 0 4 2313 3808 3658
7706 2 2 0 4 3533 3762 2624
7707 2 2 0 4 3609 3820 2166
7708 2 2 0 4 2355 3724 3614
7709 2 2 0 4 2442 3738 3737
7710 2 2 0 4 1441 3783 3649
7711 2 2 0 4 3649 3783 2522
7712 2 2 0 4 3735 3736 2230
7713 2 2 0 4 3707 3792 2509
7714 2 2 0 4 3742 3743 2113
7715 2 2 0 4 986 3479 2066
7716 2 2 0 4 2190 3528 3346
7717 2 2 0 4 3658 3808 2024
7718 2 2 0 4 2110 3806 2222
7719 2 2 0 4 688 3792 3707
7720 2 2 0 4 2153 3762 3526
7721 2 2 0 4 2849 3713 2847
7722 2 2 0 4 3374 3738 2442
7723 2 2 0 4 1182 3685 3440
7724 2 2 0 4 3718 3724 2355
7725 2 2 0 4 1176 3630 1065
7726 2 2 0 4 3591 3613 2018
7727 2 2 0 4 3406 3474 2060
7728 2 2 0 4 3526 3762 3533
7729 2 2 0 4 2325 3756 3544
7730 2 2 0 4 997 3803 3479
7731 2 2 0 4 3731 3732 2489
7732 2 2 0 4 3450 3729 2564
7733 2 2 0 4 3544 3804 2131
7734 2 2 0 4 2221 3816 3815
7735 2 2 0 4 3708 3745 882
7736 2 2 0 4 3495 3722 1175
7737 2 2 0 4 1670 3756 3748
7738 2 2 0 4 3748 3756 2325
7739 2 2 0 4 2613 3673 3616
7740 2 2 0 4 2528 3805 3629
7741 2 2 0 4 3217 3738 3374
7742 2 2 0 4 2454 3812 3625
7743 2 2 0 4 2709 3679 959
7744 2 2 0 4 2171 3387 3340
7745 2 2 0 4 3390 3399 1564
7746 2 2 0 4 3629 3805 2529
7747 2 2 0 4 2211 3806 3389
7748 2 2 0 4 3737 3738 2353
7749 2 2 0 4 3815 3816 1947
7750 2 2 0 4 2229 3736 3735
7751 2 2 0 4 1928 3743 3742
7752 2 2 0 4 2355 3719 3718
7753 2 2 0 4 2674 3745 3708
7754 2 2 0 4 1947 3817 3815
7755 2 2 0 4 3616 3673 1093
7756 2 2 0 4 821 3057 3055
7757 2 2 0 4 994 3234 992
7758 2 2 0 4 1285 3535 3175
7759 2 2 0 4 1913 3286 2617
7760 2 2 0 4 2379 3821 2385
$EndElements
