x_um,y_um,dx_from_center_um,dy_from_center_um,r_um,theta_rad,cell_area_um2,inside_node,I2_nM,S2_free_nM,Th2_nM,S2_I2_nM,S2_Th2_nM,S2_total_nM
2357.1286304053106,2466.0806316028306,7.12863040531056,-33.919368397169364,34.660365317151665,-1.363647057184074,1.8831100708816848,True,0.0,14.609307309184771,0.0,0.0,0.0,14.609307309184771
2372.482662232534,2478.205990708558,22.48266223253404,-21.794009291441853,31.312121327972434,-0.7698460138083346,2.1602952110320075,True,0.0,15.433625658989342,0.0,0.0,0.0,15.433625658989342
2365.432111069888,2505.842217537502,15.432111069887924,5.842217537502165,16.500956270133415,0.36190157224948266,6.145119419754792,True,0.0,18.386951010322388,0.0,0.0,0.0,18.386951010322388
2351.7883692873347,2496.9781544209322,1.7883692873347172,-3.021845579067758,3.511383689033917,-1.0364179893377354,2.095369675676011,True,0.0,19.464815654426964,0.0,0.0,0.0,19.464815654426964
2357.8628828864607,2467.9943115360306,7.8628828864607385,-32.00568846396936,32.95738189448395,-1.329895753592623,2.1389304732911114,True,0.0,15.074354491362296,0.0,0.0,0.0,15.074354491362296
2349.4323906890186,2531.1833416747672,-0.5676093109814246,31.183341674767235,31.188507151436212,1.5889966416204335,2.295940556165988,True,0.0,15.556864364898601,0.0,0.0,0.0,15.556864364898601
2315.1281257959977,2501.672913355311,-34.871874204002324,1.6729133553108113,34.91197859752638,3.093656263514537,2.0268548813842244,True,0.0,14.559506233285523,0.0,0.0,0.0,14.559506233285523
2372.2394444328634,2473.7402098894636,22.239444432863365,-26.259790110536414,34.411763473147424,-0.868104102560192,2.2016531764784304,True,0.0,14.582299531292938,0.0,0.0,0.0,14.582299531292938
2351.715946204485,2503.8504095785356,1.7159462044851352,3.8504095785356185,4.215462643550027,1.1515633251798292,2.252975593143674,True,0.0,19.44025160521393,0.0,0.0,0.0,19.44025160521393
2348.3670979534927,2494.002096340383,-1.6329020465072972,-5.997903659616895,6.216206029688323,-1.8365998655370197,2.2471187271594317,True,0.0,19.36031989158292,0.0,0.0,0.0,19.36031989158292
2321.7898777992764,2519.5749695728687,-28.210122200723617,19.574969572868667,34.33643004679569,2.534973210782165,2.4158094666545367,True,0.0,14.763132957438815,0.0,0.0,0.0,14.763132957438815
2347.905607806319,2468.7976999628204,-2.09439219368096,-31.20230003717961,31.272511991701762,-1.6378187975844645,3.0452796391109587,True,0.0,15.508543604237325,0.0,0.0,0.0,15.508543604237325
2322.1072489928742,2514.389744622858,-27.892751007125753,14.389744622857961,31.385829749372316,2.665309662592125,3.06630911211505,True,0.0,15.5733090386418,0.0,0.0,0.0,15.5733090386418
2350.540188127549,2468.116808909272,0.5401881275488449,-31.883191090727905,31.88776689172536,-1.5538552230375582,3.020460669543354,True,0.0,15.372576654618515,0.0,0.0,0.0,15.372576654618515
2318.294530962669,2495.0098949939215,-31.705469037331113,-4.9901050060784655,32.095761633724344,-2.9854838518912183,3.204781648581047,True,0.0,15.351553271490374,0.0,0.0,0.0,15.351553271490374
2372.2547199280616,2492.351124399222,22.254719928061604,-7.648875600777956,23.532485143576285,-0.33104848091982003,6.770548964691443,True,0.0,17.248970970540746,0.0,0.0,0.0,17.248970970540746
2368.8690933987687,2525.4388562087856,18.869093398768655,25.438856208785637,31.67298676952848,0.9326006789550247,2.7405386398804694,True,0.0,15.402828897084806,0.0,0.0,0.0,15.402828897084806
2381.0052883450367,2501.8987429271083,31.00528834503666,1.8987429271082874,31.06337280563896,0.061162942356183005,3.1356938894855375,True,0.0,15.575116379049485,0.0,0.0,0.0,15.575116379049485
2315.604999703572,2502.59038050838,-34.39500029642795,2.5903805083798943,34.492406650877136,3.066421857337642,1.3827258989795155,True,0.0,14.664765115330546,0.0,0.0,0.0,14.664765115330546
2337.768560585564,2469.7271749164966,-12.231439414435954,-30.27282508350345,32.650452503532215,-1.954780806954004,2.417729995073387,True,0.0,15.184722684327289,0.0,0.0,0.0,15.184722684327289
2349.3596479634584,2469.2236886202036,-0.6403520365415716,-30.776311379796425,30.78297245031561,-1.5915999782217143,3.867940654997483,True,0.0,15.659112139077305,0.0,0.0,0.0,15.659112139077305
2335.911452153711,2529.821754189181,-14.088547846289202,29.821754189180865,32.982180087694424,2.0121417528062917,2.009614779172807,True,0.0,15.103068869306302,0.0,0.0,0.0,15.103068869306302
2380.359393257548,2515.814157944152,30.359393257548163,15.814157944152157,34.23127737098123,0.48022617374351834,1.4125553220528673,True,0.0,14.66242335574624,0.0,0.0,0.0,14.66242335574624
2318.894163913818,2485.6343675452877,-31.10583608618208,-14.36563245471234,34.262872536381295,-2.7089439226553362,1.9752662791665898,True,0.0,14.763171093546747,0.0,0.0,0.0,14.763171093546747
2329.6874970967942,2474.8056945231588,-20.31250290320577,-25.194305476841237,32.36279967266638,-2.2493268791778345,2.210606376218493,True,0.0,15.31214674457554,0.0,0.0,0.0,15.31214674457554
2370.5446315438094,2472.4349745472086,20.544631543809373,-27.56502545279136,34.37895451411987,-0.9303002597073279,1.955194052225579,True,0.0,14.586968994566215,0.0,0.0,0.0,14.586968994566215
2368.073357506175,2485.246474028931,18.073357506174943,-14.753525971068939,23.330511784464047,-0.6846093528423802,6.565823819182697,True,0.0,17.26894341814136,0.0,0.0,0.0,17.26894341814136
2337.547290304022,2519.452171723577,-12.452709695977774,19.452171723577067,23.096687284886332,2.1402305814307057,6.19265122878096,True,0.0,17.353469677564927,0.0,0.0,0.0,17.353469677564927
2322.658763871034,2482.459599850698,-27.341236128966102,-17.54040014930206,32.483978057767445,-2.5711902175467007,2.788086156909685,True,0.0,15.296860675511434,0.0,0.0,0.0,15.296860675511434
2342.4307309951996,2530.7913811242033,-7.56926900480039,30.791381124203326,31.708090210591,1.811841052841056,2.5921639887819765,True,0.0,15.407574518143662,0.0,0.0,0.0,15.407574518143662
2337.4662060373207,2532.371840490467,-12.533793962679283,32.37184049046709,34.713571522376384,1.9402041022797134,1.6535644344025968,True,0.0,14.613793574995205,0.0,0.0,0.0,14.613793574995205
2379.8388000395767,2502.985178756588,29.838800039576654,2.985178756588084,29.987752166686725,0.09971174699058853,3.6489069528033724,True,0.0,15.805954434320633,0.0,0.0,0.0,15.805954434320633
2325.2973195637005,2475.5713719444484,-24.702680436299488,-24.4286280555516,34.741621859297474,-2.361772390455124,2.1351175551040456,True,0.0,14.657788882972989,0.0,0.0,0.0,14.657788882972989
2325.9322748930063,2476.4241698306764,-24.06772510699375,-23.57583016932358,33.69087650980018,-2.366518603456068,2.191318901325758,True,0.0,14.913875961412652,0.0,0.0,0.0,14.913875961412652
2347.620103464825,2467.4403070084713,-2.379896535174794,-32.559692991528664,32.64655441575324,-1.6437599067577637,2.077994951920118,True,0.0,15.14292334031814,0.0,0.0,0.0,15.14292334031814
2352.967676454846,2467.402319056621,2.967676454845787,-32.597680943379146,32.7324900737324,-1.480007104584425,2.515881650323081,True,0.0,15.149466132107577,0.0,0.0,0.0,15.149466132107577
2350.1595599577445,2466.77638696786,0.1595599577444773,-33.22361303213984,33.22399618181846,-1.5659937566814315,2.3867232480038183,True,0.0,15.00488515190055,0.0,0.0,0.0,15.00488515190055
2380.2085626647677,2504.2989345854094,30.20856266476767,4.29893458540937,30.512916885162323,0.1413593221161425,3.3954588097385567,True,0.0,15.704176228798373,0.0,0.0,0.0,15.704176228798373
2371.7154817447285,2472.562002745105,21.71548174472855,-27.43799725489498,34.99151098145468,-0.9012977836146308,1.9438796567142163,True,0.0,14.42239842951369,0.0,0.0,0.0,14.42239842951369
2383.662157765744,2507.2586285705215,33.662157765743814,7.258628570521523,34.43586145532907,0.2123798789377501,2.2205889643244063,True,0.0,14.596297275611816,0.0,0.0,0.0,14.596297275611816
2352.7604732375257,2503.09927227636,2.76047323752573,3.0992722763598977,4.15038566137038,0.8431519116947065,2.6912586249609376,True,0.0,19.445945189565187,0.0,0.0,0.0,19.445945189565187
2334.6466926116586,2527.341200391184,-15.353307388341364,27.341200391183975,31.357061191887485,2.08245983689454,2.8320999022807882,True,0.0,15.5175960838936,0.0,0.0,0.0,15.5175960838936
2318.61325673592,2504.9861063151366,-31.386743264079996,4.986106315136567,31.780322668455018,2.9840488758089383,2.7759427281716853,True,0.0,15.441323323754256,0.0,0.0,0.0,15.441323323754256
2381.5348339720636,2499.393392243402,31.534833972063552,-0.6066077565978958,31.54066782133787,-0.019233744914715523,2.5023116521770135,True,0.0,15.403240942138703,0.0,0.0,0.0,15.403240942138703
2383.090748613315,2506.17308820425,33.0907486133151,6.17308820424978,33.6616200110313,0.18443032076284185,1.856528772841557,True,0.0,14.868807556342043,0.0,0.0,0.0,14.868807556342043
2329.268193273109,2524.3141590675214,-20.731806726891136,24.31415906752136,31.95287375686105,2.2768349152440464,3.2475997967503645,True,0.0,15.36380933325945,0.0,0.0,0.0,15.36380933325945
2320.497066573451,2487.3182373874665,-29.502933426549134,-12.681762612533475,32.11308430736671,-2.735623292751904,3.2777626750057607,True,0.0,15.38450174341993,0.0,0.0,0.0,15.38450174341993
2321.588171302474,2484.8198736867575,-28.411828697525834,-15.180126313242454,32.21285837710694,-2.650891625128695,3.229184218925184,True,0.0,15.37852998273954,0.0,0.0,0.0,15.37852998273954
2357.15202056011,2469.1122490193943,7.1520205601100315,-30.887750980605688,31.704961105986936,-1.3432574867022948,2.3913693215768035,True,0.0,15.410473331122494,0.0,0.0,0.0,15.410473331122494
2348.8810773642585,2514.2540210538236,-1.1189226357414555,14.254021053823635,14.297870613053611,1.6491344185709447,7.7055072003877285,True,0.0,18.674546918469172,0.0,0.0,0.0,18.674546918469172
2352.400123335147,2512.6245815180782,2.4001233351468727,12.62458151807823,12.85070622691683,1.3829233115110595,7.140504644284192,True,0.0,18.834860601716155,0.0,0.0,0.0,18.834860601716155
2377.041095907351,2489.3503863207798,27.041095907351064,-10.649613679220238,29.062607236571072,-0.37517672577264516,4.7568761574830205,True,0.0,16.01556336693808,0.0,0.0,0.0,16.01556336693808
2337.5158516052597,2531.276286670139,-12.48414839474026,31.276286670139143,33.675808364679526,1.9505757585555754,1.8019836220755678,True,0.0,14.902126202128635,0.0,0.0,0.0,14.902126202128635
2375.6009744154458,2490.322533431834,25.600974415445762,-9.677466568165983,27.369019898386547,-0.3614084027117596,4.763309181272575,True,0.0,16.404760497670143,0.0,0.0,0.0,16.404760497670143
2340.7692933987914,2521.687718889667,-9.230706601208567,21.68771888966694,23.570385974667698,1.9731912096367918,6.221917024294726,True,0.0,17.246876211852435,0.0,0.0,0.0,17.246876211852435
2365.0184183220376,2483.026015992285,15.018418322037633,-16.97398400771499,22.664267514964603,-0.8464481443249271,6.073913127869673,True,0.0,17.407653160098178,0.0,0.0,0.0,17.407653160098178
2342.8090048292474,2479.185494682663,-7.190995170752558,-20.81450531733708,22.02167212432426,-1.9034387534670907,6.882603516829477,True,0.0,17.59166916260172,0.0,0.0,0.0,17.59166916260172
2339.0752509536883,2480.2794213706497,-10.924749046311717,-19.720578629350257,22.54443086887036,-2.076687848042429,7.178371405512735,True,0.0,17.500269554884547,0.0,0.0,0.0,17.500269554884547
2326.7707570769103,2505.4794788561944,-23.229242923089714,5.479478856194419,23.866763821586606,2.909940181245419,6.904580815705231,True,0.0,17.263707052834075,0.0,0.0,0.0,17.263707052834075
2373.7220657909206,2503.4102409394113,23.722065790920624,3.410240939411324,23.96593725798354,0.14277995673527635,4.743590204960128,True,0.0,17.140053845976347,0.0,0.0,0.0,17.140053845976347
2361.828296276978,2507.9737070725364,11.828296276978108,7.973707072536399,14.264942947470598,0.5931457979189207,6.431027842103504,True,0.0,18.66375590386121,0.0,0.0,0.0,18.66375590386121
2319.358967193433,2484.7139096908754,-30.641032806567182,-15.286090309124575,34.24233415513374,-2.678844271805975,1.661888938449465,True,0.0,14.772036042983329,0.0,0.0,0.0,14.772036042983329
2375.1405744277713,2502.727669173921,25.1405744277713,2.7276691739211856,25.28811305101011,0.10807395023347582,3.750147618352912,True,0.0,16.85506125086682,0.0,0.0,0.0,16.85506125086682
2352.3213031953487,2501.811379106653,2.321303195348719,1.8113791066530212,2.9444087339829825,0.6626305192575722,1.9698143877549228,True,0.0,19.480138048739693,0.0,0.0,0.0,19.480138048739693
2382.804404633396,2499.82114933974,32.80440463339619,-0.17885066026019558,32.804892179525005,-0.00545197787307279,2.0266997228773107,True,0.0,15.065929889015695,0.0,0.0,0.0,15.065929889015695
2317.8384488691327,2493.786884125275,-32.16155113086734,-6.21311587472519,32.75619300248666,-2.950758884594999,2.7063650663512817,True,0.0,15.164312715827474,0.0,0.0,0.0,15.164312715827474
2351.5045199991064,2510.6357890655954,1.5045199991063782,10.635789065595418,10.741675357017177,1.4302704649626168,5.335915943395321,True,0.0,19.04164201634592,0.0,0.0,0.0,19.04164201634592
2347.713624646244,2512.336315819272,-2.2863753537558296,12.336315819271931,12.546401884647286,1.7540538890050636,5.598206397144168,True,0.0,18.865238919570135,0.0,0.0,0.0,18.865238919570135
2315.937567079798,2495.71027085966,-34.0624329202019,-4.289729140340114,34.33148864440249,-3.0163149346847353,1.8774770378968242,True,0.0,14.73282893583309,0.0,0.0,0.0,14.73282893583309
2339.24846107441,2523.2228726034987,-10.751538925590012,23.222872603498672,25.59096327274154,2.004385222566675,4.83125685174673,True,0.0,16.836029789152924,0.0,0.0,0.0,16.836029789152924
2366.4807198542667,2481.467783023131,16.48071985426668,-18.532216976869222,24.80034663049248,-0.8439237963885131,4.806872168373047,True,0.0,16.975818497281256,0.0,0.0,0.0,16.975818497281256
2342.1946883637165,2477.171698571724,-7.805311636283477,-22.828301428276063,24.125800211386423,-1.9002493349391691,4.83156503737041,True,0.0,17.18232142426164,0.0,0.0,0.0,17.18232142426164
2338.1922622973184,2478.329446048683,-11.807737702681607,-21.670553951316833,24.678646198936082,-2.0696960921235203,5.480532252283865,True,0.0,17.089031261344587,0.0,0.0,0.0,17.089031261344587
2324.7432813209484,2504.911939762089,-25.256718679051573,4.911939762088878,25.729924031351946,2.949509876072305,4.974477937264965,True,0.0,16.867995136944728,0.0,0.0,0.0,16.867995136944728
2379.7456106481704,2516.5398469666975,29.74561064817044,16.539846966697496,34.03480410571395,0.507471123763191,1.7671657364363682,True,0.0,14.720918280064167,0.0,0.0,0.0,14.720918280064167
2334.0019463472145,2528.577041776152,-15.99805365278553,28.577041776151873,32.75034407992279,2.0811490522613014,2.2803362510630905,True,0.0,15.163146122378347,0.0,0.0,0.0,15.163146122378347
2384.5590450655477,2505.000258290708,34.55904506554771,5.000258290708189,34.91890861433606,0.143690242755444,1.5339045493064987,True,0.0,14.47762223723104,0.0,0.0,0.0,14.47762223723104
2342.6419688102665,2468.290367070024,-7.358031189733538,-31.709632929976124,32.55213423944608,-1.7988051846137791,2.6729069192006136,True,0.0,15.19873286403965,0.0,0.0,0.0,15.19873286403965
2348.519516160483,2503.7452959889238,-1.4804838395170918,3.745295988923772,4.027291204236386,1.9472371127880077,1.746981360722657,True,0.0,19.44661439979946,0.0,0.0,0.0,19.44661439979946
2317.1046990239906,2510.7820363060896,-32.895300976009366,10.782036306089594,34.617237515551075,2.8248589786011533,1.6847399145340205,True,0.0,14.68172332435668,0.0,0.0,0.0,14.68172332435668
2344.5359980397684,2521.8421608555805,-5.464001960231599,21.84216085558046,22.515223922103598,1.815924150652732,5.5649218872758865,True,0.0,17.454885197550997,0.0,0.0,0.0,17.454885197550997
2370.0452633147925,2526.0418627233244,20.045263314792464,26.041862723324357,32.863219493224264,0.9147856785752206,2.2967724543568693,True,0.0,15.069884685080014,0.0,0.0,0.0,15.069884685080014
2327.929264853452,2477.7498144443775,-22.07073514654803,-22.250185555622465,31.33988045874938,-2.3521456251048183,3.737993620218731,True,0.0,15.57867285834385,0.0,0.0,0.0,15.57867285834385
2348.239377979073,2502.713820773233,-1.760622020926803,2.713820773232783,3.2349054220799345,2.1463002968114484,1.6211814332023096,True,0.0,19.472502325043116,0.0,0.0,0.0,19.472502325043116
2346.224410628274,2465.9249085300407,-3.7755893717258004,-34.07509146995926,34.283624863628106,-1.6811482276589653,1.863399895245493,True,0.0,14.654946256709586,0.0,0.0,0.0,14.654946256709586
2383.298505481623,2508.2922536000665,33.298505481623124,8.292253600066488,34.315476640686505,0.2440634432956815,1.5720261547810424,True,0.0,14.622735112009632,0.0,0.0,0.0,14.622735112009632
2322.8818557898426,2517.323523617854,-27.118144210157425,17.32352361785388,32.17915809870165,2.5731193656873295,3.0970591748828156,True,0.0,15.360203365447955,0.0,0.0,0.0,15.360203365447955
2320.5167302603236,2513.2998054751747,-29.483269739676416,13.299805475174708,32.3442115411708,2.717827091129471,1.0874636832286342,True,0.0,15.301023855207353,0.0,0.0,0.0,15.301023855207353
2317.6340659244547,2511.7101852281567,-32.36593407554528,11.71018522815666,34.41921159265973,2.7944393050041567,1.6756852475614323,True,0.0,14.738928926478723,0.0,0.0,0.0,14.738928926478723
2366.120926592024,2504.150469847749,16.120926592023807,4.150469847748809,16.646641527422048,0.2519860310790211,4.6274659224532115,True,0.0,18.39086105360592,0.0,0.0,0.0,18.39086105360592
2319.350254545967,2489.7901864697574,-30.64974545403311,-10.209813530242627,32.305528763964666,-2.8200408565529664,2.8169045413542335,True,0.0,15.291158711102831,0.0,0.0,0.0,15.291158711102831
2365.7023548457078,2471.8983089873077,15.70235484570776,-28.1016910126923,32.1911320936893,-1.061245587264475,3.2400454818809976,True,0.0,15.261745316743077,0.0,0.0,0.0,15.261745316743077
2325.8393365403836,2480.6113619739085,-24.160663459616444,-19.388638026091485,30.978330221554003,-2.465336590927976,2.651665245267395,True,0.0,15.6645937211237,0.0,0.0,0.0,15.6645937211237
2372.2303863964485,2490.5422894031203,22.230386396448466,-9.457710596879679,24.158608591343402,-0.40224384402152547,5.08589356120342,True,0.0,17.09672529481923,0.0,0.0,0.0,17.09672529481923
2325.1750856222266,2481.781341894943,-24.82491437777344,-18.218658105056875,30.792789367199862,-2.5084844942623103,3.1099576615988553,True,0.0,15.715455630136304,0.0,0.0,0.0,15.715455630136304
2383.64682061639,2505.0118237868805,33.64682061638996,5.011823786880541,34.018038086613196,0.14786667052138275,1.3311961627618984,True,0.0,14.727738064613144,0.0,0.0,0.0,14.727738064613144
2317.577546705303,2487.1097868673123,-32.42245329469688,-12.890213132687677,34.89087376740391,-2.763182368365947,1.5072574641708343,True,0.0,14.571145702835203,0.0,0.0,0.0,14.571145702835203
2339.9287962156836,2531.0204488318154,-10.071203784316367,31.02044883181543,32.61437399970307,1.8847237349909336,2.690073595488684,True,0.0,15.172405273859402,0.0,0.0,0.0,15.172405273859402
2374.7736143903317,2480.1058902366926,24.77361439033166,-19.89410976330737,31.772748909015874,-0.6765895584626276,1.9548121248349162,True,0.0,15.345085766704525,0.0,0.0,0.0,15.345085766704525
2377.147658661265,2518.617349197572,27.147658661264813,18.61734919757191,32.91809626835789,0.6011191480204541,2.272849870122627,True,0.0,15.05206266673319,0.0,0.0,0.0,15.05206266673319
2376.7067037142583,2520.650926210804,26.70670371425831,20.650926210803846,33.759573111122776,0.6582150585876139,1.587908584499928,True,0.0,14.816085315886852,0.0,0.0,0.0,14.816085315886852
2377.3569174420268,2521.5179851290313,27.35691744202677,21.51798512903133,34.80552565244608,0.6664948186441205,1.4002301407292634,True,0.0,14.528097604464893,0.0,0.0,0.0,14.528097604464893
2326.862709481036,2523.087136775254,-23.137290518964164,23.08713677525384,32.68562523554089,2.357279494960715,3.1714492297041943,True,0.0,15.194875379433691,0.0,0.0,0.0,15.194875379433691
2365.7840061681472,2494.1358391734016,15.784006168147243,-5.864160826598436,16.838148143911845,-0.35572106154490163,6.961838266757695,True,0.0,18.321146473977702,0.0,0.0,0.0,18.321146473977702
2359.885115597072,2507.861206473499,9.885115597071945,7.861206473498896,12.62988826500282,0.6718421145573968,4.178946242185702,True,0.0,18.861001000089306,0.0,0.0,0.0,18.861001000089306
2373.7766025258,2522.5621673421783,23.776602525800172,22.562167342178327,32.7777092373208,0.7591964049542215,2.558399082966389,True,0.0,15.096292291183541,0.0,0.0,0.0,15.096292291183541
2381.1230731887285,2508.499885564699,31.12307318872854,8.49988556469907,32.262884857432276,0.2666041503368933,3.0836601592930037,True,0.0,15.22616350313211,0.0,0.0,0.0,15.22616350313211
2381.85453714592,2506.020179799907,31.85453714591995,6.020179799907055,32.41842225655041,0.18678667875525187,2.7835959054646082,True,0.0,15.19687790700772,0.0,0.0,0.0,15.19687790700772
2382.1796800155503,2512.399354061725,32.179680015550275,12.399354061724807,34.48587808148746,0.3677842497713289,1.823277726827655,True,0.0,14.53871650260466,0.0,0.0,0.0,14.53871650260466
2320.5665407589872,2517.8791523981918,-29.43345924101277,17.879152398191763,34.4382434710327,2.595718235621513,1.899929097925451,True,0.0,14.718531741868217,0.0,0.0,0.0,14.718531741868217
2319.3048590106987,2486.844672438031,-30.695140989301308,-13.155327561968988,33.39542369271254,-2.736693514843744,1.8712966335942838,True,0.0,15.043996677216589,0.0,0.0,0.0,15.043996677216589
2359.2419753941936,2473.7599399299493,9.24197539419356,-26.24006007005073,27.820044242717334,-1.232155272168734,4.9923794611604535,True,0.0,16.35801999339796,0.0,0.0,0.0,16.35801999339796
2365.447467834269,2469.1395553658945,15.447467834268991,-30.860444634105534,34.51074188575882,-1.1067017595662527,2.0924988598562777,True,0.0,14.615602322037175,0.0,0.0,0.0,14.615602322037175
2316.6289881866587,2493.812977433277,-33.37101181334128,-6.187022566723044,33.93970650561528,-2.9582730807885578,1.3007637448081368,True,0.0,14.850256331090636,0.0,0.0,0.0,14.850256331090636
2356.8917898579098,2467.1037191953715,6.891789857909771,-32.89628080462853,33.610445671287366,-1.364282507892011,1.7472125642511855,True,0.0,14.879444256037807,0.0,0.0,0.0,14.879444256037807
2381.0679185512895,2487.252185111755,31.067918551289495,-12.747814888245102,33.581577502174035,-0.38937188081608093,1.6688666217587524,True,0.0,14.836913585494992,0.0,0.0,0.0,14.836913585494992
2317.3276647997486,2504.8832700890657,-32.67233520025138,4.883270089065718,33.03525108426375,2.9932289829170373,2.130022789064242,True,0.0,15.109802818215044,0.0,0.0,0.0,15.109802818215044
2358.983930574264,2467.7182326494153,8.983930574263923,-32.28176735058469,33.50855878489061,-1.2993671798482787,2.2013402823658907,True,0.0,14.924928793118356,0.0,0.0,0.0,14.924928793118356
2320.4765198198997,2484.3060526249906,-29.52348018010025,-15.69394737500943,33.43554794158962,-2.6530051815729525,1.6064883945173278,True,0.0,15.051792793060342,0.0,0.0,0.0,15.051792793060342
2324.1277814202076,2523.84099424881,-25.87221857979239,23.840994248810148,35.1818802938722,2.397030618200219,1.6800284640943346,True,0.0,14.510539885731625,0.0,0.0,0.0,14.510539885731625
2339.498090199209,2490.503090795068,-10.501909800791054,-9.496909204931853,14.159145239408717,-2.406405249026843,6.009477584526394,True,0.0,18.708466382648876,0.0,0.0,0.0,18.708466382648876
2381.793201157167,2513.2793039203452,31.793201157167005,13.279303920345228,34.455007653880756,0.39565208934865653,1.278624130976823,True,0.0,14.591893042957151,0.0,0.0,0.0,14.591893042957151
2329.058989467001,2518.823166861323,-20.941010532998916,18.82316686132299,28.157370843748527,2.4094043060023496,4.350857172807082,True,0.0,16.33224225036403,0.0,0.0,0.0,16.33224225036403
2369.095776417311,2486.738293207852,19.095776417310844,-13.261706792147834,23.24911920957061,-0.6070141943048736,4.874402897617074,True,0.0,17.24887618456931,0.0,0.0,0.0,17.24887618456931
2321.4064178012272,2482.05267545818,-28.593582198772765,-17.947324541819853,33.75943425425527,-2.5810758725734355,1.9507448244412444,True,0.0,14.96083518670741,0.0,0.0,0.0,14.96083518670741
2326.155511261847,2524.204707070821,-23.844488738152904,24.20470707082086,33.97686694750041,2.348697765671103,2.0813257346972023,True,0.0,14.843223166297456,0.0,0.0,0.0,14.843223166297456
2366.6886021917953,2470.9811838492005,16.688602191795326,-29.018816150799466,33.47538101216916,-1.0488899785562087,1.847474074933416,True,0.0,14.908726571376313,0.0,0.0,0.0,14.908726571376313
2366.4218751577087,2469.6635062073296,16.421875157708655,-30.336493792670353,34.4960989001379,-1.0746384693642035,1.7537185769970165,True,0.0,14.605645545524904,0.0,0.0,0.0,14.605645545524904
2315.0850979035945,2496.500682809213,-34.91490209640551,-3.499317190787224,35.089822017264794,-3.0417020524837843,1.993380265900555,True,0.0,14.505548629262107,0.0,0.0,0.0,14.505548629262107
2381.2144867182055,2486.0111509773205,31.214486718205535,-13.98884902267946,34.20573165509473,-0.42131644887852004,1.858435777633531,True,0.0,14.636601672908403,0.0,0.0,0.0,14.636601672908403
2319.5709784109877,2517.574653036015,-30.429021589012336,17.574653036015206,35.13963267026133,2.6178349350265453,1.6777290756022012,True,0.0,14.541799883354777,0.0,0.0,0.0,14.541799883354777
2359.4986922875573,2481.6994587388485,9.498692287557333,-18.300541261151466,20.618801265466633,-1.09203388806804,5.202073456423022,True,0.0,17.7851283171366,0.0,0.0,0.0,17.7851283171366
2345.2524573405503,2465.4349176213595,-4.747542659449664,-34.565082378640454,34.889598466383866,-1.7072930815773235,1.9152986921526463,True,0.0,14.514887121321461,0.0,0.0,0.0,14.514887121321461
2380.005968312276,2487.861637942619,30.005968312275854,-12.138362057381073,32.36816287331382,-0.3844068051426964,2.9417578078230804,True,0.0,15.154603773411077,0.0,0.0,0.0,15.154603773411077
2375.8298036949295,2518.229490053123,25.829803694929524,18.229490053122845,31.614760263451306,0.6145773510505386,2.629288018767511,True,0.0,15.390233158209327,0.0,0.0,0.0,15.390233158209327
2374.485976134787,2495.2811094374524,24.48597613478705,-4.718890562547585,24.936538561208966,-0.19038401971675664,5.283939687353268,True,0.0,16.980053565251442,0.0,0.0,0.0,16.980053565251442
2337.6391824301877,2468.509757974748,-12.360817569812298,-31.490242025251973,33.82935343460064,-1.9448452110351433,1.9121894960367172,True,0.0,14.872681851605048,0.0,0.0,0.0,14.872681851605048
2380.4917141854608,2485.176527330457,30.49171418546075,-14.823472669543207,33.9039817123671,-0.4525043770647609,2.2717851431089002,True,0.0,14.731210092782154,0.0,0.0,0.0,14.731210092782154
2327.788248738551,2474.2241861433417,-22.21175126144908,-25.77581385665826,34.02579130708911,-2.2820600569867784,1.3931789286134517,True,0.0,14.821593679860946,0.0,0.0,0.0,14.821593679860946
2355.9128917139965,2511.1648788702064,5.912891713996487,11.164878870206394,12.633954591015021,1.0837520474328792,6.694735219310587,True,0.0,18.86544185750132,0.0,0.0,0.0,18.86544185750132
2352.9419447171217,2533.7063775758247,2.9419447171217143,33.70637757582472,33.83452272461752,1.4837354129414686,1.7000408278327086,True,0.0,14.814220965546822,0.0,0.0,0.0,14.814220965546822
2331.513728133858,2500.489840965151,-18.486271866142033,0.489840965150961,18.49276052081069,3.1151012996521703,7.596570355235144,True,0.0,18.18857940792548,0.0,0.0,0.0,18.18857940792548
2321.8898847225823,2520.863024735035,-28.110115277417663,20.863024735035196,35.00634773872305,2.5031092095008782,1.985229720134157,True,0.0,14.586413644569733,0.0,0.0,0.0,14.586413644569733
2376.8516461734102,2482.546185293589,26.851646173410245,-17.453814706410867,32.02571701036124,-0.5763816267511392,2.0492156814088958,True,0.0,15.293052043604755,0.0,0.0,0.0,15.293052043604755
2328.6191005537603,2525.365843271004,-21.38089944623971,25.365843271003996,33.174822772387984,2.271154701337778,1.6078403007600173,True,0.0,15.038048901134431,0.0,0.0,0.0,15.038048901134431
2327.4302698391057,2476.3319506363723,-22.569730160894323,-23.668049363627688,32.70427006087584,-2.3324452376900036,3.0613395337368274,True,0.0,15.232548865982174,0.0,0.0,0.0,15.232548865982174
2375.2558273406953,2499.419993014151,25.255827340695305,-0.5800069858491952,25.26248647236939,-0.022961237591590567,5.435469696360087,True,0.0,16.90500625403996,0.0,0.0,0.0,16.90500625403996
2334.8498185583708,2479.5318667514757,-15.150181441629229,-20.468133248524282,25.465122744523182,-2.2079854352595794,4.976259902704896,True,0.0,16.943442192457287,0.0,0.0,0.0,16.943442192457287
2327.9906809370455,2517.706200386348,-22.009319062954546,17.706200386347973,28.24747170520653,2.4641220124630436,3.615634301247269,True,0.0,16.332999881788762,0.0,0.0,0.0,16.332999881788762
2334.1674593284342,2494.935528673697,-15.832540671565766,-5.064471326303192,16.622822080854124,-2.8320009603800984,9.567302029621715,True,0.0,18.447768640589967,0.0,0.0,0.0,18.447768640589967
2344.1146272112123,2463.637895419777,-5.885372788787663,-36.362104580222876,36.83531270894911,-1.7312593417346929,1.950840172999392,True,0.0,13.938868010283702,0.0,0.0,0.0,13.938868010283702
2373.4487465860575,2475.94332468709,23.448746586057496,-24.0566753129101,33.59415639018074,-0.7981945036920699,1.756319465436718,True,0.0,14.805091328515298,0.0,0.0,0.0,14.805091328515298
2331.880054669619,2482.296346053886,-18.119945330381142,-17.703653946114173,25.33282025001885,-2.3678145578513505,4.597541739546614,True,0.0,16.97157560208641,0.0,0.0,0.0,16.97157560208641
2372.609604295161,2506.3804503534398,22.609604295160807,6.380450353439755,23.492644659477218,0.27504841516324186,4.604503824974927,True,0.0,17.23810307351696,0.0,0.0,0.0,17.23810307351696
2339.937622214996,2468.0148848358176,-10.062377785004173,-31.98511516418239,33.53056872100674,-1.8755892498919606,1.9790775019603188,True,0.0,14.960661996333975,0.0,0.0,0.0,14.960661996333975
2320.6726152800834,2519.162993978122,-29.32738471991661,19.162993978121904,35.0330677034646,2.562819497836367,2.0531744067220643,True,0.0,14.58861274130678,0.0,0.0,0.0,14.58861274130678
2345.6188712510307,2512.331360248592,-4.381128748969331,12.331360248591864,13.086509645264362,1.9121702685923465,4.777474052749312,True,0.0,18.809758312033964,0.0,0.0,0.0,18.809758312033964
2383.144824459025,2512.3643571545476,33.14482445902513,12.364357154547633,35.37593413981889,0.3570515213450616,1.5235341795082604,True,0.0,14.307331440919612,0.0,0.0,0.0,14.307331440919612
2333.2391703836047,2499.012142076663,-16.760829616395313,-0.9878579233368328,16.78991580403349,-3.0827222713627025,7.53914704962699,True,0.0,18.399579665051686,0.0,0.0,0.0,18.399579665051686
2382.2744203956877,2508.8393180363228,32.274420395687685,8.839318036322766,33.462990829046376,0.2673246515661337,1.6126869662821264,True,0.0,14.903413882623893,0.0,0.0,0.0,14.903413882623893
2315.553157409901,2499.755913830273,-34.446842590099095,-0.24408616972687014,34.447707361816065,-3.1345068928543003,1.578222088766779,True,0.0,14.688989138043825,0.0,0.0,0.0,14.688989138043825
2340.223764866681,2469.1816698981397,-9.776235133319005,-30.818330101860283,32.33178379936945,-1.877976780087138,2.5659272775310455,True,0.0,15.26372445612255,0.0,0.0,0.0,15.26372445612255
2376.7077497448913,2516.0322649950763,26.707749744891316,16.032264995076275,31.150239442227253,0.5406291274138847,2.0816721525898174,True,0.0,15.513215054615518,0.0,0.0,0.0,15.513215054615518
2366.090237176209,2496.3568269249085,16.09023717620903,-3.643173075091454,16.497528373721032,-0.22266688247852096,7.65519785706033,True,0.0,18.37292147651486,0.0,0.0,0.0,18.37292147651486
2352.0484802058695,2468.492153831566,2.0484802058695095,-31.507846168433844,31.574366839693404,-1.5058727764788475,2.842879213146716,True,0.0,15.45530733154954,0.0,0.0,0.0,15.45530733154954
2316.7712559236793,2487.4908337961474,-33.22874407632071,-12.509166203852601,35.50533300794722,-2.7815459401885927,1.396241638376523,True,0.0,14.392738873778095,0.0,0.0,0.0,14.392738873778095
2350.327400133279,2533.488664485199,0.327400133278843,33.488664485199024,33.49026485188646,1.561020191853086,2.129340283392139,True,0.0,14.924637372313958,0.0,0.0,0.0,14.924637372313958
2343.7131343462256,2530.506865961675,-6.2868656537743846,30.506865961674976,31.147930116658014,1.7740314835703859,2.6467774551779257,True,0.0,15.555987878372605,0.0,0.0,0.0,15.555987878372605
2383.08940372734,2484.002447473428,33.08940372734014,-15.99755252657178,36.75364370877172,-0.4503319304045705,2.195678218109606,True,0.0,13.89641191944473,0.0,0.0,0.0,13.89641191944473
2333.068541793999,2474.578846596729,-16.931458206001025,-25.42115340327109,30.543564253934097,-2.1583636832474205,3.2926053058358775,True,0.0,15.78722670959994,0.0,0.0,0.0,15.78722670959994
2352.766201428248,2483.673796879009,2.7662014282482232,-16.326203120991067,16.558888208134658,-1.4029570656597687,5.95013295407125,True,0.0,18.39710919320799,0.0,0.0,0.0,18.39710919320799
2332.4986448220866,2477.4467052993377,-17.50135517791341,-22.553294700662263,28.547303461419908,-2.2307308068667093,4.470586123311932,True,0.0,16.266272692801685,0.0,0.0,0.0,16.266272692801685
2380.0466253760274,2517.6898895872328,30.04662537602735,17.689889587232756,34.86734704699823,0.5321048618442319,1.916134919026149,True,0.0,14.492293088811278,0.0,0.0,0.0,14.492293088811278
2381.9307460792247,2494.583946757934,31.93074607922472,-5.4160532420660275,32.38682105265688,-0.16801959263568852,2.8985936412964293,True,0.0,15.171538612163321,0.0,0.0,0.0,15.171538612163321
2382.3838306438447,2495.615693475647,32.3838306438447,-4.384306524353178,32.67926912996527,-0.1345674729762618,2.2529427385597955,True,0.0,15.101427512685744,0.0,0.0,0.0,15.101427512685744
2367.358602307389,2473.852779707916,17.358602307388992,-26.147220292084057,31.38468102544397,-0.9847258156998344,2.8493883620249107,True,0.0,15.456797155348132,0.0,0.0,0.0,15.456797155348132
2335.449286270141,2476.4236726428257,-14.550713729859126,-23.57632735717425,27.704990194926143,-2.123748689230002,4.11135506986011,True,0.0,16.427371892367905,0.0,0.0,0.0,16.427371892367905
2356.3128054969784,2465.403740149198,6.312805496978399,-34.5962598508022,35.167495061589314,-1.3903112132142574,1.5342994330731017,True,0.0,14.451928961918238,0.0,0.0,0.0,14.451928961918238
2331.7894416623944,2474.3121945657417,-18.210558337605562,-25.68780543425828,31.487898993036115,-2.187482760826996,1.851744873498319,True,0.0,15.551565729754898,0.0,0.0,0.0,15.551565729754898
2381.624354252482,2491.8931120530483,31.624354252482135,-8.106887946951701,32.64692043778273,-0.25094569369711045,2.191842776298472,True,0.0,15.084136340719468,0.0,0.0,0.0,15.084136340719468
2362.4210292730895,2469.2078440586683,12.421029273089516,-30.792155941331657,33.20299437879411,-1.187377059625575,1.8505433890013592,True,0.0,15.006525838825144,0.0,0.0,0.0,15.006525838825144
2324.052220887995,2522.8231966700073,-25.94777911200481,22.82319667000729,34.55698984407098,2.420173484491246,1.697851098174965,True,0.0,14.67383245485856,0.0,0.0,0.0,14.67383245485856
2370.108863099615,2474.701787546199,20.108863099615064,-25.29821245380117,32.316650948338086,-0.8991895029549543,3.0149680650574737,True,0.0,15.173562980025821,0.0,0.0,0.0,15.173562980025821
2375.354033643547,2476.5961720574246,25.354033643547154,-23.40382794257539,34.50458207780227,-0.7454217033763589,1.7392979071507852,True,0.0,14.536731686741799,0.0,0.0,0.0,14.536731686741799
2358.0937052692975,2510.824592035564,8.093705269297516,10.82459203556391,13.515911279771261,0.9287594931483629,6.946873444603625,True,0.0,18.77697913613575,0.0,0.0,0.0,18.77697913613575
2338.217764550152,2533.120595021474,-11.78223544984803,33.120595021473946,35.15387442049796,1.9125732731746623,1.834916308335778,True,0.0,14.469391367633968,0.0,0.0,0.0,14.469391367633968
2348.0488171501324,2463.276324996597,-1.951182849867564,-36.72367500340306,36.77547308015477,-1.6238778857800642,2.1300212506496337,True,0.0,13.935097530772355,0.0,0.0,0.0,13.935097530772355
2317.47946936249,2497.3251122228207,-32.52053063751009,-2.674887777179265,32.63035301013055,-3.0595251155863625,2.32304504678541,True,0.0,15.198835645535652,0.0,0.0,0.0,15.198835645535652
2375.9977570838546,2477.3745138271197,25.997757083854594,-22.6254861728803,34.464416402288165,-0.7161539251787232,1.3380152961249223,True,0.0,14.57378123619219,0.0,0.0,0.0,14.57378123619219
2384.773179196793,2494.385361696919,34.77317919679308,-5.6146383030809375,35.223545459347314,-0.1600830004800393,1.9605984511656516,True,0.0,14.382484718393597,0.0,0.0,0.0,14.382484718393597
2315.8469884475285,2500.7470340935756,-34.153011552471526,0.7470340935756212,34.16118057152325,3.119722986521257,1.7686521742489276,True,0.0,14.76368073809594,0.0,0.0,0.0,14.76368073809594
2333.733148882839,2526.023729856542,-16.266851117160968,26.023729856542104,30.689492679322054,2.1294514566798766,3.3420525071924203,True,0.0,15.69389804954197,0.0,0.0,0.0,15.69389804954197
2319.619458797668,2503.872168669663,-30.380541202332097,3.872168669663097,30.62631179154484,3.014820619287046,3.4306708750809776,True,0.0,15.735345264999912,0.0,0.0,0.0,15.735345264999912
2379.1041675548922,2485.604706821519,29.10416755489223,-14.395293178481097,32.46963250111811,-0.45932855146269363,2.407990612074286,True,0.0,15.135904137578152,0.0,0.0,0.0,15.135904137578152
2380.4698453131205,2500.4099681591547,30.46984531312046,0.4099681591546869,30.472603224815064,0.013454069696092441,3.4273890383665275,True,0.0,15.698591413110558,0.0,0.0,0.0,15.698591413110558
2338.161040644441,2493.8570507477084,-11.838959355558927,-6.142949252291601,13.337795325270447,-2.662958703827338,5.696544035080478,True,0.0,18.812903961044395,0.0,0.0,0.0,18.812903961044395
2341.258108791125,2530.0872005483507,-8.741891208875131,30.087200548350665,31.331458611824647,1.8535626958304592,3.020729858074219,True,0.0,15.518655145063894,0.0,0.0,0.0,15.518655145063894
2380.4145721873297,2492.7147464193263,30.414572187329668,-7.285253580673725,31.2749279946894,-0.2351021200200852,3.398477375150833,True,0.0,15.480995759445559,0.0,0.0,0.0,15.480995759445559
2331.348586308317,2525.6459927199053,-18.651413691683047,25.64599271990528,31.7110733859284,2.19958706937724,2.0765498861492233,True,0.0,15.40464771598515,0.0,0.0,0.0,15.40464771598515
2365.9348488051305,2473.4062035759484,15.934848805130514,-26.59379642405156,31.00240982062954,-1.0309695307483402,3.610250578670275,True,0.0,15.55457025473837,0.0,0.0,0.0,15.55457025473837
2376.1050427572286,2483.715870917651,26.105042757228603,-16.284129082348954,30.767614748747366,-0.5577305073576917,2.7776945392670314,True,0.0,15.613273617941651,0.0,0.0,0.0,15.613273617941651
2328.499391564951,2523.0295510371166,-21.50060843504889,23.029551037116562,31.506132483192093,2.3218729825753943,3.4877424371366033,True,0.0,15.490428120500669,0.0,0.0,0.0,15.490428120500669
2321.7594951285173,2486.3837717539313,-28.2405048714827,-13.616228246068658,31.35167917425279,-2.6923247680571856,3.7244322793312676,True,0.0,15.585307330561772,0.0,0.0,0.0,15.585307330561772
2354.3050693044047,2470.0764867114626,4.305069304404697,-29.92351328853738,30.231610430888406,-1.4279076825960395,3.454899483991994,True,0.0,15.803574128644822,0.0,0.0,0.0,15.803574128644822
2357.7194860804625,2470.4918109183204,7.719486080462502,-29.508189081679575,30.501207979793325,-1.3149256028534988,4.053777743338287,True,0.0,15.73700498610829,0.0,0.0,0.0,15.73700498610829
2319.7736658715053,2495.321157187023,-30.226334128494727,-4.678842812977109,30.586317936553797,-2.9880179257952473,3.593782691396882,True,0.0,15.722450582960033,0.0,0.0,0.0,15.722450582960033
2370.1936137654543,2493.4612505100786,20.1936137654543,-6.538749489921429,21.225863511298975,-0.31314872818120537,7.898162021609096,True,0.0,17.661828900313022,0.0,0.0,0.0,17.661828900313022
2323.5544611400305,2514.62593241842,-26.445538859969474,14.62593241841978,30.220596034862353,2.6364042306519684,3.5785141816331816,True,0.0,15.864705612065245,0.0,0.0,0.0,15.864705612065245
2350.954002553017,2483.180571150646,0.954002553016835,-16.819428849354153,16.846462764914463,-1.5141367658190676,5.77032009553659,True,0.0,18.38273999447111,0.0,0.0,0.0,18.38273999447111
2324.0306553146265,2516.2895158124957,-25.96934468537347,16.289515812495665,30.655426742964803,2.581370243956949,3.3441998547168623,True,0.0,15.7642210489319,0.0,0.0,0.0,15.7642210489319
2351.2182026728437,2514.500375506735,1.218202672843745,14.500375506735054,14.551457232471444,1.486981343482533,7.920717695053099,True,0.0,18.668171125298223,0.0,0.0,0.0,18.668171125298223
2374.962924521236,2522.0054899497354,24.96292452123589,22.00548994973542,33.277457664022755,0.7225147266033691,2.452486867293601,True,0.0,14.953595397782466,0.0,0.0,0.0,14.953595397782466
2372.4803333104405,2521.9583867214146,22.48033331044053,21.958386721414627,31.425087639586625,0.7736533924097021,3.187279620129857,True,0.0,15.461776807089308,0.0,0.0,0.0,15.461776807089308
2357.6630162848605,2481.0146703646283,7.663016284860532,-18.985329635371727,20.47350873557734,-1.1871660253404472,5.920266522332895,True,0.0,17.81466082465005,0.0,0.0,0.0,17.81466082465005
2361.678166983302,2529.864865470158,11.678166983302162,29.864865470157838,32.06695766112705,1.1980433899569958,2.0275666313168585,True,0.0,15.33569209851978,0.0,0.0,0.0,15.33569209851978
2321.5361492281604,2516.907407426871,-28.46385077183959,16.907407426871032,33.106664384376856,2.605599712921828,2.061914099946989,True,0.0,15.122459831888525,0.0,0.0,0.0,15.122459831888525
2378.9270958452857,2512.8500419250367,28.92709584528575,12.850041925036749,31.652811115563658,0.418038260081489,2.427194253768903,True,0.0,15.373490571224613,0.0,0.0,0.0,15.373490571224613
2332.934009330706,2479.167970429424,-17.065990669294024,-20.832029570576196,26.92993675361663,-2.2571466960424917,4.678654754087802,True,0.0,16.616201566724833,0.0,0.0,0.0,16.616201566724833
2337.8000316528623,2491.891985832483,-12.199968347137656,-8.108014167517013,14.648519427294259,-2.555027005419817,6.914493535645306,True,0.0,18.67403421029146,0.0,0.0,0.0,18.67403421029146
2336.7380344969947,2528.794127208683,-13.261965503005285,28.79412720868322,31.701443038333974,2.002412705049984,2.6816830977354584,True,0.0,15.43555093743444,0.0,0.0,0.0,15.43555093743444
2381.344958232558,2515.778982546654,31.34495823255793,15.778982546653879,35.09248775462362,0.4663621410031502,1.3313238067321436,True,0.0,14.416600117433923,0.0,0.0,0.0,14.416600117433923
2359.912984271921,2475.223082979813,9.912984271920777,-24.77691702018683,26.686379938098995,-1.1902127993346483,4.327910769609389,True,0.0,16.590824529774192,0.0,0.0,0.0,16.590824529774192
2322.8850697800513,2521.3081648698244,-27.114930219948747,21.308164869824395,34.485610491222396,2.4755418594470457,1.6843480661073045,True,0.0,14.704408668242221,0.0,0.0,0.0,14.704408668242221
2375.4064596724834,2520.7747344389577,25.40645967248338,20.774734438957694,32.818863235930934,0.6854378181901599,2.6081922448233854,True,0.0,15.089568020621968,0.0,0.0,0.0,15.089568020621968
2360.003100855631,2468.4593731896166,10.003100855631146,-31.5406268103834,33.08886770984775,-1.2636810429719303,2.185769429053721,True,0.0,15.035310068696587,0.0,0.0,0.0,15.035310068696587
2339.894507107531,2519.554026053864,-10.105492892469101,19.554026053864163,22.010927320650122,2.047792307911352,8.643523799054492,True,0.0,17.559475804829756,0.0,0.0,0.0,17.559475804829756
2365.786374176005,2485.197326480278,15.78637417600521,-14.802673519721793,21.64090462425998,-0.7532506519698815,7.983044313485152,True,0.0,17.58023631633984,0.0,0.0,0.0,17.58023631633984
2341.3812455835837,2480.8277278030696,-8.618754416416323,-19.172272196930408,21.020441215247757,-1.9932698711027745,7.748329087590719,True,0.0,17.74641467431236,0.0,0.0,0.0,17.74641467431236
2328.3329582767046,2503.898322851485,-21.66704172329537,3.8983228514848633,22.01494079241258,2.963577710753844,7.962913851122721,True,0.0,17.60667364195209,0.0,0.0,0.0,17.60667364195209
2354.8494452005216,2521.252641104004,4.849445200521586,21.252641104003942,21.798896133714198,1.3464563987242415,6.08182750150354,True,0.0,17.632715027350415,0.0,0.0,0.0,17.632715027350415
2318.041903086908,2507.185952480441,-31.95809691309205,7.185952480440847,32.75603564776631,2.9204157937811104,1.7297983548560296,True,0.0,15.185478397356396,0.0,0.0,0.0,15.185478397356396
2324.2301025865477,2519.5339925258563,-25.769897413452327,19.53399252585632,32.336735714973884,2.4929810632252383,2.854517968831715,True,0.0,15.309594131042429,0.0,0.0,0.0,15.309594131042429
2378.2916854217438,2484.6631034005964,28.29168542174375,-15.336896599403644,32.181358910147146,-0.4967570140400066,2.5610964252346093,True,0.0,15.226156863895524,0.0,0.0,0.0,15.226156863895524
2340.0915689349945,2532.1651949898837,-9.908431065005516,32.16519498988373,33.65674932175131,1.8696203566181184,1.784312173512717,True,0.0,14.906402056563776,0.0,0.0,0.0,14.906402056563776
2373.967642046305,2474.8616997095082,23.967642046305173,-25.13830029049177,34.73301033245973,-0.8092330903936916,1.5884081496399176,True,0.0,14.46713975884773,0.0,0.0,0.0,14.46713975884773
2384.54210779149,2501.006483067685,34.5421077914898,1.006483067685167,34.55676806132826,0.029129617077441404,1.6818096359920673,True,0.0,14.568097919544014,0.0,0.0,0.0,14.568097919544014
2336.756368133961,2471.974042386462,-13.243631866038868,-28.02595761353814,30.997549663787886,-2.012242782405738,3.364835239432324,True,0.0,15.621411674536017,0.0,0.0,0.0,15.621411674536017
2354.9189067723796,2468.9280157304643,4.918906772379614,-31.071984269535733,31.4589232219038,-1.4137924236429231,2.0389116421438302,True,0.0,15.492680657501234,0.0,0.0,0.0,15.492680657501234
2354.1050416972853,2498.2948924322404,4.105041697285287,-1.705107567759569,4.445082581244337,-0.3936850108674474,2.6222138366001673,True,0.0,19.434244829767255,0.0,0.0,0.0,19.434244829767255
2354.346261970249,2465.137368670045,4.346261970249088,-34.86263132995509,35.13250711751725,-1.4467680275442623,2.035490426851993,True,0.0,14.43919757389962,0.0,0.0,0.0,14.43919757389962
2349.092080813532,2492.8964448535885,-0.907919186468007,-7.103555146411509,7.1613415619746945,-1.697919038882387,3.4151033827638457,True,0.0,19.304417999292294,0.0,0.0,0.0,19.304417999292294
2335.5262036355766,2472.5965274710834,-14.473796364423379,-27.40347252891661,30.990983976664612,-2.0567281170020384,2.7816613958912058,True,0.0,15.6493771241158,0.0,0.0,0.0,15.6493771241158
2332.4307587761255,2526.2495752756463,-17.569241223874542,26.249575275646293,31.5866813599421,2.160630329059708,2.106419458702476,True,0.0,15.444248392646958,0.0,0.0,0.0,15.444248392646958
2385.059301309953,2505.913351957451,35.05930130995284,5.913351957451141,35.55449816429354,0.1670944467700184,1.2185918621853489,True,0.0,14.25054394894524,0.0,0.0,0.0,14.25054394894524
2325.6388808948864,2519.2860556201445,-24.36111910511363,19.286055620144452,31.071145222486376,2.4719494266828876,3.23354919834037,True,0.0,15.653569333816096,0.0,0.0,0.0,15.653569333816096
2317.1967424766076,2489.46507741749,-32.8032575233924,-10.534922582509807,34.45342215173226,-2.8308425561744595,1.8585251613517357,True,0.0,14.69327860746778,0.0,0.0,0.0,14.69327860746778
2318.320011107542,2488.9708238325493,-31.679988892457914,-11.029176167450714,33.54496121862298,-2.806572858381119,1.8208711209917965,True,0.0,14.96097877996358,0.0,0.0,0.0,14.96097877996358
2358.3991160307687,2508.844490178976,8.39911603076871,8.844490178975775,12.19713723069126,0.8112207868900183,4.077065413785931,True,0.0,18.908453523501407,0.0,0.0,0.0,18.908453523501407
2355.7318183308944,2522.9992903039547,5.731818330894384,22.999290303954695,23.70276557416795,1.3265545686032463,3.9758505580562087,True,0.0,17.258132616817374,0.0,0.0,0.0,17.258132616817374
2316.9866920763748,2490.4002809263293,-33.013307923625234,-9.599719073670713,34.380708345720485,-2.858612835660852,1.403549660095905,True,0.0,14.714015485854741,0.0,0.0,0.0,14.714015485854741
2342.809973687658,2493.246554156854,-7.19002631234207,-6.7534458431459825,9.864355484697267,-2.3874950069599743,4.112485431081041,True,0.0,19.131399510801625,0.0,0.0,0.0,19.131399510801625
2379.1786006219513,2518.3571288780972,29.17860062195132,18.357128878097228,34.47281414248638,0.5615635904343046,1.5174428174677814,True,0.0,14.60888399984906,0.0,0.0,0.0,14.60888399984906
2336.1517078039155,2478.1235551318146,-13.848292196084458,-21.876444868185445,25.89119612568896,-2.135144180115638,4.242354145371792,True,0.0,16.829219739927957,0.0,0.0,0.0,16.829219739927957
2332.4418952803703,2496.5225287091475,-17.558104719629682,-3.4774712908524634,17.899157743429864,-2.946067936485671,9.20072194430395,True,0.0,18.29049345579273,0.0,0.0,0.0,18.29049345579273
2361.7434262130855,2470.156953769397,11.743426213085513,-29.843046230602795,32.07047657182661,-1.1959004855177129,2.528090131256249,True,0.0,15.292789970627545,0.0,0.0,0.0,15.292789970627545
2324.939009134287,2524.360646846366,-25.060990865712938,24.360646846365853,34.94988380445208,2.37036433923761,1.5351230135674996,True,0.0,14.550640119086006,0.0,0.0,0.0,14.550640119086006
2356.604050697478,2532.8489916362214,6.604050697478215,32.8489916362214,33.506264147639705,1.3723983508646984,1.5145994386166421,True,0.0,14.91409947312754,0.0,0.0,0.0,14.91409947312754
2377.614614412549,2512.263550149736,27.614614412549145,12.263550149736147,30.215254283703462,0.4179336358687346,3.4302366871916092,True,0.0,15.750590325861326,0.0,0.0,0.0,15.750590325861326
2358.8531414554745,2494.3869294388464,8.853141455474542,-5.613070561153563,10.482589124597542,-0.5650594750657336,4.167406047105942,True,0.0,19.050225427952803,0.0,0.0,0.0,19.050225427952803
2349.0877526871514,2518.641268790508,-0.912247312848649,18.641268790508093,18.66357675473195,1.619694293059224,8.961130898649571,True,0.0,18.089424907534955,0.0,0.0,0.0,18.089424907534955
2323.1701356910294,2480.3691449389903,-26.829864308970627,-19.630855061009697,33.24473024802797,-2.5099202979246154,1.66409185943985,True,0.0,15.078537214334496,0.0,0.0,0.0,15.078537214334496
2355.096417768485,2465.8407895404366,5.096417768485026,-34.15921045956338,34.5373006080625,-1.4226927739809856,1.8243507967799815,True,0.0,14.610786278672775,0.0,0.0,0.0,14.610786278672775
2316.15721430883,2492.7619106965,-33.842785691169865,-7.238089303500146,34.60815048661074,-2.930893067269879,1.4181030458103123,True,0.0,14.629452545930658,0.0,0.0,0.0,14.629452545930658
2351.275485769582,2465.109181453912,1.2754857695817918,-34.89081854608821,34.914124402087744,-1.5342561107342432,1.824421413572054,True,0.0,14.506038614049425,0.0,0.0,0.0,14.506038614049425
2355.9375894746267,2525.875461599752,5.937589474626748,25.875461599751816,26.547965680432636,1.3452333034344608,3.985828843105992,True,0.0,16.6571963846571,0.0,0.0,0.0,16.6571963846571
2383.2838226418367,2497.641754706,33.28382264183665,-2.358245293999971,33.367261957192575,-0.07073439134019698,1.7993701917839644,True,0.0,14.925217044341824,0.0,0.0,0.0,14.925217044341824
2385.1024937969196,2501.9675882000142,35.10249379691959,1.9675882000142337,35.15759482796873,0.05599406787543507,1.6990670561808656,True,0.0,14.400728272347193,0.0,0.0,0.0,14.400728272347193
2384.120014945083,2493.5677968814693,34.12001494508286,-6.432203118530651,34.721011748085814,-0.18633023650072011,1.5499000542267822,True,0.0,14.50532492794663,0.0,0.0,0.0,14.50532492794663
2336.5910522768318,2470.4899266943107,-13.40894772316824,-29.510073305689275,32.41364381784025,-1.997291199373035,2.556729443018412,True,0.0,15.265624238989252,0.0,0.0,0.0,15.265624238989252
2336.4757153551886,2485.50257730518,-13.52428464481136,-14.497422694820216,19.8262840680287,-2.321480434107675,6.042796030672434,True,0.0,17.96782638901349,0.0,0.0,0.0,17.96782638901349
2323.652805018201,2481.51707452258,-26.34719498179902,-18.48292547741994,32.183741510470696,-2.529851321250861,2.3422455833565436,True,0.0,15.355585949823743,0.0,0.0,0.0,15.355585949823743
2380.78102669032,2507.0663012634013,30.781026690319777,7.0663012634013285,31.58170700983919,0.2256568974965667,3.234962965492741,True,0.0,15.409105778409902,0.0,0.0,0.0,15.409105778409902
2324.7578281027463,2521.870513085208,-25.242171897253684,21.87051308520813,33.39890095049182,2.4276385240827496,1.8979305337779806,True,0.0,15.006795414101171,0.0,0.0,0.0,15.006795414101171
2358.2256639502743,2534.1213036038625,8.225663950274338,34.12130360386254,35.09878782878129,1.3342387237147413,1.749077169112752,True,0.0,14.450054333591131,0.0,0.0,0.0,14.450054333591131
2319.0002394164712,2506.3387336569044,-30.99976058352877,6.338733656904424,31.641186776245874,2.9398961515223614,2.1875131048832372,True,0.0,15.480741705259476,0.0,0.0,0.0,15.480741705259476
2351.2426996219165,2532.4468530984727,1.242699621916472,32.44685309847273,32.47064179138104,1.532515494680434,2.3786774666932615,True,0.0,15.202989752995416,0.0,0.0,0.0,15.202989752995416
2360.240976156046,2469.749168899516,10.240976156046145,-30.250831100483992,31.93728815818142,-1.2443712728331442,2.637473485843657,True,0.0,15.352327320186602,0.0,0.0,0.0,15.352327320186602
2318.755773792603,2497.7862085420898,-31.244226207396878,-2.213791457910247,31.32255647162444,-3.0708564511827143,2.407652601400514,True,0.0,15.540755025363287,0.0,0.0,0.0,15.540755025363287
2372.808814578608,2496.5120549545813,22.80881457860778,-3.4879450454186554,23.073963316282953,-0.15174536761073926,6.2791163898436935,True,0.0,17.338687011859896,0.0,0.0,0.0,17.338687011859896
2341.731312421349,2469.4326957571343,-8.268687578651225,-30.567304242865703,31.66593252928542,-1.8349811948830084,2.9709960087011495,True,0.0,15.45947704446033,0.0,0.0,0.0,15.45947704446033
2348.038836808872,2520.493897846511,-1.96116319112798,20.493897846511118,20.58752073479146,1.6662007937680272,7.726196983219779,True,0.0,17.829426326426173,0.0,0.0,0.0,17.829426326426173
2335.5392172337024,2469.8740766522055,-14.460782766297598,-30.12592334779447,33.416844491532075,-2.0183254626192,1.6656025502925331,True,0.0,14.982167698325924,0.0,0.0,0.0,14.982167698325924
2364.361749753414,2524.7274400649035,14.361749753414188,24.727440064903476,28.595561686091884,1.0446125283899839,3.3786325876158116,True,0.0,16.198241427545305,0.0,0.0,0.0,16.198241427545305
2336.975559888766,2487.5983639302376,-13.024440111234071,-12.40163606976239,17.984343674928883,-2.380684290470085,6.228369036950426,True,0.0,18.231846889149804,0.0,0.0,0.0,18.231846889149804
2352.7328912773537,2496.1632730330525,2.7328912773537013,-3.836726966947481,4.710538032193134,-0.9518645561694644,2.481825720215056,True,0.0,19.4243040277245,0.0,0.0,0.0,19.4243040277245
2373.4182079162865,2473.822703158017,23.41820791628652,-26.177296841983207,35.12354384118619,-0.8409727128238865,1.8666385894603081,True,0.0,14.375516402698114,0.0,0.0,0.0,14.375516402698114
2368.4108423602734,2472.9492324331723,18.410842360273364,-27.050767566827744,32.721600547182526,-0.9732072260433927,2.121222734469484,True,0.0,15.078095295252183,0.0,0.0,0.0,15.078095295252183
2369.646566522254,2473.388701484893,19.646566522254034,-26.611298515107137,33.0779198979243,-0.9348388682269261,2.109612269394347,True,0.0,14.963173250600448,0.0,0.0,0.0,14.963173250600448
2382.1943566599894,2487.7496974889464,32.19435665998935,-12.250302511053633,34.4462844493122,-0.3635933387114228,1.5537972777192408,True,0.0,14.57356190978944,0.0,0.0,0.0,14.57356190978944
2372.1907588324807,2476.090385999009,22.190758832480697,-23.90961400099104,32.620536771146284,-0.8226659602298565,2.302446771380346,True,0.0,15.062184256600652,0.0,0.0,0.0,15.062184256600652
2369.0335994569355,2499.3852483059304,19.033599456935463,-0.6147516940695823,19.043524566960166,-0.03228701246994579,8.311762113040459,True,0.0,18.04288076573103,0.0,0.0,0.0,18.04288076573103
2382.390149900639,2497.4682231580114,32.39014990063879,-2.5317768419886306,32.48894742159987,-0.07800641483037109,1.3424983063277978,True,0.0,15.130290784647555,0.0,0.0,0.0,15.130290784647555
2382.665324506683,2492.483729396747,32.66532450668319,-7.516270603252906,33.51891628481209,-0.22616276376893138,1.599225698940245,True,0.0,14.837532176213385,0.0,0.0,0.0,14.837532176213385
2336.5053127107717,2495.5485358302053,-13.494687289228295,-4.45146416979469,14.209930270378727,-2.8229642240766593,6.537246863343171,True,0.0,18.731559620968813,0.0,0.0,0.0,18.731559620968813
2380.187911252533,2489.3839771228695,30.187911252533013,-10.61602287713049,32.000155117101656,-0.33815708149512114,3.397844262183753,True,0.0,15.280301789046352,0.0,0.0,0.0,15.280301789046352
2320.620256475115,2489.047178880495,-29.379743524884816,-10.952821119505188,31.3549616498552,-2.7847505682339833,3.5847775892107165,True,0.0,15.56638637379515,0.0,0.0,0.0,15.56638637379515
2322.9117882116902,2483.885870411381,-27.088211788309764,-16.114129588619107,31.51882596619255,-2.604949250307195,3.1781730648135635,True,0.0,15.539769248718434,0.0,0.0,0.0,15.539769248718434
2330.9258783927,2524.405212988807,-19.074121607300185,24.405212988806852,30.97477257574464,2.2341913714147403,3.307942373318383,True,0.0,15.607527469083587,0.0,0.0,0.0,15.607527469083587
2374.8001049755057,2519.4432905644517,24.800104975505747,19.443290564451672,31.513279022815134,0.6649086237754953,3.3946694054311592,True,0.0,15.448545395190745,0.0,0.0,0.0,15.448545395190745
2377.073934638523,2522.537672028848,27.073934638523042,22.537672028848192,35.22704355024622,0.6942161958018569,1.6546132662881519,True,0.0,14.397491244348771,0.0,0.0,0.0,14.397491244348771
2323.985655603431,2520.8468580495933,-26.01434439656896,20.846858049593266,33.33673056739653,2.466022922262009,1.7974234997734584,True,0.0,15.02015955000428,0.0,0.0,0.0,15.02015955000428
2377.6672191917355,2494.8794330466544,27.667219191735512,-5.1205669533455875,28.13707916126393,-0.1830062529837778,4.004391872351107,True,0.0,16.24591995911502,0.0,0.0,0.0,16.24591995911502
2347.3612683996375,2482.3594724603104,-2.638731600362462,-17.64052753968963,17.836791088570266,-1.719278900663785,5.4138694387556825,True,0.0,18.228825366329634,0.0,0.0,0.0,18.228825366329634
2359.7170806992044,2483.78283427817,9.717080699204416,-16.217165721830042,18.905505054458352,-1.0309763858297685,5.44341186645579,True,0.0,18.03408732390646,0.0,0.0,0.0,18.03408732390646
2371.2204581125648,2525.6621012646333,21.220458112564756,25.662101264633293,33.29941867095294,0.8798560061314068,2.244363239236918,True,0.0,14.944991172065476,0.0,0.0,0.0,14.944991172065476
2319.5939557210245,2482.636926726326,-30.406044278975514,-17.363073273674217,35.01433766619039,-2.6227393688799574,1.7820380124942403,True,0.0,14.585476754491367,0.0,0.0,0.0,14.585476754491367
2320.547790659309,2482.9651249570966,-29.452209340690843,-17.034875042903423,34.023809351323536,-2.6172141337389654,1.6945159359479476,True,0.0,14.823814727602887,0.0,0.0,0.0,14.823814727602887
2374.970441673219,2474.7946713386305,24.97044167321883,-25.20532866136955,35.480016210301834,-0.7900794123509488,1.3040264383525937,True,0.0,14.259769303838096,0.0,0.0,0.0,14.259769303838096
2338.5765611803736,2530.5623027303163,-11.423438819626426,30.562302730316333,32.627431750679506,1.9284929974461213,2.77497068699995,True,0.0,15.199682375973772,0.0,0.0,0.0,15.199682375973772
2349.5572837853997,2505.940750253381,-0.44271621460029564,5.940750253380884,5.957223448865675,1.6451807684004573,2.5442905598019934,True,0.0,19.363416101631113,0.0,0.0,0.0,19.363416101631113
2341.228604404226,2491.0701829948553,-8.77139559577381,-8.929817005144741,12.517148734553425,-2.347244980155976,3.8018481655744836,True,0.0,18.86767948696373,0.0,0.0,0.0,18.86767948696373
2343.8469630042473,2468.3573048664925,-6.1530369957527,-31.64269513350746,32.23538458872793,-1.7628531968855756,1.9889071969555516,True,0.0,15.251554547277745,0.0,0.0,0.0,15.251554547277745
2375.606524612655,2516.6984999762954,25.606524612654994,16.698499976295352,30.570148907011262,0.5778633752848156,3.1287575638179987,True,0.0,15.670165112108489,0.0,0.0,0.0,15.670165112108489
2334.66287183732,2529.6869186862864,-15.337128162680074,29.68691868628639,33.414677035169056,2.0476585979178927,1.8589150006368982,True,0.0,14.971838512015825,0.0,0.0,0.0,14.971838512015825
2334.053471277122,2530.709738059668,-15.946528722878156,30.70973805966787,34.60317601034609,2.0497378252293132,1.760559980310063,True,0.0,14.641575972940961,0.0,0.0,0.0,14.641575972940961
2315.2347698173076,2492.9401007174033,-34.76523018269245,-7.059899282596689,35.474827801357954,-2.941243495736579,1.2213816857488382,True,0.0,14.39012680790113,0.0,0.0,0.0,14.39012680790113
2383.293594776125,2510.3089985022675,33.29359477612479,10.308998502267514,34.8531046427224,0.3002763721349776,1.6519243844818448,True,0.0,14.460590905953294,0.0,0.0,0.0,14.460590905953294
2341.3836960701965,2492.9609420030397,-8.616303929803507,-7.0390579969603095,11.126051900621274,-2.456603652008591,3.5976686364961097,True,0.0,19.03348984720777,0.0,0.0,0.0,19.03348984720777
2355.6300048000007,2527.260801370539,5.630004800000734,27.260801370538957,27.836096087849853,1.3671358063118058,3.7597775963640743,True,0.0,16.383110318344475,0.0,0.0,0.0,16.383110318344475
2330.681074930902,2475.3847473426795,-19.318925069097986,-24.615252657320525,31.29107746961021,-2.2362220056906734,2.974919743166538,True,0.0,15.569906741771424,0.0,0.0,0.0,15.569906741771424
2325.7001948497023,2474.5126972744697,-24.299805150297743,-25.4873027255303,35.21481407824356,-2.332347504179082,1.8489010632728764,True,0.0,14.46707262687048,0.0,0.0,0.0,14.46707262687048
2368.0117486754675,2527.6925219238105,18.011748675467516,27.692521923810546,33.03481286232652,0.9941264519414424,1.8932152578549903,True,0.0,15.040670293507828,0.0,0.0,0.0,15.040670293507828
2381.702901907222,2511.1634683563607,31.702901907221985,11.163468356360681,33.61096569696274,0.3385690173297553,1.5658818533293015,True,0.0,14.844661462784297,0.0,0.0,0.0,14.844661462784297
2320.338375622332,2506.9230261481407,-29.661624377667977,6.923026148140707,30.458828798391234,2.9122974002950124,3.057310329190841,True,0.0,15.786034958499902,0.0,0.0,0.0,15.786034958499902
2366.67157967144,2507.2028298476143,16.671579671440213,7.202829847614339,18.161011165539836,0.4078204977797811,5.622380860419071,True,0.0,18.174767949411144,0.0,0.0,0.0,18.174767949411144
2357.3327940912095,2494.5826397559044,7.332794091209507,-5.417360244095562,9.116888789405309,-0.636284959519594,3.3359904051949343,True,0.0,19.159162374693302,0.0,0.0,0.0,19.159162374693302
2352.55662229471,2532.626800425251,2.556622294709996,32.626800425251076,32.72681505351494,1.4925965428307237,2.6291107741553787,True,0.0,15.110688809049593,0.0,0.0,0.0,15.110688809049593
2373.255998325975,2498.749446046934,23.255998325974815,-1.2505539530661736,23.28959731998973,-0.05372165341745034,7.385472477634721,True,0.0,17.308095618836983,0.0,0.0,0.0,17.308095618836983
2325.063314726915,2526.202534258829,-24.936685273085004,26.20253425882902,36.171965304556,2.3314465460669895,1.595519811050508,True,0.0,14.206646450553931,0.0,0.0,0.0,14.206646450553931
2335.352454232994,2481.418834604666,-14.647545767005795,-18.58116539533421,23.66031074278812,-2.238362729594438,5.812548173291361,True,0.0,17.297246996809175,0.0,0.0,0.0,17.297246996809175
2381.50753521829,2489.7588755363377,31.50753521828983,-10.241124463662345,33.13012836998971,-0.3142656435173838,2.0358073039697047,True,0.0,14.982371557732545,0.0,0.0,0.0,14.982371557732545
2324.450486785386,2525.6105437412225,-25.549513214613853,25.6105437412225,36.17564893992641,2.35500155763344,1.5825395638557893,True,0.0,14.214998575313613,0.0,0.0,0.0,14.214998575313613
2372.6023590923414,2479.375160093378,22.60235909234143,-20.624839906622128,30.5982133091614,-0.7396829321229603,2.457920680772986,True,0.0,15.629186285220895,0.0,0.0,0.0,15.629186285220895
2339.1236913469097,2470.1558085190973,-10.876308653090291,-29.844191480902737,31.76428584221711,-1.920273719118418,2.5940236822627867,True,0.0,15.440455351673702,0.0,0.0,0.0,15.440455351673702
2367.1499511753887,2478.315091132216,17.14995117538865,-21.684908867784088,27.646990757084495,-0.9016470971385675,3.914610597036699,True,0.0,16.357149239541034,0.0,0.0,0.0,16.357149239541034
2384.718486013224,2507.0104578198952,34.71848601322381,7.010457819895237,35.419200864713865,0.19924382877878963,1.411707002674575,True,0.0,14.308446109512788,0.0,0.0,0.0,14.308446109512788
2368.5964318898555,2524.0062483245515,18.596431889855467,24.006248324551507,30.36654800358555,0.9117051781296636,3.4973971382553373,True,0.0,15.742845431558363,0.0,0.0,0.0,15.742845431558363
2351.2464986206123,2466.125418754616,1.2464986206123285,-33.87458124538398,33.897507480068626,-1.534015459756679,1.8394136687470564,True,0.0,14.763006544504112,0.0,0.0,0.0,14.763006544504112
2343.2506160015705,2510.362511626279,-6.749383998429494,10.362511626278774,12.36672274950073,2.14810387279818,3.445278159832924,True,0.0,18.887143992866488,0.0,0.0,0.0,18.887143992866488
2343.2297109537735,2508.5968121107967,-6.77028904622648,8.59681211079669,10.942668424008604,2.237890211137114,3.4982973807218514,True,0.0,19.022868263051585,0.0,0.0,0.0,19.022868263051585
2378.1283314623106,2482.5205551531103,28.128331462310598,-17.47944484688969,33.11697484688284,-0.5560191772370728,1.8972431657539346,True,0.0,14.98669207650664,0.0,0.0,0.0,14.98669207650664
2358.9285951562943,2533.5087246729386,8.92859515629425,33.50872467293857,34.67786672608053,1.3103907814873268,1.3253902212723006,True,0.0,14.56412323535313,0.0,0.0,0.0,14.56412323535313
2370.1666424602313,2471.2912082776134,20.166642460231287,-28.70879172238665,35.08401616517384,-0.9584244204485441,1.8225166321226425,True,0.0,14.404181121984871,0.0,0.0,0.0,14.404181121984871
2348.6027821323532,2530.431433664543,-1.3972178676467593,30.431433664542965,30.463492456531476,1.616677743870881,2.19033889307957,True,0.0,15.72428575454843,0.0,0.0,0.0,15.72428575454843
2383.910488165138,2490.903338857753,33.91048816513785,-9.09666114224683,35.109406880988715,-0.2620847746928983,1.9289381895619044,True,0.0,14.40479337501455,0.0,0.0,0.0,14.40479337501455
2364.855467271601,2521.7884534422924,14.8554672716009,21.788453442292393,26.37084775399814,0.9723867210743168,3.863101548925897,True,0.0,16.692110726042994,0.0,0.0,0.0,16.692110726042994
2343.254180530394,2464.3774208081,-6.745819469605976,-35.62257919190006,36.25567857039371,-1.757949385366497,1.7015451895240403,True,0.0,14.092058303308702,0.0,0.0,0.0,14.092058303308702
2345.1564627350194,2464.124302975389,-4.843537264980569,-35.87569702461087,36.20118078514745,-1.704993764584811,1.8818691737178597,True,0.0,14.105155743839486,0.0,0.0,0.0,14.105155743839486
2351.5856038674488,2504.955825535484,1.5856038674487536,4.955825535484109,5.203301486808621,1.261141028871911,2.2100106535644954,True,0.0,19.403914932791228,0.0,0.0,0.0,19.403914932791228
2318.3978054739387,2487.754251293851,-31.60219452606134,-12.245748706148788,33.89184356504033,-2.771911162041008,1.5685061343778557,True,0.0,14.837912533189659,0.0,0.0,0.0,14.837912533189659
2334.450717856123,2510.304695496335,-15.549282143877008,10.304695496335171,18.653871567642003,2.5563329122706815,8.36669639838874,True,0.0,18.157562120841813,0.0,0.0,0.0,18.157562120841813
2333.803312571665,2482.8433116740666,-16.196687428334826,-17.156688325933374,23.594165337311637,-2.3274197138784105,5.517962360952879,True,0.0,17.326539143605814,0.0,0.0,0.0,17.326539143605814
2364.365278883862,2471.26370945369,14.365278883862175,-28.7362905463101,32.12686775540199,-1.1072285194275948,2.8689072453562403,True,0.0,15.278212125051734,0.0,0.0,0.0,15.278212125051734
2371.9730875171667,2502.426800114557,21.973087517166732,2.426800114556954,22.10669432169998,0.1099983968930547,6.4236473583034694,True,0.0,17.528261689270153,0.0,0.0,0.0,17.528261689270153
2376.308354136547,2496.0113086511933,26.308354136547223,-3.9886913488066966,26.60900516836409,-0.15046718523551014,4.345451130711808,True,0.0,16.603391172142764,0.0,0.0,0.0,16.603391172142764
2370.4670918912648,2505.8485726033623,20.467091891264772,5.8485726033623,21.28632546923673,0.2783372440971316,6.2982776268152065,True,0.0,17.66957416175792,0.0,0.0,0.0,17.66957416175792
2316.7886086582707,2502.8639681260593,-33.21139134172927,2.8639681260592624,33.33464906490802,3.055570950700071,1.6840769145410377,True,0.0,15.001445646435094,0.0,0.0,0.0,15.001445646435094
2353.300362719169,2492.4498771882827,3.3003627191687883,-7.550122811717301,8.239948334188337,-1.1586989829296097,3.0838425453057425,True,0.0,19.22377087605098,0.0,0.0,0.0,19.22377087605098
2382.097314798117,2483.381262982866,32.09731479811717,-16.618737017134208,36.14443300556945,-0.47775522068649723,2.2409913441267406,True,0.0,14.074372213762588,0.0,0.0,0.0,14.074372213762588
2383.0452571223877,2485.115773779203,33.04525712238774,-14.88422622079679,36.24264350839453,-0.423202678359397,1.6346613464379516,True,0.0,14.024344966372194,0.0,0.0,0.0,14.024344966372194
2380.8143236776014,2497.361678759458,30.81432367760135,-2.6383212405421546,30.927063919426285,-0.08541165773566638,1.715381038598025,True,0.0,15.554109765197374,0.0,0.0,0.0,15.554109765197374
2367.699785631481,2529.72216934759,17.699785631481063,29.722169347589897,34.59320398759265,1.0336864134263402,1.7510391012679065,True,0.0,14.594815402130696,0.0,0.0,0.0,14.594815402130696
2347.1073001408226,2463.974751133845,-2.8926998591773554,-36.025248866154925,36.141199044078235,-1.650920877647607,1.985138505170653,True,0.0,14.102583626233853,0.0,0.0,0.0,14.102583626233853
2339.3771688674656,2497.1288726539356,-10.62283113253443,-2.8711273460644406,11.003995342949839,-2.8776208672955423,4.124028240868029,True,0.0,19.065502207131516,0.0,0.0,0.0,19.065502207131516
2344.4410391509573,2529.2646450329507,-5.558960849042705,29.26464503295074,29.787942101222733,1.758514682600381,3.4205571633833642,True,0.0,15.897137933758934,0.0,0.0,0.0,15.897137933758934
2347.591831835209,2504.5193550548315,-2.4081681647908226,4.519355054831522,5.1209221846795545,2.0603824197345664,2.0290713205904467,True,0.0,19.40281232607997,0.0,0.0,0.0,19.40281232607997
2381.6632661691533,2504.614649193821,31.663266169153303,4.614649193821151,31.997771979947014,0.14472249222051167,2.4142350563433865,True,0.0,15.329465866727924,0.0,0.0,0.0,15.329465866727924
2360.192777935935,2504.8167410521387,10.192777935934828,4.8167410521386955,11.273584896324595,0.44145899486635687,4.008051486307522,True,0.0,18.99903875906175,0.0,0.0,0.0,18.99903875906175
2380.4978674446425,2511.1268211932115,30.497867444642452,11.126821193211526,32.46422752102201,0.34983305719436175,2.742604363722876,True,0.0,15.145977017622236,0.0,0.0,0.0,15.145977017622236
2368.968853644334,2478.611686103503,18.968853644334104,-21.38831389649704,28.5880635915631,-0.8452776842787341,4.4842821529841785,True,0.0,16.13079326339963,0.0,0.0,0.0,16.13079326339963
2369.306013539715,2521.075776249882,19.306013539714968,21.075776249881983,28.58164626697957,0.8291958990549285,4.0675663365618675,True,0.0,16.18162837487324,0.0,0.0,0.0,16.18162837487324
2382.4520303867325,2488.734048733278,32.45203038673253,-11.265951266721913,34.351942218243856,-0.3341398864636829,1.5478668716928041,True,0.0,14.612017646009967,0.0,0.0,0.0,14.612017646009967
2365.9162854355704,2524.88138286043,15.916285435570444,24.88138286043022,29.536610420186378,1.0017055503807646,3.2171060944951932,True,0.0,15.957885549621672,0.0,0.0,0.0,15.957885549621672
2377.197427581971,2510.6822532622323,27.19742758197117,10.68225326223228,29.220037676824415,0.3742555619664788,4.067989993914125,True,0.0,15.991327678717418,0.0,0.0,0.0,15.991327678717418
2354.1053215243437,2496.7993832377274,4.105321524343708,-3.2006167622726025,5.205536713652119,-0.6621939290108324,2.916775869021876,True,0.0,19.398749292966066,0.0,0.0,0.0,19.398749292966066
2314.643276308713,2499.445871671069,-35.35672369128679,-0.5541283289308012,35.36106571339337,-3.1259214344245874,1.4005152667768925,True,0.0,14.436679720704198,0.0,0.0,0.0,14.436679720704198
2338.7069237057203,2526.335086339132,-11.293076294279672,26.335086339131976,28.65432506059002,1.9759001652152828,3.750421393387114,True,0.0,16.170544304283254,0.0,0.0,0.0,16.170544304283254
2377.1881503162076,2487.6288884653018,27.18815031620761,-12.37111153469823,29.870385304187884,-0.42701947265345225,4.114388936500291,True,0.0,15.809483274431317,0.0,0.0,0.0,15.809483274431317
2316.3922418333755,2508.7322990734287,-33.607758166624535,8.732299073428749,34.72368724795975,2.887383969165372,1.6117683451716402,True,0.0,14.664842472809806,0.0,0.0,0.0,14.664842472809806
2326.072734988233,2521.8274084119007,-23.92726501176685,21.827408411900706,32.38749402042763,2.402056126482972,2.972573571544217,True,0.0,15.282331679831321,0.0,0.0,0.0,15.282331679831321
2345.558882664159,2481.955862301946,-4.441117335841227,-18.044137698053873,18.582637822899052,-1.812124825156269,5.432983842773865,True,0.0,18.142741783493552,0.0,0.0,0.0,18.142741783493552
2361.49504903335,2484.270676048267,11.495049033349915,-15.729323951733022,19.481986147661665,-0.9396944329537936,5.448928715281454,True,0.0,17.957765249746462,0.0,0.0,0.0,17.957765249746462
2341.8037079134433,2511.5384870676176,-8.196292086556696,11.538487067617552,14.153299536776908,2.188430718473741,5.348882473227604,True,0.0,18.690851655540264,0.0,0.0,0.0,18.690851655540264
2329.5230563789196,2478.1799663754864,-20.47694362108041,-21.8200336245136,29.92355405756157,-2.3244513503903113,3.8217485497079906,True,0.0,15.924516951100733,0.0,0.0,0.0,15.924516951100733
2341.997873988909,2507.9109903743915,-8.00212601109115,7.910990374391531,11.252457038402635,2.361921504192199,3.7210239547621313,True,0.0,19.006764320483065,0.0,0.0,0.0,19.006764320483065
2321.6010269755534,2513.2490566524552,-28.398973024446605,13.249056652455238,31.337504224542425,2.7050753035126736,1.9585446597138798,True,0.0,15.546159570796739,0.0,0.0,0.0,15.546159570796739
2317.7899669618496,2485.836879989242,-32.210033038150414,-14.16312001075812,35.18636378993826,-2.7273275607226752,1.503974552987529,True,0.0,14.491847416857885,0.0,0.0,0.0,14.491847416857885
2328.2861869514404,2516.116414362124,-21.713813048559587,16.116414362124033,27.041236824514414,2.5030897223227897,3.376696724645626,True,0.0,16.59017406529283,0.0,0.0,0.0,16.59017406529283
2371.8000404844242,2524.5113978944382,21.800040484424244,24.511397894438232,32.80320703623362,0.8438775800407841,2.554816576103349,True,0.0,15.091787529078713,0.0,0.0,0.0,15.091787529078713
2348.2593000748184,2534.8070064634026,-1.740699925181616,34.80700646340256,34.850505522486685,1.6207647414770072,1.5134392830900651,True,0.0,14.551512304996734,0.0,0.0,0.0,14.551512304996734
2354.9211285389347,2513.0240673427706,4.921128538934681,13.02406734277065,13.922781196504609,1.2095303989848567,7.692979481413204,True,0.0,18.743283112603578,0.0,0.0,0.0,18.743283112603578
2347.0944864785088,2494.287911342557,-2.9055135214912298,-5.712088657443019,6.408585308323324,-2.0413482587531138,2.1390883297311234,True,0.0,19.358007364687236,0.0,0.0,0.0,19.358007364687236
2329.490861108282,2515.2884013872213,-20.509138891718067,15.288401387221256,25.580461197104547,2.50101417903331,3.3103235974240306,True,0.0,16.913371239324974,0.0,0.0,0.0,16.913371239324974
2316.718458643034,2503.978069088063,-33.281541356966045,3.9780690880629663,33.51844311367763,3.0226292601908944,1.710393224995073,True,0.0,14.948965400484507,0.0,0.0,0.0,14.948965400484507
2349.869403120358,2470.854994047254,-0.13059687964187106,-29.145005952746033,29.145298549347096,-1.575277231886796,4.081870005234123,True,0.0,16.06746085840347,0.0,0.0,0.0,16.06746085840347
2335.258106323328,2508.41235648828,-14.741893676672134,8.412356488279784,16.973248683154583,2.623039039272686,6.978434449790257,True,0.0,18.347652712728948,0.0,0.0,0.0,18.347652712728948
2356.9874441565476,2531.728440750218,6.987444156547554,31.728440750217942,32.48874156197745,1.3540299675635061,2.459839227619341,True,0.0,15.175992614755682,0.0,0.0,0.0,15.175992614755682
2337.283734328779,2497.2209058392723,-12.716265671221208,-2.779094160727709,13.01640414919842,-2.926429258711329,4.325880433754719,True,0.0,18.869802164964604,0.0,0.0,0.0,18.869802164964604
2351.9863698206045,2498.070831202558,1.9863698206045228,-1.9291687974418892,2.768999334277968,-0.7707904784577557,1.5742557251303992,True,0.0,19.48541055177865,0.0,0.0,0.0,19.48541055177865
2350.5158077298306,2464.5260449586417,0.5158077298306125,-35.473955041358295,35.477704884764776,-1.5562568884300656,1.429066548681476,True,0.0,14.326023452111322,0.0,0.0,0.0,14.326023452111322
2331.139600804979,2512.716787817499,-18.86039919502082,12.716787817499153,22.747117403988508,2.5483524432359745,4.624303868231436,True,0.0,17.466184591226273,0.0,0.0,0.0,17.466184591226273
2373.99660648489,2489.579515306227,23.99660648488998,-10.420484693772778,26.161491242737227,-0.40967785901745896,4.344005417053268,True,0.0,16.696747397215265,0.0,0.0,0.0,16.696747397215265
2382.344659842454,2510.1252662079437,32.34465984245389,10.125266207943696,33.89244806893972,0.3033793937604944,1.5353534339087673,True,0.0,14.694400097293402,0.0,0.0,0.0,14.694400097293402
2315.8287182618337,2494.6194980461837,-34.17128173816627,-5.380501953816292,34.59228666775524,-2.9854180531994348,1.4365249707574321,True,0.0,14.640924120038646,0.0,0.0,0.0,14.640924120038646
2337.049154866472,2526.100840332025,-12.950845133528219,26.1008403320252,29.137231435236,2.0313872708038634,3.6886961313457505,True,0.0,16.061176596963843,0.0,0.0,0.0,16.061176596963843
2345.344206809974,2520.111194667878,-4.655793190026088,20.111194667877953,20.643075381288902,1.798291320267521,8.106753851961912,True,0.0,17.758217936938955,0.0,0.0,0.0,17.758217936938955
2346.3842896024266,2467.1644690248518,-3.615710397573366,-32.83553097514823,33.03400454227491,-1.680470256741785,1.7085239341768101,True,0.0,15.012254134560667,0.0,0.0,0.0,15.012254134560667
2379.984023633561,2512.3676708656444,29.98402363356081,12.367670865644413,32.4345642162623,0.3912145197367429,2.106828945983125,True,0.0,15.16025597627504,0.0,0.0,0.0,15.16025597627504
2345.935468535043,2503.0179916001284,-4.064531464956872,3.0179916001284255,5.062478575566536,2.5028966401894577,2.0511432793469453,True,0.0,19.414371970720875,0.0,0.0,0.0,19.414371970720875
2367.7084604261577,2526.478546451142,17.70846042615767,26.478546451141938,31.85440303678714,0.9813284685290112,2.5363482361735805,True,0.0,15.354911581853235,0.0,0.0,0.0,15.354911581853235
2364.260366806129,2520.1793333191654,14.260366806128786,20.17933331916538,24.709584267067665,0.9556000216786111,3.9389902969669492,True,0.0,17.043688669260185,0.0,0.0,0.0,17.043688669260185
2338.580252547946,2466.7449620106686,-11.419747452053798,-33.25503798933141,35.16117437658425,-1.9015784800046691,1.533496534085316,True,0.0,14.480229694454582,0.0,0.0,0.0,14.480229694454582
2338.708170539848,2467.771606515026,-11.291829460151803,-32.22839348497382,34.14930100572273,-1.9077998240294904,1.8474379527324345,True,0.0,14.749209889633121,0.0,0.0,0.0,14.749209889633121
2328.3368874863604,2475.1880422615973,-21.66311251363959,-24.811957738402725,32.93817983117602,-2.2885444543904057,2.6428070375068273,True,0.0,15.105434248848757,0.0,0.0,0.0,15.105434248848757
2368.474177215513,2497.140185507566,18.47417721551301,-2.8598144924339977,18.694217360491866,-0.153581613403093,8.195678157325347,True,0.0,18.07286921863508,0.0,0.0,0.0,18.07286921863508
2351.1060520384667,2501.574034013064,1.1060520384667143,1.5740340130641925,1.9237812209498617,0.9582697926414935,1.6750330927661707,True,0.0,19.50160238804876,0.0,0.0,0.0,19.50160238804876
2353.061731504131,2500.8155510230567,3.0617315041308757,0.8155510230567415,3.1684891154296886,0.2603246691064469,2.101967179676649,True,0.0,19.474891116602354,0.0,0.0,0.0,19.474891116602354
2352.720121011402,2509.1354585069917,2.7201210114021706,9.135458506991654,9.531823563706881,1.2814011835582055,4.552869547645969,True,0.0,19.142870325164154,0.0,0.0,0.0,19.142870325164154
2337.360798754045,2523.0262605975627,-12.639201245955064,23.02626059756267,26.267053227239234,2.07279751266361,4.619876504915737,True,0.0,16.709070592138623,0.0,0.0,0.0,16.709070592138623
2339.8617380089995,2524.9879740879474,-10.13826199100049,24.98797408794735,26.966334664134344,1.956228841864514,4.363990186884621,True,0.0,16.546284234772326,0.0,0.0,0.0,16.546284234772326
2355.0552170835044,2499.3332371340516,5.055217083504431,-0.6667628659483853,5.098999164616793,-0.13113903115303674,3.1890851121834203,True,0.0,19.406305177007038,0.0,0.0,0.0,19.406305177007038
2365.929115061432,2479.656681104414,15.929115061432185,-20.34331889558598,25.837711398803325,-0.9064985059333271,4.390296012298677,True,0.0,16.77318882445365,0.0,0.0,0.0,16.77318882445365
2368.332883426838,2481.7235100679195,18.33288342683818,-18.276489932080494,25.886766869956503,-0.7838577532516611,4.630162209324226,True,0.0,16.743077060204495,0.0,0.0,0.0,16.743077060204495
2343.6339855135298,2475.887076462714,-6.366014486470249,-24.11292353728595,24.939110287998403,-1.8289153006701855,4.196703815598994,True,0.0,17.00443860124305,0.0,0.0,0.0,17.00443860124305
2323.3517258544643,2506.458374031662,-26.64827414553565,6.458374031662061,27.419721188744255,2.9038210078293805,4.803086630370672,True,0.0,16.491577296787867,0.0,0.0,0.0,16.491577296787867
2317.707566665304,2501.9770702241885,-32.29243333469594,1.9770702241885374,32.352898747208954,3.0804450317956475,2.9331249814049443,True,0.0,15.284108509950341,0.0,0.0,0.0,15.284108509950341
2354.191978820894,2481.9007691294864,4.191978820893837,-18.099230870513566,18.578343428276206,-1.3431985306494838,6.4677685900733195,True,0.0,18.129000642849835,0.0,0.0,0.0,18.129000642849835
2371.5308908093048,2474.9262677528736,21.530890809304765,-25.073732247126372,33.04952810317855,-0.8612713320318512,2.6185574397859455,True,0.0,14.956458537060994,0.0,0.0,0.0,14.956458537060994
2374.896027452585,2481.2297004440547,24.896027452584804,-18.770299555945257,31.179100826351213,-0.6460227740897936,2.356170623105754,True,0.0,15.517032011361175,0.0,0.0,0.0,15.517032011361175
2336.319511756564,2475.046501967863,-13.680488243435775,-24.95349803213685,28.457561782743127,-2.0722867461953984,3.594858829189434,True,0.0,16.27965174399513,0.0,0.0,0.0,16.27965174399513
2326.9346383855886,2478.734655968222,-23.06536161441136,-21.265344031778113,31.372372610203424,-2.396776504358909,2.0695376228668465,True,0.0,15.575138408587916,0.0,0.0,0.0,15.575138408587916
2342.1928631041615,2532.1510182744423,-7.807136895838539,32.15101827444232,33.085334554661635,1.8090126671634994,1.7204899397893314,True,0.0,15.033125552135639,0.0,0.0,0.0,15.033125552135639
2378.070893766136,2517.830603275576,28.070893766136123,17.830603275575868,33.25515734439813,0.5658998236571818,1.7010407455236418,True,0.0,14.966806833542256,0.0,0.0,0.0,14.966806833542256
2323.0295098398624,2518.7072441839214,-26.970490160137615,18.707244183921375,32.823289360375504,2.5351620956558647,2.833092311380028,True,0.0,15.181683886648557,0.0,0.0,0.0,15.181683886648557
2349.046143469546,2463.699412618007,-0.9538565304537769,-36.300587381992955,36.31311727955059,-1.5970668958608099,1.6844690656744206,True,0.0,14.060002683891737,0.0,0.0,0.0,14.060002683891737
2344.872675228531,2510.7567546401874,-5.1273247714689205,10.75675464018741,11.916259048095261,2.0155989680718127,3.484981767089266,True,0.0,18.930458009345692,0.0,0.0,0.0,18.930458009345692
2332.146270407095,2527.57062509827,-17.853729592904983,27.57062509826983,32.846537544860304,2.14545678763744,1.6582862568416203,True,0.0,15.098085314193803,0.0,0.0,0.0,15.098085314193803
2359.1315119962637,2477.962469826028,9.131511996263725,-22.037530173971845,23.854501619330215,-1.1779706716526857,3.5949192969819705,True,0.0,17.187849323596687,0.0,0.0,0.0,17.187849323596687
2364.37711890651,2469.822633474148,14.377118906510077,-30.177366525851994,33.42715959347342,-1.1261895509155242,2.050806526303859,True,0.0,14.912053780974327,0.0,0.0,0.0,14.912053780974327
2371.548098042276,2477.368235396006,21.548098042275797,-22.631764603993815,31.249276764912775,-0.8099217641187324,2.7305881385614157,True,0.0,15.42112278414873,0.0,0.0,0.0,15.42112278414873
2348.0603099553928,2505.723065277041,-1.9396900446072323,5.72306527704086,6.042836555328894,1.897570933857277,2.5077465218364523,True,0.0,19.356894867415285,0.0,0.0,0.0,19.356894867415285
2381.424363837055,2498.265365871461,31.424363837054898,-1.7346341285388007,31.472203579086976,-0.05514433003810069,1.4642195782047338,True,0.0,15.397497949196213,0.0,0.0,0.0,15.397497949196213
2380.4647592598317,2494.3447312763415,30.46475925983168,-5.655268723658537,30.985216169913848,-0.18354387844933734,3.230346285352198,True,0.0,15.50403226597071,0.0,0.0,0.0,15.50403226597071
2350.7205561400224,2531.0662117801267,0.7205561400223814,31.06621178012665,31.074567020613557,1.547606277940888,2.8724698543082923,True,0.0,15.557738312157623,0.0,0.0,0.0,15.557738312157623
2352.643839691484,2469.917530600645,2.643839691484118,-30.082469399354977,30.19842468536058,-1.4831351707795413,3.3470011160397917,True,0.0,15.815796407030055,0.0,0.0,0.0,15.815796407030055
2359.315922885829,2470.842775057145,9.315922885828968,-29.15722494285501,30.609315339990182,-1.2615411061783934,3.4706561877101194,True,0.0,15.672405557288577,0.0,0.0,0.0,15.672405557288577
2319.949358437109,2496.89911962777,-30.050641562891087,-3.100880372230222,30.21020551774251,-3.0387680855755406,2.8710745421983574,True,0.0,15.835339063915026,0.0,0.0,0.0,15.835339063915026
2370.5415096237916,2495.7203699787333,20.541509623791626,-4.279630021266712,20.982584462912364,-0.2054023340390393,7.111167365074493,True,0.0,17.718871201097215,0.0,0.0,0.0,17.718871201097215
2331.184129967119,2527.7184861316455,-18.815870032880866,27.718486131645477,33.50151397361748,2.16716582902783,1.2805506085510387,True,0.0,14.940177268986027,0.0,0.0,0.0,14.940177268986027
2344.495494360525,2467.3959204716034,-5.5045056394751555,-32.604079528396596,33.06547420239159,-1.7380479019574533,1.5366539153296799,True,0.0,15.026821694774545,0.0,0.0,0.0,15.026821694774545
2371.2928611320494,2523.1434117669382,21.29286113204944,23.143411766938243,31.448425133904518,0.8270191594142758,3.349918510781208,True,0.0,15.46573207502594,0.0,0.0,0.0,15.46573207502594
2352.930611983565,2498.7514590091914,2.930611983565086,-1.2485409908085785,3.1854891624277357,-0.4027463149327073,1.582970102197578,True,0.0,19.473767007256107,0.0,0.0,0.0,19.473767007256107
2367.4876579725565,2500.972664035716,17.487657972556462,0.9726640357162069,17.51468688533978,0.05556277963268558,6.804295863801599,True,0.0,18.25451843139843,0.0,0.0,0.0,18.25451843139843
2384.681164029004,2499.021560941392,34.68116402900387,-0.9784390586078189,34.694963343374226,-0.028204923826172623,1.758149166030762,True,0.0,14.538299719364982,0.0,0.0,0.0,14.538299719364982
2352.4239184095677,2534.76795463308,2.4239184095677047,34.76795463308008,34.85234640342248,1.5011919245358123,1.6326352295880042,True,0.0,14.525693916648908,0.0,0.0,0.0,14.525693916648908
2354.176873408435,2467.6792248447023,4.176873408434858,-32.320775155297724,32.58955013665271,-1.4422767856170806,1.9005398152048656,True,0.0,15.155385597220118,0.0,0.0,0.0,15.155385597220118
2327.7314237274923,2501.605638185229,-22.268576272507744,1.6056381852290542,22.326387150328657,3.069613901918052,6.544241408865673,True,0.0,17.546169128472386,0.0,0.0,0.0,17.546169128472386
2383.587607239586,2498.866654515788,33.58760723958585,-1.1333454842119863,33.606723018873225,-0.03373016815345328,1.7854922778319633,True,0.0,14.830655717678527,0.0,0.0,0.0,14.830655717678527
2316.47765482506,2491.9462881422064,-33.5223451749398,-8.053711857793587,34.47622225122954,-2.9058121923986033,1.2471876818653982,True,0.0,14.693580243967725,0.0,0.0,0.0,14.693580243967725
2359.145492714805,2530.296920597358,9.145492714805187,30.296920597358167,31.64717103753794,1.277632041087865,3.3955777836581547,True,0.0,15.456289241659181,0.0,0.0,0.0,15.456289241659181
2382.271143358196,2485.879649611515,32.271143358195786,-14.120350388484894,35.22514710741191,-0.4124553108630926,1.3119408547568128,True,0.0,14.345773860302934,0.0,0.0,0.0,14.345773860302934
2374.2797773425773,2493.379298350748,24.27977734257729,-6.620701649252169,25.16627263091497,-0.266211574139123,4.8438732223096395,True,0.0,16.92557507274532,0.0,0.0,0.0,16.92557507274532
2362.038398769783,2528.723008283427,12.038398769782816,28.723008283427134,31.143767430902322,1.1739162734296202,2.9491119844155946,True,0.0,15.585759582528873,0.0,0.0,0.0,15.585759582528873
2348.3697363537804,2533.9336855122965,-1.630263646219646,33.933685512296506,33.97282402161508,1.6188020499608913,1.2898261834926075,True,0.0,14.797890688398232,0.0,0.0,0.0,14.797890688398232
2351.5996457413207,2535.110170879685,1.5996457413207281,35.11017087968503,35.14659251902534,1.5252670616517976,1.5673001406630647,True,0.0,14.463920372577535,0.0,0.0,0.0,14.463920372577535
2382.7741110317133,2486.927077328521,32.774111031713346,-13.072922671478864,35.28517622307618,-0.37954009921002047,1.320635164882333,True,0.0,14.319144424561575,0.0,0.0,0.0,14.319144424561575
2364.170151241902,2467.4857762159095,14.170151241902204,-32.51422378409052,35.46784366860072,-1.1598019646893498,1.51395713864531,True,0.0,14.333576913514259,0.0,0.0,0.0,14.333576913514259
2383.281201163208,2500.9381724554846,33.28120116320815,0.9381724554846187,33.294421731307445,0.028181797523598826,1.9352880361966527,True,0.0,14.949441372246879,0.0,0.0,0.0,14.949441372246879
2363.4480079517093,2467.886165103816,13.448007951709315,-32.11383489618402,34.81590598575029,-1.174222376155324,1.2385816908727065,True,0.0,14.518594256200092,0.0,0.0,0.0,14.518594256200092
2358.658296271291,2476.47577515441,8.658296271290965,-23.524224845590197,25.067015157519936,-1.2181249989731955,3.188117920210516,True,0.0,16.956503688110338,0.0,0.0,0.0,16.956503688110338
2375.7822938550903,2501.1624330900045,25.782293855090302,1.1624330900044697,25.80848556422799,0.04505597502269699,3.8066648029302996,True,0.0,16.739153358928128,0.0,0.0,0.0,16.739153358928128
2331.5133871032835,2480.507972662433,-18.48661289671645,-19.492027337566924,26.86436275293906,-2.3297275166729356,4.437036422406663,True,0.0,16.641745133297494,0.0,0.0,0.0,16.641745133297494
2330.4664706655876,2483.534245170609,-19.53352933441238,-16.46575482939079,25.547599698600944,-2.4412067524500523,4.162646003002919,True,0.0,16.923883716016356,0.0,0.0,0.0,16.923883716016356
2373.0799072155132,2508.1540635916413,23.07990721551323,8.154063591641261,24.47796703431944,0.3396090504420959,4.3231700811068094,True,0.0,17.04911222801903,0.0,0.0,0.0,17.04911222801903
2376.9612279980324,2505.002248205348,26.961227998032427,5.002248205348224,27.421347564804275,0.18344889638755893,3.672923101868946,True,0.0,16.412240990876814,0.0,0.0,0.0,16.412240990876814
2353.54256095935,2493.883310447505,3.542560959349885,-6.11668955249479,7.0684955423561595,-1.0458389860109683,2.5919850516897895,True,0.0,19.298215223576808,0.0,0.0,0.0,19.298215223576808
2376.67151874958,2503.696306988549,26.671518749580173,3.6963069885491677,26.926429354127222,0.13770914498996725,3.149268543170365,True,0.0,16.489810980053544,0.0,0.0,0.0,16.489810980053544
2363.053618824278,2509.7005772503976,13.053618824278146,9.7005772503976,16.263399503193675,0.6390918383579167,8.294184700217102,True,0.0,18.443499989819077,0.0,0.0,0.0,18.443499989819077
2333.712032515977,2476.110719132401,-16.28796748402283,-23.889280867599155,28.913588935509612,-2.169210117729336,3.946995125616013,True,0.0,16.17124004772348,0.0,0.0,0.0,16.17124004772348
2330.7467873686164,2476.9873855406036,-19.253212631383576,-23.012614459396445,30.004443352378498,-2.267481344940828,4.006732902219483,True,0.0,15.925346423906538,0.0,0.0,0.0,15.925346423906538
2329.910491660899,2495.8509087870566,-20.08950833910103,-4.149091212943404,20.513490760963478,-2.9379259633170807,7.786598158842935,True,0.0,17.872482996224402,0.0,0.0,0.0,17.872482996224402
2355.8146333644586,2530.9881769060803,5.814633364458587,30.988176906080298,31.528987759292296,1.3853127655548794,2.3200034993442387,True,0.0,15.457771154062806,0.0,0.0,0.0,15.457771154062806
2343.0163413900236,2532.867555044403,-6.9836586099763736,32.86755504440316,33.601304471367904,1.780161434308581,1.5537962775676988,True,0.0,14.89175030580111,0.0,0.0,0.0,14.89175030580111
2325.043061576455,2477.459513125157,-24.956938423545125,-22.540486874842827,33.629188572304045,-2.407026086316858,1.4565789314697213,True,0.0,14.988668107177965,0.0,0.0,0.0,14.988668107177965
2355.2902923259558,2532.837494255003,5.290292325955761,32.837494255003094,33.260911320068,1.4110636006893718,1.6230168430508911,True,0.0,14.945109411071458,0.0,0.0,0.0,14.945109411071458
2326.6797281403688,2497.661316483115,-23.320271859631248,-2.3386835168848847,23.437246429545816,-3.041641404039904,4.083518511526563,True,0.0,17.336038654402493,0.0,0.0,0.0,17.336038654402493
2360.7125295476567,2533.215304601581,10.712529547656686,33.21530460158101,34.900068038403965,1.2588110578478378,1.3775259409367209,True,0.0,14.515534006264451,0.0,0.0,0.0,14.515534006264451
2319.7954740164573,2478.8540236403564,-30.20452598354268,-21.145976359643555,36.870933078688275,-2.5308042946999585,1.8442689746161705,True,0.0,13.996768243678286,0.0,0.0,0.0,13.996768243678286
2368.788169757312,2529.7509246280642,18.788169757312062,29.75092462806424,35.18682763555611,1.0075254288874504,1.584866104680259,True,0.0,14.414523181481183,0.0,0.0,0.0,14.414523181481183
2335.7211760448395,2511.995252827166,-14.278823955160533,11.995252827166041,18.648616676046007,2.442890097937337,8.11070888768154,True,0.0,18.13227794692042,0.0,0.0,0.0,18.13227794692042
2320.8404137386165,2478.3857041637425,-29.159586261383538,-21.614295836257497,36.29682156101724,-2.5037205822171753,1.9107380453096994,True,0.0,14.186711416540279,0.0,0.0,0.0,14.186711416540279
2367.646782335391,2520.7074536414325,17.64678233539098,20.707453641432494,27.206755835724756,0.8650295026631809,4.0766101466533655,True,0.0,16.48909100007916,0.0,0.0,0.0,16.48909100007916
2383.704564859642,2491.9127457638974,33.70456485964178,-8.08725423610258,34.66123733303759,-0.23549332399262957,1.4318566805368391,True,0.0,14.511422359257761,0.0,0.0,0.0,14.511422359257761
2354.9071810785867,2533.607192324547,4.907181078586746,33.60719232454721,33.96356580333026,1.4258051661575735,1.3969456029501544,True,0.0,14.755709744395519,0.0,0.0,0.0,14.755709744395519
2359.347635521117,2503.354112927214,9.3476355211169,3.3541129272139187,9.931181368001992,0.34451003487819337,3.8744511221034372,True,0.0,19.112334224833216,0.0,0.0,0.0,19.112334224833216
2375.9801857595075,2522.901368621398,25.98018575950755,22.901368621397978,34.6329718163439,0.7224960017915898,1.8063572299970474,True,0.0,14.574045706564522,0.0,0.0,0.0,14.574045706564522
2319.1798482332415,2502.311041586821,-30.8201517667585,2.31104158682092,30.90667675668225,3.0667479637666744,3.724920124768005,True,0.0,15.6625398937772,0.0,0.0,0.0,15.6625398937772
2359.30694270702,2506.1785470456985,9.30694270701997,6.178547045698451,11.17110675571858,0.586059996426282,3.197632799114217,True,0.0,19.003950504252774,0.0,0.0,0.0,19.003950504252774
2336.1342004450476,2527.423450320821,-13.865799554952446,27.423450320820848,30.729562717302837,2.038928503021814,3.1238179091542406,True,0.0,15.681668836049559,0.0,0.0,0.0,15.681668836049559
2342.023027873242,2467.2279391038774,-7.976972126758028,-32.77206089612264,33.72892022716181,-1.809560917902441,1.5979485818361354,True,0.0,14.87086779441507,0.0,0.0,0.0,14.87086779441507
2344.4035553157096,2513.9280187957465,-5.596444684290418,13.928018795746539,15.010326468101596,1.952863771212111,5.8465126083046925,True,0.0,18.59064626048919,0.0,0.0,0.0,18.59064626048919
2385.1588680510963,2500.0443663775445,35.158868051096306,0.04436637754452022,35.15889604367374,0.0012618823203053905,1.7043071346965917,True,0.0,14.395017914917782,0.0,0.0,0.0,14.395017914917782
2333.8203544542553,2473.6340424885966,-16.179645545744734,-26.365957511403394,30.93452190480833,-2.1211970220637335,1.6955884217040875,True,0.0,15.67668642586332,0.0,0.0,0.0,15.67668642586332
2346.856064009355,2501.4046896023187,-3.143935990644877,1.40468960231874,3.4434701090810367,2.721408601892873,1.5118163473430286,True,0.0,19.47329942903967,0.0,0.0,0.0,19.47329942903967
2348.507736945828,2480.602195236444,-1.4922630541718718,-19.397804763555996,19.455119600451756,-1.6475745845275123,5.3977585709653795,True,0.0,18.01758977746698,0.0,0.0,0.0,18.01758977746698
2358.314979440396,2531.557176203942,8.3149794403962,31.557176203942163,32.63424969354842,1.3131626611788196,2.846237990337613,True,0.0,15.167335208397843,0.0,0.0,0.0,15.167335208397843
2363.9648243294546,2493.415762707528,13.964824329454586,-6.584237292472153,15.439187131326175,-0.4405783877863825,4.153837714419751,True,0.0,18.50073523216538,0.0,0.0,0.0,18.50073523216538
2375.760511260896,2524.022434966257,25.760511260895782,24.02243496625715,35.22330651899098,0.7504992522588,1.6779067409374875,True,0.0,14.399976201427922,0.0,0.0,0.0,14.399976201427922
2342.6069868868103,2522.330751720801,-7.3930131131896815,22.33075172080089,23.522736135659187,1.890507335265483,4.854153231861346,True,0.0,17.22805639918018,0.0,0.0,0.0,17.22805639918018
2347.1663851013086,2465.2357494951443,-2.833614898691394,-34.76425050485568,34.879542522206975,-1.65212598126193,1.713528888955807,True,0.0,14.49738683287368,0.0,0.0,0.0,14.49738683287368
2315.32404858271,2497.681484432494,-34.67595141728998,-2.318515567505983,34.75337567965193,-3.0748296758087457,1.6162139663211974,True,0.0,14.609121626623294,0.0,0.0,0.0,14.609121626623294
2380.061449125996,2483.105840115148,30.061449125996205,-16.894159884851888,34.48337805044333,-0.5120000890004838,1.6961772937999058,True,0.0,14.591128846587088,0.0,0.0,0.0,14.591128846587088
2361.901874264762,2491.1354574175944,11.901874264761773,-8.864542582405647,14.840307483656852,-0.6401662328332629,3.574807450867411,True,0.0,18.584099703693543,0.0,0.0,0.0,18.584099703693543
2330.052358365516,2473.446720434906,-19.94764163448417,-26.553279565093817,33.21121892433091,-2.215084686766504,1.5429472522009746,True,0.0,15.03720374795902,0.0,0.0,0.0,15.03720374795902
2356.108886494615,2482.523036307231,6.108886494615035,-17.476963692769004,18.51385303286315,-1.2345319467170417,6.240175488193017,True,0.0,18.12078143374992,0.0,0.0,0.0,18.12078143374992
2327.1404767830904,2507.553727555253,-22.859523216909565,7.553727555252863,24.075227967423565,2.822447302368568,5.277804891287815,True,0.0,17.212482281760312,0.0,0.0,0.0,17.212482281760312
2329.4212444235923,2513.4484146206023,-20.57875557640773,13.448414620602307,24.583430128465842,2.5627541725814407,3.4870750278906826,True,0.0,17.10775963075371,0.0,0.0,0.0,17.10775963075371
2376.6310215950894,2497.9128011355397,26.63102159508935,-2.0871988644603334,26.71268818928413,-0.07821483422554851,4.589308722463102,True,0.0,16.56370115421914,0.0,0.0,0.0,16.56370115421914
2346.1353652759767,2504.1227058612653,-3.86463472402329,4.122705861265331,5.650849950993043,2.323895705969657,2.615857775540917,True,0.0,19.383714390991276,0.0,0.0,0.0,19.383714390991276
2350.1606604924273,2505.01623999614,0.16066049242726876,5.01623999614003,5.018812159535551,1.53877920016191,1.5765067306215315,True,0.0,19.403027160297768,0.0,0.0,0.0,19.403027160297768
2360.268816804939,2466.235577838857,10.268816804938979,-33.7644221611431,35.2914267556483,-1.2755536933766218,1.5396637458106852,True,0.0,14.390511119880246,0.0,0.0,0.0,14.390511119880246
2340.4518974617754,2495.9583666156386,-9.548102538224612,-4.041633384361376,10.368271914549487,-2.741169767313902,3.862924837414539,True,0.0,19.095497328518245,0.0,0.0,0.0,19.095497328518245
2340.0141908567584,2494.358914718478,-9.985809143241568,-5.64108528152201,11.46901161385109,-2.6273741972583182,3.879845023161579,True,0.0,18.991185679616564,0.0,0.0,0.0,18.991185679616564
2347.4860577020895,2531.3426870285653,-2.5139422979104893,31.34268702856525,31.44334486100065,1.6508332417621034,1.5700213269337837,True,0.0,15.4964790489824,0.0,0.0,0.0,15.4964790489824
2347.1117969128663,2502.383165578004,-2.888203087133661,2.383165578004082,3.7444886492967155,2.4517106135296727,1.6363645733854355,True,0.0,19.461838132327465,0.0,0.0,0.0,19.461838132327465
2374.008260809109,2479.4749340650687,24.008260809108833,-20.525065934931263,31.585992444618025,-0.7073416136702333,1.5406195422965538,True,0.0,15.35076673557084,0.0,0.0,0.0,15.35076673557084
2317.3735064017087,2508.9145430918634,-32.62649359829129,8.91454309186338,33.822435794248044,2.874872562962093,1.2301336381633519,True,0.0,14.898759507689658,0.0,0.0,0.0,14.898759507689658
2380.8914622236593,2483.909019114326,30.891462223659346,-16.09098088567407,34.8310508623972,-0.480217747988972,2.1842280341988953,True,0.0,14.476398330113582,0.0,0.0,0.0,14.476398330113582
2336.498162138729,2468.019303974824,-13.501837861270815,-31.980696025175803,34.71403957891881,-1.970282026769992,1.9146777089772513,True,0.0,14.604018460500436,0.0,0.0,0.0,14.604018460500436
2369.9353651174797,2508.9639235667546,19.935365117479705,8.963923566754602,21.8579666958719,0.4225622703364091,5.0257227085176055,True,0.0,17.552677059006978,0.0,0.0,0.0,17.552677059006978
2336.518405772742,2517.9835875528784,-13.481594227258029,17.98358755287836,22.475827107816933,2.2140804402386673,4.295468420569705,True,0.0,17.445030472875494,0.0,0.0,0.0,17.445030472875494
2339.9807639259757,2498.6613165242575,-10.01923607402432,-1.3386834757425277,10.10827210532326,-3.0087679886220573,3.8954283872953965,True,0.0,19.126271009415717,0.0,0.0,0.0,19.126271009415717
2350.730811628706,2500.5006989933668,0.730811628705851,0.5006989933667683,0.8858809844500523,0.6006743863029729,1.5896196906512614,True,0.0,19.514422130396436,0.0,0.0,0.0,19.514422130396436
2351.8677496585397,2507.490266230931,1.8677496585396511,7.490266230930956,7.719622853300517,1.3264230143438807,3.8074313527358754,True,0.0,19.270994796364498,0.0,0.0,0.0,19.270994796364498
2354.607487522504,2509.26506248691,4.607487522504016,9.26506248691021,10.347479120847792,1.1093134771732385,4.908973027011598,True,0.0,19.08375472356397,0.0,0.0,0.0,19.08375472356397
2336.3163068493855,2524.5571160749046,-13.683693150614545,24.55711607490457,28.112193229211268,2.0791651023904087,3.9404003476420257,True,0.0,16.297572091615304,0.0,0.0,0.0,16.297572091615304
2341.5954563321197,2525.360145581992,-8.404543667880262,25.36014558199213,26.716536792876823,1.8908126743449012,4.160501847455635,True,0.0,16.5819803708345,0.0,0.0,0.0,16.5819803708345
2369.60018110295,2480.20900312049,19.600181102950046,-19.790996879510203,27.854095870324397,-0.7902422501656621,4.465581098147595,True,0.0,16.293374086867743,0.0,0.0,0.0,16.293374086867743
2364.2078114993656,2479.208982744691,14.207811499365562,-20.791017255308816,25.181904338473952,-0.9713236327334639,4.337560346345526,True,0.0,16.925781588621028,0.0,0.0,0.0,16.925781588621028
2345.3768096117437,2476.2316575600307,-4.623190388256262,-23.768342439969274,24.213797548292785,-1.7629079200003763,4.2310215470752155,True,0.0,17.168991989721466,0.0,0.0,0.0,17.168991989721466
2343.121206028291,2474.179834955396,-6.878793971709001,-25.820165044603982,26.72075465692931,-1.8311606606858637,3.9633813333266517,True,0.0,16.62423232525827,0.0,0.0,0.0,16.62423232525827
2323.7205810353857,2508.202454364066,-26.27941896461425,8.202454364065943,27.52976786520932,2.839049780478626,4.696667492795768,True,0.0,16.490943828690288,0.0,0.0,0.0,16.490943828690288
2321.618884756647,2505.956813280049,-28.38111524335318,5.9568132800491185,28.999505632163174,2.934709156590504,4.200443619549333,True,0.0,16.142600785195125,0.0,0.0,0.0,16.142600785195125
2360.2241672549503,2472.4017696857236,10.224167254950316,-27.598230314276407,29.431206440393225,-1.2160078175183133,3.5770398321133143,True,0.0,15.987579945713527,0.0,0.0,0.0,15.987579945713527
2376.8241945132236,2484.9215992674117,26.824194513223574,-15.078400732588307,30.771668462008577,-0.5121003100214709,2.909377819128167,True,0.0,15.591761824796329,0.0,0.0,0.0,15.591761824796329
2383.168023894582,2490.2964203438214,33.16802389458189,-9.70357965617859,34.55831690368266,-0.2846156128342385,1.3585679765815257,True,0.0,14.533565289070184,0.0,0.0,0.0,14.533565289070184
2357.1821665748903,2533.814273419079,7.182166574890289,33.8142734190792,34.568607197422885,1.3615061936197155,1.6544552842069606,True,0.0,14.581527331430525,0.0,0.0,0.0,14.581527331430525
2317.1939190981598,2496.1267611154,-32.80608090184023,-3.8732388846001413,33.03393593859601,-3.0240720259530605,2.1467373503326144,True,0.0,15.106848104076741,0.0,0.0,0.0,15.106848104076741
2316.462068023244,2498.089423590361,-33.53793197675623,-1.9105764096389066,33.592308397825185,-3.08468653243988,1.8912854048353438,True,0.0,14.943593957243452,0.0,0.0,0.0,14.943593957243452
2369.2146415644934,2475.843539447908,19.214641564493377,-24.156460552092085,30.866438681142625,-0.898851531686054,3.278504869706012,True,0.0,15.531823559391709,0.0,0.0,0.0,15.531823559391709
2375.85981174152,2492.3134814802524,25.859811741519934,-7.686518519747551,26.977999004026863,-0.2889209200296123,4.071775620021981,True,0.0,16.517178370404814,0.0,0.0,0.0,16.517178370404814
2377.6034566241783,2501.332050185453,27.603456624178307,1.3320501854532267,27.635578070658468,0.0482192379917327,3.44955213412959,True,0.0,16.34120081436072,0.0,0.0,0.0,16.34120081436072
2315.038112744883,2494.0585874108433,-34.961887255116835,-5.941412589156698,35.463134999518736,-2.9732611044836834,1.2915458711404426,True,0.0,14.3859183895275,0.0,0.0,0.0,14.3859183895275
2330.749225569913,2485.300670911262,-19.25077443008695,-14.699329088738068,24.221118715226815,-2.489462661506343,4.315835042925983,True,0.0,17.201487369592947,0.0,0.0,0.0,17.201487369592947
2329.854291604967,2479.9792883672303,-20.145708395033125,-20.02071163276969,28.402085504769325,-2.359306451842758,3.9002962626454973,True,0.0,16.29802418850666,0.0,0.0,0.0,16.29802418850666
2329.749870395011,2526.8838145239915,-20.25012960498907,26.883814523991532,33.6572017906901,2.2163717322007184,1.4973133870962556,True,0.0,14.87908154210395,0.0,0.0,0.0,14.87908154210395
2324.007730406555,2493.9264226664277,-25.992269593445144,-6.0735773335723025,26.692441256753124,-2.9120427849995463,3.76639845175157,True,0.0,16.655176329388006,0.0,0.0,0.0,16.655176329388006
2374.9096159732976,2508.597749091963,24.909615973297605,8.597749091963124,26.351665172916793,0.33235458976937027,4.021392326467321,True,0.0,16.638238370005688,0.0,0.0,0.0,16.638238370005688
2349.4254737855294,2526.0227931271875,-0.5745262144705521,26.02279312718747,26.0291344940916,1.5928705481104135,3.6630707460226404,True,0.0,16.742214248759517,0.0,0.0,0.0,16.742214248759517
2382.8650273910566,2504.070042185667,32.86502739105663,4.070042185666807,33.11608776422737,0.12321379272182456,1.6096385869514052,True,0.0,15.007951765202016,0.0,0.0,0.0,15.007951765202016
2383.2423275227034,2503.055754058068,33.24232752270336,3.0557540580680325,33.38248001557225,0.09166597752892713,2.21618390890535,True,0.0,14.935549358744264,0.0,0.0,0.0,14.935549358744264
2325.6934703851825,2494.7325123821774,-24.306529614817464,-5.267487617822553,24.870742001796255,-2.92818185191297,4.597591646169349,True,0.0,17.03858679565542,0.0,0.0,0.0,17.03858679565542
2350.3074811520078,2487.07970659712,0.3074811520077674,-12.920293402879906,12.92395165092094,-1.54700250773512,4.425587154279128,True,0.0,18.81466631929773,0.0,0.0,0.0,18.81466631929773
2379.6025554397347,2497.100311267639,29.602555439734715,-2.899688732361028,29.74423445488468,-0.09764250280580915,3.6951576673282034,True,0.0,15.85348829200757,0.0,0.0,0.0,15.85348829200757
2364.2304357167336,2529.68110059037,14.23043571673361,29.68110059037008,32.91615155123324,1.1237280578339661,1.7188902267625963,True,0.0,15.094801547513697,0.0,0.0,0.0,15.094801547513697
2342.210451205082,2513.529388628681,-7.789548794918119,13.529388628680863,15.611579903849877,2.0931942515796296,6.185029510612367,True,0.0,18.521980383232297,0.0,0.0,0.0,18.521980383232297
2347.1861737911063,2509.4159735632306,-2.8138262088937154,9.415973563230637,9.827419604215311,1.8611843370503507,3.075818027895366,True,0.0,19.12086961554436,0.0,0.0,0.0,19.12086961554436
2332.9112937957707,2530.7352216506283,-17.08870620422931,30.73522165062832,35.16642901472535,2.0782324752316392,1.7127341227933357,True,0.0,14.483706163191906,0.0,0.0,0.0,14.483706163191906
2357.3327867469657,2497.55297699392,7.332786746965667,-2.447023006080144,7.730309377299257,-0.3220893615601127,3.9488946335113724,True,0.0,19.262539374636372,0.0,0.0,0.0,19.262539374636372
2325.5464300546914,2478.3521354546974,-24.453569945308573,-21.647864545302582,32.65895164333766,-2.4169789131327204,1.957781640550138,True,0.0,15.239992253915847,0.0,0.0,0.0,15.239992253915847
2360.2476574566876,2532.3530781007653,10.247657456687648,32.35307810076529,33.93723833702183,1.2640493279696923,1.289801374068702,True,0.0,14.768719859958189,0.0,0.0,0.0,14.768719859958189
2376.146194717982,2479.7659099154603,26.14619471798187,-20.23409008453973,33.06118418598904,-0.6586117063183561,1.5591625105405456,True,0.0,14.980052569849077,0.0,0.0,0.0,14.980052569849077
2376.3479881403855,2478.9284788890604,26.347988140385496,-21.071521110939557,33.73759743927635,-0.6745819474610855,1.4351847584409825,True,0.0,14.808232820278205,0.0,0.0,0.0,14.808232820278205
2354.9375052337823,2466.93652452113,4.9375052337823035,-33.063475478869805,33.43011170599722,-1.4225576636187114,1.5790638718988816,True,0.0,14.939872644936418,0.0,0.0,0.0,14.939872644936418
2320.263683328218,2508.314295701453,-29.73631667178188,8.31429570145292,30.876788081270554,2.868954236425263,2.5223211258791025,True,0.0,15.671061215479336,0.0,0.0,0.0,15.671061215479336
2321.167038072603,2480.816294472773,-28.83296192739681,-19.183705527227175,34.631694316941534,-2.5545094914260815,1.8751861832322447,True,0.0,14.696203180510881,0.0,0.0,0.0,14.696203180510881
2324.537843230027,2501.8043253124397,-25.462156769972808,1.804325312439687,25.52600668361157,3.0708478924388203,3.6477881489404353,True,0.0,16.897439619652648,0.0,0.0,0.0,16.897439619652648
2349.611233289814,2500.2448342848625,-0.38876671018579145,0.2448342848624634,0.4594381155202483,2.579569336102422,1.6029114819230017,True,0.0,19.518078552047115,0.0,0.0,0.0,19.518078552047115
2352.6210710013124,2506.0691933367884,2.62107100131243,6.06919333678843,6.610984870141364,1.163125525579328,3.4128739745297025,True,0.0,19.32923575332722,0.0,0.0,0.0,19.32923575332722
2342.1128876770513,2527.217255568769,-7.887112322948724,27.217255568768906,28.3369995146009,1.8528540576007007,4.619476483530889,True,0.0,16.22707744638715,0.0,0.0,0.0,16.22707744638715
2334.4878086991425,2524.5622555290574,-15.512191300857467,24.56225552905744,29.050515927072805,2.134088950199658,4.27275819481838,True,0.0,16.091655621383325,0.0,0.0,0.0,16.091655621383325
2371.4722387492757,2480.406744848828,21.472238749275675,-19.59325515117189,29.068069841749374,-0.7396742772347109,4.278419308836419,True,0.0,16.024920202055068,0.0,0.0,0.0,16.024920202055068
2363.8159475495027,2477.4654361899757,13.815947549502653,-22.534563810024338,26.432687581830702,-1.0207999068918314,3.8542507569679856,True,0.0,16.671856078805057,0.0,0.0,0.0,16.671856078805057
2341.454821933068,2473.7600449735546,-8.54517806693184,-26.239955026445386,27.596291562190917,-1.8856207268138734,3.827372945370371,True,0.0,16.424907798668695,0.0,0.0,0.0,16.424907798668695
2346.547872165845,2474.8604923977086,-3.4521278341549078,-25.13950760229136,25.375421751549514,-1.7072616791054787,3.942875982642363,True,0.0,16.927636036770902,0.0,0.0,0.0,16.927636036770902
2322.536710162563,2509.4479160191054,-27.46328983743706,9.447916019105378,29.042992369918455,2.810255290874267,3.32161754712979,True,0.0,16.133058872075352,0.0,0.0,0.0,16.133058872075352
2321.286950612534,2504.258583143339,-28.71304938746607,4.25858314333891,29.027137914644566,2.9943507875370248,3.6414609217852103,True,0.0,16.116967646277068,0.0,0.0,0.0,16.116967646277068
2355.9762643512536,2468.720237142888,5.976264351253576,-31.27976285711202,31.845553849685658,-1.3820129661710248,1.5341778722331583,True,0.0,15.356932897558979,0.0,0.0,0.0,15.356932897558979
2318.8080348474923,2499.1974502781654,-31.19196515250769,-0.8025497218345663,31.2022879951338,-3.1158689554491947,2.618984519784135,True,0.0,15.586773724434922,0.0,0.0,0.0,15.586773724434922
2377.424875588918,2493.083416962418,27.424875588917985,-6.916583037581859,28.283615786942704,-0.24704918552134014,4.17851374955535,True,0.0,16.201625251015976,0.0,0.0,0.0,16.201625251015976
2378.8210591938696,2500.097341903253,28.821059193869587,0.09734190325298187,28.82122357747262,0.003377444682627766,4.130446473762277,True,0.0,16.08679640988988,0.0,0.0,0.0,16.08679640988988
2329.315201267335,2486.3975207985272,-20.684798732665058,-13.602479201472761,24.756581731680182,-2.559888016578404,4.075759261799249,True,0.0,17.092473041832104,0.0,0.0,0.0,17.092473041832104
2375.439700302912,2510.229540165613,25.439700302912115,10.229540165612889,27.419369859679016,0.3823234184292376,4.0331558150587625,True,0.0,16.41689465158063,0.0,0.0,0.0,16.41689465158063
2376.147530938247,2507.4475053050705,26.1475309382472,7.4475053050705355,27.18747339190695,0.2774785274396143,3.700047740408081,True,0.0,16.46863140216936,0.0,0.0,0.0,16.46863140216936
2350.2289058176493,2507.301408686867,0.22890581764931994,7.301408686867035,7.304996008623899,1.5394556806215924,3.333377528336314,True,0.0,19.291762776325125,0.0,0.0,0.0,19.291762776325125
2325.911254688956,2500.9185567182735,-24.088745311044022,0.9185567182735213,24.106252240965013,3.1034789253344384,4.766734408296543,True,0.0,17.202773995221893,0.0,0.0,0.0,17.202773995221893
2322.6027026938505,2494.927357690613,-27.39729730614954,-5.072642309386993,27.8629431266787,-2.9585147006562655,3.6067815231099303,True,0.0,16.382279956033678,0.0,0.0,0.0,16.382279956033678
2349.745783263246,2527.813375694632,-0.2542167367541879,27.813375694632214,27.81453745220301,1.5799361615530685,3.6752324860108274,True,0.0,16.336339460847036,0.0,0.0,0.0,16.336339460847036
2336.5344142749177,2521.389252553444,-13.465585725082292,21.38925255344384,25.27493073609785,2.132660253382968,4.801285485737935,True,0.0,16.915181512667594,0.0,0.0,0.0,16.915181512667594
2369.1575652247793,2483.330890585726,19.15756522477932,-16.669109414273862,25.394320506891052,-0.7160513546825769,4.564291119807422,True,0.0,16.852264661331894,0.0,0.0,0.0,16.852264661331894
2345.667357362779,2532.9211255848622,-4.332642637220943,32.92112558486224,33.205004171000134,1.7016510609847473,1.3904680211026061,True,0.0,15.010247981944302,0.0,0.0,0.0,15.010247981944302
2349.2441309545343,2499.182773922878,-0.7558690454657153,-0.8172260771220863,1.1131920207320953,-2.3172102325213166,1.6449853556025573,True,0.0,19.51531921752073,0.0,0.0,0.0,19.51531921752073
2333.6197358061204,2523.066903111548,-16.38026419387961,23.066903111548072,28.291254376906664,2.1882818506005166,4.483665019524324,True,0.0,16.265198428560883,0.0,0.0,0.0,16.265198428560883
2343.8284283249736,2527.6584056810384,-6.171571675026371,27.658405681038403,28.33859032762366,1.790335386745195,4.376595093882315,True,0.0,16.24339845805784,0.0,0.0,0.0,16.24339845805784
2340.9598085431176,2528.4926235660964,-9.04019145688244,28.492623566096427,29.89238463649837,1.8780316361396614,4.12833604102525,True,0.0,15.889901614646943,0.0,0.0,0.0,15.889901614646943
2372.100999698508,2481.972446393585,22.100999698508076,-18.02755360641504,28.520990107386208,-0.6842347687248249,4.214516330117021,True,0.0,16.152592321062833,0.0,0.0,0.0,16.152592321062833
2362.132158487743,2477.0392216609125,12.1321584877428,-22.960778339087483,25.968954763494402,-1.0846984814031007,3.917764183752297,True,0.0,16.773114552964895,0.0,0.0,0.0,16.773114552964895
2365.047869320968,2476.2377787112123,15.047869320967948,-23.762221288787714,28.126171649875218,-1.0062731145035038,3.733979852842822,True,0.0,16.269660518421407,0.0,0.0,0.0,16.269660518421407
2348.2657723138277,2475.1539584623943,-1.7342276861722894,-24.846041537605743,24.906491638846216,-1.6404822589831518,3.929811720411635,True,0.0,17.03281632222901,0.0,0.0,0.0,17.03281632222901
2341.006162913884,2472.103145499343,-8.993837086115946,-27.8968545006569,29.31081023380991,-1.8826712874637144,3.62132037384913,True,0.0,16.031966905616418,0.0,0.0,0.0,16.031966905616418
2322.9439823911675,2511.1484640729564,-27.056017608832462,11.148464072956358,29.26288331718956,2.750740687873684,3.2340558478899766,True,0.0,16.089789913818638,0.0,0.0,0.0,16.089789913818638
2378.924820735517,2492.034702928195,28.924820735517187,-7.965297071804798,30.001520161883583,-0.2687188148351976,4.482266023003831,True,0.0,15.787169090886222,0.0,0.0,0.0,15.787169090886222
2327.690326361309,2485.7084936711467,-22.309673638691038,-14.291506328853302,26.494691751604883,-2.5718561696774684,3.8854449290674893,True,0.0,16.71713734433614,0.0,0.0,0.0,16.71713734433614
2377.883105989588,2507.838455142554,27.883105989587875,7.838455142553812,28.963925470288373,0.2740455268624164,3.4509257021081794,True,0.0,16.03474253879311,0.0,0.0,0.0,16.03474253879311
2374.2188695680466,2511.487090923236,24.218869568046557,11.487090923235883,26.804979034364862,0.4428797775456154,3.9887307586268435,True,0.0,16.547003596487805,0.0,0.0,0.0,16.547003596487805
2381.921130334885,2490.715209906267,31.92113033488522,-9.284790093733136,33.2440353889448,-0.28305659326840427,1.7309811015655896,True,0.0,14.917201464670354,0.0,0.0,0.0,14.917201464670354
2371.8973374787543,2509.395974564131,21.897337478754253,9.395974564130938,23.828086928418138,0.4053315825131294,4.184776958483781,True,0.0,17.17276828064662,0.0,0.0,0.0,17.17276828064662
2348.1250108857075,2498.919105061439,-1.8749891142924753,-1.0808949385609594,2.1642361347417665,-2.618646339896158,1.6907568962005826,True,0.0,19.502994283005577,0.0,0.0,0.0,19.502994283005577
2350.0344887871706,2498.4041911431123,0.03448878717063053,-1.5958088568877429,1.5961815010085367,-1.5491875866146954,1.6551297165337928,True,0.0,19.509024151480656,0.0,0.0,0.0,19.509024151480656
2344.9877738915343,2526.2869166811474,-5.012226108465711,26.28691668114743,26.760500727078565,1.7592085093937992,4.083108239492503,True,0.0,16.567197954715137,0.0,0.0,0.0,16.567197954715137
2331.86019954646,2523.050232503714,-18.13980045353992,23.050232503714142,29.331989004660542,2.2375403954898223,3.965031677306797,True,0.0,16.029445107718963,0.0,0.0,0.0,16.029445107718963
2360.739409483228,2478.320484020967,10.739409483227973,-21.679515979033113,24.193724994998167,-1.1108585491036165,4.381439219247113,True,0.0,17.158972245862824,0.0,0.0,0.0,17.158972245862824
2373.8837570269297,2482.1849520432,23.883757026929743,-17.815047956799845,29.796137055405257,-0.640876072520928,3.6425308959887843,True,0.0,15.851016752473155,0.0,0.0,0.0,15.851016752473155
2364.66365136817,2474.5854679468607,14.663651368170122,-25.414532053139283,29.341457205245984,-1.0474760455312295,3.6275456161761213,True,0.0,15.994103403181247,0.0,0.0,0.0,15.994103403181247
2342.184483913897,2470.887577775512,-7.815516086102889,-29.112422224488,30.143248323115344,-1.8330720903638449,3.7030551170701074,True,0.0,15.83670222535154,0.0,0.0,0.0,15.83670222535154
2339.452917901565,2471.622402101923,-10.547082098435112,-28.377597898077056,30.27423001921069,-1.9266437432951515,3.441310375824287,True,0.0,15.813416055503279,0.0,0.0,0.0,15.813416055503279
2349.400137729371,2473.8168007733466,-0.5998622706288188,-26.183199226653414,26.190069806824646,-1.5937025174075066,3.9481299041053717,True,0.0,16.749950047899052,0.0,0.0,0.0,16.749950047899052
2324.4036395619673,2511.6906717739107,-25.59636043803266,11.690671773910708,28.13974900739159,2.713154682439349,4.182268290246611,True,0.0,16.358213199107198,0.0,0.0,0.0,16.358213199107198
2378.7998783800244,2490.2926203349757,28.79987838002444,-9.707379665024291,30.391877445546633,-0.3251036853613627,4.130274010801713,True,0.0,15.687303834655406,0.0,0.0,0.0,15.687303834655406
2326.295826461881,2486.7416568327203,-23.704173538118994,-13.25834316727969,27.160108738122034,-2.6316181320499283,3.8687068725157587,True,0.0,16.573769806669137,0.0,0.0,0.0,16.573769806669137
2374.8289343601386,2513.209867582817,24.828934360138646,13.209867582816969,28.124305911713307,0.48894614057481484,4.418679919981514,True,0.0,16.262597859319577,0.0,0.0,0.0,16.262597859319577
2379.126419360398,2506.7126453883607,29.126419360397904,6.71264538836067,29.889929957556635,0.2265108004347447,3.5160022116597247,True,0.0,15.83938891158946,0.0,0.0,0.0,15.83938891158946
2347.3352496141074,2499.7119718785343,-2.664750385892603,-0.2880281214656861,2.6802714075014547,-3.033922442817952,1.6545051738603433,True,0.0,19.493998193672596,0.0,0.0,0.0,19.493998193672596
2349.7084029087096,2497.31210163446,-0.2915970912904413,-2.68789836554015,2.70366907870073,-1.678858881241437,1.767993592855646,True,0.0,19.49000467729976,0.0,0.0,0.0,19.49000467729976
2346.6592659675293,2526.7322000801864,-3.340734032470664,26.73220008018643,26.940137805936093,1.6951221875067748,3.8261087219707406,True,0.0,16.537672446950655,0.0,0.0,0.0,16.537672446950655
2331.0482523168926,2521.520450646892,-18.951747683107442,21.520450646892186,28.6757482254516,2.2928111734015646,3.69007871828353,True,0.0,16.182442818420306,0.0,0.0,0.0,16.182442818420306
2374.534743109208,2483.672127505764,24.534743109208193,-16.32787249423609,29.47122392475193,-0.5871945032485671,3.379755223234042,True,0.0,15.931619767603989,0.0,0.0,0.0,15.931619767603989
2348.753043310538,2472.163629577442,-1.2469566894619675,-27.836370422558048,27.864285730792712,-1.6155623502913923,4.203051119416614,True,0.0,16.370986144980424,0.0,0.0,0.0,16.370986144980424
2351.1125578229044,2474.099133999033,1.112557822904364,-25.9008660009672,25.924749651816587,-1.5278682515553594,3.8662875068739595,True,0.0,16.810589088483635,0.0,0.0,0.0,16.810589088483635
2324.7307993397776,2513.405750129119,-25.269200660222396,13.405750129119042,28.60501072418885,2.6538302414334742,3.9662642188159225,True,0.0,16.26179753532889,0.0,0.0,0.0,16.26179753532889
2324.706109803357,2486.072609686317,-25.293890196643133,-13.92739031368319,28.874782808352272,-2.6382714816890354,3.82223864478874,True,0.0,16.18154848301096,0.0,0.0,0.0,16.18154848301096
2376.4669519255826,2513.5336137126983,26.466951925582634,13.533613712698298,29.726389695952612,0.47267847404483604,3.528954540470295,True,0.0,15.88062144980852,0.0,0.0,0.0,15.88062144980852
2373.621911145307,2514.4838820764385,23.621911145306967,14.483882076438476,27.708798713783196,0.5500358502079312,4.41287902455133,True,0.0,16.354546841131054,0.0,0.0,0.0,16.354546841131054
2350.5510023085526,2496.52479391153,0.5510023085525972,-3.475206088469804,3.5186163333571745,-1.4135528369647445,1.8486566888377638,True,0.0,19.46714786428981,0.0,0.0,0.0,19.46714786428981
2346.194044825712,2499.458244676604,-3.8059551742881013,-0.5417553233960462,3.8443196562094477,-3.0001984017430416,1.6107986266906664,True,0.0,19.464055739905124,0.0,0.0,0.0,19.464055739905124
2331.8941243107497,2520.067974360506,-18.105875689250297,20.067974360506014,27.02862056059302,2.3048406566327957,3.8270956843480235,True,0.0,16.56241515264012,0.0,0.0,0.0,16.56241515264012
2329.345129454974,2521.590823101581,-20.654870545025915,21.59082310158101,29.879546841201314,2.3340431326089996,3.550687707259385,True,0.0,15.896299508746635,0.0,0.0,0.0,15.896299508746635
2347.0978041561784,2528.3972137470337,-2.9021958438215734,28.397213747033675,28.545130746076705,1.6726427401764017,3.6736757791668424,True,0.0,16.181900772941475,0.0,0.0,0.0,16.181900772941475
2347.8433042167853,2525.474539834348,-2.1566957832146727,25.47453983434798,25.565670663472098,1.6552557583970933,3.853328051826793,True,0.0,16.82031319329246,0.0,0.0,0.0,16.82031319329246
2373.576313525168,2484.9977497328878,23.57631352516819,-15.002250267112231,27.94476824942546,-0.5667033039701279,3.725507456691048,True,0.0,16.280482473310055,0.0,0.0,0.0,16.280482473310055
2352.2413630537762,2472.764459861276,2.24136305377624,-27.23554013872399,27.32761158584626,-1.4886858348548704,3.8629009358510302,True,0.0,16.48972386920316,0.0,0.0,0.0,16.48972386920316
2326.4189808888577,2513.9453477970396,-23.58101911114227,13.94534779703963,27.395933776757,2.6075353505728316,4.01081558318856,True,0.0,16.53238469018697,0.0,0.0,0.0,16.53238469018697
2323.3287434560716,2487.077426780596,-26.671256543928394,-12.922573219404057,29.636950319540336,-2.6904111463809013,3.690623229360426,True,0.0,16.005451082906283,0.0,0.0,0.0,16.005451082906283
2324.4604783850186,2484.444951384276,-25.539521614981368,-15.55504861572399,29.903623555676948,-2.5945395045556263,3.589567677493619,True,0.0,15.942493666169657,0.0,0.0,0.0,15.942493666169657
2374.092988377757,2516.150687626942,24.092988377757138,16.150687626941817,29.005461551125023,0.5905469206740176,3.975729750722394,True,0.0,16.067333727233194,0.0,0.0,0.0,16.067333727233194
2345.3803304889775,2500.3049682730007,-4.619669511022494,0.304968273000668,4.629724834005561,3.0756731306557223,1.7811477611157898,True,0.0,19.438197430900498,0.0,0.0,0.0,19.438197430900498
2345.835336576523,2498.394752875278,-4.164663423477123,-1.6052471247221547,4.463321606413427,-2.773696642455486,1.7561960823973095,True,0.0,19.446158975373937,0.0,0.0,0.0,19.446158975373937
2350.2046328859974,2495.382289290273,0.20463288599739826,-4.617710709726907,4.6222426176865925,-1.5265105099196334,1.9215814652854988,True,0.0,19.428388863269745,0.0,0.0,0.0,19.428388863269745
2348.6021518831512,2528.9301360686404,-1.3978481168487633,28.930136068640422,28.963887037271554,1.6190768399946447,3.4865968766371225,True,0.0,16.10357248626533,0.0,0.0,0.0,16.10357248626533
2330.904937735749,2518.5846967781267,-19.095062264250828,18.584696778126727,26.646057066863193,2.369738480165246,4.238010434696662,True,0.0,16.669326819059563,0.0,0.0,0.0,16.669326819059563
2374.382255773921,2486.5632017317525,24.38225577392086,-13.436798268247458,27.839575146299826,-0.5036790781317172,4.053473330908673,True,0.0,16.29267559681969,0.0,0.0,0.0,16.29267559681969
2353.9275280752604,2473.0426460109984,3.9275280752603976,-26.957353989001604,27.24196048140257,-1.426120141619016,3.827750632810421,True,0.0,16.50503162745775,0.0,0.0,0.0,16.50503162745775
2327.927912431505,2512.767233027433,-22.072087568495135,12.767233027433122,25.49861346834562,2.6171818983187163,4.773398612293931,True,0.0,16.934452608503175,0.0,0.0,0.0,16.934452608503175
2326.7076387241036,2515.454542365111,-23.292361275896383,15.454542365111138,27.953120997875935,2.5557837548428,3.0537616271631123,True,0.0,16.406141241054858,0.0,0.0,0.0,16.406141241054858
2323.5204879076114,2488.7712017658146,-26.47951209238863,-11.228798234185433,28.761962214616055,-2.7405217821195573,3.8263259689607594,True,0.0,16.203081403352304,0.0,0.0,0.0,16.203081403352304
2372.7897205841723,2517.3257025290263,22.7897205841723,17.32570252902633,28.62780697903624,0.6500238227739539,3.7523800788849258,True,0.0,16.14121683706985,0.0,0.0,0.0,16.14121683706985
2349.0450738878694,2495.126753785258,-0.954926112130579,-4.873246214741812,4.965925145340415,-1.7642973112597273,1.6623802449912546,True,0.0,19.417584616834734,0.0,0.0,0.0,19.417584616834734
2354.9926974044683,2471.610633365942,4.992697404468345,-28.389366634058206,28.825044063375902,-1.3967114380030365,3.995048943742404,True,0.0,16.141344779788135,0.0,0.0,0.0,16.141344779788135
2325.495651349619,2516.578528091267,-24.50434865038096,16.57852809126689,29.585650177955404,2.546775809615538,3.1584305222645526,True,0.0,16.029626611236164,0.0,0.0,0.0,16.029626611236164
2354.536172812653,2474.675327851934,4.536172812653149,-25.32467214806593,25.727725962340312,-1.3935552309763346,3.993117849332066,True,0.0,16.831125479379946,0.0,0.0,0.0,16.831125479379946
2322.074429481721,2489.8064882321783,-27.925570518279073,-10.193511767821747,29.7278517712279,-2.791596357183344,4.15123265044258,True,0.0,15.964289039063585,0.0,0.0,0.0,15.964289039063585
2371.132956320194,2516.88919177275,21.132956320193898,16.88919177275011,27.052664223102926,0.6742452394045884,3.8120175966214447,True,0.0,16.50881947330206,0.0,0.0,0.0,16.50881947330206
2373.273558099646,2519.0873153897087,23.273558099645925,19.087315389708692,30.099570020247874,0.6868946628844943,4.3224749047785735,True,0.0,15.787884824513633,0.0,0.0,0.0,15.787884824513633
2356.675389326628,2471.878065555713,6.675389326628192,-28.121934444287035,28.903356544713613,-1.337736701968055,4.335682567674667,True,0.0,16.105542267091735,0.0,0.0,0.0,16.105542267091735
2322.2372859865195,2491.5416133213525,-27.76271401348049,-8.458386678647457,29.022622117924264,-2.845859598346765,4.114048397128045,True,0.0,16.125325808520998,0.0,0.0,0.0,16.125325808520998
2372.1133314045887,2520.3311362748805,22.113331404588735,20.331136274880464,30.039216501715398,0.7434339461892588,4.020120055008192,True,0.0,15.82378183156574,0.0,0.0,0.0,15.82378183156574
2320.8389673924976,2492.5696387101257,-29.16103260750242,-7.430361289874327,30.092791356633604,-2.8920972784999157,3.845494358900396,True,0.0,15.86141017628262,0.0,0.0,0.0,15.86141017628262
2323.872224746807,2492.229561813557,-26.127775253192794,-7.770438186442789,27.258766466784262,-2.852521553734741,3.944986004024031,True,0.0,16.528847352747686,0.0,0.0,0.0,16.528847352747686
2321.0688784400804,2494.2585222265157,-28.931121559919575,-5.741477773484348,29.495327795063712,-2.9456847058608915,3.7520335235574294,True,0.0,16.00105891435998,0.0,0.0,0.0,16.00105891435998
2325.4818562080504,2508.730268793552,-24.51814379194957,8.730268793552113,26.026082459916726,2.7995171511612167,4.270878119555164,True,0.0,16.811858178703414,0.0,0.0,0.0,16.811858178703414
2371.8322786804492,2514.0032380571033,21.832278680449235,14.003238057103317,25.937213968826818,0.5703062203587699,3.9594139881510273,True,0.0,16.747498317968503,0.0,0.0,0.0,16.747498317968503
2362.0680483713463,2504.6832883008424,12.068048371346322,4.683288300842378,12.94492104270867,0.3701827145533812,4.57452098433896,True,0.0,18.824449817244254,0.0,0.0,0.0,18.824449817244254
2361.705913752114,2495.7097072818924,11.705913752114157,-4.290292718107594,12.467358516501495,-0.3513035443102552,4.742908047553101,True,0.0,18.858711519652104,0.0,0.0,0.0,18.858711519652104
2357.479884556596,2490.8081789923503,7.479884556596062,-9.19182100764965,11.850664387141917,-0.8877246593312279,4.525181520517663,True,0.0,18.918031853652735,0.0,0.0,0.0,18.918031853652735
2370.6465916489205,2515.2335328513295,20.64659164892055,15.233532851329528,25.658181343380743,0.6356622535982805,3.8803485395887947,True,0.0,16.80941373564873,0.0,0.0,0.0,16.80941373564873
2362.9224105612034,2503.027404672513,12.922410561203378,3.0274046725130574,13.272297230074924,0.23012530128248554,4.310278724215095,True,0.0,18.79497435630893,0.0,0.0,0.0,18.79497435630893
2359.8111196563477,2495.8888240776287,9.811119656347728,-4.111175922371331,10.637661226785637,-0.3968051032759547,3.693184105185992,True,0.0,19.032957452728535,0.0,0.0,0.0,19.032957452728535
2357.038674500417,2488.957548995944,7.038674500417073,-11.042451004056147,13.094986174097404,-1.0033158840576404,4.051250838362648,True,0.0,18.778222847569822,0.0,0.0,0.0,18.778222847569822
2346.270486911515,2489.421015005124,-3.729513088484964,-10.57898499487601,11.217138289198026,-1.9097319660488052,3.6509553184241668,True,0.0,19.00209204419522,0.0,0.0,0.0,19.00209204419522
2347.77662271504,2497.844242983989,-2.223377284959952,-2.1557570160111936,3.0968847029486537,-2.3716347326316995,1.6961366878767876,True,0.0,19.48451056490804,0.0,0.0,0.0,19.48451056490804
2348.5696569054053,2497.0158223367757,-1.4303430945947184,-2.9841776632242727,3.3092593875278915,-2.0177545127170484,1.70618080179338,True,0.0,19.477272952122863,0.0,0.0,0.0,19.477272952122863
2348.2526973071203,2495.9729791088307,-1.7473026928796571,-4.027020891169286,4.389756708344823,-1.9801766095395605,1.5778328934825367,True,0.0,19.443599609317634,0.0,0.0,0.0,19.443599609317634
2361.878699899719,2501.632970797623,11.878699899718868,1.6329707976228747,11.990417212652366,0.13661420836145563,3.8570320140834156,True,0.0,18.92333975591681,0.0,0.0,0.0,18.92333975591681
2359.0585804741854,2497.4349853231215,9.058580474185419,-2.5650146768784907,9.414732099210015,-0.2759352340108448,3.688976167787132,True,0.0,19.14169629332328,0.0,0.0,0.0,19.14169629332328
2346.6281531942504,2497.573617999758,-3.3718468057495556,-2.426382000242029,4.154116090402625,-2.517832882798163,1.7742591268470278,True,0.0,19.45543587882001,0.0,0.0,0.0,19.45543587882001
2366.0331426711155,2528.6845637919782,16.033142671115456,28.684563791978235,32.86131257038301,1.0611101965965237,1.9235944021438627,True,0.0,15.109805951512385,0.0,0.0,0.0,15.109805951512385
2338.2789774996368,2504.250510566054,-11.721022500363233,4.25051056605389,12.467927194452049,2.79370200939389,3.869617543239656,True,0.0,18.899452171197954,0.0,0.0,0.0,18.899452171197954
2347.4345976940735,2488.1375386078375,-2.5654023059264546,-11.862461392162459,12.136691446675147,-1.7837786308252512,3.84339759172326,True,0.0,18.900784525950215,0.0,0.0,0.0,18.900784525950215
2355.343711472358,2488.516013727655,5.343711472357882,-11.483986272345192,12.666380422331473,-1.1352767951898763,3.923683767015973,True,0.0,18.82429141952704,0.0,0.0,0.0,18.82429141952704
2367.8200503491144,2492.6600782874048,17.820050349114354,-7.339921712595242,19.27248414688666,-0.3907151850300137,7.800089274845959,True,0.0,17.96269624856847,0.0,0.0,0.0,17.96269624856847
2358.4018811981914,2528.8117621703163,8.401881198191404,28.811762170316342,30.011818455858254,1.2870517799757197,4.767156032015009,True,0.0,15.870140664195876,0.0,0.0,0.0,15.870140664195876
2325.2746210423034,2491.1981465326107,-24.72537895769665,-8.801853467389265,26.24532318458092,-2.799596346460026,3.899190810431719,True,0.0,16.76041116337253,0.0,0.0,0.0,16.76041116337253
2326.483712914891,2488.4501837352273,-23.51628708510907,-11.549816264772744,26.199504079643887,-2.6850572079413544,3.906434791935453,True,0.0,16.78233688927755,0.0,0.0,0.0,16.78233688927755
2357.791195631075,2536.0725713903457,7.79119563107497,36.07257139034573,36.904378277831356,1.3580772539107688,1.7439773710460713,True,0.0,13.90610033253208,0.0,0.0,0.0,13.90610033253208
2370.421910902719,2530.761484255538,20.42191090271899,30.761484255538107,36.92320894129208,0.9847259610353754,1.6875858621001498,True,0.0,13.894239792061875,0.0,0.0,0.0,13.894239792061875
2380.2571808278317,2478.749739348484,30.25718082783169,-21.250260651515873,36.973917420331176,-0.6122821429322378,1.5357171226100945,True,0.0,13.828595405348048,0.0,0.0,0.0,13.828595405348048
2353.977153540171,2536.7647572007304,3.9771535401710025,36.7647572007304,36.979252592646496,1.4630369516302888,1.5198276565377569,True,0.0,13.889645462108668,0.0,0.0,0.0,13.889645462108668
2386.398456104774,2506.8665774515052,36.39845610477414,6.866577451505236,37.04048450963742,0.18645889257343895,1.336361694909101,True,0.0,13.809628483634466,0.0,0.0,0.0,13.809628483634466
2322.2326850740883,2524.2930489168502,-27.767314925911705,24.29304891685024,36.89411882497314,2.422831021738854,1.7746987637333405,True,0.0,14.010353737514446,0.0,0.0,0.0,14.010353737514446
2377.6821813853553,2475.6944571676763,27.682181385355307,-24.30554283232368,36.838330290956904,-0.7205385765257406,1.9419337568974697,True,0.0,13.85296146839579,0.0,0.0,0.0,13.85296146839579
2355.8710907770837,2463.5595703792633,5.871090777083737,-36.44042962073672,36.91035922145196,-1.4110543274598282,1.7260615530253745,True,0.0,13.902570343188597,0.0,0.0,0.0,13.902570343188597
2346.0693310622573,2463.353295522771,-3.9306689377426665,-36.64670447722892,36.85690040330963,-1.6776462848811649,1.8861674513635762,True,0.0,13.929323702123469,0.0,0.0,0.0,13.929323702123469
2314.148768044544,2508.7749622466486,-35.851231955456115,8.774962246648556,36.90949464777356,2.90155141591864,1.7286609213533666,True,0.0,13.992559842380457,0.0,0.0,0.0,13.992559842380457
2342.197791428657,2463.9236897775572,-7.802208571342817,-36.07631022244277,36.9103592214525,-1.7837856592416703,1.726061553024465,True,0.0,13.913508237901501,0.0,0.0,0.0,13.913508237901501
2332.9744693636226,2532.750427459573,-17.025530636377425,32.750427459573075,36.911504876325274,2.050202848956965,1.722632337126015,True,0.0,13.964134899520785,0.0,0.0,0.0,13.964134899520785
2348.0342501668897,2536.8711972834512,-1.9657498331102943,36.87119728345124,36.92356106230215,1.6240598679562974,1.6865245802192987,True,0.0,13.908150949515782,0.0,0.0,0.0,13.908150949515782
2351.886873133011,2463.079403989201,1.8868731330107948,-36.92059601079882,36.968780072010645,-1.5197345032067602,1.5513666946941669,True,0.0,13.86691806799709,0.0,0.0,0.0,13.86691806799709
2344.128909222916,2536.4404296207367,-5.871090777084191,36.44042962073672,36.91035922145203,1.7305383261299774,1.7260615530259429,True,0.0,13.924850580787997,0.0,0.0,0.0,13.924850580787997
2340.3008674970924,2535.655923286396,-9.69913250290756,35.655923286396046,36.951563386605415,1.8363901655869117,1.6026858267202897,True,0.0,13.921612859397744,0.0,0.0,0.0,13.921612859397744
2359.7112101577222,2464.390071396742,9.711210157722235,-35.60992860325814,36.9103592214515,-1.304559661236456,1.7260615530253745,True,0.0,13.905495020349361,0.0,0.0,0.0,13.905495020349361
2370.425121385567,2469.2329013195717,20.425121385566854,-30.767098680428262,36.9296621271621,-0.9847376202570345,1.6682593629257099,True,0.0,13.86421784619041,0.0,0.0,0.0,13.86421784619041
2382.19218163454,2517.7477789855625,32.19218163453979,17.74777898556249,36.760307633527425,0.503846205016508,2.175658290733736,True,0.0,13.933711404253708,0.0,0.0,0.0,13.933711404253708
2317.670011313835,2482.0173204213875,-32.32998868616505,-17.982679578612533,36.994660875248044,-2.633984353252424,1.4737655586227447,True,0.0,13.952287512790926,0.0,0.0,0.0,13.952287512790926
2386.909108350855,2499.02681179281,36.90910835085515,-0.9731882071901055,36.92193622417138,-0.02636104787731847,1.6913944580755924,True,0.0,13.85775775453689,0.0,0.0,0.0,13.85775775453689
2326.417760340029,2471.5197115408864,-23.582239659971037,-28.48028845911358,36.97632834793943,-2.2623904770371372,1.5285180063747248,True,0.0,13.918074438693054,0.0,0.0,0.0,13.918074438693054
2329.572141703365,2530.762396222764,-20.427858296634895,30.762396222763982,36.92725844080114,2.1569872131410732,1.6754638507618438,True,0.0,13.948749965423662,0.0,0.0,0.0,13.948749965423662
2314.727978581192,2489.3526720149607,-35.27202141880798,-10.647327985039283,36.84401020776443,-2.848427308186885,1.9247692865865247,True,0.0,13.985241936198058,0.0,0.0,0.0,13.985241936198058
2373.5578220893326,2528.414848869279,23.557822089332603,28.414848869279012,36.91035922145183,0.8785809963429074,1.7260615530253745,True,0.0,13.892704493276176,0.0,0.0,0.0,13.892704493276176
2319.7983012803943,2521.2007383071723,-30.2016987196057,21.200738307172287,36.90005298531474,2.529544614607972,1.7569316089884524,True,0.0,14.0218866000254,0.0,0.0,0.0,14.0218866000254
2379.0315866248275,2522.834229550303,29.03158662482747,22.834229550303007,36.935552806351666,0.6664737254417585,1.6506546177474775,True,0.0,13.886084460442412,0.0,0.0,0.0,13.886084460442412
2336.5833089050743,2534.4045446976875,-13.416691094925682,34.40454469768747,36.92804213320594,1.94262511967638,1.6731496587283345,True,0.0,13.945399747206322,0.0,0.0,0.0,13.945399747206322
2385.3470026592545,2489.3699800681507,35.347002659254485,-10.630019931849347,36.91081035069344,-0.2921293895669815,1.7247400369715251,True,0.0,13.866536034960411,0.0,0.0,0.0,13.866536034960411
2386.7984424072206,2502.97267431727,36.79844240722059,2.972674317270048,36.91831735323385,0.08060757291257087,1.702258463546059,True,0.0,13.856321855616704,0.0,0.0,0.0,13.856321855616704
2383.981503317302,2514.2541438167345,33.98150331730221,14.25414381673454,36.85000927614501,0.39717544285814066,1.9070602193378363,True,0.0,13.874675142565804,0.0,0.0,0.0,13.874675142565804
2313.1722820271166,2497.129211522396,-36.82771797288342,-2.8707884776040373,36.939440136165906,-3.0637981289359795,1.6392082746051528,True,0.0,13.958910783991117,0.0,0.0,0.0,13.958910783991117
2385.356091729841,2510.699571846047,35.356091729840955,10.699571846047093,36.939600161583385,0.2938616131421314,1.6385459875618835,True,0.0,13.83349153327681,0.0,0.0,0.0,13.83349153327681
2313.5872175782165,2493.141258198013,-36.412782421783504,-6.85874180198698,37.05311137816188,-2.9554132422854784,1.2985480823899707,True,0.0,13.927766053491933,0.0,0.0,0.0,13.927766053491933
2326.4618762519453,2528.398063608003,-23.53812374805466,28.398063608003213,36.884865273753284,2.262890974762878,1.802411852822388,True,0.0,13.975064163385833,0.0,0.0,0.0,13.975064163385833
2373.5796721149677,2471.6467745531886,23.579672114967707,-28.353225446811393,36.87690781894679,-0.8770583170224749,1.8263701325981856,True,0.0,13.860086348578458,0.0,0.0,0.0,13.860086348578458
2376.4367260568406,2525.804797786091,26.436726056840598,25.804797786091058,36.94303822624074,0.7733024700541173,1.6282760025192147,True,0.0,13.880018064752504,0.0,0.0,0.0,13.880018064752504
2363.4856063255343,2465.641655047019,13.485606325534263,-34.35834495298104,36.91012660335003,-1.1967732520502268,1.7268504222063257,True,0.0,13.889925925220055,0.0,0.0,0.0,13.889925925220055
2315.933420030686,2485.7115354438342,-34.06657996931381,-14.288464556165763,36.94173913310604,-2.7444513137180846,1.6323557893156249,True,0.0,13.963400393743624,0.0,0.0,0.0,13.963400393743624
2320.971695466617,2477.1890354290795,-29.028304533383107,-22.810964570920532,36.91859380770917,-2.475559285610513,1.701411328445829,True,0.0,13.99258344039895,0.0,0.0,0.0,13.99258344039895
2329.5848385153026,2469.2385570429446,-20.415161484697364,-30.76144295705535,36.91944191407071,-2.1567150045339867,1.698862794118213,True,0.0,13.921149949360188,0.0,0.0,0.0,13.921149949360188
2384.072391212095,2485.6325105248934,34.072391212095226,-14.367489475106595,36.977731092204166,-0.39905132166674173,1.5243007971885163,True,0.0,13.840682430242941,0.0,0.0,0.0,13.840682430242941
2323.5639998732468,2474.204960592852,-26.436000126753243,-25.795039407148124,36.935703062457364,-2.3684655181758316,1.6502215119198809,True,0.0,13.964575370280809,0.0,0.0,0.0,13.964575370280809
2317.6884119171864,2517.8616461513616,-32.311588082813614,17.861646151361583,36.9198744265182,2.6366070073830232,1.697606605495821,True,0.0,13.998484389588729,0.0,0.0,0.0,13.998484389588729
2367.008782678794,2467.269045759258,17.008782678793978,-32.730954240741994,36.886502324346075,-1.0915491546886396,1.7975084198842524,True,0.0,13.88750778836093,0.0,0.0,0.0,13.88750778836093
2313.384754569201,2504.8597950781063,-36.61524543079895,4.859795078106345,36.93634803494831,3.009637893243838,1.6483049116704933,True,0.0,13.975231491923406,0.0,0.0,0.0,13.975231491923406
2386.6372145760765,2495.094730472032,36.63721457607653,-4.905269527967903,36.96413344088408,-0.13309609924479637,1.5650180822503899,True,0.0,13.846414222303759,0.0,0.0,0.0,13.846414222303759
2382.252172687093,2482.1041844149804,32.25217268709321,-17.89581558501959,36.8844528018393,-0.5065757292315625,1.8036754389650014,True,0.0,13.865663388842416,0.0,0.0,0.0,13.865663388842416
2315.2921742502754,2512.4280741491584,-34.707825749724634,12.42807414915842,36.86584049401598,2.7977404871080473,1.859667456612442,True,0.0,14.011367596878578,0.0,0.0,0.0,14.011367596878578
2367.0190898628125,2532.752483846239,17.019089862812507,32.7524838462391,36.91035922145219,1.0915703287896763,1.7260615530258292,True,0.0,13.913990205736702,0.0,0.0,0.0,13.913990205736702
2332.949231666644,2467.2379960237663,-17.05076833335579,-32.7620039762337,36.93342125090121,-2.0506645695975165,1.6570179992854719,True,0.0,13.92296010313668,0.0,0.0,0.0,13.92296010313668
2361.571929497223,2535.0983551517243,11.57192949722321,35.09835515172426,36.956786746757,1.2523192825428262,1.5870761097262402,True,0.0,13.8952021545913,0.0,0.0,0.0,13.8952021545913
2338.303793443416,2464.8783894770445,-11.696206556584002,-35.12161052295551,37.01795204411581,-1.8922650551214957,1.4040599861964438,True,0.0,13.871460287106963,0.0,0.0,0.0,13.871460287106963
2313.1982864143374,2500.86260521177,-36.80171358566258,0.8626052117701875,36.811821614700285,3.1181576771107844,2.0217232990080447,True,0.0,13.997306713433723,0.0,0.0,0.0,13.997306713433723
2352.1774088455672,2525.675179258146,2.1774088455672427,25.675179258145818,25.767342494302273,1.4861927795501602,3.61607320280109,True,0.0,16.8141091190506,0.0,0.0,0.0,16.8141091190506
2325.085740707906,2489.4749115740424,-24.914259292093902,-10.52508842595762,27.046216046758083,-2.7418818306742994,3.8654711604986005,True,0.0,16.593014766408217,0.0,0.0,0.0,16.593014766408217
2359.9874378098834,2498.8497194109727,9.987437809883431,-1.1502805890272612,10.053460073018744,-0.11466750983029368,3.8044231464432414,True,0.0,19.09251058569326,0.0,0.0,0.0,19.09251058569326
2360.1791952950434,2501.826226301028,10.179195295043428,1.826226301027873,10.341717427835679,0.17751919445539607,3.797883336839277,True,0.0,19.07739424660265,0.0,0.0,0.0,19.07739424660265
2338.264211718991,2514.7368858978975,-11.735788281008809,14.736885897897537,18.838910067844026,2.2433105664948783,7.099095616466002,True,0.0,18.09721330940045,0.0,0.0,0.0,18.09721330940045
2363.674302907347,2530.6464240780274,13.674302907346828,30.646424078027394,33.558752491297575,1.151110552292689,1.622594843760453,True,0.0,14.911296002534993,0.0,0.0,0.0,14.911296002534993
2365.3867415893583,2529.6980391580087,15.38674158935828,29.69803915800867,33.44735186181866,1.0927688121731087,1.7554966634033917,True,0.0,14.94265380356422,0.0,0.0,0.0,14.94265380356422
2349.1139384187477,2488.506160571236,-0.8860615812523065,-11.493839428764204,11.527942138126214,-1.6477342868282525,3.897516724848174,True,0.0,18.95678273134346,0.0,0.0,0.0,18.95678273134346
2337.8534631375346,2502.5956191545615,-12.146536862465382,2.5956191545615184,12.420772783798801,2.9310669279687476,4.045703464364124,True,0.0,18.905336706489038,0.0,0.0,0.0,18.905336706489038
2354.156526229012,2489.7406362363745,4.156526229011888,-10.259363763625515,11.069383683243439,-1.1858627988094361,3.7484020627825885,True,0.0,18.988719792044108,0.0,0.0,0.0,18.988719792044108
2351.9795369630447,2487.5075036123994,1.9795369630446658,-12.492496387600568,12.648360865435224,-1.4136448596085123,4.6954859487916565,True,0.0,18.831943962420944,0.0,0.0,0.0,18.831943962420944
2367.4153120410033,2490.2264137229636,17.41531204100329,-9.77358627703643,19.970380121574777,-0.5114063160835203,9.450057214940898,True,0.0,17.863411429027014,0.0,0.0,0.0,17.863411429027014
2359.4170227579034,2527.4022239238425,9.417022757903396,27.402223923842485,28.975199629946914,1.2397815742019047,4.2646726125685746,True,0.0,16.12234158901386,0.0,0.0,0.0,16.12234158901386
2362.1160586669466,2523.0874596076446,12.116058666946628,23.087459607644632,26.07354346373954,1.087514279133683,3.8949173670898745,True,0.0,16.779477018134795,0.0,0.0,0.0,16.779477018134795
2352.424194778548,2516.871862377784,2.424194778548099,16.871862377784055,17.045130108603598,1.4280903176529658,7.62738996410917,True,0.0,18.336836716174332,0.0,0.0,0.0,18.336836716174332
2323.774698061752,2479.394292202355,-26.225301938247867,-20.60570779764521,33.35208622551525,-2.475620742245014,1.8645435221706066,True,0.0,15.051119886023908,0.0,0.0,0.0,15.051119886023908
2325.7576425060274,2510.5179381495454,-24.242357493972577,10.517938149545444,26.425724583882875,2.7322363347310943,3.984333800530294,True,0.0,16.741249121274993,0.0,0.0,0.0,16.741249121274993
2354.422540928834,2500.7838401078798,4.4225409288342235,0.7838401078797688,4.49146675173432,0.17541585346026412,2.596261092145596,True,0.0,19.431856094897775,0.0,0.0,0.0,19.431856094897775
2365.3017402820637,2513.690837326244,15.301740282063747,13.690837326244036,20.532468978508387,0.7298926366506127,5.741390416279501,True,0.0,17.793773671133522,0.0,0.0,0.0,17.793773671133522
2322.9294006974033,2522.4621062144856,-27.070599302596747,22.46210621448563,35.17617890266914,2.448966813767053,1.43614713497891,True,0.0,14.513042893526261,0.0,0.0,0.0,14.513042893526261
2327.593733826485,2511.054901735148,-22.406266173515178,11.054901735148178,24.98502784093291,2.6832515335194986,4.658146877863828,True,0.0,17.036087670781125,0.0,0.0,0.0,17.036087670781125
2367.213438655135,2528.6905370204117,17.213438655135178,28.69053702041174,33.45817366285432,1.0303994710350555,1.750726231040062,True,0.0,14.911859631782539,0.0,0.0,0.0,14.911859631782539
2359.2420334278927,2500.397237633242,9.242033427892693,0.39723763324218453,9.250566448577612,0.042955187894179486,3.7773521718054326,True,0.0,19.16245287269615,0.0,0.0,0.0,19.16245287269615
2356.5916307044404,2499.0942164202543,6.591630704440377,-0.9057835797457301,6.653573418626876,-0.13655894163118454,3.8971701902491986,True,0.0,19.33106850199277,0.0,0.0,0.0,19.33106850199277
2340.4908470286264,2515.231711610599,-9.509152971373624,15.231711610599177,17.95630888633423,2.128891896282797,8.250190529478914,True,0.0,18.201187695057428,0.0,0.0,0.0,18.201187695057428
2365.411404023277,2500.8884330739884,15.4114040232771,0.8884330739883808,15.43699087567386,0.05758403738531554,5.372757376059781,True,0.0,18.52298227678053,0.0,0.0,0.0,18.52298227678053
2342.819872885549,2524.238076928677,-7.180127114450897,24.238076928676946,25.27921277611577,1.858793921440434,3.468770449184376,True,0.0,16.882734465777766,0.0,0.0,0.0,16.882734465777766
2372.5062155016726,2511.0972108220753,22.506215501672614,11.09721082207534,25.09338208048717,0.45809079847472395,3.8691556176336235,True,0.0,16.922973663709904,0.0,0.0,0.0,16.922973663709904
2364.2266266157653,2531.636209573952,14.226626615765326,31.636209573951874,34.68784601371792,1.1481965581786684,1.6110169981984654,True,0.0,14.584525775115669,0.0,0.0,0.0,14.584525775115669
2372.08472506819,2526.6618121676124,22.084725068189982,26.661812167612425,34.62061971424811,0.879019309400891,1.69499580806405,True,0.0,14.567206495482859,0.0,0.0,0.0,14.567206495482859
2365.9503564298293,2530.71308209399,15.950356429829299,30.713082093990124,34.60790779505132,1.0918012001313842,1.7212117139333714,True,0.0,14.607317505449128,0.0,0.0,0.0,14.607317505449128
2327.1406127796595,2480.2189808433254,-22.859387220340523,-19.781019156674574,30.229791646093,-2.4282631431279142,2.810887878829817,True,0.0,15.848751103046382,0.0,0.0,0.0,15.848751103046382
2353.147710442389,2524.393454264608,3.1477104423888704,24.393454264607954,24.595704746736654,1.442466326557842,3.8440197958998397,True,0.0,17.051649625333283,0.0,0.0,0.0,17.051649625333283
2335.535425815865,2491.0331329835803,-14.464574184135017,-8.966867016419656,17.018478498928744,-2.586655304991224,7.136967154692684,True,0.0,18.380529081324806,0.0,0.0,0.0,18.380529081324806
2349.605879997325,2490.1104704120717,-0.3941200026752085,-9.889529587928337,9.897379756633507,-1.6106274987839477,3.664484563062615,True,0.0,19.103006788204166,0.0,0.0,0.0,19.103006788204166
2352.4742153896204,2489.320182106732,2.47421538962044,-10.679817893268137,10.96267540464484,-1.3431404698824319,3.718440953647587,True,0.0,18.999048437795093,0.0,0.0,0.0,18.999048437795093
2339.0852463346564,2501.376603299791,-10.914753665343596,1.376603299790986,11.00122194213565,3.0161319247937883,3.728969775115729,True,0.0,19.044267244629022,0.0,0.0,0.0,19.044267244629022
2364.918328851721,2489.598195164261,14.918328851721071,-10.401804835738858,18.186645638184455,-0.6088779433388505,8.733236526192286,True,0.0,18.11398302452172,0.0,0.0,0.0,18.11398302452172
2361.1670555404976,2524.5751423251136,11.167055540497586,24.575142325113575,26.993346397661526,1.1442856489261701,3.5566469825535023,True,0.0,16.579408090279244,0.0,0.0,0.0,16.579408090279244
2361.123866906994,2527.5152244364876,11.123866906993953,27.515224436487642,29.678746448507592,1.186605374602057,3.509833180574333,True,0.0,15.96679001392965,0.0,0.0,0.0,15.96679001392965
2331.5125261710514,2506.8023940090734,-18.487473828948623,6.802394009073396,19.699219599535862,2.789020514706942,7.6057844617184855,True,0.0,17.999316361734586,0.0,0.0,0.0,17.999316361734586
2354.773351472249,2517.197135596098,4.773351472249033,17.197135596098178,17.847306715250035,1.3000454827559655,7.723860094753491,True,0.0,18.254972885411377,0.0,0.0,0.0,18.254972885411377
2334.629141982548,2531.695645436206,-15.370858017452065,31.695645436206178,35.22608714873635,2.022333007193293,1.657441541881326,True,0.0,14.463460548174622,0.0,0.0,0.0,14.463460548174622
2326.2062847477564,2517.9900895729857,-23.7937152522436,17.990089572985653,29.82925088480931,2.4942080145437395,3.3005660436047037,True,0.0,15.966447013384004,0.0,0.0,0.0,15.966447013384004
2371.053623850123,2483.382085183053,21.05362385012313,-16.617914816947177,26.821822646602264,-0.6681908858660444,4.0020186483034195,True,0.0,16.5312554361911,0.0,0.0,0.0,16.5312554361911
2378.3750906791756,2498.420532929193,28.375090679175628,-1.5794670708069134,28.419016296824964,-0.05560647564846981,4.6075922361974335,True,0.0,16.189522258507516,0.0,0.0,0.0,16.189522258507516
2334.6218494772365,2521.4247556132755,-15.378150522763463,21.424755613275465,26.372479340959746,2.1933523689890566,4.42721603671589,True,0.0,16.69712423730337,0.0,0.0,0.0,16.69712423730337
2363.784669902485,2523.1948304926486,13.784669902484893,23.194830492648634,26.981795453660524,1.0345791134171711,3.71764743516178,True,0.0,16.56681874881075,0.0,0.0,0.0,16.56681874881075
2356.196515590814,2493.5550356815233,6.196515590814215,-6.44496431847665,8.940602358546142,-0.8050490862643361,3.1693007316853254,True,0.0,19.17259650657063,0.0,0.0,0.0,19.17259650657063
2344.4966497970413,2524.7236979155628,-5.5033502029587,24.723697915562752,25.328799854639925,1.7898196577259762,3.3231307180860767,True,0.0,16.867143939136337,0.0,0.0,0.0,16.867143939136337
2357.2896342712374,2473.5871999387637,7.289634271237446,-26.41280006123634,27.400269613331286,-1.3015111647684972,3.8739916497752347,True,0.0,16.43463841270834,0.0,0.0,0.0,16.43463841270834
2375.678251406521,2475.661452850045,25.678251406521213,-24.338547149955048,35.379902100869266,-0.7586194800973477,1.5185358149881267,True,0.0,14.29209057457894,0.0,0.0,0.0,14.29209057457894
2331.194829503957,2473.163068138953,-18.805170496043047,-26.836931861047105,32.76973220976536,-2.1820052393241838,1.5249487212681743,True,0.0,15.157649306020708,0.0,0.0,0.0,15.157649306020708
2359.660299877163,2492.877253303478,9.660299877163197,-7.122746696521972,12.002287874381866,-0.6353373604742238,3.844191695621703,True,0.0,18.900734004499856,0.0,0.0,0.0,18.900734004499856
2337.969036449998,2512.187097822958,-12.03096355000207,12.187097822958094,17.12511130731209,2.3497475617030985,7.727706606258835,True,0.0,18.30692000399401,0.0,0.0,0.0,18.30692000399401
2330.602579150432,2526.6860279415755,-19.39742084956788,26.686027941575503,32.99096880835419,2.1993327792149753,1.4929512478520337,True,0.0,15.039644016847078,0.0,0.0,0.0,15.039644016847078
2357.393350190518,2525.3351964851927,7.393350190518049,25.335196485192682,26.3919269471358,1.2868597055576578,2.8078645308241903,True,0.0,16.714754533419434,0.0,0.0,0.0,16.714754533419434
2345.8960610662402,2493.7904039907107,-4.103938933759764,-6.209596009289271,7.443211495759775,-2.1547978877110587,2.9358887642401896,True,0.0,19.297473105886773,0.0,0.0,0.0,19.297473105886773
2366.6643860938334,2512.4583351333886,16.6643860938334,12.458335133388573,20.806534506740235,0.6419648816935178,4.551512701013053,True,0.0,17.727609190391576,0.0,0.0,0.0,17.727609190391576
2368.912811862155,2470.0657381471997,18.912811862155195,-29.93426185280032,35.40839568810333,-1.007313818775531,1.3521568901987848,True,0.0,14.333148318367757,0.0,0.0,0.0,14.333148318367757
2329.053480104947,2494.005350645863,-20.946519895052916,-5.994649354136982,21.7874394225871,-2.862854790684771,5.576638243238449,True,0.0,17.64590505438157,0.0,0.0,0.0,17.64590505438157
2356.8013867048553,2504.8244787550807,6.801386704855304,4.8244787550806905,8.338732299768797,0.6169653023412516,3.400822070657796,True,0.0,19.23298991060275,0.0,0.0,0.0,19.23298991060275
2344.2747257941533,2472.9545734146413,-5.725274205846745,-27.045426585358655,27.644780048250677,-1.77940757416378,3.6143776463413815,True,0.0,16.419039081818568,0.0,0.0,0.0,16.419039081818568
2343.2291569571194,2505.0744415285894,-6.770843042880642,5.074441528589432,8.461339866616768,2.498440496967596,4.173857972138649,True,0.0,19.23404512567356,0.0,0.0,0.0,19.23404512567356
2371.004311880297,2486.3608376413863,21.004311880296882,-13.639162358613703,25.044118419489347,-0.575918559431346,3.664657445179728,True,0.0,16.914214200397108,0.0,0.0,0.0,16.914214200397108
2350.3502016363186,2480.979026704583,0.3502016363186158,-19.020973295417207,19.024196863233275,-1.5523870651462897,5.527965769402726,True,0.0,18.06705842066273,0.0,0.0,0.0,18.06705842066273
2371.326647828906,2512.339343462321,21.32664782890606,12.339343462320812,24.63910113415875,0.5245266094950723,3.864439200518518,True,0.0,17.015667433476136,0.0,0.0,0.0,17.015667433476136
2350.6075750614414,2534.5770864918645,0.6075750614413664,34.57708649186452,34.58242411574361,1.5532265254397382,1.7188283004963978,True,0.0,14.614185827543979,0.0,0.0,0.0,14.614185827543979
2345.958567833493,2473.2906497596373,-4.041432166507093,-26.70935024036271,27.01337750483715,-1.7209686791859202,3.6498345508707644,True,0.0,16.56569800437114,0.0,0.0,0.0,16.56569800437114
2363.478396012209,2469.0974210513305,13.478396012209032,-30.902578948669543,33.71404076554287,-1.1595131396081853,1.5443934070390242,True,0.0,14.854246859735492,0.0,0.0,0.0,14.854246859735492
2377.0593889300026,2514.829602595368,27.05938893000257,14.829602595368215,30.856565628755533,0.5013364590915464,2.3421414876384006,True,0.0,15.580492998411877,0.0,0.0,0.0,15.580492998411877
2329.2499133391116,2473.0178254071125,-20.750086660888428,-26.98217459288753,34.038270258569916,-2.226365456097313,1.2856048120625019,True,0.0,14.788761491802862,0.0,0.0,0.0,14.788761491802862
2328.5122772268733,2497.7577736750336,-21.487722773126734,-2.2422263249663956,21.60439327699627,-3.0376197589507434,6.492674074546812,True,0.0,17.675881518545438,0.0,0.0,0.0,17.675881518545438
2341.09257999856,2503.3122954388987,-8.907420001440187,3.3122954388986727,9.503337948142518,2.7855794497758737,3.295043248912407,True,0.0,19.162779317389475,0.0,0.0,0.0,19.162779317389475
2343.168605826357,2494.7247504478246,-6.8313941736428205,-5.27524955217541,8.631118362843134,-2.4840299676027375,2.9744283969621392,True,0.0,19.223842283602213,0.0,0.0,0.0,19.223842283602213
2383.4039646184206,2489.1464795564634,33.40396461842056,-10.853520443536581,35.122980486384684,-0.31415694767345975,1.5070822264206072,True,0.0,14.397966412578304,0.0,0.0,0.0,14.397966412578304
2363.503885321139,2491.3117832628286,13.503885321139023,-8.688216737171388,16.057397947318208,-0.5717119121820214,4.83268463629156,True,0.0,18.416512059598084,0.0,0.0,0.0,18.416512059598084
2378.849218954649,2483.431744910357,28.84921895464913,-16.568255089643117,33.268371030285984,-0.5213119266403015,1.9221970627836527,True,0.0,14.950747262625557,0.0,0.0,0.0,14.950747262625557
2340.550650312021,2466.267550638718,-9.449349687979065,-33.73244936128185,35.03096272495454,-1.8439222390595078,1.283159253563099,True,0.0,14.506051616870884,0.0,0.0,0.0,14.506051616870884
2382.547073533791,2501.9991901271005,32.54707353379081,1.999190127100519,32.60841542881656,0.06134749722601062,2.5235998056919016,True,0.0,15.136998422810274,0.0,0.0,0.0,15.136998422810274
2371.877951594505,2484.920213059792,21.877951594504793,-15.079786940208123,26.571502406404615,-0.6034873720076451,3.8115976474746276,True,0.0,16.588858376676047,0.0,0.0,0.0,16.588858376676047
2333.708185211433,2519.955608719056,-16.29181478856708,19.955608719055817,25.761396477152196,2.255459257290945,4.1137211731111165,True,0.0,16.830402932410188,0.0,0.0,0.0,16.830402932410188
2351.286088493976,2528.3609900171177,1.2860884939759671,28.36099001711773,28.390135229783404,1.5254802773173568,3.838085282838165,True,0.0,16.218817018429437,0.0,0.0,0.0,16.218817018429437
2322.7322803391758,2496.550206052643,-27.26771966082424,-3.4497939473571932,27.485079839442403,-3.0157455819722645,3.417039893526635,True,0.0,16.471331410368176,0.0,0.0,0.0,16.471331410368176
2317.664019859976,2499.7366126089482,-32.33598014002382,-0.263387391051765,32.33705281150062,-3.133447498712755,1.828611832599563,True,0.0,15.266391464795115,0.0,0.0,0.0,15.266391464795115
2347.0293735626415,2471.9309446284183,-2.9706264373585327,-28.069055371581726,28.225812492880596,-1.6762366214317712,3.829095278520981,True,0.0,16.282609714845076,0.0,0.0,0.0,16.282609714845076
2356.2155870864704,2474.9524495899277,6.21558708647035,-25.04755041007229,25.80723356686279,-1.3275581881205867,3.756720483797835,True,0.0,16.790610735378767,0.0,0.0,0.0,16.790610735378767
2367.0831044879324,2530.7312390551383,17.08310448793236,30.731239055138303,35.16022629064939,1.0634443805332245,1.692195546842413,True,0.0,14.435597448410808,0.0,0.0,0.0,14.435597448410808
2371.7212369055806,2527.727218324361,21.721236905580554,27.72721832436082,35.22230498867337,0.9062655572456515,1.6455538353457086,True,0.0,14.395480731561067,0.0,0.0,0.0,14.395480731561067
2324.9216183070803,2479.3722418649095,-25.07838169291972,-20.627758135090517,32.471982292671385,-2.453263207060404,2.1434591735742288,True,0.0,15.281854656317872,0.0,0.0,0.0,15.281854656317872
2379.2173514108367,2495.4607038694467,29.217351410836727,-4.539296130553339,29.567868249591132,-0.1541307896713105,3.374025910436103,True,0.0,15.895297967555456,0.0,0.0,0.0,15.895297967555456
2331.499887045849,2472.211691182226,-18.500112954151064,-27.788308817774123,33.38329352038728,-2.1581652023789553,2.051331534182509,True,0.0,15.00072569729038,0.0,0.0,0.0,15.00072569729038
2367.1265175925814,2519.0226482266794,17.126517592581422,19.022648226679394,25.59645972405148,0.8378030946525009,3.971044576134773,True,0.0,16.84203104058337,0.0,0.0,0.0,16.84203104058337
2343.786662698943,2471.3192157089693,-6.213337301056981,-28.680784291030704,29.346089142598537,-1.7841372396210418,3.6902001904563804,True,0.0,16.020322189491754,0.0,0.0,0.0,16.020322189491754
2345.7505792539064,2509.396212385617,-4.2494207460936195,9.396212385617218,10.312438308807344,1.9955183378357093,2.9736516812617992,True,0.0,19.072409723054875,0.0,0.0,0.0,19.072409723054875
2354.5196629830066,2478.0552030119875,4.519662983006583,-21.944796988012513,22.40538926966106,-1.3676804419140676,5.332208862790139,True,0.0,17.501848001480305,0.0,0.0,0.0,17.501848001480305
2352.716343513897,2521.0922017576136,2.7163435138968453,21.092201757613566,21.266393607505865,1.4427170472545756,5.489028516349208,True,0.0,17.690584389378703,0.0,0.0,0.0,17.690584389378703
2362.5848403466316,2500.0833177565837,12.584840346631609,0.08331775658371043,12.585116145620942,0.006620389057417986,3.4351814869905866,True,0.0,18.86216725931033,0.0,0.0,0.0,18.86216725931033
2319.5566982099645,2492.113797462718,-30.443301790035548,-7.886202537281861,31.44816074650809,-2.8881187962959123,2.0992451761558186,True,0.0,15.500519815766307,0.0,0.0,0.0,15.500519815766307
2364.3713834970617,2499.5562211301053,14.371383497061743,-0.44377886989468607,14.378233664292134,-0.030869533049152666,4.1859664776711725,True,0.0,18.65921519383782,0.0,0.0,0.0,18.65921519383782
2357.5720200496694,2500.523742971726,7.572020049669391,0.5237429717258237,7.590111615320781,0.06905820645741971,3.664386867324538,True,0.0,19.277974823960264,0.0,0.0,0.0,19.277974823960264
2357.6207765167046,2503.406922696347,7.620776516704609,3.40692269634701,8.34765577730903,0.4204039636513427,3.714259629438857,True,0.0,19.23230151903424,0.0,0.0,0.0,19.23230151903424
2341.3672741384685,2517.6209632243613,-8.632725861531526,17.620963224361276,19.621985137968274,2.02634122267323,9.638767726950391,True,0.0,17.95197177898308,0.0,0.0,0.0,17.95197177898308
2364.45456609339,2497.604751282897,14.454566093389985,-2.395248717103186,14.651678994741998,-0.16421654881305403,4.804914214499149,True,0.0,18.618191451202346,0.0,0.0,0.0,18.618191451202346
2360.5739722962485,2530.484139948203,10.573972296248485,30.484139948202937,32.265952310499884,1.2369144386024593,2.005392033431235,True,0.0,15.258539629391592,0.0,0.0,0.0,15.258539629391592
2362.5966768840153,2497.1352041541318,12.596676884015324,-2.8647958458682297,12.918332855240644,-0.2236211338662796,4.304852730197126,True,0.0,18.821802449360643,0.0,0.0,0.0,18.821802449360643
2384.4836574223013,2495.3510525919646,34.48365742230135,-4.648947408035383,34.795622443366604,-0.13400797844516366,1.4984981673903803,True,0.0,14.500781564249383,0.0,0.0,0.0,14.500781564249383
2325.729734648388,2483.282948195956,-24.270265351612125,-16.717051804043876,29.470419088583565,-2.53843166266759,3.9220326165059305,True,0.0,16.04607908462797,0.0,0.0,0.0,16.04607908462797
2315.1374252060427,2505.421542574603,-34.862574793957265,5.421542574602881,35.2816134148156,2.9873165768944197,1.6200585922706523,True,0.0,14.469452767313575,0.0,0.0,0.0,14.469452767313575
2368.065476342972,2470.0714639323064,18.065476342972033,-29.928536067693585,34.958242327864795,-1.0277189840830785,1.1736412857658252,True,0.0,14.458356301829397,0.0,0.0,0.0,14.458356301829397
2365.270888230161,2468.0139540551704,15.270888230160836,-31.986045944829584,35.44442357441878,-1.1253725351534638,1.5149828443362594,True,0.0,14.334048868692546,0.0,0.0,0.0,14.334048868692546
2379.311388315601,2519.4847586213905,29.311388315601107,19.484758621390483,35.19677973226823,0.5866748196322342,1.5543398098393482,True,0.0,14.410636176104001,0.0,0.0,0.0,14.410636176104001
2378.764989848624,2487.0487832992467,28.764989848623827,-12.95121670075332,31.546135342087524,-0.42305544844232573,2.743044848972204,True,0.0,15.374041710258167,0.0,0.0,0.0,15.374041710258167
2363.07852011037,2474.2024190560883,13.078520110369936,-25.797580943911726,28.92339659920716,-1.1015907293769442,3.7343907608437803,True,0.0,16.088368595274655,0.0,0.0,0.0,16.088368595274655
2373.1912386283066,2526.492405790002,23.191238628306564,26.492405790002067,35.20910555037139,0.8517443838221856,1.611301057264427,True,0.0,14.399848722052173,0.0,0.0,0.0,14.399848722052173
2343.4868652642003,2534.6589901047987,-6.513134735799667,34.658990104798704,35.26565636949374,1.7565504643030228,1.51256076304594,True,0.0,14.415163732855095,0.0,0.0,0.0,14.415163732855095
2323.025243343631,2477.487996932428,-26.97475665636921,-22.512003067572095,35.13442441231549,-2.4461319688336975,1.8902359735216123,True,0.0,14.546288692774107,0.0,0.0,0.0,14.546288692774107
2329.6732798899866,2471.2382444511127,-20.32672011001341,-28.761755548887322,35.219513521409894,-2.1860230553295668,1.7381642436403126,True,0.0,14.445787128817843,0.0,0.0,0.0,14.445787128817843
2317.243929010207,2512.762730680137,-32.75607098979299,12.762730680136883,35.15462247133462,2.770058230102267,1.7440486923060234,True,0.0,14.523485161660235,0.0,0.0,0.0,14.523485161660235
2365.3463742656227,2531.685929022276,15.346374265622671,31.685929022276014,35.206665577774885,1.119764953787642,1.6732987005957511,True,0.0,14.433115746991692,0.0,0.0,0.0,14.433115746991692
2329.7063526513443,2528.806057293766,-20.293647348655668,28.806057293766116,35.23664370400983,2.1845309405054945,1.6306601994228913,True,0.0,14.449819112882244,0.0,0.0,0.0,14.449819112882244
2379.9947830976907,2514.71780600198,29.994783097690743,14.71780600198008,33.411088377804084,0.4561629306406876,1.243650650971631,True,0.0,14.890413378826723,0.0,0.0,0.0,14.890413378826723
2333.5585814251067,2492.385190742297,-16.441418574893305,-7.6148092577032,18.119204308855537,-2.707858846783903,7.928457235328096,True,0.0,18.258649416473137,0.0,0.0,0.0,18.258649416473137
2351.2941011571606,2490.496694932289,1.2941011571606396,-9.503305067711153,9.591011678386645,-1.4354549890031993,3.618168745796538,True,0.0,19.124359254117604,0.0,0.0,0.0,19.124359254117604
2341.5234275600574,2499.100602901466,-8.476572439942629,-0.899397098533882,8.524153651269204,-3.0358842938630453,3.334887818430161,True,0.0,19.238825549763675,0.0,0.0,0.0,19.238825549763675
2340.6760291823516,2501.7781257529837,-9.323970817648387,1.7781257529836694,9.492005215010288,2.9531505763953723,3.305045095639798,True,0.0,19.164481883038107,0.0,0.0,0.0,19.164481883038107
2364.2251717723784,2487.1485286146603,14.225171772378417,-12.851471385339664,19.170702353379646,-0.7347078470490392,9.371521527791629,True,0.0,17.984929424829303,0.0,0.0,0.0,17.984929424829303
2361.9234596228093,2526.019539123316,11.923459622809332,26.019539123316008,28.621413409657755,1.1411027315982367,3.333551069555142,True,0.0,16.206490522794194,0.0,0.0,0.0,16.206490522794194
2342.157201580318,2483.2960964825165,-7.8427984196819125,-16.703903517483468,18.453451703493354,-2.0097630882472366,7.879937633888403,True,0.0,18.149719227465084,0.0,0.0,0.0,18.149719227465084
2330.673507179791,2504.4979635339078,-19.32649282020884,4.49796353390775,19.84300886161037,2.912927634635222,7.780523799551702,True,0.0,17.973511178545202,0.0,0.0,0.0,17.973511178545202
2355.947280848401,2519.4845451149067,5.947280848401078,19.484545114906723,20.37198193167748,1.2745476835850804,7.377077285456835,True,0.0,17.85553594191006,0.0,0.0,0.0,17.85553594191006
2344.9114277817444,2505.24494909998,-5.088572218255649,5.244949099980204,7.307739615078412,2.3410626739000255,4.050175902471437,True,0.0,19.294193825800885,0.0,0.0,0.0,19.294193825800885
2369.0236189651514,2488.817284817201,19.0236189651514,-11.182715182798802,22.0669707343547,-0.531425301235878,5.3842027310511185,True,0.0,17.49156050278781,0.0,0.0,0.0,17.49156050278781
2328.7119859678546,2482.8000447231507,-21.288014032145384,-17.199955276849323,27.368193271723943,-2.462014264612248,4.494037298267358,True,0.0,16.524213012508238,0.0,0.0,0.0,16.524213012508238
2371.759715514197,2487.753693868907,21.75971551419707,-12.246306131093206,24.969125597730482,-0.5126151687354454,2.9960578448062734,True,0.0,16.913674965003118,0.0,0.0,0.0,16.913674965003118
2325.6236954912674,2496.352291394742,-24.376304508732574,-3.647708605257776,24.647717938408164,-2.993053262059345,3.7003952851414113,True,0.0,17.081091954322574,0.0,0.0,0.0,17.081091954322574
2354.515422331701,2491.3507601806286,4.515422331700847,-8.64923981937136,9.756966141512526,-1.0896568484142555,3.5772459866045665,True,0.0,19.105637032577423,0.0,0.0,0.0,19.105637032577423
2324.0450431684885,2503.3454779204235,-25.95495683151148,3.345477920423491,26.169677236100288,3.0134039170195193,3.651082677726663,True,0.0,16.75349950970051,0.0,0.0,0.0,16.75349950970051
2370.459947984773,2519.777686483168,20.459947984772953,19.777686483168054,28.45639390657402,0.768443982599835,3.824372885344019,True,0.0,16.186810273866424,0.0,0.0,0.0,16.186810273866424
2375.1185562258916,2472.9217820282624,25.118556225891552,-27.07821797173756,36.93469582111387,-0.8229242714496001,1.6534991550743143,True,0.0,13.831717998703397,0.0,0.0,0.0,13.831717998703397
2345.3233155041185,2534.9715962873584,-4.6766844958815454,34.97159628735835,35.28291264564187,1.7037356925062792,1.467444822066227,True,0.0,14.406892909008624,0.0,0.0,0.0,14.406892909008624
2383.616981284368,2511.312203743508,33.616981284368194,11.31220374350778,35.469245610925995,0.32460023441900065,1.3592711269502615,True,0.0,14.255139773588816,0.0,0.0,0.0,14.255139773588816
2359.093969975427,2532.4986636806625,9.093969975427171,32.4986636806625,33.74705069991722,1.297949012182997,1.39996839922469,True,0.0,14.854063848379292,0.0,0.0,0.0,14.854063848379292
2374.0273844015314,2472.763294905915,24.027384401531435,-27.23670509408521,36.320150131313106,-0.8479202500460737,1.7893221206059025,True,0.0,14.01824851446269,0.0,0.0,0.0,14.01824851446269
2357.5740851022038,2479.138566610911,7.574085102203753,-20.861433389089143,22.193831759811737,-1.2225288315446046,4.012246017621919,True,0.0,17.50900249386167,0.0,0.0,0.0,17.50900249386167
2356.2175565853554,2478.024796421872,6.217556585355396,-21.975203578128003,22.837854150341403,-1.295067978756638,4.427413391411392,True,0.0,17.391414693628043,0.0,0.0,0.0,17.391414693628043
2328.4664744735696,2481.033461311224,-21.533525526430367,-18.966538688775927,28.695336057106253,-2.419492109209853,4.024331255868674,True,0.0,16.229010250696298,0.0,0.0,0.0,16.229010250696298
2346.0730677872507,2536.7349450761026,-3.926932212749307,36.734945076102576,36.94424158577086,1.6772909930182622,1.6245903548821161,True,0.0,13.911475245347141,0.0,0.0,0.0,13.911475245347141
2353.8479028927745,2463.276705494936,3.8479028927745276,-36.72329450506413,36.92433771887989,-1.4663963028757168,1.6844412170031546,True,0.0,13.889066449921929,0.0,0.0,0.0,13.889066449921929
2383.227368808243,2516.047399513422,33.22736880824323,16.04739951342208,36.89955377863524,0.4499207082922385,1.7588191204959003,True,0.0,13.887421601868546,0.0,0.0,0.0,13.887421601868546
2313.497749515011,2495.0832030147944,-36.50225048498896,-4.916796985205565,36.831904418080306,-3.007700078696413,1.9610517387800428,True,0.0,13.988655764327008,0.0,0.0,0.0,13.988655764327008
2316.892784982389,2483.9340459001733,-33.107215017611,-16.06595409982674,36.79949140083416,-2.689797944326428,2.0581254041153443,True,0.0,14.00604303365322,0.0,0.0,0.0,14.00604303365322
2334.734189182788,2533.642711044756,-15.265810817211786,33.6427110447562,36.94424158577167,1.9967749916884296,1.6245903548820024,True,0.0,13.950308086860586,0.0,0.0,0.0,13.950308086860586
2331.2440843311047,2468.199745357932,-18.75591566889534,-31.800254642068012,36.9193792997537,-2.1036849945643263,1.6990576810067068,True,0.0,13.915531221138968,0.0,0.0,0.0,13.915531221138968
2315.979921860459,2514.349474721437,-34.020078139541056,14.349474721437218,36.92252891395231,2.742440401255907,1.6896179251789363,True,0.0,13.99773049833833,0.0,0.0,0.0,13.99773049833833
2318.6928433102507,2519.5260050497614,-31.307156689749263,19.526005049761352,36.89719411011924,2.583934892200647,1.765602987406055,True,0.0,14.018022416204717,0.0,0.0,0.0,14.018022416204717
2384.8431598472525,2512.53521906337,34.84315984725254,12.535219063369823,37.02941405299119,0.3453442147008197,1.3695474305477546,True,0.0,13.814810299411056,0.0,0.0,0.0,13.814810299411056
2365.2410843326575,2533.637912206397,15.241084332657465,33.63791220639678,36.929660020645116,1.1453736881199792,1.6682764488348312,True,0.0,13.908716709599453,0.0,0.0,0.0,13.908716709599453
2334.813182612928,2466.3833074438708,-15.186817387072097,-33.61669255612924,36.88795793699605,-1.99511637355854,1.793301069248173,True,0.0,13.925635967376603,0.0,0.0,0.0,13.925635967376603
2368.7559664429577,2531.7786503703696,18.755966442957742,31.778650370369633,36.900798047895265,1.037609041804746,1.7547236037594303,True,0.0,13.909770502664335,0.0,0.0,0.0,13.909770502664335
2327.959827655547,2470.335159510173,-22.040172344452913,-29.66484048982693,36.95635206916481,-2.2097848964717457,1.5883217977357162,True,0.0,13.916303519661428,0.0,0.0,0.0,13.916303519661428
2386.615028149442,2504.973890570735,36.61502814944197,4.973890570734966,36.95131761918746,0.1350164205681946,1.6035983319361549,True,0.0,13.835331029824742,0.0,0.0,0.0,13.835331029824742
2381.2538329681515,2519.5596322624847,31.253832968151528,19.559632262484683,36.86978830214173,0.5591970036873334,1.8475642457465256,True,0.0,13.912309517029774,0.0,0.0,0.0,13.912309517029774
2322.196843668045,2475.6717965248413,-27.80315633195505,-24.328203475158716,36.944241585771614,-2.4227536565819485,1.624590354882912,True,0.0,13.976962974837587,0.0,0.0,0.0,13.976962974837587
2338.4444046888207,2535.0658646887205,-11.555595311179331,35.06586468872047,36.920815935775344,1.8891287544312736,1.6948190092200548,True,0.0,13.942576920347413,0.0,0.0,0.0,13.942576920347413
2361.62253818369,2464.9197987937264,11.622538183689812,-35.080201206273614,36.955431407358354,-1.2508648782123866,1.5910900594121813,True,0.0,13.88669594845555,0.0,0.0,0.0,13.88669594845555
2331.2412876400854,2531.7929509624187,-18.758712359914625,31.792950962418672,36.91450961750369,2.1038507654854093,1.7136505768917232,True,0.0,13.964290106281156,0.0,0.0,0.0,13.964290106281156
2316.757768858645,2516.1370475099106,-33.242231141355205,16.137047509910644,36.95199904731,2.689662233219556,1.6013832223425197,True,0.0,13.98589259330972,0.0,0.0,0.0,13.98589259330972
2380.2308948912378,2521.240002974828,30.230894891237767,21.240002974827803,36.9465117743984,0.612463844411024,1.6177923645359442,True,0.0,13.88968687419907,0.0,0.0,0.0,13.88968687419907
2342.190629285593,2536.109426960183,-7.809370714407123,36.1094269601831,36.94424158577136,1.783785659241665,1.6245903548812066,True,0.0,13.91952035781775,0.0,0.0,0.0,13.91952035781775
2357.757922380957,2463.9150957610004,7.757922380957098,-36.08490423899957,36.909425267900396,-1.3590289616171738,1.72894109209642,True,0.0,13.909709611054325,0.0,0.0,0.0,13.909709611054325
2355.881780193336,2536.484666951928,5.881780193335999,36.48466695192792,36.95573380188548,1.4109591655597387,1.590173867646513,True,0.0,13.891247286590813,0.0,0.0,0.0,13.891247286590813
2377.755440303891,2524.343912770635,27.75544030389119,24.343912770635143,36.91870197402883,0.7200103251318227,1.7011524530771567,True,0.0,13.893821796767243,0.0,0.0,0.0,13.893821796767243
2386.8877393889566,2500.999931155913,36.88773938895656,0.9999311559131456,36.90128967318274,0.027100775487898916,1.7532356928604713,True,0.0,13.865905126657799,0.0,0.0,0.0,13.865905126657799
2320.9884878771113,2522.7773661806436,-29.01151212288869,22.77736618064364,36.88463427748262,2.47599421305663,1.8031028405844154,True,0.0,14.020498273005565,0.0,0.0,0.0,14.020498273005565
2379.045230482672,2477.184234693952,29.045230482672196,-22.81576530604798,36.93486916576547,-0.6658524182670424,1.65266271993778,True,0.0,13.833186649222244,0.0,0.0,0.0,13.833186649222244
2372.0323397677143,2529.6555726754314,22.032339767714348,29.655572675431358,36.944241585770826,0.9318283294546015,1.624590354881093,True,0.0,13.883461347583918,0.0,0.0,0.0,13.883461347583918
2313.693813740298,2506.823098128724,-36.30618625970192,6.823098128723814,36.9417626650159,2.9558273033478195,1.63203418321973,True,0.0,13.981508777600663,0.0,0.0,0.0,13.981508777600663
2375.043725100798,2527.1499424960903,25.04372510079793,27.14994249609026,36.93653400720409,0.8257301677904016,1.6476817733741882,True,0.0,13.880207892676982,0.0,0.0,0.0,13.880207892676982
2327.9676602322857,2529.6555726754314,-22.032339767714348,29.655572675431358,36.944241585770826,2.209764324135192,1.624590354881093,True,0.0,13.945509525075218,0.0,0.0,0.0,13.945509525075218
2372.002153379441,2470.4133873381566,22.002153379441097,-29.586612661843446,36.870888274279565,-0.9313701214385737,1.8442810792289492,True,0.0,13.871515972058676,0.0,0.0,0.0,13.871515972058676
2384.6267081259734,2487.5007176897207,34.62670812597344,-12.499282310279341,36.81359767685599,-0.3464160567258063,2.0158491075717393,True,0.0,13.884092888136276,0.0,0.0,0.0,13.884092888136276
2340.235460651549,2464.3395010819336,-9.764539348450853,-35.66049891806642,36.97319856021198,-1.838064688783112,1.537928686123223,True,0.0,13.894102015780964,0.0,0.0,0.0,13.894102015780964
2359.667780509035,2535.6303099756065,9.667780509034856,35.63030997560645,36.91862631421536,1.3058398262523898,1.7013937895635536,True,0.0,13.90513810132487,0.0,0.0,0.0,13.90513810132487
2386.8493512029413,2497.0497420979586,36.84935120294131,-2.9502579020413577,36.967265327127855,-0.079892269186523,1.555638679884396,True,0.0,13.841391771849146,0.0,0.0,0.0,13.841391771849146
2314.1873052911733,2491.3506137439704,-35.81269470882671,-8.64938625602963,36.842380282951574,-2.904613479890623,1.9300281686109884,True,0.0,13.985605550842859,0.0,0.0,0.0,13.985605550842859
2385.781314148974,2508.685099010563,35.78131414897416,8.685099010563135,36.82028499415591,0.2381220703053047,1.9959391866332226,True,0.0,13.865230858566669,0.0,0.0,0.0,13.865230858566669
2344.503308120486,2534.2947323787416,-5.496691879513946,34.29473237874163,34.73243859201113,1.7297226597617847,1.3630909536886975,True,0.0,14.57187802431476,0.0,0.0,0.0,14.57187802431476
2342.74750990229,2503.518281919602,-7.2524900977100515,3.518281919602032,8.06082627794328,2.689924891930244,3.661496152217296,True,0.0,19.258433972547582,0.0,0.0,0.0,19.258433972547582
2337.7371509555323,2534.227480850115,-12.262849044467657,34.22748085011517,36.3579140220173,1.9148239364412127,1.654769783914162,True,0.0,14.114777477545365,0.0,0.0,0.0,14.114777477545365
2362.3987071475867,2465.804382377038,12.39870714758672,-34.19561762296189,36.374004502493804,-1.2229570787028337,1.683042621390996,True,0.0,14.06773246133547,0.0,0.0,0.0,14.06773246133547
2384.630480892903,2511.4680427656385,34.63048089290305,11.468042765638529,36.479942595188355,0.31978840707405304,1.318048109727897,True,0.0,13.976003915535987,0.0,0.0,0.0,13.976003915535987
2329.0739636016547,2529.7606094031894,-20.92603639834533,29.76060940318939,36.38121591417855,2.183630197813874,1.557811183449985,True,0.0,14.113263229053418,0.0,0.0,0.0,14.113263229053418
2314.072548902594,2494.1837062790087,-35.92745109740599,-5.816293720991325,36.39520593437194,-2.9810951492424125,1.507362527518353,True,0.0,14.122018356742458,0.0,0.0,0.0,14.122018356742458
2354.8864292719577,2536.1163121198174,4.886429271957695,36.116312119817394,36.44537271267662,1.4363159102061094,1.4077240840611012,True,0.0,14.047262886527582,0.0,0.0,0.0,14.047262886527582
2314.0661501188656,2505.7236481406294,-35.93384988113439,5.723648140629393,36.38683436790885,2.9836366612100687,1.6443563055831873,True,0.0,14.150427733434094,0.0,0.0,0.0,14.150427733434094
2335.8846276134905,2533.530701058535,-14.115372386509534,33.530701058535215,36.38064940441127,1.969247395561461,1.6843679027706457,True,0.0,14.122858841883065,0.0,0.0,0.0,14.122858841883065
2369.3058874873414,2530.780131021784,19.30588748734135,30.7801310217842,36.333644978065244,1.0106028125636692,1.632292070668882,True,0.0,14.068764202103237,0.0,0.0,0.0,14.068764202103237
2386.332280347892,2500.026742948723,36.33228034789181,0.026742948723040172,36.33229019017535,0.0007360656594427248,1.6869696748176466,True,0.0,14.037157667857885,0.0,0.0,0.0,14.037157667857885
2379.2291670549616,2478.2766191367427,29.229167054961636,-21.723380863257262,36.41770836910234,-0.6391407013793005,1.5795260743939252,True,0.0,14.010325379513924,0.0,0.0,0.0,14.010325379513924
2341.3828389239084,2535.371149543839,-8.617161076091634,35.37114954383878,36.4056820436579,1.8097624397122898,1.5085465876209128,True,0.0,14.088126713296862,0.0,0.0,0.0,14.088126713296862
2358.5777903974563,2464.6993678604827,8.577790397456283,-35.30063213951735,36.32785594488365,-1.332423712867884,1.7922866103599517,True,0.0,14.085868769190622,0.0,0.0,0.0,14.085868769190622
2320.860033413047,2521.6354593935084,-29.13996658695305,21.635459393508427,36.293673771842,2.5029302151315114,1.7505495154855453,True,0.0,14.194240659138785,0.0,0.0,0.0,14.194240659138785
2345.1744814717154,2536.042262663998,-4.825518528284647,36.04226266399792,36.36386017748166,1.7038898556561253,1.6245903548833667,True,0.0,14.0883829742658,0.0,0.0,0.0,14.0883829742658
2329.078827836854,2470.231076048123,-20.92117216314591,-29.768923951876786,36.38522059755327,-2.183389400149293,1.5797188998999445,True,0.0,14.092743799082484,0.0,0.0,0.0,14.092743799082484
2322.062670103998,2523.1588728668316,-27.93732989600221,23.158872866831643,36.28812194341462,2.449442109126881,1.7187992543151722,True,0.0,14.180992214186753,0.0,0.0,0.0,14.180992214186753
2377.885914715229,2476.7902340922906,27.885914715228864,-23.209765907709425,36.2810897437727,-0.6941348900313329,1.8668416520815754,True,0.0,14.025913962247193,0.0,0.0,0.0,14.025913962247193
2341.32459422143,2464.6573915622316,-8.675405778570166,-35.34260843776838,36.39179353382113,-1.8115030859066708,1.6871474929293981,True,0.0,14.080144733297063,0.0,0.0,0.0,14.080144733297063
2360.4239910896486,2534.8592626486084,10.423991089648553,34.859262648608365,36.38444423983599,1.2802289991440345,1.614242422658208,True,0.0,14.070831625962681,0.0,0.0,0.0,14.070831625962681
2339.354973011574,2465.0872930376995,-10.645026988425798,-34.91270696230049,36.49950283250141,-1.8667461874911735,1.5290904307621531,True,0.0,14.059187049875607,0.0,0.0,0.0,14.059187049875607
2358.5676339988863,2535.3086806632114,8.567633998886322,35.30868066321136,36.33328064619968,1.3327476484290077,1.5662318671656976,True,0.0,14.069601476498105,0.0,0.0,0.0,14.069601476498105
2376.664170667883,2524.736051054066,26.6641706678829,24.736051054066138,36.37100794802576,0.7479038504819314,1.6236028509267726,True,0.0,14.058169443514812,0.0,0.0,0.0,14.058169443514812
2370.9200890044294,2529.759697435963,20.92008900442943,29.759697435963062,36.37704929530865,0.9580817766782683,1.5745447153290115,True,0.0,14.055834583590043,0.0,0.0,0.0,14.055834583590043
2356.7312139338865,2535.741402731508,6.731213933886465,35.74140273150806,36.369727937387694,1.384645725399713,1.5831103983446155,True,0.0,14.064168649019184,0.0,0.0,0.0,14.064168649019184
2314.4605769517634,2507.678701826919,-35.539423048236586,7.678701826919223,36.359497416057096,2.928802094276572,1.728487735252429,True,0.0,14.167243330683569,0.0,0.0,0.0,14.167243330683569
2377.94552977592,2523.266600090276,27.945529775920022,23.266600090275915,36.36326875045284,0.6942874116075214,1.6495209778322533,True,0.0,14.062473801851956,0.0,0.0,0.0,14.062473801851956
2314.3925180363112,2492.411230490436,-35.60748196368877,-7.588769509563917,36.40717229425691,-2.931611357015793,1.395167662617041,True,0.0,14.110609756839759,0.0,0.0,0.0,14.110609756839759
2383.0923343084974,2514.8207275492746,33.09233430849736,14.82072754927458,36.259571909706516,0.42107274266089273,1.6927186403718224,True,0.0,14.042957100157585,0.0,0.0,0.0,14.042957100157585
2385.5617750868264,2507.632317913615,35.5617750868264,7.632317913615225,36.371584019128434,0.21141425830366786,1.4940589569341682,True,0.0,14.003682150096694,0.0,0.0,0.0,14.003682150096694
2370.8931130990036,2470.3036481527342,20.893113099003585,-29.69635184726576,36.30971616529603,-0.9576862704464477,1.706185358054654,True,0.0,14.037775640995815,0.0,0.0,0.0,14.037775640995815
2317.690442392148,2516.724062566815,-32.309557607852184,16.724062566815064,36.381338369469916,2.6639488717064497,1.5869235418994094,True,0.0,14.15819098006552,0.0,0.0,0.0,14.15819098006552
2367.621567569379,2531.7585136841976,17.62156756937884,31.758513684197624,36.31973065747531,1.0642285578619535,1.7538985343435343,True,0.0,14.088079192180208,0.0,0.0,0.0,14.088079192180208
2323.2888392341415,2475.2894166203537,-26.711160765858494,-24.710583379646323,36.38817171035103,-2.3950801593435065,1.686788145617129,True,0.0,14.15104675024962,0.0,0.0,0.0,14.15104675024962
2383.932556179859,2513.146244467065,33.93255617985915,13.146244467065117,36.390137571698425,0.3696171283414024,1.5039118250982426,True,0.0,14.000873886232476,0.0,0.0,0.0,14.000873886232476
2316.942742830123,2485.126397124889,-33.057257169877175,-14.873602875110919,36.24922501353517,-2.7187931382930577,1.9627429544498227,True,0.0,14.16444136627216,0.0,0.0,0.0,14.16444136627216
2372.4548693042266,2528.6026077751235,22.454869304226577,28.602607775123488,36.36386017748187,0.9052294668167473,1.6245903548824572,True,0.0,14.058469076278325,0.0,0.0,0.0,14.058469076278325
2332.3468047341394,2468.2103619141085,-17.65319526586063,-31.78963808589151,36.36229355701546,-2.077709366188389,1.6038959221218647,True,0.0,14.095287191456299,0.0,0.0,0.0,14.095287191456299
2316.1642030954295,2513.1344304575555,-33.83579690457054,13.134430457555482,36.29565284729986,2.7713159711125517,1.910539260101359,True,0.0,14.188680556150054,0.0,0.0,0.0,14.188680556150054
2386.025902444849,2505.8812229560394,36.02590244484918,5.881222956039437,36.5028003093521,0.16182237058254112,1.2994907296408655,True,0.0,13.979445898261014,0.0,0.0,0.0,13.979445898261014
2365.8766446171594,2532.698056145465,15.8766446171594,32.698056145465216,36.34873752954251,1.118772838770698,1.699206054438946,True,0.0,14.08916284709012,0.0,0.0,0.0,14.08916284709012
2334.1459438578822,2467.3136433748073,-15.85405614211777,-32.68635662519273,36.32834988802413,-2.022401144279975,1.8929435842119346,True,0.0,14.115831351281482,0.0,0.0,0.0,14.115831351281482
2343.261300399033,2535.7340209701542,-6.738699600966811,35.73402097015423,36.36386017748244,1.7571867966038184,1.6245903548815477,True,0.0,14.092025737055708,0.0,0.0,0.0,14.092025737055708
2356.6872512675163,2464.2905017510293,6.687251267516331,-35.709498248970704,36.330257289319334,-1.385672373062155,1.55147752254652,True,0.0,14.074435059528158,0.0,0.0,0.0,14.074435059528158
2347.0964698825724,2536.2610117450763,-2.9035301174276356,36.2610117450763,36.37707327313965,1.6506989060583126,1.6050585568223141,True,0.0,14.079229290196098,0.0,0.0,0.0,14.079229290196098
2352.7456240973534,2463.701240098614,2.7456240973533568,-36.29875990138589,36.40245077000212,-1.4953004756858739,1.5952965250380657,True,0.0,14.047297378973084,0.0,0.0,0.0,14.047297378973084
2339.560991102522,2534.8523854963946,-10.439008897477834,34.85238549639462,36.38216158436603,1.8618132857740053,1.5568256146193562,True,0.0,14.09832968952714,0.0,0.0,0.0,14.09832968952714
2360.518029424803,2465.1792726691897,10.51802942480299,-34.820727330810314,36.3746064559833,-1.277448577964311,1.6535517434449503,True,0.0,14.071434115184932,0.0,0.0,0.0,14.071434115184932
2354.74648920831,2463.96938790704,4.7464892083098675,-36.03061209295993,36.34190649371538,-1.4398156317707114,1.85819017936592,True,0.0,14.08099482724287,0.0,0.0,0.0,14.08099482724287
2379.1892372605234,2521.731587430824,29.18923726052344,21.73158743082422,36.39056834008899,0.6399762208035293,1.6574756844511285,True,0.0,14.062358256773903,0.0,0.0,0.0,14.062358256773903
2386.2342426464143,2496.1267120263487,36.23424264641426,-3.8732879736512587,36.44067370241743,-0.10649140263819475,1.5157310338636307,True,0.0,14.018006614488144,0.0,0.0,0.0,14.018006614488144
2383.8069923533735,2486.7763466276533,33.806992353373516,-13.22365337234669,36.30120852661839,-0.372855101787789,1.6503312366455702,True,0.0,14.023272548324016,0.0,0.0,0.0,14.023272548324016
2382.175288826467,2516.5205474045274,32.17528882646684,16.520547404527406,36.16873923171499,0.4743531965038844,2.0177224564428116,True,0.0,14.079947571082634,0.0,0.0,0.0,14.079947571082634
2317.80705791254,2483.2259974160174,-32.19294208745987,-16.774002583982565,36.30086339102692,-2.66125037876878,1.983618636085339,True,0.0,14.169780389069604,0.0,0.0,0.0,14.169780389069604
2319.710890070736,2520.0163280539514,-30.289109929264214,20.016328053951383,36.305420656844795,2.557633081898968,1.816705504671404,True,0.0,14.200342998264912,0.0,0.0,0.0,14.200342998264912
2327.5648290370514,2528.5858225138477,-22.435170962948632,28.58582251384769,36.338493982689144,2.2362220395316705,1.6481935586371037,True,0.0,14.124850071921097,0.0,0.0,0.0,14.124850071921097
2372.446532941588,2471.527975660932,22.446532941587975,-28.472024339067957,36.25607550552421,-0.9031862538589444,1.8812885737006582,True,0.0,14.041093283432968,0.0,0.0,0.0,14.041093283432968
2381.1682636585306,2518.28793165868,31.168263658530577,18.28793165868001,36.13736437318345,0.5306187577639915,2.15037293802925,True,0.0,14.105279764170515,0.0,0.0,0.0,14.105279764170515
2332.369245740098,2531.770757889581,-17.630754259902005,31.77075788958109,36.33489442191117,2.0774216808348336,1.7028543564501888,True,0.0,14.13688671942667,0.0,0.0,0.0,14.13688671942667
2386.1611474240594,2503.9643254316475,36.161147424059436,3.9643254316474668,36.37780173612154,0.10919335734302812,1.720889044984233,True,0.0,14.025387353908432,0.0,0.0,0.0,14.025387353908432
2330.685419201785,2530.7953435810605,-19.314580798215047,30.79534358106048,36.35115153177875,2.130970071714772,1.6323093883047477,True,0.0,14.126433450543233,0.0,0.0,0.0,14.126433450543233
2313.9223546747303,2496.1946539935475,-36.077645325269714,-3.8053460064525098,36.27777763927636,-3.036504653779455,2.0430074347095797,True,0.0,14.161817122958968,0.0,0.0,0.0,14.161817122958968
2375.3439880193505,2526.11299845188,25.34398801935049,26.112998451879776,36.38964711113391,0.8003417743908129,1.5126698581334495,True,0.0,14.047253453637131,0.0,0.0,0.0,14.047253453637131
2386.274713097591,2501.9786597170637,36.27471309759085,1.9786597170636924,36.32863752727949,0.05449252825336292,1.699338748691389,True,0.0,14.0385267706424,0.0,0.0,0.0,14.0385267706424
2327.5128805483964,2471.3226848206464,-22.487119451603576,-28.677315179353627,36.442543093569554,-2.2357933772782608,1.4595292769872685,True,0.0,14.080124527443004,0.0,0.0,0.0,14.080124527443004
2318.6590061715983,2518.3681716117558,-31.34099382840168,18.36817161175577,36.3269544898939,2.6114750821509314,1.622778679282419,True,0.0,14.173855198232369,0.0,0.0,0.0,14.173855198232369
2322.0100362874614,2476.7723741845834,-27.98996371253861,-23.22762581541656,36.37252630283239,-2.4489103726813006,1.5723015099301847,True,0.0,14.159902353187285,0.0,0.0,0.0,14.159902353187285
2334.092188124721,2532.700798597159,-15.907811875279094,32.700798597159064,36.36482789112621,2.023557866272804,1.639801066778091,True,0.0,14.128777081954368,0.0,0.0,0.0,14.128777081954368
2330.700912704742,2469.1983060049984,-19.299087295257777,-30.801693995001642,36.34830289561949,-2.1305161383611013,1.6248762445538887,True,0.0,14.095719780082106,0.0,0.0,0.0,14.095719780082106
2373.930703250803,2527.370053040906,23.930703250803163,27.370053040905987,36.356544961533515,0.8523408537096769,1.5959577453324982,True,0.0,14.055131168856501,0.0,0.0,0.0,14.055131168856501
2384.992795040055,2509.527647108122,34.99279504005517,9.527647108121982,36.266675669713855,0.2658306093280551,2.0074010338535118,True,0.0,14.032829125883362,0.0,0.0,0.0,14.032829125883362
2384.4049401010375,2488.63744590165,34.40494010103748,-11.362554098349847,36.23268605822516,-0.31898144752289986,1.9154349733057643,True,0.0,14.054261724483316,0.0,0.0,0.0,14.054261724483316
2315.059894711125,2490.56030950742,-34.9401052888752,-9.439690492580212,36.19279920361775,-2.8777244507951316,2.1736677230612713,True,0.0,14.174252379386502,0.0,0.0,0.0,14.174252379386502
2386.3469908552092,2498.070499646888,36.34699085520924,-1.9295003531119619,36.39816912759931,-0.05303577745916251,1.6029385445899607,True,0.0,14.024594055756086,0.0,0.0,0.0,14.024594055756086
2332.274490104864,2514.0488041460158,-17.72550989513593,14.048804146015755,22.617749644376012,2.471395294811589,4.0764387311214705,True,0.0,17.468149181199863,0.0,0.0,0.0,17.468149181199863
2354.7045358289192,2524.4646787094907,4.704535828919234,24.464678709490727,24.912911546509246,1.3808163195913634,3.763741970841238,True,0.0,17.015610852655264,0.0,0.0,0.0,17.015610852655264
2321.919121191436,2511.9986322791256,-28.080878808564194,11.998632279125559,30.53691096412575,2.7377853536797114,2.02191096730985,True,0.0,15.758908701828785,0.0,0.0,0.0,15.758908701828785
2367.370922096881,2469.1817500776865,17.370922096880804,-30.8182499223135,35.37673618029336,-1.0575283979177859,1.4910887180340069,True,0.0,14.368678641375608,0.0,0.0,0.0,14.368678641375608
2351.645302770063,2471.173491105402,1.6453027700631537,-28.82650889459819,28.87342439433754,-1.5137821513933691,3.8147918078111616,True,0.0,16.133291506561516,0.0,0.0,0.0,16.133291506561516
2326.0864465234904,2472.522508305134,-23.913553476509605,-27.477491694865876,36.42623490995614,-2.286955944052339,1.4245449271302277,True,0.0,14.086406969870929,0.0,0.0,0.0,14.086406969870929
2324.698305255669,2473.8547608629374,-25.301694744331144,-26.145239137062617,36.38336551872992,-2.3397995615165303,1.6868726633856568,True,0.0,14.12666499893297,0.0,0.0,0.0,14.12666499893297
2355.041293718033,2504.742701552262,5.041293718033103,4.742701552262133,6.9215504307423545,0.7548892037224221,3.8837893093614184,True,0.0,19.321313243747262,0.0,0.0,0.0,19.321313243747262
2373.439297477158,2487.878521286177,23.439297477158107,-12.121478713822853,26.38808277295588,-0.4772681047415934,3.5347142726441234,True,0.0,16.62055013188495,0.0,0.0,0.0,16.62055013188495
2332.8583702123833,2469.1820041930046,-17.141629787616694,-30.81799580699544,35.264491167968046,-2.0784035181651617,1.4923746200061032,True,0.0,14.436841247778847,0.0,0.0,0.0,14.436841247778847
2365.3875851837042,2518.7763100556235,15.387585183704232,18.776310055623526,24.276070462302236,0.8842650064133751,4.084469553810777,True,0.0,17.13054318675044,0.0,0.0,0.0,17.13054318675044
2319.1090232238616,2491.0152064200697,-30.89097677613836,-8.984793579930283,32.17108891315114,-2.858546783363888,1.7971208915389525,True,0.0,15.29340110324634,0.0,0.0,0.0,15.29340110324634
2332.8039142493644,2528.580621064133,-17.196085750635575,28.580621064133084,33.35501859622896,2.1124424390752705,1.8862434494822082,True,0.0,14.985939814257135,0.0,0.0,0.0,14.985939814257135
2362.599154837177,2530.6964486844067,12.599154837177139,30.696448684406732,33.18148074522263,1.1813195620510124,1.4600435506617941,True,0.0,15.019558700221566,0.0,0.0,0.0,15.019558700221566
2348.4525528260892,2491.4044103075266,-1.5474471739107685,-8.595589692473368,8.73377094486676,-1.7489164259151628,3.9494884708183235,True,0.0,19.20157341784257,0.0,0.0,0.0,19.20157341784257
2348.403023160945,2510.781471388481,-1.5969768390550598,10.781471388480895,10.899103647782713,1.7178494344131212,3.62922164007432,True,0.0,19.020297077963722,0.0,0.0,0.0,19.020297077963722
2349.841622876917,2510.139732063256,-0.15837712308302798,10.139732063255906,10.14096887026757,1.5864145151609716,3.3588616939987332,True,0.0,19.091763023722137,0.0,0.0,0.0,19.091763023722137
2339.9273115129677,2504.565664397198,-10.072688487032337,4.5656643971979065,11.059129474991886,2.7160213322535736,3.6570652379277817,True,0.0,19.02501686400528,0.0,0.0,0.0,19.02501686400528
2339.091727277357,2476.903400357696,-10.908272722642778,-23.096599642304227,25.542970242875832,-2.0120305059011114,3.825873401422541,True,0.0,16.884244720658945,0.0,0.0,0.0,16.884244720658945
2340.655556959328,2476.483860977167,-9.344443040672104,-23.51613902283316,25.304691467820387,-1.9490273442525736,3.4164269144575883,True,0.0,16.915795152890308,0.0,0.0,0.0,16.915795152890308
2317.8687293852045,2491.1310472917003,-32.13127061479554,-8.86895270829973,33.33281976465958,-2.8722761083395483,1.2745094571937443,True,0.0,14.988073355514281,0.0,0.0,0.0,14.988073355514281
2317.5502931570395,2491.9627888834725,-32.449706842960495,-8.037211116527487,33.430229384880235,-2.8987967425380736,1.2665946460742816,True,0.0,14.967476037570998,0.0,0.0,0.0,14.967476037570998
2324.997842244133,2472.8080584397844,-25.002157755866847,-27.191941560215582,36.93926878355109,-2.3142644564137993,1.6397029903309885,True,0.0,13.943571828249672,0.0,0.0,0.0,13.943571828249672
2361.037535927338,2466.881146378368,11.037535927338013,-33.11885362163184,34.90967866592808,-1.249102350057682,1.1926139131928721,True,0.0,14.516370086972165,0.0,0.0,0.0,14.516370086972165
2340.826228832639,2467.2034827286657,-9.173771167360883,-32.796517271334324,34.05539050664421,-1.843543369395748,1.459030877058467,True,0.0,14.763741439630055,0.0,0.0,0.0,14.763741439630055
2354.2476180299823,2503.346221915885,4.247618029982277,3.346221915885053,5.4073524056584255,0.6672500299567503,3.3385877267492106,True,0.0,19.394731829743403,0.0,0.0,0.0,19.394731829743403
2346.4265462028766,2531.0023453855356,-3.5734537971234204,31.00234538553559,31.207611114024985,1.6855538826865335,2.5274373956544878,True,0.0,15.555018755154265,0.0,0.0,0.0,15.555018755154265
2347.709799689039,2516.2679441651785,-2.290200310961154,16.267944165178506,16.428360381538138,1.7106571397319805,7.207433195976591,True,0.0,18.42909559299526,0.0,0.0,0.0,18.42909559299526
2337.5373321349084,2481.9604983069707,-12.46266786509159,-18.03950169302925,21.925822941189498,-2.1753578494431625,6.724883032662547,True,0.0,17.61333007783047,0.0,0.0,0.0,17.61333007783047
2332.3230738930183,2470.1365704480863,-17.676926106981682,-29.86342955191367,34.702999023049884,-2.10525755570191,1.4935605926084463,True,0.0,14.607951799921402,0.0,0.0,0.0,14.607951799921402
2313.8452714316413,2501.7661033686295,-36.15472856835868,1.7661033686295013,36.19783859514786,3.092782976316158,2.035671493112204,True,0.0,14.173803593835464,0.0,0.0,0.0,14.173803593835464
2313.872594020522,2503.7749995347276,-36.127405979478226,3.7749995347276126,36.32409784555196,3.0374791774762255,1.6725852412268978,True,0.0,14.152138478879092,0.0,0.0,0.0,14.152138478879092
2347.689105230517,2500.7237997723832,-2.310894769483184,0.723799772383245,2.421594670073168,2.838059340836381,1.5717056193843746,True,0.0,19.4962557655018,0.0,0.0,0.0,19.4962557655018
2366.6605693847873,2476.6397352937297,16.660569384787323,-23.3602647062703,28.692795949024042,-0.9512653175586112,3.758227709010498,True,0.0,16.123836094234047,0.0,0.0,0.0,16.123836094234047
2351.4650224680754,2518.998832550202,1.4650224680754036,18.998832550202224,19.055233640724254,1.4938374378873442,7.35391397377316,True,0.0,18.091629283908617,0.0,0.0,0.0,18.091629283908617
2358.7609897376765,2525.86915293974,8.760989737676482,25.86915293974016,27.31241503425392,1.244254519184126,3.1831578443438957,True,0.0,16.518748528159573,0.0,0.0,0.0,16.518748528159573
2314.5464569241194,2498.3717009233415,-35.45354307588059,-1.62829907665855,35.49091538008519,-3.0956972226408697,1.299528937595369,True,0.0,14.392124780831722,0.0,0.0,0.0,14.392124780831722
2354.271502540567,2506.1319832499807,4.271502540566871,6.131983249980749,7.473081863067854,0.9623599499657947,3.8992046612183913,True,0.0,19.290414854429848,0.0,0.0,0.0,19.290414854429848
2339.29913126382,2533.0125469436007,-10.700868736179928,33.01254694360068,34.7035566968631,1.8842551713350497,1.5363778818364153,True,0.0,14.594701206595648,0.0,0.0,0.0,14.594701206595648
2314.95922304102,2503.5611261434474,-35.04077695898013,3.5611261434473818,35.221267286946635,3.0403123228172215,1.4611684979354322,True,0.0,14.477780084937447,0.0,0.0,0.0,14.477780084937447
2346.0389229061675,2529.558169699907,-3.9610770938325004,29.558169699907012,29.822399765139384,1.7040122076065718,3.005433395275759,True,0.0,15.897055815209491,0.0,0.0,0.0,15.897055815209491
2351.0750887202835,2498.7095602018076,1.0750887202834747,-1.2904397981924376,1.6795983535475671,-0.8761851018853213,1.4046718489853447,True,0.0,19.50602788546431,0.0,0.0,0.0,19.50602788546431
2380.381425754985,2479.8484610491496,30.381425754984775,-20.15153895085041,36.45703708467398,-0.585657679284412,1.4917160604954631,True,0.0,14.008365487064612,0.0,0.0,0.0,14.008365487064612
2381.318412150176,2481.5119704020317,31.318412150175845,-18.488029597968307,36.36825783597056,-0.5332748704909271,1.5561425066098309,True,0.0,14.02332175396947,0.0,0.0,0.0,14.02332175396947
2338.9925818019715,2507.577886982645,-11.007418198028518,7.577886982644941,13.363668153169211,2.5386709833859706,4.343922693757122,True,0.0,18.79456352878032,0.0,0.0,0.0,18.79456352878032
2340.003999591257,2508.829224796853,-9.99600040874293,8.829224796852941,13.336987466626475,2.4180946799389695,4.630224226847503,True,0.0,18.78778125948375,0.0,0.0,0.0,18.78778125948375
2348.252601877875,2466.687370252447,-1.7473981221251051,-33.31262974755282,33.35842773415359,-1.62320282048833,1.1198036414170929,True,0.0,14.92664470804103,0.0,0.0,0.0,14.92664470804103
2378.402918303697,2509.4414120260653,28.40291830369688,9.441412026065336,29.93102118559289,0.3209192594298977,4.1584339275566435,True,0.0,15.819513433567591,0.0,0.0,0.0,15.819513433567591
2339.2875628949064,2527.9826258305043,-10.712437105093613,27.982625830504276,29.96303818207679,1.9364091983294236,3.6647172456805492,True,0.0,15.853055510642301,0.0,0.0,0.0,15.853055510642301
2376.059837113956,2486.4433078543893,26.059837113955837,-13.556692145610668,29.375142762832184,-0.47968772936313736,3.785329277891833,True,0.0,15.925456444068033,0.0,0.0,0.0,15.925456444068033
2345.5459733006633,2531.8098503335136,-4.454026699336737,31.809850333513623,32.12016394850657,1.7099122369624513,1.6505929368031502,True,0.0,15.310494742969587,0.0,0.0,0.0,15.310494742969587
2349.1498606710084,2466.41450518802,-0.850139328991645,-33.58549481197997,33.59625274705844,-1.5961036159357889,1.1194393381638292,True,0.0,14.8655752712008,0.0,0.0,0.0,14.8655752712008
2362.2911921996847,2534.268649606414,12.291192199684701,34.268649606413874,36.40623231723876,1.2264172141616922,1.5981753692180973,True,0.0,14.070667365066404,0.0,0.0,0.0,14.070667365066404
2385.8860996266985,2491.2589284202563,35.886099626698524,-8.741071579743675,36.93532832911513,-0.23892554427919493,1.651309990932532,True,0.0,13.857201413437139,0.0,0.0,0.0,13.857201413437139
2379.988278172915,2509.7491865731704,29.988278172915216,9.749186573170391,31.53321212015403,0.3143222627574046,3.40150388112761,True,0.0,15.421848184640515,0.0,0.0,0.0,15.421848184640515
2318.8280516014024,2483.61452637197,-31.17194839859758,-16.385473628030013,35.21610587472296,-2.6576377686449137,1.6844073014117384,True,0.0,14.477179533117225,0.0,0.0,0.0,14.477179533117225
2363.618467505773,2532.545005004215,13.61846750577297,32.545005004215,35.27945589050621,1.174486377382626,1.5573543490013435,True,0.0,14.408326907250492,0.0,0.0,0.0,14.408326907250492
2368.2892112279837,2517.7106391936804,18.289211227983742,17.710639193680436,25.459025668523456,0.7693280347317353,3.8558815257865717,True,0.0,16.866247798706574,0.0,0.0,0.0,16.866247798706574
2327.369865966154,2483.877443336423,-22.630134033845934,-16.122556663577143,27.78596407829118,-2.5225680392467744,4.473232417371946,True,0.0,16.433493021427886,0.0,0.0,0.0,16.433493021427886
2331.2683367884124,2470.163488816257,-18.731663211587602,-29.836511183742914,35.22914427416539,-2.131413839956628,1.533116241289008,True,0.0,14.448262580608457,0.0,0.0,0.0,14.448262580608457
2315.730406841207,2506.1287638860013,-34.269593158793214,6.128763886001252,34.81331300005157,2.9646238248103898,1.25295220794942,True,0.0,14.609224495135592,0.0,0.0,0.0,14.609224495135592
2361.6307401239465,2498.729055037719,11.630740123946453,-1.2709449622811917,11.69997508236346,-0.10884278421232327,3.604358479043185,True,0.0,18.944817055955873,0.0,0.0,0.0,18.944817055955873
2352.519977945082,2499.8215146261787,2.5199779450817914,-0.17848537382133145,2.526290931853809,-0.07071006494436781,1.5116992457242304,True,0.0,19.490170737173074,0.0,0.0,0.0,19.490170737173074
2336.58385333104,2466.980290925771,-13.41614666896021,-33.01970907422901,35.64118655137303,-1.9567281216579182,1.4383248140404739,True,0.0,14.328474956144014,0.0,0.0,0.0,14.328474956144014
2341.9376905886925,2506.3137598104036,-8.062309411307524,6.313759810403553,10.24033182993232,2.477229164359117,3.4757962687681356,True,0.0,19.08698045058808,0.0,0.0,0.0,19.08698045058808
2316.8542285361514,2515.005706450466,-33.14577146384863,15.005706450465823,36.38424648128959,2.7164802590604658,1.5510503661807888,True,0.0,14.158510160161432,0.0,0.0,0.0,14.158510160161432
2380.2649823792985,2520.089219934331,30.264982379298544,20.08921993433114,36.325554586119935,0.585999871458992,1.680270447812802,True,0.0,14.072466523338477,0.0,0.0,0.0,14.072466523338477
2352.6218560769407,2527.1919457737386,2.6218560769407304,27.191945773738553,27.318053449141082,1.474673154989976,3.816268059325921,True,0.0,16.469879991473743,0.0,0.0,0.0,16.469879991473743
2349.337917421724,2464.7229659660375,-0.662082578276113,-35.277034033962536,35.28324649991562,-1.589562214439237,1.529645186119069,True,0.0,14.339620898543586,0.0,0.0,0.0,14.339620898543586
2359.0580793095623,2491.2471118525477,9.058079309562345,-8.752888147452268,12.596104624054686,-0.7682648269190727,3.967927432065153,True,0.0,18.84580512523861,0.0,0.0,0.0,18.84580512523861
2361.778949001408,2475.4285152913767,11.77894900140791,-24.571484708623302,27.24888071763457,-1.1237846548349584,3.7828275206773014,True,0.0,16.515081638385073,0.0,0.0,0.0,16.515081638385073
2352.546323039393,2466.376005921083,2.5463230393929734,-33.623994078916894,33.72027192713579,-1.4952112535286224,1.377590826755295,True,0.0,14.869411975516776,0.0,0.0,0.0,14.869411975516776
2313.235516318717,2502.8974439129793,-36.764483681282854,2.89744391297927,36.8784820943077,3.0629442667337337,1.8216099943547306,True,0.0,13.993511504401024,0.0,0.0,0.0,13.993511504401024
2380.3335411635367,2481.985869970739,30.333541163536665,-18.014130029261196,35.27935090433359,-0.5358987352356185,1.4642392438667002,True,0.0,14.365796130802085,0.0,0.0,0.0,14.365796130802085
2317.242820362136,2500.777603344774,-32.75717963786383,0.7776033447739792,32.766407871310584,3.1178587015288115,1.9743275065461603,True,0.0,15.156826479519559,0.0,0.0,0.0,15.156826479519559
2359.658898052734,2512.171750091462,9.658898052734003,12.171750091461945,15.53852669599382,0.9000004135589685,6.317290538087946,True,0.0,18.525698692520177,0.0,0.0,0.0,18.525698692520177
2331.7717027059684,2510.9712113387927,-18.228297294031563,10.971211338792727,21.275297894037877,2.599793406134393,5.687131967210917,True,0.0,17.70315481993293,0.0,0.0,0.0,17.70315481993293
2317.710525795488,2509.858069664735,-32.28947420451186,9.858069664735012,33.76080096678107,2.8452779544389317,1.2292772321193297,True,0.0,14.926212618194334,0.0,0.0,0.0,14.926212618194334
2351.404309226538,2499.744007690078,1.4043092265378618,-0.2559923099220214,1.4274510382071184,-0.18031072010828084,1.422377543217408,True,0.0,19.508991574355814,0.0,0.0,0.0,19.508991574355814
2343.337591971242,2465.6826684650064,-6.662408028757909,-34.31733153499363,34.9580738088403,-1.7625521334778256,1.8921075918589736,True,0.0,14.501462683033884,0.0,0.0,0.0,14.501462683033884
2344.294033257591,2466.253757722654,-5.705966742409146,-33.74624227734603,34.22523811906669,-1.7382965712735832,1.9961331218364649,True,0.0,14.678073726429556,0.0,0.0,0.0,14.678073726429556
2358.4370016708417,2515.8316120492086,8.43700167084171,15.831612049208616,17.93942410643199,1.0811599215018892,7.255392187391408,True,0.0,18.23993656606929,0.0,0.0,0.0,18.23993656606929
2376.684271972463,2475.25775472126,26.684271972463193,-24.74224527874003,36.389958396977015,-0.7476529603162172,1.4979016060597132,True,0.0,13.988684219875072,0.0,0.0,0.0,13.988684219875072
2381.3439904072443,2480.388306397684,31.34399040724429,-19.61169360231588,36.973832105971105,-0.5590969976727533,1.5359724086815731,True,0.0,13.830154377974438,0.0,0.0,0.0,13.830154377974438
2377.4182039836155,2519.7073414807464,27.418203983615513,19.707341480746436,33.76591799323541,0.6232115312972131,1.6271555696207542,True,0.0,14.824602695249263,0.0,0.0,0.0,14.824602695249263
2355.0783145813994,2495.9261475308463,5.078314581399354,-4.073852469153735,6.5104187982097805,-0.6760843828551122,3.07052497080349,True,0.0,19.335658153567888,0.0,0.0,0.0,19.335658153567888
2350.8895468135975,2463.502491610611,0.8895468135974625,-36.49750838938917,36.50834715742572,-1.546428341820132,1.2569094526620574,True,0.0,14.015526817076758,0.0,0.0,0.0,14.015526817076758
2356.0883645703325,2515.225134549741,6.088364570332487,15.225134549741142,16.397344455703834,1.1903856010760767,8.070510430089598,True,0.0,18.430861500165786,0.0,0.0,0.0,18.430861500165786
2335.575705250976,2468.6208708744675,-14.42429474902383,-31.379129125532472,34.535634114397794,-2.0016692557735936,1.5313321572511995,True,0.0,14.650630965434804,0.0,0.0,0.0,14.650630965434804
2315.4455756307902,2488.567831538888,-34.554424369209755,-11.432168461111814,36.39646575164513,-2.822083009437988,1.513837350614267,True,0.0,14.124646929880864,0.0,0.0,0.0,14.124646929880864
2315.974353380789,2486.8030652370226,-34.025646619210875,-13.196934762977435,36.49525606148967,-2.771601853207129,1.3171461813201404,True,0.0,14.10321559508791,0.0,0.0,0.0,14.10321559508791
2332.322662258119,2529.7159815652276,-17.67733774188082,29.715981565227594,34.576405684013345,2.107439996923152,1.8015541565650892,True,0.0,14.642945626558966,0.0,0.0,0.0,14.642945626558966
2366.9866887050257,2523.630555439387,16.9866887050257,23.63055543938708,29.10241817333044,0.947534859605064,3.2514063956455175,True,0.0,16.064920862379886,0.0,0.0,0.0,16.064920862379886
2313.636536677944,2499.8649047621634,-36.36346332205585,-0.1350952378365946,36.3637142698293,-3.137877533962538,1.4229554414682752,True,0.0,14.118763792057488,0.0,0.0,0.0,14.118763792057488
2313.55743359739,2498.1254568289087,-36.44256640260983,-1.874543171091318,36.490746198302276,-3.090199662020974,1.265064429728227,True,0.0,14.09995092878888,0.0,0.0,0.0,14.09995092878888
2356.4641549263138,2534.6704818195903,6.464154926313768,34.67048181959035,35.26794023633832,1.386467268769778,1.5164991060573811,True,0.0,14.385474818632517,0.0,0.0,0.0,14.385474818632517
2363.428700064099,2534.4132229909824,13.428700064098848,34.413222990982376,36.94049136162926,1.1987500128862443,1.6358475150907452,True,0.0,13.90144797658559,0.0,0.0,0.0,13.90144797658559
2364.242178871551,2466.4292351818126,14.242178871551005,-33.5707648181874,36.46691527243979,-1.1695666134058522,1.4332062371049687,True,0.0,14.035885982462023,0.0,0.0,0.0,14.035885982462023
2365.9489551721285,2467.2324111173134,15.948955172128535,-32.767588882686596,36.442887540195436,-1.1178212927717566,1.4728599960280917,True,0.0,14.040486667404386,0.0,0.0,0.0,14.040486667404386
2356.1438176312263,2491.976767668315,6.143817631226284,-8.023232331684994,10.105382334872955,-0.917289026254323,4.200573890722808,True,0.0,19.079311835198155,0.0,0.0,0.0,19.079311835198155
2355.4055477088973,2507.682660124041,5.405547708897302,7.682660124040922,9.39378585101307,0.9576558973822383,4.090750227041553,True,0.0,19.153395153621457,0.0,0.0,0.0,19.153395153621457
2369.2484989352893,2471.15184159074,19.248498935289263,-28.848158409260122,34.680267514360345,-0.9824004138629063,1.1664299956592004,True,0.0,14.501744484480643,0.0,0.0,0.0,14.501744484480643
2355.1692574125086,2502.0266178310017,5.169257412508614,2.0266178310016585,5.552333025828792,0.3736359517991313,3.149731461843203,True,0.0,19.389887821260366,0.0,0.0,0.0,19.389887821260366
2345.3270310357034,2515.9468974777815,-4.672968964296615,15.946897477781476,16.617466055573956,1.8558492872264516,7.229059329702068,True,0.0,18.380656128375456,0.0,0.0,0.0,18.380656128375456
2369.963410415851,2518.09735484172,19.96341041585083,18.097354841720062,26.945352246701656,0.7364090660771958,3.717238153231847,True,0.0,16.537217539417178,0.0,0.0,0.0,16.537217539417178
2369.36296367366,2469.134358000911,19.362963673660033,-30.865641999088893,36.43641335591908,-1.0105227840337212,1.4716508551400693,True,0.0,14.03110501688423,0.0,0.0,0.0,14.03110501688423
2367.6651260888316,2468.1831193688854,17.665126088831585,-31.8168806311146,36.39190257226068,-1.0639600968629037,1.6735063461815116,True,0.0,14.058599014263741,0.0,0.0,0.0,14.058599014263741
2331.2247457641456,2529.7539104228217,-18.77525423585439,29.75391042282172,35.18245808738024,2.133711521240448,1.6922281000970543,True,0.0,14.477146342846915,0.0,0.0,0.0,14.477146342846915
2321.777510656293,2478.984545799153,-28.22248934370691,-21.015454200847216,35.18747248700249,-2.501533976895902,1.6378611235722929,True,0.0,14.528417626492658,0.0,0.0,0.0,14.528417626492658
2351.691190844544,2529.896287010837,1.691190844544053,29.896287010837113,29.94408294650243,1.5142879597329633,3.3000117166589007,True,0.0,15.852839009429406,0.0,0.0,0.0,15.852839009429406
2321.37414865101,2497.4593330292932,-28.62585134899018,-2.540666970706752,28.738377722316255,-3.053070321937006,3.244809577734486,True,0.0,16.18715025408187,0.0,0.0,0.0,16.18715025408187
2316.131049715737,2510.6701183307796,-33.868950284263065,10.670118330779587,35.509959427613005,2.8363942520245717,1.427316337085358,True,0.0,14.4368042051397,0.0,0.0,0.0,14.4368042051397
2315.755611918901,2509.5639076709904,-34.244388081098805,9.563907670990375,35.55483715316568,2.8692480748917144,1.3643904779937657,True,0.0,14.41083009024262,0.0,0.0,0.0,14.41083009024262
2385.088491447193,2490.485932236896,35.088491447193064,-9.514067763103867,36.35546337815918,-0.264778694488396,1.6346696591378986,True,0.0,14.032317640514714,0.0,0.0,0.0,14.032317640514714
2364.1026548711284,2533.5345805134707,14.10265487112838,33.5345805134707,36.37929307488822,1.1727088291121168,1.6165624938103065,True,0.0,14.079366535567338,0.0,0.0,0.0,14.079366535567338
2324.9804080217723,2527.253917616555,-25.01959197822771,27.2539176165551,36.99670266668326,2.313477510427753,1.4679080568594145,True,0.0,13.984597719006949,0.0,0.0,0.0,13.984597719006949
2385.594705491511,2492.3319050112736,35.59470549151092,-7.668094988726352,36.4112996167883,-0.21218518092905758,1.5071031996110378,True,0.0,14.023550124740476,0.0,0.0,0.0,14.023550124740476
2328.345053180083,2520.376816898391,-21.65494681991686,20.376816898391098,29.734683261874245,2.3865937899168954,3.3469311248336453,True,0.0,15.97735294811304,0.0,0.0,0.0,15.97735294811304
2319.3244925150907,2512.341696714578,-30.675507484909303,12.34169671457812,33.06515140221431,2.759078715800739,1.236029095694903,True,0.0,15.099390997759762,0.0,0.0,0.0,15.099390997759762
2385.9762337984444,2494.207593580797,35.976233798444355,-5.792406419202962,36.4395577696211,-0.15963645562217707,1.515689689442297,True,0.0,14.022027310962745,0.0,0.0,0.0,14.022027310962745
2323.4142954327685,2525.7336904291174,-26.58570456723146,25.73369042911736,37.00030419385438,2.3724779130612923,1.457182810321683,True,0.0,14.001682680586313,0.0,0.0,0.0,14.001682680586313
2362.046084222438,2511.575850485114,12.046084222437912,11.575850485114188,16.706539424662008,0.7654941358926807,6.826020842163416,True,0.0,18.366796148216743,0.0,0.0,0.0,18.366796148216743
2338.233628107604,2529.119056711259,-11.76637189239591,29.119056711258963,31.406479765546475,1.9548133201522502,3.1111611453779915,True,0.0,15.513723003213729,0.0,0.0,0.0,15.513723003213729
2319.3962953036275,2481.5900755439557,-30.60370469637246,-18.409924456044337,35.71431169181382,-2.600027847016943,1.2696069932082992,True,0.0,14.362856841145641,0.0,0.0,0.0,14.362856841145641
2318.942207112351,2513.278813857236,-31.057792887649157,13.278813857235946,33.77740955886392,2.737562633564748,1.1307384000774618,True,0.0,14.913749864209382,0.0,0.0,0.0,14.913749864209382
2349.7656357480387,2485.0081719043083,-0.23436425196132404,-14.991828095691744,14.99365986853676,-1.586427853624425,5.485620581612238,True,0.0,18.58506955400727,0.0,0.0,0.0,18.58506955400727
2342.4806712252152,2487.976813267026,-7.5193287747847535,-12.023186732973954,14.180878831696818,-2.1296848925046397,4.108923487043285,True,0.0,18.694966342160697,0.0,0.0,0.0,18.694966342160697
2359.811551269637,2514.4236563069344,9.81155126963722,14.42365630693439,17.44443749672909,0.9734554166552928,6.253785526115742,True,0.0,18.28573025665096,0.0,0.0,0.0,18.28573025665096
2363.515519433045,2528.5892680100183,13.515519433045029,28.58926801001826,31.623021849495522,1.129187018686307,2.140171946204646,True,0.0,15.46787955016505,0.0,0.0,0.0,15.46787955016505
2329.318238596598,2499.907092485612,-20.681761403402106,-0.0929075143881164,20.681970083951935,-3.1371004400100233,6.455769319860337,True,0.0,17.840117200712456,0.0,0.0,0.0,17.840117200712456
2355.6566072507876,2529.8412373510596,5.6566072507876015,29.84123735105959,30.372629985431566,1.3834622444363571,2.828882451530717,True,0.0,15.741900625434294,0.0,0.0,0.0,15.741900625434294
2371.5481156125807,2500.2028238694497,21.54811561258066,0.2028238694497304,21.549070141775513,0.009412325585465692,7.296935397930611,True,0.0,17.61601858653813,0.0,0.0,0.0,17.61601858653813
2330.7467146521053,2471.210908257192,-19.25328534789469,-28.78909174280807,34.633810071421195,-2.160253778061363,1.7137175633133666,True,0.0,14.623479462374119,0.0,0.0,0.0,14.623479462374119
2321.9367148152382,2480.0752892817013,-28.063285184761753,-19.924710718298684,34.41717699883526,-2.5241920156590303,1.6422021698203935,True,0.0,14.743922399367927,0.0,0.0,0.0,14.743922399367927
2338.6543241841277,2499.8237313300174,-11.345675815872255,-0.17626866998261903,11.347045005766303,-3.1260577050592944,3.417460607694693,True,0.0,19.027150071222188,0.0,0.0,0.0,19.027150071222188
2370.0071374325244,2503.8344464135293,20.00713743252436,3.8344464135293492,20.371267205113814,0.1893577596081204,7.340048006435609,True,0.0,17.81812912422087,0.0,0.0,0.0,17.81812912422087
2368.9754224503426,2507.1901348441875,18.97542245034265,7.190134844187469,20.291986010407324,0.3622014604083634,5.332061142983548,True,0.0,17.783300278557643,0.0,0.0,0.0,17.783300278557643
2349.8488907555793,2537.021066749781,-0.15110924442069518,37.02106674978086,37.02137514052496,1.5748780137509368,1.3945136882648512,True,0.0,13.904830331010869,0.0,0.0,0.0,13.904830331010869
2352.1229118580864,2536.9612965094248,2.122911858086354,36.961296509424756,37.0222121761358,1.513423284141455,1.3920269776597536,True,0.0,13.907773719777651,0.0,0.0,0.0,13.907773719777651
2345.0173620658047,2502.284047744418,-4.982637934195282,2.284047744417876,5.4812001315462116,2.7117742020692814,1.7417235169850755,True,0.0,19.40046620602031,0.0,0.0,0.0,19.40046620602031
2318.4933445853,2481.35899819497,-31.506655414700163,-18.6410018050301,36.6081450460931,-2.6073333870215643,1.168296868159814,True,0.0,14.106328282329704,0.0,0.0,0.0,14.106328282329704
2337.4996492169666,2465.542543091525,-12.500350783033355,-34.457456908474796,36.65481013862001,-1.9188075551825583,1.0877342716416933,True,0.0,14.02661066038281,0.0,0.0,0.0,14.02661066038281
2315.354922813723,2511.3439187398794,-34.64507718627692,11.343918739879427,36.454984098475116,2.8251623603012415,1.4101070029003324,True,0.0,14.148111881346791,0.0,0.0,0.0,14.148111881346791
2314.7873567625606,2509.60053123266,-35.21264323743935,9.60053123266016,36.497951226287576,2.875417708541781,1.353469882625177,True,0.0,14.142583545977597,0.0,0.0,0.0,14.142583545977597
2381.4815951925843,2514.790752070207,31.481595192584336,14.790752070206963,34.78300134652099,0.43921524072952656,0.9113405909074572,True,0.0,14.497257504861974,0.0,0.0,0.0,14.497257504861974
2319.7510720141713,2513.8849775842596,-30.248927985828686,13.884977584259559,33.28348309307847,2.7112599306835694,1.237484507890258,True,0.0,15.028530372318672,0.0,0.0,0.0,15.028530372318672
2318.791426274816,2511.5658809231486,-31.208573725184124,11.565880923148598,33.282798492445096,2.786685551485288,1.4801237832371044,True,0.0,15.045215961768331,0.0,0.0,0.0,15.045215961768331
2381.7801097411852,2496.564536046008,31.780109741185242,-3.4354639539919845,31.965259075142118,-0.10768291670883351,1.5936597667200658,True,0.0,15.238188877517167,0.0,0.0,0.0,15.238188877517167
2345.6137974176368,2467.81664086512,-4.386202582363239,-32.18335913487999,32.48087711713145,-1.7062496908781146,1.4154047333800008,True,0.0,15.164622530362553,0.0,0.0,0.0,15.164622530362553
2326.684907142688,2525.1486774745604,-23.31509285731181,25.148677474560373,34.29357860685485,2.318378396275639,1.3322105514139366,True,0.0,14.707111232141468,0.0,0.0,0.0,14.707111232141468
2322.3215535578915,2503.193682053286,-27.678446442108452,3.193682053286011,27.862088983171148,3.02671550778898,2.8947581702541356,True,0.0,16.374756783173744,0.0,0.0,0.0,16.374756783173744
2362.357663843963,2494.183061698247,12.35766384396311,-5.816938301752998,13.658280524531417,-0.4399463970736878,3.899252627322312,True,0.0,18.729608359840228,0.0,0.0,0.0,18.729608359840228
2382.176891286748,2514.305644963934,32.17689128674783,14.3056449639339,35.21368783176956,0.4183490057837794,1.1768242996804474,True,0.0,14.369178433982372,0.0,0.0,0.0,14.369178433982372
2334.5466490630192,2468.2994158980146,-15.453350936980769,-31.70058410198544,35.26660017053723,-2.0243765938584293,1.5594369437901605,True,0.0,14.43237014433509,0.0,0.0,0.0,14.43237014433509
2316.468246061381,2488.629551807627,-33.531753938619204,-11.370448192372805,35.40714072465522,-2.814665644173089,1.4370386568671165,True,0.0,14.404244534827935,0.0,0.0,0.0,14.404244534827935
2339.5341257024756,2466.0523082415125,-10.465874297524351,-33.94769175848751,35.524362070850216,-1.8698449435681428,1.452071665919675,True,0.0,14.327622869258569,0.0,0.0,0.0,14.327622869258569
2383.9292372268624,2496.8544575864853,33.92923722686237,-3.145542413514704,34.0747351548317,-0.0924446566875333,1.1430251470437724,True,0.0,14.715907177518131,0.0,0.0,0.0,14.715907177518131
2367.6950737551856,2471.1614555347387,17.695073755185604,-28.838544465261293,33.83455751264247,-1.0204432734632554,1.3248775517295144,True,0.0,14.768336962410357,0.0,0.0,0.0,14.768336962410357
2337.596955630596,2466.4441004213363,-12.403044369404142,-33.555899578663684,35.77476633274869,-1.9248449189914505,1.2474534615303128,True,0.0,14.27310008654387,0.0,0.0,0.0,14.27310008654387
2382.921529260923,2493.5445792446176,32.92152926092285,-6.45542075538242,33.548465628204546,-0.19362839697466097,1.668876524464622,True,0.0,14.842765033429087,0.0,0.0,0.0,14.842765033429087
2316.231360678225,2507.7301947009278,-33.76863932177503,7.730194700927768,34.6421262592004,2.9165536846266886,1.3875023834252715,True,0.0,14.658592911232347,0.0,0.0,0.0,14.658592911232347
2375.51217936756,2473.914161909487,25.51217936755984,-26.08583809051288,36.48756288061726,-0.7965155496264257,1.244531625629861,True,0.0,13.966399850460569,0.0,0.0,0.0,13.966399850460569
2359.2071513327505,2466.4986740100708,9.207151332750527,-33.50132598992923,34.74349548833101,-1.3025886724354185,1.5331525071051146,True,0.0,14.577952770978396,0.0,0.0,0.0,14.577952770978396
2356.9132402087967,2476.37788175571,6.913240208796651,-23.62211824429005,24.612951073200133,-1.2860873538988418,3.080014296626814,True,0.0,17.04766633713906,0.0,0.0,0.0,17.04766633713906
2366.857200551373,2510.5511706924585,16.857200551372898,10.551170692458527,19.886991059750656,0.5592568522091119,5.162706294338932,True,0.0,17.88076327425224,0.0,0.0,0.0,17.88076327425224
2360.9950407365172,2467.8853830897833,10.99504073651724,-32.11461691021668,33.94465407229316,-1.2409360723279679,1.282494408470484,True,0.0,14.792407876971652,0.0,0.0,0.0,14.792407876971652
2330.403150135227,2508.1766373094147,-19.59684986477305,8.176637309414673,21.234262933103363,2.746311040711565,3.7555147639941424,True,0.0,17.740966001049063,0.0,0.0,0.0,17.740966001049063
2319.560801823852,2479.8866371275535,-30.439198176147784,-20.113362872446487,36.48413561598393,-2.5576822429167856,1.3687201446539348,True,0.0,14.135182633697873,0.0,0.0,0.0,14.135182633697873
2378.335423281426,2478.9266510648367,28.335423281425847,-21.073348935163267,35.312635810439254,-0.6394635963046936,1.6451842134506478,True,0.0,14.339253635334064,0.0,0.0,0.0,14.339253635334064
2377.854263932037,2516.776509149908,27.854263932037156,16.77650914990818,32.51632326159492,0.5421059571359519,1.5888785581120146,True,0.0,15.140127236726345,0.0,0.0,0.0,15.140127236726345
2349.0139821006755,2535.417895422895,-0.9860178993244517,35.41789542289507,35.43161790667934,1.5986286774052796,1.1907023328858486,True,0.0,14.357023222584843,0.0,0.0,0.0,14.357023222584843
2339.935104082902,2533.9059535799156,-10.064895917098056,33.905953579915604,35.368288310086605,1.8593583714907855,1.270966494731283,True,0.0,14.399012770020281,0.0,0.0,0.0,14.399012770020281
2360.02677578552,2533.9250544052898,10.02677578551993,33.92505440528976,35.375776303212895,1.283420959317067,1.299525492875091,True,0.0,14.363790312809952,0.0,0.0,0.0,14.363790312809952
2377.9162864458617,2480.635327849079,27.916286445861715,-19.364672150920796,33.975131735433344,-0.6064645547774368,1.348917716145479,True,0.0,14.743517805383709,0.0,0.0,0.0,14.743517805383709
2378.5579869396142,2479.8967498902125,28.55798693961424,-20.103250109787496,34.9241933767961,-0.6133686643038445,1.346532385782325,True,0.0,14.474522961026043,0.0,0.0,0.0,14.474522961026043
2384.59117400651,2492.568315734057,34.591174006509846,-7.431684265943204,35.38049250897039,-0.2116264419428676,1.3456582392905148,True,0.0,14.336422061210957,0.0,0.0,0.0,14.336422061210957
2374.127328449997,2476.8110155235922,24.127328449997094,-23.188984476407768,33.46426421096271,-0.7655694630232236,1.664197826196414,True,0.0,14.836698825351085,0.0,0.0,0.0,14.836698825351085
2375.606845995477,2505.97313443977,25.606845995477215,5.973134439770092,26.294274982810517,0.22916540534757338,3.440695525309593,True,0.0,16.614493758157753,0.0,0.0,0.0,16.614493758157753
2357.0163626618605,2507.602374650749,7.016362661860512,7.6023746507489705,10.345310306274088,0.8254630737860797,3.427959721922889,True,0.0,19.08468223635744,0.0,0.0,0.0,19.08468223635744
2357.6424104803527,2506.1334749795074,7.642410480352737,6.133474979507355,9.7992833041222,0.6762985390640753,3.00583109177569,True,0.0,19.123437922095746,0.0,0.0,0.0,19.123437922095746
2373.8986281101747,2505.3497649884616,23.89862811017474,5.349764988461629,24.490088014954217,0.22022186127570612,3.391322324324392,True,0.0,17.040083230707285,0.0,0.0,0.0,17.040083230707285
2356.7823229124083,2502.005541408644,6.78232291240829,2.0055414086441488,7.0726303756074245,0.2875083422205108,3.5333036098609227,True,0.0,19.310003358374463,0.0,0.0,0.0,19.310003358374463
2344.010354034918,2517.937518924478,-5.989645965082218,17.9375189244779,18.911119584864046,1.8930722626396992,8.287078743858729,True,0.0,18.065583157615038,0.0,0.0,0.0,18.065583157615038
2347.8920279296976,2508.1546503692966,-2.1079720703023668,8.154650369296633,8.42269962035003,1.823758271710091,2.854389882747455,True,0.0,19.215967911986446,0.0,0.0,0.0,19.215967911986446
2334.492381593293,2470.175789190442,-15.507618406707024,-29.824210809557826,33.6150231155801,-2.0502899850817267,1.6255442626802505,True,0.0,14.920100051649671,0.0,0.0,0.0,14.920100051649671
2368.3907638568867,2471.8561388086146,18.39076385688668,-28.14386119138544,33.61989170118995,-0.9919956925441016,1.3523280536170184,True,0.0,14.818209891846502,0.0,0.0,0.0,14.818209891846502
2358.3229441923486,2465.7516653041444,8.322944192348587,-34.24833469585565,35.24513908992698,-1.332400161452719,1.5191477113557994,True,0.0,14.403501308528181,0.0,0.0,0.0,14.403501308528181
2383.639285388324,2495.7320834681354,33.63928538832397,-4.267916531864557,33.908946208339614,-0.1261987367366667,1.2153717021456032,True,0.0,14.742426253461392,0.0,0.0,0.0,14.742426253461392
2361.829007554247,2533.319807299589,11.8290075542468,33.319807299588774,35.35724788781159,1.2296614414654454,1.4717242247561444,True,0.0,14.374812531393271,0.0,0.0,0.0,14.374812531393271
2337.9213982703777,2475.3203387658646,-12.078601729622278,-24.679661234135438,27.476868423721832,-2.025940308949804,3.6727155705784753,True,0.0,16.449063230721162,0.0,0.0,0.0,16.449063230721162
2350.458754857175,2536.3779705158668,0.4587548571748812,36.377970515866764,36.38086303088827,1.5581862077009803,1.2836685403808588,True,0.0,14.090647961088708,0.0,0.0,0.0,14.090647961088708
2351.402693122296,2536.35362032667,1.4026931222961139,36.3536203266699,36.38067150082587,1.532230769054206,1.454123384038212,True,0.0,14.110991754308094,0.0,0.0,0.0,14.110991754308094
2385.2924588301544,2498.047625366649,35.292458830154374,-1.9523746333511554,35.34642014387163,-0.0552635530815863,1.475118564731929,True,0.0,14.33342905820071,0.0,0.0,0.0,14.33342905820071
2333.7129496349453,2506.8918232489173,-16.28705036505471,6.891823248917262,17.685169981884407,2.741292208755607,5.899989748031658,True,0.0,18.291688438870136,0.0,0.0,0.0,18.291688438870136
2320.110750513288,2480.681892789319,-29.889249486711833,-19.318107210680864,35.588713113601955,-2.567806714919658,1.3614431693476945,True,0.0,14.404332504266673,0.0,0.0,0.0,14.404332504266673
2323.0416879946038,2500.8379475800198,-26.958312005396238,0.8379475800197724,26.971331860461618,3.1105195703480697,2.9916590475822886,True,0.0,16.583054979719194,0.0,0.0,0.0,16.583054979719194
2338.140728219076,2484.092198521173,-11.859271780923791,-15.907801478826968,19.84188688264261,-2.211411442820119,6.783654152547115,True,0.0,17.946222418590843,0.0,0.0,0.0,17.946222418590843
2383.9437976948743,2509.2929127864727,33.94379769487432,9.292912786472698,35.19289175398269,0.267225599825609,1.5216976423153028,True,0.0,14.337404857392999,0.0,0.0,0.0,14.337404857392999
2338.263102997349,2472.677884191474,-11.736897002650949,-27.322115808526178,29.736387869163817,-1.976535622063078,3.4729164739110274,True,0.0,15.932766793726332,0.0,0.0,0.0,15.932766793726332
2360.592401321134,2490.0478199182867,10.59240132113382,-9.952180081713323,14.534264829251216,-0.7542457097574408,4.049954281217083,True,0.0,18.623978203399204,0.0,0.0,0.0,18.623978203399204
2318.019003957828,2513.555543517787,-31.980996042172137,13.5555435177871,34.73523956894568,2.7406859108315187,1.3789355631161015,True,0.0,14.64585620275237,0.0,0.0,0.0,14.64585620275237
2336.927131452326,2498.9785207337973,-13.072868547673806,-1.021479266202732,13.112715659086074,-3.0636137476571577,4.3256745069938916,True,0.0,18.853848831217658,0.0,0.0,0.0,18.853848831217658
2369.7719247811397,2522.8142510871176,19.77192478113966,22.814251087117555,30.18971782274702,0.8567162955642271,3.9522002150270055,True,0.0,15.785876547117578,0.0,0.0,0.0,15.785876547117578
2335.1861561823,2488.861642063994,-14.813843817700217,-11.138357936005832,18.534103327806257,-2.4968840375744255,6.424857705649515,True,0.0,18.18163890942364,0.0,0.0,0.0,18.18163890942364
2384.5368411575505,2502.9558415187817,34.5368411575505,2.9558415187816536,34.66309847988243,0.08537712103277498,1.6925819282464545,True,0.0,14.552165312279664,0.0,0.0,0.0,14.552165312279664
2369.994008483978,2477.3458690515795,19.994008483978178,-22.654130948420516,30.21539382972818,-0.847691168747756,3.2656538601795546,True,0.0,15.733793435488245,0.0,0.0,0.0,15.733793435488245
2329.0580416722805,2526.309492758781,-20.941958327719476,26.309492758780834,33.62670111420804,2.2430842229776,1.170107393124681,True,0.0,14.868072778217247,0.0,0.0,0.0,14.868072778217247
2343.7490220786362,2502.3107782256448,-6.250977921363756,2.3107782256447535,6.664414526535024,2.787505953606406,2.8228492076391376,True,0.0,19.342049102171664,0.0,0.0,0.0,19.342049102171664
2346.3134368687893,2534.6231661237807,-3.6865631312107325,34.62316612378072,34.818879651064584,1.6768734322731276,1.4330799329914043,True,0.0,14.556321261305683,0.0,0.0,0.0,14.556321261305683
2346.796500464954,2491.0835768639768,-3.203499535045921,-8.91642313602324,9.47443986796317,-1.9157150657724116,3.9323184265758755,True,0.0,19.1525597263007,0.0,0.0,0.0,19.1525597263007
2339.7889284679945,2510.691021974597,-10.211071532005462,10.691021974596879,14.78390789652877,2.3332366884545546,6.779711182444771,True,0.0,18.628948960487467,0.0,0.0,0.0,18.628948960487467
2335.866730550469,2466.321087205967,-14.133269449530871,-33.67891279403284,36.52421761408602,-1.9681245844336954,1.3239602538087638,True,0.0,14.062476718812501,0.0,0.0,0.0,14.062476718812501
2353.2100273750516,2465.450910374621,3.2100273750515953,-34.54908962537911,34.6978943120625,-1.478150241360952,1.394782915709584,True,0.0,14.538805894339133,0.0,0.0,0.0,14.538805894339133
2376.530086279957,2474.1506380509236,26.530086279956777,-25.84936194907641,37.04099068864534,-0.7724028754784853,1.3348508612575642,True,0.0,13.802278627784018,0.0,0.0,0.0,13.802278627784018
2315.425894965496,2507.2864731502227,-34.5741050345041,7.286473150222719,35.33357369281854,2.933882785461869,1.4076261063792117,True,0.0,14.474700722082089,0.0,0.0,0.0,14.474700722082089
2358.6344604821993,2523.092261865968,8.634460482199302,23.092261865967885,24.65373127753882,1.2129803672615975,3.6757099632877726,True,0.0,17.087524557271077,0.0,0.0,0.0,17.087524557271077
2319.574924154654,2514.730315664967,-30.425075845345873,14.730315664966838,33.80336432641899,2.690704851551314,1.3475073450588866,True,0.0,14.901194906274915,0.0,0.0,0.0,14.901194906274915
2331.128542538281,2515.6205274886365,-18.87145746171882,15.620527488636526,24.497607755711826,2.450168627505383,3.873876297330753,True,0.0,17.12230888706992,0.0,0.0,0.0,17.12230888706992
2344.058403815098,2487.5346428970706,-5.94159618490221,-12.465357102929374,13.808971465246653,-2.015588989863332,3.849477666130042,True,0.0,18.736197263544824,0.0,0.0,0.0,18.736197263544824
2348.8459688373973,2500.9929933172725,-1.1540311626026778,0.9929933172725214,1.5224400324498744,2.43105943693868,1.586954206621158,True,0.0,19.509540987991087,0.0,0.0,0.0,19.509540987991087
2352.507975817691,2464.7074642152943,2.5079758176912037,-35.292535784705706,35.381535082820484,-1.499853084850322,1.3761768722500847,True,0.0,14.348319644994863,0.0,0.0,0.0,14.348319644994863
2345.6148867405827,2492.326542119925,-4.385113259417267,-7.673457880075148,8.838052621205902,-2.0899699661979407,3.8798997581407093,True,0.0,19.20595577703415,0.0,0.0,0.0,19.20595577703415
2350.0,2462.9717972554395,0.0,-37.02820274456053,37.02820274456053,-1.5707963267948966,1.3731427492871262,True,0.0,13.854776497527267,0.0,0.0,0.0,13.854776497527267
2367.7001049342484,2475.434000661345,17.70010493424843,-24.56599933865482,30.27840877903254,-0.9464359544754078,3.1611289772818054,True,0.0,15.730393432536891,0.0,0.0,0.0,15.730393432536891
2318.439313323284,2492.752318129764,-31.56068667671616,-7.2476818702361925,32.38218392879021,-2.9158636234435327,1.5818332568087499,True,0.0,15.215043646319659,0.0,0.0,0.0,15.215043646319659
2356.7191150645194,2528.650445999692,6.719115064519428,28.650445999691783,29.427785564522296,1.340438881770381,3.376908697707222,True,0.0,15.99519921188117,0.0,0.0,0.0,15.99519921188117
2315.148826365408,2487.448411380149,-34.851173634592215,-12.551588619850918,37.04249830384644,-2.7959058526687697,1.3303401093107823,True,0.0,13.935575120031377,0.0,0.0,0.0,13.935575120031377
2331.5111191590345,2491.324356998736,-18.48888084096552,-8.67564300126378,20.423160779781348,-2.702857961508968,6.479339760253794,True,0.0,17.888429594900153,0.0,0.0,0.0,17.888429594900153
2351.7613523840205,2492.0162660695855,1.7613523840204834,-7.983733930414473,8.175718298250374,-1.3536569903500693,3.3762695879468083,True,0.0,19.23028316658797,0.0,0.0,0.0,19.23028316658797
2341.787770665904,2500.6645401604187,-8.21222933409581,0.66454016041871,8.239073021923828,3.060847791598133,2.990146249357167,True,0.0,19.25748930339901,0.0,0.0,0.0,19.25748930339901
2361.8909913756797,2486.598309471327,11.890991375679732,-13.401690528673043,17.916500353663224,-0.8450559929639611,7.081979733327898,True,0.0,18.170087362709953,0.0,0.0,0.0,18.170087362709953
2363.4495426001877,2526.0644659781024,13.44954260018767,26.064465978102362,29.329960499085544,1.0944223747497328,3.114049752205119,True,0.0,16.03286044436849,0.0,0.0,0.0,16.03286044436849
2344.276127268458,2483.817828356956,-5.723872731542087,-16.182171643044057,17.164655491207224,-1.9107766559538057,6.534238486057802,True,0.0,18.315117439111724,0.0,0.0,0.0,18.315117439111724
2332.267462167839,2502.788027347191,-17.732537832161142,2.7880273471910186,17.950375886251273,2.985642689165736,6.913273808220765,True,0.0,18.245436385267897,0.0,0.0,0.0,18.245436385267897
2358.239821122684,2519.752219399856,8.239821122684134,19.75221939985613,21.401981762301464,1.1755855605637187,6.988284524564278,True,0.0,17.707095022607373,0.0,0.0,0.0,17.707095022607373
2356.5649785648634,2496.2025260654846,6.564978564863395,-3.7974739345154376,7.584177730013979,-0.5244188533953217,3.179919820894156,True,0.0,19.271507889066942,0.0,0.0,0.0,19.271507889066942
2336.346336189207,2530.86066763158,-13.653663810793205,30.860667631579872,33.74616040566698,1.987336655344962,1.4867051116441417,True,0.0,14.877579502528919,0.0,0.0,0.0,14.877579502528919
2362.4823280533055,2532.4748051749016,12.482328053305537,32.474805174901576,34.791112152073445,1.2038366171675776,1.5829445732515524,True,0.0,14.554916896938414,0.0,0.0,0.0,14.554916896938414
2369.9294842457625,2527.250276785344,19.929484245762524,27.250276785343885,33.760360293988995,0.9393385877930064,1.3641065109638362,True,0.0,14.809651994961436,0.0,0.0,0.0,14.809651994961436
2366.502950391986,2522.070235593504,16.502950391985905,22.070235593504094,27.557987422762256,0.9287387579713302,3.8478843915072503,True,0.0,16.429434783366734,0.0,0.0,0.0,16.429434783366734
2365.5901849711904,2509.2450773814135,15.59018497119041,9.245077381413466,18.12526753524632,0.535261178815423,6.505798870817671,True,0.0,18.14093269549276,0.0,0.0,0.0,18.14093269549276
2317.8135847187436,2514.5834750242343,-32.18641528125636,14.583475024234303,35.336143995064866,2.7161686486867653,1.3685678215738335,True,0.0,14.466691241561229,0.0,0.0,0.0,14.466691241561229
2330.7438573154154,2528.7664109551024,-19.256142684584574,28.7664109551024,34.616548503958555,2.160686623618131,1.4525695663260194,True,0.0,14.60069277217664,0.0,0.0,0.0,14.60069277217664
2363.3189606675837,2513.372571053637,13.318960667583724,13.372571053636875,18.8738011499859,0.7874066773532105,5.897937027742046,True,0.0,18.074256154276544,0.0,0.0,0.0,18.074256154276544
2334.0388838455797,2471.0009046534274,-15.961116154420324,-28.99909534657263,33.10143138618793,-2.073946960106903,1.5119125989599524,True,0.0,15.065428012553712,0.0,0.0,0.0,15.065428012553712
2349.2724602795192,2533.2786998985575,-0.7275397204807632,33.278699898557534,33.28665169378156,1.5926548683602213,1.4191403185932359,True,0.0,15.002995890771732,0.0,0.0,0.0,15.002995890771732
2312.9736828716873,2499.0022995503937,-37.02631712831271,-0.9977004496063273,37.039756563367526,-3.1146534610136105,1.3385467944090124,True,0.0,13.932441962748257,0.0,0.0,0.0,13.932441962748257
2365.3237020716447,2466.271025450885,15.323702071644675,-33.72897454911481,37.04672143814297,-1.1443568206154342,1.3176945866021015,True,0.0,13.847421434730265,0.0,0.0,0.0,13.847421434730265
2370.741190880925,2527.935921483401,20.741190880924933,27.935921483401216,34.79386020960769,0.9321409248044846,1.304185595375202,True,0.0,14.515060297306569,0.0,0.0,0.0,14.515060297306569
2370.85831342876,2489.2984151032438,20.858313428760084,-10.70158489675623,23.44340330231245,-0.47404164429913326,3.7827504312908786,True,0.0,17.196165499074013,0.0,0.0,0.0,17.196165499074013
2342.714350351696,2533.9697788005406,-7.2856496483041155,33.96977880054055,34.74228781406729,1.7820701034540385,1.489533142896562,True,0.0,14.564467705377066,0.0,0.0,0.0,14.564467705377066
2335.6734265782416,2531.711739505224,-14.32657342175844,31.71173950522416,34.79777476299641,1.9951254239162928,1.391507896954863,True,0.0,14.585629018228396,0.0,0.0,0.0,14.585629018228396
2373.0492446278217,2524.5868610113907,23.049244627821736,24.586861011390738,33.70135623838624,0.8176653415279911,1.5381407838904124,True,0.0,14.83225467980598,0.0,0.0,0.0,14.83225467980598
2326.8139481707244,2473.10314460247,-23.186051829275584,-26.89685539753009,35.51103813894346,-2.282236416976022,1.0184694670583667,True,0.0,14.352848256566622,0.0,0.0,0.0,14.352848256566622
2376.2936169510444,2481.547190282557,26.29361695104444,-18.45280971744296,32.12258518295825,-0.6119317059078332,1.6609629051981756,True,0.0,15.253272231429337,0.0,0.0,0.0,15.253272231429337
2353.478716065401,2531.5899124955154,3.4787160654009313,31.589912495515364,31.78087533309925,1.4611171446186841,2.2761877501379786,True,0.0,15.365038389328847,0.0,0.0,0.0,15.365038389328847
2322.9400036438315,2499.490693252678,-27.05999635616854,-0.5093067473221708,27.064788862260176,-3.1227734854843816,3.0462302375417494,True,0.0,16.56399694396014,0.0,0.0,0.0,16.56399694396014
2378.085754437969,2502.7311122708347,28.08575443796917,2.7311122708347284,28.218231280252297,0.09693712644142356,2.9861384697755966,True,0.0,16.237088228394356,0.0,0.0,0.0,16.237088228394356
2346.4748148959184,2533.520514260847,-3.525185104081629,33.520514260846994,33.70536761896665,1.6755761888871783,1.6389631319439104,True,0.0,14.87578497198779,0.0,0.0,0.0,14.87578497198779
2323.943480820634,2477.0958942127495,-26.056519179366205,-22.9041057872505,34.69207767860323,-2.4204924425285483,1.3097888537486142,True,0.0,14.642040379958415,0.0,0.0,0.0,14.642040379958415
2331.8612529735533,2517.056841761927,-18.13874702644671,17.05684176192699,24.898795042749477,2.386924610587076,4.686300465982185,True,0.0,17.03308201783936,0.0,0.0,0.0,17.03308201783936
2338.789996090518,2474.178031501655,-11.210003909482111,-25.821968498345086,28.150279657227745,-1.9803718371762127,3.182317041938404,True,0.0,16.308840073368653,0.0,0.0,0.0,16.308840073368653
2326.727233485402,2474.046631148652,-23.27276651459806,-25.953368851347932,34.85970476032627,-2.3017933596559015,1.3027330922163856,True,0.0,14.54488243397627,0.0,0.0,0.0,14.54488243397627
2368.809832146428,2468.1414530772167,18.809832146428107,-31.858546922783262,36.996983625803644,-1.0374528453087402,1.4666799828869443,True,0.0,13.858871154262237,0.0,0.0,0.0,13.858871154262237
2361.270028169886,2492.852502358615,11.27002816988579,-7.147497641385144,13.345420843256516,-0.5651906047372767,2.9906429474867764,True,0.0,18.763560626679645,0.0,0.0,0.0,18.763560626679645
2376.925898909762,2480.588923023969,26.925898909762054,-19.411076976030927,33.19328157124757,-0.6246203302041676,1.5760359579799115,True,0.0,14.980707616690832,0.0,0.0,0.0,14.980707616690832
2324.0675331579655,2497.1690500410227,-25.9324668420345,-2.8309499589772713,26.086531279253137,-3.0328569911183596,2.8425232448507813,True,0.0,16.76898117229212,0.0,0.0,0.0,16.76898117229212
2363.0612735760806,2482.649584703607,13.061273576080566,-17.35041529639284,21.717130988842037,-0.9255100050449954,5.331476566523634,True,0.0,17.552343095393432,0.0,0.0,0.0,17.552343095393432
2344.8677162216827,2479.7918973071005,-5.132283778317287,-20.2081026928995,20.849646309420955,-1.81950944078747,5.397771243813622,True,0.0,17.752576545316025,0.0,0.0,0.0,17.752576545316025
2385.0717654750606,2503.9585641502085,35.0717654750606,3.958564150208531,35.29446080717155,0.11239471673146749,1.6048829376777576,True,0.0,14.342978598636138,0.0,0.0,0.0,14.342978598636138
2354.0832614385636,2527.830487088758,4.083261438563568,27.83048708875822,28.128438200035177,1.425116708163631,3.127526717468754,True,0.0,16.28163109216256,0.0,0.0,0.0,16.28163109216256
2360.8971465031004,2531.5988099748897,10.89714650310043,31.59880997488972,33.42502945008761,1.2387084307038299,1.3541919750148281,True,0.0,14.953885965118273,0.0,0.0,0.0,14.953885965118273
2334.3231776096914,2484.7953541603783,-15.676822390308644,-15.204645839621662,21.839047950073436,-2.371483263275066,5.859987910518157,True,0.0,17.62604955891612,0.0,0.0,0.0,17.62604955891612
2363.344129309207,2471.80100147946,13.344129309206892,-28.198998520540044,31.196943834008067,-1.1288071293033992,1.9248621370343244,True,0.0,15.51130668085784,0.0,0.0,0.0,15.51130668085784
2326.1131282130455,2527.4572429000946,-23.886871786954543,27.45724290009457,36.39344489659091,2.28676817174935,1.3122542987794077,True,0.0,14.118162671244445,0.0,0.0,0.0,14.118162671244445
2315.542658676876,2504.3438161207996,-34.45734132312418,4.343816120799602,34.73006060388608,3.0161905702234044,1.4330133968346672,True,0.0,14.6128105601653,0.0,0.0,0.0,14.6128105601653
2386.3266010317348,2493.153618042564,36.326601031734754,-6.846381957435824,36.966131640001706,-0.18628238167940245,1.5590342148097989,True,0.0,13.84490984617417,0.0,0.0,0.0,13.84490984617417
2321.1110894899907,2509.320629352082,-28.888910510009282,9.320629352082051,30.355284251250527,2.829499554352215,2.678682749350628,True,0.0,15.805055089838243,0.0,0.0,0.0,15.805055089838243
2350.2810135446216,2502.329714329724,0.2810135446216009,2.3297143297240837,2.346601259349899,1.4507548075431806,1.7159800107915544,True,0.0,19.493122107754807,0.0,0.0,0.0,19.493122107754807
2349.9267566800236,2535.3548922715004,-0.0732433199764273,35.354892271500376,35.354968139051095,1.572867983940192,1.1125983912597803,True,0.0,14.388634382227213,0.0,0.0,0.0,14.388634382227213
2335.3340706626554,2473.7887443493064,-14.66592933734455,-26.2112556506936,30.035302663932,-2.0809251970727334,2.309479448580987,True,0.0,15.856589611833195,0.0,0.0,0.0,15.856589611833195
2316.064642995809,2490.9200564375674,-33.93535700419079,-9.079943562432618,35.12910232412497,-2.8801509380986046,1.364346098093847,True,0.0,14.494901615328185,0.0,0.0,0.0,14.494901615328185
2375.5086340567914,2478.253003408101,25.50863405679138,-21.746996591899006,33.520475417442455,-0.7059637694893783,1.1270883117231278,True,0.0,14.820214757183656,0.0,0.0,0.0,14.820214757183656
2346.7939489114347,2469.5329890545195,-3.2060510885653457,-30.467010945480524,30.63523330308619,-1.6756407152323372,2.063141437351078,True,0.0,15.664455337444789,0.0,0.0,0.0,15.664455337444789
2329.1029975593833,2472.0652067522665,-20.89700244061669,-27.934793247733523,34.88606290192057,-2.2130569973258885,1.2749550524931692,True,0.0,14.539995583007668,0.0,0.0,0.0,14.539995583007668
2341.183013619397,2532.5915838566584,-8.816986380602884,32.59158385665842,33.763154282758215,1.8350016604542527,1.430624268386964,True,0.0,14.839464300546632,0.0,0.0,0.0,14.839464300546632
2334.1770501945707,2513.99378499814,-15.822949805429289,13.9937849981402,21.123251622780725,2.417464623677523,5.010929463523553,True,0.0,17.722003868086823,0.0,0.0,0.0,17.722003868086823
2323.1749761997057,2524.6140798433075,-26.825023800294275,24.614079843307536,36.40652178414017,2.3991498254161576,1.275960800165194,True,0.0,14.150656021484048,0.0,0.0,0.0,14.150656021484048
2378.474226782136,2520.048225302044,28.474226782136157,20.048225302044102,34.82402803528106,0.6134611273473983,1.3981678348741298,True,0.0,14.530300398845014,0.0,0.0,0.0,14.530300398845014
2320.0864512927637,2499.757830511341,-29.91354870723626,-0.2421694886588739,29.914528950351755,-3.1334971848547712,3.0156308998348322,True,0.0,15.911380920309474,0.0,0.0,0.0,15.911380920309474
2379.0451280448856,2514.2703355307417,29.045128044885587,14.270335530741704,32.36142671922467,0.45667628939169774,1.7721879478071685,True,0.0,15.173968848562048,0.0,0.0,0.0,15.173968848562048
2341.680995124844,2534.3065322495518,-8.319004875156224,34.306532249551765,35.3007648231934,1.8086947427048938,1.5373984358619737,True,0.0,14.415844282795835,0.0,0.0,0.0,14.415844282795835
2353.526191799873,2479.7315854457097,3.5261917998727768,-20.268414554290302,20.57286215270148,-1.3985456445249416,6.2669215805444765,True,0.0,17.809532429572254,0.0,0.0,0.0,17.809532429572254
2319.4438991290876,2516.5053949363323,-30.55610087091236,16.505394936332323,34.7289988689233,2.6463301630271014,1.288952459693519,True,0.0,14.623829363413153,0.0,0.0,0.0,14.623829363413153
2347.1880049317083,2535.2198991693945,-2.811995068291708,35.219899169394466,35.33197721280837,1.6504684090648072,1.3817059860014353,True,0.0,14.384675556687856,0.0,0.0,0.0,14.384675556687856
2377.085369682509,2477.471428332961,27.085369682508826,-22.52857166703916,35.230012662431555,-0.6938100057091681,1.3850803073851239,True,0.0,14.341534108671318,0.0,0.0,0.0,14.341534108671318
2322.923999440463,2478.503499812334,-27.07600055953708,-21.496500187665788,34.571799586055214,-2.4705627488131126,1.6527955650761896,True,0.0,14.695786106125592,0.0,0.0,0.0,14.695786106125592
2339.0228880686777,2488.380959812409,-10.97711193132227,-11.619040187591054,15.984338623591334,-2.327793386958081,5.942667037695173,True,0.0,18.49975820999681,0.0,0.0,0.0,18.49975820999681
2340.836918350615,2487.072464930476,-9.163081649384822,-12.927535069523856,15.845605961498034,-2.1874062534571164,6.587468884794362,True,0.0,18.500854907227676,0.0,0.0,0.0,18.500854907227676
2318.53395736466,2516.1613299275255,-31.466042635339818,16.161329927525458,35.373725053425645,2.667115018769781,1.2808080447885004,True,0.0,14.451116094606688,0.0,0.0,0.0,14.451116094606688
2349.1405086824434,2502.0045383424367,-0.8594913175566035,2.0045383424367174,2.1810317034041775,1.9758581404341506,1.565551194600971,True,0.0,19.497753832719614,0.0,0.0,0.0,19.497753832719614
2350.5213317848866,2525.0536409340802,0.52133178488657,25.05364093408025,25.059064445500642,1.54999070574956,3.07352519480537,True,0.0,16.932095316949717,0.0,0.0,0.0,16.932095316949717
2362.7499236212884,2472.952211238157,12.749923621288417,-27.047788761843094,29.902231175181125,-1.1303015835642847,2.0815496879531565,True,0.0,15.848223801775466,0.0,0.0,0.0,15.848223801775466
2345.513164254602,2506.706363135741,-4.4868357453979115,6.706363135740958,8.068890971788237,2.1604412949815046,3.7328073453618345,True,0.0,19.24828538135518,0.0,0.0,0.0,19.24828538135518
2324.0202693305614,2475.997891560417,-25.979730669438595,-24.002108439583026,35.37015147270465,-2.395740677817502,1.404602482739847,True,0.0,14.448618649972607,0.0,0.0,0.0,14.448618649972607
2321.2377366057876,2515.637211825951,-28.76226339421237,15.637211825950999,32.73820687282232,2.643621452846503,2.313007411379658,True,0.0,15.193263529793764,0.0,0.0,0.0,15.193263529793764
2316.5943574658413,2499.0896822404134,-33.40564253415869,-0.9103177595866327,33.418043502626105,-3.1143489767331904,1.3568722634055348,True,0.0,14.971559206344558,0.0,0.0,0.0,14.971559206344558
2374.615903357127,2525.4088612106684,24.61590335712708,25.40886121066842,35.37729393425154,0.8012481420331736,1.2465725430224666,True,0.0,14.353036738890005,0.0,0.0,0.0,14.353036738890005
2354.6930451901276,2531.8400963718364,4.693045190127577,31.840096371836353,32.18410182255217,1.4244558184180505,1.8648254375857505,True,0.0,15.250701235855551,0.0,0.0,0.0,15.250701235855551
2344.831146313753,2489.1605854611494,-5.1688536862470755,-10.839414538850633,12.008744979175653,-2.015758942287302,2.771541569773035,True,0.0,18.931081671503,0.0,0.0,0.0,18.931081671503
2357.2496552091397,2523.547801799035,7.249655209139746,23.547801799034914,24.638515990579442,1.2721353323206936,2.9676605047943667,True,0.0,17.06863644693735,0.0,0.0,0.0,17.06863644693735
2362.0153390931277,2531.6160343510182,12.01533909312775,31.616034351018243,33.82221166049922,1.2076148786072949,1.322180431386414,True,0.0,14.818185097111114,0.0,0.0,0.0,14.818185097111114
2348.9057903824155,2522.53042255396,-1.0942096175845109,22.530422553959852,22.55697752685845,1.6193240695284814,4.944762383712259,True,0.0,17.44914516888846,0.0,0.0,0.0,17.44914516888846
2370.362572516286,2528.915435694695,20.362572516286036,28.915435694695134,35.36575717972198,0.9572496683870934,1.2630543873729039,True,0.0,14.353008242481224,0.0,0.0,0.0,14.353008242481224
2328.258696302703,2527.840721000565,-21.7413036972971,27.840721000564827,35.32407157009786,2.233792752762765,1.2525267393107242,True,0.0,14.41834273899198,0.0,0.0,0.0,14.41834273899198
2345.688494056212,2501.239585304866,-4.311505943787779,1.2395853048660683,4.486162639869096,2.8616369727346567,1.3437490176006577,True,0.0,19.442463425690274,0.0,0.0,0.0,19.442463425690274
2318.5455823273037,2480.3221981842157,-31.45441767269631,-19.677801815784278,37.10251036560347,-2.582563864830017,1.1506059006342184,True,0.0,13.931395114647891,0.0,0.0,0.0,13.931395114647891
2340.4284700139183,2474.779448886316,-9.571529986081714,-25.220551113683996,26.975736964027664,-1.9335178204128753,2.7000403359679694,True,0.0,16.54421853033543,0.0,0.0,0.0,16.54421853033543
2321.8236543825315,2501.721658474629,-28.17634561746854,1.721658474628839,28.228895838454257,3.0805655552204754,2.6648628237876437,True,0.0,16.316105081419174,0.0,0.0,0.0,16.316105081419174
2373.5761758160784,2525.568158003975,23.576175816078376,25.568158003974986,34.77882645844838,0.8259092905020242,1.3304533522646125,True,0.0,14.521780480134597,0.0,0.0,0.0,14.521780480134597
2378.745226311613,2505.3508093164546,28.745226311612896,5.350809316454615,29.239001283335583,0.184039628878176,3.1180572410369223,True,0.0,15.972919331474277,0.0,0.0,0.0,15.972919331474277
2348.8804672418823,2536.440973667262,-1.119532758117657,36.440973667261915,36.458166649114084,1.601508479317228,1.1088930266296302,True,0.0,14.045189492876892,0.0,0.0,0.0,14.045189492876892
2340.454603034591,2484.879490264299,-9.545396965409054,-15.120509735701035,17.88139865599641,-2.133904605908216,7.442923418205282,True,0.0,18.236247648549064,0.0,0.0,0.0,18.236247648549064
2321.458980451775,2498.9068021767885,-28.541019548224995,-1.0931978232115398,28.56194808364506,-3.103308678389582,2.8954283166701202,True,0.0,16.232445341563317,0.0,0.0,0.0,16.232445341563317
2349.418380048322,2508.450543960588,-0.5816199516780216,8.45054396058822,8.470535697228598,1.6395142892763914,2.715578638322768,True,0.0,19.22290996567907,0.0,0.0,0.0,19.22290996567907
2353.110913469825,2536.380923095678,3.1109134698249363,36.3809230956781,36.51368713113457,1.4854943580921562,1.1630930371366048,True,0.0,14.048713379348536,0.0,0.0,0.0,14.048713379348536
2359.711429804455,2524.537756654183,9.711429804454838,24.537756654182886,26.389645137188758,1.1939375184297605,2.927754736156203,True,0.0,16.710470978180876,0.0,0.0,0.0,16.710470978180876
2318.182426258103,2508.1920977169957,-31.817573741896922,8.192097716995704,32.85526538967316,2.8895950570670634,1.3253667538696163,True,0.0,15.16123413332821,0.0,0.0,0.0,15.16123413332821
2333.8615023500247,2469.195410825869,-16.138497649975307,-30.804589174130797,34.776052400829435,-2.053379937608741,1.321735136695679,True,0.0,14.584947720727065,0.0,0.0,0.0,14.584947720727065
2317.072102075363,2506.9062934828075,-32.92789792463691,6.906293482807541,33.64436581964323,2.9348496020335424,1.2225544582424845,True,0.0,14.951720920107224,0.0,0.0,0.0,14.951720920107224
2336.7432705886517,2516.0959545965757,-13.25672941134826,16.095954596575666,20.852353082103978,2.259766521794441,4.533066588085603,True,0.0,17.753099211909536,0.0,0.0,0.0,17.753099211909536
2369.3466766845463,2528.8880161205498,19.34667668454631,28.888016120549764,34.76796476812399,0.9806877652535253,1.2606597787394094,True,0.0,14.522825719885857,0.0,0.0,0.0,14.522825719885857
2377.350941676417,2478.515460862716,27.350941676416824,-21.484539137284173,34.7801586041273,-0.6658451980212573,1.3773042652001095,True,0.0,14.497021402423593,0.0,0.0,0.0,14.497021402423593
2314.4939778792573,2510.6825927345003,-35.50602212074273,10.682592734500304,37.07823343108286,2.849340574802797,1.2233309571984137,True,0.0,13.95553254201469,0.0,0.0,0.0,13.95553254201469
2336.4864184119133,2465.4212250781875,-13.513581588086709,-34.57877492181251,37.12557827739853,-1.9433515226762779,1.081523384782031,True,0.0,13.854470910350908,0.0,0.0,0.0,13.854470910350908
2355.5029278015327,2534.4748981062767,5.502927801532678,34.47489810627667,34.911327872583705,1.4125103407934274,1.200182543830124,True,0.0,14.485051433648705,0.0,0.0,0.0,14.485051433648705
2369.056602579048,2527.8612457434742,19.056602579048104,27.861245743474228,33.75504578924525,0.9709014933179364,1.356687763149239,True,0.0,14.816175460725377,0.0,0.0,0.0,14.816175460725377
2327.4655680919195,2526.508728124099,-22.534431908080478,26.50872812409898,34.79243147837345,2.275334474930083,1.0241147021515644,True,0.0,14.568594376710536,0.0,0.0,0.0,14.568594376710536
2344.033961310233,2491.869261230692,-5.966038689767174,-8.13073876930821,10.084767254752606,-2.2038247853368,3.2791548627983502,True,0.0,19.11687749384982,0.0,0.0,0.0,19.11687749384982
2353.1354280971295,2530.2400403994475,3.135428097129534,30.24004039944748,30.402153751214485,1.4674808495609066,2.525862913902529,True,0.0,15.728184519295075,0.0,0.0,0.0,15.728184519295075
2330.580620880644,2509.8901421333153,-19.41937911935611,9.890142133315294,21.792824433708965,2.6705387919209462,3.3724066761315044,True,0.0,17.628146741787805,0.0,0.0,0.0,17.628146741787805
2352.041891257739,2522.7676265126815,2.0418912577388255,22.767626512681545,22.859005597999882,1.4813516467357277,4.010148617970117,True,0.0,17.397578698159833,0.0,0.0,0.0,17.397578698159833
2350.447890359413,2523.2348647982553,0.4478903594131225,23.23486479825533,23.23918131017657,1.5515220638031508,3.7687658015993293,True,0.0,17.30781424686996,0.0,0.0,0.0,17.30781424686996
2344.764017778082,2508.0534222081883,-5.235982221918221,8.053422208188294,9.605889812588114,2.147281332441357,3.081412383525276,True,0.0,19.13326432445988,0.0,0.0,0.0,19.13326432445988
2326.76827751762,2491.879428358956,-23.231722482380064,-8.12057164104408,24.610091695799362,-2.8053217330484874,3.518186392008033,True,0.0,17.10006832559436,0.0,0.0,0.0,17.10006832559436
2332.682674611971,2486.0148142808503,-17.317325388029076,-13.98518571914974,22.259271735481065,-2.46224471974792,5.620874467977046,True,0.0,17.58980567638641,0.0,0.0,0.0,17.58980567638641
2327.05162120075,2493.7169333556526,-22.948378799249895,-6.2830666443474,23.792961479630335,-2.8743505010434682,4.136250268244112,True,0.0,17.259286492619616,0.0,0.0,0.0,17.259286492619616
2354.9317541042283,2486.517250633563,4.9317541042282755,-13.48274936643702,14.356417694631565,-1.2201311165265736,5.20252412654645,True,0.0,18.637456627626626,0.0,0.0,0.0,18.637456627626626
2329.293916547627,2527.9559190527257,-20.70608345237315,27.955919052725676,34.78901122508646,2.2082988195331743,1.1679787537473203,True,0.0,14.558993594989348,0.0,0.0,0.0,14.558993594989348
2362.165006790383,2471.198109589243,12.165006790382904,-28.801890410757096,31.265576620995233,-1.1711568246386206,1.7786833787038177,True,0.0,15.506264648588065,0.0,0.0,0.0,15.506264648588065
2348.8560212816433,2465.449508169504,-1.1439787183567205,-34.55049183049596,34.56942540797028,-1.603894580582242,1.0087651278549856,True,0.0,14.574996034294314,0.0,0.0,0.0,14.574996034294314
2347.9587624885103,2465.722373233931,-2.041237511489726,-34.277626766068806,34.33835096932043,-1.630276224702148,1.0091294311082493,True,0.0,14.643604734552433,0.0,0.0,0.0,14.643604734552433
2336.2869111511172,2532.6048826799556,-13.713088848882762,32.60488267995561,35.37127620472609,1.968920563056036,1.354843753855448,True,0.0,14.4117867518239,0.0,0.0,0.0,14.4117867518239
2329.550457676886,2488.2223213441416,-20.4495423231142,-11.77767865585838,23.598675720164913,-2.6190533549277397,4.478818560404193,True,0.0,17.32082283679717,0.0,0.0,0.0,17.32082283679717
2348.932344748393,2476.9318113956956,-1.0676552516069933,-23.068188604304396,23.092882306460645,-1.6170459008258737,4.70246321140894,True,0.0,17.408559861466024,0.0,0.0,0.0,17.408559861466024
2347.397062239145,2523.800945396945,-2.602937760855184,23.800945396944826,23.942854607904106,1.6797262167641247,3.8996995982415683,True,0.0,17.146053005474467,0.0,0.0,0.0,17.146053005474467
2344.166010078394,2500.0298586392837,-5.8339899216061895,0.02985863928370236,5.8340663300773725,3.1364746504771426,2.0463964695873074,True,0.0,19.388907981447684,0.0,0.0,0.0,19.388907981447684
2351.147235349715,2494.4832630872397,1.1472353497151744,-5.51673691276028,5.634761318125899,-1.3657631566773465,2.387989238398859,True,0.0,19.379975970045102,0.0,0.0,0.0,19.379975970045102
2363.125393822338,2506.1575948934396,13.125393822338083,6.1575948934396365,14.497997719105372,0.43865298584831586,5.107051385145496,True,0.0,18.667121686391756,0.0,0.0,0.0,18.667121686391756
2344.7374372252284,2498.135120119093,-5.262562774771595,-1.8648798809072105,5.583219853151424,-2.8010325016248068,1.591889878282018,True,0.0,19.401824619534633,0.0,0.0,0.0,19.401824619534633
2368.936273714304,2514.7599349238994,18.936273714304207,14.759934923899436,24.009126205274416,0.6620860999007032,3.9711394009418655,True,0.0,17.148720304259975,0.0,0.0,0.0,17.148720304259975
2364.6685715343315,2502.809963575357,14.668571534331477,2.80996357535696,14.935289958773234,0.18927058126572033,3.994220589237557,True,0.0,18.59800894309679,0.0,0.0,0.0,18.59800894309679
2358.39923533418,2487.5337954985716,8.399235334180048,-12.466204501428365,15.031746700579125,-0.9778987204109564,5.2191384375892085,True,0.0,18.547418493782388,0.0,0.0,0.0,18.547418493782388
2365.4883879130794,2527.504768232186,15.48838791307935,27.504768232186052,31.565842863010857,1.0579386944216624,2.375951655197696,True,0.0,15.46353452347505,0.0,0.0,0.0,15.46353452347505
2346.8778709644457,2486.2668174115256,-3.1221290355542806,-13.733182588474392,14.083607269553752,-1.7943387861724076,5.105388065109764,True,0.0,18.690149583146262,0.0,0.0,0.0,18.690149583146262
2336.9868979737244,2505.4734285024674,-13.013102026275646,5.473428502467414,14.117338414796253,2.743447049688698,3.8101741976488483,True,0.0,18.71445570221386,0.0,0.0,0.0,18.71445570221386
2351.798482364367,2475.833158904653,1.7984823643669188,-24.16684109534708,24.233669704415284,-1.4965138337745059,4.565783597600785,True,0.0,17.170485491500358,0.0,0.0,0.0,17.170485491500358
2353.5359323326306,2476.131166607832,3.5359323326306367,-23.8688333921682,24.12931878367117,-1.4237258070733096,4.148272857003576,True,0.0,17.155406608778726,0.0,0.0,0.0,17.155406608778726
2328.11346922387,2489.2418211192676,-21.886530776129803,-10.75817888073243,24.38767398183587,-2.6847332145617053,4.259071647960809,True,0.0,17.160646192771324,0.0,0.0,0.0,17.160646192771324
2335.9549151357755,2502.0191716644154,-14.045084864224464,2.019171664415353,14.189484241988676,2.998807404723008,5.14967195502777,True,0.0,18.71518768916609,0.0,0.0,0.0,18.71518768916609
2353.249890434307,2485.92919464795,3.2498904343069626,-14.070805352049774,14.441237865580376,-1.343809802595389,5.535477720076415,True,0.0,18.650438466089224,0.0,0.0,0.0,18.650438466089224
2361.351451635995,2521.5575140644028,11.35145163599509,21.557514064402767,24.363535598949074,1.086122567109392,4.2346802512688555,True,0.0,17.12573364000018,0.0,0.0,0.0,17.12573364000018
2342.657305538052,2498.320912540842,-7.342694461948213,-1.6790874591579268,7.532230523359357,-2.9167834721280648,2.2165656326287717,True,0.0,19.30290453171107,0.0,0.0,0.0,19.30290453171107
2347.131228843625,2495.6052581278677,-2.8687711563748053,-4.394741872132272,5.248200079105284,-2.14911883308567,1.7197095383216947,True,0.0,19.414256390097442,0.0,0.0,0.0,19.414256390097442
2346.299718921121,2496.3774763715815,-3.7002810788790157,-3.6225236284185485,5.178296776080021,-2.366812625087013,2.0460384644861733,True,0.0,19.41861839357976,0.0,0.0,0.0,19.41861839357976
2378.3861632151193,2521.1442710709803,28.386163215119268,21.144271070980267,35.395684217125726,0.6402159263192455,1.3165557301349509,True,0.0,14.347209048106643,0.0,0.0,0.0,14.347209048106643
2353.2149674022817,2535.431030666318,3.2149674022816725,35.43103066631784,35.576592718742596,1.480305387743827,1.0512287828237277,True,0.0,14.33642635715911,0.0,0.0,0.0,14.33642635715911
2345.7218998953954,2523.4953868771986,-4.2781001046046185,23.495386877198598,23.88169476846763,1.7509057292038306,3.7909593909607793,True,0.0,17.166122469012326,0.0,0.0,0.0,17.166122469012326
2331.3476160184946,2489.0959727354343,-18.65238398150541,-10.904027264565684,21.60576864589435,-2.612579898175612,5.238743550142317,True,0.0,17.696402019175007,0.0,0.0,0.0,17.696402019175007
2352.438126762289,2494.8108863206176,2.4381267622889027,-5.189113679382444,5.73335529045108,-1.1315548811906362,2.3410370480141864,True,0.0,19.376785160580848,0.0,0.0,0.0,19.376785160580848
2343.205833658459,2500.991206152376,-6.794166341540858,0.9912061523759803,6.866089564885874,2.9967239161997115,2.5866257145798954,True,0.0,19.336787441815886,0.0,0.0,0.0,19.336787441815886
2350.712659211627,2493.1220760954307,0.7126592116269421,-6.877923904569343,6.9147465889187245,-1.4675493125585035,2.940049023387701,True,0.0,19.313313284990688,0.0,0.0,0.0,19.313313284990688
2360.374767401931,2488.1851335607166,10.374767401930967,-11.814866439283378,15.723449609493272,-0.8502069052246264,6.379210995288304,True,0.0,18.46713563398307,0.0,0.0,0.0,18.46713563398307
2358.1374909737838,2485.459129639085,8.13749097378377,-14.54087036091505,16.663003036708304,-1.060590571966039,5.857568050203554,True,0.0,18.368752329976928,0.0,0.0,0.0,18.368752329976928
2364.127070547633,2527.4264110178647,14.127070547633139,27.426411017864666,30.85096665549804,1.0951497087852224,2.747875787211342,True,0.0,15.651063803566512,0.0,0.0,0.0,15.651063803566512
2366.3653956477897,2526.2967659879505,16.365395647789683,26.296765987950494,30.973312320992136,1.014115772392319,2.8607284853601413,True,0.0,15.60215376925244,0.0,0.0,0.0,15.60215376925244
2348.01536628515,2484.563904682112,-1.9846337148501334,-15.436095317887975,15.56315551695873,-1.6986657921258808,5.688683461868095,True,0.0,18.544124605105793,0.0,0.0,0.0,18.544124605105793
2344.9410176832325,2485.9243512447338,-5.0589823167674695,-14.07564875526623,14.95717854286007,-1.9158328600448542,5.851856416113151,True,0.0,18.60762557709276,0.0,0.0,0.0,18.60762557709276
2335.459505601096,2499.9549452134247,-14.540494398903775,-0.04505478657529238,14.540564201513826,-3.1384940902846252,6.113570537880491,True,0.0,18.700136079217657,0.0,0.0,0.0,18.700136079217657
2334.4883139522653,2503.3745549096943,-15.511686047734656,3.374554909694325,15.874508650097743,2.9273812033799187,6.188975834284065,True,0.0,18.52758396416392,0.0,0.0,0.0,18.52758396416392
2359.32547918729,2521.5997019936567,9.325479187290057,21.59970199365671,23.52682911672029,1.1632297872144637,5.091034751048937,True,0.0,17.314025353785624,0.0,0.0,0.0,17.314025353785624
2362.424962406061,2520.0557648262798,12.424962406060786,20.055764826279756,23.592655500368416,1.016146854804904,4.4285353435470824,True,0.0,17.293801498971067,0.0,0.0,0.0,17.293801498971067
2378.5606897760445,2481.567964967189,28.560689776044455,-18.4320350328112,33.99195369398807,-0.5731091152472993,1.2932546722383904,True,0.0,14.751148768571339,0.0,0.0,0.0,14.751148768571339
2345.996223854366,2478.122682293478,-4.00377614563422,-21.877317706521808,22.240666659442613,-1.7518036282238305,5.3104759570564966,True,0.0,17.559010772309012,0.0,0.0,0.0,17.559010772309012
2362.8022715462425,2480.643653374731,12.802271546242537,-19.356346625268998,23.207031508172125,-0.9864493244350655,5.204954801425629,True,0.0,17.332510903719733,0.0,0.0,0.0,17.332510903719733
2345.0406832643544,2496.0810449880087,-4.959316735645643,-3.9189550119913292,6.3208409939237455,-2.472843176133935,2.3595862468700943,True,0.0,19.36944094085641,0.0,0.0,0.0,19.36944094085641
2367.7484391977096,2516.02887819728,17.74843919770956,16.028878197279937,23.915100464309766,0.7345333254090335,4.198653590671711,True,0.0,17.179997897657266,0.0,0.0,0.0,17.179997897657266
2346.367168250451,2470.686235281571,-3.632831749549041,-29.313764718428956,29.53801395639087,-1.6940968679996657,2.4507004566607975,True,0.0,15.954568746895468,0.0,0.0,0.0,15.954568746895468
2361.017658591865,2480.1813691800694,11.017658591864802,-19.818630819930604,22.675249247220975,-1.0634160852283314,5.128873165186633,True,0.0,17.416879219402063,0.0,0.0,0.0,17.416879219402063
2344.67376777459,2494.8113193924487,-5.326232225409967,-5.188680607551305,7.43580232161766,-2.3692753187789997,2.5261592579279295,True,0.0,19.308427611554304,0.0,0.0,0.0,19.308427611554304
2328.142853455189,2526.945738295737,-21.857146544810803,26.9457382957371,34.69593156817796,2.252301650703597,1.0504904125900794,True,0.0,14.58633891880411,0.0,0.0,0.0,14.58633891880411
2320.3494408727474,2501.22543248184,-29.650559127252563,1.2254324818400164,29.67587136591357,3.1002870083627045,3.246682851095102,True,0.0,15.959950276595091,0.0,0.0,0.0,15.959950276595091
2342.397155148296,2489.8524003487455,-7.602844851704049,-10.147599651254495,12.679788189130885,-2.2138018508392125,3.0760213609019047,True,0.0,18.873036997006487,0.0,0.0,0.0,18.873036997006487
2343.7762344368416,2490.365866430769,-6.223765563158395,-9.634133569230926,11.469602757503791,-2.144362897377548,2.8032016962458783,True,0.0,18.98430005358359,0.0,0.0,0.0,18.98430005358359
2334.591865477834,2518.451521488525,-15.408134522166165,18.45152148852503,24.03891126267306,2.266552977566191,3.8582165104344313,True,0.0,17.179578907953264,0.0,0.0,0.0,17.179578907953264
2342.4172398390756,2466.1919717874357,-7.582760160924408,-33.808028212564295,34.64795842873929,-1.7914336817356524,1.5466508326662733,True,0.0,14.583429827792445,0.0,0.0,0.0,14.583429827792445
2354.774635887727,2535.1774641860834,4.774635887727072,35.1774641860834,35.5000159777929,1.4358907714874325,1.1194221166948637,True,0.0,14.312377540534948,0.0,0.0,0.0,14.312377540534948
2344.6859719520176,2533.3469135391792,-5.314028047982447,33.34691353917924,33.767669991935186,1.728823521717778,1.2026368643936394,True,0.0,14.84996745463115,0.0,0.0,0.0,14.84996745463115
2344.8082994260917,2470.4105827071166,-5.191700573908292,-29.589417292883354,30.041427572295966,-1.7444863686935919,2.329351032467457,True,0.0,15.8343422111329,0.0,0.0,0.0,15.8343422111329
2369.680942607268,2511.956895518849,19.680942607268207,11.956895518848796,23.028392309478566,0.5459427921981969,3.620047455178792,True,0.0,17.336839796258218,0.0,0.0,0.0,17.336839796258218
2384.8443166257616,2497.10542182153,34.84431662576162,-2.8945781784700557,34.964338746036695,-0.08288144179580854,1.228576826659264,True,0.0,14.460030752616003,0.0,0.0,0.0,14.460030752616003
2342.1800348139136,2496.0385901911714,-7.819965186086392,-3.9614098088286482,8.766106500898047,-2.672697776462037,2.8794581129168364,True,0.0,19.226151751383824,0.0,0.0,0.0,19.226151751383824
2368.0362240435593,2503.197885898208,18.036224043559287,3.1978858982079146,18.31752854419567,0.17547985377647116,5.589168528340451,True,0.0,18.138646583310827,0.0,0.0,0.0,18.138646583310827
2337.3370387407554,2507.3555001565414,-12.66296125924464,7.355500156541439,14.644247007136,2.615360119625168,5.099861305359809,True,0.0,18.662483754911566,0.0,0.0,0.0,18.662483754911566
2340.290775048271,2506.010969159716,-9.709224951729084,6.010969159715842,11.419316941145544,2.5872481834926933,3.0953782371548186,True,0.0,18.998668385465987,0.0,0.0,0.0,18.998668385465987
2326.642044666913,2526.699891039505,-23.35795533308692,26.69989103950502,35.47503712279839,2.2895319372433867,0.9618551927717363,True,0.0,14.376820604698594,0.0,0.0,0.0,14.376820604698594
2334.9039694693897,2515.5446986926095,-15.096030530610278,15.544698692609472,21.66859006084919,2.3415526683216936,4.089176129070438,True,0.0,17.614069192866925,0.0,0.0,0.0,17.614069192866925
2319.2947228734097,2510.565867423502,-30.705277126590317,10.565867423501913,32.47232048732781,2.8101783103719837,1.5698908367673994,True,0.0,15.25344855897411,0.0,0.0,0.0,15.25344855897411
2374.804981987631,2524.3870444570707,24.80498198763098,24.387044457070715,34.785270859342766,0.7769023256521191,1.3343611268701352,True,0.0,14.519852465433697,0.0,0.0,0.0,14.519852465433697
2326.709340797257,2520.5558164705744,-23.290659202742972,20.555816470574428,31.06439113953877,2.4184869411357086,2.6948153331491085,True,0.0,15.618877068956587,0.0,0.0,0.0,15.618877068956587
2359.4145288470404,2518.071287380515,9.414528847040401,18.07128738051506,20.376574319569,1.0905168342697389,5.771753828838882,True,0.0,17.858483611865946,0.0,0.0,0.0,17.858483611865946
2341.4606311910006,2465.620425915203,-8.53936880899937,-34.379574084796786,35.42422806368746,-1.8142543666981326,1.27673132271525,True,0.0,14.355563920778474,0.0,0.0,0.0,14.355563920778474
2328.0615983990997,2472.0455636597503,-21.938401600900306,-27.954436340249686,35.5351090599629,-2.2361946994288573,1.0484559212854947,True,0.0,14.336405038694398,0.0,0.0,0.0,14.336405038694398
2379.575975640303,2480.345439662784,29.575975640303113,-19.654560337216026,35.511126103308364,-0.5865321687257506,1.2141505141748894,True,0.0,14.29073386686109,0.0,0.0,0.0,14.29073386686109
2368.8985379187593,2510.282711881227,18.898537918759303,10.282711881226987,21.514852988089643,0.4983028886056987,4.323989390674797,True,0.0,17.5952488150561,0.0,0.0,0.0,17.5952488150561
2362.0629175110994,2466.709424792013,12.062917511099386,-33.290575207986876,35.4087048133396,-1.2231598636385779,1.2157733122398895,True,0.0,14.352988325020883,0.0,0.0,0.0,14.352988325020883
2385.28374009429,2496.2052660301592,35.2837400942899,-3.794733969840763,35.48721348518737,-0.10713727300437065,1.212471873528557,True,0.0,14.296447154849522,0.0,0.0,0.0,14.296447154849522
2354.81031853147,2494.3624614530595,4.810318531469875,-5.637538546940505,7.410870747924466,-0.8644093817058461,2.4491823514636053,True,0.0,19.279796144351796,0.0,0.0,0.0,19.279796144351796
2329.809645085757,2492.1567152726043,-20.190354914243017,-7.843284727395712,21.660275780287193,-2.7710679641757685,4.963091239224013,True,0.0,17.664812843702677,0.0,0.0,0.0,17.664812843702677
2316.7448464687554,2505.9562384332003,-33.25515353124456,5.956238433200269,33.78434567458395,2.964364601772316,1.3345575858575103,True,0.0,14.89123777432148,0.0,0.0,0.0,14.89123777432148
2347.459819237799,2533.2439263553542,-2.5401807622010892,33.24392635535423,33.34083319032192,1.6470585085940346,1.4345906782973543,True,0.0,14.993814568087311,0.0,0.0,0.0,14.993814568087311
2355.9170524148744,2467.522562722432,5.9170524148744335,-32.47743727756779,33.012049942388025,-1.3905832846914985,1.1583920143025352,True,0.0,15.039606086773842,0.0,0.0,0.0,15.039606086773842
2333.734119814955,2517.036032113776,-16.265880185044807,17.036032113775946,23.554304243085564,2.3330722542632683,3.89516101020763,True,0.0,17.273867221587643,0.0,0.0,0.0,17.273867221587643
2347.2055798690176,2506.7878301192354,-2.7944201309824166,6.787830119235423,7.340532786933068,1.96133172679075,3.0267233618146747,True,0.0,19.288572533376247,0.0,0.0,0.0,19.288572533376247
2379.5536693059234,2481.3591845800256,29.55366930592345,-18.640815419974388,34.94137045059104,-0.5627195562370598,1.2876790976774828,True,0.0,14.472122081535593,0.0,0.0,0.0,14.472122081535593
2356.3649727718907,2484.8841200423653,6.364972771890734,-15.115879957634661,16.401301938581938,-1.1722518683170602,6.04349471552996,True,0.0,18.401895631054227,0.0,0.0,0.0,18.401895631054227
2335.0947824281116,2505.1739203362545,-14.905217571888443,5.173920336254469,15.777672911783904,2.8074845660452876,4.473918095508907,True,0.0,18.531912954157463,0.0,0.0,0.0,18.531912954157463
2344.2712181861893,2497.01755386,-5.728781813810656,-2.9824461399998654,6.458631902210236,-2.661595372307354,1.7875334215877956,True,0.0,19.363303829081314,0.0,0.0,0.0,19.363303829081314
2333.0458086510016,2487.9853155594083,-16.954191348998393,-12.014684440591736,20.77973162736827,-2.525081082159022,6.080027758594042,True,0.0,17.81788873350647,0.0,0.0,0.0,17.81788873350647
2332.5711435720837,2472.0027938371404,-17.428856427916344,-27.997206162859584,32.978911281462636,-2.127611200909517,1.508305652812851,True,0.0,15.09762374530237,0.0,0.0,0.0,15.09762374530237
2373.8383344908066,2523.822655504654,23.838334490806574,23.822655504653994,33.70141104744725,0.7850691944526472,1.5142056105800066,True,0.0,14.832610775524829,0.0,0.0,0.0,14.832610775524829
2361.964512479428,2515.0946505532843,11.964512479427867,15.094650553284282,19.261309254465303,0.9005638591959736,5.211696575163842,True,0.0,18.02619474480312,0.0,0.0,0.0,18.02619474480312
2343.971520134059,2532.608947509099,-6.028479865940881,32.608947509098925,33.16151424686791,1.7536042821994,1.3005393453704528,True,0.0,15.006925923252377,0.0,0.0,0.0,15.006925923252377
2361.570801102465,2472.3493193479403,11.570801102464884,-27.65068065205969,29.9740484198413,-1.1744751393985189,1.9353709296201487,True,0.0,15.811790323651275,0.0,0.0,0.0,15.811790323651275
2332.872708282946,2470.9750925439357,-17.12729171705405,-29.024907456064284,33.70147436528801,-2.103896788041576,1.2788780330961345,True,0.0,14.906590550188959,0.0,0.0,0.0,14.906590550188959
2340.9731366784076,2533.64487407563,-9.026863321592373,33.644874075630014,34.83477878488265,1.8329214302281016,1.306372763825948,True,0.0,14.54689737687494,0.0,0.0,0.0,14.54689737687494
2318.560640013749,2515.1520834443904,-31.43935998625102,15.152083444390428,34.90012878272589,2.692492030805693,1.0754522494817138,True,0.0,14.588397914087922,0.0,0.0,0.0,14.588397914087922
2327.589110375138,2525.4928370333037,-22.410889624862193,25.49283703330366,33.943080499334975,2.2919467597646688,1.0983895570716413,True,0.0,14.79090944066769,0.0,0.0,0.0,14.79090944066769
2342.9157316839814,2497.061668007787,-7.084268316018552,-2.9383319922130795,7.66946233251114,-2.7484199177628033,2.316543455745432,True,0.0,19.295767823928323,0.0,0.0,0.0,19.295767823928323
2328.796608555553,2510.008385652,-21.20339144444688,10.008385652000015,23.446782126884766,2.7005800472845825,3.1398162212963143,True,0.0,17.32514388635021,0.0,0.0,0.0,17.32514388635021
2334.3402384906394,2471.946506953974,-15.659761509360578,-28.05349304602578,32.128283530457516,-2.0799215164154647,1.3743879021303655,True,0.0,15.339417272440452,0.0,0.0,0.0,15.339417272440452
2320.141048854715,2515.5396986975884,-29.85895114528512,15.539698697588392,33.66064763352532,2.6617295492368105,1.5122364426006243,True,0.0,14.951822753299556,0.0,0.0,0.0,14.951822753299556
2344.6407410964875,2469.267940100732,-5.359258903512455,-30.732059899267824,31.195851673693138,-1.743446741647102,1.606211782743685,True,0.0,15.54053254840888,0.0,0.0,0.0,15.54053254840888
2362.749131715305,2516.8483396512356,12.749131715304884,16.84833965123562,21.128343723481763,0.9230212504059933,5.235821471934287,True,0.0,17.733089024314587,0.0,0.0,0.0,17.733089024314587
2328.619137810136,2508.2948808280994,-21.38086218986382,8.294880828099394,22.933519484246617,2.7715100448993644,3.5828055451174805,True,0.0,17.412748088909243,0.0,0.0,0.0,17.412748088909243
2324.1904246618556,2498.662068093562,-25.80957533814444,-1.337931906437916,25.84423032171046,-3.089800426483931,2.6066580621923094,True,0.0,16.8218729631244,0.0,0.0,0.0,16.8218729631244
2378.660956059996,2516.1529921318947,28.660956059995897,16.152992131894734,32.89938536030831,0.513216130757516,1.3396598439630907,True,0.0,15.042193930336857,0.0,0.0,0.0,15.042193930336857
2351.4966134905294,2479.3030687491687,1.4966134905293984,-20.696931250831312,20.750971426457905,-1.498611078846927,5.157631853663588,True,0.0,17.81000115082691,0.0,0.0,0.0,17.81000115082691
2353.969414088397,2534.876016837637,3.969414088397116,34.87601683763705,35.10117944833633,1.45746898317236,0.8714533352845137,True,0.0,14.434952111089348,0.0,0.0,0.0,14.434952111089348
2353.9595112869415,2533.9048193375825,3.959511286941506,33.90481933758247,34.13523844864019,1.4545397914799498,1.0799433187175964,True,0.0,14.688234226914874,0.0,0.0,0.0,14.688234226914874
2364.7276148172273,2517.0840604777813,14.727614817227277,17.08406047778135,22.55588084321034,0.8593379910307537,4.6069209901943395,True,0.0,17.460091016820623,0.0,0.0,0.0,17.460091016820623
2354.1917311081847,2529.3432847207478,4.19173110818474,29.34328472074776,29.641170150420727,1.4289048399046114,2.3805623607959205,True,0.0,15.926232610786888,0.0,0.0,0.0,15.926232610786888
2326.0812329566565,2525.896607767712,-23.91876704334345,25.896607767711885,35.25254190478253,2.316511913282906,0.9676648692488925,True,0.0,14.444446243697092,0.0,0.0,0.0,14.444446243697092
2365.9257751958307,2515.6486376524367,15.925775195830738,15.648637652436719,22.327341444188956,0.776621106224637,4.662100595593984,True,0.0,17.48905306735023,0.0,0.0,0.0,17.48905306735023
2350.451737668462,2503.3181967254886,0.4517376684621013,3.318196725488633,3.348805224277916,1.4354886565320695,1.483431326373875,True,0.0,19.469060388951355,0.0,0.0,0.0,19.469060388951355
2349.5913709876936,2504.024495953892,-0.4086290123063918,4.024495953891801,4.045187925497402,1.6719849956925679,1.313412876838811,True,0.0,19.444505927184697,0.0,0.0,0.0,19.444505927184697
2361.573697681713,2518.4170207361917,11.573697681712929,18.417020736191716,21.75171558348911,1.0097386034870792,5.133154060502875,True,0.0,17.628324787531543,0.0,0.0,0.0,17.628324787531543
2348.8995943171535,2532.3540184064727,-1.1004056828464854,32.35401840647273,32.372726170546976,1.6047946282030348,1.2202464764768592,True,0.0,15.247336721283459,0.0,0.0,0.0,15.247336721283459
2347.793502886531,2532.372699245743,-2.2064971134691405,32.372699245743206,32.44780864661111,1.6388502663013718,1.2442561286552518,True,0.0,15.228940542308484,0.0,0.0,0.0,15.228940542308484
2374.5414870531645,2478.4594782628765,24.541487053164474,-21.540521737123527,32.65392263554458,-0.7203677126578342,1.170880285246767,True,0.0,15.079111322060516,0.0,0.0,0.0,15.079111322060516
2373.803904886678,2477.7958321480633,23.803904886678083,-22.204167851936745,32.552280378661614,-0.7506413759769817,1.4530607219489866,True,0.0,15.079233293085048,0.0,0.0,0.0,15.079233293085048
2328.2091534922015,2490.947830784428,-21.790846507798506,-9.052169215572121,23.59624459598997,-2.7478714629935315,3.7260740854126198,True,0.0,17.30115152144898,0.0,0.0,0.0,17.30115152144898
2380.6953065022867,2514.2141094180447,30.695306502286712,14.2141094180447,33.82665735507237,0.4336705326279513,0.939326870548939,True,0.0,14.768452318483108,0.0,0.0,0.0,14.768452318483108
2380.802579237757,2513.2842678874144,30.802579237757072,13.284267887414444,33.54505419585566,0.4071704668942225,1.210228065011961,True,0.0,14.82939623162035,0.0,0.0,0.0,14.82939623162035
2343.881825063833,2498.923502286702,-6.118174936167179,-1.0764977132980675,6.212158391113368,-2.967424599030266,1.742507437889003,True,0.0,19.37455046029272,0.0,0.0,0.0,19.37455046029272
2350.752634705399,2477.3286786122685,0.7526347053990321,-22.671321387731496,22.683810801220826,-1.5376108592937547,4.850765089240667,True,0.0,17.4526692136205,0.0,0.0,0.0,17.4526692136205
2327.6939798379667,2472.8232266773252,-22.306020162033292,-27.176773322674762,35.15871931258422,-2.258077295159197,0.7851491282776806,True,0.0,14.462969994193308,0.0,0.0,0.0,14.462969994193308
2328.3364133225805,2473.412943377109,-21.663586677419516,-26.58705662289094,34.29551818530925,-2.2545069734265297,0.9167464289723739,True,0.0,14.698470607528806,0.0,0.0,0.0,14.698470607528806
2368.476255524195,2513.1471921862008,18.47625552419504,13.147192186200755,22.676434476703914,0.6184504785011401,3.5886491122055304,True,0.0,17.39523723058562,0.0,0.0,0.0,17.39523723058562
2347.833858843033,2478.5293700644575,-2.1661411569671145,-21.470629935542547,21.579622733980372,-1.6713446742093272,5.250832583823467,True,0.0,17.655133113604194,0.0,0.0,0.0,17.655133113604194
2361.910519096936,2468.226069088954,11.910519096935786,-31.773930911046136,33.93292134046825,-1.2121554839503863,1.0613770745985676,True,0.0,14.793684920095055,0.0,0.0,0.0,14.793684920095055
2362.56442957793,2467.4923128746864,12.564429577929786,-32.50768712531362,34.85132153672279,-1.2019761975224403,0.9935888169770806,True,0.0,14.544489100888647,0.0,0.0,0.0,14.544489100888647
2378.3250836165694,2514.979832638111,28.325083616569373,14.97983263811102,32.04224941778375,0.48646344062098135,1.5572232358517795,True,0.0,15.273172266919959,0.0,0.0,0.0,15.273172266919959
2345.7379523851505,2468.8277679404387,-4.262047614849507,-31.17223205956134,31.462248830088228,-1.7066795519986924,1.2948045852833587,True,0.0,15.438095737886233,0.0,0.0,0.0,15.438095737886233
2320.2285485865254,2512.3191380881244,-29.77145141347455,12.319138088124419,32.21956676460988,2.749254895056552,0.9974806194654775,True,0.0,15.305478534469911,0.0,0.0,0.0,15.305478534469911
2333.3900150840564,2472.616997397296,-16.60998491594364,-27.383002602703982,32.02687044416873,-2.1160401058301694,1.2227812791287533,True,0.0,15.372982159856106,0.0,0.0,0.0,15.372982159856106
2320.4650100341883,2510.5221444337462,-29.534989965811747,10.522144433746234,31.353327666536728,2.7993516507932448,1.727647646742298,True,0.0,15.540864169047921,0.0,0.0,0.0,15.540864169047921
2325.6655204715566,2499.123553826738,-24.334479528443353,-0.8764461732621385,24.35025773610732,-3.1055915756913923,2.97418548584983,True,0.0,17.12817522989513,0.0,0.0,0.0,17.12817522989513
2318.743189294546,2509.786205087156,-31.256810705453972,9.78620508715585,32.75298498586743,2.838170068763321,1.3393906031183178,True,0.0,15.183994371530474,0.0,0.0,0.0,15.183994371530474
2319.0660702935525,2508.7361484467706,-30.933929706447543,8.736148446770585,32.143868727448634,2.8663476446353067,1.4085679819040706,True,0.0,15.344563721723324,0.0,0.0,0.0,15.344563721723324
2344.430445199223,2531.6078955766097,-5.569554800777041,31.607895576609735,32.09484387655942,1.7452135724117812,1.4966601793566952,True,0.0,15.30017866891635,0.0,0.0,0.0,15.30017866891635
2320.865769507029,2511.499599306939,-29.1342304929708,11.499599306939217,31.32162464875835,2.76565411598028,1.4255698104370822,True,0.0,15.548783344950879,0.0,0.0,0.0,15.548783344950879
2346.6866982564593,2458.2269054986546,-3.3133017435407055,-41.77309450134544,41.90428847578833,-1.6499472672515292,2.0825637816437848,False,0.0,13.248091386015286,0.0,0.0,0.0,13.248091386015286
2279.29706075955,2516.097875038369,-70.70293924045018,16.097875038368784,72.51239340960775,2.917725726929975,25.375414688248384,False,0.0,10.838305732267738,0.0,0.0,0.0,10.838305732267738
2392.0124864864015,2511.7686976194177,42.012486486401485,11.768697619417708,43.629706215230875,0.273123504780407,2.4935205045185285,False,0.0,12.995443268530636,0.0,0.0,0.0,12.995443268530636
2389.610700762042,2523.895769020668,39.61070076204214,23.895769020668013,46.26030038758031,0.542817141086654,3.954756394742617,False,0.0,12.753170919465225,0.0,0.0,0.0,12.753170919465225
2299.9519865887946,2495.4704492937612,-50.048013411205375,-4.5295507062387514,50.25256685989862,-3.05133444648699,5.335747079164776,False,0.0,12.492409858072946,0.0,0.0,0.0,12.492409858072946
2313.488552535389,2552.0468862792877,-36.51144746461114,52.04688627928772,63.57644349387726,2.1825354622945348,14.472513576398342,False,0.0,11.392478036532236,0.0,0.0,0.0,11.392478036532236
2394.8435186777624,2474.9715251950583,44.843518677762404,-25.028474804941652,51.35528909921961,-0.509062967500028,6.634038966965818,False,0.0,12.22665560469493,0.0,0.0,0.0,12.22665560469493
2341.2146100215596,2451.6407286090302,-8.785389978440435,-48.35927139096975,49.150810843146296,-1.7505056050490586,4.173845207893464,False,0.0,12.510840057231777,0.0,0.0,0.0,12.510840057231777
2347.034531900836,2544.9185629386902,-2.9654680991638998,44.91856293869023,45.01634478191487,1.6367194291481848,3.6414048524056852,False,0.0,12.912735684914749,0.0,0.0,0.0,12.912735684914749
2308.5498435177665,2509.338349162754,-41.450156482233524,9.338349162754184,42.48906020950755,2.920001205547889,2.9974804469939045,False,0.0,13.270060087675425,0.0,0.0,0.0,13.270060087675425
2348.5912490912215,2542.670266205965,-1.4087509087785293,42.67026620596516,42.69351469732747,1.603799153649634,2.3631440753060815,False,0.0,13.161825102938332,0.0,0.0,0.0,13.161825102938332
2389.2888991185687,2469.8560722620145,39.28889911856868,-30.14392773798545,49.5204399558602,-0.6544423187210449,6.372526041826859,False,0.0,12.385816564165374,0.0,0.0,0.0,12.385816564165374
2385.478039516208,2544.484410376969,35.4780395162079,44.48441037696921,56.89950838540009,0.8975579706582035,8.980617432527197,False,0.0,11.79913699029382,0.0,0.0,0.0,11.79913699029382
2300.8790309066394,2511.465134682731,-49.1209690933606,11.465134682730877,50.44124223256249,2.9122916953674793,6.4567655835408,False,0.0,12.503762096304428,0.0,0.0,0.0,12.503762096304428
2356.143381964816,2564.6870047724797,6.143381964815944,64.68700477247967,64.97807113481004,1.4761094374098092,14.934729891088864,False,0.0,11.231639186535464,0.0,0.0,0.0,11.231639186535464
2412.4378515939948,2491.144592211703,62.437851593994765,-8.855407788296816,63.062695460713876,-0.14088791271583462,14.267215386737007,False,0.0,11.269862563029323,0.0,0.0,0.0,11.269862563029323
2330.388507833253,2546.3631382263416,-19.61149216674721,46.36313822634156,50.34035370556351,1.97096962785571,6.186961569533224,False,0.0,12.426471477173601,0.0,0.0,0.0,12.426471477173601
2383.625398113044,2461.8006461990694,33.62539811304396,-38.19935380093057,50.890647756433296,-0.8489944511233506,6.715814808952018,False,0.0,12.260361878060387,0.0,0.0,0.0,12.260361878060387
2309.0647898001043,2488.20510360038,-40.935210199895664,-11.79489639962003,42.60059876559731,-2.861055741738125,2.7999528229720454,False,0.0,13.242250272207668,0.0,0.0,0.0,13.242250272207668
2344.8561971927847,2460.3803644238255,-5.143802807215252,-39.61963557617446,39.95214926018855,-1.6999037930564365,2.1381930411662324,False,0.0,13.480432945865095,0.0,0.0,0.0,13.480432945865095
2377.7065966475293,2470.2491075295457,27.706596647529295,-29.750892470454346,40.65428760386066,-0.8209624369939241,2.708143819158977,False,0.0,13.312890060320395,0.0,0.0,0.0,13.312890060320395
2318.1104693767857,2524.92173442892,-31.88953062321434,24.92173442891999,40.472645210247144,2.4782331444020884,2.028417331684068,False,0.0,13.519532574222838,0.0,0.0,0.0,13.519532574222838
2378.6354791825183,2548.032316924355,28.63547918251834,48.0323169243552,55.92042683254609,1.0331969510387728,7.764560227151378,False,0.0,11.900180116018332,0.0,0.0,0.0,11.900180116018332
2330.9134600588204,2536.6933307361655,-19.08653994117958,36.693330736165535,41.36056730075005,2.050444494235116,2.2251473297569646,False,0.0,13.357021658764008,0.0,0.0,0.0,13.357021658764008
2331.2976923701217,2464.1240465812766,-18.702307629878305,-35.875953418723384,40.458130757426424,-2.051342168166675,2.4151117348801563,False,0.0,13.41847922932757,0.0,0.0,0.0,13.41847922932757
2380.745238188612,2470.83993001184,30.745238188611893,-29.160069988160103,42.37427702024985,-0.7589431057823278,3.147978737221365,False,0.0,13.103792351244275,0.0,0.0,0.0,13.103792351244275
2306.5206041638776,2450.614156841399,-43.47939583612242,-49.38584315860089,65.798323434265,-2.2926776964800077,11.34384440579106,False,0.0,11.199562149429052,0.0,0.0,0.0,11.199562149429052
2310.124217500381,2487.679345440076,-39.87578249961916,-12.32065455992415,41.735794694026296,-2.841921594596212,1.9122894592292141,False,0.0,13.335966406874867,0.0,0.0,0.0,13.335966406874867
2407.1797074046913,2463.035755798704,57.17970740469127,-36.96424420129597,68.08725496199085,-0.5738807740125551,14.465046774639632,False,0.0,10.896286117791066,0.0,0.0,0.0,10.896286117791066
2311.920824597746,2503.062523781882,-38.079175402253895,3.0625237818821915,38.20212888348256,3.0613402257045625,2.1425330973388554,False,0.0,13.747111293589905,0.0,0.0,0.0,13.747111293589905
2339.50322710534,2458.619464410942,-10.496772894659898,-41.38053558905813,42.69111109867455,-1.8192209467829386,2.5884508883168564,False,0.0,13.174650831220685,0.0,0.0,0.0,13.174650831220685
2300.354457781028,2500.733387484074,-49.64554221897197,0.7333874840737735,49.65095889726123,3.126821253979461,4.4617712540512,False,0.0,12.559351849975576,0.0,0.0,0.0,12.559351849975576
2370.258208767253,2536.9461042586718,20.25820876725311,36.94610425867177,42.135610145698074,1.0692455045402236,1.901622096545907,False,0.0,13.209726159384834,0.0,0.0,0.0,13.209726159384834
2362.0756656655917,2457.493738482149,12.075665665591714,-42.50626151785082,44.18827864367513,-1.2939976633627215,3.411477709727478,False,0.0,12.964372547391829,0.0,0.0,0.0,12.964372547391829
2328.968685159361,2454.6078745106074,-21.03131484063897,-45.39212548939258,50.027604983357385,-2.004676056216871,6.247460069712361,False,0.0,12.434334892383601,0.0,0.0,0.0,12.434334892383601
2345.6858642289676,2544.3819735179336,-4.314135771032397,44.3819735179336,44.59115765258243,1.6676965818971106,3.295990491282282,False,0.0,12.971769178520592,0.0,0.0,0.0,12.971769178520592
2378.001041806812,2471.508863039024,28.001041806811827,-28.491136960975837,39.947505899566586,-0.7940733972083985,2.119497038256668,False,0.0,13.399825090701283,0.0,0.0,0.0,13.399825090701283
2323.2280571033803,2466.389607135905,-26.77194289661975,-33.61039286409505,42.969703686884785,-2.2434225032105846,2.9891842206538968,False,0.0,13.15308424307909,0.0,0.0,0.0,13.15308424307909
2309.420655902238,2510.3196658379657,-40.579344097761805,10.319665837965658,41.87097646833462,2.8925632061117943,2.5989983496449085,False,0.0,13.343397585795728,0.0,0.0,0.0,13.343397585795728
2310.967381222395,2491.3811135812634,-39.03261877760497,-8.618886418736565,39.97287244791049,-2.924267581173039,2.2592143960784483,False,0.0,13.529044098792653,0.0,0.0,0.0,13.529044098792653
2358.7136391959048,2543.032502797951,8.713639195904761,43.03250279795111,43.9058516042233,1.3710079611388784,3.023391021770294,False,0.0,13.008499891381145,0.0,0.0,0.0,13.008499891381145
2352.8705922784916,2460.242177836219,2.8705922784915856,-39.75782216378093,39.8613186339359,-1.4987194518944333,2.312116755547322,False,0.0,13.453642339002384,0.0,0.0,0.0,13.453642339002384
2310.4203761355616,2486.772851938686,-39.57962386443842,-13.227148061313983,41.731332007094444,-2.819070534667942,1.5895691638944527,False,0.0,13.345897319302898,0.0,0.0,0.0,13.345897319302898
2399.797402665757,2500.571672516987,49.79740266575709,0.5716725169868369,49.80068394833779,0.011479462278501653,4.235979588031114,False,0.0,12.39488101589499,0.0,0.0,0.0,12.39488101589499
2310.413740716794,2482.7589276512285,-39.58625928320589,-17.241072348771468,43.177847326757465,-2.7308354539237962,1.8081226648864686,False,0.0,13.186590742653047,0.0,0.0,0.0,13.186590742653047
2300.3567797764813,2497.235833858574,-49.64322022351871,-2.7641661414259033,49.72011593528501,-3.085969452295763,5.621075212848609,False,0.0,12.543720380022659,0.0,0.0,0.0,12.543720380022659
2282.989378543475,2517.09872371842,-67.01062145652486,17.098723718419933,69.15771642259833,2.8917593342571792,21.97376684259325,False,0.0,11.048434697189418,0.0,0.0,0.0,11.048434697189418
2385.4003441003074,2541.996143414361,35.40034410030739,41.996143414361086,54.925954011739776,0.8704136619893109,8.092761166539276,False,0.0,11.96464756259527,0.0,0.0,0.0,11.96464756259527
2395.28017714522,2478.881075544475,45.28017714522002,-21.118924455524848,49.96302044973533,-0.4364126910747126,4.787548061312918,False,0.0,12.362233351359144,0.0,0.0,0.0,12.362233351359144
2326.270064710301,2466.208273497335,-23.729935289698915,-33.791726502664915,41.291531927069556,-2.1830247247658683,1.4567818959176293,False,0.0,13.315318992478572,0.0,0.0,0.0,13.315318992478572
2362.3352496242883,2540.3833015414853,12.33524962428828,40.38330154148525,42.2252226362873,1.2743432083344857,2.144942294491557,False,0.0,13.195499048215341,0.0,0.0,0.0,13.195499048215341
2353.6778511871785,2459.6299013807675,3.677851187178476,-40.37009861923252,40.53728471273809,-1.4799437770734223,1.859286928183792,False,0.0,13.382255851725706,0.0,0.0,0.0,13.382255851725706
2354.9545059139596,2448.496419533516,4.954505913959565,-51.50358046648398,51.74133676007077,-1.4748941138426972,5.420522629789048,False,0.0,12.251817721576177,0.0,0.0,0.0,12.251817721576177
2388.998623716511,2483.0914317541983,38.99862371651079,-16.90856824580169,42.506379896492376,-0.40910565955332695,2.634272777184833,False,0.0,13.112969874521712,0.0,0.0,0.0,13.112969874521712
2390.5032857037245,2525.285570279226,40.50328570372449,25.285570279225794,47.7480493543265,0.558084576449457,4.057171762008693,False,0.0,12.602311077809047,0.0,0.0,0.0,12.602311077809047
2366.931212463543,2460.040103434408,16.931212463543034,-39.95989656559186,43.398839719725636,-1.1700229718962556,2.7304110283776026,False,0.0,13.037482255188456,0.0,0.0,0.0,13.037482255188456
2387.4216262389787,2478.765222676915,37.42162623897866,-21.234777323084927,43.02666473630995,-0.5161392271397957,2.148304721702516,False,0.0,13.035986131925332,0.0,0.0,0.0,13.035986131925332
2335.3188650139723,2540.2119824074975,-14.6811349860277,40.211982407497544,42.80816807127886,1.920853722349235,2.832884098456816,False,0.0,13.181262539722685,0.0,0.0,0.0,13.181262539722685
2402.235773283252,2496.7697602276044,52.235773283252,-3.2302397723956346,52.33555635976817,-0.061760961215503354,6.537372111934928,False,0.0,12.158517318414594,0.0,0.0,0.0,12.158517318414594
2311.358838090394,2520.2090438586415,-38.641161909606126,20.209043858641508,43.60670644986722,2.659720568706829,2.770193659104507,False,0.0,13.164350589038975,0.0,0.0,0.0,13.164350589038975
2311.598256150838,2448.034934394742,-38.4017438491619,-51.96506560525813,64.61471948415026,-2.2072147133573106,16.144554682237867,False,0.0,11.26889010452107,0.0,0.0,0.0,11.26889010452107
2317.1657232320144,2445.834572912414,-32.83427676798556,-54.16542708758607,63.34021804870329,-2.1157513136128903,16.431228268489576,False,0.0,11.341756026970572,0.0,0.0,0.0,11.341756026970572
2317.1472984784295,2471.9771494329084,-32.85270152157045,-28.02285056709161,43.180784513148254,-2.4353683881812946,3.0143663463404664,False,0.0,13.16191802393078,0.0,0.0,0.0,13.16191802393078
2383.091998692929,2527.090723310593,33.09199869292888,27.090723310593148,42.766665371337076,0.6860091427054137,2.880513763084309,False,0.0,13.12757173061325,0.0,0.0,0.0,13.12757173061325
2400.389485625084,2507.339849488199,50.389485625084035,7.339849488198979,50.92124951402867,0.14464504418888535,6.3072650701269595,False,0.0,12.298598974464921,0.0,0.0,0.0,12.298598974464921
2375.1376198324,2561.3494637147246,25.137619832400105,61.34946371472461,66.29974833227188,1.1819176442896175,13.51812584766958,False,0.0,11.105954535457796,0.0,0.0,0.0,11.105954535457796
2361.904168843266,2564.241261252014,11.90416884326578,64.24126125201383,65.33489789613567,1.387570543816068,13.971724401359097,False,0.0,11.194252557285212,0.0,0.0,0.0,11.194252557285212
2347.2496287785384,2456.9805955174165,-2.7503712214615916,-43.01940448258347,43.10723493674776,-1.6346427019621546,2.9556819538738637,False,0.0,13.117384748735917,0.0,0.0,0.0,13.117384748735917
2367.060851761457,2451.8775965212476,17.060851761456888,-48.1224034787524,51.057206929073665,-1.2300912902644598,5.989851108153516,False,0.0,12.299253125132605,0.0,0.0,0.0,12.299253125132605
2300.52939493628,2515.1545955893544,-49.470605063720086,15.154595589354358,51.7397577579123,2.84433378480868,5.813669146813027,False,0.0,12.386351055721304,0.0,0.0,0.0,12.386351055721304
2307.571481332087,2502.5868550524315,-42.42851866791307,2.586855052431474,42.507305435839356,3.08069830974858,2.4900633484003265,False,0.0,13.257301697462873,0.0,0.0,0.0,13.257301697462873
2390.906209649697,2493.21500831016,40.90620964969685,-6.784991689839899,41.46509496113747,-0.16437055624820274,1.391973954925561,False,0.0,13.233639251956518,0.0,0.0,0.0,13.233639251956518
2325.750207953711,2465.1640586183044,-24.249792046288803,-34.83594138169565,42.44520262923935,-2.1789095806330594,3.125491087293085,False,0.0,13.192514826600727,0.0,0.0,0.0,13.192514826600727
2418.0168811854624,2525.6145288490497,68.01688118546235,25.614528849049748,72.68012255325458,0.36016457760519155,23.181300715390535,False,0.0,10.618491440601472,0.0,0.0,0.0,10.618491440601472
2331.56190824725,2535.763905718375,-18.438091752750097,35.7639057183751,40.2370498386208,2.0468066319023355,2.0687513839293388,False,0.0,13.47938620768198,0.0,0.0,0.0,13.47938620768198
2388.738013924693,2484.302586424657,38.73801392469295,-15.697413575343035,41.797637681872274,-0.38499816328807257,2.4564644428664906,False,0.0,13.191820657384882,0.0,0.0,0.0,13.191820657384882
2385.9167743340963,2471.65790778097,35.91677433409632,-28.342092219029837,45.752473921290765,-0.6680620134549452,4.510424049182802,False,0.0,12.739818820752689,0.0,0.0,0.0,12.739818820752689
2380.0429263157253,2471.946958595725,30.042926315725254,-28.053041404275064,41.104142779555296,-0.751159861262311,1.8576227409876083,False,0.0,13.250918105975172,0.0,0.0,0.0,13.250918105975172
2392.2739365720668,2472.192893342498,42.27393657206676,-27.807106657502118,50.59961357521243,-0.581827623221649,6.20965093732184,False,0.0,12.294517002511503,0.0,0.0,0.0,12.294517002511503
2319.8273240479225,2470.545251600647,-30.172675952077498,-29.454748399352866,42.166012111394366,-2.3682341325484693,2.088548374099446,False,0.0,13.268318808126965,0.0,0.0,0.0,13.268318808126965
2311.4468364561358,2504.132224248117,-38.55316354386423,4.132224248116927,38.77398221071273,3.0348177933835565,1.9672126913110333,False,0.0,13.687895358762994,0.0,0.0,0.0,13.687895358762994
2419.4682001289193,2501.540614384785,69.4682001289193,1.5406143847849307,69.48528133233822,0.022173625954300055,15.556039180179141,False,0.0,10.84058764101081,0.0,0.0,0.0,10.84058764101081
2330.7074474024307,2462.8163455488198,-19.292552597569284,-37.183654451180246,41.89065222785095,-2.0494060139147003,3.1065816571353935,False,0.0,13.252687671761606,0.0,0.0,0.0,13.252687671761606
2385.2017799898226,2521.921221953415,35.201779989822626,21.92122195341517,41.469329466278666,0.5569656483992795,2.095395037448043,False,0.0,13.265420250298487,0.0,0.0,0.0,13.265420250298487
2307.9969495121536,2492.819388603686,-42.003050487846394,-7.180611396313907,42.61240934645032,-2.972274932365175,2.3975263502452435,False,0.0,13.243025642584247,0.0,0.0,0.0,13.243025642584247
2347.720311345731,2541.814984837068,-2.2796886542691936,41.814984837068096,41.877081288989544,1.6252608703396076,2.7243421544004605,False,0.0,13.256134680696547,0.0,0.0,0.0,13.256134680696547
2392.398133589269,2544.5860213080155,42.39813358926904,44.58602130801546,61.526539216278955,0.8105455767475823,10.092867018271136,False,0.0,11.421193081132097,0.0,0.0,0.0,11.421193081132097
2389.5787211679067,2485.3803599926428,39.57872116790668,-14.619640007357248,42.192523546614574,-0.3538356222243175,2.70700291938374,False,0.0,13.152178121404694,0.0,0.0,0.0,13.152178121404694
2365.8682687472638,2460.872169747932,15.868268747263755,-39.12783025206818,42.2230867330901,-1.1855151428974962,2.0765223085095386,False,0.0,13.168100625388162,0.0,0.0,0.0,13.168100625388162
2400.2022586810053,2496.2128122086283,50.20225868100533,-3.787187791371707,50.344906078387815,-0.07529597374644155,6.023154318481829,False,0.0,12.338100911937866,0.0,0.0,0.0,12.338100911937866
2312.6903193910107,2519.8315654003068,-37.30968060898931,19.831565400306772,42.2528490562641,2.653033025210285,2.3438074605528527,False,0.0,13.306865559726319,0.0,0.0,0.0,13.306865559726319
2312.844800689671,2451.0331290943946,-37.15519931032895,-48.96687090560545,61.46757911351722,-2.219894511415096,12.244016770242524,False,0.0,11.491929306558422,0.0,0.0,0.0,11.491929306558422
2318.532412382827,2472.292631607336,-31.467587617173194,-27.707368392664193,41.92740552062909,-2.4196532679230165,2.402109274807117,False,0.0,13.30569045191613,0.0,0.0,0.0,13.30569045191613
2398.901477229497,2508.88366608997,48.90147722949678,8.88366608997012,49.70185105632462,0.17970480461516203,5.049976304035226,False,0.0,12.415409106150733,0.0,0.0,0.0,12.415409106150733
2374.4279131998824,2558.2817376290136,24.42791319988237,58.281737629013605,63.19401778933009,1.1739038987455597,10.730186604621395,False,0.0,11.324554674878273,0.0,0.0,0.0,11.324554674878273
2361.183649836783,2561.1622515585273,11.183649836782934,61.16225155852726,62.176322176374704,1.3899421181092806,10.83156642687436,False,0.0,11.4201287079456,0.0,0.0,0.0,11.4201287079456
2365.4643897738806,2453.246892512812,15.464389773880612,-46.75310748718812,49.244293179891095,-1.251357157860294,5.137733788527839,False,0.0,12.46630127226586,0.0,0.0,0.0,12.46630127226586
2302.6351042898714,2515.1693022227187,-47.36489571012862,15.16930222271867,49.73470695153977,2.8316496512551277,4.952903739824251,False,0.0,12.568406221471458,0.0,0.0,0.0,12.568406221471458
2309.0655933702496,2502.827483684841,-40.934406629750356,2.8274836848408995,41.031942558423815,3.0726286704268766,2.381301424409685,False,0.0,13.423570053736839,0.0,0.0,0.0,13.423570053736839
2310.500153967285,2493.37957611129,-39.49984603271514,-6.620423888709865,40.050815835316044,-2.975529857077817,2.0101526492499033,False,0.0,13.520031294687257,0.0,0.0,0.0,13.520031294687257
2390.7200546005556,2473.641506974958,40.72005460055561,-26.358493025042208,48.50662842564333,-0.5744817631685227,5.183576654554599,False,0.0,12.493441671843447,0.0,0.0,0.0,12.493441671843447
2314.5891538144833,2522.5500454254466,-35.410846185516675,22.55004542544657,41.981336046677036,2.574544499159528,2.3690492502985308,False,0.0,13.346093345014621,0.0,0.0,0.0,13.346093345014621
2308.244667507423,2498.8712879611444,-41.755332492577054,-1.1287120388556104,41.77058513394706,-3.114567668438568,2.4323749302056967,False,0.0,13.339004844658147,0.0,0.0,0.0,13.339004844658147
2384.165383596883,2521.4874728083305,34.1653835968832,21.487472808330494,40.360685375881786,0.5614169968841969,2.1488444464939676,False,0.0,13.392485935599248,0.0,0.0,0.0,13.392485935599248
2405.58797513198,2518.7640431762734,55.587975131979874,18.76404317627339,58.669517601516596,0.325545944499518,11.213203727058499,False,0.0,11.655623607422978,0.0,0.0,0.0,11.655623607422978
2336.8505503787865,2536.4342070029643,-13.149449621213535,36.434207002964285,38.734473860834676,1.9171567821787525,1.9624844197624043,False,0.0,13.657826613885753,0.0,0.0,0.0,13.657826613885753
2363.1088624833046,2456.159451569218,13.10886248330462,-43.84054843078184,45.75845235929553,-1.280245940670816,3.7873473941199336,False,0.0,12.801642704208017,0.0,0.0,0.0,12.801642704208017
2309.663012377025,2494.0021372143715,-40.3369876229749,-5.997862785628513,40.7804723917129,-2.9939803390416357,1.5969482874925234,False,0.0,13.447756633582456,0.0,0.0,0.0,13.447756633582456
2398.560901429646,2515.866034548939,48.56090142964604,15.866034548938842,51.087104047576624,0.3157908273772084,3.926130880558958,False,0.0,12.288762338406984,0.0,0.0,0.0,12.288762338406984
2341.47916176629,2540.688690276985,-8.520838233710037,40.6886902769852,41.57131463715677,1.7772285444423574,2.093722553054249,False,0.0,13.31196640261451,0.0,0.0,0.0,13.31196640261451
2310.112949129425,2492.1116519335446,-39.88705087057497,-7.8883480664553645,40.65959742015882,-2.9463449912696364,2.1077079021333702,False,0.0,13.465082005906758,0.0,0.0,0.0,13.465082005906758
2360.715223522639,2538.971161196464,10.715223522639008,38.97116119646398,40.41741481268806,1.302474149790781,2.17326088124355,False,0.0,13.409521631911783,0.0,0.0,0.0,13.409521631911783
2385.298110052357,2470.0367992883043,35.29811005235706,-29.963200711695663,46.30064762136346,-0.7038326371690625,4.371946873062825,False,0.0,12.69926547702649,0.0,0.0,0.0,12.69926547702649
2308.781477773516,2496.3090462461205,-41.218522226483856,-3.690953753879512,41.38344734490374,-3.0522848506717315,1.2480063490565954,False,0.0,13.382168036363277,0.0,0.0,0.0,13.382168036363277
2345.68857149352,2458.4488263292083,-4.311428506479842,-41.55117367079174,41.774255818467715,-1.6741882235007979,1.7862573704787792,False,0.0,13.274492538869234,0.0,0.0,0.0,13.274492538869234
2310.3285102720797,2507.6289054229132,-39.67148972792029,7.628905422913249,40.39835758028091,2.9516098888814843,2.110456356335362,False,0.0,13.49955889722142,0.0,0.0,0.0,13.49955889722142
2354.6911011001807,2457.850179102278,4.691101100180731,-42.14982089772184,42.41006756941264,-1.459956600943484,1.9081957343955764,False,0.0,13.178847174826515,0.0,0.0,0.0,13.178847174826515
2313.925869346333,2529.9937691737646,-36.074130653667,29.993769173764576,46.91448701272249,2.447967976953539,4.083829575454729,False,0.0,12.81212049855313,0.0,0.0,0.0,12.81212049855313
2309.2450406444345,2547.7575221481175,-40.75495935556546,47.75752214811746,62.78333882330345,2.277245085391352,15.048377106351836,False,0.0,11.449620231369446,0.0,0.0,0.0,11.449620231369446
2391.943281904822,2502.98709465768,41.943281904822015,2.9870946576797905,42.04951404524562,0.07109743740983368,2.8751516438996987,False,0.0,13.182752852548395,0.0,0.0,0.0,13.182752852548395
2410.947241009491,2488.7399900761466,60.94724100949088,-11.260009923853431,61.978657698874414,-0.18269014193267707,11.52096095725392,False,0.0,11.356510576818115,0.0,0.0,0.0,11.356510576818115
2329.012576885559,2545.21686286524,-20.987423114440844,45.21686286523982,49.85014158814867,2.0053551837801122,4.486019528190809,False,0.0,12.483525959664737,0.0,0.0,0.0,12.483525959664737
2303.9078142872554,2451.8431617896417,-46.092185712744595,-48.15683821035827,66.66011288766889,-2.334291639221726,11.307552628853955,False,0.0,11.132216630804356,0.0,0.0,0.0,11.132216630804356
2305.1953857069143,2543.412538640515,-44.804614293085706,43.41253864051487,62.386713113982665,2.37197328236456,13.275079687206471,False,0.0,11.477705717029815,0.0,0.0,0.0,11.477705717029815
2283.482472710753,2470.3497173327337,-66.51752728924703,-29.65028266726631,72.82664827468388,-2.7222774563142154,18.43196238848759,False,0.0,10.785850626039636,0.0,0.0,0.0,10.785850626039636
2360.9960903340148,2540.096825182088,10.996090334014752,40.096825182088196,41.5772701402672,1.3031382804255036,2.2130346484809706,False,0.0,13.28671283717436,0.0,0.0,0.0,13.28671283717436
2343.7958295569447,2459.948404668961,-6.204170443055318,-40.05159533103915,40.52927361115418,-1.7244793196535937,2.1493374885428693,False,0.0,13.421257768158114,0.0,0.0,0.0,13.421257768158114
2420.0044906954527,2504.2490246577768,70.00449069545266,4.249024657776772,70.13332252269326,0.060622086266315364,10.689940289252377,False,0.0,10.836262996744145,0.0,0.0,0.0,10.836262996744145
2345.8165421387935,2540.1967601399283,-4.183457861206534,40.1967601399283,40.41386946857996,1.6744974926999043,1.7931491481626836,False,0.0,13.435197220302307,0.0,0.0,0.0,13.435197220302307
2394.4811709328137,2542.5575851174667,44.48117093281371,42.557585117466715,61.560723018696066,0.7633014237536015,9.439605646362907,False,0.0,11.398228839184126,0.0,0.0,0.0,11.398228839184126
2418.191279105166,2529.431687628509,68.1912791051659,29.431687628508826,74.27162838298858,0.4074516976033206,22.574037035548145,False,0.0,10.509527692317452,0.0,0.0,0.0,10.509527692317452
2386.575239608865,2479.5155025475474,36.575239608865104,-20.484497452452615,41.92091111039254,-0.5105375090297691,1.4268644522699105,False,0.0,13.155532021045008,0.0,0.0,0.0,13.155532021045008
2388.338054976899,2468.3525354888147,38.338054976899,-31.647464511185262,49.712860201344895,-0.6900881744107205,4.78533811111447,False,0.0,12.370176387897116,0.0,0.0,0.0,12.370176387897116
2328.2805875094205,2464.055584682114,-21.719412490579543,-35.94441531788607,41.996831683838074,-2.114334959059056,3.4912469971595783,False,0.0,13.239525741698515,0.0,0.0,0.0,13.239525741698515
2391.9499667084197,2493.481030119439,41.94996670841965,-6.518969880561144,42.453464819036625,-0.1541656130023117,2.1422127045439083,False,0.0,13.124693288349516,0.0,0.0,0.0,13.124693288349516
2386.4071690622222,2517.5175704842327,36.40716906222224,17.517570484232692,40.402317195865045,0.4484600344051731,1.9855986480155252,False,0.0,13.38296734687979,0.0,0.0,0.0,13.38296734687979
2380.6790159270763,2554.622765257837,30.679015927076307,54.62276525783682,62.64861133869247,1.0590508524289028,9.085390061066391,False,0.0,11.36649670581804,0.0,0.0,0.0,11.36649670581804
2300.4655670964635,2509.7125855722975,-49.534432903536526,9.712585572297485,50.47766200582356,2.947971600302792,4.756602873559132,False,0.0,12.514355342128594,0.0,0.0,0.0,12.514355342128594
2394.0501062145568,2528.349376445769,44.05010621455676,28.34937644576894,52.38414838839753,0.5718425166582956,6.057034652384573,False,0.0,12.165697793750782,0.0,0.0,0.0,12.165697793750782
2346.7220714069003,2433.0598298794707,-3.2779285930996593,-66.94017012052927,67.02037892780719,-1.6197252783702236,12.622963218800578,False,0.0,11.04901631849572,0.0,0.0,0.0,11.04901631849572
2338.0059238652443,2536.2457441568317,-11.994076134755687,36.245744156831734,38.17868295015973,1.8903642217211365,2.072324933223399,False,0.0,13.713397987649977,0.0,0.0,0.0,13.713397987649977
2349.2979776609495,2430.758343990347,-0.7020223390504725,-69.24165600965307,69.24521472508877,-1.580934707741745,15.291679323083372,False,0.0,10.915004143606192,0.0,0.0,0.0,10.915004143606192
2357.6020296382762,2542.4141712275928,7.602029638276235,42.41417122759276,43.090054253212394,1.3934461773389228,2.103464022319713,False,0.0,13.11048648241239,0.0,0.0,0.0,13.11048648241239
2299.669870282116,2485.2744419302044,-50.33012971788412,-14.725558069795625,52.44009933138919,-2.85695759572278,5.265871183748459,False,0.0,12.289791116691802,0.0,0.0,0.0,12.289791116691802
2280.4150920609304,2481.19410691556,-69.58490793906958,-18.80589308443996,72.0813500677684,-2.8776401636342386,19.30276376517486,False,0.0,10.82203941708722,0.0,0.0,0.0,10.82203941708722
2315.7041987304283,2520.37601973852,-34.29580126957171,20.37601973851997,39.89215668657828,2.60550362718939,2.2003225360967917,False,0.0,13.578093601083358,0.0,0.0,0.0,13.578093601083358
2368.4119283912055,2462.126284927034,18.411928391205493,-37.873715072966206,42.11196267702452,-1.1182980587055575,2.6020155517165904,False,0.0,13.181344063419868,0.0,0.0,0.0,13.181344063419868
2379.09397621927,2546.16353142681,29.09397621927019,46.163531426810096,54.56675806790745,1.0084397743105487,5.464738211327131,False,0.0,12.008735053161534,0.0,0.0,0.0,12.008735053161534
2314.029434208554,2528.2168605851834,-35.970565791446006,28.21686058518344,45.71731427632669,2.476409898165943,4.2622977312171315,False,0.0,12.942851485500762,0.0,0.0,0.0,12.942851485500762
2381.8105890306106,2461.7510791691852,31.810589030610572,-38.24892083081477,49.74830167147756,-0.8770388080558361,4.6956369225845265,False,0.0,12.378949175793638,0.0,0.0,0.0,12.378949175793638
2318.668231150076,2448.5907817196826,-31.331768849924174,-51.40921828031742,60.20454686698009,-2.118141365060784,11.473421843792494,False,0.0,11.571895352001217,0.0,0.0,0.0,11.571895352001217
2388.614864311276,2517.151365802097,38.61486431127605,17.15136580209719,42.25253950540263,0.41799083796235,2.124840660307882,False,0.0,13.162570871753035,0.0,0.0,0.0,13.162570871753035
2340.2725036873203,2459.5440905630358,-9.727496312679705,-40.45590943696425,41.608950874602094,-1.8067637854751126,1.5508685955555848,False,0.0,13.288293372945034,0.0,0.0,0.0,13.288293372945034
2370.421330699161,2534.837213709756,20.42133069916099,34.837213709755815,40.381458698067036,1.040590899058458,2.0918685598912816,False,0.0,13.41356964015394,0.0,0.0,0.0,13.41356964015394
2315.0167125664016,2549.7147303957113,-34.983287433598434,49.714730395711285,60.78967690307315,2.183988171375126,7.864687298699209,False,0.0,11.599265419128102,0.0,0.0,0.0,11.599265419128102
2370.691780897646,2463.1720704062827,20.691780897645913,-36.82792959371727,42.24270581859051,-1.0589005935366853,2.7882866392164942,False,0.0,13.161727390732173,0.0,0.0,0.0,13.161727390732173
2378.6902605296254,2469.1523818486544,28.690260529625448,-30.847618151345614,42.1272666436954,-0.8216173607328,3.3036423720022867,False,0.0,13.143990633889173,0.0,0.0,0.0,13.143990633889173
2309.1093571606903,2507.8717297897024,-40.89064283930975,7.8717297897023855,41.64143131178468,2.9514122954829785,2.301248937530545,False,0.0,13.36722492939687,0.0,0.0,0.0,13.36722492939687
2317.080493216828,2525.3867844992524,-32.91950678317198,25.38678449925237,41.57141751322399,2.484675108817421,1.6585311147109678,False,0.0,13.392901543554771,0.0,0.0,0.0,13.392901543554771
2354.6429531535923,2541.272293275966,4.642953153592316,41.27229327596615,41.53262821257299,1.458771667313407,1.8650377008074202,False,0.0,13.298294333133791,0.0,0.0,0.0,13.298294333133791
2340.446628027074,2540.9608947644033,-9.553371972926016,40.96089476440329,42.060216546679946,1.7999317067651701,1.4346587173899934,False,0.0,13.260444784657153,0.0,0.0,0.0,13.260444784657153
2366.8340615171123,2463.512493013635,16.834061517112332,-36.48750698636513,40.18362593447693,-1.1385314961178288,1.6462802870660198,False,0.0,13.40665692707783,0.0,0.0,0.0,13.40665692707783
2367.119737682476,2462.4887259474403,17.11973768247617,-37.511274052559656,41.23325235005153,-1.1426419187991155,1.7095924833920435,False,0.0,13.294483048882556,0.0,0.0,0.0,13.294483048882556
2330.558210088115,2451.6972396442666,-19.441789911884825,-48.302760355733426,52.06860717324095,-1.9534547493827048,4.702301255418206,False,0.0,12.256330711841018,0.0,0.0,0.0,12.256330711841018
2378.988007983962,2472.0886771705045,28.98800798396178,-27.911322829495475,40.241105215569654,-0.7664777884378954,1.6414138933851063,False,0.0,13.358901979488042,0.0,0.0,0.0,13.358901979488042
2305.6660983330385,2513.808971300186,-44.33390166696154,13.80897130018593,46.434712504603425,2.8396404408953986,4.155342708083481,False,0.0,12.876643443054215,0.0,0.0,0.0,12.876643443054215
2364.6955197318,2456.499776582778,14.695519731799777,-43.50022341722206,45.915441166735526,-1.245007563192568,3.7045898211190433,False,0.0,12.77967840055287,0.0,0.0,0.0,12.77967840055287
2282.3555212799015,2478.4785099160094,-67.6444787200985,-21.521490083990557,70.98556217111451,-2.833563407171381,18.683028532694152,False,0.0,10.887577033137408,0.0,0.0,0.0,10.887577033137408
2374.0037468084215,2466.556474640602,24.00374680842151,-33.44352535939788,41.16611773421797,-0.9482634575895468,1.7571805512798164,False,0.0,13.268594502381031,0.0,0.0,0.0,13.268594502381031
2407.409401996989,2465.7045169606426,57.40940199698889,-34.29548303935735,66.873160494736,-0.5384940695365593,11.328437251166179,False,0.0,10.988575265110363,0.0,0.0,0.0,10.988575265110363
2406.471733152284,2490.924544551915,56.47173315228383,-9.075455448084995,57.19633324622242,-0.15934544710545007,10.495931520568774,False,0.0,11.738836638059858,0.0,0.0,0.0,11.738836638059858
2389.9929202329513,2543.7607099592788,39.99292023295129,43.760709959278756,59.28265686437581,0.8303544364302263,9.549071225132138,False,0.0,11.590200370372912,0.0,0.0,0.0,11.590200370372912
2331.7595082388752,2461.3896177821357,-18.24049176112476,-38.6103822178643,42.70219145075849,-2.0121412162799115,3.5723082243616773,False,0.0,13.164418961584474,0.0,0.0,0.0,13.164418961584474
2324.0454508274634,2467.3605592766157,-25.954549172536645,-32.63944072338427,41.70097976648676,-2.2425973083711637,1.6511982080774033,False,0.0,13.273694432316546,0.0,0.0,0.0,13.273694432316546
2421.998960411322,2499.5551109512758,71.99896041132206,-0.4448890487242352,72.0003349060044,-0.006179025143716901,17.651155411219406,False,0.0,10.685348894269039,0.0,0.0,0.0,10.685348894269039
2308.439610585648,2506.7976724460914,-41.5603894143519,6.797672446091383,42.11263847061739,2.979466900722705,2.020180170871299,False,0.0,13.304977380583022,0.0,0.0,0.0,13.304977380583022
2314.7542195404108,2523.60805288052,-35.24578045958924,23.608052880520063,42.42175386538131,2.5514155505171914,1.7015683070437717,False,0.0,13.31471371890386,0.0,0.0,0.0,13.31471371890386
2337.7089151082923,2540.233974025414,-12.29108489170767,40.23397402541423,42.06950717197518,1.8672823627629829,1.9781176018759652,False,0.0,13.263089992799411,0.0,0.0,0.0,13.263089992799411
2325.126976222157,2533.6922796094664,-24.873023777843173,33.69227960946637,41.87883734221397,2.2067291316594315,2.222390837147202,False,0.0,13.314041484626618,0.0,0.0,0.0,13.314041484626618
2308.5838995322097,2470.822951621678,-41.41610046779033,-29.17704837832207,50.66155870113995,-2.5278625270264894,5.210898483466735,False,0.0,12.414413406148448,0.0,0.0,0.0,12.414413406148448
2308.375451328198,2490.5449860168287,-41.62454867180213,-9.455013983171284,42.68489594169335,-2.91823280630274,2.295418243316817,False,0.0,13.234776140666588,0.0,0.0,0.0,13.234776140666588
2344.611007416415,2457.8219215791187,-5.38899258358515,-42.17807842088132,42.52095413256798,-1.6978754252963069,2.1039016018335133,False,0.0,13.194234468511535,0.0,0.0,0.0,13.194234468511535
2386.5133214211123,2464.04614328814,36.51332142111232,-35.953856711860226,51.243560118891395,-0.7776780670870393,5.157265422342789,False,0.0,12.227460561066927,0.0,0.0,0.0,12.227460561066927
2309.301881674605,2466.623189487598,-40.69811832539517,-33.37681051240179,52.63409840786333,-2.454711045099493,6.694985955293305,False,0.0,12.22420759990092,0.0,0.0,0.0,12.22420759990092
2334.022908626697,2546.2479333860715,-15.97709137330321,46.24793338607151,48.929937576430525,1.9034263060849108,5.141979321310373,False,0.0,12.547233183685497,0.0,0.0,0.0,12.547233183685497
2411.6713611347086,2496.4495206508705,61.671361134708604,-3.550479349129546,61.77347883854561,-0.05750747962278155,11.28255691499362,False,0.0,11.37431712426532,0.0,0.0,0.0,11.37431712426532
2316.704059032367,2474.384504896857,-33.295940967633214,-25.615495103143076,42.00920463778459,-2.4858360309313,2.239618436281944,False,0.0,13.301461857622446,0.0,0.0,0.0,13.301461857622446
2386.3498839970057,2519.942316961425,36.34988399700569,19.94231696142515,41.46094635178647,0.5017840146286296,2.1832629538257606,False,0.0,13.262492460550744,0.0,0.0,0.0,13.262492460550744
2376.483648269706,2548.508109706095,26.48364826970601,48.50810970609518,55.266810410336404,1.0710575817115702,5.304375784073272,False,0.0,11.941993686246812,0.0,0.0,0.0,11.941993686246812
2389.995618506335,2529.8428488418253,39.99561850633518,29.842848841825344,49.90235592334631,0.6410344485948405,4.957792747576605,False,0.0,12.399034103781958,0.0,0.0,0.0,12.399034103781958
2326.507520062032,2557.0137225847952,-23.4924799379678,57.01372258479523,61.66409957675381,1.961646914252467,9.679294961450069,False,0.0,11.500301273313644,0.0,0.0,0.0,11.500301273313644
2310.561947464503,2490.114815263483,-39.43805253549681,-9.885184736517203,40.65804797414257,-2.8960014397978275,2.15292193413552,False,0.0,13.472264986420024,0.0,0.0,0.0,13.472264986420024
2405.622459028893,2521.1637436739647,55.62245902889299,21.163743673964746,59.512704481632845,0.3635743935540773,9.357380221916173,False,0.0,11.592913578970228,0.0,0.0,0.0,11.592913578970228
2360.539224937978,2457.2693532863273,10.539224937977906,-42.73064671367274,44.01117393187788,-1.3289794586715413,3.1279307304621398,False,0.0,12.989666116448845,0.0,0.0,0.0,12.989666116448845
2350.9951489507325,2456.482002789841,0.9951489507325277,-43.51799721015914,43.529374020511284,-1.5479327851207096,2.3757403421086565,False,0.0,13.07557787455242,0.0,0.0,0.0,13.07557787455242
2311.50971938673,2489.4246118419214,-38.49028061326999,-10.575388158078567,39.91666990597157,-2.8734544462972957,2.0873659256796486,False,0.0,13.541147390165559,0.0,0.0,0.0,13.541147390165559
2376.6242272789946,2467.5105186344,26.624227278994567,-32.48948136560011,42.004950632148535,-0.8842943437297918,2.9145015249259814,False,0.0,13.166245955826128,0.0,0.0,0.0,13.166245955826128
2337.396400215583,2545.929776911131,-12.603599784416929,45.92977691113083,47.62767194218085,1.8386141331480477,4.508062372352015,False,0.0,12.67213959270147,0.0,0.0,0.0,12.67213959270147
2324.3884769353235,2531.093135300694,-25.611523064676476,31.09313530069403,40.283162444372714,2.2598244161280054,1.9278087488119127,False,0.0,13.495137335487263,0.0,0.0,0.0,13.495137335487263
2319.6488368085907,2471.638040777017,-30.35116319140934,-28.361959222982932,41.540267669307426,-2.3900615935300413,2.1308207753309034,False,0.0,13.34054963180256,0.0,0.0,0.0,13.34054963180256
2377.7214432222963,2437.911149160062,27.72144322229633,-62.088850839938004,67.99635146793591,-1.1508733122883676,13.11426963982376,False,0.0,10.957445852236244,0.0,0.0,0.0,10.957445852236244
2348.3257850640107,2544.0831226672603,-1.674214935989312,44.08312266726034,44.11490337458093,1.60875667494886,2.408834173741525,False,0.0,13.002485286483598,0.0,0.0,0.0,13.002485286483598
2308.463925036707,2493.8020986685674,-41.536074963292776,-6.197901331432604,41.99594628378376,-2.993468261726512,1.5874281896349203,False,0.0,13.313335911007282,0.0,0.0,0.0,13.313335911007282
2327.2177491885427,2454.5554335858583,-22.78225081145729,-45.44456641414172,50.835416479119004,-2.035499040083403,5.529714728181716,False,0.0,12.373162460740929,0.0,0.0,0.0,12.373162460740929
2338.8518700733853,2544.997761509488,-11.148129926614729,44.9977615094881,46.358163700964816,1.8136548531481276,3.768453080308973,False,0.0,12.800826966538457,0.0,0.0,0.0,12.800826966538457
2350.3081342828777,2556.4410764050176,0.30813428287774514,56.44107640501761,56.44191751254842,1.5653369833301323,7.543184491567445,False,0.0,11.889356385496571,0.0,0.0,0.0,11.889356385496571
2348.406491804181,2459.2805031175685,-1.5935081958191404,-40.719496882431486,40.750664960568315,-1.6099101568568865,1.7530445827305812,False,0.0,13.379772867388597,0.0,0.0,0.0,13.379772867388597
2354.425615306788,2540.1453688490506,4.425615306788131,40.145368849050556,40.38857153787438,1.4609999254140495,1.8653619537718669,False,0.0,13.424815521155361,0.0,0.0,0.0,13.424815521155361
2381.5890340423352,2473.5305063484097,31.589034042335243,-26.469493651590255,41.21287621483596,-0.6974466924894961,1.918099783544676,False,0.0,13.227347760981953,0.0,0.0,0.0,13.227347760981953
2323.4906751464155,2446.442074769564,-26.50932485358453,-53.55792523043601,59.75948175128236,-2.0304082247534203,10.190353795357623,False,0.0,11.598926846951743,0.0,0.0,0.0,11.598926846951743
2337.58387212374,2547.8659816397317,-12.416127876259907,47.86598163973167,49.45010040206964,1.8245962707438792,4.723105266479251,False,0.0,12.491070038393985,0.0,0.0,0.0,12.491070038393985
2335.4311053870247,2539.0060225890816,-14.568894612975328,39.00602258908157,41.63799332897688,1.9282545467186776,1.847755085151789,False,0.0,13.31205666968825,0.0,0.0,0.0,13.31205666968825
2300.1718219253203,2505.49244031069,-49.82817807467973,5.492440310690199,50.12997337729682,3.031808256805442,3.6486583179685113,False,0.0,12.532219354533845,0.0,0.0,0.0,12.532219354533845
2382.3978007071914,2526.083017474437,32.397800707191436,26.08301747443693,41.59256293178717,0.6778345085889971,1.8139439164192481,False,0.0,13.257866477282775,0.0,0.0,0.0,13.257866477282775
2391.4840557704383,2505.470506356678,41.48405577043832,5.470506356678015,41.84319924388301,0.13111357761572376,2.6198876685884898,False,0.0,13.193116633830728,0.0,0.0,0.0,13.193116633830728
2358.7286773488017,2544.5194511885616,8.728677348801739,44.51945118856156,45.36707332846367,1.3771878920797491,3.8149199465269703,False,0.0,12.857754761045737,0.0,0.0,0.0,12.857754761045737
2312.7194990130033,2464.703385578552,-37.280500986996685,-35.296614421447885,51.338939835740895,-2.3835225626671193,5.768244451626742,False,0.0,12.348694100281632,0.0,0.0,0.0,12.348694100281632
2353.6185400677236,2458.127817332557,3.618540067723643,-41.87218266744321,42.02824661531162,-1.4845917871286898,2.354910553265654,False,0.0,13.217165811750602,0.0,0.0,0.0,13.217165811750602
2337.8347035366455,2556.552608924692,-12.16529646335448,56.55260892469187,57.84627917360323,1.782682098908159,9.344346396164156,False,0.0,11.783297685326177,0.0,0.0,0.0,11.783297685326177
2353.227631854051,2448.3240994377243,3.2276318540511966,-51.67590056227573,51.77659998790472,-1.5084182266615425,5.209759604746068,False,0.0,12.256322208737728,0.0,0.0,0.0,12.256322208737728
2314.696557179215,2554.2937585465693,-35.30344282078522,54.29375854656928,64.76222117958599,2.1473333755083455,8.044896566503667,False,0.0,11.312766589889595,0.0,0.0,0.0,11.312766589889595
2390.7423242064856,2511.1810076081097,40.74232420648559,11.181007608109667,42.24869125640448,0.26783829952337773,2.2306080083135384,False,0.0,13.148270747734784,0.0,0.0,0.0,13.148270747734784
2285.9096927792752,2467.7942045282466,-64.09030722072475,-32.20579547175339,71.7271269577647,-2.675941861817997,18.873790801572795,False,0.0,10.820403973996468,0.0,0.0,0.0,10.820403973996468
2420.291073638743,2475.0163476501325,70.291073638743,-24.983652349867498,74.59904770187238,-0.34150523511221154,24.03567095343169,False,0.0,10.474780772553846,0.0,0.0,0.0,10.474780772553846
2380.486474236335,2527.085574373572,30.486474236335198,27.085574373571944,40.7805523565955,0.7263946645995323,1.9892442179211685,False,0.0,13.357833439424406,0.0,0.0,0.0,13.357833439424406
2401.365373490678,2511.580079817694,51.36537349067794,11.580079817693786,52.65453297125518,0.22173820375524525,6.2319896769404295,False,0.0,12.15049608719193,0.0,0.0,0.0,12.15049608719193
2328.8290667780534,2465.318265158481,-21.170933221946598,-34.681734841518846,40.63288255964059,-2.1188530681100772,2.2533135718022095,False,0.0,13.395705519580245,0.0,0.0,0.0,13.395705519580245
2323.8841648368484,2469.1975004381284,-26.115835163151587,-30.802499561871628,40.383546470413,-2.2740396697188423,2.159034062036426,False,0.0,13.452440404305806,0.0,0.0,0.0,13.452440404305806
2293.0164530987236,2528.0154242006656,-56.98354690127644,28.01542420066562,63.49794178233821,2.684654914337212,7.770371370726934,False,0.0,11.456808422063663,0.0,0.0,0.0,11.456808422063663
2301.4835832966196,2539.297782434976,-48.5164167033804,39.29778243497594,62.43523359484413,2.460790235501805,12.021047697411632,False,0.0,11.494255421436915,0.0,0.0,0.0,11.494255421436915
2412.193894717364,2473.3751324068594,62.193894717363946,-26.624867593140607,67.65326388628134,-0.4044888395679806,15.748039987009179,False,0.0,10.939239030144238,0.0,0.0,0.0,10.939239030144238
2370.986276787296,2535.862223624908,20.986276787295992,35.86222362490798,41.55144879202056,1.0413364219785743,2.115304245614425,False,0.0,13.28835826425926,0.0,0.0,0.0,13.28835826425926
2366.997219092636,2562.632810618407,16.997219092635987,62.63281061840689,64.89818505046418,1.3057997923629179,10.911269750734391,False,0.0,11.216566119515022,0.0,0.0,0.0,11.216566119515022
2387.536353732659,2517.9832871902304,37.53635373265888,17.983287190230385,41.621826842530574,0.4467800178306061,2.1938068569224924,False,0.0,13.24582097342438,0.0,0.0,0.0,13.24582097342438
2380.194272447072,2559.6181251026146,30.194272447071853,59.61812510261461,66.82824948596969,1.1019930578143877,11.60775249258404,False,0.0,11.068435687174523,0.0,0.0,0.0,11.068435687174523
2375.8165737169015,2531.5478469750483,25.81657371690153,31.547846975048287,40.76471669521664,0.8849776023956105,2.0305800252126573,False,0.0,13.359300898165996,0.0,0.0,0.0,13.359300898165996
2392.187792648526,2491.186777635758,42.18779264852583,-8.813222364241938,43.09852360576385,-0.20594279421270112,2.126583433102951,False,0.0,13.056178501554182,0.0,0.0,0.0,13.056178501554182
2389.422733918011,2487.674451235594,39.42273391801109,-12.325548764405994,41.30461356693768,-0.30302223378412974,1.8124622439499944,False,0.0,13.261485049553318,0.0,0.0,0.0,13.261485049553318
2342.724191785132,2552.9651922381654,-7.275808214867993,52.9651922381654,53.46259415708666,1.7073115241413075,5.3105435613179,False,0.0,12.13398621147597,0.0,0.0,0.0,12.13398621147597
2307.171933563815,2541.628451270735,-42.828066436185054,41.628451270734786,59.72580037021037,2.3703974733713635,8.321094628507126,False,0.0,11.679618804920636,0.0,0.0,0.0,11.679618804920636
2401.5605435077696,2500.667430781638,51.56054350776958,0.6674307816379041,51.564863140174026,0.012943880361502739,5.26142940630416,False,0.0,12.234183059472903,0.0,0.0,0.0,12.234183059472903
2315.3711684401064,2527.6134078878845,-34.62883155989357,27.613407887884478,44.290588959576525,2.4684324233591197,2.890948536775795,False,0.0,13.08413810586043,0.0,0.0,0.0,13.08413810586043
2323.4603903819093,2438.319798316467,-26.539609618090708,-61.68020168353314,67.1475849037177,-1.9771286493149247,13.814769064671964,False,0.0,11.063630071647847,0.0,0.0,0.0,11.063630071647847
2313.4257868502905,2522.0337150624378,-36.57421314970952,22.03371506243775,42.69845040482243,2.599382048261656,2.7236125229110257,False,0.0,13.27145918157938,0.0,0.0,0.0,13.27145918157938
2418.255359941783,2478.3485661791797,68.2553599417829,-21.65143382082033,71.6071138035859,-0.3071720681197754,19.820320737164366,False,0.0,10.6730824259232,0.0,0.0,0.0,10.6730824259232
2319.2567986873382,2525.446618295113,-30.743201312661768,25.446618295112785,39.908330077917526,2.4501791081497823,2.1833914696954935,False,0.0,13.582319695179311,0.0,0.0,0.0,13.582319695179311
2362.950148329532,2450.61896106819,12.950148329532112,-49.38103893181005,51.050889784036315,-1.3143224466014922,6.363640575775662,False,0.0,12.30933675606859,0.0,0.0,0.0,12.30933675606859
2310.0352132765333,2468.2083168035056,-39.96478672346666,-31.791683196494432,51.06755622034839,-2.4696063118051614,2.9879865815892117,False,0.0,12.380105682677714,0.0,0.0,0.0,12.380105682677714
2311.6855212455926,2545.879340661382,-38.314478754407446,45.879340661381775,59.77385031721697,2.2665845562522065,12.764912111399099,False,0.0,11.671736334526528,0.0,0.0,0.0,11.671736334526528
2328.4362030390807,2540.885221394466,-21.563796960919262,40.88522139446604,46.223356302266225,2.0561407195124803,3.8220463592224405,False,0.0,12.844207167439613,0.0,0.0,0.0,12.844207167439613
2339.439390786039,2570.7114126745832,-10.560609213961015,70.71141267458324,71.49566664774314,1.7190485766446413,20.95308048098832,False,0.0,10.816000993779367,0.0,0.0,0.0,10.816000993779367
2378.131025837202,2457.731727614401,28.131025837201832,-42.268272385599175,50.7736296232259,-0.9835774108208256,4.110534660241683,False,0.0,12.317997138485834,0.0,0.0,0.0,12.317997138485834
2360.965542454923,2450.436600979745,10.965542454922797,-49.56339902025502,50.76193104849076,-1.3530609583878546,5.871696865719059,False,0.0,12.33880647808495,0.0,0.0,0.0,12.33880647808495
2366.6231770793743,2458.5761866812713,16.623177079374273,-41.42381331872866,44.63476589024654,-1.189173904590866,3.302602734653192,False,0.0,12.9085079512635,0.0,0.0,0.0,12.9085079512635
2388.6858837956584,2479.1973640692013,38.685883795658356,-20.802635930798715,43.92433570038982,-0.493375602286268,2.3825683315653805,False,0.0,12.942878381179751,0.0,0.0,0.0,12.942878381179751
2333.9687221966483,2540.9237608275253,-16.031277803351713,40.92376082752526,43.951747044648044,1.94415763823131,3.43549654150911,False,0.0,13.056508092650192,0.0,0.0,0.0,13.056508092650192
2402.839018504081,2498.9943089417106,52.839018504081196,-1.005691058289358,52.84858835370495,-0.01903081610506613,7.649573047237936,False,0.0,12.10173179345513,0.0,0.0,0.0,12.10173179345513
2369.7184824393144,2561.9944247231147,19.718482439314357,61.99442472311466,65.0548018708802,1.2628463213923933,11.050971759896129,False,0.0,11.197790781288564,0.0,0.0,0.0,11.197790781288564
2310.911470277657,2521.7105961298416,-39.08852972234308,21.710596129841633,44.71312044766718,2.6345968611966795,3.0400132304457657,False,0.0,13.051381840176797,0.0,0.0,0.0,13.051381840176797
2345.645398842756,2541.2584333364553,-4.354601157243906,41.258433336455255,41.48759902208601,1.6759515268181235,1.4954553839356777,False,0.0,13.31342806958241,0.0,0.0,0.0,13.31342806958241
2307.0666372930104,2509.462195947232,-42.933362706989556,9.462195947231976,43.96369849630186,2.9246678926823346,3.5389678375072435,False,0.0,13.11841208809771,0.0,0.0,0.0,13.11841208809771
2313.637603594842,2445.351247186585,-36.36239640515805,-54.64875281341483,65.64076520263583,-2.157910286146722,18.41881336093229,False,0.0,11.1970459027485,0.0,0.0,0.0,11.1970459027485
2316.606155620277,2470.5608200078186,-33.39384437972285,-29.43917999218138,44.51757137433712,-2.4190508442436394,3.8401938265233184,False,0.0,13.024875095670337,0.0,0.0,0.0,13.024875095670337
2312.9656283083063,2477.7223605562754,-37.03437169169365,-22.277639443724638,43.2184903228134,-2.600041896897948,3.473287884860838,False,0.0,13.15887967480191,0.0,0.0,0.0,13.15887967480191
2378.1393309327714,2467.6697460228675,28.139330932771372,-32.33025397713254,42.86102270793265,-0.8545938118975335,3.0029802922699673,False,0.0,13.069734134281836,0.0,0.0,0.0,13.069734134281836
2335.8229864178165,2446.992290267565,-14.177013582183463,-53.00770973243516,54.87080284803126,-1.8321316926200506,7.223105161054264,False,0.0,11.972374241208266,0.0,0.0,0.0,11.972374241208266
2384.632433766577,2527.0609243152126,34.63243376657692,27.06092431521256,43.951098887172314,0.6632807251996878,3.4845337735232533,False,0.0,12.99608088996738,0.0,0.0,0.0,12.99608088996738
2371.634807023361,2462.0801011233484,21.63480702336119,-37.91989887665159,43.65757214680588,-1.0523205554647035,3.3738922975435344,False,0.0,13.007056145959593,0.0,0.0,0.0,13.007056145959593
2402.623560523761,2507.9647527352254,52.62356052376117,7.964752735225375,53.222893648609855,0.15021326421824274,8.042560164054521,False,0.0,12.089106471554032,0.0,0.0,0.0,12.089106471554032
2307.0190445505723,2466.4093269153987,-42.98095544942771,-33.59067308460135,54.54993904324964,-2.478219175270517,8.104468235041168,False,0.0,12.062829959229907,0.0,0.0,0.0,12.062829959229907
2372.4107766767597,2563.459679130126,22.410776676759724,63.459679130126005,67.30062248266466,1.2313181584134483,17.38281466564922,False,0.0,11.036907032707203,0.0,0.0,0.0,11.036907032707203
2391.082358064134,2485.57434778736,41.08235806413404,-14.425652212640216,43.54146972565086,-0.3376898967251863,3.428956803294568,False,0.0,12.994514223789215,0.0,0.0,0.0,12.994514223789215
2359.1726950133275,2566.399585649093,9.172695013327484,66.39958564909284,67.03016715016261,1.4335213071403514,18.154890997921484,False,0.0,11.084578978339714,0.0,0.0,0.0,11.084578978339714
2307.6374234018663,2487.705401864419,-42.36257659813373,-12.294598135581055,44.110600079212034,-2.859129454741918,3.7015497424952173,False,0.0,13.075745066721709,0.0,0.0,0.0,13.075745066721709
2346.631634668936,2455.560166136697,-3.3683653310640693,-44.43983386330319,44.567305491823305,-1.6464477573124092,3.5531300817556257,False,0.0,12.96610363273596,0.0,0.0,0.0,12.96610363273596
2366.564599323355,2449.5685471118627,16.564599323355196,-50.4314528881373,53.082175832869844,-1.2534402365278197,8.133406646074945,False,0.0,12.109253467790786,0.0,0.0,0.0,12.109253467790786
2384.9676493392385,2459.900928490019,34.967649339238505,-40.09907150998106,53.20406033635518,-0.8536501355319649,8.462653124055578,False,0.0,12.054082273192686,0.0,0.0,0.0,12.054082273192686
2306.0141983608974,2546.573212442755,-43.98580163910265,46.57321244275499,64.061024524062,2.327630717590525,17.147121274427263,False,0.0,11.346070780600078,0.0,0.0,0.0,11.346070780600078
2299.4489311398333,2513.1323147112757,-50.55106886016665,13.13231471127574,52.22899819622524,2.887427747016443,7.367916462040739,False,0.0,12.347786627961359,0.0,0.0,0.0,12.347786627961359
2379.9717901051067,2458.3775108965337,29.97179010510672,-41.62248910346625,51.290737967714406,-0.9467163461817485,7.403175585652207,False,0.0,12.235431228031834,0.0,0.0,0.0,12.235431228031834
2299.147490351613,2503.9832756380933,-50.852509648386786,3.983275638093346,51.00827601819433,3.063422294831281,6.671326711035363,False,0.0,12.442334622162159,0.0,0.0,0.0,12.442334622162159
2298.4119598865673,2490.7385781781268,-51.588040113432726,-9.261421821873228,52.41278295328167,-2.9639583643639975,7.304555195712965,False,0.0,12.287625635465108,0.0,0.0,0.0,12.287625635465108
2326.652268812422,2463.8793137237662,-23.34773118757812,-36.120686276233755,43.009539972818935,-2.144623340978641,3.531942756247645,False,0.0,13.131756676643723,0.0,0.0,0.0,13.131756676643723
2308.1694842411766,2500.2277550219537,-41.83051575882337,0.2277550219537261,41.83113578423607,3.1361479975229667,2.344991839539034,False,0.0,13.330732856806705,0.0,0.0,0.0,13.330732856806705
2307.127293272111,2501.183825481329,-42.87270672788918,1.1838254813292224,42.88904784377754,3.11398710128256,3.4789888741870527,False,0.0,13.211980951755693,0.0,0.0,0.0,13.211980951755693
2394.702978902349,2472.879200988317,44.70297890234906,-27.120799011683175,52.28665280715509,-0.5453232645356195,7.9973595934989135,False,0.0,12.14746678628205,0.0,0.0,0.0,12.14746678628205
2347.451194972142,2559.6447754565684,-2.5488050278581795,59.64477545656837,59.699209763065504,1.6135034245187627,9.402215387784054,False,0.0,11.640734171121252,0.0,0.0,0.0,11.640734171121252
2402.207295988717,2489.7712696231492,52.20729598871685,-10.228730376850763,53.19989360492932,-0.19347453122916486,6.398292146931453,False,0.0,12.079705072650103,0.0,0.0,0.0,12.079705072650103
2383.1635766133945,2548.932845591647,33.163576613394525,48.93284559164704,59.112149271435385,0.9751690808772764,10.96003233127351,False,0.0,11.624122454057748,0.0,0.0,0.0,11.624122454057748
2299.367149453935,2492.3692257212606,-50.63285054606513,-7.630774278739409,51.20463133851506,-2.992010383752202,4.540078945744426,False,0.0,12.391353544659136,0.0,0.0,0.0,12.391353544659136
2374.8305535748577,2465.8730926463054,24.83055357485773,-34.126907353694605,42.204291207903665,-0.9417895491142213,2.288535000175216,False,0.0,13.155615866536849,0.0,0.0,0.0,13.155615866536849
2385.5284181804745,2553.579406958857,35.528418180474546,53.57940695885691,64.28857867824952,0.9852681427303759,13.515975266200257,False,0.0,11.231359634800352,0.0,0.0,0.0,11.231359634800352
2365.0600715733776,2540.8941096634194,15.060071573377627,40.894109663419385,43.57905415402023,1.217938992692887,2.7320270591881126,False,0.0,13.046789701523013,0.0,0.0,0.0,13.046789701523013
2381.080051223114,2528.2160137303354,31.08005122311397,28.216013730335362,41.97752988042367,0.7371350385585329,1.828565711284682,False,0.0,13.219434974137311,0.0,0.0,0.0,13.219434974137311
2339.3334101718483,2428.1667547675747,-10.6665898281517,-71.83324523242527,72.6208734399675,-1.7182101460560986,18.635084512678077,False,0.0,10.696115395759023,0.0,0.0,0.0,10.696115395759023
2299.50267179591,2488.918283258686,-50.49732820409008,-11.081716741313812,51.6989806639,-2.9255655431167824,5.70042090653169,False,0.0,12.345577735318372,0.0,0.0,0.0,12.345577735318372
2334.0200481024344,2452.211973231767,-15.97995189756557,-47.78802676823307,50.389030205490855,-1.8934997181219015,5.4057993297537905,False,0.0,12.397273191694335,0.0,0.0,0.0,12.397273191694335
2325.528459349568,2436.322233833707,-24.47154065043196,-63.67776616629317,68.21813692658907,-1.937697785423936,13.111197195195928,False,0.0,10.993972439964006,0.0,0.0,0.0,10.993972439964006
2350.935304735657,2457.912084623487,0.9353047356571551,-42.08791537651314,42.09830656557427,-1.5485773404793979,1.8835634179331464,False,0.0,13.224551328612002,0.0,0.0,0.0,13.224551328612002
2383.1537179819716,2522.117168422606,33.15371798197157,22.117168422606028,39.85396034350948,0.5883092889017889,2.0187380317338466,False,0.0,13.469169847054209,0.0,0.0,0.0,13.469169847054209
2401.6547424058635,2488.089929540332,51.654742405863544,-11.910070459668077,53.01001972618361,-0.2266103534986763,6.525630719625497,False,0.0,12.090231629584524,0.0,0.0,0.0,12.090231629584524
2329.987680869226,2453.358575871444,-20.012319130773903,-46.64142412855608,50.75347635119975,-1.97610713051254,4.200713802641985,False,0.0,12.387421683668311,0.0,0.0,0.0,12.387421683668311
2393.2789765204066,2507.295278588875,43.27897652040656,7.295278588875135,43.88953062340952,0.16699418831416207,3.3667493106095208,False,0.0,12.968968329333197,0.0,0.0,0.0,12.968968329333197
2352.4397237735243,2555.7880435047923,2.4397237735242925,55.78804350479231,55.8413650458484,1.5270921549458463,7.707237315076782,False,0.0,11.926587487405252,0.0,0.0,0.0,11.926587487405252
2385.472232998676,2550.325262364284,35.47223299867619,50.325262364283844,61.57037717885425,0.956816476508068,13.131254422123675,False,0.0,11.44376868225061,0.0,0.0,0.0,11.44376868225061
2391.5703222123907,2470.047411172493,41.57032221239069,-29.952588827507043,51.237186362169446,-0.6243708223786347,7.532941589423899,False,0.0,12.229627666003855,0.0,0.0,0.0,12.229627666003855
2330.286268534372,2548.626889271279,-19.713731465627916,48.6268892712792,52.47099740332878,1.955956088710937,8.011197533509403,False,0.0,12.231612275693813,0.0,0.0,0.0,12.231612275693813
2415.8438626268485,2491.414713617562,65.84386262684848,-8.585286382437971,66.40121525914844,-0.1296570867671039,17.740167965250293,False,0.0,11.026070752802594,0.0,0.0,0.0,11.026070752802594
2335.0368684152504,2450.615325900824,-14.96313158474959,-49.38467409917621,51.60175716682889,-1.8649952611612763,6.267166134658055,False,0.0,12.283679939312975,0.0,0.0,0.0,12.283679939312975
2314.7522293242596,2519.9171713386036,-35.24777067574041,19.917171338603566,40.485788268735455,2.627259212079505,1.7915227071648587,False,0.0,13.516590545462657,0.0,0.0,0.0,13.516590545462657
2299.145814904427,2499.169334563266,-50.85418509557303,-0.8306654367338524,50.86096879536003,-3.1252598469401547,7.936240849976457,False,0.0,12.44430200010093,0.0,0.0,0.0,12.44430200010093
2412.544731965659,2476.2605128306473,62.54473196565914,-23.739487169352742,66.89848090741678,-0.3627625944792053,12.549487945434521,False,0.0,11.000387062010875,0.0,0.0,0.0,11.000387062010875
2355.778947003472,2541.5730641863197,5.778947003471785,41.5730641863197,41.972799457610556,1.432674427496338,1.5065813446044558,False,0.0,13.23821164342147,0.0,0.0,0.0,13.23821164342147
2393.227913289685,2511.263191763942,43.22791328968515,11.263191763941904,44.67115373584912,0.2548866071393531,2.388813738908766,False,0.0,12.902096765766174,0.0,0.0,0.0,12.902096765766174
2335.1908928655816,2462.375679427738,-14.809107134418355,-37.62432057226215,40.43388619268533,-1.945777333101074,1.966622431239557,False,0.0,13.415267903939085,0.0,0.0,0.0,13.415267903939085
2296.2069821651917,2525.100987432565,-53.793017834808325,25.100987432565034,59.361168602595704,2.705002450090742,8.940751554406233,False,0.0,11.783065077761227,0.0,0.0,0.0,11.783065077761227
2370.4658799228214,2452.4858210851885,20.465879922821387,-47.51417891481151,51.734412521686785,-1.1640806126243182,4.989362410358808,False,0.0,12.218749125935293,0.0,0.0,0.0,12.218749125935293
2342.8170610338693,2448.7456492066035,-7.182938966130678,-51.2543507933965,51.755222803536476,-1.710032525841109,5.929762176143754,False,0.0,12.247668763951788,0.0,0.0,0.0,12.247668763951788
2380.418854708634,2460.4442007994944,30.41885470863417,-39.55579920050559,49.899578877739174,-0.9152386268361801,4.271606589536532,False,0.0,12.380497826922623,0.0,0.0,0.0,12.380497826922623
2293.9208858150564,2525.1917896797017,-56.07911418494359,25.191789679701742,61.477583841870924,2.719388603963644,9.791864770148095,False,0.0,11.636516558267994,0.0,0.0,0.0,11.636516558267994
2344.4847805610666,2552.471092376764,-5.5152194389334,52.47109237676386,52.760147655882044,1.6755214616883893,4.689708970099673,False,0.0,12.197359058493774,0.0,0.0,0.0,12.197359058493774
2307.8244969922544,2447.8142955285034,-42.17550300774565,-52.18570447149659,67.09784501116813,-2.2505059093155215,16.63695382923106,False,0.0,11.100353546769961,0.0,0.0,0.0,11.100353546769961
2390.127711491837,2505.243649425057,40.12771149183709,5.243649425056901,40.468865673070376,0.12993776646296765,2.1197730603075797,False,0.0,13.348204423860977,0.0,0.0,0.0,13.348204423860977
2339.388577331898,2554.762713838301,-10.611422668102023,54.7627138383009,55.781333060233884,1.7621952966734022,8.574888515631756,False,0.0,11.935042535723241,0.0,0.0,0.0,11.935042535723241
2342.4918030292106,2568.166180463488,-7.508196970789413,68.16618046348822,68.57843087103272,1.6804995964365903,19.570308605983882,False,0.0,11.001652448374998,0.0,0.0,0.0,11.001652448374998
2374.6072530128977,2531.4970949742387,24.607253012897672,31.497094974238735,39.969787248082476,0.9075904247852433,2.0862534285524816,False,0.0,13.453708459984636,0.0,0.0,0.0,13.453708459984636
2386.3347500626655,2516.335337636824,36.334750062665535,16.33533763682408,39.83788796893498,0.42250369922663006,1.91368727460042,False,0.0,13.450733151363432,0.0,0.0,0.0,13.450733151363432
2313.64244124058,2516.3515677490427,-36.357558759420044,16.351567749042715,39.86534644018806,2.7189522360781786,2.0928100357209587,False,0.0,13.568257875383765,0.0,0.0,0.0,13.568257875383765
2392.570715688043,2504.245604829005,42.57071568804304,4.24560482900506,42.78190031492599,0.09940195483159157,3.5393642693770744,False,0.0,13.099495911195744,0.0,0.0,0.0,13.099495911195744
2388.8773799274454,2480.5031012035124,38.87737992744542,-19.496898796487585,43.49229509583755,-0.4648446848300072,2.294271319370864,False,0.0,12.993273401971551,0.0,0.0,0.0,12.993273401971551
2313.6842966639992,2478.8782795802967,-36.31570333600075,-21.12172041970325,42.01139586203398,-2.614802005595018,2.221210202258135,False,0.0,13.293159733697824,0.0,0.0,0.0,13.293159733697824
2341.82737489982,2555.0612990786026,-8.172625100180085,55.06129907860259,55.66451703959548,1.7181482745685845,9.34794269853046,False,0.0,11.954178986385,0.0,0.0,0.0,11.954178986385
2300.2725344543373,2502.3956568645526,-49.72746554566265,2.3956568645526204,49.78513835882898,3.0934541439300114,3.85492890140722,False,0.0,12.558704393536644,0.0,0.0,0.0,12.558704393536644
2372.525559231181,2464.833083578162,22.525559231180978,-35.16691642183787,41.76257689963555,-1.0011053324820292,1.989192633482162,False,0.0,13.209311564698906,0.0,0.0,0.0,13.209311564698906
2307.3847441048238,2497.864998764652,-42.61525589517623,-2.135001235348227,42.66870358103573,-3.0915350480933896,3.1073006928609175,False,0.0,13.236522890933001,0.0,0.0,0.0,13.236522890933001
2322.1445144566037,2470.716801617144,-27.8554855433963,-29.28319838285597,40.415761558927215,-2.331212888823861,2.179557914374527,False,0.0,13.461346919282086,0.0,0.0,0.0,13.461346919282086
2346.882862214505,2539.708319547893,-3.1171377854948332,39.7083195478931,39.83048065604216,1.6491365433676402,1.8404381850252207,False,0.0,13.496095371251798,0.0,0.0,0.0,13.496095371251798
2393.4826998834205,2524.2019802986065,43.48269988342054,24.201980298606486,49.76425463649342,0.507887652185161,5.779829535018507,False,0.0,12.398292789777948,0.0,0.0,0.0,12.398292789777948
2330.8550994703614,2465.222673120737,-19.144900529638562,-34.777326879263,39.69873651839393,-2.07402293844875,1.5304229384405517,False,0.0,13.509757617698813,0.0,0.0,0.0,13.509757617698813
2342.455720079996,2560.007111236907,-7.544279920004101,60.007111236906894,60.47949700939893,1.6958632311687287,8.952474655827245,False,0.0,11.58269983622078,0.0,0.0,0.0,11.58269983622078
2375.277443091984,2437.0747716755664,25.27744309198397,-62.92522832443365,67.81248770654705,-1.1888201076490261,12.430301920205238,False,0.0,10.988261313497048,0.0,0.0,0.0,10.988261313497048
2288.6012358710755,2526.400641782723,-61.39876412892454,26.40064178272314,66.83413890444746,2.735505959958006,15.381365418787027,False,0.0,11.207766282794394,0.0,0.0,0.0,11.207766282794394
2393.402005203376,2508.4808840365563,43.40200520337612,8.48088403655629,44.2228385533471,0.19297153002051062,1.9600895727096557,False,0.0,12.944789841000443,0.0,0.0,0.0,12.944789841000443
2327.295045775336,2535.0650911749494,-22.704954224664107,35.06509117494943,41.77410161154407,2.145418252652138,1.998860450014945,False,0.0,13.319059152044616,0.0,0.0,0.0,13.319059152044616
2392.1960232427273,2525.581246465333,42.19602324272728,25.58124646533315,49.344751982565484,0.5450008144394056,4.641587262817666,False,0.0,12.455646442118043,0.0,0.0,0.0,12.455646442118043
2398.203375389361,2460.1991283703787,48.2033753893611,-39.80087162962127,62.51139721207049,-0.6902083283129179,8.767064435642169,False,0.0,11.292909677343879,0.0,0.0,0.0,11.292909677343879
2386.3290086276697,2521.073773455441,36.32900862766974,21.073773455440914,41.998818977687314,0.5256445215072565,1.919791667872687,False,0.0,13.199350573810566,0.0,0.0,0.0,13.199350573810566
2405.715863580096,2546.897661991215,55.715863580096084,46.897661991215045,72.82615021211909,0.699672721920811,21.52457946400682,False,0.0,10.607445582554757,0.0,0.0,0.0,10.607445582554757
2367.5297925203217,2464.366464506839,17.529792520321735,-35.63353549316116,39.71199412706323,-1.113612262080566,1.8224192444199616,False,0.0,13.470267486461903,0.0,0.0,0.0,13.470267486461903
2385.853136095868,2474.867508209626,35.853136095868194,-25.132491790373933,43.784580750557154,-0.6113863804569037,2.718564926851286,False,0.0,12.950790827595247,0.0,0.0,0.0,12.950790827595247
2392.5941945691898,2497.5318844737217,42.59419456918977,-2.468115526278325,42.66564197629108,-0.05788015902891882,2.692048346030788,False,0.0,13.106697482559653,0.0,0.0,0.0,13.106697482559653
2340.224637837942,2560.487067228962,-9.775362162058173,60.48706722896213,61.27187778549295,1.7310217672025396,8.073318155518791,False,0.0,11.518075524802478,0.0,0.0,0.0,11.518075524802478
2407.6693722557534,2488.8255884121577,57.66937225575339,-11.174411587842314,58.74201197360509,-0.19139500861172054,10.42703750542205,False,0.0,11.610233948199534,0.0,0.0,0.0,11.610233948199534
2305.922767306671,2522.7649442854067,-44.077232693328824,22.764944285406727,49.60892188124559,2.6648492948191023,4.124813553283275,False,0.0,12.57857907408197,0.0,0.0,0.0,12.57857907408197
2310.793523593665,2529.6303419358037,-39.20647640633479,29.6303419358037,49.143717354643954,2.494420920765038,4.3953413472618195,False,0.0,12.604780940235695,0.0,0.0,0.0,12.604780940235695
2325.026972011304,2542.740802098203,-24.973027988695776,42.74080209820295,49.50180088564387,2.0995843429218968,5.028388217712745,False,0.0,12.53713672150386,0.0,0.0,0.0,12.53713672150386
2318.083061885263,2538.1544774322215,-31.91693811473715,38.15447743222148,49.743894969592596,2.267411614527556,4.257964820175403,False,0.0,12.5290122503306,0.0,0.0,0.0,12.5290122503306
2384.325203571904,2536.217567284869,34.325203571903785,36.21756728486889,49.89921622918181,0.8122174952336564,4.485813516781491,False,0.0,12.415359657799796,0.0,0.0,0.0,12.415359657799796
2375.031890060665,2542.360402307693,25.031890060664864,42.36040230769322,49.20365030847644,1.0370751304869552,4.706493327060343,False,0.0,12.480756825972085,0.0,0.0,0.0,12.480756825972085
2408.4773052071573,2482.069244219725,58.477305207157315,-17.93075578027492,61.16459128566863,-0.2975260163355678,9.29898717011747,False,0.0,11.410644392583212,0.0,0.0,0.0,11.410644392583212
2392.4006117771883,2527.5645425471885,42.40061177718826,27.564542547188466,50.57287696894056,0.5764439384190427,3.956213207311521,False,0.0,12.334258139829354,0.0,0.0,0.0,12.334258139829354
2314.8003175890785,2518.550041064475,-35.19968241092147,18.550041064474954,39.788461459617174,2.6565833432331747,1.96485130570818,False,0.0,13.573522748770463,0.0,0.0,0.0,13.573522748770463
2381.692932134281,2433.7708627736533,31.69293213428091,-66.22913722634667,73.42166277750998,-1.124468046251324,18.956983496440444,False,0.0,10.585930264546805,0.0,0.0,0.0,10.585930264546805
2325.861631830921,2467.9026884245495,-24.138368169079058,-32.097311575450476,40.16090422584577,-2.215599886461491,1.8545094499399966,False,0.0,13.46577853442622,0.0,0.0,0.0,13.46577853442622
2371.5843757010603,2450.9124550142687,21.584375701060253,-49.087544985731256,53.62343095262285,-1.1565308821322329,7.3937429152319964,False,0.0,12.053442847676749,0.0,0.0,0.0,12.053442847676749
2284.5841947961417,2473.371809379337,-65.41580520385833,-26.62819062066319,70.62781397013158,-2.7550144928036677,15.340805148638538,False,0.0,10.901053206508722,0.0,0.0,0.0,10.901053206508722
2388.6290693347896,2511.626089662667,38.62906933478962,11.6260896626668,40.34068614335101,0.2923440595844072,1.8874446668564815,False,0.0,13.361668728131738,0.0,0.0,0.0,13.361668728131738
2392.8093361837487,2492.3227321752133,42.809336183748655,-7.677267824786668,43.49229478593555,-0.17744998995572434,2.859863546554152,False,0.0,13.005974558443791,0.0,0.0,0.0,13.005974558443791
2392.616213943009,2498.6368894624256,42.616213943008916,-1.3631105375743573,42.63800841003194,-0.031974824522756774,1.789422182881026,False,0.0,13.126768682038461,0.0,0.0,0.0,13.126768682038461
2315.109127444992,2478.853823814687,-34.89087255500817,-21.146176185312925,40.79869795606372,-2.5967246963895616,1.9808352765526251,False,0.0,13.437165403821057,0.0,0.0,0.0,13.437165403821057
2306.3682394995826,2515.3515926243267,-43.631760500417386,15.351592624326713,46.25366926492497,2.8032756206360445,3.8659285477392586,False,0.0,12.892149979867872,0.0,0.0,0.0,12.892149979867872
2387.772476995925,2482.3097554474784,37.77247699592499,-17.690244552521563,41.70976828916341,-0.43799781865445747,2.0827586942750713,False,0.0,13.194532256711438,0.0,0.0,0.0,13.194532256711438
2387.7676810831736,2481.1450526771746,37.76768108317356,-18.85494732282541,42.21263759760609,-0.46303540176665187,2.0535494603982443,False,0.0,13.13235537368892,0.0,0.0,0.0,13.13235537368892
2336.5670306557668,2540.9391859102107,-13.432969344233243,40.939185910210654,43.08667553193099,1.8878476467870469,2.3421209486905354,False,0.0,13.14808886660835,0.0,0.0,0.0,13.14808886660835
2332.5672592081087,2538.59582563615,-17.43274079189132,38.59582563615004,42.35018545476948,1.9950416921207,3.1634489305834563,False,0.0,13.236368042003079,0.0,0.0,0.0,13.236368042003079
2325.159418503284,2535.112114395273,-24.840581496715913,35.11211439527278,43.01063899085559,2.186514608123945,2.2059357598227507,False,0.0,13.183881745765305,0.0,0.0,0.0,13.183881745765305
2323.175845366783,2568.3866213205242,-26.82415463321695,68.38662132052423,73.45927611556974,1.9445975615074762,19.10055138326379,False,0.0,10.720704034154245,0.0,0.0,0.0,10.720704034154245
2319.003361185986,2469.4865333995454,-30.996638814014204,-30.51346660045465,43.495554505529796,-2.3640494966638785,2.4941743547387887,False,0.0,13.121656550365547,0.0,0.0,0.0,13.121656550365547
2316.1675358608286,2473.1317476871204,-33.83246413917141,-26.868252312879576,43.20345602005559,-2.4704253358345682,2.534002776836587,False,0.0,13.170364256656091,0.0,0.0,0.0,13.170364256656091
2382.3647430449123,2528.3110563469686,32.3647430449123,28.3110563469686,42.99991283531201,0.7186883430946166,2.3464043910962573,False,0.0,13.105980348080454,0.0,0.0,0.0,13.105980348080454
2373.4216667754686,2463.9891886409205,23.421666775468566,-36.010811359079526,42.957572199558705,-0.9941353753217397,2.3855274291270234,False,0.0,13.07908863299297,0.0,0.0,0.0,13.07908863299297
2306.569187297527,2470.561751329802,-43.43081270247285,-29.438248670197936,52.46757071530649,-2.5459085984244894,6.753258628969888,False,0.0,12.248201419173633,0.0,0.0,0.0,12.248201419173633
2390.6177462579467,2488.092603731852,40.61774625794669,-11.907396268148204,42.32714728116758,-0.28516749454624174,2.651556617969618,False,0.0,13.1347285388495,0.0,0.0,0.0,13.1347285388495
2307.0733976800507,2490.284344169588,-42.926602319949325,-9.715655830411833,44.01235229966804,-2.9190109323379714,2.5389492407514354,False,0.0,13.090807018374337,0.0,0.0,0.0,13.090807018374337
2344.17861036128,2456.537253870389,-5.82138963872012,-43.46274612961088,43.850870897312895,-1.7039436424316572,2.950741577649751,False,0.0,13.04164828566505,0.0,0.0,0.0,13.04164828566505
2348.651996118935,2457.1163636513897,-1.3480038810648693,-42.88363634861025,42.904817689196776,-1.602219971643105,2.521573900445219,False,0.0,13.138355029204586,0.0,0.0,0.0,13.138355029204586
2387.943773817556,2462.558539102642,37.94377381755612,-37.441460897357956,53.30659401655898,-0.778734982097,5.9823030731499784,False,0.0,12.040013527389167,0.0,0.0,0.0,12.040013527389167
2334.177678135596,2548.2783698493363,-15.822321864403875,48.278369849336286,50.80498857878127,1.8874963998658243,5.863888669141488,False,0.0,12.370755332422515,0.0,0.0,0.0,12.370755332422515
2414.829521719571,2497.251364871794,64.82952171957095,-2.748635128205933,64.88776372673301,-0.04237251585898448,14.511136693381559,False,0.0,11.13827302545342,0.0,0.0,0.0,11.13827302545342
2320.6804599588845,2566.5654533752167,-29.319540041115488,66.56545337521675,72.73647648374734,1.9856900402134046,15.016479047080793,False,0.0,10.769683514226003,0.0,0.0,0.0,10.769683514226003
2320.2960138907115,2529.0164588930807,-29.703986109288508,29.016458893080653,41.524470827147745,2.36790243623055,1.858019368688474,False,0.0,13.383394971037745,0.0,0.0,0.0,13.383394971037745
2311.244470819742,2502.0268407913786,-38.75552918025778,2.0268407913786177,38.808492957539706,3.089342149069705,2.279414390728107,False,0.0,13.678615952872777,0.0,0.0,0.0,13.678615952872777
2323.871079011723,2531.938916510389,-26.12892098827706,31.938916510388935,41.265177812160466,2.2564710749402557,1.6216103363990442,False,0.0,13.380432097348642,0.0,0.0,0.0,13.380432097348642
2333.5654725287445,2537.881488401117,-16.43452747125548,37.88148840111717,41.2928668983812,1.9801311446056276,1.9902714075387848,False,0.0,13.353936834526715,0.0,0.0,0.0,13.353936834526715
2392.3688742068784,2489.959205252554,42.368874206878445,-10.040794747445943,43.54238235005783,-0.23269240090659463,2.3636528834895216,False,0.0,13.002206919672064,0.0,0.0,0.0,13.002206919672064
2349.0624788289133,2458.241891957363,-0.9375211710867006,-41.758108042637105,41.76863097166089,-1.5932437924717437,1.4906373994904243,False,0.0,13.259039247335075,0.0,0.0,0.0,13.259039247335075
2327.237371234476,2533.7958204562024,-22.762628765523914,33.795820456202364,40.746714574612305,2.163538071901762,2.1982160063253104,False,0.0,13.442372093903384,0.0,0.0,0.0,13.442372093903384
2389.73098458722,2511.998093814143,39.730984587220064,11.998093814142976,41.503076891272705,0.2932753405323498,1.9589961815725019,False,0.0,13.231591078309377,0.0,0.0,0.0,13.231591078309377
2321.744038743775,2448.5489621710944,-28.255961256224964,-51.451037828905555,58.69930698215062,-2.073010960288756,9.455849799576754,False,0.0,11.699848614753106,0.0,0.0,0.0,11.699848614753106
2391.438359242907,2495.5969257532493,41.438359242907154,-4.403074246750748,41.67162919261291,-0.10585879730531932,1.6109180443791047,False,0.0,13.213420454546945,0.0,0.0,0.0,13.213420454546945
2392.2781621539375,2494.800575567137,42.2781621539375,-5.1994244328629975,42.59667838632123,-0.1223668855132545,2.268122587783637,False,0.0,13.105497759750751,0.0,0.0,0.0,13.105497759750751
2347.4330785721236,2459.401284792833,-2.566921427876423,-40.59871520716706,40.67978321094582,-1.633938942951471,1.5984042181671612,False,0.0,13.38122161818828,0.0,0.0,0.0,13.38122161818828
2296.1039856932052,2519.6131657143414,-53.89601430679477,19.61316571434145,57.35378477046171,2.7925821691251675,8.543226874791799,False,0.0,11.931359956049288,0.0,0.0,0.0,11.931359956049288
2369.3590556108215,2463.103311703728,19.359055610821542,-36.896688296271805,41.666997028525124,-1.0875980650619375,2.4794363507362505,False,0.0,13.236579204847684,0.0,0.0,0.0,13.236579204847684
2391.138076865684,2449.600796199918,41.13807686568407,-50.39920380008198,65.05706043074133,-0.8862283438795322,10.322118727382986,False,0.0,11.139115525885437,0.0,0.0,0.0,11.139115525885437
2359.80736498442,2459.3468237174725,9.807364984420019,-40.65317628252751,41.81943507265354,-1.3340747301906968,1.7797988732245358,False,0.0,13.235105747127122,0.0,0.0,0.0,13.235105747127122
2379.521430000845,2532.241536063072,29.521430000845157,32.24153606307209,43.715346012598125,0.8294107752755162,2.065868016519744,False,0.0,13.036206006781917,0.0,0.0,0.0,13.036206006781917
2351.7930647833577,2458.3835935037387,1.7930647833577495,-41.616406496261334,41.65501615627319,-1.527737431463235,1.3748544490089216,False,0.0,13.259394998054109,0.0,0.0,0.0,13.259394998054109
2351.757709118114,2432.216943754263,1.7577091181137803,-67.78305624573704,67.80584233940797,-1.5448707431558732,11.288215437907638,False,0.0,11.008764751996827,0.0,0.0,0.0,11.008764751996827
2389.813878550962,2517.637191880865,39.81387855096182,17.637191880864975,43.545556176413534,0.4170100162485857,2.540396489224804,False,0.0,13.023222845441843,0.0,0.0,0.0,13.023222845441843
2321.799150768828,2530.391695264823,-28.200849231172015,30.39169526482283,41.46013794512929,2.318820692910704,1.9454498911018163,False,0.0,13.374871395647096,0.0,0.0,0.0,13.374871395647096
2365.2971582796877,2565.076490488633,15.297158279687665,65.07649048863323,66.85022562228932,1.339923452830495,16.204656574484034,False,0.0,11.08512409084571,0.0,0.0,0.0,11.08512409084571
2378.4877687306835,2562.152041166605,28.487768730683456,62.15204116660516,68.36979734084552,1.1410152131100115,16.1662734929414,False,0.0,10.964095647676999,0.0,0.0,0.0,10.964095647676999
2323.985408696309,2465.1140256750955,-26.01459130369085,-34.88597432490451,43.51769944856879,-2.211541965854028,3.8222664697141226,False,0.0,13.080253850157723,0.0,0.0,0.0,13.080253850157723
2369.2047046581633,2534.8735883441827,19.204704658163337,34.873588344182735,39.811905819827295,1.0674198168804374,1.8752180764513469,False,0.0,13.489078128904234,0.0,0.0,0.0,13.489078128904234
2362.6214359526293,2541.6361554663376,12.621435952629326,41.63615546633764,43.5071268589798,1.2764645539481707,2.588239721469108,False,0.0,13.056051601217368,0.0,0.0,0.0,13.056051601217368
2368.4179551872107,2460.709149989198,18.417955187210737,-39.29085001080193,43.39345535733974,-1.132452062183705,3.3475592491959105,False,0.0,13.038044460987306,0.0,0.0,0.0,13.038044460987306
2315.3211444105964,2531.0219777321495,-34.67885558940361,31.02197773214948,46.52941142336413,2.411796654734803,3.7425493996487376,False,0.0,12.844069031563016,0.0,0.0,0.0,12.844069031563016
2379.2648784496073,2527.1535001090256,29.264878449607295,27.153500109025572,39.92174443634873,0.7479920283322881,2.0553962657813827,False,0.0,13.457510769417432,0.0,0.0,0.0,13.457510769417432
2392.4230604919226,2501.8828204329075,42.42306049192257,1.8828204329074651,42.464821608996495,0.044352897548625425,2.0088265616568606,False,0.0,13.153211430778825,0.0,0.0,0.0,13.153211430778825
2387.224023942814,2489.802363053841,37.2240239428138,-10.197636946159037,38.59559246573166,-0.2673926608510715,1.645846678216003,False,0.0,13.588551615708337,0.0,0.0,0.0,13.588551615708337
2388.9552159162304,2486.476582621863,38.95521591623037,-13.523417378136855,41.23580561433743,-0.3341362067611183,1.665235448733256,False,0.0,13.265427499913619,0.0,0.0,0.0,13.265427499913619
2313.9499660399238,2518.218827618034,-36.050033960076235,18.218827618034084,40.39220999522421,2.6736533745692497,1.4190293215679048,False,0.0,13.50762554181536,0.0,0.0,0.0,13.50762554181536
2309.8196221497815,2481.6795070319586,-40.18037785021852,-18.320492968041435,44.159973129276096,-2.713796590845961,3.1056117298967365,False,0.0,13.0758106486423,0.0,0.0,0.0,13.0758106486423
2385.1551522286404,2474.020714477952,35.15515222864042,-25.97928552204803,43.712789941331536,-0.6364170148698075,1.8728211323514188,False,0.0,12.963310584657595,0.0,0.0,0.0,12.963310584657595
2379.6426276480897,2552.3060114579584,29.64262764808973,52.30601145795845,60.12157855980974,1.055210353211744,9.648721074453533,False,0.0,11.565248158326153,0.0,0.0,0.0,11.565248158326153
2390.0271487225905,2522.2680592791717,40.02714872259048,22.268059279171666,45.804356767900146,0.5076854401135732,4.021826399512065,False,0.0,12.795250495513939,0.0,0.0,0.0,12.795250495513939
2310.239943024775,2551.4216126491,-39.76005697522487,51.4216126491001,65.00034136915913,2.2289913947326467,16.169129160891316,False,0.0,11.27952707249064,0.0,0.0,0.0,11.27952707249064
2321.0968164707447,2528.2085499922196,-28.90318352925533,28.20854999221956,40.387080988719234,2.3683566019775837,1.77917597693488,False,0.0,13.511766276243176,0.0,0.0,0.0,13.511766276243176
2301.6557147624853,2542.16520228919,-48.34428523751467,42.16520228918989,64.1488440988182,2.424358724286765,15.468965591982851,False,0.0,11.357685661634582,0.0,0.0,0.0,11.357685661634582
2291.854801486139,2517.9407885329447,-58.14519851386103,17.94078853294468,60.850110956350335,2.842309022960626,9.344843703463994,False,0.0,11.664713378651122,0.0,0.0,0.0,11.664713378651122
2358.1995460320545,2455.9606931507574,8.199546032054513,-44.03930684924262,44.796128213200845,-1.3867170940074154,3.036741649813848,False,0.0,12.913501086428212,0.0,0.0,0.0,12.913501086428212
2398.2524882486355,2538.6120221141773,48.25248824863547,38.61202211417731,61.79960253861202,0.6748676954239643,9.362230029677903,False,0.0,11.372212965324554,0.0,0.0,0.0,11.372212965324554
2388.448815628317,2554.7804001046006,38.44881562831688,54.78040010460063,66.92685304749084,0.9588152545087458,13.532894605990805,False,0.0,11.041804019340539,0.0,0.0,0.0,11.041804019340539
2287.2428526594126,2461.974507618846,-62.75714734058738,-38.02549238115398,73.37845469316858,-2.5968352889733697,19.005899445086015,False,0.0,10.707164657212745,0.0,0.0,0.0,10.707164657212745
2329.218960706697,2462.6934893415764,-20.78103929330291,-37.306510658423576,42.703949836249,-2.0790247858133974,3.644514956763487,False,0.0,13.16636098499825,0.0,0.0,0.0,13.16636098499825
2399.110369652665,2541.2968677753865,49.11036965266521,41.296867775386545,64.165876410123,0.699186762678633,11.209820304980894,False,0.0,11.19997749057533,0.0,0.0,0.0,11.19997749057533
2342.1164499803094,2564.9401150482186,-7.883550019690574,64.94011504821856,65.41688546078012,1.6916024188620353,12.453672635538624,False,0.0,11.220439322670977,0.0,0.0,0.0,11.220439322670977
2325.3226591769812,2467.1291926948365,-24.677340823018767,-32.87080730516345,41.10305491065859,-2.214769134737504,1.5622826546400574,False,0.0,13.377661672048045,0.0,0.0,0.0,13.377661672048045
2314.615679636023,2481.7399861477784,-35.38432036397717,-18.26001385222162,39.81806416067831,-2.665189087010086,1.995507228994029,False,0.0,13.556949436317462,0.0,0.0,0.0,13.556949436317462
2389.6761737899847,2504.118014956316,39.67617378998466,4.118014956316074,39.88930701069534,0.1034203229267116,2.1174011808516298,False,0.0,13.420124714051436,0.0,0.0,0.0,13.420124714051436
2342.7830432636088,2539.0935839515996,-7.216956736391239,39.09358395159961,39.7541541315585,1.7533482567758165,1.7792938865204633,False,0.0,13.519586454974894,0.0,0.0,0.0,13.519586454974894
2349.0744638006513,2539.903684828071,-0.9255361993486986,39.903684828071164,39.91441694568945,1.5939864227872274,2.2353383941754146,False,0.0,13.478573419950997,0.0,0.0,0.0,13.478573419950997
2385.6692349037426,2480.927136332725,35.66923490374256,-19.072863667275215,40.44834294614346,-0.4910321553082404,1.4503961583318414,False,0.0,13.335717277145516,0.0,0.0,0.0,13.335717277145516
2370.8936530426745,2537.974575846614,20.893653042674487,37.97457584661379,43.34297115101691,1.0677987408649887,2.2418599308584817,False,0.0,13.079706235773193,0.0,0.0,0.0,13.079706235773193
2349.7526447403593,2455.9910324314146,-0.24735525964069893,-44.008967568585376,44.009662701244046,-1.5764168325382284,3.268300084047951,False,0.0,13.018735663150816,0.0,0.0,0.0,13.018735663150816
2382.9147187296226,2529.727932185013,32.914718729622564,29.727932185012833,44.35232418991014,0.7345695088688966,3.122413389153735,False,0.0,12.961823250791841,0.0,0.0,0.0,12.961823250791841
2337.1724748034235,2460.711925080269,-12.827525196576516,-39.288074919731116,41.32914508633357,-1.8863836066847046,1.46439783813355,False,0.0,13.31238965990511,0.0,0.0,0.0,13.31238965990511
2314.639754111758,2473.180381280032,-35.360245888241934,-26.81961871996782,44.38061443424797,-2.4926939492640723,3.1209977555599835,False,0.0,13.039716256409182,0.0,0.0,0.0,13.039716256409182
2359.922857937627,2540.9175337053734,9.922857937627214,40.917533705373444,42.103535174385335,1.3328806305947045,2.0885878507488087,False,0.0,13.209908607426433,0.0,0.0,0.0,13.209908607426433
2388.7979609127015,2519.8178840205715,38.797960912701456,19.817884020571455,43.56638954556978,0.4722478937854689,2.5932618067936346,False,0.0,13.025480818600652,0.0,0.0,0.0,13.025480818600652
2380.216264378821,2469.385856364475,30.21626437882105,-30.614143635525124,43.0145141033509,-0.7919388655859283,3.473434026331688,False,0.0,13.045322293676612,0.0,0.0,0.0,13.045322293676612
2323.2066805096815,2468.3874496670132,-26.79331949031848,-31.612550332986757,41.439537978431915,-2.2738682051700128,1.7379393086621349,False,0.0,13.339882921463621,0.0,0.0,0.0,13.339882921463621
2390.8077045112673,2507.6849938287337,40.807704511267275,7.684993828733695,41.5250271237308,0.18614204005731547,1.9512406641906637,False,0.0,13.21954455572604,0.0,0.0,0.0,13.21954455572604
2382.6826015090314,2472.640498566406,32.68260150903143,-27.359501433593778,42.62270240251037,-0.6969732272407053,3.112847415048691,False,0.0,13.071636034742086,0.0,0.0,0.0,13.071636034742086
2309.715224144134,2494.9863816801403,-40.28477585586597,-5.013618319859688,40.59556052593183,-3.01777488382701,1.1344484574128728,False,0.0,13.465637463398437,0.0,0.0,0.0,13.465637463398437
2341.7067337328567,2539.4650885673677,-8.29326626714328,39.46508856736773,40.327056438672976,1.7779243647349836,1.7953148308761229,False,0.0,13.450457718202529,0.0,0.0,0.0,13.450457718202529
2312.815951234739,2468.011987588638,-37.184048765261196,-31.98801241136198,49.049836091538275,-2.4311712378372015,3.804175170034796,False,0.0,12.580785582485724,0.0,0.0,0.0,12.580785582485724
2349.7784469180056,2559.105190801436,-0.22155308199444335,59.10519080143604,59.105606040732724,1.5745447631221494,8.401365069385065,False,0.0,11.676971927016668,0.0,0.0,0.0,11.676971927016668
2384.749237499585,2524.3119420308863,34.74923749958498,24.311942030886257,42.409669087552864,0.6104840327693588,3.149794119769467,False,0.0,13.159068022914857,0.0,0.0,0.0,13.159068022914857
2403.071672534345,2517.4460983200092,53.071672534345,17.44609832000924,55.86563140414846,0.3175992539950613,10.000780707070021,False,0.0,11.872105379726962,0.0,0.0,0.0,11.872105379726962
2331.24458113409,2538.0133870890945,-18.755418865910087,38.01338708909452,42.38848115727991,2.0291418359828692,2.47370286504065,False,0.0,13.235086445290069,0.0,0.0,0.0,13.235086445290069
2326.2096608808465,2535.7495126982612,-23.790339119153487,35.74951269826124,42.941913017091665,2.157972161255032,2.0672002011397126,False,0.0,13.196178118112327,0.0,0.0,0.0,13.196178118112327
2322.4854816824777,2443.6798399595154,-27.51451831752229,-56.32016004048455,62.68180872654412,-2.025232074834604,13.055769409162167,False,0.0,11.381332240592489,0.0,0.0,0.0,11.381332240592489
2375.489498102696,2470.8972827234043,25.48949810269596,-29.10271727659574,38.68698316499757,-0.8514873856036883,1.926071882102633,False,0.0,13.557163049590667,0.0,0.0,0.0,13.557163049590667
2336.054449487345,2549.0939503545096,-13.94555051265479,49.093950354509616,51.03620617279522,1.8475644326185339,5.530474454735668,False,0.0,12.347591961598212,0.0,0.0,0.0,12.347591961598212
2328.2059048421584,2542.405657565666,-21.79409515784164,42.40565756566593,47.67832188034282,2.04553609564364,3.824131482017947,False,0.0,12.702401302661007,0.0,0.0,0.0,12.702401302661007
2332.7351255707645,2535.816017452344,-17.264874429235533,35.81601745234411,39.760067847073515,2.0199757292950316,1.9884314144383097,False,0.0,13.548406064474786,0.0,0.0,0.0,13.548406064474786
2316.887224997227,2526.3254794161626,-33.112775002773105,26.32547941616258,42.30232540741791,2.4698927021943327,1.4982445063169507,False,0.0,13.311856166857114,0.0,0.0,0.0,13.311856166857114
2310.7209755024937,2464.532038509511,-39.27902449750627,-35.46796149048896,52.922755576089436,-2.40713655424247,7.865197809380334,False,0.0,12.206041063648867,0.0,0.0,0.0,12.206041063648867
2386.39660352898,2483.7440851789866,36.396603528979995,-16.255914821013448,39.8618553897558,-0.420050185644927,1.8533587017009268,False,0.0,13.421003607442545,0.0,0.0,0.0,13.421003607442545
2385.4919640038843,2481.8774199822215,35.49196400388428,-18.122580017778546,39.851065423069976,-0.4721001688723593,1.8707617446953009,False,0.0,13.413917324523009,0.0,0.0,0.0,13.413917324523009
2349.141962123953,2460.1526666555587,-0.8580378760470921,-39.84733334444127,39.85657039510239,-1.592326131271209,1.7970464712942658,False,0.0,13.473118398086102,0.0,0.0,0.0,13.473118398086102
2355.4991293959306,2456.9819478837976,5.499129395930595,-43.0180521162024,43.368113078453085,-1.4436528336917602,2.149198547814194,False,0.0,13.066756855366135,0.0,0.0,0.0,13.066756855366135
2313.314095757302,2466.359365210245,-36.68590424269814,-33.64063478975504,49.77497241749206,-2.3994693091814487,3.5351203929460553,False,0.0,12.499700834426406,0.0,0.0,0.0,12.499700834426406
2340.1852977712238,2457.321687420557,-9.814702228776241,-42.67831257944317,43.792313760158905,-1.7968355694841005,3.089769289398191,False,0.0,13.047518573407512,0.0,0.0,0.0,13.047518573407512
2322.752984680059,2450.78380677021,-27.247015319941056,-49.21619322978995,56.25507550325681,-2.0764137261177806,7.719714660152022,False,0.0,11.892470151042449,0.0,0.0,0.0,11.892470151042449
2374.0401552706317,2451.440754225547,24.040155270631658,-48.55924577445285,54.18421740340812,-1.1111016567810201,6.702447201882933,False,0.0,11.995557672009179,0.0,0.0,0.0,11.995557672009179
2385.965198383405,2485.931248513239,35.965198383405095,-14.068751486760902,38.61897542858849,-0.37287711241899024,1.663825984437949,False,0.0,13.583933500794844,0.0,0.0,0.0,13.583933500794844
2321.6235840913555,2526.2725250142735,-28.376415908644503,26.27252501427347,38.67126259182648,2.394673779579988,1.8770906805666527,False,0.0,13.724439312177818,0.0,0.0,0.0,13.724439312177818
2336.8071271441418,2463.664503028149,-13.19287285585824,-36.33549697185117,38.65643845961817,-1.9190802475388364,1.837031571182706,False,0.0,13.618715308926916,0.0,0.0,0.0,13.618715308926916
2326.046238727005,2469.7362943456683,-23.953761272995052,-30.263705654331716,38.596302401339784,-2.2403335865437812,1.797024900373799,False,0.0,13.659607431351352,0.0,0.0,0.0,13.659607431351352
2319.007922339931,2477.0130514189223,-30.992077660068844,-22.98694858107774,38.58637949791157,-2.5034221487032027,1.7263177191671275,False,0.0,13.710399043313783,0.0,0.0,0.0,13.710399043313783
2353.1311357677946,2538.5194854781266,3.1311357677946035,38.519485478126626,38.64653636092076,1.4896875963630922,1.8432548532318833,False,0.0,13.63127452250761,0.0,0.0,0.0,13.63127452250761
2395.8304555521304,2527.044660078302,45.83045555213039,27.04466007830206,53.215075823179134,0.5331100374330948,5.9355535318291,False,0.0,12.08631708728813,0.0,0.0,0.0,12.08631708728813
2341.786580214992,2460.555562965075,-8.213419785008227,-39.44443703492516,40.29049363766769,-1.7760903624057984,1.610156984635978,False,0.0,13.441494887836413,0.0,0.0,0.0,13.441494887836413
2347.9759159254295,2540.469376787391,-2.02408407457051,40.46937678739096,40.51996265917268,1.6207698870815532,2.3378290290283985,False,0.0,13.409145061557696,0.0,0.0,0.0,13.409145061557696
2389.872886517896,2498.0170850562404,39.87288651789595,-1.9829149437596243,39.92216215265894,-0.04968997349596403,2.16698006862498,False,0.0,13.42124563760169,0.0,0.0,0.0,13.42124563760169
2321.8714997168045,2531.457311798157,-28.128500283195535,31.457311798157207,42.19922977671763,2.3003866593620574,1.8012702258697573,False,0.0,13.294429450892641,0.0,0.0,0.0,13.294429450892641
2339.847699165402,2460.6859698398484,-10.152300834598009,-39.31403016015156,40.6037212539625,-1.8235114426453074,1.6257016442350505,False,0.0,13.404967403322395,0.0,0.0,0.0,13.404967403322395
2306.651150621438,2492.7107587314536,-43.348849378562136,-7.289241268546448,43.9574314617716,-2.9749981141676876,2.5669724108502123,False,0.0,13.097336901529317,0.0,0.0,0.0,13.097336901529317
2298.4094260874413,2486.7407190720737,-51.59057391255874,-13.259280927926284,53.26721174749863,-2.890027529770826,7.10790129610541,False,0.0,12.207297739805265,0.0,0.0,0.0,12.207297739805265
2360.9474884780743,2446.43530105569,10.94748847807432,-53.56469894430984,54.67197158482688,-1.3691939570594163,7.307227703338867,False,0.0,11.995739855655314,0.0,0.0,0.0,11.995739855655314
2396.841971673173,2496.4830352571867,46.84197167317279,-3.516964742813343,46.973815591587986,-0.07494087535178427,4.035856774868989,False,0.0,12.665026855037755,0.0,0.0,0.0,12.665026855037755
2323.441214925843,2470.289533908112,-26.558785074157186,-29.710466091888065,39.8507322393517,-2.3002422369768367,2.103147705844549,False,0.0,13.524592304006415,0.0,0.0,0.0,13.524592304006415
2338.8513013208503,2537.116921270691,-11.148698679149675,37.11692127069091,38.75512000824073,1.8625897940860092,2.1278842538604295,False,0.0,13.64262596173549,0.0,0.0,0.0,13.64262596173549
2301.074943965619,2450.9210730933914,-48.925056034381214,-49.07892690660856,69.29936633383863,-2.3546244443515842,16.69343105038388,False,0.0,10.951403272708891,0.0,0.0,0.0,10.951403272708891
2404.3289173218805,2485.0709826467905,54.32891732188045,-14.929017353209474,56.34276188207454,-0.2681705229082487,10.264282732048358,False,0.0,11.807655129764573,0.0,0.0,0.0,11.807655129764573
2359.572499525261,2444.8893732136535,9.57249952526081,-55.11062678634653,55.935801879879165,-1.398816119418877,6.784035739713545,False,0.0,11.887745850204436,0.0,0.0,0.0,11.887745850204436
2376.329126854011,2469.92527747223,26.329126854011065,-30.074722527770064,39.97138796710676,-0.8517075446278675,2.2450024449835837,False,0.0,13.400529229883775,0.0,0.0,0.0,13.400529229883775
2342.80985080613,2460.873465989107,-7.190149193870184,-39.12653401089301,39.78170319551037,-1.7525352235815856,1.7915938615878986,False,0.0,13.503943090081087,0.0,0.0,0.0,13.503943090081087
2322.9873851427296,2534.8728812559266,-27.012614857270364,34.872881255926586,44.111214090264845,2.229857896689702,2.2920313214581256,False,0.0,13.066209685677709,0.0,0.0,0.0,13.066209685677709
2385.607207419363,2477.279231027133,35.60720741936302,-22.720768972867063,42.238685620221894,-0.5679603343905287,2.6918387035257183,False,0.0,13.115767162283065,0.0,0.0,0.0,13.115767162283065
2346.57724035146,2449.5240939198106,-3.4227596485397953,-50.47590608018936,50.59182125826041,-1.6385024504122898,5.432224317681175,False,0.0,12.366461991893791,0.0,0.0,0.0,12.366461991893791
2368.630493510476,2552.095073721467,18.630493510475844,52.09507372146709,55.32623242630004,1.2273449729147523,7.801951065257526,False,0.0,11.932383783691824,0.0,0.0,0.0,11.932383783691824
2374.66960057061,2453.5023107822412,24.669600570609873,-46.49768921775876,52.636720024187625,-1.0830042377009834,5.499702384114471,False,0.0,12.140317292032133,0.0,0.0,0.0,12.140317292032133
2334.902179256825,2461.4254188148266,-15.097820743174907,-38.57458118517343,41.42393637505468,-1.943860919626827,1.4710927082069247,False,0.0,13.309037715716324,0.0,0.0,0.0,13.309037715716324
2423.490389252687,2493.2303698186893,73.49038925268678,-6.769630181310731,73.80152576541447,-0.09185663090062497,21.62018297438044,False,0.0,10.543130344205837,0.0,0.0,0.0,10.543130344205837
2387.0698199778385,2485.6240013326637,37.069819977838506,-14.375998667336262,39.75978987460332,-0.3699526585476789,1.7465187652469467,False,0.0,13.44345908163171,0.0,0.0,0.0,13.44345908163171
2320.7760700366052,2527.0740230616693,-29.223929963394767,27.074023061669322,39.837680746363795,2.3943639548465185,1.8613289422492016,False,0.0,13.586489175026417,0.0,0.0,0.0,13.586489175026417
2336.4125893959667,2462.571622670887,-13.587410604033266,-37.42837732911312,39.818352005238296,-1.9190266453209512,1.8667719883956124,False,0.0,13.490017508352649,0.0,0.0,0.0,13.490017508352649
2373.2030797657703,2454.7400813480845,23.203079765770326,-45.25991865191554,50.8610179508306,-1.0970698164120625,4.585883498583826,False,0.0,12.301356392139846,0.0,0.0,0.0,12.301356392139846
2383.490899204839,2524.2727119457627,33.490899204839025,24.272711945762694,41.36187706996212,0.6271478830245362,1.9545675155814024,False,0.0,13.285728674079204,0.0,0.0,0.0,13.285728674079204
2381.0769680723956,2526.1729111540494,31.07696807239563,26.172911154049416,40.6300285854005,0.6999462003013609,1.693024337172119,False,0.0,13.37545991086463,0.0,0.0,0.0,13.37545991086463
2336.310592657871,2537.3672832780735,-13.689407342129016,37.3672832780735,39.79590095678859,1.921959668117996,1.5189083647292136,False,0.0,13.532495161354378,0.0,0.0,0.0,13.532495161354378
2396.560220773741,2494.8297480741944,46.560220773741094,-5.170251925805587,46.846405021899045,-0.11059132623054482,3.9182100343450657,False,0.0,12.670049194237228,0.0,0.0,0.0,12.670049194237228
2404.107980414671,2490.993201841515,54.10798041467115,-9.006798158484798,54.85249272022304,-0.16494729716507103,7.4524314981326825,False,0.0,11.936687212278276,0.0,0.0,0.0,11.936687212278276
2388.3782673970013,2489.429759349179,38.37826739700131,-10.570240650820779,39.80730329741011,-0.26875901901979826,1.9950431304375797,False,0.0,13.440671757053893,0.0,0.0,0.0,13.440671757053893
2316.309817345087,2546.1223325761653,-33.69018265491286,46.12233257616526,57.11652974041566,2.201669347100463,6.689861939769344,False,0.0,11.901726497157892,0.0,0.0,0.0,11.901726497157892
2313.426323597561,2517.284082377349,-36.573676402439105,17.284082377349023,40.45211130728924,2.7001185614978365,1.4082955498809042,False,0.0,13.503448519040695,0.0,0.0,0.0,13.503448519040695
2396.1963881755305,2455.0547386718836,46.1963881755305,-44.94526132811643,64.45295025300993,-0.7716717465899908,9.932982433439975,False,0.0,11.150630454038339,0.0,0.0,0.0,11.150630454038339
2328.9941463659084,2558.104858108731,-21.005853634091636,58.10485810873115,61.78527674723696,1.917693596634248,9.931536804802818,False,0.0,11.483882394393868,0.0,0.0,0.0,11.483882394393868
2353.2751153625195,2539.6715197470726,3.2751153625195,39.67151974707258,39.8064801217111,1.4884272826156437,1.8860811519384697,False,0.0,13.496954623569602,0.0,0.0,0.0,13.496954623569602
2321.9190793306875,2468.1841022204676,-28.08092066931249,-31.815897779532406,42.43570969306247,-2.2939182713569184,1.9898115232270754,False,0.0,13.221749643612771,0.0,0.0,0.0,13.221749643612771
2321.0809513632776,2468.8252161159003,-28.919048636722437,-31.174783884099725,42.52268246798927,-2.318675220899396,2.143977247613293,False,0.0,13.223465526592099,0.0,0.0,0.0,13.223465526592099
2311.627736077134,2468.6002692880775,-38.37226392286584,-31.39973071192253,49.581989949449614,-2.4557969258206334,2.8861575765695306,False,0.0,12.529816053844026,0.0,0.0,0.0,12.529816053844026
2290.593621123321,2528.8273030767077,-59.4063788766789,28.82730307670772,66.03128996101684,2.6898096463396484,12.433429405644347,False,0.0,11.296043741781357,0.0,0.0,0.0,11.296043741781357
2346.543522660852,2562.542181501359,-3.456477339148023,62.54218150135921,62.63762210161718,1.6260064997274153,11.85077596274823,False,0.0,11.424637927102653,0.0,0.0,0.0,11.424637927102653
2338.898301955991,2460.957251170646,-11.101698044009026,-39.04274882935397,40.59044143160277,-1.8478316615481722,1.453675630188627,False,0.0,13.403197374808956,0.0,0.0,0.0,13.403197374808956
2352.445209410342,2541.5131524067797,2.4452094103421587,41.51315240677968,41.5851039653497,1.511962263455048,1.9694824091152725,False,0.0,13.284737355926481,0.0,0.0,0.0,13.284737355926481
2333.521076504249,2557.2779984149215,-16.478923495751133,57.27799841492151,59.601376007593736,1.8509315693556119,8.926434983141007,False,0.0,11.64203984984757,0.0,0.0,0.0,11.64203984984757
2385.597809736954,2523.1320253109493,35.59780973695388,23.132025310949302,42.45344100370154,0.5762458398115077,2.312333282668078,False,0.0,13.157468907318858,0.0,0.0,0.0,13.157468907318858
2325.2619078085695,2468.944105777444,-24.738092191430496,-31.055894222556162,39.70443012101183,-2.2434403044843836,1.836512914078412,False,0.0,13.537218468181639,0.0,0.0,0.0,13.537218468181639
2410.1422941532983,2523.6964886279256,60.14229415329828,23.696488627925646,64.64223943610916,0.37532939911810803,6.439544958562692,False,0.0,11.19419499029399,0.0,0.0,0.0,11.19419499029399
2309.2647526603973,2511.5427198110215,-40.735247339602665,11.54271981102147,42.33904529455469,2.865471401003962,2.0360776002674257,False,0.0,13.303299999005205,0.0,0.0,0.0,13.303299999005205
2411.7924974354187,2506.42766918698,61.79249743541868,6.427669186979983,62.12590176797015,0.10364746374634333,10.465630646276622,False,0.0,11.365103035464179,0.0,0.0,0.0,11.365103035464179
2356.5114853656455,2447.449894919546,6.5114853656455125,-52.55010508045416,52.95198755130718,-1.4475146720216836,6.256187531977957,False,0.0,12.14150652117225,0.0,0.0,0.0,12.14150652117225
2375.79768708233,2468.6693244028706,25.797687082329958,-31.330675597129357,40.58487270117243,-0.8819488895741061,2.550272583640435,False,0.0,13.331027536665758,0.0,0.0,0.0,13.331027536665758
2376.9575689470034,2456.2565274331605,26.957568947003438,-43.7434725668395,51.38289516695497,-1.018503068978963,3.987112591513096,False,0.0,12.258743707400678,0.0,0.0,0.0,12.258743707400678
2336.413942668962,2459.926180883342,-13.586057331037864,-40.07381911665789,42.31420485365243,-1.8976612943181368,2.2251623949805435,False,0.0,13.219652074743426,0.0,0.0,0.0,13.219652074743426
2275.09656254899,2499.9765036957338,-74.90343745101018,-0.023496304266245716,74.90344113626361,-3.141278965669784,19.553968772567714,False,0.0,10.695330008030439,0.0,0.0,0.0,10.695330008030439
2328.1074224463823,2533.2011298785255,-21.892577553617684,33.201129878525535,39.76933463300443,2.153746079492718,1.5877730533275098,False,0.0,13.546839474752533,0.0,0.0,0.0,13.546839474752533
2321.9412289550824,2471.8386110613715,-28.05877104491765,-28.161388938628534,39.75372258674423,-2.3543692058143186,1.6933665986230153,False,0.0,13.546389533608789,0.0,0.0,0.0,13.546389533608789
2302.6558872637193,2484.299877421163,-47.34411273628075,-15.700122578837181,49.87944325848249,-2.821387404481191,3.54612879045726,False,0.0,12.516243930852347,0.0,0.0,0.0,12.516243930852347
2388.519592215743,2488.33107307815,38.51959221574316,-11.668926921850016,40.24826505546068,-0.29414713853306285,1.6771648300275501,False,0.0,13.385441037517694,0.0,0.0,0.0,13.385441037517694
2393.2410469803995,2510.2132626929183,43.24104698039946,10.213262692918306,44.43083252422432,0.23194288315571296,1.7100311780657194,False,0.0,12.914543295604206,0.0,0.0,0.0,12.914543295604206
2364.1454386251535,2541.994394935203,14.145438625153474,41.99439493520322,44.3127819017471,1.2458921021175144,3.123665681085413,False,0.0,12.96229050559339,0.0,0.0,0.0,12.96229050559339
2389.683268212076,2507.410075432143,39.6832682120762,7.410075432143003,40.36918371606772,0.1846044541042549,1.8873622710511881,False,0.0,13.351159567598618,0.0,0.0,0.0,13.351159567598618
2365.1378342934527,2458.1410735784466,15.13783429345267,-41.858926421553406,44.51206295220492,-1.2237902528402502,3.146838468288479,False,0.0,12.922488659970131,0.0,0.0,0.0,12.922488659970131
2326.293706674517,2554.3388462076846,-23.706293325482875,54.33884620768458,59.284893104535755,1.982172129158106,8.731387427058507,False,0.0,11.685413874115493,0.0,0.0,0.0,11.685413874115493
2402.540073702556,2545.714415923377,52.54007370255613,45.714415923377146,69.64385951313689,0.7160404235105264,17.281644063234125,False,0.0,10.803309834391625,0.0,0.0,0.0,10.803309834391625
2335.4916431503602,2460.2551651857025,-14.508356849639767,-39.74483481429752,42.31009705604899,-1.9208043111136706,1.7434545664518737,False,0.0,13.206980023503458,0.0,0.0,0.0,13.206980023503458
2389.9850379273607,2519.0704500442803,39.985037927360736,19.07045004428028,44.299947211524604,0.44502972766315674,2.6641581712519837,False,0.0,12.945693463933399,0.0,0.0,0.0,12.945693463933399
2318.0890823338027,2476.3319793338283,-31.910917666197292,-23.668020666171742,39.73011286861837,-2.5034309475676184,1.913965763764736,False,0.0,13.57713764456975,0.0,0.0,0.0,13.57713764456975
2411.556876174767,2486.0060857314243,61.556876174766785,-13.993914268575736,63.12747928558385,-0.22353398903444452,10.782503461503438,False,0.0,11.27276958493193,0.0,0.0,0.0,11.27276958493193
2327.148138339691,2545.3194660798918,-22.85186166030917,45.319466079891754,50.7549168761842,2.0378297238360603,4.874421469085064,False,0.0,12.410814655703254,0.0,0.0,0.0,12.410814655703254
2361.6341991664776,2538.109437339615,11.634199166477629,38.10943733961494,39.84575014461776,1.2744989588052549,1.8950465933321539,False,0.0,13.484808421210483,0.0,0.0,0.0,13.484808421210483
2319.514993438435,2526.6555134939204,-30.485006561565115,26.655513493920353,40.49508642642016,2.4231132903605674,2.1630250597581835,False,0.0,13.506532059950112,0.0,0.0,0.0,13.506532059950112
2387.5216311981167,2534.7458140744607,37.521631198116665,34.74581407446067,51.13848260815402,0.747006696591816,5.661926590737494,False,0.0,12.284360031298371,0.0,0.0,0.0,12.284360031298371
2307.219396580323,2506.8074899905605,-42.780603419676936,6.807489990560498,43.318840576858186,2.9837900633091685,2.261541444524937,False,0.0,13.180313889097388,0.0,0.0,0.0,13.180313889097388
2369.3644984269654,2465.312031130486,19.364498426965383,-34.68796886951395,39.72705606536072,-1.0616425385350088,1.7920448453974132,False,0.0,13.465969791850906,0.0,0.0,0.0,13.465969791850906
2329.8118541971526,2449.9389057597305,-20.18814580284743,-50.06109424026954,53.97846225570134,-1.954118630033035,9.636316193278617,False,0.0,12.088995013458494,0.0,0.0,0.0,12.088995013458494
2337.88924979697,2431.1111535196274,-12.110750203029966,-68.88884648037265,69.94528890408947,-1.7448193969310455,11.626141996397564,False,0.0,10.859239438701016,0.0,0.0,0.0,10.859239438701016
2388.4117002728085,2533.1281751658885,38.4117002728085,33.12817516588848,50.724103813373254,0.7116777362298743,4.509327825502169,False,0.0,12.330691039361986,0.0,0.0,0.0,12.330691039361986
2387.8247086662427,2545.5227218872055,37.824708666242714,45.522721887205535,59.18637337855732,0.8774974075823666,8.927660453313365,False,0.0,11.612716416653535,0.0,0.0,0.0,11.612716416653535
2383.3149914172145,2545.999342428199,33.314991417214515,45.999342428198815,56.796374505383426,0.9439803726642769,8.55033454790646,False,0.0,11.818979105823184,0.0,0.0,0.0,11.818979105823184
2315.4954041520937,2479.9401184192925,-34.50459584790633,-20.059881580707497,39.91197794721984,-2.6149855253833123,1.72688446396387,False,0.0,13.533407972125671,0.0,0.0,0.0,13.533407972125671
2393.5244274370043,2489.1976628645984,43.524427437004306,-10.802337135401558,44.844913549988355,-0.24327461493577102,3.648646246190765,False,0.0,12.864514537572777,0.0,0.0,0.0,12.864514537572777
2342.525344844312,2446.731280114984,-7.474655155688197,-53.2687198850158,53.790584565374765,-1.7102058891442793,8.144038832114347,False,0.0,12.07111396493556,0.0,0.0,0.0,12.07111396493556
2307.8133999799397,2496.5777194250186,-42.18660002006027,-3.4222805749814142,42.32518429477235,-3.060647450562133,1.792156675966453,False,0.0,13.284104924921486,0.0,0.0,0.0,13.284104924921486
2331.1007731934837,2556.3795655415547,-18.899226806516253,56.37956554155471,59.462897545768875,1.8942386387301409,9.086167102167337,False,0.0,11.65523197067321,0.0,0.0,0.0,11.65523197067321
2409.75997188704,2461.5249821622256,59.75997188704014,-38.47501783777443,71.07447669562463,-0.5720226539825056,12.9946940801413,False,0.0,10.700042715528348,0.0,0.0,0.0,10.700042715528348
2388.3733367893897,2510.4429422411954,38.37333678938967,10.442942241195396,39.76893283713896,0.26570589501600717,1.7682219996031563,False,0.0,13.432751331444443,0.0,0.0,0.0,13.432751331444443
2398.9334876528005,2454.96826557952,48.93348765280052,-45.03173442048001,66.50070164128665,-0.743898627636447,14.629605465011991,False,0.0,11.004603007706518,0.0,0.0,0.0,11.004603007706518
2289.5857471992144,2523.13157827599,-60.41425280078556,23.131578275989796,64.69120384577388,2.7759290086450155,11.772551091394234,False,0.0,11.374018528056245,0.0,0.0,0.0,11.374018528056245
2389.7941253938848,2500.043020647443,39.79412539388477,0.043020647442972404,39.79414864826651,0.0010810799397462498,1.7348079852572482,False,0.0,13.440661696219113,0.0,0.0,0.0,13.440661696219113
2359.458200185401,2538.6639407315565,9.458200185400983,38.66394073155652,39.80399306150621,1.330882027897308,1.866098151380811,False,0.0,13.493975295587214,0.0,0.0,0.0,13.493975295587214
2349.7988475427196,2542.468913759205,-0.20115245728038644,42.46891375920495,42.46939013216292,1.5755327548141604,1.6156530265179754,False,0.0,13.179342378243659,0.0,0.0,0.0,13.179342378243659
2304.6299191427056,2526.260398154622,-45.3700808572944,26.26039815462218,52.42187280359902,2.6169040371482772,5.76577415963493,False,0.0,12.319338463507885,0.0,0.0,0.0,12.319338463507885
2335.7122080702898,2545.1273091626435,-14.287791929710238,45.12730916264354,47.3351352642781,1.8774218395864148,4.809713737920902,False,0.0,12.703998153767927,0.0,0.0,0.0,12.703998153767927
2329.3404638296897,2567.531892800321,-20.659536170310275,67.5318928003212,70.6213351613125,1.8676778567019265,15.824244447678211,False,0.0,10.879418343364295,0.0,0.0,0.0,10.879418343364295
2303.374066611787,2463.9416593300034,-46.62593338821307,-36.058340669996596,58.94218859353301,-2.483311906669154,8.746426625550157,False,0.0,11.704402261912014,0.0,0.0,0.0,11.704402261912014
2406.994389743338,2507.248103248458,56.99438974333816,7.248103248457937,57.45341994099078,0.12649322392335408,8.73277125525965,False,0.0,11.732356107321399,0.0,0.0,0.0,11.732356107321399
2360.326822530879,2545.138032539979,10.326822530878871,45.13803253997912,46.30426810958663,1.3458839318063216,3.513935448734628,False,0.0,12.754511405633947,0.0,0.0,0.0,12.754511405633947
2326.4817686693905,2566.276485650035,-23.518231330609524,66.27648565003483,70.32552705127304,1.9117855813291844,14.854323351804851,False,0.0,10.90621203207928,0.0,0.0,0.0,10.90621203207928
2373.980680697507,2532.5938170916006,23.98068069750707,32.59381709160061,40.46516970576676,0.9364821540485717,1.8217930244882155,False,0.0,13.39968755523692,0.0,0.0,0.0,13.39968755523692
2387.299667757769,2515.5667841640084,37.29966775776893,15.566784164008368,40.41769394768544,0.3953679257134339,1.8824302543189333,False,0.0,13.376742380357571,0.0,0.0,0.0,13.376742380357571
2312.6555835466247,2515.5589611581922,-37.34441645337529,15.558961158192233,40.455984879437324,2.7468291961822255,1.8560032206614778,False,0.0,13.514780342770248,0.0,0.0,0.0,13.514780342770248
2318.027137226533,2523.6885252948846,-31.972862773467114,23.688525294884585,39.792086959310716,2.5039444360539633,1.8373324648018752,False,0.0,13.59910691848136,0.0,0.0,0.0,13.59910691848136
2311.6075835226084,2510.5527649541687,-38.392416477391635,10.552764954168651,39.81630936125827,2.8733511466083974,1.973074602035922,False,0.0,13.579400556258145,0.0,0.0,0.0,13.579400556258145
2363.591299681539,2537.414342085716,13.591299681539112,37.414342085715816,39.806487169057895,1.2223538578680442,1.8485676810414589,False,0.0,13.486808735615128,0.0,0.0,0.0,13.486808735615128
2387.0918357457417,2514.411338500518,37.09183574574172,14.411338500518013,39.79310186911289,0.3705806224059231,1.8319145823816143,False,0.0,13.44317619663726,0.0,0.0,0.0,13.44317619663726
2367.341185804676,2535.8034446536744,17.341185804676115,35.80344465367443,39.78194784297306,1.1197517301327577,1.8400325954253276,False,0.0,13.49393502214526,0.0,0.0,0.0,13.49393502214526
2372.8114951120356,2532.6222385804394,22.811495112035573,32.62223858043944,39.80671751407713,0.9605657678601742,1.8344832998459424,False,0.0,13.477536591652331,0.0,0.0,0.0,13.477536591652331
2312.913347155402,2514.4235868440687,-37.08665284459812,14.423586844068723,39.79270883797847,2.7706779520262828,1.8681996947279913,False,0.0,13.588485739365725,0.0,0.0,0.0,13.588485739365725
2362.853916783741,2538.329099589318,12.85391678374117,38.32909958931805,40.42700894218126,1.2472259328099868,1.8989075144227172,False,0.0,13.414262943652817,0.0,0.0,0.0,13.414262943652817
2368.5121550921954,2535.899293336298,18.51215509219537,35.89929333629789,40.39132516027491,1.0946921856287164,1.8579095404547843,False,0.0,13.420630974553223,0.0,0.0,0.0,13.420630974553223
2317.893060002094,2474.366406951973,-32.10693999790601,-25.633593048026796,41.08450667320936,-2.4678392644255176,1.9193107594137473,False,0.0,13.413559004548517,0.0,0.0,0.0,13.413559004548517
2388.8972506818245,2508.370955710173,38.89725068182452,8.370955710172893,39.787799764580775,0.2119738849692101,1.865604555578102,False,0.0,13.428630259691388,0.0,0.0,0.0,13.428630259691388
2310.738253638606,2506.3806540801684,-39.261746361394216,6.3806540801683695,39.77684595134739,2.980485356547238,1.8860125993687689,False,0.0,13.574343901512067,0.0,0.0,0.0,13.574343901512067
2400.0971193625487,2458.019765,50.09711936254871,-41.98023499999999,65.36100901210658,-0.6974725636695597,11.451943502970607,False,0.0,11.07575679555483,0.0,0.0,0.0,11.07575679555483
2395.4676377554547,2524.880560012996,45.46763775545469,24.88056001299583,51.82999469054126,0.5007022744399576,5.85100229715772,False,0.0,12.213296950480476,0.0,0.0,0.0,12.213296950480476
2383.2585654598074,2519.605202446128,33.258565459807414,19.605202446127805,38.606944186220574,0.532647028670903,1.792201447203297,False,0.0,13.617947441294481,0.0,0.0,0.0,13.617947441294481
2349.0024166388594,2461.304779714971,-0.9975833611406415,-38.69522028502888,38.70807726391657,-1.596571149421741,1.9052556977758286,False,0.0,13.610373888329786,0.0,0.0,0.0,13.610373888329786
2315.71056338509,2482.20429017744,-34.289436614909846,-17.795709822560184,38.63227603257003,-2.6628725037184062,1.8229285348656958,False,0.0,13.694710792029085,0.0,0.0,0.0,13.694710792029085
2388.4271908520286,2504.0493928634996,38.427190852028616,4.049392863499634,38.63996091278035,0.10499083868506418,1.7767118515653237,False,0.0,13.56979316158386,0.0,0.0,0.0,13.56979316158386
2349.0066482504976,2538.628560343515,-0.9933517495023807,38.62856034351489,38.64133048836195,1.5965061348859348,1.814723587174285,False,0.0,13.632294497063771,0.0,0.0,0.0,13.632294497063771
2388.6411625636274,2500.01342633889,38.641162563627404,0.013426338889985345,38.641164896199186,0.00034746207046843094,1.6992072438370087,False,0.0,13.581108788967853,0.0,0.0,0.0,13.581108788967853
2359.2133201178203,2537.5368946528383,9.21332011782033,37.53689465283833,38.651050797768946,1.3301073607883898,1.8546597478634794,False,0.0,13.627414974962301,0.0,0.0,0.0,13.627414974962301
2361.0686154510418,2463.049720412567,11.068615451041751,-36.950279587433215,38.57249550641654,-1.2797484737338092,1.6507602690053318,False,0.0,13.627272400576041,0.0,0.0,0.0,13.627272400576041
2342.9090255843635,2537.965291536946,-7.090974415636538,37.9652915369461,38.62182387780933,1.7554439879849366,1.7478499299281793,False,0.0,13.65137096293773,0.0,0.0,0.0,13.65137096293773
2387.7707207596636,2508.1475072655567,37.77072075966362,8.14750726555667,38.63947749836665,0.21245431404166562,1.8370911271413206,False,0.0,13.562376911008156,0.0,0.0,0.0,13.562376911008156
2311.8653517408775,2506.169562978333,-38.134648259122514,6.169562978333033,38.630491909767514,2.9811987386317553,1.834531904581354,False,0.0,13.704948491306986,0.0,0.0,0.0,13.704948491306986
2389.6384753008247,2495.9793198148614,39.638475300824666,-4.0206801851386444,39.841869852270406,-0.10108802925728912,1.7782808970569022,False,0.0,13.42737290751743,0.0,0.0,0.0,13.42737290751743
2356.2856087475902,2542.642738729139,6.285608747590231,42.64273872913918,43.103503844228364,1.4244485461815786,2.0541547530874595,False,0.0,13.114318917510493,0.0,0.0,0.0,13.114318917510493
2364.602033823898,2460.4901462984812,14.602033823898182,-39.50985370151875,42.121822506981836,-1.2167862825530495,1.888311066722963,False,0.0,13.180533303461205,0.0,0.0,0.0,13.180533303461205
2398.6314883284995,2497.3695933306444,48.63148832849947,-2.6304066693555797,48.70257381587928,-0.054035895377042786,5.154573693350358,False,0.0,12.493728563854292,0.0,0.0,0.0,12.493728563854292
2399.744884109028,2494.1958821035464,49.744884109028135,-5.80411789645359,50.082344988793935,-0.1161524968057074,4.6832556431008925,False,0.0,12.35833234379315,0.0,0.0,0.0,12.35833234379315
2310.9026717185775,2453.1965912645724,-39.097328281422506,-46.80340873542764,60.98491738127407,-2.266724855564008,10.312322165917067,False,0.0,11.539751640981137,0.0,0.0,0.0,11.539751640981137
2399.313564027843,2510.735634557745,49.31356402784286,10.735634557745016,50.46861843250324,0.2143568175792367,4.935580023581906,False,0.0,12.353610972614812,0.0,0.0,0.0,12.353610972614812
2396.9142228239375,2508.4048943315165,46.91422282393751,8.404894331516516,47.661163979680744,0.1772738562542417,4.830842474287238,False,0.0,12.609786490068187,0.0,0.0,0.0,12.609786490068187
2376.450807270858,2556.3858011241005,26.45080727085815,56.38580112410045,62.281648771421345,1.13216954225827,9.734820408702944,False,0.0,11.394844228572762,0.0,0.0,0.0,11.394844228572762
2363.218156279232,2559.332290257389,13.218156279232062,59.332290257389104,60.786843334797965,1.3515941696194869,9.425814680907934,False,0.0,11.516865412878733,0.0,0.0,0.0,11.516865412878733
2358.5276089034833,2560.0334039389168,8.52760890348327,60.03340393891676,60.63604292913509,1.4296925840752488,10.182709691694981,False,0.0,11.538896154725773,0.0,0.0,0.0,11.538896154725773
2365.8795434928484,2455.196804663228,15.87954349284837,-44.803195336772205,47.53405320321664,-1.230181475278184,4.320351006604142,False,0.0,12.625308106050763,0.0,0.0,0.0,12.625308106050763
2363.657823304667,2452.75897575691,13.65782330466709,-47.24102424309012,49.17571055874776,-1.2893606283096521,5.229271420101213,False,0.0,12.480230226361165,0.0,0.0,0.0,12.480230226361165
2303.57716905188,2516.78346049307,-46.42283094812001,16.783460493069924,49.36358758599467,2.7946791872680063,4.3831647798947415,False,0.0,12.599299160288421,0.0,0.0,0.0,12.599299160288421
2303.729483753045,2513.6230460479987,-46.27051624695514,13.623046047998741,48.23430374106828,2.8552613503361526,4.712175726859641,False,0.0,12.70166555597984,0.0,0.0,0.0,12.70166555597984
2388.647764349243,2473.3529805049825,38.64776434924306,-26.647019495017503,46.943725216076174,-0.603633400238034,5.149895141503293,False,0.0,12.635429915508675,0.0,0.0,0.0,12.635429915508675
2391.107945860819,2475.4367006882026,41.1079458608192,-24.563299311797437,47.88756504539556,-0.5386025710635995,4.465725869968992,False,0.0,12.551941825235476,0.0,0.0,0.0,12.551941825235476
2312.2755953369065,2480.735647104685,-37.72440466309354,-19.264352895314914,42.358541047350315,-2.6694532808694884,2.5962705080146407,False,0.0,13.26550729775138,0.0,0.0,0.0,13.26550729775138
2310.378152368636,2504.4398108607024,-39.621847631363835,4.439810860702437,39.86982229960178,3.030003531973968,1.5302107557881754,False,0.0,13.552650964794884,0.0,0.0,0.0,13.552650964794884
2344.1113070890356,2562.710033853307,-5.888692910964437,62.71003385330687,62.98591152061337,1.6644252881264985,9.353810018932563,False,0.0,11.39820457421747,0.0,0.0,0.0,11.39820457421747
2305.270192501254,2472.432429035322,-44.72980749874614,-27.567570964677998,52.54261744305706,-2.5892644247090404,5.815034398789976,False,0.0,12.24859971641225,0.0,0.0,0.0,12.24859971641225
2368.9100857201015,2554.289653280607,18.910085720101506,54.289653280607126,57.48876233900086,1.2356203677389996,9.12746412150409,False,0.0,11.774519442069241,0.0,0.0,0.0,11.774519442069241
2403.896392672928,2495.003469628826,53.89639267292796,-4.996530371173776,54.12750187201054,-0.09244198651512653,6.5986135492994435,False,0.0,11.99974645894806,0.0,0.0,0.0,11.99974645894806
2385.010429766705,2472.798548785304,35.010429766704874,-27.201451214696135,44.33564187687902,-0.6605289347433836,2.0047762237454663,False,0.0,12.892936870501678,0.0,0.0,0.0,12.892936870501678
2320.673273464909,2473.332007860982,-29.326726535090984,-26.667992139018224,39.638853338495394,-2.4036407332147505,1.6730655792847386,False,0.0,13.577236040357123,0.0,0.0,0.0,13.577236040357123
2356.3784976170996,2429.1121956415495,6.378497617099583,-70.88780435845047,71.17419503312485,-1.4810578102934113,17.101402165970285,False,0.0,10.786605455985656,0.0,0.0,0.0,10.786605455985656
2402.3833663186424,2486.073771370529,52.3833663186424,-13.926228629471098,54.202923451723336,-0.25984176236401446,7.1439334318693,False,0.0,11.980166769680473,0.0,0.0,0.0,11.980166769680473
2376.5258071584453,2530.731341004939,26.525807158445332,30.731341004939168,40.5959821333206,0.858716440079947,1.4997367707019293,False,0.0,13.379808114310975,0.0,0.0,0.0,13.379808114310975
2327.349628771228,2539.728863828705,-22.6503712287722,39.728863828705016,45.73206684505936,2.088958299135918,3.282441367100546,False,0.0,12.901667890255219,0.0,0.0,0.0,12.901667890255219
2359.629318508114,2458.2538774792424,9.629318508114011,-41.74612252075758,42.84229826291781,-1.3440975980609122,2.07810025075014,False,0.0,13.12290956858922,0.0,0.0,0.0,13.12290956858922
2303.2800033116982,2478.0255014533263,-46.71999668830176,-21.974498546673658,51.629804153538004,-2.701949546075948,4.439031911399979,False,0.0,12.34231984772751,0.0,0.0,0.0,12.34231984772751
2401.34181972549,2513.7612333965476,51.34181972549004,13.761233396547595,53.15405908600937,0.2618763336470155,6.849858732276033,False,0.0,12.111402540207283,0.0,0.0,0.0,12.111402540207283
2359.7609217947206,2455.799376310127,9.760921794720616,-44.20062368987283,45.26555786529532,-1.3534523618074747,3.53760118223272,False,0.0,12.8578050615173,0.0,0.0,0.0,12.8578050615173
2349.6414297582764,2544.6094754822698,-0.3585702417235552,44.60947548226977,44.61091654989256,1.5788341375029646,2.4519476616426346,False,0.0,12.945496172016943,0.0,0.0,0.0,12.945496172016943
2340.8915449481296,2449.930247297821,-9.10845505187035,-50.0697527021789,50.89149328806627,-1.750743854096425,5.094036727407001,False,0.0,12.354404191500707,0.0,0.0,0.0,12.354404191500707
2393.941984472863,2450.2141671252025,43.94198447286317,-49.78583287479751,66.40427060401022,-0.8476666946958302,15.43799560770276,False,0.0,11.021334455633534,0.0,0.0,0.0,11.021334455633534
2372.5614076534944,2540.465623442142,22.56140765349437,40.465623442141805,46.33016075806742,1.0621788398360212,3.902559299820041,False,0.0,12.767413695447745,0.0,0.0,0.0,12.767413695447745
2361.999609902127,2459.9454473742003,11.99960990212685,-40.054552625799715,41.81336896085006,-1.2797233623806021,2.0750195429004634,False,0.0,13.22140716663221,0.0,0.0,0.0,13.22140716663221
2298.402078755346,2494.4261087354334,-51.59792124465412,-5.573891264566555,51.89810921988141,-3.033984436824677,5.67955392256772,False,0.0,12.350129247491036,0.0,0.0,0.0,12.350129247491036
2393.1444565158577,2481.6950524945396,43.144456515857655,-18.304947505460404,46.86699511624778,-0.401253129703802,3.6096627458355215,False,0.0,12.65405451227515,0.0,0.0,0.0,12.65405451227515
2332.6381905496273,2540.1786176624646,-17.361809450372675,40.1786176624646,43.769324242642384,1.97867852196327,3.294264264129197,False,0.0,13.081374744863389,0.0,0.0,0.0,13.081374744863389
2312.064310079429,2522.7158810493215,-37.935689920570894,22.715881049321524,44.216827357880724,2.602056168895735,3.281784018898179,False,0.0,13.102846124208858,0.0,0.0,0.0,13.102846124208858
2323.9077542591153,2535.7828853619517,-26.092245740884664,35.782885361951685,44.285665543483596,2.200840426329341,2.8936628556966753,False,0.0,13.05700325345753,0.0,0.0,0.0,13.05700325345753
2385.0490281234515,2476.219654699236,35.049028123451535,-23.78034530076411,42.35491937215877,-0.5961420201969162,2.2689777056298226,False,0.0,13.103301350368861,0.0,0.0,0.0,13.103301350368861
2306.405936930609,2508.005394118649,-43.59406306939081,8.005394118648837,44.323003845553174,2.959981074467749,2.8993132234722907,False,0.0,13.072745021147856,0.0,0.0,0.0,13.072745021147856
2317.5647057274073,2469.3209993894893,-32.43529427259273,-30.679000610510684,44.645821674703235,-2.3840145037980194,3.3961223842215986,False,0.0,13.009711070813278,0.0,0.0,0.0,13.009711070813278
2338.1985034946024,2447.539565600528,-11.801496505397608,-52.46043439947198,53.77148405194165,-1.7920726451277258,6.852328328604926,False,0.0,12.076355113108628,0.0,0.0,0.0,12.076355113108628
2385.467460248687,2525.6803580683736,35.467460248687075,25.680358068373607,43.788372052544716,0.6266878694305601,3.5680141477478173,False,0.0,13.014615699863779,0.0,0.0,0.0,13.014615699863779
2373.1328933402942,2462.567741916367,23.13289334029423,-37.43225808363286,44.00346235846819,-1.017251244048569,2.799492241506414,False,0.0,12.963454270052496,0.0,0.0,0.0,12.963454270052496
2403.1873615910094,2510.3530145969457,53.18736159100945,10.35301459694574,54.18561012166753,0.19224779135881045,7.3907427531394205,False,0.0,12.026251424995891,0.0,0.0,0.0,12.026251424995891
2305.630971240916,2468.4583700911257,-44.3690287590839,-31.541629908874256,54.43790159744225,-2.5235933322810182,8.11806098008583,False,0.0,12.075645458110507,0.0,0.0,0.0,12.075645458110507
2391.653865152393,2487.088722912838,41.65386515239288,-12.911277087162034,43.60900776393801,-0.3005745438193098,3.0445908781643993,False,0.0,12.998290822522085,0.0,0.0,0.0,12.998290822522085
2306.5447146387337,2488.878493077646,-43.455285361266306,-11.121506922354001,44.85587745271575,-2.8910407402406393,2.9825466563861482,False,0.0,13.003171473673119,0.0,0.0,0.0,13.003171473673119
2345.0872299001207,2455.3543320864464,-4.912770099879253,-44.64566791355355,44.91515304996269,-1.6803945077223454,3.5308209114373312,False,0.0,12.93768839731191,0.0,0.0,0.0,12.93768839731191
2387.3811230437136,2460.397286510127,37.381123043713615,-39.60271348987317,54.458454584850635,-0.8142480383504346,7.131190452580995,False,0.0,11.948258383446182,0.0,0.0,0.0,11.948258383446182
2375.4503041028747,2458.809707594135,25.450304102874725,-41.190292405864966,48.41857254617756,-1.0173396185605135,3.8866293300350208,False,0.0,12.529960287087743,0.0,0.0,0.0,12.529960287087743
2335.9137933913903,2569.498860916912,-14.0862066086097,69.49886091691178,70.91200804778192,1.7707699295207415,19.403908858421346,False,0.0,10.856637983359418,0.0,0.0,0.0,10.856637983359418
2306.781169930246,2512.4002657463802,-43.21883006975395,12.400265746380228,44.96258292379475,2.86218036412274,4.188108294306858,False,0.0,13.01838594206866,0.0,0.0,0.0,13.01838594206866
2309.713496875684,2496.7139413889977,-40.286503124315914,-3.2860586110023178,40.42029830642593,-3.0602055960341494,1.574381843703577,False,0.0,13.491454844333196,0.0,0.0,0.0,13.491454844333196
2302.216704218007,2461.654465525211,-47.78329578199282,-38.34553447478902,61.266821118339784,-2.4653363127249173,8.940306256567055,False,0.0,11.527265594680618,0.0,0.0,0.0,11.527265594680618
2391.7850473690346,2506.751042608703,41.7850473690346,6.751042608702846,42.32690350045686,0.16018179086639792,2.486891300592788,False,0.0,13.133843188648672,0.0,0.0,0.0,13.133843188648672
2396.679951368586,2533.9267920079183,46.67995136858599,33.926792007918266,57.70654274622679,0.6284842711424228,8.509586053287194,False,0.0,11.707977135606626,0.0,0.0,0.0,11.707977135606626
2353.6344819675287,2542.001890182118,3.6344819675287,42.00189018211813,42.15884531202204,1.4844799441842151,2.127487174921953,False,0.0,13.216850120796913,0.0,0.0,0.0,13.216850120796913
2332.395243612404,2549.671130029376,-17.6047563875959,49.671130029375945,52.698658482562635,1.9114089705699073,6.764619258463426,False,0.0,12.2067040662455,0.0,0.0,0.0,12.2067040662455
2417.174628300722,2494.879993389135,67.1746283007219,-5.120006610864948,67.36946752821675,-0.07607226793946703,17.068004038881554,False,0.0,10.971653505937676,0.0,0.0,0.0,10.971653505937676
2352.7999840339276,2457.4951912296387,2.799984033927558,-42.50480877036125,42.59693274398085,-1.5050168422017496,1.929313352448844,False,0.0,13.172937576869405,0.0,0.0,0.0,13.172937576869405
2338.703417892171,2540.6948147545527,-11.296582107829181,40.69481475455268,42.233644351704775,1.841571317029449,1.4860099974939658,False,0.0,13.240283370182087,0.0,0.0,0.0,13.240283370182087
2337.635131670609,2538.935000616375,-12.364868329390902,38.935000616374964,40.85124529069209,1.8782999743372635,2.2309552662144654,False,0.0,13.400580032899164,0.0,0.0,0.0,13.400580032899164
2326.1195440588604,2533.0604071937073,-23.880455941139644,33.060407193707306,40.78316686784445,2.196350843689732,2.118458835385354,False,0.0,13.428025807704131,0.0,0.0,0.0,13.428025807704131
2309.181895290368,2472.7068652177027,-40.818104709631825,-27.29313478229733,49.10226958431877,-2.552216383227599,4.239172293164756,False,0.0,12.568444176734156,0.0,0.0,0.0,12.568444176734156
2308.808832014612,2491.7515029717447,-41.19116798538789,-8.248497028255315,42.00892789902619,-2.9439575227039736,1.9957919409507667,False,0.0,13.308654113473459,0.0,0.0,0.0,13.308654113473459
2309.2741346851194,2489.6388366608476,-40.72586531488059,-10.361163339152426,42.02320562958507,-2.8924655157239014,2.0370538418637807,False,0.0,13.310684558625532,0.0,0.0,0.0,13.310684558625532
2343.5902824828067,2458.7219898371836,-6.409717517193258,-41.27801016281637,41.772701632187804,-1.7248476570685072,2.1469078446048115,False,0.0,13.28947433047947,0.0,0.0,0.0,13.28947433047947
2384.6084194210753,2463.784608404675,34.60841942107527,-36.215391595324945,50.09288655316034,-0.8080839870982542,4.616314909805624,False,0.0,12.331532178775664,0.0,0.0,0.0,12.331532178775664
2332.3427134023855,2545.376942521173,-17.65728659761453,45.37694252117308,48.691340940254904,1.9418923837686985,4.7409307482275835,False,0.0,12.57946547541818,0.0,0.0,0.0,12.57946547541818
2409.6893428716585,2498.522527341614,59.68934287165848,-1.4774726583859774,59.707625793584235,-0.024747650934292317,10.144258748852735,False,0.0,11.53246708144336,0.0,0.0,0.0,11.53246708144336
2410.610456683006,2493.8080277623526,60.61045668300585,-6.191972237647406,60.925922065360034,-0.10180693617316354,10.337930576910367,False,0.0,11.435145088358015,0.0,0.0,0.0,11.435145088358015
2316.6474914928635,2544.276228230368,-33.35250850713646,44.276228230367906,55.43260962670112,2.2163949365632667,5.939347998183166,False,0.0,12.037360969902993,0.0,0.0,0.0,12.037360969902993
2414.9248638846057,2478.37062404992,64.92486388460566,-21.629375950079975,68.43294421858869,-0.32158079764763425,13.404215827691587,False,0.0,10.894801800560458,0.0,0.0,0.0,10.894801800560458
2373.26910486811,2539.212043905136,23.269104868109935,39.21204390513594,45.59644315713021,1.0352311132341656,3.2796258861171736,False,0.0,12.839187247906239,0.0,0.0,0.0,12.839187247906239
2311.098007661416,2508.5318365721837,-38.90199233858402,8.531836572183693,39.82658965070574,2.9256946878297203,1.896185650726693,False,0.0,13.571403060243101,0.0,0.0,0.0,13.571403060243101
2354.079746669277,2537.8533075231753,4.079746669277029,37.85330752317532,38.07252583332971,1.4634329476920913,1.754362059368475,False,0.0,13.699157800028491,0.0,0.0,0.0,13.699157800028491
2385.0814838011606,2485.210608271254,35.08148380116063,-14.789391728746068,38.07146718209581,-0.3989640160683756,1.7512259100294614,False,0.0,13.646959441165139,0.0,0.0,0.0,13.646959441165139
2318.8444003209133,2478.141773460962,-31.155599679086663,-21.858226539037787,38.058553030763015,-2.5298053329726455,1.7125415310297285,False,0.0,13.77689684344076,0.0,0.0,0.0,13.77689684344076
2322.741192508299,2526.59255020732,-27.25880749170119,26.592550207320073,38.081574447473464,2.368566012866228,1.7814535313600572,False,0.0,13.795310712583774,0.0,0.0,0.0,13.795310712583774
2325.6395048613617,2470.764179526444,-24.36049513863827,-29.235820473556032,38.05478842618386,-2.2654803277842457,1.7009376663281728,False,0.0,13.732252520892075,0.0,0.0,0.0,13.732252520892075
2336.084433516788,2464.5416637641592,-13.915566483211933,-35.45833623584076,38.09116169352976,-1.9447757797848233,1.8101270642112013,False,0.0,13.684583011467696,0.0,0.0,0.0,13.684583011467696
2346.456114338769,2542.1156007940967,-3.543885661230888,42.115600794096736,42.2644407963432,1.6547451867791496,1.8362284377194555,False,0.0,13.222622218113903,0.0,0.0,0.0,13.222622218113903
2297.5558642147544,2521.0439744190476,-52.444135785245635,21.043974419047572,56.50872709246608,2.759996591982007,5.408102851057492,False,0.0,12.003860674118217,0.0,0.0,0.0,12.003860674118217
2301.9451746986815,2479.3888921075963,-48.05482530131849,-20.611107892403652,52.28846912362747,-2.736416401018378,6.221570890411385,False,0.0,12.287989940619187,0.0,0.0,0.0,12.287989940619187
2326.3135639533916,2446.898150786668,-23.686436046608378,-53.101849213332116,58.14510849990332,-1.9903661735907328,9.315544880228117,False,0.0,11.732726965223746,0.0,0.0,0.0,11.732726965223746
2339.312953560344,2548.609140711956,-10.687046439656115,48.609140711956115,49.770086621967174,1.787209966206407,4.518132584234081,False,0.0,12.46861652825005,0.0,0.0,0.0,12.46861652825005
2320.2042221187253,2464.698206902036,-29.795777881274716,-35.30179309796404,46.19529170252874,-2.2718143619243043,3.739002698854165,False,0.0,12.838476829153683,0.0,0.0,0.0,12.838476829153683
2390.364130582189,2497.0737606656385,40.364130582188864,-2.926239334361526,40.47006195075514,-0.07236942660458476,1.6960769364445696,False,0.0,13.362034251111941,0.0,0.0,0.0,13.362034251111941
2386.557323334165,2482.7045818332967,36.557323334165176,-17.295418166703257,40.442173271472775,-0.4419002849561893,1.8050819426566704,False,0.0,13.34850517492132,0.0,0.0,0.0,13.34850517492132
2278.489558394913,2506.3290312916474,-71.51044160508718,6.329031291647425,71.7899707176792,3.0533176688240804,15.07063076203849,False,0.0,10.897206398088956,0.0,0.0,0.0,10.897206398088956
2371.801019860236,2557.447334092662,21.80101986023601,57.447334092662004,61.44494007890586,1.2080900035122952,9.459295340371682,False,0.0,11.455428167026401,0.0,0.0,0.0,11.455428167026401
2390.3145594052335,2495.1152345329588,40.31455940523347,-4.884765467041234,40.60941557946995,-0.12057849758470111,1.7376869281285963,False,0.0,13.33768673575589,0.0,0.0,0.0,13.33768673575589
2340.779956093358,2461.286053541708,-9.220043906641877,-38.71394645829196,39.79671921171267,-1.8045990934621796,1.7300881764473388,False,0.0,13.49929824207374,0.0,0.0,0.0,13.49929824207374
2415.5747713914825,2519.911274226465,65.5747713914825,19.91127422646514,68.53108407406589,0.29479499273480114,16.502334772407266,False,0.0,10.922271756824523,0.0,0.0,0.0,10.922271756824523
2401.186236629896,2479.5148307398053,51.18623662989603,-20.485169260194652,55.13322936261338,-0.3806861439263107,7.380996438278089,False,0.0,11.89762234544097,0.0,0.0,0.0,11.89762234544097
2309.9156582631654,2501.8903891546984,-40.08434173683463,1.8903891546983687,40.1288926290216,3.0944672806124136,2.396535138777381,False,0.0,13.521460347570033,0.0,0.0,0.0,13.521460347570033
2302.318964209898,2487.175917056433,-47.681035790102214,-12.824082943567191,49.37548255319131,-2.8788544847320505,3.798396519230664,False,0.0,12.564656802833024,0.0,0.0,0.0,12.564656802833024
2301.4649668287725,2488.834340050215,-48.5350331712275,-11.165659949785095,49.802825291808375,-2.9154733426847694,4.318718168458872,False,0.0,12.52481786168259,0.0,0.0,0.0,12.52481786168259
2414.9601792664976,2523.7791210693367,64.96017926649756,23.779121069336725,69.17565676714369,0.35090717511295527,18.56339659664991,False,0.0,10.837835866395405,0.0,0.0,0.0,10.837835866395405
2398.9729692023934,2517.294317766284,48.972969202393415,17.294317766284166,51.93693425203095,0.339469465550805,4.624583017170153,False,0.0,12.216822446046029,0.0,0.0,0.0,12.216822446046029
2320.5299689720437,2466.143311488439,-29.470031027956338,-33.85668851156106,44.88605669645731,-2.2870347203169468,3.2434054718278276,False,0.0,12.965920663129415,0.0,0.0,0.0,12.965920663129415
2364.260462360644,2448.797828414706,14.260462360643942,-51.202171585293854,53.150946951011285,-1.2991671960522455,7.210189592626193,False,0.0,12.132619067709335,0.0,0.0,0.0,12.132619067709335
2422.5177750469657,2489.488656290701,72.51777504696565,-10.511343709299126,73.27561698366884,-0.14394599524083804,20.131365814309902,False,0.0,10.575199617480967,0.0,0.0,0.0,10.575199617480967
2302.421058748511,2497.5248834370177,-47.57894125148914,-2.4751165629822935,47.64327709775016,-3.0896182425058796,3.8832422818768464,False,0.0,12.740484821719832,0.0,0.0,0.0,12.740484821719832
2385.2548663342272,2519.4455527891973,35.254866334227245,19.445552789197336,40.26208046688211,0.5040483550961098,1.8933288216842357,False,0.0,13.398873024227196,0.0,0.0,0.0,13.398873024227196
2368.7625959053025,2464.3197242173387,18.762595905302533,-35.68027578266128,40.312740976426305,-1.086680520313482,1.8501174099847049,False,0.0,13.394980667668985,0.0,0.0,0.0,13.394980667668985
2410.441358346619,2519.31103618445,60.44135834661893,19.31103618445013,63.451350791780186,0.309249656025396,9.74946092466962,False,0.0,11.288783475139555,0.0,0.0,0.0,11.288783475139555
2315.7197647194967,2521.6261304475483,-34.28023528050335,21.62613044754835,40.53176592527205,2.578788387429151,1.8919182466042912,False,0.0,13.520403369295606,0.0,0.0,0.0,13.520403369295606
2396.281911622917,2531.600944215699,46.28191162291705,31.6009442156992,56.0413688162168,0.5990837423408251,8.556405213596008,False,0.0,11.835917521397612,0.0,0.0,0.0,11.835917521397612
2418.6362347776035,2517.923032381505,68.63623477760348,17.92303238150498,70.93777424049038,0.2554269304423877,17.31040173294832,False,0.0,10.75390015615551,0.0,0.0,0.0,10.75390015615551
2393.439524695135,2516.0775205708765,43.43952469513488,16.07752057087646,46.3193153387028,0.35447906088070263,3.3557434011627265,False,0.0,12.73663190843081,0.0,0.0,0.0,12.73663190843081
2415.2437267565233,2531.8761784466037,65.2437267565233,31.876178446603717,72.61428670337263,0.45446249836581276,20.37797823982328,False,0.0,10.597563011052415,0.0,0.0,0.0,10.597563011052415
2311.756648588594,2538.5198618111067,-38.24335141140591,38.51986181110669,54.28014076182042,2.3525923845460435,5.692495640849387,False,0.0,12.1286455587647,0.0,0.0,0.0,12.1286455587647
2329.646474550908,2534.5556150918655,-20.353525449092103,34.55561509186555,40.104320622396855,2.103094089037392,1.6621578989677346,False,0.0,13.504509059404533,0.0,0.0,0.0,13.504509059404533
2357.121507884407,2455.102040276504,7.121507884407038,-44.897959723496115,45.4592417653479,-1.4134913935201672,2.8882867199873203,False,0.0,12.8408699566248,0.0,0.0,0.0,12.8408699566248
2412.846176259791,2518.073497820605,62.84617625979081,18.0734978206051,65.39337270662917,0.28002657103724105,14.372021563167891,False,0.0,11.140440446654363,0.0,0.0,0.0,11.140440446654363
2307.1205638180395,2524.117404522822,-42.8794361819605,24.1174045228222,49.19649630004425,2.629243556647064,4.250378074312721,False,0.0,12.614270804565304,0.0,0.0,0.0,12.614270804565304
2312.2720608792492,2530.7255847043866,-37.72793912075076,30.72558470438662,48.656540626369164,2.4581334713795164,4.256627260972891,False,0.0,12.644422174456206,0.0,0.0,0.0,12.644422174456206
2319.702705452475,2538.966039018854,-30.29729454752487,38.96603901885419,49.3586694889393,2.2316855759796383,4.08938419646347,False,0.0,12.567230441315727,0.0,0.0,0.0,12.567230441315727
2385.4196597411988,2534.7389275840783,35.41965974119876,34.73892758407828,49.61194801531312,0.7756957046951924,4.503852313906464,False,0.0,12.443149753487262,0.0,0.0,0.0,12.443149753487262
2376.354130587011,2541.100414075168,26.354130587010786,41.10041407516792,48.82401290499869,1.000622895954221,4.170862620494518,False,0.0,12.527509638640877,0.0,0.0,0.0,12.527509638640877
2390.4909171598265,2499.0496362206436,40.490917159826495,-0.9503637793563939,40.50206863552829,-0.023466727565399338,1.9635025317061263,False,0.0,13.363832922497322,0.0,0.0,0.0,13.363832922497322
2325.452156333654,2531.1467775417314,-24.547843666346125,31.146777541731353,39.657513536547775,2.2382600914820046,1.3774736638906688,False,0.0,13.573994295295845,0.0,0.0,0.0,13.573994295295845
2355.670231288533,2545.0388822228106,5.670231288533159,45.03888222281057,45.39440973011614,1.4455588608998409,3.883791217230282,False,0.0,12.86117774088924,0.0,0.0,0.0,12.86117774088924
2301.617113371709,2485.7935831230348,-48.38288662829109,-14.20641687696525,50.42544991339385,-2.8559948520904275,3.92347698484582,False,0.0,12.469974568405929,0.0,0.0,0.0,12.469974568405929
2319.1438045478185,2528.7371225006905,-30.85619545218151,28.737122500690475,42.165471744105005,2.3917384162152673,1.8498231583525921,False,0.0,13.310104392535491,0.0,0.0,0.0,13.310104392535491
2362.4753073048582,2428.933588468916,12.475307304858234,-71.06641153108421,72.15308822397049,-1.3970225306539101,14.722110078669175,False,0.0,10.723173002854526,0.0,0.0,0.0,10.723173002854526
2393.6790436436986,2478.7962755042035,43.679043643698606,-21.20372449579645,48.553648535632895,-0.45193505112062,3.5165509210655728,False,0.0,12.492726680804394,0.0,0.0,0.0,12.492726680804394
2329.9693734780717,2465.5914896902173,-20.030626521928298,-34.40851030978274,39.81421329876308,-2.097981172818868,1.4730184039872256,False,0.0,13.498361034359851,0.0,0.0,0.0,13.498361034359851
2387.8793963855337,2524.145012964871,37.87939638553371,24.145012964871057,44.920266268202106,0.567479390813896,3.2143587436448797,False,0.0,12.891795194057144,0.0,0.0,0.0,12.891795194057144
2350.4549745677696,2541.6180174463907,0.45497456776956824,41.618017446390695,41.620504298066805,1.5598646084668029,1.7103730225903746,False,0.0,13.275423818538261,0.0,0.0,0.0,13.275423818538261
2310.2218064696985,2499.7946673671545,-39.77819353030145,-0.2053326328455114,39.778723484096716,-3.1364307598255685,1.6337160417242558,False,0.0,13.556603041519677,0.0,0.0,0.0,13.556603041519677
2310.8758876355173,2480.365646817046,-39.1241123644827,-19.634353182953873,43.77446736650988,-2.676467826688384,3.195426256482733,False,0.0,13.108882438851749,0.0,0.0,0.0,13.108882438851749
2334.1515701722633,2448.6009048686587,-15.848429827736709,-51.399095131341255,53.78698456248838,-1.8698874096513671,7.079693393116031,False,0.0,12.083371756666333,0.0,0.0,0.0,12.083371756666333
2399.6763460942493,2505.5242967084027,49.67634609424931,5.524296708402744,49.98256911562378,0.11075073247337096,4.986247843958608,False,0.0,12.389659866941633,0.0,0.0,0.0,12.389659866941633
2351.4604925174744,2444.93457818442,1.4604925174744494,-55.065421815580066,55.084786630442345,-1.5442796826516199,9.066159168896775,False,0.0,11.95391627078273,0.0,0.0,0.0,11.95391627078273
2363.2741004301765,2539.4772998055637,13.274100430176532,39.47729980556369,41.64923699383665,1.2464262964725332,1.9830425999416548,False,0.0,13.271298070823061,0.0,0.0,0.0,13.271298070823061
2399.9452784834903,2536.8028007970693,49.945278483490256,36.80280079706927,62.0401240271339,0.6350399278380782,8.342253362166048,False,0.0,11.365995747858706,0.0,0.0,0.0,11.365995747858706
2409.034371641559,2505.563510128513,59.03437164155912,5.563510128512917,59.29594994655019,0.09396435266851556,9.424965673535553,False,0.0,11.583494639198511,0.0,0.0,0.0,11.583494639198511
2334.889892521926,2464.396158894932,-15.110107478074042,-35.60384110506811,38.67749797277336,-1.9721547871194585,1.803931371905037,False,0.0,13.627754394204942,0.0,0.0,0.0,13.627754394204942
2355.194358743744,2538.307870129396,5.194358743744033,38.30787012939618,38.658430860672475,1.436023215488891,1.8091680118773183,False,0.0,13.629014830565353,0.0,0.0,0.0,13.629014830565353
2324.4122240319207,2471.064024428202,-25.587775968079313,-28.935975571797826,38.626738941881925,-2.29486341207294,1.7966542378394479,False,0.0,13.66842561742341,0.0,0.0,0.0,13.66842561742341
2385.2315615256525,2484.0870328060387,35.23156152565252,-15.912967193961322,38.658575406395,-0.4242401291850229,1.7188884343186146,False,0.0,13.574862826245683,0.0,0.0,0.0,13.574862826245683
2317.68745740431,2478.634440328589,-32.31254259569005,-21.36555967141112,38.73741794532662,-2.557373313420486,1.966387881580431,False,0.0,13.683255723725392,0.0,0.0,0.0,13.683255723725392
2323.079672544716,2527.731070345107,-26.920327455284223,27.731070345107128,38.648626014193695,2.3413607721812904,1.771410608993392,False,0.0,13.719932742179763,0.0,0.0,0.0,13.719932742179763
2351.706784509382,2447.067647697767,1.7067845093820324,-52.932352302233085,52.959862477249565,-1.5385628574737318,6.139234539481549,False,0.0,12.13967712163889,0.0,0.0,0.0,12.13967712163889
2387.7637789115934,2512.4702839755378,37.76377891159336,12.470283975537768,39.76947296751941,0.3189442446774382,1.827936677685102,False,0.0,13.437220451284063,0.0,0.0,0.0,13.437220451284063
2310.3718449085623,2495.750257470082,-39.62815509143775,-4.249742529917967,39.855375892364094,-3.034760463131814,1.5042610718564902,False,0.0,13.554998660082331,0.0,0.0,0.0,13.554998660082331
2371.07139719428,2533.7352507403407,21.071397194280053,33.73525074034069,39.77525514981356,1.0124770360409594,1.8282247751690193,False,0.0,13.489307302837403,0.0,0.0,0.0,13.489307302837403
2365.4650862889584,2536.640020520465,15.465086288958446,36.64002052046499,39.77008923380768,1.1714000042194812,1.775114721225009,False,0.0,13.492498065039038,0.0,0.0,0.0,13.492498065039038
2357.429601662662,2460.977729589271,7.429601662662208,-39.02227041072911,39.723249727003676,-1.382654246633846,1.6459503094447427,False,0.0,13.4950591954471,0.0,0.0,0.0,13.4950591954471
2383.0791202632295,2477.972659837491,33.07912026322947,-22.027340162509063,39.74206728422772,-0.587470682645679,1.944857939155554,False,0.0,13.413013387080735,0.0,0.0,0.0,13.413013387080735
2316.825445065126,2522.0487775797205,-33.17455493487387,22.048777579720536,39.833399150548914,2.55500193747708,1.886769297932915,False,0.0,13.592467506735883,0.0,0.0,0.0,13.592467506735883
2312.2418562498674,2512.489298547531,-37.758143750132604,12.48929854753078,39.77008923380777,2.822149979157345,1.7751147212266005,False,0.0,13.58937434738225,0.0,0.0,0.0,13.58937434738225
2310.171943280566,2497.746827683499,-39.82805671943379,-2.25317231650115,39.89173959022447,-3.085080400972955,2.1340498038653095,False,0.0,13.544649172419295,0.0,0.0,0.0,13.544649172419295
2277.98239502829,2512.314187911604,-72.01760497171017,12.314187911604222,73.0628130431863,2.97224184244675,17.800582264779223,False,0.0,10.809617010287145,0.0,0.0,0.0,10.809617010287145
2301.2633950974086,2492.5563721187045,-48.73660490259135,-7.44362788129547,49.30176724486142,-2.990032125849663,3.925864359332081,False,0.0,12.572625779544309,0.0,0.0,0.0,12.572625779544309
2392.740485501829,2480.2914315034095,42.74048550182897,-19.708568496590487,47.06566448183698,-0.4320642079788865,2.7337971336064584,False,0.0,12.641906879793924,0.0,0.0,0.0,12.641906879793924
2355.3660428137996,2543.601649742325,5.366042813799595,43.60164974232521,43.93060750469925,1.4483423652375438,3.021052620711089,False,0.0,13.009201067105886,0.0,0.0,0.0,13.009201067105886
2394.7292957656887,2464.0653647079766,44.729295765688676,-35.93463529202336,57.37602211085381,-0.6767987080255154,8.332204432017534,False,0.0,11.697111405914276,0.0,0.0,0.0,11.697111405914276
2357.0091511444157,2459.2684748568595,7.009151144415682,-40.731525143140516,41.330198889571676,-1.400383614225216,1.4948200180365347,False,0.0,13.297904952836934,0.0,0.0,0.0,13.297904952836934
2353.653416901588,2565.84562698282,3.653416901588116,65.8456269828198,65.94690324660785,1.5153685798502101,11.06042436534699,False,0.0,11.190223543296831,0.0,0.0,0.0,11.190223543296831
2400.9129002037266,2522.1869267099905,50.91290020372662,22.18692670999053,55.53722286889324,0.4109675592278696,8.057994135010631,False,0.0,11.89302515945392,0.0,0.0,0.0,11.89302515945392
2387.5482909576854,2519.2165472452893,37.54829095768537,19.216547245289348,42.179969676061106,0.4730288858592226,2.145534531365456,False,0.0,13.178493203986712,0.0,0.0,0.0,13.178493203986712
2376.806678177892,2454.463745190385,26.80667817789208,-45.536254809615,52.840784409575726,-1.038735484827131,6.4784674697421,False,0.0,12.112969857180673,0.0,0.0,0.0,12.112969857180673
2324.513990188311,2441.4600786591404,-25.4860098116892,-58.539921340859564,63.84715410036334,-1.9814101612857347,11.851899970717568,False,0.0,11.29673580996466,0.0,0.0,0.0,11.29673580996466
2355.3962477865302,2539.447897186325,5.396247786530239,39.44789718632501,39.81527448852389,1.43484582801086,1.8042556026794045,False,0.0,13.496446736548867,0.0,0.0,0.0,13.496446736548867
2334.390889618894,2463.323054915772,-15.609110381105893,-36.67694508422801,39.860288854962214,-1.973161278431167,1.8175577212593907,False,0.0,13.489344259788268,0.0,0.0,0.0,13.489344259788268
2356.349696524794,2458.63130935054,6.349696524794126,-41.36869064945995,41.85316250903506,-1.4184945535680595,1.4378948417738684,False,0.0,13.239780029201356,0.0,0.0,0.0,13.239780029201356
2397.047080020026,2543.3827959928462,47.04708002002599,43.38279599284624,63.9960524295651,0.7448995951815813,11.288111355808724,False,0.0,11.223579818416233,0.0,0.0,0.0,11.223579818416233
2313.318622911345,2480.070624746782,-36.681377088655154,-19.92937525321804,41.74569945639544,-2.643899881941141,2.017378230983013,False,0.0,13.334616512970634,0.0,0.0,0.0,13.334616512970634
2338.394630525236,2461.9330909389187,-11.605369474763847,-38.06690906108133,39.79666023814582,-1.866712859631578,1.6054200629655497,False,0.0,13.493802967803711,0.0,0.0,0.0,13.493802967803711
2354.2667956503315,2546.1811517647616,4.26679565033146,46.18115176476158,46.37784302273693,1.4786653104171834,3.53005103647115,False,0.0,12.758490895355962,0.0,0.0,0.0,12.758490895355962
2314.4994578555584,2480.6740832356177,-35.500542144441624,-19.325916764382328,40.42003898233041,-2.643071598604956,1.6667348358913614,False,0.0,13.488006248373557,0.0,0.0,0.0,13.488006248373557
2377.792492815319,2530.9595931538765,27.792492815318838,30.95959315387654,41.60431546297942,0.839252216244005,1.5292323759099418,False,0.0,13.262287800141369,0.0,0.0,0.0,13.262287800141369
2362.9565503865692,2426.3312791965304,12.956550386569234,-73.66872080346957,74.79941592512108,-1.3967009430686042,13.171997755805023,False,0.0,10.563376512163263,0.0,0.0,0.0,10.563376512163263
2387.458140953538,2474.773247591241,37.45814095353808,-25.226752408758784,45.160838796328214,-0.5926944873299919,3.8011665916319544,False,0.0,12.808354525597311,0.0,0.0,0.0,12.808354525597311
2387.3511473989215,2484.5604134636264,37.35114739892151,-15.439586536373554,40.416445222583945,-0.39197295894303363,1.8230421740140628,False,0.0,13.363451524879792,0.0,0.0,0.0,13.363451524879792
2383.5128424366353,2469.8707518465876,33.51284243663531,-30.12924815341239,45.06531041136462,-0.7322821893492678,4.197084041274138,False,0.0,12.817430075593817,0.0,0.0,0.0,12.817430075593817
2393.170486873169,2522.221871062871,43.17048687316901,22.221871062870832,48.55411919087106,0.47537534955337624,4.915269158565934,False,0.0,12.51862616807864,0.0,0.0,0.0,12.51862616807864
2399.3987471488435,2514.4253798869904,49.39874714884354,14.425379886990413,51.461906345950354,0.284118922090621,4.421867054672475,False,0.0,12.267429691354556,0.0,0.0,0.0,12.267429691354556
2391.550810108621,2521.4832142648324,41.550810108621135,21.48321426483244,46.776044251640094,0.4771823818441413,4.447993068781898,False,0.0,12.691576800940895,0.0,0.0,0.0,12.691576800940895
2378.8020618212668,2461.6401592756497,28.80206182126676,-38.359840724350306,47.969116580916904,-0.9267585180272494,4.128681512802359,False,0.0,12.566347719716617,0.0,0.0,0.0,12.566347719716617
2384.2666155415395,2483.3956087539023,34.26661554153952,-16.604391246097748,38.077641068285274,-0.4512232707431172,1.76961579599174,False,0.0,13.647898952959851,0.0,0.0,0.0,13.647898952959851
2356.0871165360163,2537.587674639062,6.08711653601631,37.58767463906179,38.07737218473738,1.4102456950941344,1.7688816950177397,False,0.0,13.69711245615684,0.0,0.0,0.0,13.69711245615684
2347.9871946932712,2461.8887647655997,-2.012805306728751,-38.11123523440028,38.16435033240562,-1.6235612653005056,2.0293885893431707,False,0.0,13.681821193353425,0.0,0.0,0.0,13.681821193353425
2343.9770631287597,2537.58251874433,-6.02293687124029,37.58251874433017,38.06207408593066,1.729704113868532,1.7230644360664655,False,0.0,13.720843140657486,0.0,0.0,0.0,13.720843140657486
2315.7624629519237,2483.373148714994,-34.23753704807632,-16.62685128500607,38.061281202451745,-2.689505190234523,1.7207144564117698,False,0.0,13.775425905041892,0.0,0.0,0.0,13.775425905041892
2388.0560481583234,2499.0105813946466,38.05604815832339,-0.9894186053534213,38.06890792504099,-0.025993128872231704,1.7435474758003693,False,0.0,13.649769232843516,0.0,0.0,0.0,13.649769232843516
2383.2819359717,2518.4252391588975,33.28193597170002,18.42523915889751,38.041775722052066,0.5056111898453036,1.6623111434673774,False,0.0,13.69727270433454,0.0,0.0,0.0,13.69727270433454
2374.3008090007365,2470.6838391820224,24.300809000736535,-29.31616081797756,38.07842700527164,-0.8786671484118377,1.7720775402653999,False,0.0,13.641703894062168,0.0,0.0,0.0,13.641703894062168
2324.2020168981285,2527.980261968088,-25.797983101871523,27.980261968088143,38.05825786773862,2.315637528681954,1.7116532458549045,False,0.0,13.788553517655542,0.0,0.0,0.0,13.788553517655542
2375.859533041287,2472.018705216918,25.859533041286795,-27.98129478308192,38.10076517408976,-0.8247858267885123,1.8389593821398194,False,0.0,13.624509183256421,0.0,0.0,0.0,13.624509183256421
2334.23832947951,2465.337940446864,-15.761670520490043,-34.662059553135805,38.07740314230499,-1.9975717862112181,1.7689754905791233,False,0.0,13.707023333715156,0.0,0.0,0.0,13.707023333715156
2317.623311603306,2479.7822515646453,-32.376688396694135,-20.21774843535468,38.170765034669074,-2.5833861558240514,2.0485673687330745,False,0.0,13.737556872159102,0.0,0.0,0.0,13.737556872159102
2386.412610670995,2489.0115545082663,36.412610670995036,-10.988445491733728,38.034512619491586,-0.29308519101953195,1.6405599009276557,False,0.0,13.665323651097339,0.0,0.0,0.0,13.665323651097339
2359.980269731483,2463.2883521190865,9.980269731483077,-36.71164788091346,38.044064899079004,-1.3053557154627216,1.6691339298686216,False,0.0,13.702844559505019,0.0,0.0,0.0,13.702844559505019
2387.4131200467286,2507.0334850144513,37.413120046728636,7.033485014451344,38.068510124241,0.18582623804768328,1.7423622151145537,False,0.0,13.62961180197038,0.0,0.0,0.0,13.62961180197038
2350.0228996531155,2538.0629969620018,0.022899653115473484,38.06299696200176,38.06300385050381,1.5701947018000106,1.7258679362353178,False,0.0,13.707581619989007,0.0,0.0,0.0,13.707581619989007
2387.9444036739374,2503.009746960693,37.94440367393736,3.0097469606930645,38.063582949298294,0.07915419141259018,1.7275935704228687,False,0.0,13.647861500636882,0.0,0.0,0.0,13.647861500636882
2324.1018752312316,2472.105106577295,-25.89812476876841,-27.89489342270508,38.06360394921599,-2.319092048421448,1.7272282799258392,False,0.0,13.744865235699358,0.0,0.0,0.0,13.744865235699358
2360.0486504041096,2536.730495147446,10.048650404109594,36.73049514744616,38.08023960954787,1.3037527445824237,1.7774692389239135,False,0.0,13.697863819476478,0.0,0.0,0.0,13.697863819476478
2312.604081205724,2507.0768681219415,-37.395918794275985,7.076868121941516,38.059647986856575,2.9545626652732286,1.7158132450886114,False,0.0,13.78199157511651,0.0,0.0,0.0,13.78199157511651
2333.991585222888,2559.9866442359667,-16.008414777112193,59.98664423596665,62.08596323138182,1.8315851042030307,9.456949889087355,False,0.0,11.45193358528959,0.0,0.0,0.0,11.45193358528959
2341.7722978702036,2457.337801764905,-8.227702129796398,-42.66219823509482,43.44833990599852,-1.7613142458189546,2.814627360897248,False,0.0,13.094193583261482,0.0,0.0,0.0,13.094193583261482
2385.21399526953,2515.9212254552144,35.21399526953019,15.921225455214426,38.64596851986326,0.42462197887760744,1.7709478785168358,False,0.0,13.595387779943527,0.0,0.0,0.0,13.595387779943527
2363.1386505767746,2536.3335871672884,13.13865057677458,36.33358716728844,38.63617081727337,1.2238146828017957,1.7428408375317304,False,0.0,13.627409680603293,0.0,0.0,0.0,13.627409680603293
2340.87528420401,2462.388474341434,-9.124715795990141,-37.611525658565824,38.70254902099534,-1.808802258608354,2.0442738152651145,False,0.0,13.623481747119142,0.0,0.0,0.0,13.623481747119142
2376.947420177808,2527.6456241999017,26.947420177808,27.645624199901704,38.606268812739785,0.7981867148799263,1.5838007620527605,False,0.0,13.612924862101977,0.0,0.0,0.0,13.612924862101977
2314.014240052161,2514.0517537334435,-35.98575994783914,14.051753733443547,38.63193888492847,2.7693191925759435,1.7767514549054795,False,0.0,13.723881299593522,0.0,0.0,0.0,13.723881299593522
2318.9775734940795,2523.032317082126,-31.02242650592052,23.032317082126156,38.637786899443924,2.502946972346426,1.784422876658141,False,0.0,13.736605714302227,0.0,0.0,0.0,13.736605714302227
2357.1826704585824,2462.057268043251,7.182670458582379,-37.94273195674896,38.61659828698394,-1.3837072455111399,1.6771688468675165,False,0.0,13.62796659347877,0.0,0.0,0.0,13.62796659347877
2373.944093865438,2530.461112023219,23.944093865437935,30.461112023218902,38.745309093204995,0.9046167772677247,2.1064252811918323,False,0.0,13.597264292141842,0.0,0.0,0.0,13.597264292141842
2355.151913553702,2461.730083148374,5.151913553701888,-38.26991685162602,38.61513626928159,-1.4369803708711966,1.8149645403500472,False,0.0,13.611703024451716,0.0,0.0,0.0,13.611703024451716
2313.328573836365,2512.12979407499,-36.671426163634806,12.129794074990059,38.62545017441976,2.822151203773151,1.7165844834280506,False,0.0,13.721929602256225,0.0,0.0,0.0,13.721929602256225
2311.4541332877234,2495.8246723409025,-38.54586671227662,-4.175327659097547,38.77134511029273,-3.0336923337486144,2.0673629438847456,False,0.0,13.678059760296495,0.0,0.0,0.0,13.678059760296495
2385.9909428489823,2514.039505389893,35.990942848982286,14.039505389892838,38.63231391919903,0.3719293303273381,1.743685768257592,False,0.0,13.579747760716593,0.0,0.0,0.0,13.579747760716593
2366.8791127722957,2534.747219723375,16.879112772295684,34.74721972337511,38.629958924187115,1.1185984143206296,1.770304419547756,False,0.0,13.6315735023512,0.0,0.0,0.0,13.6315735023512
2314.8131276304653,2515.9575269168,-35.18687236953474,15.957526916799907,38.63623496732466,2.7158253328665687,1.800092305605176,False,0.0,13.7167087782174,0.0,0.0,0.0,13.7167087782174
2387.2717872845797,2510.152099766686,37.27178728457966,10.152099766686206,38.62966809409193,0.26592904831007935,1.7386273222659838,False,0.0,13.568661142595452,0.0,0.0,0.0,13.568661142595452
2346.9611841171986,2538.5309209925413,-3.038815882801373,38.53092099254127,38.65056628955161,1.6495003582960281,1.751409428417901,False,0.0,13.637871494399723,0.0,0.0,0.0,13.637871494399723
2353.0368939948144,2461.5046450357613,3.0368939948143634,-38.495354964238686,38.61495926397535,-1.4920694968183734,1.8586810494175552,False,0.0,13.60395613791644,0.0,0.0,0.0,13.60395613791644
2386.6770613250956,2512.110779502997,36.677061325095565,12.110779502997048,38.62483407880265,0.31892824917899754,1.765864536868321,False,0.0,13.569061823710914,0.0,0.0,0.0,13.569061823710914
2313.9539072460093,2485.9352868315023,-36.046092753990706,-14.064713168497747,38.69285411211501,-2.7695743649930216,1.9609493621351248,False,0.0,13.684929351275168,0.0,0.0,0.0,13.684929351275168
2312.714150714846,2489.8438986575093,-37.2858492851542,-10.156101342490729,38.644287435456434,-2.8756593267554695,1.6985423860764968,False,0.0,13.694868139263276,0.0,0.0,0.0,13.694868139263276
2312.7338478768806,2510.171114338679,-37.266152123119355,10.171114338679217,38.62923324315355,2.8751503375200587,1.7885630202592893,False,0.0,13.7151669385976,0.0,0.0,0.0,13.7151669385976
2372.1400977338417,2468.4671365902327,22.140097733841685,-31.532863409767288,38.529279807480215,-0.9586437842179121,1.5823656654233673,False,0.0,13.597684743368678,0.0,0.0,0.0,13.597684743368678
2365.0200229500865,2535.5854508437856,15.020022950086513,35.585450843785566,38.62545017442003,1.171398779603671,1.7165844834280506,False,0.0,13.630694232334642,0.0,0.0,0.0,13.630694232334642
2382.1817439295014,2521.3671961828727,32.18174392950141,21.367196182872704,38.62928571772161,0.5861222208045999,1.7287632165751177,False,0.0,13.619445402040158,0.0,0.0,0.0,13.619445402040158
2331.347418757735,2533.746106146244,-18.652581242265114,33.746106146244074,38.557988368597144,2.0757352694051137,1.6664868334596576,False,0.0,13.696161586886987,0.0,0.0,0.0,13.696161586886987
2317.8074214692815,2521.3690119104003,-32.19257853071849,21.36901191040033,38.639316537476546,2.5555863852876937,1.720795120742764,False,0.0,13.737105941023442,0.0,0.0,0.0,13.737105941023442
2320.24868708436,2524.6852371582017,-29.751312915640028,24.685237158201744,38.658783655994576,2.448991071213526,1.8848016222664228,False,0.0,13.729376260774158,0.0,0.0,0.0,13.729376260774158
2379.830539956833,2524.6448451391902,29.830539956833036,24.644845139190238,38.694050008378305,0.6904907926747718,1.896228012068491,False,0.0,13.60660340481713,0.0,0.0,0.0,13.60660340481713
2382.125276601878,2478.6054163848917,32.125276601877886,-21.39458361510833,38.59743002857864,-0.5875225808786297,1.7823966134319562,False,0.0,13.553906663436752,0.0,0.0,0.0,13.553906663436752
2313.244926920573,2487.895570843378,-36.75507307942689,-12.10442915662179,38.69693272446393,-2.8234523383003887,1.8700048344719562,False,0.0,13.68610242298737,0.0,0.0,0.0,13.68610242298737
2375.5473021783905,2529.0844636251577,25.54730217839051,29.084463625157696,38.711376531416676,0.8500534279344345,1.9270516187216344,False,0.0,13.60126033053351,0.0,0.0,0.0,13.60126033053351
2338.7972902519427,2462.9393285941314,-11.20270974805726,-37.06067140586856,38.716844793358106,-1.8643437966789327,2.032959661210498,False,0.0,13.615127037280317,0.0,0.0,0.0,13.615127037280317
2368.6986257836247,2533.8098650440256,18.69862578362472,33.80986504402563,38.63606579986194,1.065612671240937,1.752641456080255,False,0.0,13.630499634914248,0.0,0.0,0.0,13.630499634914248
2370.458104265003,2467.337841804078,20.45810426500293,-32.662158195922075,38.54024660187284,-1.0112232630437226,1.5837198601520868,False,0.0,13.603215591385808,0.0,0.0,0.0,13.603215591385808
2370.464256704396,2532.7649008013373,20.46425670439612,32.76490080133726,38.630616445830796,1.012500079774385,1.783331469937366,False,0.0,13.624047973319673,0.0,0.0,0.0,13.624047973319673
2383.2951186097484,2480.3856587296837,33.29511860974844,-19.614341270316345,38.64307579250974,-0.5323704081215784,1.8982938850246143,False,0.0,13.55507398315938,0.0,0.0,0.0,13.55507398315938
2312.2146086409434,2491.7980803945156,-37.785391359056575,-8.201919605484363,38.66532406914361,-2.9278427205633584,1.8156081801284927,False,0.0,13.684054324836326,0.0,0.0,0.0,13.684054324836326
2372.1894363489214,2531.640773281077,22.18943634892139,31.640773281077145,38.64595217234735,0.9592034530803911,1.7860799187119483,False,0.0,13.614584340898201,0.0,0.0,0.0,13.614584340898201
2381.0027782056623,2522.987781535891,31.002778205662253,22.987781535890917,38.59547067223476,0.6380226744412558,1.6222488473922567,False,0.0,13.62181561688715,0.0,0.0,0.0,13.62181561688715
2311.722984682165,2493.778610318233,-38.277015317834866,-6.22138968176705,38.77931911746469,-2.9804657589043737,1.962269156348384,False,0.0,13.674863290111855,0.0,0.0,0.0,13.674863290111855
2378.4647887626056,2526.2521908784206,28.46478876260562,26.252190878420606,38.7223672470678,0.7449830473719161,2.065718207108148,False,0.0,13.597881064154047,0.0,0.0,0.0,13.597881064154047
2311.4255725708967,2497.909192009933,-38.57442742910325,-2.090807990066878,38.631048776010225,-3.087443720246756,1.7411959420667245,False,0.0,13.68859460522734,0.0,0.0,0.0,13.68859460522734
2351.0007597367717,2461.422956134812,1.0007597367716698,-38.57704386518799,38.59002245953456,-1.544860297741346,1.5510122503642378,False,0.0,13.613208556978648,0.0,0.0,0.0,13.613208556978648
2335.350976477372,2555.5575667823887,-14.649023522627886,55.557566782388676,57.45639317731389,1.8286016100238431,8.04122062557326,False,0.0,11.80066789866025,0.0,0.0,0.0,11.80066789866025
2359.366963616812,2461.416981753585,9.366963616811972,-38.58301824641512,39.70376939790329,-1.332629838939563,1.5830090096935692,False,0.0,13.50105139794497,0.0,0.0,0.0,13.50105139794497
2328.1196263181896,2531.939335298631,-21.880373681810397,31.939335298630795,38.715266908211085,2.171425184324942,1.659508476839619,False,0.0,13.676661343018326,0.0,0.0,0.0,13.676661343018326
2314.4265145013483,2556.9132738750927,-35.573485498651735,56.91327387509273,67.11626936670496,2.1294296211500816,8.86322500492679,False,0.0,11.137873215308893,0.0,0.0,0.0,11.137873215308893
2301.9416238452905,2466.0938491014904,-48.05837615470955,-33.90615089850962,58.81525811709118,-2.527171516152556,8.5687500942513,False,0.0,11.721828934658864,0.0,0.0,0.0,11.721828934658864
2407.5049589117766,2509.759633041931,57.50495891177661,9.75963304193101,58.32727266518012,0.1681161738769921,8.498951741255041,False,0.0,11.673911965983361,0.0,0.0,0.0,11.673911965983361
2389.289135657086,2447.5069905626206,39.28913565708581,-52.49300943737944,65.56792066608257,-0.9282788872487854,10.377361387731298,False,0.0,11.108466222545633,0.0,0.0,0.0,11.108466222545633
2382.5250104322386,2536.0346499550556,32.52501043223856,36.034649955055556,48.54247934542088,0.8365445462571237,3.9076526119961272,False,0.0,12.549643441760152,0.0,0.0,0.0,12.549643441760152
2361.31259683569,2461.9729461376423,11.312596835689874,-38.02705386235766,39.67406801195853,-1.28164559781542,1.739270504211163,False,0.0,13.497375323738083,0.0,0.0,0.0,13.497375323738083
2368.6751774881973,2452.8079115053665,18.675177488197278,-47.19208849463348,50.75288632876941,-1.1939791013130772,4.282209115876867,False,0.0,12.320440187289657,0.0,0.0,0.0,12.320440187289657
2318.463328141082,2475.2426169563882,-31.536671858917998,-24.757383043611753,40.093511783144976,-2.476043714706559,1.6799688556402543,False,0.0,13.518639328087351,0.0,0.0,0.0,13.518639328087351
2387.9703169525314,2548.4300707110724,37.97031695253145,48.4300707110724,61.54036657800447,0.9058733117822935,10.896171413609181,False,0.0,11.419271000314597,0.0,0.0,0.0,11.419271000314597
2398.988855250373,2462.7637091736156,48.988855250373035,-37.23629082638445,61.53413112451564,-0.6499320477094959,8.94296292008221,False,0.0,11.372405678669976,0.0,0.0,0.0,11.372405678669976
2317.958068244401,2536.36712127125,-32.04193175559885,36.3671212712502,48.46909221543429,2.2930531388056994,3.9694654824529607,False,0.0,12.65211229326862,0.0,0.0,0.0,12.65211229326862
2397.1661188941202,2464.6557522985677,47.166118894120245,-35.34424770143232,58.939448734395974,-0.6430892763697778,9.152649464894239,False,0.0,11.576546659067551,0.0,0.0,0.0,11.576546659067551
2324.5321972424827,2432.8765455918087,-25.467802757517347,-67.12345440819126,71.79252822532676,-1.9334341011522156,15.351486636549453,False,0.0,10.761783310945297,0.0,0.0,0.0,10.761783310945297
2341.4566131040133,2459.4836647471116,-8.543386895986714,-40.51633525288844,41.40728054314806,-1.7786147114196245,1.6162586451309835,False,0.0,13.32057591901784,0.0,0.0,0.0,13.32057591901784
2381.94049377028,2530.60441366003,31.940493770280227,30.604413660029877,44.2360178786872,0.7640394790752759,2.250668343502184,False,0.0,12.982555601843911,0.0,0.0,0.0,12.982555601843911
2311.341434242464,2499.922788433177,-38.65856575753605,-0.07721156682282526,38.65864286360542,-3.139595386938994,1.73788946355171,False,0.0,13.690668032156308,0.0,0.0,0.0,13.690668032156308
2324.726168727902,2540.9624272173824,-25.27383127209805,40.962427217382356,48.131974722733204,2.123622380269214,4.22303199989301,False,0.0,12.666494735496007,0.0,0.0,0.0,12.666494735496007
2311.042620981298,2527.830642646937,-38.957379018701886,27.83064264693712,47.87715582768372,2.5212761453686463,4.154821672377466,False,0.0,12.732569225592288,0.0,0.0,0.0,12.732569225592288
2369.00071311315,2536.9467993356343,19.00071311315014,36.946799335634296,41.54627636691239,1.0957962295350887,1.7913752847816795,False,0.0,13.287564877595631,0.0,0.0,0.0,13.287564877595631
2389.2036753068273,2509.547671718684,39.203675306827336,9.547671718683887,40.34955009428109,0.23888969063220578,1.8793108110173762,False,0.0,13.355402701011222,0.0,0.0,0.0,13.355402701011222
2343.274897414388,2557.468104050858,-6.725102585612149,57.468104050858074,57.86026259867179,1.6872897046791844,10.823885461724785,False,0.0,11.778214591715246,0.0,0.0,0.0,11.778214591715246
2306.5800300370597,2521.1576942071865,-43.419969962940286,21.157694207186523,48.30053639192272,2.6881725189557635,3.7928613119420334,False,0.0,12.697587024103822,0.0,0.0,0.0,12.697587024103822
2398.5977392762097,2499.2625960849446,48.59773927620972,-0.7374039150554381,48.60333349979604,-0.01517246153475661,4.998438228699456,False,0.0,12.515763625159986,0.0,0.0,0.0,12.515763625159986
2397.89236285709,2493.6993760425707,47.89236285709012,-6.300623957429252,48.305033715836664,-0.13080681508806422,4.166458268145107,False,0.0,12.52880535398274,0.0,0.0,0.0,12.52880535398274
2308.3522343513673,2452.998257877815,-41.647765648632685,-47.00174212218508,62.79888650321609,-2.295872879840857,8.723257830770308,False,0.0,11.413506283319888,0.0,0.0,0.0,11.413506283319888
2312.0051200648013,2455.7038234807055,-37.994879935198696,-44.29617651929448,58.35890810766305,-2.279770341745449,8.389709162370309,False,0.0,11.73859835682945,0.0,0.0,0.0,11.73859835682945
2395.623808795451,2509.688237583713,45.62380879545117,9.68823758371309,46.64111787342107,0.20924232627719994,3.9999044411952127,False,0.0,12.70053010995726,0.0,0.0,0.0,12.70053010995726
2396.4079584805145,2506.7475870108533,46.40795848051448,6.7475870108532945,46.89593309443999,0.14438541615359465,4.472209824342826,False,0.0,12.67994985638314,0.0,0.0,0.0,12.67994985638314
2356.2188148614546,2561.3998327557906,6.218814861454575,61.39983275579061,61.713962121387944,1.469856642949834,10.456927942646871,False,0.0,11.463644710763253,0.0,0.0,0.0,11.463644710763253
2305.3736896815967,2516.7798256424903,-44.626310318403284,16.779825642490323,47.67672515207817,2.781939022408394,3.851429818174438,False,0.0,12.758260427925027,0.0,0.0,0.0,12.758260427925027
2362.4863197751397,2454.368562893767,12.486319775139691,-45.63143710623308,47.30894454442151,-1.303700373164057,4.594559499954812,False,0.0,12.652650166166794,0.0,0.0,0.0,12.652650166166794
2302.686242480035,2518.387417763726,-47.31375751996484,18.387417763725807,50.7610951682074,2.770928610879491,4.348485117288419,False,0.0,12.474873346556471,0.0,0.0,0.0,12.474873346556471
2367.5260693607893,2455.7581090380204,17.52606936078928,-44.24189096197961,47.5868471652713,-1.1936202652132342,4.1996906540180134,False,0.0,12.617551006072347,0.0,0.0,0.0,12.617551006072347
2303.05387416626,2511.94115938609,-46.9461258337401,11.941159386090021,48.440995223894454,2.8925158334349743,4.800623907638965,False,0.0,12.684311563721698,0.0,0.0,0.0,12.684311563721698
2284.304106360912,2464.4867695801677,-65.6958936390879,-35.513230419832325,74.68025157891779,-2.6460181681132204,18.819283471832023,False,0.0,10.66505879716791,0.0,0.0,0.0,10.66505879716791
2392.802367607744,2476.080411262485,42.802367607744145,-23.919588737514914,49.032534078918616,-0.5096032780299237,4.510720455603405,False,0.0,12.457187584684407,0.0,0.0,0.0,12.457187584684407
2389.676717459826,2476.666931896247,39.676717459825795,-23.333068103752794,46.02905577481697,-0.5316083889162415,3.738962812411046,False,0.0,12.737618303710093,0.0,0.0,0.0,12.737618303710093
2387.920223226932,2471.7130279620446,37.920223226932194,-28.286972037955366,47.30852055028181,-0.640910530152253,5.320409158154234,False,0.0,12.598519418214206,0.0,0.0,0.0,12.598519418214206
2360.456417315592,2461.1489722231236,10.456417315591807,-38.851027776876435,40.233555925339644,-1.3078849906900634,1.6292726655874503,False,0.0,13.428725460365042,0.0,0.0,0.0,13.428725460365042
2328.211066443091,2466.3787052061657,-21.788933556908887,-33.621294793834295,40.06431191423733,-2.145813187241585,1.6889639392147728,False,0.0,13.469893314753193,0.0,0.0,0.0,13.469893314753193
2348.878661162936,2554.8330063277467,-1.1213388370638313,54.833006327746716,54.844470858293626,1.5912435470864528,5.491399471938166,False,0.0,12.01206183748008,0.0,0.0,0.0,12.01206183748008
2312.337528338219,2558.87512205563,-37.66247166178118,58.87512205563007,69.89092765688412,2.1398973385307993,18.3414440491797,False,0.0,10.94934776929243,0.0,0.0,0.0,10.94934776929243
2378.220064700676,2531.817248129992,28.220064700676176,31.817248129992095,42.52892345540661,0.84524241683004,1.6018528333866016,False,0.0,13.169357369406763,0.0,0.0,0.0,13.169357369406763
2368.2723675018806,2537.9050564968297,18.27236750188058,37.90505649682973,42.07936218803269,1.1216065286711958,1.8715490217800834,False,0.0,13.216357392101159,0.0,0.0,0.0,13.216357392101159
2297.091235082996,2517.247555457388,-52.90876491700419,17.24755545738799,55.649039293580685,2.826468546677757,7.183527456249976,False,0.0,12.06123274553196,0.0,0.0,0.0,12.06123274553196
2389.7019579826356,2452.0320137909634,39.70195798263558,-47.96798620903655,62.266950853605174,-0.8794060205404479,7.326292781091524,False,0.0,11.342752533457823,0.0,0.0,0.0,11.342752533457823
2386.9560241105783,2490.9337847970855,36.956024110578255,-9.066215202914464,38.051859036940606,-0.24057329978428868,1.6924594370148043,False,0.0,13.657119281450296,0.0,0.0,0.0,13.657119281450296
2293.0285385982083,2515.5870358783454,-56.97146140179166,15.587035878345432,59.06524444822576,2.8745342897754322,8.682806147129668,False,0.0,11.794764031245936,0.0,0.0,0.0,11.794764031245936
2295.6653999558225,2515.3644453103475,-54.33460004417748,15.364445310347492,56.46516573654407,2.866012913799176,8.357523774695437,False,0.0,12.004876452078463,0.0,0.0,0.0,12.004876452078463
2389.2128840836735,2493.4611634149223,39.21288408367354,-6.538836585077661,39.75432884662962,-0.16523194491966336,1.615699730941742,False,0.0,13.441925696499966,0.0,0.0,0.0,13.441925696499966
2388.1926841387262,2493.8027075205036,38.192684138726236,-6.197292479496355,38.692215700279206,-0.1608618343399488,1.9830595578619068,False,0.0,13.566226307594274,0.0,0.0,0.0,13.566226307594274
2388.502651776795,2495.918117054697,38.50265177679512,-4.081882945302823,38.71841890140012,-0.10562110768497021,2.042318774530486,False,0.0,13.561141437649354,0.0,0.0,0.0,13.561141437649354
2389.0448725963256,2444.6017983821453,39.044872596325604,-55.39820161785474,67.77508995608771,-0.9568534907439797,14.932232991981436,False,0.0,10.940530489743743,0.0,0.0,0.0,10.940530489743743
2301.0100578054753,2524.9937631877215,-48.9899421945247,24.99376318772147,54.99729661089509,2.6698330440212312,7.1635564358675765,False,0.0,12.121416667873268,0.0,0.0,0.0,12.121416667873268
2414.728804453243,2470.9345264790372,64.7288044532429,-29.06547352096277,70.95505533042693,-0.42205081778032755,19.00352456337896,False,0.0,10.717780248077217,0.0,0.0,0.0,10.717780248077217
2410.4604768613103,2501.168339025479,60.460476861310326,1.168339025478872,60.47176430678618,0.019321607976489383,10.359601066575124,False,0.0,11.486039600218103,0.0,0.0,0.0,11.486039600218103
2311.053764558812,2473.0022876074604,-38.94623544118804,-26.997712392539597,47.388666677495124,-2.5354418857374563,4.3927184277708875,False,0.0,12.732389411514154,0.0,0.0,0.0,12.732389411514154
2342.274336621013,2458.575152939367,-7.725663378987065,-41.424847060633056,42.13910094724686,-1.7551764173890059,2.276206214745798,False,0.0,13.230235716869657,0.0,0.0,0.0,13.230235716869657
2383.4916462604738,2465.3132782911985,33.49164626047377,-34.68672170880154,48.21679201419927,-0.8029250287254089,3.9932682722155732,False,0.0,12.514645884428006,0.0,0.0,0.0,12.514645884428006
2332.4346927333386,2543.515067206436,-17.56530726666142,43.515067206436015,46.92654998348879,1.9544541899805647,4.024553077566935,False,0.0,12.752769293408713,0.0,0.0,0.0,12.752769293408713
2406.9906075873564,2497.7845344031207,56.99060758735641,-2.215465596879312,57.03365358266119,-0.038854658578171324,9.143084242905388,False,0.0,11.750820420117213,0.0,0.0,0.0,11.750820420117213
2398.307699612582,2556.9755007757935,48.30769961258193,56.975500775793535,74.69833686576897,0.8675413450252373,17.1209510629169,False,0.0,10.49560327322694,0.0,0.0,0.0,10.49560327322694
2310.7496669344982,2509.7559776141843,-39.25033306550176,9.755977614184303,40.4446256622717,2.897971786830522,1.9678316040476602,False,0.0,13.50704268403332,0.0,0.0,0.0,13.50704268403332
2326.8719756963023,2430.8810994380697,-23.128024303697657,-69.11890056193033,72.88571823809136,-1.8936973792604506,15.81264866235324,False,0.0,10.700161246341091,0.0,0.0,0.0,10.700161246341091
2327.122935326703,2449.458070990515,-22.8770646732969,-50.5419290094851,55.47834420804248,-1.9958396650323909,9.416313786290175,False,0.0,11.952346457693189,0.0,0.0,0.0,11.952346457693189
2328.2018765588996,2445.038806355838,-21.798123441100415,-54.961193644161995,59.12606017945492,-1.948376319043041,9.382077864313942,False,0.0,11.63866196587281,0.0,0.0,0.0,11.63866196587281
2340.7719698473597,2547.365676635233,-9.228030152640258,47.36567663523283,48.25623134488932,1.7632112575211627,4.72392528643195,False,0.0,12.610398904458563,0.0,0.0,0.0,12.610398904458563
2340.0296585389965,2536.740579592581,-9.9703414610035,36.74057959258107,38.06938268015112,1.8357859106228007,1.7449032849606283,False,0.0,13.721355196957797,0.0,0.0,0.0,13.721355196957797
2312.9448744374813,2485.4469323182643,-37.0551255625187,-14.553067681735683,39.810477382257126,-2.7673596415870607,1.7518766881112242,False,0.0,13.559048262463412,0.0,0.0,0.0,13.559048262463412
2315.7395599619176,2478.10515637909,-34.26044003808238,-21.894843620909796,40.659094047791235,-2.5729390010829722,1.442955555015942,False,0.0,13.445746715444573,0.0,0.0,0.0,13.445746715444573
2388.0549178265296,2530.0316304286657,38.05491782652962,30.03163042866572,48.47757829128723,0.6680995714907669,4.102082106040598,False,0.0,12.54299051357547,0.0,0.0,0.0,12.54299051357547
2313.184838497837,2562.6790102629,-36.81516150216294,62.67901026290019,72.69122673312845,2.101870076449404,19.318576747025872,False,0.0,10.773250387973382,0.0,0.0,0.0,10.773250387973382
2309.4637371940676,2500.693690062914,-40.53626280593244,0.6936900629139018,40.5421978705522,3.1244814965331322,1.882609526145643,False,0.0,13.475821518138735,0.0,0.0,0.0,13.475821518138735
2377.0093489953756,2459.3285662494736,27.009348995375603,-40.671433750526376,48.82284768914502,-0.9845821389457324,3.9812362623533772,False,0.0,12.495752303387263,0.0,0.0,0.0,12.495752303387263
2321.1651954647964,2470.083122884414,-28.834804535203602,-29.916877115585976,41.5507579826466,-2.3377788427770603,1.9560989357983658,False,0.0,13.330282748791843,0.0,0.0,0.0,13.330282748791843
2307.990815201397,2518.2133386520695,-42.0091847986032,18.213338652069524,45.78752354406344,2.732497284226364,3.4859613382104726,False,0.0,12.941216082918626,0.0,0.0,0.0,12.941216082918626
2308.853156377516,2523.727985416115,-41.146843622484084,23.72798541611519,47.498210829467396,2.6185072375666194,3.9318927908834667,False,0.0,12.775397668727669,0.0,0.0,0.0,12.775397668727669
2306.6520854629402,2525.850011242657,-43.34791453705975,25.85001124265682,50.470434671773134,2.603870107123513,4.476758582043658,False,0.0,12.493863626013965,0.0,0.0,0.0,12.493863626013965
2312.130056755682,2532.507509629564,-37.869943244318165,32.50750962956408,49.908624341330835,2.4322428804709144,4.319287271654616,False,0.0,12.52279491249842,0.0,0.0,0.0,12.52279491249842
2319.8855460767695,2540.75393977484,-30.114453923230485,40.75393977484009,50.673108669842485,2.207177213750049,4.190473068252913,False,0.0,12.444478155250188,0.0,0.0,0.0,12.444478155250188
2321.0976383620796,2537.785716420079,-28.90236163792042,37.7857164200791,47.57212286232105,2.2237665566393514,4.30872337845085,False,0.0,12.730572516038809,0.0,0.0,0.0,12.730572516038809
2384.4535088406396,2533.0700805737183,34.45350884063964,33.070080573718315,47.75640795311406,0.7649129558153518,4.685517826436353,False,0.0,12.620610241469656,0.0,0.0,0.0,12.620610241469656
2378.1215199424937,2541.4575737533246,28.121519942493705,41.457573753324596,50.09541201934983,0.974769056962698,3.8805972523914534,False,0.0,12.406963168371425,0.0,0.0,0.0,12.406963168371425
2335.2974002848878,2565.9643097681587,-14.702599715112228,65.96430976815873,67.58296088195914,1.7900988595606315,16.624509437009692,False,0.0,11.065222066700493,0.0,0.0,0.0,11.065222066700493
2318.6835305296813,2527.5107040320804,-31.31646947031868,27.51070403208041,41.68405086392309,2.420798465937183,2.1031699951379323,False,0.0,13.373689016005832,0.0,0.0,0.0,13.373689016005832
2327.2918739060347,2531.3790230686855,-22.708126093965348,31.379023068685456,38.733733094610486,2.1972336261455276,1.6805130793563876,False,0.0,13.678795654221933,0.0,0.0,0.0,13.678795654221933
2322.6941548874534,2538.5091675097633,-27.30584511254665,38.5091675097633,47.207681150480134,2.187586224017111,4.657350045325984,False,0.0,12.770225656288693,0.0,0.0,0.0,12.770225656288693
2310.0821208373427,2524.9404131483648,-39.9178791626573,24.94041314836477,47.068686882636065,2.583142175889125,3.827597309500561,False,0.0,12.816655309449384,0.0,0.0,0.0,12.816655309449384
2364.7662257540205,2537.577115598097,14.766225754020525,37.57711559809695,40.3742620946989,1.1963753975933056,1.7636462198802292,False,0.0,13.420248989355715,0.0,0.0,0.0,13.420248989355715
2387.9926402490614,2513.633122514324,37.992640249061424,13.633122514323986,40.3646224135092,0.34452463937301697,1.759445339932654,False,0.0,13.371078085380699,0.0,0.0,0.0,13.371078085380699
2316.9191225254817,2523.206790979261,-33.080877474518275,23.20679097926086,40.40915245385869,2.52984943450743,1.7975190947569217,False,0.0,13.530081954417641,0.0,0.0,0.0,13.530081954417641
2312.0073597509395,2513.633122514325,-37.992640249060514,13.633122514324896,40.364622413508656,2.7970680142167472,1.7594453399349277,False,0.0,13.523464701619027,0.0,0.0,0.0,13.523464701619027
2366.625775536582,2536.771009131682,16.62577553658184,36.77100913168215,40.35496902185721,1.1461612323351025,1.7678862876900894,False,0.0,13.422757435977722,0.0,0.0,0.0,13.422757435977722
2311.3518509772084,2511.73591237564,-38.648149022791586,11.735912375640055,40.39072990398425,2.8467810867129795,1.7615606970339286,False,0.0,13.519299052248531,0.0,0.0,0.0,13.519299052248531
2372.2573344809903,2533.6735791732312,22.257334480990266,33.673579173231246,40.36457447483562,0.9867456956444248,1.7580427977527506,False,0.0,13.414881795638928,0.0,0.0,0.0,13.414881795638928
2303.7965001481903,2459.51661992952,-46.20349985180974,-40.48338007048005,61.43018362732708,-2.4220849608104493,9.131457538871473,False,0.0,11.503017065476854,0.0,0.0,0.0,11.503017065476854
2322.2828105619124,2528.5455720826108,-27.717189438087644,28.54557208261076,39.788092136597406,2.3414720917373897,1.7364754440632169,False,0.0,13.58282323142536,0.0,0.0,0.0,13.58282323142536
2333.15898611881,2534.7052249554313,-16.841013881190065,34.70522495543128,38.57554131510699,2.022581537709385,1.6557139824153637,False,0.0,13.689671733575752,0.0,0.0,0.0,13.689671733575752
2334.9945556591615,2535.5573396919303,-15.005444340838494,35.55733969193034,38.59388249235009,1.9701291018370244,1.6591444957475687,False,0.0,13.682556916415642,0.0,0.0,0.0,13.682556916415642
2390.3192033080604,2454.3917866495885,40.31920330806042,-45.60821335041146,60.87484932559062,-0.846872672648192,8.073685464194568,False,0.0,11.442732527556592,0.0,0.0,0.0,11.442732527556592
2328.42263298715,2552.8043981222704,-21.577367012850118,52.80439812227041,57.0428543137742,1.9587186207915073,8.786609262921274,False,0.0,11.859888153210731,0.0,0.0,0.0,11.859888153210731
2345.7282141957517,2459.7808543421374,-4.2717858042483385,-40.219145657862555,40.445368479045186,-1.6766123516641616,1.4751040686805936,False,0.0,13.429356102836156,0.0,0.0,0.0,13.429356102836156
2320.30727829584,2475.4479875075654,-29.692721704159794,-24.552012492434642,38.528678145367884,-2.4506811145638876,1.5266051169890602,False,0.0,13.719068953888021,0.0,0.0,0.0,13.719068953888021
2321.592741326527,2473.9260490097454,-28.407258673472825,-26.073950990254616,38.55934731791757,-2.3989960848817242,1.5966680524161347,False,0.0,13.706871398837459,0.0,0.0,0.0,13.706871398837459
2314.208583656946,2547.2112752787875,-35.79141634305415,47.211275278787525,59.244662183957956,2.219468690876961,8.025383218027855,False,0.0,11.72999438662494,0.0,0.0,0.0,11.72999438662494
2329.1367881635374,2467.327027070805,-20.863211836462597,-32.67297292919511,38.765922769425075,-2.1390776791292287,1.6501606195406566,False,0.0,13.62612430099772,0.0,0.0,0.0,13.62612430099772
2363.0640661970965,2463.6492400565735,13.064066197096508,-36.35075994342651,38.627031649697614,-1.2257816795131629,1.857332583893367,False,0.0,13.610311157783876,0.0,0.0,0.0,13.610311157783876
2365.0647401231186,2464.4219447696064,15.064740123118554,-35.5780552303936,38.63605063867211,-1.1702580413731265,1.9355651131468221,False,0.0,13.598928811662606,0.0,0.0,0.0,13.598928811662606
2380.78287557281,2525.134336808082,30.7828755728101,25.134336808082026,39.740663247022134,0.6847235720085277,1.534579515236146,False,0.0,13.480547108382627,0.0,0.0,0.0,13.480547108382627
2376.4073602159083,2529.7287004304003,26.407360215908284,29.728700430400295,39.76360525472028,0.8444951632860084,1.502106343363721,False,0.0,13.473803464955948,0.0,0.0,0.0,13.473803464955948
2316.738598398783,2519.6382650764917,-33.26140160121713,19.638265076491734,38.626186605617754,2.6082455274873424,1.769021699885343,False,0.0,13.728804515076046,0.0,0.0,0.0,13.728804515076046
2315.7383952590794,2517.819758937559,-34.261604740920575,17.819758937559072,38.618666056918485,2.6619877963841976,1.7890829858787924,False,0.0,13.71733031996812,0.0,0.0,0.0,13.71733031996812
2413.5003885252877,2502.082423752339,63.50038852528769,2.0824237523388547,63.53452472118442,0.032782125842054186,12.237752114966497,False,0.0,11.250167637052707,0.0,0.0,0.0,11.250167637052707
2368.7527938941153,2466.275387132641,18.752793894115257,-33.724612867359156,38.58778034415057,-1.0633150228580277,1.6372768285814345,False,0.0,13.604122112876764,0.0,0.0,0.0,13.604122112876764
2366.959673836984,2465.346855168293,16.959673836984166,-34.65314483170687,38.580707398700426,-1.1156547314127023,1.6660830599676046,False,0.0,13.604362998059685,0.0,0.0,0.0,13.604362998059685
2336.2152532324994,2560.7677336971906,-13.784746767500565,60.76773369719058,62.31160968982256,1.7938644531159658,7.810370052617145,False,0.0,11.439792098931603,0.0,0.0,0.0,11.439792098931603
2388.7863966287787,2466.5055220708896,38.786396628778675,-33.49447792911042,51.24709372431376,-0.7123152931445174,4.940688598560882,False,0.0,12.230752285241515,0.0,0.0,0.0,12.230752285241515
2408.429387349171,2502.97137179947,58.429387349171066,2.9713717994700346,58.50489173026609,0.05081029331958912,9.830361732490928,False,0.0,11.633234809433839,0.0,0.0,0.0,11.633234809433839
2358.524967230632,2460.654890477778,8.524967230631773,-39.345109522222174,40.25807632760169,-1.3574229871303585,1.5359925751954506,False,0.0,13.429373361334003,0.0,0.0,0.0,13.429373361334003
2311.281334307622,2488.422875078982,-38.71866569237818,-11.577124921017912,40.4124348986175,-2.851047760788111,1.3226475010026775,False,0.0,13.497244989425841,0.0,0.0,0.0,13.497244989425841
2390.470747471493,2509.913732934122,40.470747471492814,9.913732934121981,41.6672953476757,0.24022997182839118,2.492510523446981,False,0.0,13.205964064079062,0.0,0.0,0.0,13.205964064079062
2397.4561995416743,2492.0079524512144,47.45619954167432,-7.992047548785649,48.12446050566449,-0.1668433672515283,4.048382395564431,False,0.0,12.541863961788339,0.0,0.0,0.0,12.541863961788339
2314.437658240296,2456.060074266737,-35.56234175970394,-43.93992573326295,56.5278446863017,-2.2512065315542733,7.700027799246527,False,0.0,11.8853016524922,0.0,0.0,0.0,11.8853016524922
2310.463422673776,2457.783842457864,-39.53657732622378,-42.21615754213599,57.838956632142995,-2.323429576906541,8.307054095158492,False,0.0,11.78094339116554,0.0,0.0,0.0,11.78094339116554
2394.607883771519,2506.335210224506,44.60788377151903,6.335210224506227,45.055501142058546,0.1410765272308406,3.979969507122405,False,0.0,12.86270610455504,0.0,0.0,0.0,12.86270610455504
2397.682073355239,2505.410805989511,47.68207335523903,5.410805989511118,47.98809165731145,0.11299338490787017,4.012413539402587,False,0.0,12.584885657175414,0.0,0.0,0.0,12.584885657175414
2353.9033634706557,2559.8596177805143,3.903363470655677,59.85961778051433,59.98674926359418,1.5056798909424707,8.401514931938436,False,0.0,11.598895915699531,0.0,0.0,0.0,11.598895915699531
2303.734934362695,2519.8973124739746,-46.265065637304815,19.89731247397458,50.362280946270765,2.735433774502706,4.294018970405432,False,0.0,12.50993874507978,0.0,0.0,0.0,12.50993874507978
2304.314733470706,2510.5690466311157,-45.68526652929404,10.569046631115725,46.89187908948983,2.9142474531431537,3.977899738971246,False,0.0,12.826765422456909,0.0,0.0,0.0,12.826765422456909
2367.8273883856623,2457.4961940603957,17.82738838566229,-42.50380593960426,46.09109779561326,-1.173652621592395,3.547386557762138,False,0.0,12.761364569453637,0.0,0.0,0.0,12.761364569453637
2360.674819814169,2454.232872830497,10.674819814169041,-45.767127169503055,46.99554986819965,-1.3416509394259009,5.137349624072158,False,0.0,12.680933025949432,0.0,0.0,0.0,12.680933025949432
2389.8941494547466,2478.252910234816,39.89414945474664,-21.747089765183773,45.436538974404975,-0.49908867738664137,3.177154734390797,False,0.0,12.7856156161188,0.0,0.0,0.0,12.7856156161188
2387.0252990217305,2523.047422942108,37.02529902173046,23.047422942107914,43.612572406600336,0.5567834694217723,2.2953151663678,False,0.0,13.02555368491095,0.0,0.0,0.0,13.02555368491095
2306.224559876264,2474.1623649521957,-43.77544012373619,-25.83763504780427,50.83180640986838,-2.6083869840148424,4.735428236531334,False,0.0,12.403706599462296,0.0,0.0,0.0,12.403706599462296
2311.6934212755195,2474.650973083126,-38.30657872448046,-25.34902691687421,45.93437862001871,-2.5570080070982164,3.95234640922763,False,0.0,12.876574828073759,0.0,0.0,0.0,12.876574828073759
2312.048291601254,2471.5103264960076,-37.95170839874618,-28.489673503992435,47.45517534207991,-2.497655053635014,4.700554311659289,False,0.0,12.735418816588927,0.0,0.0,0.0,12.735418816588927
2381.7504248802597,2465.139719578537,31.750424880259743,-34.8602804214629,47.15218585749813,-0.8320513099571709,3.893605256187584,False,0.0,12.622619695263873,0.0,0.0,0.0,12.622619695263873
2333.938572951961,2542.6137437515417,-16.06142704803915,42.61374375154173,45.54009876297531,1.9312380177911748,3.60607827054082,False,0.0,12.891435001741383,0.0,0.0,0.0,12.891435001741383
2405.2058693186805,2499.6066710294767,55.20586931868047,-0.393328970523271,55.20727048958569,-0.007124646711505031,8.4384716586801,False,0.0,11.901164545307708,0.0,0.0,0.0,11.901164545307708
2386.2302052061636,2564.238391802322,36.230205206163646,64.23839180232198,73.75092372729549,1.0572710572025443,21.70408713578763,False,0.0,10.597266732390494,0.0,0.0,0.0,10.597266732390494
2400.5859503261795,2553.6678174407502,50.5859503261795,53.66781744075024,73.75074914369614,0.8149507631654879,18.472394518243163,False,0.0,10.55651895269542,0.0,0.0,0.0,10.55651895269542
2330.8436289964257,2445.72147586196,-19.15637100357435,-54.27852413804021,57.55974924051006,-1.9100765695617243,8.786929415520717,False,0.0,11.764029685682605,0.0,0.0,0.0,11.764029685682605
2325.3089924560104,2451.236839572527,-24.6910075439896,-48.76316042747294,54.657951557049905,-2.039507451580464,8.408157117092742,False,0.0,12.032583576130696,0.0,0.0,0.0,12.032583576130696
2342.456473146452,2548.009999851542,-7.543526853547974,48.009999851542034,48.59902142158076,1.726646199358697,4.386099074701633,False,0.0,12.575285062769302,0.0,0.0,0.0,12.575285062769302
2340.498358268558,2545.6905021613657,-9.50164173144185,45.69050216136566,46.66801027845988,1.7758306318470192,3.755484426569865,False,0.0,12.76497333881522,0.0,0.0,0.0,12.76497333881522
2313.604428349135,2520.6509516846236,-36.395571650864895,20.65095168462358,41.84614010006057,2.6254865639876823,2.0007826610271877,False,0.0,13.35416996631104,0.0,0.0,0.0,13.35416996631104
2322.965395839626,2540.4011592674156,-27.034604160373874,40.40115926741555,48.6119686112297,2.1605190708594932,3.9750027044547096,False,0.0,12.630742794361412,0.0,0.0,0.0,12.630742794361412
2309.6961663677534,2526.655453745732,-40.30383363224655,26.655453745731847,48.3209294182827,2.5572709952019195,4.108643475829922,False,0.0,12.692040171179983,0.0,0.0,0.0,12.692040171179983
2339.861139730766,2452.939741445867,-10.138860269234101,-47.060258554132815,48.14005009076003,-1.7829970325226285,3.8691471567954068,False,0.0,12.616568912805336,0.0,0.0,0.0,12.616568912805336
2309.357485275073,2522.1216433619898,-40.64251472492697,22.121643361989754,46.27289820403484,2.643137641878908,3.5767851273285487,False,0.0,12.892766465286122,0.0,0.0,0.0,12.892766465286122
2307.998723552827,2527.175632733317,-42.00127644717304,27.17563273331689,50.026215503953296,2.5673157461657907,4.2892123699939475,False,0.0,12.532631728720869,0.0,0.0,0.0,12.532631728720869
2313.598957796872,2533.5033034143385,-36.40104220312787,33.50330341433846,49.47228732479548,2.3976236846383467,3.9953758594992905,False,0.0,12.557616297304273,0.0,0.0,0.0,12.557616297304273
2320.8688711362724,2536.033363639826,-29.131128863727554,36.03336363982589,46.33601152532474,2.2506677741290257,3.6284741544259305,False,0.0,12.846275416619063,0.0,0.0,0.0,12.846275416619063
2321.5517199385454,2541.465608933717,-28.448280061454625,41.465608933716794,50.28619455376287,2.172111493872666,4.30845768949348,False,0.0,12.473688217443627,0.0,0.0,0.0,12.473688217443627
2382.6073230061033,2532.9914174852997,32.60732300610334,32.991417485299735,46.386109357367936,0.7912533076737256,4.016609700541267,False,0.0,12.754372508870679,0.0,0.0,0.0,12.754372508870679
2385.3642728201635,2531.5619739230638,35.36427282016348,31.56197392306376,47.40031634935689,0.7286459020241182,4.755801197757137,False,0.0,12.65253695985972,0.0,0.0,0.0,12.65253695985972
2379.2567386435103,2540.105486076239,29.25673864351029,40.105486076238776,49.64279171708669,0.9405483000298202,3.835655747792771,False,0.0,12.451720887136307,0.0,0.0,0.0,12.451720887136307
2317.538121508936,2527.2798031427133,-32.461878491064,27.279803142713263,42.402372748158704,2.44271928843476,1.826800247375104,False,0.0,13.286916561915506,0.0,0.0,0.0,13.286916561915506
2372.8665901600643,2534.663080776492,22.866590160064334,34.663080776491825,41.5260173200603,0.9876452702686882,1.7559673084242604,False,0.0,13.280938618691179,0.0,0.0,0.0,13.280938618691179
2310.912561520311,2513.986032472421,-39.0874384796889,13.986032472420902,41.51429815404659,2.7979736234622634,1.7216064273688971,False,0.0,13.396524677972767,0.0,0.0,0.0,13.396524677972767
2389.0782825594483,2513.98068253852,39.078282559448326,13.980682538519886,41.50387514484591,0.3435719842687729,1.690210221921916,False,0.0,13.238635273141192,0.0,0.0,0.0,13.238635273141192
2365.229662132788,2538.644441754768,15.22966213278778,38.644441754768195,41.5371579097143,1.1953889980706824,1.736905613556246,False,0.0,13.281791545431442,0.0,0.0,0.0,13.281791545431442
2397.9543077253215,2527.847742098668,47.95430772532154,27.847742098667823,55.45369572362828,0.5261179653251806,7.453965665350552,False,0.0,11.891365177884019,0.0,0.0,0.0,11.891365177884019
2355.4571377272823,2460.6793911319123,5.457137727282316,-39.320608868087675,39.69748901292956,-1.4328915530420623,1.7188150551398849,False,0.0,13.478409229854476,0.0,0.0,0.0,13.478409229854476
2295.3788525016694,2468.2411489861556,-54.62114749833063,-31.758851013844378,63.18302281272996,-2.6149329556547842,8.956474664011694,False,0.0,11.401907853218336,0.0,0.0,0.0,11.401907853218336
2338.2284715731334,2559.054130018449,-11.771528426866553,59.05413001844909,60.21593770539837,1.7675519489715819,8.066725800682434,False,0.0,11.58864547005658,0.0,0.0,0.0,11.58864547005658
2387.189157240216,2528.5337474934536,37.18915724021599,28.533747493453575,46.87438706007448,0.6544562157138637,3.9145614153239876,False,0.0,12.698764275858872,0.0,0.0,0.0,12.698764275858872
2391.288759145681,2509.011935322202,41.28875914568107,9.011935322202135,42.26081648574264,0.2148958253549027,2.247780717425485,False,0.0,13.139393266705161,0.0,0.0,0.0,13.139393266705161
2395.628412990593,2491.4950042843825,45.628412990593006,-8.504995715617497,46.41429762651578,-0.1842821220133463,4.510383616062427,False,0.0,12.7110017485427,0.0,0.0,0.0,12.7110017485427
2311.4428545237847,2460.1019005965136,-38.55714547621528,-39.89809940348641,55.48433836033833,-2.3391041940329886,8.014635543151599,False,0.0,11.974142607824831,0.0,0.0,0.0,11.974142607824831
2394.2006145377522,2504.566072716661,44.200614537752244,4.566072716660983,44.43583402580389,0.10293824107442667,4.26712099824681,False,0.0,12.928175849910868,0.0,0.0,0.0,12.928175849910868
2351.6245154971366,2560.939260809429,1.6245154971365992,60.939260809429015,60.960910086710875,1.5441446933315215,8.895903081676806,False,0.0,11.54114950502284,0.0,0.0,0.0,11.54114950502284
2303.7660222085387,2509.0152988250193,-46.23397779146126,9.015298825019272,47.10473771634576,2.949016186527042,3.50226711035657,False,0.0,12.811048886121519,0.0,0.0,0.0,12.811048886121519
2308.3211332125447,2441.2396672656373,-41.67886678745526,-58.76033273436269,72.04099277313894,-2.1877385131539566,19.20446894961424,False,0.0,10.782779733034873,0.0,0.0,0.0,10.782779733034873
2369.4415670027843,2458.062344414857,19.441567002784268,-41.93765558514315,46.224901119438194,-1.1367047027370576,3.7345825735492326,False,0.0,12.750533209760494,0.0,0.0,0.0,12.750533209760494
2306.1054146546985,2510.842227739219,-43.89458534530149,10.842227739219197,45.21380900770306,2.8994338133913833,3.9818956503468144,False,0.0,12.99323998883522,0.0,0.0,0.0,12.99323998883522
2359.8617174690867,2452.4409256051954,9.86171746908667,-47.55907439480461,48.57076310632404,-1.3663366289748853,5.445656138267623,False,0.0,12.542114596470974,0.0,0.0,0.0,12.542114596470974
2294.460451014151,2479.578574340592,-55.539548985848796,-20.421425659408214,59.17496199841817,-2.789244691368163,8.897732893582543,False,0.0,11.716620069953866,0.0,0.0,0.0,11.716620069953866
2380.107911245857,2436.737613119259,30.10791124585694,-63.262386880740905,70.06151520939964,-1.1265966400905363,12.930270057156122,False,0.0,10.824942336069943,0.0,0.0,0.0,10.824942336069943
2313.7962812514975,2471.6904553260783,-36.203718748502524,-28.309544673921664,45.95801965778595,-2.47795431862747,4.638148904861737,False,0.0,12.873749445849308,0.0,0.0,0.0,12.873749445849308
2310.5712291068944,2475.9572021154877,-39.42877089310559,-24.04279788451231,46.18099288946179,-2.5940144363432354,3.764619822746681,False,0.0,12.85600081102663,0.0,0.0,0.0,12.85600081102663
2380.7161034447545,2466.512709209724,30.71610344475448,-33.48729079027589,45.44092489487153,-0.8285340190732732,3.800634679760151,False,0.0,12.793730748513338,0.0,0.0,0.0,12.793730748513338
2405.873515090843,2502.1476967419617,55.87351509084283,2.1476967419616813,55.91477702631098,0.038419632608966144,8.405627939959231,False,0.0,11.846372242581431,0.0,0.0,0.0,11.846372242581431
2385.7647645577335,2560.4311343581285,35.76476455773354,60.431134358128475,70.2213670023611,1.0364082114263555,18.766413602379544,False,0.0,10.822120213244729,0.0,0.0,0.0,10.822120213244729
2383.3185578157586,2566.8132498258246,33.318557815758595,66.81324982582464,74.6601409535912,1.10820376028308,22.46203820049959,False,0.0,10.553666201860894,0.0,0.0,0.0,10.553666201860894
2332.7215455776186,2443.9452020968597,-17.2784544223814,-56.0547979031403,58.65735550796859,-1.8697975179577957,8.736257328965621,False,0.0,11.664031322607636,0.0,0.0,0.0,11.664031322607636
2343.947796984812,2546.9250073161747,-6.0522030151878425,46.92500731617474,47.313692235547435,1.699064285918962,4.280676823476824,False,0.0,12.697961196862122,0.0,0.0,0.0,12.697961196862122
2308.121550430695,2474.1756008426996,-41.87844956930485,-25.824399157300377,49.20065172499635,-2.589019457361008,4.333950793004988,False,0.0,12.5606886251659,0.0,0.0,0.0,12.5606886251659
2315.136236984702,2532.7495870475454,-34.86376301529799,32.74958704754545,47.83322509900014,2.38745292275252,3.720043723543313,False,0.0,12.711761477126922,0.0,0.0,0.0,12.711761477126922
2313.458891800295,2535.352236090263,-36.54110819970492,35.35223609026298,50.84322162338097,2.3727295918701117,4.3141078200396805,False,0.0,12.427738309499787,0.0,0.0,0.0,12.427738309499787
2384.485296903617,2529.967831006532,34.48529690361693,29.967831006531924,45.68705065734346,0.7154234323975567,4.109365674126366,False,0.0,12.820067773973875,0.0,0.0,0.0,12.820067773973875
2387.2204927954144,2531.6131820248506,37.22049279541443,31.61318202485063,48.833987771528925,0.704115905275683,4.019268270048087,False,0.0,12.514631940647547,0.0,0.0,0.0,12.514631940647547
2380.8048148374955,2540.2236383400805,30.80481483749554,40.22363834008047,50.66436320024142,0.9172353370444103,3.1007501897065595,False,0.0,12.351289907093228,0.0,0.0,0.0,12.351289907093228
2378.6218042894966,2538.5683946852055,28.621804289496595,38.568394685205476,48.02841606153623,0.9323670992725296,3.7093133873877377,False,0.0,12.598838876515364,0.0,0.0,0.0,12.598838876515364
2291.8162691260945,2479.6119848059207,-58.18373087390546,-20.388015194079344,61.65239413000171,-2.804554858766413,9.098885677765793,False,0.0,11.528804153137294,0.0,0.0,0.0,11.528804153137294
2310.6782560199968,2515.1130383082577,-39.32174398000325,15.113038308257728,42.12604273529365,2.774656096971485,1.7201603633014884,False,0.0,13.329299625346968,0.0,0.0,0.0,13.329299625346968
2389.328407634303,2515.109209983988,39.32840763430295,15.109209983987967,42.13088977686253,0.366794995109668,1.725991087336979,False,0.0,13.170717621035726,0.0,0.0,0.0,13.170717621035726
2372.2455989614887,2535.749762258754,22.245598961488668,35.74976225875389,42.10596364783508,1.0141707452967075,1.9949504660198727,False,0.0,13.212297804421778,0.0,0.0,0.0,13.212297804421778
2364.4749197067417,2539.629868458633,14.47491970674173,39.629868458633155,42.19063610050442,1.2205984253223678,1.988637551165084,False,0.0,13.202482100698878,0.0,0.0,0.0,13.202482100698878
2389.9513364744107,2513.189848151209,39.95133647441071,13.189848151208935,42.07233509497101,0.31888089186783797,1.7395254979792298,False,0.0,13.16667274812625,0.0,0.0,0.0,13.16667274812625
2374.015939479232,2534.6264812610816,24.015939479232202,34.62648126108161,42.139750279210006,0.9643978552447214,1.740562399449118,False,0.0,13.211309062267002,0.0,0.0,0.0,13.211309062267002
2295.6704305881963,2477.28249328268,-54.32956941180373,-22.717506717319793,58.887920866027095,-2.745544604052893,8.862363907077452,False,0.0,11.736803505252027,0.0,0.0,0.0,11.736803505252027
2395.183326195732,2489.7939542596378,45.18332619573221,-10.206045740362242,46.32166162568336,-0.22215263947895664,4.32705935842705,False,0.0,12.710736796723618,0.0,0.0,0.0,12.710736796723618
2394.359105133201,2492.6505810222748,44.359105133200956,-7.349418977725236,44.96380953087186,-0.16418857760484745,4.090042316297513,False,0.0,12.848548733616324,0.0,0.0,0.0,12.848548733616324
2309.943373109207,2462.2265996327246,-40.05662689079281,-37.77340036727537,55.05781627684361,-2.3855221411888934,8.20766072247352,False,0.0,12.012814573898332,0.0,0.0,0.0,12.012814573898332
2369.7240984201635,2459.811383590523,19.7240984201635,-40.18861640947716,44.76790085983922,-1.1145452834276581,4.189035604559422,False,0.0,12.896320720784301,0.0,0.0,0.0,12.896320720784301
2302.0916990939163,2508.6348624695606,-47.908300906083696,8.63486246956063,48.68024389396675,2.963269878840765,3.539261321370759,False,0.0,12.663697910774529,0.0,0.0,0.0,12.663697910774529
2312.087649185122,2441.7750445699608,-37.91235081487821,-58.224955430039245,69.4801538508692,-2.147969560907758,17.98857481646155,False,0.0,10.939903737286436,0.0,0.0,0.0,10.939903737286436
2358.0700749999246,2452.3550013081326,8.0700749999246,-47.644998691867386,48.323617526551686,-1.4030095282277848,4.65556595677117,False,0.0,12.56062258511974,0.0,0.0,0.0,12.56062258511974
2344.912829558275,2461.685331882225,-5.087170441724993,-38.314668117775,38.650913263187,-1.7027977091879993,1.691988612091336,False,0.0,13.640763952534138,0.0,0.0,0.0,13.640763952534138
2342.9435694736558,2462.019740475287,-7.056430526344229,-37.98025952471289,38.63021259762451,-1.7544938299016062,1.7236359787057154,False,0.0,13.640948927219165,0.0,0.0,0.0,13.640948927219165
2311.313595216731,2477.582595782342,-38.686404783269154,-22.417404217657804,44.71216754880949,-2.6164095401863534,3.8413546795550246,False,0.0,13.005396646173729,0.0,0.0,0.0,13.005396646173729
2314.782920142415,2470.225492308077,-35.21707985758485,-29.77450769192319,46.11685182221247,-2.4397422692592228,4.0839413686235275,False,0.0,12.867223768568191,0.0,0.0,0.0,12.867223768568191
2381.3024840371777,2468.0464166129304,31.302484037177692,-31.953583387069557,44.73116361299102,-0.7956908733900045,3.563404783898932,False,0.0,12.858245516325269,0.0,0.0,0.0,12.858245516325269
2379.078954189544,2466.3695131354816,29.07895418954422,-33.63048686451839,44.45891613053736,-0.8578524096399102,3.3795960518718857,False,0.0,12.895029908338406,0.0,0.0,0.0,12.895029908338406
2403.953456914423,2503.8620457342154,53.953456914422986,3.8620457342153713,54.091504973236496,0.07145917945787005,8.675037503609929,False,0.0,12.003831250434628,0.0,0.0,0.0,12.003831250434628
2379.581817298371,2565.640011330771,29.58181729837088,65.6400113307709,71.99788192841459,1.147387477545951,20.133091016177787,False,0.0,10.719487955188796,0.0,0.0,0.0,10.719487955188796
2335.193568088114,2444.6767666958112,-14.806431911886193,-55.32323330418876,57.27032887273324,-1.8323025184929638,8.274324793772394,False,0.0,11.770920872452171,0.0,0.0,0.0,11.770920872452171
2332.046988339956,2441.429792308712,-17.953011660044012,-58.57020769128803,61.259936799398446,-1.8682251043226454,9.064135568379697,False,0.0,11.46000417582315,0.0,0.0,0.0,11.46000417582315
2345.547484512755,2547.652490428863,-4.452515487244909,47.652490428863075,47.860053679838714,1.6639630285541551,3.781498943490078,False,0.0,12.637023303528634,0.0,0.0,0.0,12.637023303528634
2314.9404026794887,2536.337452036289,-35.05959732051133,36.33745203628905,50.493423183282125,2.338298536410969,4.3228441577211925,False,0.0,12.463813317282737,0.0,0.0,0.0,12.463813317282737
2385.475756292554,2528.521156173107,35.4757562925538,28.5211561731071,45.51906890501425,0.6771520659483542,3.712311275677166,False,0.0,12.83706690435143,0.0,0.0,0.0,12.83706690435143
2381.909347723166,2538.874900722357,31.909347723165865,38.87490072235687,50.293780711843624,0.8834877660509544,3.1068713391327947,False,0.0,12.38662100516818,0.0,0.0,0.0,12.38662100516818
2374.575869385629,2533.6085581689817,24.575869385629176,33.608558168981745,41.63542407923011,0.9394111444233973,1.7222832768361513,False,0.0,13.266774109117188,0.0,0.0,0.0,13.266774109117188
2311.515290641848,2515.895502664286,-38.48470935815203,15.895502664286141,41.638201922414495,2.7499006064264035,1.690383629050757,False,0.0,13.381103086628439,0.0,0.0,0.0,13.381103086628439
2388.4505973359433,2515.917095623283,38.45059733594326,15.917095623282876,41.6149296355476,0.39248455047693964,1.8887429578494448,False,0.0,13.237332506431276,0.0,0.0,0.0,13.237332506431276
2396.5381462916616,2488.627533350785,46.53814629166163,-11.372466649214857,47.907536546472556,-0.23967164083410966,4.055700541448459,False,0.0,12.56033233958448,0.0,0.0,0.0,12.56033233958448
2307.4360975780637,2462.030015129369,-42.56390242193629,-37.969984870630924,57.038632000250985,-2.4131760247893337,8.651016510646514,False,0.0,11.849383859501051,0.0,0.0,0.0,11.849383859501051
2356.999072109174,2453.6690332362987,6.999072109173994,-46.330966763701326,46.856648318553624,-1.4208631919045156,3.408174145155499,False,0.0,12.703351919459696,0.0,0.0,0.0,12.703351919459696
2371.2932279728084,2460.460446975214,21.29322797280838,-39.53955302478607,44.908549418811766,-1.0768020333830008,3.932797381902674,False,0.0,12.87610778351711,0.0,0.0,0.0,12.87610778351711
2310.3246944134075,2478.904499827891,-39.67530558659246,-21.09550017210904,44.93495299764925,-2.652905061247531,4.030000316161022,False,0.0,12.98703526111825,0.0,0.0,0.0,12.98703526111825
2378.3395949498768,2464.7908719439724,28.339594949876755,-35.209128056027566,45.19751475898678,-0.8930787155510291,4.018593424005303,False,0.0,12.82788858460039,0.0,0.0,0.0,12.82788858460039
2376.8222766996573,2568.514415124075,26.822276699657323,68.51441512407519,73.57757543672584,1.1976530783657484,19.427691445336677,False,0.0,10.638211306189264,0.0,0.0,0.0,10.638211306189264
2404.4693472745307,2506.370313911669,54.46934727453072,6.3703139116692,54.84059346730881,0.1164233876222483,8.965006538002626,False,0.0,11.9504209088085,0.0,0.0,0.0,11.9504209088085
2337.051706253055,2442.927564966845,-12.948293746945183,-57.072435033155216,58.522825902129014,-1.7938944537648185,8.600195250187426,False,0.0,11.667234296679707,0.0,0.0,0.0,11.667234296679707
2345.670161218874,2549.412896316907,-4.329838781126,49.41289631690688,49.602236101771986,1.6581987662796804,4.252435778029167,False,0.0,12.474798036442714,0.0,0.0,0.0,12.474798036442714
2375.736353249578,2533.5678473745224,25.73635324957786,33.567847374522444,42.29846635454163,0.9166947728564014,1.7385186513947701,False,0.0,13.18965950063675,0.0,0.0,0.0,13.18965950063675
2332.539167715653,2455.3746428514482,-17.460832284346907,-44.62535714855176,47.919757560925646,-1.943759484976237,3.839888097608309,False,0.0,12.635991299341415,0.0,0.0,0.0,12.635991299341415
2396.087533243212,2486.9490208823945,46.087533243211965,-13.050979117605493,47.899778458489166,-0.27595329625380177,3.8620583515407816,False,0.0,12.55640180667934,0.0,0.0,0.0,12.55640180667934
2305.9308628473173,2464.121591433956,-44.06913715268274,-35.87840856604407,56.82736181289737,-2.4582895613403504,8.254575005432343,False,0.0,11.871325506258447,0.0,0.0,0.0,11.871325506258447
2355.320581084767,2453.292679671185,5.320581084767127,-46.70732032881506,47.009385822175155,-1.457372030491114,2.9265896887827694,False,0.0,12.695431956005297,0.0,0.0,0.0,12.695431956005297
2372.61417585498,2459.323545180828,22.614175854980203,-40.676454819171795,46.54003573544066,-1.0633945648141532,3.70834530196953,False,0.0,12.715095155335028,0.0,0.0,0.0,12.715095155335028
2308.5697097211446,2478.697404495003,-41.43029027885541,-21.302595504997043,46.58615167450238,-2.666666097905516,3.673827017775693,False,0.0,12.819219183916513,0.0,0.0,0.0,12.819219183916513
2373.0013849763295,2567.13666037531,23.00138497632952,67.13666037530993,70.96756214763917,1.2407242177506828,21.5645788191232,False,0.0,10.800064939732994,0.0,0.0,0.0,10.800064939732994
2339.494469125584,2443.6721354502456,-10.505530874415854,-56.327864549754395,57.29916669279565,-1.7551846547480878,8.57737773279041,False,0.0,11.763931425917418,0.0,0.0,0.0,11.763931425917418
2347.286523651522,2550.048411171793,-2.7134763484777977,50.04841117179285,50.121915513222234,1.624960329645239,4.1013828327186275,False,0.0,12.421872113328366,0.0,0.0,0.0,12.421872113328366
2376.3504852654596,2532.6038582979504,26.35048526545961,32.60385829795041,41.92087367455542,0.8910744742831634,1.6335839687853877,False,0.0,13.234260769909337,0.0,0.0,0.0,13.234260769909337
2327.159465344943,2457.9769104841134,-22.840534655057127,-42.02308951588657,47.829175989024534,-2.068653545035747,3.878971049990014,False,0.0,12.643821681002247,0.0,0.0,0.0,12.643821681002247
2394.4122880880327,2486.475515296706,44.41228808803271,-13.524484703294092,46.42588738736232,-0.29559953527591426,3.805139159936516,False,0.0,12.702772861517047,0.0,0.0,0.0,12.702772861517047
2397.3663204244313,2485.7323460557172,47.36632042443125,-14.267653944282756,49.468517863624136,-0.29257512122739493,4.043309568727636,False,0.0,12.406463579330573,0.0,0.0,0.0,12.406463579330573
2354.5077710262585,2454.743582636023,4.507771026258524,-45.25641736397711,45.48036183065901,-1.4715186567177094,3.3118984009865926,False,0.0,12.850808379290592,0.0,0.0,0.0,12.850808379290592
2307.5426286523957,2480.074061122174,-42.457371347604294,-19.925938877825956,46.90065481324569,-2.7027918631249133,3.710348131066894,False,0.0,12.793368620906017,0.0,0.0,0.0,12.793368620906017
2370.110445492612,2569.729743529047,20.110445492612143,69.72974352904703,72.57180685733269,1.2900102844088424,22.268692422358072,False,0.0,10.709602270659866,0.0,0.0,0.0,10.709602270659866
2341.411628346047,2441.909490091633,-8.58837165395289,-58.09050990836704,58.721950487705286,-1.7175776982937176,8.626920277497447,False,0.0,11.648219504157419,0.0,0.0,0.0,11.648219504157419
2348.6482182701216,2548.892647123792,-1.3517817298784394,48.8926471237919,48.911330554554226,1.5984372406956473,3.7770075487133,False,0.0,12.529134512997476,0.0,0.0,0.0,12.529134512997476
2328.8819283644334,2458.108026794713,-21.118071635566594,-41.89197320528683,46.91386115677745,-2.037724795757873,3.932822744857276,False,0.0,12.732547221090485,0.0,0.0,0.0,12.732547221090485
2393.981346770762,2484.8778713975566,43.981346770761775,-15.122128602443354,46.508468446497275,-0.331168071017574,3.6452079230073196,False,0.0,12.691454070248998,0.0,0.0,0.0,12.691454070248998
2352.9481796301884,2454.859031138875,2.948179630188406,-45.1409688611252,45.237139972073095,-1.5055784412114739,4.45359094266496,False,0.0,12.881591583232131,0.0,0.0,0.0,12.881591583232131
2308.241347858922,2481.5950166699745,-41.75865214107807,-18.404983330025516,45.63472844247111,-2.726460460976786,3.846946297212071,False,0.0,12.920504120327463,0.0,0.0,0.0,12.920504120327463
2305.7804106127437,2479.9119803848994,-44.21958938725629,-20.08801961510062,48.56851467395535,-2.7151862219509346,4.006066269381336,False,0.0,12.628110468193185,0.0,0.0,0.0,12.628110468193185
2366.395350070832,2568.5682769684404,16.395350070832137,68.56827696844039,70.5011780778583,1.3360931905721916,20.08228871254687,False,0.0,10.837346943440652,0.0,0.0,0.0,10.837346943440652
2343.887348697715,2442.665711776919,-6.11265130228503,-57.334288223080875,57.65921532583181,-1.6770093479932289,8.83572923628708,False,0.0,11.735272577404983,0.0,0.0,0.0,11.735272577404983
2340.851954905869,2439.358320237047,-9.148045094130794,-60.64167976295312,61.32780815842686,-1.7205214602078622,8.962427219038545,False,0.0,11.446517617856768,0.0,0.0,0.0,11.446517617856768
2350.245439972352,2549.4816366972095,0.24543997235196002,49.481636697209524,49.48224541201279,1.565836144071686,3.845104965707833,False,0.0,12.470839503218851,0.0,0.0,0.0,12.470839503218851
2392.2015539722247,2484.44571734543,42.2015539722247,-15.554282654570216,44.97673694888123,-0.35312269415513226,4.013991210928907,False,0.0,12.848806513446753,0.0,0.0,0.0,12.848806513446753
2352.074378959352,2453.1917980369694,2.0743789593520887,-46.80820196303057,46.854144097175244,-1.5265087346117912,4.130866346291441,False,0.0,12.723364004300631,0.0,0.0,0.0,12.723364004300631
2295.193671650888,2453.2841027982454,-54.806328349111936,-46.715897201754615,72.01464211169542,-2.4357176631278943,17.186728592869258,False,0.0,10.775582214534953,0.0,0.0,0.0,10.775582214534953
2290.804687817367,2491.0694802131507,-59.19531218263319,-8.930519786849345,59.86517491883498,-2.9918565336802962,8.425983238148547,False,0.0,11.694337246787654,0.0,0.0,0.0,11.694337246787654
2307.216088063457,2482.9963727672944,-42.78391193654306,-17.00362723270564,46.03896675277021,-2.7633034098308737,3.959090658077457,False,0.0,12.886006208362739,0.0,0.0,0.0,12.886006208362739
2363.6404866674598,2571.4463523493873,13.640486667459754,71.44635234938733,72.7368142040738,1.3821472727947386,19.379779805703947,False,0.0,10.71164050403399,0.0,0.0,0.0,10.71164050403399
2345.819879926907,2440.9027892587837,-4.180120073092894,-59.09721074121626,59.244862403563744,-1.6414116674669372,8.775478869292783,False,0.0,11.607521636381342,0.0,0.0,0.0,11.607521636381342
2344.483686284135,2445.191024738341,-5.516313715865181,-54.808975261658816,55.085873744953616,-1.6711047154996161,8.934177022273616,False,0.0,11.945924712164903,0.0,0.0,0.0,11.945924712164903
2351.5740387504025,2548.3597442325154,1.5740387504024511,48.35974423251537,48.38535377799848,1.5382592801419017,3.8500008520832125,False,0.0,12.571371623870057,0.0,0.0,0.0,12.571371623870057
2292.0535822489255,2488.773189069032,-57.94641775107448,-11.226810930967986,59.02396643620065,-2.9502189830767556,9.220686468886925,False,0.0,11.742271421496456,0.0,0.0,0.0,11.742271421496456
2292.8543641758765,2456.3992743713034,-57.145635824123474,-43.60072562869664,71.8793918247242,-2.489838751789558,18.53191321752729,False,0.0,10.794846786722148,0.0,0.0,0.0,10.794846786722148
2350.385817945624,2453.0464863550465,0.3858179456237849,-46.953513644953546,46.95509875502344,-1.5625794920444118,4.469594186186441,False,0.0,12.719640857073028,0.0,0.0,0.0,12.719640857073028
2308.042198482115,2484.68680370923,-41.957801517884945,-15.313196290770065,44.66487533682236,-2.7916472693049714,4.777432601728833,False,0.0,13.023588478222129,0.0,0.0,0.0,13.023588478222129
2359.8108210463774,2570.112890266659,9.810821046377441,70.11289026665918,70.79597157429676,1.431770099140677,21.557338622222233,False,0.0,10.837476328125913,0.0,0.0,0.0,10.837476328125913
2348.2979447365246,2441.6603751524067,-1.7020552634753585,-58.33962484759331,58.36444824957957,-1.5999629969174118,8.745024225087036,False,0.0,11.67966226476385,0.0,0.0,0.0,11.67966226476385
2353.1910377296836,2548.9377246046574,3.1910377296835577,48.93772460465743,49.041651800011365,1.5056824157954076,3.9109429983827795,False,0.0,12.505687980480698,0.0,0.0,0.0,12.505687980480698
2351.3291371545997,2546.6073880380977,1.3291371545997208,46.607388038097724,46.62633617720303,1.5422863185248743,4.055663220767883,False,0.0,12.740948731454264,0.0,0.0,0.0,12.740948731454264
2321.761355686495,2460.550347920151,-28.23864431350512,-39.449652079848875,48.51490577014223,-2.1920575750239393,3.8809483314921636,False,0.0,12.594461880002653,0.0,0.0,0.0,12.594461880002653
2349.3257759102835,2454.4404582894554,-0.6742240897165175,-45.559541710544636,45.56453027298768,-1.5855939927033713,4.132561372648524,False,0.0,12.858095518361615,0.0,0.0,0.0,12.858095518361615
2349.5766525249705,2451.3192158597158,-0.423347475029459,-48.68078414028423,48.68262490455463,-1.5794925056008806,4.1415741355272075,False,0.0,12.550730847870236,0.0,0.0,0.0,12.550730847870236
2320.961848750318,2459.050375221998,-29.03815124968196,-40.94962477800209,50.20045813992705,-2.187616149592982,3.754410058247231,False,0.0,12.44375676339465,0.0,0.0,0.0,12.44375676339465
2307.0227370530483,2486.10264223842,-42.97726294695167,-13.897357761580224,45.16837038420557,-2.8288399473849566,4.4244311664178895,False,0.0,12.973061229525145,0.0,0.0,0.0,12.973061229525145
2356.9176351917763,2572.7127742514895,6.917635191776299,72.71277425148946,73.04109265334529,1.4759453532660023,21.944750404432853,False,0.0,10.70599721266374,0.0,0.0,0.0,10.70599721266374
2350.2055471715935,2439.8857588451033,0.20554717159348002,-60.11424115489672,60.11459256510709,-1.5673770642939944,8.757395972353152,False,0.0,11.543434406978585,0.0,0.0,0.0,11.543434406978585
2354.514468484313,2547.8201779801393,4.514468484313056,47.820177980139306,48.03279970757541,1.4766701969550835,3.8965139596157314,False,0.0,12.597316803166281,0.0,0.0,0.0,12.597316803166281
2323.4881769114645,2460.684841258639,-26.511823088535493,-39.31515874136085,47.418967411113094,-2.164093122144379,3.874824862711648,False,0.0,12.69355894309678,0.0,0.0,0.0,12.69355894309678
2347.6071331792577,2454.1453601287108,-2.392866820742256,-45.85463987128924,45.91703180027469,-1.6229327808102296,3.580138474425439,False,0.0,12.830233330262143,0.0,0.0,0.0,12.830233330262143
2305.1550523733154,2485.840411714831,-44.84494762668464,-14.159588285168866,47.02726090307174,-2.8357538119396386,3.9802861428897813,False,0.0,12.788439771594897,0.0,0.0,0.0,12.788439771594897
2353.1626639174624,2571.636578030359,3.162663917462396,71.63657803035903,71.70635784192736,1.5266762472154953,19.97090470002331,False,0.0,10.791807719747192,0.0,0.0,0.0,10.791807719747192
2349.7210285546225,2437.085053086044,-0.278971445377465,-62.9149469139561,62.91556540517816,-1.5752304021739707,10.400488049421256,False,0.0,11.334645461647156,0.0,0.0,0.0,11.334645461647156
2352.678505943355,2440.581808862547,2.6785059433550487,-59.41819113745305,59.47853253179245,-1.5257479373204006,8.624243612704959,False,0.0,11.598468476117784,0.0,0.0,0.0,11.598468476117784
2356.140153409598,2548.4186840824964,6.140153409598042,48.418684082496384,48.806459123501135,1.4446559168235804,3.9162855556724026,False,0.0,12.5215813055279,0.0,0.0,0.0,12.5215813055279
2288.444337332792,2495.5403118137833,-61.5556626672078,-4.459688186216681,61.717002723053234,-3.0692693355906124,8.260083071276313,False,0.0,11.56995190374139,0.0,0.0,0.0,11.56995190374139
2291.1235087754394,2499.8734869722243,-58.876491224560596,-0.12651302777567253,58.876627149166396,-3.1394438700867457,8.826774637004746,False,0.0,11.793875505641315,0.0,0.0,0.0,11.793875505641315
2350.4136263540654,2574.48847826226,0.41362635406539994,74.48847826225983,74.48962666430765,1.5652434934915427,18.79714994171809,False,0.0,10.628906111887288,0.0,0.0,0.0,10.628906111887288
2354.586894966746,2438.7955425487803,4.586894966746058,-61.204457451219696,61.37609646543288,-1.4959923593007503,8.404304282533303,False,0.0,11.452139179160927,0.0,0.0,0.0,11.452139179160927
2353.3612397235347,2443.222959876042,3.361239723534709,-56.77704012395816,56.87644695053149,-1.5116646563732543,9.949805503325933,False,0.0,11.80280506342187,0.0,0.0,0.0,11.80280506342187
2357.5068948945923,2547.296843950468,7.506894894592278,47.296843950467974,47.88888094989665,1.4133906042184157,4.087772468268668,False,0.0,12.606878442315056,0.0,0.0,0.0,12.606878442315056
2288.5500489230603,2499.979419017456,-61.44995107693967,-0.02058098254383367,61.44995452345853,-3.1412577309183574,8.454038221005248,False,0.0,11.600149455592243,0.0,0.0,0.0,11.600149455592243
2292.3379671673542,2497.5880274596225,-57.662032832645764,-2.411972540377519,57.712456557736765,-3.099787549777343,8.65664560764526,False,0.0,11.876542350630015,0.0,0.0,0.0,11.876542350630015
2346.7182845544653,2573.3561786646655,-3.281715445534701,73.35617866466555,73.42954857921839,1.6155032460508671,18.906648625443268,False,0.0,10.697155804271896,0.0,0.0,0.0,10.697155804271896
2357.0591341506174,2439.47939500867,7.05913415061741,-60.52060499132995,60.93090351761579,-1.4546808327707905,8.400142350701572,False,0.0,11.491546768240566,0.0,0.0,0.0,11.491546768240566
2359.144195616948,2547.8975191960544,9.144195616947854,47.89751919605442,48.76257436413104,1.3821546173718204,3.9511571031534913,False,0.0,12.519457824971372,0.0,0.0,0.0,12.519457824971372
2357.284645607509,2545.556068306161,7.284645607508992,45.556068306160796,46.13481788348783,1.4122336410697076,4.138215044475828,False,0.0,12.77506356526994,0.0,0.0,0.0,12.77506356526994
2287.241347681979,2497.8009206897527,-62.75865231802118,-2.1990793102472708,62.797168651038895,-3.106566727007904,8.255808199457533,False,0.0,11.493884447785646,0.0,0.0,0.0,11.493884447785646
2287.3152907782173,2502.265326348986,-62.68470922178267,2.2653263489860365,62.72562852364937,3.105469953363874,8.690698048495506,False,0.0,11.509859943651563,0.0,0.0,0.0,11.509859943651563
2287.3981915746,2506.7703827373102,-62.60180842540012,6.7703827373102285,62.96685239505121,3.033861419903264,8.823101535741444,False,0.0,11.500489260458554,0.0,0.0,0.0,11.500489260458554
2288.6419317006203,2504.475183180255,-61.35806829937974,4.475183180255044,61.52105176220727,3.0687860422668733,8.851031618684829,False,0.0,11.602952882792534,0.0,0.0,0.0,11.602952882792534
2346.012518233335,2569.573837985157,-3.9874817666650415,69.57383798515684,69.68801147130215,1.6280466449386601,19.06931929509983,False,0.0,10.93212670640613,0.0,0.0,0.0,10.93212670640613
2360.5200915119426,2546.775324903165,10.52009151194261,46.7753249031648,47.94375188923241,1.349570536936406,3.955883490096312,False,0.0,12.595665575665572,0.0,0.0,0.0,12.595665575665572
2358.968876775439,2437.7489677886015,8.968876775439185,-62.251032211398524,62.89381338412856,-1.4277050428403575,8.364730252245863,False,0.0,11.342043898700524,0.0,0.0,0.0,11.342043898700524
2362.118129633393,2547.3847414765387,12.118129633392982,47.38474147653869,48.90974126500899,1.3204235241568658,3.934038437367235,False,0.0,12.504545472748081,0.0,0.0,0.0,12.504545472748081
2361.454974028819,2438.499083092385,11.454974028818924,-61.50091690761519,62.55860620632708,-1.3866494669255494,8.571458971075117,False,0.0,11.36759956150184,0.0,0.0,0.0,11.36759956150184
2363.4439486575993,2546.2792422338257,13.443948657599321,46.2792422338257,48.1924062197073,1.2880811660837108,3.7310560592932234,False,0.0,12.569849484080986,0.0,0.0,0.0,12.569849484080986
2291.362299200613,2508.908017786652,-58.63770079938695,8.90801778665218,59.31047745487922,2.9908291821844424,8.748523159312754,False,0.0,11.778075057640972,0.0,0.0,0.0,11.778075057640972
2361.8653109442184,2441.158759461526,11.865310944218436,-58.84124053847381,60.02563778844439,-1.3718151447806832,9.601012725965802,False,0.0,11.555263471926933,0.0,0.0,0.0,11.555263471926933
2288.7652663092417,2508.981639530283,-61.234733690758276,8.981639530282791,61.889922110389065,2.9959555561868565,8.835850975034191,False,0.0,11.58405768249566,0.0,0.0,0.0,11.58405768249566
2292.6261437334147,2506.602437841723,-57.373856266585335,6.602437841722804,57.75250270207003,3.027019175226655,8.945613435571431,False,0.0,11.896088860940766,0.0,0.0,0.0,11.896088860940766
2365.0270968671794,2546.8928982034345,15.027096867179353,46.89289820343447,49.24182716119761,1.2606800593844172,3.865660155144724,False,0.0,12.47429498407648,0.0,0.0,0.0,12.47429498407648
2364.337546190052,2442.0004830154103,14.337546190051853,-57.99951698458972,59.745369705087455,-1.3284536232419837,10.144088030530838,False,0.0,11.578537763013385,0.0,0.0,0.0,11.578537763013385
2363.190291107981,2544.6150226714085,13.190291107981011,44.6150226714085,46.524015599296426,1.2833380133052912,3.5017949405221316,False,0.0,12.734437837899694,0.0,0.0,0.0,12.734437837899694
2372.265987441649,2544.7923055161004,22.26598744164903,44.79230551610044,50.021243789007826,1.109476198972281,3.8321253491531024,False,0.0,12.399435303111874,0.0,0.0,0.0,12.399435303111874
2296.945846464592,2513.0932161347573,-53.054153535408204,13.093216134757313,54.645910332888924,2.8996377685162305,9.164611460046217,False,0.0,12.141815443505772,0.0,0.0,0.0,12.141815443505772
2366.3523284644457,2545.7976025849407,16.35232846444569,45.797602584940705,48.62940518592931,1.2278490391201613,3.8749124342875803,False,0.0,12.530540644165466,0.0,0.0,0.0,12.530540644165466
2299.631639325204,2547.9080282929394,-50.368360674795895,47.908028292939434,69.51367442441388,2.3812240888839424,19.36779541694341,False,0.0,10.983130722313314,0.0,0.0,0.0,10.983130722313314
2370.935023614974,2545.9015670632066,20.935023614973943,45.901567063206585,50.45026335528456,1.1428935157939615,3.7876430074966265,False,0.0,12.356247443213437,0.0,0.0,0.0,12.356247443213437
2375.088578772447,2447.429182562409,25.08857877244691,-52.570817437590904,58.250559060645806,-1.1255268677508428,8.765947715584844,False,0.0,11.66557960967338,0.0,0.0,0.0,11.66557960967338
2373.90398710721,2442.2229031364614,23.903987107210014,-57.777096863538645,62.5267424515334,-1.1785120005398586,9.442303532994629,False,0.0,11.351091193545846,0.0,0.0,0.0,11.351091193545846
2378.189675647695,2450.606611448195,28.189675647694912,-49.39338855180495,56.871474798459545,-1.0521863477494369,8.236767485295786,False,0.0,11.77194504707837,0.0,0.0,0.0,11.77194504707837
2372.5973654243467,2446.6776796033128,22.597365424346663,-53.322320396687246,57.91295862420108,-1.16995260805518,8.789957610326383,False,0.0,11.699116811575003,0.0,0.0,0.0,11.699116811575003
2376.9739836274134,2445.663020020651,26.973983627413418,-54.33697997934905,60.6638540319369,-1.110016521372864,8.674539490519237,False,0.0,11.477793756716448,0.0,0.0,0.0,11.477793756716448
2386.195831473229,2455.504333111918,36.19583147322919,-44.495666888081814,57.3585441573751,-0.8878965603633434,8.889813243200479,False,0.0,11.723352369961097,0.0,0.0,0.0,11.723352369961097
2384.524091206679,2447.9383867708743,34.524091206678804,-52.06161322912567,62.46858767145412,-0.9852398642890862,9.04896513373933,False,0.0,11.336925428927778,0.0,0.0,0.0,11.336925428927778
2307.837077268686,2553.968057166168,-42.16292273131421,53.96805716616791,68.48549662182162,2.2340036697442263,19.931692862833643,False,0.0,11.047024714919148,0.0,0.0,0.0,11.047024714919148
2367.9779559569492,2546.3983685358426,17.977955956949245,46.398368535842565,49.75957699958745,1.2011384945775105,3.851752136453797,False,0.0,12.423300965035207,0.0,0.0,0.0,12.423300965035207
2364.930848786355,2444.5446791109475,14.930848786355,-55.45532088905247,57.43015636744147,-1.3077920098449287,9.493460442120977,False,0.0,11.75672059945885,0.0,0.0,0.0,11.75672059945885
2372.001473275292,2444.129536574879,22.001473275292028,-55.870463425121216,60.046427950555035,-1.195651061933038,8.929862374796357,False,0.0,11.536896191125328,0.0,0.0,0.0,11.536896191125328
2385.601136694115,2452.9731358889326,35.60113669411521,-47.026864111067425,58.98276767017531,-0.922805910555718,8.863905052946393,False,0.0,11.599821530611568,0.0,0.0,0.0,11.599821530611568
2298.814979409133,2544.164561729984,-51.185020590867225,44.16456172998414,67.60484335969636,2.4296904973914244,19.479756097236532,False,0.0,11.117142065323746,0.0,0.0,0.0,11.117142065323746
2368.2668899113714,2447.8335036472768,18.266889911371436,-52.16649635272324,55.272258943821456,-1.2339743728211008,9.689272831619746,False,0.0,11.929453947876592,0.0,0.0,0.0,11.929453947876592
2376.3852841112307,2443.0048836231376,26.385284111230703,-56.99511637686237,62.80626169771967,-1.1372342595576717,9.556813283389602,False,0.0,11.321336269348533,0.0,0.0,0.0,11.321336269348533
2379.461574691271,2446.414284951759,29.461574691270926,-53.58571504824113,61.15074194579025,-1.0681045508665017,8.720529034821084,False,0.0,11.436808470910787,0.0,0.0,0.0,11.436808470910787
2378.666845624435,2453.141233931897,28.666845624435155,-46.858766068102796,54.93206709637258,-1.0217664292049593,8.795491331144603,False,0.0,11.929201750533949,0.0,0.0,0.0,11.929201750533949
2381.662184722845,2456.68805318483,31.662184722844813,-43.311946815169904,53.65089634240656,-0.9395491934048926,10.451286515134143,False,0.0,12.03138667464078,0.0,0.0,0.0,12.03138667464078
2292.7454291539316,2511.1193010160637,-57.25457084606842,11.119301016063673,58.32430657841808,2.949772387360635,8.802375831504833,False,0.0,11.85702185693602,0.0,0.0,0.0,11.85702185693602
2289.1821955567625,2513.387280658327,-60.81780444323749,13.3872806583272,62.27378758932766,2.9249268634566756,7.314310188228774,False,0.0,11.560222022980572,0.0,0.0,0.0,11.560222022980572
2308.7429268662463,2557.78466608577,-41.25707313375369,57.78466608576991,71.00150504184984,2.190843090208885,19.784706611117144,False,0.0,10.880159850794334,0.0,0.0,0.0,10.880159850794334
2295.0214033018333,2542.973985560852,-54.97859669816671,42.973985560851816,69.78115454679701,2.478141706187289,19.90743418520833,False,0.0,10.978132645143248,0.0,0.0,0.0,10.978132645143248
2285.3627112538124,2533.048318933506,-64.63728874618755,33.048318933505925,72.5959398368032,2.6689548784671557,18.594784739761963,False,0.0,10.810965749443296,0.0,0.0,0.0,10.810965749443296
2303.29118733254,2549.0693426543853,-46.708812667459824,49.06934265438531,67.74594873007044,2.331553670873891,18.389614091051044,False,0.0,11.093533638785171,0.0,0.0,0.0,11.093533638785171
2305.872318125403,2560.420402312519,-44.127681874596874,60.420402312518945,74.81896366050702,2.2015984970073483,19.73892493432959,False,0.0,10.643049495341453,0.0,0.0,0.0,10.643049495341453
2292.1201389782295,2545.549113776872,-57.879861021770466,45.54911377687222,73.65324214016593,2.474853892402397,19.342305453443714,False,0.0,10.731186285895294,0.0,0.0,0.0,10.731186285895294
2295.345170433415,2506.485395623318,-54.654829566584795,6.4853956233178,55.038266245798305,3.023483948025721,9.658280721709161,False,0.0,12.11542999690966,0.0,0.0,0.0,12.11542999690966
2369.485093547346,2443.3918204819893,19.48509354734597,-56.60817951801073,59.867811542532216,-1.239289044796308,9.002043588352535,False,0.0,11.556629731498225,0.0,0.0,0.0,11.556629731498225
2383.118389296374,2452.2036605224635,33.11838929637406,-47.79633947753655,58.149099537637746,-0.9648470533515651,8.718096421788687,False,0.0,11.666846901038612,0.0,0.0,0.0,11.666846901038612
2382.5472931109216,2449.672702385999,32.5472931109216,-50.327297614001054,59.934657536157495,-0.9967356418900761,8.664425912613297,False,0.0,11.528435909838647,0.0,0.0,0.0,11.528435909838647
2369.3121978582817,2545.314418673808,19.312197858281706,45.31441867380818,49.25807066727843,1.1679247862419009,3.8284229745513585,False,0.0,12.470006009332138,0.0,0.0,0.0,12.470006009332138
2301.3069298042014,2555.442803080828,-48.693070195798555,55.44280308082807,73.78969778060109,2.291468434490901,19.73158952538597,False,0.0,10.709431455372231,0.0,0.0,0.0,10.709431455372231
2296.7416687088394,2550.4696446945513,-53.25833129116063,50.469644694551334,73.37325730477879,2.383072629769178,19.729458294459164,False,0.0,10.740197128358162,0.0,0.0,0.0,10.740197128358162
2287.4892307857976,2540.637341679532,-62.510769214202355,40.6373416795318,74.55863334671768,2.5651573634139866,18.890848795666898,False,0.0,10.682199921528685,0.0,0.0,0.0,10.682199921528685
2367.594805624269,2445.1857031780855,17.594805624269156,-54.81429682191447,57.5689527526492,-1.2601961872070107,8.676365295008509,False,0.0,11.743896767843825,0.0,0.0,0.0,11.743896767843825
2370.753069983503,2448.5877639796145,20.753069983502883,-51.412236020385535,55.442834761184386,-1.187138651134505,9.130651443738316,False,0.0,11.898359203558678,0.0,0.0,0.0,11.898359203558678
2381.1140487450175,2453.9850734118895,31.1140487450175,-46.014926588110484,55.54689458661503,-0.9762412919049076,9.323724832880544,False,0.0,11.878922924865106,0.0,0.0,0.0,11.878922924865106
2384.261220053315,2457.43783751839,34.2612200533149,-42.5621624816099,54.63852921384898,-0.8930328608786615,9.73711815716888,False,0.0,11.943577553993107,0.0,0.0,0.0,11.943577553993107
2375.7000629011745,2449.867566149989,25.700062901174533,-50.132433850010784,56.336082192943046,-1.097085209235257,8.19863802467853,False,0.0,11.816080706003564,0.0,0.0,0.0,11.816080706003564
2380.0657825828252,2448.9194927917233,30.06578258282525,-51.080507208276686,59.27199590846022,-1.0388043170800385,8.68885796637187,False,0.0,11.580229869376161,0.0,0.0,0.0,11.580229869376161
2304.119163859988,2552.800096876816,-45.88083614001198,52.80009687681604,69.9492770163337,2.2861915582628964,19.349380894052956,False,0.0,10.948715747625434,0.0,0.0,0.0,10.948715747625434
2369.008789760374,2543.760127297083,19.00878976037393,43.76012729708282,47.7104058797553,1.1610025297921107,3.2928028462993097,False,0.0,12.61517459013839,0.0,0.0,0.0,12.61517459013839
2287.7858002794237,2511.125173818899,-62.21419972057629,11.12517381889893,63.201077042819996,2.9646424409024164,7.0784051422242555,False,0.0,11.484180561142434,0.0,0.0,0.0,11.484180561142434
2296.8455194676917,2508.651752671879,-53.1544805323083,8.651752671878967,53.853984299723884,2.9802414110054523,9.698220721648795,False,0.0,12.203979844458436,0.0,0.0,0.0,12.203979844458436
2295.5096227210097,2510.980078119696,-54.49037727899031,10.980078119695918,55.58563961601349,2.942750492492287,9.816328954286291,False,0.0,12.076976608798725,0.0,0.0,0.0,12.076976608798725
2291.5447915398995,2513.4550295991235,-58.45520846010049,13.455029599123463,59.98374127734192,2.9153564073372706,9.145532474374704,False,0.0,11.729972180615254,0.0,0.0,0.0,11.729972180615254
2291.272850968064,2504.3808600282987,-58.727149031935824,4.3808600282986845,58.89032151386802,3.0671337179400475,8.96694219955043,False,0.0,11.802052065434777,0.0,0.0,0.0,11.802052065434777
2292.5196698980403,2502.065071151798,-57.48033010195968,2.065071151797838,57.51741360224953,3.105681527811801,8.981745146671528,False,0.0,11.903507861498639,0.0,0.0,0.0,11.903507861498639
2296.7632413259034,2504.11033179391,-53.23675867409656,4.110331793910063,53.395199237197566,3.064536996173194,9.844910635857559,False,0.0,12.23433079606314,0.0,0.0,0.0,12.23433079606314
2366.4480207872525,2440.000129430464,16.448020787252517,-59.99987056953614,62.2135182752027,-1.3032351551267085,9.528942053658284,False,0.0,11.387280611367535,0.0,0.0,0.0,11.387280611367535
2368.9316113066325,2440.750442829905,18.931611306632476,-59.24955717009516,62.20061037898092,-1.2615259039582458,9.594652720682006,False,0.0,11.386117420200833,0.0,0.0,0.0,11.386117420200833
2295.291033555879,2501.911585135814,-54.70896644412096,1.9115851358142208,54.74235259025154,3.1066658784094994,9.935360351334566,False,0.0,12.128574284054316,0.0,0.0,0.0,12.128574284054316
2319.0689966363216,2461.7216562473736,-30.93100336367843,-38.27834375262637,49.21339827250417,-2.250429533513367,3.2483493281042684,False,0.0,12.541273085372282,0.0,0.0,0.0,12.541273085372282
2296.6232561512793,2499.4449119179017,-53.37674384872071,-0.5550880820983366,53.37963007244272,-3.1311935915121003,10.476239560991417,False,0.0,12.226069001282514,0.0,0.0,0.0,12.226069001282514
2320.731474048169,2461.9016596889455,-29.26852595183118,-38.09834031105447,48.0430030894191,-2.225866840886145,3.7496648475989787,False,0.0,12.648347303945638,0.0,0.0,0.0,12.648347303945638
2295.0663508853554,2497.3129384212834,-54.933649114644595,-2.687061578716566,54.99932822297658,-3.092716934764507,9.522172566668814,False,0.0,12.097022028894791,0.0,0.0,0.0,12.097022028894791
2290.9674969657885,2495.433350628885,-59.03250303421146,-4.566649371115091,59.2088734985128,-3.064388193089391,8.523064722530762,False,0.0,11.756010499605143,0.0,0.0,0.0,11.756010499605143
2321.39968270727,2463.500747804794,-28.60031729272987,-36.49925219520583,46.369963985904285,-2.2354485333939906,4.194709463953586,False,0.0,12.803590703209897,0.0,0.0,0.0,12.803590703209897
2296.210484374738,2494.9938805578336,-53.789515625262084,-5.006119442166437,54.021969818487285,-3.048791294953807,8.418115068099723,False,0.0,12.157576359293271,0.0,0.0,0.0,12.157576359293271
2292.204967621325,2493.1625793317394,-57.79503237867493,-6.83742066826062,58.19807633459066,-3.0238353517613565,8.521566728681137,False,0.0,11.823674803648569,0.0,0.0,0.0,11.823674803648569
2323.186241397108,2463.6908592187533,-26.813758602891994,-36.3091407812467,45.136807094504995,-2.2068870610132882,4.274582905944953,False,0.0,12.923166776202759,0.0,0.0,0.0,12.923166776202759
2294.719571312274,2492.998198299027,-55.280428687725816,-7.001801700972919,55.72208738874098,-3.0156038425526415,8.1948997248046,False,0.0,12.020459350990224,0.0,0.0,0.0,12.020459350990224
2324.2448539629763,2462.226264441393,-25.755146037023678,-37.77373555860686,45.71851534597309,-2.1692211178699483,3.8294817373343903,False,0.0,12.857174328702822,0.0,0.0,0.0,12.857174328702822
2324.467000883522,2459.268321524443,-25.532999116478095,-40.731678475557146,48.072899593411634,-2.1307309797187104,3.867208786955416,False,0.0,12.627999286320794,0.0,0.0,0.0,12.627999286320794
2295.9559761255146,2490.7997789334936,-54.04402387448545,-9.200221066506401,54.82153394623814,-2.9729734467813387,7.638667110247297,False,0.0,12.081295201733571,0.0,0.0,0.0,12.081295201733571
2325.9460821208877,2462.364686003197,-24.053917879112305,-37.63531399680278,44.66551046358944,-2.139493202889847,3.6939092829211404,False,0.0,12.959313359354308,0.0,0.0,0.0,12.959313359354308
2326.1795765559077,2459.405139164043,-23.820423444092285,-40.594860835957206,47.067561009113206,-2.1014416574117414,3.799452508176273,False,0.0,12.720436071760709,0.0,0.0,0.0,12.720436071760709
2290.565017571737,2481.9507880274027,-59.43498242826308,-18.049211972597277,62.11514460322611,-2.8467631949420897,9.620260501027587,False,0.0,11.491385508910986,0.0,0.0,0.0,11.491385508910986
2294.690266866124,2488.667868822087,-55.30973313387585,-11.332131177913197,56.45869088434478,-2.9395044818865896,8.614078006364252,False,0.0,11.94538944045788,0.0,0.0,0.0,11.94538944045788
2290.6713596917075,2486.5972123144707,-59.328640308292506,-13.402787685529347,60.82369833029004,-2.919414561625075,9.525876924472868,False,0.0,11.601920495009784,0.0,0.0,0.0,11.601920495009784
2326.9019807417612,2460.960080460043,-23.098019258238764,-39.03991953995683,45.36114869952338,-2.1050544629914256,3.802723783055626,False,0.0,12.889148622755759,0.0,0.0,0.0,12.889148622755759
2347.7482366509416,2451.205773286119,-2.251763349058365,-48.79422671388102,48.84615643820691,-1.6169117598977676,4.29945750589377,False,0.0,12.540541444828648,0.0,0.0,0.0,12.540541444828648
2346.838759340569,2452.6379456207046,-3.1612406594308595,-47.36205437929539,47.46743765503013,-1.6374437452534847,3.8131875173062326,False,0.0,12.675786047538057,0.0,0.0,0.0,12.675786047538057
2296.0530049187087,2486.429103880108,-53.946995081291334,-13.57089611989204,55.62775835675721,-2.895146468639204,9.102311563120566,False,0.0,12.007953735266568,0.0,0.0,0.0,12.007953735266568
2291.980426191927,2484.2117231596053,-58.01957380807289,-15.788276840394701,60.12936579126177,-2.8759060760950237,9.073130302849677,False,0.0,11.645229617507132,0.0,0.0,0.0,11.645229617507132
2328.5465406305716,2461.1126128400747,-21.4534593694284,-38.88738715992531,44.41260855930035,-2.074929743621052,3.6115972858642635,False,0.0,12.982684975704254,0.0,0.0,0.0,12.982684975704254
2350.533675440594,2450.002878938955,0.5336754405939246,-49.99712106104516,49.99996923867753,-1.5601226087445281,3.6769282855748315,False,0.0,12.424093893033598,0.0,0.0,0.0,12.424093893033598
2294.72538680173,2484.1489349721883,-55.27461319826989,-15.851065027811728,57.50251409055319,-2.862317827712291,9.477645361554096,False,0.0,11.853860981612097,0.0,0.0,0.0,11.853860981612097
2329.5465994642086,2459.6887878546745,-20.45340053579139,-40.3112121453255,45.20326778124508,-2.040336363922547,3.8463904830623505,False,0.0,12.9024372533342,0.0,0.0,0.0,12.9024372533342
2329.8761648458035,2456.6759595221297,-20.123835154196513,-43.32404047787031,47.769668458567104,-2.005639364241756,3.9101412069940125,False,0.0,12.648303259575082,0.0,0.0,0.0,12.648303259575082
2407.3334432826928,2476.915914528104,57.33344328269277,-23.084085471895833,61.80613821234539,-0.3827703776821421,9.443625976248768,False,0.0,11.361979016863044,0.0,0.0,0.0,11.361979016863044
2342.759494792154,2437.4874642482255,-7.240505207846127,-62.51253575177452,62.93045400902281,-1.6861073629901928,9.360871399679127,False,0.0,11.330496509478447,0.0,0.0,0.0,11.330496509478447
2345.251699461525,2438.2757115846766,-4.748300538475178,-61.72428841532337,61.906656656467135,-1.647572701149438,9.40299800145658,False,0.0,11.402180792531032,0.0,0.0,0.0,11.402180792531032
2347.245245654171,2436.2325917192397,-2.754754345829042,-63.767408280760264,63.82688328871336,-1.6139695191188659,10.62099653322548,False,0.0,11.272715315271904,0.0,0.0,0.0,11.272715315271904
2295.954160069597,2481.8545893746564,-54.04583993040296,-18.14541062534363,57.01060200125125,-2.817676662151897,9.466529558239927,False,0.0,11.890399575490992,0.0,0.0,0.0,11.890399575490992
2331.5967829388496,2456.8171514376813,-18.40321706115037,-43.18284856231867,46.940779799189144,-1.9736572140586917,3.899973344456157,False,0.0,12.728097840722032,0.0,0.0,0.0,12.728097840722032
2331.271080376778,2459.8429365894917,-18.728919623221827,-40.15706341050827,44.30984283439387,-2.007197639409733,4.09956182115593,False,0.0,12.997355471187007,0.0,0.0,0.0,12.997355471187007
2402.1780264093954,2475.427694976488,52.17802640939544,-24.572305023511944,57.67447107818223,-0.44012402683609947,9.057871623230312,False,0.0,11.684878057427294,0.0,0.0,0.0,11.684878057427294
2406.6995289502197,2474.378091026659,56.6995289502197,-25.62190897334085,62.21992287535373,-0.4244239366648414,9.309745877115347,False,0.0,11.324644466133645,0.0,0.0,0.0,11.324644466133645
2395.9648852503938,2480.7200476605344,45.96488525039376,-19.27995233946558,49.844630987639285,-0.3971600242597418,3.967757994241765,False,0.0,12.372778071912881,0.0,0.0,0.0,12.372778071912881
2386.904083411355,2437.70854349503,36.904083411354804,-62.29145650497003,72.40260303292145,-1.0359526151141825,18.449799352421905,False,0.0,10.653397005959306,0.0,0.0,0.0,10.653397005959306
2298.427230751289,2481.641545651479,-51.57276924871121,-18.35845434852081,54.742884232085686,-2.799607633775032,8.01842344697343,False,0.0,12.078290753337477,0.0,0.0,0.0,12.078290753337477
2352.296395371168,2450.1457824592517,2.2963953711678187,-49.85421754074832,49.907078038099755,-1.5247666538662124,3.4436035679691486,False,0.0,12.429069192173468,0.0,0.0,0.0,12.429069192173468
2332.3270273700496,2458.4033674450825,-17.672972629950436,-41.596632554917505,45.195285168785034,-1.9725530163015093,3.934766779968413,False,0.0,12.903023456857602,0.0,0.0,0.0,12.903023456857602
2404.084508297419,2473.64237548335,54.08450829741878,-26.35762451665005,60.165259144578386,-0.45346961026984683,8.580772420412359,False,0.0,11.485696176582492,0.0,0.0,0.0,11.485696176582492
2354.714544198618,2451.823761199003,4.714544198618114,-48.176238800997,48.40637263843896,-1.4732465728658284,4.033928783028841,False,0.0,12.562069810085296,0.0,0.0,0.0,12.562069810085296
2394.7677227629006,2482.038868611393,44.767722762900576,-17.9611313886071,48.23640992170472,-0.38154660812527275,4.001392541459609,False,0.0,12.526353091911941,0.0,0.0,0.0,12.526353091911941
2390.6649754508258,2438.749849209116,40.66497545082575,-61.25015079088416,73.52020946870533,-0.9847002188265889,16.961650285224096,False,0.0,10.567897577230475,0.0,0.0,0.0,10.567897577230475
2396.930077989391,2484.0671243629877,46.930077989391066,-15.93287563701233,49.56095989944937,-0.32729243033362626,3.9558194200226353,False,0.0,12.39854310096914,0.0,0.0,0.0,12.39854310096914
2395.220349490901,2483.686155290515,45.220349490900844,-16.313844709484783,48.07308537304841,-0.34623118510945766,3.8781994292139643,False,0.0,12.538411030338237,0.0,0.0,0.0,12.538411030338237
2353.0279334692723,2451.6074310619356,3.027933469272284,-48.392568938064414,48.48720562704821,-1.5083075747711845,3.856745308004065,False,0.0,12.563940815669168,0.0,0.0,0.0,12.563940815669168
2344.5605506271677,2541.689223266254,-5.439449372832314,41.689223266253975,42.04258491129176,1.7005395396860172,1.4793609637295049,False,0.0,13.254345428875718,0.0,0.0,0.0,13.254345428875718
2299.6516061929747,2479.316637709429,-50.34839380702533,-20.68336229057104,54.431261556116105,-2.7518066275890245,7.7431019106907115,False,0.0,12.094894709243484,0.0,0.0,0.0,12.094894709243484
2334.267645308235,2455.521408360648,-15.732354691765067,-44.47859163935209,47.17893702032448,-1.9107690815240337,4.066904443185194,False,0.0,12.70261533394283,0.0,0.0,0.0,12.70261533394283
2334.0186975013985,2458.5606955270464,-15.981302498601508,-41.43930447295361,44.41416423568004,-1.9388760677210528,3.845094767720184,False,0.0,12.981622167756827,0.0,0.0,0.0,12.981622167756827
2401.5757504625444,2463.556674655393,51.57575046254442,-36.44332534460682,63.15199124293321,-0.6151404814870791,9.869092849409753,False,0.0,11.240508305209387,0.0,0.0,0.0,11.240508305209387
2403.43889312391,2471.1469006338516,53.43889312391002,-28.8530993661484,60.73068945221609,-0.49507671543513115,8.669881731288115,False,0.0,11.43777485257953,0.0,0.0,0.0,11.43777485257953
2391.5978047320345,2442.4662125561445,41.59780473203455,-57.533787443855545,70.99657777780014,-0.9447903153925648,19.071129712177935,False,0.0,10.72792908439307,0.0,0.0,0.0,10.72792908439307
2312.452308306961,2482.0549449677515,-37.547691693038814,-17.945055032248547,41.615551799608824,-2.695758871761357,1.8709047236525294,False,0.0,13.355176624381084,0.0,0.0,0.0,13.355176624381084
2358.7286955186532,2540.575475174015,8.72869551865324,40.57547517401508,41.503726471902155,1.3589031324942653,1.7001175866332687,False,0.0,13.29341694806259,0.0,0.0,0.0,13.29341694806259
2391.504890727371,2500.9958805958195,41.50489072737082,0.9958805958194716,41.516836734656486,0.023989691965918082,1.414082084439542,False,0.0,13.249194627157866,0.0,0.0,0.0,13.249194627157866
2343.6475972301027,2541.0297566576864,-6.352402769897253,41.02975665768645,41.51859766827348,1.7244010306149937,1.8706122750139684,False,0.0,13.31757827902137,0.0,0.0,0.0,13.31757827902137
2412.242244168943,2509.025177768599,62.242244168943216,9.025177768598951,62.8931696843239,0.1439972456800136,10.45473088363542,False,0.0,11.317267857235226,0.0,0.0,0.0,11.317267857235226
2294.2892526136443,2475.066031446315,-55.710747386355706,-24.93396855368519,61.03597432811654,-2.7207686913910845,8.76235834219824,False,0.0,11.570135331816571,0.0,0.0,0.0,11.570135331816571
2294.136317216743,2470.5170109643404,-55.86368278325699,-29.482989035659557,63.166428556513985,-2.655979259341278,9.200450865469065,False,0.0,11.403402933512341,0.0,0.0,0.0,11.403402933512341
2298.3885150853275,2477.233600374695,-51.611484914672474,-22.766399625304985,56.40970064622353,-2.726155266993554,9.529544117069236,False,0.0,11.931327680878569,0.0,0.0,0.0,11.931327680878569
2335.016930662781,2457.1212450288444,-14.983069337219149,-42.87875497115556,45.421140393437,-1.9069621382750417,3.920377491222098,False,0.0,12.878789155069327,0.0,0.0,0.0,12.878789155069327
2402.2600356554417,2466.1477099135554,52.2600356554417,-33.852290086444555,62.26627394348268,-0.5748033559542752,8.95425057414468,False,0.0,11.317627861894387,0.0,0.0,0.0,11.317627861894387
2400.948965430151,2470.4047098384035,50.94896543015102,-29.595290161596495,58.9209493996135,-0.5262428365027753,8.701590700110046,False,0.0,11.582230467446347,0.0,0.0,0.0,11.582230467446347
2333.947499791972,2439.6379209613365,-16.05250020802805,-60.36207903866352,62.460094050510385,-1.8307172160017209,9.099274809668714,False,0.0,11.365979245101839,0.0,0.0,0.0,11.365979245101839
2395.247560527679,2443.6457343523566,45.24756052767907,-56.35426564764339,72.2713289651653,-0.8942818164104338,20.43783187971985,False,0.0,10.63155113330066,0.0,0.0,0.0,10.63155113330066
2336.480195194577,2440.404129020518,-13.519804805423064,-59.59587097948179,61.1101706737903,-1.7938786101563124,8.776207743739633,False,0.0,11.465703261141291,0.0,0.0,0.0,11.465703261141291
2352.303180652137,2540.30970639865,2.3031806521371436,40.30970639865018,40.375451341895335,1.5137212598818497,1.7856319850889122,False,0.0,13.424606493366175,0.0,0.0,0.0,13.424606493366175
2390.405084285365,2503.086361716612,40.405084285364865,3.0863617166119184,40.52278944931119,0.07623743375272882,2.129376391299502,False,0.0,13.358141751614165,0.0,0.0,0.0,13.358141751614165
2350.2093752337314,2540.4844850068334,0.2093752337314072,40.48448500683344,40.485026420357215,1.565624632823403,2.085998338518948,False,0.0,13.413226286515421,0.0,0.0,0.0,13.413226286515421
2390.4143423009523,2501.0404319158997,40.414342300952285,1.0404319158997168,40.42773258779379,0.025738440756687894,1.7529584139674625,False,0.0,13.37392108484936,0.0,0.0,0.0,13.37392108484936
2343.760334938693,2539.870974884025,-6.239665061306823,39.870974884025145,40.3562641764554,1.7260336125693627,1.8091487328492803,False,0.0,13.4454294700633,0.0,0.0,0.0,13.4454294700633
2358.544904577802,2539.4475461858224,8.544904577801844,39.447546185822375,40.36241189926995,1.357477655958312,1.7163254585420873,False,0.0,13.426338405932492,0.0,0.0,0.0,13.426338405932492
2356.533018234091,2539.847601594962,6.533018234090832,39.847601594961816,40.37959484836081,1.408291954832171,1.7917792044609087,False,0.0,13.426589209768677,0.0,0.0,0.0,13.426589209768677
2333.232584610049,2463.135833873861,-16.76741538995111,-36.864166126139025,40.49830815027642,-1.9976705562190538,1.8179922566032474,False,0.0,13.423082260015137,0.0,0.0,0.0,13.423082260015137
2313.6115576618645,2482.4558255220086,-36.38844233813552,-17.54417447799142,40.3969899115023,-2.692338184087525,1.765041023475078,False,0.0,13.495109236309323,0.0,0.0,0.0,13.495109236309323
2338.363284626927,2438.597529649332,-11.636715373073002,-61.402470350667954,62.49541191030403,-1.7580905421427062,8.935204354615053,False,0.0,11.36258669617816,0.0,0.0,0.0,11.36258669617816
2409.994687543522,2510.6725485036045,59.994687543522105,10.672548503604503,60.936572146836724,0.17604991871116737,8.954307139040338,False,0.0,11.464341526994074,0.0,0.0,0.0,11.464341526994074
2295.5262216827573,2472.7878077045316,-54.473778317242704,-27.212192295468412,60.89249488797164,-2.678307807626723,8.733111249250214,False,0.0,11.575521466228983,0.0,0.0,0.0,11.575521466228983
2299.6027408806403,2474.9441476819284,-50.39725911935966,-25.05585231807163,56.2821415915288,-2.680214040634916,9.324007172668644,False,0.0,11.934237948352852,0.0,0.0,0.0,11.934237948352852
2299.321739404269,2466.0343324650726,-50.67826059573099,-33.965667534927434,61.00780825519012,-2.551132942859783,8.852268436457962,False,0.0,11.553362016635374,0.0,0.0,0.0,11.553362016635374
2351.4975311648445,2543.397517859347,1.4975311648445313,43.39751785934686,43.4233480508126,1.5363027136565985,1.8862872593117572,False,0.0,13.075912446837345,0.0,0.0,0.0,13.075912446837345
2336.7474051031554,2457.297991109422,-13.252594896844585,-42.70200889057787,44.711215984256825,-1.8717218438794636,4.058741533440298,False,0.0,12.951082079867543,0.0,0.0,0.0,12.951082079867543
2400.317925605123,2467.8921645985706,50.31792560512304,-32.107835401429384,59.68925138890568,-0.5679636629929594,8.696145977517517,False,0.0,11.517371118260431,0.0,0.0,0.0,11.517371118260431
2319.2101415175243,2553.303225440741,-30.789858482475665,53.30322544074079,61.55687798903803,2.094609325481061,9.377521346343201,False,0.0,11.535963795089813,0.0,0.0,0.0,11.535963795089813
2296.80622303747,2529.625946343831,-53.19377696253014,29.625946343830947,60.887392819096405,2.633433916479221,8.677920216051461,False,0.0,11.676421579781897,0.0,0.0,0.0,11.676421579781897
2395.183568486149,2516.456578299478,45.18356848614894,16.456578299478224,48.087148287971594,0.3492828443829294,4.076800596524663,False,0.0,12.553682200422012,0.0,0.0,0.0,12.553682200422012
2396.253084161663,2447.610323204031,46.25308416166308,-52.38967679596908,69.8858070658985,-0.8475283639499498,21.76847675602039,False,0.0,10.782814992516704,0.0,0.0,0.0,10.782814992516704
2421.86841425938,2519.5229101846776,71.86841425938019,19.522910184677585,74.47290104619847,0.2652472098280027,18.737614668039896,False,0.0,10.529793842651934,0.0,0.0,0.0,10.529793842651934
2406.4729321788313,2525.7939304186443,56.47293217883134,25.793930418644322,62.084772008252955,0.428451837895806,8.531236381762938,False,0.0,11.37884216075496,0.0,0.0,0.0,11.37884216075496
2400.8313250781557,2531.0282630830525,50.831325078155714,31.02826308305248,59.553141975484884,0.5480432708795142,8.203978765443935,False,0.0,11.560009963494942,0.0,0.0,0.0,11.560009963494942
2389.3042667912428,2506.2492672804906,39.30426679124275,6.249267280490585,39.79797393762901,0.15767731341494917,1.8481635997713965,False,0.0,13.426140882719128,0.0,0.0,0.0,13.426140882719128
2351.1847743911144,2539.7693787257354,1.184774391114388,39.76937872573535,39.787022690681596,1.541014013982333,1.7951965988768137,False,0.0,13.494212873637034,0.0,0.0,0.0,13.494212873637034
2374.4924409960945,2468.580378038186,24.4924409960945,-31.419621961813846,39.83807613540676,-0.9086642340210549,2.142977354413688,False,0.0,13.427745115291156,0.0,0.0,0.0,13.427745115291156
2389.7943144460464,2502.0266388119203,39.79431444604643,2.026638811920293,39.84588720438787,0.0508838871582306,1.9644258261578216,False,0.0,13.433122820686972,0.0,0.0,0.0,13.433122820686972
2332.564524799522,2464.1259410550606,-17.435475200477867,-35.87405894493941,39.88663812170018,-2.0231967297654827,1.9806700290296249,False,0.0,13.488577096614776,0.0,0.0,0.0,13.488577096614776
2344.844431631795,2539.468768296066,-5.1555683682049676,39.46876829606617,39.80406456642078,1.7006849109377464,1.8523914645403465,False,0.0,13.510300096376216,0.0,0.0,0.0,13.510300096376216
2313.764556917829,2483.600097068114,-36.23544308217106,-16.399902931886118,39.773912952292555,-2.716584593805107,1.7721358571388919,False,0.0,13.565057116932328,0.0,0.0,0.0,13.565057116932328
2357.4453791557135,2539.0923391354004,7.445379155713454,39.09233913540038,39.79503297962559,1.3825940925303188,1.7380305988369855,False,0.0,13.496186600414102,0.0,0.0,0.0,13.496186600414102
2385.324088624471,2518.2540663670634,35.32408862447119,18.254066367063388,39.76181806812472,0.4769653168499379,1.8659398540039547,False,0.0,13.471141870919908,0.0,0.0,0.0,13.471141870919908
2375.8514139181734,2462.275991939828,25.85141391817342,-37.724008060171855,45.73178747537255,-0.9700197249933671,3.823531358234053,False,0.0,12.782587387138523,0.0,0.0,0.0,12.782587387138523
2384.252513018704,2516.621202364323,34.25251301870412,16.621202364322926,38.07228672055658,0.4517821604243103,1.753650636369457,False,0.0,13.675794928060181,0.0,0.0,0.0,13.675794928060181
2327.271441312823,2469.504301049638,-22.728558687177156,-30.49569895036211,38.0338669407618,-2.211285052073916,1.6384973881918086,False,0.0,13.728063028854685,0.0,0.0,0.0,13.728063028854685
2379.9289134838814,2523.452258020941,29.928913483881388,23.452258020940917,38.022996575841375,0.6646598397435567,1.606024996148335,False,0.0,13.692163275867724,0.0,0.0,0.0,13.692163275867724
2386.9755958798573,2509.0333807995585,36.97559587985734,9.033380799558472,38.06306161280717,0.23961299900261226,1.7260615530240102,False,0.0,13.641722750657413,0.0,0.0,0.0,13.641722750657413
2314.1949702341967,2512.901784931159,-35.80502976580328,12.901784931159,38.05858918746122,2.7957410455144815,1.7126637583542106,False,0.0,13.797600370823929,0.0,0.0,0.0,13.797600370823929
2385.8050297658033,2512.901784931159,35.80502976580328,12.901784931159,38.05858918746122,0.34585160807531184,1.71266375835512,False,0.0,13.640614718725276,0.0,0.0,0.0,13.640614718725276
2361.9040646361677,2463.8919658147584,11.904064636167732,-36.10803418524165,38.01969078759898,-1.252338169310693,1.5961143188433198,False,0.0,13.696680918221105,0.0,0.0,0.0,13.696680918221105
2363.868513310384,2535.4417910029906,13.86851331038406,35.44179100299061,38.058589187461564,1.1978089378623542,1.7126637583553475,False,0.0,13.701192169809643,0.0,0.0,0.0,13.701192169809643
2317.7361407920066,2520.2086101162,-32.26385920799339,20.208610116199907,38.070257863873174,2.5820199818226146,1.7476000494098116,False,0.0,13.805526730900596,0.0,0.0,0.0,13.805526730900596
2313.564832917978,2510.99475728761,-36.43516708202196,10.9947572876099,38.05793068610415,2.8485199190416046,1.710692838286377,False,0.0,13.784904437089695,0.0,0.0,0.0,13.784904437089695
2321.354395890208,2525.092634309613,-28.645604109792203,25.092634309613004,38.0816350937156,2.422214634175041,1.7816690065983494,False,0.0,13.79934547287216,0.0,0.0,0.0,13.79934547287216
2356.0785625220155,2462.4443978796894,6.078562522015545,-37.555602120310596,38.04434482223514,-1.410332878468324,1.66997869542638,False,0.0,13.69640494159195,0.0,0.0,0.0,13.69640494159195
2345.954144506764,2462.1525732358436,-4.045855493236104,-37.84742676415635,38.06306161280681,-1.677290993018291,1.7260615530254881,False,0.0,13.70850480039401,0.0,0.0,0.0,13.70850480039401
2365.71863916533,2534.660214524704,15.718639165329932,34.66021452470386,38.05793068610453,1.1450300643352407,1.7106928382852402,False,0.0,13.704729726984551,0.0,0.0,0.0,13.704729726984551
2322.6892422541123,2473.505577093836,-27.310757745887713,-26.49442290616389,38.05038677576389,-2.371365375241282,1.6879059252623847,False,0.0,13.76612942248663,0.0,0.0,0.0,13.76612942248663
2387.371691925608,2492.910682243994,37.37169192560805,-7.089317756006039,38.03816220098153,-0.18747000178030226,1.6514231146338716,False,0.0,13.651327386208065,0.0,0.0,0.0,13.651327386208065
2330.7107104624743,2532.763664809466,-19.289289537525747,32.76366480946581,38.02018441051448,2.1028954885109696,1.597644565630162,False,0.0,13.772536997474731,0.0,0.0,0.0,13.772536997474731
2311.9646893271347,2498.9645256675612,-38.03531067286531,-1.0354743324387528,38.04940295293109,-3.114375349072044,1.6851364016665684,False,0.0,13.757804952729982,0.0,0.0,0.0,13.757804952729982
2371.028135227992,2531.721763934865,21.028135227992152,31.721763934865066,38.05854409072989,0.9854108146135925,1.7125260373795754,False,0.0,13.692459739720368,0.0,0.0,0.0,13.692459739720368
2358.056011854934,2537.2006002081325,8.056011854933786,37.20060020813253,38.062895092887295,1.3575334254843368,1.7255585921835745,False,0.0,13.701768417285445,0.0,0.0,0.0,13.701768417285445
2313.0244041201427,2509.0333807995585,-36.97559587985734,9.033380799558472,38.06306161280717,2.9019796545871808,1.7260615530240102,False,0.0,13.787041679369253,0.0,0.0,0.0,13.787041679369253
2332.4832195588706,2533.755061869189,-17.516780441129413,33.75506186918892,38.02948591311097,2.049479208278451,1.625491959214287,False,0.0,13.767785468919786,0.0,0.0,0.0,13.767785468919786
2369.308111334739,2532.803140470595,19.308111334738896,32.803140470594826,38.063751628659105,1.0387972115943283,1.728115200985485,False,0.0,13.700701139016832,0.0,0.0,0.0,13.700701139016832
2320.0527940413535,2523.5041450792505,-29.947205958646464,23.50414507925052,38.06941003793002,2.476156362431233,1.7450724954255747,False,0.0,13.807502441281697,0.0,0.0,0.0,13.807502441281697
2347.986422277969,2538.0168537474833,-2.0135777220311866,38.01685374748331,38.07014137221184,1.623712277693292,1.7472578177051616,False,0.0,13.705987164071514,0.0,0.0,0.0,13.705987164071514
2351.980190430011,2462.0069411854406,1.9801904300111346,-37.99305881455939,38.04462737661754,-1.5187236492081124,1.6707759372246471,False,0.0,13.6796255937028,0.0,0.0,0.0,13.6796255937028
2388.049681797224,2501.0028449442434,38.04968179722391,1.0028449442434066,38.062895092887864,0.026350097692055558,1.725558592184825,False,0.0,13.653790073349226,0.0,0.0,0.0,13.653790073349226
2387.7351103106944,2505.021885359165,37.73511031069438,5.021885359165026,38.067806381782354,0.13230513841011465,1.740233533087121,False,0.0,13.636434360651718,0.0,0.0,0.0,13.636434360651718
2365.762430726181,2465.391044380175,15.76243072618081,-34.60895561982488,38.02938379059878,-1.1434246511028483,1.6250924180938,False,0.0,13.674744738875944,0.0,0.0,0.0,13.674744738875944
2312.152395609944,2494.8917122982925,-37.84760439005595,-5.108287701707468,38.1907811036852,-3.0074334786475356,2.10849503686768,False,0.0,13.739976465526102,0.0,0.0,0.0,13.739976465526102
2381.1471089773236,2521.878168609257,31.14710897732357,21.878168609257045,38.06306161280712,0.6123443307844588,1.726061553024465,False,0.0,13.690568096990809,0.0,0.0,0.0,13.690568096990809
2382.228925264547,2479.8109197129,32.22892526454689,-20.18908028709984,38.03028512313196,-0.5596250668451914,1.6278863578536402,False,0.0,13.635105905552123,0.0,0.0,0.0,13.635105905552123
2371.004584181946,2468.3385424806734,21.00458418194603,-31.661457519326632,37.99526877000059,-0.9850504863463905,1.5230349241232943,False,0.0,13.67827371325015,0.0,0.0,0.0,13.67827371325015
2316.7038388168507,2481.556510367989,-33.29616118314925,-18.443489632010824,38.063061612807054,-2.6357429890287283,1.7260615530235555,False,0.0,13.75957379407434,0.0,0.0,0.0,13.75957379407434
2350.017895626174,2461.964724583401,0.01789562617386764,-38.03527541659878,38.03527962655145,-1.5703258260647892,1.6428472119459911,False,0.0,13.681711667169074,0.0,0.0,0.0,13.681711667169074
2312.583007262854,2492.92765295374,-37.41699273714585,-7.0723470462598925,38.07951467960649,-2.9547822256469747,1.775324060591629,False,0.0,13.746954460033512,0.0,0.0,0.0,13.746954460033512
2313.5559336649176,2489.0358060166977,-36.444066335082425,-10.964193983302266,38.05763419787638,-2.849356310033927,1.7097852949636945,False,0.0,13.766760468894374,0.0,0.0,0.0,13.766760468894374
2314.927162833269,2514.7930872153247,-35.072837166731006,14.793087215324704,38.06493578458042,2.742450936887768,1.7316717460726068,False,0.0,13.793189283801459,0.0,0.0,0.0,13.793189283801459
2374.3839236313256,2529.3525569515878,24.383923631325615,29.352556951587758,38.159511674738745,0.8775989523995092,2.0148559273134197,False,0.0,13.664506071070818,0.0,0.0,0.0,13.664506071070818
2386.4408022434823,2510.975742715617,36.44080224348227,10.975742715616889,38.057837514866755,0.2925516388222032,1.7104109487909227,False,0.0,13.639394257858285,0.0,0.0,0.0,13.639394257858285
2352.04054102695,2538.011308569429,2.0405410269499953,38.01130856942882,38.066039810348,1.517165332837484,1.7349722946284771,False,0.0,13.708215436557548,0.0,0.0,0.0,13.708215436557548
2315.769426980148,2516.6452554823572,-34.23057301985182,16.645255482357243,38.06306161280712,2.688990322140409,1.7260615530240102,False,0.0,13.788858015914952,0.0,0.0,0.0,13.788858015914952
2385.0780200678737,2514.7808388717735,35.078020067873695,14.78083887177354,38.064953561451794,0.3987923197129595,1.7317095310363584,False,0.0,13.660765636167318,0.0,0.0,0.0,13.660765636167318
2318.8515351971837,2521.870817097182,-31.148464802816306,21.870817097182226,38.05994613856784,2.529426858901339,1.7167294871878767,False,0.0,13.8114031526755,0.0,0.0,0.0,13.8114031526755
2381.116096817422,2478.0840813690097,31.116096817422203,-21.91591863099029,38.0594136921653,-0.613624338940832,1.7150433545539272,False,0.0,13.631601174808184,0.0,0.0,0.0,13.631601174808184
2336.135189151905,2535.4313913824258,-13.864810848095203,35.43139138242577,38.04755544247349,1.9437926971195136,1.6796195377366985,False,0.0,13.746027279418698,0.0,0.0,0.0,13.746027279418698
2313.0136062111683,2490.951068892323,-36.98639378883172,-9.048931107677163,38.07724359370065,-2.901650234673957,1.7685276849015281,False,0.0,13.762473703930588,0.0,0.0,0.0,13.762473703930588
2385.7758215669396,2487.077521828946,35.77582156693961,-12.922478171054081,38.03813679546976,-0.34662371362574634,1.6514013257919942,False,0.0,13.665129776108751,0.0,0.0,0.0,13.665129776108751
2312.0494145451758,2496.950720586253,-37.95058545482425,-3.049279413747172,38.07289116033901,-3.061416215713038,1.7554938484618106,False,0.0,13.756764170427946,0.0,0.0,0.0,13.756764170427946
2345.985609910798,2537.8591978595346,-4.014390089202152,37.85919785953456,38.07143535980317,1.6764363275546685,1.7510976811548744,False,0.0,13.711802673996214,0.0,0.0,0.0,13.711802673996214
2354.045855493235,2462.1525732358436,4.0458554932351944,-37.84742676415635,38.06306161280671,-1.464301660571526,1.7260615530238965,False,0.0,13.68297012735205,0.0,0.0,0.0,13.68297012735205
2382.254380432269,2520.1994428765975,32.254380432269045,20.19944287659746,38.057358678637485,0.5595007406520305,1.7089730669772507,False,0.0,13.695223059373419,0.0,0.0,0.0,13.695223059373419
2342.0156269931695,2462.804258250981,-7.984373006830538,-37.19574174901891,38.043046888648554,-1.7822458178185332,1.6659862114534008,False,0.0,13.710295350808455,0.0,0.0,0.0,13.710295350808455
2325.7064723139115,2529.302238342925,-24.29352768608851,29.302238342925193,38.06306161280703,2.263011657246885,1.7260615530253745,False,0.0,13.774454839191652,0.0,0.0,0.0,13.774454839191652
2369.3255099413914,2467.2392957192824,19.325509941391374,-32.76070428071762,38.036023444406574,-1.0378370666627652,1.645073963415598,False,0.0,13.674545615808649,0.0,0.0,0.0,13.674545615808649
2377.2496608297038,2526.5607210321687,27.24966082970377,26.560721032168658,38.052804326127905,0.7725957610753663,1.695328154476556,False,0.0,13.68072521582549,0.0,0.0,0.0,13.68072521582549
2341.99020056508,2537.1986084033815,-8.009799434919842,37.19860840338151,38.05119385953308,1.7828833399869317,1.6904735123570163,False,0.0,13.724023199160367,0.0,0.0,0.0,13.724023199160367
2358.045869827091,2462.797034552796,8.045869827090883,-37.20296544720395,38.06306161280701,-1.357806994348139,1.726061553023328,False,0.0,13.701472194271327,0.0,0.0,0.0,13.701472194271327
2378.7431236257507,2525.104129348912,28.74312362575074,25.10412934891201,38.162605599357285,0.7179208198780412,2.024128570250923,False,0.0,13.666286528797379,0.0,0.0,0.0,13.666286528797379
2314.9415776898486,2485.1991517355614,-35.0584223101514,-14.800848264438628,38.05467230477563,-2.742115813694675,1.700936334729704,False,0.0,13.766947739242545,0.0,0.0,0.0,13.766947739242545
2320.090277763476,2476.5286328636535,-29.909722236523976,-23.471367136346544,38.01968647313107,-2.476225856603764,1.5961584303036034,False,0.0,13.792777337684015,0.0,0.0,0.0,13.792777337684015
2314.120222571465,2487.0930166829016,-35.87977742853491,-12.906983317098366,38.13067854981155,-2.796277325857406,1.9285254961987448,False,0.0,13.74617330967911,0.0,0.0,0.0,13.74617330967911
2312.2736887257865,2505.0519399225927,-37.72631127421346,5.051939922592737,38.06306161280687,3.008474320810561,1.7260615530249197,False,0.0,13.772293729427712,0.0,0.0,0.0,13.772293729427712
2375.8342224863927,2527.9266449980337,25.83422248639272,27.92664499803368,38.043456103811586,0.8242994499334717,1.667285873734727,False,0.0,13.681919692357523,0.0,0.0,0.0,13.681919692357523
2372.695462786933,2530.576368841218,22.69546278693315,30.576368841218027,38.07884402955631,0.9322704703129533,1.773315724763961,False,0.0,13.679554626604395,0.0,0.0,0.0,13.679554626604395
2372.6696752179,2469.471234614554,22.66967521790002,-30.52876538544615,38.02525069535618,-0.9320688813709606,1.6128217951368242,False,0.0,13.665605663987593,0.0,0.0,0.0,13.665605663987593
2383.3439442893628,2481.5552594274163,33.34394428936275,-18.44474057258367,38.10547303947349,-0.5052707694958309,1.8530565392775316,False,0.0,13.633402591627055,0.0,0.0,0.0,13.633402591627055
2367.544003185277,2533.7793451058415,17.54400318527678,33.77934510584146,38.063581065692404,1.091772493188162,1.7276148855498832,False,0.0,13.704857570622455,0.0,0.0,0.0,13.704857570622455
2339.968315069617,2463.1900153877127,-10.031684930383108,-36.80998461228728,38.15245299714426,-1.8368612065497856,1.9937699592089757,False,0.0,13.682977992060103,0.0,0.0,0.0,13.682977992060103
2377.270537048885,2473.446008428003,27.270537048885217,-26.553991571996903,38.0630616128065,-0.7720863301195277,1.726061553024465,False,0.0,13.628117438222905,0.0,0.0,0.0,13.628117438222905
2332.4494077081304,2466.2246632948695,-17.550592291869634,-33.775336705130485,38.06306161280735,-2.0500223248001337,1.7260615530258292,False,0.0,13.716988257598905,0.0,0.0,0.0,13.716988257598905
2361.979574628028,2536.134724700591,11.979574628027876,36.13472470059105,38.0687343821146,1.250673904479106,1.7430271776070185,False,0.0,13.697247528769367,0.0,0.0,0.0,13.697247528769367
2338.013256265716,2463.879910727697,-11.986743734284119,-36.120089272303176,38.05710018367861,-1.8912185725499508,1.7081580474678049,False,0.0,13.689535980309326,0.0,0.0,0.0,13.689535980309326
2387.946400886913,2497.0030973880307,37.946400886913125,-2.99690261196929,38.06456049314046,-0.07881366323733183,1.7304866912918442,False,0.0,13.642418813792816,0.0,0.0,0.0,13.642418813792816
2322.9275806236324,2472.4524255014317,-27.072419376367634,-27.547574498568338,38.62362944680495,-2.3474954204409277,1.6714781631819733,False,0.0,13.687173258596992,0.0,0.0,0.0,13.687173258596992
2359.1347974173514,2462.479587374623,9.134797417351365,-37.52041262537705,38.61639402423021,-1.3319804097075694,1.6695839418898686,False,0.0,13.631442793119984,0.0,0.0,0.0,13.631442793119984
2388.582616772575,2502.018646148817,38.582616772574966,2.01864614881697,38.63538856144088,0.05227243237419433,1.7349762064095557,False,0.0,13.579048994191401,0.0,0.0,0.0,13.579048994191401
2333.0712667659513,2465.254943648904,-16.92873323404865,-34.74505635109608,38.649721211807275,-2.024173506180574,1.7238984643577169,False,0.0,13.6405702076511,0.0,0.0,0.0,13.6405702076511
2373.835191665816,2469.6228875661636,23.835191665816183,-30.377112433836373,38.611984170256385,-0.9054897446334986,1.7557738086361496,False,0.0,13.577426159015914,0.0,0.0,0.0,13.577426159015914
2386.6196615537447,2487.8558244809906,36.61966155374466,-12.144175519009423,38.58083217541209,-0.3202167019154262,1.7157600768032353,False,0.0,13.590540672171937,0.0,0.0,0.0,13.590540672171937
2376.993606951884,2472.306455475222,26.993606951883976,-27.69354452477819,38.6728228167879,-0.7981964046325151,1.785830338292044,False,0.0,13.555365030623298,0.0,0.0,0.0,13.555365030623298
2384.290187374088,2517.7718104287637,34.290187374087964,17.77181042876373,38.62193931000846,0.4781619546532419,1.809200597607969,False,0.0,13.60921886754671,0.0,0.0,0.0,13.60921886754671
2316.604901364318,2480.3582415220017,-33.39509863568219,-19.641758477998337,38.7431450581256,-2.609922362523047,1.8672178861921367,False,0.0,13.67855631911725,0.0,0.0,0.0,13.67855631911725
2312.246480492789,2508.190890373047,-37.75351950721097,8.190890373046841,38.631838168596516,2.927946712123595,1.7075962605044879,False,0.0,13.714200733216897,0.0,0.0,0.0,13.714200733216897
2344.935177501106,2538.3086045710243,-5.064822498894046,38.30860457102426,38.64196696759113,1.702245059967322,1.7895536192481813,False,0.0,13.645335007405901,0.0,0.0,0.0,13.645335007405901
2357.2013665004256,2537.9724392364283,7.201366500425593,37.97243923642827,38.64926675937966,1.3833749170374416,1.7493484216602155,False,0.0,13.630349889308796,0.0,0.0,0.0,13.630349889308796
2324.579333151368,2529.0877619865496,-25.42066684863221,29.087761986549594,38.63040512880118,2.2890199680857046,1.7094244516938488,False,0.0,13.710422874387998,0.0,0.0,0.0,13.710422874387998
2388.5909803466498,2498.007624538797,38.59098034664976,-1.9923754612032099,38.642377309036156,-0.05158221106934967,1.7471663856381383,False,0.0,13.57495895513913,0.0,0.0,0.0,13.57495895513913
2351.066114360652,2538.6230151654604,1.0661143606521364,38.6230151654604,38.637726386284335,1.5432002493905572,1.7603544424546271,False,0.0,13.634461011774247,0.0,0.0,0.0,13.634461011774247
2346.930491128468,2461.386468615921,-3.06950887153198,-38.613531384079124,38.735341623144066,-1.650122604456218,1.9882964243556671,False,0.0,13.620127433061944,0.0,0.0,0.0,13.620127433061944
2361.2125061155284,2536.995817369316,11.212506115528413,36.99581736931577,38.65760980990067,1.2765208549698064,1.7991130492409866,False,0.0,13.626240094808853,0.0,0.0,0.0,13.626240094808853
2384.3662982145865,2482.2254992757757,34.36629821458655,-17.774500724224254,38.69076542237622,-0.4773185052861739,1.9550993177872442,False,0.0,13.562256997499045,0.0,0.0,0.0,13.562256997499045
2314.8205784588204,2484.053116231437,-35.179421541179636,-15.946883768563112,38.625054069866046,-2.715996610584705,1.69996170707509,False,0.0,13.701001285251047,0.0,0.0,0.0,13.701001285251047
2388.1606485480556,2506.096125307415,38.16064854805563,6.09612530741515,38.644505966203376,0.15841051430508032,1.819911168182898,False,0.0,13.560960513642982,0.0,0.0,0.0,13.560960513642982
2410.3038742404374,2513.3553975218315,60.30387424043738,13.355397521831492,61.76507015597594,0.217950403718984,9.713648213053602,False,0.0,11.405363145196208,0.0,0.0,0.0,11.405363145196208
2297.996640434927,2468.2644649819035,-52.00335956507297,-31.73553501809647,60.92202876578466,-2.5936636642783037,8.663097516636299,False,0.0,11.565913224698349,0.0,0.0,0.0,11.565913224698349
2298.121625452621,2472.7148168481303,-51.878374547378826,-27.28518315186966,58.61609817540908,-2.6574049539478586,8.726433749869102,False,0.0,11.74919209174903,0.0,0.0,0.0,11.74919209174903
2381.052388958428,2463.5614826621295,31.052388958427855,-36.43851733787051,47.87500815464977,-0.8650346306110364,3.889495562069442,False,0.0,12.558598008629222,0.0,0.0,0.0,12.558598008629222
2337.7665305030146,2455.843935950385,-12.233469496985435,-44.156064049615,45.819382015555114,-1.8410680777418127,4.071880056028931,False,0.0,12.83868429898008,0.0,0.0,0.0,12.83868429898008
2397.810904055973,2467.193172465361,47.81090405597297,-32.80682753463907,57.984226126913214,-0.6013896207026392,8.703450729502947,False,0.0,11.653528230253215,0.0,0.0,0.0,11.653528230253215
2303.0795834129726,2499.054999636133,-46.920416587027375,-0.945000363867166,46.92993200919753,-3.121454882291143,3.6732282805078285,False,0.0,12.810529559752828,0.0,0.0,0.0,12.810529559752828
2305.541479080059,2500.8234166780026,-44.45852091994084,0.8234166780025589,44.46614552009686,3.123073761626229,4.088555143356643,False,0.0,13.0474861961279,0.0,0.0,0.0,13.0474861961279
2321.7094692863147,2554.558739896877,-28.290530713685257,54.55873989687689,61.457385456892275,2.049160512539536,8.78894513213163,False,0.0,11.526857742728872,0.0,0.0,0.0,11.526857742728872
2393.889500710251,2539.9155778902423,43.88950071025101,39.915577890242275,59.32572486625951,0.7380150166146414,8.632025852082734,False,0.0,11.578240366676415,0.0,0.0,0.0,11.578240366676415
2329.225129621796,2535.41381058486,-20.774870378204014,35.41381058486013,41.05768161223342,2.101328335952619,1.4683802629710954,False,0.0,13.394875356920595,0.0,0.0,0.0,13.394875356920595
2323.7331069405723,2457.708217900689,-26.26689305942773,-42.29178209931115,49.78498271699035,-2.1265771395353403,3.8728760945837166,False,0.0,12.470096035474644,0.0,0.0,0.0,12.470096035474644
2298.6641553204613,2531.3782810219186,-51.335844679538695,31.37828102191861,60.16614886173303,2.59295282697441,8.148194675308332,False,0.0,11.715475774262702,0.0,0.0,0.0,11.715475774262702
2395.634861172171,2518.057837501339,45.634861172170986,18.05783750133878,49.077755138433915,0.37679632221137876,4.052081998747781,False,0.0,12.468965849224665,0.0,0.0,0.0,12.468965849224665
2394.6436778813472,2520.9387976207395,44.64367788134723,20.93879762073948,49.31015332135743,0.4385582618992255,4.1429159362987775,False,0.0,12.43861157831187,0.0,0.0,0.0,12.43861157831187
2400.099673986893,2448.609534052294,50.09967398689287,-51.39046594770616,71.77017015386892,-0.7981158753831855,21.424516239342665,False,0.0,10.653531204095529,0.0,0.0,0.0,10.653531204095529
2404.00315029566,2525.1531390837818,54.00315029565991,25.153139083781753,59.57365732959243,0.43589198939835844,8.405117633229565,False,0.0,11.565376985515094,0.0,0.0,0.0,11.565376985515094
2402.7768471795885,2529.381822019907,52.77684717958846,29.38182201990685,60.4043629502631,0.5079863665627876,8.376383057899602,False,0.0,11.498961119695695,0.0,0.0,0.0,11.498961119695695
2408.563326459027,2543.8658684107904,58.56332645902694,43.865868410790426,73.17019623712476,0.6428819885502407,19.155071012512963,False,0.0,10.56376342882756,0.0,0.0,0.0,10.56376342882756
2377.233320375912,2461.170308007762,27.23332037591217,-38.82969199223817,47.42782641982613,-0.9591628960077954,4.452810004271669,False,0.0,12.614131769994874,0.0,0.0,0.0,12.614131769994874
2379.278708283255,2463.3558311018073,29.278708283255128,-36.644168898192675,46.90456132376918,-0.8966651494692297,4.122578266131313,False,0.0,12.65558500092737,0.0,0.0,0.0,12.65558500092737
2338.7091511946783,2538.3417233332825,-11.29084880532173,38.341723333282516,39.96962615425138,1.8571807138098264,2.0757217866848805,False,0.0,13.497670774956388,0.0,0.0,0.0,13.497670774956388
2337.2962653819477,2450.953976993757,-12.703734618052295,-49.046023006243104,50.66455611149503,-1.8242430429071386,5.227713790368398,False,0.0,12.368749595576006,0.0,0.0,0.0,12.368749595576006
2296.0556516083598,2537.4337829346823,-53.94434839164023,37.43378293468231,65.66034441121651,2.5349498744982064,12.91709693597295,False,0.0,11.285195708446096,0.0,0.0,0.0,11.285195708446096
2403.1704707679146,2493.168626968403,53.170470767914594,-6.831373031597195,53.60752390456487,-0.12778054832947272,5.594685995660257,False,0.0,12.046976318350822,0.0,0.0,0.0,12.046976318350822
2373.227587270471,2541.9934743592044,23.22758727047085,41.993474359204356,47.98929775652581,1.0655580207093855,4.058642836731451,False,0.0,12.60633777078354,0.0,0.0,0.0,12.60633777078354
2290.8683577471434,2532.3735799467236,-59.131642252856636,32.37357994672357,67.41364694249023,2.640683790135647,13.371826178523406,False,0.0,11.17719603377419,0.0,0.0,0.0,11.17719603377419
2304.3705913187046,2484.328141685989,-45.629408681295445,-15.671858314010933,48.24572602437561,-2.8107563142514413,3.9070292076280566,False,0.0,12.675285558253062,0.0,0.0,0.0,12.675285558253062
2304.675207335593,2481.3365044330467,-45.32479266440714,-18.663495566953316,49.016965398208626,-2.7509790894644386,4.300837423946177,False,0.0,12.594309064647769,0.0,0.0,0.0,12.594309064647769
2321.9547760323385,2457.6247649367324,-28.045223967661514,-42.37523506326761,50.815304132352495,-2.155443353306593,4.130792286063297,False,0.0,12.375842386562773,0.0,0.0,0.0,12.375842386562773
2322.682975525013,2529.6623890946416,-27.317024474987193,29.66238909464164,40.32464696645173,2.3150560991354032,1.9111914240634178,False,0.0,13.50380548727827,0.0,0.0,0.0,13.50380548727827
2372.8834235737,2465.9854128975007,22.88342357369993,-34.01458710249926,40.99564867405899,-0.9785917727435794,1.5503636738887963,False,0.0,13.305968693365918,0.0,0.0,0.0,13.305968693365918
2408.170254512389,2517.436323367956,58.170254512388965,17.436323367955993,60.72729108587042,0.29122410177213404,8.967932790159765,False,0.0,11.509353410811293,0.0,0.0,0.0,11.509353410811293
2319.3489445858067,2535.426330077629,-30.65105541419325,35.42633007762879,46.845619440594994,2.2840519956981704,3.6770689834802397,False,0.0,12.803052001900163,0.0,0.0,0.0,12.803052001900163
2348.870156302226,2444.0680434782284,-1.1298436977740494,-55.93195652177155,55.94336696280215,-1.5909939048323616,7.9441864478149,False,0.0,11.87774057595888,0.0,0.0,0.0,11.87774057595888
2360.743131580949,2459.9969128723023,10.743131580949012,-40.003087127697654,41.42054871572507,-1.3084294081515768,1.9682534949597539,False,0.0,13.291976778843377,0.0,0.0,0.0,13.291976778843377
2404.181333578383,2539.3756727807454,54.181333578383146,39.37567278074539,66.97805995449825,0.6284469252651723,15.657272279020617,False,0.0,10.987406910807417,0.0,0.0,0.0,10.987406910807417
2408.033861599149,2514.854315902755,58.03386159914908,14.854315902754934,59.90475601359234,0.2505796545715233,9.165976682690598,False,0.0,11.558312463935666,0.0,0.0,0.0,11.558312463935666
2299.3495089198655,2470.467336103687,-50.65049108013454,-29.532663896312897,58.63148031110397,-2.6137164420645047,8.506290116745731,False,0.0,11.7429341644543,0.0,0.0,0.0,11.7429341644543
2332.886421743134,2572.289261959438,-17.11357825686582,72.28926195943814,74.28736067053492,1.8032542053559284,19.00697017331231,False,0.0,10.650869800558132,0.0,0.0,0.0,10.650869800558132
2386.822849589009,2448.8424076645797,36.82284958900891,-51.157592335420304,63.03190862897797,-0.946909966059774,7.648437263327651,False,0.0,11.292602824796035,0.0,0.0,0.0,11.292602824796035
2352.3520333586625,2456.1761786205866,2.3520333586625384,-43.8238213794134,43.88689304581714,-1.517177567793814,2.613018922344054,False,0.0,13.023848196454228,0.0,0.0,0.0,13.023848196454228
2327.407496257756,2442.3629690383596,-22.592503742243935,-57.63703096164045,61.90677316268718,-1.9443689514919757,10.843930356885721,False,0.0,11.424564041406938,0.0,0.0,0.0,11.424564041406938
2381.7732807669977,2534.477347165847,31.773280766997686,34.47734716584682,46.88527314938872,0.8261912304862088,3.919796230852171,False,0.0,12.711389966170277,0.0,0.0,0.0,12.711389966170277
2308.2821554459856,2520.9038123904757,-41.71784455401439,20.90381239047565,46.66206089200424,2.67708458231449,3.523537194712844,False,0.0,12.857300483697287,0.0,0.0,0.0,12.857300483697287
2339.466229286501,2455.949089673622,-10.533770713499052,-44.050910326378016,45.29285844398836,-1.8055158766676827,3.950556793109172,False,0.0,12.895139275948889,0.0,0.0,0.0,12.895139275948889
2395.911900350266,2468.9448428547316,45.91190035026602,-31.055157145268367,55.42856104112816,-0.5947160252614825,8.514339541188747,False,0.0,11.866748892524665,0.0,0.0,0.0,11.866748892524665
2304.906709358185,2499.244609678368,-45.0932906418152,-0.7553903216321487,45.09961724277972,-3.1248424971140087,3.9707060523892324,False,0.0,12.990801884652951,0.0,0.0,0.0,12.990801884652951
2323.9425718554744,2553.2246839529876,-26.057428144525602,53.22468395298756,59.26091919133998,2.0260685033936503,8.635443078902426,False,0.0,11.697023995204903,0.0,0.0,0.0,11.697023995204903
2391.4755050971903,2539.3251296406884,41.47550509719031,39.325129640688374,57.15490656386385,0.75879109531264,7.982442454877855,False,0.0,11.756263112608927,0.0,0.0,0.0,11.756263112608927
2340.9112012452997,2537.5449872932218,-9.088798754700292,37.544987293221766,38.62942315970594,1.8083047852638243,1.7384110826551478,False,0.0,13.652091797656807,0.0,0.0,0.0,13.652091797656807
2309.37882053266,2503.9349133191704,-40.62117946733997,3.9349133191703913,40.81131906894492,3.0450254332747058,1.7727713935696556,False,0.0,13.443185082951532,0.0,0.0,0.0,13.443185082951532
2305.4121655797794,2482.8999412676417,-44.58783442022059,-17.10005873235832,47.75444468251214,-2.775378627224647,4.09987783977067,False,0.0,12.712626713640601,0.0,0.0,0.0,12.712626713640601
2329.374691457619,2440.5302287563336,-20.625308542380935,-59.4697712436664,62.94487305764007,-1.9046354170900022,10.074387765534993,False,0.0,11.341791653956822,0.0,0.0,0.0,11.341791653956822
2301.0758864061104,2530.757452451381,-48.924113593889615,30.75745245138114,57.78918386901468,2.58035375526802,7.532090041521769,False,0.0,11.893703349657226,0.0,0.0,0.0,11.893703349657226
2391.4177245489223,2519.702865237748,41.41772454892225,19.70286523774803,45.86535517563618,0.4440282508310307,3.309745181721155,False,0.0,12.778690407453311,0.0,0.0,0.0,12.778690407453311
2394.2786789431843,2519.2115832388795,44.27867894318433,19.211583238879484,48.26682441903539,0.4093670304119304,3.766707478266653,False,0.0,12.540452430494813,0.0,0.0,0.0,12.540452430494813
2401.142412706513,2452.217508374528,51.142412706512914,-47.782491625472176,69.99080570604694,-0.7514468543668787,18.337905706073798,False,0.0,10.75843518366348,0.0,0.0,0.0,10.75843518366348
2402.1689995432175,2526.9462616198316,52.168999543217524,26.946261619831603,58.71716553636288,0.4767750370828445,8.358053287607618,False,0.0,11.630675023514069,0.0,0.0,0.0,11.630675023514069
2413.92471332141,2538.2764078316227,63.924713321409854,38.27640783162269,74.50806915842834,0.539516984028108,19.290837181122697,False,0.0,10.481545731833336,0.0,0.0,0.0,10.481545731833336
2407.5508158832627,2539.9828207666183,57.55081588326266,39.98282076661826,70.0765464708751,0.6071866451398251,18.982892267680654,False,0.0,10.775183386441928,0.0,0.0,0.0,10.775183386441928
2338.3536818701964,2458.9982510603645,-11.646318129803603,-41.00174893963549,42.62370399307751,-1.8475514706401521,1.8888266366593598,False,0.0,13.178611737200127,0.0,0.0,0.0,13.178611737200127
2311.9121775234094,2500.958262765616,-38.087822476590645,0.9582627656159275,38.099875177436594,3.1164386649975127,1.8361879079484424,False,0.0,13.761100540531269,0.0,0.0,0.0,13.761100540531269
2308.8712275305147,2475.777252264819,-41.128772469485284,-24.2227477351812,47.73172354617961,-2.6093385481400824,3.9999641423164576,False,0.0,12.701870432310606,0.0,0.0,0.0,12.701870432310606
2351.5724024833576,2542.1063571734226,1.572402483357564,42.106357173422566,42.13570652054506,1.533470082686102,1.5248872717929771,False,0.0,13.224108403164722,0.0,0.0,0.0,13.224108403164722
2342.7624089512956,2549.7568370192807,-7.237591048704417,49.75683701928074,50.28046891539052,1.7152424896754612,3.781230741160698,False,0.0,12.417078379713438,0.0,0.0,0.0,12.417078379713438
2306.9782009776677,2455.3124114305165,-43.02179902233229,-44.68758856948352,62.03108707151105,-2.337204626599854,8.050422228010575,False,0.0,11.459957901686089,0.0,0.0,0.0,11.459957901686089
2388.540738995532,2456.2371687277832,38.54073899553214,-43.76283127221677,58.31444043530081,-0.8487623825422377,7.6926970509471175,False,0.0,11.64190631636446,0.0,0.0,0.0,11.64190631636446
2398.397409235014,2530.1707429210987,48.39740923501404,30.170742921098736,57.03142071763995,0.5574449204576114,7.716926966815663,False,0.0,11.769000552261097,0.0,0.0,0.0,11.769000552261097
2287.5262280867105,2474.219272042092,-62.47377191328951,-25.780727957907857,67.5841557697762,-2.7502162280678646,11.414933869724791,False,0.0,11.103271779447981,0.0,0.0,0.0,11.103271779447981
2335.1779964761267,2454.020074968143,-14.822003523873263,-45.979925031856965,48.30988816377966,-1.8826369095067172,4.200110211897481,False,0.0,12.600008746233742,0.0,0.0,0.0,12.600008746233742
2352.698463299899,2545.546342194862,2.6984632998987763,45.54634219486206,45.62620947999486,1.5116189601057617,3.730779694771627,False,0.0,12.838599579582269,0.0,0.0,0.0,12.838599579582269
2390.110605257541,2494.0528625375673,40.11060525754101,-5.947137462432693,40.54909491127203,-0.147196076214816,1.5844130528914775,False,0.0,13.344567056154657,0.0,0.0,0.0,13.344567056154657
2312.010788815676,2485.9160587001165,-37.989211184324176,-14.083941299883463,40.51589279462745,-2.786566137624798,1.4092132174216658,False,0.0,13.476470436509302,0.0,0.0,0.0,13.476470436509302
2329.55151352916,2571.163134174349,-20.44848647084018,71.16313417434912,74.04277320889966,1.850604478623176,18.26501855983406,False,0.0,10.676434492778508,0.0,0.0,0.0,10.676434492778508
2405.959561802843,2481.0542125561938,55.95956180284293,-18.94578744380624,59.07973780436134,-0.32644905056131623,8.030316679860334,False,0.0,11.582248012015102,0.0,0.0,0.0,11.582248012015102
2307.986940953852,2457.590763794432,-42.0130590461481,-42.40923620556805,59.69623477200878,-2.3515017221265104,8.522616564008786,False,0.0,11.636794097279555,0.0,0.0,0.0,11.636794097279555
2398.6877734690693,2490.7845307232146,48.68777346906927,-9.21546927678537,49.55223667370405,-0.18706391766268565,3.85607450340558,False,0.0,12.402174234057615,0.0,0.0,0.0,12.402174234057615
2387.328798890993,2451.3461986461725,37.32879889099286,-48.653801353827475,61.32398888544265,-0.9163570567995604,7.197451926635949,False,0.0,11.425020721129542,0.0,0.0,0.0,11.425020721129542
2347.7650890260816,2447.922271320775,-2.2349109739184314,-52.07772867922495,52.125662119999106,-1.6136849193028928,6.721307407824497,False,0.0,12.215864579131885,0.0,0.0,0.0,12.215864579131885
2321.800698345733,2466.770692207291,-28.199301654266947,-33.22930779270882,43.58196312892435,-2.274492996191661,2.4734706831568474,False,0.0,13.102818747595972,0.0,0.0,0.0,13.102818747595972
2284.3675281852443,2491.052976499438,-65.63247181475572,-8.947023500561954,66.23949415593624,-3.00610770567519,9.459511409113475,False,0.0,11.211895987302546,0.0,0.0,0.0,11.211895987302546
2380.6185773636366,2549.9703392714905,30.618577363636632,49.9703392714905,58.604881082388246,1.0210654192213806,9.679739078937928,False,0.0,11.680184353588908,0.0,0.0,0.0,11.680184353588908
2314.156480669771,2474.4174217736513,-35.8435193302289,-25.582578226348687,44.036645951794995,-2.521711548293318,2.159916390415219,False,0.0,13.080672005529907,0.0,0.0,0.0,13.080672005529907
2369.818432255308,2559.049805771362,19.818432255307926,59.04980577136212,62.28683503513258,1.246987109410301,7.7914859712873294,False,0.0,11.39737608707698,0.0,0.0,0.0,11.39737608707698
2367.4125042541177,2558.1614811222635,17.41250425411772,58.16148112226347,60.712051445615614,1.2799065426023872,7.535643864322083,False,0.0,11.517924632437763,0.0,0.0,0.0,11.517924632437763
2403.3835238162787,2514.9460020183965,53.38352381627874,14.946002018396484,55.436302107708364,0.27298465082790346,8.422715946238895,False,0.0,11.922575339828732,0.0,0.0,0.0,11.922575339828732
2338.7864842157464,2449.486831294555,-11.213515784253559,-50.51316870544497,51.74285601808668,-1.7892458065173462,5.849946216121225,False,0.0,12.252487640732332,0.0,0.0,0.0,12.252487640732332
2396.2684646653156,2477.7050881830446,46.268464665315605,-22.29491181695539,51.35984730712676,-0.4490303960528787,3.618039047349157,False,0.0,12.237281880467174,0.0,0.0,0.0,12.237281880467174
2350.1032832352616,2458.5466425710333,0.1032832352616424,-41.45335742896668,41.45348609659209,-1.568304778994031,1.2969946459306811,False,0.0,13.291535145201516,0.0,0.0,0.0,13.291535145201516
2328.865036435123,2468.3288223238133,-21.134963564877125,-31.671177676186744,38.07558509445749,-2.159254450168818,1.763139735704499,False,0.0,13.706460819570788,0.0,0.0,0.0,13.706460819570788
2275.744876294015,2493.7894880384397,-74.25512370598517,-6.210511961560314,74.51438690223415,-3.0581493730187073,16.995252363414693,False,0.0,10.69795271059765,0.0,0.0,0.0,10.69795271059765
2338.0478558235372,2452.69640583386,-11.952144176462753,-47.3035941661401,48.7902015926337,-1.8182852559287201,4.73851013087824,False,0.0,12.543767472747353,0.0,0.0,0.0,12.543767472747353
2312.174758891393,2487.7019267212504,-37.82524110860686,-12.298073278749598,39.77425638894758,-2.827244310886112,1.5301770516070974,False,0.0,13.557960244679625,0.0,0.0,0.0,13.557960244679625
2387.8085740224847,2494.932780210309,37.80857402248466,-5.06721978969108,38.14662483117922,-0.13322912415118565,1.9763167020682886,False,0.0,13.629549050786068,0.0,0.0,0.0,13.629549050786068
2345.139532255547,2425.8211707180335,-4.860467744453217,-74.1788292819665,74.33789652887685,-1.6362264469589973,19.03277086457274,False,0.0,10.604533254873806,0.0,0.0,0.0,10.604533254873806
2324.68898312351,2456.360527342956,-25.311016876490157,-43.639472657043825,50.448499968847884,-2.096382224868013,3.510538595095568,False,0.0,12.406216415078987,0.0,0.0,0.0,12.406216415078987
2332.5820701685852,2430.403536759506,-17.417929831414767,-69.5964632404939,71.74295766970796,-1.8160294020960435,16.83432182519391,False,0.0,10.749370099256392,0.0,0.0,0.0,10.749370099256392
2379.7170942791167,2537.234792164126,29.717094279116736,37.23479216412579,47.639641475346515,0.8972148862483986,3.86011563799093,False,0.0,12.643100510288914,0.0,0.0,0.0,12.643100510288914
2344.376409495775,2550.4322503719573,-5.6235905042249215,50.43225037195725,50.74481892507836,1.6818454059275019,3.5463356944092084,False,0.0,12.38012109202078,0.0,0.0,0.0,12.38012109202078
2307.858608948088,2477.1955505987858,-42.141391051911796,-22.804449401214242,47.91596552593605,-2.645576137534641,3.7214503447612515,False,0.0,12.688875046992015,0.0,0.0,0.0,12.688875046992015
2387.709720869265,2491.7638255895326,37.709720869264856,-8.236174410467356,38.598673772002925,-0.2150330583430664,1.7023609716795818,False,0.0,13.581960738483374,0.0,0.0,0.0,13.581960738483374
2316.5051748006667,2533.7207029938413,-33.49482519933326,33.720702993841314,47.52882415474581,2.3528340026635073,3.650015879798957,False,0.0,12.741985615992611,0.0,0.0,0.0,12.741985615992611
2310.3380311472574,2512.1621790087115,-39.661968852742575,12.162179008711519,41.48482097726668,2.8440499364669196,1.4887247543838384,False,0.0,13.3944864470147,0.0,0.0,0.0,13.3944864470147
2367.068399212831,2537.8251149755015,17.068399212831082,37.82511497550149,41.4978261430461,1.1469074257992296,1.7319779658794232,False,0.0,13.288923348143978,0.0,0.0,0.0,13.288923348143978
2315.97850790578,2523.8421513021626,-34.021492094219866,23.84215130216262,41.54407422283327,2.5303321536029237,1.5917671229799453,False,0.0,13.40034721979826,0.0,0.0,0.0,13.40034721979826
2387.8331812519336,2486.4623969229146,37.83318125193364,-13.53760307708535,40.18228839568963,-0.34362749819239086,1.487879849511046,False,0.0,13.392328352045675,0.0,0.0,0.0,13.392328352045675
2339.709771019097,2563.4948075274065,-10.290228980903066,63.494807527406465,64.32324148720905,1.7314635186176137,9.297028483515533,False,0.0,11.304182318021525,0.0,0.0,0.0,11.304182318021525
2310.1332381892876,2513.2684751386982,-39.86676181071243,13.26847513869825,42.01679580570528,2.820303730580372,1.4105979079790814,False,0.0,13.33947009756682,0.0,0.0,0.0,13.33947009756682
2366.371146343975,2538.761452520955,16.371146343974942,38.76145252095512,42.07688954937261,1.1711669877957858,1.7077572495800268,False,0.0,13.218310427184862,0.0,0.0,0.0,13.218310427184862
2335.200062109028,2431.9538678138592,-14.79993789097216,-68.04613218614077,69.63701793637043,-1.7849594535190125,11.821049953670808,False,0.0,10.874645394037215,0.0,0.0,0.0,10.874645394037215
2336.9464072305323,2454.165856477303,-13.053592769467741,-45.834143522697104,47.65674135576516,-1.8482510778642878,4.360068128332841,False,0.0,12.654179780626997,0.0,0.0,0.0,12.654179780626997
2388.0485043154113,2526.991188938385,38.048504315411265,26.99118893838522,46.64989775923928,0.6169995255467448,3.9445897207892813,False,0.0,12.72181834328743,0.0,0.0,0.0,12.72181834328743
2405.7634335006733,2513.68193940946,55.76343350067327,13.681939409460028,57.417383968517285,0.24060387144169587,8.04901043999962,False,0.0,11.756755376530819,0.0,0.0,0.0,11.756755376530819
2301.8433308150807,2470.4661788665358,-48.15666918491934,-29.533821133464244,56.49169299754805,-2.5914611160976646,7.884813341110203,False,0.0,11.909297665498556,0.0,0.0,0.0,11.909297665498556
2348.7745380356096,2427.1120908113567,-1.2254619643904334,-72.88790918864333,72.89821028611118,-1.5876077092054377,19.668695427661078,False,0.0,10.674533341017012,0.0,0.0,0.0,10.674533341017012
2330.7430732022403,2553.753981932205,-19.25692679775966,53.75398193220508,57.099210180720576,1.9147946144125032,8.55433457131494,False,0.0,11.844366352319271,0.0,0.0,0.0,11.844366352319271
2306.459097272717,2459.7122374297255,-43.54090272728308,-40.28776257027448,59.32043512336652,-2.3949820404910036,8.565460894738862,False,0.0,11.668636772121637,0.0,0.0,0.0,11.668636772121637
2398.214807013918,2489.1051616475297,48.214807013917834,-10.894838352470288,49.43040681721928,-0.22223234839110492,3.820459168481648,False,0.0,12.411812998166528,0.0,0.0,0.0,12.411812998166528
2384.197594571952,2520.143260138128,34.19759457195187,20.14326013812797,39.68912197945285,0.5323110389532475,1.7133733933669646,False,0.0,13.485539638336409,0.0,0.0,0.0,13.485539638336409
2383.05404209579,2558.85454490158,33.05404209579001,58.854544901580084,67.50131224237322,1.0590736335368707,12.83992786905219,False,0.0,11.009652838763719,0.0,0.0,0.0,11.009652838763719
2396.948099168023,2499.963631380844,46.948099168022964,-0.03636861915583722,46.94811325460245,-0.0007746556841597521,3.513326445466191,False,0.0,12.673678911331532,0.0,0.0,0.0,12.673678911331532
2367.403921387308,2543.116477307394,17.403921387307946,43.11647730739378,46.49652777417469,1.1871482546740555,3.408358515272994,False,0.0,12.741083107799138,0.0,0.0,0.0,12.741083107799138
2364.502812845827,2543.5010787892934,14.502812845827066,43.50107878929339,45.854939060840515,1.2489950176316678,3.7678147441829424,False,0.0,12.801964941542666,0.0,0.0,0.0,12.801964941542666
2403.348088873911,2522.672167433829,53.34808887391091,22.672167433829145,57.96590172373997,0.40185841670696987,8.665934943009233,False,0.0,11.68851676486767,0.0,0.0,0.0,11.68851676486767
2396.6076402709336,2471.3732263051256,46.60764027093364,-28.626773694874373,54.69702280565467,-0.550800925252485,8.756490284892152,False,0.0,11.941464096076233,0.0,0.0,0.0,11.941464096076233
2384.1216254946467,2466.885432162736,34.12162549464665,-33.114567837264076,47.5485008117573,-0.7704213732107,3.812521494795874,False,0.0,12.574129490611469,0.0,0.0,0.0,12.574129490611469
2321.7745670618997,2547.3875355180894,-28.22543293810031,47.38753551808941,55.15662777057154,2.107996320569492,7.131040944381311,False,0.0,12.040345043883917,0.0,0.0,0.0,12.040345043883917
2357.7945314667018,2541.218510696672,7.794531466701756,41.21851069667218,41.9490207851993,1.3839005632799457,1.5448361395901884,False,0.0,13.237353969731416,0.0,0.0,0.0,13.237353969731416
2330.040971377313,2466.9009620179954,-19.95902862268713,-33.099037982004575,38.65112079740283,-2.1134256301791896,1.471332630492725,False,0.0,13.639495052924891,0.0,0.0,0.0,13.639495052924891
2399.7211296074033,2474.6616114441736,49.72112960740333,-25.33838855582644,55.80523867919782,-0.4713060787848106,8.473446767920905,False,0.0,11.84305359252778,0.0,0.0,0.0,11.84305359252778
2317.918313597686,2532.9422794980014,-32.08168640231406,32.942279498001426,45.9829140109766,2.3429602489355124,3.329089386150315,False,0.0,12.889197006683768,0.0,0.0,0.0,12.889197006683768
2390.7317093973775,2528.2817487588413,40.73170939737747,28.28174875884133,49.58759384453566,0.6069187486917048,3.600404097032879,False,0.0,12.440597051474546,0.0,0.0,0.0,12.440597051474546
2345.9657327915575,2553.1972035883305,-4.034267208442543,53.19720358833047,53.34995577812033,1.6464875224919115,4.791190264053512,False,0.0,12.148322071860216,0.0,0.0,0.0,12.148322071860216
2338.9204881637265,2543.596795124531,-11.079511836273468,43.59679512453113,44.9826202845106,1.8196638207174545,2.3094494651109017,False,0.0,12.943697026318818,0.0,0.0,0.0,12.943697026318818
2285.6636412400458,2526.8066957511073,-64.33635875995424,26.806695751107327,69.69767568277994,2.7468031284542795,14.893265623968546,False,0.0,11.021071308453454,0.0,0.0,0.0,11.021071308453454
2317.093493590595,2476.858089150341,-32.90650640940521,-23.14191084965887,40.22917103105389,-2.5286804689204208,1.5482748783233546,False,0.0,13.500817440877235,0.0,0.0,0.0,13.500817440877235
2299.006445797811,2508.4315270148995,-50.99355420218899,8.43152701489953,51.68590927878281,2.977730239163995,4.7905278437065135,False,0.0,12.39718952555448,0.0,0.0,0.0,12.39718952555448
2395.5392358882864,2499.0548652099956,45.539235888286385,-0.9451347900044311,45.54904263604524,-0.02075131705492359,3.5182738267279774,False,0.0,12.815896933014205,0.0,0.0,0.0,12.815896933014205
2375.623350378488,2553.990500491762,25.623350378487885,53.99050049176185,59.76228098031142,1.1276825856233974,7.413532308531103,False,0.0,11.582186333947426,0.0,0.0,0.0,11.582186333947426
2388.774930912078,2491.497777420143,38.77493091207816,-8.502222579857062,39.69613401874124,-0.21585496915894264,1.7008889392800484,False,0.0,13.4523572530066,0.0,0.0,0.0,13.4523572530066
2383.453339901454,2475.1398864053904,33.453339901454,-24.86011359460963,41.67914584656347,-0.6390885024818558,1.5044135970233583,False,0.0,13.175256222616454,0.0,0.0,0.0,13.175256222616454
2370.2947418850836,2455.4249529067547,20.294741885083567,-44.5750470932453,48.97766196489173,-1.1435488172745298,3.3394866254443514,False,0.0,12.478455897096076,0.0,0.0,0.0,12.478455897096076
2340.4593899212473,2454.514345812547,-9.540610078752707,-45.48565418745284,46.4754556463446,-1.7775489443397208,3.650126859582997,False,0.0,12.778691691011357,0.0,0.0,0.0,12.778691691011357
2414.2274248070075,2504.749615584797,64.22742480700754,4.749615584797084,64.40280231125936,0.07381560113416634,10.997119554073379,False,0.0,11.21429289214037,0.0,0.0,0.0,11.21429289214037
2393.303624622006,2468.3053353679175,43.30362462200583,-31.69466463208255,53.66335501572534,-0.6318272711058667,8.768120241349607,False,0.0,12.01176396766426,0.0,0.0,0.0,12.01176396766426
2305.824068627409,2497.9417826703325,-44.175931372591094,-2.0582173296675137,44.2238529666064,-3.095034948827219,3.6726357239908793,False,0.0,13.073956255129525,0.0,0.0,0.0,13.073956255129525
2303.540547516561,2496.2174081950675,-46.45945248343878,-3.7825918049325082,46.61318188907134,-3.0603547837295655,3.658774765693124,False,0.0,12.834731237685451,0.0,0.0,0.0,12.834731237685451
2392.712455989633,2547.495640502964,42.71245598963287,47.49564050296385,63.87636310446224,0.8383724478769233,11.123326201427062,False,0.0,11.23699802593537,0.0,0.0,0.0,11.23699802593537
2323.8010342817893,2550.7482741343388,-26.19896571821073,50.74827413433877,57.111935112706334,2.047361895777947,8.01323343961758,False,0.0,11.87031150600235,0.0,0.0,0.0,11.87031150600235
2328.227007818306,2550.097323755668,-21.772992181694008,50.097323755668185,54.62421657126392,1.9807817535660206,9.321450198724051,False,0.0,12.057553989653004,0.0,0.0,0.0,12.057553989653004
2420.1004632173135,2482.0493532655946,70.10046321731352,-17.95064673440538,72.36228756379488,-0.25068367735024943,19.25788827951874,False,0.0,10.63120479638672,0.0,0.0,0.0,10.63120479638672
2418.459902104457,2488.6745880736685,68.45990210445689,-11.325411926331526,69.39036785788726,-0.16394647759011405,20.384588202253326,False,0.0,10.826863048425807,0.0,0.0,0.0,10.826863048425807
2299.891480088022,2447.377098280009,-50.108519911977965,-52.622901719991205,72.66383937833828,-2.331724081074468,21.222369664157668,False,0.0,10.735314670489814,0.0,0.0,0.0,10.735314670489814
2389.661961963436,2541.141825519176,39.66196196343617,41.14182551917611,57.14648750220251,0.8037104007313807,8.548227225513983,False,0.0,11.766624006606765,0.0,0.0,0.0,11.766624006606765
2312.624723129102,2527.148976826939,-37.37527687089778,27.148976826938906,46.19500258605829,2.513374846151927,3.7788060465827584,False,0.0,12.895589351020382,0.0,0.0,0.0,12.895589351020382
2391.4915328173774,2496.8081512229187,41.49153281737745,-3.1918487770813044,41.614122532516106,-0.07677650123788402,1.6450788114789248,False,0.0,13.228022196231858,0.0,0.0,0.0,13.228022196231858
2370.7097484944334,2457.010700427514,20.70974849443337,-42.989299572485834,47.7176441207612,-1.1218615645680208,3.669745960714863,False,0.0,12.605799910210456,0.0,0.0,0.0,12.605799910210456
2329.122756202684,2531.7141795307075,-20.87724379731617,31.714179530707497,37.96904649683111,2.1529798216311438,1.4437929247646935,False,0.0,13.764883266815263,0.0,0.0,0.0,13.764883266815263
2306.0973284636802,2444.5952310160233,-43.90267153631976,-55.40476898397674,70.69040241923801,-2.2408851646846792,21.437718305413,False,0.0,10.863094810045022,0.0,0.0,0.0,10.863094810045022
2336.6054875911354,2538.4342526827554,-13.394512408864557,38.434252682755414,40.70140958189431,1.9061382870025396,1.7614336060851201,False,0.0,13.421643890290806,0.0,0.0,0.0,13.421643890290806
2344.2124852632055,2451.4637707739125,-5.787514736794492,-48.53622922608747,48.88006622659099,-1.6894770867242996,3.156398620700884,False,0.0,12.54327094235936,0.0,0.0,0.0,12.54327094235936
2334.292236981629,2534.642502993413,-15.707763018371224,34.64250299341302,38.03730843119608,1.996494499332832,1.648931220500799,False,0.0,13.75857217988872,0.0,0.0,0.0,13.75857217988872
2356.92347646127,2445.565324524064,6.923476461270184,-54.43467547593582,54.87320311846403,-1.4442868728381006,7.10223296615186,False,0.0,11.974464416766542,0.0,0.0,0.0,11.974464416766542
2337.217777802592,2458.607893956363,-12.782222197407918,-41.392106043636886,43.32079924276085,-1.870314330708904,2.3423893836061325,False,0.0,13.096233198628568,0.0,0.0,0.0,13.096233198628568
2309.454646039994,2484.8114312933394,-40.545353960006196,-15.18856870666059,43.29686301684153,-2.783166677520004,2.4100676543266673,False,0.0,13.16088334699839,0.0,0.0,0.0,13.16088334699839
2381.7507259242625,2474.673026915635,31.750725924262497,-25.32697308436491,40.614826878047616,-0.6733257462085732,1.3883500928579338,False,0.0,13.303125901318506,0.0,0.0,0.0,13.303125901318506
2399.017759126405,2479.2605100482247,49.01775912640505,-20.73948995177534,53.22468556256632,-0.40026154645005857,5.561865044543083,False,0.0,12.066304257282846,0.0,0.0,0.0,12.066304257282846
2310.158709644346,2485.8204780571,-39.84129035565411,-14.17952194290001,42.28932796501642,-2.7996712598791147,1.5803267510767682,False,0.0,13.288048359943517,0.0,0.0,0.0,13.288048359943517
2312.9611604983807,2435.285890472332,-37.03883950161935,-64.71410952766792,74.56401010933973,-2.0906335089680295,18.757206263704575,False,0.0,10.622990039733589,0.0,0.0,0.0,10.622990039733589
2325.676446136753,2453.326569644171,-24.32355386324707,-46.67343035582917,52.63121102272602,-2.05121529096953,5.714412948492509,False,0.0,12.210458818457276,0.0,0.0,0.0,12.210458818457276
2307.2726606724996,2495.413996960299,-42.72733932750043,-4.586003039701154,42.9727465946443,-3.034670167673599,1.6631107975490522,False,0.0,13.20410050446197,0.0,0.0,0.0,13.20410050446197
2321.3755033795655,2475.00781241325,-28.624496620434456,-24.99218758674988,37.99962167107139,-2.423837006843295,1.5360042845245516,False,0.0,13.789591572635228,0.0,0.0,0.0,13.789591572635228
2363.8694389225657,2464.5143457055224,13.869438922565678,-35.48565429447763,38.09977685937226,-1.1982058370863922,1.8360155597690664,False,0.0,13.67537147636684,0.0,0.0,0.0,13.67537147636684
2343.916650727588,2432.1983901749877,-6.083349272411851,-67.80160982501229,68.07397030608217,-1.660279506752748,14.283003342303346,False,0.0,10.987209176940825,0.0,0.0,0.0,10.987209176940825
2381.4565615188008,2537.4231459374355,31.456561518800754,37.42314593743549,48.8876990094716,0.8718057262525181,3.7375957065214607,False,0.0,12.517987490935681,0.0,0.0,0.0,12.517987490935681
2302.933077449147,2532.3516381362715,-47.06692255085318,32.351638136271504,57.11325317742168,2.5394044453699536,7.045477980389478,False,0.0,11.926852921921114,0.0,0.0,0.0,11.926852921921114
2392.6724023753072,2518.714307653927,42.67240237530723,18.71430765392688,46.59569975272345,0.4132978124388307,3.6191086494911815,False,0.0,12.70710199861406,0.0,0.0,0.0,12.70710199861406
2280.584180447129,2487.690933535687,-69.4158195528712,-12.309066464313219,70.4987171615176,-2.9660932777493367,17.94302091231839,False,0.0,10.915355958188242,0.0,0.0,0.0,10.915355958188242
2405.1575159931467,2453.2172873294076,55.15751599314672,-46.782712670592446,72.3254711381367,-0.7034281890039138,20.90640366163666,False,0.0,10.603435023998784,0.0,0.0,0.0,10.603435023998784
2409.2835348575013,2458.2103574054995,59.28353485750131,-41.78964259450049,72.5321427601354,-0.6140146402764222,14.468760723733794,False,0.0,10.599107901055673,0.0,0.0,0.0,10.599107901055673
2421.0890630867984,2512.1110893318164,71.08906308679843,12.111089331816402,72.11333701446664,0.1687448985529249,16.440509499447217,False,0.0,10.689027924345766,0.0,0.0,0.0,10.689027924345766
2399.7803759320927,2526.2697018605463,49.78037593209274,26.26970186054632,56.286615316453954,0.48557064654000825,7.952545601630845,False,0.0,11.825827846353247,0.0,0.0,0.0,11.825827846353247
2411.674449811871,2531.069764830334,61.674449811871,31.069764830333952,69.05843935544193,0.46665941100156416,16.69052255951283,False,0.0,10.840936087663227,0.0,0.0,0.0,10.840936087663227
2410.129363076255,2537.2449680802724,60.129363076254776,37.24496808027243,70.72996501665035,0.554572313514082,19.392265288037834,False,0.0,10.729003006609192,0.0,0.0,0.0,10.729003006609192
2362.7041233748905,2458.9159567993943,12.704123374890514,-41.08404320060572,43.003410986033145,-1.270899860785476,3.034781097740961,False,0.0,13.092816006185444,0.0,0.0,0.0,13.092816006185444
2316.7247066626146,2518.449134549659,-33.27529333738539,18.449134549658993,38.04754541781199,2.6353474444902343,1.6795846041850382,False,0.0,13.797963670461373,0.0,0.0,0.0,13.797963670461373
2315.5328834086995,2526.385163914207,-34.46711659130051,26.38516391420717,43.40690038344,2.4882343999274057,1.666256236904701,False,0.0,13.189142276895941,0.0,0.0,0.0,13.189142276895941
2311.723885707323,2486.8368173816125,-38.27611429267699,-13.16318261838751,40.47629308609042,-2.8103618058321245,1.3050575685981585,False,0.0,13.479033767924108,0.0,0.0,0.0,13.479033767924108
2367.580772689114,2466.263470880948,17.580772689113928,-33.73652911905219,38.042567806957386,-1.0903959986141682,1.664607967955817,False,0.0,13.679011770211355,0.0,0.0,0.0,13.679011770211355
2313.6087653862483,2476.508449121827,-36.39123461375175,-23.491550878172802,43.31483486491556,-2.5683678151626372,2.2140990498428437,False,0.0,13.157787515157885,0.0,0.0,0.0,13.157787515157885
2306.2755951722907,2518.2530280951933,-43.72440482770935,18.253028095193258,47.38139521142584,2.746128902083383,3.7530671118283863,False,0.0,12.783576484308615,0.0,0.0,0.0,12.783576484308615
2299.7430534461964,2483.2489726194153,-50.25694655380357,-16.751027380584674,52.975065787754964,-2.819865167298331,5.346947705355888,False,0.0,12.237966362292225,0.0,0.0,0.0,12.237966362292225
2392.736815510279,2514.8125559940363,42.73681551027903,14.812555994036302,45.231042603902985,0.33364215412851406,2.7394737478375646,False,0.0,12.829509606854518,0.0,0.0,0.0,12.829509606854518
2357.3869199373216,2450.6893192361263,7.386919937321636,-49.310680763873734,49.860904760714746,-1.422098414552017,3.470268153467714,False,0.0,12.425229099296253,0.0,0.0,0.0,12.425229099296253
2288.4422732411545,2491.3879818085748,-61.55772675884555,-8.61201819142525,62.1572246890587,-3.0025933218180825,6.729218801076058,False,0.0,11.518568561831547,0.0,0.0,0.0,11.518568561831547
2304.145472039888,2522.961731460881,-45.85452796011214,22.961731460880856,51.28234438991953,2.677343889273672,4.258584791735302,False,0.0,12.42465832021226,0.0,0.0,0.0,12.42465832021226
2309.072911139617,2530.3220486199957,-40.92708886038281,30.322048619995712,50.93577559141565,2.503954145833603,4.762875426555183,False,0.0,12.442466094794309,0.0,0.0,0.0,12.442466094794309
2323.482782871965,2543.950349562731,-26.5172171280351,43.950349562730935,51.33026427850923,2.1136716477353077,4.463388044764542,False,0.0,12.367151702714064,0.0,0.0,0.0,12.367151702714064
2316.4494064920295,2535.4596353066604,-33.55059350797046,35.4596353066604,48.81626840325289,2.328538371823797,3.9009682666674053,False,0.0,12.615348128791323,0.0,0.0,0.0,12.615348128791323
2316.5698438193285,2539.1705661452247,-33.430156180671474,39.17056614522471,51.4966852758652,2.277290426239467,4.716884014282186,False,0.0,12.376132171153143,0.0,0.0,0.0,12.376132171153143
2384.9383622282726,2537.9011767443612,34.93836222827258,37.90117674436124,51.54792288542084,0.8260516622606635,4.420153145528275,False,0.0,12.264690998169115,0.0,0.0,0.0,12.264690998169115
2289.131496293809,2518.0957183775954,-60.86850370619095,18.095718377595404,63.50141547266349,2.8526221231900277,9.243788442287041,False,0.0,11.463958857202783,0.0,0.0,0.0,11.463958857202783
2375.7549170198595,2544.3011488617026,25.754917019859477,44.301148861702586,51.243609759330774,1.0441954556668442,6.018874784856052,False,0.0,12.30138924724983,0.0,0.0,0.0,12.30138924724983
2410.4270325419498,2480.508457297392,60.42703254194976,-19.491542702608058,63.4928854183951,-0.3120264062688408,9.278273712674718,False,0.0,11.24570696616428,0.0,0.0,0.0,11.24570696616428
2324.144844095357,2558.5968868981186,-25.855155904643198,58.596886898118555,64.04751549439138,1.9863396794831158,10.824759384660865,False,0.0,11.330969015627812,0.0,0.0,0.0,11.330969015627812
2349.834547919821,2546.0495575937434,-0.16545208017896584,46.04955759374343,46.04985482029589,1.5743892249005045,3.643079733848026,False,0.0,12.798965391178797,0.0,0.0,0.0,12.798965391178797
2346.997856488674,2546.6082823746997,-3.002143511325812,46.608282374699684,46.70486967739378,1.635119699455847,3.676565223392572,False,0.0,12.748314226145803,0.0,0.0,0.0,12.748314226145803
2305.527766425234,2519.7665576560216,-44.47223357476605,19.766557656021632,48.667200049904004,2.7233472844497584,4.092951443266429,False,0.0,12.66602961798998,0.0,0.0,0.0,12.66602961798998
2373.8691317389157,2467.6568055187277,23.869131738915712,-32.34319448127235,40.1972347210989,-0.9350224756334876,1.5341179458964689,False,0.0,13.387598138598705,0.0,0.0,0.0,13.387598138598705
2402.0073361459486,2502.994141861658,52.00733614594856,2.994141861658136,52.09345350891435,0.05750804862618093,5.425400251551764,False,0.0,12.18075781028614,0.0,0.0,0.0,12.18075781028614
2376.1070628742204,2466.205572247778,26.107062874220446,-33.794427752221964,42.704122506131064,-0.913033965083027,2.6281585939855177,False,0.0,13.095851199664372,0.0,0.0,0.0,13.095851199664372
2334.4768683107172,2459.773918433269,-15.523131689282764,-40.226081566730954,43.117342864050734,-1.9390863017867235,1.8391557191666834,False,0.0,13.120811338656784,0.0,0.0,0.0,13.120811338656784
2346.988429079029,2445.835770546028,-3.0115709209708257,-54.164229453971984,54.247887624815064,-1.6263398714866237,8.39674832196215,False,0.0,12.0269792082695,0.0,0.0,0.0,12.0269792082695
2352.586766007919,2544.063995016244,2.586766007918868,44.06399501624401,44.1398574439395,1.5121588702865547,2.845075556113443,False,0.0,12.992160400282183,0.0,0.0,0.0,12.992160400282183
2299.876703948015,2523.400778330308,-50.12329605198511,23.400778330308185,55.31673556509971,2.704803202730583,6.059082167833822,False,0.0,12.1103881488149,0.0,0.0,0.0,12.1103881488149
2326.4027658554946,2456.4924022867813,-23.597234144505364,-43.50759771321873,49.49485345008999,-2.0677630315584663,3.641696056092769,False,0.0,12.485754497316304,0.0,0.0,0.0,12.485754497316304
2342.8575512015746,2428.6059841925403,-7.142448798425448,-71.39401580745971,71.75040116928919,-1.6705072382124093,16.950203174219496,False,0.0,10.746105801826456,0.0,0.0,0.0,10.746105801826456
2408.9159413229977,2484.5408734414755,58.915941322997696,-15.459126558524531,60.910366407758424,-0.25660816143438264,8.51240979239742,False,0.0,11.441805275643825,0.0,0.0,0.0,11.441805275643825
2326.652405342436,2543.3452204169635,-23.34759465756406,43.34522041696346,49.23330487880191,2.0648782716848735,4.337333589800437,False,0.0,12.553539007274466,0.0,0.0,0.0,12.553539007274466
2377.721275442449,2528.4165206474513,27.72127544244904,28.416520647451307,39.69846039663446,0.7977821490792505,1.5436059108451445,False,0.0,13.481206387388571,0.0,0.0,0.0,13.481206387388571
2404.0284983020383,2482.3867075295316,54.028498302038315,-17.613292470468423,56.82698919020448,-0.3151361327099258,7.439828163363401,False,0.0,11.757250566081392,0.0,0.0,0.0,11.757250566081392
2304.142199156519,2487.194481383403,-45.85780084348107,-12.805518616597055,47.61217496859797,-2.8692850683816773,3.6966430262978065,False,0.0,12.74045555519111,0.0,0.0,0.0,12.74045555519111
2303.064960488559,2472.4724022820124,-46.93503951144112,-27.527597717987646,54.41200759082408,-2.6111556433897456,6.625080036023974,False,0.0,12.085147225865407,0.0,0.0,0.0,12.085147225865407
2327.206207455198,2530.389081399674,-22.793792544801818,30.38908139967407,37.98754067969496,2.2143391649554713,1.4987003026935781,False,0.0,13.761560287858465,0.0,0.0,0.0,13.761560287858465
2382.931334137609,2523.229002335904,32.931334137609156,23.22900233590417,40.29961932331748,0.6143255128094189,1.588057853599821,False,0.0,13.416577393347017,0.0,0.0,0.0,13.416577393347017
2293.7030480397707,2533.019491175672,-56.29695196022931,33.0194911756721,65.26586854943903,2.6111412043296847,9.978113374010718,False,0.0,11.345731287874269,0.0,0.0,0.0,11.345731287874269
2314.3298383266792,2468.7319656268705,-35.67016167332076,-31.268034373129467,47.434696239778404,-2.4218639839580054,3.195141196867553,False,0.0,12.739399440352257,0.0,0.0,0.0,12.739399440352257
2302.1631142357223,2504.975850362363,-47.83688576427767,4.975850362362962,48.094976104091984,3.0379483545190746,3.5072561291033253,False,0.0,12.721906586348673,0.0,0.0,0.0,12.721906586348673
2302.905346241742,2506.1915404640035,-47.09465375825812,6.191540464003538,47.499911430734365,3.0108722200667537,3.345710828285519,False,0.0,12.766581830259993,0.0,0.0,0.0,12.766581830259993
2330.89717639742,2467.1970034132064,-19.102823602579974,-32.8029965867936,37.95990588324053,-2.0981367492322187,1.415632299567278,False,0.0,13.720081770209765,0.0,0.0,0.0,13.720081770209765
2399.1943724779344,2502.416024959195,49.194372477934394,2.416024959195056,49.25366443322976,0.049072387421309135,3.225317086082214,False,0.0,12.462758624240761,0.0,0.0,0.0,12.462758624240761
2418.5436669864444,2471.3568904938734,68.54366698644435,-28.64310950612662,74.28769754224815,-0.3958255381240384,21.78594881758181,False,0.0,10.49783713444991,0.0,0.0,0.0,10.49783713444991
2354.811119848715,2459.9124162641824,4.811119848714952,-40.08758373581759,40.375255342534814,-1.4513524050395685,1.5507726277501206,False,0.0,13.390818429388604,0.0,0.0,0.0,13.390818429388604
2320.783422723943,2472.297721505012,-29.216577276056796,-27.70227849498815,40.26195004643567,-2.3827927349819373,1.5842639695821532,False,0.0,13.497938119743198,0.0,0.0,0.0,13.497938119743198
2394.6794780545606,2513.3485918103347,44.679478054560605,13.34859181033471,46.6308981529082,0.29032189349984006,3.324804867678722,False,0.0,12.706251474280656,0.0,0.0,0.0,12.706251474280656
2370.829256376931,2540.2964910982155,20.82925637693097,40.29649109821548,45.36149375896344,1.0937203040044197,2.9119532535014514,False,0.0,12.86218944291001,0.0,0.0,0.0,12.86218944291001
2389.4571019133687,2492.3030899690234,39.45710191336866,-7.696910030976596,40.20081237272338,-0.19265103364694397,1.3805171600629365,False,0.0,13.387623234310734,0.0,0.0,0.0,13.387623234310734
2370.294314616142,2542.7562336183782,20.294314616141946,42.756233618378246,47.32815989417178,1.1276322934285787,3.346705382944492,False,0.0,12.666943182517004,0.0,0.0,0.0,12.666943182517004
2394.6528663123586,2512.014984903258,44.65286631235858,12.01498490325821,46.241089218733705,0.26284979578537754,2.4250674573768265,False,0.0,12.734269584131333,0.0,0.0,0.0,12.734269584131333
2378.267976197889,2473.899318920043,28.267976197888856,-26.100681079957212,38.474979287350465,-0.7455563071504859,1.517537956851811,False,0.0,13.572580004962717,0.0,0.0,0.0,13.572580004962717
2380.8223633043563,2477.030307321642,30.82236330435626,-22.969692678358115,38.43988633443061,-0.6404401209784782,1.4091927978738568,False,0.0,13.571127867796735,0.0,0.0,0.0,13.571127867796735
2382.966784706856,2468.2455808532814,32.96678470685583,-31.754419146718647,45.772830688670275,-0.766668230786417,3.724087443141798,False,0.0,12.756174388077724,0.0,0.0,0.0,12.756174388077724
2386.995210741456,2465.7515675758436,36.99521074145605,-34.24843242415636,50.414291042488635,-0.7468625353703164,3.8173383327584816,False,0.0,12.30293449057442,0.0,0.0,0.0,12.30293449057442
2343.9861805899614,2462.39964661354,-6.01381941003865,-37.60035338646003,38.078243114450984,-1.7293935759362138,1.7714525255534,False,0.0,13.713033564724633,0.0,0.0,0.0,13.713033564724633
2400.4201784490315,2503.8822406179274,50.42017844903148,3.8822406179274367,50.569419484977914,0.07684613103282616,4.385730826503732,False,0.0,12.330417571187628,0.0,0.0,0.0,12.330417571187628
2393.204002377755,2487.5577363700572,43.20400237775493,-12.442263629942772,44.95993489423723,-0.28040113557345964,3.377204668414379,False,0.0,12.849650901727735,0.0,0.0,0.0,12.849650901727735
2340.011848037428,2445.968612512175,-9.98815196257192,-54.031387487825214,54.946828966619584,-1.753591106042992,7.185478976575723,False,0.0,11.956772426016608,0.0,0.0,0.0,11.956772426016608
2366.081701992713,2544.0700027332164,16.08170199271308,44.07000273321637,46.912538621227164,1.2208985443219575,3.9962290400840175,False,0.0,12.694989053130975,0.0,0.0,0.0,12.694989053130975
2325.84470559688,2539.72205511154,-24.155294403120024,39.72205511154016,46.48999795639526,2.1171561788355406,3.4026681671202823,False,0.0,12.832770247112638,0.0,0.0,0.0,12.832770247112638
2313.339321471715,2539.491216490978,-36.66067852828519,39.49121649097788,53.88470590150376,2.319041961003595,5.497666576321535,False,0.0,12.16892682621243,0.0,0.0,0.0,12.16892682621243
2304.89600303013,2507.8316781045396,-45.10399696986997,7.831678104539606,45.77887858599383,2.969670751254452,3.327369838244522,False,0.0,12.93199203506586,0.0,0.0,0.0,12.93199203506586
2382.377515576748,2471.125661253602,32.37751557674801,-28.874338746397825,43.382380674235606,-0.728267409188261,3.5764743290237675,False,0.0,12.994880947830842,0.0,0.0,0.0,12.994880947830842
2332.0589789371616,2565.123469436658,-17.941021062838445,65.12346943665807,67.5495855519821,1.8396202628529212,13.476543117612891,False,0.0,11.080593469019561,0.0,0.0,0.0,11.080593469019561
2373.6461622628512,2456.5252807738098,23.64616226285125,-43.474719226190246,49.48931401380672,-1.0726438180565707,4.206404801031567,False,0.0,12.433104545235425,0.0,0.0,0.0,12.433104545235425
2295.449055409134,2534.673350809066,-54.55094459086604,34.67335080906605,64.63781255646185,2.5753970942898876,10.202219813409101,False,0.0,11.38432989138488,0.0,0.0,0.0,11.38432989138488
2315.3635964279106,2451.834747455708,-34.63640357208942,-48.16525254429189,59.325980860530784,-2.1942369414962135,7.643233351442177,False,0.0,11.659953216034165,0.0,0.0,0.0,11.659953216034165
2355.2663982169083,2425.7302380221195,5.266398216908328,-74.26976197788053,74.45624550318183,-1.5000057659637838,21.584590833168477,False,0.0,10.578873618678886,0.0,0.0,0.0,10.578873618678886
2356.698379604228,2540.8458441680414,6.698379604228194,40.84584416804137,41.39143963577806,1.4082514389187628,1.4426770622559388,False,0.0,13.31628759466787,0.0,0.0,0.0,13.31628759466787
2399.137683801668,2472.1341011555874,49.13768380166812,-27.86589884441264,56.48911654292139,-0.5158756960755873,8.254043842183819,False,0.0,11.782041784462423,0.0,0.0,0.0,11.782041784462423
2402.0180542766075,2542.075474357079,52.01805427660747,42.0754743570792,66.9045851425544,0.6801218352438324,12.734329086891194,False,0.0,11.00797074512329,0.0,0.0,0.0,11.00797074512329
2363.2987961107465,2446.421760882982,13.29879611074648,-53.5782391170178,55.20403685307391,-1.3275005921989915,7.901171921593232,False,0.0,11.950252347265163,0.0,0.0,0.0,11.950252347265163
2402.857787136595,2477.83164205001,52.85778713659511,-22.168357949989968,57.318249756743995,-0.3971146665123125,8.475782893637643,False,0.0,11.719319940064457,0.0,0.0,0.0,11.719319940064457
2374.1338405899205,2459.955403289236,24.13384058992051,-40.044596710763926,46.75480710416224,-1.0284129086867817,3.643786709481901,False,0.0,12.68848669433243,0.0,0.0,0.0,12.68848669433243
2387.052377242098,2477.4458422155435,37.05237724209792,-22.554157784456493,43.37705260453844,-0.5467994128460114,2.6352644095175037,False,0.0,12.997693356490513,0.0,0.0,0.0,12.997693356490513
2319.236337361777,2443.030518553777,-30.763662638223195,-56.9694814462232,64.7450751422066,-2.0659315290191853,15.27511330919151,False,0.0,11.245017521808515,0.0,0.0,0.0,11.245017521808515
2410.372732451309,2528.3470164618916,60.37273245130882,28.3470164618916,66.69647791246604,0.4389786704240192,10.643111605327249,False,0.0,11.017711344873689,0.0,0.0,0.0,11.017711344873689
2391.6015064947983,2499.210216330604,41.601506494798286,-0.7897836693960016,41.609002642231026,-0.018982216611191496,1.5423168357647228,False,0.0,13.23536149914446,0.0,0.0,0.0,13.23536149914446
2383.1952896532416,2555.421772034973,33.195289653241616,55.421772034972946,64.60263207222381,1.0311436750086298,11.26859931926083,False,0.0,11.223514026008138,0.0,0.0,0.0,11.223514026008138
2399.1819276586853,2534.608403881424,49.181927658685254,34.60840388142378,60.13820439158371,0.6131923797786173,6.88333844806948,False,0.0,11.499950000678124,0.0,0.0,0.0,11.499950000678124
2304.293597964191,2538.2075167733115,-45.70640203580888,38.207516773311454,59.57255681135291,2.445321760390493,8.116544057538704,False,0.0,11.718214454237446,0.0,0.0,0.0,11.718214454237446
2331.644235261367,2448.061655062005,-18.355764738632843,-51.938344937995225,55.08652987834876,-1.910509781653232,8.047225966170572,False,0.0,11.96995127153851,0.0,0.0,0.0,11.96995127153851
2318.741650734953,2473.4291319166637,-31.258349265046945,-26.570868083336336,41.025546059470344,-2.437074980072752,1.4239415215533882,False,0.0,13.408237585502896,0.0,0.0,0.0,13.408237585502896
2411.7488322345516,2525.3622139802897,61.74883223455163,25.362213980289653,66.75447685595927,0.38972362640448616,13.756956990893741,False,0.0,11.041022290191838,0.0,0.0,0.0,11.041022290191838
2371.4551386875532,2454.25189086231,21.455138687553244,-45.74810913768988,50.52932283116535,-1.1322678040357501,3.8329065413126955,False,0.0,12.340199455391172,0.0,0.0,0.0,12.340199455391172
2323.971907363475,2537.452518045287,-26.02809263652489,37.45251804528698,45.6086912137157,2.1781333586311593,3.873035735543823,False,0.0,12.91297109455632,0.0,0.0,0.0,12.91297109455632
2311.7392895366715,2524.3393560137188,-38.26071046332845,24.33935601371877,45.34629220036848,2.5750191369267093,3.8696775151436213,False,0.0,12.98899387332825,0.0,0.0,0.0,12.98899387332825
2388.8264095630275,2558.1993546372655,38.82640956302748,58.199354637265515,69.96181072378094,0.9824745195607176,15.842599642684945,False,0.0,10.828879451954945,0.0,0.0,0.0,10.828879451954945
2293.836319171178,2539.4802019509284,-56.16368082882218,39.480201950928404,68.65162336265544,2.5288902511753673,18.549206791456527,False,0.0,11.083252875460882,0.0,0.0,0.0,11.083252875460882
2288.8639069261044,2534.4251215943073,-61.13609307389561,34.42512159430726,70.16203298881003,2.628755129459502,18.974673741340666,False,0.0,10.995884521920338,0.0,0.0,0.0,10.995884521920338
2397.811881547413,2502.6246823285496,47.81188154741312,2.624682328549625,47.883869668497596,0.054840981839698766,3.0607040619806867,False,0.0,12.591081444096712,0.0,0.0,0.0,12.591081444096712
2388.0992028038568,2476.292005269261,38.09920280385677,-23.707994730738847,44.87335811416556,-0.5566338320707416,3.597578862159935,False,0.0,12.844012759780432,0.0,0.0,0.0,12.844012759780432
2321.824393119619,2534.8984702099046,-28.17560688038111,34.898470209904644,44.8527373308406,2.250008607288229,2.3636383417506295,False,0.0,12.996895393113654,0.0,0.0,0.0,12.996895393113654
2335.535893064601,2543.3549948428504,-14.464106935398831,43.354994842850374,45.70411324226995,1.8928051403567918,4.265835388843698,False,0.0,12.866637650173033,0.0,0.0,0.0,12.866637650173033
2339.974034107232,2541.862302887053,-10.025965892768,41.86230288705292,43.04616585818424,1.8058672281568195,1.3373806493227676,False,0.0,13.150934496323782,0.0,0.0,0.0,13.150934496323782
2394.8547496009337,2494.2939012207303,44.8547496009337,-5.706098779269723,45.21623740473377,-0.126533165547417,3.588473546393516,False,0.0,12.835757975906356,0.0,0.0,0.0,12.835757975906356
2355.538209084278,2455.8251250021726,5.538209084278151,-44.174874997827374,44.52068441673887,-1.4460769295969074,2.7162663118579076,False,0.0,12.944391619987499,0.0,0.0,0.0,12.944391619987499
2400.064001084778,2520.326901942533,50.06400108477783,20.326901942532913,54.033204117449706,0.385683798701164,5.689737398550278,False,0.0,12.017733375157443,0.0,0.0,0.0,12.017733375157443
2304.4367971581282,2535.911954087984,-45.56320284187177,35.91195408798421,58.01442837456074,2.474101390946567,7.154632855327691,False,0.0,11.838738161961865,0.0,0.0,0.0,11.838738161961865
2311.1820892939513,2485.273099022292,-38.81791070604868,-14.726900977707828,41.51760836067006,-2.778983875206992,1.0962310010504552,False,0.0,13.368257753448061,0.0,0.0,0.0,13.368257753448061
2395.399359341147,2497.4672718406377,45.39935934114692,-2.53272815936225,45.46995206194757,-0.05572998336881652,3.651334237658375,False,0.0,12.815794151174712,0.0,0.0,0.0,12.815794151174712
2378.823605781347,2528.232926710323,28.82360578134694,28.232926710323227,40.34722296353219,0.7750460101096679,1.558770420566816,False,0.0,13.408885198198194,0.0,0.0,0.0,13.408885198198194
2371.083826695891,2466.4890564340876,21.08382669589082,-33.510943565912385,39.59180580398074,-1.0092094011320913,1.62927024235114,False,0.0,13.479052831316654,0.0,0.0,0.0,13.479052831316654
2311.157586525416,2484.369121425966,-38.84241347458419,-15.630878574033886,41.86952889067121,-2.7590037055042935,1.1318088554232872,False,0.0,13.336433896435292,0.0,0.0,0.0,13.336433896435292
2302.1948701504293,2444.2044292046944,-47.805129849570676,-55.79557079530559,73.47432313610157,-2.279219593506721,22.554888424467208,False,0.0,10.696960744873818,0.0,0.0,0.0,10.696960744873818
2323.857153761056,2529.9553873756,-26.142846238944003,29.955387375599912,39.75894417983606,2.2883369607191693,1.7036459900105,False,0.0,13.575210188915667,0.0,0.0,0.0,13.575210188915667
2316.294271974429,2476.421865578425,-33.70572802557081,-23.578134421575214,41.13398259998196,-2.5311828625192874,1.2730957489109187,False,0.0,13.402739629548005,0.0,0.0,0.0,13.402739629548005
2359.855981814889,2442.615729685166,9.855981814889219,-57.384270314833884,58.22452109808506,-1.4007018667935462,7.620217176312508,False,0.0,11.699717051589934,0.0,0.0,0.0,11.699717051589934
2355.746396870976,2443.6437790896985,5.746396870975786,-56.356220910301545,56.648430801651244,-1.4691818993938888,7.902059464775448,False,0.0,11.82616276984323,0.0,0.0,0.0,11.82616276984323
2372.1725138035713,2466.7178375428334,22.17251380357129,-33.28216245716658,39.99153293129419,-0.9831181771653323,1.4250616877025095,False,0.0,13.416582396888955,0.0,0.0,0.0,13.416582396888955
2344.0495012888628,2545.344209841255,-5.950498711137243,45.34420984125518,45.73298373208366,1.7012802227509813,3.379802696470108,False,0.0,12.851860951895477,0.0,0.0,0.0,12.851860951895477
2326.623148230648,2562.884709032503,-23.376851769352015,62.884709032503,67.08922289569928,1.9267071140516299,12.209777736465185,False,0.0,11.11629408612463,0.0,0.0,0.0,11.11629408612463
2390.7875473545896,2531.038481769824,40.787547354589606,31.038481769824102,51.254379030270115,0.6504909490211674,3.2741959651993966,False,0.0,12.282800918765101,0.0,0.0,0.0,12.282800918765101
2375.8272912511416,2550.3476773088755,25.82729125114156,50.34767730887552,56.58566588607005,1.0968196679507611,5.032926088400018,False,0.0,11.843155179587711,0.0,0.0,0.0,11.843155179587711
2385.779275177553,2434.2760474694055,35.77927517755279,-65.72395253059449,74.8317744576118,-1.072272616903061,18.160838399338445,False,0.0,10.507706769874586,0.0,0.0,0.0,10.507706769874586
2356.538959681288,2553.9704687190238,6.538959681287906,53.970468719023756,54.365149567205556,1.4502258932682772,5.925160651902843,False,0.0,12.037750318529724,0.0,0.0,0.0,12.037750318529724
2365.5662522307125,2463.5237840645204,15.566252230712507,-36.47621593547956,39.65882672850894,-1.1674437198400416,1.5717902697979298,False,0.0,13.480966155503722,0.0,0.0,0.0,13.480966155503722
2372.313227793984,2457.622837808795,22.31322779398397,-42.377162191205116,47.89263001721583,-1.0861436370280309,3.733114137428288,False,0.0,12.581395125422409,0.0,0.0,0.0,12.581395125422409
2334.6298556057495,2536.4792489953693,-15.370144394250474,36.47924899536929,39.58505963070235,1.9695623205420791,1.3465694792796512,False,0.0,13.568128661551203,0.0,0.0,0.0,13.568128661551203
2314.3011535202,2438.9206087106886,-35.69884647980007,-61.07939128931139,70.7467291135155,-2.0997156885648462,17.762727769524645,False,0.0,10.862552730017592,0.0,0.0,0.0,10.862552730017592
2300.123618880352,2535.179152265738,-49.87638111964816,35.17915226573814,61.03463072492848,2.5273005418115275,7.179171379300897,False,0.0,11.627186425964071,0.0,0.0,0.0,11.627186425964071
2298.1787049867535,2533.6152867754186,-51.82129501324653,33.615286775418554,61.76920043066414,2.566147985699914,7.0521867668685445,False,0.0,11.59478541410104,0.0,0.0,0.0,11.59478541410104
2320.5122964061197,2533.029105676373,-29.48770359388027,33.02910567637309,44.27692948953846,2.299607767475037,2.5310171150122187,False,0.0,13.059734358559048,0.0,0.0,0.0,13.059734358559048
2396.4764865360607,2515.4815445237205,46.47648653606075,15.481544523720459,48.98716180364581,0.3215449333393845,3.5313960512839913,False,0.0,12.494325512969956,0.0,0.0,0.0,12.494325512969956
2342.746525038476,2452.139732307644,-7.253474961523807,-47.86026769235605,48.40679830975638,-1.721206955758357,3.076452359061477,False,0.0,12.594813977393644,0.0,0.0,0.0,12.594813977393644
2284.0744608881614,2529.668732465273,-65.92553911183859,29.668732465273024,72.29391671006977,2.7187104736132945,14.666491449738714,False,0.0,10.8445126138095,0.0,0.0,0.0,10.8445126138095
2359.924548853363,2448.629008498969,9.924548853362921,-51.37099150103086,52.32088911459525,-1.3799538273102847,5.834417536311776,False,0.0,12.209780344527308,0.0,0.0,0.0,12.209780344527308
2306.2251337182247,2477.14042594056,-43.7748662817753,-22.859574059440092,49.38419832462945,-2.6603371004983627,3.318369155029359,False,0.0,12.544042788256634,0.0,0.0,0.0,12.544042788256634
2314.7018551390033,2476.498456440586,-35.29814486099667,-23.50154355941413,42.40615026506115,-2.55418953021529,1.3887991423839594,False,0.0,13.243468744183899,0.0,0.0,0.0,13.243468744183899
2394.788342338188,2535.5651099138,44.78834233818816,35.565109913799915,57.19154354083659,0.6711150378976566,8.694360307401439,False,0.0,11.739585821264834,0.0,0.0,0.0,11.739585821264834
2326.161842858611,2531.905404386085,-23.83815714138882,31.905404386085138,39.827284177271835,2.2124716279680183,1.4362450454557916,False,0.0,13.549438425839277,0.0,0.0,0.0,13.549438425839277
2312.9877688169804,2518.766571607846,-37.012231183019594,18.76657160784589,41.49806582309223,2.672331284958413,1.260724819682082,False,0.0,13.3900801075561,0.0,0.0,0.0,13.3900801075561
2280.60423600929,2501.131743928032,-69.39576399070984,1.1317439280319377,69.40499192545833,3.125285554383232,12.153861293849332,False,0.0,11.043001734453314,0.0,0.0,0.0,11.043001734453314
2395.3620306710086,2503.5450507818873,45.3620306710086,3.545050781887312,45.50034298380271,0.07799165927076654,3.3062931817603385,False,0.0,12.826771815632862,0.0,0.0,0.0,12.826771815632862
2369.861064069324,2541.3793121856584,19.86106406932413,41.379312185658364,45.898903504593356,1.1232961066559068,2.954089862063711,False,0.0,12.802158432596762,0.0,0.0,0.0,12.802158432596762
2304.917175073119,2488.629803120218,-45.08282492688113,-11.370196879781815,46.494542480519314,-2.8945380441210893,3.6046274536356577,False,0.0,12.837613594860894,0.0,0.0,0.0,12.837613594860894
2280.192637467819,2524.8461386563195,-69.80736253218083,24.846138656319454,74.09722309120887,2.799649815757389,16.525947988735425,False,0.0,10.734676732081468,0.0,0.0,0.0,10.734676732081468
2381.3705441928205,2476.3663169309216,31.37054419282049,-23.633683069078415,39.27673635071207,-0.6456555649140275,1.2309623593878314,False,0.0,13.467115481633995,0.0,0.0,0.0,13.467115481633995
2312.4641263746175,2517.8318263671604,-37.535873625382465,17.831826367160375,41.556176922441246,2.698094619401467,1.2499910479964456,False,0.0,13.384650837312766,0.0,0.0,0.0,13.384650837312766
2277.050622424507,2487.7002250210344,-72.94937757549314,-12.299774978965615,73.97902508944715,-2.974556690035585,15.750633046214716,False,0.0,10.699821113787165,0.0,0.0,0.0,10.699821113787165
2304.0028216883493,2528.193224671953,-45.997178311650714,28.193224671952976,53.94996135343388,2.5917172557474575,6.501915332052704,False,0.0,12.201300420388785,0.0,0.0,0.0,12.201300420388785
2395.7545284938765,2459.7502997587076,45.75452849387648,-40.24970024129243,60.93861868479503,-0.721478873500222,7.810828577588836,False,0.0,11.41686093099982,0.0,0.0,0.0,11.41686093099982
2342.442733588452,2541.4759674348775,-7.557266411547971,41.475967434877475,42.158844271091304,1.7510274559135128,2.2542549903191684,False,0.0,13.245010253707921,0.0,0.0,0.0,13.245010253707921
2320.598183225695,2530.0827871536526,-29.40181677430519,30.08278715365259,42.06472289890638,2.344747147704337,1.4659944742102198,False,0.0,13.321646174657442,0.0,0.0,0.0,13.321646174657442
2378.9780122780376,2473.3395800987423,28.978012278037568,-26.660419901257683,39.37642930608961,-0.7437677064969141,1.341381957169233,False,0.0,13.471909221808039,0.0,0.0,0.0,13.471909221808039
2317.432738832473,2567.186303070908,-32.567261167526794,67.1863030709078,74.6634168806235,2.022154016879867,14.333940926024297,False,0.0,10.664270422162414,0.0,0.0,0.0,10.664270422162414
2362.370487579174,2461.8420064988372,12.370487579174096,-38.157993501162764,40.11310796960615,-1.257296088981724,1.5363579691047562,False,0.0,13.429279659260091,0.0,0.0,0.0,13.429279659260091
2395.259870663653,2502.0328657166588,45.259870663653146,2.032865716658762,45.30550116169754,0.04488524400746656,2.9003193399566953,False,0.0,12.84397345184056,0.0,0.0,0.0,12.84397345184056
2375.2635738368012,2457.0802924507425,25.263573836801243,-42.91970754925751,49.80310692237283,-1.0387834596096606,3.717211832790781,False,0.0,12.414124592987935,0.0,0.0,0.0,12.414124592987935
2304.4592481075265,2506.3197768868517,-45.54075189247351,6.319776886851741,45.97716458016322,3.0037014019043604,3.2509621136900932,False,0.0,12.905398304640748,0.0,0.0,0.0,12.905398304640748
2394.0584607756514,2530.5826597607343,44.05846077565138,30.58265976073426,53.6325185308358,0.6067810132726489,7.1873972885863395,False,0.0,12.048457676148054,0.0,0.0,0.0,12.048457676148054
2377.055060225956,2538.5432131179678,27.055060225955913,38.54321311796775,47.090928651781574,0.9587688885592488,2.89664901539345,False,0.0,12.705328885279037,0.0,0.0,0.0,12.705328885279037
2355.709880160421,2450.534432692111,5.709880160421108,-49.46556730788916,49.794026554775456,-1.45587354223503,3.668359787693589,False,0.0,12.433802047031143,0.0,0.0,0.0,12.433802047031143
2385.720287975592,2467.062186563917,35.72028797559187,-32.93781343608316,48.58846084215298,-0.7448937994541615,3.4641134088615217,False,0.0,12.478757147863243,0.0,0.0,0.0,12.478757147863243
2394.465596427579,2453.326002865378,44.46559642757893,-46.673997134621914,64.46434110562998,-0.8096243921918356,9.1247248442221,False,0.0,11.168387386405222,0.0,0.0,0.0,11.168387386405222
2381.8150293134777,2523.588643022805,31.81502931347768,23.588643022805172,39.60580979950769,0.6379942330771975,1.375711996037353,False,0.0,13.502918066822343,0.0,0.0,0.0,13.502918066822343
2344.606086332029,2449.780168984082,-5.393913667970992,-50.21983101591786,50.5086698688935,-1.6777921977265935,5.021835218727574,False,0.0,12.388223149374046,0.0,0.0,0.0,12.388223149374046
2332.408074551361,2452.3228160695567,-17.591925448638904,-47.677183930443334,50.81918642134871,-1.9242787370351497,3.594862105190259,False,0.0,12.382146090789988,0.0,0.0,0.0,12.382146090789988
2407.9222069950324,2493.502381766553,57.92220699503241,-6.497618233447156,58.28551368807695,-0.11171133173667,8.183385558868395,False,0.0,11.653553065664857,0.0,0.0,0.0,11.653553065664857
2368.0428822140348,2435.18698420425,18.042882214034762,-64.81301579574983,67.2775788441413,-1.2992871169600952,11.444316070711466,False,0.0,11.026512832552507,0.0,0.0,0.0,11.026512832552507
2293.504413453962,2520.0838082219,-56.495586546037885,20.0838082219002,59.95924158855683,2.8000323425813898,10.223926297953767,False,0.0,11.725253492878357,0.0,0.0,0.0,11.725253492878357
2394.1031852264573,2461.724492971354,44.1031852264573,-38.27550702864619,58.396107622162155,-0.714773277609383,7.674920963053864,False,0.0,11.625526794908403,0.0,0.0,0.0,11.625526794908403
2287.319393412117,2493.588042112062,-62.680606587883176,-6.411957887938115,63.007711005730684,-3.039651529753097,6.506460397556111,False,0.0,11.467671689423293,0.0,0.0,0.0,11.467671689423293
2392.323220472946,2535.021766695838,42.323220472946105,35.02176669583787,54.93431653983967,0.6912759696188159,8.443021720957404,False,0.0,11.932409348806814,0.0,0.0,0.0,11.932409348806814
2312.876523340329,2484.2577780589995,-37.123476659670814,-15.74222194100048,40.32331919548341,-2.7405266735006744,1.5628669184156934,False,0.0,13.502170533529712,0.0,0.0,0.0,13.502170533529712
2358.1375688049243,2448.9676510524137,8.137568804924285,-51.03234894758634,51.67708065635184,-1.4126685770143375,4.0095813334464765,False,0.0,12.253758867233083,0.0,0.0,0.0,12.253758867233083
2391.012330253183,2489.323159577026,41.01233025318288,-10.676840422973783,42.37931280959835,-0.25467943291529804,2.060055605738171,False,0.0,13.141185417361784,0.0,0.0,0.0,13.141185417361784
2311.7502330981965,2517.6457616878283,-38.24976690180347,17.645761687828326,42.12383616891902,2.709356815947482,1.1524063735569143,False,0.0,13.323542456874291,0.0,0.0,0.0,13.323542456874291
2336.814207951082,2542.3922154215475,-13.185792048917847,42.39221542154746,44.3955520328804,1.8723530604066145,3.11807811908875,False,0.0,13.005930548969815,0.0,0.0,0.0,13.005930548969815
2306.160979475749,2491.382231252272,-43.83902052425083,-8.61776874772795,44.6780220994059,-2.9474900335531857,2.572384888823308,False,0.0,13.019007581302443,0.0,0.0,0.0,13.019007581302443
2342.6558466768624,2456.1999709539928,-7.3441533231375615,-43.80002904600724,44.41147523405218,-1.736925557124612,2.8500008233640983,False,0.0,12.992218105079433,0.0,0.0,0.0,12.992218105079433
2390.1388482551265,2463.0496134443133,40.138848255126504,-36.95038655568669,54.55692628679464,-0.7440610636128336,6.320188632751524,False,0.0,11.93784226804473,0.0,0.0,0.0,11.93784226804473
2415.8874151204977,2500.238456289398,65.88741512049774,0.23845628939807284,65.88784662335496,0.0036191319366784794,13.120897452534791,False,0.0,11.102584991624964,0.0,0.0,0.0,11.102584991624964
2348.4822278133925,2547.2129242147435,-1.5177721866075444,47.21292421474345,47.23731412048687,1.6029326472259304,3.633174359327313,False,0.0,12.689649159321583,0.0,0.0,0.0,12.689649159321583
2366.0628207622017,2461.903657323128,16.06282076220168,-38.096342676872155,41.34423219981583,-1.1717777687006075,1.4268288304746193,False,0.0,13.267795934093181,0.0,0.0,0.0,13.267795934093181
2316.911800441249,2467.852937868833,-33.08819955875106,-32.14706213116688,46.13309607759745,-2.370620310176666,2.983447201726449,False,0.0,12.864181696508764,0.0,0.0,0.0,12.864181696508764
2387.1701298498597,2525.5980313712002,37.17012984985968,25.59803137120025,45.13178218435852,0.6030828192691481,3.5868413252746905,False,0.0,12.870199749747956,0.0,0.0,0.0,12.870199749747956
2405.5437175102165,2511.2701055668626,55.54371751021654,11.27010556686264,56.67556646689086,0.20018739305002473,7.888351512265217,False,0.0,11.810935138597552,0.0,0.0,0.0,11.810935138597552
2303.110346771164,2468.3228243811695,-46.88965322883587,-31.67717561883046,56.58695110276489,-2.5474524931642444,8.218329097018795,False,0.0,11.900257103985213,0.0,0.0,0.0,11.900257103985213
2389.0196012800925,2458.6670311543635,39.0196012800925,-41.332968845636515,56.84138982864296,-0.8141804253014793,7.320302549886037,False,0.0,11.747111720837918,0.0,0.0,0.0,11.747111720837918
2393.633176096999,2495.285597821368,43.633176096998795,-4.714402178632099,43.88712389999598,-0.10762875242979489,3.1101927086147043,False,0.0,12.96691004726991,0.0,0.0,0.0,12.96691004726991
2332.6564231114285,2552.091148323699,-17.343576888571533,52.091148323699144,54.90252628951984,1.8921988873433635,7.732684939385308,False,0.0,12.014642004282939,0.0,0.0,0.0,12.014642004282939
2420.7632819840514,2495.8815813732294,70.76328198405145,-4.118418626770563,70.88302652356,-0.058134359018276606,17.780643460222564,False,0.0,10.729038029105881,0.0,0.0,0.0,10.729038029105881
2392.6596105354215,2477.724210832304,42.65961053542151,-22.275789167696075,48.12538991091388,-0.4812299562811709,3.226454029653837,False,0.0,12.532460041498036,0.0,0.0,0.0,12.532460041498036
2346.761193182946,2460.3197171806146,-3.2388068170539555,-39.68028281938541,39.81224327043891,-1.6522383586595584,1.5244169303516628,False,0.0,13.489432065678312,0.0,0.0,0.0,13.489432065678312
2380.1070624292106,2474.9562637077665,30.1070624292106,-25.04373629223346,39.16151089515464,-0.6938460595680941,1.4668947892331516,False,0.0,13.485979606027689,0.0,0.0,0.0,13.485979606027689
2392.16140535271,2559.2357516550496,42.16140535271006,59.235751655049626,72.70803515055432,0.9522238854999556,17.69607553602873,False,0.0,10.642537356505837,0.0,0.0,0.0,10.642537356505837
2298.6143205388285,2453.6519471613224,-51.38567946117155,-46.34805283867763,69.19992814752861,-2.4076933149887054,14.851694424198286,False,0.0,10.958483169610583,0.0,0.0,0.0,10.958483169610583
2302.733984561462,2481.26811380192,-47.266015438538034,-18.731886198079792,50.84249970225626,-2.7642733346730535,4.823221579457822,False,0.0,12.421649461081733,0.0,0.0,0.0,12.421649461081733
2397.7383881279993,2511.791361451903,47.738388127999315,11.791361451902958,49.173060774665316,0.24215274367938314,4.301299204736097,False,0.0,12.465329879099102,0.0,0.0,0.0,12.465329879099102
2327.6706394139496,2468.4904828684566,-22.32936058605037,-31.50951713154336,38.619295877124486,-2.1873070843498197,1.6509373493349813,False,0.0,13.651792755339349,0.0,0.0,0.0,13.651792755339349
2366.824167286352,2555.8299132376383,16.824167286351894,55.829913237638266,58.30979177635065,1.278104368380461,8.506105388974902,False,0.0,11.695924539237557,0.0,0.0,0.0,11.695924539237557
2406.284376162433,2495.4058817165774,56.28437616243309,-4.594118283422631,56.471558529903746,-0.08144278426155262,7.945795102182728,False,0.0,11.798345325923364,0.0,0.0,0.0,11.798345325923364
2330.84996799416,2534.644157498518,-19.150032005839876,34.64415749851787,39.58461032531208,2.075758888872169,1.569006558675028,False,0.0,13.576905688082258,0.0,0.0,0.0,13.576905688082258
2330.077900393884,2538.7913428978445,-19.922099606115808,38.791342897844515,43.608007711132046,2.0452415124791967,2.373945985260434,False,0.0,13.108149598792899,0.0,0.0,0.0,13.108149598792899
2390.4995817460053,2465.2911721248574,40.49958174600533,-34.70882787514256,53.337780738118845,-0.7085536837248109,7.238143169142859,False,0.0,12.033761117261642,0.0,0.0,0.0,12.033761117261642
2362.5601780099946,2556.8150941158324,12.560178009994615,56.81509411583238,58.186879887425164,1.3532245551211501,7.836962713882713,False,0.0,11.714490140195533,0.0,0.0,0.0,11.714490140195533
2393.8960349377808,2496.805681258283,43.89603493778077,-3.19431874171687,44.01210691937565,-0.07264205303890434,3.2056262047508426,False,0.0,12.965444484805692,0.0,0.0,0.0,12.965444484805692
2354.4377857239456,2431.5795289553075,4.437785723945581,-68.42047104469248,68.56423849288532,-1.5060265549146,11.251482388449404,False,0.0,10.963096851682588,0.0,0.0,0.0,10.963096851682588
2363.2865077554547,2462.6760550155773,13.28650775545475,-37.323944984422724,39.61828059792567,-1.228805747046208,1.4394639406771148,False,0.0,13.493882742779558,0.0,0.0,0.0,13.493882742779558
2321.6589795482946,2549.7451458283945,-28.34102045170539,49.74514582839447,57.25201283563937,2.088656770750792,7.045821671968952,False,0.0,11.877034730628807,0.0,0.0,0.0,11.877034730628807
2327.3138361512097,2466.57107640231,-22.68616384879033,-33.428923597689845,40.39993766176312,-2.1670415816577355,1.3388482607042533,False,0.0,13.44161786856312,0.0,0.0,0.0,13.44161786856312
2394.7673825793295,2556.57103544986,44.76738257932948,56.57103544986012,72.14153169203841,0.9013532306641472,15.889772988859477,False,0.0,10.674914412822922,0.0,0.0,0.0,10.674914412822922
2406.6986169385254,2486.2101168952026,56.69861693852545,-13.789883104797354,58.35146989395914,-0.23858147428807888,9.538005821856132,False,0.0,11.632225011954235,0.0,0.0,0.0,11.632225011954235
2305.706434755973,2493.8426434988473,-44.29356524402692,-6.1573565011526625,44.71949195942589,-3.003465420839809,2.8014843195983303,False,0.0,13.017808673496537,0.0,0.0,0.0,13.017808673496537
2306.1363676202213,2495.204191015747,-43.863632379778664,-4.795808984253199,44.12502724488463,-3.032690702915228,2.9103289461390887,False,0.0,13.085548904066536,0.0,0.0,0.0,13.085548904066536
2360.0259428316417,2553.7061328543828,10.025942831641714,53.70613285438276,54.63394765011914,1.3862391707339605,5.963827028510423,False,0.0,12.005081300355917,0.0,0.0,0.0,12.005081300355917
2280.5049793444205,2504.0337580745568,-69.49502065557954,4.033758074556772,69.61198962911115,3.083613863979552,10.8306969002806,False,0.0,11.04526962119451,0.0,0.0,0.0,11.04526962119451
2311.917934949988,2483.822926844525,-38.082065050011806,-16.177073155474773,41.375613280662236,-2.739895603919483,1.3440162060232979,False,0.0,13.386395160197864,0.0,0.0,0.0,13.386395160197864
2317.55270269211,2450.833242408978,-32.44729730789004,-49.166757591021906,58.90837932417525,-2.154130192035785,8.08696998852838,False,0.0,11.689123901017481,0.0,0.0,0.0,11.689123901017481
2393.3637646526336,2501.298724100356,43.36376465263356,1.2987241003561394,43.3832083776412,0.029940573941500192,1.7166611931115767,False,0.0,13.05340705658413,0.0,0.0,0.0,13.05340705658413
2309.591432264039,2498.674040275105,-40.40856773596079,-1.3259597248948012,40.43031678906034,-3.1087905970315908,1.9102441956515577,False,0.0,13.486743111721161,0.0,0.0,0.0,13.486743111721161
2316.0227273082837,2475.36958044812,-33.97727269171628,-24.630419551880095,41.965612432906134,-2.51434432800466,1.5911598959842195,False,0.0,13.302420125515054,0.0,0.0,0.0,13.302420125515054
2401.7955693495874,2481.5998297214505,51.79556934958737,-18.400170278549467,54.96678333800814,-0.3413406749685448,5.725079460416964,False,0.0,11.914305175821896,0.0,0.0,0.0,11.914305175821896
2374.6244159903513,2539.074248804447,24.62441599035128,39.07424880444705,46.18613192829314,1.008469638307113,2.354184179843287,False,0.0,12.79971546569959,0.0,0.0,0.0,12.79971546569959
2331.837545332472,2453.984152296734,-18.16245466752798,-46.01584770326599,49.470526572901754,-1.9467253969757534,2.937826985202264,False,0.0,12.487353879190344,0.0,0.0,0.0,12.487353879190344
2345.2741619722647,2452.6398680442267,-4.725838027735335,-47.36013195577334,47.59533216537786,-1.6702522552638668,2.8328193852130426,False,0.0,12.669322741927271,0.0,0.0,0.0,12.669322741927271
2370.499720805289,2435.9753574761967,20.499720805289144,-64.02464252380332,67.22643381435319,-1.260925708207232,10.497352311864915,False,0.0,11.036117041638425,0.0,0.0,0.0,11.036117041638425
2396.0358873011664,2511.222736236325,46.03588730116644,11.22273623632509,47.38409784132037,0.23911823922754755,3.257815422384965,False,0.0,12.63692637731436,0.0,0.0,0.0,12.63692637731436
2329.0826828767817,2538.1639447455673,-20.917317123218254,38.16394474556728,43.520349655948216,2.0721727634125093,1.5812225458994362,False,0.0,13.124775810111057,0.0,0.0,0.0,13.124775810111057
2320.0562321611856,2546.502103019576,-29.943767838814438,46.502103019576225,55.30890360175383,2.142887532684142,5.688979566422404,False,0.0,12.041600163364294,0.0,0.0,0.0,12.041600163364294
2302.466260257096,2534.5363321971286,-47.53373974290389,34.53633219712856,58.755549998077115,2.5132596823012294,7.644854700293308,False,0.0,11.804587819364867,0.0,0.0,0.0,11.804587819364867
2342.9711888483234,2544.654070641503,-7.028811151676564,44.65407064150304,45.20387385017214,1.7269211555428212,2.286439527415496,False,0.0,12.922833211908591,0.0,0.0,0.0,12.922833211908591
2380.5816362371647,2473.1226976194903,30.58163623716473,-26.877302380509718,40.71395164063076,-0.7210180230710762,1.4629148562553382,False,0.0,13.29829821191397,0.0,0.0,0.0,13.29829821191397
2325.6660520063374,2546.789782169399,-24.333947993662605,46.78978216939913,52.73921444635005,2.0503704821305155,7.231650616990009,False,0.0,12.22646443539338,0.0,0.0,0.0,12.22646443539338
2414.031982441349,2484.185216886706,64.0319824413491,-15.814783113294197,65.95606219514454,-0.2421367119699418,15.546106237527056,False,0.0,11.05947333665715,0.0,0.0,0.0,11.05947333665715
2297.534255054459,2523.1451211518797,-52.46574494554079,23.14512115187972,57.34414552354695,2.7261249850175138,6.059549580970952,False,0.0,11.954791801605355,0.0,0.0,0.0,11.954791801605355
2317.9217220596815,2439.6927569686754,-32.07827794031846,-60.30724303132456,68.30797521267606,-2.0596481276660388,17.342987770464788,False,0.0,11.007186054636612,0.0,0.0,0.0,11.007186054636612
2386.350714803523,2468.5883826961795,36.350714803522806,-31.41161730382055,48.04231643425128,-0.7126382920966764,3.5563561921035216,False,0.0,12.523059204690071,0.0,0.0,0.0,12.523059204690071
2337.2160587908347,2461.780792715222,-12.783941209165278,-38.219207284777895,40.30058260517103,-1.8935874859335227,1.5596113116148445,False,0.0,13.428818478307367,0.0,0.0,0.0,13.428818478307367
2378.285858917717,2530.119757159513,28.285858917717178,30.11975715951303,41.31936091060747,0.8167871980395685,1.4159886499337517,False,0.0,13.296206631279924,0.0,0.0,0.0,13.296206631279924
2373.4464812614374,2431.171721691201,23.446481261437384,-68.82827830879887,72.7122367865025,-1.2424736197086959,20.741530144412536,False,0.0,10.662950943763962,0.0,0.0,0.0,10.662950943763962
2348.696260934287,2564.7014340318433,-1.3037390657132164,64.70143403184329,64.71456792197903,1.5909436802138988,12.680082265544115,False,0.0,11.270315459353096,0.0,0.0,0.0,11.270315459353096
2371.9286865407257,2543.201263447998,21.92868654072572,43.20126344799792,48.44808001257353,1.101092276714173,3.4872985655861157,False,0.0,12.549711105800917,0.0,0.0,0.0,12.549711105800917
2341.9476203054883,2434.5829046783056,-8.052379694511728,-65.41709532169443,65.91082747980214,-1.6932731185094694,11.429881829773421,False,0.0,11.114130398259388,0.0,0.0,0.0,11.114130398259388
2318.8548181972883,2530.803164242307,-31.145181802711704,30.803164242307048,43.8047631755099,2.361715446072941,1.8898435599348886,False,0.0,13.123992275181669,0.0,0.0,0.0,13.123992275181669
2320.117266573982,2437.20179803174,-29.88273342601815,-62.798201968259946,69.54561041113112,-2.0149406723350167,15.562030986633545,False,0.0,10.929549148597731,0.0,0.0,0.0,10.929549148597731
2391.9952631552756,2500.159049437323,41.99526315527555,0.1590494373231195,41.995564339634214,0.0037873003982567856,1.0688426046986024,False,0.0,13.200508316193986,0.0,0.0,0.0,13.200508316193986
2389.650355792768,2526.927971790614,39.650355792768096,26.92797179061381,47.929806793363895,0.5965853998017402,3.3633830813032546,False,0.0,12.597431295148063,0.0,0.0,0.0,12.597431295148063
2383.921496780231,2476.2279570867263,33.92149678023088,-23.772042913273708,41.42195031721395,-0.6112598673918263,1.2911512978917017,False,0.0,13.197537192449321,0.0,0.0,0.0,13.197537192449321
2302.0522540213624,2474.702890352962,-47.94774597863761,-25.297109647037814,54.211899993693386,-2.656111593183635,7.635447823191498,False,0.0,12.103927420879959,0.0,0.0,0.0,12.103927420879959
2350.99123293155,2460.3069782110215,0.9912329315498027,-39.69302178897851,39.70539662898372,-1.545829042582402,1.6236020669825066,False,0.0,13.480533637198603,0.0,0.0,0.0,13.480533637198603
2415.0500919519627,2509.9383890825375,65.05009195196271,9.93838908253747,65.80490893933904,0.15160820028283573,10.815202314256112,False,0.0,11.109542467714226,0.0,0.0,0.0,11.109542467714226
2324.198691567654,2533.1178650304396,-25.801308432346104,33.11786503043959,41.98214502613543,2.2326474022177494,1.4997314492520673,False,0.0,13.2911520415831,0.0,0.0,0.0,13.2911520415831
2287.6497441130323,2487.09035316643,-62.350255886967716,-12.90964683357015,63.67270522396437,-2.9374271238318133,11.685797781021392,False,0.0,11.381650883899232,0.0,0.0,0.0,11.381650883899232
2284.6089462263167,2506.7523937552537,-65.39105377368332,6.752393755253706,65.73876128326981,3.0386956129642386,9.993303127512263,False,0.0,11.300572739799719,0.0,0.0,0.0,11.300572739799719
2340.753716733832,2538.683175042555,-9.24628326616812,38.68317504255492,39.77287751233452,1.8054201185111565,1.783801890101472,False,0.0,13.516869454702054,0.0,0.0,0.0,13.516869454702054
2309.6761650330805,2469.6910070236663,-40.32383496691955,-30.308992976333684,50.444491489941775,-2.497042997987031,2.767055892164535,False,0.0,12.448136148652795,0.0,0.0,0.0,12.448136148652795
2336.4596149285208,2551.391862511366,-13.54038507147925,51.39186251136607,53.14570123980952,1.8284150229324216,6.829703108248395,False,0.0,12.151255892995058,0.0,0.0,0.0,12.151255892995058
2306.923010346188,2532.98938491974,-43.07698965381178,32.98938491974013,54.25796305628681,2.488040977218689,5.667666970261962,False,0.0,12.144980889959035,0.0,0.0,0.0,12.144980889959035
2376.3019695069215,2537.4502104356648,26.301969506921523,37.45021043566476,45.76365218837547,0.958516125702812,2.638922029645755,False,0.0,12.82782546202177,0.0,0.0,0.0,12.82782546202177
2385.003370286872,2478.351826090326,35.003370286871814,-21.648173909673915,41.156765726467704,-0.5538823482822983,1.6216670832332056,False,0.0,13.235291220551288,0.0,0.0,0.0,13.235291220551288
2358.3367270374365,2557.370691409715,8.336727037436503,57.370691409715164,57.97324598921032,1.4264930267873048,8.240336278253835,False,0.0,11.73848310438978,0.0,0.0,0.0,11.73848310438978
2366.314286258174,2540.8925665841466,16.31428625817398,40.89256658414661,44.02678659580447,1.1911912974945997,2.1773392055420118,False,0.0,13.003069877804018,0.0,0.0,0.0,13.003069877804018
2328.549254355832,2437.629773894355,-21.45074564416791,-62.37022610564509,65.95589126954529,-1.9020498426030272,11.48266729016359,False,0.0,11.123068410827821,0.0,0.0,0.0,11.123068410827821
2339.6505071611655,2540.1576874167367,-10.349492838834522,40.157687416736735,41.46989101361882,1.8230288232685528,1.2761243326772274,False,0.0,13.323543800335537,0.0,0.0,0.0,13.323543800335537
2330.012398453339,2540.244949439817,-19.987601546661153,40.24494943981699,44.93506616220251,2.031759297968288,3.0858936085360256,False,0.0,12.968416820597884,0.0,0.0,0.0,12.968416820597884
2320.571225896369,2531.89653245143,-29.428774103630985,31.896532451430176,43.398635089915906,2.315975732717744,1.6241134411408211,False,0.0,13.159568273247636,0.0,0.0,0.0,13.159568273247636
2319.8615937736254,2531.026556827946,-30.138406226374627,31.026556827946024,43.25471949352742,2.3416749328547737,1.5993756833031512,False,0.0,13.18834366780516,0.0,0.0,0.0,13.18834366780516
2395.232391058151,2548.259328747456,45.232391058150824,48.25932874745604,66.1432688335897,0.8177633900514303,10.42301464432785,False,0.0,11.080789265940348,0.0,0.0,0.0,11.080789265940348
2382.530587544869,2475.266708788455,32.53058754486892,-24.733291211544838,40.86532540148753,-0.6500661456998374,1.2643070628550959,False,0.0,13.267471297724159,0.0,0.0,0.0,13.267471297724159
2396.356019842873,2475.856723335732,46.35601984287314,-24.143276664267887,52.266417361057286,-0.480166822149198,4.314636172553037,False,0.0,12.1685368825,0.0,0.0,0.0,12.1685368825
2319.2534216304553,2533.7404206171996,-30.74657836954475,33.74042061719956,45.64830845562738,2.3098022845179598,3.2925424168715836,False,0.0,12.922384870775485,0.0,0.0,0.0,12.922384870775485
2354.188884382171,2557.3725148722956,4.188884382171182,57.372514872295596,57.52523111764938,1.4979136093724763,7.166431912409962,False,0.0,11.79508149124666,0.0,0.0,0.0,11.79508149124666
2311.6467191725847,2482.7643652993825,-38.35328082741535,-17.23563470061754,42.0480826407069,-2.7192449520449897,1.4138009228654482,False,0.0,13.315828767969286,0.0,0.0,0.0,13.315828767969286
2302.409474254187,2491.664283521373,-47.59052574581301,-8.335716478627091,48.31503192563311,-2.968196638882853,3.35844636154161,False,0.0,12.661905122905493,0.0,0.0,0.0,12.661905122905493
2339.7300239013566,2539.103569404506,-10.269976098643383,39.10356940450583,40.42971121885131,1.8276311931380682,1.7284563870598504,False,0.0,13.445335633231554,0.0,0.0,0.0,13.445335633231554
2308.5004147851682,2516.9542902048647,-41.49958521483177,16.95429020486472,44.82927089919995,2.7537449302099968,2.416667550423881,False,0.0,13.03904367339014,0.0,0.0,0.0,13.03904367339014
2342.062007212629,2454.7491127485696,-7.9379927873710585,-45.25088725143041,45.94186028595296,-1.7444512450177685,3.2310879587817,False,0.0,12.831852379873974,0.0,0.0,0.0,12.831852379873974
2379.445705172902,2533.3763974981716,29.445705172901853,33.37639749817163,44.50880208549109,0.8478853269796609,1.961813346557392,False,0.0,12.95798960521962,0.0,0.0,0.0,12.95798960521962
2311.268687833681,2470.082959508238,-38.731312166319185,-29.91704049176178,48.94020692549817,-2.483893230492108,2.617565197893782,False,0.0,12.586407029797428,0.0,0.0,0.0,12.586407029797428
2345.8381567347174,2557.2736206224677,-4.161843265282641,57.27362062246766,57.42463372605115,1.6433348012371516,9.212942147009016,False,0.0,11.811156022053547,0.0,0.0,0.0,11.811156022053547
2370.5629369051303,2465.427154347137,20.5629369051303,-34.57284565286318,40.2258129899331,-1.0342303172442764,1.8283275307389886,False,0.0,13.397178095110142,0.0,0.0,0.0,13.397178095110142
2383.9834375303667,2478.6043975520956,33.9834375303667,-21.395602447904366,40.157761771407365,-0.5618925506596351,1.4656088480151084,False,0.0,13.352954004030748,0.0,0.0,0.0,13.352954004030748
2281.279821191098,2475.5284499194854,-68.72017880890189,-24.47155008051459,72.94737650437186,-2.799490103380411,14.725747817427418,False,0.0,10.795453055504536,0.0,0.0,0.0,10.795453055504536
2392.7658051992817,2465.9632773879557,42.76580519928166,-34.03672261204429,54.657228071977386,-0.6722276096099079,8.582375511468854,False,0.0,11.931576911824932,0.0,0.0,0.0,11.931576911824932
2359.5462347554017,2430.118249681782,9.546234755401656,-69.88175031821811,70.53077077094093,-1.4350311256957344,12.143590591620523,False,0.0,10.834256381544526,0.0,0.0,0.0,10.834256381544526
2305.116431450247,2496.4446973861477,-44.88356854975291,-3.555302613852291,45.0241590974938,-3.0625460292963202,3.0530220658069993,False,0.0,12.992015654058125,0.0,0.0,0.0,12.992015654058125
2365.110008472483,2462.5680774209172,15.11000847248306,-37.431922579082766,40.3665849930974,-1.1871332835057669,1.3981689270112838,False,0.0,13.390515959046205,0.0,0.0,0.0,13.390515959046205
2360.1003034433047,2542.1789007983893,10.10030344330471,42.17890079838935,43.3713707669841,1.3357587729231177,2.561334656402778,False,0.0,13.073784937707131,0.0,0.0,0.0,13.073784937707131
2283.262924823264,2523.6365167688405,-66.7370751767362,23.636516768840465,70.79916756649767,2.8012044665019284,15.525388196375388,False,0.0,10.941566648659862,0.0,0.0,0.0,10.941566648659862
2365.6387360986632,2559.9676200806493,15.63873609866323,59.96762008064934,61.97326459773384,1.3156918610770483,8.105585393406727,False,0.0,11.430468511496398,0.0,0.0,0.0,11.430468511496398
2325.956543931988,2549.155362022433,-24.043456068011892,49.15536202243311,54.72053906213714,2.0257117230645743,8.832119708863502,False,0.0,12.062586704580958,0.0,0.0,0.0,12.062586704580958
2417.4611746771134,2485.097410348617,67.46117467711338,-14.902589651383096,69.08760574179361,-0.21741447557380464,20.761933868669075,False,0.0,10.84963955555228,0.0,0.0,0.0,10.84963955555228
2396.1712359295566,2514.0649348937936,46.17123592955659,14.064934893793634,48.265986168620145,0.2956949329987217,3.3665174022307838,False,0.0,12.54433867716202,0.0,0.0,0.0,12.54433867716202
2333.5036763801713,2536.6752047937644,-16.496323619828672,36.67520479376435,40.21441706197757,1.9934797589496822,1.5966698328311395,False,0.0,13.489251909759794,0.0,0.0,0.0,13.489251909759794
2302.2239473175446,2500.330002978497,-47.77605268245543,0.3300029784968501,47.77719238174815,3.13468547495318,3.1334017078738725,False,0.0,12.73521335722855,0.0,0.0,0.0,12.73521335722855
2378.8670176197643,2556.919611145821,28.867017619764283,56.91961114582091,63.82120994819231,1.1014417826768512,8.080231362502673,False,0.0,11.286675389340619,0.0,0.0,0.0,11.286675389340619
2315.463553158198,2542.456737374329,-34.53644684180199,42.456737374328895,54.72970590939943,2.253685046923552,5.681158671350204,False,0.0,12.101309638315836,0.0,0.0,0.0,12.101309638315836
2390.2798621323695,2490.230512741739,40.279862132369544,-9.769487258261051,41.4476799675449,-0.2379454794048981,1.7864948804926826,False,0.0,13.244818262998171,0.0,0.0,0.0,13.244818262998171
2329.1386713755014,2533.611739666176,-20.861328624498583,33.61173966617616,39.55937405174814,2.1262657820993147,1.4545258799964813,False,0.0,13.582822995125758,0.0,0.0,0.0,13.582822995125758
2377.487290592361,2532.6450073039573,27.487290592361205,32.6450073039573,42.676078146712754,0.87096156330128,1.4578389284170044,False,0.0,13.145714254619865,0.0,0.0,0.0,13.145714254619865
2371.2937596702914,2464.503606136544,21.293759670291365,-35.49639386345598,41.393455741285024,-1.030461276990586,2.10076373395259,False,0.0,13.264532654640046,0.0,0.0,0.0,13.264532654640046
2400.8315275762143,2518.377145263548,50.831527576214285,18.377145263547845,54.051490856117674,0.3469097832810537,6.415026948126979,False,0.0,12.02639055000793,0.0,0.0,0.0,12.02639055000793
2380.2976412749017,2531.684240934138,30.297641274901707,31.68424093413796,43.838774964580516,0.8077654805061659,1.710816946635532,False,0.0,13.032154345111966,0.0,0.0,0.0,13.032154345111966
2387.416054980826,2540.4155704844948,37.416054980826175,40.415570484494765,55.076124663191145,0.8239176190832005,7.201113563344279,False,0.0,11.939041581489162,0.0,0.0,0.0,11.939041581489162
2284.499062548132,2520.734595817997,-65.50093745186814,20.73459581799716,68.7044123096126,2.8350185684889997,16.284294945060537,False,0.0,11.084297190714713,0.0,0.0,0.0,11.084297190714713
2394.911172989794,2457.6574094806924,44.91117298979407,-42.34259051930758,61.72445569792385,-0.7559685918247531,6.8054429492376585,False,0.0,11.362581419041287,0.0,0.0,0.0,11.362581419041287
2351.804361908466,2459.6284960621083,1.804361908466035,-40.3715039378917,40.411805850567085,-1.5261321023617405,1.475490195657585,False,0.0,13.413867111688052,0.0,0.0,0.0,13.413867111688052
2291.231512505647,2465.72716468067,-58.76848749435294,-34.27283531933017,68.03206863825208,-2.613629711981359,9.620784328903028,False,0.0,11.068977042799414,0.0,0.0,0.0,11.068977042799414
2317.288497882898,2554.5144341143055,-32.7115021171021,54.51443411430546,63.57567064184322,2.1112541545180776,6.547520501713734,False,0.0,11.382080308737276,0.0,0.0,0.0,11.382080308737276
2312.935437214887,2525.3727307910876,-37.06456278511314,25.372730791087633,44.91722700978546,2.5413078638970035,3.698840801800543,False,0.0,13.031808634649051,0.0,0.0,0.0,13.031808634649051
2382.677761572688,2525.0802828534665,32.677761572687814,25.080282853466542,41.19292037973662,0.654609297897954,1.3724196975826999,False,0.0,13.315982261900446,0.0,0.0,0.0,13.315982261900446
2361.671203102711,2544.0832295509363,11.671203102710933,44.08322955093627,45.60206255757814,1.3119806434794312,3.376737798685099,False,0.0,12.830215531430335,0.0,0.0,0.0,12.830215531430335
2417.5236623801816,2508.205323310969,67.52366238018158,8.205323310969106,68.02038159162504,0.12092485785636882,10.720338247632753,False,0.0,10.964090230662451,0.0,0.0,0.0,10.964090230662451
2417.150741968751,2505.6140583948477,67.15074196875094,5.614058394847689,67.38501167629585,0.08340984489840171,10.156349176697404,False,0.0,11.003579060470708,0.0,0.0,0.0,11.003579060470708
2402.966439189296,2536.7878448819442,52.966439189296125,36.78784488194424,64.48867506354426,0.6070589312946797,10.082252647719542,False,0.0,11.170708879692734,0.0,0.0,0.0,11.170708879692734
2388.4285036123215,2536.580724522648,38.42850361232149,36.58072452264787,53.0556245508811,0.760769120999707,6.812452196291815,False,0.0,12.114785138954103,0.0,0.0,0.0,12.114785138954103
2323.6261298697427,2546.0250839709993,-26.373870130257274,46.025083970999276,53.046106173641164,2.0911507406309866,5.709061312044696,False,0.0,12.209587031263222,0.0,0.0,0.0,12.209587031263222
2386.939690811772,2538.257447491758,36.939690811771925,38.25744749175783,53.18057019113198,0.8029203968750261,5.623404815244612,False,0.0,12.102032750399914,0.0,0.0,0.0,12.102032750399914
2287.8842902930533,2520.6357112935298,-62.115709706946745,20.635711293529766,65.45375446059295,2.8208497950743188,11.214946671848338,False,0.0,11.311843348806365,0.0,0.0,0.0,11.311843348806365
2413.3407749243725,2481.1592176744234,63.340774924372454,-18.840782325576583,66.08349904976104,-0.28911670440326404,10.71521749002386,False,0.0,11.063740206619318,0.0,0.0,0.0,11.063740206619318
2384.0957872142158,2479.81189311628,34.09578721421576,-20.18810688372014,39.624264855080746,-0.5345902370065674,1.3911614888938857,False,0.0,13.434919961048413,0.0,0.0,0.0,13.434919961048413
2315.5001685183834,2467.5992318059566,-34.49983148161664,-32.400768194043394,47.32914695855061,-2.3875600519488795,2.6514179433097524,False,0.0,12.745399156047592,0.0,0.0,0.0,12.745399156047592
2350.4403337404597,2543.631313520849,0.4403337404596641,43.631313520848835,43.633535421251324,1.5607045198724503,1.6893626613368724,False,0.0,13.056688375749216,0.0,0.0,0.0,13.056688375749216
2413.000954804772,2467.5478806168944,63.000954804771936,-32.45211938310558,70.86790781988879,-0.4756586158988776,16.65954060040258,False,0.0,10.713126809048065,0.0,0.0,0.0,10.713126809048065
2317.0184552050314,2557.133949442829,-32.98154479496861,57.13394944282891,65.970224162104,2.09433266402843,7.365848940138676,False,0.0,11.22039183708235,0.0,0.0,0.0,11.22039183708235
2299.994633898658,2526.9785944101504,-50.00536610134213,26.978594410150436,56.81884542365022,2.646835754541031,6.7544192568411745,False,0.0,11.992570969193597,0.0,0.0,0.0,11.992570969193597
2316.8199514032035,2540.952893561594,-33.180048596796496,40.95289356159401,52.70725866475153,2.2517261193718676,4.139212006002708,False,0.0,12.265272018044902,0.0,0.0,0.0,12.265272018044902
2278.755711101006,2499.2281891198622,-71.244288898994,-0.7718108801377639,71.24846940642317,-3.13075977560281,15.283323726824165,False,0.0,10.929763812600369,0.0,0.0,0.0,10.929763812600369
2299.42862112084,2461.563240634734,-50.571378879159965,-38.43675936526597,63.52045994986897,-2.491690726204385,9.840583095845432,False,0.0,11.35567900522009,0.0,0.0,0.0,11.35567900522009
2324.072051099839,2561.5632897231844,-25.927948900161027,61.563289723184425,66.80042796053111,1.9694093315739578,12.01777910619478,False,0.0,11.144382345414217,0.0,0.0,0.0,11.144382345414217
2375.857999342741,2463.7327353045976,25.857999342741095,-36.267264695402446,44.54156057543992,-0.9514089539333602,2.731684338939427,False,0.0,12.90355006505922,0.0,0.0,0.0,12.90355006505922
2405.398183357091,2478.5841460583165,55.39818335709106,-21.41585394168351,59.39358146565504,-0.3688845299859571,8.07711154370918,False,0.0,11.546746719155104,0.0,0.0,0.0,11.546746719155104
2403.7311422775297,2534.3539538269083,53.73114227752967,34.35395382690831,63.77483668336191,0.5688644553272751,8.898568983415316,False,0.0,11.233203573641841,0.0,0.0,0.0,11.233203573641841
2363.6591090055476,2552.9275294112917,13.659109005547634,52.927529411291744,54.66163763013861,1.3182351117601214,6.972755085726021,False,0.0,11.99881686094659,0.0,0.0,0.0,11.99881686094659
2377.683593361366,2544.6127730332078,27.683593361366093,44.61277303320776,52.504103259745165,1.0154173786369889,4.6311928435534355,False,0.0,12.197404194066555,0.0,0.0,0.0,12.197404194066555
2308.838405548946,2532.225707858063,-41.16159445105404,32.22570785806283,52.275932365728835,2.4773614079602573,4.855384572433877,False,0.0,12.317124078838631,0.0,0.0,0.0,12.317124078838631
2329.7054565234926,2532.7178407360507,-20.294543476507442,32.717840736050675,38.500981771240944,2.1260013725488096,1.272533283672601,False,0.0,13.707041234631536,0.0,0.0,0.0,13.707041234631536
2322.7410456378116,2532.0195780187037,-27.258954362188433,32.01957801870367,42.051206515577206,2.2760570747889655,1.6373385187675922,False,0.0,13.290149082785728,0.0,0.0,0.0,13.290149082785728
2308.945111863266,2519.472986396187,-41.05488813673401,19.472986396187025,45.438981492830884,2.6987026257548012,3.1023176534354207,False,0.0,12.969240348877891,0.0,0.0,0.0,12.969240348877891
2362.770786380254,2460.9665670862164,12.770786380253867,-39.0334329137836,41.069476132584434,-1.2545979425592688,1.4310127206463221,False,0.0,13.327757627546667,0.0,0.0,0.0,13.327757627546667
2379.221064599331,2535.7973137177178,29.22106459933093,35.79731371771777,46.209504279130456,0.8861998211140049,3.28892469308812,False,0.0,12.780053661929212,0.0,0.0,0.0,12.780053661929212
2391.2223649679795,2459.159517273354,41.2223649679795,-40.84048272664586,58.027824385365015,-0.7807446631169175,7.0008735496467125,False,0.0,11.656691765285503,0.0,0.0,0.0,11.656691765285503
2333.8874044171816,2460.944172062393,-16.112595582818358,-39.055827937606864,42.24894593131775,-1.962077123772095,1.5667938609203702,False,0.0,13.234683176193935,0.0,0.0,0.0,13.234683176193935
2294.5747653343997,2530.209092463937,-55.42523466560033,30.20909246393694,63.12325962140704,2.642563773188775,7.041347209285959,False,0.0,11.517760373585121,0.0,0.0,0.0,11.517760373585121
2331.250010535063,2541.0497856573816,-18.74998946493679,41.04978565738156,45.12922564649442,1.9992594317461003,3.1764316591534225,False,0.0,12.946228797752783,0.0,0.0,0.0,12.946228797752783
2395.597528393433,2538.055943104413,45.597528393433095,38.05594310441302,59.39182941412276,0.695488530429362,8.307230466650253,False,0.0,11.565639748412469,0.0,0.0,0.0,11.565639748412469
2290.4892357236704,2462.8908543070597,-59.51076427632961,-37.109145692940274,70.13287216999412,-2.584022091027012,10.704728167836947,False,0.0,10.928871599423864,0.0,0.0,0.0,10.928871599423864
2356.6307178996753,2460.314167409247,6.630717899675346,-39.68583259075285,40.23595069445155,-1.4052452938063993,1.4538019147717023,False,0.0,13.42549447716051,0.0,0.0,0.0,13.42549447716051
2305.183780392616,2531.6929307083433,-44.81621960738403,31.692930708343283,54.89021221293575,2.526067160644639,6.231923432643271,False,0.0,12.108797587897325,0.0,0.0,0.0,12.108797587897325
2392.2845408132803,2517.181504187784,42.28454081328027,17.181504187783958,45.64193771023315,0.3859518770531284,3.1383036487977733,False,0.0,12.79614264115104,0.0,0.0,0.0,12.79614264115104
2282.565051498837,2484.651736466924,-67.43494850116303,-15.348263533076079,69.15953638389476,-2.917803899640816,15.826904767185624,False,0.0,11.00383836301431,0.0,0.0,0.0,11.00383836301431
2406.0101191361687,2456.748802189822,56.01011913616867,-43.25119781017793,70.7658078288021,-0.6575604345238643,17.80225621182035,False,0.0,10.712903365924538,0.0,0.0,0.0,10.712903365924538
2418.4063007320165,2514.315618271356,68.40630073201646,14.315618271356016,69.8881886038711,0.20629617015872562,16.044882848618727,False,0.0,10.829765602026052,0.0,0.0,0.0,10.829765602026052
2399.1793380143513,2523.9913386006574,49.17933801435129,23.9913386006574,54.719207006143755,0.45386728603966126,6.977140422583034,False,0.0,11.953514452125145,0.0,0.0,0.0,11.953514452125145
2409.2029861134065,2533.8368122263873,59.202986113406496,33.83681222638734,68.19034701765345,0.5192293150118609,16.20690021122573,False,0.0,10.90208007477929,0.0,0.0,0.0,10.90208007477929
2356.3134539069233,2556.2500173183703,6.313453906923314,56.25001731837028,56.603216768588354,1.459024965645471,6.726114452823822,False,0.0,11.851466386289427,0.0,0.0,0.0,11.851466386289427
2309.627678163195,2516.7549903042677,-40.372321836804986,16.75499030426772,43.71102916416709,2.7482124184304184,1.7124262754796291,False,0.0,13.14893132833187,0.0,0.0,0.0,13.14893132833187
2390.71841091513,2536.9221516368975,40.71841091512988,36.922151636897524,54.96575542054728,0.7365417643455886,7.685246835520047,False,0.0,11.939904811881467,0.0,0.0,0.0,11.939904811881467
2372.682304924579,2467.6952170223835,22.682304924579057,-32.30478297761647,39.4725975826583,-0.9586392008553188,1.3171398599597524,False,0.0,13.486758686784045,0.0,0.0,0.0,13.486758686784045
2319.599168679575,2474.8430436853946,-30.400831320424913,-25.156956314605395,39.45989097790176,-2.4503016511547746,1.2424538399845915,False,0.0,13.608679207303636,0.0,0.0,0.0,13.608679207303636
2383.0824454157973,2476.922036009999,33.08244541579734,-23.07796399000108,40.336591534399595,-0.6091062942510912,1.385964578775706,False,0.0,13.33628682526378,0.0,0.0,0.0,13.33628682526378
2301.7562387506628,2482.8032863716894,-48.24376124933724,-17.19671362831059,51.217062187294346,-2.7991791908375454,4.187029600966071,False,0.0,12.398439612827048,0.0,0.0,0.0,12.398439612827048
2327.4117727672387,2537.422150624266,-22.588227232761255,37.42215062426612,43.71092960420905,2.1138629347226265,1.575657127600607,False,0.0,13.111123342624662,0.0,0.0,0.0,13.111123342624662
2389.175477607579,2490.295132923035,39.17547760757907,-9.704867076965002,40.35966415573212,-0.242839274564077,1.9760229568637442,False,0.0,13.370762806209413,0.0,0.0,0.0,13.370762806209413
2364.2111215563064,2462.2506994749992,14.211121556306352,-37.74930052500076,40.33566245910606,-1.2107458100509239,1.3152973020241916,False,0.0,13.397004622413931,0.0,0.0,0.0,13.397004622413931
2303.1280386812405,2494.7493721868705,-46.87196131875953,-5.25062781312954,47.165133841634535,-3.0300370703422486,3.1762674365513703,False,0.0,12.774565037059945,0.0,0.0,0.0,12.774565037059945
2304.380116593095,2501.8794454015992,-45.619883406905046,1.8794454015992414,45.658581636721955,3.1004179939083283,2.851499785847409,False,0.0,12.93700841533619,0.0,0.0,0.0,12.93700841533619
2292.4825651677934,2522.7346050490105,-57.51743483220662,22.734605049010497,61.84753492590977,2.7651751842242276,11.18723549013248,False,0.0,11.5775305406709,0.0,0.0,0.0,11.5775305406709
2305.1740164516295,2478.4801990995024,-44.82598354837046,-21.519800900497557,49.723944250992744,-2.6940123254668973,3.344844850302252,False,0.0,12.522615869081905,0.0,0.0,0.0,12.522615869081905
2334.675231035135,2538.221123885561,-15.324768964865143,38.221123885561155,41.17891274550492,1.952121611637633,1.4132933482951557,False,0.0,13.37910474913874,0.0,0.0,0.0,13.37910474913874
2321.288278756801,2452.661861990178,-28.71172124319901,-47.33813800982216,55.36481054771284,-2.1159991503071094,6.344021817324574,False,0.0,11.978722418749259,0.0,0.0,0.0,11.978722418749259
2301.6037567255034,2494.291462864007,-48.396243274496555,-5.708537135993083,48.73175309094949,-3.024181033301594,3.4171186317553293,False,0.0,12.622939054360545,0.0,0.0,0.0,12.622939054360545
2394.5082625915466,2499.7510144422904,44.508262591546554,-0.2489855577096023,44.50895901642736,-0.0055940840188786764,1.6441597132788957,False,0.0,12.922811431140339,0.0,0.0,0.0,12.922811431140339
2319.747925901682,2473.8088274423153,-30.25207409831819,-26.191172557684695,40.01456618778405,-2.428017367564585,1.1823074930707662,False,0.0,13.533418572554034,0.0,0.0,0.0,13.533418572554034
2370.1576474745793,2539.0481223797083,20.157647474579335,39.048122379708275,43.944130587486754,1.0942525129603538,2.3317680348723115,False,0.0,13.00820061439164,0.0,0.0,0.0,13.00820061439164
2303.321102231022,2524.724578610262,-46.678897768978004,24.724578610262142,52.82257362512482,2.654488949655026,5.393753100052436,False,0.0,12.293943963867061,0.0,0.0,0.0,12.293943963867061
2400.0692868035862,2547.7279337767254,50.06928680358624,47.72793377672542,69.17289312740405,0.7614618404795549,12.53686155743344,False,0.0,10.871064603005804,0.0,0.0,0.0,10.871064603005804
2390.875164413592,2552.67386277705,40.87516441359185,52.67386277705009,66.67319465642598,0.9108588793582572,12.33023727629552,False,0.0,11.048124048786386,0.0,0.0,0.0,11.048124048786386
2290.022066470897,2538.311741998658,-59.97793352910321,38.31174199865791,71.16981161555263,2.5731568314788715,15.924595851813137,False,0.0,10.89492521765317,0.0,0.0,0.0,10.89492521765317
2318.0673669769835,2462.931339376239,-31.93263302301648,-37.068660623760934,48.92625728810867,-2.2818977119698305,3.0387663162919125,False,0.0,12.57676333735948,0.0,0.0,0.0,12.57676333735948
2387.436440823881,2521.7652639471116,37.436440823881185,21.765263947111634,43.30373905619924,0.526625102867724,2.173055694822324,False,0.0,13.059414834109194,0.0,0.0,0.0,13.059414834109194
2331.0766619634614,2542.696252277337,-18.923338036538553,42.69625227733695,46.701848796114135,1.9879880296210413,3.383379172604691,False,0.0,12.784602508246271,0.0,0.0,0.0,12.784602508246271
2310.077906536015,2505.570617637013,-39.92209346398522,5.570617637013129,40.308874052805955,3.002950632204637,1.3591620827114639,False,0.0,13.508432836339843,0.0,0.0,0.0,13.508432836339843
2348.7951335028797,2567.690997775722,-1.2048664971202925,67.69099777572183,67.70171994232244,1.5885939559915192,13.81436798838513,False,0.0,11.074717854769117,0.0,0.0,0.0,11.074717854769117
2381.713643313011,2531.817524832007,31.713643313010834,31.817524832007166,44.92337986639328,0.7870332887925736,2.356678955611642,False,0.0,12.91114547356247,0.0,0.0,0.0,12.91114547356247
2297.5340071519295,2527.3414758334225,-52.46599284807053,27.341475833422464,59.16279833039858,2.661186193355801,7.48596386066356,False,0.0,11.807414282946745,0.0,0.0,0.0,11.807414282946745
2299.284141113812,2537.6450398182574,-50.715858886188016,37.645039818257374,63.16048895854052,2.503054849694223,9.775484494424745,False,0.0,11.47810028562607,0.0,0.0,0.0,11.47810028562607
2326.347774457828,2537.0719033167497,-23.65222554217189,37.07190331674974,43.9744674626562,2.1386961204297856,2.190428824785272,False,0.0,13.084658215472013,0.0,0.0,0.0,13.084658215472013
2364.3924208616604,2555.118856054467,14.392420861660412,55.11885605446696,56.96692084896468,1.315383121458679,7.75905517924366,False,0.0,11.809133540230237,0.0,0.0,0.0,11.809133540230237
2314.980630069354,2458.1788299535438,-35.01936993064601,-41.821170046456245,54.5469204849737,-2.2679062246977995,5.721991762015023,False,0.0,12.05874199402603,0.0,0.0,0.0,12.05874199402603
2396.7652716270495,2501.481365182241,46.765271627049515,1.4813651822410066,46.788728056604384,0.03166601962999974,2.5640737997896395,False,0.0,12.697523431088692,0.0,0.0,0.0,12.697523431088692
2299.452145388212,2516.9986071598773,-50.5478546117879,16.998607159877338,53.32952513599085,2.8171857896142076,6.305042461061021,False,0.0,12.256822702424863,0.0,0.0,0.0,12.256822702424863
2303.373687904013,2476.209443870166,-46.62631209598703,-23.79055612983393,52.34504313341585,-2.669787551072508,5.018117499417713,False,0.0,12.268748664143727,0.0,0.0,0.0,12.268748664143727
2373.2804467400706,2553.457852390545,23.2804467400706,53.45785239054521,58.30712806018304,1.1600728499578548,5.921367394761546,False,0.0,11.7015867161038,0.0,0.0,0.0,11.7015867161038
2372.537667877356,2551.378111235504,22.537667877355943,51.37811123550409,56.10398192176589,1.1574102840959937,6.04969779782823,False,0.0,11.880490792239561,0.0,0.0,0.0,11.880490792239561
2315.9508375882283,2465.1205554036387,-34.049162411771704,-34.87944459636128,48.74342126168252,-2.3441495342948553,2.884320298227067,False,0.0,12.602021484542309,0.0,0.0,0.0,12.602021484542309
2368.7252413685615,2454.7385118717225,18.725241368561456,-45.261488128277506,48.98200661362386,-1.178525042796211,3.2843456905247876,False,0.0,12.492097508238647,0.0,0.0,0.0,12.492097508238647
2316.8553906801203,2478.0318281030623,-33.14460931987969,-21.968171896937747,39.76387435173868,-2.556273328027848,1.3412036793147308,False,0.0,13.56178362856665,0.0,0.0,0.0,13.56178362856665
2380.9713056286214,2475.3400800970035,30.971305628621394,-24.659919902996535,39.58956203298642,-0.6724307618745905,1.1686349458550467,False,0.0,13.420766017356254,0.0,0.0,0.0,13.420766017356254
2390.316344234408,2482.3987329029414,40.31634423440801,-17.601267097058553,43.99104699651146,-0.41163709931200065,3.1173167245551667,False,0.0,12.941833992906183,0.0,0.0,0.0,12.941833992906183
2301.6785808698482,2528.642236350022,-48.32141913015175,28.642236350021903,56.17238867880119,2.606525452455885,6.780727690466392,False,0.0,12.018859232517764,0.0,0.0,0.0,12.018859232517764
2384.7419014921056,2440.1413728368766,34.741901492105626,-59.8586271631234,69.21022298144246,-1.04491384487469,14.832551902462,False,0.0,10.847763976206151,0.0,0.0,0.0,10.847763976206151
2381.2284892042085,2545.168050610497,31.228489204208472,45.168050610497176,54.91239690570608,0.9658760240890066,6.365965697706997,False,0.0,11.985841690551865,0.0,0.0,0.0,11.985841690551865
2304.1229394500115,2489.817541059359,-45.87706054998853,-10.182458940641027,46.99347991780513,-2.9231821922956605,2.848022251934708,False,0.0,12.795107798293275,0.0,0.0,0.0,12.795107798293275
2379.4634484315297,2475.555774078368,29.46344843152974,-24.444225921632096,38.283351138389165,-0.6925580700877405,1.1853243777804892,False,0.0,13.589662868795733,0.0,0.0,0.0,13.589662868795733
2328.2037495693976,2535.672327511228,-21.796250430602413,35.672327511228104,41.80420412951139,2.1192741818047236,1.4915374209758738,False,0.0,13.313111769507776,0.0,0.0,0.0,13.313111769507776
2294.5223612590103,2459.223101629424,-55.47763874098973,-40.776898370575964,68.85146215586163,-2.5077511056825603,15.25044353123485,False,0.0,10.983224941404368,0.0,0.0,0.0,10.983224941404368
2317.917854493548,2466.7499772646047,-32.08214550645198,-33.250022735395305,46.20419972471617,-2.3383204032697886,2.836762548495244,False,0.0,12.850736960806655,0.0,0.0,0.0,12.850736960806655
2390.477945772498,2492.1737194831526,40.47794577249806,-7.826280516847419,41.22759707634777,-0.1909901258577205,1.3225480235109899,False,0.0,13.271857590594351,0.0,0.0,0.0,13.271857590594351
2342.995672039064,2453.6735120805024,-7.004327960935825,-46.326487919497595,46.853005166581404,-1.7208546596466194,2.736842615603564,False,0.0,12.744421238489892,0.0,0.0,0.0,12.744421238489892
2340.187760161341,2542.9163427726376,-9.812239838659025,42.91634277263756,44.02377230122252,1.795569278096122,1.8872098654865113,False,0.0,13.049840699351147,0.0,0.0,0.0,13.049840699351147
2355.0315614462716,2553.068783303297,5.031561446271553,53.068783303297096,53.30677604094915,1.476266828553172,4.3475986023886435,False,0.0,12.128028014410118,0.0,0.0,0.0,12.128028014410118
2391.8172904453204,2482.910185121535,41.817290445320396,-17.08981487846495,45.17463395278911,-0.3879651228538998,3.735093097918252,False,0.0,12.825764246066269,0.0,0.0,0.0,12.825764246066269
2308.51076545719,2504.775506944304,-41.48923454281021,4.7755069443041975,41.76316618173739,3.0269946484296115,1.5453085853546327,False,0.0,13.343505731039366,0.0,0.0,0.0,13.343505731039366
2308.9984165944475,2505.7448116361475,-41.00158340555254,5.74481163614746,41.402085726413546,3.00238691985187,1.3998061132638213,False,0.0,13.383611147874463,0.0,0.0,0.0,13.383611147874463
2357.5359022746684,2441.6864805360933,7.535902274668388,-58.31351946390669,58.7984385452605,-1.4422778219253958,6.861401256347108,False,0.0,11.651421234579296,0.0,0.0,0.0,11.651421234579296
2315.0717234101344,2525.4772534241456,-34.92827658986562,25.4772534241456,43.232799441816084,2.5113957996678304,1.5293347406304747,False,0.0,13.221422095109613,0.0,0.0,0.0,13.221422095109613
2321.563341344818,2533.5801217068815,-28.436658655181873,33.58012170688153,44.003046818604574,2.27344723410196,1.3654862264993426,False,0.0,13.08098782631794,0.0,0.0,0.0,13.08098782631794
2319.30118935319,2550.9660411909076,-30.698810646810216,50.96604119090762,59.49751532460831,2.1129335650830128,8.171504121381588,False,0.0,11.691040112906645,0.0,0.0,0.0,11.691040112906645
2386.7297983212725,2480.589595413496,36.72979832127248,-19.410404586503773,41.54325325408589,-0.4861592660303348,1.380790266556005,False,0.0,13.205478718458174,0.0,0.0,0.0,13.205478718458174
2371.4810102927945,2555.0187494865327,21.481010292794508,55.01874948653267,59.063496326080994,1.1985664460256888,7.5180367046541505,False,0.0,11.632060776657566,0.0,0.0,0.0,11.632060776657566
2378.1108419510465,2533.555207073205,28.110841951046496,33.55520707320511,43.77409458712299,0.873457722532783,1.5326040984009524,False,0.0,13.036680239635688,0.0,0.0,0.0,13.036680239635688
2363.89769892266,2461.2042559277593,13.897698922659856,-38.79574407224072,41.20989921685931,-1.2268108509923057,1.2231156968205141,False,0.0,13.285639279344485,0.0,0.0,0.0,13.285639279344485
2334.844023075795,2552.996300300516,-15.155976924204879,52.99630030051594,55.1208806358307,1.8493432853632679,7.9578891590008425,False,0.0,12.001004586458375,0.0,0.0,0.0,12.001004586458375
2329.182567530041,2561.0094417313726,-20.81743246995893,61.00944173137259,64.46330332068818,1.899624936677272,11.400419687109661,False,0.0,11.292903264389956,0.0,0.0,0.0,11.292903264389956
2281.672745144145,2490.697804837813,-68.32725485585479,-9.302195162187218,68.95755644577577,-3.006282737034573,14.103589672892667,False,0.0,11.029941927710428,0.0,0.0,0.0,11.029941927710428
2310.4678095050904,2519.1892650965,-39.53219049490963,19.189265096500094,43.943395183685794,2.689686158890944,2.6176972744406157,False,0.0,13.125512574872758,0.0,0.0,0.0,13.125512574872758
2317.885298240473,2531.518468708308,-32.11470175952718,31.518468708307864,44.99742146856818,2.3655640626839896,2.241622255162895,False,0.0,12.999846328734266,0.0,0.0,0.0,12.999846328734266
2304.491050686228,2503.3062032173752,-45.508949313772064,3.3062032173752414,45.6288882985117,3.0690705462475942,2.950123887733753,False,0.0,12.937742644402052,0.0,0.0,0.0,12.937742644402052
2380.5107059804736,2529.0791961389405,30.51070598047363,29.07919613894046,42.148580373648166,0.7613800912733116,1.3039848008911576,False,0.0,13.206269171530769,0.0,0.0,0.0,13.206269171530769
2367.2775569648243,2432.035267045346,17.27755696482427,-67.96473295465421,70.12644936306278,-1.3218559052735572,15.21478810112967,False,0.0,10.852077539098538,0.0,0.0,0.0,10.852077539098538
2397.0434147795,2503.9774072683904,47.043414779499926,3.9774072683903796,47.21125546619913,0.08434699100321406,3.1396792680038743,False,0.0,12.654988859269112,0.0,0.0,0.0,12.654988859269112
2326.04797232193,2530.2235059730124,-23.952027678069953,30.22350597301238,38.56371277758074,2.240945289306544,1.2164142387680386,False,0.0,13.711119831468105,0.0,0.0,0.0,13.711119831468105
2394.4117249078868,2501.2112811475563,44.411724907886764,1.2112811475562921,44.42824002042209,0.0272671448919682,2.160015907866182,False,0.0,12.942563940987897,0.0,0.0,0.0,12.942563940987897
2360.3347897014987,2555.9823428877685,10.334789701498721,55.98234288776848,56.92829343461726,1.3882435916503895,7.080326331530159,False,0.0,11.815782201550439,0.0,0.0,0.0,11.815782201550439
2289.590715859753,2468.1182529405355,-60.40928414024711,-31.881747059464487,68.30613007557069,-2.6559826101666353,13.794620625381867,False,0.0,11.048026515430637,0.0,0.0,0.0,11.048026515430637
2310.1263038860598,2539.45091793856,-39.87369611394024,39.450917938559996,56.09176916430652,2.361524162165679,5.154968619788633,False,0.0,11.9891289843319,0.0,0.0,0.0,11.9891289843319
2387.572399644305,2487.5479467555356,37.572399644304824,-12.452053244464423,39.5820520568898,-0.32002297600158675,1.4634726589174534,False,0.0,13.472699038879625,0.0,0.0,0.0,13.472699038879625
2376.88280728833,2464.786158444737,26.882807288329786,-35.213841555263116,44.30236974226833,-0.9187641736334229,2.9158606490673264,False,0.0,12.923895713233556,0.0,0.0,0.0,12.923895713233556
2392.703233521184,2457.4102729959036,42.70323352118385,-42.5897270040964,60.311284180062174,-0.784067380066886,5.8010541624180405,False,0.0,11.466661846168147,0.0,0.0,0.0,11.466661846168147
2311.49800482729,2543.205206720762,-38.50199517270994,43.20520672076191,57.87135319018512,2.298696163642146,9.457928694713019,False,0.0,11.832820885192348,0.0,0.0,0.0,11.832820885192348
2341.5893624582695,2544.7451973224283,-8.410637541730466,44.74519732242834,45.5287986584471,1.7565957459787684,2.2576393361305236,False,0.0,12.892617194108464,0.0,0.0,0.0,12.892617194108464
2375.922605224487,2539.7231448308444,25.922605224487143,39.723144830844376,47.433213014478014,0.9926082049017186,2.532216682115859,False,0.0,12.658828781517865,0.0,0.0,0.0,12.658828781517865
2393.2164385054048,2513.722148325273,43.21643850540477,13.722148325272883,45.342672084386706,0.3074530520403548,2.618011148466394,False,0.0,12.822117985930905,0.0,0.0,0.0,12.822117985930905
2319.7526441629943,2468.378599364302,-30.24735583700567,-31.621400635698137,43.75860501997032,-2.333989114940114,2.0819216168156345,False,0.0,13.099250058852697,0.0,0.0,0.0,13.099250058852697
2338.1102296918266,2542.6768955324264,-11.88977030817341,42.67689553242644,44.30219012945931,1.8425060609049047,2.0793196593558605,False,0.0,13.020945603593544,0.0,0.0,0.0,13.020945603593544
2316.261193589336,2563.658658416291,-33.73880641066398,63.65865841629102,72.04673378702383,2.0581514411395796,13.888896106427637,False,0.0,10.820297041040662,0.0,0.0,0.0,10.820297041040662
2316.056546446874,2524.788935688119,-33.94345355312589,24.78893568811918,42.03152830510596,2.5108186105068793,1.207254434037452,False,0.0,13.350029011296984,0.0,0.0,0.0,13.350029011296984
2314.1834651546746,2524.8174043247013,-35.81653484532535,24.81740432470133,43.57439300486134,2.535645299073544,2.079980770633483,False,0.0,13.173150631263084,0.0,0.0,0.0,13.173150631263084
2318.9197525718555,2433.6353173466746,-31.080247428144503,-66.36468265332542,73.28200927834385,-2.008784482746979,17.309251876200506,False,0.0,10.693040012513972,0.0,0.0,0.0,10.693040012513972
2378.5254348418525,2475.04065098938,28.52543484185253,-24.959349010619917,37.90342380248396,-0.7188219289954209,1.2479768393923223,False,0.0,13.672093631825513,0.0,0.0,0.0,13.672093631825513
2398.286537567024,2475.967836356697,48.28653756702397,-24.032163643303193,53.936394017306355,-0.46180515148214285,4.43252759475763,False,0.0,12.009308423208822,0.0,0.0,0.0,12.009308423208822
2299.9571183872704,2506.9193698568442,-50.042881612729616,6.919369856844241,50.51898335597696,3.004195021842528,2.968795369615691,False,0.0,12.518304593804118,0.0,0.0,0.0,12.518304593804118
2325.361685184625,2538.104137697097,-24.638314815374997,38.10413769709703,45.37589521520053,2.1447809943436167,2.8770922289850205,False,0.0,12.946279026998353,0.0,0.0,0.0,12.946279026998353
2373.473040665796,2434.564482536913,23.473040665795907,-65.43551746308685,69.51827517825836,-1.2263741923061393,14.661663547265562,False,0.0,10.879100815508183,0.0,0.0,0.0,10.879100815508183
2321.2666142726976,2431.3076293895033,-28.733385727302448,-68.69237061049671,74.4597155208357,-1.9669705135175957,16.081989822832384,False,0.0,10.631258807264173,0.0,0.0,0.0,10.631258807264173
2315.8540056323113,2454.3544604119174,-34.14599436768867,-45.645539588082556,57.004071921621865,-2.21306018578628,6.179391256781855,False,0.0,11.85023700142694,0.0,0.0,0.0,11.85023700142694
2313.0789244632974,2475.0624553155326,-36.921075536702574,-24.93754468446741,44.55386575457517,-2.547548706996427,2.4051459325992255,False,0.0,13.020935220909145,0.0,0.0,0.0,13.020935220909145
2391.182620783418,2478.66647859659,41.18262078341786,-21.333521403410032,46.38024784388883,-0.47796138287172,2.619350793009289,False,0.0,12.710184866788609,0.0,0.0,0.0,12.710184866788609
2338.173561242765,2460.1941585432555,-11.826438757234882,-39.805841456744474,41.525530312785946,-1.8595932972332285,1.1316772564273379,False,0.0,13.302472935711565,0.0,0.0,0.0,13.302472935711565
2352.249937387406,2568.62143822333,2.249937387406135,68.62143822333019,68.65831342296117,1.5380203938791952,11.795827227373593,False,0.0,10.99109318897949,0.0,0.0,0.0,10.99109318897949
2394.253921497357,2509.4305571796226,44.25392149735717,9.43055717962261,45.247596362816694,0.20996040500411015,1.976823618495473,False,0.0,12.838998476100496,0.0,0.0,0.0,12.838998476100496
2369.70783615172,2429.4308794715803,19.70783615172013,-70.56912052841972,73.26936316044842,-1.2984647088254768,16.441311060347743,False,0.0,10.64853829155094,0.0,0.0,0.0,10.64853829155094
2315.592370989572,2463.863520766277,-34.40762901042808,-36.136479233723094,49.897194966536475,-2.3316920296910983,2.5106185679892405,False,0.0,12.493843239954515,0.0,0.0,0.0,12.493843239954515
2399.1432548674566,2550.9308555603525,49.14325486745656,50.930855560352484,70.77437069361535,0.8032590326405091,12.783622961704168,False,0.0,10.751173795507158,0.0,0.0,0.0,10.751173795507158
2391.296871554978,2480.082936350022,41.296871554978225,-19.91706364997799,45.84889338539856,-0.4493794060933008,2.438416362380849,False,0.0,12.748735586444296,0.0,0.0,0.0,12.748735586444296
2388.706986148233,2521.235144228378,38.70698614823323,21.235144228377976,44.1493162696721,0.5017774824197213,2.9047653303780976,False,0.0,12.964913996686526,0.0,0.0,0.0,12.964913996686526
2377.003172448407,2552.207556713604,27.003172448406985,52.207556713603935,58.77754928782398,1.0934620694644064,7.151796403696608,False,0.0,11.661198994998454,0.0,0.0,0.0,11.661198994998454
2314.999117768473,2466.223047589323,-35.00088223152716,-33.77695241067704,48.640973172196865,-2.373988022877634,2.6770843147583037,False,0.0,12.619856702045574,0.0,0.0,0.0,12.619856702045574
2313.616920680112,2541.9045997350554,-36.38307931988811,41.9045997350554,55.495260516124034,2.285782485304538,6.793523652326257,False,0.0,12.031446182594573,0.0,0.0,0.0,12.031446182594573
2379.779510742476,2476.603580858325,29.77951074247585,-23.39641914167487,37.870987427239925,-0.6659325309473779,1.1508295294465825,False,0.0,13.6737074224303,0.0,0.0,0.0,13.6737074224303
2311.279674549431,2516.794040014534,-38.72032545056891,16.794040014533948,42.205489962891576,2.7323536710255243,1.032237218689147,False,0.0,13.317512261764048,0.0,0.0,0.0,13.317512261764048
2392.2789341458247,2455.0724047987183,42.27893414582468,-44.92759520128175,61.69276362003257,-0.8157611085147535,6.453625288950207,False,0.0,11.376826613466395,0.0,0.0,0.0,11.376826613466395
2302.4939661522862,2490.040642316326,-47.50603384771375,-9.95935768367417,48.53876860213374,-2.9349413923614476,3.3207543813614393,False,0.0,12.647469015514336,0.0,0.0,0.0,12.647469015514336
2367.313341310426,2541.768157013445,17.31334131042604,41.768157013445034,45.214275706142885,1.177843785617737,2.365054230902018,False,0.0,12.87069708780262,0.0,0.0,0.0,12.87069708780262
2346.735935560639,2555.125965890064,-3.2640644393609364,55.12596589006398,55.22251562521213,1.62993829098574,6.087736004171347,False,0.0,11.982846298690951,0.0,0.0,0.0,11.982846298690951
2401.2178037561584,2533.1400762511585,51.217803756158446,33.14007625115846,61.004328334446534,0.5742930551295243,6.7338781253529305,False,0.0,11.454032056720985,0.0,0.0,0.0,11.454032056720985
2374.3109790246817,2461.5799458766405,24.31097902468173,-38.42005412335948,45.46563823350978,-1.0066305586708355,3.3166000991450346,False,0.0,12.81151277926877,0.0,0.0,0.0,12.81151277926877
2364.179634754256,2459.222966882133,14.179634754255858,-40.77703311786718,43.17207976991307,-1.236140022991802,2.5313723653307534,False,0.0,13.060632365142716,0.0,0.0,0.0,13.060632365142716
2401.0524768062614,2492.917987462098,51.05247680626144,-7.082012537901846,51.54134543879177,-0.1378405761628387,4.542256048865056,False,0.0,12.228397913328585,0.0,0.0,0.0,12.228397913328585
2407.905674215981,2524.221476309123,57.90567421598098,24.221476309122863,62.7674041282633,0.3961751611900013,5.511224043444599,False,0.0,11.33628276345919,0.0,0.0,0.0,11.33628276345919
2308.2771492215466,2512.5374009288344,-41.72285077845345,12.537400928834359,43.56584326202616,2.8496841472615264,2.6279022997946413,False,0.0,13.163313428428852,0.0,0.0,0.0,13.163313428428852
2327.930606668383,2538.461193721778,-22.069393331616993,38.46119372177782,44.34322433619078,2.0917353560526566,1.7708889125788119,False,0.0,13.0423659190712,0.0,0.0,0.0,13.0423659190712
2420.5000789359538,2508.992634207791,70.50007893595375,8.99263420779107,71.07129237583094,0.1268698438038178,11.435441561792686,False,0.0,10.767869210994196,0.0,0.0,0.0,10.767869210994196
2379.1912491157022,2529.98975622929,29.19124911570225,29.989756229289924,41.851099192580605,0.7988899697279499,1.2108472431700648,False,0.0,13.245695944738465,0.0,0.0,0.0,13.245695944738465
2313.5275237438677,2460.1406373061623,-36.47247625613227,-39.85936269383774,54.0278661304797,-2.3118530140050675,5.763921602856499,False,0.0,12.101775368559762,0.0,0.0,0.0,12.101775368559762
2301.6677780497234,2507.3230053262328,-48.33222195027656,7.32300532623276,48.88384278735489,2.991222410929167,2.5128407665072245,False,0.0,12.658032191137211,0.0,0.0,0.0,12.658032191137211
2358.6786543328826,2459.736791792486,8.678654332882616,-40.2632082075138,41.187922698180216,-1.3584964300618658,1.1994087835719256,False,0.0,13.323888247967664,0.0,0.0,0.0,13.323888247967664
2377.5361930014997,2534.4103960621715,27.53619300149967,34.41039606217146,44.07172883120589,0.8959158338563427,1.7900937585591237,False,0.0,12.998972376063923,0.0,0.0,0.0,12.998972376063923
2355.325245401487,2458.9100270351987,5.325245401486882,-41.08997296480129,41.433610955770654,-1.4419150564774854,1.220569151871132,False,0.0,13.270605592483781,0.0,0.0,0.0,13.270605592483781
2331.5000728419413,2466.1942872404866,-18.499927158058654,-33.805712759513426,38.536651645313,-2.07152009037502,1.1182515461805451,False,0.0,13.659841061828498,0.0,0.0,0.0,13.659841061828498
2353.850909883618,2543.2615721056577,3.8509098836179874,43.261572105657706,43.43262745891351,1.482015758589247,2.4655067654845197,False,0.0,13.081629955498245,0.0,0.0,0.0,13.081629955498245
2391.725789058916,2533.219902692522,41.72578905891578,33.21990269252183,53.33482359106248,0.6723877323980137,4.08032928929515,False,0.0,12.075978294708584,0.0,0.0,0.0,12.075978294708584
2318.516010093432,2541.7247056045767,-31.483989906567786,41.724705604576684,52.2703805058415,2.21721244743276,3.703803146147038,False,0.0,12.305211460042745,0.0,0.0,0.0,12.305211460042745
2341.210146260711,2543.372004318657,-8.789853739288901,43.37200431865722,44.25372625413267,1.7707501114948063,2.155831425027827,False,0.0,13.029039119313964,0.0,0.0,0.0,13.029039119313964
2339.844358120779,2550.608480822216,-10.155641879221093,50.608480822215824,51.61739428827821,1.76883675674525,5.379779889454767,False,0.0,12.289565086582087,0.0,0.0,0.0,12.289565086582087
2279.245512969144,2493.6528260936643,-70.75448703085613,-6.347173906335684,71.03860958378097,-3.052125116804859,13.981645326617581,False,0.0,10.910835142949123,0.0,0.0,0.0,10.910835142949123
2300.6669281699587,2518.617271063897,-49.33307183004126,18.61727106389708,52.729069383544314,2.780737815713146,5.394814378449155,False,0.0,12.30014479870749,0.0,0.0,0.0,12.30014479870749
2382.2942541285156,2476.3462110019627,32.294254128515604,-23.65378899803727,40.03024586085896,-0.6321714011790694,1.1345228887730627,False,0.0,13.36727277987982,0.0,0.0,0.0,13.36727277987982
2391.778961169171,2461.3808469707888,41.778961169171,-38.61915302921125,56.89394147946452,-0.746116362493194,7.135541284863393,False,0.0,11.733808557897309,0.0,0.0,0.0,11.733808557897309
2351.4500018247077,2563.6380979950454,1.4500018247076696,63.63809799504543,63.65461508577882,1.5480151466527103,9.517675723879393,False,0.0,11.340380201573417,0.0,0.0,0.0,11.340380201573417
2380.2088021737745,2534.4283647018183,30.20880217377453,34.42836470181828,45.80266394889769,0.850586413690579,2.915448210120303,False,0.0,12.821065198430311,0.0,0.0,0.0,12.821065198430311
2329.6087516848147,2543.411852230972,-20.391248315185294,43.41185223097182,47.96240112812618,2.009924700420917,3.146524119418018,False,0.0,12.664134300552517,0.0,0.0,0.0,12.664134300552517
2316.6516319262605,2458.590934427638,-33.34836807373949,-41.409065572362124,53.167888473756356,-2.2487847666367378,4.068194072563529,False,0.0,12.180544950487334,0.0,0.0,0.0,12.180544950487334
2358.253385941944,2552.814932776983,8.253385941944089,52.814932776982914,53.45592112894421,1.4157801281701823,4.873744252289725,False,0.0,12.09746877842398,0.0,0.0,0.0,12.09746877842398
2331.7597030762554,2561.9927949852413,-18.24029692374461,61.99279498524129,64.62054674752083,1.8569535016337442,11.648094413259969,False,0.0,11.271163856476898,0.0,0.0,0.0,11.271163856476898
2390.4528509196043,2549.577677978094,40.452850919604316,49.577677978094016,63.987337038068084,0.8864058313202949,11.462898530655366,False,0.0,11.247628655505961,0.0,0.0,0.0,11.247628655505961
2407.3334523329054,2528.253745219049,57.33345233290538,28.25374521904905,63.91712505512486,0.45786850919755684,8.959578529551436,False,0.0,11.242199764755386,0.0,0.0,0.0,11.242199764755386
2294.027177966081,2466.019574524765,-55.972822033918874,-33.980425475234824,65.47996733290833,-2.5959777226206486,8.548143430677555,False,0.0,11.237660897504554,0.0,0.0,0.0,11.237660897504554
2327.0451608504827,2467.6810588115927,-22.954839149517284,-32.31894118840728,39.64137484901274,-2.1883748109914234,1.3437039310779255,False,0.0,13.532823059846786,0.0,0.0,0.0,13.532823059846786
2344.4981310421376,2453.9414485019824,-5.501868957862371,-46.05855149801755,46.385997112544906,-1.689686770820675,2.583420171970374,False,0.0,12.789529202175741,0.0,0.0,0.0,12.789529202175741
2342.310548879968,2542.7022545466293,-7.689451120032118,42.70225454662932,43.38905624569965,1.7489583408565255,2.1714312894556542,False,0.0,13.117977649285336,0.0,0.0,0.0,13.117977649285336
2337.2217924335932,2563.614724777967,-12.778207566406763,63.614724777966785,64.88540511691852,1.7690270429399968,10.424678244698043,False,0.0,11.251232765732219,0.0,0.0,0.0,11.251232765732219
2303.009902707738,2521.485236200613,-46.99009729226191,21.485236200613144,51.66899087588587,2.71274335822971,4.093603136405363,False,0.0,12.395337085394724,0.0,0.0,0.0,12.395337085394724
2290.6690138148265,2477.4366914126317,-59.330986185173515,-22.563308587368283,63.47652177076228,-2.7781874325340694,7.542539443160422,False,0.0,11.389439983434807,0.0,0.0,0.0,11.389439983434807
2307.6245657123236,2529.042528318714,-42.3754342876764,29.042528318714176,51.372618019841035,2.540758299653774,4.832815306056773,False,0.0,12.401900472474392,0.0,0.0,0.0,12.401900472474392
2321.768303687483,2543.2364243482116,-28.231696312517215,43.236424348211585,51.63736115547368,2.149250236813494,4.2992120500395,False,0.0,12.34805726844183,0.0,0.0,0.0,12.34805726844183
2316.6708578786456,2528.30516455621,-33.32914212135438,28.305164556210002,43.72658293417822,2.4375273552451917,2.2403627987973778,False,0.0,13.147630967711384,0.0,0.0,0.0,13.147630967711384
2306.857112167107,2503.612345116048,-43.14288783289294,3.6123451160478908,43.293854157362986,3.0580577080639872,2.0616250903794935,False,0.0,13.17907034147628,0.0,0.0,0.0,13.17907034147628
2291.1438460352606,2470.686524762815,-58.856153964739406,-29.313475237184775,65.75200901875284,-2.6795039773132867,11.818842152119032,False,0.0,11.219159281221344,0.0,0.0,0.0,11.219159281221344
2311.871662603611,2536.3044560879844,-38.128337396388815,36.30445608798436,52.64773161739494,2.38069332081556,4.679659542809532,False,0.0,12.271689280750142,0.0,0.0,0.0,12.271689280750142
2381.7239464674153,2541.7943945239763,31.723946467415317,41.79439452397628,52.47075559864953,0.921529679995978,4.4531564799945045,False,0.0,12.192437400730222,0.0,0.0,0.0,12.192437400730222
2405.313596226903,2469.5192934081424,55.31359622690297,-30.480706591857597,63.15589760182153,-0.5036510672311812,8.084481810001307,False,0.0,11.255551293325539,0.0,0.0,0.0,11.255551293325539
2390.53749966917,2515.4430918901267,40.53749966916985,15.443091890126652,43.3794648025404,0.3639840161898212,2.0366232671212856,False,0.0,13.027369715950284,0.0,0.0,0.0,13.027369715950284
2372.8968370584134,2536.828432074019,22.89683705841344,36.82843207401902,43.36586856400051,1.0145617989575206,2.298879960852446,False,0.0,13.07836416828791,0.0,0.0,0.0,13.07836416828791
2390.900159295998,2491.303786752976,40.90015929599804,-8.696213247023934,41.814437163206314,-0.20950070558892953,1.4443674363724313,False,0.0,13.200023021044196,0.0,0.0,0.0,13.200023021044196
2314.935846365926,2538.261026713882,-35.064153634074046,38.261026713882075,51.89798681330853,2.312623512321024,4.61843104458859,False,0.0,12.335308381299306,0.0,0.0,0.0,12.335308381299306
2383.590955292972,2539.1700141994693,33.59095529297201,39.17001419946928,51.60079737640756,0.8619249567704153,3.8603688870962287,False,0.0,12.255925912217304,0.0,0.0,0.0,12.255925912217304
2399.0081359026776,2486.143047391199,49.00813590267762,-13.856952608800839,50.92948576471072,-0.2755551040576335,3.7835063929751414,False,0.0,12.275208587379952,0.0,0.0,0.0,12.275208587379952
2350.5273519840634,2551.5223661551504,0.5273519840634435,51.522366155150394,51.525064913500906,1.5605612850286728,5.433926009861352,False,0.0,12.283919110503613,0.0,0.0,0.0,12.283919110503613
2356.4402619088955,2550.1293444770577,6.440261908895536,50.12934447705766,50.54135090353919,1.4430233426540677,3.893019048914539,False,0.0,12.361129764239676,0.0,0.0,0.0,12.361129764239676
2284.6443147904424,2497.874542435586,-65.35568520955758,-2.125457564413864,65.39023749053759,-3.1090827241274286,8.956613699690934,False,0.0,11.311021987724967,0.0,0.0,0.0,11.311021987724967
2358.24447123427,2435.062905500811,8.244471234269895,-64.93709449918879,65.4583649958451,-1.4445110792050517,10.41360240073709,False,0.0,11.160137835726829,0.0,0.0,0.0,11.160137835726829
2363.375007544233,2436.738119947035,13.375007544233085,-63.2618800529649,64.66031468098504,-1.3624417621059213,9.008061082432505,False,0.0,11.210569759191456,0.0,0.0,0.0,11.210569759191456
2362.409909301325,2549.135971518917,12.409909301325115,49.135971518916904,50.67888658973211,1.3234072517871305,4.075349345774157,False,0.0,12.341718813209738,0.0,0.0,0.0,12.341718813209738
2287.942637422741,2515.674216782201,-62.05736257725903,15.674216782200801,64.00622877330623,2.8941907452430207,8.987230499998986,False,0.0,11.41925309654971,0.0,0.0,0.0,11.41925309654971
2371.2640354622476,2547.592364270894,21.264035462247648,47.592364270893995,52.126695090262466,1.1506107867419553,3.9608270920739415,False,0.0,12.20293669493356,0.0,0.0,0.0,12.20293669493356
2285.100736350321,2511.579542320703,-64.89926364967914,11.579542320702785,65.92420058390933,2.9650273293605327,9.880900709882553,False,0.0,11.291451939518014,0.0,0.0,0.0,11.291451939518014
2374.287915130589,2545.5252629813162,24.287915130589226,45.525262981316246,51.59895726571137,1.0807060485742022,5.824197035740326,False,0.0,12.252817500946875,0.0,0.0,0.0,12.252817500946875
2383.8953660742977,2445.3194356637337,33.895366074297726,-54.68056433626634,64.33397203222583,-1.015887576853009,10.03161474534636,False,0.0,11.19668472094638,0.0,0.0,0.0,11.19668472094638
2373.2922442400986,2439.6708736162846,23.292244240098626,-60.32912638371545,64.66940646057236,-1.202341831802539,8.655077040567448,False,0.0,11.204097490677636,0.0,0.0,0.0,11.204097490677636
2381.314360086986,2444.548543438894,31.3143600869862,-55.45145656110617,63.682440141735135,-1.0567246063550082,9.009648501512856,False,0.0,11.249201362015055,0.0,0.0,0.0,11.249201362015055
2368.252235273443,2548.181437268377,18.252235273443148,48.18143726837707,51.52276186040182,1.2086782294086724,4.256127781743771,False,0.0,12.263911076665945,0.0,0.0,0.0,12.263911076665945
2365.8958190568333,2437.39744273123,15.895819056833261,-62.60255726876994,64.58914181251524,-1.322135004066641,9.06685186397226,False,0.0,11.219632368303683,0.0,0.0,0.0,11.219632368303683
2370.836248167467,2438.9361294026176,20.836248167467147,-61.06387059738245,64.52089219803263,-1.2419641427031742,8.631194400340974,False,0.0,11.21992235672563,0.0,0.0,0.0,11.21992235672563
2365.305172092438,2548.484583301568,15.30517209243817,48.48458330156791,50.842925866887576,1.265025279617989,3.353676379917033,False,0.0,12.330000152385484,0.0,0.0,0.0,12.330000152385484
2359.4149790544584,2549.7173364634077,9.4149790544584,49.71733646340772,50.600942437978176,1.3836423630169778,4.383782447715248,False,0.0,12.348035678962534,0.0,0.0,0.0,12.348035678962534
2287.551429058704,2481.8780919678825,-62.44857094129611,-18.121908032117517,65.02482267053574,-2.859160611611768,11.888448021885779,False,0.0,11.279047033397875,0.0,0.0,0.0,11.279047033397875
2351.657585764516,2435.370891010191,1.6575857645161705,-64.62910898980908,64.65036209785177,-1.5451542828462683,8.684098288504174,False,0.0,11.228377204209323,0.0,0.0,0.0,11.228377204209323
2354.050493404877,2436.385330455484,4.050493404877216,-63.61466954451589,63.74349126052723,-1.5072098470997648,8.283688999651531,False,0.0,11.2821972598534,0.0,0.0,0.0,11.2821972598534
2409.844549063237,2477.8251941036488,59.84454906323708,-22.174805896351245,63.82078085641889,-0.35485490968293915,9.230408465633445,False,0.0,11.211740921628262,0.0,0.0,0.0,11.211740921628262
2349.893108241187,2448.287613766323,-0.1068917588131626,-51.71238623367708,51.712496708523915,-1.5728633674859376,4.339775079108676,False,0.0,12.26324109268049,0.0,0.0,0.0,12.26324109268049
2408.8597974824693,2472.4019901784154,58.859797482469276,-27.598009821584583,65.00866023684519,-0.43844073994692395,11.556471919738215,False,0.0,11.123037375944055,0.0,0.0,0.0,11.123037375944055
2353.4849235304955,2550.6221564558887,3.4849235304955073,50.62215645588867,50.74196898286341,1.5020629080039207,3.778267457119,False,0.0,12.349349286277343,0.0,0.0,0.0,12.349349286277343
2344.431292920627,2542.786610817799,-5.568707079372871,42.7866108177991,43.14747459364987,1.7002195172963919,1.6401698632003168,False,0.0,13.139170099190979,0.0,0.0,0.0,13.139170099190979
2347.473724158914,2551.79387643841,-2.5262758410858623,51.793876438409825,51.85545011030681,1.6195332718824238,4.012779236949427,False,0.0,12.266601368148898,0.0,0.0,0.0,12.266601368148898
2403.8517987982673,2461.7728515075787,53.85179879826728,-38.22714849242129,66.04037489044629,-0.6173117027804953,11.739393333440603,False,0.0,11.032215200259358,0.0,0.0,0.0,11.032215200259358
2291.9320177283316,2475.186819110938,-58.06798227166837,-24.813180889062096,63.14732386203004,-2.7377648390110294,7.1540044119519735,False,0.0,11.414621251115811,0.0,0.0,0.0,11.414621251115811
2404.7657785834626,2467.032647927679,54.765778583462634,-32.967352072320864,63.922897356997304,-0.5418667217472819,8.795810832018105,False,0.0,11.192352534833125,0.0,0.0,0.0,11.192352534833125
2397.7719495074275,2480.9883691433192,47.77194950742751,-19.011630856680767,51.41596315903165,-0.3787520468829855,4.594036170270556,False,0.0,12.232012553575482,0.0,0.0,0.0,12.232012553575482
2398.2845155184245,2482.6881591666497,48.28451551842454,-17.31184083335029,51.294193354494176,-0.34426084681078956,4.7041252814779,False,0.0,12.235174736959634,0.0,0.0,0.0,12.235174736959634
2366.7397910448276,2551.1298487103772,16.739791044827598,51.129848710377246,53.80039064328953,1.2543973884043282,4.991736574887909,False,0.0,12.073323901468111,0.0,0.0,0.0,12.073323901468111
2333.357224031123,2436.8961479508384,-16.642775968876776,-63.10385204916156,65.26161303088281,-1.828660901295859,10.315842064148,False,0.0,11.161533707318103,0.0,0.0,0.0,11.161533707318103
2412.845085066849,2514.699866623187,62.84508506684915,14.699866623187063,64.54138823885798,0.2297753268351082,11.840737344922672,False,0.0,11.198134209319004,0.0,0.0,0.0,11.198134209319004
2321.6979281386825,2557.2560664648972,-28.302071861317472,57.25606646489723,63.86911944497049,2.0298791362711337,10.338871948023261,False,0.0,11.351996925384746,0.0,0.0,0.0,11.351996925384746
2396.478705147049,2521.4436256169515,46.47870514704891,21.443625616951522,51.18690371321839,0.43226437261838635,5.0220268355478765,False,0.0,12.261485332617548,0.0,0.0,0.0,12.261485332617548
2397.33984699483,2518.511086942926,47.33984699483017,18.511086942925886,50.83032021640717,0.372745871133381,3.838244693809429,False,0.0,12.30251156780407,0.0,0.0,0.0,12.30251156780407
2405.471518086105,2530.0485142842617,55.47151808610488,30.048514284261728,63.08726122973276,0.49644285141051525,9.936734836335745,False,0.0,11.286367460294645,0.0,0.0,0.0,11.286367460294645
2337.7675646123203,2436.0786664301168,-12.232435387679743,-63.921333569883245,65.08125199215242,-1.7598773359408433,8.605591197181184,False,0.0,11.175553967119876,0.0,0.0,0.0,11.175553967119876
2374.6427765418443,2535.6178247098505,24.64277654184434,35.61782470985054,43.31161360135308,0.9655500311117372,1.7799533335619344,False,0.0,13.083781043858515,0.0,0.0,0.0,13.083781043858515
2374.606337884424,2464.4581359659624,24.606337884424192,-35.541864034037644,43.228416152994406,-0.965243446392981,1.9889930319141058,False,0.0,13.0453970172559,0.0,0.0,0.0,13.0453970172559
2321.0784926112756,2456.0653995273246,-28.92150738872442,-43.934600472675356,52.599455399553776,-2.152974069647408,4.574093575280131,False,0.0,12.223043282349481,0.0,0.0,0.0,12.223043282349481
2297.9660990735983,2463.790917803109,-52.03390092640166,-36.209082196890904,63.39262164605424,-2.5336406254124393,9.358161141299206,False,0.0,11.380094590086328,0.0,0.0,0.0,11.380094590086328
2338.5204421253507,2552.163233906848,-11.479557874649345,52.163233906847836,53.41145214856027,1.7874133075686272,6.702072338404832,False,0.0,12.14656173960645,0.0,0.0,0.0,12.14656173960645
2378.7279557576544,2543.0291861573555,28.7279557576544,43.029186157355525,51.73786141094455,0.9821209849342238,3.9466507203183028,False,0.0,12.25859579330913,0.0,0.0,0.0,12.25859579330913
2310.417013879427,2533.3159260990474,-39.58298612057297,33.315926099047374,51.73744989906884,2.441952817919357,4.6398312813335,False,0.0,12.355370736995384,0.0,0.0,0.0,12.355370736995384
2301.052179041411,2521.655098492581,-48.94782095858909,21.655098492581146,53.52412976702642,2.7250668826954425,4.846421617444321,False,0.0,12.228824443233412,0.0,0.0,0.0,12.228824443233412
2305.6508301680806,2529.649733345384,-44.349169831919426,29.649733345383993,53.3474980878467,2.55228584326418,6.1227271305033355,False,0.0,12.233137819650718,0.0,0.0,0.0,12.233137819650718
2320.1933157845474,2544.4257262579663,-29.806684215452606,44.42572625796629,53.498444626619445,2.1617467081974895,4.856493005482662,False,0.0,12.182938885288442,0.0,0.0,0.0,12.182938885288442
2390.858703610496,2516.73680360819,40.85870361049592,16.736803608189803,44.15375698340366,0.38877735222249926,2.540241638911084,False,0.0,12.95045662489643,0.0,0.0,0.0,12.95045662489643
2372.272959159642,2537.969365028115,22.27295915964214,37.969365028115135,44.01996581513143,1.0402854977041007,2.288224561138577,False,0.0,13.006039261274074,0.0,0.0,0.0,13.006039261274074
2400.427035806307,2484.8349655850193,50.427035806306776,-15.16503441498071,52.65799283127012,-0.29212842029169994,4.439862520295719,False,0.0,12.11770119698711,0.0,0.0,0.0,12.11770119698711
2283.290957031856,2509.418019050031,-66.70904296814388,9.418019050031035,67.37058331759057,3.001339049054893,12.850199969015193,False,0.0,11.18475425168894,0.0,0.0,0.0,11.18475425168894
2285.945222100219,2484.6321679520447,-64.05477789978113,-15.36783204795529,65.87248920182424,-2.906126125896742,15.61150807580816,False,0.0,11.226779049930107,0.0,0.0,0.0,11.226779049930107
2286.111687676294,2479.182063483211,-63.88831232370603,-20.817936516788905,67.19451564218959,-2.8265931420253705,12.481952422610448,False,0.0,11.141090349595162,0.0,0.0,0.0,11.141090349595162
2403.1586475592835,2458.8005226554224,53.15864755928351,-41.199477344577645,67.25502764699814,-0.6593279966163423,14.795122735520408,False,0.0,10.941767999678502,0.0,0.0,0.0,10.941767999678502
2330.6312754773203,2435.7875644362352,-19.368724522679713,-64.21243556376476,67.06999605386969,-1.8637525385430327,12.189267471490894,False,0.0,11.049455349491026,0.0,0.0,0.0,11.049455349491026
2415.3437461529534,2512.9302289188995,65.34374615295337,12.930228918899502,66.61077976721751,0.19535639388538253,13.626423959229214,False,0.0,11.04812545388205,0.0,0.0,0.0,11.04812545388205
2318.9285576920256,2558.6200673372846,-31.071442307974394,58.62006733728458,66.34566166469033,2.058192284067012,12.305122847630628,False,0.0,11.182738279964353,0.0,0.0,0.0,11.182738279964353
2396.990452010905,2523.4052787734727,46.990452010904846,23.405278773472673,52.496758515675246,0.4621151090178869,6.0583950049158375,False,0.0,12.146113026633516,0.0,0.0,0.0,12.146113026633516
2406.0393345060434,2532.9088329231577,56.03933450604336,32.90883292315766,64.98767803395138,0.5309882139068342,12.604756084117525,False,0.0,11.143103188785663,0.0,0.0,0.0,11.143103188785663
2341.6093102126392,2551.1118539132317,-8.39068978736077,51.1118539132317,51.79599681013252,1.7335082961183137,4.24087525223149,False,0.0,12.290333939760684,0.0,0.0,0.0,12.290333939760684
2361.5180192840244,2552.3475574392714,11.518019284024376,52.34755743927144,53.599734496403805,1.354217658039223,5.223607127374635,False,0.0,12.082591587759715,0.0,0.0,0.0,12.082591587759715
2350.1479143060455,2459.6966336001988,0.1479143060455499,-40.303366399801234,40.303637823384626,-1.5671263196671024,1.3683079905476916,False,0.0,13.426322609784563,0.0,0.0,0.0,13.426322609784563
2400.4315294817184,2491.1980596731228,50.43152948171837,-8.80194032687723,51.19387970630217,-0.17279201082592602,4.169951305207633,False,0.0,12.245880229545262,0.0,0.0,0.0,12.245880229545262
2399.406009443714,2487.8373505146205,49.40600944371408,-12.162649485379461,50.88107518180572,-0.24137782340171957,3.9132492501585148,False,0.0,12.270862555281884,0.0,0.0,0.0,12.270862555281884
2305.34076174622,2475.7088917160895,-44.65923825378013,-24.29110828391049,50.83803205345938,-2.64342841243352,3.8219271884890986,False,0.0,12.41222781486275,0.0,0.0,0.0,12.41222781486275
2308.913959728336,2513.648125552029,-41.08604027166393,13.648125552028887,43.293579619716525,2.8208768479265105,1.9435503556251206,False,0.0,13.201132432806915,0.0,0.0,0.0,13.201132432806915
2280.085664800031,2509.506572235637,-69.91433519996917,9.506572235637123,70.55770108305,3.0064469152093225,15.706969108625344,False,0.0,10.96745876428379,0.0,0.0,0.0,10.96745876428379
2329.950258924875,2432.4845782218486,-20.049741075124984,-67.51542177815145,70.42956974922707,-1.8594667215818488,13.869917863005412,False,0.0,10.824439792321709,0.0,0.0,0.0,10.824439792321709
2324.049373451031,2454.6920065117383,-25.950626548969012,-45.30799348826167,52.21349722261876,-2.090945893370998,3.997393185212786,False,0.0,12.250921484090284,0.0,0.0,0.0,12.250921484090284
2316.6570668693475,2530.5692828887513,-33.342933130652455,30.56928288875133,45.23529867357644,2.3995650867656457,2.49562374688594,False,0.0,12.974842476504303,0.0,0.0,0.0,12.974842476504303
2368.793857587888,2538.9779079529612,18.793857587887942,38.97790795296123,43.27223580338011,1.121516695095098,2.1030319607102683,False,0.0,13.08714511810341,0.0,0.0,0.0,13.08714511810341
2307.7797445740475,2515.565746629825,-42.22025542595247,15.565746629824844,44.99824925901643,2.788374642318397,2.284135300473281,False,0.0,13.019667497030667,0.0,0.0,0.0,13.019667497030667
2286.6695520940375,2489.584831516415,-63.3304479059625,-10.415168483585148,64.18116052636704,-2.978594181915396,8.776931011907436,False,0.0,11.370654327867731,0.0,0.0,0.0,11.370654327867731
2304.2739897506776,2493.615113861051,-45.72601024932237,-6.3848861389487865,46.16963054139024,-3.0028561143647057,2.725090106035168,False,0.0,12.871121926352153,0.0,0.0,0.0,12.871121926352153
2280.4682070393824,2496.033889202844,-69.53179296061762,-3.966110797156034,69.64481507745937,-3.0846141457770497,11.270481870945787,False,0.0,11.00243846681943,0.0,0.0,0.0,11.00243846681943
2407.7102624877916,2522.0722612143954,57.710262487791624,22.07226121439544,61.78720831633611,0.36530080958004707,4.606978722586064,False,0.0,11.42715185531794,0.0,0.0,0.0,11.42715185531794
2383.882887377447,2474.2847902862263,33.88288737744688,-25.715209713773675,42.536126617924545,-0.649200655893852,1.5598136123617223,False,0.0,13.07421771537806,0.0,0.0,0.0,13.07421771537806
2299.7933337121235,2456.656770721283,-50.20666628787649,-43.34322927871699,66.32755735024186,-2.4294298698538155,12.625629117862445,False,0.0,11.152635199725324,0.0,0.0,0.0,11.152635199725324
2379.4758563254345,2529.0281833834747,29.475856325434506,29.028183383474698,41.36981431747421,0.7777463122270643,1.2133455565881377,False,0.0,13.29112083957949,0.0,0.0,0.0,13.29112083957949
2398.1989823894664,2477.816201204009,48.19898238946644,-22.18379879599115,53.05905042875451,-0.4313487776239269,3.735930469552841,False,0.0,12.092065137336176,0.0,0.0,0.0,12.092065137336176
2319.3552997939764,2459.082833903146,-30.644700206023572,-40.91716609685409,51.1205646693638,-2.2136217878103275,3.0195476457065524,False,0.0,12.359802389470035,0.0,0.0,0.0,12.359802389470035
2318.4391983064647,2529.5800581756243,-31.560801693535268,29.580058175624345,43.25579782193341,2.3885795598591435,1.6094240809320581,False,0.0,13.19153663490313,0.0,0.0,0.0,13.19153663490313
2364.451592368909,2431.6980726364986,14.451592368909132,-68.30192736350136,69.81405161975724,-1.3622875577129796,12.046593914352343,False,0.0,10.869877658232602,0.0,0.0,0.0,10.869877658232602
2392.389130686419,2509.263589549852,42.389130686418866,9.263589549851986,43.38954357559462,0.21515432971744541,1.6822025087003567,False,0.0,13.018155465076843,0.0,0.0,0.0,13.018155465076843
2361.459722168033,2542.611046199956,11.45972216803284,42.611046199956036,44.12512312077204,1.3080747586413872,2.956091963194922,False,0.0,12.98127309866426,0.0,0.0,0.0,12.98127309866426
2306.642844303751,2535.0237142385236,-43.35715569624881,35.02371423852355,55.73601626534245,2.462116414439066,6.0740232138693955,False,0.0,12.025036555738335,0.0,0.0,0.0,12.025036555738335
2373.7046903185073,2550.050879931992,23.704690318507346,50.05087993199186,55.38052839277539,1.1284811975297442,4.771675032815438,False,0.0,11.931774879972433,0.0,0.0,0.0,11.931774879972433
2390.038054152179,2532.742256497702,40.03805415217903,32.742256497701874,51.721379920243045,0.6854878211276355,3.4080443683460544,False,0.0,12.230573115000771,0.0,0.0,0.0,12.230573115000771
2318.99072543135,2456.1853981428285,-31.0092745686502,-43.81460185717151,53.6776903860104,-2.186696964275418,5.305689252207685,False,0.0,12.12438597198117,0.0,0.0,0.0,12.12438597198117
2305.5267394891976,2503.977439567114,-44.47326051080245,3.9774395671138336,44.65076624170903,3.052395558722862,2.51091317330156,False,0.0,13.030520780167045,0.0,0.0,0.0,13.030520780167045
2378.217541374432,2441.2892315874556,28.21754137443213,-58.71076841254444,65.13972650241337,-1.1227729617191862,8.429098119366245,False,0.0,11.157703803957967,0.0,0.0,0.0,11.157703803957967
2318.534383800286,2464.308801915053,-31.465616199714077,-35.69119808494679,47.58094811546549,-2.2933562110812376,2.9835281302857766,False,0.0,12.703377079354192,0.0,0.0,0.0,12.703377079354192
2397.8471250141874,2513.299953202295,47.84712501418744,13.299953202295,49.66121351020853,0.2711231186416794,3.4705620047171806,False,0.0,12.430883889445758,0.0,0.0,0.0,12.430883889445758
2377.468135788552,2529.341778250826,27.46813578855199,29.341778250825882,40.19251714708808,0.818367119460259,1.1892304395280462,False,0.0,13.425611600517605,0.0,0.0,0.0,13.425611600517605
2335.2305313775773,2537.2863769609744,-14.769468622422664,37.286376960974394,40.10500106301719,1.9479438794373973,1.090191394841895,False,0.0,13.49717591667821,0.0,0.0,0.0,13.49717591667821
2302.76106885583,2456.969412143999,-47.23893114416978,-43.03058785600115,63.8995157014249,-2.4027805194203418,10.806387506881947,False,0.0,11.323368539209849,0.0,0.0,0.0,11.323368539209849
2422.2881666602884,2506.4395141968876,72.28816666028843,6.439514196887558,72.57441961323254,0.08884664873719236,11.293286448335493,False,0.0,10.66280920070906,0.0,0.0,0.0,10.66280920070906
2379.8790849196816,2473.8814017974787,29.879084919681645,-26.118598202521298,39.68552491403252,-0.718344512944222,1.2642382742969858,False,0.0,13.414676392360837,0.0,0.0,0.0,13.414676392360837
2385.021762798128,2480.119283776756,35.02176279812784,-19.88071622324378,40.27116520585765,-0.516306244929801,1.1646657306364432,False,0.0,13.344289814924661,0.0,0.0,0.0,13.344289814924661
2364.827638588374,2551.412530040338,14.827638588374157,51.41253004033797,53.508009785975936,1.2900106570692385,5.018439952155859,False,0.0,12.09529209933999,0.0,0.0,0.0,12.09529209933999
2370.4586392204537,2550.744428772351,20.458639220453733,50.74442877235106,54.71337103656562,1.1875600483230815,5.392802792694283,False,0.0,11.987493910272637,0.0,0.0,0.0,11.987493910272637
2414.8958885251454,2464.8700117594108,64.89588852514544,-35.12998824058923,73.79425737313196,-0.4961611928101732,17.56561844040698,False,0.0,10.538669623484562,0.0,0.0,0.0,10.538669623484562
2413.2259008322258,2462.234725911087,63.22590083222576,-37.765274088912975,73.64598063069816,-0.5384370113850905,13.070344408803066,False,0.0,10.524097141498745,0.0,0.0,0.0,10.524097141498745
2305.5003916894143,2505.358692520302,-44.4996083105857,5.3586925203021565,44.82109687772813,3.0217486096869512,2.211303261841749,False,0.0,13.021072644492149,0.0,0.0,0.0,13.021072644492149
2392.475282261327,2531.516127964644,42.47528226132681,31.516127964644056,52.89060337208494,0.6383533477504308,3.788237336499151,False,0.0,12.125209480321988,0.0,0.0,0.0,12.125209480321988
2319.163804362551,2452.6694780803573,-30.836195637448782,-47.330521919642706,56.48937304110211,-2.148230654920373,5.652554151678487,False,0.0,11.882616559833952,0.0,0.0,0.0,11.882616559833952
2303.8957869517194,2492.265115940856,-46.1042130482806,-7.734884059143951,46.74854962680282,-2.9753710720559776,2.604091953231773,False,0.0,12.809656530384192,0.0,0.0,0.0,12.809656530384192
2310.136386894629,2483.7858739962817,-39.86361310537086,-16.21412600371832,43.03493385470867,-2.755289469112141,1.4634396680507962,False,0.0,13.215315441670612,0.0,0.0,0.0,13.215315441670612
2376.6926225672037,2536.3254874851314,26.69262256720367,36.32548748513136,45.078122637789896,0.9370827037176327,2.096794511318649,False,0.0,12.903758376856498,0.0,0.0,0.0,12.903758376856498
2298.0406819073173,2459.1127536163276,-51.95931809268268,-40.88724638367239,66.11760471686578,-2.474885260030815,11.391334312650542,False,0.0,11.176681194597421,0.0,0.0,0.0,11.176681194597421
2357.767915893226,2457.255395485616,7.767915893226018,-42.74460451438381,43.44469740273621,-1.391029571713249,1.7899966332188342,False,0.0,13.058431251316776,0.0,0.0,0.0,13.058431251316776
2377.883318648912,2535.600535503037,27.88331864891188,35.60053550303701,45.22032272087137,0.9063665149778174,2.301270643873977,False,0.0,12.887602086032421,0.0,0.0,0.0,12.887602086032421
2383.7381649155113,2473.0626245935778,33.738164915511334,-26.937375406422234,43.17274563486507,-0.6737794958539514,1.731701725449966,False,0.0,13.024214182004734,0.0,0.0,0.0,13.024214182004734
2307.4831691297995,2504.69356737359,-42.516830870200465,4.693567373590213,42.77511521826285,3.0316446823862373,1.624491837246751,False,0.0,13.233814437060989,0.0,0.0,0.0,13.233814437060989
2309.6898184329552,2515.4780617414012,-40.310181567044765,15.478061741401234,43.17963794705491,2.774977669943505,1.4396665548410965,False,0.0,13.220786509359835,0.0,0.0,0.0,13.220786509359835
2287.9780208780594,2477.0794661494424,-62.0219791219406,-22.920533850557604,66.12168151368348,-2.787604187154518,9.955587788002958,False,0.0,11.20457538358971,0.0,0.0,0.0,11.20457538358971
2318.6071960522727,2543.625676673208,-31.392803947727316,43.62567667320809,53.74670040938082,2.1945523760231214,4.46510271781699,False,0.0,12.172396298941539,0.0,0.0,0.0,12.172396298941539
2400.139657857094,2483.0452990531994,50.13965785709388,-16.954700946800585,52.928698965890675,-0.3260788363768559,5.048607234714382,False,0.0,12.101115338103163,0.0,0.0,0.0,12.101115338103163
2397.4839777449984,2546.174920427887,47.483977744998356,46.17492042788717,66.23331049411023,0.7714222133270825,10.164228367303167,False,0.0,11.06151860216954,0.0,0.0,0.0,11.06151860216954
2299.757896386292,2520.2970280661143,-50.24210361370797,20.297028066114308,54.18706786537909,2.757656141153842,4.7812385105244175,False,0.0,12.198798449573259,0.0,0.0,0.0,12.198798449573259
2366.8706186027252,2539.745336145547,16.870618602725244,39.745336145546844,43.17765066977511,1.1693764754825096,1.5876289718969474,False,0.0,13.09122329964231,0.0,0.0,0.0,13.09122329964231
2304.414926004172,2454.8866772802894,-45.585073995828225,-45.113322719710595,64.13431887856837,-2.361395762089771,8.879682090630013,False,0.0,11.31473334900143,0.0,0.0,0.0,11.31473334900143
2301.977780214956,2502.70693487618,-48.022219785043944,2.706934876180185,48.09845204896876,3.08528385858659,2.3158253386400247,False,0.0,12.71541966289352,0.0,0.0,0.0,12.71541966289352
2302.889710775792,2501.5756417443285,-47.11028922420792,1.57564174432855,47.136631166164086,3.1081593071095184,2.166157861982356,False,0.0,12.79192083409207,0.0,0.0,0.0,12.79192083409207
2319.3200427567144,2467.1101047500165,-30.67995724328557,-32.88989524998351,44.977827715494655,-2.3214445528312226,2.5283217144237824,False,0.0,12.972246574231256,0.0,0.0,0.0,12.972246574231256
2376.2985096269326,2534.4641853694957,26.298509626932628,34.46418536949568,43.35195130303627,0.9189841589399591,1.51642988306412,False,0.0,13.081828114292518,0.0,0.0,0.0,13.081828114292518
2318.492329318306,2460.402803159727,-31.50767068169398,-39.59719684027323,50.60307608627584,-2.2429126139108666,2.7072932459177537,False,0.0,12.416569421802855,0.0,0.0,0.0,12.416569421802855
2381.6935002076734,2524.542611176747,31.693500207673424,24.54261117674696,40.0851308939709,0.6589186286151764,1.1082168980350957,False,0.0,13.442138169700641,0.0,0.0,0.0,13.442138169700641
2393.858735574921,2553.4281011045255,43.858735574920956,53.42810110452547,69.12416852206059,0.8834451558745355,13.37054124692986,False,0.0,10.874659806745596,0.0,0.0,0.0,10.874659806745596
2321.4352861306834,2563.133898395409,-28.56471386931662,63.13389839540878,69.29525239897556,1.9956829335976287,11.298897664199103,False,0.0,10.981855331007427,0.0,0.0,0.0,10.981855331007427
2318.004972272855,2454.6079463657466,-31.995027727145043,-45.39205363425344,55.5348569134352,-2.1847763706646406,5.681412712580823,False,0.0,11.969096870856163,0.0,0.0,0.0,11.969096870856163
2315.4258965200734,2477.1372241809863,-34.574103479926634,-22.862775819013677,41.449670078194245,-2.557336352436676,1.1814942274622808,False,0.0,13.35696407942738,0.0,0.0,0.0,13.35696407942738
2302.844028422634,2503.7779637013937,-47.15597157736602,3.7779637013936735,47.30706781374639,3.0616470719599413,2.911822960814561,False,0.0,12.77198100988251,0.0,0.0,0.0,12.77198100988251
2293.2335269676028,2461.682146703272,-56.76647303239724,-38.31785329672812,68.48861468746072,-2.5478371295165387,10.503797564855631,False,0.0,11.035146042890318,0.0,0.0,0.0,11.035146042890318
2310.3804996578187,2517.2885042213716,-39.619500342181254,17.288504221371568,43.22727363108253,2.7301365165898432,1.094266107864314,False,0.0,13.211279321239642,0.0,0.0,0.0,13.211279321239642
2310.851058206584,2518.140225894666,-39.148941793415815,18.140225894665946,43.14750791243648,2.7076806389998493,1.214435262733332,False,0.0,13.20976500995605,0.0,0.0,0.0,13.20976500995605
2306.442277286958,2539.2908492577453,-43.55772271304204,39.29084925774532,58.66042996212288,2.4076511027887877,6.550179860612161,False,0.0,11.780298789119888,0.0,0.0,0.0,11.780298789119888
2309.5900609163587,2541.7228796041377,-40.40993908364135,41.72287960413769,58.084092996318475,2.340210274346368,6.461670130065613,False,0.0,11.8254372467132,0.0,0.0,0.0,11.8254372467132
2304.8380608113252,2491.1641180994707,-45.16193918867475,-8.83588190052933,46.018187276789355,-2.948384361843358,2.472625375678035,False,0.0,12.883290731608021,0.0,0.0,0.0,12.883290731608021
2317.4929829867438,2549.6544856416417,-32.507017013256245,49.65448564164171,59.34874977146641,2.1504434784286404,6.584625498682726,False,0.0,11.72314989445529,0.0,0.0,0.0,11.72314989445529
2318.7387086795443,2561.5314964427303,-31.26129132045571,61.53149644273026,69.01734122308774,2.040865948885656,13.015190660844041,False,0.0,11.005095990197999,0.0,0.0,0.0,11.005095990197999
2409.725727519084,2467.625163775698,59.7257275190841,-32.374836224301816,67.9359444494168,-0.49672562486383065,10.626383416956742,False,0.0,10.92911409394642,0.0,0.0,0.0,10.92911409394642
2382.0320723698796,2439.675627156857,32.03207236987964,-60.32437284314301,68.30141740277237,-1.0826595625054265,9.025156579544273,False,0.0,10.92674520786435,0.0,0.0,0.0,10.92674520786435
2306.750606261732,2505.672689609902,-43.24939373826783,5.672689609902136,43.61982881830248,3.0111748441441173,1.7029615173760249,False,0.0,13.144805169943124,0.0,0.0,0.0,13.144805169943124
2308.382543528159,2538.179623293236,-41.617456471840796,38.17962329323609,56.47739652284779,2.3992500580794514,5.365737435459778,False,0.0,11.951870998522315,0.0,0.0,0.0,11.951870998522315
2390.199896358094,2480.975105122559,40.199896358094065,-19.024894877441056,44.47446786976981,-0.4420254990871338,2.4525281084042945,False,0.0,12.89585176317168,0.0,0.0,0.0,12.89585176317168
2338.8575551803888,2541.684706750228,-11.142444819611228,41.68470675022809,43.14821958563982,1.8319926589167461,1.2642940922484058,False,0.0,13.145706888374148,0.0,0.0,0.0,13.145706888374148
2339.4443604045964,2433.934897447911,-10.55563959540359,-66.06510255208877,66.90305899199272,-1.729233493937014,9.226783662506932,False,0.0,11.066107155901733,0.0,0.0,0.0,11.066107155901733
2395.9563571494514,2551.0956045500616,45.95635714945138,51.09560455006158,68.72224943047343,0.8383023165536971,11.100773133938674,False,0.0,10.905138228891955,0.0,0.0,0.0,10.905138228891955
2284.8816793698797,2502.3538058745567,-65.11832063012025,2.353805874556656,65.16084778286914,3.105461784241836,7.759179613482047,False,0.0,11.33878437532935,0.0,0.0,0.0,11.33878437532935
2317.4579423904374,2465.393779016044,-32.54205760956256,-34.606220983956064,47.50343192080431,-2.325463790989434,2.769157719744726,False,0.0,12.7241379301628,0.0,0.0,0.0,12.7241379301628
2318.1324382811345,2547.5481577806154,-31.867561718865545,47.548157780615384,57.23957370767186,2.1612525090253567,4.981923430667848,False,0.0,11.885018264382994,0.0,0.0,0.0,11.885018264382994
2329.7801748766183,2536.431778009303,-20.219825123381725,36.43177800930289,41.66672265656688,2.0774741547726436,1.325265975201546,False,0.0,13.319089954039642,0.0,0.0,0.0,13.319089954039642
2357.961722009654,2459.013938351591,7.96172200965384,-40.98606164840885,41.7522007420708,-1.3789314558732133,1.0211653875890079,False,0.0,13.256207091082477,0.0,0.0,0.0,13.256207091082477
2385.9498613958676,2443.318264376963,35.94986139586763,-56.681735623037184,67.12087371021012,-1.0055796223701687,11.546557442719859,False,0.0,11.0035416946671,0.0,0.0,0.0,11.0035416946671
2390.9245895671934,2513.498111599431,40.92458956719338,13.498111599431013,43.093167068503185,0.3185932387548257,1.3811260065149327,False,0.0,13.052753166828854,0.0,0.0,0.0,13.052753166828854
2391.974399959919,2512.8940472736726,41.97439995991908,12.89404727367264,43.910211877090276,0.29803850746468785,1.6429274210744325,False,0.0,12.964498049564448,0.0,0.0,0.0,12.964498049564448
2353.05689506326,2553.763860535141,3.0568950632600718,53.76386053514079,53.85069458298429,1.5139996740344042,4.838610766660167,False,0.0,12.093020730245328,0.0,0.0,0.0,12.093020730245328
2322.2172138470305,2454.4803316600633,-27.782786152969493,-45.51966833993674,53.32844843232806,-2.118789088727252,5.211265238663145,False,0.0,12.148365272697628,0.0,0.0,0.0,12.148365272697628
2314.3402849102845,2461.6995373315326,-35.65971508971552,-38.30046266846739,52.33106840967752,-2.320504659072878,3.864087923699344,False,0.0,12.255934943677019,0.0,0.0,0.0,12.255934943677019
2385.602153479494,2479.268717149369,35.60215347949406,-20.731282850631032,41.1982939089754,-0.5273062400915972,1.129489393445965,False,0.0,13.239989057106238,0.0,0.0,0.0,13.239989057106238
2343.3861548150785,2543.353431320983,-6.613845184921502,43.35343132098296,43.85502200926703,1.72218551865186,1.7989902576491659,False,0.0,13.063381608507841,0.0,0.0,0.0,13.063381608507841
2284.9137310857836,2493.644574710185,-65.08626891421636,-6.355425289814775,65.39582426874138,-3.044255058638771,7.141964078999081,False,0.0,11.295882709923422,0.0,0.0,0.0,11.295882709923422
2329.1160784347853,2537.1244362099537,-20.883921565214678,37.12443620995373,42.59532772322526,2.0832149696142284,1.1126937465587616,False,0.0,13.222060440479178,0.0,0.0,0.0,13.222060440479178
2328.182362984319,2536.7069963420563,-21.817637015681157,36.7069963420563,42.701438680725445,2.1070678421457316,1.0796035252342988,False,0.0,13.215050654318185,0.0,0.0,0.0,13.215050654318185
2397.8186920315457,2520.169660676679,47.81869203154565,20.169660676679086,51.89838648185686,0.3991524191987817,4.360168219407569,False,0.0,12.211820656645482,0.0,0.0,0.0,12.211820656645482
2295.2893255686686,2463.79947585855,-54.71067443133143,-36.20052414144993,65.60286460854314,-2.557055836667955,8.72549869923023,False,0.0,11.224363329752046,0.0,0.0,0.0,11.224363329752046
2408.119479932661,2470.038667409397,58.11947993266085,-29.96133259060298,65.38773125172409,-0.4759806474204347,9.137109649184822,False,0.0,11.100751756038992,0.0,0.0,0.0,11.100751756038992
2290.176515615962,2473.07810916763,-59.82348438403778,-26.92189083237008,65.60211497990949,-2.7187203386583327,9.292745420058054,False,0.0,11.236794336524712,0.0,0.0,0.0,11.236794336524712
2369.9154890220498,2548.78828461403,19.91548902204977,48.78828461403009,52.69652188301416,1.1832390782217577,4.389959527624342,False,0.0,12.158323224537858,0.0,0.0,0.0,12.158323224537858
2366.9046830061993,2549.172356415608,16.90468300619932,49.17235641560819,51.99700898132207,1.239669595563471,3.6960891640937916,False,0.0,12.226713337457884,0.0,0.0,0.0,12.226713337457884
2364.013803550791,2549.6221573743373,14.013803550791181,49.62215737433735,51.56302156045231,1.2955540444095328,3.612937545116438,False,0.0,12.262575814144279,0.0,0.0,0.0,12.262575814144279
2360.0516670489365,2433.2653678687675,10.051667048936451,-66.7346321312325,67.48738501493153,-1.4212986597181712,9.714426946251479,False,0.0,11.032140244936212,0.0,0.0,0.0,11.032140244936212
2362.69610610552,2434.1904670112085,12.696106105519902,-65.80953298879149,67.0230239727025,-1.3802157160462933,9.023408161176121,False,0.0,11.044581294679634,0.0,0.0,0.0,11.044581294679634
2361.0826546173853,2550.3463722128968,11.082654617385288,50.34637221289677,51.55174515346493,1.354123775256993,4.383411138095653,False,0.0,12.266644586602812,0.0,0.0,0.0,12.266644586602812
2358.0777868314003,2550.827321612383,8.077786831400317,50.827321612383,51.465204384925556,1.4131883564372394,4.107202577161843,False,0.0,12.277979343995067,0.0,0.0,0.0,12.277979343995067
2355.79832704758,2434.383120627583,5.798327047580187,-65.61687937241686,65.87256982329599,-1.4826588671849952,8.647888089528351,False,0.0,11.145276052128274,0.0,0.0,0.0,11.145276052128274
2355.1084627844234,2551.2152702259314,5.108462784423409,51.21527022593136,51.469411268587585,1.4713802399084004,3.833123015045203,False,0.0,12.282766365981944,0.0,0.0,0.0,12.282766365981944
2352.149836562926,2552.084905541687,2.149836562925884,52.08490554168702,52.129254574890595,1.5295441269162555,4.860241927552124,False,0.0,12.240551698196397,0.0,0.0,0.0,12.240551698196397
2349.1173307892245,2552.6788418483497,-0.8826692107754752,52.67884184834975,52.68623618573542,1.5875504274903371,4.914708451341539,False,0.0,12.202460741572118,0.0,0.0,0.0,12.202460741572118
2315.0029306947586,2475.3538637320025,-34.99706930524144,-24.646136267997463,42.804519538204985,-2.5280305330507558,1.321997826585175,False,0.0,13.216074004345211,0.0,0.0,0.0,13.216074004345211
2335.294199419121,2435.1434927908044,-14.705800580878986,-64.85650720919557,66.50283526362631,-1.7937697706374265,9.009339486166937,False,0.0,11.0869907307034,0.0,0.0,0.0,11.0869907307034
2374.1446653196017,2536.7330940405263,24.1446653196017,36.73309404052634,43.95776451533595,0.989306352205199,1.996595837195855,False,0.0,13.017859961539743,0.0,0.0,0.0,13.017859961539743
2380.7823060885908,2543.247854664165,30.782306088590758,43.24785466416506,53.08415301372374,0.9522180021335614,5.169080300458518,False,0.0,12.135630633175522,0.0,0.0,0.0,12.135630633175522
2310.2986857239334,2535.2639398815436,-39.70131427606657,35.26393988154359,53.1012223137672,2.4153179179774753,5.243793662719327,False,0.0,12.232331284538674,0.0,0.0,0.0,12.232331284538674
2318.260459896071,2457.7772222333842,-31.739540103928903,-42.22277776661576,52.82197808051052,-2.2153948090095104,3.93761598583842,False,0.0,12.21343650523826,0.0,0.0,0.0,12.21343650523826
2316.6324589684787,2462.7592818398684,-33.36754103152134,-37.240718160131564,50.00263876609527,-2.3013949616206943,2.430847454555078,False,0.0,12.474054671332937,0.0,0.0,0.0,12.474054671332937
2308.8216532391402,2495.317478310512,-41.17834676085977,-4.682521689488112,41.443723907609176,-3.0283658132419218,0.8133645158600302,False,0.0,13.381008078031838,0.0,0.0,0.0,13.381008078031838
2308.0564743271984,2494.7291977752434,-41.94352567280157,-5.270802224756608,42.27340419173104,-3.016583669422444,1.1517670452417406,False,0.0,13.29365055843874,0.0,0.0,0.0,13.29365055843874
2372.9742081018035,2548.2212771257027,22.97420810180347,48.22127712570273,53.41447187362984,1.126179434125128,4.200036805873424,False,0.0,12.08682896627571,0.0,0.0,0.0,12.08682896627571
2308.4399113510153,2536.208050959342,-41.560088648984674,36.20805095934202,55.120449225181154,2.4249065888999883,5.882361655791101,False,0.0,12.064709898274762,0.0,0.0,0.0,12.064709898274762
2380.6590262863297,2442.081626472104,30.659026286329663,-57.918373527896165,65.53254065685807,-1.0839462125897714,8.141221592899,False,0.0,11.118991427659331,0.0,0.0,0.0,11.118991427659331
2409.946882425109,2521.5472735331987,59.946882425108925,21.547273533198677,63.701755935015775,0.34505924083413786,5.535299637703247,False,0.0,11.291085755947494,0.0,0.0,0.0,11.291085755947494
2316.051946384466,2461.4257794893892,-33.94805361553381,-38.57422051061076,51.385219978943184,-2.292491201413093,2.886877531668688,False,0.0,12.350035991456668,0.0,0.0,0.0,12.350035991456668
2317.111660658037,2529.3790011205106,-32.88833934196282,29.379001120510566,44.09953028673957,2.412494142937027,2.229742469925668,False,0.0,13.098544287373867,0.0,0.0,0.0,13.098544287373867
2374.6671239434695,2547.263437383231,24.667123943469505,47.26343738323112,53.313220845500375,1.0897770194282026,5.040365350592538,False,0.0,12.120204587669257,0.0,0.0,0.0,12.120204587669257
2392.97698585516,2500.21862864485,42.97698585515991,0.2186286448500141,42.977541945520386,0.0050870658932535276,0.9552846840433631,False,0.0,13.097792123882115,0.0,0.0,0.0,13.097792123882115
2308.7048454723185,2514.730706318895,-41.29515452768146,14.730706318895045,43.8438535728627,2.798945960114068,1.9750310185791022,False,0.0,13.145559449798137,0.0,0.0,0.0,13.145559449798137
2375.7648628255965,2535.4962396127244,25.764862825596538,35.49623961272437,43.861272018327846,0.9429327366731052,1.6347159038487007,False,0.0,13.024451169203472,0.0,0.0,0.0,13.024451169203472
2374.8760985430713,2537.7362318939336,24.876098543071294,37.736231893933564,45.19782601273343,0.987973865510507,1.9257990903288373,False,0.0,12.887194197756429,0.0,0.0,0.0,12.887194197756429
2283.519404623186,2500.1415202888597,-66.48059537681411,0.14152028885973778,66.48074600700444,3.1394639109952207,8.54627116804295,False,0.0,11.239332378873803,0.0,0.0,0.0,11.239332378873803
2283.4416421149226,2495.670466157739,-66.55835788507738,-4.329533842260844,66.69902448798877,-3.0766354810939722,8.456216619619227,False,0.0,11.213256037905506,0.0,0.0,0.0,11.213256037905506
2356.650798057231,2457.5535654929877,6.650798057230986,-42.44643450701233,42.964321444148915,-1.415373175780776,1.4638943235510737,False,0.0,13.121779337247506,0.0,0.0,0.0,13.121779337247506
2391.260627687098,2514.62282789288,41.260627687097895,14.622827892880196,43.775181241407836,0.3405905737617855,1.650643845051036,False,0.0,12.980524273458052,0.0,0.0,0.0,12.980524273458052
2379.992233272119,2530.6148818036368,29.992233272118938,30.614881803636763,42.85796360654397,0.7956713240034389,1.1390722137230114,False,0.0,13.126765600633222,0.0,0.0,0.0,13.126765600633222
2380.8211728429287,2530.0507202305907,30.821172842928718,30.05072023059074,43.046375942591524,0.7727418874771972,1.2238099290725586,False,0.0,13.10840876981797,0.0,0.0,0.0,13.10840876981797
2368.0893615575897,2539.8818500562247,18.089361557589655,39.88185005622472,43.792544633400716,1.1449744187470536,1.7121351861187577,False,0.0,13.027685976964369,0.0,0.0,0.0,13.027685976964369
2314.046054425518,2463.3100333202683,-35.95394557448208,-36.6899666797317,51.369639451067215,-2.3460629334185996,3.4001348544234133,False,0.0,12.357615410302383,0.0,0.0,0.0,12.357615410302383
2283.4190749439995,2504.5456737237696,-66.58092505600052,4.545673723769596,66.73591784725619,3.0734255222944418,8.213151695978013,False,0.0,11.237116228650244,0.0,0.0,0.0,11.237116228650244
2358.4193852260273,2458.078602837901,8.419385226027316,-41.921397162098856,42.75850310296979,-1.3725956857556172,1.2912384122041658,False,0.0,13.137335180068948,0.0,0.0,0.0,13.137335180068948
2316.9101870749555,2460.2789839381135,-33.0898129250445,-39.72101606188653,51.69811250329251,-2.265370643528593,2.9173865693910557,False,0.0,12.31515257618894,0.0,0.0,0.0,12.31515257618894
2393.4867096059456,2499.3818796465894,43.486709605945634,-0.6181203534106317,43.491102367302034,-0.014213048909198885,1.3200933798138976,False,0.0,13.045245431511157,0.0,0.0,0.0,13.045245431511157
2322.491816756075,2533.009814702485,-27.508183243925032,33.00981470248507,42.969151865888136,2.2655346803191923,1.048980123510205,False,0.0,13.196266394324173,0.0,0.0,0.0,13.196266394324173
2323.310764732395,2533.6276957102214,-26.689235267605,33.62769571022136,42.93177375730952,2.2416645192217075,1.2148194729070383,False,0.0,13.192085126212639,0.0,0.0,0.0,13.192085126212639
2368.484959136674,2541.0348855704146,18.484959136674206,41.034885570414644,45.00617233293161,1.147552139010624,1.9631195540778208,False,0.0,12.901410521396711,0.0,0.0,0.0,12.901410521396711
2383.5765729959526,2541.106857876732,33.576572995952574,41.10685787673219,53.076925482269516,0.8858879278564191,5.427664937553573,False,0.0,12.121758987237811,0.0,0.0,0.0,12.121758987237811
2285.185747417328,2514.578337598558,-64.814252582672,14.578337598557937,66.4335402111609,2.920349718356674,12.533255676415138,False,0.0,11.237422051164742,0.0,0.0,0.0,11.237422051164742
2333.017813017093,2461.7072116333934,-16.982186982907024,-38.2927883666066,41.88952512994315,-1.9882172157566835,2.339619766611577,False,0.0,13.250279257413608,0.0,0.0,0.0,13.250279257413608
2345.6526898939774,2543.1250138149985,-4.347310106022633,43.12501381499851,43.34357993638434,1.6712640821562184,2.0566586156360245,False,0.0,13.092549852649334,0.0,0.0,0.0,13.092549852649334
